entity_id,entity_type,name,raw_name,description,attributes_json,source_doc,dataset_id,ontology_version,confidence,review_status
ABNHZ_00677944214743309f,AbnormalState,搅拌不足,搅拌不足,2.15.1 脱色过程搅拌不足,{},DA线HAZOP分析记录表.xls,HAZOP_DA_H_R_V1,1.5-hazop,1.0000,accepted
ABNHZ_00801300f0b94fe5bd,AbnormalState,排净,排净,1.15.1 排净,{},DA线HAZOP分析记录表.xls,HAZOP_DA_H_R_V1,1.5-hazop,1.0000,accepted
ABNHZ_02741f7e780270005b,AbnormalState,温度过高,温度过高,3.6.1 1#硝化机温度过高,{},H线HAZOP及SIL定级分析 HAZOP记录表.xls,HAZOP_DA_H_R_V1,1.5-hazop,1.0000,accepted
ABNHZ_066c4d362a9d2aab8a,AbnormalState,温度过高,温度过高,2.6.1 脱色釜温度过高,{},DA线HAZOP分析记录表.xls,HAZOP_DA_H_R_V1,1.5-hazop,1.0000,accepted
ABNHZ_074a9def436b73064c,AbnormalState,温度过高,温度过高,1.6.1 硝酸铵输送空气出换热器温度过高,{},H线HAZOP及SIL定级分析 HAZOP记录表.xls,HAZOP_DA_H_R_V1,1.5-hazop,1.0000,accepted
ABNHZ_0853d3daa3bd0ec07d,AbnormalState,吹扫/放空,吹扫/放空,3.14.1 吹扫/放空,{},DA线HAZOP分析记录表.xls,HAZOP_DA_H_R_V1,1.5-hazop,1.0000,accepted
ABNHZ_0d160a5d490a00b58a,AbnormalState,压力过低,压力过低,1.5.1 布袋除尘器差压过低,{},H线HAZOP及SIL定级分析 HAZOP记录表.xls,HAZOP_DA_H_R_V1,1.5-hazop,1.0000,accepted
ABNHZ_0fe5dbb5666bf6931c,AbnormalState,步骤执行不足,步骤执行不足,2.17.1 乌醋溶液配制过程步骤执行不足，未启动搅拌器或搅拌器故障停,{},H线HAZOP及SIL定级分析 HAZOP记录表.xls,HAZOP_DA_H_R_V1,1.5-hazop,1.0000,accepted
ABNHZ_11b1666c5a54331f8e,AbnormalState,公用工程故障,公用工程故障,5.15.1 公用工程故障,{},H线HAZOP及SIL定级分析 HAZOP记录表.xls,HAZOP_DA_H_R_V1,1.5-hazop,1.0000,accepted
ABNHZ_13104573d265c384f6,AbnormalState,液位过高,液位过高,2.8.1 萃取放料后萃取洗涤釜界位过高,{},DA线HAZOP分析记录表.xls,HAZOP_DA_H_R_V1,1.5-hazop,1.0000,accepted
ABNHZ_16ecb35e64a91a39fa,AbnormalState,步骤顺序错误,步骤顺序错误,4.16.1 转晶机程控系统先于粗品HMX加注至蒸馏机,{},H线HAZOP及SIL定级分析 HAZOP记录表.xls,HAZOP_DA_H_R_V1,1.5-hazop,1.0000,accepted
ABNHZ_17b924cf794b285d4f,AbnormalState,温度过低,温度过低,2.7.1 乌洛托品输送空气出换热器温度过低,{},H线HAZOP及SIL定级分析 HAZOP记录表.xls,HAZOP_DA_H_R_V1,1.5-hazop,1.0000,accepted
ABNHZ_1999a1daedcf9c9dd8,AbnormalState,压力过高,压力过高,2.4.1 结晶机压力过高,{},R线 HAZOP分析记录表.xls,HAZOP_DA_H_R_V1,1.5-hazop,1.0000,accepted
ABNHZ_1e18cdc1a3ab00b569,AbnormalState,压力过低,压力过低,1.5.1 硝化机压力过低,{},R线 HAZOP分析记录表.xls,HAZOP_DA_H_R_V1,1.5-hazop,1.0000,accepted
ABNHZ_20015cbbc5c67221e0,AbnormalState,排净,排净,5.14.1 排净,{},H线HAZOP及SIL定级分析 HAZOP记录表.xls,HAZOP_DA_H_R_V1,1.5-hazop,1.0000,accepted
ABNHZ_20e5cc7cf2180549c2,AbnormalState,部分泄漏,部分泄漏,2.17.1 部分泄漏,{},DA线HAZOP分析记录表.xls,HAZOP_DA_H_R_V1,1.5-hazop,1.0000,accepted
ABNHZ_221b0fd07f7f97dc0c,AbnormalState,流量过高,流量过高,1.1.1 乌洛托品加注至硝化机流量过高,{},R线 HAZOP分析记录表.xls,HAZOP_DA_H_R_V1,1.5-hazop,1.0000,accepted
ABNHZ_287a71628ee3c51762,AbnormalState,步骤顺序错误,步骤顺序错误,2.16.1 乌洛托品先于醋酸液加入乌醋配机,{},H线HAZOP及SIL定级分析 HAZOP记录表.xls,HAZOP_DA_H_R_V1,1.5-hazop,1.0000,accepted
ABNHZ_2908f9596c778f7383,AbnormalState,压力过低,压力过低,3.5.1 1#硝化机压力过低,{},H线HAZOP及SIL定级分析 HAZOP记录表.xls,HAZOP_DA_H_R_V1,1.5-hazop,1.0000,accepted
ABNHZ_293e2026fcecf65071,AbnormalState,步骤执行不足,步骤执行不足,4.20.1 步骤执行不足，粗品HMX转晶釜煮洗不彻底,{},H线HAZOP及SIL定级分析 HAZOP记录表.xls,HAZOP_DA_H_R_V1,1.5-hazop,1.0000,accepted
ABNHZ_2a2cd2889074df2c93,AbnormalState,维护/隔离,维护/隔离,3.13.1 维护/隔离,{},DA线HAZOP分析记录表.xls,HAZOP_DA_H_R_V1,1.5-hazop,1.0000,accepted
ABNHZ_2c69f2e1d441998d3e,AbnormalState,吹扫/放空,吹扫/放空,4.13.1 吹扫/放空,{},H线HAZOP及SIL定级分析 HAZOP记录表.xls,HAZOP_DA_H_R_V1,1.5-hazop,1.0000,accepted
ABNHZ_2ee24762f35fc04ac6,AbnormalState,压力过低,压力过低,3.5.1 常压蒸馏塔压力过低,{},DA线HAZOP分析记录表.xls,HAZOP_DA_H_R_V1,1.5-hazop,1.0000,accepted
ABNHZ_3300925465b950301a,AbnormalState,步骤执行不足,步骤执行不足,3.17.1 一段硝化反应阶段，未加注醋酸,{},H线HAZOP及SIL定级分析 HAZOP记录表.xls,HAZOP_DA_H_R_V1,1.5-hazop,1.0000,accepted
ABNHZ_340aaaa6819adf24be,AbnormalState,温度过低,温度过低,1.7.1 硝酸铵输送空气出换热器温度过低,{},H线HAZOP及SIL定级分析 HAZOP记录表.xls,HAZOP_DA_H_R_V1,1.5-hazop,1.0000,accepted
ABNHZ_38705d3e4a1540cf71,AbnormalState,液位过高,液位过高,4.8.1 混合溶剂蒸馏机液位过高,{},H线HAZOP及SIL定级分析 HAZOP记录表.xls,HAZOP_DA_H_R_V1,1.5-hazop,1.0000,accepted
ABNHZ_387e261dbc89ed6475,AbnormalState,液位过低或无液位,液位过低或无液位,4.9.1 混合溶剂蒸馏机液位过低或无液位,{},H线HAZOP及SIL定级分析 HAZOP记录表.xls,HAZOP_DA_H_R_V1,1.5-hazop,1.0000,accepted
ABNHZ_39e7d829f2a8200f99,AbnormalState,杂质,杂质,3.10.1 产品中二氯甲烷含量,{},DA线HAZOP分析记录表.xls,HAZOP_DA_H_R_V1,1.5-hazop,1.0000,accepted
ABNHZ_3a57f036f4ac93dc10,AbnormalState,流量过低或无流量,流量过低或无流量,3.2.1 常压蒸馏塔进料流量过低或无流量,{},DA线HAZOP分析记录表.xls,HAZOP_DA_H_R_V1,1.5-hazop,1.0000,accepted
ABNHZ_3a647eab615c0f5ca6,AbnormalState,流量过低或无流量,流量过低或无流量,1.2.1 合成釜中二甲基亚砜加入量过少,{},DA线HAZOP分析记录表.xls,HAZOP_DA_H_R_V1,1.5-hazop,1.0000,accepted
ABNHZ_3b735254ef5ca5c2d9,AbnormalState,液位过高,液位过高,5.8.1 分离釜液位过高,{},H线HAZOP及SIL定级分析 HAZOP记录表.xls,HAZOP_DA_H_R_V1,1.5-hazop,1.0000,accepted
ABNHZ_3bd0938e2b51338eec,AbnormalState,静电,静电,3.12.1 静电,{},DA线HAZOP分析记录表.xls,HAZOP_DA_H_R_V1,1.5-hazop,1.0000,accepted
ABNHZ_3d1a40364eece7477d,AbnormalState,杂质,杂质,2.10.1 碱洗过程碱液浓度过高,{},DA线HAZOP分析记录表.xls,HAZOP_DA_H_R_V1,1.5-hazop,1.0000,accepted
ABNHZ_3dfff5dff690fceaa2,AbnormalState,压力过高,压力过高,3.4.1 常压蒸馏塔压力过高,{},DA线HAZOP分析记录表.xls,HAZOP_DA_H_R_V1,1.5-hazop,1.0000,accepted
ABNHZ_4160be1fca4a16551c,AbnormalState,压力过高,压力过高,2.4.1 收集槽收料真空度不足,{},DA线HAZOP分析记录表.xls,HAZOP_DA_H_R_V1,1.5-hazop,1.0000,accepted
ABNHZ_42fbb601e985e9335b,AbnormalState,温度过低,温度过低,3.7.1 1#硝化机温度过低,{},H线HAZOP及SIL定级分析 HAZOP记录表.xls,HAZOP_DA_H_R_V1,1.5-hazop,1.0000,accepted
ABNHZ_464d370badb4f1b339,AbnormalState,压力过低,压力过低,1.5.1 合成釜压力过低,{},DA线HAZOP分析记录表.xls,HAZOP_DA_H_R_V1,1.5-hazop,1.0000,accepted
ABNHZ_4760a2846ced0992bc,AbnormalState,遗漏/缺失操作步骤,遗漏/缺失操作步骤,1.16.1 二甲基亚砜加料过程未开启搅拌,{},DA线HAZOP分析记录表.xls,HAZOP_DA_H_R_V1,1.5-hazop,1.0000,accepted
ABNHZ_522b631cdbd77c0a27,AbnormalState,流量过高,流量过高,4.1.1 废水预处理池中亚硝酸钠加入量过多,{},DA线HAZOP分析记录表.xls,HAZOP_DA_H_R_V1,1.5-hazop,1.0000,accepted
ABNHZ_53338ce2f70d127267,AbnormalState,步骤执行不足,步骤执行不足,3.16.1 步骤执行不足,{},R线 HAZOP分析记录表.xls,HAZOP_DA_H_R_V1,1.5-hazop,1.0000,accepted
ABNHZ_576ea3957c5a11f0a9,AbnormalState,杂质,杂质,1.10.1 二甲基亚砜中杂质,{},DA线HAZOP分析记录表.xls,HAZOP_DA_H_R_V1,1.5-hazop,1.0000,accepted
ABNHZ_59aa1641aca9a8d232,AbnormalState,步骤顺序错误,步骤顺序错误,1.16.1 硝酸铵先于硝酸液加入铵硝配机,{},H线HAZOP及SIL定级分析 HAZOP记录表.xls,HAZOP_DA_H_R_V1,1.5-hazop,1.0000,accepted
ABNHZ_5ad4b84f488207fecb,AbnormalState,吹扫/放空,吹扫/放空,5.13.1 吹扫/放空,{},H线HAZOP及SIL定级分析 HAZOP记录表.xls,HAZOP_DA_H_R_V1,1.5-hazop,1.0000,accepted
ABNHZ_5fa7eac393f14997ef,AbnormalState,杂质,杂质,3.10.1 杂质,{},H线HAZOP及SIL定级分析 HAZOP记录表.xls,HAZOP_DA_H_R_V1,1.5-hazop,1.0000,accepted
ABNHZ_604cb385df1cb17f7f,AbnormalState,腐蚀/冲蚀,腐蚀/冲蚀,1.11.1 腐蚀/冲蚀,{},H线HAZOP及SIL定级分析 HAZOP记录表.xls,HAZOP_DA_H_R_V1,1.5-hazop,1.0000,accepted
ABNHZ_610b36cf7fd97d8165,AbnormalState,温度过低,温度过低,3.7.1 常压蒸馏塔温度过低,{},DA线HAZOP分析记录表.xls,HAZOP_DA_H_R_V1,1.5-hazop,1.0000,accepted
ABNHZ_622fbf261cf6804693,AbnormalState,公用工程故障,公用工程故障,4.15.1 公用工程故障,{},H线HAZOP及SIL定级分析 HAZOP记录表.xls,HAZOP_DA_H_R_V1,1.5-hazop,1.0000,accepted
ABNHZ_669633930eb91eb918,AbnormalState,压力过高,压力过高,4.4.1 混合溶剂蒸馏机压力过高,{},H线HAZOP及SIL定级分析 HAZOP记录表.xls,HAZOP_DA_H_R_V1,1.5-hazop,1.0000,accepted
ABNHZ_679dfa764744e19177,AbnormalState,压力过高,压力过高,1.4.1 布袋除尘器差压过高,{},H线HAZOP及SIL定级分析 HAZOP记录表.xls,HAZOP_DA_H_R_V1,1.5-hazop,1.0000,accepted
ABNHZ_6a952a460d00dac2f9,AbnormalState,维护/隔离,维护/隔离,5.12.1 维护/隔离,{},H线HAZOP及SIL定级分析 HAZOP记录表.xls,HAZOP_DA_H_R_V1,1.5-hazop,1.0000,accepted
ABNHZ_6c2731f7aab17624db,AbnormalState,流量过高,流量过高,4.1.1 粗品HMX加注总量过高,{},H线HAZOP及SIL定级分析 HAZOP记录表.xls,HAZOP_DA_H_R_V1,1.5-hazop,1.0000,accepted
ABNHZ_6d1d5038e4bb6f0bc0,AbnormalState,逆流,逆流,3.3.1 逆流或错误流向,{},H线HAZOP及SIL定级分析 HAZOP记录表.xls,HAZOP_DA_H_R_V1,1.5-hazop,1.0000,accepted
ABNHZ_6f25ce8f06ab2f0014,AbnormalState,杂质,杂质,4.10.1 杂质,{},H线HAZOP及SIL定级分析 HAZOP记录表.xls,HAZOP_DA_H_R_V1,1.5-hazop,1.0000,accepted
ABNHZ_705fa8b89a48795e87,AbnormalState,吹扫/放空,吹扫/放空,1.14.1 吹扫/放空,{},DA线HAZOP分析记录表.xls,HAZOP_DA_H_R_V1,1.5-hazop,1.0000,accepted
ABNHZ_74f9f7a943199072ca,AbnormalState,温度过高,温度过高,3.6.1 热压煮洗机温度过高,{},R线 HAZOP分析记录表.xls,HAZOP_DA_H_R_V1,1.5-hazop,1.0000,accepted
ABNHZ_75db0a60c5c2fd724c,AbnormalState,步骤顺序错误,步骤顺序错误,3.16.1 乌醋溶液、铵硝溶液、醋酸酐溶液先于醋酸加注,{},H线HAZOP及SIL定级分析 HAZOP记录表.xls,HAZOP_DA_H_R_V1,1.5-hazop,1.0000,accepted
ABNHZ_775eecd2288b33102f,AbnormalState,吹扫/放空,吹扫/放空,2.13.1 吹扫/放空,{},DA线HAZOP分析记录表.xls,HAZOP_DA_H_R_V1,1.5-hazop,1.0000,accepted
ABNHZ_7d86cf8a3d955cb8b8,AbnormalState,腐蚀/冲蚀,腐蚀/冲蚀,2.11.1 腐蚀/冲蚀,{},DA线HAZOP分析记录表.xls,HAZOP_DA_H_R_V1,1.5-hazop,1.0000,accepted
ABNHZ_7f2ffa5cae99bcd253,AbnormalState,排净,排净,4.14.1 排净,{},H线HAZOP及SIL定级分析 HAZOP记录表.xls,HAZOP_DA_H_R_V1,1.5-hazop,1.0000,accepted
ABNHZ_7f6e95790f45701299,AbnormalState,温度过低,温度过低,5.7.1 分离塔温度过低,{},H线HAZOP及SIL定级分析 HAZOP记录表.xls,HAZOP_DA_H_R_V1,1.5-hazop,1.0000,accepted
ABNHZ_81ec2a886d6a4a6c42,AbnormalState,逆流,逆流,5.3.1 逆流或错误流向,{},H线HAZOP及SIL定级分析 HAZOP记录表.xls,HAZOP_DA_H_R_V1,1.5-hazop,1.0000,accepted
ABNHZ_8243f157466d981c07,AbnormalState,公用工程故障,公用工程故障,3.16.1 公用工程故障,{},DA线HAZOP分析记录表.xls,HAZOP_DA_H_R_V1,1.5-hazop,1.0000,accepted
ABNHZ_8353776318be80cc7e,AbnormalState,温度过高,温度过高,1.6.1 反应过程合成釜温度过高,{},DA线HAZOP分析记录表.xls,HAZOP_DA_H_R_V1,1.5-hazop,1.0000,accepted
ABNHZ_84250c71c71a5e9299,AbnormalState,压力过高,压力过高,1.4.1 合成釜压力过高,{},DA线HAZOP分析记录表.xls,HAZOP_DA_H_R_V1,1.5-hazop,1.0000,accepted
ABNHZ_84c59a66a3b60f54ea,AbnormalState,公用工程故障,公用工程故障,2.15.1 公用工程故障,{},R线 HAZOP分析记录表.xls,HAZOP_DA_H_R_V1,1.5-hazop,1.0000,accepted
ABNHZ_862a90e66c1e60f6c5,AbnormalState,温度过高,温度过高,2.6.1 结晶机温度过高,{},R线 HAZOP分析记录表.xls,HAZOP_DA_H_R_V1,1.5-hazop,1.0000,accepted
ABNHZ_8677bd1bbb37be5fb1,AbnormalState,杂质,杂质,2.10.1 杂质,{},H线HAZOP及SIL定级分析 HAZOP记录表.xls,HAZOP_DA_H_R_V1,1.5-hazop,1.0000,accepted
ABNHZ_89b313b6fcd152f7db,AbnormalState,液位过高,液位过高,3.8.1 液位过高,{},DA线HAZOP分析记录表.xls,HAZOP_DA_H_R_V1,1.5-hazop,1.0000,accepted
ABNHZ_89ce20944e8dcdc2ba,AbnormalState,液位过低或无液位,液位过低或无液位,5.9.1 分离釜液位过低或无液位,{},H线HAZOP及SIL定级分析 HAZOP记录表.xls,HAZOP_DA_H_R_V1,1.5-hazop,1.0000,accepted
ABNHZ_8a312ea2f71bc4c741,AbnormalState,压力过高,压力过高,3.4.1 热压煮洗机压力过高,{},R线 HAZOP分析记录表.xls,HAZOP_DA_H_R_V1,1.5-hazop,1.0000,accepted
ABNHZ_8b79c26e514d6742da,AbnormalState,流量过低或无流量,流量过低或无流量,2.2.1 萃取过程加入水量过少,{},DA线HAZOP分析记录表.xls,HAZOP_DA_H_R_V1,1.5-hazop,1.0000,accepted
ABNHZ_92a1e1a602730988b1,AbnormalState,温度过高,温度过高,3.6.1 常压蒸馏塔温度过高,{},DA线HAZOP分析记录表.xls,HAZOP_DA_H_R_V1,1.5-hazop,1.0000,accepted
ABNHZ_965007ced9296d4cf5,AbnormalState,维护/隔离,维护/隔离,2.12.1 维护/隔离,{},DA线HAZOP分析记录表.xls,HAZOP_DA_H_R_V1,1.5-hazop,1.0000,accepted
ABNHZ_9718426f310b1a3a63,AbnormalState,温度过高,温度过高,4.6.1 粗品HMX转晶机温度过高,{},H线HAZOP及SIL定级分析 HAZOP记录表.xls,HAZOP_DA_H_R_V1,1.5-hazop,1.0000,accepted
ABNHZ_9aca75cf0559430360,AbnormalState,液位过高,液位过高,1.8.1 二甲基亚砜高位槽液位过高,{},DA线HAZOP分析记录表.xls,HAZOP_DA_H_R_V1,1.5-hazop,1.0000,accepted
ABNHZ_9b1868f5d615ea6649,AbnormalState,流量过高,流量过高,5.1.1 流量过高,{},H线HAZOP及SIL定级分析 HAZOP记录表.xls,HAZOP_DA_H_R_V1,1.5-hazop,1.0000,accepted
ABNHZ_9c7d34759026a02052,AbnormalState,压力过低,压力过低,5.5.1 分离釜压力过低,{},H线HAZOP及SIL定级分析 HAZOP记录表.xls,HAZOP_DA_H_R_V1,1.5-hazop,1.0000,accepted
ABNHZ_9c920e8cf62851836d,AbnormalState,公用工程故障,公用工程故障,1.19.1 公用工程故障,{},DA线HAZOP分析记录表.xls,HAZOP_DA_H_R_V1,1.5-hazop,1.0000,accepted
ABNHZ_9cd586a422a2a6de46,AbnormalState,流量过高,流量过高,2.1.1 酸水加注至结晶机流量过高,{},R线 HAZOP分析记录表.xls,HAZOP_DA_H_R_V1,1.5-hazop,1.0000,accepted
ABNHZ_9fc8501508396c77ca,AbnormalState,压力过低,压力过低,4.5.1 混合溶剂蒸馏机压力过低,{},H线HAZOP及SIL定级分析 HAZOP记录表.xls,HAZOP_DA_H_R_V1,1.5-hazop,1.0000,accepted
ABNHZ_a033aa84fc03d8fcec,AbnormalState,温度过低,温度过低,1.7.1 反应过程合成釜温度过低,{},DA线HAZOP分析记录表.xls,HAZOP_DA_H_R_V1,1.5-hazop,1.0000,accepted
ABNHZ_a07649c098d172f6fb,AbnormalState,逆流,逆流,4.3.1 逆流或错误流向,{},H线HAZOP及SIL定级分析 HAZOP记录表.xls,HAZOP_DA_H_R_V1,1.5-hazop,1.0000,accepted
ABNHZ_a21eb733a13e62ae43,AbnormalState,腐蚀/冲蚀,腐蚀/冲蚀,5.11.1 腐蚀/冲蚀,{},H线HAZOP及SIL定级分析 HAZOP记录表.xls,HAZOP_DA_H_R_V1,1.5-hazop,1.0000,accepted
ABNHZ_a2a84aa7f1e09066c9,AbnormalState,静电,静电,1.12.1 静电,{},DA线HAZOP分析记录表.xls,HAZOP_DA_H_R_V1,1.5-hazop,1.0000,accepted
ABNHZ_a4a949be5450dcb668,AbnormalState,杂质,杂质,1.10.1 杂质,{},R线 HAZOP分析记录表.xls,HAZOP_DA_H_R_V1,1.5-hazop,1.0000,accepted
ABNHZ_a72fc75c6a49852eb4,AbnormalState,流量过高,流量过高,3.1.1 1#硝化机乌醋溶液加注流量过高,{},H线HAZOP及SIL定级分析 HAZOP记录表.xls,HAZOP_DA_H_R_V1,1.5-hazop,1.0000,accepted
ABNHZ_a9af8bfc24752411c6,AbnormalState,流量过低或无流量,流量过低或无流量,3.2.1 1#硝化机乌醋溶液加注流量过低或无流量,{},H线HAZOP及SIL定级分析 HAZOP记录表.xls,HAZOP_DA_H_R_V1,1.5-hazop,1.0000,accepted
ABNHZ_a9e0e3a4fb3e806485,AbnormalState,流量过低或无流量,流量过低或无流量,2.2.1 乌洛托品固体风送至乌洛托品下料器流量过低或无流量,{},H线HAZOP及SIL定级分析 HAZOP记录表.xls,HAZOP_DA_H_R_V1,1.5-hazop,1.0000,accepted
ABNHZ_aabca5dc751c6551ce,AbnormalState,温度过高,温度过高,1.6.1 硝化机温度过高,{},R线 HAZOP分析记录表.xls,HAZOP_DA_H_R_V1,1.5-hazop,1.0000,accepted
ABNHZ_abc66de638528dd7e9,AbnormalState,流量过低或无流量,流量过低或无流量,2.2.1 酸水加注至结晶机流量过低或无流量,{},R线 HAZOP分析记录表.xls,HAZOP_DA_H_R_V1,1.5-hazop,1.0000,accepted
ABNHZ_ac5cbea7d37c7020e3,AbnormalState,压力过低,压力过低,2.5.1 布袋除尘器差压过低,{},H线HAZOP及SIL定级分析 HAZOP记录表.xls,HAZOP_DA_H_R_V1,1.5-hazop,1.0000,accepted
ABNHZ_ad124eb42ee7a2ded0,AbnormalState,公用工程故障,公用工程故障,1.15.1 公用工程故障,{},R线 HAZOP分析记录表.xls,HAZOP_DA_H_R_V1,1.5-hazop,1.0000,accepted
ABNHZ_afe2e11c946f143c4a,AbnormalState,逆流,逆流,1.3.1 逆流或错误流向,{},R线 HAZOP分析记录表.xls,HAZOP_DA_H_R_V1,1.5-hazop,1.0000,accepted
ABNHZ_b10183aacc4270e4cc,AbnormalState,温度过低,温度过低,4.7.1 粗品HMX转晶机温度过低,{},H线HAZOP及SIL定级分析 HAZOP记录表.xls,HAZOP_DA_H_R_V1,1.5-hazop,1.0000,accepted
ABNHZ_b1afbf287ee89ed98f,AbnormalState,腐蚀/冲蚀,腐蚀/冲蚀,3.11.1 腐蚀/冲蚀,{},DA线HAZOP分析记录表.xls,HAZOP_DA_H_R_V1,1.5-hazop,1.0000,accepted
ABNHZ_b2a9b7e59dc4399463,AbnormalState,流量过低或无流量,流量过低或无流量,5.2.1 流量过低或无流量,{},H线HAZOP及SIL定级分析 HAZOP记录表.xls,HAZOP_DA_H_R_V1,1.5-hazop,1.0000,accepted
ABNHZ_b4256e78a0873efd3c,AbnormalState,压力过低,压力过低,2.5.1 收集槽收料真空度过大,{},DA线HAZOP分析记录表.xls,HAZOP_DA_H_R_V1,1.5-hazop,1.0000,accepted
ABNHZ_b500c0770641021ea7,AbnormalState,腐蚀/冲蚀,腐蚀/冲蚀,3.11.1 腐蚀/冲蚀,{},H线HAZOP及SIL定级分析 HAZOP记录表.xls,HAZOP_DA_H_R_V1,1.5-hazop,1.0000,accepted
ABNHZ_b7caa8143dfba1073e,AbnormalState,杂质,杂质,1.10.1 杂质,{},H线HAZOP及SIL定级分析 HAZOP记录表.xls,HAZOP_DA_H_R_V1,1.5-hazop,1.0000,accepted
ABNHZ_b8b1d2cb2860aa62ad,AbnormalState,杂质,杂质,2.10.1 杂质,{},R线 HAZOP分析记录表.xls,HAZOP_DA_H_R_V1,1.5-hazop,1.0000,accepted
ABNHZ_b9120d34c4cf5cf6e5,AbnormalState,流量过低或无流量,流量过低或无流量,1.2.1 硝酸铵固体风送至硝酸铵下料器流量过低或无流量,{},H线HAZOP及SIL定级分析 HAZOP记录表.xls,HAZOP_DA_H_R_V1,1.5-hazop,1.0000,accepted
ABNHZ_b99e2ca258c2f8d216,AbnormalState,流量过低或无流量,流量过低或无流量,4.2.1 废水预处理池中亚硝酸钠加入量过少,{},DA线HAZOP分析记录表.xls,HAZOP_DA_H_R_V1,1.5-hazop,1.0000,accepted
ABNHZ_b9f37919bd4f9f1a29,AbnormalState,温度过低,温度过低,1.7.1 硝化机温度过低,{},R线 HAZOP分析记录表.xls,HAZOP_DA_H_R_V1,1.5-hazop,1.0000,accepted
ABNHZ_babaf191242f89adc2,AbnormalState,公用工程故障,公用工程故障,3.15.1 公用工程故障,{},H线HAZOP及SIL定级分析 HAZOP记录表.xls,HAZOP_DA_H_R_V1,1.5-hazop,1.0000,accepted
ABNHZ_bace1af19bdaecd5df,AbnormalState,流量过低或无流量,流量过低或无流量,1.2.1 乌洛托品加注至硝化机流量过低或无流量,{},R线 HAZOP分析记录表.xls,HAZOP_DA_H_R_V1,1.5-hazop,1.0000,accepted
ABNHZ_bb2e610ac63442efcc,AbnormalState,逆流,逆流,1.3.1 逆流或错误流向,{},H线HAZOP及SIL定级分析 HAZOP记录表.xls,HAZOP_DA_H_R_V1,1.5-hazop,1.0000,accepted
ABNHZ_c02a525668dd8c820a,AbnormalState,液位过低或无液位,液位过低或无液位,1.9.1 二甲基亚砜高位槽液位过低,{},DA线HAZOP分析记录表.xls,HAZOP_DA_H_R_V1,1.5-hazop,1.0000,accepted
ABNHZ_c1052a25c991fbd73b,AbnormalState,压力过高,压力过高,1.4.1 硝化机压力过高,{},R线 HAZOP分析记录表.xls,HAZOP_DA_H_R_V1,1.5-hazop,1.0000,accepted
ABNHZ_c2b4d02e74ff45c8f5,AbnormalState,流量过高,流量过高,3.1.1 常压蒸馏塔进料流量过高,{},DA线HAZOP分析记录表.xls,HAZOP_DA_H_R_V1,1.5-hazop,1.0000,accepted
ABNHZ_c461017ec3f53d681e,AbnormalState,逆流,逆流,2.3.1 有机相与废水放料错误,{},DA线HAZOP分析记录表.xls,HAZOP_DA_H_R_V1,1.5-hazop,1.0000,accepted
ABNHZ_c91daabc81d3b8ffe0,AbnormalState,液位过低或无液位,液位过低或无液位,2.9.1 萃取放料后萃取洗涤釜界位过低,{},DA线HAZOP分析记录表.xls,HAZOP_DA_H_R_V1,1.5-hazop,1.0000,accepted
ABNHZ_c96e0b4a762df69df1,AbnormalState,温度过低,温度过低,2.7.1 结晶机温度过低,{},R线 HAZOP分析记录表.xls,HAZOP_DA_H_R_V1,1.5-hazop,1.0000,accepted
ABNHZ_ca8843e0652b33e79e,AbnormalState,时间过短,时间过短,4.18.1 混合溶剂蒸馏机蒸馏时间过短,{},H线HAZOP及SIL定级分析 HAZOP记录表.xls,HAZOP_DA_H_R_V1,1.5-hazop,1.0000,accepted
ABNHZ_cbfaa6b85fc3ab3c8d,AbnormalState,维护/隔离,维护/隔离,4.12.1 维护/隔离,{},H线HAZOP及SIL定级分析 HAZOP记录表.xls,HAZOP_DA_H_R_V1,1.5-hazop,1.0000,accepted
ABNHZ_cc60fc8fc6de2ac27c,AbnormalState,逆流,逆流,2.3.1 逆流或错误流向,{},H线HAZOP及SIL定级分析 HAZOP记录表.xls,HAZOP_DA_H_R_V1,1.5-hazop,1.0000,accepted
ABNHZ_cda295e2ad6c5b4425,AbnormalState,排净,排净,2.14.1 排净,{},DA线HAZOP分析记录表.xls,HAZOP_DA_H_R_V1,1.5-hazop,1.0000,accepted
ABNHZ_cf010b8606d089d858,AbnormalState,温度过高,温度过高,5.6.1 分离塔温度过高,{},H线HAZOP及SIL定级分析 HAZOP记录表.xls,HAZOP_DA_H_R_V1,1.5-hazop,1.0000,accepted
ABNHZ_cfe70aa0d0b7ac7aeb,AbnormalState,流量过高,流量过高,2.1.1 乌洛托品固体风送至乌洛托品下料器流量过高,{},H线HAZOP及SIL定级分析 HAZOP记录表.xls,HAZOP_DA_H_R_V1,1.5-hazop,1.0000,accepted
ABNHZ_d149376e056156a3ce,AbnormalState,液位过低或无液位,液位过低或无液位,3.9.1 液位过低或无液位,{},DA线HAZOP分析记录表.xls,HAZOP_DA_H_R_V1,1.5-hazop,1.0000,accepted
ABNHZ_d800533d85e76b1fb0,AbnormalState,杂质,杂质,5.10.1 杂质,{},H线HAZOP及SIL定级分析 HAZOP记录表.xls,HAZOP_DA_H_R_V1,1.5-hazop,1.0000,accepted
ABNHZ_de46e4f1785d5e8456,AbnormalState,其他,其他,4.19.1 以往事故,{},H线HAZOP及SIL定级分析 HAZOP记录表.xls,HAZOP_DA_H_R_V1,1.5-hazop,1.0000,accepted
ABNHZ_e134b4fe74f03b2b98,AbnormalState,步骤顺序错误,步骤顺序错误,1.17.1 二甲基亚砜与吉纳加料顺序错误,{},DA线HAZOP分析记录表.xls,HAZOP_DA_H_R_V1,1.5-hazop,1.0000,accepted
ABNHZ_e1456669342fd74f76,AbnormalState,步骤执行不足,步骤执行不足,1.18.1 叠氮化钠加料前吉纳未充分溶解,{},DA线HAZOP分析记录表.xls,HAZOP_DA_H_R_V1,1.5-hazop,1.0000,accepted
ABNHZ_e267b79229588d0fab,AbnormalState,压力过高,压力过高,3.4.1 1#硝化机压力过高,{},H线HAZOP及SIL定级分析 HAZOP记录表.xls,HAZOP_DA_H_R_V1,1.5-hazop,1.0000,accepted
ABNHZ_e2ccf64ef9f917beec,AbnormalState,流量过高,流量过高,1.1.1 合成釜中二甲基亚砜加入量过多,{},DA线HAZOP分析记录表.xls,HAZOP_DA_H_R_V1,1.5-hazop,1.0000,accepted
ABNHZ_e520027812db8b3445,AbnormalState,维护/隔离,维护/隔离,1.13.1 维护/隔离,{},DA线HAZOP分析记录表.xls,HAZOP_DA_H_R_V1,1.5-hazop,1.0000,accepted
ABNHZ_e8d579575ae86be320,AbnormalState,其他,其他,2.16.1 开停工,{},R线 HAZOP分析记录表.xls,HAZOP_DA_H_R_V1,1.5-hazop,1.0000,accepted
ABNHZ_e8e816071b40ba2d02,AbnormalState,部分泄漏,部分泄漏,1.20.1 二甲基亚砜泄漏,{},DA线HAZOP分析记录表.xls,HAZOP_DA_H_R_V1,1.5-hazop,1.0000,accepted
ABNHZ_ecf8afb3d55f90efda,AbnormalState,温度过高,温度过高,2.6.1 乌洛托品输送空气出换热器温度过高,{},H线HAZOP及SIL定级分析 HAZOP记录表.xls,HAZOP_DA_H_R_V1,1.5-hazop,1.0000,accepted
ABNHZ_edcf3ea0cfb49bda77,AbnormalState,腐蚀/冲蚀,腐蚀/冲蚀,1.11.1 腐蚀/冲蚀,{},DA线HAZOP分析记录表.xls,HAZOP_DA_H_R_V1,1.5-hazop,1.0000,accepted
ABNHZ_ee174de4545a374016,AbnormalState,压力过高,压力过高,2.4.1 布袋除尘器差压过高,{},H线HAZOP及SIL定级分析 HAZOP记录表.xls,HAZOP_DA_H_R_V1,1.5-hazop,1.0000,accepted
ABNHZ_ee3e328a0820f3d499,AbnormalState,排净,排净,3.15.1 排净,{},DA线HAZOP分析记录表.xls,HAZOP_DA_H_R_V1,1.5-hazop,1.0000,accepted
ABNHZ_f0585cffaa529c40d2,AbnormalState,温度过低,温度过低,2.7.1 脱色釜温度过低,{},DA线HAZOP分析记录表.xls,HAZOP_DA_H_R_V1,1.5-hazop,1.0000,accepted
ABNHZ_f0bba16d348c8056e0,AbnormalState,步骤执行不足,步骤执行不足,1.17.1 铵硝溶液配制过程步骤执行不足，未启动搅拌器或搅拌器故障停,{},H线HAZOP及SIL定级分析 HAZOP记录表.xls,HAZOP_DA_H_R_V1,1.5-hazop,1.0000,accepted
ABNHZ_f32e6b4a33491be2e4,AbnormalState,压力过高,压力过高,5.4.1 分离釜压力过高,{},H线HAZOP及SIL定级分析 HAZOP记录表.xls,HAZOP_DA_H_R_V1,1.5-hazop,1.0000,accepted
ABNHZ_f4f895a5611918f472,AbnormalState,流量过高,流量过高,1.1.1 硝酸铵固体风送至硝酸铵下料器流量过高,{},H线HAZOP及SIL定级分析 HAZOP记录表.xls,HAZOP_DA_H_R_V1,1.5-hazop,1.0000,accepted
ABNHZ_f69891858a30c7a34f,AbnormalState,流量过低或无流量,流量过低或无流量,4.2.1 粗品HMX加注总量低,{},H线HAZOP及SIL定级分析 HAZOP记录表.xls,HAZOP_DA_H_R_V1,1.5-hazop,1.0000,accepted
ABNHZ_f7073804bac0fdf8b9,AbnormalState,公用工程故障,公用工程故障,2.16.1 公用工程故障,{},DA线HAZOP分析记录表.xls,HAZOP_DA_H_R_V1,1.5-hazop,1.0000,accepted
ABNHZ_f7f0aff6adb54fd195,AbnormalState,逆流,逆流,1.3.1 二甲基亚砜与冲洗水间错误流向,{},DA线HAZOP分析记录表.xls,HAZOP_DA_H_R_V1,1.5-hazop,1.0000,accepted
ABNHZ_f9196e9bfaaf9c4782,AbnormalState,其他,其他,1.16.1 开停工,{},R线 HAZOP分析记录表.xls,HAZOP_DA_H_R_V1,1.5-hazop,1.0000,accepted
ABNHZ_f9e109fd8e84624bc9,AbnormalState,逆流,逆流,3.3.1 冷冻水与二氯甲烷间错误流向,{},DA线HAZOP分析记录表.xls,HAZOP_DA_H_R_V1,1.5-hazop,1.0000,accepted
ABNHZ_fa08b3357865f65df7,AbnormalState,腐蚀/冲蚀,腐蚀/冲蚀,4.11.1 腐蚀/冲蚀,{},H线HAZOP及SIL定级分析 HAZOP记录表.xls,HAZOP_DA_H_R_V1,1.5-hazop,1.0000,accepted
ABNHZ_fb5d11843fa3878b70,AbnormalState,时间过长,时间过长,4.17.1 混合溶剂蒸馏机蒸馏时间过长,{},H线HAZOP及SIL定级分析 HAZOP记录表.xls,HAZOP_DA_H_R_V1,1.5-hazop,1.0000,accepted
ABNHZ_fe2c217320fdc12279,AbnormalState,流量过高,流量过高,2.1.1 萃取过程加入水量过多,{},DA线HAZOP分析记录表.xls,HAZOP_DA_H_R_V1,1.5-hazop,1.0000,accepted
ENTM91_d2bd6d27ce6076d74b,ChemicalComponent,金属,金属,,"{""alignment_source"":""material_kg_v9_2"",""alignment_status"":""aligned""}",DA线HAZOP分析记录表.xls,HAZOP_DA_H_R_V1,1.5-hazop,1.0000,accepted
ENTM92_e6ac890963d115c5b4,ChemicalComponent,硝胺,硝胺,,"{""alignment_source"":""material_kg_v9_2"",""alignment_status"":""aligned""}",DA线HAZOP分析记录表.xls,HAZOP_DA_H_R_V1,1.5-hazop,1.0000,accepted
CONSHZ_0005b0f36f0e9c3ab224,Consequence,静电放电，潜在爆炸，人员伤害风险,静电放电，潜在爆炸，人员伤害风险,,{},DA线HAZOP分析记录表.xls,HAZOP_DA_H_R_V1,1.5-hazop,1.0000,accepted
CONSHZ_05198f9352c4c8464241,Consequence,冷凝器管程堵塞，蒸馏机压力升高，物料泄漏至外部环境，潜在爆炸风险，人员伤亡,冷凝器管程堵塞，蒸馏机压力升高，物料泄漏至外部环境，潜在爆炸风险，人员伤亡,,{},H线HAZOP及SIL定级分析 HAZOP记录表.xls,HAZOP_DA_H_R_V1,1.5-hazop,1.0000,accepted
CONSHZ_0561949c59bc9aad3a3f,Consequence,延长反应后物料降温时间，无安全影响,延长反应后物料降温时间，无安全影响,,{},DA线HAZOP分析记录表.xls,HAZOP_DA_H_R_V1,1.5-hazop,1.0000,accepted
CONSHZ_06086e4540c6936615ea,Consequence,硝化机内发生燃烧爆炸，人员伤亡,硝化机内发生燃烧爆炸，人员伤亡,,{},R线 HAZOP分析记录表.xls,HAZOP_DA_H_R_V1,1.5-hazop,1.0000,accepted
CONSHZ_06d47f98317aee70a03a,Consequence,铵硝液中硝酸铵浓度降低，影响产品质量，无明显安全影响,铵硝液中硝酸铵浓度降低，影响产品质量，无明显安全影响,,{},H线HAZOP及SIL定级分析 HAZOP记录表.xls,HAZOP_DA_H_R_V1,1.5-hazop,1.0000,accepted
CONSHZ_08309d5da69f6c50ffa8,Consequence,3#硝化机副反应增加，DPT生成量增加，产品得率下降，下游水解硝化机反应可能加剧，温度升高，5#硝化机内可能发生燃爆，人员伤亡，环境污染,3#硝化机副反应增加，DPT生成量增加，产品得率下降，下游水解硝化机反应可能加剧，温度升高，5#硝化机内可能发生燃爆，人员伤亡，环境污染,,{},H线HAZOP及SIL定级分析 HAZOP记录表.xls,HAZOP_DA_H_R_V1,1.5-hazop,1.0000,accepted
CONSHZ_0b1c0a3a16df04e197c4,Consequence,影响收集槽收料效果,影响收集槽收料效果,,{},DA线HAZOP分析记录表.xls,HAZOP_DA_H_R_V1,1.5-hazop,1.0000,accepted
CONSHZ_0cb7bd92da58dc14a04b,Consequence,影响产品质量，母液中杂质比例变化，可能影响溶剂回收操作,影响产品质量，母液中杂质比例变化，可能影响溶剂回收操作,,{},H线HAZOP及SIL定级分析 HAZOP记录表.xls,HAZOP_DA_H_R_V1,1.5-hazop,1.0000,accepted
CONSHZ_0e207e2e4db272ba0a33,Consequence,有机相放至废水槽，产品收率降低，废水处理工序负荷增大,有机相放至废水槽，产品收率降低，废水处理工序负荷增大,,{},DA线HAZOP分析记录表.xls,HAZOP_DA_H_R_V1,1.5-hazop,1.0000,accepted
CONSHZ_1148f867b82d64532a71,Consequence,废水PH值升高，直接排入下游废水处理站，可能导致下游菌种杀死,废水PH值升高，直接排入下游废水处理站，可能导致下游菌种杀死,,{},DA线HAZOP分析记录表.xls,HAZOP_DA_H_R_V1,1.5-hazop,1.0000,accepted
CONSHZ_121add0166f74d828236,Consequence,空气输送硝酸铵固体物料过程中可能形成爆炸性气氛，潜在爆炸风险，人员伤亡,空气输送硝酸铵固体物料过程中可能形成爆炸性气氛，潜在爆炸风险，人员伤亡,,{},H线HAZOP及SIL定级分析 HAZOP记录表.xls,HAZOP_DA_H_R_V1,1.5-hazop,1.0000,accepted
CONSHZ_13d0b700d88879256e1c,Consequence,输送空气出换热器温度降低，乌洛托品中水可能析出，引起乌洛托品结块堵塞设备管线，影响乌洛托品输送,输送空气出换热器温度降低，乌洛托品中水可能析出，引起乌洛托品结块堵塞设备管线，影响乌洛托品输送,,{},H线HAZOP及SIL定级分析 HAZOP记录表.xls,HAZOP_DA_H_R_V1,1.5-hazop,1.0000,accepted
CONSHZ_18de413aae4486ed5a61,Consequence,硝化机压力升高，可能正压，氧化氮气体窜至外部环境，人员可能中毒窒息伤亡,硝化机压力升高，可能正压，氧化氮气体窜至外部环境，人员可能中毒窒息伤亡,,{},R线 HAZOP分析记录表.xls,HAZOP_DA_H_R_V1,1.5-hazop,1.0000,accepted
CONSHZ_19520623e2bb550a35bd,Consequence,蒸汽窜至5#硝化机内，可能沸腾冒料，环境污染，人员受伤,蒸汽窜至5#硝化机内，可能沸腾冒料，环境污染，人员受伤,,{},H线HAZOP及SIL定级分析 HAZOP记录表.xls,HAZOP_DA_H_R_V1,1.5-hazop,1.0000,accepted
CONSHZ_1b865c0d9eb70720fd9e,Consequence,"转晶机内温度升高，溶剂大量挥发，泄漏至外部环境，可能形成爆炸性气氛；
长时间操作，转晶机可能蒸干，底部物料可能燃爆","转晶机内温度升高，溶剂大量挥发，泄漏至外部环境，可能形成爆炸性气氛；
长时间操作，转晶机可能蒸干，底部物料可能燃爆",,{},H线HAZOP及SIL定级分析 HAZOP记录表.xls,HAZOP_DA_H_R_V1,1.5-hazop,1.0000,accepted
CONSHZ_1e5d9fbc89cf611a6832,Consequence,蒸馏机液位降低，液位过低时，蒸馏机底部物料可能蒸干，潜在爆炸风险,蒸馏机液位降低，液位过低时，蒸馏机底部物料可能蒸干，潜在爆炸风险,,{},H线HAZOP及SIL定级分析 HAZOP记录表.xls,HAZOP_DA_H_R_V1,1.5-hazop,1.0000,accepted
CONSHZ_1ededad37ee6aa270059,Consequence,"升温过程，无安全影响；
加入固体物料后，未充分溶解情况下，再次开启搅拌，潜在爆炸，人员伤害风险","升温过程，无安全影响；
加入固体物料后，未充分溶解情况下，再次开启搅拌，潜在爆炸，人员伤害风险",,{},DA线HAZOP分析记录表.xls,HAZOP_DA_H_R_V1,1.5-hazop,1.0000,accepted
CONSHZ_1f83786550cfbef41250,Consequence,1#硝化机内铵硝比例减少，硝化反应速率降低，温度降低，产品得率降低,1#硝化机内铵硝比例减少，硝化反应速率降低，温度降低，产品得率降低,,{},H线HAZOP及SIL定级分析 HAZOP记录表.xls,HAZOP_DA_H_R_V1,1.5-hazop,1.0000,accepted
CONSHZ_2246709ef2df75866aec,Consequence,转晶工序煮洗、丙酮蒸馏作业，母液中HMX、RDX及副产物分解爆炸，人员伤亡,转晶工序煮洗、丙酮蒸馏作业，母液中HMX、RDX及副产物分解爆炸，人员伤亡,,{},H线HAZOP及SIL定级分析 HAZOP记录表.xls,HAZOP_DA_H_R_V1,1.5-hazop,1.0000,accepted
CONSHZ_24341d6b47ad254f399a,Consequence,结晶机内硝酸浓度升高，RDX结晶粒度增大，废酸中RDX含量增加，后续工序安全操作受影响,结晶机内硝酸浓度升高，RDX结晶粒度增大，废酸中RDX含量增加，后续工序安全操作受影响,,{},R线 HAZOP分析记录表.xls,HAZOP_DA_H_R_V1,1.5-hazop,1.0000,accepted
CONSHZ_24cd5480834c0157ee2e,Consequence,合成釜温度升高，温度过高时，吉纳分解，潜在爆炸，人员伤害风险,合成釜温度升高，温度过高时，吉纳分解，潜在爆炸，人员伤害风险,,{},DA线HAZOP分析记录表.xls,HAZOP_DA_H_R_V1,1.5-hazop,1.0000,accepted
CONSHZ_257ec089f5c1273f625b,Consequence,设备管线高温酸腐蚀加剧,设备管线高温酸腐蚀加剧,,{},H线HAZOP及SIL定级分析 HAZOP记录表.xls,HAZOP_DA_H_R_V1,1.5-hazop,1.0000,accepted
CONSHZ_267674c2f5035760f18b,Consequence,异物进入后续工序，潜在安全风险,异物进入后续工序，潜在安全风险,,{},DA线HAZOP分析记录表.xls,HAZOP_DA_H_R_V1,1.5-hazop,1.0000,accepted
CONSHZ_273481d7e33f87e8df6c,Consequence,参见“1.2.1 合成釜中二甲基亚砜加入量过少”,参见“1.2.1 合成釜中二甲基亚砜加入量过少”,,{},DA线HAZOP分析记录表.xls,HAZOP_DA_H_R_V1,1.5-hazop,1.0000,accepted
CONSHZ_2764c77a291e7eaa1598,Consequence,影响产品得率，无安全影响,影响产品得率，无安全影响,,{},DA线HAZOP分析记录表.xls,HAZOP_DA_H_R_V1,1.5-hazop,1.0000,accepted
CONSHZ_27784f1a9ef30f6940f2,Consequence,乌洛托品加料口及料仓粉尘扬起量过大，可能形成粉尘爆炸环境，潜在爆炸风险,乌洛托品加料口及料仓粉尘扬起量过大，可能形成粉尘爆炸环境，潜在爆炸风险,,{},R线 HAZOP分析记录表.xls,HAZOP_DA_H_R_V1,1.5-hazop,1.0000,accepted
CONSHZ_289bcaf74e74c236ff6c,Consequence,硝化机反应温度升高，硝化机反应速率增快，副反应增加，潜在爆炸风险，人员伤亡,硝化机反应温度升高，硝化机反应速率增快，副反应增加，潜在爆炸风险，人员伤亡,,{},R线 HAZOP分析记录表.xls,HAZOP_DA_H_R_V1,1.5-hazop,1.0000,accepted
CONSHZ_2a1e30b77f267436d11d,Consequence,影响萃取效果，产品得率降低，后续废水中叠氮硝铵量增多,影响萃取效果，产品得率降低，后续废水中叠氮硝铵量增多,,{},DA线HAZOP分析记录表.xls,HAZOP_DA_H_R_V1,1.5-hazop,1.0000,accepted
CONSHZ_2ef1045a828ae9004f94,Consequence,5#硝化机温度升高，可能沸腾冒料，环境污染，人员受伤,5#硝化机温度升高，可能沸腾冒料，环境污染，人员受伤,,{},H线HAZOP及SIL定级分析 HAZOP记录表.xls,HAZOP_DA_H_R_V1,1.5-hazop,1.0000,accepted
CONSHZ_32b20f421eb35dbdbfb0,Consequence,结晶机温度降低，副产物氧化不完全，结晶液不安定，后续工序安全操作受影响,结晶机温度降低，副产物氧化不完全，结晶液不安定，后续工序安全操作受影响,,{},R线 HAZOP分析记录表.xls,HAZOP_DA_H_R_V1,1.5-hazop,1.0000,accepted
CONSHZ_32ded053bf38e41ca5a9,Consequence,结晶机温度无法达到激发温度点，副产物氧化不完全，结晶液不安定，后续工序安全操作受影响,结晶机温度无法达到激发温度点，副产物氧化不完全，结晶液不安定，后续工序安全操作受影响,,{},R线 HAZOP分析记录表.xls,HAZOP_DA_H_R_V1,1.5-hazop,1.0000,accepted
CONSHZ_3532aa832c330f8fff78,Consequence,1#硝化机内硝化反应产生的水不能及时脱除，DPT发生水解，副反应增加，产品得率下降,1#硝化机内硝化反应产生的水不能及时脱除，DPT发生水解，副反应增加，产品得率下降,,{},H线HAZOP及SIL定级分析 HAZOP记录表.xls,HAZOP_DA_H_R_V1,1.5-hazop,1.0000,accepted
CONSHZ_35d05e8a7d9a6e71ced9,Consequence,常压蒸馏塔温度升高，压力升高，严重时可能超压泄漏,常压蒸馏塔温度升高，压力升高，严重时可能超压泄漏,,{},DA线HAZOP分析记录表.xls,HAZOP_DA_H_R_V1,1.5-hazop,1.0000,accepted
CONSHZ_394e2269b8716dd533fb,Consequence,影响萃取效果，副产物硝酸钠沉淀至二氯甲烷，进而影响下一批次萃取,影响萃取效果，副产物硝酸钠沉淀至二氯甲烷，进而影响下一批次萃取,,{},DA线HAZOP分析记录表.xls,HAZOP_DA_H_R_V1,1.5-hazop,1.0000,accepted
CONSHZ_3a3c9682c24b79f13a58,Consequence,循环水窜至1#硝化机内，局部放热量增加，DPT发生水解，副反应增加，产品得率下降,循环水窜至1#硝化机内，局部放热量增加，DPT发生水解，副反应增加，产品得率下降,,{},H线HAZOP及SIL定级分析 HAZOP记录表.xls,HAZOP_DA_H_R_V1,1.5-hazop,1.0000,accepted
CONSHZ_3e999363c7e6111da3bd,Consequence,影响反应,影响反应,,{},DA线HAZOP分析记录表.xls,HAZOP_DA_H_R_V1,1.5-hazop,1.0000,accepted
CONSHZ_3f19b153855196803847,Consequence,产品中残存碱液，影响后续操作,产品中残存碱液，影响后续操作,,{},DA线HAZOP分析记录表.xls,HAZOP_DA_H_R_V1,1.5-hazop,1.0000,accepted
CONSHZ_3f469adbb367a9da3607,Consequence,溶液消耗量增大，无安全及操作影响（正常亚硝酸钠为过量加入）,溶液消耗量增大，无安全及操作影响（正常亚硝酸钠为过量加入）,,{},DA线HAZOP分析记录表.xls,HAZOP_DA_H_R_V1,1.5-hazop,1.0000,accepted
CONSHZ_40e79310deaa02f43d1f,Consequence,转晶机内压力升高，泄放至外部环境，可能形成爆炸性气氛,转晶机内压力升高，泄放至外部环境，可能形成爆炸性气氛,,{},H线HAZOP及SIL定级分析 HAZOP记录表.xls,HAZOP_DA_H_R_V1,1.5-hazop,1.0000,accepted
CONSHZ_43a5a63d83a8ec4c720e,Consequence,"螺旋推进器可能产生堆料，螺旋推进器电机可能过载损坏；
乌洛托品粉尘浓度增加，可能形成粉尘爆炸性环境","螺旋推进器可能产生堆料，螺旋推进器电机可能过载损坏；
乌洛托品粉尘浓度增加，可能形成粉尘爆炸性环境",,{},H线HAZOP及SIL定级分析 HAZOP记录表.xls,HAZOP_DA_H_R_V1,1.5-hazop,1.0000,accepted
CONSHZ_45170493a21400f15811,Consequence,结晶机硝酸浓度降低，副产物氧化不完全，结晶液不安定，后续工序安全操作受影响,结晶机硝酸浓度降低，副产物氧化不完全，结晶液不安定，后续工序安全操作受影响,,{},R线 HAZOP分析记录表.xls,HAZOP_DA_H_R_V1,1.5-hazop,1.0000,accepted
CONSHZ_4635591b426489ce344c,Consequence,成熟机反应温度升高，熟机反应速率增快，副反应增加，潜在爆炸风险，人员伤亡,成熟机反应温度升高，熟机反应速率增快，副反应增加，潜在爆炸风险，人员伤亡,,{},R线 HAZOP分析记录表.xls,HAZOP_DA_H_R_V1,1.5-hazop,1.0000,accepted
CONSHZ_472d9f16a6ba7d6b668b,Consequence,成熟机压力升高，可能正压，氧化氮气体窜至外部环境，人员可能中毒窒息伤亡,成熟机压力升高，可能正压，氧化氮气体窜至外部环境，人员可能中毒窒息伤亡,,{},R线 HAZOP分析记录表.xls,HAZOP_DA_H_R_V1,1.5-hazop,1.0000,accepted
CONSHZ_47a1bfb3b902b49af9fa,Consequence,硝酸铵配料操作周期延长，无明显安全性影响,硝酸铵配料操作周期延长，无明显安全性影响,,{},H线HAZOP及SIL定级分析 HAZOP记录表.xls,HAZOP_DA_H_R_V1,1.5-hazop,1.0000,accepted
CONSHZ_49cc05c8fd8c16e7e25b,Consequence,循环水窜至铵硝液贮槽内，局部放热量增加，局部温升过快，可能依次达到硝酸、硝酸铵分解温度，潜在爆炸风险,循环水窜至铵硝液贮槽内，局部放热量增加，局部温升过快，可能依次达到硝酸、硝酸铵分解温度，潜在爆炸风险,,{},H线HAZOP及SIL定级分析 HAZOP记录表.xls,HAZOP_DA_H_R_V1,1.5-hazop,1.0000,accepted
CONSHZ_4a6658799245c2b221d4,Consequence,固体物料进入合成釜内，搅拌发生撞击爆炸事故，人员伤害风险,固体物料进入合成釜内，搅拌发生撞击爆炸事故，人员伤害风险,,{},DA线HAZOP分析记录表.xls,HAZOP_DA_H_R_V1,1.5-hazop,1.0000,accepted
CONSHZ_4dbc62286d31fadc8634,Consequence,延长蒸馏时间，严重时影响下一批次物料蒸馏处理,延长蒸馏时间，严重时影响下一批次物料蒸馏处理,,{},DA线HAZOP分析记录表.xls,HAZOP_DA_H_R_V1,1.5-hazop,1.0000,accepted
CONSHZ_5325f531d3ab914ac697,Consequence,合成釜温度降低，温度过低时，吉纳结晶析出，搅拌转速过快时，潜在爆炸，人员伤害风险,合成釜温度降低，温度过低时，吉纳结晶析出，搅拌转速过快时，潜在爆炸，人员伤害风险,,{},DA线HAZOP分析记录表.xls,HAZOP_DA_H_R_V1,1.5-hazop,1.0000,accepted
CONSHZ_54497bcdf160fbaa0806,Consequence,铵硝配机压力升高，酸性硝烟窜至外部环境，人员可能中毒窒息伤亡,铵硝配机压力升高，酸性硝烟窜至外部环境，人员可能中毒窒息伤亡,,{},H线HAZOP及SIL定级分析 HAZOP记录表.xls,HAZOP_DA_H_R_V1,1.5-hazop,1.0000,accepted
CONSHZ_56298080bb045a747d23,Consequence,3#硝化机温度升高，硝化反应速率增加，硝化机内物料可能分解，3#硝化机内可能发生燃爆，人员伤亡，环境污染,3#硝化机温度升高，硝化反应速率增加，硝化机内物料可能分解，3#硝化机内可能发生燃爆，人员伤亡，环境污染,,{},H线HAZOP及SIL定级分析 HAZOP记录表.xls,HAZOP_DA_H_R_V1,1.5-hazop,1.0000,accepted
CONSHZ_58f96b33eeeb86be518a,Consequence,布袋除尘器布袋可能损坏，粉料泄漏至外部环境，可能形成粉尘爆炸性环境,布袋除尘器布袋可能损坏，粉料泄漏至外部环境，可能形成粉尘爆炸性环境,,{},H线HAZOP及SIL定级分析 HAZOP记录表.xls,HAZOP_DA_H_R_V1,1.5-hazop,1.0000,accepted
CONSHZ_593dda1192286adc0ab8,Consequence,副产物氧化速率过快，结晶机温度升高，发生冒料，人员中毒灼伤,副产物氧化速率过快，结晶机温度升高，发生冒料，人员中毒灼伤,,{},R线 HAZOP分析记录表.xls,HAZOP_DA_H_R_V1,1.5-hazop,1.0000,accepted
CONSHZ_5a1b20ece4db3285e66c,Consequence,结晶机温度升高，硝酸浓度升高，RDX结晶粒度增大，产品得率降低,结晶机温度升高，硝酸浓度升高，RDX结晶粒度增大，产品得率降低,,{},R线 HAZOP分析记录表.xls,HAZOP_DA_H_R_V1,1.5-hazop,1.0000,accepted
CONSHZ_5e1aacd4c1943abba07a,Consequence,乌醋液中乌洛托品浓度降低，影响产品质量，无明显安全影响,乌醋液中乌洛托品浓度降低，影响产品质量，无明显安全影响,,{},H线HAZOP及SIL定级分析 HAZOP记录表.xls,HAZOP_DA_H_R_V1,1.5-hazop,1.0000,accepted
CONSHZ_5edcc1f11c19ca654782,Consequence,蒸馏机可能冒料，物料泄放至外部环境，潜在爆炸风险，人员伤亡,蒸馏机可能冒料，物料泄放至外部环境，潜在爆炸风险，人员伤亡,,{},H线HAZOP及SIL定级分析 HAZOP记录表.xls,HAZOP_DA_H_R_V1,1.5-hazop,1.0000,accepted
CONSHZ_6067c8d1be3dfd1d9a7a,Consequence,1#硝化机压力升高，酸性气体窜至外部环境，人员可能中毒,1#硝化机压力升高，酸性气体窜至外部环境，人员可能中毒,,{},H线HAZOP及SIL定级分析 HAZOP记录表.xls,HAZOP_DA_H_R_V1,1.5-hazop,1.0000,accepted
CONSHZ_62a2c8929be1cce4c2ee,Consequence,乌洛托品/硝酸比例升高，硝化机反应速率增快，副反应增加，硝化机反应温度升高，潜在爆炸风险，人员伤亡,乌洛托品/硝酸比例升高，硝化机反应速率增快，副反应增加，硝化机反应温度升高，潜在爆炸风险，人员伤亡,,{},R线 HAZOP分析记录表.xls,HAZOP_DA_H_R_V1,1.5-hazop,1.0000,accepted
CONSHZ_6397d544d76e0ebfa0e8,Consequence,脱色釜中活性炭沉积，可能堵塞下料口,脱色釜中活性炭沉积，可能堵塞下料口,,{},DA线HAZOP分析记录表.xls,HAZOP_DA_H_R_V1,1.5-hazop,1.0000,accepted
CONSHZ_642f66e25b34dc6a1877,Consequence,输送空气出换热器温度降低，硝酸铵中水可能析出，引起硝酸铵结块堵塞设备管线，影响硝酸铵输送,输送空气出换热器温度降低，硝酸铵中水可能析出，引起硝酸铵结块堵塞设备管线，影响硝酸铵输送,,{},H线HAZOP及SIL定级分析 HAZOP记录表.xls,HAZOP_DA_H_R_V1,1.5-hazop,1.0000,accepted
CONSHZ_672496d1e5122051ce9c,Consequence,静电事故，潜在爆炸，人员伤害风险,静电事故，潜在爆炸，人员伤害风险,,{},DA线HAZOP分析记录表.xls,HAZOP_DA_H_R_V1,1.5-hazop,1.0000,accepted
CONSHZ_68be4f5ae4db43fd3b0b,Consequence,3#硝化机内铵硝比例减少，硝化反应速率降低，温度降低，产品得率降低,3#硝化机内铵硝比例减少，硝化反应速率降低，温度降低，产品得率降低,,{},H线HAZOP及SIL定级分析 HAZOP记录表.xls,HAZOP_DA_H_R_V1,1.5-hazop,1.0000,accepted
CONSHZ_6ab9aac044714a8425d7,Consequence,毛细管蒸馏釜压力升高，严重时可能超压泄漏,毛细管蒸馏釜压力升高，严重时可能超压泄漏,,{},DA线HAZOP分析记录表.xls,HAZOP_DA_H_R_V1,1.5-hazop,1.0000,accepted
CONSHZ_6b7dcdbfbd80268f1a5f,Consequence,"热压煮洗机液位升高，可能冒料，环境污染，人员灼伤；
热压煮洗机升温过程中，可能超压损坏，物料泄漏，人员灼伤","热压煮洗机液位升高，可能冒料，环境污染，人员灼伤；
热压煮洗机升温过程中，可能超压损坏，物料泄漏，人员灼伤",,{},R线 HAZOP分析记录表.xls,HAZOP_DA_H_R_V1,1.5-hazop,1.0000,accepted
CONSHZ_6b8cd6dbc49e70ea8873,Consequence,废水PH值降低，直接排入下游废水处理站，可能导致下游菌种杀死,废水PH值降低，直接排入下游废水处理站，可能导致下游菌种杀死,,{},DA线HAZOP分析记录表.xls,HAZOP_DA_H_R_V1,1.5-hazop,1.0000,accepted
CONSHZ_6bc61b5f37c6ea7c13f1,Consequence,3#硝化机内铵硝比例增加，硝化反应速率增加，放热量增加，温度急剧升高，硝化机内物料可能发生燃爆，人员伤亡，环境污染,3#硝化机内铵硝比例增加，硝化反应速率增加，放热量增加，温度急剧升高，硝化机内物料可能发生燃爆，人员伤亡，环境污染,,{},H线HAZOP及SIL定级分析 HAZOP记录表.xls,HAZOP_DA_H_R_V1,1.5-hazop,1.0000,accepted
CONSHZ_6e59676141069b6a7907,Consequence,常压蒸馏塔压力升高，严重时可能超压泄漏,常压蒸馏塔压力升高，严重时可能超压泄漏,,{},DA线HAZOP分析记录表.xls,HAZOP_DA_H_R_V1,1.5-hazop,1.0000,accepted
CONSHZ_6f86045b8ae77d027667,Consequence,星型下料器料位升高，料位过高时，可能满溢至布袋除尘器，堵塞设备管线，星型下料器电机可能过载损坏,星型下料器料位升高，料位过高时，可能满溢至布袋除尘器，堵塞设备管线，星型下料器电机可能过载损坏,,{},H线HAZOP及SIL定级分析 HAZOP记录表.xls,HAZOP_DA_H_R_V1,1.5-hazop,1.0000,accepted
CONSHZ_737cb8d3ad58211a4b2a,Consequence,冷冻水泄漏至脱色釜中，影响脱色效果,冷冻水泄漏至脱色釜中，影响脱色效果,,{},DA线HAZOP分析记录表.xls,HAZOP_DA_H_R_V1,1.5-hazop,1.0000,accepted
CONSHZ_7433cfe116b34346b42b,Consequence,1#硝化机温度升高，硝化反应速率增加，硝化机内物料可能分解，1#硝化机内可能发生燃爆，人员伤亡，环境污染,1#硝化机温度升高，硝化反应速率增加，硝化机内物料可能分解，1#硝化机内可能发生燃爆，人员伤亡，环境污染,,{},H线HAZOP及SIL定级分析 HAZOP记录表.xls,HAZOP_DA_H_R_V1,1.5-hazop,1.0000,accepted
CONSHZ_749c6bbb0f4c3dbec699,Consequence,"两类不同后果：
1#硝化机内铵硝比例增加，硝化反应速率降低，温度降低，产品得率降低；
1#硝化机内铵硝比例增加，硝化反应速率增加，放热量增加，温度急剧升高，硝化机内物料可能发生燃爆，人员伤亡，环境污染","两类不同后果：
1#硝化机内铵硝比例增加，硝化反应速率降低，温度降低，产品得率降低；
1#硝化机内铵硝比例增加，硝化反应速率增加，放热量增加，温度急剧升高，硝化机内物料可能发生燃爆，人员伤亡，环境污染",,{},H线HAZOP及SIL定级分析 HAZOP记录表.xls,HAZOP_DA_H_R_V1,1.5-hazop,1.0000,accepted
CONSHZ_7787627c4c7e7aceb8a2,Consequence,吉纳反应不完全，影响产品质量，反应过程中吉纳可能分解，潜在爆炸风险,吉纳反应不完全，影响产品质量，反应过程中吉纳可能分解，潜在爆炸风险,,{},DA线HAZOP分析记录表.xls,HAZOP_DA_H_R_V1,1.5-hazop,1.0000,accepted
CONSHZ_77acc4250a26c465f756,Consequence,物料损失,物料损失,,{},DA线HAZOP分析记录表.xls,HAZOP_DA_H_R_V1,1.5-hazop,1.0000,accepted
CONSHZ_787c6b09634c3c926cce,Consequence,废水进入有机相，有机相杂质增多，杂质进入后续蒸馏工序，潜在安全风险,废水进入有机相，有机相杂质增多，杂质进入后续蒸馏工序，潜在安全风险,,{},DA线HAZOP分析记录表.xls,HAZOP_DA_H_R_V1,1.5-hazop,1.0000,accepted
CONSHZ_788c2ba59f1ab843c7c2,Consequence,布袋除尘器布袋可能超压损坏，粉料泄漏至外部环境，可能形成粉尘爆炸性环境,布袋除尘器布袋可能超压损坏，粉料泄漏至外部环境，可能形成粉尘爆炸性环境,,{},H线HAZOP及SIL定级分析 HAZOP记录表.xls,HAZOP_DA_H_R_V1,1.5-hazop,1.0000,accepted
CONSHZ_7b4dc9cb67358f05ffec,Consequence,乌醋配机压力升高，酸性气体窜至外部环境，人员可能中毒窒息伤亡,乌醋配机压力升高，酸性气体窜至外部环境，人员可能中毒窒息伤亡,,{},H线HAZOP及SIL定级分析 HAZOP记录表.xls,HAZOP_DA_H_R_V1,1.5-hazop,1.0000,accepted
CONSHZ_7c5f7fd7bdb4a71be01b,Consequence,设备管线腐蚀减薄，潜在泄漏风险,设备管线腐蚀减薄，潜在泄漏风险,,{},DA线HAZOP分析记录表.xls,HAZOP_DA_H_R_V1,1.5-hazop,1.0000,accepted
CONSHZ_7c641002e70a889da5f1,Consequence,冷冻水泄漏至二氯甲烷收集槽，二氯甲烷中含水量过高，影响产品萃取效果,冷冻水泄漏至二氯甲烷收集槽，二氯甲烷中含水量过高，影响产品萃取效果,,{},DA线HAZOP分析记录表.xls,HAZOP_DA_H_R_V1,1.5-hazop,1.0000,accepted
CONSHZ_7d944e1acf4e7ff04269,Consequence,乌洛托品/硝酸比例降低，副反应增加，硝化机反应温度降低，无明显安全影响,乌洛托品/硝酸比例降低，副反应增加，硝化机反应温度降低，无明显安全影响,,{},R线 HAZOP分析记录表.xls,HAZOP_DA_H_R_V1,1.5-hazop,1.0000,accepted
CONSHZ_7db60cd67cd6ecd8dc03,Consequence,可能影响产品质量，产品呈酸性,可能影响产品质量，产品呈酸性,,{},DA线HAZOP分析记录表.xls,HAZOP_DA_H_R_V1,1.5-hazop,1.0000,accepted
CONSHZ_7f2eb096ae57c1ed3236,Consequence,冲洗水进入合成釜，影响产品质量,冲洗水进入合成釜，影响产品质量,,{},DA线HAZOP分析记录表.xls,HAZOP_DA_H_R_V1,1.5-hazop,1.0000,accepted
CONSHZ_7f308ff892644ccea29e,Consequence,无明显安全影响,无明显安全影响,,{},H线HAZOP及SIL定级分析 HAZOP记录表.xls,HAZOP_DA_H_R_V1,1.5-hazop,1.0000,accepted
CONSHZ_7f41957dd12b1b63f73f,Consequence,毛细管蒸馏釜温度降低，压力降低，影响减压蒸馏效果，产品不合格,毛细管蒸馏釜温度降低，压力降低，影响减压蒸馏效果，产品不合格,,{},DA线HAZOP分析记录表.xls,HAZOP_DA_H_R_V1,1.5-hazop,1.0000,accepted
CONSHZ_80dc26475db3e9fab3d1,Consequence,乌洛托品下料不均匀，可能在料仓架桥堵塞，无明显安全影响,乌洛托品下料不均匀，可能在料仓架桥堵塞，无明显安全影响,,{},R线 HAZOP分析记录表.xls,HAZOP_DA_H_R_V1,1.5-hazop,1.0000,accepted
CONSHZ_810c95cc5855a8c3c2a7,Consequence,参见“3.5.1 常压蒸馏塔压力过低”,参见“3.5.1 常压蒸馏塔压力过低”,,{},DA线HAZOP分析记录表.xls,HAZOP_DA_H_R_V1,1.5-hazop,1.0000,accepted
CONSHZ_81121eaf8d7e285abe37,Consequence,结晶机反应局部温度过高，存在火灾爆炸风险，人员伤亡,结晶机反应局部温度过高，存在火灾爆炸风险，人员伤亡,,{},R线 HAZOP分析记录表.xls,HAZOP_DA_H_R_V1,1.5-hazop,1.0000,accepted
CONSHZ_82b4eb3f04a0ab17844b,Consequence,有机相放料至废水收集槽，产品损失,有机相放料至废水收集槽，产品损失,,{},DA线HAZOP分析记录表.xls,HAZOP_DA_H_R_V1,1.5-hazop,1.0000,accepted
CONSHZ_834dc1e092710472501b,Consequence,成熟机反应局部温度过高，存在爆炸风险，人员伤亡,成熟机反应局部温度过高，存在爆炸风险，人员伤亡,,{},R线 HAZOP分析记录表.xls,HAZOP_DA_H_R_V1,1.5-hazop,1.0000,accepted
CONSHZ_83d0d87ecd0048e31f95,Consequence,热压煮洗机温升过快，RDX可能分解爆炸,热压煮洗机温升过快，RDX可能分解爆炸,,{},R线 HAZOP分析记录表.xls,HAZOP_DA_H_R_V1,1.5-hazop,1.0000,accepted
CONSHZ_85999587c6f6e15aa900,Consequence,3#硝化机内硝化反应产生的水不能及时脱除，DPT发生水解，副反应增加，产品得率下降,3#硝化机内硝化反应产生的水不能及时脱除，DPT发生水解，副反应增加，产品得率下降,,{},H线HAZOP及SIL定级分析 HAZOP记录表.xls,HAZOP_DA_H_R_V1,1.5-hazop,1.0000,accepted
CONSHZ_8767ae36b43a0747f875,Consequence,1#硝化机酰化反应增加，温度升高，硝化反应速率增加，副产物增加，产品得率降低,1#硝化机酰化反应增加，温度升高，硝化反应速率增加，副产物增加，产品得率降低,,{},H线HAZOP及SIL定级分析 HAZOP记录表.xls,HAZOP_DA_H_R_V1,1.5-hazop,1.0000,accepted
CONSHZ_893f5a2316097a31b409,Consequence,结晶机温度升高，副产物氧化速率过快，发生冒料，人员中毒灼伤,结晶机温度升高，副产物氧化速率过快，发生冒料，人员中毒灼伤,,{},R线 HAZOP分析记录表.xls,HAZOP_DA_H_R_V1,1.5-hazop,1.0000,accepted
CONSHZ_8a9047301aefc3b4b5ac,Consequence,冷冻盐水窜至硝化机内，局部放热量增加，副反应增加，硝化机温度升高，产品得率下降,冷冻盐水窜至硝化机内，局部放热量增加，副反应增加，硝化机温度升高，产品得率下降,,{},R线 HAZOP分析记录表.xls,HAZOP_DA_H_R_V1,1.5-hazop,1.0000,accepted
CONSHZ_8b722fc2c6d6a72bd7f8,Consequence,蒸馏机升温速率过快，压力升高，可能冒料，物料泄漏至外部环境，潜在爆炸风险，人员伤亡,蒸馏机升温速率过快，压力升高，可能冒料，物料泄漏至外部环境，潜在爆炸风险，人员伤亡,,{},H线HAZOP及SIL定级分析 HAZOP记录表.xls,HAZOP_DA_H_R_V1,1.5-hazop,1.0000,accepted
CONSHZ_8f03c88bd73646e240a0,Consequence,乌洛托品/硝酸比例升高，硝化机反应不完全，副反应增加，产物稳定性下降，硝化液浑浊，可能喷料,乌洛托品/硝酸比例升高，硝化机反应不完全，副反应增加，产物稳定性下降，硝化液浑浊，可能喷料,,{},R线 HAZOP分析记录表.xls,HAZOP_DA_H_R_V1,1.5-hazop,1.0000,accepted
CONSHZ_8f767f8f409ad4d2d2b0,Consequence,气动阀门处于故障位置，可能导致安全事故,气动阀门处于故障位置，可能导致安全事故,,{},DA线HAZOP分析记录表.xls,HAZOP_DA_H_R_V1,1.5-hazop,1.0000,accepted
CONSHZ_8f769e48ee4444e22659,Consequence,硝酸铵、硝酸全部加注至铵硝配机，启动搅拌器时，溶液配制放热量增加，溶解界面温升速率过快，可能达到硝酸、硝酸铵分解温度，潜在爆炸风险,硝酸铵、硝酸全部加注至铵硝配机，启动搅拌器时，溶液配制放热量增加，溶解界面温升速率过快，可能达到硝酸、硝酸铵分解温度，潜在爆炸风险,,{},H线HAZOP及SIL定级分析 HAZOP记录表.xls,HAZOP_DA_H_R_V1,1.5-hazop,1.0000,accepted
CONSHZ_91af8adef506331bd94a,Consequence,影响溶剂加热效果，延长反应时间，无安全影响,影响溶剂加热效果，延长反应时间，无安全影响,,{},DA线HAZOP分析记录表.xls,HAZOP_DA_H_R_V1,1.5-hazop,1.0000,accepted
CONSHZ_92353e8975b30f3fcf56,Consequence,常压蒸馏塔温度降低，压力降低，影响蒸馏效果，产品中二氯甲烷含量增加，下游毛细管蒸馏釜负荷增大，严重时产品不合格,常压蒸馏塔温度降低，压力降低，影响蒸馏效果，产品中二氯甲烷含量增加，下游毛细管蒸馏釜负荷增大，严重时产品不合格,,{},DA线HAZOP分析记录表.xls,HAZOP_DA_H_R_V1,1.5-hazop,1.0000,accepted
CONSHZ_92638ec2a6f9a02c9b08,Consequence,无安全及操作影响（进常压蒸馏釜管线上设有精密过滤器）,无安全及操作影响（进常压蒸馏釜管线上设有精密过滤器）,,{},DA线HAZOP分析记录表.xls,HAZOP_DA_H_R_V1,1.5-hazop,1.0000,accepted
CONSHZ_93ce59f7ccfa39f14872,Consequence,5#硝化机温度降低，影响产品质量,5#硝化机温度降低，影响产品质量,,{},H线HAZOP及SIL定级分析 HAZOP记录表.xls,HAZOP_DA_H_R_V1,1.5-hazop,1.0000,accepted
CONSHZ_95bdbe1d733745405699,Consequence,二氯甲烷泄漏至外部环境，人员中毒风险,二氯甲烷泄漏至外部环境，人员中毒风险,,{},DA线HAZOP分析记录表.xls,HAZOP_DA_H_R_V1,1.5-hazop,1.0000,accepted
CONSHZ_967d0bb6f65aa3f98b51,Consequence,硝化反应过程中，氮氧化物含量过高，减弱硝解反应，副反应产物增加，使产品得率降低,硝化反应过程中，氮氧化物含量过高，减弱硝解反应，副反应产物增加，使产品得率降低,,{},H线HAZOP及SIL定级分析 HAZOP记录表.xls,HAZOP_DA_H_R_V1,1.5-hazop,1.0000,accepted
CONSHZ_96dcecd7dea0a304598d,Consequence,合成釜内固含量过多，可能由于摩擦撞击导致爆炸事故，人员伤害风险,合成釜内固含量过多，可能由于摩擦撞击导致爆炸事故，人员伤害风险,,{},DA线HAZOP分析记录表.xls,HAZOP_DA_H_R_V1,1.5-hazop,1.0000,accepted
CONSHZ_972e000c45542c28a819,Consequence,3#硝化机酰化反应增加，温度升高，硝化反应速率增加，副产物增加，产品得率降低,3#硝化机酰化反应增加，温度升高，硝化反应速率增加，副产物增加，产品得率降低,,{},H线HAZOP及SIL定级分析 HAZOP记录表.xls,HAZOP_DA_H_R_V1,1.5-hazop,1.0000,accepted
CONSHZ_97737262c926530cc894,Consequence,蒸馏机升温速度过慢，延长蒸馏工序操作时间，无明显安全影响,蒸馏机升温速度过慢，延长蒸馏工序操作时间，无明显安全影响,,{},H线HAZOP及SIL定级分析 HAZOP记录表.xls,HAZOP_DA_H_R_V1,1.5-hazop,1.0000,accepted
CONSHZ_98623ea3bd603480d3d4,Consequence,脱色釜温度降低，影响脱色效果，影响产品质量,脱色釜温度降低，影响脱色效果，影响产品质量,,{},DA线HAZOP分析记录表.xls,HAZOP_DA_H_R_V1,1.5-hazop,1.0000,accepted
CONSHZ_9c77e968e64d083e3c4b,Consequence,影响碱洗效果，产品质量不合格，产品呈酸性,影响碱洗效果，产品质量不合格，产品呈酸性,,{},DA线HAZOP分析记录表.xls,HAZOP_DA_H_R_V1,1.5-hazop,1.0000,accepted
CONSHZ_9ceab523fd3195e8c3eb,Consequence,"分离釜温度升高，压力升高，液位降低，液位过低时，分离釜底部物料可能蒸干，潜在爆炸风险；
分离釜压力过高时，可能超压损坏，物料泄漏至外部环境，潜在爆炸风险","分离釜温度升高，压力升高，液位降低，液位过低时，分离釜底部物料可能蒸干，潜在爆炸风险；
分离釜压力过高时，可能超压损坏，物料泄漏至外部环境，潜在爆炸风险",,{},H线HAZOP及SIL定级分析 HAZOP记录表.xls,HAZOP_DA_H_R_V1,1.5-hazop,1.0000,accepted
CONSHZ_9dddcda285e0da0f9b00,Consequence,铵硝液中硝酸铵浓度升高，硝化反应速率增加，温度快速上升，硝化机内物料可能分解，1#硝化机内可能发生燃爆，人员伤亡，环境污染,铵硝液中硝酸铵浓度升高，硝化反应速率增加，温度快速上升，硝化机内物料可能分解，1#硝化机内可能发生燃爆，人员伤亡，环境污染,,{},H线HAZOP及SIL定级分析 HAZOP记录表.xls,HAZOP_DA_H_R_V1,1.5-hazop,1.0000,accepted
CONSHZ_9ef89154347ead3ba545,Consequence,硝化机反应局部温度过高，存在火灾爆炸风险，人员伤亡,硝化机反应局部温度过高，存在火灾爆炸风险，人员伤亡,,{},R线 HAZOP分析记录表.xls,HAZOP_DA_H_R_V1,1.5-hazop,1.0000,accepted
CONSHZ_9f792d12e7ac14ecf5b0,Consequence,影响产品质量，无明显安全影响,影响产品质量，无明显安全影响,,{},H线HAZOP及SIL定级分析 HAZOP记录表.xls,HAZOP_DA_H_R_V1,1.5-hazop,1.0000,accepted
CONSHZ_a0a962fc8a55621a499a,Consequence,二甲基亚砜蒸汽泄漏至外部环境，严重时潜在爆炸，人员伤害风险,二甲基亚砜蒸汽泄漏至外部环境，严重时潜在爆炸，人员伤害风险,,{},DA线HAZOP分析记录表.xls,HAZOP_DA_H_R_V1,1.5-hazop,1.0000,accepted
CONSHZ_a6c954dc1d98a86cac5f,Consequence,设备管线腐蚀减薄，潜在泄漏风险，法兰、螺栓腐蚀损坏,设备管线腐蚀减薄，潜在泄漏风险，法兰、螺栓腐蚀损坏,,{},DA线HAZOP分析记录表.xls,HAZOP_DA_H_R_V1,1.5-hazop,1.0000,accepted
CONSHZ_a6d1a98e444729ab1d46,Consequence,转晶机粗品HMX混料摩擦撞击感度增加，潜在爆炸风险,转晶机粗品HMX混料摩擦撞击感度增加，潜在爆炸风险,,{},H线HAZOP及SIL定级分析 HAZOP记录表.xls,HAZOP_DA_H_R_V1,1.5-hazop,1.0000,accepted
CONSHZ_a73f0de21ca221105a7c,Consequence,操作人员投料过程中可能中毒晕倒,操作人员投料过程中可能中毒晕倒,,{},H线HAZOP及SIL定级分析 HAZOP记录表.xls,HAZOP_DA_H_R_V1,1.5-hazop,1.0000,accepted
CONSHZ_a7712cce5af72ea9d90c,Consequence,"螺旋推进器可能产生堆料，螺旋推进器电机可能过载损坏；
硝酸铵粉尘浓度增加，可能形成粉尘爆炸性环境","螺旋推进器可能产生堆料，螺旋推进器电机可能过载损坏；
硝酸铵粉尘浓度增加，可能形成粉尘爆炸性环境",,{},H线HAZOP及SIL定级分析 HAZOP记录表.xls,HAZOP_DA_H_R_V1,1.5-hazop,1.0000,accepted
CONSHZ_a78dc08011588616a48b,Consequence,结晶机温度降低，硝酸浓度降低，RDX结晶粒度减小，副产物氧化不完全，结晶液不安定，后续工序安全操作受影响,结晶机温度降低，硝酸浓度降低，RDX结晶粒度减小，副产物氧化不完全，结晶液不安定，后续工序安全操作受影响,,{},R线 HAZOP分析记录表.xls,HAZOP_DA_H_R_V1,1.5-hazop,1.0000,accepted
CONSHZ_a8233ca3b56568b8468e,Consequence,吉纳溶解不完全，搅拌转速过快时，可能发生爆炸，人员伤害风险,吉纳溶解不完全，搅拌转速过快时，可能发生爆炸，人员伤害风险,,{},DA线HAZOP分析记录表.xls,HAZOP_DA_H_R_V1,1.5-hazop,1.0000,accepted
CONSHZ_a8f0eb100192dfb194de,Consequence,能耗增大，无安全影响,能耗增大，无安全影响,,{},DA线HAZOP分析记录表.xls,HAZOP_DA_H_R_V1,1.5-hazop,1.0000,accepted
CONSHZ_a9b59facc9838033b8cc,Consequence,"分离釜温度降低，压力降低，液位升高，分离釜分离效果变差；
分离釜换热管束区域局部温度升高，潜在爆炸风险","分离釜温度降低，压力降低，液位升高，分离釜分离效果变差；
分离釜换热管束区域局部温度升高，潜在爆炸风险",,{},H线HAZOP及SIL定级分析 HAZOP记录表.xls,HAZOP_DA_H_R_V1,1.5-hazop,1.0000,accepted
CONSHZ_a9d7663e2de0991a14e8,Consequence,1#硝化机温度降低，影响产品质量,1#硝化机温度降低，影响产品质量,,{},H线HAZOP及SIL定级分析 HAZOP记录表.xls,HAZOP_DA_H_R_V1,1.5-hazop,1.0000,accepted
CONSHZ_aa0b9c1d64f8dd96614f,Consequence,延长合成反应时间，无安全影响,延长合成反应时间，无安全影响,,{},DA线HAZOP分析记录表.xls,HAZOP_DA_H_R_V1,1.5-hazop,1.0000,accepted
CONSHZ_aa6bd1aaf5d8149ed010,Consequence,常压蒸馏塔蒸馏效果差，下游毛细管蒸馏釜负荷增大，严重时产品不合格,常压蒸馏塔蒸馏效果差，下游毛细管蒸馏釜负荷增大，严重时产品不合格,,{},DA线HAZOP分析记录表.xls,HAZOP_DA_H_R_V1,1.5-hazop,1.0000,accepted
CONSHZ_ab80c637fc7843458e67,Consequence,参见“1.7.1 反应过程合成釜温度过低”,参见“1.7.1 反应过程合成釜温度过低”,,{},DA线HAZOP分析记录表.xls,HAZOP_DA_H_R_V1,1.5-hazop,1.0000,accepted
CONSHZ_abf808ff5bf86524c758,Consequence,硝化机负压过低时，乌洛托品可能窜至硝烟回收系统，可能在硝烟回收系统设备管道内着火爆炸,硝化机负压过低时，乌洛托品可能窜至硝烟回收系统，可能在硝烟回收系统设备管道内着火爆炸,,{},R线 HAZOP分析记录表.xls,HAZOP_DA_H_R_V1,1.5-hazop,1.0000,accepted
CONSHZ_ac6dc52b6063f2be9443,Consequence,废水产出量增大，无安全影响,废水产出量增大，无安全影响,,{},DA线HAZOP分析记录表.xls,HAZOP_DA_H_R_V1,1.5-hazop,1.0000,accepted
CONSHZ_acbd94d7b135deeeda9f,Consequence,结晶机硝酸浓度升高，温度升高，RDX结晶粒度增大，产品得率降低,结晶机硝酸浓度升高，温度升高，RDX结晶粒度增大，产品得率降低,,{},R线 HAZOP分析记录表.xls,HAZOP_DA_H_R_V1,1.5-hazop,1.0000,accepted
CONSHZ_b71294a35b58aa05f34e,Consequence,热压煮洗机液位降低，无法淹没蛇管，升温过程中，蛇管附着的RDX可能分解爆炸,热压煮洗机液位降低，无法淹没蛇管，升温过程中，蛇管附着的RDX可能分解爆炸,,{},R线 HAZOP分析记录表.xls,HAZOP_DA_H_R_V1,1.5-hazop,1.0000,accepted
CONSHZ_b752c99593e328a97b3d,Consequence,循环水窜至铵硝配机内，局部放热量增加，局部温升过快，可能依次达到硝酸、硝酸铵分解温度，潜在爆炸风险,循环水窜至铵硝配机内，局部放热量增加，局部温升过快，可能依次达到硝酸、硝酸铵分解温度，潜在爆炸风险,,{},H线HAZOP及SIL定级分析 HAZOP记录表.xls,HAZOP_DA_H_R_V1,1.5-hazop,1.0000,accepted
CONSHZ_bb3440619daeb7dd84e6,Consequence,输送空气出换热器温度升高，乌洛托品可能结块堵塞设备管线，影响乌洛托品输送,输送空气出换热器温度升高，乌洛托品可能结块堵塞设备管线，影响乌洛托品输送,,{},H线HAZOP及SIL定级分析 HAZOP记录表.xls,HAZOP_DA_H_R_V1,1.5-hazop,1.0000,accepted
CONSHZ_bbc1400f18522d53023f,Consequence,活性炭消耗量增大，无安全影响,活性炭消耗量增大，无安全影响,,{},DA线HAZOP分析记录表.xls,HAZOP_DA_H_R_V1,1.5-hazop,1.0000,accepted
CONSHZ_bf157744726b793b70e0,Consequence,成熟机反应温度升高，成熟机反应速率增快，副反应增加，潜在爆炸风险，人员伤亡,成熟机反应温度升高，成熟机反应速率增快，副反应增加，潜在爆炸风险，人员伤亡,,{},R线 HAZOP分析记录表.xls,HAZOP_DA_H_R_V1,1.5-hazop,1.0000,accepted
CONSHZ_bf2b57917395b2caf41d,Consequence,1#硝化机内铵硝比例增加，硝化反应速率增加，放热量增加，温度急剧升高，硝化机内物料可能发生燃爆，人员伤亡，环境污染,1#硝化机内铵硝比例增加，硝化反应速率增加，放热量增加，温度急剧升高，硝化机内物料可能发生燃爆，人员伤亡，环境污染,,{},H线HAZOP及SIL定级分析 HAZOP记录表.xls,HAZOP_DA_H_R_V1,1.5-hazop,1.0000,accepted
CONSHZ_bf88511f910e5b2d769a,Consequence,摇摆颗粒机料位升高，可能满溢至外部环境，形成粉尘爆炸性环境,摇摆颗粒机料位升高，可能满溢至外部环境，形成粉尘爆炸性环境,,{},H线HAZOP及SIL定级分析 HAZOP记录表.xls,HAZOP_DA_H_R_V1,1.5-hazop,1.0000,accepted
CONSHZ_c4b3c2420493a482e571,Consequence,乌醋液中乌洛托品浓度升高，反应速率增加，温度快速上升，乌醋配机内物料可能分解，乌醋配机内可能发生燃爆，人员伤亡，环境污染,乌醋液中乌洛托品浓度升高，反应速率增加，温度快速上升，乌醋配机内物料可能分解，乌醋配机内可能发生燃爆，人员伤亡，环境污染,,{},H线HAZOP及SIL定级分析 HAZOP记录表.xls,HAZOP_DA_H_R_V1,1.5-hazop,1.0000,accepted
CONSHZ_c7914a104c47cfd8f840,Consequence,乌醋配机搅拌器可能弯曲变形，电机可能过载损坏,乌醋配机搅拌器可能弯曲变形，电机可能过载损坏,,{},H线HAZOP及SIL定级分析 HAZOP记录表.xls,HAZOP_DA_H_R_V1,1.5-hazop,1.0000,accepted
CONSHZ_c7a21e88f5424927162b,Consequence,影响喷射器抽真空效果，影响产品输送,影响喷射器抽真空效果，影响产品输送,,{},DA线HAZOP分析记录表.xls,HAZOP_DA_H_R_V1,1.5-hazop,1.0000,accepted
CONSHZ_cec29b12aa82ecce733f,Consequence,水封水可能窜至硝化机，局部放热量增加，DPT发生水解，副反应增加，产品得率下降,水封水可能窜至硝化机，局部放热量增加，DPT发生水解，副反应增加，产品得率下降,,{},H线HAZOP及SIL定级分析 HAZOP记录表.xls,HAZOP_DA_H_R_V1,1.5-hazop,1.0000,accepted
CONSHZ_cf8deb5043f406a2f4cc,Consequence,原料浪费，反应不完全，无安全影响,原料浪费，反应不完全，无安全影响,,{},DA线HAZOP分析记录表.xls,HAZOP_DA_H_R_V1,1.5-hazop,1.0000,accepted
CONSHZ_cfaec69a73e32acba943,Consequence,搅拌停车，固体物料未充分溶解时，再次开启，可能发生撞击爆炸事故；热水循环泵停车，合成釜温度降低，晶体析出，再次开启搅拌器可能发生撞击爆炸事故,搅拌停车，固体物料未充分溶解时，再次开启，可能发生撞击爆炸事故；热水循环泵停车，合成釜温度降低，晶体析出，再次开启搅拌器可能发生撞击爆炸事故,,{},DA线HAZOP分析记录表.xls,HAZOP_DA_H_R_V1,1.5-hazop,1.0000,accepted
CONSHZ_cfdc42f24ffbcf118750,Consequence,硝化机内局部温升过快，可能依次达到硝酸、硝酸铵分解温度，硝化机内可能发生燃爆，人员伤亡，环境污染,硝化机内局部温升过快，可能依次达到硝酸、硝酸铵分解温度，硝化机内可能发生燃爆，人员伤亡，环境污染,,{},H线HAZOP及SIL定级分析 HAZOP记录表.xls,HAZOP_DA_H_R_V1,1.5-hazop,1.0000,accepted
CONSHZ_d2364719a199a3e1c0fa,Consequence,乌洛托品配料操作周期延长，无明显安全性影响,乌洛托品配料操作周期延长，无明显安全性影响,,{},H线HAZOP及SIL定级分析 HAZOP记录表.xls,HAZOP_DA_H_R_V1,1.5-hazop,1.0000,accepted
CONSHZ_d30a92bf1e42740277cf,Consequence,分离塔进料温度升高，液位降低，液位过低时，分离釜底部物料可能蒸干，潜在爆炸风险,分离塔进料温度升高，液位降低，液位过低时，分离釜底部物料可能蒸干，潜在爆炸风险,,{},H线HAZOP及SIL定级分析 HAZOP记录表.xls,HAZOP_DA_H_R_V1,1.5-hazop,1.0000,accepted
CONSHZ_d3a39f354fa4ab5ca458,Consequence,"分离塔进料温度降低，分离釜温度降低，液位升高，分离釜分离效果变差；
分离釜换热管束区域局部温度升高，潜在爆炸风险","分离塔进料温度降低，分离釜温度降低，液位升高，分离釜分离效果变差；
分离釜换热管束区域局部温度升高，潜在爆炸风险",,{},H线HAZOP及SIL定级分析 HAZOP记录表.xls,HAZOP_DA_H_R_V1,1.5-hazop,1.0000,accepted
CONSHZ_d46fe9646a042b06652a,Consequence,硝化机反应局部温度过高，存在爆炸风险，人员伤亡,硝化机反应局部温度过高，存在爆炸风险，人员伤亡,,{},R线 HAZOP分析记录表.xls,HAZOP_DA_H_R_V1,1.5-hazop,1.0000,accepted
CONSHZ_d54f26d668651f5eb6d5,Consequence,影响脱色效果，影响产品质量,影响脱色效果，影响产品质量,,{},DA线HAZOP分析记录表.xls,HAZOP_DA_H_R_V1,1.5-hazop,1.0000,accepted
CONSHZ_d588c7b888faafc96823,Consequence,热压煮洗机温度升高，RDX可能分解爆炸,热压煮洗机温度升高，RDX可能分解爆炸,,{},R线 HAZOP分析记录表.xls,HAZOP_DA_H_R_V1,1.5-hazop,1.0000,accepted
CONSHZ_d796764fce8176125554,Consequence,毛细管蒸馏釜温度升高，压力升高，严重时可能超压泄漏,毛细管蒸馏釜温度升高，压力升高，严重时可能超压泄漏,,{},DA线HAZOP分析记录表.xls,HAZOP_DA_H_R_V1,1.5-hazop,1.0000,accepted
CONSHZ_d88a5204df1d4939be86,Consequence,结晶机反应局部温度过高，存在爆炸风险，人员伤亡,结晶机反应局部温度过高，存在爆炸风险，人员伤亡,,{},R线 HAZOP分析记录表.xls,HAZOP_DA_H_R_V1,1.5-hazop,1.0000,accepted
CONSHZ_d98b660478d00454ec38,Consequence,输送空气出换热器温度升高，硝酸铵可能结块堵塞设备管线，影响硝酸铵输送,输送空气出换热器温度升高，硝酸铵可能结块堵塞设备管线，影响硝酸铵输送,,{},H线HAZOP及SIL定级分析 HAZOP记录表.xls,HAZOP_DA_H_R_V1,1.5-hazop,1.0000,accepted
CONSHZ_db13c146fe55514a950b,Consequence,结晶机温度过高时，RDX可能分解爆炸,结晶机温度过高时，RDX可能分解爆炸,,{},R线 HAZOP分析记录表.xls,HAZOP_DA_H_R_V1,1.5-hazop,1.0000,accepted
CONSHZ_dca34e0be5b04d5b3e61,Consequence,后续吉纳及叠氮化钠加入后溶解不完全，搅拌过程可能发生爆炸，人员伤害风险,后续吉纳及叠氮化钠加入后溶解不完全，搅拌过程可能发生爆炸，人员伤害风险,,{},DA线HAZOP分析记录表.xls,HAZOP_DA_H_R_V1,1.5-hazop,1.0000,accepted
CONSHZ_de5e542be980618907d0,Consequence,废水中N3-处理不完全，增大下游废水处理站负荷,废水中N3-处理不完全，增大下游废水处理站负荷,,{},DA线HAZOP分析记录表.xls,HAZOP_DA_H_R_V1,1.5-hazop,1.0000,accepted
CONSHZ_dfa24d20809e28bb2cde,Consequence,成熟机负压过低时，乌洛托品可能窜至硝烟回收系统，可能在硝烟回收系统设备管道内着火爆炸,成熟机负压过低时，乌洛托品可能窜至硝烟回收系统，可能在硝烟回收系统设备管道内着火爆炸,,{},R线 HAZOP分析记录表.xls,HAZOP_DA_H_R_V1,1.5-hazop,1.0000,accepted
CONSHZ_e0cf9de95a72d174510b,Consequence,空气输送乌洛托品固体物料过程中可能形成爆炸性气氛，潜在爆炸风险，人员伤亡,空气输送乌洛托品固体物料过程中可能形成爆炸性气氛，潜在爆炸风险，人员伤亡,,{},H线HAZOP及SIL定级分析 HAZOP记录表.xls,HAZOP_DA_H_R_V1,1.5-hazop,1.0000,accepted
CONSHZ_e5b1b989733bbb0643e1,Consequence,"转晶机内温度升高，溶剂大量挥发，泄放至外部环境，可能形成爆炸性气氛；
长时间操作，转晶机底部物料可能燃爆","转晶机内温度升高，溶剂大量挥发，泄放至外部环境，可能形成爆炸性气氛；
长时间操作，转晶机底部物料可能燃爆",,{},H线HAZOP及SIL定级分析 HAZOP记录表.xls,HAZOP_DA_H_R_V1,1.5-hazop,1.0000,accepted
CONSHZ_e5f88316573d463a9da7,Consequence,影响产品质量,影响产品质量,,{},H线HAZOP及SIL定级分析 HAZOP记录表.xls,HAZOP_DA_H_R_V1,1.5-hazop,1.0000,accepted
CONSHZ_e63c5862fa7fd2fafe05,Consequence,脱色釜温度升高，冷凝器冷却能力不足，二氯甲烷可能逸出至外部环境，潜在人员伤害风险,脱色釜温度升高，冷凝器冷却能力不足，二氯甲烷可能逸出至外部环境，潜在人员伤害风险,,{},DA线HAZOP分析记录表.xls,HAZOP_DA_H_R_V1,1.5-hazop,1.0000,accepted
CONSHZ_e8ab5621841082355eb5,Consequence,铵硝配机搅拌器可能弯曲变形，电机可能过载损坏,铵硝配机搅拌器可能弯曲变形，电机可能过载损坏,,{},H线HAZOP及SIL定级分析 HAZOP记录表.xls,HAZOP_DA_H_R_V1,1.5-hazop,1.0000,accepted
CONSHZ_e91a65d211a6ad6e4a5e,Consequence,乌醋配机内溶液热量积聚，温度升高，可能达到乌洛托品分解温度，潜在爆炸风险,乌醋配机内溶液热量积聚，温度升高，可能达到乌洛托品分解温度，潜在爆炸风险,,{},H线HAZOP及SIL定级分析 HAZOP记录表.xls,HAZOP_DA_H_R_V1,1.5-hazop,1.0000,accepted
CONSHZ_ec43d1eaa792cf4c36dc,Consequence,杂质可能窜至硝化机，硝化机副反应增加，局部温升过快，硝化机内物料可能分解，发生燃爆，人员伤亡，环境污染,杂质可能窜至硝化机，硝化机副反应增加，局部温升过快，硝化机内物料可能分解，发生燃爆，人员伤亡，环境污染,,{},H线HAZOP及SIL定级分析 HAZOP记录表.xls,HAZOP_DA_H_R_V1,1.5-hazop,1.0000,accepted
CONSHZ_ee74e772d093b322260d,Consequence,热压煮洗机温度过高，RDX可能分解爆炸,热压煮洗机温度过高，RDX可能分解爆炸,,{},R线 HAZOP分析记录表.xls,HAZOP_DA_H_R_V1,1.5-hazop,1.0000,accepted
CONSHZ_f353560ea8138f15cf1d,Consequence,结晶机硝酸浓度降低，RDX结晶粒度减小，能耗过量,结晶机硝酸浓度降低，RDX结晶粒度减小，能耗过量,,{},R线 HAZOP分析记录表.xls,HAZOP_DA_H_R_V1,1.5-hazop,1.0000,accepted
CONSHZ_f42efaadb0649ab7f6ac,Consequence,隔离不彻底，导致检维修事故,隔离不彻底，导致检维修事故,,{},DA线HAZOP分析记录表.xls,HAZOP_DA_H_R_V1,1.5-hazop,1.0000,accepted
CONSHZ_f4c847c73498cce5e66f,Consequence,乌洛托品/硝酸比例降低，副反应增加，无明显安全影响,乌洛托品/硝酸比例降低，副反应增加，无明显安全影响,,{},R线 HAZOP分析记录表.xls,HAZOP_DA_H_R_V1,1.5-hazop,1.0000,accepted
CONSHZ_f537276c993e2ec672ed,Consequence,乌洛托品粉尘不能及时被硝酸淹没，与飞溅起的硝酸接触后着火，潜在爆炸风险，人员伤亡,乌洛托品粉尘不能及时被硝酸淹没，与飞溅起的硝酸接触后着火，潜在爆炸风险，人员伤亡,,{},R线 HAZOP分析记录表.xls,HAZOP_DA_H_R_V1,1.5-hazop,1.0000,accepted
CONSHZ_f6df1986fe9582f344e2,Consequence,乌洛托品、醋酸全部加注至乌醋配机，启动搅拌器时，溶液配制放热量增加，溶解界面温升速率过快，可能达到乌洛托品分解温度，潜在爆炸风险,乌洛托品、醋酸全部加注至乌醋配机，启动搅拌器时，溶液配制放热量增加，溶解界面温升速率过快，可能达到乌洛托品分解温度，潜在爆炸风险,,{},H线HAZOP及SIL定级分析 HAZOP记录表.xls,HAZOP_DA_H_R_V1,1.5-hazop,1.0000,accepted
CONSHZ_f7b55957f3fb9993387c,Consequence,硝化机反应温度降低，产品得率增加，能耗增加，无明显安全影响,硝化机反应温度降低，产品得率增加，能耗增加，无明显安全影响,,{},R线 HAZOP分析记录表.xls,HAZOP_DA_H_R_V1,1.5-hazop,1.0000,accepted
CONSHZ_f813f9d73f01cd4fb723,Consequence,转晶机液位升高，液位过高时可能满溢至外部环境，人员中毒，可能形成爆炸性气氛，环境污染,转晶机液位升高，液位过高时可能满溢至外部环境，人员中毒，可能形成爆炸性气氛，环境污染,,{},H线HAZOP及SIL定级分析 HAZOP记录表.xls,HAZOP_DA_H_R_V1,1.5-hazop,1.0000,accepted
CONSHZ_fa7af3534ff0f868734c,Consequence,铵硝配机内溶液热量积聚，温度升高，可能依次达到硝酸、硝酸铵分解温度，潜在爆炸风险,铵硝配机内溶液热量积聚，温度升高，可能依次达到硝酸、硝酸铵分解温度，潜在爆炸风险,,{},H线HAZOP及SIL定级分析 HAZOP记录表.xls,HAZOP_DA_H_R_V1,1.5-hazop,1.0000,accepted
CONSHZ_fb246b17452bc1a8864b,Consequence,蒸馏机升温速率过快，压力升高，可能冒料，物料泄放至外部环境，潜在爆炸风险，人员伤亡,蒸馏机升温速率过快，压力升高，可能冒料，物料泄放至外部环境，潜在爆炸风险，人员伤亡,,{},H线HAZOP及SIL定级分析 HAZOP记录表.xls,HAZOP_DA_H_R_V1,1.5-hazop,1.0000,accepted
CONSHZ_ff58ba62b51561946b2c,Consequence,结晶机压力升高，可能正压，发生冒料，人员中毒灼伤,结晶机压力升高，可能正压，发生冒料，人员中毒灼伤,,{},R线 HAZOP分析记录表.xls,HAZOP_DA_H_R_V1,1.5-hazop,1.0000,accepted
CONSHZ_ffce10377b1de78ac57e,Consequence,转晶机内温度升高，水大量蒸发，转晶机可能冒料，物料泄漏至外部环境，潜在爆炸风险，人员伤亡,转晶机内温度升高，水大量蒸发，转晶机可能冒料，物料泄漏至外部环境，潜在爆炸风险，人员伤亡,,{},H线HAZOP及SIL定级分析 HAZOP记录表.xls,HAZOP_DA_H_R_V1,1.5-hazop,1.0000,accepted
CTRLHZ_00f72ed1ba277b4446b7,ControlMeasure,转晶机上TAH-2201（与原因产生共因失效，非有效安全措施）,转晶机上TAH-2201（与原因产生共因失效，非有效安全措施）,,"{""measure_status"":""existing""}",H线HAZOP及SIL定级分析 HAZOP记录表.xls,HAZOP_DA_H_R_V1,1.5-hazop,1.0000,accepted
CTRLHZ_0336706a9b07a59b7b66,ControlMeasure,废水槽内有机相可重新回炼,废水槽内有机相可重新回炼,,"{""measure_status"":""existing""}",DA线HAZOP分析记录表.xls,HAZOP_DA_H_R_V1,1.5-hazop,1.0000,accepted
CTRLHZ_037fc9ea7cb96cd9d692,ControlMeasure,毛细管蒸馏釜上PAH-6203,毛细管蒸馏釜上PAH-6203,,"{""measure_status"":""existing""}",DA线HAZOP分析记录表.xls,HAZOP_DA_H_R_V1,1.5-hazop,1.0000,accepted
CTRLHZ_042c007f94e3ae306ee8,ControlMeasure,负压系统压力高PSH-7103触发联锁，停螺旋加料机电机，打开排空硝烟总管蝶阀HV-7108，打开蒸汽喷射球阀HV-7109，关闭负压总管蝶阀HV-7107,负压系统压力高PSH-7103触发联锁，停螺旋加料机电机，打开排空硝烟总管蝶阀HV-7108，打开蒸汽喷射球阀HV-7109，关闭负压总管蝶阀HV-7107,,"{""measure_status"":""existing""}",R线 HAZOP分析记录表.xls,HAZOP_DA_H_R_V1,1.5-hazop,1.0000,accepted
CTRLHZ_082dacea97f42ffcb202,ControlMeasure,硝化机温度高高TSHH-7102触发联锁，停螺旋加料机电机,硝化机温度高高TSHH-7102触发联锁，停螺旋加料机电机,,"{""measure_status"":""existing""}",R线 HAZOP分析记录表.xls,HAZOP_DA_H_R_V1,1.5-hazop,1.0000,accepted
CTRLHZ_0898ad330fcd0c29f196,ControlMeasure,现场设有除尘设施,现场设有除尘设施,,"{""measure_status"":""existing""}",H线HAZOP及SIL定级分析 HAZOP记录表.xls,HAZOP_DA_H_R_V1,1.5-hazop,1.0000,accepted
CTRLHZ_0b4cd4382f460a4ea6bc,ControlMeasure,二氯甲烷高位槽上LI-6203,二氯甲烷高位槽上LI-6203,,"{""measure_status"":""existing""}",DA线HAZOP分析记录表.xls,HAZOP_DA_H_R_V1,1.5-hazop,1.0000,accepted
CTRLHZ_100c8621eca170eee4fc,ControlMeasure,铵硝配机铵硝溶液配制完毕后取样分析,铵硝配机铵硝溶液配制完毕后取样分析,,"{""measure_status"":""existing""}",H线HAZOP及SIL定级分析 HAZOP记录表.xls,HAZOP_DA_H_R_V1,1.5-hazop,1.0000,accepted
CTRLHZ_125a2e47f5268e304ce0,ControlMeasure,相关吹扫/放空设施已设置,相关吹扫/放空设施已设置,,"{""measure_status"":""existing""}",DA线HAZOP分析记录表.xls,HAZOP_DA_H_R_V1,1.5-hazop,1.0000,accepted
CTRLHZ_14abae86fdc6409038d5,ControlMeasure,废水预处理每批次取样检测分析,废水预处理每批次取样检测分析,,"{""measure_status"":""existing""}",DA线HAZOP分析记录表.xls,HAZOP_DA_H_R_V1,1.5-hazop,1.0000,accepted
CTRLHZ_15d5ccb17a754a873088,ControlMeasure,设备管道静电接地及跨接,设备管道静电接地及跨接,,"{""measure_status"":""existing""}",H线HAZOP及SIL定级分析 HAZOP记录表.xls,HAZOP_DA_H_R_V1,1.5-hazop,1.0000,accepted
CTRLHZ_1ca41c888071669ca320,ControlMeasure,常压蒸馏塔上PAH-6204,常压蒸馏塔上PAH-6204,,"{""measure_status"":""existing""}",DA线HAZOP分析记录表.xls,HAZOP_DA_H_R_V1,1.5-hazop,1.0000,accepted
CTRLHZ_1e66d165027d4ae57bf3,ControlMeasure,铵硝机设有TAH-1704,铵硝机设有TAH-1704,,"{""measure_status"":""existing""}",H线HAZOP及SIL定级分析 HAZOP记录表.xls,HAZOP_DA_H_R_V1,1.5-hazop,1.0000,accepted
CTRLHZ_1f0a6e5838eb40a7cae7,ControlMeasure,调节成熟机负压调节插板开度时，双人操作,调节成熟机负压调节插板开度时，双人操作,,"{""measure_status"":""existing""}",R线 HAZOP分析记录表.xls,HAZOP_DA_H_R_V1,1.5-hazop,1.0000,accepted
CTRLHZ_1fe6e3bd684079027dce,ControlMeasure,脱色釜上TI-6211,脱色釜上TI-6211,,"{""measure_status"":""existing""}",DA线HAZOP分析记录表.xls,HAZOP_DA_H_R_V1,1.5-hazop,1.0000,accepted
CTRLHZ_220ff39da3bb5291d875,ControlMeasure,硝化机设有TAH-7102,硝化机设有TAH-7102,,"{""measure_status"":""existing""}",R线 HAZOP分析记录表.xls,HAZOP_DA_H_R_V1,1.5-hazop,1.0000,accepted
CTRLHZ_26db7135228cda8b3cae,ControlMeasure,#硝化机设有TIC-1707带TAH,#硝化机设有TIC-1707带TAH,,"{""measure_status"":""existing""}",H线HAZOP及SIL定级分析 HAZOP记录表.xls,HAZOP_DA_H_R_V1,1.5-hazop,1.0000,accepted
CTRLHZ_29c5c9ecaa89762ad106,ControlMeasure,合成釜上设有TAH-6203,合成釜上设有TAH-6203,,"{""measure_status"":""existing""}",DA线HAZOP分析记录表.xls,HAZOP_DA_H_R_V1,1.5-hazop,1.0000,accepted
CTRLHZ_2f93c1b827659029a9e2,ControlMeasure,结晶机温度高高高85℃时，人员中控室遥控打开硝化机放料阀HV-7101，打开安全槽压空管线快开阀HV-7105，打开压空喷射管线快开阀HV-7106,结晶机温度高高高85℃时，人员中控室遥控打开硝化机放料阀HV-7101，打开安全槽压空管线快开阀HV-7105，打开压空喷射管线快开阀HV-7106,,"{""measure_status"":""existing""}",R线 HAZOP分析记录表.xls,HAZOP_DA_H_R_V1,1.5-hazop,1.0000,accepted
CTRLHZ_306c74240991a67d3779,ControlMeasure,转晶机附近设有可燃气体浓度探测仪,转晶机附近设有可燃气体浓度探测仪,,"{""measure_status"":""existing""}",H线HAZOP及SIL定级分析 HAZOP记录表.xls,HAZOP_DA_H_R_V1,1.5-hazop,1.0000,accepted
CTRLHZ_30b9c42cec6d5adc2a97,ControlMeasure,常压蒸馏塔上TI-6213,常压蒸馏塔上TI-6213,,"{""measure_status"":""existing""}",DA线HAZOP分析记录表.xls,HAZOP_DA_H_R_V1,1.5-hazop,1.0000,accepted
CTRLHZ_35eb7fdb2826822dc745,ControlMeasure,分离釜设有LAL-1818,分离釜设有LAL-1818,,"{""measure_status"":""existing""}",H线HAZOP及SIL定级分析 HAZOP记录表.xls,HAZOP_DA_H_R_V1,1.5-hazop,1.0000,accepted
CTRLHZ_38736f3eafa9b435e2c4,ControlMeasure,星型下料器电机设有过载停机保护,星型下料器电机设有过载停机保护,,"{""measure_status"":""existing""}",H线HAZOP及SIL定级分析 HAZOP记录表.xls,HAZOP_DA_H_R_V1,1.5-hazop,1.0000,accepted
CTRLHZ_38b53d60d1abb3c59d19,ControlMeasure,罗茨鼓风机出口设有PI-2102,罗茨鼓风机出口设有PI-2102,,"{""measure_status"":""existing""}",H线HAZOP及SIL定级分析 HAZOP记录表.xls,HAZOP_DA_H_R_V1,1.5-hazop,1.0000,accepted
CTRLHZ_3c6bae8491675659040b,ControlMeasure,硝酸铵入厂复检,硝酸铵入厂复检,,"{""measure_status"":""existing""}",H线HAZOP及SIL定级分析 HAZOP记录表.xls,HAZOP_DA_H_R_V1,1.5-hazop,1.0000,accepted
CTRLHZ_404580e2dd67a312ed00,ControlMeasure,冷冻盐水管线总管设有PSL-7112触发联锁，停螺旋加料机电机,冷冻盐水管线总管设有PSL-7112触发联锁，停螺旋加料机电机,,"{""measure_status"":""existing""}",R线 HAZOP分析记录表.xls,HAZOP_DA_H_R_V1,1.5-hazop,1.0000,accepted
CTRLHZ_41ea23f83ec2132d232b,ControlMeasure,热压煮洗机设有远传温度计,热压煮洗机设有远传温度计,,"{""measure_status"":""existing""}",R线 HAZOP分析记录表.xls,HAZOP_DA_H_R_V1,1.5-hazop,1.0000,accepted
CTRLHZ_42b5a75e9f687b34664b,ControlMeasure,循环水管线总管设有PSL-7110触发联锁，停螺旋加料机电机,循环水管线总管设有PSL-7110触发联锁，停螺旋加料机电机,,"{""measure_status"":""existing""}",R线 HAZOP分析记录表.xls,HAZOP_DA_H_R_V1,1.5-hazop,1.0000,accepted
CTRLHZ_447a4546d4260f7bea36,ControlMeasure,乌醋配机设有TIC-带TAH,乌醋配机设有TIC-带TAH,,"{""measure_status"":""existing""}",H线HAZOP及SIL定级分析 HAZOP记录表.xls,HAZOP_DA_H_R_V1,1.5-hazop,1.0000,accepted
CTRLHZ_47150c3b78cad5c698d6,ControlMeasure,视频监控CCTV,视频监控CCTV,,"{""measure_status"":""existing""}",H线HAZOP及SIL定级分析 HAZOP记录表.xls,HAZOP_DA_H_R_V1,1.5-hazop,1.0000,accepted
CTRLHZ_4948cba17395f8ab172a,ControlMeasure,合成釜上设有TAHH-6203联锁打开放料阀,合成釜上设有TAHH-6203联锁打开放料阀,,"{""measure_status"":""existing""}",DA线HAZOP分析记录表.xls,HAZOP_DA_H_R_V1,1.5-hazop,1.0000,accepted
CTRLHZ_4c00ccb094e3f6a29381,ControlMeasure,#硝化机设有TSHH-1711触发联锁，停进料,#硝化机设有TSHH-1711触发联锁，停进料,,"{""measure_status"":""existing""}",H线HAZOP及SIL定级分析 HAZOP记录表.xls,HAZOP_DA_H_R_V1,1.5-hazop,1.0000,accepted
CTRLHZ_502180457c9969a1a640,ControlMeasure,#硝化机设有,#硝化机设有,,"{""measure_status"":""existing""}",H线HAZOP及SIL定级分析 HAZOP记录表.xls,HAZOP_DA_H_R_V1,1.5-hazop,1.0000,accepted
CTRLHZ_508436f1c01fe24997d5,ControlMeasure,硝化液定期取样分析,硝化液定期取样分析,,"{""measure_status"":""existing""}",R线 HAZOP分析记录表.xls,HAZOP_DA_H_R_V1,1.5-hazop,1.0000,accepted
CTRLHZ_5094abd979a30ab6e549,ControlMeasure,结晶机温度高高TSLL-7106触发联锁，停螺旋加料机电机,结晶机温度高高TSLL-7106触发联锁，停螺旋加料机电机,,"{""measure_status"":""existing""}",R线 HAZOP分析记录表.xls,HAZOP_DA_H_R_V1,1.5-hazop,1.0000,accepted
CTRLHZ_52188c0bb44f1518e530,ControlMeasure,硝酸入厂复检,硝酸入厂复检,,"{""measure_status"":""existing""}",H线HAZOP及SIL定级分析 HAZOP记录表.xls,HAZOP_DA_H_R_V1,1.5-hazop,1.0000,accepted
CTRLHZ_53565b68bb005093605e,ControlMeasure,结晶机温度低低TSLL-7106触发联锁，停螺旋加料机电机,结晶机温度低低TSLL-7106触发联锁，停螺旋加料机电机,,"{""measure_status"":""existing""}",R线 HAZOP分析记录表.xls,HAZOP_DA_H_R_V1,1.5-hazop,1.0000,accepted
CTRLHZ_54eb44db59210cf19893,ControlMeasure,常压蒸馏塔上TAH-6213,常压蒸馏塔上TAH-6213,,"{""measure_status"":""existing""}",DA线HAZOP分析记录表.xls,HAZOP_DA_H_R_V1,1.5-hazop,1.0000,accepted
CTRLHZ_558d22faa8fe3ec337c6,ControlMeasure,设备接地，等电位连接,设备接地，等电位连接,,"{""measure_status"":""existing""}",DA线HAZOP分析记录表.xls,HAZOP_DA_H_R_V1,1.5-hazop,1.0000,accepted
CTRLHZ_566c5983c4565713b892,ControlMeasure,硝化机设有现场负压表,硝化机设有现场负压表,,"{""measure_status"":""existing""}",R线 HAZOP分析记录表.xls,HAZOP_DA_H_R_V1,1.5-hazop,1.0000,accepted
CTRLHZ_596c8cde369dd58fc9bf,ControlMeasure,铵硝配机设有TIC-1704带TAH,铵硝配机设有TIC-1704带TAH,,"{""measure_status"":""existing""}",H线HAZOP及SIL定级分析 HAZOP记录表.xls,HAZOP_DA_H_R_V1,1.5-hazop,1.0000,accepted
CTRLHZ_5bd4f011576e9bf6bf58,ControlMeasure,冷凝器、蒸馏机检维修前煮洗及消爆操作,冷凝器、蒸馏机检维修前煮洗及消爆操作,,"{""measure_status"":""existing""}",H线HAZOP及SIL定级分析 HAZOP记录表.xls,HAZOP_DA_H_R_V1,1.5-hazop,1.0000,accepted
CTRLHZ_5d17ca3e8f971698002c,ControlMeasure,硝酸合格证,硝酸合格证,,"{""measure_status"":""existing""}",H线HAZOP及SIL定级分析 HAZOP记录表.xls,HAZOP_DA_H_R_V1,1.5-hazop,1.0000,accepted
CTRLHZ_5d6ddba97509a19cb0a2,ControlMeasure,饱和蒸汽管线上PAL-6213，FI-6205,饱和蒸汽管线上PAL-6213，FI-6205,,"{""measure_status"":""existing""}",DA线HAZOP分析记录表.xls,HAZOP_DA_H_R_V1,1.5-hazop,1.0000,accepted
CTRLHZ_5dc1cfceb7e012744486,ControlMeasure,硝化机乌洛托品下料口与硝烟排放口对称布置,硝化机乌洛托品下料口与硝烟排放口对称布置,,"{""measure_status"":""existing""}",R线 HAZOP分析记录表.xls,HAZOP_DA_H_R_V1,1.5-hazop,1.0000,accepted
CTRLHZ_5e68656f36f30608a4c2,ControlMeasure,成熟机温度高高TSHH-7104触发联锁，停螺旋加料机电机,成熟机温度高高TSHH-7104触发联锁，停螺旋加料机电机,,"{""measure_status"":""existing""}",R线 HAZOP分析记录表.xls,HAZOP_DA_H_R_V1,1.5-hazop,1.0000,accepted
CTRLHZ_5e95afa2b2bd7dc2e14d,ControlMeasure,乌醋配机乌醋溶液配制完毕后取样分析,乌醋配机乌醋溶液配制完毕后取样分析,,"{""measure_status"":""existing""}",H线HAZOP及SIL定级分析 HAZOP记录表.xls,HAZOP_DA_H_R_V1,1.5-hazop,1.0000,accepted
CTRLHZ_61648ee91f8347879ab9,ControlMeasure,PI-6204,PI-6204,,"{""measure_status"":""existing""}",DA线HAZOP分析记录表.xls,HAZOP_DA_H_R_V1,1.5-hazop,1.0000,accepted
CTRLHZ_62ad27eb0aeefb0dd559,ControlMeasure,废酸处理设备管线材质为SS316L,废酸处理设备管线材质为SS316L,,"{""measure_status"":""existing""}",H线HAZOP及SIL定级分析 HAZOP记录表.xls,HAZOP_DA_H_R_V1,1.5-hazop,1.0000,accepted
CTRLHZ_631a65c3deab0376dd54,ControlMeasure,分离塔设有多点温度及压力监控,分离塔设有多点温度及压力监控,,"{""measure_status"":""existing""}",H线HAZOP及SIL定级分析 HAZOP记录表.xls,HAZOP_DA_H_R_V1,1.5-hazop,1.0000,accepted
CTRLHZ_65492af835051c149bde,ControlMeasure,硝化机搅拌器停机信号触发联锁，停螺旋加料机电机,硝化机搅拌器停机信号触发联锁，停螺旋加料机电机,,"{""measure_status"":""existing""}",R线 HAZOP分析记录表.xls,HAZOP_DA_H_R_V1,1.5-hazop,1.0000,accepted
CTRLHZ_6d7247157cd3199f3cc6,ControlMeasure,转晶机搅拌器设有过载停机保护,转晶机搅拌器设有过载停机保护,,"{""measure_status"":""existing""}",H线HAZOP及SIL定级分析 HAZOP记录表.xls,HAZOP_DA_H_R_V1,1.5-hazop,1.0000,accepted
CTRLHZ_6e1d04b0a31d4acd0197,ControlMeasure,硝化机设有TIC-7101,硝化机设有TIC-7101,,"{""measure_status"":""existing""}",R线 HAZOP分析记录表.xls,HAZOP_DA_H_R_V1,1.5-hazop,1.0000,accepted
CTRLHZ_6f2581038dd4faaccf1a,ControlMeasure,换热器输送空气出口设有TIC-,换热器输送空气出口设有TIC-,,"{""measure_status"":""existing""}",H线HAZOP及SIL定级分析 HAZOP记录表.xls,HAZOP_DA_H_R_V1,1.5-hazop,1.0000,accepted
CTRLHZ_6f6b148aebabfef68a7f,ControlMeasure,人员现场巡检，应急处置,人员现场巡检，应急处置,,"{""measure_status"":""existing""}",H线HAZOP及SIL定级分析 HAZOP记录表.xls,HAZOP_DA_H_R_V1,1.5-hazop,1.0000,accepted
CTRLHZ_727bd387673f8a8f1582,ControlMeasure,废水预处理每批次取样检测分析，N3-合格后方可送入下游,废水预处理每批次取样检测分析，N3-合格后方可送入下游,,"{""measure_status"":""existing""}",DA线HAZOP分析记录表.xls,HAZOP_DA_H_R_V1,1.5-hazop,1.0000,accepted
CTRLHZ_7348b91b73208e0da63b,ControlMeasure,TSHH-1707触发联锁，停进料,TSHH-1707触发联锁，停进料,,"{""measure_status"":""existing""}",H线HAZOP及SIL定级分析 HAZOP记录表.xls,HAZOP_DA_H_R_V1,1.5-hazop,1.0000,accepted
CTRLHZ_755625167eeecdb7691e,ControlMeasure,醋酸合格证,醋酸合格证,,"{""measure_status"":""existing""}",H线HAZOP及SIL定级分析 HAZOP记录表.xls,HAZOP_DA_H_R_V1,1.5-hazop,1.0000,accepted
CTRLHZ_791ccb0f7ed17d384f1f,ControlMeasure,相关排净设施已设置,相关排净设施已设置,,"{""measure_status"":""existing""}",DA线HAZOP分析记录表.xls,HAZOP_DA_H_R_V1,1.5-hazop,1.0000,accepted
CTRLHZ_796d13e3eb33a044d863,ControlMeasure,每批次固体物料加料前，现场确认,每批次固体物料加料前，现场确认,,"{""measure_status"":""existing""}",DA线HAZOP分析记录表.xls,HAZOP_DA_H_R_V1,1.5-hazop,1.0000,accepted
CTRLHZ_7aec7f47eb65f1d2481b,ControlMeasure,开工前设备完好性检查,开工前设备完好性检查,,"{""measure_status"":""existing""}",DA线HAZOP分析记录表.xls,HAZOP_DA_H_R_V1,1.5-hazop,1.0000,accepted
CTRLHZ_7ef83d7e9eb0bf3de0c0,ControlMeasure,双回路供电,双回路供电,,"{""measure_status"":""existing""}",R线 HAZOP分析记录表.xls,HAZOP_DA_H_R_V1,1.5-hazop,1.0000,accepted
CTRLHZ_7f9a03ac7ae03afd5400,ControlMeasure,成熟机设有现场负压表,成熟机设有现场负压表,,"{""measure_status"":""existing""}",R线 HAZOP分析记录表.xls,HAZOP_DA_H_R_V1,1.5-hazop,1.0000,accepted
CTRLHZ_81d0aa1df6ede1291e19,ControlMeasure,铵硝配机搅拌器电机设有过载停机保护,铵硝配机搅拌器电机设有过载停机保护,,"{""measure_status"":""existing""}",H线HAZOP及SIL定级分析 HAZOP记录表.xls,HAZOP_DA_H_R_V1,1.5-hazop,1.0000,accepted
CTRLHZ_8342227096d611a4e39f,ControlMeasure,热压煮洗机设有爆破片并泄放至安全设施,热压煮洗机设有爆破片并泄放至安全设施,,"{""measure_status"":""existing""}",R线 HAZOP分析记录表.xls,HAZOP_DA_H_R_V1,1.5-hazop,1.0000,accepted
CTRLHZ_84e316dffb7ede4b3ef1,ControlMeasure,常压蒸馏塔气相经二氯甲烷收集器与大气连通,常压蒸馏塔气相经二氯甲烷收集器与大气连通,,"{""measure_status"":""existing""}",DA线HAZOP分析记录表.xls,HAZOP_DA_H_R_V1,1.5-hazop,1.0000,accepted
CTRLHZ_887004e9c2c40a561a9b,ControlMeasure,静电接地，定期检测,静电接地，定期检测,,"{""measure_status"":""existing""}",DA线HAZOP分析记录表.xls,HAZOP_DA_H_R_V1,1.5-hazop,1.0000,accepted
CTRLHZ_89012b3b23572b3c64ec,ControlMeasure,#硝化机设有TSHH-1709触发联锁，停进料,#硝化机设有TSHH-1709触发联锁，停进料,,"{""measure_status"":""existing""}",H线HAZOP及SIL定级分析 HAZOP记录表.xls,HAZOP_DA_H_R_V1,1.5-hazop,1.0000,accepted
CTRLHZ_894d8f0afa807bbd2d91,ControlMeasure,PAH-6204,PAH-6204,,"{""measure_status"":""existing""}",DA线HAZOP分析记录表.xls,HAZOP_DA_H_R_V1,1.5-hazop,1.0000,accepted
CTRLHZ_8a17073d6446736f3a79,ControlMeasure,乌洛托品入厂复检,乌洛托品入厂复检,,"{""measure_status"":""existing""}",H线HAZOP及SIL定级分析 HAZOP记录表.xls,HAZOP_DA_H_R_V1,1.5-hazop,1.0000,accepted
CTRLHZ_8c6774582182b23a4b8f,ControlMeasure,人员现场操作,人员现场操作,,"{""measure_status"":""existing""}",H线HAZOP及SIL定级分析 HAZOP记录表.xls,HAZOP_DA_H_R_V1,1.5-hazop,1.0000,accepted
CTRLHZ_8c932c46944387bb5e28,ControlMeasure,硝化机温度高高高TSHHH-7102触发联锁，打开硝化机放料阀HV-7101，打开安全槽压空管线快开阀HV-7105，打开压空喷射管线快开阀HV-7106,硝化机温度高高高TSHHH-7102触发联锁，打开硝化机放料阀HV-7101，打开安全槽压空管线快开阀HV-7105，打开压空喷射管线快开阀HV-7106,,"{""measure_status"":""existing""}",R线 HAZOP分析记录表.xls,HAZOP_DA_H_R_V1,1.5-hazop,1.0000,accepted
CTRLHZ_9137120b3da748aa0ede,ControlMeasure,二甲基亚砜管线冲洗前，人工确认,二甲基亚砜管线冲洗前，人工确认,,"{""measure_status"":""existing""}",DA线HAZOP分析记录表.xls,HAZOP_DA_H_R_V1,1.5-hazop,1.0000,accepted
CTRLHZ_92d00fd0c157cdea9dbf,ControlMeasure,成熟机搅拌器停机信号触发联锁，停螺旋加料机电机,成熟机搅拌器停机信号触发联锁，停螺旋加料机电机,,"{""measure_status"":""existing""}",R线 HAZOP分析记录表.xls,HAZOP_DA_H_R_V1,1.5-hazop,1.0000,accepted
CTRLHZ_94808be703312efbdfca,ControlMeasure,操作规程：人工对加水量检测,操作规程：人工对加水量检测,,"{""measure_status"":""existing""}",R线 HAZOP分析记录表.xls,HAZOP_DA_H_R_V1,1.5-hazop,1.0000,accepted
CTRLHZ_97206b90867cf524c940,ControlMeasure,操作规程：人工调节转速，堵塞严重时，拆解星型下料器并进行疏通,操作规程：人工调节转速，堵塞严重时，拆解星型下料器并进行疏通,,"{""measure_status"":""existing""}",H线HAZOP及SIL定级分析 HAZOP记录表.xls,HAZOP_DA_H_R_V1,1.5-hazop,1.0000,accepted
CTRLHZ_9900c6578cac792d6e1f,ControlMeasure,#硝化机设有TSHHH-1707触发联锁，打开底部卸料阀KV-1702,#硝化机设有TSHHH-1707触发联锁，打开底部卸料阀KV-1702,,"{""measure_status"":""existing""}",H线HAZOP及SIL定级分析 HAZOP记录表.xls,HAZOP_DA_H_R_V1,1.5-hazop,1.0000,accepted
CTRLHZ_9a75fbebed0cbb9a4c1f,ControlMeasure,料仓设有气锤,料仓设有气锤,,"{""measure_status"":""existing""}",R线 HAZOP分析记录表.xls,HAZOP_DA_H_R_V1,1.5-hazop,1.0000,accepted
CTRLHZ_9ae4a3cc4344d5067e64,ControlMeasure,乌洛托品合格证,乌洛托品合格证,,"{""measure_status"":""existing""}",H线HAZOP及SIL定级分析 HAZOP记录表.xls,HAZOP_DA_H_R_V1,1.5-hazop,1.0000,accepted
CTRLHZ_9b2fbc9d6287e45c2952,ControlMeasure,循环水总管压力低时，人员现场切换至备用生消水系统,循环水总管压力低时，人员现场切换至备用生消水系统,,"{""measure_status"":""existing""}",H线HAZOP及SIL定级分析 HAZOP记录表.xls,HAZOP_DA_H_R_V1,1.5-hazop,1.0000,accepted
CTRLHZ_9ba2c82388115090e74f,ControlMeasure,加料过程两人操作，一人操作，一人复核确认,加料过程两人操作，一人操作，一人复核确认,,"{""measure_status"":""existing""}",DA线HAZOP分析记录表.xls,HAZOP_DA_H_R_V1,1.5-hazop,1.0000,accepted
CTRLHZ_9bf5664125b5597250ca,ControlMeasure,硝化机气相空间温度高高TSHH-7120触发联锁，停螺旋加料机电机,硝化机气相空间温度高高TSHH-7120触发联锁，停螺旋加料机电机,,"{""measure_status"":""existing""}",R线 HAZOP分析记录表.xls,HAZOP_DA_H_R_V1,1.5-hazop,1.0000,accepted
CTRLHZ_9d507ba0aaa57653e4b5,ControlMeasure,双回路供电，设有备用柴油发电机,双回路供电，设有备用柴油发电机,,"{""measure_status"":""existing""}",H线HAZOP及SIL定级分析 HAZOP记录表.xls,HAZOP_DA_H_R_V1,1.5-hazop,1.0000,accepted
CTRLHZ_9e9b2be592a270e9a2ce,ControlMeasure,成熟机设有TIC-7103,成熟机设有TIC-7103,,"{""measure_status"":""existing""}",R线 HAZOP分析记录表.xls,HAZOP_DA_H_R_V1,1.5-hazop,1.0000,accepted
CTRLHZ_a0bc24b3f34aed939815,ControlMeasure,#硝化机定期取样分析,#硝化机定期取样分析,,"{""measure_status"":""existing""}",H线HAZOP及SIL定级分析 HAZOP记录表.xls,HAZOP_DA_H_R_V1,1.5-hazop,1.0000,accepted
CTRLHZ_a1e0e2814267c9f59684,ControlMeasure,PI-6203,PI-6203,,"{""measure_status"":""existing""}",DA线HAZOP分析记录表.xls,HAZOP_DA_H_R_V1,1.5-hazop,1.0000,accepted
CTRLHZ_a4ebb5c61bf4ec20e19e,ControlMeasure,成熟机温度高高TSHH-7102触发联锁，停螺旋加料机电机,成熟机温度高高TSHH-7102触发联锁，停螺旋加料机电机,,"{""measure_status"":""existing""}",R线 HAZOP分析记录表.xls,HAZOP_DA_H_R_V1,1.5-hazop,1.0000,accepted
CTRLHZ_a8611645a6ee21fe2e59,ControlMeasure,硝化工房二层设置有毒气体浓度探测仪,硝化工房二层设置有毒气体浓度探测仪,,"{""measure_status"":""existing""}",H线HAZOP及SIL定级分析 HAZOP记录表.xls,HAZOP_DA_H_R_V1,1.5-hazop,1.0000,accepted
CTRLHZ_aad5397a74b5ea0c1972,ControlMeasure,酸水浓度取样分析,酸水浓度取样分析,,"{""measure_status"":""existing""}",R线 HAZOP分析记录表.xls,HAZOP_DA_H_R_V1,1.5-hazop,1.0000,accepted
CTRLHZ_ab5c4adf25bbeae8747e,ControlMeasure,螺旋推进器电机设有过载停机保护,螺旋推进器电机设有过载停机保护,,"{""measure_status"":""existing""}",H线HAZOP及SIL定级分析 HAZOP记录表.xls,HAZOP_DA_H_R_V1,1.5-hazop,1.0000,accepted
CTRLHZ_ae34399f70af2d434301,ControlMeasure,合成釜上TI-6203,合成釜上TI-6203,,"{""measure_status"":""existing""}",DA线HAZOP分析记录表.xls,HAZOP_DA_H_R_V1,1.5-hazop,1.0000,accepted
CTRLHZ_af73e71abba3839bf5c4,ControlMeasure,硝化机定期取样分析,硝化机定期取样分析,,"{""measure_status"":""existing""}",H线HAZOP及SIL定级分析 HAZOP记录表.xls,HAZOP_DA_H_R_V1,1.5-hazop,1.0000,accepted
CTRLHZ_b08dd40eefa33b2323f2,ControlMeasure,循坏水总管设有PSLL触发联锁，停进料,循坏水总管设有PSLL触发联锁，停进料,,"{""measure_status"":""existing""}",H线HAZOP及SIL定级分析 HAZOP记录表.xls,HAZOP_DA_H_R_V1,1.5-hazop,1.0000,accepted
CTRLHZ_b09a0cb88377bc2de900,ControlMeasure,结晶机设有TI-7105/7106,结晶机设有TI-7105/7106,,"{""measure_status"":""existing""}",R线 HAZOP分析记录表.xls,HAZOP_DA_H_R_V1,1.5-hazop,1.0000,accepted
CTRLHZ_b45a69dae1bd41967625,ControlMeasure,乌醋溶液加注管线设有FSLL-1703流量低低联锁，停所有进料,乌醋溶液加注管线设有FSLL-1703流量低低联锁，停所有进料,,"{""measure_status"":""existing""}",H线HAZOP及SIL定级分析 HAZOP记录表.xls,HAZOP_DA_H_R_V1,1.5-hazop,1.0000,accepted
CTRLHZ_b9265d45fad05fac4a8d,ControlMeasure,罗茨鼓风机出口设有PI-,罗茨鼓风机出口设有PI-,,"{""measure_status"":""existing""}",H线HAZOP及SIL定级分析 HAZOP记录表.xls,HAZOP_DA_H_R_V1,1.5-hazop,1.0000,accepted
CTRLHZ_b92dfe7756e724561300,ControlMeasure,阀门选型已考虑故障安全位置,阀门选型已考虑故障安全位置,,"{""measure_status"":""existing""}",DA线HAZOP分析记录表.xls,HAZOP_DA_H_R_V1,1.5-hazop,1.0000,accepted
CTRLHZ_ba57ce46ec9c32736899,ControlMeasure,#硝化机设有TSHHH-1711触发联锁，打开底部卸料阀KV-1729,#硝化机设有TSHHH-1711触发联锁，打开底部卸料阀KV-1729,,"{""measure_status"":""existing""}",H线HAZOP及SIL定级分析 HAZOP记录表.xls,HAZOP_DA_H_R_V1,1.5-hazop,1.0000,accepted
CTRLHZ_babe27cb77915eb851f3,ControlMeasure,乌醋液贮槽设有TIC-带TAH,乌醋液贮槽设有TIC-带TAH,,"{""measure_status"":""existing""}",H线HAZOP及SIL定级分析 HAZOP记录表.xls,HAZOP_DA_H_R_V1,1.5-hazop,1.0000,accepted
CTRLHZ_bd250d52c389ce9137b6,ControlMeasure,吉纳称量及加料过程中，两人操作，一人称量，一人复核,吉纳称量及加料过程中，两人操作，一人称量，一人复核,,"{""measure_status"":""existing""}",DA线HAZOP分析记录表.xls,HAZOP_DA_H_R_V1,1.5-hazop,1.0000,accepted
CTRLHZ_bdf52960d0fa221dd984,ControlMeasure,叠氮化钠称量过程中，两人操作，一人称量，一人复核,叠氮化钠称量过程中，两人操作，一人称量，一人复核,,"{""measure_status"":""existing""}",DA线HAZOP分析记录表.xls,HAZOP_DA_H_R_V1,1.5-hazop,1.0000,accepted
CTRLHZ_be0016674cb34dff9660,ControlMeasure,毛细管蒸馏釜上TI-6212,毛细管蒸馏釜上TI-6212,,"{""measure_status"":""existing""}",DA线HAZOP分析记录表.xls,HAZOP_DA_H_R_V1,1.5-hazop,1.0000,accepted
CTRLHZ_be08b22d5a0778763cef,ControlMeasure,#硝化机设有TSHHH-1709触发联锁，打开底部卸料阀KV-1704,#硝化机设有TSHHH-1709触发联锁，打开底部卸料阀KV-1704,,"{""measure_status"":""existing""}",H线HAZOP及SIL定级分析 HAZOP记录表.xls,HAZOP_DA_H_R_V1,1.5-hazop,1.0000,accepted
CTRLHZ_be0e8bae1010a7215f94,ControlMeasure,乌醋液贮槽乌醋溶液配制完毕后取样分析,乌醋液贮槽乌醋溶液配制完毕后取样分析,,"{""measure_status"":""existing""}",H线HAZOP及SIL定级分析 HAZOP记录表.xls,HAZOP_DA_H_R_V1,1.5-hazop,1.0000,accepted
CTRLHZ_bebf777166fa8966b274,ControlMeasure,成熟机温度高高高TSHHH-7102触发联锁，打开成熟机放料阀HV-7101，打开安全槽压空管线快开阀HV-7105，打开压空喷射管线快开阀HV-7106,成熟机温度高高高TSHHH-7102触发联锁，打开成熟机放料阀HV-7101，打开安全槽压空管线快开阀HV-7105，打开压空喷射管线快开阀HV-7106,,"{""measure_status"":""existing""}",R线 HAZOP分析记录表.xls,HAZOP_DA_H_R_V1,1.5-hazop,1.0000,accepted
CTRLHZ_bff78d6c3db69ab562b6,ControlMeasure,操作人员PPE,操作人员PPE,,"{""measure_status"":""existing""}",H线HAZOP及SIL定级分析 HAZOP记录表.xls,HAZOP_DA_H_R_V1,1.5-hazop,1.0000,accepted
CTRLHZ_c182f90e461449314639,ControlMeasure,硝化机气相空间设有TAH-7120,硝化机气相空间设有TAH-7120,,"{""measure_status"":""existing""}",R线 HAZOP分析记录表.xls,HAZOP_DA_H_R_V1,1.5-hazop,1.0000,accepted
CTRLHZ_c2ca8ddb1901097a55a6,ControlMeasure,铵硝液贮槽铵硝溶液配制完毕后取样分析,铵硝液贮槽铵硝溶液配制完毕后取样分析,,"{""measure_status"":""existing""}",H线HAZOP及SIL定级分析 HAZOP记录表.xls,HAZOP_DA_H_R_V1,1.5-hazop,1.0000,accepted
CTRLHZ_c3f067855790aee6ae5b,ControlMeasure,换热器输送空气出口设有TIC-2102,换热器输送空气出口设有TIC-2102,,"{""measure_status"":""existing""}",H线HAZOP及SIL定级分析 HAZOP记录表.xls,HAZOP_DA_H_R_V1,1.5-hazop,1.0000,accepted
CTRLHZ_c5157efda0f7571cae11,ControlMeasure,结晶机温度高高TSHH-7106触发联锁，停螺旋加料机电机,结晶机温度高高TSHH-7106触发联锁，停螺旋加料机电机,,"{""measure_status"":""existing""}",R线 HAZOP分析记录表.xls,HAZOP_DA_H_R_V1,1.5-hazop,1.0000,accepted
CTRLHZ_c6b0e23e6477c38ad90a,ControlMeasure,硝酸铵合格证,硝酸铵合格证,,"{""measure_status"":""existing""}",H线HAZOP及SIL定级分析 HAZOP记录表.xls,HAZOP_DA_H_R_V1,1.5-hazop,1.0000,accepted
CTRLHZ_c84c008cae22c9693005,ControlMeasure,硝化机搅拌器运行信号允许启动螺旋加料机电机,硝化机搅拌器运行信号允许启动螺旋加料机电机,,"{""measure_status"":""existing""}",R线 HAZOP分析记录表.xls,HAZOP_DA_H_R_V1,1.5-hazop,1.0000,accepted
CTRLHZ_c8c96195457247dd6e18,ControlMeasure,每批次加料后，现场确认叠氮化钠残留情况并清理,每批次加料后，现场确认叠氮化钠残留情况并清理,,"{""measure_status"":""existing""}",DA线HAZOP分析记录表.xls,HAZOP_DA_H_R_V1,1.5-hazop,1.0000,accepted
CTRLHZ_cde6d6b8642e98231f68,ControlMeasure,调节硝化机负压调节插板开度时，双人操作,调节硝化机负压调节插板开度时，双人操作,,"{""measure_status"":""existing""}",R线 HAZOP分析记录表.xls,HAZOP_DA_H_R_V1,1.5-hazop,1.0000,accepted
CTRLHZ_ce13667d7c6a333f01a8,ControlMeasure,乌醋配机搅拌器电机设有过载停机保护,乌醋配机搅拌器电机设有过载停机保护,,"{""measure_status"":""existing""}",H线HAZOP及SIL定级分析 HAZOP记录表.xls,HAZOP_DA_H_R_V1,1.5-hazop,1.0000,accepted
CTRLHZ_cf77b47f1041b3d384fb,ControlMeasure,#、3#硝化机定期取样分析,#、3#硝化机定期取样分析,,"{""measure_status"":""existing""}",H线HAZOP及SIL定级分析 HAZOP记录表.xls,HAZOP_DA_H_R_V1,1.5-hazop,1.0000,accepted
CTRLHZ_d04282c99e30df066ecb,ControlMeasure,摇摆颗粒机加料口设有除尘设施,摇摆颗粒机加料口设有除尘设施,,"{""measure_status"":""existing""}",H线HAZOP及SIL定级分析 HAZOP记录表.xls,HAZOP_DA_H_R_V1,1.5-hazop,1.0000,accepted
CTRLHZ_d160a6b3ffc54c36ce18,ControlMeasure,搅拌器设有运行状态指示,搅拌器设有运行状态指示,,"{""measure_status"":""existing""}",H线HAZOP及SIL定级分析 HAZOP记录表.xls,HAZOP_DA_H_R_V1,1.5-hazop,1.0000,accepted
CTRLHZ_d46d917474c065b062ea,ControlMeasure,TAH-6212,TAH-6212,,"{""measure_status"":""existing""}",DA线HAZOP分析记录表.xls,HAZOP_DA_H_R_V1,1.5-hazop,1.0000,accepted
CTRLHZ_d48a0f4f74d162609393,ControlMeasure,乌醋配机设有TIC带TAH,乌醋配机设有TIC带TAH,,"{""measure_status"":""existing""}",H线HAZOP及SIL定级分析 HAZOP记录表.xls,HAZOP_DA_H_R_V1,1.5-hazop,1.0000,accepted
CTRLHZ_db03815fa0c51f4bcd3d,ControlMeasure,结晶机内物料定期取样分析,结晶机内物料定期取样分析,,"{""measure_status"":""existing""}",R线 HAZOP分析记录表.xls,HAZOP_DA_H_R_V1,1.5-hazop,1.0000,accepted
CTRLHZ_dbe87d7d756db82b6487,ControlMeasure,定期对硝化机蛇管打压试漏,定期对硝化机蛇管打压试漏,,"{""measure_status"":""existing""}",R线 HAZOP分析记录表.xls,HAZOP_DA_H_R_V1,1.5-hazop,1.0000,accepted
CTRLHZ_dc82f5f107c4e9d25474,ControlMeasure,饱和蒸汽总管设有远传压力,饱和蒸汽总管设有远传压力,,"{""measure_status"":""existing""}",H线HAZOP及SIL定级分析 HAZOP记录表.xls,HAZOP_DA_H_R_V1,1.5-hazop,1.0000,accepted
CTRLHZ_de225cad95bd5fef382b,ControlMeasure,FIQ-6203,FIQ-6203,,"{""measure_status"":""existing""}",DA线HAZOP分析记录表.xls,HAZOP_DA_H_R_V1,1.5-hazop,1.0000,accepted
CTRLHZ_de22a09a1f066d716229,ControlMeasure,备用柴油发电机,备用柴油发电机,,"{""measure_status"":""existing""}",R线 HAZOP分析记录表.xls,HAZOP_DA_H_R_V1,1.5-hazop,1.0000,accepted
CTRLHZ_de72a0c59152e0a7bf92,ControlMeasure,排烟机运行状态指示,排烟机运行状态指示,,"{""measure_status"":""existing""}",R线 HAZOP分析记录表.xls,HAZOP_DA_H_R_V1,1.5-hazop,1.0000,accepted
CTRLHZ_df4b0614a6acbf19bb23,ControlMeasure,分离釜设有LAH-1818,分离釜设有LAH-1818,,"{""measure_status"":""existing""}",H线HAZOP及SIL定级分析 HAZOP记录表.xls,HAZOP_DA_H_R_V1,1.5-hazop,1.0000,accepted
CTRLHZ_df528a9d0e7e7552e0ba,ControlMeasure,硝化机总管压力低报警PAL-7103,硝化机总管压力低报警PAL-7103,,"{""measure_status"":""existing""}",R线 HAZOP分析记录表.xls,HAZOP_DA_H_R_V1,1.5-hazop,1.0000,accepted
CTRLHZ_dfaba4d04d7161c86b33,ControlMeasure,成熟机设有TAH-7102,成熟机设有TAH-7102,,"{""measure_status"":""existing""}",R线 HAZOP分析记录表.xls,HAZOP_DA_H_R_V1,1.5-hazop,1.0000,accepted
CTRLHZ_e340ef70aa6ab16447bd,ControlMeasure,转晶机上TAH-2207（与原因产生共因失效，非有效安全措施）,转晶机上TAH-2207（与原因产生共因失效，非有效安全措施）,,"{""measure_status"":""existing""}",H线HAZOP及SIL定级分析 HAZOP记录表.xls,HAZOP_DA_H_R_V1,1.5-hazop,1.0000,accepted
CTRLHZ_e66565179e21325647ac,ControlMeasure,成熟机乌洛托品下料口与硝烟排放口对称布置,成熟机乌洛托品下料口与硝烟排放口对称布置,,"{""measure_status"":""existing""}",R线 HAZOP分析记录表.xls,HAZOP_DA_H_R_V1,1.5-hazop,1.0000,accepted
CTRLHZ_e6eee57d38a55166b514,ControlMeasure,操作规程,操作规程,,"{""measure_status"":""existing""}",H线HAZOP及SIL定级分析 HAZOP记录表.xls,HAZOP_DA_H_R_V1,1.5-hazop,1.0000,accepted
CTRLHZ_e7488054e0ebafb5ad2c,ControlMeasure,设备选材已考虑防酸腐蚀因素,设备选材已考虑防酸腐蚀因素,,"{""measure_status"":""existing""}",DA线HAZOP分析记录表.xls,HAZOP_DA_H_R_V1,1.5-hazop,1.0000,accepted
CTRLHZ_e877d882697f811e62cb,ControlMeasure,醋酸入厂复检,醋酸入厂复检,,"{""measure_status"":""existing""}",H线HAZOP及SIL定级分析 HAZOP记录表.xls,HAZOP_DA_H_R_V1,1.5-hazop,1.0000,accepted
CTRLHZ_ed14b3d15291729222c9,ControlMeasure,循环热水管线上TI-6222,循环热水管线上TI-6222,,"{""measure_status"":""existing""}",DA线HAZOP分析记录表.xls,HAZOP_DA_H_R_V1,1.5-hazop,1.0000,accepted
CTRLHZ_f386f966bbf15e2f2c14,ControlMeasure,铵硝液贮槽设有TIC-1702带TAH,铵硝液贮槽设有TIC-1702带TAH,,"{""measure_status"":""existing""}",H线HAZOP及SIL定级分析 HAZOP记录表.xls,HAZOP_DA_H_R_V1,1.5-hazop,1.0000,accepted
CTRLHZ_f3b070b60aaac9329aec,ControlMeasure,成熟机总管压力低报警PAL-7103,成熟机总管压力低报警PAL-7103,,"{""measure_status"":""existing""}",R线 HAZOP分析记录表.xls,HAZOP_DA_H_R_V1,1.5-hazop,1.0000,accepted
CTRLHZ_f3f7c8b3d4bb91b696c3,ControlMeasure,成熟机温度高高高TSHHH-7104触发联锁，打开成熟机放料阀HV-7102，打开安全槽压空管线快开阀HV-7105，打开压空喷射管线快开阀HV-7106,成熟机温度高高高TSHHH-7104触发联锁，打开成熟机放料阀HV-7102，打开安全槽压空管线快开阀HV-7105，打开压空喷射管线快开阀HV-7106,,"{""measure_status"":""existing""}",R线 HAZOP分析记录表.xls,HAZOP_DA_H_R_V1,1.5-hazop,1.0000,accepted
CTRLHZ_f743bd984e496e9ca329,ControlMeasure,向合成釜加入吉纳前，人工观察确认,向合成釜加入吉纳前，人工观察确认,,"{""measure_status"":""existing""}",DA线HAZOP分析记录表.xls,HAZOP_DA_H_R_V1,1.5-hazop,1.0000,accepted
CTRLHZ_f767184006c8efb16297,ControlMeasure,结晶机设有TIC-7105,结晶机设有TIC-7105,,"{""measure_status"":""existing""}",R线 HAZOP分析记录表.xls,HAZOP_DA_H_R_V1,1.5-hazop,1.0000,accepted
CTRLHZ_f8ae79478abb7f2d984b,ControlMeasure,#硝化机设有TSHH-1707触发联锁，停进料,#硝化机设有TSHH-1707触发联锁，停进料,,"{""measure_status"":""existing""}",H线HAZOP及SIL定级分析 HAZOP记录表.xls,HAZOP_DA_H_R_V1,1.5-hazop,1.0000,accepted
CTRLHZ_f9ee5d5f0f28673c4794,ControlMeasure,#硝化机设有TIC-1709带TAH,#硝化机设有TIC-1709带TAH,,"{""measure_status"":""existing""}",H线HAZOP及SIL定级分析 HAZOP记录表.xls,HAZOP_DA_H_R_V1,1.5-hazop,1.0000,accepted
CTRLHZ_fb2320b0569d6ea495be,ControlMeasure,星型下料器最大转速无影响,星型下料器最大转速无影响,,"{""measure_status"":""existing""}",H线HAZOP及SIL定级分析 HAZOP记录表.xls,HAZOP_DA_H_R_V1,1.5-hazop,1.0000,accepted
CTRLHZ_fd063b3cf446b3effbd4,ControlMeasure,成熟机设有TAH-7104,成熟机设有TAH-7104,,"{""measure_status"":""existing""}",R线 HAZOP分析记录表.xls,HAZOP_DA_H_R_V1,1.5-hazop,1.0000,accepted
RECHZ_00e44ae96b31a2a6fc02,ControlMeasure,建议改为加入稀硝酸并采取计量措施,建议改为加入稀硝酸并采取计量措施,,"{""category"":""O"",""measure_status"":""proposed"",""recommendation_no"":""#4.1""}",DA线HAZOP分析记录表.xls,HAZOP_DA_H_R_V1,1.5-hazop,1.0000,accepted
RECHZ_02fe1d6f1906237aaf1b,ControlMeasure,TSHHH-7105温度高高高联锁进独立SIS系统，打开成熟机放料阀HV-7102，打开安全槽压空管线快开阀HV-7105，打开压空喷射管线快开阀HV-7106,TSHHH-7105温度高高高联锁进独立SIS系统，打开成熟机放料阀HV-7102，打开安全槽压空管线快开阀HV-7105，打开压空喷射管线快开阀HV-7106,,"{""category"":""S"",""measure_status"":""proposed"",""recommendation_no"":""#1.4""}",R线 HAZOP分析记录表.xls,HAZOP_DA_H_R_V1,1.5-hazop,1.0000,accepted
RECHZ_050aff124bd9abbb5595,ControlMeasure,建议排烟机设置运行指示信号及故障报警,建议排烟机设置运行指示信号及故障报警,,"{""category"":""S"",""measure_status"":""proposed"",""recommendation_no"":""#1.3""}",H线HAZOP及SIL定级分析 HAZOP记录表.xls,HAZOP_DA_H_R_V1,1.5-hazop,1.0000,accepted
RECHZ_07b3959b7cb069c7e1e1,ControlMeasure,考虑吉纳加料设置自动加料措施,考虑吉纳加料设置自动加料措施,,"{""category"":""O"",""measure_status"":""proposed"",""recommendation_no"":""#1.1""}",DA线HAZOP分析记录表.xls,HAZOP_DA_H_R_V1,1.5-hazop,1.0000,accepted
RECHZ_10a4af34f698f080cd83,ControlMeasure,建议硝化机放料阀HV-,建议硝化机放料阀HV-,,"{""category"":""S"",""measure_status"":""proposed"",""recommendation_no"":""#1.2""}",R线 HAZOP分析记录表.xls,HAZOP_DA_H_R_V1,1.5-hazop,1.0000,accepted
RECHZ_122bb4fb411b889fd81f,ControlMeasure,确认叠氮化钠溶解不完全情况下，搅拌撞击是否会导致产气分解及相应影响,确认叠氮化钠溶解不完全情况下，搅拌撞击是否会导致产气分解及相应影响,,"{""category"":""S"",""measure_status"":""proposed"",""recommendation_no"":""#1.2""}",DA线HAZOP分析记录表.xls,HAZOP_DA_H_R_V1,1.5-hazop,1.0000,accepted
RECHZ_13075361aeee371d3787,ControlMeasure,建议收集槽增设远传压力变送器，新增压力变送器应具有负压量程,建议收集槽增设远传压力变送器，新增压力变送器应具有负压量程,,"{""category"":""O"",""measure_status"":""proposed"",""recommendation_no"":""#2.4""}",DA线HAZOP分析记录表.xls,HAZOP_DA_H_R_V1,1.5-hazop,1.0000,accepted
RECHZ_18f1ccc23945ec1d17e7,ControlMeasure,合成釜温度高报警及高高联锁值、反应釜夹套循环热水温度高报警的设定值应综合考虑溶液中吉纳分解起始温度、工艺安全时间、夹套冷却水管径及合成釜放料管径等条件的影响。同时增设温度计，使报警与温度调节、联锁分别单独设置,合成釜温度高报警及高高联锁值、反应釜夹套循环热水温度高报警的设定值应综合考虑溶液中吉纳分解起始温度、工艺安全时间、夹套冷却水管径及合成釜放料管径等条件的影响。同时增设温度计，使报警与温度调节、联锁分别单独设置,,"{""category"":""S"",""measure_status"":""proposed"",""recommendation_no"":""#1.8""}",DA线HAZOP分析记录表.xls,HAZOP_DA_H_R_V1,1.5-hazop,1.0000,accepted
RECHZ_1e47c1c10d0975505539,ControlMeasure,建议循环热水管线及合成釜上增设独立温度计，并设置温度低报警TAL,建议循环热水管线及合成釜上增设独立温度计，并设置温度低报警TAL,,"{""category"":""S"",""measure_status"":""proposed"",""recommendation_no"":""#1.10""}",DA线HAZOP分析记录表.xls,HAZOP_DA_H_R_V1,1.5-hazop,1.0000,accepted
RECHZ_222839faf1816b96922b,ControlMeasure,建议合成釜搅拌器明确最高转速限制，并设置转速高报警（防止固体物料析出或溶解不完全，转速过快导致爆炸事故）,建议合成釜搅拌器明确最高转速限制，并设置转速高报警（防止固体物料析出或溶解不完全，转速过快导致爆炸事故）,,"{""category"":""S"",""measure_status"":""proposed"",""recommendation_no"":""#1.5""}",DA线HAZOP分析记录表.xls,HAZOP_DA_H_R_V1,1.5-hazop,1.0000,accepted
RECHZ_23f675527d12c0bc4ec1,ControlMeasure,建议将搅拌器运行电流信号接至中控室,建议将搅拌器运行电流信号接至中控室,,"{""category"":""S"",""measure_status"":""proposed"",""recommendation_no"":""#1.15""}",DA线HAZOP分析记录表.xls,HAZOP_DA_H_R_V1,1.5-hazop,1.0000,accepted
RECHZ_24466f3a64f9bee64fcb,ControlMeasure,建议车间设置通风换气设施,建议车间设置通风换气设施,,"{""category"":""O"",""measure_status"":""proposed"",""recommendation_no"":""#1.13""}",DA线HAZOP分析记录表.xls,HAZOP_DA_H_R_V1,1.5-hazop,1.0000,accepted
RECHZ_2b875ae460eef7ca6ffa,ControlMeasure,建议二甲基亚砜加料管线设置流量计，每批次加料时实现加料量累积计量，加料量不足时，设置流量低报警，禁止后续加入固体物料,建议二甲基亚砜加料管线设置流量计，每批次加料时实现加料量累积计量，加料量不足时，设置流量低报警，禁止后续加入固体物料,,"{""category"":""S"",""measure_status"":""proposed"",""recommendation_no"":""#1.3""}",DA线HAZOP分析记录表.xls,HAZOP_DA_H_R_V1,1.5-hazop,1.0000,accepted
RECHZ_2c62b4b74c98d2f8ff7c,ControlMeasure,建议1#硝化机考虑超压泄放设施，其泄放量及设定值应进一步研究分析，验证该超压泄放设施是否能保护该场景,建议1#硝化机考虑超压泄放设施，其泄放量及设定值应进一步研究分析，验证该超压泄放设施是否能保护该场景,,"{""category"":""S"",""measure_status"":""proposed"",""recommendation_no"":""#3.3""}",H线HAZOP及SIL定级分析 HAZOP记录表.xls,HAZOP_DA_H_R_V1,1.5-hazop,1.0000,accepted
RECHZ_2f94b406f0838289813c,ControlMeasure,铵硝与乌醋进料比例高高高联锁，打开底部卸料阀KV-1702,铵硝与乌醋进料比例高高高联锁，打开底部卸料阀KV-1702,,"{""category"":""S"",""measure_status"":""proposed"",""recommendation_no"":""#3.1""}",H线HAZOP及SIL定级分析 HAZOP记录表.xls,HAZOP_DA_H_R_V1,1.5-hazop,1.0000,accepted
RECHZ_36ffa606f3e5d90cdfcb,ControlMeasure,岗位操作规程中应明确加料过程搅拌器停机时或加料前未开启搅拌器时，固体物料加入合成釜内后，应确保充分溶解后启动搅拌器，以避免发生撞击，爆炸事故,岗位操作规程中应明确加料过程搅拌器停机时或加料前未开启搅拌器时，固体物料加入合成釜内后，应确保充分溶解后启动搅拌器，以避免发生撞击，爆炸事故,,"{""category"":""S"",""measure_status"":""proposed"",""recommendation_no"":""#1.17""}",DA线HAZOP分析记录表.xls,HAZOP_DA_H_R_V1,1.5-hazop,1.0000,accepted
RECHZ_372f79931dac9c73c282,ControlMeasure,确认应设置双回路供电，并实现自动切换,确认应设置双回路供电，并实现自动切换,,"{""category"":""S"",""measure_status"":""proposed"",""recommendation_no"":""#1.20""}",DA线HAZOP分析记录表.xls,HAZOP_DA_H_R_V1,1.5-hazop,1.0000,accepted
RECHZ_37483f1ceaa9f27ea537,ControlMeasure,建议冲洗水管线阀门与二甲基亚砜加料阀门做互锁，防止冲洗水进入合成釜,建议冲洗水管线阀门与二甲基亚砜加料阀门做互锁，防止冲洗水进入合成釜,,"{""category"":""O"",""measure_status"":""proposed"",""recommendation_no"":""#1.7""}",DA线HAZOP分析记录表.xls,HAZOP_DA_H_R_V1,1.5-hazop,1.0000,accepted
RECHZ_3c5f93ecf96f239bf285,ControlMeasure,建议二甲基亚砜高位槽设置高液位许可打开加料阀门措施,建议二甲基亚砜高位槽设置高液位许可打开加料阀门措施,,"{""category"":""O"",""measure_status"":""proposed"",""recommendation_no"":""#1.4""}",DA线HAZOP分析记录表.xls,HAZOP_DA_H_R_V1,1.5-hazop,1.0000,accepted
RECHZ_43613a0ab1784a37a079,ControlMeasure,建议硝化反应铵硝与乌醋进料比例增设比例高高联锁，停进料,建议硝化反应铵硝与乌醋进料比例增设比例高高联锁，停进料,,"{""category"":""S"",""measure_status"":""proposed"",""recommendation_no"":""#3.1""}",H线HAZOP及SIL定级分析 HAZOP记录表.xls,HAZOP_DA_H_R_V1,1.5-hazop,1.0000,accepted
RECHZ_45ef8b5b340203f9dec0,ControlMeasure,优化常压蒸馏釜接料桶设计，采取密封措施,优化常压蒸馏釜接料桶设计，采取密封措施,,"{""category"":""O"",""measure_status"":""proposed"",""recommendation_no"":""#3.3""}",DA线HAZOP分析记录表.xls,HAZOP_DA_H_R_V1,1.5-hazop,1.0000,accepted
RECHZ_4a72baf639a94810826f,ControlMeasure,压空喷射管线快开阀HV-7106故障安全位置由“FC”改为“FO”型，以避免仪表压空压力低或中断时，放料阀HV-,压空喷射管线快开阀HV-7106故障安全位置由“FC”改为“FO”型，以避免仪表压空压力低或中断时，放料阀HV-,,"{""category"":""S"",""measure_status"":""proposed"",""recommendation_no"":""#1.2""}",R线 HAZOP分析记录表.xls,HAZOP_DA_H_R_V1,1.5-hazop,1.0000,accepted
RECHZ_52b08cf559438bc6093e,ControlMeasure,并设置温度高高（低于RDX分解温度150℃，如温度高高联锁设定值设置135℃）联锁切断蒸汽进料,并设置温度高高（低于RDX分解温度150℃，如温度高高联锁设定值设置135℃）联锁切断蒸汽进料,,"{""category"":""S"",""measure_status"":""proposed"",""recommendation_no"":""#3.1""}",R线 HAZOP分析记录表.xls,HAZOP_DA_H_R_V1,1.5-hazop,1.0000,accepted
RECHZ_54b8f5403d38d1c215b7,ControlMeasure,TSHHH温度高高高联锁进独立SIS系统，打开底部卸料阀KV-1702,TSHHH温度高高高联锁进独立SIS系统，打开底部卸料阀KV-1702,,"{""category"":""S"",""measure_status"":""proposed"",""recommendation_no"":""#3.2""}",H线HAZOP及SIL定级分析 HAZOP记录表.xls,HAZOP_DA_H_R_V1,1.5-hazop,1.0000,accepted
RECHZ_5a64ddb190ba3f9e2a44,ControlMeasure,建议布袋除尘器增设差压表，用于监测布袋除尘器堵塞状况,建议布袋除尘器增设差压表，用于监测布袋除尘器堵塞状况,,"{""category"":""O"",""measure_status"":""proposed"",""recommendation_no"":""#1.2""}",H线HAZOP及SIL定级分析 HAZOP记录表.xls,HAZOP_DA_H_R_V1,1.5-hazop,1.0000,accepted
RECHZ_5addeff61e21731634ff,ControlMeasure,建议开工阶段，硝化机间断配料工序进行程控化改造，以避免人为误操作带来的严重后果,建议开工阶段，硝化机间断配料工序进行程控化改造，以避免人为误操作带来的严重后果,,"{""category"":""S"",""measure_status"":""proposed"",""recommendation_no"":""#1.6""}",R线 HAZOP分析记录表.xls,HAZOP_DA_H_R_V1,1.5-hazop,1.0000,accepted
RECHZ_5b5082f6947e2d6b9cb6,ControlMeasure,建议硝酸进料管线上增设独立切断阀，酸水管线上增设独立切断阀，1#硝化机TSHH-7102温度高高联锁进独立SIS系统，停螺旋加料机电机，关闭硝酸进料管线上新增切断阀，关闭酸水管线上切断阀,建议硝酸进料管线上增设独立切断阀，酸水管线上增设独立切断阀，1#硝化机TSHH-7102温度高高联锁进独立SIS系统，停螺旋加料机电机，关闭硝酸进料管线上新增切断阀，关闭酸水管线上切断阀,,"{""category"":""S"",""measure_status"":""proposed"",""recommendation_no"":""#1.1""}",R线 HAZOP分析记录表.xls,HAZOP_DA_H_R_V1,1.5-hazop,1.0000,accepted
RECHZ_5bd2239e37109c2d0778,ControlMeasure,建议分离釜增设分离釜液位高高/低低切断蒸汽及废酸进料,建议分离釜增设分离釜液位高高/低低切断蒸汽及废酸进料,,"{""category"":""S"",""measure_status"":""proposed"",""recommendation_no"":""#5.1""}",H线HAZOP及SIL定级分析 HAZOP记录表.xls,HAZOP_DA_H_R_V1,1.5-hazop,1.0000,accepted
RECHZ_65111ca922d784aa351b,ControlMeasure,建议乌洛托品粒径进行检测，并研究乌洛托品粉尘爆炸相关参数,建议乌洛托品粒径进行检测，并研究乌洛托品粉尘爆炸相关参数,,"{""category"":""S"",""measure_status"":""proposed"",""recommendation_no"":""#2.2""}",H线HAZOP及SIL定级分析 HAZOP记录表.xls,HAZOP_DA_H_R_V1,1.5-hazop,1.0000,accepted
RECHZ_6f115f55e2ab997bfb85,ControlMeasure,考虑二氯甲烷收集槽增设界位计，并定期切水,考虑二氯甲烷收集槽增设界位计，并定期切水,,"{""category"":""O"",""measure_status"":""proposed"",""recommendation_no"":""#3.1""}",DA线HAZOP分析记录表.xls,HAZOP_DA_H_R_V1,1.5-hazop,1.0000,accepted
RECHZ_79655069bc897f7dc9df,ControlMeasure,建议收集槽设计应考虑交变载荷影响（正压负压频繁变化）,建议收集槽设计应考虑交变载荷影响（正压负压频繁变化）,,"{""category"":""O"",""measure_status"":""proposed"",""recommendation_no"":""#2.5""}",DA线HAZOP分析记录表.xls,HAZOP_DA_H_R_V1,1.5-hazop,1.0000,accepted
RECHZ_797bc1e5a6abd6473c38,ControlMeasure,安全槽压空管线快开阀HV-,安全槽压空管线快开阀HV-,,"{""category"":""S"",""measure_status"":""proposed"",""recommendation_no"":""#1.2""}",R线 HAZOP分析记录表.xls,HAZOP_DA_H_R_V1,1.5-hazop,1.0000,accepted
RECHZ_7b5f856bd5fd9a73d10f,ControlMeasure,考虑车间内根据GB-50493设置可燃有毒气体监测报警设施,考虑车间内根据GB-50493设置可燃有毒气体监测报警设施,,"{""category"":""S"",""measure_status"":""proposed"",""recommendation_no"":""#1.12""}",DA线HAZOP分析记录表.xls,HAZOP_DA_H_R_V1,1.5-hazop,1.0000,accepted
RECHZ_7c828fb024606c0da28c,ControlMeasure,建议硝酸进料管线上增设独立切断阀，酸水管线上增设独立切断阀，1#成熟机TSHH-7104温度高高联锁进独立SIS系统，停螺旋加料机电机，关闭硝酸进料管线上新增切断阀，关闭酸水管线上切断阀,建议硝酸进料管线上增设独立切断阀，酸水管线上增设独立切断阀，1#成熟机TSHH-7104温度高高联锁进独立SIS系统，停螺旋加料机电机，关闭硝酸进料管线上新增切断阀，关闭酸水管线上切断阀,,"{""category"":""S"",""measure_status"":""proposed"",""recommendation_no"":""#1.4""}",R线 HAZOP分析记录表.xls,HAZOP_DA_H_R_V1,1.5-hazop,1.0000,accepted
RECHZ_7e9ecf88f18d1c27e128,ControlMeasure,核实分离塔是否需设置超压泄放设施,核实分离塔是否需设置超压泄放设施,,"{""category"":""S"",""measure_status"":""proposed"",""recommendation_no"":""#5.1""}",H线HAZOP及SIL定级分析 HAZOP记录表.xls,HAZOP_DA_H_R_V1,1.5-hazop,1.0000,accepted
RECHZ_821e8001513cbb0d149e,ControlMeasure,建议萃取洗涤后增设在线检测分析设施,建议萃取洗涤后增设在线检测分析设施,,"{""category"":""O"",""measure_status"":""proposed"",""recommendation_no"":""#2.1""}",DA线HAZOP分析记录表.xls,HAZOP_DA_H_R_V1,1.5-hazop,1.0000,accepted
RECHZ_85bfa8ba661c342e1254,ControlMeasure,压空喷射管线快开阀HV-7106无法打开,压空喷射管线快开阀HV-7106无法打开,,"{""category"":""S"",""measure_status"":""proposed"",""recommendation_no"":""#1.2""}",R线 HAZOP分析记录表.xls,HAZOP_DA_H_R_V1,1.5-hazop,1.0000,accepted
RECHZ_8a3e2ad9fa49c96db9dd,ControlMeasure,建议乌醋溶液配制工序进行程控化改造，以避免人为误操作带来的严重后果,建议乌醋溶液配制工序进行程控化改造，以避免人为误操作带来的严重后果,,"{""category"":""O"",""measure_status"":""proposed"",""recommendation_no"":""#2.1""}",H线HAZOP及SIL定级分析 HAZOP记录表.xls,HAZOP_DA_H_R_V1,1.5-hazop,1.0000,accepted
RECHZ_8f374f85a09fb9c75f75,ControlMeasure,在停电工况下再次供电时，搅拌器禁止自启动，避免合成釜内物料撞击,在停电工况下再次供电时，搅拌器禁止自启动，避免合成釜内物料撞击,,"{""category"":""S"",""measure_status"":""proposed"",""recommendation_no"":""#1.16""}",DA线HAZOP分析记录表.xls,HAZOP_DA_H_R_V1,1.5-hazop,1.0000,accepted
RECHZ_91260f4641e9c4aa88c5,ControlMeasure,后续自动化加料改造过程中，设置液位加料顺序联锁,后续自动化加料改造过程中，设置液位加料顺序联锁,,"{""category"":""O"",""measure_status"":""proposed"",""recommendation_no"":""#1.18""}",DA线HAZOP分析记录表.xls,HAZOP_DA_H_R_V1,1.5-hazop,1.0000,accepted
RECHZ_95243ba9e1ab06c9770b,ControlMeasure,140号文具体要求）,140号文具体要求）,,"{""category"":""S"",""measure_status"":""proposed"",""recommendation_no"":""#3.2""}",DA线HAZOP分析记录表.xls,HAZOP_DA_H_R_V1,1.5-hazop,1.0000,accepted
RECHZ_9cd5ce687557abc423ba,ControlMeasure,建议分离釜增设温度高高联锁切断蒸汽及废酸进料,建议分离釜增设温度高高联锁切断蒸汽及废酸进料,,"{""category"":""S"",""measure_status"":""proposed"",""recommendation_no"":""#5.1""}",H线HAZOP及SIL定级分析 HAZOP记录表.xls,HAZOP_DA_H_R_V1,1.5-hazop,1.0000,accepted
RECHZ_9fc370129120aa251149,ControlMeasure,系统检修应考虑隔离措施（盲板）,系统检修应考虑隔离措施（盲板）,,"{""category"":""S"",""measure_status"":""proposed"",""recommendation_no"":""#1.14""}",DA线HAZOP分析记录表.xls,HAZOP_DA_H_R_V1,1.5-hazop,1.0000,accepted
RECHZ_a756e31477edcfcd5710,ControlMeasure,建议循环热水管线上增设流量计，并设置流量低报警FAL,建议循环热水管线上增设流量计，并设置流量低报警FAL,,"{""category"":""S"",""measure_status"":""proposed"",""recommendation_no"":""#1.11""}",DA线HAZOP分析记录表.xls,HAZOP_DA_H_R_V1,1.5-hazop,1.0000,accepted
RECHZ_a9a856184a13255b9efd,ControlMeasure,溶液中未反应吉纳分解条件及影响待研究,溶液中未反应吉纳分解条件及影响待研究,,"{""category"":""S"",""measure_status"":""proposed"",""recommendation_no"":""#1.6""}",DA线HAZOP分析记录表.xls,HAZOP_DA_H_R_V1,1.5-hazop,1.0000,accepted
RECHZ_aab30d117dd25399757c,ControlMeasure,TSHHH-7102温度高高高联锁进独立SIS系统，打开硝化机放料阀HV-7101，打开安全槽压空管线快开阀HV-7105，打开压空喷射管线快开阀HV-7106,TSHHH-7102温度高高高联锁进独立SIS系统，打开硝化机放料阀HV-7101，打开安全槽压空管线快开阀HV-7105，打开压空喷射管线快开阀HV-7106,,"{""category"":""S"",""measure_status"":""proposed"",""recommendation_no"":""#1.1""}",R线 HAZOP分析记录表.xls,HAZOP_DA_H_R_V1,1.5-hazop,1.0000,accepted
RECHZ_aabcd37db36c21981e69,ControlMeasure,建议蒸汽进界区设置压力调节回路，控制蒸汽压力及温度,建议蒸汽进界区设置压力调节回路，控制蒸汽压力及温度,,"{""category"":""S"",""measure_status"":""proposed"",""recommendation_no"":""#3.1""}",R线 HAZOP分析记录表.xls,HAZOP_DA_H_R_V1,1.5-hazop,1.0000,accepted
RECHZ_ada25b6d0e21b7167e50,ControlMeasure,建议萃取洗涤釜增设界位计,建议萃取洗涤釜增设界位计,,"{""category"":""O"",""measure_status"":""proposed"",""recommendation_no"":""#2.2""}",DA线HAZOP分析记录表.xls,HAZOP_DA_H_R_V1,1.5-hazop,1.0000,accepted
RECHZ_b54c14694a7af7cc82d2,ControlMeasure,进一步优化常压蒸馏塔温度、压力控制方案，及超压保护措施（可参考鲁安监,进一步优化常压蒸馏塔温度、压力控制方案，及超压保护措施（可参考鲁安监,,"{""category"":""S"",""measure_status"":""proposed"",""recommendation_no"":""#3.2""}",DA线HAZOP分析记录表.xls,HAZOP_DA_H_R_V1,1.5-hazop,1.0000,accepted
RECHZ_bd32abdc3c15005229ac,ControlMeasure,建议萃取洗涤釜至废水收集槽管线上阀门设置萃取洗涤釜高液位/高界位禁止打开措施,建议萃取洗涤釜至废水收集槽管线上阀门设置萃取洗涤釜高液位/高界位禁止打开措施,,"{""category"":""O"",""measure_status"":""proposed"",""recommendation_no"":""#2.3""}",DA线HAZOP分析记录表.xls,HAZOP_DA_H_R_V1,1.5-hazop,1.0000,accepted
RECHZ_bf07e01b04b0f01382c3,ControlMeasure,考虑合成釜优化温度控制方案（根据“三传一反”条件设置温度串级调节）,考虑合成釜优化温度控制方案（根据“三传一反”条件设置温度串级调节）,,"{""category"":""O"",""measure_status"":""proposed"",""recommendation_no"":""#1.9""}",DA线HAZOP分析记录表.xls,HAZOP_DA_H_R_V1,1.5-hazop,1.0000,accepted
RECHZ_bfa9b063e4200cd2b8bc,ControlMeasure,建议RDX硝化工房设置有毒气体浓度探测仪,建议RDX硝化工房设置有毒气体浓度探测仪,,"{""category"":""S"",""measure_status"":""proposed"",""recommendation_no"":""#1.3""}",R线 HAZOP分析记录表.xls,HAZOP_DA_H_R_V1,1.5-hazop,1.0000,accepted
RECHZ_dbb41154d311de415675,ControlMeasure,操作规程中明确吉纳加入半小时及温度升至50°C为加入叠氮化钠的限制条件,操作规程中明确吉纳加入半小时及温度升至50°C为加入叠氮化钠的限制条件,,"{""category"":""O"",""measure_status"":""proposed"",""recommendation_no"":""#1.19""}",DA线HAZOP分析记录表.xls,HAZOP_DA_H_R_V1,1.5-hazop,1.0000,accepted
RECHZ_e53a337bf27b84c81b7d,ControlMeasure,建议硝铵溶液配制工序进行程控化改造，以避免人为误操作带来的严重后果,建议硝铵溶液配制工序进行程控化改造，以避免人为误操作带来的严重后果,,"{""category"":""O"",""measure_status"":""proposed"",""recommendation_no"":""#1.1""}",H线HAZOP及SIL定级分析 HAZOP记录表.xls,HAZOP_DA_H_R_V1,1.5-hazop,1.0000,accepted
RECHZ_eab610b490d0d98539c1,ControlMeasure,建议乌洛托品粒径及允许含水量检测，并研究乌洛托品粉尘爆炸相关参数,建议乌洛托品粒径及允许含水量检测，并研究乌洛托品粉尘爆炸相关参数,,"{""category"":""S"",""measure_status"":""proposed"",""recommendation_no"":""#1.5""}",R线 HAZOP分析记录表.xls,HAZOP_DA_H_R_V1,1.5-hazop,1.0000,accepted
RECHZ_f5ddb9a51bb1ca558f87,ControlMeasure,#硝化机增设独立远传温度TT，设置TSHH温度高高联锁进独立SIS系统，停进料,#硝化机增设独立远传温度TT，设置TSHH温度高高联锁进独立SIS系统，停进料,,"{""category"":""S"",""measure_status"":""proposed"",""recommendation_no"":""#3.2""}",H线HAZOP及SIL定级分析 HAZOP记录表.xls,HAZOP_DA_H_R_V1,1.5-hazop,1.0000,accepted
HAZOP_DA_H_R_V1,Dataset,DA/H/R线HAZOP分析数据集,DA/H/R线HAZOP分析数据集,,"{""record_count"":307,""sil_source_present"":false}",,HAZOP_DA_H_R_V1,1.5-hazop,1.0000,accepted
DOCHZ_6b54418e631e68fa10,Document,R线 HAZOP分析记录表.xls,R线 HAZOP分析记录表.xls,,"{""project_name"":""R线HAZOP及SIL定级分析"",""sha256"":""0798f81256cb1f483aacf4650559c4fc24a19637a1577ebf1db015c8591695e2""}",R线 HAZOP分析记录表.xls,HAZOP_DA_H_R_V1,1.5-hazop,1.0000,accepted
DOCHZ_b8cfdff1df3faa15b4,Document,DA线HAZOP分析记录表.xls,DA线HAZOP分析记录表.xls,,"{""project_name"":""DA生产线HAZOP分析及SIL评估"",""sha256"":""d0192545e8655ae5be2ab63b193a4107ad39c1b722663540caa8190d2995ecd5""}",DA线HAZOP分析记录表.xls,HAZOP_DA_H_R_V1,1.5-hazop,1.0000,accepted
DOCHZ_bdcb5a7ecc16a2ddb8,Document,H线HAZOP及SIL定级分析 HAZOP记录表.xls,H线HAZOP及SIL定级分析 HAZOP记录表.xls,,"{""project_name"":""H生产线HAZOP及SIL定级分析"",""sha256"":""44004b62e047e2d0397e80fdf8501432fe07989e78d83ca6e48c004965fd7843""}",H线HAZOP及SIL定级分析 HAZOP记录表.xls,HAZOP_DA_H_R_V1,1.5-hazop,1.0000,accepted
EQHZ_00e55ed739ae5f3a80,Equipment,FIQ-6203,FIQ-6203,,"{""equipment_kind"":""instrument_tag""}",DA线HAZOP分析记录表.xls,HAZOP_DA_H_R_V1,1.5-hazop,1.0000,accepted
EQHZ_023d3f2614e51874c1,Equipment,PSL-7110,PSL-7110,,"{""equipment_kind"":""instrument_tag""}",R线 HAZOP分析记录表.xls,HAZOP_DA_H_R_V1,1.5-hazop,1.0000,accepted
EQHZ_0350e93ad3b2ddd4ae,Equipment,TAH-7104,TAH-7104,,"{""equipment_kind"":""instrument_tag""}",R线 HAZOP分析记录表.xls,HAZOP_DA_H_R_V1,1.5-hazop,1.0000,accepted
EQHZ_05913a5079d4c98409,Equipment,蒸馏釜,蒸馏釜,,"{""equipment_kind"":""named_equipment""}",DA线HAZOP分析记录表.xls,HAZOP_DA_H_R_V1,1.5-hazop,1.0000,accepted
EQHZ_0f8717e779e364c02c,Equipment,CCTV,CCTV,,"{""equipment_kind"":""instrument_tag""}",H线HAZOP及SIL定级分析 HAZOP记录表.xls,HAZOP_DA_H_R_V1,1.5-hazop,1.0000,accepted
EQHZ_120c13722fec48b606,Equipment,高位槽,高位槽,,"{""equipment_kind"":""named_equipment""}",DA线HAZOP分析记录表.xls,HAZOP_DA_H_R_V1,1.5-hazop,1.0000,accepted
EQHZ_1240f761dc945e28fa,Equipment,FIC-7103,FIC-7103,,"{""equipment_kind"":""instrument_tag""}",R线 HAZOP分析记录表.xls,HAZOP_DA_H_R_V1,1.5-hazop,1.0000,accepted
EQHZ_13a7075bc0401c1d6f,Equipment,TIC-2201,TIC-2201,,"{""equipment_kind"":""instrument_tag""}",H线HAZOP及SIL定级分析 HAZOP记录表.xls,HAZOP_DA_H_R_V1,1.5-hazop,1.0000,accepted
EQHZ_1bf728ff58e57bdf97,Equipment,TAH-2201,TAH-2201,,"{""equipment_kind"":""instrument_tag""}",H线HAZOP及SIL定级分析 HAZOP记录表.xls,HAZOP_DA_H_R_V1,1.5-hazop,1.0000,accepted
EQHZ_1e41ede14cb1f09dc1,Equipment,FIQC-1704,FIQC-1704,,"{""equipment_kind"":""instrument_tag""}",H线HAZOP及SIL定级分析 HAZOP记录表.xls,HAZOP_DA_H_R_V1,1.5-hazop,1.0000,accepted
EQHZ_2580e89a5bcaae0858,Equipment,反应釜,反应釜,,"{""equipment_kind"":""named_equipment""}",DA线HAZOP分析记录表.xls,HAZOP_DA_H_R_V1,1.5-hazop,1.0000,accepted
EQHZ_26b4f91e29d426ec0d,Equipment,萃取釜,萃取釜,,"{""equipment_kind"":""named_equipment""}",DA线HAZOP分析记录表.xls,HAZOP_DA_H_R_V1,1.5-hazop,1.0000,accepted
EQHZ_2788c57dc992fb8f11,Equipment,FIC-1808,FIC-1808,,"{""equipment_kind"":""instrument_tag""}",H线HAZOP及SIL定级分析 HAZOP记录表.xls,HAZOP_DA_H_R_V1,1.5-hazop,1.0000,accepted
EQHZ_28cf3c227ff45ede86,Equipment,TI-6212,TI-6212,,"{""equipment_kind"":""instrument_tag""}",DA线HAZOP分析记录表.xls,HAZOP_DA_H_R_V1,1.5-hazop,1.0000,accepted
EQHZ_29f69c3dad27b3ef4a,Equipment,排烟机,排烟机,,"{""equipment_kind"":""named_equipment""}",H线HAZOP及SIL定级分析 HAZOP记录表.xls,HAZOP_DA_H_R_V1,1.5-hazop,1.0000,accepted
EQHZ_2b8bc65c290dca01b1,Equipment,PAL-7103,PAL-7103,,"{""equipment_kind"":""instrument_tag""}",R线 HAZOP分析记录表.xls,HAZOP_DA_H_R_V1,1.5-hazop,1.0000,accepted
EQHZ_2dfa2c329bf29db16e,Equipment,螺旋加料机,螺旋加料机,,"{""equipment_kind"":""named_equipment""}",R线 HAZOP分析记录表.xls,HAZOP_DA_H_R_V1,1.5-hazop,1.0000,accepted
EQHZ_2fec06dca1df7ca896,Equipment,摇摆颗粒机,摇摆颗粒机,,"{""equipment_kind"":""named_equipment""}",H线HAZOP及SIL定级分析 HAZOP记录表.xls,HAZOP_DA_H_R_V1,1.5-hazop,1.0000,accepted
EQHZ_33c06b4ff6003992e9,Equipment,HV-7102,HV-7102,,"{""equipment_kind"":""instrument_tag""}",R线 HAZOP分析记录表.xls,HAZOP_DA_H_R_V1,1.5-hazop,1.0000,accepted
EQHZ_351f42ccd3e487e9f5,Equipment,TIC-6224,TIC-6224,,"{""equipment_kind"":""instrument_tag""}",DA线HAZOP分析记录表.xls,HAZOP_DA_H_R_V1,1.5-hazop,1.0000,accepted
EQHZ_39fc71d51fbe42a936,Equipment,TSHH-1707,TSHH-1707,,"{""equipment_kind"":""instrument_tag""}",H线HAZOP及SIL定级分析 HAZOP记录表.xls,HAZOP_DA_H_R_V1,1.5-hazop,1.0000,accepted
EQHZ_410375f7b83d930034,Equipment,罗茨鼓风机,罗茨鼓风机,,"{""equipment_kind"":""named_equipment""}",H线HAZOP及SIL定级分析 HAZOP记录表.xls,HAZOP_DA_H_R_V1,1.5-hazop,1.0000,accepted
EQHZ_41eef008cb28047127,Equipment,风机,风机,,"{""equipment_kind"":""named_equipment""}",H线HAZOP及SIL定级分析 HAZOP记录表.xls,HAZOP_DA_H_R_V1,1.5-hazop,1.0000,accepted
EQHZ_42dbee2db5ec4e8eb4,Equipment,常压蒸馏塔,常压蒸馏塔,,"{""equipment_kind"":""named_equipment""}",DA线HAZOP分析记录表.xls,HAZOP_DA_H_R_V1,1.5-hazop,1.0000,accepted
EQHZ_4375848a930de673cb,Equipment,LAL-1818,LAL-1818,,"{""equipment_kind"":""instrument_tag""}",H线HAZOP及SIL定级分析 HAZOP记录表.xls,HAZOP_DA_H_R_V1,1.5-hazop,1.0000,accepted
EQHZ_43a72ac6654d1e6d1f,Equipment,TSHH-7106,TSHH-7106,,"{""equipment_kind"":""instrument_tag""}",R线 HAZOP分析记录表.xls,HAZOP_DA_H_R_V1,1.5-hazop,1.0000,accepted
EQHZ_4402f9798b939a060a,Equipment,关风器,关风器,,"{""equipment_kind"":""named_equipment""}",H线HAZOP及SIL定级分析 HAZOP记录表.xls,HAZOP_DA_H_R_V1,1.5-hazop,1.0000,accepted
EQHZ_452fe8beefd63c7a59,Equipment,HV-7109,HV-7109,,"{""equipment_kind"":""instrument_tag""}",R线 HAZOP分析记录表.xls,HAZOP_DA_H_R_V1,1.5-hazop,1.0000,accepted
EQHZ_4639261054c0823ce0,Equipment,TIC-2102,TIC-2102,,"{""equipment_kind"":""instrument_tag""}",H线HAZOP及SIL定级分析 HAZOP记录表.xls,HAZOP_DA_H_R_V1,1.5-hazop,1.0000,accepted
EQHZ_47a0930e3d03fc9b79,Equipment,安全槽,安全槽,,"{""equipment_kind"":""named_equipment""}",R线 HAZOP分析记录表.xls,HAZOP_DA_H_R_V1,1.5-hazop,1.0000,accepted
EQHZ_4875457ea183bf3c49,Equipment,分离釜,分离釜,,"{""equipment_kind"":""named_equipment""}",H线HAZOP及SIL定级分析 HAZOP记录表.xls,HAZOP_DA_H_R_V1,1.5-hazop,1.0000,accepted
EQHZ_4ae76b164f4f53e690,Equipment,TAH-1704,TAH-1704,,"{""equipment_kind"":""instrument_tag""}",H线HAZOP及SIL定级分析 HAZOP记录表.xls,HAZOP_DA_H_R_V1,1.5-hazop,1.0000,accepted
EQHZ_4c095092161a7d6636,Equipment,布袋除尘器,布袋除尘器,,"{""equipment_kind"":""named_equipment""}",H线HAZOP及SIL定级分析 HAZOP记录表.xls,HAZOP_DA_H_R_V1,1.5-hazop,1.0000,accepted
EQHZ_4c812ac5844f4817ed,Equipment,PSL-7112,PSL-7112,,"{""equipment_kind"":""instrument_tag""}",R线 HAZOP分析记录表.xls,HAZOP_DA_H_R_V1,1.5-hazop,1.0000,accepted
EQHZ_4dc9b8150b3cc948e4,Equipment,TIC-1711,TIC-1711,,"{""equipment_kind"":""instrument_tag""}",H线HAZOP及SIL定级分析 HAZOP记录表.xls,HAZOP_DA_H_R_V1,1.5-hazop,1.0000,accepted
EQHZ_4e3d0f72e3dd9f3bdb,Equipment,KV-1704,KV-1704,,"{""equipment_kind"":""instrument_tag""}",H线HAZOP及SIL定级分析 HAZOP记录表.xls,HAZOP_DA_H_R_V1,1.5-hazop,1.0000,accepted
EQHZ_4f41cfeafece6870aa,Equipment,FIQC-1706,FIQC-1706,,"{""equipment_kind"":""instrument_tag""}",H线HAZOP及SIL定级分析 HAZOP记录表.xls,HAZOP_DA_H_R_V1,1.5-hazop,1.0000,accepted
EQHZ_514bca57a424f5e3a2,Equipment,PAL-6213,PAL-6213,,"{""equipment_kind"":""instrument_tag""}",DA线HAZOP分析记录表.xls,HAZOP_DA_H_R_V1,1.5-hazop,1.0000,accepted
EQHZ_53e37b6690aa67bb88,Equipment,TIC-7105,TIC-7105,,"{""equipment_kind"":""instrument_tag""}",R线 HAZOP分析记录表.xls,HAZOP_DA_H_R_V1,1.5-hazop,1.0000,accepted
EQHZ_56cca4ec8978eda4ce,Equipment,TIC-1709,TIC-1709,,"{""equipment_kind"":""instrument_tag""}",H线HAZOP及SIL定级分析 HAZOP记录表.xls,HAZOP_DA_H_R_V1,1.5-hazop,1.0000,accepted
EQHZ_5ae13f02be483bc060,Equipment,泵,泵,,"{""equipment_kind"":""named_equipment""}",DA线HAZOP分析记录表.xls,HAZOP_DA_H_R_V1,1.5-hazop,1.0000,accepted
EQHZ_5bed8086db588d7daf,Equipment,HSV-6250,HSV-6250,,"{""equipment_kind"":""instrument_tag""}",DA线HAZOP分析记录表.xls,HAZOP_DA_H_R_V1,1.5-hazop,1.0000,accepted
EQHZ_5d2783e5f6aa39a7c9,Equipment,LAH-1818,LAH-1818,,"{""equipment_kind"":""instrument_tag""}",H线HAZOP及SIL定级分析 HAZOP记录表.xls,HAZOP_DA_H_R_V1,1.5-hazop,1.0000,accepted
EQHZ_5edf8794f2a3245723,Equipment,LI-6203,LI-6203,,"{""equipment_kind"":""instrument_tag""}",DA线HAZOP分析记录表.xls,HAZOP_DA_H_R_V1,1.5-hazop,1.0000,accepted
EQHZ_6073e9fa0b12e7df3b,Equipment,PI-2102,PI-2102,,"{""equipment_kind"":""instrument_tag""}",H线HAZOP及SIL定级分析 HAZOP记录表.xls,HAZOP_DA_H_R_V1,1.5-hazop,1.0000,accepted
EQHZ_644e60798ddb8f15e1,Equipment,TAH-7102,TAH-7102,,"{""equipment_kind"":""instrument_tag""}",R线 HAZOP分析记录表.xls,HAZOP_DA_H_R_V1,1.5-hazop,1.0000,accepted
EQHZ_672dc776dd5af4ffbf,Equipment,铵硝配机,铵硝配机,,"{""equipment_kind"":""named_equipment""}",H线HAZOP及SIL定级分析 HAZOP记录表.xls,HAZOP_DA_H_R_V1,1.5-hazop,1.0000,accepted
EQHZ_676862fa6f82f06833,Equipment,TSHHH-1711,TSHHH-1711,,"{""equipment_kind"":""instrument_tag""}",H线HAZOP及SIL定级分析 HAZOP记录表.xls,HAZOP_DA_H_R_V1,1.5-hazop,1.0000,accepted
EQHZ_68f07b33adb330cc72,Equipment,TSHH-7104,TSHH-7104,,"{""equipment_kind"":""instrument_tag""}",R线 HAZOP分析记录表.xls,HAZOP_DA_H_R_V1,1.5-hazop,1.0000,accepted
EQHZ_6aa08753ce39375d01,Equipment,TSLL-7106,TSLL-7106,,"{""equipment_kind"":""instrument_tag""}",R线 HAZOP分析记录表.xls,HAZOP_DA_H_R_V1,1.5-hazop,1.0000,accepted
EQHZ_6eb7166c5797ed5bdc,Equipment,TAH-7120,TAH-7120,,"{""equipment_kind"":""instrument_tag""}",R线 HAZOP分析记录表.xls,HAZOP_DA_H_R_V1,1.5-hazop,1.0000,accepted
EQHZ_710d140d1000c60dfe,Equipment,搅拌器,搅拌器,,"{""equipment_kind"":""named_equipment""}",DA线HAZOP分析记录表.xls,HAZOP_DA_H_R_V1,1.5-hazop,1.0000,accepted
EQHZ_799f28f88d14edbaf7,Equipment,TIC-6226,TIC-6226,,"{""equipment_kind"":""instrument_tag""}",DA线HAZOP分析记录表.xls,HAZOP_DA_H_R_V1,1.5-hazop,1.0000,accepted
EQHZ_79cfd013e086d50193,Equipment,TIC-7101,TIC-7101,,"{""equipment_kind"":""instrument_tag""}",R线 HAZOP分析记录表.xls,HAZOP_DA_H_R_V1,1.5-hazop,1.0000,accepted
EQHZ_7b4eab22a3c8750d4b,Equipment,分离塔,分离塔,,"{""equipment_kind"":""named_equipment""}",H线HAZOP及SIL定级分析 HAZOP记录表.xls,HAZOP_DA_H_R_V1,1.5-hazop,1.0000,accepted
EQHZ_7b7dbd1f48407f4698,Equipment,GB-50493,GB-50493,,"{""equipment_kind"":""instrument_tag""}",DA线HAZOP分析记录表.xls,HAZOP_DA_H_R_V1,1.5-hazop,1.0000,accepted
EQHZ_7bcc7c52bd6cab7e47,Equipment,KV-1702,KV-1702,,"{""equipment_kind"":""instrument_tag""}",H线HAZOP及SIL定级分析 HAZOP记录表.xls,HAZOP_DA_H_R_V1,1.5-hazop,1.0000,accepted
EQHZ_7e5f073a7214f485b4,Equipment,PAH-6203,PAH-6203,,"{""equipment_kind"":""instrument_tag""}",DA线HAZOP分析记录表.xls,HAZOP_DA_H_R_V1,1.5-hazop,1.0000,accepted
EQHZ_7f00f61b165ae9f0b5,Equipment,TI-7105,TI-7105,,"{""equipment_kind"":""instrument_tag""}",R线 HAZOP分析记录表.xls,HAZOP_DA_H_R_V1,1.5-hazop,1.0000,accepted
EQHZ_8013ab82c5ef034d71,Equipment,HV-7108,HV-7108,,"{""equipment_kind"":""instrument_tag""}",R线 HAZOP分析记录表.xls,HAZOP_DA_H_R_V1,1.5-hazop,1.0000,accepted
EQHZ_822ff8156700d2b619,Equipment,脱色釜,脱色釜,,"{""equipment_kind"":""named_equipment""}",DA线HAZOP分析记录表.xls,HAZOP_DA_H_R_V1,1.5-hazop,1.0000,accepted
EQHZ_8bfd453e131e07e6db,Equipment,TV-6224,TV-6224,,"{""equipment_kind"":""instrument_tag""}",DA线HAZOP分析记录表.xls,HAZOP_DA_H_R_V1,1.5-hazop,1.0000,accepted
EQHZ_8bfe81f56ecbe8f5eb,Equipment,HV-7105,HV-7105,,"{""equipment_kind"":""instrument_tag""}",R线 HAZOP分析记录表.xls,HAZOP_DA_H_R_V1,1.5-hazop,1.0000,accepted
EQHZ_8c658ea83a5e1eefc6,Equipment,KV-1729,KV-1729,,"{""equipment_kind"":""instrument_tag""}",H线HAZOP及SIL定级分析 HAZOP记录表.xls,HAZOP_DA_H_R_V1,1.5-hazop,1.0000,accepted
EQHZ_8cd2658a623cc9dc41,Equipment,加料机,加料机,,"{""equipment_kind"":""named_equipment""}",R线 HAZOP分析记录表.xls,HAZOP_DA_H_R_V1,1.5-hazop,1.0000,accepted
EQHZ_8fcc4cfa4525c9115e,Equipment,硝酸铵下料器,硝酸铵下料器,,"{""equipment_kind"":""named_equipment""}",H线HAZOP及SIL定级分析 HAZOP记录表.xls,HAZOP_DA_H_R_V1,1.5-hazop,1.0000,accepted
EQHZ_905003b8e4cc7cde2c,Equipment,TI-6211,TI-6211,,"{""equipment_kind"":""instrument_tag""}",DA线HAZOP分析记录表.xls,HAZOP_DA_H_R_V1,1.5-hazop,1.0000,accepted
EQHZ_90a116291804e54826,Equipment,螺旋推进器,螺旋推进器,,"{""equipment_kind"":""named_equipment""}",H线HAZOP及SIL定级分析 HAZOP记录表.xls,HAZOP_DA_H_R_V1,1.5-hazop,1.0000,accepted
EQHZ_9117e11b43e265cfbd,Equipment,结晶机,结晶机,,"{""equipment_kind"":""named_equipment""}",R线 HAZOP分析记录表.xls,HAZOP_DA_H_R_V1,1.5-hazop,1.0000,accepted
EQHZ_915cec6fac06e1176a,Equipment,TAH-2207,TAH-2207,,"{""equipment_kind"":""instrument_tag""}",H线HAZOP及SIL定级分析 HAZOP记录表.xls,HAZOP_DA_H_R_V1,1.5-hazop,1.0000,accepted
EQHZ_9214559bac7c669e9a,Equipment,TI-6203,TI-6203,,"{""equipment_kind"":""instrument_tag""}",DA线HAZOP分析记录表.xls,HAZOP_DA_H_R_V1,1.5-hazop,1.0000,accepted
EQHZ_933c65af5e252f9c4e,Equipment,蒸馏塔,蒸馏塔,,"{""equipment_kind"":""named_equipment""}",DA线HAZOP分析记录表.xls,HAZOP_DA_H_R_V1,1.5-hazop,1.0000,accepted
EQHZ_9598070bb95f88394e,Equipment,TAH-6203,TAH-6203,,"{""equipment_kind"":""instrument_tag""}",DA线HAZOP分析记录表.xls,HAZOP_DA_H_R_V1,1.5-hazop,1.0000,accepted
EQHZ_98561e4c4e8ad9616f,Equipment,TIC-7103,TIC-7103,,"{""equipment_kind"":""instrument_tag""}",R线 HAZOP分析记录表.xls,HAZOP_DA_H_R_V1,1.5-hazop,1.0000,accepted
EQHZ_9ce2226a9f4f4399f7,Equipment,TAH-6213,TAH-6213,,"{""equipment_kind"":""instrument_tag""}",DA线HAZOP分析记录表.xls,HAZOP_DA_H_R_V1,1.5-hazop,1.0000,accepted
EQHZ_a17460598a2162e8ad,Equipment,TI-6222,TI-6222,,"{""equipment_kind"":""instrument_tag""}",DA线HAZOP分析记录表.xls,HAZOP_DA_H_R_V1,1.5-hazop,1.0000,accepted
EQHZ_a2dea9a4cd4d35b552,Equipment,合成釜,合成釜,,"{""equipment_kind"":""named_equipment""}",DA线HAZOP分析记录表.xls,HAZOP_DA_H_R_V1,1.5-hazop,1.0000,accepted
EQHZ_a534bf11314b479845,Equipment,FIQC-1703,FIQC-1703,,"{""equipment_kind"":""instrument_tag""}",H线HAZOP及SIL定级分析 HAZOP记录表.xls,HAZOP_DA_H_R_V1,1.5-hazop,1.0000,accepted
EQHZ_a8d6a44c58fd3fccd4,Equipment,计量桶,计量桶,,"{""equipment_kind"":""named_equipment""}",DA线HAZOP分析记录表.xls,HAZOP_DA_H_R_V1,1.5-hazop,1.0000,accepted
EQHZ_ab9217aeed8df8a4d1,Equipment,冷凝器,冷凝器,,"{""equipment_kind"":""named_equipment""}",DA线HAZOP分析记录表.xls,HAZOP_DA_H_R_V1,1.5-hazop,1.0000,accepted
EQHZ_ace343f7bea220b095,Equipment,HV-7101,HV-7101,,"{""equipment_kind"":""instrument_tag""}",R线 HAZOP分析记录表.xls,HAZOP_DA_H_R_V1,1.5-hazop,1.0000,accepted
EQHZ_aeef629ec06851b339,Equipment,TAH-6212,TAH-6212,,"{""equipment_kind"":""instrument_tag""}",DA线HAZOP分析记录表.xls,HAZOP_DA_H_R_V1,1.5-hazop,1.0000,accepted
EQHZ_b02b3a17feea563fbd,Equipment,TSHH-1711,TSHH-1711,,"{""equipment_kind"":""instrument_tag""}",H线HAZOP及SIL定级分析 HAZOP记录表.xls,HAZOP_DA_H_R_V1,1.5-hazop,1.0000,accepted
EQHZ_b1a2a76e61b865a4a7,Equipment,FIQC-2203,FIQC-2203,,"{""equipment_kind"":""instrument_tag""}",H线HAZOP及SIL定级分析 HAZOP记录表.xls,HAZOP_DA_H_R_V1,1.5-hazop,1.0000,accepted
EQHZ_b23932058f8e53bdd6,Equipment,水泵,水泵,,"{""equipment_kind"":""named_equipment""}",DA线HAZOP分析记录表.xls,HAZOP_DA_H_R_V1,1.5-hazop,1.0000,accepted
EQHZ_b29843574338ee0204,Equipment,二氯甲烷收集槽,二氯甲烷收集槽,,"{""equipment_kind"":""named_equipment""}",DA线HAZOP分析记录表.xls,HAZOP_DA_H_R_V1,1.5-hazop,1.0000,accepted
EQHZ_b30ab31fde67d3492a,Equipment,HV-7106,HV-7106,,"{""equipment_kind"":""instrument_tag""}",R线 HAZOP分析记录表.xls,HAZOP_DA_H_R_V1,1.5-hazop,1.0000,accepted
EQHZ_b3c9a84d80a7c030df,Equipment,PAH-6204,PAH-6204,,"{""equipment_kind"":""instrument_tag""}",DA线HAZOP分析记录表.xls,HAZOP_DA_H_R_V1,1.5-hazop,1.0000,accepted
EQHZ_b789c7d42d5dbaa4b7,Equipment,TIC-1704,TIC-1704,,"{""equipment_kind"":""instrument_tag""}",H线HAZOP及SIL定级分析 HAZOP记录表.xls,HAZOP_DA_H_R_V1,1.5-hazop,1.0000,accepted
EQHZ_b889b7e9d1e7047991,Equipment,TIC-6222,TIC-6222,,"{""equipment_kind"":""instrument_tag""}",DA线HAZOP分析记录表.xls,HAZOP_DA_H_R_V1,1.5-hazop,1.0000,accepted
EQHZ_b9116c96fc5672d20f,Equipment,HSV-6249,HSV-6249,,"{""equipment_kind"":""instrument_tag""}",DA线HAZOP分析记录表.xls,HAZOP_DA_H_R_V1,1.5-hazop,1.0000,accepted
EQHZ_b9a0427f2cac766d0e,Equipment,热压煮洗机,热压煮洗机,,"{""equipment_kind"":""named_equipment""}",R线 HAZOP分析记录表.xls,HAZOP_DA_H_R_V1,1.5-hazop,1.0000,accepted
EQHZ_bbb2081fc031785a92,Equipment,FIQC-1708,FIQC-1708,,"{""equipment_kind"":""instrument_tag""}",H线HAZOP及SIL定级分析 HAZOP记录表.xls,HAZOP_DA_H_R_V1,1.5-hazop,1.0000,accepted
EQHZ_c03cff656aa467cfaf,Equipment,铵硝液贮槽,铵硝液贮槽,,"{""equipment_kind"":""named_equipment""}",H线HAZOP及SIL定级分析 HAZOP记录表.xls,HAZOP_DA_H_R_V1,1.5-hazop,1.0000,accepted
EQHZ_c08b41f6501eea3ad5,Equipment,TSHH-1709,TSHH-1709,,"{""equipment_kind"":""instrument_tag""}",H线HAZOP及SIL定级分析 HAZOP记录表.xls,HAZOP_DA_H_R_V1,1.5-hazop,1.0000,accepted
EQHZ_c1d6f7874f51c7aa8d,Equipment,PI-6204,PI-6204,,"{""equipment_kind"":""instrument_tag""}",DA线HAZOP分析记录表.xls,HAZOP_DA_H_R_V1,1.5-hazop,1.0000,accepted
EQHZ_c36971c4222108b535,Equipment,TIC-2207,TIC-2207,,"{""equipment_kind"":""instrument_tag""}",H线HAZOP及SIL定级分析 HAZOP记录表.xls,HAZOP_DA_H_R_V1,1.5-hazop,1.0000,accepted
EQHZ_c64b0f9263979573d7,Equipment,TSHH-7102,TSHH-7102,,"{""equipment_kind"":""instrument_tag""}",R线 HAZOP分析记录表.xls,HAZOP_DA_H_R_V1,1.5-hazop,1.0000,accepted
EQHZ_c8b6fa73b99d0fc99a,Equipment,TV-1707,TV-1707,,"{""equipment_kind"":""instrument_tag""}",H线HAZOP及SIL定级分析 HAZOP记录表.xls,HAZOP_DA_H_R_V1,1.5-hazop,1.0000,accepted
EQHZ_cabc7c96f46cbee4a0,Equipment,喷射器,喷射器,,"{""equipment_kind"":""named_equipment""}",DA线HAZOP分析记录表.xls,HAZOP_DA_H_R_V1,1.5-hazop,1.0000,accepted
EQHZ_cb153cd8390e8ebdfc,Equipment,洗涤釜,洗涤釜,,"{""equipment_kind"":""named_equipment""}",DA线HAZOP分析记录表.xls,HAZOP_DA_H_R_V1,1.5-hazop,1.0000,accepted
EQHZ_cb25211da81581e057,Equipment,TIC-1702,TIC-1702,,"{""equipment_kind"":""instrument_tag""}",H线HAZOP及SIL定级分析 HAZOP记录表.xls,HAZOP_DA_H_R_V1,1.5-hazop,1.0000,accepted
EQHZ_cb47b8798aae0adc63,Equipment,FIC-7101,FIC-7101,,"{""equipment_kind"":""instrument_tag""}",R线 HAZOP分析记录表.xls,HAZOP_DA_H_R_V1,1.5-hazop,1.0000,accepted
EQHZ_cc81fff5894d1afe2a,Equipment,过滤器,过滤器,,"{""equipment_kind"":""named_equipment""}",DA线HAZOP分析记录表.xls,HAZOP_DA_H_R_V1,1.5-hazop,1.0000,accepted
EQHZ_ccadb1d51bdf710ada,Equipment,TSHHH-1709,TSHHH-1709,,"{""equipment_kind"":""instrument_tag""}",H线HAZOP及SIL定级分析 HAZOP记录表.xls,HAZOP_DA_H_R_V1,1.5-hazop,1.0000,accepted
EQHZ_cd311edab2320c4adf,Equipment,TIC-1707,TIC-1707,,"{""equipment_kind"":""instrument_tag""}",H线HAZOP及SIL定级分析 HAZOP记录表.xls,HAZOP_DA_H_R_V1,1.5-hazop,1.0000,accepted
EQHZ_ce521b9851ed59ec1f,Equipment,TSHHH-7104,TSHHH-7104,,"{""equipment_kind"":""instrument_tag""}",R线 HAZOP分析记录表.xls,HAZOP_DA_H_R_V1,1.5-hazop,1.0000,accepted
EQHZ_cf160102abb88a04bd,Equipment,硝化机,硝化机,,"{""equipment_kind"":""named_equipment""}",H线HAZOP及SIL定级分析 HAZOP记录表.xls,HAZOP_DA_H_R_V1,1.5-hazop,1.0000,accepted
EQHZ_d17f2062c9cea5c36d,Equipment,TAHH-6203,TAHH-6203,,"{""equipment_kind"":""instrument_tag""}",DA线HAZOP分析记录表.xls,HAZOP_DA_H_R_V1,1.5-hazop,1.0000,accepted
EQHZ_d6490677125351f09d,Equipment,毛细管蒸馏釜,毛细管蒸馏釜,,"{""equipment_kind"":""named_equipment""}",DA线HAZOP分析记录表.xls,HAZOP_DA_H_R_V1,1.5-hazop,1.0000,accepted
EQHZ_d74893251e8c29f97e,Equipment,TV-6226,TV-6226,,"{""equipment_kind"":""instrument_tag""}",DA线HAZOP分析记录表.xls,HAZOP_DA_H_R_V1,1.5-hazop,1.0000,accepted
EQHZ_deb22dd0369eb760b6,Equipment,TSHHH-7102,TSHHH-7102,,"{""equipment_kind"":""instrument_tag""}",R线 HAZOP分析记录表.xls,HAZOP_DA_H_R_V1,1.5-hazop,1.0000,accepted
EQHZ_e4ade4ec42ff8bfff1,Equipment,FSLL-1703,FSLL-1703,,"{""equipment_kind"":""instrument_tag""}",H线HAZOP及SIL定级分析 HAZOP记录表.xls,HAZOP_DA_H_R_V1,1.5-hazop,1.0000,accepted
EQHZ_e4d8dbf8b0ae1113b0,Equipment,PI-6203,PI-6203,,"{""equipment_kind"":""instrument_tag""}",DA线HAZOP分析记录表.xls,HAZOP_DA_H_R_V1,1.5-hazop,1.0000,accepted
EQHZ_e656382d2bdde7ad9d,Equipment,TSHHH-1707,TSHHH-1707,,"{""equipment_kind"":""instrument_tag""}",H线HAZOP及SIL定级分析 HAZOP记录表.xls,HAZOP_DA_H_R_V1,1.5-hazop,1.0000,accepted
EQHZ_e7e200e27a7688ea49,Equipment,星型下料器,星型下料器,,"{""equipment_kind"":""named_equipment""}",H线HAZOP及SIL定级分析 HAZOP记录表.xls,HAZOP_DA_H_R_V1,1.5-hazop,1.0000,accepted
EQHZ_e7f88ad58b78e0c3fc,Equipment,FIQC-1705,FIQC-1705,,"{""equipment_kind"":""instrument_tag""}",H线HAZOP及SIL定级分析 HAZOP记录表.xls,HAZOP_DA_H_R_V1,1.5-hazop,1.0000,accepted
EQHZ_e83221671ed1500558,Equipment,HV-7107,HV-7107,,"{""equipment_kind"":""instrument_tag""}",R线 HAZOP分析记录表.xls,HAZOP_DA_H_R_V1,1.5-hazop,1.0000,accepted
EQHZ_e8d5eef0f3d53a1dd5,Equipment,FIQC-1707,FIQC-1707,,"{""equipment_kind"":""instrument_tag""}",H线HAZOP及SIL定级分析 HAZOP记录表.xls,HAZOP_DA_H_R_V1,1.5-hazop,1.0000,accepted
EQHZ_ec797c64f33c1a1e53,Equipment,鼓风机,鼓风机,,"{""equipment_kind"":""named_equipment""}",H线HAZOP及SIL定级分析 HAZOP记录表.xls,HAZOP_DA_H_R_V1,1.5-hazop,1.0000,accepted
EQHZ_ef1d0d2e731773bb17,Equipment,废水预处理池,废水预处理池,,"{""equipment_kind"":""named_equipment""}",DA线HAZOP分析记录表.xls,HAZOP_DA_H_R_V1,1.5-hazop,1.0000,accepted
EQHZ_f026b72ec4789cb0c3,Equipment,废水收集槽,废水收集槽,,"{""equipment_kind"":""named_equipment""}",DA线HAZOP分析记录表.xls,HAZOP_DA_H_R_V1,1.5-hazop,1.0000,accepted
EQHZ_f4aa127826e0faeac3,Equipment,TSHHH-7105,TSHHH-7105,,"{""equipment_kind"":""instrument_tag""}",R线 HAZOP分析记录表.xls,HAZOP_DA_H_R_V1,1.5-hazop,1.0000,accepted
EQHZ_f639fa098caf4a346c,Equipment,PSH-7103,PSH-7103,,"{""equipment_kind"":""instrument_tag""}",R线 HAZOP分析记录表.xls,HAZOP_DA_H_R_V1,1.5-hazop,1.0000,accepted
EQHZ_f6f212b28aeda718aa,Equipment,TIC-1817,TIC-1817,,"{""equipment_kind"":""instrument_tag""}",H线HAZOP及SIL定级分析 HAZOP记录表.xls,HAZOP_DA_H_R_V1,1.5-hazop,1.0000,accepted
EQHZ_f7863d4d476d0e9372,Equipment,有机相收集槽,有机相收集槽,,"{""equipment_kind"":""named_equipment""}",DA线HAZOP分析记录表.xls,HAZOP_DA_H_R_V1,1.5-hazop,1.0000,accepted
EQHZ_f859fc51d26e0fc584,Equipment,FIC-7102,FIC-7102,,"{""equipment_kind"":""instrument_tag""}",R线 HAZOP分析记录表.xls,HAZOP_DA_H_R_V1,1.5-hazop,1.0000,accepted
EQHZ_f8c621935019b35237,Equipment,TI-6213,TI-6213,,"{""equipment_kind"":""instrument_tag""}",DA线HAZOP分析记录表.xls,HAZOP_DA_H_R_V1,1.5-hazop,1.0000,accepted
EQHZ_f9fb043637b81650eb,Equipment,TSHH-7120,TSHH-7120,,"{""equipment_kind"":""instrument_tag""}",R线 HAZOP分析记录表.xls,HAZOP_DA_H_R_V1,1.5-hazop,1.0000,accepted
EQHZ_fbb2175aea357f7a57,Equipment,FI-6205,FI-6205,,"{""equipment_kind"":""instrument_tag""}",DA线HAZOP分析记录表.xls,HAZOP_DA_H_R_V1,1.5-hazop,1.0000,accepted
EQHZ_fc925a660b86a95b4e,Equipment,收集槽,收集槽,,"{""equipment_kind"":""named_equipment""}",DA线HAZOP分析记录表.xls,HAZOP_DA_H_R_V1,1.5-hazop,1.0000,accepted
EQHZ_fde2e44534d59aaca9,Equipment,HV-6245,HV-6245,,"{""equipment_kind"":""instrument_tag""}",DA线HAZOP分析记录表.xls,HAZOP_DA_H_R_V1,1.5-hazop,1.0000,accepted
EVHZ_01d126e1af4642b702dc,Evidence,DA线HAZOP分析记录表.xls N002!27,DA线HAZOP分析记录表.xls N002!27,2.10.3 脱色后产品中杂质 | 参见“2.7.1 脱色釜温度过低”,"{""excel_row"":27,""raw_row"":[""2.10.3"",""组分"",""杂质"",""2.10.3 脱色后产品中杂质"",""参见“2.7.1 脱色釜温度过低”"","""","""","""","""","""","""","""","""","""","""","""",""""],""sheet"":""N002""}",DA线HAZOP分析记录表.xls,HAZOP_DA_H_R_V1,1.5-hazop,1.0000,accepted
EVHZ_0381fdd09f40c7d1a615,Evidence,DA线HAZOP分析记录表.xls N001!8,DA线HAZOP分析记录表.xls N001!8,1.2.1 合成釜中二甲基亚砜加入量过少 | 人员误操作，高位槽中二甲基亚砜加入量过少 | 后续吉纳及叠氮化钠加入后溶解不完全，搅拌过程可能发生爆炸，人员伤害风险 | 1.向合成釜加入吉纳前，人工观察确认 | 建议二甲基亚砜加料管线设置流量计，每批次加料时实现加料量累积计量，加料量不足时，设置流量低报警，禁止后续加入固体物料。,"{""excel_row"":8,""raw_row"":[""1.2.1"",""流量"",""流量过低或无流量"",""1.2.1 合成釜中二甲基亚砜加入量过少"",""人员误操作，高位槽中二甲基亚砜加入量过少"",""后续吉纳及叠氮化钠加入后溶解不完全，搅拌过程可能发生爆炸，人员伤害风险"",""D"",""7"",""S"",""1.向合成釜加入吉纳前，人工观察确认"",""D"",""7"",""S"",""建议二甲基亚砜加料管线设置流量计，每批次加料时实现加料量累积计量，加料量不足时，设置流量低报警，禁止后续加入固体物料。"",""S"",""#1.3"",""""],""sheet"":""N001""}",DA线HAZOP分析记录表.xls,HAZOP_DA_H_R_V1,1.5-hazop,1.0000,accepted
EVHZ_038d92c84407b33d4bce,Evidence,DA线HAZOP分析记录表.xls N002!30,DA线HAZOP分析记录表.xls N002!30,2.13.1 吹扫/放空 | 本节点无特别关注项 | 1.相关吹扫/放空设施已设置,"{""excel_row"":30,""raw_row"":[""2.13.1"",""运行"",""吹扫/放空"",""2.13.1 吹扫/放空"",""本节点无特别关注项"","""",""A"",""6"",""L"",""1.相关吹扫/放空设施已设置"",""A"",""6"",""L"","""","""","""",""""],""sheet"":""N002""}",DA线HAZOP分析记录表.xls,HAZOP_DA_H_R_V1,1.5-hazop,1.0000,accepted
EVHZ_040ea359de30c607a3df,Evidence,DA线HAZOP分析记录表.xls N001!33,DA线HAZOP分析记录表.xls N001!33,1.11.1 腐蚀/冲蚀 | 二甲基亚砜挥发至外部环境，与水分接触，对设备管线形成腐蚀 | 设备管线腐蚀减薄，潜在泄漏风险，法兰、螺栓腐蚀损坏 | 建议车间设置通风换气设施。 | 后续识别反应系统内设备管线的腐蚀机理，并确定设备管线腐蚀裕量及选材。,"{""excel_row"":33,""raw_row"":[""1.11.1"",""腐蚀/冲蚀"",""腐蚀/冲蚀"",""1.11.1 腐蚀/冲蚀"",""二甲基亚砜挥发至外部环境，与水分接触，对设备管线形成腐蚀"",""设备管线腐蚀减薄，潜在泄漏风险，法兰、螺栓腐蚀损坏"",""C"",""6"",""M"","""",""C"",""6"",""M"",""建议车间设置通风换气设施。"",""O"",""#1.13"",""后续识别反应系统内设备管线的腐蚀机理，并确定设备管线腐蚀裕量及选材。""],""sheet"":""N001""}",DA线HAZOP分析记录表.xls,HAZOP_DA_H_R_V1,1.5-hazop,1.0000,accepted
EVHZ_04f8729a0d2ae605e6de,Evidence,R线 HAZOP分析记录表.xls N003!8,R线 HAZOP分析记录表.xls N003!8,3.6.1 热压煮洗机温度过高 | 上游装置来蒸汽温度过高 | 热压煮洗机温升过快，RDX可能分解爆炸 | 建议蒸汽进界区设置压力调节回路，控制蒸汽压力及温度；并设置温度高高（低于RDX分解温度150℃，如温度高高联锁设定值设置135℃）联锁切断蒸汽进料。 | RDX在不同浓度下，爆炸时温度机理研究,"{""excel_row"":8,""raw_row"":[""3.6.1"",""温度"",""温度过高"",""3.6.1 热压煮洗机温度过高"",""上游装置来蒸汽温度过高"",""热压煮洗机温升过快，RDX可能分解爆炸"",""E"",""5"",""H"","""",""E"",""5"",""H"",""建议蒸汽进界区设置压力调节回路，控制蒸汽压力及温度；并设置温度高高（低于RDX分解温度150℃，如温度高高联锁设定值设置135℃）联锁切断蒸汽进料。"","""",""#3.1"",""RDX在不同浓度下，爆炸时温度机理研究""],""sheet"":""N003""}",R线 HAZOP分析记录表.xls,HAZOP_DA_H_R_V1,1.5-hazop,1.0000,accepted
EVHZ_052bdf8e4884246358f6,Evidence,H线HAZOP及SIL定级分析 HAZOP记录表.xls N003!24,H线HAZOP及SIL定级分析 HAZOP记录表.xls N003!24,"3.6.2 3#硝化机温度过高 | 3#硝化机TIC-1709回路故障（循环水管线上TV开度过小或关闭） | 3#硝化机温度升高，硝化反应速率增加，硝化机内物料可能分解，3#硝化机内可能发生燃爆，人员伤亡，环境污染 | 1.3#硝化机设有TSHH-1709触发联锁，停进料；
2.3#硝化机设有TSHHH-1709触发联锁，打开底部卸料阀KV-1704","{""excel_row"":24,""raw_row"":[""3.6.2"",""温度"",""温度过高"",""3.6.2 3#硝化机温度过高"",""3#硝化机TIC-1709回路故障（循环水管线上TV开度过小或关闭）"",""3#硝化机温度升高，硝化反应速率增加，硝化机内物料可能分解，3#硝化机内可能发生燃爆，人员伤亡，环境污染"",""E"",""6"",""S"",""1.3#硝化机设有TSHH-1709触发联锁，停进料；\n2.3#硝化机设有TSHHH-1709触发联锁，打开底部卸料阀KV-1704"",""E"",""6"",""S"","""","""","""","""",""""],""sheet"":""N003""}",H线HAZOP及SIL定级分析 HAZOP记录表.xls,HAZOP_DA_H_R_V1,1.5-hazop,1.0000,accepted
EVHZ_053d5881154a805be117,Evidence,DA线HAZOP分析记录表.xls N003!15,DA线HAZOP分析记录表.xls N003!15,"3.5.2 毛细管蒸馏釜压力过低 | TIC-6226回路故障（TV-6226开度过小或关闭） | 毛细管蒸馏釜温度降低，压力降低，影响减压蒸馏效果，产品不合格 | 1.毛细管蒸馏釜上TI-6212；
2.PI-6203","{""excel_row"":15,""raw_row"":[""3.5.2"",""压力"",""压力过低"",""3.5.2 毛细管蒸馏釜压力过低"",""TIC-6226回路故障（TV-6226开度过小或关闭）"",""毛细管蒸馏釜温度降低，压力降低，影响减压蒸馏效果，产品不合格"",""B"",""7"",""M"",""1.毛细管蒸馏釜上TI-6212；\n2.PI-6203"",""B"",""7"",""M"","""","""","""",""""],""sheet"":""N003""}",DA线HAZOP分析记录表.xls,HAZOP_DA_H_R_V1,1.5-hazop,1.0000,accepted
EVHZ_0669db538c96cd97b555,Evidence,DA线HAZOP分析记录表.xls N003!28,DA线HAZOP分析记录表.xls N003!28,3.14.1 吹扫/放空 | 本节点无特别关注项 | 1.相关吹扫/放空设施已设置,"{""excel_row"":28,""raw_row"":[""3.14.1"",""运行"",""吹扫/放空"",""3.14.1 吹扫/放空"",""本节点无特别关注项"","""",""A"",""6"",""L"",""1.相关吹扫/放空设施已设置"",""A"",""6"",""L"","""","""","""",""""],""sheet"":""N003""}",DA线HAZOP分析记录表.xls,HAZOP_DA_H_R_V1,1.5-hazop,1.0000,accepted
EVHZ_06b6cc8eb706f0f84294,Evidence,DA线HAZOP分析记录表.xls N003!4,DA线HAZOP分析记录表.xls N003!4,3.1.1 常压蒸馏塔进料流量过高 | HV-6245开度过大 | 常压蒸馏塔蒸馏效果差，下游毛细管蒸馏釜负荷增大，严重时产品不合格,"{""excel_row"":4,""raw_row"":[""3.1.1"",""流量"",""流量过高"",""3.1.1 常压蒸馏塔进料流量过高"",""HV-6245开度过大"",""常压蒸馏塔蒸馏效果差，下游毛细管蒸馏釜负荷增大，严重时产品不合格"",""B"",""7"",""M"","""",""B"",""7"",""M"","""","""","""",""""],""sheet"":""N003""}",DA线HAZOP分析记录表.xls,HAZOP_DA_H_R_V1,1.5-hazop,1.0000,accepted
EVHZ_071cf4bca928c3f705bd,Evidence,R线 HAZOP分析记录表.xls N001!26,R线 HAZOP分析记录表.xls N001!26,"1.6.2 成熟机温度过高 | TIC-7103回路故障（冷冻盐水管线上TV开度过小或关闭） | 成熟机反应温度升高，成熟机反应速率增快，副反应增加，潜在爆炸风险，人员伤亡 | 1.成熟机设有TAH-7104；
2.成熟机温度高高TSHH-7104触发联锁，停螺旋加料机电机；
3.成熟机温度高高高TSHHH-7104触发联锁，打开成熟机放料阀HV-7102，打开安全槽压空管线快开阀HV-7105，打开压空喷射管线快开阀HV-7106；
4.视频监控CCTV；
5.人员现场巡检，应急处置 | 建议硝酸进料管线上增设独立切断阀，酸水管线上增设独立切断阀，1#成熟机TSHH-7104温度高高联锁进独立SIS系统，停螺旋加料机电机，关闭硝酸进料管线上新增切断阀，关闭酸水管线上切断阀；
TSHHH-7105温度高高高联锁进独立SIS系统，打开成熟机放料阀HV-7102，打开安全槽压空管线快开阀HV-7105，打开压空喷射管线快开阀HV-7106。","{""excel_row"":26,""raw_row"":[""1.6.2"",""温度"",""温度过高"",""1.6.2 成熟机温度过高"",""TIC-7103回路故障（冷冻盐水管线上TV开度过小或关闭）"",""成熟机反应温度升高，成熟机反应速率增快，副反应增加，潜在爆炸风险，人员伤亡"",""F"",""6"",""S"",""1.成熟机设有TAH-7104；\n2.成熟机温度高高TSHH-7104触发联锁，停螺旋加料机电机；\n3.成熟机温度高高高TSHHH-7104触发联锁，打开成熟机放料阀HV-7102，打开安全槽压空管线快开阀HV-7105，打开压空喷射管线快开阀HV-7106；\n4.视频监控CCTV；\n5.人员现场巡检，应急处置"",""F"",""5"",""S"",""建议硝酸进料管线上增设独立切断阀，酸水管线上增设独立切断阀，1#成熟机TSHH-7104温度高高联锁进独立SIS系统，停螺旋加料机电机，关闭硝酸进料管线上新增切断阀，关闭酸水管线上切断阀；\nTSHHH-7105温度高高高联锁进独立SIS系统，打开成熟机放料阀HV-7102，打开安全槽压空管线快开阀HV-7105，打开压空喷射管线快开阀HV-7106。"",""S"",""#1.4"",""""],""sheet"":""N001""}",R线 HAZOP分析记录表.xls,HAZOP_DA_H_R_V1,1.5-hazop,1.0000,accepted
EVHZ_08278ec3bc29a8c8c682,Evidence,DA线HAZOP分析记录表.xls N001!24,DA线HAZOP分析记录表.xls N001!24,1.7.1 反应过程合成釜温度过低 | 热水循环泵故障 | 合成釜温度降低，温度过低时，吉纳结晶析出，搅拌转速过快时，潜在爆炸，人员伤害风险 | 1.合成釜上TI-6203 | 建议循环热水管线上增设流量计，并设置流量低报警FAL。,"{""excel_row"":24,""raw_row"":[""1.7.1"",""温度"",""温度过低"",""1.7.1 反应过程合成釜温度过低"",""热水循环泵故障"",""合成釜温度降低，温度过低时，吉纳结晶析出，搅拌转速过快时，潜在爆炸，人员伤害风险"",""D"",""7"",""S"",""1.合成釜上TI-6203"",""D"",""7"",""S"",""建议循环热水管线上增设流量计，并设置流量低报警FAL。"",""S"",""#1.11"",""""],""sheet"":""N001""}",DA线HAZOP分析记录表.xls,HAZOP_DA_H_R_V1,1.5-hazop,1.0000,accepted
EVHZ_088a18572f5a14b5bb16,Evidence,H线HAZOP及SIL定级分析 HAZOP记录表.xls N004!20,H线HAZOP及SIL定级分析 HAZOP记录表.xls N004!20,"4.8.1 混合溶剂蒸馏机液位过高 | FIC回路故障（进料管线上FV开度过大） | 蒸馏机可能冒料，物料泄放至外部环境，潜在爆炸风险，人员伤亡 | 1.人员现场操作；
2.操作规程;
3.视频监控CCTV","{""excel_row"":20,""raw_row"":[""4.8.1"",""液位"",""液位过高"",""4.8.1 混合溶剂蒸馏机液位过高"",""FIC回路故障（进料管线上FV开度过大）"",""蒸馏机可能冒料，物料泄放至外部环境，潜在爆炸风险，人员伤亡"",""D"",""6"",""H"",""1.人员现场操作；\n2.操作规程;\n3.视频监控CCTV"",""D"",""4"",""M"","""","""","""","""",""""],""sheet"":""N004""}",H线HAZOP及SIL定级分析 HAZOP记录表.xls,HAZOP_DA_H_R_V1,1.5-hazop,1.0000,accepted
EVHZ_08da4ecc5db66307cb27,Evidence,H线HAZOP及SIL定级分析 HAZOP记录表.xls N003!15,H线HAZOP及SIL定级分析 HAZOP记录表.xls N003!15,3.2.6 5#硝化机稀释水加注流量过低或无流量 | FIQC-1708回路故障（稀释水进料管线上FV开度过小或关闭） | 影响产品质量，无明显安全影响,"{""excel_row"":15,""raw_row"":[""3.2.6"",""流量"",""流量过低或无流量"",""3.2.6 5#硝化机稀释水加注流量过低或无流量"",""FIQC-1708回路故障（稀释水进料管线上FV开度过小或关闭）"",""影响产品质量，无明显安全影响"","""","""","""","""","""","""","""","""","""","""","""",""""],""sheet"":""N003""}",H线HAZOP及SIL定级分析 HAZOP记录表.xls,HAZOP_DA_H_R_V1,1.5-hazop,1.0000,accepted
EVHZ_09b23eb7c831b6b89d24,Evidence,DA线HAZOP分析记录表.xls N003!9,DA线HAZOP分析记录表.xls N003!9,"3.4.1 常压蒸馏塔压力过高 | TIC-6226回路故障（TV-6226开度过大），循环热水温度过高 | 常压蒸馏塔温度升高，压力升高，严重时可能超压泄漏 | 1.常压蒸馏塔上TAH-6213；
2.PAH-6204；
3.常压蒸馏塔气相经二氯甲烷收集器与大气连通 | 进一步优化常压蒸馏塔温度、压力控制方案，及超压保护措施（可参考鲁安监（2011）140号文具体要求）。","{""excel_row"":9,""raw_row"":[""3.4.1"",""压力"",""压力过高"",""3.4.1 常压蒸馏塔压力过高"",""TIC-6226回路故障（TV-6226开度过大），循环热水温度过高"",""常压蒸馏塔温度升高，压力升高，严重时可能超压泄漏"",""D"",""7"",""S"",""1.常压蒸馏塔上TAH-6213；\n2.PAH-6204；\n3.常压蒸馏塔气相经二氯甲烷收集器与大气连通"",""D"",""5"",""H"",""进一步优化常压蒸馏塔温度、压力控制方案，及超压保护措施（可参考鲁安监（2011）140号文具体要求）。"",""S"",""#3.2"",""""],""sheet"":""N003""}",DA线HAZOP分析记录表.xls,HAZOP_DA_H_R_V1,1.5-hazop,1.0000,accepted
EVHZ_0c4e9d73ae73feb9a77c,Evidence,R线 HAZOP分析记录表.xls N002!9,R线 HAZOP分析记录表.xls N002!9,"2.6.1 结晶机温度过高 | 循环水压力低或供应中断 | 结晶机温度升高，副产物氧化速率过快，发生冒料，人员中毒灼伤 | 1.结晶机设有TIC-7105；
2.结晶机温度高高TSHH-7106触发联锁，停螺旋加料机电机；
3.结晶机温度高高高85℃时，人员中控室遥控打开硝化机放料阀HV-7101，打开安全槽压空管线快开阀HV-7105，打开压空喷射管线快开阀HV-7106；
4.视频监控CCTV；
5.人员现场巡检，应急处置；
6.循环水管线总管设有PSL-7110触发联锁，停螺旋加料机电机","{""excel_row"":9,""raw_row"":[""2.6.1"",""温度"",""温度过高"",""2.6.1 结晶机温度过高"",""循环水压力低或供应中断"",""结晶机温度升高，副产物氧化速率过快，发生冒料，人员中毒灼伤"",""C"",""6"",""M"",""1.结晶机设有TIC-7105；\n2.结晶机温度高高TSHH-7106触发联锁，停螺旋加料机电机；\n3.结晶机温度高高高85℃时，人员中控室遥控打开硝化机放料阀HV-7101，打开安全槽压空管线快开阀HV-7105，打开压空喷射管线快开阀HV-7106；\n4.视频监控CCTV；\n5.人员现场巡检，应急处置；\n6.循环水管线总管设有PSL-7110触发联锁，停螺旋加料机电机"",""C"",""4"",""L"","""","""","""",""""],""sheet"":""N002""}",R线 HAZOP分析记录表.xls,HAZOP_DA_H_R_V1,1.5-hazop,1.0000,accepted
EVHZ_0cbb66cf3b65e36cbb87,Evidence,R线 HAZOP分析记录表.xls N002!21,R线 HAZOP分析记录表.xls N002!21,"2.16.1 开停工 | 结晶机循环水未及时投用 | 结晶机温度升高，副产物氧化速率过快，发生冒料，人员中毒灼伤 | 1.结晶机温度高高TSHH-7106触发联锁，停螺旋加料机电机；
2.结晶机温度高高高85℃时，人员中控室遥控打开硝化机放料阀HV-7101，打开安全槽压空管线快开阀HV-7105，打开压空喷射管线快开阀HV-7106","{""excel_row"":21,""raw_row"":[""2.16.1"",""其他"",""其他"",""2.16.1 开停工"",""结晶机循环水未及时投用"",""结晶机温度升高，副产物氧化速率过快，发生冒料，人员中毒灼伤"",""C"",""6"",""M"",""1.结晶机温度高高TSHH-7106触发联锁，停螺旋加料机电机；\n2.结晶机温度高高高85℃时，人员中控室遥控打开硝化机放料阀HV-7101，打开安全槽压空管线快开阀HV-7105，打开压空喷射管线快开阀HV-7106"",""C"",""5"",""M"","""","""","""",""""],""sheet"":""N002""}",R线 HAZOP分析记录表.xls,HAZOP_DA_H_R_V1,1.5-hazop,1.0000,accepted
EVHZ_0d172bd47ad455d34330,Evidence,H线HAZOP及SIL定级分析 HAZOP记录表.xls N001!10,H线HAZOP及SIL定级分析 HAZOP记录表.xls N001!10,1.2.2 硝酸铵固体自硝酸铵下料器至铵硝配机流量过低 | 关风器给料速度控制回路故障（给料速度过慢） | 摇摆颗粒机料位升高，可能满溢至外部环境，形成粉尘爆炸性环境 | 1.摇摆颗粒机加料口设有除尘设施 | 该场景识别有争议,"{""excel_row"":10,""raw_row"":[""1.2.2"",""流量"",""流量过低或无流量"",""1.2.2 硝酸铵固体自硝酸铵下料器至铵硝配机流量过低"",""关风器给料速度控制回路故障（给料速度过慢）"",""摇摆颗粒机料位升高，可能满溢至外部环境，形成粉尘爆炸性环境"",""D"",""6"",""H"",""1.摇摆颗粒机加料口设有除尘设施"",""D"",""5"",""H"","""","""","""","""",""该场景识别有争议""],""sheet"":""N001""}",H线HAZOP及SIL定级分析 HAZOP记录表.xls,HAZOP_DA_H_R_V1,1.5-hazop,1.0000,accepted
EVHZ_0d8db58278dd40b271f2,Evidence,H线HAZOP及SIL定级分析 HAZOP记录表.xls N004!24,H线HAZOP及SIL定级分析 HAZOP记录表.xls N004!24,4.12.1 维护/隔离,"{""excel_row"":24,""raw_row"":[""4.12.1"",""运行"",""维护/隔离"",""4.12.1 维护/隔离"","""","""","""","""","""","""","""","""","""","""","""","""","""",""""],""sheet"":""N004""}",H线HAZOP及SIL定级分析 HAZOP记录表.xls,HAZOP_DA_H_R_V1,1.5-hazop,1.0000,accepted
EVHZ_0f6c685509db474192d4,Evidence,H线HAZOP及SIL定级分析 HAZOP记录表.xls N003!31,H线HAZOP及SIL定级分析 HAZOP记录表.xls N003!31,3.10.1 杂质 | 搅拌器水封盒密封不严 | 水封水可能窜至硝化机，局部放热量增加，DPT发生水解，副反应增加，产品得率下降 | 1.硝化机定期取样分析,"{""excel_row"":31,""raw_row"":[""3.10.1"",""组分"",""杂质"",""3.10.1 杂质"",""搅拌器水封盒密封不严"",""水封水可能窜至硝化机，局部放热量增加，DPT发生水解，副反应增加，产品得率下降"",""C"",""5"",""M"",""1.硝化机定期取样分析"",""C"",""5"",""M"","""","""","""","""",""""],""sheet"":""N003""}",H线HAZOP及SIL定级分析 HAZOP记录表.xls,HAZOP_DA_H_R_V1,1.5-hazop,1.0000,accepted
EVHZ_100b163773bf25b21c11,Evidence,R线 HAZOP分析记录表.xls N001!19,R线 HAZOP分析记录表.xls N001!19,"1.5.1 硝化机压力过低 | 排烟机变频调节过快 | 硝化机负压过低时，乌洛托品可能窜至硝烟回收系统，可能在硝烟回收系统设备管道内着火爆炸 | 1.硝化机总管压力低报警PAL-7103
2.硝化机乌洛托品下料口与硝烟排放口对称布置；
3.硝化机设有现场负压表；
4.视频监控CCTV；
5.人员现场巡检，应急处置","{""excel_row"":19,""raw_row"":[""1.5.1"",""压力"",""压力过低"",""1.5.1 硝化机压力过低"",""排烟机变频调节过快"",""硝化机负压过低时，乌洛托品可能窜至硝烟回收系统，可能在硝烟回收系统设备管道内着火爆炸"",""E"",""6"",""S"",""1.硝化机总管压力低报警PAL-7103\n2.硝化机乌洛托品下料口与硝烟排放口对称布置；\n3.硝化机设有现场负压表；\n4.视频监控CCTV；\n5.人员现场巡检，应急处置"",""E"",""5"",""H"","""","""","""",""""],""sheet"":""N001""}",R线 HAZOP分析记录表.xls,HAZOP_DA_H_R_V1,1.5-hazop,1.0000,accepted
EVHZ_1026d1392394f6e0aa92,Evidence,H线HAZOP及SIL定级分析 HAZOP记录表.xls N004!30,H线HAZOP及SIL定级分析 HAZOP记录表.xls N004!30,4.17.1 混合溶剂蒸馏机蒸馏时间过长,"{""excel_row"":30,""raw_row"":[""4.17.1"",""时间"",""时间过长"",""4.17.1 混合溶剂蒸馏机蒸馏时间过长"","""","""","""","""","""","""","""","""","""","""","""","""","""",""""],""sheet"":""N004""}",H线HAZOP及SIL定级分析 HAZOP记录表.xls,HAZOP_DA_H_R_V1,1.5-hazop,1.0000,accepted
EVHZ_10e4e51845592c622b68,Evidence,DA线HAZOP分析记录表.xls N002!19,DA线HAZOP分析记录表.xls N002!19,2.6.1 脱色釜温度过高 | TIC-6224回路故障（TV-6224开度过大） | 脱色釜温度升高，冷凝器冷却能力不足，二氯甲烷可能逸出至外部环境，潜在人员伤害风险 | 1.脱色釜上TI-6211,"{""excel_row"":19,""raw_row"":[""2.6.1"",""温度"",""温度过高"",""2.6.1 脱色釜温度过高"",""TIC-6224回路故障（TV-6224开度过大）"",""脱色釜温度升高，冷凝器冷却能力不足，二氯甲烷可能逸出至外部环境，潜在人员伤害风险"",""C"",""7"",""H"",""1.脱色釜上TI-6211"",""C"",""7"",""H"","""","""","""",""""],""sheet"":""N002""}",DA线HAZOP分析记录表.xls,HAZOP_DA_H_R_V1,1.5-hazop,1.0000,accepted
EVHZ_1101a0cf3360ce1608d7,Evidence,H线HAZOP及SIL定级分析 HAZOP记录表.xls N001!17,H线HAZOP及SIL定级分析 HAZOP记录表.xls N001!17,1.5.1 布袋除尘器差压过低 | 正常操作工况差压低,"{""excel_row"":17,""raw_row"":[""1.5.1"",""压力"",""压力过低"",""1.5.1 布袋除尘器差压过低"",""正常操作工况差压低"","""","""","""","""","""","""","""","""","""","""","""","""",""""],""sheet"":""N001""}",H线HAZOP及SIL定级分析 HAZOP记录表.xls,HAZOP_DA_H_R_V1,1.5-hazop,1.0000,accepted
EVHZ_117b32849090da698251,Evidence,H线HAZOP及SIL定级分析 HAZOP记录表.xls N004!25,H线HAZOP及SIL定级分析 HAZOP记录表.xls N004!25,4.13.1 吹扫/放空,"{""excel_row"":25,""raw_row"":[""4.13.1"",""运行"",""吹扫/放空"",""4.13.1 吹扫/放空"","""","""","""","""","""","""","""","""","""","""","""","""","""",""""],""sheet"":""N004""}",H线HAZOP及SIL定级分析 HAZOP记录表.xls,HAZOP_DA_H_R_V1,1.5-hazop,1.0000,accepted
EVHZ_13ece1acfcd7c3dfc3fd,Evidence,H线HAZOP及SIL定级分析 HAZOP记录表.xls N004!14,H线HAZOP及SIL定级分析 HAZOP记录表.xls N004!14,"4.6.1 粗品HMX转晶机温度过高 | TIC-2201回路故障（蒸汽管线上TV开度过大） | 转晶机内温度升高，溶剂大量挥发，泄漏至外部环境，可能形成爆炸性气氛；
长时间操作，转晶机可能蒸干，底部物料可能燃爆 | 1.转晶机上TAH-2201（与原因产生共因失效，非有效安全措施）；
2.人员现场操作；
3.操作规程；
4.视频监控CCTV；
5.转晶机附近设有可燃气体浓度探测仪","{""excel_row"":14,""raw_row"":[""4.6.1"",""温度"",""温度过高"",""4.6.1 粗品HMX转晶机温度过高"",""TIC-2201回路故障（蒸汽管线上TV开度过大）"",""转晶机内温度升高，溶剂大量挥发，泄漏至外部环境，可能形成爆炸性气氛；\n长时间操作，转晶机可能蒸干，底部物料可能燃爆"",""D"",""6"",""H"",""1.转晶机上TAH-2201（与原因产生共因失效，非有效安全措施）；\n2.人员现场操作；\n3.操作规程；\n4.视频监控CCTV；\n5.转晶机附近设有可燃气体浓度探测仪"",""D"",""4"",""M"","""","""","""","""",""""],""sheet"":""N004""}",H线HAZOP及SIL定级分析 HAZOP记录表.xls,HAZOP_DA_H_R_V1,1.5-hazop,1.0000,accepted
EVHZ_1513f1399b4d7eadfcd0,Evidence,H线HAZOP及SIL定级分析 HAZOP记录表.xls N003!10,H线HAZOP及SIL定级分析 HAZOP记录表.xls N003!10,"3.2.1 1#硝化机乌醋溶液加注流量过低或无流量 | FIQC-1703回路故障（乌醋溶液进料管线上FV开度过小或关闭） | 两类不同后果：
1#硝化机内铵硝比例增加，硝化反应速率降低，温度降低，产品得率降低；
1#硝化机内铵硝比例增加，硝化反应速率增加，放热量增加，温度急剧升高，硝化机内物料可能发生燃爆，人员伤亡，环境污染 | 1.1#、3#硝化机定期取样分析；
2.乌醋溶液加注管线设有FSLL-1703流量低低联锁，停所有进料 | 后果描述不明确","{""excel_row"":10,""raw_row"":[""3.2.1"",""流量"",""流量过低或无流量"",""3.2.1 1#硝化机乌醋溶液加注流量过低或无流量"",""FIQC-1703回路故障（乌醋溶液进料管线上FV开度过小或关闭）"",""两类不同后果：\n1#硝化机内铵硝比例增加，硝化反应速率降低，温度降低，产品得率降低；\n1#硝化机内铵硝比例增加，硝化反应速率增加，放热量增加，温度急剧升高，硝化机内物料可能发生燃爆，人员伤亡，环境污染"",""E"",""6"",""S"",""1.1#、3#硝化机定期取样分析；\n2.乌醋溶液加注管线设有FSLL-1703流量低低联锁，停所有进料"",""E"",""6"",""S"","""","""","""","""",""后果描述不明确""],""sheet"":""N003""}",H线HAZOP及SIL定级分析 HAZOP记录表.xls,HAZOP_DA_H_R_V1,1.5-hazop,1.0000,accepted
EVHZ_16d47b5e1eee6264dab6,Evidence,R线 HAZOP分析记录表.xls N002!22,R线 HAZOP分析记录表.xls N002!22,2.16.1 开停工 | 结晶机循环水未及时投用 | 结晶机温度过高时，RDX可能分解爆炸 | RDX在不同浓度下，爆炸时温度机理研究,"{""excel_row"":22,""raw_row"":[""2.16.1"",""其他"",""其他"",""2.16.1 开停工"",""结晶机循环水未及时投用"",""结晶机温度过高时，RDX可能分解爆炸"","""","""","""","""","""","""","""","""","""","""",""RDX在不同浓度下，爆炸时温度机理研究""],""sheet"":""N002""}",R线 HAZOP分析记录表.xls,HAZOP_DA_H_R_V1,1.5-hazop,1.0000,accepted
EVHZ_17770c626ced40fd87d4,Evidence,H线HAZOP及SIL定级分析 HAZOP记录表.xls N001!12,H线HAZOP及SIL定级分析 HAZOP记录表.xls N001!12,1.2.3 硝酸铵固体自硝酸铵下料器至铵硝配机总量过低 | 硝酸铵固体投料量过低 | 铵硝液中硝酸铵浓度降低，影响产品质量，无明显安全影响,"{""excel_row"":12,""raw_row"":[""1.2.3"",""流量"",""流量过低或无流量"",""1.2.3 硝酸铵固体自硝酸铵下料器至铵硝配机总量过低"",""硝酸铵固体投料量过低"",""铵硝液中硝酸铵浓度降低，影响产品质量，无明显安全影响"","""","""","""","""","""","""","""","""","""","""","""",""""],""sheet"":""N001""}",H线HAZOP及SIL定级分析 HAZOP记录表.xls,HAZOP_DA_H_R_V1,1.5-hazop,1.0000,accepted
EVHZ_18a45e78cf515142f3f1,Evidence,H线HAZOP及SIL定级分析 HAZOP记录表.xls N002!11,H线HAZOP及SIL定级分析 HAZOP记录表.xls N002!11,2.2.2 乌洛托品固体自乌洛托品下料器至乌醋配机流量过低 | 星型下料器转速调节回路故障（转速过慢） | 摇摆颗粒机料位升高，可能满溢至外部环境，形成粉尘爆炸性环境 | 1.螺旋推进器电机设有过载停机保护,"{""excel_row"":11,""raw_row"":[""2.2.2"",""流量"",""流量过低或无流量"",""2.2.2 乌洛托品固体自乌洛托品下料器至乌醋配机流量过低"",""星型下料器转速调节回路故障（转速过慢）"",""摇摆颗粒机料位升高，可能满溢至外部环境，形成粉尘爆炸性环境"",""D"",""6"",""H"",""1.螺旋推进器电机设有过载停机保护"",""D"",""5"",""H"","""","""","""","""",""""],""sheet"":""N002""}",H线HAZOP及SIL定级分析 HAZOP记录表.xls,HAZOP_DA_H_R_V1,1.5-hazop,1.0000,accepted
EVHZ_18d63c68ce87592ec415,Evidence,R线 HAZOP分析记录表.xls N003!5,R线 HAZOP分析记录表.xls N003!5,3.4.1 热压煮洗机压力过高 | 上游装置来蒸汽温度过高 | 热压煮洗机温升过快，RDX可能分解爆炸 | 建议蒸汽进界区设置压力调节回路，控制蒸汽压力及温度；并设置温度高高（低于RDX分解温度150℃，如温度高高联锁设定值设置135℃）联锁切断蒸汽进料。 | RDX在不同浓度下，爆炸时温度机理研究,"{""excel_row"":5,""raw_row"":[""3.4.1"",""压力"",""压力过高"",""3.4.1 热压煮洗机压力过高"",""上游装置来蒸汽温度过高"",""热压煮洗机温升过快，RDX可能分解爆炸"",""E"",""5"",""H"","""",""E"",""5"",""H"",""建议蒸汽进界区设置压力调节回路，控制蒸汽压力及温度；并设置温度高高（低于RDX分解温度150℃，如温度高高联锁设定值设置135℃）联锁切断蒸汽进料。"","""",""#3.1"",""RDX在不同浓度下，爆炸时温度机理研究""],""sheet"":""N003""}",R线 HAZOP分析记录表.xls,HAZOP_DA_H_R_V1,1.5-hazop,1.0000,accepted
EVHZ_1908f3b0aa42afb4d7c4,Evidence,DA线HAZOP分析记录表.xls N001!11,DA线HAZOP分析记录表.xls N001!11,1.2.2 合成釜中吉纳加入量过少 | 人员误操作，称重错误，吉纳加入量过少 | 影响产品得率，无安全影响 | 1.吉纳称量及加料过程中，两人操作，一人称量，一人复核,"{""excel_row"":11,""raw_row"":[""1.2.2"",""流量"",""流量过低或无流量"",""1.2.2 合成釜中吉纳加入量过少"",""人员误操作，称重错误，吉纳加入量过少"",""影响产品得率，无安全影响"",""A"",""7"",""M"",""1.吉纳称量及加料过程中，两人操作，一人称量，一人复核"",""A"",""6"",""L"","""","""","""",""""],""sheet"":""N001""}",DA线HAZOP分析记录表.xls,HAZOP_DA_H_R_V1,1.5-hazop,1.0000,accepted
EVHZ_19282806e35f440da657,Evidence,R线 HAZOP分析记录表.xls N002!19,R线 HAZOP分析记录表.xls N002!19,"2.16.1 开停工 | 结晶机水加注量过多 | 结晶机温度无法达到激发温度点，副产物氧化不完全，结晶液不安定，后续工序安全操作受影响 | 1.结晶机设有TI-7105/7106;
2.操作规程：人工对加水量检测","{""excel_row"":19,""raw_row"":[""2.16.1"",""其他"",""其他"",""2.16.1 开停工"",""结晶机水加注量过多"",""结晶机温度无法达到激发温度点，副产物氧化不完全，结晶液不安定，后续工序安全操作受影响"",""E"",""6"",""S"",""1.结晶机设有TI-7105/7106;\n2.操作规程：人工对加水量检测"",""E"",""4"",""H"","""","""","""",""""],""sheet"":""N002""}",R线 HAZOP分析记录表.xls,HAZOP_DA_H_R_V1,1.5-hazop,1.0000,accepted
EVHZ_1a4c983c2f83884bdf60,Evidence,R线 HAZOP分析记录表.xls N003!7,R线 HAZOP分析记录表.xls N003!7,3.6.1 热压煮洗机温度过高 | 热压煮洗机蒸汽管线上手阀全开后未及时关闭 | 热压煮洗机温度过高，RDX可能分解爆炸 | 建议蒸汽进界区设置压力调节回路，控制蒸汽压力及温度；并设置温度高高（低于RDX分解温度150℃，如温度高高联锁设定值设置135℃）联锁切断蒸汽进料。 | RDX在不同浓度下，爆炸时温度机理研究,"{""excel_row"":7,""raw_row"":[""3.6.1"",""温度"",""温度过高"",""3.6.1 热压煮洗机温度过高"",""热压煮洗机蒸汽管线上手阀全开后未及时关闭"",""热压煮洗机温度过高，RDX可能分解爆炸"",""E"",""5"",""H"","""",""E"",""5"",""H"",""建议蒸汽进界区设置压力调节回路，控制蒸汽压力及温度；并设置温度高高（低于RDX分解温度150℃，如温度高高联锁设定值设置135℃）联锁切断蒸汽进料。"",""S"",""#3.1"",""RDX在不同浓度下，爆炸时温度机理研究""],""sheet"":""N003""}",R线 HAZOP分析记录表.xls,HAZOP_DA_H_R_V1,1.5-hazop,1.0000,accepted
EVHZ_1b94125e430facd4d1b0,Evidence,H线HAZOP及SIL定级分析 HAZOP记录表.xls N001!22,H线HAZOP及SIL定级分析 HAZOP记录表.xls N001!22,"1.6.2 硝铵机温度过高 | 循环水压力低供应中断 | 铵硝配机内溶液热量积聚，温度升高，可能依次达到硝酸、硝酸铵分解温度，潜在爆炸风险 | 1.循环水总管压力低时，人员现场切换至备用生消水系统；
2.循坏水总管设有PSLL触发联锁，停进料；
3.铵硝机设有TAH-1704 | 后果描述不明确","{""excel_row"":22,""raw_row"":[""1.6.2"",""温度"",""温度过高"",""1.6.2 硝铵机温度过高"",""循环水压力低供应中断"",""铵硝配机内溶液热量积聚，温度升高，可能依次达到硝酸、硝酸铵分解温度，潜在爆炸风险"",""D"",""5"",""H"",""1.循环水总管压力低时，人员现场切换至备用生消水系统；\n2.循坏水总管设有PSLL触发联锁，停进料；\n3.铵硝机设有TAH-1704"",""D"",""3"",""M"","""","""","""","""",""后果描述不明确""],""sheet"":""N001""}",H线HAZOP及SIL定级分析 HAZOP记录表.xls,HAZOP_DA_H_R_V1,1.5-hazop,1.0000,accepted
EVHZ_1be989147b84e3b20471,Evidence,DA线HAZOP分析记录表.xls N001!12,DA线HAZOP分析记录表.xls N001!12,1.2.3 合成釜中叠氮化钠加入量过少 | 人员误操作，称重错误，叠氮化钠加入量过少 | 吉纳反应不完全，影响产品质量，反应过程中吉纳可能分解，潜在爆炸风险 | 1.叠氮化钠称量过程中，两人操作，一人称量，一人复核 | 溶液中未反应吉纳分解条件及影响待研究。,"{""excel_row"":12,""raw_row"":[""1.2.3"",""流量"",""流量过低或无流量"",""1.2.3 合成釜中叠氮化钠加入量过少"",""人员误操作，称重错误，叠氮化钠加入量过少"",""吉纳反应不完全，影响产品质量，反应过程中吉纳可能分解，潜在爆炸风险"",""D"",""7"",""S"",""1.叠氮化钠称量过程中，两人操作，一人称量，一人复核"",""D"",""6"",""H"",""溶液中未反应吉纳分解条件及影响待研究。"",""S"",""#1.6"",""""],""sheet"":""N001""}",DA线HAZOP分析记录表.xls,HAZOP_DA_H_R_V1,1.5-hazop,1.0000,accepted
EVHZ_1c4e02040a9f7156f049,Evidence,H线HAZOP及SIL定级分析 HAZOP记录表.xls N001!31,H线HAZOP及SIL定级分析 HAZOP记录表.xls N001!31,1.16.1 硝酸铵先于硝酸液加入铵硝配机 | 操作顺序有误，硝酸铵先于硝酸液加入铵硝配机 | 铵硝配机搅拌器可能弯曲变形，电机可能过载损坏 | 1.铵硝配机搅拌器电机设有过载停机保护 | 后果描述不明确,"{""excel_row"":31,""raw_row"":[""1.16.1"",""操作步骤"",""步骤顺序错误"",""1.16.1 硝酸铵先于硝酸液加入铵硝配机"",""操作顺序有误，硝酸铵先于硝酸液加入铵硝配机"",""铵硝配机搅拌器可能弯曲变形，电机可能过载损坏"",""C"",""5"",""M"",""1.铵硝配机搅拌器电机设有过载停机保护"",""C"",""4"",""L"","""","""","""","""",""后果描述不明确""],""sheet"":""N001""}",H线HAZOP及SIL定级分析 HAZOP记录表.xls,HAZOP_DA_H_R_V1,1.5-hazop,1.0000,accepted
EVHZ_1c81aade62ef9014d68a,Evidence,DA线HAZOP分析记录表.xls N002!7,DA线HAZOP分析记录表.xls N002!7,2.1.4 碱洗过程碳酸钠溶液加入量过多 | 人员误操作，碱洗过程碳酸钠溶液加入量过多 | 废水产出量增大，无安全影响,"{""excel_row"":7,""raw_row"":[""2.1.4"",""流量"",""流量过高"",""2.1.4 碱洗过程碳酸钠溶液加入量过多"",""人员误操作，碱洗过程碳酸钠溶液加入量过多"",""废水产出量增大，无安全影响"",""A"",""7"",""M"","""",""A"",""7"",""M"","""","""","""",""""],""sheet"":""N002""}",DA线HAZOP分析记录表.xls,HAZOP_DA_H_R_V1,1.5-hazop,1.0000,accepted
EVHZ_1d52a7125b36ab75b0e4,Evidence,H线HAZOP及SIL定级分析 HAZOP记录表.xls N003!32,H线HAZOP及SIL定级分析 HAZOP记录表.xls N003!32,3.11.1 腐蚀/冲蚀 | 循环水氯离子腐蚀,"{""excel_row"":32,""raw_row"":[""3.11.1"",""腐蚀/冲蚀"",""腐蚀/冲蚀"",""3.11.1 腐蚀/冲蚀"",""循环水氯离子腐蚀"","""","""","""","""","""","""","""","""","""","""","""","""",""""],""sheet"":""N003""}",H线HAZOP及SIL定级分析 HAZOP记录表.xls,HAZOP_DA_H_R_V1,1.5-hazop,1.0000,accepted
EVHZ_1d9860a1e6b0277d305a,Evidence,R线 HAZOP分析记录表.xls N002!11,R线 HAZOP分析记录表.xls N002!11,2.7.1 结晶机温度过低 | TIC-7105回路故障（循环水管线TV开度过大） | 结晶机温度降低，副产物氧化不完全，结晶液不安定，后续工序安全操作受影响 | 1.结晶机温度低低TSLL-7106触发联锁，停螺旋加料机电机,"{""excel_row"":11,""raw_row"":[""2.7.1"",""温度"",""温度过低"",""2.7.1 结晶机温度过低"",""TIC-7105回路故障（循环水管线TV开度过大）"",""结晶机温度降低，副产物氧化不完全，结晶液不安定，后续工序安全操作受影响"",""E"",""6"",""S"",""1.结晶机温度低低TSLL-7106触发联锁，停螺旋加料机电机"",""E"",""5"",""H"","""","""","""",""""],""sheet"":""N002""}",R线 HAZOP分析记录表.xls,HAZOP_DA_H_R_V1,1.5-hazop,1.0000,accepted
EVHZ_1e0d286479e5320eac85,Evidence,H线HAZOP及SIL定级分析 HAZOP记录表.xls N003!26,H线HAZOP及SIL定级分析 HAZOP记录表.xls N003!26,3.6.2 3#硝化机温度过高 | 参见本节点流量讨论,"{""excel_row"":26,""raw_row"":[""3.6.2"",""温度"",""温度过高"",""3.6.2 3#硝化机温度过高"",""参见本节点流量讨论"","""","""","""","""","""","""","""","""","""","""","""","""",""""],""sheet"":""N003""}",H线HAZOP及SIL定级分析 HAZOP记录表.xls,HAZOP_DA_H_R_V1,1.5-hazop,1.0000,accepted
EVHZ_1e533d1991a16248e16c,Evidence,DA线HAZOP分析记录表.xls N001!34,DA线HAZOP分析记录表.xls N001!34,1.12.1 静电 | 吉纳加料过程静电 | 静电事故，潜在爆炸，人员伤害风险 | 1.设备接地，等电位连接,"{""excel_row"":34,""raw_row"":[""1.12.1"",""其他"",""静电"",""1.12.1 静电"",""吉纳加料过程静电"",""静电事故，潜在爆炸，人员伤害风险"",""D"",""6"",""H"",""1.设备接地，等电位连接"",""D"",""5"",""H"","""","""","""",""""],""sheet"":""N001""}",DA线HAZOP分析记录表.xls,HAZOP_DA_H_R_V1,1.5-hazop,1.0000,accepted
EVHZ_1e62e72763ef855a0695,Evidence,H线HAZOP及SIL定级分析 HAZOP记录表.xls N001!4,H线HAZOP及SIL定级分析 HAZOP记录表.xls N001!4,1.1.1 硝酸铵固体风送至硝酸铵下料器流量过高 | 罗茨鼓风机为定频风机,"{""excel_row"":4,""raw_row"":[""1.1.1"",""流量"",""流量过高"",""1.1.1 硝酸铵固体风送至硝酸铵下料器流量过高"",""罗茨鼓风机为定频风机"","""","""","""","""","""","""","""","""","""","""","""","""",""""],""sheet"":""N001""}",H线HAZOP及SIL定级分析 HAZOP记录表.xls,HAZOP_DA_H_R_V1,1.5-hazop,1.0000,accepted
EVHZ_1efb1cd2565bde81bdbe,Evidence,DA线HAZOP分析记录表.xls N001!18,DA线HAZOP分析记录表.xls N001!18,1.4.1 合成釜压力过高 | 本节点无特别关注项,"{""excel_row"":18,""raw_row"":[""1.4.1"",""压力"",""压力过高"",""1.4.1 合成釜压力过高"",""本节点无特别关注项"","""","""","""","""","""","""","""","""","""","""","""",""""],""sheet"":""N001""}",DA线HAZOP分析记录表.xls,HAZOP_DA_H_R_V1,1.5-hazop,1.0000,accepted
EVHZ_1f028cef1d79aed48804,Evidence,H线HAZOP及SIL定级分析 HAZOP记录表.xls N003!30,H线HAZOP及SIL定级分析 HAZOP记录表.xls N003!30,3.7.3 5#硝化机温度过低 | 5#硝化机TIC-1711回路故障（蒸汽管线上TV开度过小或关闭） | 5#硝化机温度降低，影响产品质量,"{""excel_row"":30,""raw_row"":[""3.7.3"",""温度"",""温度过低"",""3.7.3 5#硝化机温度过低"",""5#硝化机TIC-1711回路故障（蒸汽管线上TV开度过小或关闭）"",""5#硝化机温度降低，影响产品质量"","""","""","""","""","""","""","""","""","""","""","""",""""],""sheet"":""N003""}",H线HAZOP及SIL定级分析 HAZOP记录表.xls,HAZOP_DA_H_R_V1,1.5-hazop,1.0000,accepted
EVHZ_21d0f26562d93b36d937,Evidence,R线 HAZOP分析记录表.xls N001!18,R线 HAZOP分析记录表.xls N001!18,"1.5.1 硝化机压力过低 | 硝化机硝烟管线上负压调节插板开度过大 | 硝化机负压过低时，乌洛托品可能窜至硝烟回收系统，可能在硝烟回收系统设备管道内着火爆炸 | 1.硝化机乌洛托品下料口与硝烟排放口对称布置；
2.硝化机设有现场负压表；
3.视频监控CCTV；
4.人员现场巡检，应急处置","{""excel_row"":18,""raw_row"":[""1.5.1"",""压力"",""压力过低"",""1.5.1 硝化机压力过低"",""硝化机硝烟管线上负压调节插板开度过大"",""硝化机负压过低时，乌洛托品可能窜至硝烟回收系统，可能在硝烟回收系统设备管道内着火爆炸"",""E"",""6"",""S"",""1.硝化机乌洛托品下料口与硝烟排放口对称布置；\n2.硝化机设有现场负压表；\n3.视频监控CCTV；\n4.人员现场巡检，应急处置"",""E"",""5"",""H"","""","""","""",""""],""sheet"":""N001""}",R线 HAZOP分析记录表.xls,HAZOP_DA_H_R_V1,1.5-hazop,1.0000,accepted
EVHZ_22cc235fa432b497a6e6,Evidence,H线HAZOP及SIL定级分析 HAZOP记录表.xls N004!10,H线HAZOP及SIL定级分析 HAZOP记录表.xls N004!10,"4.4.2 粗品HMX转晶机压力过高 | TIC-2201回路故障（蒸汽管线上TV开度过大） | 转晶机内温度升高，溶剂大量挥发，泄放至外部环境，可能形成爆炸性气氛；
长时间操作，转晶机底部物料可能燃爆 | 1.转晶机上TAH-2201（与原因产生共因失效，非有效安全措施）；
2.视频监控CCTV；
3.转晶机附近设有可燃气体浓度探测仪","{""excel_row"":10,""raw_row"":[""4.4.2"",""压力"",""压力过高"",""4.4.2 粗品HMX转晶机压力过高"",""TIC-2201回路故障（蒸汽管线上TV开度过大）"",""转晶机内温度升高，溶剂大量挥发，泄放至外部环境，可能形成爆炸性气氛；\n长时间操作，转晶机底部物料可能燃爆"",""D"",""6"",""H"",""1.转晶机上TAH-2201（与原因产生共因失效，非有效安全措施）；\n2.视频监控CCTV；\n3.转晶机附近设有可燃气体浓度探测仪"",""D"",""4"",""M"","""","""","""","""",""""],""sheet"":""N004""}",H线HAZOP及SIL定级分析 HAZOP记录表.xls,HAZOP_DA_H_R_V1,1.5-hazop,1.0000,accepted
EVHZ_2401466063d66c4521ce,Evidence,R线 HAZOP分析记录表.xls N002!6,R线 HAZOP分析记录表.xls N002!6,"2.4.1 结晶机压力过高 | 排烟机故障停 | 结晶机压力升高，可能正压，发生冒料，人员中毒灼伤 | 1.负压系统压力高PSH-7103触发联锁，停螺旋加料机电机，打开排空硝烟总管蝶阀HV-7108，打开蒸汽喷射球阀HV-7109，关闭负压总管蝶阀HV-7107；
2.视频监控CCTV；
3.人员现场巡检，应急处置;
4.排烟机运行状态指示 | 建议RDX硝化工房设置有毒气体浓度探测仪。","{""excel_row"":6,""raw_row"":[""2.4.1"",""压力"",""压力过高"",""2.4.1 结晶机压力过高"",""排烟机故障停"",""结晶机压力升高，可能正压，发生冒料，人员中毒灼伤"",""C"",""6"",""M"",""1.负压系统压力高PSH-7103触发联锁，停螺旋加料机电机，打开排空硝烟总管蝶阀HV-7108，打开蒸汽喷射球阀HV-7109，关闭负压总管蝶阀HV-7107；\n2.视频监控CCTV；\n3.人员现场巡检，应急处置;\n4.排烟机运行状态指示"",""C"",""5"",""M"",""建议RDX硝化工房设置有毒气体浓度探测仪。"","""",""#1.3"",""""],""sheet"":""N002""}",R线 HAZOP分析记录表.xls,HAZOP_DA_H_R_V1,1.5-hazop,1.0000,accepted
EVHZ_24a3a2a19eb71676646c,Evidence,DA线HAZOP分析记录表.xls N002!29,DA线HAZOP分析记录表.xls N002!29,2.12.1 维护/隔离 | 参见“1.13.1 维护/隔离”,"{""excel_row"":29,""raw_row"":[""2.12.1"",""运行"",""维护/隔离"",""2.12.1 维护/隔离"",""参见“1.13.1 维护/隔离”"","""","""","""","""","""","""","""","""","""","""","""",""""],""sheet"":""N002""}",DA线HAZOP分析记录表.xls,HAZOP_DA_H_R_V1,1.5-hazop,1.0000,accepted
EVHZ_251b055d65ef63f2c8f9,Evidence,DA线HAZOP分析记录表.xls N001!47,DA线HAZOP分析记录表.xls N001!47,1.19.1 公用工程故障 | 仪表风故障 | 气动阀门处于故障位置，可能导致安全事故 | 1.阀门选型已考虑故障安全位置,"{""excel_row"":47,""raw_row"":[""1.19.1"",""公用工程"",""公用工程故障"",""1.19.1 公用工程故障"",""仪表风故障"",""气动阀门处于故障位置，可能导致安全事故"",""C"",""6"",""M"",""1.阀门选型已考虑故障安全位置"",""C"",""6"",""M"","""","""","""",""""],""sheet"":""N001""}",DA线HAZOP分析记录表.xls,HAZOP_DA_H_R_V1,1.5-hazop,1.0000,accepted
EVHZ_25df75f39c122a53260d,Evidence,DA线HAZOP分析记录表.xls N003!30,DA线HAZOP分析记录表.xls N003!30,3.16.1 公用工程故障 | 饱和蒸汽故障 | 参见“3.5.1 常压蒸馏塔压力过低”,"{""excel_row"":30,""raw_row"":[""3.16.1"",""公用工程"",""公用工程故障"",""3.16.1 公用工程故障"",""饱和蒸汽故障"",""参见“3.5.1 常压蒸馏塔压力过低”"","""","""","""","""","""","""","""","""","""","""",""""],""sheet"":""N003""}",DA线HAZOP分析记录表.xls,HAZOP_DA_H_R_V1,1.5-hazop,1.0000,accepted
EVHZ_27afdfa810aed961d280,Evidence,R线 HAZOP分析记录表.xls N001!28,R线 HAZOP分析记录表.xls N001!28,"1.6.2 成熟机温度过高 | 成熟机搅拌器故障停 | 成熟机反应局部温度过高，存在爆炸风险，人员伤亡 | 1.成熟机搅拌器停机信号触发联锁，停螺旋加料机电机；
2.双回路供电；
3.备用柴油发电机；
4.成熟机设有TAH-7102；
5.成熟机温度高高TSHH-7102触发联锁，停螺旋加料机电机；
6.成熟机温度高高高TSHHH-7102触发联锁，打开成熟机放料阀HV-7101，打开安全槽压空管线快开阀HV-7105，打开压空喷射管线快开阀HV-7106 | 建议硝酸进料管线上增设独立切断阀，酸水管线上增设独立切断阀，1#成熟机TSHH-7104温度高高联锁进独立SIS系统，停螺旋加料机电机，关闭硝酸进料管线上新增切断阀，关闭酸水管线上切断阀；
TSHHH-7105温度高高高联锁进独立SIS系统，打开成熟机放料阀HV-7102，打开安全槽压空管线快开阀HV-7105，打开压空喷射管线快开阀HV-7106。","{""excel_row"":28,""raw_row"":[""1.6.2"",""温度"",""温度过高"",""1.6.2 成熟机温度过高"",""成熟机搅拌器故障停"",""成熟机反应局部温度过高，存在爆炸风险，人员伤亡"",""F"",""6"",""S"",""1.成熟机搅拌器停机信号触发联锁，停螺旋加料机电机；\n2.双回路供电；\n3.备用柴油发电机；\n4.成熟机设有TAH-7102；\n5.成熟机温度高高TSHH-7102触发联锁，停螺旋加料机电机；\n6.成熟机温度高高高TSHHH-7102触发联锁，打开成熟机放料阀HV-7101，打开安全槽压空管线快开阀HV-7105，打开压空喷射管线快开阀HV-7106"",""F"",""3"",""H"",""建议硝酸进料管线上增设独立切断阀，酸水管线上增设独立切断阀，1#成熟机TSHH-7104温度高高联锁进独立SIS系统，停螺旋加料机电机，关闭硝酸进料管线上新增切断阀，关闭酸水管线上切断阀；\nTSHHH-7105温度高高高联锁进独立SIS系统，打开成熟机放料阀HV-7102，打开安全槽压空管线快开阀HV-7105，打开压空喷射管线快开阀HV-7106。"","""",""#1.4"",""""],""sheet"":""N001""}",R线 HAZOP分析记录表.xls,HAZOP_DA_H_R_V1,1.5-hazop,1.0000,accepted
EVHZ_280121b477723ef84c3f,Evidence,H线HAZOP及SIL定级分析 HAZOP记录表.xls N004!11,H线HAZOP及SIL定级分析 HAZOP记录表.xls N004!11,"4.4.2 粗品HMX转晶机压力过高 | 风机故障停 | 转晶机内压力升高，泄放至外部环境，可能形成爆炸性气氛 | 1.人员现场操作；
2.视频监控CCTV；
3.转晶机附近设有可燃气体浓度探测仪","{""excel_row"":11,""raw_row"":[""4.4.2"",""压力"",""压力过高"",""4.4.2 粗品HMX转晶机压力过高"",""风机故障停"",""转晶机内压力升高，泄放至外部环境，可能形成爆炸性气氛"",""D"",""6"",""H"",""1.人员现场操作；\n2.视频监控CCTV；\n3.转晶机附近设有可燃气体浓度探测仪"",""D"",""4"",""M"","""","""","""","""",""""],""sheet"":""N004""}",H线HAZOP及SIL定级分析 HAZOP记录表.xls,HAZOP_DA_H_R_V1,1.5-hazop,1.0000,accepted
EVHZ_2818bcbe623e37f0117b,Evidence,H线HAZOP及SIL定级分析 HAZOP记录表.xls N004!16,H线HAZOP及SIL定级分析 HAZOP记录表.xls N004!16,"4.6.3 混合溶剂蒸馏机温度过高 | TIC-2207回路故障（蒸汽管线上TV开度过大） | 蒸馏机升温速率过快，压力升高，可能冒料，物料泄漏至外部环境，潜在爆炸风险，人员伤亡 | 1.转晶机上TAH-2207（与原因产生共因失效，非有效安全措施）；
2.人员现场操作；
3.操作规程；
4.视频监控CCTV；
5.转晶机附近设有可燃气体浓度探测仪","{""excel_row"":16,""raw_row"":[""4.6.3"",""温度"",""温度过高"",""4.6.3 混合溶剂蒸馏机温度过高"",""TIC-2207回路故障（蒸汽管线上TV开度过大）"",""蒸馏机升温速率过快，压力升高，可能冒料，物料泄漏至外部环境，潜在爆炸风险，人员伤亡"",""D"",""6"",""H"",""1.转晶机上TAH-2207（与原因产生共因失效，非有效安全措施）；\n2.人员现场操作；\n3.操作规程；\n4.视频监控CCTV；\n5.转晶机附近设有可燃气体浓度探测仪"",""D"",""4"",""M"","""","""","""","""",""""],""sheet"":""N004""}",H线HAZOP及SIL定级分析 HAZOP记录表.xls,HAZOP_DA_H_R_V1,1.5-hazop,1.0000,accepted
EVHZ_28aea10443fcf3a4cba5,Evidence,H线HAZOP及SIL定级分析 HAZOP记录表.xls N001!16,H线HAZOP及SIL定级分析 HAZOP记录表.xls N001!16,1.4.1 布袋除尘器差压过高 | 布袋除尘器清理不及时 | 布袋除尘器布袋可能超压损坏，粉料泄漏至外部环境，可能形成粉尘爆炸性环境 | 1.现场设有除尘设施 | 建议布袋除尘器增设差压表，用于监测布袋除尘器堵塞状况。,"{""excel_row"":16,""raw_row"":[""1.4.1"",""压力"",""压力过高"",""1.4.1 布袋除尘器差压过高"",""布袋除尘器清理不及时"",""布袋除尘器布袋可能超压损坏，粉料泄漏至外部环境，可能形成粉尘爆炸性环境"","""","""","""",""1.现场设有除尘设施"","""","""","""",""建议布袋除尘器增设差压表，用于监测布袋除尘器堵塞状况。"",""O"",""#1.2"","""",""""],""sheet"":""N001""}",H线HAZOP及SIL定级分析 HAZOP记录表.xls,HAZOP_DA_H_R_V1,1.5-hazop,1.0000,accepted
EVHZ_28ec0346e20bc29a574d,Evidence,H线HAZOP及SIL定级分析 HAZOP记录表.xls N002!20,H线HAZOP及SIL定级分析 HAZOP记录表.xls N002!20,"2.7.1 乌洛托品输送空气出换热器温度过低 | 饱和蒸汽压力低或供应中断 | 输送空气出换热器温度降低，乌洛托品中水可能析出，引起乌洛托品结块堵塞设备管线，影响乌洛托品输送 | 1.罗茨鼓风机出口设有PI-；
2.换热器输送空气出口设有TIC-；
3.饱和蒸汽总管设有远传压力","{""excel_row"":20,""raw_row"":[""2.7.1"",""温度"",""温度过低"",""2.7.1 乌洛托品输送空气出换热器温度过低"",""饱和蒸汽压力低或供应中断"",""输送空气出换热器温度降低，乌洛托品中水可能析出，引起乌洛托品结块堵塞设备管线，影响乌洛托品输送"",""C"",""6"",""M"",""1.罗茨鼓风机出口设有PI-；\n2.换热器输送空气出口设有TIC-；\n3.饱和蒸汽总管设有远传压力"",""C"",""5"",""M"","""","""","""","""",""""],""sheet"":""N002""}",H线HAZOP及SIL定级分析 HAZOP记录表.xls,HAZOP_DA_H_R_V1,1.5-hazop,1.0000,accepted
EVHZ_294bf0dbd59a9c9ab699,Evidence,H线HAZOP及SIL定级分析 HAZOP记录表.xls N004!19,H线HAZOP及SIL定级分析 HAZOP记录表.xls N004!19,"4.7.3 混合溶剂蒸馏机温度过低 | TIC-2207回路故障（蒸汽管线上TV开度过小或关闭） | 蒸馏机升温速度过慢，延长蒸馏工序操作时间，无明显安全影响 | 1.人员现场操作；
2.操作规程","{""excel_row"":19,""raw_row"":[""4.7.3"",""温度"",""温度过低"",""4.7.3 混合溶剂蒸馏机温度过低"",""TIC-2207回路故障（蒸汽管线上TV开度过小或关闭）"",""蒸馏机升温速度过慢，延长蒸馏工序操作时间，无明显安全影响"",""A"",""6"",""L"",""1.人员现场操作；\n2.操作规程"",""A"",""4"",""L"","""","""","""","""",""""],""sheet"":""N004""}",H线HAZOP及SIL定级分析 HAZOP记录表.xls,HAZOP_DA_H_R_V1,1.5-hazop,1.0000,accepted
EVHZ_29d52e4267b3a8606662,Evidence,DA线HAZOP分析记录表.xls N001!25,DA线HAZOP分析记录表.xls N001!25,1.8.1 二甲基亚砜高位槽液位过高 | 本节点无特别关注项（二甲基亚砜高位槽设有溢流口）,"{""excel_row"":25,""raw_row"":[""1.8.1"",""液位"",""液位过高"",""1.8.1 二甲基亚砜高位槽液位过高"",""本节点无特别关注项（二甲基亚砜高位槽设有溢流口）"","""","""","""","""","""","""","""","""","""","""","""",""""],""sheet"":""N001""}",DA线HAZOP分析记录表.xls,HAZOP_DA_H_R_V1,1.5-hazop,1.0000,accepted
EVHZ_2a2c06d6eb58694fe065,Evidence,H线HAZOP及SIL定级分析 HAZOP记录表.xls N002!24,H线HAZOP及SIL定级分析 HAZOP记录表.xls N002!24,2.16.1 乌洛托品先于醋酸液加入乌醋配机 | 操作顺序有误，乌洛托品先于醋酸液加入乌醋配机 | 乌醋配机搅拌器可能弯曲变形，电机可能过载损坏 | 1.乌醋配机搅拌器电机设有过载停机保护,"{""excel_row"":24,""raw_row"":[""2.16.1"",""操作步骤"",""步骤顺序错误"",""2.16.1 乌洛托品先于醋酸液加入乌醋配机"",""操作顺序有误，乌洛托品先于醋酸液加入乌醋配机"",""乌醋配机搅拌器可能弯曲变形，电机可能过载损坏"",""C"",""5"",""M"",""1.乌醋配机搅拌器电机设有过载停机保护"",""C"",""4"",""L"","""","""","""","""",""""],""sheet"":""N002""}",H线HAZOP及SIL定级分析 HAZOP记录表.xls,HAZOP_DA_H_R_V1,1.5-hazop,1.0000,accepted
EVHZ_2a80b804dc54bf2521ff,Evidence,H线HAZOP及SIL定级分析 HAZOP记录表.xls N001!29,H线HAZOP及SIL定级分析 HAZOP记录表.xls N001!29,"1.10.1 杂质 | 铵硝输送泵出口过滤器布袋破裂损坏 | 杂质可能窜至硝化机，硝化机副反应增加，局部温升过快，硝化机内物料可能分解，发生燃爆，人员伤亡，环境污染 | 1.1#硝化机设有；TSHH-1707触发联锁，停进料；
2.1#硝化机设有TSHHH-1707触发联锁，打开底部卸料阀KV-1702","{""excel_row"":29,""raw_row"":[""1.10.1"",""组分"",""杂质"",""1.10.1 杂质"",""铵硝输送泵出口过滤器布袋破裂损坏"",""杂质可能窜至硝化机，硝化机副反应增加，局部温升过快，硝化机内物料可能分解，发生燃爆，人员伤亡，环境污染"",""D"",""6"",""H"",""1.1#硝化机设有；TSHH-1707触发联锁，停进料；\n2.1#硝化机设有TSHHH-1707触发联锁，打开底部卸料阀KV-1702"",""D"",""4"",""M"","""","""","""","""",""""],""sheet"":""N001""}",H线HAZOP及SIL定级分析 HAZOP记录表.xls,HAZOP_DA_H_R_V1,1.5-hazop,1.0000,accepted
EVHZ_2b6ff76498fb7af4bbb9,Evidence,DA线HAZOP分析记录表.xls N001!27,DA线HAZOP分析记录表.xls N001!27,1.9.1 二甲基亚砜高位槽液位过低 | 人员误操作，二甲基亚砜加入量过少 | 参见“1.2.1 合成釜中二甲基亚砜加入量过少”,"{""excel_row"":27,""raw_row"":[""1.9.1"",""液位"",""液位过低或无液位"",""1.9.1 二甲基亚砜高位槽液位过低"",""人员误操作，二甲基亚砜加入量过少"",""参见“1.2.1 合成釜中二甲基亚砜加入量过少”"","""","""","""","""","""","""","""","""","""","""",""""],""sheet"":""N001""}",DA线HAZOP分析记录表.xls,HAZOP_DA_H_R_V1,1.5-hazop,1.0000,accepted
EVHZ_2bf5cca9c601c98bbf43,Evidence,H线HAZOP及SIL定级分析 HAZOP记录表.xls N004!12,H线HAZOP及SIL定级分析 HAZOP记录表.xls N004!12,4.5.1 混合溶剂蒸馏机压力过低 | TIC-2207回路故障（蒸汽管线上TV开度过小或关闭） | 蒸馏机升温速度过慢，延长蒸馏工序操作时间，无明显安全影响,"{""excel_row"":12,""raw_row"":[""4.5.1"",""压力"",""压力过低"",""4.5.1 混合溶剂蒸馏机压力过低"",""TIC-2207回路故障（蒸汽管线上TV开度过小或关闭）"",""蒸馏机升温速度过慢，延长蒸馏工序操作时间，无明显安全影响"","""","""","""","""","""","""","""","""","""","""","""",""""],""sheet"":""N004""}",H线HAZOP及SIL定级分析 HAZOP记录表.xls,HAZOP_DA_H_R_V1,1.5-hazop,1.0000,accepted
EVHZ_2c019a08e05e1d81e585,Evidence,H线HAZOP及SIL定级分析 HAZOP记录表.xls N003!14,H线HAZOP及SIL定级分析 HAZOP记录表.xls N003!14,3.2.5 3#硝化机醋酸酐溶液加注流量过低或无流量 | FIQC-1707回路故障（醋酸酐溶液进料管线上FV开度过过小或关闭） | 3#硝化机内硝化反应产生的水不能及时脱除，DPT发生水解，副反应增加，产品得率下降,"{""excel_row"":14,""raw_row"":[""3.2.5"",""流量"",""流量过低或无流量"",""3.2.5 3#硝化机醋酸酐溶液加注流量过低或无流量"",""FIQC-1707回路故障（醋酸酐溶液进料管线上FV开度过过小或关闭）"",""3#硝化机内硝化反应产生的水不能及时脱除，DPT发生水解，副反应增加，产品得率下降"",""C"",""6"",""M"","""","""","""","""","""","""","""","""",""""],""sheet"":""N003""}",H线HAZOP及SIL定级分析 HAZOP记录表.xls,HAZOP_DA_H_R_V1,1.5-hazop,1.0000,accepted
EVHZ_2c697939434365433063,Evidence,H线HAZOP及SIL定级分析 HAZOP记录表.xls N003!25,H线HAZOP及SIL定级分析 HAZOP记录表.xls N003!25,"3.6.2 3#硝化机温度过高 | 循环水压力低或供应中断 | 3#硝化机温度升高，硝化反应速率增加，硝化机内物料可能分解，3#硝化机内可能发生燃爆，人员伤亡，环境污染 | 1.3#硝化机设有TSHH-1709触发联锁，停进料；
2.3#硝化机设有TSHHH-1709触发联锁，打开底部卸料阀KV-1704；
3.循坏水总管设有PSLL触发联锁，停进料","{""excel_row"":25,""raw_row"":[""3.6.2"",""温度"",""温度过高"",""3.6.2 3#硝化机温度过高"",""循环水压力低或供应中断"",""3#硝化机温度升高，硝化反应速率增加，硝化机内物料可能分解，3#硝化机内可能发生燃爆，人员伤亡，环境污染"",""E"",""6"",""S"",""1.3#硝化机设有TSHH-1709触发联锁，停进料；\n2.3#硝化机设有TSHHH-1709触发联锁，打开底部卸料阀KV-1704；\n3.循坏水总管设有PSLL触发联锁，停进料"",""E"",""4"",""H"","""","""","""","""",""""],""sheet"":""N003""}",H线HAZOP及SIL定级分析 HAZOP记录表.xls,HAZOP_DA_H_R_V1,1.5-hazop,1.0000,accepted
EVHZ_2ce42892d3a0fde8329f,Evidence,DA线HAZOP分析记录表.xls N002!24,DA线HAZOP分析记录表.xls N002!24,2.10.1 碱洗过程碱液浓度过高 | 人员误操作，碱液配置浓度过高 | 产品中残存碱液，影响后续操作 | 产品中残存碱液影响待研究。,"{""excel_row"":24,""raw_row"":[""2.10.1"",""组分"",""杂质"",""2.10.1 碱洗过程碱液浓度过高"",""人员误操作，碱液配置浓度过高"",""产品中残存碱液，影响后续操作"","""","""","""","""","""","""","""","""","""","""",""产品中残存碱液影响待研究。""],""sheet"":""N002""}",DA线HAZOP分析记录表.xls,HAZOP_DA_H_R_V1,1.5-hazop,1.0000,accepted
EVHZ_2e6fea084a2fbf34c9c6,Evidence,R线 HAZOP分析记录表.xls N001!31,R线 HAZOP分析记录表.xls N001!31,1.10.1 杂质 | 乌洛托品含水量过低 | 乌洛托品加料口及料仓粉尘扬起量过大，可能形成粉尘爆炸环境，潜在爆炸风险 | 建议乌洛托品粒径及允许含水量检测，并研究乌洛托品粉尘爆炸相关参数。,"{""excel_row"":31,""raw_row"":[""1.10.1"",""组分"",""杂质"",""1.10.1 杂质"",""乌洛托品含水量过低"",""乌洛托品加料口及料仓粉尘扬起量过大，可能形成粉尘爆炸环境，潜在爆炸风险"",""F"",""6"",""S"","""",""F"",""6"",""S"",""建议乌洛托品粒径及允许含水量检测，并研究乌洛托品粉尘爆炸相关参数。"",""S"",""#1.5"",""""],""sheet"":""N001""}",R线 HAZOP分析记录表.xls,HAZOP_DA_H_R_V1,1.5-hazop,1.0000,accepted
EVHZ_2ffc47e87dc56f5e1355,Evidence,DA线HAZOP分析记录表.xls N003!27,DA线HAZOP分析记录表.xls N003!27,3.13.1 维护/隔离 | 参见“1.13.1 维护/隔离”,"{""excel_row"":27,""raw_row"":[""3.13.1"",""运行"",""维护/隔离"",""3.13.1 维护/隔离"",""参见“1.13.1 维护/隔离”"","""","""","""","""","""","""","""","""","""","""","""",""""],""sheet"":""N003""}",DA线HAZOP分析记录表.xls,HAZOP_DA_H_R_V1,1.5-hazop,1.0000,accepted
EVHZ_31e34587a16303b32c4d,Evidence,R线 HAZOP分析记录表.xls N002!4,R线 HAZOP分析记录表.xls N002!4,"2.1.1 酸水加注至结晶机流量过高 | FIC-7103回路故障（酸水管线上FV阀开度过大） | 结晶机温度降低，硝酸浓度降低，RDX结晶粒度减小，副产物氧化不完全，结晶液不安定，后续工序安全操作受影响 | 1.结晶机设有TIC-7105；
2.结晶机温度高高TSLL-7106触发联锁，停螺旋加料机电机 | 机理有待研究，副产物起始氧化的温度需再研究","{""excel_row"":4,""raw_row"":[""2.1.1"",""流量"",""流量过高"",""2.1.1 酸水加注至结晶机流量过高"",""FIC-7103回路故障（酸水管线上FV阀开度过大）"",""结晶机温度降低，硝酸浓度降低，RDX结晶粒度减小，副产物氧化不完全，结晶液不安定，后续工序安全操作受影响"",""E"",""6"",""S"",""1.结晶机设有TIC-7105；\n2.结晶机温度高高TSLL-7106触发联锁，停螺旋加料机电机"",""E"",""4"",""H"","""","""","""",""机理有待研究，副产物起始氧化的温度需再研究""],""sheet"":""N002""}",R线 HAZOP分析记录表.xls,HAZOP_DA_H_R_V1,1.5-hazop,1.0000,accepted
EVHZ_320369d0f38456051a82,Evidence,H线HAZOP及SIL定级分析 HAZOP记录表.xls N002!10,H线HAZOP及SIL定级分析 HAZOP记录表.xls N002!10,2.2.2 乌洛托品固体自乌洛托品下料器至乌醋配机流量过低 | 关风器给料速度控制回路故障（给料速度过慢） | 摇摆颗粒机料位升高，可能满溢至外部环境，形成粉尘爆炸性环境 | 1.摇摆颗粒机加料口设有除尘设施 | 建议乌洛托品粒径进行检测，并研究乌洛托品粉尘爆炸相关参数。,"{""excel_row"":10,""raw_row"":[""2.2.2"",""流量"",""流量过低或无流量"",""2.2.2 乌洛托品固体自乌洛托品下料器至乌醋配机流量过低"",""关风器给料速度控制回路故障（给料速度过慢）"",""摇摆颗粒机料位升高，可能满溢至外部环境，形成粉尘爆炸性环境"",""D"",""6"",""H"",""1.摇摆颗粒机加料口设有除尘设施"",""D"",""5"",""H"",""建议乌洛托品粒径进行检测，并研究乌洛托品粉尘爆炸相关参数。"",""S"",""#2.2"","""",""""],""sheet"":""N002""}",H线HAZOP及SIL定级分析 HAZOP记录表.xls,HAZOP_DA_H_R_V1,1.5-hazop,1.0000,accepted
EVHZ_327d67071eb4d0d1c9a5,Evidence,H线HAZOP及SIL定级分析 HAZOP记录表.xls N001!15,H线HAZOP及SIL定级分析 HAZOP记录表.xls N001!15,1.3.1 逆流或错误流向 | 铵硝液贮槽蛇管泄露 | 循环水窜至铵硝液贮槽内，局部放热量增加，局部温升过快，可能依次达到硝酸、硝酸铵分解温度，潜在爆炸风险 | 1.铵硝液贮槽设有TIC-1702带TAH,"{""excel_row"":15,""raw_row"":[""1.3.1"",""流量"",""逆流"",""1.3.1 逆流或错误流向"",""铵硝液贮槽蛇管泄露"",""循环水窜至铵硝液贮槽内，局部放热量增加，局部温升过快，可能依次达到硝酸、硝酸铵分解温度，潜在爆炸风险"",""D"",""5"",""H"",""1.铵硝液贮槽设有TIC-1702带TAH"",""D"",""4"",""M"","""","""","""","""",""""],""sheet"":""N001""}",H线HAZOP及SIL定级分析 HAZOP记录表.xls,HAZOP_DA_H_R_V1,1.5-hazop,1.0000,accepted
EVHZ_33646912bbb364a06993,Evidence,H线HAZOP及SIL定级分析 HAZOP记录表.xls N005!11,H线HAZOP及SIL定级分析 HAZOP记录表.xls N005!11,"5.7.1 分离塔温度过低 | 分离釜上TIC-1817回路故障（蒸汽管线上TV开度过小或关闭） | 分离釜温度降低，压力降低，液位升高，分离釜分离效果变差；
分离釜换热管束区域局部温度升高，潜在爆炸风险 | 1.分离釜设有LAH-1818；
2.分离塔设有多点温度及压力监控 | 建议分离釜增设温度高高联锁切断蒸汽及废酸进料；
建议分离釜增设分离釜液位高高/低低切断蒸汽及废酸进料；
核实分离塔是否需设置超压泄放设施。","{""excel_row"":11,""raw_row"":[""5.7.1"",""温度"",""温度过低"",""5.7.1 分离塔温度过低"",""分离釜上TIC-1817回路故障（蒸汽管线上TV开度过小或关闭）"",""分离釜温度降低，压力降低，液位升高，分离釜分离效果变差；\n分离釜换热管束区域局部温度升高，潜在爆炸风险"",""D"",""6"",""H"",""1.分离釜设有LAH-1818；\n2.分离塔设有多点温度及压力监控"",""D"",""5"",""H"",""建议分离釜增设温度高高联锁切断蒸汽及废酸进料；\n建议分离釜增设分离釜液位高高/低低切断蒸汽及废酸进料；\n核实分离塔是否需设置超压泄放设施。"","""",""#5.1"","""",""""],""sheet"":""N005""}",H线HAZOP及SIL定级分析 HAZOP记录表.xls,HAZOP_DA_H_R_V1,1.5-hazop,1.0000,accepted
EVHZ_33757ca6b7230257a9f3,Evidence,H线HAZOP及SIL定级分析 HAZOP记录表.xls N004!15,H线HAZOP及SIL定级分析 HAZOP记录表.xls N004!15,"4.6.2 粗品HMX转晶机煮洗步骤时，温度过高 | TIC-2201回路故障（蒸汽管线上TV开度过大） | 转晶机内温度升高，水大量蒸发，转晶机可能冒料，物料泄漏至外部环境，潜在爆炸风险，人员伤亡 | 1.转晶机上TAH-2201（与原因产生共因失效，非有效安全措施）；
2.人员现场操作；
3.操作规程；
4.视频监控CCTV；
5.转晶机附近设有可燃气体浓度探测仪","{""excel_row"":15,""raw_row"":[""4.6.2"",""温度"",""温度过高"",""4.6.2 粗品HMX转晶机煮洗步骤时，温度过高"",""TIC-2201回路故障（蒸汽管线上TV开度过大）"",""转晶机内温度升高，水大量蒸发，转晶机可能冒料，物料泄漏至外部环境，潜在爆炸风险，人员伤亡"",""D"",""6"",""H"",""1.转晶机上TAH-2201（与原因产生共因失效，非有效安全措施）；\n2.人员现场操作；\n3.操作规程；\n4.视频监控CCTV；\n5.转晶机附近设有可燃气体浓度探测仪"",""D"",""4"",""M"","""","""","""","""",""""],""sheet"":""N004""}",H线HAZOP及SIL定级分析 HAZOP记录表.xls,HAZOP_DA_H_R_V1,1.5-hazop,1.0000,accepted
EVHZ_33c37f364d0b1ef167a1,Evidence,H线HAZOP及SIL定级分析 HAZOP记录表.xls N004!31,H线HAZOP及SIL定级分析 HAZOP记录表.xls N004!31,4.18.1 混合溶剂蒸馏机蒸馏时间过短,"{""excel_row"":31,""raw_row"":[""4.18.1"",""时间"",""时间过短"",""4.18.1 混合溶剂蒸馏机蒸馏时间过短"","""","""","""","""","""","""","""","""","""","""","""","""","""",""""],""sheet"":""N004""}",H线HAZOP及SIL定级分析 HAZOP记录表.xls,HAZOP_DA_H_R_V1,1.5-hazop,1.0000,accepted
EVHZ_33ebe3596dc50b1fd5a1,Evidence,DA线HAZOP分析记录表.xls N002!16,DA线HAZOP分析记录表.xls N002!16,2.4.1 收集槽收料真空度不足 | 真空泵故障或抽真空系统管线泄漏 | 影响收集槽收料效果 | 建议收集槽增设远传压力变送器，新增压力变送器应具有负压量程。,"{""excel_row"":16,""raw_row"":[""2.4.1"",""压力"",""压力过高"",""2.4.1 收集槽收料真空度不足"",""真空泵故障或抽真空系统管线泄漏"",""影响收集槽收料效果"",""B"",""6"",""M"","""",""B"",""6"",""M"",""建议收集槽增设远传压力变送器，新增压力变送器应具有负压量程。"",""O"",""#2.4"",""""],""sheet"":""N002""}",DA线HAZOP分析记录表.xls,HAZOP_DA_H_R_V1,1.5-hazop,1.0000,accepted
EVHZ_34b5e1b0eda8496fc24c,Evidence,H线HAZOP及SIL定级分析 HAZOP记录表.xls N003!5,H线HAZOP及SIL定级分析 HAZOP记录表.xls N003!5,"3.1.2 1#硝化机铵硝溶液加注流量过高 | FIQC-1704回路故障（铵硝溶液进料管线上FV开度过大） | 1#硝化机内铵硝比例增加，硝化反应速率增加，放热量增加，温度急剧升高，硝化机内物料可能发生燃爆，人员伤亡，环境污染 | 1.1#硝化机设有TSHH-1707触发联锁，停进料；
2.1#硝化机设有TSHHH-1707触发联锁，打开底部卸料阀KV-1702","{""excel_row"":5,""raw_row"":[""3.1.2"",""流量"",""流量过高"",""3.1.2 1#硝化机铵硝溶液加注流量过高"",""FIQC-1704回路故障（铵硝溶液进料管线上FV开度过大）"",""1#硝化机内铵硝比例增加，硝化反应速率增加，放热量增加，温度急剧升高，硝化机内物料可能发生燃爆，人员伤亡，环境污染"",""E"",""6"",""S"",""1.1#硝化机设有TSHH-1707触发联锁，停进料；\n2.1#硝化机设有TSHHH-1707触发联锁，打开底部卸料阀KV-1702"",""E"",""5"",""H"","""","""","""","""",""""],""sheet"":""N003""}",H线HAZOP及SIL定级分析 HAZOP记录表.xls,HAZOP_DA_H_R_V1,1.5-hazop,1.0000,accepted
EVHZ_34ed6db844a387efbdd8,Evidence,H线HAZOP及SIL定级分析 HAZOP记录表.xls N001!7,H线HAZOP及SIL定级分析 HAZOP记录表.xls N001!7,"1.1.3 硝酸铵固体自硝酸铵下料器至铵硝配机总量过高 | 硝酸铵固体投料量过高 | 铵硝液中硝酸铵浓度升高，硝化反应速率增加，温度快速上升，硝化机内物料可能分解，1#硝化机内可能发生燃爆，人员伤亡，环境污染 | 1.铵硝配机铵硝溶液配制完毕后取样分析；
2.铵硝液贮槽铵硝溶液配制完毕后取样分析 | 建议硝铵溶液配制工序进行程控化改造，以避免人为误操作带来的严重后果。 | 后果现象描述不明确","{""excel_row"":7,""raw_row"":[""1.1.3"",""流量"",""流量过高"",""1.1.3 硝酸铵固体自硝酸铵下料器至铵硝配机总量过高"",""硝酸铵固体投料量过高"",""铵硝液中硝酸铵浓度升高，硝化反应速率增加，温度快速上升，硝化机内物料可能分解，1#硝化机内可能发生燃爆，人员伤亡，环境污染"",""E"",""5"",""H"",""1.铵硝配机铵硝溶液配制完毕后取样分析；\n2.铵硝液贮槽铵硝溶液配制完毕后取样分析"",""E"",""4"",""H"",""建议硝铵溶液配制工序进行程控化改造，以避免人为误操作带来的严重后果。"",""O"",""#1.1"","""",""后果现象描述不明确""],""sheet"":""N001""}",H线HAZOP及SIL定级分析 HAZOP记录表.xls,HAZOP_DA_H_R_V1,1.5-hazop,1.0000,accepted
EVHZ_35455b7d7a3f8601eb33,Evidence,DA线HAZOP分析记录表.xls N002!35,DA线HAZOP分析记录表.xls N002!35,2.17.1 部分泄漏 | 过滤器滤袋破损 | 无安全及操作影响（进常压蒸馏釜管线上设有精密过滤器）,"{""excel_row"":35,""raw_row"":[""2.17.1"",""泄漏"",""部分泄漏"",""2.17.1 部分泄漏"",""过滤器滤袋破损"",""无安全及操作影响（进常压蒸馏釜管线上设有精密过滤器）"",""A"",""6"",""L"","""",""A"",""6"",""L"","""","""","""",""""],""sheet"":""N002""}",DA线HAZOP分析记录表.xls,HAZOP_DA_H_R_V1,1.5-hazop,1.0000,accepted
EVHZ_35aad3bb63cb36e0a15f,Evidence,DA线HAZOP分析记录表.xls N001!13,DA线HAZOP分析记录表.xls N001!13,1.2.3 合成釜中叠氮化钠加入量过少 | 叠氮化钠加料槽架桥，未完全加料 | 吉纳反应不完全，影响产品质量，反应过程中吉纳可能分解，潜在爆炸风险 | 1.每批次加料后，现场确认叠氮化钠残留情况并清理,"{""excel_row"":13,""raw_row"":[""1.2.3"",""流量"",""流量过低或无流量"",""1.2.3 合成釜中叠氮化钠加入量过少"",""叠氮化钠加料槽架桥，未完全加料"",""吉纳反应不完全，影响产品质量，反应过程中吉纳可能分解，潜在爆炸风险"",""D"",""7"",""S"",""1.每批次加料后，现场确认叠氮化钠残留情况并清理"",""D"",""7"",""S"","""","""","""",""""],""sheet"":""N001""}",DA线HAZOP分析记录表.xls,HAZOP_DA_H_R_V1,1.5-hazop,1.0000,accepted
EVHZ_35e3fa56166ca1d57921,Evidence,DA线HAZOP分析记录表.xls N003!24,DA线HAZOP分析记录表.xls N003!24,3.10.2 产品输送中进入异物 | 常压蒸馏釜接料桶敞口设置，进入异物 | 异物进入后续工序，潜在安全风险 | 优化常压蒸馏釜接料桶设计，采取密封措施。,"{""excel_row"":24,""raw_row"":[""3.10.2"",""组分"",""杂质"",""3.10.2 产品输送中进入异物"",""常压蒸馏釜接料桶敞口设置，进入异物"",""异物进入后续工序，潜在安全风险"",""B"",""6"",""M"","""",""B"",""6"",""M"",""优化常压蒸馏釜接料桶设计，采取密封措施。"",""O"",""#3.3"",""""],""sheet"":""N003""}",DA线HAZOP分析记录表.xls,HAZOP_DA_H_R_V1,1.5-hazop,1.0000,accepted
EVHZ_380511ee48a255789299,Evidence,H线HAZOP及SIL定级分析 HAZOP记录表.xls N003!17,H线HAZOP及SIL定级分析 HAZOP记录表.xls N003!17,3.3.1 逆流或错误流向 | 5#硝化机蛇管泄露 | 蒸汽窜至5#硝化机内，可能沸腾冒料，环境污染，人员受伤 | 1.1#硝化机定期取样分析,"{""excel_row"":17,""raw_row"":[""3.3.1"",""流量"",""逆流"",""3.3.1 逆流或错误流向"",""5#硝化机蛇管泄露"",""蒸汽窜至5#硝化机内，可能沸腾冒料，环境污染，人员受伤"",""C"",""5"",""M"",""1.1#硝化机定期取样分析"",""C"",""5"",""M"","""","""","""","""",""""],""sheet"":""N003""}",H线HAZOP及SIL定级分析 HAZOP记录表.xls,HAZOP_DA_H_R_V1,1.5-hazop,1.0000,accepted
EVHZ_3857a2b9e9a962247f6a,Evidence,DA线HAZOP分析记录表.xls N003!10,DA线HAZOP分析记录表.xls N003!10,3.4.1 常压蒸馏塔压力过高 | HSV-6250故障误关 | 常压蒸馏塔压力升高，严重时可能超压泄漏 | 1.常压蒸馏塔上PAH-6204,"{""excel_row"":10,""raw_row"":[""3.4.1"",""压力"",""压力过高"",""3.4.1 常压蒸馏塔压力过高"",""HSV-6250故障误关"",""常压蒸馏塔压力升高，严重时可能超压泄漏"",""D"",""7"",""S"",""1.常压蒸馏塔上PAH-6204"",""D"",""6"",""H"","""","""","""",""""],""sheet"":""N003""}",DA线HAZOP分析记录表.xls,HAZOP_DA_H_R_V1,1.5-hazop,1.0000,accepted
EVHZ_39faf3dc2d327075ea20,Evidence,H线HAZOP及SIL定级分析 HAZOP记录表.xls N002!16,H线HAZOP及SIL定级分析 HAZOP记录表.xls N002!16,2.4.1 布袋除尘器差压过高 | 布袋除尘器清理不及时 | 布袋除尘器布袋可能超压损坏，粉料泄漏至外部环境，可能形成粉尘爆炸性环境,"{""excel_row"":16,""raw_row"":[""2.4.1"",""压力"",""压力过高"",""2.4.1 布袋除尘器差压过高"",""布袋除尘器清理不及时"",""布袋除尘器布袋可能超压损坏，粉料泄漏至外部环境，可能形成粉尘爆炸性环境"","""","""","""","""","""","""","""","""","""","""","""",""""],""sheet"":""N002""}",H线HAZOP及SIL定级分析 HAZOP记录表.xls,HAZOP_DA_H_R_V1,1.5-hazop,1.0000,accepted
EVHZ_3a20286ff8996b7e1f1c,Evidence,H线HAZOP及SIL定级分析 HAZOP记录表.xls N005!21,H线HAZOP及SIL定级分析 HAZOP记录表.xls N005!21,5.14.1 排净,"{""excel_row"":21,""raw_row"":[""5.14.1"",""运行"",""排净"",""5.14.1 排净"","""","""","""","""","""","""","""","""","""","""","""","""","""",""""],""sheet"":""N005""}",H线HAZOP及SIL定级分析 HAZOP记录表.xls,HAZOP_DA_H_R_V1,1.5-hazop,1.0000,accepted
EVHZ_3ac934a19800317456c6,Evidence,H线HAZOP及SIL定级分析 HAZOP记录表.xls N003!22,H线HAZOP及SIL定级分析 HAZOP记录表.xls N003!22,"3.6.1 1#硝化机温度过高 | 循环水压力低或供应中断 | 1#硝化机温度升高，硝化反应速率增加，硝化机内物料可能分解，1#硝化机内可能发生燃爆，人员伤亡，环境污染 | 1.1#硝化机设有TSHH-1707触发联锁，停进料；
2.1#硝化机设有TSHHH-1707触发联锁，打开底部卸料阀KV-1702；
3.循坏水总管设有PSLL触发联锁，停进料","{""excel_row"":22,""raw_row"":[""3.6.1"",""温度"",""温度过高"",""3.6.1 1#硝化机温度过高"",""循环水压力低或供应中断"",""1#硝化机温度升高，硝化反应速率增加，硝化机内物料可能分解，1#硝化机内可能发生燃爆，人员伤亡，环境污染"",""E"",""6"",""S"",""1.1#硝化机设有TSHH-1707触发联锁，停进料；\n2.1#硝化机设有TSHHH-1707触发联锁，打开底部卸料阀KV-1702；\n3.循坏水总管设有PSLL触发联锁，停进料"",""E"",""4"",""H"","""","""","""","""",""""],""sheet"":""N003""}",H线HAZOP及SIL定级分析 HAZOP记录表.xls,HAZOP_DA_H_R_V1,1.5-hazop,1.0000,accepted
EVHZ_3b8ffe84e77f01c63584,Evidence,H线HAZOP及SIL定级分析 HAZOP记录表.xls N002!23,H线HAZOP及SIL定级分析 HAZOP记录表.xls N002!23,2.10.1 杂质 | 星型下料器布袋破裂损坏 | 布袋除尘器布袋可能损坏，粉料泄漏至外部环境，可能形成粉尘爆炸性环境 | 1.操作规程,"{""excel_row"":23,""raw_row"":[""2.10.1"",""组分"",""杂质"",""2.10.1 杂质"",""星型下料器布袋破裂损坏"",""布袋除尘器布袋可能损坏，粉料泄漏至外部环境，可能形成粉尘爆炸性环境"",""D"",""6"",""H"",""1.操作规程"",""D"",""6"",""H"","""","""","""","""",""""],""sheet"":""N002""}",H线HAZOP及SIL定级分析 HAZOP记录表.xls,HAZOP_DA_H_R_V1,1.5-hazop,1.0000,accepted
EVHZ_3bd640a66e06c694f227,Evidence,DA线HAZOP分析记录表.xls N002!10,DA线HAZOP分析记录表.xls N002!10,2.2.2 萃取过程加入二氯甲烷量过少 | 人员误操作，萃取过程加入二氯甲烷量过少 | 影响萃取效果，产品得率降低，后续废水中叠氮硝铵量增多 | 1.二氯甲烷高位槽上LI-6203,"{""excel_row"":10,""raw_row"":[""2.2.2"",""流量"",""流量过低或无流量"",""2.2.2 萃取过程加入二氯甲烷量过少"",""人员误操作，萃取过程加入二氯甲烷量过少"",""影响萃取效果，产品得率降低，后续废水中叠氮硝铵量增多"",""A"",""7"",""M"",""1.二氯甲烷高位槽上LI-6203"",""A"",""7"",""M"","""","""","""",""""],""sheet"":""N002""}",DA线HAZOP分析记录表.xls,HAZOP_DA_H_R_V1,1.5-hazop,1.0000,accepted
EVHZ_3e4700be10d528a0c580,Evidence,H线HAZOP及SIL定级分析 HAZOP记录表.xls N001!28,H线HAZOP及SIL定级分析 HAZOP记录表.xls N001!28,"1.10.1 杂质 | 星型下料器布袋破裂损坏 | 布袋除尘器布袋可能损坏，粉料泄漏至外部环境，可能形成粉尘爆炸性环境 | 1.操作规程；
2.现场设有除尘设施","{""excel_row"":28,""raw_row"":[""1.10.1"",""组分"",""杂质"",""1.10.1 杂质"",""星型下料器布袋破裂损坏"",""布袋除尘器布袋可能损坏，粉料泄漏至外部环境，可能形成粉尘爆炸性环境"",""D"",""6"",""H"",""1.操作规程；\n2.现场设有除尘设施"",""D"",""6"",""H"","""","""","""","""",""""],""sheet"":""N001""}",H线HAZOP及SIL定级分析 HAZOP记录表.xls,HAZOP_DA_H_R_V1,1.5-hazop,1.0000,accepted
EVHZ_3f7f18eb1cee058309eb,Evidence,DA线HAZOP分析记录表.xls N001!43,DA线HAZOP分析记录表.xls N001!43,1.17.1 二甲基亚砜与吉纳加料顺序错误 | 人员误操作，二甲基亚砜与吉纳加料顺序错误 | 固体物料进入合成釜内，搅拌发生撞击爆炸事故，人员伤害风险 | 1.加料过程两人操作，一人操作，一人复核确认 | 后续自动化加料改造过程中，设置液位加料顺序联锁。,"{""excel_row"":43,""raw_row"":[""1.17.1"",""操作步骤"",""步骤顺序错误"",""1.17.1 二甲基亚砜与吉纳加料顺序错误"",""人员误操作，二甲基亚砜与吉纳加料顺序错误"",""固体物料进入合成釜内，搅拌发生撞击爆炸事故，人员伤害风险"",""D"",""6"",""H"",""1.加料过程两人操作，一人操作，一人复核确认"",""D"",""6"",""H"",""后续自动化加料改造过程中，设置液位加料顺序联锁。"",""O"",""#1.18"",""""],""sheet"":""N001""}",DA线HAZOP分析记录表.xls,HAZOP_DA_H_R_V1,1.5-hazop,1.0000,accepted
EVHZ_3f89be9dad044d85d59b,Evidence,DA线HAZOP分析记录表.xls N004!5,DA线HAZOP分析记录表.xls N004!5,4.1.2 废水预处理池中浓硝酸加入量过多 | 人员误操作，废水预处理池中浓硝酸加入量过多 | 废水PH值降低，直接排入下游废水处理站，可能导致下游菌种杀死 | 1.废水预处理每批次取样检测分析 | 建议改为加入稀硝酸并采取计量措施。,"{""excel_row"":5,""raw_row"":[""4.1.2"",""流量"",""流量过高"",""4.1.2 废水预处理池中浓硝酸加入量过多"",""人员误操作，废水预处理池中浓硝酸加入量过多"",""废水PH值降低，直接排入下游废水处理站，可能导致下游菌种杀死"",""B"",""7"",""M"",""1.废水预处理每批次取样检测分析"",""B"",""7"",""M"",""建议改为加入稀硝酸并采取计量措施。"",""O"",""#4.1"",""""],""sheet"":""N004""}",DA线HAZOP分析记录表.xls,HAZOP_DA_H_R_V1,1.5-hazop,1.0000,accepted
EVHZ_3fd9268843b09bb29788,Evidence,DA线HAZOP分析记录表.xls N002!33,DA线HAZOP分析记录表.xls N002!33,2.16.1 公用工程故障 | 参见“1.19.1 公用工程故障”,"{""excel_row"":33,""raw_row"":[""2.16.1"",""公用工程"",""公用工程故障"",""2.16.1 公用工程故障"",""参见“1.19.1 公用工程故障”"","""","""","""","""","""","""","""","""","""","""","""",""""],""sheet"":""N002""}",DA线HAZOP分析记录表.xls,HAZOP_DA_H_R_V1,1.5-hazop,1.0000,accepted
EVHZ_3ffa501e1e6d05955bba,Evidence,DA线HAZOP分析记录表.xls N002!25,DA线HAZOP分析记录表.xls N002!25,2.10.2 碱洗过程碱液浓度过低 | 人员误操作，碱液配置浓度过低 | 影响碱洗效果，产品质量不合格，产品呈酸性,"{""excel_row"":25,""raw_row"":[""2.10.2"",""组分"",""杂质"",""2.10.2 碱洗过程碱液浓度过低"",""人员误操作，碱液配置浓度过低"",""影响碱洗效果，产品质量不合格，产品呈酸性"",""B"",""7"",""M"","""",""B"",""7"",""M"","""","""","""",""""],""sheet"":""N002""}",DA线HAZOP分析记录表.xls,HAZOP_DA_H_R_V1,1.5-hazop,1.0000,accepted
EVHZ_440c5824c8974d6c8e2f,Evidence,DA线HAZOP分析记录表.xls N002!8,DA线HAZOP分析记录表.xls N002!8,2.1.5 脱色釜中活性炭加入量过多 | 人员误操作，脱色釜中活性炭加入量过多 | 活性炭消耗量增大，无安全影响,"{""excel_row"":8,""raw_row"":[""2.1.5"",""流量"",""流量过高"",""2.1.5 脱色釜中活性炭加入量过多"",""人员误操作，脱色釜中活性炭加入量过多"",""活性炭消耗量增大，无安全影响"",""A"",""7"",""M"","""",""A"",""7"",""M"","""","""","""",""""],""sheet"":""N002""}",DA线HAZOP分析记录表.xls,HAZOP_DA_H_R_V1,1.5-hazop,1.0000,accepted
EVHZ_441590f465904646e08f,Evidence,R线 HAZOP分析记录表.xls N001!21,R线 HAZOP分析记录表.xls N001!21,"1.5.2 成熟机压力过低 | 排烟机变频调节过快 | 成熟机负压过低时，乌洛托品可能窜至硝烟回收系统，可能在硝烟回收系统设备管道内着火爆炸 | 1.成熟机总管压力低报警PAL-7103
2.成熟机乌洛托品下料口与硝烟排放口对称布置；
3.成熟机设有现场负压表；
4.视频监控CCTV；
5.人员现场巡检，应急处置","{""excel_row"":21,""raw_row"":[""1.5.2"",""压力"",""压力过低"",""1.5.2 成熟机压力过低"",""排烟机变频调节过快"",""成熟机负压过低时，乌洛托品可能窜至硝烟回收系统，可能在硝烟回收系统设备管道内着火爆炸"",""E"",""6"",""S"",""1.成熟机总管压力低报警PAL-7103\n2.成熟机乌洛托品下料口与硝烟排放口对称布置；\n3.成熟机设有现场负压表；\n4.视频监控CCTV；\n5.人员现场巡检，应急处置"",""E"",""5"",""H"","""","""","""",""""],""sheet"":""N001""}",R线 HAZOP分析记录表.xls,HAZOP_DA_H_R_V1,1.5-hazop,1.0000,accepted
EVHZ_4425f45bfd2d312d2c66,Evidence,DA线HAZOP分析记录表.xls N001!26,DA线HAZOP分析记录表.xls N001!26,1.8.2 合成釜加料后液位过高 | 本节点无特别关注项,"{""excel_row"":26,""raw_row"":[""1.8.2"",""液位"",""液位过高"",""1.8.2 合成釜加料后液位过高"",""本节点无特别关注项"","""","""","""","""","""","""","""","""","""","""","""",""""],""sheet"":""N001""}",DA线HAZOP分析记录表.xls,HAZOP_DA_H_R_V1,1.5-hazop,1.0000,accepted
EVHZ_443c8688c0f1b322de80,Evidence,H线HAZOP及SIL定级分析 HAZOP记录表.xls N005!19,H线HAZOP及SIL定级分析 HAZOP记录表.xls N005!19,5.12.1 维护/隔离,"{""excel_row"":19,""raw_row"":[""5.12.1"",""运行"",""维护/隔离"",""5.12.1 维护/隔离"","""","""","""","""","""","""","""","""","""","""","""","""","""",""""],""sheet"":""N005""}",H线HAZOP及SIL定级分析 HAZOP记录表.xls,HAZOP_DA_H_R_V1,1.5-hazop,1.0000,accepted
EVHZ_448dade1cd9736d0137b,Evidence,H线HAZOP及SIL定级分析 HAZOP记录表.xls N005!12,H线HAZOP及SIL定级分析 HAZOP记录表.xls N005!12,"5.7.1 分离塔温度过低 | 废酸进料管线上FIC-1808回路故障（废酸进料管线上FV开度过大） | 分离塔进料温度降低，分离釜温度降低，液位升高，分离釜分离效果变差；
分离釜换热管束区域局部温度升高，潜在爆炸风险 | 1.分离釜设有LAH-1818；
2.分离塔设有多点温度及压力监控 | 建议分离釜增设温度高高联锁切断蒸汽及废酸进料；
建议分离釜增设分离釜液位高高/低低切断蒸汽及废酸进料；
核实分离塔是否需设置超压泄放设施。","{""excel_row"":12,""raw_row"":[""5.7.1"",""温度"",""温度过低"",""5.7.1 分离塔温度过低"",""废酸进料管线上FIC-1808回路故障（废酸进料管线上FV开度过大）"",""分离塔进料温度降低，分离釜温度降低，液位升高，分离釜分离效果变差；\n分离釜换热管束区域局部温度升高，潜在爆炸风险"",""D"",""6"",""H"",""1.分离釜设有LAH-1818；\n2.分离塔设有多点温度及压力监控"",""D"",""5"",""H"",""建议分离釜增设温度高高联锁切断蒸汽及废酸进料；\n建议分离釜增设分离釜液位高高/低低切断蒸汽及废酸进料；\n核实分离塔是否需设置超压泄放设施。"","""",""#5.1"","""",""""],""sheet"":""N005""}",H线HAZOP及SIL定级分析 HAZOP记录表.xls,HAZOP_DA_H_R_V1,1.5-hazop,1.0000,accepted
EVHZ_46a7bd8952e1dee0ab32,Evidence,DA线HAZOP分析记录表.xls N001!15,DA线HAZOP分析记录表.xls N001!15,1.20.1 二甲基亚砜泄漏 | 设备管线、法兰泄漏 | 二甲基亚砜蒸汽泄漏至外部环境，严重时潜在爆炸，人员伤害风险 | 考虑车间内根据GB-50493设置可燃有毒气体监测报警设施。,"{""excel_row"":15,""raw_row"":[""1.20.1"",""泄漏"",""部分泄漏"",""1.20.1 二甲基亚砜泄漏"",""设备管线、法兰泄漏"",""二甲基亚砜蒸汽泄漏至外部环境，严重时潜在爆炸，人员伤害风险"",""D"",""5"",""H"","""",""D"",""5"",""H"",""考虑车间内根据GB-50493设置可燃有毒气体监测报警设施。"",""S"",""#1.12"",""""],""sheet"":""N001""}",DA线HAZOP分析记录表.xls,HAZOP_DA_H_R_V1,1.5-hazop,1.0000,accepted
EVHZ_46cf00e25472d93fd4d8,Evidence,DA线HAZOP分析记录表.xls N003!18,DA线HAZOP分析记录表.xls N003!18,3.6.2 毛细管蒸馏釜温度过高 | 参见“3.4.2 毛细管蒸馏釜压力过高”,"{""excel_row"":18,""raw_row"":[""3.6.2"",""温度"",""温度过高"",""3.6.2 毛细管蒸馏釜温度过高"",""参见“3.4.2 毛细管蒸馏釜压力过高”"","""","""","""","""","""","""","""","""","""","""","""",""""],""sheet"":""N003""}",DA线HAZOP分析记录表.xls,HAZOP_DA_H_R_V1,1.5-hazop,1.0000,accepted
EVHZ_470936082e520d6ce3be,Evidence,H线HAZOP及SIL定级分析 HAZOP记录表.xls N003!33,H线HAZOP及SIL定级分析 HAZOP记录表.xls N003!33,"3.15.1 公用工程故障 | 电力供应中断，1#硝化机搅拌器停 | 硝化机内局部温升过快，可能依次达到硝酸、硝酸铵分解温度，硝化机内可能发生燃爆，人员伤亡，环境污染 | 1.搅拌器设有运行状态指示；
2.双回路供电，设有备用柴油发电机；
3.1#硝化机设有TSHH-1707触发联锁，停进料；
4.1#硝化机设有TSHHH-1707触发联锁，打开底部卸料阀KV-1702","{""excel_row"":33,""raw_row"":[""3.15.1"",""公用工程"",""公用工程故障"",""3.15.1 公用工程故障"",""电力供应中断，1#硝化机搅拌器停"",""硝化机内局部温升过快，可能依次达到硝酸、硝酸铵分解温度，硝化机内可能发生燃爆，人员伤亡，环境污染"",""E"",""6"",""S"",""1.搅拌器设有运行状态指示；\n2.双回路供电，设有备用柴油发电机；\n3.1#硝化机设有TSHH-1707触发联锁，停进料；\n4.1#硝化机设有TSHHH-1707触发联锁，打开底部卸料阀KV-1702"",""E"",""3"",""M"","""","""","""","""",""""],""sheet"":""N003""}",H线HAZOP及SIL定级分析 HAZOP记录表.xls,HAZOP_DA_H_R_V1,1.5-hazop,1.0000,accepted
EVHZ_48d0242fd49749e8223d,Evidence,H线HAZOP及SIL定级分析 HAZOP记录表.xls N002!21,H线HAZOP及SIL定级分析 HAZOP记录表.xls N002!21,"2.10.1 杂质 | 乌洛托品可燃物含量过高 | 空气输送乌洛托品固体物料过程中可能形成爆炸性气氛，潜在爆炸风险，人员伤亡 | 1.乌洛托品合格证；
2.乌洛托品入厂复检；
3.设备管道静电接地及跨接","{""excel_row"":21,""raw_row"":[""2.10.1"",""组分"",""杂质"",""2.10.1 杂质"",""乌洛托品可燃物含量过高"",""空气输送乌洛托品固体物料过程中可能形成爆炸性气氛，潜在爆炸风险，人员伤亡"",""D"",""4"",""M"",""1.乌洛托品合格证；\n2.乌洛托品入厂复检；\n3.设备管道静电接地及跨接"",""D"",""3"",""M"","""","""","""","""",""""],""sheet"":""N002""}",H线HAZOP及SIL定级分析 HAZOP记录表.xls,HAZOP_DA_H_R_V1,1.5-hazop,1.0000,accepted
EVHZ_48de0cf87c6b3eb8b035,Evidence,DA线HAZOP分析记录表.xls N003!6,DA线HAZOP分析记录表.xls N003!6,3.2.1 常压蒸馏塔进料流量过低或无流量 | HV-6245开度过小或关闭 | 延长蒸馏时间，严重时影响下一批次物料蒸馏处理,"{""excel_row"":6,""raw_row"":[""3.2.1"",""流量"",""流量过低或无流量"",""3.2.1 常压蒸馏塔进料流量过低或无流量"",""HV-6245开度过小或关闭"",""延长蒸馏时间，严重时影响下一批次物料蒸馏处理"",""B"",""7"",""M"","""",""B"",""7"",""M"","""","""","""",""""],""sheet"":""N003""}",DA线HAZOP分析记录表.xls,HAZOP_DA_H_R_V1,1.5-hazop,1.0000,accepted
EVHZ_4955c67c7b60ced75a7d,Evidence,H线HAZOP及SIL定级分析 HAZOP记录表.xls N004!6,H线HAZOP及SIL定级分析 HAZOP记录表.xls N004!6,4.2.1 粗品HMX加注总量低 | 人员投料量过少 | 影响产品质量,"{""excel_row"":6,""raw_row"":[""4.2.1"",""流量"",""流量过低或无流量"",""4.2.1 粗品HMX加注总量低"",""人员投料量过少"",""影响产品质量"","""","""","""","""","""","""","""","""","""","""","""",""""],""sheet"":""N004""}",H线HAZOP及SIL定级分析 HAZOP记录表.xls,HAZOP_DA_H_R_V1,1.5-hazop,1.0000,accepted
EVHZ_4978ed83f7bd7605ee54,Evidence,DA线HAZOP分析记录表.xls N001!42,DA线HAZOP分析记录表.xls N001!42,1.16.2 二甲基亚砜加料过程未启动夹套热水循环 | 人员误操作，未启动夹套热水循环 | 影响溶剂加热效果，延长反应时间，无安全影响,"{""excel_row"":42,""raw_row"":[""1.16.2"",""操作步骤"",""遗漏/缺失操作步骤"",""1.16.2 二甲基亚砜加料过程未启动夹套热水循环"",""人员误操作，未启动夹套热水循环"",""影响溶剂加热效果，延长反应时间，无安全影响"",""A"",""6"",""L"","""",""A"",""6"",""L"","""","""","""",""""],""sheet"":""N001""}",DA线HAZOP分析记录表.xls,HAZOP_DA_H_R_V1,1.5-hazop,1.0000,accepted
EVHZ_499f2f364e41e6edcdd6,Evidence,DA线HAZOP分析记录表.xls N002!5,DA线HAZOP分析记录表.xls N002!5,2.1.2 萃取过程加入二氯甲烷量过多 | 人员误操作，萃取过程加入二氯甲烷量过多 | 能耗增大，无安全影响 | 1.二氯甲烷高位槽上LI-6203,"{""excel_row"":5,""raw_row"":[""2.1.2"",""流量"",""流量过高"",""2.1.2 萃取过程加入二氯甲烷量过多"",""人员误操作，萃取过程加入二氯甲烷量过多"",""能耗增大，无安全影响"",""A"",""7"",""M"",""1.二氯甲烷高位槽上LI-6203"",""A"",""7"",""M"","""","""","""",""""],""sheet"":""N002""}",DA线HAZOP分析记录表.xls,HAZOP_DA_H_R_V1,1.5-hazop,1.0000,accepted
EVHZ_49cfddff5fc4bc707a93,Evidence,DA线HAZOP分析记录表.xls N002!9,DA线HAZOP分析记录表.xls N002!9,2.2.1 萃取过程加入水量过少 | 人员误操作，萃取过程加入水量过少 | 影响萃取效果，副产物硝酸钠沉淀至二氯甲烷，进而影响下一批次萃取 | 1.FIQ-6203,"{""excel_row"":9,""raw_row"":[""2.2.1"",""流量"",""流量过低或无流量"",""2.2.1 萃取过程加入水量过少"",""人员误操作，萃取过程加入水量过少"",""影响萃取效果，副产物硝酸钠沉淀至二氯甲烷，进而影响下一批次萃取"",""A"",""7"",""M"",""1.FIQ-6203"",""A"",""7"",""M"","""","""","""",""""],""sheet"":""N002""}",DA线HAZOP分析记录表.xls,HAZOP_DA_H_R_V1,1.5-hazop,1.0000,accepted
EVHZ_4b2816e8d230d08d5040,Evidence,DA线HAZOP分析记录表.xls N003!5,DA线HAZOP分析记录表.xls N003!5,3.1.2 进喷射器水流量过高 | 本节点无特别关注项（受水泵额定流量限制）,"{""excel_row"":5,""raw_row"":[""3.1.2"",""流量"",""流量过高"",""3.1.2 进喷射器水流量过高"",""本节点无特别关注项（受水泵额定流量限制）"","""","""","""","""","""","""","""","""","""","""","""",""""],""sheet"":""N003""}",DA线HAZOP分析记录表.xls,HAZOP_DA_H_R_V1,1.5-hazop,1.0000,accepted
EVHZ_4bf2d330a1f55a6ab4d6,Evidence,R线 HAZOP分析记录表.xls N002!15,R线 HAZOP分析记录表.xls N002!15,2.10.1 杂质 | 酸水浓度低 | 结晶机硝酸浓度降低，副产物氧化不完全，结晶液不安定，后续工序安全操作受影响 | 机理有待研究，副产物起始氧化的温度与酸浓度需再研究,"{""excel_row"":15,""raw_row"":[""2.10.1"",""组分"",""杂质"",""2.10.1 杂质"",""酸水浓度低"",""结晶机硝酸浓度降低，副产物氧化不完全，结晶液不安定，后续工序安全操作受影响"","""","""","""","""","""","""","""","""","""","""",""机理有待研究，副产物起始氧化的温度与酸浓度需再研究""],""sheet"":""N002""}",R线 HAZOP分析记录表.xls,HAZOP_DA_H_R_V1,1.5-hazop,1.0000,accepted
EVHZ_4bfe8c91929ff1c45f1f,Evidence,DA线HAZOP分析记录表.xls N001!20,DA线HAZOP分析记录表.xls N001!20,"1.6.1 反应过程合成釜温度过高 | TIC-6222回路故障（TV开度过大） | 合成釜温度升高，温度过高时，吉纳分解，潜在爆炸，人员伤害风险 | 1.合成釜上设有TAH-6203；
2.合成釜上设有TAHH-6203联锁打开放料阀 | 合成釜温度高报警及高高联锁值、反应釜夹套循环热水温度高报警的设定值应综合考虑溶液中吉纳分解起始温度、工艺安全时间、夹套冷却水管径及合成釜放料管径等条件的影响。同时增设温度计，使报警与温度调节、联锁分别单独设置。 | 确认溶液中吉纳起始分解温度。","{""excel_row"":20,""raw_row"":[""1.6.1"",""温度"",""温度过高"",""1.6.1 反应过程合成釜温度过高"",""TIC-6222回路故障（TV开度过大）"",""合成釜温度升高，温度过高时，吉纳分解，潜在爆炸，人员伤害风险"",""D"",""7"",""S"",""1.合成釜上设有TAH-6203；\n2.合成釜上设有TAHH-6203联锁打开放料阀"",""D"",""6"",""H"",""合成釜温度高报警及高高联锁值、反应釜夹套循环热水温度高报警的设定值应综合考虑溶液中吉纳分解起始温度、工艺安全时间、夹套冷却水管径及合成釜放料管径等条件的影响。同时增设温度计，使报警与温度调节、联锁分别单独设置。"",""S"",""#1.8"",""确认溶液中吉纳起始分解温度。""],""sheet"":""N001""}",DA线HAZOP分析记录表.xls,HAZOP_DA_H_R_V1,1.5-hazop,1.0000,accepted
EVHZ_4c76487a141849d60fdf,Evidence,H线HAZOP及SIL定级分析 HAZOP记录表.xls N001!24,H线HAZOP及SIL定级分析 HAZOP记录表.xls N001!24,"1.7.1 硝酸铵输送空气出换热器温度过低 | 饱和蒸汽压力低或供应中断 | 输送空气出换热器温度降低，硝酸铵中水可能析出，引起硝酸铵结块堵塞设备管线，影响硝酸铵输送 | 1.罗茨鼓风机出口设有PI-2102；
2.换热器输送空气出口设有TIC-2102；
3.饱和蒸汽总管设有远传压力","{""excel_row"":24,""raw_row"":[""1.7.1"",""温度"",""温度过低"",""1.7.1 硝酸铵输送空气出换热器温度过低"",""饱和蒸汽压力低或供应中断"",""输送空气出换热器温度降低，硝酸铵中水可能析出，引起硝酸铵结块堵塞设备管线，影响硝酸铵输送"",""C"",""6"",""M"",""1.罗茨鼓风机出口设有PI-2102；\n2.换热器输送空气出口设有TIC-2102；\n3.饱和蒸汽总管设有远传压力"",""C"",""5"",""M"","""","""","""","""",""""],""sheet"":""N001""}",H线HAZOP及SIL定级分析 HAZOP记录表.xls,HAZOP_DA_H_R_V1,1.5-hazop,1.0000,accepted
EVHZ_4d2518d44ff8ed2cecc0,Evidence,H线HAZOP及SIL定级分析 HAZOP记录表.xls N003!28,H线HAZOP及SIL定级分析 HAZOP记录表.xls N003!28,3.7.1 1#硝化机温度过低 | 1#硝化机TIC-1707回路故障（循环水管线上TV-1707开度过大） | 1#硝化机温度降低，影响产品质量,"{""excel_row"":28,""raw_row"":[""3.7.1"",""温度"",""温度过低"",""3.7.1 1#硝化机温度过低"",""1#硝化机TIC-1707回路故障（循环水管线上TV-1707开度过大）"",""1#硝化机温度降低，影响产品质量"","""","""","""","""","""","""","""","""","""","""","""",""""],""sheet"":""N003""}",H线HAZOP及SIL定级分析 HAZOP记录表.xls,HAZOP_DA_H_R_V1,1.5-hazop,1.0000,accepted
EVHZ_4d36aa9c81ce69e94e97,Evidence,H线HAZOP及SIL定级分析 HAZOP记录表.xls N004!21,H线HAZOP及SIL定级分析 HAZOP记录表.xls N004!21,4.9.1 混合溶剂蒸馏机液位过低或无液位 | FIC回路故障（进料管线上FV开度过小或关闭） | 蒸馏机液位降低，液位过低时，蒸馏机底部物料可能蒸干，潜在爆炸风险,"{""excel_row"":21,""raw_row"":[""4.9.1"",""液位"",""液位过低或无液位"",""4.9.1 混合溶剂蒸馏机液位过低或无液位"",""FIC回路故障（进料管线上FV开度过小或关闭）"",""蒸馏机液位降低，液位过低时，蒸馏机底部物料可能蒸干，潜在爆炸风险"",""D"",""6"",""H"","""",""D"","""","""","""","""","""","""",""""],""sheet"":""N004""}",H线HAZOP及SIL定级分析 HAZOP记录表.xls,HAZOP_DA_H_R_V1,1.5-hazop,1.0000,accepted
EVHZ_4d66545f14d8dd19a676,Evidence,DA线HAZOP分析记录表.xls N002!18,DA线HAZOP分析记录表.xls N002!18,2.5.1 收集槽收料真空度过大 | 本节点无特别关注项（受水环真空泵抽真空能力限制）,"{""excel_row"":18,""raw_row"":[""2.5.1"",""压力"",""压力过低"",""2.5.1 收集槽收料真空度过大"",""本节点无特别关注项（受水环真空泵抽真空能力限制）"","""","""","""","""","""","""","""","""","""","""","""",""""],""sheet"":""N002""}",DA线HAZOP分析记录表.xls,HAZOP_DA_H_R_V1,1.5-hazop,1.0000,accepted
EVHZ_4e243955489a06b6e8aa,Evidence,R线 HAZOP分析记录表.xls N001!27,R线 HAZOP分析记录表.xls N001!27,"1.6.2 成熟机温度过高 | 冷冻盐水压力低或供应中断 | 成熟机反应温度升高，熟机反应速率增快，副反应增加，潜在爆炸风险，人员伤亡 | 1.成熟机设有TIC-7103；
2.成熟机设有TAH-7104；
3.成熟机温度高高TSHH-7104触发联锁，停螺旋加料机电机；
4.成熟机温度高高高TSHHH-7104触发联锁，打开成熟机放料阀HV-7102，打开安全槽压空管线快开阀HV-7105，打开压空喷射管线快开阀HV-7106；
5.视频监控CCTV；
6.人员现场巡检，应急处置
7.冷冻盐水管线总管设有PSL-7112触发联锁，停螺旋加料机电机 | 建议硝酸进料管线上增设独立切断阀，酸水管线上增设独立切断阀，1#成熟机TSHH-7104温度高高联锁进独立SIS系统，停螺旋加料机电机，关闭硝酸进料管线上新增切断阀，关闭酸水管线上切断阀；
TSHHH-7105温度高高高联锁进独立SIS系统，打开成熟机放料阀HV-7102，打开安全槽压空管线快开阀HV-7105，打开压空喷射管线快开阀HV-7106。","{""excel_row"":27,""raw_row"":[""1.6.2"",""温度"",""温度过高"",""1.6.2 成熟机温度过高"",""冷冻盐水压力低或供应中断"",""成熟机反应温度升高，熟机反应速率增快，副反应增加，潜在爆炸风险，人员伤亡"",""F"",""6"",""S"",""1.成熟机设有TIC-7103；\n2.成熟机设有TAH-7104；\n3.成熟机温度高高TSHH-7104触发联锁，停螺旋加料机电机；\n4.成熟机温度高高高TSHHH-7104触发联锁，打开成熟机放料阀HV-7102，打开安全槽压空管线快开阀HV-7105，打开压空喷射管线快开阀HV-7106；\n5.视频监控CCTV；\n6.人员现场巡检，应急处置\n7.冷冻盐水管线总管设有PSL-7112触发联锁，停螺旋加料机电机"",""F"",""4"",""H"",""建议硝酸进料管线上增设独立切断阀，酸水管线上增设独立切断阀，1#成熟机TSHH-7104温度高高联锁进独立SIS系统，停螺旋加料机电机，关闭硝酸进料管线上新增切断阀，关闭酸水管线上切断阀；\nTSHHH-7105温度高高高联锁进独立SIS系统，打开成熟机放料阀HV-7102，打开安全槽压空管线快开阀HV-7105，打开压空喷射管线快开阀HV-7106。"","""",""#1.4"",""""],""sheet"":""N001""}",R线 HAZOP分析记录表.xls,HAZOP_DA_H_R_V1,1.5-hazop,1.0000,accepted
EVHZ_4e6fbd8595b456cd8ed2,Evidence,H线HAZOP及SIL定级分析 HAZOP记录表.xls N001!13,H线HAZOP及SIL定级分析 HAZOP记录表.xls N001!13,"1.2.4 硝酸加注总量过低 | 硝酸加注量过低 | 铵硝液中硝酸铵浓度升高，硝化反应速率增加，温度快速上升，硝化机内物料可能分解，1#硝化机内可能发生燃爆，人员伤亡，环境污染 | 1.铵硝配机铵硝溶液配制完毕后取样分析；
2.铵硝液贮槽铵硝溶液配制完毕后取样分析","{""excel_row"":13,""raw_row"":[""1.2.4"",""流量"",""流量过低或无流量"",""1.2.4 硝酸加注总量过低"",""硝酸加注量过低"",""铵硝液中硝酸铵浓度升高，硝化反应速率增加，温度快速上升，硝化机内物料可能分解，1#硝化机内可能发生燃爆，人员伤亡，环境污染"",""E"",""5"",""H"",""1.铵硝配机铵硝溶液配制完毕后取样分析；\n2.铵硝液贮槽铵硝溶液配制完毕后取样分析"",""E"",""4"",""H"","""","""","""","""",""""],""sheet"":""N001""}",H线HAZOP及SIL定级分析 HAZOP记录表.xls,HAZOP_DA_H_R_V1,1.5-hazop,1.0000,accepted
EVHZ_4e8a1561fb549be5931d,Evidence,H线HAZOP及SIL定级分析 HAZOP记录表.xls N003!6,H线HAZOP及SIL定级分析 HAZOP记录表.xls N003!6,"3.1.3 1#硝化机醋酸酐溶液加注流量过高 | FIQC-1705回路故障（醋酸酐溶液进料管线上FV开度过大） | 1#硝化机酰化反应增加，温度升高，硝化反应速率增加，副产物增加，产品得率降低 | 1.1#硝化机设有TIC-1707带TAH | 后果描述不明确，有待验证醋酸酐酰化反应放热速率；
现场观察到温度升高","{""excel_row"":6,""raw_row"":[""3.1.3"",""流量"",""流量过高"",""3.1.3 1#硝化机醋酸酐溶液加注流量过高"",""FIQC-1705回路故障（醋酸酐溶液进料管线上FV开度过大）"",""1#硝化机酰化反应增加，温度升高，硝化反应速率增加，副产物增加，产品得率降低"",""C"",""6"",""M"",""1.1#硝化机设有TIC-1707带TAH"",""C"",""5"",""M"","""","""","""","""",""后果描述不明确，有待验证醋酸酐酰化反应放热速率；\n现场观察到温度升高""],""sheet"":""N003""}",H线HAZOP及SIL定级分析 HAZOP记录表.xls,HAZOP_DA_H_R_V1,1.5-hazop,1.0000,accepted
EVHZ_5060659371a26aca69ff,Evidence,DA线HAZOP分析记录表.xls N003!20,DA线HAZOP分析记录表.xls N003!20,3.7.2 毛细管蒸馏釜温度过低 | 参见“3.5.2 毛细管蒸馏釜压力过低”,"{""excel_row"":20,""raw_row"":[""3.7.2"",""温度"",""温度过低"",""3.7.2 毛细管蒸馏釜温度过低"",""参见“3.5.2 毛细管蒸馏釜压力过低”"","""","""","""","""","""","""","""","""","""","""","""",""""],""sheet"":""N003""}",DA线HAZOP分析记录表.xls,HAZOP_DA_H_R_V1,1.5-hazop,1.0000,accepted
EVHZ_51af314182e7bcf1e2c9,Evidence,R线 HAZOP分析记录表.xls N002!10,R线 HAZOP分析记录表.xls N002!10,"2.6.1 结晶机温度过高 | 结晶机搅拌器故障停 | 结晶机反应局部温度过高，存在爆炸风险，人员伤亡 | 1.双回路供电；
2.备用柴油发电机；
3.结晶机设有TIC-7105；
4.结晶机温度高高TSHH-7106触发联锁，停螺旋加料机电机；
5.结晶机温度高高高85℃时，人员中控室遥控打开硝化机放料阀HV-7101，打开安全槽压空管线快开阀HV-7105，打开压空喷射管线快开阀HV-7106；","{""excel_row"":10,""raw_row"":[""2.6.1"",""温度"",""温度过高"",""2.6.1 结晶机温度过高"",""结晶机搅拌器故障停"",""结晶机反应局部温度过高，存在爆炸风险，人员伤亡"",""F"",""6"",""S"",""1.双回路供电；\n2.备用柴油发电机；\n3.结晶机设有TIC-7105；\n4.结晶机温度高高TSHH-7106触发联锁，停螺旋加料机电机；\n5.结晶机温度高高高85℃时，人员中控室遥控打开硝化机放料阀HV-7101，打开安全槽压空管线快开阀HV-7105，打开压空喷射管线快开阀HV-7106；"",""F"",""3"",""H"","""","""","""",""""],""sheet"":""N002""}",R线 HAZOP分析记录表.xls,HAZOP_DA_H_R_V1,1.5-hazop,1.0000,accepted
EVHZ_53f6d2b8514aac49f857,Evidence,DA线HAZOP分析记录表.xls N003!13,DA线HAZOP分析记录表.xls N003!13,"3.5.1 常压蒸馏塔压力过低 | TIC-6226回路故障（TV-6226开度过小或关闭） | 常压蒸馏塔温度降低，压力降低，影响蒸馏效果，产品中二氯甲烷含量增加，下游毛细管蒸馏釜负荷增大，严重时产品不合格 | 1.常压蒸馏塔上TI-6213；
2.PI-6204","{""excel_row"":13,""raw_row"":[""3.5.1"",""压力"",""压力过低"",""3.5.1 常压蒸馏塔压力过低"",""TIC-6226回路故障（TV-6226开度过小或关闭）"",""常压蒸馏塔温度降低，压力降低，影响蒸馏效果，产品中二氯甲烷含量增加，下游毛细管蒸馏釜负荷增大，严重时产品不合格"",""B"",""7"",""M"",""1.常压蒸馏塔上TI-6213；\n2.PI-6204"",""B"",""7"",""M"","""","""","""",""""],""sheet"":""N003""}",DA线HAZOP分析记录表.xls,HAZOP_DA_H_R_V1,1.5-hazop,1.0000,accepted
EVHZ_53fc409dc48929303611,Evidence,DA线HAZOP分析记录表.xls N004!7,DA线HAZOP分析记录表.xls N004!7,4.2.1 废水预处理池中亚硝酸钠加入量过少 | 人员误操作，废水预处理池中亚硝酸钠加入量过少 | 废水中N3-处理不完全，增大下游废水处理站负荷 | 1.废水预处理每批次取样检测分析，N3-合格后方可送入下游,"{""excel_row"":7,""raw_row"":[""4.2.1"",""流量"",""流量过低或无流量"",""4.2.1 废水预处理池中亚硝酸钠加入量过少"",""人员误操作，废水预处理池中亚硝酸钠加入量过少"",""废水中N3-处理不完全，增大下游废水处理站负荷"",""B"",""7"",""M"",""1.废水预处理每批次取样检测分析，N3-合格后方可送入下游"",""B"",""7"",""M"","""","""","""",""""],""sheet"":""N004""}",DA线HAZOP分析记录表.xls,HAZOP_DA_H_R_V1,1.5-hazop,1.0000,accepted
EVHZ_5429ea316de8e7b89852,Evidence,DA线HAZOP分析记录表.xls N003!29,DA线HAZOP分析记录表.xls N003!29,3.15.1 排净 | 本节点无特别关注项 | 1.相关排净设施已设置,"{""excel_row"":29,""raw_row"":[""3.15.1"",""运行"",""排净"",""3.15.1 排净"",""本节点无特别关注项"","""",""A"",""6"",""L"",""1.相关排净设施已设置"",""A"",""6"",""L"","""","""","""",""""],""sheet"":""N003""}",DA线HAZOP分析记录表.xls,HAZOP_DA_H_R_V1,1.5-hazop,1.0000,accepted
EVHZ_550161695f4e0ad4cad4,Evidence,DA线HAZOP分析记录表.xls N001!23,DA线HAZOP分析记录表.xls N001!23,"1.7.1 反应过程合成釜温度过低 | 饱和蒸汽中断 | 合成釜温度降低，温度过低时，吉纳结晶析出，搅拌转速过快时，潜在爆炸，人员伤害风险 | 1.合成釜上TI-6203；
2.循环热水管线上TI-6222；
3.饱和蒸汽管线上PAL-6213，FI-6205","{""excel_row"":23,""raw_row"":[""1.7.1"",""温度"",""温度过低"",""1.7.1 反应过程合成釜温度过低"",""饱和蒸汽中断"",""合成釜温度降低，温度过低时，吉纳结晶析出，搅拌转速过快时，潜在爆炸，人员伤害风险"",""D"",""7"",""S"",""1.合成釜上TI-6203；\n2.循环热水管线上TI-6222；\n3.饱和蒸汽管线上PAL-6213，FI-6205"",""D"",""6"",""H"","""","""","""",""""],""sheet"":""N001""}",DA线HAZOP分析记录表.xls,HAZOP_DA_H_R_V1,1.5-hazop,1.0000,accepted
EVHZ_55b30a4adfc46a821ceb,Evidence,DA线HAZOP分析记录表.xls N001!6,DA线HAZOP分析记录表.xls N001!6,1.1.3 合成釜中叠氮化钠加入量过多 | 人员误操作，称重错误，叠氮化钠加入量过多 | 原料浪费，反应不完全，无安全影响 | 1.叠氮化钠称量过程中，两人操作，一人称量，一人复核 | 确认叠氮化钠溶解不完全情况下，搅拌撞击是否会导致产气分解及相应影响。,"{""excel_row"":6,""raw_row"":[""1.1.3"",""流量"",""流量过高"",""1.1.3 合成釜中叠氮化钠加入量过多"",""人员误操作，称重错误，叠氮化钠加入量过多"",""原料浪费，反应不完全，无安全影响"",""A"",""7"",""M"",""1.叠氮化钠称量过程中，两人操作，一人称量，一人复核"",""A"",""6"",""L"",""确认叠氮化钠溶解不完全情况下，搅拌撞击是否会导致产气分解及相应影响。"",""S"",""#1.2"",""""],""sheet"":""N001""}",DA线HAZOP分析记录表.xls,HAZOP_DA_H_R_V1,1.5-hazop,1.0000,accepted
EVHZ_57272eb70297703cbe71,Evidence,H线HAZOP及SIL定级分析 HAZOP记录表.xls N001!19,H线HAZOP及SIL定级分析 HAZOP记录表.xls N001!19,1.5.3 铵硝液贮槽压力过低,"{""excel_row"":19,""raw_row"":[""1.5.3"",""压力"",""压力过低"",""1.5.3 铵硝液贮槽压力过低"","""","""","""","""","""","""","""","""","""","""","""","""","""",""""],""sheet"":""N001""}",H线HAZOP及SIL定级分析 HAZOP记录表.xls,HAZOP_DA_H_R_V1,1.5-hazop,1.0000,accepted
EVHZ_5778335f9a0c01350a68,Evidence,R线 HAZOP分析记录表.xls N001!17,R线 HAZOP分析记录表.xls N001!17,"1.4.2 成熟机压力过高 | 成熟机硝烟管线上负压调节插板开度过小或关闭 | 成熟机压力升高，可能正压，氧化氮气体窜至外部环境，人员可能中毒窒息伤亡 | 1.视频监控CCTV；
2.人员现场巡检，应急处置;
3.调节成熟机负压调节插板开度时，双人操作 | 建议RDX硝化工房设置有毒气体浓度探测仪。","{""excel_row"":17,""raw_row"":[""1.4.2"",""压力"",""压力过高"",""1.4.2 成熟机压力过高"",""成熟机硝烟管线上负压调节插板开度过小或关闭"",""成熟机压力升高，可能正压，氧化氮气体窜至外部环境，人员可能中毒窒息伤亡"",""F"",""6"",""S"",""1.视频监控CCTV；\n2.人员现场巡检，应急处置;\n3.调节成熟机负压调节插板开度时，双人操作"",""F"",""5"",""S"",""建议RDX硝化工房设置有毒气体浓度探测仪。"","""",""#1.3"",""""],""sheet"":""N001""}",R线 HAZOP分析记录表.xls,HAZOP_DA_H_R_V1,1.5-hazop,1.0000,accepted
EVHZ_57cae8cf0cb54bb75b1d,Evidence,H线HAZOP及SIL定级分析 HAZOP记录表.xls N002!5,H线HAZOP及SIL定级分析 HAZOP记录表.xls N002!5,"2.1.2 乌洛托品固体自乌洛托品下料器至乌醋配机流量过高 | 关风器给料速度控制回路故障（给料速度过快） | 星型下料器料位升高，料位过高时，可能满溢至布袋除尘器，堵塞设备管线，星型下料器电机可能过载损坏 | 1.操作规程：人工调节转速，堵塞严重时，拆解星型下料器并进行疏通；
2.星型下料器电机设有过载停机保护","{""excel_row"":5,""raw_row"":[""2.1.2"",""流量"",""流量过高"",""2.1.2 乌洛托品固体自乌洛托品下料器至乌醋配机流量过高"",""关风器给料速度控制回路故障（给料速度过快）"",""星型下料器料位升高，料位过高时，可能满溢至布袋除尘器，堵塞设备管线，星型下料器电机可能过载损坏"",""A"",""6"",""L"",""1.操作规程：人工调节转速，堵塞严重时，拆解星型下料器并进行疏通；\n2.星型下料器电机设有过载停机保护"",""A"",""5"",""L"","""","""","""","""",""""],""sheet"":""N002""}",H线HAZOP及SIL定级分析 HAZOP记录表.xls,HAZOP_DA_H_R_V1,1.5-hazop,1.0000,accepted
EVHZ_5a19c55333936f51952b,Evidence,DA线HAZOP分析记录表.xls N003!23,DA线HAZOP分析记录表.xls N003!23,3.10.1 产品中二氯甲烷含量 | 参见“3.5.1 常压蒸馏塔压力过低”,"{""excel_row"":23,""raw_row"":[""3.10.1"",""组分"",""杂质"",""3.10.1 产品中二氯甲烷含量"",""参见“3.5.1 常压蒸馏塔压力过低”"","""","""","""","""","""","""","""","""","""","""","""",""""],""sheet"":""N003""}",DA线HAZOP分析记录表.xls,HAZOP_DA_H_R_V1,1.5-hazop,1.0000,accepted
EVHZ_5aed29ebd581dcacefad,Evidence,R线 HAZOP分析记录表.xls N001!4,R线 HAZOP分析记录表.xls N001!4,"1.1.1 乌洛托品加注至硝化机流量过高 | 乌洛托品/硝酸比例调节控制FIC-7102回路故障（螺旋加料机电机转速过快） | 乌洛托品/硝酸比例升高，硝化机反应速率增快，副反应增加，硝化机反应温度升高，潜在爆炸风险，人员伤亡 | 1.硝化机设有TIC-7101；
2.硝化机设有TAH-7102；
3.硝化机温度高高TSHH-7102触发联锁，停螺旋加料机电机；
4.硝化机温度高高高TSHHH-7102触发联锁，打开硝化机放料阀HV-7101，打开安全槽压空管线快开阀HV-7105，打开压空喷射管线快开阀HV-7106；
5.视频监控CCTV；
6.人员现场巡检，应急处置 | 建议硝酸进料管线上增设独立切断阀，酸水管线上增设独立切断阀，1#硝化机TSHH-7102温度高高联锁进独立SIS系统，停螺旋加料机电机，关闭硝酸进料管线上新增切断阀，关闭酸水管线上切断阀；
TSHHH-7102温度高高高联锁进独立SIS系统，打开硝化机放料阀HV-7101，打开安全槽压空管线快开阀HV-7105，打开压空喷射管线快开阀HV-7106。 | 机理有待研究","{""excel_row"":4,""raw_row"":[""1.1.1"",""流量"",""流量过高"",""1.1.1 乌洛托品加注至硝化机流量过高"",""乌洛托品/硝酸比例调节控制FIC-7102回路故障（螺旋加料机电机转速过快）"",""乌洛托品/硝酸比例升高，硝化机反应速率增快，副反应增加，硝化机反应温度升高，潜在爆炸风险，人员伤亡"",""F"",""6"",""S"",""1.硝化机设有TIC-7101；\n2.硝化机设有TAH-7102；\n3.硝化机温度高高TSHH-7102触发联锁，停螺旋加料机电机；\n4.硝化机温度高高高TSHHH-7102触发联锁，打开硝化机放料阀HV-7101，打开安全槽压空管线快开阀HV-7105，打开压空喷射管线快开阀HV-7106；\n5.视频监控CCTV；\n6.人员现场巡检，应急处置"",""F"",""4"",""H"",""建议硝酸进料管线上增设独立切断阀，酸水管线上增设独立切断阀，1#硝化机TSHH-7102温度高高联锁进独立SIS系统，停螺旋加料机电机，关闭硝酸进料管线上新增切断阀，关闭酸水管线上切断阀；\nTSHHH-7102温度高高高联锁进独立SIS系统，打开硝化机放料阀HV-7101，打开安全槽压空管线快开阀HV-7105，打开压空喷射管线快开阀HV-7106。"",""S"",""#1.1"",""机理有待研究""],""sheet"":""N001""}",R线 HAZOP分析记录表.xls,HAZOP_DA_H_R_V1,1.5-hazop,1.0000,accepted
EVHZ_60e9d28095ac5f7a1476,Evidence,H线HAZOP及SIL定级分析 HAZOP记录表.xls N001!6,H线HAZOP及SIL定级分析 HAZOP记录表.xls N001!6,"1.1.2 硝酸铵固体自硝酸铵下料器至铵硝配机流量过高 | 星型下料器转速调节回路故障（转速过快） | 螺旋推进器可能产生堆料，螺旋推进器电机可能过载损坏；
硝酸铵粉尘浓度增加，可能形成粉尘爆炸性环境 | 1.星型下料器最大转速无影响；
2.螺旋推进器电机设有过载停机保护","{""excel_row"":6,""raw_row"":[""1.1.2"",""流量"",""流量过高"",""1.1.2 硝酸铵固体自硝酸铵下料器至铵硝配机流量过高"",""星型下料器转速调节回路故障（转速过快）"",""螺旋推进器可能产生堆料，螺旋推进器电机可能过载损坏；\n硝酸铵粉尘浓度增加，可能形成粉尘爆炸性环境"",""D"",""6"",""H"",""1.星型下料器最大转速无影响；\n2.螺旋推进器电机设有过载停机保护"",""D"",""3"",""M"","""","""","""","""",""""],""sheet"":""N001""}",H线HAZOP及SIL定级分析 HAZOP记录表.xls,HAZOP_DA_H_R_V1,1.5-hazop,1.0000,accepted
EVHZ_610666bd2481e60d5a10,Evidence,DA线HAZOP分析记录表.xls N001!45,DA线HAZOP分析记录表.xls N001!45,1.18.1 叠氮化钠加料前吉纳未充分溶解 | 人员误操作，叠氮化钠加料前吉纳未充分溶解 | 合成釜内固含量过多，可能由于摩擦撞击导致爆炸事故，人员伤害风险 | 操作规程中明确吉纳加入半小时及温度升至50°C为加入叠氮化钠的限制条件。 | 固体吉纳在溶液中的感度待研究。,"{""excel_row"":45,""raw_row"":[""1.18.1"",""操作步骤"",""步骤执行不足"",""1.18.1 叠氮化钠加料前吉纳未充分溶解"",""人员误操作，叠氮化钠加料前吉纳未充分溶解"",""合成釜内固含量过多，可能由于摩擦撞击导致爆炸事故，人员伤害风险"",""D"",""6"",""H"","""",""D"",""6"",""H"",""操作规程中明确吉纳加入半小时及温度升至50°C为加入叠氮化钠的限制条件。"",""O"",""#1.19"",""固体吉纳在溶液中的感度待研究。""],""sheet"":""N001""}",DA线HAZOP分析记录表.xls,HAZOP_DA_H_R_V1,1.5-hazop,1.0000,accepted
EVHZ_61b1a6bb8cbb6c43a880,Evidence,H线HAZOP及SIL定级分析 HAZOP记录表.xls N001!20,H线HAZOP及SIL定级分析 HAZOP记录表.xls N001!20,1.6.1 硝酸铵输送空气出换热器温度过高 | TIC-2102回路故障（饱和蒸汽管线TV开度过大） | 输送空气出换热器温度升高，硝酸铵可能结块堵塞设备管线，影响硝酸铵输送 | 1.罗茨鼓风机出口设有PI-2102,"{""excel_row"":20,""raw_row"":[""1.6.1"",""温度"",""温度过高"",""1.6.1 硝酸铵输送空气出换热器温度过高"",""TIC-2102回路故障（饱和蒸汽管线TV开度过大）"",""输送空气出换热器温度升高，硝酸铵可能结块堵塞设备管线，影响硝酸铵输送"",""C"",""6"",""M"",""1.罗茨鼓风机出口设有PI-2102"",""C"",""6"",""M"","""","""","""","""",""""],""sheet"":""N001""}",H线HAZOP及SIL定级分析 HAZOP记录表.xls,HAZOP_DA_H_R_V1,1.5-hazop,1.0000,accepted
EVHZ_6274298615e9d8fbff19,Evidence,H线HAZOP及SIL定级分析 HAZOP记录表.xls N002!25,H线HAZOP及SIL定级分析 HAZOP记录表.xls N002!25,2.17.1 乌醋溶液配制过程步骤执行不足，未启动搅拌器或搅拌器故障停 | 未启动搅拌器或搅拌器故障停 | 乌洛托品、醋酸全部加注至乌醋配机，启动搅拌器时，溶液配制放热量增加，溶解界面温升速率过快，可能达到乌洛托品分解温度，潜在爆炸风险 | 1.乌醋配机设有TIC带TAH | 机理有待研究,"{""excel_row"":25,""raw_row"":[""2.17.1"",""操作步骤"",""步骤执行不足"",""2.17.1 乌醋溶液配制过程步骤执行不足，未启动搅拌器或搅拌器故障停"",""未启动搅拌器或搅拌器故障停"",""乌洛托品、醋酸全部加注至乌醋配机，启动搅拌器时，溶液配制放热量增加，溶解界面温升速率过快，可能达到乌洛托品分解温度，潜在爆炸风险"",""D"",""5"",""H"",""1.乌醋配机设有TIC带TAH"",""D"",""4"",""M"","""","""","""","""",""机理有待研究""],""sheet"":""N002""}",H线HAZOP及SIL定级分析 HAZOP记录表.xls,HAZOP_DA_H_R_V1,1.5-hazop,1.0000,accepted
EVHZ_6503da443eb6bb76e956,Evidence,R线 HAZOP分析记录表.xls N001!34,R线 HAZOP分析记录表.xls N001!34,1.16.1 开停工 | 开工阶段，乌洛托品先于硝酸加入硝化机 | 硝化机内发生燃烧爆炸，人员伤亡 | 1.操作规程 | 建议开工阶段，硝化机间断配料工序进行程控化改造，以避免人为误操作带来的严重后果。,"{""excel_row"":34,""raw_row"":[""1.16.1"",""其他"",""其他"",""1.16.1 开停工"",""开工阶段，乌洛托品先于硝酸加入硝化机"",""硝化机内发生燃烧爆炸，人员伤亡"",""E"",""5"",""H"",""1.操作规程"",""E"",""5"",""H"",""建议开工阶段，硝化机间断配料工序进行程控化改造，以避免人为误操作带来的严重后果。"",""S"",""#1.6"",""""],""sheet"":""N001""}",R线 HAZOP分析记录表.xls,HAZOP_DA_H_R_V1,1.5-hazop,1.0000,accepted
EVHZ_65577dccfaae91562dd3,Evidence,R线 HAZOP分析记录表.xls N001!9,R线 HAZOP分析记录表.xls N001!9,1.2.1 乌洛托品加注至硝化机流量过低或无流量 | 乌洛托品螺旋加料机电机故障停 | 乌洛托品/硝酸比例降低，副反应增加，硝化机反应温度降低，无明显安全影响,"{""excel_row"":9,""raw_row"":[""1.2.1"",""流量"",""流量过低或无流量"",""1.2.1 乌洛托品加注至硝化机流量过低或无流量"",""乌洛托品螺旋加料机电机故障停"",""乌洛托品/硝酸比例降低，副反应增加，硝化机反应温度降低，无明显安全影响"","""","""","""","""","""","""","""","""","""","""",""""],""sheet"":""N001""}",R线 HAZOP分析记录表.xls,HAZOP_DA_H_R_V1,1.5-hazop,1.0000,accepted
EVHZ_657fe47528168f6a66c1,Evidence,H线HAZOP及SIL定级分析 HAZOP记录表.xls N001!5,H线HAZOP及SIL定级分析 HAZOP记录表.xls N001!5,"1.1.2 硝酸铵固体自硝酸铵下料器至铵硝配机流量过高 | 关风器给料速度控制回路故障（给料速度过快） | 星型下料器料位升高，料位过高时，可能满溢至布袋除尘器，堵塞设备管线，星型下料器电机可能过载损坏 | 1.操作规程：人工调节转速，堵塞严重时，拆解星型下料器并进行疏通；
2.星型下料器电机设有过载停机保护 | 该场景识别有争议，是否两路下料器均可调节","{""excel_row"":5,""raw_row"":[""1.1.2"",""流量"",""流量过高"",""1.1.2 硝酸铵固体自硝酸铵下料器至铵硝配机流量过高"",""关风器给料速度控制回路故障（给料速度过快）"",""星型下料器料位升高，料位过高时，可能满溢至布袋除尘器，堵塞设备管线，星型下料器电机可能过载损坏"",""A"",""6"",""L"",""1.操作规程：人工调节转速，堵塞严重时，拆解星型下料器并进行疏通；\n2.星型下料器电机设有过载停机保护"",""A"",""5"",""L"","""","""","""","""",""该场景识别有争议，是否两路下料器均可调节""],""sheet"":""N001""}",H线HAZOP及SIL定级分析 HAZOP记录表.xls,HAZOP_DA_H_R_V1,1.5-hazop,1.0000,accepted
EVHZ_65fdf150b15687d06400,Evidence,DA线HAZOP分析记录表.xls N002!23,DA线HAZOP分析记录表.xls N002!23,2.9.1 萃取放料后萃取洗涤釜界位过低 | 参见“2.1.3 萃取后有机相放料过度”,"{""excel_row"":23,""raw_row"":[""2.9.1"",""液位"",""液位过低或无液位"",""2.9.1 萃取放料后萃取洗涤釜界位过低"",""参见“2.1.3 萃取后有机相放料过度”"","""","""","""","""","""","""","""","""","""","""","""",""""],""sheet"":""N002""}",DA线HAZOP分析记录表.xls,HAZOP_DA_H_R_V1,1.5-hazop,1.0000,accepted
EVHZ_6609f62484cb1f0a6cf4,Evidence,H线HAZOP及SIL定级分析 HAZOP记录表.xls N005!9,H线HAZOP及SIL定级分析 HAZOP记录表.xls N005!9,"5.6.1 分离塔温度过高 | 分离釜上TIC-1817回路故障（蒸汽管线上TV开度过大） | 分离釜温度升高，压力升高，液位降低，液位过低时，分离釜底部物料可能蒸干，潜在爆炸风险；
分离釜压力过高时，可能超压损坏，物料泄漏至外部环境，潜在爆炸风险 | 1.分离釜设有LAL-1818；
2.分离塔设有多点温度及压力监控 | 建议分离釜增设温度高高联锁切断蒸汽及废酸进料；
建议分离釜增设分离釜液位高高/低低切断蒸汽及废酸进料；
核实分离塔是否需设置超压泄放设施。","{""excel_row"":9,""raw_row"":[""5.6.1"",""温度"",""温度过高"",""5.6.1 分离塔温度过高"",""分离釜上TIC-1817回路故障（蒸汽管线上TV开度过大）"",""分离釜温度升高，压力升高，液位降低，液位过低时，分离釜底部物料可能蒸干，潜在爆炸风险；\n分离釜压力过高时，可能超压损坏，物料泄漏至外部环境，潜在爆炸风险"",""D"",""6"",""H"",""1.分离釜设有LAL-1818；\n2.分离塔设有多点温度及压力监控"",""D"",""5"",""H"",""建议分离釜增设温度高高联锁切断蒸汽及废酸进料；\n建议分离釜增设分离釜液位高高/低低切断蒸汽及废酸进料；\n核实分离塔是否需设置超压泄放设施。"",""S"",""#5.1"","""",""""],""sheet"":""N005""}",H线HAZOP及SIL定级分析 HAZOP记录表.xls,HAZOP_DA_H_R_V1,1.5-hazop,1.0000,accepted
EVHZ_66d707d12c970554e239,Evidence,DA线HAZOP分析记录表.xls N003!11,DA线HAZOP分析记录表.xls N003!11,"3.4.2 毛细管蒸馏釜压力过高 | TIC-6226回路故障（TV-6226开度过大），循环热水温度过高 | 毛细管蒸馏釜温度升高，压力升高，严重时可能超压泄漏 | 1.毛细管蒸馏釜上PAH-6203；
2.TAH-6212","{""excel_row"":11,""raw_row"":[""3.4.2"",""压力"",""压力过高"",""3.4.2 毛细管蒸馏釜压力过高"",""TIC-6226回路故障（TV-6226开度过大），循环热水温度过高"",""毛细管蒸馏釜温度升高，压力升高，严重时可能超压泄漏"",""D"",""7"",""S"",""1.毛细管蒸馏釜上PAH-6203；\n2.TAH-6212"",""D"",""6"",""H"","""","""","""",""""],""sheet"":""N003""}",DA线HAZOP分析记录表.xls,HAZOP_DA_H_R_V1,1.5-hazop,1.0000,accepted
EVHZ_67fd4f43734eb47368f0,Evidence,H线HAZOP及SIL定级分析 HAZOP记录表.xls N003!16,H线HAZOP及SIL定级分析 HAZOP记录表.xls N003!16,3.3.1 逆流或错误流向 | 1#硝化机蛇管泄露 | 循环水窜至1#硝化机内，局部放热量增加，DPT发生水解，副反应增加，产品得率下降 | 1.1#硝化机定期取样分析,"{""excel_row"":16,""raw_row"":[""3.3.1"",""流量"",""逆流"",""3.3.1 逆流或错误流向"",""1#硝化机蛇管泄露"",""循环水窜至1#硝化机内，局部放热量增加，DPT发生水解，副反应增加，产品得率下降"",""C"",""5"",""M"",""1.1#硝化机定期取样分析"",""C"",""5"",""M"","""","""","""","""",""""],""sheet"":""N003""}",H线HAZOP及SIL定级分析 HAZOP记录表.xls,HAZOP_DA_H_R_V1,1.5-hazop,1.0000,accepted
EVHZ_68c70ba2fcd913fe22fd,Evidence,H线HAZOP及SIL定级分析 HAZOP记录表.xls N004!27,H线HAZOP及SIL定级分析 HAZOP记录表.xls N004!27,4.15.1 公用工程故障,"{""excel_row"":27,""raw_row"":[""4.15.1"",""公用工程"",""公用工程故障"",""4.15.1 公用工程故障"","""","""","""","""","""","""","""","""","""","""","""","""","""",""""],""sheet"":""N004""}",H线HAZOP及SIL定级分析 HAZOP记录表.xls,HAZOP_DA_H_R_V1,1.5-hazop,1.0000,accepted
EVHZ_69f259818aed5924e899,Evidence,H线HAZOP及SIL定级分析 HAZOP记录表.xls N002!15,H线HAZOP及SIL定级分析 HAZOP记录表.xls N002!15,2.3.1 逆流或错误流向 | 乌醋液贮槽蛇管泄露 | 1.乌醋液贮槽设有TIC-带TAH,"{""excel_row"":15,""raw_row"":[""2.3.1"",""流量"",""逆流"",""2.3.1 逆流或错误流向"",""乌醋液贮槽蛇管泄露"","""","""","""","""",""1.乌醋液贮槽设有TIC-带TAH"","""","""","""","""","""","""","""",""""],""sheet"":""N002""}",H线HAZOP及SIL定级分析 HAZOP记录表.xls,HAZOP_DA_H_R_V1,1.5-hazop,1.0000,accepted
EVHZ_6aa4df209b1e69b880b8,Evidence,DA线HAZOP分析记录表.xls N003!25,DA线HAZOP分析记录表.xls N003!25,3.11.1 腐蚀/冲蚀 | 酸腐蚀（二氯甲烷与水产生HCL） | 设备管线腐蚀减薄，潜在泄漏风险 | 1.设备选材已考虑防酸腐蚀因素（304）,"{""excel_row"":25,""raw_row"":[""3.11.1"",""腐蚀/冲蚀"",""腐蚀/冲蚀"",""3.11.1 腐蚀/冲蚀"",""酸腐蚀（二氯甲烷与水产生HCL）"",""设备管线腐蚀减薄，潜在泄漏风险"",""B"",""6"",""M"",""1.设备选材已考虑防酸腐蚀因素（304）"",""B"",""5"",""L"","""","""","""",""""],""sheet"":""N003""}",DA线HAZOP分析记录表.xls,HAZOP_DA_H_R_V1,1.5-hazop,1.0000,accepted
EVHZ_6b4e010f6ccd3569235c,Evidence,R线 HAZOP分析记录表.xls N001!12,R线 HAZOP分析记录表.xls N001!12,"1.4.1 硝化机压力过高 | 负压总管蝶阀HV-7107故障关 | 硝化机压力升高，可能正压，氧化氮气体窜至外部环境，人员可能中毒窒息伤亡 | 1.负压系统压力高PSH-7103触发联锁，停螺旋加料机电机，打开排空硝烟总管蝶阀HV-7108，打开蒸汽喷射球阀HV-7109，关闭负压总管蝶阀HV-7107；
2.视频监控CCTV；
3.人员现场巡检，应急处置 | 建议RDX硝化工房设置有毒气体浓度探测仪。","{""excel_row"":12,""raw_row"":[""1.4.1"",""压力"",""压力过高"",""1.4.1 硝化机压力过高"",""负压总管蝶阀HV-7107故障关"",""硝化机压力升高，可能正压，氧化氮气体窜至外部环境，人员可能中毒窒息伤亡"",""F"",""5"",""S"",""1.负压系统压力高PSH-7103触发联锁，停螺旋加料机电机，打开排空硝烟总管蝶阀HV-7108，打开蒸汽喷射球阀HV-7109，关闭负压总管蝶阀HV-7107；\n2.视频监控CCTV；\n3.人员现场巡检，应急处置"",""F"",""4"",""H"",""建议RDX硝化工房设置有毒气体浓度探测仪。"",""S"",""#1.3"",""""],""sheet"":""N001""}",R线 HAZOP分析记录表.xls,HAZOP_DA_H_R_V1,1.5-hazop,1.0000,accepted
EVHZ_6c10d7c6600d0953a269,Evidence,DA线HAZOP分析记录表.xls N002!15,DA线HAZOP分析记录表.xls N002!15,2.3.2 二氯甲烷与冷冻水间错误流向 | 冷凝器换热管内漏 | 冷冻水泄漏至脱色釜中，影响脱色效果,"{""excel_row"":15,""raw_row"":[""2.3.2"",""流量"",""逆流"",""2.3.2 二氯甲烷与冷冻水间错误流向"",""冷凝器换热管内漏"",""冷冻水泄漏至脱色釜中，影响脱色效果"",""B"",""7"",""M"","""",""B"",""7"",""M"","""","""","""",""""],""sheet"":""N002""}",DA线HAZOP分析记录表.xls,HAZOP_DA_H_R_V1,1.5-hazop,1.0000,accepted
EVHZ_6c42bdb158c09ed16f49,Evidence,H线HAZOP及SIL定级分析 HAZOP记录表.xls N005!17,H线HAZOP及SIL定级分析 HAZOP记录表.xls N005!17,5.10.1 杂质,"{""excel_row"":17,""raw_row"":[""5.10.1"",""组分"",""杂质"",""5.10.1 杂质"","""","""","""","""","""","""","""","""","""","""","""","""","""",""""],""sheet"":""N005""}",H线HAZOP及SIL定级分析 HAZOP记录表.xls,HAZOP_DA_H_R_V1,1.5-hazop,1.0000,accepted
EVHZ_6dc610843d5e9796b348,Evidence,DA线HAZOP分析记录表.xls N004!4,DA线HAZOP分析记录表.xls N004!4,4.1.1 废水预处理池中亚硝酸钠加入量过多 | 人员误操作，废水预处理池中亚硝酸钠加入量过多 | 溶液消耗量增大，无安全及操作影响（正常亚硝酸钠为过量加入）,"{""excel_row"":4,""raw_row"":[""4.1.1"",""流量"",""流量过高"",""4.1.1 废水预处理池中亚硝酸钠加入量过多"",""人员误操作，废水预处理池中亚硝酸钠加入量过多"",""溶液消耗量增大，无安全及操作影响（正常亚硝酸钠为过量加入）"",""A"",""7"",""M"","""",""A"",""7"",""M"","""","""","""",""""],""sheet"":""N004""}",DA线HAZOP分析记录表.xls,HAZOP_DA_H_R_V1,1.5-hazop,1.0000,accepted
EVHZ_6e850afc304157bc5d93,Evidence,H线HAZOP及SIL定级分析 HAZOP记录表.xls N001!8,H线HAZOP及SIL定级分析 HAZOP记录表.xls N001!8,1.1.4 硝酸加注总量过高 | 硝酸加注量过搞 | 铵硝液中硝酸铵浓度降低，影响产品质量，无明显安全影响,"{""excel_row"":8,""raw_row"":[""1.1.4"",""流量"",""流量过高"",""1.1.4 硝酸加注总量过高"",""硝酸加注量过搞"",""铵硝液中硝酸铵浓度降低，影响产品质量，无明显安全影响"","""","""","""","""","""","""","""","""","""","""","""",""""],""sheet"":""N001""}",H线HAZOP及SIL定级分析 HAZOP记录表.xls,HAZOP_DA_H_R_V1,1.5-hazop,1.0000,accepted
EVHZ_6e9e58c0c645abe72471,Evidence,DA线HAZOP分析记录表.xls N001!49,DA线HAZOP分析记录表.xls N001!49,1.19.1 公用工程故障 | 蒸汽故障 | 参见“1.7.1 反应过程合成釜温度过低”,"{""excel_row"":49,""raw_row"":[""1.19.1"",""公用工程"",""公用工程故障"",""1.19.1 公用工程故障"",""蒸汽故障"",""参见“1.7.1 反应过程合成釜温度过低”"","""","""","""","""","""","""","""","""","""","""",""""],""sheet"":""N001""}",DA线HAZOP分析记录表.xls,HAZOP_DA_H_R_V1,1.5-hazop,1.0000,accepted
EVHZ_700eba1abd355c3d7704,Evidence,H线HAZOP及SIL定级分析 HAZOP记录表.xls N003!27,H线HAZOP及SIL定级分析 HAZOP记录表.xls N003!27,"3.6.3 5#硝化机温度过高 | 5#硝化机TIC-1711回路故障（蒸汽管线上TV开度过大） | 5#硝化机温度升高，可能沸腾冒料，环境污染，人员受伤 | 1.人员现场巡检，应急处置；
2.视频监控CCTV；
3.硝化工房二层设置有毒气体浓度探测仪","{""excel_row"":27,""raw_row"":[""3.6.3"",""温度"",""温度过高"",""3.6.3 5#硝化机温度过高"",""5#硝化机TIC-1711回路故障（蒸汽管线上TV开度过大）"",""5#硝化机温度升高，可能沸腾冒料，环境污染，人员受伤"",""C"",""6"",""M"",""1.人员现场巡检，应急处置；\n2.视频监控CCTV；\n3.硝化工房二层设置有毒气体浓度探测仪"",""C"",""4"",""L"","""","""","""","""",""""],""sheet"":""N003""}",H线HAZOP及SIL定级分析 HAZOP记录表.xls,HAZOP_DA_H_R_V1,1.5-hazop,1.0000,accepted
EVHZ_7175baa1bb475bf80bba,Evidence,R线 HAZOP分析记录表.xls N001!22,R线 HAZOP分析记录表.xls N001!22,1.6.1 硝化机温度过高 | 参见“1.1.1 乌洛托品加注至硝化机流量过高”,"{""excel_row"":22,""raw_row"":[""1.6.1"",""温度"",""温度过高"",""1.6.1 硝化机温度过高"",""参见“1.1.1 乌洛托品加注至硝化机流量过高”"","""","""","""","""","""","""","""","""","""","""","""",""""],""sheet"":""N001""}",R线 HAZOP分析记录表.xls,HAZOP_DA_H_R_V1,1.5-hazop,1.0000,accepted
EVHZ_71c9eaa59ced570e3f69,Evidence,DA线HAZOP分析记录表.xls N001!7,DA线HAZOP分析记录表.xls N001!7,1.1.4 合成釜中叠氮化钠加入流速过快 | 本节点无特别关注项（受叠氮化钠加料料斗溜槽宽度及振动幅度限制） | 叠氮化钠加料流速过快的影响待研究。,"{""excel_row"":7,""raw_row"":[""1.1.4"",""流量"",""流量过高"",""1.1.4 合成釜中叠氮化钠加入流速过快"",""本节点无特别关注项（受叠氮化钠加料料斗溜槽宽度及振动幅度限制）"","""","""","""","""","""","""","""","""","""","""","""",""叠氮化钠加料流速过快的影响待研究。""],""sheet"":""N001""}",DA线HAZOP分析记录表.xls,HAZOP_DA_H_R_V1,1.5-hazop,1.0000,accepted
EVHZ_731f73e3ebaa5f48d5c0,Evidence,DA线HAZOP分析记录表.xls N002!31,DA线HAZOP分析记录表.xls N002!31,2.14.1 排净 | 本节点无特别关注项 | 1.相关排净设施已设置,"{""excel_row"":31,""raw_row"":[""2.14.1"",""运行"",""排净"",""2.14.1 排净"",""本节点无特别关注项"","""",""A"",""6"",""L"",""1.相关排净设施已设置"",""A"",""6"",""L"","""","""","""",""""],""sheet"":""N002""}",DA线HAZOP分析记录表.xls,HAZOP_DA_H_R_V1,1.5-hazop,1.0000,accepted
EVHZ_75e4c665676a1dd335dc,Evidence,H线HAZOP及SIL定级分析 HAZOP记录表.xls N004!4,H线HAZOP及SIL定级分析 HAZOP记录表.xls N004!4,4.1.1 粗品HMX加注总量过高 | 人员投料量过高 | 影响产品质量,"{""excel_row"":4,""raw_row"":[""4.1.1"",""流量"",""流量过高"",""4.1.1 粗品HMX加注总量过高"",""人员投料量过高"",""影响产品质量"","""","""","""","""","""","""","""","""","""","""","""",""""],""sheet"":""N004""}",H线HAZOP及SIL定级分析 HAZOP记录表.xls,HAZOP_DA_H_R_V1,1.5-hazop,1.0000,accepted
EVHZ_77600513504682855df1,Evidence,DA线HAZOP分析记录表.xls N002!13,DA线HAZOP分析记录表.xls N002!13,2.2.5 脱色釜中活性炭加入量过少 | 人员误操作，脱色釜中活性炭加入量过少 | 影响脱色效果，影响产品质量,"{""excel_row"":13,""raw_row"":[""2.2.5"",""流量"",""流量过低或无流量"",""2.2.5 脱色釜中活性炭加入量过少"",""人员误操作，脱色釜中活性炭加入量过少"",""影响脱色效果，影响产品质量"",""B"",""7"",""M"","""",""B"",""7"",""M"","""","""","""",""""],""sheet"":""N002""}",DA线HAZOP分析记录表.xls,HAZOP_DA_H_R_V1,1.5-hazop,1.0000,accepted
EVHZ_777340a96f2f51861153,Evidence,H线HAZOP及SIL定级分析 HAZOP记录表.xls N005!14,H线HAZOP及SIL定级分析 HAZOP记录表.xls N005!14,"5.8.1 分离釜液位过高 | 废酸进料管线上FIC-1808回路故障（废酸进料管线上FV开度过大） | 分离塔进料温度降低，分离釜温度降低，液位升高，分离釜分离效果变差；
分离釜换热管束区域局部温度升高，潜在爆炸风险 | 1.分离釜设有LAH-1818；
2.分离塔设有多点温度及压力监控 | 建议分离釜增设温度高高联锁切断蒸汽及废酸进料；
建议分离釜增设分离釜液位高高/低低切断蒸汽及废酸进料；
核实分离塔是否需设置超压泄放设施。","{""excel_row"":14,""raw_row"":[""5.8.1"",""液位"",""液位过高"",""5.8.1 分离釜液位过高"",""废酸进料管线上FIC-1808回路故障（废酸进料管线上FV开度过大）"",""分离塔进料温度降低，分离釜温度降低，液位升高，分离釜分离效果变差；\n分离釜换热管束区域局部温度升高，潜在爆炸风险"",""D"",""6"",""H"",""1.分离釜设有LAH-1818；\n2.分离塔设有多点温度及压力监控"",""D"",""5"",""H"",""建议分离釜增设温度高高联锁切断蒸汽及废酸进料；\n建议分离釜增设分离釜液位高高/低低切断蒸汽及废酸进料；\n核实分离塔是否需设置超压泄放设施。"","""",""#5.1"","""",""""],""sheet"":""N005""}",H线HAZOP及SIL定级分析 HAZOP记录表.xls,HAZOP_DA_H_R_V1,1.5-hazop,1.0000,accepted
EVHZ_779c750b731b13569e8e,Evidence,R线 HAZOP分析记录表.xls N002!8,R线 HAZOP分析记录表.xls N002!8,2.6.1 结晶机温度过高 | TIC-7105回路故障（循环水管线TV开度过小或关闭） | 结晶机温度过高时，RDX可能分解爆炸 | RDX在不同浓度下，爆炸时温度机理研究,"{""excel_row"":8,""raw_row"":[""2.6.1"",""温度"",""温度过高"",""2.6.1 结晶机温度过高"",""TIC-7105回路故障（循环水管线TV开度过小或关闭）"",""结晶机温度过高时，RDX可能分解爆炸"","""","""","""","""","""","""","""","""","""","""",""RDX在不同浓度下，爆炸时温度机理研究""],""sheet"":""N002""}",R线 HAZOP分析记录表.xls,HAZOP_DA_H_R_V1,1.5-hazop,1.0000,accepted
EVHZ_782fef22f2a59d504e15,Evidence,DA线HAZOP分析记录表.xls N004!9,DA线HAZOP分析记录表.xls N004!9,4.2.3 废水预处理池中碳酸钠加入量过少 | 人员误操作，废水预处理池中碳酸钠加入量过少 | 废水PH值降低，直接排入下游废水处理站，可能导致下游菌种杀死 | 1.废水预处理每批次取样检测分析,"{""excel_row"":9,""raw_row"":[""4.2.3"",""流量"",""流量过低或无流量"",""4.2.3 废水预处理池中碳酸钠加入量过少"",""人员误操作，废水预处理池中碳酸钠加入量过少"",""废水PH值降低，直接排入下游废水处理站，可能导致下游菌种杀死"",""B"",""7"",""M"",""1.废水预处理每批次取样检测分析"",""B"",""7"",""M"","""","""","""",""""],""sheet"":""N004""}",DA线HAZOP分析记录表.xls,HAZOP_DA_H_R_V1,1.5-hazop,1.0000,accepted
EVHZ_78de01648a5248b12b85,Evidence,R线 HAZOP分析记录表.xls N002!13,R线 HAZOP分析记录表.xls N002!13,"2.10.1 杂质 | 酸水浓度高 | 结晶机内硝酸浓度升高，RDX结晶粒度增大，废酸中RDX含量增加，后续工序安全操作受影响 | 1.结晶机内物料定期取样分析;
2.酸水浓度取样分析","{""excel_row"":13,""raw_row"":[""2.10.1"",""组分"",""杂质"",""2.10.1 杂质"",""酸水浓度高"",""结晶机内硝酸浓度升高，RDX结晶粒度增大，废酸中RDX含量增加，后续工序安全操作受影响"",""E"",""6"",""S"",""1.结晶机内物料定期取样分析;\n2.酸水浓度取样分析"",""E"",""6"",""S"","""","""","""",""""],""sheet"":""N002""}",R线 HAZOP分析记录表.xls,HAZOP_DA_H_R_V1,1.5-hazop,1.0000,accepted
EVHZ_7a0b75dbbf07dd61f3f5,Evidence,H线HAZOP及SIL定级分析 HAZOP记录表.xls N005!8,H线HAZOP及SIL定级分析 HAZOP记录表.xls N005!8,"5.5.1 分离釜压力过低 | 分离釜上TIC-1817回路故障（蒸汽管线上TV开度过小或关闭） | 分离釜温度降低，压力降低，液位升高，分离釜分离效果变差；
分离釜换热管束区域局部温度升高，潜在爆炸风险 | 1.分离釜设有LAH-1818；
2.分离塔设有多点温度及压力监控 | 建议分离釜增设温度高高联锁切断蒸汽及废酸进料；
建议分离釜增设分离釜液位高高/低低切断蒸汽及废酸进料；
核实分离塔是否需设置超压泄放设施。","{""excel_row"":8,""raw_row"":[""5.5.1"",""压力"",""压力过低"",""5.5.1 分离釜压力过低"",""分离釜上TIC-1817回路故障（蒸汽管线上TV开度过小或关闭）"",""分离釜温度降低，压力降低，液位升高，分离釜分离效果变差；\n分离釜换热管束区域局部温度升高，潜在爆炸风险"",""D"",""6"",""H"",""1.分离釜设有LAH-1818；\n2.分离塔设有多点温度及压力监控"",""D"",""5"",""H"",""建议分离釜增设温度高高联锁切断蒸汽及废酸进料；\n建议分离釜增设分离釜液位高高/低低切断蒸汽及废酸进料；\n核实分离塔是否需设置超压泄放设施。"","""",""#5.1"","""",""""],""sheet"":""N005""}",H线HAZOP及SIL定级分析 HAZOP记录表.xls,HAZOP_DA_H_R_V1,1.5-hazop,1.0000,accepted
EVHZ_7c226407c7ebc56cd582,Evidence,H线HAZOP及SIL定级分析 HAZOP记录表.xls N005!20,H线HAZOP及SIL定级分析 HAZOP记录表.xls N005!20,5.13.1 吹扫/放空,"{""excel_row"":20,""raw_row"":[""5.13.1"",""运行"",""吹扫/放空"",""5.13.1 吹扫/放空"","""","""","""","""","""","""","""","""","""","""","""","""","""",""""],""sheet"":""N005""}",H线HAZOP及SIL定级分析 HAZOP记录表.xls,HAZOP_DA_H_R_V1,1.5-hazop,1.0000,accepted
EVHZ_7c357dacc5f4992f1f87,Evidence,R线 HAZOP分析记录表.xls N001!35,R线 HAZOP分析记录表.xls N001!35,"1.16.1 开停工 | 开工阶段，未启动搅拌器 | 硝化机反应局部温度过高，存在火灾爆炸风险，人员伤亡 | 1.操作规程；
2.硝化机搅拌器运行信号允许启动螺旋加料机电机 | 建议开工阶段，硝化机间断配料工序进行程控化改造，以避免人为误操作带来的严重后果。","{""excel_row"":35,""raw_row"":[""1.16.1"",""其他"",""其他"",""1.16.1 开停工"",""开工阶段，未启动搅拌器"",""硝化机反应局部温度过高，存在火灾爆炸风险，人员伤亡"",""E"",""5"",""H"",""1.操作规程；\n2.硝化机搅拌器运行信号允许启动螺旋加料机电机"",""E"",""4"",""H"",""建议开工阶段，硝化机间断配料工序进行程控化改造，以避免人为误操作带来的严重后果。"","""",""#1.6"",""""],""sheet"":""N001""}",R线 HAZOP分析记录表.xls,HAZOP_DA_H_R_V1,1.5-hazop,1.0000,accepted
EVHZ_7c7ab80ef0f23837f3bd,Evidence,DA线HAZOP分析记录表.xls N001!32,DA线HAZOP分析记录表.xls N001!32,1.10.3 叠氮化钠中杂质 | 叠氮化钠分包转运过程中混入机械杂质 | 金属等机械杂质在叠氮化钠中的影响待研究。,"{""excel_row"":32,""raw_row"":[""1.10.3"",""组分"",""杂质"",""1.10.3 叠氮化钠中杂质"",""叠氮化钠分包转运过程中混入机械杂质"","""","""","""","""","""","""","""","""","""","""","""",""金属等机械杂质在叠氮化钠中的影响待研究。""],""sheet"":""N001""}",DA线HAZOP分析记录表.xls,HAZOP_DA_H_R_V1,1.5-hazop,1.0000,accepted
EVHZ_7cf9236caf599d174644,Evidence,H线HAZOP及SIL定级分析 HAZOP记录表.xls N002!9,H线HAZOP及SIL定级分析 HAZOP记录表.xls N002!9,2.2.1 乌洛托品固体风送至乌洛托品下料器流量过低或无流量 | 罗茨鼓风机故障停 | 乌洛托品配料操作周期延长，无明显安全性影响,"{""excel_row"":9,""raw_row"":[""2.2.1"",""流量"",""流量过低或无流量"",""2.2.1 乌洛托品固体风送至乌洛托品下料器流量过低或无流量"",""罗茨鼓风机故障停"",""乌洛托品配料操作周期延长，无明显安全性影响"","""","""","""","""","""","""","""","""","""","""","""",""""],""sheet"":""N002""}",H线HAZOP及SIL定级分析 HAZOP记录表.xls,HAZOP_DA_H_R_V1,1.5-hazop,1.0000,accepted
EVHZ_7d047614a1d5dd12efdd,Evidence,DA线HAZOP分析记录表.xls N003!17,DA线HAZOP分析记录表.xls N003!17,3.6.1 常压蒸馏塔温度过高 | 参见“3.4.1 常压蒸馏塔压力过高”,"{""excel_row"":17,""raw_row"":[""3.6.1"",""温度"",""温度过高"",""3.6.1 常压蒸馏塔温度过高"",""参见“3.4.1 常压蒸馏塔压力过高”"","""","""","""","""","""","""","""","""","""","""","""",""""],""sheet"":""N003""}",DA线HAZOP分析记录表.xls,HAZOP_DA_H_R_V1,1.5-hazop,1.0000,accepted
EVHZ_7d4b7ca65f1a81b2b4ea,Evidence,R线 HAZOP分析记录表.xls N003!4,R线 HAZOP分析记录表.xls N003!4,3.4.1 热压煮洗机压力过高 | 热压煮洗机蒸汽管线上手阀全开后未及时关闭 | 热压煮洗机温度过高，RDX可能分解爆炸 | 建议蒸汽进界区设置压力调节回路，控制蒸汽压力及温度；并设置温度高高（低于RDX分解温度150℃，如温度高高联锁设定值设置135℃）联锁切断蒸汽进料。 | RDX在不同浓度下，爆炸时温度机理研究,"{""excel_row"":4,""raw_row"":[""3.4.1"",""压力"",""压力过高"",""3.4.1 热压煮洗机压力过高"",""热压煮洗机蒸汽管线上手阀全开后未及时关闭"",""热压煮洗机温度过高，RDX可能分解爆炸"",""E"",""5"",""H"","""",""E"",""5"",""H"",""建议蒸汽进界区设置压力调节回路，控制蒸汽压力及温度；并设置温度高高（低于RDX分解温度150℃，如温度高高联锁设定值设置135℃）联锁切断蒸汽进料。"",""S"",""#3.1"",""RDX在不同浓度下，爆炸时温度机理研究""],""sheet"":""N003""}",R线 HAZOP分析记录表.xls,HAZOP_DA_H_R_V1,1.5-hazop,1.0000,accepted
EVHZ_7dc53b5b61f298ce17ce,Evidence,DA线HAZOP分析记录表.xls N001!41,DA线HAZOP分析记录表.xls N001!41,"1.16.1 二甲基亚砜加料过程未开启搅拌 | 人员误操作，未开启搅拌 | 升温过程，无安全影响；
加入固体物料后，未充分溶解情况下，再次开启搅拌，潜在爆炸，人员伤害风险 | 岗位操作规程中应明确加料过程搅拌器停机时或加料前未开启搅拌器时，固体物料加入合成釜内后，应确保充分溶解后启动搅拌器，以避免发生撞击，爆炸事故。","{""excel_row"":41,""raw_row"":[""1.16.1"",""操作步骤"",""遗漏/缺失操作步骤"",""1.16.1 二甲基亚砜加料过程未开启搅拌"",""人员误操作，未开启搅拌"",""升温过程，无安全影响；\n加入固体物料后，未充分溶解情况下，再次开启搅拌，潜在爆炸，人员伤害风险"",""D"",""5"",""H"","""",""D"",""5"",""H"",""岗位操作规程中应明确加料过程搅拌器停机时或加料前未开启搅拌器时，固体物料加入合成釜内后，应确保充分溶解后启动搅拌器，以避免发生撞击，爆炸事故。"",""S"",""#1.17"",""""],""sheet"":""N001""}",DA线HAZOP分析记录表.xls,HAZOP_DA_H_R_V1,1.5-hazop,1.0000,accepted
EVHZ_7ef7c4ac02325bb03132,Evidence,H线HAZOP及SIL定级分析 HAZOP记录表.xls N005!13,H线HAZOP及SIL定级分析 HAZOP记录表.xls N005!13,"5.8.1 分离釜液位过高 | 分离釜上TIC-1817回路故障（蒸汽管线上TV开度过小或关闭） | 分离釜温度降低，压力降低，液位升高，分离釜分离效果变差；
分离釜换热管束区域局部温度升高，潜在爆炸风险 | 1.分离釜设有LAH-1818；
2.分离塔设有多点温度及压力监控 | 建议分离釜增设温度高高联锁切断蒸汽及废酸进料；
建议分离釜增设分离釜液位高高/低低切断蒸汽及废酸进料；
核实分离塔是否需设置超压泄放设施。","{""excel_row"":13,""raw_row"":[""5.8.1"",""液位"",""液位过高"",""5.8.1 分离釜液位过高"",""分离釜上TIC-1817回路故障（蒸汽管线上TV开度过小或关闭）"",""分离釜温度降低，压力降低，液位升高，分离釜分离效果变差；\n分离釜换热管束区域局部温度升高，潜在爆炸风险"",""D"",""6"",""H"",""1.分离釜设有LAH-1818；\n2.分离塔设有多点温度及压力监控"",""D"",""5"",""H"",""建议分离釜增设温度高高联锁切断蒸汽及废酸进料；\n建议分离釜增设分离釜液位高高/低低切断蒸汽及废酸进料；\n核实分离塔是否需设置超压泄放设施。"","""",""#5.1"","""",""""],""sheet"":""N005""}",H线HAZOP及SIL定级分析 HAZOP记录表.xls,HAZOP_DA_H_R_V1,1.5-hazop,1.0000,accepted
EVHZ_7f2c832df6c39749c3ae,Evidence,R线 HAZOP分析记录表.xls N002!5,R线 HAZOP分析记录表.xls N002!5,2.2.1 酸水加注至结晶机流量过低或无流量 | FIC-7103回路故障（酸水管线上FV阀开度过小或关闭） | 结晶机温度升高，硝酸浓度升高，RDX结晶粒度增大，产品得率降低 | 破坏性试验机理有待研究,"{""excel_row"":5,""raw_row"":[""2.2.1"",""流量"",""流量过低或无流量"",""2.2.1 酸水加注至结晶机流量过低或无流量"",""FIC-7103回路故障（酸水管线上FV阀开度过小或关闭）"",""结晶机温度升高，硝酸浓度升高，RDX结晶粒度增大，产品得率降低"","""","""","""","""","""","""","""","""","""","""",""破坏性试验机理有待研究""],""sheet"":""N002""}",R线 HAZOP分析记录表.xls,HAZOP_DA_H_R_V1,1.5-hazop,1.0000,accepted
EVHZ_7f3879cf419c209e21c4,Evidence,H线HAZOP及SIL定级分析 HAZOP记录表.xls N001!30,H线HAZOP及SIL定级分析 HAZOP记录表.xls N001!30,1.11.1 腐蚀/冲蚀 | 醋酸/硝酸高温酸腐蚀 | 设备管线高温酸腐蚀加剧 | 1.废酸处理设备管线材质为SS316L,"{""excel_row"":30,""raw_row"":[""1.11.1"",""腐蚀/冲蚀"",""腐蚀/冲蚀"",""1.11.1 腐蚀/冲蚀"",""醋酸/硝酸高温酸腐蚀"",""设备管线高温酸腐蚀加剧"",""C"",""5"",""M"",""1.废酸处理设备管线材质为SS316L"",""C"",""4"",""L"","""","""","""","""",""""],""sheet"":""N001""}",H线HAZOP及SIL定级分析 HAZOP记录表.xls,HAZOP_DA_H_R_V1,1.5-hazop,1.0000,accepted
EVHZ_80358b1f95acbf0f0d06,Evidence,DA线HAZOP分析记录表.xls N001!21,DA线HAZOP分析记录表.xls N001!21,1.6.1 反应过程合成釜温度过高 | TIC-6222回路故障（TV开度过大） | 合成釜温度升高，温度过高时，吉纳分解，潜在爆炸，人员伤害风险 | 考虑合成釜优化温度控制方案（根据“三传一反”条件设置温度串级调节）。,"{""excel_row"":21,""raw_row"":[""1.6.1"",""温度"",""温度过高"",""1.6.1 反应过程合成釜温度过高"",""TIC-6222回路故障（TV开度过大）"",""合成釜温度升高，温度过高时，吉纳分解，潜在爆炸，人员伤害风险"",""D"",""7"",""S"","""",""D"",""6"",""H"",""考虑合成釜优化温度控制方案（根据“三传一反”条件设置温度串级调节）。"",""O"",""#1.9"",""""],""sheet"":""N001""}",DA线HAZOP分析记录表.xls,HAZOP_DA_H_R_V1,1.5-hazop,1.0000,accepted
EVHZ_8037b0860a7c47551bc4,Evidence,H线HAZOP及SIL定级分析 HAZOP记录表.xls N001!33,H线HAZOP及SIL定级分析 HAZOP记录表.xls N001!33,"1.17.2 铵硝溶液配制过程步骤执行不足，未投用循环水或循环水压力低供应中断 | 未投用循环水或循环水压力低供应中断 | 铵硝配机内溶液热量积聚，温度升高，可能依次达到硝酸、硝酸铵分解温度，潜在爆炸风险 | 1.循环水总管压力低时，人员现场切换至备用生消水系统；
2.循坏水总管设有PSLL触发联锁，停进料 | 机理有待研究","{""excel_row"":33,""raw_row"":[""1.17.2"",""操作步骤"",""步骤执行不足"",""1.17.2 铵硝溶液配制过程步骤执行不足，未投用循环水或循环水压力低供应中断"",""未投用循环水或循环水压力低供应中断"",""铵硝配机内溶液热量积聚，温度升高，可能依次达到硝酸、硝酸铵分解温度，潜在爆炸风险"",""D"",""5"",""H"",""1.循环水总管压力低时，人员现场切换至备用生消水系统；\n2.循坏水总管设有PSLL触发联锁，停进料"",""D"",""3"",""M"","""","""","""","""",""机理有待研究""],""sheet"":""N001""}",H线HAZOP及SIL定级分析 HAZOP记录表.xls,HAZOP_DA_H_R_V1,1.5-hazop,1.0000,accepted
EVHZ_80698088eaf4fe43813f,Evidence,H线HAZOP及SIL定级分析 HAZOP记录表.xls N005!10,H线HAZOP及SIL定级分析 HAZOP记录表.xls N005!10,"5.6.1 分离塔温度过高 | 废酸进料管线上FIC-1808回路故障（废酸进料管线上FV开度过小或关闭） | 分离塔进料温度升高，液位降低，液位过低时，分离釜底部物料可能蒸干，潜在爆炸风险 | 1.分离釜设有LAL-1818；
2.分离塔设有多点温度及压力监控 | 建议分离釜增设温度高高联锁切断蒸汽及废酸进料；
建议分离釜增设分离釜液位高高/低低切断蒸汽及废酸进料；
核实分离塔是否需设置超压泄放设施。","{""excel_row"":10,""raw_row"":[""5.6.1"",""温度"",""温度过高"",""5.6.1 分离塔温度过高"",""废酸进料管线上FIC-1808回路故障（废酸进料管线上FV开度过小或关闭）"",""分离塔进料温度升高，液位降低，液位过低时，分离釜底部物料可能蒸干，潜在爆炸风险"",""D"",""6"",""H"",""1.分离釜设有LAL-1818；\n2.分离塔设有多点温度及压力监控"",""D"",""5"",""H"",""建议分离釜增设温度高高联锁切断蒸汽及废酸进料；\n建议分离釜增设分离釜液位高高/低低切断蒸汽及废酸进料；\n核实分离塔是否需设置超压泄放设施。"","""",""#5.1"","""",""""],""sheet"":""N005""}",H线HAZOP及SIL定级分析 HAZOP记录表.xls,HAZOP_DA_H_R_V1,1.5-hazop,1.0000,accepted
EVHZ_8270d7311060cc4ef478,Evidence,H线HAZOP及SIL定级分析 HAZOP记录表.xls N005!15,H线HAZOP及SIL定级分析 HAZOP记录表.xls N005!15,"5.9.1 分离釜液位过低或无液位 | 分离釜上TIC-1817回路故障（蒸汽管线上TV开度过大） | 分离釜温度升高，压力升高，液位降低，液位过低时，分离釜底部物料可能蒸干，潜在爆炸风险；
分离釜压力过高时，可能超压损坏，物料泄漏至外部环境，潜在爆炸风险 | 1.分离釜设有LAL-1818；
2.分离塔设有多点温度及压力监控 | 建议分离釜增设温度高高联锁切断蒸汽及废酸进料；
建议分离釜增设分离釜液位高高/低低切断蒸汽及废酸进料；
核实分离塔是否需设置超压泄放设施。","{""excel_row"":15,""raw_row"":[""5.9.1"",""液位"",""液位过低或无液位"",""5.9.1 分离釜液位过低或无液位"",""分离釜上TIC-1817回路故障（蒸汽管线上TV开度过大）"",""分离釜温度升高，压力升高，液位降低，液位过低时，分离釜底部物料可能蒸干，潜在爆炸风险；\n分离釜压力过高时，可能超压损坏，物料泄漏至外部环境，潜在爆炸风险"",""D"",""6"",""H"",""1.分离釜设有LAL-1818；\n2.分离塔设有多点温度及压力监控"",""D"",""5"",""H"",""建议分离釜增设温度高高联锁切断蒸汽及废酸进料；\n建议分离釜增设分离釜液位高高/低低切断蒸汽及废酸进料；\n核实分离塔是否需设置超压泄放设施。"",""S"",""#5.1"","""",""""],""sheet"":""N005""}",H线HAZOP及SIL定级分析 HAZOP记录表.xls,HAZOP_DA_H_R_V1,1.5-hazop,1.0000,accepted
EVHZ_83ae9950b6386f0cdcc3,Evidence,DA线HAZOP分析记录表.xls N001!28,DA线HAZOP分析记录表.xls N001!28,1.9.2 合成釜加料后液位过低 | 参见“1.2.1 合成釜中二甲基亚砜加入量过少”,"{""excel_row"":28,""raw_row"":[""1.9.2"",""液位"",""液位过低或无液位"",""1.9.2 合成釜加料后液位过低"",""参见“1.2.1 合成釜中二甲基亚砜加入量过少”"","""","""","""","""","""","""","""","""","""","""","""",""""],""sheet"":""N001""}",DA线HAZOP分析记录表.xls,HAZOP_DA_H_R_V1,1.5-hazop,1.0000,accepted
EVHZ_842db3a7463d286cbb4a,Evidence,R线 HAZOP分析记录表.xls N001!15,R线 HAZOP分析记录表.xls N001!15,"1.4.2 成熟机压力过高 | 负压总管蝶阀HV-7107故障关 | 成熟机压力升高，可能正压，氧化氮气体窜至外部环境，人员可能中毒窒息伤亡 | 1.负压系统压力高PSH-7103触发联锁，停螺旋加料机电机，打开排空硝烟总管蝶阀HV-7108，打开蒸汽喷射球阀HV-7109，关闭负压总管蝶阀HV-7107；
2.视频监控CCTV；
3.人员现场巡检，应急处置 | 建议RDX硝化工房设置有毒气体浓度探测仪。","{""excel_row"":15,""raw_row"":[""1.4.2"",""压力"",""压力过高"",""1.4.2 成熟机压力过高"",""负压总管蝶阀HV-7107故障关"",""成熟机压力升高，可能正压，氧化氮气体窜至外部环境，人员可能中毒窒息伤亡"",""F"",""5"",""S"",""1.负压系统压力高PSH-7103触发联锁，停螺旋加料机电机，打开排空硝烟总管蝶阀HV-7108，打开蒸汽喷射球阀HV-7109，关闭负压总管蝶阀HV-7107；\n2.视频监控CCTV；\n3.人员现场巡检，应急处置"",""F"",""4"",""H"",""建议RDX硝化工房设置有毒气体浓度探测仪。"","""",""#1.3"",""""],""sheet"":""N001""}",R线 HAZOP分析记录表.xls,HAZOP_DA_H_R_V1,1.5-hazop,1.0000,accepted
EVHZ_8597a5c2b1485cabebd1,Evidence,H线HAZOP及SIL定级分析 HAZOP记录表.xls N002!27,H线HAZOP及SIL定级分析 HAZOP记录表.xls N002!27,"2.17.3 乌醋溶液配制过程步骤执行不足，未启动排烟机或排烟机故障停 | 未启动排烟机或排烟机故障停 | 乌醋配机压力升高，酸性气体窜至外部环境，人员可能中毒窒息伤亡 | 1.人员现场巡检，应急处置；
2.视频监控CCTV；
3.硝化工房二层设置有毒气体浓度探测仪 | 建议排烟机设置运行指示信号及故障报警。","{""excel_row"":27,""raw_row"":[""2.17.3"",""操作步骤"",""步骤执行不足"",""2.17.3 乌醋溶液配制过程步骤执行不足，未启动排烟机或排烟机故障停"",""未启动排烟机或排烟机故障停"",""乌醋配机压力升高，酸性气体窜至外部环境，人员可能中毒窒息伤亡"",""D"",""5"",""H"",""1.人员现场巡检，应急处置；\n2.视频监控CCTV；\n3.硝化工房二层设置有毒气体浓度探测仪"",""D"",""5"",""H"",""建议排烟机设置运行指示信号及故障报警。"","""",""#1.3"","""",""""],""sheet"":""N002""}",H线HAZOP及SIL定级分析 HAZOP记录表.xls,HAZOP_DA_H_R_V1,1.5-hazop,1.0000,accepted
EVHZ_85c563cea287ea7b2154,Evidence,H线HAZOP及SIL定级分析 HAZOP记录表.xls N004!29,H线HAZOP及SIL定级分析 HAZOP记录表.xls N004!29,4.20.1 步骤执行不足，粗品HMX转晶釜煮洗不彻底,"{""excel_row"":29,""raw_row"":[""4.20.1"",""操作步骤"",""步骤执行不足"",""4.20.1 步骤执行不足，粗品HMX转晶釜煮洗不彻底"","""","""","""","""","""","""","""","""","""","""","""","""","""",""""],""sheet"":""N004""}",H线HAZOP及SIL定级分析 HAZOP记录表.xls,HAZOP_DA_H_R_V1,1.5-hazop,1.0000,accepted
EVHZ_86232d19133c1a8f7d1b,Evidence,R线 HAZOP分析记录表.xls N002!7,R线 HAZOP分析记录表.xls N002!7,"2.6.1 结晶机温度过高 | TIC-7105回路故障（循环水管线TV开度过小或关闭） | 结晶机温度升高，副产物氧化速率过快，发生冒料，人员中毒灼伤 | 1.结晶机温度高高TSHH-7106触发联锁，停螺旋加料机电机；
2.结晶机温度高高高85℃时，人员中控室遥控打开硝化机放料阀HV-7101，打开安全槽压空管线快开阀HV-7105，打开压空喷射管线快开阀HV-7106","{""excel_row"":7,""raw_row"":[""2.6.1"",""温度"",""温度过高"",""2.6.1 结晶机温度过高"",""TIC-7105回路故障（循环水管线TV开度过小或关闭）"",""结晶机温度升高，副产物氧化速率过快，发生冒料，人员中毒灼伤"",""C"",""6"",""M"",""1.结晶机温度高高TSHH-7106触发联锁，停螺旋加料机电机；\n2.结晶机温度高高高85℃时，人员中控室遥控打开硝化机放料阀HV-7101，打开安全槽压空管线快开阀HV-7105，打开压空喷射管线快开阀HV-7106"",""C"",""5"",""M"","""","""","""",""""],""sheet"":""N002""}",R线 HAZOP分析记录表.xls,HAZOP_DA_H_R_V1,1.5-hazop,1.0000,accepted
EVHZ_871777ed3af3bb64545a,Evidence,H线HAZOP及SIL定级分析 HAZOP记录表.xls N001!9,H线HAZOP及SIL定级分析 HAZOP记录表.xls N001!9,1.2.1 硝酸铵固体风送至硝酸铵下料器流量过低或无流量 | 罗茨鼓风机故障停 | 硝酸铵配料操作周期延长，无明显安全性影响,"{""excel_row"":9,""raw_row"":[""1.2.1"",""流量"",""流量过低或无流量"",""1.2.1 硝酸铵固体风送至硝酸铵下料器流量过低或无流量"",""罗茨鼓风机故障停"",""硝酸铵配料操作周期延长，无明显安全性影响"","""","""","""","""","""","""","""","""","""","""","""",""""],""sheet"":""N001""}",H线HAZOP及SIL定级分析 HAZOP记录表.xls,HAZOP_DA_H_R_V1,1.5-hazop,1.0000,accepted
EVHZ_8a0e13f9a220fe33bb22,Evidence,DA线HAZOP分析记录表.xls N001!39,DA线HAZOP分析记录表.xls N001!39,"1.16.1 二甲基亚砜加料过程未开启搅拌 | 人员误操作，未开启搅拌 | 升温过程，无安全影响；
加入固体物料后，未充分溶解情况下，再次开启搅拌，潜在爆炸，人员伤害风险 | 1.开工前设备完好性检查 | 建议将搅拌器运行电流信号接至中控室。","{""excel_row"":39,""raw_row"":[""1.16.1"",""操作步骤"",""遗漏/缺失操作步骤"",""1.16.1 二甲基亚砜加料过程未开启搅拌"",""人员误操作，未开启搅拌"",""升温过程，无安全影响；\n加入固体物料后，未充分溶解情况下，再次开启搅拌，潜在爆炸，人员伤害风险"",""D"",""5"",""H"",""1.开工前设备完好性检查"",""D"",""5"",""H"",""建议将搅拌器运行电流信号接至中控室。"",""S"",""#1.15"",""""],""sheet"":""N001""}",DA线HAZOP分析记录表.xls,HAZOP_DA_H_R_V1,1.5-hazop,1.0000,accepted
EVHZ_8a8222f19618fc802ff6,Evidence,H线HAZOP及SIL定级分析 HAZOP记录表.xls N003!35,H线HAZOP及SIL定级分析 HAZOP记录表.xls N003!35,3.17.1 一段硝化反应阶段，未加注醋酸,"{""excel_row"":35,""raw_row"":[""3.17.1"",""操作步骤"",""步骤执行不足"",""3.17.1 一段硝化反应阶段，未加注醋酸"","""","""","""","""","""","""","""","""","""","""","""","""","""",""""],""sheet"":""N003""}",H线HAZOP及SIL定级分析 HAZOP记录表.xls,HAZOP_DA_H_R_V1,1.5-hazop,1.0000,accepted
EVHZ_8b5f4c74a84d45d4a23b,Evidence,H线HAZOP及SIL定级分析 HAZOP记录表.xls N005!18,H线HAZOP及SIL定级分析 HAZOP记录表.xls N005!18,5.11.1 腐蚀/冲蚀,"{""excel_row"":18,""raw_row"":[""5.11.1"",""腐蚀/冲蚀"",""腐蚀/冲蚀"",""5.11.1 腐蚀/冲蚀"","""","""","""","""","""","""","""","""","""","""","""","""","""",""""],""sheet"":""N005""}",H线HAZOP及SIL定级分析 HAZOP记录表.xls,HAZOP_DA_H_R_V1,1.5-hazop,1.0000,accepted
EVHZ_8e998c73b61f84ef5fcf,Evidence,R线 HAZOP分析记录表.xls N001!23,R线 HAZOP分析记录表.xls N001!23,"1.6.1 硝化机温度过高 | TIC-7101回路故障（冷冻盐水管线上TV开度过小或关闭） | 硝化机反应温度升高，硝化机反应速率增快，副反应增加，潜在爆炸风险，人员伤亡 | 1.硝化机设有TAH-7102；
2.硝化机温度高高TSHH-7102触发联锁，停螺旋加料机电机；
3.硝化机温度高高高TSHHH-7102触发联锁，打开硝化机放料阀HV-7101，打开安全槽压空管线快开阀HV-7105，打开压空喷射管线快开阀HV-7106；
4.视频监控CCTV；
5.人员现场巡检，应急处置 | 建议硝酸进料管线上增设独立切断阀，酸水管线上增设独立切断阀，1#硝化机TSHH-7102温度高高联锁进独立SIS系统，停螺旋加料机电机，关闭硝酸进料管线上新增切断阀，关闭酸水管线上切断阀；
TSHHH-7102温度高高高联锁进独立SIS系统，打开硝化机放料阀HV-7101，打开安全槽压空管线快开阀HV-7105，打开压空喷射管线快开阀HV-7106。","{""excel_row"":23,""raw_row"":[""1.6.1"",""温度"",""温度过高"",""1.6.1 硝化机温度过高"",""TIC-7101回路故障（冷冻盐水管线上TV开度过小或关闭）"",""硝化机反应温度升高，硝化机反应速率增快，副反应增加，潜在爆炸风险，人员伤亡"",""F"",""6"",""S"",""1.硝化机设有TAH-7102；\n2.硝化机温度高高TSHH-7102触发联锁，停螺旋加料机电机；\n3.硝化机温度高高高TSHHH-7102触发联锁，打开硝化机放料阀HV-7101，打开安全槽压空管线快开阀HV-7105，打开压空喷射管线快开阀HV-7106；\n4.视频监控CCTV；\n5.人员现场巡检，应急处置"",""F"",""5"",""S"",""建议硝酸进料管线上增设独立切断阀，酸水管线上增设独立切断阀，1#硝化机TSHH-7102温度高高联锁进独立SIS系统，停螺旋加料机电机，关闭硝酸进料管线上新增切断阀，关闭酸水管线上切断阀；\nTSHHH-7102温度高高高联锁进独立SIS系统，打开硝化机放料阀HV-7101，打开安全槽压空管线快开阀HV-7105，打开压空喷射管线快开阀HV-7106。"","""",""#1.1"",""""],""sheet"":""N001""}",R线 HAZOP分析记录表.xls,HAZOP_DA_H_R_V1,1.5-hazop,1.0000,accepted
EVHZ_8ed88d217143861ad74a,Evidence,DA线HAZOP分析记录表.xls N003!14,DA线HAZOP分析记录表.xls N003!14,"3.5.1 常压蒸馏塔压力过低 | 热水循环泵故障 | 常压蒸馏塔温度降低，压力降低，影响蒸馏效果，产品中二氯甲烷含量增加，下游毛细管蒸馏釜负荷增大，严重时产品不合格 | 1.常压蒸馏塔上TI-6213；
2.PI-6204","{""excel_row"":14,""raw_row"":[""3.5.1"",""压力"",""压力过低"",""3.5.1 常压蒸馏塔压力过低"",""热水循环泵故障"",""常压蒸馏塔温度降低，压力降低，影响蒸馏效果，产品中二氯甲烷含量增加，下游毛细管蒸馏釜负荷增大，严重时产品不合格"",""B"",""7"",""M"",""1.常压蒸馏塔上TI-6213；\n2.PI-6204"",""B"",""7"",""M"","""","""","""",""""],""sheet"":""N003""}",DA线HAZOP分析记录表.xls,HAZOP_DA_H_R_V1,1.5-hazop,1.0000,accepted
EVHZ_90bf9281ab7c39e3d50e,Evidence,H线HAZOP及SIL定级分析 HAZOP记录表.xls N002!4,H线HAZOP及SIL定级分析 HAZOP记录表.xls N002!4,2.1.1 乌洛托品固体风送至乌洛托品下料器流量过高 | 罗茨鼓风机为定频风机,"{""excel_row"":4,""raw_row"":[""2.1.1"",""流量"",""流量过高"",""2.1.1 乌洛托品固体风送至乌洛托品下料器流量过高"",""罗茨鼓风机为定频风机"","""","""","""","""","""","""","""","""","""","""","""","""",""""],""sheet"":""N002""}",H线HAZOP及SIL定级分析 HAZOP记录表.xls,HAZOP_DA_H_R_V1,1.5-hazop,1.0000,accepted
EVHZ_90e09aa0d797c2c5a371,Evidence,R线 HAZOP分析记录表.xls N001!32,R线 HAZOP分析记录表.xls N001!32,"1.10.1 杂质 | 乌洛托品含水量过高 | 乌洛托品下料不均匀，可能在料仓架桥堵塞，无明显安全影响 | 1.硝化机设有TIC-7101；
2.视频监控CCTV；
3.人员现场巡检，应急处置；
4.料仓设有气锤","{""excel_row"":32,""raw_row"":[""1.10.1"",""组分"",""杂质"",""1.10.1 杂质"",""乌洛托品含水量过高"",""乌洛托品下料不均匀，可能在料仓架桥堵塞，无明显安全影响"","""","""","""",""1.硝化机设有TIC-7101；\n2.视频监控CCTV；\n3.人员现场巡检，应急处置；\n4.料仓设有气锤"","""","""","""","""","""","""",""""],""sheet"":""N001""}",R线 HAZOP分析记录表.xls,HAZOP_DA_H_R_V1,1.5-hazop,1.0000,accepted
EVHZ_919390b8022a50bc1e8e,Evidence,H线HAZOP及SIL定级分析 HAZOP记录表.xls N001!27,H线HAZOP及SIL定级分析 HAZOP记录表.xls N001!27,"1.10.1 杂质 | 硝酸中氮氧化物含量过高 | 硝化反应过程中，氮氧化物含量过高，减弱硝解反应，副反应产物增加，使产品得率降低 | 1.硝酸合格证；
2.硝酸入厂复检","{""excel_row"":27,""raw_row"":[""1.10.1"",""组分"",""杂质"",""1.10.1 杂质"",""硝酸中氮氧化物含量过高"",""硝化反应过程中，氮氧化物含量过高，减弱硝解反应，副反应产物增加，使产品得率降低"",""C"",""4"",""L"",""1.硝酸合格证；\n2.硝酸入厂复检"",""C"",""3"",""L"","""","""","""","""",""""],""sheet"":""N001""}",H线HAZOP及SIL定级分析 HAZOP记录表.xls,HAZOP_DA_H_R_V1,1.5-hazop,1.0000,accepted
EVHZ_920f249ee7ec041cb305,Evidence,DA线HAZOP分析记录表.xls N001!14,DA线HAZOP分析记录表.xls N001!14,1.2.4 合成釜中叠氮化钠加入流速过慢 | 叠氮化钠吸潮结块，或加料槽振动幅度过小 | 延长合成反应时间，无安全影响,"{""excel_row"":14,""raw_row"":[""1.2.4"",""流量"",""流量过低或无流量"",""1.2.4 合成釜中叠氮化钠加入流速过慢"",""叠氮化钠吸潮结块，或加料槽振动幅度过小"",""延长合成反应时间，无安全影响"",""A"",""7"",""M"","""",""A"",""7"",""M"","""","""","""",""""],""sheet"":""N001""}",DA线HAZOP分析记录表.xls,HAZOP_DA_H_R_V1,1.5-hazop,1.0000,accepted
EVHZ_934e9ae5ad51779d5ebf,Evidence,H线HAZOP及SIL定级分析 HAZOP记录表.xls N001!25,H线HAZOP及SIL定级分析 HAZOP记录表.xls N001!25,1.7.2 硝铵机温度过低 | TIC-1704回路故障（循环水管线上TV开度过大） | 无明显安全影响,"{""excel_row"":25,""raw_row"":[""1.7.2"",""温度"",""温度过低"",""1.7.2 硝铵机温度过低"",""TIC-1704回路故障（循环水管线上TV开度过大）"",""无明显安全影响"","""","""","""","""","""","""","""","""","""","""","""",""""],""sheet"":""N001""}",H线HAZOP及SIL定级分析 HAZOP记录表.xls,HAZOP_DA_H_R_V1,1.5-hazop,1.0000,accepted
EVHZ_93c831f233d4447c965a,Evidence,H线HAZOP及SIL定级分析 HAZOP记录表.xls N004!22,H线HAZOP及SIL定级分析 HAZOP记录表.xls N004!22,4.10.1 杂质 | 混合溶剂组分配比不当（丙酮含量高） | 影响产品质量，母液中杂质比例变化，可能影响溶剂回收操作,"{""excel_row"":22,""raw_row"":[""4.10.1"",""组分"",""杂质"",""4.10.1 杂质"",""混合溶剂组分配比不当（丙酮含量高）"",""影响产品质量，母液中杂质比例变化，可能影响溶剂回收操作"","""","""","""","""","""","""","""","""","""","""","""",""""],""sheet"":""N004""}",H线HAZOP及SIL定级分析 HAZOP记录表.xls,HAZOP_DA_H_R_V1,1.5-hazop,1.0000,accepted
EVHZ_944504e06781cc20c37f,Evidence,H线HAZOP及SIL定级分析 HAZOP记录表.xls N004!17,H线HAZOP及SIL定级分析 HAZOP记录表.xls N004!17,4.7.1 粗品HMX转晶机温度过低 | TIC-2201回路故障（蒸汽管线上TV开度过小或关闭） | 影响产品质量,"{""excel_row"":17,""raw_row"":[""4.7.1"",""温度"",""温度过低"",""4.7.1 粗品HMX转晶机温度过低"",""TIC-2201回路故障（蒸汽管线上TV开度过小或关闭）"",""影响产品质量"","""","""","""","""","""","""","""","""","""","""","""",""""],""sheet"":""N004""}",H线HAZOP及SIL定级分析 HAZOP记录表.xls,HAZOP_DA_H_R_V1,1.5-hazop,1.0000,accepted
EVHZ_96c7f96f3cac5eafcd19,Evidence,H线HAZOP及SIL定级分析 HAZOP记录表.xls N004!32,H线HAZOP及SIL定级分析 HAZOP记录表.xls N004!32,4.19.1 以往事故 | 丙酮蒸馏塔列管结垢 | 转晶工序煮洗、丙酮蒸馏作业，母液中HMX、RDX及副产物分解爆炸，人员伤亡,"{""excel_row"":32,""raw_row"":[""4.19.1"",""其他"",""其他"",""4.19.1 以往事故"",""丙酮蒸馏塔列管结垢"",""转晶工序煮洗、丙酮蒸馏作业，母液中HMX、RDX及副产物分解爆炸，人员伤亡"","""","""","""","""","""","""","""","""","""","""","""",""""],""sheet"":""N004""}",H线HAZOP及SIL定级分析 HAZOP记录表.xls,HAZOP_DA_H_R_V1,1.5-hazop,1.0000,accepted
EVHZ_98f9f2ca90bc832d4380,Evidence,R线 HAZOP分析记录表.xls N001!24,R线 HAZOP分析记录表.xls N001!24,"1.6.1 硝化机温度过高 | 冷冻盐水压力低或供应中断 | 硝化机反应温度升高，硝化机反应速率增快，副反应增加，潜在爆炸风险，人员伤亡 | 1.硝化机设有TIC-7101；
2.硝化机设有TAH-7102；
3.硝化机温度高高TSHH-7102触发联锁，停螺旋加料机电机；
4.硝化机温度高高高TSHHH-7102触发联锁，打开硝化机放料阀HV-7101，打开安全槽压空管线快开阀HV-7105，打开压空喷射管线快开阀HV-7106；
5.视频监控CCTV；
6.人员现场巡检，应急处置；
7.冷冻盐水管线总管设有PSL-7112触发联锁，停螺旋加料机电机 | 建议硝酸进料管线上增设独立切断阀，酸水管线上增设独立切断阀，1#硝化机TSHH-7102温度高高联锁进独立SIS系统，停螺旋加料机电机，关闭硝酸进料管线上新增切断阀，关闭酸水管线上切断阀；
TSHHH-7102温度高高高联锁进独立SIS系统，打开硝化机放料阀HV-7101，打开安全槽压空管线快开阀HV-7105，打开压空喷射管线快开阀HV-7106。","{""excel_row"":24,""raw_row"":[""1.6.1"",""温度"",""温度过高"",""1.6.1 硝化机温度过高"",""冷冻盐水压力低或供应中断"",""硝化机反应温度升高，硝化机反应速率增快，副反应增加，潜在爆炸风险，人员伤亡"",""F"",""6"",""S"",""1.硝化机设有TIC-7101；\n2.硝化机设有TAH-7102；\n3.硝化机温度高高TSHH-7102触发联锁，停螺旋加料机电机；\n4.硝化机温度高高高TSHHH-7102触发联锁，打开硝化机放料阀HV-7101，打开安全槽压空管线快开阀HV-7105，打开压空喷射管线快开阀HV-7106；\n5.视频监控CCTV；\n6.人员现场巡检，应急处置；\n7.冷冻盐水管线总管设有PSL-7112触发联锁，停螺旋加料机电机"",""F"",""4"",""H"",""建议硝酸进料管线上增设独立切断阀，酸水管线上增设独立切断阀，1#硝化机TSHH-7102温度高高联锁进独立SIS系统，停螺旋加料机电机，关闭硝酸进料管线上新增切断阀，关闭酸水管线上切断阀；\nTSHHH-7102温度高高高联锁进独立SIS系统，打开硝化机放料阀HV-7101，打开安全槽压空管线快开阀HV-7105，打开压空喷射管线快开阀HV-7106。"","""",""#1.1"",""""],""sheet"":""N001""}",R线 HAZOP分析记录表.xls,HAZOP_DA_H_R_V1,1.5-hazop,1.0000,accepted
EVHZ_99b9379cc5973d675bf5,Evidence,DA线HAZOP分析记录表.xls N003!16,DA线HAZOP分析记录表.xls N003!16,"3.5.2 毛细管蒸馏釜压力过低 | 热水循环泵故障 | 毛细管蒸馏釜温度降低，压力降低，影响减压蒸馏效果，产品不合格 | 1.毛细管蒸馏釜上TI-6212；
2.PI-6203","{""excel_row"":16,""raw_row"":[""3.5.2"",""压力"",""压力过低"",""3.5.2 毛细管蒸馏釜压力过低"",""热水循环泵故障"",""毛细管蒸馏釜温度降低，压力降低，影响减压蒸馏效果，产品不合格"",""B"",""7"",""M"",""1.毛细管蒸馏釜上TI-6212；\n2.PI-6203"",""B"",""7"",""M"","""","""","""",""""],""sheet"":""N003""}",DA线HAZOP分析记录表.xls,HAZOP_DA_H_R_V1,1.5-hazop,1.0000,accepted
EVHZ_9a8b752647bf748b105c,Evidence,DA线HAZOP分析记录表.xls N001!5,DA线HAZOP分析记录表.xls N001!5,1.1.2 合成釜中吉纳加入量过多 | 人员误操作，称重错误，吉纳加入量过多 | 吉纳溶解不完全，搅拌转速过快时，可能发生爆炸，人员伤害风险 | 1.吉纳称量及加料过程中，两人操作，一人称量，一人复核 | 考虑吉纳加料设置自动加料措施。,"{""excel_row"":5,""raw_row"":[""1.1.2"",""流量"",""流量过高"",""1.1.2 合成釜中吉纳加入量过多"",""人员误操作，称重错误，吉纳加入量过多"",""吉纳溶解不完全，搅拌转速过快时，可能发生爆炸，人员伤害风险"",""D"",""7"",""S"",""1.吉纳称量及加料过程中，两人操作，一人称量，一人复核"",""D"",""6"",""H"",""考虑吉纳加料设置自动加料措施。"",""O"",""#1.1"",""""],""sheet"":""N001""}",DA线HAZOP分析记录表.xls,HAZOP_DA_H_R_V1,1.5-hazop,1.0000,accepted
EVHZ_9aeaed767c29d0082143,Evidence,H线HAZOP及SIL定级分析 HAZOP记录表.xls N004!7,H线HAZOP及SIL定级分析 HAZOP记录表.xls N004!7,4.2.2 混合溶剂加注总量过低 | FIQC-2203回路故障（FV未及时打开） | 转晶机粗品HMX混料摩擦撞击感度增加，潜在爆炸风险 | 1.转晶机搅拌器设有过载停机保护 | 后果描述不明确,"{""excel_row"":7,""raw_row"":[""4.2.2"",""流量"",""流量过低或无流量"",""4.2.2 混合溶剂加注总量过低"",""FIQC-2203回路故障（FV未及时打开）"",""转晶机粗品HMX混料摩擦撞击感度增加，潜在爆炸风险"",""D"",""6"",""H"",""1.转晶机搅拌器设有过载停机保护"",""D"",""5"",""H"","""","""","""","""",""后果描述不明确""],""sheet"":""N004""}",H线HAZOP及SIL定级分析 HAZOP记录表.xls,HAZOP_DA_H_R_V1,1.5-hazop,1.0000,accepted
EVHZ_9c609c4ebd1754776db0,Evidence,DA线HAZOP分析记录表.xls N002!6,DA线HAZOP分析记录表.xls N002!6,2.1.3 萃取后有机相放料过度 | 人员误操作，萃取后有机相放料过度 | 废水进入有机相，有机相杂质增多，杂质进入后续蒸馏工序，潜在安全风险 | 建议萃取洗涤后增设在线检测分析设施。 | 吉纳及硝酸钠等杂质对后续蒸馏工序的影响待研究。,"{""excel_row"":6,""raw_row"":[""2.1.3"",""流量"",""流量过高"",""2.1.3 萃取后有机相放料过度"",""人员误操作，萃取后有机相放料过度"",""废水进入有机相，有机相杂质增多，杂质进入后续蒸馏工序，潜在安全风险"",""C"",""7"",""H"","""",""C"",""7"",""H"",""建议萃取洗涤后增设在线检测分析设施。"",""O"",""#2.1"",""吉纳及硝酸钠等杂质对后续蒸馏工序的影响待研究。""],""sheet"":""N002""}",DA线HAZOP分析记录表.xls,HAZOP_DA_H_R_V1,1.5-hazop,1.0000,accepted
EVHZ_9d3bfb156c67f2df3b97,Evidence,H线HAZOP及SIL定级分析 HAZOP记录表.xls N001!26,H线HAZOP及SIL定级分析 HAZOP记录表.xls N001!26,"1.10.1 杂质 | 硝酸铵可燃物含量过高 | 空气输送硝酸铵固体物料过程中可能形成爆炸性气氛，潜在爆炸风险，人员伤亡 | 1.硝酸铵合格证；
2.硝酸铵入厂复检；
3.设备管道静电接地及跨接","{""excel_row"":26,""raw_row"":[""1.10.1"",""组分"",""杂质"",""1.10.1 杂质"",""硝酸铵可燃物含量过高"",""空气输送硝酸铵固体物料过程中可能形成爆炸性气氛，潜在爆炸风险，人员伤亡"",""D"",""4"",""M"",""1.硝酸铵合格证；\n2.硝酸铵入厂复检；\n3.设备管道静电接地及跨接"",""D"",""3"",""M"","""","""","""","""",""""],""sheet"":""N001""}",H线HAZOP及SIL定级分析 HAZOP记录表.xls,HAZOP_DA_H_R_V1,1.5-hazop,1.0000,accepted
EVHZ_9d4146b60eb457f87962,Evidence,DA线HAZOP分析记录表.xls N001!22,DA线HAZOP分析记录表.xls N001!22,1.7.1 反应过程合成釜温度过低 | TIC-6222回路故障（TV开度过小或关闭） | 合成釜温度降低，温度过低时，吉纳结晶析出，搅拌转速过快时，潜在爆炸，人员伤害风险 | 1.合成釜上TI-6203 | 建议循环热水管线及合成釜上增设独立温度计，并设置温度低报警TAL。,"{""excel_row"":22,""raw_row"":[""1.7.1"",""温度"",""温度过低"",""1.7.1 反应过程合成釜温度过低"",""TIC-6222回路故障（TV开度过小或关闭）"",""合成釜温度降低，温度过低时，吉纳结晶析出，搅拌转速过快时，潜在爆炸，人员伤害风险"",""D"",""7"",""S"",""1.合成釜上TI-6203"",""D"",""7"",""S"",""建议循环热水管线及合成釜上增设独立温度计，并设置温度低报警TAL。"",""S"",""#1.10"",""""],""sheet"":""N001""}",DA线HAZOP分析记录表.xls,HAZOP_DA_H_R_V1,1.5-hazop,1.0000,accepted
EVHZ_9df00b0236b040f5d680,Evidence,H线HAZOP及SIL定级分析 HAZOP记录表.xls N005!5,H线HAZOP及SIL定级分析 HAZOP记录表.xls N005!5,5.2.1 流量过低或无流量,"{""excel_row"":5,""raw_row"":[""5.2.1"",""流量"",""流量过低或无流量"",""5.2.1 流量过低或无流量"","""","""","""","""","""","""","""","""","""","""","""","""","""",""""],""sheet"":""N005""}",H线HAZOP及SIL定级分析 HAZOP记录表.xls,HAZOP_DA_H_R_V1,1.5-hazop,1.0000,accepted
EVHZ_9f7542c78abeda802ce8,Evidence,DA线HAZOP分析记录表.xls N002!20,DA线HAZOP分析记录表.xls N002!20,2.7.1 脱色釜温度过低 | TIC-6224回路故障（TV-6224开度过小或关闭） | 脱色釜温度降低，影响脱色效果，影响产品质量 | 1.脱色釜上TI-6211 | 产品中羟基物质热稳定性的影响待研究。,"{""excel_row"":20,""raw_row"":[""2.7.1"",""温度"",""温度过低"",""2.7.1 脱色釜温度过低"",""TIC-6224回路故障（TV-6224开度过小或关闭）"",""脱色釜温度降低，影响脱色效果，影响产品质量"",""B"",""7"",""M"",""1.脱色釜上TI-6211"",""B"",""7"",""M"","""","""","""",""产品中羟基物质热稳定性的影响待研究。""],""sheet"":""N002""}",DA线HAZOP分析记录表.xls,HAZOP_DA_H_R_V1,1.5-hazop,1.0000,accepted
EVHZ_9ff19e12f0435db0fed5,Evidence,R线 HAZOP分析记录表.xls N001!6,R线 HAZOP分析记录表.xls N001!6,"1.1.1 乌洛托品加注至硝化机流量过高 | 乌洛托品/硝酸比例调节控制FIC-7102回路故障（螺旋加料机电机转速过快） | 乌洛托品粉尘不能及时被硝酸淹没，与飞溅起的硝酸接触后着火，潜在爆炸风险，人员伤亡 | 1.硝化机气相空间设有TAH-7120；
2.硝化机气相空间温度高高TSHH-7120触发联锁，停螺旋加料机电机；
3.视频监控CCTV；
4.人员现场巡检，应急处置 | 建议硝酸进料管线上增设独立切断阀，酸水管线上增设独立切断阀，1#硝化机TSHH-7102温度高高联锁进独立SIS系统，停螺旋加料机电机，关闭硝酸进料管线上新增切断阀，关闭酸水管线上切断阀；
TSHHH-7102温度高高高联锁进独立SIS系统，打开硝化机放料阀HV-7101，打开安全槽压空管线快开阀HV-7105，打开压空喷射管线快开阀HV-7106。","{""excel_row"":6,""raw_row"":[""1.1.1"",""流量"",""流量过高"",""1.1.1 乌洛托品加注至硝化机流量过高"",""乌洛托品/硝酸比例调节控制FIC-7102回路故障（螺旋加料机电机转速过快）"",""乌洛托品粉尘不能及时被硝酸淹没，与飞溅起的硝酸接触后着火，潜在爆炸风险，人员伤亡"",""F"",""6"",""S"",""1.硝化机气相空间设有TAH-7120；\n2.硝化机气相空间温度高高TSHH-7120触发联锁，停螺旋加料机电机；\n3.视频监控CCTV；\n4.人员现场巡检，应急处置"",""F"",""5"",""S"",""建议硝酸进料管线上增设独立切断阀，酸水管线上增设独立切断阀，1#硝化机TSHH-7102温度高高联锁进独立SIS系统，停螺旋加料机电机，关闭硝酸进料管线上新增切断阀，关闭酸水管线上切断阀；\nTSHHH-7102温度高高高联锁进独立SIS系统，打开硝化机放料阀HV-7101，打开安全槽压空管线快开阀HV-7105，打开压空喷射管线快开阀HV-7106。"","""",""#1.1"",""""],""sheet"":""N001""}",R线 HAZOP分析记录表.xls,HAZOP_DA_H_R_V1,1.5-hazop,1.0000,accepted
EVHZ_a030a5a2f8119f4ac520,Evidence,H线HAZOP及SIL定级分析 HAZOP记录表.xls N005!16,H线HAZOP及SIL定级分析 HAZOP记录表.xls N005!16,"5.9.1 分离釜液位过低或无液位 | 废酸进料管线上FIC-1808回路故障（废酸进料管线上FV开度过小或关闭） | 分离塔进料温度升高，液位降低，液位过低时，分离釜底部物料可能蒸干，潜在爆炸风险 | 1.分离釜设有LAL-1818；
2.分离塔设有多点温度及压力监控 | 建议分离釜增设温度高高联锁切断蒸汽及废酸进料；
建议分离釜增设分离釜液位高高/低低切断蒸汽及废酸进料；
核实分离塔是否需设置超压泄放设施。","{""excel_row"":16,""raw_row"":[""5.9.1"",""液位"",""液位过低或无液位"",""5.9.1 分离釜液位过低或无液位"",""废酸进料管线上FIC-1808回路故障（废酸进料管线上FV开度过小或关闭）"",""分离塔进料温度升高，液位降低，液位过低时，分离釜底部物料可能蒸干，潜在爆炸风险"",""D"",""6"",""H"",""1.分离釜设有LAL-1818；\n2.分离塔设有多点温度及压力监控"",""D"",""5"",""H"",""建议分离釜增设温度高高联锁切断蒸汽及废酸进料；\n建议分离釜增设分离釜液位高高/低低切断蒸汽及废酸进料；\n核实分离塔是否需设置超压泄放设施。"","""",""#5.1"","""",""""],""sheet"":""N005""}",H线HAZOP及SIL定级分析 HAZOP记录表.xls,HAZOP_DA_H_R_V1,1.5-hazop,1.0000,accepted
EVHZ_a093919c81b5d2e3fa36,Evidence,DA线HAZOP分析记录表.xls N002!17,DA线HAZOP分析记录表.xls N002!17,2.4.1 收集槽收料真空度不足 | 真空泵故障或抽真空系统管线泄漏 | 影响收集槽收料效果 | 建议收集槽设计应考虑交变载荷影响（正压负压频繁变化）。,"{""excel_row"":17,""raw_row"":[""2.4.1"",""压力"",""压力过高"",""2.4.1 收集槽收料真空度不足"",""真空泵故障或抽真空系统管线泄漏"",""影响收集槽收料效果"",""B"",""6"",""M"","""",""B"",""6"",""M"",""建议收集槽设计应考虑交变载荷影响（正压负压频繁变化）。"",""O"",""#2.5"",""""],""sheet"":""N002""}",DA线HAZOP分析记录表.xls,HAZOP_DA_H_R_V1,1.5-hazop,1.0000,accepted
EVHZ_a0f60a2a7da523c2e910,Evidence,H线HAZOP及SIL定级分析 HAZOP记录表.xls N001!32,H线HAZOP及SIL定级分析 HAZOP记录表.xls N001!32,1.17.1 铵硝溶液配制过程步骤执行不足，未启动搅拌器或搅拌器故障停 | 未启动搅拌器或搅拌器故障停 | 硝酸铵、硝酸全部加注至铵硝配机，启动搅拌器时，溶液配制放热量增加，溶解界面温升速率过快，可能达到硝酸、硝酸铵分解温度，潜在爆炸风险 | 1.铵硝配机设有TIC-1704带TAH | 机理有待研究,"{""excel_row"":32,""raw_row"":[""1.17.1"",""操作步骤"",""步骤执行不足"",""1.17.1 铵硝溶液配制过程步骤执行不足，未启动搅拌器或搅拌器故障停"",""未启动搅拌器或搅拌器故障停"",""硝酸铵、硝酸全部加注至铵硝配机，启动搅拌器时，溶液配制放热量增加，溶解界面温升速率过快，可能达到硝酸、硝酸铵分解温度，潜在爆炸风险"",""D"",""5"",""H"",""1.铵硝配机设有TIC-1704带TAH"",""D"",""4"",""M"","""","""","""","""",""机理有待研究""],""sheet"":""N001""}",H线HAZOP及SIL定级分析 HAZOP记录表.xls,HAZOP_DA_H_R_V1,1.5-hazop,1.0000,accepted
EVHZ_a16499a79eb531435a26,Evidence,H线HAZOP及SIL定级分析 HAZOP记录表.xls N001!11,H线HAZOP及SIL定级分析 HAZOP记录表.xls N001!11,1.2.2 硝酸铵固体自硝酸铵下料器至铵硝配机流量过低 | 星型下料器转速调节回路故障（转速过慢） | 1.螺旋推进器电机设有过载停机保护,"{""excel_row"":11,""raw_row"":[""1.2.2"",""流量"",""流量过低或无流量"",""1.2.2 硝酸铵固体自硝酸铵下料器至铵硝配机流量过低"",""星型下料器转速调节回路故障（转速过慢）"","""","""","""","""",""1.螺旋推进器电机设有过载停机保护"","""","""","""","""","""","""","""",""""],""sheet"":""N001""}",H线HAZOP及SIL定级分析 HAZOP记录表.xls,HAZOP_DA_H_R_V1,1.5-hazop,1.0000,accepted
EVHZ_a1b684905ffab2b6c05b,Evidence,R线 HAZOP分析记录表.xls N002!23,R线 HAZOP分析记录表.xls N002!23,2.16.1 开停工 | 结晶机搅拌器故障停 | 结晶机反应局部温度过高，存在火灾爆炸风险，人员伤亡 | 1.操作规程,"{""excel_row"":23,""raw_row"":[""2.16.1"",""其他"",""其他"",""2.16.1 开停工"",""结晶机搅拌器故障停"",""结晶机反应局部温度过高，存在火灾爆炸风险，人员伤亡"",""E"",""5"",""H"",""1.操作规程"",""E"",""5"",""H"","""","""","""",""""],""sheet"":""N002""}",R线 HAZOP分析记录表.xls,HAZOP_DA_H_R_V1,1.5-hazop,1.0000,accepted
EVHZ_a1fb72813c8ec3995cb1,Evidence,R线 HAZOP分析记录表.xls N001!11,R线 HAZOP分析记录表.xls N001!11,1.3.1 逆流或错误流向 | 硝化机蛇管泄漏 | 冷冻盐水窜至硝化机内，局部放热量增加，副反应增加，硝化机温度升高，产品得率下降 | 1.定期对硝化机蛇管打压试漏 | 机理有待研究，考察冷冻盐水杂质对RDX及副产物的稳定性影响,"{""excel_row"":11,""raw_row"":[""1.3.1"",""流量"",""逆流"",""1.3.1 逆流或错误流向"",""硝化机蛇管泄漏"",""冷冻盐水窜至硝化机内，局部放热量增加，副反应增加，硝化机温度升高，产品得率下降"",""B"",""5"",""L"",""1.定期对硝化机蛇管打压试漏"",""B"",""5"",""L"","""","""","""",""机理有待研究，考察冷冻盐水杂质对RDX及副产物的稳定性影响""],""sheet"":""N001""}",R线 HAZOP分析记录表.xls,HAZOP_DA_H_R_V1,1.5-hazop,1.0000,accepted
EVHZ_a3f7a82350043b194cc8,Evidence,H线HAZOP及SIL定级分析 HAZOP记录表.xls N004!8,H线HAZOP及SIL定级分析 HAZOP记录表.xls N004!8,4.3.1 逆流或错误流向,"{""excel_row"":8,""raw_row"":[""4.3.1"",""流量"",""逆流"",""4.3.1 逆流或错误流向"","""","""","""","""","""","""","""","""","""","""","""","""","""",""""],""sheet"":""N004""}",H线HAZOP及SIL定级分析 HAZOP记录表.xls,HAZOP_DA_H_R_V1,1.5-hazop,1.0000,accepted
EVHZ_a4153b027544b9db4e98,Evidence,DA线HAZOP分析记录表.xls N001!16,DA线HAZOP分析记录表.xls N001!16,1.20.1 二甲基亚砜泄漏 | 加料过程中，合成釜敞口 | 二甲基亚砜蒸汽泄漏至外部环境，严重时潜在爆炸，人员伤害风险,"{""excel_row"":16,""raw_row"":[""1.20.1"",""泄漏"",""部分泄漏"",""1.20.1 二甲基亚砜泄漏"",""加料过程中，合成釜敞口"",""二甲基亚砜蒸汽泄漏至外部环境，严重时潜在爆炸，人员伤害风险"",""D"",""6"",""H"","""",""D"",""6"",""H"","""","""","""",""""],""sheet"":""N001""}",DA线HAZOP分析记录表.xls,HAZOP_DA_H_R_V1,1.5-hazop,1.0000,accepted
EVHZ_a56ec9bc72d2bcf3e19d,Evidence,H线HAZOP及SIL定级分析 HAZOP记录表.xls N003!13,H线HAZOP及SIL定级分析 HAZOP记录表.xls N003!13,3.2.4 3#硝化机铵硝溶液加注流量过低或无流量 | FIQC-1706回路故障（铵硝溶液进料管线上FV开度过小或关闭） | 3#硝化机内铵硝比例减少，硝化反应速率降低，温度降低，产品得率降低,"{""excel_row"":13,""raw_row"":[""3.2.4"",""流量"",""流量过低或无流量"",""3.2.4 3#硝化机铵硝溶液加注流量过低或无流量"",""FIQC-1706回路故障（铵硝溶液进料管线上FV开度过小或关闭）"",""3#硝化机内铵硝比例减少，硝化反应速率降低，温度降低，产品得率降低"",""C"",""6"",""M"","""","""","""","""","""","""","""","""",""""],""sheet"":""N003""}",H线HAZOP及SIL定级分析 HAZOP记录表.xls,HAZOP_DA_H_R_V1,1.5-hazop,1.0000,accepted
EVHZ_a716f5a28ac9f5f7a883,Evidence,DA线HAZOP分析记录表.xls N003!7,DA线HAZOP分析记录表.xls N003!7,3.2.2 进喷射器水流量过低或无流量 | 水泵故障 | 影响喷射器抽真空效果，影响产品输送,"{""excel_row"":7,""raw_row"":[""3.2.2"",""流量"",""流量过低或无流量"",""3.2.2 进喷射器水流量过低或无流量"",""水泵故障"",""影响喷射器抽真空效果，影响产品输送"",""A"",""7"",""M"","""",""A"",""7"",""M"","""","""","""",""""],""sheet"":""N003""}",DA线HAZOP分析记录表.xls,HAZOP_DA_H_R_V1,1.5-hazop,1.0000,accepted
EVHZ_a8f80d708b4c53b90917,Evidence,H线HAZOP及SIL定级分析 HAZOP记录表.xls N004!5,H线HAZOP及SIL定级分析 HAZOP记录表.xls N004!5,"4.1.2 混合溶剂加注总量过高 | FIQC-2203回路故障（FV未及时关闭） | 转晶机液位升高，液位过高时可能满溢至外部环境，人员中毒，可能形成爆炸性气氛，环境污染 | 1.人员现场操作；
2.视频监控CCTV；
3.转晶机附近设有可燃气体浓度探测仪","{""excel_row"":5,""raw_row"":[""4.1.2"",""流量"",""流量过高"",""4.1.2 混合溶剂加注总量过高"",""FIQC-2203回路故障（FV未及时关闭）"",""转晶机液位升高，液位过高时可能满溢至外部环境，人员中毒，可能形成爆炸性气氛，环境污染"",""D"",""6"",""H"",""1.人员现场操作；\n2.视频监控CCTV；\n3.转晶机附近设有可燃气体浓度探测仪"",""D"",""4"",""M"","""","""","""","""",""""],""sheet"":""N004""}",H线HAZOP及SIL定级分析 HAZOP记录表.xls,HAZOP_DA_H_R_V1,1.5-hazop,1.0000,accepted
EVHZ_aad30db9d00a76c1209c,Evidence,R线 HAZOP分析记录表.xls N001!36,R线 HAZOP分析记录表.xls N001!36,"1.16.1 开停工 | 开工阶段，冷冻盐水未投用 | 硝化机反应温度升高，硝化机反应速率增快，副反应增加，潜在爆炸风险，人员伤亡 | 1.硝化机设有TIC-7101；
2.硝化机设有TAH-7102；
3.硝化机温度高高TSHH-7102触发联锁，停螺旋加料机电机；
4.硝化机温度高高高TSHHH-7102触发联锁，打开硝化机放料阀HV-7101，打开安全槽压空管线快开阀HV-7105，打开压空喷射管线快开阀HV-7106；
5.视频监控CCTV；
6.人员现场巡检，应急处置；
7.冷冻盐水管线总管设有PSL-7112触发联锁，停螺旋加料机电机 | 建议开工阶段，硝化机间断配料工序进行程控化改造，以避免人为误操作带来的严重后果。","{""excel_row"":36,""raw_row"":[""1.16.1"",""其他"",""其他"",""1.16.1 开停工"",""开工阶段，冷冻盐水未投用"",""硝化机反应温度升高，硝化机反应速率增快，副反应增加，潜在爆炸风险，人员伤亡"",""E"",""5"",""H"",""1.硝化机设有TIC-7101；\n2.硝化机设有TAH-7102；\n3.硝化机温度高高TSHH-7102触发联锁，停螺旋加料机电机；\n4.硝化机温度高高高TSHHH-7102触发联锁，打开硝化机放料阀HV-7101，打开安全槽压空管线快开阀HV-7105，打开压空喷射管线快开阀HV-7106；\n5.视频监控CCTV；\n6.人员现场巡检，应急处置；\n7.冷冻盐水管线总管设有PSL-7112触发联锁，停螺旋加料机电机"",""E"",""4"",""H"",""建议开工阶段，硝化机间断配料工序进行程控化改造，以避免人为误操作带来的严重后果。"","""",""#1.6"",""""],""sheet"":""N001""}",R线 HAZOP分析记录表.xls,HAZOP_DA_H_R_V1,1.5-hazop,1.0000,accepted
EVHZ_abf7a300c47614cf6e28,Evidence,H线HAZOP及SIL定级分析 HAZOP记录表.xls N004!13,H线HAZOP及SIL定级分析 HAZOP记录表.xls N004!13,4.5.2 粗品HMX转晶机压力过低 | TIC-2201回路故障（蒸汽管线上TV开度过小或关闭） | 影响产品质量,"{""excel_row"":13,""raw_row"":[""4.5.2"",""压力"",""压力过低"",""4.5.2 粗品HMX转晶机压力过低"",""TIC-2201回路故障（蒸汽管线上TV开度过小或关闭）"",""影响产品质量"","""","""","""","""","""","""","""","""","""","""","""",""""],""sheet"":""N004""}",H线HAZOP及SIL定级分析 HAZOP记录表.xls,HAZOP_DA_H_R_V1,1.5-hazop,1.0000,accepted
EVHZ_ac65733664db1282d83a,Evidence,H线HAZOP及SIL定级分析 HAZOP记录表.xls N003!18,H线HAZOP及SIL定级分析 HAZOP记录表.xls N003!18,"3.4.1 1#硝化机压力过高 | 排烟机故障停 | 1#硝化机压力升高，酸性气体窜至外部环境，人员可能中毒 | 1.人员现场巡检，应急处置；
2.视频监控CCTV；
3.硝化工房二层设置有毒气体浓度探测仪","{""excel_row"":18,""raw_row"":[""3.4.1"",""压力"",""压力过高"",""3.4.1 1#硝化机压力过高"",""排烟机故障停"",""1#硝化机压力升高，酸性气体窜至外部环境，人员可能中毒"",""C"",""5"",""M"",""1.人员现场巡检，应急处置；\n2.视频监控CCTV；\n3.硝化工房二层设置有毒气体浓度探测仪"",""C"",""4"",""L"","""","""","""","""",""""],""sheet"":""N003""}",H线HAZOP及SIL定级分析 HAZOP记录表.xls,HAZOP_DA_H_R_V1,1.5-hazop,1.0000,accepted
EVHZ_acf9557c7267383cb788,Evidence,R线 HAZOP分析记录表.xls N002!14,R线 HAZOP分析记录表.xls N002!14,2.10.1 杂质 | 酸水浓度低 | 结晶机硝酸浓度降低，RDX结晶粒度减小，能耗过量,"{""excel_row"":14,""raw_row"":[""2.10.1"",""组分"",""杂质"",""2.10.1 杂质"",""酸水浓度低"",""结晶机硝酸浓度降低，RDX结晶粒度减小，能耗过量"","""","""","""","""","""","""","""","""","""","""",""""],""sheet"":""N002""}",R线 HAZOP分析记录表.xls,HAZOP_DA_H_R_V1,1.5-hazop,1.0000,accepted
EVHZ_ae1755dc6300d68e543a,Evidence,R线 HAZOP分析记录表.xls N003!10,R线 HAZOP分析记录表.xls N003!10,"3.16.1 步骤执行不足 | 热压煮洗机脱盐水补水量过小 | 热压煮洗机液位降低，无法淹没蛇管，升温过程中，蛇管附着的RDX可能分解爆炸 | 1.热压煮洗机设有爆破片并泄放至安全设施；
2.操作规程：人工对加水量检测 | RDX在不同浓度下，爆炸时温度机理研究","{""excel_row"":10,""raw_row"":[""3.16.1"",""操作步骤"",""步骤执行不足"",""3.16.1 步骤执行不足"",""热压煮洗机脱盐水补水量过小"",""热压煮洗机液位降低，无法淹没蛇管，升温过程中，蛇管附着的RDX可能分解爆炸"",""E"",""5"",""H"",""1.热压煮洗机设有爆破片并泄放至安全设施；\n2.操作规程：人工对加水量检测"",""E"",""4"",""H"","""","""","""",""RDX在不同浓度下，爆炸时温度机理研究""],""sheet"":""N003""}",R线 HAZOP分析记录表.xls,HAZOP_DA_H_R_V1,1.5-hazop,1.0000,accepted
EVHZ_ae322a8f8bfab6c23f82,Evidence,H线HAZOP及SIL定级分析 HAZOP记录表.xls N004!23,H线HAZOP及SIL定级分析 HAZOP记录表.xls N004!23,"4.11.1 腐蚀/冲蚀 | 蒸馏机气相冷凝器管程可能发生物料结垢 | 冷凝器管程堵塞，蒸馏机压力升高，物料泄漏至外部环境，潜在爆炸风险，人员伤亡 | 1.冷凝器、蒸馏机检维修前煮洗及消爆操作；
2.人员现场操作；
3.视频监控CCTV；
4.转晶机附近设有可燃气体浓度探测仪","{""excel_row"":23,""raw_row"":[""4.11.1"",""腐蚀/冲蚀"",""腐蚀/冲蚀"",""4.11.1 腐蚀/冲蚀"",""蒸馏机气相冷凝器管程可能发生物料结垢"",""冷凝器管程堵塞，蒸馏机压力升高，物料泄漏至外部环境，潜在爆炸风险，人员伤亡"",""D"",""5"",""H"",""1.冷凝器、蒸馏机检维修前煮洗及消爆操作；\n2.人员现场操作；\n3.视频监控CCTV；\n4.转晶机附近设有可燃气体浓度探测仪"",""D"",""3"",""M"","""","""","""","""",""""],""sheet"":""N004""}",H线HAZOP及SIL定级分析 HAZOP记录表.xls,HAZOP_DA_H_R_V1,1.5-hazop,1.0000,accepted
EVHZ_ae77ca44960b3d25b4b3,Evidence,H线HAZOP及SIL定级分析 HAZOP记录表.xls N003!8,H线HAZOP及SIL定级分析 HAZOP记录表.xls N003!8,3.1.5 3#硝化机醋酸酐溶液加注流量过高 | FIQC-1707回路故障（醋酸酐溶液进料管线上FV开度过大） | 3#硝化机酰化反应增加，温度升高，硝化反应速率增加，副产物增加，产品得率降低 | 1.3#硝化机设有TIC-1709带TAH,"{""excel_row"":8,""raw_row"":[""3.1.5"",""流量"",""流量过高"",""3.1.5 3#硝化机醋酸酐溶液加注流量过高"",""FIQC-1707回路故障（醋酸酐溶液进料管线上FV开度过大）"",""3#硝化机酰化反应增加，温度升高，硝化反应速率增加，副产物增加，产品得率降低"",""C"",""6"",""M"",""1.3#硝化机设有TIC-1709带TAH"",""C"",""5"",""M"","""","""","""","""",""""],""sheet"":""N003""}",H线HAZOP及SIL定级分析 HAZOP记录表.xls,HAZOP_DA_H_R_V1,1.5-hazop,1.0000,accepted
EVHZ_af94d19790a0460fd9dc,Evidence,H线HAZOP及SIL定级分析 HAZOP记录表.xls N002!7,H线HAZOP及SIL定级分析 HAZOP记录表.xls N002!7,"2.1.3 乌洛托品固体自乌洛托品下料器至乌醋配机总量过高 | 乌洛托品固体投料量过高 | 乌醋液中乌洛托品浓度升高，反应速率增加，温度快速上升，乌醋配机内物料可能分解，乌醋配机内可能发生燃爆，人员伤亡，环境污染 | 1.乌醋配机乌醋溶液配制完毕后取样分析；
2.乌醋液贮槽乌醋溶液配制完毕后取样分析 | 建议乌醋溶液配制工序进行程控化改造，以避免人为误操作带来的严重后果。","{""excel_row"":7,""raw_row"":[""2.1.3"",""流量"",""流量过高"",""2.1.3 乌洛托品固体自乌洛托品下料器至乌醋配机总量过高"",""乌洛托品固体投料量过高"",""乌醋液中乌洛托品浓度升高，反应速率增加，温度快速上升，乌醋配机内物料可能分解，乌醋配机内可能发生燃爆，人员伤亡，环境污染"",""E"",""5"",""H"",""1.乌醋配机乌醋溶液配制完毕后取样分析；\n2.乌醋液贮槽乌醋溶液配制完毕后取样分析"",""E"",""4"",""H"",""建议乌醋溶液配制工序进行程控化改造，以避免人为误操作带来的严重后果。"",""O"",""#2.1"","""",""""],""sheet"":""N002""}",H线HAZOP及SIL定级分析 HAZOP记录表.xls,HAZOP_DA_H_R_V1,1.5-hazop,1.0000,accepted
EVHZ_afd74f8970371bc8656f,Evidence,DA线HAZOP分析记录表.xls N001!30,DA线HAZOP分析记录表.xls N001!30,1.10.1 二甲基亚砜中杂质 | 本节点无特别关注项,"{""excel_row"":30,""raw_row"":[""1.10.1"",""组分"",""杂质"",""1.10.1 二甲基亚砜中杂质"",""本节点无特别关注项"","""","""","""","""","""","""","""","""","""","""","""",""""],""sheet"":""N001""}",DA线HAZOP分析记录表.xls,HAZOP_DA_H_R_V1,1.5-hazop,1.0000,accepted
EVHZ_b05638e308d2f07250f0,Evidence,R线 HAZOP分析记录表.xls N002!18,R线 HAZOP分析记录表.xls N002!18,"2.15.1 公用工程故障 | 电力供应中断，硝化机搅拌器停 | 结晶机反应局部温度过高，存在爆炸风险，人员伤亡 | 1.双回路供电；
2.备用柴油发电机；
3.结晶机设有TIC-7105；
4.结晶机温度高高TSHH-7106触发联锁，停螺旋加料机电机；
5.结晶机温度高高高85℃时，人员中控室遥控打开硝化机放料阀HV-7101，打开安全槽压空管线快开阀HV-7105，打开压空喷射管线快开阀HV-7106；","{""excel_row"":18,""raw_row"":[""2.15.1"",""公用工程"",""公用工程故障"",""2.15.1 公用工程故障"",""电力供应中断，硝化机搅拌器停"",""结晶机反应局部温度过高，存在爆炸风险，人员伤亡"",""F"",""6"",""S"",""1.双回路供电；\n2.备用柴油发电机；\n3.结晶机设有TIC-7105；\n4.结晶机温度高高TSHH-7106触发联锁，停螺旋加料机电机；\n5.结晶机温度高高高85℃时，人员中控室遥控打开硝化机放料阀HV-7101，打开安全槽压空管线快开阀HV-7105，打开压空喷射管线快开阀HV-7106；"",""F"",""3"",""H"","""","""","""",""""],""sheet"":""N002""}",R线 HAZOP分析记录表.xls,HAZOP_DA_H_R_V1,1.5-hazop,1.0000,accepted
EVHZ_b0e0a1522df82336f90f,Evidence,H线HAZOP及SIL定级分析 HAZOP记录表.xls N001!34,H线HAZOP及SIL定级分析 HAZOP记录表.xls N001!34,"1.17.3 铵硝溶液配制过程步骤执行不足，未启动排烟机或排烟机故障停 | 未启动排烟机或排烟机故障停 | 铵硝配机压力升高，酸性硝烟窜至外部环境，人员可能中毒窒息伤亡 | 1.人员现场巡检，应急处置；
2.视频监控CCTV；
3.硝化工房二层设置有毒气体浓度探测仪 | 建议排烟机设置运行指示信号及故障报警。","{""excel_row"":34,""raw_row"":[""1.17.3"",""操作步骤"",""步骤执行不足"",""1.17.3 铵硝溶液配制过程步骤执行不足，未启动排烟机或排烟机故障停"",""未启动排烟机或排烟机故障停"",""铵硝配机压力升高，酸性硝烟窜至外部环境，人员可能中毒窒息伤亡"",""D"",""5"",""H"",""1.人员现场巡检，应急处置；\n2.视频监控CCTV；\n3.硝化工房二层设置有毒气体浓度探测仪"",""D"",""4"",""M"",""建议排烟机设置运行指示信号及故障报警。"",""S"",""#1.3"","""",""""],""sheet"":""N001""}",H线HAZOP及SIL定级分析 HAZOP记录表.xls,HAZOP_DA_H_R_V1,1.5-hazop,1.0000,accepted
EVHZ_b2e403609bdc78fe6276,Evidence,R线 HAZOP分析记录表.xls N001!10,R线 HAZOP分析记录表.xls N001!10,1.2.2 硝酸加注至硝化机流量过低或无流量 | FIC-7101回路故障（硝酸管线上FV开度过小或关闭） | 乌洛托品/硝酸比例升高，硝化机反应不完全，副反应增加，产物稳定性下降，硝化液浑浊，可能喷料 | 1.硝化液定期取样分析 | 机理有待研究，硝化液浑浊时，是否可能喷料,"{""excel_row"":10,""raw_row"":[""1.2.2"",""流量"",""流量过低或无流量"",""1.2.2 硝酸加注至硝化机流量过低或无流量"",""FIC-7101回路故障（硝酸管线上FV开度过小或关闭）"",""乌洛托品/硝酸比例升高，硝化机反应不完全，副反应增加，产物稳定性下降，硝化液浑浊，可能喷料"",""C"",""6"",""M"",""1.硝化液定期取样分析"",""C"",""6"",""M"","""","""","""",""机理有待研究，硝化液浑浊时，是否可能喷料""],""sheet"":""N001""}",R线 HAZOP分析记录表.xls,HAZOP_DA_H_R_V1,1.5-hazop,1.0000,accepted
EVHZ_b344ff683631c73121c3,Evidence,DA线HAZOP分析记录表.xls N001!9,DA线HAZOP分析记录表.xls N001!9,1.2.1 合成釜中二甲基亚砜加入量过少 | 人员误操作，高位槽中二甲基亚砜加入量过少 | 后续吉纳及叠氮化钠加入后溶解不完全，搅拌过程可能发生爆炸，人员伤害风险 | 建议二甲基亚砜高位槽设置高液位许可打开加料阀门措施。,"{""excel_row"":9,""raw_row"":[""1.2.1"",""流量"",""流量过低或无流量"",""1.2.1 合成釜中二甲基亚砜加入量过少"",""人员误操作，高位槽中二甲基亚砜加入量过少"",""后续吉纳及叠氮化钠加入后溶解不完全，搅拌过程可能发生爆炸，人员伤害风险"",""D"",""7"",""S"","""",""D"",""7"",""S"",""建议二甲基亚砜高位槽设置高液位许可打开加料阀门措施。"",""O"",""#1.4"",""""],""sheet"":""N001""}",DA线HAZOP分析记录表.xls,HAZOP_DA_H_R_V1,1.5-hazop,1.0000,accepted
EVHZ_b35d3b34429bed62af37,Evidence,R线 HAZOP分析记录表.xls N002!12,R线 HAZOP分析记录表.xls N002!12,"2.7.1 结晶机温度过低 | FIC-7103回路故障（酸水管线上FV阀开度过大） | 结晶机温度降低，硝酸浓度降低，RDX结晶粒度减小，副产物氧化不完全，结晶液不安定，后续工序安全操作受影响 | 1.结晶机设有TIC-7105；
2.结晶机温度低低TSLL-7106触发联锁，停螺旋加料机电机 | 机理有待研究，副产物起始氧化的温度与酸浓度需再研究","{""excel_row"":12,""raw_row"":[""2.7.1"",""温度"",""温度过低"",""2.7.1 结晶机温度过低"",""FIC-7103回路故障（酸水管线上FV阀开度过大）"",""结晶机温度降低，硝酸浓度降低，RDX结晶粒度减小，副产物氧化不完全，结晶液不安定，后续工序安全操作受影响"",""E"",""6"",""S"",""1.结晶机设有TIC-7105；\n2.结晶机温度低低TSLL-7106触发联锁，停螺旋加料机电机"",""E"",""4"",""H"","""","""","""",""机理有待研究，副产物起始氧化的温度与酸浓度需再研究""],""sheet"":""N002""}",R线 HAZOP分析记录表.xls,HAZOP_DA_H_R_V1,1.5-hazop,1.0000,accepted
EVHZ_b754e15d01ddb3953ec8,Evidence,DA线HAZOP分析记录表.xls N003!22,DA线HAZOP分析记录表.xls N003!22,3.9.1 液位过低或无液位 | 本节点无特别关注项,"{""excel_row"":22,""raw_row"":[""3.9.1"",""液位"",""液位过低或无液位"",""3.9.1 液位过低或无液位"",""本节点无特别关注项"","""","""","""","""","""","""","""","""","""","""","""",""""],""sheet"":""N003""}",DA线HAZOP分析记录表.xls,HAZOP_DA_H_R_V1,1.5-hazop,1.0000,accepted
EVHZ_b81d1532edc67b39b6ba,Evidence,H线HAZOP及SIL定级分析 HAZOP记录表.xls N003!4,H线HAZOP及SIL定级分析 HAZOP记录表.xls N003!4,"3.1.1 1#硝化机乌醋溶液加注流量过高 | FIQC-1703回路故障（乌醋溶液进料管线上FV开度过大） | 3#硝化机副反应增加，DPT生成量增加，产品得率下降，下游水解硝化机反应可能加剧，温度升高，5#硝化机内可能发生燃爆，人员伤亡，环境污染 | 1.5#硝化机设有TSHH-1711触发联锁，停进料；
2.5#硝化机设有TSHHH-1711触发联锁，打开底部卸料阀KV-1729；
3.1#、3#硝化机定期取样分析 | 建议硝化反应铵硝与乌醋进料比例增设比例高高联锁，停进料；
铵硝与乌醋进料比例高高高联锁，打开底部卸料阀KV-1702。 | 1.描述不明确；
2.确定铵硝与乌醋进料比例拐点","{""excel_row"":4,""raw_row"":[""3.1.1"",""流量"",""流量过高"",""3.1.1 1#硝化机乌醋溶液加注流量过高"",""FIQC-1703回路故障（乌醋溶液进料管线上FV开度过大）"",""3#硝化机副反应增加，DPT生成量增加，产品得率下降，下游水解硝化机反应可能加剧，温度升高，5#硝化机内可能发生燃爆，人员伤亡，环境污染"",""E"",""6"",""S"",""1.5#硝化机设有TSHH-1711触发联锁，停进料；\n2.5#硝化机设有TSHHH-1711触发联锁，打开底部卸料阀KV-1729；\n3.1#、3#硝化机定期取样分析"",""E"",""5"",""H"",""建议硝化反应铵硝与乌醋进料比例增设比例高高联锁，停进料；\n铵硝与乌醋进料比例高高高联锁，打开底部卸料阀KV-1702。"",""S"",""#3.1"","""",""1.描述不明确；\n2.确定铵硝与乌醋进料比例拐点""],""sheet"":""N003""}",H线HAZOP及SIL定级分析 HAZOP记录表.xls,HAZOP_DA_H_R_V1,1.5-hazop,1.0000,accepted
EVHZ_b89c4ec9e05e1e99c8a9,Evidence,H线HAZOP及SIL定级分析 HAZOP记录表.xls N002!6,H线HAZOP及SIL定级分析 HAZOP记录表.xls N002!6,"2.1.2 乌洛托品固体自乌洛托品下料器至乌醋配机流量过高 | 乌洛托品固体自乌洛托品下料器至乌醋配机流量过高 | 螺旋推进器可能产生堆料，螺旋推进器电机可能过载损坏；
乌洛托品粉尘浓度增加，可能形成粉尘爆炸性环境 | 1.星型下料器最大转速无影响；
2.螺旋推进器电机设有过载停机保护","{""excel_row"":6,""raw_row"":[""2.1.2"",""流量"",""流量过高"",""2.1.2 乌洛托品固体自乌洛托品下料器至乌醋配机流量过高"",""乌洛托品固体自乌洛托品下料器至乌醋配机流量过高"",""螺旋推进器可能产生堆料，螺旋推进器电机可能过载损坏；\n乌洛托品粉尘浓度增加，可能形成粉尘爆炸性环境"",""D"",""6"",""H"",""1.星型下料器最大转速无影响；\n2.螺旋推进器电机设有过载停机保护"",""D"",""5"",""H"","""","""","""","""",""""],""sheet"":""N002""}",H线HAZOP及SIL定级分析 HAZOP记录表.xls,HAZOP_DA_H_R_V1,1.5-hazop,1.0000,accepted
EVHZ_b998cea0b6ac50e665a9,Evidence,DA线HAZOP分析记录表.xls N001!4,DA线HAZOP分析记录表.xls N001!4,1.1.1 合成釜中二甲基亚砜加入量过多 | 本节点无特别关注项（高位槽容积限制，设有溢流口，容积小于合成釜容积）,"{""excel_row"":4,""raw_row"":[""1.1.1"",""流量"",""流量过高"",""1.1.1 合成釜中二甲基亚砜加入量过多"",""本节点无特别关注项（高位槽容积限制，设有溢流口，容积小于合成釜容积）"","""","""","""","""","""","""","""","""","""","""","""",""""],""sheet"":""N001""}",DA线HAZOP分析记录表.xls,HAZOP_DA_H_R_V1,1.5-hazop,1.0000,accepted
EVHZ_ba5fca76823ac7cff804,Evidence,H线HAZOP及SIL定级分析 HAZOP记录表.xls N002!8,H线HAZOP及SIL定级分析 HAZOP记录表.xls N002!8,2.1.4 醋酸加注总量过高 | 醋酸加注量过高 | 乌醋液中乌洛托品浓度降低，影响产品质量，无明显安全影响,"{""excel_row"":8,""raw_row"":[""2.1.4"",""流量"",""流量过高"",""2.1.4 醋酸加注总量过高"",""醋酸加注量过高"",""乌醋液中乌洛托品浓度降低，影响产品质量，无明显安全影响"","""","""","""","""","""","""","""","""","""","""","""",""""],""sheet"":""N002""}",H线HAZOP及SIL定级分析 HAZOP记录表.xls,HAZOP_DA_H_R_V1,1.5-hazop,1.0000,accepted
EVHZ_bacba3bdea1be7d8ed7b,Evidence,H线HAZOP及SIL定级分析 HAZOP记录表.xls N003!29,H线HAZOP及SIL定级分析 HAZOP记录表.xls N003!29,3.7.2 3#硝化机温度过低 | 3#硝化机TIC-1709回路故障（循环水管线上TV开度过大） | 1#硝化机温度降低，影响产品质量,"{""excel_row"":29,""raw_row"":[""3.7.2"",""温度"",""温度过低"",""3.7.2 3#硝化机温度过低"",""3#硝化机TIC-1709回路故障（循环水管线上TV开度过大）"",""1#硝化机温度降低，影响产品质量"","""","""","""","""","""","""","""","""","""","""","""",""""],""sheet"":""N003""}",H线HAZOP及SIL定级分析 HAZOP记录表.xls,HAZOP_DA_H_R_V1,1.5-hazop,1.0000,accepted
EVHZ_bb1ce2741d90724abf89,Evidence,H线HAZOP及SIL定级分析 HAZOP记录表.xls N003!19,H线HAZOP及SIL定级分析 HAZOP记录表.xls N003!19,3.5.1 1#硝化机压力过低,"{""excel_row"":19,""raw_row"":[""3.5.1"",""压力"",""压力过低"",""3.5.1 1#硝化机压力过低"","""","""","""","""","""","""","""","""","""","""","""","""","""",""""],""sheet"":""N003""}",H线HAZOP及SIL定级分析 HAZOP记录表.xls,HAZOP_DA_H_R_V1,1.5-hazop,1.0000,accepted
EVHZ_bc334ecc941dcb2ec37e,Evidence,DA线HAZOP分析记录表.xls N004!6,DA线HAZOP分析记录表.xls N004!6,4.1.3 废水预处理池中碳酸钠加入量过多 | 人员误操作，废水预处理池中碳酸钠加入量过多 | 废水PH值升高，直接排入下游废水处理站，可能导致下游菌种杀死 | 1.废水预处理每批次取样检测分析,"{""excel_row"":6,""raw_row"":[""4.1.3"",""流量"",""流量过高"",""4.1.3 废水预处理池中碳酸钠加入量过多"",""人员误操作，废水预处理池中碳酸钠加入量过多"",""废水PH值升高，直接排入下游废水处理站，可能导致下游菌种杀死"",""B"",""7"",""M"",""1.废水预处理每批次取样检测分析"",""B"",""7"",""M"","""","""","""",""""],""sheet"":""N004""}",DA线HAZOP分析记录表.xls,HAZOP_DA_H_R_V1,1.5-hazop,1.0000,accepted
EVHZ_bcfa499c3a29a90580d4,Evidence,R线 HAZOP分析记录表.xls N002!20,R线 HAZOP分析记录表.xls N002!20,2.16.1 开停工 | 结晶机硝酸加注量过多 | 结晶机硝酸浓度升高，温度升高，RDX结晶粒度增大，产品得率降低 | 酸不同浓度不同温度下对激发的影响,"{""excel_row"":20,""raw_row"":[""2.16.1"",""其他"",""其他"",""2.16.1 开停工"",""结晶机硝酸加注量过多"",""结晶机硝酸浓度升高，温度升高，RDX结晶粒度增大，产品得率降低"","""","""","""","""","""","""","""","""","""","""",""酸不同浓度不同温度下对激发的影响""],""sheet"":""N002""}",R线 HAZOP分析记录表.xls,HAZOP_DA_H_R_V1,1.5-hazop,1.0000,accepted
EVHZ_bdb8b1323d9353d2ed7d,Evidence,R线 HAZOP分析记录表.xls N001!30,R线 HAZOP分析记录表.xls N001!30,1.7.2 成熟机温度过低 | TIC-7103回路故障（冷冻盐水管线TV开度过大） | 硝化机反应温度降低，产品得率增加，能耗增加，无明显安全影响,"{""excel_row"":30,""raw_row"":[""1.7.2"",""温度"",""温度过低"",""1.7.2 成熟机温度过低"",""TIC-7103回路故障（冷冻盐水管线TV开度过大）"",""硝化机反应温度降低，产品得率增加，能耗增加，无明显安全影响"","""","""","""","""","""","""","""","""","""","""",""""],""sheet"":""N001""}",R线 HAZOP分析记录表.xls,HAZOP_DA_H_R_V1,1.5-hazop,1.0000,accepted
EVHZ_bdcaa7dec015d4ffbcf7,Evidence,H线HAZOP及SIL定级分析 HAZOP记录表.xls N003!7,H线HAZOP及SIL定级分析 HAZOP记录表.xls N003!7,"3.1.4 3#硝化机铵硝溶液加注流量过高 | FIQC-1706回路故障（铵硝溶液进料管线上FV开度过大） | 3#硝化机内铵硝比例增加，硝化反应速率增加，放热量增加，温度急剧升高，硝化机内物料可能发生燃爆，人员伤亡，环境污染 | 1.3#硝化机设有TSHH-1709触发联锁，停进料；
2.3#硝化机设有TSHHH-1709触发联锁，打开底部卸料阀KV-1704","{""excel_row"":7,""raw_row"":[""3.1.4"",""流量"",""流量过高"",""3.1.4 3#硝化机铵硝溶液加注流量过高"",""FIQC-1706回路故障（铵硝溶液进料管线上FV开度过大）"",""3#硝化机内铵硝比例增加，硝化反应速率增加，放热量增加，温度急剧升高，硝化机内物料可能发生燃爆，人员伤亡，环境污染"",""E"",""6"",""S"",""1.3#硝化机设有TSHH-1709触发联锁，停进料；\n2.3#硝化机设有TSHHH-1709触发联锁，打开底部卸料阀KV-1704"",""E"",""5"",""H"","""","""","""","""",""""],""sheet"":""N003""}",H线HAZOP及SIL定级分析 HAZOP记录表.xls,HAZOP_DA_H_R_V1,1.5-hazop,1.0000,accepted
EVHZ_be768ec9f276b3b26040,Evidence,DA线HAZOP分析记录表.xls N002!26,DA线HAZOP分析记录表.xls N002!26,2.10.3 脱色后产品中杂质 | 参见“2.2.5 脱色釜中活性炭加入量过少”,"{""excel_row"":26,""raw_row"":[""2.10.3"",""组分"",""杂质"",""2.10.3 脱色后产品中杂质"",""参见“2.2.5 脱色釜中活性炭加入量过少”"","""","""","""","""","""","""","""","""","""","""","""",""""],""sheet"":""N002""}",DA线HAZOP分析记录表.xls,HAZOP_DA_H_R_V1,1.5-hazop,1.0000,accepted
EVHZ_beace95bd5dbcec04d35,Evidence,DA线HAZOP分析记录表.xls N002!12,DA线HAZOP分析记录表.xls N002!12,2.2.4 碱洗过程碳酸钠溶液加入量过少 | 人员误操作，碱洗过程碳酸钠溶液加入量过少 | 可能影响产品质量，产品呈酸性,"{""excel_row"":12,""raw_row"":[""2.2.4"",""流量"",""流量过低或无流量"",""2.2.4 碱洗过程碳酸钠溶液加入量过少"",""人员误操作，碱洗过程碳酸钠溶液加入量过少"",""可能影响产品质量，产品呈酸性"",""B"",""7"",""M"","""",""B"",""7"",""M"","""","""","""",""""],""sheet"":""N002""}",DA线HAZOP分析记录表.xls,HAZOP_DA_H_R_V1,1.5-hazop,1.0000,accepted
EVHZ_beb4b22d5ecd621f45c3,Evidence,DA线HAZOP分析记录表.xls N001!44,DA线HAZOP分析记录表.xls N001!44,1.17.2 吉纳与叠氮化钠加料顺序错误 | 人员误操作，吉纳与叠氮化钠加料顺序错误 | 影响反应 | 吉納与叠氮化钠加料顺序错误对反应的影响待研究。,"{""excel_row"":44,""raw_row"":[""1.17.2"",""操作步骤"",""步骤顺序错误"",""1.17.2 吉纳与叠氮化钠加料顺序错误"",""人员误操作，吉纳与叠氮化钠加料顺序错误"",""影响反应"","""","""","""","""","""","""","""","""","""","""",""吉納与叠氮化钠加料顺序错误对反应的影响待研究。""],""sheet"":""N001""}",DA线HAZOP分析记录表.xls,HAZOP_DA_H_R_V1,1.5-hazop,1.0000,accepted
EVHZ_c0f61271078abd07a512,Evidence,DA线HAZOP分析记录表.xls N002!28,DA线HAZOP分析记录表.xls N002!28,2.11.1 腐蚀/冲蚀 | 本节点无特别关注项,"{""excel_row"":28,""raw_row"":[""2.11.1"",""腐蚀/冲蚀"",""腐蚀/冲蚀"",""2.11.1 腐蚀/冲蚀"",""本节点无特别关注项"","""","""","""","""","""","""","""","""","""","""","""",""""],""sheet"":""N002""}",DA线HAZOP分析记录表.xls,HAZOP_DA_H_R_V1,1.5-hazop,1.0000,accepted
EVHZ_c10566056019ea51c462,Evidence,H线HAZOP及SIL定级分析 HAZOP记录表.xls N004!18,H线HAZOP及SIL定级分析 HAZOP记录表.xls N004!18,4.7.2 粗品HMX转晶机煮洗步骤时，温度过低 | TIC-2201回路故障（蒸汽管线上TV开度过小或关闭） | 影响产品质量,"{""excel_row"":18,""raw_row"":[""4.7.2"",""温度"",""温度过低"",""4.7.2 粗品HMX转晶机煮洗步骤时，温度过低"",""TIC-2201回路故障（蒸汽管线上TV开度过小或关闭）"",""影响产品质量"","""","""","""","""","""","""","""","""","""","""","""",""""],""sheet"":""N004""}",H线HAZOP及SIL定级分析 HAZOP记录表.xls,HAZOP_DA_H_R_V1,1.5-hazop,1.0000,accepted
EVHZ_c3a851daf2b6cb963b2c,Evidence,H线HAZOP及SIL定级分析 HAZOP记录表.xls N002!14,H线HAZOP及SIL定级分析 HAZOP记录表.xls N002!14,2.3.1 逆流或错误流向 | 乌醋配机蛇管泄露 | 1.乌醋配机设有TIC-带TAH,"{""excel_row"":14,""raw_row"":[""2.3.1"",""流量"",""逆流"",""2.3.1 逆流或错误流向"",""乌醋配机蛇管泄露"","""","""","""","""",""1.乌醋配机设有TIC-带TAH"","""","""","""","""","""","""","""",""""],""sheet"":""N002""}",H线HAZOP及SIL定级分析 HAZOP记录表.xls,HAZOP_DA_H_R_V1,1.5-hazop,1.0000,accepted
EVHZ_c427c0aa6bbfd08ab95d,Evidence,DA线HAZOP分析记录表.xls N001!40,DA线HAZOP分析记录表.xls N001!40,"1.16.1 二甲基亚砜加料过程未开启搅拌 | 人员误操作，未开启搅拌 | 升温过程，无安全影响；
加入固体物料后，未充分溶解情况下，再次开启搅拌，潜在爆炸，人员伤害风险 | 在停电工况下再次供电时，搅拌器禁止自启动，避免合成釜内物料撞击。","{""excel_row"":40,""raw_row"":[""1.16.1"",""操作步骤"",""遗漏/缺失操作步骤"",""1.16.1 二甲基亚砜加料过程未开启搅拌"",""人员误操作，未开启搅拌"",""升温过程，无安全影响；\n加入固体物料后，未充分溶解情况下，再次开启搅拌，潜在爆炸，人员伤害风险"",""D"",""5"",""H"","""",""D"",""5"",""H"",""在停电工况下再次供电时，搅拌器禁止自启动，避免合成釜内物料撞击。"",""S"",""#1.16"",""""],""sheet"":""N001""}",DA线HAZOP分析记录表.xls,HAZOP_DA_H_R_V1,1.5-hazop,1.0000,accepted
EVHZ_c4281ad9299ac09a1c1a,Evidence,DA线HAZOP分析记录表.xls N001!38,DA线HAZOP分析记录表.xls N001!38,1.15.1 排净 | 本节点无特别关注项 | 1.相关排净设施已设置,"{""excel_row"":38,""raw_row"":[""1.15.1"",""运行"",""排净"",""1.15.1 排净"",""本节点无特别关注项"","""",""A"",""6"",""L"",""1.相关排净设施已设置"",""A"",""6"",""L"","""","""","""",""""],""sheet"":""N001""}",DA线HAZOP分析记录表.xls,HAZOP_DA_H_R_V1,1.5-hazop,1.0000,accepted
EVHZ_c548b23148ed3eacc1f2,Evidence,R线 HAZOP分析记录表.xls N001!29,R线 HAZOP分析记录表.xls N001!29,1.7.1 硝化机温度过低 | TIC-7101回路故障（冷冻盐水管线TV开度过大） | 硝化机反应温度降低，产品得率增加，能耗增加，无明显安全影响,"{""excel_row"":29,""raw_row"":[""1.7.1"",""温度"",""温度过低"",""1.7.1 硝化机温度过低"",""TIC-7101回路故障（冷冻盐水管线TV开度过大）"",""硝化机反应温度降低，产品得率增加，能耗增加，无明显安全影响"","""","""","""","""","""","""","""","""","""","""",""""],""sheet"":""N001""}",R线 HAZOP分析记录表.xls,HAZOP_DA_H_R_V1,1.5-hazop,1.0000,accepted
EVHZ_c5490b403e994cd71403,Evidence,R线 HAZOP分析记录表.xls N002!17,R线 HAZOP分析记录表.xls N002!17,2.10.2 硝化工序来硝化液中副产物过高 | 上游硝化工序来硝化液中副产物过高（硝化机进料配比不当，参见第一节点流量高低描述） | 结晶机温度过高时，RDX可能分解爆炸 | RDX在不同浓度下，爆炸时温度机理研究,"{""excel_row"":17,""raw_row"":[""2.10.2"",""组分"",""杂质"",""2.10.2 硝化工序来硝化液中副产物过高"",""上游硝化工序来硝化液中副产物过高（硝化机进料配比不当，参见第一节点流量高低描述）"",""结晶机温度过高时，RDX可能分解爆炸"","""","""","""","""","""","""","""","""","""","""",""RDX在不同浓度下，爆炸时温度机理研究""],""sheet"":""N002""}",R线 HAZOP分析记录表.xls,HAZOP_DA_H_R_V1,1.5-hazop,1.0000,accepted
EVHZ_c738117cd85263442321,Evidence,H线HAZOP及SIL定级分析 HAZOP记录表.xls N005!22,H线HAZOP及SIL定级分析 HAZOP记录表.xls N005!22,5.15.1 公用工程故障,"{""excel_row"":22,""raw_row"":[""5.15.1"",""公用工程"",""公用工程故障"",""5.15.1 公用工程故障"","""","""","""","""","""","""","""","""","""","""","""","""","""",""""],""sheet"":""N005""}",H线HAZOP及SIL定级分析 HAZOP记录表.xls,HAZOP_DA_H_R_V1,1.5-hazop,1.0000,accepted
EVHZ_c974fc4d8bb05f35bccb,Evidence,H线HAZOP及SIL定级分析 HAZOP记录表.xls N002!19,H线HAZOP及SIL定级分析 HAZOP记录表.xls N002!19,2.7.1 乌洛托品输送空气出换热器温度过低 | TIC-回路故障（饱和蒸汽管线TV开度过小或关闭） | 输送空气出换热器温度降低，乌洛托品中水可能析出，引起乌洛托品结块堵塞设备管线，影响乌洛托品输送 | 1.罗茨鼓风机出口设有PI-,"{""excel_row"":19,""raw_row"":[""2.7.1"",""温度"",""温度过低"",""2.7.1 乌洛托品输送空气出换热器温度过低"",""TIC-回路故障（饱和蒸汽管线TV开度过小或关闭）"",""输送空气出换热器温度降低，乌洛托品中水可能析出，引起乌洛托品结块堵塞设备管线，影响乌洛托品输送"",""C"",""6"",""M"",""1.罗茨鼓风机出口设有PI-"",""C"",""6"",""M"","""","""","""","""",""""],""sheet"":""N002""}",H线HAZOP及SIL定级分析 HAZOP记录表.xls,HAZOP_DA_H_R_V1,1.5-hazop,1.0000,accepted
EVHZ_c9f2efcdf150098af7f2,Evidence,H线HAZOP及SIL定级分析 HAZOP记录表.xls N005!7,H线HAZOP及SIL定级分析 HAZOP记录表.xls N005!7,"5.4.1 分离釜压力过高 | 分离釜上TIC-1817回路故障（蒸汽管线上TV开度过大） | 分离釜温度升高，压力升高，液位降低，液位过低时，分离釜底部物料可能蒸干，潜在爆炸风险；
分离釜压力过高时，可能超压损坏，物料泄漏至外部环境，潜在爆炸风险 | 1.分离釜设有LAL-1818；
2.分离塔设有多点温度及压力监控 | 建议分离釜增设温度高高联锁切断蒸汽及废酸进料；
建议分离釜增设分离釜液位高高/低低切断蒸汽及废酸进料；
核实分离塔是否需设置超压泄放设施。","{""excel_row"":7,""raw_row"":[""5.4.1"",""压力"",""压力过高"",""5.4.1 分离釜压力过高"",""分离釜上TIC-1817回路故障（蒸汽管线上TV开度过大）"",""分离釜温度升高，压力升高，液位降低，液位过低时，分离釜底部物料可能蒸干，潜在爆炸风险；\n分离釜压力过高时，可能超压损坏，物料泄漏至外部环境，潜在爆炸风险"",""D"",""6"",""H"",""1.分离釜设有LAL-1818；\n2.分离塔设有多点温度及压力监控"",""D"",""5"",""H"",""建议分离釜增设温度高高联锁切断蒸汽及废酸进料；\n建议分离釜增设分离釜液位高高/低低切断蒸汽及废酸进料；\n核实分离塔是否需设置超压泄放设施。"",""S"",""#5.1"","""",""""],""sheet"":""N005""}",H线HAZOP及SIL定级分析 HAZOP记录表.xls,HAZOP_DA_H_R_V1,1.5-hazop,1.0000,accepted
EVHZ_ca8e4957c6ba11ea0922,Evidence,DA线HAZOP分析记录表.xls N002!22,DA线HAZOP分析记录表.xls N002!22,2.8.1 萃取放料后萃取洗涤釜界位过高 | 参见“2.2.3 萃取后有机相放料不足”,"{""excel_row"":22,""raw_row"":[""2.8.1"",""液位"",""液位过高"",""2.8.1 萃取放料后萃取洗涤釜界位过高"",""参见“2.2.3 萃取后有机相放料不足”"","""","""","""","""","""","""","""","""","""","""","""",""""],""sheet"":""N002""}",DA线HAZOP分析记录表.xls,HAZOP_DA_H_R_V1,1.5-hazop,1.0000,accepted
EVHZ_caa526c94492f2a266a6,Evidence,H线HAZOP及SIL定级分析 HAZOP记录表.xls N003!21,H线HAZOP及SIL定级分析 HAZOP记录表.xls N003!21,3.6.1 1#硝化机温度过高 | 1#硝化机TIC-1707回路故障（循环水管线上TV-1707开度过小或关闭） | 1#硝化机温度升高，硝化反应速率增加，硝化机内物料可能分解，1#硝化机内可能发生燃爆，人员伤亡，环境污染 | 建议1#硝化机考虑超压泄放设施，其泄放量及设定值应进一步研究分析，验证该超压泄放设施是否能保护该场景。,"{""excel_row"":21,""raw_row"":[""3.6.1"",""温度"",""温度过高"",""3.6.1 1#硝化机温度过高"",""1#硝化机TIC-1707回路故障（循环水管线上TV-1707开度过小或关闭）"",""1#硝化机温度升高，硝化反应速率增加，硝化机内物料可能分解，1#硝化机内可能发生燃爆，人员伤亡，环境污染"",""E"",""6"",""S"","""",""E"",""6"",""S"",""建议1#硝化机考虑超压泄放设施，其泄放量及设定值应进一步研究分析，验证该超压泄放设施是否能保护该场景。"",""S"",""#3.3"","""",""""],""sheet"":""N003""}",H线HAZOP及SIL定级分析 HAZOP记录表.xls,HAZOP_DA_H_R_V1,1.5-hazop,1.0000,accepted
EVHZ_cace7dc6f140f9998edd,Evidence,H线HAZOP及SIL定级分析 HAZOP记录表.xls N005!4,H线HAZOP及SIL定级分析 HAZOP记录表.xls N005!4,5.1.1 流量过高,"{""excel_row"":4,""raw_row"":[""5.1.1"",""流量"",""流量过高"",""5.1.1 流量过高"","""","""","""","""","""","""","""","""","""","""","""","""","""",""""],""sheet"":""N005""}",H线HAZOP及SIL定级分析 HAZOP记录表.xls,HAZOP_DA_H_R_V1,1.5-hazop,1.0000,accepted
EVHZ_cb01f78a71203a99ffa5,Evidence,R线 HAZOP分析记录表.xls N001!8,R线 HAZOP分析记录表.xls N001!8,1.2.1 乌洛托品加注至硝化机流量过低或无流量 | FIC-7102回路故障（螺旋加料机电机转速过慢） | 乌洛托品/硝酸比例降低，副反应增加，硝化机反应温度降低，无明显安全影响,"{""excel_row"":8,""raw_row"":[""1.2.1"",""流量"",""流量过低或无流量"",""1.2.1 乌洛托品加注至硝化机流量过低或无流量"",""FIC-7102回路故障（螺旋加料机电机转速过慢）"",""乌洛托品/硝酸比例降低，副反应增加，硝化机反应温度降低，无明显安全影响"","""","""","""","""","""","""","""","""","""","""",""""],""sheet"":""N001""}",R线 HAZOP分析记录表.xls,HAZOP_DA_H_R_V1,1.5-hazop,1.0000,accepted
EVHZ_cc13ca320a1a18823713,Evidence,H线HAZOP及SIL定级分析 HAZOP记录表.xls N003!12,H线HAZOP及SIL定级分析 HAZOP记录表.xls N003!12,3.2.3 1#硝化机醋酸酐溶液加注流量过低或无流量 | FIQC-1705回路故障（醋酸酐溶液进料管线上FV开度过小或关闭） | 1#硝化机内硝化反应产生的水不能及时脱除，DPT发生水解，副反应增加，产品得率下降,"{""excel_row"":12,""raw_row"":[""3.2.3"",""流量"",""流量过低或无流量"",""3.2.3 1#硝化机醋酸酐溶液加注流量过低或无流量"",""FIQC-1705回路故障（醋酸酐溶液进料管线上FV开度过小或关闭）"",""1#硝化机内硝化反应产生的水不能及时脱除，DPT发生水解，副反应增加，产品得率下降"",""C"",""6"",""M"","""","""","""","""","""","""","""","""",""""],""sheet"":""N003""}",H线HAZOP及SIL定级分析 HAZOP记录表.xls,HAZOP_DA_H_R_V1,1.5-hazop,1.0000,accepted
EVHZ_cd5c9f098d7224ea245a,Evidence,DA线HAZOP分析记录表.xls N002!32,DA线HAZOP分析记录表.xls N002!32,2.15.1 脱色过程搅拌不足 | 搅拌器故障或变频调节转速过低或停止 | 脱色釜中活性炭沉积，可能堵塞下料口,"{""excel_row"":32,""raw_row"":[""2.15.1"",""搅拌"",""搅拌不足"",""2.15.1 脱色过程搅拌不足"",""搅拌器故障或变频调节转速过低或停止"",""脱色釜中活性炭沉积，可能堵塞下料口"",""B"",""6"",""M"","""",""B"",""6"",""M"","""","""","""",""""],""sheet"":""N002""}",DA线HAZOP分析记录表.xls,HAZOP_DA_H_R_V1,1.5-hazop,1.0000,accepted
EVHZ_cdc6b689af97c6a0bbe0,Evidence,DA线HAZOP分析记录表.xls N001!19,DA线HAZOP分析记录表.xls N001!19,1.5.1 合成釜压力过低 | 本节点无特别关注项,"{""excel_row"":19,""raw_row"":[""1.5.1"",""压力"",""压力过低"",""1.5.1 合成釜压力过低"",""本节点无特别关注项"","""","""","""","""","""","""","""","""","""","""","""",""""],""sheet"":""N001""}",DA线HAZOP分析记录表.xls,HAZOP_DA_H_R_V1,1.5-hazop,1.0000,accepted
EVHZ_cde15060b677c7dbdf8a,Evidence,H线HAZOP及SIL定级分析 HAZOP记录表.xls N004!28,H线HAZOP及SIL定级分析 HAZOP记录表.xls N004!28,"4.16.1 转晶机程控系统先于粗品HMX加注至蒸馏机 | 混合溶剂先于粗品HMX加注至蒸馏机 | 操作人员投料过程中可能中毒晕倒 | 1.操作规程；
2.操作人员PPE","{""excel_row"":28,""raw_row"":[""4.16.1"",""操作步骤"",""步骤顺序错误"",""4.16.1 转晶机程控系统先于粗品HMX加注至蒸馏机"",""混合溶剂先于粗品HMX加注至蒸馏机"",""操作人员投料过程中可能中毒晕倒"",""C"",""5"",""M"",""1.操作规程；\n2.操作人员PPE"",""C"",""4"",""L"","""","""","""","""",""""],""sheet"":""N004""}",H线HAZOP及SIL定级分析 HAZOP记录表.xls,HAZOP_DA_H_R_V1,1.5-hazop,1.0000,accepted
EVHZ_cfd9e1f961191be2be59,Evidence,DA线HAZOP分析记录表.xls N002!4,DA线HAZOP分析记录表.xls N002!4,2.1.1 萃取过程加入水量过多 | 人员误操作，萃取过程加入水量过多 | 废水产出量增大，无安全影响 | 1.FIQ-6203,"{""excel_row"":4,""raw_row"":[""2.1.1"",""流量"",""流量过高"",""2.1.1 萃取过程加入水量过多"",""人员误操作，萃取过程加入水量过多"",""废水产出量增大，无安全影响"",""A"",""7"",""M"",""1.FIQ-6203"",""A"",""7"",""M"","""","""","""",""""],""sheet"":""N002""}",DA线HAZOP分析记录表.xls,HAZOP_DA_H_R_V1,1.5-hazop,1.0000,accepted
EVHZ_d07dc1ee02900057066b,Evidence,H线HAZOP及SIL定级分析 HAZOP记录表.xls N002!22,H线HAZOP及SIL定级分析 HAZOP记录表.xls N002!22,"2.10.1 杂质 | 醋酸中杂质含量过高 | 1.醋酸合格证；
2.醋酸入厂复检","{""excel_row"":22,""raw_row"":[""2.10.1"",""组分"",""杂质"",""2.10.1 杂质"",""醋酸中杂质含量过高"","""","""","""","""",""1.醋酸合格证；\n2.醋酸入厂复检"","""","""","""","""","""","""","""",""""],""sheet"":""N002""}",H线HAZOP及SIL定级分析 HAZOP记录表.xls,HAZOP_DA_H_R_V1,1.5-hazop,1.0000,accepted
EVHZ_d0f16b2a41d970646422,Evidence,DA线HAZOP分析记录表.xls N004!8,DA线HAZOP分析记录表.xls N004!8,4.2.2 废水预处理池中浓硝酸加入量过少 | 人员误操作，废水预处理池中浓硝酸加入量过少 | 废水中N3-处理不完全，增大下游废水处理站负荷 | 1.废水预处理每批次取样检测分析，N3-合格后方可送入下游,"{""excel_row"":8,""raw_row"":[""4.2.2"",""流量"",""流量过低或无流量"",""4.2.2 废水预处理池中浓硝酸加入量过少"",""人员误操作，废水预处理池中浓硝酸加入量过少"",""废水中N3-处理不完全，增大下游废水处理站负荷"",""B"",""7"",""M"",""1.废水预处理每批次取样检测分析，N3-合格后方可送入下游"",""B"",""7"",""M"","""","""","""",""""],""sheet"":""N004""}",DA线HAZOP分析记录表.xls,HAZOP_DA_H_R_V1,1.5-hazop,1.0000,accepted
EVHZ_d42d68d1c23a21f1c2a2,Evidence,H线HAZOP及SIL定级分析 HAZOP记录表.xls N003!34,H线HAZOP及SIL定级分析 HAZOP记录表.xls N003!34,3.16.1 乌醋溶液、铵硝溶液、醋酸酐溶液先于醋酸加注,"{""excel_row"":34,""raw_row"":[""3.16.1"",""操作步骤"",""步骤顺序错误"",""3.16.1 乌醋溶液、铵硝溶液、醋酸酐溶液先于醋酸加注"","""","""","""","""","""","""","""","""","""","""","""","""","""",""""],""sheet"":""N003""}",H线HAZOP及SIL定级分析 HAZOP记录表.xls,HAZOP_DA_H_R_V1,1.5-hazop,1.0000,accepted
EVHZ_d45000dcfc599db62be5,Evidence,DA线HAZOP分析记录表.xls N003!26,DA线HAZOP分析记录表.xls N003!26,3.12.1 静电 | 叠氮硝胺水力喷射过程中静电累积 | 静电放电，潜在爆炸，人员伤害风险 | 1.静电接地，定期检测,"{""excel_row"":26,""raw_row"":[""3.12.1"",""其他"",""静电"",""3.12.1 静电"",""叠氮硝胺水力喷射过程中静电累积"",""静电放电，潜在爆炸，人员伤害风险"",""D"",""6"",""H"",""1.静电接地，定期检测"",""D"",""6"",""H"","""","""","""",""""],""sheet"":""N003""}",DA线HAZOP分析记录表.xls,HAZOP_DA_H_R_V1,1.5-hazop,1.0000,accepted
EVHZ_d52c6c8e250b622c66b7,Evidence,R线 HAZOP分析记录表.xls N001!37,R线 HAZOP分析记录表.xls N001!37,"1.16.1 开停工 | 开工阶段，排烟机未启动 | 硝化机压力升高，可能正压，氧化氮气体窜至外部环境，人员可能中毒窒息伤亡 | 1.负压系统压力高PSH-7103触发联锁，停螺旋加料机电机，打开排空硝烟总管蝶阀HV-7108，打开蒸汽喷射球阀HV-7109，关闭负压总管蝶阀HV-7107；
2.视频监控CCTV；
3.人员现场巡检，应急处置；
4.排烟机运行状态指示 | 建议开工阶段，硝化机间断配料工序进行程控化改造，以避免人为误操作带来的严重后果。","{""excel_row"":37,""raw_row"":[""1.16.1"",""其他"",""其他"",""1.16.1 开停工"",""开工阶段，排烟机未启动"",""硝化机压力升高，可能正压，氧化氮气体窜至外部环境，人员可能中毒窒息伤亡"",""E"",""5"",""H"",""1.负压系统压力高PSH-7103触发联锁，停螺旋加料机电机，打开排空硝烟总管蝶阀HV-7108，打开蒸汽喷射球阀HV-7109，关闭负压总管蝶阀HV-7107；\n2.视频监控CCTV；\n3.人员现场巡检，应急处置；\n4.排烟机运行状态指示"",""E"",""4"",""H"",""建议开工阶段，硝化机间断配料工序进行程控化改造，以避免人为误操作带来的严重后果。"","""",""#1.6"",""""],""sheet"":""N001""}",R线 HAZOP分析记录表.xls,HAZOP_DA_H_R_V1,1.5-hazop,1.0000,accepted
EVHZ_d625195484d664418d91,Evidence,DA线HAZOP分析记录表.xls N002!11,DA线HAZOP分析记录表.xls N002!11,2.2.3 萃取后有机相放料不足 | 人员误操作，萃取后有机相放料不足 | 有机相放至废水槽，产品收率降低，废水处理工序负荷增大 | 建议萃取洗涤釜增设界位计。,"{""excel_row"":11,""raw_row"":[""2.2.3"",""流量"",""流量过低或无流量"",""2.2.3 萃取后有机相放料不足"",""人员误操作，萃取后有机相放料不足"",""有机相放至废水槽，产品收率降低，废水处理工序负荷增大"",""B"",""7"",""M"","""",""B"",""7"",""M"",""建议萃取洗涤釜增设界位计。"",""O"",""#2.2"",""""],""sheet"":""N002""}",DA线HAZOP分析记录表.xls,HAZOP_DA_H_R_V1,1.5-hazop,1.0000,accepted
EVHZ_d79a144527a6f1375a50,Evidence,R线 HAZOP分析记录表.xls N001!7,R线 HAZOP分析记录表.xls N001!7,1.1.2 硝酸加注至硝化机流量过高 | FIC-7101回路故障（硝酸管线上FV开度过大） | 乌洛托品/硝酸比例降低，副反应增加，无明显安全影响,"{""excel_row"":7,""raw_row"":[""1.1.2"",""流量"",""流量过高"",""1.1.2 硝酸加注至硝化机流量过高"",""FIC-7101回路故障（硝酸管线上FV开度过大）"",""乌洛托品/硝酸比例降低，副反应增加，无明显安全影响"","""","""","""","""","""","""","""","""","""","""",""""],""sheet"":""N001""}",R线 HAZOP分析记录表.xls,HAZOP_DA_H_R_V1,1.5-hazop,1.0000,accepted
EVHZ_d7f4ca600af2d76b3490,Evidence,R线 HAZOP分析记录表.xls N001!5,R线 HAZOP分析记录表.xls N001!5,1.1.1 乌洛托品加注至硝化机流量过高 | 乌洛托品/硝酸比例调节控制FIC-7102回路故障（螺旋加料机电机转速过快） | 乌洛托品/硝酸比例升高，硝化机反应速率增快，副反应增加，硝化机反应温度升高，潜在爆炸风险，人员伤亡 | 建议硝化机放料阀HV-7101、安全槽压空管线快开阀HV-7105、压空喷射管线快开阀HV-7106故障安全位置由“FC”改为“FO”型，以避免仪表压空压力低或中断时，放料阀HV-7101、安全槽压空管线快开阀HV-7105、压空喷射管线快开阀HV-7106无法打开。,"{""excel_row"":5,""raw_row"":[""1.1.1"",""流量"",""流量过高"",""1.1.1 乌洛托品加注至硝化机流量过高"",""乌洛托品/硝酸比例调节控制FIC-7102回路故障（螺旋加料机电机转速过快）"",""乌洛托品/硝酸比例升高，硝化机反应速率增快，副反应增加，硝化机反应温度升高，潜在爆炸风险，人员伤亡"",""F"",""6"",""S"","""",""F"",""4"",""H"",""建议硝化机放料阀HV-7101、安全槽压空管线快开阀HV-7105、压空喷射管线快开阀HV-7106故障安全位置由“FC”改为“FO”型，以避免仪表压空压力低或中断时，放料阀HV-7101、安全槽压空管线快开阀HV-7105、压空喷射管线快开阀HV-7106无法打开。"",""S"",""#1.2"",""""],""sheet"":""N001""}",R线 HAZOP分析记录表.xls,HAZOP_DA_H_R_V1,1.5-hazop,1.0000,accepted
EVHZ_d7f630e3039ee487d056,Evidence,R线 HAZOP分析记录表.xls N001!13,R线 HAZOP分析记录表.xls N001!13,"1.4.1 硝化机压力过高 | 排烟机故障停 | 硝化机压力升高，可能正压，氧化氮气体窜至外部环境，人员可能中毒窒息伤亡 | 1.负压系统压力高PSH-7103触发联锁，停螺旋加料机电机，打开排空硝烟总管蝶阀HV-7108，打开蒸汽喷射球阀HV-7109，关闭负压总管蝶阀HV-7107；
2.视频监控CCTV；
3.人员现场巡检，应急处置;
4.排烟机运行状态指示 | 建议RDX硝化工房设置有毒气体浓度探测仪。","{""excel_row"":13,""raw_row"":[""1.4.1"",""压力"",""压力过高"",""1.4.1 硝化机压力过高"",""排烟机故障停"",""硝化机压力升高，可能正压，氧化氮气体窜至外部环境，人员可能中毒窒息伤亡"",""F"",""6"",""S"",""1.负压系统压力高PSH-7103触发联锁，停螺旋加料机电机，打开排空硝烟总管蝶阀HV-7108，打开蒸汽喷射球阀HV-7109，关闭负压总管蝶阀HV-7107；\n2.视频监控CCTV；\n3.人员现场巡检，应急处置;\n4.排烟机运行状态指示"",""F"",""5"",""S"",""建议RDX硝化工房设置有毒气体浓度探测仪。"","""",""#1.3"",""""],""sheet"":""N001""}",R线 HAZOP分析记录表.xls,HAZOP_DA_H_R_V1,1.5-hazop,1.0000,accepted
EVHZ_d8195ffa61f9371c1cc1,Evidence,H线HAZOP及SIL定级分析 HAZOP记录表.xls N001!23,H线HAZOP及SIL定级分析 HAZOP记录表.xls N001!23,1.7.1 硝酸铵输送空气出换热器温度过低 | TIC-2102回路故障（饱和蒸汽管线TV开度过小或关闭） | 输送空气出换热器温度降低，硝酸铵中水可能析出，引起硝酸铵结块堵塞设备管线，影响硝酸铵输送 | 1.罗茨鼓风机出口设有PI-2102,"{""excel_row"":23,""raw_row"":[""1.7.1"",""温度"",""温度过低"",""1.7.1 硝酸铵输送空气出换热器温度过低"",""TIC-2102回路故障（饱和蒸汽管线TV开度过小或关闭）"",""输送空气出换热器温度降低，硝酸铵中水可能析出，引起硝酸铵结块堵塞设备管线，影响硝酸铵输送"",""C"",""6"",""M"",""1.罗茨鼓风机出口设有PI-2102"",""C"",""6"",""M"","""","""","""","""",""""],""sheet"":""N001""}",H线HAZOP及SIL定级分析 HAZOP记录表.xls,HAZOP_DA_H_R_V1,1.5-hazop,1.0000,accepted
EVHZ_d8cbf4e30bd035efdae8,Evidence,R线 HAZOP分析记录表.xls N001!14,R线 HAZOP分析记录表.xls N001!14,"1.4.1 硝化机压力过高 | 硝化机硝烟管线上负压调节插板开度过小或关闭 | 硝化机压力升高，可能正压，氧化氮气体窜至外部环境，人员可能中毒窒息伤亡 | 1.视频监控CCTV；
2.人员现场巡检，应急处置;
3.调节硝化机负压调节插板开度时，双人操作 | 建议RDX硝化工房设置有毒气体浓度探测仪。","{""excel_row"":14,""raw_row"":[""1.4.1"",""压力"",""压力过高"",""1.4.1 硝化机压力过高"",""硝化机硝烟管线上负压调节插板开度过小或关闭"",""硝化机压力升高，可能正压，氧化氮气体窜至外部环境，人员可能中毒窒息伤亡"",""F"",""6"",""S"",""1.视频监控CCTV；\n2.人员现场巡检，应急处置;\n3.调节硝化机负压调节插板开度时，双人操作"",""F"",""5"",""S"",""建议RDX硝化工房设置有毒气体浓度探测仪。"","""",""#1.3"",""""],""sheet"":""N001""}",R线 HAZOP分析记录表.xls,HAZOP_DA_H_R_V1,1.5-hazop,1.0000,accepted
EVHZ_d96311b6a01ee6210ea4,Evidence,R线 HAZOP分析记录表.xls N003!6,R线 HAZOP分析记录表.xls N003!6,3.4.1 热压煮洗机压力过高 | 热压煮洗机保温保压步骤，排气管线上手阀关闭，但蒸汽管线上手阀未关闭 | 热压煮洗机温度升高，RDX可能分解爆炸 | 建议蒸汽进界区设置压力调节回路，控制蒸汽压力及温度；并设置温度高高（低于RDX分解温度150℃，如温度高高联锁设定值设置135℃）联锁切断蒸汽进料。 | RDX在不同浓度下，爆炸时温度机理研究,"{""excel_row"":6,""raw_row"":[""3.4.1"",""压力"",""压力过高"",""3.4.1 热压煮洗机压力过高"",""热压煮洗机保温保压步骤，排气管线上手阀关闭，但蒸汽管线上手阀未关闭"",""热压煮洗机温度升高，RDX可能分解爆炸"",""E"",""5"",""H"","""",""E"",""5"",""H"",""建议蒸汽进界区设置压力调节回路，控制蒸汽压力及温度；并设置温度高高（低于RDX分解温度150℃，如温度高高联锁设定值设置135℃）联锁切断蒸汽进料。"","""",""#3.1"",""RDX在不同浓度下，爆炸时温度机理研究""],""sheet"":""N003""}",R线 HAZOP分析记录表.xls,HAZOP_DA_H_R_V1,1.5-hazop,1.0000,accepted
EVHZ_d9657b4ba4c5a648a560,Evidence,H线HAZOP及SIL定级分析 HAZOP记录表.xls N002!18,H线HAZOP及SIL定级分析 HAZOP记录表.xls N002!18,2.6.1 乌洛托品输送空气出换热器温度过高 | TIC-回路故障（饱和蒸汽管线TV开度过大） | 输送空气出换热器温度升高，乌洛托品可能结块堵塞设备管线，影响乌洛托品输送 | 1.罗茨鼓风机出口设有PI-,"{""excel_row"":18,""raw_row"":[""2.6.1"",""温度"",""温度过高"",""2.6.1 乌洛托品输送空气出换热器温度过高"",""TIC-回路故障（饱和蒸汽管线TV开度过大）"",""输送空气出换热器温度升高，乌洛托品可能结块堵塞设备管线，影响乌洛托品输送"",""C"",""6"",""M"",""1.罗茨鼓风机出口设有PI-"",""C"",""6"",""M"","""","""","""","""",""""],""sheet"":""N002""}",H线HAZOP及SIL定级分析 HAZOP记录表.xls,HAZOP_DA_H_R_V1,1.5-hazop,1.0000,accepted
EVHZ_d9ab3915a190dd0157e4,Evidence,DA线HAZOP分析记录表.xls N001!35,DA线HAZOP分析记录表.xls N001!35,1.12.1 静电 | 叠氮化钠加料过程静电 | 静电事故，潜在爆炸，人员伤害风险 | 1.设备接地，等电位连接,"{""excel_row"":35,""raw_row"":[""1.12.1"",""其他"",""静电"",""1.12.1 静电"",""叠氮化钠加料过程静电"",""静电事故，潜在爆炸，人员伤害风险"",""D"",""6"",""H"",""1.设备接地，等电位连接"",""D"",""5"",""H"","""","""","""",""""],""sheet"":""N001""}",DA线HAZOP分析记录表.xls,HAZOP_DA_H_R_V1,1.5-hazop,1.0000,accepted
EVHZ_dae35827f4fcccf72d2a,Evidence,DA线HAZOP分析记录表.xls N001!46,DA线HAZOP分析记录表.xls N001!46,1.19.1 公用工程故障 | 冷却水故障 | 延长反应后物料降温时间，无安全影响,"{""excel_row"":46,""raw_row"":[""1.19.1"",""公用工程"",""公用工程故障"",""1.19.1 公用工程故障"",""冷却水故障"",""延长反应后物料降温时间，无安全影响"",""A"",""6"",""L"","""",""A"",""6"",""L"","""","""","""",""""],""sheet"":""N001""}",DA线HAZOP分析记录表.xls,HAZOP_DA_H_R_V1,1.5-hazop,1.0000,accepted
EVHZ_db1ef9804528e88c034f,Evidence,DA线HAZOP分析记录表.xls N002!14,DA线HAZOP分析记录表.xls N002!14,2.3.1 有机相与废水放料错误 | 放料过程阀门开关错误，有机相与废水放料错误 | 有机相放料至废水收集槽，产品损失 | 1.废水槽内有机相可重新回炼 | 建议萃取洗涤釜至废水收集槽管线上阀门设置萃取洗涤釜高液位/高界位禁止打开措施。,"{""excel_row"":14,""raw_row"":[""2.3.1"",""流量"",""逆流"",""2.3.1 有机相与废水放料错误"",""放料过程阀门开关错误，有机相与废水放料错误"",""有机相放料至废水收集槽，产品损失"",""B"",""8"",""H"",""1.废水槽内有机相可重新回炼"",""B"",""8"",""H"",""建议萃取洗涤釜至废水收集槽管线上阀门设置萃取洗涤釜高液位/高界位禁止打开措施。"",""O"",""#2.3"",""""],""sheet"":""N002""}",DA线HAZOP分析记录表.xls,HAZOP_DA_H_R_V1,1.5-hazop,1.0000,accepted
EVHZ_dc38d226a1a924e70c1a,Evidence,H线HAZOP及SIL定级分析 HAZOP记录表.xls N003!11,H线HAZOP及SIL定级分析 HAZOP记录表.xls N003!11,3.2.2 1#硝化机铵硝溶液加注流量过低或无流量 | FIQC-1704回路故障（铵硝溶液进料管线上FV开度过小或关闭） | 1#硝化机内铵硝比例减少，硝化反应速率降低，温度降低，产品得率降低,"{""excel_row"":11,""raw_row"":[""3.2.2"",""流量"",""流量过低或无流量"",""3.2.2 1#硝化机铵硝溶液加注流量过低或无流量"",""FIQC-1704回路故障（铵硝溶液进料管线上FV开度过小或关闭）"",""1#硝化机内铵硝比例减少，硝化反应速率降低，温度降低，产品得率降低"",""C"",""6"",""M"","""","""","""","""","""","""","""","""",""""],""sheet"":""N003""}",H线HAZOP及SIL定级分析 HAZOP记录表.xls,HAZOP_DA_H_R_V1,1.5-hazop,1.0000,accepted
EVHZ_defdb64b2af4fbaa9e78,Evidence,H线HAZOP及SIL定级分析 HAZOP记录表.xls N004!26,H线HAZOP及SIL定级分析 HAZOP记录表.xls N004!26,4.14.1 排净,"{""excel_row"":26,""raw_row"":[""4.14.1"",""运行"",""排净"",""4.14.1 排净"","""","""","""","""","""","""","""","""","""","""","""","""","""",""""],""sheet"":""N004""}",H线HAZOP及SIL定级分析 HAZOP记录表.xls,HAZOP_DA_H_R_V1,1.5-hazop,1.0000,accepted
EVHZ_e006bb28c05ed27e6613,Evidence,R线 HAZOP分析记录表.xls N001!25,R线 HAZOP分析记录表.xls N001!25,"1.6.1 硝化机温度过高 | 硝化机搅拌器故障停 | 硝化机反应局部温度过高，存在爆炸风险，人员伤亡 | 1.硝化机搅拌器停机信号触发联锁，停螺旋加料机电机；
2.双回路供电；
3.备用柴油发电机；
4.硝化机设有TAH-7102；
5.硝化机温度高高TSHH-7102触发联锁，停螺旋加料机电机；
6.硝化机温度高高高TSHHH-7102触发联锁，打开硝化机放料阀HV-7101，打开安全槽压空管线快开阀HV-7105，打开压空喷射管线快开阀HV-7106 | 建议硝酸进料管线上增设独立切断阀，酸水管线上增设独立切断阀，1#硝化机TSHH-7102温度高高联锁进独立SIS系统，停螺旋加料机电机，关闭硝酸进料管线上新增切断阀，关闭酸水管线上切断阀；
TSHHH-7102温度高高高联锁进独立SIS系统，打开硝化机放料阀HV-7101，打开安全槽压空管线快开阀HV-7105，打开压空喷射管线快开阀HV-7106。","{""excel_row"":25,""raw_row"":[""1.6.1"",""温度"",""温度过高"",""1.6.1 硝化机温度过高"",""硝化机搅拌器故障停"",""硝化机反应局部温度过高，存在爆炸风险，人员伤亡"",""F"",""6"",""S"",""1.硝化机搅拌器停机信号触发联锁，停螺旋加料机电机；\n2.双回路供电；\n3.备用柴油发电机；\n4.硝化机设有TAH-7102；\n5.硝化机温度高高TSHH-7102触发联锁，停螺旋加料机电机；\n6.硝化机温度高高高TSHHH-7102触发联锁，打开硝化机放料阀HV-7101，打开安全槽压空管线快开阀HV-7105，打开压空喷射管线快开阀HV-7106"",""F"",""3"",""H"",""建议硝酸进料管线上增设独立切断阀，酸水管线上增设独立切断阀，1#硝化机TSHH-7102温度高高联锁进独立SIS系统，停螺旋加料机电机，关闭硝酸进料管线上新增切断阀，关闭酸水管线上切断阀；\nTSHHH-7102温度高高高联锁进独立SIS系统，打开硝化机放料阀HV-7101，打开安全槽压空管线快开阀HV-7105，打开压空喷射管线快开阀HV-7106。"","""",""#1.1"",""""],""sheet"":""N001""}",R线 HAZOP分析记录表.xls,HAZOP_DA_H_R_V1,1.5-hazop,1.0000,accepted
EVHZ_e031456292e9dd8b198d,Evidence,H线HAZOP及SIL定级分析 HAZOP记录表.xls N003!23,H线HAZOP及SIL定级分析 HAZOP记录表.xls N003!23,3.6.1 1#硝化机温度过高 | 参见本节点流量讨论,"{""excel_row"":23,""raw_row"":[""3.6.1"",""温度"",""温度过高"",""3.6.1 1#硝化机温度过高"",""参见本节点流量讨论"","""","""","""","""","""","""","""","""","""","""","""","""",""""],""sheet"":""N003""}",H线HAZOP及SIL定级分析 HAZOP记录表.xls,HAZOP_DA_H_R_V1,1.5-hazop,1.0000,accepted
EVHZ_e07d0ed8e04b51d38e80,Evidence,R线 HAZOP分析记录表.xls N001!20,R线 HAZOP分析记录表.xls N001!20,"1.5.2 成熟机压力过低 | 成熟机硝烟管线上负压调节插板开度过大 | 成熟机负压过低时，乌洛托品可能窜至硝烟回收系统，可能在硝烟回收系统设备管道内着火爆炸 | 1.成熟机乌洛托品下料口与硝烟排放口对称布置；
2.成熟机设有现场负压表；
3.视频监控CCTV；
4.人员现场巡检，应急处置","{""excel_row"":20,""raw_row"":[""1.5.2"",""压力"",""压力过低"",""1.5.2 成熟机压力过低"",""成熟机硝烟管线上负压调节插板开度过大"",""成熟机负压过低时，乌洛托品可能窜至硝烟回收系统，可能在硝烟回收系统设备管道内着火爆炸"",""E"",""6"",""S"",""1.成熟机乌洛托品下料口与硝烟排放口对称布置；\n2.成熟机设有现场负压表；\n3.视频监控CCTV；\n4.人员现场巡检，应急处置"",""E"",""5"",""H"","""","""","""",""""],""sheet"":""N001""}",R线 HAZOP分析记录表.xls,HAZOP_DA_H_R_V1,1.5-hazop,1.0000,accepted
EVHZ_e0d207580ac451696117,Evidence,DA线HAZOP分析记录表.xls N001!48,DA线HAZOP分析记录表.xls N001!48,1.19.1 公用工程故障 | 电力故障 | 搅拌停车，固体物料未充分溶解时，再次开启，可能发生撞击爆炸事故；热水循环泵停车，合成釜温度降低，晶体析出，再次开启搅拌器可能发生撞击爆炸事故 | 确认应设置双回路供电，并实现自动切换。,"{""excel_row"":48,""raw_row"":[""1.19.1"",""公用工程"",""公用工程故障"",""1.19.1 公用工程故障"",""电力故障"",""搅拌停车，固体物料未充分溶解时，再次开启，可能发生撞击爆炸事故；热水循环泵停车，合成釜温度降低，晶体析出，再次开启搅拌器可能发生撞击爆炸事故"",""D"",""6"",""H"","""",""D"",""6"",""H"",""确认应设置双回路供电，并实现自动切换。"",""S"",""#1.20"",""""],""sheet"":""N001""}",DA线HAZOP分析记录表.xls,HAZOP_DA_H_R_V1,1.5-hazop,1.0000,accepted
EVHZ_e1df46d23bfbabfa5bfa,Evidence,DA线HAZOP分析记录表.xls N001!29,DA线HAZOP分析记录表.xls N001!29,1.9.2 合成釜加料后液位过低 | 合成釜设备、管线、管件等泄漏 | 物料损失 | 1.每批次固体物料加料前，现场确认 | 考虑车间内根据GB-50493设置可燃有毒气体监测报警设施。,"{""excel_row"":29,""raw_row"":[""1.9.2"",""液位"",""液位过低或无液位"",""1.9.2 合成釜加料后液位过低"",""合成釜设备、管线、管件等泄漏"",""物料损失"",""A"",""7"",""M"",""1.每批次固体物料加料前，现场确认"",""A"",""7"",""M"",""考虑车间内根据GB-50493设置可燃有毒气体监测报警设施。"",""S"",""#1.12"",""""],""sheet"":""N001""}",DA线HAZOP分析记录表.xls,HAZOP_DA_H_R_V1,1.5-hazop,1.0000,accepted
EVHZ_e2b7576aa454f16f1328,Evidence,H线HAZOP及SIL定级分析 HAZOP记录表.xls N002!13,H线HAZOP及SIL定级分析 HAZOP记录表.xls N002!13,"2.2.4 醋酸加注总量过低 | 醋酸加注量过低 | 乌醋液中乌洛托品浓度升高，反应速率增加，温度快速上升，乌醋配机内物料可能分解，乌醋配机内可能发生燃爆，人员伤亡，环境污染 | 1.乌醋配机乌醋溶液配制完毕后取样分析；
2.乌醋液贮槽乌醋溶液配制完毕后取样分析","{""excel_row"":13,""raw_row"":[""2.2.4"",""流量"",""流量过低或无流量"",""2.2.4 醋酸加注总量过低"",""醋酸加注量过低"",""乌醋液中乌洛托品浓度升高，反应速率增加，温度快速上升，乌醋配机内物料可能分解，乌醋配机内可能发生燃爆，人员伤亡，环境污染"",""E"",""5"",""H"",""1.乌醋配机乌醋溶液配制完毕后取样分析；\n2.乌醋液贮槽乌醋溶液配制完毕后取样分析"",""E"",""5"",""H"","""","""","""","""",""""],""sheet"":""N002""}",H线HAZOP及SIL定级分析 HAZOP记录表.xls,HAZOP_DA_H_R_V1,1.5-hazop,1.0000,accepted
EVHZ_e35a95cf1cb25f90fd5c,Evidence,DA线HAZOP分析记录表.xls N001!17,DA线HAZOP分析记录表.xls N001!17,1.3.1 二甲基亚砜与冲洗水间错误流向 | 二甲基亚砜加料过程中，冲洗水阀门误开或内漏 | 冲洗水进入合成釜，影响产品质量 | 1.二甲基亚砜管线冲洗前，人工确认 | 建议冲洗水管线阀门与二甲基亚砜加料阀门做互锁，防止冲洗水进入合成釜。,"{""excel_row"":17,""raw_row"":[""1.3.1"",""流量"",""逆流"",""1.3.1 二甲基亚砜与冲洗水间错误流向"",""二甲基亚砜加料过程中，冲洗水阀门误开或内漏"",""冲洗水进入合成釜，影响产品质量"",""B"",""6"",""M"",""1.二甲基亚砜管线冲洗前，人工确认"",""B"",""6"",""M"",""建议冲洗水管线阀门与二甲基亚砜加料阀门做互锁，防止冲洗水进入合成釜。"",""O"",""#1.7"",""""],""sheet"":""N001""}",DA线HAZOP分析记录表.xls,HAZOP_DA_H_R_V1,1.5-hazop,1.0000,accepted
EVHZ_e4459cf4f6be9a556481,Evidence,H线HAZOP及SIL定级分析 HAZOP记录表.xls N002!12,H线HAZOP及SIL定级分析 HAZOP记录表.xls N002!12,2.2.3 乌洛托品固体自乌洛托品下料器至乌醋配机总量过低 | 乌洛托品固体投料量过低 | 乌醋液中乌洛托品浓度降低，影响产品质量，无明显安全影响,"{""excel_row"":12,""raw_row"":[""2.2.3"",""流量"",""流量过低或无流量"",""2.2.3 乌洛托品固体自乌洛托品下料器至乌醋配机总量过低"",""乌洛托品固体投料量过低"",""乌醋液中乌洛托品浓度降低，影响产品质量，无明显安全影响"","""","""","""","""","""","""","""","""","""","""","""",""""],""sheet"":""N002""}",H线HAZOP及SIL定级分析 HAZOP记录表.xls,HAZOP_DA_H_R_V1,1.5-hazop,1.0000,accepted
EVHZ_e5bf152ff710881257d8,Evidence,DA线HAZOP分析记录表.xls N001!36,DA线HAZOP分析记录表.xls N001!36,1.13.1 维护/隔离 | 系统个别位置检维修隔离 | 隔离不彻底，导致检维修事故 | 系统检修应考虑隔离措施（盲板）。,"{""excel_row"":36,""raw_row"":[""1.13.1"",""运行"",""维护/隔离"",""1.13.1 维护/隔离"",""系统个别位置检维修隔离"",""隔离不彻底，导致检维修事故"",""D"",""6"",""H"","""",""D"",""6"",""H"",""系统检修应考虑隔离措施（盲板）。"",""S"",""#1.14"",""""],""sheet"":""N001""}",DA线HAZOP分析记录表.xls,HAZOP_DA_H_R_V1,1.5-hazop,1.0000,accepted
EVHZ_e6386c7f023ec0d154ba,Evidence,DA线HAZOP分析记录表.xls N002!34,DA线HAZOP分析记录表.xls N002!34,2.17.1 部分泄漏 | 设备管线、法兰泄漏 | 二氯甲烷泄漏至外部环境，人员中毒风险 | 考虑车间内根据GB-50493设置可燃有毒气体监测报警设施。,"{""excel_row"":34,""raw_row"":[""2.17.1"",""泄漏"",""部分泄漏"",""2.17.1 部分泄漏"",""设备管线、法兰泄漏"",""二氯甲烷泄漏至外部环境，人员中毒风险"",""C"",""6"",""M"","""",""C"",""6"",""M"",""考虑车间内根据GB-50493设置可燃有毒气体监测报警设施。"",""S"",""#1.12"",""""],""sheet"":""N002""}",DA线HAZOP分析记录表.xls,HAZOP_DA_H_R_V1,1.5-hazop,1.0000,accepted
EVHZ_e678ece5794bbf0119e9,Evidence,H线HAZOP及SIL定级分析 HAZOP记录表.xls N002!26,H线HAZOP及SIL定级分析 HAZOP记录表.xls N002!26,"2.17.2 乌醋溶液配制过程步骤执行不足，未投用循环水或循环水压力低供应中断 | 未投用循环水或循环水压力低供应中断 | 乌醋配机内溶液热量积聚，温度升高，可能达到乌洛托品分解温度，潜在爆炸风险 | 1.循环水总管压力低时，人员现场切换至备用生消水系统；
2.循坏水总管设有PSLL触发联锁，停进料 | 机理有待研究","{""excel_row"":26,""raw_row"":[""2.17.2"",""操作步骤"",""步骤执行不足"",""2.17.2 乌醋溶液配制过程步骤执行不足，未投用循环水或循环水压力低供应中断"",""未投用循环水或循环水压力低供应中断"",""乌醋配机内溶液热量积聚，温度升高，可能达到乌洛托品分解温度，潜在爆炸风险"",""D"",""5"",""H"",""1.循环水总管压力低时，人员现场切换至备用生消水系统；\n2.循坏水总管设有PSLL触发联锁，停进料"",""D"",""4"",""M"","""","""","""","""",""机理有待研究""],""sheet"":""N002""}",H线HAZOP及SIL定级分析 HAZOP记录表.xls,HAZOP_DA_H_R_V1,1.5-hazop,1.0000,accepted
EVHZ_e6800d404f4247d3fba2,Evidence,H线HAZOP及SIL定级分析 HAZOP记录表.xls N003!20,H线HAZOP及SIL定级分析 HAZOP记录表.xls N003!20,"3.6.1 1#硝化机温度过高 | 1#硝化机TIC-1707回路故障（循环水管线上TV-1707开度过小或关闭） | 1#硝化机温度升高，硝化反应速率增加，硝化机内物料可能分解，1#硝化机内可能发生燃爆，人员伤亡，环境污染 | 1.1#硝化机设有TSHH-1707触发联锁，停进料；
2.1#硝化机设有TSHHH-1707触发联锁，打开底部卸料阀KV-1702 | 1#硝化机增设独立远传温度TT，设置TSHH温度高高联锁进独立SIS系统，停进料；TSHHH温度高高高联锁进独立SIS系统，打开底部卸料阀KV-1702。","{""excel_row"":20,""raw_row"":[""3.6.1"",""温度"",""温度过高"",""3.6.1 1#硝化机温度过高"",""1#硝化机TIC-1707回路故障（循环水管线上TV-1707开度过小或关闭）"",""1#硝化机温度升高，硝化反应速率增加，硝化机内物料可能分解，1#硝化机内可能发生燃爆，人员伤亡，环境污染"",""E"",""6"",""S"",""1.1#硝化机设有TSHH-1707触发联锁，停进料；\n2.1#硝化机设有TSHHH-1707触发联锁，打开底部卸料阀KV-1702"",""E"",""6"",""S"",""1#硝化机增设独立远传温度TT，设置TSHH温度高高联锁进独立SIS系统，停进料；TSHHH温度高高高联锁进独立SIS系统，打开底部卸料阀KV-1702。"",""S"",""#3.2"","""",""""],""sheet"":""N003""}",H线HAZOP及SIL定级分析 HAZOP记录表.xls,HAZOP_DA_H_R_V1,1.5-hazop,1.0000,accepted
EVHZ_e70e91e3f4cff0b364ae,Evidence,DA线HAZOP分析记录表.xls N003!8,DA线HAZOP分析记录表.xls N003!8,3.3.1 冷冻水与二氯甲烷间错误流向 | 冷凝器换热管内漏 | 冷冻水泄漏至二氯甲烷收集槽，二氯甲烷中含水量过高，影响产品萃取效果 | 考虑二氯甲烷收集槽增设界位计，并定期切水。,"{""excel_row"":8,""raw_row"":[""3.3.1"",""流量"",""逆流"",""3.3.1 冷冻水与二氯甲烷间错误流向"",""冷凝器换热管内漏"",""冷冻水泄漏至二氯甲烷收集槽，二氯甲烷中含水量过高，影响产品萃取效果"",""B"",""6"",""M"","""",""B"",""6"",""M"",""考虑二氯甲烷收集槽增设界位计，并定期切水。"",""O"",""#3.1"",""""],""sheet"":""N003""}",DA线HAZOP分析记录表.xls,HAZOP_DA_H_R_V1,1.5-hazop,1.0000,accepted
EVHZ_e7284c89e354514d0d60,Evidence,DA线HAZOP分析记录表.xls N003!12,DA线HAZOP分析记录表.xls N003!12,"3.4.2 毛细管蒸馏釜压力过高 | HSV-6249故障误关 | 毛细管蒸馏釜压力升高，严重时可能超压泄漏 | 1.毛细管蒸馏釜上PAH-6203；
2.TAH-6212","{""excel_row"":12,""raw_row"":[""3.4.2"",""压力"",""压力过高"",""3.4.2 毛细管蒸馏釜压力过高"",""HSV-6249故障误关"",""毛细管蒸馏釜压力升高，严重时可能超压泄漏"",""D"",""7"",""S"",""1.毛细管蒸馏釜上PAH-6203；\n2.TAH-6212"",""D"",""6"",""H"","""","""","""",""""],""sheet"":""N003""}",DA线HAZOP分析记录表.xls,HAZOP_DA_H_R_V1,1.5-hazop,1.0000,accepted
EVHZ_e7af7332b3c1cc55c177,Evidence,H线HAZOP及SIL定级分析 HAZOP记录表.xls N004!9,H线HAZOP及SIL定级分析 HAZOP记录表.xls N004!9,"4.4.1 混合溶剂蒸馏机压力过高 | TIC-2207回路故障（蒸汽管线上TV开度过大） | 蒸馏机升温速率过快，压力升高，可能冒料，物料泄放至外部环境，潜在爆炸风险，人员伤亡 | 1.人员现场操作；
2.操作规程;
3.视频监控CCTV","{""excel_row"":9,""raw_row"":[""4.4.1"",""压力"",""压力过高"",""4.4.1 混合溶剂蒸馏机压力过高"",""TIC-2207回路故障（蒸汽管线上TV开度过大）"",""蒸馏机升温速率过快，压力升高，可能冒料，物料泄放至外部环境，潜在爆炸风险，人员伤亡"",""D"",""6"",""H"",""1.人员现场操作；\n2.操作规程;\n3.视频监控CCTV"",""D"",""4"",""M"","""","""","""","""",""""],""sheet"":""N004""}",H线HAZOP及SIL定级分析 HAZOP记录表.xls,HAZOP_DA_H_R_V1,1.5-hazop,1.0000,accepted
EVHZ_ea8832f64ec3606515bf,Evidence,R线 HAZOP分析记录表.xls N001!33,R线 HAZOP分析记录表.xls N001!33,"1.15.1 公用工程故障 | 电力供应中断，硝化机搅拌器停 | 硝化机反应局部温度过高，存在爆炸风险，人员伤亡 | 1.硝化机搅拌器停机信号触发联锁，停螺旋加料机电机；
2.双回路供电；
3.备用柴油发电机；
4.硝化机设有TAH-7102；
5.硝化机温度高高TSHH-7102触发联锁，停螺旋加料机电机；
6.硝化机温度高高高TSHHH-7102触发联锁，打开硝化机放料阀HV-7101，打开安全槽压空管线快开阀HV-7105，打开压空喷射管线快开阀HV-7106 | 建议硝酸进料管线上增设独立切断阀，酸水管线上增设独立切断阀，1#硝化机TSHH-7102温度高高联锁进独立SIS系统，停螺旋加料机电机，关闭硝酸进料管线上新增切断阀，关闭酸水管线上切断阀；
TSHHH-7102温度高高高联锁进独立SIS系统，打开硝化机放料阀HV-7101，打开安全槽压空管线快开阀HV-7105，打开压空喷射管线快开阀HV-7106。","{""excel_row"":33,""raw_row"":[""1.15.1"",""公用工程"",""公用工程故障"",""1.15.1 公用工程故障"",""电力供应中断，硝化机搅拌器停"",""硝化机反应局部温度过高，存在爆炸风险，人员伤亡"",""F"",""6"",""S"",""1.硝化机搅拌器停机信号触发联锁，停螺旋加料机电机；\n2.双回路供电；\n3.备用柴油发电机；\n4.硝化机设有TAH-7102；\n5.硝化机温度高高TSHH-7102触发联锁，停螺旋加料机电机；\n6.硝化机温度高高高TSHHH-7102触发联锁，打开硝化机放料阀HV-7101，打开安全槽压空管线快开阀HV-7105，打开压空喷射管线快开阀HV-7106"",""F"",""3"",""H"",""建议硝酸进料管线上增设独立切断阀，酸水管线上增设独立切断阀，1#硝化机TSHH-7102温度高高联锁进独立SIS系统，停螺旋加料机电机，关闭硝酸进料管线上新增切断阀，关闭酸水管线上切断阀；\nTSHHH-7102温度高高高联锁进独立SIS系统，打开硝化机放料阀HV-7101，打开安全槽压空管线快开阀HV-7105，打开压空喷射管线快开阀HV-7106。"","""",""#1.1"",""""],""sheet"":""N001""}",R线 HAZOP分析记录表.xls,HAZOP_DA_H_R_V1,1.5-hazop,1.0000,accepted
EVHZ_f3adc5198ee432521e85,Evidence,DA线HAZOP分析记录表.xls N001!37,DA线HAZOP分析记录表.xls N001!37,1.14.1 吹扫/放空 | 本节点无特别关注项 | 1.相关吹扫/放空设施已设置,"{""excel_row"":37,""raw_row"":[""1.14.1"",""运行"",""吹扫/放空"",""1.14.1 吹扫/放空"",""本节点无特别关注项"","""",""A"",""6"",""L"",""1.相关吹扫/放空设施已设置"",""A"",""6"",""L"","""","""","""",""""],""sheet"":""N001""}",DA线HAZOP分析记录表.xls,HAZOP_DA_H_R_V1,1.5-hazop,1.0000,accepted
EVHZ_f43faa480984f92ff547,Evidence,H线HAZOP及SIL定级分析 HAZOP记录表.xls N003!9,H线HAZOP及SIL定级分析 HAZOP记录表.xls N003!9,3.1.6 5#硝化机稀释水加注流量过高 | FIQC-1708回路故障（稀释水进料管线上FV开度过大） | 无明显安全影响,"{""excel_row"":9,""raw_row"":[""3.1.6"",""流量"",""流量过高"",""3.1.6 5#硝化机稀释水加注流量过高"",""FIQC-1708回路故障（稀释水进料管线上FV开度过大）"",""无明显安全影响"","""","""","""","""","""","""","""","""","""","""","""",""""],""sheet"":""N003""}",H线HAZOP及SIL定级分析 HAZOP记录表.xls,HAZOP_DA_H_R_V1,1.5-hazop,1.0000,accepted
EVHZ_f51d540c3db06d29e01c,Evidence,DA线HAZOP分析记录表.xls N003!19,DA线HAZOP分析记录表.xls N003!19,3.7.1 常压蒸馏塔温度过低 | 参见“3.5.1 常压蒸馏塔压力过低”,"{""excel_row"":19,""raw_row"":[""3.7.1"",""温度"",""温度过低"",""3.7.1 常压蒸馏塔温度过低"",""参见“3.5.1 常压蒸馏塔压力过低”"","""","""","""","""","""","""","""","""","""","""","""",""""],""sheet"":""N003""}",DA线HAZOP分析记录表.xls,HAZOP_DA_H_R_V1,1.5-hazop,1.0000,accepted
EVHZ_f54d233db90da2ea15f2,Evidence,H线HAZOP及SIL定级分析 HAZOP记录表.xls N005!6,H线HAZOP及SIL定级分析 HAZOP记录表.xls N005!6,5.3.1 逆流或错误流向,"{""excel_row"":6,""raw_row"":[""5.3.1"",""流量"",""逆流"",""5.3.1 逆流或错误流向"","""","""","""","""","""","""","""","""","""","""","""","""","""",""""],""sheet"":""N005""}",H线HAZOP及SIL定级分析 HAZOP记录表.xls,HAZOP_DA_H_R_V1,1.5-hazop,1.0000,accepted
EVHZ_f552d02bc19a386ce957,Evidence,R线 HAZOP分析记录表.xls N002!16,R线 HAZOP分析记录表.xls N002!16,"2.10.2 硝化工序来硝化液中副产物过高 | 上游硝化工序来硝化液中副产物过高（硝化机进料配比不当，参见第一节点流量高低描述） | 副产物氧化速率过快，结晶机温度升高，发生冒料，人员中毒灼伤 | 1.结晶机温度高高TSHH-7106触发联锁，停螺旋加料机电机；
2.结晶机温度高高高85℃时，人员中控室遥控打开硝化机放料阀HV-7101，打开安全槽压空管线快开阀HV-7105，打开压空喷射管线快开阀HV-7106","{""excel_row"":16,""raw_row"":[""2.10.2"",""组分"",""杂质"",""2.10.2 硝化工序来硝化液中副产物过高"",""上游硝化工序来硝化液中副产物过高（硝化机进料配比不当，参见第一节点流量高低描述）"",""副产物氧化速率过快，结晶机温度升高，发生冒料，人员中毒灼伤"",""C"",""6"",""M"",""1.结晶机温度高高TSHH-7106触发联锁，停螺旋加料机电机；\n2.结晶机温度高高高85℃时，人员中控室遥控打开硝化机放料阀HV-7101，打开安全槽压空管线快开阀HV-7105，打开压空喷射管线快开阀HV-7106"",""C"",""5"",""M"","""","""","""",""""],""sheet"":""N002""}",R线 HAZOP分析记录表.xls,HAZOP_DA_H_R_V1,1.5-hazop,1.0000,accepted
EVHZ_f7a7145aecf90a869100,Evidence,DA线HAZOP分析记录表.xls N002!21,DA线HAZOP分析记录表.xls N002!21,2.7.1 脱色釜温度过低 | 热水循环泵故障 | 脱色釜温度降低，影响脱色效果，影响产品质量 | 1.脱色釜上TI-6211,"{""excel_row"":21,""raw_row"":[""2.7.1"",""温度"",""温度过低"",""2.7.1 脱色釜温度过低"",""热水循环泵故障"",""脱色釜温度降低，影响脱色效果，影响产品质量"",""B"",""7"",""M"",""1.脱色釜上TI-6211"",""B"",""7"",""M"","""","""","""",""""],""sheet"":""N002""}",DA线HAZOP分析记录表.xls,HAZOP_DA_H_R_V1,1.5-hazop,1.0000,accepted
EVHZ_f82fd5a33a84f58d2e99,Evidence,H线HAZOP及SIL定级分析 HAZOP记录表.xls N002!17,H线HAZOP及SIL定级分析 HAZOP记录表.xls N002!17,2.5.1 布袋除尘器差压过低 | 正常操作工况差压低,"{""excel_row"":17,""raw_row"":[""2.5.1"",""压力"",""压力过低"",""2.5.1 布袋除尘器差压过低"",""正常操作工况差压低"","""","""","""","""","""","""","""","""","""","""","""","""",""""],""sheet"":""N002""}",H线HAZOP及SIL定级分析 HAZOP记录表.xls,HAZOP_DA_H_R_V1,1.5-hazop,1.0000,accepted
EVHZ_fa59ea27e5e830bdafcc,Evidence,H线HAZOP及SIL定级分析 HAZOP记录表.xls N001!21,H线HAZOP及SIL定级分析 HAZOP记录表.xls N001!21,1.6.2 硝铵机温度过高 | TIC-1704回路故障（循环水管线上TV开度过小或关闭） | 铵硝配机内溶液热量积聚，温度升高，可能依次达到硝酸、硝酸铵分解温度，潜在爆炸风险 | 后果描述不明确,"{""excel_row"":21,""raw_row"":[""1.6.2"",""温度"",""温度过高"",""1.6.2 硝铵机温度过高"",""TIC-1704回路故障（循环水管线上TV开度过小或关闭）"",""铵硝配机内溶液热量积聚，温度升高，可能依次达到硝酸、硝酸铵分解温度，潜在爆炸风险"","""","""","""","""","""","""","""","""","""","""","""",""后果描述不明确""],""sheet"":""N001""}",H线HAZOP及SIL定级分析 HAZOP记录表.xls,HAZOP_DA_H_R_V1,1.5-hazop,1.0000,accepted
EVHZ_fae683311ec5b1927cce,Evidence,DA线HAZOP分析记录表.xls N001!31,DA线HAZOP分析记录表.xls N001!31,1.10.2 吉納中杂质 | 吉纳分包转运过程中混入机械杂质 | 金属等机械杂质在吉纳中的影响待研究。,"{""excel_row"":31,""raw_row"":[""1.10.2"",""组分"",""杂质"",""1.10.2 吉納中杂质"",""吉纳分包转运过程中混入机械杂质"","""","""","""","""","""","""","""","""","""","""","""",""金属等机械杂质在吉纳中的影响待研究。""],""sheet"":""N001""}",DA线HAZOP分析记录表.xls,HAZOP_DA_H_R_V1,1.5-hazop,1.0000,accepted
EVHZ_fb54999f91aa32fe328e,Evidence,H线HAZOP及SIL定级分析 HAZOP记录表.xls N001!14,H线HAZOP及SIL定级分析 HAZOP记录表.xls N001!14,1.3.1 逆流或错误流向 | 铵硝配机蛇管泄露 | 循环水窜至铵硝配机内，局部放热量增加，局部温升过快，可能依次达到硝酸、硝酸铵分解温度，潜在爆炸风险 | 1.铵硝配机设有TIC-1704带TAH | 后果描述不明确,"{""excel_row"":14,""raw_row"":[""1.3.1"",""流量"",""逆流"",""1.3.1 逆流或错误流向"",""铵硝配机蛇管泄露"",""循环水窜至铵硝配机内，局部放热量增加，局部温升过快，可能依次达到硝酸、硝酸铵分解温度，潜在爆炸风险"",""D"",""5"",""H"",""1.铵硝配机设有TIC-1704带TAH"",""D"",""4"",""M"","""","""","""","""",""后果描述不明确""],""sheet"":""N001""}",H线HAZOP及SIL定级分析 HAZOP记录表.xls,HAZOP_DA_H_R_V1,1.5-hazop,1.0000,accepted
EVHZ_fb820c6b6d36da8541b8,Evidence,DA线HAZOP分析记录表.xls N003!21,DA线HAZOP分析记录表.xls N003!21,3.8.1 液位过高 | 本节点无特别关注项,"{""excel_row"":21,""raw_row"":[""3.8.1"",""液位"",""液位过高"",""3.8.1 液位过高"",""本节点无特别关注项"","""","""","""","""","""","""","""","""","""","""","""",""""],""sheet"":""N003""}",DA线HAZOP分析记录表.xls,HAZOP_DA_H_R_V1,1.5-hazop,1.0000,accepted
EVHZ_fd0bc0f06c46ff1950b2,Evidence,R线 HAZOP分析记录表.xls N003!9,R线 HAZOP分析记录表.xls N003!9,"3.16.1 步骤执行不足 | 热压煮洗机脱盐水补水量过大 | 热压煮洗机液位升高，可能冒料，环境污染，人员灼伤；
热压煮洗机升温过程中，可能超压损坏，物料泄漏，人员灼伤 | 1.热压煮洗机设有远传温度计；
2.热压煮洗机设有爆破片并泄放至安全设施；
3.操作规程：人工对加水量检测","{""excel_row"":9,""raw_row"":[""3.16.1"",""操作步骤"",""步骤执行不足"",""3.16.1 步骤执行不足"",""热压煮洗机脱盐水补水量过大"",""热压煮洗机液位升高，可能冒料，环境污染，人员灼伤；\n热压煮洗机升温过程中，可能超压损坏，物料泄漏，人员灼伤"",""C"",""5"",""M"",""1.热压煮洗机设有远传温度计；\n2.热压煮洗机设有爆破片并泄放至安全设施；\n3.操作规程：人工对加水量检测"",""C"",""3"",""L"","""","""","""",""""],""sheet"":""N003""}",R线 HAZOP分析记录表.xls,HAZOP_DA_H_R_V1,1.5-hazop,1.0000,accepted
EVHZ_fd2a901622487c1b4031,Evidence,DA线HAZOP分析记录表.xls N001!10,DA线HAZOP分析记录表.xls N001!10,1.2.1 合成釜中二甲基亚砜加入量过少 | 高位槽液位计量误差 | 后续吉纳及叠氮化钠加入后溶解不完全，搅拌过程可能发生爆炸，人员伤害风险 | 1.向合成釜加入吉纳前，人工观察确认 | 建议合成釜搅拌器明确最高转速限制，并设置转速高报警（防止固体物料析出或溶解不完全，转速过快导致爆炸事故）。,"{""excel_row"":10,""raw_row"":[""1.2.1"",""流量"",""流量过低或无流量"",""1.2.1 合成釜中二甲基亚砜加入量过少"",""高位槽液位计量误差"",""后续吉纳及叠氮化钠加入后溶解不完全，搅拌过程可能发生爆炸，人员伤害风险"",""D"",""7"",""S"",""1.向合成釜加入吉纳前，人工观察确认"",""D"",""7"",""S"",""建议合成釜搅拌器明确最高转速限制，并设置转速高报警（防止固体物料析出或溶解不完全，转速过快导致爆炸事故）。"",""S"",""#1.5"",""""],""sheet"":""N001""}",DA线HAZOP分析记录表.xls,HAZOP_DA_H_R_V1,1.5-hazop,1.0000,accepted
EVHZ_fd4b78268977e1bed469,Evidence,H线HAZOP及SIL定级分析 HAZOP记录表.xls N001!18,H线HAZOP及SIL定级分析 HAZOP记录表.xls N001!18,1.5.2 铵硝配机压力过低,"{""excel_row"":18,""raw_row"":[""1.5.2"",""压力"",""压力过低"",""1.5.2 铵硝配机压力过低"","""","""","""","""","""","""","""","""","""","""","""","""","""",""""],""sheet"":""N001""}",H线HAZOP及SIL定级分析 HAZOP记录表.xls,HAZOP_DA_H_R_V1,1.5-hazop,1.0000,accepted
EVHZ_fd4e24beb3bc182fb8de,Evidence,R线 HAZOP分析记录表.xls N001!16,R线 HAZOP分析记录表.xls N001!16,"1.4.2 成熟机压力过高 | 排烟机故障停 | 成熟机压力升高，可能正压，氧化氮气体窜至外部环境，人员可能中毒窒息伤亡 | 1.负压系统压力高PSH-7103触发联锁，停螺旋加料机电机，打开排空硝烟总管蝶阀HV-7108，打开蒸汽喷射球阀HV-7109，关闭负压总管蝶阀HV-7107；
2.视频监控CCTV；
3.人员现场巡检，应急处置;
4.排烟机运行状态指示 | 建议RDX硝化工房设置有毒气体浓度探测仪。","{""excel_row"":16,""raw_row"":[""1.4.2"",""压力"",""压力过高"",""1.4.2 成熟机压力过高"",""排烟机故障停"",""成熟机压力升高，可能正压，氧化氮气体窜至外部环境，人员可能中毒窒息伤亡"",""F"",""6"",""S"",""1.负压系统压力高PSH-7103触发联锁，停螺旋加料机电机，打开排空硝烟总管蝶阀HV-7108，打开蒸汽喷射球阀HV-7109，关闭负压总管蝶阀HV-7107；\n2.视频监控CCTV；\n3.人员现场巡检，应急处置;\n4.排烟机运行状态指示"",""F"",""5"",""S"",""建议RDX硝化工房设置有毒气体浓度探测仪。"","""",""#1.3"",""""],""sheet"":""N001""}",R线 HAZOP分析记录表.xls,HAZOP_DA_H_R_V1,1.5-hazop,1.0000,accepted
CAUSEHZ_00e526639e4cf4a28bd7,LossOfControlCondition,TIC-6224回路故障（TV-6224开度过小或关闭）,TIC-6224回路故障（TV-6224开度过小或关闭）,,{},DA线HAZOP分析记录表.xls,HAZOP_DA_H_R_V1,1.5-hazop,1.0000,accepted
CAUSEHZ_034be8beaf15cc4bf3ee,LossOfControlCondition,二甲基亚砜挥发至外部环境，与水分接触，对设备管线形成腐蚀,二甲基亚砜挥发至外部环境，与水分接触，对设备管线形成腐蚀,,{},DA线HAZOP分析记录表.xls,HAZOP_DA_H_R_V1,1.5-hazop,1.0000,accepted
CAUSEHZ_03aaa7040b79c8d17c58,LossOfControlCondition,乌洛托品固体自乌洛托品下料器至乌醋配机流量过高,乌洛托品固体自乌洛托品下料器至乌醋配机流量过高,,{},H线HAZOP及SIL定级分析 HAZOP记录表.xls,HAZOP_DA_H_R_V1,1.5-hazop,1.0000,accepted
CAUSEHZ_04455405ddfa2a0caf46,LossOfControlCondition,上游硝化工序来硝化液中副产物过高（硝化机进料配比不当，参见第一节点流量高低描述）,上游硝化工序来硝化液中副产物过高（硝化机进料配比不当，参见第一节点流量高低描述）,,{},R线 HAZOP分析记录表.xls,HAZOP_DA_H_R_V1,1.5-hazop,1.0000,accepted
CAUSEHZ_04758c54839cafb686af,LossOfControlCondition,TIC-2201回路故障（蒸汽管线上TV开度过大）,TIC-2201回路故障（蒸汽管线上TV开度过大）,,{},H线HAZOP及SIL定级分析 HAZOP记录表.xls,HAZOP_DA_H_R_V1,1.5-hazop,1.0000,accepted
CAUSEHZ_048d03e950255d0c206e,LossOfControlCondition,负压总管蝶阀HV-7107故障关,负压总管蝶阀HV-7107故障关,,{},R线 HAZOP分析记录表.xls,HAZOP_DA_H_R_V1,1.5-hazop,1.0000,accepted
CAUSEHZ_067d60075596c3de9c1f,LossOfControlCondition,人员误操作，萃取过程加入水量过少,人员误操作，萃取过程加入水量过少,,{},DA线HAZOP分析记录表.xls,HAZOP_DA_H_R_V1,1.5-hazop,1.0000,accepted
CAUSEHZ_074d78fa02efb14ca5fe,LossOfControlCondition,结晶机搅拌器故障停,结晶机搅拌器故障停,,{},R线 HAZOP分析记录表.xls,HAZOP_DA_H_R_V1,1.5-hazop,1.0000,accepted
CAUSEHZ_076e3a826de1046dce2a,LossOfControlCondition,TIC-回路故障（饱和蒸汽管线TV开度过大）,TIC-回路故障（饱和蒸汽管线TV开度过大）,,{},H线HAZOP及SIL定级分析 HAZOP记录表.xls,HAZOP_DA_H_R_V1,1.5-hazop,1.0000,accepted
CAUSEHZ_08e4e55c47e0b40aecb3,LossOfControlCondition,热水循环泵故障,热水循环泵故障,,{},DA线HAZOP分析记录表.xls,HAZOP_DA_H_R_V1,1.5-hazop,1.0000,accepted
CAUSEHZ_08fc4ac9403558a9126a,LossOfControlCondition,关风器给料速度控制回路故障（给料速度过快）,关风器给料速度控制回路故障（给料速度过快）,,{},H线HAZOP及SIL定级分析 HAZOP记录表.xls,HAZOP_DA_H_R_V1,1.5-hazop,1.0000,accepted
CAUSEHZ_09379150855539666963,LossOfControlCondition,人员误操作，高位槽中二甲基亚砜加入量过少,人员误操作，高位槽中二甲基亚砜加入量过少,,{},DA线HAZOP分析记录表.xls,HAZOP_DA_H_R_V1,1.5-hazop,1.0000,accepted
CAUSEHZ_096cae7b02c4a31b618b,LossOfControlCondition,人员误操作，称重错误，叠氮化钠加入量过多,人员误操作，称重错误，叠氮化钠加入量过多,,{},DA线HAZOP分析记录表.xls,HAZOP_DA_H_R_V1,1.5-hazop,1.0000,accepted
CAUSEHZ_0affd2a6152158d9adb0,LossOfControlCondition,热压煮洗机保温保压步骤，排气管线上手阀关闭，但蒸汽管线上手阀未关闭,热压煮洗机保温保压步骤，排气管线上手阀关闭，但蒸汽管线上手阀未关闭,,{},R线 HAZOP分析记录表.xls,HAZOP_DA_H_R_V1,1.5-hazop,1.0000,accepted
CAUSEHZ_0c5261c38eb30630a639,LossOfControlCondition,热水循环泵故障,热水循环泵故障,,{},DA线HAZOP分析记录表.xls,HAZOP_DA_H_R_V1,1.5-hazop,1.0000,accepted
CAUSEHZ_0cb07b0437cb37997e3f,LossOfControlCondition,冷冻盐水压力低或供应中断,冷冻盐水压力低或供应中断,,{},R线 HAZOP分析记录表.xls,HAZOP_DA_H_R_V1,1.5-hazop,1.0000,accepted
CAUSEHZ_0ddbe6836704f5709c26,LossOfControlCondition,TIC-7105回路故障（循环水管线TV开度过大）,TIC-7105回路故障（循环水管线TV开度过大）,,{},R线 HAZOP分析记录表.xls,HAZOP_DA_H_R_V1,1.5-hazop,1.0000,accepted
CAUSEHZ_0ea65835ef0c174f473c,LossOfControlCondition,本节点无特别关注项,本节点无特别关注项,,{},DA线HAZOP分析记录表.xls,HAZOP_DA_H_R_V1,1.5-hazop,1.0000,accepted
CAUSEHZ_0f42a04665f1f3a6c25b,LossOfControlCondition,排烟机变频调节过快,排烟机变频调节过快,,{},R线 HAZOP分析记录表.xls,HAZOP_DA_H_R_V1,1.5-hazop,1.0000,accepted
CAUSEHZ_0f76a459c2ab01ddba89,LossOfControlCondition,人员误操作，萃取过程加入水量过多,人员误操作，萃取过程加入水量过多,,{},DA线HAZOP分析记录表.xls,HAZOP_DA_H_R_V1,1.5-hazop,1.0000,accepted
CAUSEHZ_1012c3fda7ed0e73709e,LossOfControlCondition,人员误操作，废水预处理池中碳酸钠加入量过少,人员误操作，废水预处理池中碳酸钠加入量过少,,{},DA线HAZOP分析记录表.xls,HAZOP_DA_H_R_V1,1.5-hazop,1.0000,accepted
CAUSEHZ_1045d8f455c421770ea3,LossOfControlCondition,上游装置来蒸汽温度过高,上游装置来蒸汽温度过高,,{},R线 HAZOP分析记录表.xls,HAZOP_DA_H_R_V1,1.5-hazop,1.0000,accepted
CAUSEHZ_11f78f76b97a53ff72e0,LossOfControlCondition,参见“2.2.3 萃取后有机相放料不足”,参见“2.2.3 萃取后有机相放料不足”,,{},DA线HAZOP分析记录表.xls,HAZOP_DA_H_R_V1,1.5-hazop,1.0000,accepted
CAUSEHZ_13747afd1351107ee56e,LossOfControlCondition,FIQC-1708回路故障（稀释水进料管线上FV开度过小或关闭）,FIQC-1708回路故障（稀释水进料管线上FV开度过小或关闭）,,{},H线HAZOP及SIL定级分析 HAZOP记录表.xls,HAZOP_DA_H_R_V1,1.5-hazop,1.0000,accepted
CAUSEHZ_13ae32b0c8a9e0baa43a,LossOfControlCondition,硝化机搅拌器故障停,硝化机搅拌器故障停,,{},R线 HAZOP分析记录表.xls,HAZOP_DA_H_R_V1,1.5-hazop,1.0000,accepted
CAUSEHZ_149c61aefea590e539a6,LossOfControlCondition,人员误操作，碱洗过程碳酸钠溶液加入量过少,人员误操作，碱洗过程碳酸钠溶液加入量过少,,{},DA线HAZOP分析记录表.xls,HAZOP_DA_H_R_V1,1.5-hazop,1.0000,accepted
CAUSEHZ_15165638fc9adf26b801,LossOfControlCondition,FIC-7103回路故障（酸水管线上FV阀开度过大）,FIC-7103回路故障（酸水管线上FV阀开度过大）,,{},R线 HAZOP分析记录表.xls,HAZOP_DA_H_R_V1,1.5-hazop,1.0000,accepted
CAUSEHZ_15e24644eed50065a27b,LossOfControlCondition,醋酸/硝酸高温酸腐蚀,醋酸/硝酸高温酸腐蚀,,{},H线HAZOP及SIL定级分析 HAZOP记录表.xls,HAZOP_DA_H_R_V1,1.5-hazop,1.0000,accepted
CAUSEHZ_16b002261f20523ba2f8,LossOfControlCondition,循环水压力低或供应中断,循环水压力低或供应中断,,{},R线 HAZOP分析记录表.xls,HAZOP_DA_H_R_V1,1.5-hazop,1.0000,accepted
CAUSEHZ_175429a3983575dee8aa,LossOfControlCondition,1#硝化机TIC-1707回路故障（循环水管线上TV-1707开度过小或关闭）,1#硝化机TIC-1707回路故障（循环水管线上TV-1707开度过小或关闭）,,{},H线HAZOP及SIL定级分析 HAZOP记录表.xls,HAZOP_DA_H_R_V1,1.5-hazop,1.0000,accepted
CAUSEHZ_17e08aa31a4b10652929,LossOfControlCondition,叠氮化钠分包转运过程中混入机械杂质,叠氮化钠分包转运过程中混入机械杂质,,{},DA线HAZOP分析记录表.xls,HAZOP_DA_H_R_V1,1.5-hazop,1.0000,accepted
CAUSEHZ_18a6470422bcb4c9b867,LossOfControlCondition,饱和蒸汽中断,饱和蒸汽中断,,{},DA线HAZOP分析记录表.xls,HAZOP_DA_H_R_V1,1.5-hazop,1.0000,accepted
CAUSEHZ_18c83713094651381a2f,LossOfControlCondition,HV-6245开度过大,HV-6245开度过大,,{},DA线HAZOP分析记录表.xls,HAZOP_DA_H_R_V1,1.5-hazop,1.0000,accepted
CAUSEHZ_18dc1874469010852703,LossOfControlCondition,关风器给料速度控制回路故障（给料速度过快）,关风器给料速度控制回路故障（给料速度过快）,,{},H线HAZOP及SIL定级分析 HAZOP记录表.xls,HAZOP_DA_H_R_V1,1.5-hazop,1.0000,accepted
CAUSEHZ_197c235bf4f0a4416c91,LossOfControlCondition,热压煮洗机脱盐水补水量过大,热压煮洗机脱盐水补水量过大,,{},R线 HAZOP分析记录表.xls,HAZOP_DA_H_R_V1,1.5-hazop,1.0000,accepted
CAUSEHZ_199b70e3c869c1425e03,LossOfControlCondition,TIC-6226回路故障（TV-6226开度过大），循环热水温度过高,TIC-6226回路故障（TV-6226开度过大），循环热水温度过高,,{},DA线HAZOP分析记录表.xls,HAZOP_DA_H_R_V1,1.5-hazop,1.0000,accepted
CAUSEHZ_1f301da93e06d0b51628,LossOfControlCondition,FIQC-1707回路故障（醋酸酐溶液进料管线上FV开度过过小或关闭）,FIQC-1707回路故障（醋酸酐溶液进料管线上FV开度过过小或关闭）,,{},H线HAZOP及SIL定级分析 HAZOP记录表.xls,HAZOP_DA_H_R_V1,1.5-hazop,1.0000,accepted
CAUSEHZ_1fa88ca22d62a6bf838a,LossOfControlCondition,电力供应中断，硝化机搅拌器停,电力供应中断，硝化机搅拌器停,,{},R线 HAZOP分析记录表.xls,HAZOP_DA_H_R_V1,1.5-hazop,1.0000,accepted
CAUSEHZ_1fd90511712fa0d31354,LossOfControlCondition,关风器给料速度控制回路故障（给料速度过慢）,关风器给料速度控制回路故障（给料速度过慢）,,{},H线HAZOP及SIL定级分析 HAZOP记录表.xls,HAZOP_DA_H_R_V1,1.5-hazop,1.0000,accepted
CAUSEHZ_214c9eb9118c38fc3e1f,LossOfControlCondition,人员误操作，称重错误，吉纳加入量过多,人员误操作，称重错误，吉纳加入量过多,,{},DA线HAZOP分析记录表.xls,HAZOP_DA_H_R_V1,1.5-hazop,1.0000,accepted
CAUSEHZ_21716764a8f548fd16d1,LossOfControlCondition,乌洛托品/硝酸比例调节控制FIC-7102回路故障（螺旋加料机电机转速过快）,乌洛托品/硝酸比例调节控制FIC-7102回路故障（螺旋加料机电机转速过快）,,{},R线 HAZOP分析记录表.xls,HAZOP_DA_H_R_V1,1.5-hazop,1.0000,accepted
CAUSEHZ_22db8acf625750c39b72,LossOfControlCondition,操作顺序有误，硝酸铵先于硝酸液加入铵硝配机,操作顺序有误，硝酸铵先于硝酸液加入铵硝配机,,{},H线HAZOP及SIL定级分析 HAZOP记录表.xls,HAZOP_DA_H_R_V1,1.5-hazop,1.0000,accepted
CAUSEHZ_23aec6fff70b8beb70e5,LossOfControlCondition,本节点无特别关注项,本节点无特别关注项,,{},DA线HAZOP分析记录表.xls,HAZOP_DA_H_R_V1,1.5-hazop,1.0000,accepted
CAUSEHZ_23b033821598cb114739,LossOfControlCondition,参见“2.7.1 脱色釜温度过低”,参见“2.7.1 脱色釜温度过低”,,{},DA线HAZOP分析记录表.xls,HAZOP_DA_H_R_V1,1.5-hazop,1.0000,accepted
CAUSEHZ_23c53f0f421de1bb0a9d,LossOfControlCondition,人员误操作，脱色釜中活性炭加入量过少,人员误操作，脱色釜中活性炭加入量过少,,{},DA线HAZOP分析记录表.xls,HAZOP_DA_H_R_V1,1.5-hazop,1.0000,accepted
CAUSEHZ_23cfce39671c5e6a01de,LossOfControlCondition,乌洛托品固体投料量过高,乌洛托品固体投料量过高,,{},H线HAZOP及SIL定级分析 HAZOP记录表.xls,HAZOP_DA_H_R_V1,1.5-hazop,1.0000,accepted
CAUSEHZ_24b4e2465a4409e972a5,LossOfControlCondition,FIQC-1703回路故障（乌醋溶液进料管线上FV开度过小或关闭）,FIQC-1703回路故障（乌醋溶液进料管线上FV开度过小或关闭）,,{},H线HAZOP及SIL定级分析 HAZOP记录表.xls,HAZOP_DA_H_R_V1,1.5-hazop,1.0000,accepted
CAUSEHZ_253b5c613bf52ba6a2c2,LossOfControlCondition,人员误操作，萃取过程加入二氯甲烷量过多,人员误操作，萃取过程加入二氯甲烷量过多,,{},DA线HAZOP分析记录表.xls,HAZOP_DA_H_R_V1,1.5-hazop,1.0000,accepted
CAUSEHZ_25ba4332e411a0139a45,LossOfControlCondition,FIQC-1704回路故障（铵硝溶液进料管线上FV开度过大）,FIQC-1704回路故障（铵硝溶液进料管线上FV开度过大）,,{},H线HAZOP及SIL定级分析 HAZOP记录表.xls,HAZOP_DA_H_R_V1,1.5-hazop,1.0000,accepted
CAUSEHZ_26c16cec84d5b344526e,LossOfControlCondition,参见本节点流量讨论,参见本节点流量讨论,,{},H线HAZOP及SIL定级分析 HAZOP记录表.xls,HAZOP_DA_H_R_V1,1.5-hazop,1.0000,accepted
CAUSEHZ_276aff75cc84a7062b03,LossOfControlCondition,人员误操作，碱液配置浓度过低,人员误操作，碱液配置浓度过低,,{},DA线HAZOP分析记录表.xls,HAZOP_DA_H_R_V1,1.5-hazop,1.0000,accepted
CAUSEHZ_28343a0cdc589a76bec1,LossOfControlCondition,本节点无特别关注项,本节点无特别关注项,,{},DA线HAZOP分析记录表.xls,HAZOP_DA_H_R_V1,1.5-hazop,1.0000,accepted
CAUSEHZ_29755d0b2bf821723605,LossOfControlCondition,FIC回路故障（进料管线上FV开度过小或关闭）,FIC回路故障（进料管线上FV开度过小或关闭）,,{},H线HAZOP及SIL定级分析 HAZOP记录表.xls,HAZOP_DA_H_R_V1,1.5-hazop,1.0000,accepted
CAUSEHZ_29d56a97354d8cb2efbd,LossOfControlCondition,结晶机水加注量过多,结晶机水加注量过多,,{},R线 HAZOP分析记录表.xls,HAZOP_DA_H_R_V1,1.5-hazop,1.0000,accepted
CAUSEHZ_2b9b37a9e364950d43eb,LossOfControlCondition,硝酸铵固体投料量过低,硝酸铵固体投料量过低,,{},H线HAZOP及SIL定级分析 HAZOP记录表.xls,HAZOP_DA_H_R_V1,1.5-hazop,1.0000,accepted
CAUSEHZ_2dd7806798ed77e91588,LossOfControlCondition,3#硝化机TIC-1709回路故障（循环水管线上TV开度过小或关闭）,3#硝化机TIC-1709回路故障（循环水管线上TV开度过小或关闭）,,{},H线HAZOP及SIL定级分析 HAZOP记录表.xls,HAZOP_DA_H_R_V1,1.5-hazop,1.0000,accepted
CAUSEHZ_2f8b0afdf4298511b4bd,LossOfControlCondition,人员误操作，称重错误，吉纳加入量过少,人员误操作，称重错误，吉纳加入量过少,,{},DA线HAZOP分析记录表.xls,HAZOP_DA_H_R_V1,1.5-hazop,1.0000,accepted
CAUSEHZ_2ff422b48e1acaeb71cb,LossOfControlCondition,硝酸铵固体投料量过高,硝酸铵固体投料量过高,,{},H线HAZOP及SIL定级分析 HAZOP记录表.xls,HAZOP_DA_H_R_V1,1.5-hazop,1.0000,accepted
CAUSEHZ_303c151bb8b2f36f483b,LossOfControlCondition,硝化机蛇管泄漏,硝化机蛇管泄漏,,{},R线 HAZOP分析记录表.xls,HAZOP_DA_H_R_V1,1.5-hazop,1.0000,accepted
CAUSEHZ_30aba341387f4158f713,LossOfControlCondition,放料过程阀门开关错误，有机相与废水放料错误,放料过程阀门开关错误，有机相与废水放料错误,,{},DA线HAZOP分析记录表.xls,HAZOP_DA_H_R_V1,1.5-hazop,1.0000,accepted
CAUSEHZ_30c875d4464403a929d1,LossOfControlCondition,FIC-7103回路故障（酸水管线上FV阀开度过大）,FIC-7103回路故障（酸水管线上FV阀开度过大）,,{},R线 HAZOP分析记录表.xls,HAZOP_DA_H_R_V1,1.5-hazop,1.0000,accepted
CAUSEHZ_30e6f1eb573dacb7fff2,LossOfControlCondition,罗茨鼓风机故障停,罗茨鼓风机故障停,,{},H线HAZOP及SIL定级分析 HAZOP记录表.xls,HAZOP_DA_H_R_V1,1.5-hazop,1.0000,accepted
CAUSEHZ_3146210e57fef9c5f2e6,LossOfControlCondition,布袋除尘器清理不及时,布袋除尘器清理不及时,,{},H线HAZOP及SIL定级分析 HAZOP记录表.xls,HAZOP_DA_H_R_V1,1.5-hazop,1.0000,accepted
CAUSEHZ_33eca9d11703368577f7,LossOfControlCondition,本节点无特别关注项,本节点无特别关注项,,{},DA线HAZOP分析记录表.xls,HAZOP_DA_H_R_V1,1.5-hazop,1.0000,accepted
CAUSEHZ_35abb4b974f8b9187640,LossOfControlCondition,TIC-7103回路故障（冷冻盐水管线TV开度过大）,TIC-7103回路故障（冷冻盐水管线TV开度过大）,,{},R线 HAZOP分析记录表.xls,HAZOP_DA_H_R_V1,1.5-hazop,1.0000,accepted
CAUSEHZ_368d3c526ae2db83cc0e,LossOfControlCondition,混合溶剂先于粗品HMX加注至蒸馏机,混合溶剂先于粗品HMX加注至蒸馏机,,{},H线HAZOP及SIL定级分析 HAZOP记录表.xls,HAZOP_DA_H_R_V1,1.5-hazop,1.0000,accepted
CAUSEHZ_36cbaf44c11fa6d676a7,LossOfControlCondition,TIC-7103回路故障（冷冻盐水管线上TV开度过小或关闭）,TIC-7103回路故障（冷冻盐水管线上TV开度过小或关闭）,,{},R线 HAZOP分析记录表.xls,HAZOP_DA_H_R_V1,1.5-hazop,1.0000,accepted
CAUSEHZ_372da67d01b1822e2fdf,LossOfControlCondition,废酸进料管线上FIC-1808回路故障（废酸进料管线上FV开度过小或关闭）,废酸进料管线上FIC-1808回路故障（废酸进料管线上FV开度过小或关闭）,,{},H线HAZOP及SIL定级分析 HAZOP记录表.xls,HAZOP_DA_H_R_V1,1.5-hazop,1.0000,accepted
CAUSEHZ_391bbc855ffe75e709c5,LossOfControlCondition,热压煮洗机脱盐水补水量过小,热压煮洗机脱盐水补水量过小,,{},R线 HAZOP分析记录表.xls,HAZOP_DA_H_R_V1,1.5-hazop,1.0000,accepted
CAUSEHZ_39e094b3a9345137e163,LossOfControlCondition,人员误操作，废水预处理池中碳酸钠加入量过多,人员误操作，废水预处理池中碳酸钠加入量过多,,{},DA线HAZOP分析记录表.xls,HAZOP_DA_H_R_V1,1.5-hazop,1.0000,accepted
CAUSEHZ_3a901dad3272b9389222,LossOfControlCondition,乌洛托品含水量过低,乌洛托品含水量过低,,{},R线 HAZOP分析记录表.xls,HAZOP_DA_H_R_V1,1.5-hazop,1.0000,accepted
CAUSEHZ_3cdce615753e1fdd4fd6,LossOfControlCondition,参见“3.5.1 常压蒸馏塔压力过低”,参见“3.5.1 常压蒸馏塔压力过低”,,{},DA线HAZOP分析记录表.xls,HAZOP_DA_H_R_V1,1.5-hazop,1.0000,accepted
CAUSEHZ_3e499f96c826ea0be211,LossOfControlCondition,FIC回路故障（进料管线上FV开度过大）,FIC回路故障（进料管线上FV开度过大）,,{},H线HAZOP及SIL定级分析 HAZOP记录表.xls,HAZOP_DA_H_R_V1,1.5-hazop,1.0000,accepted
CAUSEHZ_3ea382975b977c469c93,LossOfControlCondition,TIC-7105回路故障（循环水管线TV开度过小或关闭）,TIC-7105回路故障（循环水管线TV开度过小或关闭）,,{},R线 HAZOP分析记录表.xls,HAZOP_DA_H_R_V1,1.5-hazop,1.0000,accepted
CAUSEHZ_3ed4f2506da5b8984e5a,LossOfControlCondition,TIC-1704回路故障（循环水管线上TV开度过小或关闭）,TIC-1704回路故障（循环水管线上TV开度过小或关闭）,,{},H线HAZOP及SIL定级分析 HAZOP记录表.xls,HAZOP_DA_H_R_V1,1.5-hazop,1.0000,accepted
CAUSEHZ_3f9ef194f6531905dc7f,LossOfControlCondition,废酸进料管线上FIC-1808回路故障（废酸进料管线上FV开度过大）,废酸进料管线上FIC-1808回路故障（废酸进料管线上FV开度过大）,,{},H线HAZOP及SIL定级分析 HAZOP记录表.xls,HAZOP_DA_H_R_V1,1.5-hazop,1.0000,accepted
CAUSEHZ_417f55ba644827e607c2,LossOfControlCondition,FIC-7101回路故障（硝酸管线上FV开度过小或关闭）,FIC-7101回路故障（硝酸管线上FV开度过小或关闭）,,{},R线 HAZOP分析记录表.xls,HAZOP_DA_H_R_V1,1.5-hazop,1.0000,accepted
CAUSEHZ_42b80651ce9b0bf33ce9,LossOfControlCondition,TIC-6222回路故障（TV开度过小或关闭）,TIC-6222回路故障（TV开度过小或关闭）,,{},DA线HAZOP分析记录表.xls,HAZOP_DA_H_R_V1,1.5-hazop,1.0000,accepted
CAUSEHZ_42cfe385f3b1aff117bb,LossOfControlCondition,罗茨鼓风机为定频风机,罗茨鼓风机为定频风机,,{},H线HAZOP及SIL定级分析 HAZOP记录表.xls,HAZOP_DA_H_R_V1,1.5-hazop,1.0000,accepted
CAUSEHZ_43223b74181542ae1bf0,LossOfControlCondition,未启动排烟机或排烟机故障停,未启动排烟机或排烟机故障停,,{},H线HAZOP及SIL定级分析 HAZOP记录表.xls,HAZOP_DA_H_R_V1,1.5-hazop,1.0000,accepted
CAUSEHZ_44357827ad08472ab5a1,LossOfControlCondition,铵硝液贮槽蛇管泄露,铵硝液贮槽蛇管泄露,,{},H线HAZOP及SIL定级分析 HAZOP记录表.xls,HAZOP_DA_H_R_V1,1.5-hazop,1.0000,accepted
CAUSEHZ_47243bd98837e588d2ab,LossOfControlCondition,真空泵故障或抽真空系统管线泄漏,真空泵故障或抽真空系统管线泄漏,,{},DA线HAZOP分析记录表.xls,HAZOP_DA_H_R_V1,1.5-hazop,1.0000,accepted
CAUSEHZ_475851f765edd327c36d,LossOfControlCondition,TIC-2207回路故障（蒸汽管线上TV开度过大）,TIC-2207回路故障（蒸汽管线上TV开度过大）,,{},H线HAZOP及SIL定级分析 HAZOP记录表.xls,HAZOP_DA_H_R_V1,1.5-hazop,1.0000,accepted
CAUSEHZ_47a10d807525cf66dc22,LossOfControlCondition,电力供应中断，硝化机搅拌器停,电力供应中断，硝化机搅拌器停,,{},R线 HAZOP分析记录表.xls,HAZOP_DA_H_R_V1,1.5-hazop,1.0000,accepted
CAUSEHZ_4aea9bd5604e5a3d7fbb,LossOfControlCondition,上游装置来蒸汽温度过高,上游装置来蒸汽温度过高,,{},R线 HAZOP分析记录表.xls,HAZOP_DA_H_R_V1,1.5-hazop,1.0000,accepted
CAUSEHZ_4afb813732fbea658cdf,LossOfControlCondition,FIQC-2203回路故障（FV未及时关闭）,FIQC-2203回路故障（FV未及时关闭）,,{},H线HAZOP及SIL定级分析 HAZOP记录表.xls,HAZOP_DA_H_R_V1,1.5-hazop,1.0000,accepted
CAUSEHZ_4b3a717b9b809269bcc2,LossOfControlCondition,FIC-7101回路故障（硝酸管线上FV开度过大）,FIC-7101回路故障（硝酸管线上FV开度过大）,,{},R线 HAZOP分析记录表.xls,HAZOP_DA_H_R_V1,1.5-hazop,1.0000,accepted
CAUSEHZ_4d18528a5c4f565fd69e,LossOfControlCondition,5#硝化机TIC-1711回路故障（蒸汽管线上TV开度过大）,5#硝化机TIC-1711回路故障（蒸汽管线上TV开度过大）,,{},H线HAZOP及SIL定级分析 HAZOP记录表.xls,HAZOP_DA_H_R_V1,1.5-hazop,1.0000,accepted
CAUSEHZ_4dff17167aea09810f5c,LossOfControlCondition,人员误操作，未开启搅拌,人员误操作，未开启搅拌,,{},DA线HAZOP分析记录表.xls,HAZOP_DA_H_R_V1,1.5-hazop,1.0000,accepted
CAUSEHZ_4e098ad26e4fe7ce4a7c,LossOfControlCondition,本节点无特别关注项（高位槽容积限制，设有溢流口，容积小于合成釜容积）,本节点无特别关注项（高位槽容积限制，设有溢流口，容积小于合成釜容积）,,{},DA线HAZOP分析记录表.xls,HAZOP_DA_H_R_V1,1.5-hazop,1.0000,accepted
CAUSEHZ_50b9239d8066b8807ff0,LossOfControlCondition,蒸馏机气相冷凝器管程可能发生物料结垢,蒸馏机气相冷凝器管程可能发生物料结垢,,{},H线HAZOP及SIL定级分析 HAZOP记录表.xls,HAZOP_DA_H_R_V1,1.5-hazop,1.0000,accepted
CAUSEHZ_528865bb9da967a4d522,LossOfControlCondition,TIC-2201回路故障（蒸汽管线上TV开度过大）,TIC-2201回路故障（蒸汽管线上TV开度过大）,,{},H线HAZOP及SIL定级分析 HAZOP记录表.xls,HAZOP_DA_H_R_V1,1.5-hazop,1.0000,accepted
CAUSEHZ_538f22407f2c519de422,LossOfControlCondition,醋酸中杂质含量过高,醋酸中杂质含量过高,,{},H线HAZOP及SIL定级分析 HAZOP记录表.xls,HAZOP_DA_H_R_V1,1.5-hazop,1.0000,accepted
CAUSEHZ_54a4b5fbae16421f57ef,LossOfControlCondition,参见“3.4.2 毛细管蒸馏釜压力过高”,参见“3.4.2 毛细管蒸馏釜压力过高”,,{},DA线HAZOP分析记录表.xls,HAZOP_DA_H_R_V1,1.5-hazop,1.0000,accepted
CAUSEHZ_55319541cf1b2c900e0e,LossOfControlCondition,人员误操作，未开启搅拌,人员误操作，未开启搅拌,,{},DA线HAZOP分析记录表.xls,HAZOP_DA_H_R_V1,1.5-hazop,1.0000,accepted
CAUSEHZ_55c8a3efbfd110f040c7,LossOfControlCondition,常压蒸馏釜接料桶敞口设置，进入异物,常压蒸馏釜接料桶敞口设置，进入异物,,{},DA线HAZOP分析记录表.xls,HAZOP_DA_H_R_V1,1.5-hazop,1.0000,accepted
CAUSEHZ_56c8c8c7f452c9bb4128,LossOfControlCondition,FIQC-1705回路故障（醋酸酐溶液进料管线上FV开度过小或关闭）,FIQC-1705回路故障（醋酸酐溶液进料管线上FV开度过小或关闭）,,{},H线HAZOP及SIL定级分析 HAZOP记录表.xls,HAZOP_DA_H_R_V1,1.5-hazop,1.0000,accepted
CAUSEHZ_573e439867316eb8d379,LossOfControlCondition,本节点无特别关注项,本节点无特别关注项,,{},DA线HAZOP分析记录表.xls,HAZOP_DA_H_R_V1,1.5-hazop,1.0000,accepted
CAUSEHZ_5870adefb1d7a42a0e9c,LossOfControlCondition,冷冻盐水压力低或供应中断,冷冻盐水压力低或供应中断,,{},R线 HAZOP分析记录表.xls,HAZOP_DA_H_R_V1,1.5-hazop,1.0000,accepted
CAUSEHZ_58bc6ca6cee533ec9d1d,LossOfControlCondition,酸水浓度高,酸水浓度高,,{},R线 HAZOP分析记录表.xls,HAZOP_DA_H_R_V1,1.5-hazop,1.0000,accepted
CAUSEHZ_5a714025f444ad592b10,LossOfControlCondition,星型下料器转速调节回路故障（转速过慢）,星型下料器转速调节回路故障（转速过慢）,,{},H线HAZOP及SIL定级分析 HAZOP记录表.xls,HAZOP_DA_H_R_V1,1.5-hazop,1.0000,accepted
CAUSEHZ_5b8b3e14665dbb2ab5b6,LossOfControlCondition,人员投料量过少,人员投料量过少,,{},H线HAZOP及SIL定级分析 HAZOP记录表.xls,HAZOP_DA_H_R_V1,1.5-hazop,1.0000,accepted
CAUSEHZ_5d63fd2ba82cc89d3554,LossOfControlCondition,人员误操作，废水预处理池中亚硝酸钠加入量过多,人员误操作，废水预处理池中亚硝酸钠加入量过多,,{},DA线HAZOP分析记录表.xls,HAZOP_DA_H_R_V1,1.5-hazop,1.0000,accepted
CAUSEHZ_5db118ca04dbe1bd0a7b,LossOfControlCondition,热压煮洗机蒸汽管线上手阀全开后未及时关闭,热压煮洗机蒸汽管线上手阀全开后未及时关闭,,{},R线 HAZOP分析记录表.xls,HAZOP_DA_H_R_V1,1.5-hazop,1.0000,accepted
CAUSEHZ_5e14d5923764756cf4af,LossOfControlCondition,TIC-7101回路故障（冷冻盐水管线TV开度过大）,TIC-7101回路故障（冷冻盐水管线TV开度过大）,,{},R线 HAZOP分析记录表.xls,HAZOP_DA_H_R_V1,1.5-hazop,1.0000,accepted
CAUSEHZ_5e377d4cf78bd0e35c99,LossOfControlCondition,人员误操作，吉纳与叠氮化钠加料顺序错误,人员误操作，吉纳与叠氮化钠加料顺序错误,,{},DA线HAZOP分析记录表.xls,HAZOP_DA_H_R_V1,1.5-hazop,1.0000,accepted
CAUSEHZ_5e7bcf4d24360cacd57a,LossOfControlCondition,铵硝配机蛇管泄露,铵硝配机蛇管泄露,,{},H线HAZOP及SIL定级分析 HAZOP记录表.xls,HAZOP_DA_H_R_V1,1.5-hazop,1.0000,accepted
CAUSEHZ_5f51b3472f6480ef9f27,LossOfControlCondition,分离釜上TIC-1817回路故障（蒸汽管线上TV开度过小或关闭）,分离釜上TIC-1817回路故障（蒸汽管线上TV开度过小或关闭）,,{},H线HAZOP及SIL定级分析 HAZOP记录表.xls,HAZOP_DA_H_R_V1,1.5-hazop,1.0000,accepted
CAUSEHZ_62557f6a4118d8a50672,LossOfControlCondition,本节点无特别关注项,本节点无特别关注项,,{},DA线HAZOP分析记录表.xls,HAZOP_DA_H_R_V1,1.5-hazop,1.0000,accepted
CAUSEHZ_6259c05e0b86156831e2,LossOfControlCondition,电力故障,电力故障,,{},DA线HAZOP分析记录表.xls,HAZOP_DA_H_R_V1,1.5-hazop,1.0000,accepted
CAUSEHZ_635f443b762fc0c0a723,LossOfControlCondition,硝化机硝烟管线上负压调节插板开度过小或关闭,硝化机硝烟管线上负压调节插板开度过小或关闭,,{},R线 HAZOP分析记录表.xls,HAZOP_DA_H_R_V1,1.5-hazop,1.0000,accepted
CAUSEHZ_6368a4d0ce8be192b98f,LossOfControlCondition,乌醋液贮槽蛇管泄露,乌醋液贮槽蛇管泄露,,{},H线HAZOP及SIL定级分析 HAZOP记录表.xls,HAZOP_DA_H_R_V1,1.5-hazop,1.0000,accepted
CAUSEHZ_63b7b8c754b825bbd920,LossOfControlCondition,排烟机故障停,排烟机故障停,,{},R线 HAZOP分析记录表.xls,HAZOP_DA_H_R_V1,1.5-hazop,1.0000,accepted
CAUSEHZ_63d6c487ad67d38462b7,LossOfControlCondition,星型下料器转速调节回路故障（转速过慢）,星型下料器转速调节回路故障（转速过慢）,,{},H线HAZOP及SIL定级分析 HAZOP记录表.xls,HAZOP_DA_H_R_V1,1.5-hazop,1.0000,accepted
CAUSEHZ_63e29f8699d3b71ce269,LossOfControlCondition,分离釜上TIC-1817回路故障（蒸汽管线上TV开度过小或关闭）,分离釜上TIC-1817回路故障（蒸汽管线上TV开度过小或关闭）,,{},H线HAZOP及SIL定级分析 HAZOP记录表.xls,HAZOP_DA_H_R_V1,1.5-hazop,1.0000,accepted
CAUSEHZ_6423a5b52b5bc600cf34,LossOfControlCondition,硝酸加注量过搞,硝酸加注量过搞,,{},H线HAZOP及SIL定级分析 HAZOP记录表.xls,HAZOP_DA_H_R_V1,1.5-hazop,1.0000,accepted
CAUSEHZ_661726a7bbc4e591556c,LossOfControlCondition,硝酸铵可燃物含量过高,硝酸铵可燃物含量过高,,{},H线HAZOP及SIL定级分析 HAZOP记录表.xls,HAZOP_DA_H_R_V1,1.5-hazop,1.0000,accepted
CAUSEHZ_66c4ab24dbfeff5c6a0b,LossOfControlCondition,叠氮化钠加料槽架桥，未完全加料,叠氮化钠加料槽架桥，未完全加料,,{},DA线HAZOP分析记录表.xls,HAZOP_DA_H_R_V1,1.5-hazop,1.0000,accepted
CAUSEHZ_66ed66f19edf0d4725ba,LossOfControlCondition,5#硝化机蛇管泄露,5#硝化机蛇管泄露,,{},H线HAZOP及SIL定级分析 HAZOP记录表.xls,HAZOP_DA_H_R_V1,1.5-hazop,1.0000,accepted
CAUSEHZ_67c7a716c18717044ea7,LossOfControlCondition,本节点无特别关注项,本节点无特别关注项,,{},DA线HAZOP分析记录表.xls,HAZOP_DA_H_R_V1,1.5-hazop,1.0000,accepted
CAUSEHZ_67f3c2850d53f9f048d6,LossOfControlCondition,TIC-2201回路故障（蒸汽管线上TV开度过小或关闭）,TIC-2201回路故障（蒸汽管线上TV开度过小或关闭）,,{},H线HAZOP及SIL定级分析 HAZOP记录表.xls,HAZOP_DA_H_R_V1,1.5-hazop,1.0000,accepted
CAUSEHZ_6804dd81c4ceffb1a2c2,LossOfControlCondition,酸水浓度低,酸水浓度低,,{},R线 HAZOP分析记录表.xls,HAZOP_DA_H_R_V1,1.5-hazop,1.0000,accepted
CAUSEHZ_69b475f288629fc77881,LossOfControlCondition,叠氮硝胺水力喷射过程中静电累积,叠氮硝胺水力喷射过程中静电累积,,{},DA线HAZOP分析记录表.xls,HAZOP_DA_H_R_V1,1.5-hazop,1.0000,accepted
CAUSEHZ_69f913ee961c8f2e5c59,LossOfControlCondition,合成釜设备、管线、管件等泄漏,合成釜设备、管线、管件等泄漏,,{},DA线HAZOP分析记录表.xls,HAZOP_DA_H_R_V1,1.5-hazop,1.0000,accepted
CAUSEHZ_6a2726ae4d907f450799,LossOfControlCondition,乌洛托品含水量过高,乌洛托品含水量过高,,{},R线 HAZOP分析记录表.xls,HAZOP_DA_H_R_V1,1.5-hazop,1.0000,accepted
CAUSEHZ_6a965df38bbcddb8cdb2,LossOfControlCondition,醋酸加注量过低,醋酸加注量过低,,{},H线HAZOP及SIL定级分析 HAZOP记录表.xls,HAZOP_DA_H_R_V1,1.5-hazop,1.0000,accepted
CAUSEHZ_6b7db7a5cfb6e691562c,LossOfControlCondition,热水循环泵故障,热水循环泵故障,,{},DA线HAZOP分析记录表.xls,HAZOP_DA_H_R_V1,1.5-hazop,1.0000,accepted
CAUSEHZ_6b843f7cda36866b113d,LossOfControlCondition,参见本节点流量讨论,参见本节点流量讨论,,{},H线HAZOP及SIL定级分析 HAZOP记录表.xls,HAZOP_DA_H_R_V1,1.5-hazop,1.0000,accepted
CAUSEHZ_6c151dfbf9812a755234,LossOfControlCondition,1#硝化机TIC-1707回路故障（循环水管线上TV-1707开度过大）,1#硝化机TIC-1707回路故障（循环水管线上TV-1707开度过大）,,{},H线HAZOP及SIL定级分析 HAZOP记录表.xls,HAZOP_DA_H_R_V1,1.5-hazop,1.0000,accepted
CAUSEHZ_6c269a1919f8ba6d6895,LossOfControlCondition,蒸汽故障,蒸汽故障,,{},DA线HAZOP分析记录表.xls,HAZOP_DA_H_R_V1,1.5-hazop,1.0000,accepted
CAUSEHZ_6c662dea4f74c178a7f0,LossOfControlCondition,罗茨鼓风机故障停,罗茨鼓风机故障停,,{},H线HAZOP及SIL定级分析 HAZOP记录表.xls,HAZOP_DA_H_R_V1,1.5-hazop,1.0000,accepted
CAUSEHZ_6d2b6eae57bd4b2f29a0,LossOfControlCondition,人员误操作，叠氮化钠加料前吉纳未充分溶解,人员误操作，叠氮化钠加料前吉纳未充分溶解,,{},DA线HAZOP分析记录表.xls,HAZOP_DA_H_R_V1,1.5-hazop,1.0000,accepted
CAUSEHZ_6d4a74d2d59630e3a87a,LossOfControlCondition,参见“3.5.2 毛细管蒸馏釜压力过低”,参见“3.5.2 毛细管蒸馏釜压力过低”,,{},DA线HAZOP分析记录表.xls,HAZOP_DA_H_R_V1,1.5-hazop,1.0000,accepted
CAUSEHZ_6dc0f3f6b142e972dbb5,LossOfControlCondition,排烟机故障停,排烟机故障停,,{},R线 HAZOP分析记录表.xls,HAZOP_DA_H_R_V1,1.5-hazop,1.0000,accepted
CAUSEHZ_6e4af04df437bc61a1ff,LossOfControlCondition,乌醋配机蛇管泄露,乌醋配机蛇管泄露,,{},H线HAZOP及SIL定级分析 HAZOP记录表.xls,HAZOP_DA_H_R_V1,1.5-hazop,1.0000,accepted
CAUSEHZ_6e4b49a3b526bff5bd85,LossOfControlCondition,人员误操作，废水预处理池中浓硝酸加入量过少,人员误操作，废水预处理池中浓硝酸加入量过少,,{},DA线HAZOP分析记录表.xls,HAZOP_DA_H_R_V1,1.5-hazop,1.0000,accepted
CAUSEHZ_6f8ce45c4ebcf3e8936e,LossOfControlCondition,过滤器滤袋破损,过滤器滤袋破损,,{},DA线HAZOP分析记录表.xls,HAZOP_DA_H_R_V1,1.5-hazop,1.0000,accepted
CAUSEHZ_73169d67f975043d94fa,LossOfControlCondition,人员误操作，高位槽中二甲基亚砜加入量过少,人员误操作，高位槽中二甲基亚砜加入量过少,,{},DA线HAZOP分析记录表.xls,HAZOP_DA_H_R_V1,1.5-hazop,1.0000,accepted
CAUSEHZ_7409395f59a5c364b059,LossOfControlCondition,人员误操作，废水预处理池中浓硝酸加入量过多,人员误操作，废水预处理池中浓硝酸加入量过多,,{},DA线HAZOP分析记录表.xls,HAZOP_DA_H_R_V1,1.5-hazop,1.0000,accepted
CAUSEHZ_74fc68eda8c6252de5f3,LossOfControlCondition,人员误操作，二甲基亚砜加入量过少,人员误操作，二甲基亚砜加入量过少,,{},DA线HAZOP分析记录表.xls,HAZOP_DA_H_R_V1,1.5-hazop,1.0000,accepted
CAUSEHZ_7544c7bb9120f77796f4,LossOfControlCondition,开工阶段，冷冻盐水未投用,开工阶段，冷冻盐水未投用,,{},R线 HAZOP分析记录表.xls,HAZOP_DA_H_R_V1,1.5-hazop,1.0000,accepted
CAUSEHZ_76fe2f9240aefeab3c6d,LossOfControlCondition,搅拌器故障或变频调节转速过低或停止,搅拌器故障或变频调节转速过低或停止,,{},DA线HAZOP分析记录表.xls,HAZOP_DA_H_R_V1,1.5-hazop,1.0000,accepted
CAUSEHZ_794423e285806006ac40,LossOfControlCondition,人员误操作，萃取后有机相放料过度,人员误操作，萃取后有机相放料过度,,{},DA线HAZOP分析记录表.xls,HAZOP_DA_H_R_V1,1.5-hazop,1.0000,accepted
CAUSEHZ_79cfc768d93926d9a2ec,LossOfControlCondition,加料过程中，合成釜敞口,加料过程中，合成釜敞口,,{},DA线HAZOP分析记录表.xls,HAZOP_DA_H_R_V1,1.5-hazop,1.0000,accepted
CAUSEHZ_79eb7827f2fa095b0219,LossOfControlCondition,本节点无特别关注项（受水环真空泵抽真空能力限制）,本节点无特别关注项（受水环真空泵抽真空能力限制）,,{},DA线HAZOP分析记录表.xls,HAZOP_DA_H_R_V1,1.5-hazop,1.0000,accepted
CAUSEHZ_7a339ac567f4ed3c8e2f,LossOfControlCondition,本节点无特别关注项,本节点无特别关注项,,{},DA线HAZOP分析记录表.xls,HAZOP_DA_H_R_V1,1.5-hazop,1.0000,accepted
CAUSEHZ_7b0d39b7ee5948993858,LossOfControlCondition,叠氮化钠吸潮结块，或加料槽振动幅度过小,叠氮化钠吸潮结块，或加料槽振动幅度过小,,{},DA线HAZOP分析记录表.xls,HAZOP_DA_H_R_V1,1.5-hazop,1.0000,accepted
CAUSEHZ_7b6ca6880bb2adb96be9,LossOfControlCondition,本节点无特别关注项（受叠氮化钠加料料斗溜槽宽度及振动幅度限制）,本节点无特别关注项（受叠氮化钠加料料斗溜槽宽度及振动幅度限制）,,{},DA线HAZOP分析记录表.xls,HAZOP_DA_H_R_V1,1.5-hazop,1.0000,accepted
CAUSEHZ_7c25424fc11ecb535258,LossOfControlCondition,丙酮蒸馏塔列管结垢,丙酮蒸馏塔列管结垢,,{},H线HAZOP及SIL定级分析 HAZOP记录表.xls,HAZOP_DA_H_R_V1,1.5-hazop,1.0000,accepted
CAUSEHZ_7c4390443390750a6fd8,LossOfControlCondition,FIQC-1706回路故障（铵硝溶液进料管线上FV开度过小或关闭）,FIQC-1706回路故障（铵硝溶液进料管线上FV开度过小或关闭）,,{},H线HAZOP及SIL定级分析 HAZOP记录表.xls,HAZOP_DA_H_R_V1,1.5-hazop,1.0000,accepted
CAUSEHZ_7d2d63a09c45f0fb8c14,LossOfControlCondition,1#硝化机蛇管泄露,1#硝化机蛇管泄露,,{},H线HAZOP及SIL定级分析 HAZOP记录表.xls,HAZOP_DA_H_R_V1,1.5-hazop,1.0000,accepted
CAUSEHZ_7d3fd1e26dc9365a7021,LossOfControlCondition,仪表风故障,仪表风故障,,{},DA线HAZOP分析记录表.xls,HAZOP_DA_H_R_V1,1.5-hazop,1.0000,accepted
CAUSEHZ_7e0b5e4bf676ffc299a7,LossOfControlCondition,二甲基亚砜加料过程中，冲洗水阀门误开或内漏,二甲基亚砜加料过程中，冲洗水阀门误开或内漏,,{},DA线HAZOP分析记录表.xls,HAZOP_DA_H_R_V1,1.5-hazop,1.0000,accepted
CAUSEHZ_7f61f07f8eccea4526c4,LossOfControlCondition,HSV-6250故障误关,HSV-6250故障误关,,{},DA线HAZOP分析记录表.xls,HAZOP_DA_H_R_V1,1.5-hazop,1.0000,accepted
CAUSEHZ_81cd3d5b325fae422ac4,LossOfControlCondition,本节点无特别关注项,本节点无特别关注项,,{},DA线HAZOP分析记录表.xls,HAZOP_DA_H_R_V1,1.5-hazop,1.0000,accepted
CAUSEHZ_838d7745677f71ae87b7,LossOfControlCondition,TIC-2207回路故障（蒸汽管线上TV开度过小或关闭）,TIC-2207回路故障（蒸汽管线上TV开度过小或关闭）,,{},H线HAZOP及SIL定级分析 HAZOP记录表.xls,HAZOP_DA_H_R_V1,1.5-hazop,1.0000,accepted
CAUSEHZ_83c262c11e9cfa03ea48,LossOfControlCondition,TIC-6224回路故障（TV-6224开度过大）,TIC-6224回路故障（TV-6224开度过大）,,{},DA线HAZOP分析记录表.xls,HAZOP_DA_H_R_V1,1.5-hazop,1.0000,accepted
CAUSEHZ_84dffb0a81164428468e,LossOfControlCondition,未启动排烟机或排烟机故障停,未启动排烟机或排烟机故障停,,{},H线HAZOP及SIL定级分析 HAZOP记录表.xls,HAZOP_DA_H_R_V1,1.5-hazop,1.0000,accepted
CAUSEHZ_84e7bd0f20a13f8ea1e9,LossOfControlCondition,分离釜上TIC-1817回路故障（蒸汽管线上TV开度过大）,分离釜上TIC-1817回路故障（蒸汽管线上TV开度过大）,,{},H线HAZOP及SIL定级分析 HAZOP记录表.xls,HAZOP_DA_H_R_V1,1.5-hazop,1.0000,accepted
CAUSEHZ_8530be43d625c1c9a427,LossOfControlCondition,吉纳分包转运过程中混入机械杂质,吉纳分包转运过程中混入机械杂质,,{},DA线HAZOP分析记录表.xls,HAZOP_DA_H_R_V1,1.5-hazop,1.0000,accepted
CAUSEHZ_85d406966f95e6492ee6,LossOfControlCondition,冷凝器换热管内漏,冷凝器换热管内漏,,{},DA线HAZOP分析记录表.xls,HAZOP_DA_H_R_V1,1.5-hazop,1.0000,accepted
CAUSEHZ_86f5df3059a0a325a3c3,LossOfControlCondition,饱和蒸汽故障,饱和蒸汽故障,,{},DA线HAZOP分析记录表.xls,HAZOP_DA_H_R_V1,1.5-hazop,1.0000,accepted
CAUSEHZ_871c1d215d4d5ef71833,LossOfControlCondition,电力供应中断，1#硝化机搅拌器停,电力供应中断，1#硝化机搅拌器停,,{},H线HAZOP及SIL定级分析 HAZOP记录表.xls,HAZOP_DA_H_R_V1,1.5-hazop,1.0000,accepted
CAUSEHZ_8721845149d195e6f3e9,LossOfControlCondition,负压总管蝶阀HV-7107故障关,负压总管蝶阀HV-7107故障关,,{},R线 HAZOP分析记录表.xls,HAZOP_DA_H_R_V1,1.5-hazop,1.0000,accepted
CAUSEHZ_87b1ce7136b04233fc90,LossOfControlCondition,高位槽液位计量误差,高位槽液位计量误差,,{},DA线HAZOP分析记录表.xls,HAZOP_DA_H_R_V1,1.5-hazop,1.0000,accepted
CAUSEHZ_8893d1f6df4f6f45252e,LossOfControlCondition,排烟机故障停,排烟机故障停,,{},H线HAZOP及SIL定级分析 HAZOP记录表.xls,HAZOP_DA_H_R_V1,1.5-hazop,1.0000,accepted
CAUSEHZ_8ac6adff080a8d95ee6a,LossOfControlCondition,热压煮洗机蒸汽管线上手阀全开后未及时关闭,热压煮洗机蒸汽管线上手阀全开后未及时关闭,,{},R线 HAZOP分析记录表.xls,HAZOP_DA_H_R_V1,1.5-hazop,1.0000,accepted
CAUSEHZ_8ae11cdf85a206fd0ff2,LossOfControlCondition,TIC-2201回路故障（蒸汽管线上TV开度过小或关闭）,TIC-2201回路故障（蒸汽管线上TV开度过小或关闭）,,{},H线HAZOP及SIL定级分析 HAZOP记录表.xls,HAZOP_DA_H_R_V1,1.5-hazop,1.0000,accepted
CAUSEHZ_8c9c90aa87e107b57057,LossOfControlCondition,成熟机硝烟管线上负压调节插板开度过大,成熟机硝烟管线上负压调节插板开度过大,,{},R线 HAZOP分析记录表.xls,HAZOP_DA_H_R_V1,1.5-hazop,1.0000,accepted
CAUSEHZ_8deb2f4db21df2415af6,LossOfControlCondition,TIC-2102回路故障（饱和蒸汽管线TV开度过小或关闭）,TIC-2102回路故障（饱和蒸汽管线TV开度过小或关闭）,,{},H线HAZOP及SIL定级分析 HAZOP记录表.xls,HAZOP_DA_H_R_V1,1.5-hazop,1.0000,accepted
CAUSEHZ_8e71c8dc971a6f167fe5,LossOfControlCondition,结晶机搅拌器故障停,结晶机搅拌器故障停,,{},R线 HAZOP分析记录表.xls,HAZOP_DA_H_R_V1,1.5-hazop,1.0000,accepted
CAUSEHZ_8f09421a5f5d2dfb6483,LossOfControlCondition,TIC-2207回路故障（蒸汽管线上TV开度过小或关闭）,TIC-2207回路故障（蒸汽管线上TV开度过小或关闭）,,{},H线HAZOP及SIL定级分析 HAZOP记录表.xls,HAZOP_DA_H_R_V1,1.5-hazop,1.0000,accepted
CAUSEHZ_9024ecaf33560623709b,LossOfControlCondition,TIC-2207回路故障（蒸汽管线上TV开度过大）,TIC-2207回路故障（蒸汽管线上TV开度过大）,,{},H线HAZOP及SIL定级分析 HAZOP记录表.xls,HAZOP_DA_H_R_V1,1.5-hazop,1.0000,accepted
CAUSEHZ_907d3cc38488097ea387,LossOfControlCondition,TIC-2201回路故障（蒸汽管线上TV开度过小或关闭）,TIC-2201回路故障（蒸汽管线上TV开度过小或关闭）,,{},H线HAZOP及SIL定级分析 HAZOP记录表.xls,HAZOP_DA_H_R_V1,1.5-hazop,1.0000,accepted
CAUSEHZ_90ae389ce46d2e18cf85,LossOfControlCondition,本节点无特别关注项,本节点无特别关注项,,{},DA线HAZOP分析记录表.xls,HAZOP_DA_H_R_V1,1.5-hazop,1.0000,accepted
CAUSEHZ_90f6770f3f7018ba737a,LossOfControlCondition,人员误操作，萃取后有机相放料不足,人员误操作，萃取后有机相放料不足,,{},DA线HAZOP分析记录表.xls,HAZOP_DA_H_R_V1,1.5-hazop,1.0000,accepted
CAUSEHZ_9152cb33571358fe7096,LossOfControlCondition,未投用循环水或循环水压力低供应中断,未投用循环水或循环水压力低供应中断,,{},H线HAZOP及SIL定级分析 HAZOP记录表.xls,HAZOP_DA_H_R_V1,1.5-hazop,1.0000,accepted
CAUSEHZ_91dba8ed4f0f0f754355,LossOfControlCondition,人员误操作，萃取过程加入二氯甲烷量过少,人员误操作，萃取过程加入二氯甲烷量过少,,{},DA线HAZOP分析记录表.xls,HAZOP_DA_H_R_V1,1.5-hazop,1.0000,accepted
CAUSEHZ_94439cbade9bb05cbd3d,LossOfControlCondition,乌洛托品/硝酸比例调节控制FIC-7102回路故障（螺旋加料机电机转速过快）,乌洛托品/硝酸比例调节控制FIC-7102回路故障（螺旋加料机电机转速过快）,,{},R线 HAZOP分析记录表.xls,HAZOP_DA_H_R_V1,1.5-hazop,1.0000,accepted
CAUSEHZ_958ddc0c080da7e8eb8d,LossOfControlCondition,设备管线、法兰泄漏,设备管线、法兰泄漏,,{},DA线HAZOP分析记录表.xls,HAZOP_DA_H_R_V1,1.5-hazop,1.0000,accepted
CAUSEHZ_9631d37da77ec8c56051,LossOfControlCondition,5#硝化机TIC-1711回路故障（蒸汽管线上TV开度过小或关闭）,5#硝化机TIC-1711回路故障（蒸汽管线上TV开度过小或关闭）,,{},H线HAZOP及SIL定级分析 HAZOP记录表.xls,HAZOP_DA_H_R_V1,1.5-hazop,1.0000,accepted
CAUSEHZ_9792e5069f429c6d45f7,LossOfControlCondition,循环水压力低供应中断,循环水压力低供应中断,,{},H线HAZOP及SIL定级分析 HAZOP记录表.xls,HAZOP_DA_H_R_V1,1.5-hazop,1.0000,accepted
CAUSEHZ_97a6260ccd7c9e89cf1d,LossOfControlCondition,结晶机循环水未及时投用,结晶机循环水未及时投用,,{},R线 HAZOP分析记录表.xls,HAZOP_DA_H_R_V1,1.5-hazop,1.0000,accepted
CAUSEHZ_98c4992db32dba358233,LossOfControlCondition,本节点无特别关注项（二甲基亚砜高位槽设有溢流口）,本节点无特别关注项（二甲基亚砜高位槽设有溢流口）,,{},DA线HAZOP分析记录表.xls,HAZOP_DA_H_R_V1,1.5-hazop,1.0000,accepted
CAUSEHZ_98e8e7caf4147558a59f,LossOfControlCondition,饱和蒸汽压力低或供应中断,饱和蒸汽压力低或供应中断,,{},H线HAZOP及SIL定级分析 HAZOP记录表.xls,HAZOP_DA_H_R_V1,1.5-hazop,1.0000,accepted
CAUSEHZ_99f378826dfe18f54b49,LossOfControlCondition,TIC-2102回路故障（饱和蒸汽管线TV开度过大）,TIC-2102回路故障（饱和蒸汽管线TV开度过大）,,{},H线HAZOP及SIL定级分析 HAZOP记录表.xls,HAZOP_DA_H_R_V1,1.5-hazop,1.0000,accepted
CAUSEHZ_9a2d4c4f79313374261d,LossOfControlCondition,参见“1.1.1 乌洛托品加注至硝化机流量过高”,参见“1.1.1 乌洛托品加注至硝化机流量过高”,,{},R线 HAZOP分析记录表.xls,HAZOP_DA_H_R_V1,1.5-hazop,1.0000,accepted
CAUSEHZ_9b6fba1239b360479213,LossOfControlCondition,开工阶段，乌洛托品先于硝酸加入硝化机,开工阶段，乌洛托品先于硝酸加入硝化机,,{},R线 HAZOP分析记录表.xls,HAZOP_DA_H_R_V1,1.5-hazop,1.0000,accepted
CAUSEHZ_9e0355330124ef877fd8,LossOfControlCondition,热水循环泵故障,热水循环泵故障,,{},DA线HAZOP分析记录表.xls,HAZOP_DA_H_R_V1,1.5-hazop,1.0000,accepted
CAUSEHZ_a0cbf14250a72d6e71cb,LossOfControlCondition,乌洛托品螺旋加料机电机故障停,乌洛托品螺旋加料机电机故障停,,{},R线 HAZOP分析记录表.xls,HAZOP_DA_H_R_V1,1.5-hazop,1.0000,accepted
CAUSEHZ_a0d00228867ee4ee6875,LossOfControlCondition,结晶机硝酸加注量过多,结晶机硝酸加注量过多,,{},R线 HAZOP分析记录表.xls,HAZOP_DA_H_R_V1,1.5-hazop,1.0000,accepted
CAUSEHZ_a2b0936a2cfa1aa17716,LossOfControlCondition,上游硝化工序来硝化液中副产物过高（硝化机进料配比不当，参见第一节点流量高低描述）,上游硝化工序来硝化液中副产物过高（硝化机进料配比不当，参见第一节点流量高低描述）,,{},R线 HAZOP分析记录表.xls,HAZOP_DA_H_R_V1,1.5-hazop,1.0000,accepted
CAUSEHZ_a453c3a890109821610a,LossOfControlCondition,3#硝化机TIC-1709回路故障（循环水管线上TV开度过大）,3#硝化机TIC-1709回路故障（循环水管线上TV开度过大）,,{},H线HAZOP及SIL定级分析 HAZOP记录表.xls,HAZOP_DA_H_R_V1,1.5-hazop,1.0000,accepted
CAUSEHZ_a4a65d7cb0c6c9d70dc7,LossOfControlCondition,未启动搅拌器或搅拌器故障停,未启动搅拌器或搅拌器故障停,,{},H线HAZOP及SIL定级分析 HAZOP记录表.xls,HAZOP_DA_H_R_V1,1.5-hazop,1.0000,accepted
CAUSEHZ_a595e547f213dfa1eb13,LossOfControlCondition,叠氮化钠加料过程静电,叠氮化钠加料过程静电,,{},DA线HAZOP分析记录表.xls,HAZOP_DA_H_R_V1,1.5-hazop,1.0000,accepted
CAUSEHZ_a646ca23ec6e9d23286e,LossOfControlCondition,TIC-7101回路故障（冷冻盐水管线上TV开度过小或关闭）,TIC-7101回路故障（冷冻盐水管线上TV开度过小或关闭）,,{},R线 HAZOP分析记录表.xls,HAZOP_DA_H_R_V1,1.5-hazop,1.0000,accepted
CAUSEHZ_a9782ac397ad1f349ef0,LossOfControlCondition,FIQC-1708回路故障（稀释水进料管线上FV开度过大）,FIQC-1708回路故障（稀释水进料管线上FV开度过大）,,{},H线HAZOP及SIL定级分析 HAZOP记录表.xls,HAZOP_DA_H_R_V1,1.5-hazop,1.0000,accepted
CAUSEHZ_aab2fa5298a407b59966,LossOfControlCondition,FIQC-1705回路故障（醋酸酐溶液进料管线上FV开度过大）,FIQC-1705回路故障（醋酸酐溶液进料管线上FV开度过大）,,{},H线HAZOP及SIL定级分析 HAZOP记录表.xls,HAZOP_DA_H_R_V1,1.5-hazop,1.0000,accepted
CAUSEHZ_abb665f5c1e1aad97446,LossOfControlCondition,人员误操作，未开启搅拌,人员误操作，未开启搅拌,,{},DA线HAZOP分析记录表.xls,HAZOP_DA_H_R_V1,1.5-hazop,1.0000,accepted
CAUSEHZ_abcbd3f852e38a2f26dc,LossOfControlCondition,星型下料器布袋破裂损坏,星型下料器布袋破裂损坏,,{},H线HAZOP及SIL定级分析 HAZOP记录表.xls,HAZOP_DA_H_R_V1,1.5-hazop,1.0000,accepted
CAUSEHZ_abce6f9122e4c99cb43f,LossOfControlCondition,正常操作工况差压低,正常操作工况差压低,,{},H线HAZOP及SIL定级分析 HAZOP记录表.xls,HAZOP_DA_H_R_V1,1.5-hazop,1.0000,accepted
CAUSEHZ_abd883783f66b18c527b,LossOfControlCondition,硝化机硝烟管线上负压调节插板开度过大,硝化机硝烟管线上负压调节插板开度过大,,{},R线 HAZOP分析记录表.xls,HAZOP_DA_H_R_V1,1.5-hazop,1.0000,accepted
CAUSEHZ_ac6e78bbce9d0066ec8f,LossOfControlCondition,水泵故障,水泵故障,,{},DA线HAZOP分析记录表.xls,HAZOP_DA_H_R_V1,1.5-hazop,1.0000,accepted
CAUSEHZ_ac7520492d764e67f3fb,LossOfControlCondition,未启动搅拌器或搅拌器故障停,未启动搅拌器或搅拌器故障停,,{},H线HAZOP及SIL定级分析 HAZOP记录表.xls,HAZOP_DA_H_R_V1,1.5-hazop,1.0000,accepted
CAUSEHZ_acd0d2d64e57c94e8eb7,LossOfControlCondition,分离釜上TIC-1817回路故障（蒸汽管线上TV开度过大）,分离釜上TIC-1817回路故障（蒸汽管线上TV开度过大）,,{},H线HAZOP及SIL定级分析 HAZOP记录表.xls,HAZOP_DA_H_R_V1,1.5-hazop,1.0000,accepted
CAUSEHZ_b05a91071ab38ff5debe,LossOfControlCondition,本节点无特别关注项,本节点无特别关注项,,{},DA线HAZOP分析记录表.xls,HAZOP_DA_H_R_V1,1.5-hazop,1.0000,accepted
CAUSEHZ_b0beee94d89def576fad,LossOfControlCondition,TIC-6226回路故障（TV-6226开度过大），循环热水温度过高,TIC-6226回路故障（TV-6226开度过大），循环热水温度过高,,{},DA线HAZOP分析记录表.xls,HAZOP_DA_H_R_V1,1.5-hazop,1.0000,accepted
CAUSEHZ_b139de4f02919397d125,LossOfControlCondition,人员误操作，二甲基亚砜与吉纳加料顺序错误,人员误操作，二甲基亚砜与吉纳加料顺序错误,,{},DA线HAZOP分析记录表.xls,HAZOP_DA_H_R_V1,1.5-hazop,1.0000,accepted
CAUSEHZ_b141264578befcbc4c7c,LossOfControlCondition,星型下料器布袋破裂损坏,星型下料器布袋破裂损坏,,{},H线HAZOP及SIL定级分析 HAZOP记录表.xls,HAZOP_DA_H_R_V1,1.5-hazop,1.0000,accepted
CAUSEHZ_b24474f871fd2eefdcc3,LossOfControlCondition,分离釜上TIC-1817回路故障（蒸汽管线上TV开度过大）,分离釜上TIC-1817回路故障（蒸汽管线上TV开度过大）,,{},H线HAZOP及SIL定级分析 HAZOP记录表.xls,HAZOP_DA_H_R_V1,1.5-hazop,1.0000,accepted
CAUSEHZ_b2612c0057ca8ce775d2,LossOfControlCondition,参见“1.19.1 公用工程故障”,参见“1.19.1 公用工程故障”,,{},DA线HAZOP分析记录表.xls,HAZOP_DA_H_R_V1,1.5-hazop,1.0000,accepted
CAUSEHZ_b37d9c98db5e4c518a5a,LossOfControlCondition,TIC-7105回路故障（循环水管线TV开度过小或关闭）,TIC-7105回路故障（循环水管线TV开度过小或关闭）,,{},R线 HAZOP分析记录表.xls,HAZOP_DA_H_R_V1,1.5-hazop,1.0000,accepted
CAUSEHZ_b44e1feff54917058172,LossOfControlCondition,1#硝化机TIC-1707回路故障（循环水管线上TV-1707开度过小或关闭）,1#硝化机TIC-1707回路故障（循环水管线上TV-1707开度过小或关闭）,,{},H线HAZOP及SIL定级分析 HAZOP记录表.xls,HAZOP_DA_H_R_V1,1.5-hazop,1.0000,accepted
CAUSEHZ_b54974bf2174fefb60a3,LossOfControlCondition,酸腐蚀（二氯甲烷与水产生HCL）,酸腐蚀（二氯甲烷与水产生HCL）,,{},DA线HAZOP分析记录表.xls,HAZOP_DA_H_R_V1,1.5-hazop,1.0000,accepted
CAUSEHZ_b6c86fd8ce4992c65310,LossOfControlCondition,TIC-1704回路故障（循环水管线上TV开度过大）,TIC-1704回路故障（循环水管线上TV开度过大）,,{},H线HAZOP及SIL定级分析 HAZOP记录表.xls,HAZOP_DA_H_R_V1,1.5-hazop,1.0000,accepted
CAUSEHZ_b7b9aaec4861325d5e9f,LossOfControlCondition,冷凝器换热管内漏,冷凝器换热管内漏,,{},DA线HAZOP分析记录表.xls,HAZOP_DA_H_R_V1,1.5-hazop,1.0000,accepted
CAUSEHZ_b8b160c71ffe0775dbd9,LossOfControlCondition,参见“2.2.5 脱色釜中活性炭加入量过少”,参见“2.2.5 脱色釜中活性炭加入量过少”,,{},DA线HAZOP分析记录表.xls,HAZOP_DA_H_R_V1,1.5-hazop,1.0000,accepted
CAUSEHZ_b9582380398f9e9a467e,LossOfControlCondition,循环水压力低或供应中断,循环水压力低或供应中断,,{},H线HAZOP及SIL定级分析 HAZOP记录表.xls,HAZOP_DA_H_R_V1,1.5-hazop,1.0000,accepted
CAUSEHZ_b9b359c813a54dee5c4b,LossOfControlCondition,参见“1.13.1 维护/隔离”,参见“1.13.1 维护/隔离”,,{},DA线HAZOP分析记录表.xls,HAZOP_DA_H_R_V1,1.5-hazop,1.0000,accepted
CAUSEHZ_bad3b78c69d8cc6cd62d,LossOfControlCondition,开工阶段，排烟机未启动,开工阶段，排烟机未启动,,{},R线 HAZOP分析记录表.xls,HAZOP_DA_H_R_V1,1.5-hazop,1.0000,accepted
CAUSEHZ_bbef3efba3b256239e63,LossOfControlCondition,参见“3.4.1 常压蒸馏塔压力过高”,参见“3.4.1 常压蒸馏塔压力过高”,,{},DA线HAZOP分析记录表.xls,HAZOP_DA_H_R_V1,1.5-hazop,1.0000,accepted
CAUSEHZ_bdcd2ba115f3cdd8072d,LossOfControlCondition,设备管线、法兰泄漏,设备管线、法兰泄漏,,{},DA线HAZOP分析记录表.xls,HAZOP_DA_H_R_V1,1.5-hazop,1.0000,accepted
CAUSEHZ_bfa9b140b308080c2fc4,LossOfControlCondition,FIQC-1706回路故障（铵硝溶液进料管线上FV开度过大）,FIQC-1706回路故障（铵硝溶液进料管线上FV开度过大）,,{},H线HAZOP及SIL定级分析 HAZOP记录表.xls,HAZOP_DA_H_R_V1,1.5-hazop,1.0000,accepted
CAUSEHZ_c031e0fd2c746a164f99,LossOfControlCondition,TIC-6222回路故障（TV开度过大）,TIC-6222回路故障（TV开度过大）,,{},DA线HAZOP分析记录表.xls,HAZOP_DA_H_R_V1,1.5-hazop,1.0000,accepted
CAUSEHZ_c0f5b44df4891af81730,LossOfControlCondition,成熟机搅拌器故障停,成熟机搅拌器故障停,,{},R线 HAZOP分析记录表.xls,HAZOP_DA_H_R_V1,1.5-hazop,1.0000,accepted
CAUSEHZ_c13c81506811090737a9,LossOfControlCondition,饱和蒸汽压力低或供应中断,饱和蒸汽压力低或供应中断,,{},H线HAZOP及SIL定级分析 HAZOP记录表.xls,HAZOP_DA_H_R_V1,1.5-hazop,1.0000,accepted
CAUSEHZ_c1c76a1ddc8af24ac5e7,LossOfControlCondition,废酸进料管线上FIC-1808回路故障（废酸进料管线上FV开度过大）,废酸进料管线上FIC-1808回路故障（废酸进料管线上FV开度过大）,,{},H线HAZOP及SIL定级分析 HAZOP记录表.xls,HAZOP_DA_H_R_V1,1.5-hazop,1.0000,accepted
CAUSEHZ_c259f042af3642a617fc,LossOfControlCondition,FIC-7102回路故障（螺旋加料机电机转速过慢）,FIC-7102回路故障（螺旋加料机电机转速过慢）,,{},R线 HAZOP分析记录表.xls,HAZOP_DA_H_R_V1,1.5-hazop,1.0000,accepted
CAUSEHZ_c613ebb09de07c424105,LossOfControlCondition,本节点无特别关注项（受水泵额定流量限制）,本节点无特别关注项（受水泵额定流量限制）,,{},DA线HAZOP分析记录表.xls,HAZOP_DA_H_R_V1,1.5-hazop,1.0000,accepted
CAUSEHZ_c8b4318640eae9585849,LossOfControlCondition,HV-6245开度过小或关闭,HV-6245开度过小或关闭,,{},DA线HAZOP分析记录表.xls,HAZOP_DA_H_R_V1,1.5-hazop,1.0000,accepted
CAUSEHZ_c97c36ed5843321122e9,LossOfControlCondition,成熟机硝烟管线上负压调节插板开度过小或关闭,成熟机硝烟管线上负压调节插板开度过小或关闭,,{},R线 HAZOP分析记录表.xls,HAZOP_DA_H_R_V1,1.5-hazop,1.0000,accepted
CAUSEHZ_ca2cb9f49c90d23956a1,LossOfControlCondition,人员误操作，未启动夹套热水循环,人员误操作，未启动夹套热水循环,,{},DA线HAZOP分析记录表.xls,HAZOP_DA_H_R_V1,1.5-hazop,1.0000,accepted
CAUSEHZ_cba412587eefcca3982d,LossOfControlCondition,TIC-6222回路故障（TV开度过大）,TIC-6222回路故障（TV开度过大）,,{},DA线HAZOP分析记录表.xls,HAZOP_DA_H_R_V1,1.5-hazop,1.0000,accepted
CAUSEHZ_cbcdae0a75f8a8db972e,LossOfControlCondition,废酸进料管线上FIC-1808回路故障（废酸进料管线上FV开度过小或关闭）,废酸进料管线上FIC-1808回路故障（废酸进料管线上FV开度过小或关闭）,,{},H线HAZOP及SIL定级分析 HAZOP记录表.xls,HAZOP_DA_H_R_V1,1.5-hazop,1.0000,accepted
CAUSEHZ_cc15343d49e3d7611a48,LossOfControlCondition,乌洛托品可燃物含量过高,乌洛托品可燃物含量过高,,{},H线HAZOP及SIL定级分析 HAZOP记录表.xls,HAZOP_DA_H_R_V1,1.5-hazop,1.0000,accepted
CAUSEHZ_cc7c66caf6ae02474ebe,LossOfControlCondition,排烟机故障停,排烟机故障停,,{},R线 HAZOP分析记录表.xls,HAZOP_DA_H_R_V1,1.5-hazop,1.0000,accepted
CAUSEHZ_ccf2b5c1936d7060fe54,LossOfControlCondition,关风器给料速度控制回路故障（给料速度过慢）,关风器给料速度控制回路故障（给料速度过慢）,,{},H线HAZOP及SIL定级分析 HAZOP记录表.xls,HAZOP_DA_H_R_V1,1.5-hazop,1.0000,accepted
CAUSEHZ_ce1c7af1fef02fad5dbb,LossOfControlCondition,人员误操作，碱洗过程碳酸钠溶液加入量过多,人员误操作，碱洗过程碳酸钠溶液加入量过多,,{},DA线HAZOP分析记录表.xls,HAZOP_DA_H_R_V1,1.5-hazop,1.0000,accepted
CAUSEHZ_cf5fbdbbbcbc30102698,LossOfControlCondition,人员误操作，碱液配置浓度过高,人员误操作，碱液配置浓度过高,,{},DA线HAZOP分析记录表.xls,HAZOP_DA_H_R_V1,1.5-hazop,1.0000,accepted
CAUSEHZ_d0380013b0661bf20c1d,LossOfControlCondition,参见“3.5.1 常压蒸馏塔压力过低”,参见“3.5.1 常压蒸馏塔压力过低”,,{},DA线HAZOP分析记录表.xls,HAZOP_DA_H_R_V1,1.5-hazop,1.0000,accepted
CAUSEHZ_d12bce768eefc3d3e442,LossOfControlCondition,循环水氯离子腐蚀,循环水氯离子腐蚀,,{},H线HAZOP及SIL定级分析 HAZOP记录表.xls,HAZOP_DA_H_R_V1,1.5-hazop,1.0000,accepted
CAUSEHZ_d2d0e967248e91fa46cb,LossOfControlCondition,TIC-6226回路故障（TV-6226开度过小或关闭）,TIC-6226回路故障（TV-6226开度过小或关闭）,,{},DA线HAZOP分析记录表.xls,HAZOP_DA_H_R_V1,1.5-hazop,1.0000,accepted
CAUSEHZ_d4089f5efd0f61ec08b5,LossOfControlCondition,罗茨鼓风机为定频风机,罗茨鼓风机为定频风机,,{},H线HAZOP及SIL定级分析 HAZOP记录表.xls,HAZOP_DA_H_R_V1,1.5-hazop,1.0000,accepted
CAUSEHZ_d4ac4cc0cdff8ebea9b1,LossOfControlCondition,冷却水故障,冷却水故障,,{},DA线HAZOP分析记录表.xls,HAZOP_DA_H_R_V1,1.5-hazop,1.0000,accepted
CAUSEHZ_d72fd2da4f5f5fc7f794,LossOfControlCondition,本节点无特别关注项,本节点无特别关注项,,{},DA线HAZOP分析记录表.xls,HAZOP_DA_H_R_V1,1.5-hazop,1.0000,accepted
CAUSEHZ_d76ed95832e489b97df0,LossOfControlCondition,人员误操作，称重错误，叠氮化钠加入量过少,人员误操作，称重错误，叠氮化钠加入量过少,,{},DA线HAZOP分析记录表.xls,HAZOP_DA_H_R_V1,1.5-hazop,1.0000,accepted
CAUSEHZ_d7e773dead921b7335b5,LossOfControlCondition,TIC-回路故障（饱和蒸汽管线TV开度过小或关闭）,TIC-回路故障（饱和蒸汽管线TV开度过小或关闭）,,{},H线HAZOP及SIL定级分析 HAZOP记录表.xls,HAZOP_DA_H_R_V1,1.5-hazop,1.0000,accepted
CAUSEHZ_d84d0280f6d0aa765f39,LossOfControlCondition,酸水浓度低,酸水浓度低,,{},R线 HAZOP分析记录表.xls,HAZOP_DA_H_R_V1,1.5-hazop,1.0000,accepted
CAUSEHZ_d8910ebb4dbdd1b35042,LossOfControlCondition,风机故障停,风机故障停,,{},H线HAZOP及SIL定级分析 HAZOP记录表.xls,HAZOP_DA_H_R_V1,1.5-hazop,1.0000,accepted
CAUSEHZ_d97208d1673ff8d37748,LossOfControlCondition,醋酸加注量过高,醋酸加注量过高,,{},H线HAZOP及SIL定级分析 HAZOP记录表.xls,HAZOP_DA_H_R_V1,1.5-hazop,1.0000,accepted
CAUSEHZ_db86c24a30f8b57ec05e,LossOfControlCondition,吉纳加料过程静电,吉纳加料过程静电,,{},DA线HAZOP分析记录表.xls,HAZOP_DA_H_R_V1,1.5-hazop,1.0000,accepted
CAUSEHZ_dccd1cb69b7939fba2e6,LossOfControlCondition,开工阶段，未启动搅拌器,开工阶段，未启动搅拌器,,{},R线 HAZOP分析记录表.xls,HAZOP_DA_H_R_V1,1.5-hazop,1.0000,accepted
CAUSEHZ_dd5689311f2e2c8a0b64,LossOfControlCondition,乌洛托品/硝酸比例调节控制FIC-7102回路故障（螺旋加料机电机转速过快）,乌洛托品/硝酸比例调节控制FIC-7102回路故障（螺旋加料机电机转速过快）,,{},R线 HAZOP分析记录表.xls,HAZOP_DA_H_R_V1,1.5-hazop,1.0000,accepted
CAUSEHZ_de279ba3df711cfacdaf,LossOfControlCondition,参见“2.1.3 萃取后有机相放料过度”,参见“2.1.3 萃取后有机相放料过度”,,{},DA线HAZOP分析记录表.xls,HAZOP_DA_H_R_V1,1.5-hazop,1.0000,accepted
CAUSEHZ_de77a751ac534fc2c9fe,LossOfControlCondition,结晶机循环水未及时投用,结晶机循环水未及时投用,,{},R线 HAZOP分析记录表.xls,HAZOP_DA_H_R_V1,1.5-hazop,1.0000,accepted
CAUSEHZ_df2a4babef37a427a059,LossOfControlCondition,操作顺序有误，乌洛托品先于醋酸液加入乌醋配机,操作顺序有误，乌洛托品先于醋酸液加入乌醋配机,,{},H线HAZOP及SIL定级分析 HAZOP记录表.xls,HAZOP_DA_H_R_V1,1.5-hazop,1.0000,accepted
CAUSEHZ_dfd70b6a14c31c9720b2,LossOfControlCondition,乌洛托品固体投料量过低,乌洛托品固体投料量过低,,{},H线HAZOP及SIL定级分析 HAZOP记录表.xls,HAZOP_DA_H_R_V1,1.5-hazop,1.0000,accepted
CAUSEHZ_e04d26d8fdb1dddcf636,LossOfControlCondition,TIC-2201回路故障（蒸汽管线上TV开度过大）,TIC-2201回路故障（蒸汽管线上TV开度过大）,,{},H线HAZOP及SIL定级分析 HAZOP记录表.xls,HAZOP_DA_H_R_V1,1.5-hazop,1.0000,accepted
CAUSEHZ_e3d9aa358c811b9af4a5,LossOfControlCondition,真空泵故障或抽真空系统管线泄漏,真空泵故障或抽真空系统管线泄漏,,{},DA线HAZOP分析记录表.xls,HAZOP_DA_H_R_V1,1.5-hazop,1.0000,accepted
CAUSEHZ_e551b7d1dfd1d05c2c8f,LossOfControlCondition,FIC-7103回路故障（酸水管线上FV阀开度过小或关闭）,FIC-7103回路故障（酸水管线上FV阀开度过小或关闭）,,{},R线 HAZOP分析记录表.xls,HAZOP_DA_H_R_V1,1.5-hazop,1.0000,accepted
CAUSEHZ_e5dbe090293ea23bdfa2,LossOfControlCondition,参见“1.13.1 维护/隔离”,参见“1.13.1 维护/隔离”,,{},DA线HAZOP分析记录表.xls,HAZOP_DA_H_R_V1,1.5-hazop,1.0000,accepted
CAUSEHZ_e6fb9828dc02041de6a2,LossOfControlCondition,搅拌器水封盒密封不严,搅拌器水封盒密封不严,,{},H线HAZOP及SIL定级分析 HAZOP记录表.xls,HAZOP_DA_H_R_V1,1.5-hazop,1.0000,accepted
CAUSEHZ_e767382ffee28d450c59,LossOfControlCondition,FIQC-1703回路故障（乌醋溶液进料管线上FV开度过大）,FIQC-1703回路故障（乌醋溶液进料管线上FV开度过大）,,{},H线HAZOP及SIL定级分析 HAZOP记录表.xls,HAZOP_DA_H_R_V1,1.5-hazop,1.0000,accepted
CAUSEHZ_e79e9db15d7229fa5c3e,LossOfControlCondition,硝酸加注量过低,硝酸加注量过低,,{},H线HAZOP及SIL定级分析 HAZOP记录表.xls,HAZOP_DA_H_R_V1,1.5-hazop,1.0000,accepted
CAUSEHZ_e94abedb7bf565a8d225,LossOfControlCondition,系统个别位置检维修隔离,系统个别位置检维修隔离,,{},DA线HAZOP分析记录表.xls,HAZOP_DA_H_R_V1,1.5-hazop,1.0000,accepted
CAUSEHZ_e9cb943fe19658a31e80,LossOfControlCondition,FIQC-2203回路故障（FV未及时打开）,FIQC-2203回路故障（FV未及时打开）,,{},H线HAZOP及SIL定级分析 HAZOP记录表.xls,HAZOP_DA_H_R_V1,1.5-hazop,1.0000,accepted
CAUSEHZ_eb15af0356922f33e548,LossOfControlCondition,人员误操作，废水预处理池中亚硝酸钠加入量过少,人员误操作，废水预处理池中亚硝酸钠加入量过少,,{},DA线HAZOP分析记录表.xls,HAZOP_DA_H_R_V1,1.5-hazop,1.0000,accepted
CAUSEHZ_eb488cd9c9800206b538,LossOfControlCondition,分离釜上TIC-1817回路故障（蒸汽管线上TV开度过小或关闭）,分离釜上TIC-1817回路故障（蒸汽管线上TV开度过小或关闭）,,{},H线HAZOP及SIL定级分析 HAZOP记录表.xls,HAZOP_DA_H_R_V1,1.5-hazop,1.0000,accepted
CAUSEHZ_ec9eee21bb6314d01e63,LossOfControlCondition,TIC-6226回路故障（TV-6226开度过小或关闭）,TIC-6226回路故障（TV-6226开度过小或关闭）,,{},DA线HAZOP分析记录表.xls,HAZOP_DA_H_R_V1,1.5-hazop,1.0000,accepted
CAUSEHZ_ed0af75e07fa55c11ad9,LossOfControlCondition,硝酸中氮氧化物含量过高,硝酸中氮氧化物含量过高,,{},H线HAZOP及SIL定级分析 HAZOP记录表.xls,HAZOP_DA_H_R_V1,1.5-hazop,1.0000,accepted
CAUSEHZ_f053a43ffe217dff9be8,LossOfControlCondition,未投用循环水或循环水压力低供应中断,未投用循环水或循环水压力低供应中断,,{},H线HAZOP及SIL定级分析 HAZOP记录表.xls,HAZOP_DA_H_R_V1,1.5-hazop,1.0000,accepted
CAUSEHZ_f0b7e6388990fa02648f,LossOfControlCondition,铵硝输送泵出口过滤器布袋破裂损坏,铵硝输送泵出口过滤器布袋破裂损坏,,{},H线HAZOP及SIL定级分析 HAZOP记录表.xls,HAZOP_DA_H_R_V1,1.5-hazop,1.0000,accepted
CAUSEHZ_f2c70a0735cb8cba5d02,LossOfControlCondition,循环水压力低或供应中断,循环水压力低或供应中断,,{},H线HAZOP及SIL定级分析 HAZOP记录表.xls,HAZOP_DA_H_R_V1,1.5-hazop,1.0000,accepted
CAUSEHZ_f442cd23525e3e82a042,LossOfControlCondition,排烟机变频调节过快,排烟机变频调节过快,,{},R线 HAZOP分析记录表.xls,HAZOP_DA_H_R_V1,1.5-hazop,1.0000,accepted
CAUSEHZ_f66dfd10980ccb788a82,LossOfControlCondition,混合溶剂组分配比不当（丙酮含量高）,混合溶剂组分配比不当（丙酮含量高）,,{},H线HAZOP及SIL定级分析 HAZOP记录表.xls,HAZOP_DA_H_R_V1,1.5-hazop,1.0000,accepted
CAUSEHZ_f778c94600dce659f393,LossOfControlCondition,星型下料器转速调节回路故障（转速过快）,星型下料器转速调节回路故障（转速过快）,,{},H线HAZOP及SIL定级分析 HAZOP记录表.xls,HAZOP_DA_H_R_V1,1.5-hazop,1.0000,accepted
CAUSEHZ_f77ba7181bed95e1848e,LossOfControlCondition,FIQC-1707回路故障（醋酸酐溶液进料管线上FV开度过大）,FIQC-1707回路故障（醋酸酐溶液进料管线上FV开度过大）,,{},H线HAZOP及SIL定级分析 HAZOP记录表.xls,HAZOP_DA_H_R_V1,1.5-hazop,1.0000,accepted
CAUSEHZ_f8a52cc2931283c58a7c,LossOfControlCondition,人员误操作，脱色釜中活性炭加入量过多,人员误操作，脱色釜中活性炭加入量过多,,{},DA线HAZOP分析记录表.xls,HAZOP_DA_H_R_V1,1.5-hazop,1.0000,accepted
CAUSEHZ_f9f9133cacfce86b14bd,LossOfControlCondition,布袋除尘器清理不及时,布袋除尘器清理不及时,,{},H线HAZOP及SIL定级分析 HAZOP记录表.xls,HAZOP_DA_H_R_V1,1.5-hazop,1.0000,accepted
CAUSEHZ_fb290e3e3b558f25702f,LossOfControlCondition,本节点无特别关注项,本节点无特别关注项,,{},DA线HAZOP分析记录表.xls,HAZOP_DA_H_R_V1,1.5-hazop,1.0000,accepted
CAUSEHZ_fb50ceaa91ff985eb9e5,LossOfControlCondition,正常操作工况差压低,正常操作工况差压低,,{},H线HAZOP及SIL定级分析 HAZOP记录表.xls,HAZOP_DA_H_R_V1,1.5-hazop,1.0000,accepted
CAUSEHZ_fbdfcf0760fc15010de5,LossOfControlCondition,人员投料量过高,人员投料量过高,,{},H线HAZOP及SIL定级分析 HAZOP记录表.xls,HAZOP_DA_H_R_V1,1.5-hazop,1.0000,accepted
CAUSEHZ_fce36c89b43b3f9c29bd,LossOfControlCondition,参见“1.2.1 合成釜中二甲基亚砜加入量过少”,参见“1.2.1 合成釜中二甲基亚砜加入量过少”,,{},DA线HAZOP分析记录表.xls,HAZOP_DA_H_R_V1,1.5-hazop,1.0000,accepted
CAUSEHZ_fe08fbc839c83ebd87ea,LossOfControlCondition,FIQC-1704回路故障（铵硝溶液进料管线上FV开度过小或关闭）,FIQC-1704回路故障（铵硝溶液进料管线上FV开度过小或关闭）,,{},H线HAZOP及SIL定级分析 HAZOP记录表.xls,HAZOP_DA_H_R_V1,1.5-hazop,1.0000,accepted
CAUSEHZ_ffb2df15a405d627d18e,LossOfControlCondition,HSV-6249故障误关,HSV-6249故障误关,,{},DA线HAZOP分析记录表.xls,HAZOP_DA_H_R_V1,1.5-hazop,1.0000,accepted
MATHZ_225488544b3a5bb35e,Material,硝酸铵,硝酸铵,,"{""alignment_source"":""hazop_manual_candidate"",""alignment_status"":""pending_alignment""}",H线HAZOP及SIL定级分析 HAZOP记录表.xls,HAZOP_DA_H_R_V1,1.5-hazop,1.0000,accepted
MATHZ_25c4bd7b3daaf0e73a,Material,活性炭,活性炭,,"{""alignment_source"":""hazop_manual_candidate"",""alignment_status"":""pending_alignment""}",DA线HAZOP分析记录表.xls,HAZOP_DA_H_R_V1,1.5-hazop,1.0000,accepted
MATHZ_2b1ee907a3c7dad467,Material,硝酸钠,硝酸钠,,"{""alignment_source"":""hazop_manual_candidate"",""alignment_status"":""pending_alignment""}",DA线HAZOP分析记录表.xls,HAZOP_DA_H_R_V1,1.5-hazop,1.0000,accepted
MATHZ_421433b3ad8306c94a,Material,二甲基亚砜,二甲基亚砜,,"{""alignment_source"":""hazop_manual_candidate"",""alignment_status"":""pending_alignment""}",DA线HAZOP分析记录表.xls,HAZOP_DA_H_R_V1,1.5-hazop,1.0000,accepted
MATHZ_532d339194d335cdd0,Material,亚硝酸钠,亚硝酸钠,,"{""alignment_source"":""hazop_manual_candidate"",""alignment_status"":""pending_alignment""}",DA线HAZOP分析记录表.xls,HAZOP_DA_H_R_V1,1.5-hazop,1.0000,accepted
MATHZ_5b5a97a7432ccaf267,Material,蒸汽,蒸汽,,"{""alignment_source"":""hazop_manual_candidate"",""alignment_status"":""pending_alignment""}",DA线HAZOP分析记录表.xls,HAZOP_DA_H_R_V1,1.5-hazop,1.0000,accepted
MATHZ_6422bd6b9628068c21,Material,吉纳,吉纳,,"{""alignment_source"":""hazop_manual_candidate"",""alignment_status"":""pending_alignment""}",DA线HAZOP分析记录表.xls,HAZOP_DA_H_R_V1,1.5-hazop,1.0000,accepted
MATHZ_6458b59d585f45433c,Material,醋酸酐,醋酸酐,,"{""alignment_source"":""hazop_manual_candidate"",""alignment_status"":""pending_alignment""}",H线HAZOP及SIL定级分析 HAZOP记录表.xls,HAZOP_DA_H_R_V1,1.5-hazop,1.0000,accepted
MATHZ_6b5fce191c5832ede3,Material,碳酸钠,碳酸钠,,"{""alignment_source"":""hazop_manual_candidate"",""alignment_status"":""pending_alignment""}",DA线HAZOP分析记录表.xls,HAZOP_DA_H_R_V1,1.5-hazop,1.0000,accepted
MATHZ_8ffbf192934ab70cfc,Material,水,水,,"{""alignment_source"":""hazop_manual_candidate"",""alignment_status"":""pending_alignment""}",DA线HAZOP分析记录表.xls,HAZOP_DA_H_R_V1,1.5-hazop,1.0000,accepted
MATHZ_92ae1a53df037bf76e,Material,乌洛托品,乌洛托品,,"{""alignment_source"":""hazop_manual_candidate"",""alignment_status"":""pending_alignment""}",H线HAZOP及SIL定级分析 HAZOP记录表.xls,HAZOP_DA_H_R_V1,1.5-hazop,1.0000,accepted
MATHZ_a3d75dcca2844268e1,Material,叠氮化钠,叠氮化钠,,"{""alignment_source"":""hazop_manual_candidate"",""alignment_status"":""pending_alignment""}",DA线HAZOP分析记录表.xls,HAZOP_DA_H_R_V1,1.5-hazop,1.0000,accepted
MATHZ_afe468a61d6155bece,Material,二氯甲烷,二氯甲烷,,"{""alignment_source"":""hazop_manual_candidate"",""alignment_status"":""pending_alignment""}",DA线HAZOP分析记录表.xls,HAZOP_DA_H_R_V1,1.5-hazop,1.0000,accepted
MATHZ_fe99961d573d7b1cd3,Material,硝酸,浓硝酸,,"{""alignment_source"":""hazop_manual_candidate"",""alignment_status"":""pending_alignment""}",DA线HAZOP分析记录表.xls,HAZOP_DA_H_R_V1,1.5-hazop,1.0000,accepted
ENTM91_724c51854650585252,MaterialFamily,黑索今,RDX,,"{""alignment_source"":""material_kg_v9_2"",""alignment_status"":""aligned""}",H线HAZOP及SIL定级分析 HAZOP记录表.xls,HAZOP_DA_H_R_V1,1.5-hazop,1.0000,accepted
ENTM91_be1034561c828bcb54,MaterialFamily,苦味酸,PA,,"{""alignment_source"":""material_kg_v9_2"",""alignment_status"":""aligned""}",DA线HAZOP分析记录表.xls,HAZOP_DA_H_R_V1,1.5-hazop,1.0000,accepted
ENTM91_c5dc0778d94f0a74e3,MaterialFamily,叠氮化铅,LA,,"{""alignment_source"":""material_kg_v9_2"",""alignment_status"":""aligned""}",H线HAZOP及SIL定级分析 HAZOP记录表.xls,HAZOP_DA_H_R_V1,1.5-hazop,1.0000,accepted
ENTM91_d3e8571212f6fa26b1,MaterialFamily,奥克托今,HMX,,"{""alignment_source"":""material_kg_v9_2"",""alignment_status"":""aligned""}",H线HAZOP及SIL定级分析 HAZOP记录表.xls,HAZOP_DA_H_R_V1,1.5-hazop,1.0000,accepted
PROCHZ_14dc919f4a79dd003f,Process,R线N001 硝化反应,硝化反应,,"{""date_raw"":""2019.12.04-2019.12.05"",""node_id"":""N001"",""pid"":""""}",R线 HAZOP分析记录表.xls,HAZOP_DA_H_R_V1,1.5-hazop,1.0000,accepted
PROCHZ_582090b27f2bddc7fd,Process,DA线N003 蒸馏及产品输送单元：物料进入蒸馏塔，升温，二氯甲烷蒸出，产品装桶，再真空抽至减压,蒸馏及产品输送单元：物料进入蒸馏塔，升温，二氯甲烷蒸出，产品装桶，再真空抽至减压,蒸馏及产品输送单元：物料进入蒸馏塔，升温，二氯甲烷蒸出，产品装桶，再真空抽至减压蒸馏釜，减压蒸馏在60~70℃下进行，冷却至40℃以下，得到精制产品，装入桶中，进入成品计量桶，水利喷射输送至下游吸收工序。,"{""date_raw"":""2020.08.04"",""node_id"":""N003"",""pid"":""""}",DA线HAZOP分析记录表.xls,HAZOP_DA_H_R_V1,1.5-hazop,1.0000,accepted
PROCHZ_60571b33e25a727433,Process,H线N004 转晶,转晶,转晶:,"{""date_raw"":"""",""node_id"":""N004"",""pid"":""""}",H线HAZOP及SIL定级分析 HAZOP记录表.xls,HAZOP_DA_H_R_V1,1.5-hazop,1.0000,accepted
PROCHZ_6a34712f2a6566454f,Process,H线N001 铵硝溶液配制,铵硝溶液配制,铵硝溶液配制:,"{""date_raw"":""2019.12.01"",""node_id"":""N001"",""pid"":""""}",H线HAZOP及SIL定级分析 HAZOP记录表.xls,HAZOP_DA_H_R_V1,1.5-hazop,1.0000,accepted
PROCHZ_80cc6279c1adbaffb2,Process,H线N002 乌醋溶液配制,乌醋溶液配制,乌醋溶液配制:,"{""date_raw"":"""",""node_id"":""N002"",""pid"":""""}",H线HAZOP及SIL定级分析 HAZOP记录表.xls,HAZOP_DA_H_R_V1,1.5-hazop,1.0000,accepted
PROCHZ_838934a29835c43404,Process,DA线N001 合成单元：将二甲基亚砜一次性加入合成釜中，搅拌，半小时且加热升温至50℃以后，一,合成单元：将二甲基亚砜一次性加入合成釜中，搅拌，半小时且加热升温至50℃以后，一,合成单元：将二甲基亚砜一次性加入合成釜中，搅拌，半小时且加热升温至50℃以后，一次性加入定量吉纳，完全溶解后，加入叠氮化钠（自动加料），升温至70℃左右，保温，反应一段时间后，降温至40℃，出料至收集槽，停搅拌。,"{""date_raw"":""2020.08.04"",""node_id"":""N001"",""pid"":""""}",DA线HAZOP分析记录表.xls,HAZOP_DA_H_R_V1,1.5-hazop,1.0000,accepted
PROCHZ_a67a164c23c7779f09,Process,H线N003 硝化,硝化,硝化:,"{""date_raw"":"""",""node_id"":""N003"",""pid"":""""}",H线HAZOP及SIL定级分析 HAZOP记录表.xls,HAZOP_DA_H_R_V1,1.5-hazop,1.0000,accepted
PROCHZ_a74eed99a962025e4c,Process,R线N003 热压煮洗,热压煮洗,,"{""date_raw"":""2019.12.04-2019.12.05"",""node_id"":""N003"",""pid"":""""}",R线 HAZOP分析记录表.xls,HAZOP_DA_H_R_V1,1.5-hazop,1.0000,accepted
PROCHZ_c40e3056ba08c37f49,Process,R线N002 氧化结晶,氧化结晶,,"{""date_raw"":""2019.12.04-2019.12.05"",""node_id"":""N002"",""pid"":""""}",R线 HAZOP分析记录表.xls,HAZOP_DA_H_R_V1,1.5-hazop,1.0000,accepted
PROCHZ_c81fcefec024d838c9,Process,DA线N002 洗涤脱色单元：二氯甲烷和水加入萃取釜中，将合成后的出料抽入萃取釜，搅拌，静置，下,洗涤脱色单元：二氯甲烷和水加入萃取釜中，将合成后的出料抽入萃取釜，搅拌，静置，下,洗涤脱色单元：二氯甲烷和水加入萃取釜中，将合成后的出料抽入萃取釜，搅拌，静置，下层有机相进入有机相收集槽，上层水相进入废水收集槽，再将水和有机相放入洗涤釜中，搅拌，静置，进行两次水洗，一次碱洗（碳酸钠洗涤）；洗涤后的下层有机相进入脱色釜，搅拌，加入活性炭，加热，二氯甲烷挥发至冷凝器，回流，冷却降温至35℃以下，物料进入过滤器，二氯甲烷洗涤活性炭，滤液真空抽至收集槽。,"{""date_raw"":""2020.08.04"",""node_id"":""N002"",""pid"":""""}",DA线HAZOP分析记录表.xls,HAZOP_DA_H_R_V1,1.5-hazop,1.0000,accepted
PROCHZ_ddbb2b9e0e54ba1156,Process,H线N005 废酸处理,废酸处理,废酸处理:,"{""date_raw"":"""",""node_id"":""N005"",""pid"":""""}",H线HAZOP及SIL定级分析 HAZOP记录表.xls,HAZOP_DA_H_R_V1,1.5-hazop,1.0000,accepted
PROCHZ_e350dd3b3f76d12260,Process,DA线N004 废水处理单元：废水中加入亚硝酸钠，滴加浓硝酸，使PH值在1~3之间，搅拌1小时，,废水处理单元：废水中加入亚硝酸钠，滴加浓硝酸，使PH值在1~3之间，搅拌1小时，,废水处理单元：废水中加入亚硝酸钠，滴加浓硝酸，使PH值在1~3之间，搅拌1小时，取样检测N3-浓度，若N3-浓度不合格，则重复上述操作，若合格则加入碳酸钠，是PH值在6~9之间，排入生化处理池。,"{""date_raw"":""2020.08.06"",""node_id"":""N004"",""pid"":""""}",DA线HAZOP分析记录表.xls,HAZOP_DA_H_R_V1,1.5-hazop,1.0000,accepted
PARHZ_011d720107c0be972e,ProcessParameter,液位,液位,,"{""process_id"":""PROCHZ_582090b27f2bddc7fd""}",DA线HAZOP分析记录表.xls,HAZOP_DA_H_R_V1,1.5-hazop,1.0000,accepted
PARHZ_034e6ab91a1d03aa9d,ProcessParameter,运行,运行,,"{""process_id"":""PROCHZ_c81fcefec024d838c9""}",DA线HAZOP分析记录表.xls,HAZOP_DA_H_R_V1,1.5-hazop,1.0000,accepted
PARHZ_059e464db474895265,ProcessParameter,公用工程,公用工程,,"{""process_id"":""PROCHZ_14dc919f4a79dd003f""}",R线 HAZOP分析记录表.xls,HAZOP_DA_H_R_V1,1.5-hazop,1.0000,accepted
PARHZ_0693422da581f50cc8,ProcessParameter,运行,运行,,"{""process_id"":""PROCHZ_60571b33e25a727433""}",H线HAZOP及SIL定级分析 HAZOP记录表.xls,HAZOP_DA_H_R_V1,1.5-hazop,1.0000,accepted
PARHZ_0830594ae9edef3c96,ProcessParameter,流量,流量,,"{""process_id"":""PROCHZ_6a34712f2a6566454f""}",H线HAZOP及SIL定级分析 HAZOP记录表.xls,HAZOP_DA_H_R_V1,1.5-hazop,1.0000,accepted
PARHZ_0a0168353a05ceca97,ProcessParameter,温度,温度,,"{""process_id"":""PROCHZ_838934a29835c43404""}",DA线HAZOP分析记录表.xls,HAZOP_DA_H_R_V1,1.5-hazop,1.0000,accepted
PARHZ_0d31ee756ffe2593da,ProcessParameter,泄漏,泄漏,,"{""process_id"":""PROCHZ_c81fcefec024d838c9""}",DA线HAZOP分析记录表.xls,HAZOP_DA_H_R_V1,1.5-hazop,1.0000,accepted
PARHZ_115aafc0c56431c3f0,ProcessParameter,液位,液位,,"{""process_id"":""PROCHZ_60571b33e25a727433""}",H线HAZOP及SIL定级分析 HAZOP记录表.xls,HAZOP_DA_H_R_V1,1.5-hazop,1.0000,accepted
PARHZ_15a019119a77da45f8,ProcessParameter,组分,组分,,"{""process_id"":""PROCHZ_80cc6279c1adbaffb2""}",H线HAZOP及SIL定级分析 HAZOP记录表.xls,HAZOP_DA_H_R_V1,1.5-hazop,1.0000,accepted
PARHZ_16c09c1efcba71afd3,ProcessParameter,组分,组分,,"{""process_id"":""PROCHZ_ddbb2b9e0e54ba1156""}",H线HAZOP及SIL定级分析 HAZOP记录表.xls,HAZOP_DA_H_R_V1,1.5-hazop,1.0000,accepted
PARHZ_23142040e5dbafb151,ProcessParameter,温度,温度,,"{""process_id"":""PROCHZ_a67a164c23c7779f09""}",H线HAZOP及SIL定级分析 HAZOP记录表.xls,HAZOP_DA_H_R_V1,1.5-hazop,1.0000,accepted
PARHZ_25e175187dab8560ae,ProcessParameter,操作步骤,操作步骤,,"{""process_id"":""PROCHZ_838934a29835c43404""}",DA线HAZOP分析记录表.xls,HAZOP_DA_H_R_V1,1.5-hazop,1.0000,accepted
PARHZ_27532829800b176e99,ProcessParameter,温度,温度,,"{""process_id"":""PROCHZ_c81fcefec024d838c9""}",DA线HAZOP分析记录表.xls,HAZOP_DA_H_R_V1,1.5-hazop,1.0000,accepted
PARHZ_27ee34eeda0bb63fa1,ProcessParameter,组分,组分,,"{""process_id"":""PROCHZ_c81fcefec024d838c9""}",DA线HAZOP分析记录表.xls,HAZOP_DA_H_R_V1,1.5-hazop,1.0000,accepted
PARHZ_28a8f776dadb910d9b,ProcessParameter,压力,压力,,"{""process_id"":""PROCHZ_a74eed99a962025e4c""}",R线 HAZOP分析记录表.xls,HAZOP_DA_H_R_V1,1.5-hazop,1.0000,accepted
PARHZ_2dc650184c47ef00b6,ProcessParameter,操作步骤,操作步骤,,"{""process_id"":""PROCHZ_6a34712f2a6566454f""}",H线HAZOP及SIL定级分析 HAZOP记录表.xls,HAZOP_DA_H_R_V1,1.5-hazop,1.0000,accepted
PARHZ_316d09b9f39d290326,ProcessParameter,公用工程,公用工程,,"{""process_id"":""PROCHZ_60571b33e25a727433""}",H线HAZOP及SIL定级分析 HAZOP记录表.xls,HAZOP_DA_H_R_V1,1.5-hazop,1.0000,accepted
PARHZ_355f64848c60a6f07f,ProcessParameter,温度,温度,,"{""process_id"":""PROCHZ_ddbb2b9e0e54ba1156""}",H线HAZOP及SIL定级分析 HAZOP记录表.xls,HAZOP_DA_H_R_V1,1.5-hazop,1.0000,accepted
PARHZ_395b7eabd38226a04f,ProcessParameter,公用工程,公用工程,,"{""process_id"":""PROCHZ_838934a29835c43404""}",DA线HAZOP分析记录表.xls,HAZOP_DA_H_R_V1,1.5-hazop,1.0000,accepted
PARHZ_3baff58d03243abda4,ProcessParameter,流量,流量,,"{""process_id"":""PROCHZ_c40e3056ba08c37f49""}",R线 HAZOP分析记录表.xls,HAZOP_DA_H_R_V1,1.5-hazop,1.0000,accepted
PARHZ_3cdccc8f15e8194916,ProcessParameter,组分,组分,,"{""process_id"":""PROCHZ_838934a29835c43404""}",DA线HAZOP分析记录表.xls,HAZOP_DA_H_R_V1,1.5-hazop,1.0000,accepted
PARHZ_3ee7765c03899a1059,ProcessParameter,运行,运行,,"{""process_id"":""PROCHZ_838934a29835c43404""}",DA线HAZOP分析记录表.xls,HAZOP_DA_H_R_V1,1.5-hazop,1.0000,accepted
PARHZ_3fa2e16b386ecfa2c9,ProcessParameter,操作步骤,操作步骤,,"{""process_id"":""PROCHZ_a74eed99a962025e4c""}",R线 HAZOP分析记录表.xls,HAZOP_DA_H_R_V1,1.5-hazop,1.0000,accepted
PARHZ_3fb088be6d94610872,ProcessParameter,液位,液位,,"{""process_id"":""PROCHZ_c81fcefec024d838c9""}",DA线HAZOP分析记录表.xls,HAZOP_DA_H_R_V1,1.5-hazop,1.0000,accepted
PARHZ_40294e82b779b8c30f,ProcessParameter,流量,流量,,"{""process_id"":""PROCHZ_a67a164c23c7779f09""}",H线HAZOP及SIL定级分析 HAZOP记录表.xls,HAZOP_DA_H_R_V1,1.5-hazop,1.0000,accepted
PARHZ_4080eb8a37d28acfdd,ProcessParameter,温度,温度,,"{""process_id"":""PROCHZ_14dc919f4a79dd003f""}",R线 HAZOP分析记录表.xls,HAZOP_DA_H_R_V1,1.5-hazop,1.0000,accepted
PARHZ_4400819de3c752341c,ProcessParameter,时间,时间,,"{""process_id"":""PROCHZ_60571b33e25a727433""}",H线HAZOP及SIL定级分析 HAZOP记录表.xls,HAZOP_DA_H_R_V1,1.5-hazop,1.0000,accepted
PARHZ_446e968987c5ba59db,ProcessParameter,压力,压力,,"{""process_id"":""PROCHZ_80cc6279c1adbaffb2""}",H线HAZOP及SIL定级分析 HAZOP记录表.xls,HAZOP_DA_H_R_V1,1.5-hazop,1.0000,accepted
PARHZ_50c637cfd876178e3e,ProcessParameter,温度,温度,,"{""process_id"":""PROCHZ_a74eed99a962025e4c""}",R线 HAZOP分析记录表.xls,HAZOP_DA_H_R_V1,1.5-hazop,1.0000,accepted
PARHZ_52475e812ed031913a,ProcessParameter,组分,组分,,"{""process_id"":""PROCHZ_a67a164c23c7779f09""}",H线HAZOP及SIL定级分析 HAZOP记录表.xls,HAZOP_DA_H_R_V1,1.5-hazop,1.0000,accepted
PARHZ_53284e22545ca7cc7f,ProcessParameter,液位,液位,,"{""process_id"":""PROCHZ_838934a29835c43404""}",DA线HAZOP分析记录表.xls,HAZOP_DA_H_R_V1,1.5-hazop,1.0000,accepted
PARHZ_5911f20f3b3d4ca1c6,ProcessParameter,其他,其他,,"{""process_id"":""PROCHZ_838934a29835c43404""}",DA线HAZOP分析记录表.xls,HAZOP_DA_H_R_V1,1.5-hazop,1.0000,accepted
PARHZ_604cb385df1cb17f7f,ProcessParameter,腐蚀/冲蚀,腐蚀/冲蚀,,"{""process_id"":""PROCHZ_6a34712f2a6566454f""}",H线HAZOP及SIL定级分析 HAZOP记录表.xls,HAZOP_DA_H_R_V1,1.5-hazop,1.0000,accepted
PARHZ_60fe3c2dc27c7a95eb,ProcessParameter,压力,压力,,"{""process_id"":""PROCHZ_ddbb2b9e0e54ba1156""}",H线HAZOP及SIL定级分析 HAZOP记录表.xls,HAZOP_DA_H_R_V1,1.5-hazop,1.0000,accepted
PARHZ_6dca0a8255095f7a09,ProcessParameter,压力,压力,,"{""process_id"":""PROCHZ_60571b33e25a727433""}",H线HAZOP及SIL定级分析 HAZOP记录表.xls,HAZOP_DA_H_R_V1,1.5-hazop,1.0000,accepted
PARHZ_6f5046ac30b6ed36ea,ProcessParameter,操作步骤,操作步骤,,"{""process_id"":""PROCHZ_a67a164c23c7779f09""}",H线HAZOP及SIL定级分析 HAZOP记录表.xls,HAZOP_DA_H_R_V1,1.5-hazop,1.0000,accepted
PARHZ_7241e86e42d6d344f2,ProcessParameter,流量,流量,,"{""process_id"":""PROCHZ_80cc6279c1adbaffb2""}",H线HAZOP及SIL定级分析 HAZOP记录表.xls,HAZOP_DA_H_R_V1,1.5-hazop,1.0000,accepted
PARHZ_7af488e34ba40f5367,ProcessParameter,压力,压力,,"{""process_id"":""PROCHZ_a67a164c23c7779f09""}",H线HAZOP及SIL定级分析 HAZOP记录表.xls,HAZOP_DA_H_R_V1,1.5-hazop,1.0000,accepted
PARHZ_7b3e1612dcdfb9feac,ProcessParameter,温度,温度,,"{""process_id"":""PROCHZ_6a34712f2a6566454f""}",H线HAZOP及SIL定级分析 HAZOP记录表.xls,HAZOP_DA_H_R_V1,1.5-hazop,1.0000,accepted
PARHZ_7d86cf8a3d955cb8b8,ProcessParameter,腐蚀/冲蚀,腐蚀/冲蚀,,"{""process_id"":""PROCHZ_c81fcefec024d838c9""}",DA线HAZOP分析记录表.xls,HAZOP_DA_H_R_V1,1.5-hazop,1.0000,accepted
PARHZ_7e0bce43cfd7c500cb,ProcessParameter,公用工程,公用工程,,"{""process_id"":""PROCHZ_ddbb2b9e0e54ba1156""}",H线HAZOP及SIL定级分析 HAZOP记录表.xls,HAZOP_DA_H_R_V1,1.5-hazop,1.0000,accepted
PARHZ_89c23e87e6db57a10a,ProcessParameter,运行,运行,,"{""process_id"":""PROCHZ_582090b27f2bddc7fd""}",DA线HAZOP分析记录表.xls,HAZOP_DA_H_R_V1,1.5-hazop,1.0000,accepted
PARHZ_8feb75f00f9da7860b,ProcessParameter,液位,液位,,"{""process_id"":""PROCHZ_ddbb2b9e0e54ba1156""}",H线HAZOP及SIL定级分析 HAZOP记录表.xls,HAZOP_DA_H_R_V1,1.5-hazop,1.0000,accepted
PARHZ_93be366a3b9c0585f5,ProcessParameter,公用工程,公用工程,,"{""process_id"":""PROCHZ_a67a164c23c7779f09""}",H线HAZOP及SIL定级分析 HAZOP记录表.xls,HAZOP_DA_H_R_V1,1.5-hazop,1.0000,accepted
PARHZ_978c03d519b7a166eb,ProcessParameter,组分,组分,,"{""process_id"":""PROCHZ_6a34712f2a6566454f""}",H线HAZOP及SIL定级分析 HAZOP记录表.xls,HAZOP_DA_H_R_V1,1.5-hazop,1.0000,accepted
PARHZ_99df5ecf1ee3663ed6,ProcessParameter,流量,流量,,"{""process_id"":""PROCHZ_e350dd3b3f76d12260""}",DA线HAZOP分析记录表.xls,HAZOP_DA_H_R_V1,1.5-hazop,1.0000,accepted
PARHZ_9ba9739c9e029ece79,ProcessParameter,公用工程,公用工程,,"{""process_id"":""PROCHZ_c40e3056ba08c37f49""}",R线 HAZOP分析记录表.xls,HAZOP_DA_H_R_V1,1.5-hazop,1.0000,accepted
PARHZ_9cba7747976278600a,ProcessParameter,操作步骤,操作步骤,,"{""process_id"":""PROCHZ_60571b33e25a727433""}",H线HAZOP及SIL定级分析 HAZOP记录表.xls,HAZOP_DA_H_R_V1,1.5-hazop,1.0000,accepted
PARHZ_a21eb733a13e62ae43,ProcessParameter,腐蚀/冲蚀,腐蚀/冲蚀,,"{""process_id"":""PROCHZ_ddbb2b9e0e54ba1156""}",H线HAZOP及SIL定级分析 HAZOP记录表.xls,HAZOP_DA_H_R_V1,1.5-hazop,1.0000,accepted
PARHZ_a608b814b6bcb5cec7,ProcessParameter,操作步骤,操作步骤,,"{""process_id"":""PROCHZ_80cc6279c1adbaffb2""}",H线HAZOP及SIL定级分析 HAZOP记录表.xls,HAZOP_DA_H_R_V1,1.5-hazop,1.0000,accepted
PARHZ_b1afbf287ee89ed98f,ProcessParameter,腐蚀/冲蚀,腐蚀/冲蚀,,"{""process_id"":""PROCHZ_582090b27f2bddc7fd""}",DA线HAZOP分析记录表.xls,HAZOP_DA_H_R_V1,1.5-hazop,1.0000,accepted
PARHZ_b500c0770641021ea7,ProcessParameter,腐蚀/冲蚀,腐蚀/冲蚀,,"{""process_id"":""PROCHZ_a67a164c23c7779f09""}",H线HAZOP及SIL定级分析 HAZOP记录表.xls,HAZOP_DA_H_R_V1,1.5-hazop,1.0000,accepted
PARHZ_b55ede9136489a7cab,ProcessParameter,压力,压力,,"{""process_id"":""PROCHZ_6a34712f2a6566454f""}",H线HAZOP及SIL定级分析 HAZOP记录表.xls,HAZOP_DA_H_R_V1,1.5-hazop,1.0000,accepted
PARHZ_bb180d4f1edc3fbfe9,ProcessParameter,压力,压力,,"{""process_id"":""PROCHZ_838934a29835c43404""}",DA线HAZOP分析记录表.xls,HAZOP_DA_H_R_V1,1.5-hazop,1.0000,accepted
PARHZ_bbf50ba71985fc38b0,ProcessParameter,其他,其他,,"{""process_id"":""PROCHZ_582090b27f2bddc7fd""}",DA线HAZOP分析记录表.xls,HAZOP_DA_H_R_V1,1.5-hazop,1.0000,accepted
PARHZ_bc85e0abb8f5332f2a,ProcessParameter,压力,压力,,"{""process_id"":""PROCHZ_582090b27f2bddc7fd""}",DA线HAZOP分析记录表.xls,HAZOP_DA_H_R_V1,1.5-hazop,1.0000,accepted
PARHZ_c1c43d97d5fd8f34dd,ProcessParameter,组分,组分,,"{""process_id"":""PROCHZ_14dc919f4a79dd003f""}",R线 HAZOP分析记录表.xls,HAZOP_DA_H_R_V1,1.5-hazop,1.0000,accepted
PARHZ_cc23b777247d48d014,ProcessParameter,搅拌,搅拌,,"{""process_id"":""PROCHZ_c81fcefec024d838c9""}",DA线HAZOP分析记录表.xls,HAZOP_DA_H_R_V1,1.5-hazop,1.0000,accepted
PARHZ_cc37b03d0a12e49db8,ProcessParameter,组分,组分,,"{""process_id"":""PROCHZ_c40e3056ba08c37f49""}",R线 HAZOP分析记录表.xls,HAZOP_DA_H_R_V1,1.5-hazop,1.0000,accepted
PARHZ_cd7d6a018aba59cffd,ProcessParameter,温度,温度,,"{""process_id"":""PROCHZ_c40e3056ba08c37f49""}",R线 HAZOP分析记录表.xls,HAZOP_DA_H_R_V1,1.5-hazop,1.0000,accepted
PARHZ_cd9a2bb550687c53a8,ProcessParameter,流量,流量,,"{""process_id"":""PROCHZ_838934a29835c43404""}",DA线HAZOP分析记录表.xls,HAZOP_DA_H_R_V1,1.5-hazop,1.0000,accepted
PARHZ_cf3776b6bc8e105b64,ProcessParameter,公用工程,公用工程,,"{""process_id"":""PROCHZ_582090b27f2bddc7fd""}",DA线HAZOP分析记录表.xls,HAZOP_DA_H_R_V1,1.5-hazop,1.0000,accepted
PARHZ_d49e7c8dd87b779c10,ProcessParameter,压力,压力,,"{""process_id"":""PROCHZ_c81fcefec024d838c9""}",DA线HAZOP分析记录表.xls,HAZOP_DA_H_R_V1,1.5-hazop,1.0000,accepted
PARHZ_d54820fda76430ebe4,ProcessParameter,流量,流量,,"{""process_id"":""PROCHZ_60571b33e25a727433""}",H线HAZOP及SIL定级分析 HAZOP记录表.xls,HAZOP_DA_H_R_V1,1.5-hazop,1.0000,accepted
PARHZ_d57feee46aa5073006,ProcessParameter,泄漏,泄漏,,"{""process_id"":""PROCHZ_838934a29835c43404""}",DA线HAZOP分析记录表.xls,HAZOP_DA_H_R_V1,1.5-hazop,1.0000,accepted
PARHZ_dd7166e48c9cd8e54b,ProcessParameter,流量,流量,,"{""process_id"":""PROCHZ_c81fcefec024d838c9""}",DA线HAZOP分析记录表.xls,HAZOP_DA_H_R_V1,1.5-hazop,1.0000,accepted
PARHZ_dd85d556517a1f1886,ProcessParameter,温度,温度,,"{""process_id"":""PROCHZ_80cc6279c1adbaffb2""}",H线HAZOP及SIL定级分析 HAZOP记录表.xls,HAZOP_DA_H_R_V1,1.5-hazop,1.0000,accepted
PARHZ_dde7d98ce1c31b3cab,ProcessParameter,温度,温度,,"{""process_id"":""PROCHZ_60571b33e25a727433""}",H线HAZOP及SIL定级分析 HAZOP记录表.xls,HAZOP_DA_H_R_V1,1.5-hazop,1.0000,accepted
PARHZ_dded377f3ebe09d3e4,ProcessParameter,组分,组分,,"{""process_id"":""PROCHZ_582090b27f2bddc7fd""}",DA线HAZOP分析记录表.xls,HAZOP_DA_H_R_V1,1.5-hazop,1.0000,accepted
PARHZ_de46e4f1785d5e8456,ProcessParameter,其他,其他,,"{""process_id"":""PROCHZ_60571b33e25a727433""}",H线HAZOP及SIL定级分析 HAZOP记录表.xls,HAZOP_DA_H_R_V1,1.5-hazop,1.0000,accepted
PARHZ_e044dc83013595fcfd,ProcessParameter,流量,流量,,"{""process_id"":""PROCHZ_14dc919f4a79dd003f""}",R线 HAZOP分析记录表.xls,HAZOP_DA_H_R_V1,1.5-hazop,1.0000,accepted
PARHZ_e39fff7c833969c109,ProcessParameter,组分,组分,,"{""process_id"":""PROCHZ_60571b33e25a727433""}",H线HAZOP及SIL定级分析 HAZOP记录表.xls,HAZOP_DA_H_R_V1,1.5-hazop,1.0000,accepted
PARHZ_e40048f7dc46f7be07,ProcessParameter,流量,流量,,"{""process_id"":""PROCHZ_582090b27f2bddc7fd""}",DA线HAZOP分析记录表.xls,HAZOP_DA_H_R_V1,1.5-hazop,1.0000,accepted
PARHZ_e5a1da3a9c38c9923f,ProcessParameter,压力,压力,,"{""process_id"":""PROCHZ_14dc919f4a79dd003f""}",R线 HAZOP分析记录表.xls,HAZOP_DA_H_R_V1,1.5-hazop,1.0000,accepted
PARHZ_e7eb9587cd8c1631ea,ProcessParameter,流量,流量,,"{""process_id"":""PROCHZ_ddbb2b9e0e54ba1156""}",H线HAZOP及SIL定级分析 HAZOP记录表.xls,HAZOP_DA_H_R_V1,1.5-hazop,1.0000,accepted
PARHZ_e8d579575ae86be320,ProcessParameter,其他,其他,,"{""process_id"":""PROCHZ_c40e3056ba08c37f49""}",R线 HAZOP分析记录表.xls,HAZOP_DA_H_R_V1,1.5-hazop,1.0000,accepted
PARHZ_eb8eadb5776e252392,ProcessParameter,公用工程,公用工程,,"{""process_id"":""PROCHZ_c81fcefec024d838c9""}",DA线HAZOP分析记录表.xls,HAZOP_DA_H_R_V1,1.5-hazop,1.0000,accepted
PARHZ_ec4b57cf5997517acb,ProcessParameter,运行,运行,,"{""process_id"":""PROCHZ_ddbb2b9e0e54ba1156""}",H线HAZOP及SIL定级分析 HAZOP记录表.xls,HAZOP_DA_H_R_V1,1.5-hazop,1.0000,accepted
PARHZ_ed16b2391c6bd8c332,ProcessParameter,压力,压力,,"{""process_id"":""PROCHZ_c40e3056ba08c37f49""}",R线 HAZOP分析记录表.xls,HAZOP_DA_H_R_V1,1.5-hazop,1.0000,accepted
PARHZ_edcf3ea0cfb49bda77,ProcessParameter,腐蚀/冲蚀,腐蚀/冲蚀,,"{""process_id"":""PROCHZ_838934a29835c43404""}",DA线HAZOP分析记录表.xls,HAZOP_DA_H_R_V1,1.5-hazop,1.0000,accepted
PARHZ_f705fdf4b73e157fa4,ProcessParameter,温度,温度,,"{""process_id"":""PROCHZ_582090b27f2bddc7fd""}",DA线HAZOP分析记录表.xls,HAZOP_DA_H_R_V1,1.5-hazop,1.0000,accepted
PARHZ_f9196e9bfaaf9c4782,ProcessParameter,其他,其他,,"{""process_id"":""PROCHZ_14dc919f4a79dd003f""}",R线 HAZOP分析记录表.xls,HAZOP_DA_H_R_V1,1.5-hazop,1.0000,accepted
PARHZ_fa08b3357865f65df7,ProcessParameter,腐蚀/冲蚀,腐蚀/冲蚀,,"{""process_id"":""PROCHZ_60571b33e25a727433""}",H线HAZOP及SIL定级分析 HAZOP记录表.xls,HAZOP_DA_H_R_V1,1.5-hazop,1.0000,accepted
LINEHZ_06576556d1ad802f24,ProductionLine,R生产线,R线HAZOP及SIL定级分析,,"{""line_code"":""R""}",R线 HAZOP分析记录表.xls,HAZOP_DA_H_R_V1,1.5-hazop,1.0000,accepted
LINEHZ_593c323390e39a5243,ProductionLine,DA生产线,DA生产线HAZOP分析及SIL评估,,"{""line_code"":""DA""}",DA线HAZOP分析记录表.xls,HAZOP_DA_H_R_V1,1.5-hazop,1.0000,accepted
LINEHZ_7cf184f4c67ad58283,ProductionLine,H生产线,H生产线HAZOP及SIL定级分析,,"{""line_code"":""H""}",H线HAZOP及SIL定级分析 HAZOP记录表.xls,HAZOP_DA_H_R_V1,1.5-hazop,1.0000,accepted
HAZOP_00d411405e4316d29a1e,RiskEventInstance,1.7.1 硝酸铵输送空气出换热器温度过低,1.7.1 硝酸铵输送空气出换热器温度过低,输送空气出换热器温度降低，硝酸铵中水可能析出，引起硝酸铵结块堵塞设备管线，影响硝酸铵输送,"{""deviation"":""温度过低"",""excel_row"":24,""initial_likelihood"":""6"",""initial_risk"":""M"",""initial_risk_complete"":true,""initial_severity"":""C"",""line_code"":""H"",""node_id"":""N001"",""parameter"":""温度"",""recommendation_category"":"""",""recommendation_no"":"""",""remarks"":"""",""residual_likelihood"":""5"",""residual_risk"":""M"",""residual_risk_complete"":true,""residual_severity"":""C"",""responsible_party"":"""",""serial_no"":""1.7.1"",""sil_level"":null,""sil_status"":""source_not_present"",""source_sheet"":""N001""}",H线HAZOP及SIL定级分析 HAZOP记录表.xls,HAZOP_DA_H_R_V1,1.5-hazop,1.0000,accepted
HAZOP_0170b50d0258897a2424,RiskEventInstance,1.4.1 硝化机压力过高,1.4.1 硝化机压力过高,硝化机压力升高，可能正压，氧化氮气体窜至外部环境，人员可能中毒窒息伤亡,"{""deviation"":""压力过高"",""excel_row"":12,""initial_likelihood"":""5"",""initial_risk"":""S"",""initial_risk_complete"":true,""initial_severity"":""F"",""line_code"":""R"",""node_id"":""N001"",""parameter"":""压力"",""recommendation_category"":""S"",""recommendation_no"":""#1.3"",""remarks"":"""",""residual_likelihood"":""4"",""residual_risk"":""H"",""residual_risk_complete"":true,""residual_severity"":""F"",""responsible_party"":"""",""serial_no"":""1.4.1"",""sil_level"":null,""sil_status"":""source_not_present"",""source_sheet"":""N001""}",R线 HAZOP分析记录表.xls,HAZOP_DA_H_R_V1,1.5-hazop,1.0000,accepted
HAZOP_0277277ea431da0ffb7f,RiskEventInstance,1.6.2 成熟机温度过高,1.6.2 成熟机温度过高,成熟机反应温度升高，熟机反应速率增快，副反应增加，潜在爆炸风险，人员伤亡,"{""deviation"":""温度过高"",""excel_row"":27,""initial_likelihood"":""6"",""initial_risk"":""S"",""initial_risk_complete"":true,""initial_severity"":""F"",""line_code"":""R"",""node_id"":""N001"",""parameter"":""温度"",""recommendation_category"":"""",""recommendation_no"":""#1.4"",""remarks"":"""",""residual_likelihood"":""4"",""residual_risk"":""H"",""residual_risk_complete"":true,""residual_severity"":""F"",""responsible_party"":"""",""serial_no"":""1.6.2"",""sil_level"":null,""sil_status"":""source_not_present"",""source_sheet"":""N001""}",R线 HAZOP分析记录表.xls,HAZOP_DA_H_R_V1,1.5-hazop,1.0000,accepted
HAZOP_0310e9743ed07fa0f3bb,RiskEventInstance,1.10.1 杂质,1.10.1 杂质,杂质可能窜至硝化机，硝化机副反应增加，局部温升过快，硝化机内物料可能分解，发生燃爆，人员伤亡，环境污染,"{""deviation"":""杂质"",""excel_row"":29,""initial_likelihood"":""6"",""initial_risk"":""H"",""initial_risk_complete"":true,""initial_severity"":""D"",""line_code"":""H"",""node_id"":""N001"",""parameter"":""组分"",""recommendation_category"":"""",""recommendation_no"":"""",""remarks"":"""",""residual_likelihood"":""4"",""residual_risk"":""M"",""residual_risk_complete"":true,""residual_severity"":""D"",""responsible_party"":"""",""serial_no"":""1.10.1"",""sil_level"":null,""sil_status"":""source_not_present"",""source_sheet"":""N001""}",H线HAZOP及SIL定级分析 HAZOP记录表.xls,HAZOP_DA_H_R_V1,1.5-hazop,1.0000,accepted
HAZOP_044319898b0376e72f25,RiskEventInstance,3.13.1 维护/隔离,3.13.1 维护/隔离,,"{""deviation"":""维护/隔离"",""excel_row"":27,""initial_likelihood"":"""",""initial_risk"":"""",""initial_risk_complete"":false,""initial_severity"":"""",""line_code"":""DA"",""node_id"":""N003"",""parameter"":""运行"",""recommendation_category"":"""",""recommendation_no"":"""",""remarks"":"""",""residual_likelihood"":"""",""residual_risk"":"""",""residual_risk_complete"":false,""residual_severity"":"""",""responsible_party"":"""",""serial_no"":""3.13.1"",""sil_level"":null,""sil_status"":""source_not_present"",""source_sheet"":""N003""}",DA线HAZOP分析记录表.xls,HAZOP_DA_H_R_V1,1.5-hazop,1.0000,accepted
HAZOP_04862fddd111294b4750,RiskEventInstance,1.5.1 合成釜压力过低,1.5.1 合成釜压力过低,,"{""deviation"":""压力过低"",""excel_row"":19,""initial_likelihood"":"""",""initial_risk"":"""",""initial_risk_complete"":false,""initial_severity"":"""",""line_code"":""DA"",""node_id"":""N001"",""parameter"":""压力"",""recommendation_category"":"""",""recommendation_no"":"""",""remarks"":"""",""residual_likelihood"":"""",""residual_risk"":"""",""residual_risk_complete"":false,""residual_severity"":"""",""responsible_party"":"""",""serial_no"":""1.5.1"",""sil_level"":null,""sil_status"":""source_not_present"",""source_sheet"":""N001""}",DA线HAZOP分析记录表.xls,HAZOP_DA_H_R_V1,1.5-hazop,1.0000,accepted
HAZOP_06792ebaf53856704fd6,RiskEventInstance,2.2.3 乌洛托品固体自乌洛托品下料器至乌醋配机总量过低,2.2.3 乌洛托品固体自乌洛托品下料器至乌醋配机总量过低,乌醋液中乌洛托品浓度降低，影响产品质量，无明显安全影响,"{""deviation"":""流量过低或无流量"",""excel_row"":12,""initial_likelihood"":"""",""initial_risk"":"""",""initial_risk_complete"":false,""initial_severity"":"""",""line_code"":""H"",""node_id"":""N002"",""parameter"":""流量"",""recommendation_category"":"""",""recommendation_no"":"""",""remarks"":"""",""residual_likelihood"":"""",""residual_risk"":"""",""residual_risk_complete"":false,""residual_severity"":"""",""responsible_party"":"""",""serial_no"":""2.2.3"",""sil_level"":null,""sil_status"":""source_not_present"",""source_sheet"":""N002""}",H线HAZOP及SIL定级分析 HAZOP记录表.xls,HAZOP_DA_H_R_V1,1.5-hazop,1.0000,accepted
HAZOP_0834e7ae0e583f951020,RiskEventInstance,2.17.1 部分泄漏,2.17.1 部分泄漏,二氯甲烷泄漏至外部环境，人员中毒风险,"{""deviation"":""部分泄漏"",""excel_row"":34,""initial_likelihood"":""6"",""initial_risk"":""M"",""initial_risk_complete"":true,""initial_severity"":""C"",""line_code"":""DA"",""node_id"":""N002"",""parameter"":""泄漏"",""recommendation_category"":""S"",""recommendation_no"":""#1.12"",""remarks"":"""",""residual_likelihood"":""6"",""residual_risk"":""M"",""residual_risk_complete"":true,""residual_severity"":""C"",""responsible_party"":"""",""serial_no"":""2.17.1"",""sil_level"":null,""sil_status"":""source_not_present"",""source_sheet"":""N002""}",DA线HAZOP分析记录表.xls,HAZOP_DA_H_R_V1,1.5-hazop,1.0000,accepted
HAZOP_086b4b96f46265f27667,RiskEventInstance,2.16.1 开停工,2.16.1 开停工,结晶机硝酸浓度升高，温度升高，RDX结晶粒度增大，产品得率降低,"{""deviation"":""其他"",""excel_row"":20,""initial_likelihood"":"""",""initial_risk"":"""",""initial_risk_complete"":false,""initial_severity"":"""",""line_code"":""R"",""node_id"":""N002"",""parameter"":""其他"",""recommendation_category"":"""",""recommendation_no"":"""",""remarks"":""酸不同浓度不同温度下对激发的影响"",""residual_likelihood"":"""",""residual_risk"":"""",""residual_risk_complete"":false,""residual_severity"":"""",""responsible_party"":"""",""serial_no"":""2.16.1"",""sil_level"":null,""sil_status"":""source_not_present"",""source_sheet"":""N002""}",R线 HAZOP分析记录表.xls,HAZOP_DA_H_R_V1,1.5-hazop,1.0000,accepted
HAZOP_08dd417e4eba2e44600f,RiskEventInstance,4.1.2 废水预处理池中浓硝酸加入量过多,4.1.2 废水预处理池中浓硝酸加入量过多,废水PH值降低，直接排入下游废水处理站，可能导致下游菌种杀死,"{""deviation"":""流量过高"",""excel_row"":5,""initial_likelihood"":""7"",""initial_risk"":""M"",""initial_risk_complete"":true,""initial_severity"":""B"",""line_code"":""DA"",""node_id"":""N004"",""parameter"":""流量"",""recommendation_category"":""O"",""recommendation_no"":""#4.1"",""remarks"":"""",""residual_likelihood"":""7"",""residual_risk"":""M"",""residual_risk_complete"":true,""residual_severity"":""B"",""responsible_party"":"""",""serial_no"":""4.1.2"",""sil_level"":null,""sil_status"":""source_not_present"",""source_sheet"":""N004""}",DA线HAZOP分析记录表.xls,HAZOP_DA_H_R_V1,1.5-hazop,1.0000,accepted
HAZOP_0b890c7a8069233b675e,RiskEventInstance,3.6.2 毛细管蒸馏釜温度过高,3.6.2 毛细管蒸馏釜温度过高,,"{""deviation"":""温度过高"",""excel_row"":18,""initial_likelihood"":"""",""initial_risk"":"""",""initial_risk_complete"":false,""initial_severity"":"""",""line_code"":""DA"",""node_id"":""N003"",""parameter"":""温度"",""recommendation_category"":"""",""recommendation_no"":"""",""remarks"":"""",""residual_likelihood"":"""",""residual_risk"":"""",""residual_risk_complete"":false,""residual_severity"":"""",""responsible_party"":"""",""serial_no"":""3.6.2"",""sil_level"":null,""sil_status"":""source_not_present"",""source_sheet"":""N003""}",DA线HAZOP分析记录表.xls,HAZOP_DA_H_R_V1,1.5-hazop,1.0000,accepted
HAZOP_0b8e2a2d50deb5a178ef,RiskEventInstance,3.8.1 液位过高,3.8.1 液位过高,,"{""deviation"":""液位过高"",""excel_row"":21,""initial_likelihood"":"""",""initial_risk"":"""",""initial_risk_complete"":false,""initial_severity"":"""",""line_code"":""DA"",""node_id"":""N003"",""parameter"":""液位"",""recommendation_category"":"""",""recommendation_no"":"""",""remarks"":"""",""residual_likelihood"":"""",""residual_risk"":"""",""residual_risk_complete"":false,""residual_severity"":"""",""responsible_party"":"""",""serial_no"":""3.8.1"",""sil_level"":null,""sil_status"":""source_not_present"",""source_sheet"":""N003""}",DA线HAZOP分析记录表.xls,HAZOP_DA_H_R_V1,1.5-hazop,1.0000,accepted
HAZOP_0caff2cdf6ce60c7eaeb,RiskEventInstance,1.1.1 乌洛托品加注至硝化机流量过高,1.1.1 乌洛托品加注至硝化机流量过高,乌洛托品粉尘不能及时被硝酸淹没，与飞溅起的硝酸接触后着火，潜在爆炸风险，人员伤亡,"{""deviation"":""流量过高"",""excel_row"":6,""initial_likelihood"":""6"",""initial_risk"":""S"",""initial_risk_complete"":true,""initial_severity"":""F"",""line_code"":""R"",""node_id"":""N001"",""parameter"":""流量"",""recommendation_category"":"""",""recommendation_no"":""#1.1"",""remarks"":"""",""residual_likelihood"":""5"",""residual_risk"":""S"",""residual_risk_complete"":true,""residual_severity"":""F"",""responsible_party"":"""",""serial_no"":""1.1.1"",""sil_level"":null,""sil_status"":""source_not_present"",""source_sheet"":""N001""}",R线 HAZOP分析记录表.xls,HAZOP_DA_H_R_V1,1.5-hazop,1.0000,accepted
HAZOP_0cebf0a349a07b356977,RiskEventInstance,1.1.2 硝酸铵固体自硝酸铵下料器至铵硝配机流量过高,1.1.2 硝酸铵固体自硝酸铵下料器至铵硝配机流量过高,"螺旋推进器可能产生堆料，螺旋推进器电机可能过载损坏；
硝酸铵粉尘浓度增加，可能形成粉尘爆炸性环境","{""deviation"":""流量过高"",""excel_row"":6,""initial_likelihood"":""6"",""initial_risk"":""H"",""initial_risk_complete"":true,""initial_severity"":""D"",""line_code"":""H"",""node_id"":""N001"",""parameter"":""流量"",""recommendation_category"":"""",""recommendation_no"":"""",""remarks"":"""",""residual_likelihood"":""3"",""residual_risk"":""M"",""residual_risk_complete"":true,""residual_severity"":""D"",""responsible_party"":"""",""serial_no"":""1.1.2"",""sil_level"":null,""sil_status"":""source_not_present"",""source_sheet"":""N001""}",H线HAZOP及SIL定级分析 HAZOP记录表.xls,HAZOP_DA_H_R_V1,1.5-hazop,1.0000,accepted
HAZOP_0ed572a180dd064699e1,RiskEventInstance,1.2.3 合成釜中叠氮化钠加入量过少,1.2.3 合成釜中叠氮化钠加入量过少,吉纳反应不完全，影响产品质量，反应过程中吉纳可能分解，潜在爆炸风险,"{""deviation"":""流量过低或无流量"",""excel_row"":13,""initial_likelihood"":""7"",""initial_risk"":""S"",""initial_risk_complete"":true,""initial_severity"":""D"",""line_code"":""DA"",""node_id"":""N001"",""parameter"":""流量"",""recommendation_category"":"""",""recommendation_no"":"""",""remarks"":"""",""residual_likelihood"":""7"",""residual_risk"":""S"",""residual_risk_complete"":true,""residual_severity"":""D"",""responsible_party"":"""",""serial_no"":""1.2.3"",""sil_level"":null,""sil_status"":""source_not_present"",""source_sheet"":""N001""}",DA线HAZOP分析记录表.xls,HAZOP_DA_H_R_V1,1.5-hazop,1.0000,accepted
HAZOP_122276fec1716c010ebf,RiskEventInstance,1.16.1 二甲基亚砜加料过程未开启搅拌,1.16.1 二甲基亚砜加料过程未开启搅拌,"升温过程，无安全影响；
加入固体物料后，未充分溶解情况下，再次开启搅拌，潜在爆炸，人员伤害风险","{""deviation"":""遗漏/缺失操作步骤"",""excel_row"":39,""initial_likelihood"":""5"",""initial_risk"":""H"",""initial_risk_complete"":true,""initial_severity"":""D"",""line_code"":""DA"",""node_id"":""N001"",""parameter"":""操作步骤"",""recommendation_category"":""S"",""recommendation_no"":""#1.15"",""remarks"":"""",""residual_likelihood"":""5"",""residual_risk"":""H"",""residual_risk_complete"":true,""residual_severity"":""D"",""responsible_party"":"""",""serial_no"":""1.16.1"",""sil_level"":null,""sil_status"":""source_not_present"",""source_sheet"":""N001""}",DA线HAZOP分析记录表.xls,HAZOP_DA_H_R_V1,1.5-hazop,1.0000,accepted
HAZOP_12f864e21a1a77d13dd0,RiskEventInstance,2.10.1 杂质,2.10.1 杂质,结晶机内硝酸浓度升高，RDX结晶粒度增大，废酸中RDX含量增加，后续工序安全操作受影响,"{""deviation"":""杂质"",""excel_row"":13,""initial_likelihood"":""6"",""initial_risk"":""S"",""initial_risk_complete"":true,""initial_severity"":""E"",""line_code"":""R"",""node_id"":""N002"",""parameter"":""组分"",""recommendation_category"":"""",""recommendation_no"":"""",""remarks"":"""",""residual_likelihood"":""6"",""residual_risk"":""S"",""residual_risk_complete"":true,""residual_severity"":""E"",""responsible_party"":"""",""serial_no"":""2.10.1"",""sil_level"":null,""sil_status"":""source_not_present"",""source_sheet"":""N002""}",R线 HAZOP分析记录表.xls,HAZOP_DA_H_R_V1,1.5-hazop,1.0000,accepted
HAZOP_130bcdab0140bc818990,RiskEventInstance,1.17.2 吉纳与叠氮化钠加料顺序错误,1.17.2 吉纳与叠氮化钠加料顺序错误,影响反应,"{""deviation"":""步骤顺序错误"",""excel_row"":44,""initial_likelihood"":"""",""initial_risk"":"""",""initial_risk_complete"":false,""initial_severity"":"""",""line_code"":""DA"",""node_id"":""N001"",""parameter"":""操作步骤"",""recommendation_category"":"""",""recommendation_no"":"""",""remarks"":""吉納与叠氮化钠加料顺序错误对反应的影响待研究。"",""residual_likelihood"":"""",""residual_risk"":"""",""residual_risk_complete"":false,""residual_severity"":"""",""responsible_party"":"""",""serial_no"":""1.17.2"",""sil_level"":null,""sil_status"":""source_not_present"",""source_sheet"":""N001""}",DA线HAZOP分析记录表.xls,HAZOP_DA_H_R_V1,1.5-hazop,1.0000,accepted
HAZOP_13b6a45218ab721d0649,RiskEventInstance,3.6.2 3#硝化机温度过高,3.6.2 3#硝化机温度过高,3#硝化机温度升高，硝化反应速率增加，硝化机内物料可能分解，3#硝化机内可能发生燃爆，人员伤亡，环境污染,"{""deviation"":""温度过高"",""excel_row"":24,""initial_likelihood"":""6"",""initial_risk"":""S"",""initial_risk_complete"":true,""initial_severity"":""E"",""line_code"":""H"",""node_id"":""N003"",""parameter"":""温度"",""recommendation_category"":"""",""recommendation_no"":"""",""remarks"":"""",""residual_likelihood"":""6"",""residual_risk"":""S"",""residual_risk_complete"":true,""residual_severity"":""E"",""responsible_party"":"""",""serial_no"":""3.6.2"",""sil_level"":null,""sil_status"":""source_not_present"",""source_sheet"":""N003""}",H线HAZOP及SIL定级分析 HAZOP记录表.xls,HAZOP_DA_H_R_V1,1.5-hazop,1.0000,accepted
HAZOP_159ab0a9ccf0d55f70e7,RiskEventInstance,2.7.1 脱色釜温度过低,2.7.1 脱色釜温度过低,脱色釜温度降低，影响脱色效果，影响产品质量,"{""deviation"":""温度过低"",""excel_row"":20,""initial_likelihood"":""7"",""initial_risk"":""M"",""initial_risk_complete"":true,""initial_severity"":""B"",""line_code"":""DA"",""node_id"":""N002"",""parameter"":""温度"",""recommendation_category"":"""",""recommendation_no"":"""",""remarks"":""产品中羟基物质热稳定性的影响待研究。"",""residual_likelihood"":""7"",""residual_risk"":""M"",""residual_risk_complete"":true,""residual_severity"":""B"",""responsible_party"":"""",""serial_no"":""2.7.1"",""sil_level"":null,""sil_status"":""source_not_present"",""source_sheet"":""N002""}",DA线HAZOP分析记录表.xls,HAZOP_DA_H_R_V1,1.5-hazop,1.0000,accepted
HAZOP_1635b99d78e2194c3233,RiskEventInstance,3.1.2 1#硝化机铵硝溶液加注流量过高,3.1.2 1#硝化机铵硝溶液加注流量过高,1#硝化机内铵硝比例增加，硝化反应速率增加，放热量增加，温度急剧升高，硝化机内物料可能发生燃爆，人员伤亡，环境污染,"{""deviation"":""流量过高"",""excel_row"":5,""initial_likelihood"":""6"",""initial_risk"":""S"",""initial_risk_complete"":true,""initial_severity"":""E"",""line_code"":""H"",""node_id"":""N003"",""parameter"":""流量"",""recommendation_category"":"""",""recommendation_no"":"""",""remarks"":"""",""residual_likelihood"":""5"",""residual_risk"":""H"",""residual_risk_complete"":true,""residual_severity"":""E"",""responsible_party"":"""",""serial_no"":""3.1.2"",""sil_level"":null,""sil_status"":""source_not_present"",""source_sheet"":""N003""}",H线HAZOP及SIL定级分析 HAZOP记录表.xls,HAZOP_DA_H_R_V1,1.5-hazop,1.0000,accepted
HAZOP_16ae16433c209973c543,RiskEventInstance,4.5.1 混合溶剂蒸馏机压力过低,4.5.1 混合溶剂蒸馏机压力过低,蒸馏机升温速度过慢，延长蒸馏工序操作时间，无明显安全影响,"{""deviation"":""压力过低"",""excel_row"":12,""initial_likelihood"":"""",""initial_risk"":"""",""initial_risk_complete"":false,""initial_severity"":"""",""line_code"":""H"",""node_id"":""N004"",""parameter"":""压力"",""recommendation_category"":"""",""recommendation_no"":"""",""remarks"":"""",""residual_likelihood"":"""",""residual_risk"":"""",""residual_risk_complete"":false,""residual_severity"":"""",""responsible_party"":"""",""serial_no"":""4.5.1"",""sil_level"":null,""sil_status"":""source_not_present"",""source_sheet"":""N004""}",H线HAZOP及SIL定级分析 HAZOP记录表.xls,HAZOP_DA_H_R_V1,1.5-hazop,1.0000,accepted
HAZOP_17444bab93bba4119d3c,RiskEventInstance,2.14.1 排净,2.14.1 排净,,"{""deviation"":""排净"",""excel_row"":31,""initial_likelihood"":""6"",""initial_risk"":""L"",""initial_risk_complete"":true,""initial_severity"":""A"",""line_code"":""DA"",""node_id"":""N002"",""parameter"":""运行"",""recommendation_category"":"""",""recommendation_no"":"""",""remarks"":"""",""residual_likelihood"":""6"",""residual_risk"":""L"",""residual_risk_complete"":true,""residual_severity"":""A"",""responsible_party"":"""",""serial_no"":""2.14.1"",""sil_level"":null,""sil_status"":""source_not_present"",""source_sheet"":""N002""}",DA线HAZOP分析记录表.xls,HAZOP_DA_H_R_V1,1.5-hazop,1.0000,accepted
HAZOP_195dadb8c93ce77614ab,RiskEventInstance,1.6.1 硝化机温度过高,1.6.1 硝化机温度过高,,"{""deviation"":""温度过高"",""excel_row"":22,""initial_likelihood"":"""",""initial_risk"":"""",""initial_risk_complete"":false,""initial_severity"":"""",""line_code"":""R"",""node_id"":""N001"",""parameter"":""温度"",""recommendation_category"":"""",""recommendation_no"":"""",""remarks"":"""",""residual_likelihood"":"""",""residual_risk"":"""",""residual_risk_complete"":false,""residual_severity"":"""",""responsible_party"":"""",""serial_no"":""1.6.1"",""sil_level"":null,""sil_status"":""source_not_present"",""source_sheet"":""N001""}",R线 HAZOP分析记录表.xls,HAZOP_DA_H_R_V1,1.5-hazop,1.0000,accepted
HAZOP_1b5517b5de72e39f8774,RiskEventInstance,3.15.1 公用工程故障,3.15.1 公用工程故障,硝化机内局部温升过快，可能依次达到硝酸、硝酸铵分解温度，硝化机内可能发生燃爆，人员伤亡，环境污染,"{""deviation"":""公用工程故障"",""excel_row"":33,""initial_likelihood"":""6"",""initial_risk"":""S"",""initial_risk_complete"":true,""initial_severity"":""E"",""line_code"":""H"",""node_id"":""N003"",""parameter"":""公用工程"",""recommendation_category"":"""",""recommendation_no"":"""",""remarks"":"""",""residual_likelihood"":""3"",""residual_risk"":""M"",""residual_risk_complete"":true,""residual_severity"":""E"",""responsible_party"":"""",""serial_no"":""3.15.1"",""sil_level"":null,""sil_status"":""source_not_present"",""source_sheet"":""N003""}",H线HAZOP及SIL定级分析 HAZOP记录表.xls,HAZOP_DA_H_R_V1,1.5-hazop,1.0000,accepted
HAZOP_1cd076bc17b4a86ad272,RiskEventInstance,1.6.1 硝化机温度过高,1.6.1 硝化机温度过高,硝化机反应温度升高，硝化机反应速率增快，副反应增加，潜在爆炸风险，人员伤亡,"{""deviation"":""温度过高"",""excel_row"":24,""initial_likelihood"":""6"",""initial_risk"":""S"",""initial_risk_complete"":true,""initial_severity"":""F"",""line_code"":""R"",""node_id"":""N001"",""parameter"":""温度"",""recommendation_category"":"""",""recommendation_no"":""#1.1"",""remarks"":"""",""residual_likelihood"":""4"",""residual_risk"":""H"",""residual_risk_complete"":true,""residual_severity"":""F"",""responsible_party"":"""",""serial_no"":""1.6.1"",""sil_level"":null,""sil_status"":""source_not_present"",""source_sheet"":""N001""}",R线 HAZOP分析记录表.xls,HAZOP_DA_H_R_V1,1.5-hazop,1.0000,accepted
HAZOP_1d826defa19af264884a,RiskEventInstance,1.8.2 合成釜加料后液位过高,1.8.2 合成釜加料后液位过高,,"{""deviation"":""液位过高"",""excel_row"":26,""initial_likelihood"":"""",""initial_risk"":"""",""initial_risk_complete"":false,""initial_severity"":"""",""line_code"":""DA"",""node_id"":""N001"",""parameter"":""液位"",""recommendation_category"":"""",""recommendation_no"":"""",""remarks"":"""",""residual_likelihood"":"""",""residual_risk"":"""",""residual_risk_complete"":false,""residual_severity"":"""",""responsible_party"":"""",""serial_no"":""1.8.2"",""sil_level"":null,""sil_status"":""source_not_present"",""source_sheet"":""N001""}",DA线HAZOP分析记录表.xls,HAZOP_DA_H_R_V1,1.5-hazop,1.0000,accepted
HAZOP_1d949617a9d9a11d70f8,RiskEventInstance,1.7.1 硝化机温度过低,1.7.1 硝化机温度过低,硝化机反应温度降低，产品得率增加，能耗增加，无明显安全影响,"{""deviation"":""温度过低"",""excel_row"":29,""initial_likelihood"":"""",""initial_risk"":"""",""initial_risk_complete"":false,""initial_severity"":"""",""line_code"":""R"",""node_id"":""N001"",""parameter"":""温度"",""recommendation_category"":"""",""recommendation_no"":"""",""remarks"":"""",""residual_likelihood"":"""",""residual_risk"":"""",""residual_risk_complete"":false,""residual_severity"":"""",""responsible_party"":"""",""serial_no"":""1.7.1"",""sil_level"":null,""sil_status"":""source_not_present"",""source_sheet"":""N001""}",R线 HAZOP分析记录表.xls,HAZOP_DA_H_R_V1,1.5-hazop,1.0000,accepted
HAZOP_1e13ec390aad7464bfe1,RiskEventInstance,5.12.1 维护/隔离,5.12.1 维护/隔离,,"{""deviation"":""维护/隔离"",""excel_row"":19,""initial_likelihood"":"""",""initial_risk"":"""",""initial_risk_complete"":false,""initial_severity"":"""",""line_code"":""H"",""node_id"":""N005"",""parameter"":""运行"",""recommendation_category"":"""",""recommendation_no"":"""",""remarks"":"""",""residual_likelihood"":"""",""residual_risk"":"""",""residual_risk_complete"":false,""residual_severity"":"""",""responsible_party"":"""",""serial_no"":""5.12.1"",""sil_level"":null,""sil_status"":""source_not_present"",""source_sheet"":""N005""}",H线HAZOP及SIL定级分析 HAZOP记录表.xls,HAZOP_DA_H_R_V1,1.5-hazop,1.0000,accepted
HAZOP_1f7e9e8be6f09b49aa80,RiskEventInstance,5.6.1 分离塔温度过高,5.6.1 分离塔温度过高,分离塔进料温度升高，液位降低，液位过低时，分离釜底部物料可能蒸干，潜在爆炸风险,"{""deviation"":""温度过高"",""excel_row"":10,""initial_likelihood"":""6"",""initial_risk"":""H"",""initial_risk_complete"":true,""initial_severity"":""D"",""line_code"":""H"",""node_id"":""N005"",""parameter"":""温度"",""recommendation_category"":"""",""recommendation_no"":""#5.1"",""remarks"":"""",""residual_likelihood"":""5"",""residual_risk"":""H"",""residual_risk_complete"":true,""residual_severity"":""D"",""responsible_party"":"""",""serial_no"":""5.6.1"",""sil_level"":null,""sil_status"":""source_not_present"",""source_sheet"":""N005""}",H线HAZOP及SIL定级分析 HAZOP记录表.xls,HAZOP_DA_H_R_V1,1.5-hazop,1.0000,accepted
HAZOP_1f8ee8d3db2d92371eb8,RiskEventInstance,4.7.2 粗品HMX转晶机煮洗步骤时，温度过低,4.7.2 粗品HMX转晶机煮洗步骤时，温度过低,影响产品质量,"{""deviation"":""温度过低"",""excel_row"":18,""initial_likelihood"":"""",""initial_risk"":"""",""initial_risk_complete"":false,""initial_severity"":"""",""line_code"":""H"",""node_id"":""N004"",""parameter"":""温度"",""recommendation_category"":"""",""recommendation_no"":"""",""remarks"":"""",""residual_likelihood"":"""",""residual_risk"":"""",""residual_risk_complete"":false,""residual_severity"":"""",""responsible_party"":"""",""serial_no"":""4.7.2"",""sil_level"":null,""sil_status"":""source_not_present"",""source_sheet"":""N004""}",H线HAZOP及SIL定级分析 HAZOP记录表.xls,HAZOP_DA_H_R_V1,1.5-hazop,1.0000,accepted
HAZOP_2081607d307374e3b795,RiskEventInstance,5.7.1 分离塔温度过低,5.7.1 分离塔温度过低,"分离釜温度降低，压力降低，液位升高，分离釜分离效果变差；
分离釜换热管束区域局部温度升高，潜在爆炸风险","{""deviation"":""温度过低"",""excel_row"":11,""initial_likelihood"":""6"",""initial_risk"":""H"",""initial_risk_complete"":true,""initial_severity"":""D"",""line_code"":""H"",""node_id"":""N005"",""parameter"":""温度"",""recommendation_category"":"""",""recommendation_no"":""#5.1"",""remarks"":"""",""residual_likelihood"":""5"",""residual_risk"":""H"",""residual_risk_complete"":true,""residual_severity"":""D"",""responsible_party"":"""",""serial_no"":""5.7.1"",""sil_level"":null,""sil_status"":""source_not_present"",""source_sheet"":""N005""}",H线HAZOP及SIL定级分析 HAZOP记录表.xls,HAZOP_DA_H_R_V1,1.5-hazop,1.0000,accepted
HAZOP_216e1b9b04c8dab7614f,RiskEventInstance,3.7.3 5#硝化机温度过低,3.7.3 5#硝化机温度过低,5#硝化机温度降低，影响产品质量,"{""deviation"":""温度过低"",""excel_row"":30,""initial_likelihood"":"""",""initial_risk"":"""",""initial_risk_complete"":false,""initial_severity"":"""",""line_code"":""H"",""node_id"":""N003"",""parameter"":""温度"",""recommendation_category"":"""",""recommendation_no"":"""",""remarks"":"""",""residual_likelihood"":"""",""residual_risk"":"""",""residual_risk_complete"":false,""residual_severity"":"""",""responsible_party"":"""",""serial_no"":""3.7.3"",""sil_level"":null,""sil_status"":""source_not_present"",""source_sheet"":""N003""}",H线HAZOP及SIL定级分析 HAZOP记录表.xls,HAZOP_DA_H_R_V1,1.5-hazop,1.0000,accepted
HAZOP_2216405d7f757d02c179,RiskEventInstance,1.17.2 铵硝溶液配制过程步骤执行不足，未投用循环水或循环水压力低供应中断,1.17.2 铵硝溶液配制过程步骤执行不足，未投用循环水或循环水压力低供应中断,铵硝配机内溶液热量积聚，温度升高，可能依次达到硝酸、硝酸铵分解温度，潜在爆炸风险,"{""deviation"":""步骤执行不足"",""excel_row"":33,""initial_likelihood"":""5"",""initial_risk"":""H"",""initial_risk_complete"":true,""initial_severity"":""D"",""line_code"":""H"",""node_id"":""N001"",""parameter"":""操作步骤"",""recommendation_category"":"""",""recommendation_no"":"""",""remarks"":""机理有待研究"",""residual_likelihood"":""3"",""residual_risk"":""M"",""residual_risk_complete"":true,""residual_severity"":""D"",""responsible_party"":"""",""serial_no"":""1.17.2"",""sil_level"":null,""sil_status"":""source_not_present"",""source_sheet"":""N001""}",H线HAZOP及SIL定级分析 HAZOP记录表.xls,HAZOP_DA_H_R_V1,1.5-hazop,1.0000,accepted
HAZOP_2438f5fd7a1438c73ff4,RiskEventInstance,2.1.4 碱洗过程碳酸钠溶液加入量过多,2.1.4 碱洗过程碳酸钠溶液加入量过多,废水产出量增大，无安全影响,"{""deviation"":""流量过高"",""excel_row"":7,""initial_likelihood"":""7"",""initial_risk"":""M"",""initial_risk_complete"":true,""initial_severity"":""A"",""line_code"":""DA"",""node_id"":""N002"",""parameter"":""流量"",""recommendation_category"":"""",""recommendation_no"":"""",""remarks"":"""",""residual_likelihood"":""7"",""residual_risk"":""M"",""residual_risk_complete"":true,""residual_severity"":""A"",""responsible_party"":"""",""serial_no"":""2.1.4"",""sil_level"":null,""sil_status"":""source_not_present"",""source_sheet"":""N002""}",DA线HAZOP分析记录表.xls,HAZOP_DA_H_R_V1,1.5-hazop,1.0000,accepted
HAZOP_258855c6824cb57be1f7,RiskEventInstance,2.6.1 脱色釜温度过高,2.6.1 脱色釜温度过高,脱色釜温度升高，冷凝器冷却能力不足，二氯甲烷可能逸出至外部环境，潜在人员伤害风险,"{""deviation"":""温度过高"",""excel_row"":19,""initial_likelihood"":""7"",""initial_risk"":""H"",""initial_risk_complete"":true,""initial_severity"":""C"",""line_code"":""DA"",""node_id"":""N002"",""parameter"":""温度"",""recommendation_category"":"""",""recommendation_no"":"""",""remarks"":"""",""residual_likelihood"":""7"",""residual_risk"":""H"",""residual_risk_complete"":true,""residual_severity"":""C"",""responsible_party"":"""",""serial_no"":""2.6.1"",""sil_level"":null,""sil_status"":""source_not_present"",""source_sheet"":""N002""}",DA线HAZOP分析记录表.xls,HAZOP_DA_H_R_V1,1.5-hazop,1.0000,accepted
HAZOP_25ece1a90d8cb4e6441f,RiskEventInstance,3.5.1 常压蒸馏塔压力过低,3.5.1 常压蒸馏塔压力过低,常压蒸馏塔温度降低，压力降低，影响蒸馏效果，产品中二氯甲烷含量增加，下游毛细管蒸馏釜负荷增大，严重时产品不合格,"{""deviation"":""压力过低"",""excel_row"":14,""initial_likelihood"":""7"",""initial_risk"":""M"",""initial_risk_complete"":true,""initial_severity"":""B"",""line_code"":""DA"",""node_id"":""N003"",""parameter"":""压力"",""recommendation_category"":"""",""recommendation_no"":"""",""remarks"":"""",""residual_likelihood"":""7"",""residual_risk"":""M"",""residual_risk_complete"":true,""residual_severity"":""B"",""responsible_party"":"""",""serial_no"":""3.5.1"",""sil_level"":null,""sil_status"":""source_not_present"",""source_sheet"":""N003""}",DA线HAZOP分析记录表.xls,HAZOP_DA_H_R_V1,1.5-hazop,1.0000,accepted
HAZOP_25f235ea07e8d42ad521,RiskEventInstance,1.7.1 反应过程合成釜温度过低,1.7.1 反应过程合成釜温度过低,合成釜温度降低，温度过低时，吉纳结晶析出，搅拌转速过快时，潜在爆炸，人员伤害风险,"{""deviation"":""温度过低"",""excel_row"":22,""initial_likelihood"":""7"",""initial_risk"":""S"",""initial_risk_complete"":true,""initial_severity"":""D"",""line_code"":""DA"",""node_id"":""N001"",""parameter"":""温度"",""recommendation_category"":""S"",""recommendation_no"":""#1.10"",""remarks"":"""",""residual_likelihood"":""7"",""residual_risk"":""S"",""residual_risk_complete"":true,""residual_severity"":""D"",""responsible_party"":"""",""serial_no"":""1.7.1"",""sil_level"":null,""sil_status"":""source_not_present"",""source_sheet"":""N001""}",DA线HAZOP分析记录表.xls,HAZOP_DA_H_R_V1,1.5-hazop,1.0000,accepted
HAZOP_263f8a57e2c58dabfd4d,RiskEventInstance,1.3.1 逆流或错误流向,1.3.1 逆流或错误流向,循环水窜至铵硝液贮槽内，局部放热量增加，局部温升过快，可能依次达到硝酸、硝酸铵分解温度，潜在爆炸风险,"{""deviation"":""逆流"",""excel_row"":15,""initial_likelihood"":""5"",""initial_risk"":""H"",""initial_risk_complete"":true,""initial_severity"":""D"",""line_code"":""H"",""node_id"":""N001"",""parameter"":""流量"",""recommendation_category"":"""",""recommendation_no"":"""",""remarks"":"""",""residual_likelihood"":""4"",""residual_risk"":""M"",""residual_risk_complete"":true,""residual_severity"":""D"",""responsible_party"":"""",""serial_no"":""1.3.1"",""sil_level"":null,""sil_status"":""source_not_present"",""source_sheet"":""N001""}",H线HAZOP及SIL定级分析 HAZOP记录表.xls,HAZOP_DA_H_R_V1,1.5-hazop,1.0000,accepted
HAZOP_26a6d88684cab29d4292,RiskEventInstance,2.2.5 脱色釜中活性炭加入量过少,2.2.5 脱色釜中活性炭加入量过少,影响脱色效果，影响产品质量,"{""deviation"":""流量过低或无流量"",""excel_row"":13,""initial_likelihood"":""7"",""initial_risk"":""M"",""initial_risk_complete"":true,""initial_severity"":""B"",""line_code"":""DA"",""node_id"":""N002"",""parameter"":""流量"",""recommendation_category"":"""",""recommendation_no"":"""",""remarks"":"""",""residual_likelihood"":""7"",""residual_risk"":""M"",""residual_risk_complete"":true,""residual_severity"":""B"",""responsible_party"":"""",""serial_no"":""2.2.5"",""sil_level"":null,""sil_status"":""source_not_present"",""source_sheet"":""N002""}",DA线HAZOP分析记录表.xls,HAZOP_DA_H_R_V1,1.5-hazop,1.0000,accepted
HAZOP_279a4523d1221bf7433c,RiskEventInstance,3.7.2 3#硝化机温度过低,3.7.2 3#硝化机温度过低,1#硝化机温度降低，影响产品质量,"{""deviation"":""温度过低"",""excel_row"":29,""initial_likelihood"":"""",""initial_risk"":"""",""initial_risk_complete"":false,""initial_severity"":"""",""line_code"":""H"",""node_id"":""N003"",""parameter"":""温度"",""recommendation_category"":"""",""recommendation_no"":"""",""remarks"":"""",""residual_likelihood"":"""",""residual_risk"":"""",""residual_risk_complete"":false,""residual_severity"":"""",""responsible_party"":"""",""serial_no"":""3.7.2"",""sil_level"":null,""sil_status"":""source_not_present"",""source_sheet"":""N003""}",H线HAZOP及SIL定级分析 HAZOP记录表.xls,HAZOP_DA_H_R_V1,1.5-hazop,1.0000,accepted
HAZOP_27a93088fa2c5941ab61,RiskEventInstance,5.14.1 排净,5.14.1 排净,,"{""deviation"":""排净"",""excel_row"":21,""initial_likelihood"":"""",""initial_risk"":"""",""initial_risk_complete"":false,""initial_severity"":"""",""line_code"":""H"",""node_id"":""N005"",""parameter"":""运行"",""recommendation_category"":"""",""recommendation_no"":"""",""remarks"":"""",""residual_likelihood"":"""",""residual_risk"":"""",""residual_risk_complete"":false,""residual_severity"":"""",""responsible_party"":"""",""serial_no"":""5.14.1"",""sil_level"":null,""sil_status"":""source_not_present"",""source_sheet"":""N005""}",H线HAZOP及SIL定级分析 HAZOP记录表.xls,HAZOP_DA_H_R_V1,1.5-hazop,1.0000,accepted
HAZOP_27ed28ecfb6a39f54e9d,RiskEventInstance,3.6.1 1#硝化机温度过高,3.6.1 1#硝化机温度过高,1#硝化机温度升高，硝化反应速率增加，硝化机内物料可能分解，1#硝化机内可能发生燃爆，人员伤亡，环境污染,"{""deviation"":""温度过高"",""excel_row"":21,""initial_likelihood"":""6"",""initial_risk"":""S"",""initial_risk_complete"":true,""initial_severity"":""E"",""line_code"":""H"",""node_id"":""N003"",""parameter"":""温度"",""recommendation_category"":""S"",""recommendation_no"":""#3.3"",""remarks"":"""",""residual_likelihood"":""6"",""residual_risk"":""S"",""residual_risk_complete"":true,""residual_severity"":""E"",""responsible_party"":"""",""serial_no"":""3.6.1"",""sil_level"":null,""sil_status"":""source_not_present"",""source_sheet"":""N003""}",H线HAZOP及SIL定级分析 HAZOP记录表.xls,HAZOP_DA_H_R_V1,1.5-hazop,1.0000,accepted
HAZOP_27ef3e9dabf19eb62a9e,RiskEventInstance,4.5.2 粗品HMX转晶机压力过低,4.5.2 粗品HMX转晶机压力过低,影响产品质量,"{""deviation"":""压力过低"",""excel_row"":13,""initial_likelihood"":"""",""initial_risk"":"""",""initial_risk_complete"":false,""initial_severity"":"""",""line_code"":""H"",""node_id"":""N004"",""parameter"":""压力"",""recommendation_category"":"""",""recommendation_no"":"""",""remarks"":"""",""residual_likelihood"":"""",""residual_risk"":"""",""residual_risk_complete"":false,""residual_severity"":"""",""responsible_party"":"""",""serial_no"":""4.5.2"",""sil_level"":null,""sil_status"":""source_not_present"",""source_sheet"":""N004""}",H线HAZOP及SIL定级分析 HAZOP记录表.xls,HAZOP_DA_H_R_V1,1.5-hazop,1.0000,accepted
HAZOP_2806f97485b57923c28b,RiskEventInstance,3.6.1 1#硝化机温度过高,3.6.1 1#硝化机温度过高,1#硝化机温度升高，硝化反应速率增加，硝化机内物料可能分解，1#硝化机内可能发生燃爆，人员伤亡，环境污染,"{""deviation"":""温度过高"",""excel_row"":20,""initial_likelihood"":""6"",""initial_risk"":""S"",""initial_risk_complete"":true,""initial_severity"":""E"",""line_code"":""H"",""node_id"":""N003"",""parameter"":""温度"",""recommendation_category"":""S"",""recommendation_no"":""#3.2"",""remarks"":"""",""residual_likelihood"":""6"",""residual_risk"":""S"",""residual_risk_complete"":true,""residual_severity"":""E"",""responsible_party"":"""",""serial_no"":""3.6.1"",""sil_level"":null,""sil_status"":""source_not_present"",""source_sheet"":""N003""}",H线HAZOP及SIL定级分析 HAZOP记录表.xls,HAZOP_DA_H_R_V1,1.5-hazop,1.0000,accepted
HAZOP_2a7e2a8915875722bab0,RiskEventInstance,1.4.2 成熟机压力过高,1.4.2 成熟机压力过高,成熟机压力升高，可能正压，氧化氮气体窜至外部环境，人员可能中毒窒息伤亡,"{""deviation"":""压力过高"",""excel_row"":16,""initial_likelihood"":""6"",""initial_risk"":""S"",""initial_risk_complete"":true,""initial_severity"":""F"",""line_code"":""R"",""node_id"":""N001"",""parameter"":""压力"",""recommendation_category"":"""",""recommendation_no"":""#1.3"",""remarks"":"""",""residual_likelihood"":""5"",""residual_risk"":""S"",""residual_risk_complete"":true,""residual_severity"":""F"",""responsible_party"":"""",""serial_no"":""1.4.2"",""sil_level"":null,""sil_status"":""source_not_present"",""source_sheet"":""N001""}",R线 HAZOP分析记录表.xls,HAZOP_DA_H_R_V1,1.5-hazop,1.0000,accepted
HAZOP_2ab77fc126520d3a06d8,RiskEventInstance,4.13.1 吹扫/放空,4.13.1 吹扫/放空,,"{""deviation"":""吹扫/放空"",""excel_row"":25,""initial_likelihood"":"""",""initial_risk"":"""",""initial_risk_complete"":false,""initial_severity"":"""",""line_code"":""H"",""node_id"":""N004"",""parameter"":""运行"",""recommendation_category"":"""",""recommendation_no"":"""",""remarks"":"""",""residual_likelihood"":"""",""residual_risk"":"""",""residual_risk_complete"":false,""residual_severity"":"""",""responsible_party"":"""",""serial_no"":""4.13.1"",""sil_level"":null,""sil_status"":""source_not_present"",""source_sheet"":""N004""}",H线HAZOP及SIL定级分析 HAZOP记录表.xls,HAZOP_DA_H_R_V1,1.5-hazop,1.0000,accepted
HAZOP_2ca26c745881446eeb32,RiskEventInstance,1.11.1 腐蚀/冲蚀,1.11.1 腐蚀/冲蚀,设备管线高温酸腐蚀加剧,"{""deviation"":""腐蚀/冲蚀"",""excel_row"":30,""initial_likelihood"":""5"",""initial_risk"":""M"",""initial_risk_complete"":true,""initial_severity"":""C"",""line_code"":""H"",""node_id"":""N001"",""parameter"":""腐蚀/冲蚀"",""recommendation_category"":"""",""recommendation_no"":"""",""remarks"":"""",""residual_likelihood"":""4"",""residual_risk"":""L"",""residual_risk_complete"":true,""residual_severity"":""C"",""responsible_party"":"""",""serial_no"":""1.11.1"",""sil_level"":null,""sil_status"":""source_not_present"",""source_sheet"":""N001""}",H线HAZOP及SIL定级分析 HAZOP记录表.xls,HAZOP_DA_H_R_V1,1.5-hazop,1.0000,accepted
HAZOP_2d3920ac8b3815966c8b,RiskEventInstance,3.9.1 液位过低或无液位,3.9.1 液位过低或无液位,,"{""deviation"":""液位过低或无液位"",""excel_row"":22,""initial_likelihood"":"""",""initial_risk"":"""",""initial_risk_complete"":false,""initial_severity"":"""",""line_code"":""DA"",""node_id"":""N003"",""parameter"":""液位"",""recommendation_category"":"""",""recommendation_no"":"""",""remarks"":"""",""residual_likelihood"":"""",""residual_risk"":"""",""residual_risk_complete"":false,""residual_severity"":"""",""responsible_party"":"""",""serial_no"":""3.9.1"",""sil_level"":null,""sil_status"":""source_not_present"",""source_sheet"":""N003""}",DA线HAZOP分析记录表.xls,HAZOP_DA_H_R_V1,1.5-hazop,1.0000,accepted
HAZOP_2d6eaea870afe7db1b0b,RiskEventInstance,2.4.1 结晶机压力过高,2.4.1 结晶机压力过高,结晶机压力升高，可能正压，发生冒料，人员中毒灼伤,"{""deviation"":""压力过高"",""excel_row"":6,""initial_likelihood"":""6"",""initial_risk"":""M"",""initial_risk_complete"":true,""initial_severity"":""C"",""line_code"":""R"",""node_id"":""N002"",""parameter"":""压力"",""recommendation_category"":"""",""recommendation_no"":""#1.3"",""remarks"":"""",""residual_likelihood"":""5"",""residual_risk"":""M"",""residual_risk_complete"":true,""residual_severity"":""C"",""responsible_party"":"""",""serial_no"":""2.4.1"",""sil_level"":null,""sil_status"":""source_not_present"",""source_sheet"":""N002""}",R线 HAZOP分析记录表.xls,HAZOP_DA_H_R_V1,1.5-hazop,1.0000,accepted
HAZOP_2e7c5686c036ba5af7c2,RiskEventInstance,2.6.1 乌洛托品输送空气出换热器温度过高,2.6.1 乌洛托品输送空气出换热器温度过高,输送空气出换热器温度升高，乌洛托品可能结块堵塞设备管线，影响乌洛托品输送,"{""deviation"":""温度过高"",""excel_row"":18,""initial_likelihood"":""6"",""initial_risk"":""M"",""initial_risk_complete"":true,""initial_severity"":""C"",""line_code"":""H"",""node_id"":""N002"",""parameter"":""温度"",""recommendation_category"":"""",""recommendation_no"":"""",""remarks"":"""",""residual_likelihood"":""6"",""residual_risk"":""M"",""residual_risk_complete"":true,""residual_severity"":""C"",""responsible_party"":"""",""serial_no"":""2.6.1"",""sil_level"":null,""sil_status"":""source_not_present"",""source_sheet"":""N002""}",H线HAZOP及SIL定级分析 HAZOP记录表.xls,HAZOP_DA_H_R_V1,1.5-hazop,1.0000,accepted
HAZOP_2f453e8ec58f8af2f78f,RiskEventInstance,1.9.1 二甲基亚砜高位槽液位过低,1.9.1 二甲基亚砜高位槽液位过低,参见“1.2.1 合成釜中二甲基亚砜加入量过少”,"{""deviation"":""液位过低或无液位"",""excel_row"":27,""initial_likelihood"":"""",""initial_risk"":"""",""initial_risk_complete"":false,""initial_severity"":"""",""line_code"":""DA"",""node_id"":""N001"",""parameter"":""液位"",""recommendation_category"":"""",""recommendation_no"":"""",""remarks"":"""",""residual_likelihood"":"""",""residual_risk"":"""",""residual_risk_complete"":false,""residual_severity"":"""",""responsible_party"":"""",""serial_no"":""1.9.1"",""sil_level"":null,""sil_status"":""source_not_present"",""source_sheet"":""N001""}",DA线HAZOP分析记录表.xls,HAZOP_DA_H_R_V1,1.5-hazop,1.0000,accepted
HAZOP_2f4b67aba5fd4c67dab9,RiskEventInstance,1.6.1 硝酸铵输送空气出换热器温度过高,1.6.1 硝酸铵输送空气出换热器温度过高,输送空气出换热器温度升高，硝酸铵可能结块堵塞设备管线，影响硝酸铵输送,"{""deviation"":""温度过高"",""excel_row"":20,""initial_likelihood"":""6"",""initial_risk"":""M"",""initial_risk_complete"":true,""initial_severity"":""C"",""line_code"":""H"",""node_id"":""N001"",""parameter"":""温度"",""recommendation_category"":"""",""recommendation_no"":"""",""remarks"":"""",""residual_likelihood"":""6"",""residual_risk"":""M"",""residual_risk_complete"":true,""residual_severity"":""C"",""responsible_party"":"""",""serial_no"":""1.6.1"",""sil_level"":null,""sil_status"":""source_not_present"",""source_sheet"":""N001""}",H线HAZOP及SIL定级分析 HAZOP记录表.xls,HAZOP_DA_H_R_V1,1.5-hazop,1.0000,accepted
HAZOP_30b1c33d800cb37a0118,RiskEventInstance,4.7.1 粗品HMX转晶机温度过低,4.7.1 粗品HMX转晶机温度过低,影响产品质量,"{""deviation"":""温度过低"",""excel_row"":17,""initial_likelihood"":"""",""initial_risk"":"""",""initial_risk_complete"":false,""initial_severity"":"""",""line_code"":""H"",""node_id"":""N004"",""parameter"":""温度"",""recommendation_category"":"""",""recommendation_no"":"""",""remarks"":"""",""residual_likelihood"":"""",""residual_risk"":"""",""residual_risk_complete"":false,""residual_severity"":"""",""responsible_party"":"""",""serial_no"":""4.7.1"",""sil_level"":null,""sil_status"":""source_not_present"",""source_sheet"":""N004""}",H线HAZOP及SIL定级分析 HAZOP记录表.xls,HAZOP_DA_H_R_V1,1.5-hazop,1.0000,accepted
HAZOP_30cde1464f358ab23b83,RiskEventInstance,2.7.1 乌洛托品输送空气出换热器温度过低,2.7.1 乌洛托品输送空气出换热器温度过低,输送空气出换热器温度降低，乌洛托品中水可能析出，引起乌洛托品结块堵塞设备管线，影响乌洛托品输送,"{""deviation"":""温度过低"",""excel_row"":19,""initial_likelihood"":""6"",""initial_risk"":""M"",""initial_risk_complete"":true,""initial_severity"":""C"",""line_code"":""H"",""node_id"":""N002"",""parameter"":""温度"",""recommendation_category"":"""",""recommendation_no"":"""",""remarks"":"""",""residual_likelihood"":""6"",""residual_risk"":""M"",""residual_risk_complete"":true,""residual_severity"":""C"",""responsible_party"":"""",""serial_no"":""2.7.1"",""sil_level"":null,""sil_status"":""source_not_present"",""source_sheet"":""N002""}",H线HAZOP及SIL定级分析 HAZOP记录表.xls,HAZOP_DA_H_R_V1,1.5-hazop,1.0000,accepted
HAZOP_30d25b83101c8e87edb9,RiskEventInstance,1.10.2 吉納中杂质,1.10.2 吉納中杂质,,"{""deviation"":""杂质"",""excel_row"":31,""initial_likelihood"":"""",""initial_risk"":"""",""initial_risk_complete"":false,""initial_severity"":"""",""line_code"":""DA"",""node_id"":""N001"",""parameter"":""组分"",""recommendation_category"":"""",""recommendation_no"":"""",""remarks"":""金属等机械杂质在吉纳中的影响待研究。"",""residual_likelihood"":"""",""residual_risk"":"""",""residual_risk_complete"":false,""residual_severity"":"""",""responsible_party"":"""",""serial_no"":""1.10.2"",""sil_level"":null,""sil_status"":""source_not_present"",""source_sheet"":""N001""}",DA线HAZOP分析记录表.xls,HAZOP_DA_H_R_V1,1.5-hazop,1.0000,accepted
HAZOP_3158bfb032b2c29451a9,RiskEventInstance,3.6.1 热压煮洗机温度过高,3.6.1 热压煮洗机温度过高,热压煮洗机温升过快，RDX可能分解爆炸,"{""deviation"":""温度过高"",""excel_row"":8,""initial_likelihood"":""5"",""initial_risk"":""H"",""initial_risk_complete"":true,""initial_severity"":""E"",""line_code"":""R"",""node_id"":""N003"",""parameter"":""温度"",""recommendation_category"":"""",""recommendation_no"":""#3.1"",""remarks"":""RDX在不同浓度下，爆炸时温度机理研究"",""residual_likelihood"":""5"",""residual_risk"":""H"",""residual_risk_complete"":true,""residual_severity"":""E"",""responsible_party"":"""",""serial_no"":""3.6.1"",""sil_level"":null,""sil_status"":""source_not_present"",""source_sheet"":""N003""}",R线 HAZOP分析记录表.xls,HAZOP_DA_H_R_V1,1.5-hazop,1.0000,accepted
HAZOP_31648398bb394ca38252,RiskEventInstance,3.6.2 3#硝化机温度过高,3.6.2 3#硝化机温度过高,3#硝化机温度升高，硝化反应速率增加，硝化机内物料可能分解，3#硝化机内可能发生燃爆，人员伤亡，环境污染,"{""deviation"":""温度过高"",""excel_row"":25,""initial_likelihood"":""6"",""initial_risk"":""S"",""initial_risk_complete"":true,""initial_severity"":""E"",""line_code"":""H"",""node_id"":""N003"",""parameter"":""温度"",""recommendation_category"":"""",""recommendation_no"":"""",""remarks"":"""",""residual_likelihood"":""4"",""residual_risk"":""H"",""residual_risk_complete"":true,""residual_severity"":""E"",""responsible_party"":"""",""serial_no"":""3.6.2"",""sil_level"":null,""sil_status"":""source_not_present"",""source_sheet"":""N003""}",H线HAZOP及SIL定级分析 HAZOP记录表.xls,HAZOP_DA_H_R_V1,1.5-hazop,1.0000,accepted
HAZOP_31a25179976f90cad3cf,RiskEventInstance,1.1.3 合成釜中叠氮化钠加入量过多,1.1.3 合成釜中叠氮化钠加入量过多,原料浪费，反应不完全，无安全影响,"{""deviation"":""流量过高"",""excel_row"":6,""initial_likelihood"":""7"",""initial_risk"":""M"",""initial_risk_complete"":true,""initial_severity"":""A"",""line_code"":""DA"",""node_id"":""N001"",""parameter"":""流量"",""recommendation_category"":""S"",""recommendation_no"":""#1.2"",""remarks"":"""",""residual_likelihood"":""6"",""residual_risk"":""L"",""residual_risk_complete"":true,""residual_severity"":""A"",""responsible_party"":"""",""serial_no"":""1.1.3"",""sil_level"":null,""sil_status"":""source_not_present"",""source_sheet"":""N001""}",DA线HAZOP分析记录表.xls,HAZOP_DA_H_R_V1,1.5-hazop,1.0000,accepted
HAZOP_3216a83ffa20efbc6908,RiskEventInstance,3.1.4 3#硝化机铵硝溶液加注流量过高,3.1.4 3#硝化机铵硝溶液加注流量过高,3#硝化机内铵硝比例增加，硝化反应速率增加，放热量增加，温度急剧升高，硝化机内物料可能发生燃爆，人员伤亡，环境污染,"{""deviation"":""流量过高"",""excel_row"":7,""initial_likelihood"":""6"",""initial_risk"":""S"",""initial_risk_complete"":true,""initial_severity"":""E"",""line_code"":""H"",""node_id"":""N003"",""parameter"":""流量"",""recommendation_category"":"""",""recommendation_no"":"""",""remarks"":"""",""residual_likelihood"":""5"",""residual_risk"":""H"",""residual_risk_complete"":true,""residual_severity"":""E"",""responsible_party"":"""",""serial_no"":""3.1.4"",""sil_level"":null,""sil_status"":""source_not_present"",""source_sheet"":""N003""}",H线HAZOP及SIL定级分析 HAZOP记录表.xls,HAZOP_DA_H_R_V1,1.5-hazop,1.0000,accepted
HAZOP_324653e7ba89552329c3,RiskEventInstance,2.3.1 逆流或错误流向,2.3.1 逆流或错误流向,,"{""deviation"":""逆流"",""excel_row"":15,""initial_likelihood"":"""",""initial_risk"":"""",""initial_risk_complete"":false,""initial_severity"":"""",""line_code"":""H"",""node_id"":""N002"",""parameter"":""流量"",""recommendation_category"":"""",""recommendation_no"":"""",""remarks"":"""",""residual_likelihood"":"""",""residual_risk"":"""",""residual_risk_complete"":false,""residual_severity"":"""",""responsible_party"":"""",""serial_no"":""2.3.1"",""sil_level"":null,""sil_status"":""source_not_present"",""source_sheet"":""N002""}",H线HAZOP及SIL定级分析 HAZOP记录表.xls,HAZOP_DA_H_R_V1,1.5-hazop,1.0000,accepted
HAZOP_324b806f41b1c28f17a9,RiskEventInstance,1.15.1 排净,1.15.1 排净,,"{""deviation"":""排净"",""excel_row"":38,""initial_likelihood"":""6"",""initial_risk"":""L"",""initial_risk_complete"":true,""initial_severity"":""A"",""line_code"":""DA"",""node_id"":""N001"",""parameter"":""运行"",""recommendation_category"":"""",""recommendation_no"":"""",""remarks"":"""",""residual_likelihood"":""6"",""residual_risk"":""L"",""residual_risk_complete"":true,""residual_severity"":""A"",""responsible_party"":"""",""serial_no"":""1.15.1"",""sil_level"":null,""sil_status"":""source_not_present"",""source_sheet"":""N001""}",DA线HAZOP分析记录表.xls,HAZOP_DA_H_R_V1,1.5-hazop,1.0000,accepted
HAZOP_337e9283a91a2392dd7b,RiskEventInstance,2.1.1 萃取过程加入水量过多,2.1.1 萃取过程加入水量过多,废水产出量增大，无安全影响,"{""deviation"":""流量过高"",""excel_row"":4,""initial_likelihood"":""7"",""initial_risk"":""M"",""initial_risk_complete"":true,""initial_severity"":""A"",""line_code"":""DA"",""node_id"":""N002"",""parameter"":""流量"",""recommendation_category"":"""",""recommendation_no"":"""",""remarks"":"""",""residual_likelihood"":""7"",""residual_risk"":""M"",""residual_risk_complete"":true,""residual_severity"":""A"",""responsible_party"":"""",""serial_no"":""2.1.1"",""sil_level"":null,""sil_status"":""source_not_present"",""source_sheet"":""N002""}",DA线HAZOP分析记录表.xls,HAZOP_DA_H_R_V1,1.5-hazop,1.0000,accepted
HAZOP_347c457e84e2994c15b2,RiskEventInstance,1.11.1 腐蚀/冲蚀,1.11.1 腐蚀/冲蚀,设备管线腐蚀减薄，潜在泄漏风险，法兰、螺栓腐蚀损坏,"{""deviation"":""腐蚀/冲蚀"",""excel_row"":33,""initial_likelihood"":""6"",""initial_risk"":""M"",""initial_risk_complete"":true,""initial_severity"":""C"",""line_code"":""DA"",""node_id"":""N001"",""parameter"":""腐蚀/冲蚀"",""recommendation_category"":""O"",""recommendation_no"":""#1.13"",""remarks"":""后续识别反应系统内设备管线的腐蚀机理，并确定设备管线腐蚀裕量及选材。"",""residual_likelihood"":""6"",""residual_risk"":""M"",""residual_risk_complete"":true,""residual_severity"":""C"",""responsible_party"":"""",""serial_no"":""1.11.1"",""sil_level"":null,""sil_status"":""source_not_present"",""source_sheet"":""N001""}",DA线HAZOP分析记录表.xls,HAZOP_DA_H_R_V1,1.5-hazop,1.0000,accepted
HAZOP_348b13ad5d33f5ac9c47,RiskEventInstance,2.2.2 乌洛托品固体自乌洛托品下料器至乌醋配机流量过低,2.2.2 乌洛托品固体自乌洛托品下料器至乌醋配机流量过低,摇摆颗粒机料位升高，可能满溢至外部环境，形成粉尘爆炸性环境,"{""deviation"":""流量过低或无流量"",""excel_row"":11,""initial_likelihood"":""6"",""initial_risk"":""H"",""initial_risk_complete"":true,""initial_severity"":""D"",""line_code"":""H"",""node_id"":""N002"",""parameter"":""流量"",""recommendation_category"":"""",""recommendation_no"":"""",""remarks"":"""",""residual_likelihood"":""5"",""residual_risk"":""H"",""residual_risk_complete"":true,""residual_severity"":""D"",""responsible_party"":"""",""serial_no"":""2.2.2"",""sil_level"":null,""sil_status"":""source_not_present"",""source_sheet"":""N002""}",H线HAZOP及SIL定级分析 HAZOP记录表.xls,HAZOP_DA_H_R_V1,1.5-hazop,1.0000,accepted
HAZOP_34bf8a51402fba50a1d9,RiskEventInstance,2.3.1 逆流或错误流向,2.3.1 逆流或错误流向,,"{""deviation"":""逆流"",""excel_row"":14,""initial_likelihood"":"""",""initial_risk"":"""",""initial_risk_complete"":false,""initial_severity"":"""",""line_code"":""H"",""node_id"":""N002"",""parameter"":""流量"",""recommendation_category"":"""",""recommendation_no"":"""",""remarks"":"""",""residual_likelihood"":"""",""residual_risk"":"""",""residual_risk_complete"":false,""residual_severity"":"""",""responsible_party"":"""",""serial_no"":""2.3.1"",""sil_level"":null,""sil_status"":""source_not_present"",""source_sheet"":""N002""}",H线HAZOP及SIL定级分析 HAZOP记录表.xls,HAZOP_DA_H_R_V1,1.5-hazop,1.0000,accepted
HAZOP_34c51e4683bd38f26d9b,RiskEventInstance,1.7.2 成熟机温度过低,1.7.2 成熟机温度过低,硝化机反应温度降低，产品得率增加，能耗增加，无明显安全影响,"{""deviation"":""温度过低"",""excel_row"":30,""initial_likelihood"":"""",""initial_risk"":"""",""initial_risk_complete"":false,""initial_severity"":"""",""line_code"":""R"",""node_id"":""N001"",""parameter"":""温度"",""recommendation_category"":"""",""recommendation_no"":"""",""remarks"":"""",""residual_likelihood"":"""",""residual_risk"":"""",""residual_risk_complete"":false,""residual_severity"":"""",""responsible_party"":"""",""serial_no"":""1.7.2"",""sil_level"":null,""sil_status"":""source_not_present"",""source_sheet"":""N001""}",R线 HAZOP分析记录表.xls,HAZOP_DA_H_R_V1,1.5-hazop,1.0000,accepted
HAZOP_3550cdbe55f6cf0a9fb9,RiskEventInstance,2.17.3 乌醋溶液配制过程步骤执行不足，未启动排烟机或排烟机故障停,2.17.3 乌醋溶液配制过程步骤执行不足，未启动排烟机或排烟机故障停,乌醋配机压力升高，酸性气体窜至外部环境，人员可能中毒窒息伤亡,"{""deviation"":""步骤执行不足"",""excel_row"":27,""initial_likelihood"":""5"",""initial_risk"":""H"",""initial_risk_complete"":true,""initial_severity"":""D"",""line_code"":""H"",""node_id"":""N002"",""parameter"":""操作步骤"",""recommendation_category"":"""",""recommendation_no"":""#1.3"",""remarks"":"""",""residual_likelihood"":""5"",""residual_risk"":""H"",""residual_risk_complete"":true,""residual_severity"":""D"",""responsible_party"":"""",""serial_no"":""2.17.3"",""sil_level"":null,""sil_status"":""source_not_present"",""source_sheet"":""N002""}",H线HAZOP及SIL定级分析 HAZOP记录表.xls,HAZOP_DA_H_R_V1,1.5-hazop,1.0000,accepted
HAZOP_35a668c005be7823f358,RiskEventInstance,4.2.3 废水预处理池中碳酸钠加入量过少,4.2.3 废水预处理池中碳酸钠加入量过少,废水PH值降低，直接排入下游废水处理站，可能导致下游菌种杀死,"{""deviation"":""流量过低或无流量"",""excel_row"":9,""initial_likelihood"":""7"",""initial_risk"":""M"",""initial_risk_complete"":true,""initial_severity"":""B"",""line_code"":""DA"",""node_id"":""N004"",""parameter"":""流量"",""recommendation_category"":"""",""recommendation_no"":"""",""remarks"":"""",""residual_likelihood"":""7"",""residual_risk"":""M"",""residual_risk_complete"":true,""residual_severity"":""B"",""responsible_party"":"""",""serial_no"":""4.2.3"",""sil_level"":null,""sil_status"":""source_not_present"",""source_sheet"":""N004""}",DA线HAZOP分析记录表.xls,HAZOP_DA_H_R_V1,1.5-hazop,1.0000,accepted
HAZOP_3672e99200b48c14b9dd,RiskEventInstance,2.7.1 脱色釜温度过低,2.7.1 脱色釜温度过低,脱色釜温度降低，影响脱色效果，影响产品质量,"{""deviation"":""温度过低"",""excel_row"":21,""initial_likelihood"":""7"",""initial_risk"":""M"",""initial_risk_complete"":true,""initial_severity"":""B"",""line_code"":""DA"",""node_id"":""N002"",""parameter"":""温度"",""recommendation_category"":"""",""recommendation_no"":"""",""remarks"":"""",""residual_likelihood"":""7"",""residual_risk"":""M"",""residual_risk_complete"":true,""residual_severity"":""B"",""responsible_party"":"""",""serial_no"":""2.7.1"",""sil_level"":null,""sil_status"":""source_not_present"",""source_sheet"":""N002""}",DA线HAZOP分析记录表.xls,HAZOP_DA_H_R_V1,1.5-hazop,1.0000,accepted
HAZOP_380098434c4c20745400,RiskEventInstance,3.4.1 常压蒸馏塔压力过高,3.4.1 常压蒸馏塔压力过高,常压蒸馏塔温度升高，压力升高，严重时可能超压泄漏,"{""deviation"":""压力过高"",""excel_row"":9,""initial_likelihood"":""7"",""initial_risk"":""S"",""initial_risk_complete"":true,""initial_severity"":""D"",""line_code"":""DA"",""node_id"":""N003"",""parameter"":""压力"",""recommendation_category"":""S"",""recommendation_no"":""#3.2"",""remarks"":"""",""residual_likelihood"":""5"",""residual_risk"":""H"",""residual_risk_complete"":true,""residual_severity"":""D"",""responsible_party"":"""",""serial_no"":""3.4.1"",""sil_level"":null,""sil_status"":""source_not_present"",""source_sheet"":""N003""}",DA线HAZOP分析记录表.xls,HAZOP_DA_H_R_V1,1.5-hazop,1.0000,accepted
HAZOP_390e3961b7d8c0e1cedf,RiskEventInstance,1.6.1 硝化机温度过高,1.6.1 硝化机温度过高,硝化机反应温度升高，硝化机反应速率增快，副反应增加，潜在爆炸风险，人员伤亡,"{""deviation"":""温度过高"",""excel_row"":23,""initial_likelihood"":""6"",""initial_risk"":""S"",""initial_risk_complete"":true,""initial_severity"":""F"",""line_code"":""R"",""node_id"":""N001"",""parameter"":""温度"",""recommendation_category"":"""",""recommendation_no"":""#1.1"",""remarks"":"""",""residual_likelihood"":""5"",""residual_risk"":""S"",""residual_risk_complete"":true,""residual_severity"":""F"",""responsible_party"":"""",""serial_no"":""1.6.1"",""sil_level"":null,""sil_status"":""source_not_present"",""source_sheet"":""N001""}",R线 HAZOP分析记录表.xls,HAZOP_DA_H_R_V1,1.5-hazop,1.0000,accepted
HAZOP_3913cd759d52473c5ab2,RiskEventInstance,4.1.1 粗品HMX加注总量过高,4.1.1 粗品HMX加注总量过高,影响产品质量,"{""deviation"":""流量过高"",""excel_row"":4,""initial_likelihood"":"""",""initial_risk"":"""",""initial_risk_complete"":false,""initial_severity"":"""",""line_code"":""H"",""node_id"":""N004"",""parameter"":""流量"",""recommendation_category"":"""",""recommendation_no"":"""",""remarks"":"""",""residual_likelihood"":"""",""residual_risk"":"""",""residual_risk_complete"":false,""residual_severity"":"""",""responsible_party"":"""",""serial_no"":""4.1.1"",""sil_level"":null,""sil_status"":""source_not_present"",""source_sheet"":""N004""}",H线HAZOP及SIL定级分析 HAZOP记录表.xls,HAZOP_DA_H_R_V1,1.5-hazop,1.0000,accepted
HAZOP_395298db19bbf70306ed,RiskEventInstance,3.4.1 热压煮洗机压力过高,3.4.1 热压煮洗机压力过高,热压煮洗机温度升高，RDX可能分解爆炸,"{""deviation"":""压力过高"",""excel_row"":6,""initial_likelihood"":""5"",""initial_risk"":""H"",""initial_risk_complete"":true,""initial_severity"":""E"",""line_code"":""R"",""node_id"":""N003"",""parameter"":""压力"",""recommendation_category"":"""",""recommendation_no"":""#3.1"",""remarks"":""RDX在不同浓度下，爆炸时温度机理研究"",""residual_likelihood"":""5"",""residual_risk"":""H"",""residual_risk_complete"":true,""residual_severity"":""E"",""responsible_party"":"""",""serial_no"":""3.4.1"",""sil_level"":null,""sil_status"":""source_not_present"",""source_sheet"":""N003""}",R线 HAZOP分析记录表.xls,HAZOP_DA_H_R_V1,1.5-hazop,1.0000,accepted
HAZOP_39f3b3bbdd116a37f065,RiskEventInstance,2.9.1 萃取放料后萃取洗涤釜界位过低,2.9.1 萃取放料后萃取洗涤釜界位过低,,"{""deviation"":""液位过低或无液位"",""excel_row"":23,""initial_likelihood"":"""",""initial_risk"":"""",""initial_risk_complete"":false,""initial_severity"":"""",""line_code"":""DA"",""node_id"":""N002"",""parameter"":""液位"",""recommendation_category"":"""",""recommendation_no"":"""",""remarks"":"""",""residual_likelihood"":"""",""residual_risk"":"""",""residual_risk_complete"":false,""residual_severity"":"""",""responsible_party"":"""",""serial_no"":""2.9.1"",""sil_level"":null,""sil_status"":""source_not_present"",""source_sheet"":""N002""}",DA线HAZOP分析记录表.xls,HAZOP_DA_H_R_V1,1.5-hazop,1.0000,accepted
HAZOP_3ab510b40f21f5758e7c,RiskEventInstance,1.7.2 硝铵机温度过低,1.7.2 硝铵机温度过低,无明显安全影响,"{""deviation"":""温度过低"",""excel_row"":25,""initial_likelihood"":"""",""initial_risk"":"""",""initial_risk_complete"":false,""initial_severity"":"""",""line_code"":""H"",""node_id"":""N001"",""parameter"":""温度"",""recommendation_category"":"""",""recommendation_no"":"""",""remarks"":"""",""residual_likelihood"":"""",""residual_risk"":"""",""residual_risk_complete"":false,""residual_severity"":"""",""responsible_party"":"""",""serial_no"":""1.7.2"",""sil_level"":null,""sil_status"":""source_not_present"",""source_sheet"":""N001""}",H线HAZOP及SIL定级分析 HAZOP记录表.xls,HAZOP_DA_H_R_V1,1.5-hazop,1.0000,accepted
HAZOP_3e003905f5ff04cd8987,RiskEventInstance,1.10.1 杂质,1.10.1 杂质,乌洛托品下料不均匀，可能在料仓架桥堵塞，无明显安全影响,"{""deviation"":""杂质"",""excel_row"":32,""initial_likelihood"":"""",""initial_risk"":"""",""initial_risk_complete"":false,""initial_severity"":"""",""line_code"":""R"",""node_id"":""N001"",""parameter"":""组分"",""recommendation_category"":"""",""recommendation_no"":"""",""remarks"":"""",""residual_likelihood"":"""",""residual_risk"":"""",""residual_risk_complete"":false,""residual_severity"":"""",""responsible_party"":"""",""serial_no"":""1.10.1"",""sil_level"":null,""sil_status"":""source_not_present"",""source_sheet"":""N001""}",R线 HAZOP分析记录表.xls,HAZOP_DA_H_R_V1,1.5-hazop,1.0000,accepted
HAZOP_3e384b50c9d50fad78c7,RiskEventInstance,3.2.2 进喷射器水流量过低或无流量,3.2.2 进喷射器水流量过低或无流量,影响喷射器抽真空效果，影响产品输送,"{""deviation"":""流量过低或无流量"",""excel_row"":7,""initial_likelihood"":""7"",""initial_risk"":""M"",""initial_risk_complete"":true,""initial_severity"":""A"",""line_code"":""DA"",""node_id"":""N003"",""parameter"":""流量"",""recommendation_category"":"""",""recommendation_no"":"""",""remarks"":"""",""residual_likelihood"":""7"",""residual_risk"":""M"",""residual_risk_complete"":true,""residual_severity"":""A"",""responsible_party"":"""",""serial_no"":""3.2.2"",""sil_level"":null,""sil_status"":""source_not_present"",""source_sheet"":""N003""}",DA线HAZOP分析记录表.xls,HAZOP_DA_H_R_V1,1.5-hazop,1.0000,accepted
HAZOP_4136b09efca6426cbbfe,RiskEventInstance,2.17.1 部分泄漏,2.17.1 部分泄漏,无安全及操作影响（进常压蒸馏釜管线上设有精密过滤器）,"{""deviation"":""部分泄漏"",""excel_row"":35,""initial_likelihood"":""6"",""initial_risk"":""L"",""initial_risk_complete"":true,""initial_severity"":""A"",""line_code"":""DA"",""node_id"":""N002"",""parameter"":""泄漏"",""recommendation_category"":"""",""recommendation_no"":"""",""remarks"":"""",""residual_likelihood"":""6"",""residual_risk"":""L"",""residual_risk_complete"":true,""residual_severity"":""A"",""responsible_party"":"""",""serial_no"":""2.17.1"",""sil_level"":null,""sil_status"":""source_not_present"",""source_sheet"":""N002""}",DA线HAZOP分析记录表.xls,HAZOP_DA_H_R_V1,1.5-hazop,1.0000,accepted
HAZOP_4206115c3f79662ae30a,RiskEventInstance,1.5.3 铵硝液贮槽压力过低,1.5.3 铵硝液贮槽压力过低,,"{""deviation"":""压力过低"",""excel_row"":19,""initial_likelihood"":"""",""initial_risk"":"""",""initial_risk_complete"":false,""initial_severity"":"""",""line_code"":""H"",""node_id"":""N001"",""parameter"":""压力"",""recommendation_category"":"""",""recommendation_no"":"""",""remarks"":"""",""residual_likelihood"":"""",""residual_risk"":"""",""residual_risk_complete"":false,""residual_severity"":"""",""responsible_party"":"""",""serial_no"":""1.5.3"",""sil_level"":null,""sil_status"":""source_not_present"",""source_sheet"":""N001""}",H线HAZOP及SIL定级分析 HAZOP记录表.xls,HAZOP_DA_H_R_V1,1.5-hazop,1.0000,accepted
HAZOP_420e5fe3901102852e88,RiskEventInstance,1.12.1 静电,1.12.1 静电,静电事故，潜在爆炸，人员伤害风险,"{""deviation"":""静电"",""excel_row"":34,""initial_likelihood"":""6"",""initial_risk"":""H"",""initial_risk_complete"":true,""initial_severity"":""D"",""line_code"":""DA"",""node_id"":""N001"",""parameter"":""其他"",""recommendation_category"":"""",""recommendation_no"":"""",""remarks"":"""",""residual_likelihood"":""5"",""residual_risk"":""H"",""residual_risk_complete"":true,""residual_severity"":""D"",""responsible_party"":"""",""serial_no"":""1.12.1"",""sil_level"":null,""sil_status"":""source_not_present"",""source_sheet"":""N001""}",DA线HAZOP分析记录表.xls,HAZOP_DA_H_R_V1,1.5-hazop,1.0000,accepted
HAZOP_4217d1bb87bee3ede2a2,RiskEventInstance,4.4.1 混合溶剂蒸馏机压力过高,4.4.1 混合溶剂蒸馏机压力过高,蒸馏机升温速率过快，压力升高，可能冒料，物料泄放至外部环境，潜在爆炸风险，人员伤亡,"{""deviation"":""压力过高"",""excel_row"":9,""initial_likelihood"":""6"",""initial_risk"":""H"",""initial_risk_complete"":true,""initial_severity"":""D"",""line_code"":""H"",""node_id"":""N004"",""parameter"":""压力"",""recommendation_category"":"""",""recommendation_no"":"""",""remarks"":"""",""residual_likelihood"":""4"",""residual_risk"":""M"",""residual_risk_complete"":true,""residual_severity"":""D"",""responsible_party"":"""",""serial_no"":""4.4.1"",""sil_level"":null,""sil_status"":""source_not_present"",""source_sheet"":""N004""}",H线HAZOP及SIL定级分析 HAZOP记录表.xls,HAZOP_DA_H_R_V1,1.5-hazop,1.0000,accepted
HAZOP_42a0bc4c823ae3d9b3f6,RiskEventInstance,2.16.1 公用工程故障,2.16.1 公用工程故障,,"{""deviation"":""公用工程故障"",""excel_row"":33,""initial_likelihood"":"""",""initial_risk"":"""",""initial_risk_complete"":false,""initial_severity"":"""",""line_code"":""DA"",""node_id"":""N002"",""parameter"":""公用工程"",""recommendation_category"":"""",""recommendation_no"":"""",""remarks"":"""",""residual_likelihood"":"""",""residual_risk"":"""",""residual_risk_complete"":false,""residual_severity"":"""",""responsible_party"":"""",""serial_no"":""2.16.1"",""sil_level"":null,""sil_status"":""source_not_present"",""source_sheet"":""N002""}",DA线HAZOP分析记录表.xls,HAZOP_DA_H_R_V1,1.5-hazop,1.0000,accepted
HAZOP_42caae09efdcdaa7e40b,RiskEventInstance,1.2.1 硝酸铵固体风送至硝酸铵下料器流量过低或无流量,1.2.1 硝酸铵固体风送至硝酸铵下料器流量过低或无流量,硝酸铵配料操作周期延长，无明显安全性影响,"{""deviation"":""流量过低或无流量"",""excel_row"":9,""initial_likelihood"":"""",""initial_risk"":"""",""initial_risk_complete"":false,""initial_severity"":"""",""line_code"":""H"",""node_id"":""N001"",""parameter"":""流量"",""recommendation_category"":"""",""recommendation_no"":"""",""remarks"":"""",""residual_likelihood"":"""",""residual_risk"":"""",""residual_risk_complete"":false,""residual_severity"":"""",""responsible_party"":"""",""serial_no"":""1.2.1"",""sil_level"":null,""sil_status"":""source_not_present"",""source_sheet"":""N001""}",H线HAZOP及SIL定级分析 HAZOP记录表.xls,HAZOP_DA_H_R_V1,1.5-hazop,1.0000,accepted
HAZOP_43bf10ba99378fd79a1d,RiskEventInstance,4.6.3 混合溶剂蒸馏机温度过高,4.6.3 混合溶剂蒸馏机温度过高,蒸馏机升温速率过快，压力升高，可能冒料，物料泄漏至外部环境，潜在爆炸风险，人员伤亡,"{""deviation"":""温度过高"",""excel_row"":16,""initial_likelihood"":""6"",""initial_risk"":""H"",""initial_risk_complete"":true,""initial_severity"":""D"",""line_code"":""H"",""node_id"":""N004"",""parameter"":""温度"",""recommendation_category"":"""",""recommendation_no"":"""",""remarks"":"""",""residual_likelihood"":""4"",""residual_risk"":""M"",""residual_risk_complete"":true,""residual_severity"":""D"",""responsible_party"":"""",""serial_no"":""4.6.3"",""sil_level"":null,""sil_status"":""source_not_present"",""source_sheet"":""N004""}",H线HAZOP及SIL定级分析 HAZOP记录表.xls,HAZOP_DA_H_R_V1,1.5-hazop,1.0000,accepted
HAZOP_44d03547bfc155d595ce,RiskEventInstance,1.10.1 杂质,1.10.1 杂质,布袋除尘器布袋可能损坏，粉料泄漏至外部环境，可能形成粉尘爆炸性环境,"{""deviation"":""杂质"",""excel_row"":28,""initial_likelihood"":""6"",""initial_risk"":""H"",""initial_risk_complete"":true,""initial_severity"":""D"",""line_code"":""H"",""node_id"":""N001"",""parameter"":""组分"",""recommendation_category"":"""",""recommendation_no"":"""",""remarks"":"""",""residual_likelihood"":""6"",""residual_risk"":""H"",""residual_risk_complete"":true,""residual_severity"":""D"",""responsible_party"":"""",""serial_no"":""1.10.1"",""sil_level"":null,""sil_status"":""source_not_present"",""source_sheet"":""N001""}",H线HAZOP及SIL定级分析 HAZOP记录表.xls,HAZOP_DA_H_R_V1,1.5-hazop,1.0000,accepted
HAZOP_4519e0f58b795fa859aa,RiskEventInstance,3.1.6 5#硝化机稀释水加注流量过高,3.1.6 5#硝化机稀释水加注流量过高,无明显安全影响,"{""deviation"":""流量过高"",""excel_row"":9,""initial_likelihood"":"""",""initial_risk"":"""",""initial_risk_complete"":false,""initial_severity"":"""",""line_code"":""H"",""node_id"":""N003"",""parameter"":""流量"",""recommendation_category"":"""",""recommendation_no"":"""",""remarks"":"""",""residual_likelihood"":"""",""residual_risk"":"""",""residual_risk_complete"":false,""residual_severity"":"""",""responsible_party"":"""",""serial_no"":""3.1.6"",""sil_level"":null,""sil_status"":""source_not_present"",""source_sheet"":""N003""}",H线HAZOP及SIL定级分析 HAZOP记录表.xls,HAZOP_DA_H_R_V1,1.5-hazop,1.0000,accepted
HAZOP_454f6f322e68713c11df,RiskEventInstance,1.5.2 成熟机压力过低,1.5.2 成熟机压力过低,成熟机负压过低时，乌洛托品可能窜至硝烟回收系统，可能在硝烟回收系统设备管道内着火爆炸,"{""deviation"":""压力过低"",""excel_row"":21,""initial_likelihood"":""6"",""initial_risk"":""S"",""initial_risk_complete"":true,""initial_severity"":""E"",""line_code"":""R"",""node_id"":""N001"",""parameter"":""压力"",""recommendation_category"":"""",""recommendation_no"":"""",""remarks"":"""",""residual_likelihood"":""5"",""residual_risk"":""H"",""residual_risk_complete"":true,""residual_severity"":""E"",""responsible_party"":"""",""serial_no"":""1.5.2"",""sil_level"":null,""sil_status"":""source_not_present"",""source_sheet"":""N001""}",R线 HAZOP分析记录表.xls,HAZOP_DA_H_R_V1,1.5-hazop,1.0000,accepted
HAZOP_455fa700eb1650bb871d,RiskEventInstance,3.6.1 热压煮洗机温度过高,3.6.1 热压煮洗机温度过高,热压煮洗机温度过高，RDX可能分解爆炸,"{""deviation"":""温度过高"",""excel_row"":7,""initial_likelihood"":""5"",""initial_risk"":""H"",""initial_risk_complete"":true,""initial_severity"":""E"",""line_code"":""R"",""node_id"":""N003"",""parameter"":""温度"",""recommendation_category"":""S"",""recommendation_no"":""#3.1"",""remarks"":""RDX在不同浓度下，爆炸时温度机理研究"",""residual_likelihood"":""5"",""residual_risk"":""H"",""residual_risk_complete"":true,""residual_severity"":""E"",""responsible_party"":"""",""serial_no"":""3.6.1"",""sil_level"":null,""sil_status"":""source_not_present"",""source_sheet"":""N003""}",R线 HAZOP分析记录表.xls,HAZOP_DA_H_R_V1,1.5-hazop,1.0000,accepted
HAZOP_46086770efcdbaea7041,RiskEventInstance,1.5.1 布袋除尘器差压过低,1.5.1 布袋除尘器差压过低,,"{""deviation"":""压力过低"",""excel_row"":17,""initial_likelihood"":"""",""initial_risk"":"""",""initial_risk_complete"":false,""initial_severity"":"""",""line_code"":""H"",""node_id"":""N001"",""parameter"":""压力"",""recommendation_category"":"""",""recommendation_no"":"""",""remarks"":"""",""residual_likelihood"":"""",""residual_risk"":"""",""residual_risk_complete"":false,""residual_severity"":"""",""responsible_party"":"""",""serial_no"":""1.5.1"",""sil_level"":null,""sil_status"":""source_not_present"",""source_sheet"":""N001""}",H线HAZOP及SIL定级分析 HAZOP记录表.xls,HAZOP_DA_H_R_V1,1.5-hazop,1.0000,accepted
HAZOP_466e3513e0a2bbbcffd2,RiskEventInstance,2.1.2 乌洛托品固体自乌洛托品下料器至乌醋配机流量过高,2.1.2 乌洛托品固体自乌洛托品下料器至乌醋配机流量过高,星型下料器料位升高，料位过高时，可能满溢至布袋除尘器，堵塞设备管线，星型下料器电机可能过载损坏,"{""deviation"":""流量过高"",""excel_row"":5,""initial_likelihood"":""6"",""initial_risk"":""L"",""initial_risk_complete"":true,""initial_severity"":""A"",""line_code"":""H"",""node_id"":""N002"",""parameter"":""流量"",""recommendation_category"":"""",""recommendation_no"":"""",""remarks"":"""",""residual_likelihood"":""5"",""residual_risk"":""L"",""residual_risk_complete"":true,""residual_severity"":""A"",""responsible_party"":"""",""serial_no"":""2.1.2"",""sil_level"":null,""sil_status"":""source_not_present"",""source_sheet"":""N002""}",H线HAZOP及SIL定级分析 HAZOP记录表.xls,HAZOP_DA_H_R_V1,1.5-hazop,1.0000,accepted
HAZOP_46f6ac23736597f93c56,RiskEventInstance,2.11.1 腐蚀/冲蚀,2.11.1 腐蚀/冲蚀,,"{""deviation"":""腐蚀/冲蚀"",""excel_row"":28,""initial_likelihood"":"""",""initial_risk"":"""",""initial_risk_complete"":false,""initial_severity"":"""",""line_code"":""DA"",""node_id"":""N002"",""parameter"":""腐蚀/冲蚀"",""recommendation_category"":"""",""recommendation_no"":"""",""remarks"":"""",""residual_likelihood"":"""",""residual_risk"":"""",""residual_risk_complete"":false,""residual_severity"":"""",""responsible_party"":"""",""serial_no"":""2.11.1"",""sil_level"":null,""sil_status"":""source_not_present"",""source_sheet"":""N002""}",DA线HAZOP分析记录表.xls,HAZOP_DA_H_R_V1,1.5-hazop,1.0000,accepted
HAZOP_475a8229f238fb3dbe0a,RiskEventInstance,5.6.1 分离塔温度过高,5.6.1 分离塔温度过高,"分离釜温度升高，压力升高，液位降低，液位过低时，分离釜底部物料可能蒸干，潜在爆炸风险；
分离釜压力过高时，可能超压损坏，物料泄漏至外部环境，潜在爆炸风险","{""deviation"":""温度过高"",""excel_row"":9,""initial_likelihood"":""6"",""initial_risk"":""H"",""initial_risk_complete"":true,""initial_severity"":""D"",""line_code"":""H"",""node_id"":""N005"",""parameter"":""温度"",""recommendation_category"":""S"",""recommendation_no"":""#5.1"",""remarks"":"""",""residual_likelihood"":""5"",""residual_risk"":""H"",""residual_risk_complete"":true,""residual_severity"":""D"",""responsible_party"":"""",""serial_no"":""5.6.1"",""sil_level"":null,""sil_status"":""source_not_present"",""source_sheet"":""N005""}",H线HAZOP及SIL定级分析 HAZOP记录表.xls,HAZOP_DA_H_R_V1,1.5-hazop,1.0000,accepted
HAZOP_4828f0a75c8530849970,RiskEventInstance,2.2.1 萃取过程加入水量过少,2.2.1 萃取过程加入水量过少,影响萃取效果，副产物硝酸钠沉淀至二氯甲烷，进而影响下一批次萃取,"{""deviation"":""流量过低或无流量"",""excel_row"":9,""initial_likelihood"":""7"",""initial_risk"":""M"",""initial_risk_complete"":true,""initial_severity"":""A"",""line_code"":""DA"",""node_id"":""N002"",""parameter"":""流量"",""recommendation_category"":"""",""recommendation_no"":"""",""remarks"":"""",""residual_likelihood"":""7"",""residual_risk"":""M"",""residual_risk_complete"":true,""residual_severity"":""A"",""responsible_party"":"""",""serial_no"":""2.2.1"",""sil_level"":null,""sil_status"":""source_not_present"",""source_sheet"":""N002""}",DA线HAZOP分析记录表.xls,HAZOP_DA_H_R_V1,1.5-hazop,1.0000,accepted
HAZOP_483927cc81028d639db3,RiskEventInstance,4.12.1 维护/隔离,4.12.1 维护/隔离,,"{""deviation"":""维护/隔离"",""excel_row"":24,""initial_likelihood"":"""",""initial_risk"":"""",""initial_risk_complete"":false,""initial_severity"":"""",""line_code"":""H"",""node_id"":""N004"",""parameter"":""运行"",""recommendation_category"":"""",""recommendation_no"":"""",""remarks"":"""",""residual_likelihood"":"""",""residual_risk"":"""",""residual_risk_complete"":false,""residual_severity"":"""",""responsible_party"":"""",""serial_no"":""4.12.1"",""sil_level"":null,""sil_status"":""source_not_present"",""source_sheet"":""N004""}",H线HAZOP及SIL定级分析 HAZOP记录表.xls,HAZOP_DA_H_R_V1,1.5-hazop,1.0000,accepted
HAZOP_48556d3d36350f347577,RiskEventInstance,5.2.1 流量过低或无流量,5.2.1 流量过低或无流量,,"{""deviation"":""流量过低或无流量"",""excel_row"":5,""initial_likelihood"":"""",""initial_risk"":"""",""initial_risk_complete"":false,""initial_severity"":"""",""line_code"":""H"",""node_id"":""N005"",""parameter"":""流量"",""recommendation_category"":"""",""recommendation_no"":"""",""remarks"":"""",""residual_likelihood"":"""",""residual_risk"":"""",""residual_risk_complete"":false,""residual_severity"":"""",""responsible_party"":"""",""serial_no"":""5.2.1"",""sil_level"":null,""sil_status"":""source_not_present"",""source_sheet"":""N005""}",H线HAZOP及SIL定级分析 HAZOP记录表.xls,HAZOP_DA_H_R_V1,1.5-hazop,1.0000,accepted
HAZOP_48e4b8d822bc17be9fbc,RiskEventInstance,4.2.2 混合溶剂加注总量过低,4.2.2 混合溶剂加注总量过低,转晶机粗品HMX混料摩擦撞击感度增加，潜在爆炸风险,"{""deviation"":""流量过低或无流量"",""excel_row"":7,""initial_likelihood"":""6"",""initial_risk"":""H"",""initial_risk_complete"":true,""initial_severity"":""D"",""line_code"":""H"",""node_id"":""N004"",""parameter"":""流量"",""recommendation_category"":"""",""recommendation_no"":"""",""remarks"":""后果描述不明确"",""residual_likelihood"":""5"",""residual_risk"":""H"",""residual_risk_complete"":true,""residual_severity"":""D"",""responsible_party"":"""",""serial_no"":""4.2.2"",""sil_level"":null,""sil_status"":""source_not_present"",""source_sheet"":""N004""}",H线HAZOP及SIL定级分析 HAZOP记录表.xls,HAZOP_DA_H_R_V1,1.5-hazop,1.0000,accepted
HAZOP_493239dd70dc711b88fc,RiskEventInstance,2.6.1 结晶机温度过高,2.6.1 结晶机温度过高,结晶机温度升高，副产物氧化速率过快，发生冒料，人员中毒灼伤,"{""deviation"":""温度过高"",""excel_row"":7,""initial_likelihood"":""6"",""initial_risk"":""M"",""initial_risk_complete"":true,""initial_severity"":""C"",""line_code"":""R"",""node_id"":""N002"",""parameter"":""温度"",""recommendation_category"":"""",""recommendation_no"":"""",""remarks"":"""",""residual_likelihood"":""5"",""residual_risk"":""M"",""residual_risk_complete"":true,""residual_severity"":""C"",""responsible_party"":"""",""serial_no"":""2.6.1"",""sil_level"":null,""sil_status"":""source_not_present"",""source_sheet"":""N002""}",R线 HAZOP分析记录表.xls,HAZOP_DA_H_R_V1,1.5-hazop,1.0000,accepted
HAZOP_493ead9cd400b3313f58,RiskEventInstance,3.5.1 常压蒸馏塔压力过低,3.5.1 常压蒸馏塔压力过低,常压蒸馏塔温度降低，压力降低，影响蒸馏效果，产品中二氯甲烷含量增加，下游毛细管蒸馏釜负荷增大，严重时产品不合格,"{""deviation"":""压力过低"",""excel_row"":13,""initial_likelihood"":""7"",""initial_risk"":""M"",""initial_risk_complete"":true,""initial_severity"":""B"",""line_code"":""DA"",""node_id"":""N003"",""parameter"":""压力"",""recommendation_category"":"""",""recommendation_no"":"""",""remarks"":"""",""residual_likelihood"":""7"",""residual_risk"":""M"",""residual_risk_complete"":true,""residual_severity"":""B"",""responsible_party"":"""",""serial_no"":""3.5.1"",""sil_level"":null,""sil_status"":""source_not_present"",""source_sheet"":""N003""}",DA线HAZOP分析记录表.xls,HAZOP_DA_H_R_V1,1.5-hazop,1.0000,accepted
HAZOP_4a61f51bc8e53b7a5d19,RiskEventInstance,1.8.1 二甲基亚砜高位槽液位过高,1.8.1 二甲基亚砜高位槽液位过高,,"{""deviation"":""液位过高"",""excel_row"":25,""initial_likelihood"":"""",""initial_risk"":"""",""initial_risk_complete"":false,""initial_severity"":"""",""line_code"":""DA"",""node_id"":""N001"",""parameter"":""液位"",""recommendation_category"":"""",""recommendation_no"":"""",""remarks"":"""",""residual_likelihood"":"""",""residual_risk"":"""",""residual_risk_complete"":false,""residual_severity"":"""",""responsible_party"":"""",""serial_no"":""1.8.1"",""sil_level"":null,""sil_status"":""source_not_present"",""source_sheet"":""N001""}",DA线HAZOP分析记录表.xls,HAZOP_DA_H_R_V1,1.5-hazop,1.0000,accepted
HAZOP_4bdd0c933c7005b960d8,RiskEventInstance,3.4.2 毛细管蒸馏釜压力过高,3.4.2 毛细管蒸馏釜压力过高,毛细管蒸馏釜压力升高，严重时可能超压泄漏,"{""deviation"":""压力过高"",""excel_row"":12,""initial_likelihood"":""7"",""initial_risk"":""S"",""initial_risk_complete"":true,""initial_severity"":""D"",""line_code"":""DA"",""node_id"":""N003"",""parameter"":""压力"",""recommendation_category"":"""",""recommendation_no"":"""",""remarks"":"""",""residual_likelihood"":""6"",""residual_risk"":""H"",""residual_risk_complete"":true,""residual_severity"":""D"",""responsible_party"":"""",""serial_no"":""3.4.2"",""sil_level"":null,""sil_status"":""source_not_present"",""source_sheet"":""N003""}",DA线HAZOP分析记录表.xls,HAZOP_DA_H_R_V1,1.5-hazop,1.0000,accepted
HAZOP_4c536033e9c78763a520,RiskEventInstance,1.16.1 开停工,1.16.1 开停工,硝化机反应局部温度过高，存在火灾爆炸风险，人员伤亡,"{""deviation"":""其他"",""excel_row"":35,""initial_likelihood"":""5"",""initial_risk"":""H"",""initial_risk_complete"":true,""initial_severity"":""E"",""line_code"":""R"",""node_id"":""N001"",""parameter"":""其他"",""recommendation_category"":"""",""recommendation_no"":""#1.6"",""remarks"":"""",""residual_likelihood"":""4"",""residual_risk"":""H"",""residual_risk_complete"":true,""residual_severity"":""E"",""responsible_party"":"""",""serial_no"":""1.16.1"",""sil_level"":null,""sil_status"":""source_not_present"",""source_sheet"":""N001""}",R线 HAZOP分析记录表.xls,HAZOP_DA_H_R_V1,1.5-hazop,1.0000,accepted
HAZOP_4c8f243bce0f8eb2fa34,RiskEventInstance,1.2.4 硝酸加注总量过低,1.2.4 硝酸加注总量过低,铵硝液中硝酸铵浓度升高，硝化反应速率增加，温度快速上升，硝化机内物料可能分解，1#硝化机内可能发生燃爆，人员伤亡，环境污染,"{""deviation"":""流量过低或无流量"",""excel_row"":13,""initial_likelihood"":""5"",""initial_risk"":""H"",""initial_risk_complete"":true,""initial_severity"":""E"",""line_code"":""H"",""node_id"":""N001"",""parameter"":""流量"",""recommendation_category"":"""",""recommendation_no"":"""",""remarks"":"""",""residual_likelihood"":""4"",""residual_risk"":""H"",""residual_risk_complete"":true,""residual_severity"":""E"",""responsible_party"":"""",""serial_no"":""1.2.4"",""sil_level"":null,""sil_status"":""source_not_present"",""source_sheet"":""N001""}",H线HAZOP及SIL定级分析 HAZOP记录表.xls,HAZOP_DA_H_R_V1,1.5-hazop,1.0000,accepted
HAZOP_4cf7eb1e6e7a8b4c94e1,RiskEventInstance,2.2.1 酸水加注至结晶机流量过低或无流量,2.2.1 酸水加注至结晶机流量过低或无流量,结晶机温度升高，硝酸浓度升高，RDX结晶粒度增大，产品得率降低,"{""deviation"":""流量过低或无流量"",""excel_row"":5,""initial_likelihood"":"""",""initial_risk"":"""",""initial_risk_complete"":false,""initial_severity"":"""",""line_code"":""R"",""node_id"":""N002"",""parameter"":""流量"",""recommendation_category"":"""",""recommendation_no"":"""",""remarks"":""破坏性试验机理有待研究"",""residual_likelihood"":"""",""residual_risk"":"""",""residual_risk_complete"":false,""residual_severity"":"""",""responsible_party"":"""",""serial_no"":""2.2.1"",""sil_level"":null,""sil_status"":""source_not_present"",""source_sheet"":""N002""}",R线 HAZOP分析记录表.xls,HAZOP_DA_H_R_V1,1.5-hazop,1.0000,accepted
HAZOP_4d640fa405de28f5cc8e,RiskEventInstance,1.1.2 硝酸铵固体自硝酸铵下料器至铵硝配机流量过高,1.1.2 硝酸铵固体自硝酸铵下料器至铵硝配机流量过高,星型下料器料位升高，料位过高时，可能满溢至布袋除尘器，堵塞设备管线，星型下料器电机可能过载损坏,"{""deviation"":""流量过高"",""excel_row"":5,""initial_likelihood"":""6"",""initial_risk"":""L"",""initial_risk_complete"":true,""initial_severity"":""A"",""line_code"":""H"",""node_id"":""N001"",""parameter"":""流量"",""recommendation_category"":"""",""recommendation_no"":"""",""remarks"":""该场景识别有争议，是否两路下料器均可调节"",""residual_likelihood"":""5"",""residual_risk"":""L"",""residual_risk_complete"":true,""residual_severity"":""A"",""responsible_party"":"""",""serial_no"":""1.1.2"",""sil_level"":null,""sil_status"":""source_not_present"",""source_sheet"":""N001""}",H线HAZOP及SIL定级分析 HAZOP记录表.xls,HAZOP_DA_H_R_V1,1.5-hazop,1.0000,accepted
HAZOP_4dd6151688d524f7b5a2,RiskEventInstance,4.16.1 转晶机程控系统先于粗品HMX加注至蒸馏机,4.16.1 转晶机程控系统先于粗品HMX加注至蒸馏机,操作人员投料过程中可能中毒晕倒,"{""deviation"":""步骤顺序错误"",""excel_row"":28,""initial_likelihood"":""5"",""initial_risk"":""M"",""initial_risk_complete"":true,""initial_severity"":""C"",""line_code"":""H"",""node_id"":""N004"",""parameter"":""操作步骤"",""recommendation_category"":"""",""recommendation_no"":"""",""remarks"":"""",""residual_likelihood"":""4"",""residual_risk"":""L"",""residual_risk_complete"":true,""residual_severity"":""C"",""responsible_party"":"""",""serial_no"":""4.16.1"",""sil_level"":null,""sil_status"":""source_not_present"",""source_sheet"":""N004""}",H线HAZOP及SIL定级分析 HAZOP记录表.xls,HAZOP_DA_H_R_V1,1.5-hazop,1.0000,accepted
HAZOP_4e0804688cabaf6ffb3f,RiskEventInstance,1.16.1 开停工,1.16.1 开停工,硝化机反应温度升高，硝化机反应速率增快，副反应增加，潜在爆炸风险，人员伤亡,"{""deviation"":""其他"",""excel_row"":36,""initial_likelihood"":""5"",""initial_risk"":""H"",""initial_risk_complete"":true,""initial_severity"":""E"",""line_code"":""R"",""node_id"":""N001"",""parameter"":""其他"",""recommendation_category"":"""",""recommendation_no"":""#1.6"",""remarks"":"""",""residual_likelihood"":""4"",""residual_risk"":""H"",""residual_risk_complete"":true,""residual_severity"":""E"",""responsible_party"":"""",""serial_no"":""1.16.1"",""sil_level"":null,""sil_status"":""source_not_present"",""source_sheet"":""N001""}",R线 HAZOP分析记录表.xls,HAZOP_DA_H_R_V1,1.5-hazop,1.0000,accepted
HAZOP_4fdcc119f0ed5c6089f4,RiskEventInstance,3.11.1 腐蚀/冲蚀,3.11.1 腐蚀/冲蚀,设备管线腐蚀减薄，潜在泄漏风险,"{""deviation"":""腐蚀/冲蚀"",""excel_row"":25,""initial_likelihood"":""6"",""initial_risk"":""M"",""initial_risk_complete"":true,""initial_severity"":""B"",""line_code"":""DA"",""node_id"":""N003"",""parameter"":""腐蚀/冲蚀"",""recommendation_category"":"""",""recommendation_no"":"""",""remarks"":"""",""residual_likelihood"":""5"",""residual_risk"":""L"",""residual_risk_complete"":true,""residual_severity"":""B"",""responsible_party"":"""",""serial_no"":""3.11.1"",""sil_level"":null,""sil_status"":""source_not_present"",""source_sheet"":""N003""}",DA线HAZOP分析记录表.xls,HAZOP_DA_H_R_V1,1.5-hazop,1.0000,accepted
HAZOP_5048cae8395b94bdd634,RiskEventInstance,3.15.1 排净,3.15.1 排净,,"{""deviation"":""排净"",""excel_row"":29,""initial_likelihood"":""6"",""initial_risk"":""L"",""initial_risk_complete"":true,""initial_severity"":""A"",""line_code"":""DA"",""node_id"":""N003"",""parameter"":""运行"",""recommendation_category"":"""",""recommendation_no"":"""",""remarks"":"""",""residual_likelihood"":""6"",""residual_risk"":""L"",""residual_risk_complete"":true,""residual_severity"":""A"",""responsible_party"":"""",""serial_no"":""3.15.1"",""sil_level"":null,""sil_status"":""source_not_present"",""source_sheet"":""N003""}",DA线HAZOP分析记录表.xls,HAZOP_DA_H_R_V1,1.5-hazop,1.0000,accepted
HAZOP_531c9125a283a4bb13c8,RiskEventInstance,4.6.2 粗品HMX转晶机煮洗步骤时，温度过高,4.6.2 粗品HMX转晶机煮洗步骤时，温度过高,转晶机内温度升高，水大量蒸发，转晶机可能冒料，物料泄漏至外部环境，潜在爆炸风险，人员伤亡,"{""deviation"":""温度过高"",""excel_row"":15,""initial_likelihood"":""6"",""initial_risk"":""H"",""initial_risk_complete"":true,""initial_severity"":""D"",""line_code"":""H"",""node_id"":""N004"",""parameter"":""温度"",""recommendation_category"":"""",""recommendation_no"":"""",""remarks"":"""",""residual_likelihood"":""4"",""residual_risk"":""M"",""residual_risk_complete"":true,""residual_severity"":""D"",""responsible_party"":"""",""serial_no"":""4.6.2"",""sil_level"":null,""sil_status"":""source_not_present"",""source_sheet"":""N004""}",H线HAZOP及SIL定级分析 HAZOP记录表.xls,HAZOP_DA_H_R_V1,1.5-hazop,1.0000,accepted
HAZOP_54420c1139fd40f09710,RiskEventInstance,1.1.1 硝酸铵固体风送至硝酸铵下料器流量过高,1.1.1 硝酸铵固体风送至硝酸铵下料器流量过高,,"{""deviation"":""流量过高"",""excel_row"":4,""initial_likelihood"":"""",""initial_risk"":"""",""initial_risk_complete"":false,""initial_severity"":"""",""line_code"":""H"",""node_id"":""N001"",""parameter"":""流量"",""recommendation_category"":"""",""recommendation_no"":"""",""remarks"":"""",""residual_likelihood"":"""",""residual_risk"":"""",""residual_risk_complete"":false,""residual_severity"":"""",""responsible_party"":"""",""serial_no"":""1.1.1"",""sil_level"":null,""sil_status"":""source_not_present"",""source_sheet"":""N001""}",H线HAZOP及SIL定级分析 HAZOP记录表.xls,HAZOP_DA_H_R_V1,1.5-hazop,1.0000,accepted
HAZOP_54bb1a5136fe45466df0,RiskEventInstance,2.1.3 萃取后有机相放料过度,2.1.3 萃取后有机相放料过度,废水进入有机相，有机相杂质增多，杂质进入后续蒸馏工序，潜在安全风险,"{""deviation"":""流量过高"",""excel_row"":6,""initial_likelihood"":""7"",""initial_risk"":""H"",""initial_risk_complete"":true,""initial_severity"":""C"",""line_code"":""DA"",""node_id"":""N002"",""parameter"":""流量"",""recommendation_category"":""O"",""recommendation_no"":""#2.1"",""remarks"":""吉纳及硝酸钠等杂质对后续蒸馏工序的影响待研究。"",""residual_likelihood"":""7"",""residual_risk"":""H"",""residual_risk_complete"":true,""residual_severity"":""C"",""responsible_party"":"""",""serial_no"":""2.1.3"",""sil_level"":null,""sil_status"":""source_not_present"",""source_sheet"":""N002""}",DA线HAZOP分析记录表.xls,HAZOP_DA_H_R_V1,1.5-hazop,1.0000,accepted
HAZOP_55955c8f0ebc3aca91dc,RiskEventInstance,4.1.2 混合溶剂加注总量过高,4.1.2 混合溶剂加注总量过高,转晶机液位升高，液位过高时可能满溢至外部环境，人员中毒，可能形成爆炸性气氛，环境污染,"{""deviation"":""流量过高"",""excel_row"":5,""initial_likelihood"":""6"",""initial_risk"":""H"",""initial_risk_complete"":true,""initial_severity"":""D"",""line_code"":""H"",""node_id"":""N004"",""parameter"":""流量"",""recommendation_category"":"""",""recommendation_no"":"""",""remarks"":"""",""residual_likelihood"":""4"",""residual_risk"":""M"",""residual_risk_complete"":true,""residual_severity"":""D"",""responsible_party"":"""",""serial_no"":""4.1.2"",""sil_level"":null,""sil_status"":""source_not_present"",""source_sheet"":""N004""}",H线HAZOP及SIL定级分析 HAZOP记录表.xls,HAZOP_DA_H_R_V1,1.5-hazop,1.0000,accepted
HAZOP_55d339d6ff163bc2adc2,RiskEventInstance,1.1.2 硝酸加注至硝化机流量过高,1.1.2 硝酸加注至硝化机流量过高,乌洛托品/硝酸比例降低，副反应增加，无明显安全影响,"{""deviation"":""流量过高"",""excel_row"":7,""initial_likelihood"":"""",""initial_risk"":"""",""initial_risk_complete"":false,""initial_severity"":"""",""line_code"":""R"",""node_id"":""N001"",""parameter"":""流量"",""recommendation_category"":"""",""recommendation_no"":"""",""remarks"":"""",""residual_likelihood"":"""",""residual_risk"":"""",""residual_risk_complete"":false,""residual_severity"":"""",""responsible_party"":"""",""serial_no"":""1.1.2"",""sil_level"":null,""sil_status"":""source_not_present"",""source_sheet"":""N001""}",R线 HAZOP分析记录表.xls,HAZOP_DA_H_R_V1,1.5-hazop,1.0000,accepted
HAZOP_56fb396a2a35664e2616,RiskEventInstance,1.6.1 反应过程合成釜温度过高,1.6.1 反应过程合成釜温度过高,合成釜温度升高，温度过高时，吉纳分解，潜在爆炸，人员伤害风险,"{""deviation"":""温度过高"",""excel_row"":20,""initial_likelihood"":""7"",""initial_risk"":""S"",""initial_risk_complete"":true,""initial_severity"":""D"",""line_code"":""DA"",""node_id"":""N001"",""parameter"":""温度"",""recommendation_category"":""S"",""recommendation_no"":""#1.8"",""remarks"":""确认溶液中吉纳起始分解温度。"",""residual_likelihood"":""6"",""residual_risk"":""H"",""residual_risk_complete"":true,""residual_severity"":""D"",""responsible_party"":"""",""serial_no"":""1.6.1"",""sil_level"":null,""sil_status"":""source_not_present"",""source_sheet"":""N001""}",DA线HAZOP分析记录表.xls,HAZOP_DA_H_R_V1,1.5-hazop,1.0000,accepted
HAZOP_570fe3806585a4b52287,RiskEventInstance,3.3.1 冷冻水与二氯甲烷间错误流向,3.3.1 冷冻水与二氯甲烷间错误流向,冷冻水泄漏至二氯甲烷收集槽，二氯甲烷中含水量过高，影响产品萃取效果,"{""deviation"":""逆流"",""excel_row"":8,""initial_likelihood"":""6"",""initial_risk"":""M"",""initial_risk_complete"":true,""initial_severity"":""B"",""line_code"":""DA"",""node_id"":""N003"",""parameter"":""流量"",""recommendation_category"":""O"",""recommendation_no"":""#3.1"",""remarks"":"""",""residual_likelihood"":""6"",""residual_risk"":""M"",""residual_risk_complete"":true,""residual_severity"":""B"",""responsible_party"":"""",""serial_no"":""3.3.1"",""sil_level"":null,""sil_status"":""source_not_present"",""source_sheet"":""N003""}",DA线HAZOP分析记录表.xls,HAZOP_DA_H_R_V1,1.5-hazop,1.0000,accepted
HAZOP_57e3bc2ccf6047f1a15e,RiskEventInstance,3.16.1 乌醋溶液、铵硝溶液、醋酸酐溶液先于醋酸加注,3.16.1 乌醋溶液、铵硝溶液、醋酸酐溶液先于醋酸加注,,"{""deviation"":""步骤顺序错误"",""excel_row"":34,""initial_likelihood"":"""",""initial_risk"":"""",""initial_risk_complete"":false,""initial_severity"":"""",""line_code"":""H"",""node_id"":""N003"",""parameter"":""操作步骤"",""recommendation_category"":"""",""recommendation_no"":"""",""remarks"":"""",""residual_likelihood"":"""",""residual_risk"":"""",""residual_risk_complete"":false,""residual_severity"":"""",""responsible_party"":"""",""serial_no"":""3.16.1"",""sil_level"":null,""sil_status"":""source_not_present"",""source_sheet"":""N003""}",H线HAZOP及SIL定级分析 HAZOP记录表.xls,HAZOP_DA_H_R_V1,1.5-hazop,1.0000,accepted
HAZOP_588e5a84b768b128fb6f,RiskEventInstance,2.1.5 脱色釜中活性炭加入量过多,2.1.5 脱色釜中活性炭加入量过多,活性炭消耗量增大，无安全影响,"{""deviation"":""流量过高"",""excel_row"":8,""initial_likelihood"":""7"",""initial_risk"":""M"",""initial_risk_complete"":true,""initial_severity"":""A"",""line_code"":""DA"",""node_id"":""N002"",""parameter"":""流量"",""recommendation_category"":"""",""recommendation_no"":"""",""remarks"":"""",""residual_likelihood"":""7"",""residual_risk"":""M"",""residual_risk_complete"":true,""residual_severity"":""A"",""responsible_party"":"""",""serial_no"":""2.1.5"",""sil_level"":null,""sil_status"":""source_not_present"",""source_sheet"":""N002""}",DA线HAZOP分析记录表.xls,HAZOP_DA_H_R_V1,1.5-hazop,1.0000,accepted
HAZOP_58ad1202394b932e93b1,RiskEventInstance,3.4.1 1#硝化机压力过高,3.4.1 1#硝化机压力过高,1#硝化机压力升高，酸性气体窜至外部环境，人员可能中毒,"{""deviation"":""压力过高"",""excel_row"":18,""initial_likelihood"":""5"",""initial_risk"":""M"",""initial_risk_complete"":true,""initial_severity"":""C"",""line_code"":""H"",""node_id"":""N003"",""parameter"":""压力"",""recommendation_category"":"""",""recommendation_no"":"""",""remarks"":"""",""residual_likelihood"":""4"",""residual_risk"":""L"",""residual_risk_complete"":true,""residual_severity"":""C"",""responsible_party"":"""",""serial_no"":""3.4.1"",""sil_level"":null,""sil_status"":""source_not_present"",""source_sheet"":""N003""}",H线HAZOP及SIL定级分析 HAZOP记录表.xls,HAZOP_DA_H_R_V1,1.5-hazop,1.0000,accepted
HAZOP_5b1296c86b5b491b1947,RiskEventInstance,2.5.1 收集槽收料真空度过大,2.5.1 收集槽收料真空度过大,,"{""deviation"":""压力过低"",""excel_row"":18,""initial_likelihood"":"""",""initial_risk"":"""",""initial_risk_complete"":false,""initial_severity"":"""",""line_code"":""DA"",""node_id"":""N002"",""parameter"":""压力"",""recommendation_category"":"""",""recommendation_no"":"""",""remarks"":"""",""residual_likelihood"":"""",""residual_risk"":"""",""residual_risk_complete"":false,""residual_severity"":"""",""responsible_party"":"""",""serial_no"":""2.5.1"",""sil_level"":null,""sil_status"":""source_not_present"",""source_sheet"":""N002""}",DA线HAZOP分析记录表.xls,HAZOP_DA_H_R_V1,1.5-hazop,1.0000,accepted
HAZOP_5bc0c02bb6389b55bb19,RiskEventInstance,1.4.2 成熟机压力过高,1.4.2 成熟机压力过高,成熟机压力升高，可能正压，氧化氮气体窜至外部环境，人员可能中毒窒息伤亡,"{""deviation"":""压力过高"",""excel_row"":15,""initial_likelihood"":""5"",""initial_risk"":""S"",""initial_risk_complete"":true,""initial_severity"":""F"",""line_code"":""R"",""node_id"":""N001"",""parameter"":""压力"",""recommendation_category"":"""",""recommendation_no"":""#1.3"",""remarks"":"""",""residual_likelihood"":""4"",""residual_risk"":""H"",""residual_risk_complete"":true,""residual_severity"":""F"",""responsible_party"":"""",""serial_no"":""1.4.2"",""sil_level"":null,""sil_status"":""source_not_present"",""source_sheet"":""N001""}",R线 HAZOP分析记录表.xls,HAZOP_DA_H_R_V1,1.5-hazop,1.0000,accepted
HAZOP_5c7a003472cf616f9aad,RiskEventInstance,4.4.2 粗品HMX转晶机压力过高,4.4.2 粗品HMX转晶机压力过高,"转晶机内温度升高，溶剂大量挥发，泄放至外部环境，可能形成爆炸性气氛；
长时间操作，转晶机底部物料可能燃爆","{""deviation"":""压力过高"",""excel_row"":10,""initial_likelihood"":""6"",""initial_risk"":""H"",""initial_risk_complete"":true,""initial_severity"":""D"",""line_code"":""H"",""node_id"":""N004"",""parameter"":""压力"",""recommendation_category"":"""",""recommendation_no"":"""",""remarks"":"""",""residual_likelihood"":""4"",""residual_risk"":""M"",""residual_risk_complete"":true,""residual_severity"":""D"",""responsible_party"":"""",""serial_no"":""4.4.2"",""sil_level"":null,""sil_status"":""source_not_present"",""source_sheet"":""N004""}",H线HAZOP及SIL定级分析 HAZOP记录表.xls,HAZOP_DA_H_R_V1,1.5-hazop,1.0000,accepted
HAZOP_5e7c347c60ec22c082f6,RiskEventInstance,1.16.1 硝酸铵先于硝酸液加入铵硝配机,1.16.1 硝酸铵先于硝酸液加入铵硝配机,铵硝配机搅拌器可能弯曲变形，电机可能过载损坏,"{""deviation"":""步骤顺序错误"",""excel_row"":31,""initial_likelihood"":""5"",""initial_risk"":""M"",""initial_risk_complete"":true,""initial_severity"":""C"",""line_code"":""H"",""node_id"":""N001"",""parameter"":""操作步骤"",""recommendation_category"":"""",""recommendation_no"":"""",""remarks"":""后果描述不明确"",""residual_likelihood"":""4"",""residual_risk"":""L"",""residual_risk_complete"":true,""residual_severity"":""C"",""responsible_party"":"""",""serial_no"":""1.16.1"",""sil_level"":null,""sil_status"":""source_not_present"",""source_sheet"":""N001""}",H线HAZOP及SIL定级分析 HAZOP记录表.xls,HAZOP_DA_H_R_V1,1.5-hazop,1.0000,accepted
HAZOP_5e8446d16fa5e211d361,RiskEventInstance,1.10.1 杂质,1.10.1 杂质,乌洛托品加料口及料仓粉尘扬起量过大，可能形成粉尘爆炸环境，潜在爆炸风险,"{""deviation"":""杂质"",""excel_row"":31,""initial_likelihood"":""6"",""initial_risk"":""S"",""initial_risk_complete"":true,""initial_severity"":""F"",""line_code"":""R"",""node_id"":""N001"",""parameter"":""组分"",""recommendation_category"":""S"",""recommendation_no"":""#1.5"",""remarks"":"""",""residual_likelihood"":""6"",""residual_risk"":""S"",""residual_risk_complete"":true,""residual_severity"":""F"",""responsible_party"":"""",""serial_no"":""1.10.1"",""sil_level"":null,""sil_status"":""source_not_present"",""source_sheet"":""N001""}",R线 HAZOP分析记录表.xls,HAZOP_DA_H_R_V1,1.5-hazop,1.0000,accepted
HAZOP_602c5e2b3e113274d5d9,RiskEventInstance,5.4.1 分离釜压力过高,5.4.1 分离釜压力过高,"分离釜温度升高，压力升高，液位降低，液位过低时，分离釜底部物料可能蒸干，潜在爆炸风险；
分离釜压力过高时，可能超压损坏，物料泄漏至外部环境，潜在爆炸风险","{""deviation"":""压力过高"",""excel_row"":7,""initial_likelihood"":""6"",""initial_risk"":""H"",""initial_risk_complete"":true,""initial_severity"":""D"",""line_code"":""H"",""node_id"":""N005"",""parameter"":""压力"",""recommendation_category"":""S"",""recommendation_no"":""#5.1"",""remarks"":"""",""residual_likelihood"":""5"",""residual_risk"":""H"",""residual_risk_complete"":true,""residual_severity"":""D"",""responsible_party"":"""",""serial_no"":""5.4.1"",""sil_level"":null,""sil_status"":""source_not_present"",""source_sheet"":""N005""}",H线HAZOP及SIL定级分析 HAZOP记录表.xls,HAZOP_DA_H_R_V1,1.5-hazop,1.0000,accepted
HAZOP_608eb58cac7bb5852896,RiskEventInstance,3.3.1 逆流或错误流向,3.3.1 逆流或错误流向,蒸汽窜至5#硝化机内，可能沸腾冒料，环境污染，人员受伤,"{""deviation"":""逆流"",""excel_row"":17,""initial_likelihood"":""5"",""initial_risk"":""M"",""initial_risk_complete"":true,""initial_severity"":""C"",""line_code"":""H"",""node_id"":""N003"",""parameter"":""流量"",""recommendation_category"":"""",""recommendation_no"":"""",""remarks"":"""",""residual_likelihood"":""5"",""residual_risk"":""M"",""residual_risk_complete"":true,""residual_severity"":""C"",""responsible_party"":"""",""serial_no"":""3.3.1"",""sil_level"":null,""sil_status"":""source_not_present"",""source_sheet"":""N003""}",H线HAZOP及SIL定级分析 HAZOP记录表.xls,HAZOP_DA_H_R_V1,1.5-hazop,1.0000,accepted
HAZOP_6163cf75d0217bb4b88a,RiskEventInstance,1.2.1 合成釜中二甲基亚砜加入量过少,1.2.1 合成釜中二甲基亚砜加入量过少,后续吉纳及叠氮化钠加入后溶解不完全，搅拌过程可能发生爆炸，人员伤害风险,"{""deviation"":""流量过低或无流量"",""excel_row"":9,""initial_likelihood"":""7"",""initial_risk"":""S"",""initial_risk_complete"":true,""initial_severity"":""D"",""line_code"":""DA"",""node_id"":""N001"",""parameter"":""流量"",""recommendation_category"":""O"",""recommendation_no"":""#1.4"",""remarks"":"""",""residual_likelihood"":""7"",""residual_risk"":""S"",""residual_risk_complete"":true,""residual_severity"":""D"",""responsible_party"":"""",""serial_no"":""1.2.1"",""sil_level"":null,""sil_status"":""source_not_present"",""source_sheet"":""N001""}",DA线HAZOP分析记录表.xls,HAZOP_DA_H_R_V1,1.5-hazop,1.0000,accepted
HAZOP_62179b55928b6dcdcb03,RiskEventInstance,4.14.1 排净,4.14.1 排净,,"{""deviation"":""排净"",""excel_row"":26,""initial_likelihood"":"""",""initial_risk"":"""",""initial_risk_complete"":false,""initial_severity"":"""",""line_code"":""H"",""node_id"":""N004"",""parameter"":""运行"",""recommendation_category"":"""",""recommendation_no"":"""",""remarks"":"""",""residual_likelihood"":"""",""residual_risk"":"""",""residual_risk_complete"":false,""residual_severity"":"""",""responsible_party"":"""",""serial_no"":""4.14.1"",""sil_level"":null,""sil_status"":""source_not_present"",""source_sheet"":""N004""}",H线HAZOP及SIL定级分析 HAZOP记录表.xls,HAZOP_DA_H_R_V1,1.5-hazop,1.0000,accepted
HAZOP_632d014366ad700e44b5,RiskEventInstance,2.17.1 乌醋溶液配制过程步骤执行不足，未启动搅拌器或搅拌器故障停,2.17.1 乌醋溶液配制过程步骤执行不足，未启动搅拌器或搅拌器故障停,乌洛托品、醋酸全部加注至乌醋配机，启动搅拌器时，溶液配制放热量增加，溶解界面温升速率过快，可能达到乌洛托品分解温度，潜在爆炸风险,"{""deviation"":""步骤执行不足"",""excel_row"":25,""initial_likelihood"":""5"",""initial_risk"":""H"",""initial_risk_complete"":true,""initial_severity"":""D"",""line_code"":""H"",""node_id"":""N002"",""parameter"":""操作步骤"",""recommendation_category"":"""",""recommendation_no"":"""",""remarks"":""机理有待研究"",""residual_likelihood"":""4"",""residual_risk"":""M"",""residual_risk_complete"":true,""residual_severity"":""D"",""responsible_party"":"""",""serial_no"":""2.17.1"",""sil_level"":null,""sil_status"":""source_not_present"",""source_sheet"":""N002""}",H线HAZOP及SIL定级分析 HAZOP记录表.xls,HAZOP_DA_H_R_V1,1.5-hazop,1.0000,accepted
HAZOP_639007d6ccbc9c319218,RiskEventInstance,1.3.1 二甲基亚砜与冲洗水间错误流向,1.3.1 二甲基亚砜与冲洗水间错误流向,冲洗水进入合成釜，影响产品质量,"{""deviation"":""逆流"",""excel_row"":17,""initial_likelihood"":""6"",""initial_risk"":""M"",""initial_risk_complete"":true,""initial_severity"":""B"",""line_code"":""DA"",""node_id"":""N001"",""parameter"":""流量"",""recommendation_category"":""O"",""recommendation_no"":""#1.7"",""remarks"":"""",""residual_likelihood"":""6"",""residual_risk"":""M"",""residual_risk_complete"":true,""residual_severity"":""B"",""responsible_party"":"""",""serial_no"":""1.3.1"",""sil_level"":null,""sil_status"":""source_not_present"",""source_sheet"":""N001""}",DA线HAZOP分析记录表.xls,HAZOP_DA_H_R_V1,1.5-hazop,1.0000,accepted
HAZOP_639e48aee0402f7d5438,RiskEventInstance,3.5.2 毛细管蒸馏釜压力过低,3.5.2 毛细管蒸馏釜压力过低,毛细管蒸馏釜温度降低，压力降低，影响减压蒸馏效果，产品不合格,"{""deviation"":""压力过低"",""excel_row"":16,""initial_likelihood"":""7"",""initial_risk"":""M"",""initial_risk_complete"":true,""initial_severity"":""B"",""line_code"":""DA"",""node_id"":""N003"",""parameter"":""压力"",""recommendation_category"":"""",""recommendation_no"":"""",""remarks"":"""",""residual_likelihood"":""7"",""residual_risk"":""M"",""residual_risk_complete"":true,""residual_severity"":""B"",""responsible_party"":"""",""serial_no"":""3.5.2"",""sil_level"":null,""sil_status"":""source_not_present"",""source_sheet"":""N003""}",DA线HAZOP分析记录表.xls,HAZOP_DA_H_R_V1,1.5-hazop,1.0000,accepted
HAZOP_645b6275e9021d9f0350,RiskEventInstance,1.4.1 布袋除尘器差压过高,1.4.1 布袋除尘器差压过高,布袋除尘器布袋可能超压损坏，粉料泄漏至外部环境，可能形成粉尘爆炸性环境,"{""deviation"":""压力过高"",""excel_row"":16,""initial_likelihood"":"""",""initial_risk"":"""",""initial_risk_complete"":false,""initial_severity"":"""",""line_code"":""H"",""node_id"":""N001"",""parameter"":""压力"",""recommendation_category"":""O"",""recommendation_no"":""#1.2"",""remarks"":"""",""residual_likelihood"":"""",""residual_risk"":"""",""residual_risk_complete"":false,""residual_severity"":"""",""responsible_party"":"""",""serial_no"":""1.4.1"",""sil_level"":null,""sil_status"":""source_not_present"",""source_sheet"":""N001""}",H线HAZOP及SIL定级分析 HAZOP记录表.xls,HAZOP_DA_H_R_V1,1.5-hazop,1.0000,accepted
HAZOP_651c41f7c15e41abf56f,RiskEventInstance,1.16.1 开停工,1.16.1 开停工,硝化机内发生燃烧爆炸，人员伤亡,"{""deviation"":""其他"",""excel_row"":34,""initial_likelihood"":""5"",""initial_risk"":""H"",""initial_risk_complete"":true,""initial_severity"":""E"",""line_code"":""R"",""node_id"":""N001"",""parameter"":""其他"",""recommendation_category"":""S"",""recommendation_no"":""#1.6"",""remarks"":"""",""residual_likelihood"":""5"",""residual_risk"":""H"",""residual_risk_complete"":true,""residual_severity"":""E"",""responsible_party"":"""",""serial_no"":""1.16.1"",""sil_level"":null,""sil_status"":""source_not_present"",""source_sheet"":""N001""}",R线 HAZOP分析记录表.xls,HAZOP_DA_H_R_V1,1.5-hazop,1.0000,accepted
HAZOP_662a23639b9686014405,RiskEventInstance,1.10.1 二甲基亚砜中杂质,1.10.1 二甲基亚砜中杂质,,"{""deviation"":""杂质"",""excel_row"":30,""initial_likelihood"":"""",""initial_risk"":"""",""initial_risk_complete"":false,""initial_severity"":"""",""line_code"":""DA"",""node_id"":""N001"",""parameter"":""组分"",""recommendation_category"":"""",""recommendation_no"":"""",""remarks"":"""",""residual_likelihood"":"""",""residual_risk"":"""",""residual_risk_complete"":false,""residual_severity"":"""",""responsible_party"":"""",""serial_no"":""1.10.1"",""sil_level"":null,""sil_status"":""source_not_present"",""source_sheet"":""N001""}",DA线HAZOP分析记录表.xls,HAZOP_DA_H_R_V1,1.5-hazop,1.0000,accepted
HAZOP_670f6625b492658b0a53,RiskEventInstance,2.10.1 杂质,2.10.1 杂质,结晶机硝酸浓度降低，RDX结晶粒度减小，能耗过量,"{""deviation"":""杂质"",""excel_row"":14,""initial_likelihood"":"""",""initial_risk"":"""",""initial_risk_complete"":false,""initial_severity"":"""",""line_code"":""R"",""node_id"":""N002"",""parameter"":""组分"",""recommendation_category"":"""",""recommendation_no"":"""",""remarks"":"""",""residual_likelihood"":"""",""residual_risk"":"""",""residual_risk_complete"":false,""residual_severity"":"""",""responsible_party"":"""",""serial_no"":""2.10.1"",""sil_level"":null,""sil_status"":""source_not_present"",""source_sheet"":""N002""}",R线 HAZOP分析记录表.xls,HAZOP_DA_H_R_V1,1.5-hazop,1.0000,accepted
HAZOP_67a6363bfadf426a206f,RiskEventInstance,2.1.1 酸水加注至结晶机流量过高,2.1.1 酸水加注至结晶机流量过高,结晶机温度降低，硝酸浓度降低，RDX结晶粒度减小，副产物氧化不完全，结晶液不安定，后续工序安全操作受影响,"{""deviation"":""流量过高"",""excel_row"":4,""initial_likelihood"":""6"",""initial_risk"":""S"",""initial_risk_complete"":true,""initial_severity"":""E"",""line_code"":""R"",""node_id"":""N002"",""parameter"":""流量"",""recommendation_category"":"""",""recommendation_no"":"""",""remarks"":""机理有待研究，副产物起始氧化的温度需再研究"",""residual_likelihood"":""4"",""residual_risk"":""H"",""residual_risk_complete"":true,""residual_severity"":""E"",""responsible_party"":"""",""serial_no"":""2.1.1"",""sil_level"":null,""sil_status"":""source_not_present"",""source_sheet"":""N002""}",R线 HAZOP分析记录表.xls,HAZOP_DA_H_R_V1,1.5-hazop,1.0000,accepted
HAZOP_68783dbadef73df7631e,RiskEventInstance,1.20.1 二甲基亚砜泄漏,1.20.1 二甲基亚砜泄漏,二甲基亚砜蒸汽泄漏至外部环境，严重时潜在爆炸，人员伤害风险,"{""deviation"":""部分泄漏"",""excel_row"":16,""initial_likelihood"":""6"",""initial_risk"":""H"",""initial_risk_complete"":true,""initial_severity"":""D"",""line_code"":""DA"",""node_id"":""N001"",""parameter"":""泄漏"",""recommendation_category"":"""",""recommendation_no"":"""",""remarks"":"""",""residual_likelihood"":""6"",""residual_risk"":""H"",""residual_risk_complete"":true,""residual_severity"":""D"",""responsible_party"":"""",""serial_no"":""1.20.1"",""sil_level"":null,""sil_status"":""source_not_present"",""source_sheet"":""N001""}",DA线HAZOP分析记录表.xls,HAZOP_DA_H_R_V1,1.5-hazop,1.0000,accepted
HAZOP_69cab5fa497f45bf58a3,RiskEventInstance,3.2.5 3#硝化机醋酸酐溶液加注流量过低或无流量,3.2.5 3#硝化机醋酸酐溶液加注流量过低或无流量,3#硝化机内硝化反应产生的水不能及时脱除，DPT发生水解，副反应增加，产品得率下降,"{""deviation"":""流量过低或无流量"",""excel_row"":14,""initial_likelihood"":""6"",""initial_risk"":""M"",""initial_risk_complete"":true,""initial_severity"":""C"",""line_code"":""H"",""node_id"":""N003"",""parameter"":""流量"",""recommendation_category"":"""",""recommendation_no"":"""",""remarks"":"""",""residual_likelihood"":"""",""residual_risk"":"""",""residual_risk_complete"":false,""residual_severity"":"""",""responsible_party"":"""",""serial_no"":""3.2.5"",""sil_level"":null,""sil_status"":""source_not_present"",""source_sheet"":""N003""}",H线HAZOP及SIL定级分析 HAZOP记录表.xls,HAZOP_DA_H_R_V1,1.5-hazop,1.0000,accepted
HAZOP_6a39c66d9a41569fdff7,RiskEventInstance,3.17.1 一段硝化反应阶段，未加注醋酸,3.17.1 一段硝化反应阶段，未加注醋酸,,"{""deviation"":""步骤执行不足"",""excel_row"":35,""initial_likelihood"":"""",""initial_risk"":"""",""initial_risk_complete"":false,""initial_severity"":"""",""line_code"":""H"",""node_id"":""N003"",""parameter"":""操作步骤"",""recommendation_category"":"""",""recommendation_no"":"""",""remarks"":"""",""residual_likelihood"":"""",""residual_risk"":"""",""residual_risk_complete"":false,""residual_severity"":"""",""responsible_party"":"""",""serial_no"":""3.17.1"",""sil_level"":null,""sil_status"":""source_not_present"",""source_sheet"":""N003""}",H线HAZOP及SIL定级分析 HAZOP记录表.xls,HAZOP_DA_H_R_V1,1.5-hazop,1.0000,accepted
HAZOP_6a53f0af77d46709910d,RiskEventInstance,2.16.1 开停工,2.16.1 开停工,结晶机温度升高，副产物氧化速率过快，发生冒料，人员中毒灼伤,"{""deviation"":""其他"",""excel_row"":21,""initial_likelihood"":""6"",""initial_risk"":""M"",""initial_risk_complete"":true,""initial_severity"":""C"",""line_code"":""R"",""node_id"":""N002"",""parameter"":""其他"",""recommendation_category"":"""",""recommendation_no"":"""",""remarks"":"""",""residual_likelihood"":""5"",""residual_risk"":""M"",""residual_risk_complete"":true,""residual_severity"":""C"",""responsible_party"":"""",""serial_no"":""2.16.1"",""sil_level"":null,""sil_status"":""source_not_present"",""source_sheet"":""N002""}",R线 HAZOP分析记录表.xls,HAZOP_DA_H_R_V1,1.5-hazop,1.0000,accepted
HAZOP_6ad681ee3dcfa7b23699,RiskEventInstance,1.4.1 硝化机压力过高,1.4.1 硝化机压力过高,硝化机压力升高，可能正压，氧化氮气体窜至外部环境，人员可能中毒窒息伤亡,"{""deviation"":""压力过高"",""excel_row"":13,""initial_likelihood"":""6"",""initial_risk"":""S"",""initial_risk_complete"":true,""initial_severity"":""F"",""line_code"":""R"",""node_id"":""N001"",""parameter"":""压力"",""recommendation_category"":"""",""recommendation_no"":""#1.3"",""remarks"":"""",""residual_likelihood"":""5"",""residual_risk"":""S"",""residual_risk_complete"":true,""residual_severity"":""F"",""responsible_party"":"""",""serial_no"":""1.4.1"",""sil_level"":null,""sil_status"":""source_not_present"",""source_sheet"":""N001""}",R线 HAZOP分析记录表.xls,HAZOP_DA_H_R_V1,1.5-hazop,1.0000,accepted
HAZOP_6b24e51763586e634a07,RiskEventInstance,2.10.1 杂质,2.10.1 杂质,布袋除尘器布袋可能损坏，粉料泄漏至外部环境，可能形成粉尘爆炸性环境,"{""deviation"":""杂质"",""excel_row"":23,""initial_likelihood"":""6"",""initial_risk"":""H"",""initial_risk_complete"":true,""initial_severity"":""D"",""line_code"":""H"",""node_id"":""N002"",""parameter"":""组分"",""recommendation_category"":"""",""recommendation_no"":"""",""remarks"":"""",""residual_likelihood"":""6"",""residual_risk"":""H"",""residual_risk_complete"":true,""residual_severity"":""D"",""responsible_party"":"""",""serial_no"":""2.10.1"",""sil_level"":null,""sil_status"":""source_not_present"",""source_sheet"":""N002""}",H线HAZOP及SIL定级分析 HAZOP记录表.xls,HAZOP_DA_H_R_V1,1.5-hazop,1.0000,accepted
HAZOP_6bb5666557a6e652d9f7,RiskEventInstance,1.2.1 合成釜中二甲基亚砜加入量过少,1.2.1 合成釜中二甲基亚砜加入量过少,后续吉纳及叠氮化钠加入后溶解不完全，搅拌过程可能发生爆炸，人员伤害风险,"{""deviation"":""流量过低或无流量"",""excel_row"":8,""initial_likelihood"":""7"",""initial_risk"":""S"",""initial_risk_complete"":true,""initial_severity"":""D"",""line_code"":""DA"",""node_id"":""N001"",""parameter"":""流量"",""recommendation_category"":""S"",""recommendation_no"":""#1.3"",""remarks"":"""",""residual_likelihood"":""7"",""residual_risk"":""S"",""residual_risk_complete"":true,""residual_severity"":""D"",""responsible_party"":"""",""serial_no"":""1.2.1"",""sil_level"":null,""sil_status"":""source_not_present"",""source_sheet"":""N001""}",DA线HAZOP分析记录表.xls,HAZOP_DA_H_R_V1,1.5-hazop,1.0000,accepted
HAZOP_6d0bb7ad016595224dcd,RiskEventInstance,5.7.1 分离塔温度过低,5.7.1 分离塔温度过低,"分离塔进料温度降低，分离釜温度降低，液位升高，分离釜分离效果变差；
分离釜换热管束区域局部温度升高，潜在爆炸风险","{""deviation"":""温度过低"",""excel_row"":12,""initial_likelihood"":""6"",""initial_risk"":""H"",""initial_risk_complete"":true,""initial_severity"":""D"",""line_code"":""H"",""node_id"":""N005"",""parameter"":""温度"",""recommendation_category"":"""",""recommendation_no"":""#5.1"",""remarks"":"""",""residual_likelihood"":""5"",""residual_risk"":""H"",""residual_risk_complete"":true,""residual_severity"":""D"",""responsible_party"":"""",""serial_no"":""5.7.1"",""sil_level"":null,""sil_status"":""source_not_present"",""source_sheet"":""N005""}",H线HAZOP及SIL定级分析 HAZOP记录表.xls,HAZOP_DA_H_R_V1,1.5-hazop,1.0000,accepted
HAZOP_6d13437370b9fbcfe9ae,RiskEventInstance,1.17.1 铵硝溶液配制过程步骤执行不足，未启动搅拌器或搅拌器故障停,1.17.1 铵硝溶液配制过程步骤执行不足，未启动搅拌器或搅拌器故障停,硝酸铵、硝酸全部加注至铵硝配机，启动搅拌器时，溶液配制放热量增加，溶解界面温升速率过快，可能达到硝酸、硝酸铵分解温度，潜在爆炸风险,"{""deviation"":""步骤执行不足"",""excel_row"":32,""initial_likelihood"":""5"",""initial_risk"":""H"",""initial_risk_complete"":true,""initial_severity"":""D"",""line_code"":""H"",""node_id"":""N001"",""parameter"":""操作步骤"",""recommendation_category"":"""",""recommendation_no"":"""",""remarks"":""机理有待研究"",""residual_likelihood"":""4"",""residual_risk"":""M"",""residual_risk_complete"":true,""residual_severity"":""D"",""responsible_party"":"""",""serial_no"":""1.17.1"",""sil_level"":null,""sil_status"":""source_not_present"",""source_sheet"":""N001""}",H线HAZOP及SIL定级分析 HAZOP记录表.xls,HAZOP_DA_H_R_V1,1.5-hazop,1.0000,accepted
HAZOP_6ebbe75ecf8b85e5143f,RiskEventInstance,2.15.1 脱色过程搅拌不足,2.15.1 脱色过程搅拌不足,脱色釜中活性炭沉积，可能堵塞下料口,"{""deviation"":""搅拌不足"",""excel_row"":32,""initial_likelihood"":""6"",""initial_risk"":""M"",""initial_risk_complete"":true,""initial_severity"":""B"",""line_code"":""DA"",""node_id"":""N002"",""parameter"":""搅拌"",""recommendation_category"":"""",""recommendation_no"":"""",""remarks"":"""",""residual_likelihood"":""6"",""residual_risk"":""M"",""residual_risk_complete"":true,""residual_severity"":""B"",""responsible_party"":"""",""serial_no"":""2.15.1"",""sil_level"":null,""sil_status"":""source_not_present"",""source_sheet"":""N002""}",DA线HAZOP分析记录表.xls,HAZOP_DA_H_R_V1,1.5-hazop,1.0000,accepted
HAZOP_6f0c8785c67f86cfbc35,RiskEventInstance,4.19.1 以往事故,4.19.1 以往事故,转晶工序煮洗、丙酮蒸馏作业，母液中HMX、RDX及副产物分解爆炸，人员伤亡,"{""deviation"":""其他"",""excel_row"":32,""initial_likelihood"":"""",""initial_risk"":"""",""initial_risk_complete"":false,""initial_severity"":"""",""line_code"":""H"",""node_id"":""N004"",""parameter"":""其他"",""recommendation_category"":"""",""recommendation_no"":"""",""remarks"":"""",""residual_likelihood"":"""",""residual_risk"":"""",""residual_risk_complete"":false,""residual_severity"":"""",""responsible_party"":"""",""serial_no"":""4.19.1"",""sil_level"":null,""sil_status"":""source_not_present"",""source_sheet"":""N004""}",H线HAZOP及SIL定级分析 HAZOP记录表.xls,HAZOP_DA_H_R_V1,1.5-hazop,1.0000,accepted
HAZOP_706c5a2e8c04e9918a2e,RiskEventInstance,4.2.1 粗品HMX加注总量低,4.2.1 粗品HMX加注总量低,影响产品质量,"{""deviation"":""流量过低或无流量"",""excel_row"":6,""initial_likelihood"":"""",""initial_risk"":"""",""initial_risk_complete"":false,""initial_severity"":"""",""line_code"":""H"",""node_id"":""N004"",""parameter"":""流量"",""recommendation_category"":"""",""recommendation_no"":"""",""remarks"":"""",""residual_likelihood"":"""",""residual_risk"":"""",""residual_risk_complete"":false,""residual_severity"":"""",""responsible_party"":"""",""serial_no"":""4.2.1"",""sil_level"":null,""sil_status"":""source_not_present"",""source_sheet"":""N004""}",H线HAZOP及SIL定级分析 HAZOP记录表.xls,HAZOP_DA_H_R_V1,1.5-hazop,1.0000,accepted
HAZOP_70b77c96b9821d0ce9f9,RiskEventInstance,4.9.1 混合溶剂蒸馏机液位过低或无液位,4.9.1 混合溶剂蒸馏机液位过低或无液位,蒸馏机液位降低，液位过低时，蒸馏机底部物料可能蒸干，潜在爆炸风险,"{""deviation"":""液位过低或无液位"",""excel_row"":21,""initial_likelihood"":""6"",""initial_risk"":""H"",""initial_risk_complete"":true,""initial_severity"":""D"",""line_code"":""H"",""node_id"":""N004"",""parameter"":""液位"",""recommendation_category"":"""",""recommendation_no"":"""",""remarks"":"""",""residual_likelihood"":"""",""residual_risk"":"""",""residual_risk_complete"":false,""residual_severity"":""D"",""responsible_party"":"""",""serial_no"":""4.9.1"",""sil_level"":null,""sil_status"":""source_not_present"",""source_sheet"":""N004""}",H线HAZOP及SIL定级分析 HAZOP记录表.xls,HAZOP_DA_H_R_V1,1.5-hazop,1.0000,accepted
HAZOP_70bf986e9764ea8a0ec8,RiskEventInstance,1.13.1 维护/隔离,1.13.1 维护/隔离,隔离不彻底，导致检维修事故,"{""deviation"":""维护/隔离"",""excel_row"":36,""initial_likelihood"":""6"",""initial_risk"":""H"",""initial_risk_complete"":true,""initial_severity"":""D"",""line_code"":""DA"",""node_id"":""N001"",""parameter"":""运行"",""recommendation_category"":""S"",""recommendation_no"":""#1.14"",""remarks"":"""",""residual_likelihood"":""6"",""residual_risk"":""H"",""residual_risk_complete"":true,""residual_severity"":""D"",""responsible_party"":"""",""serial_no"":""1.13.1"",""sil_level"":null,""sil_status"":""source_not_present"",""source_sheet"":""N001""}",DA线HAZOP分析记录表.xls,HAZOP_DA_H_R_V1,1.5-hazop,1.0000,accepted
HAZOP_71c027777ba28e781109,RiskEventInstance,5.10.1 杂质,5.10.1 杂质,,"{""deviation"":""杂质"",""excel_row"":17,""initial_likelihood"":"""",""initial_risk"":"""",""initial_risk_complete"":false,""initial_severity"":"""",""line_code"":""H"",""node_id"":""N005"",""parameter"":""组分"",""recommendation_category"":"""",""recommendation_no"":"""",""remarks"":"""",""residual_likelihood"":"""",""residual_risk"":"""",""residual_risk_complete"":false,""residual_severity"":"""",""responsible_party"":"""",""serial_no"":""5.10.1"",""sil_level"":null,""sil_status"":""source_not_present"",""source_sheet"":""N005""}",H线HAZOP及SIL定级分析 HAZOP记录表.xls,HAZOP_DA_H_R_V1,1.5-hazop,1.0000,accepted
HAZOP_725caeb473cf35916033,RiskEventInstance,1.2.2 硝酸铵固体自硝酸铵下料器至铵硝配机流量过低,1.2.2 硝酸铵固体自硝酸铵下料器至铵硝配机流量过低,,"{""deviation"":""流量过低或无流量"",""excel_row"":11,""initial_likelihood"":"""",""initial_risk"":"""",""initial_risk_complete"":false,""initial_severity"":"""",""line_code"":""H"",""node_id"":""N001"",""parameter"":""流量"",""recommendation_category"":"""",""recommendation_no"":"""",""remarks"":"""",""residual_likelihood"":"""",""residual_risk"":"""",""residual_risk_complete"":false,""residual_severity"":"""",""responsible_party"":"""",""serial_no"":""1.2.2"",""sil_level"":null,""sil_status"":""source_not_present"",""source_sheet"":""N001""}",H线HAZOP及SIL定级分析 HAZOP记录表.xls,HAZOP_DA_H_R_V1,1.5-hazop,1.0000,accepted
HAZOP_7271085f62f28141a6fa,RiskEventInstance,1.6.2 硝铵机温度过高,1.6.2 硝铵机温度过高,铵硝配机内溶液热量积聚，温度升高，可能依次达到硝酸、硝酸铵分解温度，潜在爆炸风险,"{""deviation"":""温度过高"",""excel_row"":21,""initial_likelihood"":"""",""initial_risk"":"""",""initial_risk_complete"":false,""initial_severity"":"""",""line_code"":""H"",""node_id"":""N001"",""parameter"":""温度"",""recommendation_category"":"""",""recommendation_no"":"""",""remarks"":""后果描述不明确"",""residual_likelihood"":"""",""residual_risk"":"""",""residual_risk_complete"":false,""residual_severity"":"""",""responsible_party"":"""",""serial_no"":""1.6.2"",""sil_level"":null,""sil_status"":""source_not_present"",""source_sheet"":""N001""}",H线HAZOP及SIL定级分析 HAZOP记录表.xls,HAZOP_DA_H_R_V1,1.5-hazop,1.0000,accepted
HAZOP_72950187287aa57e6468,RiskEventInstance,1.20.1 二甲基亚砜泄漏,1.20.1 二甲基亚砜泄漏,二甲基亚砜蒸汽泄漏至外部环境，严重时潜在爆炸，人员伤害风险,"{""deviation"":""部分泄漏"",""excel_row"":15,""initial_likelihood"":""5"",""initial_risk"":""H"",""initial_risk_complete"":true,""initial_severity"":""D"",""line_code"":""DA"",""node_id"":""N001"",""parameter"":""泄漏"",""recommendation_category"":""S"",""recommendation_no"":""#1.12"",""remarks"":"""",""residual_likelihood"":""5"",""residual_risk"":""H"",""residual_risk_complete"":true,""residual_severity"":""D"",""responsible_party"":"""",""serial_no"":""1.20.1"",""sil_level"":null,""sil_status"":""source_not_present"",""source_sheet"":""N001""}",DA线HAZOP分析记录表.xls,HAZOP_DA_H_R_V1,1.5-hazop,1.0000,accepted
HAZOP_73474c615e9cbde38bd1,RiskEventInstance,3.2.2 1#硝化机铵硝溶液加注流量过低或无流量,3.2.2 1#硝化机铵硝溶液加注流量过低或无流量,1#硝化机内铵硝比例减少，硝化反应速率降低，温度降低，产品得率降低,"{""deviation"":""流量过低或无流量"",""excel_row"":11,""initial_likelihood"":""6"",""initial_risk"":""M"",""initial_risk_complete"":true,""initial_severity"":""C"",""line_code"":""H"",""node_id"":""N003"",""parameter"":""流量"",""recommendation_category"":"""",""recommendation_no"":"""",""remarks"":"""",""residual_likelihood"":"""",""residual_risk"":"""",""residual_risk_complete"":false,""residual_severity"":"""",""responsible_party"":"""",""serial_no"":""3.2.2"",""sil_level"":null,""sil_status"":""source_not_present"",""source_sheet"":""N003""}",H线HAZOP及SIL定级分析 HAZOP记录表.xls,HAZOP_DA_H_R_V1,1.5-hazop,1.0000,accepted
HAZOP_74425ce03262a1bd4920,RiskEventInstance,1.2.4 合成釜中叠氮化钠加入流速过慢,1.2.4 合成釜中叠氮化钠加入流速过慢,延长合成反应时间，无安全影响,"{""deviation"":""流量过低或无流量"",""excel_row"":14,""initial_likelihood"":""7"",""initial_risk"":""M"",""initial_risk_complete"":true,""initial_severity"":""A"",""line_code"":""DA"",""node_id"":""N001"",""parameter"":""流量"",""recommendation_category"":"""",""recommendation_no"":"""",""remarks"":"""",""residual_likelihood"":""7"",""residual_risk"":""M"",""residual_risk_complete"":true,""residual_severity"":""A"",""responsible_party"":"""",""serial_no"":""1.2.4"",""sil_level"":null,""sil_status"":""source_not_present"",""source_sheet"":""N001""}",DA线HAZOP分析记录表.xls,HAZOP_DA_H_R_V1,1.5-hazop,1.0000,accepted
HAZOP_74d7afe9c879eb4e70aa,RiskEventInstance,2.7.1 结晶机温度过低,2.7.1 结晶机温度过低,结晶机温度降低，硝酸浓度降低，RDX结晶粒度减小，副产物氧化不完全，结晶液不安定，后续工序安全操作受影响,"{""deviation"":""温度过低"",""excel_row"":12,""initial_likelihood"":""6"",""initial_risk"":""S"",""initial_risk_complete"":true,""initial_severity"":""E"",""line_code"":""R"",""node_id"":""N002"",""parameter"":""温度"",""recommendation_category"":"""",""recommendation_no"":"""",""remarks"":""机理有待研究，副产物起始氧化的温度与酸浓度需再研究"",""residual_likelihood"":""4"",""residual_risk"":""H"",""residual_risk_complete"":true,""residual_severity"":""E"",""responsible_party"":"""",""serial_no"":""2.7.1"",""sil_level"":null,""sil_status"":""source_not_present"",""source_sheet"":""N002""}",R线 HAZOP分析记录表.xls,HAZOP_DA_H_R_V1,1.5-hazop,1.0000,accepted
HAZOP_77961979155c2aca383b,RiskEventInstance,1.5.1 硝化机压力过低,1.5.1 硝化机压力过低,硝化机负压过低时，乌洛托品可能窜至硝烟回收系统，可能在硝烟回收系统设备管道内着火爆炸,"{""deviation"":""压力过低"",""excel_row"":19,""initial_likelihood"":""6"",""initial_risk"":""S"",""initial_risk_complete"":true,""initial_severity"":""E"",""line_code"":""R"",""node_id"":""N001"",""parameter"":""压力"",""recommendation_category"":"""",""recommendation_no"":"""",""remarks"":"""",""residual_likelihood"":""5"",""residual_risk"":""H"",""residual_risk_complete"":true,""residual_severity"":""E"",""responsible_party"":"""",""serial_no"":""1.5.1"",""sil_level"":null,""sil_status"":""source_not_present"",""source_sheet"":""N001""}",R线 HAZOP分析记录表.xls,HAZOP_DA_H_R_V1,1.5-hazop,1.0000,accepted
HAZOP_7866956e6c61e1d2e395,RiskEventInstance,5.11.1 腐蚀/冲蚀,5.11.1 腐蚀/冲蚀,,"{""deviation"":""腐蚀/冲蚀"",""excel_row"":18,""initial_likelihood"":"""",""initial_risk"":"""",""initial_risk_complete"":false,""initial_severity"":"""",""line_code"":""H"",""node_id"":""N005"",""parameter"":""腐蚀/冲蚀"",""recommendation_category"":"""",""recommendation_no"":"""",""remarks"":"""",""residual_likelihood"":"""",""residual_risk"":"""",""residual_risk_complete"":false,""residual_severity"":"""",""responsible_party"":"""",""serial_no"":""5.11.1"",""sil_level"":null,""sil_status"":""source_not_present"",""source_sheet"":""N005""}",H线HAZOP及SIL定级分析 HAZOP记录表.xls,HAZOP_DA_H_R_V1,1.5-hazop,1.0000,accepted
HAZOP_788264b04e6ded3814d1,RiskEventInstance,2.1.2 萃取过程加入二氯甲烷量过多,2.1.2 萃取过程加入二氯甲烷量过多,能耗增大，无安全影响,"{""deviation"":""流量过高"",""excel_row"":5,""initial_likelihood"":""7"",""initial_risk"":""M"",""initial_risk_complete"":true,""initial_severity"":""A"",""line_code"":""DA"",""node_id"":""N002"",""parameter"":""流量"",""recommendation_category"":"""",""recommendation_no"":"""",""remarks"":"""",""residual_likelihood"":""7"",""residual_risk"":""M"",""residual_risk_complete"":true,""residual_severity"":""A"",""responsible_party"":"""",""serial_no"":""2.1.2"",""sil_level"":null,""sil_status"":""source_not_present"",""source_sheet"":""N002""}",DA线HAZOP分析记录表.xls,HAZOP_DA_H_R_V1,1.5-hazop,1.0000,accepted
HAZOP_79572f9ea12539c639f5,RiskEventInstance,1.19.1 公用工程故障,1.19.1 公用工程故障,延长反应后物料降温时间，无安全影响,"{""deviation"":""公用工程故障"",""excel_row"":46,""initial_likelihood"":""6"",""initial_risk"":""L"",""initial_risk_complete"":true,""initial_severity"":""A"",""line_code"":""DA"",""node_id"":""N001"",""parameter"":""公用工程"",""recommendation_category"":"""",""recommendation_no"":"""",""remarks"":"""",""residual_likelihood"":""6"",""residual_risk"":""L"",""residual_risk_complete"":true,""residual_severity"":""A"",""responsible_party"":"""",""serial_no"":""1.19.1"",""sil_level"":null,""sil_status"":""source_not_present"",""source_sheet"":""N001""}",DA线HAZOP分析记录表.xls,HAZOP_DA_H_R_V1,1.5-hazop,1.0000,accepted
HAZOP_79d57cc05490d09a66d9,RiskEventInstance,4.15.1 公用工程故障,4.15.1 公用工程故障,,"{""deviation"":""公用工程故障"",""excel_row"":27,""initial_likelihood"":"""",""initial_risk"":"""",""initial_risk_complete"":false,""initial_severity"":"""",""line_code"":""H"",""node_id"":""N004"",""parameter"":""公用工程"",""recommendation_category"":"""",""recommendation_no"":"""",""remarks"":"""",""residual_likelihood"":"""",""residual_risk"":"""",""residual_risk_complete"":false,""residual_severity"":"""",""responsible_party"":"""",""serial_no"":""4.15.1"",""sil_level"":null,""sil_status"":""source_not_present"",""source_sheet"":""N004""}",H线HAZOP及SIL定级分析 HAZOP记录表.xls,HAZOP_DA_H_R_V1,1.5-hazop,1.0000,accepted
HAZOP_79f3688f74821281cd68,RiskEventInstance,2.16.1 开停工,2.16.1 开停工,结晶机反应局部温度过高，存在火灾爆炸风险，人员伤亡,"{""deviation"":""其他"",""excel_row"":23,""initial_likelihood"":""5"",""initial_risk"":""H"",""initial_risk_complete"":true,""initial_severity"":""E"",""line_code"":""R"",""node_id"":""N002"",""parameter"":""其他"",""recommendation_category"":"""",""recommendation_no"":"""",""remarks"":"""",""residual_likelihood"":""5"",""residual_risk"":""H"",""residual_risk_complete"":true,""residual_severity"":""E"",""responsible_party"":"""",""serial_no"":""2.16.1"",""sil_level"":null,""sil_status"":""source_not_present"",""source_sheet"":""N002""}",R线 HAZOP分析记录表.xls,HAZOP_DA_H_R_V1,1.5-hazop,1.0000,accepted
HAZOP_7a3e2e8dbb9ac906e51c,RiskEventInstance,1.4.2 成熟机压力过高,1.4.2 成熟机压力过高,成熟机压力升高，可能正压，氧化氮气体窜至外部环境，人员可能中毒窒息伤亡,"{""deviation"":""压力过高"",""excel_row"":17,""initial_likelihood"":""6"",""initial_risk"":""S"",""initial_risk_complete"":true,""initial_severity"":""F"",""line_code"":""R"",""node_id"":""N001"",""parameter"":""压力"",""recommendation_category"":"""",""recommendation_no"":""#1.3"",""remarks"":"""",""residual_likelihood"":""5"",""residual_risk"":""S"",""residual_risk_complete"":true,""residual_severity"":""F"",""responsible_party"":"""",""serial_no"":""1.4.2"",""sil_level"":null,""sil_status"":""source_not_present"",""source_sheet"":""N001""}",R线 HAZOP分析记录表.xls,HAZOP_DA_H_R_V1,1.5-hazop,1.0000,accepted
HAZOP_7b3870e5460c21f6ce70,RiskEventInstance,4.4.2 粗品HMX转晶机压力过高,4.4.2 粗品HMX转晶机压力过高,转晶机内压力升高，泄放至外部环境，可能形成爆炸性气氛,"{""deviation"":""压力过高"",""excel_row"":11,""initial_likelihood"":""6"",""initial_risk"":""H"",""initial_risk_complete"":true,""initial_severity"":""D"",""line_code"":""H"",""node_id"":""N004"",""parameter"":""压力"",""recommendation_category"":"""",""recommendation_no"":"""",""remarks"":"""",""residual_likelihood"":""4"",""residual_risk"":""M"",""residual_risk_complete"":true,""residual_severity"":""D"",""responsible_party"":"""",""serial_no"":""4.4.2"",""sil_level"":null,""sil_status"":""source_not_present"",""source_sheet"":""N004""}",H线HAZOP及SIL定级分析 HAZOP记录表.xls,HAZOP_DA_H_R_V1,1.5-hazop,1.0000,accepted
HAZOP_7bc19941bfab2e8bbf9e,RiskEventInstance,3.16.1 公用工程故障,3.16.1 公用工程故障,参见“3.5.1 常压蒸馏塔压力过低”,"{""deviation"":""公用工程故障"",""excel_row"":30,""initial_likelihood"":"""",""initial_risk"":"""",""initial_risk_complete"":false,""initial_severity"":"""",""line_code"":""DA"",""node_id"":""N003"",""parameter"":""公用工程"",""recommendation_category"":"""",""recommendation_no"":"""",""remarks"":"""",""residual_likelihood"":"""",""residual_risk"":"""",""residual_risk_complete"":false,""residual_severity"":"""",""responsible_party"":"""",""serial_no"":""3.16.1"",""sil_level"":null,""sil_status"":""source_not_present"",""source_sheet"":""N003""}",DA线HAZOP分析记录表.xls,HAZOP_DA_H_R_V1,1.5-hazop,1.0000,accepted
HAZOP_7bfa5f28f81816b7c1af,RiskEventInstance,1.5.2 成熟机压力过低,1.5.2 成熟机压力过低,成熟机负压过低时，乌洛托品可能窜至硝烟回收系统，可能在硝烟回收系统设备管道内着火爆炸,"{""deviation"":""压力过低"",""excel_row"":20,""initial_likelihood"":""6"",""initial_risk"":""S"",""initial_risk_complete"":true,""initial_severity"":""E"",""line_code"":""R"",""node_id"":""N001"",""parameter"":""压力"",""recommendation_category"":"""",""recommendation_no"":"""",""remarks"":"""",""residual_likelihood"":""5"",""residual_risk"":""H"",""residual_risk_complete"":true,""residual_severity"":""E"",""responsible_party"":"""",""serial_no"":""1.5.2"",""sil_level"":null,""sil_status"":""source_not_present"",""source_sheet"":""N001""}",R线 HAZOP分析记录表.xls,HAZOP_DA_H_R_V1,1.5-hazop,1.0000,accepted
HAZOP_7cb95e041510d653ca3c,RiskEventInstance,1.19.1 公用工程故障,1.19.1 公用工程故障,搅拌停车，固体物料未充分溶解时，再次开启，可能发生撞击爆炸事故；热水循环泵停车，合成釜温度降低，晶体析出，再次开启搅拌器可能发生撞击爆炸事故,"{""deviation"":""公用工程故障"",""excel_row"":48,""initial_likelihood"":""6"",""initial_risk"":""H"",""initial_risk_complete"":true,""initial_severity"":""D"",""line_code"":""DA"",""node_id"":""N001"",""parameter"":""公用工程"",""recommendation_category"":""S"",""recommendation_no"":""#1.20"",""remarks"":"""",""residual_likelihood"":""6"",""residual_risk"":""H"",""residual_risk_complete"":true,""residual_severity"":""D"",""responsible_party"":"""",""serial_no"":""1.19.1"",""sil_level"":null,""sil_status"":""source_not_present"",""source_sheet"":""N001""}",DA线HAZOP分析记录表.xls,HAZOP_DA_H_R_V1,1.5-hazop,1.0000,accepted
HAZOP_7f4f51e119100b5d8fa3,RiskEventInstance,1.14.1 吹扫/放空,1.14.1 吹扫/放空,,"{""deviation"":""吹扫/放空"",""excel_row"":37,""initial_likelihood"":""6"",""initial_risk"":""L"",""initial_risk_complete"":true,""initial_severity"":""A"",""line_code"":""DA"",""node_id"":""N001"",""parameter"":""运行"",""recommendation_category"":"""",""recommendation_no"":"""",""remarks"":"""",""residual_likelihood"":""6"",""residual_risk"":""L"",""residual_risk_complete"":true,""residual_severity"":""A"",""responsible_party"":"""",""serial_no"":""1.14.1"",""sil_level"":null,""sil_status"":""source_not_present"",""source_sheet"":""N001""}",DA线HAZOP分析记录表.xls,HAZOP_DA_H_R_V1,1.5-hazop,1.0000,accepted
HAZOP_7fe29473153f957c0ce3,RiskEventInstance,1.4.1 合成釜压力过高,1.4.1 合成釜压力过高,,"{""deviation"":""压力过高"",""excel_row"":18,""initial_likelihood"":"""",""initial_risk"":"""",""initial_risk_complete"":false,""initial_severity"":"""",""line_code"":""DA"",""node_id"":""N001"",""parameter"":""压力"",""recommendation_category"":"""",""recommendation_no"":"""",""remarks"":"""",""residual_likelihood"":"""",""residual_risk"":"""",""residual_risk_complete"":false,""residual_severity"":"""",""responsible_party"":"""",""serial_no"":""1.4.1"",""sil_level"":null,""sil_status"":""source_not_present"",""source_sheet"":""N001""}",DA线HAZOP分析记录表.xls,HAZOP_DA_H_R_V1,1.5-hazop,1.0000,accepted
HAZOP_8075896a0c6b356d08de,RiskEventInstance,1.10.3 叠氮化钠中杂质,1.10.3 叠氮化钠中杂质,,"{""deviation"":""杂质"",""excel_row"":32,""initial_likelihood"":"""",""initial_risk"":"""",""initial_risk_complete"":false,""initial_severity"":"""",""line_code"":""DA"",""node_id"":""N001"",""parameter"":""组分"",""recommendation_category"":"""",""recommendation_no"":"""",""remarks"":""金属等机械杂质在叠氮化钠中的影响待研究。"",""residual_likelihood"":"""",""residual_risk"":"""",""residual_risk_complete"":false,""residual_severity"":"""",""responsible_party"":"""",""serial_no"":""1.10.3"",""sil_level"":null,""sil_status"":""source_not_present"",""source_sheet"":""N001""}",DA线HAZOP分析记录表.xls,HAZOP_DA_H_R_V1,1.5-hazop,1.0000,accepted
HAZOP_8081f45c43108b2ee9c6,RiskEventInstance,3.1.3 1#硝化机醋酸酐溶液加注流量过高,3.1.3 1#硝化机醋酸酐溶液加注流量过高,1#硝化机酰化反应增加，温度升高，硝化反应速率增加，副产物增加，产品得率降低,"{""deviation"":""流量过高"",""excel_row"":6,""initial_likelihood"":""6"",""initial_risk"":""M"",""initial_risk_complete"":true,""initial_severity"":""C"",""line_code"":""H"",""node_id"":""N003"",""parameter"":""流量"",""recommendation_category"":"""",""recommendation_no"":"""",""remarks"":""后果描述不明确，有待验证醋酸酐酰化反应放热速率；\n现场观察到温度升高"",""residual_likelihood"":""5"",""residual_risk"":""M"",""residual_risk_complete"":true,""residual_severity"":""C"",""responsible_party"":"""",""serial_no"":""3.1.3"",""sil_level"":null,""sil_status"":""source_not_present"",""source_sheet"":""N003""}",H线HAZOP及SIL定级分析 HAZOP记录表.xls,HAZOP_DA_H_R_V1,1.5-hazop,1.0000,accepted
HAZOP_81dab0eeaf975303d76f,RiskEventInstance,3.2.4 3#硝化机铵硝溶液加注流量过低或无流量,3.2.4 3#硝化机铵硝溶液加注流量过低或无流量,3#硝化机内铵硝比例减少，硝化反应速率降低，温度降低，产品得率降低,"{""deviation"":""流量过低或无流量"",""excel_row"":13,""initial_likelihood"":""6"",""initial_risk"":""M"",""initial_risk_complete"":true,""initial_severity"":""C"",""line_code"":""H"",""node_id"":""N003"",""parameter"":""流量"",""recommendation_category"":"""",""recommendation_no"":"""",""remarks"":"""",""residual_likelihood"":"""",""residual_risk"":"""",""residual_risk_complete"":false,""residual_severity"":"""",""responsible_party"":"""",""serial_no"":""3.2.4"",""sil_level"":null,""sil_status"":""source_not_present"",""source_sheet"":""N003""}",H线HAZOP及SIL定级分析 HAZOP记录表.xls,HAZOP_DA_H_R_V1,1.5-hazop,1.0000,accepted
HAZOP_82036d9815f72f762925,RiskEventInstance,2.15.1 公用工程故障,2.15.1 公用工程故障,结晶机反应局部温度过高，存在爆炸风险，人员伤亡,"{""deviation"":""公用工程故障"",""excel_row"":18,""initial_likelihood"":""6"",""initial_risk"":""S"",""initial_risk_complete"":true,""initial_severity"":""F"",""line_code"":""R"",""node_id"":""N002"",""parameter"":""公用工程"",""recommendation_category"":"""",""recommendation_no"":"""",""remarks"":"""",""residual_likelihood"":""3"",""residual_risk"":""H"",""residual_risk_complete"":true,""residual_severity"":""F"",""responsible_party"":"""",""serial_no"":""2.15.1"",""sil_level"":null,""sil_status"":""source_not_present"",""source_sheet"":""N002""}",R线 HAZOP分析记录表.xls,HAZOP_DA_H_R_V1,1.5-hazop,1.0000,accepted
HAZOP_82f36b6038c7a08c40b6,RiskEventInstance,5.5.1 分离釜压力过低,5.5.1 分离釜压力过低,"分离釜温度降低，压力降低，液位升高，分离釜分离效果变差；
分离釜换热管束区域局部温度升高，潜在爆炸风险","{""deviation"":""压力过低"",""excel_row"":8,""initial_likelihood"":""6"",""initial_risk"":""H"",""initial_risk_complete"":true,""initial_severity"":""D"",""line_code"":""H"",""node_id"":""N005"",""parameter"":""压力"",""recommendation_category"":"""",""recommendation_no"":""#5.1"",""remarks"":"""",""residual_likelihood"":""5"",""residual_risk"":""H"",""residual_risk_complete"":true,""residual_severity"":""D"",""responsible_party"":"""",""serial_no"":""5.5.1"",""sil_level"":null,""sil_status"":""source_not_present"",""source_sheet"":""N005""}",H线HAZOP及SIL定级分析 HAZOP记录表.xls,HAZOP_DA_H_R_V1,1.5-hazop,1.0000,accepted
HAZOP_8386384b9b2da6d392c6,RiskEventInstance,4.8.1 混合溶剂蒸馏机液位过高,4.8.1 混合溶剂蒸馏机液位过高,蒸馏机可能冒料，物料泄放至外部环境，潜在爆炸风险，人员伤亡,"{""deviation"":""液位过高"",""excel_row"":20,""initial_likelihood"":""6"",""initial_risk"":""H"",""initial_risk_complete"":true,""initial_severity"":""D"",""line_code"":""H"",""node_id"":""N004"",""parameter"":""液位"",""recommendation_category"":"""",""recommendation_no"":"""",""remarks"":"""",""residual_likelihood"":""4"",""residual_risk"":""M"",""residual_risk_complete"":true,""residual_severity"":""D"",""responsible_party"":"""",""serial_no"":""4.8.1"",""sil_level"":null,""sil_status"":""source_not_present"",""source_sheet"":""N004""}",H线HAZOP及SIL定级分析 HAZOP记录表.xls,HAZOP_DA_H_R_V1,1.5-hazop,1.0000,accepted
HAZOP_83d13d7d7da8d3de7af5,RiskEventInstance,2.3.2 二氯甲烷与冷冻水间错误流向,2.3.2 二氯甲烷与冷冻水间错误流向,冷冻水泄漏至脱色釜中，影响脱色效果,"{""deviation"":""逆流"",""excel_row"":15,""initial_likelihood"":""7"",""initial_risk"":""M"",""initial_risk_complete"":true,""initial_severity"":""B"",""line_code"":""DA"",""node_id"":""N002"",""parameter"":""流量"",""recommendation_category"":"""",""recommendation_no"":"""",""remarks"":"""",""residual_likelihood"":""7"",""residual_risk"":""M"",""residual_risk_complete"":true,""residual_severity"":""B"",""responsible_party"":"""",""serial_no"":""2.3.2"",""sil_level"":null,""sil_status"":""source_not_present"",""source_sheet"":""N002""}",DA线HAZOP分析记录表.xls,HAZOP_DA_H_R_V1,1.5-hazop,1.0000,accepted
HAZOP_84f414e9a6fefaa54cb0,RiskEventInstance,3.7.1 常压蒸馏塔温度过低,3.7.1 常压蒸馏塔温度过低,,"{""deviation"":""温度过低"",""excel_row"":19,""initial_likelihood"":"""",""initial_risk"":"""",""initial_risk_complete"":false,""initial_severity"":"""",""line_code"":""DA"",""node_id"":""N003"",""parameter"":""温度"",""recommendation_category"":"""",""recommendation_no"":"""",""remarks"":"""",""residual_likelihood"":"""",""residual_risk"":"""",""residual_risk_complete"":false,""residual_severity"":"""",""responsible_party"":"""",""serial_no"":""3.7.1"",""sil_level"":null,""sil_status"":""source_not_present"",""source_sheet"":""N003""}",DA线HAZOP分析记录表.xls,HAZOP_DA_H_R_V1,1.5-hazop,1.0000,accepted
HAZOP_85112361d223395e5c6a,RiskEventInstance,4.18.1 混合溶剂蒸馏机蒸馏时间过短,4.18.1 混合溶剂蒸馏机蒸馏时间过短,,"{""deviation"":""时间过短"",""excel_row"":31,""initial_likelihood"":"""",""initial_risk"":"""",""initial_risk_complete"":false,""initial_severity"":"""",""line_code"":""H"",""node_id"":""N004"",""parameter"":""时间"",""recommendation_category"":"""",""recommendation_no"":"""",""remarks"":"""",""residual_likelihood"":"""",""residual_risk"":"""",""residual_risk_complete"":false,""residual_severity"":"""",""responsible_party"":"""",""serial_no"":""4.18.1"",""sil_level"":null,""sil_status"":""source_not_present"",""source_sheet"":""N004""}",H线HAZOP及SIL定级分析 HAZOP记录表.xls,HAZOP_DA_H_R_V1,1.5-hazop,1.0000,accepted
HAZOP_8599c75614f211155dd5,RiskEventInstance,4.3.1 逆流或错误流向,4.3.1 逆流或错误流向,,"{""deviation"":""逆流"",""excel_row"":8,""initial_likelihood"":"""",""initial_risk"":"""",""initial_risk_complete"":false,""initial_severity"":"""",""line_code"":""H"",""node_id"":""N004"",""parameter"":""流量"",""recommendation_category"":"""",""recommendation_no"":"""",""remarks"":"""",""residual_likelihood"":"""",""residual_risk"":"""",""residual_risk_complete"":false,""residual_severity"":"""",""responsible_party"":"""",""serial_no"":""4.3.1"",""sil_level"":null,""sil_status"":""source_not_present"",""source_sheet"":""N004""}",H线HAZOP及SIL定级分析 HAZOP记录表.xls,HAZOP_DA_H_R_V1,1.5-hazop,1.0000,accepted
HAZOP_86cef61e7de68d0a19e0,RiskEventInstance,1.15.1 公用工程故障,1.15.1 公用工程故障,硝化机反应局部温度过高，存在爆炸风险，人员伤亡,"{""deviation"":""公用工程故障"",""excel_row"":33,""initial_likelihood"":""6"",""initial_risk"":""S"",""initial_risk_complete"":true,""initial_severity"":""F"",""line_code"":""R"",""node_id"":""N001"",""parameter"":""公用工程"",""recommendation_category"":"""",""recommendation_no"":""#1.1"",""remarks"":"""",""residual_likelihood"":""3"",""residual_risk"":""H"",""residual_risk_complete"":true,""residual_severity"":""F"",""responsible_party"":"""",""serial_no"":""1.15.1"",""sil_level"":null,""sil_status"":""source_not_present"",""source_sheet"":""N001""}",R线 HAZOP分析记录表.xls,HAZOP_DA_H_R_V1,1.5-hazop,1.0000,accepted
HAZOP_8767e391bb444926d4ee,RiskEventInstance,1.17.1 二甲基亚砜与吉纳加料顺序错误,1.17.1 二甲基亚砜与吉纳加料顺序错误,固体物料进入合成釜内，搅拌发生撞击爆炸事故，人员伤害风险,"{""deviation"":""步骤顺序错误"",""excel_row"":43,""initial_likelihood"":""6"",""initial_risk"":""H"",""initial_risk_complete"":true,""initial_severity"":""D"",""line_code"":""DA"",""node_id"":""N001"",""parameter"":""操作步骤"",""recommendation_category"":""O"",""recommendation_no"":""#1.18"",""remarks"":"""",""residual_likelihood"":""6"",""residual_risk"":""H"",""residual_risk_complete"":true,""residual_severity"":""D"",""responsible_party"":"""",""serial_no"":""1.17.1"",""sil_level"":null,""sil_status"":""source_not_present"",""source_sheet"":""N001""}",DA线HAZOP分析记录表.xls,HAZOP_DA_H_R_V1,1.5-hazop,1.0000,accepted
HAZOP_8912fd604a5384cedbf2,RiskEventInstance,2.6.1 结晶机温度过高,2.6.1 结晶机温度过高,结晶机反应局部温度过高，存在爆炸风险，人员伤亡,"{""deviation"":""温度过高"",""excel_row"":10,""initial_likelihood"":""6"",""initial_risk"":""S"",""initial_risk_complete"":true,""initial_severity"":""F"",""line_code"":""R"",""node_id"":""N002"",""parameter"":""温度"",""recommendation_category"":"""",""recommendation_no"":"""",""remarks"":"""",""residual_likelihood"":""3"",""residual_risk"":""H"",""residual_risk_complete"":true,""residual_severity"":""F"",""responsible_party"":"""",""serial_no"":""2.6.1"",""sil_level"":null,""sil_status"":""source_not_present"",""source_sheet"":""N002""}",R线 HAZOP分析记录表.xls,HAZOP_DA_H_R_V1,1.5-hazop,1.0000,accepted
HAZOP_8aba2f7dfd979f9eeca0,RiskEventInstance,1.1.1 合成釜中二甲基亚砜加入量过多,1.1.1 合成釜中二甲基亚砜加入量过多,,"{""deviation"":""流量过高"",""excel_row"":4,""initial_likelihood"":"""",""initial_risk"":"""",""initial_risk_complete"":false,""initial_severity"":"""",""line_code"":""DA"",""node_id"":""N001"",""parameter"":""流量"",""recommendation_category"":"""",""recommendation_no"":"""",""remarks"":"""",""residual_likelihood"":"""",""residual_risk"":"""",""residual_risk_complete"":false,""residual_severity"":"""",""responsible_party"":"""",""serial_no"":""1.1.1"",""sil_level"":null,""sil_status"":""source_not_present"",""source_sheet"":""N001""}",DA线HAZOP分析记录表.xls,HAZOP_DA_H_R_V1,1.5-hazop,1.0000,accepted
HAZOP_8bbfb26b55af1efd25b6,RiskEventInstance,3.10.2 产品输送中进入异物,3.10.2 产品输送中进入异物,异物进入后续工序，潜在安全风险,"{""deviation"":""杂质"",""excel_row"":24,""initial_likelihood"":""6"",""initial_risk"":""M"",""initial_risk_complete"":true,""initial_severity"":""B"",""line_code"":""DA"",""node_id"":""N003"",""parameter"":""组分"",""recommendation_category"":""O"",""recommendation_no"":""#3.3"",""remarks"":"""",""residual_likelihood"":""6"",""residual_risk"":""M"",""residual_risk_complete"":true,""residual_severity"":""B"",""responsible_party"":"""",""serial_no"":""3.10.2"",""sil_level"":null,""sil_status"":""source_not_present"",""source_sheet"":""N003""}",DA线HAZOP分析记录表.xls,HAZOP_DA_H_R_V1,1.5-hazop,1.0000,accepted
HAZOP_8bcb4b88925aba6e93e4,RiskEventInstance,2.5.1 布袋除尘器差压过低,2.5.1 布袋除尘器差压过低,,"{""deviation"":""压力过低"",""excel_row"":17,""initial_likelihood"":"""",""initial_risk"":"""",""initial_risk_complete"":false,""initial_severity"":"""",""line_code"":""H"",""node_id"":""N002"",""parameter"":""压力"",""recommendation_category"":"""",""recommendation_no"":"""",""remarks"":"""",""residual_likelihood"":"""",""residual_risk"":"""",""residual_risk_complete"":false,""residual_severity"":"""",""responsible_party"":"""",""serial_no"":""2.5.1"",""sil_level"":null,""sil_status"":""source_not_present"",""source_sheet"":""N002""}",H线HAZOP及SIL定级分析 HAZOP记录表.xls,HAZOP_DA_H_R_V1,1.5-hazop,1.0000,accepted
HAZOP_8c4bc53ace21b478bbb5,RiskEventInstance,2.10.1 杂质,2.10.1 杂质,空气输送乌洛托品固体物料过程中可能形成爆炸性气氛，潜在爆炸风险，人员伤亡,"{""deviation"":""杂质"",""excel_row"":21,""initial_likelihood"":""4"",""initial_risk"":""M"",""initial_risk_complete"":true,""initial_severity"":""D"",""line_code"":""H"",""node_id"":""N002"",""parameter"":""组分"",""recommendation_category"":"""",""recommendation_no"":"""",""remarks"":"""",""residual_likelihood"":""3"",""residual_risk"":""M"",""residual_risk_complete"":true,""residual_severity"":""D"",""responsible_party"":"""",""serial_no"":""2.10.1"",""sil_level"":null,""sil_status"":""source_not_present"",""source_sheet"":""N002""}",H线HAZOP及SIL定级分析 HAZOP记录表.xls,HAZOP_DA_H_R_V1,1.5-hazop,1.0000,accepted
HAZOP_8d0c41cf8e5c5285720d,RiskEventInstance,1.1.4 硝酸加注总量过高,1.1.4 硝酸加注总量过高,铵硝液中硝酸铵浓度降低，影响产品质量，无明显安全影响,"{""deviation"":""流量过高"",""excel_row"":8,""initial_likelihood"":"""",""initial_risk"":"""",""initial_risk_complete"":false,""initial_severity"":"""",""line_code"":""H"",""node_id"":""N001"",""parameter"":""流量"",""recommendation_category"":"""",""recommendation_no"":"""",""remarks"":"""",""residual_likelihood"":"""",""residual_risk"":"""",""residual_risk_complete"":false,""residual_severity"":"""",""responsible_party"":"""",""serial_no"":""1.1.4"",""sil_level"":null,""sil_status"":""source_not_present"",""source_sheet"":""N001""}",H线HAZOP及SIL定级分析 HAZOP记录表.xls,HAZOP_DA_H_R_V1,1.5-hazop,1.0000,accepted
HAZOP_8d90111ebb528da077a7,RiskEventInstance,2.10.3 脱色后产品中杂质,2.10.3 脱色后产品中杂质,,"{""deviation"":""杂质"",""excel_row"":26,""initial_likelihood"":"""",""initial_risk"":"""",""initial_risk_complete"":false,""initial_severity"":"""",""line_code"":""DA"",""node_id"":""N002"",""parameter"":""组分"",""recommendation_category"":"""",""recommendation_no"":"""",""remarks"":"""",""residual_likelihood"":"""",""residual_risk"":"""",""residual_risk_complete"":false,""residual_severity"":"""",""responsible_party"":"""",""serial_no"":""2.10.3"",""sil_level"":null,""sil_status"":""source_not_present"",""source_sheet"":""N002""}",DA线HAZOP分析记录表.xls,HAZOP_DA_H_R_V1,1.5-hazop,1.0000,accepted
HAZOP_8dfd1de7a4eb8977fc2a,RiskEventInstance,5.9.1 分离釜液位过低或无液位,5.9.1 分离釜液位过低或无液位,"分离釜温度升高，压力升高，液位降低，液位过低时，分离釜底部物料可能蒸干，潜在爆炸风险；
分离釜压力过高时，可能超压损坏，物料泄漏至外部环境，潜在爆炸风险","{""deviation"":""液位过低或无液位"",""excel_row"":15,""initial_likelihood"":""6"",""initial_risk"":""H"",""initial_risk_complete"":true,""initial_severity"":""D"",""line_code"":""H"",""node_id"":""N005"",""parameter"":""液位"",""recommendation_category"":""S"",""recommendation_no"":""#5.1"",""remarks"":"""",""residual_likelihood"":""5"",""residual_risk"":""H"",""residual_risk_complete"":true,""residual_severity"":""D"",""responsible_party"":"""",""serial_no"":""5.9.1"",""sil_level"":null,""sil_status"":""source_not_present"",""source_sheet"":""N005""}",H线HAZOP及SIL定级分析 HAZOP记录表.xls,HAZOP_DA_H_R_V1,1.5-hazop,1.0000,accepted
HAZOP_8e9e9eb7bcb48c5816b9,RiskEventInstance,2.7.1 结晶机温度过低,2.7.1 结晶机温度过低,结晶机温度降低，副产物氧化不完全，结晶液不安定，后续工序安全操作受影响,"{""deviation"":""温度过低"",""excel_row"":11,""initial_likelihood"":""6"",""initial_risk"":""S"",""initial_risk_complete"":true,""initial_severity"":""E"",""line_code"":""R"",""node_id"":""N002"",""parameter"":""温度"",""recommendation_category"":"""",""recommendation_no"":"""",""remarks"":"""",""residual_likelihood"":""5"",""residual_risk"":""H"",""residual_risk_complete"":true,""residual_severity"":""E"",""responsible_party"":"""",""serial_no"":""2.7.1"",""sil_level"":null,""sil_status"":""source_not_present"",""source_sheet"":""N002""}",R线 HAZOP分析记录表.xls,HAZOP_DA_H_R_V1,1.5-hazop,1.0000,accepted
HAZOP_8eb5621bb836d4419b00,RiskEventInstance,1.18.1 叠氮化钠加料前吉纳未充分溶解,1.18.1 叠氮化钠加料前吉纳未充分溶解,合成釜内固含量过多，可能由于摩擦撞击导致爆炸事故，人员伤害风险,"{""deviation"":""步骤执行不足"",""excel_row"":45,""initial_likelihood"":""6"",""initial_risk"":""H"",""initial_risk_complete"":true,""initial_severity"":""D"",""line_code"":""DA"",""node_id"":""N001"",""parameter"":""操作步骤"",""recommendation_category"":""O"",""recommendation_no"":""#1.19"",""remarks"":""固体吉纳在溶液中的感度待研究。"",""residual_likelihood"":""6"",""residual_risk"":""H"",""residual_risk_complete"":true,""residual_severity"":""D"",""responsible_party"":"""",""serial_no"":""1.18.1"",""sil_level"":null,""sil_status"":""source_not_present"",""source_sheet"":""N001""}",DA线HAZOP分析记录表.xls,HAZOP_DA_H_R_V1,1.5-hazop,1.0000,accepted
HAZOP_90e39ef6b452ab81ce0f,RiskEventInstance,2.2.3 萃取后有机相放料不足,2.2.3 萃取后有机相放料不足,有机相放至废水槽，产品收率降低，废水处理工序负荷增大,"{""deviation"":""流量过低或无流量"",""excel_row"":11,""initial_likelihood"":""7"",""initial_risk"":""M"",""initial_risk_complete"":true,""initial_severity"":""B"",""line_code"":""DA"",""node_id"":""N002"",""parameter"":""流量"",""recommendation_category"":""O"",""recommendation_no"":""#2.2"",""remarks"":"""",""residual_likelihood"":""7"",""residual_risk"":""M"",""residual_risk_complete"":true,""residual_severity"":""B"",""responsible_party"":"""",""serial_no"":""2.2.3"",""sil_level"":null,""sil_status"":""source_not_present"",""source_sheet"":""N002""}",DA线HAZOP分析记录表.xls,HAZOP_DA_H_R_V1,1.5-hazop,1.0000,accepted
HAZOP_90ec951a91ed3d9c2887,RiskEventInstance,1.17.3 铵硝溶液配制过程步骤执行不足，未启动排烟机或排烟机故障停,1.17.3 铵硝溶液配制过程步骤执行不足，未启动排烟机或排烟机故障停,铵硝配机压力升高，酸性硝烟窜至外部环境，人员可能中毒窒息伤亡,"{""deviation"":""步骤执行不足"",""excel_row"":34,""initial_likelihood"":""5"",""initial_risk"":""H"",""initial_risk_complete"":true,""initial_severity"":""D"",""line_code"":""H"",""node_id"":""N001"",""parameter"":""操作步骤"",""recommendation_category"":""S"",""recommendation_no"":""#1.3"",""remarks"":"""",""residual_likelihood"":""4"",""residual_risk"":""M"",""residual_risk_complete"":true,""residual_severity"":""D"",""responsible_party"":"""",""serial_no"":""1.17.3"",""sil_level"":null,""sil_status"":""source_not_present"",""source_sheet"":""N001""}",H线HAZOP及SIL定级分析 HAZOP记录表.xls,HAZOP_DA_H_R_V1,1.5-hazop,1.0000,accepted
HAZOP_918c87b17899f9c2984d,RiskEventInstance,3.6.1 常压蒸馏塔温度过高,3.6.1 常压蒸馏塔温度过高,,"{""deviation"":""温度过高"",""excel_row"":17,""initial_likelihood"":"""",""initial_risk"":"""",""initial_risk_complete"":false,""initial_severity"":"""",""line_code"":""DA"",""node_id"":""N003"",""parameter"":""温度"",""recommendation_category"":"""",""recommendation_no"":"""",""remarks"":"""",""residual_likelihood"":"""",""residual_risk"":"""",""residual_risk_complete"":false,""residual_severity"":"""",""responsible_party"":"""",""serial_no"":""3.6.1"",""sil_level"":null,""sil_status"":""source_not_present"",""source_sheet"":""N003""}",DA线HAZOP分析记录表.xls,HAZOP_DA_H_R_V1,1.5-hazop,1.0000,accepted
HAZOP_91a810c1dcfe051dee38,RiskEventInstance,2.6.1 结晶机温度过高,2.6.1 结晶机温度过高,结晶机温度升高，副产物氧化速率过快，发生冒料，人员中毒灼伤,"{""deviation"":""温度过高"",""excel_row"":9,""initial_likelihood"":""6"",""initial_risk"":""M"",""initial_risk_complete"":true,""initial_severity"":""C"",""line_code"":""R"",""node_id"":""N002"",""parameter"":""温度"",""recommendation_category"":"""",""recommendation_no"":"""",""remarks"":"""",""residual_likelihood"":""4"",""residual_risk"":""L"",""residual_risk_complete"":true,""residual_severity"":""C"",""responsible_party"":"""",""serial_no"":""2.6.1"",""sil_level"":null,""sil_status"":""source_not_present"",""source_sheet"":""N002""}",R线 HAZOP分析记录表.xls,HAZOP_DA_H_R_V1,1.5-hazop,1.0000,accepted
HAZOP_964ece8027713448dcdc,RiskEventInstance,2.12.1 维护/隔离,2.12.1 维护/隔离,,"{""deviation"":""维护/隔离"",""excel_row"":29,""initial_likelihood"":"""",""initial_risk"":"""",""initial_risk_complete"":false,""initial_severity"":"""",""line_code"":""DA"",""node_id"":""N002"",""parameter"":""运行"",""recommendation_category"":"""",""recommendation_no"":"""",""remarks"":"""",""residual_likelihood"":"""",""residual_risk"":"""",""residual_risk_complete"":false,""residual_severity"":"""",""responsible_party"":"""",""serial_no"":""2.12.1"",""sil_level"":null,""sil_status"":""source_not_present"",""source_sheet"":""N002""}",DA线HAZOP分析记录表.xls,HAZOP_DA_H_R_V1,1.5-hazop,1.0000,accepted
HAZOP_995a5c9a0fe84c29444a,RiskEventInstance,2.6.1 结晶机温度过高,2.6.1 结晶机温度过高,结晶机温度过高时，RDX可能分解爆炸,"{""deviation"":""温度过高"",""excel_row"":8,""initial_likelihood"":"""",""initial_risk"":"""",""initial_risk_complete"":false,""initial_severity"":"""",""line_code"":""R"",""node_id"":""N002"",""parameter"":""温度"",""recommendation_category"":"""",""recommendation_no"":"""",""remarks"":""RDX在不同浓度下，爆炸时温度机理研究"",""residual_likelihood"":"""",""residual_risk"":"""",""residual_risk_complete"":false,""residual_severity"":"""",""responsible_party"":"""",""serial_no"":""2.6.1"",""sil_level"":null,""sil_status"":""source_not_present"",""source_sheet"":""N002""}",R线 HAZOP分析记录表.xls,HAZOP_DA_H_R_V1,1.5-hazop,1.0000,accepted
HAZOP_9974500fd2e456bd28dd,RiskEventInstance,1.1.3 硝酸铵固体自硝酸铵下料器至铵硝配机总量过高,1.1.3 硝酸铵固体自硝酸铵下料器至铵硝配机总量过高,铵硝液中硝酸铵浓度升高，硝化反应速率增加，温度快速上升，硝化机内物料可能分解，1#硝化机内可能发生燃爆，人员伤亡，环境污染,"{""deviation"":""流量过高"",""excel_row"":7,""initial_likelihood"":""5"",""initial_risk"":""H"",""initial_risk_complete"":true,""initial_severity"":""E"",""line_code"":""H"",""node_id"":""N001"",""parameter"":""流量"",""recommendation_category"":""O"",""recommendation_no"":""#1.1"",""remarks"":""后果现象描述不明确"",""residual_likelihood"":""4"",""residual_risk"":""H"",""residual_risk_complete"":true,""residual_severity"":""E"",""responsible_party"":"""",""serial_no"":""1.1.3"",""sil_level"":null,""sil_status"":""source_not_present"",""source_sheet"":""N001""}",H线HAZOP及SIL定级分析 HAZOP记录表.xls,HAZOP_DA_H_R_V1,1.5-hazop,1.0000,accepted
HAZOP_99e520e725f594b44e62,RiskEventInstance,3.10.1 杂质,3.10.1 杂质,水封水可能窜至硝化机，局部放热量增加，DPT发生水解，副反应增加，产品得率下降,"{""deviation"":""杂质"",""excel_row"":31,""initial_likelihood"":""5"",""initial_risk"":""M"",""initial_risk_complete"":true,""initial_severity"":""C"",""line_code"":""H"",""node_id"":""N003"",""parameter"":""组分"",""recommendation_category"":"""",""recommendation_no"":"""",""remarks"":"""",""residual_likelihood"":""5"",""residual_risk"":""M"",""residual_risk_complete"":true,""residual_severity"":""C"",""responsible_party"":"""",""serial_no"":""3.10.1"",""sil_level"":null,""sil_status"":""source_not_present"",""source_sheet"":""N003""}",H线HAZOP及SIL定级分析 HAZOP记录表.xls,HAZOP_DA_H_R_V1,1.5-hazop,1.0000,accepted
HAZOP_99fa5da29e7cc57ff8d2,RiskEventInstance,1.1.1 乌洛托品加注至硝化机流量过高,1.1.1 乌洛托品加注至硝化机流量过高,乌洛托品/硝酸比例升高，硝化机反应速率增快，副反应增加，硝化机反应温度升高，潜在爆炸风险，人员伤亡,"{""deviation"":""流量过高"",""excel_row"":4,""initial_likelihood"":""6"",""initial_risk"":""S"",""initial_risk_complete"":true,""initial_severity"":""F"",""line_code"":""R"",""node_id"":""N001"",""parameter"":""流量"",""recommendation_category"":""S"",""recommendation_no"":""#1.1"",""remarks"":""机理有待研究"",""residual_likelihood"":""4"",""residual_risk"":""H"",""residual_risk_complete"":true,""residual_severity"":""F"",""responsible_party"":"""",""serial_no"":""1.1.1"",""sil_level"":null,""sil_status"":""source_not_present"",""source_sheet"":""N001""}",R线 HAZOP分析记录表.xls,HAZOP_DA_H_R_V1,1.5-hazop,1.0000,accepted
HAZOP_9a2995153287bf21dae9,RiskEventInstance,1.6.1 硝化机温度过高,1.6.1 硝化机温度过高,硝化机反应局部温度过高，存在爆炸风险，人员伤亡,"{""deviation"":""温度过高"",""excel_row"":25,""initial_likelihood"":""6"",""initial_risk"":""S"",""initial_risk_complete"":true,""initial_severity"":""F"",""line_code"":""R"",""node_id"":""N001"",""parameter"":""温度"",""recommendation_category"":"""",""recommendation_no"":""#1.1"",""remarks"":"""",""residual_likelihood"":""3"",""residual_risk"":""H"",""residual_risk_complete"":true,""residual_severity"":""F"",""responsible_party"":"""",""serial_no"":""1.6.1"",""sil_level"":null,""sil_status"":""source_not_present"",""source_sheet"":""N001""}",R线 HAZOP分析记录表.xls,HAZOP_DA_H_R_V1,1.5-hazop,1.0000,accepted
HAZOP_9b31f169a198d6e6944a,RiskEventInstance,2.10.1 杂质,2.10.1 杂质,结晶机硝酸浓度降低，副产物氧化不完全，结晶液不安定，后续工序安全操作受影响,"{""deviation"":""杂质"",""excel_row"":15,""initial_likelihood"":"""",""initial_risk"":"""",""initial_risk_complete"":false,""initial_severity"":"""",""line_code"":""R"",""node_id"":""N002"",""parameter"":""组分"",""recommendation_category"":"""",""recommendation_no"":"""",""remarks"":""机理有待研究，副产物起始氧化的温度与酸浓度需再研究"",""residual_likelihood"":"""",""residual_risk"":"""",""residual_risk_complete"":false,""residual_severity"":"""",""responsible_party"":"""",""serial_no"":""2.10.1"",""sil_level"":null,""sil_status"":""source_not_present"",""source_sheet"":""N002""}",R线 HAZOP分析记录表.xls,HAZOP_DA_H_R_V1,1.5-hazop,1.0000,accepted
HAZOP_9ba0ffb8c2e8403a9744,RiskEventInstance,1.1.1 乌洛托品加注至硝化机流量过高,1.1.1 乌洛托品加注至硝化机流量过高,乌洛托品/硝酸比例升高，硝化机反应速率增快，副反应增加，硝化机反应温度升高，潜在爆炸风险，人员伤亡,"{""deviation"":""流量过高"",""excel_row"":5,""initial_likelihood"":""6"",""initial_risk"":""S"",""initial_risk_complete"":true,""initial_severity"":""F"",""line_code"":""R"",""node_id"":""N001"",""parameter"":""流量"",""recommendation_category"":""S"",""recommendation_no"":""#1.2"",""remarks"":"""",""residual_likelihood"":""4"",""residual_risk"":""H"",""residual_risk_complete"":true,""residual_severity"":""F"",""responsible_party"":"""",""serial_no"":""1.1.1"",""sil_level"":null,""sil_status"":""source_not_present"",""source_sheet"":""N001""}",R线 HAZOP分析记录表.xls,HAZOP_DA_H_R_V1,1.5-hazop,1.0000,accepted
HAZOP_9c76a866606c2ae6ee78,RiskEventInstance,1.1.2 合成釜中吉纳加入量过多,1.1.2 合成釜中吉纳加入量过多,吉纳溶解不完全，搅拌转速过快时，可能发生爆炸，人员伤害风险,"{""deviation"":""流量过高"",""excel_row"":5,""initial_likelihood"":""7"",""initial_risk"":""S"",""initial_risk_complete"":true,""initial_severity"":""D"",""line_code"":""DA"",""node_id"":""N001"",""parameter"":""流量"",""recommendation_category"":""O"",""recommendation_no"":""#1.1"",""remarks"":"""",""residual_likelihood"":""6"",""residual_risk"":""H"",""residual_risk_complete"":true,""residual_severity"":""D"",""responsible_party"":"""",""serial_no"":""1.1.2"",""sil_level"":null,""sil_status"":""source_not_present"",""source_sheet"":""N001""}",DA线HAZOP分析记录表.xls,HAZOP_DA_H_R_V1,1.5-hazop,1.0000,accepted
HAZOP_9cb55c4c8afc060fc893,RiskEventInstance,2.10.3 脱色后产品中杂质,2.10.3 脱色后产品中杂质,,"{""deviation"":""杂质"",""excel_row"":27,""initial_likelihood"":"""",""initial_risk"":"""",""initial_risk_complete"":false,""initial_severity"":"""",""line_code"":""DA"",""node_id"":""N002"",""parameter"":""组分"",""recommendation_category"":"""",""recommendation_no"":"""",""remarks"":"""",""residual_likelihood"":"""",""residual_risk"":"""",""residual_risk_complete"":false,""residual_severity"":"""",""responsible_party"":"""",""serial_no"":""2.10.3"",""sil_level"":null,""sil_status"":""source_not_present"",""source_sheet"":""N002""}",DA线HAZOP分析记录表.xls,HAZOP_DA_H_R_V1,1.5-hazop,1.0000,accepted
HAZOP_9d64a445059f4c6ae1c0,RiskEventInstance,1.12.1 静电,1.12.1 静电,静电事故，潜在爆炸，人员伤害风险,"{""deviation"":""静电"",""excel_row"":35,""initial_likelihood"":""6"",""initial_risk"":""H"",""initial_risk_complete"":true,""initial_severity"":""D"",""line_code"":""DA"",""node_id"":""N001"",""parameter"":""其他"",""recommendation_category"":"""",""recommendation_no"":"""",""remarks"":"""",""residual_likelihood"":""5"",""residual_risk"":""H"",""residual_risk_complete"":true,""residual_severity"":""D"",""responsible_party"":"""",""serial_no"":""1.12.1"",""sil_level"":null,""sil_status"":""source_not_present"",""source_sheet"":""N001""}",DA线HAZOP分析记录表.xls,HAZOP_DA_H_R_V1,1.5-hazop,1.0000,accepted
HAZOP_9e093be2c75cb0d7069d,RiskEventInstance,2.1.2 乌洛托品固体自乌洛托品下料器至乌醋配机流量过高,2.1.2 乌洛托品固体自乌洛托品下料器至乌醋配机流量过高,"螺旋推进器可能产生堆料，螺旋推进器电机可能过载损坏；
乌洛托品粉尘浓度增加，可能形成粉尘爆炸性环境","{""deviation"":""流量过高"",""excel_row"":6,""initial_likelihood"":""6"",""initial_risk"":""H"",""initial_risk_complete"":true,""initial_severity"":""D"",""line_code"":""H"",""node_id"":""N002"",""parameter"":""流量"",""recommendation_category"":"""",""recommendation_no"":"""",""remarks"":"""",""residual_likelihood"":""5"",""residual_risk"":""H"",""residual_risk_complete"":true,""residual_severity"":""D"",""responsible_party"":"""",""serial_no"":""2.1.2"",""sil_level"":null,""sil_status"":""source_not_present"",""source_sheet"":""N002""}",H线HAZOP及SIL定级分析 HAZOP记录表.xls,HAZOP_DA_H_R_V1,1.5-hazop,1.0000,accepted
HAZOP_9e8b975dc8ae21dd1e82,RiskEventInstance,3.2.1 1#硝化机乌醋溶液加注流量过低或无流量,3.2.1 1#硝化机乌醋溶液加注流量过低或无流量,"两类不同后果：
1#硝化机内铵硝比例增加，硝化反应速率降低，温度降低，产品得率降低；
1#硝化机内铵硝比例增加，硝化反应速率增加，放热量增加，温度急剧升高，硝化机内物料可能发生燃爆，人员伤亡，环境污染","{""deviation"":""流量过低或无流量"",""excel_row"":10,""initial_likelihood"":""6"",""initial_risk"":""S"",""initial_risk_complete"":true,""initial_severity"":""E"",""line_code"":""H"",""node_id"":""N003"",""parameter"":""流量"",""recommendation_category"":"""",""recommendation_no"":"""",""remarks"":""后果描述不明确"",""residual_likelihood"":""6"",""residual_risk"":""S"",""residual_risk_complete"":true,""residual_severity"":""E"",""responsible_party"":"""",""serial_no"":""3.2.1"",""sil_level"":null,""sil_status"":""source_not_present"",""source_sheet"":""N003""}",H线HAZOP及SIL定级分析 HAZOP记录表.xls,HAZOP_DA_H_R_V1,1.5-hazop,1.0000,accepted
HAZOP_9f9b2ca524e5ecd8ce47,RiskEventInstance,2.2.4 碱洗过程碳酸钠溶液加入量过少,2.2.4 碱洗过程碳酸钠溶液加入量过少,可能影响产品质量，产品呈酸性,"{""deviation"":""流量过低或无流量"",""excel_row"":12,""initial_likelihood"":""7"",""initial_risk"":""M"",""initial_risk_complete"":true,""initial_severity"":""B"",""line_code"":""DA"",""node_id"":""N002"",""parameter"":""流量"",""recommendation_category"":"""",""recommendation_no"":"""",""remarks"":"""",""residual_likelihood"":""7"",""residual_risk"":""M"",""residual_risk_complete"":true,""residual_severity"":""B"",""responsible_party"":"""",""serial_no"":""2.2.4"",""sil_level"":null,""sil_status"":""source_not_present"",""source_sheet"":""N002""}",DA线HAZOP分析记录表.xls,HAZOP_DA_H_R_V1,1.5-hazop,1.0000,accepted
HAZOP_9ffbcd01ce68a6dd0c10,RiskEventInstance,3.10.1 产品中二氯甲烷含量,3.10.1 产品中二氯甲烷含量,,"{""deviation"":""杂质"",""excel_row"":23,""initial_likelihood"":"""",""initial_risk"":"""",""initial_risk_complete"":false,""initial_severity"":"""",""line_code"":""DA"",""node_id"":""N003"",""parameter"":""组分"",""recommendation_category"":"""",""recommendation_no"":"""",""remarks"":"""",""residual_likelihood"":"""",""residual_risk"":"""",""residual_risk_complete"":false,""residual_severity"":"""",""responsible_party"":"""",""serial_no"":""3.10.1"",""sil_level"":null,""sil_status"":""source_not_present"",""source_sheet"":""N003""}",DA线HAZOP分析记录表.xls,HAZOP_DA_H_R_V1,1.5-hazop,1.0000,accepted
HAZOP_a1cfe185160fda43cd3f,RiskEventInstance,1.5.2 铵硝配机压力过低,1.5.2 铵硝配机压力过低,,"{""deviation"":""压力过低"",""excel_row"":18,""initial_likelihood"":"""",""initial_risk"":"""",""initial_risk_complete"":false,""initial_severity"":"""",""line_code"":""H"",""node_id"":""N001"",""parameter"":""压力"",""recommendation_category"":"""",""recommendation_no"":"""",""remarks"":"""",""residual_likelihood"":"""",""residual_risk"":"""",""residual_risk_complete"":false,""residual_severity"":"""",""responsible_party"":"""",""serial_no"":""1.5.2"",""sil_level"":null,""sil_status"":""source_not_present"",""source_sheet"":""N001""}",H线HAZOP及SIL定级分析 HAZOP记录表.xls,HAZOP_DA_H_R_V1,1.5-hazop,1.0000,accepted
HAZOP_a1fbba2988337a54730a,RiskEventInstance,2.1.3 乌洛托品固体自乌洛托品下料器至乌醋配机总量过高,2.1.3 乌洛托品固体自乌洛托品下料器至乌醋配机总量过高,乌醋液中乌洛托品浓度升高，反应速率增加，温度快速上升，乌醋配机内物料可能分解，乌醋配机内可能发生燃爆，人员伤亡，环境污染,"{""deviation"":""流量过高"",""excel_row"":7,""initial_likelihood"":""5"",""initial_risk"":""H"",""initial_risk_complete"":true,""initial_severity"":""E"",""line_code"":""H"",""node_id"":""N002"",""parameter"":""流量"",""recommendation_category"":""O"",""recommendation_no"":""#2.1"",""remarks"":"""",""residual_likelihood"":""4"",""residual_risk"":""H"",""residual_risk_complete"":true,""residual_severity"":""E"",""responsible_party"":"""",""serial_no"":""2.1.3"",""sil_level"":null,""sil_status"":""source_not_present"",""source_sheet"":""N002""}",H线HAZOP及SIL定级分析 HAZOP记录表.xls,HAZOP_DA_H_R_V1,1.5-hazop,1.0000,accepted
HAZOP_a2a07019625acb336ec2,RiskEventInstance,3.2.6 5#硝化机稀释水加注流量过低或无流量,3.2.6 5#硝化机稀释水加注流量过低或无流量,影响产品质量，无明显安全影响,"{""deviation"":""流量过低或无流量"",""excel_row"":15,""initial_likelihood"":"""",""initial_risk"":"""",""initial_risk_complete"":false,""initial_severity"":"""",""line_code"":""H"",""node_id"":""N003"",""parameter"":""流量"",""recommendation_category"":"""",""recommendation_no"":"""",""remarks"":"""",""residual_likelihood"":"""",""residual_risk"":"""",""residual_risk_complete"":false,""residual_severity"":"""",""responsible_party"":"""",""serial_no"":""3.2.6"",""sil_level"":null,""sil_status"":""source_not_present"",""source_sheet"":""N003""}",H线HAZOP及SIL定级分析 HAZOP记录表.xls,HAZOP_DA_H_R_V1,1.5-hazop,1.0000,accepted
HAZOP_a411765018e6881b2cb5,RiskEventInstance,3.1.2 进喷射器水流量过高,3.1.2 进喷射器水流量过高,,"{""deviation"":""流量过高"",""excel_row"":5,""initial_likelihood"":"""",""initial_risk"":"""",""initial_risk_complete"":false,""initial_severity"":"""",""line_code"":""DA"",""node_id"":""N003"",""parameter"":""流量"",""recommendation_category"":"""",""recommendation_no"":"""",""remarks"":"""",""residual_likelihood"":"""",""residual_risk"":"""",""residual_risk_complete"":false,""residual_severity"":"""",""responsible_party"":"""",""serial_no"":""3.1.2"",""sil_level"":null,""sil_status"":""source_not_present"",""source_sheet"":""N003""}",DA线HAZOP分析记录表.xls,HAZOP_DA_H_R_V1,1.5-hazop,1.0000,accepted
HAZOP_a419b5c3863ad2ff79f0,RiskEventInstance,3.4.2 毛细管蒸馏釜压力过高,3.4.2 毛细管蒸馏釜压力过高,毛细管蒸馏釜温度升高，压力升高，严重时可能超压泄漏,"{""deviation"":""压力过高"",""excel_row"":11,""initial_likelihood"":""7"",""initial_risk"":""S"",""initial_risk_complete"":true,""initial_severity"":""D"",""line_code"":""DA"",""node_id"":""N003"",""parameter"":""压力"",""recommendation_category"":"""",""recommendation_no"":"""",""remarks"":"""",""residual_likelihood"":""6"",""residual_risk"":""H"",""residual_risk_complete"":true,""residual_severity"":""D"",""responsible_party"":"""",""serial_no"":""3.4.2"",""sil_level"":null,""sil_status"":""source_not_present"",""source_sheet"":""N003""}",DA线HAZOP分析记录表.xls,HAZOP_DA_H_R_V1,1.5-hazop,1.0000,accepted
HAZOP_a4e1633e20683e305416,RiskEventInstance,4.17.1 混合溶剂蒸馏机蒸馏时间过长,4.17.1 混合溶剂蒸馏机蒸馏时间过长,,"{""deviation"":""时间过长"",""excel_row"":30,""initial_likelihood"":"""",""initial_risk"":"""",""initial_risk_complete"":false,""initial_severity"":"""",""line_code"":""H"",""node_id"":""N004"",""parameter"":""时间"",""recommendation_category"":"""",""recommendation_no"":"""",""remarks"":"""",""residual_likelihood"":"""",""residual_risk"":"""",""residual_risk_complete"":false,""residual_severity"":"""",""responsible_party"":"""",""serial_no"":""4.17.1"",""sil_level"":null,""sil_status"":""source_not_present"",""source_sheet"":""N004""}",H线HAZOP及SIL定级分析 HAZOP记录表.xls,HAZOP_DA_H_R_V1,1.5-hazop,1.0000,accepted
HAZOP_a6232eb4130ee05611aa,RiskEventInstance,5.3.1 逆流或错误流向,5.3.1 逆流或错误流向,,"{""deviation"":""逆流"",""excel_row"":6,""initial_likelihood"":"""",""initial_risk"":"""",""initial_risk_complete"":false,""initial_severity"":"""",""line_code"":""H"",""node_id"":""N005"",""parameter"":""流量"",""recommendation_category"":"""",""recommendation_no"":"""",""remarks"":"""",""residual_likelihood"":"""",""residual_risk"":"""",""residual_risk_complete"":false,""residual_severity"":"""",""responsible_party"":"""",""serial_no"":""5.3.1"",""sil_level"":null,""sil_status"":""source_not_present"",""source_sheet"":""N005""}",H线HAZOP及SIL定级分析 HAZOP记录表.xls,HAZOP_DA_H_R_V1,1.5-hazop,1.0000,accepted
HAZOP_a863203d3aef1b0a8f32,RiskEventInstance,3.16.1 步骤执行不足,3.16.1 步骤执行不足,"热压煮洗机液位升高，可能冒料，环境污染，人员灼伤；
热压煮洗机升温过程中，可能超压损坏，物料泄漏，人员灼伤","{""deviation"":""步骤执行不足"",""excel_row"":9,""initial_likelihood"":""5"",""initial_risk"":""M"",""initial_risk_complete"":true,""initial_severity"":""C"",""line_code"":""R"",""node_id"":""N003"",""parameter"":""操作步骤"",""recommendation_category"":"""",""recommendation_no"":"""",""remarks"":"""",""residual_likelihood"":""3"",""residual_risk"":""L"",""residual_risk_complete"":true,""residual_severity"":""C"",""responsible_party"":"""",""serial_no"":""3.16.1"",""sil_level"":null,""sil_status"":""source_not_present"",""source_sheet"":""N003""}",R线 HAZOP分析记录表.xls,HAZOP_DA_H_R_V1,1.5-hazop,1.0000,accepted
HAZOP_a94a87fe22f7b94fb22d,RiskEventInstance,1.2.3 硝酸铵固体自硝酸铵下料器至铵硝配机总量过低,1.2.3 硝酸铵固体自硝酸铵下料器至铵硝配机总量过低,铵硝液中硝酸铵浓度降低，影响产品质量，无明显安全影响,"{""deviation"":""流量过低或无流量"",""excel_row"":12,""initial_likelihood"":"""",""initial_risk"":"""",""initial_risk_complete"":false,""initial_severity"":"""",""line_code"":""H"",""node_id"":""N001"",""parameter"":""流量"",""recommendation_category"":"""",""recommendation_no"":"""",""remarks"":"""",""residual_likelihood"":"""",""residual_risk"":"""",""residual_risk_complete"":false,""residual_severity"":"""",""responsible_party"":"""",""serial_no"":""1.2.3"",""sil_level"":null,""sil_status"":""source_not_present"",""source_sheet"":""N001""}",H线HAZOP及SIL定级分析 HAZOP记录表.xls,HAZOP_DA_H_R_V1,1.5-hazop,1.0000,accepted
HAZOP_aa71265f5d0bd81556dc,RiskEventInstance,1.5.1 硝化机压力过低,1.5.1 硝化机压力过低,硝化机负压过低时，乌洛托品可能窜至硝烟回收系统，可能在硝烟回收系统设备管道内着火爆炸,"{""deviation"":""压力过低"",""excel_row"":18,""initial_likelihood"":""6"",""initial_risk"":""S"",""initial_risk_complete"":true,""initial_severity"":""E"",""line_code"":""R"",""node_id"":""N001"",""parameter"":""压力"",""recommendation_category"":"""",""recommendation_no"":"""",""remarks"":"""",""residual_likelihood"":""5"",""residual_risk"":""H"",""residual_risk_complete"":true,""residual_severity"":""E"",""responsible_party"":"""",""serial_no"":""1.5.1"",""sil_level"":null,""sil_status"":""source_not_present"",""source_sheet"":""N001""}",R线 HAZOP分析记录表.xls,HAZOP_DA_H_R_V1,1.5-hazop,1.0000,accepted
HAZOP_ac3d4395a8202bf64f29,RiskEventInstance,2.16.1 乌洛托品先于醋酸液加入乌醋配机,2.16.1 乌洛托品先于醋酸液加入乌醋配机,乌醋配机搅拌器可能弯曲变形，电机可能过载损坏,"{""deviation"":""步骤顺序错误"",""excel_row"":24,""initial_likelihood"":""5"",""initial_risk"":""M"",""initial_risk_complete"":true,""initial_severity"":""C"",""line_code"":""H"",""node_id"":""N002"",""parameter"":""操作步骤"",""recommendation_category"":"""",""recommendation_no"":"""",""remarks"":"""",""residual_likelihood"":""4"",""residual_risk"":""L"",""residual_risk_complete"":true,""residual_severity"":""C"",""responsible_party"":"""",""serial_no"":""2.16.1"",""sil_level"":null,""sil_status"":""source_not_present"",""source_sheet"":""N002""}",H线HAZOP及SIL定级分析 HAZOP记录表.xls,HAZOP_DA_H_R_V1,1.5-hazop,1.0000,accepted
HAZOP_ad548934470a22dde16a,RiskEventInstance,1.6.1 反应过程合成釜温度过高,1.6.1 反应过程合成釜温度过高,合成釜温度升高，温度过高时，吉纳分解，潜在爆炸，人员伤害风险,"{""deviation"":""温度过高"",""excel_row"":21,""initial_likelihood"":""7"",""initial_risk"":""S"",""initial_risk_complete"":true,""initial_severity"":""D"",""line_code"":""DA"",""node_id"":""N001"",""parameter"":""温度"",""recommendation_category"":""O"",""recommendation_no"":""#1.9"",""remarks"":"""",""residual_likelihood"":""6"",""residual_risk"":""H"",""residual_risk_complete"":true,""residual_severity"":""D"",""responsible_party"":"""",""serial_no"":""1.6.1"",""sil_level"":null,""sil_status"":""source_not_present"",""source_sheet"":""N001""}",DA线HAZOP分析记录表.xls,HAZOP_DA_H_R_V1,1.5-hazop,1.0000,accepted
HAZOP_aec3d6b463bdb1cd8d8d,RiskEventInstance,2.10.1 碱洗过程碱液浓度过高,2.10.1 碱洗过程碱液浓度过高,产品中残存碱液，影响后续操作,"{""deviation"":""杂质"",""excel_row"":24,""initial_likelihood"":"""",""initial_risk"":"""",""initial_risk_complete"":false,""initial_severity"":"""",""line_code"":""DA"",""node_id"":""N002"",""parameter"":""组分"",""recommendation_category"":"""",""recommendation_no"":"""",""remarks"":""产品中残存碱液影响待研究。"",""residual_likelihood"":"""",""residual_risk"":"""",""residual_risk_complete"":false,""residual_severity"":"""",""responsible_party"":"""",""serial_no"":""2.10.1"",""sil_level"":null,""sil_status"":""source_not_present"",""source_sheet"":""N002""}",DA线HAZOP分析记录表.xls,HAZOP_DA_H_R_V1,1.5-hazop,1.0000,accepted
HAZOP_af299fa797f576d6955e,RiskEventInstance,4.2.2 废水预处理池中浓硝酸加入量过少,4.2.2 废水预处理池中浓硝酸加入量过少,废水中N3-处理不完全，增大下游废水处理站负荷,"{""deviation"":""流量过低或无流量"",""excel_row"":8,""initial_likelihood"":""7"",""initial_risk"":""M"",""initial_risk_complete"":true,""initial_severity"":""B"",""line_code"":""DA"",""node_id"":""N004"",""parameter"":""流量"",""recommendation_category"":"""",""recommendation_no"":"""",""remarks"":"""",""residual_likelihood"":""7"",""residual_risk"":""M"",""residual_risk_complete"":true,""residual_severity"":""B"",""responsible_party"":"""",""serial_no"":""4.2.2"",""sil_level"":null,""sil_status"":""source_not_present"",""source_sheet"":""N004""}",DA线HAZOP分析记录表.xls,HAZOP_DA_H_R_V1,1.5-hazop,1.0000,accepted
HAZOP_af6ac868d8b92dd755c5,RiskEventInstance,3.7.1 1#硝化机温度过低,3.7.1 1#硝化机温度过低,1#硝化机温度降低，影响产品质量,"{""deviation"":""温度过低"",""excel_row"":28,""initial_likelihood"":"""",""initial_risk"":"""",""initial_risk_complete"":false,""initial_severity"":"""",""line_code"":""H"",""node_id"":""N003"",""parameter"":""温度"",""recommendation_category"":"""",""recommendation_no"":"""",""remarks"":"""",""residual_likelihood"":"""",""residual_risk"":"""",""residual_risk_complete"":false,""residual_severity"":"""",""responsible_party"":"""",""serial_no"":""3.7.1"",""sil_level"":null,""sil_status"":""source_not_present"",""source_sheet"":""N003""}",H线HAZOP及SIL定级分析 HAZOP记录表.xls,HAZOP_DA_H_R_V1,1.5-hazop,1.0000,accepted
HAZOP_b0dadc49b65a252c770b,RiskEventInstance,5.1.1 流量过高,5.1.1 流量过高,,"{""deviation"":""流量过高"",""excel_row"":4,""initial_likelihood"":"""",""initial_risk"":"""",""initial_risk_complete"":false,""initial_severity"":"""",""line_code"":""H"",""node_id"":""N005"",""parameter"":""流量"",""recommendation_category"":"""",""recommendation_no"":"""",""remarks"":"""",""residual_likelihood"":"""",""residual_risk"":"""",""residual_risk_complete"":false,""residual_severity"":"""",""responsible_party"":"""",""serial_no"":""5.1.1"",""sil_level"":null,""sil_status"":""source_not_present"",""source_sheet"":""N005""}",H线HAZOP及SIL定级分析 HAZOP记录表.xls,HAZOP_DA_H_R_V1,1.5-hazop,1.0000,accepted
HAZOP_b0fab5fae127f0184d83,RiskEventInstance,2.13.1 吹扫/放空,2.13.1 吹扫/放空,,"{""deviation"":""吹扫/放空"",""excel_row"":30,""initial_likelihood"":""6"",""initial_risk"":""L"",""initial_risk_complete"":true,""initial_severity"":""A"",""line_code"":""DA"",""node_id"":""N002"",""parameter"":""运行"",""recommendation_category"":"""",""recommendation_no"":"""",""remarks"":"""",""residual_likelihood"":""6"",""residual_risk"":""L"",""residual_risk_complete"":true,""residual_severity"":""A"",""responsible_party"":"""",""serial_no"":""2.13.1"",""sil_level"":null,""sil_status"":""source_not_present"",""source_sheet"":""N002""}",DA线HAZOP分析记录表.xls,HAZOP_DA_H_R_V1,1.5-hazop,1.0000,accepted
HAZOP_b14298ccb1d28e29ea32,RiskEventInstance,1.1.4 合成釜中叠氮化钠加入流速过快,1.1.4 合成釜中叠氮化钠加入流速过快,,"{""deviation"":""流量过高"",""excel_row"":7,""initial_likelihood"":"""",""initial_risk"":"""",""initial_risk_complete"":false,""initial_severity"":"""",""line_code"":""DA"",""node_id"":""N001"",""parameter"":""流量"",""recommendation_category"":"""",""recommendation_no"":"""",""remarks"":""叠氮化钠加料流速过快的影响待研究。"",""residual_likelihood"":"""",""residual_risk"":"""",""residual_risk_complete"":false,""residual_severity"":"""",""responsible_party"":"""",""serial_no"":""1.1.4"",""sil_level"":null,""sil_status"":""source_not_present"",""source_sheet"":""N001""}",DA线HAZOP分析记录表.xls,HAZOP_DA_H_R_V1,1.5-hazop,1.0000,accepted
HAZOP_b161c2fd083fb49338d6,RiskEventInstance,4.2.1 废水预处理池中亚硝酸钠加入量过少,4.2.1 废水预处理池中亚硝酸钠加入量过少,废水中N3-处理不完全，增大下游废水处理站负荷,"{""deviation"":""流量过低或无流量"",""excel_row"":7,""initial_likelihood"":""7"",""initial_risk"":""M"",""initial_risk_complete"":true,""initial_severity"":""B"",""line_code"":""DA"",""node_id"":""N004"",""parameter"":""流量"",""recommendation_category"":"""",""recommendation_no"":"""",""remarks"":"""",""residual_likelihood"":""7"",""residual_risk"":""M"",""residual_risk_complete"":true,""residual_severity"":""B"",""responsible_party"":"""",""serial_no"":""4.2.1"",""sil_level"":null,""sil_status"":""source_not_present"",""source_sheet"":""N004""}",DA线HAZOP分析记录表.xls,HAZOP_DA_H_R_V1,1.5-hazop,1.0000,accepted
HAZOP_b18c9e88a500f91942b5,RiskEventInstance,1.16.1 二甲基亚砜加料过程未开启搅拌,1.16.1 二甲基亚砜加料过程未开启搅拌,"升温过程，无安全影响；
加入固体物料后，未充分溶解情况下，再次开启搅拌，潜在爆炸，人员伤害风险","{""deviation"":""遗漏/缺失操作步骤"",""excel_row"":41,""initial_likelihood"":""5"",""initial_risk"":""H"",""initial_risk_complete"":true,""initial_severity"":""D"",""line_code"":""DA"",""node_id"":""N001"",""parameter"":""操作步骤"",""recommendation_category"":""S"",""recommendation_no"":""#1.17"",""remarks"":"""",""residual_likelihood"":""5"",""residual_risk"":""H"",""residual_risk_complete"":true,""residual_severity"":""D"",""responsible_party"":"""",""serial_no"":""1.16.1"",""sil_level"":null,""sil_status"":""source_not_present"",""source_sheet"":""N001""}",DA线HAZOP分析记录表.xls,HAZOP_DA_H_R_V1,1.5-hazop,1.0000,accepted
HAZOP_b2196a7b0871da424e49,RiskEventInstance,1.2.2 硝酸铵固体自硝酸铵下料器至铵硝配机流量过低,1.2.2 硝酸铵固体自硝酸铵下料器至铵硝配机流量过低,摇摆颗粒机料位升高，可能满溢至外部环境，形成粉尘爆炸性环境,"{""deviation"":""流量过低或无流量"",""excel_row"":10,""initial_likelihood"":""6"",""initial_risk"":""H"",""initial_risk_complete"":true,""initial_severity"":""D"",""line_code"":""H"",""node_id"":""N001"",""parameter"":""流量"",""recommendation_category"":"""",""recommendation_no"":"""",""remarks"":""该场景识别有争议"",""residual_likelihood"":""5"",""residual_risk"":""H"",""residual_risk_complete"":true,""residual_severity"":""D"",""responsible_party"":"""",""serial_no"":""1.2.2"",""sil_level"":null,""sil_status"":""source_not_present"",""source_sheet"":""N001""}",H线HAZOP及SIL定级分析 HAZOP记录表.xls,HAZOP_DA_H_R_V1,1.5-hazop,1.0000,accepted
HAZOP_b37433ee99f1709830d4,RiskEventInstance,3.5.2 毛细管蒸馏釜压力过低,3.5.2 毛细管蒸馏釜压力过低,毛细管蒸馏釜温度降低，压力降低，影响减压蒸馏效果，产品不合格,"{""deviation"":""压力过低"",""excel_row"":15,""initial_likelihood"":""7"",""initial_risk"":""M"",""initial_risk_complete"":true,""initial_severity"":""B"",""line_code"":""DA"",""node_id"":""N003"",""parameter"":""压力"",""recommendation_category"":"""",""recommendation_no"":"""",""remarks"":"""",""residual_likelihood"":""7"",""residual_risk"":""M"",""residual_risk_complete"":true,""residual_severity"":""B"",""responsible_party"":"""",""serial_no"":""3.5.2"",""sil_level"":null,""sil_status"":""source_not_present"",""source_sheet"":""N003""}",DA线HAZOP分析记录表.xls,HAZOP_DA_H_R_V1,1.5-hazop,1.0000,accepted
HAZOP_b3da965710389ed80db5,RiskEventInstance,1.10.1 杂质,1.10.1 杂质,空气输送硝酸铵固体物料过程中可能形成爆炸性气氛，潜在爆炸风险，人员伤亡,"{""deviation"":""杂质"",""excel_row"":26,""initial_likelihood"":""4"",""initial_risk"":""M"",""initial_risk_complete"":true,""initial_severity"":""D"",""line_code"":""H"",""node_id"":""N001"",""parameter"":""组分"",""recommendation_category"":"""",""recommendation_no"":"""",""remarks"":"""",""residual_likelihood"":""3"",""residual_risk"":""M"",""residual_risk_complete"":true,""residual_severity"":""D"",""responsible_party"":"""",""serial_no"":""1.10.1"",""sil_level"":null,""sil_status"":""source_not_present"",""source_sheet"":""N001""}",H线HAZOP及SIL定级分析 HAZOP记录表.xls,HAZOP_DA_H_R_V1,1.5-hazop,1.0000,accepted
HAZOP_b6726c497a9cd86f1238,RiskEventInstance,4.7.3 混合溶剂蒸馏机温度过低,4.7.3 混合溶剂蒸馏机温度过低,蒸馏机升温速度过慢，延长蒸馏工序操作时间，无明显安全影响,"{""deviation"":""温度过低"",""excel_row"":19,""initial_likelihood"":""6"",""initial_risk"":""L"",""initial_risk_complete"":true,""initial_severity"":""A"",""line_code"":""H"",""node_id"":""N004"",""parameter"":""温度"",""recommendation_category"":"""",""recommendation_no"":"""",""remarks"":"""",""residual_likelihood"":""4"",""residual_risk"":""L"",""residual_risk_complete"":true,""residual_severity"":""A"",""responsible_party"":"""",""serial_no"":""4.7.3"",""sil_level"":null,""sil_status"":""source_not_present"",""source_sheet"":""N004""}",H线HAZOP及SIL定级分析 HAZOP记录表.xls,HAZOP_DA_H_R_V1,1.5-hazop,1.0000,accepted
HAZOP_b8afdbb5508864e38c82,RiskEventInstance,3.16.1 步骤执行不足,3.16.1 步骤执行不足,热压煮洗机液位降低，无法淹没蛇管，升温过程中，蛇管附着的RDX可能分解爆炸,"{""deviation"":""步骤执行不足"",""excel_row"":10,""initial_likelihood"":""5"",""initial_risk"":""H"",""initial_risk_complete"":true,""initial_severity"":""E"",""line_code"":""R"",""node_id"":""N003"",""parameter"":""操作步骤"",""recommendation_category"":"""",""recommendation_no"":"""",""remarks"":""RDX在不同浓度下，爆炸时温度机理研究"",""residual_likelihood"":""4"",""residual_risk"":""H"",""residual_risk_complete"":true,""residual_severity"":""E"",""responsible_party"":"""",""serial_no"":""3.16.1"",""sil_level"":null,""sil_status"":""source_not_present"",""source_sheet"":""N003""}",R线 HAZOP分析记录表.xls,HAZOP_DA_H_R_V1,1.5-hazop,1.0000,accepted
HAZOP_b9d839259a531d8768e0,RiskEventInstance,3.6.1 1#硝化机温度过高,3.6.1 1#硝化机温度过高,,"{""deviation"":""温度过高"",""excel_row"":23,""initial_likelihood"":"""",""initial_risk"":"""",""initial_risk_complete"":false,""initial_severity"":"""",""line_code"":""H"",""node_id"":""N003"",""parameter"":""温度"",""recommendation_category"":"""",""recommendation_no"":"""",""remarks"":"""",""residual_likelihood"":"""",""residual_risk"":"""",""residual_risk_complete"":false,""residual_severity"":"""",""responsible_party"":"""",""serial_no"":""3.6.1"",""sil_level"":null,""sil_status"":""source_not_present"",""source_sheet"":""N003""}",H线HAZOP及SIL定级分析 HAZOP记录表.xls,HAZOP_DA_H_R_V1,1.5-hazop,1.0000,accepted
HAZOP_b9f210984d1ffc25153b,RiskEventInstance,1.6.2 硝铵机温度过高,1.6.2 硝铵机温度过高,铵硝配机内溶液热量积聚，温度升高，可能依次达到硝酸、硝酸铵分解温度，潜在爆炸风险,"{""deviation"":""温度过高"",""excel_row"":22,""initial_likelihood"":""5"",""initial_risk"":""H"",""initial_risk_complete"":true,""initial_severity"":""D"",""line_code"":""H"",""node_id"":""N001"",""parameter"":""温度"",""recommendation_category"":"""",""recommendation_no"":"""",""remarks"":""后果描述不明确"",""residual_likelihood"":""3"",""residual_risk"":""M"",""residual_risk_complete"":true,""residual_severity"":""D"",""responsible_party"":"""",""serial_no"":""1.6.2"",""sil_level"":null,""sil_status"":""source_not_present"",""source_sheet"":""N001""}",H线HAZOP及SIL定级分析 HAZOP记录表.xls,HAZOP_DA_H_R_V1,1.5-hazop,1.0000,accepted
HAZOP_bbf08d1c3e73d4b6ab34,RiskEventInstance,1.4.1 硝化机压力过高,1.4.1 硝化机压力过高,硝化机压力升高，可能正压，氧化氮气体窜至外部环境，人员可能中毒窒息伤亡,"{""deviation"":""压力过高"",""excel_row"":14,""initial_likelihood"":""6"",""initial_risk"":""S"",""initial_risk_complete"":true,""initial_severity"":""F"",""line_code"":""R"",""node_id"":""N001"",""parameter"":""压力"",""recommendation_category"":"""",""recommendation_no"":""#1.3"",""remarks"":"""",""residual_likelihood"":""5"",""residual_risk"":""S"",""residual_risk_complete"":true,""residual_severity"":""F"",""responsible_party"":"""",""serial_no"":""1.4.1"",""sil_level"":null,""sil_status"":""source_not_present"",""source_sheet"":""N001""}",R线 HAZOP分析记录表.xls,HAZOP_DA_H_R_V1,1.5-hazop,1.0000,accepted
HAZOP_bc001541bd07e2534ce6,RiskEventInstance,1.7.1 反应过程合成釜温度过低,1.7.1 反应过程合成釜温度过低,合成釜温度降低，温度过低时，吉纳结晶析出，搅拌转速过快时，潜在爆炸，人员伤害风险,"{""deviation"":""温度过低"",""excel_row"":24,""initial_likelihood"":""7"",""initial_risk"":""S"",""initial_risk_complete"":true,""initial_severity"":""D"",""line_code"":""DA"",""node_id"":""N001"",""parameter"":""温度"",""recommendation_category"":""S"",""recommendation_no"":""#1.11"",""remarks"":"""",""residual_likelihood"":""7"",""residual_risk"":""S"",""residual_risk_complete"":true,""residual_severity"":""D"",""responsible_party"":"""",""serial_no"":""1.7.1"",""sil_level"":null,""sil_status"":""source_not_present"",""source_sheet"":""N001""}",DA线HAZOP分析记录表.xls,HAZOP_DA_H_R_V1,1.5-hazop,1.0000,accepted
HAZOP_bca970b32f773dfc6d7f,RiskEventInstance,3.7.2 毛细管蒸馏釜温度过低,3.7.2 毛细管蒸馏釜温度过低,,"{""deviation"":""温度过低"",""excel_row"":20,""initial_likelihood"":"""",""initial_risk"":"""",""initial_risk_complete"":false,""initial_severity"":"""",""line_code"":""DA"",""node_id"":""N003"",""parameter"":""温度"",""recommendation_category"":"""",""recommendation_no"":"""",""remarks"":"""",""residual_likelihood"":"""",""residual_risk"":"""",""residual_risk_complete"":false,""residual_severity"":"""",""responsible_party"":"""",""serial_no"":""3.7.2"",""sil_level"":null,""sil_status"":""source_not_present"",""source_sheet"":""N003""}",DA线HAZOP分析记录表.xls,HAZOP_DA_H_R_V1,1.5-hazop,1.0000,accepted
HAZOP_bef9c79d9e93d91938c6,RiskEventInstance,3.5.1 1#硝化机压力过低,3.5.1 1#硝化机压力过低,,"{""deviation"":""压力过低"",""excel_row"":19,""initial_likelihood"":"""",""initial_risk"":"""",""initial_risk_complete"":false,""initial_severity"":"""",""line_code"":""H"",""node_id"":""N003"",""parameter"":""压力"",""recommendation_category"":"""",""recommendation_no"":"""",""remarks"":"""",""residual_likelihood"":"""",""residual_risk"":"""",""residual_risk_complete"":false,""residual_severity"":"""",""responsible_party"":"""",""serial_no"":""3.5.1"",""sil_level"":null,""sil_status"":""source_not_present"",""source_sheet"":""N003""}",H线HAZOP及SIL定级分析 HAZOP记录表.xls,HAZOP_DA_H_R_V1,1.5-hazop,1.0000,accepted
HAZOP_bf36a456d345c904c6ee,RiskEventInstance,2.10.2 硝化工序来硝化液中副产物过高,2.10.2 硝化工序来硝化液中副产物过高,副产物氧化速率过快，结晶机温度升高，发生冒料，人员中毒灼伤,"{""deviation"":""杂质"",""excel_row"":16,""initial_likelihood"":""6"",""initial_risk"":""M"",""initial_risk_complete"":true,""initial_severity"":""C"",""line_code"":""R"",""node_id"":""N002"",""parameter"":""组分"",""recommendation_category"":"""",""recommendation_no"":"""",""remarks"":"""",""residual_likelihood"":""5"",""residual_risk"":""M"",""residual_risk_complete"":true,""residual_severity"":""C"",""responsible_party"":"""",""serial_no"":""2.10.2"",""sil_level"":null,""sil_status"":""source_not_present"",""source_sheet"":""N002""}",R线 HAZOP分析记录表.xls,HAZOP_DA_H_R_V1,1.5-hazop,1.0000,accepted
HAZOP_c0adf59a69c924d33905,RiskEventInstance,3.14.1 吹扫/放空,3.14.1 吹扫/放空,,"{""deviation"":""吹扫/放空"",""excel_row"":28,""initial_likelihood"":""6"",""initial_risk"":""L"",""initial_risk_complete"":true,""initial_severity"":""A"",""line_code"":""DA"",""node_id"":""N003"",""parameter"":""运行"",""recommendation_category"":"""",""recommendation_no"":"""",""remarks"":"""",""residual_likelihood"":""6"",""residual_risk"":""L"",""residual_risk_complete"":true,""residual_severity"":""A"",""responsible_party"":"""",""serial_no"":""3.14.1"",""sil_level"":null,""sil_status"":""source_not_present"",""source_sheet"":""N003""}",DA线HAZOP分析记录表.xls,HAZOP_DA_H_R_V1,1.5-hazop,1.0000,accepted
HAZOP_c12615781ae580411ac1,RiskEventInstance,4.1.1 废水预处理池中亚硝酸钠加入量过多,4.1.1 废水预处理池中亚硝酸钠加入量过多,溶液消耗量增大，无安全及操作影响（正常亚硝酸钠为过量加入）,"{""deviation"":""流量过高"",""excel_row"":4,""initial_likelihood"":""7"",""initial_risk"":""M"",""initial_risk_complete"":true,""initial_severity"":""A"",""line_code"":""DA"",""node_id"":""N004"",""parameter"":""流量"",""recommendation_category"":"""",""recommendation_no"":"""",""remarks"":"""",""residual_likelihood"":""7"",""residual_risk"":""M"",""residual_risk_complete"":true,""residual_severity"":""A"",""responsible_party"":"""",""serial_no"":""4.1.1"",""sil_level"":null,""sil_status"":""source_not_present"",""source_sheet"":""N004""}",DA线HAZOP分析记录表.xls,HAZOP_DA_H_R_V1,1.5-hazop,1.0000,accepted
HAZOP_c286dbdd440ba4ca05b1,RiskEventInstance,1.6.2 成熟机温度过高,1.6.2 成熟机温度过高,成熟机反应局部温度过高，存在爆炸风险，人员伤亡,"{""deviation"":""温度过高"",""excel_row"":28,""initial_likelihood"":""6"",""initial_risk"":""S"",""initial_risk_complete"":true,""initial_severity"":""F"",""line_code"":""R"",""node_id"":""N001"",""parameter"":""温度"",""recommendation_category"":"""",""recommendation_no"":""#1.4"",""remarks"":"""",""residual_likelihood"":""3"",""residual_risk"":""H"",""residual_risk_complete"":true,""residual_severity"":""F"",""responsible_party"":"""",""serial_no"":""1.6.2"",""sil_level"":null,""sil_status"":""source_not_present"",""source_sheet"":""N001""}",R线 HAZOP分析记录表.xls,HAZOP_DA_H_R_V1,1.5-hazop,1.0000,accepted
HAZOP_c2ee3ec4317e66f4a5a0,RiskEventInstance,3.6.1 1#硝化机温度过高,3.6.1 1#硝化机温度过高,1#硝化机温度升高，硝化反应速率增加，硝化机内物料可能分解，1#硝化机内可能发生燃爆，人员伤亡，环境污染,"{""deviation"":""温度过高"",""excel_row"":22,""initial_likelihood"":""6"",""initial_risk"":""S"",""initial_risk_complete"":true,""initial_severity"":""E"",""line_code"":""H"",""node_id"":""N003"",""parameter"":""温度"",""recommendation_category"":"""",""recommendation_no"":"""",""remarks"":"""",""residual_likelihood"":""4"",""residual_risk"":""H"",""residual_risk_complete"":true,""residual_severity"":""E"",""responsible_party"":"""",""serial_no"":""3.6.1"",""sil_level"":null,""sil_status"":""source_not_present"",""source_sheet"":""N003""}",H线HAZOP及SIL定级分析 HAZOP记录表.xls,HAZOP_DA_H_R_V1,1.5-hazop,1.0000,accepted
HAZOP_c32552c1812a6757e481,RiskEventInstance,2.10.2 碱洗过程碱液浓度过低,2.10.2 碱洗过程碱液浓度过低,影响碱洗效果，产品质量不合格，产品呈酸性,"{""deviation"":""杂质"",""excel_row"":25,""initial_likelihood"":""7"",""initial_risk"":""M"",""initial_risk_complete"":true,""initial_severity"":""B"",""line_code"":""DA"",""node_id"":""N002"",""parameter"":""组分"",""recommendation_category"":"""",""recommendation_no"":"""",""remarks"":"""",""residual_likelihood"":""7"",""residual_risk"":""M"",""residual_risk_complete"":true,""residual_severity"":""B"",""responsible_party"":"""",""serial_no"":""2.10.2"",""sil_level"":null,""sil_status"":""source_not_present"",""source_sheet"":""N002""}",DA线HAZOP分析记录表.xls,HAZOP_DA_H_R_V1,1.5-hazop,1.0000,accepted
HAZOP_c35f56598d884de6e93d,RiskEventInstance,4.6.1 粗品HMX转晶机温度过高,4.6.1 粗品HMX转晶机温度过高,"转晶机内温度升高，溶剂大量挥发，泄漏至外部环境，可能形成爆炸性气氛；
长时间操作，转晶机可能蒸干，底部物料可能燃爆","{""deviation"":""温度过高"",""excel_row"":14,""initial_likelihood"":""6"",""initial_risk"":""H"",""initial_risk_complete"":true,""initial_severity"":""D"",""line_code"":""H"",""node_id"":""N004"",""parameter"":""温度"",""recommendation_category"":"""",""recommendation_no"":"""",""remarks"":"""",""residual_likelihood"":""4"",""residual_risk"":""M"",""residual_risk_complete"":true,""residual_severity"":""D"",""responsible_party"":"""",""serial_no"":""4.6.1"",""sil_level"":null,""sil_status"":""source_not_present"",""source_sheet"":""N004""}",H线HAZOP及SIL定级分析 HAZOP记录表.xls,HAZOP_DA_H_R_V1,1.5-hazop,1.0000,accepted
HAZOP_c360d2163c2598b78502,RiskEventInstance,2.3.1 有机相与废水放料错误,2.3.1 有机相与废水放料错误,有机相放料至废水收集槽，产品损失,"{""deviation"":""逆流"",""excel_row"":14,""initial_likelihood"":""8"",""initial_risk"":""H"",""initial_risk_complete"":true,""initial_severity"":""B"",""line_code"":""DA"",""node_id"":""N002"",""parameter"":""流量"",""recommendation_category"":""O"",""recommendation_no"":""#2.3"",""remarks"":"""",""residual_likelihood"":""8"",""residual_risk"":""H"",""residual_risk_complete"":true,""residual_severity"":""B"",""responsible_party"":"""",""serial_no"":""2.3.1"",""sil_level"":null,""sil_status"":""source_not_present"",""source_sheet"":""N002""}",DA线HAZOP分析记录表.xls,HAZOP_DA_H_R_V1,1.5-hazop,1.0000,accepted
HAZOP_c5b8b367b687efb02897,RiskEventInstance,3.3.1 逆流或错误流向,3.3.1 逆流或错误流向,循环水窜至1#硝化机内，局部放热量增加，DPT发生水解，副反应增加，产品得率下降,"{""deviation"":""逆流"",""excel_row"":16,""initial_likelihood"":""5"",""initial_risk"":""M"",""initial_risk_complete"":true,""initial_severity"":""C"",""line_code"":""H"",""node_id"":""N003"",""parameter"":""流量"",""recommendation_category"":"""",""recommendation_no"":"""",""remarks"":"""",""residual_likelihood"":""5"",""residual_risk"":""M"",""residual_risk_complete"":true,""residual_severity"":""C"",""responsible_party"":"""",""serial_no"":""3.3.1"",""sil_level"":null,""sil_status"":""source_not_present"",""source_sheet"":""N003""}",H线HAZOP及SIL定级分析 HAZOP记录表.xls,HAZOP_DA_H_R_V1,1.5-hazop,1.0000,accepted
HAZOP_c64bf2b624d76c19712a,RiskEventInstance,4.10.1 杂质,4.10.1 杂质,影响产品质量，母液中杂质比例变化，可能影响溶剂回收操作,"{""deviation"":""杂质"",""excel_row"":22,""initial_likelihood"":"""",""initial_risk"":"""",""initial_risk_complete"":false,""initial_severity"":"""",""line_code"":""H"",""node_id"":""N004"",""parameter"":""组分"",""recommendation_category"":"""",""recommendation_no"":"""",""remarks"":"""",""residual_likelihood"":"""",""residual_risk"":"""",""residual_risk_complete"":false,""residual_severity"":"""",""responsible_party"":"""",""serial_no"":""4.10.1"",""sil_level"":null,""sil_status"":""source_not_present"",""source_sheet"":""N004""}",H线HAZOP及SIL定级分析 HAZOP记录表.xls,HAZOP_DA_H_R_V1,1.5-hazop,1.0000,accepted
HAZOP_c9303a791e0de77b7e76,RiskEventInstance,1.3.1 逆流或错误流向,1.3.1 逆流或错误流向,循环水窜至铵硝配机内，局部放热量增加，局部温升过快，可能依次达到硝酸、硝酸铵分解温度，潜在爆炸风险,"{""deviation"":""逆流"",""excel_row"":14,""initial_likelihood"":""5"",""initial_risk"":""H"",""initial_risk_complete"":true,""initial_severity"":""D"",""line_code"":""H"",""node_id"":""N001"",""parameter"":""流量"",""recommendation_category"":"""",""recommendation_no"":"""",""remarks"":""后果描述不明确"",""residual_likelihood"":""4"",""residual_risk"":""M"",""residual_risk_complete"":true,""residual_severity"":""D"",""responsible_party"":"""",""serial_no"":""1.3.1"",""sil_level"":null,""sil_status"":""source_not_present"",""source_sheet"":""N001""}",H线HAZOP及SIL定级分析 HAZOP记录表.xls,HAZOP_DA_H_R_V1,1.5-hazop,1.0000,accepted
HAZOP_c9ff9dc31a02dc77c099,RiskEventInstance,1.2.2 硝酸加注至硝化机流量过低或无流量,1.2.2 硝酸加注至硝化机流量过低或无流量,乌洛托品/硝酸比例升高，硝化机反应不完全，副反应增加，产物稳定性下降，硝化液浑浊，可能喷料,"{""deviation"":""流量过低或无流量"",""excel_row"":10,""initial_likelihood"":""6"",""initial_risk"":""M"",""initial_risk_complete"":true,""initial_severity"":""C"",""line_code"":""R"",""node_id"":""N001"",""parameter"":""流量"",""recommendation_category"":"""",""recommendation_no"":"""",""remarks"":""机理有待研究，硝化液浑浊时，是否可能喷料"",""residual_likelihood"":""6"",""residual_risk"":""M"",""residual_risk_complete"":true,""residual_severity"":""C"",""responsible_party"":"""",""serial_no"":""1.2.2"",""sil_level"":null,""sil_status"":""source_not_present"",""source_sheet"":""N001""}",R线 HAZOP分析记录表.xls,HAZOP_DA_H_R_V1,1.5-hazop,1.0000,accepted
HAZOP_cb748cd6916fe4f0f877,RiskEventInstance,3.2.1 常压蒸馏塔进料流量过低或无流量,3.2.1 常压蒸馏塔进料流量过低或无流量,延长蒸馏时间，严重时影响下一批次物料蒸馏处理,"{""deviation"":""流量过低或无流量"",""excel_row"":6,""initial_likelihood"":""7"",""initial_risk"":""M"",""initial_risk_complete"":true,""initial_severity"":""B"",""line_code"":""DA"",""node_id"":""N003"",""parameter"":""流量"",""recommendation_category"":"""",""recommendation_no"":"""",""remarks"":"""",""residual_likelihood"":""7"",""residual_risk"":""M"",""residual_risk_complete"":true,""residual_severity"":""B"",""responsible_party"":"""",""serial_no"":""3.2.1"",""sil_level"":null,""sil_status"":""source_not_present"",""source_sheet"":""N003""}",DA线HAZOP分析记录表.xls,HAZOP_DA_H_R_V1,1.5-hazop,1.0000,accepted
HAZOP_cc45c048630e9a7301a1,RiskEventInstance,3.4.1 热压煮洗机压力过高,3.4.1 热压煮洗机压力过高,热压煮洗机温度过高，RDX可能分解爆炸,"{""deviation"":""压力过高"",""excel_row"":4,""initial_likelihood"":""5"",""initial_risk"":""H"",""initial_risk_complete"":true,""initial_severity"":""E"",""line_code"":""R"",""node_id"":""N003"",""parameter"":""压力"",""recommendation_category"":""S"",""recommendation_no"":""#3.1"",""remarks"":""RDX在不同浓度下，爆炸时温度机理研究"",""residual_likelihood"":""5"",""residual_risk"":""H"",""residual_risk_complete"":true,""residual_severity"":""E"",""responsible_party"":"""",""serial_no"":""3.4.1"",""sil_level"":null,""sil_status"":""source_not_present"",""source_sheet"":""N003""}",R线 HAZOP分析记录表.xls,HAZOP_DA_H_R_V1,1.5-hazop,1.0000,accepted
HAZOP_ccb4f72e399f49366145,RiskEventInstance,2.1.1 乌洛托品固体风送至乌洛托品下料器流量过高,2.1.1 乌洛托品固体风送至乌洛托品下料器流量过高,,"{""deviation"":""流量过高"",""excel_row"":4,""initial_likelihood"":"""",""initial_risk"":"""",""initial_risk_complete"":false,""initial_severity"":"""",""line_code"":""H"",""node_id"":""N002"",""parameter"":""流量"",""recommendation_category"":"""",""recommendation_no"":"""",""remarks"":"""",""residual_likelihood"":"""",""residual_risk"":"""",""residual_risk_complete"":false,""residual_severity"":"""",""responsible_party"":"""",""serial_no"":""2.1.1"",""sil_level"":null,""sil_status"":""source_not_present"",""source_sheet"":""N002""}",H线HAZOP及SIL定级分析 HAZOP记录表.xls,HAZOP_DA_H_R_V1,1.5-hazop,1.0000,accepted
HAZOP_cd56c2471b09c60ba99c,RiskEventInstance,3.12.1 静电,3.12.1 静电,静电放电，潜在爆炸，人员伤害风险,"{""deviation"":""静电"",""excel_row"":26,""initial_likelihood"":""6"",""initial_risk"":""H"",""initial_risk_complete"":true,""initial_severity"":""D"",""line_code"":""DA"",""node_id"":""N003"",""parameter"":""其他"",""recommendation_category"":"""",""recommendation_no"":"""",""remarks"":"""",""residual_likelihood"":""6"",""residual_risk"":""H"",""residual_risk_complete"":true,""residual_severity"":""D"",""responsible_party"":"""",""serial_no"":""3.12.1"",""sil_level"":null,""sil_status"":""source_not_present"",""source_sheet"":""N003""}",DA线HAZOP分析记录表.xls,HAZOP_DA_H_R_V1,1.5-hazop,1.0000,accepted
HAZOP_cd8c7e52d8752cff64ae,RiskEventInstance,4.1.3 废水预处理池中碳酸钠加入量过多,4.1.3 废水预处理池中碳酸钠加入量过多,废水PH值升高，直接排入下游废水处理站，可能导致下游菌种杀死,"{""deviation"":""流量过高"",""excel_row"":6,""initial_likelihood"":""7"",""initial_risk"":""M"",""initial_risk_complete"":true,""initial_severity"":""B"",""line_code"":""DA"",""node_id"":""N004"",""parameter"":""流量"",""recommendation_category"":"""",""recommendation_no"":"""",""remarks"":"""",""residual_likelihood"":""7"",""residual_risk"":""M"",""residual_risk_complete"":true,""residual_severity"":""B"",""responsible_party"":"""",""serial_no"":""4.1.3"",""sil_level"":null,""sil_status"":""source_not_present"",""source_sheet"":""N004""}",DA线HAZOP分析记录表.xls,HAZOP_DA_H_R_V1,1.5-hazop,1.0000,accepted
HAZOP_ce69b2f0750199928237,RiskEventInstance,3.1.1 常压蒸馏塔进料流量过高,3.1.1 常压蒸馏塔进料流量过高,常压蒸馏塔蒸馏效果差，下游毛细管蒸馏釜负荷增大，严重时产品不合格,"{""deviation"":""流量过高"",""excel_row"":4,""initial_likelihood"":""7"",""initial_risk"":""M"",""initial_risk_complete"":true,""initial_severity"":""B"",""line_code"":""DA"",""node_id"":""N003"",""parameter"":""流量"",""recommendation_category"":"""",""recommendation_no"":"""",""remarks"":"""",""residual_likelihood"":""7"",""residual_risk"":""M"",""residual_risk_complete"":true,""residual_severity"":""B"",""responsible_party"":"""",""serial_no"":""3.1.1"",""sil_level"":null,""sil_status"":""source_not_present"",""source_sheet"":""N003""}",DA线HAZOP分析记录表.xls,HAZOP_DA_H_R_V1,1.5-hazop,1.0000,accepted
HAZOP_cffd6eb78588d35d06c9,RiskEventInstance,4.11.1 腐蚀/冲蚀,4.11.1 腐蚀/冲蚀,冷凝器管程堵塞，蒸馏机压力升高，物料泄漏至外部环境，潜在爆炸风险，人员伤亡,"{""deviation"":""腐蚀/冲蚀"",""excel_row"":23,""initial_likelihood"":""5"",""initial_risk"":""H"",""initial_risk_complete"":true,""initial_severity"":""D"",""line_code"":""H"",""node_id"":""N004"",""parameter"":""腐蚀/冲蚀"",""recommendation_category"":"""",""recommendation_no"":"""",""remarks"":"""",""residual_likelihood"":""3"",""residual_risk"":""M"",""residual_risk_complete"":true,""residual_severity"":""D"",""responsible_party"":"""",""serial_no"":""4.11.1"",""sil_level"":null,""sil_status"":""source_not_present"",""source_sheet"":""N004""}",H线HAZOP及SIL定级分析 HAZOP记录表.xls,HAZOP_DA_H_R_V1,1.5-hazop,1.0000,accepted
HAZOP_d041b6496c7556bc7bd6,RiskEventInstance,3.1.1 1#硝化机乌醋溶液加注流量过高,3.1.1 1#硝化机乌醋溶液加注流量过高,3#硝化机副反应增加，DPT生成量增加，产品得率下降，下游水解硝化机反应可能加剧，温度升高，5#硝化机内可能发生燃爆，人员伤亡，环境污染,"{""deviation"":""流量过高"",""excel_row"":4,""initial_likelihood"":""6"",""initial_risk"":""S"",""initial_risk_complete"":true,""initial_severity"":""E"",""line_code"":""H"",""node_id"":""N003"",""parameter"":""流量"",""recommendation_category"":""S"",""recommendation_no"":""#3.1"",""remarks"":""1.描述不明确；\n2.确定铵硝与乌醋进料比例拐点"",""residual_likelihood"":""5"",""residual_risk"":""H"",""residual_risk_complete"":true,""residual_severity"":""E"",""responsible_party"":"""",""serial_no"":""3.1.1"",""sil_level"":null,""sil_status"":""source_not_present"",""source_sheet"":""N003""}",H线HAZOP及SIL定级分析 HAZOP记录表.xls,HAZOP_DA_H_R_V1,1.5-hazop,1.0000,accepted
HAZOP_d0feb21e00e202f1bf40,RiskEventInstance,1.7.1 硝酸铵输送空气出换热器温度过低,1.7.1 硝酸铵输送空气出换热器温度过低,输送空气出换热器温度降低，硝酸铵中水可能析出，引起硝酸铵结块堵塞设备管线，影响硝酸铵输送,"{""deviation"":""温度过低"",""excel_row"":23,""initial_likelihood"":""6"",""initial_risk"":""M"",""initial_risk_complete"":true,""initial_severity"":""C"",""line_code"":""H"",""node_id"":""N001"",""parameter"":""温度"",""recommendation_category"":"""",""recommendation_no"":"""",""remarks"":"""",""residual_likelihood"":""6"",""residual_risk"":""M"",""residual_risk_complete"":true,""residual_severity"":""C"",""responsible_party"":"""",""serial_no"":""1.7.1"",""sil_level"":null,""sil_status"":""source_not_present"",""source_sheet"":""N001""}",H线HAZOP及SIL定级分析 HAZOP记录表.xls,HAZOP_DA_H_R_V1,1.5-hazop,1.0000,accepted
HAZOP_d12d578b708acc9bc57e,RiskEventInstance,1.16.1 二甲基亚砜加料过程未开启搅拌,1.16.1 二甲基亚砜加料过程未开启搅拌,"升温过程，无安全影响；
加入固体物料后，未充分溶解情况下，再次开启搅拌，潜在爆炸，人员伤害风险","{""deviation"":""遗漏/缺失操作步骤"",""excel_row"":40,""initial_likelihood"":""5"",""initial_risk"":""H"",""initial_risk_complete"":true,""initial_severity"":""D"",""line_code"":""DA"",""node_id"":""N001"",""parameter"":""操作步骤"",""recommendation_category"":""S"",""recommendation_no"":""#1.16"",""remarks"":"""",""residual_likelihood"":""5"",""residual_risk"":""H"",""residual_risk_complete"":true,""residual_severity"":""D"",""responsible_party"":"""",""serial_no"":""1.16.1"",""sil_level"":null,""sil_status"":""source_not_present"",""source_sheet"":""N001""}",DA线HAZOP分析记录表.xls,HAZOP_DA_H_R_V1,1.5-hazop,1.0000,accepted
HAZOP_d25abe50e927913c8011,RiskEventInstance,3.6.2 3#硝化机温度过高,3.6.2 3#硝化机温度过高,,"{""deviation"":""温度过高"",""excel_row"":26,""initial_likelihood"":"""",""initial_risk"":"""",""initial_risk_complete"":false,""initial_severity"":"""",""line_code"":""H"",""node_id"":""N003"",""parameter"":""温度"",""recommendation_category"":"""",""recommendation_no"":"""",""remarks"":"""",""residual_likelihood"":"""",""residual_risk"":"""",""residual_risk_complete"":false,""residual_severity"":"""",""responsible_party"":"""",""serial_no"":""3.6.2"",""sil_level"":null,""sil_status"":""source_not_present"",""source_sheet"":""N003""}",H线HAZOP及SIL定级分析 HAZOP记录表.xls,HAZOP_DA_H_R_V1,1.5-hazop,1.0000,accepted
HAZOP_d6a167d7a4aa576df5c1,RiskEventInstance,1.2.2 合成釜中吉纳加入量过少,1.2.2 合成釜中吉纳加入量过少,影响产品得率，无安全影响,"{""deviation"":""流量过低或无流量"",""excel_row"":11,""initial_likelihood"":""7"",""initial_risk"":""M"",""initial_risk_complete"":true,""initial_severity"":""A"",""line_code"":""DA"",""node_id"":""N001"",""parameter"":""流量"",""recommendation_category"":"""",""recommendation_no"":"""",""remarks"":"""",""residual_likelihood"":""6"",""residual_risk"":""L"",""residual_risk_complete"":true,""residual_severity"":""A"",""responsible_party"":"""",""serial_no"":""1.2.2"",""sil_level"":null,""sil_status"":""source_not_present"",""source_sheet"":""N001""}",DA线HAZOP分析记录表.xls,HAZOP_DA_H_R_V1,1.5-hazop,1.0000,accepted
HAZOP_d9d304d8cce4fbf33618,RiskEventInstance,5.13.1 吹扫/放空,5.13.1 吹扫/放空,,"{""deviation"":""吹扫/放空"",""excel_row"":20,""initial_likelihood"":"""",""initial_risk"":"""",""initial_risk_complete"":false,""initial_severity"":"""",""line_code"":""H"",""node_id"":""N005"",""parameter"":""运行"",""recommendation_category"":"""",""recommendation_no"":"""",""remarks"":"""",""residual_likelihood"":"""",""residual_risk"":"""",""residual_risk_complete"":false,""residual_severity"":"""",""responsible_party"":"""",""serial_no"":""5.13.1"",""sil_level"":null,""sil_status"":""source_not_present"",""source_sheet"":""N005""}",H线HAZOP及SIL定级分析 HAZOP记录表.xls,HAZOP_DA_H_R_V1,1.5-hazop,1.0000,accepted
HAZOP_dc7e20798ef9656eafca,RiskEventInstance,5.8.1 分离釜液位过高,5.8.1 分离釜液位过高,"分离塔进料温度降低，分离釜温度降低，液位升高，分离釜分离效果变差；
分离釜换热管束区域局部温度升高，潜在爆炸风险","{""deviation"":""液位过高"",""excel_row"":14,""initial_likelihood"":""6"",""initial_risk"":""H"",""initial_risk_complete"":true,""initial_severity"":""D"",""line_code"":""H"",""node_id"":""N005"",""parameter"":""液位"",""recommendation_category"":"""",""recommendation_no"":""#5.1"",""remarks"":"""",""residual_likelihood"":""5"",""residual_risk"":""H"",""residual_risk_complete"":true,""residual_severity"":""D"",""responsible_party"":"""",""serial_no"":""5.8.1"",""sil_level"":null,""sil_status"":""source_not_present"",""source_sheet"":""N005""}",H线HAZOP及SIL定级分析 HAZOP记录表.xls,HAZOP_DA_H_R_V1,1.5-hazop,1.0000,accepted
HAZOP_dcce0e96d5d9a0187d06,RiskEventInstance,3.4.1 常压蒸馏塔压力过高,3.4.1 常压蒸馏塔压力过高,常压蒸馏塔压力升高，严重时可能超压泄漏,"{""deviation"":""压力过高"",""excel_row"":10,""initial_likelihood"":""7"",""initial_risk"":""S"",""initial_risk_complete"":true,""initial_severity"":""D"",""line_code"":""DA"",""node_id"":""N003"",""parameter"":""压力"",""recommendation_category"":"""",""recommendation_no"":"""",""remarks"":"""",""residual_likelihood"":""6"",""residual_risk"":""H"",""residual_risk_complete"":true,""residual_severity"":""D"",""responsible_party"":"""",""serial_no"":""3.4.1"",""sil_level"":null,""sil_status"":""source_not_present"",""source_sheet"":""N003""}",DA线HAZOP分析记录表.xls,HAZOP_DA_H_R_V1,1.5-hazop,1.0000,accepted
HAZOP_dd3a30178a12e00d852e,RiskEventInstance,1.16.2 二甲基亚砜加料过程未启动夹套热水循环,1.16.2 二甲基亚砜加料过程未启动夹套热水循环,影响溶剂加热效果，延长反应时间，无安全影响,"{""deviation"":""遗漏/缺失操作步骤"",""excel_row"":42,""initial_likelihood"":""6"",""initial_risk"":""L"",""initial_risk_complete"":true,""initial_severity"":""A"",""line_code"":""DA"",""node_id"":""N001"",""parameter"":""操作步骤"",""recommendation_category"":"""",""recommendation_no"":"""",""remarks"":"""",""residual_likelihood"":""6"",""residual_risk"":""L"",""residual_risk_complete"":true,""residual_severity"":""A"",""responsible_party"":"""",""serial_no"":""1.16.2"",""sil_level"":null,""sil_status"":""source_not_present"",""source_sheet"":""N001""}",DA线HAZOP分析记录表.xls,HAZOP_DA_H_R_V1,1.5-hazop,1.0000,accepted
HAZOP_de9748b5ffedc3ffcae3,RiskEventInstance,1.3.1 逆流或错误流向,1.3.1 逆流或错误流向,冷冻盐水窜至硝化机内，局部放热量增加，副反应增加，硝化机温度升高，产品得率下降,"{""deviation"":""逆流"",""excel_row"":11,""initial_likelihood"":""5"",""initial_risk"":""L"",""initial_risk_complete"":true,""initial_severity"":""B"",""line_code"":""R"",""node_id"":""N001"",""parameter"":""流量"",""recommendation_category"":"""",""recommendation_no"":"""",""remarks"":""机理有待研究，考察冷冻盐水杂质对RDX及副产物的稳定性影响"",""residual_likelihood"":""5"",""residual_risk"":""L"",""residual_risk_complete"":true,""residual_severity"":""B"",""responsible_party"":"""",""serial_no"":""1.3.1"",""sil_level"":null,""sil_status"":""source_not_present"",""source_sheet"":""N001""}",R线 HAZOP分析记录表.xls,HAZOP_DA_H_R_V1,1.5-hazop,1.0000,accepted
HAZOP_df855050d357c1150d54,RiskEventInstance,5.15.1 公用工程故障,5.15.1 公用工程故障,,"{""deviation"":""公用工程故障"",""excel_row"":22,""initial_likelihood"":"""",""initial_risk"":"""",""initial_risk_complete"":false,""initial_severity"":"""",""line_code"":""H"",""node_id"":""N005"",""parameter"":""公用工程"",""recommendation_category"":"""",""recommendation_no"":"""",""remarks"":"""",""residual_likelihood"":"""",""residual_risk"":"""",""residual_risk_complete"":false,""residual_severity"":"""",""responsible_party"":"""",""serial_no"":""5.15.1"",""sil_level"":null,""sil_status"":""source_not_present"",""source_sheet"":""N005""}",H线HAZOP及SIL定级分析 HAZOP记录表.xls,HAZOP_DA_H_R_V1,1.5-hazop,1.0000,accepted
HAZOP_dff730f0af7f2498df2b,RiskEventInstance,2.4.1 收集槽收料真空度不足,2.4.1 收集槽收料真空度不足,影响收集槽收料效果,"{""deviation"":""压力过高"",""excel_row"":16,""initial_likelihood"":""6"",""initial_risk"":""M"",""initial_risk_complete"":true,""initial_severity"":""B"",""line_code"":""DA"",""node_id"":""N002"",""parameter"":""压力"",""recommendation_category"":""O"",""recommendation_no"":""#2.4"",""remarks"":"""",""residual_likelihood"":""6"",""residual_risk"":""M"",""residual_risk_complete"":true,""residual_severity"":""B"",""responsible_party"":"""",""serial_no"":""2.4.1"",""sil_level"":null,""sil_status"":""source_not_present"",""source_sheet"":""N002""}",DA线HAZOP分析记录表.xls,HAZOP_DA_H_R_V1,1.5-hazop,1.0000,accepted
HAZOP_e0291c1d205f3fcd6334,RiskEventInstance,2.4.1 布袋除尘器差压过高,2.4.1 布袋除尘器差压过高,布袋除尘器布袋可能超压损坏，粉料泄漏至外部环境，可能形成粉尘爆炸性环境,"{""deviation"":""压力过高"",""excel_row"":16,""initial_likelihood"":"""",""initial_risk"":"""",""initial_risk_complete"":false,""initial_severity"":"""",""line_code"":""H"",""node_id"":""N002"",""parameter"":""压力"",""recommendation_category"":"""",""recommendation_no"":"""",""remarks"":"""",""residual_likelihood"":"""",""residual_risk"":"""",""residual_risk_complete"":false,""residual_severity"":"""",""responsible_party"":"""",""serial_no"":""2.4.1"",""sil_level"":null,""sil_status"":""source_not_present"",""source_sheet"":""N002""}",H线HAZOP及SIL定级分析 HAZOP记录表.xls,HAZOP_DA_H_R_V1,1.5-hazop,1.0000,accepted
HAZOP_e1c7cd1c53dcc8e7071f,RiskEventInstance,2.7.1 乌洛托品输送空气出换热器温度过低,2.7.1 乌洛托品输送空气出换热器温度过低,输送空气出换热器温度降低，乌洛托品中水可能析出，引起乌洛托品结块堵塞设备管线，影响乌洛托品输送,"{""deviation"":""温度过低"",""excel_row"":20,""initial_likelihood"":""6"",""initial_risk"":""M"",""initial_risk_complete"":true,""initial_severity"":""C"",""line_code"":""H"",""node_id"":""N002"",""parameter"":""温度"",""recommendation_category"":"""",""recommendation_no"":"""",""remarks"":"""",""residual_likelihood"":""5"",""residual_risk"":""M"",""residual_risk_complete"":true,""residual_severity"":""C"",""responsible_party"":"""",""serial_no"":""2.7.1"",""sil_level"":null,""sil_status"":""source_not_present"",""source_sheet"":""N002""}",H线HAZOP及SIL定级分析 HAZOP记录表.xls,HAZOP_DA_H_R_V1,1.5-hazop,1.0000,accepted
HAZOP_e2ef4549eb8ba3c7aac6,RiskEventInstance,2.10.2 硝化工序来硝化液中副产物过高,2.10.2 硝化工序来硝化液中副产物过高,结晶机温度过高时，RDX可能分解爆炸,"{""deviation"":""杂质"",""excel_row"":17,""initial_likelihood"":"""",""initial_risk"":"""",""initial_risk_complete"":false,""initial_severity"":"""",""line_code"":""R"",""node_id"":""N002"",""parameter"":""组分"",""recommendation_category"":"""",""recommendation_no"":"""",""remarks"":""RDX在不同浓度下，爆炸时温度机理研究"",""residual_likelihood"":"""",""residual_risk"":"""",""residual_risk_complete"":false,""residual_severity"":"""",""responsible_party"":"""",""serial_no"":""2.10.2"",""sil_level"":null,""sil_status"":""source_not_present"",""source_sheet"":""N002""}",R线 HAZOP分析记录表.xls,HAZOP_DA_H_R_V1,1.5-hazop,1.0000,accepted
HAZOP_e3a51b3ba248e92d0601,RiskEventInstance,1.2.3 合成釜中叠氮化钠加入量过少,1.2.3 合成釜中叠氮化钠加入量过少,吉纳反应不完全，影响产品质量，反应过程中吉纳可能分解，潜在爆炸风险,"{""deviation"":""流量过低或无流量"",""excel_row"":12,""initial_likelihood"":""7"",""initial_risk"":""S"",""initial_risk_complete"":true,""initial_severity"":""D"",""line_code"":""DA"",""node_id"":""N001"",""parameter"":""流量"",""recommendation_category"":""S"",""recommendation_no"":""#1.6"",""remarks"":"""",""residual_likelihood"":""6"",""residual_risk"":""H"",""residual_risk_complete"":true,""residual_severity"":""D"",""responsible_party"":"""",""serial_no"":""1.2.3"",""sil_level"":null,""sil_status"":""source_not_present"",""source_sheet"":""N001""}",DA线HAZOP分析记录表.xls,HAZOP_DA_H_R_V1,1.5-hazop,1.0000,accepted
HAZOP_e42365035dac100f168f,RiskEventInstance,1.9.2 合成釜加料后液位过低,1.9.2 合成釜加料后液位过低,物料损失,"{""deviation"":""液位过低或无液位"",""excel_row"":29,""initial_likelihood"":""7"",""initial_risk"":""M"",""initial_risk_complete"":true,""initial_severity"":""A"",""line_code"":""DA"",""node_id"":""N001"",""parameter"":""液位"",""recommendation_category"":""S"",""recommendation_no"":""#1.12"",""remarks"":"""",""residual_likelihood"":""7"",""residual_risk"":""M"",""residual_risk_complete"":true,""residual_severity"":""A"",""responsible_party"":"""",""serial_no"":""1.9.2"",""sil_level"":null,""sil_status"":""source_not_present"",""source_sheet"":""N001""}",DA线HAZOP分析记录表.xls,HAZOP_DA_H_R_V1,1.5-hazop,1.0000,accepted
HAZOP_e431c4115045a304a29b,RiskEventInstance,5.9.1 分离釜液位过低或无液位,5.9.1 分离釜液位过低或无液位,分离塔进料温度升高，液位降低，液位过低时，分离釜底部物料可能蒸干，潜在爆炸风险,"{""deviation"":""液位过低或无液位"",""excel_row"":16,""initial_likelihood"":""6"",""initial_risk"":""H"",""initial_risk_complete"":true,""initial_severity"":""D"",""line_code"":""H"",""node_id"":""N005"",""parameter"":""液位"",""recommendation_category"":"""",""recommendation_no"":""#5.1"",""remarks"":"""",""residual_likelihood"":""5"",""residual_risk"":""H"",""residual_risk_complete"":true,""residual_severity"":""D"",""responsible_party"":"""",""serial_no"":""5.9.1"",""sil_level"":null,""sil_status"":""source_not_present"",""source_sheet"":""N005""}",H线HAZOP及SIL定级分析 HAZOP记录表.xls,HAZOP_DA_H_R_V1,1.5-hazop,1.0000,accepted
HAZOP_e49b8b39156fd34cf1d9,RiskEventInstance,2.16.1 开停工,2.16.1 开停工,结晶机温度无法达到激发温度点，副产物氧化不完全，结晶液不安定，后续工序安全操作受影响,"{""deviation"":""其他"",""excel_row"":19,""initial_likelihood"":""6"",""initial_risk"":""S"",""initial_risk_complete"":true,""initial_severity"":""E"",""line_code"":""R"",""node_id"":""N002"",""parameter"":""其他"",""recommendation_category"":"""",""recommendation_no"":"""",""remarks"":"""",""residual_likelihood"":""4"",""residual_risk"":""H"",""residual_risk_complete"":true,""residual_severity"":""E"",""responsible_party"":"""",""serial_no"":""2.16.1"",""sil_level"":null,""sil_status"":""source_not_present"",""source_sheet"":""N002""}",R线 HAZOP分析记录表.xls,HAZOP_DA_H_R_V1,1.5-hazop,1.0000,accepted
HAZOP_e4a03183866ee8d3a405,RiskEventInstance,2.10.1 杂质,2.10.1 杂质,,"{""deviation"":""杂质"",""excel_row"":22,""initial_likelihood"":"""",""initial_risk"":"""",""initial_risk_complete"":false,""initial_severity"":"""",""line_code"":""H"",""node_id"":""N002"",""parameter"":""组分"",""recommendation_category"":"""",""recommendation_no"":"""",""remarks"":"""",""residual_likelihood"":"""",""residual_risk"":"""",""residual_risk_complete"":false,""residual_severity"":"""",""responsible_party"":"""",""serial_no"":""2.10.1"",""sil_level"":null,""sil_status"":""source_not_present"",""source_sheet"":""N002""}",H线HAZOP及SIL定级分析 HAZOP记录表.xls,HAZOP_DA_H_R_V1,1.5-hazop,1.0000,accepted
HAZOP_e530fded430ac69a2aba,RiskEventInstance,1.2.1 合成釜中二甲基亚砜加入量过少,1.2.1 合成釜中二甲基亚砜加入量过少,后续吉纳及叠氮化钠加入后溶解不完全，搅拌过程可能发生爆炸，人员伤害风险,"{""deviation"":""流量过低或无流量"",""excel_row"":10,""initial_likelihood"":""7"",""initial_risk"":""S"",""initial_risk_complete"":true,""initial_severity"":""D"",""line_code"":""DA"",""node_id"":""N001"",""parameter"":""流量"",""recommendation_category"":""S"",""recommendation_no"":""#1.5"",""remarks"":"""",""residual_likelihood"":""7"",""residual_risk"":""S"",""residual_risk_complete"":true,""residual_severity"":""D"",""responsible_party"":"""",""serial_no"":""1.2.1"",""sil_level"":null,""sil_status"":""source_not_present"",""source_sheet"":""N001""}",DA线HAZOP分析记录表.xls,HAZOP_DA_H_R_V1,1.5-hazop,1.0000,accepted
HAZOP_e65984f012b2ee680632,RiskEventInstance,1.16.1 开停工,1.16.1 开停工,硝化机压力升高，可能正压，氧化氮气体窜至外部环境，人员可能中毒窒息伤亡,"{""deviation"":""其他"",""excel_row"":37,""initial_likelihood"":""5"",""initial_risk"":""H"",""initial_risk_complete"":true,""initial_severity"":""E"",""line_code"":""R"",""node_id"":""N001"",""parameter"":""其他"",""recommendation_category"":"""",""recommendation_no"":""#1.6"",""remarks"":"""",""residual_likelihood"":""4"",""residual_risk"":""H"",""residual_risk_complete"":true,""residual_severity"":""E"",""responsible_party"":"""",""serial_no"":""1.16.1"",""sil_level"":null,""sil_status"":""source_not_present"",""source_sheet"":""N001""}",R线 HAZOP分析记录表.xls,HAZOP_DA_H_R_V1,1.5-hazop,1.0000,accepted
HAZOP_e77dcb52f47925a66c64,RiskEventInstance,3.1.5 3#硝化机醋酸酐溶液加注流量过高,3.1.5 3#硝化机醋酸酐溶液加注流量过高,3#硝化机酰化反应增加，温度升高，硝化反应速率增加，副产物增加，产品得率降低,"{""deviation"":""流量过高"",""excel_row"":8,""initial_likelihood"":""6"",""initial_risk"":""M"",""initial_risk_complete"":true,""initial_severity"":""C"",""line_code"":""H"",""node_id"":""N003"",""parameter"":""流量"",""recommendation_category"":"""",""recommendation_no"":"""",""remarks"":"""",""residual_likelihood"":""5"",""residual_risk"":""M"",""residual_risk_complete"":true,""residual_severity"":""C"",""responsible_party"":"""",""serial_no"":""3.1.5"",""sil_level"":null,""sil_status"":""source_not_present"",""source_sheet"":""N003""}",H线HAZOP及SIL定级分析 HAZOP记录表.xls,HAZOP_DA_H_R_V1,1.5-hazop,1.0000,accepted
HAZOP_e9fb41f4f83e34f5c317,RiskEventInstance,2.2.4 醋酸加注总量过低,2.2.4 醋酸加注总量过低,乌醋液中乌洛托品浓度升高，反应速率增加，温度快速上升，乌醋配机内物料可能分解，乌醋配机内可能发生燃爆，人员伤亡，环境污染,"{""deviation"":""流量过低或无流量"",""excel_row"":13,""initial_likelihood"":""5"",""initial_risk"":""H"",""initial_risk_complete"":true,""initial_severity"":""E"",""line_code"":""H"",""node_id"":""N002"",""parameter"":""流量"",""recommendation_category"":"""",""recommendation_no"":"""",""remarks"":"""",""residual_likelihood"":""5"",""residual_risk"":""H"",""residual_risk_complete"":true,""residual_severity"":""E"",""responsible_party"":"""",""serial_no"":""2.2.4"",""sil_level"":null,""sil_status"":""source_not_present"",""source_sheet"":""N002""}",H线HAZOP及SIL定级分析 HAZOP记录表.xls,HAZOP_DA_H_R_V1,1.5-hazop,1.0000,accepted
HAZOP_ecc033f57c408a2520ab,RiskEventInstance,5.8.1 分离釜液位过高,5.8.1 分离釜液位过高,"分离釜温度降低，压力降低，液位升高，分离釜分离效果变差；
分离釜换热管束区域局部温度升高，潜在爆炸风险","{""deviation"":""液位过高"",""excel_row"":13,""initial_likelihood"":""6"",""initial_risk"":""H"",""initial_risk_complete"":true,""initial_severity"":""D"",""line_code"":""H"",""node_id"":""N005"",""parameter"":""液位"",""recommendation_category"":"""",""recommendation_no"":""#5.1"",""remarks"":"""",""residual_likelihood"":""5"",""residual_risk"":""H"",""residual_risk_complete"":true,""residual_severity"":""D"",""responsible_party"":"""",""serial_no"":""5.8.1"",""sil_level"":null,""sil_status"":""source_not_present"",""source_sheet"":""N005""}",H线HAZOP及SIL定级分析 HAZOP记录表.xls,HAZOP_DA_H_R_V1,1.5-hazop,1.0000,accepted
HAZOP_ee076f27dcd8ec71598f,RiskEventInstance,1.19.1 公用工程故障,1.19.1 公用工程故障,参见“1.7.1 反应过程合成釜温度过低”,"{""deviation"":""公用工程故障"",""excel_row"":49,""initial_likelihood"":"""",""initial_risk"":"""",""initial_risk_complete"":false,""initial_severity"":"""",""line_code"":""DA"",""node_id"":""N001"",""parameter"":""公用工程"",""recommendation_category"":"""",""recommendation_no"":"""",""remarks"":"""",""residual_likelihood"":"""",""residual_risk"":"""",""residual_risk_complete"":false,""residual_severity"":"""",""responsible_party"":"""",""serial_no"":""1.19.1"",""sil_level"":null,""sil_status"":""source_not_present"",""source_sheet"":""N001""}",DA线HAZOP分析记录表.xls,HAZOP_DA_H_R_V1,1.5-hazop,1.0000,accepted
HAZOP_ee9263ca4e4772541506,RiskEventInstance,4.20.1 步骤执行不足，粗品HMX转晶釜煮洗不彻底,4.20.1 步骤执行不足，粗品HMX转晶釜煮洗不彻底,,"{""deviation"":""步骤执行不足"",""excel_row"":29,""initial_likelihood"":"""",""initial_risk"":"""",""initial_risk_complete"":false,""initial_severity"":"""",""line_code"":""H"",""node_id"":""N004"",""parameter"":""操作步骤"",""recommendation_category"":"""",""recommendation_no"":"""",""remarks"":"""",""residual_likelihood"":"""",""residual_risk"":"""",""residual_risk_complete"":false,""residual_severity"":"""",""responsible_party"":"""",""serial_no"":""4.20.1"",""sil_level"":null,""sil_status"":""source_not_present"",""source_sheet"":""N004""}",H线HAZOP及SIL定级分析 HAZOP记录表.xls,HAZOP_DA_H_R_V1,1.5-hazop,1.0000,accepted
HAZOP_efb0c27b15145345e1ff,RiskEventInstance,2.17.2 乌醋溶液配制过程步骤执行不足，未投用循环水或循环水压力低供应中断,2.17.2 乌醋溶液配制过程步骤执行不足，未投用循环水或循环水压力低供应中断,乌醋配机内溶液热量积聚，温度升高，可能达到乌洛托品分解温度，潜在爆炸风险,"{""deviation"":""步骤执行不足"",""excel_row"":26,""initial_likelihood"":""5"",""initial_risk"":""H"",""initial_risk_complete"":true,""initial_severity"":""D"",""line_code"":""H"",""node_id"":""N002"",""parameter"":""操作步骤"",""recommendation_category"":"""",""recommendation_no"":"""",""remarks"":""机理有待研究"",""residual_likelihood"":""4"",""residual_risk"":""M"",""residual_risk_complete"":true,""residual_severity"":""D"",""responsible_party"":"""",""serial_no"":""2.17.2"",""sil_level"":null,""sil_status"":""source_not_present"",""source_sheet"":""N002""}",H线HAZOP及SIL定级分析 HAZOP记录表.xls,HAZOP_DA_H_R_V1,1.5-hazop,1.0000,accepted
HAZOP_efca6885229f2534c767,RiskEventInstance,1.2.1 乌洛托品加注至硝化机流量过低或无流量,1.2.1 乌洛托品加注至硝化机流量过低或无流量,乌洛托品/硝酸比例降低，副反应增加，硝化机反应温度降低，无明显安全影响,"{""deviation"":""流量过低或无流量"",""excel_row"":9,""initial_likelihood"":"""",""initial_risk"":"""",""initial_risk_complete"":false,""initial_severity"":"""",""line_code"":""R"",""node_id"":""N001"",""parameter"":""流量"",""recommendation_category"":"""",""recommendation_no"":"""",""remarks"":"""",""residual_likelihood"":"""",""residual_risk"":"""",""residual_risk_complete"":false,""residual_severity"":"""",""responsible_party"":"""",""serial_no"":""1.2.1"",""sil_level"":null,""sil_status"":""source_not_present"",""source_sheet"":""N001""}",R线 HAZOP分析记录表.xls,HAZOP_DA_H_R_V1,1.5-hazop,1.0000,accepted
HAZOP_f078f92b7838d0394cac,RiskEventInstance,1.7.1 反应过程合成釜温度过低,1.7.1 反应过程合成釜温度过低,合成釜温度降低，温度过低时，吉纳结晶析出，搅拌转速过快时，潜在爆炸，人员伤害风险,"{""deviation"":""温度过低"",""excel_row"":23,""initial_likelihood"":""7"",""initial_risk"":""S"",""initial_risk_complete"":true,""initial_severity"":""D"",""line_code"":""DA"",""node_id"":""N001"",""parameter"":""温度"",""recommendation_category"":"""",""recommendation_no"":"""",""remarks"":"""",""residual_likelihood"":""6"",""residual_risk"":""H"",""residual_risk_complete"":true,""residual_severity"":""D"",""responsible_party"":"""",""serial_no"":""1.7.1"",""sil_level"":null,""sil_status"":""source_not_present"",""source_sheet"":""N001""}",DA线HAZOP分析记录表.xls,HAZOP_DA_H_R_V1,1.5-hazop,1.0000,accepted
HAZOP_f109b1c1f95903a090e0,RiskEventInstance,2.2.2 乌洛托品固体自乌洛托品下料器至乌醋配机流量过低,2.2.2 乌洛托品固体自乌洛托品下料器至乌醋配机流量过低,摇摆颗粒机料位升高，可能满溢至外部环境，形成粉尘爆炸性环境,"{""deviation"":""流量过低或无流量"",""excel_row"":10,""initial_likelihood"":""6"",""initial_risk"":""H"",""initial_risk_complete"":true,""initial_severity"":""D"",""line_code"":""H"",""node_id"":""N002"",""parameter"":""流量"",""recommendation_category"":""S"",""recommendation_no"":""#2.2"",""remarks"":"""",""residual_likelihood"":""5"",""residual_risk"":""H"",""residual_risk_complete"":true,""residual_severity"":""D"",""responsible_party"":"""",""serial_no"":""2.2.2"",""sil_level"":null,""sil_status"":""source_not_present"",""source_sheet"":""N002""}",H线HAZOP及SIL定级分析 HAZOP记录表.xls,HAZOP_DA_H_R_V1,1.5-hazop,1.0000,accepted
HAZOP_f135fedf395d3d43cc2f,RiskEventInstance,2.2.2 萃取过程加入二氯甲烷量过少,2.2.2 萃取过程加入二氯甲烷量过少,影响萃取效果，产品得率降低，后续废水中叠氮硝铵量增多,"{""deviation"":""流量过低或无流量"",""excel_row"":10,""initial_likelihood"":""7"",""initial_risk"":""M"",""initial_risk_complete"":true,""initial_severity"":""A"",""line_code"":""DA"",""node_id"":""N002"",""parameter"":""流量"",""recommendation_category"":"""",""recommendation_no"":"""",""remarks"":"""",""residual_likelihood"":""7"",""residual_risk"":""M"",""residual_risk_complete"":true,""residual_severity"":""A"",""responsible_party"":"""",""serial_no"":""2.2.2"",""sil_level"":null,""sil_status"":""source_not_present"",""source_sheet"":""N002""}",DA线HAZOP分析记录表.xls,HAZOP_DA_H_R_V1,1.5-hazop,1.0000,accepted
HAZOP_f147afa92b7759a2386c,RiskEventInstance,2.2.1 乌洛托品固体风送至乌洛托品下料器流量过低或无流量,2.2.1 乌洛托品固体风送至乌洛托品下料器流量过低或无流量,乌洛托品配料操作周期延长，无明显安全性影响,"{""deviation"":""流量过低或无流量"",""excel_row"":9,""initial_likelihood"":"""",""initial_risk"":"""",""initial_risk_complete"":false,""initial_severity"":"""",""line_code"":""H"",""node_id"":""N002"",""parameter"":""流量"",""recommendation_category"":"""",""recommendation_no"":"""",""remarks"":"""",""residual_likelihood"":"""",""residual_risk"":"""",""residual_risk_complete"":false,""residual_severity"":"""",""responsible_party"":"""",""serial_no"":""2.2.1"",""sil_level"":null,""sil_status"":""source_not_present"",""source_sheet"":""N002""}",H线HAZOP及SIL定级分析 HAZOP记录表.xls,HAZOP_DA_H_R_V1,1.5-hazop,1.0000,accepted
HAZOP_f2d3ffb6621debc1a6ce,RiskEventInstance,1.2.1 乌洛托品加注至硝化机流量过低或无流量,1.2.1 乌洛托品加注至硝化机流量过低或无流量,乌洛托品/硝酸比例降低，副反应增加，硝化机反应温度降低，无明显安全影响,"{""deviation"":""流量过低或无流量"",""excel_row"":8,""initial_likelihood"":"""",""initial_risk"":"""",""initial_risk_complete"":false,""initial_severity"":"""",""line_code"":""R"",""node_id"":""N001"",""parameter"":""流量"",""recommendation_category"":"""",""recommendation_no"":"""",""remarks"":"""",""residual_likelihood"":"""",""residual_risk"":"""",""residual_risk_complete"":false,""residual_severity"":"""",""responsible_party"":"""",""serial_no"":""1.2.1"",""sil_level"":null,""sil_status"":""source_not_present"",""source_sheet"":""N001""}",R线 HAZOP分析记录表.xls,HAZOP_DA_H_R_V1,1.5-hazop,1.0000,accepted
HAZOP_f350ae0d5c609ef0ee4e,RiskEventInstance,2.8.1 萃取放料后萃取洗涤釜界位过高,2.8.1 萃取放料后萃取洗涤釜界位过高,,"{""deviation"":""液位过高"",""excel_row"":22,""initial_likelihood"":"""",""initial_risk"":"""",""initial_risk_complete"":false,""initial_severity"":"""",""line_code"":""DA"",""node_id"":""N002"",""parameter"":""液位"",""recommendation_category"":"""",""recommendation_no"":"""",""remarks"":"""",""residual_likelihood"":"""",""residual_risk"":"""",""residual_risk_complete"":false,""residual_severity"":"""",""responsible_party"":"""",""serial_no"":""2.8.1"",""sil_level"":null,""sil_status"":""source_not_present"",""source_sheet"":""N002""}",DA线HAZOP分析记录表.xls,HAZOP_DA_H_R_V1,1.5-hazop,1.0000,accepted
HAZOP_f433071fa34b2e0da766,RiskEventInstance,2.4.1 收集槽收料真空度不足,2.4.1 收集槽收料真空度不足,影响收集槽收料效果,"{""deviation"":""压力过高"",""excel_row"":17,""initial_likelihood"":""6"",""initial_risk"":""M"",""initial_risk_complete"":true,""initial_severity"":""B"",""line_code"":""DA"",""node_id"":""N002"",""parameter"":""压力"",""recommendation_category"":""O"",""recommendation_no"":""#2.5"",""remarks"":"""",""residual_likelihood"":""6"",""residual_risk"":""M"",""residual_risk_complete"":true,""residual_severity"":""B"",""responsible_party"":"""",""serial_no"":""2.4.1"",""sil_level"":null,""sil_status"":""source_not_present"",""source_sheet"":""N002""}",DA线HAZOP分析记录表.xls,HAZOP_DA_H_R_V1,1.5-hazop,1.0000,accepted
HAZOP_f5e9ba797302903eafc7,RiskEventInstance,1.10.1 杂质,1.10.1 杂质,硝化反应过程中，氮氧化物含量过高，减弱硝解反应，副反应产物增加，使产品得率降低,"{""deviation"":""杂质"",""excel_row"":27,""initial_likelihood"":""4"",""initial_risk"":""L"",""initial_risk_complete"":true,""initial_severity"":""C"",""line_code"":""H"",""node_id"":""N001"",""parameter"":""组分"",""recommendation_category"":"""",""recommendation_no"":"""",""remarks"":"""",""residual_likelihood"":""3"",""residual_risk"":""L"",""residual_risk_complete"":true,""residual_severity"":""C"",""responsible_party"":"""",""serial_no"":""1.10.1"",""sil_level"":null,""sil_status"":""source_not_present"",""source_sheet"":""N001""}",H线HAZOP及SIL定级分析 HAZOP记录表.xls,HAZOP_DA_H_R_V1,1.5-hazop,1.0000,accepted
HAZOP_f67fead90a33c759812d,RiskEventInstance,3.6.3 5#硝化机温度过高,3.6.3 5#硝化机温度过高,5#硝化机温度升高，可能沸腾冒料，环境污染，人员受伤,"{""deviation"":""温度过高"",""excel_row"":27,""initial_likelihood"":""6"",""initial_risk"":""M"",""initial_risk_complete"":true,""initial_severity"":""C"",""line_code"":""H"",""node_id"":""N003"",""parameter"":""温度"",""recommendation_category"":"""",""recommendation_no"":"""",""remarks"":"""",""residual_likelihood"":""4"",""residual_risk"":""L"",""residual_risk_complete"":true,""residual_severity"":""C"",""responsible_party"":"""",""serial_no"":""3.6.3"",""sil_level"":null,""sil_status"":""source_not_present"",""source_sheet"":""N003""}",H线HAZOP及SIL定级分析 HAZOP记录表.xls,HAZOP_DA_H_R_V1,1.5-hazop,1.0000,accepted
HAZOP_f6ded938c6091406cba7,RiskEventInstance,2.16.1 开停工,2.16.1 开停工,结晶机温度过高时，RDX可能分解爆炸,"{""deviation"":""其他"",""excel_row"":22,""initial_likelihood"":"""",""initial_risk"":"""",""initial_risk_complete"":false,""initial_severity"":"""",""line_code"":""R"",""node_id"":""N002"",""parameter"":""其他"",""recommendation_category"":"""",""recommendation_no"":"""",""remarks"":""RDX在不同浓度下，爆炸时温度机理研究"",""residual_likelihood"":"""",""residual_risk"":"""",""residual_risk_complete"":false,""residual_severity"":"""",""responsible_party"":"""",""serial_no"":""2.16.1"",""sil_level"":null,""sil_status"":""source_not_present"",""source_sheet"":""N002""}",R线 HAZOP分析记录表.xls,HAZOP_DA_H_R_V1,1.5-hazop,1.0000,accepted
HAZOP_fa3b7ef5622db651b00d,RiskEventInstance,1.6.2 成熟机温度过高,1.6.2 成熟机温度过高,成熟机反应温度升高，成熟机反应速率增快，副反应增加，潜在爆炸风险，人员伤亡,"{""deviation"":""温度过高"",""excel_row"":26,""initial_likelihood"":""6"",""initial_risk"":""S"",""initial_risk_complete"":true,""initial_severity"":""F"",""line_code"":""R"",""node_id"":""N001"",""parameter"":""温度"",""recommendation_category"":""S"",""recommendation_no"":""#1.4"",""remarks"":"""",""residual_likelihood"":""5"",""residual_risk"":""S"",""residual_risk_complete"":true,""residual_severity"":""F"",""responsible_party"":"""",""serial_no"":""1.6.2"",""sil_level"":null,""sil_status"":""source_not_present"",""source_sheet"":""N001""}",R线 HAZOP分析记录表.xls,HAZOP_DA_H_R_V1,1.5-hazop,1.0000,accepted
HAZOP_fb8b0dfa449f1bf31d25,RiskEventInstance,3.2.3 1#硝化机醋酸酐溶液加注流量过低或无流量,3.2.3 1#硝化机醋酸酐溶液加注流量过低或无流量,1#硝化机内硝化反应产生的水不能及时脱除，DPT发生水解，副反应增加，产品得率下降,"{""deviation"":""流量过低或无流量"",""excel_row"":12,""initial_likelihood"":""6"",""initial_risk"":""M"",""initial_risk_complete"":true,""initial_severity"":""C"",""line_code"":""H"",""node_id"":""N003"",""parameter"":""流量"",""recommendation_category"":"""",""recommendation_no"":"""",""remarks"":"""",""residual_likelihood"":"""",""residual_risk"":"""",""residual_risk_complete"":false,""residual_severity"":"""",""responsible_party"":"""",""serial_no"":""3.2.3"",""sil_level"":null,""sil_status"":""source_not_present"",""source_sheet"":""N003""}",H线HAZOP及SIL定级分析 HAZOP记录表.xls,HAZOP_DA_H_R_V1,1.5-hazop,1.0000,accepted
HAZOP_fd25a4ce0a1f16d61e85,RiskEventInstance,1.9.2 合成釜加料后液位过低,1.9.2 合成釜加料后液位过低,,"{""deviation"":""液位过低或无液位"",""excel_row"":28,""initial_likelihood"":"""",""initial_risk"":"""",""initial_risk_complete"":false,""initial_severity"":"""",""line_code"":""DA"",""node_id"":""N001"",""parameter"":""液位"",""recommendation_category"":"""",""recommendation_no"":"""",""remarks"":"""",""residual_likelihood"":"""",""residual_risk"":"""",""residual_risk_complete"":false,""residual_severity"":"""",""responsible_party"":"""",""serial_no"":""1.9.2"",""sil_level"":null,""sil_status"":""source_not_present"",""source_sheet"":""N001""}",DA线HAZOP分析记录表.xls,HAZOP_DA_H_R_V1,1.5-hazop,1.0000,accepted
HAZOP_fd625de219cd8cc999d3,RiskEventInstance,2.1.4 醋酸加注总量过高,2.1.4 醋酸加注总量过高,乌醋液中乌洛托品浓度降低，影响产品质量，无明显安全影响,"{""deviation"":""流量过高"",""excel_row"":8,""initial_likelihood"":"""",""initial_risk"":"""",""initial_risk_complete"":false,""initial_severity"":"""",""line_code"":""H"",""node_id"":""N002"",""parameter"":""流量"",""recommendation_category"":"""",""recommendation_no"":"""",""remarks"":"""",""residual_likelihood"":"""",""residual_risk"":"""",""residual_risk_complete"":false,""residual_severity"":"""",""responsible_party"":"""",""serial_no"":""2.1.4"",""sil_level"":null,""sil_status"":""source_not_present"",""source_sheet"":""N002""}",H线HAZOP及SIL定级分析 HAZOP记录表.xls,HAZOP_DA_H_R_V1,1.5-hazop,1.0000,accepted
HAZOP_fe424d3d3505809c89d4,RiskEventInstance,3.11.1 腐蚀/冲蚀,3.11.1 腐蚀/冲蚀,,"{""deviation"":""腐蚀/冲蚀"",""excel_row"":32,""initial_likelihood"":"""",""initial_risk"":"""",""initial_risk_complete"":false,""initial_severity"":"""",""line_code"":""H"",""node_id"":""N003"",""parameter"":""腐蚀/冲蚀"",""recommendation_category"":"""",""recommendation_no"":"""",""remarks"":"""",""residual_likelihood"":"""",""residual_risk"":"""",""residual_risk_complete"":false,""residual_severity"":"""",""responsible_party"":"""",""serial_no"":""3.11.1"",""sil_level"":null,""sil_status"":""source_not_present"",""source_sheet"":""N003""}",H线HAZOP及SIL定级分析 HAZOP记录表.xls,HAZOP_DA_H_R_V1,1.5-hazop,1.0000,accepted
HAZOP_ff2bcad971de2fd4b389,RiskEventInstance,1.19.1 公用工程故障,1.19.1 公用工程故障,气动阀门处于故障位置，可能导致安全事故,"{""deviation"":""公用工程故障"",""excel_row"":47,""initial_likelihood"":""6"",""initial_risk"":""M"",""initial_risk_complete"":true,""initial_severity"":""C"",""line_code"":""DA"",""node_id"":""N001"",""parameter"":""公用工程"",""recommendation_category"":"""",""recommendation_no"":"""",""remarks"":"""",""residual_likelihood"":""6"",""residual_risk"":""M"",""residual_risk_complete"":true,""residual_severity"":""C"",""responsible_party"":"""",""serial_no"":""1.19.1"",""sil_level"":null,""sil_status"":""source_not_present"",""source_sheet"":""N001""}",DA线HAZOP分析记录表.xls,HAZOP_DA_H_R_V1,1.5-hazop,1.0000,accepted
HAZOP_ff527e6ce94107417018,RiskEventInstance,3.4.1 热压煮洗机压力过高,3.4.1 热压煮洗机压力过高,热压煮洗机温升过快，RDX可能分解爆炸,"{""deviation"":""压力过高"",""excel_row"":5,""initial_likelihood"":""5"",""initial_risk"":""H"",""initial_risk_complete"":true,""initial_severity"":""E"",""line_code"":""R"",""node_id"":""N003"",""parameter"":""压力"",""recommendation_category"":"""",""recommendation_no"":""#3.1"",""remarks"":""RDX在不同浓度下，爆炸时温度机理研究"",""residual_likelihood"":""5"",""residual_risk"":""H"",""residual_risk_complete"":true,""residual_severity"":""E"",""responsible_party"":"""",""serial_no"":""3.4.1"",""sil_level"":null,""sil_status"":""source_not_present"",""source_sheet"":""N003""}",R线 HAZOP分析记录表.xls,HAZOP_DA_H_R_V1,1.5-hazop,1.0000,accepted
