entity_id,entity_type,name,raw_name,description,attributes_json,source_doc,dataset_id,ontology_version,confidence,review_status
HAZARD_FACTOR_REFERENCE_V1,Dataset,第二类危险源因素参照数据集,第二类危险源因素参照数据集,,"{""extraction_mode"":""deterministic_offline"",""record_count"":214}",,HAZARD_FACTOR_REFERENCE_V1,1.6-reference,1.0000,accepted
DOCHF_d1a969459775f08ee2e9,Document,非密-第二类危险源分析.docx,非密-第二类危险源分析.docx,,"{""document_kind"":""hazard_factor_reference"",""sha256"":""54830d6154c801add60109775a07b9728ea7a5b42d6cc4a44174e69bb82d73b8""}",非密-第二类危险源分析.docx,HAZARD_FACTOR_REFERENCE_V1,1.6-reference,1.0000,accepted
EVHF_000b2389095759b68fe8,Evidence,非密-第二类危险源分析.docx 表4第144行,非密-第二类危险源分析.docx 表4第144行,"类别：工艺因素 > 转速异常
失效模式：编码器失效
导致危险源释放的因素：转速反馈错误","{""major_category"":""工艺因素"",""raw_cells"":[""2.11"",""转速异常"",""编码器失效"",""转速反馈错误""],""row"":144,""source_doc"":""非密-第二类危险源分析.docx"",""subcategory"":""转速异常"",""table"":""表4 工序/岗位危险有害因素一览表"",""table_index"":0,""text"":""类别：工艺因素 > 转速异常\n失效模式：编码器失效\n导致危险源释放的因素：转速反馈错误""}",非密-第二类危险源分析.docx,HAZARD_FACTOR_REFERENCE_V1,1.6-reference,1.0000,accepted
EVHF_0036de675c2991144a78,Evidence,非密-第二类危险源分析.docx 表4第149行,非密-第二类危险源分析.docx 表4第149行,"类别：工艺因素 > 转速异常
失效模式：皮带打滑
导致危险源释放的因素：实际转速低于设定值","{""major_category"":""工艺因素"",""raw_cells"":[""2.11"",""转速异常"",""皮带打滑"",""实际转速低于设定值""],""row"":149,""source_doc"":""非密-第二类危险源分析.docx"",""subcategory"":""转速异常"",""table"":""表4 工序/岗位危险有害因素一览表"",""table_index"":0,""text"":""类别：工艺因素 > 转速异常\n失效模式：皮带打滑\n导致危险源释放的因素：实际转速低于设定值""}",非密-第二类危险源分析.docx,HAZARD_FACTOR_REFERENCE_V1,1.6-reference,1.0000,accepted
EVHF_02d43f46e65f42e03f72,Evidence,非密-第二类危险源分析.docx 表4第45行,非密-第二类危险源分析.docx 表4第45行,"类别：工艺因素 > 压力异常
失效模式：压力骤升
导致危险源释放的因素：短时间内快速超压","{""major_category"":""工艺因素"",""raw_cells"":[""2.3"",""压力异常"",""压力骤升"",""短时间内快速超压""],""row"":45,""source_doc"":""非密-第二类危险源分析.docx"",""subcategory"":""压力异常"",""table"":""表4 工序/岗位危险有害因素一览表"",""table_index"":0,""text"":""类别：工艺因素 > 压力异常\n失效模式：压力骤升\n导致危险源释放的因素：短时间内快速超压""}",非密-第二类危险源分析.docx,HAZARD_FACTOR_REFERENCE_V1,1.6-reference,1.0000,accepted
EVHF_03e4adcbf8934813dfdd,Evidence,非密-第二类危险源分析.docx 表4第22行,非密-第二类危险源分析.docx 表4第22行,"类别：工艺因素 > 温度异常
失效模式：参数设置错误
导致危险源释放的因素：温度设定值超出工艺要求","{""major_category"":""工艺因素"",""raw_cells"":[""2.1"",""温度异常"",""参数设置错误"",""温度设定值超出工艺要求""],""row"":22,""source_doc"":""非密-第二类危险源分析.docx"",""subcategory"":""温度异常"",""table"":""表4 工序/岗位危险有害因素一览表"",""table_index"":0,""text"":""类别：工艺因素 > 温度异常\n失效模式：参数设置错误\n导致危险源释放的因素：温度设定值超出工艺要求""}",非密-第二类危险源分析.docx,HAZARD_FACTOR_REFERENCE_V1,1.6-reference,1.0000,accepted
EVHF_03f0f385ce2ff8629ea0,Evidence,非密-第二类危险源分析.docx 表4第218行,非密-第二类危险源分析.docx 表4第218行,"类别：管理因素 > 安全管理
失效模式：应急管理缺陷
导致危险源释放的因素：事故应急预案缺陷；
应急预案培训不到位；
应急预案演练不规范；专项应急预案的审查、备案","{""major_category"":""管理因素"",""raw_cells"":[""5.4"",""安全管理"",""应急管理缺陷"",""事故应急预案缺陷；\n应急预案培训不到位；\n应急预案演练不规范；专项应急预案的审查、备案""],""row"":218,""source_doc"":""非密-第二类危险源分析.docx"",""subcategory"":""安全管理"",""table"":""表4 工序/岗位危险有害因素一览表"",""table_index"":0,""text"":""类别：管理因素 > 安全管理\n失效模式：应急管理缺陷\n导致危险源释放的因素：事故应急预案缺陷；\n应急预案培训不到位；\n应急预案演练不规范；专项应急预案的审查、备案""}",非密-第二类危险源分析.docx,HAZARD_FACTOR_REFERENCE_V1,1.6-reference,1.0000,accepted
EVHF_0713d6b421b955b2576a,Evidence,非密-第二类危险源分析.docx 表4第202行,非密-第二类危险源分析.docx 表4第202行,"类别：环境因素 > 作业环境
失效模式：采光照明不良
导致危险源释放的因素：灯具数量不足或功率选型过低；自然采光窗口被物料、设备遮挡；人工照明灯具损坏未及时更换","{""major_category"":""环境因素"",""raw_cells"":[""4.4"",""作业环境"",""采光照明不良"",""灯具数量不足或功率选型过低；自然采光窗口被物料、设备遮挡；人工照明灯具损坏未及时更换""],""row"":202,""source_doc"":""非密-第二类危险源分析.docx"",""subcategory"":""作业环境"",""table"":""表4 工序/岗位危险有害因素一览表"",""table_index"":0,""text"":""类别：环境因素 > 作业环境\n失效模式：采光照明不良\n导致危险源释放的因素：灯具数量不足或功率选型过低；自然采光窗口被物料、设备遮挡；人工照明灯具损坏未及时更换""}",非密-第二类危险源分析.docx,HAZARD_FACTOR_REFERENCE_V1,1.6-reference,1.0000,accepted
EVHF_094555f3edae882dab69,Evidence,非密-第二类危险源分析.docx 表4第20行,非密-第二类危险源分析.docx 表4第20行,"类别：工艺因素 > 温度异常
失效模式：冷却系统故障
导致危险源释放的因素：冷却介质无法正常循环","{""major_category"":""工艺因素"",""raw_cells"":[""2.1"",""温度异常"",""冷却系统故障"",""冷却介质无法正常循环""],""row"":20,""source_doc"":""非密-第二类危险源分析.docx"",""subcategory"":""温度异常"",""table"":""表4 工序/岗位危险有害因素一览表"",""table_index"":0,""text"":""类别：工艺因素 > 温度异常\n失效模式：冷却系统故障\n导致危险源释放的因素：冷却介质无法正常循环""}",非密-第二类危险源分析.docx,HAZARD_FACTOR_REFERENCE_V1,1.6-reference,1.0000,accepted
EVHF_0a96e71082bd30be786d,Evidence,非密-第二类危险源分析.docx 表4第9行,非密-第二类危险源分析.docx 表4第9行,"类别：人的因素 > 人员操作
失效模式：操作不到位/操作不当
导致危险源释放的因素：工具与料斗发生摩擦、撞击；布袋未固定扎紧导致脱落；称量质量有误；物料加入位置不符合要求；加入质量有误；残余压力未泄放；人员输入参数有误","{""major_category"":""人的因素"",""raw_cells"":[""1.1"",""人员操作"",""操作不到位/操作不当"",""工具与料斗发生摩擦、撞击；布袋未固定扎紧导致脱落；称量质量有误；物料加入位置不符合要求；加入质量有误；残余压力未泄放；人员输入参数有误""],""row"":9,""source_doc"":""非密-第二类危险源分析.docx"",""subcategory"":""人员操作"",""table"":""表4 工序/岗位危险有害因素一览表"",""table_index"":0,""text"":""类别：人的因素 > 人员操作\n失效模式：操作不到位/操作不当\n导致危险源释放的因素：工具与料斗发生摩擦、撞击；布袋未固定扎紧导致脱落；称量质量有误；物料加入位置不符合要求；加入质量有误；残余压力未泄放；人员输入参数有误""}",非密-第二类危险源分析.docx,HAZARD_FACTOR_REFERENCE_V1,1.6-reference,1.0000,accepted
EVHF_0a9e52fff5b47473b825,Evidence,非密-第二类危险源分析.docx 表4第6行,非密-第二类危险源分析.docx 表4第6行,"类别：人的因素 > 人员操作
失效模式：操作力度错误
导致危险源释放的因素：搬、抬、举、刮、翻、推、捅、卸、擦等操作行为过度；加料速度过快；人工动作过大","{""major_category"":""人的因素"",""raw_cells"":[""1.1"",""人员操作"",""操作力度错误"",""搬、抬、举、刮、翻、推、捅、卸、擦等操作行为过度；加料速度过快；人工动作过大""],""row"":6,""source_doc"":""非密-第二类危险源分析.docx"",""subcategory"":""人员操作"",""table"":""表4 工序/岗位危险有害因素一览表"",""table_index"":0,""text"":""类别：人的因素 > 人员操作\n失效模式：操作力度错误\n导致危险源释放的因素：搬、抬、举、刮、翻、推、捅、卸、擦等操作行为过度；加料速度过快；人工动作过大""}",非密-第二类危险源分析.docx,HAZARD_FACTOR_REFERENCE_V1,1.6-reference,1.0000,accepted
EVHF_0aea3545a1e0dd3482b1,Evidence,非密-第二类危险源分析.docx 表4第11行,非密-第二类危险源分析.docx 表4第11行,"类别：人的因素 > 人员操作
失效模式：操作遗漏
导致危险源释放的因素：未清理残药；未清理筛网；未清理粉尘；未清理阀门接口和管路等杂质；补料漏补；废药未及时入库","{""major_category"":""人的因素"",""raw_cells"":[""1.1"",""人员操作"",""操作遗漏"",""未清理残药；未清理筛网；未清理粉尘；未清理阀门接口和管路等杂质；补料漏补；废药未及时入库""],""row"":11,""source_doc"":""非密-第二类危险源分析.docx"",""subcategory"":""人员操作"",""table"":""表4 工序/岗位危险有害因素一览表"",""table_index"":0,""text"":""类别：人的因素 > 人员操作\n失效模式：操作遗漏\n导致危险源释放的因素：未清理残药；未清理筛网；未清理粉尘；未清理阀门接口和管路等杂质；补料漏补；废药未及时入库""}",非密-第二类危险源分析.docx,HAZARD_FACTOR_REFERENCE_V1,1.6-reference,1.0000,accepted
EVHF_0def88932a19f68d656d,Evidence,非密-第二类危险源分析.docx 表4第101行,非密-第二类危险源分析.docx 表4第101行,"类别：工艺因素 > 载荷异常
失效模式：载荷分布不均
导致危险源释放的因素：导致局部受力集中","{""major_category"":""工艺因素"",""raw_cells"":[""2.8"",""载荷异常"",""载荷分布不均"",""导致局部受力集中""],""row"":101,""source_doc"":""非密-第二类危险源分析.docx"",""subcategory"":""载荷异常"",""table"":""表4 工序/岗位危险有害因素一览表"",""table_index"":0,""text"":""类别：工艺因素 > 载荷异常\n失效模式：载荷分布不均\n导致危险源释放的因素：导致局部受力集中""}",非密-第二类危险源分析.docx,HAZARD_FACTOR_REFERENCE_V1,1.6-reference,1.0000,accepted
EVHF_10ead3a3c5c06e3ba3dd,Evidence,非密-第二类危险源分析.docx 表4第103行,非密-第二类危险源分析.docx 表4第103行,"类别：工艺因素 > 载荷异常
失效模式：长期疲劳运行
导致危险源释放的因素：导致结构损伤累积","{""major_category"":""工艺因素"",""raw_cells"":[""2.8"",""载荷异常"",""长期疲劳运行"",""导致结构损伤累积""],""row"":103,""source_doc"":""非密-第二类危险源分析.docx"",""subcategory"":""载荷异常"",""table"":""表4 工序/岗位危险有害因素一览表"",""table_index"":0,""text"":""类别：工艺因素 > 载荷异常\n失效模式：长期疲劳运行\n导致危险源释放的因素：导致结构损伤累积""}",非密-第二类危险源分析.docx,HAZARD_FACTOR_REFERENCE_V1,1.6-reference,1.0000,accepted
EVHF_111f6fe6c81bed9e4cab,Evidence,非密-第二类危险源分析.docx 表4第194行,非密-第二类危险源分析.docx 表4第194行,"类别：环境因素 > 防静电
失效模式：人体静电释放装置失效/人体综合电阻检测装置失效
导致危险源释放的因素：人体静电释放装置缺失；
人体静电释放装置失效或人体综合电阻检测装置失效","{""major_category"":""环境因素"",""raw_cells"":[""4.2"",""防静电"",""人体静电释放装置失效/人体综合电阻检测装置失效"",""人体静电释放装置缺失；\n人体静电释放装置失效或人体综合电阻检测装置失效""],""row"":194,""source_doc"":""非密-第二类危险源分析.docx"",""subcategory"":""防静电"",""table"":""表4 工序/岗位危险有害因素一览表"",""table_index"":0,""text"":""类别：环境因素 > 防静电\n失效模式：人体静电释放装置失效/人体综合电阻检测装置失效\n导致危险源释放的因素：人体静电释放装置缺失；\n人体静电释放装置失效或人体综合电阻检测装置失效""}",非密-第二类危险源分析.docx,HAZARD_FACTOR_REFERENCE_V1,1.6-reference,1.0000,accepted
EVHF_11d19a443ce9f6b8bb5a,Evidence,非密-第二类危险源分析.docx 表4第26行,非密-第二类危险源分析.docx 表4第26行,"类别：工艺因素 > 温度异常
失效模式：突然温升
导致危险源释放的因素：热失控征兆","{""major_category"":""工艺因素"",""raw_cells"":[""2.1"",""温度异常"",""突然温升"",""热失控征兆""],""row"":26,""source_doc"":""非密-第二类危险源分析.docx"",""subcategory"":""温度异常"",""table"":""表4 工序/岗位危险有害因素一览表"",""table_index"":0,""text"":""类别：工艺因素 > 温度异常\n失效模式：突然温升\n导致危险源释放的因素：热失控征兆""}",非密-第二类危险源分析.docx,HAZARD_FACTOR_REFERENCE_V1,1.6-reference,1.0000,accepted
EVHF_1537d1f0e4725dcd0a95,Evidence,非密-第二类危险源分析.docx 表4第203行,非密-第二类危险源分析.docx 表4第203行,"类别：环境因素 > 作业环境
失效模式：阶梯和活动架缺陷
导致危险源释放的因素：阶梯或活动架的扶手、护栏等防护设施缺失、高度不足或连接不牢固","{""major_category"":""环境因素"",""raw_cells"":[""4.4"",""作业环境"",""阶梯和活动架缺陷"",""阶梯或活动架的扶手、护栏等防护设施缺失、高度不足或连接不牢固""],""row"":203,""source_doc"":""非密-第二类危险源分析.docx"",""subcategory"":""作业环境"",""table"":""表4 工序/岗位危险有害因素一览表"",""table_index"":0,""text"":""类别：环境因素 > 作业环境\n失效模式：阶梯和活动架缺陷\n导致危险源释放的因素：阶梯或活动架的扶手、护栏等防护设施缺失、高度不足或连接不牢固""}",非密-第二类危险源分析.docx,HAZARD_FACTOR_REFERENCE_V1,1.6-reference,1.0000,accepted
EVHF_1764b4c32e0563007a62,Evidence,非密-第二类危险源分析.docx 表4第217行,非密-第二类危险源分析.docx 表4第217行,"类别：管理因素 > 特种设备管理
失效模式：防爆叉车、起重机等操作人员资格证缺失
导致危险源释放的因素：防爆叉车、起重机等操作人员无资格证、或资格证过有效期","{""major_category"":""管理因素"",""raw_cells"":[""5.3"",""特种设备管理"",""防爆叉车、起重机等操作人员资格证缺失"",""防爆叉车、起重机等操作人员无资格证、或资格证过有效期""],""row"":217,""source_doc"":""非密-第二类危险源分析.docx"",""subcategory"":""特种设备管理"",""table"":""表4 工序/岗位危险有害因素一览表"",""table_index"":0,""text"":""类别：管理因素 > 特种设备管理\n失效模式：防爆叉车、起重机等操作人员资格证缺失\n导致危险源释放的因素：防爆叉车、起重机等操作人员无资格证、或资格证过有效期""}",非密-第二类危险源分析.docx,HAZARD_FACTOR_REFERENCE_V1,1.6-reference,1.0000,accepted
EVHF_194d9e0c1f1d91a60bab,Evidence,非密-第二类危险源分析.docx 表4第76行,非密-第二类危险源分析.docx 表4第76行,"类别：工艺因素 > 容器内料位异常
失效模式：料位传感器失效
导致危险源释放的因素：无法准确监测料位","{""major_category"":""工艺因素"",""raw_cells"":[""2.6"",""容器内料位异常"",""料位传感器失效"",""无法准确监测料位""],""row"":76,""source_doc"":""非密-第二类危险源分析.docx"",""subcategory"":""容器内料位异常"",""table"":""表4 工序/岗位危险有害因素一览表"",""table_index"":0,""text"":""类别：工艺因素 > 容器内料位异常\n失效模式：料位传感器失效\n导致危险源释放的因素：无法准确监测料位""}",非密-第二类危险源分析.docx,HAZARD_FACTOR_REFERENCE_V1,1.6-reference,1.0000,accepted
EVHF_1a2fe48555266322c660,Evidence,非密-第二类危险源分析.docx 表4第166行,非密-第二类危险源分析.docx 表4第166行,"类别：设备设施因素 > 开关启闭故障
失效模式：误关闭
导致危险源释放的因素：正常运行工况下无故跳闸、停机、阀门意外关闭","{""major_category"":""设备设施因素"",""raw_cells"":[""3.2"",""开关启闭故障"",""误关闭"",""正常运行工况下无故跳闸、停机、阀门意外关闭""],""row"":166,""source_doc"":""非密-第二类危险源分析.docx"",""subcategory"":""开关启闭故障"",""table"":""表4 工序/岗位危险有害因素一览表"",""table_index"":0,""text"":""类别：设备设施因素 > 开关启闭故障\n失效模式：误关闭\n导致危险源释放的因素：正常运行工况下无故跳闸、停机、阀门意外关闭""}",非密-第二类危险源分析.docx,HAZARD_FACTOR_REFERENCE_V1,1.6-reference,1.0000,accepted
EVHF_1a737c850bcf6ceee280,Evidence,非密-第二类危险源分析.docx 表4第195行,非密-第二类危险源分析.docx 表4第195行,"类别：环境因素 > 防静电
失效模式：接地电阻不合格
导致危险源释放的因素：接地不良；接地连接点松动、锈蚀，导致接触电阻增大","{""major_category"":""环境因素"",""raw_cells"":[""4.2"",""防静电"",""接地电阻不合格"",""接地不良；接地连接点松动、锈蚀，导致接触电阻增大""],""row"":195,""source_doc"":""非密-第二类危险源分析.docx"",""subcategory"":""防静电"",""table"":""表4 工序/岗位危险有害因素一览表"",""table_index"":0,""text"":""类别：环境因素 > 防静电\n失效模式：接地电阻不合格\n导致危险源释放的因素：接地不良；接地连接点松动、锈蚀，导致接触电阻增大""}",非密-第二类危险源分析.docx,HAZARD_FACTOR_REFERENCE_V1,1.6-reference,1.0000,accepted
EVHF_1ac15bf1255bdb8a2a7e,Evidence,非密-第二类危险源分析.docx 表4第138行,非密-第二类危险源分析.docx 表4第138行,"类别：工艺因素 > 进刀量异常
失效模式：进刀速度过慢
导致危险源释放的因素：摩擦时间延长","{""major_category"":""工艺因素"",""raw_cells"":[""2.10"",""进刀量异常"",""进刀速度过慢"",""摩擦时间延长""],""row"":138,""source_doc"":""非密-第二类危险源分析.docx"",""subcategory"":""进刀量异常"",""table"":""表4 工序/岗位危险有害因素一览表"",""table_index"":0,""text"":""类别：工艺因素 > 进刀量异常\n失效模式：进刀速度过慢\n导致危险源释放的因素：摩擦时间延长""}",非密-第二类危险源分析.docx,HAZARD_FACTOR_REFERENCE_V1,1.6-reference,1.0000,accepted
EVHF_1d74333f872ffd5066e3,Evidence,非密-第二类危险源分析.docx 表4第152行,非密-第二类危险源分析.docx 表4第152行,"类别：工艺因素 > 转速异常
失效模式：突然加速
导致危险源释放的因素：产生冲击载荷","{""major_category"":""工艺因素"",""raw_cells"":[""2.11"",""转速异常"",""突然加速"",""产生冲击载荷""],""row"":152,""source_doc"":""非密-第二类危险源分析.docx"",""subcategory"":""转速异常"",""table"":""表4 工序/岗位危险有害因素一览表"",""table_index"":0,""text"":""类别：工艺因素 > 转速异常\n失效模式：突然加速\n导致危险源释放的因素：产生冲击载荷""}",非密-第二类危险源分析.docx,HAZARD_FACTOR_REFERENCE_V1,1.6-reference,1.0000,accepted
EVHF_1e116051d824ad7f817c,Evidence,非密-第二类危险源分析.docx 表4第81行,非密-第二类危险源分析.docx 表4第81行,"类别：工艺因素 > 容器内料位异常
失效模式：过量加料
导致危险源释放的因素：超出设备设计容量","{""major_category"":""工艺因素"",""raw_cells"":[""2.6"",""容器内料位异常"",""过量加料"",""超出设备设计容量""],""row"":81,""source_doc"":""非密-第二类危险源分析.docx"",""subcategory"":""容器内料位异常"",""table"":""表4 工序/岗位危险有害因素一览表"",""table_index"":0,""text"":""类别：工艺因素 > 容器内料位异常\n失效模式：过量加料\n导致危险源释放的因素：超出设备设计容量""}",非密-第二类危险源分析.docx,HAZARD_FACTOR_REFERENCE_V1,1.6-reference,1.0000,accepted
EVHF_2382db9c174e1d1cc3bd,Evidence,非密-第二类危险源分析.docx 表4第170行,非密-第二类危险源分析.docx 表4第170行,"类别：设备设施因素 > 泄漏与堵塞故障
失效模式：内部泄漏
导致危险源释放的因素：阀腔、密封、腔体内部窜压、窜料，内漏超标","{""major_category"":""设备设施因素"",""raw_cells"":[""3.3"",""泄漏与堵塞故障"",""内部泄漏"",""阀腔、密封、腔体内部窜压、窜料，内漏超标""],""row"":170,""source_doc"":""非密-第二类危险源分析.docx"",""subcategory"":""泄漏与堵塞故障"",""table"":""表4 工序/岗位危险有害因素一览表"",""table_index"":0,""text"":""类别：设备设施因素 > 泄漏与堵塞故障\n失效模式：内部泄漏\n导致危险源释放的因素：阀腔、密封、腔体内部窜压、窜料，内漏超标""}",非密-第二类危险源分析.docx,HAZARD_FACTOR_REFERENCE_V1,1.6-reference,1.0000,accepted
EVHF_24cf545d2a6d63c94a5c,Evidence,非密-第二类危险源分析.docx 表4第165行,非密-第二类危险源分析.docx 表4第165行,"类别：设备设施因素 > 开关启闭故障
失效模式：误开启
导致危险源释放的因素：无操作指令、无触发条件，设备自行启动、意外动作","{""major_category"":""设备设施因素"",""raw_cells"":[""3.2"",""开关启闭故障"",""误开启"",""无操作指令、无触发条件，设备自行启动、意外动作""],""row"":165,""source_doc"":""非密-第二类危险源分析.docx"",""subcategory"":""开关启闭故障"",""table"":""表4 工序/岗位危险有害因素一览表"",""table_index"":0,""text"":""类别：设备设施因素 > 开关启闭故障\n失效模式：误开启\n导致危险源释放的因素：无操作指令、无触发条件，设备自行启动、意外动作""}",非密-第二类危险源分析.docx,HAZARD_FACTOR_REFERENCE_V1,1.6-reference,1.0000,accepted
EVHF_2508d91af2bb1bac2655,Evidence,非密-第二类危险源分析.docx 表4第126行,非密-第二类危险源分析.docx 表4第126行,"类别：工艺因素 > 进刀量异常
失效模式：刀具磨损
导致危险源释放的因素：实际加工量发生偏差","{""major_category"":""工艺因素"",""raw_cells"":[""2.10"",""进刀量异常"",""刀具磨损"",""实际加工量发生偏差""],""row"":126,""source_doc"":""非密-第二类危险源分析.docx"",""subcategory"":""进刀量异常"",""table"":""表4 工序/岗位危险有害因素一览表"",""table_index"":0,""text"":""类别：工艺因素 > 进刀量异常\n失效模式：刀具磨损\n导致危险源释放的因素：实际加工量发生偏差""}",非密-第二类危险源分析.docx,HAZARD_FACTOR_REFERENCE_V1,1.6-reference,1.0000,accepted
EVHF_25a6df471a876735a4bd,Evidence,非密-第二类危险源分析.docx 表4第66行,非密-第二类危险源分析.docx 表4第66行,"类别：工艺因素 > 流量异常
失效模式：管路堵塞
导致危险源释放的因素：物料沉积或异物堵塞导致流量降低","{""major_category"":""工艺因素"",""raw_cells"":[""2.5"",""流量异常"",""管路堵塞"",""物料沉积或异物堵塞导致流量降低""],""row"":66,""source_doc"":""非密-第二类危险源分析.docx"",""subcategory"":""流量异常"",""table"":""表4 工序/岗位危险有害因素一览表"",""table_index"":0,""text"":""类别：工艺因素 > 流量异常\n失效模式：管路堵塞\n导致危险源释放的因素：物料沉积或异物堵塞导致流量降低""}",非密-第二类危险源分析.docx,HAZARD_FACTOR_REFERENCE_V1,1.6-reference,1.0000,accepted
EVHF_26528929f379c4fbcb77,Evidence,非密-第二类危险源分析.docx 表4第153行,非密-第二类危险源分析.docx 表4第153行,"类别：工艺因素 > 转速异常
失效模式：启停频繁
导致危险源释放的因素：增加机械冲击和疲劳损伤","{""major_category"":""工艺因素"",""raw_cells"":[""2.11"",""转速异常"",""启停频繁"",""增加机械冲击和疲劳损伤""],""row"":153,""source_doc"":""非密-第二类危险源分析.docx"",""subcategory"":""转速异常"",""table"":""表4 工序/岗位危险有害因素一览表"",""table_index"":0,""text"":""类别：工艺因素 > 转速异常\n失效模式：启停频繁\n导致危险源释放的因素：增加机械冲击和疲劳损伤""}",非密-第二类危险源分析.docx,HAZARD_FACTOR_REFERENCE_V1,1.6-reference,1.0000,accepted
EVHF_299048dcd3b50ac73aa3,Evidence,非密-第二类危险源分析.docx 表4第21行,非密-第二类危险源分析.docx 表4第21行,"类别：工艺因素 > 温度异常
失效模式：温度分布不均
导致危险源释放的因素：局部热点形成导致物料受热不均","{""major_category"":""工艺因素"",""raw_cells"":[""2.1"",""温度异常"",""温度分布不均"",""局部热点形成导致物料受热不均""],""row"":21,""source_doc"":""非密-第二类危险源分析.docx"",""subcategory"":""温度异常"",""table"":""表4 工序/岗位危险有害因素一览表"",""table_index"":0,""text"":""类别：工艺因素 > 温度异常\n失效模式：温度分布不均\n导致危险源释放的因素：局部热点形成导致物料受热不均""}",非密-第二类危险源分析.docx,HAZARD_FACTOR_REFERENCE_V1,1.6-reference,1.0000,accepted
EVHF_2bd39b3db3a0408fa3bb,Evidence,非密-第二类危险源分析.docx 表4第52行,非密-第二类危险源分析.docx 表4第52行,"类别：工艺因素 > 真空度异常
失效模式：真空泵抽气能力下降
导致危险源释放的因素：泵体磨损、叶片损坏导致抽气效率降低","{""major_category"":""工艺因素"",""raw_cells"":[""2.4"",""真空度异常"",""真空泵抽气能力下降"",""泵体磨损、叶片损坏导致抽气效率降低""],""row"":52,""source_doc"":""非密-第二类危险源分析.docx"",""subcategory"":""真空度异常"",""table"":""表4 工序/岗位危险有害因素一览表"",""table_index"":0,""text"":""类别：工艺因素 > 真空度异常\n失效模式：真空泵抽气能力下降\n导致危险源释放的因素：泵体磨损、叶片损坏导致抽气效率降低""}",非密-第二类危险源分析.docx,HAZARD_FACTOR_REFERENCE_V1,1.6-reference,1.0000,accepted
EVHF_2d0108c8d9573e48e91d,Evidence,非密-第二类危险源分析.docx 表4第163行,非密-第二类危险源分析.docx 表4第163行,"类别：设备设施因素 > 开关启闭故障
失效模式：无法开启
导致危险源释放的因素：接收启动指令后设备、阀门、回路无法打开、无法启动","{""major_category"":""设备设施因素"",""raw_cells"":[""3.2"",""开关启闭故障"",""无法开启"",""接收启动指令后设备、阀门、回路无法打开、无法启动""],""row"":163,""source_doc"":""非密-第二类危险源分析.docx"",""subcategory"":""开关启闭故障"",""table"":""表4 工序/岗位危险有害因素一览表"",""table_index"":0,""text"":""类别：设备设施因素 > 开关启闭故障\n失效模式：无法开启\n导致危险源释放的因素：接收启动指令后设备、阀门、回路无法打开、无法启动""}",非密-第二类危险源分析.docx,HAZARD_FACTOR_REFERENCE_V1,1.6-reference,1.0000,accepted
EVHF_3107752013f815e5cacc,Evidence,非密-第二类危险源分析.docx 表4第206行,非密-第二类危险源分析.docx 表4第206行,"类别：环境因素 > 作业环境
失效模式：物流通道、安全通道不畅
导致危险源释放的因素：通道堵塞不畅；
安全出口门上锁、通道门开启方向错误或通道宽度被设备、管线占用","{""major_category"":""环境因素"",""raw_cells"":[""4.4"",""作业环境"",""物流通道、安全通道不畅"",""通道堵塞不畅；\n安全出口门上锁、通道门开启方向错误或通道宽度被设备、管线占用""],""row"":206,""source_doc"":""非密-第二类危险源分析.docx"",""subcategory"":""作业环境"",""table"":""表4 工序/岗位危险有害因素一览表"",""table_index"":0,""text"":""类别：环境因素 > 作业环境\n失效模式：物流通道、安全通道不畅\n导致危险源释放的因素：通道堵塞不畅；\n安全出口门上锁、通道门开启方向错误或通道宽度被设备、管线占用""}",非密-第二类危险源分析.docx,HAZARD_FACTOR_REFERENCE_V1,1.6-reference,1.0000,accepted
EVHF_310b0cec2eda9b2142ca,Evidence,非密-第二类危险源分析.docx 表4第169行,非密-第二类危险源分析.docx 表4第169行,"类别：设备设施因素 > 开关启闭故障
失效模式：滞后动作
导致危险源释放的因素：接收指令后响应延迟，启停、切换动作迟缓","{""major_category"":""设备设施因素"",""raw_cells"":[""3.2"",""开关启闭故障"",""滞后动作"",""接收指令后响应延迟，启停、切换动作迟缓""],""row"":169,""source_doc"":""非密-第二类危险源分析.docx"",""subcategory"":""开关启闭故障"",""table"":""表4 工序/岗位危险有害因素一览表"",""table_index"":0,""text"":""类别：设备设施因素 > 开关启闭故障\n失效模式：滞后动作\n导致危险源释放的因素：接收指令后响应延迟，启停、切换动作迟缓""}",非密-第二类危险源分析.docx,HAZARD_FACTOR_REFERENCE_V1,1.6-reference,1.0000,accepted
EVHF_3187d9c3886bc5622297,Evidence,非密-第二类危险源分析.docx 表4第162行,非密-第二类危险源分析.docx 表4第162行,"类别：设备设施因素 > 结构与机械损坏
失效模式：锈蚀腐蚀
导致危险源释放的因素：介质腐蚀、电化学生锈、氧化起皮，部件材质劣化","{""major_category"":""设备设施因素"",""raw_cells"":[""3.1"",""结构与机械损坏"",""锈蚀腐蚀"",""介质腐蚀、电化学生锈、氧化起皮，部件材质劣化""],""row"":162,""source_doc"":""非密-第二类危险源分析.docx"",""subcategory"":""结构与机械损坏"",""table"":""表4 工序/岗位危险有害因素一览表"",""table_index"":0,""text"":""类别：设备设施因素 > 结构与机械损坏\n失效模式：锈蚀腐蚀\n导致危险源释放的因素：介质腐蚀、电化学生锈、氧化起皮，部件材质劣化""}",非密-第二类危险源分析.docx,HAZARD_FACTOR_REFERENCE_V1,1.6-reference,1.0000,accepted
EVHF_328a3f8d51407df3213c,Evidence,非密-第二类危险源分析.docx 表4第192行,非密-第二类危险源分析.docx 表4第192行,"类别：环境因素 > 防静电
失效模式：防静电护具失效
导致危险源释放的因素：防静电护具缺失；防静电护具损坏","{""major_category"":""环境因素"",""raw_cells"":[""4.2"",""防静电"",""防静电护具失效"",""防静电护具缺失；防静电护具损坏""],""row"":192,""source_doc"":""非密-第二类危险源分析.docx"",""subcategory"":""防静电"",""table"":""表4 工序/岗位危险有害因素一览表"",""table_index"":0,""text"":""类别：环境因素 > 防静电\n失效模式：防静电护具失效\n导致危险源释放的因素：防静电护具缺失；防静电护具损坏""}",非密-第二类危险源分析.docx,HAZARD_FACTOR_REFERENCE_V1,1.6-reference,1.0000,accepted
EVHF_32eca3b71981f0be79fb,Evidence,非密-第二类危险源分析.docx 表4第134行,非密-第二类危险源分析.docx 表4第134行,"类别：工艺因素 > 进刀量异常
失效模式：进刀量过大
导致危险源释放的因素：切削载荷和摩擦热增加","{""major_category"":""工艺因素"",""raw_cells"":[""2.10"",""进刀量异常"",""进刀量过大"",""切削载荷和摩擦热增加""],""row"":134,""source_doc"":""非密-第二类危险源分析.docx"",""subcategory"":""进刀量异常"",""table"":""表4 工序/岗位危险有害因素一览表"",""table_index"":0,""text"":""类别：工艺因素 > 进刀量异常\n失效模式：进刀量过大\n导致危险源释放的因素：切削载荷和摩擦热增加""}",非密-第二类危险源分析.docx,HAZARD_FACTOR_REFERENCE_V1,1.6-reference,1.0000,accepted
EVHF_33258b5d2a8fd711c7b7,Evidence,非密-第二类危险源分析.docx 表4第146行,非密-第二类危险源分析.docx 表4第146行,"类别：工艺因素 > 转速异常
失效模式：转速过高
导致危险源释放的因素：导致摩擦热和机械冲击增加","{""major_category"":""工艺因素"",""raw_cells"":[""2.11"",""转速异常"",""转速过高"",""导致摩擦热和机械冲击增加""],""row"":146,""source_doc"":""非密-第二类危险源分析.docx"",""subcategory"":""转速异常"",""table"":""表4 工序/岗位危险有害因素一览表"",""table_index"":0,""text"":""类别：工艺因素 > 转速异常\n失效模式：转速过高\n导致危险源释放的因素：导致摩擦热和机械冲击增加""}",非密-第二类危险源分析.docx,HAZARD_FACTOR_REFERENCE_V1,1.6-reference,1.0000,accepted
EVHF_364bcf9a46fb29d7ece6,Evidence,非密-第二类危险源分析.docx 表4第115行,非密-第二类危险源分析.docx 表4第115行,"类别：工艺因素 > 搅拌异常
失效模式：搅拌轴偏心振动
导致危险源释放的因素：增加机械摩擦和冲击风险","{""major_category"":""工艺因素"",""raw_cells"":[""2.9"",""搅拌异常"",""搅拌轴偏心振动"",""增加机械摩擦和冲击风险""],""row"":115,""source_doc"":""非密-第二类危险源分析.docx"",""subcategory"":""搅拌异常"",""table"":""表4 工序/岗位危险有害因素一览表"",""table_index"":0,""text"":""类别：工艺因素 > 搅拌异常\n失效模式：搅拌轴偏心振动\n导致危险源释放的因素：增加机械摩擦和冲击风险""}",非密-第二类危险源分析.docx,HAZARD_FACTOR_REFERENCE_V1,1.6-reference,1.0000,accepted
EVHF_367ea84792f65524646a,Evidence,非密-第二类危险源分析.docx 表4第131行,非密-第二类危险源分析.docx 表4第131行,"类别：工艺因素 > 进刀量异常
失效模式：导轨磨损
导致危险源释放的因素：运动轨迹偏移","{""major_category"":""工艺因素"",""raw_cells"":[""2.10"",""进刀量异常"",""导轨磨损"",""运动轨迹偏移""],""row"":131,""source_doc"":""非密-第二类危险源分析.docx"",""subcategory"":""进刀量异常"",""table"":""表4 工序/岗位危险有害因素一览表"",""table_index"":0,""text"":""类别：工艺因素 > 进刀量异常\n失效模式：导轨磨损\n导致危险源释放的因素：运动轨迹偏移""}",非密-第二类危险源分析.docx,HAZARD_FACTOR_REFERENCE_V1,1.6-reference,1.0000,accepted
EVHF_36d46d73fc28ece39f6b,Evidence,非密-第二类危险源分析.docx 表4第178行,非密-第二类危险源分析.docx 表4第178行,"类别：设备设施因素 > 参数超限故障
失效模式：输入偏小
导致危险源释放的因素：能源、物料、气源供给不足，低于工艺最低需求","{""major_category"":""设备设施因素"",""raw_cells"":[""3.4"",""参数超限故障"",""输入偏小"",""能源、物料、气源供给不足，低于工艺最低需求""],""row"":178,""source_doc"":""非密-第二类危险源分析.docx"",""subcategory"":""参数超限故障"",""table"":""表4 工序/岗位危险有害因素一览表"",""table_index"":0,""text"":""类别：设备设施因素 > 参数超限故障\n失效模式：输入偏小\n导致危险源释放的因素：能源、物料、气源供给不足，低于工艺最低需求""}",非密-第二类危险源分析.docx,HAZARD_FACTOR_REFERENCE_V1,1.6-reference,1.0000,accepted
EVHF_381ac9e4d172fd772b09,Evidence,非密-第二类危险源分析.docx 表4第61行,非密-第二类危险源分析.docx 表4第61行,"类别：工艺因素 > 真空度异常
失效模式：误开进气阀
导致危险源释放的因素：真空环境被破坏","{""major_category"":""工艺因素"",""raw_cells"":[""2.4"",""真空度异常"",""误开进气阀"",""真空环境被破坏""],""row"":61,""source_doc"":""非密-第二类危险源分析.docx"",""subcategory"":""真空度异常"",""table"":""表4 工序/岗位危险有害因素一览表"",""table_index"":0,""text"":""类别：工艺因素 > 真空度异常\n失效模式：误开进气阀\n导致危险源释放的因素：真空环境被破坏""}",非密-第二类危险源分析.docx,HAZARD_FACTOR_REFERENCE_V1,1.6-reference,1.0000,accepted
EVHF_3b7e6448ef0683c59a09,Evidence,非密-第二类危险源分析.docx 表4第68行,非密-第二类危险源分析.docx 表4第68行,"类别：工艺因素 > 流量异常
失效模式：管路泄漏
导致危险源释放的因素：介质损失导致实际流量不足","{""major_category"":""工艺因素"",""raw_cells"":[""2.5"",""流量异常"",""管路泄漏"",""介质损失导致实际流量不足""],""row"":68,""source_doc"":""非密-第二类危险源分析.docx"",""subcategory"":""流量异常"",""table"":""表4 工序/岗位危险有害因素一览表"",""table_index"":0,""text"":""类别：工艺因素 > 流量异常\n失效模式：管路泄漏\n导致危险源释放的因素：介质损失导致实际流量不足""}",非密-第二类危险源分析.docx,HAZARD_FACTOR_REFERENCE_V1,1.6-reference,1.0000,accepted
EVHF_3beabfd7a8c65579dfef,Evidence,非密-第二类危险源分析.docx 表4第164行,非密-第二类危险源分析.docx 表4第164行,"类别：设备设施因素 > 开关启闭故障
失效模式：无法关闭
导致危险源释放的因素：停机、关断指令无效，设备无法停止、阀门无法回位","{""major_category"":""设备设施因素"",""raw_cells"":[""3.2"",""开关启闭故障"",""无法关闭"",""停机、关断指令无效，设备无法停止、阀门无法回位""],""row"":164,""source_doc"":""非密-第二类危险源分析.docx"",""subcategory"":""开关启闭故障"",""table"":""表4 工序/岗位危险有害因素一览表"",""table_index"":0,""text"":""类别：设备设施因素 > 开关启闭故障\n失效模式：无法关闭\n导致危险源释放的因素：停机、关断指令无效，设备无法停止、阀门无法回位""}",非密-第二类危险源分析.docx,HAZARD_FACTOR_REFERENCE_V1,1.6-reference,1.0000,accepted
EVHF_3cae71893eb0bba1d5ff,Evidence,非密-第二类危险源分析.docx 表4第67行,非密-第二类危险源分析.docx 表4第67行,"类别：工艺因素 > 流量异常
失效模式：阀门开度异常
导致危险源释放的因素：导致流量偏离设定值","{""major_category"":""工艺因素"",""raw_cells"":[""2.5"",""流量异常"",""阀门开度异常"",""导致流量偏离设定值""],""row"":67,""source_doc"":""非密-第二类危险源分析.docx"",""subcategory"":""流量异常"",""table"":""表4 工序/岗位危险有害因素一览表"",""table_index"":0,""text"":""类别：工艺因素 > 流量异常\n失效模式：阀门开度异常\n导致危险源释放的因素：导致流量偏离设定值""}",非密-第二类危险源分析.docx,HAZARD_FACTOR_REFERENCE_V1,1.6-reference,1.0000,accepted
EVHF_3ce3e203729333ffc79a,Evidence,非密-第二类危险源分析.docx 表4第99行,非密-第二类危险源分析.docx 表4第99行,"类别：工艺因素 > 载荷异常
失效模式：超载运行
导致危险源释放的因素：超出设备设计负荷","{""major_category"":""工艺因素"",""raw_cells"":[""2.8"",""载荷异常"",""超载运行"",""超出设备设计负荷""],""row"":99,""source_doc"":""非密-第二类危险源分析.docx"",""subcategory"":""载荷异常"",""table"":""表4 工序/岗位危险有害因素一览表"",""table_index"":0,""text"":""类别：工艺因素 > 载荷异常\n失效模式：超载运行\n导致危险源释放的因素：超出设备设计负荷""}",非密-第二类危险源分析.docx,HAZARD_FACTOR_REFERENCE_V1,1.6-reference,1.0000,accepted
EVHF_3d7dfc3062f232570b76,Evidence,非密-第二类危险源分析.docx 表4第180行,非密-第二类危险源分析.docx 表4第180行,"类别：设备设施因素 > 参数超限故障
失效模式：仪表错指示
导致危险源释放的因素：传感器、压力表、数显仪表示数失真、虚高虚低、误报警","{""major_category"":""设备设施因素"",""raw_cells"":[""3.4"",""参数超限故障"",""仪表错指示"",""传感器、压力表、数显仪表示数失真、虚高虚低、误报警""],""row"":180,""source_doc"":""非密-第二类危险源分析.docx"",""subcategory"":""参数超限故障"",""table"":""表4 工序/岗位危险有害因素一览表"",""table_index"":0,""text"":""类别：设备设施因素 > 参数超限故障\n失效模式：仪表错指示\n导致危险源释放的因素：传感器、压力表、数显仪表示数失真、虚高虚低、误报警""}",非密-第二类危险源分析.docx,HAZARD_FACTOR_REFERENCE_V1,1.6-reference,1.0000,accepted
EVHF_3df6c0d3a26c915bd134,Evidence,非密-第二类危险源分析.docx 表4第87行,非密-第二类危险源分析.docx 表4第87行,"类别：工艺因素 > 容器内料位异常
失效模式：料位联锁失效
导致危险源释放的因素：料位异常时设备未自动停机","{""major_category"":""工艺因素"",""raw_cells"":[""2.6"",""容器内料位异常"",""料位联锁失效"",""料位异常时设备未自动停机""],""row"":87,""source_doc"":""非密-第二类危险源分析.docx"",""subcategory"":""容器内料位异常"",""table"":""表4 工序/岗位危险有害因素一览表"",""table_index"":0,""text"":""类别：工艺因素 > 容器内料位异常\n失效模式：料位联锁失效\n导致危险源释放的因素：料位异常时设备未自动停机""}",非密-第二类危险源分析.docx,HAZARD_FACTOR_REFERENCE_V1,1.6-reference,1.0000,accepted
EVHF_4346d0ee7ba01222a614,Evidence,非密-第二类危险源分析.docx 表4第18行,非密-第二类危险源分析.docx 表4第18行,"类别：工艺因素 > 温度异常
失效模式：温度传感器失效
导致危险源释放的因素：测量值偏差或信号丢失","{""major_category"":""工艺因素"",""raw_cells"":[""2.1"",""温度异常"",""温度传感器失效"",""测量值偏差或信号丢失""],""row"":18,""source_doc"":""非密-第二类危险源分析.docx"",""subcategory"":""温度异常"",""table"":""表4 工序/岗位危险有害因素一览表"",""table_index"":0,""text"":""类别：工艺因素 > 温度异常\n失效模式：温度传感器失效\n导致危险源释放的因素：测量值偏差或信号丢失""}",非密-第二类危险源分析.docx,HAZARD_FACTOR_REFERENCE_V1,1.6-reference,1.0000,accepted
EVHF_43c79b6eeb316de7778b,Evidence,非密-第二类危险源分析.docx 表4第174行,非密-第二类危险源分析.docx 表4第174行,"类别：设备设施因素 > 泄漏与堵塞故障
失效模式：节流异常
导致危险源释放的因素：通径变小、局部缩流，流量、输送能力无故下降","{""major_category"":""设备设施因素"",""raw_cells"":[""3.3"",""泄漏与堵塞故障"",""节流异常"",""通径变小、局部缩流，流量、输送能力无故下降""],""row"":174,""source_doc"":""非密-第二类危险源分析.docx"",""subcategory"":""泄漏与堵塞故障"",""table"":""表4 工序/岗位危险有害因素一览表"",""table_index"":0,""text"":""类别：设备设施因素 > 泄漏与堵塞故障\n失效模式：节流异常\n导致危险源释放的因素：通径变小、局部缩流，流量、输送能力无故下降""}",非密-第二类危险源分析.docx,HAZARD_FACTOR_REFERENCE_V1,1.6-reference,1.0000,accepted
EVHF_44220d9a04afa1cf0170,Evidence,非密-第二类危险源分析.docx 表4第48行,非密-第二类危险源分析.docx 表4第48行,"类别：工艺因素 > 压力异常
失效模式：压力释放过快
导致危险源释放的因素：产生冲击和扬尘","{""major_category"":""工艺因素"",""raw_cells"":[""2.3"",""压力异常"",""压力释放过快"",""产生冲击和扬尘""],""row"":48,""source_doc"":""非密-第二类危险源分析.docx"",""subcategory"":""压力异常"",""table"":""表4 工序/岗位危险有害因素一览表"",""table_index"":0,""text"":""类别：工艺因素 > 压力异常\n失效模式：压力释放过快\n导致危险源释放的因素：产生冲击和扬尘""}",非密-第二类危险源分析.docx,HAZARD_FACTOR_REFERENCE_V1,1.6-reference,1.0000,accepted
EVHF_455ec9b80683e255ba93,Evidence,非密-第二类危险源分析.docx 表4第50行,非密-第二类危险源分析.docx 表4第50行,"类别：工艺因素 > 压力异常
失效模式：压力联锁失效
导致危险源释放的因素：异常状态下设备未停机","{""major_category"":""工艺因素"",""raw_cells"":[""2.3"",""压力异常"",""压力联锁失效"",""异常状态下设备未停机""],""row"":50,""source_doc"":""非密-第二类危险源分析.docx"",""subcategory"":""压力异常"",""table"":""表4 工序/岗位危险有害因素一览表"",""table_index"":0,""text"":""类别：工艺因素 > 压力异常\n失效模式：压力联锁失效\n导致危险源释放的因素：异常状态下设备未停机""}",非密-第二类危险源分析.docx,HAZARD_FACTOR_REFERENCE_V1,1.6-reference,1.0000,accepted
EVHF_45a3aaf4f2f94c20502e,Evidence,非密-第二类危险源分析.docx 表4第10行,非密-第二类危险源分析.docx 表4第10行,"类别：人的因素 > 人员操作
失效模式：操作工具错误
导致危险源释放的因素：使用不安全装置；手代替工具操作；操作工具材质不符合要求","{""major_category"":""人的因素"",""raw_cells"":[""1.1"",""人员操作"",""操作工具错误"",""使用不安全装置；手代替工具操作；操作工具材质不符合要求""],""row"":10,""source_doc"":""非密-第二类危险源分析.docx"",""subcategory"":""人员操作"",""table"":""表4 工序/岗位危险有害因素一览表"",""table_index"":0,""text"":""类别：人的因素 > 人员操作\n失效模式：操作工具错误\n导致危险源释放的因素：使用不安全装置；手代替工具操作；操作工具材质不符合要求""}",非密-第二类危险源分析.docx,HAZARD_FACTOR_REFERENCE_V1,1.6-reference,1.0000,accepted
EVHF_462bec4277b672a4554b,Evidence,非密-第二类危险源分析.docx 表4第25行,非密-第二类危险源分析.docx 表4第25行,"类别：工艺因素 > 温度异常
失效模式：升温速率过慢
导致危险源释放的因素：工艺过程异常","{""major_category"":""工艺因素"",""raw_cells"":[""2.1"",""温度异常"",""升温速率过慢"",""工艺过程异常""],""row"":25,""source_doc"":""非密-第二类危险源分析.docx"",""subcategory"":""温度异常"",""table"":""表4 工序/岗位危险有害因素一览表"",""table_index"":0,""text"":""类别：工艺因素 > 温度异常\n失效模式：升温速率过慢\n导致危险源释放的因素：工艺过程异常""}",非密-第二类危险源分析.docx,HAZARD_FACTOR_REFERENCE_V1,1.6-reference,1.0000,accepted
EVHF_47035f5e674447ff45e4,Evidence,非密-第二类危险源分析.docx 表4第208行,非密-第二类危险源分析.docx 表4第208行,"类别：环境因素 > 作业环境
失效模式：散药、浮药、余药、残药（“四药”）未清理
导致危险源释放的因素：地面、台面、设备、工装、产品表面、辅助工具等处，四药清理不及时、不干净","{""major_category"":""环境因素"",""raw_cells"":[""4.4"",""作业环境"",""散药、浮药、余药、残药（“四药”）未清理"",""地面、台面、设备、工装、产品表面、辅助工具等处，四药清理不及时、不干净""],""row"":208,""source_doc"":""非密-第二类危险源分析.docx"",""subcategory"":""作业环境"",""table"":""表4 工序/岗位危险有害因素一览表"",""table_index"":0,""text"":""类别：环境因素 > 作业环境\n失效模式：散药、浮药、余药、残药（“四药”）未清理\n导致危险源释放的因素：地面、台面、设备、工装、产品表面、辅助工具等处，四药清理不及时、不干净""}",非密-第二类危险源分析.docx,HAZARD_FACTOR_REFERENCE_V1,1.6-reference,1.0000,accepted
EVHF_470c61fdcfb5a9f52022,Evidence,非密-第二类危险源分析.docx 表4第74行,非密-第二类危险源分析.docx 表4第74行,"类别：工艺因素 > 流量异常
失效模式：流量中断
导致危险源释放的因素：介质停止输送","{""major_category"":""工艺因素"",""raw_cells"":[""2.5"",""流量异常"",""流量中断"",""介质停止输送""],""row"":74,""source_doc"":""非密-第二类危险源分析.docx"",""subcategory"":""流量异常"",""table"":""表4 工序/岗位危险有害因素一览表"",""table_index"":0,""text"":""类别：工艺因素 > 流量异常\n失效模式：流量中断\n导致危险源释放的因素：介质停止输送""}",非密-第二类危险源分析.docx,HAZARD_FACTOR_REFERENCE_V1,1.6-reference,1.0000,accepted
EVHF_4954d3d747c146fe8b2e,Evidence,非密-第二类危险源分析.docx 表4第113行,非密-第二类危险源分析.docx 表4第113行,"类别：工艺因素 > 搅拌异常
失效模式：搅拌时间不足
导致危险源释放的因素：混合不均匀","{""major_category"":""工艺因素"",""raw_cells"":[""2.9"",""搅拌异常"",""搅拌时间不足"",""混合不均匀""],""row"":113,""source_doc"":""非密-第二类危险源分析.docx"",""subcategory"":""搅拌异常"",""table"":""表4 工序/岗位危险有害因素一览表"",""table_index"":0,""text"":""类别：工艺因素 > 搅拌异常\n失效模式：搅拌时间不足\n导致危险源释放的因素：混合不均匀""}",非密-第二类危险源分析.docx,HAZARD_FACTOR_REFERENCE_V1,1.6-reference,1.0000,accepted
EVHF_4c4f2bf8ac954acb206c,Evidence,非密-第二类危险源分析.docx 表4第186行,非密-第二类危险源分析.docx 表4第186行,"类别：设备设施因素 > 运行工况异常
失效模式：电气绝缘故障（绝缘劣化）
导致危险源释放的因素：电气部件绝缘层老化、破损，绝缘电阻下降、漏电隐患","{""major_category"":""设备设施因素"",""raw_cells"":[""3.5"",""运行工况异常"",""电气绝缘故障（绝缘劣化）"",""电气部件绝缘层老化、破损，绝缘电阻下降、漏电隐患""],""row"":186,""source_doc"":""非密-第二类危险源分析.docx"",""subcategory"":""运行工况异常"",""table"":""表4 工序/岗位危险有害因素一览表"",""table_index"":0,""text"":""类别：设备设施因素 > 运行工况异常\n失效模式：电气绝缘故障（绝缘劣化）\n导致危险源释放的因素：电气部件绝缘层老化、破损，绝缘电阻下降、漏电隐患""}",非密-第二类危险源分析.docx,HAZARD_FACTOR_REFERENCE_V1,1.6-reference,1.0000,accepted
EVHF_4f368196990bb20feb52,Evidence,非密-第二类危险源分析.docx 表4第107行,非密-第二类危险源分析.docx 表4第107行,"类别：工艺因素 > 载荷异常
失效模式：结构件变形
导致危险源释放的因素：导致受力状态改变","{""major_category"":""工艺因素"",""raw_cells"":[""2.8"",""载荷异常"",""结构件变形"",""导致受力状态改变""],""row"":107,""source_doc"":""非密-第二类危险源分析.docx"",""subcategory"":""载荷异常"",""table"":""表4 工序/岗位危险有害因素一览表"",""table_index"":0,""text"":""类别：工艺因素 > 载荷异常\n失效模式：结构件变形\n导致危险源释放的因素：导致受力状态改变""}",非密-第二类危险源分析.docx,HAZARD_FACTOR_REFERENCE_V1,1.6-reference,1.0000,accepted
EVHF_5637a6b71cd8780a662c,Evidence,非密-第二类危险源分析.docx 表4第17行,非密-第二类危险源分析.docx 表4第17行,"类别：工艺因素 > 温度异常
失效模式：温度控制装置失效
导致危险源释放的因素：温控器故障导致无法调节温度","{""major_category"":""工艺因素"",""raw_cells"":[""2.1"",""温度异常"",""温度控制装置失效"",""温控器故障导致无法调节温度""],""row"":17,""source_doc"":""非密-第二类危险源分析.docx"",""subcategory"":""温度异常"",""table"":""表4 工序/岗位危险有害因素一览表"",""table_index"":0,""text"":""类别：工艺因素 > 温度异常\n失效模式：温度控制装置失效\n导致危险源释放的因素：温控器故障导致无法调节温度""}",非密-第二类危险源分析.docx,HAZARD_FACTOR_REFERENCE_V1,1.6-reference,1.0000,accepted
EVHF_56a50e80cdaeddb5bb64,Evidence,非密-第二类危险源分析.docx 表4第151行,非密-第二类危险源分析.docx 表4第151行,"类别：工艺因素 > 转速异常
失效模式：机械卡滞
导致危险源释放的因素：转速骤降甚至停转","{""major_category"":""工艺因素"",""raw_cells"":[""2.11"",""转速异常"",""机械卡滞"",""转速骤降甚至停转""],""row"":151,""source_doc"":""非密-第二类危险源分析.docx"",""subcategory"":""转速异常"",""table"":""表4 工序/岗位危险有害因素一览表"",""table_index"":0,""text"":""类别：工艺因素 > 转速异常\n失效模式：机械卡滞\n导致危险源释放的因素：转速骤降甚至停转""}",非密-第二类危险源分析.docx,HAZARD_FACTOR_REFERENCE_V1,1.6-reference,1.0000,accepted
EVHF_578e9e0b5b5d67dcbd61,Evidence,非密-第二类危险源分析.docx 表4第119行,非密-第二类危险源分析.docx 表4第119行,"类别：工艺因素 > 搅拌异常
失效模式：自动控制系统故障
导致危险源释放的因素：无法按设定工艺运行","{""major_category"":""工艺因素"",""raw_cells"":[""2.9"",""搅拌异常"",""自动控制系统故障"",""无法按设定工艺运行""],""row"":119,""source_doc"":""非密-第二类危险源分析.docx"",""subcategory"":""搅拌异常"",""table"":""表4 工序/岗位危险有害因素一览表"",""table_index"":0,""text"":""类别：工艺因素 > 搅拌异常\n失效模式：自动控制系统故障\n导致危险源释放的因素：无法按设定工艺运行""}",非密-第二类危险源分析.docx,HAZARD_FACTOR_REFERENCE_V1,1.6-reference,1.0000,accepted
EVHF_58dd6ab533b2aabfd25f,Evidence,非密-第二类危险源分析.docx 表4第145行,非密-第二类危险源分析.docx 表4第145行,"类别：工艺因素 > 转速异常
失效模式：传动机构打滑
导致危险源释放的因素：实际转速降低","{""major_category"":""工艺因素"",""raw_cells"":[""2.11"",""转速异常"",""传动机构打滑"",""实际转速降低""],""row"":145,""source_doc"":""非密-第二类危险源分析.docx"",""subcategory"":""转速异常"",""table"":""表4 工序/岗位危险有害因素一览表"",""table_index"":0,""text"":""类别：工艺因素 > 转速异常\n失效模式：传动机构打滑\n导致危险源释放的因素：实际转速降低""}",非密-第二类危险源分析.docx,HAZARD_FACTOR_REFERENCE_V1,1.6-reference,1.0000,accepted
EVHF_58e9069294aa20e28d51,Evidence,非密-第二类危险源分析.docx 表4第54行,非密-第二类危险源分析.docx 表4第54行,"类别：工艺因素 > 真空度异常
失效模式：真空阀门故障
导致危险源释放的因素：阀门无法正常开启、关闭或调节","{""major_category"":""工艺因素"",""raw_cells"":[""2.4"",""真空度异常"",""真空阀门故障"",""阀门无法正常开启、关闭或调节""],""row"":54,""source_doc"":""非密-第二类危险源分析.docx"",""subcategory"":""真空度异常"",""table"":""表4 工序/岗位危险有害因素一览表"",""table_index"":0,""text"":""类别：工艺因素 > 真空度异常\n失效模式：真空阀门故障\n导致危险源释放的因素：阀门无法正常开启、关闭或调节""}",非密-第二类危险源分析.docx,HAZARD_FACTOR_REFERENCE_V1,1.6-reference,1.0000,accepted
EVHF_5d2257d66647dbd2feef,Evidence,非密-第二类危险源分析.docx 表4第100行,非密-第二类危险源分析.docx 表4第100行,"类别：工艺因素 > 载荷异常
失效模式：载荷传感器失效
导致危险源释放的因素：无法准确监测负荷","{""major_category"":""工艺因素"",""raw_cells"":[""2.8"",""载荷异常"",""载荷传感器失效"",""无法准确监测负荷""],""row"":100,""source_doc"":""非密-第二类危险源分析.docx"",""subcategory"":""载荷异常"",""table"":""表4 工序/岗位危险有害因素一览表"",""table_index"":0,""text"":""类别：工艺因素 > 载荷异常\n失效模式：载荷传感器失效\n导致危险源释放的因素：无法准确监测负荷""}",非密-第二类危险源分析.docx,HAZARD_FACTOR_REFERENCE_V1,1.6-reference,1.0000,accepted
EVHF_5e78e08576a1db83aa22,Evidence,非密-第二类危险源分析.docx 表4第129行,非密-第二类危险源分析.docx 表4第129行,"类别：工艺因素 > 进刀量异常
失效模式：编码器故障
导致危险源释放的因素：进给位移测量错误","{""major_category"":""工艺因素"",""raw_cells"":[""2.10"",""进刀量异常"",""编码器故障"",""进给位移测量错误""],""row"":129,""source_doc"":""非密-第二类危险源分析.docx"",""subcategory"":""进刀量异常"",""table"":""表4 工序/岗位危险有害因素一览表"",""table_index"":0,""text"":""类别：工艺因素 > 进刀量异常\n失效模式：编码器故障\n导致危险源释放的因素：进给位移测量错误""}",非密-第二类危险源分析.docx,HAZARD_FACTOR_REFERENCE_V1,1.6-reference,1.0000,accepted
EVHF_5e7b48b36cf708115953,Evidence,非密-第二类危险源分析.docx 表4第209行,非密-第二类危险源分析.docx 表4第209行,"类别：环境因素 > 作业环境
失效模式：检维修作业前存有危险物料
导致危险源释放的因素：检维修作业前未彻底清理危险物料","{""major_category"":""环境因素"",""raw_cells"":[""4.4"",""作业环境"",""检维修作业前存有危险物料"",""检维修作业前未彻底清理危险物料""],""row"":209,""source_doc"":""非密-第二类危险源分析.docx"",""subcategory"":""作业环境"",""table"":""表4 工序/岗位危险有害因素一览表"",""table_index"":0,""text"":""类别：环境因素 > 作业环境\n失效模式：检维修作业前存有危险物料\n导致危险源释放的因素：检维修作业前未彻底清理危险物料""}",非密-第二类危险源分析.docx,HAZARD_FACTOR_REFERENCE_V1,1.6-reference,1.0000,accepted
EVHF_5f5e0d14be0240f2f24b,Evidence,非密-第二类危险源分析.docx 表4第108行,非密-第二类危险源分析.docx 表4第108行,"类别：工艺因素 > 载荷异常
失效模式：控制参数设置错误
导致危险源释放的因素：施加载荷超过工艺要求","{""major_category"":""工艺因素"",""raw_cells"":[""2.8"",""载荷异常"",""控制参数设置错误"",""施加载荷超过工艺要求""],""row"":108,""source_doc"":""非密-第二类危险源分析.docx"",""subcategory"":""载荷异常"",""table"":""表4 工序/岗位危险有害因素一览表"",""table_index"":0,""text"":""类别：工艺因素 > 载荷异常\n失效模式：控制参数设置错误\n导致危险源释放的因素：施加载荷超过工艺要求""}",非密-第二类危险源分析.docx,HAZARD_FACTOR_REFERENCE_V1,1.6-reference,1.0000,accepted
EVHF_607d6474ffc5fb504036,Evidence,非密-第二类危险源分析.docx 表4第3行,非密-第二类危险源分析.docx 表4第3行,"类别：人的因素 > 人员操作
失效模式：违章操作
导致危险源释放的因素：攀、坐不安全位置；物体存放不当；司机违章操作（未按规定线路行驶、行驶速度过快、物料搬运过程中启动转运车、转运车带病作业、车辆超速、剧烈颠簸或急转弯）；禁忌物混存混放；将废危险品（废药）混入普通垃圾内","{""major_category"":""人的因素"",""raw_cells"":[""1.1"",""人员操作"",""违章操作"",""攀、坐不安全位置；物体存放不当；司机违章操作（未按规定线路行驶、行驶速度过快、物料搬运过程中启动转运车、转运车带病作业、车辆超速、剧烈颠簸或急转弯）；禁忌物混存混放；将废危险品（废药）混入普通垃圾内""],""row"":3,""source_doc"":""非密-第二类危险源分析.docx"",""subcategory"":""人员操作"",""table"":""表4 工序/岗位危险有害因素一览表"",""table_index"":0,""text"":""类别：人的因素 > 人员操作\n失效模式：违章操作\n导致危险源释放的因素：攀、坐不安全位置；物体存放不当；司机违章操作（未按规定线路行驶、行驶速度过快、物料搬运过程中启动转运车、转运车带病作业、车辆超速、剧烈颠簸或急转弯）；禁忌物混存混放；将废危险品（废药）混入普通垃圾内""}",非密-第二类危险源分析.docx,HAZARD_FACTOR_REFERENCE_V1,1.6-reference,1.0000,accepted
EVHF_611bcd5b1573bdfdba0c,Evidence,非密-第二类危险源分析.docx 表4第142行,非密-第二类危险源分析.docx 表4第142行,"类别：工艺因素 > 进刀量异常
失效模式：联锁保护失效
导致危险源释放的因素：异常进刀时设备未停机","{""major_category"":""工艺因素"",""raw_cells"":[""2.10"",""进刀量异常"",""联锁保护失效"",""异常进刀时设备未停机""],""row"":142,""source_doc"":""非密-第二类危险源分析.docx"",""subcategory"":""进刀量异常"",""table"":""表4 工序/岗位危险有害因素一览表"",""table_index"":0,""text"":""类别：工艺因素 > 进刀量异常\n失效模式：联锁保护失效\n导致危险源释放的因素：异常进刀时设备未停机""}",非密-第二类危险源分析.docx,HAZARD_FACTOR_REFERENCE_V1,1.6-reference,1.0000,accepted
EVHF_613d757c426f4efafefe,Evidence,非密-第二类危险源分析.docx 表4第205行,非密-第二类危险源分析.docx 表4第205行,"类别：环境因素 > 作业环境
失效模式：现场实物与定制图不一致
导致危险源释放的因素：新增或临时搬运来的设备、物料、工装器具未按定置图划定的区域摆放","{""major_category"":""环境因素"",""raw_cells"":[""4.4"",""作业环境"",""现场实物与定制图不一致"",""新增或临时搬运来的设备、物料、工装器具未按定置图划定的区域摆放""],""row"":205,""source_doc"":""非密-第二类危险源分析.docx"",""subcategory"":""作业环境"",""table"":""表4 工序/岗位危险有害因素一览表"",""table_index"":0,""text"":""类别：环境因素 > 作业环境\n失效模式：现场实物与定制图不一致\n导致危险源释放的因素：新增或临时搬运来的设备、物料、工装器具未按定置图划定的区域摆放""}",非密-第二类危险源分析.docx,HAZARD_FACTOR_REFERENCE_V1,1.6-reference,1.0000,accepted
EVHF_615dab0964bb1f96c43c,Evidence,非密-第二类危险源分析.docx 表4第32行,非密-第二类危险源分析.docx 表4第32行,"类别：工艺因素 > 冷却速率异常
失效模式：冷却介质中断
导致危险源释放的因素：冷却水、冷却风供应停止","{""major_category"":""工艺因素"",""raw_cells"":[""2.2"",""冷却速率异常"",""冷却介质中断"",""冷却水、冷却风供应停止""],""row"":32,""source_doc"":""非密-第二类危险源分析.docx"",""subcategory"":""冷却速率异常"",""table"":""表4 工序/岗位危险有害因素一览表"",""table_index"":0,""text"":""类别：工艺因素 > 冷却速率异常\n失效模式：冷却介质中断\n导致危险源释放的因素：冷却水、冷却风供应停止""}",非密-第二类危险源分析.docx,HAZARD_FACTOR_REFERENCE_V1,1.6-reference,1.0000,accepted
EVHF_641fcbe5664540b868fe,Evidence,非密-第二类危险源分析.docx 表4第79行,非密-第二类危险源分析.docx 表4第79行,"类别：工艺因素 > 容器内料位异常
失效模式：架桥堵料
导致危险源释放的因素：物料形成拱桥，实际料位与显示不符","{""major_category"":""工艺因素"",""raw_cells"":[""2.6"",""容器内料位异常"",""架桥堵料"",""物料形成拱桥，实际料位与显示不符""],""row"":79,""source_doc"":""非密-第二类危险源分析.docx"",""subcategory"":""容器内料位异常"",""table"":""表4 工序/岗位危险有害因素一览表"",""table_index"":0,""text"":""类别：工艺因素 > 容器内料位异常\n失效模式：架桥堵料\n导致危险源释放的因素：物料形成拱桥，实际料位与显示不符""}",非密-第二类危险源分析.docx,HAZARD_FACTOR_REFERENCE_V1,1.6-reference,1.0000,accepted
EVHF_6454ca9a77f4c1aab1d6,Evidence,非密-第二类危险源分析.docx 表4第35行,非密-第二类危险源分析.docx 表4第35行,"类别：工艺因素 > 冷却速率异常
失效模式：换热器结垢失效
导致危险源释放的因素：换热效率降低","{""major_category"":""工艺因素"",""raw_cells"":[""2.2"",""冷却速率异常"",""换热器结垢失效"",""换热效率降低""],""row"":35,""source_doc"":""非密-第二类危险源分析.docx"",""subcategory"":""冷却速率异常"",""table"":""表4 工序/岗位危险有害因素一览表"",""table_index"":0,""text"":""类别：工艺因素 > 冷却速率异常\n失效模式：换热器结垢失效\n导致危险源释放的因素：换热效率降低""}",非密-第二类危险源分析.docx,HAZARD_FACTOR_REFERENCE_V1,1.6-reference,1.0000,accepted
EVHF_6669aff12601817f9188,Evidence,非密-第二类危险源分析.docx 表4第64行,非密-第二类危险源分析.docx 表4第64行,"类别：工艺因素 > 流量异常
失效模式：流量计失效
导致危险源释放的因素：无法准确监测流量","{""major_category"":""工艺因素"",""raw_cells"":[""2.5"",""流量异常"",""流量计失效"",""无法准确监测流量""],""row"":64,""source_doc"":""非密-第二类危险源分析.docx"",""subcategory"":""流量异常"",""table"":""表4 工序/岗位危险有害因素一览表"",""table_index"":0,""text"":""类别：工艺因素 > 流量异常\n失效模式：流量计失效\n导致危险源释放的因素：无法准确监测流量""}",非密-第二类危险源分析.docx,HAZARD_FACTOR_REFERENCE_V1,1.6-reference,1.0000,accepted
EVHF_67234f3950dea5e3bbc8,Evidence,非密-第二类危险源分析.docx 表4第92行,非密-第二类危险源分析.docx 表4第92行,"类别：工艺因素 > 物料位置异常
失效模式：输送机构偏移
导致危险源释放的因素：导致物料运行轨迹异常","{""major_category"":""工艺因素"",""raw_cells"":[""2.7"",""物料位置异常"",""输送机构偏移"",""导致物料运行轨迹异常""],""row"":92,""source_doc"":""非密-第二类危险源分析.docx"",""subcategory"":""物料位置异常"",""table"":""表4 工序/岗位危险有害因素一览表"",""table_index"":0,""text"":""类别：工艺因素 > 物料位置异常\n失效模式：输送机构偏移\n导致危险源释放的因素：导致物料运行轨迹异常""}",非密-第二类危险源分析.docx,HAZARD_FACTOR_REFERENCE_V1,1.6-reference,1.0000,accepted
EVHF_6844ccfa11da90bdece3,Evidence,非密-第二类危险源分析.docx 表4第88行,非密-第二类危险源分析.docx 表4第88行,"类别：工艺因素 > 物料位置异常
失效模式：工装定位失准
导致危险源释放的因素：工装安装偏移导致物料位置异常","{""major_category"":""工艺因素"",""raw_cells"":[""2.7"",""物料位置异常"",""工装定位失准"",""工装安装偏移导致物料位置异常""],""row"":88,""source_doc"":""非密-第二类危险源分析.docx"",""subcategory"":""物料位置异常"",""table"":""表4 工序/岗位危险有害因素一览表"",""table_index"":0,""text"":""类别：工艺因素 > 物料位置异常\n失效模式：工装定位失准\n导致危险源释放的因素：工装安装偏移导致物料位置异常""}",非密-第二类危险源分析.docx,HAZARD_FACTOR_REFERENCE_V1,1.6-reference,1.0000,accepted
EVHF_698b91906a53bd1978d9,Evidence,非密-第二类危险源分析.docx 表4第39行,非密-第二类危险源分析.docx 表4第39行,"类别：工艺因素 > 压力异常
失效模式：密封圈老化损坏
导致危险源释放的因素：造成压力泄漏","{""major_category"":""工艺因素"",""raw_cells"":[""2.3"",""压力异常"",""密封圈老化损坏"",""造成压力泄漏""],""row"":39,""source_doc"":""非密-第二类危险源分析.docx"",""subcategory"":""压力异常"",""table"":""表4 工序/岗位危险有害因素一览表"",""table_index"":0,""text"":""类别：工艺因素 > 压力异常\n失效模式：密封圈老化损坏\n导致危险源释放的因素：造成压力泄漏""}",非密-第二类危险源分析.docx,HAZARD_FACTOR_REFERENCE_V1,1.6-reference,1.0000,accepted
EVHF_6d81d8973fc59294d70d,Evidence,非密-第二类危险源分析.docx 表4第213行,非密-第二类危险源分析.docx 表4第213行,"类别：管理因素 > 动火作业
失效模式：动火作业前，缺少清理危险物料方案
导致危险源释放的因素：动火作业前，缺少针对物料特性、设备构造、生产现场实际制定的清理方案","{""major_category"":""管理因素"",""raw_cells"":[""5.1"",""动火作业"",""动火作业前，缺少清理危险物料方案"",""动火作业前，缺少针对物料特性、设备构造、生产现场实际制定的清理方案""],""row"":213,""source_doc"":""非密-第二类危险源分析.docx"",""subcategory"":""动火作业"",""table"":""表4 工序/岗位危险有害因素一览表"",""table_index"":0,""text"":""类别：管理因素 > 动火作业\n失效模式：动火作业前，缺少清理危险物料方案\n导致危险源释放的因素：动火作业前，缺少针对物料特性、设备构造、生产现场实际制定的清理方案""}",非密-第二类危险源分析.docx,HAZARD_FACTOR_REFERENCE_V1,1.6-reference,1.0000,accepted
EVHF_6e8ea4dc719a1031baf9,Evidence,非密-第二类危险源分析.docx 表4第82行,非密-第二类危险源分析.docx 表4第82行,"类别：工艺因素 > 容器内料位异常
失效模式：鼠洞效应
导致危险源释放的因素：中部形成空穴导致虚假料位","{""major_category"":""工艺因素"",""raw_cells"":[""2.6"",""容器内料位异常"",""鼠洞效应"",""中部形成空穴导致虚假料位""],""row"":82,""source_doc"":""非密-第二类危险源分析.docx"",""subcategory"":""容器内料位异常"",""table"":""表4 工序/岗位危险有害因素一览表"",""table_index"":0,""text"":""类别：工艺因素 > 容器内料位异常\n失效模式：鼠洞效应\n导致危险源释放的因素：中部形成空穴导致虚假料位""}",非密-第二类危险源分析.docx,HAZARD_FACTOR_REFERENCE_V1,1.6-reference,1.0000,accepted
EVHF_70770e80f5e8b32f8c1c,Evidence,非密-第二类危险源分析.docx 表4第111行,非密-第二类危险源分析.docx 表4第111行,"类别：工艺因素 > 搅拌异常
失效模式：搅拌桨叶断裂变形
导致危险源释放的因素：搅拌能力下降或产生异物，造成摩擦、冲击","{""major_category"":""工艺因素"",""raw_cells"":[""2.9"",""搅拌异常"",""搅拌桨叶断裂变形"",""搅拌能力下降或产生异物，造成摩擦、冲击""],""row"":111,""source_doc"":""非密-第二类危险源分析.docx"",""subcategory"":""搅拌异常"",""table"":""表4 工序/岗位危险有害因素一览表"",""table_index"":0,""text"":""类别：工艺因素 > 搅拌异常\n失效模式：搅拌桨叶断裂变形\n导致危险源释放的因素：搅拌能力下降或产生异物，造成摩擦、冲击""}",非密-第二类危险源分析.docx,HAZARD_FACTOR_REFERENCE_V1,1.6-reference,1.0000,accepted
EVHF_71e5a79f9cfd66069318,Evidence,非密-第二类危险源分析.docx 表4第147行,非密-第二类危险源分析.docx 表4第147行,"类别：工艺因素 > 转速异常
失效模式：转速过低
导致危险源释放的因素：影响工艺质量和生产效率","{""major_category"":""工艺因素"",""raw_cells"":[""2.11"",""转速异常"",""转速过低"",""影响工艺质量和生产效率""],""row"":147,""source_doc"":""非密-第二类危险源分析.docx"",""subcategory"":""转速异常"",""table"":""表4 工序/岗位危险有害因素一览表"",""table_index"":0,""text"":""类别：工艺因素 > 转速异常\n失效模式：转速过低\n导致危险源释放的因素：影响工艺质量和生产效率""}",非密-第二类危险源分析.docx,HAZARD_FACTOR_REFERENCE_V1,1.6-reference,1.0000,accepted
EVHF_721b9768ca375d2a304a,Evidence,非密-第二类危险源分析.docx 表4第69行,非密-第二类危险源分析.docx 表4第69行,"类别：工艺因素 > 流量异常
失效模式：自动控制系统故障
导致危险源释放的因素：流量控制失效","{""major_category"":""工艺因素"",""raw_cells"":[""2.5"",""流量异常"",""自动控制系统故障"",""流量控制失效""],""row"":69,""source_doc"":""非密-第二类危险源分析.docx"",""subcategory"":""流量异常"",""table"":""表4 工序/岗位危险有害因素一览表"",""table_index"":0,""text"":""类别：工艺因素 > 流量异常\n失效模式：自动控制系统故障\n导致危险源释放的因素：流量控制失效""}",非密-第二类危险源分析.docx,HAZARD_FACTOR_REFERENCE_V1,1.6-reference,1.0000,accepted
EVHF_726e8271005c1de3e271,Evidence,非密-第二类危险源分析.docx 表4第132行,非密-第二类危险源分析.docx 表4第132行,"类别：工艺因素 > 进刀量异常
失效模式：异物进入导轨
导致危险源释放的因素：影响进给精度","{""major_category"":""工艺因素"",""raw_cells"":[""2.10"",""进刀量异常"",""异物进入导轨"",""影响进给精度""],""row"":132,""source_doc"":""非密-第二类危险源分析.docx"",""subcategory"":""进刀量异常"",""table"":""表4 工序/岗位危险有害因素一览表"",""table_index"":0,""text"":""类别：工艺因素 > 进刀量异常\n失效模式：异物进入导轨\n导致危险源释放的因素：影响进给精度""}",非密-第二类危险源分析.docx,HAZARD_FACTOR_REFERENCE_V1,1.6-reference,1.0000,accepted
EVHF_74505abde678bead9e29,Evidence,非密-第二类危险源分析.docx 表4第121行,非密-第二类危险源分析.docx 表4第121行,"类别：工艺因素 > 搅拌异常
失效模式：轴承损坏
导致危险源释放的因素：产生异常振动和摩擦","{""major_category"":""工艺因素"",""raw_cells"":[""2.9"",""搅拌异常"",""轴承损坏"",""产生异常振动和摩擦""],""row"":121,""source_doc"":""非密-第二类危险源分析.docx"",""subcategory"":""搅拌异常"",""table"":""表4 工序/岗位危险有害因素一览表"",""table_index"":0,""text"":""类别：工艺因素 > 搅拌异常\n失效模式：轴承损坏\n导致危险源释放的因素：产生异常振动和摩擦""}",非密-第二类危险源分析.docx,HAZARD_FACTOR_REFERENCE_V1,1.6-reference,1.0000,accepted
EVHF_7457aaf20335ed1c20fc,Evidence,非密-第二类危险源分析.docx 表4第93行,非密-第二类危险源分析.docx 表4第93行,"类别：工艺因素 > 物料位置异常
失效模式：导轨磨损
导致危险源释放的因素：造成物料运动偏移","{""major_category"":""工艺因素"",""raw_cells"":[""2.7"",""物料位置异常"",""导轨磨损"",""造成物料运动偏移""],""row"":93,""source_doc"":""非密-第二类危险源分析.docx"",""subcategory"":""物料位置异常"",""table"":""表4 工序/岗位危险有害因素一览表"",""table_index"":0,""text"":""类别：工艺因素 > 物料位置异常\n失效模式：导轨磨损\n导致危险源释放的因素：造成物料运动偏移""}",非密-第二类危险源分析.docx,HAZARD_FACTOR_REFERENCE_V1,1.6-reference,1.0000,accepted
EVHF_75c9a069844aeb56b6eb,Evidence,非密-第二类危险源分析.docx 表4第133行,非密-第二类危险源分析.docx 表4第133行,"类别：工艺因素 > 进刀量异常
失效模式：刀具安装松动
导致危险源释放的因素：实际进刀深度变化","{""major_category"":""工艺因素"",""raw_cells"":[""2.10"",""进刀量异常"",""刀具安装松动"",""实际进刀深度变化""],""row"":133,""source_doc"":""非密-第二类危险源分析.docx"",""subcategory"":""进刀量异常"",""table"":""表4 工序/岗位危险有害因素一览表"",""table_index"":0,""text"":""类别：工艺因素 > 进刀量异常\n失效模式：刀具安装松动\n导致危险源释放的因素：实际进刀深度变化""}",非密-第二类危险源分析.docx,HAZARD_FACTOR_REFERENCE_V1,1.6-reference,1.0000,accepted
EVHF_76dda8bb6bc21b884e79,Evidence,非密-第二类危险源分析.docx 表4第179行,非密-第二类危险源分析.docx 表4第179行,"类别：设备设施因素 > 参数超限故障
失效模式：过热超温
导致危险源释放的因素：轴承、电机绕组、腔体、元器件异常升温、超温报警","{""major_category"":""设备设施因素"",""raw_cells"":[""3.4"",""参数超限故障"",""过热超温"",""轴承、电机绕组、腔体、元器件异常升温、超温报警""],""row"":179,""source_doc"":""非密-第二类危险源分析.docx"",""subcategory"":""参数超限故障"",""table"":""表4 工序/岗位危险有害因素一览表"",""table_index"":0,""text"":""类别：设备设施因素 > 参数超限故障\n失效模式：过热超温\n导致危险源释放的因素：轴承、电机绕组、腔体、元器件异常升温、超温报警""}",非密-第二类危险源分析.docx,HAZARD_FACTOR_REFERENCE_V1,1.6-reference,1.0000,accepted
EVHF_775b5ea6827ed8965603,Evidence,非密-第二类危险源分析.docx 表4第14行,非密-第二类危险源分析.docx 表4第14行,"类别：人的因素 > 其他
失效模式：粘附含能物料
导致危险源释放的因素：表面粘附粘合剂，未及时清理","{""major_category"":""人的因素"",""raw_cells"":[""1.3"",""其他"",""粘附含能物料"",""表面粘附粘合剂，未及时清理""],""row"":14,""source_doc"":""非密-第二类危险源分析.docx"",""subcategory"":""其他"",""table"":""表4 工序/岗位危险有害因素一览表"",""table_index"":0,""text"":""类别：人的因素 > 其他\n失效模式：粘附含能物料\n导致危险源释放的因素：表面粘附粘合剂，未及时清理""}",非密-第二类危险源分析.docx,HAZARD_FACTOR_REFERENCE_V1,1.6-reference,1.0000,accepted
EVHF_781c04d46a258963a1f5,Evidence,非密-第二类危险源分析.docx 表4第38行,非密-第二类危险源分析.docx 表4第38行,"类别：工艺因素 > 压力异常
失效模式：阀门等连接处密封不严
导致危险源释放的因素：造成压力泄漏","{""major_category"":""工艺因素"",""raw_cells"":[""2.3"",""压力异常"",""阀门等连接处密封不严"",""造成压力泄漏""],""row"":38,""source_doc"":""非密-第二类危险源分析.docx"",""subcategory"":""压力异常"",""table"":""表4 工序/岗位危险有害因素一览表"",""table_index"":0,""text"":""类别：工艺因素 > 压力异常\n失效模式：阀门等连接处密封不严\n导致危险源释放的因素：造成压力泄漏""}",非密-第二类危险源分析.docx,HAZARD_FACTOR_REFERENCE_V1,1.6-reference,1.0000,accepted
EVHF_7b978ba59b671dd2b00e,Evidence,非密-第二类危险源分析.docx 表4第124行,非密-第二类危险源分析.docx 表4第124行,"类别：工艺因素 > 进刀量异常
失效模式：位置控制失效
导致危险源释放的因素：进刀量超限","{""major_category"":""工艺因素"",""raw_cells"":[""2.10"",""进刀量异常"",""位置控制失效"",""进刀量超限""],""row"":124,""source_doc"":""非密-第二类危险源分析.docx"",""subcategory"":""进刀量异常"",""table"":""表4 工序/岗位危险有害因素一览表"",""table_index"":0,""text"":""类别：工艺因素 > 进刀量异常\n失效模式：位置控制失效\n导致危险源释放的因素：进刀量超限""}",非密-第二类危险源分析.docx,HAZARD_FACTOR_REFERENCE_V1,1.6-reference,1.0000,accepted
EVHF_7d634248fe2b11fb03f2,Evidence,非密-第二类危险源分析.docx 表4第167行,非密-第二类危险源分析.docx 表4第167行,"类别：设备设施因素 > 开关启闭故障
失效模式：切换失灵
导致危险源释放的因素：档位、回路、工况切换卡滞、不切换、切换不到位","{""major_category"":""设备设施因素"",""raw_cells"":[""3.2"",""开关启闭故障"",""切换失灵"",""档位、回路、工况切换卡滞、不切换、切换不到位""],""row"":167,""source_doc"":""非密-第二类危险源分析.docx"",""subcategory"":""开关启闭故障"",""table"":""表4 工序/岗位危险有害因素一览表"",""table_index"":0,""text"":""类别：设备设施因素 > 开关启闭故障\n失效模式：切换失灵\n导致危险源释放的因素：档位、回路、工况切换卡滞、不切换、切换不到位""}",非密-第二类危险源分析.docx,HAZARD_FACTOR_REFERENCE_V1,1.6-reference,1.0000,accepted
EVHF_7ea5d6fd8db1a44d2d53,Evidence,非密-第二类危险源分析.docx 表4第46行,非密-第二类危险源分析.docx 表4第46行,"类别：工艺因素 > 压力异常
失效模式：压力骤降
导致危险源释放的因素：系统失压","{""major_category"":""工艺因素"",""raw_cells"":[""2.3"",""压力异常"",""压力骤降"",""系统失压""],""row"":46,""source_doc"":""非密-第二类危险源分析.docx"",""subcategory"":""压力异常"",""table"":""表4 工序/岗位危险有害因素一览表"",""table_index"":0,""text"":""类别：工艺因素 > 压力异常\n失效模式：压力骤降\n导致危险源释放的因素：系统失压""}",非密-第二类危险源分析.docx,HAZARD_FACTOR_REFERENCE_V1,1.6-reference,1.0000,accepted
EVHF_811ff57eaf83bccda9d1,Evidence,非密-第二类危险源分析.docx 表4第156行,非密-第二类危险源分析.docx 表4第156行,"类别：设备设施因素 > 结构与机械损坏
失效模式：结构破损/断裂
导致危险源释放的因素：设备壳体、轴类、支架、焊缝开裂、断裂、碎裂，结构完整性失效","{""major_category"":""设备设施因素"",""raw_cells"":[""3.1"",""结构与机械损坏"",""结构破损/断裂"",""设备壳体、轴类、支架、焊缝开裂、断裂、碎裂，结构完整性失效""],""row"":156,""source_doc"":""非密-第二类危险源分析.docx"",""subcategory"":""结构与机械损坏"",""table"":""表4 工序/岗位危险有害因素一览表"",""table_index"":0,""text"":""类别：设备设施因素 > 结构与机械损坏\n失效模式：结构破损/断裂\n导致危险源释放的因素：设备壳体、轴类、支架、焊缝开裂、断裂、碎裂，结构完整性失效""}",非密-第二类危险源分析.docx,HAZARD_FACTOR_REFERENCE_V1,1.6-reference,1.0000,accepted
EVHF_8154802f49cd0d8e9ce2,Evidence,非密-第二类危险源分析.docx 表4第109行,非密-第二类危险源分析.docx 表4第109行,"类别：工艺因素 > 搅拌异常
失效模式：搅拌电机故障
导致危险源释放的因素：无法正常驱动搅拌","{""major_category"":""工艺因素"",""raw_cells"":[""2.9"",""搅拌异常"",""搅拌电机故障"",""无法正常驱动搅拌""],""row"":109,""source_doc"":""非密-第二类危险源分析.docx"",""subcategory"":""搅拌异常"",""table"":""表4 工序/岗位危险有害因素一览表"",""table_index"":0,""text"":""类别：工艺因素 > 搅拌异常\n失效模式：搅拌电机故障\n导致危险源释放的因素：无法正常驱动搅拌""}",非密-第二类危险源分析.docx,HAZARD_FACTOR_REFERENCE_V1,1.6-reference,1.0000,accepted
EVHF_821e9ef60bf16e900fd4,Evidence,非密-第二类危险源分析.docx 表4第58行,非密-第二类危险源分析.docx 表4第58行,"类别：工艺因素 > 真空度异常
失效模式：真空报警失效
导致危险源释放的因素：异常真空状态未报警","{""major_category"":""工艺因素"",""raw_cells"":[""2.4"",""真空度异常"",""真空报警失效"",""异常真空状态未报警""],""row"":58,""source_doc"":""非密-第二类危险源分析.docx"",""subcategory"":""真空度异常"",""table"":""表4 工序/岗位危险有害因素一览表"",""table_index"":0,""text"":""类别：工艺因素 > 真空度异常\n失效模式：真空报警失效\n导致危险源释放的因素：异常真空状态未报警""}",非密-第二类危险源分析.docx,HAZARD_FACTOR_REFERENCE_V1,1.6-reference,1.0000,accepted
EVHF_826d205ecc6bd05cfb0b,Evidence,非密-第二类危险源分析.docx 表4第36行,非密-第二类危险源分析.docx 表4第36行,"类别：工艺因素 > 压力异常
失效模式：空压机运行失效
导致危险源释放的因素：压缩空气供应不足","{""major_category"":""工艺因素"",""raw_cells"":[""2.3"",""压力异常"",""空压机运行失效"",""压缩空气供应不足""],""row"":36,""source_doc"":""非密-第二类危险源分析.docx"",""subcategory"":""压力异常"",""table"":""表4 工序/岗位危险有害因素一览表"",""table_index"":0,""text"":""类别：工艺因素 > 压力异常\n失效模式：空压机运行失效\n导致危险源释放的因素：压缩空气供应不足""}",非密-第二类危险源分析.docx,HAZARD_FACTOR_REFERENCE_V1,1.6-reference,1.0000,accepted
EVHF_85d1be0d08b98cd4bb32,Evidence,非密-第二类危险源分析.docx 表4第42行,非密-第二类危险源分析.docx 表4第42行,"类别：工艺因素 > 压力异常
失效模式：排气系统堵塞
导致危险源释放的因素：导致设备超压","{""major_category"":""工艺因素"",""raw_cells"":[""2.3"",""压力异常"",""排气系统堵塞"",""导致设备超压""],""row"":42,""source_doc"":""非密-第二类危险源分析.docx"",""subcategory"":""压力异常"",""table"":""表4 工序/岗位危险有害因素一览表"",""table_index"":0,""text"":""类别：工艺因素 > 压力异常\n失效模式：排气系统堵塞\n导致危险源释放的因素：导致设备超压""}",非密-第二类危险源分析.docx,HAZARD_FACTOR_REFERENCE_V1,1.6-reference,1.0000,accepted
EVHF_87beb3ed85460cc6186c,Evidence,非密-第二类危险源分析.docx 表4第196行,非密-第二类危险源分析.docx 表4第196行,"类别：环境因素 > 防静电
失效模式：接地线接地不规范、不牢固
导致危险源释放的因素：接地线线径过细或材质不符合要求；
接地连接点未采取防松、防锈措施","{""major_category"":""环境因素"",""raw_cells"":[""4.2"",""防静电"",""接地线接地不规范、不牢固"",""接地线线径过细或材质不符合要求；\n接地连接点未采取防松、防锈措施""],""row"":196,""source_doc"":""非密-第二类危险源分析.docx"",""subcategory"":""防静电"",""table"":""表4 工序/岗位危险有害因素一览表"",""table_index"":0,""text"":""类别：环境因素 > 防静电\n失效模式：接地线接地不规范、不牢固\n导致危险源释放的因素：接地线线径过细或材质不符合要求；\n接地连接点未采取防松、防锈措施""}",非密-第二类危险源分析.docx,HAZARD_FACTOR_REFERENCE_V1,1.6-reference,1.0000,accepted
EVHF_891aa50a1d8b7d726207,Evidence,非密-第二类危险源分析.docx 表4第173行,非密-第二类危险源分析.docx 表4第173行,"类别：设备设施因素 > 泄漏与堵塞故障
失效模式：气堵/气阻
导致危险源释放的因素：管路腔体积气，造成断流、压力不稳、输送中断","{""major_category"":""设备设施因素"",""raw_cells"":[""3.3"",""泄漏与堵塞故障"",""气堵/气阻"",""管路腔体积气，造成断流、压力不稳、输送中断""],""row"":173,""source_doc"":""非密-第二类危险源分析.docx"",""subcategory"":""泄漏与堵塞故障"",""table"":""表4 工序/岗位危险有害因素一览表"",""table_index"":0,""text"":""类别：设备设施因素 > 泄漏与堵塞故障\n失效模式：气堵/气阻\n导致危险源释放的因素：管路腔体积气，造成断流、压力不稳、输送中断""}",非密-第二类危险源分析.docx,HAZARD_FACTOR_REFERENCE_V1,1.6-reference,1.0000,accepted
EVHF_8a588a516b512d0ed88d,Evidence,非密-第二类危险源分析.docx 表4第112行,非密-第二类危险源分析.docx 表4第112行,"类别：工艺因素 > 搅拌异常
失效模式：搅拌转速异常
导致危险源释放的因素：偏离工艺要求","{""major_category"":""工艺因素"",""raw_cells"":[""2.9"",""搅拌异常"",""搅拌转速异常"",""偏离工艺要求""],""row"":112,""source_doc"":""非密-第二类危险源分析.docx"",""subcategory"":""搅拌异常"",""table"":""表4 工序/岗位危险有害因素一览表"",""table_index"":0,""text"":""类别：工艺因素 > 搅拌异常\n失效模式：搅拌转速异常\n导致危险源释放的因素：偏离工艺要求""}",非密-第二类危险源分析.docx,HAZARD_FACTOR_REFERENCE_V1,1.6-reference,1.0000,accepted
EVHF_8ab8e0c8710aa1a992b4,Evidence,非密-第二类危险源分析.docx 表4第43行,非密-第二类危险源分析.docx 表4第43行,"类别：工艺因素 > 压力异常
失效模式：安全泄放装置失效
导致危险源释放的因素：超压时无法及时泄压","{""major_category"":""工艺因素"",""raw_cells"":[""2.3"",""压力异常"",""安全泄放装置失效"",""超压时无法及时泄压""],""row"":43,""source_doc"":""非密-第二类危险源分析.docx"",""subcategory"":""压力异常"",""table"":""表4 工序/岗位危险有害因素一览表"",""table_index"":0,""text"":""类别：工艺因素 > 压力异常\n失效模式：安全泄放装置失效\n导致危险源释放的因素：超压时无法及时泄压""}",非密-第二类危险源分析.docx,HAZARD_FACTOR_REFERENCE_V1,1.6-reference,1.0000,accepted
EVHF_8cc5b8fc1ad9075cf4a9,Evidence,非密-第二类危险源分析.docx 表4第83行,非密-第二类危险源分析.docx 表4第83行,"类别：工艺因素 > 容器内料位异常
失效模式：料位上升过快
导致危险源释放的因素：存在静电、溢料风险","{""major_category"":""工艺因素"",""raw_cells"":[""2.6"",""容器内料位异常"",""料位上升过快"",""存在静电、溢料风险""],""row"":83,""source_doc"":""非密-第二类危险源分析.docx"",""subcategory"":""容器内料位异常"",""table"":""表4 工序/岗位危险有害因素一览表"",""table_index"":0,""text"":""类别：工艺因素 > 容器内料位异常\n失效模式：料位上升过快\n导致危险源释放的因素：存在静电、溢料风险""}",非密-第二类危险源分析.docx,HAZARD_FACTOR_REFERENCE_V1,1.6-reference,1.0000,accepted
EVHF_8ed976059b56d408ed9b,Evidence,非密-第二类危险源分析.docx 表4第24行,非密-第二类危险源分析.docx 表4第24行,"类别：工艺因素 > 温度异常
失效模式：升温速率过快
导致危险源释放的因素：局部热应力增大","{""major_category"":""工艺因素"",""raw_cells"":[""2.1"",""温度异常"",""升温速率过快"",""局部热应力增大""],""row"":24,""source_doc"":""非密-第二类危险源分析.docx"",""subcategory"":""温度异常"",""table"":""表4 工序/岗位危险有害因素一览表"",""table_index"":0,""text"":""类别：工艺因素 > 温度异常\n失效模式：升温速率过快\n导致危险源释放的因素：局部热应力增大""}",非密-第二类危险源分析.docx,HAZARD_FACTOR_REFERENCE_V1,1.6-reference,1.0000,accepted
EVHF_8f212eae8a870041912a,Evidence,非密-第二类危险源分析.docx 表4第95行,非密-第二类危险源分析.docx 表4第95行,"类别：工艺因素 > 物料位置异常
失效模式：自动抓取偏差
导致危险源释放的因素：机械手抓取位置错误","{""major_category"":""工艺因素"",""raw_cells"":[""2.7"",""物料位置异常"",""自动抓取偏差"",""机械手抓取位置错误""],""row"":95,""source_doc"":""非密-第二类危险源分析.docx"",""subcategory"":""物料位置异常"",""table"":""表4 工序/岗位危险有害因素一览表"",""table_index"":0,""text"":""类别：工艺因素 > 物料位置异常\n失效模式：自动抓取偏差\n导致危险源释放的因素：机械手抓取位置错误""}",非密-第二类危险源分析.docx,HAZARD_FACTOR_REFERENCE_V1,1.6-reference,1.0000,accepted
EVHF_8fa4be301c7df3832f16,Evidence,非密-第二类危险源分析.docx 表4第102行,非密-第二类危险源分析.docx 表4第102行,"类别：工艺因素 > 载荷异常
失效模式：机械卡滞
导致危险源释放的因素：瞬时载荷急剧增大","{""major_category"":""工艺因素"",""raw_cells"":[""2.8"",""载荷异常"",""机械卡滞"",""瞬时载荷急剧增大""],""row"":102,""source_doc"":""非密-第二类危险源分析.docx"",""subcategory"":""载荷异常"",""table"":""表4 工序/岗位危险有害因素一览表"",""table_index"":0,""text"":""类别：工艺因素 > 载荷异常\n失效模式：机械卡滞\n导致危险源释放的因素：瞬时载荷急剧增大""}",非密-第二类危险源分析.docx,HAZARD_FACTOR_REFERENCE_V1,1.6-reference,1.0000,accepted
EVHF_91151835434e50af47ad,Evidence,非密-第二类危险源分析.docx 表4第140行,非密-第二类危险源分析.docx 表4第140行,"类别：工艺因素 > 进刀量异常
失效模式：无法退刀
导致危险源释放的因素：刀具持续接触工件","{""major_category"":""工艺因素"",""raw_cells"":[""2.10"",""进刀量异常"",""无法退刀"",""刀具持续接触工件""],""row"":140,""source_doc"":""非密-第二类危险源分析.docx"",""subcategory"":""进刀量异常"",""table"":""表4 工序/岗位危险有害因素一览表"",""table_index"":0,""text"":""类别：工艺因素 > 进刀量异常\n失效模式：无法退刀\n导致危险源释放的因素：刀具持续接触工件""}",非密-第二类危险源分析.docx,HAZARD_FACTOR_REFERENCE_V1,1.6-reference,1.0000,accepted
EVHF_9237bcc024df0e2dfcf0,Evidence,非密-第二类危险源分析.docx 表4第49行,非密-第二类危险源分析.docx 表4第49行,"类别：工艺因素 > 压力异常
失效模式：压力波动过大
导致危险源释放的因素：工况不稳定","{""major_category"":""工艺因素"",""raw_cells"":[""2.3"",""压力异常"",""压力波动过大"",""工况不稳定""],""row"":49,""source_doc"":""非密-第二类危险源分析.docx"",""subcategory"":""压力异常"",""table"":""表4 工序/岗位危险有害因素一览表"",""table_index"":0,""text"":""类别：工艺因素 > 压力异常\n失效模式：压力波动过大\n导致危险源释放的因素：工况不稳定""}",非密-第二类危险源分析.docx,HAZARD_FACTOR_REFERENCE_V1,1.6-reference,1.0000,accepted
EVHF_928f23cabdb578c0982c,Evidence,非密-第二类危险源分析.docx 表4第128行,非密-第二类危险源分析.docx 表4第128行,"类别：工艺因素 > 进刀量异常
失效模式：伺服系统故障
导致危险源释放的因素：进给位置控制失准","{""major_category"":""工艺因素"",""raw_cells"":[""2.10"",""进刀量异常"",""伺服系统故障"",""进给位置控制失准""],""row"":128,""source_doc"":""非密-第二类危险源分析.docx"",""subcategory"":""进刀量异常"",""table"":""表4 工序/岗位危险有害因素一览表"",""table_index"":0,""text"":""类别：工艺因素 > 进刀量异常\n失效模式：伺服系统故障\n导致危险源释放的因素：进给位置控制失准""}",非密-第二类危险源分析.docx,HAZARD_FACTOR_REFERENCE_V1,1.6-reference,1.0000,accepted
EVHF_949377867e131a02a02b,Evidence,非密-第二类危险源分析.docx 表4第182行,非密-第二类危险源分析.docx 表4第182行,"类别：设备设施因素 > 运行工况异常
失效模式：漂移失稳
导致危险源释放的因素：运行参数缓慢偏移，工况持续劣化，精度逐步下降","{""major_category"":""设备设施因素"",""raw_cells"":[""3.5"",""运行工况异常"",""漂移失稳"",""运行参数缓慢偏移，工况持续劣化，精度逐步下降""],""row"":182,""source_doc"":""非密-第二类危险源分析.docx"",""subcategory"":""运行工况异常"",""table"":""表4 工序/岗位危险有害因素一览表"",""table_index"":0,""text"":""类别：设备设施因素 > 运行工况异常\n失效模式：漂移失稳\n导致危险源释放的因素：运行参数缓慢偏移，工况持续劣化，精度逐步下降""}",非密-第二类危险源分析.docx,HAZARD_FACTOR_REFERENCE_V1,1.6-reference,1.0000,accepted
EVHF_95f73df0fae0e2af42d3,Evidence,非密-第二类危险源分析.docx 表4第207行,非密-第二类危险源分析.docx 表4第207行,"类别：环境因素 > 作业环境
失效模式：通风除尘设施缺陷或未正常投入使用
导致危险源释放的因素：通风除尘不良；通风除尘设施损坏、故障；未定期维护保养","{""major_category"":""环境因素"",""raw_cells"":[""4.4"",""作业环境"",""通风除尘设施缺陷或未正常投入使用"",""通风除尘不良；通风除尘设施损坏、故障；未定期维护保养""],""row"":207,""source_doc"":""非密-第二类危险源分析.docx"",""subcategory"":""作业环境"",""table"":""表4 工序/岗位危险有害因素一览表"",""table_index"":0,""text"":""类别：环境因素 > 作业环境\n失效模式：通风除尘设施缺陷或未正常投入使用\n导致危险源释放的因素：通风除尘不良；通风除尘设施损坏、故障；未定期维护保养""}",非密-第二类危险源分析.docx,HAZARD_FACTOR_REFERENCE_V1,1.6-reference,1.0000,accepted
EVHF_961cc97220c035ff473b,Evidence,非密-第二类危险源分析.docx 表4第123行,非密-第二类危险源分析.docx 表4第123行,"类别：工艺因素 > 进刀量异常
失效模式：进给机构故障
导致危险源释放的因素：无法控制切削深度","{""major_category"":""工艺因素"",""raw_cells"":[""2.10"",""进刀量异常"",""进给机构故障"",""无法控制切削深度""],""row"":123,""source_doc"":""非密-第二类危险源分析.docx"",""subcategory"":""进刀量异常"",""table"":""表4 工序/岗位危险有害因素一览表"",""table_index"":0,""text"":""类别：工艺因素 > 进刀量异常\n失效模式：进给机构故障\n导致危险源释放的因素：无法控制切削深度""}",非密-第二类危险源分析.docx,HAZARD_FACTOR_REFERENCE_V1,1.6-reference,1.0000,accepted
EVHF_971dccd1f6dbe32c17c4,Evidence,非密-第二类危险源分析.docx 表4第135行,非密-第二类危险源分析.docx 表4第135行,"类别：工艺因素 > 进刀量异常
失效模式：进刀量过小
导致危险源释放的因素：刀具与工件持续摩擦","{""major_category"":""工艺因素"",""raw_cells"":[""2.10"",""进刀量异常"",""进刀量过小"",""刀具与工件持续摩擦""],""row"":135,""source_doc"":""非密-第二类危险源分析.docx"",""subcategory"":""进刀量异常"",""table"":""表4 工序/岗位危险有害因素一览表"",""table_index"":0,""text"":""类别：工艺因素 > 进刀量异常\n失效模式：进刀量过小\n导致危险源释放的因素：刀具与工件持续摩擦""}",非密-第二类危险源分析.docx,HAZARD_FACTOR_REFERENCE_V1,1.6-reference,1.0000,accepted
EVHF_986dd79429ae455e6e46,Evidence,非密-第二类危险源分析.docx 表4第188行,非密-第二类危险源分析.docx 表4第188行,"类别：设备设施因素 > 运行工况异常
失效模式：整机性能故障（性能衰退）
导致危险源释放的因素：设备整体效率、出力、精度长期下降，达不到额定工况","{""major_category"":""设备设施因素"",""raw_cells"":[""3.5"",""运行工况异常"",""整机性能故障（性能衰退）"",""设备整体效率、出力、精度长期下降，达不到额定工况""],""row"":188,""source_doc"":""非密-第二类危险源分析.docx"",""subcategory"":""运行工况异常"",""table"":""表4 工序/岗位危险有害因素一览表"",""table_index"":0,""text"":""类别：设备设施因素 > 运行工况异常\n失效模式：整机性能故障（性能衰退）\n导致危险源释放的因素：设备整体效率、出力、精度长期下降，达不到额定工况""}",非密-第二类危险源分析.docx,HAZARD_FACTOR_REFERENCE_V1,1.6-reference,1.0000,accepted
EVHF_9a340b767ce325c872e1,Evidence,非密-第二类危险源分析.docx 表4第181行,非密-第二类危险源分析.docx 表4第181行,"类别：设备设施因素 > 运行工况异常
失效模式：间歇故障
导致危险源释放的因素：故障偶发、时好时坏，间断性停机、失效、动作异常","{""major_category"":""设备设施因素"",""raw_cells"":[""3.5"",""运行工况异常"",""间歇故障"",""故障偶发、时好时坏，间断性停机、失效、动作异常""],""row"":181,""source_doc"":""非密-第二类危险源分析.docx"",""subcategory"":""运行工况异常"",""table"":""表4 工序/岗位危险有害因素一览表"",""table_index"":0,""text"":""类别：设备设施因素 > 运行工况异常\n失效模式：间歇故障\n导致危险源释放的因素：故障偶发、时好时坏，间断性停机、失效、动作异常""}",非密-第二类危险源分析.docx,HAZARD_FACTOR_REFERENCE_V1,1.6-reference,1.0000,accepted
EVHF_9b73b9db0c0a142085b9,Evidence,非密-第二类危险源分析.docx 表4第199行,非密-第二类危险源分析.docx 表4第199行,"类别：环境因素 > 电气设备
失效模式：设备进出线管接口有缺陷
导致危险源释放的因素：设备进出线管接口有破损、松动现象","{""major_category"":""环境因素"",""raw_cells"":[""4.3"",""电气设备"",""设备进出线管接口有缺陷"",""设备进出线管接口有破损、松动现象""],""row"":199,""source_doc"":""非密-第二类危险源分析.docx"",""subcategory"":""电气设备"",""table"":""表4 工序/岗位危险有害因素一览表"",""table_index"":0,""text"":""类别：环境因素 > 电气设备\n失效模式：设备进出线管接口有缺陷\n导致危险源释放的因素：设备进出线管接口有破损、松动现象""}",非密-第二类危险源分析.docx,HAZARD_FACTOR_REFERENCE_V1,1.6-reference,1.0000,accepted
EVHF_9c5dda97728e6d2b1fad,Evidence,非密-第二类危险源分析.docx 表4第122行,非密-第二类危险源分析.docx 表4第122行,"类别：工艺因素 > 进刀量异常
失效模式：刀具材质选择错误
导致危险源释放的因素：使用发火材质刀具，增加火花产生风险","{""major_category"":""工艺因素"",""raw_cells"":[""2.10"",""进刀量异常"",""刀具材质选择错误"",""使用发火材质刀具，增加火花产生风险""],""row"":122,""source_doc"":""非密-第二类危险源分析.docx"",""subcategory"":""进刀量异常"",""table"":""表4 工序/岗位危险有害因素一览表"",""table_index"":0,""text"":""类别：工艺因素 > 进刀量异常\n失效模式：刀具材质选择错误\n导致危险源释放的因素：使用发火材质刀具，增加火花产生风险""}",非密-第二类危险源分析.docx,HAZARD_FACTOR_REFERENCE_V1,1.6-reference,1.0000,accepted
EVHF_9ce5b30934787a5d9779,Evidence,非密-第二类危险源分析.docx 表4第143行,非密-第二类危险源分析.docx 表4第143行,"类别：工艺因素 > 转速异常
失效模式：电机调速器故障
导致危险源释放的因素：转速无法稳定控制","{""major_category"":""工艺因素"",""raw_cells"":[""2.11"",""转速异常"",""电机调速器故障"",""转速无法稳定控制""],""row"":143,""source_doc"":""非密-第二类危险源分析.docx"",""subcategory"":""转速异常"",""table"":""表4 工序/岗位危险有害因素一览表"",""table_index"":0,""text"":""类别：工艺因素 > 转速异常\n失效模式：电机调速器故障\n导致危险源释放的因素：转速无法稳定控制""}",非密-第二类危险源分析.docx,HAZARD_FACTOR_REFERENCE_V1,1.6-reference,1.0000,accepted
EVHF_9d1d7ba91be47bea23b2,Evidence,非密-第二类危险源分析.docx 表4第148行,非密-第二类危险源分析.docx 表4第148行,"类别：工艺因素 > 转速异常
失效模式：变频器故障
导致危险源释放的因素：输出频率异常导致转速波动","{""major_category"":""工艺因素"",""raw_cells"":[""2.11"",""转速异常"",""变频器故障"",""输出频率异常导致转速波动""],""row"":148,""source_doc"":""非密-第二类危险源分析.docx"",""subcategory"":""转速异常"",""table"":""表4 工序/岗位危险有害因素一览表"",""table_index"":0,""text"":""类别：工艺因素 > 转速异常\n失效模式：变频器故障\n导致危险源释放的因素：输出频率异常导致转速波动""}",非密-第二类危险源分析.docx,HAZARD_FACTOR_REFERENCE_V1,1.6-reference,1.0000,accepted
EVHF_9d8e173996a638fbbc2e,Evidence,非密-第二类危险源分析.docx 表4第31行,非密-第二类危险源分析.docx 表4第31行,"类别：工艺因素 > 冷却速率异常
失效模式：冷却不均匀
导致危险源释放的因素：不同区域降温速度不同","{""major_category"":""工艺因素"",""raw_cells"":[""2.2"",""冷却速率异常"",""冷却不均匀"",""不同区域降温速度不同""],""row"":31,""source_doc"":""非密-第二类危险源分析.docx"",""subcategory"":""冷却速率异常"",""table"":""表4 工序/岗位危险有害因素一览表"",""table_index"":0,""text"":""类别：工艺因素 > 冷却速率异常\n失效模式：冷却不均匀\n导致危险源释放的因素：不同区域降温速度不同""}",非密-第二类危险源分析.docx,HAZARD_FACTOR_REFERENCE_V1,1.6-reference,1.0000,accepted
EVHF_9ddf82dcc64a27ed7d8a,Evidence,非密-第二类危险源分析.docx 表4第13行,非密-第二类危险源分析.docx 表4第13行,"类别：人的因素 > 其他
失效模式：混入异物
导致危险源释放的因素：作业过程中混入异物；物料未经磁选、过筛，含有异物","{""major_category"":""人的因素"",""raw_cells"":[""1.3"",""其他"",""混入异物"",""作业过程中混入异物；物料未经磁选、过筛，含有异物""],""row"":13,""source_doc"":""非密-第二类危险源分析.docx"",""subcategory"":""其他"",""table"":""表4 工序/岗位危险有害因素一览表"",""table_index"":0,""text"":""类别：人的因素 > 其他\n失效模式：混入异物\n导致危险源释放的因素：作业过程中混入异物；物料未经磁选、过筛，含有异物""}",非密-第二类危险源分析.docx,HAZARD_FACTOR_REFERENCE_V1,1.6-reference,1.0000,accepted
EVHF_9e1ff59f83503aff670e,Evidence,非密-第二类危险源分析.docx 表4第62行,非密-第二类危险源分析.docx 表4第62行,"类别：工艺因素 > 真空度异常
失效模式：真空解除过快
导致危险源释放的因素：造成压力冲击","{""major_category"":""工艺因素"",""raw_cells"":[""2.4"",""真空度异常"",""真空解除过快"",""造成压力冲击""],""row"":62,""source_doc"":""非密-第二类危险源分析.docx"",""subcategory"":""真空度异常"",""table"":""表4 工序/岗位危险有害因素一览表"",""table_index"":0,""text"":""类别：工艺因素 > 真空度异常\n失效模式：真空解除过快\n导致危险源释放的因素：造成压力冲击""}",非密-第二类危险源分析.docx,HAZARD_FACTOR_REFERENCE_V1,1.6-reference,1.0000,accepted
EVHF_9e8cb647a8063d5743c4,Evidence,非密-第二类危险源分析.docx 表4第161行,非密-第二类危险源分析.docx 表4第161行,"类别：设备设施因素 > 结构与机械损坏
失效模式：磨损剥落
导致危险源释放的因素：配合面磨耗、点蚀、表层起皮、剥落，配合间隙异常变大","{""major_category"":""设备设施因素"",""raw_cells"":[""3.1"",""结构与机械损坏"",""磨损剥落"",""配合面磨耗、点蚀、表层起皮、剥落，配合间隙异常变大""],""row"":161,""source_doc"":""非密-第二类危险源分析.docx"",""subcategory"":""结构与机械损坏"",""table"":""表4 工序/岗位危险有害因素一览表"",""table_index"":0,""text"":""类别：设备设施因素 > 结构与机械损坏\n失效模式：磨损剥落\n导致危险源释放的因素：配合面磨耗、点蚀、表层起皮、剥落，配合间隙异常变大""}",非密-第二类危险源分析.docx,HAZARD_FACTOR_REFERENCE_V1,1.6-reference,1.0000,accepted
EVHF_a04a630c3bb0098d538a,Evidence,非密-第二类危险源分析.docx 表4第157行,非密-第二类危险源分析.docx 表4第157行,"类别：设备设施因素 > 结构与机械损坏
失效模式：卡死/卡滞
导致危险源释放的因素：运动部件卡涩、抱死，无法正常移动、转动、往复动作","{""major_category"":""设备设施因素"",""raw_cells"":[""3.1"",""结构与机械损坏"",""卡死/卡滞"",""运动部件卡涩、抱死，无法正常移动、转动、往复动作""],""row"":157,""source_doc"":""非密-第二类危险源分析.docx"",""subcategory"":""结构与机械损坏"",""table"":""表4 工序/岗位危险有害因素一览表"",""table_index"":0,""text"":""类别：设备设施因素 > 结构与机械损坏\n失效模式：卡死/卡滞\n导致危险源释放的因素：运动部件卡涩、抱死，无法正常移动、转动、往复动作""}",非密-第二类危险源分析.docx,HAZARD_FACTOR_REFERENCE_V1,1.6-reference,1.0000,accepted
EVHF_a0a3cb07d6e8d55466ab,Evidence,非密-第二类危险源分析.docx 表4第193行,非密-第二类危险源分析.docx 表4第193行,"类别：环境因素 > 防静电
失效模式：未正确穿戴防静电护具
导致危险源释放的因素：未正确穿戴防静电鞋服等防静电护具","{""major_category"":""环境因素"",""raw_cells"":[""4.2"",""防静电"",""未正确穿戴防静电护具"",""未正确穿戴防静电鞋服等防静电护具""],""row"":193,""source_doc"":""非密-第二类危险源分析.docx"",""subcategory"":""防静电"",""table"":""表4 工序/岗位危险有害因素一览表"",""table_index"":0,""text"":""类别：环境因素 > 防静电\n失效模式：未正确穿戴防静电护具\n导致危险源释放的因素：未正确穿戴防静电鞋服等防静电护具""}",非密-第二类危险源分析.docx,HAZARD_FACTOR_REFERENCE_V1,1.6-reference,1.0000,accepted
EVHF_a0b93a7784a25624690f,Evidence,非密-第二类危险源分析.docx 表4第12行,非密-第二类危险源分析.docx 表4第12行,"类别：人的因素 > 人员协作
失效模式：人员协作失误
导致危险源释放的因素：吊索具未完全挂好就开动起重机；未固定好料斗就开动转运车","{""major_category"":""人的因素"",""raw_cells"":[""1.2"",""人员协作"",""人员协作失误"",""吊索具未完全挂好就开动起重机；未固定好料斗就开动转运车""],""row"":12,""source_doc"":""非密-第二类危险源分析.docx"",""subcategory"":""人员协作"",""table"":""表4 工序/岗位危险有害因素一览表"",""table_index"":0,""text"":""类别：人的因素 > 人员协作\n失效模式：人员协作失误\n导致危险源释放的因素：吊索具未完全挂好就开动起重机；未固定好料斗就开动转运车""}",非密-第二类危险源分析.docx,HAZARD_FACTOR_REFERENCE_V1,1.6-reference,1.0000,accepted
EVHF_a0de9920da827209e085,Evidence,非密-第二类危险源分析.docx 表4第114行,非密-第二类危险源分析.docx 表4第114行,"类别：工艺因素 > 搅拌异常
失效模式：搅拌时间过长
导致危险源释放的因素：可能引起升温或物料性能变化","{""major_category"":""工艺因素"",""raw_cells"":[""2.9"",""搅拌异常"",""搅拌时间过长"",""可能引起升温或物料性能变化""],""row"":114,""source_doc"":""非密-第二类危险源分析.docx"",""subcategory"":""搅拌异常"",""table"":""表4 工序/岗位危险有害因素一览表"",""table_index"":0,""text"":""类别：工艺因素 > 搅拌异常\n失效模式：搅拌时间过长\n导致危险源释放的因素：可能引起升温或物料性能变化""}",非密-第二类危险源分析.docx,HAZARD_FACTOR_REFERENCE_V1,1.6-reference,1.0000,accepted
EVHF_a0e399a809734b9bf0a4,Evidence,非密-第二类危险源分析.docx 表4第177行,非密-第二类危险源分析.docx 表4第177行,"类别：设备设施因素 > 参数超限故障
失效模式：输入偏大
导致危险源释放的因素：进料、供电、供气、供液输入量超出工艺允许范围","{""major_category"":""设备设施因素"",""raw_cells"":[""3.4"",""参数超限故障"",""输入偏大"",""进料、供电、供气、供液输入量超出工艺允许范围""],""row"":177,""source_doc"":""非密-第二类危险源分析.docx"",""subcategory"":""参数超限故障"",""table"":""表4 工序/岗位危险有害因素一览表"",""table_index"":0,""text"":""类别：设备设施因素 > 参数超限故障\n失效模式：输入偏大\n导致危险源释放的因素：进料、供电、供气、供液输入量超出工艺允许范围""}",非密-第二类危险源分析.docx,HAZARD_FACTOR_REFERENCE_V1,1.6-reference,1.0000,accepted
EVHF_a1e35b01317d863bdacc,Evidence,非密-第二类危险源分析.docx 表4第105行,非密-第二类危险源分析.docx 表4第105行,"类别：工艺因素 > 载荷异常
失效模式：工装安装偏斜
导致危险源释放的因素：导致受力不均匀","{""major_category"":""工艺因素"",""raw_cells"":[""2.8"",""载荷异常"",""工装安装偏斜"",""导致受力不均匀""],""row"":105,""source_doc"":""非密-第二类危险源分析.docx"",""subcategory"":""载荷异常"",""table"":""表4 工序/岗位危险有害因素一览表"",""table_index"":0,""text"":""类别：工艺因素 > 载荷异常\n失效模式：工装安装偏斜\n导致危险源释放的因素：导致受力不均匀""}",非密-第二类危险源分析.docx,HAZARD_FACTOR_REFERENCE_V1,1.6-reference,1.0000,accepted
EVHF_a23b3c3bad2b4ee206ef,Evidence,非密-第二类危险源分析.docx 表4第159行,非密-第二类危险源分析.docx 表4第159行,"类别：设备设施因素 > 结构与机械损坏
失效模式：位置偏移
导致危险源释放的因素：工位、行程、基准位置跑偏，无法保持设定安装/运行位置","{""major_category"":""设备设施因素"",""raw_cells"":[""3.1"",""结构与机械损坏"",""位置偏移"",""工位、行程、基准位置跑偏，无法保持设定安装/运行位置""],""row"":159,""source_doc"":""非密-第二类危险源分析.docx"",""subcategory"":""结构与机械损坏"",""table"":""表4 工序/岗位危险有害因素一览表"",""table_index"":0,""text"":""类别：设备设施因素 > 结构与机械损坏\n失效模式：位置偏移\n导致危险源释放的因素：工位、行程、基准位置跑偏，无法保持设定安装/运行位置""}",非密-第二类危险源分析.docx,HAZARD_FACTOR_REFERENCE_V1,1.6-reference,1.0000,accepted
EVHF_a31259a1a2e8c78f3843,Evidence,非密-第二类危险源分析.docx 表4第56行,非密-第二类危险源分析.docx 表4第56行,"类别：工艺因素 > 真空度异常
失效模式：冷凝器失效
导致危险源释放的因素：蒸汽无法有效冷凝，影响真空系统抽气能力","{""major_category"":""工艺因素"",""raw_cells"":[""2.4"",""真空度异常"",""冷凝器失效"",""蒸汽无法有效冷凝，影响真空系统抽气能力""],""row"":56,""source_doc"":""非密-第二类危险源分析.docx"",""subcategory"":""真空度异常"",""table"":""表4 工序/岗位危险有害因素一览表"",""table_index"":0,""text"":""类别：工艺因素 > 真空度异常\n失效模式：冷凝器失效\n导致危险源释放的因素：蒸汽无法有效冷凝，影响真空系统抽气能力""}",非密-第二类危险源分析.docx,HAZARD_FACTOR_REFERENCE_V1,1.6-reference,1.0000,accepted
EVHF_a46c398c93ec74ee2ef3,Evidence,非密-第二类危险源分析.docx 表4第85行,非密-第二类危险源分析.docx 表4第85行,"类别：工艺因素 > 容器内料位异常
失效模式：料位不均匀
导致危险源释放的因素：形成偏载或局部堆积","{""major_category"":""工艺因素"",""raw_cells"":[""2.6"",""容器内料位异常"",""料位不均匀"",""形成偏载或局部堆积""],""row"":85,""source_doc"":""非密-第二类危险源分析.docx"",""subcategory"":""容器内料位异常"",""table"":""表4 工序/岗位危险有害因素一览表"",""table_index"":0,""text"":""类别：工艺因素 > 容器内料位异常\n失效模式：料位不均匀\n导致危险源释放的因素：形成偏载或局部堆积""}",非密-第二类危险源分析.docx,HAZARD_FACTOR_REFERENCE_V1,1.6-reference,1.0000,accepted
EVHF_a4e8ef70115ad12b9c0d,Evidence,非密-第二类危险源分析.docx 表4第78行,非密-第二类危险源分析.docx 表4第78行,"类别：工艺因素 > 容器内料位异常
失效模式：料仓观察窗口模糊或损坏
导致危险源释放的因素：无法人工确认料位状态","{""major_category"":""工艺因素"",""raw_cells"":[""2.6"",""容器内料位异常"",""料仓观察窗口模糊或损坏"",""无法人工确认料位状态""],""row"":78,""source_doc"":""非密-第二类危险源分析.docx"",""subcategory"":""容器内料位异常"",""table"":""表4 工序/岗位危险有害因素一览表"",""table_index"":0,""text"":""类别：工艺因素 > 容器内料位异常\n失效模式：料仓观察窗口模糊或损坏\n导致危险源释放的因素：无法人工确认料位状态""}",非密-第二类危险源分析.docx,HAZARD_FACTOR_REFERENCE_V1,1.6-reference,1.0000,accepted
EVHF_a588bb64793d772f9ff0,Evidence,非密-第二类危险源分析.docx 表4第89行,非密-第二类危险源分析.docx 表4第89行,"类别：工艺因素 > 物料位置异常
失效模式：定位销磨损或损坏
导致危险源释放的因素：定位功能失效","{""major_category"":""工艺因素"",""raw_cells"":[""2.7"",""物料位置异常"",""定位销磨损或损坏"",""定位功能失效""],""row"":89,""source_doc"":""非密-第二类危险源分析.docx"",""subcategory"":""物料位置异常"",""table"":""表4 工序/岗位危险有害因素一览表"",""table_index"":0,""text"":""类别：工艺因素 > 物料位置异常\n失效模式：定位销磨损或损坏\n导致危险源释放的因素：定位功能失效""}",非密-第二类危险源分析.docx,HAZARD_FACTOR_REFERENCE_V1,1.6-reference,1.0000,accepted
EVHF_a8612584303759332f57,Evidence,非密-第二类危险源分析.docx 表4第117行,非密-第二类危险源分析.docx 表4第117行,"类别：工艺因素 > 搅拌异常
失效模式：变频器故障
导致危险源释放的因素：转速失控或波动","{""major_category"":""工艺因素"",""raw_cells"":[""2.9"",""搅拌异常"",""变频器故障"",""转速失控或波动""],""row"":117,""source_doc"":""非密-第二类危险源分析.docx"",""subcategory"":""搅拌异常"",""table"":""表4 工序/岗位危险有害因素一览表"",""table_index"":0,""text"":""类别：工艺因素 > 搅拌异常\n失效模式：变频器故障\n导致危险源释放的因素：转速失控或波动""}",非密-第二类危险源分析.docx,HAZARD_FACTOR_REFERENCE_V1,1.6-reference,1.0000,accepted
EVHF_a9a7668dc1ca535ef857,Evidence,非密-第二类危险源分析.docx 表4第118行,非密-第二类危险源分析.docx 表4第118行,"类别：工艺因素 > 搅拌异常
失效模式：密封失效
导致危险源释放的因素：物料泄漏或外界介质进入","{""major_category"":""工艺因素"",""raw_cells"":[""2.9"",""搅拌异常"",""密封失效"",""物料泄漏或外界介质进入""],""row"":118,""source_doc"":""非密-第二类危险源分析.docx"",""subcategory"":""搅拌异常"",""table"":""表4 工序/岗位危险有害因素一览表"",""table_index"":0,""text"":""类别：工艺因素 > 搅拌异常\n失效模式：密封失效\n导致危险源释放的因素：物料泄漏或外界介质进入""}",非密-第二类危险源分析.docx,HAZARD_FACTOR_REFERENCE_V1,1.6-reference,1.0000,accepted
EVHF_aae48b3dfe9897ae4437,Evidence,非密-第二类危险源分析.docx 表4第8行,非密-第二类危险源分析.docx 表4第8行,"类别：人的因素 > 人员操作
失效模式：操作衔接错误
导致危险源释放的因素：","{""major_category"":""人的因素"",""raw_cells"":[""1.1"",""人员操作"",""操作衔接错误"",""""],""row"":8,""source_doc"":""非密-第二类危险源分析.docx"",""subcategory"":""人员操作"",""table"":""表4 工序/岗位危险有害因素一览表"",""table_index"":0,""text"":""类别：人的因素 > 人员操作\n失效模式：操作衔接错误\n导致危险源释放的因素：""}",非密-第二类危险源分析.docx,HAZARD_FACTOR_REFERENCE_V1,1.6-reference,1.0000,accepted
EVHF_ac4821af238e1178330b,Evidence,非密-第二类危险源分析.docx 表4第34行,非密-第二类危险源分析.docx 表4第34行,"类别：工艺因素 > 冷却速率异常
失效模式：冷却速率过快
导致危险源释放的因素：导致物料开裂、析晶或应力集中","{""major_category"":""工艺因素"",""raw_cells"":[""2.2"",""冷却速率异常"",""冷却速率过快"",""导致物料开裂、析晶或应力集中""],""row"":34,""source_doc"":""非密-第二类危险源分析.docx"",""subcategory"":""冷却速率异常"",""table"":""表4 工序/岗位危险有害因素一览表"",""table_index"":0,""text"":""类别：工艺因素 > 冷却速率异常\n失效模式：冷却速率过快\n导致危险源释放的因素：导致物料开裂、析晶或应力集中""}",非密-第二类危险源分析.docx,HAZARD_FACTOR_REFERENCE_V1,1.6-reference,1.0000,accepted
EVHF_ae1fcd30236ccc2e32e5,Evidence,非密-第二类危险源分析.docx 表4第73行,非密-第二类危险源分析.docx 表4第73行,"类别：工艺因素 > 流量异常
失效模式：流量过小
导致危险源释放的因素：无法满足工艺需求","{""major_category"":""工艺因素"",""raw_cells"":[""2.5"",""流量异常"",""流量过小"",""无法满足工艺需求""],""row"":73,""source_doc"":""非密-第二类危险源分析.docx"",""subcategory"":""流量异常"",""table"":""表4 工序/岗位危险有害因素一览表"",""table_index"":0,""text"":""类别：工艺因素 > 流量异常\n失效模式：流量过小\n导致危险源释放的因素：无法满足工艺需求""}",非密-第二类危险源分析.docx,HAZARD_FACTOR_REFERENCE_V1,1.6-reference,1.0000,accepted
EVHF_aede8b56f95d33fc3958,Evidence,非密-第二类危险源分析.docx 表4第216行,非密-第二类危险源分析.docx 表4第216行,"类别：管理因素 > 特种设备管理
失效模式：防爆叉车、起重设备等或配套设施不合格
导致危险源释放的因素：进入爆炸性危险区域作业，未更换防爆型车辆；
防爆设备上的防爆缺失；
特种设备的安全装置损坏或缺失","{""major_category"":""管理因素"",""raw_cells"":[""5.3"",""特种设备管理"",""防爆叉车、起重设备等或配套设施不合格"",""进入爆炸性危险区域作业，未更换防爆型车辆；\n防爆设备上的防爆缺失；\n特种设备的安全装置损坏或缺失""],""row"":216,""source_doc"":""非密-第二类危险源分析.docx"",""subcategory"":""特种设备管理"",""table"":""表4 工序/岗位危险有害因素一览表"",""table_index"":0,""text"":""类别：管理因素 > 特种设备管理\n失效模式：防爆叉车、起重设备等或配套设施不合格\n导致危险源释放的因素：进入爆炸性危险区域作业，未更换防爆型车辆；\n防爆设备上的防爆缺失；\n特种设备的安全装置损坏或缺失""}",非密-第二类危险源分析.docx,HAZARD_FACTOR_REFERENCE_V1,1.6-reference,1.0000,accepted
EVHF_afd65196b345ecaa6224,Evidence,非密-第二类危险源分析.docx 表4第7行,非密-第二类危险源分析.docx 表4第7行,"类别：人的因素 > 人员操作
失效模式：操作对象错误
导致危险源释放的因素：加料种类/规格错误","{""major_category"":""人的因素"",""raw_cells"":[""1.1"",""人员操作"",""操作对象错误"",""加料种类/规格错误""],""row"":7,""source_doc"":""非密-第二类危险源分析.docx"",""subcategory"":""人员操作"",""table"":""表4 工序/岗位危险有害因素一览表"",""table_index"":0,""text"":""类别：人的因素 > 人员操作\n失效模式：操作对象错误\n导致危险源释放的因素：加料种类/规格错误""}",非密-第二类危险源分析.docx,HAZARD_FACTOR_REFERENCE_V1,1.6-reference,1.0000,accepted
EVHF_aff97538e12909287000,Evidence,非密-第二类危险源分析.docx 表4第71行,非密-第二类危险源分析.docx 表4第71行,"类别：工艺因素 > 流量异常
失效模式：流量波动
导致危险源释放的因素：输送过程不稳定","{""major_category"":""工艺因素"",""raw_cells"":[""2.5"",""流量异常"",""流量波动"",""输送过程不稳定""],""row"":71,""source_doc"":""非密-第二类危险源分析.docx"",""subcategory"":""流量异常"",""table"":""表4 工序/岗位危险有害因素一览表"",""table_index"":0,""text"":""类别：工艺因素 > 流量异常\n失效模式：流量波动\n导致危险源释放的因素：输送过程不稳定""}",非密-第二类危险源分析.docx,HAZARD_FACTOR_REFERENCE_V1,1.6-reference,1.0000,accepted
EVHF_b10333d10c37884b9d74,Evidence,非密-第二类危险源分析.docx 表4第98行,非密-第二类危险源分析.docx 表4第98行,"类别：工艺因素 > 物料位置异常
失效模式：物料掉落
导致危险源释放的因素：从工装、输送装置或吊具脱落","{""major_category"":""工艺因素"",""raw_cells"":[""2.7"",""物料位置异常"",""物料掉落"",""从工装、输送装置或吊具脱落""],""row"":98,""source_doc"":""非密-第二类危险源分析.docx"",""subcategory"":""物料位置异常"",""table"":""表4 工序/岗位危险有害因素一览表"",""table_index"":0,""text"":""类别：工艺因素 > 物料位置异常\n失效模式：物料掉落\n导致危险源释放的因素：从工装、输送装置或吊具脱落""}",非密-第二类危险源分析.docx,HAZARD_FACTOR_REFERENCE_V1,1.6-reference,1.0000,accepted
EVHF_b1b397f3a875c1f656b7,Evidence,非密-第二类危险源分析.docx 表4第204行,非密-第二类危险源分析.docx 表4第204行,"类别：环境因素 > 作业环境
失效模式：工房温湿度不满足工艺要求
导致危险源释放的因素：温湿度不在工艺要求范围内；温湿度监测仪表损坏或未校准","{""major_category"":""环境因素"",""raw_cells"":[""4.4"",""作业环境"",""工房温湿度不满足工艺要求"",""温湿度不在工艺要求范围内；温湿度监测仪表损坏或未校准""],""row"":204,""source_doc"":""非密-第二类危险源分析.docx"",""subcategory"":""作业环境"",""table"":""表4 工序/岗位危险有害因素一览表"",""table_index"":0,""text"":""类别：环境因素 > 作业环境\n失效模式：工房温湿度不满足工艺要求\n导致危险源释放的因素：温湿度不在工艺要求范围内；温湿度监测仪表损坏或未校准""}",非密-第二类危险源分析.docx,HAZARD_FACTOR_REFERENCE_V1,1.6-reference,1.0000,accepted
EVHF_b1eb1bad60885b85f9ea,Evidence,非密-第二类危险源分析.docx 表4第15行,非密-第二类危险源分析.docx 表4第15行,"类别：人的因素 > 其他
失效模式：安全防护不到位/失效/未开启
导致危险源释放的因素：未穿戴防护用品；未固定在工装，或固定不稳、固定不牢；未开启局部除尘装置；固定装置失效","{""major_category"":""人的因素"",""raw_cells"":[""1.3"",""其他"",""安全防护不到位/失效/未开启"",""未穿戴防护用品；未固定在工装，或固定不稳、固定不牢；未开启局部除尘装置；固定装置失效""],""row"":15,""source_doc"":""非密-第二类危险源分析.docx"",""subcategory"":""其他"",""table"":""表4 工序/岗位危险有害因素一览表"",""table_index"":0,""text"":""类别：人的因素 > 其他\n失效模式：安全防护不到位/失效/未开启\n导致危险源释放的因素：未穿戴防护用品；未固定在工装，或固定不稳、固定不牢；未开启局部除尘装置；固定装置失效""}",非密-第二类危险源分析.docx,HAZARD_FACTOR_REFERENCE_V1,1.6-reference,1.0000,accepted
EVHF_b20f1f85998c8fe1be6b,Evidence,非密-第二类危险源分析.docx 表4第77行,非密-第二类危险源分析.docx 表4第77行,"类别：工艺因素 > 容器内料位异常
失效模式：加料控制器失效
导致危险源释放的因素：自动加料失控","{""major_category"":""工艺因素"",""raw_cells"":[""2.6"",""容器内料位异常"",""加料控制器失效"",""自动加料失控""],""row"":77,""source_doc"":""非密-第二类危险源分析.docx"",""subcategory"":""容器内料位异常"",""table"":""表4 工序/岗位危险有害因素一览表"",""table_index"":0,""text"":""类别：工艺因素 > 容器内料位异常\n失效模式：加料控制器失效\n导致危险源释放的因素：自动加料失控""}",非密-第二类危险源分析.docx,HAZARD_FACTOR_REFERENCE_V1,1.6-reference,1.0000,accepted
EVHF_b25bd602ccdd3d202f9a,Evidence,非密-第二类危险源分析.docx 表4第219行,非密-第二类危险源分析.docx 表4第219行,"类别：管理因素 > 安全管理
失效模式：隐患排查治理不到位
导致危险源释放的因素：隐患排查频次不足；
已发现的隐患整改不彻底","{""major_category"":""管理因素"",""raw_cells"":[""5.4"",""安全管理"",""隐患排查治理不到位"",""隐患排查频次不足；\n已发现的隐患整改不彻底""],""row"":219,""source_doc"":""非密-第二类危险源分析.docx"",""subcategory"":""安全管理"",""table"":""表4 工序/岗位危险有害因素一览表"",""table_index"":0,""text"":""类别：管理因素 > 安全管理\n失效模式：隐患排查治理不到位\n导致危险源释放的因素：隐患排查频次不足；\n已发现的隐患整改不彻底""}",非密-第二类危险源分析.docx,HAZARD_FACTOR_REFERENCE_V1,1.6-reference,1.0000,accepted
EVHF_b466815bc58563bd132a,Evidence,非密-第二类危险源分析.docx 表4第51行,非密-第二类危险源分析.docx 表4第51行,"类别：工艺因素 > 真空度异常
失效模式：真空泵故障停机
导致危险源释放的因素：无法建立或维持真空环境","{""major_category"":""工艺因素"",""raw_cells"":[""2.4"",""真空度异常"",""真空泵故障停机"",""无法建立或维持真空环境""],""row"":51,""source_doc"":""非密-第二类危险源分析.docx"",""subcategory"":""真空度异常"",""table"":""表4 工序/岗位危险有害因素一览表"",""table_index"":0,""text"":""类别：工艺因素 > 真空度异常\n失效模式：真空泵故障停机\n导致危险源释放的因素：无法建立或维持真空环境""}",非密-第二类危险源分析.docx,HAZARD_FACTOR_REFERENCE_V1,1.6-reference,1.0000,accepted
EVHF_b648a9c4338647bb3740,Evidence,非密-第二类危险源分析.docx 表4第189行,非密-第二类危险源分析.docx 表4第189行,"类别：设备设施因素 > 其他
失效模式：设备选用不当
导致危险源释放的因素：采用本质安全水平较低的设备设施，如阀门种类选用不当","{""major_category"":""设备设施因素"",""raw_cells"":[""3.6"",""其他"",""设备选用不当"",""采用本质安全水平较低的设备设施，如阀门种类选用不当""],""row"":189,""source_doc"":""非密-第二类危险源分析.docx"",""subcategory"":""其他"",""table"":""表4 工序/岗位危险有害因素一览表"",""table_index"":0,""text"":""类别：设备设施因素 > 其他\n失效模式：设备选用不当\n导致危险源释放的因素：采用本质安全水平较低的设备设施，如阀门种类选用不当""}",非密-第二类危险源分析.docx,HAZARD_FACTOR_REFERENCE_V1,1.6-reference,1.0000,accepted
EVHF_b6a636d0367634e88353,Evidence,非密-第二类危险源分析.docx 表4第160行,非密-第二类危险源分析.docx 表4第160行,"类别：设备设施因素 > 结构与机械损坏
失效模式：异常变形
导致危险源释放的因素：部件发生弯曲、扭曲、拉伸等塑性变形，尺寸超差","{""major_category"":""设备设施因素"",""raw_cells"":[""3.1"",""结构与机械损坏"",""异常变形"",""部件发生弯曲、扭曲、拉伸等塑性变形，尺寸超差""],""row"":160,""source_doc"":""非密-第二类危险源分析.docx"",""subcategory"":""结构与机械损坏"",""table"":""表4 工序/岗位危险有害因素一览表"",""table_index"":0,""text"":""类别：设备设施因素 > 结构与机械损坏\n失效模式：异常变形\n导致危险源释放的因素：部件发生弯曲、扭曲、拉伸等塑性变形，尺寸超差""}",非密-第二类危险源分析.docx,HAZARD_FACTOR_REFERENCE_V1,1.6-reference,1.0000,accepted
EVHF_b7de039aec1d18a6e289,Evidence,非密-第二类危险源分析.docx 表4第53行,非密-第二类危险源分析.docx 表4第53行,"类别：工艺因素 > 真空度异常
失效模式：真空管路泄漏
导致危险源释放的因素：管路连接处松动、密封失效导致空气进入系统","{""major_category"":""工艺因素"",""raw_cells"":[""2.4"",""真空度异常"",""真空管路泄漏"",""管路连接处松动、密封失效导致空气进入系统""],""row"":53,""source_doc"":""非密-第二类危险源分析.docx"",""subcategory"":""真空度异常"",""table"":""表4 工序/岗位危险有害因素一览表"",""table_index"":0,""text"":""类别：工艺因素 > 真空度异常\n失效模式：真空管路泄漏\n导致危险源释放的因素：管路连接处松动、密封失效导致空气进入系统""}",非密-第二类危险源分析.docx,HAZARD_FACTOR_REFERENCE_V1,1.6-reference,1.0000,accepted
EVHF_b8ce8ff0521fe273c23c,Evidence,非密-第二类危险源分析.docx 表4第220行,非密-第二类危险源分析.docx 表4第220行,"类别：管理因素 > 安全管理
失效模式：操作规程不完整、文实不符
导致危险源释放的因素：新设备、新工艺投入使用后，未及时同步编制或修订操作规程","{""major_category"":""管理因素"",""raw_cells"":[""5.4"",""安全管理"",""操作规程不完整、文实不符"",""新设备、新工艺投入使用后，未及时同步编制或修订操作规程""],""row"":220,""source_doc"":""非密-第二类危险源分析.docx"",""subcategory"":""安全管理"",""table"":""表4 工序/岗位危险有害因素一览表"",""table_index"":0,""text"":""类别：管理因素 > 安全管理\n失效模式：操作规程不完整、文实不符\n导致危险源释放的因素：新设备、新工艺投入使用后，未及时同步编制或修订操作规程""}",非密-第二类危险源分析.docx,HAZARD_FACTOR_REFERENCE_V1,1.6-reference,1.0000,accepted
EVHF_b901de676f9273e5f7cb,Evidence,非密-第二类危险源分析.docx 表4第200行,非密-第二类危险源分析.docx 表4第200行,"类别：环境因素 > 作业环境
失效模式：工艺平面布局不符合要求
导致危险源释放的因素：工艺平面布局不符合GF/T-8要求","{""major_category"":""环境因素"",""raw_cells"":[""4.4"",""作业环境"",""工艺平面布局不符合要求"",""工艺平面布局不符合GF/T-8要求""],""row"":200,""source_doc"":""非密-第二类危险源分析.docx"",""subcategory"":""作业环境"",""table"":""表4 工序/岗位危险有害因素一览表"",""table_index"":0,""text"":""类别：环境因素 > 作业环境\n失效模式：工艺平面布局不符合要求\n导致危险源释放的因素：工艺平面布局不符合GF/T-8要求""}",非密-第二类危险源分析.docx,HAZARD_FACTOR_REFERENCE_V1,1.6-reference,1.0000,accepted
EVHF_bd7d27d242a7ac5e3751,Evidence,非密-第二类危险源分析.docx 表4第187行,非密-第二类危险源分析.docx 表4第187行,"类别：设备设施因素 > 运行工况异常
失效模式：电气绝缘故障（短路/开路）
导致危险源释放的因素：线路、元器件断路、短路、击穿，回路失效","{""major_category"":""设备设施因素"",""raw_cells"":[""3.5"",""运行工况异常"",""电气绝缘故障（短路/开路）"",""线路、元器件断路、短路、击穿，回路失效""],""row"":187,""source_doc"":""非密-第二类危险源分析.docx"",""subcategory"":""运行工况异常"",""table"":""表4 工序/岗位危险有害因素一览表"",""table_index"":0,""text"":""类别：设备设施因素 > 运行工况异常\n失效模式：电气绝缘故障（短路/开路）\n导致危险源释放的因素：线路、元器件断路、短路、击穿，回路失效""}",非密-第二类危险源分析.docx,HAZARD_FACTOR_REFERENCE_V1,1.6-reference,1.0000,accepted
EVHF_bfd05d93910b923239be,Evidence,非密-第二类危险源分析.docx 表4第150行,非密-第二类危险源分析.docx 表4第150行,"类别：工艺因素 > 转速异常
失效模式：齿轮磨损
导致危险源释放的因素：转速传递偏差","{""major_category"":""工艺因素"",""raw_cells"":[""2.11"",""转速异常"",""齿轮磨损"",""转速传递偏差""],""row"":150,""source_doc"":""非密-第二类危险源分析.docx"",""subcategory"":""转速异常"",""table"":""表4 工序/岗位危险有害因素一览表"",""table_index"":0,""text"":""类别：工艺因素 > 转速异常\n失效模式：齿轮磨损\n导致危险源释放的因素：转速传递偏差""}",非密-第二类危险源分析.docx,HAZARD_FACTOR_REFERENCE_V1,1.6-reference,1.0000,accepted
EVHF_c07867e68aaa57a4be9a,Evidence,非密-第二类危险源分析.docx 表4第29行,非密-第二类危险源分析.docx 表4第29行,"类别：工艺因素 > 冷却速率异常
失效模式：冷却介质流量过大
导致危险源释放的因素：冷却速度过快","{""major_category"":""工艺因素"",""raw_cells"":[""2.2"",""冷却速率异常"",""冷却介质流量过大"",""冷却速度过快""],""row"":29,""source_doc"":""非密-第二类危险源分析.docx"",""subcategory"":""冷却速率异常"",""table"":""表4 工序/岗位危险有害因素一览表"",""table_index"":0,""text"":""类别：工艺因素 > 冷却速率异常\n失效模式：冷却介质流量过大\n导致危险源释放的因素：冷却速度过快""}",非密-第二类危险源分析.docx,HAZARD_FACTOR_REFERENCE_V1,1.6-reference,1.0000,accepted
EVHF_c5b2e7766c913548e250,Evidence,非密-第二类危险源分析.docx 表4第191行,非密-第二类危险源分析.docx 表4第191行,"类别：环境因素 > 防雷
失效模式：防雷设施失效
导致危险源释放的因素：工房未设置防雷设施或防雷设施未经检验；
工房未做等电位连接或失效；
工房防雷设施损坏或设计缺陷；
工房防直击雷击电阻超标；
防感应雷接地电阻超标","{""major_category"":""环境因素"",""raw_cells"":[""4.1"",""防雷"",""防雷设施失效"",""工房未设置防雷设施或防雷设施未经检验；\n工房未做等电位连接或失效；\n工房防雷设施损坏或设计缺陷；\n工房防直击雷击电阻超标；\n防感应雷接地电阻超标""],""row"":191,""source_doc"":""非密-第二类危险源分析.docx"",""subcategory"":""防雷"",""table"":""表4 工序/岗位危险有害因素一览表"",""table_index"":0,""text"":""类别：环境因素 > 防雷\n失效模式：防雷设施失效\n导致危险源释放的因素：工房未设置防雷设施或防雷设施未经检验；\n工房未做等电位连接或失效；\n工房防雷设施损坏或设计缺陷；\n工房防直击雷击电阻超标；\n防感应雷接地电阻超标""}",非密-第二类危险源分析.docx,HAZARD_FACTOR_REFERENCE_V1,1.6-reference,1.0000,accepted
EVHF_c65ae413070f6d7cc94c,Evidence,非密-第二类危险源分析.docx 表4第172行,非密-第二类危险源分析.docx 表4第172行,"类别：设备设施因素 > 泄漏与堵塞故障
失效模式：管路堵塞
导致危险源释放的因素：管道、滤网、流道积垢、堵料，介质流通不畅","{""major_category"":""设备设施因素"",""raw_cells"":[""3.3"",""泄漏与堵塞故障"",""管路堵塞"",""管道、滤网、流道积垢、堵料，介质流通不畅""],""row"":172,""source_doc"":""非密-第二类危险源分析.docx"",""subcategory"":""泄漏与堵塞故障"",""table"":""表4 工序/岗位危险有害因素一览表"",""table_index"":0,""text"":""类别：设备设施因素 > 泄漏与堵塞故障\n失效模式：管路堵塞\n导致危险源释放的因素：管道、滤网、流道积垢、堵料，介质流通不畅""}",非密-第二类危险源分析.docx,HAZARD_FACTOR_REFERENCE_V1,1.6-reference,1.0000,accepted
EVHF_c6a395b33a870ec5155f,Evidence,非密-第二类危险源分析.docx 表4第63行,非密-第二类危险源分析.docx 表4第63行,"类别：工艺因素 > 真空度异常
失效模式：真空度波动
导致危险源释放的因素：真空状态不稳定","{""major_category"":""工艺因素"",""raw_cells"":[""2.4"",""真空度异常"",""真空度波动"",""真空状态不稳定""],""row"":63,""source_doc"":""非密-第二类危险源分析.docx"",""subcategory"":""真空度异常"",""table"":""表4 工序/岗位危险有害因素一览表"",""table_index"":0,""text"":""类别：工艺因素 > 真空度异常\n失效模式：真空度波动\n导致危险源释放的因素：真空状态不稳定""}",非密-第二类危险源分析.docx,HAZARD_FACTOR_REFERENCE_V1,1.6-reference,1.0000,accepted
EVHF_c70ac23fff211bb00569,Evidence,非密-第二类危险源分析.docx 表4第59行,非密-第二类危险源分析.docx 表4第59行,"类别：工艺因素 > 真空度异常
失效模式：真空联锁失效
导致危险源释放的因素：未达到真空要求仍继续运行","{""major_category"":""工艺因素"",""raw_cells"":[""2.4"",""真空度异常"",""真空联锁失效"",""未达到真空要求仍继续运行""],""row"":59,""source_doc"":""非密-第二类危险源分析.docx"",""subcategory"":""真空度异常"",""table"":""表4 工序/岗位危险有害因素一览表"",""table_index"":0,""text"":""类别：工艺因素 > 真空度异常\n失效模式：真空联锁失效\n导致危险源释放的因素：未达到真空要求仍继续运行""}",非密-第二类危险源分析.docx,HAZARD_FACTOR_REFERENCE_V1,1.6-reference,1.0000,accepted
EVHF_c71240af4c361dd87c23,Evidence,非密-第二类危险源分析.docx 表4第184行,非密-第二类危险源分析.docx 表4第184行,"类别：设备设施因素 > 运行工况异常
失效模式：输出紊乱
导致危险源释放的因素：转速、流量、出力忽高忽低，运行波动剧烈","{""major_category"":""设备设施因素"",""raw_cells"":[""3.5"",""运行工况异常"",""输出紊乱"",""转速、流量、出力忽高忽低，运行波动剧烈""],""row"":184,""source_doc"":""非密-第二类危险源分析.docx"",""subcategory"":""运行工况异常"",""table"":""表4 工序/岗位危险有害因素一览表"",""table_index"":0,""text"":""类别：设备设施因素 > 运行工况异常\n失效模式：输出紊乱\n导致危险源释放的因素：转速、流量、出力忽高忽低，运行波动剧烈""}",非密-第二类危险源分析.docx,HAZARD_FACTOR_REFERENCE_V1,1.6-reference,1.0000,accepted
EVHF_c743c60d1b9e553d327c,Evidence,非密-第二类危险源分析.docx 表4第5行,非密-第二类危险源分析.docx 表4第5行,"类别：人的因素 > 人员操作
失效模式：操作次序错误
导致危险源释放的因素：加料顺序错误","{""major_category"":""人的因素"",""raw_cells"":[""1.1"",""人员操作"",""操作次序错误"",""加料顺序错误""],""row"":5,""source_doc"":""非密-第二类危险源分析.docx"",""subcategory"":""人员操作"",""table"":""表4 工序/岗位危险有害因素一览表"",""table_index"":0,""text"":""类别：人的因素 > 人员操作\n失效模式：操作次序错误\n导致危险源释放的因素：加料顺序错误""}",非密-第二类危险源分析.docx,HAZARD_FACTOR_REFERENCE_V1,1.6-reference,1.0000,accepted
EVHF_c7774ca510c0d946ac8d,Evidence,非密-第二类危险源分析.docx 表4第110行,非密-第二类危险源分析.docx 表4第110行,"类别：工艺因素 > 搅拌异常
失效模式：搅拌桨断裂变形
导致危险源释放的因素：搅拌效果下降，产生摩擦、冲击","{""major_category"":""工艺因素"",""raw_cells"":[""2.9"",""搅拌异常"",""搅拌桨断裂变形"",""搅拌效果下降，产生摩擦、冲击""],""row"":110,""source_doc"":""非密-第二类危险源分析.docx"",""subcategory"":""搅拌异常"",""table"":""表4 工序/岗位危险有害因素一览表"",""table_index"":0,""text"":""类别：工艺因素 > 搅拌异常\n失效模式：搅拌桨断裂变形\n导致危险源释放的因素：搅拌效果下降，产生摩擦、冲击""}",非密-第二类危险源分析.docx,HAZARD_FACTOR_REFERENCE_V1,1.6-reference,1.0000,accepted
EVHF_c7bd6ab01cf021967abf,Evidence,非密-第二类危险源分析.docx 表4第37行,非密-第二类危险源分析.docx 表4第37行,"类别：工艺因素 > 压力异常
失效模式：压力表不准确
导致危险源释放的因素：指示失真导致误操作","{""major_category"":""工艺因素"",""raw_cells"":[""2.3"",""压力异常"",""压力表不准确"",""指示失真导致误操作""],""row"":37,""source_doc"":""非密-第二类危险源分析.docx"",""subcategory"":""压力异常"",""table"":""表4 工序/岗位危险有害因素一览表"",""table_index"":0,""text"":""类别：工艺因素 > 压力异常\n失效模式：压力表不准确\n导致危险源释放的因素：指示失真导致误操作""}",非密-第二类危险源分析.docx,HAZARD_FACTOR_REFERENCE_V1,1.6-reference,1.0000,accepted
EVHF_c7dc799e824b4e16c818,Evidence,非密-第二类危险源分析.docx 表4第44行,非密-第二类危险源分析.docx 表4第44行,"类别：工艺因素 > 压力异常
失效模式：压力释放不完全
导致危险源释放的因素：系统残压存在","{""major_category"":""工艺因素"",""raw_cells"":[""2.3"",""压力异常"",""压力释放不完全"",""系统残压存在""],""row"":44,""source_doc"":""非密-第二类危险源分析.docx"",""subcategory"":""压力异常"",""table"":""表4 工序/岗位危险有害因素一览表"",""table_index"":0,""text"":""类别：工艺因素 > 压力异常\n失效模式：压力释放不完全\n导致危险源释放的因素：系统残压存在""}",非密-第二类危险源分析.docx,HAZARD_FACTOR_REFERENCE_V1,1.6-reference,1.0000,accepted
EVHF_c8f86912dabdb06af254,Evidence,非密-第二类危险源分析.docx 表4第90行,非密-第二类危险源分析.docx 表4第90行,"类别：工艺因素 > 物料位置异常
失效模式：定位传感器失效
导致危险源释放的因素：无法准确识别位置","{""major_category"":""工艺因素"",""raw_cells"":[""2.7"",""物料位置异常"",""定位传感器失效"",""无法准确识别位置""],""row"":90,""source_doc"":""非密-第二类危险源分析.docx"",""subcategory"":""物料位置异常"",""table"":""表4 工序/岗位危险有害因素一览表"",""table_index"":0,""text"":""类别：工艺因素 > 物料位置异常\n失效模式：定位传感器失效\n导致危险源释放的因素：无法准确识别位置""}",非密-第二类危险源分析.docx,HAZARD_FACTOR_REFERENCE_V1,1.6-reference,1.0000,accepted
EVHF_c9e018202860f27054c4,Evidence,非密-第二类危险源分析.docx 表4第41行,非密-第二类危险源分析.docx 表4第41行,"类别：工艺因素 > 压力异常
失效模式：调压阀故障
导致危险源释放的因素：输出压力超限或不足","{""major_category"":""工艺因素"",""raw_cells"":[""2.3"",""压力异常"",""调压阀故障"",""输出压力超限或不足""],""row"":41,""source_doc"":""非密-第二类危险源分析.docx"",""subcategory"":""压力异常"",""table"":""表4 工序/岗位危险有害因素一览表"",""table_index"":0,""text"":""类别：工艺因素 > 压力异常\n失效模式：调压阀故障\n导致危险源释放的因素：输出压力超限或不足""}",非密-第二类危险源分析.docx,HAZARD_FACTOR_REFERENCE_V1,1.6-reference,1.0000,accepted
EVHF_cae317944bbe7e4debc3,Evidence,非密-第二类危险源分析.docx 表4第127行,非密-第二类危险源分析.docx 表4第127行,"类别：工艺因素 > 进刀量异常
失效模式：程序参数设置错误
导致危险源释放的因素：进刀速度或深度异常","{""major_category"":""工艺因素"",""raw_cells"":[""2.10"",""进刀量异常"",""程序参数设置错误"",""进刀速度或深度异常""],""row"":127,""source_doc"":""非密-第二类危险源分析.docx"",""subcategory"":""进刀量异常"",""table"":""表4 工序/岗位危险有害因素一览表"",""table_index"":0,""text"":""类别：工艺因素 > 进刀量异常\n失效模式：程序参数设置错误\n导致危险源释放的因素：进刀速度或深度异常""}",非密-第二类危险源分析.docx,HAZARD_FACTOR_REFERENCE_V1,1.6-reference,1.0000,accepted
EVHF_caf4bf67e65bb6ca1037,Evidence,非密-第二类危险源分析.docx 表4第94行,非密-第二类危险源分析.docx 表4第94行,"类别：工艺因素 > 物料位置异常
失效模式：料盘或托架变形
导致危险源释放的因素：物料摆放位置改变","{""major_category"":""工艺因素"",""raw_cells"":[""2.7"",""物料位置异常"",""料盘或托架变形"",""物料摆放位置改变""],""row"":94,""source_doc"":""非密-第二类危险源分析.docx"",""subcategory"":""物料位置异常"",""table"":""表4 工序/岗位危险有害因素一览表"",""table_index"":0,""text"":""类别：工艺因素 > 物料位置异常\n失效模式：料盘或托架变形\n导致危险源释放的因素：物料摆放位置改变""}",非密-第二类危险源分析.docx,HAZARD_FACTOR_REFERENCE_V1,1.6-reference,1.0000,accepted
EVHF_cb75573a365d8ea9583c,Evidence,非密-第二类危险源分析.docx 表4第211行,非密-第二类危险源分析.docx 表4第211行,"类别：管理因素 > 动火作业
失效模式：审批流程不符合规范
导致危险源释放的因素：审批层级未达规定要求；
审批表内容不完整","{""major_category"":""管理因素"",""raw_cells"":[""5.1"",""动火作业"",""审批流程不符合规范"",""审批层级未达规定要求；\n审批表内容不完整""],""row"":211,""source_doc"":""非密-第二类危险源分析.docx"",""subcategory"":""动火作业"",""table"":""表4 工序/岗位危险有害因素一览表"",""table_index"":0,""text"":""类别：管理因素 > 动火作业\n失效模式：审批流程不符合规范\n导致危险源释放的因素：审批层级未达规定要求；\n审批表内容不完整""}",非密-第二类危险源分析.docx,HAZARD_FACTOR_REFERENCE_V1,1.6-reference,1.0000,accepted
EVHF_cb8f12d553eba24e616a,Evidence,非密-第二类危险源分析.docx 表4第65行,非密-第二类危险源分析.docx 表4第65行,"类别：工艺因素 > 流量异常
失效模式：输送泵故障
导致危险源释放的因素：物料输送量不足","{""major_category"":""工艺因素"",""raw_cells"":[""2.5"",""流量异常"",""输送泵故障"",""物料输送量不足""],""row"":65,""source_doc"":""非密-第二类危险源分析.docx"",""subcategory"":""流量异常"",""table"":""表4 工序/岗位危险有害因素一览表"",""table_index"":0,""text"":""类别：工艺因素 > 流量异常\n失效模式：输送泵故障\n导致危险源释放的因素：物料输送量不足""}",非密-第二类危险源分析.docx,HAZARD_FACTOR_REFERENCE_V1,1.6-reference,1.0000,accepted
EVHF_cec398b14a8d93aa6832,Evidence,非密-第二类危险源分析.docx 表4第212行,非密-第二类危险源分析.docx 表4第212行,"类别：管理因素 > 动火作业
失效模式：作业人员资质问题
导致危险源释放的因素：特种作业人员证件已过期未复审；
人证不符；
外部相关方人员未经过入厂安全培训考核","{""major_category"":""管理因素"",""raw_cells"":[""5.1"",""动火作业"",""作业人员资质问题"",""特种作业人员证件已过期未复审；\n人证不符；\n外部相关方人员未经过入厂安全培训考核""],""row"":212,""source_doc"":""非密-第二类危险源分析.docx"",""subcategory"":""动火作业"",""table"":""表4 工序/岗位危险有害因素一览表"",""table_index"":0,""text"":""类别：管理因素 > 动火作业\n失效模式：作业人员资质问题\n导致危险源释放的因素：特种作业人员证件已过期未复审；\n人证不符；\n外部相关方人员未经过入厂安全培训考核""}",非密-第二类危险源分析.docx,HAZARD_FACTOR_REFERENCE_V1,1.6-reference,1.0000,accepted
EVHF_cfa83311b7d6ac541a8a,Evidence,非密-第二类危险源分析.docx 表4第47行,非密-第二类危险源分析.docx 表4第47行,"类别：工艺因素 > 压力异常
失效模式：局部压力异常
导致危险源释放的因素：管路或容器局部超压","{""major_category"":""工艺因素"",""raw_cells"":[""2.3"",""压力异常"",""局部压力异常"",""管路或容器局部超压""],""row"":47,""source_doc"":""非密-第二类危险源分析.docx"",""subcategory"":""压力异常"",""table"":""表4 工序/岗位危险有害因素一览表"",""table_index"":0,""text"":""类别：工艺因素 > 压力异常\n失效模式：局部压力异常\n导致危险源释放的因素：管路或容器局部超压""}",非密-第二类危险源分析.docx,HAZARD_FACTOR_REFERENCE_V1,1.6-reference,1.0000,accepted
EVHF_d110faa1c09e52539a6a,Evidence,非密-第二类危险源分析.docx 表4第72行,非密-第二类危险源分析.docx 表4第72行,"类别：工艺因素 > 流量异常
失效模式：流量过大
导致危险源释放的因素：超出设计工况，引起冲击或超量投料","{""major_category"":""工艺因素"",""raw_cells"":[""2.5"",""流量异常"",""流量过大"",""超出设计工况，引起冲击或超量投料""],""row"":72,""source_doc"":""非密-第二类危险源分析.docx"",""subcategory"":""流量异常"",""table"":""表4 工序/岗位危险有害因素一览表"",""table_index"":0,""text"":""类别：工艺因素 > 流量异常\n失效模式：流量过大\n导致危险源释放的因素：超出设计工况，引起冲击或超量投料""}",非密-第二类危险源分析.docx,HAZARD_FACTOR_REFERENCE_V1,1.6-reference,1.0000,accepted
EVHF_d200661417a3b87a6520,Evidence,非密-第二类危险源分析.docx 表4第106行,非密-第二类危险源分析.docx 表4第106行,"类别：工艺因素 > 载荷异常
失效模式：夹具松动
导致危险源释放的因素：载荷传递异常","{""major_category"":""工艺因素"",""raw_cells"":[""2.8"",""载荷异常"",""夹具松动"",""载荷传递异常""],""row"":106,""source_doc"":""非密-第二类危险源分析.docx"",""subcategory"":""载荷异常"",""table"":""表4 工序/岗位危险有害因素一览表"",""table_index"":0,""text"":""类别：工艺因素 > 载荷异常\n失效模式：夹具松动\n导致危险源释放的因素：载荷传递异常""}",非密-第二类危险源分析.docx,HAZARD_FACTOR_REFERENCE_V1,1.6-reference,1.0000,accepted
EVHF_d2e2f8ec986c392fe124,Evidence,非密-第二类危险源分析.docx 表4第158行,非密-第二类危险源分析.docx 表4第158行,"类别：设备设施因素 > 结构与机械损坏
失效模式：异常振动
导致危险源释放的因素：设备或部件振幅超标、共振、抖动，运行平稳性劣化","{""major_category"":""设备设施因素"",""raw_cells"":[""3.1"",""结构与机械损坏"",""异常振动"",""设备或部件振幅超标、共振、抖动，运行平稳性劣化""],""row"":158,""source_doc"":""非密-第二类危险源分析.docx"",""subcategory"":""结构与机械损坏"",""table"":""表4 工序/岗位危险有害因素一览表"",""table_index"":0,""text"":""类别：设备设施因素 > 结构与机械损坏\n失效模式：异常振动\n导致危险源释放的因素：设备或部件振幅超标、共振、抖动，运行平稳性劣化""}",非密-第二类危险源分析.docx,HAZARD_FACTOR_REFERENCE_V1,1.6-reference,1.0000,accepted
EVHF_d2fc6112f6804f379136,Evidence,非密-第二类危险源分析.docx 表4第104行,非密-第二类危险源分析.docx 表4第104行,"类别：工艺因素 > 载荷异常
失效模式：瞬时冲击载荷过大
导致危险源释放的因素：启停、碰撞等导致载荷突增","{""major_category"":""工艺因素"",""raw_cells"":[""2.8"",""载荷异常"",""瞬时冲击载荷过大"",""启停、碰撞等导致载荷突增""],""row"":104,""source_doc"":""非密-第二类危险源分析.docx"",""subcategory"":""载荷异常"",""table"":""表4 工序/岗位危险有害因素一览表"",""table_index"":0,""text"":""类别：工艺因素 > 载荷异常\n失效模式：瞬时冲击载荷过大\n导致危险源释放的因素：启停、碰撞等导致载荷突增""}",非密-第二类危险源分析.docx,HAZARD_FACTOR_REFERENCE_V1,1.6-reference,1.0000,accepted
EVHF_d35a4e59b990ad15bd77,Evidence,非密-第二类危险源分析.docx 表4第57行,非密-第二类危险源分析.docx 表4第57行,"类别：工艺因素 > 真空度异常
失效模式：工艺物料堵塞抽气口
导致危险源释放的因素：抽气通道受阻，局部真空失效","{""major_category"":""工艺因素"",""raw_cells"":[""2.4"",""真空度异常"",""工艺物料堵塞抽气口"",""抽气通道受阻，局部真空失效""],""row"":57,""source_doc"":""非密-第二类危险源分析.docx"",""subcategory"":""真空度异常"",""table"":""表4 工序/岗位危险有害因素一览表"",""table_index"":0,""text"":""类别：工艺因素 > 真空度异常\n失效模式：工艺物料堵塞抽气口\n导致危险源释放的因素：抽气通道受阻，局部真空失效""}",非密-第二类危险源分析.docx,HAZARD_FACTOR_REFERENCE_V1,1.6-reference,1.0000,accepted
EVHF_d5adad3a983577a151ae,Evidence,非密-第二类危险源分析.docx 表4第91行,非密-第二类危险源分析.docx 表4第91行,"类别：工艺因素 > 物料位置异常
失效模式：夹具松动
导致危险源释放的因素：物料在转移或加工过程中发生位移","{""major_category"":""工艺因素"",""raw_cells"":[""2.7"",""物料位置异常"",""夹具松动"",""物料在转移或加工过程中发生位移""],""row"":91,""source_doc"":""非密-第二类危险源分析.docx"",""subcategory"":""物料位置异常"",""table"":""表4 工序/岗位危险有害因素一览表"",""table_index"":0,""text"":""类别：工艺因素 > 物料位置异常\n失效模式：夹具松动\n导致危险源释放的因素：物料在转移或加工过程中发生位移""}",非密-第二类危险源分析.docx,HAZARD_FACTOR_REFERENCE_V1,1.6-reference,1.0000,accepted
EVHF_d76940a4c11355dc38e7,Evidence,非密-第二类危险源分析.docx 表4第84行,非密-第二类危险源分析.docx 表4第84行,"类别：工艺因素 > 容器内料位异常
失效模式：料位下降过快
导致危险源释放的因素：存在断料、冲击风险","{""major_category"":""工艺因素"",""raw_cells"":[""2.6"",""容器内料位异常"",""料位下降过快"",""存在断料、冲击风险""],""row"":84,""source_doc"":""非密-第二类危险源分析.docx"",""subcategory"":""容器内料位异常"",""table"":""表4 工序/岗位危险有害因素一览表"",""table_index"":0,""text"":""类别：工艺因素 > 容器内料位异常\n失效模式：料位下降过快\n导致危险源释放的因素：存在断料、冲击风险""}",非密-第二类危险源分析.docx,HAZARD_FACTOR_REFERENCE_V1,1.6-reference,1.0000,accepted
EVHF_d9603ea2c78fa9c48756,Evidence,非密-第二类危险源分析.docx 表4第28行,非密-第二类危险源分析.docx 表4第28行,"类别：工艺因素 > 冷却速率异常
失效模式：冷却介质流量不足
导致危险源释放的因素：管路堵塞或泵送能力下降","{""major_category"":""工艺因素"",""raw_cells"":[""2.2"",""冷却速率异常"",""冷却介质流量不足"",""管路堵塞或泵送能力下降""],""row"":28,""source_doc"":""非密-第二类危险源分析.docx"",""subcategory"":""冷却速率异常"",""table"":""表4 工序/岗位危险有害因素一览表"",""table_index"":0,""text"":""类别：工艺因素 > 冷却速率异常\n失效模式：冷却介质流量不足\n导致危险源释放的因素：管路堵塞或泵送能力下降""}",非密-第二类危险源分析.docx,HAZARD_FACTOR_REFERENCE_V1,1.6-reference,1.0000,accepted
EVHF_db5945c6259b9e5b2a6f,Evidence,非密-第二类危险源分析.docx 表4第183行,非密-第二类危险源分析.docx 表4第183行,"类别：设备设施因素 > 运行工况异常
失效模式：意外自运行
导致危险源释放的因素：停机待机状态下设备自行运转、自行加载","{""major_category"":""设备设施因素"",""raw_cells"":[""3.5"",""运行工况异常"",""意外自运行"",""停机待机状态下设备自行运转、自行加载""],""row"":183,""source_doc"":""非密-第二类危险源分析.docx"",""subcategory"":""运行工况异常"",""table"":""表4 工序/岗位危险有害因素一览表"",""table_index"":0,""text"":""类别：设备设施因素 > 运行工况异常\n失效模式：意外自运行\n导致危险源释放的因素：停机待机状态下设备自行运转、自行加载""}",非密-第二类危险源分析.docx,HAZARD_FACTOR_REFERENCE_V1,1.6-reference,1.0000,accepted
EVHF_db9d55427f74c191d8ea,Evidence,非密-第二类危险源分析.docx 表4第139行,非密-第二类危险源分析.docx 表4第139行,"类别：工艺因素 > 进刀量异常
失效模式：突然进刀
导致危险源释放的因素：产生机械冲击","{""major_category"":""工艺因素"",""raw_cells"":[""2.10"",""进刀量异常"",""突然进刀"",""产生机械冲击""],""row"":139,""source_doc"":""非密-第二类危险源分析.docx"",""subcategory"":""进刀量异常"",""table"":""表4 工序/岗位危险有害因素一览表"",""table_index"":0,""text"":""类别：工艺因素 > 进刀量异常\n失效模式：突然进刀\n导致危险源释放的因素：产生机械冲击""}",非密-第二类危险源分析.docx,HAZARD_FACTOR_REFERENCE_V1,1.6-reference,1.0000,accepted
EVHF_dcc493e4040650c0f70c,Evidence,非密-第二类危险源分析.docx 表4第198行,非密-第二类危险源分析.docx 表4第198行,"类别：环境因素 > 电气设备
失效模式：设备、电气线路不符合防爆防尘要求
导致危险源释放的因素：设备、电气线路选型不符合防爆防尘要求；
电气线路保护、敷设不满足危险区域要求；
设备接地线缺失、断开或接地电阻超标，静电无法有效导出","{""major_category"":""环境因素"",""raw_cells"":[""4.3"",""电气设备"",""设备、电气线路不符合防爆防尘要求"",""设备、电气线路选型不符合防爆防尘要求；\n电气线路保护、敷设不满足危险区域要求；\n设备接地线缺失、断开或接地电阻超标，静电无法有效导出""],""row"":198,""source_doc"":""非密-第二类危险源分析.docx"",""subcategory"":""电气设备"",""table"":""表4 工序/岗位危险有害因素一览表"",""table_index"":0,""text"":""类别：环境因素 > 电气设备\n失效模式：设备、电气线路不符合防爆防尘要求\n导致危险源释放的因素：设备、电气线路选型不符合防爆防尘要求；\n电气线路保护、敷设不满足危险区域要求；\n设备接地线缺失、断开或接地电阻超标，静电无法有效导出""}",非密-第二类危险源分析.docx,HAZARD_FACTOR_REFERENCE_V1,1.6-reference,1.0000,accepted
EVHF_e1488293a72dcc9b3b05,Evidence,非密-第二类危险源分析.docx 表4第171行,非密-第二类危险源分析.docx 表4第171行,"类别：设备设施因素 > 泄漏与堵塞故障
失效模式：外部泄漏
导致危险源释放的因素：漏油、漏水、漏气、漏物料，介质向外渗漏","{""major_category"":""设备设施因素"",""raw_cells"":[""3.3"",""泄漏与堵塞故障"",""外部泄漏"",""漏油、漏水、漏气、漏物料，介质向外渗漏""],""row"":171,""source_doc"":""非密-第二类危险源分析.docx"",""subcategory"":""泄漏与堵塞故障"",""table"":""表4 工序/岗位危险有害因素一览表"",""table_index"":0,""text"":""类别：设备设施因素 > 泄漏与堵塞故障\n失效模式：外部泄漏\n导致危险源释放的因素：漏油、漏水、漏气、漏物料，介质向外渗漏""}",非密-第二类危险源分析.docx,HAZARD_FACTOR_REFERENCE_V1,1.6-reference,1.0000,accepted
EVHF_e161998fb4196dd62655,Evidence,非密-第二类危险源分析.docx 表4第19行,非密-第二类危险源分析.docx 表4第19行,"类别：工艺因素 > 温度异常
失效模式：加热装置失控
导致危险源释放的因素：加热功率持续输出造成超温","{""major_category"":""工艺因素"",""raw_cells"":[""2.1"",""温度异常"",""加热装置失控"",""加热功率持续输出造成超温""],""row"":19,""source_doc"":""非密-第二类危险源分析.docx"",""subcategory"":""温度异常"",""table"":""表4 工序/岗位危险有害因素一览表"",""table_index"":0,""text"":""类别：工艺因素 > 温度异常\n失效模式：加热装置失控\n导致危险源释放的因素：加热功率持续输出造成超温""}",非密-第二类危险源分析.docx,HAZARD_FACTOR_REFERENCE_V1,1.6-reference,1.0000,accepted
EVHF_e2015fcd088bdf5c9491,Evidence,非密-第二类危险源分析.docx 表4第201行,非密-第二类危险源分析.docx 表4第201行,"类别：环境因素 > 作业环境
失效模式：定员定量不符合要求
导致危险源释放的因素：超员超量","{""major_category"":""环境因素"",""raw_cells"":[""4.4"",""作业环境"",""定员定量不符合要求"",""超员超量""],""row"":201,""source_doc"":""非密-第二类危险源分析.docx"",""subcategory"":""作业环境"",""table"":""表4 工序/岗位危险有害因素一览表"",""table_index"":0,""text"":""类别：环境因素 > 作业环境\n失效模式：定员定量不符合要求\n导致危险源释放的因素：超员超量""}",非密-第二类危险源分析.docx,HAZARD_FACTOR_REFERENCE_V1,1.6-reference,1.0000,accepted
EVHF_e21c55b41c8239e84752,Evidence,非密-第二类危险源分析.docx 表4第136行,非密-第二类危险源分析.docx 表4第136行,"类别：工艺因素 > 进刀量异常
失效模式：进刀量波动
导致危险源释放的因素：加工过程不稳定","{""major_category"":""工艺因素"",""raw_cells"":[""2.10"",""进刀量异常"",""进刀量波动"",""加工过程不稳定""],""row"":136,""source_doc"":""非密-第二类危险源分析.docx"",""subcategory"":""进刀量异常"",""table"":""表4 工序/岗位危险有害因素一览表"",""table_index"":0,""text"":""类别：工艺因素 > 进刀量异常\n失效模式：进刀量波动\n导致危险源释放的因素：加工过程不稳定""}",非密-第二类危险源分析.docx,HAZARD_FACTOR_REFERENCE_V1,1.6-reference,1.0000,accepted
EVHF_e2befad44684e20b7b19,Evidence,非密-第二类危险源分析.docx 表4第168行,非密-第二类危险源分析.docx 表4第168行,"类别：设备设施因素 > 开关启闭故障
失效模式：提前动作
导致危险源释放的因素：未达到设定温度、压力、时间条件，设备提前启停动作","{""major_category"":""设备设施因素"",""raw_cells"":[""3.2"",""开关启闭故障"",""提前动作"",""未达到设定温度、压力、时间条件，设备提前启停动作""],""row"":168,""source_doc"":""非密-第二类危险源分析.docx"",""subcategory"":""开关启闭故障"",""table"":""表4 工序/岗位危险有害因素一览表"",""table_index"":0,""text"":""类别：设备设施因素 > 开关启闭故障\n失效模式：提前动作\n导致危险源释放的因素：未达到设定温度、压力、时间条件，设备提前启停动作""}",非密-第二类危险源分析.docx,HAZARD_FACTOR_REFERENCE_V1,1.6-reference,1.0000,accepted
EVHF_e369416dbc3a04f269d8,Evidence,非密-第二类危险源分析.docx 表4第154行,非密-第二类危险源分析.docx 表4第154行,"类别：工艺因素 > 转速异常
失效模式：联锁保护失效
导致危险源释放的因素：超速状态未及时停机","{""major_category"":""工艺因素"",""raw_cells"":[""2.11"",""转速异常"",""联锁保护失效"",""超速状态未及时停机""],""row"":154,""source_doc"":""非密-第二类危险源分析.docx"",""subcategory"":""转速异常"",""table"":""表4 工序/岗位危险有害因素一览表"",""table_index"":0,""text"":""类别：工艺因素 > 转速异常\n失效模式：联锁保护失效\n导致危险源释放的因素：超速状态未及时停机""}",非密-第二类危险源分析.docx,HAZARD_FACTOR_REFERENCE_V1,1.6-reference,1.0000,accepted
EVHF_e386dc8655a5b294ad49,Evidence,非密-第二类危险源分析.docx 表4第27行,非密-第二类危险源分析.docx 表4第27行,"类别：工艺因素 > 温度异常
失效模式：突然降温
导致危险源释放的因素：导致物料结晶、凝固或性能变化","{""major_category"":""工艺因素"",""raw_cells"":[""2.1"",""温度异常"",""突然降温"",""导致物料结晶、凝固或性能变化""],""row"":27,""source_doc"":""非密-第二类危险源分析.docx"",""subcategory"":""温度异常"",""table"":""表4 工序/岗位危险有害因素一览表"",""table_index"":0,""text"":""类别：工艺因素 > 温度异常\n失效模式：突然降温\n导致危险源释放的因素：导致物料结晶、凝固或性能变化""}",非密-第二类危险源分析.docx,HAZARD_FACTOR_REFERENCE_V1,1.6-reference,1.0000,accepted
EVHF_e50ea47150851fdfb879,Evidence,非密-第二类危险源分析.docx 表4第80行,非密-第二类危险源分析.docx 表4第80行,"类别：工艺因素 > 容器内料位异常
失效模式：料位报警失效
导致危险源释放的因素：高低料位无法预警","{""major_category"":""工艺因素"",""raw_cells"":[""2.6"",""容器内料位异常"",""料位报警失效"",""高低料位无法预警""],""row"":80,""source_doc"":""非密-第二类危险源分析.docx"",""subcategory"":""容器内料位异常"",""table"":""表4 工序/岗位危险有害因素一览表"",""table_index"":0,""text"":""类别：工艺因素 > 容器内料位异常\n失效模式：料位报警失效\n导致危险源释放的因素：高低料位无法预警""}",非密-第二类危险源分析.docx,HAZARD_FACTOR_REFERENCE_V1,1.6-reference,1.0000,accepted
EVHF_e50eb2444493a88a52db,Evidence,非密-第二类危险源分析.docx 表4第175行,非密-第二类危险源分析.docx 表4第175行,"类别：设备设施因素 > 参数超限故障
失效模式：参数超上限
导致危险源释放的因素：压力、温度、转速、电流、电压等运行参数高于额定上限","{""major_category"":""设备设施因素"",""raw_cells"":[""3.4"",""参数超限故障"",""参数超上限"",""压力、温度、转速、电流、电压等运行参数高于额定上限""],""row"":175,""source_doc"":""非密-第二类危险源分析.docx"",""subcategory"":""参数超限故障"",""table"":""表4 工序/岗位危险有害因素一览表"",""table_index"":0,""text"":""类别：设备设施因素 > 参数超限故障\n失效模式：参数超上限\n导致危险源释放的因素：压力、温度、转速、电流、电压等运行参数高于额定上限""}",非密-第二类危险源分析.docx,HAZARD_FACTOR_REFERENCE_V1,1.6-reference,1.0000,accepted
EVHF_e51b71806f60efaa565b,Evidence,非密-第二类危险源分析.docx 表4第96行,非密-第二类危险源分析.docx 表4第96行,"类别：工艺因素 > 物料位置异常
失效模式：放置位置错误
导致危险源释放的因素：物料未放置到指定工位","{""major_category"":""工艺因素"",""raw_cells"":[""2.7"",""物料位置异常"",""放置位置错误"",""物料未放置到指定工位""],""row"":96,""source_doc"":""非密-第二类危险源分析.docx"",""subcategory"":""物料位置异常"",""table"":""表4 工序/岗位危险有害因素一览表"",""table_index"":0,""text"":""类别：工艺因素 > 物料位置异常\n失效模式：放置位置错误\n导致危险源释放的因素：物料未放置到指定工位""}",非密-第二类危险源分析.docx,HAZARD_FACTOR_REFERENCE_V1,1.6-reference,1.0000,accepted
EVHF_e707018d7ae55add01ed,Evidence,非密-第二类危险源分析.docx 表4第120行,非密-第二类危险源分析.docx 表4第120行,"类别：工艺因素 > 搅拌异常
失效模式：搅拌负荷异常增大
导致危险源释放的因素：物料结块或堵塞","{""major_category"":""工艺因素"",""raw_cells"":[""2.9"",""搅拌异常"",""搅拌负荷异常增大"",""物料结块或堵塞""],""row"":120,""source_doc"":""非密-第二类危险源分析.docx"",""subcategory"":""搅拌异常"",""table"":""表4 工序/岗位危险有害因素一览表"",""table_index"":0,""text"":""类别：工艺因素 > 搅拌异常\n失效模式：搅拌负荷异常增大\n导致危险源释放的因素：物料结块或堵塞""}",非密-第二类危险源分析.docx,HAZARD_FACTOR_REFERENCE_V1,1.6-reference,1.0000,accepted
EVHF_e92a7b041d65fcad7372,Evidence,非密-第二类危险源分析.docx 表4第60行,非密-第二类危险源分析.docx 表4第60行,"类别：工艺因素 > 真空度异常
失效模式：参数设置错误
导致危险源释放的因素：真空设定值超出工艺要求","{""major_category"":""工艺因素"",""raw_cells"":[""2.4"",""真空度异常"",""参数设置错误"",""真空设定值超出工艺要求""],""row"":60,""source_doc"":""非密-第二类危险源分析.docx"",""subcategory"":""真空度异常"",""table"":""表4 工序/岗位危险有害因素一览表"",""table_index"":0,""text"":""类别：工艺因素 > 真空度异常\n失效模式：参数设置错误\n导致危险源释放的因素：真空设定值超出工艺要求""}",非密-第二类危险源分析.docx,HAZARD_FACTOR_REFERENCE_V1,1.6-reference,1.0000,accepted
EVHF_e9bf37410b7caf617154,Evidence,非密-第二类危险源分析.docx 表4第125行,非密-第二类危险源分析.docx 表4第125行,"类别：工艺因素 > 进刀量异常
失效模式：限位装置失效
导致危险源释放的因素：超程运行","{""major_category"":""工艺因素"",""raw_cells"":[""2.10"",""进刀量异常"",""限位装置失效"",""超程运行""],""row"":125,""source_doc"":""非密-第二类危险源分析.docx"",""subcategory"":""进刀量异常"",""table"":""表4 工序/岗位危险有害因素一览表"",""table_index"":0,""text"":""类别：工艺因素 > 进刀量异常\n失效模式：限位装置失效\n导致危险源释放的因素：超程运行""}",非密-第二类危险源分析.docx,HAZARD_FACTOR_REFERENCE_V1,1.6-reference,1.0000,accepted
EVHF_ea82c503034fbcf17eae,Evidence,非密-第二类危险源分析.docx 表4第4行,非密-第二类危险源分析.docx 表4第4行,"类别：人的因素 > 人员操作
失效模式：操作时间错误（包括操作时机、操作时长）
导致危险源释放的因素：设备运转时修理、检查、调整、焊接、清扫等工作；操作时间过长，物料温度降低","{""major_category"":""人的因素"",""raw_cells"":[""1.1"",""人员操作"",""操作时间错误（包括操作时机、操作时长）"",""设备运转时修理、检查、调整、焊接、清扫等工作；操作时间过长，物料温度降低""],""row"":4,""source_doc"":""非密-第二类危险源分析.docx"",""subcategory"":""人员操作"",""table"":""表4 工序/岗位危险有害因素一览表"",""table_index"":0,""text"":""类别：人的因素 > 人员操作\n失效模式：操作时间错误（包括操作时机、操作时长）\n导致危险源释放的因素：设备运转时修理、检查、调整、焊接、清扫等工作；操作时间过长，物料温度降低""}",非密-第二类危险源分析.docx,HAZARD_FACTOR_REFERENCE_V1,1.6-reference,1.0000,accepted
EVHF_ea8342446cf93fe9723b,Evidence,非密-第二类危险源分析.docx 表4第55行,非密-第二类危险源分析.docx 表4第55行,"类别：工艺因素 > 真空度异常
失效模式：真空表失效
导致危险源释放的因素：无法准确反映系统真空度","{""major_category"":""工艺因素"",""raw_cells"":[""2.4"",""真空度异常"",""真空表失效"",""无法准确反映系统真空度""],""row"":55,""source_doc"":""非密-第二类危险源分析.docx"",""subcategory"":""真空度异常"",""table"":""表4 工序/岗位危险有害因素一览表"",""table_index"":0,""text"":""类别：工艺因素 > 真空度异常\n失效模式：真空表失效\n导致危险源释放的因素：无法准确反映系统真空度""}",非密-第二类危险源分析.docx,HAZARD_FACTOR_REFERENCE_V1,1.6-reference,1.0000,accepted
EVHF_eccafa91e45de05634b3,Evidence,非密-第二类危险源分析.docx 表4第30行,非密-第二类危险源分析.docx 表4第30行,"类别：工艺因素 > 冷却速率异常
失效模式：温度传感器失效
导致危险源释放的因素：无法准确判断冷却状态","{""major_category"":""工艺因素"",""raw_cells"":[""2.2"",""冷却速率异常"",""温度传感器失效"",""无法准确判断冷却状态""],""row"":30,""source_doc"":""非密-第二类危险源分析.docx"",""subcategory"":""冷却速率异常"",""table"":""表4 工序/岗位危险有害因素一览表"",""table_index"":0,""text"":""类别：工艺因素 > 冷却速率异常\n失效模式：温度传感器失效\n导致危险源释放的因素：无法准确判断冷却状态""}",非密-第二类危险源分析.docx,HAZARD_FACTOR_REFERENCE_V1,1.6-reference,1.0000,accepted
EVHF_ee0c0c50d6a0c6e68a5d,Evidence,非密-第二类危险源分析.docx 表4第197行,非密-第二类危险源分析.docx 表4第197行,"类别：环境因素 > 防静电
失效模式：工作台防静电胶板污染
导致危险源释放的因素：未定期维护或维护不当防静电胶板","{""major_category"":""环境因素"",""raw_cells"":[""4.2"",""防静电"",""工作台防静电胶板污染"",""未定期维护或维护不当防静电胶板""],""row"":197,""source_doc"":""非密-第二类危险源分析.docx"",""subcategory"":""防静电"",""table"":""表4 工序/岗位危险有害因素一览表"",""table_index"":0,""text"":""类别：环境因素 > 防静电\n失效模式：工作台防静电胶板污染\n导致危险源释放的因素：未定期维护或维护不当防静电胶板""}",非密-第二类危险源分析.docx,HAZARD_FACTOR_REFERENCE_V1,1.6-reference,1.0000,accepted
EVHF_eebfb22308aa2636fb80,Evidence,非密-第二类危险源分析.docx 表4第214行,非密-第二类危险源分析.docx 表4第214行,"类别：管理因素 > 消防管理
失效模式：消防设施不合格
导致危险源释放的因素：消防设施压力不足、已过有效期或选型错误","{""major_category"":""管理因素"",""raw_cells"":[""5.2"",""消防管理"",""消防设施不合格"",""消防设施压力不足、已过有效期或选型错误""],""row"":214,""source_doc"":""非密-第二类危险源分析.docx"",""subcategory"":""消防管理"",""table"":""表4 工序/岗位危险有害因素一览表"",""table_index"":0,""text"":""类别：管理因素 > 消防管理\n失效模式：消防设施不合格\n导致危险源释放的因素：消防设施压力不足、已过有效期或选型错误""}",非密-第二类危险源分析.docx,HAZARD_FACTOR_REFERENCE_V1,1.6-reference,1.0000,accepted
EVHF_ef8a725a66910ce2265e,Evidence,非密-第二类危险源分析.docx 表4第137行,非密-第二类危险源分析.docx 表4第137行,"类别：工艺因素 > 进刀量异常
失效模式：进刀速度过快
导致危险源释放的因素：冲击载荷增大","{""major_category"":""工艺因素"",""raw_cells"":[""2.10"",""进刀量异常"",""进刀速度过快"",""冲击载荷增大""],""row"":137,""source_doc"":""非密-第二类危险源分析.docx"",""subcategory"":""进刀量异常"",""table"":""表4 工序/岗位危险有害因素一览表"",""table_index"":0,""text"":""类别：工艺因素 > 进刀量异常\n失效模式：进刀速度过快\n导致危险源释放的因素：冲击载荷增大""}",非密-第二类危险源分析.docx,HAZARD_FACTOR_REFERENCE_V1,1.6-reference,1.0000,accepted
EVHF_f1cb68ee760bd0ac4214,Evidence,非密-第二类危险源分析.docx 表4第215行,非密-第二类危险源分析.docx 表4第215行,"类别：管理因素 > 消防管理
失效模式：消防设施缺失
导致危险源释放的因素：灭火器、消防栓及消防雨淋配置缺失；
功能标识缺失","{""major_category"":""管理因素"",""raw_cells"":[""5.2"",""消防管理"",""消防设施缺失"",""灭火器、消防栓及消防雨淋配置缺失；\n功能标识缺失""],""row"":215,""source_doc"":""非密-第二类危险源分析.docx"",""subcategory"":""消防管理"",""table"":""表4 工序/岗位危险有害因素一览表"",""table_index"":0,""text"":""类别：管理因素 > 消防管理\n失效模式：消防设施缺失\n导致危险源释放的因素：灭火器、消防栓及消防雨淋配置缺失；\n功能标识缺失""}",非密-第二类危险源分析.docx,HAZARD_FACTOR_REFERENCE_V1,1.6-reference,1.0000,accepted
EVHF_f3639194dcbd640b9f42,Evidence,非密-第二类危险源分析.docx 表4第33行,非密-第二类危险源分析.docx 表4第33行,"类别：工艺因素 > 冷却速率异常
失效模式：冷却控制系统故障
导致危险源释放的因素：无法按设定速率降温","{""major_category"":""工艺因素"",""raw_cells"":[""2.2"",""冷却速率异常"",""冷却控制系统故障"",""无法按设定速率降温""],""row"":33,""source_doc"":""非密-第二类危险源分析.docx"",""subcategory"":""冷却速率异常"",""table"":""表4 工序/岗位危险有害因素一览表"",""table_index"":0,""text"":""类别：工艺因素 > 冷却速率异常\n失效模式：冷却控制系统故障\n导致危险源释放的因素：无法按设定速率降温""}",非密-第二类危险源分析.docx,HAZARD_FACTOR_REFERENCE_V1,1.6-reference,1.0000,accepted
EVHF_f4cad4442a5328b8dfb5,Evidence,非密-第二类危险源分析.docx 表4第86行,非密-第二类危险源分析.docx 表4第86行,"类别：工艺因素 > 容器内料位异常
失效模式：残料积存
导致危险源释放的因素：容器底部或死角物料滞留","{""major_category"":""工艺因素"",""raw_cells"":[""2.6"",""容器内料位异常"",""残料积存"",""容器底部或死角物料滞留""],""row"":86,""source_doc"":""非密-第二类危险源分析.docx"",""subcategory"":""容器内料位异常"",""table"":""表4 工序/岗位危险有害因素一览表"",""table_index"":0,""text"":""类别：工艺因素 > 容器内料位异常\n失效模式：残料积存\n导致危险源释放的因素：容器底部或死角物料滞留""}",非密-第二类危险源分析.docx,HAZARD_FACTOR_REFERENCE_V1,1.6-reference,1.0000,accepted
EVHF_f55c50b52fa00c7938bf,Evidence,非密-第二类危险源分析.docx 表4第176行,非密-第二类危险源分析.docx 表4第176行,"类别：设备设施因素 > 参数超限故障
失效模式：参数超下限
导致危险源释放的因素：压力、流量、出力、转速等关键参数低于额定下限","{""major_category"":""设备设施因素"",""raw_cells"":[""3.4"",""参数超限故障"",""参数超下限"",""压力、流量、出力、转速等关键参数低于额定下限""],""row"":176,""source_doc"":""非密-第二类危险源分析.docx"",""subcategory"":""参数超限故障"",""table"":""表4 工序/岗位危险有害因素一览表"",""table_index"":0,""text"":""类别：设备设施因素 > 参数超限故障\n失效模式：参数超下限\n导致危险源释放的因素：压力、流量、出力、转速等关键参数低于额定下限""}",非密-第二类危险源分析.docx,HAZARD_FACTOR_REFERENCE_V1,1.6-reference,1.0000,accepted
EVHF_f60be342e8fac1cc48b9,Evidence,非密-第二类危险源分析.docx 表4第75行,非密-第二类危险源分析.docx 表4第75行,"类别：工艺因素 > 流量异常
失效模式：流量联锁失效
导致危险源释放的因素：流量异常时未及时停机","{""major_category"":""工艺因素"",""raw_cells"":[""2.5"",""流量异常"",""流量联锁失效"",""流量异常时未及时停机""],""row"":75,""source_doc"":""非密-第二类危险源分析.docx"",""subcategory"":""流量异常"",""table"":""表4 工序/岗位危险有害因素一览表"",""table_index"":0,""text"":""类别：工艺因素 > 流量异常\n失效模式：流量联锁失效\n导致危险源释放的因素：流量异常时未及时停机""}",非密-第二类危险源分析.docx,HAZARD_FACTOR_REFERENCE_V1,1.6-reference,1.0000,accepted
EVHF_f7af47b1c94184d18dd7,Evidence,非密-第二类危险源分析.docx 表4第40行,非密-第二类危险源分析.docx 表4第40行,"类别：工艺因素 > 压力异常
失效模式：工装破损漏气
导致危险源释放的因素：系统无法维持设计压力","{""major_category"":""工艺因素"",""raw_cells"":[""2.3"",""压力异常"",""工装破损漏气"",""系统无法维持设计压力""],""row"":40,""source_doc"":""非密-第二类危险源分析.docx"",""subcategory"":""压力异常"",""table"":""表4 工序/岗位危险有害因素一览表"",""table_index"":0,""text"":""类别：工艺因素 > 压力异常\n失效模式：工装破损漏气\n导致危险源释放的因素：系统无法维持设计压力""}",非密-第二类危险源分析.docx,HAZARD_FACTOR_REFERENCE_V1,1.6-reference,1.0000,accepted
EVHF_f7b55cd0f85ea848d712,Evidence,非密-第二类危险源分析.docx 表4第70行,非密-第二类危险源分析.docx 表4第70行,"类别：工艺因素 > 流量异常
失效模式：阀门卡滞
导致危险源释放的因素：流量无法按要求调节","{""major_category"":""工艺因素"",""raw_cells"":[""2.5"",""流量异常"",""阀门卡滞"",""流量无法按要求调节""],""row"":70,""source_doc"":""非密-第二类危险源分析.docx"",""subcategory"":""流量异常"",""table"":""表4 工序/岗位危险有害因素一览表"",""table_index"":0,""text"":""类别：工艺因素 > 流量异常\n失效模式：阀门卡滞\n导致危险源释放的因素：流量无法按要求调节""}",非密-第二类危险源分析.docx,HAZARD_FACTOR_REFERENCE_V1,1.6-reference,1.0000,accepted
EVHF_f8dd3a3a995a0b9e36a1,Evidence,非密-第二类危险源分析.docx 表4第185行,非密-第二类危险源分析.docx 表4第185行,"类别：设备设施因素 > 运行工况异常
失效模式：异响噪音
导致危险源释放的因素：出现摩擦、撞击、啸叫、异振等非正常运行声响","{""major_category"":""设备设施因素"",""raw_cells"":[""3.5"",""运行工况异常"",""异响噪音"",""出现摩擦、撞击、啸叫、异振等非正常运行声响""],""row"":185,""source_doc"":""非密-第二类危险源分析.docx"",""subcategory"":""运行工况异常"",""table"":""表4 工序/岗位危险有害因素一览表"",""table_index"":0,""text"":""类别：设备设施因素 > 运行工况异常\n失效模式：异响噪音\n导致危险源释放的因素：出现摩擦、撞击、啸叫、异振等非正常运行声响""}",非密-第二类危险源分析.docx,HAZARD_FACTOR_REFERENCE_V1,1.6-reference,1.0000,accepted
EVHF_fa1097849328790f770f,Evidence,非密-第二类危险源分析.docx 表4第130行,非密-第二类危险源分析.docx 表4第130行,"类别：工艺因素 > 进刀量异常
失效模式：程序参数设置错误
导致危险源释放的因素：设定进刀量超出工艺要求","{""major_category"":""工艺因素"",""raw_cells"":[""2.10"",""进刀量异常"",""程序参数设置错误"",""设定进刀量超出工艺要求""],""row"":130,""source_doc"":""非密-第二类危险源分析.docx"",""subcategory"":""进刀量异常"",""table"":""表4 工序/岗位危险有害因素一览表"",""table_index"":0,""text"":""类别：工艺因素 > 进刀量异常\n失效模式：程序参数设置错误\n导致危险源释放的因素：设定进刀量超出工艺要求""}",非密-第二类危险源分析.docx,HAZARD_FACTOR_REFERENCE_V1,1.6-reference,1.0000,accepted
EVHF_fa48ba379e7391b9e763,Evidence,非密-第二类危险源分析.docx 表4第116行,非密-第二类危险源分析.docx 表4第116行,"类别：工艺因素 > 搅拌异常
失效模式：搅拌方向错误
导致危险源释放的因素：混合效果下降","{""major_category"":""工艺因素"",""raw_cells"":[""2.9"",""搅拌异常"",""搅拌方向错误"",""混合效果下降""],""row"":116,""source_doc"":""非密-第二类危险源分析.docx"",""subcategory"":""搅拌异常"",""table"":""表4 工序/岗位危险有害因素一览表"",""table_index"":0,""text"":""类别：工艺因素 > 搅拌异常\n失效模式：搅拌方向错误\n导致危险源释放的因素：混合效果下降""}",非密-第二类危险源分析.docx,HAZARD_FACTOR_REFERENCE_V1,1.6-reference,1.0000,accepted
EVHF_fc5d8353a2f8592ac946,Evidence,非密-第二类危险源分析.docx 表4第97行,非密-第二类危险源分析.docx 表4第97行,"类别：工艺因素 > 物料位置异常
失效模式：输送节拍异常
导致危险源释放的因素：导致物料错位","{""major_category"":""工艺因素"",""raw_cells"":[""2.7"",""物料位置异常"",""输送节拍异常"",""导致物料错位""],""row"":97,""source_doc"":""非密-第二类危险源分析.docx"",""subcategory"":""物料位置异常"",""table"":""表4 工序/岗位危险有害因素一览表"",""table_index"":0,""text"":""类别：工艺因素 > 物料位置异常\n失效模式：输送节拍异常\n导致危险源释放的因素：导致物料错位""}",非密-第二类危险源分析.docx,HAZARD_FACTOR_REFERENCE_V1,1.6-reference,1.0000,accepted
EVHF_fcf8876cddbce0468413,Evidence,非密-第二类危险源分析.docx 表4第23行,非密-第二类危险源分析.docx 表4第23行,"类别：工艺因素 > 温度异常
失效模式：换热器结垢堵塞
导致危险源释放的因素：热交换能力降低","{""major_category"":""工艺因素"",""raw_cells"":[""2.1"",""温度异常"",""换热器结垢堵塞"",""热交换能力降低""],""row"":23,""source_doc"":""非密-第二类危险源分析.docx"",""subcategory"":""温度异常"",""table"":""表4 工序/岗位危险有害因素一览表"",""table_index"":0,""text"":""类别：工艺因素 > 温度异常\n失效模式：换热器结垢堵塞\n导致危险源释放的因素：热交换能力降低""}",非密-第二类危险源分析.docx,HAZARD_FACTOR_REFERENCE_V1,1.6-reference,1.0000,accepted
EVHF_fdf9fb58b6b71f28c48d,Evidence,非密-第二类危险源分析.docx 表4第141行,非密-第二类危险源分析.docx 表4第141行,"类别：工艺因素 > 进刀量异常
失效模式：退刀异常
导致危险源释放的因素：造成刮擦或碰撞","{""major_category"":""工艺因素"",""raw_cells"":[""2.10"",""进刀量异常"",""退刀异常"",""造成刮擦或碰撞""],""row"":141,""source_doc"":""非密-第二类危险源分析.docx"",""subcategory"":""进刀量异常"",""table"":""表4 工序/岗位危险有害因素一览表"",""table_index"":0,""text"":""类别：工艺因素 > 进刀量异常\n失效模式：退刀异常\n导致危险源释放的因素：造成刮擦或碰撞""}",非密-第二类危险源分析.docx,HAZARD_FACTOR_REFERENCE_V1,1.6-reference,1.0000,accepted
HFMAJ_30ae93d09c3272ec457a,HazardFactor,人的因素,人的因素,,"{""category_code"":""1"",""category_path"":""人的因素"",""reference_level"":""major_category""}",非密-第二类危险源分析.docx,HAZARD_FACTOR_REFERENCE_V1,1.6-reference,1.0000,accepted
HFMAJ_8d88992a2c0922e80b45,HazardFactor,环境因素,环境因素,,"{""category_code"":""4"",""category_path"":""环境因素"",""reference_level"":""major_category""}",非密-第二类危险源分析.docx,HAZARD_FACTOR_REFERENCE_V1,1.6-reference,1.0000,accepted
HFMAJ_986fa84197623b562ab5,HazardFactor,管理因素,管理因素,,"{""category_code"":""5"",""category_path"":""管理因素"",""reference_level"":""major_category""}",非密-第二类危险源分析.docx,HAZARD_FACTOR_REFERENCE_V1,1.6-reference,1.0000,accepted
HFMAJ_9a17218c762e1c066cb8,HazardFactor,工艺因素,工艺因素,,"{""category_code"":""2"",""category_path"":""工艺因素"",""reference_level"":""major_category""}",非密-第二类危险源分析.docx,HAZARD_FACTOR_REFERENCE_V1,1.6-reference,1.0000,accepted
HFMAJ_eda5f1799cdc84fdcdd1,HazardFactor,设备设施因素,设备设施因素,,"{""category_code"":""3"",""category_path"":""设备设施因素"",""reference_level"":""major_category""}",非密-第二类危险源分析.docx,HAZARD_FACTOR_REFERENCE_V1,1.6-reference,1.0000,accepted
HFSUB_0f6815b3d697d4b26861,HazardFactor,安全管理,安全管理,,"{""category_code"":""5.4"",""category_path"":""管理因素 > 安全管理"",""parent_category_id"":""HFMAJ_986fa84197623b562ab5"",""parent_category_name"":""管理因素"",""reference_level"":""subcategory""}",非密-第二类危险源分析.docx,HAZARD_FACTOR_REFERENCE_V1,1.6-reference,1.0000,accepted
HFSUB_1477feb5a268ed2427af,HazardFactor,其他,其他,,"{""category_code"":""3.6"",""category_path"":""设备设施因素 > 其他"",""parent_category_id"":""HFMAJ_eda5f1799cdc84fdcdd1"",""parent_category_name"":""设备设施因素"",""reference_level"":""subcategory""}",非密-第二类危险源分析.docx,HAZARD_FACTOR_REFERENCE_V1,1.6-reference,1.0000,accepted
HFSUB_2021d403833451c45c8e,HazardFactor,温度异常,温度异常,,"{""category_code"":""2.1"",""category_path"":""工艺因素 > 温度异常"",""parent_category_id"":""HFMAJ_9a17218c762e1c066cb8"",""parent_category_name"":""工艺因素"",""reference_level"":""subcategory""}",非密-第二类危险源分析.docx,HAZARD_FACTOR_REFERENCE_V1,1.6-reference,1.0000,accepted
HFSUB_20ead840a6ca05e6e7bf,HazardFactor,开关启闭故障,开关启闭故障,,"{""category_code"":""3.2"",""category_path"":""设备设施因素 > 开关启闭故障"",""parent_category_id"":""HFMAJ_eda5f1799cdc84fdcdd1"",""parent_category_name"":""设备设施因素"",""reference_level"":""subcategory""}",非密-第二类危险源分析.docx,HAZARD_FACTOR_REFERENCE_V1,1.6-reference,1.0000,accepted
HFSUB_2943f7c2ef6e7f6f3e11,HazardFactor,容器内料位异常,容器内料位异常,,"{""category_code"":""2.6"",""category_path"":""工艺因素 > 容器内料位异常"",""parent_category_id"":""HFMAJ_9a17218c762e1c066cb8"",""parent_category_name"":""工艺因素"",""reference_level"":""subcategory""}",非密-第二类危险源分析.docx,HAZARD_FACTOR_REFERENCE_V1,1.6-reference,1.0000,accepted
HFSUB_2fc0f1936aef3818e581,HazardFactor,载荷异常,载荷异常,,"{""category_code"":""2.8"",""category_path"":""工艺因素 > 载荷异常"",""parent_category_id"":""HFMAJ_9a17218c762e1c066cb8"",""parent_category_name"":""工艺因素"",""reference_level"":""subcategory""}",非密-第二类危险源分析.docx,HAZARD_FACTOR_REFERENCE_V1,1.6-reference,1.0000,accepted
HFSUB_3499b2eea2406a3fc2e4,HazardFactor,防雷,防雷,,"{""category_code"":""4.1"",""category_path"":""环境因素 > 防雷"",""parent_category_id"":""HFMAJ_8d88992a2c0922e80b45"",""parent_category_name"":""环境因素"",""reference_level"":""subcategory""}",非密-第二类危险源分析.docx,HAZARD_FACTOR_REFERENCE_V1,1.6-reference,1.0000,accepted
HFSUB_3714c0ce37203cc71bfb,HazardFactor,结构与机械损坏,结构与机械损坏,,"{""category_code"":""3.1"",""category_path"":""设备设施因素 > 结构与机械损坏"",""parent_category_id"":""HFMAJ_eda5f1799cdc84fdcdd1"",""parent_category_name"":""设备设施因素"",""reference_level"":""subcategory""}",非密-第二类危险源分析.docx,HAZARD_FACTOR_REFERENCE_V1,1.6-reference,1.0000,accepted
HFSUB_3be740fba9158966a7be,HazardFactor,物料位置异常,物料位置异常,,"{""category_code"":""2.7"",""category_path"":""工艺因素 > 物料位置异常"",""parent_category_id"":""HFMAJ_9a17218c762e1c066cb8"",""parent_category_name"":""工艺因素"",""reference_level"":""subcategory""}",非密-第二类危险源分析.docx,HAZARD_FACTOR_REFERENCE_V1,1.6-reference,1.0000,accepted
HFSUB_3c28074b64bfde37fddc,HazardFactor,运行工况异常,运行工况异常,,"{""category_code"":""3.5"",""category_path"":""设备设施因素 > 运行工况异常"",""parent_category_id"":""HFMAJ_eda5f1799cdc84fdcdd1"",""parent_category_name"":""设备设施因素"",""reference_level"":""subcategory""}",非密-第二类危险源分析.docx,HAZARD_FACTOR_REFERENCE_V1,1.6-reference,1.0000,accepted
HFSUB_4a28ba96f0226892eb5f,HazardFactor,人员协作,人员协作,,"{""category_code"":""1.2"",""category_path"":""人的因素 > 人员协作"",""parent_category_id"":""HFMAJ_30ae93d09c3272ec457a"",""parent_category_name"":""人的因素"",""reference_level"":""subcategory""}",非密-第二类危险源分析.docx,HAZARD_FACTOR_REFERENCE_V1,1.6-reference,1.0000,accepted
HFSUB_4ebfdb13c2eb23794557,HazardFactor,防静电,防静电,,"{""category_code"":""4.2"",""category_path"":""环境因素 > 防静电"",""parent_category_id"":""HFMAJ_8d88992a2c0922e80b45"",""parent_category_name"":""环境因素"",""reference_level"":""subcategory""}",非密-第二类危险源分析.docx,HAZARD_FACTOR_REFERENCE_V1,1.6-reference,1.0000,accepted
HFSUB_4fb37555d2b8e41a56b6,HazardFactor,其他,其他,,"{""category_code"":""1.3"",""category_path"":""人的因素 > 其他"",""parent_category_id"":""HFMAJ_30ae93d09c3272ec457a"",""parent_category_name"":""人的因素"",""reference_level"":""subcategory""}",非密-第二类危险源分析.docx,HAZARD_FACTOR_REFERENCE_V1,1.6-reference,1.0000,accepted
HFSUB_7fbaa8987bd46aa43e3d,HazardFactor,冷却速率异常,冷却速率异常,,"{""category_code"":""2.2"",""category_path"":""工艺因素 > 冷却速率异常"",""parent_category_id"":""HFMAJ_9a17218c762e1c066cb8"",""parent_category_name"":""工艺因素"",""reference_level"":""subcategory""}",非密-第二类危险源分析.docx,HAZARD_FACTOR_REFERENCE_V1,1.6-reference,1.0000,accepted
HFSUB_83db26af498bfba0e958,HazardFactor,作业环境,作业环境,,"{""category_code"":""4.4"",""category_path"":""环境因素 > 作业环境"",""parent_category_id"":""HFMAJ_8d88992a2c0922e80b45"",""parent_category_name"":""环境因素"",""reference_level"":""subcategory""}",非密-第二类危险源分析.docx,HAZARD_FACTOR_REFERENCE_V1,1.6-reference,1.0000,accepted
HFSUB_9f52a546069cc2dddf1a,HazardFactor,转速异常,转速异常,,"{""category_code"":""2.11"",""category_path"":""工艺因素 > 转速异常"",""parent_category_id"":""HFMAJ_9a17218c762e1c066cb8"",""parent_category_name"":""工艺因素"",""reference_level"":""subcategory""}",非密-第二类危险源分析.docx,HAZARD_FACTOR_REFERENCE_V1,1.6-reference,1.0000,accepted
HFSUB_a91de5fded2c4bf3cbd0,HazardFactor,动火作业,动火作业,,"{""category_code"":""5.1"",""category_path"":""管理因素 > 动火作业"",""parent_category_id"":""HFMAJ_986fa84197623b562ab5"",""parent_category_name"":""管理因素"",""reference_level"":""subcategory""}",非密-第二类危险源分析.docx,HAZARD_FACTOR_REFERENCE_V1,1.6-reference,1.0000,accepted
HFSUB_b33ec045de75625b7cb7,HazardFactor,真空度异常,真空度异常,,"{""category_code"":""2.4"",""category_path"":""工艺因素 > 真空度异常"",""parent_category_id"":""HFMAJ_9a17218c762e1c066cb8"",""parent_category_name"":""工艺因素"",""reference_level"":""subcategory""}",非密-第二类危险源分析.docx,HAZARD_FACTOR_REFERENCE_V1,1.6-reference,1.0000,accepted
HFSUB_bab52de02b4154d6915d,HazardFactor,泄漏与堵塞故障,泄漏与堵塞故障,,"{""category_code"":""3.3"",""category_path"":""设备设施因素 > 泄漏与堵塞故障"",""parent_category_id"":""HFMAJ_eda5f1799cdc84fdcdd1"",""parent_category_name"":""设备设施因素"",""reference_level"":""subcategory""}",非密-第二类危险源分析.docx,HAZARD_FACTOR_REFERENCE_V1,1.6-reference,1.0000,accepted
HFSUB_c1e46c6a69f3a03d8340,HazardFactor,人员操作,人员操作,,"{""category_code"":""1.1"",""category_path"":""人的因素 > 人员操作"",""parent_category_id"":""HFMAJ_30ae93d09c3272ec457a"",""parent_category_name"":""人的因素"",""reference_level"":""subcategory""}",非密-第二类危险源分析.docx,HAZARD_FACTOR_REFERENCE_V1,1.6-reference,1.0000,accepted
HFSUB_dc5acd27d2006184cb92,HazardFactor,流量异常,流量异常,,"{""category_code"":""2.5"",""category_path"":""工艺因素 > 流量异常"",""parent_category_id"":""HFMAJ_9a17218c762e1c066cb8"",""parent_category_name"":""工艺因素"",""reference_level"":""subcategory""}",非密-第二类危险源分析.docx,HAZARD_FACTOR_REFERENCE_V1,1.6-reference,1.0000,accepted
HFSUB_ddaf83ad26dbf99c9fe3,HazardFactor,特种设备管理,特种设备管理,,"{""category_code"":""5.3"",""category_path"":""管理因素 > 特种设备管理"",""parent_category_id"":""HFMAJ_986fa84197623b562ab5"",""parent_category_name"":""管理因素"",""reference_level"":""subcategory""}",非密-第二类危险源分析.docx,HAZARD_FACTOR_REFERENCE_V1,1.6-reference,1.0000,accepted
HFSUB_e2391b9e99add981cc97,HazardFactor,消防管理,消防管理,,"{""category_code"":""5.2"",""category_path"":""管理因素 > 消防管理"",""parent_category_id"":""HFMAJ_986fa84197623b562ab5"",""parent_category_name"":""管理因素"",""reference_level"":""subcategory""}",非密-第二类危险源分析.docx,HAZARD_FACTOR_REFERENCE_V1,1.6-reference,1.0000,accepted
HFSUB_e930598f29156dbc0cb9,HazardFactor,电气设备,电气设备,,"{""category_code"":""4.3"",""category_path"":""环境因素 > 电气设备"",""parent_category_id"":""HFMAJ_8d88992a2c0922e80b45"",""parent_category_name"":""环境因素"",""reference_level"":""subcategory""}",非密-第二类危险源分析.docx,HAZARD_FACTOR_REFERENCE_V1,1.6-reference,1.0000,accepted
HFSUB_ecab1e5aaa25c691327d,HazardFactor,搅拌异常,搅拌异常,,"{""category_code"":""2.9"",""category_path"":""工艺因素 > 搅拌异常"",""parent_category_id"":""HFMAJ_9a17218c762e1c066cb8"",""parent_category_name"":""工艺因素"",""reference_level"":""subcategory""}",非密-第二类危险源分析.docx,HAZARD_FACTOR_REFERENCE_V1,1.6-reference,1.0000,accepted
HFSUB_ee73683e4f1d80a8f06f,HazardFactor,压力异常,压力异常,,"{""category_code"":""2.3"",""category_path"":""工艺因素 > 压力异常"",""parent_category_id"":""HFMAJ_9a17218c762e1c066cb8"",""parent_category_name"":""工艺因素"",""reference_level"":""subcategory""}",非密-第二类危险源分析.docx,HAZARD_FACTOR_REFERENCE_V1,1.6-reference,1.0000,accepted
HFSUB_f0da43b675a1e53250a7,HazardFactor,进刀量异常,进刀量异常,,"{""category_code"":""2.10"",""category_path"":""工艺因素 > 进刀量异常"",""parent_category_id"":""HFMAJ_9a17218c762e1c066cb8"",""parent_category_name"":""工艺因素"",""reference_level"":""subcategory""}",非密-第二类危险源分析.docx,HAZARD_FACTOR_REFERENCE_V1,1.6-reference,1.0000,accepted
HFSUB_fa95053a6249e538276f,HazardFactor,参数超限故障,参数超限故障,,"{""category_code"":""3.4"",""category_path"":""设备设施因素 > 参数超限故障"",""parent_category_id"":""HFMAJ_eda5f1799cdc84fdcdd1"",""parent_category_name"":""设备设施因素"",""reference_level"":""subcategory""}",非密-第二类危险源分析.docx,HAZARD_FACTOR_REFERENCE_V1,1.6-reference,1.0000,accepted
HZFHF_00132ee6d322e082f9ab,HazardFactor,管路腔体积气，造成断流、压力不稳、输送中断,管路腔体积气，造成断流、压力不稳、输送中断,,"{""failure_mode_ids"":[""LOCHF_a034279aec77f598934a""],""failure_modes"":[""气堵/气阻""],""major_categories"":[""设备设施因素""],""reference_level"":""release_factor"",""sequence_no"":1,""subcategories"":[""泄漏与堵塞故障""]}",非密-第二类危险源分析.docx,HAZARD_FACTOR_REFERENCE_V1,1.6-reference,1.0000,accepted
HZFHF_005656849976a4b497e7,HazardFactor,人工照明灯具损坏未及时更换,人工照明灯具损坏未及时更换,,"{""failure_mode_ids"":[""LOCHF_0a15675b92b64d743dff""],""failure_modes"":[""采光照明不良""],""major_categories"":[""环境因素""],""reference_level"":""release_factor"",""sequence_no"":3,""subcategories"":[""作业环境""]}",非密-第二类危险源分析.docx,HAZARD_FACTOR_REFERENCE_V1,1.6-reference,1.0000,accepted
HZFHF_04ac6694b97a306e0121,HazardFactor,未正确穿戴防静电鞋服等防静电护具,未正确穿戴防静电鞋服等防静电护具,,"{""failure_mode_ids"":[""LOCHF_c1d75da6b7bd2e3235b5""],""failure_modes"":[""未正确穿戴防静电护具""],""major_categories"":[""环境因素""],""reference_level"":""release_factor"",""sequence_no"":1,""subcategories"":[""防静电""]}",非密-第二类危险源分析.docx,HAZARD_FACTOR_REFERENCE_V1,1.6-reference,1.0000,accepted
HZFHF_06f114e5f42664a126b2,HazardFactor,检维修作业前未彻底清理危险物料,检维修作业前未彻底清理危险物料,,"{""failure_mode_ids"":[""LOCHF_811233e8058fb094975c""],""failure_modes"":[""检维修作业前存有危险物料""],""major_categories"":[""环境因素""],""reference_level"":""release_factor"",""sequence_no"":1,""subcategories"":[""作业环境""]}",非密-第二类危险源分析.docx,HAZARD_FACTOR_REFERENCE_V1,1.6-reference,1.0000,accepted
HZFHF_0764134387be68c57642,HazardFactor,混合不均匀,混合不均匀,,"{""failure_mode_ids"":[""LOCHF_fca27234a42c87e68147""],""failure_modes"":[""搅拌时间不足""],""major_categories"":[""工艺因素""],""reference_level"":""release_factor"",""sequence_no"":1,""subcategories"":[""搅拌异常""]}",非密-第二类危险源分析.docx,HAZARD_FACTOR_REFERENCE_V1,1.6-reference,1.0000,accepted
HZFHF_07e87731171bce254977,HazardFactor,介质损失导致实际流量不足,介质损失导致实际流量不足,,"{""failure_mode_ids"":[""LOCHF_c13a90ce47206ff01419""],""failure_modes"":[""管路泄漏""],""major_categories"":[""工艺因素""],""reference_level"":""release_factor"",""sequence_no"":1,""subcategories"":[""流量异常""]}",非密-第二类危险源分析.docx,HAZARD_FACTOR_REFERENCE_V1,1.6-reference,1.0000,accepted
HZFHF_099568abee7716b6a81c,HazardFactor,防爆叉车、起重机等操作人员无资格证、或资格证过有效期,防爆叉车、起重机等操作人员无资格证、或资格证过有效期,,"{""failure_mode_ids"":[""LOCHF_9a7ea532ce7ff70422b2""],""failure_modes"":[""防爆叉车、起重机等操作人员资格证缺失""],""major_categories"":[""管理因素""],""reference_level"":""release_factor"",""sequence_no"":1,""subcategories"":[""特种设备管理""]}",非密-第二类危险源分析.docx,HAZARD_FACTOR_REFERENCE_V1,1.6-reference,1.0000,accepted
HZFHF_0999d532a5268eb2cc0f,HazardFactor,从工装、输送装置或吊具脱落,从工装、输送装置或吊具脱落,,"{""failure_mode_ids"":[""LOCHF_8d9dfc002f08b2d0f1f8""],""failure_modes"":[""物料掉落""],""major_categories"":[""工艺因素""],""reference_level"":""release_factor"",""sequence_no"":1,""subcategories"":[""物料位置异常""]}",非密-第二类危险源分析.docx,HAZARD_FACTOR_REFERENCE_V1,1.6-reference,1.0000,accepted
HZFHF_09f41d617ac19fc24b61,HazardFactor,应急预案演练不规范,应急预案演练不规范,,"{""failure_mode_ids"":[""LOCHF_65a33e4e99891137d49e""],""failure_modes"":[""应急管理缺陷""],""major_categories"":[""管理因素""],""reference_level"":""release_factor"",""sequence_no"":3,""subcategories"":[""安全管理""]}",非密-第二类危险源分析.docx,HAZARD_FACTOR_REFERENCE_V1,1.6-reference,1.0000,accepted
HZFHF_0a208bac45291d83fe16,HazardFactor,物料加入位置不符合要求,物料加入位置不符合要求,,"{""failure_mode_ids"":[""LOCHF_1fb730c2b40bfb267153""],""failure_modes"":[""操作不到位/操作不当""],""major_categories"":[""人的因素""],""reference_level"":""release_factor"",""sequence_no"":4,""subcategories"":[""人员操作""]}",非密-第二类危险源分析.docx,HAZARD_FACTOR_REFERENCE_V1,1.6-reference,1.0000,accepted
HZFHF_0a5fae2a43d160617354,HazardFactor,出现摩擦、撞击、啸叫、异振等非正常运行声响,出现摩擦、撞击、啸叫、异振等非正常运行声响,,"{""failure_mode_ids"":[""LOCHF_0d629c7fe15c85e6f762""],""failure_modes"":[""异响噪音""],""major_categories"":[""设备设施因素""],""reference_level"":""release_factor"",""sequence_no"":1,""subcategories"":[""运行工况异常""]}",非密-第二类危险源分析.docx,HAZARD_FACTOR_REFERENCE_V1,1.6-reference,1.0000,accepted
HZFHF_0a9a9fd5e4d191151733,HazardFactor,转速反馈错误,转速反馈错误,,"{""failure_mode_ids"":[""LOCHF_542bbaf583b36f6e9175""],""failure_modes"":[""编码器失效""],""major_categories"":[""工艺因素""],""reference_level"":""release_factor"",""sequence_no"":1,""subcategories"":[""转速异常""]}",非密-第二类危险源分析.docx,HAZARD_FACTOR_REFERENCE_V1,1.6-reference,1.0000,accepted
HZFHF_0b4b4a4986a82dbfed7c,HazardFactor,产生冲击和扬尘,产生冲击和扬尘,,"{""failure_mode_ids"":[""LOCHF_c315bf50839f0063924b""],""failure_modes"":[""压力释放过快""],""major_categories"":[""工艺因素""],""reference_level"":""release_factor"",""sequence_no"":1,""subcategories"":[""压力异常""]}",非密-第二类危险源分析.docx,HAZARD_FACTOR_REFERENCE_V1,1.6-reference,1.0000,accepted
HZFHF_0b89b1e89e299086b31c,HazardFactor,部件发生弯曲、扭曲、拉伸等塑性变形，尺寸超差,部件发生弯曲、扭曲、拉伸等塑性变形，尺寸超差,,"{""failure_mode_ids"":[""LOCHF_047fc59f6d08dd63961c""],""failure_modes"":[""异常变形""],""major_categories"":[""设备设施因素""],""reference_level"":""release_factor"",""sequence_no"":1,""subcategories"":[""结构与机械损坏""]}",非密-第二类危险源分析.docx,HAZARD_FACTOR_REFERENCE_V1,1.6-reference,1.0000,accepted
HZFHF_0ca9a48c67bf2edcd766,HazardFactor,物料输送量不足,物料输送量不足,,"{""failure_mode_ids"":[""LOCHF_f1bb752e47903304dd61""],""failure_modes"":[""输送泵故障""],""major_categories"":[""工艺因素""],""reference_level"":""release_factor"",""sequence_no"":1,""subcategories"":[""流量异常""]}",非密-第二类危险源分析.docx,HAZARD_FACTOR_REFERENCE_V1,1.6-reference,1.0000,accepted
HZFHF_0e1f1ea9c162dfdbfd36,HazardFactor,设备运转时修理、检查、调整、焊接、清扫等工作,设备运转时修理、检查、调整、焊接、清扫等工作,,"{""failure_mode_ids"":[""LOCHF_ff998036a81ecffad4c8""],""failure_modes"":[""操作时间错误（包括操作时机、操作时长）""],""major_categories"":[""人的因素""],""reference_level"":""release_factor"",""sequence_no"":1,""subcategories"":[""人员操作""]}",非密-第二类危险源分析.docx,HAZARD_FACTOR_REFERENCE_V1,1.6-reference,1.0000,accepted
HZFHF_0fce95451ddb9ed13db9,HazardFactor,实际转速降低,实际转速降低,,"{""failure_mode_ids"":[""LOCHF_f854960ca3a621450d68""],""failure_modes"":[""传动机构打滑""],""major_categories"":[""工艺因素""],""reference_level"":""release_factor"",""sequence_no"":1,""subcategories"":[""转速异常""]}",非密-第二类危险源分析.docx,HAZARD_FACTOR_REFERENCE_V1,1.6-reference,1.0000,accepted
HZFHF_105d640523c969e89db4,HazardFactor,工房防雷设施损坏或设计缺陷,工房防雷设施损坏或设计缺陷,,"{""failure_mode_ids"":[""LOCHF_72146974633980faf0a2""],""failure_modes"":[""防雷设施失效""],""major_categories"":[""环境因素""],""reference_level"":""release_factor"",""sequence_no"":3,""subcategories"":[""防雷""]}",非密-第二类危险源分析.docx,HAZARD_FACTOR_REFERENCE_V1,1.6-reference,1.0000,accepted
HZFHF_10e0675c05f731f5c964,HazardFactor,配合面磨耗、点蚀、表层起皮、剥落，配合间隙异常变大,配合面磨耗、点蚀、表层起皮、剥落，配合间隙异常变大,,"{""failure_mode_ids"":[""LOCHF_9d490c668bda6bda7962""],""failure_modes"":[""磨损剥落""],""major_categories"":[""设备设施因素""],""reference_level"":""release_factor"",""sequence_no"":1,""subcategories"":[""结构与机械损坏""]}",非密-第二类危险源分析.docx,HAZARD_FACTOR_REFERENCE_V1,1.6-reference,1.0000,accepted
HZFHF_133b1d5aad19c8bd5f64,HazardFactor,已发现的隐患整改不彻底,已发现的隐患整改不彻底,,"{""failure_mode_ids"":[""LOCHF_36cd63d7a3e9700f9c2b""],""failure_modes"":[""隐患排查治理不到位""],""major_categories"":[""管理因素""],""reference_level"":""release_factor"",""sequence_no"":2,""subcategories"":[""安全管理""]}",非密-第二类危险源分析.docx,HAZARD_FACTOR_REFERENCE_V1,1.6-reference,1.0000,accepted
HZFHF_16ba6c5d461521b29a76,HazardFactor,无法准确判断冷却状态,无法准确判断冷却状态,,"{""failure_mode_ids"":[""LOCHF_2a5bb39900a1b280b6a3""],""failure_modes"":[""温度传感器失效""],""major_categories"":[""工艺因素""],""reference_level"":""release_factor"",""sequence_no"":1,""subcategories"":[""冷却速率异常""]}",非密-第二类危险源分析.docx,HAZARD_FACTOR_REFERENCE_V1,1.6-reference,1.0000,accepted
HZFHF_16d748a57ad3629c4b2f,HazardFactor,实际转速低于设定值,实际转速低于设定值,,"{""failure_mode_ids"":[""LOCHF_626385dc353b7d4b01fa""],""failure_modes"":[""皮带打滑""],""major_categories"":[""工艺因素""],""reference_level"":""release_factor"",""sequence_no"":1,""subcategories"":[""转速异常""]}",非密-第二类危险源分析.docx,HAZARD_FACTOR_REFERENCE_V1,1.6-reference,1.0000,accepted
HZFHF_1744632b688d7bb5d0ee,HazardFactor,无法准确反映系统真空度,无法准确反映系统真空度,,"{""failure_mode_ids"":[""LOCHF_688c85d479d28d7ed6a8""],""failure_modes"":[""真空表失效""],""major_categories"":[""工艺因素""],""reference_level"":""release_factor"",""sequence_no"":1,""subcategories"":[""真空度异常""]}",非密-第二类危险源分析.docx,HAZARD_FACTOR_REFERENCE_V1,1.6-reference,1.0000,accepted
HZFHF_1810ea614ad4b1565dc3,HazardFactor,事故应急预案缺陷,事故应急预案缺陷,,"{""failure_mode_ids"":[""LOCHF_65a33e4e99891137d49e""],""failure_modes"":[""应急管理缺陷""],""major_categories"":[""管理因素""],""reference_level"":""release_factor"",""sequence_no"":1,""subcategories"":[""安全管理""]}",非密-第二类危险源分析.docx,HAZARD_FACTOR_REFERENCE_V1,1.6-reference,1.0000,accepted
HZFHF_192aa69ec6e6521d41c6,HazardFactor,无法正常驱动搅拌,无法正常驱动搅拌,,"{""failure_mode_ids"":[""LOCHF_6928244546a3cc4d7cf3""],""failure_modes"":[""搅拌电机故障""],""major_categories"":[""工艺因素""],""reference_level"":""release_factor"",""sequence_no"":1,""subcategories"":[""搅拌异常""]}",非密-第二类危险源分析.docx,HAZARD_FACTOR_REFERENCE_V1,1.6-reference,1.0000,accepted
HZFHF_1b857ccefc7defc1a301,HazardFactor,无操作指令、无触发条件，设备自行启动、意外动作,无操作指令、无触发条件，设备自行启动、意外动作,,"{""failure_mode_ids"":[""LOCHF_8207559ea290cc2ecaec""],""failure_modes"":[""误开启""],""major_categories"":[""设备设施因素""],""reference_level"":""release_factor"",""sequence_no"":1,""subcategories"":[""开关启闭故障""]}",非密-第二类危险源分析.docx,HAZARD_FACTOR_REFERENCE_V1,1.6-reference,1.0000,accepted
HZFHF_1c8919867133f8665b5e,HazardFactor,设备、电气线路选型不符合防爆防尘要求,设备、电气线路选型不符合防爆防尘要求,,"{""failure_mode_ids"":[""LOCHF_2e637f2274c208a56374""],""failure_modes"":[""设备、电气线路不符合防爆防尘要求""],""major_categories"":[""环境因素""],""reference_level"":""release_factor"",""sequence_no"":1,""subcategories"":[""电气设备""]}",非密-第二类危险源分析.docx,HAZARD_FACTOR_REFERENCE_V1,1.6-reference,1.0000,accepted
HZFHF_1d2897059eb13e648089,HazardFactor,温湿度不在工艺要求范围内,温湿度不在工艺要求范围内,,"{""failure_mode_ids"":[""LOCHF_6804c255a4ca2ffb07a1""],""failure_modes"":[""工房温湿度不满足工艺要求""],""major_categories"":[""环境因素""],""reference_level"":""release_factor"",""sequence_no"":1,""subcategories"":[""作业环境""]}",非密-第二类危险源分析.docx,HAZARD_FACTOR_REFERENCE_V1,1.6-reference,1.0000,accepted
HZFHF_1dde30dbf245daaba763,HazardFactor,冷却速度过快,冷却速度过快,,"{""failure_mode_ids"":[""LOCHF_110a9cef6ad8148643c2""],""failure_modes"":[""冷却介质流量过大""],""major_categories"":[""工艺因素""],""reference_level"":""release_factor"",""sequence_no"":1,""subcategories"":[""冷却速率异常""]}",非密-第二类危险源分析.docx,HAZARD_FACTOR_REFERENCE_V1,1.6-reference,1.0000,accepted
HZFHF_1e1dd5293d770de624c9,HazardFactor,审批层级未达规定要求,审批层级未达规定要求,,"{""failure_mode_ids"":[""LOCHF_c0f9ea72ceca71cfb92f""],""failure_modes"":[""审批流程不符合规范""],""major_categories"":[""管理因素""],""reference_level"":""release_factor"",""sequence_no"":1,""subcategories"":[""动火作业""]}",非密-第二类危险源分析.docx,HAZARD_FACTOR_REFERENCE_V1,1.6-reference,1.0000,accepted
HZFHF_1e77c6c9399c6bb217cb,HazardFactor,转速传递偏差,转速传递偏差,,"{""failure_mode_ids"":[""LOCHF_a78d39b361145cb2a44a""],""failure_modes"":[""齿轮磨损""],""major_categories"":[""工艺因素""],""reference_level"":""release_factor"",""sequence_no"":1,""subcategories"":[""转速异常""]}",非密-第二类危险源分析.docx,HAZARD_FACTOR_REFERENCE_V1,1.6-reference,1.0000,accepted
HZFHF_1e9a15eb56273c0bc5fd,HazardFactor,通径变小、局部缩流，流量、输送能力无故下降,通径变小、局部缩流，流量、输送能力无故下降,,"{""failure_mode_ids"":[""LOCHF_e0215910bff1ae5205d0""],""failure_modes"":[""节流异常""],""major_categories"":[""设备设施因素""],""reference_level"":""release_factor"",""sequence_no"":1,""subcategories"":[""泄漏与堵塞故障""]}",非密-第二类危险源分析.docx,HAZARD_FACTOR_REFERENCE_V1,1.6-reference,1.0000,accepted
HZFHF_1ee7764f591eabe6dc3e,HazardFactor,容器底部或死角物料滞留,容器底部或死角物料滞留,,"{""failure_mode_ids"":[""LOCHF_562c38898db80dbb5fcf""],""failure_modes"":[""残料积存""],""major_categories"":[""工艺因素""],""reference_level"":""release_factor"",""sequence_no"":1,""subcategories"":[""容器内料位异常""]}",非密-第二类危险源分析.docx,HAZARD_FACTOR_REFERENCE_V1,1.6-reference,1.0000,accepted
HZFHF_1fd40fc21630be82381b,HazardFactor,未清理残药,未清理残药,,"{""failure_mode_ids"":[""LOCHF_5c4f52bd9775b83d3f7f""],""failure_modes"":[""操作遗漏""],""major_categories"":[""人的因素""],""reference_level"":""release_factor"",""sequence_no"":1,""subcategories"":[""人员操作""]}",非密-第二类危险源分析.docx,HAZARD_FACTOR_REFERENCE_V1,1.6-reference,1.0000,accepted
HZFHF_220ab68f0f3df94fb21d,HazardFactor,设定进刀量超出工艺要求,设定进刀量超出工艺要求,,"{""failure_mode_ids"":[""LOCHF_2fdae8df74f9bbeabca6""],""failure_modes"":[""程序参数设置错误""],""major_categories"":[""工艺因素""],""reference_level"":""release_factor"",""sequence_no"":1,""subcategories"":[""进刀量异常""]}",非密-第二类危险源分析.docx,HAZARD_FACTOR_REFERENCE_V1,1.6-reference,1.0000,accepted
HZFHF_2212fa76ff56662db456,HazardFactor,残余压力未泄放,残余压力未泄放,,"{""failure_mode_ids"":[""LOCHF_1fb730c2b40bfb267153""],""failure_modes"":[""操作不到位/操作不当""],""major_categories"":[""人的因素""],""reference_level"":""release_factor"",""sequence_no"":6,""subcategories"":[""人员操作""]}",非密-第二类危险源分析.docx,HAZARD_FACTOR_REFERENCE_V1,1.6-reference,1.0000,accepted
HZFHF_2257824b9922e819e7fb,HazardFactor,系统残压存在,系统残压存在,,"{""failure_mode_ids"":[""LOCHF_99d1ae334f768f049896""],""failure_modes"":[""压力释放不完全""],""major_categories"":[""工艺因素""],""reference_level"":""release_factor"",""sequence_no"":1,""subcategories"":[""压力异常""]}",非密-第二类危险源分析.docx,HAZARD_FACTOR_REFERENCE_V1,1.6-reference,1.0000,accepted
HZFHF_22854a76330181ab2e6a,HazardFactor,抽气通道受阻，局部真空失效,抽气通道受阻，局部真空失效,,"{""failure_mode_ids"":[""LOCHF_5155dc62fdc827c21c4d""],""failure_modes"":[""工艺物料堵塞抽气口""],""major_categories"":[""工艺因素""],""reference_level"":""release_factor"",""sequence_no"":1,""subcategories"":[""真空度异常""]}",非密-第二类危险源分析.docx,HAZARD_FACTOR_REFERENCE_V1,1.6-reference,1.0000,accepted
HZFHF_2351b25f322bfe22051e,HazardFactor,阀腔、密封、腔体内部窜压、窜料，内漏超标,阀腔、密封、腔体内部窜压、窜料，内漏超标,,"{""failure_mode_ids"":[""LOCHF_a8da17d64442aca0a8cd""],""failure_modes"":[""内部泄漏""],""major_categories"":[""设备设施因素""],""reference_level"":""release_factor"",""sequence_no"":1,""subcategories"":[""泄漏与堵塞故障""]}",非密-第二类危险源分析.docx,HAZARD_FACTOR_REFERENCE_V1,1.6-reference,1.0000,accepted
HZFHF_24235e53770df98c0e3c,HazardFactor,加料种类/规格错误,加料种类/规格错误,,"{""failure_mode_ids"":[""LOCHF_ad8b2ee2d390980714c9""],""failure_modes"":[""操作对象错误""],""major_categories"":[""人的因素""],""reference_level"":""release_factor"",""sequence_no"":1,""subcategories"":[""人员操作""]}",非密-第二类危险源分析.docx,HAZARD_FACTOR_REFERENCE_V1,1.6-reference,1.0000,accepted
HZFHF_25461c89b2c1deab0c34,HazardFactor,存在断料、冲击风险,存在断料、冲击风险,,"{""failure_mode_ids"":[""LOCHF_1f967173ed61131dd4c4""],""failure_modes"":[""料位下降过快""],""major_categories"":[""工艺因素""],""reference_level"":""release_factor"",""sequence_no"":1,""subcategories"":[""容器内料位异常""]}",非密-第二类危险源分析.docx,HAZARD_FACTOR_REFERENCE_V1,1.6-reference,1.0000,accepted
HZFHF_270c81e00bb070a018d9,HazardFactor,影响进给精度,影响进给精度,,"{""failure_mode_ids"":[""LOCHF_9b10f7f372fcacd7e2d7""],""failure_modes"":[""异物进入导轨""],""major_categories"":[""工艺因素""],""reference_level"":""release_factor"",""sequence_no"":1,""subcategories"":[""进刀量异常""]}",非密-第二类危险源分析.docx,HAZARD_FACTOR_REFERENCE_V1,1.6-reference,1.0000,accepted
HZFHF_2859329837cf86e6fa5f,HazardFactor,物料未放置到指定工位,物料未放置到指定工位,,"{""failure_mode_ids"":[""LOCHF_867d288680615c774d8a""],""failure_modes"":[""放置位置错误""],""major_categories"":[""工艺因素""],""reference_level"":""release_factor"",""sequence_no"":1,""subcategories"":[""物料位置异常""]}",非密-第二类危险源分析.docx,HAZARD_FACTOR_REFERENCE_V1,1.6-reference,1.0000,accepted
HZFHF_2956581b9d38773f51f1,HazardFactor,介质停止输送,介质停止输送,,"{""failure_mode_ids"":[""LOCHF_cbc20f7edae289b223ea""],""failure_modes"":[""流量中断""],""major_categories"":[""工艺因素""],""reference_level"":""release_factor"",""sequence_no"":1,""subcategories"":[""流量异常""]}",非密-第二类危险源分析.docx,HAZARD_FACTOR_REFERENCE_V1,1.6-reference,1.0000,accepted
HZFHF_2a49eab4c3cd137ba044,HazardFactor,无法按设定速率降温,无法按设定速率降温,,"{""failure_mode_ids"":[""LOCHF_2ce4531643774765263a""],""failure_modes"":[""冷却控制系统故障""],""major_categories"":[""工艺因素""],""reference_level"":""release_factor"",""sequence_no"":1,""subcategories"":[""冷却速率异常""]}",非密-第二类危险源分析.docx,HAZARD_FACTOR_REFERENCE_V1,1.6-reference,1.0000,accepted
HZFHF_2af5ba38004212ee81b8,HazardFactor,设备壳体、轴类、支架、焊缝开裂、断裂、碎裂，结构完整性失效,设备壳体、轴类、支架、焊缝开裂、断裂、碎裂，结构完整性失效,,"{""failure_mode_ids"":[""LOCHF_ba2ed0336b9a54c6064e""],""failure_modes"":[""结构破损/断裂""],""major_categories"":[""设备设施因素""],""reference_level"":""release_factor"",""sequence_no"":1,""subcategories"":[""结构与机械损坏""]}",非密-第二类危险源分析.docx,HAZARD_FACTOR_REFERENCE_V1,1.6-reference,1.0000,accepted
HZFHF_2b3f737a5784673a1317,HazardFactor,混合效果下降,混合效果下降,,"{""failure_mode_ids"":[""LOCHF_310309f160d82ea816f6""],""failure_modes"":[""搅拌方向错误""],""major_categories"":[""工艺因素""],""reference_level"":""release_factor"",""sequence_no"":1,""subcategories"":[""搅拌异常""]}",非密-第二类危险源分析.docx,HAZARD_FACTOR_REFERENCE_V1,1.6-reference,1.0000,accepted
HZFHF_2bd77785eebe861a6c7c,HazardFactor,造成物料运动偏移,造成物料运动偏移,,"{""failure_mode_ids"":[""LOCHF_3016abea49ee175d3177""],""failure_modes"":[""导轨磨损""],""major_categories"":[""工艺因素""],""reference_level"":""release_factor"",""sequence_no"":1,""subcategories"":[""物料位置异常""]}",非密-第二类危险源分析.docx,HAZARD_FACTOR_REFERENCE_V1,1.6-reference,1.0000,accepted
HZFHF_2c2c8a7fdaff442fa489,HazardFactor,电气部件绝缘层老化、破损，绝缘电阻下降、漏电隐患,电气部件绝缘层老化、破损，绝缘电阻下降、漏电隐患,,"{""failure_mode_ids"":[""LOCHF_676226ec9353cdd583d5""],""failure_modes"":[""电气绝缘故障（绝缘劣化）""],""major_categories"":[""设备设施因素""],""reference_level"":""release_factor"",""sequence_no"":1,""subcategories"":[""运行工况异常""]}",非密-第二类危险源分析.docx,HAZARD_FACTOR_REFERENCE_V1,1.6-reference,1.0000,accepted
HZFHF_2dbb4e4ade40ffada902,HazardFactor,异常状态下设备未停机,异常状态下设备未停机,,"{""failure_mode_ids"":[""LOCHF_d3118d3e1459325b49c0""],""failure_modes"":[""压力联锁失效""],""major_categories"":[""工艺因素""],""reference_level"":""release_factor"",""sequence_no"":1,""subcategories"":[""压力异常""]}",非密-第二类危险源分析.docx,HAZARD_FACTOR_REFERENCE_V1,1.6-reference,1.0000,accepted
HZFHF_2e797c706ca2882189b6,HazardFactor,导致受力状态改变,导致受力状态改变,,"{""failure_mode_ids"":[""LOCHF_cbce368d765d5f2bc5fc""],""failure_modes"":[""结构件变形""],""major_categories"":[""工艺因素""],""reference_level"":""release_factor"",""sequence_no"":1,""subcategories"":[""载荷异常""]}",非密-第二类危险源分析.docx,HAZARD_FACTOR_REFERENCE_V1,1.6-reference,1.0000,accepted
HZFHF_2f8e9552010cbf0e9d35,HazardFactor,搬、抬、举、刮、翻、推、捅、卸、擦等操作行为过度,搬、抬、举、刮、翻、推、捅、卸、擦等操作行为过度,,"{""failure_mode_ids"":[""LOCHF_1b1f0895431f1eead22d""],""failure_modes"":[""操作力度错误""],""major_categories"":[""人的因素""],""reference_level"":""release_factor"",""sequence_no"":1,""subcategories"":[""人员操作""]}",非密-第二类危险源分析.docx,HAZARD_FACTOR_REFERENCE_V1,1.6-reference,1.0000,accepted
HZFHF_2f9806ea0c7845f15432,HazardFactor,工具与料斗发生摩擦、撞击,工具与料斗发生摩擦、撞击,,"{""failure_mode_ids"":[""LOCHF_1fb730c2b40bfb267153""],""failure_modes"":[""操作不到位/操作不当""],""major_categories"":[""人的因素""],""reference_level"":""release_factor"",""sequence_no"":1,""subcategories"":[""人员操作""]}",非密-第二类危险源分析.docx,HAZARD_FACTOR_REFERENCE_V1,1.6-reference,1.0000,accepted
HZFHF_2fdc5a516ee2e9cec357,HazardFactor,实际进刀深度变化,实际进刀深度变化,,"{""failure_mode_ids"":[""LOCHF_96fae047f375299c4fda""],""failure_modes"":[""刀具安装松动""],""major_categories"":[""工艺因素""],""reference_level"":""release_factor"",""sequence_no"":1,""subcategories"":[""进刀量异常""]}",非密-第二类危险源分析.docx,HAZARD_FACTOR_REFERENCE_V1,1.6-reference,1.0000,accepted
HZFHF_31c43d8796c7d21d09ae,HazardFactor,工艺平面布局不符合GF/T-8要求,工艺平面布局不符合GF/T-8要求,,"{""failure_mode_ids"":[""LOCHF_ab6a1eda37ba7d7fddaf""],""failure_modes"":[""工艺平面布局不符合要求""],""major_categories"":[""环境因素""],""reference_level"":""release_factor"",""sequence_no"":1,""subcategories"":[""作业环境""]}",非密-第二类危险源分析.docx,HAZARD_FACTOR_REFERENCE_V1,1.6-reference,1.0000,accepted
HZFHF_360b07f122ef3db60df0,HazardFactor,运动部件卡涩、抱死，无法正常移动、转动、往复动作,运动部件卡涩、抱死，无法正常移动、转动、往复动作,,"{""failure_mode_ids"":[""LOCHF_c898083dacb02eac4a07""],""failure_modes"":[""卡死/卡滞""],""major_categories"":[""设备设施因素""],""reference_level"":""release_factor"",""sequence_no"":1,""subcategories"":[""结构与机械损坏""]}",非密-第二类危险源分析.docx,HAZARD_FACTOR_REFERENCE_V1,1.6-reference,1.0000,accepted
HZFHF_36b2448a5050c17151c9,HazardFactor,防爆设备上的防爆缺失,防爆设备上的防爆缺失,,"{""failure_mode_ids"":[""LOCHF_f524ea733d8aa142af39""],""failure_modes"":[""防爆叉车、起重设备等或配套设施不合格""],""major_categories"":[""管理因素""],""reference_level"":""release_factor"",""sequence_no"":2,""subcategories"":[""特种设备管理""]}",非密-第二类危险源分析.docx,HAZARD_FACTOR_REFERENCE_V1,1.6-reference,1.0000,accepted
HZFHF_38c566713020b604dba9,HazardFactor,刀具持续接触工件,刀具持续接触工件,,"{""failure_mode_ids"":[""LOCHF_fb1588cc4f8cc5ed9a00""],""failure_modes"":[""无法退刀""],""major_categories"":[""工艺因素""],""reference_level"":""release_factor"",""sequence_no"":1,""subcategories"":[""进刀量异常""]}",非密-第二类危险源分析.docx,HAZARD_FACTOR_REFERENCE_V1,1.6-reference,1.0000,accepted
HZFHF_3ad3f6c869644f7baff9,HazardFactor,泵体磨损、叶片损坏导致抽气效率降低,泵体磨损、叶片损坏导致抽气效率降低,,"{""failure_mode_ids"":[""LOCHF_cf937b0929828760d4d0""],""failure_modes"":[""真空泵抽气能力下降""],""major_categories"":[""工艺因素""],""reference_level"":""release_factor"",""sequence_no"":1,""subcategories"":[""真空度异常""]}",非密-第二类危险源分析.docx,HAZARD_FACTOR_REFERENCE_V1,1.6-reference,1.0000,accepted
HZFHF_3addfca9c70fac0bd198,HazardFactor,工装安装偏移导致物料位置异常,工装安装偏移导致物料位置异常,,"{""failure_mode_ids"":[""LOCHF_daeb2e10e96bd14d6575""],""failure_modes"":[""工装定位失准""],""major_categories"":[""工艺因素""],""reference_level"":""release_factor"",""sequence_no"":1,""subcategories"":[""物料位置异常""]}",非密-第二类危险源分析.docx,HAZARD_FACTOR_REFERENCE_V1,1.6-reference,1.0000,accepted
HZFHF_3b48207da67db67d8a04,HazardFactor,实际加工量发生偏差,实际加工量发生偏差,,"{""failure_mode_ids"":[""LOCHF_b67a6a673ef5fd2dcbb5""],""failure_modes"":[""刀具磨损""],""major_categories"":[""工艺因素""],""reference_level"":""release_factor"",""sequence_no"":1,""subcategories"":[""进刀量异常""]}",非密-第二类危险源分析.docx,HAZARD_FACTOR_REFERENCE_V1,1.6-reference,1.0000,accepted
HZFHF_3b71c7227414c5ef523b,HazardFactor,输出频率异常导致转速波动,输出频率异常导致转速波动,,"{""failure_mode_ids"":[""LOCHF_f8ebf540441aa8358e29""],""failure_modes"":[""变频器故障""],""major_categories"":[""工艺因素""],""reference_level"":""release_factor"",""sequence_no"":1,""subcategories"":[""转速异常""]}",非密-第二类危险源分析.docx,HAZARD_FACTOR_REFERENCE_V1,1.6-reference,1.0000,accepted
HZFHF_3c5e6db1b6c6c47ceee7,HazardFactor,阶梯或活动架的扶手、护栏等防护设施缺失、高度不足或连接不牢固,阶梯或活动架的扶手、护栏等防护设施缺失、高度不足或连接不牢固,,"{""failure_mode_ids"":[""LOCHF_1f88b94ce8b846030afb""],""failure_modes"":[""阶梯和活动架缺陷""],""major_categories"":[""环境因素""],""reference_level"":""release_factor"",""sequence_no"":1,""subcategories"":[""作业环境""]}",非密-第二类危险源分析.docx,HAZARD_FACTOR_REFERENCE_V1,1.6-reference,1.0000,accepted
HZFHF_3e93a86a196580d6bf8e,HazardFactor,流量无法按要求调节,流量无法按要求调节,,"{""failure_mode_ids"":[""LOCHF_81b89b164c05c31303ef""],""failure_modes"":[""阀门卡滞""],""major_categories"":[""工艺因素""],""reference_level"":""release_factor"",""sequence_no"":1,""subcategories"":[""流量异常""]}",非密-第二类危险源分析.docx,HAZARD_FACTOR_REFERENCE_V1,1.6-reference,1.0000,accepted
HZFHF_3f33c05e15ec343f7d7e,HazardFactor,温控器故障导致无法调节温度,温控器故障导致无法调节温度,,"{""failure_mode_ids"":[""LOCHF_9ffec200589459a83794""],""failure_modes"":[""温度控制装置失效""],""major_categories"":[""工艺因素""],""reference_level"":""release_factor"",""sequence_no"":1,""subcategories"":[""温度异常""]}",非密-第二类危险源分析.docx,HAZARD_FACTOR_REFERENCE_V1,1.6-reference,1.0000,accepted
HZFHF_3fd93e73363087c15118,HazardFactor,补料漏补,补料漏补,,"{""failure_mode_ids"":[""LOCHF_5c4f52bd9775b83d3f7f""],""failure_modes"":[""操作遗漏""],""major_categories"":[""人的因素""],""reference_level"":""release_factor"",""sequence_no"":5,""subcategories"":[""人员操作""]}",非密-第二类危险源分析.docx,HAZARD_FACTOR_REFERENCE_V1,1.6-reference,1.0000,accepted
HZFHF_4120c8351d7f02994e61,HazardFactor,表面粘附粘合剂，未及时清理,表面粘附粘合剂，未及时清理,,"{""failure_mode_ids"":[""LOCHF_dc547b9d02758dc1754b""],""failure_modes"":[""粘附含能物料""],""major_categories"":[""人的因素""],""reference_level"":""release_factor"",""sequence_no"":1,""subcategories"":[""其他""]}",非密-第二类危险源分析.docx,HAZARD_FACTOR_REFERENCE_V1,1.6-reference,1.0000,accepted
HZFHF_41c8ba958faad86d9af9,HazardFactor,无法满足工艺需求,无法满足工艺需求,,"{""failure_mode_ids"":[""LOCHF_dacfb9bc5d5dc9f86039""],""failure_modes"":[""流量过小""],""major_categories"":[""工艺因素""],""reference_level"":""release_factor"",""sequence_no"":1,""subcategories"":[""流量异常""]}",非密-第二类危险源分析.docx,HAZARD_FACTOR_REFERENCE_V1,1.6-reference,1.0000,accepted
HZFHF_4200c307ee96927b0480,HazardFactor,真空状态不稳定,真空状态不稳定,,"{""failure_mode_ids"":[""LOCHF_8e97d8652c0ab8b580e6""],""failure_modes"":[""真空度波动""],""major_categories"":[""工艺因素""],""reference_level"":""release_factor"",""sequence_no"":1,""subcategories"":[""真空度异常""]}",非密-第二类危险源分析.docx,HAZARD_FACTOR_REFERENCE_V1,1.6-reference,1.0000,accepted
HZFHF_4295918af89e016f2b2b,HazardFactor,停机待机状态下设备自行运转、自行加载,停机待机状态下设备自行运转、自行加载,,"{""failure_mode_ids"":[""LOCHF_249f366e77df58d167c3""],""failure_modes"":[""意外自运行""],""major_categories"":[""设备设施因素""],""reference_level"":""release_factor"",""sequence_no"":1,""subcategories"":[""运行工况异常""]}",非密-第二类危险源分析.docx,HAZARD_FACTOR_REFERENCE_V1,1.6-reference,1.0000,accepted
HZFHF_434023c94f9f3bd768b6,HazardFactor,增加机械冲击和疲劳损伤,增加机械冲击和疲劳损伤,,"{""failure_mode_ids"":[""LOCHF_c46512caef439a97c5ea""],""failure_modes"":[""启停频繁""],""major_categories"":[""工艺因素""],""reference_level"":""release_factor"",""sequence_no"":1,""subcategories"":[""转速异常""]}",非密-第二类危险源分析.docx,HAZARD_FACTOR_REFERENCE_V1,1.6-reference,1.0000,accepted
HZFHF_448daf99263e05d6550a,HazardFactor,导致流量偏离设定值,导致流量偏离设定值,,"{""failure_mode_ids"":[""LOCHF_e4ba7fd7ee8749d47d32""],""failure_modes"":[""阀门开度异常""],""major_categories"":[""工艺因素""],""reference_level"":""release_factor"",""sequence_no"":1,""subcategories"":[""流量异常""]}",非密-第二类危险源分析.docx,HAZARD_FACTOR_REFERENCE_V1,1.6-reference,1.0000,accepted
HZFHF_44aa87efa38c8d4e88d7,HazardFactor,超程运行,超程运行,,"{""failure_mode_ids"":[""LOCHF_43a2aca7c008038181e9""],""failure_modes"":[""限位装置失效""],""major_categories"":[""工艺因素""],""reference_level"":""release_factor"",""sequence_no"":1,""subcategories"":[""进刀量异常""]}",非密-第二类危险源分析.docx,HAZARD_FACTOR_REFERENCE_V1,1.6-reference,1.0000,accepted
HZFHF_46b6ba3456f7bba76657,HazardFactor,管路或容器局部超压,管路或容器局部超压,,"{""failure_mode_ids"":[""LOCHF_fcc64cfb2ce919cb3b83""],""failure_modes"":[""局部压力异常""],""major_categories"":[""工艺因素""],""reference_level"":""release_factor"",""sequence_no"":1,""subcategories"":[""压力异常""]}",非密-第二类危险源分析.docx,HAZARD_FACTOR_REFERENCE_V1,1.6-reference,1.0000,accepted
HZFHF_475b0c14edea1c963c6b,HazardFactor,异常进刀时设备未停机,异常进刀时设备未停机,,"{""failure_mode_ids"":[""LOCHF_609cf453a040d153d1f0""],""failure_modes"":[""联锁保护失效""],""major_categories"":[""工艺因素""],""reference_level"":""release_factor"",""sequence_no"":1,""subcategories"":[""进刀量异常""]}",非密-第二类危险源分析.docx,HAZARD_FACTOR_REFERENCE_V1,1.6-reference,1.0000,accepted
HZFHF_4762ded11ddbc8ad0ebc,HazardFactor,加料速度过快,加料速度过快,,"{""failure_mode_ids"":[""LOCHF_1b1f0895431f1eead22d""],""failure_modes"":[""操作力度错误""],""major_categories"":[""人的因素""],""reference_level"":""release_factor"",""sequence_no"":2,""subcategories"":[""人员操作""]}",非密-第二类危险源分析.docx,HAZARD_FACTOR_REFERENCE_V1,1.6-reference,1.0000,accepted
HZFHF_4a1071f321b80c6a3bfe,HazardFactor,热交换能力降低,热交换能力降低,,"{""failure_mode_ids"":[""LOCHF_9ef0963129716d1c1894""],""failure_modes"":[""换热器结垢堵塞""],""major_categories"":[""工艺因素""],""reference_level"":""release_factor"",""sequence_no"":1,""subcategories"":[""温度异常""]}",非密-第二类危险源分析.docx,HAZARD_FACTOR_REFERENCE_V1,1.6-reference,1.0000,accepted
HZFHF_4aae40e0b9f5f8f30321,HazardFactor,无法准确识别位置,无法准确识别位置,,"{""failure_mode_ids"":[""LOCHF_c4edd3d3c14654f00a4a""],""failure_modes"":[""定位传感器失效""],""major_categories"":[""工艺因素""],""reference_level"":""release_factor"",""sequence_no"":1,""subcategories"":[""物料位置异常""]}",非密-第二类危险源分析.docx,HAZARD_FACTOR_REFERENCE_V1,1.6-reference,1.0000,accepted
HZFHF_4ce03ad8a23d8ecb8570,HazardFactor,物料形成拱桥，实际料位与显示不符,物料形成拱桥，实际料位与显示不符,,"{""failure_mode_ids"":[""LOCHF_ccfa4e4e8888e2abcd05""],""failure_modes"":[""架桥堵料""],""major_categories"":[""工艺因素""],""reference_level"":""release_factor"",""sequence_no"":1,""subcategories"":[""容器内料位异常""]}",非密-第二类危险源分析.docx,HAZARD_FACTOR_REFERENCE_V1,1.6-reference,1.0000,accepted
HZFHF_4cebfa96c086fd3ce4b6,HazardFactor,未清理粉尘,未清理粉尘,,"{""failure_mode_ids"":[""LOCHF_5c4f52bd9775b83d3f7f""],""failure_modes"":[""操作遗漏""],""major_categories"":[""人的因素""],""reference_level"":""release_factor"",""sequence_no"":3,""subcategories"":[""人员操作""]}",非密-第二类危险源分析.docx,HAZARD_FACTOR_REFERENCE_V1,1.6-reference,1.0000,accepted
HZFHF_4d4885e9651f44abeb10,HazardFactor,导致物料错位,导致物料错位,,"{""failure_mode_ids"":[""LOCHF_663c424974e6a5f0af68""],""failure_modes"":[""输送节拍异常""],""major_categories"":[""工艺因素""],""reference_level"":""release_factor"",""sequence_no"":1,""subcategories"":[""物料位置异常""]}",非密-第二类危险源分析.docx,HAZARD_FACTOR_REFERENCE_V1,1.6-reference,1.0000,accepted
HZFHF_4d8ef1b4d4909a309e04,HazardFactor,加工过程不稳定,加工过程不稳定,,"{""failure_mode_ids"":[""LOCHF_800350d5b17b385e61a8""],""failure_modes"":[""进刀量波动""],""major_categories"":[""工艺因素""],""reference_level"":""release_factor"",""sequence_no"":1,""subcategories"":[""进刀量异常""]}",非密-第二类危险源分析.docx,HAZARD_FACTOR_REFERENCE_V1,1.6-reference,1.0000,accepted
HZFHF_4e8457ff0a95bf43793c,HazardFactor,未定期维护或维护不当防静电胶板,未定期维护或维护不当防静电胶板,,"{""failure_mode_ids"":[""LOCHF_f1f78bdb5c87bcbd0c74""],""failure_modes"":[""工作台防静电胶板污染""],""major_categories"":[""环境因素""],""reference_level"":""release_factor"",""sequence_no"":1,""subcategories"":[""防静电""]}",非密-第二类危险源分析.docx,HAZARD_FACTOR_REFERENCE_V1,1.6-reference,1.0000,accepted
HZFHF_4f3c66f418ff9562ee80,HazardFactor,吊索具未完全挂好就开动起重机,吊索具未完全挂好就开动起重机,,"{""failure_mode_ids"":[""LOCHF_36bf3f9087156bba0db6""],""failure_modes"":[""人员协作失误""],""major_categories"":[""人的因素""],""reference_level"":""release_factor"",""sequence_no"":1,""subcategories"":[""人员协作""]}",非密-第二类危险源分析.docx,HAZARD_FACTOR_REFERENCE_V1,1.6-reference,1.0000,accepted
HZFHF_4f8e7ecc27f1780e6cc0,HazardFactor,载荷传递异常,载荷传递异常,,"{""failure_mode_ids"":[""LOCHF_304c7b636afc64ca9f3d""],""failure_modes"":[""夹具松动""],""major_categories"":[""工艺因素""],""reference_level"":""release_factor"",""sequence_no"":1,""subcategories"":[""载荷异常""]}",非密-第二类危险源分析.docx,HAZARD_FACTOR_REFERENCE_V1,1.6-reference,1.0000,accepted
HZFHF_50555e4d85d2e8967c9c,HazardFactor,无法准确监测料位,无法准确监测料位,,"{""failure_mode_ids"":[""LOCHF_2c69fdd6eaffd9a438db""],""failure_modes"":[""料位传感器失效""],""major_categories"":[""工艺因素""],""reference_level"":""release_factor"",""sequence_no"":1,""subcategories"":[""容器内料位异常""]}",非密-第二类危险源分析.docx,HAZARD_FACTOR_REFERENCE_V1,1.6-reference,1.0000,accepted
HZFHF_50798fb6f7f0c4d612bd,HazardFactor,自动加料失控,自动加料失控,,"{""failure_mode_ids"":[""LOCHF_5d1deaa73675c935490b""],""failure_modes"":[""加料控制器失效""],""major_categories"":[""工艺因素""],""reference_level"":""release_factor"",""sequence_no"":1,""subcategories"":[""容器内料位异常""]}",非密-第二类危险源分析.docx,HAZARD_FACTOR_REFERENCE_V1,1.6-reference,1.0000,accepted
HZFHF_5134bb221769762bfd4e,HazardFactor,物料未经磁选、过筛，含有异物,物料未经磁选、过筛，含有异物,,"{""failure_mode_ids"":[""LOCHF_ff5bf35c3cdd7fea384d""],""failure_modes"":[""混入异物""],""major_categories"":[""人的因素""],""reference_level"":""release_factor"",""sequence_no"":2,""subcategories"":[""其他""]}",非密-第二类危险源分析.docx,HAZARD_FACTOR_REFERENCE_V1,1.6-reference,1.0000,accepted
HZFHF_5144360008a8171d666f,HazardFactor,物料泄漏或外界介质进入,物料泄漏或外界介质进入,,"{""failure_mode_ids"":[""LOCHF_26d7c647c51831d08971""],""failure_modes"":[""密封失效""],""major_categories"":[""工艺因素""],""reference_level"":""release_factor"",""sequence_no"":1,""subcategories"":[""搅拌异常""]}",非密-第二类危险源分析.docx,HAZARD_FACTOR_REFERENCE_V1,1.6-reference,1.0000,accepted
HZFHF_5175b5590a99cfdacd22,HazardFactor,热失控征兆,热失控征兆,,"{""failure_mode_ids"":[""LOCHF_915e362e24564e934572""],""failure_modes"":[""突然温升""],""major_categories"":[""工艺因素""],""reference_level"":""release_factor"",""sequence_no"":1,""subcategories"":[""温度异常""]}",非密-第二类危险源分析.docx,HAZARD_FACTOR_REFERENCE_V1,1.6-reference,1.0000,accepted
HZFHF_53f64df10b205f7e9db7,HazardFactor,未达到真空要求仍继续运行,未达到真空要求仍继续运行,,"{""failure_mode_ids"":[""LOCHF_929d13cfa1579b85f961""],""failure_modes"":[""真空联锁失效""],""major_categories"":[""工艺因素""],""reference_level"":""release_factor"",""sequence_no"":1,""subcategories"":[""真空度异常""]}",非密-第二类危险源分析.docx,HAZARD_FACTOR_REFERENCE_V1,1.6-reference,1.0000,accepted
HZFHF_5740af5f0014cf38a8db,HazardFactor,操作工具材质不符合要求,操作工具材质不符合要求,,"{""failure_mode_ids"":[""LOCHF_50d7f9272c59c84f4088""],""failure_modes"":[""操作工具错误""],""major_categories"":[""人的因素""],""reference_level"":""release_factor"",""sequence_no"":3,""subcategories"":[""人员操作""]}",非密-第二类危险源分析.docx,HAZARD_FACTOR_REFERENCE_V1,1.6-reference,1.0000,accepted
HZFHF_574335cb62a27f24417a,HazardFactor,流量控制失效,流量控制失效,,"{""failure_mode_ids"":[""LOCHF_0d56551f2801a35c8941""],""failure_modes"":[""自动控制系统故障""],""major_categories"":[""工艺因素""],""reference_level"":""release_factor"",""sequence_no"":1,""subcategories"":[""流量异常""]}",非密-第二类危险源分析.docx,HAZARD_FACTOR_REFERENCE_V1,1.6-reference,1.0000,accepted
HZFHF_593b496d9598538b1c94,HazardFactor,未穿戴防护用品,未穿戴防护用品,,"{""failure_mode_ids"":[""LOCHF_82ea34de1701b7ded1dd""],""failure_modes"":[""安全防护不到位/失效/未开启""],""major_categories"":[""人的因素""],""reference_level"":""release_factor"",""sequence_no"":1,""subcategories"":[""其他""]}",非密-第二类危险源分析.docx,HAZARD_FACTOR_REFERENCE_V1,1.6-reference,1.0000,accepted
HZFHF_5a41bbd44cbf4dac0640,HazardFactor,未清理阀门接口和管路等杂质,未清理阀门接口和管路等杂质,,"{""failure_mode_ids"":[""LOCHF_5c4f52bd9775b83d3f7f""],""failure_modes"":[""操作遗漏""],""major_categories"":[""人的因素""],""reference_level"":""release_factor"",""sequence_no"":4,""subcategories"":[""人员操作""]}",非密-第二类危险源分析.docx,HAZARD_FACTOR_REFERENCE_V1,1.6-reference,1.0000,accepted
HZFHF_5adb18bd7f3c1be44882,HazardFactor,禁忌物混存混放,禁忌物混存混放,,"{""failure_mode_ids"":[""LOCHF_54a5d474db8b4d8d0251""],""failure_modes"":[""违章操作""],""major_categories"":[""人的因素""],""reference_level"":""release_factor"",""sequence_no"":4,""subcategories"":[""人员操作""]}",非密-第二类危险源分析.docx,HAZARD_FACTOR_REFERENCE_V1,1.6-reference,1.0000,accepted
HZFHF_5b3b5d777861571f176e,HazardFactor,超压时无法及时泄压,超压时无法及时泄压,,"{""failure_mode_ids"":[""LOCHF_b3a7e7e239eedc91aa57""],""failure_modes"":[""安全泄放装置失效""],""major_categories"":[""工艺因素""],""reference_level"":""release_factor"",""sequence_no"":1,""subcategories"":[""压力异常""]}",非密-第二类危险源分析.docx,HAZARD_FACTOR_REFERENCE_V1,1.6-reference,1.0000,accepted
HZFHF_5ba158188189d9f20e4d,HazardFactor,防感应雷接地电阻超标,防感应雷接地电阻超标,,"{""failure_mode_ids"":[""LOCHF_72146974633980faf0a2""],""failure_modes"":[""防雷设施失效""],""major_categories"":[""环境因素""],""reference_level"":""release_factor"",""sequence_no"":5,""subcategories"":[""防雷""]}",非密-第二类危险源分析.docx,HAZARD_FACTOR_REFERENCE_V1,1.6-reference,1.0000,accepted
HZFHF_5e3cfa8ef34d43a4dd87,HazardFactor,人员输入参数有误,人员输入参数有误,,"{""failure_mode_ids"":[""LOCHF_1fb730c2b40bfb267153""],""failure_modes"":[""操作不到位/操作不当""],""major_categories"":[""人的因素""],""reference_level"":""release_factor"",""sequence_no"":7,""subcategories"":[""人员操作""]}",非密-第二类危险源分析.docx,HAZARD_FACTOR_REFERENCE_V1,1.6-reference,1.0000,accepted
HZFHF_5e4f4f017bf9e7d02925,HazardFactor,增加机械摩擦和冲击风险,增加机械摩擦和冲击风险,,"{""failure_mode_ids"":[""LOCHF_c389f49deb7a563faa76""],""failure_modes"":[""搅拌轴偏心振动""],""major_categories"":[""工艺因素""],""reference_level"":""release_factor"",""sequence_no"":1,""subcategories"":[""搅拌异常""]}",非密-第二类危险源分析.docx,HAZARD_FACTOR_REFERENCE_V1,1.6-reference,1.0000,accepted
HZFHF_5e65f3b95af42544612c,HazardFactor,冷却水、冷却风供应停止,冷却水、冷却风供应停止,,"{""failure_mode_ids"":[""LOCHF_47a2c9d65ddc20b563ff""],""failure_modes"":[""冷却介质中断""],""major_categories"":[""工艺因素""],""reference_level"":""release_factor"",""sequence_no"":1,""subcategories"":[""冷却速率异常""]}",非密-第二类危险源分析.docx,HAZARD_FACTOR_REFERENCE_V1,1.6-reference,1.0000,accepted
HZFHF_5f2258df4e83ff053039,HazardFactor,工房未做等电位连接或失效,工房未做等电位连接或失效,,"{""failure_mode_ids"":[""LOCHF_72146974633980faf0a2""],""failure_modes"":[""防雷设施失效""],""major_categories"":[""环境因素""],""reference_level"":""release_factor"",""sequence_no"":2,""subcategories"":[""防雷""]}",非密-第二类危险源分析.docx,HAZARD_FACTOR_REFERENCE_V1,1.6-reference,1.0000,accepted
HZFHF_5fe5952b8f4f3a7d0a25,HazardFactor,加料顺序错误,加料顺序错误,,"{""failure_mode_ids"":[""LOCHF_3259beb33f62f3506c36""],""failure_modes"":[""操作次序错误""],""major_categories"":[""人的因素""],""reference_level"":""release_factor"",""sequence_no"":1,""subcategories"":[""人员操作""]}",非密-第二类危险源分析.docx,HAZARD_FACTOR_REFERENCE_V1,1.6-reference,1.0000,accepted
HZFHF_60d3efda104373aea50d,HazardFactor,搅拌能力下降或产生异物，造成摩擦、冲击,搅拌能力下降或产生异物，造成摩擦、冲击,,"{""failure_mode_ids"":[""LOCHF_84dedb9024971c076750""],""failure_modes"":[""搅拌桨叶断裂变形""],""major_categories"":[""工艺因素""],""reference_level"":""release_factor"",""sequence_no"":1,""subcategories"":[""搅拌异常""]}",非密-第二类危险源分析.docx,HAZARD_FACTOR_REFERENCE_V1,1.6-reference,1.0000,accepted
HZFHF_6100f7e7366950099c6d,HazardFactor,存在静电、溢料风险,存在静电、溢料风险,,"{""failure_mode_ids"":[""LOCHF_99f9b22871c0f342f0b3""],""failure_modes"":[""料位上升过快""],""major_categories"":[""工艺因素""],""reference_level"":""release_factor"",""sequence_no"":1,""subcategories"":[""容器内料位异常""]}",非密-第二类危险源分析.docx,HAZARD_FACTOR_REFERENCE_V1,1.6-reference,1.0000,accepted
HZFHF_610e7cc01a870eb3ecd8,HazardFactor,地面、台面、设备、工装、产品表面、辅助工具等处，四药清理不及时、不干净,地面、台面、设备、工装、产品表面、辅助工具等处，四药清理不及时、不干净,,"{""failure_mode_ids"":[""LOCHF_38978e5cd4fee87006f1""],""failure_modes"":[""散药、浮药、余药、残药（“四药”）未清理""],""major_categories"":[""环境因素""],""reference_level"":""release_factor"",""sequence_no"":1,""subcategories"":[""作业环境""]}",非密-第二类危险源分析.docx,HAZARD_FACTOR_REFERENCE_V1,1.6-reference,1.0000,accepted
HZFHF_663629201699c66e6d73,HazardFactor,物料在转移或加工过程中发生位移,物料在转移或加工过程中发生位移,,"{""failure_mode_ids"":[""LOCHF_913ef37be253cea03388""],""failure_modes"":[""夹具松动""],""major_categories"":[""工艺因素""],""reference_level"":""release_factor"",""sequence_no"":1,""subcategories"":[""物料位置异常""]}",非密-第二类危险源分析.docx,HAZARD_FACTOR_REFERENCE_V1,1.6-reference,1.0000,accepted
HZFHF_6640fb8f3ed8d495f154,HazardFactor,工艺过程异常,工艺过程异常,,"{""failure_mode_ids"":[""LOCHF_2ea4963e5fbe989a832a""],""failure_modes"":[""升温速率过慢""],""major_categories"":[""工艺因素""],""reference_level"":""release_factor"",""sequence_no"":1,""subcategories"":[""温度异常""]}",非密-第二类危险源分析.docx,HAZARD_FACTOR_REFERENCE_V1,1.6-reference,1.0000,accepted
HZFHF_67d9c0ef8637458bba9b,HazardFactor,中部形成空穴导致虚假料位,中部形成空穴导致虚假料位,,"{""failure_mode_ids"":[""LOCHF_dd89ebcc5b8d035913ae""],""failure_modes"":[""鼠洞效应""],""major_categories"":[""工艺因素""],""reference_level"":""release_factor"",""sequence_no"":1,""subcategories"":[""容器内料位异常""]}",非密-第二类危险源分析.docx,HAZARD_FACTOR_REFERENCE_V1,1.6-reference,1.0000,accepted
HZFHF_68170046f7f4997ff8f6,HazardFactor,未开启局部除尘装置,未开启局部除尘装置,,"{""failure_mode_ids"":[""LOCHF_82ea34de1701b7ded1dd""],""failure_modes"":[""安全防护不到位/失效/未开启""],""major_categories"":[""人的因素""],""reference_level"":""release_factor"",""sequence_no"":3,""subcategories"":[""其他""]}",非密-第二类危险源分析.docx,HAZARD_FACTOR_REFERENCE_V1,1.6-reference,1.0000,accepted
HZFHF_688e49cb7211f3080979,HazardFactor,通风除尘设施损坏、故障,通风除尘设施损坏、故障,,"{""failure_mode_ids"":[""LOCHF_5dc4324abfb1621cf303""],""failure_modes"":[""通风除尘设施缺陷或未正常投入使用""],""major_categories"":[""环境因素""],""reference_level"":""release_factor"",""sequence_no"":2,""subcategories"":[""作业环境""]}",非密-第二类危险源分析.docx,HAZARD_FACTOR_REFERENCE_V1,1.6-reference,1.0000,accepted
HZFHF_68b043cb7752a10c325d,HazardFactor,真空设定值超出工艺要求,真空设定值超出工艺要求,,"{""failure_mode_ids"":[""LOCHF_440e448603a670beaca1""],""failure_modes"":[""参数设置错误""],""major_categories"":[""工艺因素""],""reference_level"":""release_factor"",""sequence_no"":1,""subcategories"":[""真空度异常""]}",非密-第二类危险源分析.docx,HAZARD_FACTOR_REFERENCE_V1,1.6-reference,1.0000,accepted
HZFHF_690446ce738e57f249ba,HazardFactor,指示失真导致误操作,指示失真导致误操作,,"{""failure_mode_ids"":[""LOCHF_8a89da200f0fe87d7a57""],""failure_modes"":[""压力表不准确""],""major_categories"":[""工艺因素""],""reference_level"":""release_factor"",""sequence_no"":1,""subcategories"":[""压力异常""]}",非密-第二类危险源分析.docx,HAZARD_FACTOR_REFERENCE_V1,1.6-reference,1.0000,accepted
HZFHF_698144b4d64d44d5358a,HazardFactor,灭火器、消防栓及消防雨淋配置缺失,灭火器、消防栓及消防雨淋配置缺失,,"{""failure_mode_ids"":[""LOCHF_36c44fe18e8ae42d8de9""],""failure_modes"":[""消防设施缺失""],""major_categories"":[""管理因素""],""reference_level"":""release_factor"",""sequence_no"":1,""subcategories"":[""消防管理""]}",非密-第二类危险源分析.docx,HAZARD_FACTOR_REFERENCE_V1,1.6-reference,1.0000,accepted
HZFHF_6b6222732e43640d6bad,HazardFactor,灯具数量不足或功率选型过低,灯具数量不足或功率选型过低,,"{""failure_mode_ids"":[""LOCHF_0a15675b92b64d743dff""],""failure_modes"":[""采光照明不良""],""major_categories"":[""环境因素""],""reference_level"":""release_factor"",""sequence_no"":1,""subcategories"":[""作业环境""]}",非密-第二类危险源分析.docx,HAZARD_FACTOR_REFERENCE_V1,1.6-reference,1.0000,accepted
HZFHF_6c2f07e7351ead8562e4,HazardFactor,人证不符,人证不符,,"{""failure_mode_ids"":[""LOCHF_9e7054e3d1aa05fd467e""],""failure_modes"":[""作业人员资质问题""],""major_categories"":[""管理因素""],""reference_level"":""release_factor"",""sequence_no"":2,""subcategories"":[""动火作业""]}",非密-第二类危险源分析.docx,HAZARD_FACTOR_REFERENCE_V1,1.6-reference,1.0000,accepted
HZFHF_6c57a0d424345160669b,HazardFactor,局部热应力增大,局部热应力增大,,"{""failure_mode_ids"":[""LOCHF_5411bc8bb0bde9da4f25""],""failure_modes"":[""升温速率过快""],""major_categories"":[""工艺因素""],""reference_level"":""release_factor"",""sequence_no"":1,""subcategories"":[""温度异常""]}",非密-第二类危险源分析.docx,HAZARD_FACTOR_REFERENCE_V1,1.6-reference,1.0000,accepted
HZFHF_6dab843764510085f817,HazardFactor,新设备、新工艺投入使用后，未及时同步编制或修订操作规程,新设备、新工艺投入使用后，未及时同步编制或修订操作规程,,"{""failure_mode_ids"":[""LOCHF_9e9b2748884b3a4bc826""],""failure_modes"":[""操作规程不完整、文实不符""],""major_categories"":[""管理因素""],""reference_level"":""release_factor"",""sequence_no"":1,""subcategories"":[""安全管理""]}",非密-第二类危险源分析.docx,HAZARD_FACTOR_REFERENCE_V1,1.6-reference,1.0000,accepted
HZFHF_6ee1acbb2522df3289bc,HazardFactor,启停、碰撞等导致载荷突增,启停、碰撞等导致载荷突增,,"{""failure_mode_ids"":[""LOCHF_fada2bc5cb8fe580b502""],""failure_modes"":[""瞬时冲击载荷过大""],""major_categories"":[""工艺因素""],""reference_level"":""release_factor"",""sequence_no"":1,""subcategories"":[""载荷异常""]}",非密-第二类危险源分析.docx,HAZARD_FACTOR_REFERENCE_V1,1.6-reference,1.0000,accepted
HZFHF_6f739fe269b3bbd9f87f,HazardFactor,不同区域降温速度不同,不同区域降温速度不同,,"{""failure_mode_ids"":[""LOCHF_e611bba4eff7a3dc1c22""],""failure_modes"":[""冷却不均匀""],""major_categories"":[""工艺因素""],""reference_level"":""release_factor"",""sequence_no"":1,""subcategories"":[""冷却速率异常""]}",非密-第二类危险源分析.docx,HAZARD_FACTOR_REFERENCE_V1,1.6-reference,1.0000,accepted
HZFHF_70359f5fa43e3cd78d8f,HazardFactor,导致结构损伤累积,导致结构损伤累积,,"{""failure_mode_ids"":[""LOCHF_1b7b32f882070e20af13""],""failure_modes"":[""长期疲劳运行""],""major_categories"":[""工艺因素""],""reference_level"":""release_factor"",""sequence_no"":1,""subcategories"":[""载荷异常""]}",非密-第二类危险源分析.docx,HAZARD_FACTOR_REFERENCE_V1,1.6-reference,1.0000,accepted
HZFHF_706cefecfeaa2339ab19,HazardFactor,无法控制切削深度,无法控制切削深度,,"{""failure_mode_ids"":[""LOCHF_1de1daa127029b3aa277""],""failure_modes"":[""进给机构故障""],""major_categories"":[""工艺因素""],""reference_level"":""release_factor"",""sequence_no"":1,""subcategories"":[""进刀量异常""]}",非密-第二类危险源分析.docx,HAZARD_FACTOR_REFERENCE_V1,1.6-reference,1.0000,accepted
HZFHF_706f62c349809e13b9c3,HazardFactor,导致受力不均匀,导致受力不均匀,,"{""failure_mode_ids"":[""LOCHF_f81eac2b643df1a37891""],""failure_modes"":[""工装安装偏斜""],""major_categories"":[""工艺因素""],""reference_level"":""release_factor"",""sequence_no"":1,""subcategories"":[""载荷异常""]}",非密-第二类危险源分析.docx,HAZARD_FACTOR_REFERENCE_V1,1.6-reference,1.0000,accepted
HZFHF_707047294efb312da99c,HazardFactor,瞬时载荷急剧增大,瞬时载荷急剧增大,,"{""failure_mode_ids"":[""LOCHF_872ef013e742bcc865a5""],""failure_modes"":[""机械卡滞""],""major_categories"":[""工艺因素""],""reference_level"":""release_factor"",""sequence_no"":1,""subcategories"":[""载荷异常""]}",非密-第二类危险源分析.docx,HAZARD_FACTOR_REFERENCE_V1,1.6-reference,1.0000,accepted
HZFHF_71880b398b507045b77c,HazardFactor,导致物料运行轨迹异常,导致物料运行轨迹异常,,"{""failure_mode_ids"":[""LOCHF_ca0e3bbcc9036a0b0ea7""],""failure_modes"":[""输送机构偏移""],""major_categories"":[""工艺因素""],""reference_level"":""release_factor"",""sequence_no"":1,""subcategories"":[""物料位置异常""]}",非密-第二类危险源分析.docx,HAZARD_FACTOR_REFERENCE_V1,1.6-reference,1.0000,accepted
HZFHF_71b2daab09d0612b10c8,HazardFactor,无法建立或维持真空环境,无法建立或维持真空环境,,"{""failure_mode_ids"":[""LOCHF_c666e0317271cdfca1ac""],""failure_modes"":[""真空泵故障停机""],""major_categories"":[""工艺因素""],""reference_level"":""release_factor"",""sequence_no"":1,""subcategories"":[""真空度异常""]}",非密-第二类危险源分析.docx,HAZARD_FACTOR_REFERENCE_V1,1.6-reference,1.0000,accepted
HZFHF_753c9f791b012e4fcd31,HazardFactor,防静电护具缺失,防静电护具缺失,,"{""failure_mode_ids"":[""LOCHF_181b0c9f35c025848289""],""failure_modes"":[""防静电护具失效""],""major_categories"":[""环境因素""],""reference_level"":""release_factor"",""sequence_no"":1,""subcategories"":[""防静电""]}",非密-第二类危险源分析.docx,HAZARD_FACTOR_REFERENCE_V1,1.6-reference,1.0000,accepted
HZFHF_7688bdcc360ec4b3a7b4,HazardFactor,加热功率持续输出造成超温,加热功率持续输出造成超温,,"{""failure_mode_ids"":[""LOCHF_4b366841b3216e506706""],""failure_modes"":[""加热装置失控""],""major_categories"":[""工艺因素""],""reference_level"":""release_factor"",""sequence_no"":1,""subcategories"":[""温度异常""]}",非密-第二类危险源分析.docx,HAZARD_FACTOR_REFERENCE_V1,1.6-reference,1.0000,accepted
HZFHF_77dd266cb63f95910b79,HazardFactor,导致设备超压,导致设备超压,,"{""failure_mode_ids"":[""LOCHF_acd46394bed70da42f23""],""failure_modes"":[""排气系统堵塞""],""major_categories"":[""工艺因素""],""reference_level"":""release_factor"",""sequence_no"":1,""subcategories"":[""压力异常""]}",非密-第二类危险源分析.docx,HAZARD_FACTOR_REFERENCE_V1,1.6-reference,1.0000,accepted
HZFHF_790d813c1572770ee434,HazardFactor,工位、行程、基准位置跑偏，无法保持设定安装/运行位置,工位、行程、基准位置跑偏，无法保持设定安装/运行位置,,"{""failure_mode_ids"":[""LOCHF_9a3c4fcdd95f3f00862a""],""failure_modes"":[""位置偏移""],""major_categories"":[""设备设施因素""],""reference_level"":""release_factor"",""sequence_no"":1,""subcategories"":[""结构与机械损坏""]}",非密-第二类危险源分析.docx,HAZARD_FACTOR_REFERENCE_V1,1.6-reference,1.0000,accepted
HZFHF_79c684383a7f9b14fdbc,HazardFactor,工房防直击雷击电阻超标,工房防直击雷击电阻超标,,"{""failure_mode_ids"":[""LOCHF_72146974633980faf0a2""],""failure_modes"":[""防雷设施失效""],""major_categories"":[""环境因素""],""reference_level"":""release_factor"",""sequence_no"":4,""subcategories"":[""防雷""]}",非密-第二类危险源分析.docx,HAZARD_FACTOR_REFERENCE_V1,1.6-reference,1.0000,accepted
HZFHF_7a012a9f2aad360c132e,HazardFactor,安全出口门上锁、通道门开启方向错误或通道宽度被设备、管线占用,安全出口门上锁、通道门开启方向错误或通道宽度被设备、管线占用,,"{""failure_mode_ids"":[""LOCHF_4269b99eee6d36cd1046""],""failure_modes"":[""物流通道、安全通道不畅""],""major_categories"":[""环境因素""],""reference_level"":""release_factor"",""sequence_no"":2,""subcategories"":[""作业环境""]}",非密-第二类危险源分析.docx,HAZARD_FACTOR_REFERENCE_V1,1.6-reference,1.0000,accepted
HZFHF_7a8810bad7cde361736a,HazardFactor,工房未设置防雷设施或防雷设施未经检验,工房未设置防雷设施或防雷设施未经检验,,"{""failure_mode_ids"":[""LOCHF_72146974633980faf0a2""],""failure_modes"":[""防雷设施失效""],""major_categories"":[""环境因素""],""reference_level"":""release_factor"",""sequence_no"":1,""subcategories"":[""防雷""]}",非密-第二类危险源分析.docx,HAZARD_FACTOR_REFERENCE_V1,1.6-reference,1.0000,accepted
HZFHF_7be5f6328e297b54d686,HazardFactor,短时间内快速超压,短时间内快速超压,,"{""failure_mode_ids"":[""LOCHF_5ac99702daa181caefe6""],""failure_modes"":[""压力骤升""],""major_categories"":[""工艺因素""],""reference_level"":""release_factor"",""sequence_no"":1,""subcategories"":[""压力异常""]}",非密-第二类危险源分析.docx,HAZARD_FACTOR_REFERENCE_V1,1.6-reference,1.0000,accepted
HZFHF_7cc022b7a786fb62499c,HazardFactor,造成刮擦或碰撞,造成刮擦或碰撞,,"{""failure_mode_ids"":[""LOCHF_af1cb015d88337cfdab6""],""failure_modes"":[""退刀异常""],""major_categories"":[""工艺因素""],""reference_level"":""release_factor"",""sequence_no"":1,""subcategories"":[""进刀量异常""]}",非密-第二类危险源分析.docx,HAZARD_FACTOR_REFERENCE_V1,1.6-reference,1.0000,accepted
HZFHF_7d1777c0e79705e0685a,HazardFactor,管路堵塞或泵送能力下降,管路堵塞或泵送能力下降,,"{""failure_mode_ids"":[""LOCHF_6185f61c219714cb6178""],""failure_modes"":[""冷却介质流量不足""],""major_categories"":[""工艺因素""],""reference_level"":""release_factor"",""sequence_no"":1,""subcategories"":[""冷却速率异常""]}",非密-第二类危险源分析.docx,HAZARD_FACTOR_REFERENCE_V1,1.6-reference,1.0000,accepted
HZFHF_800dca9927cf4c96eb6a,HazardFactor,管路连接处松动、密封失效导致空气进入系统,管路连接处松动、密封失效导致空气进入系统,,"{""failure_mode_ids"":[""LOCHF_d65b465b8d396d2cbc5d""],""failure_modes"":[""真空管路泄漏""],""major_categories"":[""工艺因素""],""reference_level"":""release_factor"",""sequence_no"":1,""subcategories"":[""真空度异常""]}",非密-第二类危险源分析.docx,HAZARD_FACTOR_REFERENCE_V1,1.6-reference,1.0000,accepted
HZFHF_803dd77d9fdfdc8c85da,HazardFactor,设备接地线缺失、断开或接地电阻超标，静电无法有效导出,设备接地线缺失、断开或接地电阻超标，静电无法有效导出,,"{""failure_mode_ids"":[""LOCHF_2e637f2274c208a56374""],""failure_modes"":[""设备、电气线路不符合防爆防尘要求""],""major_categories"":[""环境因素""],""reference_level"":""release_factor"",""sequence_no"":3,""subcategories"":[""电气设备""]}",非密-第二类危险源分析.docx,HAZARD_FACTOR_REFERENCE_V1,1.6-reference,1.0000,accepted
HZFHF_80528cb4a9dc45a9d107,HazardFactor,未固定好料斗就开动转运车,未固定好料斗就开动转运车,,"{""failure_mode_ids"":[""LOCHF_36bf3f9087156bba0db6""],""failure_modes"":[""人员协作失误""],""major_categories"":[""人的因素""],""reference_level"":""release_factor"",""sequence_no"":2,""subcategories"":[""人员协作""]}",非密-第二类危险源分析.docx,HAZARD_FACTOR_REFERENCE_V1,1.6-reference,1.0000,accepted
HZFHF_80612f6f3a49bbe489c5,HazardFactor,进给位移测量错误,进给位移测量错误,,"{""failure_mode_ids"":[""LOCHF_1c63a2e343a0882cc3d4""],""failure_modes"":[""编码器故障""],""major_categories"":[""工艺因素""],""reference_level"":""release_factor"",""sequence_no"":1,""subcategories"":[""进刀量异常""]}",非密-第二类危险源分析.docx,HAZARD_FACTOR_REFERENCE_V1,1.6-reference,1.0000,accepted
HZFHF_828d205a13285c630164,HazardFactor,采用本质安全水平较低的设备设施，如阀门种类选用不当,采用本质安全水平较低的设备设施，如阀门种类选用不当,,"{""failure_mode_ids"":[""LOCHF_0398b8fde993dfd913a9""],""failure_modes"":[""设备选用不当""],""major_categories"":[""设备设施因素""],""reference_level"":""release_factor"",""sequence_no"":1,""subcategories"":[""其他""]}",非密-第二类危险源分析.docx,HAZARD_FACTOR_REFERENCE_V1,1.6-reference,1.0000,accepted
HZFHF_82b0917108e6c7023b5e,HazardFactor,未清理筛网,未清理筛网,,"{""failure_mode_ids"":[""LOCHF_5c4f52bd9775b83d3f7f""],""failure_modes"":[""操作遗漏""],""major_categories"":[""人的因素""],""reference_level"":""release_factor"",""sequence_no"":2,""subcategories"":[""人员操作""]}",非密-第二类危险源分析.docx,HAZARD_FACTOR_REFERENCE_V1,1.6-reference,1.0000,accepted
HZFHF_837f65b0d4ea7e7687f2,HazardFactor,使用不安全装置,使用不安全装置,,"{""failure_mode_ids"":[""LOCHF_50d7f9272c59c84f4088""],""failure_modes"":[""操作工具错误""],""major_categories"":[""人的因素""],""reference_level"":""release_factor"",""sequence_no"":1,""subcategories"":[""人员操作""]}",非密-第二类危险源分析.docx,HAZARD_FACTOR_REFERENCE_V1,1.6-reference,1.0000,accepted
HZFHF_854c3c717419a9f614fe,HazardFactor,刀具与工件持续摩擦,刀具与工件持续摩擦,,"{""failure_mode_ids"":[""LOCHF_bc8984a0ce25400d6853""],""failure_modes"":[""进刀量过小""],""major_categories"":[""工艺因素""],""reference_level"":""release_factor"",""sequence_no"":1,""subcategories"":[""进刀量异常""]}",非密-第二类危险源分析.docx,HAZARD_FACTOR_REFERENCE_V1,1.6-reference,1.0000,accepted
HZFHF_857460b5f36e752c21af,HazardFactor,进入爆炸性危险区域作业，未更换防爆型车辆,进入爆炸性危险区域作业，未更换防爆型车辆,,"{""failure_mode_ids"":[""LOCHF_f524ea733d8aa142af39""],""failure_modes"":[""防爆叉车、起重设备等或配套设施不合格""],""major_categories"":[""管理因素""],""reference_level"":""release_factor"",""sequence_no"":1,""subcategories"":[""特种设备管理""]}",非密-第二类危险源分析.docx,HAZARD_FACTOR_REFERENCE_V1,1.6-reference,1.0000,accepted
HZFHF_86049652845f1f06f3ce,HazardFactor,手代替工具操作,手代替工具操作,,"{""failure_mode_ids"":[""LOCHF_50d7f9272c59c84f4088""],""failure_modes"":[""操作工具错误""],""major_categories"":[""人的因素""],""reference_level"":""release_factor"",""sequence_no"":2,""subcategories"":[""人员操作""]}",非密-第二类危险源分析.docx,HAZARD_FACTOR_REFERENCE_V1,1.6-reference,1.0000,accepted
HZFHF_86a6179435daa62548c3,HazardFactor,布袋未固定扎紧导致脱落,布袋未固定扎紧导致脱落,,"{""failure_mode_ids"":[""LOCHF_1fb730c2b40bfb267153""],""failure_modes"":[""操作不到位/操作不当""],""major_categories"":[""人的因素""],""reference_level"":""release_factor"",""sequence_no"":2,""subcategories"":[""人员操作""]}",非密-第二类危险源分析.docx,HAZARD_FACTOR_REFERENCE_V1,1.6-reference,1.0000,accepted
HZFHF_88fbc01cc8e382ecefe6,HazardFactor,轴承、电机绕组、腔体、元器件异常升温、超温报警,轴承、电机绕组、腔体、元器件异常升温、超温报警,,"{""failure_mode_ids"":[""LOCHF_9e92e0fe88bbdfd8d6a5""],""failure_modes"":[""过热超温""],""major_categories"":[""设备设施因素""],""reference_level"":""release_factor"",""sequence_no"":1,""subcategories"":[""参数超限故障""]}",非密-第二类危险源分析.docx,HAZARD_FACTOR_REFERENCE_V1,1.6-reference,1.0000,accepted
HZFHF_8aa8f32ac185376c6816,HazardFactor,导致摩擦热和机械冲击增加,导致摩擦热和机械冲击增加,,"{""failure_mode_ids"":[""LOCHF_4197d241a237a09425cc""],""failure_modes"":[""转速过高""],""major_categories"":[""工艺因素""],""reference_level"":""release_factor"",""sequence_no"":1,""subcategories"":[""转速异常""]}",非密-第二类危险源分析.docx,HAZARD_FACTOR_REFERENCE_V1,1.6-reference,1.0000,accepted
HZFHF_8d73840c7817a8d216b6,HazardFactor,接地连接点未采取防松、防锈措施,接地连接点未采取防松、防锈措施,,"{""failure_mode_ids"":[""LOCHF_8c8469d1888fc09acc2f""],""failure_modes"":[""接地线接地不规范、不牢固""],""major_categories"":[""环境因素""],""reference_level"":""release_factor"",""sequence_no"":2,""subcategories"":[""防静电""]}",非密-第二类危险源分析.docx,HAZARD_FACTOR_REFERENCE_V1,1.6-reference,1.0000,accepted
HZFHF_8e927e20f1d842a0703c,HazardFactor,转速失控或波动,转速失控或波动,,"{""failure_mode_ids"":[""LOCHF_33a78b50577f55d3fe43""],""failure_modes"":[""变频器故障""],""major_categories"":[""工艺因素""],""reference_level"":""release_factor"",""sequence_no"":1,""subcategories"":[""搅拌异常""]}",非密-第二类危险源分析.docx,HAZARD_FACTOR_REFERENCE_V1,1.6-reference,1.0000,accepted
HZFHF_8f1af3478c8a647cc64b,HazardFactor,管道、滤网、流道积垢、堵料，介质流通不畅,管道、滤网、流道积垢、堵料，介质流通不畅,,"{""failure_mode_ids"":[""LOCHF_58d2c3d44652465ec006""],""failure_modes"":[""管路堵塞""],""major_categories"":[""设备设施因素""],""reference_level"":""release_factor"",""sequence_no"":1,""subcategories"":[""泄漏与堵塞故障""]}",非密-第二类危险源分析.docx,HAZARD_FACTOR_REFERENCE_V1,1.6-reference,1.0000,accepted
HZFHF_912ef8643211b9e2f626,HazardFactor,使用发火材质刀具，增加火花产生风险,使用发火材质刀具，增加火花产生风险,,"{""failure_mode_ids"":[""LOCHF_9772679d25bd163030a1""],""failure_modes"":[""刀具材质选择错误""],""major_categories"":[""工艺因素""],""reference_level"":""release_factor"",""sequence_no"":1,""subcategories"":[""进刀量异常""]}",非密-第二类危险源分析.docx,HAZARD_FACTOR_REFERENCE_V1,1.6-reference,1.0000,accepted
HZFHF_934cccf9b5de86db5f6d,HazardFactor,物料结块或堵塞,物料结块或堵塞,,"{""failure_mode_ids"":[""LOCHF_8a310762ba8651d2dc18""],""failure_modes"":[""搅拌负荷异常增大""],""major_categories"":[""工艺因素""],""reference_level"":""release_factor"",""sequence_no"":1,""subcategories"":[""搅拌异常""]}",非密-第二类危险源分析.docx,HAZARD_FACTOR_REFERENCE_V1,1.6-reference,1.0000,accepted
HZFHF_93d88cd834ac9a46bf68,HazardFactor,系统失压,系统失压,,"{""failure_mode_ids"":[""LOCHF_c9e9d7b989c7f7cc446f""],""failure_modes"":[""压力骤降""],""major_categories"":[""工艺因素""],""reference_level"":""release_factor"",""sequence_no"":1,""subcategories"":[""压力异常""]}",非密-第二类危险源分析.docx,HAZARD_FACTOR_REFERENCE_V1,1.6-reference,1.0000,accepted
HZFHF_947cc2dc148e22d1b0b4,HazardFactor,影响工艺质量和生产效率,影响工艺质量和生产效率,,"{""failure_mode_ids"":[""LOCHF_43bcb3a6dad9bdf45222""],""failure_modes"":[""转速过低""],""major_categories"":[""工艺因素""],""reference_level"":""release_factor"",""sequence_no"":1,""subcategories"":[""转速异常""]}",非密-第二类危险源分析.docx,HAZARD_FACTOR_REFERENCE_V1,1.6-reference,1.0000,accepted
HZFHF_9598a269aa6650dc7a43,HazardFactor,进料、供电、供气、供液输入量超出工艺允许范围,进料、供电、供气、供液输入量超出工艺允许范围,,"{""failure_mode_ids"":[""LOCHF_f9d231bfc2e6f4a4dff8""],""failure_modes"":[""输入偏大""],""major_categories"":[""设备设施因素""],""reference_level"":""release_factor"",""sequence_no"":1,""subcategories"":[""参数超限故障""]}",非密-第二类危险源分析.docx,HAZARD_FACTOR_REFERENCE_V1,1.6-reference,1.0000,accepted
HZFHF_96f66c6c2b349f0f6c59,HazardFactor,应急预案培训不到位,应急预案培训不到位,,"{""failure_mode_ids"":[""LOCHF_65a33e4e99891137d49e""],""failure_modes"":[""应急管理缺陷""],""major_categories"":[""管理因素""],""reference_level"":""release_factor"",""sequence_no"":2,""subcategories"":[""安全管理""]}",非密-第二类危险源分析.docx,HAZARD_FACTOR_REFERENCE_V1,1.6-reference,1.0000,accepted
HZFHF_972066429fc7873b3776,HazardFactor,设备整体效率、出力、精度长期下降，达不到额定工况,设备整体效率、出力、精度长期下降，达不到额定工况,,"{""failure_mode_ids"":[""LOCHF_64398462057757b32b6e""],""failure_modes"":[""整机性能故障（性能衰退）""],""major_categories"":[""设备设施因素""],""reference_level"":""release_factor"",""sequence_no"":1,""subcategories"":[""运行工况异常""]}",非密-第二类危险源分析.docx,HAZARD_FACTOR_REFERENCE_V1,1.6-reference,1.0000,accepted
HZFHF_975f3c26faf9660ba73b,HazardFactor,异常真空状态未报警,异常真空状态未报警,,"{""failure_mode_ids"":[""LOCHF_493a7fadaab5f5d14bc2""],""failure_modes"":[""真空报警失效""],""major_categories"":[""工艺因素""],""reference_level"":""release_factor"",""sequence_no"":1,""subcategories"":[""真空度异常""]}",非密-第二类危险源分析.docx,HAZARD_FACTOR_REFERENCE_V1,1.6-reference,1.0000,accepted
HZFHF_9cb0a8a21b569403335c,HazardFactor,产生冲击载荷,产生冲击载荷,,"{""failure_mode_ids"":[""LOCHF_06d19066fffc16879330""],""failure_modes"":[""突然加速""],""major_categories"":[""工艺因素""],""reference_level"":""release_factor"",""sequence_no"":1,""subcategories"":[""转速异常""]}",非密-第二类危险源分析.docx,HAZARD_FACTOR_REFERENCE_V1,1.6-reference,1.0000,accepted
HZFHF_9d8225261def2e9e1afd,HazardFactor,输送过程不稳定,输送过程不稳定,,"{""failure_mode_ids"":[""LOCHF_b2c98d3f2edc60e72bed""],""failure_modes"":[""流量波动""],""major_categories"":[""工艺因素""],""reference_level"":""release_factor"",""sequence_no"":1,""subcategories"":[""流量异常""]}",非密-第二类危险源分析.docx,HAZARD_FACTOR_REFERENCE_V1,1.6-reference,1.0000,accepted
HZFHF_9f1dc3033070dfad7d36,HazardFactor,物料摆放位置改变,物料摆放位置改变,,"{""failure_mode_ids"":[""LOCHF_fa461e8feaf522bc902b""],""failure_modes"":[""料盘或托架变形""],""major_categories"":[""工艺因素""],""reference_level"":""release_factor"",""sequence_no"":1,""subcategories"":[""物料位置异常""]}",非密-第二类危险源分析.docx,HAZARD_FACTOR_REFERENCE_V1,1.6-reference,1.0000,accepted
HZFHF_a010d5e70b36944a2194,HazardFactor,无法准确监测负荷,无法准确监测负荷,,"{""failure_mode_ids"":[""LOCHF_ba2223635b89feaedc27""],""failure_modes"":[""载荷传感器失效""],""major_categories"":[""工艺因素""],""reference_level"":""release_factor"",""sequence_no"":1,""subcategories"":[""载荷异常""]}",非密-第二类危险源分析.docx,HAZARD_FACTOR_REFERENCE_V1,1.6-reference,1.0000,accepted
HZFHF_a1f77925f5bb96f1f703,HazardFactor,摩擦时间延长,摩擦时间延长,,"{""failure_mode_ids"":[""LOCHF_702f07f37027452aa9bb""],""failure_modes"":[""进刀速度过慢""],""major_categories"":[""工艺因素""],""reference_level"":""release_factor"",""sequence_no"":1,""subcategories"":[""进刀量异常""]}",非密-第二类危险源分析.docx,HAZARD_FACTOR_REFERENCE_V1,1.6-reference,1.0000,accepted
HZFHF_a20ddfc5328c7c50b274,HazardFactor,将废危险品（废药）混入普通垃圾内,将废危险品（废药）混入普通垃圾内,,"{""failure_mode_ids"":[""LOCHF_54a5d474db8b4d8d0251""],""failure_modes"":[""违章操作""],""major_categories"":[""人的因素""],""reference_level"":""release_factor"",""sequence_no"":5,""subcategories"":[""人员操作""]}",非密-第二类危险源分析.docx,HAZARD_FACTOR_REFERENCE_V1,1.6-reference,1.0000,accepted
HZFHF_a2565083bc682bb65d4d,HazardFactor,动火作业前，缺少针对物料特性、设备构造、生产现场实际制定的清理方案,动火作业前，缺少针对物料特性、设备构造、生产现场实际制定的清理方案,,"{""failure_mode_ids"":[""LOCHF_7a0dbac31576ba148918""],""failure_modes"":[""动火作业前，缺少清理危险物料方案""],""major_categories"":[""管理因素""],""reference_level"":""release_factor"",""sequence_no"":1,""subcategories"":[""动火作业""]}",非密-第二类危险源分析.docx,HAZARD_FACTOR_REFERENCE_V1,1.6-reference,1.0000,accepted
HZFHF_a429c473de351008da84,HazardFactor,流量异常时未及时停机,流量异常时未及时停机,,"{""failure_mode_ids"":[""LOCHF_5fc6ec18ec9e7eee4831""],""failure_modes"":[""流量联锁失效""],""major_categories"":[""工艺因素""],""reference_level"":""release_factor"",""sequence_no"":1,""subcategories"":[""流量异常""]}",非密-第二类危险源分析.docx,HAZARD_FACTOR_REFERENCE_V1,1.6-reference,1.0000,accepted
HZFHF_a434bdc24dcdaec17308,HazardFactor,压力、流量、出力、转速等关键参数低于额定下限,压力、流量、出力、转速等关键参数低于额定下限,,"{""failure_mode_ids"":[""LOCHF_1958ff63e5a3ef90e7e7""],""failure_modes"":[""参数超下限""],""major_categories"":[""设备设施因素""],""reference_level"":""release_factor"",""sequence_no"":1,""subcategories"":[""参数超限故障""]}",非密-第二类危险源分析.docx,HAZARD_FACTOR_REFERENCE_V1,1.6-reference,1.0000,accepted
HZFHF_a58189cf769f434fc15a,HazardFactor,自然采光窗口被物料、设备遮挡,自然采光窗口被物料、设备遮挡,,"{""failure_mode_ids"":[""LOCHF_0a15675b92b64d743dff""],""failure_modes"":[""采光照明不良""],""major_categories"":[""环境因素""],""reference_level"":""release_factor"",""sequence_no"":2,""subcategories"":[""作业环境""]}",非密-第二类危险源分析.docx,HAZARD_FACTOR_REFERENCE_V1,1.6-reference,1.0000,accepted
HZFHF_a7a1c92379f2a804ef87,HazardFactor,线路、元器件断路、短路、击穿，回路失效,线路、元器件断路、短路、击穿，回路失效,,"{""failure_mode_ids"":[""LOCHF_6da1f969cda2093037e7""],""failure_modes"":[""电气绝缘故障（短路/开路）""],""major_categories"":[""设备设施因素""],""reference_level"":""release_factor"",""sequence_no"":1,""subcategories"":[""运行工况异常""]}",非密-第二类危险源分析.docx,HAZARD_FACTOR_REFERENCE_V1,1.6-reference,1.0000,accepted
HZFHF_a7ed9a8ec350392b9c9f,HazardFactor,外部相关方人员未经过入厂安全培训考核,外部相关方人员未经过入厂安全培训考核,,"{""failure_mode_ids"":[""LOCHF_9e7054e3d1aa05fd467e""],""failure_modes"":[""作业人员资质问题""],""major_categories"":[""管理因素""],""reference_level"":""release_factor"",""sequence_no"":3,""subcategories"":[""动火作业""]}",非密-第二类危险源分析.docx,HAZARD_FACTOR_REFERENCE_V1,1.6-reference,1.0000,accepted
HZFHF_a8e2e442584d9b021d9c,HazardFactor,作业过程中混入异物,作业过程中混入异物,,"{""failure_mode_ids"":[""LOCHF_ff5bf35c3cdd7fea384d""],""failure_modes"":[""混入异物""],""major_categories"":[""人的因素""],""reference_level"":""release_factor"",""sequence_no"":1,""subcategories"":[""其他""]}",非密-第二类危险源分析.docx,HAZARD_FACTOR_REFERENCE_V1,1.6-reference,1.0000,accepted
HZFHF_a9c59db7cb5f8706d81f,HazardFactor,通风除尘不良,通风除尘不良,,"{""failure_mode_ids"":[""LOCHF_5dc4324abfb1621cf303""],""failure_modes"":[""通风除尘设施缺陷或未正常投入使用""],""major_categories"":[""环境因素""],""reference_level"":""release_factor"",""sequence_no"":1,""subcategories"":[""作业环境""]}",非密-第二类危险源分析.docx,HAZARD_FACTOR_REFERENCE_V1,1.6-reference,1.0000,accepted
HZFHF_ab00581261ebd3438070,HazardFactor,物料沉积或异物堵塞导致流量降低,物料沉积或异物堵塞导致流量降低,,"{""failure_mode_ids"":[""LOCHF_02a5d3ca0dec96a100a1""],""failure_modes"":[""管路堵塞""],""major_categories"":[""工艺因素""],""reference_level"":""release_factor"",""sequence_no"":1,""subcategories"":[""流量异常""]}",非密-第二类危险源分析.docx,HAZARD_FACTOR_REFERENCE_V1,1.6-reference,1.0000,accepted
HZFHF_ad3daea6b5207d3ba7ba,HazardFactor,停机、关断指令无效，设备无法停止、阀门无法回位,停机、关断指令无效，设备无法停止、阀门无法回位,,"{""failure_mode_ids"":[""LOCHF_d652fadae7be79cba1fd""],""failure_modes"":[""无法关闭""],""major_categories"":[""设备设施因素""],""reference_level"":""release_factor"",""sequence_no"":1,""subcategories"":[""开关启闭故障""]}",非密-第二类危险源分析.docx,HAZARD_FACTOR_REFERENCE_V1,1.6-reference,1.0000,accepted
HZFHF_ae17ae5151b935a51f4d,HazardFactor,电气线路保护、敷设不满足危险区域要求,电气线路保护、敷设不满足危险区域要求,,"{""failure_mode_ids"":[""LOCHF_2e637f2274c208a56374""],""failure_modes"":[""设备、电气线路不符合防爆防尘要求""],""major_categories"":[""环境因素""],""reference_level"":""release_factor"",""sequence_no"":2,""subcategories"":[""电气设备""]}",非密-第二类危险源分析.docx,HAZARD_FACTOR_REFERENCE_V1,1.6-reference,1.0000,accepted
HZFHF_aede8bdd0eb462bca71e,HazardFactor,未定期维护保养,未定期维护保养,,"{""failure_mode_ids"":[""LOCHF_5dc4324abfb1621cf303""],""failure_modes"":[""通风除尘设施缺陷或未正常投入使用""],""major_categories"":[""环境因素""],""reference_level"":""release_factor"",""sequence_no"":3,""subcategories"":[""作业环境""]}",非密-第二类危险源分析.docx,HAZARD_FACTOR_REFERENCE_V1,1.6-reference,1.0000,accepted
HZFHF_b0754a2f37091755b188,HazardFactor,运行参数缓慢偏移，工况持续劣化，精度逐步下降,运行参数缓慢偏移，工况持续劣化，精度逐步下降,,"{""failure_mode_ids"":[""LOCHF_f3aeca2b9a4fc722a4b5""],""failure_modes"":[""漂移失稳""],""major_categories"":[""设备设施因素""],""reference_level"":""release_factor"",""sequence_no"":1,""subcategories"":[""运行工况异常""]}",非密-第二类危险源分析.docx,HAZARD_FACTOR_REFERENCE_V1,1.6-reference,1.0000,accepted
HZFHF_b18637d7c2575cbd2139,HazardFactor,输出压力超限或不足,输出压力超限或不足,,"{""failure_mode_ids"":[""LOCHF_a8d01d00b495e2c665c4""],""failure_modes"":[""调压阀故障""],""major_categories"":[""工艺因素""],""reference_level"":""release_factor"",""sequence_no"":1,""subcategories"":[""压力异常""]}",非密-第二类危险源分析.docx,HAZARD_FACTOR_REFERENCE_V1,1.6-reference,1.0000,accepted
HZFHF_b2495e422c7292774d2e,HazardFactor,测量值偏差或信号丢失,测量值偏差或信号丢失,,"{""failure_mode_ids"":[""LOCHF_6e1e1276b9076f06bb30""],""failure_modes"":[""温度传感器失效""],""major_categories"":[""工艺因素""],""reference_level"":""release_factor"",""sequence_no"":1,""subcategories"":[""温度异常""]}",非密-第二类危险源分析.docx,HAZARD_FACTOR_REFERENCE_V1,1.6-reference,1.0000,accepted
HZFHF_b48ae9227bbc8ad86440,HazardFactor,司机违章操作（未按规定线路行驶、行驶速度过快、物料搬运过程中启动转运车、转运车带病作业、车辆超速、剧烈颠簸或急转弯）,司机违章操作（未按规定线路行驶、行驶速度过快、物料搬运过程中启动转运车、转运车带病作业、车辆超速、剧烈颠簸或急转弯）,,"{""failure_mode_ids"":[""LOCHF_54a5d474db8b4d8d0251""],""failure_modes"":[""违章操作""],""major_categories"":[""人的因素""],""reference_level"":""release_factor"",""sequence_no"":3,""subcategories"":[""人员操作""]}",非密-第二类危险源分析.docx,HAZARD_FACTOR_REFERENCE_V1,1.6-reference,1.0000,accepted
HZFHF_b491adc1933f8dcdb70c,HazardFactor,未达到设定温度、压力、时间条件，设备提前启停动作,未达到设定温度、压力、时间条件，设备提前启停动作,,"{""failure_mode_ids"":[""LOCHF_b520042300f75bc92d05""],""failure_modes"":[""提前动作""],""major_categories"":[""设备设施因素""],""reference_level"":""release_factor"",""sequence_no"":1,""subcategories"":[""开关启闭故障""]}",非密-第二类危险源分析.docx,HAZARD_FACTOR_REFERENCE_V1,1.6-reference,1.0000,accepted
HZFHF_b54f0eba087c17a3d7cc,HazardFactor,导致物料结晶、凝固或性能变化,导致物料结晶、凝固或性能变化,,"{""failure_mode_ids"":[""LOCHF_ff9d8b7b5f3405e092d4""],""failure_modes"":[""突然降温""],""major_categories"":[""工艺因素""],""reference_level"":""release_factor"",""sequence_no"":1,""subcategories"":[""温度异常""]}",非密-第二类危险源分析.docx,HAZARD_FACTOR_REFERENCE_V1,1.6-reference,1.0000,accepted
HZFHF_b56391d3b291aa221488,HazardFactor,超出设备设计容量,超出设备设计容量,,"{""failure_mode_ids"":[""LOCHF_00573481724f5c91bc3a""],""failure_modes"":[""过量加料""],""major_categories"":[""工艺因素""],""reference_level"":""release_factor"",""sequence_no"":1,""subcategories"":[""容器内料位异常""]}",非密-第二类危险源分析.docx,HAZARD_FACTOR_REFERENCE_V1,1.6-reference,1.0000,accepted
HZFHF_b8677ca7dd03b88791d9,HazardFactor,温度设定值超出工艺要求,温度设定值超出工艺要求,,"{""failure_mode_ids"":[""LOCHF_40bd0e14534bc863cfaa""],""failure_modes"":[""参数设置错误""],""major_categories"":[""工艺因素""],""reference_level"":""release_factor"",""sequence_no"":1,""subcategories"":[""温度异常""]}",非密-第二类危险源分析.docx,HAZARD_FACTOR_REFERENCE_V1,1.6-reference,1.0000,accepted
HZFHF_b8b6c6588b45e26c4767,HazardFactor,定位功能失效,定位功能失效,,"{""failure_mode_ids"":[""LOCHF_e5152ec958991964450b""],""failure_modes"":[""定位销磨损或损坏""],""major_categories"":[""工艺因素""],""reference_level"":""release_factor"",""sequence_no"":1,""subcategories"":[""物料位置异常""]}",非密-第二类危险源分析.docx,HAZARD_FACTOR_REFERENCE_V1,1.6-reference,1.0000,accepted
HZFHF_b9a8eb2c8874d18299e6,HazardFactor,接地线线径过细或材质不符合要求,接地线线径过细或材质不符合要求,,"{""failure_mode_ids"":[""LOCHF_8c8469d1888fc09acc2f""],""failure_modes"":[""接地线接地不规范、不牢固""],""major_categories"":[""环境因素""],""reference_level"":""release_factor"",""sequence_no"":1,""subcategories"":[""防静电""]}",非密-第二类危险源分析.docx,HAZARD_FACTOR_REFERENCE_V1,1.6-reference,1.0000,accepted
HZFHF_b9ab60724996d3bbd48b,HazardFactor,设备或部件振幅超标、共振、抖动，运行平稳性劣化,设备或部件振幅超标、共振、抖动，运行平稳性劣化,,"{""failure_mode_ids"":[""LOCHF_1440dfed19d3ee8abac2""],""failure_modes"":[""异常振动""],""major_categories"":[""设备设施因素""],""reference_level"":""release_factor"",""sequence_no"":1,""subcategories"":[""结构与机械损坏""]}",非密-第二类危险源分析.docx,HAZARD_FACTOR_REFERENCE_V1,1.6-reference,1.0000,accepted
HZFHF_ba41cbf5b8172e09be87,HazardFactor,无法人工确认料位状态,无法人工确认料位状态,,"{""failure_mode_ids"":[""LOCHF_cbe7ba5dc785d6f7e936""],""failure_modes"":[""料仓观察窗口模糊或损坏""],""major_categories"":[""工艺因素""],""reference_level"":""release_factor"",""sequence_no"":1,""subcategories"":[""容器内料位异常""]}",非密-第二类危险源分析.docx,HAZARD_FACTOR_REFERENCE_V1,1.6-reference,1.0000,accepted
HZFHF_ba6d4dd2edc0df674e83,HazardFactor,接地不良,接地不良,,"{""failure_mode_ids"":[""LOCHF_5fbfb5fb671dc8fef93f""],""failure_modes"":[""接地电阻不合格""],""major_categories"":[""环境因素""],""reference_level"":""release_factor"",""sequence_no"":1,""subcategories"":[""防静电""]}",非密-第二类危险源分析.docx,HAZARD_FACTOR_REFERENCE_V1,1.6-reference,1.0000,accepted
HZFHF_bc661e3723ad5b371496,HazardFactor,审批表内容不完整,审批表内容不完整,,"{""failure_mode_ids"":[""LOCHF_c0f9ea72ceca71cfb92f""],""failure_modes"":[""审批流程不符合规范""],""major_categories"":[""管理因素""],""reference_level"":""release_factor"",""sequence_no"":2,""subcategories"":[""动火作业""]}",非密-第二类危险源分析.docx,HAZARD_FACTOR_REFERENCE_V1,1.6-reference,1.0000,accepted
HZFHF_bf8044f02dd531c9a3a4,HazardFactor,介质腐蚀、电化学生锈、氧化起皮，部件材质劣化,介质腐蚀、电化学生锈、氧化起皮，部件材质劣化,,"{""failure_mode_ids"":[""LOCHF_dac8a14586a80d96c992""],""failure_modes"":[""锈蚀腐蚀""],""major_categories"":[""设备设施因素""],""reference_level"":""release_factor"",""sequence_no"":1,""subcategories"":[""结构与机械损坏""]}",非密-第二类危险源分析.docx,HAZARD_FACTOR_REFERENCE_V1,1.6-reference,1.0000,accepted
HZFHF_c1e0e997e4e8849e96dc,HazardFactor,废药未及时入库,废药未及时入库,,"{""failure_mode_ids"":[""LOCHF_5c4f52bd9775b83d3f7f""],""failure_modes"":[""操作遗漏""],""major_categories"":[""人的因素""],""reference_level"":""release_factor"",""sequence_no"":6,""subcategories"":[""人员操作""]}",非密-第二类危险源分析.docx,HAZARD_FACTOR_REFERENCE_V1,1.6-reference,1.0000,accepted
HZFHF_c1fedb36811db4baa00f,HazardFactor,专项应急预案的审查、备案,专项应急预案的审查、备案,,"{""failure_mode_ids"":[""LOCHF_65a33e4e99891137d49e""],""failure_modes"":[""应急管理缺陷""],""major_categories"":[""管理因素""],""reference_level"":""release_factor"",""sequence_no"":4,""subcategories"":[""安全管理""]}",非密-第二类危险源分析.docx,HAZARD_FACTOR_REFERENCE_V1,1.6-reference,1.0000,accepted
HZFHF_c31d7b7522b3266bdf3b,HazardFactor,新增或临时搬运来的设备、物料、工装器具未按定置图划定的区域摆放,新增或临时搬运来的设备、物料、工装器具未按定置图划定的区域摆放,,"{""failure_mode_ids"":[""LOCHF_e38fc01000e90a80b524""],""failure_modes"":[""现场实物与定制图不一致""],""major_categories"":[""环境因素""],""reference_level"":""release_factor"",""sequence_no"":1,""subcategories"":[""作业环境""]}",非密-第二类危险源分析.docx,HAZARD_FACTOR_REFERENCE_V1,1.6-reference,1.0000,accepted
HZFHF_c3744951fe934e08a05d,HazardFactor,压力、温度、转速、电流、电压等运行参数高于额定上限,压力、温度、转速、电流、电压等运行参数高于额定上限,,"{""failure_mode_ids"":[""LOCHF_f592275fa38e7df963c4""],""failure_modes"":[""参数超上限""],""major_categories"":[""设备设施因素""],""reference_level"":""release_factor"",""sequence_no"":1,""subcategories"":[""参数超限故障""]}",非密-第二类危险源分析.docx,HAZARD_FACTOR_REFERENCE_V1,1.6-reference,1.0000,accepted
HZFHF_c392fa1a9c0d25c7f4fc,HazardFactor,消防设施压力不足、已过有效期或选型错误,消防设施压力不足、已过有效期或选型错误,,"{""failure_mode_ids"":[""LOCHF_512296b3460e35454c2e""],""failure_modes"":[""消防设施不合格""],""major_categories"":[""管理因素""],""reference_level"":""release_factor"",""sequence_no"":1,""subcategories"":[""消防管理""]}",非密-第二类危险源分析.docx,HAZARD_FACTOR_REFERENCE_V1,1.6-reference,1.0000,accepted
HZFHF_c3c02caee6391c75323c,HazardFactor,接地连接点松动、锈蚀，导致接触电阻增大,接地连接点松动、锈蚀，导致接触电阻增大,,"{""failure_mode_ids"":[""LOCHF_5fbfb5fb671dc8fef93f""],""failure_modes"":[""接地电阻不合格""],""major_categories"":[""环境因素""],""reference_level"":""release_factor"",""sequence_no"":2,""subcategories"":[""防静电""]}",非密-第二类危险源分析.docx,HAZARD_FACTOR_REFERENCE_V1,1.6-reference,1.0000,accepted
HZFHF_c439cb5f1ad174f254dc,HazardFactor,故障偶发、时好时坏，间断性停机、失效、动作异常,故障偶发、时好时坏，间断性停机、失效、动作异常,,"{""failure_mode_ids"":[""LOCHF_c008a6bda7b434d47af4""],""failure_modes"":[""间歇故障""],""major_categories"":[""设备设施因素""],""reference_level"":""release_factor"",""sequence_no"":1,""subcategories"":[""运行工况异常""]}",非密-第二类危险源分析.docx,HAZARD_FACTOR_REFERENCE_V1,1.6-reference,1.0000,accepted
HZFHF_c4a3f58f8f2383c60ed5,HazardFactor,特种作业人员证件已过期未复审,特种作业人员证件已过期未复审,,"{""failure_mode_ids"":[""LOCHF_9e7054e3d1aa05fd467e""],""failure_modes"":[""作业人员资质问题""],""major_categories"":[""管理因素""],""reference_level"":""release_factor"",""sequence_no"":1,""subcategories"":[""动火作业""]}",非密-第二类危险源分析.docx,HAZARD_FACTOR_REFERENCE_V1,1.6-reference,1.0000,accepted
HZFHF_c508026ee5a5997343c0,HazardFactor,超出设计工况，引起冲击或超量投料,超出设计工况，引起冲击或超量投料,,"{""failure_mode_ids"":[""LOCHF_e27179991dfde44caac0""],""failure_modes"":[""流量过大""],""major_categories"":[""工艺因素""],""reference_level"":""release_factor"",""sequence_no"":1,""subcategories"":[""流量异常""]}",非密-第二类危险源分析.docx,HAZARD_FACTOR_REFERENCE_V1,1.6-reference,1.0000,accepted
HZFHF_c5c79116cbea2ee3f484,HazardFactor,通道堵塞不畅,通道堵塞不畅,,"{""failure_mode_ids"":[""LOCHF_4269b99eee6d36cd1046""],""failure_modes"":[""物流通道、安全通道不畅""],""major_categories"":[""环境因素""],""reference_level"":""release_factor"",""sequence_no"":1,""subcategories"":[""作业环境""]}",非密-第二类危险源分析.docx,HAZARD_FACTOR_REFERENCE_V1,1.6-reference,1.0000,accepted
HZFHF_c66f60f94671486f49a8,HazardFactor,未固定在工装，或固定不稳、固定不牢,未固定在工装，或固定不稳、固定不牢,,"{""failure_mode_ids"":[""LOCHF_82ea34de1701b7ded1dd""],""failure_modes"":[""安全防护不到位/失效/未开启""],""major_categories"":[""人的因素""],""reference_level"":""release_factor"",""sequence_no"":2,""subcategories"":[""其他""]}",非密-第二类危险源分析.docx,HAZARD_FACTOR_REFERENCE_V1,1.6-reference,1.0000,accepted
HZFHF_c864dfc526ad5549eb00,HazardFactor,工况不稳定,工况不稳定,,"{""failure_mode_ids"":[""LOCHF_c640cc2aaf7cacdfea7b""],""failure_modes"":[""压力波动过大""],""major_categories"":[""工艺因素""],""reference_level"":""release_factor"",""sequence_no"":1,""subcategories"":[""压力异常""]}",非密-第二类危险源分析.docx,HAZARD_FACTOR_REFERENCE_V1,1.6-reference,1.0000,accepted
HZFHF_c9243d7a031ae4123933,HazardFactor,特种设备的安全装置损坏或缺失,特种设备的安全装置损坏或缺失,,"{""failure_mode_ids"":[""LOCHF_f524ea733d8aa142af39""],""failure_modes"":[""防爆叉车、起重设备等或配套设施不合格""],""major_categories"":[""管理因素""],""reference_level"":""release_factor"",""sequence_no"":3,""subcategories"":[""特种设备管理""]}",非密-第二类危险源分析.docx,HAZARD_FACTOR_REFERENCE_V1,1.6-reference,1.0000,accepted
HZFHF_cb4f36e8fc409bcc1aa0,HazardFactor,人体静电释放装置失效或人体综合电阻检测装置失效,人体静电释放装置失效或人体综合电阻检测装置失效,,"{""failure_mode_ids"":[""LOCHF_d13a7d6747c69dc6bd4a""],""failure_modes"":[""人体静电释放装置失效/人体综合电阻检测装置失效""],""major_categories"":[""环境因素""],""reference_level"":""release_factor"",""sequence_no"":2,""subcategories"":[""防静电""]}",非密-第二类危险源分析.docx,HAZARD_FACTOR_REFERENCE_V1,1.6-reference,1.0000,accepted
HZFHF_ccba280bfd1d91d7fa0c,HazardFactor,料位异常时设备未自动停机,料位异常时设备未自动停机,,"{""failure_mode_ids"":[""LOCHF_32250a3a57160897434e""],""failure_modes"":[""料位联锁失效""],""major_categories"":[""工艺因素""],""reference_level"":""release_factor"",""sequence_no"":1,""subcategories"":[""容器内料位异常""]}",非密-第二类危险源分析.docx,HAZARD_FACTOR_REFERENCE_V1,1.6-reference,1.0000,accepted
HZFHF_cdb6732ae5538bf9b73d,HazardFactor,超速状态未及时停机,超速状态未及时停机,,"{""failure_mode_ids"":[""LOCHF_8fbf4e2c0d177f5e0aab""],""failure_modes"":[""联锁保护失效""],""major_categories"":[""工艺因素""],""reference_level"":""release_factor"",""sequence_no"":1,""subcategories"":[""转速异常""]}",非密-第二类危险源分析.docx,HAZARD_FACTOR_REFERENCE_V1,1.6-reference,1.0000,accepted
HZFHF_cdccf17e2025ca22564a,HazardFactor,可能引起升温或物料性能变化,可能引起升温或物料性能变化,,"{""failure_mode_ids"":[""LOCHF_8162a513c1b8b6f81a4d""],""failure_modes"":[""搅拌时间过长""],""major_categories"":[""工艺因素""],""reference_level"":""release_factor"",""sequence_no"":1,""subcategories"":[""搅拌异常""]}",非密-第二类危险源分析.docx,HAZARD_FACTOR_REFERENCE_V1,1.6-reference,1.0000,accepted
HZFHF_ce1b73401e3d7987c16b,HazardFactor,运动轨迹偏移,运动轨迹偏移,,"{""failure_mode_ids"":[""LOCHF_1a1321ad2b9117dfe125""],""failure_modes"":[""导轨磨损""],""major_categories"":[""工艺因素""],""reference_level"":""release_factor"",""sequence_no"":1,""subcategories"":[""进刀量异常""]}",非密-第二类危险源分析.docx,HAZARD_FACTOR_REFERENCE_V1,1.6-reference,1.0000,accepted
HZFHF_ced1f0fc4abd37544b0f,HazardFactor,人工动作过大,人工动作过大,,"{""failure_mode_ids"":[""LOCHF_1b1f0895431f1eead22d""],""failure_modes"":[""操作力度错误""],""major_categories"":[""人的因素""],""reference_level"":""release_factor"",""sequence_no"":3,""subcategories"":[""人员操作""]}",非密-第二类危险源分析.docx,HAZARD_FACTOR_REFERENCE_V1,1.6-reference,1.0000,accepted
HZFHF_d0578cafddee1f65e0e5,HazardFactor,冷却介质无法正常循环,冷却介质无法正常循环,,"{""failure_mode_ids"":[""LOCHF_c81992913495f0d8877b""],""failure_modes"":[""冷却系统故障""],""major_categories"":[""工艺因素""],""reference_level"":""release_factor"",""sequence_no"":1,""subcategories"":[""温度异常""]}",非密-第二类危险源分析.docx,HAZARD_FACTOR_REFERENCE_V1,1.6-reference,1.0000,accepted
HZFHF_d1788cf1e7995910f419,HazardFactor,高低料位无法预警,高低料位无法预警,,"{""failure_mode_ids"":[""LOCHF_e3c01f00d395e1231711""],""failure_modes"":[""料位报警失效""],""major_categories"":[""工艺因素""],""reference_level"":""release_factor"",""sequence_no"":1,""subcategories"":[""容器内料位异常""]}",非密-第二类危险源分析.docx,HAZARD_FACTOR_REFERENCE_V1,1.6-reference,1.0000,accepted
HZFHF_d183a48ee8495a6b6722,HazardFactor,蒸汽无法有效冷凝，影响真空系统抽气能力,蒸汽无法有效冷凝，影响真空系统抽气能力,,"{""failure_mode_ids"":[""LOCHF_311ff62a36d45c5d33b0""],""failure_modes"":[""冷凝器失效""],""major_categories"":[""工艺因素""],""reference_level"":""release_factor"",""sequence_no"":1,""subcategories"":[""真空度异常""]}",非密-第二类危险源分析.docx,HAZARD_FACTOR_REFERENCE_V1,1.6-reference,1.0000,accepted
HZFHF_d1d548ce944e95599ee6,HazardFactor,进给位置控制失准,进给位置控制失准,,"{""failure_mode_ids"":[""LOCHF_145258fae8bc0acfff33""],""failure_modes"":[""伺服系统故障""],""major_categories"":[""工艺因素""],""reference_level"":""release_factor"",""sequence_no"":1,""subcategories"":[""进刀量异常""]}",非密-第二类危险源分析.docx,HAZARD_FACTOR_REFERENCE_V1,1.6-reference,1.0000,accepted
HZFHF_d25b933112d69e455a2c,HazardFactor,无法按设定工艺运行,无法按设定工艺运行,,"{""failure_mode_ids"":[""LOCHF_b603659003a4035dc887""],""failure_modes"":[""自动控制系统故障""],""major_categories"":[""工艺因素""],""reference_level"":""release_factor"",""sequence_no"":1,""subcategories"":[""搅拌异常""]}",非密-第二类危险源分析.docx,HAZARD_FACTOR_REFERENCE_V1,1.6-reference,1.0000,accepted
HZFHF_d2b39bf087828bbe27e8,HazardFactor,档位、回路、工况切换卡滞、不切换、切换不到位,档位、回路、工况切换卡滞、不切换、切换不到位,,"{""failure_mode_ids"":[""LOCHF_509db61b23eccde79c4f""],""failure_modes"":[""切换失灵""],""major_categories"":[""设备设施因素""],""reference_level"":""release_factor"",""sequence_no"":1,""subcategories"":[""开关启闭故障""]}",非密-第二类危险源分析.docx,HAZARD_FACTOR_REFERENCE_V1,1.6-reference,1.0000,accepted
HZFHF_d2c47a15844ae4324aca,HazardFactor,接收指令后响应延迟，启停、切换动作迟缓,接收指令后响应延迟，启停、切换动作迟缓,,"{""failure_mode_ids"":[""LOCHF_6affc989e0a1cc4f68e3""],""failure_modes"":[""滞后动作""],""major_categories"":[""设备设施因素""],""reference_level"":""release_factor"",""sequence_no"":1,""subcategories"":[""开关启闭故障""]}",非密-第二类危险源分析.docx,HAZARD_FACTOR_REFERENCE_V1,1.6-reference,1.0000,accepted
HZFHF_d339989ecb11264b4b1d,HazardFactor,无法准确监测流量,无法准确监测流量,,"{""failure_mode_ids"":[""LOCHF_a3cb32195785f198b16e""],""failure_modes"":[""流量计失效""],""major_categories"":[""工艺因素""],""reference_level"":""release_factor"",""sequence_no"":1,""subcategories"":[""流量异常""]}",非密-第二类危险源分析.docx,HAZARD_FACTOR_REFERENCE_V1,1.6-reference,1.0000,accepted
HZFHF_d4f2f6f3c6f30dbf490f,HazardFactor,施加载荷超过工艺要求,施加载荷超过工艺要求,,"{""failure_mode_ids"":[""LOCHF_e5dea2357fb8f5c0096e""],""failure_modes"":[""控制参数设置错误""],""major_categories"":[""工艺因素""],""reference_level"":""release_factor"",""sequence_no"":1,""subcategories"":[""载荷异常""]}",非密-第二类危险源分析.docx,HAZARD_FACTOR_REFERENCE_V1,1.6-reference,1.0000,accepted
HZFHF_d555f9e0d9e2fc506be5,HazardFactor,换热效率降低,换热效率降低,,"{""failure_mode_ids"":[""LOCHF_88100da5fdcfc52483e0""],""failure_modes"":[""换热器结垢失效""],""major_categories"":[""工艺因素""],""reference_level"":""release_factor"",""sequence_no"":1,""subcategories"":[""冷却速率异常""]}",非密-第二类危险源分析.docx,HAZARD_FACTOR_REFERENCE_V1,1.6-reference,1.0000,accepted
HZFHF_d63a45b9cad0ec7aa249,HazardFactor,物体存放不当,物体存放不当,,"{""failure_mode_ids"":[""LOCHF_54a5d474db8b4d8d0251""],""failure_modes"":[""违章操作""],""major_categories"":[""人的因素""],""reference_level"":""release_factor"",""sequence_no"":2,""subcategories"":[""人员操作""]}",非密-第二类危险源分析.docx,HAZARD_FACTOR_REFERENCE_V1,1.6-reference,1.0000,accepted
HZFHF_d782858e1d17d72f7a7d,HazardFactor,接收启动指令后设备、阀门、回路无法打开、无法启动,接收启动指令后设备、阀门、回路无法打开、无法启动,,"{""failure_mode_ids"":[""LOCHF_575ebc0f9ef175223a69""],""failure_modes"":[""无法开启""],""major_categories"":[""设备设施因素""],""reference_level"":""release_factor"",""sequence_no"":1,""subcategories"":[""开关启闭故障""]}",非密-第二类危险源分析.docx,HAZARD_FACTOR_REFERENCE_V1,1.6-reference,1.0000,accepted
HZFHF_d7b0f8f3241e0f6d6b4f,HazardFactor,压缩空气供应不足,压缩空气供应不足,,"{""failure_mode_ids"":[""LOCHF_188aab2daf93404ffb7a""],""failure_modes"":[""空压机运行失效""],""major_categories"":[""工艺因素""],""reference_level"":""release_factor"",""sequence_no"":1,""subcategories"":[""压力异常""]}",非密-第二类危险源分析.docx,HAZARD_FACTOR_REFERENCE_V1,1.6-reference,1.0000,accepted
HZFHF_d7f1a22d8799ec05770c,HazardFactor,人体静电释放装置缺失,人体静电释放装置缺失,,"{""failure_mode_ids"":[""LOCHF_d13a7d6747c69dc6bd4a""],""failure_modes"":[""人体静电释放装置失效/人体综合电阻检测装置失效""],""major_categories"":[""环境因素""],""reference_level"":""release_factor"",""sequence_no"":1,""subcategories"":[""防静电""]}",非密-第二类危险源分析.docx,HAZARD_FACTOR_REFERENCE_V1,1.6-reference,1.0000,accepted
HZFHF_d83948a9388621d60e35,HazardFactor,造成压力泄漏,造成压力泄漏,,"{""failure_mode_ids"":[""LOCHF_0cb73bd9d34977cd41cb"",""LOCHF_736f344bc33244d66193""],""failure_modes"":[""阀门等连接处密封不严"",""密封圈老化损坏""],""major_categories"":[""工艺因素""],""reference_level"":""release_factor"",""sequence_no"":1,""subcategories"":[""压力异常""]}",非密-第二类危险源分析.docx,HAZARD_FACTOR_REFERENCE_V1,1.6-reference,1.0000,accepted
HZFHF_d8591fa94a8ef20a93b0,HazardFactor,操作时间过长，物料温度降低,操作时间过长，物料温度降低,,"{""failure_mode_ids"":[""LOCHF_ff998036a81ecffad4c8""],""failure_modes"":[""操作时间错误（包括操作时机、操作时长）""],""major_categories"":[""人的因素""],""reference_level"":""release_factor"",""sequence_no"":2,""subcategories"":[""人员操作""]}",非密-第二类危险源分析.docx,HAZARD_FACTOR_REFERENCE_V1,1.6-reference,1.0000,accepted
HZFHF_d88376daecae802fe3c7,HazardFactor,产生异常振动和摩擦,产生异常振动和摩擦,,"{""failure_mode_ids"":[""LOCHF_1b7ffde716bc2558edb5""],""failure_modes"":[""轴承损坏""],""major_categories"":[""工艺因素""],""reference_level"":""release_factor"",""sequence_no"":1,""subcategories"":[""搅拌异常""]}",非密-第二类危险源分析.docx,HAZARD_FACTOR_REFERENCE_V1,1.6-reference,1.0000,accepted
HZFHF_d9bae21f9d2f3048940d,HazardFactor,形成偏载或局部堆积,形成偏载或局部堆积,,"{""failure_mode_ids"":[""LOCHF_4a2678e6d80e5873325b""],""failure_modes"":[""料位不均匀""],""major_categories"":[""工艺因素""],""reference_level"":""release_factor"",""sequence_no"":1,""subcategories"":[""容器内料位异常""]}",非密-第二类危险源分析.docx,HAZARD_FACTOR_REFERENCE_V1,1.6-reference,1.0000,accepted
HZFHF_da51835c3b4116c1e623,HazardFactor,隐患排查频次不足,隐患排查频次不足,,"{""failure_mode_ids"":[""LOCHF_36cd63d7a3e9700f9c2b""],""failure_modes"":[""隐患排查治理不到位""],""major_categories"":[""管理因素""],""reference_level"":""release_factor"",""sequence_no"":1,""subcategories"":[""安全管理""]}",非密-第二类危险源分析.docx,HAZARD_FACTOR_REFERENCE_V1,1.6-reference,1.0000,accepted
HZFHF_da8b2a95a6cb0dc27985,HazardFactor,搅拌效果下降，产生摩擦、冲击,搅拌效果下降，产生摩擦、冲击,,"{""failure_mode_ids"":[""LOCHF_0660bdf90204d5e7e620""],""failure_modes"":[""搅拌桨断裂变形""],""major_categories"":[""工艺因素""],""reference_level"":""release_factor"",""sequence_no"":1,""subcategories"":[""搅拌异常""]}",非密-第二类危险源分析.docx,HAZARD_FACTOR_REFERENCE_V1,1.6-reference,1.0000,accepted
HZFHF_db09d5c9eced1dafdfbb,HazardFactor,偏离工艺要求,偏离工艺要求,,"{""failure_mode_ids"":[""LOCHF_d58c4d852b30c28bc81d""],""failure_modes"":[""搅拌转速异常""],""major_categories"":[""工艺因素""],""reference_level"":""release_factor"",""sequence_no"":1,""subcategories"":[""搅拌异常""]}",非密-第二类危险源分析.docx,HAZARD_FACTOR_REFERENCE_V1,1.6-reference,1.0000,accepted
HZFHF_dd76d02e06595ac7272a,HazardFactor,转速、流量、出力忽高忽低，运行波动剧烈,转速、流量、出力忽高忽低，运行波动剧烈,,"{""failure_mode_ids"":[""LOCHF_89267cfb8c929bf19ad0""],""failure_modes"":[""输出紊乱""],""major_categories"":[""设备设施因素""],""reference_level"":""release_factor"",""sequence_no"":1,""subcategories"":[""运行工况异常""]}",非密-第二类危险源分析.docx,HAZARD_FACTOR_REFERENCE_V1,1.6-reference,1.0000,accepted
HZFHF_dfab8f21e5f53fa1d774,HazardFactor,切削载荷和摩擦热增加,切削载荷和摩擦热增加,,"{""failure_mode_ids"":[""LOCHF_d27d9258c2fcb65df4a5""],""failure_modes"":[""进刀量过大""],""major_categories"":[""工艺因素""],""reference_level"":""release_factor"",""sequence_no"":1,""subcategories"":[""进刀量异常""]}",非密-第二类危险源分析.docx,HAZARD_FACTOR_REFERENCE_V1,1.6-reference,1.0000,accepted
HZFHF_e0d001815bf67cd21100,HazardFactor,造成压力冲击,造成压力冲击,,"{""failure_mode_ids"":[""LOCHF_f069854a43de34e82cc3""],""failure_modes"":[""真空解除过快""],""major_categories"":[""工艺因素""],""reference_level"":""release_factor"",""sequence_no"":1,""subcategories"":[""真空度异常""]}",非密-第二类危险源分析.docx,HAZARD_FACTOR_REFERENCE_V1,1.6-reference,1.0000,accepted
HZFHF_e2ff93584c3f42546ccf,HazardFactor,局部热点形成导致物料受热不均,局部热点形成导致物料受热不均,,"{""failure_mode_ids"":[""LOCHF_b11ea223b54c53a0509a""],""failure_modes"":[""温度分布不均""],""major_categories"":[""工艺因素""],""reference_level"":""release_factor"",""sequence_no"":1,""subcategories"":[""温度异常""]}",非密-第二类危险源分析.docx,HAZARD_FACTOR_REFERENCE_V1,1.6-reference,1.0000,accepted
HZFHF_e430343cf04f63eb990e,HazardFactor,进刀速度或深度异常,进刀速度或深度异常,,"{""failure_mode_ids"":[""LOCHF_2fdae8df74f9bbeabca6""],""failure_modes"":[""程序参数设置错误""],""major_categories"":[""工艺因素""],""reference_level"":""release_factor"",""sequence_no"":1,""subcategories"":[""进刀量异常""]}",非密-第二类危险源分析.docx,HAZARD_FACTOR_REFERENCE_V1,1.6-reference,1.0000,accepted
HZFHF_e4750df5aa298f9639ff,HazardFactor,机械手抓取位置错误,机械手抓取位置错误,,"{""failure_mode_ids"":[""LOCHF_c2797ed7e4eff269b265""],""failure_modes"":[""自动抓取偏差""],""major_categories"":[""工艺因素""],""reference_level"":""release_factor"",""sequence_no"":1,""subcategories"":[""物料位置异常""]}",非密-第二类危险源分析.docx,HAZARD_FACTOR_REFERENCE_V1,1.6-reference,1.0000,accepted
HZFHF_e5a7bfad55822aaf0001,HazardFactor,超员超量,超员超量,,"{""failure_mode_ids"":[""LOCHF_21a33eec120b83b03d49""],""failure_modes"":[""定员定量不符合要求""],""major_categories"":[""环境因素""],""reference_level"":""release_factor"",""sequence_no"":1,""subcategories"":[""作业环境""]}",非密-第二类危险源分析.docx,HAZARD_FACTOR_REFERENCE_V1,1.6-reference,1.0000,accepted
HZFHF_e68e6e839f6eca2bb5d1,HazardFactor,设备进出线管接口有破损、松动现象,设备进出线管接口有破损、松动现象,,"{""failure_mode_ids"":[""LOCHF_9b9861248a2997148a3a""],""failure_modes"":[""设备进出线管接口有缺陷""],""major_categories"":[""环境因素""],""reference_level"":""release_factor"",""sequence_no"":1,""subcategories"":[""电气设备""]}",非密-第二类危险源分析.docx,HAZARD_FACTOR_REFERENCE_V1,1.6-reference,1.0000,accepted
HZFHF_e6d06bae6b78a50aba43,HazardFactor,系统无法维持设计压力,系统无法维持设计压力,,"{""failure_mode_ids"":[""LOCHF_8b9b07287b78d5e9937d""],""failure_modes"":[""工装破损漏气""],""major_categories"":[""工艺因素""],""reference_level"":""release_factor"",""sequence_no"":1,""subcategories"":[""压力异常""]}",非密-第二类危险源分析.docx,HAZARD_FACTOR_REFERENCE_V1,1.6-reference,1.0000,accepted
HZFHF_e7ccc77a73e688a8243a,HazardFactor,导致局部受力集中,导致局部受力集中,,"{""failure_mode_ids"":[""LOCHF_c2874acb610f25bfa7ab""],""failure_modes"":[""载荷分布不均""],""major_categories"":[""工艺因素""],""reference_level"":""release_factor"",""sequence_no"":1,""subcategories"":[""载荷异常""]}",非密-第二类危险源分析.docx,HAZARD_FACTOR_REFERENCE_V1,1.6-reference,1.0000,accepted
HZFHF_e81f2139f3df72230daa,HazardFactor,功能标识缺失,功能标识缺失,,"{""failure_mode_ids"":[""LOCHF_36c44fe18e8ae42d8de9""],""failure_modes"":[""消防设施缺失""],""major_categories"":[""管理因素""],""reference_level"":""release_factor"",""sequence_no"":2,""subcategories"":[""消防管理""]}",非密-第二类危险源分析.docx,HAZARD_FACTOR_REFERENCE_V1,1.6-reference,1.0000,accepted
HZFHF_e8451060878810ef9eec,HazardFactor,阀门无法正常开启、关闭或调节,阀门无法正常开启、关闭或调节,,"{""failure_mode_ids"":[""LOCHF_5e98777bf4a646ec1972""],""failure_modes"":[""真空阀门故障""],""major_categories"":[""工艺因素""],""reference_level"":""release_factor"",""sequence_no"":1,""subcategories"":[""真空度异常""]}",非密-第二类危险源分析.docx,HAZARD_FACTOR_REFERENCE_V1,1.6-reference,1.0000,accepted
HZFHF_e8caca754be5afb011de,HazardFactor,攀、坐不安全位置,攀、坐不安全位置,,"{""failure_mode_ids"":[""LOCHF_54a5d474db8b4d8d0251""],""failure_modes"":[""违章操作""],""major_categories"":[""人的因素""],""reference_level"":""release_factor"",""sequence_no"":1,""subcategories"":[""人员操作""]}",非密-第二类危险源分析.docx,HAZARD_FACTOR_REFERENCE_V1,1.6-reference,1.0000,accepted
HZFHF_ea0b4f1292cc51fc46b7,HazardFactor,传感器、压力表、数显仪表示数失真、虚高虚低、误报警,传感器、压力表、数显仪表示数失真、虚高虚低、误报警,,"{""failure_mode_ids"":[""LOCHF_8a2b5a80b4dfa8a62794""],""failure_modes"":[""仪表错指示""],""major_categories"":[""设备设施因素""],""reference_level"":""release_factor"",""sequence_no"":1,""subcategories"":[""参数超限故障""]}",非密-第二类危险源分析.docx,HAZARD_FACTOR_REFERENCE_V1,1.6-reference,1.0000,accepted
HZFHF_ea800f8b7d738ee91893,HazardFactor,产生机械冲击,产生机械冲击,,"{""failure_mode_ids"":[""LOCHF_a3695d445be92c295cc3""],""failure_modes"":[""突然进刀""],""major_categories"":[""工艺因素""],""reference_level"":""release_factor"",""sequence_no"":1,""subcategories"":[""进刀量异常""]}",非密-第二类危险源分析.docx,HAZARD_FACTOR_REFERENCE_V1,1.6-reference,1.0000,accepted
HZFHF_eac72ba3173a771ff773,HazardFactor,冲击载荷增大,冲击载荷增大,,"{""failure_mode_ids"":[""LOCHF_9a115110432354dfa09f""],""failure_modes"":[""进刀速度过快""],""major_categories"":[""工艺因素""],""reference_level"":""release_factor"",""sequence_no"":1,""subcategories"":[""进刀量异常""]}",非密-第二类危险源分析.docx,HAZARD_FACTOR_REFERENCE_V1,1.6-reference,1.0000,accepted
HZFHF_ec3995141b49693e29cb,HazardFactor,防静电护具损坏,防静电护具损坏,,"{""failure_mode_ids"":[""LOCHF_181b0c9f35c025848289""],""failure_modes"":[""防静电护具失效""],""major_categories"":[""环境因素""],""reference_level"":""release_factor"",""sequence_no"":2,""subcategories"":[""防静电""]}",非密-第二类危险源分析.docx,HAZARD_FACTOR_REFERENCE_V1,1.6-reference,1.0000,accepted
HZFHF_ed0c873ce443104a9727,HazardFactor,固定装置失效,固定装置失效,,"{""failure_mode_ids"":[""LOCHF_82ea34de1701b7ded1dd""],""failure_modes"":[""安全防护不到位/失效/未开启""],""major_categories"":[""人的因素""],""reference_level"":""release_factor"",""sequence_no"":4,""subcategories"":[""其他""]}",非密-第二类危险源分析.docx,HAZARD_FACTOR_REFERENCE_V1,1.6-reference,1.0000,accepted
HZFHF_f1bd1daa95aa6800d662,HazardFactor,超出设备设计负荷,超出设备设计负荷,,"{""failure_mode_ids"":[""LOCHF_470779c0fd07a4ae5a71""],""failure_modes"":[""超载运行""],""major_categories"":[""工艺因素""],""reference_level"":""release_factor"",""sequence_no"":1,""subcategories"":[""载荷异常""]}",非密-第二类危险源分析.docx,HAZARD_FACTOR_REFERENCE_V1,1.6-reference,1.0000,accepted
HZFHF_f3c7541dec71301043bd,HazardFactor,导致物料开裂、析晶或应力集中,导致物料开裂、析晶或应力集中,,"{""failure_mode_ids"":[""LOCHF_6a0fdbc6e73dedd565aa""],""failure_modes"":[""冷却速率过快""],""major_categories"":[""工艺因素""],""reference_level"":""release_factor"",""sequence_no"":1,""subcategories"":[""冷却速率异常""]}",非密-第二类危险源分析.docx,HAZARD_FACTOR_REFERENCE_V1,1.6-reference,1.0000,accepted
HZFHF_f466d2ae123427abd74c,HazardFactor,转速骤降甚至停转,转速骤降甚至停转,,"{""failure_mode_ids"":[""LOCHF_a39f4e72aef644404df7""],""failure_modes"":[""机械卡滞""],""major_categories"":[""工艺因素""],""reference_level"":""release_factor"",""sequence_no"":1,""subcategories"":[""转速异常""]}",非密-第二类危险源分析.docx,HAZARD_FACTOR_REFERENCE_V1,1.6-reference,1.0000,accepted
HZFHF_f46796d62e6e9d197c5a,HazardFactor,温湿度监测仪表损坏或未校准,温湿度监测仪表损坏或未校准,,"{""failure_mode_ids"":[""LOCHF_6804c255a4ca2ffb07a1""],""failure_modes"":[""工房温湿度不满足工艺要求""],""major_categories"":[""环境因素""],""reference_level"":""release_factor"",""sequence_no"":2,""subcategories"":[""作业环境""]}",非密-第二类危险源分析.docx,HAZARD_FACTOR_REFERENCE_V1,1.6-reference,1.0000,accepted
HZFHF_f4b897489e0dbb4eb1ff,HazardFactor,能源、物料、气源供给不足，低于工艺最低需求,能源、物料、气源供给不足，低于工艺最低需求,,"{""failure_mode_ids"":[""LOCHF_deca3e64bfa9f721c56e""],""failure_modes"":[""输入偏小""],""major_categories"":[""设备设施因素""],""reference_level"":""release_factor"",""sequence_no"":1,""subcategories"":[""参数超限故障""]}",非密-第二类危险源分析.docx,HAZARD_FACTOR_REFERENCE_V1,1.6-reference,1.0000,accepted
HZFHF_f5fbabfe1c49e55e7074,HazardFactor,漏油、漏水、漏气、漏物料，介质向外渗漏,漏油、漏水、漏气、漏物料，介质向外渗漏,,"{""failure_mode_ids"":[""LOCHF_893ab4e4d19f3bd49446""],""failure_modes"":[""外部泄漏""],""major_categories"":[""设备设施因素""],""reference_level"":""release_factor"",""sequence_no"":1,""subcategories"":[""泄漏与堵塞故障""]}",非密-第二类危险源分析.docx,HAZARD_FACTOR_REFERENCE_V1,1.6-reference,1.0000,accepted
HZFHF_f71b5ef19ba94c620215,HazardFactor,称量质量有误,称量质量有误,,"{""failure_mode_ids"":[""LOCHF_1fb730c2b40bfb267153""],""failure_modes"":[""操作不到位/操作不当""],""major_categories"":[""人的因素""],""reference_level"":""release_factor"",""sequence_no"":3,""subcategories"":[""人员操作""]}",非密-第二类危险源分析.docx,HAZARD_FACTOR_REFERENCE_V1,1.6-reference,1.0000,accepted
HZFHF_f8065e072149f7208e77,HazardFactor,进刀量超限,进刀量超限,,"{""failure_mode_ids"":[""LOCHF_3892436155c570fb00c1""],""failure_modes"":[""位置控制失效""],""major_categories"":[""工艺因素""],""reference_level"":""release_factor"",""sequence_no"":1,""subcategories"":[""进刀量异常""]}",非密-第二类危险源分析.docx,HAZARD_FACTOR_REFERENCE_V1,1.6-reference,1.0000,accepted
HZFHF_f8977ad5c22a1215eced,HazardFactor,正常运行工况下无故跳闸、停机、阀门意外关闭,正常运行工况下无故跳闸、停机、阀门意外关闭,,"{""failure_mode_ids"":[""LOCHF_7a0c4e1d8bb57372327f""],""failure_modes"":[""误关闭""],""major_categories"":[""设备设施因素""],""reference_level"":""release_factor"",""sequence_no"":1,""subcategories"":[""开关启闭故障""]}",非密-第二类危险源分析.docx,HAZARD_FACTOR_REFERENCE_V1,1.6-reference,1.0000,accepted
HZFHF_fb0c207b115bf6818e91,HazardFactor,转速无法稳定控制,转速无法稳定控制,,"{""failure_mode_ids"":[""LOCHF_9cac2a8f252fab13ca71""],""failure_modes"":[""电机调速器故障""],""major_categories"":[""工艺因素""],""reference_level"":""release_factor"",""sequence_no"":1,""subcategories"":[""转速异常""]}",非密-第二类危险源分析.docx,HAZARD_FACTOR_REFERENCE_V1,1.6-reference,1.0000,accepted
HZFHF_ff0df0b010922366bc1a,HazardFactor,加入质量有误,加入质量有误,,"{""failure_mode_ids"":[""LOCHF_1fb730c2b40bfb267153""],""failure_modes"":[""操作不到位/操作不当""],""major_categories"":[""人的因素""],""reference_level"":""release_factor"",""sequence_no"":5,""subcategories"":[""人员操作""]}",非密-第二类危险源分析.docx,HAZARD_FACTOR_REFERENCE_V1,1.6-reference,1.0000,accepted
HZFHF_ff1a38ba99321b07e11c,HazardFactor,真空环境被破坏,真空环境被破坏,,"{""failure_mode_ids"":[""LOCHF_ff27d171cb2ea7a3f2ee""],""failure_modes"":[""误开进气阀""],""major_categories"":[""工艺因素""],""reference_level"":""release_factor"",""sequence_no"":1,""subcategories"":[""真空度异常""]}",非密-第二类危险源分析.docx,HAZARD_FACTOR_REFERENCE_V1,1.6-reference,1.0000,accepted
LOCHF_00573481724f5c91bc3a,LossOfControlCondition,过量加料,过量加料,超出设备设计容量,"{""category_path"":""工艺因素 > 容器内料位异常"",""major_category"":""工艺因素"",""major_code"":""2"",""reference_level"":""failure_mode"",""release_factor_count"":1,""release_factor_raw"":""超出设备设计容量"",""subcategory"":""容器内料位异常"",""subcategory_code"":""2.6""}",非密-第二类危险源分析.docx,HAZARD_FACTOR_REFERENCE_V1,1.6-reference,1.0000,accepted
LOCHF_02a5d3ca0dec96a100a1,LossOfControlCondition,管路堵塞,管路堵塞,物料沉积或异物堵塞导致流量降低,"{""category_path"":""工艺因素 > 流量异常"",""major_category"":""工艺因素"",""major_code"":""2"",""reference_level"":""failure_mode"",""release_factor_count"":1,""release_factor_raw"":""物料沉积或异物堵塞导致流量降低"",""subcategory"":""流量异常"",""subcategory_code"":""2.5""}",非密-第二类危险源分析.docx,HAZARD_FACTOR_REFERENCE_V1,1.6-reference,1.0000,accepted
LOCHF_0398b8fde993dfd913a9,LossOfControlCondition,设备选用不当,设备选用不当,采用本质安全水平较低的设备设施，如阀门种类选用不当,"{""category_path"":""设备设施因素 > 其他"",""major_category"":""设备设施因素"",""major_code"":""3"",""reference_level"":""failure_mode"",""release_factor_count"":1,""release_factor_raw"":""采用本质安全水平较低的设备设施，如阀门种类选用不当"",""subcategory"":""其他"",""subcategory_code"":""3.6""}",非密-第二类危险源分析.docx,HAZARD_FACTOR_REFERENCE_V1,1.6-reference,1.0000,accepted
LOCHF_047fc59f6d08dd63961c,LossOfControlCondition,异常变形,异常变形,部件发生弯曲、扭曲、拉伸等塑性变形，尺寸超差,"{""category_path"":""设备设施因素 > 结构与机械损坏"",""major_category"":""设备设施因素"",""major_code"":""3"",""reference_level"":""failure_mode"",""release_factor_count"":1,""release_factor_raw"":""部件发生弯曲、扭曲、拉伸等塑性变形，尺寸超差"",""subcategory"":""结构与机械损坏"",""subcategory_code"":""3.1""}",非密-第二类危险源分析.docx,HAZARD_FACTOR_REFERENCE_V1,1.6-reference,1.0000,accepted
LOCHF_0660bdf90204d5e7e620,LossOfControlCondition,搅拌桨断裂变形,搅拌桨断裂变形,搅拌效果下降，产生摩擦、冲击,"{""category_path"":""工艺因素 > 搅拌异常"",""major_category"":""工艺因素"",""major_code"":""2"",""reference_level"":""failure_mode"",""release_factor_count"":1,""release_factor_raw"":""搅拌效果下降，产生摩擦、冲击"",""subcategory"":""搅拌异常"",""subcategory_code"":""2.9""}",非密-第二类危险源分析.docx,HAZARD_FACTOR_REFERENCE_V1,1.6-reference,1.0000,accepted
LOCHF_06d19066fffc16879330,LossOfControlCondition,突然加速,突然加速,产生冲击载荷,"{""category_path"":""工艺因素 > 转速异常"",""major_category"":""工艺因素"",""major_code"":""2"",""reference_level"":""failure_mode"",""release_factor_count"":1,""release_factor_raw"":""产生冲击载荷"",""subcategory"":""转速异常"",""subcategory_code"":""2.11""}",非密-第二类危险源分析.docx,HAZARD_FACTOR_REFERENCE_V1,1.6-reference,1.0000,accepted
LOCHF_0a15675b92b64d743dff,LossOfControlCondition,采光照明不良,采光照明不良,灯具数量不足或功率选型过低；自然采光窗口被物料、设备遮挡；人工照明灯具损坏未及时更换,"{""category_path"":""环境因素 > 作业环境"",""major_category"":""环境因素"",""major_code"":""4"",""reference_level"":""failure_mode"",""release_factor_count"":3,""release_factor_raw"":""灯具数量不足或功率选型过低；自然采光窗口被物料、设备遮挡；人工照明灯具损坏未及时更换"",""subcategory"":""作业环境"",""subcategory_code"":""4.4""}",非密-第二类危险源分析.docx,HAZARD_FACTOR_REFERENCE_V1,1.6-reference,1.0000,accepted
LOCHF_0cb73bd9d34977cd41cb,LossOfControlCondition,阀门等连接处密封不严,阀门等连接处密封不严,造成压力泄漏,"{""category_path"":""工艺因素 > 压力异常"",""major_category"":""工艺因素"",""major_code"":""2"",""reference_level"":""failure_mode"",""release_factor_count"":1,""release_factor_raw"":""造成压力泄漏"",""subcategory"":""压力异常"",""subcategory_code"":""2.3""}",非密-第二类危险源分析.docx,HAZARD_FACTOR_REFERENCE_V1,1.6-reference,1.0000,accepted
LOCHF_0d56551f2801a35c8941,LossOfControlCondition,自动控制系统故障,自动控制系统故障,流量控制失效,"{""category_path"":""工艺因素 > 流量异常"",""major_category"":""工艺因素"",""major_code"":""2"",""reference_level"":""failure_mode"",""release_factor_count"":1,""release_factor_raw"":""流量控制失效"",""subcategory"":""流量异常"",""subcategory_code"":""2.5""}",非密-第二类危险源分析.docx,HAZARD_FACTOR_REFERENCE_V1,1.6-reference,1.0000,accepted
LOCHF_0d629c7fe15c85e6f762,LossOfControlCondition,异响噪音,异响噪音,出现摩擦、撞击、啸叫、异振等非正常运行声响,"{""category_path"":""设备设施因素 > 运行工况异常"",""major_category"":""设备设施因素"",""major_code"":""3"",""reference_level"":""failure_mode"",""release_factor_count"":1,""release_factor_raw"":""出现摩擦、撞击、啸叫、异振等非正常运行声响"",""subcategory"":""运行工况异常"",""subcategory_code"":""3.5""}",非密-第二类危险源分析.docx,HAZARD_FACTOR_REFERENCE_V1,1.6-reference,1.0000,accepted
LOCHF_110a9cef6ad8148643c2,LossOfControlCondition,冷却介质流量过大,冷却介质流量过大,冷却速度过快,"{""category_path"":""工艺因素 > 冷却速率异常"",""major_category"":""工艺因素"",""major_code"":""2"",""reference_level"":""failure_mode"",""release_factor_count"":1,""release_factor_raw"":""冷却速度过快"",""subcategory"":""冷却速率异常"",""subcategory_code"":""2.2""}",非密-第二类危险源分析.docx,HAZARD_FACTOR_REFERENCE_V1,1.6-reference,1.0000,accepted
LOCHF_1440dfed19d3ee8abac2,LossOfControlCondition,异常振动,异常振动,设备或部件振幅超标、共振、抖动，运行平稳性劣化,"{""category_path"":""设备设施因素 > 结构与机械损坏"",""major_category"":""设备设施因素"",""major_code"":""3"",""reference_level"":""failure_mode"",""release_factor_count"":1,""release_factor_raw"":""设备或部件振幅超标、共振、抖动，运行平稳性劣化"",""subcategory"":""结构与机械损坏"",""subcategory_code"":""3.1""}",非密-第二类危险源分析.docx,HAZARD_FACTOR_REFERENCE_V1,1.6-reference,1.0000,accepted
LOCHF_145258fae8bc0acfff33,LossOfControlCondition,伺服系统故障,伺服系统故障,进给位置控制失准,"{""category_path"":""工艺因素 > 进刀量异常"",""major_category"":""工艺因素"",""major_code"":""2"",""reference_level"":""failure_mode"",""release_factor_count"":1,""release_factor_raw"":""进给位置控制失准"",""subcategory"":""进刀量异常"",""subcategory_code"":""2.10""}",非密-第二类危险源分析.docx,HAZARD_FACTOR_REFERENCE_V1,1.6-reference,1.0000,accepted
LOCHF_181b0c9f35c025848289,LossOfControlCondition,防静电护具失效,防静电护具失效,防静电护具缺失；防静电护具损坏,"{""category_path"":""环境因素 > 防静电"",""major_category"":""环境因素"",""major_code"":""4"",""reference_level"":""failure_mode"",""release_factor_count"":2,""release_factor_raw"":""防静电护具缺失；防静电护具损坏"",""subcategory"":""防静电"",""subcategory_code"":""4.2""}",非密-第二类危险源分析.docx,HAZARD_FACTOR_REFERENCE_V1,1.6-reference,1.0000,accepted
LOCHF_188aab2daf93404ffb7a,LossOfControlCondition,空压机运行失效,空压机运行失效,压缩空气供应不足,"{""category_path"":""工艺因素 > 压力异常"",""major_category"":""工艺因素"",""major_code"":""2"",""reference_level"":""failure_mode"",""release_factor_count"":1,""release_factor_raw"":""压缩空气供应不足"",""subcategory"":""压力异常"",""subcategory_code"":""2.3""}",非密-第二类危险源分析.docx,HAZARD_FACTOR_REFERENCE_V1,1.6-reference,1.0000,accepted
LOCHF_1958ff63e5a3ef90e7e7,LossOfControlCondition,参数超下限,参数超下限,压力、流量、出力、转速等关键参数低于额定下限,"{""category_path"":""设备设施因素 > 参数超限故障"",""major_category"":""设备设施因素"",""major_code"":""3"",""reference_level"":""failure_mode"",""release_factor_count"":1,""release_factor_raw"":""压力、流量、出力、转速等关键参数低于额定下限"",""subcategory"":""参数超限故障"",""subcategory_code"":""3.4""}",非密-第二类危险源分析.docx,HAZARD_FACTOR_REFERENCE_V1,1.6-reference,1.0000,accepted
LOCHF_1a1321ad2b9117dfe125,LossOfControlCondition,导轨磨损,导轨磨损,运动轨迹偏移,"{""category_path"":""工艺因素 > 进刀量异常"",""major_category"":""工艺因素"",""major_code"":""2"",""reference_level"":""failure_mode"",""release_factor_count"":1,""release_factor_raw"":""运动轨迹偏移"",""subcategory"":""进刀量异常"",""subcategory_code"":""2.10""}",非密-第二类危险源分析.docx,HAZARD_FACTOR_REFERENCE_V1,1.6-reference,1.0000,accepted
LOCHF_1b1f0895431f1eead22d,LossOfControlCondition,操作力度错误,操作力度错误,搬、抬、举、刮、翻、推、捅、卸、擦等操作行为过度；加料速度过快；人工动作过大,"{""category_path"":""人的因素 > 人员操作"",""major_category"":""人的因素"",""major_code"":""1"",""reference_level"":""failure_mode"",""release_factor_count"":3,""release_factor_raw"":""搬、抬、举、刮、翻、推、捅、卸、擦等操作行为过度；加料速度过快；人工动作过大"",""subcategory"":""人员操作"",""subcategory_code"":""1.1""}",非密-第二类危险源分析.docx,HAZARD_FACTOR_REFERENCE_V1,1.6-reference,1.0000,accepted
LOCHF_1b7b32f882070e20af13,LossOfControlCondition,长期疲劳运行,长期疲劳运行,导致结构损伤累积,"{""category_path"":""工艺因素 > 载荷异常"",""major_category"":""工艺因素"",""major_code"":""2"",""reference_level"":""failure_mode"",""release_factor_count"":1,""release_factor_raw"":""导致结构损伤累积"",""subcategory"":""载荷异常"",""subcategory_code"":""2.8""}",非密-第二类危险源分析.docx,HAZARD_FACTOR_REFERENCE_V1,1.6-reference,1.0000,accepted
LOCHF_1b7ffde716bc2558edb5,LossOfControlCondition,轴承损坏,轴承损坏,产生异常振动和摩擦,"{""category_path"":""工艺因素 > 搅拌异常"",""major_category"":""工艺因素"",""major_code"":""2"",""reference_level"":""failure_mode"",""release_factor_count"":1,""release_factor_raw"":""产生异常振动和摩擦"",""subcategory"":""搅拌异常"",""subcategory_code"":""2.9""}",非密-第二类危险源分析.docx,HAZARD_FACTOR_REFERENCE_V1,1.6-reference,1.0000,accepted
LOCHF_1c63a2e343a0882cc3d4,LossOfControlCondition,编码器故障,编码器故障,进给位移测量错误,"{""category_path"":""工艺因素 > 进刀量异常"",""major_category"":""工艺因素"",""major_code"":""2"",""reference_level"":""failure_mode"",""release_factor_count"":1,""release_factor_raw"":""进给位移测量错误"",""subcategory"":""进刀量异常"",""subcategory_code"":""2.10""}",非密-第二类危险源分析.docx,HAZARD_FACTOR_REFERENCE_V1,1.6-reference,1.0000,accepted
LOCHF_1de1daa127029b3aa277,LossOfControlCondition,进给机构故障,进给机构故障,无法控制切削深度,"{""category_path"":""工艺因素 > 进刀量异常"",""major_category"":""工艺因素"",""major_code"":""2"",""reference_level"":""failure_mode"",""release_factor_count"":1,""release_factor_raw"":""无法控制切削深度"",""subcategory"":""进刀量异常"",""subcategory_code"":""2.10""}",非密-第二类危险源分析.docx,HAZARD_FACTOR_REFERENCE_V1,1.6-reference,1.0000,accepted
LOCHF_1f88b94ce8b846030afb,LossOfControlCondition,阶梯和活动架缺陷,阶梯和活动架缺陷,阶梯或活动架的扶手、护栏等防护设施缺失、高度不足或连接不牢固,"{""category_path"":""环境因素 > 作业环境"",""major_category"":""环境因素"",""major_code"":""4"",""reference_level"":""failure_mode"",""release_factor_count"":1,""release_factor_raw"":""阶梯或活动架的扶手、护栏等防护设施缺失、高度不足或连接不牢固"",""subcategory"":""作业环境"",""subcategory_code"":""4.4""}",非密-第二类危险源分析.docx,HAZARD_FACTOR_REFERENCE_V1,1.6-reference,1.0000,accepted
LOCHF_1f967173ed61131dd4c4,LossOfControlCondition,料位下降过快,料位下降过快,存在断料、冲击风险,"{""category_path"":""工艺因素 > 容器内料位异常"",""major_category"":""工艺因素"",""major_code"":""2"",""reference_level"":""failure_mode"",""release_factor_count"":1,""release_factor_raw"":""存在断料、冲击风险"",""subcategory"":""容器内料位异常"",""subcategory_code"":""2.6""}",非密-第二类危险源分析.docx,HAZARD_FACTOR_REFERENCE_V1,1.6-reference,1.0000,accepted
LOCHF_1fb730c2b40bfb267153,LossOfControlCondition,操作不到位/操作不当,操作不到位/操作不当,工具与料斗发生摩擦、撞击；布袋未固定扎紧导致脱落；称量质量有误；物料加入位置不符合要求；加入质量有误；残余压力未泄放；人员输入参数有误,"{""category_path"":""人的因素 > 人员操作"",""major_category"":""人的因素"",""major_code"":""1"",""reference_level"":""failure_mode"",""release_factor_count"":7,""release_factor_raw"":""工具与料斗发生摩擦、撞击；布袋未固定扎紧导致脱落；称量质量有误；物料加入位置不符合要求；加入质量有误；残余压力未泄放；人员输入参数有误"",""subcategory"":""人员操作"",""subcategory_code"":""1.1""}",非密-第二类危险源分析.docx,HAZARD_FACTOR_REFERENCE_V1,1.6-reference,1.0000,accepted
LOCHF_21a33eec120b83b03d49,LossOfControlCondition,定员定量不符合要求,定员定量不符合要求,超员超量,"{""category_path"":""环境因素 > 作业环境"",""major_category"":""环境因素"",""major_code"":""4"",""reference_level"":""failure_mode"",""release_factor_count"":1,""release_factor_raw"":""超员超量"",""subcategory"":""作业环境"",""subcategory_code"":""4.4""}",非密-第二类危险源分析.docx,HAZARD_FACTOR_REFERENCE_V1,1.6-reference,1.0000,accepted
LOCHF_249f366e77df58d167c3,LossOfControlCondition,意外自运行,意外自运行,停机待机状态下设备自行运转、自行加载,"{""category_path"":""设备设施因素 > 运行工况异常"",""major_category"":""设备设施因素"",""major_code"":""3"",""reference_level"":""failure_mode"",""release_factor_count"":1,""release_factor_raw"":""停机待机状态下设备自行运转、自行加载"",""subcategory"":""运行工况异常"",""subcategory_code"":""3.5""}",非密-第二类危险源分析.docx,HAZARD_FACTOR_REFERENCE_V1,1.6-reference,1.0000,accepted
LOCHF_26d7c647c51831d08971,LossOfControlCondition,密封失效,密封失效,物料泄漏或外界介质进入,"{""category_path"":""工艺因素 > 搅拌异常"",""major_category"":""工艺因素"",""major_code"":""2"",""reference_level"":""failure_mode"",""release_factor_count"":1,""release_factor_raw"":""物料泄漏或外界介质进入"",""subcategory"":""搅拌异常"",""subcategory_code"":""2.9""}",非密-第二类危险源分析.docx,HAZARD_FACTOR_REFERENCE_V1,1.6-reference,1.0000,accepted
LOCHF_2a5bb39900a1b280b6a3,LossOfControlCondition,温度传感器失效,温度传感器失效,无法准确判断冷却状态,"{""category_path"":""工艺因素 > 冷却速率异常"",""major_category"":""工艺因素"",""major_code"":""2"",""reference_level"":""failure_mode"",""release_factor_count"":1,""release_factor_raw"":""无法准确判断冷却状态"",""subcategory"":""冷却速率异常"",""subcategory_code"":""2.2""}",非密-第二类危险源分析.docx,HAZARD_FACTOR_REFERENCE_V1,1.6-reference,1.0000,accepted
LOCHF_2c69fdd6eaffd9a438db,LossOfControlCondition,料位传感器失效,料位传感器失效,无法准确监测料位,"{""category_path"":""工艺因素 > 容器内料位异常"",""major_category"":""工艺因素"",""major_code"":""2"",""reference_level"":""failure_mode"",""release_factor_count"":1,""release_factor_raw"":""无法准确监测料位"",""subcategory"":""容器内料位异常"",""subcategory_code"":""2.6""}",非密-第二类危险源分析.docx,HAZARD_FACTOR_REFERENCE_V1,1.6-reference,1.0000,accepted
LOCHF_2ce4531643774765263a,LossOfControlCondition,冷却控制系统故障,冷却控制系统故障,无法按设定速率降温,"{""category_path"":""工艺因素 > 冷却速率异常"",""major_category"":""工艺因素"",""major_code"":""2"",""reference_level"":""failure_mode"",""release_factor_count"":1,""release_factor_raw"":""无法按设定速率降温"",""subcategory"":""冷却速率异常"",""subcategory_code"":""2.2""}",非密-第二类危险源分析.docx,HAZARD_FACTOR_REFERENCE_V1,1.6-reference,1.0000,accepted
LOCHF_2e637f2274c208a56374,LossOfControlCondition,设备、电气线路不符合防爆防尘要求,设备、电气线路不符合防爆防尘要求,"设备、电气线路选型不符合防爆防尘要求；
电气线路保护、敷设不满足危险区域要求；
设备接地线缺失、断开或接地电阻超标，静电无法有效导出","{""category_path"":""环境因素 > 电气设备"",""major_category"":""环境因素"",""major_code"":""4"",""reference_level"":""failure_mode"",""release_factor_count"":3,""release_factor_raw"":""设备、电气线路选型不符合防爆防尘要求；\n电气线路保护、敷设不满足危险区域要求；\n设备接地线缺失、断开或接地电阻超标，静电无法有效导出"",""subcategory"":""电气设备"",""subcategory_code"":""4.3""}",非密-第二类危险源分析.docx,HAZARD_FACTOR_REFERENCE_V1,1.6-reference,1.0000,accepted
LOCHF_2ea4963e5fbe989a832a,LossOfControlCondition,升温速率过慢,升温速率过慢,工艺过程异常,"{""category_path"":""工艺因素 > 温度异常"",""major_category"":""工艺因素"",""major_code"":""2"",""reference_level"":""failure_mode"",""release_factor_count"":1,""release_factor_raw"":""工艺过程异常"",""subcategory"":""温度异常"",""subcategory_code"":""2.1""}",非密-第二类危险源分析.docx,HAZARD_FACTOR_REFERENCE_V1,1.6-reference,1.0000,accepted
LOCHF_2fdae8df74f9bbeabca6,LossOfControlCondition,程序参数设置错误,程序参数设置错误,进刀速度或深度异常,"{""category_path"":""工艺因素 > 进刀量异常"",""major_category"":""工艺因素"",""major_code"":""2"",""reference_level"":""failure_mode"",""release_factor_count"":1,""release_factor_raw"":""进刀速度或深度异常"",""subcategory"":""进刀量异常"",""subcategory_code"":""2.10""}",非密-第二类危险源分析.docx,HAZARD_FACTOR_REFERENCE_V1,1.6-reference,1.0000,accepted
LOCHF_3016abea49ee175d3177,LossOfControlCondition,导轨磨损,导轨磨损,造成物料运动偏移,"{""category_path"":""工艺因素 > 物料位置异常"",""major_category"":""工艺因素"",""major_code"":""2"",""reference_level"":""failure_mode"",""release_factor_count"":1,""release_factor_raw"":""造成物料运动偏移"",""subcategory"":""物料位置异常"",""subcategory_code"":""2.7""}",非密-第二类危险源分析.docx,HAZARD_FACTOR_REFERENCE_V1,1.6-reference,1.0000,accepted
LOCHF_304c7b636afc64ca9f3d,LossOfControlCondition,夹具松动,夹具松动,载荷传递异常,"{""category_path"":""工艺因素 > 载荷异常"",""major_category"":""工艺因素"",""major_code"":""2"",""reference_level"":""failure_mode"",""release_factor_count"":1,""release_factor_raw"":""载荷传递异常"",""subcategory"":""载荷异常"",""subcategory_code"":""2.8""}",非密-第二类危险源分析.docx,HAZARD_FACTOR_REFERENCE_V1,1.6-reference,1.0000,accepted
LOCHF_310309f160d82ea816f6,LossOfControlCondition,搅拌方向错误,搅拌方向错误,混合效果下降,"{""category_path"":""工艺因素 > 搅拌异常"",""major_category"":""工艺因素"",""major_code"":""2"",""reference_level"":""failure_mode"",""release_factor_count"":1,""release_factor_raw"":""混合效果下降"",""subcategory"":""搅拌异常"",""subcategory_code"":""2.9""}",非密-第二类危险源分析.docx,HAZARD_FACTOR_REFERENCE_V1,1.6-reference,1.0000,accepted
LOCHF_311ff62a36d45c5d33b0,LossOfControlCondition,冷凝器失效,冷凝器失效,蒸汽无法有效冷凝，影响真空系统抽气能力,"{""category_path"":""工艺因素 > 真空度异常"",""major_category"":""工艺因素"",""major_code"":""2"",""reference_level"":""failure_mode"",""release_factor_count"":1,""release_factor_raw"":""蒸汽无法有效冷凝，影响真空系统抽气能力"",""subcategory"":""真空度异常"",""subcategory_code"":""2.4""}",非密-第二类危险源分析.docx,HAZARD_FACTOR_REFERENCE_V1,1.6-reference,1.0000,accepted
LOCHF_32250a3a57160897434e,LossOfControlCondition,料位联锁失效,料位联锁失效,料位异常时设备未自动停机,"{""category_path"":""工艺因素 > 容器内料位异常"",""major_category"":""工艺因素"",""major_code"":""2"",""reference_level"":""failure_mode"",""release_factor_count"":1,""release_factor_raw"":""料位异常时设备未自动停机"",""subcategory"":""容器内料位异常"",""subcategory_code"":""2.6""}",非密-第二类危险源分析.docx,HAZARD_FACTOR_REFERENCE_V1,1.6-reference,1.0000,accepted
LOCHF_3259beb33f62f3506c36,LossOfControlCondition,操作次序错误,操作次序错误,加料顺序错误,"{""category_path"":""人的因素 > 人员操作"",""major_category"":""人的因素"",""major_code"":""1"",""reference_level"":""failure_mode"",""release_factor_count"":1,""release_factor_raw"":""加料顺序错误"",""subcategory"":""人员操作"",""subcategory_code"":""1.1""}",非密-第二类危险源分析.docx,HAZARD_FACTOR_REFERENCE_V1,1.6-reference,1.0000,accepted
LOCHF_33a78b50577f55d3fe43,LossOfControlCondition,变频器故障,变频器故障,转速失控或波动,"{""category_path"":""工艺因素 > 搅拌异常"",""major_category"":""工艺因素"",""major_code"":""2"",""reference_level"":""failure_mode"",""release_factor_count"":1,""release_factor_raw"":""转速失控或波动"",""subcategory"":""搅拌异常"",""subcategory_code"":""2.9""}",非密-第二类危险源分析.docx,HAZARD_FACTOR_REFERENCE_V1,1.6-reference,1.0000,accepted
LOCHF_36bf3f9087156bba0db6,LossOfControlCondition,人员协作失误,人员协作失误,吊索具未完全挂好就开动起重机；未固定好料斗就开动转运车,"{""category_path"":""人的因素 > 人员协作"",""major_category"":""人的因素"",""major_code"":""1"",""reference_level"":""failure_mode"",""release_factor_count"":2,""release_factor_raw"":""吊索具未完全挂好就开动起重机；未固定好料斗就开动转运车"",""subcategory"":""人员协作"",""subcategory_code"":""1.2""}",非密-第二类危险源分析.docx,HAZARD_FACTOR_REFERENCE_V1,1.6-reference,1.0000,accepted
LOCHF_36c44fe18e8ae42d8de9,LossOfControlCondition,消防设施缺失,消防设施缺失,"灭火器、消防栓及消防雨淋配置缺失；
功能标识缺失","{""category_path"":""管理因素 > 消防管理"",""major_category"":""管理因素"",""major_code"":""5"",""reference_level"":""failure_mode"",""release_factor_count"":2,""release_factor_raw"":""灭火器、消防栓及消防雨淋配置缺失；\n功能标识缺失"",""subcategory"":""消防管理"",""subcategory_code"":""5.2""}",非密-第二类危险源分析.docx,HAZARD_FACTOR_REFERENCE_V1,1.6-reference,1.0000,accepted
LOCHF_36cd63d7a3e9700f9c2b,LossOfControlCondition,隐患排查治理不到位,隐患排查治理不到位,"隐患排查频次不足；
已发现的隐患整改不彻底","{""category_path"":""管理因素 > 安全管理"",""major_category"":""管理因素"",""major_code"":""5"",""reference_level"":""failure_mode"",""release_factor_count"":2,""release_factor_raw"":""隐患排查频次不足；\n已发现的隐患整改不彻底"",""subcategory"":""安全管理"",""subcategory_code"":""5.4""}",非密-第二类危险源分析.docx,HAZARD_FACTOR_REFERENCE_V1,1.6-reference,1.0000,accepted
LOCHF_3892436155c570fb00c1,LossOfControlCondition,位置控制失效,位置控制失效,进刀量超限,"{""category_path"":""工艺因素 > 进刀量异常"",""major_category"":""工艺因素"",""major_code"":""2"",""reference_level"":""failure_mode"",""release_factor_count"":1,""release_factor_raw"":""进刀量超限"",""subcategory"":""进刀量异常"",""subcategory_code"":""2.10""}",非密-第二类危险源分析.docx,HAZARD_FACTOR_REFERENCE_V1,1.6-reference,1.0000,accepted
LOCHF_38978e5cd4fee87006f1,LossOfControlCondition,散药、浮药、余药、残药（“四药”）未清理,散药、浮药、余药、残药（“四药”）未清理,地面、台面、设备、工装、产品表面、辅助工具等处，四药清理不及时、不干净,"{""category_path"":""环境因素 > 作业环境"",""major_category"":""环境因素"",""major_code"":""4"",""reference_level"":""failure_mode"",""release_factor_count"":1,""release_factor_raw"":""地面、台面、设备、工装、产品表面、辅助工具等处，四药清理不及时、不干净"",""subcategory"":""作业环境"",""subcategory_code"":""4.4""}",非密-第二类危险源分析.docx,HAZARD_FACTOR_REFERENCE_V1,1.6-reference,1.0000,accepted
LOCHF_40bd0e14534bc863cfaa,LossOfControlCondition,参数设置错误,参数设置错误,温度设定值超出工艺要求,"{""category_path"":""工艺因素 > 温度异常"",""major_category"":""工艺因素"",""major_code"":""2"",""reference_level"":""failure_mode"",""release_factor_count"":1,""release_factor_raw"":""温度设定值超出工艺要求"",""subcategory"":""温度异常"",""subcategory_code"":""2.1""}",非密-第二类危险源分析.docx,HAZARD_FACTOR_REFERENCE_V1,1.6-reference,1.0000,accepted
LOCHF_4197d241a237a09425cc,LossOfControlCondition,转速过高,转速过高,导致摩擦热和机械冲击增加,"{""category_path"":""工艺因素 > 转速异常"",""major_category"":""工艺因素"",""major_code"":""2"",""reference_level"":""failure_mode"",""release_factor_count"":1,""release_factor_raw"":""导致摩擦热和机械冲击增加"",""subcategory"":""转速异常"",""subcategory_code"":""2.11""}",非密-第二类危险源分析.docx,HAZARD_FACTOR_REFERENCE_V1,1.6-reference,1.0000,accepted
LOCHF_4269b99eee6d36cd1046,LossOfControlCondition,物流通道、安全通道不畅,物流通道、安全通道不畅,"通道堵塞不畅；
安全出口门上锁、通道门开启方向错误或通道宽度被设备、管线占用","{""category_path"":""环境因素 > 作业环境"",""major_category"":""环境因素"",""major_code"":""4"",""reference_level"":""failure_mode"",""release_factor_count"":2,""release_factor_raw"":""通道堵塞不畅；\n安全出口门上锁、通道门开启方向错误或通道宽度被设备、管线占用"",""subcategory"":""作业环境"",""subcategory_code"":""4.4""}",非密-第二类危险源分析.docx,HAZARD_FACTOR_REFERENCE_V1,1.6-reference,1.0000,accepted
LOCHF_43a2aca7c008038181e9,LossOfControlCondition,限位装置失效,限位装置失效,超程运行,"{""category_path"":""工艺因素 > 进刀量异常"",""major_category"":""工艺因素"",""major_code"":""2"",""reference_level"":""failure_mode"",""release_factor_count"":1,""release_factor_raw"":""超程运行"",""subcategory"":""进刀量异常"",""subcategory_code"":""2.10""}",非密-第二类危险源分析.docx,HAZARD_FACTOR_REFERENCE_V1,1.6-reference,1.0000,accepted
LOCHF_43bcb3a6dad9bdf45222,LossOfControlCondition,转速过低,转速过低,影响工艺质量和生产效率,"{""category_path"":""工艺因素 > 转速异常"",""major_category"":""工艺因素"",""major_code"":""2"",""reference_level"":""failure_mode"",""release_factor_count"":1,""release_factor_raw"":""影响工艺质量和生产效率"",""subcategory"":""转速异常"",""subcategory_code"":""2.11""}",非密-第二类危险源分析.docx,HAZARD_FACTOR_REFERENCE_V1,1.6-reference,1.0000,accepted
LOCHF_440e448603a670beaca1,LossOfControlCondition,参数设置错误,参数设置错误,真空设定值超出工艺要求,"{""category_path"":""工艺因素 > 真空度异常"",""major_category"":""工艺因素"",""major_code"":""2"",""reference_level"":""failure_mode"",""release_factor_count"":1,""release_factor_raw"":""真空设定值超出工艺要求"",""subcategory"":""真空度异常"",""subcategory_code"":""2.4""}",非密-第二类危险源分析.docx,HAZARD_FACTOR_REFERENCE_V1,1.6-reference,1.0000,accepted
LOCHF_470779c0fd07a4ae5a71,LossOfControlCondition,超载运行,超载运行,超出设备设计负荷,"{""category_path"":""工艺因素 > 载荷异常"",""major_category"":""工艺因素"",""major_code"":""2"",""reference_level"":""failure_mode"",""release_factor_count"":1,""release_factor_raw"":""超出设备设计负荷"",""subcategory"":""载荷异常"",""subcategory_code"":""2.8""}",非密-第二类危险源分析.docx,HAZARD_FACTOR_REFERENCE_V1,1.6-reference,1.0000,accepted
LOCHF_47a2c9d65ddc20b563ff,LossOfControlCondition,冷却介质中断,冷却介质中断,冷却水、冷却风供应停止,"{""category_path"":""工艺因素 > 冷却速率异常"",""major_category"":""工艺因素"",""major_code"":""2"",""reference_level"":""failure_mode"",""release_factor_count"":1,""release_factor_raw"":""冷却水、冷却风供应停止"",""subcategory"":""冷却速率异常"",""subcategory_code"":""2.2""}",非密-第二类危险源分析.docx,HAZARD_FACTOR_REFERENCE_V1,1.6-reference,1.0000,accepted
LOCHF_493a7fadaab5f5d14bc2,LossOfControlCondition,真空报警失效,真空报警失效,异常真空状态未报警,"{""category_path"":""工艺因素 > 真空度异常"",""major_category"":""工艺因素"",""major_code"":""2"",""reference_level"":""failure_mode"",""release_factor_count"":1,""release_factor_raw"":""异常真空状态未报警"",""subcategory"":""真空度异常"",""subcategory_code"":""2.4""}",非密-第二类危险源分析.docx,HAZARD_FACTOR_REFERENCE_V1,1.6-reference,1.0000,accepted
LOCHF_4a2678e6d80e5873325b,LossOfControlCondition,料位不均匀,料位不均匀,形成偏载或局部堆积,"{""category_path"":""工艺因素 > 容器内料位异常"",""major_category"":""工艺因素"",""major_code"":""2"",""reference_level"":""failure_mode"",""release_factor_count"":1,""release_factor_raw"":""形成偏载或局部堆积"",""subcategory"":""容器内料位异常"",""subcategory_code"":""2.6""}",非密-第二类危险源分析.docx,HAZARD_FACTOR_REFERENCE_V1,1.6-reference,1.0000,accepted
LOCHF_4b366841b3216e506706,LossOfControlCondition,加热装置失控,加热装置失控,加热功率持续输出造成超温,"{""category_path"":""工艺因素 > 温度异常"",""major_category"":""工艺因素"",""major_code"":""2"",""reference_level"":""failure_mode"",""release_factor_count"":1,""release_factor_raw"":""加热功率持续输出造成超温"",""subcategory"":""温度异常"",""subcategory_code"":""2.1""}",非密-第二类危险源分析.docx,HAZARD_FACTOR_REFERENCE_V1,1.6-reference,1.0000,accepted
LOCHF_509db61b23eccde79c4f,LossOfControlCondition,切换失灵,切换失灵,档位、回路、工况切换卡滞、不切换、切换不到位,"{""category_path"":""设备设施因素 > 开关启闭故障"",""major_category"":""设备设施因素"",""major_code"":""3"",""reference_level"":""failure_mode"",""release_factor_count"":1,""release_factor_raw"":""档位、回路、工况切换卡滞、不切换、切换不到位"",""subcategory"":""开关启闭故障"",""subcategory_code"":""3.2""}",非密-第二类危险源分析.docx,HAZARD_FACTOR_REFERENCE_V1,1.6-reference,1.0000,accepted
LOCHF_50d7f9272c59c84f4088,LossOfControlCondition,操作工具错误,操作工具错误,使用不安全装置；手代替工具操作；操作工具材质不符合要求,"{""category_path"":""人的因素 > 人员操作"",""major_category"":""人的因素"",""major_code"":""1"",""reference_level"":""failure_mode"",""release_factor_count"":3,""release_factor_raw"":""使用不安全装置；手代替工具操作；操作工具材质不符合要求"",""subcategory"":""人员操作"",""subcategory_code"":""1.1""}",非密-第二类危险源分析.docx,HAZARD_FACTOR_REFERENCE_V1,1.6-reference,1.0000,accepted
LOCHF_512296b3460e35454c2e,LossOfControlCondition,消防设施不合格,消防设施不合格,消防设施压力不足、已过有效期或选型错误,"{""category_path"":""管理因素 > 消防管理"",""major_category"":""管理因素"",""major_code"":""5"",""reference_level"":""failure_mode"",""release_factor_count"":1,""release_factor_raw"":""消防设施压力不足、已过有效期或选型错误"",""subcategory"":""消防管理"",""subcategory_code"":""5.2""}",非密-第二类危险源分析.docx,HAZARD_FACTOR_REFERENCE_V1,1.6-reference,1.0000,accepted
LOCHF_5155dc62fdc827c21c4d,LossOfControlCondition,工艺物料堵塞抽气口,工艺物料堵塞抽气口,抽气通道受阻，局部真空失效,"{""category_path"":""工艺因素 > 真空度异常"",""major_category"":""工艺因素"",""major_code"":""2"",""reference_level"":""failure_mode"",""release_factor_count"":1,""release_factor_raw"":""抽气通道受阻，局部真空失效"",""subcategory"":""真空度异常"",""subcategory_code"":""2.4""}",非密-第二类危险源分析.docx,HAZARD_FACTOR_REFERENCE_V1,1.6-reference,1.0000,accepted
LOCHF_5411bc8bb0bde9da4f25,LossOfControlCondition,升温速率过快,升温速率过快,局部热应力增大,"{""category_path"":""工艺因素 > 温度异常"",""major_category"":""工艺因素"",""major_code"":""2"",""reference_level"":""failure_mode"",""release_factor_count"":1,""release_factor_raw"":""局部热应力增大"",""subcategory"":""温度异常"",""subcategory_code"":""2.1""}",非密-第二类危险源分析.docx,HAZARD_FACTOR_REFERENCE_V1,1.6-reference,1.0000,accepted
LOCHF_542bbaf583b36f6e9175,LossOfControlCondition,编码器失效,编码器失效,转速反馈错误,"{""category_path"":""工艺因素 > 转速异常"",""major_category"":""工艺因素"",""major_code"":""2"",""reference_level"":""failure_mode"",""release_factor_count"":1,""release_factor_raw"":""转速反馈错误"",""subcategory"":""转速异常"",""subcategory_code"":""2.11""}",非密-第二类危险源分析.docx,HAZARD_FACTOR_REFERENCE_V1,1.6-reference,1.0000,accepted
LOCHF_54a5d474db8b4d8d0251,LossOfControlCondition,违章操作,违章操作,攀、坐不安全位置；物体存放不当；司机违章操作（未按规定线路行驶、行驶速度过快、物料搬运过程中启动转运车、转运车带病作业、车辆超速、剧烈颠簸或急转弯）；禁忌物混存混放；将废危险品（废药）混入普通垃圾内,"{""category_path"":""人的因素 > 人员操作"",""major_category"":""人的因素"",""major_code"":""1"",""reference_level"":""failure_mode"",""release_factor_count"":5,""release_factor_raw"":""攀、坐不安全位置；物体存放不当；司机违章操作（未按规定线路行驶、行驶速度过快、物料搬运过程中启动转运车、转运车带病作业、车辆超速、剧烈颠簸或急转弯）；禁忌物混存混放；将废危险品（废药）混入普通垃圾内"",""subcategory"":""人员操作"",""subcategory_code"":""1.1""}",非密-第二类危险源分析.docx,HAZARD_FACTOR_REFERENCE_V1,1.6-reference,1.0000,accepted
LOCHF_562c38898db80dbb5fcf,LossOfControlCondition,残料积存,残料积存,容器底部或死角物料滞留,"{""category_path"":""工艺因素 > 容器内料位异常"",""major_category"":""工艺因素"",""major_code"":""2"",""reference_level"":""failure_mode"",""release_factor_count"":1,""release_factor_raw"":""容器底部或死角物料滞留"",""subcategory"":""容器内料位异常"",""subcategory_code"":""2.6""}",非密-第二类危险源分析.docx,HAZARD_FACTOR_REFERENCE_V1,1.6-reference,1.0000,accepted
LOCHF_575ebc0f9ef175223a69,LossOfControlCondition,无法开启,无法开启,接收启动指令后设备、阀门、回路无法打开、无法启动,"{""category_path"":""设备设施因素 > 开关启闭故障"",""major_category"":""设备设施因素"",""major_code"":""3"",""reference_level"":""failure_mode"",""release_factor_count"":1,""release_factor_raw"":""接收启动指令后设备、阀门、回路无法打开、无法启动"",""subcategory"":""开关启闭故障"",""subcategory_code"":""3.2""}",非密-第二类危险源分析.docx,HAZARD_FACTOR_REFERENCE_V1,1.6-reference,1.0000,accepted
LOCHF_58d2c3d44652465ec006,LossOfControlCondition,管路堵塞,管路堵塞,管道、滤网、流道积垢、堵料，介质流通不畅,"{""category_path"":""设备设施因素 > 泄漏与堵塞故障"",""major_category"":""设备设施因素"",""major_code"":""3"",""reference_level"":""failure_mode"",""release_factor_count"":1,""release_factor_raw"":""管道、滤网、流道积垢、堵料，介质流通不畅"",""subcategory"":""泄漏与堵塞故障"",""subcategory_code"":""3.3""}",非密-第二类危险源分析.docx,HAZARD_FACTOR_REFERENCE_V1,1.6-reference,1.0000,accepted
LOCHF_5ac99702daa181caefe6,LossOfControlCondition,压力骤升,压力骤升,短时间内快速超压,"{""category_path"":""工艺因素 > 压力异常"",""major_category"":""工艺因素"",""major_code"":""2"",""reference_level"":""failure_mode"",""release_factor_count"":1,""release_factor_raw"":""短时间内快速超压"",""subcategory"":""压力异常"",""subcategory_code"":""2.3""}",非密-第二类危险源分析.docx,HAZARD_FACTOR_REFERENCE_V1,1.6-reference,1.0000,accepted
LOCHF_5c4f52bd9775b83d3f7f,LossOfControlCondition,操作遗漏,操作遗漏,未清理残药；未清理筛网；未清理粉尘；未清理阀门接口和管路等杂质；补料漏补；废药未及时入库,"{""category_path"":""人的因素 > 人员操作"",""major_category"":""人的因素"",""major_code"":""1"",""reference_level"":""failure_mode"",""release_factor_count"":6,""release_factor_raw"":""未清理残药；未清理筛网；未清理粉尘；未清理阀门接口和管路等杂质；补料漏补；废药未及时入库"",""subcategory"":""人员操作"",""subcategory_code"":""1.1""}",非密-第二类危险源分析.docx,HAZARD_FACTOR_REFERENCE_V1,1.6-reference,1.0000,accepted
LOCHF_5d1deaa73675c935490b,LossOfControlCondition,加料控制器失效,加料控制器失效,自动加料失控,"{""category_path"":""工艺因素 > 容器内料位异常"",""major_category"":""工艺因素"",""major_code"":""2"",""reference_level"":""failure_mode"",""release_factor_count"":1,""release_factor_raw"":""自动加料失控"",""subcategory"":""容器内料位异常"",""subcategory_code"":""2.6""}",非密-第二类危险源分析.docx,HAZARD_FACTOR_REFERENCE_V1,1.6-reference,1.0000,accepted
LOCHF_5dc4324abfb1621cf303,LossOfControlCondition,通风除尘设施缺陷或未正常投入使用,通风除尘设施缺陷或未正常投入使用,通风除尘不良；通风除尘设施损坏、故障；未定期维护保养,"{""category_path"":""环境因素 > 作业环境"",""major_category"":""环境因素"",""major_code"":""4"",""reference_level"":""failure_mode"",""release_factor_count"":3,""release_factor_raw"":""通风除尘不良；通风除尘设施损坏、故障；未定期维护保养"",""subcategory"":""作业环境"",""subcategory_code"":""4.4""}",非密-第二类危险源分析.docx,HAZARD_FACTOR_REFERENCE_V1,1.6-reference,1.0000,accepted
LOCHF_5e98777bf4a646ec1972,LossOfControlCondition,真空阀门故障,真空阀门故障,阀门无法正常开启、关闭或调节,"{""category_path"":""工艺因素 > 真空度异常"",""major_category"":""工艺因素"",""major_code"":""2"",""reference_level"":""failure_mode"",""release_factor_count"":1,""release_factor_raw"":""阀门无法正常开启、关闭或调节"",""subcategory"":""真空度异常"",""subcategory_code"":""2.4""}",非密-第二类危险源分析.docx,HAZARD_FACTOR_REFERENCE_V1,1.6-reference,1.0000,accepted
LOCHF_5fbfb5fb671dc8fef93f,LossOfControlCondition,接地电阻不合格,接地电阻不合格,接地不良；接地连接点松动、锈蚀，导致接触电阻增大,"{""category_path"":""环境因素 > 防静电"",""major_category"":""环境因素"",""major_code"":""4"",""reference_level"":""failure_mode"",""release_factor_count"":2,""release_factor_raw"":""接地不良；接地连接点松动、锈蚀，导致接触电阻增大"",""subcategory"":""防静电"",""subcategory_code"":""4.2""}",非密-第二类危险源分析.docx,HAZARD_FACTOR_REFERENCE_V1,1.6-reference,1.0000,accepted
LOCHF_5fc6ec18ec9e7eee4831,LossOfControlCondition,流量联锁失效,流量联锁失效,流量异常时未及时停机,"{""category_path"":""工艺因素 > 流量异常"",""major_category"":""工艺因素"",""major_code"":""2"",""reference_level"":""failure_mode"",""release_factor_count"":1,""release_factor_raw"":""流量异常时未及时停机"",""subcategory"":""流量异常"",""subcategory_code"":""2.5""}",非密-第二类危险源分析.docx,HAZARD_FACTOR_REFERENCE_V1,1.6-reference,1.0000,accepted
LOCHF_609cf453a040d153d1f0,LossOfControlCondition,联锁保护失效,联锁保护失效,异常进刀时设备未停机,"{""category_path"":""工艺因素 > 进刀量异常"",""major_category"":""工艺因素"",""major_code"":""2"",""reference_level"":""failure_mode"",""release_factor_count"":1,""release_factor_raw"":""异常进刀时设备未停机"",""subcategory"":""进刀量异常"",""subcategory_code"":""2.10""}",非密-第二类危险源分析.docx,HAZARD_FACTOR_REFERENCE_V1,1.6-reference,1.0000,accepted
LOCHF_6185f61c219714cb6178,LossOfControlCondition,冷却介质流量不足,冷却介质流量不足,管路堵塞或泵送能力下降,"{""category_path"":""工艺因素 > 冷却速率异常"",""major_category"":""工艺因素"",""major_code"":""2"",""reference_level"":""failure_mode"",""release_factor_count"":1,""release_factor_raw"":""管路堵塞或泵送能力下降"",""subcategory"":""冷却速率异常"",""subcategory_code"":""2.2""}",非密-第二类危险源分析.docx,HAZARD_FACTOR_REFERENCE_V1,1.6-reference,1.0000,accepted
LOCHF_626385dc353b7d4b01fa,LossOfControlCondition,皮带打滑,皮带打滑,实际转速低于设定值,"{""category_path"":""工艺因素 > 转速异常"",""major_category"":""工艺因素"",""major_code"":""2"",""reference_level"":""failure_mode"",""release_factor_count"":1,""release_factor_raw"":""实际转速低于设定值"",""subcategory"":""转速异常"",""subcategory_code"":""2.11""}",非密-第二类危险源分析.docx,HAZARD_FACTOR_REFERENCE_V1,1.6-reference,1.0000,accepted
LOCHF_64398462057757b32b6e,LossOfControlCondition,整机性能故障（性能衰退）,整机性能故障（性能衰退）,设备整体效率、出力、精度长期下降，达不到额定工况,"{""category_path"":""设备设施因素 > 运行工况异常"",""major_category"":""设备设施因素"",""major_code"":""3"",""reference_level"":""failure_mode"",""release_factor_count"":1,""release_factor_raw"":""设备整体效率、出力、精度长期下降，达不到额定工况"",""subcategory"":""运行工况异常"",""subcategory_code"":""3.5""}",非密-第二类危险源分析.docx,HAZARD_FACTOR_REFERENCE_V1,1.6-reference,1.0000,accepted
LOCHF_65a33e4e99891137d49e,LossOfControlCondition,应急管理缺陷,应急管理缺陷,"事故应急预案缺陷；
应急预案培训不到位；
应急预案演练不规范；专项应急预案的审查、备案","{""category_path"":""管理因素 > 安全管理"",""major_category"":""管理因素"",""major_code"":""5"",""reference_level"":""failure_mode"",""release_factor_count"":4,""release_factor_raw"":""事故应急预案缺陷；\n应急预案培训不到位；\n应急预案演练不规范；专项应急预案的审查、备案"",""subcategory"":""安全管理"",""subcategory_code"":""5.4""}",非密-第二类危险源分析.docx,HAZARD_FACTOR_REFERENCE_V1,1.6-reference,1.0000,accepted
LOCHF_663c424974e6a5f0af68,LossOfControlCondition,输送节拍异常,输送节拍异常,导致物料错位,"{""category_path"":""工艺因素 > 物料位置异常"",""major_category"":""工艺因素"",""major_code"":""2"",""reference_level"":""failure_mode"",""release_factor_count"":1,""release_factor_raw"":""导致物料错位"",""subcategory"":""物料位置异常"",""subcategory_code"":""2.7""}",非密-第二类危险源分析.docx,HAZARD_FACTOR_REFERENCE_V1,1.6-reference,1.0000,accepted
LOCHF_676226ec9353cdd583d5,LossOfControlCondition,电气绝缘故障（绝缘劣化）,电气绝缘故障（绝缘劣化）,电气部件绝缘层老化、破损，绝缘电阻下降、漏电隐患,"{""category_path"":""设备设施因素 > 运行工况异常"",""major_category"":""设备设施因素"",""major_code"":""3"",""reference_level"":""failure_mode"",""release_factor_count"":1,""release_factor_raw"":""电气部件绝缘层老化、破损，绝缘电阻下降、漏电隐患"",""subcategory"":""运行工况异常"",""subcategory_code"":""3.5""}",非密-第二类危险源分析.docx,HAZARD_FACTOR_REFERENCE_V1,1.6-reference,1.0000,accepted
LOCHF_6804c255a4ca2ffb07a1,LossOfControlCondition,工房温湿度不满足工艺要求,工房温湿度不满足工艺要求,温湿度不在工艺要求范围内；温湿度监测仪表损坏或未校准,"{""category_path"":""环境因素 > 作业环境"",""major_category"":""环境因素"",""major_code"":""4"",""reference_level"":""failure_mode"",""release_factor_count"":2,""release_factor_raw"":""温湿度不在工艺要求范围内；温湿度监测仪表损坏或未校准"",""subcategory"":""作业环境"",""subcategory_code"":""4.4""}",非密-第二类危险源分析.docx,HAZARD_FACTOR_REFERENCE_V1,1.6-reference,1.0000,accepted
LOCHF_688c85d479d28d7ed6a8,LossOfControlCondition,真空表失效,真空表失效,无法准确反映系统真空度,"{""category_path"":""工艺因素 > 真空度异常"",""major_category"":""工艺因素"",""major_code"":""2"",""reference_level"":""failure_mode"",""release_factor_count"":1,""release_factor_raw"":""无法准确反映系统真空度"",""subcategory"":""真空度异常"",""subcategory_code"":""2.4""}",非密-第二类危险源分析.docx,HAZARD_FACTOR_REFERENCE_V1,1.6-reference,1.0000,accepted
LOCHF_6928244546a3cc4d7cf3,LossOfControlCondition,搅拌电机故障,搅拌电机故障,无法正常驱动搅拌,"{""category_path"":""工艺因素 > 搅拌异常"",""major_category"":""工艺因素"",""major_code"":""2"",""reference_level"":""failure_mode"",""release_factor_count"":1,""release_factor_raw"":""无法正常驱动搅拌"",""subcategory"":""搅拌异常"",""subcategory_code"":""2.9""}",非密-第二类危险源分析.docx,HAZARD_FACTOR_REFERENCE_V1,1.6-reference,1.0000,accepted
LOCHF_6a0fdbc6e73dedd565aa,LossOfControlCondition,冷却速率过快,冷却速率过快,导致物料开裂、析晶或应力集中,"{""category_path"":""工艺因素 > 冷却速率异常"",""major_category"":""工艺因素"",""major_code"":""2"",""reference_level"":""failure_mode"",""release_factor_count"":1,""release_factor_raw"":""导致物料开裂、析晶或应力集中"",""subcategory"":""冷却速率异常"",""subcategory_code"":""2.2""}",非密-第二类危险源分析.docx,HAZARD_FACTOR_REFERENCE_V1,1.6-reference,1.0000,accepted
LOCHF_6affc989e0a1cc4f68e3,LossOfControlCondition,滞后动作,滞后动作,接收指令后响应延迟，启停、切换动作迟缓,"{""category_path"":""设备设施因素 > 开关启闭故障"",""major_category"":""设备设施因素"",""major_code"":""3"",""reference_level"":""failure_mode"",""release_factor_count"":1,""release_factor_raw"":""接收指令后响应延迟，启停、切换动作迟缓"",""subcategory"":""开关启闭故障"",""subcategory_code"":""3.2""}",非密-第二类危险源分析.docx,HAZARD_FACTOR_REFERENCE_V1,1.6-reference,1.0000,accepted
LOCHF_6da1f969cda2093037e7,LossOfControlCondition,电气绝缘故障（短路/开路）,电气绝缘故障（短路/开路）,线路、元器件断路、短路、击穿，回路失效,"{""category_path"":""设备设施因素 > 运行工况异常"",""major_category"":""设备设施因素"",""major_code"":""3"",""reference_level"":""failure_mode"",""release_factor_count"":1,""release_factor_raw"":""线路、元器件断路、短路、击穿，回路失效"",""subcategory"":""运行工况异常"",""subcategory_code"":""3.5""}",非密-第二类危险源分析.docx,HAZARD_FACTOR_REFERENCE_V1,1.6-reference,1.0000,accepted
LOCHF_6e1e1276b9076f06bb30,LossOfControlCondition,温度传感器失效,温度传感器失效,测量值偏差或信号丢失,"{""category_path"":""工艺因素 > 温度异常"",""major_category"":""工艺因素"",""major_code"":""2"",""reference_level"":""failure_mode"",""release_factor_count"":1,""release_factor_raw"":""测量值偏差或信号丢失"",""subcategory"":""温度异常"",""subcategory_code"":""2.1""}",非密-第二类危险源分析.docx,HAZARD_FACTOR_REFERENCE_V1,1.6-reference,1.0000,accepted
LOCHF_702f07f37027452aa9bb,LossOfControlCondition,进刀速度过慢,进刀速度过慢,摩擦时间延长,"{""category_path"":""工艺因素 > 进刀量异常"",""major_category"":""工艺因素"",""major_code"":""2"",""reference_level"":""failure_mode"",""release_factor_count"":1,""release_factor_raw"":""摩擦时间延长"",""subcategory"":""进刀量异常"",""subcategory_code"":""2.10""}",非密-第二类危险源分析.docx,HAZARD_FACTOR_REFERENCE_V1,1.6-reference,1.0000,accepted
LOCHF_71aa17d1d15288b4d93f,LossOfControlCondition,操作衔接错误,操作衔接错误,,"{""category_path"":""人的因素 > 人员操作"",""major_category"":""人的因素"",""major_code"":""1"",""reference_level"":""failure_mode"",""release_factor_count"":0,""release_factor_raw"":"""",""subcategory"":""人员操作"",""subcategory_code"":""1.1""}",非密-第二类危险源分析.docx,HAZARD_FACTOR_REFERENCE_V1,1.6-reference,1.0000,pending_review
LOCHF_72146974633980faf0a2,LossOfControlCondition,防雷设施失效,防雷设施失效,"工房未设置防雷设施或防雷设施未经检验；
工房未做等电位连接或失效；
工房防雷设施损坏或设计缺陷；
工房防直击雷击电阻超标；
防感应雷接地电阻超标","{""category_path"":""环境因素 > 防雷"",""major_category"":""环境因素"",""major_code"":""4"",""reference_level"":""failure_mode"",""release_factor_count"":5,""release_factor_raw"":""工房未设置防雷设施或防雷设施未经检验；\n工房未做等电位连接或失效；\n工房防雷设施损坏或设计缺陷；\n工房防直击雷击电阻超标；\n防感应雷接地电阻超标"",""subcategory"":""防雷"",""subcategory_code"":""4.1""}",非密-第二类危险源分析.docx,HAZARD_FACTOR_REFERENCE_V1,1.6-reference,1.0000,accepted
LOCHF_736f344bc33244d66193,LossOfControlCondition,密封圈老化损坏,密封圈老化损坏,造成压力泄漏,"{""category_path"":""工艺因素 > 压力异常"",""major_category"":""工艺因素"",""major_code"":""2"",""reference_level"":""failure_mode"",""release_factor_count"":1,""release_factor_raw"":""造成压力泄漏"",""subcategory"":""压力异常"",""subcategory_code"":""2.3""}",非密-第二类危险源分析.docx,HAZARD_FACTOR_REFERENCE_V1,1.6-reference,1.0000,accepted
LOCHF_7a0c4e1d8bb57372327f,LossOfControlCondition,误关闭,误关闭,正常运行工况下无故跳闸、停机、阀门意外关闭,"{""category_path"":""设备设施因素 > 开关启闭故障"",""major_category"":""设备设施因素"",""major_code"":""3"",""reference_level"":""failure_mode"",""release_factor_count"":1,""release_factor_raw"":""正常运行工况下无故跳闸、停机、阀门意外关闭"",""subcategory"":""开关启闭故障"",""subcategory_code"":""3.2""}",非密-第二类危险源分析.docx,HAZARD_FACTOR_REFERENCE_V1,1.6-reference,1.0000,accepted
LOCHF_7a0dbac31576ba148918,LossOfControlCondition,动火作业前，缺少清理危险物料方案,动火作业前，缺少清理危险物料方案,动火作业前，缺少针对物料特性、设备构造、生产现场实际制定的清理方案,"{""category_path"":""管理因素 > 动火作业"",""major_category"":""管理因素"",""major_code"":""5"",""reference_level"":""failure_mode"",""release_factor_count"":1,""release_factor_raw"":""动火作业前，缺少针对物料特性、设备构造、生产现场实际制定的清理方案"",""subcategory"":""动火作业"",""subcategory_code"":""5.1""}",非密-第二类危险源分析.docx,HAZARD_FACTOR_REFERENCE_V1,1.6-reference,1.0000,accepted
LOCHF_800350d5b17b385e61a8,LossOfControlCondition,进刀量波动,进刀量波动,加工过程不稳定,"{""category_path"":""工艺因素 > 进刀量异常"",""major_category"":""工艺因素"",""major_code"":""2"",""reference_level"":""failure_mode"",""release_factor_count"":1,""release_factor_raw"":""加工过程不稳定"",""subcategory"":""进刀量异常"",""subcategory_code"":""2.10""}",非密-第二类危险源分析.docx,HAZARD_FACTOR_REFERENCE_V1,1.6-reference,1.0000,accepted
LOCHF_811233e8058fb094975c,LossOfControlCondition,检维修作业前存有危险物料,检维修作业前存有危险物料,检维修作业前未彻底清理危险物料,"{""category_path"":""环境因素 > 作业环境"",""major_category"":""环境因素"",""major_code"":""4"",""reference_level"":""failure_mode"",""release_factor_count"":1,""release_factor_raw"":""检维修作业前未彻底清理危险物料"",""subcategory"":""作业环境"",""subcategory_code"":""4.4""}",非密-第二类危险源分析.docx,HAZARD_FACTOR_REFERENCE_V1,1.6-reference,1.0000,accepted
LOCHF_8162a513c1b8b6f81a4d,LossOfControlCondition,搅拌时间过长,搅拌时间过长,可能引起升温或物料性能变化,"{""category_path"":""工艺因素 > 搅拌异常"",""major_category"":""工艺因素"",""major_code"":""2"",""reference_level"":""failure_mode"",""release_factor_count"":1,""release_factor_raw"":""可能引起升温或物料性能变化"",""subcategory"":""搅拌异常"",""subcategory_code"":""2.9""}",非密-第二类危险源分析.docx,HAZARD_FACTOR_REFERENCE_V1,1.6-reference,1.0000,accepted
LOCHF_81b89b164c05c31303ef,LossOfControlCondition,阀门卡滞,阀门卡滞,流量无法按要求调节,"{""category_path"":""工艺因素 > 流量异常"",""major_category"":""工艺因素"",""major_code"":""2"",""reference_level"":""failure_mode"",""release_factor_count"":1,""release_factor_raw"":""流量无法按要求调节"",""subcategory"":""流量异常"",""subcategory_code"":""2.5""}",非密-第二类危险源分析.docx,HAZARD_FACTOR_REFERENCE_V1,1.6-reference,1.0000,accepted
LOCHF_8207559ea290cc2ecaec,LossOfControlCondition,误开启,误开启,无操作指令、无触发条件，设备自行启动、意外动作,"{""category_path"":""设备设施因素 > 开关启闭故障"",""major_category"":""设备设施因素"",""major_code"":""3"",""reference_level"":""failure_mode"",""release_factor_count"":1,""release_factor_raw"":""无操作指令、无触发条件，设备自行启动、意外动作"",""subcategory"":""开关启闭故障"",""subcategory_code"":""3.2""}",非密-第二类危险源分析.docx,HAZARD_FACTOR_REFERENCE_V1,1.6-reference,1.0000,accepted
LOCHF_82ea34de1701b7ded1dd,LossOfControlCondition,安全防护不到位/失效/未开启,安全防护不到位/失效/未开启,未穿戴防护用品；未固定在工装，或固定不稳、固定不牢；未开启局部除尘装置；固定装置失效,"{""category_path"":""人的因素 > 其他"",""major_category"":""人的因素"",""major_code"":""1"",""reference_level"":""failure_mode"",""release_factor_count"":4,""release_factor_raw"":""未穿戴防护用品；未固定在工装，或固定不稳、固定不牢；未开启局部除尘装置；固定装置失效"",""subcategory"":""其他"",""subcategory_code"":""1.3""}",非密-第二类危险源分析.docx,HAZARD_FACTOR_REFERENCE_V1,1.6-reference,1.0000,accepted
LOCHF_84dedb9024971c076750,LossOfControlCondition,搅拌桨叶断裂变形,搅拌桨叶断裂变形,搅拌能力下降或产生异物，造成摩擦、冲击,"{""category_path"":""工艺因素 > 搅拌异常"",""major_category"":""工艺因素"",""major_code"":""2"",""reference_level"":""failure_mode"",""release_factor_count"":1,""release_factor_raw"":""搅拌能力下降或产生异物，造成摩擦、冲击"",""subcategory"":""搅拌异常"",""subcategory_code"":""2.9""}",非密-第二类危险源分析.docx,HAZARD_FACTOR_REFERENCE_V1,1.6-reference,1.0000,accepted
LOCHF_867d288680615c774d8a,LossOfControlCondition,放置位置错误,放置位置错误,物料未放置到指定工位,"{""category_path"":""工艺因素 > 物料位置异常"",""major_category"":""工艺因素"",""major_code"":""2"",""reference_level"":""failure_mode"",""release_factor_count"":1,""release_factor_raw"":""物料未放置到指定工位"",""subcategory"":""物料位置异常"",""subcategory_code"":""2.7""}",非密-第二类危险源分析.docx,HAZARD_FACTOR_REFERENCE_V1,1.6-reference,1.0000,accepted
LOCHF_872ef013e742bcc865a5,LossOfControlCondition,机械卡滞,机械卡滞,瞬时载荷急剧增大,"{""category_path"":""工艺因素 > 载荷异常"",""major_category"":""工艺因素"",""major_code"":""2"",""reference_level"":""failure_mode"",""release_factor_count"":1,""release_factor_raw"":""瞬时载荷急剧增大"",""subcategory"":""载荷异常"",""subcategory_code"":""2.8""}",非密-第二类危险源分析.docx,HAZARD_FACTOR_REFERENCE_V1,1.6-reference,1.0000,accepted
LOCHF_88100da5fdcfc52483e0,LossOfControlCondition,换热器结垢失效,换热器结垢失效,换热效率降低,"{""category_path"":""工艺因素 > 冷却速率异常"",""major_category"":""工艺因素"",""major_code"":""2"",""reference_level"":""failure_mode"",""release_factor_count"":1,""release_factor_raw"":""换热效率降低"",""subcategory"":""冷却速率异常"",""subcategory_code"":""2.2""}",非密-第二类危险源分析.docx,HAZARD_FACTOR_REFERENCE_V1,1.6-reference,1.0000,accepted
LOCHF_89267cfb8c929bf19ad0,LossOfControlCondition,输出紊乱,输出紊乱,转速、流量、出力忽高忽低，运行波动剧烈,"{""category_path"":""设备设施因素 > 运行工况异常"",""major_category"":""设备设施因素"",""major_code"":""3"",""reference_level"":""failure_mode"",""release_factor_count"":1,""release_factor_raw"":""转速、流量、出力忽高忽低，运行波动剧烈"",""subcategory"":""运行工况异常"",""subcategory_code"":""3.5""}",非密-第二类危险源分析.docx,HAZARD_FACTOR_REFERENCE_V1,1.6-reference,1.0000,accepted
LOCHF_893ab4e4d19f3bd49446,LossOfControlCondition,外部泄漏,外部泄漏,漏油、漏水、漏气、漏物料，介质向外渗漏,"{""category_path"":""设备设施因素 > 泄漏与堵塞故障"",""major_category"":""设备设施因素"",""major_code"":""3"",""reference_level"":""failure_mode"",""release_factor_count"":1,""release_factor_raw"":""漏油、漏水、漏气、漏物料，介质向外渗漏"",""subcategory"":""泄漏与堵塞故障"",""subcategory_code"":""3.3""}",非密-第二类危险源分析.docx,HAZARD_FACTOR_REFERENCE_V1,1.6-reference,1.0000,accepted
LOCHF_8a2b5a80b4dfa8a62794,LossOfControlCondition,仪表错指示,仪表错指示,传感器、压力表、数显仪表示数失真、虚高虚低、误报警,"{""category_path"":""设备设施因素 > 参数超限故障"",""major_category"":""设备设施因素"",""major_code"":""3"",""reference_level"":""failure_mode"",""release_factor_count"":1,""release_factor_raw"":""传感器、压力表、数显仪表示数失真、虚高虚低、误报警"",""subcategory"":""参数超限故障"",""subcategory_code"":""3.4""}",非密-第二类危险源分析.docx,HAZARD_FACTOR_REFERENCE_V1,1.6-reference,1.0000,accepted
LOCHF_8a310762ba8651d2dc18,LossOfControlCondition,搅拌负荷异常增大,搅拌负荷异常增大,物料结块或堵塞,"{""category_path"":""工艺因素 > 搅拌异常"",""major_category"":""工艺因素"",""major_code"":""2"",""reference_level"":""failure_mode"",""release_factor_count"":1,""release_factor_raw"":""物料结块或堵塞"",""subcategory"":""搅拌异常"",""subcategory_code"":""2.9""}",非密-第二类危险源分析.docx,HAZARD_FACTOR_REFERENCE_V1,1.6-reference,1.0000,accepted
LOCHF_8a89da200f0fe87d7a57,LossOfControlCondition,压力表不准确,压力表不准确,指示失真导致误操作,"{""category_path"":""工艺因素 > 压力异常"",""major_category"":""工艺因素"",""major_code"":""2"",""reference_level"":""failure_mode"",""release_factor_count"":1,""release_factor_raw"":""指示失真导致误操作"",""subcategory"":""压力异常"",""subcategory_code"":""2.3""}",非密-第二类危险源分析.docx,HAZARD_FACTOR_REFERENCE_V1,1.6-reference,1.0000,accepted
LOCHF_8b9b07287b78d5e9937d,LossOfControlCondition,工装破损漏气,工装破损漏气,系统无法维持设计压力,"{""category_path"":""工艺因素 > 压力异常"",""major_category"":""工艺因素"",""major_code"":""2"",""reference_level"":""failure_mode"",""release_factor_count"":1,""release_factor_raw"":""系统无法维持设计压力"",""subcategory"":""压力异常"",""subcategory_code"":""2.3""}",非密-第二类危险源分析.docx,HAZARD_FACTOR_REFERENCE_V1,1.6-reference,1.0000,accepted
LOCHF_8c8469d1888fc09acc2f,LossOfControlCondition,接地线接地不规范、不牢固,接地线接地不规范、不牢固,"接地线线径过细或材质不符合要求；
接地连接点未采取防松、防锈措施","{""category_path"":""环境因素 > 防静电"",""major_category"":""环境因素"",""major_code"":""4"",""reference_level"":""failure_mode"",""release_factor_count"":2,""release_factor_raw"":""接地线线径过细或材质不符合要求；\n接地连接点未采取防松、防锈措施"",""subcategory"":""防静电"",""subcategory_code"":""4.2""}",非密-第二类危险源分析.docx,HAZARD_FACTOR_REFERENCE_V1,1.6-reference,1.0000,accepted
LOCHF_8d9dfc002f08b2d0f1f8,LossOfControlCondition,物料掉落,物料掉落,从工装、输送装置或吊具脱落,"{""category_path"":""工艺因素 > 物料位置异常"",""major_category"":""工艺因素"",""major_code"":""2"",""reference_level"":""failure_mode"",""release_factor_count"":1,""release_factor_raw"":""从工装、输送装置或吊具脱落"",""subcategory"":""物料位置异常"",""subcategory_code"":""2.7""}",非密-第二类危险源分析.docx,HAZARD_FACTOR_REFERENCE_V1,1.6-reference,1.0000,accepted
LOCHF_8e97d8652c0ab8b580e6,LossOfControlCondition,真空度波动,真空度波动,真空状态不稳定,"{""category_path"":""工艺因素 > 真空度异常"",""major_category"":""工艺因素"",""major_code"":""2"",""reference_level"":""failure_mode"",""release_factor_count"":1,""release_factor_raw"":""真空状态不稳定"",""subcategory"":""真空度异常"",""subcategory_code"":""2.4""}",非密-第二类危险源分析.docx,HAZARD_FACTOR_REFERENCE_V1,1.6-reference,1.0000,accepted
LOCHF_8fbf4e2c0d177f5e0aab,LossOfControlCondition,联锁保护失效,联锁保护失效,超速状态未及时停机,"{""category_path"":""工艺因素 > 转速异常"",""major_category"":""工艺因素"",""major_code"":""2"",""reference_level"":""failure_mode"",""release_factor_count"":1,""release_factor_raw"":""超速状态未及时停机"",""subcategory"":""转速异常"",""subcategory_code"":""2.11""}",非密-第二类危险源分析.docx,HAZARD_FACTOR_REFERENCE_V1,1.6-reference,1.0000,accepted
LOCHF_913ef37be253cea03388,LossOfControlCondition,夹具松动,夹具松动,物料在转移或加工过程中发生位移,"{""category_path"":""工艺因素 > 物料位置异常"",""major_category"":""工艺因素"",""major_code"":""2"",""reference_level"":""failure_mode"",""release_factor_count"":1,""release_factor_raw"":""物料在转移或加工过程中发生位移"",""subcategory"":""物料位置异常"",""subcategory_code"":""2.7""}",非密-第二类危险源分析.docx,HAZARD_FACTOR_REFERENCE_V1,1.6-reference,1.0000,accepted
LOCHF_915e362e24564e934572,LossOfControlCondition,突然温升,突然温升,热失控征兆,"{""category_path"":""工艺因素 > 温度异常"",""major_category"":""工艺因素"",""major_code"":""2"",""reference_level"":""failure_mode"",""release_factor_count"":1,""release_factor_raw"":""热失控征兆"",""subcategory"":""温度异常"",""subcategory_code"":""2.1""}",非密-第二类危险源分析.docx,HAZARD_FACTOR_REFERENCE_V1,1.6-reference,1.0000,accepted
LOCHF_929d13cfa1579b85f961,LossOfControlCondition,真空联锁失效,真空联锁失效,未达到真空要求仍继续运行,"{""category_path"":""工艺因素 > 真空度异常"",""major_category"":""工艺因素"",""major_code"":""2"",""reference_level"":""failure_mode"",""release_factor_count"":1,""release_factor_raw"":""未达到真空要求仍继续运行"",""subcategory"":""真空度异常"",""subcategory_code"":""2.4""}",非密-第二类危险源分析.docx,HAZARD_FACTOR_REFERENCE_V1,1.6-reference,1.0000,accepted
LOCHF_96fae047f375299c4fda,LossOfControlCondition,刀具安装松动,刀具安装松动,实际进刀深度变化,"{""category_path"":""工艺因素 > 进刀量异常"",""major_category"":""工艺因素"",""major_code"":""2"",""reference_level"":""failure_mode"",""release_factor_count"":1,""release_factor_raw"":""实际进刀深度变化"",""subcategory"":""进刀量异常"",""subcategory_code"":""2.10""}",非密-第二类危险源分析.docx,HAZARD_FACTOR_REFERENCE_V1,1.6-reference,1.0000,accepted
LOCHF_9772679d25bd163030a1,LossOfControlCondition,刀具材质选择错误,刀具材质选择错误,使用发火材质刀具，增加火花产生风险,"{""category_path"":""工艺因素 > 进刀量异常"",""major_category"":""工艺因素"",""major_code"":""2"",""reference_level"":""failure_mode"",""release_factor_count"":1,""release_factor_raw"":""使用发火材质刀具，增加火花产生风险"",""subcategory"":""进刀量异常"",""subcategory_code"":""2.10""}",非密-第二类危险源分析.docx,HAZARD_FACTOR_REFERENCE_V1,1.6-reference,1.0000,accepted
LOCHF_99d1ae334f768f049896,LossOfControlCondition,压力释放不完全,压力释放不完全,系统残压存在,"{""category_path"":""工艺因素 > 压力异常"",""major_category"":""工艺因素"",""major_code"":""2"",""reference_level"":""failure_mode"",""release_factor_count"":1,""release_factor_raw"":""系统残压存在"",""subcategory"":""压力异常"",""subcategory_code"":""2.3""}",非密-第二类危险源分析.docx,HAZARD_FACTOR_REFERENCE_V1,1.6-reference,1.0000,accepted
LOCHF_99f9b22871c0f342f0b3,LossOfControlCondition,料位上升过快,料位上升过快,存在静电、溢料风险,"{""category_path"":""工艺因素 > 容器内料位异常"",""major_category"":""工艺因素"",""major_code"":""2"",""reference_level"":""failure_mode"",""release_factor_count"":1,""release_factor_raw"":""存在静电、溢料风险"",""subcategory"":""容器内料位异常"",""subcategory_code"":""2.6""}",非密-第二类危险源分析.docx,HAZARD_FACTOR_REFERENCE_V1,1.6-reference,1.0000,accepted
LOCHF_9a115110432354dfa09f,LossOfControlCondition,进刀速度过快,进刀速度过快,冲击载荷增大,"{""category_path"":""工艺因素 > 进刀量异常"",""major_category"":""工艺因素"",""major_code"":""2"",""reference_level"":""failure_mode"",""release_factor_count"":1,""release_factor_raw"":""冲击载荷增大"",""subcategory"":""进刀量异常"",""subcategory_code"":""2.10""}",非密-第二类危险源分析.docx,HAZARD_FACTOR_REFERENCE_V1,1.6-reference,1.0000,accepted
LOCHF_9a3c4fcdd95f3f00862a,LossOfControlCondition,位置偏移,位置偏移,工位、行程、基准位置跑偏，无法保持设定安装/运行位置,"{""category_path"":""设备设施因素 > 结构与机械损坏"",""major_category"":""设备设施因素"",""major_code"":""3"",""reference_level"":""failure_mode"",""release_factor_count"":1,""release_factor_raw"":""工位、行程、基准位置跑偏，无法保持设定安装/运行位置"",""subcategory"":""结构与机械损坏"",""subcategory_code"":""3.1""}",非密-第二类危险源分析.docx,HAZARD_FACTOR_REFERENCE_V1,1.6-reference,1.0000,accepted
LOCHF_9a7ea532ce7ff70422b2,LossOfControlCondition,防爆叉车、起重机等操作人员资格证缺失,防爆叉车、起重机等操作人员资格证缺失,防爆叉车、起重机等操作人员无资格证、或资格证过有效期,"{""category_path"":""管理因素 > 特种设备管理"",""major_category"":""管理因素"",""major_code"":""5"",""reference_level"":""failure_mode"",""release_factor_count"":1,""release_factor_raw"":""防爆叉车、起重机等操作人员无资格证、或资格证过有效期"",""subcategory"":""特种设备管理"",""subcategory_code"":""5.3""}",非密-第二类危险源分析.docx,HAZARD_FACTOR_REFERENCE_V1,1.6-reference,1.0000,accepted
LOCHF_9b10f7f372fcacd7e2d7,LossOfControlCondition,异物进入导轨,异物进入导轨,影响进给精度,"{""category_path"":""工艺因素 > 进刀量异常"",""major_category"":""工艺因素"",""major_code"":""2"",""reference_level"":""failure_mode"",""release_factor_count"":1,""release_factor_raw"":""影响进给精度"",""subcategory"":""进刀量异常"",""subcategory_code"":""2.10""}",非密-第二类危险源分析.docx,HAZARD_FACTOR_REFERENCE_V1,1.6-reference,1.0000,accepted
LOCHF_9b9861248a2997148a3a,LossOfControlCondition,设备进出线管接口有缺陷,设备进出线管接口有缺陷,设备进出线管接口有破损、松动现象,"{""category_path"":""环境因素 > 电气设备"",""major_category"":""环境因素"",""major_code"":""4"",""reference_level"":""failure_mode"",""release_factor_count"":1,""release_factor_raw"":""设备进出线管接口有破损、松动现象"",""subcategory"":""电气设备"",""subcategory_code"":""4.3""}",非密-第二类危险源分析.docx,HAZARD_FACTOR_REFERENCE_V1,1.6-reference,1.0000,accepted
LOCHF_9cac2a8f252fab13ca71,LossOfControlCondition,电机调速器故障,电机调速器故障,转速无法稳定控制,"{""category_path"":""工艺因素 > 转速异常"",""major_category"":""工艺因素"",""major_code"":""2"",""reference_level"":""failure_mode"",""release_factor_count"":1,""release_factor_raw"":""转速无法稳定控制"",""subcategory"":""转速异常"",""subcategory_code"":""2.11""}",非密-第二类危险源分析.docx,HAZARD_FACTOR_REFERENCE_V1,1.6-reference,1.0000,accepted
LOCHF_9d490c668bda6bda7962,LossOfControlCondition,磨损剥落,磨损剥落,配合面磨耗、点蚀、表层起皮、剥落，配合间隙异常变大,"{""category_path"":""设备设施因素 > 结构与机械损坏"",""major_category"":""设备设施因素"",""major_code"":""3"",""reference_level"":""failure_mode"",""release_factor_count"":1,""release_factor_raw"":""配合面磨耗、点蚀、表层起皮、剥落，配合间隙异常变大"",""subcategory"":""结构与机械损坏"",""subcategory_code"":""3.1""}",非密-第二类危险源分析.docx,HAZARD_FACTOR_REFERENCE_V1,1.6-reference,1.0000,accepted
LOCHF_9e7054e3d1aa05fd467e,LossOfControlCondition,作业人员资质问题,作业人员资质问题,"特种作业人员证件已过期未复审；
人证不符；
外部相关方人员未经过入厂安全培训考核","{""category_path"":""管理因素 > 动火作业"",""major_category"":""管理因素"",""major_code"":""5"",""reference_level"":""failure_mode"",""release_factor_count"":3,""release_factor_raw"":""特种作业人员证件已过期未复审；\n人证不符；\n外部相关方人员未经过入厂安全培训考核"",""subcategory"":""动火作业"",""subcategory_code"":""5.1""}",非密-第二类危险源分析.docx,HAZARD_FACTOR_REFERENCE_V1,1.6-reference,1.0000,accepted
LOCHF_9e92e0fe88bbdfd8d6a5,LossOfControlCondition,过热超温,过热超温,轴承、电机绕组、腔体、元器件异常升温、超温报警,"{""category_path"":""设备设施因素 > 参数超限故障"",""major_category"":""设备设施因素"",""major_code"":""3"",""reference_level"":""failure_mode"",""release_factor_count"":1,""release_factor_raw"":""轴承、电机绕组、腔体、元器件异常升温、超温报警"",""subcategory"":""参数超限故障"",""subcategory_code"":""3.4""}",非密-第二类危险源分析.docx,HAZARD_FACTOR_REFERENCE_V1,1.6-reference,1.0000,accepted
LOCHF_9e9b2748884b3a4bc826,LossOfControlCondition,操作规程不完整、文实不符,操作规程不完整、文实不符,新设备、新工艺投入使用后，未及时同步编制或修订操作规程,"{""category_path"":""管理因素 > 安全管理"",""major_category"":""管理因素"",""major_code"":""5"",""reference_level"":""failure_mode"",""release_factor_count"":1,""release_factor_raw"":""新设备、新工艺投入使用后，未及时同步编制或修订操作规程"",""subcategory"":""安全管理"",""subcategory_code"":""5.4""}",非密-第二类危险源分析.docx,HAZARD_FACTOR_REFERENCE_V1,1.6-reference,1.0000,accepted
LOCHF_9ef0963129716d1c1894,LossOfControlCondition,换热器结垢堵塞,换热器结垢堵塞,热交换能力降低,"{""category_path"":""工艺因素 > 温度异常"",""major_category"":""工艺因素"",""major_code"":""2"",""reference_level"":""failure_mode"",""release_factor_count"":1,""release_factor_raw"":""热交换能力降低"",""subcategory"":""温度异常"",""subcategory_code"":""2.1""}",非密-第二类危险源分析.docx,HAZARD_FACTOR_REFERENCE_V1,1.6-reference,1.0000,accepted
LOCHF_9ffec200589459a83794,LossOfControlCondition,温度控制装置失效,温度控制装置失效,温控器故障导致无法调节温度,"{""category_path"":""工艺因素 > 温度异常"",""major_category"":""工艺因素"",""major_code"":""2"",""reference_level"":""failure_mode"",""release_factor_count"":1,""release_factor_raw"":""温控器故障导致无法调节温度"",""subcategory"":""温度异常"",""subcategory_code"":""2.1""}",非密-第二类危险源分析.docx,HAZARD_FACTOR_REFERENCE_V1,1.6-reference,1.0000,accepted
LOCHF_a034279aec77f598934a,LossOfControlCondition,气堵/气阻,气堵/气阻,管路腔体积气，造成断流、压力不稳、输送中断,"{""category_path"":""设备设施因素 > 泄漏与堵塞故障"",""major_category"":""设备设施因素"",""major_code"":""3"",""reference_level"":""failure_mode"",""release_factor_count"":1,""release_factor_raw"":""管路腔体积气，造成断流、压力不稳、输送中断"",""subcategory"":""泄漏与堵塞故障"",""subcategory_code"":""3.3""}",非密-第二类危险源分析.docx,HAZARD_FACTOR_REFERENCE_V1,1.6-reference,1.0000,accepted
LOCHF_a3695d445be92c295cc3,LossOfControlCondition,突然进刀,突然进刀,产生机械冲击,"{""category_path"":""工艺因素 > 进刀量异常"",""major_category"":""工艺因素"",""major_code"":""2"",""reference_level"":""failure_mode"",""release_factor_count"":1,""release_factor_raw"":""产生机械冲击"",""subcategory"":""进刀量异常"",""subcategory_code"":""2.10""}",非密-第二类危险源分析.docx,HAZARD_FACTOR_REFERENCE_V1,1.6-reference,1.0000,accepted
LOCHF_a39f4e72aef644404df7,LossOfControlCondition,机械卡滞,机械卡滞,转速骤降甚至停转,"{""category_path"":""工艺因素 > 转速异常"",""major_category"":""工艺因素"",""major_code"":""2"",""reference_level"":""failure_mode"",""release_factor_count"":1,""release_factor_raw"":""转速骤降甚至停转"",""subcategory"":""转速异常"",""subcategory_code"":""2.11""}",非密-第二类危险源分析.docx,HAZARD_FACTOR_REFERENCE_V1,1.6-reference,1.0000,accepted
LOCHF_a3cb32195785f198b16e,LossOfControlCondition,流量计失效,流量计失效,无法准确监测流量,"{""category_path"":""工艺因素 > 流量异常"",""major_category"":""工艺因素"",""major_code"":""2"",""reference_level"":""failure_mode"",""release_factor_count"":1,""release_factor_raw"":""无法准确监测流量"",""subcategory"":""流量异常"",""subcategory_code"":""2.5""}",非密-第二类危险源分析.docx,HAZARD_FACTOR_REFERENCE_V1,1.6-reference,1.0000,accepted
LOCHF_a78d39b361145cb2a44a,LossOfControlCondition,齿轮磨损,齿轮磨损,转速传递偏差,"{""category_path"":""工艺因素 > 转速异常"",""major_category"":""工艺因素"",""major_code"":""2"",""reference_level"":""failure_mode"",""release_factor_count"":1,""release_factor_raw"":""转速传递偏差"",""subcategory"":""转速异常"",""subcategory_code"":""2.11""}",非密-第二类危险源分析.docx,HAZARD_FACTOR_REFERENCE_V1,1.6-reference,1.0000,accepted
LOCHF_a8d01d00b495e2c665c4,LossOfControlCondition,调压阀故障,调压阀故障,输出压力超限或不足,"{""category_path"":""工艺因素 > 压力异常"",""major_category"":""工艺因素"",""major_code"":""2"",""reference_level"":""failure_mode"",""release_factor_count"":1,""release_factor_raw"":""输出压力超限或不足"",""subcategory"":""压力异常"",""subcategory_code"":""2.3""}",非密-第二类危险源分析.docx,HAZARD_FACTOR_REFERENCE_V1,1.6-reference,1.0000,accepted
LOCHF_a8da17d64442aca0a8cd,LossOfControlCondition,内部泄漏,内部泄漏,阀腔、密封、腔体内部窜压、窜料，内漏超标,"{""category_path"":""设备设施因素 > 泄漏与堵塞故障"",""major_category"":""设备设施因素"",""major_code"":""3"",""reference_level"":""failure_mode"",""release_factor_count"":1,""release_factor_raw"":""阀腔、密封、腔体内部窜压、窜料，内漏超标"",""subcategory"":""泄漏与堵塞故障"",""subcategory_code"":""3.3""}",非密-第二类危险源分析.docx,HAZARD_FACTOR_REFERENCE_V1,1.6-reference,1.0000,accepted
LOCHF_ab6a1eda37ba7d7fddaf,LossOfControlCondition,工艺平面布局不符合要求,工艺平面布局不符合要求,工艺平面布局不符合GF/T-8要求,"{""category_path"":""环境因素 > 作业环境"",""major_category"":""环境因素"",""major_code"":""4"",""reference_level"":""failure_mode"",""release_factor_count"":1,""release_factor_raw"":""工艺平面布局不符合GF/T-8要求"",""subcategory"":""作业环境"",""subcategory_code"":""4.4""}",非密-第二类危险源分析.docx,HAZARD_FACTOR_REFERENCE_V1,1.6-reference,1.0000,accepted
LOCHF_acd46394bed70da42f23,LossOfControlCondition,排气系统堵塞,排气系统堵塞,导致设备超压,"{""category_path"":""工艺因素 > 压力异常"",""major_category"":""工艺因素"",""major_code"":""2"",""reference_level"":""failure_mode"",""release_factor_count"":1,""release_factor_raw"":""导致设备超压"",""subcategory"":""压力异常"",""subcategory_code"":""2.3""}",非密-第二类危险源分析.docx,HAZARD_FACTOR_REFERENCE_V1,1.6-reference,1.0000,accepted
LOCHF_ad8b2ee2d390980714c9,LossOfControlCondition,操作对象错误,操作对象错误,加料种类/规格错误,"{""category_path"":""人的因素 > 人员操作"",""major_category"":""人的因素"",""major_code"":""1"",""reference_level"":""failure_mode"",""release_factor_count"":1,""release_factor_raw"":""加料种类/规格错误"",""subcategory"":""人员操作"",""subcategory_code"":""1.1""}",非密-第二类危险源分析.docx,HAZARD_FACTOR_REFERENCE_V1,1.6-reference,1.0000,accepted
LOCHF_af1cb015d88337cfdab6,LossOfControlCondition,退刀异常,退刀异常,造成刮擦或碰撞,"{""category_path"":""工艺因素 > 进刀量异常"",""major_category"":""工艺因素"",""major_code"":""2"",""reference_level"":""failure_mode"",""release_factor_count"":1,""release_factor_raw"":""造成刮擦或碰撞"",""subcategory"":""进刀量异常"",""subcategory_code"":""2.10""}",非密-第二类危险源分析.docx,HAZARD_FACTOR_REFERENCE_V1,1.6-reference,1.0000,accepted
LOCHF_b11ea223b54c53a0509a,LossOfControlCondition,温度分布不均,温度分布不均,局部热点形成导致物料受热不均,"{""category_path"":""工艺因素 > 温度异常"",""major_category"":""工艺因素"",""major_code"":""2"",""reference_level"":""failure_mode"",""release_factor_count"":1,""release_factor_raw"":""局部热点形成导致物料受热不均"",""subcategory"":""温度异常"",""subcategory_code"":""2.1""}",非密-第二类危险源分析.docx,HAZARD_FACTOR_REFERENCE_V1,1.6-reference,1.0000,accepted
LOCHF_b2c98d3f2edc60e72bed,LossOfControlCondition,流量波动,流量波动,输送过程不稳定,"{""category_path"":""工艺因素 > 流量异常"",""major_category"":""工艺因素"",""major_code"":""2"",""reference_level"":""failure_mode"",""release_factor_count"":1,""release_factor_raw"":""输送过程不稳定"",""subcategory"":""流量异常"",""subcategory_code"":""2.5""}",非密-第二类危险源分析.docx,HAZARD_FACTOR_REFERENCE_V1,1.6-reference,1.0000,accepted
LOCHF_b3a7e7e239eedc91aa57,LossOfControlCondition,安全泄放装置失效,安全泄放装置失效,超压时无法及时泄压,"{""category_path"":""工艺因素 > 压力异常"",""major_category"":""工艺因素"",""major_code"":""2"",""reference_level"":""failure_mode"",""release_factor_count"":1,""release_factor_raw"":""超压时无法及时泄压"",""subcategory"":""压力异常"",""subcategory_code"":""2.3""}",非密-第二类危险源分析.docx,HAZARD_FACTOR_REFERENCE_V1,1.6-reference,1.0000,accepted
LOCHF_b520042300f75bc92d05,LossOfControlCondition,提前动作,提前动作,未达到设定温度、压力、时间条件，设备提前启停动作,"{""category_path"":""设备设施因素 > 开关启闭故障"",""major_category"":""设备设施因素"",""major_code"":""3"",""reference_level"":""failure_mode"",""release_factor_count"":1,""release_factor_raw"":""未达到设定温度、压力、时间条件，设备提前启停动作"",""subcategory"":""开关启闭故障"",""subcategory_code"":""3.2""}",非密-第二类危险源分析.docx,HAZARD_FACTOR_REFERENCE_V1,1.6-reference,1.0000,accepted
LOCHF_b603659003a4035dc887,LossOfControlCondition,自动控制系统故障,自动控制系统故障,无法按设定工艺运行,"{""category_path"":""工艺因素 > 搅拌异常"",""major_category"":""工艺因素"",""major_code"":""2"",""reference_level"":""failure_mode"",""release_factor_count"":1,""release_factor_raw"":""无法按设定工艺运行"",""subcategory"":""搅拌异常"",""subcategory_code"":""2.9""}",非密-第二类危险源分析.docx,HAZARD_FACTOR_REFERENCE_V1,1.6-reference,1.0000,accepted
LOCHF_b67a6a673ef5fd2dcbb5,LossOfControlCondition,刀具磨损,刀具磨损,实际加工量发生偏差,"{""category_path"":""工艺因素 > 进刀量异常"",""major_category"":""工艺因素"",""major_code"":""2"",""reference_level"":""failure_mode"",""release_factor_count"":1,""release_factor_raw"":""实际加工量发生偏差"",""subcategory"":""进刀量异常"",""subcategory_code"":""2.10""}",非密-第二类危险源分析.docx,HAZARD_FACTOR_REFERENCE_V1,1.6-reference,1.0000,accepted
LOCHF_ba2223635b89feaedc27,LossOfControlCondition,载荷传感器失效,载荷传感器失效,无法准确监测负荷,"{""category_path"":""工艺因素 > 载荷异常"",""major_category"":""工艺因素"",""major_code"":""2"",""reference_level"":""failure_mode"",""release_factor_count"":1,""release_factor_raw"":""无法准确监测负荷"",""subcategory"":""载荷异常"",""subcategory_code"":""2.8""}",非密-第二类危险源分析.docx,HAZARD_FACTOR_REFERENCE_V1,1.6-reference,1.0000,accepted
LOCHF_ba2ed0336b9a54c6064e,LossOfControlCondition,结构破损/断裂,结构破损/断裂,设备壳体、轴类、支架、焊缝开裂、断裂、碎裂，结构完整性失效,"{""category_path"":""设备设施因素 > 结构与机械损坏"",""major_category"":""设备设施因素"",""major_code"":""3"",""reference_level"":""failure_mode"",""release_factor_count"":1,""release_factor_raw"":""设备壳体、轴类、支架、焊缝开裂、断裂、碎裂，结构完整性失效"",""subcategory"":""结构与机械损坏"",""subcategory_code"":""3.1""}",非密-第二类危险源分析.docx,HAZARD_FACTOR_REFERENCE_V1,1.6-reference,1.0000,accepted
LOCHF_bc8984a0ce25400d6853,LossOfControlCondition,进刀量过小,进刀量过小,刀具与工件持续摩擦,"{""category_path"":""工艺因素 > 进刀量异常"",""major_category"":""工艺因素"",""major_code"":""2"",""reference_level"":""failure_mode"",""release_factor_count"":1,""release_factor_raw"":""刀具与工件持续摩擦"",""subcategory"":""进刀量异常"",""subcategory_code"":""2.10""}",非密-第二类危险源分析.docx,HAZARD_FACTOR_REFERENCE_V1,1.6-reference,1.0000,accepted
LOCHF_c008a6bda7b434d47af4,LossOfControlCondition,间歇故障,间歇故障,故障偶发、时好时坏，间断性停机、失效、动作异常,"{""category_path"":""设备设施因素 > 运行工况异常"",""major_category"":""设备设施因素"",""major_code"":""3"",""reference_level"":""failure_mode"",""release_factor_count"":1,""release_factor_raw"":""故障偶发、时好时坏，间断性停机、失效、动作异常"",""subcategory"":""运行工况异常"",""subcategory_code"":""3.5""}",非密-第二类危险源分析.docx,HAZARD_FACTOR_REFERENCE_V1,1.6-reference,1.0000,accepted
LOCHF_c0f9ea72ceca71cfb92f,LossOfControlCondition,审批流程不符合规范,审批流程不符合规范,"审批层级未达规定要求；
审批表内容不完整","{""category_path"":""管理因素 > 动火作业"",""major_category"":""管理因素"",""major_code"":""5"",""reference_level"":""failure_mode"",""release_factor_count"":2,""release_factor_raw"":""审批层级未达规定要求；\n审批表内容不完整"",""subcategory"":""动火作业"",""subcategory_code"":""5.1""}",非密-第二类危险源分析.docx,HAZARD_FACTOR_REFERENCE_V1,1.6-reference,1.0000,accepted
LOCHF_c13a90ce47206ff01419,LossOfControlCondition,管路泄漏,管路泄漏,介质损失导致实际流量不足,"{""category_path"":""工艺因素 > 流量异常"",""major_category"":""工艺因素"",""major_code"":""2"",""reference_level"":""failure_mode"",""release_factor_count"":1,""release_factor_raw"":""介质损失导致实际流量不足"",""subcategory"":""流量异常"",""subcategory_code"":""2.5""}",非密-第二类危险源分析.docx,HAZARD_FACTOR_REFERENCE_V1,1.6-reference,1.0000,accepted
LOCHF_c1d75da6b7bd2e3235b5,LossOfControlCondition,未正确穿戴防静电护具,未正确穿戴防静电护具,未正确穿戴防静电鞋服等防静电护具,"{""category_path"":""环境因素 > 防静电"",""major_category"":""环境因素"",""major_code"":""4"",""reference_level"":""failure_mode"",""release_factor_count"":1,""release_factor_raw"":""未正确穿戴防静电鞋服等防静电护具"",""subcategory"":""防静电"",""subcategory_code"":""4.2""}",非密-第二类危险源分析.docx,HAZARD_FACTOR_REFERENCE_V1,1.6-reference,1.0000,accepted
LOCHF_c2797ed7e4eff269b265,LossOfControlCondition,自动抓取偏差,自动抓取偏差,机械手抓取位置错误,"{""category_path"":""工艺因素 > 物料位置异常"",""major_category"":""工艺因素"",""major_code"":""2"",""reference_level"":""failure_mode"",""release_factor_count"":1,""release_factor_raw"":""机械手抓取位置错误"",""subcategory"":""物料位置异常"",""subcategory_code"":""2.7""}",非密-第二类危险源分析.docx,HAZARD_FACTOR_REFERENCE_V1,1.6-reference,1.0000,accepted
LOCHF_c2874acb610f25bfa7ab,LossOfControlCondition,载荷分布不均,载荷分布不均,导致局部受力集中,"{""category_path"":""工艺因素 > 载荷异常"",""major_category"":""工艺因素"",""major_code"":""2"",""reference_level"":""failure_mode"",""release_factor_count"":1,""release_factor_raw"":""导致局部受力集中"",""subcategory"":""载荷异常"",""subcategory_code"":""2.8""}",非密-第二类危险源分析.docx,HAZARD_FACTOR_REFERENCE_V1,1.6-reference,1.0000,accepted
LOCHF_c315bf50839f0063924b,LossOfControlCondition,压力释放过快,压力释放过快,产生冲击和扬尘,"{""category_path"":""工艺因素 > 压力异常"",""major_category"":""工艺因素"",""major_code"":""2"",""reference_level"":""failure_mode"",""release_factor_count"":1,""release_factor_raw"":""产生冲击和扬尘"",""subcategory"":""压力异常"",""subcategory_code"":""2.3""}",非密-第二类危险源分析.docx,HAZARD_FACTOR_REFERENCE_V1,1.6-reference,1.0000,accepted
LOCHF_c389f49deb7a563faa76,LossOfControlCondition,搅拌轴偏心振动,搅拌轴偏心振动,增加机械摩擦和冲击风险,"{""category_path"":""工艺因素 > 搅拌异常"",""major_category"":""工艺因素"",""major_code"":""2"",""reference_level"":""failure_mode"",""release_factor_count"":1,""release_factor_raw"":""增加机械摩擦和冲击风险"",""subcategory"":""搅拌异常"",""subcategory_code"":""2.9""}",非密-第二类危险源分析.docx,HAZARD_FACTOR_REFERENCE_V1,1.6-reference,1.0000,accepted
LOCHF_c46512caef439a97c5ea,LossOfControlCondition,启停频繁,启停频繁,增加机械冲击和疲劳损伤,"{""category_path"":""工艺因素 > 转速异常"",""major_category"":""工艺因素"",""major_code"":""2"",""reference_level"":""failure_mode"",""release_factor_count"":1,""release_factor_raw"":""增加机械冲击和疲劳损伤"",""subcategory"":""转速异常"",""subcategory_code"":""2.11""}",非密-第二类危险源分析.docx,HAZARD_FACTOR_REFERENCE_V1,1.6-reference,1.0000,accepted
LOCHF_c4edd3d3c14654f00a4a,LossOfControlCondition,定位传感器失效,定位传感器失效,无法准确识别位置,"{""category_path"":""工艺因素 > 物料位置异常"",""major_category"":""工艺因素"",""major_code"":""2"",""reference_level"":""failure_mode"",""release_factor_count"":1,""release_factor_raw"":""无法准确识别位置"",""subcategory"":""物料位置异常"",""subcategory_code"":""2.7""}",非密-第二类危险源分析.docx,HAZARD_FACTOR_REFERENCE_V1,1.6-reference,1.0000,accepted
LOCHF_c640cc2aaf7cacdfea7b,LossOfControlCondition,压力波动过大,压力波动过大,工况不稳定,"{""category_path"":""工艺因素 > 压力异常"",""major_category"":""工艺因素"",""major_code"":""2"",""reference_level"":""failure_mode"",""release_factor_count"":1,""release_factor_raw"":""工况不稳定"",""subcategory"":""压力异常"",""subcategory_code"":""2.3""}",非密-第二类危险源分析.docx,HAZARD_FACTOR_REFERENCE_V1,1.6-reference,1.0000,accepted
LOCHF_c666e0317271cdfca1ac,LossOfControlCondition,真空泵故障停机,真空泵故障停机,无法建立或维持真空环境,"{""category_path"":""工艺因素 > 真空度异常"",""major_category"":""工艺因素"",""major_code"":""2"",""reference_level"":""failure_mode"",""release_factor_count"":1,""release_factor_raw"":""无法建立或维持真空环境"",""subcategory"":""真空度异常"",""subcategory_code"":""2.4""}",非密-第二类危险源分析.docx,HAZARD_FACTOR_REFERENCE_V1,1.6-reference,1.0000,accepted
LOCHF_c81992913495f0d8877b,LossOfControlCondition,冷却系统故障,冷却系统故障,冷却介质无法正常循环,"{""category_path"":""工艺因素 > 温度异常"",""major_category"":""工艺因素"",""major_code"":""2"",""reference_level"":""failure_mode"",""release_factor_count"":1,""release_factor_raw"":""冷却介质无法正常循环"",""subcategory"":""温度异常"",""subcategory_code"":""2.1""}",非密-第二类危险源分析.docx,HAZARD_FACTOR_REFERENCE_V1,1.6-reference,1.0000,accepted
LOCHF_c898083dacb02eac4a07,LossOfControlCondition,卡死/卡滞,卡死/卡滞,运动部件卡涩、抱死，无法正常移动、转动、往复动作,"{""category_path"":""设备设施因素 > 结构与机械损坏"",""major_category"":""设备设施因素"",""major_code"":""3"",""reference_level"":""failure_mode"",""release_factor_count"":1,""release_factor_raw"":""运动部件卡涩、抱死，无法正常移动、转动、往复动作"",""subcategory"":""结构与机械损坏"",""subcategory_code"":""3.1""}",非密-第二类危险源分析.docx,HAZARD_FACTOR_REFERENCE_V1,1.6-reference,1.0000,accepted
LOCHF_c9e9d7b989c7f7cc446f,LossOfControlCondition,压力骤降,压力骤降,系统失压,"{""category_path"":""工艺因素 > 压力异常"",""major_category"":""工艺因素"",""major_code"":""2"",""reference_level"":""failure_mode"",""release_factor_count"":1,""release_factor_raw"":""系统失压"",""subcategory"":""压力异常"",""subcategory_code"":""2.3""}",非密-第二类危险源分析.docx,HAZARD_FACTOR_REFERENCE_V1,1.6-reference,1.0000,accepted
LOCHF_ca0e3bbcc9036a0b0ea7,LossOfControlCondition,输送机构偏移,输送机构偏移,导致物料运行轨迹异常,"{""category_path"":""工艺因素 > 物料位置异常"",""major_category"":""工艺因素"",""major_code"":""2"",""reference_level"":""failure_mode"",""release_factor_count"":1,""release_factor_raw"":""导致物料运行轨迹异常"",""subcategory"":""物料位置异常"",""subcategory_code"":""2.7""}",非密-第二类危险源分析.docx,HAZARD_FACTOR_REFERENCE_V1,1.6-reference,1.0000,accepted
LOCHF_cbc20f7edae289b223ea,LossOfControlCondition,流量中断,流量中断,介质停止输送,"{""category_path"":""工艺因素 > 流量异常"",""major_category"":""工艺因素"",""major_code"":""2"",""reference_level"":""failure_mode"",""release_factor_count"":1,""release_factor_raw"":""介质停止输送"",""subcategory"":""流量异常"",""subcategory_code"":""2.5""}",非密-第二类危险源分析.docx,HAZARD_FACTOR_REFERENCE_V1,1.6-reference,1.0000,accepted
LOCHF_cbce368d765d5f2bc5fc,LossOfControlCondition,结构件变形,结构件变形,导致受力状态改变,"{""category_path"":""工艺因素 > 载荷异常"",""major_category"":""工艺因素"",""major_code"":""2"",""reference_level"":""failure_mode"",""release_factor_count"":1,""release_factor_raw"":""导致受力状态改变"",""subcategory"":""载荷异常"",""subcategory_code"":""2.8""}",非密-第二类危险源分析.docx,HAZARD_FACTOR_REFERENCE_V1,1.6-reference,1.0000,accepted
LOCHF_cbe7ba5dc785d6f7e936,LossOfControlCondition,料仓观察窗口模糊或损坏,料仓观察窗口模糊或损坏,无法人工确认料位状态,"{""category_path"":""工艺因素 > 容器内料位异常"",""major_category"":""工艺因素"",""major_code"":""2"",""reference_level"":""failure_mode"",""release_factor_count"":1,""release_factor_raw"":""无法人工确认料位状态"",""subcategory"":""容器内料位异常"",""subcategory_code"":""2.6""}",非密-第二类危险源分析.docx,HAZARD_FACTOR_REFERENCE_V1,1.6-reference,1.0000,accepted
LOCHF_ccfa4e4e8888e2abcd05,LossOfControlCondition,架桥堵料,架桥堵料,物料形成拱桥，实际料位与显示不符,"{""category_path"":""工艺因素 > 容器内料位异常"",""major_category"":""工艺因素"",""major_code"":""2"",""reference_level"":""failure_mode"",""release_factor_count"":1,""release_factor_raw"":""物料形成拱桥，实际料位与显示不符"",""subcategory"":""容器内料位异常"",""subcategory_code"":""2.6""}",非密-第二类危险源分析.docx,HAZARD_FACTOR_REFERENCE_V1,1.6-reference,1.0000,accepted
LOCHF_cf937b0929828760d4d0,LossOfControlCondition,真空泵抽气能力下降,真空泵抽气能力下降,泵体磨损、叶片损坏导致抽气效率降低,"{""category_path"":""工艺因素 > 真空度异常"",""major_category"":""工艺因素"",""major_code"":""2"",""reference_level"":""failure_mode"",""release_factor_count"":1,""release_factor_raw"":""泵体磨损、叶片损坏导致抽气效率降低"",""subcategory"":""真空度异常"",""subcategory_code"":""2.4""}",非密-第二类危险源分析.docx,HAZARD_FACTOR_REFERENCE_V1,1.6-reference,1.0000,accepted
LOCHF_d13a7d6747c69dc6bd4a,LossOfControlCondition,人体静电释放装置失效/人体综合电阻检测装置失效,人体静电释放装置失效/人体综合电阻检测装置失效,"人体静电释放装置缺失；
人体静电释放装置失效或人体综合电阻检测装置失效","{""category_path"":""环境因素 > 防静电"",""major_category"":""环境因素"",""major_code"":""4"",""reference_level"":""failure_mode"",""release_factor_count"":2,""release_factor_raw"":""人体静电释放装置缺失；\n人体静电释放装置失效或人体综合电阻检测装置失效"",""subcategory"":""防静电"",""subcategory_code"":""4.2""}",非密-第二类危险源分析.docx,HAZARD_FACTOR_REFERENCE_V1,1.6-reference,1.0000,accepted
LOCHF_d27d9258c2fcb65df4a5,LossOfControlCondition,进刀量过大,进刀量过大,切削载荷和摩擦热增加,"{""category_path"":""工艺因素 > 进刀量异常"",""major_category"":""工艺因素"",""major_code"":""2"",""reference_level"":""failure_mode"",""release_factor_count"":1,""release_factor_raw"":""切削载荷和摩擦热增加"",""subcategory"":""进刀量异常"",""subcategory_code"":""2.10""}",非密-第二类危险源分析.docx,HAZARD_FACTOR_REFERENCE_V1,1.6-reference,1.0000,accepted
LOCHF_d3118d3e1459325b49c0,LossOfControlCondition,压力联锁失效,压力联锁失效,异常状态下设备未停机,"{""category_path"":""工艺因素 > 压力异常"",""major_category"":""工艺因素"",""major_code"":""2"",""reference_level"":""failure_mode"",""release_factor_count"":1,""release_factor_raw"":""异常状态下设备未停机"",""subcategory"":""压力异常"",""subcategory_code"":""2.3""}",非密-第二类危险源分析.docx,HAZARD_FACTOR_REFERENCE_V1,1.6-reference,1.0000,accepted
LOCHF_d58c4d852b30c28bc81d,LossOfControlCondition,搅拌转速异常,搅拌转速异常,偏离工艺要求,"{""category_path"":""工艺因素 > 搅拌异常"",""major_category"":""工艺因素"",""major_code"":""2"",""reference_level"":""failure_mode"",""release_factor_count"":1,""release_factor_raw"":""偏离工艺要求"",""subcategory"":""搅拌异常"",""subcategory_code"":""2.9""}",非密-第二类危险源分析.docx,HAZARD_FACTOR_REFERENCE_V1,1.6-reference,1.0000,accepted
LOCHF_d652fadae7be79cba1fd,LossOfControlCondition,无法关闭,无法关闭,停机、关断指令无效，设备无法停止、阀门无法回位,"{""category_path"":""设备设施因素 > 开关启闭故障"",""major_category"":""设备设施因素"",""major_code"":""3"",""reference_level"":""failure_mode"",""release_factor_count"":1,""release_factor_raw"":""停机、关断指令无效，设备无法停止、阀门无法回位"",""subcategory"":""开关启闭故障"",""subcategory_code"":""3.2""}",非密-第二类危险源分析.docx,HAZARD_FACTOR_REFERENCE_V1,1.6-reference,1.0000,accepted
LOCHF_d65b465b8d396d2cbc5d,LossOfControlCondition,真空管路泄漏,真空管路泄漏,管路连接处松动、密封失效导致空气进入系统,"{""category_path"":""工艺因素 > 真空度异常"",""major_category"":""工艺因素"",""major_code"":""2"",""reference_level"":""failure_mode"",""release_factor_count"":1,""release_factor_raw"":""管路连接处松动、密封失效导致空气进入系统"",""subcategory"":""真空度异常"",""subcategory_code"":""2.4""}",非密-第二类危险源分析.docx,HAZARD_FACTOR_REFERENCE_V1,1.6-reference,1.0000,accepted
LOCHF_dac8a14586a80d96c992,LossOfControlCondition,锈蚀腐蚀,锈蚀腐蚀,介质腐蚀、电化学生锈、氧化起皮，部件材质劣化,"{""category_path"":""设备设施因素 > 结构与机械损坏"",""major_category"":""设备设施因素"",""major_code"":""3"",""reference_level"":""failure_mode"",""release_factor_count"":1,""release_factor_raw"":""介质腐蚀、电化学生锈、氧化起皮，部件材质劣化"",""subcategory"":""结构与机械损坏"",""subcategory_code"":""3.1""}",非密-第二类危险源分析.docx,HAZARD_FACTOR_REFERENCE_V1,1.6-reference,1.0000,accepted
LOCHF_dacfb9bc5d5dc9f86039,LossOfControlCondition,流量过小,流量过小,无法满足工艺需求,"{""category_path"":""工艺因素 > 流量异常"",""major_category"":""工艺因素"",""major_code"":""2"",""reference_level"":""failure_mode"",""release_factor_count"":1,""release_factor_raw"":""无法满足工艺需求"",""subcategory"":""流量异常"",""subcategory_code"":""2.5""}",非密-第二类危险源分析.docx,HAZARD_FACTOR_REFERENCE_V1,1.6-reference,1.0000,accepted
LOCHF_daeb2e10e96bd14d6575,LossOfControlCondition,工装定位失准,工装定位失准,工装安装偏移导致物料位置异常,"{""category_path"":""工艺因素 > 物料位置异常"",""major_category"":""工艺因素"",""major_code"":""2"",""reference_level"":""failure_mode"",""release_factor_count"":1,""release_factor_raw"":""工装安装偏移导致物料位置异常"",""subcategory"":""物料位置异常"",""subcategory_code"":""2.7""}",非密-第二类危险源分析.docx,HAZARD_FACTOR_REFERENCE_V1,1.6-reference,1.0000,accepted
LOCHF_dc547b9d02758dc1754b,LossOfControlCondition,粘附含能物料,粘附含能物料,表面粘附粘合剂，未及时清理,"{""category_path"":""人的因素 > 其他"",""major_category"":""人的因素"",""major_code"":""1"",""reference_level"":""failure_mode"",""release_factor_count"":1,""release_factor_raw"":""表面粘附粘合剂，未及时清理"",""subcategory"":""其他"",""subcategory_code"":""1.3""}",非密-第二类危险源分析.docx,HAZARD_FACTOR_REFERENCE_V1,1.6-reference,1.0000,accepted
LOCHF_dd89ebcc5b8d035913ae,LossOfControlCondition,鼠洞效应,鼠洞效应,中部形成空穴导致虚假料位,"{""category_path"":""工艺因素 > 容器内料位异常"",""major_category"":""工艺因素"",""major_code"":""2"",""reference_level"":""failure_mode"",""release_factor_count"":1,""release_factor_raw"":""中部形成空穴导致虚假料位"",""subcategory"":""容器内料位异常"",""subcategory_code"":""2.6""}",非密-第二类危险源分析.docx,HAZARD_FACTOR_REFERENCE_V1,1.6-reference,1.0000,accepted
LOCHF_deca3e64bfa9f721c56e,LossOfControlCondition,输入偏小,输入偏小,能源、物料、气源供给不足，低于工艺最低需求,"{""category_path"":""设备设施因素 > 参数超限故障"",""major_category"":""设备设施因素"",""major_code"":""3"",""reference_level"":""failure_mode"",""release_factor_count"":1,""release_factor_raw"":""能源、物料、气源供给不足，低于工艺最低需求"",""subcategory"":""参数超限故障"",""subcategory_code"":""3.4""}",非密-第二类危险源分析.docx,HAZARD_FACTOR_REFERENCE_V1,1.6-reference,1.0000,accepted
LOCHF_e0215910bff1ae5205d0,LossOfControlCondition,节流异常,节流异常,通径变小、局部缩流，流量、输送能力无故下降,"{""category_path"":""设备设施因素 > 泄漏与堵塞故障"",""major_category"":""设备设施因素"",""major_code"":""3"",""reference_level"":""failure_mode"",""release_factor_count"":1,""release_factor_raw"":""通径变小、局部缩流，流量、输送能力无故下降"",""subcategory"":""泄漏与堵塞故障"",""subcategory_code"":""3.3""}",非密-第二类危险源分析.docx,HAZARD_FACTOR_REFERENCE_V1,1.6-reference,1.0000,accepted
LOCHF_e27179991dfde44caac0,LossOfControlCondition,流量过大,流量过大,超出设计工况，引起冲击或超量投料,"{""category_path"":""工艺因素 > 流量异常"",""major_category"":""工艺因素"",""major_code"":""2"",""reference_level"":""failure_mode"",""release_factor_count"":1,""release_factor_raw"":""超出设计工况，引起冲击或超量投料"",""subcategory"":""流量异常"",""subcategory_code"":""2.5""}",非密-第二类危险源分析.docx,HAZARD_FACTOR_REFERENCE_V1,1.6-reference,1.0000,accepted
LOCHF_e38fc01000e90a80b524,LossOfControlCondition,现场实物与定制图不一致,现场实物与定制图不一致,新增或临时搬运来的设备、物料、工装器具未按定置图划定的区域摆放,"{""category_path"":""环境因素 > 作业环境"",""major_category"":""环境因素"",""major_code"":""4"",""reference_level"":""failure_mode"",""release_factor_count"":1,""release_factor_raw"":""新增或临时搬运来的设备、物料、工装器具未按定置图划定的区域摆放"",""subcategory"":""作业环境"",""subcategory_code"":""4.4""}",非密-第二类危险源分析.docx,HAZARD_FACTOR_REFERENCE_V1,1.6-reference,1.0000,accepted
LOCHF_e3c01f00d395e1231711,LossOfControlCondition,料位报警失效,料位报警失效,高低料位无法预警,"{""category_path"":""工艺因素 > 容器内料位异常"",""major_category"":""工艺因素"",""major_code"":""2"",""reference_level"":""failure_mode"",""release_factor_count"":1,""release_factor_raw"":""高低料位无法预警"",""subcategory"":""容器内料位异常"",""subcategory_code"":""2.6""}",非密-第二类危险源分析.docx,HAZARD_FACTOR_REFERENCE_V1,1.6-reference,1.0000,accepted
LOCHF_e4ba7fd7ee8749d47d32,LossOfControlCondition,阀门开度异常,阀门开度异常,导致流量偏离设定值,"{""category_path"":""工艺因素 > 流量异常"",""major_category"":""工艺因素"",""major_code"":""2"",""reference_level"":""failure_mode"",""release_factor_count"":1,""release_factor_raw"":""导致流量偏离设定值"",""subcategory"":""流量异常"",""subcategory_code"":""2.5""}",非密-第二类危险源分析.docx,HAZARD_FACTOR_REFERENCE_V1,1.6-reference,1.0000,accepted
LOCHF_e5152ec958991964450b,LossOfControlCondition,定位销磨损或损坏,定位销磨损或损坏,定位功能失效,"{""category_path"":""工艺因素 > 物料位置异常"",""major_category"":""工艺因素"",""major_code"":""2"",""reference_level"":""failure_mode"",""release_factor_count"":1,""release_factor_raw"":""定位功能失效"",""subcategory"":""物料位置异常"",""subcategory_code"":""2.7""}",非密-第二类危险源分析.docx,HAZARD_FACTOR_REFERENCE_V1,1.6-reference,1.0000,accepted
LOCHF_e5dea2357fb8f5c0096e,LossOfControlCondition,控制参数设置错误,控制参数设置错误,施加载荷超过工艺要求,"{""category_path"":""工艺因素 > 载荷异常"",""major_category"":""工艺因素"",""major_code"":""2"",""reference_level"":""failure_mode"",""release_factor_count"":1,""release_factor_raw"":""施加载荷超过工艺要求"",""subcategory"":""载荷异常"",""subcategory_code"":""2.8""}",非密-第二类危险源分析.docx,HAZARD_FACTOR_REFERENCE_V1,1.6-reference,1.0000,accepted
LOCHF_e611bba4eff7a3dc1c22,LossOfControlCondition,冷却不均匀,冷却不均匀,不同区域降温速度不同,"{""category_path"":""工艺因素 > 冷却速率异常"",""major_category"":""工艺因素"",""major_code"":""2"",""reference_level"":""failure_mode"",""release_factor_count"":1,""release_factor_raw"":""不同区域降温速度不同"",""subcategory"":""冷却速率异常"",""subcategory_code"":""2.2""}",非密-第二类危险源分析.docx,HAZARD_FACTOR_REFERENCE_V1,1.6-reference,1.0000,accepted
LOCHF_f069854a43de34e82cc3,LossOfControlCondition,真空解除过快,真空解除过快,造成压力冲击,"{""category_path"":""工艺因素 > 真空度异常"",""major_category"":""工艺因素"",""major_code"":""2"",""reference_level"":""failure_mode"",""release_factor_count"":1,""release_factor_raw"":""造成压力冲击"",""subcategory"":""真空度异常"",""subcategory_code"":""2.4""}",非密-第二类危险源分析.docx,HAZARD_FACTOR_REFERENCE_V1,1.6-reference,1.0000,accepted
LOCHF_f1bb752e47903304dd61,LossOfControlCondition,输送泵故障,输送泵故障,物料输送量不足,"{""category_path"":""工艺因素 > 流量异常"",""major_category"":""工艺因素"",""major_code"":""2"",""reference_level"":""failure_mode"",""release_factor_count"":1,""release_factor_raw"":""物料输送量不足"",""subcategory"":""流量异常"",""subcategory_code"":""2.5""}",非密-第二类危险源分析.docx,HAZARD_FACTOR_REFERENCE_V1,1.6-reference,1.0000,accepted
LOCHF_f1f78bdb5c87bcbd0c74,LossOfControlCondition,工作台防静电胶板污染,工作台防静电胶板污染,未定期维护或维护不当防静电胶板,"{""category_path"":""环境因素 > 防静电"",""major_category"":""环境因素"",""major_code"":""4"",""reference_level"":""failure_mode"",""release_factor_count"":1,""release_factor_raw"":""未定期维护或维护不当防静电胶板"",""subcategory"":""防静电"",""subcategory_code"":""4.2""}",非密-第二类危险源分析.docx,HAZARD_FACTOR_REFERENCE_V1,1.6-reference,1.0000,accepted
LOCHF_f3aeca2b9a4fc722a4b5,LossOfControlCondition,漂移失稳,漂移失稳,运行参数缓慢偏移，工况持续劣化，精度逐步下降,"{""category_path"":""设备设施因素 > 运行工况异常"",""major_category"":""设备设施因素"",""major_code"":""3"",""reference_level"":""failure_mode"",""release_factor_count"":1,""release_factor_raw"":""运行参数缓慢偏移，工况持续劣化，精度逐步下降"",""subcategory"":""运行工况异常"",""subcategory_code"":""3.5""}",非密-第二类危险源分析.docx,HAZARD_FACTOR_REFERENCE_V1,1.6-reference,1.0000,accepted
LOCHF_f524ea733d8aa142af39,LossOfControlCondition,防爆叉车、起重设备等或配套设施不合格,防爆叉车、起重设备等或配套设施不合格,"进入爆炸性危险区域作业，未更换防爆型车辆；
防爆设备上的防爆缺失；
特种设备的安全装置损坏或缺失","{""category_path"":""管理因素 > 特种设备管理"",""major_category"":""管理因素"",""major_code"":""5"",""reference_level"":""failure_mode"",""release_factor_count"":3,""release_factor_raw"":""进入爆炸性危险区域作业，未更换防爆型车辆；\n防爆设备上的防爆缺失；\n特种设备的安全装置损坏或缺失"",""subcategory"":""特种设备管理"",""subcategory_code"":""5.3""}",非密-第二类危险源分析.docx,HAZARD_FACTOR_REFERENCE_V1,1.6-reference,1.0000,accepted
LOCHF_f592275fa38e7df963c4,LossOfControlCondition,参数超上限,参数超上限,压力、温度、转速、电流、电压等运行参数高于额定上限,"{""category_path"":""设备设施因素 > 参数超限故障"",""major_category"":""设备设施因素"",""major_code"":""3"",""reference_level"":""failure_mode"",""release_factor_count"":1,""release_factor_raw"":""压力、温度、转速、电流、电压等运行参数高于额定上限"",""subcategory"":""参数超限故障"",""subcategory_code"":""3.4""}",非密-第二类危险源分析.docx,HAZARD_FACTOR_REFERENCE_V1,1.6-reference,1.0000,accepted
LOCHF_f81eac2b643df1a37891,LossOfControlCondition,工装安装偏斜,工装安装偏斜,导致受力不均匀,"{""category_path"":""工艺因素 > 载荷异常"",""major_category"":""工艺因素"",""major_code"":""2"",""reference_level"":""failure_mode"",""release_factor_count"":1,""release_factor_raw"":""导致受力不均匀"",""subcategory"":""载荷异常"",""subcategory_code"":""2.8""}",非密-第二类危险源分析.docx,HAZARD_FACTOR_REFERENCE_V1,1.6-reference,1.0000,accepted
LOCHF_f854960ca3a621450d68,LossOfControlCondition,传动机构打滑,传动机构打滑,实际转速降低,"{""category_path"":""工艺因素 > 转速异常"",""major_category"":""工艺因素"",""major_code"":""2"",""reference_level"":""failure_mode"",""release_factor_count"":1,""release_factor_raw"":""实际转速降低"",""subcategory"":""转速异常"",""subcategory_code"":""2.11""}",非密-第二类危险源分析.docx,HAZARD_FACTOR_REFERENCE_V1,1.6-reference,1.0000,accepted
LOCHF_f8ebf540441aa8358e29,LossOfControlCondition,变频器故障,变频器故障,输出频率异常导致转速波动,"{""category_path"":""工艺因素 > 转速异常"",""major_category"":""工艺因素"",""major_code"":""2"",""reference_level"":""failure_mode"",""release_factor_count"":1,""release_factor_raw"":""输出频率异常导致转速波动"",""subcategory"":""转速异常"",""subcategory_code"":""2.11""}",非密-第二类危险源分析.docx,HAZARD_FACTOR_REFERENCE_V1,1.6-reference,1.0000,accepted
LOCHF_f9d231bfc2e6f4a4dff8,LossOfControlCondition,输入偏大,输入偏大,进料、供电、供气、供液输入量超出工艺允许范围,"{""category_path"":""设备设施因素 > 参数超限故障"",""major_category"":""设备设施因素"",""major_code"":""3"",""reference_level"":""failure_mode"",""release_factor_count"":1,""release_factor_raw"":""进料、供电、供气、供液输入量超出工艺允许范围"",""subcategory"":""参数超限故障"",""subcategory_code"":""3.4""}",非密-第二类危险源分析.docx,HAZARD_FACTOR_REFERENCE_V1,1.6-reference,1.0000,accepted
LOCHF_fa461e8feaf522bc902b,LossOfControlCondition,料盘或托架变形,料盘或托架变形,物料摆放位置改变,"{""category_path"":""工艺因素 > 物料位置异常"",""major_category"":""工艺因素"",""major_code"":""2"",""reference_level"":""failure_mode"",""release_factor_count"":1,""release_factor_raw"":""物料摆放位置改变"",""subcategory"":""物料位置异常"",""subcategory_code"":""2.7""}",非密-第二类危险源分析.docx,HAZARD_FACTOR_REFERENCE_V1,1.6-reference,1.0000,accepted
LOCHF_fada2bc5cb8fe580b502,LossOfControlCondition,瞬时冲击载荷过大,瞬时冲击载荷过大,启停、碰撞等导致载荷突增,"{""category_path"":""工艺因素 > 载荷异常"",""major_category"":""工艺因素"",""major_code"":""2"",""reference_level"":""failure_mode"",""release_factor_count"":1,""release_factor_raw"":""启停、碰撞等导致载荷突增"",""subcategory"":""载荷异常"",""subcategory_code"":""2.8""}",非密-第二类危险源分析.docx,HAZARD_FACTOR_REFERENCE_V1,1.6-reference,1.0000,accepted
LOCHF_fb1588cc4f8cc5ed9a00,LossOfControlCondition,无法退刀,无法退刀,刀具持续接触工件,"{""category_path"":""工艺因素 > 进刀量异常"",""major_category"":""工艺因素"",""major_code"":""2"",""reference_level"":""failure_mode"",""release_factor_count"":1,""release_factor_raw"":""刀具持续接触工件"",""subcategory"":""进刀量异常"",""subcategory_code"":""2.10""}",非密-第二类危险源分析.docx,HAZARD_FACTOR_REFERENCE_V1,1.6-reference,1.0000,accepted
LOCHF_fca27234a42c87e68147,LossOfControlCondition,搅拌时间不足,搅拌时间不足,混合不均匀,"{""category_path"":""工艺因素 > 搅拌异常"",""major_category"":""工艺因素"",""major_code"":""2"",""reference_level"":""failure_mode"",""release_factor_count"":1,""release_factor_raw"":""混合不均匀"",""subcategory"":""搅拌异常"",""subcategory_code"":""2.9""}",非密-第二类危险源分析.docx,HAZARD_FACTOR_REFERENCE_V1,1.6-reference,1.0000,accepted
LOCHF_fcc64cfb2ce919cb3b83,LossOfControlCondition,局部压力异常,局部压力异常,管路或容器局部超压,"{""category_path"":""工艺因素 > 压力异常"",""major_category"":""工艺因素"",""major_code"":""2"",""reference_level"":""failure_mode"",""release_factor_count"":1,""release_factor_raw"":""管路或容器局部超压"",""subcategory"":""压力异常"",""subcategory_code"":""2.3""}",非密-第二类危险源分析.docx,HAZARD_FACTOR_REFERENCE_V1,1.6-reference,1.0000,accepted
LOCHF_ff27d171cb2ea7a3f2ee,LossOfControlCondition,误开进气阀,误开进气阀,真空环境被破坏,"{""category_path"":""工艺因素 > 真空度异常"",""major_category"":""工艺因素"",""major_code"":""2"",""reference_level"":""failure_mode"",""release_factor_count"":1,""release_factor_raw"":""真空环境被破坏"",""subcategory"":""真空度异常"",""subcategory_code"":""2.4""}",非密-第二类危险源分析.docx,HAZARD_FACTOR_REFERENCE_V1,1.6-reference,1.0000,accepted
LOCHF_ff5bf35c3cdd7fea384d,LossOfControlCondition,混入异物,混入异物,作业过程中混入异物；物料未经磁选、过筛，含有异物,"{""category_path"":""人的因素 > 其他"",""major_category"":""人的因素"",""major_code"":""1"",""reference_level"":""failure_mode"",""release_factor_count"":2,""release_factor_raw"":""作业过程中混入异物；物料未经磁选、过筛，含有异物"",""subcategory"":""其他"",""subcategory_code"":""1.3""}",非密-第二类危险源分析.docx,HAZARD_FACTOR_REFERENCE_V1,1.6-reference,1.0000,accepted
LOCHF_ff998036a81ecffad4c8,LossOfControlCondition,操作时间错误（包括操作时机、操作时长）,操作时间错误（包括操作时机、操作时长）,设备运转时修理、检查、调整、焊接、清扫等工作；操作时间过长，物料温度降低,"{""category_path"":""人的因素 > 人员操作"",""major_category"":""人的因素"",""major_code"":""1"",""reference_level"":""failure_mode"",""release_factor_count"":2,""release_factor_raw"":""设备运转时修理、检查、调整、焊接、清扫等工作；操作时间过长，物料温度降低"",""subcategory"":""人员操作"",""subcategory_code"":""1.1""}",非密-第二类危险源分析.docx,HAZARD_FACTOR_REFERENCE_V1,1.6-reference,1.0000,accepted
LOCHF_ff9d8b7b5f3405e092d4,LossOfControlCondition,突然降温,突然降温,导致物料结晶、凝固或性能变化,"{""category_path"":""工艺因素 > 温度异常"",""major_category"":""工艺因素"",""major_code"":""2"",""reference_level"":""failure_mode"",""release_factor_count"":1,""release_factor_raw"":""导致物料结晶、凝固或性能变化"",""subcategory"":""温度异常"",""subcategory_code"":""2.1""}",非密-第二类危险源分析.docx,HAZARD_FACTOR_REFERENCE_V1,1.6-reference,1.0000,accepted
