relation_id,head_id,relation_code,relation_name,tail_id,clause_id,source_id,evidence_id,properties_json,source_doc,dataset_id,ontology_version,confidence,review_status
RELHF_0039cf330f7ea4ef4838,HFSUB_fa95053a6249e538276f,HAS_FAILURE_MODE,具有失效模式,LOCHF_f592275fa38e7df963c4,,SRCHF_69e7566fb13bf7eaacd4,,{},非密-第二类危险源分析.docx,HAZARD_FACTOR_REFERENCE_V1,1.6-reference,1.0000,accepted
RELHF_00ac5abc9fc7292f05d8,HFSUB_2021d403833451c45c8e,HAS_FAILURE_MODE,具有失效模式,LOCHF_b11ea223b54c53a0509a,,SRCHF_0f6a49774b2c4b669cce,,{},非密-第二类危险源分析.docx,HAZARD_FACTOR_REFERENCE_V1,1.6-reference,1.0000,accepted
RELHF_0327fdf6a14baf82a56f,HFSUB_4ebfdb13c2eb23794557,HAS_FAILURE_MODE,具有失效模式,LOCHF_181b0c9f35c025848289,,SRCHF_39946aeeec1ae10cbb05,,{},非密-第二类危险源分析.docx,HAZARD_FACTOR_REFERENCE_V1,1.6-reference,1.0000,accepted
RELHF_044cdc198419d91288f3,HFSUB_e2391b9e99add981cc97,HAS_FAILURE_MODE,具有失效模式,LOCHF_512296b3460e35454c2e,,SRCHF_60bd3f17f86a38728bd6,,{},非密-第二类危险源分析.docx,HAZARD_FACTOR_REFERENCE_V1,1.6-reference,1.0000,accepted
RELHF_07c5f26d12e2cb17bf35,HFSUB_ee73683e4f1d80a8f06f,HAS_FAILURE_MODE,具有失效模式,LOCHF_acd46394bed70da42f23,,SRCHF_a4d6bcfdac01477e4dfe,,{},非密-第二类危险源分析.docx,HAZARD_FACTOR_REFERENCE_V1,1.6-reference,1.0000,accepted
RELHF_0d973e60cd10de699f77,HFSUB_2021d403833451c45c8e,HAS_FAILURE_MODE,具有失效模式,LOCHF_ff9d8b7b5f3405e092d4,,SRCHF_87032cf4a62a59cd1eb3,,{},非密-第二类危险源分析.docx,HAZARD_FACTOR_REFERENCE_V1,1.6-reference,1.0000,accepted
RELHF_0d9a924e01b834dcee11,HFSUB_3714c0ce37203cc71bfb,HAS_FAILURE_MODE,具有失效模式,LOCHF_dac8a14586a80d96c992,,SRCHF_f96988a3635ed2b863f0,,{},非密-第二类危险源分析.docx,HAZARD_FACTOR_REFERENCE_V1,1.6-reference,1.0000,accepted
RELHF_0e1c921d6ad589082d54,HFSUB_ecab1e5aaa25c691327d,HAS_FAILURE_MODE,具有失效模式,LOCHF_c389f49deb7a563faa76,,SRCHF_c5fcc815540b0f24def3,,{},非密-第二类危险源分析.docx,HAZARD_FACTOR_REFERENCE_V1,1.6-reference,1.0000,accepted
RELHF_0e2046dde8e0a11d2c7c,HFSUB_3c28074b64bfde37fddc,HAS_FAILURE_MODE,具有失效模式,LOCHF_64398462057757b32b6e,,SRCHF_5d1bda1f8fff7a4c0681,,{},非密-第二类危险源分析.docx,HAZARD_FACTOR_REFERENCE_V1,1.6-reference,1.0000,accepted
RELHF_0fbe8bd723a7228e91a4,HFSUB_7fbaa8987bd46aa43e3d,HAS_FAILURE_MODE,具有失效模式,LOCHF_110a9cef6ad8148643c2,,SRCHF_e59cebc654bfd858e8a9,,{},非密-第二类危险源分析.docx,HAZARD_FACTOR_REFERENCE_V1,1.6-reference,1.0000,accepted
RELHF_1281edab3dc9dd1b3b4e,HFSUB_b33ec045de75625b7cb7,HAS_FAILURE_MODE,具有失效模式,LOCHF_f069854a43de34e82cc3,,SRCHF_3d0960991c5f2cd0f37a,,{},非密-第二类危险源分析.docx,HAZARD_FACTOR_REFERENCE_V1,1.6-reference,1.0000,accepted
RELHF_14e04a7ca9a869050c46,HFSUB_f0da43b675a1e53250a7,HAS_FAILURE_MODE,具有失效模式,LOCHF_702f07f37027452aa9bb,,SRCHF_b18a24c8e094575ecfa3,,{},非密-第二类危险源分析.docx,HAZARD_FACTOR_REFERENCE_V1,1.6-reference,1.0000,accepted
RELHF_15e81e04353f7fc63444,HFSUB_9f52a546069cc2dddf1a,HAS_FAILURE_MODE,具有失效模式,LOCHF_a39f4e72aef644404df7,,SRCHF_5f6dfd16aec976b768e2,,{},非密-第二类危险源分析.docx,HAZARD_FACTOR_REFERENCE_V1,1.6-reference,1.0000,accepted
RELHF_1706fdaf9983ed256bf3,HFSUB_b33ec045de75625b7cb7,HAS_FAILURE_MODE,具有失效模式,LOCHF_311ff62a36d45c5d33b0,,SRCHF_2d14b9a8706f43c17a83,,{},非密-第二类危险源分析.docx,HAZARD_FACTOR_REFERENCE_V1,1.6-reference,1.0000,accepted
RELHF_17d8a29e8025db9819f8,HFSUB_ee73683e4f1d80a8f06f,HAS_FAILURE_MODE,具有失效模式,LOCHF_c315bf50839f0063924b,,SRCHF_bb3806d511ce1086efe9,,{},非密-第二类危险源分析.docx,HAZARD_FACTOR_REFERENCE_V1,1.6-reference,1.0000,accepted
RELHF_181fca830562954e823a,HFSUB_2943f7c2ef6e7f6f3e11,HAS_FAILURE_MODE,具有失效模式,LOCHF_2c69fdd6eaffd9a438db,,SRCHF_a84a89c236135119fd75,,{},非密-第二类危险源分析.docx,HAZARD_FACTOR_REFERENCE_V1,1.6-reference,1.0000,accepted
RELHF_18feb89bbbe46b4dc2f1,HFSUB_7fbaa8987bd46aa43e3d,HAS_FAILURE_MODE,具有失效模式,LOCHF_2ce4531643774765263a,,SRCHF_63ae48dfffea90815d6a,,{},非密-第二类危险源分析.docx,HAZARD_FACTOR_REFERENCE_V1,1.6-reference,1.0000,accepted
RELHF_191eefe0f8e2f8cdf9ec,HFSUB_ee73683e4f1d80a8f06f,HAS_FAILURE_MODE,具有失效模式,LOCHF_8a89da200f0fe87d7a57,,SRCHF_77f860504ea23949ff7c,,{},非密-第二类危险源分析.docx,HAZARD_FACTOR_REFERENCE_V1,1.6-reference,1.0000,accepted
RELHF_1a0ca65690b135d3e633,HFSUB_f0da43b675a1e53250a7,HAS_FAILURE_MODE,具有失效模式,LOCHF_800350d5b17b385e61a8,,SRCHF_669b61c4948efd4a5765,,{},非密-第二类危险源分析.docx,HAZARD_FACTOR_REFERENCE_V1,1.6-reference,1.0000,accepted
RELHF_1b578cf0f3be09597a4c,HFSUB_dc5acd27d2006184cb92,HAS_FAILURE_MODE,具有失效模式,LOCHF_5fc6ec18ec9e7eee4831,,SRCHF_b403303473c50dd9b401,,{},非密-第二类危险源分析.docx,HAZARD_FACTOR_REFERENCE_V1,1.6-reference,1.0000,accepted
RELHF_1c87440d0dfa96ab6116,HFSUB_3be740fba9158966a7be,HAS_FAILURE_MODE,具有失效模式,LOCHF_3016abea49ee175d3177,,SRCHF_9d9dfc1e45b0de316d86,,{},非密-第二类危险源分析.docx,HAZARD_FACTOR_REFERENCE_V1,1.6-reference,1.0000,accepted
RELHF_1f8affffbc4aa1995910,HFSUB_ecab1e5aaa25c691327d,HAS_FAILURE_MODE,具有失效模式,LOCHF_8162a513c1b8b6f81a4d,,SRCHF_31d8c6d8cb0b1981e0ce,,{},非密-第二类危险源分析.docx,HAZARD_FACTOR_REFERENCE_V1,1.6-reference,1.0000,accepted
RELHF_1fd93608b9427bd0a842,HFSUB_20ead840a6ca05e6e7bf,HAS_FAILURE_MODE,具有失效模式,LOCHF_7a0c4e1d8bb57372327f,,SRCHF_7bcbcd7646421eec8f57,,{},非密-第二类危险源分析.docx,HAZARD_FACTOR_REFERENCE_V1,1.6-reference,1.0000,accepted
RELHF_2012ad8a23ed23e08a11,HFSUB_c1e46c6a69f3a03d8340,HAS_FAILURE_MODE,具有失效模式,LOCHF_3259beb33f62f3506c36,,SRCHF_915c8a9da5df214fee0a,,{},非密-第二类危险源分析.docx,HAZARD_FACTOR_REFERENCE_V1,1.6-reference,1.0000,accepted
RELHF_2059abda45cd84a24beb,HFSUB_b33ec045de75625b7cb7,HAS_FAILURE_MODE,具有失效模式,LOCHF_8e97d8652c0ab8b580e6,,SRCHF_34c0ee47a5bfcd11586f,,{},非密-第二类危险源分析.docx,HAZARD_FACTOR_REFERENCE_V1,1.6-reference,1.0000,accepted
RELHF_221deab1ee874328cb59,HFSUB_3714c0ce37203cc71bfb,HAS_FAILURE_MODE,具有失效模式,LOCHF_9d490c668bda6bda7962,,SRCHF_7a415d0a7285bb0a829f,,{},非密-第二类危险源分析.docx,HAZARD_FACTOR_REFERENCE_V1,1.6-reference,1.0000,accepted
RELHF_229c72815b457b0d1c49,HFSUB_f0da43b675a1e53250a7,HAS_FAILURE_MODE,具有失效模式,LOCHF_9a115110432354dfa09f,,SRCHF_62f8d5ff33f1870dbe9e,,{},非密-第二类危险源分析.docx,HAZARD_FACTOR_REFERENCE_V1,1.6-reference,1.0000,accepted
RELHF_241e28e0554c72e15a21,HFSUB_2943f7c2ef6e7f6f3e11,HAS_FAILURE_MODE,具有失效模式,LOCHF_1f967173ed61131dd4c4,,SRCHF_d79b95e551f3f81b2964,,{},非密-第二类危险源分析.docx,HAZARD_FACTOR_REFERENCE_V1,1.6-reference,1.0000,accepted
RELHF_253e7e23a68f738719d1,HFSUB_3714c0ce37203cc71bfb,HAS_FAILURE_MODE,具有失效模式,LOCHF_047fc59f6d08dd63961c,,SRCHF_e5051f015ecd52b89b4e,,{},非密-第二类危险源分析.docx,HAZARD_FACTOR_REFERENCE_V1,1.6-reference,1.0000,accepted
RELHF_277ecf78e971d8536942,HFSUB_b33ec045de75625b7cb7,HAS_FAILURE_MODE,具有失效模式,LOCHF_c666e0317271cdfca1ac,,SRCHF_023a5036161271cdb0c4,,{},非密-第二类危险源分析.docx,HAZARD_FACTOR_REFERENCE_V1,1.6-reference,1.0000,accepted
RELHF_2b73e2da8bc2858817d6,HFSUB_2943f7c2ef6e7f6f3e11,HAS_FAILURE_MODE,具有失效模式,LOCHF_562c38898db80dbb5fcf,,SRCHF_561db2c8509c401389c2,,{},非密-第二类危险源分析.docx,HAZARD_FACTOR_REFERENCE_V1,1.6-reference,1.0000,accepted
RELHF_2c903aaddd531ab5cc7a,HFSUB_ecab1e5aaa25c691327d,HAS_FAILURE_MODE,具有失效模式,LOCHF_8a310762ba8651d2dc18,,SRCHF_c713bb21e8514bfb2d22,,{},非密-第二类危险源分析.docx,HAZARD_FACTOR_REFERENCE_V1,1.6-reference,1.0000,accepted
RELHF_2d5ee791249b61d839c6,HFSUB_83db26af498bfba0e958,HAS_FAILURE_MODE,具有失效模式,LOCHF_4269b99eee6d36cd1046,,SRCHF_6b07230449ace8301ff5,,{},非密-第二类危险源分析.docx,HAZARD_FACTOR_REFERENCE_V1,1.6-reference,1.0000,accepted
RELHF_2e61e2c8ded361e36b23,HFSUB_3499b2eea2406a3fc2e4,HAS_FAILURE_MODE,具有失效模式,LOCHF_72146974633980faf0a2,,SRCHF_9201e2f90158728ff488,,{},非密-第二类危险源分析.docx,HAZARD_FACTOR_REFERENCE_V1,1.6-reference,1.0000,accepted
RELHF_2f356ee41c4a4a588158,HFSUB_bab52de02b4154d6915d,HAS_FAILURE_MODE,具有失效模式,LOCHF_e0215910bff1ae5205d0,,SRCHF_54e2ba7c2bf53a95d4bb,,{},非密-第二类危险源分析.docx,HAZARD_FACTOR_REFERENCE_V1,1.6-reference,1.0000,accepted
RELHF_2f3f27cc1a531582d3e1,HFSUB_2fc0f1936aef3818e581,HAS_FAILURE_MODE,具有失效模式,LOCHF_872ef013e742bcc865a5,,SRCHF_9e5d6be815291551b948,,{},非密-第二类危险源分析.docx,HAZARD_FACTOR_REFERENCE_V1,1.6-reference,1.0000,accepted
RELHF_326d66a90f9feda281c5,HFSUB_83db26af498bfba0e958,HAS_FAILURE_MODE,具有失效模式,LOCHF_e38fc01000e90a80b524,,SRCHF_1e2528578f49b79ed81c,,{},非密-第二类危险源分析.docx,HAZARD_FACTOR_REFERENCE_V1,1.6-reference,1.0000,accepted
RELHF_32b912635547bd91d277,HFSUB_2021d403833451c45c8e,HAS_FAILURE_MODE,具有失效模式,LOCHF_c81992913495f0d8877b,,SRCHF_6bf7b23e93f5f1e9b380,,{},非密-第二类危险源分析.docx,HAZARD_FACTOR_REFERENCE_V1,1.6-reference,1.0000,accepted
RELHF_336b926c07b795d0317f,HFSUB_9f52a546069cc2dddf1a,HAS_FAILURE_MODE,具有失效模式,LOCHF_626385dc353b7d4b01fa,,SRCHF_de44bc0abd9a757d37fa,,{},非密-第二类危险源分析.docx,HAZARD_FACTOR_REFERENCE_V1,1.6-reference,1.0000,accepted
RELHF_3380f07f088196f91e2c,HFSUB_c1e46c6a69f3a03d8340,HAS_FAILURE_MODE,具有失效模式,LOCHF_50d7f9272c59c84f4088,,SRCHF_fc89c028bacfc466b374,,{},非密-第二类危险源分析.docx,HAZARD_FACTOR_REFERENCE_V1,1.6-reference,1.0000,accepted
RELHF_33f854a89687b2c76ca0,HFSUB_ecab1e5aaa25c691327d,HAS_FAILURE_MODE,具有失效模式,LOCHF_0660bdf90204d5e7e620,,SRCHF_94701b909ed6f764cab8,,{},非密-第二类危险源分析.docx,HAZARD_FACTOR_REFERENCE_V1,1.6-reference,1.0000,accepted
RELHF_34546011ea541dab12fe,HFSUB_3be740fba9158966a7be,HAS_FAILURE_MODE,具有失效模式,LOCHF_daeb2e10e96bd14d6575,,SRCHF_c74203e64bb3101534ce,,{},非密-第二类危险源分析.docx,HAZARD_FACTOR_REFERENCE_V1,1.6-reference,1.0000,accepted
RELHF_34819ef9159e0f5ff182,HFSUB_2021d403833451c45c8e,HAS_FAILURE_MODE,具有失效模式,LOCHF_6e1e1276b9076f06bb30,,SRCHF_9252a1bfe2024a8ec312,,{},非密-第二类危险源分析.docx,HAZARD_FACTOR_REFERENCE_V1,1.6-reference,1.0000,accepted
RELHF_348232c68831213216c3,HFSUB_ee73683e4f1d80a8f06f,HAS_FAILURE_MODE,具有失效模式,LOCHF_a8d01d00b495e2c665c4,,SRCHF_f28648036f64073d2c2b,,{},非密-第二类危险源分析.docx,HAZARD_FACTOR_REFERENCE_V1,1.6-reference,1.0000,accepted
RELHF_34cfb1047a37ef5ee82a,HFSUB_b33ec045de75625b7cb7,HAS_FAILURE_MODE,具有失效模式,LOCHF_440e448603a670beaca1,,SRCHF_9b75d785ff1fd106f42a,,{},非密-第二类危险源分析.docx,HAZARD_FACTOR_REFERENCE_V1,1.6-reference,1.0000,accepted
RELHF_3730a0f65efc4c3cf639,HFSUB_f0da43b675a1e53250a7,HAS_FAILURE_MODE,具有失效模式,LOCHF_1a1321ad2b9117dfe125,,SRCHF_a6de77d6711faa0e60fc,,{},非密-第二类危险源分析.docx,HAZARD_FACTOR_REFERENCE_V1,1.6-reference,1.0000,accepted
RELHF_377bc2fb5d48fe4b99b3,HFSUB_20ead840a6ca05e6e7bf,HAS_FAILURE_MODE,具有失效模式,LOCHF_6affc989e0a1cc4f68e3,,SRCHF_3f027a8012f8b7353857,,{},非密-第二类危险源分析.docx,HAZARD_FACTOR_REFERENCE_V1,1.6-reference,1.0000,accepted
RELHF_3a51b5e0173c2803e867,HFSUB_bab52de02b4154d6915d,HAS_FAILURE_MODE,具有失效模式,LOCHF_58d2c3d44652465ec006,,SRCHF_87834be7dd92867422cd,,{},非密-第二类危险源分析.docx,HAZARD_FACTOR_REFERENCE_V1,1.6-reference,1.0000,accepted
RELHF_3aec4d428780a756b4c9,HFSUB_7fbaa8987bd46aa43e3d,HAS_FAILURE_MODE,具有失效模式,LOCHF_e611bba4eff7a3dc1c22,,SRCHF_294099aa533da6fb853b,,{},非密-第二类危险源分析.docx,HAZARD_FACTOR_REFERENCE_V1,1.6-reference,1.0000,accepted
RELHF_3d3cadbda5d1b7d929f4,HFSUB_ecab1e5aaa25c691327d,HAS_FAILURE_MODE,具有失效模式,LOCHF_84dedb9024971c076750,,SRCHF_fdf98fc063bef694f9b8,,{},非密-第二类危险源分析.docx,HAZARD_FACTOR_REFERENCE_V1,1.6-reference,1.0000,accepted
RELHF_4075498165109c3a7829,HFSUB_9f52a546069cc2dddf1a,HAS_FAILURE_MODE,具有失效模式,LOCHF_8fbf4e2c0d177f5e0aab,,SRCHF_bbeb962defe1f8ff7def,,{},非密-第二类危险源分析.docx,HAZARD_FACTOR_REFERENCE_V1,1.6-reference,1.0000,accepted
RELHF_422a74e2fcfeac8a0b1a,HFSUB_20ead840a6ca05e6e7bf,HAS_FAILURE_MODE,具有失效模式,LOCHF_509db61b23eccde79c4f,,SRCHF_c1f7421e333f440109c5,,{},非密-第二类危险源分析.docx,HAZARD_FACTOR_REFERENCE_V1,1.6-reference,1.0000,accepted
RELHF_42374b3a82ad48405b69,HFSUB_f0da43b675a1e53250a7,HAS_FAILURE_MODE,具有失效模式,LOCHF_bc8984a0ce25400d6853,,SRCHF_29fc39e4d6222c462112,,{},非密-第二类危险源分析.docx,HAZARD_FACTOR_REFERENCE_V1,1.6-reference,1.0000,accepted
RELHF_42dcea2a1c769757ce63,HFSUB_dc5acd27d2006184cb92,HAS_FAILURE_MODE,具有失效模式,LOCHF_b2c98d3f2edc60e72bed,,SRCHF_949e3dcaa762631cfddf,,{},非密-第二类危险源分析.docx,HAZARD_FACTOR_REFERENCE_V1,1.6-reference,1.0000,accepted
RELHF_433e87e1d4b15d78583d,HFSUB_0f6815b3d697d4b26861,HAS_FAILURE_MODE,具有失效模式,LOCHF_65a33e4e99891137d49e,,SRCHF_13e203d882847edbae45,,{},非密-第二类危险源分析.docx,HAZARD_FACTOR_REFERENCE_V1,1.6-reference,1.0000,accepted
RELHF_439e26cfbb39d2b53499,HFSUB_9f52a546069cc2dddf1a,HAS_FAILURE_MODE,具有失效模式,LOCHF_f8ebf540441aa8358e29,,SRCHF_6ad597c46bfea422ef4e,,{},非密-第二类危险源分析.docx,HAZARD_FACTOR_REFERENCE_V1,1.6-reference,1.0000,accepted
RELHF_44ad8f5947ae5ca43b7e,HFSUB_f0da43b675a1e53250a7,HAS_FAILURE_MODE,具有失效模式,LOCHF_9772679d25bd163030a1,,SRCHF_301e080ba1f40bc29751,,{},非密-第二类危险源分析.docx,HAZARD_FACTOR_REFERENCE_V1,1.6-reference,1.0000,accepted
RELHF_44c1d707faf3bcf1b96b,HFSUB_fa95053a6249e538276f,HAS_FAILURE_MODE,具有失效模式,LOCHF_deca3e64bfa9f721c56e,,SRCHF_66ffe36ea4982e2f5799,,{},非密-第二类危险源分析.docx,HAZARD_FACTOR_REFERENCE_V1,1.6-reference,1.0000,accepted
RELHF_458d24bbdd8b046cfbf2,HFSUB_3c28074b64bfde37fddc,HAS_FAILURE_MODE,具有失效模式,LOCHF_0d629c7fe15c85e6f762,,SRCHF_2d2500f0cec7d433792e,,{},非密-第二类危险源分析.docx,HAZARD_FACTOR_REFERENCE_V1,1.6-reference,1.0000,accepted
RELHF_477d3dbb91121d5403b6,HFSUB_fa95053a6249e538276f,HAS_FAILURE_MODE,具有失效模式,LOCHF_8a2b5a80b4dfa8a62794,,SRCHF_21baa01d1f1620d36e6a,,{},非密-第二类危险源分析.docx,HAZARD_FACTOR_REFERENCE_V1,1.6-reference,1.0000,accepted
RELHF_4920b673d9ad039ff3a1,HFSUB_f0da43b675a1e53250a7,HAS_FAILURE_MODE,具有失效模式,LOCHF_1c63a2e343a0882cc3d4,,SRCHF_aec7c2d53df32e8c9260,,{},非密-第二类危险源分析.docx,HAZARD_FACTOR_REFERENCE_V1,1.6-reference,1.0000,accepted
RELHF_4b22d430319140e6a0c4,HFSUB_ecab1e5aaa25c691327d,HAS_FAILURE_MODE,具有失效模式,LOCHF_33a78b50577f55d3fe43,,SRCHF_2be2b26016fd3973bba3,,{},非密-第二类危险源分析.docx,HAZARD_FACTOR_REFERENCE_V1,1.6-reference,1.0000,accepted
RELHF_4cc4fe8a33287dec042d,HFSUB_b33ec045de75625b7cb7,HAS_FAILURE_MODE,具有失效模式,LOCHF_493a7fadaab5f5d14bc2,,SRCHF_5922809bfe2cf7d4d162,,{},非密-第二类危险源分析.docx,HAZARD_FACTOR_REFERENCE_V1,1.6-reference,1.0000,accepted
RELHF_4cf4e01b649ad6fe39ee,HFSUB_4ebfdb13c2eb23794557,HAS_FAILURE_MODE,具有失效模式,LOCHF_8c8469d1888fc09acc2f,,SRCHF_ace88b7ea18d12c280b3,,{},非密-第二类危险源分析.docx,HAZARD_FACTOR_REFERENCE_V1,1.6-reference,1.0000,accepted
RELHF_5146d7ed467c97abb6b7,HFSUB_f0da43b675a1e53250a7,HAS_FAILURE_MODE,具有失效模式,LOCHF_1de1daa127029b3aa277,,SRCHF_d364c0178f2231ded944,,{},非密-第二类危险源分析.docx,HAZARD_FACTOR_REFERENCE_V1,1.6-reference,1.0000,accepted
RELHF_54183f3ad186f1186f64,HFSUB_9f52a546069cc2dddf1a,HAS_FAILURE_MODE,具有失效模式,LOCHF_c46512caef439a97c5ea,,SRCHF_31889bae70cc1e6ec53e,,{},非密-第二类危险源分析.docx,HAZARD_FACTOR_REFERENCE_V1,1.6-reference,1.0000,accepted
RELHF_54866a0715aca7443b90,HFSUB_ee73683e4f1d80a8f06f,HAS_FAILURE_MODE,具有失效模式,LOCHF_d3118d3e1459325b49c0,,SRCHF_51d650b3140e40d85169,,{},非密-第二类危险源分析.docx,HAZARD_FACTOR_REFERENCE_V1,1.6-reference,1.0000,accepted
RELHF_55a0e1cfdd0bec770572,HFSUB_3be740fba9158966a7be,HAS_FAILURE_MODE,具有失效模式,LOCHF_c2797ed7e4eff269b265,,SRCHF_87d3475055878665610e,,{},非密-第二类危险源分析.docx,HAZARD_FACTOR_REFERENCE_V1,1.6-reference,1.0000,accepted
RELHF_55e8435ddee082af04f5,HFSUB_2021d403833451c45c8e,HAS_FAILURE_MODE,具有失效模式,LOCHF_40bd0e14534bc863cfaa,,SRCHF_128d0c0d95dbad666443,,{},非密-第二类危险源分析.docx,HAZARD_FACTOR_REFERENCE_V1,1.6-reference,1.0000,accepted
RELHF_564f856a31556189caeb,HFSUB_a91de5fded2c4bf3cbd0,HAS_FAILURE_MODE,具有失效模式,LOCHF_9e7054e3d1aa05fd467e,,SRCHF_a80aaea83953a2727425,,{},非密-第二类危险源分析.docx,HAZARD_FACTOR_REFERENCE_V1,1.6-reference,1.0000,accepted
RELHF_583861567ac712ad7aba,HFSUB_ecab1e5aaa25c691327d,HAS_FAILURE_MODE,具有失效模式,LOCHF_fca27234a42c87e68147,,SRCHF_5d76c1fe21c1bbaef8de,,{},非密-第二类危险源分析.docx,HAZARD_FACTOR_REFERENCE_V1,1.6-reference,1.0000,accepted
RELHF_5a430b581ab089b60bc6,HFSUB_e2391b9e99add981cc97,HAS_FAILURE_MODE,具有失效模式,LOCHF_36c44fe18e8ae42d8de9,,SRCHF_1167ad3a665fd36380a3,,{},非密-第二类危险源分析.docx,HAZARD_FACTOR_REFERENCE_V1,1.6-reference,1.0000,accepted
RELHF_5b4a853caf15d294b671,HFSUB_3be740fba9158966a7be,HAS_FAILURE_MODE,具有失效模式,LOCHF_8d9dfc002f08b2d0f1f8,,SRCHF_0cee0098f9488c00bcc0,,{},非密-第二类危险源分析.docx,HAZARD_FACTOR_REFERENCE_V1,1.6-reference,1.0000,accepted
RELHF_5ceca6714dd1a8eec628,HFSUB_ddaf83ad26dbf99c9fe3,HAS_FAILURE_MODE,具有失效模式,LOCHF_f524ea733d8aa142af39,,SRCHF_dcb4e2cd6e3f02a9bc73,,{},非密-第二类危险源分析.docx,HAZARD_FACTOR_REFERENCE_V1,1.6-reference,1.0000,accepted
RELHF_5d281d359cb24396af6c,HFSUB_dc5acd27d2006184cb92,HAS_FAILURE_MODE,具有失效模式,LOCHF_0d56551f2801a35c8941,,SRCHF_02da76e83c6d55c62c45,,{},非密-第二类危险源分析.docx,HAZARD_FACTOR_REFERENCE_V1,1.6-reference,1.0000,accepted
RELHF_5fc60a0f80ad95a105b3,HFSUB_b33ec045de75625b7cb7,HAS_FAILURE_MODE,具有失效模式,LOCHF_5155dc62fdc827c21c4d,,SRCHF_8cb5384e8408b7300da2,,{},非密-第二类危险源分析.docx,HAZARD_FACTOR_REFERENCE_V1,1.6-reference,1.0000,accepted
RELHF_60199729701da3ee105b,HFSUB_f0da43b675a1e53250a7,HAS_FAILURE_MODE,具有失效模式,LOCHF_609cf453a040d153d1f0,,SRCHF_ed79667f29eb944c6293,,{},非密-第二类危险源分析.docx,HAZARD_FACTOR_REFERENCE_V1,1.6-reference,1.0000,accepted
RELHF_6185697145d24c1ce198,HFSUB_b33ec045de75625b7cb7,HAS_FAILURE_MODE,具有失效模式,LOCHF_688c85d479d28d7ed6a8,,SRCHF_102b28b272f174e26b5e,,{},非密-第二类危险源分析.docx,HAZARD_FACTOR_REFERENCE_V1,1.6-reference,1.0000,accepted
RELHF_65da7ff5ce2fbdef8829,HFSUB_dc5acd27d2006184cb92,HAS_FAILURE_MODE,具有失效模式,LOCHF_02a5d3ca0dec96a100a1,,SRCHF_582f0e4d716f3876b07e,,{},非密-第二类危险源分析.docx,HAZARD_FACTOR_REFERENCE_V1,1.6-reference,1.0000,accepted
RELHF_684cb6068d3128271e82,HFSUB_f0da43b675a1e53250a7,HAS_FAILURE_MODE,具有失效模式,LOCHF_145258fae8bc0acfff33,,SRCHF_1b051de8069f75a758d1,,{},非密-第二类危险源分析.docx,HAZARD_FACTOR_REFERENCE_V1,1.6-reference,1.0000,accepted
RELHF_69535c1ca91ce7a35d53,HFSUB_e930598f29156dbc0cb9,HAS_FAILURE_MODE,具有失效模式,LOCHF_2e637f2274c208a56374,,SRCHF_c7155161d7e938550a61,,{},非密-第二类危险源分析.docx,HAZARD_FACTOR_REFERENCE_V1,1.6-reference,1.0000,accepted
RELHF_6ae456d57a36f0c533b2,HFSUB_83db26af498bfba0e958,HAS_FAILURE_MODE,具有失效模式,LOCHF_811233e8058fb094975c,,SRCHF_70f1af9306650d23505e,,{},非密-第二类危险源分析.docx,HAZARD_FACTOR_REFERENCE_V1,1.6-reference,1.0000,accepted
RELHF_706a0531348cc897e784,HFSUB_f0da43b675a1e53250a7,HAS_FAILURE_MODE,具有失效模式,LOCHF_b67a6a673ef5fd2dcbb5,,SRCHF_aa263eb447d17e45a0b9,,{},非密-第二类危险源分析.docx,HAZARD_FACTOR_REFERENCE_V1,1.6-reference,1.0000,accepted
RELHF_707da786210f87b7dc1a,HFSUB_20ead840a6ca05e6e7bf,HAS_FAILURE_MODE,具有失效模式,LOCHF_b520042300f75bc92d05,,SRCHF_1ff5369d38f346bebb45,,{},非密-第二类危险源分析.docx,HAZARD_FACTOR_REFERENCE_V1,1.6-reference,1.0000,accepted
RELHF_708be33b0efb298c658b,HFSUB_4fb37555d2b8e41a56b6,HAS_FAILURE_MODE,具有失效模式,LOCHF_82ea34de1701b7ded1dd,,SRCHF_41d89841187a9f493e9e,,{},非密-第二类危险源分析.docx,HAZARD_FACTOR_REFERENCE_V1,1.6-reference,1.0000,accepted
RELHF_71ef1213608c138396c7,HFSUB_2021d403833451c45c8e,HAS_FAILURE_MODE,具有失效模式,LOCHF_4b366841b3216e506706,,SRCHF_6808369b1eb60735b905,,{},非密-第二类危险源分析.docx,HAZARD_FACTOR_REFERENCE_V1,1.6-reference,1.0000,accepted
RELHF_7242b5beaad000445350,HFSUB_2fc0f1936aef3818e581,HAS_FAILURE_MODE,具有失效模式,LOCHF_ba2223635b89feaedc27,,SRCHF_ed976d54e24f8d9b3507,,{},非密-第二类危险源分析.docx,HAZARD_FACTOR_REFERENCE_V1,1.6-reference,1.0000,accepted
RELHF_727bfe0664988d91aad7,HFSUB_b33ec045de75625b7cb7,HAS_FAILURE_MODE,具有失效模式,LOCHF_ff27d171cb2ea7a3f2ee,,SRCHF_082276f4818ee5d1f52d,,{},非密-第二类危险源分析.docx,HAZARD_FACTOR_REFERENCE_V1,1.6-reference,1.0000,accepted
RELHF_7458da45a352c5e80641,HFSUB_dc5acd27d2006184cb92,HAS_FAILURE_MODE,具有失效模式,LOCHF_c13a90ce47206ff01419,,SRCHF_190f44d52f346300faca,,{},非密-第二类危险源分析.docx,HAZARD_FACTOR_REFERENCE_V1,1.6-reference,1.0000,accepted
RELHF_74e401cad7c0911b909f,HFSUB_83db26af498bfba0e958,HAS_FAILURE_MODE,具有失效模式,LOCHF_6804c255a4ca2ffb07a1,,SRCHF_6017081828f5ae640ec2,,{},非密-第二类危险源分析.docx,HAZARD_FACTOR_REFERENCE_V1,1.6-reference,1.0000,accepted
RELHF_755b6af92322e8081f2d,HFSUB_ee73683e4f1d80a8f06f,HAS_FAILURE_MODE,具有失效模式,LOCHF_b3a7e7e239eedc91aa57,,SRCHF_682f31b1e5958d6ee145,,{},非密-第二类危险源分析.docx,HAZARD_FACTOR_REFERENCE_V1,1.6-reference,1.0000,accepted
RELHF_780bd7ba4356e0c4267a,HFSUB_dc5acd27d2006184cb92,HAS_FAILURE_MODE,具有失效模式,LOCHF_e4ba7fd7ee8749d47d32,,SRCHF_6b314758d82feb13577c,,{},非密-第二类危险源分析.docx,HAZARD_FACTOR_REFERENCE_V1,1.6-reference,1.0000,accepted
RELHF_789287893c38b8f4779a,HFSUB_9f52a546069cc2dddf1a,HAS_FAILURE_MODE,具有失效模式,LOCHF_06d19066fffc16879330,,SRCHF_ac4dc535d490af9f6989,,{},非密-第二类危险源分析.docx,HAZARD_FACTOR_REFERENCE_V1,1.6-reference,1.0000,accepted
RELHF_78e0d97437edad3b6022,HFSUB_ee73683e4f1d80a8f06f,HAS_FAILURE_MODE,具有失效模式,LOCHF_fcc64cfb2ce919cb3b83,,SRCHF_364d760f47f8b9a5f112,,{},非密-第二类危险源分析.docx,HAZARD_FACTOR_REFERENCE_V1,1.6-reference,1.0000,accepted
RELHF_79907d7fb7c0f4d4d635,HFSUB_ecab1e5aaa25c691327d,HAS_FAILURE_MODE,具有失效模式,LOCHF_6928244546a3cc4d7cf3,,SRCHF_5ae4d65ab5606cdd7310,,{},非密-第二类危险源分析.docx,HAZARD_FACTOR_REFERENCE_V1,1.6-reference,1.0000,accepted
RELHF_79b49f3e769d1976618c,HFSUB_ee73683e4f1d80a8f06f,HAS_FAILURE_MODE,具有失效模式,LOCHF_99d1ae334f768f049896,,SRCHF_a4d87f2bde456928382c,,{},非密-第二类危险源分析.docx,HAZARD_FACTOR_REFERENCE_V1,1.6-reference,1.0000,accepted
RELHF_79e0bd2f01c246dd8837,HFSUB_2fc0f1936aef3818e581,HAS_FAILURE_MODE,具有失效模式,LOCHF_f81eac2b643df1a37891,,SRCHF_5032ca2d2fc2b056d065,,{},非密-第二类危险源分析.docx,HAZARD_FACTOR_REFERENCE_V1,1.6-reference,1.0000,accepted
RELHF_7a3cad0214be19a3a85e,HFSUB_83db26af498bfba0e958,HAS_FAILURE_MODE,具有失效模式,LOCHF_ab6a1eda37ba7d7fddaf,,SRCHF_121600aef058616d1034,,{},非密-第二类危险源分析.docx,HAZARD_FACTOR_REFERENCE_V1,1.6-reference,1.0000,accepted
RELHF_7acdf89145203be22a9a,HFSUB_ecab1e5aaa25c691327d,HAS_FAILURE_MODE,具有失效模式,LOCHF_d58c4d852b30c28bc81d,,SRCHF_c0832cf65e903cd5ab1b,,{},非密-第二类危险源分析.docx,HAZARD_FACTOR_REFERENCE_V1,1.6-reference,1.0000,accepted
RELHF_7bb31612af00eb0a8b36,HFSUB_2943f7c2ef6e7f6f3e11,HAS_FAILURE_MODE,具有失效模式,LOCHF_00573481724f5c91bc3a,,SRCHF_d700cb7312bafa5baca9,,{},非密-第二类危险源分析.docx,HAZARD_FACTOR_REFERENCE_V1,1.6-reference,1.0000,accepted
RELHF_7c6baef9f1463b4a3149,HFSUB_c1e46c6a69f3a03d8340,HAS_FAILURE_MODE,具有失效模式,LOCHF_1b1f0895431f1eead22d,,SRCHF_fec323b1f0adfd5d15af,,{},非密-第二类危险源分析.docx,HAZARD_FACTOR_REFERENCE_V1,1.6-reference,1.0000,accepted
RELHF_7eba586c5ce1309ae488,HFSUB_ee73683e4f1d80a8f06f,HAS_FAILURE_MODE,具有失效模式,LOCHF_0cb73bd9d34977cd41cb,,SRCHF_a06f98b8037fdfc0f3eb,,{},非密-第二类危险源分析.docx,HAZARD_FACTOR_REFERENCE_V1,1.6-reference,1.0000,accepted
RELHF_7f1d1d0dd6a4f19ae7c4,HFSUB_ee73683e4f1d80a8f06f,HAS_FAILURE_MODE,具有失效模式,LOCHF_8b9b07287b78d5e9937d,,SRCHF_9022e8bd4f0fb0b596e2,,{},非密-第二类危险源分析.docx,HAZARD_FACTOR_REFERENCE_V1,1.6-reference,1.0000,accepted
RELHF_81cc49e336bc9ccca5b3,HFSUB_2943f7c2ef6e7f6f3e11,HAS_FAILURE_MODE,具有失效模式,LOCHF_32250a3a57160897434e,,SRCHF_968475c1681931f3c9c7,,{},非密-第二类危险源分析.docx,HAZARD_FACTOR_REFERENCE_V1,1.6-reference,1.0000,accepted
RELHF_83512b8d9cdc990d7377,HFSUB_7fbaa8987bd46aa43e3d,HAS_FAILURE_MODE,具有失效模式,LOCHF_6a0fdbc6e73dedd565aa,,SRCHF_edc4a2ef5433bffb6fb9,,{},非密-第二类危险源分析.docx,HAZARD_FACTOR_REFERENCE_V1,1.6-reference,1.0000,accepted
RELHF_83bc56976931b6746841,HFSUB_a91de5fded2c4bf3cbd0,HAS_FAILURE_MODE,具有失效模式,LOCHF_7a0dbac31576ba148918,,SRCHF_21e633cba88a60a70fcb,,{},非密-第二类危险源分析.docx,HAZARD_FACTOR_REFERENCE_V1,1.6-reference,1.0000,accepted
RELHF_85da24dba24705c92c63,HFSUB_20ead840a6ca05e6e7bf,HAS_FAILURE_MODE,具有失效模式,LOCHF_8207559ea290cc2ecaec,,SRCHF_8c8c14672ed4195ad13e,,{},非密-第二类危险源分析.docx,HAZARD_FACTOR_REFERENCE_V1,1.6-reference,1.0000,accepted
RELHF_864d87056876432f8628,HFSUB_2943f7c2ef6e7f6f3e11,HAS_FAILURE_MODE,具有失效模式,LOCHF_99f9b22871c0f342f0b3,,SRCHF_f40d9896a349737b587c,,{},非密-第二类危险源分析.docx,HAZARD_FACTOR_REFERENCE_V1,1.6-reference,1.0000,accepted
RELHF_89b7b2c792a66e054b8b,HFSUB_7fbaa8987bd46aa43e3d,HAS_FAILURE_MODE,具有失效模式,LOCHF_2a5bb39900a1b280b6a3,,SRCHF_b9f981cdc640c4854bb4,,{},非密-第二类危险源分析.docx,HAZARD_FACTOR_REFERENCE_V1,1.6-reference,1.0000,accepted
RELHF_8ad758a36819bc7530c8,HFSUB_b33ec045de75625b7cb7,HAS_FAILURE_MODE,具有失效模式,LOCHF_d65b465b8d396d2cbc5d,,SRCHF_f11bbc5af1b31764acab,,{},非密-第二类危险源分析.docx,HAZARD_FACTOR_REFERENCE_V1,1.6-reference,1.0000,accepted
RELHF_8d41beea7ade5f068c73,HFSUB_dc5acd27d2006184cb92,HAS_FAILURE_MODE,具有失效模式,LOCHF_cbc20f7edae289b223ea,,SRCHF_91ed68e27ef94e2b51ab,,{},非密-第二类危险源分析.docx,HAZARD_FACTOR_REFERENCE_V1,1.6-reference,1.0000,accepted
RELHF_8e7e3a4c1f997e567d77,HFSUB_f0da43b675a1e53250a7,HAS_FAILURE_MODE,具有失效模式,LOCHF_2fdae8df74f9bbeabca6,,SRCHF_d7ce91a5ebd5062b225f,,{},非密-第二类危险源分析.docx,HAZARD_FACTOR_REFERENCE_V1,1.6-reference,1.0000,accepted
RELHF_8e8d9be8ccca5a4b9fcb,HFSUB_ecab1e5aaa25c691327d,HAS_FAILURE_MODE,具有失效模式,LOCHF_26d7c647c51831d08971,,SRCHF_1a8531b0a4dd867946e5,,{},非密-第二类危险源分析.docx,HAZARD_FACTOR_REFERENCE_V1,1.6-reference,1.0000,accepted
RELHF_8fed70c30cae4f000903,HFSUB_2021d403833451c45c8e,HAS_FAILURE_MODE,具有失效模式,LOCHF_5411bc8bb0bde9da4f25,,SRCHF_aff3c70cf54bb1ca415b,,{},非密-第二类危险源分析.docx,HAZARD_FACTOR_REFERENCE_V1,1.6-reference,1.0000,accepted
RELHF_942294f7b96d03a0219a,HFSUB_2943f7c2ef6e7f6f3e11,HAS_FAILURE_MODE,具有失效模式,LOCHF_5d1deaa73675c935490b,,SRCHF_fadedb873d7b64450b54,,{},非密-第二类危险源分析.docx,HAZARD_FACTOR_REFERENCE_V1,1.6-reference,1.0000,accepted
RELHF_95da8063721d60811438,HFSUB_4fb37555d2b8e41a56b6,HAS_FAILURE_MODE,具有失效模式,LOCHF_ff5bf35c3cdd7fea384d,,SRCHF_884d1fa52408adb92e82,,{},非密-第二类危险源分析.docx,HAZARD_FACTOR_REFERENCE_V1,1.6-reference,1.0000,accepted
RELHF_95eac1937c05feda50e7,HFSUB_2021d403833451c45c8e,HAS_FAILURE_MODE,具有失效模式,LOCHF_2ea4963e5fbe989a832a,,SRCHF_a81300c30910a69f58ba,,{},非密-第二类危险源分析.docx,HAZARD_FACTOR_REFERENCE_V1,1.6-reference,1.0000,accepted
RELHF_97006c9fa0c95a32dea0,HFSUB_bab52de02b4154d6915d,HAS_FAILURE_MODE,具有失效模式,LOCHF_893ab4e4d19f3bd49446,,SRCHF_826b8e1b5babcfc53d2c,,{},非密-第二类危险源分析.docx,HAZARD_FACTOR_REFERENCE_V1,1.6-reference,1.0000,accepted
RELHF_975462a3701e03793de7,HFSUB_9f52a546069cc2dddf1a,HAS_FAILURE_MODE,具有失效模式,LOCHF_a78d39b361145cb2a44a,,SRCHF_ed5b8170e509260ebc9d,,{},非密-第二类危险源分析.docx,HAZARD_FACTOR_REFERENCE_V1,1.6-reference,1.0000,accepted
RELHF_9c00ccd63a3f294f2ec3,HFSUB_3c28074b64bfde37fddc,HAS_FAILURE_MODE,具有失效模式,LOCHF_249f366e77df58d167c3,,SRCHF_a287b9ab70422fe28aa9,,{},非密-第二类危险源分析.docx,HAZARD_FACTOR_REFERENCE_V1,1.6-reference,1.0000,accepted
RELHF_9cf0af4f1327f760f679,HFSUB_3be740fba9158966a7be,HAS_FAILURE_MODE,具有失效模式,LOCHF_c4edd3d3c14654f00a4a,,SRCHF_33f5f0a65ed8b56cfba8,,{},非密-第二类危险源分析.docx,HAZARD_FACTOR_REFERENCE_V1,1.6-reference,1.0000,accepted
RELHF_a15df22097849d4ec3b0,HFSUB_bab52de02b4154d6915d,HAS_FAILURE_MODE,具有失效模式,LOCHF_a034279aec77f598934a,,SRCHF_d9d3790355b7a7a19a9e,,{},非密-第二类危险源分析.docx,HAZARD_FACTOR_REFERENCE_V1,1.6-reference,1.0000,accepted
RELHF_a2b10d87d020b807252b,HFSUB_83db26af498bfba0e958,HAS_FAILURE_MODE,具有失效模式,LOCHF_38978e5cd4fee87006f1,,SRCHF_7b6b86d5580aa7c669ae,,{},非密-第二类危险源分析.docx,HAZARD_FACTOR_REFERENCE_V1,1.6-reference,1.0000,accepted
RELHF_a2dd78b912849435eb42,HFSUB_f0da43b675a1e53250a7,HAS_FAILURE_MODE,具有失效模式,LOCHF_96fae047f375299c4fda,,SRCHF_1b4ff6158d860165665b,,{},非密-第二类危险源分析.docx,HAZARD_FACTOR_REFERENCE_V1,1.6-reference,1.0000,accepted
RELHF_a3068b74f58b41b31b39,HFSUB_0f6815b3d697d4b26861,HAS_FAILURE_MODE,具有失效模式,LOCHF_9e9b2748884b3a4bc826,,SRCHF_bc0ad0c41aea0360fd61,,{},非密-第二类危险源分析.docx,HAZARD_FACTOR_REFERENCE_V1,1.6-reference,1.0000,accepted
RELHF_a4c9dabe5bc9919835ed,HFSUB_20ead840a6ca05e6e7bf,HAS_FAILURE_MODE,具有失效模式,LOCHF_575ebc0f9ef175223a69,,SRCHF_e66a72d201715094af64,,{},非密-第二类危险源分析.docx,HAZARD_FACTOR_REFERENCE_V1,1.6-reference,1.0000,accepted
RELHF_a548208263622bda5d93,HFSUB_c1e46c6a69f3a03d8340,HAS_FAILURE_MODE,具有失效模式,LOCHF_5c4f52bd9775b83d3f7f,,SRCHF_8625bfe5a0f3095ef52a,,{},非密-第二类危险源分析.docx,HAZARD_FACTOR_REFERENCE_V1,1.6-reference,1.0000,accepted
RELHF_a77da6834357ca456554,HFSUB_83db26af498bfba0e958,HAS_FAILURE_MODE,具有失效模式,LOCHF_21a33eec120b83b03d49,,SRCHF_46eb5594077cc33b2f76,,{},非密-第二类危险源分析.docx,HAZARD_FACTOR_REFERENCE_V1,1.6-reference,1.0000,accepted
RELHF_a8114010035d452515cc,HFSUB_f0da43b675a1e53250a7,HAS_FAILURE_MODE,具有失效模式,LOCHF_fb1588cc4f8cc5ed9a00,,SRCHF_dc0648336cf03d284200,,{},非密-第二类危险源分析.docx,HAZARD_FACTOR_REFERENCE_V1,1.6-reference,1.0000,accepted
RELHF_aea01761c51d60ed105d,HFSUB_dc5acd27d2006184cb92,HAS_FAILURE_MODE,具有失效模式,LOCHF_81b89b164c05c31303ef,,SRCHF_81b9c2d907cc2af2cfd4,,{},非密-第二类危险源分析.docx,HAZARD_FACTOR_REFERENCE_V1,1.6-reference,1.0000,accepted
RELHF_aecab68bf300e7326a91,HFSUB_ee73683e4f1d80a8f06f,HAS_FAILURE_MODE,具有失效模式,LOCHF_188aab2daf93404ffb7a,,SRCHF_3b124c8d0004413d8432,,{},非密-第二类危险源分析.docx,HAZARD_FACTOR_REFERENCE_V1,1.6-reference,1.0000,accepted
RELHF_af470cdb4879a11e27cb,HFSUB_83db26af498bfba0e958,HAS_FAILURE_MODE,具有失效模式,LOCHF_5dc4324abfb1621cf303,,SRCHF_1b87aeb3da16f6e93e96,,{},非密-第二类危险源分析.docx,HAZARD_FACTOR_REFERENCE_V1,1.6-reference,1.0000,accepted
RELHF_afa838f5a185a9c27038,HFSUB_7fbaa8987bd46aa43e3d,HAS_FAILURE_MODE,具有失效模式,LOCHF_47a2c9d65ddc20b563ff,,SRCHF_c414c55a0b094cb1729e,,{},非密-第二类危险源分析.docx,HAZARD_FACTOR_REFERENCE_V1,1.6-reference,1.0000,accepted
RELHF_affc812c93d2ac8ec9de,HFSUB_2021d403833451c45c8e,HAS_FAILURE_MODE,具有失效模式,LOCHF_9ffec200589459a83794,,SRCHF_c9cce373c6651bcf7173,,{},非密-第二类危险源分析.docx,HAZARD_FACTOR_REFERENCE_V1,1.6-reference,1.0000,accepted
RELHF_b457ed9f37d60f756334,HFSUB_dc5acd27d2006184cb92,HAS_FAILURE_MODE,具有失效模式,LOCHF_a3cb32195785f198b16e,,SRCHF_f5e7826bcdf9a38ba1eb,,{},非密-第二类危险源分析.docx,HAZARD_FACTOR_REFERENCE_V1,1.6-reference,1.0000,accepted
RELHF_b58518c3a1e8d2119392,HFSUB_2fc0f1936aef3818e581,HAS_FAILURE_MODE,具有失效模式,LOCHF_cbce368d765d5f2bc5fc,,SRCHF_29d5a454bac4f2eab448,,{},非密-第二类危险源分析.docx,HAZARD_FACTOR_REFERENCE_V1,1.6-reference,1.0000,accepted
RELHF_b585fb32a159fc84bb5a,HFSUB_2943f7c2ef6e7f6f3e11,HAS_FAILURE_MODE,具有失效模式,LOCHF_dd89ebcc5b8d035913ae,,SRCHF_b81bf4fc7a1271737437,,{},非密-第二类危险源分析.docx,HAZARD_FACTOR_REFERENCE_V1,1.6-reference,1.0000,accepted
RELHF_b6e7c7fb54e12c770f0b,HFSUB_9f52a546069cc2dddf1a,HAS_FAILURE_MODE,具有失效模式,LOCHF_f854960ca3a621450d68,,SRCHF_f63024f53339cc844a71,,{},非密-第二类危险源分析.docx,HAZARD_FACTOR_REFERENCE_V1,1.6-reference,1.0000,accepted
RELHF_b72bdfc7835b212e4ab4,HFSUB_2fc0f1936aef3818e581,HAS_FAILURE_MODE,具有失效模式,LOCHF_c2874acb610f25bfa7ab,,SRCHF_8417b672d58b7c556e0d,,{},非密-第二类危险源分析.docx,HAZARD_FACTOR_REFERENCE_V1,1.6-reference,1.0000,accepted
RELHF_b7a53feefa75a8a4d4e8,HFSUB_c1e46c6a69f3a03d8340,HAS_FAILURE_MODE,具有失效模式,LOCHF_71aa17d1d15288b4d93f,,SRCHF_45cafb09d5a5772e2380,,{},非密-第二类危险源分析.docx,HAZARD_FACTOR_REFERENCE_V1,1.6-reference,1.0000,accepted
RELHF_bbc7700e0493b4f5a229,HFSUB_b33ec045de75625b7cb7,HAS_FAILURE_MODE,具有失效模式,LOCHF_cf937b0929828760d4d0,,SRCHF_2fa215efd87140d1fa5a,,{},非密-第二类危险源分析.docx,HAZARD_FACTOR_REFERENCE_V1,1.6-reference,1.0000,accepted
RELHF_bd750c3e16d7e4906079,HFSUB_3714c0ce37203cc71bfb,HAS_FAILURE_MODE,具有失效模式,LOCHF_ba2ed0336b9a54c6064e,,SRCHF_6ff7d05908f3d4b5036b,,{},非密-第二类危险源分析.docx,HAZARD_FACTOR_REFERENCE_V1,1.6-reference,1.0000,accepted
RELHF_bd80ae00191cc9cfc9ee,HFSUB_2943f7c2ef6e7f6f3e11,HAS_FAILURE_MODE,具有失效模式,LOCHF_cbe7ba5dc785d6f7e936,,SRCHF_51885c6cca47f3c72388,,{},非密-第二类危险源分析.docx,HAZARD_FACTOR_REFERENCE_V1,1.6-reference,1.0000,accepted
RELHF_bd83007c964f75974c09,HFSUB_2943f7c2ef6e7f6f3e11,HAS_FAILURE_MODE,具有失效模式,LOCHF_4a2678e6d80e5873325b,,SRCHF_8611daff67a0176179ed,,{},非密-第二类危险源分析.docx,HAZARD_FACTOR_REFERENCE_V1,1.6-reference,1.0000,accepted
RELHF_bfef3161d54f215f2056,HFSUB_dc5acd27d2006184cb92,HAS_FAILURE_MODE,具有失效模式,LOCHF_e27179991dfde44caac0,,SRCHF_a431360b059dcfa8187f,,{},非密-第二类危险源分析.docx,HAZARD_FACTOR_REFERENCE_V1,1.6-reference,1.0000,accepted
RELHF_c0196e9037375fe2471c,HFSUB_bab52de02b4154d6915d,HAS_FAILURE_MODE,具有失效模式,LOCHF_a8da17d64442aca0a8cd,,SRCHF_68e2596bfc02c10db6a0,,{},非密-第二类危险源分析.docx,HAZARD_FACTOR_REFERENCE_V1,1.6-reference,1.0000,accepted
RELHF_c0200c0e6f98af43dc1f,HFSUB_c1e46c6a69f3a03d8340,HAS_FAILURE_MODE,具有失效模式,LOCHF_ff998036a81ecffad4c8,,SRCHF_9e07388e44ee47a785d6,,{},非密-第二类危险源分析.docx,HAZARD_FACTOR_REFERENCE_V1,1.6-reference,1.0000,accepted
RELHF_c057e9b64313eb532bdc,HFSUB_ecab1e5aaa25c691327d,HAS_FAILURE_MODE,具有失效模式,LOCHF_1b7ffde716bc2558edb5,,SRCHF_44b5ed91f08301812e70,,{},非密-第二类危险源分析.docx,HAZARD_FACTOR_REFERENCE_V1,1.6-reference,1.0000,accepted
RELHF_c0ace42f8be46d616ad3,HFSUB_83db26af498bfba0e958,HAS_FAILURE_MODE,具有失效模式,LOCHF_1f88b94ce8b846030afb,,SRCHF_0b69c295e95b18d73e82,,{},非密-第二类危险源分析.docx,HAZARD_FACTOR_REFERENCE_V1,1.6-reference,1.0000,accepted
RELHF_c182d885817fbf995dd8,HFSUB_ecab1e5aaa25c691327d,HAS_FAILURE_MODE,具有失效模式,LOCHF_310309f160d82ea816f6,,SRCHF_dec5b99c264c15f73f8f,,{},非密-第二类危险源分析.docx,HAZARD_FACTOR_REFERENCE_V1,1.6-reference,1.0000,accepted
RELHF_c259615a17a345764eef,HFSUB_9f52a546069cc2dddf1a,HAS_FAILURE_MODE,具有失效模式,LOCHF_9cac2a8f252fab13ca71,,SRCHF_d907e63b2a954eeea40f,,{},非密-第二类危险源分析.docx,HAZARD_FACTOR_REFERENCE_V1,1.6-reference,1.0000,accepted
RELHF_c882540c1c28b80c3934,HFSUB_b33ec045de75625b7cb7,HAS_FAILURE_MODE,具有失效模式,LOCHF_929d13cfa1579b85f961,,SRCHF_4505ab3c1d80c289f0e9,,{},非密-第二类危险源分析.docx,HAZARD_FACTOR_REFERENCE_V1,1.6-reference,1.0000,accepted
RELHF_ca3211e2a449a64a2118,HFSUB_2fc0f1936aef3818e581,HAS_FAILURE_MODE,具有失效模式,LOCHF_e5dea2357fb8f5c0096e,,SRCHF_687c1a0e1e845d64097c,,{},非密-第二类危险源分析.docx,HAZARD_FACTOR_REFERENCE_V1,1.6-reference,1.0000,accepted
RELHF_cda78ca53eb1b343bb09,HFSUB_4ebfdb13c2eb23794557,HAS_FAILURE_MODE,具有失效模式,LOCHF_5fbfb5fb671dc8fef93f,,SRCHF_dc9949022805adb37f0d,,{},非密-第二类危险源分析.docx,HAZARD_FACTOR_REFERENCE_V1,1.6-reference,1.0000,accepted
RELHF_cdef4fd26b8865607ce8,HFSUB_ddaf83ad26dbf99c9fe3,HAS_FAILURE_MODE,具有失效模式,LOCHF_9a7ea532ce7ff70422b2,,SRCHF_b87ecd0f69b6800ad1fe,,{},非密-第二类危险源分析.docx,HAZARD_FACTOR_REFERENCE_V1,1.6-reference,1.0000,accepted
RELHF_ce1ef1d3f72ab8277deb,HFSUB_b33ec045de75625b7cb7,HAS_FAILURE_MODE,具有失效模式,LOCHF_5e98777bf4a646ec1972,,SRCHF_f47dc8b9d474d64b8d94,,{},非密-第二类危险源分析.docx,HAZARD_FACTOR_REFERENCE_V1,1.6-reference,1.0000,accepted
RELHF_ce7ca25032388a7def0a,HFSUB_3c28074b64bfde37fddc,HAS_FAILURE_MODE,具有失效模式,LOCHF_f3aeca2b9a4fc722a4b5,,SRCHF_13fd90510fbe15e64163,,{},非密-第二类危险源分析.docx,HAZARD_FACTOR_REFERENCE_V1,1.6-reference,1.0000,accepted
RELHF_d0f3644bbce0003d5781,HFSUB_2fc0f1936aef3818e581,HAS_FAILURE_MODE,具有失效模式,LOCHF_304c7b636afc64ca9f3d,,SRCHF_38a1287d72e9905628ff,,{},非密-第二类危险源分析.docx,HAZARD_FACTOR_REFERENCE_V1,1.6-reference,1.0000,accepted
RELHF_d1c9af4c8d0e2c2ee5c6,HFSUB_4fb37555d2b8e41a56b6,HAS_FAILURE_MODE,具有失效模式,LOCHF_dc547b9d02758dc1754b,,SRCHF_e272d5a924f6e35e8a1a,,{},非密-第二类危险源分析.docx,HAZARD_FACTOR_REFERENCE_V1,1.6-reference,1.0000,accepted
RELHF_d4ff7513a02a9c045200,HFSUB_9f52a546069cc2dddf1a,HAS_FAILURE_MODE,具有失效模式,LOCHF_43bcb3a6dad9bdf45222,,SRCHF_c4f0a00f0709887111df,,{},非密-第二类危险源分析.docx,HAZARD_FACTOR_REFERENCE_V1,1.6-reference,1.0000,accepted
RELHF_d53c99d041fdca670edf,HFSUB_3be740fba9158966a7be,HAS_FAILURE_MODE,具有失效模式,LOCHF_fa461e8feaf522bc902b,,SRCHF_8c9d188c2fc4d871a6f6,,{},非密-第二类危险源分析.docx,HAZARD_FACTOR_REFERENCE_V1,1.6-reference,1.0000,accepted
RELHF_d637f91be625351ade0b,HFSUB_c1e46c6a69f3a03d8340,HAS_FAILURE_MODE,具有失效模式,LOCHF_1fb730c2b40bfb267153,,SRCHF_1efb21887e9d20ace659,,{},非密-第二类危险源分析.docx,HAZARD_FACTOR_REFERENCE_V1,1.6-reference,1.0000,accepted
RELHF_d7d94162f05829382da0,HFSUB_3c28074b64bfde37fddc,HAS_FAILURE_MODE,具有失效模式,LOCHF_89267cfb8c929bf19ad0,,SRCHF_055ae9078317ae095253,,{},非密-第二类危险源分析.docx,HAZARD_FACTOR_REFERENCE_V1,1.6-reference,1.0000,accepted
RELHF_d8a7eb2e0fc83be48e5a,HFSUB_ee73683e4f1d80a8f06f,HAS_FAILURE_MODE,具有失效模式,LOCHF_736f344bc33244d66193,,SRCHF_fe1a17cfea09bea61206,,{},非密-第二类危险源分析.docx,HAZARD_FACTOR_REFERENCE_V1,1.6-reference,1.0000,accepted
RELHF_d8ba74e90a5a654eb46e,HFSUB_2fc0f1936aef3818e581,HAS_FAILURE_MODE,具有失效模式,LOCHF_470779c0fd07a4ae5a71,,SRCHF_ea6eb6b3efa05690e0c7,,{},非密-第二类危险源分析.docx,HAZARD_FACTOR_REFERENCE_V1,1.6-reference,1.0000,accepted
RELHF_dba3eb1e5ad1d396549a,HFSUB_3be740fba9158966a7be,HAS_FAILURE_MODE,具有失效模式,LOCHF_913ef37be253cea03388,,SRCHF_fc58b5d0028ec7286b69,,{},非密-第二类危险源分析.docx,HAZARD_FACTOR_REFERENCE_V1,1.6-reference,1.0000,accepted
RELHF_dc6bbeaccdfad0cea2bd,HFSUB_4ebfdb13c2eb23794557,HAS_FAILURE_MODE,具有失效模式,LOCHF_c1d75da6b7bd2e3235b5,,SRCHF_293a8cee5110b8faecfc,,{},非密-第二类危险源分析.docx,HAZARD_FACTOR_REFERENCE_V1,1.6-reference,1.0000,accepted
RELHF_dced0cf7920e4e4a5b84,HFSUB_1477feb5a268ed2427af,HAS_FAILURE_MODE,具有失效模式,LOCHF_0398b8fde993dfd913a9,,SRCHF_8719eb8968ab14684ddb,,{},非密-第二类危险源分析.docx,HAZARD_FACTOR_REFERENCE_V1,1.6-reference,1.0000,accepted
RELHF_dcf5007eabe2e1303281,HFSUB_4ebfdb13c2eb23794557,HAS_FAILURE_MODE,具有失效模式,LOCHF_d13a7d6747c69dc6bd4a,,SRCHF_363c4a62771c700b5a09,,{},非密-第二类危险源分析.docx,HAZARD_FACTOR_REFERENCE_V1,1.6-reference,1.0000,accepted
RELHF_ddb43f71c20770a159e2,HFSUB_e930598f29156dbc0cb9,HAS_FAILURE_MODE,具有失效模式,LOCHF_9b9861248a2997148a3a,,SRCHF_5f6f97be6a109293eedb,,{},非密-第二类危险源分析.docx,HAZARD_FACTOR_REFERENCE_V1,1.6-reference,1.0000,accepted
RELHF_ddd4aeb543c97a88a2c0,HFSUB_4ebfdb13c2eb23794557,HAS_FAILURE_MODE,具有失效模式,LOCHF_f1f78bdb5c87bcbd0c74,,SRCHF_cfd1f4d4db8b0d533806,,{},非密-第二类危险源分析.docx,HAZARD_FACTOR_REFERENCE_V1,1.6-reference,1.0000,accepted
RELHF_decee7eab3c69d0bfc86,HFSUB_a91de5fded2c4bf3cbd0,HAS_FAILURE_MODE,具有失效模式,LOCHF_c0f9ea72ceca71cfb92f,,SRCHF_cfd2a273c81ffb78b0bf,,{},非密-第二类危险源分析.docx,HAZARD_FACTOR_REFERENCE_V1,1.6-reference,1.0000,accepted
RELHF_e10a66d1d74f5133aa15,HFSUB_4a28ba96f0226892eb5f,HAS_FAILURE_MODE,具有失效模式,LOCHF_36bf3f9087156bba0db6,,SRCHF_fc035e59aaf5c6dc4eda,,{},非密-第二类危险源分析.docx,HAZARD_FACTOR_REFERENCE_V1,1.6-reference,1.0000,accepted
RELHF_e14497870efe3f31ed87,HFSUB_f0da43b675a1e53250a7,HAS_FAILURE_MODE,具有失效模式,LOCHF_a3695d445be92c295cc3,,SRCHF_53af7e926ef486483f7d,,{},非密-第二类危险源分析.docx,HAZARD_FACTOR_REFERENCE_V1,1.6-reference,1.0000,accepted
RELHF_e19772f84d3d8f38c644,HFSUB_f0da43b675a1e53250a7,HAS_FAILURE_MODE,具有失效模式,LOCHF_d27d9258c2fcb65df4a5,,SRCHF_b1018534ee33c29a10c5,,{},非密-第二类危险源分析.docx,HAZARD_FACTOR_REFERENCE_V1,1.6-reference,1.0000,accepted
RELHF_e26c059505589dc1a102,HFSUB_ecab1e5aaa25c691327d,HAS_FAILURE_MODE,具有失效模式,LOCHF_b603659003a4035dc887,,SRCHF_3a0198b11b4cfa25e369,,{},非密-第二类危险源分析.docx,HAZARD_FACTOR_REFERENCE_V1,1.6-reference,1.0000,accepted
RELHF_e56d82fe7c77996ae9ea,HFSUB_c1e46c6a69f3a03d8340,HAS_FAILURE_MODE,具有失效模式,LOCHF_54a5d474db8b4d8d0251,,SRCHF_7ad002752b280e9c4058,,{},非密-第二类危险源分析.docx,HAZARD_FACTOR_REFERENCE_V1,1.6-reference,1.0000,accepted
RELHF_e77384a7d7dca22de429,HFSUB_9f52a546069cc2dddf1a,HAS_FAILURE_MODE,具有失效模式,LOCHF_4197d241a237a09425cc,,SRCHF_5e926a66d8f1954e1bf8,,{},非密-第二类危险源分析.docx,HAZARD_FACTOR_REFERENCE_V1,1.6-reference,1.0000,accepted
RELHF_e7f4fc33ea0e626f8154,HFSUB_ee73683e4f1d80a8f06f,HAS_FAILURE_MODE,具有失效模式,LOCHF_c640cc2aaf7cacdfea7b,,SRCHF_501fdf2c1f9528feeedc,,{},非密-第二类危险源分析.docx,HAZARD_FACTOR_REFERENCE_V1,1.6-reference,1.0000,accepted
RELHF_e80c60e177f541edfc94,HFSUB_f0da43b675a1e53250a7,HAS_FAILURE_MODE,具有失效模式,LOCHF_af1cb015d88337cfdab6,,SRCHF_c44370235531be9564fe,,{},非密-第二类危险源分析.docx,HAZARD_FACTOR_REFERENCE_V1,1.6-reference,1.0000,accepted
RELHF_e8c14de09146898f2494,HFSUB_3be740fba9158966a7be,HAS_FAILURE_MODE,具有失效模式,LOCHF_663c424974e6a5f0af68,,SRCHF_fb62a82d964636ac58e6,,{},非密-第二类危险源分析.docx,HAZARD_FACTOR_REFERENCE_V1,1.6-reference,1.0000,accepted
RELHF_e95a9620cc2a909de3fa,HFSUB_0f6815b3d697d4b26861,HAS_FAILURE_MODE,具有失效模式,LOCHF_36cd63d7a3e9700f9c2b,,SRCHF_8ef2923c500a594da821,,{},非密-第二类危险源分析.docx,HAZARD_FACTOR_REFERENCE_V1,1.6-reference,1.0000,accepted
RELHF_ea2f60db50e6a46473e7,HFSUB_2943f7c2ef6e7f6f3e11,HAS_FAILURE_MODE,具有失效模式,LOCHF_ccfa4e4e8888e2abcd05,,SRCHF_7d5c5bbd690e492dab2d,,{},非密-第二类危险源分析.docx,HAZARD_FACTOR_REFERENCE_V1,1.6-reference,1.0000,accepted
RELHF_ead17bd059cb7ab19785,HFSUB_3714c0ce37203cc71bfb,HAS_FAILURE_MODE,具有失效模式,LOCHF_c898083dacb02eac4a07,,SRCHF_6b8ed0e6f913ca3ee70e,,{},非密-第二类危险源分析.docx,HAZARD_FACTOR_REFERENCE_V1,1.6-reference,1.0000,accepted
RELHF_eb57579840e5c15bd3c2,HFSUB_3714c0ce37203cc71bfb,HAS_FAILURE_MODE,具有失效模式,LOCHF_1440dfed19d3ee8abac2,,SRCHF_aae90ef9ce51a103079a,,{},非密-第二类危险源分析.docx,HAZARD_FACTOR_REFERENCE_V1,1.6-reference,1.0000,accepted
RELHF_ec9387a8bc15b69a137f,HFSUB_7fbaa8987bd46aa43e3d,HAS_FAILURE_MODE,具有失效模式,LOCHF_88100da5fdcfc52483e0,,SRCHF_ee967e2c2ff13f185032,,{},非密-第二类危险源分析.docx,HAZARD_FACTOR_REFERENCE_V1,1.6-reference,1.0000,accepted
RELHF_ec97423883a4c9afc656,HFSUB_3be740fba9158966a7be,HAS_FAILURE_MODE,具有失效模式,LOCHF_e5152ec958991964450b,,SRCHF_6c17e6ac0df0ae3363ac,,{},非密-第二类危险源分析.docx,HAZARD_FACTOR_REFERENCE_V1,1.6-reference,1.0000,accepted
RELHF_eca997b1cc0d44c8a2fd,HFSUB_c1e46c6a69f3a03d8340,HAS_FAILURE_MODE,具有失效模式,LOCHF_ad8b2ee2d390980714c9,,SRCHF_c44d861a927536e130d2,,{},非密-第二类危险源分析.docx,HAZARD_FACTOR_REFERENCE_V1,1.6-reference,1.0000,accepted
RELHF_ee15b9c4f02f6065bec5,HFSUB_2021d403833451c45c8e,HAS_FAILURE_MODE,具有失效模式,LOCHF_9ef0963129716d1c1894,,SRCHF_df80b558821b226618d1,,{},非密-第二类危险源分析.docx,HAZARD_FACTOR_REFERENCE_V1,1.6-reference,1.0000,accepted
RELHF_ee24de215759734cbcce,HFSUB_fa95053a6249e538276f,HAS_FAILURE_MODE,具有失效模式,LOCHF_f9d231bfc2e6f4a4dff8,,SRCHF_f4724f75524190eec70a,,{},非密-第二类危险源分析.docx,HAZARD_FACTOR_REFERENCE_V1,1.6-reference,1.0000,accepted
RELHF_ee659956d52a872dc572,HFSUB_dc5acd27d2006184cb92,HAS_FAILURE_MODE,具有失效模式,LOCHF_f1bb752e47903304dd61,,SRCHF_28d7809725f9b6f5f226,,{},非密-第二类危险源分析.docx,HAZARD_FACTOR_REFERENCE_V1,1.6-reference,1.0000,accepted
RELHF_ee85019f3145bb2b5aa2,HFSUB_3c28074b64bfde37fddc,HAS_FAILURE_MODE,具有失效模式,LOCHF_6da1f969cda2093037e7,,SRCHF_3e30c576f9e4cfd69c0d,,{},非密-第二类危险源分析.docx,HAZARD_FACTOR_REFERENCE_V1,1.6-reference,1.0000,accepted
RELHF_ee9dae88f3c2172756d3,HFSUB_fa95053a6249e538276f,HAS_FAILURE_MODE,具有失效模式,LOCHF_1958ff63e5a3ef90e7e7,,SRCHF_770987b2bc4f4fe02354,,{},非密-第二类危险源分析.docx,HAZARD_FACTOR_REFERENCE_V1,1.6-reference,1.0000,accepted
RELHF_f007cddc58f95b32f37a,HFSUB_ee73683e4f1d80a8f06f,HAS_FAILURE_MODE,具有失效模式,LOCHF_c9e9d7b989c7f7cc446f,,SRCHF_df0d5508b6dece5805b3,,{},非密-第二类危险源分析.docx,HAZARD_FACTOR_REFERENCE_V1,1.6-reference,1.0000,accepted
RELHF_f06a7a5c9861529e7281,HFSUB_2fc0f1936aef3818e581,HAS_FAILURE_MODE,具有失效模式,LOCHF_fada2bc5cb8fe580b502,,SRCHF_938512fc693557bf7d54,,{},非密-第二类危险源分析.docx,HAZARD_FACTOR_REFERENCE_V1,1.6-reference,1.0000,accepted
RELHF_f083f72fb0bf968c5db9,HFSUB_2021d403833451c45c8e,HAS_FAILURE_MODE,具有失效模式,LOCHF_915e362e24564e934572,,SRCHF_9dcc136c6413e2e525f8,,{},非密-第二类危险源分析.docx,HAZARD_FACTOR_REFERENCE_V1,1.6-reference,1.0000,accepted
RELHF_f18b375effa78308ce89,HFSUB_2943f7c2ef6e7f6f3e11,HAS_FAILURE_MODE,具有失效模式,LOCHF_e3c01f00d395e1231711,,SRCHF_40cd810d9be131883f68,,{},非密-第二类危险源分析.docx,HAZARD_FACTOR_REFERENCE_V1,1.6-reference,1.0000,accepted
RELHF_f1d8a0fa954a04ec7ab1,HFSUB_2fc0f1936aef3818e581,HAS_FAILURE_MODE,具有失效模式,LOCHF_1b7b32f882070e20af13,,SRCHF_14cecff0333de89b0a63,,{},非密-第二类危险源分析.docx,HAZARD_FACTOR_REFERENCE_V1,1.6-reference,1.0000,accepted
RELHF_f28c8b15ed0649ce807d,HFSUB_3c28074b64bfde37fddc,HAS_FAILURE_MODE,具有失效模式,LOCHF_676226ec9353cdd583d5,,SRCHF_20432bdc3336182063c8,,{},非密-第二类危险源分析.docx,HAZARD_FACTOR_REFERENCE_V1,1.6-reference,1.0000,accepted
RELHF_f4cadef1e7892be4bd37,HFSUB_ee73683e4f1d80a8f06f,HAS_FAILURE_MODE,具有失效模式,LOCHF_5ac99702daa181caefe6,,SRCHF_b3111380cde3508395db,,{},非密-第二类危险源分析.docx,HAZARD_FACTOR_REFERENCE_V1,1.6-reference,1.0000,accepted
RELHF_f56f31d25f4943d2e117,HFSUB_20ead840a6ca05e6e7bf,HAS_FAILURE_MODE,具有失效模式,LOCHF_d652fadae7be79cba1fd,,SRCHF_eb51f82a11bcac77bfd5,,{},非密-第二类危险源分析.docx,HAZARD_FACTOR_REFERENCE_V1,1.6-reference,1.0000,accepted
RELHF_f7086d06392462ae6b99,HFSUB_f0da43b675a1e53250a7,HAS_FAILURE_MODE,具有失效模式,LOCHF_3892436155c570fb00c1,,SRCHF_190e04c2dbcbea7c560b,,{},非密-第二类危险源分析.docx,HAZARD_FACTOR_REFERENCE_V1,1.6-reference,1.0000,accepted
RELHF_f7d07fac576050e8be35,HFSUB_7fbaa8987bd46aa43e3d,HAS_FAILURE_MODE,具有失效模式,LOCHF_6185f61c219714cb6178,,SRCHF_0ce0a2bf9c5d046bb9f8,,{},非密-第二类危险源分析.docx,HAZARD_FACTOR_REFERENCE_V1,1.6-reference,1.0000,accepted
RELHF_f844feb693bcc664670d,HFSUB_dc5acd27d2006184cb92,HAS_FAILURE_MODE,具有失效模式,LOCHF_dacfb9bc5d5dc9f86039,,SRCHF_a559c62751f3359a074c,,{},非密-第二类危险源分析.docx,HAZARD_FACTOR_REFERENCE_V1,1.6-reference,1.0000,accepted
RELHF_f993067e8956f7ee26b9,HFSUB_3714c0ce37203cc71bfb,HAS_FAILURE_MODE,具有失效模式,LOCHF_9a3c4fcdd95f3f00862a,,SRCHF_3edf59f21f842f098ffd,,{},非密-第二类危险源分析.docx,HAZARD_FACTOR_REFERENCE_V1,1.6-reference,1.0000,accepted
RELHF_fa8177d3a7eb36b4690f,HFSUB_83db26af498bfba0e958,HAS_FAILURE_MODE,具有失效模式,LOCHF_0a15675b92b64d743dff,,SRCHF_cc297cb887b8fde1f82f,,{},非密-第二类危险源分析.docx,HAZARD_FACTOR_REFERENCE_V1,1.6-reference,1.0000,accepted
RELHF_faf73ca51828be0ca037,HFSUB_3be740fba9158966a7be,HAS_FAILURE_MODE,具有失效模式,LOCHF_ca0e3bbcc9036a0b0ea7,,SRCHF_fa6085f6618c0430d2c7,,{},非密-第二类危险源分析.docx,HAZARD_FACTOR_REFERENCE_V1,1.6-reference,1.0000,accepted
RELHF_fc7226856525feb3241b,HFSUB_3c28074b64bfde37fddc,HAS_FAILURE_MODE,具有失效模式,LOCHF_c008a6bda7b434d47af4,,SRCHF_1520a42c331194555efa,,{},非密-第二类危险源分析.docx,HAZARD_FACTOR_REFERENCE_V1,1.6-reference,1.0000,accepted
RELHF_fc9dcdd284b37c182cd5,HFSUB_f0da43b675a1e53250a7,HAS_FAILURE_MODE,具有失效模式,LOCHF_43a2aca7c008038181e9,,SRCHF_97bbb45ace25e8da6eb0,,{},非密-第二类危险源分析.docx,HAZARD_FACTOR_REFERENCE_V1,1.6-reference,1.0000,accepted
RELHF_fd1d97c80864bf0f7fdc,HFSUB_9f52a546069cc2dddf1a,HAS_FAILURE_MODE,具有失效模式,LOCHF_542bbaf583b36f6e9175,,SRCHF_eac0df7c4deda6f1af21,,{},非密-第二类危险源分析.docx,HAZARD_FACTOR_REFERENCE_V1,1.6-reference,1.0000,accepted
RELHF_fe10a62812ac657f0a0d,HFSUB_fa95053a6249e538276f,HAS_FAILURE_MODE,具有失效模式,LOCHF_9e92e0fe88bbdfd8d6a5,,SRCHF_a30ad2b68fa5510def53,,{},非密-第二类危险源分析.docx,HAZARD_FACTOR_REFERENCE_V1,1.6-reference,1.0000,accepted
RELHF_fe546d7acf6f9acbf9ae,HFSUB_3be740fba9158966a7be,HAS_FAILURE_MODE,具有失效模式,LOCHF_867d288680615c774d8a,,SRCHF_81674b1cd267f1782f65,,{},非密-第二类危险源分析.docx,HAZARD_FACTOR_REFERENCE_V1,1.6-reference,1.0000,accepted
RELHF_ffdd782587a5fa5b96c6,HFSUB_f0da43b675a1e53250a7,HAS_FAILURE_MODE,具有失效模式,LOCHF_9b10f7f372fcacd7e2d7,,SRCHF_6f12afcae69c15341bec,,{},非密-第二类危险源分析.docx,HAZARD_FACTOR_REFERENCE_V1,1.6-reference,1.0000,accepted
RELHF_0083f5a625f777dbfac1,LOCHF_8e97d8652c0ab8b580e6,HAS_RELEASE_FACTOR,具有危险源释放因素,HZFHF_4200c307ee96927b0480,,SRCHF_34c0ee47a5bfcd11586f,EVHF_c6a395b33a870ec5155f,"{""sequence_no"":1}",非密-第二类危险源分析.docx,HAZARD_FACTOR_REFERENCE_V1,1.6-reference,1.0000,accepted
RELHF_01466f1a62b14dee4476,LOCHF_5c4f52bd9775b83d3f7f,HAS_RELEASE_FACTOR,具有危险源释放因素,HZFHF_4cebfa96c086fd3ce4b6,,SRCHF_8625bfe5a0f3095ef52a,EVHF_0aea3545a1e0dd3482b1,"{""sequence_no"":3}",非密-第二类危险源分析.docx,HAZARD_FACTOR_REFERENCE_V1,1.6-reference,1.0000,accepted
RELHF_01c4f4e73a8ab362efca,LOCHF_542bbaf583b36f6e9175,HAS_RELEASE_FACTOR,具有危险源释放因素,HZFHF_0a9a9fd5e4d191151733,,SRCHF_eac0df7c4deda6f1af21,EVHF_000b2389095759b68fe8,"{""sequence_no"":1}",非密-第二类危险源分析.docx,HAZARD_FACTOR_REFERENCE_V1,1.6-reference,1.0000,accepted
RELHF_0380a35f583255d8b0ee,LOCHF_0a15675b92b64d743dff,HAS_RELEASE_FACTOR,具有危险源释放因素,HZFHF_a58189cf769f434fc15a,,SRCHF_cc297cb887b8fde1f82f,EVHF_0713d6b421b955b2576a,"{""sequence_no"":2}",非密-第二类危险源分析.docx,HAZARD_FACTOR_REFERENCE_V1,1.6-reference,1.0000,accepted
RELHF_049a9261d7c9a52de7e9,LOCHF_00573481724f5c91bc3a,HAS_RELEASE_FACTOR,具有危险源释放因素,HZFHF_b56391d3b291aa221488,,SRCHF_d700cb7312bafa5baca9,EVHF_1e116051d824ad7f817c,"{""sequence_no"":1}",非密-第二类危险源分析.docx,HAZARD_FACTOR_REFERENCE_V1,1.6-reference,1.0000,accepted
RELHF_052c480d43c15d8545aa,LOCHF_c0f9ea72ceca71cfb92f,HAS_RELEASE_FACTOR,具有危险源释放因素,HZFHF_1e1dd5293d770de624c9,,SRCHF_cfd2a273c81ffb78b0bf,EVHF_cb75573a365d8ea9583c,"{""sequence_no"":1}",非密-第二类危险源分析.docx,HAZARD_FACTOR_REFERENCE_V1,1.6-reference,1.0000,accepted
RELHF_05b993a8af40a26737d8,LOCHF_8fbf4e2c0d177f5e0aab,HAS_RELEASE_FACTOR,具有危险源释放因素,HZFHF_cdb6732ae5538bf9b73d,,SRCHF_bbeb962defe1f8ff7def,EVHF_e369416dbc3a04f269d8,"{""sequence_no"":1}",非密-第二类危险源分析.docx,HAZARD_FACTOR_REFERENCE_V1,1.6-reference,1.0000,accepted
RELHF_0768c42c37468b52d60c,LOCHF_8b9b07287b78d5e9937d,HAS_RELEASE_FACTOR,具有危险源释放因素,HZFHF_e6d06bae6b78a50aba43,,SRCHF_9022e8bd4f0fb0b596e2,EVHF_f7af47b1c94184d18dd7,"{""sequence_no"":1}",非密-第二类危险源分析.docx,HAZARD_FACTOR_REFERENCE_V1,1.6-reference,1.0000,accepted
RELHF_08dbfe882b4cbd969eef,LOCHF_82ea34de1701b7ded1dd,HAS_RELEASE_FACTOR,具有危险源释放因素,HZFHF_ed0c873ce443104a9727,,SRCHF_41d89841187a9f493e9e,EVHF_b1eb1bad60885b85f9ea,"{""sequence_no"":4}",非密-第二类危险源分析.docx,HAZARD_FACTOR_REFERENCE_V1,1.6-reference,1.0000,accepted
RELHF_0a5b73afe71ce0d3794c,LOCHF_f524ea733d8aa142af39,HAS_RELEASE_FACTOR,具有危险源释放因素,HZFHF_857460b5f36e752c21af,,SRCHF_dcb4e2cd6e3f02a9bc73,EVHF_aede8b56f95d33fc3958,"{""sequence_no"":1}",非密-第二类危险源分析.docx,HAZARD_FACTOR_REFERENCE_V1,1.6-reference,1.0000,accepted
RELHF_0be6c0c3f389c7a53aaa,LOCHF_e5152ec958991964450b,HAS_RELEASE_FACTOR,具有危险源释放因素,HZFHF_b8b6c6588b45e26c4767,,SRCHF_6c17e6ac0df0ae3363ac,EVHF_a588bb64793d772f9ff0,"{""sequence_no"":1}",非密-第二类危险源分析.docx,HAZARD_FACTOR_REFERENCE_V1,1.6-reference,1.0000,accepted
RELHF_0d4e4a464ad8992d9103,LOCHF_5fbfb5fb671dc8fef93f,HAS_RELEASE_FACTOR,具有危险源释放因素,HZFHF_c3c02caee6391c75323c,,SRCHF_dc9949022805adb37f0d,EVHF_1a737c850bcf6ceee280,"{""sequence_no"":2}",非密-第二类危险源分析.docx,HAZARD_FACTOR_REFERENCE_V1,1.6-reference,1.0000,accepted
RELHF_0e770cbabafdacae7ddb,LOCHF_c008a6bda7b434d47af4,HAS_RELEASE_FACTOR,具有危险源释放因素,HZFHF_c439cb5f1ad174f254dc,,SRCHF_1520a42c331194555efa,EVHF_9a340b767ce325c872e1,"{""sequence_no"":1}",非密-第二类危险源分析.docx,HAZARD_FACTOR_REFERENCE_V1,1.6-reference,1.0000,accepted
RELHF_0f1ee471384ad880056b,LOCHF_c898083dacb02eac4a07,HAS_RELEASE_FACTOR,具有危险源释放因素,HZFHF_360b07f122ef3db60df0,,SRCHF_6b8ed0e6f913ca3ee70e,EVHF_a04a630c3bb0098d538a,"{""sequence_no"":1}",非密-第二类危险源分析.docx,HAZARD_FACTOR_REFERENCE_V1,1.6-reference,1.0000,accepted
RELHF_0f6ddcbec90b1f4ba982,LOCHF_06d19066fffc16879330,HAS_RELEASE_FACTOR,具有危险源释放因素,HZFHF_9cb0a8a21b569403335c,,SRCHF_ac4dc535d490af9f6989,EVHF_1d74333f872ffd5066e3,"{""sequence_no"":1}",非密-第二类危险源分析.docx,HAZARD_FACTOR_REFERENCE_V1,1.6-reference,1.0000,accepted
RELHF_0fb639ac43542ce3e354,LOCHF_8c8469d1888fc09acc2f,HAS_RELEASE_FACTOR,具有危险源释放因素,HZFHF_b9a8eb2c8874d18299e6,,SRCHF_ace88b7ea18d12c280b3,EVHF_87beb3ed85460cc6186c,"{""sequence_no"":1}",非密-第二类危险源分析.docx,HAZARD_FACTOR_REFERENCE_V1,1.6-reference,1.0000,accepted
RELHF_107210f4fada34cecfa8,LOCHF_5e98777bf4a646ec1972,HAS_RELEASE_FACTOR,具有危险源释放因素,HZFHF_e8451060878810ef9eec,,SRCHF_f47dc8b9d474d64b8d94,EVHF_58e9069294aa20e28d51,"{""sequence_no"":1}",非密-第二类危险源分析.docx,HAZARD_FACTOR_REFERENCE_V1,1.6-reference,1.0000,accepted
RELHF_11c27dc16628186920b6,LOCHF_c81992913495f0d8877b,HAS_RELEASE_FACTOR,具有危险源释放因素,HZFHF_d0578cafddee1f65e0e5,,SRCHF_6bf7b23e93f5f1e9b380,EVHF_094555f3edae882dab69,"{""sequence_no"":1}",非密-第二类危险源分析.docx,HAZARD_FACTOR_REFERENCE_V1,1.6-reference,1.0000,accepted
RELHF_11d6184c6fce91d7ebaa,LOCHF_43bcb3a6dad9bdf45222,HAS_RELEASE_FACTOR,具有危险源释放因素,HZFHF_947cc2dc148e22d1b0b4,,SRCHF_c4f0a00f0709887111df,EVHF_71e5a79f9cfd66069318,"{""sequence_no"":1}",非密-第二类危险源分析.docx,HAZARD_FACTOR_REFERENCE_V1,1.6-reference,1.0000,accepted
RELHF_12a21d211346a42ef7c6,LOCHF_ff998036a81ecffad4c8,HAS_RELEASE_FACTOR,具有危险源释放因素,HZFHF_d8591fa94a8ef20a93b0,,SRCHF_9e07388e44ee47a785d6,EVHF_ea82c503034fbcf17eae,"{""sequence_no"":2}",非密-第二类危险源分析.docx,HAZARD_FACTOR_REFERENCE_V1,1.6-reference,1.0000,accepted
RELHF_15ebd83345ec69b827e9,LOCHF_913ef37be253cea03388,HAS_RELEASE_FACTOR,具有危险源释放因素,HZFHF_663629201699c66e6d73,,SRCHF_fc58b5d0028ec7286b69,EVHF_d5adad3a983577a151ae,"{""sequence_no"":1}",非密-第二类危险源分析.docx,HAZARD_FACTOR_REFERENCE_V1,1.6-reference,1.0000,accepted
RELHF_164d8224fe24dc751717,LOCHF_acd46394bed70da42f23,HAS_RELEASE_FACTOR,具有危险源释放因素,HZFHF_77dd266cb63f95910b79,,SRCHF_a4d6bcfdac01477e4dfe,EVHF_85d1be0d08b98cd4bb32,"{""sequence_no"":1}",非密-第二类危险源分析.docx,HAZARD_FACTOR_REFERENCE_V1,1.6-reference,1.0000,accepted
RELHF_172ad0cc0ba7fa58df3c,LOCHF_0660bdf90204d5e7e620,HAS_RELEASE_FACTOR,具有危险源释放因素,HZFHF_da8b2a95a6cb0dc27985,,SRCHF_94701b909ed6f764cab8,EVHF_c7774ca510c0d946ac8d,"{""sequence_no"":1}",非密-第二类危险源分析.docx,HAZARD_FACTOR_REFERENCE_V1,1.6-reference,1.0000,accepted
RELHF_176f302c972cdec626d8,LOCHF_5c4f52bd9775b83d3f7f,HAS_RELEASE_FACTOR,具有危险源释放因素,HZFHF_c1e0e997e4e8849e96dc,,SRCHF_8625bfe5a0f3095ef52a,EVHF_0aea3545a1e0dd3482b1,"{""sequence_no"":6}",非密-第二类危险源分析.docx,HAZARD_FACTOR_REFERENCE_V1,1.6-reference,1.0000,accepted
RELHF_1932608d0d37e8c299ef,LOCHF_d13a7d6747c69dc6bd4a,HAS_RELEASE_FACTOR,具有危险源释放因素,HZFHF_cb4f36e8fc409bcc1aa0,,SRCHF_363c4a62771c700b5a09,EVHF_111f6fe6c81bed9e4cab,"{""sequence_no"":2}",非密-第二类危险源分析.docx,HAZARD_FACTOR_REFERENCE_V1,1.6-reference,1.0000,accepted
RELHF_194bd02798833762dc21,LOCHF_5ac99702daa181caefe6,HAS_RELEASE_FACTOR,具有危险源释放因素,HZFHF_7be5f6328e297b54d686,,SRCHF_b3111380cde3508395db,EVHF_02d43f46e65f42e03f72,"{""sequence_no"":1}",非密-第二类危险源分析.docx,HAZARD_FACTOR_REFERENCE_V1,1.6-reference,1.0000,accepted
RELHF_1a2a67f9543013674f1d,LOCHF_f1f78bdb5c87bcbd0c74,HAS_RELEASE_FACTOR,具有危险源释放因素,HZFHF_4e8457ff0a95bf43793c,,SRCHF_cfd1f4d4db8b0d533806,EVHF_ee0c0c50d6a0c6e68a5d,"{""sequence_no"":1}",非密-第二类危险源分析.docx,HAZARD_FACTOR_REFERENCE_V1,1.6-reference,1.0000,accepted
RELHF_1ad310c0a4189ee6ec42,LOCHF_64398462057757b32b6e,HAS_RELEASE_FACTOR,具有危险源释放因素,HZFHF_972066429fc7873b3776,,SRCHF_5d1bda1f8fff7a4c0681,EVHF_986dd79429ae455e6e46,"{""sequence_no"":1}",非密-第二类危险源分析.docx,HAZARD_FACTOR_REFERENCE_V1,1.6-reference,1.0000,accepted
RELHF_1b12d70d9ee552ad0968,LOCHF_dacfb9bc5d5dc9f86039,HAS_RELEASE_FACTOR,具有危险源释放因素,HZFHF_41c8ba958faad86d9af9,,SRCHF_a559c62751f3359a074c,EVHF_ae1fcd30236ccc2e32e5,"{""sequence_no"":1}",非密-第二类危险源分析.docx,HAZARD_FACTOR_REFERENCE_V1,1.6-reference,1.0000,accepted
RELHF_1b29a564d06cfdf25aa1,LOCHF_f3aeca2b9a4fc722a4b5,HAS_RELEASE_FACTOR,具有危险源释放因素,HZFHF_b0754a2f37091755b188,,SRCHF_13fd90510fbe15e64163,EVHF_949377867e131a02a02b,"{""sequence_no"":1}",非密-第二类危险源分析.docx,HAZARD_FACTOR_REFERENCE_V1,1.6-reference,1.0000,accepted
RELHF_1c04f8e602aca036ea61,LOCHF_676226ec9353cdd583d5,HAS_RELEASE_FACTOR,具有危险源释放因素,HZFHF_2c2c8a7fdaff442fa489,,SRCHF_20432bdc3336182063c8,EVHF_4c4f2bf8ac954acb206c,"{""sequence_no"":1}",非密-第二类危险源分析.docx,HAZARD_FACTOR_REFERENCE_V1,1.6-reference,1.0000,accepted
RELHF_1c1c2c6bda75939dde3f,LOCHF_2e637f2274c208a56374,HAS_RELEASE_FACTOR,具有危险源释放因素,HZFHF_1c8919867133f8665b5e,,SRCHF_c7155161d7e938550a61,EVHF_dcc493e4040650c0f70c,"{""sequence_no"":1}",非密-第二类危险源分析.docx,HAZARD_FACTOR_REFERENCE_V1,1.6-reference,1.0000,accepted
RELHF_1da3029d2a196c2b2d85,LOCHF_d652fadae7be79cba1fd,HAS_RELEASE_FACTOR,具有危险源释放因素,HZFHF_ad3daea6b5207d3ba7ba,,SRCHF_eb51f82a11bcac77bfd5,EVHF_3beabfd7a8c65579dfef,"{""sequence_no"":1}",非密-第二类危险源分析.docx,HAZARD_FACTOR_REFERENCE_V1,1.6-reference,1.0000,accepted
RELHF_1de511297092afece842,LOCHF_cbc20f7edae289b223ea,HAS_RELEASE_FACTOR,具有危险源释放因素,HZFHF_2956581b9d38773f51f1,,SRCHF_91ed68e27ef94e2b51ab,EVHF_470c61fdcfb5a9f52022,"{""sequence_no"":1}",非密-第二类危险源分析.docx,HAZARD_FACTOR_REFERENCE_V1,1.6-reference,1.0000,accepted
RELHF_1f7d893c9655655270bc,LOCHF_9772679d25bd163030a1,HAS_RELEASE_FACTOR,具有危险源释放因素,HZFHF_912ef8643211b9e2f626,,SRCHF_301e080ba1f40bc29751,EVHF_9c5dda97728e6d2b1fad,"{""sequence_no"":1}",非密-第二类危险源分析.docx,HAZARD_FACTOR_REFERENCE_V1,1.6-reference,1.0000,accepted
RELHF_1fe58a47de1b8d900de8,LOCHF_9e92e0fe88bbdfd8d6a5,HAS_RELEASE_FACTOR,具有危险源释放因素,HZFHF_88fbc01cc8e382ecefe6,,SRCHF_a30ad2b68fa5510def53,EVHF_76dda8bb6bc21b884e79,"{""sequence_no"":1}",非密-第二类危险源分析.docx,HAZARD_FACTOR_REFERENCE_V1,1.6-reference,1.0000,accepted
RELHF_1ff5150ef4b9fb481dfb,LOCHF_304c7b636afc64ca9f3d,HAS_RELEASE_FACTOR,具有危险源释放因素,HZFHF_4f8e7ecc27f1780e6cc0,,SRCHF_38a1287d72e9905628ff,EVHF_d200661417a3b87a6520,"{""sequence_no"":1}",非密-第二类危险源分析.docx,HAZARD_FACTOR_REFERENCE_V1,1.6-reference,1.0000,accepted
RELHF_208a5f9652e02540efc2,LOCHF_8d9dfc002f08b2d0f1f8,HAS_RELEASE_FACTOR,具有危险源释放因素,HZFHF_0999d532a5268eb2cc0f,,SRCHF_0cee0098f9488c00bcc0,EVHF_b10333d10c37884b9d74,"{""sequence_no"":1}",非密-第二类危险源分析.docx,HAZARD_FACTOR_REFERENCE_V1,1.6-reference,1.0000,accepted
RELHF_215635da936f568319e6,LOCHF_1f967173ed61131dd4c4,HAS_RELEASE_FACTOR,具有危险源释放因素,HZFHF_25461c89b2c1deab0c34,,SRCHF_d79b95e551f3f81b2964,EVHF_d76940a4c11355dc38e7,"{""sequence_no"":1}",非密-第二类危险源分析.docx,HAZARD_FACTOR_REFERENCE_V1,1.6-reference,1.0000,accepted
RELHF_217f1ffa7515e2626a54,LOCHF_8162a513c1b8b6f81a4d,HAS_RELEASE_FACTOR,具有危险源释放因素,HZFHF_cdccf17e2025ca22564a,,SRCHF_31d8c6d8cb0b1981e0ce,EVHF_a0de9920da827209e085,"{""sequence_no"":1}",非密-第二类危险源分析.docx,HAZARD_FACTOR_REFERENCE_V1,1.6-reference,1.0000,accepted
RELHF_22942597c7421fbd2fe1,LOCHF_33a78b50577f55d3fe43,HAS_RELEASE_FACTOR,具有危险源释放因素,HZFHF_8e927e20f1d842a0703c,,SRCHF_2be2b26016fd3973bba3,EVHF_a8612584303759332f57,"{""sequence_no"":1}",非密-第二类危险源分析.docx,HAZARD_FACTOR_REFERENCE_V1,1.6-reference,1.0000,accepted
RELHF_2326fd5768eda48ee357,LOCHF_50d7f9272c59c84f4088,HAS_RELEASE_FACTOR,具有危险源释放因素,HZFHF_5740af5f0014cf38a8db,,SRCHF_fc89c028bacfc466b374,EVHF_45a3aaf4f2f94c20502e,"{""sequence_no"":3}",非密-第二类危险源分析.docx,HAZARD_FACTOR_REFERENCE_V1,1.6-reference,1.0000,accepted
RELHF_23ba379c98efc3ab78df,LOCHF_a034279aec77f598934a,HAS_RELEASE_FACTOR,具有危险源释放因素,HZFHF_00132ee6d322e082f9ab,,SRCHF_d9d3790355b7a7a19a9e,EVHF_891aa50a1d8b7d726207,"{""sequence_no"":1}",非密-第二类危险源分析.docx,HAZARD_FACTOR_REFERENCE_V1,1.6-reference,1.0000,accepted
RELHF_272da17cab2be9112a98,LOCHF_493a7fadaab5f5d14bc2,HAS_RELEASE_FACTOR,具有危险源释放因素,HZFHF_975f3c26faf9660ba73b,,SRCHF_5922809bfe2cf7d4d162,EVHF_821e9ef60bf16e900fd4,"{""sequence_no"":1}",非密-第二类危险源分析.docx,HAZARD_FACTOR_REFERENCE_V1,1.6-reference,1.0000,accepted
RELHF_280cef9e88c2e3225924,LOCHF_47a2c9d65ddc20b563ff,HAS_RELEASE_FACTOR,具有危险源释放因素,HZFHF_5e65f3b95af42544612c,,SRCHF_c414c55a0b094cb1729e,EVHF_615dab0964bb1f96c43c,"{""sequence_no"":1}",非密-第二类危险源分析.docx,HAZARD_FACTOR_REFERENCE_V1,1.6-reference,1.0000,accepted
RELHF_28126a4e5e63de3d3787,LOCHF_daeb2e10e96bd14d6575,HAS_RELEASE_FACTOR,具有危险源释放因素,HZFHF_3addfca9c70fac0bd198,,SRCHF_c74203e64bb3101534ce,EVHF_6844ccfa11da90bdece3,"{""sequence_no"":1}",非密-第二类危险源分析.docx,HAZARD_FACTOR_REFERENCE_V1,1.6-reference,1.0000,accepted
RELHF_2871c160c3ca0c83cdf6,LOCHF_9e9b2748884b3a4bc826,HAS_RELEASE_FACTOR,具有危险源释放因素,HZFHF_6dab843764510085f817,,SRCHF_bc0ad0c41aea0360fd61,EVHF_b8ce8ff0521fe273c23c,"{""sequence_no"":1}",非密-第二类危险源分析.docx,HAZARD_FACTOR_REFERENCE_V1,1.6-reference,1.0000,accepted
RELHF_2971e4e5f442722bde3e,LOCHF_3892436155c570fb00c1,HAS_RELEASE_FACTOR,具有危险源释放因素,HZFHF_f8065e072149f7208e77,,SRCHF_190e04c2dbcbea7c560b,EVHF_7b978ba59b671dd2b00e,"{""sequence_no"":1}",非密-第二类危险源分析.docx,HAZARD_FACTOR_REFERENCE_V1,1.6-reference,1.0000,accepted
RELHF_2a1da1d20d44d46dfb3e,LOCHF_1fb730c2b40bfb267153,HAS_RELEASE_FACTOR,具有危险源释放因素,HZFHF_2f9806ea0c7845f15432,,SRCHF_1efb21887e9d20ace659,EVHF_0a96e71082bd30be786d,"{""sequence_no"":1}",非密-第二类危险源分析.docx,HAZARD_FACTOR_REFERENCE_V1,1.6-reference,1.0000,accepted
RELHF_2af8a9cc75332a8fe85a,LOCHF_36cd63d7a3e9700f9c2b,HAS_RELEASE_FACTOR,具有危险源释放因素,HZFHF_133b1d5aad19c8bd5f64,,SRCHF_8ef2923c500a594da821,EVHF_b25bd602ccdd3d202f9a,"{""sequence_no"":2}",非密-第二类危险源分析.docx,HAZARD_FACTOR_REFERENCE_V1,1.6-reference,1.0000,accepted
RELHF_2b55a147331c6a1634bd,LOCHF_9b10f7f372fcacd7e2d7,HAS_RELEASE_FACTOR,具有危险源释放因素,HZFHF_270c81e00bb070a018d9,,SRCHF_6f12afcae69c15341bec,EVHF_726e8271005c1de3e271,"{""sequence_no"":1}",非密-第二类危险源分析.docx,HAZARD_FACTOR_REFERENCE_V1,1.6-reference,1.0000,accepted
RELHF_2b5b0d236633f34a3b2a,LOCHF_310309f160d82ea816f6,HAS_RELEASE_FACTOR,具有危险源释放因素,HZFHF_2b3f737a5784673a1317,,SRCHF_dec5b99c264c15f73f8f,EVHF_fa48ba379e7391b9e763,"{""sequence_no"":1}",非密-第二类危险源分析.docx,HAZARD_FACTOR_REFERENCE_V1,1.6-reference,1.0000,accepted
RELHF_2bd305a92332e339be83,LOCHF_c2797ed7e4eff269b265,HAS_RELEASE_FACTOR,具有危险源释放因素,HZFHF_e4750df5aa298f9639ff,,SRCHF_87d3475055878665610e,EVHF_8f212eae8a870041912a,"{""sequence_no"":1}",非密-第二类危险源分析.docx,HAZARD_FACTOR_REFERENCE_V1,1.6-reference,1.0000,accepted
RELHF_2d719903ab4a0c697659,LOCHF_8a2b5a80b4dfa8a62794,HAS_RELEASE_FACTOR,具有危险源释放因素,HZFHF_ea0b4f1292cc51fc46b7,,SRCHF_21baa01d1f1620d36e6a,EVHF_3d7dfc3062f232570b76,"{""sequence_no"":1}",非密-第二类危险源分析.docx,HAZARD_FACTOR_REFERENCE_V1,1.6-reference,1.0000,accepted
RELHF_2e74125c24d8196d77cc,LOCHF_e611bba4eff7a3dc1c22,HAS_RELEASE_FACTOR,具有危险源释放因素,HZFHF_6f739fe269b3bbd9f87f,,SRCHF_294099aa533da6fb853b,EVHF_9d8e173996a638fbbc2e,"{""sequence_no"":1}",非密-第二类危险源分析.docx,HAZARD_FACTOR_REFERENCE_V1,1.6-reference,1.0000,accepted
RELHF_2f515617b1627cba2931,LOCHF_89267cfb8c929bf19ad0,HAS_RELEASE_FACTOR,具有危险源释放因素,HZFHF_dd76d02e06595ac7272a,,SRCHF_055ae9078317ae095253,EVHF_c71240af4c361dd87c23,"{""sequence_no"":1}",非密-第二类危险源分析.docx,HAZARD_FACTOR_REFERENCE_V1,1.6-reference,1.0000,accepted
RELHF_2fa464f404d44a32bdfd,LOCHF_f854960ca3a621450d68,HAS_RELEASE_FACTOR,具有危险源释放因素,HZFHF_0fce95451ddb9ed13db9,,SRCHF_f63024f53339cc844a71,EVHF_58dd6ab533b2aabfd25f,"{""sequence_no"":1}",非密-第二类危险源分析.docx,HAZARD_FACTOR_REFERENCE_V1,1.6-reference,1.0000,accepted
RELHF_2fe4356229e57afd2d72,LOCHF_4269b99eee6d36cd1046,HAS_RELEASE_FACTOR,具有危险源释放因素,HZFHF_7a012a9f2aad360c132e,,SRCHF_6b07230449ace8301ff5,EVHF_3107752013f815e5cacc,"{""sequence_no"":2}",非密-第二类危险源分析.docx,HAZARD_FACTOR_REFERENCE_V1,1.6-reference,1.0000,accepted
RELHF_3110ec5198edf875ecac,LOCHF_e5dea2357fb8f5c0096e,HAS_RELEASE_FACTOR,具有危险源释放因素,HZFHF_d4f2f6f3c6f30dbf490f,,SRCHF_687c1a0e1e845d64097c,EVHF_5f5e0d14be0240f2f24b,"{""sequence_no"":1}",非密-第二类危险源分析.docx,HAZARD_FACTOR_REFERENCE_V1,1.6-reference,1.0000,accepted
RELHF_313e8ea991708fb410b4,LOCHF_1fb730c2b40bfb267153,HAS_RELEASE_FACTOR,具有危险源释放因素,HZFHF_ff0df0b010922366bc1a,,SRCHF_1efb21887e9d20ace659,EVHF_0a96e71082bd30be786d,"{""sequence_no"":5}",非密-第二类危险源分析.docx,HAZARD_FACTOR_REFERENCE_V1,1.6-reference,1.0000,accepted
RELHF_349e111310d8ec24b8a4,LOCHF_440e448603a670beaca1,HAS_RELEASE_FACTOR,具有危险源释放因素,HZFHF_68b043cb7752a10c325d,,SRCHF_9b75d785ff1fd106f42a,EVHF_e92a7b041d65fcad7372,"{""sequence_no"":1}",非密-第二类危险源分析.docx,HAZARD_FACTOR_REFERENCE_V1,1.6-reference,1.0000,accepted
RELHF_354279838ccfc837e5b9,LOCHF_b11ea223b54c53a0509a,HAS_RELEASE_FACTOR,具有危险源释放因素,HZFHF_e2ff93584c3f42546ccf,,SRCHF_0f6a49774b2c4b669cce,EVHF_299048dcd3b50ac73aa3,"{""sequence_no"":1}",非密-第二类危险源分析.docx,HAZARD_FACTOR_REFERENCE_V1,1.6-reference,1.0000,accepted
RELHF_35b84198a109014df0aa,LOCHF_6928244546a3cc4d7cf3,HAS_RELEASE_FACTOR,具有危险源释放因素,HZFHF_192aa69ec6e6521d41c6,,SRCHF_5ae4d65ab5606cdd7310,EVHF_8154802f49cd0d8e9ce2,"{""sequence_no"":1}",非密-第二类危险源分析.docx,HAZARD_FACTOR_REFERENCE_V1,1.6-reference,1.0000,accepted
RELHF_36bca3fb0fda5bcd6f64,LOCHF_d27d9258c2fcb65df4a5,HAS_RELEASE_FACTOR,具有危险源释放因素,HZFHF_dfab8f21e5f53fa1d774,,SRCHF_b1018534ee33c29a10c5,EVHF_32eca3b71981f0be79fb,"{""sequence_no"":1}",非密-第二类危险源分析.docx,HAZARD_FACTOR_REFERENCE_V1,1.6-reference,1.0000,accepted
RELHF_36d9a87a3917f4418dc9,LOCHF_5fc6ec18ec9e7eee4831,HAS_RELEASE_FACTOR,具有危险源释放因素,HZFHF_a429c473de351008da84,,SRCHF_b403303473c50dd9b401,EVHF_f60be342e8fac1cc48b9,"{""sequence_no"":1}",非密-第二类危险源分析.docx,HAZARD_FACTOR_REFERENCE_V1,1.6-reference,1.0000,accepted
RELHF_371f3e175eb401a8a651,LOCHF_c46512caef439a97c5ea,HAS_RELEASE_FACTOR,具有危险源释放因素,HZFHF_434023c94f9f3bd768b6,,SRCHF_31889bae70cc1e6ec53e,EVHF_26528929f379c4fbcb77,"{""sequence_no"":1}",非密-第二类危险源分析.docx,HAZARD_FACTOR_REFERENCE_V1,1.6-reference,1.0000,accepted
RELHF_373b0644d81c39ce90a0,LOCHF_1440dfed19d3ee8abac2,HAS_RELEASE_FACTOR,具有危险源释放因素,HZFHF_b9ab60724996d3bbd48b,,SRCHF_aae90ef9ce51a103079a,EVHF_d2e2f8ec986c392fe124,"{""sequence_no"":1}",非密-第二类危险源分析.docx,HAZARD_FACTOR_REFERENCE_V1,1.6-reference,1.0000,accepted
RELHF_3821761009ed1095c7c3,LOCHF_575ebc0f9ef175223a69,HAS_RELEASE_FACTOR,具有危险源释放因素,HZFHF_d782858e1d17d72f7a7d,,SRCHF_e66a72d201715094af64,EVHF_2d0108c8d9573e48e91d,"{""sequence_no"":1}",非密-第二类危险源分析.docx,HAZARD_FACTOR_REFERENCE_V1,1.6-reference,1.0000,accepted
RELHF_3829f60e3f48f2bf36fb,LOCHF_38978e5cd4fee87006f1,HAS_RELEASE_FACTOR,具有危险源释放因素,HZFHF_610e7cc01a870eb3ecd8,,SRCHF_7b6b86d5580aa7c669ae,EVHF_47035f5e674447ff45e4,"{""sequence_no"":1}",非密-第二类危险源分析.docx,HAZARD_FACTOR_REFERENCE_V1,1.6-reference,1.0000,accepted
RELHF_38cb996981819a1e0b7f,LOCHF_663c424974e6a5f0af68,HAS_RELEASE_FACTOR,具有危险源释放因素,HZFHF_4d4885e9651f44abeb10,,SRCHF_fb62a82d964636ac58e6,EVHF_fc5d8353a2f8592ac946,"{""sequence_no"":1}",非密-第二类危险源分析.docx,HAZARD_FACTOR_REFERENCE_V1,1.6-reference,1.0000,accepted
RELHF_3ac05ccc5629e81c5de6,LOCHF_872ef013e742bcc865a5,HAS_RELEASE_FACTOR,具有危险源释放因素,HZFHF_707047294efb312da99c,,SRCHF_9e5d6be815291551b948,EVHF_8fa4be301c7df3832f16,"{""sequence_no"":1}",非密-第二类危险源分析.docx,HAZARD_FACTOR_REFERENCE_V1,1.6-reference,1.0000,accepted
RELHF_3bf40760aae03db96963,LOCHF_43a2aca7c008038181e9,HAS_RELEASE_FACTOR,具有危险源释放因素,HZFHF_44aa87efa38c8d4e88d7,,SRCHF_97bbb45ace25e8da6eb0,EVHF_e9bf37410b7caf617154,"{""sequence_no"":1}",非密-第二类危险源分析.docx,HAZARD_FACTOR_REFERENCE_V1,1.6-reference,1.0000,accepted
RELHF_3c9583a0acc8a53ff41b,LOCHF_a8da17d64442aca0a8cd,HAS_RELEASE_FACTOR,具有危险源释放因素,HZFHF_2351b25f322bfe22051e,,SRCHF_68e2596bfc02c10db6a0,EVHF_2382db9c174e1d1cc3bd,"{""sequence_no"":1}",非密-第二类危险源分析.docx,HAZARD_FACTOR_REFERENCE_V1,1.6-reference,1.0000,accepted
RELHF_3cb1557a47dfed759461,LOCHF_fcc64cfb2ce919cb3b83,HAS_RELEASE_FACTOR,具有危险源释放因素,HZFHF_46b6ba3456f7bba76657,,SRCHF_364d760f47f8b9a5f112,EVHF_cfa83311b7d6ac541a8a,"{""sequence_no"":1}",非密-第二类危险源分析.docx,HAZARD_FACTOR_REFERENCE_V1,1.6-reference,1.0000,accepted
RELHF_3d3181a7ca597e344797,LOCHF_c13a90ce47206ff01419,HAS_RELEASE_FACTOR,具有危险源释放因素,HZFHF_07e87731171bce254977,,SRCHF_190f44d52f346300faca,EVHF_3b7e6448ef0683c59a09,"{""sequence_no"":1}",非密-第二类危险源分析.docx,HAZARD_FACTOR_REFERENCE_V1,1.6-reference,1.0000,accepted
RELHF_3f1245bd5500d97acdfd,LOCHF_50d7f9272c59c84f4088,HAS_RELEASE_FACTOR,具有危险源释放因素,HZFHF_837f65b0d4ea7e7687f2,,SRCHF_fc89c028bacfc466b374,EVHF_45a3aaf4f2f94c20502e,"{""sequence_no"":1}",非密-第二类危险源分析.docx,HAZARD_FACTOR_REFERENCE_V1,1.6-reference,1.0000,accepted
RELHF_3f7145b7e1d50ff5f5b5,LOCHF_5411bc8bb0bde9da4f25,HAS_RELEASE_FACTOR,具有危险源释放因素,HZFHF_6c57a0d424345160669b,,SRCHF_aff3c70cf54bb1ca415b,EVHF_8ed976059b56d408ed9b,"{""sequence_no"":1}",非密-第二类危险源分析.docx,HAZARD_FACTOR_REFERENCE_V1,1.6-reference,1.0000,accepted
RELHF_403a17115f42c2e3de48,LOCHF_0a15675b92b64d743dff,HAS_RELEASE_FACTOR,具有危险源释放因素,HZFHF_6b6222732e43640d6bad,,SRCHF_cc297cb887b8fde1f82f,EVHF_0713d6b421b955b2576a,"{""sequence_no"":1}",非密-第二类危险源分析.docx,HAZARD_FACTOR_REFERENCE_V1,1.6-reference,1.0000,accepted
RELHF_4048e627db9743a9c9aa,LOCHF_cf937b0929828760d4d0,HAS_RELEASE_FACTOR,具有危险源释放因素,HZFHF_3ad3f6c869644f7baff9,,SRCHF_2fa215efd87140d1fa5a,EVHF_2bd39b3db3a0408fa3bb,"{""sequence_no"":1}",非密-第二类危险源分析.docx,HAZARD_FACTOR_REFERENCE_V1,1.6-reference,1.0000,accepted
RELHF_42aadf3de5263a817b2f,LOCHF_8a89da200f0fe87d7a57,HAS_RELEASE_FACTOR,具有危险源释放因素,HZFHF_690446ce738e57f249ba,,SRCHF_77f860504ea23949ff7c,EVHF_c7bd6ab01cf021967abf,"{""sequence_no"":1}",非密-第二类危险源分析.docx,HAZARD_FACTOR_REFERENCE_V1,1.6-reference,1.0000,accepted
RELHF_4342b0f6a3ac54aaf06e,LOCHF_1958ff63e5a3ef90e7e7,HAS_RELEASE_FACTOR,具有危险源释放因素,HZFHF_a434bdc24dcdaec17308,,SRCHF_770987b2bc4f4fe02354,EVHF_f55c50b52fa00c7938bf,"{""sequence_no"":1}",非密-第二类危险源分析.docx,HAZARD_FACTOR_REFERENCE_V1,1.6-reference,1.0000,accepted
RELHF_436ea71fe80ede42f63d,LOCHF_e4ba7fd7ee8749d47d32,HAS_RELEASE_FACTOR,具有危险源释放因素,HZFHF_448daf99263e05d6550a,,SRCHF_6b314758d82feb13577c,EVHF_3cae71893eb0bba1d5ff,"{""sequence_no"":1}",非密-第二类危险源分析.docx,HAZARD_FACTOR_REFERENCE_V1,1.6-reference,1.0000,accepted
RELHF_436f44c2d584b8ec05c4,LOCHF_9e7054e3d1aa05fd467e,HAS_RELEASE_FACTOR,具有危险源释放因素,HZFHF_c4a3f58f8f2383c60ed5,,SRCHF_a80aaea83953a2727425,EVHF_cec398b14a8d93aa6832,"{""sequence_no"":1}",非密-第二类危险源分析.docx,HAZARD_FACTOR_REFERENCE_V1,1.6-reference,1.0000,accepted
RELHF_43800c09495ce563da00,LOCHF_736f344bc33244d66193,HAS_RELEASE_FACTOR,具有危险源释放因素,HZFHF_d83948a9388621d60e35,,SRCHF_fe1a17cfea09bea61206,EVHF_698b91906a53bd1978d9,"{""sequence_no"":1}",非密-第二类危险源分析.docx,HAZARD_FACTOR_REFERENCE_V1,1.6-reference,1.0000,accepted
RELHF_4385b408df278c7fa117,LOCHF_e38fc01000e90a80b524,HAS_RELEASE_FACTOR,具有危险源释放因素,HZFHF_c31d7b7522b3266bdf3b,,SRCHF_1e2528578f49b79ed81c,EVHF_613d757c426f4efafefe,"{""sequence_no"":1}",非密-第二类危险源分析.docx,HAZARD_FACTOR_REFERENCE_V1,1.6-reference,1.0000,accepted
RELHF_43f36de04548656defa2,LOCHF_3259beb33f62f3506c36,HAS_RELEASE_FACTOR,具有危险源释放因素,HZFHF_5fe5952b8f4f3a7d0a25,,SRCHF_915c8a9da5df214fee0a,EVHF_c743c60d1b9e553d327c,"{""sequence_no"":1}",非密-第二类危险源分析.docx,HAZARD_FACTOR_REFERENCE_V1,1.6-reference,1.0000,accepted
RELHF_4431f8740cba0631c817,LOCHF_5155dc62fdc827c21c4d,HAS_RELEASE_FACTOR,具有危险源释放因素,HZFHF_22854a76330181ab2e6a,,SRCHF_8cb5384e8408b7300da2,EVHF_d35a4e59b990ad15bd77,"{""sequence_no"":1}",非密-第二类危险源分析.docx,HAZARD_FACTOR_REFERENCE_V1,1.6-reference,1.0000,accepted
RELHF_44a75f7bb60433f2a818,LOCHF_915e362e24564e934572,HAS_RELEASE_FACTOR,具有危险源释放因素,HZFHF_5175b5590a99cfdacd22,,SRCHF_9dcc136c6413e2e525f8,EVHF_11d19a443ce9f6b8bb5a,"{""sequence_no"":1}",非密-第二类危险源分析.docx,HAZARD_FACTOR_REFERENCE_V1,1.6-reference,1.0000,accepted
RELHF_44fdb347a85a84e475b8,LOCHF_893ab4e4d19f3bd49446,HAS_RELEASE_FACTOR,具有危险源释放因素,HZFHF_f5fbabfe1c49e55e7074,,SRCHF_826b8e1b5babcfc53d2c,EVHF_e1488293a72dcc9b3b05,"{""sequence_no"":1}",非密-第二类危险源分析.docx,HAZARD_FACTOR_REFERENCE_V1,1.6-reference,1.0000,accepted
RELHF_4578e3f831347a28da00,LOCHF_a3695d445be92c295cc3,HAS_RELEASE_FACTOR,具有危险源释放因素,HZFHF_ea800f8b7d738ee91893,,SRCHF_53af7e926ef486483f7d,EVHF_db9d55427f74c191d8ea,"{""sequence_no"":1}",非密-第二类危险源分析.docx,HAZARD_FACTOR_REFERENCE_V1,1.6-reference,1.0000,accepted
RELHF_45ee386169fdd74ebd2e,LOCHF_72146974633980faf0a2,HAS_RELEASE_FACTOR,具有危险源释放因素,HZFHF_5f2258df4e83ff053039,,SRCHF_9201e2f90158728ff488,EVHF_c5b2e7766c913548e250,"{""sequence_no"":2}",非密-第二类危险源分析.docx,HAZARD_FACTOR_REFERENCE_V1,1.6-reference,1.0000,accepted
RELHF_46c9815331fb1f952a64,LOCHF_e0215910bff1ae5205d0,HAS_RELEASE_FACTOR,具有危险源释放因素,HZFHF_1e9a15eb56273c0bc5fd,,SRCHF_54e2ba7c2bf53a95d4bb,EVHF_43c79b6eeb316de7778b,"{""sequence_no"":1}",非密-第二类危险源分析.docx,HAZARD_FACTOR_REFERENCE_V1,1.6-reference,1.0000,accepted
RELHF_48f08147dfa3ec8c79ed,LOCHF_f524ea733d8aa142af39,HAS_RELEASE_FACTOR,具有危险源释放因素,HZFHF_36b2448a5050c17151c9,,SRCHF_dcb4e2cd6e3f02a9bc73,EVHF_aede8b56f95d33fc3958,"{""sequence_no"":2}",非密-第二类危险源分析.docx,HAZARD_FACTOR_REFERENCE_V1,1.6-reference,1.0000,accepted
RELHF_4a26e637e40688e5e005,LOCHF_e3c01f00d395e1231711,HAS_RELEASE_FACTOR,具有危险源释放因素,HZFHF_d1788cf1e7995910f419,,SRCHF_40cd810d9be131883f68,EVHF_e50ea47150851fdfb879,"{""sequence_no"":1}",非密-第二类危险源分析.docx,HAZARD_FACTOR_REFERENCE_V1,1.6-reference,1.0000,accepted
RELHF_4b11c9af33a822184054,LOCHF_1fb730c2b40bfb267153,HAS_RELEASE_FACTOR,具有危险源释放因素,HZFHF_5e3cfa8ef34d43a4dd87,,SRCHF_1efb21887e9d20ace659,EVHF_0a96e71082bd30be786d,"{""sequence_no"":7}",非密-第二类危险源分析.docx,HAZARD_FACTOR_REFERENCE_V1,1.6-reference,1.0000,accepted
RELHF_4b4222ae26aa40727e6c,LOCHF_65a33e4e99891137d49e,HAS_RELEASE_FACTOR,具有危险源释放因素,HZFHF_96f66c6c2b349f0f6c59,,SRCHF_13e203d882847edbae45,EVHF_03f0f385ce2ff8629ea0,"{""sequence_no"":2}",非密-第二类危险源分析.docx,HAZARD_FACTOR_REFERENCE_V1,1.6-reference,1.0000,accepted
RELHF_4c8faec96b3597d56748,LOCHF_1b1f0895431f1eead22d,HAS_RELEASE_FACTOR,具有危险源释放因素,HZFHF_ced1f0fc4abd37544b0f,,SRCHF_fec323b1f0adfd5d15af,EVHF_0a9e52fff5b47473b825,"{""sequence_no"":3}",非密-第二类危险源分析.docx,HAZARD_FACTOR_REFERENCE_V1,1.6-reference,1.0000,accepted
RELHF_4e034930044fd39d0258,LOCHF_36bf3f9087156bba0db6,HAS_RELEASE_FACTOR,具有危险源释放因素,HZFHF_4f3c66f418ff9562ee80,,SRCHF_fc035e59aaf5c6dc4eda,EVHF_a0b93a7784a25624690f,"{""sequence_no"":1}",非密-第二类危险源分析.docx,HAZARD_FACTOR_REFERENCE_V1,1.6-reference,1.0000,accepted
RELHF_4e23f8096ee444612e75,LOCHF_fca27234a42c87e68147,HAS_RELEASE_FACTOR,具有危险源释放因素,HZFHF_0764134387be68c57642,,SRCHF_5d76c1fe21c1bbaef8de,EVHF_4954d3d747c146fe8b2e,"{""sequence_no"":1}",非密-第二类危险源分析.docx,HAZARD_FACTOR_REFERENCE_V1,1.6-reference,1.0000,accepted
RELHF_4e8667975a31bda3d3f7,LOCHF_702f07f37027452aa9bb,HAS_RELEASE_FACTOR,具有危险源释放因素,HZFHF_a1f77925f5bb96f1f703,,SRCHF_b18a24c8e094575ecfa3,EVHF_1ac15bf1255bdb8a2a7e,"{""sequence_no"":1}",非密-第二类危险源分析.docx,HAZARD_FACTOR_REFERENCE_V1,1.6-reference,1.0000,accepted
RELHF_511d29022aa25399741a,LOCHF_b67a6a673ef5fd2dcbb5,HAS_RELEASE_FACTOR,具有危险源释放因素,HZFHF_3b48207da67db67d8a04,,SRCHF_aa263eb447d17e45a0b9,EVHF_2508d91af2bb1bac2655,"{""sequence_no"":1}",非密-第二类危险源分析.docx,HAZARD_FACTOR_REFERENCE_V1,1.6-reference,1.0000,accepted
RELHF_52db11cf5b19c7252da5,LOCHF_2e637f2274c208a56374,HAS_RELEASE_FACTOR,具有危险源释放因素,HZFHF_803dd77d9fdfdc8c85da,,SRCHF_c7155161d7e938550a61,EVHF_dcc493e4040650c0f70c,"{""sequence_no"":3}",非密-第二类危险源分析.docx,HAZARD_FACTOR_REFERENCE_V1,1.6-reference,1.0000,accepted
RELHF_535fcb3df19f2349f2c4,LOCHF_509db61b23eccde79c4f,HAS_RELEASE_FACTOR,具有危险源释放因素,HZFHF_d2b39bf087828bbe27e8,,SRCHF_c1f7421e333f440109c5,EVHF_7d634248fe2b11fb03f2,"{""sequence_no"":1}",非密-第二类危险源分析.docx,HAZARD_FACTOR_REFERENCE_V1,1.6-reference,1.0000,accepted
RELHF_5448f29c9990addda85c,LOCHF_2a5bb39900a1b280b6a3,HAS_RELEASE_FACTOR,具有危险源释放因素,HZFHF_16ba6c5d461521b29a76,,SRCHF_b9f981cdc640c4854bb4,EVHF_eccafa91e45de05634b3,"{""sequence_no"":1}",非密-第二类危险源分析.docx,HAZARD_FACTOR_REFERENCE_V1,1.6-reference,1.0000,accepted
RELHF_5576b7440dd2a7d3da78,LOCHF_5fbfb5fb671dc8fef93f,HAS_RELEASE_FACTOR,具有危险源释放因素,HZFHF_ba6d4dd2edc0df674e83,,SRCHF_dc9949022805adb37f0d,EVHF_1a737c850bcf6ceee280,"{""sequence_no"":1}",非密-第二类危险源分析.docx,HAZARD_FACTOR_REFERENCE_V1,1.6-reference,1.0000,accepted
RELHF_56dbf2ec9c837ea1547c,LOCHF_9ef0963129716d1c1894,HAS_RELEASE_FACTOR,具有危险源释放因素,HZFHF_4a1071f321b80c6a3bfe,,SRCHF_df80b558821b226618d1,EVHF_fcf8876cddbce0468413,"{""sequence_no"":1}",非密-第二类危险源分析.docx,HAZARD_FACTOR_REFERENCE_V1,1.6-reference,1.0000,accepted
RELHF_5718e909c64cab7c9841,LOCHF_ff998036a81ecffad4c8,HAS_RELEASE_FACTOR,具有危险源释放因素,HZFHF_0e1f1ea9c162dfdbfd36,,SRCHF_9e07388e44ee47a785d6,EVHF_ea82c503034fbcf17eae,"{""sequence_no"":1}",非密-第二类危险源分析.docx,HAZARD_FACTOR_REFERENCE_V1,1.6-reference,1.0000,accepted
RELHF_573a9f1026f7c5b95a8d,LOCHF_9b9861248a2997148a3a,HAS_RELEASE_FACTOR,具有危险源释放因素,HZFHF_e68e6e839f6eca2bb5d1,,SRCHF_5f6f97be6a109293eedb,EVHF_9b73b9db0c0a142085b9,"{""sequence_no"":1}",非密-第二类危险源分析.docx,HAZARD_FACTOR_REFERENCE_V1,1.6-reference,1.0000,accepted
RELHF_5759d22fcd39c0085afd,LOCHF_4197d241a237a09425cc,HAS_RELEASE_FACTOR,具有危险源释放因素,HZFHF_8aa8f32ac185376c6816,,SRCHF_5e926a66d8f1954e1bf8,EVHF_33258b5d2a8fd711c7b7,"{""sequence_no"":1}",非密-第二类危险源分析.docx,HAZARD_FACTOR_REFERENCE_V1,1.6-reference,1.0000,accepted
RELHF_5839b5ff8aa906e7e388,LOCHF_6a0fdbc6e73dedd565aa,HAS_RELEASE_FACTOR,具有危险源释放因素,HZFHF_f3c7541dec71301043bd,,SRCHF_edc4a2ef5433bffb6fb9,EVHF_ac4821af238e1178330b,"{""sequence_no"":1}",非密-第二类危险源分析.docx,HAZARD_FACTOR_REFERENCE_V1,1.6-reference,1.0000,accepted
RELHF_5878539e6429f7e8c5fb,LOCHF_9d490c668bda6bda7962,HAS_RELEASE_FACTOR,具有危险源释放因素,HZFHF_10e0675c05f731f5c964,,SRCHF_7a415d0a7285bb0a829f,EVHF_9e8cb647a8063d5743c4,"{""sequence_no"":1}",非密-第二类危险源分析.docx,HAZARD_FACTOR_REFERENCE_V1,1.6-reference,1.0000,accepted
RELHF_5aa43e2e2dd9a862f970,LOCHF_5dc4324abfb1621cf303,HAS_RELEASE_FACTOR,具有危险源释放因素,HZFHF_a9c59db7cb5f8706d81f,,SRCHF_1b87aeb3da16f6e93e96,EVHF_95f73df0fae0e2af42d3,"{""sequence_no"":1}",非密-第二类危险源分析.docx,HAZARD_FACTOR_REFERENCE_V1,1.6-reference,1.0000,accepted
RELHF_5b785f5ac800de06447a,LOCHF_21a33eec120b83b03d49,HAS_RELEASE_FACTOR,具有危险源释放因素,HZFHF_e5a7bfad55822aaf0001,,SRCHF_46eb5594077cc33b2f76,EVHF_e2015fcd088bdf5c9491,"{""sequence_no"":1}",非密-第二类危险源分析.docx,HAZARD_FACTOR_REFERENCE_V1,1.6-reference,1.0000,accepted
RELHF_5b79cab2f3e611da1f6d,LOCHF_1fb730c2b40bfb267153,HAS_RELEASE_FACTOR,具有危险源释放因素,HZFHF_0a208bac45291d83fe16,,SRCHF_1efb21887e9d20ace659,EVHF_0a96e71082bd30be786d,"{""sequence_no"":4}",非密-第二类危险源分析.docx,HAZARD_FACTOR_REFERENCE_V1,1.6-reference,1.0000,accepted
RELHF_5c4258a7c19cb3877934,LOCHF_f9d231bfc2e6f4a4dff8,HAS_RELEASE_FACTOR,具有危险源释放因素,HZFHF_9598a269aa6650dc7a43,,SRCHF_f4724f75524190eec70a,EVHF_a0e399a809734b9bf0a4,"{""sequence_no"":1}",非密-第二类危险源分析.docx,HAZARD_FACTOR_REFERENCE_V1,1.6-reference,1.0000,accepted
RELHF_5e9cc3522a38e18f3ae5,LOCHF_0d56551f2801a35c8941,HAS_RELEASE_FACTOR,具有危险源释放因素,HZFHF_574335cb62a27f24417a,,SRCHF_02da76e83c6d55c62c45,EVHF_721b9768ca375d2a304a,"{""sequence_no"":1}",非密-第二类危险源分析.docx,HAZARD_FACTOR_REFERENCE_V1,1.6-reference,1.0000,accepted
RELHF_5f37f53e7bb99d31f35d,LOCHF_6804c255a4ca2ffb07a1,HAS_RELEASE_FACTOR,具有危险源释放因素,HZFHF_1d2897059eb13e648089,,SRCHF_6017081828f5ae640ec2,EVHF_b1b397f3a875c1f656b7,"{""sequence_no"":1}",非密-第二类危险源分析.docx,HAZARD_FACTOR_REFERENCE_V1,1.6-reference,1.0000,accepted
RELHF_5fb9297a041a43daa162,LOCHF_81b89b164c05c31303ef,HAS_RELEASE_FACTOR,具有危险源释放因素,HZFHF_3e93a86a196580d6bf8e,,SRCHF_81b9c2d907cc2af2cfd4,EVHF_f7b55cd0f85ea848d712,"{""sequence_no"":1}",非密-第二类危险源分析.docx,HAZARD_FACTOR_REFERENCE_V1,1.6-reference,1.0000,accepted
RELHF_6109fc9f924186dd8b7d,LOCHF_1de1daa127029b3aa277,HAS_RELEASE_FACTOR,具有危险源释放因素,HZFHF_706cefecfeaa2339ab19,,SRCHF_d364c0178f2231ded944,EVHF_961cc97220c035ff473b,"{""sequence_no"":1}",非密-第二类危险源分析.docx,HAZARD_FACTOR_REFERENCE_V1,1.6-reference,1.0000,accepted
RELHF_61655cf826ffbf3092b2,LOCHF_5dc4324abfb1621cf303,HAS_RELEASE_FACTOR,具有危险源释放因素,HZFHF_688e49cb7211f3080979,,SRCHF_1b87aeb3da16f6e93e96,EVHF_95f73df0fae0e2af42d3,"{""sequence_no"":2}",非密-第二类危险源分析.docx,HAZARD_FACTOR_REFERENCE_V1,1.6-reference,1.0000,accepted
RELHF_63c087855c725aec63b6,LOCHF_99f9b22871c0f342f0b3,HAS_RELEASE_FACTOR,具有危险源释放因素,HZFHF_6100f7e7366950099c6d,,SRCHF_f40d9896a349737b587c,EVHF_8cc5b8fc1ad9075cf4a9,"{""sequence_no"":1}",非密-第二类危险源分析.docx,HAZARD_FACTOR_REFERENCE_V1,1.6-reference,1.0000,accepted
RELHF_65cd950f2c15835e0fb9,LOCHF_f8ebf540441aa8358e29,HAS_RELEASE_FACTOR,具有危险源释放因素,HZFHF_3b71c7227414c5ef523b,,SRCHF_6ad597c46bfea422ef4e,EVHF_9d1d7ba91be47bea23b2,"{""sequence_no"":1}",非密-第二类危险源分析.docx,HAZARD_FACTOR_REFERENCE_V1,1.6-reference,1.0000,accepted
RELHF_676d7d31febf0cb53aab,LOCHF_c1d75da6b7bd2e3235b5,HAS_RELEASE_FACTOR,具有危险源释放因素,HZFHF_04ac6694b97a306e0121,,SRCHF_293a8cee5110b8faecfc,EVHF_a0a3cb07d6e8d55466ab,"{""sequence_no"":1}",非密-第二类危险源分析.docx,HAZARD_FACTOR_REFERENCE_V1,1.6-reference,1.0000,accepted
RELHF_6784dfda57f42b96c070,LOCHF_4b366841b3216e506706,HAS_RELEASE_FACTOR,具有危险源释放因素,HZFHF_7688bdcc360ec4b3a7b4,,SRCHF_6808369b1eb60735b905,EVHF_e161998fb4196dd62655,"{""sequence_no"":1}",非密-第二类危险源分析.docx,HAZARD_FACTOR_REFERENCE_V1,1.6-reference,1.0000,accepted
RELHF_67aeb739a961cdfaf705,LOCHF_b603659003a4035dc887,HAS_RELEASE_FACTOR,具有危险源释放因素,HZFHF_d25b933112d69e455a2c,,SRCHF_3a0198b11b4cfa25e369,EVHF_578e9e0b5b5d67dcbd61,"{""sequence_no"":1}",非密-第二类危险源分析.docx,HAZARD_FACTOR_REFERENCE_V1,1.6-reference,1.0000,accepted
RELHF_67f58ec5968fe886ab2a,LOCHF_0398b8fde993dfd913a9,HAS_RELEASE_FACTOR,具有危险源释放因素,HZFHF_828d205a13285c630164,,SRCHF_8719eb8968ab14684ddb,EVHF_b648a9c4338647bb3740,"{""sequence_no"":1}",非密-第二类危险源分析.docx,HAZARD_FACTOR_REFERENCE_V1,1.6-reference,1.0000,accepted
RELHF_68f1afea1b8554ed5578,LOCHF_82ea34de1701b7ded1dd,HAS_RELEASE_FACTOR,具有危险源释放因素,HZFHF_68170046f7f4997ff8f6,,SRCHF_41d89841187a9f493e9e,EVHF_b1eb1bad60885b85f9ea,"{""sequence_no"":3}",非密-第二类危险源分析.docx,HAZARD_FACTOR_REFERENCE_V1,1.6-reference,1.0000,accepted
RELHF_6ad50980788c62c3e148,LOCHF_5c4f52bd9775b83d3f7f,HAS_RELEASE_FACTOR,具有危险源释放因素,HZFHF_1fd40fc21630be82381b,,SRCHF_8625bfe5a0f3095ef52a,EVHF_0aea3545a1e0dd3482b1,"{""sequence_no"":1}",非密-第二类危险源分析.docx,HAZARD_FACTOR_REFERENCE_V1,1.6-reference,1.0000,accepted
RELHF_6b230124ae9b03e26750,LOCHF_145258fae8bc0acfff33,HAS_RELEASE_FACTOR,具有危险源释放因素,HZFHF_d1d548ce944e95599ee6,,SRCHF_1b051de8069f75a758d1,EVHF_928f23cabdb578c0982c,"{""sequence_no"":1}",非密-第二类危险源分析.docx,HAZARD_FACTOR_REFERENCE_V1,1.6-reference,1.0000,accepted
RELHF_6b7d1c75697783ac00c0,LOCHF_af1cb015d88337cfdab6,HAS_RELEASE_FACTOR,具有危险源释放因素,HZFHF_7cc022b7a786fb62499c,,SRCHF_c44370235531be9564fe,EVHF_fdf9fb58b6b71f28c48d,"{""sequence_no"":1}",非密-第二类危险源分析.docx,HAZARD_FACTOR_REFERENCE_V1,1.6-reference,1.0000,accepted
RELHF_6bf9131d8fe71b6e74b8,LOCHF_188aab2daf93404ffb7a,HAS_RELEASE_FACTOR,具有危险源释放因素,HZFHF_d7b0f8f3241e0f6d6b4f,,SRCHF_3b124c8d0004413d8432,EVHF_826d205ecc6bd05cfb0b,"{""sequence_no"":1}",非密-第二类危险源分析.docx,HAZARD_FACTOR_REFERENCE_V1,1.6-reference,1.0000,accepted
RELHF_6ce5d0518a9cae383fce,LOCHF_9a3c4fcdd95f3f00862a,HAS_RELEASE_FACTOR,具有危险源释放因素,HZFHF_790d813c1572770ee434,,SRCHF_3edf59f21f842f098ffd,EVHF_a23b3c3bad2b4ee206ef,"{""sequence_no"":1}",非密-第二类危险源分析.docx,HAZARD_FACTOR_REFERENCE_V1,1.6-reference,1.0000,accepted
RELHF_6d57ba7035007ae12039,LOCHF_181b0c9f35c025848289,HAS_RELEASE_FACTOR,具有危险源释放因素,HZFHF_ec3995141b49693e29cb,,SRCHF_39946aeeec1ae10cbb05,EVHF_328a3f8d51407df3213c,"{""sequence_no"":2}",非密-第二类危险源分析.docx,HAZARD_FACTOR_REFERENCE_V1,1.6-reference,1.0000,accepted
RELHF_6d601527ae8cff2800d7,LOCHF_1fb730c2b40bfb267153,HAS_RELEASE_FACTOR,具有危险源释放因素,HZFHF_f71b5ef19ba94c620215,,SRCHF_1efb21887e9d20ace659,EVHF_0a96e71082bd30be786d,"{""sequence_no"":3}",非密-第二类危险源分析.docx,HAZARD_FACTOR_REFERENCE_V1,1.6-reference,1.0000,accepted
RELHF_6d9777a456f1064968fd,LOCHF_6e1e1276b9076f06bb30,HAS_RELEASE_FACTOR,具有危险源释放因素,HZFHF_b2495e422c7292774d2e,,SRCHF_9252a1bfe2024a8ec312,EVHF_4346d0ee7ba01222a614,"{""sequence_no"":1}",非密-第二类危险源分析.docx,HAZARD_FACTOR_REFERENCE_V1,1.6-reference,1.0000,accepted
RELHF_6eac56b429d2ec981d85,LOCHF_b2c98d3f2edc60e72bed,HAS_RELEASE_FACTOR,具有危险源释放因素,HZFHF_9d8225261def2e9e1afd,,SRCHF_949e3dcaa762631cfddf,EVHF_aff97538e12909287000,"{""sequence_no"":1}",非密-第二类危险源分析.docx,HAZARD_FACTOR_REFERENCE_V1,1.6-reference,1.0000,accepted
RELHF_703a14bf0e11ff5a852d,LOCHF_5c4f52bd9775b83d3f7f,HAS_RELEASE_FACTOR,具有危险源释放因素,HZFHF_5a41bbd44cbf4dac0640,,SRCHF_8625bfe5a0f3095ef52a,EVHF_0aea3545a1e0dd3482b1,"{""sequence_no"":4}",非密-第二类危险源分析.docx,HAZARD_FACTOR_REFERENCE_V1,1.6-reference,1.0000,accepted
RELHF_72e1c80818ac06250ee7,LOCHF_f1bb752e47903304dd61,HAS_RELEASE_FACTOR,具有危险源释放因素,HZFHF_0ca9a48c67bf2edcd766,,SRCHF_28d7809725f9b6f5f226,EVHF_cb8f12d553eba24e616a,"{""sequence_no"":1}",非密-第二类危险源分析.docx,HAZARD_FACTOR_REFERENCE_V1,1.6-reference,1.0000,accepted
RELHF_736ea7bf0a0b126224a2,LOCHF_c389f49deb7a563faa76,HAS_RELEASE_FACTOR,具有危险源释放因素,HZFHF_5e4f4f017bf9e7d02925,,SRCHF_c5fcc815540b0f24def3,EVHF_364bcf9a46fb29d7ece6,"{""sequence_no"":1}",非密-第二类危险源分析.docx,HAZARD_FACTOR_REFERENCE_V1,1.6-reference,1.0000,accepted
RELHF_73ca8fc18f30c3906da9,LOCHF_fa461e8feaf522bc902b,HAS_RELEASE_FACTOR,具有危险源释放因素,HZFHF_9f1dc3033070dfad7d36,,SRCHF_8c9d188c2fc4d871a6f6,EVHF_caf4bf67e65bb6ca1037,"{""sequence_no"":1}",非密-第二类危险源分析.docx,HAZARD_FACTOR_REFERENCE_V1,1.6-reference,1.0000,accepted
RELHF_73e09bba5f0e7349c8dd,LOCHF_ff5bf35c3cdd7fea384d,HAS_RELEASE_FACTOR,具有危险源释放因素,HZFHF_5134bb221769762bfd4e,,SRCHF_884d1fa52408adb92e82,EVHF_9ddf82dcc64a27ed7d8a,"{""sequence_no"":2}",非密-第二类危险源分析.docx,HAZARD_FACTOR_REFERENCE_V1,1.6-reference,1.0000,accepted
RELHF_75bc65e44aedde2cacba,LOCHF_4a2678e6d80e5873325b,HAS_RELEASE_FACTOR,具有危险源释放因素,HZFHF_d9bae21f9d2f3048940d,,SRCHF_8611daff67a0176179ed,EVHF_a46c398c93ec74ee2ef3,"{""sequence_no"":1}",非密-第二类危险源分析.docx,HAZARD_FACTOR_REFERENCE_V1,1.6-reference,1.0000,accepted
RELHF_7759eadb00b6bccef9e1,LOCHF_cbce368d765d5f2bc5fc,HAS_RELEASE_FACTOR,具有危险源释放因素,HZFHF_2e797c706ca2882189b6,,SRCHF_29d5a454bac4f2eab448,EVHF_4f368196990bb20feb52,"{""sequence_no"":1}",非密-第二类危险源分析.docx,HAZARD_FACTOR_REFERENCE_V1,1.6-reference,1.0000,accepted
RELHF_77d0747ef729320ebbe9,LOCHF_ba2ed0336b9a54c6064e,HAS_RELEASE_FACTOR,具有危险源释放因素,HZFHF_2af5ba38004212ee81b8,,SRCHF_6ff7d05908f3d4b5036b,EVHF_811ff57eaf83bccda9d1,"{""sequence_no"":1}",非密-第二类危险源分析.docx,HAZARD_FACTOR_REFERENCE_V1,1.6-reference,1.0000,accepted
RELHF_793420bcc9237f366da7,LOCHF_72146974633980faf0a2,HAS_RELEASE_FACTOR,具有危险源释放因素,HZFHF_105d640523c969e89db4,,SRCHF_9201e2f90158728ff488,EVHF_c5b2e7766c913548e250,"{""sequence_no"":3}",非密-第二类危险源分析.docx,HAZARD_FACTOR_REFERENCE_V1,1.6-reference,1.0000,accepted
RELHF_796b7182158c4496bfd7,LOCHF_f592275fa38e7df963c4,HAS_RELEASE_FACTOR,具有危险源释放因素,HZFHF_c3744951fe934e08a05d,,SRCHF_69e7566fb13bf7eaacd4,EVHF_e50eb2444493a88a52db,"{""sequence_no"":1}",非密-第二类危险源分析.docx,HAZARD_FACTOR_REFERENCE_V1,1.6-reference,1.0000,accepted
RELHF_7bf21628333b8fddb460,LOCHF_2c69fdd6eaffd9a438db,HAS_RELEASE_FACTOR,具有危险源释放因素,HZFHF_50555e4d85d2e8967c9c,,SRCHF_a84a89c236135119fd75,EVHF_194d9e0c1f1d91a60bab,"{""sequence_no"":1}",非密-第二类危险源分析.docx,HAZARD_FACTOR_REFERENCE_V1,1.6-reference,1.0000,accepted
RELHF_7c86209275580de4cda5,LOCHF_047fc59f6d08dd63961c,HAS_RELEASE_FACTOR,具有危险源释放因素,HZFHF_0b89b1e89e299086b31c,,SRCHF_e5051f015ecd52b89b4e,EVHF_b6a636d0367634e88353,"{""sequence_no"":1}",非密-第二类危险源分析.docx,HAZARD_FACTOR_REFERENCE_V1,1.6-reference,1.0000,accepted
RELHF_7d896b8980b386ce3707,LOCHF_58d2c3d44652465ec006,HAS_RELEASE_FACTOR,具有危险源释放因素,HZFHF_8f1af3478c8a647cc64b,,SRCHF_87834be7dd92867422cd,EVHF_c65ae413070f6d7cc94c,"{""sequence_no"":1}",非密-第二类危险源分析.docx,HAZARD_FACTOR_REFERENCE_V1,1.6-reference,1.0000,accepted
RELHF_7fce63fa166ba37c29b4,LOCHF_9a115110432354dfa09f,HAS_RELEASE_FACTOR,具有危险源释放因素,HZFHF_eac72ba3173a771ff773,,SRCHF_62f8d5ff33f1870dbe9e,EVHF_ef8a725a66910ce2265e,"{""sequence_no"":1}",非密-第二类危险源分析.docx,HAZARD_FACTOR_REFERENCE_V1,1.6-reference,1.0000,accepted
RELHF_81fd2eb88d04bc6a6585,LOCHF_ca0e3bbcc9036a0b0ea7,HAS_RELEASE_FACTOR,具有危险源释放因素,HZFHF_71880b398b507045b77c,,SRCHF_fa6085f6618c0430d2c7,EVHF_67234f3950dea5e3bbc8,"{""sequence_no"":1}",非密-第二类危险源分析.docx,HAZARD_FACTOR_REFERENCE_V1,1.6-reference,1.0000,accepted
RELHF_822eb5ba7b922789f8f5,LOCHF_6da1f969cda2093037e7,HAS_RELEASE_FACTOR,具有危险源释放因素,HZFHF_a7a1c92379f2a804ef87,,SRCHF_3e30c576f9e4cfd69c0d,EVHF_bd7d27d242a7ac5e3751,"{""sequence_no"":1}",非密-第二类危险源分析.docx,HAZARD_FACTOR_REFERENCE_V1,1.6-reference,1.0000,accepted
RELHF_82be526ea5d1e7465464,LOCHF_65a33e4e99891137d49e,HAS_RELEASE_FACTOR,具有危险源释放因素,HZFHF_c1fedb36811db4baa00f,,SRCHF_13e203d882847edbae45,EVHF_03f0f385ce2ff8629ea0,"{""sequence_no"":4}",非密-第二类危险源分析.docx,HAZARD_FACTOR_REFERENCE_V1,1.6-reference,1.0000,accepted
RELHF_8322dbcfc2289fe274e2,LOCHF_36c44fe18e8ae42d8de9,HAS_RELEASE_FACTOR,具有危险源释放因素,HZFHF_698144b4d64d44d5358a,,SRCHF_1167ad3a665fd36380a3,EVHF_f1cb68ee760bd0ac4214,"{""sequence_no"":1}",非密-第二类危险源分析.docx,HAZARD_FACTOR_REFERENCE_V1,1.6-reference,1.0000,accepted
RELHF_8356654e5a5c49c8b0d0,LOCHF_ad8b2ee2d390980714c9,HAS_RELEASE_FACTOR,具有危险源释放因素,HZFHF_24235e53770df98c0e3c,,SRCHF_c44d861a927536e130d2,EVHF_afd65196b345ecaa6224,"{""sequence_no"":1}",非密-第二类危险源分析.docx,HAZARD_FACTOR_REFERENCE_V1,1.6-reference,1.0000,accepted
RELHF_83d4f5231a7e086c9fc8,LOCHF_ab6a1eda37ba7d7fddaf,HAS_RELEASE_FACTOR,具有危险源释放因素,HZFHF_31c43d8796c7d21d09ae,,SRCHF_121600aef058616d1034,EVHF_b901de676f9273e5f7cb,"{""sequence_no"":1}",非密-第二类危险源分析.docx,HAZARD_FACTOR_REFERENCE_V1,1.6-reference,1.0000,accepted
RELHF_845646b24a30da6ded2e,LOCHF_a39f4e72aef644404df7,HAS_RELEASE_FACTOR,具有危险源释放因素,HZFHF_f466d2ae123427abd74c,,SRCHF_5f6dfd16aec976b768e2,EVHF_56a50e80cdaeddb5bb64,"{""sequence_no"":1}",非密-第二类危险源分析.docx,HAZARD_FACTOR_REFERENCE_V1,1.6-reference,1.0000,accepted
RELHF_8708f326cfba9e27e24a,LOCHF_5c4f52bd9775b83d3f7f,HAS_RELEASE_FACTOR,具有危险源释放因素,HZFHF_3fd93e73363087c15118,,SRCHF_8625bfe5a0f3095ef52a,EVHF_0aea3545a1e0dd3482b1,"{""sequence_no"":5}",非密-第二类危险源分析.docx,HAZARD_FACTOR_REFERENCE_V1,1.6-reference,1.0000,accepted
RELHF_890b2efc7122b94f8037,LOCHF_8a310762ba8651d2dc18,HAS_RELEASE_FACTOR,具有危险源释放因素,HZFHF_934cccf9b5de86db5f6d,,SRCHF_c713bb21e8514bfb2d22,EVHF_e707018d7ae55add01ed,"{""sequence_no"":1}",非密-第二类危险源分析.docx,HAZARD_FACTOR_REFERENCE_V1,1.6-reference,1.0000,accepted
RELHF_8b30ddc90fb7be1db527,LOCHF_26d7c647c51831d08971,HAS_RELEASE_FACTOR,具有危险源释放因素,HZFHF_5144360008a8171d666f,,SRCHF_1a8531b0a4dd867946e5,EVHF_a9a7668dc1ca535ef857,"{""sequence_no"":1}",非密-第二类危险源分析.docx,HAZARD_FACTOR_REFERENCE_V1,1.6-reference,1.0000,accepted
RELHF_8c1039c634681db9eec2,LOCHF_fb1588cc4f8cc5ed9a00,HAS_RELEASE_FACTOR,具有危险源释放因素,HZFHF_38c566713020b604dba9,,SRCHF_dc0648336cf03d284200,EVHF_91151835434e50af47ad,"{""sequence_no"":1}",非密-第二类危险源分析.docx,HAZARD_FACTOR_REFERENCE_V1,1.6-reference,1.0000,accepted
RELHF_9048351959765d822a12,LOCHF_0cb73bd9d34977cd41cb,HAS_RELEASE_FACTOR,具有危险源释放因素,HZFHF_d83948a9388621d60e35,,SRCHF_a06f98b8037fdfc0f3eb,EVHF_781c04d46a258963a1f5,"{""sequence_no"":1}",非密-第二类危险源分析.docx,HAZARD_FACTOR_REFERENCE_V1,1.6-reference,1.0000,accepted
RELHF_920c5d9c9e5b1b561923,LOCHF_1b1f0895431f1eead22d,HAS_RELEASE_FACTOR,具有危险源释放因素,HZFHF_4762ded11ddbc8ad0ebc,,SRCHF_fec323b1f0adfd5d15af,EVHF_0a9e52fff5b47473b825,"{""sequence_no"":2}",非密-第二类危险源分析.docx,HAZARD_FACTOR_REFERENCE_V1,1.6-reference,1.0000,accepted
RELHF_93bdeb0ed82eb198c454,LOCHF_9e7054e3d1aa05fd467e,HAS_RELEASE_FACTOR,具有危险源释放因素,HZFHF_a7ed9a8ec350392b9c9f,,SRCHF_a80aaea83953a2727425,EVHF_cec398b14a8d93aa6832,"{""sequence_no"":3}",非密-第二类危险源分析.docx,HAZARD_FACTOR_REFERENCE_V1,1.6-reference,1.0000,accepted
RELHF_93c5000e1479dbadbecd,LOCHF_e27179991dfde44caac0,HAS_RELEASE_FACTOR,具有危险源释放因素,HZFHF_c508026ee5a5997343c0,,SRCHF_a431360b059dcfa8187f,EVHF_d110faa1c09e52539a6a,"{""sequence_no"":1}",非密-第二类危险源分析.docx,HAZARD_FACTOR_REFERENCE_V1,1.6-reference,1.0000,accepted
RELHF_94d23bd3c17f50aade80,LOCHF_a78d39b361145cb2a44a,HAS_RELEASE_FACTOR,具有危险源释放因素,HZFHF_1e77c6c9399c6bb217cb,,SRCHF_ed5b8170e509260ebc9d,EVHF_bfd05d93910b923239be,"{""sequence_no"":1}",非密-第二类危险源分析.docx,HAZARD_FACTOR_REFERENCE_V1,1.6-reference,1.0000,accepted
RELHF_95eaf4716883e81b1ee3,LOCHF_5c4f52bd9775b83d3f7f,HAS_RELEASE_FACTOR,具有危险源释放因素,HZFHF_82b0917108e6c7023b5e,,SRCHF_8625bfe5a0f3095ef52a,EVHF_0aea3545a1e0dd3482b1,"{""sequence_no"":2}",非密-第二类危险源分析.docx,HAZARD_FACTOR_REFERENCE_V1,1.6-reference,1.0000,accepted
RELHF_964671ee6e967eaa7ce7,LOCHF_c315bf50839f0063924b,HAS_RELEASE_FACTOR,具有危险源释放因素,HZFHF_0b4b4a4986a82dbfed7c,,SRCHF_bb3806d511ce1086efe9,EVHF_44220d9a04afa1cf0170,"{""sequence_no"":1}",非密-第二类危险源分析.docx,HAZARD_FACTOR_REFERENCE_V1,1.6-reference,1.0000,accepted
RELHF_9ea0366952ca918074a4,LOCHF_9a7ea532ce7ff70422b2,HAS_RELEASE_FACTOR,具有危险源释放因素,HZFHF_099568abee7716b6a81c,,SRCHF_b87ecd0f69b6800ad1fe,EVHF_1764b4c32e0563007a62,"{""sequence_no"":1}",非密-第二类危险源分析.docx,HAZARD_FACTOR_REFERENCE_V1,1.6-reference,1.0000,accepted
RELHF_9ebb0e8e07eab98c09b8,LOCHF_867d288680615c774d8a,HAS_RELEASE_FACTOR,具有危险源释放因素,HZFHF_2859329837cf86e6fa5f,,SRCHF_81674b1cd267f1782f65,EVHF_e51b71806f60efaa565b,"{""sequence_no"":1}",非密-第二类危险源分析.docx,HAZARD_FACTOR_REFERENCE_V1,1.6-reference,1.0000,accepted
RELHF_9f00a52025a402a5888d,LOCHF_110a9cef6ad8148643c2,HAS_RELEASE_FACTOR,具有危险源释放因素,HZFHF_1dde30dbf245daaba763,,SRCHF_e59cebc654bfd858e8a9,EVHF_c07867e68aaa57a4be9a,"{""sequence_no"":1}",非密-第二类危险源分析.docx,HAZARD_FACTOR_REFERENCE_V1,1.6-reference,1.0000,accepted
RELHF_a1970dc471b645f26812,LOCHF_929d13cfa1579b85f961,HAS_RELEASE_FACTOR,具有危险源释放因素,HZFHF_53f64df10b205f7e9db7,,SRCHF_4505ab3c1d80c289f0e9,EVHF_c70ac23fff211bb00569,"{""sequence_no"":1}",非密-第二类危险源分析.docx,HAZARD_FACTOR_REFERENCE_V1,1.6-reference,1.0000,accepted
RELHF_a21e8d1836adeea94a4a,LOCHF_9cac2a8f252fab13ca71,HAS_RELEASE_FACTOR,具有危险源释放因素,HZFHF_fb0c207b115bf6818e91,,SRCHF_d907e63b2a954eeea40f,EVHF_9ce5b30934787a5d9779,"{""sequence_no"":1}",非密-第二类危险源分析.docx,HAZARD_FACTOR_REFERENCE_V1,1.6-reference,1.0000,accepted
RELHF_a2ed0cc686f2fbf2856b,LOCHF_2ea4963e5fbe989a832a,HAS_RELEASE_FACTOR,具有危险源释放因素,HZFHF_6640fb8f3ed8d495f154,,SRCHF_a81300c30910a69f58ba,EVHF_462bec4277b672a4554b,"{""sequence_no"":1}",非密-第二类危险源分析.docx,HAZARD_FACTOR_REFERENCE_V1,1.6-reference,1.0000,accepted
RELHF_a300bdd40734508dff70,LOCHF_54a5d474db8b4d8d0251,HAS_RELEASE_FACTOR,具有危险源释放因素,HZFHF_e8caca754be5afb011de,,SRCHF_7ad002752b280e9c4058,EVHF_607d6474ffc5fb504036,"{""sequence_no"":1}",非密-第二类危险源分析.docx,HAZARD_FACTOR_REFERENCE_V1,1.6-reference,1.0000,accepted
RELHF_a90087ffff0596364a12,LOCHF_c0f9ea72ceca71cfb92f,HAS_RELEASE_FACTOR,具有危险源释放因素,HZFHF_bc661e3723ad5b371496,,SRCHF_cfd2a273c81ffb78b0bf,EVHF_cb75573a365d8ea9583c,"{""sequence_no"":2}",非密-第二类危险源分析.docx,HAZARD_FACTOR_REFERENCE_V1,1.6-reference,1.0000,accepted
RELHF_aa96f6bfcd521c2c7a12,LOCHF_1fb730c2b40bfb267153,HAS_RELEASE_FACTOR,具有危险源释放因素,HZFHF_2212fa76ff56662db456,,SRCHF_1efb21887e9d20ace659,EVHF_0a96e71082bd30be786d,"{""sequence_no"":6}",非密-第二类危险源分析.docx,HAZARD_FACTOR_REFERENCE_V1,1.6-reference,1.0000,accepted
RELHF_aca60b1a50a1a35f9dec,LOCHF_800350d5b17b385e61a8,HAS_RELEASE_FACTOR,具有危险源释放因素,HZFHF_4d8ef1b4d4909a309e04,,SRCHF_669b61c4948efd4a5765,EVHF_e21c55b41c8239e84752,"{""sequence_no"":1}",非密-第二类危险源分析.docx,HAZARD_FACTOR_REFERENCE_V1,1.6-reference,1.0000,accepted
RELHF_addcb9baddd4db9d0379,LOCHF_c640cc2aaf7cacdfea7b,HAS_RELEASE_FACTOR,具有危险源释放因素,HZFHF_c864dfc526ad5549eb00,,SRCHF_501fdf2c1f9528feeedc,EVHF_9237bcc024df0e2dfcf0,"{""sequence_no"":1}",非密-第二类危险源分析.docx,HAZARD_FACTOR_REFERENCE_V1,1.6-reference,1.0000,accepted
RELHF_aed00c6f1db0d1acbec4,LOCHF_54a5d474db8b4d8d0251,HAS_RELEASE_FACTOR,具有危险源释放因素,HZFHF_d63a45b9cad0ec7aa249,,SRCHF_7ad002752b280e9c4058,EVHF_607d6474ffc5fb504036,"{""sequence_no"":2}",非密-第二类危险源分析.docx,HAZARD_FACTOR_REFERENCE_V1,1.6-reference,1.0000,accepted
RELHF_af036b7c1f6a8f0fee37,LOCHF_3016abea49ee175d3177,HAS_RELEASE_FACTOR,具有危险源释放因素,HZFHF_2bd77785eebe861a6c7c,,SRCHF_9d9dfc1e45b0de316d86,EVHF_7457aaf20335ed1c20fc,"{""sequence_no"":1}",非密-第二类危险源分析.docx,HAZARD_FACTOR_REFERENCE_V1,1.6-reference,1.0000,accepted
RELHF_b0217ca8641a5e363698,LOCHF_1f88b94ce8b846030afb,HAS_RELEASE_FACTOR,具有危险源释放因素,HZFHF_3c5e6db1b6c6c47ceee7,,SRCHF_0b69c295e95b18d73e82,EVHF_1537d1f0e4725dcd0a95,"{""sequence_no"":1}",非密-第二类危险源分析.docx,HAZARD_FACTOR_REFERENCE_V1,1.6-reference,1.0000,accepted
RELHF_b02e01ee5a56de003339,LOCHF_88100da5fdcfc52483e0,HAS_RELEASE_FACTOR,具有危险源释放因素,HZFHF_d555f9e0d9e2fc506be5,,SRCHF_ee967e2c2ff13f185032,EVHF_6454ca9a77f4c1aab1d6,"{""sequence_no"":1}",非密-第二类危险源分析.docx,HAZARD_FACTOR_REFERENCE_V1,1.6-reference,1.0000,accepted
RELHF_b1891617ac57a3ce8cff,LOCHF_96fae047f375299c4fda,HAS_RELEASE_FACTOR,具有危险源释放因素,HZFHF_2fdc5a516ee2e9cec357,,SRCHF_1b4ff6158d860165665b,EVHF_75c9a069844aeb56b6eb,"{""sequence_no"":1}",非密-第二类危险源分析.docx,HAZARD_FACTOR_REFERENCE_V1,1.6-reference,1.0000,accepted
RELHF_b2ede3c3a544ba0f6ff0,LOCHF_84dedb9024971c076750,HAS_RELEASE_FACTOR,具有危险源释放因素,HZFHF_60d3efda104373aea50d,,SRCHF_fdf98fc063bef694f9b8,EVHF_70770e80f5e8b32f8c1c,"{""sequence_no"":1}",非密-第二类危险源分析.docx,HAZARD_FACTOR_REFERENCE_V1,1.6-reference,1.0000,accepted
RELHF_b4bdaede4076a7c1128d,LOCHF_65a33e4e99891137d49e,HAS_RELEASE_FACTOR,具有危险源释放因素,HZFHF_1810ea614ad4b1565dc3,,SRCHF_13e203d882847edbae45,EVHF_03f0f385ce2ff8629ea0,"{""sequence_no"":1}",非密-第二类危险源分析.docx,HAZARD_FACTOR_REFERENCE_V1,1.6-reference,1.0000,accepted
RELHF_b4e03b37d2d2bf923657,LOCHF_d65b465b8d396d2cbc5d,HAS_RELEASE_FACTOR,具有危险源释放因素,HZFHF_800dca9927cf4c96eb6a,,SRCHF_f11bbc5af1b31764acab,EVHF_b7de039aec1d18a6e289,"{""sequence_no"":1}",非密-第二类危险源分析.docx,HAZARD_FACTOR_REFERENCE_V1,1.6-reference,1.0000,accepted
RELHF_b5260941689e8839e5d3,LOCHF_2ce4531643774765263a,HAS_RELEASE_FACTOR,具有危险源释放因素,HZFHF_2a49eab4c3cd137ba044,,SRCHF_63ae48dfffea90815d6a,EVHF_f3639194dcbd640b9f42,"{""sequence_no"":1}",非密-第二类危险源分析.docx,HAZARD_FACTOR_REFERENCE_V1,1.6-reference,1.0000,accepted
RELHF_b53f431ec73feb28dd57,LOCHF_7a0dbac31576ba148918,HAS_RELEASE_FACTOR,具有危险源释放因素,HZFHF_a2565083bc682bb65d4d,,SRCHF_21e633cba88a60a70fcb,EVHF_6d81d8973fc59294d70d,"{""sequence_no"":1}",非密-第二类危险源分析.docx,HAZARD_FACTOR_REFERENCE_V1,1.6-reference,1.0000,accepted
RELHF_b5a5e91776ae9809fc08,LOCHF_6affc989e0a1cc4f68e3,HAS_RELEASE_FACTOR,具有危险源释放因素,HZFHF_d2c47a15844ae4324aca,,SRCHF_3f027a8012f8b7353857,EVHF_310b0cec2eda9b2142ca,"{""sequence_no"":1}",非密-第二类危险源分析.docx,HAZARD_FACTOR_REFERENCE_V1,1.6-reference,1.0000,accepted
RELHF_b62cfa55f380b32efe48,LOCHF_311ff62a36d45c5d33b0,HAS_RELEASE_FACTOR,具有危险源释放因素,HZFHF_d183a48ee8495a6b6722,,SRCHF_2d14b9a8706f43c17a83,EVHF_a31259a1a2e8c78f3843,"{""sequence_no"":1}",非密-第二类危险源分析.docx,HAZARD_FACTOR_REFERENCE_V1,1.6-reference,1.0000,accepted
RELHF_b6f6694694f2c24ab091,LOCHF_36c44fe18e8ae42d8de9,HAS_RELEASE_FACTOR,具有危险源释放因素,HZFHF_e81f2139f3df72230daa,,SRCHF_1167ad3a665fd36380a3,EVHF_f1cb68ee760bd0ac4214,"{""sequence_no"":2}",非密-第二类危险源分析.docx,HAZARD_FACTOR_REFERENCE_V1,1.6-reference,1.0000,accepted
RELHF_b873e48bf3fb37f80fa2,LOCHF_65a33e4e99891137d49e,HAS_RELEASE_FACTOR,具有危险源释放因素,HZFHF_09f41d617ac19fc24b61,,SRCHF_13e203d882847edbae45,EVHF_03f0f385ce2ff8629ea0,"{""sequence_no"":3}",非密-第二类危险源分析.docx,HAZARD_FACTOR_REFERENCE_V1,1.6-reference,1.0000,accepted
RELHF_bb2180afa86190ed0af3,LOCHF_fada2bc5cb8fe580b502,HAS_RELEASE_FACTOR,具有危险源释放因素,HZFHF_6ee1acbb2522df3289bc,,SRCHF_938512fc693557bf7d54,EVHF_d2fc6112f6804f379136,"{""sequence_no"":1}",非密-第二类危险源分析.docx,HAZARD_FACTOR_REFERENCE_V1,1.6-reference,1.0000,accepted
RELHF_bc184c9911333d96133e,LOCHF_d13a7d6747c69dc6bd4a,HAS_RELEASE_FACTOR,具有危险源释放因素,HZFHF_d7f1a22d8799ec05770c,,SRCHF_363c4a62771c700b5a09,EVHF_111f6fe6c81bed9e4cab,"{""sequence_no"":1}",非密-第二类危险源分析.docx,HAZARD_FACTOR_REFERENCE_V1,1.6-reference,1.0000,accepted
RELHF_bc4ce8c0c94e91b3d78b,LOCHF_f81eac2b643df1a37891,HAS_RELEASE_FACTOR,具有危险源释放因素,HZFHF_706f62c349809e13b9c3,,SRCHF_5032ca2d2fc2b056d065,EVHF_a1e35b01317d863bdacc,"{""sequence_no"":1}",非密-第二类危险源分析.docx,HAZARD_FACTOR_REFERENCE_V1,1.6-reference,1.0000,accepted
RELHF_be91113e0fbfa3db3821,LOCHF_dc547b9d02758dc1754b,HAS_RELEASE_FACTOR,具有危险源释放因素,HZFHF_4120c8351d7f02994e61,,SRCHF_e272d5a924f6e35e8a1a,EVHF_775b5ea6827ed8965603,"{""sequence_no"":1}",非密-第二类危险源分析.docx,HAZARD_FACTOR_REFERENCE_V1,1.6-reference,1.0000,accepted
RELHF_bfec3de55e45f9aad901,LOCHF_1fb730c2b40bfb267153,HAS_RELEASE_FACTOR,具有危险源释放因素,HZFHF_86a6179435daa62548c3,,SRCHF_1efb21887e9d20ace659,EVHF_0a96e71082bd30be786d,"{""sequence_no"":2}",非密-第二类危险源分析.docx,HAZARD_FACTOR_REFERENCE_V1,1.6-reference,1.0000,accepted
RELHF_c1477ee6a2bad866480e,LOCHF_36cd63d7a3e9700f9c2b,HAS_RELEASE_FACTOR,具有危险源释放因素,HZFHF_da51835c3b4116c1e623,,SRCHF_8ef2923c500a594da821,EVHF_b25bd602ccdd3d202f9a,"{""sequence_no"":1}",非密-第二类危险源分析.docx,HAZARD_FACTOR_REFERENCE_V1,1.6-reference,1.0000,accepted
RELHF_c197d5d2881d88c61006,LOCHF_02a5d3ca0dec96a100a1,HAS_RELEASE_FACTOR,具有危险源释放因素,HZFHF_ab00581261ebd3438070,,SRCHF_582f0e4d716f3876b07e,EVHF_25a6df471a876735a4bd,"{""sequence_no"":1}",非密-第二类危险源分析.docx,HAZARD_FACTOR_REFERENCE_V1,1.6-reference,1.0000,accepted
RELHF_c1d120a1e8a12c61fbd6,LOCHF_9ffec200589459a83794,HAS_RELEASE_FACTOR,具有危险源释放因素,HZFHF_3f33c05e15ec343f7d7e,,SRCHF_c9cce373c6651bcf7173,EVHF_5637a6b71cd8780a662c,"{""sequence_no"":1}",非密-第二类危险源分析.docx,HAZARD_FACTOR_REFERENCE_V1,1.6-reference,1.0000,accepted
RELHF_c3448a1f0e8a5f9093ae,LOCHF_4269b99eee6d36cd1046,HAS_RELEASE_FACTOR,具有危险源释放因素,HZFHF_c5c79116cbea2ee3f484,,SRCHF_6b07230449ace8301ff5,EVHF_3107752013f815e5cacc,"{""sequence_no"":1}",非密-第二类危险源分析.docx,HAZARD_FACTOR_REFERENCE_V1,1.6-reference,1.0000,accepted
RELHF_c709d3b5e7c8b4866919,LOCHF_36bf3f9087156bba0db6,HAS_RELEASE_FACTOR,具有危险源释放因素,HZFHF_80528cb4a9dc45a9d107,,SRCHF_fc035e59aaf5c6dc4eda,EVHF_a0b93a7784a25624690f,"{""sequence_no"":2}",非密-第二类危险源分析.docx,HAZARD_FACTOR_REFERENCE_V1,1.6-reference,1.0000,accepted
RELHF_c8254ca4837500167d21,LOCHF_181b0c9f35c025848289,HAS_RELEASE_FACTOR,具有危险源释放因素,HZFHF_753c9f791b012e4fcd31,,SRCHF_39946aeeec1ae10cbb05,EVHF_328a3f8d51407df3213c,"{""sequence_no"":1}",非密-第二类危险源分析.docx,HAZARD_FACTOR_REFERENCE_V1,1.6-reference,1.0000,accepted
RELHF_c82a066120877dc8fd92,LOCHF_deca3e64bfa9f721c56e,HAS_RELEASE_FACTOR,具有危险源释放因素,HZFHF_f4b897489e0dbb4eb1ff,,SRCHF_66ffe36ea4982e2f5799,EVHF_36d46d73fc28ece39f6b,"{""sequence_no"":1}",非密-第二类危险源分析.docx,HAZARD_FACTOR_REFERENCE_V1,1.6-reference,1.0000,accepted
RELHF_cb2317d3f36775609d8f,LOCHF_2fdae8df74f9bbeabca6,HAS_RELEASE_FACTOR,具有危险源释放因素,HZFHF_e430343cf04f63eb990e,,SRCHF_d7ce91a5ebd5062b225f,EVHF_cae317944bbe7e4debc3,"{""sequence_no"":1}",非密-第二类危险源分析.docx,HAZARD_FACTOR_REFERENCE_V1,1.6-reference,1.0000,accepted
RELHF_cb6709d433dd2d602f09,LOCHF_72146974633980faf0a2,HAS_RELEASE_FACTOR,具有危险源释放因素,HZFHF_79c684383a7f9b14fdbc,,SRCHF_9201e2f90158728ff488,EVHF_c5b2e7766c913548e250,"{""sequence_no"":4}",非密-第二类危险源分析.docx,HAZARD_FACTOR_REFERENCE_V1,1.6-reference,1.0000,accepted
RELHF_cd06524ea6b200506c10,LOCHF_5dc4324abfb1621cf303,HAS_RELEASE_FACTOR,具有危险源释放因素,HZFHF_aede8bdd0eb462bca71e,,SRCHF_1b87aeb3da16f6e93e96,EVHF_95f73df0fae0e2af42d3,"{""sequence_no"":3}",非密-第二类危险源分析.docx,HAZARD_FACTOR_REFERENCE_V1,1.6-reference,1.0000,accepted
RELHF_ce04c476387432682169,LOCHF_99d1ae334f768f049896,HAS_RELEASE_FACTOR,具有危险源释放因素,HZFHF_2257824b9922e819e7fb,,SRCHF_a4d87f2bde456928382c,EVHF_c7dc799e824b4e16c818,"{""sequence_no"":1}",非密-第二类危险源分析.docx,HAZARD_FACTOR_REFERENCE_V1,1.6-reference,1.0000,accepted
RELHF_cfcc3124b7f4bd31fa45,LOCHF_470779c0fd07a4ae5a71,HAS_RELEASE_FACTOR,具有危险源释放因素,HZFHF_f1bd1daa95aa6800d662,,SRCHF_ea6eb6b3efa05690e0c7,EVHF_3ce3e203729333ffc79a,"{""sequence_no"":1}",非密-第二类危险源分析.docx,HAZARD_FACTOR_REFERENCE_V1,1.6-reference,1.0000,accepted
RELHF_d133b70fb720c3db3a71,LOCHF_ccfa4e4e8888e2abcd05,HAS_RELEASE_FACTOR,具有危险源释放因素,HZFHF_4ce03ad8a23d8ecb8570,,SRCHF_7d5c5bbd690e492dab2d,EVHF_641fcbe5664540b868fe,"{""sequence_no"":1}",非密-第二类危险源分析.docx,HAZARD_FACTOR_REFERENCE_V1,1.6-reference,1.0000,accepted
RELHF_d24176d3d3008a352619,LOCHF_688c85d479d28d7ed6a8,HAS_RELEASE_FACTOR,具有危险源释放因素,HZFHF_1744632b688d7bb5d0ee,,SRCHF_102b28b272f174e26b5e,EVHF_ea8342446cf93fe9723b,"{""sequence_no"":1}",非密-第二类危险源分析.docx,HAZARD_FACTOR_REFERENCE_V1,1.6-reference,1.0000,accepted
RELHF_d3a1cf8586cdb4d52b8d,LOCHF_0a15675b92b64d743dff,HAS_RELEASE_FACTOR,具有危险源释放因素,HZFHF_005656849976a4b497e7,,SRCHF_cc297cb887b8fde1f82f,EVHF_0713d6b421b955b2576a,"{""sequence_no"":3}",非密-第二类危险源分析.docx,HAZARD_FACTOR_REFERENCE_V1,1.6-reference,1.0000,accepted
RELHF_d41d354fcf16e8bcc273,LOCHF_ff27d171cb2ea7a3f2ee,HAS_RELEASE_FACTOR,具有危险源释放因素,HZFHF_ff1a38ba99321b07e11c,,SRCHF_082276f4818ee5d1f52d,EVHF_381ac9e4d172fd772b09,"{""sequence_no"":1}",非密-第二类危险源分析.docx,HAZARD_FACTOR_REFERENCE_V1,1.6-reference,1.0000,accepted
RELHF_d47ed3d38356dd715eb3,LOCHF_2e637f2274c208a56374,HAS_RELEASE_FACTOR,具有危险源释放因素,HZFHF_ae17ae5151b935a51f4d,,SRCHF_c7155161d7e938550a61,EVHF_dcc493e4040650c0f70c,"{""sequence_no"":2}",非密-第二类危险源分析.docx,HAZARD_FACTOR_REFERENCE_V1,1.6-reference,1.0000,accepted
RELHF_d4d0e6827a6b2164dcb9,LOCHF_ff9d8b7b5f3405e092d4,HAS_RELEASE_FACTOR,具有危险源释放因素,HZFHF_b54f0eba087c17a3d7cc,,SRCHF_87032cf4a62a59cd1eb3,EVHF_e386dc8655a5b294ad49,"{""sequence_no"":1}",非密-第二类危险源分析.docx,HAZARD_FACTOR_REFERENCE_V1,1.6-reference,1.0000,accepted
RELHF_d6afcaed3991383af471,LOCHF_6804c255a4ca2ffb07a1,HAS_RELEASE_FACTOR,具有危险源释放因素,HZFHF_f46796d62e6e9d197c5a,,SRCHF_6017081828f5ae640ec2,EVHF_b1b397f3a875c1f656b7,"{""sequence_no"":2}",非密-第二类危险源分析.docx,HAZARD_FACTOR_REFERENCE_V1,1.6-reference,1.0000,accepted
RELHF_d6e975f5590bdabf5807,LOCHF_7a0c4e1d8bb57372327f,HAS_RELEASE_FACTOR,具有危险源释放因素,HZFHF_f8977ad5c22a1215eced,,SRCHF_7bcbcd7646421eec8f57,EVHF_1a2fe48555266322c660,"{""sequence_no"":1}",非密-第二类危险源分析.docx,HAZARD_FACTOR_REFERENCE_V1,1.6-reference,1.0000,accepted
RELHF_d7abf05b20b40c9b4a23,LOCHF_1b7b32f882070e20af13,HAS_RELEASE_FACTOR,具有危险源释放因素,HZFHF_70359f5fa43e3cd78d8f,,SRCHF_14cecff0333de89b0a63,EVHF_10ead3a3c5c06e3ba3dd,"{""sequence_no"":1}",非密-第二类危险源分析.docx,HAZARD_FACTOR_REFERENCE_V1,1.6-reference,1.0000,accepted
RELHF_d9742e7bed5f361d4dcb,LOCHF_32250a3a57160897434e,HAS_RELEASE_FACTOR,具有危险源释放因素,HZFHF_ccba280bfd1d91d7fa0c,,SRCHF_968475c1681931f3c9c7,EVHF_3df6c0d3a26c915bd134,"{""sequence_no"":1}",非密-第二类危险源分析.docx,HAZARD_FACTOR_REFERENCE_V1,1.6-reference,1.0000,accepted
RELHF_db75f46a91a51db6ba34,LOCHF_82ea34de1701b7ded1dd,HAS_RELEASE_FACTOR,具有危险源释放因素,HZFHF_593b496d9598538b1c94,,SRCHF_41d89841187a9f493e9e,EVHF_b1eb1bad60885b85f9ea,"{""sequence_no"":1}",非密-第二类危险源分析.docx,HAZARD_FACTOR_REFERENCE_V1,1.6-reference,1.0000,accepted
RELHF_dc2da9a4db2218a4282c,LOCHF_811233e8058fb094975c,HAS_RELEASE_FACTOR,具有危险源释放因素,HZFHF_06f114e5f42664a126b2,,SRCHF_70f1af9306650d23505e,EVHF_5e7b48b36cf708115953,"{""sequence_no"":1}",非密-第二类危险源分析.docx,HAZARD_FACTOR_REFERENCE_V1,1.6-reference,1.0000,accepted
RELHF_dcfbe8d71d237235076e,LOCHF_72146974633980faf0a2,HAS_RELEASE_FACTOR,具有危险源释放因素,HZFHF_5ba158188189d9f20e4d,,SRCHF_9201e2f90158728ff488,EVHF_c5b2e7766c913548e250,"{""sequence_no"":5}",非密-第二类危险源分析.docx,HAZARD_FACTOR_REFERENCE_V1,1.6-reference,1.0000,accepted
RELHF_dd33500a7c499719bee1,LOCHF_0d629c7fe15c85e6f762,HAS_RELEASE_FACTOR,具有危险源释放因素,HZFHF_0a5fae2a43d160617354,,SRCHF_2d2500f0cec7d433792e,EVHF_f8dd3a3a995a0b9e36a1,"{""sequence_no"":1}",非密-第二类危险源分析.docx,HAZARD_FACTOR_REFERENCE_V1,1.6-reference,1.0000,accepted
RELHF_debf1fba6f73b50cce76,LOCHF_54a5d474db8b4d8d0251,HAS_RELEASE_FACTOR,具有危险源释放因素,HZFHF_a20ddfc5328c7c50b274,,SRCHF_7ad002752b280e9c4058,EVHF_607d6474ffc5fb504036,"{""sequence_no"":5}",非密-第二类危险源分析.docx,HAZARD_FACTOR_REFERENCE_V1,1.6-reference,1.0000,accepted
RELHF_e1c4c2131d98be33e38f,LOCHF_1b1f0895431f1eead22d,HAS_RELEASE_FACTOR,具有危险源释放因素,HZFHF_2f8e9552010cbf0e9d35,,SRCHF_fec323b1f0adfd5d15af,EVHF_0a9e52fff5b47473b825,"{""sequence_no"":1}",非密-第二类危险源分析.docx,HAZARD_FACTOR_REFERENCE_V1,1.6-reference,1.0000,accepted
RELHF_e2ab9934df9666e74771,LOCHF_82ea34de1701b7ded1dd,HAS_RELEASE_FACTOR,具有危险源释放因素,HZFHF_c66f60f94671486f49a8,,SRCHF_41d89841187a9f493e9e,EVHF_b1eb1bad60885b85f9ea,"{""sequence_no"":2}",非密-第二类危险源分析.docx,HAZARD_FACTOR_REFERENCE_V1,1.6-reference,1.0000,accepted
RELHF_e36533943754d2562e80,LOCHF_ba2223635b89feaedc27,HAS_RELEASE_FACTOR,具有危险源释放因素,HZFHF_a010d5e70b36944a2194,,SRCHF_ed976d54e24f8d9b3507,EVHF_5d2257d66647dbd2feef,"{""sequence_no"":1}",非密-第二类危险源分析.docx,HAZARD_FACTOR_REFERENCE_V1,1.6-reference,1.0000,accepted
RELHF_e367f6c15b0b2c110c7f,LOCHF_9e7054e3d1aa05fd467e,HAS_RELEASE_FACTOR,具有危险源释放因素,HZFHF_6c2f07e7351ead8562e4,,SRCHF_a80aaea83953a2727425,EVHF_cec398b14a8d93aa6832,"{""sequence_no"":2}",非密-第二类危险源分析.docx,HAZARD_FACTOR_REFERENCE_V1,1.6-reference,1.0000,accepted
RELHF_e3d764ccda76ee202127,LOCHF_a3cb32195785f198b16e,HAS_RELEASE_FACTOR,具有危险源释放因素,HZFHF_d339989ecb11264b4b1d,,SRCHF_f5e7826bcdf9a38ba1eb,EVHF_6669aff12601817f9188,"{""sequence_no"":1}",非密-第二类危险源分析.docx,HAZARD_FACTOR_REFERENCE_V1,1.6-reference,1.0000,accepted
RELHF_e455c8f5edef2ec6c52c,LOCHF_1a1321ad2b9117dfe125,HAS_RELEASE_FACTOR,具有危险源释放因素,HZFHF_ce1b73401e3d7987c16b,,SRCHF_a6de77d6711faa0e60fc,EVHF_367ea84792f65524646a,"{""sequence_no"":1}",非密-第二类危险源分析.docx,HAZARD_FACTOR_REFERENCE_V1,1.6-reference,1.0000,accepted
RELHF_e604d2ce459cfc0c26a3,LOCHF_b3a7e7e239eedc91aa57,HAS_RELEASE_FACTOR,具有危险源释放因素,HZFHF_5b3b5d777861571f176e,,SRCHF_682f31b1e5958d6ee145,EVHF_8ab8e0c8710aa1a992b4,"{""sequence_no"":1}",非密-第二类危险源分析.docx,HAZARD_FACTOR_REFERENCE_V1,1.6-reference,1.0000,accepted
RELHF_e731f404c43230e948da,LOCHF_d58c4d852b30c28bc81d,HAS_RELEASE_FACTOR,具有危险源释放因素,HZFHF_db09d5c9eced1dafdfbb,,SRCHF_c0832cf65e903cd5ab1b,EVHF_8a588a516b512d0ed88d,"{""sequence_no"":1}",非密-第二类危险源分析.docx,HAZARD_FACTOR_REFERENCE_V1,1.6-reference,1.0000,accepted
RELHF_e77ed8161cecfa918fd0,LOCHF_c666e0317271cdfca1ac,HAS_RELEASE_FACTOR,具有危险源释放因素,HZFHF_71b2daab09d0612b10c8,,SRCHF_023a5036161271cdb0c4,EVHF_b466815bc58563bd132a,"{""sequence_no"":1}",非密-第二类危险源分析.docx,HAZARD_FACTOR_REFERENCE_V1,1.6-reference,1.0000,accepted
RELHF_e7c486734758ed9f8d94,LOCHF_54a5d474db8b4d8d0251,HAS_RELEASE_FACTOR,具有危险源释放因素,HZFHF_5adb18bd7f3c1be44882,,SRCHF_7ad002752b280e9c4058,EVHF_607d6474ffc5fb504036,"{""sequence_no"":4}",非密-第二类危险源分析.docx,HAZARD_FACTOR_REFERENCE_V1,1.6-reference,1.0000,accepted
RELHF_e7cb7e5497db3e718861,LOCHF_ff5bf35c3cdd7fea384d,HAS_RELEASE_FACTOR,具有危险源释放因素,HZFHF_a8e2e442584d9b021d9c,,SRCHF_884d1fa52408adb92e82,EVHF_9ddf82dcc64a27ed7d8a,"{""sequence_no"":1}",非密-第二类危险源分析.docx,HAZARD_FACTOR_REFERENCE_V1,1.6-reference,1.0000,accepted
RELHF_e84cd0936240d5bacbcc,LOCHF_f524ea733d8aa142af39,HAS_RELEASE_FACTOR,具有危险源释放因素,HZFHF_c9243d7a031ae4123933,,SRCHF_dcb4e2cd6e3f02a9bc73,EVHF_aede8b56f95d33fc3958,"{""sequence_no"":3}",非密-第二类危险源分析.docx,HAZARD_FACTOR_REFERENCE_V1,1.6-reference,1.0000,accepted
RELHF_e86367dcf585fd694dda,LOCHF_f069854a43de34e82cc3,HAS_RELEASE_FACTOR,具有危险源释放因素,HZFHF_e0d001815bf67cd21100,,SRCHF_3d0960991c5f2cd0f37a,EVHF_9e1ff59f83503aff670e,"{""sequence_no"":1}",非密-第二类危险源分析.docx,HAZARD_FACTOR_REFERENCE_V1,1.6-reference,1.0000,accepted
RELHF_ebaff63825615be5c60d,LOCHF_54a5d474db8b4d8d0251,HAS_RELEASE_FACTOR,具有危险源释放因素,HZFHF_b48ae9227bbc8ad86440,,SRCHF_7ad002752b280e9c4058,EVHF_607d6474ffc5fb504036,"{""sequence_no"":3}",非密-第二类危险源分析.docx,HAZARD_FACTOR_REFERENCE_V1,1.6-reference,1.0000,accepted
RELHF_ebff1f66ce08f575b087,LOCHF_d3118d3e1459325b49c0,HAS_RELEASE_FACTOR,具有危险源释放因素,HZFHF_2dbb4e4ade40ffada902,,SRCHF_51d650b3140e40d85169,EVHF_455ec9b80683e255ba93,"{""sequence_no"":1}",非密-第二类危险源分析.docx,HAZARD_FACTOR_REFERENCE_V1,1.6-reference,1.0000,accepted
RELHF_ec71c74c1ef7b538b31f,LOCHF_50d7f9272c59c84f4088,HAS_RELEASE_FACTOR,具有危险源释放因素,HZFHF_86049652845f1f06f3ce,,SRCHF_fc89c028bacfc466b374,EVHF_45a3aaf4f2f94c20502e,"{""sequence_no"":2}",非密-第二类危险源分析.docx,HAZARD_FACTOR_REFERENCE_V1,1.6-reference,1.0000,accepted
RELHF_ecb98b0228e42138665b,LOCHF_8c8469d1888fc09acc2f,HAS_RELEASE_FACTOR,具有危险源释放因素,HZFHF_8d73840c7817a8d216b6,,SRCHF_ace88b7ea18d12c280b3,EVHF_87beb3ed85460cc6186c,"{""sequence_no"":2}",非密-第二类危险源分析.docx,HAZARD_FACTOR_REFERENCE_V1,1.6-reference,1.0000,accepted
RELHF_ecbeb8b77c8e6691658a,LOCHF_2fdae8df74f9bbeabca6,HAS_RELEASE_FACTOR,具有危险源释放因素,HZFHF_220ab68f0f3df94fb21d,,SRCHF_f79ce1d61907ae26395e,EVHF_fa1097849328790f770f,"{""sequence_no"":1}",非密-第二类危险源分析.docx,HAZARD_FACTOR_REFERENCE_V1,1.6-reference,1.0000,accepted
RELHF_ee9d08ec23d926f9a57e,LOCHF_c4edd3d3c14654f00a4a,HAS_RELEASE_FACTOR,具有危险源释放因素,HZFHF_4aae40e0b9f5f8f30321,,SRCHF_33f5f0a65ed8b56cfba8,EVHF_c8f86912dabdb06af254,"{""sequence_no"":1}",非密-第二类危险源分析.docx,HAZARD_FACTOR_REFERENCE_V1,1.6-reference,1.0000,accepted
RELHF_eee129e3fed8290ab507,LOCHF_dac8a14586a80d96c992,HAS_RELEASE_FACTOR,具有危险源释放因素,HZFHF_bf8044f02dd531c9a3a4,,SRCHF_f96988a3635ed2b863f0,EVHF_3187d9c3886bc5622297,"{""sequence_no"":1}",非密-第二类危险源分析.docx,HAZARD_FACTOR_REFERENCE_V1,1.6-reference,1.0000,accepted
RELHF_ef97db4f0283a9c86c4e,LOCHF_bc8984a0ce25400d6853,HAS_RELEASE_FACTOR,具有危险源释放因素,HZFHF_854c3c717419a9f614fe,,SRCHF_29fc39e4d6222c462112,EVHF_971dccd1f6dbe32c17c4,"{""sequence_no"":1}",非密-第二类危险源分析.docx,HAZARD_FACTOR_REFERENCE_V1,1.6-reference,1.0000,accepted
RELHF_f0c60046f055d9edb1c0,LOCHF_a8d01d00b495e2c665c4,HAS_RELEASE_FACTOR,具有危险源释放因素,HZFHF_b18637d7c2575cbd2139,,SRCHF_f28648036f64073d2c2b,EVHF_c9e018202860f27054c4,"{""sequence_no"":1}",非密-第二类危险源分析.docx,HAZARD_FACTOR_REFERENCE_V1,1.6-reference,1.0000,accepted
RELHF_f0f5060ff82f5ed954c3,LOCHF_dd89ebcc5b8d035913ae,HAS_RELEASE_FACTOR,具有危险源释放因素,HZFHF_67d9c0ef8637458bba9b,,SRCHF_b81bf4fc7a1271737437,EVHF_6e8ea4dc719a1031baf9,"{""sequence_no"":1}",非密-第二类危险源分析.docx,HAZARD_FACTOR_REFERENCE_V1,1.6-reference,1.0000,accepted
RELHF_f1c5f0756decdc16d1e0,LOCHF_626385dc353b7d4b01fa,HAS_RELEASE_FACTOR,具有危险源释放因素,HZFHF_16d748a57ad3629c4b2f,,SRCHF_de44bc0abd9a757d37fa,EVHF_0036de675c2991144a78,"{""sequence_no"":1}",非密-第二类危险源分析.docx,HAZARD_FACTOR_REFERENCE_V1,1.6-reference,1.0000,accepted
RELHF_f2adfedbf1c141c9dad8,LOCHF_40bd0e14534bc863cfaa,HAS_RELEASE_FACTOR,具有危险源释放因素,HZFHF_b8677ca7dd03b88791d9,,SRCHF_128d0c0d95dbad666443,EVHF_03e4adcbf8934813dfdd,"{""sequence_no"":1}",非密-第二类危险源分析.docx,HAZARD_FACTOR_REFERENCE_V1,1.6-reference,1.0000,accepted
RELHF_f5dae8dd42d49135108d,LOCHF_609cf453a040d153d1f0,HAS_RELEASE_FACTOR,具有危险源释放因素,HZFHF_475b0c14edea1c963c6b,,SRCHF_ed79667f29eb944c6293,EVHF_611bcd5b1573bdfdba0c,"{""sequence_no"":1}",非密-第二类危险源分析.docx,HAZARD_FACTOR_REFERENCE_V1,1.6-reference,1.0000,accepted
RELHF_f6b2e9e0f8e3bcd4f8d0,LOCHF_c2874acb610f25bfa7ab,HAS_RELEASE_FACTOR,具有危险源释放因素,HZFHF_e7ccc77a73e688a8243a,,SRCHF_8417b672d58b7c556e0d,EVHF_0def88932a19f68d656d,"{""sequence_no"":1}",非密-第二类危险源分析.docx,HAZARD_FACTOR_REFERENCE_V1,1.6-reference,1.0000,accepted
RELHF_f71836ee990aad64432c,LOCHF_562c38898db80dbb5fcf,HAS_RELEASE_FACTOR,具有危险源释放因素,HZFHF_1ee7764f591eabe6dc3e,,SRCHF_561db2c8509c401389c2,EVHF_f4cad4442a5328b8dfb5,"{""sequence_no"":1}",非密-第二类危险源分析.docx,HAZARD_FACTOR_REFERENCE_V1,1.6-reference,1.0000,accepted
RELHF_f74a4c32525fa13b110c,LOCHF_1b7ffde716bc2558edb5,HAS_RELEASE_FACTOR,具有危险源释放因素,HZFHF_d88376daecae802fe3c7,,SRCHF_44b5ed91f08301812e70,EVHF_74505abde678bead9e29,"{""sequence_no"":1}",非密-第二类危险源分析.docx,HAZARD_FACTOR_REFERENCE_V1,1.6-reference,1.0000,accepted
RELHF_f82b34880186cc0482d8,LOCHF_6185f61c219714cb6178,HAS_RELEASE_FACTOR,具有危险源释放因素,HZFHF_7d1777c0e79705e0685a,,SRCHF_0ce0a2bf9c5d046bb9f8,EVHF_d9603ea2c78fa9c48756,"{""sequence_no"":1}",非密-第二类危险源分析.docx,HAZARD_FACTOR_REFERENCE_V1,1.6-reference,1.0000,accepted
RELHF_f82f91e7c1ad95cb83cc,LOCHF_72146974633980faf0a2,HAS_RELEASE_FACTOR,具有危险源释放因素,HZFHF_7a8810bad7cde361736a,,SRCHF_9201e2f90158728ff488,EVHF_c5b2e7766c913548e250,"{""sequence_no"":1}",非密-第二类危险源分析.docx,HAZARD_FACTOR_REFERENCE_V1,1.6-reference,1.0000,accepted
RELHF_f949effc548bec0725e0,LOCHF_1c63a2e343a0882cc3d4,HAS_RELEASE_FACTOR,具有危险源释放因素,HZFHF_80612f6f3a49bbe489c5,,SRCHF_aec7c2d53df32e8c9260,EVHF_5e78e08576a1db83aa22,"{""sequence_no"":1}",非密-第二类危险源分析.docx,HAZARD_FACTOR_REFERENCE_V1,1.6-reference,1.0000,accepted
RELHF_f9776e6e0ab1deac65bf,LOCHF_512296b3460e35454c2e,HAS_RELEASE_FACTOR,具有危险源释放因素,HZFHF_c392fa1a9c0d25c7f4fc,,SRCHF_60bd3f17f86a38728bd6,EVHF_eebfb22308aa2636fb80,"{""sequence_no"":1}",非密-第二类危险源分析.docx,HAZARD_FACTOR_REFERENCE_V1,1.6-reference,1.0000,accepted
RELHF_f9d7d5d78199932a71c5,LOCHF_249f366e77df58d167c3,HAS_RELEASE_FACTOR,具有危险源释放因素,HZFHF_4295918af89e016f2b2b,,SRCHF_a287b9ab70422fe28aa9,EVHF_db5945c6259b9e5b2a6f,"{""sequence_no"":1}",非密-第二类危险源分析.docx,HAZARD_FACTOR_REFERENCE_V1,1.6-reference,1.0000,accepted
RELHF_fb1754961807b171921d,LOCHF_8207559ea290cc2ecaec,HAS_RELEASE_FACTOR,具有危险源释放因素,HZFHF_1b857ccefc7defc1a301,,SRCHF_8c8c14672ed4195ad13e,EVHF_24cf545d2a6d63c94a5c,"{""sequence_no"":1}",非密-第二类危险源分析.docx,HAZARD_FACTOR_REFERENCE_V1,1.6-reference,1.0000,accepted
RELHF_fb1b04b1183ef936e6d4,LOCHF_cbe7ba5dc785d6f7e936,HAS_RELEASE_FACTOR,具有危险源释放因素,HZFHF_ba41cbf5b8172e09be87,,SRCHF_51885c6cca47f3c72388,EVHF_a4e8ef70115ad12b9c0d,"{""sequence_no"":1}",非密-第二类危险源分析.docx,HAZARD_FACTOR_REFERENCE_V1,1.6-reference,1.0000,accepted
RELHF_fb3a68a93323e2ada471,LOCHF_c9e9d7b989c7f7cc446f,HAS_RELEASE_FACTOR,具有危险源释放因素,HZFHF_93d88cd834ac9a46bf68,,SRCHF_df0d5508b6dece5805b3,EVHF_7ea5d6fd8db1a44d2d53,"{""sequence_no"":1}",非密-第二类危险源分析.docx,HAZARD_FACTOR_REFERENCE_V1,1.6-reference,1.0000,accepted
RELHF_fed737b1f80230270f77,LOCHF_5d1deaa73675c935490b,HAS_RELEASE_FACTOR,具有危险源释放因素,HZFHF_50798fb6f7f0c4d612bd,,SRCHF_fadedb873d7b64450b54,EVHF_b20f1f85998c8fe1be6b,"{""sequence_no"":1}",非密-第二类危险源分析.docx,HAZARD_FACTOR_REFERENCE_V1,1.6-reference,1.0000,accepted
RELHF_ff4b1be08347cf852d8c,LOCHF_b520042300f75bc92d05,HAS_RELEASE_FACTOR,具有危险源释放因素,HZFHF_b491adc1933f8dcdb70c,,SRCHF_1ff5369d38f346bebb45,EVHF_e2befad44684e20b7b19,"{""sequence_no"":1}",非密-第二类危险源分析.docx,HAZARD_FACTOR_REFERENCE_V1,1.6-reference,1.0000,accepted
RELHF_06e9a84e890ce3175f19,HFMAJ_30ae93d09c3272ec457a,HAS_SUBCATEGORY,具有危险因素子类,HFSUB_4a28ba96f0226892eb5f,,SRCHF_fc035e59aaf5c6dc4eda,,"{""major_code"":""1"",""subcategory_code"":""1.2""}",非密-第二类危险源分析.docx,HAZARD_FACTOR_REFERENCE_V1,1.6-reference,1.0000,accepted
RELHF_0aac8043da1015311c43,HFMAJ_9a17218c762e1c066cb8,HAS_SUBCATEGORY,具有危险因素子类,HFSUB_ecab1e5aaa25c691327d,,SRCHF_5ae4d65ab5606cdd7310,,"{""major_code"":""2"",""subcategory_code"":""2.9""}",非密-第二类危险源分析.docx,HAZARD_FACTOR_REFERENCE_V1,1.6-reference,1.0000,accepted
RELHF_1023a112b8481886221d,HFMAJ_986fa84197623b562ab5,HAS_SUBCATEGORY,具有危险因素子类,HFSUB_a91de5fded2c4bf3cbd0,,SRCHF_cfd2a273c81ffb78b0bf,,"{""major_code"":""5"",""subcategory_code"":""5.1""}",非密-第二类危险源分析.docx,HAZARD_FACTOR_REFERENCE_V1,1.6-reference,1.0000,accepted
RELHF_20357e67ac3863e11d03,HFMAJ_8d88992a2c0922e80b45,HAS_SUBCATEGORY,具有危险因素子类,HFSUB_3499b2eea2406a3fc2e4,,SRCHF_9201e2f90158728ff488,,"{""major_code"":""4"",""subcategory_code"":""4.1""}",非密-第二类危险源分析.docx,HAZARD_FACTOR_REFERENCE_V1,1.6-reference,1.0000,accepted
RELHF_28622acf20a15c2735db,HFMAJ_8d88992a2c0922e80b45,HAS_SUBCATEGORY,具有危险因素子类,HFSUB_4ebfdb13c2eb23794557,,SRCHF_39946aeeec1ae10cbb05,,"{""major_code"":""4"",""subcategory_code"":""4.2""}",非密-第二类危险源分析.docx,HAZARD_FACTOR_REFERENCE_V1,1.6-reference,1.0000,accepted
RELHF_29dfb40a61be95151c48,HFMAJ_986fa84197623b562ab5,HAS_SUBCATEGORY,具有危险因素子类,HFSUB_ddaf83ad26dbf99c9fe3,,SRCHF_dcb4e2cd6e3f02a9bc73,,"{""major_code"":""5"",""subcategory_code"":""5.3""}",非密-第二类危险源分析.docx,HAZARD_FACTOR_REFERENCE_V1,1.6-reference,1.0000,accepted
RELHF_2da3ba3982a7be4c61ae,HFMAJ_9a17218c762e1c066cb8,HAS_SUBCATEGORY,具有危险因素子类,HFSUB_b33ec045de75625b7cb7,,SRCHF_023a5036161271cdb0c4,,"{""major_code"":""2"",""subcategory_code"":""2.4""}",非密-第二类危险源分析.docx,HAZARD_FACTOR_REFERENCE_V1,1.6-reference,1.0000,accepted
RELHF_31ba6b70bc9d5319c15f,HFMAJ_eda5f1799cdc84fdcdd1,HAS_SUBCATEGORY,具有危险因素子类,HFSUB_bab52de02b4154d6915d,,SRCHF_68e2596bfc02c10db6a0,,"{""major_code"":""3"",""subcategory_code"":""3.3""}",非密-第二类危险源分析.docx,HAZARD_FACTOR_REFERENCE_V1,1.6-reference,1.0000,accepted
RELHF_3b976b058db267efff00,HFMAJ_986fa84197623b562ab5,HAS_SUBCATEGORY,具有危险因素子类,HFSUB_0f6815b3d697d4b26861,,SRCHF_13e203d882847edbae45,,"{""major_code"":""5"",""subcategory_code"":""5.4""}",非密-第二类危险源分析.docx,HAZARD_FACTOR_REFERENCE_V1,1.6-reference,1.0000,accepted
RELHF_3d55e54236d606810da3,HFMAJ_9a17218c762e1c066cb8,HAS_SUBCATEGORY,具有危险因素子类,HFSUB_7fbaa8987bd46aa43e3d,,SRCHF_0ce0a2bf9c5d046bb9f8,,"{""major_code"":""2"",""subcategory_code"":""2.2""}",非密-第二类危险源分析.docx,HAZARD_FACTOR_REFERENCE_V1,1.6-reference,1.0000,accepted
RELHF_4e51079d32d8477e958d,HFMAJ_30ae93d09c3272ec457a,HAS_SUBCATEGORY,具有危险因素子类,HFSUB_c1e46c6a69f3a03d8340,,SRCHF_7ad002752b280e9c4058,,"{""major_code"":""1"",""subcategory_code"":""1.1""}",非密-第二类危险源分析.docx,HAZARD_FACTOR_REFERENCE_V1,1.6-reference,1.0000,accepted
RELHF_4eac6808cd14ea017587,HFMAJ_9a17218c762e1c066cb8,HAS_SUBCATEGORY,具有危险因素子类,HFSUB_f0da43b675a1e53250a7,,SRCHF_301e080ba1f40bc29751,,"{""major_code"":""2"",""subcategory_code"":""2.10""}",非密-第二类危险源分析.docx,HAZARD_FACTOR_REFERENCE_V1,1.6-reference,1.0000,accepted
RELHF_534591f2773513445958,HFMAJ_9a17218c762e1c066cb8,HAS_SUBCATEGORY,具有危险因素子类,HFSUB_dc5acd27d2006184cb92,,SRCHF_f5e7826bcdf9a38ba1eb,,"{""major_code"":""2"",""subcategory_code"":""2.5""}",非密-第二类危险源分析.docx,HAZARD_FACTOR_REFERENCE_V1,1.6-reference,1.0000,accepted
RELHF_589121b016b1b9482a14,HFMAJ_8d88992a2c0922e80b45,HAS_SUBCATEGORY,具有危险因素子类,HFSUB_e930598f29156dbc0cb9,,SRCHF_c7155161d7e938550a61,,"{""major_code"":""4"",""subcategory_code"":""4.3""}",非密-第二类危险源分析.docx,HAZARD_FACTOR_REFERENCE_V1,1.6-reference,1.0000,accepted
RELHF_5c25ee3de1ad73dec6f5,HFMAJ_9a17218c762e1c066cb8,HAS_SUBCATEGORY,具有危险因素子类,HFSUB_9f52a546069cc2dddf1a,,SRCHF_d907e63b2a954eeea40f,,"{""major_code"":""2"",""subcategory_code"":""2.11""}",非密-第二类危险源分析.docx,HAZARD_FACTOR_REFERENCE_V1,1.6-reference,1.0000,accepted
RELHF_6bcf2a30498d03349040,HFMAJ_8d88992a2c0922e80b45,HAS_SUBCATEGORY,具有危险因素子类,HFSUB_83db26af498bfba0e958,,SRCHF_121600aef058616d1034,,"{""major_code"":""4"",""subcategory_code"":""4.4""}",非密-第二类危险源分析.docx,HAZARD_FACTOR_REFERENCE_V1,1.6-reference,1.0000,accepted
RELHF_6e6846bba4d146c1e11a,HFMAJ_9a17218c762e1c066cb8,HAS_SUBCATEGORY,具有危险因素子类,HFSUB_2943f7c2ef6e7f6f3e11,,SRCHF_a84a89c236135119fd75,,"{""major_code"":""2"",""subcategory_code"":""2.6""}",非密-第二类危险源分析.docx,HAZARD_FACTOR_REFERENCE_V1,1.6-reference,1.0000,accepted
RELHF_6fdfbf18be61125c22b5,HFMAJ_eda5f1799cdc84fdcdd1,HAS_SUBCATEGORY,具有危险因素子类,HFSUB_20ead840a6ca05e6e7bf,,SRCHF_e66a72d201715094af64,,"{""major_code"":""3"",""subcategory_code"":""3.2""}",非密-第二类危险源分析.docx,HAZARD_FACTOR_REFERENCE_V1,1.6-reference,1.0000,accepted
RELHF_71da3ae6c95a44483c88,HFMAJ_eda5f1799cdc84fdcdd1,HAS_SUBCATEGORY,具有危险因素子类,HFSUB_1477feb5a268ed2427af,,SRCHF_8719eb8968ab14684ddb,,"{""major_code"":""3"",""subcategory_code"":""3.6""}",非密-第二类危险源分析.docx,HAZARD_FACTOR_REFERENCE_V1,1.6-reference,1.0000,accepted
RELHF_741731a0fea43f1d5ea8,HFMAJ_eda5f1799cdc84fdcdd1,HAS_SUBCATEGORY,具有危险因素子类,HFSUB_3714c0ce37203cc71bfb,,SRCHF_6ff7d05908f3d4b5036b,,"{""major_code"":""3"",""subcategory_code"":""3.1""}",非密-第二类危险源分析.docx,HAZARD_FACTOR_REFERENCE_V1,1.6-reference,1.0000,accepted
RELHF_7853ad8adec215727373,HFMAJ_eda5f1799cdc84fdcdd1,HAS_SUBCATEGORY,具有危险因素子类,HFSUB_fa95053a6249e538276f,,SRCHF_69e7566fb13bf7eaacd4,,"{""major_code"":""3"",""subcategory_code"":""3.4""}",非密-第二类危险源分析.docx,HAZARD_FACTOR_REFERENCE_V1,1.6-reference,1.0000,accepted
RELHF_8deb9e4eef0527febd19,HFMAJ_986fa84197623b562ab5,HAS_SUBCATEGORY,具有危险因素子类,HFSUB_e2391b9e99add981cc97,,SRCHF_60bd3f17f86a38728bd6,,"{""major_code"":""5"",""subcategory_code"":""5.2""}",非密-第二类危险源分析.docx,HAZARD_FACTOR_REFERENCE_V1,1.6-reference,1.0000,accepted
RELHF_8f1a299a88bacdebf3e5,HFMAJ_9a17218c762e1c066cb8,HAS_SUBCATEGORY,具有危险因素子类,HFSUB_3be740fba9158966a7be,,SRCHF_c74203e64bb3101534ce,,"{""major_code"":""2"",""subcategory_code"":""2.7""}",非密-第二类危险源分析.docx,HAZARD_FACTOR_REFERENCE_V1,1.6-reference,1.0000,accepted
RELHF_9e9d11b36e320fc437e2,HFMAJ_9a17218c762e1c066cb8,HAS_SUBCATEGORY,具有危险因素子类,HFSUB_2fc0f1936aef3818e581,,SRCHF_ea6eb6b3efa05690e0c7,,"{""major_code"":""2"",""subcategory_code"":""2.8""}",非密-第二类危险源分析.docx,HAZARD_FACTOR_REFERENCE_V1,1.6-reference,1.0000,accepted
RELHF_c4bc61c260ff0aebd834,HFMAJ_9a17218c762e1c066cb8,HAS_SUBCATEGORY,具有危险因素子类,HFSUB_2021d403833451c45c8e,,SRCHF_c9cce373c6651bcf7173,,"{""major_code"":""2"",""subcategory_code"":""2.1""}",非密-第二类危险源分析.docx,HAZARD_FACTOR_REFERENCE_V1,1.6-reference,1.0000,accepted
RELHF_c52d36c320d71223d253,HFMAJ_9a17218c762e1c066cb8,HAS_SUBCATEGORY,具有危险因素子类,HFSUB_ee73683e4f1d80a8f06f,,SRCHF_3b124c8d0004413d8432,,"{""major_code"":""2"",""subcategory_code"":""2.3""}",非密-第二类危险源分析.docx,HAZARD_FACTOR_REFERENCE_V1,1.6-reference,1.0000,accepted
RELHF_cdd0be54fa5d6a2aeae6,HFMAJ_eda5f1799cdc84fdcdd1,HAS_SUBCATEGORY,具有危险因素子类,HFSUB_3c28074b64bfde37fddc,,SRCHF_1520a42c331194555efa,,"{""major_code"":""3"",""subcategory_code"":""3.5""}",非密-第二类危险源分析.docx,HAZARD_FACTOR_REFERENCE_V1,1.6-reference,1.0000,accepted
RELHF_d9062985034614117382,HFMAJ_30ae93d09c3272ec457a,HAS_SUBCATEGORY,具有危险因素子类,HFSUB_4fb37555d2b8e41a56b6,,SRCHF_884d1fa52408adb92e82,,"{""major_code"":""1"",""subcategory_code"":""1.3""}",非密-第二类危险源分析.docx,HAZARD_FACTOR_REFERENCE_V1,1.6-reference,1.0000,accepted
RELHF_50d4b1d4a1fade218245,DOCHF_d1a969459775f08ee2e9,IN_DATASET,属于数据集,HAZARD_FACTOR_REFERENCE_V1,,,,{},,HAZARD_FACTOR_REFERENCE_V1,1.6-reference,1.0000,accepted
RELHF_002e799f14b1c29809d7,EVHF_328a3f8d51407df3213c,PART_OF_DOCUMENT,属于来源文档,DOCHF_d1a969459775f08ee2e9,,SRCHF_39946aeeec1ae10cbb05,EVHF_328a3f8d51407df3213c,{},非密-第二类危险源分析.docx,HAZARD_FACTOR_REFERENCE_V1,1.6-reference,1.0000,accepted
RELHF_03916b2a941528f3e173,EVHF_0aea3545a1e0dd3482b1,PART_OF_DOCUMENT,属于来源文档,DOCHF_d1a969459775f08ee2e9,,SRCHF_8625bfe5a0f3095ef52a,EVHF_0aea3545a1e0dd3482b1,{},非密-第二类危险源分析.docx,HAZARD_FACTOR_REFERENCE_V1,1.6-reference,1.0000,accepted
RELHF_03d9501a65b94b7aa710,EVHF_5e78e08576a1db83aa22,PART_OF_DOCUMENT,属于来源文档,DOCHF_d1a969459775f08ee2e9,,SRCHF_aec7c2d53df32e8c9260,EVHF_5e78e08576a1db83aa22,{},非密-第二类危险源分析.docx,HAZARD_FACTOR_REFERENCE_V1,1.6-reference,1.0000,accepted
RELHF_044c5fdfde89cbf758fe,EVHF_c9e018202860f27054c4,PART_OF_DOCUMENT,属于来源文档,DOCHF_d1a969459775f08ee2e9,,SRCHF_f28648036f64073d2c2b,EVHF_c9e018202860f27054c4,{},非密-第二类危险源分析.docx,HAZARD_FACTOR_REFERENCE_V1,1.6-reference,1.0000,accepted
RELHF_06f3459f3cba628495bd,EVHF_8f212eae8a870041912a,PART_OF_DOCUMENT,属于来源文档,DOCHF_d1a969459775f08ee2e9,,SRCHF_87d3475055878665610e,EVHF_8f212eae8a870041912a,{},非密-第二类危险源分析.docx,HAZARD_FACTOR_REFERENCE_V1,1.6-reference,1.0000,accepted
RELHF_0abb2223baa0aea017a8,EVHF_928f23cabdb578c0982c,PART_OF_DOCUMENT,属于来源文档,DOCHF_d1a969459775f08ee2e9,,SRCHF_1b051de8069f75a758d1,EVHF_928f23cabdb578c0982c,{},非密-第二类危险源分析.docx,HAZARD_FACTOR_REFERENCE_V1,1.6-reference,1.0000,accepted
RELHF_0b4f58864c2b13645976,EVHF_462bec4277b672a4554b,PART_OF_DOCUMENT,属于来源文档,DOCHF_d1a969459775f08ee2e9,,SRCHF_a81300c30910a69f58ba,EVHF_462bec4277b672a4554b,{},非密-第二类危险源分析.docx,HAZARD_FACTOR_REFERENCE_V1,1.6-reference,1.0000,accepted
RELHF_0be00820c1540e8f2e71,EVHF_c7774ca510c0d946ac8d,PART_OF_DOCUMENT,属于来源文档,DOCHF_d1a969459775f08ee2e9,,SRCHF_94701b909ed6f764cab8,EVHF_c7774ca510c0d946ac8d,{},非密-第二类危险源分析.docx,HAZARD_FACTOR_REFERENCE_V1,1.6-reference,1.0000,accepted
RELHF_0c92fe2550b311d97687,EVHF_a23b3c3bad2b4ee206ef,PART_OF_DOCUMENT,属于来源文档,DOCHF_d1a969459775f08ee2e9,,SRCHF_3edf59f21f842f098ffd,EVHF_a23b3c3bad2b4ee206ef,{},非密-第二类危险源分析.docx,HAZARD_FACTOR_REFERENCE_V1,1.6-reference,1.0000,accepted
RELHF_0ced89d73cbf519fc84f,EVHF_961cc97220c035ff473b,PART_OF_DOCUMENT,属于来源文档,DOCHF_d1a969459775f08ee2e9,,SRCHF_d364c0178f2231ded944,EVHF_961cc97220c035ff473b,{},非密-第二类危险源分析.docx,HAZARD_FACTOR_REFERENCE_V1,1.6-reference,1.0000,accepted
RELHF_0ddba2a4104b6e992164,EVHF_43c79b6eeb316de7778b,PART_OF_DOCUMENT,属于来源文档,DOCHF_d1a969459775f08ee2e9,,SRCHF_54e2ba7c2bf53a95d4bb,EVHF_43c79b6eeb316de7778b,{},非密-第二类危险源分析.docx,HAZARD_FACTOR_REFERENCE_V1,1.6-reference,1.0000,accepted
RELHF_0f3e08f6e977a3b54c25,EVHF_3187d9c3886bc5622297,PART_OF_DOCUMENT,属于来源文档,DOCHF_d1a969459775f08ee2e9,,SRCHF_f96988a3635ed2b863f0,EVHF_3187d9c3886bc5622297,{},非密-第二类危险源分析.docx,HAZARD_FACTOR_REFERENCE_V1,1.6-reference,1.0000,accepted
RELHF_1073098e6a478c4e2e0e,EVHF_26528929f379c4fbcb77,PART_OF_DOCUMENT,属于来源文档,DOCHF_d1a969459775f08ee2e9,,SRCHF_31889bae70cc1e6ec53e,EVHF_26528929f379c4fbcb77,{},非密-第二类危险源分析.docx,HAZARD_FACTOR_REFERENCE_V1,1.6-reference,1.0000,accepted
RELHF_12963cad35061da7667e,EVHF_cec398b14a8d93aa6832,PART_OF_DOCUMENT,属于来源文档,DOCHF_d1a969459775f08ee2e9,,SRCHF_a80aaea83953a2727425,EVHF_cec398b14a8d93aa6832,{},非密-第二类危险源分析.docx,HAZARD_FACTOR_REFERENCE_V1,1.6-reference,1.0000,accepted
RELHF_13a02b1eb2cb242b1c94,EVHF_3cae71893eb0bba1d5ff,PART_OF_DOCUMENT,属于来源文档,DOCHF_d1a969459775f08ee2e9,,SRCHF_6b314758d82feb13577c,EVHF_3cae71893eb0bba1d5ff,{},非密-第二类危险源分析.docx,HAZARD_FACTOR_REFERENCE_V1,1.6-reference,1.0000,accepted
RELHF_148a6830fbf804a5daaa,EVHF_36d46d73fc28ece39f6b,PART_OF_DOCUMENT,属于来源文档,DOCHF_d1a969459775f08ee2e9,,SRCHF_66ffe36ea4982e2f5799,EVHF_36d46d73fc28ece39f6b,{},非密-第二类危险源分析.docx,HAZARD_FACTOR_REFERENCE_V1,1.6-reference,1.0000,accepted
RELHF_14aee95632ef1f09eb17,EVHF_b20f1f85998c8fe1be6b,PART_OF_DOCUMENT,属于来源文档,DOCHF_d1a969459775f08ee2e9,,SRCHF_fadedb873d7b64450b54,EVHF_b20f1f85998c8fe1be6b,{},非密-第二类危险源分析.docx,HAZARD_FACTOR_REFERENCE_V1,1.6-reference,1.0000,accepted
RELHF_14b965c45c9402d4159e,EVHF_aff97538e12909287000,PART_OF_DOCUMENT,属于来源文档,DOCHF_d1a969459775f08ee2e9,,SRCHF_949e3dcaa762631cfddf,EVHF_aff97538e12909287000,{},非密-第二类危险源分析.docx,HAZARD_FACTOR_REFERENCE_V1,1.6-reference,1.0000,accepted
RELHF_167298bea34ab9324008,EVHF_d110faa1c09e52539a6a,PART_OF_DOCUMENT,属于来源文档,DOCHF_d1a969459775f08ee2e9,,SRCHF_a431360b059dcfa8187f,EVHF_d110faa1c09e52539a6a,{},非密-第二类危险源分析.docx,HAZARD_FACTOR_REFERENCE_V1,1.6-reference,1.0000,accepted
RELHF_16780f8b0a7ace11437d,EVHF_a0de9920da827209e085,PART_OF_DOCUMENT,属于来源文档,DOCHF_d1a969459775f08ee2e9,,SRCHF_31d8c6d8cb0b1981e0ce,EVHF_a0de9920da827209e085,{},非密-第二类危险源分析.docx,HAZARD_FACTOR_REFERENCE_V1,1.6-reference,1.0000,accepted
RELHF_16bb5f067d68285d2174,EVHF_0a96e71082bd30be786d,PART_OF_DOCUMENT,属于来源文档,DOCHF_d1a969459775f08ee2e9,,SRCHF_1efb21887e9d20ace659,EVHF_0a96e71082bd30be786d,{},非密-第二类危险源分析.docx,HAZARD_FACTOR_REFERENCE_V1,1.6-reference,1.0000,accepted
RELHF_1a646fa1bd73e797d868,EVHF_1ac15bf1255bdb8a2a7e,PART_OF_DOCUMENT,属于来源文档,DOCHF_d1a969459775f08ee2e9,,SRCHF_b18a24c8e094575ecfa3,EVHF_1ac15bf1255bdb8a2a7e,{},非密-第二类危险源分析.docx,HAZARD_FACTOR_REFERENCE_V1,1.6-reference,1.0000,accepted
RELHF_1b9d12e76050824babc3,EVHF_cb75573a365d8ea9583c,PART_OF_DOCUMENT,属于来源文档,DOCHF_d1a969459775f08ee2e9,,SRCHF_cfd2a273c81ffb78b0bf,EVHF_cb75573a365d8ea9583c,{},非密-第二类危险源分析.docx,HAZARD_FACTOR_REFERENCE_V1,1.6-reference,1.0000,accepted
RELHF_1f3d313a589f88ab6bbf,EVHF_775b5ea6827ed8965603,PART_OF_DOCUMENT,属于来源文档,DOCHF_d1a969459775f08ee2e9,,SRCHF_e272d5a924f6e35e8a1a,EVHF_775b5ea6827ed8965603,{},非密-第二类危险源分析.docx,HAZARD_FACTOR_REFERENCE_V1,1.6-reference,1.0000,accepted
RELHF_1f5bb37bc0716785e0ba,EVHF_f1cb68ee760bd0ac4214,PART_OF_DOCUMENT,属于来源文档,DOCHF_d1a969459775f08ee2e9,,SRCHF_1167ad3a665fd36380a3,EVHF_f1cb68ee760bd0ac4214,{},非密-第二类危险源分析.docx,HAZARD_FACTOR_REFERENCE_V1,1.6-reference,1.0000,accepted
RELHF_200f4919008658397ec5,EVHF_1e116051d824ad7f817c,PART_OF_DOCUMENT,属于来源文档,DOCHF_d1a969459775f08ee2e9,,SRCHF_d700cb7312bafa5baca9,EVHF_1e116051d824ad7f817c,{},非密-第二类危险源分析.docx,HAZARD_FACTOR_REFERENCE_V1,1.6-reference,1.0000,accepted
RELHF_2086a2a38321cdb1f8f6,EVHF_b25bd602ccdd3d202f9a,PART_OF_DOCUMENT,属于来源文档,DOCHF_d1a969459775f08ee2e9,,SRCHF_8ef2923c500a594da821,EVHF_b25bd602ccdd3d202f9a,{},非密-第二类危险源分析.docx,HAZARD_FACTOR_REFERENCE_V1,1.6-reference,1.0000,accepted
RELHF_22c0cfd9e4b190d2d8a9,EVHF_8fa4be301c7df3832f16,PART_OF_DOCUMENT,属于来源文档,DOCHF_d1a969459775f08ee2e9,,SRCHF_9e5d6be815291551b948,EVHF_8fa4be301c7df3832f16,{},非密-第二类危险源分析.docx,HAZARD_FACTOR_REFERENCE_V1,1.6-reference,1.0000,accepted
RELHF_2347f4e203da9decbaa3,EVHF_578e9e0b5b5d67dcbd61,PART_OF_DOCUMENT,属于来源文档,DOCHF_d1a969459775f08ee2e9,,SRCHF_3a0198b11b4cfa25e369,EVHF_578e9e0b5b5d67dcbd61,{},非密-第二类危险源分析.docx,HAZARD_FACTOR_REFERENCE_V1,1.6-reference,1.0000,accepted
RELHF_23fa27996f6eaa7b0fc3,EVHF_e161998fb4196dd62655,PART_OF_DOCUMENT,属于来源文档,DOCHF_d1a969459775f08ee2e9,,SRCHF_6808369b1eb60735b905,EVHF_e161998fb4196dd62655,{},非密-第二类危险源分析.docx,HAZARD_FACTOR_REFERENCE_V1,1.6-reference,1.0000,accepted
RELHF_24c41cd471ba37b7070c,EVHF_381ac9e4d172fd772b09,PART_OF_DOCUMENT,属于来源文档,DOCHF_d1a969459775f08ee2e9,,SRCHF_082276f4818ee5d1f52d,EVHF_381ac9e4d172fd772b09,{},非密-第二类危险源分析.docx,HAZARD_FACTOR_REFERENCE_V1,1.6-reference,1.0000,accepted
RELHF_254a25eed659093d5939,EVHF_f7b55cd0f85ea848d712,PART_OF_DOCUMENT,属于来源文档,DOCHF_d1a969459775f08ee2e9,,SRCHF_81b9c2d907cc2af2cfd4,EVHF_f7b55cd0f85ea848d712,{},非密-第二类危险源分析.docx,HAZARD_FACTOR_REFERENCE_V1,1.6-reference,1.0000,accepted
RELHF_258081e4bb766ab3d0ee,EVHF_a31259a1a2e8c78f3843,PART_OF_DOCUMENT,属于来源文档,DOCHF_d1a969459775f08ee2e9,,SRCHF_2d14b9a8706f43c17a83,EVHF_a31259a1a2e8c78f3843,{},非密-第二类危险源分析.docx,HAZARD_FACTOR_REFERENCE_V1,1.6-reference,1.0000,accepted
RELHF_25de02d201cc24dee289,EVHF_c70ac23fff211bb00569,PART_OF_DOCUMENT,属于来源文档,DOCHF_d1a969459775f08ee2e9,,SRCHF_4505ab3c1d80c289f0e9,EVHF_c70ac23fff211bb00569,{},非密-第二类危险源分析.docx,HAZARD_FACTOR_REFERENCE_V1,1.6-reference,1.0000,accepted
RELHF_25f32e8b0e9aec8446d6,EVHF_3ce3e203729333ffc79a,PART_OF_DOCUMENT,属于来源文档,DOCHF_d1a969459775f08ee2e9,,SRCHF_ea6eb6b3efa05690e0c7,EVHF_3ce3e203729333ffc79a,{},非密-第二类危险源分析.docx,HAZARD_FACTOR_REFERENCE_V1,1.6-reference,1.0000,accepted
RELHF_2afe0798f76ec1cd937b,EVHF_fdf9fb58b6b71f28c48d,PART_OF_DOCUMENT,属于来源文档,DOCHF_d1a969459775f08ee2e9,,SRCHF_c44370235531be9564fe,EVHF_fdf9fb58b6b71f28c48d,{},非密-第二类危险源分析.docx,HAZARD_FACTOR_REFERENCE_V1,1.6-reference,1.0000,accepted
RELHF_2e4d01394ffb0d9c7798,EVHF_03e4adcbf8934813dfdd,PART_OF_DOCUMENT,属于来源文档,DOCHF_d1a969459775f08ee2e9,,SRCHF_128d0c0d95dbad666443,EVHF_03e4adcbf8934813dfdd,{},非密-第二类危险源分析.docx,HAZARD_FACTOR_REFERENCE_V1,1.6-reference,1.0000,accepted
RELHF_2f00efc9250bc2f6a7b9,EVHF_e369416dbc3a04f269d8,PART_OF_DOCUMENT,属于来源文档,DOCHF_d1a969459775f08ee2e9,,SRCHF_bbeb962defe1f8ff7def,EVHF_e369416dbc3a04f269d8,{},非密-第二类危险源分析.docx,HAZARD_FACTOR_REFERENCE_V1,1.6-reference,1.0000,accepted
RELHF_2f4709239265de33ac3b,EVHF_891aa50a1d8b7d726207,PART_OF_DOCUMENT,属于来源文档,DOCHF_d1a969459775f08ee2e9,,SRCHF_d9d3790355b7a7a19a9e,EVHF_891aa50a1d8b7d726207,{},非密-第二类危险源分析.docx,HAZARD_FACTOR_REFERENCE_V1,1.6-reference,1.0000,accepted
RELHF_2fe1038b84783066af93,EVHF_bfd05d93910b923239be,PART_OF_DOCUMENT,属于来源文档,DOCHF_d1a969459775f08ee2e9,,SRCHF_ed5b8170e509260ebc9d,EVHF_bfd05d93910b923239be,{},非密-第二类危险源分析.docx,HAZARD_FACTOR_REFERENCE_V1,1.6-reference,1.0000,accepted
RELHF_3064bab3fc384a74c23a,EVHF_c8f86912dabdb06af254,PART_OF_DOCUMENT,属于来源文档,DOCHF_d1a969459775f08ee2e9,,SRCHF_33f5f0a65ed8b56cfba8,EVHF_c8f86912dabdb06af254,{},非密-第二类危险源分析.docx,HAZARD_FACTOR_REFERENCE_V1,1.6-reference,1.0000,accepted
RELHF_32a544c0480ebe47399b,EVHF_5e7b48b36cf708115953,PART_OF_DOCUMENT,属于来源文档,DOCHF_d1a969459775f08ee2e9,,SRCHF_70f1af9306650d23505e,EVHF_5e7b48b36cf708115953,{},非密-第二类危险源分析.docx,HAZARD_FACTOR_REFERENCE_V1,1.6-reference,1.0000,accepted
RELHF_345cde9d6536051a1289,EVHF_4f368196990bb20feb52,PART_OF_DOCUMENT,属于来源文档,DOCHF_d1a969459775f08ee2e9,,SRCHF_29d5a454bac4f2eab448,EVHF_4f368196990bb20feb52,{},非密-第二类危险源分析.docx,HAZARD_FACTOR_REFERENCE_V1,1.6-reference,1.0000,accepted
RELHF_34b371ca774d5e5944ef,EVHF_ac4821af238e1178330b,PART_OF_DOCUMENT,属于来源文档,DOCHF_d1a969459775f08ee2e9,,SRCHF_edc4a2ef5433bffb6fb9,EVHF_ac4821af238e1178330b,{},非密-第二类危险源分析.docx,HAZARD_FACTOR_REFERENCE_V1,1.6-reference,1.0000,accepted
RELHF_37175e975c8623e98b71,EVHF_24cf545d2a6d63c94a5c,PART_OF_DOCUMENT,属于来源文档,DOCHF_d1a969459775f08ee2e9,,SRCHF_8c8c14672ed4195ad13e,EVHF_24cf545d2a6d63c94a5c,{},非密-第二类危险源分析.docx,HAZARD_FACTOR_REFERENCE_V1,1.6-reference,1.0000,accepted
RELHF_3af604afed8efb5c7f69,EVHF_b10333d10c37884b9d74,PART_OF_DOCUMENT,属于来源文档,DOCHF_d1a969459775f08ee2e9,,SRCHF_0cee0098f9488c00bcc0,EVHF_b10333d10c37884b9d74,{},非密-第二类危险源分析.docx,HAZARD_FACTOR_REFERENCE_V1,1.6-reference,1.0000,accepted
RELHF_3c363717bc619eb4d5b1,EVHF_91151835434e50af47ad,PART_OF_DOCUMENT,属于来源文档,DOCHF_d1a969459775f08ee2e9,,SRCHF_dc0648336cf03d284200,EVHF_91151835434e50af47ad,{},非密-第二类危险源分析.docx,HAZARD_FACTOR_REFERENCE_V1,1.6-reference,1.0000,accepted
RELHF_3e417b0f5b9c507335b8,EVHF_7ea5d6fd8db1a44d2d53,PART_OF_DOCUMENT,属于来源文档,DOCHF_d1a969459775f08ee2e9,,SRCHF_df0d5508b6dece5805b3,EVHF_7ea5d6fd8db1a44d2d53,{},非密-第二类危险源分析.docx,HAZARD_FACTOR_REFERENCE_V1,1.6-reference,1.0000,accepted
RELHF_3ef0c26a177c5154e9dd,EVHF_fcf8876cddbce0468413,PART_OF_DOCUMENT,属于来源文档,DOCHF_d1a969459775f08ee2e9,,SRCHF_df80b558821b226618d1,EVHF_fcf8876cddbce0468413,{},非密-第二类危险源分析.docx,HAZARD_FACTOR_REFERENCE_V1,1.6-reference,1.0000,accepted
RELHF_40a0b643168cbda9fac3,EVHF_e50eb2444493a88a52db,PART_OF_DOCUMENT,属于来源文档,DOCHF_d1a969459775f08ee2e9,,SRCHF_69e7566fb13bf7eaacd4,EVHF_e50eb2444493a88a52db,{},非密-第二类危险源分析.docx,HAZARD_FACTOR_REFERENCE_V1,1.6-reference,1.0000,accepted
RELHF_42728ad2f3be7ae931e0,EVHF_ee0c0c50d6a0c6e68a5d,PART_OF_DOCUMENT,属于来源文档,DOCHF_d1a969459775f08ee2e9,,SRCHF_cfd1f4d4db8b0d533806,EVHF_ee0c0c50d6a0c6e68a5d,{},非密-第二类危险源分析.docx,HAZARD_FACTOR_REFERENCE_V1,1.6-reference,1.0000,accepted
RELHF_427f7f04fefddee1d1f9,EVHF_a04a630c3bb0098d538a,PART_OF_DOCUMENT,属于来源文档,DOCHF_d1a969459775f08ee2e9,,SRCHF_6b8ed0e6f913ca3ee70e,EVHF_a04a630c3bb0098d538a,{},非密-第二类危险源分析.docx,HAZARD_FACTOR_REFERENCE_V1,1.6-reference,1.0000,accepted
RELHF_42844d7530a0ec33243e,EVHF_aae48b3dfe9897ae4437,PART_OF_DOCUMENT,属于来源文档,DOCHF_d1a969459775f08ee2e9,,SRCHF_45cafb09d5a5772e2380,EVHF_aae48b3dfe9897ae4437,{},非密-第二类危险源分析.docx,HAZARD_FACTOR_REFERENCE_V1,1.6-reference,1.0000,accepted
RELHF_477ebb532349f43caaa8,EVHF_e707018d7ae55add01ed,PART_OF_DOCUMENT,属于来源文档,DOCHF_d1a969459775f08ee2e9,,SRCHF_c713bb21e8514bfb2d22,EVHF_e707018d7ae55add01ed,{},非密-第二类危险源分析.docx,HAZARD_FACTOR_REFERENCE_V1,1.6-reference,1.0000,accepted
RELHF_48f954690d05228c1cdf,EVHF_9ddf82dcc64a27ed7d8a,PART_OF_DOCUMENT,属于来源文档,DOCHF_d1a969459775f08ee2e9,,SRCHF_884d1fa52408adb92e82,EVHF_9ddf82dcc64a27ed7d8a,{},非密-第二类危险源分析.docx,HAZARD_FACTOR_REFERENCE_V1,1.6-reference,1.0000,accepted
RELHF_49e20958cde3e20f1de6,EVHF_67234f3950dea5e3bbc8,PART_OF_DOCUMENT,属于来源文档,DOCHF_d1a969459775f08ee2e9,,SRCHF_fa6085f6618c0430d2c7,EVHF_67234f3950dea5e3bbc8,{},非密-第二类危险源分析.docx,HAZARD_FACTOR_REFERENCE_V1,1.6-reference,1.0000,accepted
RELHF_4ca1b05600891d2a7bd4,EVHF_b466815bc58563bd132a,PART_OF_DOCUMENT,属于来源文档,DOCHF_d1a969459775f08ee2e9,,SRCHF_023a5036161271cdb0c4,EVHF_b466815bc58563bd132a,{},非密-第二类危险源分析.docx,HAZARD_FACTOR_REFERENCE_V1,1.6-reference,1.0000,accepted
RELHF_4cb9be12d452e821fadc,EVHF_f3639194dcbd640b9f42,PART_OF_DOCUMENT,属于来源文档,DOCHF_d1a969459775f08ee2e9,,SRCHF_63ae48dfffea90815d6a,EVHF_f3639194dcbd640b9f42,{},非密-第二类危险源分析.docx,HAZARD_FACTOR_REFERENCE_V1,1.6-reference,1.0000,accepted
RELHF_4ce95ed01161bd1fc480,EVHF_0036de675c2991144a78,PART_OF_DOCUMENT,属于来源文档,DOCHF_d1a969459775f08ee2e9,,SRCHF_de44bc0abd9a757d37fa,EVHF_0036de675c2991144a78,{},非密-第二类危险源分析.docx,HAZARD_FACTOR_REFERENCE_V1,1.6-reference,1.0000,accepted
RELHF_4d9231565eb0256e2c0b,EVHF_71e5a79f9cfd66069318,PART_OF_DOCUMENT,属于来源文档,DOCHF_d1a969459775f08ee2e9,,SRCHF_c4f0a00f0709887111df,EVHF_71e5a79f9cfd66069318,{},非密-第二类危险源分析.docx,HAZARD_FACTOR_REFERENCE_V1,1.6-reference,1.0000,accepted
RELHF_4dd673b8555065f7ff5f,EVHF_8cc5b8fc1ad9075cf4a9,PART_OF_DOCUMENT,属于来源文档,DOCHF_d1a969459775f08ee2e9,,SRCHF_f40d9896a349737b587c,EVHF_8cc5b8fc1ad9075cf4a9,{},非密-第二类危险源分析.docx,HAZARD_FACTOR_REFERENCE_V1,1.6-reference,1.0000,accepted
RELHF_4ff881afcf6a87d3b3bc,EVHF_641fcbe5664540b868fe,PART_OF_DOCUMENT,属于来源文档,DOCHF_d1a969459775f08ee2e9,,SRCHF_7d5c5bbd690e492dab2d,EVHF_641fcbe5664540b868fe,{},非密-第二类危险源分析.docx,HAZARD_FACTOR_REFERENCE_V1,1.6-reference,1.0000,accepted
RELHF_5242d05eb3bb88b1f760,EVHF_a588bb64793d772f9ff0,PART_OF_DOCUMENT,属于来源文档,DOCHF_d1a969459775f08ee2e9,,SRCHF_6c17e6ac0df0ae3363ac,EVHF_a588bb64793d772f9ff0,{},非密-第二类危险源分析.docx,HAZARD_FACTOR_REFERENCE_V1,1.6-reference,1.0000,accepted
RELHF_54250c2a5d8981a0b874,EVHF_4954d3d747c146fe8b2e,PART_OF_DOCUMENT,属于来源文档,DOCHF_d1a969459775f08ee2e9,,SRCHF_5d76c1fe21c1bbaef8de,EVHF_4954d3d747c146fe8b2e,{},非密-第二类危险源分析.docx,HAZARD_FACTOR_REFERENCE_V1,1.6-reference,1.0000,accepted
RELHF_55c2b5af669e63906e62,EVHF_9b73b9db0c0a142085b9,PART_OF_DOCUMENT,属于来源文档,DOCHF_d1a969459775f08ee2e9,,SRCHF_5f6f97be6a109293eedb,EVHF_9b73b9db0c0a142085b9,{},非密-第二类危险源分析.docx,HAZARD_FACTOR_REFERENCE_V1,1.6-reference,1.0000,accepted
RELHF_55d6b5178de1ed1b854c,EVHF_c7bd6ab01cf021967abf,PART_OF_DOCUMENT,属于来源文档,DOCHF_d1a969459775f08ee2e9,,SRCHF_77f860504ea23949ff7c,EVHF_c7bd6ab01cf021967abf,{},非密-第二类危险源分析.docx,HAZARD_FACTOR_REFERENCE_V1,1.6-reference,1.0000,accepted
RELHF_5698c189b24f077efd9d,EVHF_b648a9c4338647bb3740,PART_OF_DOCUMENT,属于来源文档,DOCHF_d1a969459775f08ee2e9,,SRCHF_8719eb8968ab14684ddb,EVHF_b648a9c4338647bb3740,{},非密-第二类危险源分析.docx,HAZARD_FACTOR_REFERENCE_V1,1.6-reference,1.0000,accepted
RELHF_57edad8dd12295d34946,EVHF_613d757c426f4efafefe,PART_OF_DOCUMENT,属于来源文档,DOCHF_d1a969459775f08ee2e9,,SRCHF_1e2528578f49b79ed81c,EVHF_613d757c426f4efafefe,{},非密-第二类危险源分析.docx,HAZARD_FACTOR_REFERENCE_V1,1.6-reference,1.0000,accepted
RELHF_583b929d0af1b9a7357d,EVHF_c5b2e7766c913548e250,PART_OF_DOCUMENT,属于来源文档,DOCHF_d1a969459775f08ee2e9,,SRCHF_9201e2f90158728ff488,EVHF_c5b2e7766c913548e250,{},非密-第二类危险源分析.docx,HAZARD_FACTOR_REFERENCE_V1,1.6-reference,1.0000,accepted
RELHF_597e5adc9fd1523cbd2e,EVHF_5f5e0d14be0240f2f24b,PART_OF_DOCUMENT,属于来源文档,DOCHF_d1a969459775f08ee2e9,,SRCHF_687c1a0e1e845d64097c,EVHF_5f5e0d14be0240f2f24b,{},非密-第二类危险源分析.docx,HAZARD_FACTOR_REFERENCE_V1,1.6-reference,1.0000,accepted
RELHF_5a3bdb52615594275e2c,EVHF_8154802f49cd0d8e9ce2,PART_OF_DOCUMENT,属于来源文档,DOCHF_d1a969459775f08ee2e9,,SRCHF_5ae4d65ab5606cdd7310,EVHF_8154802f49cd0d8e9ce2,{},非密-第二类危险源分析.docx,HAZARD_FACTOR_REFERENCE_V1,1.6-reference,1.0000,accepted
RELHF_5afc0fffe39fc9614e46,EVHF_c07867e68aaa57a4be9a,PART_OF_DOCUMENT,属于来源文档,DOCHF_d1a969459775f08ee2e9,,SRCHF_e59cebc654bfd858e8a9,EVHF_c07867e68aaa57a4be9a,{},非密-第二类危险源分析.docx,HAZARD_FACTOR_REFERENCE_V1,1.6-reference,1.0000,accepted
RELHF_5b769a0c9fe66da4f8ff,EVHF_fc5d8353a2f8592ac946,PART_OF_DOCUMENT,属于来源文档,DOCHF_d1a969459775f08ee2e9,,SRCHF_fb62a82d964636ac58e6,EVHF_fc5d8353a2f8592ac946,{},非密-第二类危险源分析.docx,HAZARD_FACTOR_REFERENCE_V1,1.6-reference,1.0000,accepted
RELHF_5e25f7ecc61bb9ef8f62,EVHF_7d634248fe2b11fb03f2,PART_OF_DOCUMENT,属于来源文档,DOCHF_d1a969459775f08ee2e9,,SRCHF_c1f7421e333f440109c5,EVHF_7d634248fe2b11fb03f2,{},非密-第二类危险源分析.docx,HAZARD_FACTOR_REFERENCE_V1,1.6-reference,1.0000,accepted
RELHF_5ed81fc9889f7d13e2f5,EVHF_e92a7b041d65fcad7372,PART_OF_DOCUMENT,属于来源文档,DOCHF_d1a969459775f08ee2e9,,SRCHF_9b75d785ff1fd106f42a,EVHF_e92a7b041d65fcad7372,{},非密-第二类危险源分析.docx,HAZARD_FACTOR_REFERENCE_V1,1.6-reference,1.0000,accepted
RELHF_5ef546b0260fcd6ddd6e,EVHF_949377867e131a02a02b,PART_OF_DOCUMENT,属于来源文档,DOCHF_d1a969459775f08ee2e9,,SRCHF_13fd90510fbe15e64163,EVHF_949377867e131a02a02b,{},非密-第二类危险源分析.docx,HAZARD_FACTOR_REFERENCE_V1,1.6-reference,1.0000,accepted
RELHF_5febeeb0578f2e26937d,EVHF_dcc493e4040650c0f70c,PART_OF_DOCUMENT,属于来源文档,DOCHF_d1a969459775f08ee2e9,,SRCHF_c7155161d7e938550a61,EVHF_dcc493e4040650c0f70c,{},非密-第二类危险源分析.docx,HAZARD_FACTOR_REFERENCE_V1,1.6-reference,1.0000,accepted
RELHF_61ede5d66a0c81dd52b5,EVHF_3b7e6448ef0683c59a09,PART_OF_DOCUMENT,属于来源文档,DOCHF_d1a969459775f08ee2e9,,SRCHF_190f44d52f346300faca,EVHF_3b7e6448ef0683c59a09,{},非密-第二类危险源分析.docx,HAZARD_FACTOR_REFERENCE_V1,1.6-reference,1.0000,accepted
RELHF_6281387645c17df94a98,EVHF_eccafa91e45de05634b3,PART_OF_DOCUMENT,属于来源文档,DOCHF_d1a969459775f08ee2e9,,SRCHF_b9f981cdc640c4854bb4,EVHF_eccafa91e45de05634b3,{},非密-第二类危险源分析.docx,HAZARD_FACTOR_REFERENCE_V1,1.6-reference,1.0000,accepted
RELHF_63f6377e55147ba9e31f,EVHF_6e8ea4dc719a1031baf9,PART_OF_DOCUMENT,属于来源文档,DOCHF_d1a969459775f08ee2e9,,SRCHF_b81bf4fc7a1271737437,EVHF_6e8ea4dc719a1031baf9,{},非密-第二类危险源分析.docx,HAZARD_FACTOR_REFERENCE_V1,1.6-reference,1.0000,accepted
RELHF_64df84bdb900e9951126,EVHF_726e8271005c1de3e271,PART_OF_DOCUMENT,属于来源文档,DOCHF_d1a969459775f08ee2e9,,SRCHF_6f12afcae69c15341bec,EVHF_726e8271005c1de3e271,{},非密-第二类危险源分析.docx,HAZARD_FACTOR_REFERENCE_V1,1.6-reference,1.0000,accepted
RELHF_664d1f4d86db9530f144,EVHF_1764b4c32e0563007a62,PART_OF_DOCUMENT,属于来源文档,DOCHF_d1a969459775f08ee2e9,,SRCHF_b87ecd0f69b6800ad1fe,EVHF_1764b4c32e0563007a62,{},非密-第二类危险源分析.docx,HAZARD_FACTOR_REFERENCE_V1,1.6-reference,1.0000,accepted
RELHF_67cd67e99473249a7fad,EVHF_455ec9b80683e255ba93,PART_OF_DOCUMENT,属于来源文档,DOCHF_d1a969459775f08ee2e9,,SRCHF_51d650b3140e40d85169,EVHF_455ec9b80683e255ba93,{},非密-第二类危险源分析.docx,HAZARD_FACTOR_REFERENCE_V1,1.6-reference,1.0000,accepted
RELHF_68834a09367b963417e9,EVHF_310b0cec2eda9b2142ca,PART_OF_DOCUMENT,属于来源文档,DOCHF_d1a969459775f08ee2e9,,SRCHF_3f027a8012f8b7353857,EVHF_310b0cec2eda9b2142ca,{},非密-第二类危险源分析.docx,HAZARD_FACTOR_REFERENCE_V1,1.6-reference,1.0000,accepted
RELHF_699f40e4871f9350d341,EVHF_f55c50b52fa00c7938bf,PART_OF_DOCUMENT,属于来源文档,DOCHF_d1a969459775f08ee2e9,,SRCHF_770987b2bc4f4fe02354,EVHF_f55c50b52fa00c7938bf,{},非密-第二类危险源分析.docx,HAZARD_FACTOR_REFERENCE_V1,1.6-reference,1.0000,accepted
RELHF_6d391810ac9bf4cbaaed,EVHF_d2e2f8ec986c392fe124,PART_OF_DOCUMENT,属于来源文档,DOCHF_d1a969459775f08ee2e9,,SRCHF_aae90ef9ce51a103079a,EVHF_d2e2f8ec986c392fe124,{},非密-第二类危险源分析.docx,HAZARD_FACTOR_REFERENCE_V1,1.6-reference,1.0000,accepted
RELHF_6d6990a95f89034520e2,EVHF_f60be342e8fac1cc48b9,PART_OF_DOCUMENT,属于来源文档,DOCHF_d1a969459775f08ee2e9,,SRCHF_b403303473c50dd9b401,EVHF_f60be342e8fac1cc48b9,{},非密-第二类危险源分析.docx,HAZARD_FACTOR_REFERENCE_V1,1.6-reference,1.0000,accepted
RELHF_6d8edab6909148677325,EVHF_b7de039aec1d18a6e289,PART_OF_DOCUMENT,属于来源文档,DOCHF_d1a969459775f08ee2e9,,SRCHF_f11bbc5af1b31764acab,EVHF_b7de039aec1d18a6e289,{},非密-第二类危险源分析.docx,HAZARD_FACTOR_REFERENCE_V1,1.6-reference,1.0000,accepted
RELHF_6da00af6363caa8045e2,EVHF_ae1fcd30236ccc2e32e5,PART_OF_DOCUMENT,属于来源文档,DOCHF_d1a969459775f08ee2e9,,SRCHF_a559c62751f3359a074c,EVHF_ae1fcd30236ccc2e32e5,{},非密-第二类危险源分析.docx,HAZARD_FACTOR_REFERENCE_V1,1.6-reference,1.0000,accepted
RELHF_6e5f748d16a93de84020,EVHF_32eca3b71981f0be79fb,PART_OF_DOCUMENT,属于来源文档,DOCHF_d1a969459775f08ee2e9,,SRCHF_b1018534ee33c29a10c5,EVHF_32eca3b71981f0be79fb,{},非密-第二类危险源分析.docx,HAZARD_FACTOR_REFERENCE_V1,1.6-reference,1.0000,accepted
RELHF_7032b7adb24d9fe20230,EVHF_eebfb22308aa2636fb80,PART_OF_DOCUMENT,属于来源文档,DOCHF_d1a969459775f08ee2e9,,SRCHF_60bd3f17f86a38728bd6,EVHF_eebfb22308aa2636fb80,{},非密-第二类危险源分析.docx,HAZARD_FACTOR_REFERENCE_V1,1.6-reference,1.0000,accepted
RELHF_7032f30d9b0aa4a4a482,EVHF_f7af47b1c94184d18dd7,PART_OF_DOCUMENT,属于来源文档,DOCHF_d1a969459775f08ee2e9,,SRCHF_9022e8bd4f0fb0b596e2,EVHF_f7af47b1c94184d18dd7,{},非密-第二类危险源分析.docx,HAZARD_FACTOR_REFERENCE_V1,1.6-reference,1.0000,accepted
RELHF_70e9973b923bc2e353a0,EVHF_811ff57eaf83bccda9d1,PART_OF_DOCUMENT,属于来源文档,DOCHF_d1a969459775f08ee2e9,,SRCHF_6ff7d05908f3d4b5036b,EVHF_811ff57eaf83bccda9d1,{},非密-第二类危险源分析.docx,HAZARD_FACTOR_REFERENCE_V1,1.6-reference,1.0000,accepted
RELHF_72ca7e23cd795cc5f4fd,EVHF_8ab8e0c8710aa1a992b4,PART_OF_DOCUMENT,属于来源文档,DOCHF_d1a969459775f08ee2e9,,SRCHF_682f31b1e5958d6ee145,EVHF_8ab8e0c8710aa1a992b4,{},非密-第二类危险源分析.docx,HAZARD_FACTOR_REFERENCE_V1,1.6-reference,1.0000,accepted
RELHF_73161d863b248e33b804,EVHF_5637a6b71cd8780a662c,PART_OF_DOCUMENT,属于来源文档,DOCHF_d1a969459775f08ee2e9,,SRCHF_c9cce373c6651bcf7173,EVHF_5637a6b71cd8780a662c,{},非密-第二类危险源分析.docx,HAZARD_FACTOR_REFERENCE_V1,1.6-reference,1.0000,accepted
RELHF_772c138ebbb992abbf13,EVHF_9ce5b30934787a5d9779,PART_OF_DOCUMENT,属于来源文档,DOCHF_d1a969459775f08ee2e9,,SRCHF_d907e63b2a954eeea40f,EVHF_9ce5b30934787a5d9779,{},非密-第二类危险源分析.docx,HAZARD_FACTOR_REFERENCE_V1,1.6-reference,1.0000,accepted
RELHF_77d4daff5f8176751bb3,EVHF_299048dcd3b50ac73aa3,PART_OF_DOCUMENT,属于来源文档,DOCHF_d1a969459775f08ee2e9,,SRCHF_0f6a49774b2c4b669cce,EVHF_299048dcd3b50ac73aa3,{},非密-第二类危险源分析.docx,HAZARD_FACTOR_REFERENCE_V1,1.6-reference,1.0000,accepted
RELHF_78b85527a6f15d2faa97,EVHF_fa48ba379e7391b9e763,PART_OF_DOCUMENT,属于来源文档,DOCHF_d1a969459775f08ee2e9,,SRCHF_dec5b99c264c15f73f8f,EVHF_fa48ba379e7391b9e763,{},非密-第二类危险源分析.docx,HAZARD_FACTOR_REFERENCE_V1,1.6-reference,1.0000,accepted
RELHF_799d059661b1005138d9,EVHF_6d81d8973fc59294d70d,PART_OF_DOCUMENT,属于来源文档,DOCHF_d1a969459775f08ee2e9,,SRCHF_21e633cba88a60a70fcb,EVHF_6d81d8973fc59294d70d,{},非密-第二类危险源分析.docx,HAZARD_FACTOR_REFERENCE_V1,1.6-reference,1.0000,accepted
RELHF_7a3efec7841b0edd8489,EVHF_9237bcc024df0e2dfcf0,PART_OF_DOCUMENT,属于来源文档,DOCHF_d1a969459775f08ee2e9,,SRCHF_501fdf2c1f9528feeedc,EVHF_9237bcc024df0e2dfcf0,{},非密-第二类危险源分析.docx,HAZARD_FACTOR_REFERENCE_V1,1.6-reference,1.0000,accepted
RELHF_7e672c8acaa49ab337da,EVHF_6669aff12601817f9188,PART_OF_DOCUMENT,属于来源文档,DOCHF_d1a969459775f08ee2e9,,SRCHF_f5e7826bcdf9a38ba1eb,EVHF_6669aff12601817f9188,{},非密-第二类危险源分析.docx,HAZARD_FACTOR_REFERENCE_V1,1.6-reference,1.0000,accepted
RELHF_7ef65dede4543ee4ea3f,EVHF_c743c60d1b9e553d327c,PART_OF_DOCUMENT,属于来源文档,DOCHF_d1a969459775f08ee2e9,,SRCHF_915c8a9da5df214fee0a,EVHF_c743c60d1b9e553d327c,{},非密-第二类危险源分析.docx,HAZARD_FACTOR_REFERENCE_V1,1.6-reference,1.0000,accepted
RELHF_804331ea5c03e4ed727a,EVHF_87beb3ed85460cc6186c,PART_OF_DOCUMENT,属于来源文档,DOCHF_d1a969459775f08ee2e9,,SRCHF_ace88b7ea18d12c280b3,EVHF_87beb3ed85460cc6186c,{},非密-第二类危险源分析.docx,HAZARD_FACTOR_REFERENCE_V1,1.6-reference,1.0000,accepted
RELHF_80b603412d28b262b2e9,EVHF_db5945c6259b9e5b2a6f,PART_OF_DOCUMENT,属于来源文档,DOCHF_d1a969459775f08ee2e9,,SRCHF_a287b9ab70422fe28aa9,EVHF_db5945c6259b9e5b2a6f,{},非密-第二类危险源分析.docx,HAZARD_FACTOR_REFERENCE_V1,1.6-reference,1.0000,accepted
RELHF_80e2c4297d8a40ef4e0f,EVHF_615dab0964bb1f96c43c,PART_OF_DOCUMENT,属于来源文档,DOCHF_d1a969459775f08ee2e9,,SRCHF_c414c55a0b094cb1729e,EVHF_615dab0964bb1f96c43c,{},非密-第二类危险源分析.docx,HAZARD_FACTOR_REFERENCE_V1,1.6-reference,1.0000,accepted
RELHF_816fe1e1a1833d1ae202,EVHF_b8ce8ff0521fe273c23c,PART_OF_DOCUMENT,属于来源文档,DOCHF_d1a969459775f08ee2e9,,SRCHF_bc0ad0c41aea0360fd61,EVHF_b8ce8ff0521fe273c23c,{},非密-第二类危险源分析.docx,HAZARD_FACTOR_REFERENCE_V1,1.6-reference,1.0000,accepted
RELHF_838cf347915d220ec1ec,EVHF_58e9069294aa20e28d51,PART_OF_DOCUMENT,属于来源文档,DOCHF_d1a969459775f08ee2e9,,SRCHF_f47dc8b9d474d64b8d94,EVHF_58e9069294aa20e28d51,{},非密-第二类危险源分析.docx,HAZARD_FACTOR_REFERENCE_V1,1.6-reference,1.0000,accepted
RELHF_8445c20f04885f29a2b7,EVHF_d2fc6112f6804f379136,PART_OF_DOCUMENT,属于来源文档,DOCHF_d1a969459775f08ee2e9,,SRCHF_938512fc693557bf7d54,EVHF_d2fc6112f6804f379136,{},非密-第二类危险源分析.docx,HAZARD_FACTOR_REFERENCE_V1,1.6-reference,1.0000,accepted
RELHF_858b53dbeae13c171ebf,EVHF_9d8e173996a638fbbc2e,PART_OF_DOCUMENT,属于来源文档,DOCHF_d1a969459775f08ee2e9,,SRCHF_294099aa533da6fb853b,EVHF_9d8e173996a638fbbc2e,{},非密-第二类危险源分析.docx,HAZARD_FACTOR_REFERENCE_V1,1.6-reference,1.0000,accepted
RELHF_85e33d7d8adb13c7adae,EVHF_1a737c850bcf6ceee280,PART_OF_DOCUMENT,属于来源文档,DOCHF_d1a969459775f08ee2e9,,SRCHF_dc9949022805adb37f0d,EVHF_1a737c850bcf6ceee280,{},非密-第二类危险源分析.docx,HAZARD_FACTOR_REFERENCE_V1,1.6-reference,1.0000,accepted
RELHF_85ecf80122d6d54243c5,EVHF_e51b71806f60efaa565b,PART_OF_DOCUMENT,属于来源文档,DOCHF_d1a969459775f08ee2e9,,SRCHF_81674b1cd267f1782f65,EVHF_e51b71806f60efaa565b,{},非密-第二类危险源分析.docx,HAZARD_FACTOR_REFERENCE_V1,1.6-reference,1.0000,accepted
RELHF_8721da85d232c9dfdbe2,EVHF_971dccd1f6dbe32c17c4,PART_OF_DOCUMENT,属于来源文档,DOCHF_d1a969459775f08ee2e9,,SRCHF_29fc39e4d6222c462112,EVHF_971dccd1f6dbe32c17c4,{},非密-第二类危险源分析.docx,HAZARD_FACTOR_REFERENCE_V1,1.6-reference,1.0000,accepted
RELHF_8729b613499ab93aec1f,EVHF_45a3aaf4f2f94c20502e,PART_OF_DOCUMENT,属于来源文档,DOCHF_d1a969459775f08ee2e9,,SRCHF_fc89c028bacfc466b374,EVHF_45a3aaf4f2f94c20502e,{},非密-第二类危险源分析.docx,HAZARD_FACTOR_REFERENCE_V1,1.6-reference,1.0000,accepted
RELHF_87e58dec11cd664b5011,EVHF_ef8a725a66910ce2265e,PART_OF_DOCUMENT,属于来源文档,DOCHF_d1a969459775f08ee2e9,,SRCHF_62f8d5ff33f1870dbe9e,EVHF_ef8a725a66910ce2265e,{},非密-第二类危险源分析.docx,HAZARD_FACTOR_REFERENCE_V1,1.6-reference,1.0000,accepted
RELHF_8912acbb7d5e35ebd26e,EVHF_afd65196b345ecaa6224,PART_OF_DOCUMENT,属于来源文档,DOCHF_d1a969459775f08ee2e9,,SRCHF_c44d861a927536e130d2,EVHF_afd65196b345ecaa6224,{},非密-第二类危险源分析.docx,HAZARD_FACTOR_REFERENCE_V1,1.6-reference,1.0000,accepted
RELHF_8920d965cfa017fa66d1,EVHF_611bcd5b1573bdfdba0c,PART_OF_DOCUMENT,属于来源文档,DOCHF_d1a969459775f08ee2e9,,SRCHF_ed79667f29eb944c6293,EVHF_611bcd5b1573bdfdba0c,{},非密-第二类危险源分析.docx,HAZARD_FACTOR_REFERENCE_V1,1.6-reference,1.0000,accepted
RELHF_894ad973b60137b1aab3,EVHF_9a340b767ce325c872e1,PART_OF_DOCUMENT,属于来源文档,DOCHF_d1a969459775f08ee2e9,,SRCHF_1520a42c331194555efa,EVHF_9a340b767ce325c872e1,{},非密-第二类危险源分析.docx,HAZARD_FACTOR_REFERENCE_V1,1.6-reference,1.0000,accepted
RELHF_8d93577a44e077786697,EVHF_d35a4e59b990ad15bd77,PART_OF_DOCUMENT,属于来源文档,DOCHF_d1a969459775f08ee2e9,,SRCHF_8cb5384e8408b7300da2,EVHF_d35a4e59b990ad15bd77,{},非密-第二类危险源分析.docx,HAZARD_FACTOR_REFERENCE_V1,1.6-reference,1.0000,accepted
RELHF_8fd586ce4bc17e458abf,EVHF_721b9768ca375d2a304a,PART_OF_DOCUMENT,属于来源文档,DOCHF_d1a969459775f08ee2e9,,SRCHF_02da76e83c6d55c62c45,EVHF_721b9768ca375d2a304a,{},非密-第二类危险源分析.docx,HAZARD_FACTOR_REFERENCE_V1,1.6-reference,1.0000,accepted
RELHF_903aef9f72905b58c64c,EVHF_7457aaf20335ed1c20fc,PART_OF_DOCUMENT,属于来源文档,DOCHF_d1a969459775f08ee2e9,,SRCHF_9d9dfc1e45b0de316d86,EVHF_7457aaf20335ed1c20fc,{},非密-第二类危险源分析.docx,HAZARD_FACTOR_REFERENCE_V1,1.6-reference,1.0000,accepted
RELHF_91b198a6d21642c927f1,EVHF_826d205ecc6bd05cfb0b,PART_OF_DOCUMENT,属于来源文档,DOCHF_d1a969459775f08ee2e9,,SRCHF_3b124c8d0004413d8432,EVHF_826d205ecc6bd05cfb0b,{},非密-第二类危险源分析.docx,HAZARD_FACTOR_REFERENCE_V1,1.6-reference,1.0000,accepted
RELHF_91f2b1a5607c109ba406,EVHF_2382db9c174e1d1cc3bd,PART_OF_DOCUMENT,属于来源文档,DOCHF_d1a969459775f08ee2e9,,SRCHF_68e2596bfc02c10db6a0,EVHF_2382db9c174e1d1cc3bd,{},非密-第二类危险源分析.docx,HAZARD_FACTOR_REFERENCE_V1,1.6-reference,1.0000,accepted
RELHF_93e73942a296dc5ec4dd,EVHF_58dd6ab533b2aabfd25f,PART_OF_DOCUMENT,属于来源文档,DOCHF_d1a969459775f08ee2e9,,SRCHF_f63024f53339cc844a71,EVHF_58dd6ab533b2aabfd25f,{},非密-第二类危险源分析.docx,HAZARD_FACTOR_REFERENCE_V1,1.6-reference,1.0000,accepted
RELHF_952c75fc5a8cce62ce85,EVHF_e21c55b41c8239e84752,PART_OF_DOCUMENT,属于来源文档,DOCHF_d1a969459775f08ee2e9,,SRCHF_669b61c4948efd4a5765,EVHF_e21c55b41c8239e84752,{},非密-第二类危险源分析.docx,HAZARD_FACTOR_REFERENCE_V1,1.6-reference,1.0000,accepted
RELHF_96212146cd46141ccfc4,EVHF_47035f5e674447ff45e4,PART_OF_DOCUMENT,属于来源文档,DOCHF_d1a969459775f08ee2e9,,SRCHF_7b6b86d5580aa7c669ae,EVHF_47035f5e674447ff45e4,{},非密-第二类危险源分析.docx,HAZARD_FACTOR_REFERENCE_V1,1.6-reference,1.0000,accepted
RELHF_9762a50faa1a651db693,EVHF_a0e399a809734b9bf0a4,PART_OF_DOCUMENT,属于来源文档,DOCHF_d1a969459775f08ee2e9,,SRCHF_f4724f75524190eec70a,EVHF_a0e399a809734b9bf0a4,{},非密-第二类危险源分析.docx,HAZARD_FACTOR_REFERENCE_V1,1.6-reference,1.0000,accepted
RELHF_983d9879b270e224b2a9,EVHF_e2befad44684e20b7b19,PART_OF_DOCUMENT,属于来源文档,DOCHF_d1a969459775f08ee2e9,,SRCHF_1ff5369d38f346bebb45,EVHF_e2befad44684e20b7b19,{},非密-第二类危险源分析.docx,HAZARD_FACTOR_REFERENCE_V1,1.6-reference,1.0000,accepted
RELHF_996622c370a0968bdd0f,EVHF_b1eb1bad60885b85f9ea,PART_OF_DOCUMENT,属于来源文档,DOCHF_d1a969459775f08ee2e9,,SRCHF_41d89841187a9f493e9e,EVHF_b1eb1bad60885b85f9ea,{},非密-第二类危险源分析.docx,HAZARD_FACTOR_REFERENCE_V1,1.6-reference,1.0000,accepted
RELHF_9a1408a85842b478d32d,EVHF_d200661417a3b87a6520,PART_OF_DOCUMENT,属于来源文档,DOCHF_d1a969459775f08ee2e9,,SRCHF_38a1287d72e9905628ff,EVHF_d200661417a3b87a6520,{},非密-第二类危险源分析.docx,HAZARD_FACTOR_REFERENCE_V1,1.6-reference,1.0000,accepted
RELHF_9a6d10b204773eb1740c,EVHF_e2015fcd088bdf5c9491,PART_OF_DOCUMENT,属于来源文档,DOCHF_d1a969459775f08ee2e9,,SRCHF_46eb5594077cc33b2f76,EVHF_e2015fcd088bdf5c9491,{},非密-第二类危险源分析.docx,HAZARD_FACTOR_REFERENCE_V1,1.6-reference,1.0000,accepted
RELHF_9f2725e54f6f9c5b4ea7,EVHF_b1b397f3a875c1f656b7,PART_OF_DOCUMENT,属于来源文档,DOCHF_d1a969459775f08ee2e9,,SRCHF_6017081828f5ae640ec2,EVHF_b1b397f3a875c1f656b7,{},非密-第二类危险源分析.docx,HAZARD_FACTOR_REFERENCE_V1,1.6-reference,1.0000,accepted
RELHF_9fe01226bc808b22cad4,EVHF_a9a7668dc1ca535ef857,PART_OF_DOCUMENT,属于来源文档,DOCHF_d1a969459775f08ee2e9,,SRCHF_1a8531b0a4dd867946e5,EVHF_a9a7668dc1ca535ef857,{},非密-第二类危险源分析.docx,HAZARD_FACTOR_REFERENCE_V1,1.6-reference,1.0000,accepted
RELHF_a00b42a664ac8c32f27c,EVHF_1d74333f872ffd5066e3,PART_OF_DOCUMENT,属于来源文档,DOCHF_d1a969459775f08ee2e9,,SRCHF_ac4dc535d490af9f6989,EVHF_1d74333f872ffd5066e3,{},非密-第二类危险源分析.docx,HAZARD_FACTOR_REFERENCE_V1,1.6-reference,1.0000,accepted
RELHF_a0c2292de7493860afe5,EVHF_9e8cb647a8063d5743c4,PART_OF_DOCUMENT,属于来源文档,DOCHF_d1a969459775f08ee2e9,,SRCHF_7a415d0a7285bb0a829f,EVHF_9e8cb647a8063d5743c4,{},非密-第二类危险源分析.docx,HAZARD_FACTOR_REFERENCE_V1,1.6-reference,1.0000,accepted
RELHF_a16569bd971f8c303838,EVHF_4346d0ee7ba01222a614,PART_OF_DOCUMENT,属于来源文档,DOCHF_d1a969459775f08ee2e9,,SRCHF_9252a1bfe2024a8ec312,EVHF_4346d0ee7ba01222a614,{},非密-第二类危险源分析.docx,HAZARD_FACTOR_REFERENCE_V1,1.6-reference,1.0000,accepted
RELHF_a19b1a9e41035aa3fc32,EVHF_d76940a4c11355dc38e7,PART_OF_DOCUMENT,属于来源文档,DOCHF_d1a969459775f08ee2e9,,SRCHF_d79b95e551f3f81b2964,EVHF_d76940a4c11355dc38e7,{},非密-第二类危险源分析.docx,HAZARD_FACTOR_REFERENCE_V1,1.6-reference,1.0000,accepted
RELHF_a369647b432599c7475a,EVHF_e50ea47150851fdfb879,PART_OF_DOCUMENT,属于来源文档,DOCHF_d1a969459775f08ee2e9,,SRCHF_40cd810d9be131883f68,EVHF_e50ea47150851fdfb879,{},非密-第二类危险源分析.docx,HAZARD_FACTOR_REFERENCE_V1,1.6-reference,1.0000,accepted
RELHF_a3e47051b6103b4af9c9,EVHF_111f6fe6c81bed9e4cab,PART_OF_DOCUMENT,属于来源文档,DOCHF_d1a969459775f08ee2e9,,SRCHF_363c4a62771c700b5a09,EVHF_111f6fe6c81bed9e4cab,{},非密-第二类危险源分析.docx,HAZARD_FACTOR_REFERENCE_V1,1.6-reference,1.0000,accepted
RELHF_a46ef904ae47ae9f962c,EVHF_85d1be0d08b98cd4bb32,PART_OF_DOCUMENT,属于来源文档,DOCHF_d1a969459775f08ee2e9,,SRCHF_a4d6bcfdac01477e4dfe,EVHF_85d1be0d08b98cd4bb32,{},非密-第二类危险源分析.docx,HAZARD_FACTOR_REFERENCE_V1,1.6-reference,1.0000,accepted
RELHF_a6d4d98fc19042de17f2,EVHF_8a588a516b512d0ed88d,PART_OF_DOCUMENT,属于来源文档,DOCHF_d1a969459775f08ee2e9,,SRCHF_c0832cf65e903cd5ab1b,EVHF_8a588a516b512d0ed88d,{},非密-第二类危险源分析.docx,HAZARD_FACTOR_REFERENCE_V1,1.6-reference,1.0000,accepted
RELHF_a7b9c101fb90b22bf57a,EVHF_781c04d46a258963a1f5,PART_OF_DOCUMENT,属于来源文档,DOCHF_d1a969459775f08ee2e9,,SRCHF_a06f98b8037fdfc0f3eb,EVHF_781c04d46a258963a1f5,{},非密-第二类危险源分析.docx,HAZARD_FACTOR_REFERENCE_V1,1.6-reference,1.0000,accepted
RELHF_a8a241beb1cbaf78bfdc,EVHF_9c5dda97728e6d2b1fad,PART_OF_DOCUMENT,属于来源文档,DOCHF_d1a969459775f08ee2e9,,SRCHF_301e080ba1f40bc29751,EVHF_9c5dda97728e6d2b1fad,{},非密-第二类危险源分析.docx,HAZARD_FACTOR_REFERENCE_V1,1.6-reference,1.0000,accepted
RELHF_a911d969e6297651dfba,EVHF_a0b93a7784a25624690f,PART_OF_DOCUMENT,属于来源文档,DOCHF_d1a969459775f08ee2e9,,SRCHF_fc035e59aaf5c6dc4eda,EVHF_a0b93a7784a25624690f,{},非密-第二类危险源分析.docx,HAZARD_FACTOR_REFERENCE_V1,1.6-reference,1.0000,accepted
RELHF_a945384aaa452c93e147,EVHF_698b91906a53bd1978d9,PART_OF_DOCUMENT,属于来源文档,DOCHF_d1a969459775f08ee2e9,,SRCHF_fe1a17cfea09bea61206,EVHF_698b91906a53bd1978d9,{},非密-第二类危险源分析.docx,HAZARD_FACTOR_REFERENCE_V1,1.6-reference,1.0000,accepted
RELHF_aa006dc212d044c31948,EVHF_a46c398c93ec74ee2ef3,PART_OF_DOCUMENT,属于来源文档,DOCHF_d1a969459775f08ee2e9,,SRCHF_8611daff67a0176179ed,EVHF_a46c398c93ec74ee2ef3,{},非密-第二类危险源分析.docx,HAZARD_FACTOR_REFERENCE_V1,1.6-reference,1.0000,accepted
RELHF_ae3edd8e53e4067208a6,EVHF_b6a636d0367634e88353,PART_OF_DOCUMENT,属于来源文档,DOCHF_d1a969459775f08ee2e9,,SRCHF_e5051f015ecd52b89b4e,EVHF_b6a636d0367634e88353,{},非密-第二类危险源分析.docx,HAZARD_FACTOR_REFERENCE_V1,1.6-reference,1.0000,accepted
RELHF_af43b7d30f607e032096,EVHF_c71240af4c361dd87c23,PART_OF_DOCUMENT,属于来源文档,DOCHF_d1a969459775f08ee2e9,,SRCHF_055ae9078317ae095253,EVHF_c71240af4c361dd87c23,{},非密-第二类危险源分析.docx,HAZARD_FACTOR_REFERENCE_V1,1.6-reference,1.0000,accepted
RELHF_b4ab6de44239c7e77131,EVHF_03f0f385ce2ff8629ea0,PART_OF_DOCUMENT,属于来源文档,DOCHF_d1a969459775f08ee2e9,,SRCHF_13e203d882847edbae45,EVHF_03f0f385ce2ff8629ea0,{},非密-第二类危险源分析.docx,HAZARD_FACTOR_REFERENCE_V1,1.6-reference,1.0000,accepted
RELHF_b5b06f0e0df38d3e7aaa,EVHF_a1e35b01317d863bdacc,PART_OF_DOCUMENT,属于来源文档,DOCHF_d1a969459775f08ee2e9,,SRCHF_5032ca2d2fc2b056d065,EVHF_a1e35b01317d863bdacc,{},非密-第二类危险源分析.docx,HAZARD_FACTOR_REFERENCE_V1,1.6-reference,1.0000,accepted
RELHF_b7698a1bdbd3812de684,EVHF_caf4bf67e65bb6ca1037,PART_OF_DOCUMENT,属于来源文档,DOCHF_d1a969459775f08ee2e9,,SRCHF_8c9d188c2fc4d871a6f6,EVHF_caf4bf67e65bb6ca1037,{},非密-第二类危险源分析.docx,HAZARD_FACTOR_REFERENCE_V1,1.6-reference,1.0000,accepted
RELHF_b860949d3ff6346ddbf2,EVHF_c7dc799e824b4e16c818,PART_OF_DOCUMENT,属于来源文档,DOCHF_d1a969459775f08ee2e9,,SRCHF_a4d87f2bde456928382c,EVHF_c7dc799e824b4e16c818,{},非密-第二类危险源分析.docx,HAZARD_FACTOR_REFERENCE_V1,1.6-reference,1.0000,accepted
RELHF_b91a8b0bc8a76086cb46,EVHF_02d43f46e65f42e03f72,PART_OF_DOCUMENT,属于来源文档,DOCHF_d1a969459775f08ee2e9,,SRCHF_b3111380cde3508395db,EVHF_02d43f46e65f42e03f72,{},非密-第二类危险源分析.docx,HAZARD_FACTOR_REFERENCE_V1,1.6-reference,1.0000,accepted
RELHF_b958bdb036d489cab8f0,EVHF_bd7d27d242a7ac5e3751,PART_OF_DOCUMENT,属于来源文档,DOCHF_d1a969459775f08ee2e9,,SRCHF_3e30c576f9e4cfd69c0d,EVHF_bd7d27d242a7ac5e3751,{},非密-第二类危险源分析.docx,HAZARD_FACTOR_REFERENCE_V1,1.6-reference,1.0000,accepted
RELHF_b964f90769ae8c66c3e2,EVHF_25a6df471a876735a4bd,PART_OF_DOCUMENT,属于来源文档,DOCHF_d1a969459775f08ee2e9,,SRCHF_582f0e4d716f3876b07e,EVHF_25a6df471a876735a4bd,{},非密-第二类危险源分析.docx,HAZARD_FACTOR_REFERENCE_V1,1.6-reference,1.0000,accepted
RELHF_ba2e34814d043239f76a,EVHF_4c4f2bf8ac954acb206c,PART_OF_DOCUMENT,属于来源文档,DOCHF_d1a969459775f08ee2e9,,SRCHF_20432bdc3336182063c8,EVHF_4c4f2bf8ac954acb206c,{},非密-第二类危险源分析.docx,HAZARD_FACTOR_REFERENCE_V1,1.6-reference,1.0000,accepted
RELHF_bb1104068d24132e6af0,EVHF_aede8b56f95d33fc3958,PART_OF_DOCUMENT,属于来源文档,DOCHF_d1a969459775f08ee2e9,,SRCHF_dcb4e2cd6e3f02a9bc73,EVHF_aede8b56f95d33fc3958,{},非密-第二类危险源分析.docx,HAZARD_FACTOR_REFERENCE_V1,1.6-reference,1.0000,accepted
RELHF_bb57b8a3da7edd3eec51,EVHF_7b978ba59b671dd2b00e,PART_OF_DOCUMENT,属于来源文档,DOCHF_d1a969459775f08ee2e9,,SRCHF_190e04c2dbcbea7c560b,EVHF_7b978ba59b671dd2b00e,{},非密-第二类危险源分析.docx,HAZARD_FACTOR_REFERENCE_V1,1.6-reference,1.0000,accepted
RELHF_bbc63efe47e264b28834,EVHF_75c9a069844aeb56b6eb,PART_OF_DOCUMENT,属于来源文档,DOCHF_d1a969459775f08ee2e9,,SRCHF_1b4ff6158d860165665b,EVHF_75c9a069844aeb56b6eb,{},非密-第二类危险源分析.docx,HAZARD_FACTOR_REFERENCE_V1,1.6-reference,1.0000,accepted
RELHF_bcc259e1763be2e5b42b,EVHF_d5adad3a983577a151ae,PART_OF_DOCUMENT,属于来源文档,DOCHF_d1a969459775f08ee2e9,,SRCHF_fc58b5d0028ec7286b69,EVHF_d5adad3a983577a151ae,{},非密-第二类危险源分析.docx,HAZARD_FACTOR_REFERENCE_V1,1.6-reference,1.0000,accepted
RELHF_bd0039c7b598515cca22,EVHF_a4e8ef70115ad12b9c0d,PART_OF_DOCUMENT,属于来源文档,DOCHF_d1a969459775f08ee2e9,,SRCHF_51885c6cca47f3c72388,EVHF_a4e8ef70115ad12b9c0d,{},非密-第二类危险源分析.docx,HAZARD_FACTOR_REFERENCE_V1,1.6-reference,1.0000,accepted
RELHF_c0c1b207c18c00583a6a,EVHF_000b2389095759b68fe8,PART_OF_DOCUMENT,属于来源文档,DOCHF_d1a969459775f08ee2e9,,SRCHF_eac0df7c4deda6f1af21,EVHF_000b2389095759b68fe8,{},非密-第二类危险源分析.docx,HAZARD_FACTOR_REFERENCE_V1,1.6-reference,1.0000,accepted
RELHF_c26463d3664c8c89faa3,EVHF_33258b5d2a8fd711c7b7,PART_OF_DOCUMENT,属于来源文档,DOCHF_d1a969459775f08ee2e9,,SRCHF_5e926a66d8f1954e1bf8,EVHF_33258b5d2a8fd711c7b7,{},非密-第二类危险源分析.docx,HAZARD_FACTOR_REFERENCE_V1,1.6-reference,1.0000,accepted
RELHF_c30d30cda39703ca5fdd,EVHF_3d7dfc3062f232570b76,PART_OF_DOCUMENT,属于来源文档,DOCHF_d1a969459775f08ee2e9,,SRCHF_21baa01d1f1620d36e6a,EVHF_3d7dfc3062f232570b76,{},非密-第二类危险源分析.docx,HAZARD_FACTOR_REFERENCE_V1,1.6-reference,1.0000,accepted
RELHF_c72585f887f856620d41,EVHF_95f73df0fae0e2af42d3,PART_OF_DOCUMENT,属于来源文档,DOCHF_d1a969459775f08ee2e9,,SRCHF_1b87aeb3da16f6e93e96,EVHF_95f73df0fae0e2af42d3,{},非密-第二类危险源分析.docx,HAZARD_FACTOR_REFERENCE_V1,1.6-reference,1.0000,accepted
RELHF_c84c5e21664c73dea6f2,EVHF_1537d1f0e4725dcd0a95,PART_OF_DOCUMENT,属于来源文档,DOCHF_d1a969459775f08ee2e9,,SRCHF_0b69c295e95b18d73e82,EVHF_1537d1f0e4725dcd0a95,{},非密-第二类危险源分析.docx,HAZARD_FACTOR_REFERENCE_V1,1.6-reference,1.0000,accepted
RELHF_ca3a405c54bf06728c6e,EVHF_0a9e52fff5b47473b825,PART_OF_DOCUMENT,属于来源文档,DOCHF_d1a969459775f08ee2e9,,SRCHF_fec323b1f0adfd5d15af,EVHF_0a9e52fff5b47473b825,{},非密-第二类危险源分析.docx,HAZARD_FACTOR_REFERENCE_V1,1.6-reference,1.0000,accepted
RELHF_cac58d3728312c47316e,EVHF_44220d9a04afa1cf0170,PART_OF_DOCUMENT,属于来源文档,DOCHF_d1a969459775f08ee2e9,,SRCHF_bb3806d511ce1086efe9,EVHF_44220d9a04afa1cf0170,{},非密-第二类危险源分析.docx,HAZARD_FACTOR_REFERENCE_V1,1.6-reference,1.0000,accepted
RELHF_cc5dc8acb3d7d689f316,EVHF_11d19a443ce9f6b8bb5a,PART_OF_DOCUMENT,属于来源文档,DOCHF_d1a969459775f08ee2e9,,SRCHF_9dcc136c6413e2e525f8,EVHF_11d19a443ce9f6b8bb5a,{},非密-第二类危险源分析.docx,HAZARD_FACTOR_REFERENCE_V1,1.6-reference,1.0000,accepted
RELHF_cc6c4f6bd37c00f35b2b,EVHF_367ea84792f65524646a,PART_OF_DOCUMENT,属于来源文档,DOCHF_d1a969459775f08ee2e9,,SRCHF_a6de77d6711faa0e60fc,EVHF_367ea84792f65524646a,{},非密-第二类危险源分析.docx,HAZARD_FACTOR_REFERENCE_V1,1.6-reference,1.0000,accepted
RELHF_cd5092bb32a74c8a2e58,EVHF_76dda8bb6bc21b884e79,PART_OF_DOCUMENT,属于来源文档,DOCHF_d1a969459775f08ee2e9,,SRCHF_a30ad2b68fa5510def53,EVHF_76dda8bb6bc21b884e79,{},非密-第二类危险源分析.docx,HAZARD_FACTOR_REFERENCE_V1,1.6-reference,1.0000,accepted
RELHF_cdec31d0ec9c260d104b,EVHF_e1488293a72dcc9b3b05,PART_OF_DOCUMENT,属于来源文档,DOCHF_d1a969459775f08ee2e9,,SRCHF_826b8e1b5babcfc53d2c,EVHF_e1488293a72dcc9b3b05,{},非密-第二类危险源分析.docx,HAZARD_FACTOR_REFERENCE_V1,1.6-reference,1.0000,accepted
RELHF_cef8ff6e4d8a3183ddc7,EVHF_d9603ea2c78fa9c48756,PART_OF_DOCUMENT,属于来源文档,DOCHF_d1a969459775f08ee2e9,,SRCHF_0ce0a2bf9c5d046bb9f8,EVHF_d9603ea2c78fa9c48756,{},非密-第二类危险源分析.docx,HAZARD_FACTOR_REFERENCE_V1,1.6-reference,1.0000,accepted
RELHF_d325b54fe7592580cf9c,EVHF_364bcf9a46fb29d7ece6,PART_OF_DOCUMENT,属于来源文档,DOCHF_d1a969459775f08ee2e9,,SRCHF_c5fcc815540b0f24def3,EVHF_364bcf9a46fb29d7ece6,{},非密-第二类危险源分析.docx,HAZARD_FACTOR_REFERENCE_V1,1.6-reference,1.0000,accepted
RELHF_d499eeb9ca67ed1741b0,EVHF_6844ccfa11da90bdece3,PART_OF_DOCUMENT,属于来源文档,DOCHF_d1a969459775f08ee2e9,,SRCHF_c74203e64bb3101534ce,EVHF_6844ccfa11da90bdece3,{},非密-第二类危险源分析.docx,HAZARD_FACTOR_REFERENCE_V1,1.6-reference,1.0000,accepted
RELHF_d4a111bf4682624b0265,EVHF_ea82c503034fbcf17eae,PART_OF_DOCUMENT,属于来源文档,DOCHF_d1a969459775f08ee2e9,,SRCHF_9e07388e44ee47a785d6,EVHF_ea82c503034fbcf17eae,{},非密-第二类危险源分析.docx,HAZARD_FACTOR_REFERENCE_V1,1.6-reference,1.0000,accepted
RELHF_d6edbb2d6b1f26e445a0,EVHF_a8612584303759332f57,PART_OF_DOCUMENT,属于来源文档,DOCHF_d1a969459775f08ee2e9,,SRCHF_2be2b26016fd3973bba3,EVHF_a8612584303759332f57,{},非密-第二类危险源分析.docx,HAZARD_FACTOR_REFERENCE_V1,1.6-reference,1.0000,accepted
RELHF_d9db23cae6347793aa74,EVHF_1a2fe48555266322c660,PART_OF_DOCUMENT,属于来源文档,DOCHF_d1a969459775f08ee2e9,,SRCHF_7bcbcd7646421eec8f57,EVHF_1a2fe48555266322c660,{},非密-第二类危险源分析.docx,HAZARD_FACTOR_REFERENCE_V1,1.6-reference,1.0000,accepted
RELHF_d9f65f86da75917360ba,EVHF_986dd79429ae455e6e46,PART_OF_DOCUMENT,属于来源文档,DOCHF_d1a969459775f08ee2e9,,SRCHF_5d1bda1f8fff7a4c0681,EVHF_986dd79429ae455e6e46,{},非密-第二类危险源分析.docx,HAZARD_FACTOR_REFERENCE_V1,1.6-reference,1.0000,accepted
RELHF_da5298d369154e1906b2,EVHF_e386dc8655a5b294ad49,PART_OF_DOCUMENT,属于来源文档,DOCHF_d1a969459775f08ee2e9,,SRCHF_87032cf4a62a59cd1eb3,EVHF_e386dc8655a5b294ad49,{},非密-第二类危险源分析.docx,HAZARD_FACTOR_REFERENCE_V1,1.6-reference,1.0000,accepted
RELHF_da6619eaeb48bde432ef,EVHF_3df6c0d3a26c915bd134,PART_OF_DOCUMENT,属于来源文档,DOCHF_d1a969459775f08ee2e9,,SRCHF_968475c1681931f3c9c7,EVHF_3df6c0d3a26c915bd134,{},非密-第二类危险源分析.docx,HAZARD_FACTOR_REFERENCE_V1,1.6-reference,1.0000,accepted
RELHF_daa49b3f8c9a9a4c65a1,EVHF_e9bf37410b7caf617154,PART_OF_DOCUMENT,属于来源文档,DOCHF_d1a969459775f08ee2e9,,SRCHF_97bbb45ace25e8da6eb0,EVHF_e9bf37410b7caf617154,{},非密-第二类危险源分析.docx,HAZARD_FACTOR_REFERENCE_V1,1.6-reference,1.0000,accepted
RELHF_dbe326057f569dd5355d,EVHF_c65ae413070f6d7cc94c,PART_OF_DOCUMENT,属于来源文档,DOCHF_d1a969459775f08ee2e9,,SRCHF_87834be7dd92867422cd,EVHF_c65ae413070f6d7cc94c,{},非密-第二类危险源分析.docx,HAZARD_FACTOR_REFERENCE_V1,1.6-reference,1.0000,accepted
RELHF_dd9892c8c215cac45ccc,EVHF_db9d55427f74c191d8ea,PART_OF_DOCUMENT,属于来源文档,DOCHF_d1a969459775f08ee2e9,,SRCHF_53af7e926ef486483f7d,EVHF_db9d55427f74c191d8ea,{},非密-第二类危险源分析.docx,HAZARD_FACTOR_REFERENCE_V1,1.6-reference,1.0000,accepted
RELHF_def045d7d6923f88d13d,EVHF_2508d91af2bb1bac2655,PART_OF_DOCUMENT,属于来源文档,DOCHF_d1a969459775f08ee2e9,,SRCHF_aa263eb447d17e45a0b9,EVHF_2508d91af2bb1bac2655,{},非密-第二类危险源分析.docx,HAZARD_FACTOR_REFERENCE_V1,1.6-reference,1.0000,accepted
RELHF_e0acfa745abfb2f1f7cd,EVHF_3107752013f815e5cacc,PART_OF_DOCUMENT,属于来源文档,DOCHF_d1a969459775f08ee2e9,,SRCHF_6b07230449ace8301ff5,EVHF_3107752013f815e5cacc,{},非密-第二类危险源分析.docx,HAZARD_FACTOR_REFERENCE_V1,1.6-reference,1.0000,accepted
RELHF_e1cc1ad594860e421712,EVHF_0def88932a19f68d656d,PART_OF_DOCUMENT,属于来源文档,DOCHF_d1a969459775f08ee2e9,,SRCHF_8417b672d58b7c556e0d,EVHF_0def88932a19f68d656d,{},非密-第二类危险源分析.docx,HAZARD_FACTOR_REFERENCE_V1,1.6-reference,1.0000,accepted
RELHF_e238156eef5b73474d44,EVHF_cfa83311b7d6ac541a8a,PART_OF_DOCUMENT,属于来源文档,DOCHF_d1a969459775f08ee2e9,,SRCHF_364d760f47f8b9a5f112,EVHF_cfa83311b7d6ac541a8a,{},非密-第二类危险源分析.docx,HAZARD_FACTOR_REFERENCE_V1,1.6-reference,1.0000,accepted
RELHF_e5f8793e94d0186a0856,EVHF_cb8f12d553eba24e616a,PART_OF_DOCUMENT,属于来源文档,DOCHF_d1a969459775f08ee2e9,,SRCHF_28d7809725f9b6f5f226,EVHF_cb8f12d553eba24e616a,{},非密-第二类危险源分析.docx,HAZARD_FACTOR_REFERENCE_V1,1.6-reference,1.0000,accepted
RELHF_e6311dcf5fb9e4d834ed,EVHF_194d9e0c1f1d91a60bab,PART_OF_DOCUMENT,属于来源文档,DOCHF_d1a969459775f08ee2e9,,SRCHF_a84a89c236135119fd75,EVHF_194d9e0c1f1d91a60bab,{},非密-第二类危险源分析.docx,HAZARD_FACTOR_REFERENCE_V1,1.6-reference,1.0000,accepted
RELHF_e6c197767fabbd5451d5,EVHF_f4cad4442a5328b8dfb5,PART_OF_DOCUMENT,属于来源文档,DOCHF_d1a969459775f08ee2e9,,SRCHF_561db2c8509c401389c2,EVHF_f4cad4442a5328b8dfb5,{},非密-第二类危险源分析.docx,HAZARD_FACTOR_REFERENCE_V1,1.6-reference,1.0000,accepted
RELHF_e77ab9eb8b8006e88aba,EVHF_9e1ff59f83503aff670e,PART_OF_DOCUMENT,属于来源文档,DOCHF_d1a969459775f08ee2e9,,SRCHF_3d0960991c5f2cd0f37a,EVHF_9e1ff59f83503aff670e,{},非密-第二类危险源分析.docx,HAZARD_FACTOR_REFERENCE_V1,1.6-reference,1.0000,accepted
RELHF_e7fb35f312bfe7ca88f9,EVHF_fa1097849328790f770f,PART_OF_DOCUMENT,属于来源文档,DOCHF_d1a969459775f08ee2e9,,SRCHF_f79ce1d61907ae26395e,EVHF_fa1097849328790f770f,{},非密-第二类危险源分析.docx,HAZARD_FACTOR_REFERENCE_V1,1.6-reference,1.0000,accepted
RELHF_e9f2a99833b1420c3d86,EVHF_cae317944bbe7e4debc3,PART_OF_DOCUMENT,属于来源文档,DOCHF_d1a969459775f08ee2e9,,SRCHF_d7ce91a5ebd5062b225f,EVHF_cae317944bbe7e4debc3,{},非密-第二类危险源分析.docx,HAZARD_FACTOR_REFERENCE_V1,1.6-reference,1.0000,accepted
RELHF_ea78bfb525ec4b86701d,EVHF_470c61fdcfb5a9f52022,PART_OF_DOCUMENT,属于来源文档,DOCHF_d1a969459775f08ee2e9,,SRCHF_91ed68e27ef94e2b51ab,EVHF_470c61fdcfb5a9f52022,{},非密-第二类危险源分析.docx,HAZARD_FACTOR_REFERENCE_V1,1.6-reference,1.0000,accepted
RELHF_ea9c78a761444941de49,EVHF_2d0108c8d9573e48e91d,PART_OF_DOCUMENT,属于来源文档,DOCHF_d1a969459775f08ee2e9,,SRCHF_e66a72d201715094af64,EVHF_2d0108c8d9573e48e91d,{},非密-第二类危险源分析.docx,HAZARD_FACTOR_REFERENCE_V1,1.6-reference,1.0000,accepted
RELHF_eac6caa56cd62a6cd0ef,EVHF_6454ca9a77f4c1aab1d6,PART_OF_DOCUMENT,属于来源文档,DOCHF_d1a969459775f08ee2e9,,SRCHF_ee967e2c2ff13f185032,EVHF_6454ca9a77f4c1aab1d6,{},非密-第二类危险源分析.docx,HAZARD_FACTOR_REFERENCE_V1,1.6-reference,1.0000,accepted
RELHF_eaec94630f32469b8b75,EVHF_b901de676f9273e5f7cb,PART_OF_DOCUMENT,属于来源文档,DOCHF_d1a969459775f08ee2e9,,SRCHF_121600aef058616d1034,EVHF_b901de676f9273e5f7cb,{},非密-第二类危险源分析.docx,HAZARD_FACTOR_REFERENCE_V1,1.6-reference,1.0000,accepted
RELHF_eb1c8e6085c23f9ae02a,EVHF_9d1d7ba91be47bea23b2,PART_OF_DOCUMENT,属于来源文档,DOCHF_d1a969459775f08ee2e9,,SRCHF_6ad597c46bfea422ef4e,EVHF_9d1d7ba91be47bea23b2,{},非密-第二类危险源分析.docx,HAZARD_FACTOR_REFERENCE_V1,1.6-reference,1.0000,accepted
RELHF_ec41d7d07c201a4164f4,EVHF_5d2257d66647dbd2feef,PART_OF_DOCUMENT,属于来源文档,DOCHF_d1a969459775f08ee2e9,,SRCHF_ed976d54e24f8d9b3507,EVHF_5d2257d66647dbd2feef,{},非密-第二类危险源分析.docx,HAZARD_FACTOR_REFERENCE_V1,1.6-reference,1.0000,accepted
RELHF_ec950f81f3f7cf2de6a3,EVHF_8ed976059b56d408ed9b,PART_OF_DOCUMENT,属于来源文档,DOCHF_d1a969459775f08ee2e9,,SRCHF_aff3c70cf54bb1ca415b,EVHF_8ed976059b56d408ed9b,{},非密-第二类危险源分析.docx,HAZARD_FACTOR_REFERENCE_V1,1.6-reference,1.0000,accepted
RELHF_ec97efa47f853bd10af9,EVHF_74505abde678bead9e29,PART_OF_DOCUMENT,属于来源文档,DOCHF_d1a969459775f08ee2e9,,SRCHF_44b5ed91f08301812e70,EVHF_74505abde678bead9e29,{},非密-第二类危险源分析.docx,HAZARD_FACTOR_REFERENCE_V1,1.6-reference,1.0000,accepted
RELHF_f1414f0cf2ddefa840ae,EVHF_821e9ef60bf16e900fd4,PART_OF_DOCUMENT,属于来源文档,DOCHF_d1a969459775f08ee2e9,,SRCHF_5922809bfe2cf7d4d162,EVHF_821e9ef60bf16e900fd4,{},非密-第二类危险源分析.docx,HAZARD_FACTOR_REFERENCE_V1,1.6-reference,1.0000,accepted
RELHF_f25c038ed239c1ac0ac2,EVHF_094555f3edae882dab69,PART_OF_DOCUMENT,属于来源文档,DOCHF_d1a969459775f08ee2e9,,SRCHF_6bf7b23e93f5f1e9b380,EVHF_094555f3edae882dab69,{},非密-第二类危险源分析.docx,HAZARD_FACTOR_REFERENCE_V1,1.6-reference,1.0000,accepted
RELHF_f27bb8950bcab7d7890e,EVHF_2bd39b3db3a0408fa3bb,PART_OF_DOCUMENT,属于来源文档,DOCHF_d1a969459775f08ee2e9,,SRCHF_2fa215efd87140d1fa5a,EVHF_2bd39b3db3a0408fa3bb,{},非密-第二类危险源分析.docx,HAZARD_FACTOR_REFERENCE_V1,1.6-reference,1.0000,accepted
RELHF_f287934e427b0c5f83f3,EVHF_a0a3cb07d6e8d55466ab,PART_OF_DOCUMENT,属于来源文档,DOCHF_d1a969459775f08ee2e9,,SRCHF_293a8cee5110b8faecfc,EVHF_a0a3cb07d6e8d55466ab,{},非密-第二类危险源分析.docx,HAZARD_FACTOR_REFERENCE_V1,1.6-reference,1.0000,accepted
RELHF_f2bec45f41f2f97bde97,EVHF_ea8342446cf93fe9723b,PART_OF_DOCUMENT,属于来源文档,DOCHF_d1a969459775f08ee2e9,,SRCHF_102b28b272f174e26b5e,EVHF_ea8342446cf93fe9723b,{},非密-第二类危险源分析.docx,HAZARD_FACTOR_REFERENCE_V1,1.6-reference,1.0000,accepted
RELHF_f4fc2bcc4e452d0b3f18,EVHF_0713d6b421b955b2576a,PART_OF_DOCUMENT,属于来源文档,DOCHF_d1a969459775f08ee2e9,,SRCHF_cc297cb887b8fde1f82f,EVHF_0713d6b421b955b2576a,{},非密-第二类危险源分析.docx,HAZARD_FACTOR_REFERENCE_V1,1.6-reference,1.0000,accepted
RELHF_f6b8c404ac6588f7ed57,EVHF_f8dd3a3a995a0b9e36a1,PART_OF_DOCUMENT,属于来源文档,DOCHF_d1a969459775f08ee2e9,,SRCHF_2d2500f0cec7d433792e,EVHF_f8dd3a3a995a0b9e36a1,{},非密-第二类危险源分析.docx,HAZARD_FACTOR_REFERENCE_V1,1.6-reference,1.0000,accepted
RELHF_f7ab38a272acf6caceca,EVHF_56a50e80cdaeddb5bb64,PART_OF_DOCUMENT,属于来源文档,DOCHF_d1a969459775f08ee2e9,,SRCHF_5f6dfd16aec976b768e2,EVHF_56a50e80cdaeddb5bb64,{},非密-第二类危险源分析.docx,HAZARD_FACTOR_REFERENCE_V1,1.6-reference,1.0000,accepted
RELHF_facc2d8eafac51ec0662,EVHF_70770e80f5e8b32f8c1c,PART_OF_DOCUMENT,属于来源文档,DOCHF_d1a969459775f08ee2e9,,SRCHF_fdf98fc063bef694f9b8,EVHF_70770e80f5e8b32f8c1c,{},非密-第二类危险源分析.docx,HAZARD_FACTOR_REFERENCE_V1,1.6-reference,1.0000,accepted
RELHF_fdb5d29ce8afe3ae156e,EVHF_c6a395b33a870ec5155f,PART_OF_DOCUMENT,属于来源文档,DOCHF_d1a969459775f08ee2e9,,SRCHF_34c0ee47a5bfcd11586f,EVHF_c6a395b33a870ec5155f,{},非密-第二类危险源分析.docx,HAZARD_FACTOR_REFERENCE_V1,1.6-reference,1.0000,accepted
RELHF_ff38e894460a39d6c1a0,EVHF_10ead3a3c5c06e3ba3dd,PART_OF_DOCUMENT,属于来源文档,DOCHF_d1a969459775f08ee2e9,,SRCHF_14cecff0333de89b0a63,EVHF_10ead3a3c5c06e3ba3dd,{},非密-第二类危险源分析.docx,HAZARD_FACTOR_REFERENCE_V1,1.6-reference,1.0000,accepted
RELHF_ff40c913fba6b62792ba,EVHF_3beabfd7a8c65579dfef,PART_OF_DOCUMENT,属于来源文档,DOCHF_d1a969459775f08ee2e9,,SRCHF_eb51f82a11bcac77bfd5,EVHF_3beabfd7a8c65579dfef,{},非密-第二类危险源分析.docx,HAZARD_FACTOR_REFERENCE_V1,1.6-reference,1.0000,accepted
RELHF_ff5512a9daa4e42dbf8b,EVHF_607d6474ffc5fb504036,PART_OF_DOCUMENT,属于来源文档,DOCHF_d1a969459775f08ee2e9,,SRCHF_7ad002752b280e9c4058,EVHF_607d6474ffc5fb504036,{},非密-第二类危险源分析.docx,HAZARD_FACTOR_REFERENCE_V1,1.6-reference,1.0000,accepted
RELHF_003ece9f85b9fa7bb285,HZFHF_593b496d9598538b1c94,SUPPORTED_BY,证据支持,EVHF_b1eb1bad60885b85f9ea,,SRCHF_41d89841187a9f493e9e,EVHF_b1eb1bad60885b85f9ea,{},非密-第二类危险源分析.docx,HAZARD_FACTOR_REFERENCE_V1,1.6-reference,1.0000,accepted
RELHF_012ed0dccce3da96f534,HZFHF_0a5fae2a43d160617354,SUPPORTED_BY,证据支持,EVHF_f8dd3a3a995a0b9e36a1,,SRCHF_2d2500f0cec7d433792e,EVHF_f8dd3a3a995a0b9e36a1,{},非密-第二类危险源分析.docx,HAZARD_FACTOR_REFERENCE_V1,1.6-reference,1.0000,accepted
RELHF_014dc4b07f8775456f83,LOCHF_e0215910bff1ae5205d0,SUPPORTED_BY,证据支持,EVHF_43c79b6eeb316de7778b,,SRCHF_54e2ba7c2bf53a95d4bb,EVHF_43c79b6eeb316de7778b,{},非密-第二类危险源分析.docx,HAZARD_FACTOR_REFERENCE_V1,1.6-reference,1.0000,accepted
RELHF_027c911e4c74c1edf471,HZFHF_d25b933112d69e455a2c,SUPPORTED_BY,证据支持,EVHF_578e9e0b5b5d67dcbd61,,SRCHF_3a0198b11b4cfa25e369,EVHF_578e9e0b5b5d67dcbd61,{},非密-第二类危险源分析.docx,HAZARD_FACTOR_REFERENCE_V1,1.6-reference,1.0000,accepted
RELHF_057f95ca5428e9f645a6,LOCHF_2ce4531643774765263a,SUPPORTED_BY,证据支持,EVHF_f3639194dcbd640b9f42,,SRCHF_63ae48dfffea90815d6a,EVHF_f3639194dcbd640b9f42,{},非密-第二类危险源分析.docx,HAZARD_FACTOR_REFERENCE_V1,1.6-reference,1.0000,accepted
RELHF_05f6d3f771167647d4dd,LOCHF_9772679d25bd163030a1,SUPPORTED_BY,证据支持,EVHF_9c5dda97728e6d2b1fad,,SRCHF_301e080ba1f40bc29751,EVHF_9c5dda97728e6d2b1fad,{},非密-第二类危险源分析.docx,HAZARD_FACTOR_REFERENCE_V1,1.6-reference,1.0000,accepted
RELHF_0667a17eebba6af77c19,LOCHF_38978e5cd4fee87006f1,SUPPORTED_BY,证据支持,EVHF_47035f5e674447ff45e4,,SRCHF_7b6b86d5580aa7c669ae,EVHF_47035f5e674447ff45e4,{},非密-第二类危险源分析.docx,HAZARD_FACTOR_REFERENCE_V1,1.6-reference,1.0000,accepted
RELHF_06a4fafc2feb5093396e,HZFHF_c1fedb36811db4baa00f,SUPPORTED_BY,证据支持,EVHF_03f0f385ce2ff8629ea0,,SRCHF_13e203d882847edbae45,EVHF_03f0f385ce2ff8629ea0,{},非密-第二类危险源分析.docx,HAZARD_FACTOR_REFERENCE_V1,1.6-reference,1.0000,accepted
RELHF_0768bb5d714565fd3790,LOCHF_5ac99702daa181caefe6,SUPPORTED_BY,证据支持,EVHF_02d43f46e65f42e03f72,,SRCHF_b3111380cde3508395db,EVHF_02d43f46e65f42e03f72,{},非密-第二类危险源分析.docx,HAZARD_FACTOR_REFERENCE_V1,1.6-reference,1.0000,accepted
RELHF_0781c11654bc10d0e5cd,LOCHF_82ea34de1701b7ded1dd,SUPPORTED_BY,证据支持,EVHF_b1eb1bad60885b85f9ea,,SRCHF_41d89841187a9f493e9e,EVHF_b1eb1bad60885b85f9ea,{},非密-第二类危险源分析.docx,HAZARD_FACTOR_REFERENCE_V1,1.6-reference,1.0000,accepted
RELHF_088400b977b0147432fb,HZFHF_d88376daecae802fe3c7,SUPPORTED_BY,证据支持,EVHF_74505abde678bead9e29,,SRCHF_44b5ed91f08301812e70,EVHF_74505abde678bead9e29,{},非密-第二类危险源分析.docx,HAZARD_FACTOR_REFERENCE_V1,1.6-reference,1.0000,accepted
RELHF_08d67df2cd1140494691,LOCHF_0660bdf90204d5e7e620,SUPPORTED_BY,证据支持,EVHF_c7774ca510c0d946ac8d,,SRCHF_94701b909ed6f764cab8,EVHF_c7774ca510c0d946ac8d,{},非密-第二类危险源分析.docx,HAZARD_FACTOR_REFERENCE_V1,1.6-reference,1.0000,accepted
RELHF_090af06621a6e3c333e5,LOCHF_8c8469d1888fc09acc2f,SUPPORTED_BY,证据支持,EVHF_87beb3ed85460cc6186c,,SRCHF_ace88b7ea18d12c280b3,EVHF_87beb3ed85460cc6186c,{},非密-第二类危险源分析.docx,HAZARD_FACTOR_REFERENCE_V1,1.6-reference,1.0000,accepted
RELHF_09e7ec4b9ecb6d406517,LOCHF_6affc989e0a1cc4f68e3,SUPPORTED_BY,证据支持,EVHF_310b0cec2eda9b2142ca,,SRCHF_3f027a8012f8b7353857,EVHF_310b0cec2eda9b2142ca,{},非密-第二类危险源分析.docx,HAZARD_FACTOR_REFERENCE_V1,1.6-reference,1.0000,accepted
RELHF_0a77b8718e0552130e30,HZFHF_e4750df5aa298f9639ff,SUPPORTED_BY,证据支持,EVHF_8f212eae8a870041912a,,SRCHF_87d3475055878665610e,EVHF_8f212eae8a870041912a,{},非密-第二类危险源分析.docx,HAZARD_FACTOR_REFERENCE_V1,1.6-reference,1.0000,accepted
RELHF_0ad889efdae90911d1c3,HZFHF_96f66c6c2b349f0f6c59,SUPPORTED_BY,证据支持,EVHF_03f0f385ce2ff8629ea0,,SRCHF_13e203d882847edbae45,EVHF_03f0f385ce2ff8629ea0,{},非密-第二类危险源分析.docx,HAZARD_FACTOR_REFERENCE_V1,1.6-reference,1.0000,accepted
RELHF_0b14692c921d04b6d65e,LOCHF_9b9861248a2997148a3a,SUPPORTED_BY,证据支持,EVHF_9b73b9db0c0a142085b9,,SRCHF_5f6f97be6a109293eedb,EVHF_9b73b9db0c0a142085b9,{},非密-第二类危险源分析.docx,HAZARD_FACTOR_REFERENCE_V1,1.6-reference,1.0000,accepted
RELHF_0bbcb69e8fb36a39c061,HZFHF_dd76d02e06595ac7272a,SUPPORTED_BY,证据支持,EVHF_c71240af4c361dd87c23,,SRCHF_055ae9078317ae095253,EVHF_c71240af4c361dd87c23,{},非密-第二类危险源分析.docx,HAZARD_FACTOR_REFERENCE_V1,1.6-reference,1.0000,accepted
RELHF_0be09729beb57bf69575,HZFHF_753c9f791b012e4fcd31,SUPPORTED_BY,证据支持,EVHF_328a3f8d51407df3213c,,SRCHF_39946aeeec1ae10cbb05,EVHF_328a3f8d51407df3213c,{},非密-第二类危险源分析.docx,HAZARD_FACTOR_REFERENCE_V1,1.6-reference,1.0000,accepted
RELHF_0d90f5e8bb4ac3cefbca,HZFHF_dfab8f21e5f53fa1d774,SUPPORTED_BY,证据支持,EVHF_32eca3b71981f0be79fb,,SRCHF_b1018534ee33c29a10c5,EVHF_32eca3b71981f0be79fb,{},非密-第二类危险源分析.docx,HAZARD_FACTOR_REFERENCE_V1,1.6-reference,1.0000,accepted
RELHF_0ddbd0911e42657a847d,LOCHF_9ffec200589459a83794,SUPPORTED_BY,证据支持,EVHF_5637a6b71cd8780a662c,,SRCHF_c9cce373c6651bcf7173,EVHF_5637a6b71cd8780a662c,{},非密-第二类危险源分析.docx,HAZARD_FACTOR_REFERENCE_V1,1.6-reference,1.0000,accepted
RELHF_0dfc6c4baa618651d4ad,HZFHF_a7ed9a8ec350392b9c9f,SUPPORTED_BY,证据支持,EVHF_cec398b14a8d93aa6832,,SRCHF_a80aaea83953a2727425,EVHF_cec398b14a8d93aa6832,{},非密-第二类危险源分析.docx,HAZARD_FACTOR_REFERENCE_V1,1.6-reference,1.0000,accepted
RELHF_0e3bd6143a5c550c9965,HZFHF_d555f9e0d9e2fc506be5,SUPPORTED_BY,证据支持,EVHF_6454ca9a77f4c1aab1d6,,SRCHF_ee967e2c2ff13f185032,EVHF_6454ca9a77f4c1aab1d6,{},非密-第二类危险源分析.docx,HAZARD_FACTOR_REFERENCE_V1,1.6-reference,1.0000,accepted
RELHF_0f3163d1dd37a030c858,LOCHF_43a2aca7c008038181e9,SUPPORTED_BY,证据支持,EVHF_e9bf37410b7caf617154,,SRCHF_97bbb45ace25e8da6eb0,EVHF_e9bf37410b7caf617154,{},非密-第二类危险源分析.docx,HAZARD_FACTOR_REFERENCE_V1,1.6-reference,1.0000,accepted
RELHF_0f47e04021fa529b41b2,HZFHF_5175b5590a99cfdacd22,SUPPORTED_BY,证据支持,EVHF_11d19a443ce9f6b8bb5a,,SRCHF_9dcc136c6413e2e525f8,EVHF_11d19a443ce9f6b8bb5a,{},非密-第二类危险源分析.docx,HAZARD_FACTOR_REFERENCE_V1,1.6-reference,1.0000,accepted
RELHF_103036771dcd7cbc0d3f,LOCHF_8b9b07287b78d5e9937d,SUPPORTED_BY,证据支持,EVHF_f7af47b1c94184d18dd7,,SRCHF_9022e8bd4f0fb0b596e2,EVHF_f7af47b1c94184d18dd7,{},非密-第二类危险源分析.docx,HAZARD_FACTOR_REFERENCE_V1,1.6-reference,1.0000,accepted
RELHF_108f3f16d0dbfbdec16f,LOCHF_99f9b22871c0f342f0b3,SUPPORTED_BY,证据支持,EVHF_8cc5b8fc1ad9075cf4a9,,SRCHF_f40d9896a349737b587c,EVHF_8cc5b8fc1ad9075cf4a9,{},非密-第二类危险源分析.docx,HAZARD_FACTOR_REFERENCE_V1,1.6-reference,1.0000,accepted
RELHF_10bac91735f1e84eef6c,HZFHF_2257824b9922e819e7fb,SUPPORTED_BY,证据支持,EVHF_c7dc799e824b4e16c818,,SRCHF_a4d87f2bde456928382c,EVHF_c7dc799e824b4e16c818,{},非密-第二类危险源分析.docx,HAZARD_FACTOR_REFERENCE_V1,1.6-reference,1.0000,accepted
RELHF_113c4dd6e624d362eda3,LOCHF_7a0c4e1d8bb57372327f,SUPPORTED_BY,证据支持,EVHF_1a2fe48555266322c660,,SRCHF_7bcbcd7646421eec8f57,EVHF_1a2fe48555266322c660,{},非密-第二类危险源分析.docx,HAZARD_FACTOR_REFERENCE_V1,1.6-reference,1.0000,accepted
RELHF_11486df7788c7a53b037,HZFHF_2a49eab4c3cd137ba044,SUPPORTED_BY,证据支持,EVHF_f3639194dcbd640b9f42,,SRCHF_63ae48dfffea90815d6a,EVHF_f3639194dcbd640b9f42,{},非密-第二类危险源分析.docx,HAZARD_FACTOR_REFERENCE_V1,1.6-reference,1.0000,accepted
RELHF_115367fcc72a9bd0a9a9,LOCHF_2fdae8df74f9bbeabca6,SUPPORTED_BY,证据支持,EVHF_cae317944bbe7e4debc3,,SRCHF_d7ce91a5ebd5062b225f,EVHF_cae317944bbe7e4debc3,{},非密-第二类危险源分析.docx,HAZARD_FACTOR_REFERENCE_V1,1.6-reference,1.0000,accepted
RELHF_115eaa2f34f273632fa7,HZFHF_2956581b9d38773f51f1,SUPPORTED_BY,证据支持,EVHF_470c61fdcfb5a9f52022,,SRCHF_91ed68e27ef94e2b51ab,EVHF_470c61fdcfb5a9f52022,{},非密-第二类危险源分析.docx,HAZARD_FACTOR_REFERENCE_V1,1.6-reference,1.0000,accepted
RELHF_11d6ca44889b0c6cce1a,HZFHF_0fce95451ddb9ed13db9,SUPPORTED_BY,证据支持,EVHF_58dd6ab533b2aabfd25f,,SRCHF_f63024f53339cc844a71,EVHF_58dd6ab533b2aabfd25f,{},非密-第二类危险源分析.docx,HAZARD_FACTOR_REFERENCE_V1,1.6-reference,1.0000,accepted
RELHF_127fc98389dfd15cd88a,LOCHF_c0f9ea72ceca71cfb92f,SUPPORTED_BY,证据支持,EVHF_cb75573a365d8ea9583c,,SRCHF_cfd2a273c81ffb78b0bf,EVHF_cb75573a365d8ea9583c,{},非密-第二类危险源分析.docx,HAZARD_FACTOR_REFERENCE_V1,1.6-reference,1.0000,accepted
RELHF_129db6af53877d7862e0,HZFHF_d339989ecb11264b4b1d,SUPPORTED_BY,证据支持,EVHF_6669aff12601817f9188,,SRCHF_f5e7826bcdf9a38ba1eb,EVHF_6669aff12601817f9188,{},非密-第二类危险源分析.docx,HAZARD_FACTOR_REFERENCE_V1,1.6-reference,1.0000,accepted
RELHF_1400a3de2ba9f1674137,HZFHF_837f65b0d4ea7e7687f2,SUPPORTED_BY,证据支持,EVHF_45a3aaf4f2f94c20502e,,SRCHF_fc89c028bacfc466b374,EVHF_45a3aaf4f2f94c20502e,{},非密-第二类危险源分析.docx,HAZARD_FACTOR_REFERENCE_V1,1.6-reference,1.0000,accepted
RELHF_146a3e8a176a90d4ec34,HZFHF_82b0917108e6c7023b5e,SUPPORTED_BY,证据支持,EVHF_0aea3545a1e0dd3482b1,,SRCHF_8625bfe5a0f3095ef52a,EVHF_0aea3545a1e0dd3482b1,{},非密-第二类危险源分析.docx,HAZARD_FACTOR_REFERENCE_V1,1.6-reference,1.0000,accepted
RELHF_149df7a53ac4668d2599,LOCHF_96fae047f375299c4fda,SUPPORTED_BY,证据支持,EVHF_75c9a069844aeb56b6eb,,SRCHF_1b4ff6158d860165665b,EVHF_75c9a069844aeb56b6eb,{},非密-第二类危险源分析.docx,HAZARD_FACTOR_REFERENCE_V1,1.6-reference,1.0000,accepted
RELHF_155324c6014c634ffcf8,LOCHF_65a33e4e99891137d49e,SUPPORTED_BY,证据支持,EVHF_03f0f385ce2ff8629ea0,,SRCHF_13e203d882847edbae45,EVHF_03f0f385ce2ff8629ea0,{},非密-第二类危险源分析.docx,HAZARD_FACTOR_REFERENCE_V1,1.6-reference,1.0000,accepted
RELHF_1617d5797ed215e6de13,HZFHF_6c57a0d424345160669b,SUPPORTED_BY,证据支持,EVHF_8ed976059b56d408ed9b,,SRCHF_aff3c70cf54bb1ca415b,EVHF_8ed976059b56d408ed9b,{},非密-第二类危险源分析.docx,HAZARD_FACTOR_REFERENCE_V1,1.6-reference,1.0000,accepted
RELHF_163305b7d841c4697bf1,HZFHF_44aa87efa38c8d4e88d7,SUPPORTED_BY,证据支持,EVHF_e9bf37410b7caf617154,,SRCHF_97bbb45ace25e8da6eb0,EVHF_e9bf37410b7caf617154,{},非密-第二类危险源分析.docx,HAZARD_FACTOR_REFERENCE_V1,1.6-reference,1.0000,accepted
RELHF_16332143a860fd6cbfca,HZFHF_16d748a57ad3629c4b2f,SUPPORTED_BY,证据支持,EVHF_0036de675c2991144a78,,SRCHF_de44bc0abd9a757d37fa,EVHF_0036de675c2991144a78,{},非密-第二类危险源分析.docx,HAZARD_FACTOR_REFERENCE_V1,1.6-reference,1.0000,accepted
RELHF_167447f53bb7a115ae66,LOCHF_fa461e8feaf522bc902b,SUPPORTED_BY,证据支持,EVHF_caf4bf67e65bb6ca1037,,SRCHF_8c9d188c2fc4d871a6f6,EVHF_caf4bf67e65bb6ca1037,{},非密-第二类危险源分析.docx,HAZARD_FACTOR_REFERENCE_V1,1.6-reference,1.0000,accepted
RELHF_1707638c812887e1725d,HZFHF_b56391d3b291aa221488,SUPPORTED_BY,证据支持,EVHF_1e116051d824ad7f817c,,SRCHF_d700cb7312bafa5baca9,EVHF_1e116051d824ad7f817c,{},非密-第二类危险源分析.docx,HAZARD_FACTOR_REFERENCE_V1,1.6-reference,1.0000,accepted
RELHF_171699c1d69ac6d3212b,HZFHF_79c684383a7f9b14fdbc,SUPPORTED_BY,证据支持,EVHF_c5b2e7766c913548e250,,SRCHF_9201e2f90158728ff488,EVHF_c5b2e7766c913548e250,{},非密-第二类危险源分析.docx,HAZARD_FACTOR_REFERENCE_V1,1.6-reference,1.0000,accepted
RELHF_175c9d1deb6a243de3d3,LOCHF_bc8984a0ce25400d6853,SUPPORTED_BY,证据支持,EVHF_971dccd1f6dbe32c17c4,,SRCHF_29fc39e4d6222c462112,EVHF_971dccd1f6dbe32c17c4,{},非密-第二类危险源分析.docx,HAZARD_FACTOR_REFERENCE_V1,1.6-reference,1.0000,accepted
RELHF_18302c31db82c563634f,LOCHF_913ef37be253cea03388,SUPPORTED_BY,证据支持,EVHF_d5adad3a983577a151ae,,SRCHF_fc58b5d0028ec7286b69,EVHF_d5adad3a983577a151ae,{},非密-第二类危险源分析.docx,HAZARD_FACTOR_REFERENCE_V1,1.6-reference,1.0000,accepted
RELHF_193a7439a10044fccd69,LOCHF_5d1deaa73675c935490b,SUPPORTED_BY,证据支持,EVHF_b20f1f85998c8fe1be6b,,SRCHF_fadedb873d7b64450b54,EVHF_b20f1f85998c8fe1be6b,{},非密-第二类危险源分析.docx,HAZARD_FACTOR_REFERENCE_V1,1.6-reference,1.0000,accepted
RELHF_194e6be680825d684c90,HZFHF_2f9806ea0c7845f15432,SUPPORTED_BY,证据支持,EVHF_0a96e71082bd30be786d,,SRCHF_1efb21887e9d20ace659,EVHF_0a96e71082bd30be786d,{},非密-第二类危险源分析.docx,HAZARD_FACTOR_REFERENCE_V1,1.6-reference,1.0000,accepted
RELHF_197c3797fec480adea03,HZFHF_25461c89b2c1deab0c34,SUPPORTED_BY,证据支持,EVHF_d76940a4c11355dc38e7,,SRCHF_d79b95e551f3f81b2964,EVHF_d76940a4c11355dc38e7,{},非密-第二类危险源分析.docx,HAZARD_FACTOR_REFERENCE_V1,1.6-reference,1.0000,accepted
RELHF_1aa5e2f23a6100233a46,HZFHF_e8451060878810ef9eec,SUPPORTED_BY,证据支持,EVHF_58e9069294aa20e28d51,,SRCHF_f47dc8b9d474d64b8d94,EVHF_58e9069294aa20e28d51,{},非密-第二类危险源分析.docx,HAZARD_FACTOR_REFERENCE_V1,1.6-reference,1.0000,accepted
RELHF_1b09adabfe4505212678,LOCHF_8a89da200f0fe87d7a57,SUPPORTED_BY,证据支持,EVHF_c7bd6ab01cf021967abf,,SRCHF_77f860504ea23949ff7c,EVHF_c7bd6ab01cf021967abf,{},非密-第二类危险源分析.docx,HAZARD_FACTOR_REFERENCE_V1,1.6-reference,1.0000,accepted
RELHF_1b9eea8472447fd22ec0,LOCHF_f524ea733d8aa142af39,SUPPORTED_BY,证据支持,EVHF_aede8b56f95d33fc3958,,SRCHF_dcb4e2cd6e3f02a9bc73,EVHF_aede8b56f95d33fc3958,{},非密-第二类危险源分析.docx,HAZARD_FACTOR_REFERENCE_V1,1.6-reference,1.0000,accepted
RELHF_1ba5aff66e9cac726622,HZFHF_e5a7bfad55822aaf0001,SUPPORTED_BY,证据支持,EVHF_e2015fcd088bdf5c9491,,SRCHF_46eb5594077cc33b2f76,EVHF_e2015fcd088bdf5c9491,{},非密-第二类危险源分析.docx,HAZARD_FACTOR_REFERENCE_V1,1.6-reference,1.0000,accepted
RELHF_1c793eabd723d319ee5f,HZFHF_c66f60f94671486f49a8,SUPPORTED_BY,证据支持,EVHF_b1eb1bad60885b85f9ea,,SRCHF_41d89841187a9f493e9e,EVHF_b1eb1bad60885b85f9ea,{},非密-第二类危险源分析.docx,HAZARD_FACTOR_REFERENCE_V1,1.6-reference,1.0000,accepted
RELHF_1cae8447406a919addf3,HZFHF_5f2258df4e83ff053039,SUPPORTED_BY,证据支持,EVHF_c5b2e7766c913548e250,,SRCHF_9201e2f90158728ff488,EVHF_c5b2e7766c913548e250,{},非密-第二类危险源分析.docx,HAZARD_FACTOR_REFERENCE_V1,1.6-reference,1.0000,accepted
RELHF_1d8e5f077a1495c1ea28,HZFHF_0ca9a48c67bf2edcd766,SUPPORTED_BY,证据支持,EVHF_cb8f12d553eba24e616a,,SRCHF_28d7809725f9b6f5f226,EVHF_cb8f12d553eba24e616a,{},非密-第二类危险源分析.docx,HAZARD_FACTOR_REFERENCE_V1,1.6-reference,1.0000,accepted
RELHF_207acf96de5d4d7d415a,HZFHF_6100f7e7366950099c6d,SUPPORTED_BY,证据支持,EVHF_8cc5b8fc1ad9075cf4a9,,SRCHF_f40d9896a349737b587c,EVHF_8cc5b8fc1ad9075cf4a9,{},非密-第二类危险源分析.docx,HAZARD_FACTOR_REFERENCE_V1,1.6-reference,1.0000,accepted
RELHF_20902616843eb3c7af19,LOCHF_562c38898db80dbb5fcf,SUPPORTED_BY,证据支持,EVHF_f4cad4442a5328b8dfb5,,SRCHF_561db2c8509c401389c2,EVHF_f4cad4442a5328b8dfb5,{},非密-第二类危险源分析.docx,HAZARD_FACTOR_REFERENCE_V1,1.6-reference,1.0000,accepted
RELHF_2090c455b3a8575b2e38,LOCHF_71aa17d1d15288b4d93f,SUPPORTED_BY,证据支持,EVHF_aae48b3dfe9897ae4437,,SRCHF_45cafb09d5a5772e2380,EVHF_aae48b3dfe9897ae4437,{},非密-第二类危险源分析.docx,HAZARD_FACTOR_REFERENCE_V1,1.6-reference,1.0000,accepted
RELHF_20dbd27f0b901e7e25fb,LOCHF_9a3c4fcdd95f3f00862a,SUPPORTED_BY,证据支持,EVHF_a23b3c3bad2b4ee206ef,,SRCHF_3edf59f21f842f098ffd,EVHF_a23b3c3bad2b4ee206ef,{},非密-第二类危险源分析.docx,HAZARD_FACTOR_REFERENCE_V1,1.6-reference,1.0000,accepted
RELHF_20eee9eb2032e163901f,LOCHF_2c69fdd6eaffd9a438db,SUPPORTED_BY,证据支持,EVHF_194d9e0c1f1d91a60bab,,SRCHF_a84a89c236135119fd75,EVHF_194d9e0c1f1d91a60bab,{},非密-第二类危险源分析.docx,HAZARD_FACTOR_REFERENCE_V1,1.6-reference,1.0000,accepted
RELHF_21542a983afa29b87510,LOCHF_ba2ed0336b9a54c6064e,SUPPORTED_BY,证据支持,EVHF_811ff57eaf83bccda9d1,,SRCHF_6ff7d05908f3d4b5036b,EVHF_811ff57eaf83bccda9d1,{},非密-第二类危险源分析.docx,HAZARD_FACTOR_REFERENCE_V1,1.6-reference,1.0000,accepted
RELHF_21952c99cf499f4c080a,LOCHF_1958ff63e5a3ef90e7e7,SUPPORTED_BY,证据支持,EVHF_f55c50b52fa00c7938bf,,SRCHF_770987b2bc4f4fe02354,EVHF_f55c50b52fa00c7938bf,{},非密-第二类危险源分析.docx,HAZARD_FACTOR_REFERENCE_V1,1.6-reference,1.0000,accepted
RELHF_233ab44ab32028a1d35a,HZFHF_3fd93e73363087c15118,SUPPORTED_BY,证据支持,EVHF_0aea3545a1e0dd3482b1,,SRCHF_8625bfe5a0f3095ef52a,EVHF_0aea3545a1e0dd3482b1,{},非密-第二类危险源分析.docx,HAZARD_FACTOR_REFERENCE_V1,1.6-reference,1.0000,accepted
RELHF_23ff09f52df9c59eb8cf,HZFHF_c508026ee5a5997343c0,SUPPORTED_BY,证据支持,EVHF_d110faa1c09e52539a6a,,SRCHF_a431360b059dcfa8187f,EVHF_d110faa1c09e52539a6a,{},非密-第二类危险源分析.docx,HAZARD_FACTOR_REFERENCE_V1,1.6-reference,1.0000,accepted
RELHF_2444dff59ff1980820e8,HZFHF_688e49cb7211f3080979,SUPPORTED_BY,证据支持,EVHF_95f73df0fae0e2af42d3,,SRCHF_1b87aeb3da16f6e93e96,EVHF_95f73df0fae0e2af42d3,{},非密-第二类危险源分析.docx,HAZARD_FACTOR_REFERENCE_V1,1.6-reference,1.0000,accepted
RELHF_245f5837126da7992b45,HZFHF_4aae40e0b9f5f8f30321,SUPPORTED_BY,证据支持,EVHF_c8f86912dabdb06af254,,SRCHF_33f5f0a65ed8b56cfba8,EVHF_c8f86912dabdb06af254,{},非密-第二类危险源分析.docx,HAZARD_FACTOR_REFERENCE_V1,1.6-reference,1.0000,accepted
RELHF_247de874f256e0e3996d,HZFHF_ec3995141b49693e29cb,SUPPORTED_BY,证据支持,EVHF_328a3f8d51407df3213c,,SRCHF_39946aeeec1ae10cbb05,EVHF_328a3f8d51407df3213c,{},非密-第二类危险源分析.docx,HAZARD_FACTOR_REFERENCE_V1,1.6-reference,1.0000,accepted
RELHF_24909286f806ae0507ae,HZFHF_7cc022b7a786fb62499c,SUPPORTED_BY,证据支持,EVHF_fdf9fb58b6b71f28c48d,,SRCHF_c44370235531be9564fe,EVHF_fdf9fb58b6b71f28c48d,{},非密-第二类危险源分析.docx,HAZARD_FACTOR_REFERENCE_V1,1.6-reference,1.0000,accepted
RELHF_254d9f7e37a4bc53841c,HZFHF_04ac6694b97a306e0121,SUPPORTED_BY,证据支持,EVHF_a0a3cb07d6e8d55466ab,,SRCHF_293a8cee5110b8faecfc,EVHF_a0a3cb07d6e8d55466ab,{},非密-第二类危险源分析.docx,HAZARD_FACTOR_REFERENCE_V1,1.6-reference,1.0000,accepted
RELHF_263b96a69b499257930d,LOCHF_e27179991dfde44caac0,SUPPORTED_BY,证据支持,EVHF_d110faa1c09e52539a6a,,SRCHF_a431360b059dcfa8187f,EVHF_d110faa1c09e52539a6a,{},非密-第二类危险源分析.docx,HAZARD_FACTOR_REFERENCE_V1,1.6-reference,1.0000,accepted
RELHF_268848b1cbc1f5fbbae8,HZFHF_4762ded11ddbc8ad0ebc,SUPPORTED_BY,证据支持,EVHF_0a9e52fff5b47473b825,,SRCHF_fec323b1f0adfd5d15af,EVHF_0a9e52fff5b47473b825,{},非密-第二类危险源分析.docx,HAZARD_FACTOR_REFERENCE_V1,1.6-reference,1.0000,accepted
RELHF_281b0b772158cda8d5a4,HZFHF_8aa8f32ac185376c6816,SUPPORTED_BY,证据支持,EVHF_33258b5d2a8fd711c7b7,,SRCHF_5e926a66d8f1954e1bf8,EVHF_33258b5d2a8fd711c7b7,{},非密-第二类危险源分析.docx,HAZARD_FACTOR_REFERENCE_V1,1.6-reference,1.0000,accepted
RELHF_298527ceef4ccd10567f,LOCHF_4b366841b3216e506706,SUPPORTED_BY,证据支持,EVHF_e161998fb4196dd62655,,SRCHF_6808369b1eb60735b905,EVHF_e161998fb4196dd62655,{},非密-第二类危险源分析.docx,HAZARD_FACTOR_REFERENCE_V1,1.6-reference,1.0000,accepted
RELHF_2b09fd6e693d8089710e,HZFHF_b2495e422c7292774d2e,SUPPORTED_BY,证据支持,EVHF_4346d0ee7ba01222a614,,SRCHF_9252a1bfe2024a8ec312,EVHF_4346d0ee7ba01222a614,{},非密-第二类危险源分析.docx,HAZARD_FACTOR_REFERENCE_V1,1.6-reference,1.0000,accepted
RELHF_2c5b40b7c7b907fd04b0,LOCHF_145258fae8bc0acfff33,SUPPORTED_BY,证据支持,EVHF_928f23cabdb578c0982c,,SRCHF_1b051de8069f75a758d1,EVHF_928f23cabdb578c0982c,{},非密-第二类危险源分析.docx,HAZARD_FACTOR_REFERENCE_V1,1.6-reference,1.0000,accepted
RELHF_2c5cafaa24bc089f1463,HZFHF_3b71c7227414c5ef523b,SUPPORTED_BY,证据支持,EVHF_9d1d7ba91be47bea23b2,,SRCHF_6ad597c46bfea422ef4e,EVHF_9d1d7ba91be47bea23b2,{},非密-第二类危险源分析.docx,HAZARD_FACTOR_REFERENCE_V1,1.6-reference,1.0000,accepted
RELHF_2c692841a29d441e9d15,HZFHF_192aa69ec6e6521d41c6,SUPPORTED_BY,证据支持,EVHF_8154802f49cd0d8e9ce2,,SRCHF_5ae4d65ab5606cdd7310,EVHF_8154802f49cd0d8e9ce2,{},非密-第二类危险源分析.docx,HAZARD_FACTOR_REFERENCE_V1,1.6-reference,1.0000,accepted
RELHF_2d3bdd1b7307c758d409,HZFHF_0764134387be68c57642,SUPPORTED_BY,证据支持,EVHF_4954d3d747c146fe8b2e,,SRCHF_5d76c1fe21c1bbaef8de,EVHF_4954d3d747c146fe8b2e,{},非密-第二类危险源分析.docx,HAZARD_FACTOR_REFERENCE_V1,1.6-reference,1.0000,accepted
RELHF_2ed90a2815d27fb0fa2f,LOCHF_ccfa4e4e8888e2abcd05,SUPPORTED_BY,证据支持,EVHF_641fcbe5664540b868fe,,SRCHF_7d5c5bbd690e492dab2d,EVHF_641fcbe5664540b868fe,{},非密-第二类危险源分析.docx,HAZARD_FACTOR_REFERENCE_V1,1.6-reference,1.0000,accepted
RELHF_2fe8929c3f0b245c6f55,LOCHF_54a5d474db8b4d8d0251,SUPPORTED_BY,证据支持,EVHF_607d6474ffc5fb504036,,SRCHF_7ad002752b280e9c4058,EVHF_607d6474ffc5fb504036,{},非密-第二类危险源分析.docx,HAZARD_FACTOR_REFERENCE_V1,1.6-reference,1.0000,accepted
RELHF_306dc173d89ce3370f65,HZFHF_7d1777c0e79705e0685a,SUPPORTED_BY,证据支持,EVHF_d9603ea2c78fa9c48756,,SRCHF_0ce0a2bf9c5d046bb9f8,EVHF_d9603ea2c78fa9c48756,{},非密-第二类危险源分析.docx,HAZARD_FACTOR_REFERENCE_V1,1.6-reference,1.0000,accepted
RELHF_30a9a2dfc3ee41774009,LOCHF_3892436155c570fb00c1,SUPPORTED_BY,证据支持,EVHF_7b978ba59b671dd2b00e,,SRCHF_190e04c2dbcbea7c560b,EVHF_7b978ba59b671dd2b00e,{},非密-第二类危险源分析.docx,HAZARD_FACTOR_REFERENCE_V1,1.6-reference,1.0000,accepted
RELHF_30fbe53e39b967a667bd,HZFHF_68b043cb7752a10c325d,SUPPORTED_BY,证据支持,EVHF_e92a7b041d65fcad7372,,SRCHF_9b75d785ff1fd106f42a,EVHF_e92a7b041d65fcad7372,{},非密-第二类危险源分析.docx,HAZARD_FACTOR_REFERENCE_V1,1.6-reference,1.0000,accepted
RELHF_3122e9e2671d8ed03319,HZFHF_5e4f4f017bf9e7d02925,SUPPORTED_BY,证据支持,EVHF_364bcf9a46fb29d7ece6,,SRCHF_c5fcc815540b0f24def3,EVHF_364bcf9a46fb29d7ece6,{},非密-第二类危险源分析.docx,HAZARD_FACTOR_REFERENCE_V1,1.6-reference,1.0000,accepted
RELHF_3223b9dc641e3ec0846e,HZFHF_c31d7b7522b3266bdf3b,SUPPORTED_BY,证据支持,EVHF_613d757c426f4efafefe,,SRCHF_1e2528578f49b79ed81c,EVHF_613d757c426f4efafefe,{},非密-第二类危险源分析.docx,HAZARD_FACTOR_REFERENCE_V1,1.6-reference,1.0000,accepted
RELHF_3321d8b7670f49aab0b1,LOCHF_c898083dacb02eac4a07,SUPPORTED_BY,证据支持,EVHF_a04a630c3bb0098d538a,,SRCHF_6b8ed0e6f913ca3ee70e,EVHF_a04a630c3bb0098d538a,{},非密-第二类危险源分析.docx,HAZARD_FACTOR_REFERENCE_V1,1.6-reference,1.0000,accepted
RELHF_34ecf1733890138af7e3,HZFHF_4120c8351d7f02994e61,SUPPORTED_BY,证据支持,EVHF_775b5ea6827ed8965603,,SRCHF_e272d5a924f6e35e8a1a,EVHF_775b5ea6827ed8965603,{},非密-第二类危险源分析.docx,HAZARD_FACTOR_REFERENCE_V1,1.6-reference,1.0000,accepted
RELHF_355486bc8a6db7711e86,LOCHF_c640cc2aaf7cacdfea7b,SUPPORTED_BY,证据支持,EVHF_9237bcc024df0e2dfcf0,,SRCHF_501fdf2c1f9528feeedc,EVHF_9237bcc024df0e2dfcf0,{},非密-第二类危险源分析.docx,HAZARD_FACTOR_REFERENCE_V1,1.6-reference,1.0000,accepted
RELHF_355e23fc927afa1e0d48,LOCHF_5dc4324abfb1621cf303,SUPPORTED_BY,证据支持,EVHF_95f73df0fae0e2af42d3,,SRCHF_1b87aeb3da16f6e93e96,EVHF_95f73df0fae0e2af42d3,{},非密-第二类危险源分析.docx,HAZARD_FACTOR_REFERENCE_V1,1.6-reference,1.0000,accepted
RELHF_35ad801950a7e0d0fb3d,HZFHF_a2565083bc682bb65d4d,SUPPORTED_BY,证据支持,EVHF_6d81d8973fc59294d70d,,SRCHF_21e633cba88a60a70fcb,EVHF_6d81d8973fc59294d70d,{},非密-第二类危险源分析.docx,HAZARD_FACTOR_REFERENCE_V1,1.6-reference,1.0000,accepted
RELHF_3629ef9da34469d1234d,HZFHF_cdccf17e2025ca22564a,SUPPORTED_BY,证据支持,EVHF_a0de9920da827209e085,,SRCHF_31d8c6d8cb0b1981e0ce,EVHF_a0de9920da827209e085,{},非密-第二类危险源分析.docx,HAZARD_FACTOR_REFERENCE_V1,1.6-reference,1.0000,accepted
RELHF_3641e6a2acbe1d43ce2d,HZFHF_857460b5f36e752c21af,SUPPORTED_BY,证据支持,EVHF_aede8b56f95d33fc3958,,SRCHF_dcb4e2cd6e3f02a9bc73,EVHF_aede8b56f95d33fc3958,{},非密-第二类危险源分析.docx,HAZARD_FACTOR_REFERENCE_V1,1.6-reference,1.0000,accepted
RELHF_372b371a99309dd5976e,HZFHF_2fdc5a516ee2e9cec357,SUPPORTED_BY,证据支持,EVHF_75c9a069844aeb56b6eb,,SRCHF_1b4ff6158d860165665b,EVHF_75c9a069844aeb56b6eb,{},非密-第二类危险源分析.docx,HAZARD_FACTOR_REFERENCE_V1,1.6-reference,1.0000,accepted
RELHF_37a127e52e3abadec8e6,LOCHF_99d1ae334f768f049896,SUPPORTED_BY,证据支持,EVHF_c7dc799e824b4e16c818,,SRCHF_a4d87f2bde456928382c,EVHF_c7dc799e824b4e16c818,{},非密-第二类危险源分析.docx,HAZARD_FACTOR_REFERENCE_V1,1.6-reference,1.0000,accepted
RELHF_381756c2a02199da5094,LOCHF_872ef013e742bcc865a5,SUPPORTED_BY,证据支持,EVHF_8fa4be301c7df3832f16,,SRCHF_9e5d6be815291551b948,EVHF_8fa4be301c7df3832f16,{},非密-第二类危险源分析.docx,HAZARD_FACTOR_REFERENCE_V1,1.6-reference,1.0000,accepted
RELHF_3a1fde829aa764600cd4,HZFHF_d63a45b9cad0ec7aa249,SUPPORTED_BY,证据支持,EVHF_607d6474ffc5fb504036,,SRCHF_7ad002752b280e9c4058,EVHF_607d6474ffc5fb504036,{},非密-第二类危险源分析.docx,HAZARD_FACTOR_REFERENCE_V1,1.6-reference,1.0000,accepted
RELHF_3a9af0cf9808310952ba,HZFHF_a7a1c92379f2a804ef87,SUPPORTED_BY,证据支持,EVHF_bd7d27d242a7ac5e3751,,SRCHF_3e30c576f9e4cfd69c0d,EVHF_bd7d27d242a7ac5e3751,{},非密-第二类危险源分析.docx,HAZARD_FACTOR_REFERENCE_V1,1.6-reference,1.0000,accepted
RELHF_3aa3053221a040cace40,LOCHF_d652fadae7be79cba1fd,SUPPORTED_BY,证据支持,EVHF_3beabfd7a8c65579dfef,,SRCHF_eb51f82a11bcac77bfd5,EVHF_3beabfd7a8c65579dfef,{},非密-第二类危险源分析.docx,HAZARD_FACTOR_REFERENCE_V1,1.6-reference,1.0000,accepted
RELHF_3aa898d015270a74f847,HZFHF_86049652845f1f06f3ce,SUPPORTED_BY,证据支持,EVHF_45a3aaf4f2f94c20502e,,SRCHF_fc89c028bacfc466b374,EVHF_45a3aaf4f2f94c20502e,{},非密-第二类危险源分析.docx,HAZARD_FACTOR_REFERENCE_V1,1.6-reference,1.0000,accepted
RELHF_3ad12ab4ed6a6d51a8ab,LOCHF_02a5d3ca0dec96a100a1,SUPPORTED_BY,证据支持,EVHF_25a6df471a876735a4bd,,SRCHF_582f0e4d716f3876b07e,EVHF_25a6df471a876735a4bd,{},非密-第二类危险源分析.docx,HAZARD_FACTOR_REFERENCE_V1,1.6-reference,1.0000,accepted
RELHF_3b32c885182b30838d06,HZFHF_b54f0eba087c17a3d7cc,SUPPORTED_BY,证据支持,EVHF_e386dc8655a5b294ad49,,SRCHF_87032cf4a62a59cd1eb3,EVHF_e386dc8655a5b294ad49,{},非密-第二类危险源分析.docx,HAZARD_FACTOR_REFERENCE_V1,1.6-reference,1.0000,accepted
RELHF_3b585f46f76b8b7ecfae,HZFHF_c4a3f58f8f2383c60ed5,SUPPORTED_BY,证据支持,EVHF_cec398b14a8d93aa6832,,SRCHF_a80aaea83953a2727425,EVHF_cec398b14a8d93aa6832,{},非密-第二类危险源分析.docx,HAZARD_FACTOR_REFERENCE_V1,1.6-reference,1.0000,accepted
RELHF_3baf2ea64aa28b040b8d,LOCHF_2a5bb39900a1b280b6a3,SUPPORTED_BY,证据支持,EVHF_eccafa91e45de05634b3,,SRCHF_b9f981cdc640c4854bb4,EVHF_eccafa91e45de05634b3,{},非密-第二类危险源分析.docx,HAZARD_FACTOR_REFERENCE_V1,1.6-reference,1.0000,accepted
RELHF_3bc2eaf5cbfec5525d1a,LOCHF_310309f160d82ea816f6,SUPPORTED_BY,证据支持,EVHF_fa48ba379e7391b9e763,,SRCHF_dec5b99c264c15f73f8f,EVHF_fa48ba379e7391b9e763,{},非密-第二类危险源分析.docx,HAZARD_FACTOR_REFERENCE_V1,1.6-reference,1.0000,accepted
RELHF_3be4d6a6e91434f719d7,LOCHF_915e362e24564e934572,SUPPORTED_BY,证据支持,EVHF_11d19a443ce9f6b8bb5a,,SRCHF_9dcc136c6413e2e525f8,EVHF_11d19a443ce9f6b8bb5a,{},非密-第二类危险源分析.docx,HAZARD_FACTOR_REFERENCE_V1,1.6-reference,1.0000,accepted
RELHF_3c4edfa4e9b66060e561,LOCHF_470779c0fd07a4ae5a71,SUPPORTED_BY,证据支持,EVHF_3ce3e203729333ffc79a,,SRCHF_ea6eb6b3efa05690e0c7,EVHF_3ce3e203729333ffc79a,{},非密-第二类危险源分析.docx,HAZARD_FACTOR_REFERENCE_V1,1.6-reference,1.0000,accepted
RELHF_3dbd4f32203dcd527586,LOCHF_5fbfb5fb671dc8fef93f,SUPPORTED_BY,证据支持,EVHF_1a737c850bcf6ceee280,,SRCHF_dc9949022805adb37f0d,EVHF_1a737c850bcf6ceee280,{},非密-第二类危险源分析.docx,HAZARD_FACTOR_REFERENCE_V1,1.6-reference,1.0000,accepted
RELHF_3dd4b687e01324e5d34f,HZFHF_d7b0f8f3241e0f6d6b4f,SUPPORTED_BY,证据支持,EVHF_826d205ecc6bd05cfb0b,,SRCHF_3b124c8d0004413d8432,EVHF_826d205ecc6bd05cfb0b,{},非密-第二类危险源分析.docx,HAZARD_FACTOR_REFERENCE_V1,1.6-reference,1.0000,accepted
RELHF_3e0352f1bbfca4591724,HZFHF_706cefecfeaa2339ab19,SUPPORTED_BY,证据支持,EVHF_961cc97220c035ff473b,,SRCHF_d364c0178f2231ded944,EVHF_961cc97220c035ff473b,{},非密-第二类危险源分析.docx,HAZARD_FACTOR_REFERENCE_V1,1.6-reference,1.0000,accepted
RELHF_3e504ffc3036aafd36d4,HZFHF_2dbb4e4ade40ffada902,SUPPORTED_BY,证据支持,EVHF_455ec9b80683e255ba93,,SRCHF_51d650b3140e40d85169,EVHF_455ec9b80683e255ba93,{},非密-第二类危险源分析.docx,HAZARD_FACTOR_REFERENCE_V1,1.6-reference,1.0000,accepted
RELHF_3f93dfa371a6ec36beb6,HZFHF_8d73840c7817a8d216b6,SUPPORTED_BY,证据支持,EVHF_87beb3ed85460cc6186c,,SRCHF_ace88b7ea18d12c280b3,EVHF_87beb3ed85460cc6186c,{},非密-第二类危险源分析.docx,HAZARD_FACTOR_REFERENCE_V1,1.6-reference,1.0000,accepted
RELHF_3fb03668122a6cbe03d7,HZFHF_9f1dc3033070dfad7d36,SUPPORTED_BY,证据支持,EVHF_caf4bf67e65bb6ca1037,,SRCHF_8c9d188c2fc4d871a6f6,EVHF_caf4bf67e65bb6ca1037,{},非密-第二类危险源分析.docx,HAZARD_FACTOR_REFERENCE_V1,1.6-reference,1.0000,accepted
RELHF_4035fad321c698e11ba3,HZFHF_5fe5952b8f4f3a7d0a25,SUPPORTED_BY,证据支持,EVHF_c743c60d1b9e553d327c,,SRCHF_915c8a9da5df214fee0a,EVHF_c743c60d1b9e553d327c,{},非密-第二类危险源分析.docx,HAZARD_FACTOR_REFERENCE_V1,1.6-reference,1.0000,accepted
RELHF_41174942137509056379,HZFHF_803dd77d9fdfdc8c85da,SUPPORTED_BY,证据支持,EVHF_dcc493e4040650c0f70c,,SRCHF_c7155161d7e938550a61,EVHF_dcc493e4040650c0f70c,{},非密-第二类危险源分析.docx,HAZARD_FACTOR_REFERENCE_V1,1.6-reference,1.0000,accepted
RELHF_42b83b81774e74056b19,HZFHF_f1bd1daa95aa6800d662,SUPPORTED_BY,证据支持,EVHF_3ce3e203729333ffc79a,,SRCHF_ea6eb6b3efa05690e0c7,EVHF_3ce3e203729333ffc79a,{},非密-第二类危险源分析.docx,HAZARD_FACTOR_REFERENCE_V1,1.6-reference,1.0000,accepted
RELHF_43f5fe6792113b009d22,HZFHF_2212fa76ff56662db456,SUPPORTED_BY,证据支持,EVHF_0a96e71082bd30be786d,,SRCHF_1efb21887e9d20ace659,EVHF_0a96e71082bd30be786d,{},非密-第二类危险源分析.docx,HAZARD_FACTOR_REFERENCE_V1,1.6-reference,1.0000,accepted
RELHF_447445ddef0307729041,LOCHF_0d56551f2801a35c8941,SUPPORTED_BY,证据支持,EVHF_721b9768ca375d2a304a,,SRCHF_02da76e83c6d55c62c45,EVHF_721b9768ca375d2a304a,{},非密-第二类危险源分析.docx,HAZARD_FACTOR_REFERENCE_V1,1.6-reference,1.0000,accepted
RELHF_447a131d4b16e7561ccf,HZFHF_099568abee7716b6a81c,SUPPORTED_BY,证据支持,EVHF_1764b4c32e0563007a62,,SRCHF_b87ecd0f69b6800ad1fe,EVHF_1764b4c32e0563007a62,{},非密-第二类危险源分析.docx,HAZARD_FACTOR_REFERENCE_V1,1.6-reference,1.0000,accepted
RELHF_451ff27d79e9e0e6160d,HZFHF_70359f5fa43e3cd78d8f,SUPPORTED_BY,证据支持,EVHF_10ead3a3c5c06e3ba3dd,,SRCHF_14cecff0333de89b0a63,EVHF_10ead3a3c5c06e3ba3dd,{},非密-第二类危险源分析.docx,HAZARD_FACTOR_REFERENCE_V1,1.6-reference,1.0000,accepted
RELHF_4560e813d0eced464906,LOCHF_00573481724f5c91bc3a,SUPPORTED_BY,证据支持,EVHF_1e116051d824ad7f817c,,SRCHF_d700cb7312bafa5baca9,EVHF_1e116051d824ad7f817c,{},非密-第二类危险源分析.docx,HAZARD_FACTOR_REFERENCE_V1,1.6-reference,1.0000,accepted
RELHF_459b4702e8f0bac443c7,LOCHF_304c7b636afc64ca9f3d,SUPPORTED_BY,证据支持,EVHF_d200661417a3b87a6520,,SRCHF_38a1287d72e9905628ff,EVHF_d200661417a3b87a6520,{},非密-第二类危险源分析.docx,HAZARD_FACTOR_REFERENCE_V1,1.6-reference,1.0000,accepted
RELHF_4601e6e465886620a219,HZFHF_e2ff93584c3f42546ccf,SUPPORTED_BY,证据支持,EVHF_299048dcd3b50ac73aa3,,SRCHF_0f6a49774b2c4b669cce,EVHF_299048dcd3b50ac73aa3,{},非密-第二类危险源分析.docx,HAZARD_FACTOR_REFERENCE_V1,1.6-reference,1.0000,accepted
RELHF_47310167381def3da244,HZFHF_e81f2139f3df72230daa,SUPPORTED_BY,证据支持,EVHF_f1cb68ee760bd0ac4214,,SRCHF_1167ad3a665fd36380a3,EVHF_f1cb68ee760bd0ac4214,{},非密-第二类危险源分析.docx,HAZARD_FACTOR_REFERENCE_V1,1.6-reference,1.0000,accepted
RELHF_4783f9d951bac21b09ec,HZFHF_5b3b5d777861571f176e,SUPPORTED_BY,证据支持,EVHF_8ab8e0c8710aa1a992b4,,SRCHF_682f31b1e5958d6ee145,EVHF_8ab8e0c8710aa1a992b4,{},非密-第二类危险源分析.docx,HAZARD_FACTOR_REFERENCE_V1,1.6-reference,1.0000,accepted
RELHF_4870775871cc9896732c,HZFHF_9cb0a8a21b569403335c,SUPPORTED_BY,证据支持,EVHF_1d74333f872ffd5066e3,,SRCHF_ac4dc535d490af9f6989,EVHF_1d74333f872ffd5066e3,{},非密-第二类危险源分析.docx,HAZARD_FACTOR_REFERENCE_V1,1.6-reference,1.0000,accepted
RELHF_48ebcca2d81532d73171,HZFHF_610e7cc01a870eb3ecd8,SUPPORTED_BY,证据支持,EVHF_47035f5e674447ff45e4,,SRCHF_7b6b86d5580aa7c669ae,EVHF_47035f5e674447ff45e4,{},非密-第二类危险源分析.docx,HAZARD_FACTOR_REFERENCE_V1,1.6-reference,1.0000,accepted
RELHF_4923418caea7a8574610,HZFHF_2af5ba38004212ee81b8,SUPPORTED_BY,证据支持,EVHF_811ff57eaf83bccda9d1,,SRCHF_6ff7d05908f3d4b5036b,EVHF_811ff57eaf83bccda9d1,{},非密-第二类危险源分析.docx,HAZARD_FACTOR_REFERENCE_V1,1.6-reference,1.0000,accepted
RELHF_49348eead56fbb2e077e,LOCHF_493a7fadaab5f5d14bc2,SUPPORTED_BY,证据支持,EVHF_821e9ef60bf16e900fd4,,SRCHF_5922809bfe2cf7d4d162,EVHF_821e9ef60bf16e900fd4,{},非密-第二类危险源分析.docx,HAZARD_FACTOR_REFERENCE_V1,1.6-reference,1.0000,accepted
RELHF_4af10d984363899456e9,HZFHF_d0578cafddee1f65e0e5,SUPPORTED_BY,证据支持,EVHF_094555f3edae882dab69,,SRCHF_6bf7b23e93f5f1e9b380,EVHF_094555f3edae882dab69,{},非密-第二类危险源分析.docx,HAZARD_FACTOR_REFERENCE_V1,1.6-reference,1.0000,accepted
RELHF_4b9ffb0463ac72765d51,LOCHF_deca3e64bfa9f721c56e,SUPPORTED_BY,证据支持,EVHF_36d46d73fc28ece39f6b,,SRCHF_66ffe36ea4982e2f5799,EVHF_36d46d73fc28ece39f6b,{},非密-第二类危险源分析.docx,HAZARD_FACTOR_REFERENCE_V1,1.6-reference,1.0000,accepted
RELHF_4bcc5d89f561d5e16c23,LOCHF_81b89b164c05c31303ef,SUPPORTED_BY,证据支持,EVHF_f7b55cd0f85ea848d712,,SRCHF_81b9c2d907cc2af2cfd4,EVHF_f7b55cd0f85ea848d712,{},非密-第二类危险源分析.docx,HAZARD_FACTOR_REFERENCE_V1,1.6-reference,1.0000,accepted
RELHF_4c64ec64b954d8178944,HZFHF_3ad3f6c869644f7baff9,SUPPORTED_BY,证据支持,EVHF_2bd39b3db3a0408fa3bb,,SRCHF_2fa215efd87140d1fa5a,EVHF_2bd39b3db3a0408fa3bb,{},非密-第二类危险源分析.docx,HAZARD_FACTOR_REFERENCE_V1,1.6-reference,1.0000,accepted
RELHF_4d1e80ca1df0b47fc299,HZFHF_e430343cf04f63eb990e,SUPPORTED_BY,证据支持,EVHF_cae317944bbe7e4debc3,,SRCHF_d7ce91a5ebd5062b225f,EVHF_cae317944bbe7e4debc3,{},非密-第二类危险源分析.docx,HAZARD_FACTOR_REFERENCE_V1,1.6-reference,1.0000,accepted
RELHF_4d33473f306fb6fe3239,HZFHF_53f64df10b205f7e9db7,SUPPORTED_BY,证据支持,EVHF_c70ac23fff211bb00569,,SRCHF_4505ab3c1d80c289f0e9,EVHF_c70ac23fff211bb00569,{},非密-第二类危险源分析.docx,HAZARD_FACTOR_REFERENCE_V1,1.6-reference,1.0000,accepted
RELHF_4d438ac16e7bec330ae9,LOCHF_f069854a43de34e82cc3,SUPPORTED_BY,证据支持,EVHF_9e1ff59f83503aff670e,,SRCHF_3d0960991c5f2cd0f37a,EVHF_9e1ff59f83503aff670e,{},非密-第二类危险源分析.docx,HAZARD_FACTOR_REFERENCE_V1,1.6-reference,1.0000,accepted
RELHF_4d45e034c5397020a6a4,LOCHF_64398462057757b32b6e,SUPPORTED_BY,证据支持,EVHF_986dd79429ae455e6e46,,SRCHF_5d1bda1f8fff7a4c0681,EVHF_986dd79429ae455e6e46,{},非密-第二类危险源分析.docx,HAZARD_FACTOR_REFERENCE_V1,1.6-reference,1.0000,accepted
RELHF_4ecb2a2de375d1b12c53,LOCHF_2fdae8df74f9bbeabca6,SUPPORTED_BY,证据支持,EVHF_fa1097849328790f770f,,SRCHF_f79ce1d61907ae26395e,EVHF_fa1097849328790f770f,{},非密-第二类危险源分析.docx,HAZARD_FACTOR_REFERENCE_V1,1.6-reference,1.0000,accepted
RELHF_4f751edae3d3c13831d9,HZFHF_2351b25f322bfe22051e,SUPPORTED_BY,证据支持,EVHF_2382db9c174e1d1cc3bd,,SRCHF_68e2596bfc02c10db6a0,EVHF_2382db9c174e1d1cc3bd,{},非密-第二类危险源分析.docx,HAZARD_FACTOR_REFERENCE_V1,1.6-reference,1.0000,accepted
RELHF_4fa62dacfe48dbe9d090,HZFHF_b9ab60724996d3bbd48b,SUPPORTED_BY,证据支持,EVHF_d2e2f8ec986c392fe124,,SRCHF_aae90ef9ce51a103079a,EVHF_d2e2f8ec986c392fe124,{},非密-第二类危险源分析.docx,HAZARD_FACTOR_REFERENCE_V1,1.6-reference,1.0000,accepted
RELHF_4ff6b28f02834d4660d0,LOCHF_7a0dbac31576ba148918,SUPPORTED_BY,证据支持,EVHF_6d81d8973fc59294d70d,,SRCHF_21e633cba88a60a70fcb,EVHF_6d81d8973fc59294d70d,{},非密-第二类危险源分析.docx,HAZARD_FACTOR_REFERENCE_V1,1.6-reference,1.0000,accepted
RELHF_50825736f37a23c09dc4,HZFHF_67d9c0ef8637458bba9b,SUPPORTED_BY,证据支持,EVHF_6e8ea4dc719a1031baf9,,SRCHF_b81bf4fc7a1271737437,EVHF_6e8ea4dc719a1031baf9,{},非密-第二类危险源分析.docx,HAZARD_FACTOR_REFERENCE_V1,1.6-reference,1.0000,accepted
RELHF_50b0ff766848bb2c17f3,HZFHF_d1788cf1e7995910f419,SUPPORTED_BY,证据支持,EVHF_e50ea47150851fdfb879,,SRCHF_40cd810d9be131883f68,EVHF_e50ea47150851fdfb879,{},非密-第二类危险源分析.docx,HAZARD_FACTOR_REFERENCE_V1,1.6-reference,1.0000,accepted
RELHF_5163b713ddd0687f8b72,HZFHF_38c566713020b604dba9,SUPPORTED_BY,证据支持,EVHF_91151835434e50af47ad,,SRCHF_dc0648336cf03d284200,EVHF_91151835434e50af47ad,{},非密-第二类危险源分析.docx,HAZARD_FACTOR_REFERENCE_V1,1.6-reference,1.0000,accepted
RELHF_51912d49d7b03973d058,HZFHF_1744632b688d7bb5d0ee,SUPPORTED_BY,证据支持,EVHF_ea8342446cf93fe9723b,,SRCHF_102b28b272f174e26b5e,EVHF_ea8342446cf93fe9723b,{},非密-第二类危险源分析.docx,HAZARD_FACTOR_REFERENCE_V1,1.6-reference,1.0000,accepted
RELHF_51ade75efdd115a19f04,HZFHF_790d813c1572770ee434,SUPPORTED_BY,证据支持,EVHF_a23b3c3bad2b4ee206ef,,SRCHF_3edf59f21f842f098ffd,EVHF_a23b3c3bad2b4ee206ef,{},非密-第二类危险源分析.docx,HAZARD_FACTOR_REFERENCE_V1,1.6-reference,1.0000,accepted
RELHF_53927fdbc9b823f159f8,HZFHF_eac72ba3173a771ff773,SUPPORTED_BY,证据支持,EVHF_ef8a725a66910ce2265e,,SRCHF_62f8d5ff33f1870dbe9e,EVHF_ef8a725a66910ce2265e,{},非密-第二类危险源分析.docx,HAZARD_FACTOR_REFERENCE_V1,1.6-reference,1.0000,accepted
RELHF_55e20f5a4587bcb16c3f,HZFHF_0b89b1e89e299086b31c,SUPPORTED_BY,证据支持,EVHF_b6a636d0367634e88353,,SRCHF_e5051f015ecd52b89b4e,EVHF_b6a636d0367634e88353,{},非密-第二类危险源分析.docx,HAZARD_FACTOR_REFERENCE_V1,1.6-reference,1.0000,accepted
RELHF_564ee3960ed6fb6d4432,LOCHF_84dedb9024971c076750,SUPPORTED_BY,证据支持,EVHF_70770e80f5e8b32f8c1c,,SRCHF_fdf98fc063bef694f9b8,EVHF_70770e80f5e8b32f8c1c,{},非密-第二类危险源分析.docx,HAZARD_FACTOR_REFERENCE_V1,1.6-reference,1.0000,accepted
RELHF_565953bc854c62f68811,HZFHF_ccba280bfd1d91d7fa0c,SUPPORTED_BY,证据支持,EVHF_3df6c0d3a26c915bd134,,SRCHF_968475c1681931f3c9c7,EVHF_3df6c0d3a26c915bd134,{},非密-第二类危险源分析.docx,HAZARD_FACTOR_REFERENCE_V1,1.6-reference,1.0000,accepted
RELHF_5674f35367b548c79862,HZFHF_b48ae9227bbc8ad86440,SUPPORTED_BY,证据支持,EVHF_607d6474ffc5fb504036,,SRCHF_7ad002752b280e9c4058,EVHF_607d6474ffc5fb504036,{},非密-第二类危险源分析.docx,HAZARD_FACTOR_REFERENCE_V1,1.6-reference,1.0000,accepted
RELHF_57487432314c19be5fc8,HZFHF_a20ddfc5328c7c50b274,SUPPORTED_BY,证据支持,EVHF_607d6474ffc5fb504036,,SRCHF_7ad002752b280e9c4058,EVHF_607d6474ffc5fb504036,{},非密-第二类危险源分析.docx,HAZARD_FACTOR_REFERENCE_V1,1.6-reference,1.0000,accepted
RELHF_576451fa285e88a445c1,LOCHF_626385dc353b7d4b01fa,SUPPORTED_BY,证据支持,EVHF_0036de675c2991144a78,,SRCHF_de44bc0abd9a757d37fa,EVHF_0036de675c2991144a78,{},非密-第二类危险源分析.docx,HAZARD_FACTOR_REFERENCE_V1,1.6-reference,1.0000,accepted
RELHF_577882128ff2c0c2bbe6,LOCHF_663c424974e6a5f0af68,SUPPORTED_BY,证据支持,EVHF_fc5d8353a2f8592ac946,,SRCHF_fb62a82d964636ac58e6,EVHF_fc5d8353a2f8592ac946,{},非密-第二类危险源分析.docx,HAZARD_FACTOR_REFERENCE_V1,1.6-reference,1.0000,accepted
RELHF_58875719b66cd99fd6f4,HZFHF_1e9a15eb56273c0bc5fd,SUPPORTED_BY,证据支持,EVHF_43c79b6eeb316de7778b,,SRCHF_54e2ba7c2bf53a95d4bb,EVHF_43c79b6eeb316de7778b,{},非密-第二类危险源分析.docx,HAZARD_FACTOR_REFERENCE_V1,1.6-reference,1.0000,accepted
RELHF_58a070ce26d5b825608f,LOCHF_a39f4e72aef644404df7,SUPPORTED_BY,证据支持,EVHF_56a50e80cdaeddb5bb64,,SRCHF_5f6dfd16aec976b768e2,EVHF_56a50e80cdaeddb5bb64,{},非密-第二类危险源分析.docx,HAZARD_FACTOR_REFERENCE_V1,1.6-reference,1.0000,accepted
RELHF_58b10e0aac99a748b909,HZFHF_ced1f0fc4abd37544b0f,SUPPORTED_BY,证据支持,EVHF_0a9e52fff5b47473b825,,SRCHF_fec323b1f0adfd5d15af,EVHF_0a9e52fff5b47473b825,{},非密-第二类危险源分析.docx,HAZARD_FACTOR_REFERENCE_V1,1.6-reference,1.0000,accepted
RELHF_5922d666b61107880054,HZFHF_d7f1a22d8799ec05770c,SUPPORTED_BY,证据支持,EVHF_111f6fe6c81bed9e4cab,,SRCHF_363c4a62771c700b5a09,EVHF_111f6fe6c81bed9e4cab,{},非密-第二类危险源分析.docx,HAZARD_FACTOR_REFERENCE_V1,1.6-reference,1.0000,accepted
RELHF_598f311c35fbcfa83af6,HZFHF_a8e2e442584d9b021d9c,SUPPORTED_BY,证据支持,EVHF_9ddf82dcc64a27ed7d8a,,SRCHF_884d1fa52408adb92e82,EVHF_9ddf82dcc64a27ed7d8a,{},非密-第二类危险源分析.docx,HAZARD_FACTOR_REFERENCE_V1,1.6-reference,1.0000,accepted
RELHF_59a39500194e7f4821cb,HZFHF_fb0c207b115bf6818e91,SUPPORTED_BY,证据支持,EVHF_9ce5b30934787a5d9779,,SRCHF_d907e63b2a954eeea40f,EVHF_9ce5b30934787a5d9779,{},非密-第二类危险源分析.docx,HAZARD_FACTOR_REFERENCE_V1,1.6-reference,1.0000,accepted
RELHF_59f70fc345cf6ac37135,LOCHF_1fb730c2b40bfb267153,SUPPORTED_BY,证据支持,EVHF_0a96e71082bd30be786d,,SRCHF_1efb21887e9d20ace659,EVHF_0a96e71082bd30be786d,{},非密-第二类危险源分析.docx,HAZARD_FACTOR_REFERENCE_V1,1.6-reference,1.0000,accepted
RELHF_5a9b52c6d738057b8275,LOCHF_d13a7d6747c69dc6bd4a,SUPPORTED_BY,证据支持,EVHF_111f6fe6c81bed9e4cab,,SRCHF_363c4a62771c700b5a09,EVHF_111f6fe6c81bed9e4cab,{},非密-第二类危险源分析.docx,HAZARD_FACTOR_REFERENCE_V1,1.6-reference,1.0000,accepted
RELHF_5ad0bba94b2af1d0cc81,HZFHF_1e1dd5293d770de624c9,SUPPORTED_BY,证据支持,EVHF_cb75573a365d8ea9583c,,SRCHF_cfd2a273c81ffb78b0bf,EVHF_cb75573a365d8ea9583c,{},非密-第二类危险源分析.docx,HAZARD_FACTOR_REFERENCE_V1,1.6-reference,1.0000,accepted
RELHF_5b21c1ec9d37c2b6e71d,LOCHF_9e92e0fe88bbdfd8d6a5,SUPPORTED_BY,证据支持,EVHF_76dda8bb6bc21b884e79,,SRCHF_a30ad2b68fa5510def53,EVHF_76dda8bb6bc21b884e79,{},非密-第二类危险源分析.docx,HAZARD_FACTOR_REFERENCE_V1,1.6-reference,1.0000,accepted
RELHF_5b84ffa79ebd87843677,LOCHF_b520042300f75bc92d05,SUPPORTED_BY,证据支持,EVHF_e2befad44684e20b7b19,,SRCHF_1ff5369d38f346bebb45,EVHF_e2befad44684e20b7b19,{},非密-第二类危险源分析.docx,HAZARD_FACTOR_REFERENCE_V1,1.6-reference,1.0000,accepted
RELHF_5bbc3183c833578f3562,HZFHF_947cc2dc148e22d1b0b4,SUPPORTED_BY,证据支持,EVHF_71e5a79f9cfd66069318,,SRCHF_c4f0a00f0709887111df,EVHF_71e5a79f9cfd66069318,{},非密-第二类危险源分析.docx,HAZARD_FACTOR_REFERENCE_V1,1.6-reference,1.0000,accepted
RELHF_5beca1c4e54a0987898a,LOCHF_c389f49deb7a563faa76,SUPPORTED_BY,证据支持,EVHF_364bcf9a46fb29d7ece6,,SRCHF_c5fcc815540b0f24def3,EVHF_364bcf9a46fb29d7ece6,{},非密-第二类危险源分析.docx,HAZARD_FACTOR_REFERENCE_V1,1.6-reference,1.0000,accepted
RELHF_5d110d8d9f82720e82c6,LOCHF_800350d5b17b385e61a8,SUPPORTED_BY,证据支持,EVHF_e21c55b41c8239e84752,,SRCHF_669b61c4948efd4a5765,EVHF_e21c55b41c8239e84752,{},非密-第二类危险源分析.docx,HAZARD_FACTOR_REFERENCE_V1,1.6-reference,1.0000,accepted
RELHF_5d570446fba7d26f3441,HZFHF_c3744951fe934e08a05d,SUPPORTED_BY,证据支持,EVHF_e50eb2444493a88a52db,,SRCHF_69e7566fb13bf7eaacd4,EVHF_e50eb2444493a88a52db,{},非密-第二类危险源分析.docx,HAZARD_FACTOR_REFERENCE_V1,1.6-reference,1.0000,accepted
RELHF_5db26059343976e443f1,HZFHF_4a1071f321b80c6a3bfe,SUPPORTED_BY,证据支持,EVHF_fcf8876cddbce0468413,,SRCHF_df80b558821b226618d1,EVHF_fcf8876cddbce0468413,{},非密-第二类危险源分析.docx,HAZARD_FACTOR_REFERENCE_V1,1.6-reference,1.0000,accepted
RELHF_5dd5809f54baad121b3e,HZFHF_4295918af89e016f2b2b,SUPPORTED_BY,证据支持,EVHF_db5945c6259b9e5b2a6f,,SRCHF_a287b9ab70422fe28aa9,EVHF_db5945c6259b9e5b2a6f,{},非密-第二类危险源分析.docx,HAZARD_FACTOR_REFERENCE_V1,1.6-reference,1.0000,accepted
RELHF_5e2e281b43f3a6f6cfb0,HZFHF_80528cb4a9dc45a9d107,SUPPORTED_BY,证据支持,EVHF_a0b93a7784a25624690f,,SRCHF_fc035e59aaf5c6dc4eda,EVHF_a0b93a7784a25624690f,{},非密-第二类危险源分析.docx,HAZARD_FACTOR_REFERENCE_V1,1.6-reference,1.0000,accepted
RELHF_5e9b1b4de77e2dc48434,LOCHF_ff27d171cb2ea7a3f2ee,SUPPORTED_BY,证据支持,EVHF_381ac9e4d172fd772b09,,SRCHF_082276f4818ee5d1f52d,EVHF_381ac9e4d172fd772b09,{},非密-第二类危险源分析.docx,HAZARD_FACTOR_REFERENCE_V1,1.6-reference,1.0000,accepted
RELHF_5fae619e588feb7529d1,HZFHF_f8065e072149f7208e77,SUPPORTED_BY,证据支持,EVHF_7b978ba59b671dd2b00e,,SRCHF_190e04c2dbcbea7c560b,EVHF_7b978ba59b671dd2b00e,{},非密-第二类危险源分析.docx,HAZARD_FACTOR_REFERENCE_V1,1.6-reference,1.0000,accepted
RELHF_605bf660fc46a97e2728,HZFHF_31c43d8796c7d21d09ae,SUPPORTED_BY,证据支持,EVHF_b901de676f9273e5f7cb,,SRCHF_121600aef058616d1034,EVHF_b901de676f9273e5f7cb,{},非密-第二类危险源分析.docx,HAZARD_FACTOR_REFERENCE_V1,1.6-reference,1.0000,accepted
RELHF_60eb1a3fb35ee81cba86,HZFHF_6c2f07e7351ead8562e4,SUPPORTED_BY,证据支持,EVHF_cec398b14a8d93aa6832,,SRCHF_a80aaea83953a2727425,EVHF_cec398b14a8d93aa6832,{},非密-第二类危险源分析.docx,HAZARD_FACTOR_REFERENCE_V1,1.6-reference,1.0000,accepted
RELHF_61d625c887ff115f5109,HZFHF_c3c02caee6391c75323c,SUPPORTED_BY,证据支持,EVHF_1a737c850bcf6ceee280,,SRCHF_dc9949022805adb37f0d,EVHF_1a737c850bcf6ceee280,{},非密-第二类危险源分析.docx,HAZARD_FACTOR_REFERENCE_V1,1.6-reference,1.0000,accepted
RELHF_61e7a439fe9c1cce396d,HZFHF_b8677ca7dd03b88791d9,SUPPORTED_BY,证据支持,EVHF_03e4adcbf8934813dfdd,,SRCHF_128d0c0d95dbad666443,EVHF_03e4adcbf8934813dfdd,{},非密-第二类危险源分析.docx,HAZARD_FACTOR_REFERENCE_V1,1.6-reference,1.0000,accepted
RELHF_620f36cccbb1a326b81c,LOCHF_dac8a14586a80d96c992,SUPPORTED_BY,证据支持,EVHF_3187d9c3886bc5622297,,SRCHF_f96988a3635ed2b863f0,EVHF_3187d9c3886bc5622297,{},非密-第二类危险源分析.docx,HAZARD_FACTOR_REFERENCE_V1,1.6-reference,1.0000,accepted
RELHF_6338cc9be9ae3e32ca1a,HZFHF_1c8919867133f8665b5e,SUPPORTED_BY,证据支持,EVHF_dcc493e4040650c0f70c,,SRCHF_c7155161d7e938550a61,EVHF_dcc493e4040650c0f70c,{},非密-第二类危险源分析.docx,HAZARD_FACTOR_REFERENCE_V1,1.6-reference,1.0000,accepted
RELHF_63a4bc492cc99410770d,HZFHF_22854a76330181ab2e6a,SUPPORTED_BY,证据支持,EVHF_d35a4e59b990ad15bd77,,SRCHF_8cb5384e8408b7300da2,EVHF_d35a4e59b990ad15bd77,{},非密-第二类危险源分析.docx,HAZARD_FACTOR_REFERENCE_V1,1.6-reference,1.0000,accepted
RELHF_641868d9137d73d487c2,HZFHF_ed0c873ce443104a9727,SUPPORTED_BY,证据支持,EVHF_b1eb1bad60885b85f9ea,,SRCHF_41d89841187a9f493e9e,EVHF_b1eb1bad60885b85f9ea,{},非密-第二类危险源分析.docx,HAZARD_FACTOR_REFERENCE_V1,1.6-reference,1.0000,accepted
RELHF_64ef137fa7d1e23dbe49,HZFHF_0e1f1ea9c162dfdbfd36,SUPPORTED_BY,证据支持,EVHF_ea82c503034fbcf17eae,,SRCHF_9e07388e44ee47a785d6,EVHF_ea82c503034fbcf17eae,{},非密-第二类危险源分析.docx,HAZARD_FACTOR_REFERENCE_V1,1.6-reference,1.0000,accepted
RELHF_651aef6d55fa575499ce,LOCHF_daeb2e10e96bd14d6575,SUPPORTED_BY,证据支持,EVHF_6844ccfa11da90bdece3,,SRCHF_c74203e64bb3101534ce,EVHF_6844ccfa11da90bdece3,{},非密-第二类危险源分析.docx,HAZARD_FACTOR_REFERENCE_V1,1.6-reference,1.0000,accepted
RELHF_6521838866be91f518c6,LOCHF_5e98777bf4a646ec1972,SUPPORTED_BY,证据支持,EVHF_58e9069294aa20e28d51,,SRCHF_f47dc8b9d474d64b8d94,EVHF_58e9069294aa20e28d51,{},非密-第二类危险源分析.docx,HAZARD_FACTOR_REFERENCE_V1,1.6-reference,1.0000,accepted
RELHF_653d85b5c33f0c58e2c8,HZFHF_707047294efb312da99c,SUPPORTED_BY,证据支持,EVHF_8fa4be301c7df3832f16,,SRCHF_9e5d6be815291551b948,EVHF_8fa4be301c7df3832f16,{},非密-第二类危险源分析.docx,HAZARD_FACTOR_REFERENCE_V1,1.6-reference,1.0000,accepted
RELHF_66be8156fb801d7e3d30,LOCHF_0cb73bd9d34977cd41cb,SUPPORTED_BY,证据支持,EVHF_781c04d46a258963a1f5,,SRCHF_a06f98b8037fdfc0f3eb,EVHF_781c04d46a258963a1f5,{},非密-第二类危险源分析.docx,HAZARD_FACTOR_REFERENCE_V1,1.6-reference,1.0000,accepted
RELHF_672938d8a43971cac325,LOCHF_f592275fa38e7df963c4,SUPPORTED_BY,证据支持,EVHF_e50eb2444493a88a52db,,SRCHF_69e7566fb13bf7eaacd4,EVHF_e50eb2444493a88a52db,{},非密-第二类危险源分析.docx,HAZARD_FACTOR_REFERENCE_V1,1.6-reference,1.0000,accepted
RELHF_672ddd64d1b381fe6e6b,HZFHF_4200c307ee96927b0480,SUPPORTED_BY,证据支持,EVHF_c6a395b33a870ec5155f,,SRCHF_34c0ee47a5bfcd11586f,EVHF_c6a395b33a870ec5155f,{},非密-第二类危险源分析.docx,HAZARD_FACTOR_REFERENCE_V1,1.6-reference,1.0000,accepted
RELHF_6786e0ef6f7d850408f8,HZFHF_16ba6c5d461521b29a76,SUPPORTED_BY,证据支持,EVHF_eccafa91e45de05634b3,,SRCHF_b9f981cdc640c4854bb4,EVHF_eccafa91e45de05634b3,{},非密-第二类危险源分析.docx,HAZARD_FACTOR_REFERENCE_V1,1.6-reference,1.0000,accepted
RELHF_678fded674fecff07c4a,LOCHF_9a115110432354dfa09f,SUPPORTED_BY,证据支持,EVHF_ef8a725a66910ce2265e,,SRCHF_62f8d5ff33f1870dbe9e,EVHF_ef8a725a66910ce2265e,{},非密-第二类危险源分析.docx,HAZARD_FACTOR_REFERENCE_V1,1.6-reference,1.0000,accepted
RELHF_68231579380720592169,HZFHF_4d8ef1b4d4909a309e04,SUPPORTED_BY,证据支持,EVHF_e21c55b41c8239e84752,,SRCHF_669b61c4948efd4a5765,EVHF_e21c55b41c8239e84752,{},非密-第二类危险源分析.docx,HAZARD_FACTOR_REFERENCE_V1,1.6-reference,1.0000,accepted
RELHF_68b2eef9a5f3e13d2955,LOCHF_e38fc01000e90a80b524,SUPPORTED_BY,证据支持,EVHF_613d757c426f4efafefe,,SRCHF_1e2528578f49b79ed81c,EVHF_613d757c426f4efafefe,{},非密-第二类危险源分析.docx,HAZARD_FACTOR_REFERENCE_V1,1.6-reference,1.0000,accepted
RELHF_68d140e0b7e7bd93b71c,LOCHF_609cf453a040d153d1f0,SUPPORTED_BY,证据支持,EVHF_611bcd5b1573bdfdba0c,,SRCHF_ed79667f29eb944c6293,EVHF_611bcd5b1573bdfdba0c,{},非密-第二类危险源分析.docx,HAZARD_FACTOR_REFERENCE_V1,1.6-reference,1.0000,accepted
RELHF_68f417d416d10a84b571,HZFHF_3addfca9c70fac0bd198,SUPPORTED_BY,证据支持,EVHF_6844ccfa11da90bdece3,,SRCHF_c74203e64bb3101534ce,EVHF_6844ccfa11da90bdece3,{},非密-第二类危险源分析.docx,HAZARD_FACTOR_REFERENCE_V1,1.6-reference,1.0000,accepted
RELHF_69287bb47f85cc5c5b0e,HZFHF_c392fa1a9c0d25c7f4fc,SUPPORTED_BY,证据支持,EVHF_eebfb22308aa2636fb80,,SRCHF_60bd3f17f86a38728bd6,EVHF_eebfb22308aa2636fb80,{},非密-第二类危险源分析.docx,HAZARD_FACTOR_REFERENCE_V1,1.6-reference,1.0000,accepted
RELHF_6975f3fb952ff88dfaeb,LOCHF_311ff62a36d45c5d33b0,SUPPORTED_BY,证据支持,EVHF_a31259a1a2e8c78f3843,,SRCHF_2d14b9a8706f43c17a83,EVHF_a31259a1a2e8c78f3843,{},非密-第二类危险源分析.docx,HAZARD_FACTOR_REFERENCE_V1,1.6-reference,1.0000,accepted
RELHF_6ae994372a7563935a27,HZFHF_50555e4d85d2e8967c9c,SUPPORTED_BY,证据支持,EVHF_194d9e0c1f1d91a60bab,,SRCHF_a84a89c236135119fd75,EVHF_194d9e0c1f1d91a60bab,{},非密-第二类危险源分析.docx,HAZARD_FACTOR_REFERENCE_V1,1.6-reference,1.0000,accepted
RELHF_6b03d7a8ac86441f1b7a,LOCHF_f3aeca2b9a4fc722a4b5,SUPPORTED_BY,证据支持,EVHF_949377867e131a02a02b,,SRCHF_13fd90510fbe15e64163,EVHF_949377867e131a02a02b,{},非密-第二类危险源分析.docx,HAZARD_FACTOR_REFERENCE_V1,1.6-reference,1.0000,accepted
RELHF_6b29e56d26618cd3e5d2,HZFHF_706f62c349809e13b9c3,SUPPORTED_BY,证据支持,EVHF_a1e35b01317d863bdacc,,SRCHF_5032ca2d2fc2b056d065,EVHF_a1e35b01317d863bdacc,{},非密-第二类危险源分析.docx,HAZARD_FACTOR_REFERENCE_V1,1.6-reference,1.0000,accepted
RELHF_6b339a4be89aa94f3fbf,HZFHF_5144360008a8171d666f,SUPPORTED_BY,证据支持,EVHF_a9a7668dc1ca535ef857,,SRCHF_1a8531b0a4dd867946e5,EVHF_a9a7668dc1ca535ef857,{},非密-第二类危险源分析.docx,HAZARD_FACTOR_REFERENCE_V1,1.6-reference,1.0000,accepted
RELHF_6b71ae53aae43379d5a9,LOCHF_1c63a2e343a0882cc3d4,SUPPORTED_BY,证据支持,EVHF_5e78e08576a1db83aa22,,SRCHF_aec7c2d53df32e8c9260,EVHF_5e78e08576a1db83aa22,{},非密-第二类危险源分析.docx,HAZARD_FACTOR_REFERENCE_V1,1.6-reference,1.0000,accepted
RELHF_6be8d8be315d18da33db,HZFHF_0999d532a5268eb2cc0f,SUPPORTED_BY,证据支持,EVHF_b10333d10c37884b9d74,,SRCHF_0cee0098f9488c00bcc0,EVHF_b10333d10c37884b9d74,{},非密-第二类危险源分析.docx,HAZARD_FACTOR_REFERENCE_V1,1.6-reference,1.0000,accepted
RELHF_6d423f0fbdc022d50afd,LOCHF_512296b3460e35454c2e,SUPPORTED_BY,证据支持,EVHF_eebfb22308aa2636fb80,,SRCHF_60bd3f17f86a38728bd6,EVHF_eebfb22308aa2636fb80,{},非密-第二类危险源分析.docx,HAZARD_FACTOR_REFERENCE_V1,1.6-reference,1.0000,accepted
RELHF_6d7b186383d88908bbc6,LOCHF_3259beb33f62f3506c36,SUPPORTED_BY,证据支持,EVHF_c743c60d1b9e553d327c,,SRCHF_915c8a9da5df214fee0a,EVHF_c743c60d1b9e553d327c,{},非密-第二类危险源分析.docx,HAZARD_FACTOR_REFERENCE_V1,1.6-reference,1.0000,accepted
RELHF_6e14d59c691392ba53f6,LOCHF_b11ea223b54c53a0509a,SUPPORTED_BY,证据支持,EVHF_299048dcd3b50ac73aa3,,SRCHF_0f6a49774b2c4b669cce,EVHF_299048dcd3b50ac73aa3,{},非密-第二类危险源分析.docx,HAZARD_FACTOR_REFERENCE_V1,1.6-reference,1.0000,accepted
RELHF_6ed4b3e84a2dd3b6e0cd,HZFHF_2bd77785eebe861a6c7c,SUPPORTED_BY,证据支持,EVHF_7457aaf20335ed1c20fc,,SRCHF_9d9dfc1e45b0de316d86,EVHF_7457aaf20335ed1c20fc,{},非密-第二类危险源分析.docx,HAZARD_FACTOR_REFERENCE_V1,1.6-reference,1.0000,accepted
RELHF_6ed885daa8e69b55f850,HZFHF_5ba158188189d9f20e4d,SUPPORTED_BY,证据支持,EVHF_c5b2e7766c913548e250,,SRCHF_9201e2f90158728ff488,EVHF_c5b2e7766c913548e250,{},非密-第二类危险源分析.docx,HAZARD_FACTOR_REFERENCE_V1,1.6-reference,1.0000,accepted
RELHF_6f06a89e366fcc4a927b,HZFHF_bf8044f02dd531c9a3a4,SUPPORTED_BY,证据支持,EVHF_3187d9c3886bc5622297,,SRCHF_f96988a3635ed2b863f0,EVHF_3187d9c3886bc5622297,{},非密-第二类危险源分析.docx,HAZARD_FACTOR_REFERENCE_V1,1.6-reference,1.0000,accepted
RELHF_6fc8316d0cb99e509cdb,LOCHF_88100da5fdcfc52483e0,SUPPORTED_BY,证据支持,EVHF_6454ca9a77f4c1aab1d6,,SRCHF_ee967e2c2ff13f185032,EVHF_6454ca9a77f4c1aab1d6,{},非密-第二类危险源分析.docx,HAZARD_FACTOR_REFERENCE_V1,1.6-reference,1.0000,accepted
RELHF_711740835b4e0d59c6a9,LOCHF_188aab2daf93404ffb7a,SUPPORTED_BY,证据支持,EVHF_826d205ecc6bd05cfb0b,,SRCHF_3b124c8d0004413d8432,EVHF_826d205ecc6bd05cfb0b,{},非密-第二类危险源分析.docx,HAZARD_FACTOR_REFERENCE_V1,1.6-reference,1.0000,accepted
RELHF_71740715e0906936a0ca,LOCHF_047fc59f6d08dd63961c,SUPPORTED_BY,证据支持,EVHF_b6a636d0367634e88353,,SRCHF_e5051f015ecd52b89b4e,EVHF_b6a636d0367634e88353,{},非密-第二类危险源分析.docx,HAZARD_FACTOR_REFERENCE_V1,1.6-reference,1.0000,accepted
RELHF_72b4cdb846bbce8c6424,LOCHF_ba2223635b89feaedc27,SUPPORTED_BY,证据支持,EVHF_5d2257d66647dbd2feef,,SRCHF_ed976d54e24f8d9b3507,EVHF_5d2257d66647dbd2feef,{},非密-第二类危险源分析.docx,HAZARD_FACTOR_REFERENCE_V1,1.6-reference,1.0000,accepted
RELHF_72fc36333341fb230685,HZFHF_9d8225261def2e9e1afd,SUPPORTED_BY,证据支持,EVHF_aff97538e12909287000,,SRCHF_949e3dcaa762631cfddf,EVHF_aff97538e12909287000,{},非密-第二类危险源分析.docx,HAZARD_FACTOR_REFERENCE_V1,1.6-reference,1.0000,accepted
RELHF_73a9708a0456a248dcdf,HZFHF_1810ea614ad4b1565dc3,SUPPORTED_BY,证据支持,EVHF_03f0f385ce2ff8629ea0,,SRCHF_13e203d882847edbae45,EVHF_03f0f385ce2ff8629ea0,{},非密-第二类危险源分析.docx,HAZARD_FACTOR_REFERENCE_V1,1.6-reference,1.0000,accepted
RELHF_73d3f9a1097dc274159d,LOCHF_36c44fe18e8ae42d8de9,SUPPORTED_BY,证据支持,EVHF_f1cb68ee760bd0ac4214,,SRCHF_1167ad3a665fd36380a3,EVHF_f1cb68ee760bd0ac4214,{},非密-第二类危险源分析.docx,HAZARD_FACTOR_REFERENCE_V1,1.6-reference,1.0000,accepted
RELHF_73de913053f172b0f806,HZFHF_5e3cfa8ef34d43a4dd87,SUPPORTED_BY,证据支持,EVHF_0a96e71082bd30be786d,,SRCHF_1efb21887e9d20ace659,EVHF_0a96e71082bd30be786d,{},非密-第二类危险源分析.docx,HAZARD_FACTOR_REFERENCE_V1,1.6-reference,1.0000,accepted
RELHF_749422e61107aacfc38d,HZFHF_1fd40fc21630be82381b,SUPPORTED_BY,证据支持,EVHF_0aea3545a1e0dd3482b1,,SRCHF_8625bfe5a0f3095ef52a,EVHF_0aea3545a1e0dd3482b1,{},非密-第二类危险源分析.docx,HAZARD_FACTOR_REFERENCE_V1,1.6-reference,1.0000,accepted
RELHF_7501ee8770d8331ea687,HZFHF_d2c47a15844ae4324aca,SUPPORTED_BY,证据支持,EVHF_310b0cec2eda9b2142ca,,SRCHF_3f027a8012f8b7353857,EVHF_310b0cec2eda9b2142ca,{},非密-第二类危险源分析.docx,HAZARD_FACTOR_REFERENCE_V1,1.6-reference,1.0000,accepted
RELHF_7536814f718e41043358,HZFHF_46b6ba3456f7bba76657,SUPPORTED_BY,证据支持,EVHF_cfa83311b7d6ac541a8a,,SRCHF_364d760f47f8b9a5f112,EVHF_cfa83311b7d6ac541a8a,{},非密-第二类危险源分析.docx,HAZARD_FACTOR_REFERENCE_V1,1.6-reference,1.0000,accepted
RELHF_760cbdb5cd56e06143b3,LOCHF_c46512caef439a97c5ea,SUPPORTED_BY,证据支持,EVHF_26528929f379c4fbcb77,,SRCHF_31889bae70cc1e6ec53e,EVHF_26528929f379c4fbcb77,{},非密-第二类危险源分析.docx,HAZARD_FACTOR_REFERENCE_V1,1.6-reference,1.0000,accepted
RELHF_76f37dcc3e44d464fd31,HZFHF_360b07f122ef3db60df0,SUPPORTED_BY,证据支持,EVHF_a04a630c3bb0098d538a,,SRCHF_6b8ed0e6f913ca3ee70e,EVHF_a04a630c3bb0098d538a,{},非密-第二类危险源分析.docx,HAZARD_FACTOR_REFERENCE_V1,1.6-reference,1.0000,accepted
RELHF_77da239cf39c37e35371,HZFHF_5adb18bd7f3c1be44882,SUPPORTED_BY,证据支持,EVHF_607d6474ffc5fb504036,,SRCHF_7ad002752b280e9c4058,EVHF_607d6474ffc5fb504036,{},非密-第二类危险源分析.docx,HAZARD_FACTOR_REFERENCE_V1,1.6-reference,1.0000,accepted
RELHF_785c95215f5fe413d3ee,HZFHF_3e93a86a196580d6bf8e,SUPPORTED_BY,证据支持,EVHF_f7b55cd0f85ea848d712,,SRCHF_81b9c2d907cc2af2cfd4,EVHF_f7b55cd0f85ea848d712,{},非密-第二类危险源分析.docx,HAZARD_FACTOR_REFERENCE_V1,1.6-reference,1.0000,accepted
RELHF_78909a87d4cf296e62c7,LOCHF_f1f78bdb5c87bcbd0c74,SUPPORTED_BY,证据支持,EVHF_ee0c0c50d6a0c6e68a5d,,SRCHF_cfd1f4d4db8b0d533806,EVHF_ee0c0c50d6a0c6e68a5d,{},非密-第二类危险源分析.docx,HAZARD_FACTOR_REFERENCE_V1,1.6-reference,1.0000,accepted
RELHF_78b18f272419d1102627,HZFHF_e7ccc77a73e688a8243a,SUPPORTED_BY,证据支持,EVHF_0def88932a19f68d656d,,SRCHF_8417b672d58b7c556e0d,EVHF_0def88932a19f68d656d,{},非密-第二类危险源分析.docx,HAZARD_FACTOR_REFERENCE_V1,1.6-reference,1.0000,accepted
RELHF_78f5ba918d02f4154a0b,LOCHF_a3cb32195785f198b16e,SUPPORTED_BY,证据支持,EVHF_6669aff12601817f9188,,SRCHF_f5e7826bcdf9a38ba1eb,EVHF_6669aff12601817f9188,{},非密-第二类危险源分析.docx,HAZARD_FACTOR_REFERENCE_V1,1.6-reference,1.0000,accepted
RELHF_7999c8d48a54510ab56d,LOCHF_dd89ebcc5b8d035913ae,SUPPORTED_BY,证据支持,EVHF_6e8ea4dc719a1031baf9,,SRCHF_b81bf4fc7a1271737437,EVHF_6e8ea4dc719a1031baf9,{},非密-第二类危险源分析.docx,HAZARD_FACTOR_REFERENCE_V1,1.6-reference,1.0000,accepted
RELHF_79bb5a095d59898dcd6b,HZFHF_2e797c706ca2882189b6,SUPPORTED_BY,证据支持,EVHF_4f368196990bb20feb52,,SRCHF_29d5a454bac4f2eab448,EVHF_4f368196990bb20feb52,{},非密-第二类危险源分析.docx,HAZARD_FACTOR_REFERENCE_V1,1.6-reference,1.0000,accepted
RELHF_79d4a707d204bb64a3f3,LOCHF_0a15675b92b64d743dff,SUPPORTED_BY,证据支持,EVHF_0713d6b421b955b2576a,,SRCHF_cc297cb887b8fde1f82f,EVHF_0713d6b421b955b2576a,{},非密-第二类危险源分析.docx,HAZARD_FACTOR_REFERENCE_V1,1.6-reference,1.0000,accepted
RELHF_7a44ea983328af14dac8,LOCHF_5c4f52bd9775b83d3f7f,SUPPORTED_BY,证据支持,EVHF_0aea3545a1e0dd3482b1,,SRCHF_8625bfe5a0f3095ef52a,EVHF_0aea3545a1e0dd3482b1,{},非密-第二类危险源分析.docx,HAZARD_FACTOR_REFERENCE_V1,1.6-reference,1.0000,accepted
RELHF_7a5c7b924c2c42662e1b,LOCHF_06d19066fffc16879330,SUPPORTED_BY,证据支持,EVHF_1d74333f872ffd5066e3,,SRCHF_ac4dc535d490af9f6989,EVHF_1d74333f872ffd5066e3,{},非密-第二类危险源分析.docx,HAZARD_FACTOR_REFERENCE_V1,1.6-reference,1.0000,accepted
RELHF_7a6ff5ca1bf3c097fede,LOCHF_1f967173ed61131dd4c4,SUPPORTED_BY,证据支持,EVHF_d76940a4c11355dc38e7,,SRCHF_d79b95e551f3f81b2964,EVHF_d76940a4c11355dc38e7,{},非密-第二类危险源分析.docx,HAZARD_FACTOR_REFERENCE_V1,1.6-reference,1.0000,accepted
RELHF_7a7799a68b40a0a16a82,LOCHF_c9e9d7b989c7f7cc446f,SUPPORTED_BY,证据支持,EVHF_7ea5d6fd8db1a44d2d53,,SRCHF_df0d5508b6dece5805b3,EVHF_7ea5d6fd8db1a44d2d53,{},非密-第二类危险源分析.docx,HAZARD_FACTOR_REFERENCE_V1,1.6-reference,1.0000,accepted
RELHF_7a9ccf20e3d14032fe03,HZFHF_d9bae21f9d2f3048940d,SUPPORTED_BY,证据支持,EVHF_a46c398c93ec74ee2ef3,,SRCHF_8611daff67a0176179ed,EVHF_a46c398c93ec74ee2ef3,{},非密-第二类危险源分析.docx,HAZARD_FACTOR_REFERENCE_V1,1.6-reference,1.0000,accepted
RELHF_7ae15497c6c629051d7f,HZFHF_cb4f36e8fc409bcc1aa0,SUPPORTED_BY,证据支持,EVHF_111f6fe6c81bed9e4cab,,SRCHF_363c4a62771c700b5a09,EVHF_111f6fe6c81bed9e4cab,{},非密-第二类危险源分析.docx,HAZARD_FACTOR_REFERENCE_V1,1.6-reference,1.0000,accepted
RELHF_7b443d3a7520e4e2f366,HZFHF_cdb6732ae5538bf9b73d,SUPPORTED_BY,证据支持,EVHF_e369416dbc3a04f269d8,,SRCHF_bbeb962defe1f8ff7def,EVHF_e369416dbc3a04f269d8,{},非密-第二类危险源分析.docx,HAZARD_FACTOR_REFERENCE_V1,1.6-reference,1.0000,accepted
RELHF_7b809bd8d187abc59512,LOCHF_c81992913495f0d8877b,SUPPORTED_BY,证据支持,EVHF_094555f3edae882dab69,,SRCHF_6bf7b23e93f5f1e9b380,EVHF_094555f3edae882dab69,{},非密-第二类危险源分析.docx,HAZARD_FACTOR_REFERENCE_V1,1.6-reference,1.0000,accepted
RELHF_7b86daf624bc6d50695c,HZFHF_6640fb8f3ed8d495f154,SUPPORTED_BY,证据支持,EVHF_462bec4277b672a4554b,,SRCHF_a81300c30910a69f58ba,EVHF_462bec4277b672a4554b,{},非密-第二类危险源分析.docx,HAZARD_FACTOR_REFERENCE_V1,1.6-reference,1.0000,accepted
RELHF_7c1ec931101712bd89e1,LOCHF_fb1588cc4f8cc5ed9a00,SUPPORTED_BY,证据支持,EVHF_91151835434e50af47ad,,SRCHF_dc0648336cf03d284200,EVHF_91151835434e50af47ad,{},非密-第二类危险源分析.docx,HAZARD_FACTOR_REFERENCE_V1,1.6-reference,1.0000,accepted
RELHF_7c54b6ebfd1004728934,LOCHF_5155dc62fdc827c21c4d,SUPPORTED_BY,证据支持,EVHF_d35a4e59b990ad15bd77,,SRCHF_8cb5384e8408b7300da2,EVHF_d35a4e59b990ad15bd77,{},非密-第二类危险源分析.docx,HAZARD_FACTOR_REFERENCE_V1,1.6-reference,1.0000,accepted
RELHF_7c8a54890987cfc73e2d,HZFHF_c1e0e997e4e8849e96dc,SUPPORTED_BY,证据支持,EVHF_0aea3545a1e0dd3482b1,,SRCHF_8625bfe5a0f3095ef52a,EVHF_0aea3545a1e0dd3482b1,{},非密-第二类危险源分析.docx,HAZARD_FACTOR_REFERENCE_V1,1.6-reference,1.0000,accepted
RELHF_7cd34f57cbabbed33d4b,LOCHF_ff998036a81ecffad4c8,SUPPORTED_BY,证据支持,EVHF_ea82c503034fbcf17eae,,SRCHF_9e07388e44ee47a785d6,EVHF_ea82c503034fbcf17eae,{},非密-第二类危险源分析.docx,HAZARD_FACTOR_REFERENCE_V1,1.6-reference,1.0000,accepted
RELHF_7d485a7a995cd83fb3b1,LOCHF_6da1f969cda2093037e7,SUPPORTED_BY,证据支持,EVHF_bd7d27d242a7ac5e3751,,SRCHF_3e30c576f9e4cfd69c0d,EVHF_bd7d27d242a7ac5e3751,{},非密-第二类危险源分析.docx,HAZARD_FACTOR_REFERENCE_V1,1.6-reference,1.0000,accepted
RELHF_7d72868a7dae4e089c65,LOCHF_1f88b94ce8b846030afb,SUPPORTED_BY,证据支持,EVHF_1537d1f0e4725dcd0a95,,SRCHF_0b69c295e95b18d73e82,EVHF_1537d1f0e4725dcd0a95,{},非密-第二类危险源分析.docx,HAZARD_FACTOR_REFERENCE_V1,1.6-reference,1.0000,accepted
RELHF_7d748169e8a1ad4ee6ec,LOCHF_8fbf4e2c0d177f5e0aab,SUPPORTED_BY,证据支持,EVHF_e369416dbc3a04f269d8,,SRCHF_bbeb962defe1f8ff7def,EVHF_e369416dbc3a04f269d8,{},非密-第二类危险源分析.docx,HAZARD_FACTOR_REFERENCE_V1,1.6-reference,1.0000,accepted
RELHF_7d94e9c9b2d6c5f4a1df,HZFHF_5a41bbd44cbf4dac0640,SUPPORTED_BY,证据支持,EVHF_0aea3545a1e0dd3482b1,,SRCHF_8625bfe5a0f3095ef52a,EVHF_0aea3545a1e0dd3482b1,{},非密-第二类危险源分析.docx,HAZARD_FACTOR_REFERENCE_V1,1.6-reference,1.0000,accepted
RELHF_7ebc65d0be4e7d2f7bfd,LOCHF_50d7f9272c59c84f4088,SUPPORTED_BY,证据支持,EVHF_45a3aaf4f2f94c20502e,,SRCHF_fc89c028bacfc466b374,EVHF_45a3aaf4f2f94c20502e,{},非密-第二类危险源分析.docx,HAZARD_FACTOR_REFERENCE_V1,1.6-reference,1.0000,accepted
RELHF_7f82e4c9e6642995a422,HZFHF_3c5e6db1b6c6c47ceee7,SUPPORTED_BY,证据支持,EVHF_1537d1f0e4725dcd0a95,,SRCHF_0b69c295e95b18d73e82,EVHF_1537d1f0e4725dcd0a95,{},非密-第二类危险源分析.docx,HAZARD_FACTOR_REFERENCE_V1,1.6-reference,1.0000,accepted
RELHF_804d00d2b1f00c106cfd,LOCHF_702f07f37027452aa9bb,SUPPORTED_BY,证据支持,EVHF_1ac15bf1255bdb8a2a7e,,SRCHF_b18a24c8e094575ecfa3,EVHF_1ac15bf1255bdb8a2a7e,{},非密-第二类危险源分析.docx,HAZARD_FACTOR_REFERENCE_V1,1.6-reference,1.0000,accepted
RELHF_808e701d7ffde80c2882,HZFHF_7688bdcc360ec4b3a7b4,SUPPORTED_BY,证据支持,EVHF_e161998fb4196dd62655,,SRCHF_6808369b1eb60735b905,EVHF_e161998fb4196dd62655,{},非密-第二类危险源分析.docx,HAZARD_FACTOR_REFERENCE_V1,1.6-reference,1.0000,accepted
RELHF_8096d35c55c7793cfb88,LOCHF_6804c255a4ca2ffb07a1,SUPPORTED_BY,证据支持,EVHF_b1b397f3a875c1f656b7,,SRCHF_6017081828f5ae640ec2,EVHF_b1b397f3a875c1f656b7,{},非密-第二类危险源分析.docx,HAZARD_FACTOR_REFERENCE_V1,1.6-reference,1.0000,accepted
RELHF_80e7bdd6772dc55b77c5,HZFHF_f71b5ef19ba94c620215,SUPPORTED_BY,证据支持,EVHF_0a96e71082bd30be786d,,SRCHF_1efb21887e9d20ace659,EVHF_0a96e71082bd30be786d,{},非密-第二类危险源分析.docx,HAZARD_FACTOR_REFERENCE_V1,1.6-reference,1.0000,accepted
RELHF_811d64610033ee1d97cb,HZFHF_4d4885e9651f44abeb10,SUPPORTED_BY,证据支持,EVHF_fc5d8353a2f8592ac946,,SRCHF_fb62a82d964636ac58e6,EVHF_fc5d8353a2f8592ac946,{},非密-第二类危险源分析.docx,HAZARD_FACTOR_REFERENCE_V1,1.6-reference,1.0000,accepted
RELHF_81ab211c68ca3d4e9f58,LOCHF_1a1321ad2b9117dfe125,SUPPORTED_BY,证据支持,EVHF_367ea84792f65524646a,,SRCHF_a6de77d6711faa0e60fc,EVHF_367ea84792f65524646a,{},非密-第二类危险源分析.docx,HAZARD_FACTOR_REFERENCE_V1,1.6-reference,1.0000,accepted
RELHF_824fa6a9334979c21b84,LOCHF_867d288680615c774d8a,SUPPORTED_BY,证据支持,EVHF_e51b71806f60efaa565b,,SRCHF_81674b1cd267f1782f65,EVHF_e51b71806f60efaa565b,{},非密-第二类危险源分析.docx,HAZARD_FACTOR_REFERENCE_V1,1.6-reference,1.0000,accepted
RELHF_82c950d8f1e5cfd4a6a3,LOCHF_a034279aec77f598934a,SUPPORTED_BY,证据支持,EVHF_891aa50a1d8b7d726207,,SRCHF_d9d3790355b7a7a19a9e,EVHF_891aa50a1d8b7d726207,{},非密-第二类危险源分析.docx,HAZARD_FACTOR_REFERENCE_V1,1.6-reference,1.0000,accepted
RELHF_82e1f8e8e56c6254a598,HZFHF_09f41d617ac19fc24b61,SUPPORTED_BY,证据支持,EVHF_03f0f385ce2ff8629ea0,,SRCHF_13e203d882847edbae45,EVHF_03f0f385ce2ff8629ea0,{},非密-第二类危险源分析.docx,HAZARD_FACTOR_REFERENCE_V1,1.6-reference,1.0000,accepted
RELHF_82e974793a7b3fcc89b6,HZFHF_f46796d62e6e9d197c5a,SUPPORTED_BY,证据支持,EVHF_b1b397f3a875c1f656b7,,SRCHF_6017081828f5ae640ec2,EVHF_b1b397f3a875c1f656b7,{},非密-第二类危险源分析.docx,HAZARD_FACTOR_REFERENCE_V1,1.6-reference,1.0000,accepted
RELHF_83241cba150504b3309b,LOCHF_2ea4963e5fbe989a832a,SUPPORTED_BY,证据支持,EVHF_462bec4277b672a4554b,,SRCHF_a81300c30910a69f58ba,EVHF_462bec4277b672a4554b,{},非密-第二类危险源分析.docx,HAZARD_FACTOR_REFERENCE_V1,1.6-reference,1.0000,accepted
RELHF_83354120412afc1735a3,HZFHF_5e65f3b95af42544612c,SUPPORTED_BY,证据支持,EVHF_615dab0964bb1f96c43c,,SRCHF_c414c55a0b094cb1729e,EVHF_615dab0964bb1f96c43c,{},非密-第二类危险源分析.docx,HAZARD_FACTOR_REFERENCE_V1,1.6-reference,1.0000,accepted
RELHF_846e998d6226faac1246,HZFHF_975f3c26faf9660ba73b,SUPPORTED_BY,证据支持,EVHF_821e9ef60bf16e900fd4,,SRCHF_5922809bfe2cf7d4d162,EVHF_821e9ef60bf16e900fd4,{},非密-第二类危险源分析.docx,HAZARD_FACTOR_REFERENCE_V1,1.6-reference,1.0000,accepted
RELHF_8509c6acdc9e1e968fae,HZFHF_c439cb5f1ad174f254dc,SUPPORTED_BY,证据支持,EVHF_9a340b767ce325c872e1,,SRCHF_1520a42c331194555efa,EVHF_9a340b767ce325c872e1,{},非密-第二类危险源分析.docx,HAZARD_FACTOR_REFERENCE_V1,1.6-reference,1.0000,accepted
RELHF_851b0f23907744cc9558,LOCHF_c315bf50839f0063924b,SUPPORTED_BY,证据支持,EVHF_44220d9a04afa1cf0170,,SRCHF_bb3806d511ce1086efe9,EVHF_44220d9a04afa1cf0170,{},非密-第二类危险源分析.docx,HAZARD_FACTOR_REFERENCE_V1,1.6-reference,1.0000,accepted
RELHF_85788516dea4aee99b81,HZFHF_24235e53770df98c0e3c,SUPPORTED_BY,证据支持,EVHF_afd65196b345ecaa6224,,SRCHF_c44d861a927536e130d2,EVHF_afd65196b345ecaa6224,{},非密-第二类危险源分析.docx,HAZARD_FACTOR_REFERENCE_V1,1.6-reference,1.0000,accepted
RELHF_85b2fe73a20d037e2f3b,HZFHF_68170046f7f4997ff8f6,SUPPORTED_BY,证据支持,EVHF_b1eb1bad60885b85f9ea,,SRCHF_41d89841187a9f493e9e,EVHF_b1eb1bad60885b85f9ea,{},非密-第二类危险源分析.docx,HAZARD_FACTOR_REFERENCE_V1,1.6-reference,1.0000,accepted
RELHF_860af5afa06a9e494141,LOCHF_d65b465b8d396d2cbc5d,SUPPORTED_BY,证据支持,EVHF_b7de039aec1d18a6e289,,SRCHF_f11bbc5af1b31764acab,EVHF_b7de039aec1d18a6e289,{},非密-第二类危险源分析.docx,HAZARD_FACTOR_REFERENCE_V1,1.6-reference,1.0000,accepted
RELHF_863891a8a9f7188f9be7,LOCHF_8e97d8652c0ab8b580e6,SUPPORTED_BY,证据支持,EVHF_c6a395b33a870ec5155f,,SRCHF_34c0ee47a5bfcd11586f,EVHF_c6a395b33a870ec5155f,{},非密-第二类危险源分析.docx,HAZARD_FACTOR_REFERENCE_V1,1.6-reference,1.0000,accepted
RELHF_86703323d290f8be4eb1,HZFHF_2f8e9552010cbf0e9d35,SUPPORTED_BY,证据支持,EVHF_0a9e52fff5b47473b825,,SRCHF_fec323b1f0adfd5d15af,EVHF_0a9e52fff5b47473b825,{},非密-第二类危险源分析.docx,HAZARD_FACTOR_REFERENCE_V1,1.6-reference,1.0000,accepted
RELHF_889634cfe25814d5462e,HZFHF_d1d548ce944e95599ee6,SUPPORTED_BY,证据支持,EVHF_928f23cabdb578c0982c,,SRCHF_1b051de8069f75a758d1,EVHF_928f23cabdb578c0982c,{},非密-第二类危险源分析.docx,HAZARD_FACTOR_REFERENCE_V1,1.6-reference,1.0000,accepted
RELHF_88bdda8183e345910bcb,LOCHF_b603659003a4035dc887,SUPPORTED_BY,证据支持,EVHF_578e9e0b5b5d67dcbd61,,SRCHF_3a0198b11b4cfa25e369,EVHF_578e9e0b5b5d67dcbd61,{},非密-第二类危险源分析.docx,HAZARD_FACTOR_REFERENCE_V1,1.6-reference,1.0000,accepted
RELHF_88dd5665ac9564ba13c2,HZFHF_d2b39bf087828bbe27e8,SUPPORTED_BY,证据支持,EVHF_7d634248fe2b11fb03f2,,SRCHF_c1f7421e333f440109c5,EVHF_7d634248fe2b11fb03f2,{},非密-第二类危险源分析.docx,HAZARD_FACTOR_REFERENCE_V1,1.6-reference,1.0000,accepted
RELHF_89c36a26f99b411565c7,HZFHF_8f1af3478c8a647cc64b,SUPPORTED_BY,证据支持,EVHF_c65ae413070f6d7cc94c,,SRCHF_87834be7dd92867422cd,EVHF_c65ae413070f6d7cc94c,{},非密-第二类危险源分析.docx,HAZARD_FACTOR_REFERENCE_V1,1.6-reference,1.0000,accepted
RELHF_89f7eca6fa258bba0879,LOCHF_181b0c9f35c025848289,SUPPORTED_BY,证据支持,EVHF_328a3f8d51407df3213c,,SRCHF_39946aeeec1ae10cbb05,EVHF_328a3f8d51407df3213c,{},非密-第二类危险源分析.docx,HAZARD_FACTOR_REFERENCE_V1,1.6-reference,1.0000,accepted
RELHF_8a1da36c83d07324abc7,HZFHF_c864dfc526ad5549eb00,SUPPORTED_BY,证据支持,EVHF_9237bcc024df0e2dfcf0,,SRCHF_501fdf2c1f9528feeedc,EVHF_9237bcc024df0e2dfcf0,{},非密-第二类危险源分析.docx,HAZARD_FACTOR_REFERENCE_V1,1.6-reference,1.0000,accepted
RELHF_8a59eb702d8ba46456e9,HZFHF_00132ee6d322e082f9ab,SUPPORTED_BY,证据支持,EVHF_891aa50a1d8b7d726207,,SRCHF_d9d3790355b7a7a19a9e,EVHF_891aa50a1d8b7d726207,{},非密-第二类危险源分析.docx,HAZARD_FACTOR_REFERENCE_V1,1.6-reference,1.0000,accepted
RELHF_8b0624a01a8e30beeb0b,HZFHF_0a9a9fd5e4d191151733,SUPPORTED_BY,证据支持,EVHF_000b2389095759b68fe8,,SRCHF_eac0df7c4deda6f1af21,EVHF_000b2389095759b68fe8,{},非密-第二类危险源分析.docx,HAZARD_FACTOR_REFERENCE_V1,1.6-reference,1.0000,accepted
RELHF_8b297761b02f7c29e03a,LOCHF_1440dfed19d3ee8abac2,SUPPORTED_BY,证据支持,EVHF_d2e2f8ec986c392fe124,,SRCHF_aae90ef9ce51a103079a,EVHF_d2e2f8ec986c392fe124,{},非密-第二类危险源分析.docx,HAZARD_FACTOR_REFERENCE_V1,1.6-reference,1.0000,accepted
RELHF_8c3d324224e82d8e796d,HZFHF_133b1d5aad19c8bd5f64,SUPPORTED_BY,证据支持,EVHF_b25bd602ccdd3d202f9a,,SRCHF_8ef2923c500a594da821,EVHF_b25bd602ccdd3d202f9a,{},非密-第二类危险源分析.docx,HAZARD_FACTOR_REFERENCE_V1,1.6-reference,1.0000,accepted
RELHF_8d5af945cf09c6091d33,LOCHF_40bd0e14534bc863cfaa,SUPPORTED_BY,证据支持,EVHF_03e4adcbf8934813dfdd,,SRCHF_128d0c0d95dbad666443,EVHF_03e4adcbf8934813dfdd,{},非密-第二类危险源分析.docx,HAZARD_FACTOR_REFERENCE_V1,1.6-reference,1.0000,accepted
RELHF_8db31c284324502248d7,HZFHF_d8591fa94a8ef20a93b0,SUPPORTED_BY,证据支持,EVHF_ea82c503034fbcf17eae,,SRCHF_9e07388e44ee47a785d6,EVHF_ea82c503034fbcf17eae,{},非密-第二类危险源分析.docx,HAZARD_FACTOR_REFERENCE_V1,1.6-reference,1.0000,accepted
RELHF_8dc2db7969e4abf746c3,HZFHF_690446ce738e57f249ba,SUPPORTED_BY,证据支持,EVHF_c7bd6ab01cf021967abf,,SRCHF_77f860504ea23949ff7c,EVHF_c7bd6ab01cf021967abf,{},非密-第二类危险源分析.docx,HAZARD_FACTOR_REFERENCE_V1,1.6-reference,1.0000,accepted
RELHF_8f0df606b8c5500dbce4,LOCHF_4197d241a237a09425cc,SUPPORTED_BY,证据支持,EVHF_33258b5d2a8fd711c7b7,,SRCHF_5e926a66d8f1954e1bf8,EVHF_33258b5d2a8fd711c7b7,{},非密-第二类危险源分析.docx,HAZARD_FACTOR_REFERENCE_V1,1.6-reference,1.0000,accepted
RELHF_8f6d1583363f93266d13,HZFHF_828d205a13285c630164,SUPPORTED_BY,证据支持,EVHF_b648a9c4338647bb3740,,SRCHF_8719eb8968ab14684ddb,EVHF_b648a9c4338647bb3740,{},非密-第二类危险源分析.docx,HAZARD_FACTOR_REFERENCE_V1,1.6-reference,1.0000,accepted
RELHF_900e813b85ab8efe311e,LOCHF_9ef0963129716d1c1894,SUPPORTED_BY,证据支持,EVHF_fcf8876cddbce0468413,,SRCHF_df80b558821b226618d1,EVHF_fcf8876cddbce0468413,{},非密-第二类危险源分析.docx,HAZARD_FACTOR_REFERENCE_V1,1.6-reference,1.0000,accepted
RELHF_905224dead5138ab7274,HZFHF_a58189cf769f434fc15a,SUPPORTED_BY,证据支持,EVHF_0713d6b421b955b2576a,,SRCHF_cc297cb887b8fde1f82f,EVHF_0713d6b421b955b2576a,{},非密-第二类危险源分析.docx,HAZARD_FACTOR_REFERENCE_V1,1.6-reference,1.0000,accepted
RELHF_908a0a423f42589f5ef7,LOCHF_c4edd3d3c14654f00a4a,SUPPORTED_BY,证据支持,EVHF_c8f86912dabdb06af254,,SRCHF_33f5f0a65ed8b56cfba8,EVHF_c8f86912dabdb06af254,{},非密-第二类危险源分析.docx,HAZARD_FACTOR_REFERENCE_V1,1.6-reference,1.0000,accepted
RELHF_92043164f85bb672fad6,LOCHF_1b1f0895431f1eead22d,SUPPORTED_BY,证据支持,EVHF_0a9e52fff5b47473b825,,SRCHF_fec323b1f0adfd5d15af,EVHF_0a9e52fff5b47473b825,{},非密-第二类危险源分析.docx,HAZARD_FACTOR_REFERENCE_V1,1.6-reference,1.0000,accepted
RELHF_92da62649390566621d0,LOCHF_8a2b5a80b4dfa8a62794,SUPPORTED_BY,证据支持,EVHF_3d7dfc3062f232570b76,,SRCHF_21baa01d1f1620d36e6a,EVHF_3d7dfc3062f232570b76,{},非密-第二类危险源分析.docx,HAZARD_FACTOR_REFERENCE_V1,1.6-reference,1.0000,accepted
RELHF_92eb3d6bc70c6958a3ba,LOCHF_688c85d479d28d7ed6a8,SUPPORTED_BY,证据支持,EVHF_ea8342446cf93fe9723b,,SRCHF_102b28b272f174e26b5e,EVHF_ea8342446cf93fe9723b,{},非密-第二类危险源分析.docx,HAZARD_FACTOR_REFERENCE_V1,1.6-reference,1.0000,accepted
RELHF_92f68e618e1fe5a2cfc9,HZFHF_da51835c3b4116c1e623,SUPPORTED_BY,证据支持,EVHF_b25bd602ccdd3d202f9a,,SRCHF_8ef2923c500a594da821,EVHF_b25bd602ccdd3d202f9a,{},非密-第二类危险源分析.docx,HAZARD_FACTOR_REFERENCE_V1,1.6-reference,1.0000,accepted
RELHF_934aa1438ba334e427ca,HZFHF_854c3c717419a9f614fe,SUPPORTED_BY,证据支持,EVHF_971dccd1f6dbe32c17c4,,SRCHF_29fc39e4d6222c462112,EVHF_971dccd1f6dbe32c17c4,{},非密-第二类危险源分析.docx,HAZARD_FACTOR_REFERENCE_V1,1.6-reference,1.0000,accepted
RELHF_93814b7d0834ffddcce4,HZFHF_ff1a38ba99321b07e11c,SUPPORTED_BY,证据支持,EVHF_381ac9e4d172fd772b09,,SRCHF_082276f4818ee5d1f52d,EVHF_381ac9e4d172fd772b09,{},非密-第二类危险源分析.docx,HAZARD_FACTOR_REFERENCE_V1,1.6-reference,1.0000,accepted
RELHF_941bdcc5a197adf6bd90,LOCHF_9cac2a8f252fab13ca71,SUPPORTED_BY,证据支持,EVHF_9ce5b30934787a5d9779,,SRCHF_d907e63b2a954eeea40f,EVHF_9ce5b30934787a5d9779,{},非密-第二类危险源分析.docx,HAZARD_FACTOR_REFERENCE_V1,1.6-reference,1.0000,accepted
RELHF_94d473740185562ec6de,HZFHF_07e87731171bce254977,SUPPORTED_BY,证据支持,EVHF_3b7e6448ef0683c59a09,,SRCHF_190f44d52f346300faca,EVHF_3b7e6448ef0683c59a09,{},非密-第二类危险源分析.docx,HAZARD_FACTOR_REFERENCE_V1,1.6-reference,1.0000,accepted
RELHF_94db5dfa1758f0c464c9,LOCHF_a78d39b361145cb2a44a,SUPPORTED_BY,证据支持,EVHF_bfd05d93910b923239be,,SRCHF_ed5b8170e509260ebc9d,EVHF_bfd05d93910b923239be,{},非密-第二类危险源分析.docx,HAZARD_FACTOR_REFERENCE_V1,1.6-reference,1.0000,accepted
RELHF_952769bbf9f6a5c89d9c,LOCHF_893ab4e4d19f3bd49446,SUPPORTED_BY,证据支持,EVHF_e1488293a72dcc9b3b05,,SRCHF_826b8e1b5babcfc53d2c,EVHF_e1488293a72dcc9b3b05,{},非密-第二类危险源分析.docx,HAZARD_FACTOR_REFERENCE_V1,1.6-reference,1.0000,accepted
RELHF_953c95a8aa9dba404516,HZFHF_80612f6f3a49bbe489c5,SUPPORTED_BY,证据支持,EVHF_5e78e08576a1db83aa22,,SRCHF_aec7c2d53df32e8c9260,EVHF_5e78e08576a1db83aa22,{},非密-第二类危险源分析.docx,HAZARD_FACTOR_REFERENCE_V1,1.6-reference,1.0000,accepted
RELHF_95d4955a7af2da8901d9,HZFHF_105d640523c969e89db4,SUPPORTED_BY,证据支持,EVHF_c5b2e7766c913548e250,,SRCHF_9201e2f90158728ff488,EVHF_c5b2e7766c913548e250,{},非密-第二类危险源分析.docx,HAZARD_FACTOR_REFERENCE_V1,1.6-reference,1.0000,accepted
RELHF_95dad3594cfd097531fd,HZFHF_ea800f8b7d738ee91893,SUPPORTED_BY,证据支持,EVHF_db9d55427f74c191d8ea,,SRCHF_53af7e926ef486483f7d,EVHF_db9d55427f74c191d8ea,{},非密-第二类危险源分析.docx,HAZARD_FACTOR_REFERENCE_V1,1.6-reference,1.0000,accepted
RELHF_97787afff3b9375e9fa1,LOCHF_9a7ea532ce7ff70422b2,SUPPORTED_BY,证据支持,EVHF_1764b4c32e0563007a62,,SRCHF_b87ecd0f69b6800ad1fe,EVHF_1764b4c32e0563007a62,{},非密-第二类危险源分析.docx,HAZARD_FACTOR_REFERENCE_V1,1.6-reference,1.0000,accepted
RELHF_979f3a072f47c4103102,LOCHF_c008a6bda7b434d47af4,SUPPORTED_BY,证据支持,EVHF_9a340b767ce325c872e1,,SRCHF_1520a42c331194555efa,EVHF_9a340b767ce325c872e1,{},非密-第二类危险源分析.docx,HAZARD_FACTOR_REFERENCE_V1,1.6-reference,1.0000,accepted
RELHF_97b74751a12a1f304644,LOCHF_ff9d8b7b5f3405e092d4,SUPPORTED_BY,证据支持,EVHF_e386dc8655a5b294ad49,,SRCHF_87032cf4a62a59cd1eb3,EVHF_e386dc8655a5b294ad49,{},非密-第二类危险源分析.docx,HAZARD_FACTOR_REFERENCE_V1,1.6-reference,1.0000,accepted
RELHF_98f85085dae1b5a8774f,LOCHF_6e1e1276b9076f06bb30,SUPPORTED_BY,证据支持,EVHF_4346d0ee7ba01222a614,,SRCHF_9252a1bfe2024a8ec312,EVHF_4346d0ee7ba01222a614,{},非密-第二类危险源分析.docx,HAZARD_FACTOR_REFERENCE_V1,1.6-reference,1.0000,accepted
RELHF_992c85291d7de7b80046,HZFHF_1d2897059eb13e648089,SUPPORTED_BY,证据支持,EVHF_b1b397f3a875c1f656b7,,SRCHF_6017081828f5ae640ec2,EVHF_b1b397f3a875c1f656b7,{},非密-第二类危险源分析.docx,HAZARD_FACTOR_REFERENCE_V1,1.6-reference,1.0000,accepted
RELHF_9ab531eac62050583009,HZFHF_a434bdc24dcdaec17308,SUPPORTED_BY,证据支持,EVHF_f55c50b52fa00c7938bf,,SRCHF_770987b2bc4f4fe02354,EVHF_f55c50b52fa00c7938bf,{},非密-第二类危险源分析.docx,HAZARD_FACTOR_REFERENCE_V1,1.6-reference,1.0000,accepted
RELHF_9b38db1f992381e77048,LOCHF_1b7ffde716bc2558edb5,SUPPORTED_BY,证据支持,EVHF_74505abde678bead9e29,,SRCHF_44b5ed91f08301812e70,EVHF_74505abde678bead9e29,{},非密-第二类危险源分析.docx,HAZARD_FACTOR_REFERENCE_V1,1.6-reference,1.0000,accepted
RELHF_9c2d3bf665067915853f,HZFHF_db09d5c9eced1dafdfbb,SUPPORTED_BY,证据支持,EVHF_8a588a516b512d0ed88d,,SRCHF_c0832cf65e903cd5ab1b,EVHF_8a588a516b512d0ed88d,{},非密-第二类危险源分析.docx,HAZARD_FACTOR_REFERENCE_V1,1.6-reference,1.0000,accepted
RELHF_9c6e849ecb43ecc30cf2,LOCHF_58d2c3d44652465ec006,SUPPORTED_BY,证据支持,EVHF_c65ae413070f6d7cc94c,,SRCHF_87834be7dd92867422cd,EVHF_c65ae413070f6d7cc94c,{},非密-第二类危险源分析.docx,HAZARD_FACTOR_REFERENCE_V1,1.6-reference,1.0000,accepted
RELHF_9e26a63577bfcf996052,HZFHF_93d88cd834ac9a46bf68,SUPPORTED_BY,证据支持,EVHF_7ea5d6fd8db1a44d2d53,,SRCHF_df0d5508b6dece5805b3,EVHF_7ea5d6fd8db1a44d2d53,{},非密-第二类危险源分析.docx,HAZARD_FACTOR_REFERENCE_V1,1.6-reference,1.0000,accepted
RELHF_9e6ec13acfba9ce7efbc,HZFHF_ba41cbf5b8172e09be87,SUPPORTED_BY,证据支持,EVHF_a4e8ef70115ad12b9c0d,,SRCHF_51885c6cca47f3c72388,EVHF_a4e8ef70115ad12b9c0d,{},非密-第二类危险源分析.docx,HAZARD_FACTOR_REFERENCE_V1,1.6-reference,1.0000,accepted
RELHF_9e781a33a2d6fe040f1e,LOCHF_ab6a1eda37ba7d7fddaf,SUPPORTED_BY,证据支持,EVHF_b901de676f9273e5f7cb,,SRCHF_121600aef058616d1034,EVHF_b901de676f9273e5f7cb,{},非密-第二类危险源分析.docx,HAZARD_FACTOR_REFERENCE_V1,1.6-reference,1.0000,accepted
RELHF_9f68aa72526cae7a7d70,LOCHF_cf937b0929828760d4d0,SUPPORTED_BY,证据支持,EVHF_2bd39b3db3a0408fa3bb,,SRCHF_2fa215efd87140d1fa5a,EVHF_2bd39b3db3a0408fa3bb,{},非密-第二类危险源分析.docx,HAZARD_FACTOR_REFERENCE_V1,1.6-reference,1.0000,accepted
RELHF_9fdd809f5bd6b9da3032,HZFHF_aede8bdd0eb462bca71e,SUPPORTED_BY,证据支持,EVHF_95f73df0fae0e2af42d3,,SRCHF_1b87aeb3da16f6e93e96,EVHF_95f73df0fae0e2af42d3,{},非密-第二类危险源分析.docx,HAZARD_FACTOR_REFERENCE_V1,1.6-reference,1.0000,accepted
RELHF_9fe6b6d4b8b6452fb29e,LOCHF_8207559ea290cc2ecaec,SUPPORTED_BY,证据支持,EVHF_24cf545d2a6d63c94a5c,,SRCHF_8c8c14672ed4195ad13e,EVHF_24cf545d2a6d63c94a5c,{},非密-第二类危险源分析.docx,HAZARD_FACTOR_REFERENCE_V1,1.6-reference,1.0000,accepted
RELHF_a0653f96d0286c45b130,HZFHF_0b4b4a4986a82dbfed7c,SUPPORTED_BY,证据支持,EVHF_44220d9a04afa1cf0170,,SRCHF_bb3806d511ce1086efe9,EVHF_44220d9a04afa1cf0170,{},非密-第二类危险源分析.docx,HAZARD_FACTOR_REFERENCE_V1,1.6-reference,1.0000,accepted
RELHF_a1fb3fe312a56e86fe75,LOCHF_72146974633980faf0a2,SUPPORTED_BY,证据支持,EVHF_c5b2e7766c913548e250,,SRCHF_9201e2f90158728ff488,EVHF_c5b2e7766c913548e250,{},非密-第二类危险源分析.docx,HAZARD_FACTOR_REFERENCE_V1,1.6-reference,1.0000,accepted
RELHF_a31aaa087ca38bffc926,HZFHF_f3c7541dec71301043bd,SUPPORTED_BY,证据支持,EVHF_ac4821af238e1178330b,,SRCHF_edc4a2ef5433bffb6fb9,EVHF_ac4821af238e1178330b,{},非密-第二类危险源分析.docx,HAZARD_FACTOR_REFERENCE_V1,1.6-reference,1.0000,accepted
RELHF_a4e3bfbb0bc040e0bc23,LOCHF_c666e0317271cdfca1ac,SUPPORTED_BY,证据支持,EVHF_b466815bc58563bd132a,,SRCHF_023a5036161271cdb0c4,EVHF_b466815bc58563bd132a,{},非密-第二类危险源分析.docx,HAZARD_FACTOR_REFERENCE_V1,1.6-reference,1.0000,accepted
RELHF_a563b5c2940825b79eee,LOCHF_f8ebf540441aa8358e29,SUPPORTED_BY,证据支持,EVHF_9d1d7ba91be47bea23b2,,SRCHF_6ad597c46bfea422ef4e,EVHF_9d1d7ba91be47bea23b2,{},非密-第二类危险源分析.docx,HAZARD_FACTOR_REFERENCE_V1,1.6-reference,1.0000,accepted
RELHF_a60d62c12f397b870227,LOCHF_f9d231bfc2e6f4a4dff8,SUPPORTED_BY,证据支持,EVHF_a0e399a809734b9bf0a4,,SRCHF_f4724f75524190eec70a,EVHF_a0e399a809734b9bf0a4,{},非密-第二类危险源分析.docx,HAZARD_FACTOR_REFERENCE_V1,1.6-reference,1.0000,accepted
RELHF_a6121f39e87ef71c6e02,LOCHF_21a33eec120b83b03d49,SUPPORTED_BY,证据支持,EVHF_e2015fcd088bdf5c9491,,SRCHF_46eb5594077cc33b2f76,EVHF_e2015fcd088bdf5c9491,{},非密-第二类危险源分析.docx,HAZARD_FACTOR_REFERENCE_V1,1.6-reference,1.0000,accepted
RELHF_a6a888ac7ff02928cffc,LOCHF_32250a3a57160897434e,SUPPORTED_BY,证据支持,EVHF_3df6c0d3a26c915bd134,,SRCHF_968475c1681931f3c9c7,EVHF_3df6c0d3a26c915bd134,{},非密-第二类危险源分析.docx,HAZARD_FACTOR_REFERENCE_V1,1.6-reference,1.0000,accepted
RELHF_a7b3a91b317e7af56498,LOCHF_440e448603a670beaca1,SUPPORTED_BY,证据支持,EVHF_e92a7b041d65fcad7372,,SRCHF_9b75d785ff1fd106f42a,EVHF_e92a7b041d65fcad7372,{},非密-第二类危险源分析.docx,HAZARD_FACTOR_REFERENCE_V1,1.6-reference,1.0000,accepted
RELHF_a7ced2e0b0ac1bf5e102,LOCHF_d27d9258c2fcb65df4a5,SUPPORTED_BY,证据支持,EVHF_32eca3b71981f0be79fb,,SRCHF_b1018534ee33c29a10c5,EVHF_32eca3b71981f0be79fb,{},非密-第二类危险源分析.docx,HAZARD_FACTOR_REFERENCE_V1,1.6-reference,1.0000,accepted
RELHF_a85a6dbb2cd096b8f890,LOCHF_ca0e3bbcc9036a0b0ea7,SUPPORTED_BY,证据支持,EVHF_67234f3950dea5e3bbc8,,SRCHF_fa6085f6618c0430d2c7,EVHF_67234f3950dea5e3bbc8,{},非密-第二类危险源分析.docx,HAZARD_FACTOR_REFERENCE_V1,1.6-reference,1.0000,accepted
RELHF_a86723b210ed4a2f696d,HZFHF_ba6d4dd2edc0df674e83,SUPPORTED_BY,证据支持,EVHF_1a737c850bcf6ceee280,,SRCHF_dc9949022805adb37f0d,EVHF_1a737c850bcf6ceee280,{},非密-第二类危险源分析.docx,HAZARD_FACTOR_REFERENCE_V1,1.6-reference,1.0000,accepted
RELHF_a952977e44642530ec08,LOCHF_e5dea2357fb8f5c0096e,SUPPORTED_BY,证据支持,EVHF_5f5e0d14be0240f2f24b,,SRCHF_687c1a0e1e845d64097c,EVHF_5f5e0d14be0240f2f24b,{},非密-第二类危险源分析.docx,HAZARD_FACTOR_REFERENCE_V1,1.6-reference,1.0000,accepted
RELHF_a9d3b89c85c2c4da55b5,HZFHF_d83948a9388621d60e35,SUPPORTED_BY,证据支持,EVHF_698b91906a53bd1978d9,,SRCHF_fe1a17cfea09bea61206,EVHF_698b91906a53bd1978d9,{},非密-第二类危险源分析.docx,HAZARD_FACTOR_REFERENCE_V1,1.6-reference,1.0000,accepted
RELHF_aa377248437286197d6d,LOCHF_b67a6a673ef5fd2dcbb5,SUPPORTED_BY,证据支持,EVHF_2508d91af2bb1bac2655,,SRCHF_aa263eb447d17e45a0b9,EVHF_2508d91af2bb1bac2655,{},非密-第二类危险源分析.docx,HAZARD_FACTOR_REFERENCE_V1,1.6-reference,1.0000,accepted
RELHF_aa72954e38dda0c4e761,HZFHF_698144b4d64d44d5358a,SUPPORTED_BY,证据支持,EVHF_f1cb68ee760bd0ac4214,,SRCHF_1167ad3a665fd36380a3,EVHF_f1cb68ee760bd0ac4214,{},非密-第二类危险源分析.docx,HAZARD_FACTOR_REFERENCE_V1,1.6-reference,1.0000,accepted
RELHF_ac1b1d9d820f3827af44,LOCHF_f1bb752e47903304dd61,SUPPORTED_BY,证据支持,EVHF_cb8f12d553eba24e616a,,SRCHF_28d7809725f9b6f5f226,EVHF_cb8f12d553eba24e616a,{},非密-第二类危险源分析.docx,HAZARD_FACTOR_REFERENCE_V1,1.6-reference,1.0000,accepted
RELHF_acde177ba7083d710bca,LOCHF_dc547b9d02758dc1754b,SUPPORTED_BY,证据支持,EVHF_775b5ea6827ed8965603,,SRCHF_e272d5a924f6e35e8a1a,EVHF_775b5ea6827ed8965603,{},非密-第二类危险源分析.docx,HAZARD_FACTOR_REFERENCE_V1,1.6-reference,1.0000,accepted
RELHF_ad292438984331722bb6,HZFHF_7a8810bad7cde361736a,SUPPORTED_BY,证据支持,EVHF_c5b2e7766c913548e250,,SRCHF_9201e2f90158728ff488,EVHF_c5b2e7766c913548e250,{},非密-第二类危险源分析.docx,HAZARD_FACTOR_REFERENCE_V1,1.6-reference,1.0000,accepted
RELHF_ad365b3451a4bce451b2,HZFHF_b491adc1933f8dcdb70c,SUPPORTED_BY,证据支持,EVHF_e2befad44684e20b7b19,,SRCHF_1ff5369d38f346bebb45,EVHF_e2befad44684e20b7b19,{},非密-第二类危险源分析.docx,HAZARD_FACTOR_REFERENCE_V1,1.6-reference,1.0000,accepted
RELHF_ad929dc15ab2ee64b5c1,HZFHF_1b857ccefc7defc1a301,SUPPORTED_BY,证据支持,EVHF_24cf545d2a6d63c94a5c,,SRCHF_8c8c14672ed4195ad13e,EVHF_24cf545d2a6d63c94a5c,{},非密-第二类危险源分析.docx,HAZARD_FACTOR_REFERENCE_V1,1.6-reference,1.0000,accepted
RELHF_ae8a5fb646ee51f682ee,HZFHF_8e927e20f1d842a0703c,SUPPORTED_BY,证据支持,EVHF_a8612584303759332f57,,SRCHF_2be2b26016fd3973bba3,EVHF_a8612584303759332f57,{},非密-第二类危险源分析.docx,HAZARD_FACTOR_REFERENCE_V1,1.6-reference,1.0000,accepted
RELHF_af26d589a1f51614f968,LOCHF_110a9cef6ad8148643c2,SUPPORTED_BY,证据支持,EVHF_c07867e68aaa57a4be9a,,SRCHF_e59cebc654bfd858e8a9,EVHF_c07867e68aaa57a4be9a,{},非密-第二类危险源分析.docx,HAZARD_FACTOR_REFERENCE_V1,1.6-reference,1.0000,accepted
RELHF_af40525b77e20e7265cc,HZFHF_d782858e1d17d72f7a7d,SUPPORTED_BY,证据支持,EVHF_2d0108c8d9573e48e91d,,SRCHF_e66a72d201715094af64,EVHF_2d0108c8d9573e48e91d,{},非密-第二类危险源分析.docx,HAZARD_FACTOR_REFERENCE_V1,1.6-reference,1.0000,accepted
RELHF_afd206b73d7d4ae1e43b,HZFHF_a429c473de351008da84,SUPPORTED_BY,证据支持,EVHF_f60be342e8fac1cc48b9,,SRCHF_b403303473c50dd9b401,EVHF_f60be342e8fac1cc48b9,{},非密-第二类危险源分析.docx,HAZARD_FACTOR_REFERENCE_V1,1.6-reference,1.0000,accepted
RELHF_b04408837f033293470e,LOCHF_ad8b2ee2d390980714c9,SUPPORTED_BY,证据支持,EVHF_afd65196b345ecaa6224,,SRCHF_c44d861a927536e130d2,EVHF_afd65196b345ecaa6224,{},非密-第二类危险源分析.docx,HAZARD_FACTOR_REFERENCE_V1,1.6-reference,1.0000,accepted
RELHF_b06448c910af9ad46350,LOCHF_575ebc0f9ef175223a69,SUPPORTED_BY,证据支持,EVHF_2d0108c8d9573e48e91d,,SRCHF_e66a72d201715094af64,EVHF_2d0108c8d9573e48e91d,{},非密-第二类危险源分析.docx,HAZARD_FACTOR_REFERENCE_V1,1.6-reference,1.0000,accepted
RELHF_b0cc4671810f8c76fd02,LOCHF_26d7c647c51831d08971,SUPPORTED_BY,证据支持,EVHF_a9a7668dc1ca535ef857,,SRCHF_1a8531b0a4dd867946e5,EVHF_a9a7668dc1ca535ef857,{},非密-第二类危险源分析.docx,HAZARD_FACTOR_REFERENCE_V1,1.6-reference,1.0000,accepted
RELHF_b1201c7f6c85090dd576,HZFHF_e0d001815bf67cd21100,SUPPORTED_BY,证据支持,EVHF_9e1ff59f83503aff670e,,SRCHF_3d0960991c5f2cd0f37a,EVHF_9e1ff59f83503aff670e,{},非密-第二类危险源分析.docx,HAZARD_FACTOR_REFERENCE_V1,1.6-reference,1.0000,accepted
RELHF_b14daab3332964e2817f,HZFHF_972066429fc7873b3776,SUPPORTED_BY,证据支持,EVHF_986dd79429ae455e6e46,,SRCHF_5d1bda1f8fff7a4c0681,EVHF_986dd79429ae455e6e46,{},非密-第二类危险源分析.docx,HAZARD_FACTOR_REFERENCE_V1,1.6-reference,1.0000,accepted
RELHF_b3171b03ec1fd074aad4,LOCHF_e3c01f00d395e1231711,SUPPORTED_BY,证据支持,EVHF_e50ea47150851fdfb879,,SRCHF_40cd810d9be131883f68,EVHF_e50ea47150851fdfb879,{},非密-第二类危险源分析.docx,HAZARD_FACTOR_REFERENCE_V1,1.6-reference,1.0000,accepted
RELHF_b34873efd5f20b4fcee8,LOCHF_1b7b32f882070e20af13,SUPPORTED_BY,证据支持,EVHF_10ead3a3c5c06e3ba3dd,,SRCHF_14cecff0333de89b0a63,EVHF_10ead3a3c5c06e3ba3dd,{},非密-第二类危险源分析.docx,HAZARD_FACTOR_REFERENCE_V1,1.6-reference,1.0000,accepted
RELHF_b367aea783993ae003e8,LOCHF_e4ba7fd7ee8749d47d32,SUPPORTED_BY,证据支持,EVHF_3cae71893eb0bba1d5ff,,SRCHF_6b314758d82feb13577c,EVHF_3cae71893eb0bba1d5ff,{},非密-第二类危险源分析.docx,HAZARD_FACTOR_REFERENCE_V1,1.6-reference,1.0000,accepted
RELHF_b36b6175e2dd3269e13d,HZFHF_1dde30dbf245daaba763,SUPPORTED_BY,证据支持,EVHF_c07867e68aaa57a4be9a,,SRCHF_e59cebc654bfd858e8a9,EVHF_c07867e68aaa57a4be9a,{},非密-第二类危险源分析.docx,HAZARD_FACTOR_REFERENCE_V1,1.6-reference,1.0000,accepted
RELHF_b3c99e468fdeb0b43a44,LOCHF_e611bba4eff7a3dc1c22,SUPPORTED_BY,证据支持,EVHF_9d8e173996a638fbbc2e,,SRCHF_294099aa533da6fb853b,EVHF_9d8e173996a638fbbc2e,{},非密-第二类危险源分析.docx,HAZARD_FACTOR_REFERENCE_V1,1.6-reference,1.0000,accepted
RELHF_b42007157c33181b61b2,HZFHF_475b0c14edea1c963c6b,SUPPORTED_BY,证据支持,EVHF_611bcd5b1573bdfdba0c,,SRCHF_ed79667f29eb944c6293,EVHF_611bcd5b1573bdfdba0c,{},非密-第二类危险源分析.docx,HAZARD_FACTOR_REFERENCE_V1,1.6-reference,1.0000,accepted
RELHF_b489da91f0939da6a3bb,HZFHF_10e0675c05f731f5c964,SUPPORTED_BY,证据支持,EVHF_9e8cb647a8063d5743c4,,SRCHF_7a415d0a7285bb0a829f,EVHF_9e8cb647a8063d5743c4,{},非密-第二类危险源分析.docx,HAZARD_FACTOR_REFERENCE_V1,1.6-reference,1.0000,accepted
RELHF_b4b682f9d7f930cf08d6,LOCHF_36bf3f9087156bba0db6,SUPPORTED_BY,证据支持,EVHF_a0b93a7784a25624690f,,SRCHF_fc035e59aaf5c6dc4eda,EVHF_a0b93a7784a25624690f,{},非密-第二类危险源分析.docx,HAZARD_FACTOR_REFERENCE_V1,1.6-reference,1.0000,accepted
RELHF_b5ea47f3ec0d75ca3373,LOCHF_c2797ed7e4eff269b265,SUPPORTED_BY,证据支持,EVHF_8f212eae8a870041912a,,SRCHF_87d3475055878665610e,EVHF_8f212eae8a870041912a,{},非密-第二类危险源分析.docx,HAZARD_FACTOR_REFERENCE_V1,1.6-reference,1.0000,accepted
RELHF_b60803e7b4d20358ffed,LOCHF_9e9b2748884b3a4bc826,SUPPORTED_BY,证据支持,EVHF_b8ce8ff0521fe273c23c,,SRCHF_bc0ad0c41aea0360fd61,EVHF_b8ce8ff0521fe273c23c,{},非密-第二类危险源分析.docx,HAZARD_FACTOR_REFERENCE_V1,1.6-reference,1.0000,accepted
RELHF_b6089c35b81bcd80da5e,LOCHF_6a0fdbc6e73dedd565aa,SUPPORTED_BY,证据支持,EVHF_ac4821af238e1178330b,,SRCHF_edc4a2ef5433bffb6fb9,EVHF_ac4821af238e1178330b,{},非密-第二类危险源分析.docx,HAZARD_FACTOR_REFERENCE_V1,1.6-reference,1.0000,accepted
RELHF_b62e8b09d0376f902981,LOCHF_6185f61c219714cb6178,SUPPORTED_BY,证据支持,EVHF_d9603ea2c78fa9c48756,,SRCHF_0ce0a2bf9c5d046bb9f8,EVHF_d9603ea2c78fa9c48756,{},非密-第二类危险源分析.docx,HAZARD_FACTOR_REFERENCE_V1,1.6-reference,1.0000,accepted
RELHF_b73bb6ab9814a7430ba5,HZFHF_06f114e5f42664a126b2,SUPPORTED_BY,证据支持,EVHF_5e7b48b36cf708115953,,SRCHF_70f1af9306650d23505e,EVHF_5e7b48b36cf708115953,{},非密-第二类危险源分析.docx,HAZARD_FACTOR_REFERENCE_V1,1.6-reference,1.0000,accepted
RELHF_b7a44f5d9698c0f4a3cd,HZFHF_6ee1acbb2522df3289bc,SUPPORTED_BY,证据支持,EVHF_d2fc6112f6804f379136,,SRCHF_938512fc693557bf7d54,EVHF_d2fc6112f6804f379136,{},非密-第二类危险源分析.docx,HAZARD_FACTOR_REFERENCE_V1,1.6-reference,1.0000,accepted
RELHF_b87c65f1c96947d1d847,HZFHF_e8caca754be5afb011de,SUPPORTED_BY,证据支持,EVHF_607d6474ffc5fb504036,,SRCHF_7ad002752b280e9c4058,EVHF_607d6474ffc5fb504036,{},非密-第二类危险源分析.docx,HAZARD_FACTOR_REFERENCE_V1,1.6-reference,1.0000,accepted
RELHF_b918519b842722b47120,LOCHF_36cd63d7a3e9700f9c2b,SUPPORTED_BY,证据支持,EVHF_b25bd602ccdd3d202f9a,,SRCHF_8ef2923c500a594da821,EVHF_b25bd602ccdd3d202f9a,{},非密-第二类危险源分析.docx,HAZARD_FACTOR_REFERENCE_V1,1.6-reference,1.0000,accepted
RELHF_b9218b7e7d8de2497b8f,LOCHF_47a2c9d65ddc20b563ff,SUPPORTED_BY,证据支持,EVHF_615dab0964bb1f96c43c,,SRCHF_c414c55a0b094cb1729e,EVHF_615dab0964bb1f96c43c,{},非密-第二类危险源分析.docx,HAZARD_FACTOR_REFERENCE_V1,1.6-reference,1.0000,accepted
RELHF_b947b4cb16a80e5dd77d,LOCHF_cbce368d765d5f2bc5fc,SUPPORTED_BY,证据支持,EVHF_4f368196990bb20feb52,,SRCHF_29d5a454bac4f2eab448,EVHF_4f368196990bb20feb52,{},非密-第二类危险源分析.docx,HAZARD_FACTOR_REFERENCE_V1,1.6-reference,1.0000,accepted
RELHF_b959a38323b15d825f00,HZFHF_41c8ba958faad86d9af9,SUPPORTED_BY,证据支持,EVHF_ae1fcd30236ccc2e32e5,,SRCHF_a559c62751f3359a074c,EVHF_ae1fcd30236ccc2e32e5,{},非密-第二类危险源分析.docx,HAZARD_FACTOR_REFERENCE_V1,1.6-reference,1.0000,accepted
RELHF_b97acba45407726e8edf,HZFHF_ff0df0b010922366bc1a,SUPPORTED_BY,证据支持,EVHF_0a96e71082bd30be786d,,SRCHF_1efb21887e9d20ace659,EVHF_0a96e71082bd30be786d,{},非密-第二类危险源分析.docx,HAZARD_FACTOR_REFERENCE_V1,1.6-reference,1.0000,accepted
RELHF_ba6959d8ba4f65b32da2,LOCHF_9e7054e3d1aa05fd467e,SUPPORTED_BY,证据支持,EVHF_cec398b14a8d93aa6832,,SRCHF_a80aaea83953a2727425,EVHF_cec398b14a8d93aa6832,{},非密-第二类危险源分析.docx,HAZARD_FACTOR_REFERENCE_V1,1.6-reference,1.0000,accepted
RELHF_bb87799615d4f4ce87b2,LOCHF_509db61b23eccde79c4f,SUPPORTED_BY,证据支持,EVHF_7d634248fe2b11fb03f2,,SRCHF_c1f7421e333f440109c5,EVHF_7d634248fe2b11fb03f2,{},非密-第二类危险源分析.docx,HAZARD_FACTOR_REFERENCE_V1,1.6-reference,1.0000,accepted
RELHF_bc51fa7c19f5822d22f3,LOCHF_5fc6ec18ec9e7eee4831,SUPPORTED_BY,证据支持,EVHF_f60be342e8fac1cc48b9,,SRCHF_b403303473c50dd9b401,EVHF_f60be342e8fac1cc48b9,{},非密-第二类危险源分析.docx,HAZARD_FACTOR_REFERENCE_V1,1.6-reference,1.0000,accepted
RELHF_bcc91ec1565e0c997ee2,HZFHF_ab00581261ebd3438070,SUPPORTED_BY,证据支持,EVHF_25a6df471a876735a4bd,,SRCHF_582f0e4d716f3876b07e,EVHF_25a6df471a876735a4bd,{},非密-第二类危险源分析.docx,HAZARD_FACTOR_REFERENCE_V1,1.6-reference,1.0000,accepted
RELHF_bd1457d09e281e7454c3,LOCHF_f81eac2b643df1a37891,SUPPORTED_BY,证据支持,EVHF_a1e35b01317d863bdacc,,SRCHF_5032ca2d2fc2b056d065,EVHF_a1e35b01317d863bdacc,{},非密-第二类危险源分析.docx,HAZARD_FACTOR_REFERENCE_V1,1.6-reference,1.0000,accepted
RELHF_bd3d60cc2ca3a70819d4,HZFHF_e6d06bae6b78a50aba43,SUPPORTED_BY,证据支持,EVHF_f7af47b1c94184d18dd7,,SRCHF_9022e8bd4f0fb0b596e2,EVHF_f7af47b1c94184d18dd7,{},非密-第二类危险源分析.docx,HAZARD_FACTOR_REFERENCE_V1,1.6-reference,1.0000,accepted
RELHF_bf945894af648c28a723,LOCHF_ff5bf35c3cdd7fea384d,SUPPORTED_BY,证据支持,EVHF_9ddf82dcc64a27ed7d8a,,SRCHF_884d1fa52408adb92e82,EVHF_9ddf82dcc64a27ed7d8a,{},非密-第二类危险源分析.docx,HAZARD_FACTOR_REFERENCE_V1,1.6-reference,1.0000,accepted
RELHF_c03efa0d13d3022026b8,LOCHF_c1d75da6b7bd2e3235b5,SUPPORTED_BY,证据支持,EVHF_a0a3cb07d6e8d55466ab,,SRCHF_293a8cee5110b8faecfc,EVHF_a0a3cb07d6e8d55466ab,{},非密-第二类危险源分析.docx,HAZARD_FACTOR_REFERENCE_V1,1.6-reference,1.0000,accepted
RELHF_c04506bdcb33c8a7bd1d,LOCHF_1de1daa127029b3aa277,SUPPORTED_BY,证据支持,EVHF_961cc97220c035ff473b,,SRCHF_d364c0178f2231ded944,EVHF_961cc97220c035ff473b,{},非密-第二类危险源分析.docx,HAZARD_FACTOR_REFERENCE_V1,1.6-reference,1.0000,accepted
RELHF_c083230f266d73ea5395,HZFHF_f466d2ae123427abd74c,SUPPORTED_BY,证据支持,EVHF_56a50e80cdaeddb5bb64,,SRCHF_5f6dfd16aec976b768e2,EVHF_56a50e80cdaeddb5bb64,{},非密-第二类危险源分析.docx,HAZARD_FACTOR_REFERENCE_V1,1.6-reference,1.0000,accepted
RELHF_c094e4fec540c47b8e27,LOCHF_9d490c668bda6bda7962,SUPPORTED_BY,证据支持,EVHF_9e8cb647a8063d5743c4,,SRCHF_7a415d0a7285bb0a829f,EVHF_9e8cb647a8063d5743c4,{},非密-第二类危险源分析.docx,HAZARD_FACTOR_REFERENCE_V1,1.6-reference,1.0000,accepted
RELHF_c0ca2e5aed7eb3fc008a,HZFHF_f8977ad5c22a1215eced,SUPPORTED_BY,证据支持,EVHF_1a2fe48555266322c660,,SRCHF_7bcbcd7646421eec8f57,EVHF_1a2fe48555266322c660,{},非密-第二类危险源分析.docx,HAZARD_FACTOR_REFERENCE_V1,1.6-reference,1.0000,accepted
RELHF_c329a60784e25119ba7c,HZFHF_f5fbabfe1c49e55e7074,SUPPORTED_BY,证据支持,EVHF_e1488293a72dcc9b3b05,,SRCHF_826b8e1b5babcfc53d2c,EVHF_e1488293a72dcc9b3b05,{},非密-第二类危险源分析.docx,HAZARD_FACTOR_REFERENCE_V1,1.6-reference,1.0000,accepted
RELHF_c353e945c6b222886ef1,LOCHF_43bcb3a6dad9bdf45222,SUPPORTED_BY,证据支持,EVHF_71e5a79f9cfd66069318,,SRCHF_c4f0a00f0709887111df,EVHF_71e5a79f9cfd66069318,{},非密-第二类危险源分析.docx,HAZARD_FACTOR_REFERENCE_V1,1.6-reference,1.0000,accepted
RELHF_c3c23e89274106bbf831,LOCHF_2e637f2274c208a56374,SUPPORTED_BY,证据支持,EVHF_dcc493e4040650c0f70c,,SRCHF_c7155161d7e938550a61,EVHF_dcc493e4040650c0f70c,{},非密-第二类危险源分析.docx,HAZARD_FACTOR_REFERENCE_V1,1.6-reference,1.0000,accepted
RELHF_c51736e1b6a1b47efc38,LOCHF_a8da17d64442aca0a8cd,SUPPORTED_BY,证据支持,EVHF_2382db9c174e1d1cc3bd,,SRCHF_68e2596bfc02c10db6a0,EVHF_2382db9c174e1d1cc3bd,{},非密-第二类危险源分析.docx,HAZARD_FACTOR_REFERENCE_V1,1.6-reference,1.0000,accepted
RELHF_c56b318984b9d6e0f42a,LOCHF_acd46394bed70da42f23,SUPPORTED_BY,证据支持,EVHF_85d1be0d08b98cd4bb32,,SRCHF_a4d6bcfdac01477e4dfe,EVHF_85d1be0d08b98cd4bb32,{},非密-第二类危险源分析.docx,HAZARD_FACTOR_REFERENCE_V1,1.6-reference,1.0000,accepted
RELHF_c65167a2071dc02dfd5a,LOCHF_af1cb015d88337cfdab6,SUPPORTED_BY,证据支持,EVHF_fdf9fb58b6b71f28c48d,,SRCHF_c44370235531be9564fe,EVHF_fdf9fb58b6b71f28c48d,{},非密-第二类危险源分析.docx,HAZARD_FACTOR_REFERENCE_V1,1.6-reference,1.0000,accepted
RELHF_c6ab4eb6d25c364d4ae6,HZFHF_005656849976a4b497e7,SUPPORTED_BY,证据支持,EVHF_0713d6b421b955b2576a,,SRCHF_cc297cb887b8fde1f82f,EVHF_0713d6b421b955b2576a,{},非密-第二类危险源分析.docx,HAZARD_FACTOR_REFERENCE_V1,1.6-reference,1.0000,accepted
RELHF_c6fb1b5baa815bc175b3,LOCHF_929d13cfa1579b85f961,SUPPORTED_BY,证据支持,EVHF_c70ac23fff211bb00569,,SRCHF_4505ab3c1d80c289f0e9,EVHF_c70ac23fff211bb00569,{},非密-第二类危险源分析.docx,HAZARD_FACTOR_REFERENCE_V1,1.6-reference,1.0000,accepted
RELHF_c86ea17fe6cb10332e27,HZFHF_b9a8eb2c8874d18299e6,SUPPORTED_BY,证据支持,EVHF_87beb3ed85460cc6186c,,SRCHF_ace88b7ea18d12c280b3,EVHF_87beb3ed85460cc6186c,{},非密-第二类危险源分析.docx,HAZARD_FACTOR_REFERENCE_V1,1.6-reference,1.0000,accepted
RELHF_c8a14012d4054b30647b,LOCHF_f854960ca3a621450d68,SUPPORTED_BY,证据支持,EVHF_58dd6ab533b2aabfd25f,,SRCHF_f63024f53339cc844a71,EVHF_58dd6ab533b2aabfd25f,{},非密-第二类危险源分析.docx,HAZARD_FACTOR_REFERENCE_V1,1.6-reference,1.0000,accepted
RELHF_c905e0801b97a2a33f72,LOCHF_736f344bc33244d66193,SUPPORTED_BY,证据支持,EVHF_698b91906a53bd1978d9,,SRCHF_fe1a17cfea09bea61206,EVHF_698b91906a53bd1978d9,{},非密-第二类危险源分析.docx,HAZARD_FACTOR_REFERENCE_V1,1.6-reference,1.0000,accepted
RELHF_c98d0ebac7753a6de5ab,LOCHF_8d9dfc002f08b2d0f1f8,SUPPORTED_BY,证据支持,EVHF_b10333d10c37884b9d74,,SRCHF_0cee0098f9488c00bcc0,EVHF_b10333d10c37884b9d74,{},非密-第二类危险源分析.docx,HAZARD_FACTOR_REFERENCE_V1,1.6-reference,1.0000,accepted
RELHF_cb1ff61f4510d39e91aa,HZFHF_434023c94f9f3bd768b6,SUPPORTED_BY,证据支持,EVHF_26528929f379c4fbcb77,,SRCHF_31889bae70cc1e6ec53e,EVHF_26528929f379c4fbcb77,{},非密-第二类危险源分析.docx,HAZARD_FACTOR_REFERENCE_V1,1.6-reference,1.0000,accepted
RELHF_cb8405e711d7127396e3,HZFHF_77dd266cb63f95910b79,SUPPORTED_BY,证据支持,EVHF_85d1be0d08b98cd4bb32,,SRCHF_a4d6bcfdac01477e4dfe,EVHF_85d1be0d08b98cd4bb32,{},非密-第二类危险源分析.docx,HAZARD_FACTOR_REFERENCE_V1,1.6-reference,1.0000,accepted
RELHF_cc0acf5fe55f59d9e8b0,HZFHF_2c2c8a7fdaff442fa489,SUPPORTED_BY,证据支持,EVHF_4c4f2bf8ac954acb206c,,SRCHF_20432bdc3336182063c8,EVHF_4c4f2bf8ac954acb206c,{},非密-第二类危险源分析.docx,HAZARD_FACTOR_REFERENCE_V1,1.6-reference,1.0000,accepted
RELHF_cd4fd45afad18fd6ef9f,LOCHF_e5152ec958991964450b,SUPPORTED_BY,证据支持,EVHF_a588bb64793d772f9ff0,,SRCHF_6c17e6ac0df0ae3363ac,EVHF_a588bb64793d772f9ff0,{},非密-第二类危险源分析.docx,HAZARD_FACTOR_REFERENCE_V1,1.6-reference,1.0000,accepted
RELHF_cd677748f2ac371a7853,HZFHF_574335cb62a27f24417a,SUPPORTED_BY,证据支持,EVHF_721b9768ca375d2a304a,,SRCHF_02da76e83c6d55c62c45,EVHF_721b9768ca375d2a304a,{},非密-第二类危险源分析.docx,HAZARD_FACTOR_REFERENCE_V1,1.6-reference,1.0000,accepted
RELHF_cde1629c662aa86b8644,HZFHF_2b3f737a5784673a1317,SUPPORTED_BY,证据支持,EVHF_fa48ba379e7391b9e763,,SRCHF_dec5b99c264c15f73f8f,EVHF_fa48ba379e7391b9e763,{},非密-第二类危险源分析.docx,HAZARD_FACTOR_REFERENCE_V1,1.6-reference,1.0000,accepted
RELHF_cdfa0656f5ed45b55337,HZFHF_e68e6e839f6eca2bb5d1,SUPPORTED_BY,证据支持,EVHF_9b73b9db0c0a142085b9,,SRCHF_5f6f97be6a109293eedb,EVHF_9b73b9db0c0a142085b9,{},非密-第二类危险源分析.docx,HAZARD_FACTOR_REFERENCE_V1,1.6-reference,1.0000,accepted
RELHF_d08b03a7e2c9408c75a5,LOCHF_b3a7e7e239eedc91aa57,SUPPORTED_BY,证据支持,EVHF_8ab8e0c8710aa1a992b4,,SRCHF_682f31b1e5958d6ee145,EVHF_8ab8e0c8710aa1a992b4,{},非密-第二类危险源分析.docx,HAZARD_FACTOR_REFERENCE_V1,1.6-reference,1.0000,accepted
RELHF_d0f129289d363e575b08,HZFHF_2859329837cf86e6fa5f,SUPPORTED_BY,证据支持,EVHF_e51b71806f60efaa565b,,SRCHF_81674b1cd267f1782f65,EVHF_e51b71806f60efaa565b,{},非密-第二类危险源分析.docx,HAZARD_FACTOR_REFERENCE_V1,1.6-reference,1.0000,accepted
RELHF_d101e31490667c2b78fe,LOCHF_3016abea49ee175d3177,SUPPORTED_BY,证据支持,EVHF_7457aaf20335ed1c20fc,,SRCHF_9d9dfc1e45b0de316d86,EVHF_7457aaf20335ed1c20fc,{},非密-第二类危险源分析.docx,HAZARD_FACTOR_REFERENCE_V1,1.6-reference,1.0000,accepted
RELHF_d2cde04a917a22c6bfe0,LOCHF_cbc20f7edae289b223ea,SUPPORTED_BY,证据支持,EVHF_470c61fdcfb5a9f52022,,SRCHF_91ed68e27ef94e2b51ab,EVHF_470c61fdcfb5a9f52022,{},非密-第二类危险源分析.docx,HAZARD_FACTOR_REFERENCE_V1,1.6-reference,1.0000,accepted
RELHF_d2dfedaf401655c098f2,LOCHF_fcc64cfb2ce919cb3b83,SUPPORTED_BY,证据支持,EVHF_cfa83311b7d6ac541a8a,,SRCHF_364d760f47f8b9a5f112,EVHF_cfa83311b7d6ac541a8a,{},非密-第二类危险源分析.docx,HAZARD_FACTOR_REFERENCE_V1,1.6-reference,1.0000,accepted
RELHF_d2f7ba528c418a46c6c1,LOCHF_4269b99eee6d36cd1046,SUPPORTED_BY,证据支持,EVHF_3107752013f815e5cacc,,SRCHF_6b07230449ace8301ff5,EVHF_3107752013f815e5cacc,{},非密-第二类危险源分析.docx,HAZARD_FACTOR_REFERENCE_V1,1.6-reference,1.0000,accepted
RELHF_d3798e0fb7a0ef9212ba,HZFHF_5134bb221769762bfd4e,SUPPORTED_BY,证据支持,EVHF_9ddf82dcc64a27ed7d8a,,SRCHF_884d1fa52408adb92e82,EVHF_9ddf82dcc64a27ed7d8a,{},非密-第二类危险源分析.docx,HAZARD_FACTOR_REFERENCE_V1,1.6-reference,1.0000,accepted
RELHF_d50b0c770bfe94468c19,HZFHF_4f8e7ecc27f1780e6cc0,SUPPORTED_BY,证据支持,EVHF_d200661417a3b87a6520,,SRCHF_38a1287d72e9905628ff,EVHF_d200661417a3b87a6520,{},非密-第二类危险源分析.docx,HAZARD_FACTOR_REFERENCE_V1,1.6-reference,1.0000,accepted
RELHF_d51de60b2b3c5c5bcf4e,HZFHF_1e77c6c9399c6bb217cb,SUPPORTED_BY,证据支持,EVHF_bfd05d93910b923239be,,SRCHF_ed5b8170e509260ebc9d,EVHF_bfd05d93910b923239be,{},非密-第二类危险源分析.docx,HAZARD_FACTOR_REFERENCE_V1,1.6-reference,1.0000,accepted
RELHF_d53bfcfbe6c9a34800ee,LOCHF_8162a513c1b8b6f81a4d,SUPPORTED_BY,证据支持,EVHF_a0de9920da827209e085,,SRCHF_31d8c6d8cb0b1981e0ce,EVHF_a0de9920da827209e085,{},非密-第二类危险源分析.docx,HAZARD_FACTOR_REFERENCE_V1,1.6-reference,1.0000,accepted
RELHF_d5e91b76da63146dd3e1,HZFHF_6f739fe269b3bbd9f87f,SUPPORTED_BY,证据支持,EVHF_9d8e173996a638fbbc2e,,SRCHF_294099aa533da6fb853b,EVHF_9d8e173996a638fbbc2e,{},非密-第二类危险源分析.docx,HAZARD_FACTOR_REFERENCE_V1,1.6-reference,1.0000,accepted
RELHF_d67d2777b3301d10f0f6,HZFHF_7a012a9f2aad360c132e,SUPPORTED_BY,证据支持,EVHF_3107752013f815e5cacc,,SRCHF_6b07230449ace8301ff5,EVHF_3107752013f815e5cacc,{},非密-第二类危险源分析.docx,HAZARD_FACTOR_REFERENCE_V1,1.6-reference,1.0000,accepted
RELHF_d6b48204f625d66c0ba5,HZFHF_5740af5f0014cf38a8db,SUPPORTED_BY,证据支持,EVHF_45a3aaf4f2f94c20502e,,SRCHF_fc89c028bacfc466b374,EVHF_45a3aaf4f2f94c20502e,{},非密-第二类危险源分析.docx,HAZARD_FACTOR_REFERENCE_V1,1.6-reference,1.0000,accepted
RELHF_d6b5d464c9dce46e5e34,HZFHF_448daf99263e05d6550a,SUPPORTED_BY,证据支持,EVHF_3cae71893eb0bba1d5ff,,SRCHF_6b314758d82feb13577c,EVHF_3cae71893eb0bba1d5ff,{},非密-第二类危险源分析.docx,HAZARD_FACTOR_REFERENCE_V1,1.6-reference,1.0000,accepted
RELHF_d7f2980ddacf0ba72859,LOCHF_fca27234a42c87e68147,SUPPORTED_BY,证据支持,EVHF_4954d3d747c146fe8b2e,,SRCHF_5d76c1fe21c1bbaef8de,EVHF_4954d3d747c146fe8b2e,{},非密-第二类危险源分析.docx,HAZARD_FACTOR_REFERENCE_V1,1.6-reference,1.0000,accepted
RELHF_d8a742f311b93842d542,HZFHF_4cebfa96c086fd3ce4b6,SUPPORTED_BY,证据支持,EVHF_0aea3545a1e0dd3482b1,,SRCHF_8625bfe5a0f3095ef52a,EVHF_0aea3545a1e0dd3482b1,{},非密-第二类危险源分析.docx,HAZARD_FACTOR_REFERENCE_V1,1.6-reference,1.0000,accepted
RELHF_d8c4c10387a2f5a93b87,HZFHF_c5c79116cbea2ee3f484,SUPPORTED_BY,证据支持,EVHF_3107752013f815e5cacc,,SRCHF_6b07230449ace8301ff5,EVHF_3107752013f815e5cacc,{},非密-第二类危险源分析.docx,HAZARD_FACTOR_REFERENCE_V1,1.6-reference,1.0000,accepted
RELHF_d8d199e4e6bcaa8330e9,LOCHF_0398b8fde993dfd913a9,SUPPORTED_BY,证据支持,EVHF_b648a9c4338647bb3740,,SRCHF_8719eb8968ab14684ddb,EVHF_b648a9c4338647bb3740,{},非密-第二类危险源分析.docx,HAZARD_FACTOR_REFERENCE_V1,1.6-reference,1.0000,accepted
RELHF_d99a030d548113061b92,HZFHF_6b6222732e43640d6bad,SUPPORTED_BY,证据支持,EVHF_0713d6b421b955b2576a,,SRCHF_cc297cb887b8fde1f82f,EVHF_0713d6b421b955b2576a,{},非密-第二类危险源分析.docx,HAZARD_FACTOR_REFERENCE_V1,1.6-reference,1.0000,accepted
RELHF_da73207fca0904e43c2c,HZFHF_800dca9927cf4c96eb6a,SUPPORTED_BY,证据支持,EVHF_b7de039aec1d18a6e289,,SRCHF_f11bbc5af1b31764acab,EVHF_b7de039aec1d18a6e289,{},非密-第二类危险源分析.docx,HAZARD_FACTOR_REFERENCE_V1,1.6-reference,1.0000,accepted
RELHF_daae5d441a23cdc5a34b,LOCHF_89267cfb8c929bf19ad0,SUPPORTED_BY,证据支持,EVHF_c71240af4c361dd87c23,,SRCHF_055ae9078317ae095253,EVHF_c71240af4c361dd87c23,{},非密-第二类危险源分析.docx,HAZARD_FACTOR_REFERENCE_V1,1.6-reference,1.0000,accepted
RELHF_db2642f2f61a94f20b12,HZFHF_1ee7764f591eabe6dc3e,SUPPORTED_BY,证据支持,EVHF_f4cad4442a5328b8dfb5,,SRCHF_561db2c8509c401389c2,EVHF_f4cad4442a5328b8dfb5,{},非密-第二类危险源分析.docx,HAZARD_FACTOR_REFERENCE_V1,1.6-reference,1.0000,accepted
RELHF_db49cd80d0f96068f705,HZFHF_9598a269aa6650dc7a43,SUPPORTED_BY,证据支持,EVHF_a0e399a809734b9bf0a4,,SRCHF_f4724f75524190eec70a,EVHF_a0e399a809734b9bf0a4,{},非密-第二类危险源分析.docx,HAZARD_FACTOR_REFERENCE_V1,1.6-reference,1.0000,accepted
RELHF_db4b93f9dc07595908da,LOCHF_c13a90ce47206ff01419,SUPPORTED_BY,证据支持,EVHF_3b7e6448ef0683c59a09,,SRCHF_190f44d52f346300faca,EVHF_3b7e6448ef0683c59a09,{},非密-第二类危险源分析.docx,HAZARD_FACTOR_REFERENCE_V1,1.6-reference,1.0000,accepted
RELHF_db5c0221cba50f68c995,LOCHF_cbe7ba5dc785d6f7e936,SUPPORTED_BY,证据支持,EVHF_a4e8ef70115ad12b9c0d,,SRCHF_51885c6cca47f3c72388,EVHF_a4e8ef70115ad12b9c0d,{},非密-第二类危险源分析.docx,HAZARD_FACTOR_REFERENCE_V1,1.6-reference,1.0000,accepted
RELHF_db80fdd036f6c4c5a363,LOCHF_0d629c7fe15c85e6f762,SUPPORTED_BY,证据支持,EVHF_f8dd3a3a995a0b9e36a1,,SRCHF_2d2500f0cec7d433792e,EVHF_f8dd3a3a995a0b9e36a1,{},非密-第二类危险源分析.docx,HAZARD_FACTOR_REFERENCE_V1,1.6-reference,1.0000,accepted
RELHF_dbb0a5cddf7fd1405c09,HZFHF_d4f2f6f3c6f30dbf490f,SUPPORTED_BY,证据支持,EVHF_5f5e0d14be0240f2f24b,,SRCHF_687c1a0e1e845d64097c,EVHF_5f5e0d14be0240f2f24b,{},非密-第二类危险源分析.docx,HAZARD_FACTOR_REFERENCE_V1,1.6-reference,1.0000,accepted
RELHF_dcb63f91f68abc487fcb,HZFHF_a010d5e70b36944a2194,SUPPORTED_BY,证据支持,EVHF_5d2257d66647dbd2feef,,SRCHF_ed976d54e24f8d9b3507,EVHF_5d2257d66647dbd2feef,{},非密-第二类危险源分析.docx,HAZARD_FACTOR_REFERENCE_V1,1.6-reference,1.0000,accepted
RELHF_de06f18c08c2a4f00c6a,LOCHF_fada2bc5cb8fe580b502,SUPPORTED_BY,证据支持,EVHF_d2fc6112f6804f379136,,SRCHF_938512fc693557bf7d54,EVHF_d2fc6112f6804f379136,{},非密-第二类危险源分析.docx,HAZARD_FACTOR_REFERENCE_V1,1.6-reference,1.0000,accepted
RELHF_de2e21783c79a015a86a,LOCHF_9b10f7f372fcacd7e2d7,SUPPORTED_BY,证据支持,EVHF_726e8271005c1de3e271,,SRCHF_6f12afcae69c15341bec,EVHF_726e8271005c1de3e271,{},非密-第二类危险源分析.docx,HAZARD_FACTOR_REFERENCE_V1,1.6-reference,1.0000,accepted
RELHF_e0654c29d0bb1f81ece0,LOCHF_b2c98d3f2edc60e72bed,SUPPORTED_BY,证据支持,EVHF_aff97538e12909287000,,SRCHF_949e3dcaa762631cfddf,EVHF_aff97538e12909287000,{},非密-第二类危险源分析.docx,HAZARD_FACTOR_REFERENCE_V1,1.6-reference,1.0000,accepted
RELHF_e130d22d3b7302fdf038,HZFHF_7be5f6328e297b54d686,SUPPORTED_BY,证据支持,EVHF_02d43f46e65f42e03f72,,SRCHF_b3111380cde3508395db,EVHF_02d43f46e65f42e03f72,{},非密-第二类危险源分析.docx,HAZARD_FACTOR_REFERENCE_V1,1.6-reference,1.0000,accepted
RELHF_e253f891e3f752ecf02a,HZFHF_270c81e00bb070a018d9,SUPPORTED_BY,证据支持,EVHF_726e8271005c1de3e271,,SRCHF_6f12afcae69c15341bec,EVHF_726e8271005c1de3e271,{},非密-第二类危险源分析.docx,HAZARD_FACTOR_REFERENCE_V1,1.6-reference,1.0000,accepted
RELHF_e26641ad15cf5e581d71,HZFHF_60d3efda104373aea50d,SUPPORTED_BY,证据支持,EVHF_70770e80f5e8b32f8c1c,,SRCHF_fdf98fc063bef694f9b8,EVHF_70770e80f5e8b32f8c1c,{},非密-第二类危险源分析.docx,HAZARD_FACTOR_REFERENCE_V1,1.6-reference,1.0000,accepted
RELHF_e26fcf73520da39dba96,LOCHF_4a2678e6d80e5873325b,SUPPORTED_BY,证据支持,EVHF_a46c398c93ec74ee2ef3,,SRCHF_8611daff67a0176179ed,EVHF_a46c398c93ec74ee2ef3,{},非密-第二类危险源分析.docx,HAZARD_FACTOR_REFERENCE_V1,1.6-reference,1.0000,accepted
RELHF_e2a81cdd6ad55d2ac57d,HZFHF_88fbc01cc8e382ecefe6,SUPPORTED_BY,证据支持,EVHF_76dda8bb6bc21b884e79,,SRCHF_a30ad2b68fa5510def53,EVHF_76dda8bb6bc21b884e79,{},非密-第二类危险源分析.docx,HAZARD_FACTOR_REFERENCE_V1,1.6-reference,1.0000,accepted
RELHF_e2becfe27a7e5af550f6,LOCHF_d3118d3e1459325b49c0,SUPPORTED_BY,证据支持,EVHF_455ec9b80683e255ba93,,SRCHF_51d650b3140e40d85169,EVHF_455ec9b80683e255ba93,{},非密-第二类危险源分析.docx,HAZARD_FACTOR_REFERENCE_V1,1.6-reference,1.0000,accepted
RELHF_e34218d9554710b34335,HZFHF_ad3daea6b5207d3ba7ba,SUPPORTED_BY,证据支持,EVHF_3beabfd7a8c65579dfef,,SRCHF_eb51f82a11bcac77bfd5,EVHF_3beabfd7a8c65579dfef,{},非密-第二类危险源分析.docx,HAZARD_FACTOR_REFERENCE_V1,1.6-reference,1.0000,accepted
RELHF_e359d1e7f7d30f3df559,HZFHF_a1f77925f5bb96f1f703,SUPPORTED_BY,证据支持,EVHF_1ac15bf1255bdb8a2a7e,,SRCHF_b18a24c8e094575ecfa3,EVHF_1ac15bf1255bdb8a2a7e,{},非密-第二类危险源分析.docx,HAZARD_FACTOR_REFERENCE_V1,1.6-reference,1.0000,accepted
RELHF_e4812560ce1cc0d71f1a,LOCHF_249f366e77df58d167c3,SUPPORTED_BY,证据支持,EVHF_db5945c6259b9e5b2a6f,,SRCHF_a287b9ab70422fe28aa9,EVHF_db5945c6259b9e5b2a6f,{},非密-第二类危险源分析.docx,HAZARD_FACTOR_REFERENCE_V1,1.6-reference,1.0000,accepted
RELHF_e4a63e9191507274a67e,HZFHF_ce1b73401e3d7987c16b,SUPPORTED_BY,证据支持,EVHF_367ea84792f65524646a,,SRCHF_a6de77d6711faa0e60fc,EVHF_367ea84792f65524646a,{},非密-第二类危险源分析.docx,HAZARD_FACTOR_REFERENCE_V1,1.6-reference,1.0000,accepted
RELHF_e510231cb623ba7ae183,LOCHF_c2874acb610f25bfa7ab,SUPPORTED_BY,证据支持,EVHF_0def88932a19f68d656d,,SRCHF_8417b672d58b7c556e0d,EVHF_0def88932a19f68d656d,{},非密-第二类危险源分析.docx,HAZARD_FACTOR_REFERENCE_V1,1.6-reference,1.0000,accepted
RELHF_e5fcf9f6fd4edb08e812,HZFHF_4ce03ad8a23d8ecb8570,SUPPORTED_BY,证据支持,EVHF_641fcbe5664540b868fe,,SRCHF_7d5c5bbd690e492dab2d,EVHF_641fcbe5664540b868fe,{},非密-第二类危险源分析.docx,HAZARD_FACTOR_REFERENCE_V1,1.6-reference,1.0000,accepted
RELHF_e68f0a958d5a6478ba77,HZFHF_71880b398b507045b77c,SUPPORTED_BY,证据支持,EVHF_67234f3950dea5e3bbc8,,SRCHF_fa6085f6618c0430d2c7,EVHF_67234f3950dea5e3bbc8,{},非密-第二类危险源分析.docx,HAZARD_FACTOR_REFERENCE_V1,1.6-reference,1.0000,accepted
RELHF_e70dfee5510e85e53802,HZFHF_4f3c66f418ff9562ee80,SUPPORTED_BY,证据支持,EVHF_a0b93a7784a25624690f,,SRCHF_fc035e59aaf5c6dc4eda,EVHF_a0b93a7784a25624690f,{},非密-第二类危险源分析.docx,HAZARD_FACTOR_REFERENCE_V1,1.6-reference,1.0000,accepted
RELHF_e8202a07d492ceb31deb,HZFHF_71b2daab09d0612b10c8,SUPPORTED_BY,证据支持,EVHF_b466815bc58563bd132a,,SRCHF_023a5036161271cdb0c4,EVHF_b466815bc58563bd132a,{},非密-第二类危险源分析.docx,HAZARD_FACTOR_REFERENCE_V1,1.6-reference,1.0000,accepted
RELHF_e858039b84958a55ef34,HZFHF_86a6179435daa62548c3,SUPPORTED_BY,证据支持,EVHF_0a96e71082bd30be786d,,SRCHF_1efb21887e9d20ace659,EVHF_0a96e71082bd30be786d,{},非密-第二类危险源分析.docx,HAZARD_FACTOR_REFERENCE_V1,1.6-reference,1.0000,accepted
RELHF_e8e9682d0738219caddb,HZFHF_3f33c05e15ec343f7d7e,SUPPORTED_BY,证据支持,EVHF_5637a6b71cd8780a662c,,SRCHF_c9cce373c6651bcf7173,EVHF_5637a6b71cd8780a662c,{},非密-第二类危险源分析.docx,HAZARD_FACTOR_REFERENCE_V1,1.6-reference,1.0000,accepted
RELHF_e8f362eb6bb763a22b72,HZFHF_b18637d7c2575cbd2139,SUPPORTED_BY,证据支持,EVHF_c9e018202860f27054c4,,SRCHF_f28648036f64073d2c2b,EVHF_c9e018202860f27054c4,{},非密-第二类危险源分析.docx,HAZARD_FACTOR_REFERENCE_V1,1.6-reference,1.0000,accepted
RELHF_e906a1ff948b473e3b64,LOCHF_811233e8058fb094975c,SUPPORTED_BY,证据支持,EVHF_5e7b48b36cf708115953,,SRCHF_70f1af9306650d23505e,EVHF_5e7b48b36cf708115953,{},非密-第二类危险源分析.docx,HAZARD_FACTOR_REFERENCE_V1,1.6-reference,1.0000,accepted
RELHF_e913f89f84d0030ffe9b,HZFHF_3b48207da67db67d8a04,SUPPORTED_BY,证据支持,EVHF_2508d91af2bb1bac2655,,SRCHF_aa263eb447d17e45a0b9,EVHF_2508d91af2bb1bac2655,{},非密-第二类危险源分析.docx,HAZARD_FACTOR_REFERENCE_V1,1.6-reference,1.0000,accepted
RELHF_ea762d97ba9dde6d4129,HZFHF_d183a48ee8495a6b6722,SUPPORTED_BY,证据支持,EVHF_a31259a1a2e8c78f3843,,SRCHF_2d14b9a8706f43c17a83,EVHF_a31259a1a2e8c78f3843,{},非密-第二类危险源分析.docx,HAZARD_FACTOR_REFERENCE_V1,1.6-reference,1.0000,accepted
RELHF_eb4165df7630a94124c6,LOCHF_dacfb9bc5d5dc9f86039,SUPPORTED_BY,证据支持,EVHF_ae1fcd30236ccc2e32e5,,SRCHF_a559c62751f3359a074c,EVHF_ae1fcd30236ccc2e32e5,{},非密-第二类危险源分析.docx,HAZARD_FACTOR_REFERENCE_V1,1.6-reference,1.0000,accepted
RELHF_ed2c90299cce93180611,HZFHF_50798fb6f7f0c4d612bd,SUPPORTED_BY,证据支持,EVHF_b20f1f85998c8fe1be6b,,SRCHF_fadedb873d7b64450b54,EVHF_b20f1f85998c8fe1be6b,{},非密-第二类危险源分析.docx,HAZARD_FACTOR_REFERENCE_V1,1.6-reference,1.0000,accepted
RELHF_ee60ff00c40053b69b0e,LOCHF_33a78b50577f55d3fe43,SUPPORTED_BY,证据支持,EVHF_a8612584303759332f57,,SRCHF_2be2b26016fd3973bba3,EVHF_a8612584303759332f57,{},非密-第二类危险源分析.docx,HAZARD_FACTOR_REFERENCE_V1,1.6-reference,1.0000,accepted
RELHF_eead524574a07d8a5ca2,HZFHF_912ef8643211b9e2f626,SUPPORTED_BY,证据支持,EVHF_9c5dda97728e6d2b1fad,,SRCHF_301e080ba1f40bc29751,EVHF_9c5dda97728e6d2b1fad,{},非密-第二类危险源分析.docx,HAZARD_FACTOR_REFERENCE_V1,1.6-reference,1.0000,accepted
RELHF_efe0d3df28d769231163,HZFHF_b0754a2f37091755b188,SUPPORTED_BY,证据支持,EVHF_949377867e131a02a02b,,SRCHF_13fd90510fbe15e64163,EVHF_949377867e131a02a02b,{},非密-第二类危险源分析.docx,HAZARD_FACTOR_REFERENCE_V1,1.6-reference,1.0000,accepted
RELHF_f0300d06a4903c9da492,LOCHF_a8d01d00b495e2c665c4,SUPPORTED_BY,证据支持,EVHF_c9e018202860f27054c4,,SRCHF_f28648036f64073d2c2b,EVHF_c9e018202860f27054c4,{},非密-第二类危险源分析.docx,HAZARD_FACTOR_REFERENCE_V1,1.6-reference,1.0000,accepted
RELHF_f1302457bd33c79218c5,LOCHF_676226ec9353cdd583d5,SUPPORTED_BY,证据支持,EVHF_4c4f2bf8ac954acb206c,,SRCHF_20432bdc3336182063c8,EVHF_4c4f2bf8ac954acb206c,{},非密-第二类危险源分析.docx,HAZARD_FACTOR_REFERENCE_V1,1.6-reference,1.0000,accepted
RELHF_f160cf0078bdd3805694,LOCHF_5411bc8bb0bde9da4f25,SUPPORTED_BY,证据支持,EVHF_8ed976059b56d408ed9b,,SRCHF_aff3c70cf54bb1ca415b,EVHF_8ed976059b56d408ed9b,{},非密-第二类危险源分析.docx,HAZARD_FACTOR_REFERENCE_V1,1.6-reference,1.0000,accepted
RELHF_f2fa3a3bbe5ee0882505,LOCHF_d58c4d852b30c28bc81d,SUPPORTED_BY,证据支持,EVHF_8a588a516b512d0ed88d,,SRCHF_c0832cf65e903cd5ab1b,EVHF_8a588a516b512d0ed88d,{},非密-第二类危险源分析.docx,HAZARD_FACTOR_REFERENCE_V1,1.6-reference,1.0000,accepted
RELHF_f349af648d663f5efa9e,HZFHF_f4b897489e0dbb4eb1ff,SUPPORTED_BY,证据支持,EVHF_36d46d73fc28ece39f6b,,SRCHF_66ffe36ea4982e2f5799,EVHF_36d46d73fc28ece39f6b,{},非密-第二类危险源分析.docx,HAZARD_FACTOR_REFERENCE_V1,1.6-reference,1.0000,accepted
RELHF_f42f9aaf524ab34f53e6,LOCHF_8a310762ba8651d2dc18,SUPPORTED_BY,证据支持,EVHF_e707018d7ae55add01ed,,SRCHF_c713bb21e8514bfb2d22,EVHF_e707018d7ae55add01ed,{},非密-第二类危险源分析.docx,HAZARD_FACTOR_REFERENCE_V1,1.6-reference,1.0000,accepted
RELHF_f5496fa37053f9558e55,HZFHF_0a208bac45291d83fe16,SUPPORTED_BY,证据支持,EVHF_0a96e71082bd30be786d,,SRCHF_1efb21887e9d20ace659,EVHF_0a96e71082bd30be786d,{},非密-第二类危险源分析.docx,HAZARD_FACTOR_REFERENCE_V1,1.6-reference,1.0000,accepted
RELHF_f5b5a99aa359fa8b8065,HZFHF_a9c59db7cb5f8706d81f,SUPPORTED_BY,证据支持,EVHF_95f73df0fae0e2af42d3,,SRCHF_1b87aeb3da16f6e93e96,EVHF_95f73df0fae0e2af42d3,{},非密-第二类危险源分析.docx,HAZARD_FACTOR_REFERENCE_V1,1.6-reference,1.0000,accepted
RELHF_f5fc2f1de392edab32ea,HZFHF_c9243d7a031ae4123933,SUPPORTED_BY,证据支持,EVHF_aede8b56f95d33fc3958,,SRCHF_dcb4e2cd6e3f02a9bc73,EVHF_aede8b56f95d33fc3958,{},非密-第二类危险源分析.docx,HAZARD_FACTOR_REFERENCE_V1,1.6-reference,1.0000,accepted
RELHF_f6ed6275730618f7a1be,HZFHF_663629201699c66e6d73,SUPPORTED_BY,证据支持,EVHF_d5adad3a983577a151ae,,SRCHF_fc58b5d0028ec7286b69,EVHF_d5adad3a983577a151ae,{},非密-第二类危险源分析.docx,HAZARD_FACTOR_REFERENCE_V1,1.6-reference,1.0000,accepted
RELHF_f722fde63cfa66a2ce1c,HZFHF_934cccf9b5de86db5f6d,SUPPORTED_BY,证据支持,EVHF_e707018d7ae55add01ed,,SRCHF_c713bb21e8514bfb2d22,EVHF_e707018d7ae55add01ed,{},非密-第二类危险源分析.docx,HAZARD_FACTOR_REFERENCE_V1,1.6-reference,1.0000,accepted
RELHF_f7b7b2d416a8711ff95f,LOCHF_a3695d445be92c295cc3,SUPPORTED_BY,证据支持,EVHF_db9d55427f74c191d8ea,,SRCHF_53af7e926ef486483f7d,EVHF_db9d55427f74c191d8ea,{},非密-第二类危险源分析.docx,HAZARD_FACTOR_REFERENCE_V1,1.6-reference,1.0000,accepted
RELHF_f7d60ef00ff33dc148fe,HZFHF_4e8457ff0a95bf43793c,SUPPORTED_BY,证据支持,EVHF_ee0c0c50d6a0c6e68a5d,,SRCHF_cfd1f4d4db8b0d533806,EVHF_ee0c0c50d6a0c6e68a5d,{},非密-第二类危险源分析.docx,HAZARD_FACTOR_REFERENCE_V1,1.6-reference,1.0000,accepted
RELHF_f8f1c103f238d4d236c7,HZFHF_ea0b4f1292cc51fc46b7,SUPPORTED_BY,证据支持,EVHF_3d7dfc3062f232570b76,,SRCHF_21baa01d1f1620d36e6a,EVHF_3d7dfc3062f232570b76,{},非密-第二类危险源分析.docx,HAZARD_FACTOR_REFERENCE_V1,1.6-reference,1.0000,accepted
RELHF_f9c3c643dba8b3634f02,HZFHF_ae17ae5151b935a51f4d,SUPPORTED_BY,证据支持,EVHF_dcc493e4040650c0f70c,,SRCHF_c7155161d7e938550a61,EVHF_dcc493e4040650c0f70c,{},非密-第二类危险源分析.docx,HAZARD_FACTOR_REFERENCE_V1,1.6-reference,1.0000,accepted
RELHF_fa50c46eded875b56cb6,HZFHF_6dab843764510085f817,SUPPORTED_BY,证据支持,EVHF_b8ce8ff0521fe273c23c,,SRCHF_bc0ad0c41aea0360fd61,EVHF_b8ce8ff0521fe273c23c,{},非密-第二类危险源分析.docx,HAZARD_FACTOR_REFERENCE_V1,1.6-reference,1.0000,accepted
RELHF_fac4f1a8b98dff0f4f31,HZFHF_d83948a9388621d60e35,SUPPORTED_BY,证据支持,EVHF_781c04d46a258963a1f5,,SRCHF_a06f98b8037fdfc0f3eb,EVHF_781c04d46a258963a1f5,{},非密-第二类危险源分析.docx,HAZARD_FACTOR_REFERENCE_V1,1.6-reference,1.0000,accepted
RELHF_fb31186428e6df59a486,HZFHF_da8b2a95a6cb0dc27985,SUPPORTED_BY,证据支持,EVHF_c7774ca510c0d946ac8d,,SRCHF_94701b909ed6f764cab8,EVHF_c7774ca510c0d946ac8d,{},非密-第二类危险源分析.docx,HAZARD_FACTOR_REFERENCE_V1,1.6-reference,1.0000,accepted
RELHF_fc64f3b737a1a278c8fa,LOCHF_6928244546a3cc4d7cf3,SUPPORTED_BY,证据支持,EVHF_8154802f49cd0d8e9ce2,,SRCHF_5ae4d65ab5606cdd7310,EVHF_8154802f49cd0d8e9ce2,{},非密-第二类危险源分析.docx,HAZARD_FACTOR_REFERENCE_V1,1.6-reference,1.0000,accepted
RELHF_fd6ac1451ee1633d5a42,HZFHF_b8b6c6588b45e26c4767,SUPPORTED_BY,证据支持,EVHF_a588bb64793d772f9ff0,,SRCHF_6c17e6ac0df0ae3363ac,EVHF_a588bb64793d772f9ff0,{},非密-第二类危险源分析.docx,HAZARD_FACTOR_REFERENCE_V1,1.6-reference,1.0000,accepted
RELHF_fe2a8bcbf323d2b119e4,HZFHF_bc661e3723ad5b371496,SUPPORTED_BY,证据支持,EVHF_cb75573a365d8ea9583c,,SRCHF_cfd2a273c81ffb78b0bf,EVHF_cb75573a365d8ea9583c,{},非密-第二类危险源分析.docx,HAZARD_FACTOR_REFERENCE_V1,1.6-reference,1.0000,accepted
RELHF_fe6f1544f0199d06bfe1,HZFHF_220ab68f0f3df94fb21d,SUPPORTED_BY,证据支持,EVHF_fa1097849328790f770f,,SRCHF_f79ce1d61907ae26395e,EVHF_fa1097849328790f770f,{},非密-第二类危险源分析.docx,HAZARD_FACTOR_REFERENCE_V1,1.6-reference,1.0000,accepted
RELHF_ff740692a6bdeda47c39,LOCHF_542bbaf583b36f6e9175,SUPPORTED_BY,证据支持,EVHF_000b2389095759b68fe8,,SRCHF_eac0df7c4deda6f1af21,EVHF_000b2389095759b68fe8,{},非密-第二类危险源分析.docx,HAZARD_FACTOR_REFERENCE_V1,1.6-reference,1.0000,accepted
RELHF_ffef2b934a63779a728b,HZFHF_36b2448a5050c17151c9,SUPPORTED_BY,证据支持,EVHF_aede8b56f95d33fc3958,,SRCHF_dcb4e2cd6e3f02a9bc73,EVHF_aede8b56f95d33fc3958,{},非密-第二类危险源分析.docx,HAZARD_FACTOR_REFERENCE_V1,1.6-reference,1.0000,accepted
