relation_id,head_id,relation_code,tail_id,properties_json,review_status
rel_f738202331cc5d17f22c,standard_node_52c1b52c1f4b0df77db4,HAS_CLAUSE,clause_node_e243959d43becd1b5081,{},accepted
rel_35a7c52a343fd1156490,clause_node_e243959d43becd1b5081,HAS_REQUIREMENT,rule_83257e69d89ac1fe02df,{},accepted
rel_45a238ea50166b151464,rule_83257e69d89ac1fe02df,DERIVED_FROM,clause_node_e243959d43becd1b5081,{},accepted
rel_4feb47dc9c0b682b38e3,rule_83257e69d89ac1fe02df,SUPPORTED_BY,evidence_22f34aaab2ad5dc240a8,{},accepted
rel_643887b507fc93bc3297,clause_node_e243959d43becd1b5081,HAS_REQUIREMENT,rule_53f644ef8f12c0c91ae0,{},accepted
rel_8b35047b824f50551b54,rule_53f644ef8f12c0c91ae0,DERIVED_FROM,clause_node_e243959d43becd1b5081,{},accepted
rel_a90f587949af05450cd3,rule_53f644ef8f12c0c91ae0,SUPPORTED_BY,evidence_22f34aaab2ad5dc240a8,{},accepted
rel_c2e43075e40cb180c68a,standard_node_52c1b52c1f4b0df77db4,HAS_CLAUSE,clause_node_4ab7d58b38dd9f585f67,{},accepted
rel_6231ef7d693d4f035275,clause_node_4ab7d58b38dd9f585f67,HAS_REQUIREMENT,rule_47556769cf1dfa96bf10,{},accepted
rel_fea52e3898d9d01e08b2,rule_47556769cf1dfa96bf10,DERIVED_FROM,clause_node_4ab7d58b38dd9f585f67,{},accepted
rel_06a32259b2211154114c,rule_47556769cf1dfa96bf10,SUPPORTED_BY,evidence_b2acbd01fec46fc8995f,{},accepted
rel_4804fb8b7d3c79e9acd7,clause_node_4ab7d58b38dd9f585f67,HAS_REQUIREMENT,rule_5b5bd0dc63de4ab33add,{},accepted
rel_0dbce0d9ca67ccbea18e,rule_5b5bd0dc63de4ab33add,DERIVED_FROM,clause_node_4ab7d58b38dd9f585f67,{},accepted
rel_986f2772a1dacabab58b,rule_5b5bd0dc63de4ab33add,SUPPORTED_BY,evidence_b2acbd01fec46fc8995f,{},accepted
rel_0d5bd97edaa0b9304086,standard_node_52c1b52c1f4b0df77db4,HAS_CLAUSE,clause_node_aae0cb902ebd08303267,{},accepted
rel_4a710c0973310fc76fd1,clause_node_aae0cb902ebd08303267,HAS_REQUIREMENT,rule_68c81d4c7a8d99854663,{},accepted
rel_01ca4c56ada2413f4885,rule_68c81d4c7a8d99854663,DERIVED_FROM,clause_node_aae0cb902ebd08303267,{},accepted
rel_bed5bbbca6783c8fab72,rule_68c81d4c7a8d99854663,SUPPORTED_BY,evidence_ed743d3e821f3222139e,{},accepted
rel_4660cc5f57a19dc87df5,clause_node_aae0cb902ebd08303267,HAS_REQUIREMENT,rule_df5e4478f854f42c7b6b,{},accepted
rel_4498e2b77d7c9d244395,rule_df5e4478f854f42c7b6b,DERIVED_FROM,clause_node_aae0cb902ebd08303267,{},accepted
rel_bd1e2bce885f37cd3177,rule_df5e4478f854f42c7b6b,SUPPORTED_BY,evidence_ed743d3e821f3222139e,{},accepted
rel_1d1685b07291d768f295,standard_node_52c1b52c1f4b0df77db4,HAS_CLAUSE,clause_node_4d9b17a5b12f6ee0b0db,{},accepted
rel_e8087480746a8a9bb593,clause_node_4d9b17a5b12f6ee0b0db,HAS_REQUIREMENT,rule_d9ed285b1df2c7d412b7,{},accepted
rel_3e715ca89cb4de9930c1,rule_d9ed285b1df2c7d412b7,DERIVED_FROM,clause_node_4d9b17a5b12f6ee0b0db,{},accepted
rel_33ac27f24f2f6b744b4d,rule_d9ed285b1df2c7d412b7,SUPPORTED_BY,evidence_427a018654ebac92bc4a,{},accepted
rel_56b58dfa5ffbbfef9e4a,standard_node_52c1b52c1f4b0df77db4,HAS_CLAUSE,clause_node_92920cb209b762eb1378,{},accepted
rel_56567f7e9a3890c6c61f,clause_node_92920cb209b762eb1378,HAS_REQUIREMENT,rule_46fd4105d63d5a388eb0,{},accepted
rel_da9a38d23e4669e27680,rule_46fd4105d63d5a388eb0,DERIVED_FROM,clause_node_92920cb209b762eb1378,{},accepted
rel_dbcf465e2194174c0d56,rule_46fd4105d63d5a388eb0,SUPPORTED_BY,evidence_db8de8908f2d35bb5571,{},accepted
rel_00f570ac602fd30ef184,standard_node_52c1b52c1f4b0df77db4,HAS_CLAUSE,clause_node_ffd54c9f4abf1b8475b9,{},accepted
rel_a960efc6e8aae2b923ba,clause_node_ffd54c9f4abf1b8475b9,HAS_REQUIREMENT,rule_2a05c75a3f1612330222,{},accepted
rel_ee0c5b42255316a6aaae,rule_2a05c75a3f1612330222,DERIVED_FROM,clause_node_ffd54c9f4abf1b8475b9,{},accepted
rel_8d2f6f340a028ba9de22,rule_2a05c75a3f1612330222,SUPPORTED_BY,evidence_1836fd98acca79438b4a,{},accepted
rel_1109d6efab57218b55fa,clause_node_ffd54c9f4abf1b8475b9,HAS_REQUIREMENT,rule_a32f1fcf0b4a651d2d22,{},accepted
rel_a7305b9f175345e0dd4b,rule_a32f1fcf0b4a651d2d22,DERIVED_FROM,clause_node_ffd54c9f4abf1b8475b9,{},accepted
rel_23dac38ed403de68d7c6,rule_a32f1fcf0b4a651d2d22,SUPPORTED_BY,evidence_1836fd98acca79438b4a,{},accepted
rel_8847998ff3cbce3caee1,clause_node_ffd54c9f4abf1b8475b9,HAS_REQUIREMENT,rule_caba39ac13d3934cc060,{},accepted
rel_6a9017e78e2d8c7cab28,rule_caba39ac13d3934cc060,DERIVED_FROM,clause_node_ffd54c9f4abf1b8475b9,{},accepted
rel_b101d66be4b988527d7d,rule_caba39ac13d3934cc060,SUPPORTED_BY,evidence_1836fd98acca79438b4a,{},accepted
rel_8040f5010b83af05dd85,clause_node_ffd54c9f4abf1b8475b9,HAS_REQUIREMENT,rule_8e486f26cb29173d0efe,{},accepted
rel_9a6b602bc8f6cc816459,rule_8e486f26cb29173d0efe,DERIVED_FROM,clause_node_ffd54c9f4abf1b8475b9,{},accepted
rel_080aa06961a1e4cfb951,rule_8e486f26cb29173d0efe,SUPPORTED_BY,evidence_1836fd98acca79438b4a,{},accepted
rel_091fc88ed0eea3d8875a,clause_node_ffd54c9f4abf1b8475b9,HAS_REQUIREMENT,rule_1bbd6cbbe79a39df88fc,{},accepted
rel_7839eaaa0d531998b263,rule_1bbd6cbbe79a39df88fc,DERIVED_FROM,clause_node_ffd54c9f4abf1b8475b9,{},accepted
rel_8ab3cc5d5e9ab98a8ce5,rule_1bbd6cbbe79a39df88fc,SUPPORTED_BY,evidence_1836fd98acca79438b4a,{},accepted
rel_dcc9bab740b5bfef1db2,clause_node_ffd54c9f4abf1b8475b9,HAS_REQUIREMENT,rule_659d3571551bcb32ecac,{},accepted
rel_a03405227773ddb0d8c0,rule_659d3571551bcb32ecac,DERIVED_FROM,clause_node_ffd54c9f4abf1b8475b9,{},accepted
rel_b845b8945a1ea5bc65cd,rule_659d3571551bcb32ecac,SUPPORTED_BY,evidence_1836fd98acca79438b4a,{},accepted
rel_c412e9c0eb3718261c5c,clause_node_ffd54c9f4abf1b8475b9,HAS_REQUIREMENT,rule_5f45a9a781cb3c7447f9,{},accepted
rel_f3b1ca56abe861fc60a5,rule_5f45a9a781cb3c7447f9,DERIVED_FROM,clause_node_ffd54c9f4abf1b8475b9,{},accepted
rel_f15458499b12ec117f38,rule_5f45a9a781cb3c7447f9,SUPPORTED_BY,evidence_1836fd98acca79438b4a,{},accepted
rel_07a23d4c3fb8a1480dd3,standard_node_52c1b52c1f4b0df77db4,HAS_CLAUSE,clause_node_a72dc5561c692bcb6256,{},accepted
rel_3a6c7c688925e523635f,clause_node_a72dc5561c692bcb6256,HAS_REQUIREMENT,rule_b0f7309e041d9df235e9,{},accepted
rel_c858f084562ca1ef9ae5,rule_b0f7309e041d9df235e9,DERIVED_FROM,clause_node_a72dc5561c692bcb6256,{},accepted
rel_d39c4f1e6f0aecc87a2b,rule_b0f7309e041d9df235e9,SUPPORTED_BY,evidence_fb58340bb057093d4611,{},accepted
rel_d1bac7753a3ac3c56f5d,standard_node_52c1b52c1f4b0df77db4,HAS_CLAUSE,clause_node_35bfa978d207e8d9f3a3,{},accepted
rel_eb344c745a7b957536ce,clause_node_35bfa978d207e8d9f3a3,HAS_REQUIREMENT,rule_c0e58ee9ac63a81d9784,{},accepted
rel_d512cfdee116154c261d,rule_c0e58ee9ac63a81d9784,DERIVED_FROM,clause_node_35bfa978d207e8d9f3a3,{},accepted
rel_9df2cec6b6b871347e31,rule_c0e58ee9ac63a81d9784,SUPPORTED_BY,evidence_eee059d96a3c7c8ea4db,{},accepted
rel_ab87c151badf9e8961ff,clause_node_35bfa978d207e8d9f3a3,HAS_REQUIREMENT,rule_bfee2023685421224fe3,{},accepted
rel_7cb9e9b1763add8f6b0a,rule_bfee2023685421224fe3,DERIVED_FROM,clause_node_35bfa978d207e8d9f3a3,{},accepted
rel_5fa8969fbac311d33a64,rule_bfee2023685421224fe3,SUPPORTED_BY,evidence_eee059d96a3c7c8ea4db,{},accepted
rel_153f9d5f9638bf0102c8,standard_node_52c1b52c1f4b0df77db4,HAS_CLAUSE,clause_node_04889204dde47b4962ec,{},accepted
rel_4a6a4a5f862ab3661dd6,clause_node_04889204dde47b4962ec,HAS_REQUIREMENT,rule_3c5ef0b5509d71ae77d6,{},accepted
rel_f481282755e2bcf8aec8,rule_3c5ef0b5509d71ae77d6,DERIVED_FROM,clause_node_04889204dde47b4962ec,{},accepted
rel_6f4946b101dccbfaf453,rule_3c5ef0b5509d71ae77d6,SUPPORTED_BY,evidence_5a1c52355d6a23f89681,{},accepted
rel_4e217cae353fb549253b,standard_node_52c1b52c1f4b0df77db4,HAS_CLAUSE,clause_node_9e15599d19c280e517e9,{},accepted
rel_efa7ffcb1ee016331f17,clause_node_9e15599d19c280e517e9,HAS_REQUIREMENT,rule_ec86342424366ba329ae,{},accepted
rel_35f6a5dd150f05367768,rule_ec86342424366ba329ae,DERIVED_FROM,clause_node_9e15599d19c280e517e9,{},accepted
rel_4588f37b396d83de05ab,rule_ec86342424366ba329ae,SUPPORTED_BY,evidence_322b2ea4c2c425d53e71,{},accepted
rel_5e8e2df75949ef36e02b,clause_node_9e15599d19c280e517e9,HAS_REQUIREMENT,rule_fc2f7df856222f34572f,{},accepted
rel_968ade0b42c841bda470,rule_fc2f7df856222f34572f,DERIVED_FROM,clause_node_9e15599d19c280e517e9,{},accepted
rel_b5f6a7447efe82c6bf9d,rule_fc2f7df856222f34572f,SUPPORTED_BY,evidence_322b2ea4c2c425d53e71,{},accepted
rel_864d0d4e20b30ae64e1e,standard_node_52c1b52c1f4b0df77db4,HAS_CLAUSE,clause_node_601eab9752e068641a55,{},accepted
rel_8d1f94d1802b63ff649b,clause_node_601eab9752e068641a55,HAS_REQUIREMENT,rule_91b774b72d5b6ceac9a2,{},accepted
rel_4d51d28814459e7b56c1,rule_91b774b72d5b6ceac9a2,DERIVED_FROM,clause_node_601eab9752e068641a55,{},accepted
rel_f1a746be934c22be8ebd,rule_91b774b72d5b6ceac9a2,SUPPORTED_BY,evidence_4e9a2a9ff7c401a858c8,{},accepted
rel_632a86b2fcaf0a705abb,standard_node_52c1b52c1f4b0df77db4,HAS_CLAUSE,clause_node_abd6a9c57aa27f6efe8b,{},accepted
rel_12c78da896acb8bf9133,clause_node_abd6a9c57aa27f6efe8b,HAS_REQUIREMENT,rule_2e44cd1abeb58222d6a5,{},accepted
rel_0c263d3fab4584144ba3,rule_2e44cd1abeb58222d6a5,DERIVED_FROM,clause_node_abd6a9c57aa27f6efe8b,{},accepted
rel_e0060921cfcda1286922,rule_2e44cd1abeb58222d6a5,SUPPORTED_BY,evidence_bb34af308e70349b172a,{},accepted
rel_7d7598cc98f53f8bad00,standard_node_52c1b52c1f4b0df77db4,HAS_CLAUSE,clause_node_dd2446e8d172e56223cf,{},accepted
rel_58771c8660284f0c6893,clause_node_dd2446e8d172e56223cf,HAS_REQUIREMENT,rule_a84068ead2019b40dca0,{},accepted
rel_5e2bbcde95fe98fbb059,rule_a84068ead2019b40dca0,DERIVED_FROM,clause_node_dd2446e8d172e56223cf,{},accepted
rel_cf1c9872b4d17c70e637,rule_a84068ead2019b40dca0,SUPPORTED_BY,evidence_5589498f203c5cf495ac,{},accepted
rel_eb27a93bc536c50f12e3,standard_node_52c1b52c1f4b0df77db4,HAS_CLAUSE,clause_node_c81db54f568e7eb328db,{},accepted
rel_25f2bccf87e7acc50274,clause_node_c81db54f568e7eb328db,HAS_REQUIREMENT,rule_2ef174e6de807737b6ee,{},accepted
rel_0c17043af150cd92553a,rule_2ef174e6de807737b6ee,DERIVED_FROM,clause_node_c81db54f568e7eb328db,{},accepted
rel_b350b81f28bfdb515e14,rule_2ef174e6de807737b6ee,SUPPORTED_BY,evidence_d1dc8a1920a0fb4a542c,{},accepted
rel_99e3d12bae7fb0a5ebed,clause_node_c81db54f568e7eb328db,HAS_REQUIREMENT,rule_80da2497bcecd927a353,{},accepted
rel_22230e1763ffeab5d7d6,rule_80da2497bcecd927a353,DERIVED_FROM,clause_node_c81db54f568e7eb328db,{},accepted
rel_c6c93759e0355b34352e,rule_80da2497bcecd927a353,SUPPORTED_BY,evidence_d1dc8a1920a0fb4a542c,{},accepted
rel_78cc56de0f28831f25bc,standard_node_52c1b52c1f4b0df77db4,HAS_CLAUSE,clause_node_4c97ee2adc3cc2f35a9f,{},accepted
rel_233d4a864cf78834fd58,clause_node_4c97ee2adc3cc2f35a9f,HAS_REQUIREMENT,rule_e76d25958e965702f212,{},accepted
rel_18f3885d15ccf274c04a,rule_e76d25958e965702f212,DERIVED_FROM,clause_node_4c97ee2adc3cc2f35a9f,{},accepted
rel_1b8bd3ec782dd26b9120,rule_e76d25958e965702f212,SUPPORTED_BY,evidence_4323685474f0ca6666f1,{},accepted
rel_4748831a31b5dacde100,clause_node_4c97ee2adc3cc2f35a9f,HAS_REQUIREMENT,rule_cca94497c46f37e8cb6a,{},accepted
rel_f91ad9ba432d7bfc562e,rule_cca94497c46f37e8cb6a,DERIVED_FROM,clause_node_4c97ee2adc3cc2f35a9f,{},accepted
rel_d7a7f864056d4fc5c6dc,rule_cca94497c46f37e8cb6a,SUPPORTED_BY,evidence_4323685474f0ca6666f1,{},accepted
rel_672bfecc05af01e448dc,standard_node_52c1b52c1f4b0df77db4,HAS_CLAUSE,clause_node_21a6553f1acb3960e981,{},accepted
rel_4a3fb72ab8466fad3d43,clause_node_21a6553f1acb3960e981,HAS_REQUIREMENT,rule_7af855a325aff9824a42,{},accepted
rel_530da202132ab535c6dd,rule_7af855a325aff9824a42,DERIVED_FROM,clause_node_21a6553f1acb3960e981,{},accepted
rel_363150002d2a1b38f944,rule_7af855a325aff9824a42,SUPPORTED_BY,evidence_f1753a0faf8326083ea1,{},accepted
rel_49085cfebcda38ece41f,standard_node_52c1b52c1f4b0df77db4,HAS_CLAUSE,clause_node_5285752005a9cbc29d33,{},accepted
rel_33c7defafa4e7015d288,clause_node_5285752005a9cbc29d33,HAS_REQUIREMENT,rule_58495c2224a9b3cf6ec5,{},accepted
rel_73ae5ff868f3104fc05e,rule_58495c2224a9b3cf6ec5,DERIVED_FROM,clause_node_5285752005a9cbc29d33,{},accepted
rel_2ef42be9f7e4f862aacd,rule_58495c2224a9b3cf6ec5,SUPPORTED_BY,evidence_cd5ee605ccfeb115ef6a,{},accepted
rel_6d7a2654b5d7d389fbc4,standard_node_52c1b52c1f4b0df77db4,HAS_CLAUSE,clause_node_38b49bc036601c0b9300,{},accepted
rel_9ac10c85aff9ac0d7f13,clause_node_38b49bc036601c0b9300,HAS_REQUIREMENT,rule_3f368590e57bd0e5d57e,{},accepted
rel_930f24770c540dbfa3de,rule_3f368590e57bd0e5d57e,DERIVED_FROM,clause_node_38b49bc036601c0b9300,{},accepted
rel_94f94f0da4eb2f6d1019,rule_3f368590e57bd0e5d57e,SUPPORTED_BY,evidence_ebad29d81bef44a4a53e,{},accepted
rel_953020bb99e021eeb820,standard_node_52c1b52c1f4b0df77db4,HAS_CLAUSE,clause_node_a7b3639686c49b05304e,{},accepted
rel_ef5251e3a36ab322680c,clause_node_a7b3639686c49b05304e,HAS_REQUIREMENT,rule_f2a4205d4b34ca8fe2cf,{},accepted
rel_ed4f5bf92a2a50895fe2,rule_f2a4205d4b34ca8fe2cf,DERIVED_FROM,clause_node_a7b3639686c49b05304e,{},accepted
rel_a94018a409cd51674ae6,rule_f2a4205d4b34ca8fe2cf,SUPPORTED_BY,evidence_c3ba9623161773f6444a,{},accepted
rel_3cc2174ef0d218e5df53,clause_node_a7b3639686c49b05304e,HAS_REQUIREMENT,rule_710de29fbcdca7affd28,{},accepted
rel_f1d2b618d4c142a0edbe,rule_710de29fbcdca7affd28,DERIVED_FROM,clause_node_a7b3639686c49b05304e,{},accepted
rel_5b96016b3b25a7f4db68,rule_710de29fbcdca7affd28,SUPPORTED_BY,evidence_c3ba9623161773f6444a,{},accepted
rel_3dfbca131eb7b0c77c64,clause_node_a7b3639686c49b05304e,HAS_REQUIREMENT,rule_542d20c2d3420c2cfbe6,{},accepted
rel_c1f9bdf8df3c1cc95d02,rule_542d20c2d3420c2cfbe6,DERIVED_FROM,clause_node_a7b3639686c49b05304e,{},accepted
rel_ecdc14334c92b92134dd,rule_542d20c2d3420c2cfbe6,SUPPORTED_BY,evidence_c3ba9623161773f6444a,{},accepted
rel_b6dce77eb905462dc11f,clause_node_a7b3639686c49b05304e,HAS_REQUIREMENT,rule_6bf75c122cb3927f83f6,{},accepted
rel_49e41d69564dba3c6842,rule_6bf75c122cb3927f83f6,DERIVED_FROM,clause_node_a7b3639686c49b05304e,{},accepted
rel_7f59a581b3edb4f3dc86,rule_6bf75c122cb3927f83f6,SUPPORTED_BY,evidence_c3ba9623161773f6444a,{},accepted
rel_06f430482ab487e9256d,clause_node_a7b3639686c49b05304e,HAS_REQUIREMENT,rule_8b909bb4e24439cf9e28,{},accepted
rel_17d7d307ae505ad1d31a,rule_8b909bb4e24439cf9e28,DERIVED_FROM,clause_node_a7b3639686c49b05304e,{},accepted
rel_93d9b30b8d9e2e3d1d19,rule_8b909bb4e24439cf9e28,SUPPORTED_BY,evidence_c3ba9623161773f6444a,{},accepted
rel_bd098661ff722627ad40,clause_node_a7b3639686c49b05304e,HAS_REQUIREMENT,rule_8262040c7d0f0a5d99a0,{},accepted
rel_02a9d1c2e2d3d32a2aaf,rule_8262040c7d0f0a5d99a0,DERIVED_FROM,clause_node_a7b3639686c49b05304e,{},accepted
rel_b3a9dd191e6b2810db83,rule_8262040c7d0f0a5d99a0,SUPPORTED_BY,evidence_c3ba9623161773f6444a,{},accepted
rel_94908a97167dd5f7d57a,clause_node_a7b3639686c49b05304e,HAS_REQUIREMENT,rule_e043a554edc7935800c2,{},accepted
rel_4193c218ed15d9f2e83a,rule_e043a554edc7935800c2,DERIVED_FROM,clause_node_a7b3639686c49b05304e,{},accepted
rel_910c3c5d47b2686e66a1,rule_e043a554edc7935800c2,SUPPORTED_BY,evidence_c3ba9623161773f6444a,{},accepted
rel_26514588154141c1a42e,clause_node_a7b3639686c49b05304e,HAS_REQUIREMENT,rule_033af0010d1a2a21a935,{},accepted
rel_1627824afd69dcb651e6,rule_033af0010d1a2a21a935,DERIVED_FROM,clause_node_a7b3639686c49b05304e,{},accepted
rel_2157f014d083fb99e6cc,rule_033af0010d1a2a21a935,SUPPORTED_BY,evidence_c3ba9623161773f6444a,{},accepted
rel_6d509ac3bf013a46964e,clause_node_a7b3639686c49b05304e,HAS_REQUIREMENT,rule_5910826d02a99357b62c,{},accepted
rel_94410d1c5e7fa80f3841,rule_5910826d02a99357b62c,DERIVED_FROM,clause_node_a7b3639686c49b05304e,{},accepted
rel_7988f4d66dc2e5966bc3,rule_5910826d02a99357b62c,SUPPORTED_BY,evidence_c3ba9623161773f6444a,{},accepted
rel_81513c0267bf1c5208d6,standard_node_52c1b52c1f4b0df77db4,HAS_CLAUSE,clause_node_7c7bb493e95f0b071f40,{},accepted
rel_49d127e32f22714a2ef9,clause_node_7c7bb493e95f0b071f40,HAS_REQUIREMENT,rule_be765a19decefcb5452b,{},accepted
rel_3a6b03a7bc294885bf17,rule_be765a19decefcb5452b,DERIVED_FROM,clause_node_7c7bb493e95f0b071f40,{},accepted
rel_c111aff873e9b96bac79,rule_be765a19decefcb5452b,SUPPORTED_BY,evidence_b995e39be0b5c42a0109,{},accepted
rel_342ee74b09e3fb31c42f,standard_node_52c1b52c1f4b0df77db4,HAS_CLAUSE,clause_node_18cf71987d2f4b203e3b,{},accepted
rel_8945e9d48b0d101bcddc,clause_node_18cf71987d2f4b203e3b,HAS_REQUIREMENT,rule_0625f1c669e42b50c3d5,{},accepted
rel_eef8b03a833183b5e8f2,rule_0625f1c669e42b50c3d5,DERIVED_FROM,clause_node_18cf71987d2f4b203e3b,{},accepted
rel_dcff7c3896d867d5bba1,rule_0625f1c669e42b50c3d5,SUPPORTED_BY,evidence_9a171cacb7616a666e4c,{},accepted
rel_fa30c2b273b6914f2f9b,standard_node_52c1b52c1f4b0df77db4,HAS_CLAUSE,clause_node_7c3d1c41d4604a888315,{},accepted
rel_66ba7991b1b042a8a78b,clause_node_7c3d1c41d4604a888315,HAS_REQUIREMENT,rule_cf898858bfcaad804274,{},accepted
rel_0e0e8d81a462dd79abe9,rule_cf898858bfcaad804274,DERIVED_FROM,clause_node_7c3d1c41d4604a888315,{},accepted
rel_3475deabec4fb676c270,rule_cf898858bfcaad804274,SUPPORTED_BY,evidence_b7efd410954e8d55b219,{},accepted
rel_6711207c20fd1a26d45a,standard_node_52c1b52c1f4b0df77db4,HAS_CLAUSE,clause_node_970c0c70b53a3f83c716,{},accepted
rel_749a8e40d713029fe765,clause_node_970c0c70b53a3f83c716,HAS_REQUIREMENT,rule_237219f7b734b5643419,{},accepted
rel_066135cbd68346f61a7e,rule_237219f7b734b5643419,DERIVED_FROM,clause_node_970c0c70b53a3f83c716,{},accepted
rel_38a2c8c9c996aeff2c12,rule_237219f7b734b5643419,SUPPORTED_BY,evidence_5c122c3486016914e8ec,{},accepted
rel_7627046b6405f5261acd,clause_node_970c0c70b53a3f83c716,HAS_REQUIREMENT,rule_1fc7e32b5a8a4f9d2fd4,{},accepted
rel_53d951469474aa4fc3a9,rule_1fc7e32b5a8a4f9d2fd4,DERIVED_FROM,clause_node_970c0c70b53a3f83c716,{},accepted
rel_6414596faa402db46d54,rule_1fc7e32b5a8a4f9d2fd4,SUPPORTED_BY,evidence_5c122c3486016914e8ec,{},accepted
rel_e4b0d2f99eadbf617dcf,clause_node_970c0c70b53a3f83c716,HAS_REQUIREMENT,rule_7ae544a95ad87b8419b4,{},accepted
rel_2e4bc312bed31a578be9,rule_7ae544a95ad87b8419b4,DERIVED_FROM,clause_node_970c0c70b53a3f83c716,{},accepted
rel_79f13b6989efa06787b6,rule_7ae544a95ad87b8419b4,SUPPORTED_BY,evidence_5c122c3486016914e8ec,{},accepted
rel_5ec5b9c680232d76338f,clause_node_970c0c70b53a3f83c716,HAS_REQUIREMENT,rule_c510258303cde1300d89,{},accepted
rel_fed8bcccdfa970f0b2ed,rule_c510258303cde1300d89,DERIVED_FROM,clause_node_970c0c70b53a3f83c716,{},accepted
rel_f9e0bf3684fb018858a0,rule_c510258303cde1300d89,SUPPORTED_BY,evidence_5c122c3486016914e8ec,{},accepted
rel_b7fca76fa993b288fb98,standard_node_52c1b52c1f4b0df77db4,HAS_CLAUSE,clause_node_2332100ba86439e7e0f1,{},accepted
rel_78eebaf831bfc5a88ba8,clause_node_2332100ba86439e7e0f1,HAS_REQUIREMENT,rule_efe7cbe9833c324d2c74,{},accepted
rel_8a37b911d33d9afb83ec,rule_efe7cbe9833c324d2c74,DERIVED_FROM,clause_node_2332100ba86439e7e0f1,{},accepted
rel_fe89de534a1e1731a336,rule_efe7cbe9833c324d2c74,SUPPORTED_BY,evidence_4e0cc3a987e57269a5be,{},accepted
rel_ff833395b926c378621d,standard_node_52c1b52c1f4b0df77db4,HAS_CLAUSE,clause_node_a3ee25be3ac25b7a85f2,{},accepted
rel_1151e2558545bd44f215,clause_node_a3ee25be3ac25b7a85f2,HAS_REQUIREMENT,rule_6827985551dbf43d859b,{},accepted
rel_4818bfaa005961e20b01,rule_6827985551dbf43d859b,DERIVED_FROM,clause_node_a3ee25be3ac25b7a85f2,{},accepted
rel_3fc567d7cde148998bfc,rule_6827985551dbf43d859b,SUPPORTED_BY,evidence_3a6ec40572b6b3db45a5,{},accepted
rel_6b266a4e3efa333ad00c,clause_node_a3ee25be3ac25b7a85f2,HAS_REQUIREMENT,rule_d2b3c9a80ddb33761cea,{},accepted
rel_e430a6df6802f1d957cf,rule_d2b3c9a80ddb33761cea,DERIVED_FROM,clause_node_a3ee25be3ac25b7a85f2,{},accepted
rel_2d0207142b1f99d73923,rule_d2b3c9a80ddb33761cea,SUPPORTED_BY,evidence_3a6ec40572b6b3db45a5,{},accepted
rel_7ab560ad9df387f1d373,standard_node_52c1b52c1f4b0df77db4,HAS_CLAUSE,clause_node_a5b79a26d10549c2820e,{},accepted
rel_8bce3c2769481bf6acf8,clause_node_a5b79a26d10549c2820e,HAS_REQUIREMENT,rule_d6376d3e72e43b58d3c5,{},accepted
rel_12f36a7a8e6e36d237f0,rule_d6376d3e72e43b58d3c5,DERIVED_FROM,clause_node_a5b79a26d10549c2820e,{},accepted
rel_b68af609f6496375e6b7,rule_d6376d3e72e43b58d3c5,SUPPORTED_BY,evidence_04eeea572fe697c40fbb,{},accepted
rel_d3771a37adc32e2b821d,clause_node_dd2446e8d172e56223cf,HAS_REQUIREMENT,rule_4ca212232c1674fab75b,{},accepted
rel_28f4c3afd1aa4dbc88f3,rule_4ca212232c1674fab75b,DERIVED_FROM,clause_node_dd2446e8d172e56223cf,{},accepted
rel_60ce36fc725a07a6aa4c,rule_4ca212232c1674fab75b,SUPPORTED_BY,evidence_a405f763d749c52ba7de,{},accepted
rel_29e8c342d9d98a2fe3cd,standard_node_52c1b52c1f4b0df77db4,HAS_CLAUSE,clause_node_ad2db61f5b12a45e14f4,{},accepted
rel_72334fc778cb43e72b1f,clause_node_ad2db61f5b12a45e14f4,HAS_REQUIREMENT,rule_9a52374b84d6f35c93de,{},accepted
rel_e1dc524bd81fd577a912,rule_9a52374b84d6f35c93de,DERIVED_FROM,clause_node_ad2db61f5b12a45e14f4,{},accepted
rel_d5d87b0c7f2bf5ffb5cf,rule_9a52374b84d6f35c93de,SUPPORTED_BY,evidence_b06a0fe29fd07097c9d0,{},accepted
rel_1c35c0a647c10df87417,standard_node_52c1b52c1f4b0df77db4,HAS_CLAUSE,clause_node_28943a4bbb942291873e,{},accepted
rel_62812ddd42ff502b04ab,clause_node_28943a4bbb942291873e,HAS_REQUIREMENT,rule_75a0cd08108418bb3236,{},accepted
rel_8daa410383e2321c7b29,rule_75a0cd08108418bb3236,DERIVED_FROM,clause_node_28943a4bbb942291873e,{},accepted
rel_1ab00fb767eae00c5efd,rule_75a0cd08108418bb3236,SUPPORTED_BY,evidence_9307b346c4896e8f2590,{},accepted
rel_75ff22b0aaf5452200cf,clause_node_28943a4bbb942291873e,HAS_REQUIREMENT,rule_39f9f94fc9c354486c2b,{},accepted
rel_e80664feb5ae9b5c236a,rule_39f9f94fc9c354486c2b,DERIVED_FROM,clause_node_28943a4bbb942291873e,{},accepted
rel_6da765c35ca96470e75d,rule_39f9f94fc9c354486c2b,SUPPORTED_BY,evidence_9307b346c4896e8f2590,{},accepted
rel_d03934532ef07e75cf88,clause_node_28943a4bbb942291873e,HAS_REQUIREMENT,rule_f1df9ff96ed25fa6f843,{},accepted
rel_edf46d8680e0dafa8795,rule_f1df9ff96ed25fa6f843,DERIVED_FROM,clause_node_28943a4bbb942291873e,{},accepted
rel_cf9b3a1d0f5229335396,rule_f1df9ff96ed25fa6f843,SUPPORTED_BY,evidence_9307b346c4896e8f2590,{},accepted
rel_0fb63faef284d1da2302,clause_node_28943a4bbb942291873e,HAS_REQUIREMENT,rule_14e52600ad45d22257d1,{},accepted
rel_9437db0820bd3dec2298,rule_14e52600ad45d22257d1,DERIVED_FROM,clause_node_28943a4bbb942291873e,{},accepted
rel_e321514945759799be4a,rule_14e52600ad45d22257d1,SUPPORTED_BY,evidence_9307b346c4896e8f2590,{},accepted
rel_00936a345f06fd04ef7d,standard_node_52c1b52c1f4b0df77db4,HAS_CLAUSE,clause_node_b6b0919197ccc33f2494,{},accepted
rel_039cb4b38ebad3d0eaee,clause_node_b6b0919197ccc33f2494,HAS_REQUIREMENT,rule_5743dfc1863810994268,{},accepted
rel_994e58c2a0fd896d6e18,rule_5743dfc1863810994268,DERIVED_FROM,clause_node_b6b0919197ccc33f2494,{},accepted
rel_41f4c4a309fc3d450386,rule_5743dfc1863810994268,SUPPORTED_BY,evidence_976a90cc2da6c0a0896f,{},accepted
rel_3047c933aa9b81355538,clause_node_b6b0919197ccc33f2494,HAS_REQUIREMENT,rule_fcefcc30825f0cf3ba01,{},accepted
rel_a913ce344d27235969a2,rule_fcefcc30825f0cf3ba01,DERIVED_FROM,clause_node_b6b0919197ccc33f2494,{},accepted
rel_8eaf1a3256ec031c024d,rule_fcefcc30825f0cf3ba01,SUPPORTED_BY,evidence_976a90cc2da6c0a0896f,{},accepted
rel_e3b56d7aaca4a38fec88,clause_node_b6b0919197ccc33f2494,HAS_REQUIREMENT,rule_521bbcc805a58ec6a3d0,{},accepted
rel_cb1e4929042ead95e0f8,rule_521bbcc805a58ec6a3d0,DERIVED_FROM,clause_node_b6b0919197ccc33f2494,{},accepted
rel_99e61ef79f919fb1e194,rule_521bbcc805a58ec6a3d0,SUPPORTED_BY,evidence_976a90cc2da6c0a0896f,{},accepted
rel_6cfc0e5aaffc2ab965c4,clause_node_b6b0919197ccc33f2494,HAS_REQUIREMENT,rule_961b9629e0e0c9fcfd7a,{},accepted
rel_858e928797b8f78cb2fe,rule_961b9629e0e0c9fcfd7a,DERIVED_FROM,clause_node_b6b0919197ccc33f2494,{},accepted
rel_d94e68aa77c4d9a84a34,rule_961b9629e0e0c9fcfd7a,SUPPORTED_BY,evidence_976a90cc2da6c0a0896f,{},accepted
rel_179a7a3f35cb0e9cc8d6,standard_node_52c1b52c1f4b0df77db4,HAS_CLAUSE,clause_node_aa0e13c12790e39b7b3f,{},accepted
rel_9a9ae70d791a27578be9,clause_node_aa0e13c12790e39b7b3f,HAS_REQUIREMENT,rule_15c3d88f3b4ee2d44c71,{},accepted
rel_62e3d121a6db33d0f4f1,rule_15c3d88f3b4ee2d44c71,DERIVED_FROM,clause_node_aa0e13c12790e39b7b3f,{},accepted
rel_d360f6f0475b75b107a2,rule_15c3d88f3b4ee2d44c71,SUPPORTED_BY,evidence_6eeacd4c55ab3a798302,{},accepted
rel_9b276b739f767d627371,standard_node_52c1b52c1f4b0df77db4,HAS_CLAUSE,clause_node_acf39b6be07350567f8a,{},accepted
rel_efee58c61f1d1b58db92,clause_node_acf39b6be07350567f8a,HAS_REQUIREMENT,rule_4552a50509cb361a1915,{},accepted
rel_ee6f5fe650176e95cfdb,rule_4552a50509cb361a1915,DERIVED_FROM,clause_node_acf39b6be07350567f8a,{},accepted
rel_d35937276c5d7f883975,rule_4552a50509cb361a1915,SUPPORTED_BY,evidence_90f9efb801f7ea008199,{},accepted
rel_59e44e4758a3e4b3093f,standard_node_52c1b52c1f4b0df77db4,HAS_CLAUSE,clause_node_7ea4515a7555af98432a,{},accepted
rel_a4e2c9de3caaa8cb9515,clause_node_7ea4515a7555af98432a,HAS_REQUIREMENT,rule_250c4cdb6a5d551dccce,{},accepted
rel_45278d32c6c9a2da2079,rule_250c4cdb6a5d551dccce,DERIVED_FROM,clause_node_7ea4515a7555af98432a,{},accepted
rel_3729d725e7bf773698d0,rule_250c4cdb6a5d551dccce,SUPPORTED_BY,evidence_8f0d074fcbd018836adc,{},accepted
rel_7be4bc2b3a721f67f783,clause_node_7ea4515a7555af98432a,HAS_REQUIREMENT,rule_4be652da6a552e6735b2,{},accepted
rel_65a98ffc2505e3f9d218,rule_4be652da6a552e6735b2,DERIVED_FROM,clause_node_7ea4515a7555af98432a,{},accepted
rel_f96ce5a224a59de77b39,rule_4be652da6a552e6735b2,SUPPORTED_BY,evidence_8f0d074fcbd018836adc,{},accepted
rel_6bb639cc9bb34af84907,standard_node_52c1b52c1f4b0df77db4,HAS_CLAUSE,clause_node_31800bbfac3a5d1b4438,{},accepted
rel_548540cad75e506c5a2f,clause_node_31800bbfac3a5d1b4438,HAS_REQUIREMENT,rule_1132502bcafe57fe2d2a,{},accepted
rel_dfdfdd8256955489e392,rule_1132502bcafe57fe2d2a,DERIVED_FROM,clause_node_31800bbfac3a5d1b4438,{},accepted
rel_554cf2c5f88435f84d7e,rule_1132502bcafe57fe2d2a,SUPPORTED_BY,evidence_147fe1e1697ef0c12208,{},accepted
rel_181800a496060af93da4,standard_node_52c1b52c1f4b0df77db4,HAS_CLAUSE,clause_node_af18ffb14446827a682f,{},accepted
rel_c8f8859ea4e3aa7c614e,clause_node_af18ffb14446827a682f,HAS_REQUIREMENT,rule_eb982501c5fef26ef057,{},accepted
rel_d6e52447ed6e6048fe20,rule_eb982501c5fef26ef057,DERIVED_FROM,clause_node_af18ffb14446827a682f,{},accepted
rel_a8ca27605c802a34aba0,rule_eb982501c5fef26ef057,SUPPORTED_BY,evidence_050903e13d056b3389b8,{},accepted
rel_706f87d5b8684357d6f9,standard_node_52c1b52c1f4b0df77db4,HAS_CLAUSE,clause_node_2ee3d4afddf0b6ddb5ac,{},accepted
rel_9505b83d0cd4b1a3c995,clause_node_2ee3d4afddf0b6ddb5ac,HAS_REQUIREMENT,rule_4f397de0190ceedacbac,{},accepted
rel_3d11d2101fdaf945913b,rule_4f397de0190ceedacbac,DERIVED_FROM,clause_node_2ee3d4afddf0b6ddb5ac,{},accepted
rel_3fc809806389623ba0bd,rule_4f397de0190ceedacbac,SUPPORTED_BY,evidence_7df7a51c7985a80de030,{},accepted
rel_b0d645247a6c605e57d3,clause_node_a5b79a26d10549c2820e,HAS_REQUIREMENT,rule_784c52169ecd03a9c4c4,{},accepted
rel_63b47a153e3163886b09,rule_784c52169ecd03a9c4c4,DERIVED_FROM,clause_node_a5b79a26d10549c2820e,{},accepted
rel_e3c1fa66fc9583048614,rule_784c52169ecd03a9c4c4,SUPPORTED_BY,evidence_6424cf794be90a8822b7,{},accepted
rel_d63ea6792ec6371b886c,clause_node_a5b79a26d10549c2820e,HAS_REQUIREMENT,rule_6ed25adf27866c41900e,{},accepted
rel_1aacf78f403b98b78771,rule_6ed25adf27866c41900e,DERIVED_FROM,clause_node_a5b79a26d10549c2820e,{},accepted
rel_b5a365a02b339a5b8d38,rule_6ed25adf27866c41900e,SUPPORTED_BY,evidence_6424cf794be90a8822b7,{},accepted
rel_bc4abbc292b5db49693c,clause_node_a5b79a26d10549c2820e,HAS_REQUIREMENT,rule_079cfd057147199373dc,{},accepted
rel_b40ac6e9ec8fbd644988,rule_079cfd057147199373dc,DERIVED_FROM,clause_node_a5b79a26d10549c2820e,{},accepted
rel_f6d674caa4f121d5760e,rule_079cfd057147199373dc,SUPPORTED_BY,evidence_6424cf794be90a8822b7,{},accepted
rel_543ab30075e7a3f97d3a,clause_node_a5b79a26d10549c2820e,HAS_REQUIREMENT,rule_8cfe866b7d823e6ce7c4,{},accepted
rel_71d6def7d9cb40863222,rule_8cfe866b7d823e6ce7c4,DERIVED_FROM,clause_node_a5b79a26d10549c2820e,{},accepted
rel_fc7dcd177a751c694de9,rule_8cfe866b7d823e6ce7c4,SUPPORTED_BY,evidence_6424cf794be90a8822b7,{},accepted
rel_ce4149733466c7218475,clause_node_a5b79a26d10549c2820e,HAS_REQUIREMENT,rule_2c5fce2aeaa1801b0ade,{},accepted
rel_2767b5c26557ab4d1a4c,rule_2c5fce2aeaa1801b0ade,DERIVED_FROM,clause_node_a5b79a26d10549c2820e,{},accepted
rel_87bbc1c23efa987f7675,rule_2c5fce2aeaa1801b0ade,SUPPORTED_BY,evidence_6424cf794be90a8822b7,{},accepted
rel_116546d96370ba72000c,standard_node_52c1b52c1f4b0df77db4,HAS_CLAUSE,clause_node_f8fc8cc4da86003e33df,{},accepted
rel_4f3e4283c591bfff9596,clause_node_f8fc8cc4da86003e33df,HAS_REQUIREMENT,rule_e34ae6cc79d81037a0fb,{},accepted
rel_1bcdac56fa696773be89,rule_e34ae6cc79d81037a0fb,DERIVED_FROM,clause_node_f8fc8cc4da86003e33df,{},accepted
rel_39cc84d4a7405eb9608c,rule_e34ae6cc79d81037a0fb,SUPPORTED_BY,evidence_a18fcf1a0e95e98b251e,{},accepted
rel_be2591087fa57189c164,standard_node_52c1b52c1f4b0df77db4,HAS_CLAUSE,clause_node_8df533e7d86e220a5dfc,{},accepted
rel_b80c2651b7622a1e10d3,clause_node_8df533e7d86e220a5dfc,HAS_REQUIREMENT,rule_19f2eccf369429435b7b,{},accepted
rel_c880daf7d15238e6b06a,rule_19f2eccf369429435b7b,DERIVED_FROM,clause_node_8df533e7d86e220a5dfc,{},accepted
rel_1794e77a62ad046b72a9,rule_19f2eccf369429435b7b,SUPPORTED_BY,evidence_6a724a890970db519db9,{},accepted
rel_661c2795d8c9e7de3dab,clause_node_8df533e7d86e220a5dfc,HAS_REQUIREMENT,rule_e2896b6b04390a9593a4,{},accepted
rel_c25afdc8939a3c49a316,rule_e2896b6b04390a9593a4,DERIVED_FROM,clause_node_8df533e7d86e220a5dfc,{},accepted
rel_4f0735e6864dbac0523f,rule_e2896b6b04390a9593a4,SUPPORTED_BY,evidence_6a724a890970db519db9,{},accepted
rel_0c11eeaa2f084a366729,standard_node_52c1b52c1f4b0df77db4,HAS_CLAUSE,clause_node_e89bf991f14a298cd43e,{},accepted
rel_f2682aea645214ebeab9,clause_node_e89bf991f14a298cd43e,HAS_REQUIREMENT,rule_68278cfab3231a7bccd3,{},accepted
rel_e33017fbe776f67af65b,rule_68278cfab3231a7bccd3,DERIVED_FROM,clause_node_e89bf991f14a298cd43e,{},accepted
rel_90eff6a3269b45ba022d,rule_68278cfab3231a7bccd3,SUPPORTED_BY,evidence_3d2d4dea2e1f46e98a33,{},accepted
rel_4a4a25a9929421b5db4f,clause_node_dd2446e8d172e56223cf,HAS_REQUIREMENT,rule_fb2fb1575c9158820b35,{},accepted
rel_6cbb6da6ab961304ebcd,rule_fb2fb1575c9158820b35,DERIVED_FROM,clause_node_dd2446e8d172e56223cf,{},accepted
rel_70ce2a5d69c3f849eaf7,rule_fb2fb1575c9158820b35,SUPPORTED_BY,evidence_e97ee96211c2ae54aa03,{},accepted
rel_b4d943b2308e8b3d1ef4,clause_node_8df533e7d86e220a5dfc,HAS_REQUIREMENT,rule_3005336bb4274706e4a4,{},accepted
rel_b7539c71871176866528,rule_3005336bb4274706e4a4,DERIVED_FROM,clause_node_8df533e7d86e220a5dfc,{},accepted
rel_402120ea9d9bd3d8b37d,rule_3005336bb4274706e4a4,SUPPORTED_BY,evidence_234d40a4d706a7369a83,{},accepted
rel_74e3a412848f7f3211e4,clause_node_8df533e7d86e220a5dfc,HAS_REQUIREMENT,rule_b9161760121c62e4e186,{},accepted
rel_66a26c83201af94c3840,rule_b9161760121c62e4e186,DERIVED_FROM,clause_node_8df533e7d86e220a5dfc,{},accepted
rel_99209a61e50940b2550f,rule_b9161760121c62e4e186,SUPPORTED_BY,evidence_234d40a4d706a7369a83,{},accepted
rel_97c4ae543662a25eaad1,clause_node_8df533e7d86e220a5dfc,HAS_REQUIREMENT,rule_44c511608d04a8b3bd06,{},accepted
rel_414d5aa8f75656a3a5a0,rule_44c511608d04a8b3bd06,DERIVED_FROM,clause_node_8df533e7d86e220a5dfc,{},accepted
rel_698a8124079da73221d3,rule_44c511608d04a8b3bd06,SUPPORTED_BY,evidence_234d40a4d706a7369a83,{},accepted
rel_a4ed0a098427a5a41179,clause_node_8df533e7d86e220a5dfc,HAS_REQUIREMENT,rule_c54d4fb0e0ecc32bbc22,{},accepted
rel_59851eedb88e36cee20d,rule_c54d4fb0e0ecc32bbc22,DERIVED_FROM,clause_node_8df533e7d86e220a5dfc,{},accepted
rel_fc8f142ab77b1ca630e3,rule_c54d4fb0e0ecc32bbc22,SUPPORTED_BY,evidence_234d40a4d706a7369a83,{},accepted
rel_693c5821210c8be59ad0,clause_node_8df533e7d86e220a5dfc,HAS_REQUIREMENT,rule_72552ef1a725e8f76bb2,{},accepted
rel_fb05ba1886b0ad7e3bb7,rule_72552ef1a725e8f76bb2,DERIVED_FROM,clause_node_8df533e7d86e220a5dfc,{},accepted
rel_b5203c984372f1b4838e,rule_72552ef1a725e8f76bb2,SUPPORTED_BY,evidence_234d40a4d706a7369a83,{},accepted
rel_b00017fdbffddce62903,clause_node_8df533e7d86e220a5dfc,HAS_REQUIREMENT,rule_b701346b7e8912cd422a,{},accepted
rel_87d777d313314832edff,rule_b701346b7e8912cd422a,DERIVED_FROM,clause_node_8df533e7d86e220a5dfc,{},accepted
rel_387302633a0b98e62008,rule_b701346b7e8912cd422a,SUPPORTED_BY,evidence_234d40a4d706a7369a83,{},accepted
rel_3e1cbef0873b22b7dd12,standard_node_52c1b52c1f4b0df77db4,HAS_CLAUSE,clause_node_78f12ed44c3d35cb4064,{},accepted
rel_6950c69e0ae67ada7af5,clause_node_78f12ed44c3d35cb4064,HAS_REQUIREMENT,rule_0911bb5bb887e5c458b4,{},accepted
rel_ede7bbf4b5ef653ccdb4,rule_0911bb5bb887e5c458b4,DERIVED_FROM,clause_node_78f12ed44c3d35cb4064,{},accepted
rel_0f701eae0477a7f823e2,rule_0911bb5bb887e5c458b4,SUPPORTED_BY,evidence_77aebb3e2799b48e9112,{},accepted
rel_fb6bccf9e879bdada7a7,clause_node_78f12ed44c3d35cb4064,HAS_REQUIREMENT,rule_c2c317b28d77035815f9,{},accepted
rel_09ef4e032a7ab048cf0b,rule_c2c317b28d77035815f9,DERIVED_FROM,clause_node_78f12ed44c3d35cb4064,{},accepted
rel_f146dd2f822a4e3175cf,rule_c2c317b28d77035815f9,SUPPORTED_BY,evidence_77aebb3e2799b48e9112,{},accepted
rel_cf24da8168e63da83ff0,clause_node_e89bf991f14a298cd43e,HAS_REQUIREMENT,rule_685da51c19af8362a00f,{},accepted
rel_f5bbe0d3851763508a41,rule_685da51c19af8362a00f,DERIVED_FROM,clause_node_e89bf991f14a298cd43e,{},accepted
rel_e8857c512ec635254a35,rule_685da51c19af8362a00f,SUPPORTED_BY,evidence_7c2bbb11930250aa2d2f,{},accepted
rel_9440cf6b49b4d5368675,standard_node_52c1b52c1f4b0df77db4,HAS_CLAUSE,clause_node_97b873622d90286db6be,{},accepted
rel_ecaa248a1d5037772a35,clause_node_97b873622d90286db6be,HAS_REQUIREMENT,rule_c8ca96e10d82d2f4ad5d,{},accepted
rel_380e29900b340aa71733,rule_c8ca96e10d82d2f4ad5d,DERIVED_FROM,clause_node_97b873622d90286db6be,{},accepted
rel_f0d9c24e6df16653013c,rule_c8ca96e10d82d2f4ad5d,SUPPORTED_BY,evidence_63e9f6c7935d0ed9cddb,{},accepted
rel_e7e12f8086d5acd61dac,clause_node_97b873622d90286db6be,HAS_REQUIREMENT,rule_4c4444dccfc0a3cd8a1c,{},accepted
rel_0836193df7823715bfed,rule_4c4444dccfc0a3cd8a1c,DERIVED_FROM,clause_node_97b873622d90286db6be,{},accepted
rel_db9572441203e255c7b9,rule_4c4444dccfc0a3cd8a1c,SUPPORTED_BY,evidence_63e9f6c7935d0ed9cddb,{},accepted
rel_d45e10fa5569674b3ad4,clause_node_97b873622d90286db6be,HAS_REQUIREMENT,rule_b3a1a4c1a0b5a821d9b2,{},accepted
rel_c9661b615fcd65d8bad4,rule_b3a1a4c1a0b5a821d9b2,DERIVED_FROM,clause_node_97b873622d90286db6be,{},accepted
rel_f5032cc074e7fc9ab3e5,rule_b3a1a4c1a0b5a821d9b2,SUPPORTED_BY,evidence_63e9f6c7935d0ed9cddb,{},accepted
rel_1aa7d4bbcf6e49e82c33,clause_node_97b873622d90286db6be,HAS_REQUIREMENT,rule_aa497193a911884a1a93,{},accepted
rel_33bdf0195fbc3d34a145,rule_aa497193a911884a1a93,DERIVED_FROM,clause_node_97b873622d90286db6be,{},accepted
rel_a73a99edce69537b9ca7,rule_aa497193a911884a1a93,SUPPORTED_BY,evidence_63e9f6c7935d0ed9cddb,{},accepted
rel_b0959aad8bd246fe8834,clause_node_97b873622d90286db6be,HAS_REQUIREMENT,rule_810f3ca9d5bda50e8f6e,{},accepted
rel_015c36b367257d18f086,rule_810f3ca9d5bda50e8f6e,DERIVED_FROM,clause_node_97b873622d90286db6be,{},accepted
rel_f9f3aa45d94ae4f88f82,rule_810f3ca9d5bda50e8f6e,SUPPORTED_BY,evidence_63e9f6c7935d0ed9cddb,{},accepted
rel_7a13bcc7c505a793e189,clause_node_ad2db61f5b12a45e14f4,HAS_REQUIREMENT,rule_166e04eadad2d75d56ad,{},accepted
rel_e081c3526db0d03b929d,rule_166e04eadad2d75d56ad,DERIVED_FROM,clause_node_ad2db61f5b12a45e14f4,{},accepted
rel_d583fdd6ef1b64dee354,rule_166e04eadad2d75d56ad,SUPPORTED_BY,evidence_00e70906a5a47f2e5c9e,{},accepted
rel_072eb6dae555ec5cf4bc,clause_node_ad2db61f5b12a45e14f4,HAS_REQUIREMENT,rule_5a698526025a8abf4b01,{},accepted
rel_3a7495d6642540ab4e93,rule_5a698526025a8abf4b01,DERIVED_FROM,clause_node_ad2db61f5b12a45e14f4,{},accepted
rel_079d36486a7dadfc26b9,rule_5a698526025a8abf4b01,SUPPORTED_BY,evidence_00e70906a5a47f2e5c9e,{},accepted
rel_f90e579e3e5ea1b5264c,clause_node_ad2db61f5b12a45e14f4,HAS_REQUIREMENT,rule_a4fc1f39578eda58235d,{},accepted
rel_ff754e7d345865afb747,rule_a4fc1f39578eda58235d,DERIVED_FROM,clause_node_ad2db61f5b12a45e14f4,{},accepted
rel_e3c41376dc25dfab10f7,rule_a4fc1f39578eda58235d,SUPPORTED_BY,evidence_00e70906a5a47f2e5c9e,{},accepted
rel_450f82e1966ecbba8a2d,clause_node_ad2db61f5b12a45e14f4,HAS_REQUIREMENT,rule_91a6e48d6a6c18eb8a8a,{},accepted
rel_1f671d7f95a652731b62,rule_91a6e48d6a6c18eb8a8a,DERIVED_FROM,clause_node_ad2db61f5b12a45e14f4,{},accepted
rel_811975ca31ae735da148,rule_91a6e48d6a6c18eb8a8a,SUPPORTED_BY,evidence_00e70906a5a47f2e5c9e,{},accepted
rel_3474b17c4b646c4d02c1,clause_node_ad2db61f5b12a45e14f4,HAS_REQUIREMENT,rule_1829812d2ef0e0393de3,{},accepted
rel_e1f688422e2ba0abc8a0,rule_1829812d2ef0e0393de3,DERIVED_FROM,clause_node_ad2db61f5b12a45e14f4,{},accepted
rel_6c5dddab44b232f0ddb8,rule_1829812d2ef0e0393de3,SUPPORTED_BY,evidence_de76b7ea83bce26da67d,{},accepted
rel_92df7a0b1fe70ce5ecc0,clause_node_ad2db61f5b12a45e14f4,HAS_REQUIREMENT,rule_b19982a35e0bc49ff977,{},accepted
rel_372f47f3be52ae4d24dd,rule_b19982a35e0bc49ff977,DERIVED_FROM,clause_node_ad2db61f5b12a45e14f4,{},accepted
rel_4a598d9c7858c6f1e0c4,rule_b19982a35e0bc49ff977,SUPPORTED_BY,evidence_de76b7ea83bce26da67d,{},accepted
rel_fc6d392d305e0c0b0469,clause_node_ad2db61f5b12a45e14f4,HAS_REQUIREMENT,rule_b7544eafd77bd3264174,{},accepted
rel_8118ffb0b76689cff6db,rule_b7544eafd77bd3264174,DERIVED_FROM,clause_node_ad2db61f5b12a45e14f4,{},accepted
rel_8412b848466dfbd7aae6,rule_b7544eafd77bd3264174,SUPPORTED_BY,evidence_de76b7ea83bce26da67d,{},accepted
rel_a967632232637cb27ab0,clause_node_ad2db61f5b12a45e14f4,HAS_REQUIREMENT,rule_a6abaae48f01304c5096,{},accepted
rel_db2af08d74f3a3270af8,rule_a6abaae48f01304c5096,DERIVED_FROM,clause_node_ad2db61f5b12a45e14f4,{},accepted
rel_d89ef9b5cc5a5b108c84,rule_a6abaae48f01304c5096,SUPPORTED_BY,evidence_1c11c64ba0b52d4f4226,{},accepted
rel_34fc833bc2ab66a6dc35,clause_node_ad2db61f5b12a45e14f4,HAS_REQUIREMENT,rule_091de5bd95be4dfd8d6f,{},accepted
rel_9c08d39ba608ab8f8e65,rule_091de5bd95be4dfd8d6f,DERIVED_FROM,clause_node_ad2db61f5b12a45e14f4,{},accepted
rel_6d689fda00b2e6ad8a50,rule_091de5bd95be4dfd8d6f,SUPPORTED_BY,evidence_1c11c64ba0b52d4f4226,{},accepted
rel_63485bbe0729fd82a09b,clause_node_ad2db61f5b12a45e14f4,HAS_REQUIREMENT,rule_bad9f8326f9bc1abbebf,{},accepted
rel_318fa15f7b4accae4081,rule_bad9f8326f9bc1abbebf,DERIVED_FROM,clause_node_ad2db61f5b12a45e14f4,{},accepted
rel_fa4e554b6ce9afbede2b,rule_bad9f8326f9bc1abbebf,SUPPORTED_BY,evidence_1c11c64ba0b52d4f4226,{},accepted
rel_96712cbc3a00af70994b,clause_node_ad2db61f5b12a45e14f4,HAS_REQUIREMENT,rule_0f126f2b92bdba90275e,{},accepted
rel_aedc13d3140b5c10b952,rule_0f126f2b92bdba90275e,DERIVED_FROM,clause_node_ad2db61f5b12a45e14f4,{},accepted
rel_4160d1e49f0445814cd6,rule_0f126f2b92bdba90275e,SUPPORTED_BY,evidence_1c11c64ba0b52d4f4226,{},accepted
rel_ba3a756744e0071f6093,clause_node_ad2db61f5b12a45e14f4,HAS_REQUIREMENT,rule_83d0cd6a3e5c66e4c4f2,{},accepted
rel_cb19b399d9fb38c98994,rule_83d0cd6a3e5c66e4c4f2,DERIVED_FROM,clause_node_ad2db61f5b12a45e14f4,{},accepted
rel_19f4571af0b79e4ddb6c,rule_83d0cd6a3e5c66e4c4f2,SUPPORTED_BY,evidence_1c11c64ba0b52d4f4226,{},accepted
rel_7be21b11f74f345294ee,clause_node_ad2db61f5b12a45e14f4,HAS_REQUIREMENT,rule_7e22bd8ef015c3a7c384,{},accepted
rel_068968f042603927c4e3,rule_7e22bd8ef015c3a7c384,DERIVED_FROM,clause_node_ad2db61f5b12a45e14f4,{},accepted
rel_40fc0893e77f6adaac08,rule_7e22bd8ef015c3a7c384,SUPPORTED_BY,evidence_5994f9df84f1da66b1fc,{},accepted
rel_d5a2ee7d71250133de61,clause_node_ad2db61f5b12a45e14f4,HAS_REQUIREMENT,rule_3128a2e6f839f96b1595,{},accepted
rel_b5910f25f110eac0a0d6,rule_3128a2e6f839f96b1595,DERIVED_FROM,clause_node_ad2db61f5b12a45e14f4,{},accepted
rel_fb9684261677383747d7,rule_3128a2e6f839f96b1595,SUPPORTED_BY,evidence_5994f9df84f1da66b1fc,{},accepted
rel_2b611ec1c475a54607d2,clause_node_ad2db61f5b12a45e14f4,HAS_REQUIREMENT,rule_8926b644f162a385d1a4,{},accepted
rel_13f39481bc2b0acc057f,rule_8926b644f162a385d1a4,DERIVED_FROM,clause_node_ad2db61f5b12a45e14f4,{},accepted
rel_fb5459673daee00b1439,rule_8926b644f162a385d1a4,SUPPORTED_BY,evidence_e3f306e371f57b56fbec,{},accepted
rel_8478671de3c129b97c09,clause_node_ad2db61f5b12a45e14f4,HAS_REQUIREMENT,rule_0d8777a0fb7338a94b0a,{},accepted
rel_eebdc1d2c49b36a37aa2,rule_0d8777a0fb7338a94b0a,DERIVED_FROM,clause_node_ad2db61f5b12a45e14f4,{},accepted
rel_e5b688c70293164090cc,rule_0d8777a0fb7338a94b0a,SUPPORTED_BY,evidence_e3f306e371f57b56fbec,{},accepted
rel_708641d1d5ecb55693a1,clause_node_ad2db61f5b12a45e14f4,HAS_REQUIREMENT,rule_31a9c85b5bde110f6605,{},accepted
rel_0bf2c5716f1d87091ce6,rule_31a9c85b5bde110f6605,DERIVED_FROM,clause_node_ad2db61f5b12a45e14f4,{},accepted
rel_607deb32112dd4aa5789,rule_31a9c85b5bde110f6605,SUPPORTED_BY,evidence_a5f6659313e02fbc753a,{},accepted
rel_ee93cb6ed1e666500aa8,clause_node_ad2db61f5b12a45e14f4,HAS_REQUIREMENT,rule_eefccec4a26bc935d900,{},accepted
rel_8d812a6dd58cfaab3092,rule_eefccec4a26bc935d900,DERIVED_FROM,clause_node_ad2db61f5b12a45e14f4,{},accepted
rel_fdcc8fe9af1858dae364,rule_eefccec4a26bc935d900,SUPPORTED_BY,evidence_a5f6659313e02fbc753a,{},accepted
rel_baa94c59258ddeee34fe,clause_node_ad2db61f5b12a45e14f4,HAS_REQUIREMENT,rule_4fb9b4dc607442d6d896,{},accepted
rel_4660ad884d52336f3c49,rule_4fb9b4dc607442d6d896,DERIVED_FROM,clause_node_ad2db61f5b12a45e14f4,{},accepted
rel_0196c11925fce3c75bb5,rule_4fb9b4dc607442d6d896,SUPPORTED_BY,evidence_a5f6659313e02fbc753a,{},accepted
rel_c0b2a47cc571c04c8347,clause_node_ad2db61f5b12a45e14f4,HAS_REQUIREMENT,rule_5833ed0bd4bb8ab87c25,{},accepted
rel_8ada2ee17fa5a4cc3ce0,rule_5833ed0bd4bb8ab87c25,DERIVED_FROM,clause_node_ad2db61f5b12a45e14f4,{},accepted
rel_016d74106c812cdc9039,rule_5833ed0bd4bb8ab87c25,SUPPORTED_BY,evidence_3bf32dc5732ddb7666aa,{},accepted
rel_20b1e050257724b12eea,clause_node_ad2db61f5b12a45e14f4,HAS_REQUIREMENT,rule_d7bd145881b98eeb98ff,{},accepted
rel_10a51c09b9f4552bb28b,rule_d7bd145881b98eeb98ff,DERIVED_FROM,clause_node_ad2db61f5b12a45e14f4,{},accepted
rel_5539e354e4edbca51779,rule_d7bd145881b98eeb98ff,SUPPORTED_BY,evidence_3bf32dc5732ddb7666aa,{},accepted
rel_2adf5d85bae494e6dc52,clause_node_ad2db61f5b12a45e14f4,HAS_REQUIREMENT,rule_dceb45060a9ae7580321,{},accepted
rel_dec98726d9c1f2ffd995,rule_dceb45060a9ae7580321,DERIVED_FROM,clause_node_ad2db61f5b12a45e14f4,{},accepted
rel_82cc4002c9843bef9e16,rule_dceb45060a9ae7580321,SUPPORTED_BY,evidence_f53fa4bcd040f8baf290,{},accepted
rel_c5420d120f9d380beb0d,clause_node_ad2db61f5b12a45e14f4,HAS_REQUIREMENT,rule_15493d56a14e20e1d1a5,{},accepted
rel_2c37eee66d980dcda8e4,rule_15493d56a14e20e1d1a5,DERIVED_FROM,clause_node_ad2db61f5b12a45e14f4,{},accepted
rel_84fcbbdb489ee137d65a,rule_15493d56a14e20e1d1a5,SUPPORTED_BY,evidence_f53fa4bcd040f8baf290,{},accepted
rel_7673d6b64a9292ea877b,clause_node_a5b79a26d10549c2820e,HAS_REQUIREMENT,rule_1fada118d4696cfcc32a,{},accepted
rel_35207b185bfe080a638f,rule_1fada118d4696cfcc32a,DERIVED_FROM,clause_node_a5b79a26d10549c2820e,{},accepted
rel_ec4228d3a70c2a0c036a,rule_1fada118d4696cfcc32a,SUPPORTED_BY,evidence_85658dae49a470f6bc71,{},accepted
rel_15ffdd49e12b565c2ff3,clause_node_dd2446e8d172e56223cf,HAS_REQUIREMENT,rule_6e499e2d40eca20b7c7d,{},accepted
rel_c57336f5c83fd5cf3854,rule_6e499e2d40eca20b7c7d,DERIVED_FROM,clause_node_dd2446e8d172e56223cf,{},accepted
rel_8a64b6bedf620bf9f2f2,rule_6e499e2d40eca20b7c7d,SUPPORTED_BY,evidence_18a6b6f04f9e77fbd1f2,{},accepted
rel_d61dccfc2f6db97dc7e2,clause_node_dd2446e8d172e56223cf,HAS_REQUIREMENT,rule_b3d011ac4bde0e0f246a,{},accepted
rel_3c2d532a1bf1208fe358,rule_b3d011ac4bde0e0f246a,DERIVED_FROM,clause_node_dd2446e8d172e56223cf,{},accepted
rel_547b6085ce9d6892ad17,rule_b3d011ac4bde0e0f246a,SUPPORTED_BY,evidence_18a6b6f04f9e77fbd1f2,{},accepted
rel_842bbacacd678de3e44a,clause_node_8df533e7d86e220a5dfc,HAS_REQUIREMENT,rule_4c41b94d542577b94e44,{},accepted
rel_91c2d3f1ff76c8889dfb,rule_4c41b94d542577b94e44,DERIVED_FROM,clause_node_8df533e7d86e220a5dfc,{},accepted
rel_3d7376a4742c8a6e4b4e,rule_4c41b94d542577b94e44,SUPPORTED_BY,evidence_5e1b8a78cb253784ac18,{},accepted
rel_d2bd263074e28efa0d86,clause_node_e89bf991f14a298cd43e,HAS_REQUIREMENT,rule_6eaf6a2c328cb76fbacd,{},accepted
rel_b8a60969f11fb6db37fb,rule_6eaf6a2c328cb76fbacd,DERIVED_FROM,clause_node_e89bf991f14a298cd43e,{},accepted
rel_c9ac0f0a92faa45c6b7f,rule_6eaf6a2c328cb76fbacd,SUPPORTED_BY,evidence_dfac954dcd13f0a34e02,{},accepted
rel_af8b6a994cc2d5770b96,clause_node_e89bf991f14a298cd43e,HAS_REQUIREMENT,rule_1420afa4ecac804a26c4,{},accepted
rel_3e8eea2c98227c748bf6,rule_1420afa4ecac804a26c4,DERIVED_FROM,clause_node_e89bf991f14a298cd43e,{},accepted
rel_f29318c49f3c3cec05a8,rule_1420afa4ecac804a26c4,SUPPORTED_BY,evidence_dfac954dcd13f0a34e02,{},accepted
rel_0fb529d5d37911149423,clause_node_e89bf991f14a298cd43e,HAS_REQUIREMENT,rule_7a55e336fe15432d0a91,{},accepted
rel_842180ac4967458e77ef,rule_7a55e336fe15432d0a91,DERIVED_FROM,clause_node_e89bf991f14a298cd43e,{},accepted
rel_33e8c7da595019b80219,rule_7a55e336fe15432d0a91,SUPPORTED_BY,evidence_dfac954dcd13f0a34e02,{},accepted
rel_ea4081965120696066ab,clause_node_e89bf991f14a298cd43e,HAS_REQUIREMENT,rule_2f615bb2ea2e6acec071,{},accepted
rel_780e042deafea6d712d6,rule_2f615bb2ea2e6acec071,DERIVED_FROM,clause_node_e89bf991f14a298cd43e,{},accepted
rel_4a86e4f35f535f8cd46b,rule_2f615bb2ea2e6acec071,SUPPORTED_BY,evidence_dfac954dcd13f0a34e02,{},accepted
rel_7225358996e20c8d5987,standard_node_52c1b52c1f4b0df77db4,HAS_CLAUSE,clause_node_06cc5cc2652d3fbe64f9,{},accepted
rel_8a9d2cb541adfa679170,clause_node_06cc5cc2652d3fbe64f9,HAS_REQUIREMENT,rule_8a81fb9ff70fbff3c344,{},accepted
rel_5b0e019b0f90e5bc34f0,rule_8a81fb9ff70fbff3c344,DERIVED_FROM,clause_node_06cc5cc2652d3fbe64f9,{},accepted
rel_e9a94fcb504c003bfc24,rule_8a81fb9ff70fbff3c344,SUPPORTED_BY,evidence_935f8c1301c6d4e6dcc3,{},accepted
rel_72e75d5829a8ca5d6952,clause_node_06cc5cc2652d3fbe64f9,HAS_REQUIREMENT,rule_d65090bc067c4b13f490,{},accepted
rel_0699f99260c5c8753e6d,rule_d65090bc067c4b13f490,DERIVED_FROM,clause_node_06cc5cc2652d3fbe64f9,{},accepted
rel_b3a2595d7169fc177104,rule_d65090bc067c4b13f490,SUPPORTED_BY,evidence_935f8c1301c6d4e6dcc3,{},accepted
rel_f816e7d50fd03833f331,clause_node_a5b79a26d10549c2820e,HAS_REQUIREMENT,rule_893b732df9bae7a46b89,{},accepted
rel_bcfeba58755955c4317b,rule_893b732df9bae7a46b89,DERIVED_FROM,clause_node_a5b79a26d10549c2820e,{},accepted
rel_dcd3d9790823d41db9d5,rule_893b732df9bae7a46b89,SUPPORTED_BY,evidence_bff91bb442fdbaf69374,{},accepted
rel_31d9857f5fce24244977,clause_node_a5b79a26d10549c2820e,HAS_REQUIREMENT,rule_66147c3ddf1a44b3a8f7,{},accepted
rel_ed8f401417a21d7b3496,rule_66147c3ddf1a44b3a8f7,DERIVED_FROM,clause_node_a5b79a26d10549c2820e,{},accepted
rel_f2b066eb1b665a4d869d,rule_66147c3ddf1a44b3a8f7,SUPPORTED_BY,evidence_bff91bb442fdbaf69374,{},accepted
rel_702c8b891abc08a72232,clause_node_dd2446e8d172e56223cf,HAS_REQUIREMENT,rule_c9ab221a72d30ce07d40,{},accepted
rel_036d04fc05b803e3f03f,rule_c9ab221a72d30ce07d40,DERIVED_FROM,clause_node_dd2446e8d172e56223cf,{},accepted
rel_9cda10464d31181c689e,rule_c9ab221a72d30ce07d40,SUPPORTED_BY,evidence_e1ce6d3b6959901310fe,{},accepted
rel_1c25396271c4b238e94a,clause_node_dd2446e8d172e56223cf,HAS_REQUIREMENT,rule_5be5c72536f8cd19b770,{},accepted
rel_5eda70fe44b9a7be5615,rule_5be5c72536f8cd19b770,DERIVED_FROM,clause_node_dd2446e8d172e56223cf,{},accepted
rel_e69d3768a5c1fd63e483,rule_5be5c72536f8cd19b770,SUPPORTED_BY,evidence_e1ce6d3b6959901310fe,{},accepted
rel_7eba4055c0a37358ff57,clause_node_dd2446e8d172e56223cf,HAS_REQUIREMENT,rule_11b2d05e4a0d0e8d4c9e,{},accepted
rel_6ca12bdf0eab9c1eece5,rule_11b2d05e4a0d0e8d4c9e,DERIVED_FROM,clause_node_dd2446e8d172e56223cf,{},accepted
rel_18f68a48ea84d6b92e6a,rule_11b2d05e4a0d0e8d4c9e,SUPPORTED_BY,evidence_e1ce6d3b6959901310fe,{},accepted
rel_0fb53c875ab4b2380b35,clause_node_8df533e7d86e220a5dfc,HAS_REQUIREMENT,rule_923cd521e7df1d9b2160,{},accepted
rel_ee45a868ee159c6f95ad,rule_923cd521e7df1d9b2160,DERIVED_FROM,clause_node_8df533e7d86e220a5dfc,{},accepted
rel_d4ab5ec1400337dfdaf2,rule_923cd521e7df1d9b2160,SUPPORTED_BY,evidence_a7922ba8b6e730519c0c,{},accepted
rel_898a8d4d11d70780f9e6,clause_node_8df533e7d86e220a5dfc,HAS_REQUIREMENT,rule_5a26b52df5cc67af9837,{},accepted
rel_a10402837a78ee8d9cde,rule_5a26b52df5cc67af9837,DERIVED_FROM,clause_node_8df533e7d86e220a5dfc,{},accepted
rel_39a7b6e6c0f6d1620337,rule_5a26b52df5cc67af9837,SUPPORTED_BY,evidence_a7922ba8b6e730519c0c,{},accepted
rel_d850516ff474639f2728,clause_node_8df533e7d86e220a5dfc,HAS_REQUIREMENT,rule_b0e5a6965d4525cd31b3,{},accepted
rel_8d9e5532e60b990cc3e8,rule_b0e5a6965d4525cd31b3,DERIVED_FROM,clause_node_8df533e7d86e220a5dfc,{},accepted
rel_b41e9993ac68a44c59ec,rule_b0e5a6965d4525cd31b3,SUPPORTED_BY,evidence_a7922ba8b6e730519c0c,{},accepted
rel_90253c95f6fc94fd626e,clause_node_8df533e7d86e220a5dfc,HAS_REQUIREMENT,rule_713781691d26e529fed2,{},accepted
rel_f0434ce9dd76fedba7ba,rule_713781691d26e529fed2,DERIVED_FROM,clause_node_8df533e7d86e220a5dfc,{},accepted
rel_3bb935e64abf89cf674f,rule_713781691d26e529fed2,SUPPORTED_BY,evidence_a7922ba8b6e730519c0c,{},accepted
rel_f81e6c9f028e59049cfa,clause_node_8df533e7d86e220a5dfc,HAS_REQUIREMENT,rule_5ff35d5c7612879fa2a6,{},accepted
rel_b3721cf4b90b0aef1d82,rule_5ff35d5c7612879fa2a6,DERIVED_FROM,clause_node_8df533e7d86e220a5dfc,{},accepted
rel_159ba9b58ccf1ebd9479,rule_5ff35d5c7612879fa2a6,SUPPORTED_BY,evidence_a7922ba8b6e730519c0c,{},accepted
rel_578d0d2387e35ad74efa,clause_node_8df533e7d86e220a5dfc,HAS_REQUIREMENT,rule_e62f09cf06a54e7fd294,{},accepted
rel_effa432faeac8dd4654c,rule_e62f09cf06a54e7fd294,DERIVED_FROM,clause_node_8df533e7d86e220a5dfc,{},accepted
rel_3ba0ab4dabf1bf364fe3,rule_e62f09cf06a54e7fd294,SUPPORTED_BY,evidence_a7922ba8b6e730519c0c,{},accepted
rel_8ff0f646d06d841a1621,clause_node_8df533e7d86e220a5dfc,HAS_REQUIREMENT,rule_b0ce7682e9cb90293cfc,{},accepted
rel_e090cfd5a86eac0b08d5,rule_b0ce7682e9cb90293cfc,DERIVED_FROM,clause_node_8df533e7d86e220a5dfc,{},accepted
rel_47ef23219b1eff425d46,rule_b0ce7682e9cb90293cfc,SUPPORTED_BY,evidence_a7922ba8b6e730519c0c,{},accepted
rel_1295c0751fe027d47aa3,clause_node_8df533e7d86e220a5dfc,HAS_REQUIREMENT,rule_fc53708fa391518deffe,{},accepted
rel_58f59f71aefebb4d45ae,rule_fc53708fa391518deffe,DERIVED_FROM,clause_node_8df533e7d86e220a5dfc,{},accepted
rel_ad19c8e668fecef86458,rule_fc53708fa391518deffe,SUPPORTED_BY,evidence_a7922ba8b6e730519c0c,{},accepted
rel_c9b0626504f013264500,clause_node_8df533e7d86e220a5dfc,HAS_REQUIREMENT,rule_914ad534dacde171660f,{},accepted
rel_5eadf0bce16023a9c38c,rule_914ad534dacde171660f,DERIVED_FROM,clause_node_8df533e7d86e220a5dfc,{},accepted
rel_8a512110cb39b215cbe5,rule_914ad534dacde171660f,SUPPORTED_BY,evidence_a7922ba8b6e730519c0c,{},accepted
rel_41096ebfc7bdfa2cf344,clause_node_8df533e7d86e220a5dfc,HAS_REQUIREMENT,rule_c8e69582156b190d94e4,{},accepted
rel_7e9e6e9d06ad201b6bb2,rule_c8e69582156b190d94e4,DERIVED_FROM,clause_node_8df533e7d86e220a5dfc,{},accepted
rel_dc37634eb383f4f33ba4,rule_c8e69582156b190d94e4,SUPPORTED_BY,evidence_a7922ba8b6e730519c0c,{},accepted
rel_ca93c67e5b607d35eb44,clause_node_a5b79a26d10549c2820e,HAS_REQUIREMENT,rule_33ad37910d04538d59c2,{},accepted
rel_a73d4f46c5eb116466c7,rule_33ad37910d04538d59c2,DERIVED_FROM,clause_node_a5b79a26d10549c2820e,{},accepted
rel_906658a2ca98323bbef6,rule_33ad37910d04538d59c2,SUPPORTED_BY,evidence_00c72701fcd03c66a427,{},accepted
rel_bf34f1384ba1020ebbb0,clause_node_a5b79a26d10549c2820e,HAS_REQUIREMENT,rule_dd45ad696aa3de592313,{},accepted
rel_1e0837384ccc55b3e616,rule_dd45ad696aa3de592313,DERIVED_FROM,clause_node_a5b79a26d10549c2820e,{},accepted
rel_337f6aa9bf6c0f0b66ef,rule_dd45ad696aa3de592313,SUPPORTED_BY,evidence_00c72701fcd03c66a427,{},accepted
rel_83f936d8e296b66072a2,clause_node_a5b79a26d10549c2820e,HAS_REQUIREMENT,rule_dd3ff0372882445ab352,{},accepted
rel_a9e4adec2997646125b6,rule_dd3ff0372882445ab352,DERIVED_FROM,clause_node_a5b79a26d10549c2820e,{},accepted
rel_e25a041f9c23eff08413,rule_dd3ff0372882445ab352,SUPPORTED_BY,evidence_00c72701fcd03c66a427,{},accepted
rel_73086885d6663de776b1,clause_node_a5b79a26d10549c2820e,HAS_REQUIREMENT,rule_bb00599a1cc5889db9f1,{},accepted
rel_650077e19b7413b242c8,rule_bb00599a1cc5889db9f1,DERIVED_FROM,clause_node_a5b79a26d10549c2820e,{},accepted
rel_f08be8437cdc14b076ec,rule_bb00599a1cc5889db9f1,SUPPORTED_BY,evidence_00c72701fcd03c66a427,{},accepted
rel_cfc485b2652021af404b,clause_node_a5b79a26d10549c2820e,HAS_REQUIREMENT,rule_81d8185d399c04a5a779,{},accepted
rel_5dd77f7c37c9bf0f5010,rule_81d8185d399c04a5a779,DERIVED_FROM,clause_node_a5b79a26d10549c2820e,{},accepted
rel_460b2dc1ca3b3803ee57,rule_81d8185d399c04a5a779,SUPPORTED_BY,evidence_00c72701fcd03c66a427,{},accepted
rel_c976be16eaf259d7c282,clause_node_a5b79a26d10549c2820e,HAS_REQUIREMENT,rule_3f216090b42163982c2e,{},accepted
rel_f4c034f2d4c2138548a3,rule_3f216090b42163982c2e,DERIVED_FROM,clause_node_a5b79a26d10549c2820e,{},accepted
rel_cbe0fc24fd92da48777f,rule_3f216090b42163982c2e,SUPPORTED_BY,evidence_00c72701fcd03c66a427,{},accepted
rel_2a0c7c7253a9d56db257,standard_node_52c1b52c1f4b0df77db4,HAS_CLAUSE,clause_node_c2c36731b79ce799bfe9,{},accepted
rel_e10c291d3d771cf06371,clause_node_c2c36731b79ce799bfe9,HAS_REQUIREMENT,rule_b534552b77143cdc9d28,{},accepted
rel_d1b407296d023b8f4c4f,rule_b534552b77143cdc9d28,DERIVED_FROM,clause_node_c2c36731b79ce799bfe9,{},accepted
rel_7eba4f6548f1e5169d68,rule_b534552b77143cdc9d28,SUPPORTED_BY,evidence_03e7ea674b8d39d9950d,{},accepted
rel_81bca3792dd0e5dd4d28,clause_node_8df533e7d86e220a5dfc,HAS_REQUIREMENT,rule_ff631c3e5a9397c527dc,{},accepted
rel_fc2f2e010e6b5a1f8101,rule_ff631c3e5a9397c527dc,DERIVED_FROM,clause_node_8df533e7d86e220a5dfc,{},accepted
rel_6260548bb5a7c0f4fb81,rule_ff631c3e5a9397c527dc,SUPPORTED_BY,evidence_400cdae820033352a071,{},accepted
rel_e0cadb05162e0ef5e570,clause_node_8df533e7d86e220a5dfc,HAS_REQUIREMENT,rule_7a2fe83dd4ad6cce35e8,{},accepted
rel_0ffdc7a97e5c2f2c4905,rule_7a2fe83dd4ad6cce35e8,DERIVED_FROM,clause_node_8df533e7d86e220a5dfc,{},accepted
rel_dd8949c9b93439c930ae,rule_7a2fe83dd4ad6cce35e8,SUPPORTED_BY,evidence_f0d7b5cd37e603d9505f,{},accepted
rel_8ed6e63210ba78763820,clause_node_8df533e7d86e220a5dfc,HAS_REQUIREMENT,rule_693af58b4320c46c6851,{},accepted
rel_43c335efb47f52a543e3,rule_693af58b4320c46c6851,DERIVED_FROM,clause_node_8df533e7d86e220a5dfc,{},accepted
rel_25aa77c4c48bf1e3d30d,rule_693af58b4320c46c6851,SUPPORTED_BY,evidence_20a788c2ca546b24065b,{},accepted
rel_ee5d87447fc392a63e13,clause_node_8df533e7d86e220a5dfc,HAS_REQUIREMENT,rule_392428d99d8988e7e702,{},accepted
rel_5e4e596601a4ffbed9ba,rule_392428d99d8988e7e702,DERIVED_FROM,clause_node_8df533e7d86e220a5dfc,{},accepted
rel_53a4751d0982bf9e3637,rule_392428d99d8988e7e702,SUPPORTED_BY,evidence_20a788c2ca546b24065b,{},accepted
rel_8293b6fdf3a466469efa,standard_node_52c1b52c1f4b0df77db4,HAS_CLAUSE,clause_node_ffbb302d0991a702e739,{},accepted
rel_6dfe654964c311d929c5,clause_node_ffbb302d0991a702e739,HAS_REQUIREMENT,rule_98c2ef2cf538566d0b01,{},accepted
rel_6d925737f81c325e22f7,rule_98c2ef2cf538566d0b01,DERIVED_FROM,clause_node_ffbb302d0991a702e739,{},accepted
rel_cb5dc2efb47acd83f11c,rule_98c2ef2cf538566d0b01,SUPPORTED_BY,evidence_01fea984202d680149f5,{},accepted
rel_3813ac60b1f55003daca,standard_node_52c1b52c1f4b0df77db4,HAS_CLAUSE,clause_node_8f1defc5b2ec079236c9,{},accepted
rel_2625ee5b7965add73ee6,clause_node_8f1defc5b2ec079236c9,HAS_REQUIREMENT,rule_3d6de5e838b06e4f059b,{},accepted
rel_9b4ff7c3742a7b8ff2b1,rule_3d6de5e838b06e4f059b,DERIVED_FROM,clause_node_8f1defc5b2ec079236c9,{},accepted
rel_7345b712559ea747bb34,rule_3d6de5e838b06e4f059b,SUPPORTED_BY,evidence_45abd89a47fb32586bb5,{},accepted
rel_ea3ed097893bb03bd36b,clause_node_8f1defc5b2ec079236c9,HAS_REQUIREMENT,rule_9a821588cb3530047f7f,{},accepted
rel_c6f5533c86a827c4e89e,rule_9a821588cb3530047f7f,DERIVED_FROM,clause_node_8f1defc5b2ec079236c9,{},accepted
rel_1184aedc194623e9fa7d,rule_9a821588cb3530047f7f,SUPPORTED_BY,evidence_45abd89a47fb32586bb5,{},accepted
rel_38fb40681439e3abf1bd,standard_node_52c1b52c1f4b0df77db4,HAS_CLAUSE,clause_node_945a0514cb406e3f8100,{},accepted
rel_667201d5b514c0358c62,clause_node_945a0514cb406e3f8100,HAS_REQUIREMENT,rule_3366fd1a27f6c75c1bd9,{},accepted
rel_49fbcdf872292b7a25cb,rule_3366fd1a27f6c75c1bd9,DERIVED_FROM,clause_node_945a0514cb406e3f8100,{},accepted
rel_1aa526dc47b9388265ac,rule_3366fd1a27f6c75c1bd9,SUPPORTED_BY,evidence_c0b405fb91aa3d138774,{},accepted
rel_c0368ba5afaaa56d82fa,clause_node_a5b79a26d10549c2820e,HAS_REQUIREMENT,rule_f540e1600b7605075b1d,{},accepted
rel_981f573bed3a28ac6ac7,rule_f540e1600b7605075b1d,DERIVED_FROM,clause_node_a5b79a26d10549c2820e,{},accepted
rel_100aec59a9fe36bee5a9,rule_f540e1600b7605075b1d,SUPPORTED_BY,evidence_de397f11bf839aefa9eb,{},accepted
rel_678c68bc79c9a5aec44a,clause_node_dd2446e8d172e56223cf,HAS_REQUIREMENT,rule_b93401fd40cc025be7da,{},accepted
rel_35a0ceda75534cca5bcb,rule_b93401fd40cc025be7da,DERIVED_FROM,clause_node_dd2446e8d172e56223cf,{},accepted
rel_fde408095b6fc6bb01b3,rule_b93401fd40cc025be7da,SUPPORTED_BY,evidence_9974a0226a99561793be,{},accepted
rel_6ad392eb9b5e58da63d1,clause_node_8df533e7d86e220a5dfc,HAS_REQUIREMENT,rule_e15810248dde4a525455,{},accepted
rel_758933b784c05fb0912c,rule_e15810248dde4a525455,DERIVED_FROM,clause_node_8df533e7d86e220a5dfc,{},accepted
rel_6835ca08f91577fed066,rule_e15810248dde4a525455,SUPPORTED_BY,evidence_9434188eb9a85a909280,{},accepted
rel_60c6032da5f4a898501b,clause_node_8df533e7d86e220a5dfc,HAS_REQUIREMENT,rule_05da1d5fe4b15b090a8f,{},accepted
rel_d1759440a6d44bfffd21,rule_05da1d5fe4b15b090a8f,DERIVED_FROM,clause_node_8df533e7d86e220a5dfc,{},accepted
rel_e68938a4415a6c4e1763,rule_05da1d5fe4b15b090a8f,SUPPORTED_BY,evidence_9434188eb9a85a909280,{},accepted
rel_845b680e34f7901ce618,clause_node_e89bf991f14a298cd43e,HAS_REQUIREMENT,rule_446ae5242358e458f2ef,{},accepted
rel_a8beb2d5d45069587054,rule_446ae5242358e458f2ef,DERIVED_FROM,clause_node_e89bf991f14a298cd43e,{},accepted
rel_42a77efca78860be57af,rule_446ae5242358e458f2ef,SUPPORTED_BY,evidence_adce46fd08c6269566a6,{},accepted
rel_01c791f6ebc7f5afed3a,clause_node_e89bf991f14a298cd43e,HAS_REQUIREMENT,rule_daaaa9d7ffc34d840e88,{},accepted
rel_cd5973bece245344e5a2,rule_daaaa9d7ffc34d840e88,DERIVED_FROM,clause_node_e89bf991f14a298cd43e,{},accepted
rel_0cb56e45c08ced4758b9,rule_daaaa9d7ffc34d840e88,SUPPORTED_BY,evidence_adce46fd08c6269566a6,{},accepted
rel_846c3a5e8a1b67e54723,clause_node_e89bf991f14a298cd43e,HAS_REQUIREMENT,rule_c580c0106d71a92e99a8,{},accepted
rel_63985ec81475fcaf50ff,rule_c580c0106d71a92e99a8,DERIVED_FROM,clause_node_e89bf991f14a298cd43e,{},accepted
rel_823ac6727b2dd01bd788,rule_c580c0106d71a92e99a8,SUPPORTED_BY,evidence_adce46fd08c6269566a6,{},accepted
rel_efe1b4a41d20407ba5d7,clause_node_e89bf991f14a298cd43e,HAS_REQUIREMENT,rule_461b68bd0f969c56d0e6,{},accepted
rel_082f7cc29ce6e914a719,rule_461b68bd0f969c56d0e6,DERIVED_FROM,clause_node_e89bf991f14a298cd43e,{},accepted
rel_52d72071afb75b273374,rule_461b68bd0f969c56d0e6,SUPPORTED_BY,evidence_adce46fd08c6269566a6,{},accepted
rel_05e92e666ed41ce493ad,clause_node_c81db54f568e7eb328db,HAS_REQUIREMENT,rule_fb0cc9b993ac31608dd4,{},accepted
rel_7cf51765bc6925839d8a,rule_fb0cc9b993ac31608dd4,DERIVED_FROM,clause_node_c81db54f568e7eb328db,{},accepted
rel_387f4c5146795372afff,rule_fb0cc9b993ac31608dd4,SUPPORTED_BY,evidence_0ede5c8db867715aab5a,{},accepted
rel_0d09f15a2b16c757a34d,clause_node_c81db54f568e7eb328db,HAS_REQUIREMENT,rule_afc54de4efdc6811ce35,{},accepted
rel_13dadce9d21a93ce0e82,rule_afc54de4efdc6811ce35,DERIVED_FROM,clause_node_c81db54f568e7eb328db,{},accepted
rel_8b9bb3d585602886ddb9,rule_afc54de4efdc6811ce35,SUPPORTED_BY,evidence_0ede5c8db867715aab5a,{},accepted
rel_e77898c530fefde91e34,clause_node_c81db54f568e7eb328db,HAS_REQUIREMENT,rule_fcf09bbbb33308d6a8b0,{},accepted
rel_579a10344540cd565500,rule_fcf09bbbb33308d6a8b0,DERIVED_FROM,clause_node_c81db54f568e7eb328db,{},accepted
rel_33c832f96decf3cf3491,rule_fcf09bbbb33308d6a8b0,SUPPORTED_BY,evidence_0ede5c8db867715aab5a,{},accepted
rel_d655eb8147c0337e7d07,clause_node_a5b79a26d10549c2820e,HAS_REQUIREMENT,rule_75fe58ae8fe0f10b2a57,{},accepted
rel_70ff144890d283827446,rule_75fe58ae8fe0f10b2a57,DERIVED_FROM,clause_node_a5b79a26d10549c2820e,{},accepted
rel_579c66ee2f888d6bd84a,rule_75fe58ae8fe0f10b2a57,SUPPORTED_BY,evidence_167ab347cb860f52dde0,{},accepted
rel_19bea77f7ce1d35454aa,clause_node_dd2446e8d172e56223cf,HAS_REQUIREMENT,rule_12cdd77fded56c0ac082,{},accepted
rel_501ecf822c5220cde516,rule_12cdd77fded56c0ac082,DERIVED_FROM,clause_node_dd2446e8d172e56223cf,{},accepted
rel_65e5e784a6309119d3f9,rule_12cdd77fded56c0ac082,SUPPORTED_BY,evidence_f0e424ae746f9c0cfb22,{},accepted
rel_184548943b68ce4a0941,clause_node_dd2446e8d172e56223cf,HAS_REQUIREMENT,rule_5319d0c2240329643625,{},accepted
rel_470dd857126aa860a200,rule_5319d0c2240329643625,DERIVED_FROM,clause_node_dd2446e8d172e56223cf,{},accepted
rel_843178cfc1416e738946,rule_5319d0c2240329643625,SUPPORTED_BY,evidence_f0e424ae746f9c0cfb22,{},accepted
rel_87f2a4f6e9d317c7a0dd,clause_node_8df533e7d86e220a5dfc,HAS_REQUIREMENT,rule_3a18d88857aa6453e3ac,{},accepted
rel_6b2fd3e6d7646a7e6710,rule_3a18d88857aa6453e3ac,DERIVED_FROM,clause_node_8df533e7d86e220a5dfc,{},accepted
rel_b1bc897f831be8109159,rule_3a18d88857aa6453e3ac,SUPPORTED_BY,evidence_3e3529deec33ee68fd42,{},accepted
rel_a41106678d196aea259f,clause_node_8df533e7d86e220a5dfc,HAS_REQUIREMENT,rule_aa6a4b3c7fa799589a71,{},accepted
rel_bf47f9fd6c8b0a536649,rule_aa6a4b3c7fa799589a71,DERIVED_FROM,clause_node_8df533e7d86e220a5dfc,{},accepted
rel_e0330f920ce4698b77c0,rule_aa6a4b3c7fa799589a71,SUPPORTED_BY,evidence_3e3529deec33ee68fd42,{},accepted
rel_1e42d0bfa3a59d6389d7,clause_node_8df533e7d86e220a5dfc,HAS_REQUIREMENT,rule_acb0dcb32ca81f46e6f2,{},accepted
rel_6d4299c75dd28ea8b27a,rule_acb0dcb32ca81f46e6f2,DERIVED_FROM,clause_node_8df533e7d86e220a5dfc,{},accepted
rel_a99e461ebe221e5e8fdd,rule_acb0dcb32ca81f46e6f2,SUPPORTED_BY,evidence_3e3529deec33ee68fd42,{},accepted
rel_98b7dcdd3f3de111e406,clause_node_e89bf991f14a298cd43e,HAS_REQUIREMENT,rule_275573d877426e8c839f,{},accepted
rel_6476411e2f153cf669ac,rule_275573d877426e8c839f,DERIVED_FROM,clause_node_e89bf991f14a298cd43e,{},accepted
rel_2cfa4824dcfc06b0febd,rule_275573d877426e8c839f,SUPPORTED_BY,evidence_e326c52a816d780f2a5a,{},accepted
rel_f1c6aeb204e9d1f0ca8b,clause_node_e89bf991f14a298cd43e,HAS_REQUIREMENT,rule_2bc6cb7996100451e232,{},accepted
rel_f8e0de15627711fdb669,rule_2bc6cb7996100451e232,DERIVED_FROM,clause_node_e89bf991f14a298cd43e,{},accepted
rel_12a01a9a8fb355d8f3e9,rule_2bc6cb7996100451e232,SUPPORTED_BY,evidence_e326c52a816d780f2a5a,{},accepted
rel_f89d6090ceb32ebde451,clause_node_c81db54f568e7eb328db,HAS_REQUIREMENT,rule_bf1cbdc063dfd1032c99,{},accepted
rel_b102da862a8182131423,rule_bf1cbdc063dfd1032c99,DERIVED_FROM,clause_node_c81db54f568e7eb328db,{},accepted
rel_a9aee0c0dc4127be3183,rule_bf1cbdc063dfd1032c99,SUPPORTED_BY,evidence_6274bb9571c25d5e7ab7,{},accepted
rel_a388a2a1bd0c028dfc34,clause_node_c81db54f568e7eb328db,HAS_REQUIREMENT,rule_10ac90643821eeb34d6e,{},accepted
rel_cd01c9fe06c1b514e81d,rule_10ac90643821eeb34d6e,DERIVED_FROM,clause_node_c81db54f568e7eb328db,{},accepted
rel_d87cb665a052e179afa2,rule_10ac90643821eeb34d6e,SUPPORTED_BY,evidence_6274bb9571c25d5e7ab7,{},accepted
rel_2f5bdfd7811d3b14f445,clause_node_97b873622d90286db6be,HAS_REQUIREMENT,rule_512bd03897853d252703,{},accepted
rel_4ada2d585002265a1ea2,rule_512bd03897853d252703,DERIVED_FROM,clause_node_97b873622d90286db6be,{},accepted
rel_f175ee821b06a1b236f2,rule_512bd03897853d252703,SUPPORTED_BY,evidence_158f4ecef508c7cc4338,{},accepted
rel_20761eb2b13228a14ba6,clause_node_97b873622d90286db6be,HAS_REQUIREMENT,rule_82f614fa8a32a4d5596d,{},accepted
rel_e3f20aa5fba290eb7ba2,rule_82f614fa8a32a4d5596d,DERIVED_FROM,clause_node_97b873622d90286db6be,{},accepted
rel_fab30e5d18ff9bae7aad,rule_82f614fa8a32a4d5596d,SUPPORTED_BY,evidence_158f4ecef508c7cc4338,{},accepted
rel_3bfd72944fe854cd2c21,clause_node_97b873622d90286db6be,HAS_REQUIREMENT,rule_e98729e573ab8de5ad00,{},accepted
rel_94386f348280aa5656cc,rule_e98729e573ab8de5ad00,DERIVED_FROM,clause_node_97b873622d90286db6be,{},accepted
rel_b93c0dc3b8db9af2ee86,rule_e98729e573ab8de5ad00,SUPPORTED_BY,evidence_158f4ecef508c7cc4338,{},accepted
rel_851c3c669e45036c0d1d,clause_node_a5b79a26d10549c2820e,HAS_REQUIREMENT,rule_30a4da856edc8f3f6c7d,{},accepted
rel_5d63e77a2b50e31343a0,rule_30a4da856edc8f3f6c7d,DERIVED_FROM,clause_node_a5b79a26d10549c2820e,{},accepted
rel_c76661405e58882a1630,rule_30a4da856edc8f3f6c7d,SUPPORTED_BY,evidence_216a465628103a421056,{},accepted
rel_78056ee770a573bc89d3,clause_node_a5b79a26d10549c2820e,HAS_REQUIREMENT,rule_d9f92269bf9d9fb73cb1,{},accepted
rel_9c33924d6ca8dcee16e3,rule_d9f92269bf9d9fb73cb1,DERIVED_FROM,clause_node_a5b79a26d10549c2820e,{},accepted
rel_0ce6dd55e7aa60daaf45,rule_d9f92269bf9d9fb73cb1,SUPPORTED_BY,evidence_216a465628103a421056,{},accepted
rel_5d2e19152d2bf09dcf70,clause_node_dd2446e8d172e56223cf,HAS_REQUIREMENT,rule_7b213c51eccc66d2a88a,{},accepted
rel_90c66469ab39b6e0a95b,rule_7b213c51eccc66d2a88a,DERIVED_FROM,clause_node_dd2446e8d172e56223cf,{},accepted
rel_586b4268f1a32020e695,rule_7b213c51eccc66d2a88a,SUPPORTED_BY,evidence_9e2864be38e5d095ecbd,{},accepted
rel_150219e02ca0bff4afa0,clause_node_dd2446e8d172e56223cf,HAS_REQUIREMENT,rule_31f5962d0b324328bdee,{},accepted
rel_2ec5cc637e9239d8a379,rule_31f5962d0b324328bdee,DERIVED_FROM,clause_node_dd2446e8d172e56223cf,{},accepted
rel_3630ba127a4a49f43b4a,rule_31f5962d0b324328bdee,SUPPORTED_BY,evidence_9e2864be38e5d095ecbd,{},accepted
rel_3b325a8cc498ad582bb5,clause_node_8df533e7d86e220a5dfc,HAS_REQUIREMENT,rule_f69c3624964af901361c,{},accepted
rel_f031bacf2346b2f46ff7,rule_f69c3624964af901361c,DERIVED_FROM,clause_node_8df533e7d86e220a5dfc,{},accepted
rel_0461156d2332a784598c,rule_f69c3624964af901361c,SUPPORTED_BY,evidence_a52a61e82e1dfd018f76,{},accepted
rel_f1562b30907be913c607,clause_node_8df533e7d86e220a5dfc,HAS_REQUIREMENT,rule_217d8b6a7702aebb1eeb,{},accepted
rel_c3144c13b56e7f3b7f3c,rule_217d8b6a7702aebb1eeb,DERIVED_FROM,clause_node_8df533e7d86e220a5dfc,{},accepted
rel_1d15c34ace7fd896b891,rule_217d8b6a7702aebb1eeb,SUPPORTED_BY,evidence_a52a61e82e1dfd018f76,{},accepted
rel_8fdbda3c64668ff43366,clause_node_e89bf991f14a298cd43e,HAS_REQUIREMENT,rule_c8e22ce03764458a69bf,{},accepted
rel_33ae8f668c31ba42278a,rule_c8e22ce03764458a69bf,DERIVED_FROM,clause_node_e89bf991f14a298cd43e,{},accepted
rel_d981d49b8b1c578e591c,rule_c8e22ce03764458a69bf,SUPPORTED_BY,evidence_c0e7b09bba89d64a04c2,{},accepted
rel_e52506349d73a0e79d78,clause_node_e89bf991f14a298cd43e,HAS_REQUIREMENT,rule_fd7f2f82f83ce6491187,{},accepted
rel_7c26450a6fe89646d353,rule_fd7f2f82f83ce6491187,DERIVED_FROM,clause_node_e89bf991f14a298cd43e,{},accepted
rel_23bcb2a3560ce6f1b369,rule_fd7f2f82f83ce6491187,SUPPORTED_BY,evidence_c0e7b09bba89d64a04c2,{},accepted
rel_159702cc6bd6de4ed569,clause_node_c81db54f568e7eb328db,HAS_REQUIREMENT,rule_a83f08ecdce433eb90da,{},accepted
rel_0e8db19136b66353dee8,rule_a83f08ecdce433eb90da,DERIVED_FROM,clause_node_c81db54f568e7eb328db,{},accepted
rel_b83ee9c1d39b4bbe4b08,rule_a83f08ecdce433eb90da,SUPPORTED_BY,evidence_f29005c3704a1f6612db,{},accepted
rel_87506ac984c44dd29ff0,clause_node_c81db54f568e7eb328db,HAS_REQUIREMENT,rule_d80a294f24388397de97,{},accepted
rel_1f132bae5e04801d1a82,rule_d80a294f24388397de97,DERIVED_FROM,clause_node_c81db54f568e7eb328db,{},accepted
rel_a4690c831a980d854b19,rule_d80a294f24388397de97,SUPPORTED_BY,evidence_f29005c3704a1f6612db,{},accepted
rel_a8f45236eda35fd60b9f,clause_node_a5b79a26d10549c2820e,HAS_REQUIREMENT,rule_33915d81cb60b9c22fb9,{},accepted
rel_48a6067db1738c76163e,rule_33915d81cb60b9c22fb9,DERIVED_FROM,clause_node_a5b79a26d10549c2820e,{},accepted
rel_3464b59fb7fead37679b,rule_33915d81cb60b9c22fb9,SUPPORTED_BY,evidence_8e03b9903f6f93686230,{},accepted
rel_d7e6a4dc39fa817921fc,standard_node_52c1b52c1f4b0df77db4,HAS_CLAUSE,clause_node_127701de563efd1ce364,{},accepted
rel_b8c3eb9c4dc91b0496a1,clause_node_127701de563efd1ce364,HAS_REQUIREMENT,rule_ff746f093059dcb1614a,{},accepted
rel_1863acd767fc32068bd2,rule_ff746f093059dcb1614a,DERIVED_FROM,clause_node_127701de563efd1ce364,{},accepted
rel_7c3fddb825c71eaa990a,rule_ff746f093059dcb1614a,SUPPORTED_BY,evidence_73fa9ff44dea9bdef650,{},accepted
rel_39b0f0c8546776c7372f,clause_node_127701de563efd1ce364,HAS_REQUIREMENT,rule_0b143d6ec917535e76b0,{},accepted
rel_4d0e595667797983e737,rule_0b143d6ec917535e76b0,DERIVED_FROM,clause_node_127701de563efd1ce364,{},accepted
rel_2379cad167b5a48c807b,rule_0b143d6ec917535e76b0,SUPPORTED_BY,evidence_73fa9ff44dea9bdef650,{},accepted
rel_77287362c9fef45c72ae,clause_node_dd2446e8d172e56223cf,HAS_REQUIREMENT,rule_326403d5b8059927f464,{},accepted
rel_d7b54adc5824862d0adc,rule_326403d5b8059927f464,DERIVED_FROM,clause_node_dd2446e8d172e56223cf,{},accepted
rel_ff9b6ea45c32b6c93aa8,rule_326403d5b8059927f464,SUPPORTED_BY,evidence_f48596f8b4d5845f193d,{},accepted
rel_69a75441acf9bc25690b,clause_node_8df533e7d86e220a5dfc,HAS_REQUIREMENT,rule_7cd62a084a12878b8750,{},accepted
rel_2e5da4e045c81350db2e,rule_7cd62a084a12878b8750,DERIVED_FROM,clause_node_8df533e7d86e220a5dfc,{},accepted
rel_f84f2ab7f9a6443fd4e0,rule_7cd62a084a12878b8750,SUPPORTED_BY,evidence_519aec70a31f55785fee,{},accepted
rel_5fe854f474a103641a8a,clause_node_8df533e7d86e220a5dfc,HAS_REQUIREMENT,rule_5427e657fc2ea529defd,{},accepted
rel_a99933d39582dc91c1f3,rule_5427e657fc2ea529defd,DERIVED_FROM,clause_node_8df533e7d86e220a5dfc,{},accepted
rel_410a150c3c3e1029aee0,rule_5427e657fc2ea529defd,SUPPORTED_BY,evidence_519aec70a31f55785fee,{},accepted
rel_6d117224bfe658c64a70,clause_node_e89bf991f14a298cd43e,HAS_REQUIREMENT,rule_f7f90e7a92c5be7bfae3,{},accepted
rel_36fe917dbeacfd15e1e9,rule_f7f90e7a92c5be7bfae3,DERIVED_FROM,clause_node_e89bf991f14a298cd43e,{},accepted
rel_345470efb9d0da0498bc,rule_f7f90e7a92c5be7bfae3,SUPPORTED_BY,evidence_e04054df1d21314d616c,{},accepted
rel_5021808c60dc9827d12b,clause_node_e89bf991f14a298cd43e,HAS_REQUIREMENT,rule_8262312cc529c047a594,{},accepted
rel_8a7673bb23831a5ca678,rule_8262312cc529c047a594,DERIVED_FROM,clause_node_e89bf991f14a298cd43e,{},accepted
rel_e9bf1e9ffd6d041cbe4d,rule_8262312cc529c047a594,SUPPORTED_BY,evidence_e04054df1d21314d616c,{},accepted
rel_d57c8d281e6af936c7f2,clause_node_c81db54f568e7eb328db,HAS_REQUIREMENT,rule_1d397ad78adcacfbaae9,{},accepted
rel_1d01333f28b8aaae82ee,rule_1d397ad78adcacfbaae9,DERIVED_FROM,clause_node_c81db54f568e7eb328db,{},accepted
rel_49200409a2635d78a7b0,rule_1d397ad78adcacfbaae9,SUPPORTED_BY,evidence_8f0ee9b3751e05dfe1d3,{},accepted
rel_5a644a527b8b1e5cd426,clause_node_c81db54f568e7eb328db,HAS_REQUIREMENT,rule_7217db601991142af453,{},accepted
rel_fcf8d9af80d30ba31b98,rule_7217db601991142af453,DERIVED_FROM,clause_node_c81db54f568e7eb328db,{},accepted
rel_e5bed54e59d0ad01f574,rule_7217db601991142af453,SUPPORTED_BY,evidence_8f0ee9b3751e05dfe1d3,{},accepted
rel_aa3a81323efe7333aa9b,clause_node_97b873622d90286db6be,HAS_REQUIREMENT,rule_c3c5d50153313cf4da78,{},accepted
rel_ec98cc04ccdff1fa7c4b,rule_c3c5d50153313cf4da78,DERIVED_FROM,clause_node_97b873622d90286db6be,{},accepted
rel_2209d7042eba4203526c,rule_c3c5d50153313cf4da78,SUPPORTED_BY,evidence_6b944e593f28d2ea7475,{},accepted
rel_279a154a3914748b3b85,standard_node_52c1b52c1f4b0df77db4,HAS_CLAUSE,clause_node_686df4cd474a87111882,{},accepted
rel_f9312d7382e0f92105c6,clause_node_686df4cd474a87111882,HAS_REQUIREMENT,rule_09457587ec640960cbee,{},accepted
rel_b5011d691124ccb42744,rule_09457587ec640960cbee,DERIVED_FROM,clause_node_686df4cd474a87111882,{},accepted
rel_32a1e16d4889f8147b14,rule_09457587ec640960cbee,SUPPORTED_BY,evidence_99cdea9ecedb925c82d8,{},accepted
rel_2ca801e090165121d877,standard_node_52c1b52c1f4b0df77db4,HAS_CLAUSE,clause_node_5c13ef553faa1a1d6ce1,{},accepted
rel_4d3d6fcf5f26a84ae86a,clause_node_5c13ef553faa1a1d6ce1,HAS_REQUIREMENT,rule_0ece7cb3533fd636c78e,{},accepted
rel_5adf0b342422c11e0c94,rule_0ece7cb3533fd636c78e,DERIVED_FROM,clause_node_5c13ef553faa1a1d6ce1,{},accepted
rel_d13ed174e18760081819,rule_0ece7cb3533fd636c78e,SUPPORTED_BY,evidence_d635bf5eb0cecd0078b0,{},accepted
rel_dd3770efb1c15f910b94,clause_node_5c13ef553faa1a1d6ce1,HAS_REQUIREMENT,rule_9f1234dfe54f49906ed3,{},accepted
rel_cd157cb2bd30caef9ab2,rule_9f1234dfe54f49906ed3,DERIVED_FROM,clause_node_5c13ef553faa1a1d6ce1,{},accepted
rel_e9b40b99fa94a8f6b4a2,rule_9f1234dfe54f49906ed3,SUPPORTED_BY,evidence_d635bf5eb0cecd0078b0,{},accepted
rel_3636861ed9eebc464d9a,clause_node_a5b79a26d10549c2820e,HAS_REQUIREMENT,rule_693a1caeb2f7a6f1465f,{},accepted
rel_5bd9e3c645401ae2896b,rule_693a1caeb2f7a6f1465f,DERIVED_FROM,clause_node_a5b79a26d10549c2820e,{},accepted
rel_33eb1f0fa62bc3fd26da,rule_693a1caeb2f7a6f1465f,SUPPORTED_BY,evidence_0cdaa3984ecb11256470,{},accepted
rel_3f73d7c6cb2b47503701,clause_node_a5b79a26d10549c2820e,HAS_REQUIREMENT,rule_eaf78facd7ff6b6adaae,{},accepted
rel_df951ad560dec388aedf,rule_eaf78facd7ff6b6adaae,DERIVED_FROM,clause_node_a5b79a26d10549c2820e,{},accepted
rel_cce28cb0fe67ca8504fd,rule_eaf78facd7ff6b6adaae,SUPPORTED_BY,evidence_0cdaa3984ecb11256470,{},accepted
rel_c142aa681b620d5e0770,clause_node_dd2446e8d172e56223cf,HAS_REQUIREMENT,rule_22bb8596148694d5a8a8,{},accepted
rel_052acb39693f7d504462,rule_22bb8596148694d5a8a8,DERIVED_FROM,clause_node_dd2446e8d172e56223cf,{},accepted
rel_4db368db4e9c6941a0c7,rule_22bb8596148694d5a8a8,SUPPORTED_BY,evidence_5c6da3315b2a83da5d65,{},accepted
rel_aec5f313aa755948733a,clause_node_dd2446e8d172e56223cf,HAS_REQUIREMENT,rule_a5808b262b2d07d6b738,{},accepted
rel_a04d511537a0cb97e507,rule_a5808b262b2d07d6b738,DERIVED_FROM,clause_node_dd2446e8d172e56223cf,{},accepted
rel_b665d4abfe07cfdcd1c5,rule_a5808b262b2d07d6b738,SUPPORTED_BY,evidence_5c6da3315b2a83da5d65,{},accepted
rel_b9efcba4c93199a198c8,clause_node_8df533e7d86e220a5dfc,HAS_REQUIREMENT,rule_d9813f57689ea68580b4,{},accepted
rel_7b6dece99f75361c2b40,rule_d9813f57689ea68580b4,DERIVED_FROM,clause_node_8df533e7d86e220a5dfc,{},accepted
rel_9918f4271d7e4fbdbf5d,rule_d9813f57689ea68580b4,SUPPORTED_BY,evidence_7bcadf19398559ae7c4f,{},accepted
rel_a21988fe6dd60fdc8770,clause_node_8df533e7d86e220a5dfc,HAS_REQUIREMENT,rule_d4551fe01ba26ff0c0f4,{},accepted
rel_a90fbd234f15574aad29,rule_d4551fe01ba26ff0c0f4,DERIVED_FROM,clause_node_8df533e7d86e220a5dfc,{},accepted
rel_fa7245bca2d19be9e68f,rule_d4551fe01ba26ff0c0f4,SUPPORTED_BY,evidence_7bcadf19398559ae7c4f,{},accepted
rel_4a5ce28fe486138460c0,clause_node_a5b79a26d10549c2820e,HAS_REQUIREMENT,rule_f2b1feb7f5b2a52da108,{},accepted
rel_1b0dedda5906694bab68,rule_f2b1feb7f5b2a52da108,DERIVED_FROM,clause_node_a5b79a26d10549c2820e,{},accepted
rel_2c910eb737b7243de4ed,rule_f2b1feb7f5b2a52da108,SUPPORTED_BY,evidence_0c3bef962b5966349430,{},accepted
rel_b6d5e2116ac204ce612c,clause_node_a5b79a26d10549c2820e,HAS_REQUIREMENT,rule_7965b1448c09acf424c1,{},accepted
rel_4d22dcee6d4234e93b71,rule_7965b1448c09acf424c1,DERIVED_FROM,clause_node_a5b79a26d10549c2820e,{},accepted
rel_f1ca98ede95b9982d71d,rule_7965b1448c09acf424c1,SUPPORTED_BY,evidence_0c3bef962b5966349430,{},accepted
rel_2399c766cff577d3d9ae,clause_node_a5b79a26d10549c2820e,HAS_REQUIREMENT,rule_7684b507d72e354c2103,{},accepted
rel_071aea58439b84fe7d16,rule_7684b507d72e354c2103,DERIVED_FROM,clause_node_a5b79a26d10549c2820e,{},accepted
rel_e8d70a36e08314d77c98,rule_7684b507d72e354c2103,SUPPORTED_BY,evidence_0c3bef962b5966349430,{},accepted
rel_b0f064950bb4277777be,standard_node_52c1b52c1f4b0df77db4,HAS_CLAUSE,clause_node_0c49257224f56b0bd352,{},accepted
rel_69e8ed25b7ebf0b6d773,clause_node_0c49257224f56b0bd352,HAS_REQUIREMENT,rule_8a79e923b23decf8ca90,{},accepted
rel_4c84dd61b4c289dc33a6,rule_8a79e923b23decf8ca90,DERIVED_FROM,clause_node_0c49257224f56b0bd352,{},accepted
rel_d080516128a53875031e,rule_8a79e923b23decf8ca90,SUPPORTED_BY,evidence_117a63d478642d1bb0b4,{},accepted
rel_449d04d7a5143b472bc9,clause_node_0c49257224f56b0bd352,HAS_REQUIREMENT,rule_5d5558c21c76038920d3,{},accepted
rel_4175e722d2495766dd1e,rule_5d5558c21c76038920d3,DERIVED_FROM,clause_node_0c49257224f56b0bd352,{},accepted
rel_d480ed96b36288e601a8,rule_5d5558c21c76038920d3,SUPPORTED_BY,evidence_117a63d478642d1bb0b4,{},accepted
rel_d604579d7970f8fa28bf,clause_node_0c49257224f56b0bd352,HAS_REQUIREMENT,rule_f72135c52a7377e4dac9,{},accepted
rel_03949cc516619dac26cd,rule_f72135c52a7377e4dac9,DERIVED_FROM,clause_node_0c49257224f56b0bd352,{},accepted
rel_429ca7bd0f10762c61ae,rule_f72135c52a7377e4dac9,SUPPORTED_BY,evidence_117a63d478642d1bb0b4,{},accepted
rel_d3c03c200d924670495d,clause_node_a5b79a26d10549c2820e,HAS_REQUIREMENT,rule_8f4257b685ea32643dda,{},accepted
rel_6267e6d0414d0fbc4f6d,rule_8f4257b685ea32643dda,DERIVED_FROM,clause_node_a5b79a26d10549c2820e,{},accepted
rel_7633d7a0e60560759230,rule_8f4257b685ea32643dda,SUPPORTED_BY,evidence_6a1bb87f4928e93ff603,{},accepted
rel_9d1002359236a4fb14e1,standard_node_52c1b52c1f4b0df77db4,HAS_CLAUSE,clause_node_b133433c86f6e089270d,{},accepted
rel_07a0213098e41c3eb145,clause_node_b133433c86f6e089270d,HAS_REQUIREMENT,rule_8ec72bb3abcbe2cfed30,{},accepted
rel_4d9da158c9a7f13a3d7f,rule_8ec72bb3abcbe2cfed30,DERIVED_FROM,clause_node_b133433c86f6e089270d,{},accepted
rel_2e70bd05a42d1a4417b2,rule_8ec72bb3abcbe2cfed30,SUPPORTED_BY,evidence_a5ef680e786977633ded,{},accepted
rel_c6299f59a6600d423c68,clause_node_b133433c86f6e089270d,HAS_REQUIREMENT,rule_4e1b99bf6e857fa88448,{},accepted
rel_7e28c5b92871fb43454a,rule_4e1b99bf6e857fa88448,DERIVED_FROM,clause_node_b133433c86f6e089270d,{},accepted
rel_227608a850578bc8eab6,rule_4e1b99bf6e857fa88448,SUPPORTED_BY,evidence_a5ef680e786977633ded,{},accepted
rel_0e0a2f444464d3465b42,clause_node_b133433c86f6e089270d,HAS_REQUIREMENT,rule_c7d1e88400409551cce7,{},accepted
rel_1bbac6f1898d92dc1563,rule_c7d1e88400409551cce7,DERIVED_FROM,clause_node_b133433c86f6e089270d,{},accepted
rel_64158c63f1670d83df01,rule_c7d1e88400409551cce7,SUPPORTED_BY,evidence_a5ef680e786977633ded,{},accepted
rel_b9f32af83d366f19d20c,clause_node_b133433c86f6e089270d,HAS_REQUIREMENT,rule_49dcca6369bee45c867d,{},accepted
rel_a2035376b5d19da1e424,rule_49dcca6369bee45c867d,DERIVED_FROM,clause_node_b133433c86f6e089270d,{},accepted
rel_b40f8cfad445d0740102,rule_49dcca6369bee45c867d,SUPPORTED_BY,evidence_a5ef680e786977633ded,{},accepted
rel_da3d046559d6386e334c,clause_node_dd2446e8d172e56223cf,HAS_REQUIREMENT,rule_23f4a6124cc784ee4096,{},accepted
rel_64e094fb8892f79d8bc8,rule_23f4a6124cc784ee4096,DERIVED_FROM,clause_node_dd2446e8d172e56223cf,{},accepted
rel_7b90a32345ffbc4754cf,rule_23f4a6124cc784ee4096,SUPPORTED_BY,evidence_46f201e4e7025422b053,{},accepted
rel_0cf5458352f98b2b6b84,clause_node_dd2446e8d172e56223cf,HAS_REQUIREMENT,rule_719f1be353e7ea1f6031,{},accepted
rel_912c9cbd372934204862,rule_719f1be353e7ea1f6031,DERIVED_FROM,clause_node_dd2446e8d172e56223cf,{},accepted
rel_e67f3338ad340a103a8b,rule_719f1be353e7ea1f6031,SUPPORTED_BY,evidence_46f201e4e7025422b053,{},accepted
rel_1306341cfe2b7130a105,clause_node_dd2446e8d172e56223cf,HAS_REQUIREMENT,rule_23d69e4da06995c47d51,{},accepted
rel_a2a01fdcf4edc2a85958,rule_23d69e4da06995c47d51,DERIVED_FROM,clause_node_dd2446e8d172e56223cf,{},accepted
rel_2e3b4fa085fa0791e7c5,rule_23d69e4da06995c47d51,SUPPORTED_BY,evidence_46f201e4e7025422b053,{},accepted
rel_846a87ba4ebb36bd1440,clause_node_dd2446e8d172e56223cf,HAS_REQUIREMENT,rule_ba06c4eedc56cc2ec0f9,{},accepted
rel_30bc9b462e1408f30695,rule_ba06c4eedc56cc2ec0f9,DERIVED_FROM,clause_node_dd2446e8d172e56223cf,{},accepted
rel_31317a301f61142c4f2c,rule_ba06c4eedc56cc2ec0f9,SUPPORTED_BY,evidence_46f201e4e7025422b053,{},accepted
rel_8440ce813dc39a6c88c2,clause_node_dd2446e8d172e56223cf,HAS_REQUIREMENT,rule_a80e1bb48b09eb0e6f8e,{},accepted
rel_72b4ee4a7abca47ce495,rule_a80e1bb48b09eb0e6f8e,DERIVED_FROM,clause_node_dd2446e8d172e56223cf,{},accepted
rel_f39aa8e71a7bf862fc9c,rule_a80e1bb48b09eb0e6f8e,SUPPORTED_BY,evidence_46f201e4e7025422b053,{},accepted
rel_d5acd52ad9348c959458,clause_node_dd2446e8d172e56223cf,HAS_REQUIREMENT,rule_c92be0b48298294f9a6f,{},accepted
rel_1f1fdd1d995373b3772f,rule_c92be0b48298294f9a6f,DERIVED_FROM,clause_node_dd2446e8d172e56223cf,{},accepted
rel_27278c0852bb45c159c0,rule_c92be0b48298294f9a6f,SUPPORTED_BY,evidence_46f201e4e7025422b053,{},accepted
rel_8e8ac3b1f333e1a5d530,clause_node_8df533e7d86e220a5dfc,HAS_REQUIREMENT,rule_6c92eb6c89b1f74aa7eb,{},accepted
rel_fb776fae6c4a34f1e778,rule_6c92eb6c89b1f74aa7eb,DERIVED_FROM,clause_node_8df533e7d86e220a5dfc,{},accepted
rel_9719f3e3a5023c435d05,rule_6c92eb6c89b1f74aa7eb,SUPPORTED_BY,evidence_8bab09e97d12d5c0b212,{},accepted
rel_ab6c733cd2e99ca802cc,standard_node_52c1b52c1f4b0df77db4,HAS_CLAUSE,clause_node_08a761073d88658350db,{},accepted
rel_fd537c016975b6f0677f,clause_node_08a761073d88658350db,HAS_REQUIREMENT,rule_f123dbba9525fc147ae3,{},accepted
rel_e956e9da69ef5d199a2b,rule_f123dbba9525fc147ae3,DERIVED_FROM,clause_node_08a761073d88658350db,{},accepted
rel_ab34ac7ab4a753f51e35,rule_f123dbba9525fc147ae3,SUPPORTED_BY,evidence_841168e5cef4c23cea3d,{},accepted
rel_e89b92918ff1f16953a9,clause_node_08a761073d88658350db,HAS_REQUIREMENT,rule_4a01e2d51b34d2128905,{},accepted
rel_f57f2845263e7c8d1d16,rule_4a01e2d51b34d2128905,DERIVED_FROM,clause_node_08a761073d88658350db,{},accepted
rel_1ce4b212f83c79fd011c,rule_4a01e2d51b34d2128905,SUPPORTED_BY,evidence_841168e5cef4c23cea3d,{},accepted
rel_4ea4e865f3742a2a90ad,clause_node_08a761073d88658350db,HAS_REQUIREMENT,rule_cf58102b57934222caa5,{},accepted
rel_3effbe901d7d99e3a938,rule_cf58102b57934222caa5,DERIVED_FROM,clause_node_08a761073d88658350db,{},accepted
rel_7746eddb75e77dc6b903,rule_cf58102b57934222caa5,SUPPORTED_BY,evidence_841168e5cef4c23cea3d,{},accepted
rel_8a0b930a38bd4f282b64,clause_node_08a761073d88658350db,HAS_REQUIREMENT,rule_c4d9dd4acf28b9e594e9,{},accepted
rel_5f5d967436fc9f394837,rule_c4d9dd4acf28b9e594e9,DERIVED_FROM,clause_node_08a761073d88658350db,{},accepted
rel_618c98b3f184ec21003c,rule_c4d9dd4acf28b9e594e9,SUPPORTED_BY,evidence_841168e5cef4c23cea3d,{},accepted
rel_c0fed1fe04aeff35d3da,clause_node_a5b79a26d10549c2820e,HAS_REQUIREMENT,rule_f5710eeadb0a7bfeb166,{},accepted
rel_93e7a9420081b49c798d,rule_f5710eeadb0a7bfeb166,DERIVED_FROM,clause_node_a5b79a26d10549c2820e,{},accepted
rel_831f0fd57f4036bbdafd,rule_f5710eeadb0a7bfeb166,SUPPORTED_BY,evidence_0b0bd64764b5e6cf17ef,{},accepted
rel_a28ad125d30eee594199,standard_node_52c1b52c1f4b0df77db4,HAS_CLAUSE,clause_node_54ba37f46b3031da9702,{},accepted
rel_ac835e3ff8ce348d805b,clause_node_54ba37f46b3031da9702,HAS_REQUIREMENT,rule_7b307a371e55a990ad77,{},accepted
rel_bc4700c3fbee12d5bcf5,rule_7b307a371e55a990ad77,DERIVED_FROM,clause_node_54ba37f46b3031da9702,{},accepted
rel_755d4c3df6a77ace1788,rule_7b307a371e55a990ad77,SUPPORTED_BY,evidence_bb44ca5cc7f6a163cfb0,{},accepted
rel_325482abab980dfb1a49,clause_node_dd2446e8d172e56223cf,HAS_REQUIREMENT,rule_f4b0f9b6a9b60b6f7754,{},accepted
rel_9b13934f2fc1f754ac8b,rule_f4b0f9b6a9b60b6f7754,DERIVED_FROM,clause_node_dd2446e8d172e56223cf,{},accepted
rel_785f00753d4ce5305bb4,rule_f4b0f9b6a9b60b6f7754,SUPPORTED_BY,evidence_588fc8ee86f840777bb4,{},accepted
rel_148302f79f10b97b6b1f,clause_node_8df533e7d86e220a5dfc,HAS_REQUIREMENT,rule_930b4fef581e37b27c0e,{},accepted
rel_99266811a1538bf78ed8,rule_930b4fef581e37b27c0e,DERIVED_FROM,clause_node_8df533e7d86e220a5dfc,{},accepted
rel_57652889f4a85d09577d,rule_930b4fef581e37b27c0e,SUPPORTED_BY,evidence_48929fd7bffc8a417e61,{},accepted
rel_fabb082ca6d941d7676e,clause_node_e89bf991f14a298cd43e,HAS_REQUIREMENT,rule_979fe91f308e2f4e4572,{},accepted
rel_925514dcccd34459d143,rule_979fe91f308e2f4e4572,DERIVED_FROM,clause_node_e89bf991f14a298cd43e,{},accepted
rel_23e22a0e681762a0daad,rule_979fe91f308e2f4e4572,SUPPORTED_BY,evidence_fb572bbe7a63ce4891c6,{},accepted
rel_73742e1b1bd7d7d2ac63,clause_node_c81db54f568e7eb328db,HAS_REQUIREMENT,rule_ad88af3b1b82c04ad4b4,{},accepted
rel_9489d9d46d135b237ba5,rule_ad88af3b1b82c04ad4b4,DERIVED_FROM,clause_node_c81db54f568e7eb328db,{},accepted
rel_61f62037bb28b890c309,rule_ad88af3b1b82c04ad4b4,SUPPORTED_BY,evidence_91ae615188c829611772,{},accepted
rel_a5b70c26e3ee133c6fcf,clause_node_c81db54f568e7eb328db,HAS_REQUIREMENT,rule_5b2b74b7379d5f884bf2,{},accepted
rel_34b590bb510b147ea306,rule_5b2b74b7379d5f884bf2,DERIVED_FROM,clause_node_c81db54f568e7eb328db,{},accepted
rel_a009c75f8337fb0d8ee7,rule_5b2b74b7379d5f884bf2,SUPPORTED_BY,evidence_91ae615188c829611772,{},accepted
rel_4a6c0ad167a922ae43ed,clause_node_97b873622d90286db6be,HAS_REQUIREMENT,rule_facfce4742b6ade20c8a,{},accepted
rel_ddc3a437a34a30fa250c,rule_facfce4742b6ade20c8a,DERIVED_FROM,clause_node_97b873622d90286db6be,{},accepted
rel_2183c52bbb92c4399f93,rule_facfce4742b6ade20c8a,SUPPORTED_BY,evidence_9c8ee61c311d409861ea,{},accepted
rel_22dcb5bba00da7473cb1,clause_node_ad2db61f5b12a45e14f4,HAS_REQUIREMENT,rule_d741f1d7709d8a65bf3d,{},accepted
rel_6e72e6201ad6b50bdc52,rule_d741f1d7709d8a65bf3d,DERIVED_FROM,clause_node_ad2db61f5b12a45e14f4,{},accepted
rel_18bb2e82afc41680c4e8,rule_d741f1d7709d8a65bf3d,SUPPORTED_BY,evidence_d1fc5427d46dce33fbc5,{},accepted
rel_d35d534c1a2b37580203,clause_node_ad2db61f5b12a45e14f4,HAS_REQUIREMENT,rule_c3d81d2f8e1c0e3f206f,{},accepted
rel_7b2383fa743f2bdc5a9d,rule_c3d81d2f8e1c0e3f206f,DERIVED_FROM,clause_node_ad2db61f5b12a45e14f4,{},accepted
rel_49c3c2211f2be6fe500f,rule_c3d81d2f8e1c0e3f206f,SUPPORTED_BY,evidence_d1fc5427d46dce33fbc5,{},accepted
rel_9c800a417d7a531e260c,clause_node_b6b0919197ccc33f2494,HAS_REQUIREMENT,rule_13ef0589cf98c26ec98a,{},accepted
rel_8ff351f0c7a2002c664e,rule_13ef0589cf98c26ec98a,DERIVED_FROM,clause_node_b6b0919197ccc33f2494,{},accepted
rel_679994a9ab38f42dd2d8,rule_13ef0589cf98c26ec98a,SUPPORTED_BY,evidence_ed6ed7ce64d86878ee73,{},accepted
rel_5b8f8a1fab17727bc89f,clause_node_b6b0919197ccc33f2494,HAS_REQUIREMENT,rule_a3ea9cb9fc073547a8fe,{},accepted
rel_244edcd971b383fc03b2,rule_a3ea9cb9fc073547a8fe,DERIVED_FROM,clause_node_b6b0919197ccc33f2494,{},accepted
rel_330b9cbff889d4743be9,rule_a3ea9cb9fc073547a8fe,SUPPORTED_BY,evidence_ed6ed7ce64d86878ee73,{},accepted
rel_682eeb35ba1d886e086e,clause_node_a5b79a26d10549c2820e,HAS_REQUIREMENT,rule_3745569c64db18794b9d,{},accepted
rel_f1cccda172eaba9192c3,rule_3745569c64db18794b9d,DERIVED_FROM,clause_node_a5b79a26d10549c2820e,{},accepted
rel_67b5cc45e2291a1ed3f2,rule_3745569c64db18794b9d,SUPPORTED_BY,evidence_64d1d41052c10a447120,{},accepted
rel_07708343f8bb426500c7,standard_node_52c1b52c1f4b0df77db4,HAS_CLAUSE,clause_node_c7a20a395fb4ad835991,{},accepted
rel_7150efb54366bf22ed32,clause_node_c7a20a395fb4ad835991,HAS_REQUIREMENT,rule_00bc30ddae1c444ddacc,{},accepted
rel_90c7d8b529b2367603d9,rule_00bc30ddae1c444ddacc,DERIVED_FROM,clause_node_c7a20a395fb4ad835991,{},accepted
rel_230b563d7fc290ecc9e1,rule_00bc30ddae1c444ddacc,SUPPORTED_BY,evidence_e50c44dc837f26c50c1c,{},accepted
rel_1ed1c5dcb4a599f4ce44,clause_node_a5b79a26d10549c2820e,HAS_REQUIREMENT,rule_9e1325927fd57b4bed4c,{},accepted
rel_7d33aa828b5909f6dd52,rule_9e1325927fd57b4bed4c,DERIVED_FROM,clause_node_a5b79a26d10549c2820e,{},accepted
rel_9f036adc2a19b33adf19,rule_9e1325927fd57b4bed4c,SUPPORTED_BY,evidence_133841af74dddce7c8ff,{},accepted
rel_ec35811cea8e72590ffc,clause_node_dd2446e8d172e56223cf,HAS_REQUIREMENT,rule_6cc8855cc99791a7d40c,{},accepted
rel_b981964f8c01e37291a4,rule_6cc8855cc99791a7d40c,DERIVED_FROM,clause_node_dd2446e8d172e56223cf,{},accepted
rel_c8844b044d61f44614de,rule_6cc8855cc99791a7d40c,SUPPORTED_BY,evidence_d0da83e448f36d756939,{},accepted
rel_a590d3fbbd178365659d,clause_node_e89bf991f14a298cd43e,HAS_REQUIREMENT,rule_5fcbcb73d656b04d90a5,{},accepted
rel_6358b19c5da4e13da809,rule_5fcbcb73d656b04d90a5,DERIVED_FROM,clause_node_e89bf991f14a298cd43e,{},accepted
rel_36db521a09d849624f25,rule_5fcbcb73d656b04d90a5,SUPPORTED_BY,evidence_e076929e9556b371cd78,{},accepted
rel_e2455f40eda1913a5a83,clause_node_c81db54f568e7eb328db,HAS_REQUIREMENT,rule_45a279ce6979d693bf51,{},accepted
rel_7816b92113a8a604d941,rule_45a279ce6979d693bf51,DERIVED_FROM,clause_node_c81db54f568e7eb328db,{},accepted
rel_579e02544c0eb1754cfa,rule_45a279ce6979d693bf51,SUPPORTED_BY,evidence_627dba9b5b45bf5af912,{},accepted
rel_57beb9319f777f00da00,clause_node_97b873622d90286db6be,HAS_REQUIREMENT,rule_fad78d52088407449b30,{},accepted
rel_38ed1573fda7644eaddc,rule_fad78d52088407449b30,DERIVED_FROM,clause_node_97b873622d90286db6be,{},accepted
rel_8ca50566c2fa52f3ec86,rule_fad78d52088407449b30,SUPPORTED_BY,evidence_a938b983121d045ed3b0,{},accepted
rel_e31c8430339ab1b8f395,clause_node_a5b79a26d10549c2820e,HAS_REQUIREMENT,rule_9e13047b785cdedef21e,{},accepted
rel_36208add9d7f948098fb,rule_9e13047b785cdedef21e,DERIVED_FROM,clause_node_a5b79a26d10549c2820e,{},accepted
rel_f526f71ea25f7c95ca16,rule_9e13047b785cdedef21e,SUPPORTED_BY,evidence_63e46abb3ed07a02dbe3,{},accepted
rel_3f6ac8406a667a9f6ffa,clause_node_8df533e7d86e220a5dfc,HAS_REQUIREMENT,rule_514e9325f747089287dc,{},accepted
rel_c286f9ac4aaf0e2184c2,rule_514e9325f747089287dc,DERIVED_FROM,clause_node_8df533e7d86e220a5dfc,{},accepted
rel_d0a3311a0da76f3ff409,rule_514e9325f747089287dc,SUPPORTED_BY,evidence_0c901e603b4f8ea18b8c,{},accepted
rel_757474b8e3501102c3d3,clause_node_8df533e7d86e220a5dfc,HAS_REQUIREMENT,rule_a1e6a60facaa09ed0a0d,{},accepted
rel_21d16efdbcaa52785feb,rule_a1e6a60facaa09ed0a0d,DERIVED_FROM,clause_node_8df533e7d86e220a5dfc,{},accepted
rel_e3645b72aa2a80029801,rule_a1e6a60facaa09ed0a0d,SUPPORTED_BY,evidence_0c901e603b4f8ea18b8c,{},accepted
rel_b9fa2fb0369dfe11439c,clause_node_8df533e7d86e220a5dfc,HAS_REQUIREMENT,rule_e9732bd579a54bbabbfa,{},accepted
rel_24d30e4dfb1610befb9e,rule_e9732bd579a54bbabbfa,DERIVED_FROM,clause_node_8df533e7d86e220a5dfc,{},accepted
rel_3a4dce0fda91cde0a70d,rule_e9732bd579a54bbabbfa,SUPPORTED_BY,evidence_0c901e603b4f8ea18b8c,{},accepted
rel_2065692837fefc7516fd,clause_node_8df533e7d86e220a5dfc,HAS_REQUIREMENT,rule_5ecfcc009554829127ac,{},accepted
rel_c70a79347c718a25178e,rule_5ecfcc009554829127ac,DERIVED_FROM,clause_node_8df533e7d86e220a5dfc,{},accepted
rel_4342e5eeff44988eeccd,rule_5ecfcc009554829127ac,SUPPORTED_BY,evidence_0c901e603b4f8ea18b8c,{},accepted
rel_29909e83ff290c19c66e,clause_node_8df533e7d86e220a5dfc,HAS_REQUIREMENT,rule_f7d3e13ba0b18d82f011,{},accepted
rel_857065fea19eb0c4f0ee,rule_f7d3e13ba0b18d82f011,DERIVED_FROM,clause_node_8df533e7d86e220a5dfc,{},accepted
rel_a3a1b3dc664f50c26a51,rule_f7d3e13ba0b18d82f011,SUPPORTED_BY,evidence_0c901e603b4f8ea18b8c,{},accepted
rel_c0f3f5d4f5e9199c47af,clause_node_8df533e7d86e220a5dfc,HAS_REQUIREMENT,rule_48aeb5aaaf6c298aead0,{},accepted
rel_cec2c5c76a688d7d3178,rule_48aeb5aaaf6c298aead0,DERIVED_FROM,clause_node_8df533e7d86e220a5dfc,{},accepted
rel_e1b0c28ce82c837e8925,rule_48aeb5aaaf6c298aead0,SUPPORTED_BY,evidence_0c901e603b4f8ea18b8c,{},accepted
rel_3b40e186dc88cac89177,clause_node_e89bf991f14a298cd43e,HAS_REQUIREMENT,rule_49632edee003cb9995f1,{},accepted
rel_f37fa4d857d8099d97d6,rule_49632edee003cb9995f1,DERIVED_FROM,clause_node_e89bf991f14a298cd43e,{},accepted
rel_a507013323ccd27aef54,rule_49632edee003cb9995f1,SUPPORTED_BY,evidence_80d5332b3cb9891a04d7,{},accepted
rel_d781193f9c43a7c9cfbf,clause_node_e89bf991f14a298cd43e,HAS_REQUIREMENT,rule_524fe8ea8c4ce3445eb5,{},accepted
rel_10f603b1fa8291b4e990,rule_524fe8ea8c4ce3445eb5,DERIVED_FROM,clause_node_e89bf991f14a298cd43e,{},accepted
rel_6e004291ab679cc626ba,rule_524fe8ea8c4ce3445eb5,SUPPORTED_BY,evidence_80d5332b3cb9891a04d7,{},accepted
rel_f52f71bee5c11d186c4f,clause_node_e89bf991f14a298cd43e,HAS_REQUIREMENT,rule_430aa7bb52861bfbbfab,{},accepted
rel_18e78f53f0d85b417266,rule_430aa7bb52861bfbbfab,DERIVED_FROM,clause_node_e89bf991f14a298cd43e,{},accepted
rel_44fec5d79ff9be6bb9f1,rule_430aa7bb52861bfbbfab,SUPPORTED_BY,evidence_80d5332b3cb9891a04d7,{},accepted
rel_a9bf00d9b07b4861548d,clause_node_c81db54f568e7eb328db,HAS_REQUIREMENT,rule_fe81a2bab762a75430b2,{},accepted
rel_5889414a18760da951ba,rule_fe81a2bab762a75430b2,DERIVED_FROM,clause_node_c81db54f568e7eb328db,{},accepted
rel_2209cbde3835cdec5994,rule_fe81a2bab762a75430b2,SUPPORTED_BY,evidence_6eb7a1ac9d2fefb09711,{},accepted
rel_e52dd55869f6b21bbb74,clause_node_c81db54f568e7eb328db,HAS_REQUIREMENT,rule_faacd0582f9c4982585e,{},accepted
rel_d6e015213c7cf53566ce,rule_faacd0582f9c4982585e,DERIVED_FROM,clause_node_c81db54f568e7eb328db,{},accepted
rel_244e8fa5d74369605f44,rule_faacd0582f9c4982585e,SUPPORTED_BY,evidence_6eb7a1ac9d2fefb09711,{},accepted
rel_953d4e3f4248c6d7c545,clause_node_c81db54f568e7eb328db,HAS_REQUIREMENT,rule_e3b92c9dd3a375c2cf64,{},accepted
rel_a805e9345f31cff54294,rule_e3b92c9dd3a375c2cf64,DERIVED_FROM,clause_node_c81db54f568e7eb328db,{},accepted
rel_b8374d43607f42903bbb,rule_e3b92c9dd3a375c2cf64,SUPPORTED_BY,evidence_6eb7a1ac9d2fefb09711,{},accepted
rel_f3a4f4ada3ececeb0362,clause_node_97b873622d90286db6be,HAS_REQUIREMENT,rule_eac937087bc3bc2c261a,{},accepted
rel_11c2883a734e1474bc7b,rule_eac937087bc3bc2c261a,DERIVED_FROM,clause_node_97b873622d90286db6be,{},accepted
rel_709e404a0a94e590c955,rule_eac937087bc3bc2c261a,SUPPORTED_BY,evidence_e70c0104f420d6bbd0a6,{},accepted
rel_c9cd10b750c95ce97c36,clause_node_97b873622d90286db6be,HAS_REQUIREMENT,rule_5932ba5c55302fad7b5d,{},accepted
rel_bb6f57fc25a11f32390f,rule_5932ba5c55302fad7b5d,DERIVED_FROM,clause_node_97b873622d90286db6be,{},accepted
rel_807364ec3583fbc10a34,rule_5932ba5c55302fad7b5d,SUPPORTED_BY,evidence_e70c0104f420d6bbd0a6,{},accepted
rel_21fd0c2ffad8ee814ae1,clause_node_97b873622d90286db6be,HAS_REQUIREMENT,rule_11587fe31a280421b85f,{},accepted
rel_06963732d673dcb7099a,rule_11587fe31a280421b85f,DERIVED_FROM,clause_node_97b873622d90286db6be,{},accepted
rel_99069a69af94de196e33,rule_11587fe31a280421b85f,SUPPORTED_BY,evidence_e70c0104f420d6bbd0a6,{},accepted
rel_1dee8f2ee85ff59d267e,clause_node_97b873622d90286db6be,HAS_REQUIREMENT,rule_c537eb86760d750c4176,{},accepted
rel_007bd5f91461fe26f1ab,rule_c537eb86760d750c4176,DERIVED_FROM,clause_node_97b873622d90286db6be,{},accepted
rel_5f1436e3b4826f61156a,rule_c537eb86760d750c4176,SUPPORTED_BY,evidence_e70c0104f420d6bbd0a6,{},accepted
rel_3ea9d951fda686062c6d,clause_node_ad2db61f5b12a45e14f4,HAS_REQUIREMENT,rule_d8da8d0b0b9001948904,{},accepted
rel_8e4980838f36457ceea7,rule_d8da8d0b0b9001948904,DERIVED_FROM,clause_node_ad2db61f5b12a45e14f4,{},accepted
rel_840033ccbe4aeb7bd801,rule_d8da8d0b0b9001948904,SUPPORTED_BY,evidence_e47c18adde45cc03cd75,{},accepted
rel_8d3c63fabf645ae9992d,clause_node_ad2db61f5b12a45e14f4,HAS_REQUIREMENT,rule_270badcc02e1961a897a,{},accepted
rel_485849e9929a54793d92,rule_270badcc02e1961a897a,DERIVED_FROM,clause_node_ad2db61f5b12a45e14f4,{},accepted
rel_ff0e723593a75129cf92,rule_270badcc02e1961a897a,SUPPORTED_BY,evidence_e47c18adde45cc03cd75,{},accepted
rel_2715bf21e81a01b1ba32,clause_node_ad2db61f5b12a45e14f4,HAS_REQUIREMENT,rule_68241a0f20b69dd69153,{},accepted
rel_8ae902b8524c33f493eb,rule_68241a0f20b69dd69153,DERIVED_FROM,clause_node_ad2db61f5b12a45e14f4,{},accepted
rel_0d1954c3acd103ef8d3d,rule_68241a0f20b69dd69153,SUPPORTED_BY,evidence_e47c18adde45cc03cd75,{},accepted
rel_15f6de3e7aa9dbf3883f,clause_node_ad2db61f5b12a45e14f4,HAS_REQUIREMENT,rule_0cf7e4d4f004a67f7493,{},accepted
rel_975a3d0cc28c69f7c04e,rule_0cf7e4d4f004a67f7493,DERIVED_FROM,clause_node_ad2db61f5b12a45e14f4,{},accepted
rel_12b953e775496a56150c,rule_0cf7e4d4f004a67f7493,SUPPORTED_BY,evidence_e47c18adde45cc03cd75,{},accepted
rel_39e09d4a06f74c67ce93,clause_node_ad2db61f5b12a45e14f4,HAS_REQUIREMENT,rule_e96e0884b7f74ec60378,{},accepted
rel_d6a75772bf2bdbafaa40,rule_e96e0884b7f74ec60378,DERIVED_FROM,clause_node_ad2db61f5b12a45e14f4,{},accepted
rel_764f0d42d894c11ae82e,rule_e96e0884b7f74ec60378,SUPPORTED_BY,evidence_e47c18adde45cc03cd75,{},accepted
rel_e0ce6fc10b56465e2c36,clause_node_28943a4bbb942291873e,HAS_REQUIREMENT,rule_748ae7214a39f4e5edd6,{},accepted
rel_c476d3158e39dab62f1c,rule_748ae7214a39f4e5edd6,DERIVED_FROM,clause_node_28943a4bbb942291873e,{},accepted
rel_3cd5bf760d06e6563896,rule_748ae7214a39f4e5edd6,SUPPORTED_BY,evidence_0fa2cb205c768831ed5f,{},accepted
rel_48295d093e23bd7d0503,clause_node_b6b0919197ccc33f2494,HAS_REQUIREMENT,rule_21b6fcc5fc3fc77de842,{},accepted
rel_82c1f67fddc17068497b,rule_21b6fcc5fc3fc77de842,DERIVED_FROM,clause_node_b6b0919197ccc33f2494,{},accepted
rel_6aa1c51c1fade193a6ad,rule_21b6fcc5fc3fc77de842,SUPPORTED_BY,evidence_8ce74842870bc66136fb,{},accepted
rel_09c8c71c5c135fce951c,clause_node_aa0e13c12790e39b7b3f,HAS_REQUIREMENT,rule_ad64dc699e8f78e46ca7,{},accepted
rel_5c34fb3505c5d0ccfe33,rule_ad64dc699e8f78e46ca7,DERIVED_FROM,clause_node_aa0e13c12790e39b7b3f,{},accepted
rel_a4775b855f52b4af8077,rule_ad64dc699e8f78e46ca7,SUPPORTED_BY,evidence_163ed3780386d14a8caf,{},accepted
rel_d1b77a3d6ef0b2e8faa1,clause_node_aa0e13c12790e39b7b3f,HAS_REQUIREMENT,rule_4e517fa1de02f09f6c60,{},accepted
rel_45b16381f9c3513a2c6a,rule_4e517fa1de02f09f6c60,DERIVED_FROM,clause_node_aa0e13c12790e39b7b3f,{},accepted
rel_d85074708efa3f58ee57,rule_4e517fa1de02f09f6c60,SUPPORTED_BY,evidence_163ed3780386d14a8caf,{},accepted
rel_80cc1807adb4d0718106,clause_node_aa0e13c12790e39b7b3f,HAS_REQUIREMENT,rule_d3c98db36bf93a7d70a7,{},accepted
rel_8e42b15adf5fcae64c50,rule_d3c98db36bf93a7d70a7,DERIVED_FROM,clause_node_aa0e13c12790e39b7b3f,{},accepted
rel_755d2cb23a25909a7b78,rule_d3c98db36bf93a7d70a7,SUPPORTED_BY,evidence_163ed3780386d14a8caf,{},accepted
rel_df0fae027199f4c8704a,standard_node_52c1b52c1f4b0df77db4,HAS_CLAUSE,clause_node_74e9cd2c719758657626,{},accepted
rel_28acefe087ffee758777,clause_node_74e9cd2c719758657626,HAS_REQUIREMENT,rule_dd9b56eacc77eebb72ef,{},accepted
rel_af3a146d3c0e498be6ae,rule_dd9b56eacc77eebb72ef,DERIVED_FROM,clause_node_74e9cd2c719758657626,{},accepted
rel_f6b1b13867646fc3151e,rule_dd9b56eacc77eebb72ef,SUPPORTED_BY,evidence_bdffddea0bba2bb04884,{},accepted
rel_3d0f565f74c62a8df724,clause_node_a5b79a26d10549c2820e,HAS_REQUIREMENT,rule_fb27f708c52e51ff6f10,{},accepted
rel_ca94bcf881f420edbc6e,rule_fb27f708c52e51ff6f10,DERIVED_FROM,clause_node_a5b79a26d10549c2820e,{},accepted
rel_3e5155713753c703b965,rule_fb27f708c52e51ff6f10,SUPPORTED_BY,evidence_a0afcddf104d230f36c8,{},accepted
rel_ccdd4d70507e6b05820b,clause_node_e89bf991f14a298cd43e,HAS_REQUIREMENT,rule_8ae9fe1a14085634bf24,{},accepted
rel_a7f25c5a550f1c32ad08,rule_8ae9fe1a14085634bf24,DERIVED_FROM,clause_node_e89bf991f14a298cd43e,{},accepted
rel_a89eafd4a7c2de3caca8,rule_8ae9fe1a14085634bf24,SUPPORTED_BY,evidence_8c0d3d1a51f0ffd3eaab,{},accepted
rel_8ef09e2c7b71782e2eea,clause_node_97b873622d90286db6be,HAS_REQUIREMENT,rule_d096cf1b59d8cb2ff9cf,{},accepted
rel_b53db0609b33d8cbb919,rule_d096cf1b59d8cb2ff9cf,DERIVED_FROM,clause_node_97b873622d90286db6be,{},accepted
rel_a91ab5b1de5d3535cca0,rule_d096cf1b59d8cb2ff9cf,SUPPORTED_BY,evidence_cb1a416a862641a3baff,{},accepted
rel_35b20fa8b885940b5b7f,clause_node_28943a4bbb942291873e,HAS_REQUIREMENT,rule_5d2a81fb1153ca2d4fdd,{},accepted
rel_01051f1f782f710b979e,rule_5d2a81fb1153ca2d4fdd,DERIVED_FROM,clause_node_28943a4bbb942291873e,{},accepted
rel_f544bfafcce5301355f0,rule_5d2a81fb1153ca2d4fdd,SUPPORTED_BY,evidence_09ec1fc2df658e36822f,{},accepted
rel_f6908d0e56cb8a13726c,clause_node_b6b0919197ccc33f2494,HAS_REQUIREMENT,rule_c0817b1e0ec5b1d146cb,{},accepted
rel_2c52ef16ef0d3596bf55,rule_c0817b1e0ec5b1d146cb,DERIVED_FROM,clause_node_b6b0919197ccc33f2494,{},accepted
rel_9d5b245f0e149dae7aae,rule_c0817b1e0ec5b1d146cb,SUPPORTED_BY,evidence_0ceb944f3db7056b1a35,{},accepted
rel_24e7f35e0c9beddadf4c,standard_node_52c1b52c1f4b0df77db4,HAS_CLAUSE,clause_node_0e66d9e2c82b1eede627,{},accepted
rel_d2e36034360de5ecdf10,clause_node_0e66d9e2c82b1eede627,HAS_REQUIREMENT,rule_d80186a7ec7750b26490,{},accepted
rel_2467f1b1e0a3cf9fc594,rule_d80186a7ec7750b26490,DERIVED_FROM,clause_node_0e66d9e2c82b1eede627,{},accepted
rel_707f7b84072636192762,rule_d80186a7ec7750b26490,SUPPORTED_BY,evidence_b1e7efaed5c5d95306bb,{},accepted
rel_134f6bb95229ce991bf4,clause_node_0e66d9e2c82b1eede627,HAS_REQUIREMENT,rule_f3e80cd800ce005f6e61,{},accepted
rel_658b6d541b895851c2e0,rule_f3e80cd800ce005f6e61,DERIVED_FROM,clause_node_0e66d9e2c82b1eede627,{},accepted
rel_26ea91adb9b8d448a299,rule_f3e80cd800ce005f6e61,SUPPORTED_BY,evidence_b1e7efaed5c5d95306bb,{},accepted
rel_9ea7bde86359858b9982,standard_node_52c1b52c1f4b0df77db4,HAS_CLAUSE,clause_node_61591dba19d22ccca4c2,{},accepted
rel_056a9b22b6f9d21feb03,clause_node_61591dba19d22ccca4c2,HAS_REQUIREMENT,rule_5baacd6ac09e7b71573b,{},accepted
rel_05c0405541c1b266c945,rule_5baacd6ac09e7b71573b,DERIVED_FROM,clause_node_61591dba19d22ccca4c2,{},accepted
rel_3f898838220a61b95a27,rule_5baacd6ac09e7b71573b,SUPPORTED_BY,evidence_8cc00a38b54cb2afee4c,{},accepted
rel_d173b1db203274f87314,clause_node_a5b79a26d10549c2820e,HAS_REQUIREMENT,rule_b6878a88d363076908b1,{},accepted
rel_b89cb570be4c56c196b1,rule_b6878a88d363076908b1,DERIVED_FROM,clause_node_a5b79a26d10549c2820e,{},accepted
rel_3b136b469201f2e5a9b5,rule_b6878a88d363076908b1,SUPPORTED_BY,evidence_31847d25f5037cc3f0fe,{},accepted
rel_d8999ec5a292dbcb54e3,clause_node_a5b79a26d10549c2820e,HAS_REQUIREMENT,rule_f512e2316a482a0e69e8,{},accepted
rel_fe2f36902bfcb55366db,rule_f512e2316a482a0e69e8,DERIVED_FROM,clause_node_a5b79a26d10549c2820e,{},accepted
rel_f22f36b79b3af2599eb7,rule_f512e2316a482a0e69e8,SUPPORTED_BY,evidence_31847d25f5037cc3f0fe,{},accepted
rel_0a9fae12232f53dfc066,clause_node_a5b79a26d10549c2820e,HAS_REQUIREMENT,rule_68b066a56a0413c8a330,{},accepted
rel_66c3f279dcee676bb1f7,rule_68b066a56a0413c8a330,DERIVED_FROM,clause_node_a5b79a26d10549c2820e,{},accepted
rel_7eec4ab1059d2269e19e,rule_68b066a56a0413c8a330,SUPPORTED_BY,evidence_31847d25f5037cc3f0fe,{},accepted
rel_1186e300386872a6576b,clause_node_a5b79a26d10549c2820e,HAS_REQUIREMENT,rule_649ca603b250c61b28b6,{},accepted
rel_b6bebcea5fd76baecbe4,rule_649ca603b250c61b28b6,DERIVED_FROM,clause_node_a5b79a26d10549c2820e,{},accepted
rel_23d2073078ac4daab6e6,rule_649ca603b250c61b28b6,SUPPORTED_BY,evidence_31847d25f5037cc3f0fe,{},accepted
rel_a11ca99bc4042f1e69fe,clause_node_dd2446e8d172e56223cf,HAS_REQUIREMENT,rule_e9f7e5ff8b4f9e453036,{},accepted
rel_61517e4d3b1b105fb7ac,rule_e9f7e5ff8b4f9e453036,DERIVED_FROM,clause_node_dd2446e8d172e56223cf,{},accepted
rel_25ada97db8f4cdd8ae88,rule_e9f7e5ff8b4f9e453036,SUPPORTED_BY,evidence_e15ec30227895c946d18,{},accepted
rel_1ecf8cb9dff21561e0d8,clause_node_dd2446e8d172e56223cf,HAS_REQUIREMENT,rule_98b36ef93dc520ff9268,{},accepted
rel_9a6a58518323bf609697,rule_98b36ef93dc520ff9268,DERIVED_FROM,clause_node_dd2446e8d172e56223cf,{},accepted
rel_e5a99c2e9c4881a1428c,rule_98b36ef93dc520ff9268,SUPPORTED_BY,evidence_e15ec30227895c946d18,{},accepted
rel_1754e11cb0aaee731611,clause_node_8df533e7d86e220a5dfc,HAS_REQUIREMENT,rule_a9d5403e6232be876810,{},accepted
rel_f112d70c2346f8a54bdb,rule_a9d5403e6232be876810,DERIVED_FROM,clause_node_8df533e7d86e220a5dfc,{},accepted
rel_99b7f99af135409d6e9c,rule_a9d5403e6232be876810,SUPPORTED_BY,evidence_b7b36ef56c7db017881e,{},accepted
rel_beceb068977b7a502ac6,clause_node_8df533e7d86e220a5dfc,HAS_REQUIREMENT,rule_d5bb6e795bc81d7d1e73,{},accepted
rel_f5fd6afdf89aa2723872,rule_d5bb6e795bc81d7d1e73,DERIVED_FROM,clause_node_8df533e7d86e220a5dfc,{},accepted
rel_cd92c735dc8b0b768c90,rule_d5bb6e795bc81d7d1e73,SUPPORTED_BY,evidence_b7b36ef56c7db017881e,{},accepted
rel_fec178df4205159c7dce,clause_node_a5b79a26d10549c2820e,HAS_REQUIREMENT,rule_da5ab318222198655357,{},accepted
rel_83ed599f3ea712c6b61a,rule_da5ab318222198655357,DERIVED_FROM,clause_node_a5b79a26d10549c2820e,{},accepted
rel_3b04d412afe905d1af29,rule_da5ab318222198655357,SUPPORTED_BY,evidence_4e79e59c9be44d650df0,{},accepted
rel_137ca7cce5c7ee4c3323,clause_node_a5b79a26d10549c2820e,HAS_REQUIREMENT,rule_fa268b9620be105d2cb9,{},accepted
rel_2f1ff886ea97a7c16cae,rule_fa268b9620be105d2cb9,DERIVED_FROM,clause_node_a5b79a26d10549c2820e,{},accepted
rel_aba278291e2e8e14d918,rule_fa268b9620be105d2cb9,SUPPORTED_BY,evidence_4e79e59c9be44d650df0,{},accepted
rel_bf9e8b0840bf4f51ccb5,clause_node_dd2446e8d172e56223cf,HAS_REQUIREMENT,rule_168c7f1162021531b748,{},accepted
rel_a45cbf3dd20bf09d64f9,rule_168c7f1162021531b748,DERIVED_FROM,clause_node_dd2446e8d172e56223cf,{},accepted
rel_551e13430bce66f57c9d,rule_168c7f1162021531b748,SUPPORTED_BY,evidence_2457c2895ce2e27f7a2e,{},accepted
rel_4178609e70ea728fffaf,clause_node_dd2446e8d172e56223cf,HAS_REQUIREMENT,rule_fcba1ed01c023e1b51a0,{},accepted
rel_9cfc3798f49c91aced04,rule_fcba1ed01c023e1b51a0,DERIVED_FROM,clause_node_dd2446e8d172e56223cf,{},accepted
rel_ed2093287579bf46f9c2,rule_fcba1ed01c023e1b51a0,SUPPORTED_BY,evidence_2457c2895ce2e27f7a2e,{},accepted
rel_f8f1a1141b975ea7e10d,clause_node_dd2446e8d172e56223cf,HAS_REQUIREMENT,rule_e82a56d0612b0d23d941,{},accepted
rel_80527bdb2b18bee2f6c7,rule_e82a56d0612b0d23d941,DERIVED_FROM,clause_node_dd2446e8d172e56223cf,{},accepted
rel_6fe41444ec8f5760d3b4,rule_e82a56d0612b0d23d941,SUPPORTED_BY,evidence_2457c2895ce2e27f7a2e,{},accepted
rel_b2a75dbe6608a9e62d98,clause_node_dd2446e8d172e56223cf,HAS_REQUIREMENT,rule_e88c80ae176ad9e4372b,{},accepted
rel_bc044f959c65cbf0fef1,rule_e88c80ae176ad9e4372b,DERIVED_FROM,clause_node_dd2446e8d172e56223cf,{},accepted
rel_a2cbcd1b20f2c641a8be,rule_e88c80ae176ad9e4372b,SUPPORTED_BY,evidence_2457c2895ce2e27f7a2e,{},accepted
rel_fea2214ec736a2aec229,clause_node_a5b79a26d10549c2820e,HAS_REQUIREMENT,rule_64ef80882e5e11d5cad5,{},accepted
rel_2f40bda1222540619958,rule_64ef80882e5e11d5cad5,DERIVED_FROM,clause_node_a5b79a26d10549c2820e,{},accepted
rel_213a0a29c003ba9ef30e,rule_64ef80882e5e11d5cad5,SUPPORTED_BY,evidence_4ebdb9bafa762637b3f2,{},accepted
rel_bb5fc10222d94b442dbd,clause_node_dd2446e8d172e56223cf,HAS_REQUIREMENT,rule_412706648439303a5348,{},accepted
rel_e0ad55d24cea59a92fab,rule_412706648439303a5348,DERIVED_FROM,clause_node_dd2446e8d172e56223cf,{},accepted
rel_d67bc6e33d78dce64824,rule_412706648439303a5348,SUPPORTED_BY,evidence_4ebdb9bafa762637b3f2,{},accepted
rel_0e0a6026e667f4221cd8,clause_node_8df533e7d86e220a5dfc,HAS_REQUIREMENT,rule_e5f2a622312a6942e90a,{},accepted
rel_f06b23b0c2d9fa569f39,rule_e5f2a622312a6942e90a,DERIVED_FROM,clause_node_8df533e7d86e220a5dfc,{},accepted
rel_9ca0191964de36b769eb,rule_e5f2a622312a6942e90a,SUPPORTED_BY,evidence_4ebdb9bafa762637b3f2,{},accepted
rel_91bde298ea499cdd5808,standard_node_52c1b52c1f4b0df77db4,HAS_CLAUSE,clause_node_0674a23072d39e54063c,{},accepted
rel_177504091568290962b2,clause_node_0674a23072d39e54063c,HAS_REQUIREMENT,rule_5e7062d0d77cd6fc8b93,{},accepted
rel_ced2cebd5edb525e2435,rule_5e7062d0d77cd6fc8b93,DERIVED_FROM,clause_node_0674a23072d39e54063c,{},accepted
rel_123ea69bd91c455040d1,rule_5e7062d0d77cd6fc8b93,SUPPORTED_BY,evidence_9fc7cff74927790c20bc,{},accepted
rel_5bceebed87d3533cda95,clause_node_0674a23072d39e54063c,HAS_REQUIREMENT,rule_da30389a01844ffb83f3,{},accepted
rel_ad299106ab3697220a7f,rule_da30389a01844ffb83f3,DERIVED_FROM,clause_node_0674a23072d39e54063c,{},accepted
rel_1a8eb2b107950208d0bc,rule_da30389a01844ffb83f3,SUPPORTED_BY,evidence_9fc7cff74927790c20bc,{},accepted
rel_f293b2455d693f3ec3b1,standard_node_52c1b52c1f4b0df77db4,HAS_CLAUSE,clause_node_cd2b151a288961830d4e,{},accepted
rel_a25c9adde0b3ea935377,clause_node_cd2b151a288961830d4e,HAS_REQUIREMENT,rule_5069c262e4f352e872c6,{},accepted
rel_0d21b54435d3e68a8f68,rule_5069c262e4f352e872c6,DERIVED_FROM,clause_node_cd2b151a288961830d4e,{},accepted
rel_ac6d25d6fd295ab9884f,rule_5069c262e4f352e872c6,SUPPORTED_BY,evidence_5f100a202702513bbe2d,{},accepted
rel_18a491c4554f50ee7793,clause_node_cd2b151a288961830d4e,HAS_REQUIREMENT,rule_14aae8fd3e9195887ccc,{},accepted
rel_99d0b33d7ec9559e9886,rule_14aae8fd3e9195887ccc,DERIVED_FROM,clause_node_cd2b151a288961830d4e,{},accepted
rel_7eb3deb18c06818f3613,rule_14aae8fd3e9195887ccc,SUPPORTED_BY,evidence_5f100a202702513bbe2d,{},accepted
rel_2d58b7f9cbd2cad2e7c7,clause_node_cd2b151a288961830d4e,HAS_REQUIREMENT,rule_c2f0b2abdade4b29db12,{},accepted
rel_a5de958d11376ceac881,rule_c2f0b2abdade4b29db12,DERIVED_FROM,clause_node_cd2b151a288961830d4e,{},accepted
rel_93f7c2e09163bdbfcadf,rule_c2f0b2abdade4b29db12,SUPPORTED_BY,evidence_5f100a202702513bbe2d,{},accepted
rel_cf3a58db79fb12e212d2,standard_node_52c1b52c1f4b0df77db4,HAS_CLAUSE,clause_node_a0582cbbb7289c4fd1d9,{},accepted
rel_115fba9051f6ce20d22e,clause_node_a0582cbbb7289c4fd1d9,HAS_REQUIREMENT,rule_5a6879a5b1f90f1297bc,{},accepted
rel_9ada905f1057c068cf07,rule_5a6879a5b1f90f1297bc,DERIVED_FROM,clause_node_a0582cbbb7289c4fd1d9,{},accepted
rel_4963f001ae84ac1d8b22,rule_5a6879a5b1f90f1297bc,SUPPORTED_BY,evidence_ea4b54cca273c28fea5b,{},accepted
rel_2e3a71703f0752d6affd,standard_node_52c1b52c1f4b0df77db4,HAS_CLAUSE,clause_node_86156850cb7d972b19a3,{},accepted
rel_7df08875cb4944fff79e,clause_node_86156850cb7d972b19a3,HAS_REQUIREMENT,rule_6a593c711297cbde977f,{},accepted
rel_316c300ab8aa15cd6bb4,rule_6a593c711297cbde977f,DERIVED_FROM,clause_node_86156850cb7d972b19a3,{},accepted
rel_293ad2b28f183ba9897e,rule_6a593c711297cbde977f,SUPPORTED_BY,evidence_16aeadf9ed2c20611655,{},accepted
rel_a9a486d0f51e09461d2a,clause_node_86156850cb7d972b19a3,HAS_REQUIREMENT,rule_f9113691534d66a03dab,{},accepted
rel_900fb4ed4475a4487693,rule_f9113691534d66a03dab,DERIVED_FROM,clause_node_86156850cb7d972b19a3,{},accepted
rel_a8371d0b9625d075ea10,rule_f9113691534d66a03dab,SUPPORTED_BY,evidence_16aeadf9ed2c20611655,{},accepted
rel_6b9f174704a31eee8cfc,clause_node_86156850cb7d972b19a3,HAS_REQUIREMENT,rule_e39218d5a73c2a528790,{},accepted
rel_e8b4123af5b6bb162e80,rule_e39218d5a73c2a528790,DERIVED_FROM,clause_node_86156850cb7d972b19a3,{},accepted
rel_8476a6cd20b3bda18bea,rule_e39218d5a73c2a528790,SUPPORTED_BY,evidence_16aeadf9ed2c20611655,{},accepted
rel_d2a9210148f1e3be8230,standard_node_52c1b52c1f4b0df77db4,HAS_CLAUSE,clause_node_4df7f5d95a6782c25b2c,{},accepted
rel_6482b1296501d8c3168f,clause_node_4df7f5d95a6782c25b2c,HAS_REQUIREMENT,rule_3236ba179f7e81163114,{},accepted
rel_07e432d11f1ad8623778,rule_3236ba179f7e81163114,DERIVED_FROM,clause_node_4df7f5d95a6782c25b2c,{},accepted
rel_8ad53a56d4c5b9d1c931,rule_3236ba179f7e81163114,SUPPORTED_BY,evidence_dfb14d7ce547c2919f6c,{},accepted
rel_2257819447276d5d1ce1,standard_node_52c1b52c1f4b0df77db4,HAS_CLAUSE,clause_node_a72e56cecc0888a7177e,{},accepted
rel_6c01ea88f21b833b2043,clause_node_a72e56cecc0888a7177e,HAS_REQUIREMENT,rule_712d9e0ff9b378f13725,{},accepted
rel_263cd1a834c0b635dbd4,rule_712d9e0ff9b378f13725,DERIVED_FROM,clause_node_a72e56cecc0888a7177e,{},accepted
rel_fb6213eba867a88e45ec,rule_712d9e0ff9b378f13725,SUPPORTED_BY,evidence_3517d5ea836e5f5957b3,{},accepted
rel_7ad464e80800ba2c5b98,clause_node_a72e56cecc0888a7177e,HAS_REQUIREMENT,rule_6e6ed24ae9d62ed3fbb8,{},accepted
rel_ffb5d765cd5d4daf317f,rule_6e6ed24ae9d62ed3fbb8,DERIVED_FROM,clause_node_a72e56cecc0888a7177e,{},accepted
rel_2e9d6e51d7ee0676aedb,rule_6e6ed24ae9d62ed3fbb8,SUPPORTED_BY,evidence_3517d5ea836e5f5957b3,{},accepted
rel_5067608e39fed6eeb706,standard_node_52c1b52c1f4b0df77db4,HAS_CLAUSE,clause_node_6315df6034e5c1067d94,{},accepted
rel_119df198863417c2c116,clause_node_6315df6034e5c1067d94,HAS_REQUIREMENT,rule_4074510f7901c0baf0a2,{},accepted
rel_bb0e605a5d40c5c568a9,rule_4074510f7901c0baf0a2,DERIVED_FROM,clause_node_6315df6034e5c1067d94,{},accepted
rel_97c952099d72bc30fcb8,rule_4074510f7901c0baf0a2,SUPPORTED_BY,evidence_4c0077a7f382e878e490,{},accepted
rel_248bba3cad5d0a68db3f,standard_node_52c1b52c1f4b0df77db4,HAS_CLAUSE,clause_node_f424e3f03cf0f6a687e4,{},accepted
rel_c04ce626f6bbfcca5bb4,clause_node_f424e3f03cf0f6a687e4,HAS_REQUIREMENT,rule_3dde7d86a25bf2bf8056,{},accepted
rel_476b3e1c45fd3c7d5226,rule_3dde7d86a25bf2bf8056,DERIVED_FROM,clause_node_f424e3f03cf0f6a687e4,{},accepted
rel_508a24ec44296c949f2c,rule_3dde7d86a25bf2bf8056,SUPPORTED_BY,evidence_032981535a818de6d360,{},accepted
rel_1c5a15b08b3db21d85e5,standard_node_52c1b52c1f4b0df77db4,HAS_CLAUSE,clause_node_98eac201f0d858ff6b99,{},accepted
rel_1b7787566c5efcdf7452,clause_node_98eac201f0d858ff6b99,HAS_REQUIREMENT,rule_dd7a2632d3026a5388d2,{},accepted
rel_20862667841f329eb703,rule_dd7a2632d3026a5388d2,DERIVED_FROM,clause_node_98eac201f0d858ff6b99,{},accepted
rel_fbc7b7a371cfcb1f33dc,rule_dd7a2632d3026a5388d2,SUPPORTED_BY,evidence_1f3ab2a3e220aee6eff3,{},accepted
rel_9df717a6eb8026a377f4,standard_node_52c1b52c1f4b0df77db4,HAS_CLAUSE,clause_node_a92232b45e4527d25065,{},accepted
rel_15b5a9b7928e70631adc,clause_node_a92232b45e4527d25065,HAS_REQUIREMENT,rule_9f1a1149054d02374cf5,{},accepted
rel_80728a734e818fe0b8fa,rule_9f1a1149054d02374cf5,DERIVED_FROM,clause_node_a92232b45e4527d25065,{},accepted
rel_63107743563c437fcd00,rule_9f1a1149054d02374cf5,SUPPORTED_BY,evidence_1697c3a91a894b189b54,{},accepted
rel_18672e91dbe5f746409f,clause_node_a92232b45e4527d25065,HAS_REQUIREMENT,rule_389ba773ccb60a9d6616,{},accepted
rel_20e96dd0604fe6a98c72,rule_389ba773ccb60a9d6616,DERIVED_FROM,clause_node_a92232b45e4527d25065,{},accepted
rel_0e812e2de9505e65f56a,rule_389ba773ccb60a9d6616,SUPPORTED_BY,evidence_1697c3a91a894b189b54,{},accepted
rel_efd0422593abc25de443,clause_node_a5b79a26d10549c2820e,HAS_REQUIREMENT,rule_57e56c645289849f88c6,{},accepted
rel_1bd4fa600d0b5dc739f5,rule_57e56c645289849f88c6,DERIVED_FROM,clause_node_a5b79a26d10549c2820e,{},accepted
rel_91c93d72ea32c82a0caf,rule_57e56c645289849f88c6,SUPPORTED_BY,evidence_7eaeda37b7dfaf6c8313,{},accepted
rel_af342113626b9da69f5d,clause_node_dd2446e8d172e56223cf,HAS_REQUIREMENT,rule_98cf3c6692c708a77c99,{},accepted
rel_db125c18eb2c4925ecf1,rule_98cf3c6692c708a77c99,DERIVED_FROM,clause_node_dd2446e8d172e56223cf,{},accepted
rel_06b8c6edfcae7abca090,rule_98cf3c6692c708a77c99,SUPPORTED_BY,evidence_56afb81977a202a159ac,{},accepted
rel_5a4ae4f352383ddc7d0b,clause_node_8df533e7d86e220a5dfc,HAS_REQUIREMENT,rule_5b6b771bcf30be8d55d5,{},accepted
rel_afee157fe3109581d855,rule_5b6b771bcf30be8d55d5,DERIVED_FROM,clause_node_8df533e7d86e220a5dfc,{},accepted
rel_6fd4cb5e602194106ec3,rule_5b6b771bcf30be8d55d5,SUPPORTED_BY,evidence_d5f628c017ac67eb1fcb,{},accepted
rel_ed4d1ceffdc808ba4f4f,clause_node_8df533e7d86e220a5dfc,HAS_REQUIREMENT,rule_01f56b17c60ea169a88c,{},accepted
rel_b48c9ecac682d7e99135,rule_01f56b17c60ea169a88c,DERIVED_FROM,clause_node_8df533e7d86e220a5dfc,{},accepted
rel_a333ecce68c48de9fb2e,rule_01f56b17c60ea169a88c,SUPPORTED_BY,evidence_d5f628c017ac67eb1fcb,{},accepted
rel_407371d887335451f3b7,clause_node_8df533e7d86e220a5dfc,HAS_REQUIREMENT,rule_19c0dff46bc44c5cfee2,{},accepted
rel_7138b4979f32aec88ec3,rule_19c0dff46bc44c5cfee2,DERIVED_FROM,clause_node_8df533e7d86e220a5dfc,{},accepted
rel_7d9e69b728702c0df91f,rule_19c0dff46bc44c5cfee2,SUPPORTED_BY,evidence_d5f628c017ac67eb1fcb,{},accepted
rel_3cf0aafe719080faafc4,clause_node_8df533e7d86e220a5dfc,HAS_REQUIREMENT,rule_b17f6a61cded0f6b232a,{},accepted
rel_1047960788290cf7f3cd,rule_b17f6a61cded0f6b232a,DERIVED_FROM,clause_node_8df533e7d86e220a5dfc,{},accepted
rel_36cc80dcf9ce608e69f2,rule_b17f6a61cded0f6b232a,SUPPORTED_BY,evidence_d5f628c017ac67eb1fcb,{},accepted
rel_0a22548bf6c9fe199f12,clause_node_8df533e7d86e220a5dfc,HAS_REQUIREMENT,rule_3af5b2e03682f00cf26c,{},accepted
rel_2a030530fa3443ac5521,rule_3af5b2e03682f00cf26c,DERIVED_FROM,clause_node_8df533e7d86e220a5dfc,{},accepted
rel_989e2c44080047f618cf,rule_3af5b2e03682f00cf26c,SUPPORTED_BY,evidence_d5f628c017ac67eb1fcb,{},accepted
rel_25618a4b259c52a47dd6,clause_node_e89bf991f14a298cd43e,HAS_REQUIREMENT,rule_642870c1f845874d63a9,{},accepted
rel_46677ad3fbc59e5fe88d,rule_642870c1f845874d63a9,DERIVED_FROM,clause_node_e89bf991f14a298cd43e,{},accepted
rel_e3748aab15ca05bc5403,rule_642870c1f845874d63a9,SUPPORTED_BY,evidence_be1e981a807c17177fd9,{},accepted
rel_dedb509b10866a366d52,standard_node_52c1b52c1f4b0df77db4,HAS_CLAUSE,clause_node_367626ab169d6a9a1553,{},accepted
rel_8feca0efc330380547bc,clause_node_367626ab169d6a9a1553,HAS_REQUIREMENT,rule_401ef5e57459cfda3790,{},accepted
rel_025c854b6d324dfa5dd6,rule_401ef5e57459cfda3790,DERIVED_FROM,clause_node_367626ab169d6a9a1553,{},accepted
rel_edf95f52d5fa43bef4c6,rule_401ef5e57459cfda3790,SUPPORTED_BY,evidence_1f133ec94640edab5c3d,{},accepted
rel_9818c0956b04ce794e43,standard_node_52c1b52c1f4b0df77db4,HAS_CLAUSE,clause_node_aad0a21fa904c61d9f2a,{},accepted
rel_3aca2a48cd045a6f3723,clause_node_aad0a21fa904c61d9f2a,HAS_REQUIREMENT,rule_56078fcabb71a71084ba,{},accepted
rel_aa60c25e241244e70b43,rule_56078fcabb71a71084ba,DERIVED_FROM,clause_node_aad0a21fa904c61d9f2a,{},accepted
rel_57f519a86663689029ab,rule_56078fcabb71a71084ba,SUPPORTED_BY,evidence_3fb82ddc4675c7afd194,{},accepted
rel_b7101a2c6e71f7b9aa67,standard_node_52c1b52c1f4b0df77db4,HAS_CLAUSE,clause_node_b771cc9ed237a161a996,{},accepted
rel_8c67f48fcb4ddeabf070,clause_node_b771cc9ed237a161a996,HAS_REQUIREMENT,rule_52e18deffce3d291f899,{},accepted
rel_2d6e669ac951eef47458,rule_52e18deffce3d291f899,DERIVED_FROM,clause_node_b771cc9ed237a161a996,{},accepted
rel_a00a6800dc01c3e1450a,rule_52e18deffce3d291f899,SUPPORTED_BY,evidence_c888ecc618cf2fcf2288,{},accepted
rel_075ba0d0eb05b62cd0f5,clause_node_b771cc9ed237a161a996,HAS_REQUIREMENT,rule_0c4245270533ef1345fa,{},accepted
rel_8d392551c68ed411fbb9,rule_0c4245270533ef1345fa,DERIVED_FROM,clause_node_b771cc9ed237a161a996,{},accepted
rel_218c6c8158b19a60e402,rule_0c4245270533ef1345fa,SUPPORTED_BY,evidence_c888ecc618cf2fcf2288,{},accepted
rel_8c7cdc8bcb5c486ed415,clause_node_b771cc9ed237a161a996,HAS_REQUIREMENT,rule_0d73cbc0a5c287bfcad3,{},accepted
rel_fb1489e0e798c0469293,rule_0d73cbc0a5c287bfcad3,DERIVED_FROM,clause_node_b771cc9ed237a161a996,{},accepted
rel_f675491f30c06484338f,rule_0d73cbc0a5c287bfcad3,SUPPORTED_BY,evidence_c888ecc618cf2fcf2288,{},accepted
rel_92548993e75bfaa7e881,standard_node_52c1b52c1f4b0df77db4,HAS_CLAUSE,clause_node_632c28f4ff2f0ec9ec65,{},accepted
rel_61256da236e760113352,clause_node_632c28f4ff2f0ec9ec65,HAS_REQUIREMENT,rule_9eaee19f7ec8bdf541b2,{},accepted
rel_ed53447e9edb3b25ad6d,rule_9eaee19f7ec8bdf541b2,DERIVED_FROM,clause_node_632c28f4ff2f0ec9ec65,{},accepted
rel_b6c5340317d27a36ac4b,rule_9eaee19f7ec8bdf541b2,SUPPORTED_BY,evidence_d5330d20866188b9b9eb,{},accepted
rel_8c700fae5e4f3f143539,standard_node_52c1b52c1f4b0df77db4,HAS_CLAUSE,clause_node_8ad02a89e3d931d414dc,{},accepted
rel_066ef9e374e5f493f292,clause_node_8ad02a89e3d931d414dc,HAS_REQUIREMENT,rule_a1fc841e8f72edc9476d,{},accepted
rel_b1121da4ee00f2f9f3d2,rule_a1fc841e8f72edc9476d,DERIVED_FROM,clause_node_8ad02a89e3d931d414dc,{},accepted
rel_c3e181e6a96381bbf0a4,rule_a1fc841e8f72edc9476d,SUPPORTED_BY,evidence_0b9c955ee4a240e21ff1,{},accepted
rel_5f7df90f7a13244443dc,clause_node_dd2446e8d172e56223cf,HAS_REQUIREMENT,rule_4e57689bc62bcf7b0b3a,{},accepted
rel_7b3e86e3cc4d3a67e86b,rule_4e57689bc62bcf7b0b3a,DERIVED_FROM,clause_node_dd2446e8d172e56223cf,{},accepted
rel_7b49961647bb3b7d4bc5,rule_4e57689bc62bcf7b0b3a,SUPPORTED_BY,evidence_d48e7b32abbc65d3b17c,{},accepted
rel_c890bccaa7a94cfb8531,standard_node_52c1b52c1f4b0df77db4,HAS_CLAUSE,clause_node_a0357c3409ef7fd37386,{},accepted
rel_594e5ae338d8020a28ae,clause_node_a0357c3409ef7fd37386,HAS_REQUIREMENT,rule_b61c1e07148aa36dbce3,{},accepted
rel_3c49c9998a3d45b037b3,rule_b61c1e07148aa36dbce3,DERIVED_FROM,clause_node_a0357c3409ef7fd37386,{},accepted
rel_127d8bbcb26dbda4e5c3,rule_b61c1e07148aa36dbce3,SUPPORTED_BY,evidence_395dc3ec36b011b9306e,{},accepted
rel_2ba08f0d7ab5b1559249,standard_node_52c1b52c1f4b0df77db4,HAS_CLAUSE,clause_node_74625a5f023090f70aa3,{},accepted
rel_74bd2694cae49c6b1de1,clause_node_74625a5f023090f70aa3,HAS_REQUIREMENT,rule_585f16c95c253225aec2,{},accepted
rel_2456eb217346f3c20899,rule_585f16c95c253225aec2,DERIVED_FROM,clause_node_74625a5f023090f70aa3,{},accepted
rel_7b1b703013fa1da4c7fc,rule_585f16c95c253225aec2,SUPPORTED_BY,evidence_55200106b76fbe8142f3,{},accepted
rel_860a92a8cd83cf1c2719,standard_node_52c1b52c1f4b0df77db4,HAS_CLAUSE,clause_node_9ff3b9b3d708592c541f,{},accepted
rel_5c8586f04bfd436ca8ed,clause_node_9ff3b9b3d708592c541f,HAS_REQUIREMENT,rule_3c515ca309f26435fbeb,{},accepted
rel_4cb5282baed378246599,rule_3c515ca309f26435fbeb,DERIVED_FROM,clause_node_9ff3b9b3d708592c541f,{},accepted
rel_6719b3bda6a46cbada5b,rule_3c515ca309f26435fbeb,SUPPORTED_BY,evidence_26b09c6638b393f86925,{},accepted
rel_9c2460454ecc20149ea5,clause_node_8df533e7d86e220a5dfc,HAS_REQUIREMENT,rule_4d3b55e74e1e4d404aea,{},accepted
rel_4ffbf491374fc2ae9c8d,rule_4d3b55e74e1e4d404aea,DERIVED_FROM,clause_node_8df533e7d86e220a5dfc,{},accepted
rel_829989caa07ef963e6d2,rule_4d3b55e74e1e4d404aea,SUPPORTED_BY,evidence_501d3dc2af5ecbad278e,{},accepted
rel_702153c19b01ddda6af9,clause_node_8df533e7d86e220a5dfc,HAS_REQUIREMENT,rule_f9b40844875c2e3da035,{},accepted
rel_22833972745eed8df006,rule_f9b40844875c2e3da035,DERIVED_FROM,clause_node_8df533e7d86e220a5dfc,{},accepted
rel_ab6d208353458378781e,rule_f9b40844875c2e3da035,SUPPORTED_BY,evidence_501d3dc2af5ecbad278e,{},accepted
rel_22f2fbe2da3b00e9e6d3,standard_node_52c1b52c1f4b0df77db4,HAS_CLAUSE,clause_node_238c92964f4e6532451d,{},accepted
rel_90999b955358ced37648,clause_node_238c92964f4e6532451d,HAS_REQUIREMENT,rule_dc8e8da49547190072e7,{},accepted
rel_fdaae4b69f55661e9ebf,rule_dc8e8da49547190072e7,DERIVED_FROM,clause_node_238c92964f4e6532451d,{},accepted
rel_84edc4b3b31b3fe90bbf,rule_dc8e8da49547190072e7,SUPPORTED_BY,evidence_cca7b28c0087fc5ac81f,{},accepted
rel_ad94cca653d23f2a7bcd,clause_node_238c92964f4e6532451d,HAS_REQUIREMENT,rule_dddf8645b9543b821246,{},accepted
rel_e037b23b53f1520f3234,rule_dddf8645b9543b821246,DERIVED_FROM,clause_node_238c92964f4e6532451d,{},accepted
rel_9c8f165660532392d3f9,rule_dddf8645b9543b821246,SUPPORTED_BY,evidence_cca7b28c0087fc5ac81f,{},accepted
rel_8e585a740063e7435a03,clause_node_a5b79a26d10549c2820e,HAS_REQUIREMENT,rule_cbd55a7237b70717c982,{},accepted
rel_96e53d87f2d78eb1638d,rule_cbd55a7237b70717c982,DERIVED_FROM,clause_node_a5b79a26d10549c2820e,{},accepted
rel_a504c0ef6263a06d0196,rule_cbd55a7237b70717c982,SUPPORTED_BY,evidence_8255b65570ccd5d627db,{},accepted
rel_11419cceb8939781fa08,clause_node_dd2446e8d172e56223cf,HAS_REQUIREMENT,rule_ebf0455cff7eb7e145ad,{},accepted
rel_e0a29eee320fccdf6e89,rule_ebf0455cff7eb7e145ad,DERIVED_FROM,clause_node_dd2446e8d172e56223cf,{},accepted
rel_9d3973334d59ffcd2b8a,rule_ebf0455cff7eb7e145ad,SUPPORTED_BY,evidence_4045c059619d17d1282b,{},accepted
rel_7ab3d11f890ba0d18855,clause_node_e89bf991f14a298cd43e,HAS_REQUIREMENT,rule_ff1682f32de88a0a08fa,{},accepted
rel_a7fefc2da24ae52fdf3f,rule_ff1682f32de88a0a08fa,DERIVED_FROM,clause_node_e89bf991f14a298cd43e,{},accepted
rel_9dbe55c6b8871b885b7b,rule_ff1682f32de88a0a08fa,SUPPORTED_BY,evidence_5fc92e971acdf1896e9e,{},accepted
rel_fd87b85eb8cd729f56ca,standard_node_52c1b52c1f4b0df77db4,HAS_CLAUSE,clause_node_4b6b73b0c114cfefed56,{},accepted
rel_e8537b576334f1b9c1c1,clause_node_4b6b73b0c114cfefed56,HAS_REQUIREMENT,rule_7400836780b8d5f32d1a,{},accepted
rel_07d2295ce135d71f364b,rule_7400836780b8d5f32d1a,DERIVED_FROM,clause_node_4b6b73b0c114cfefed56,{},accepted
rel_745afa589684b9a57a5e,rule_7400836780b8d5f32d1a,SUPPORTED_BY,evidence_e4feb37fb423fa4b0c64,{},accepted
rel_4255932099b31b0a8917,clause_node_4b6b73b0c114cfefed56,HAS_REQUIREMENT,rule_9fa2b3390b555197a291,{},accepted
rel_2444848d449e9a26a4dc,rule_9fa2b3390b555197a291,DERIVED_FROM,clause_node_4b6b73b0c114cfefed56,{},accepted
rel_24c023728e01d6e35beb,rule_9fa2b3390b555197a291,SUPPORTED_BY,evidence_e4feb37fb423fa4b0c64,{},accepted
rel_787f1f8686f1c8a93d83,standard_node_52c1b52c1f4b0df77db4,HAS_CLAUSE,clause_node_a99d335a3dd66c811366,{},accepted
rel_ded5242a2efc3810301c,clause_node_a99d335a3dd66c811366,HAS_REQUIREMENT,rule_dad9cb936d8cb20b9ea6,{},accepted
rel_06cf40857c5cbac37920,rule_dad9cb936d8cb20b9ea6,DERIVED_FROM,clause_node_a99d335a3dd66c811366,{},accepted
rel_5df1e4949cb3c4faafdd,rule_dad9cb936d8cb20b9ea6,SUPPORTED_BY,evidence_84cdb9723722077cbf33,{},accepted
rel_8aad21edfb70d1977e67,clause_node_a99d335a3dd66c811366,HAS_REQUIREMENT,rule_0dfd756059248d028432,{},accepted
rel_1d424353c0977c72c9ef,rule_0dfd756059248d028432,DERIVED_FROM,clause_node_a99d335a3dd66c811366,{},accepted
rel_d674b59c74a046393980,rule_0dfd756059248d028432,SUPPORTED_BY,evidence_84cdb9723722077cbf33,{},accepted
rel_cf91700a8eda4ded1ec1,clause_node_a99d335a3dd66c811366,HAS_REQUIREMENT,rule_946ba4f4f38ef98dce89,{},accepted
rel_e8ed278a693576ef7d1e,rule_946ba4f4f38ef98dce89,DERIVED_FROM,clause_node_a99d335a3dd66c811366,{},accepted
rel_a833ff66eb19834a4aa0,rule_946ba4f4f38ef98dce89,SUPPORTED_BY,evidence_84cdb9723722077cbf33,{},accepted
rel_337a9254565231ef98bd,clause_node_a99d335a3dd66c811366,HAS_REQUIREMENT,rule_57c0b09381dec1cc8598,{},accepted
rel_e905e7c6bf5c044c1f8d,rule_57c0b09381dec1cc8598,DERIVED_FROM,clause_node_a99d335a3dd66c811366,{},accepted
rel_1d54612dc516ae78e494,rule_57c0b09381dec1cc8598,SUPPORTED_BY,evidence_84cdb9723722077cbf33,{},accepted
rel_e5e9f1ae6b9fa5b32f6c,clause_node_a99d335a3dd66c811366,HAS_REQUIREMENT,rule_51213c976041e628363a,{},accepted
rel_c8710bb7e1659fbfb911,rule_51213c976041e628363a,DERIVED_FROM,clause_node_a99d335a3dd66c811366,{},accepted
rel_607fb8e5f5dad1614295,rule_51213c976041e628363a,SUPPORTED_BY,evidence_84cdb9723722077cbf33,{},accepted
rel_46f8b5424ac554c3cdfb,clause_node_a99d335a3dd66c811366,HAS_REQUIREMENT,rule_c2ec01b5c8cee00bc135,{},accepted
rel_c17569d1556cc2e55663,rule_c2ec01b5c8cee00bc135,DERIVED_FROM,clause_node_a99d335a3dd66c811366,{},accepted
rel_0c26ee1191d373db77d2,rule_c2ec01b5c8cee00bc135,SUPPORTED_BY,evidence_84cdb9723722077cbf33,{},accepted
rel_a88ae248e41df25075d8,standard_node_52c1b52c1f4b0df77db4,HAS_CLAUSE,clause_node_102b08be829d704b6be5,{},accepted
rel_9f4ced12cd88cd09637f,clause_node_102b08be829d704b6be5,HAS_REQUIREMENT,rule_0915fe489091153cec4a,{},accepted
rel_dc4da7eceffb58a4a103,rule_0915fe489091153cec4a,DERIVED_FROM,clause_node_102b08be829d704b6be5,{},accepted
rel_d05acd7e0d0f864eda0a,rule_0915fe489091153cec4a,SUPPORTED_BY,evidence_a2d7f0552e33d1aef705,{},accepted
rel_4cc4f02cadb2c79fe3ea,standard_node_52c1b52c1f4b0df77db4,HAS_CLAUSE,clause_node_798ae33ecbc4dc4b1924,{},accepted
rel_ca062d431b52491aa5e6,clause_node_798ae33ecbc4dc4b1924,HAS_REQUIREMENT,rule_d7ee3998441acd36a1f2,{},accepted
rel_dcbb1a04f4a549635eeb,rule_d7ee3998441acd36a1f2,DERIVED_FROM,clause_node_798ae33ecbc4dc4b1924,{},accepted
rel_297f563e655163c41e55,rule_d7ee3998441acd36a1f2,SUPPORTED_BY,evidence_2964799dbd7127abceb7,{},accepted
rel_6c43192a682955c78037,clause_node_798ae33ecbc4dc4b1924,HAS_REQUIREMENT,rule_5bd1bb76034d3e232618,{},accepted
rel_b0dd701116d882f8858a,rule_5bd1bb76034d3e232618,DERIVED_FROM,clause_node_798ae33ecbc4dc4b1924,{},accepted
rel_a3067bb793e60891d019,rule_5bd1bb76034d3e232618,SUPPORTED_BY,evidence_2964799dbd7127abceb7,{},accepted
rel_d537fd28580e99820dcc,clause_node_798ae33ecbc4dc4b1924,HAS_REQUIREMENT,rule_cfbf5143d062039fbc8a,{},accepted
rel_3af33d3d59f1bc66b0fa,rule_cfbf5143d062039fbc8a,DERIVED_FROM,clause_node_798ae33ecbc4dc4b1924,{},accepted
rel_062351c9ad4aae5a29e8,rule_cfbf5143d062039fbc8a,SUPPORTED_BY,evidence_2964799dbd7127abceb7,{},accepted
rel_220632b4234f97863a13,clause_node_798ae33ecbc4dc4b1924,HAS_REQUIREMENT,rule_1b4f842ff70040444f11,{},accepted
rel_8b55e91b9d18f2ba1414,rule_1b4f842ff70040444f11,DERIVED_FROM,clause_node_798ae33ecbc4dc4b1924,{},accepted
rel_bc22206192fd17c47c0e,rule_1b4f842ff70040444f11,SUPPORTED_BY,evidence_2964799dbd7127abceb7,{},accepted
rel_4aa6da714f969624dffc,clause_node_798ae33ecbc4dc4b1924,HAS_REQUIREMENT,rule_839ed1c21f89ae4d508e,{},accepted
rel_176964f8fb35e7d783f9,rule_839ed1c21f89ae4d508e,DERIVED_FROM,clause_node_798ae33ecbc4dc4b1924,{},accepted
rel_eeedf06376e3a6f8dd22,rule_839ed1c21f89ae4d508e,SUPPORTED_BY,evidence_2964799dbd7127abceb7,{},accepted
rel_66c902d4db58d01dfc3e,clause_node_798ae33ecbc4dc4b1924,HAS_REQUIREMENT,rule_4604a15ca14bb0303dcd,{},accepted
rel_236518afcb483c37de12,rule_4604a15ca14bb0303dcd,DERIVED_FROM,clause_node_798ae33ecbc4dc4b1924,{},accepted
rel_6f354017ea831e325163,rule_4604a15ca14bb0303dcd,SUPPORTED_BY,evidence_2964799dbd7127abceb7,{},accepted
rel_8a2fc7a0a2ec7aeadae9,clause_node_798ae33ecbc4dc4b1924,HAS_REQUIREMENT,rule_454d312d8be549773177,{},accepted
rel_f4bfd080dded6c2f30ed,rule_454d312d8be549773177,DERIVED_FROM,clause_node_798ae33ecbc4dc4b1924,{},accepted
rel_ff2eb6662bcdeb8463f3,rule_454d312d8be549773177,SUPPORTED_BY,evidence_2964799dbd7127abceb7,{},accepted
rel_7489418f6a92fd7e17a8,standard_node_52c1b52c1f4b0df77db4,HAS_CLAUSE,clause_node_315e564a9f7470f3c178,{},accepted
rel_872b64aedfe3d82b3abb,clause_node_315e564a9f7470f3c178,HAS_REQUIREMENT,rule_71be213ca7547a59f28d,{},accepted
rel_797945a3da1973f96f83,rule_71be213ca7547a59f28d,DERIVED_FROM,clause_node_315e564a9f7470f3c178,{},accepted
rel_e07afff987fa964656ab,rule_71be213ca7547a59f28d,SUPPORTED_BY,evidence_dc4d71673a07d4ad0fc3,{},accepted
rel_32a0a8495efeec3798b5,clause_node_8df533e7d86e220a5dfc,HAS_REQUIREMENT,rule_c1630125f4cac8da844a,{},accepted
rel_2a2c772b8800feb3678b,rule_c1630125f4cac8da844a,DERIVED_FROM,clause_node_8df533e7d86e220a5dfc,{},accepted
rel_517d29a34ee527b940d1,rule_c1630125f4cac8da844a,SUPPORTED_BY,evidence_9b2299deaffe40addb0e,{},accepted
rel_f0567fc0530a4647b23e,clause_node_c81db54f568e7eb328db,HAS_REQUIREMENT,rule_aaf35c637f57d8688972,{},accepted
rel_f0ab4c372a1a416f752a,rule_aaf35c637f57d8688972,DERIVED_FROM,clause_node_c81db54f568e7eb328db,{},accepted
rel_85482a6d9aed0de3cd8f,rule_aaf35c637f57d8688972,SUPPORTED_BY,evidence_9b2299deaffe40addb0e,{},accepted
rel_9cf5d95aac78d668a79d,standard_node_52c1b52c1f4b0df77db4,HAS_CLAUSE,clause_node_7b1407aeb6a0970d96d1,{},accepted
rel_874601f5c6df92026800,clause_node_7b1407aeb6a0970d96d1,HAS_REQUIREMENT,rule_418949118e1159f856ff,{},accepted
rel_3f75c566c8827691ee7a,rule_418949118e1159f856ff,DERIVED_FROM,clause_node_7b1407aeb6a0970d96d1,{},accepted
rel_023a16c9e2013db02643,rule_418949118e1159f856ff,SUPPORTED_BY,evidence_b71397097751df4890b0,{},accepted
rel_0d9e4595a923c6fb80e8,clause_node_7b1407aeb6a0970d96d1,HAS_REQUIREMENT,rule_87b1ad08719c4b6c92ba,{},accepted
rel_9808a8549a51844421fc,rule_87b1ad08719c4b6c92ba,DERIVED_FROM,clause_node_7b1407aeb6a0970d96d1,{},accepted
rel_f1f34b6620291cb1f9a9,rule_87b1ad08719c4b6c92ba,SUPPORTED_BY,evidence_b71397097751df4890b0,{},accepted
rel_76b37a17c73359f8f5ee,clause_node_7b1407aeb6a0970d96d1,HAS_REQUIREMENT,rule_6310950d1851f44190d2,{},accepted
rel_a3bb385da757ccf65f89,rule_6310950d1851f44190d2,DERIVED_FROM,clause_node_7b1407aeb6a0970d96d1,{},accepted
rel_e8d435c6518e8b4554c8,rule_6310950d1851f44190d2,SUPPORTED_BY,evidence_b71397097751df4890b0,{},accepted
rel_add41043c63710f88487,clause_node_a5b79a26d10549c2820e,HAS_REQUIREMENT,rule_645ff8a84130dfd5c399,{},accepted
rel_7b55cde52db19b8ccf87,rule_645ff8a84130dfd5c399,DERIVED_FROM,clause_node_a5b79a26d10549c2820e,{},accepted
rel_511fd362ee3dd0bcac17,rule_645ff8a84130dfd5c399,SUPPORTED_BY,evidence_c2bbc6bfc69c59447d98,{},accepted
rel_32a82524315da31bf292,clause_node_a5b79a26d10549c2820e,HAS_REQUIREMENT,rule_0cc2140e1fb5c5e521ba,{},accepted
rel_f4efb9fc5f95b17d7a7e,rule_0cc2140e1fb5c5e521ba,DERIVED_FROM,clause_node_a5b79a26d10549c2820e,{},accepted
rel_e2e6263d807396b1e6c7,rule_0cc2140e1fb5c5e521ba,SUPPORTED_BY,evidence_c2bbc6bfc69c59447d98,{},accepted
rel_5a2e1fd5ecc69e599772,clause_node_dd2446e8d172e56223cf,HAS_REQUIREMENT,rule_42ca7ca2dde7aa8bc3b4,{},accepted
rel_d352a7a5f1f2d42a9e99,rule_42ca7ca2dde7aa8bc3b4,DERIVED_FROM,clause_node_dd2446e8d172e56223cf,{},accepted
rel_c514986f34d46a06ee79,rule_42ca7ca2dde7aa8bc3b4,SUPPORTED_BY,evidence_3055fd31e7134a7b19e8,{},accepted
rel_69278fa64c0d8af58cfc,clause_node_dd2446e8d172e56223cf,HAS_REQUIREMENT,rule_f783d6c697beaeddaa78,{},accepted
rel_d471aeb2cf1ef4086a32,rule_f783d6c697beaeddaa78,DERIVED_FROM,clause_node_dd2446e8d172e56223cf,{},accepted
rel_8830480b2e5eea1ea566,rule_f783d6c697beaeddaa78,SUPPORTED_BY,evidence_3055fd31e7134a7b19e8,{},accepted
rel_911491bde8b5214d90b2,clause_node_dd2446e8d172e56223cf,HAS_REQUIREMENT,rule_d1603b8e21fa78125297,{},accepted
rel_886cf85e80c5d11c0783,rule_d1603b8e21fa78125297,DERIVED_FROM,clause_node_dd2446e8d172e56223cf,{},accepted
rel_2ec95fe0a90b978f38b0,rule_d1603b8e21fa78125297,SUPPORTED_BY,evidence_3055fd31e7134a7b19e8,{},accepted
rel_3e84f2d63743a4d391aa,clause_node_dd2446e8d172e56223cf,HAS_REQUIREMENT,rule_0641ce350b471f163fab,{},accepted
rel_80e17e6d0482bc38c33f,rule_0641ce350b471f163fab,DERIVED_FROM,clause_node_dd2446e8d172e56223cf,{},accepted
rel_d52844470587a4841576,rule_0641ce350b471f163fab,SUPPORTED_BY,evidence_3055fd31e7134a7b19e8,{},accepted
rel_a705edcacd468647c1ed,clause_node_8df533e7d86e220a5dfc,HAS_REQUIREMENT,rule_b1f1e084d68a4275007b,{},accepted
rel_85bbd293bd398b3d7f1b,rule_b1f1e084d68a4275007b,DERIVED_FROM,clause_node_8df533e7d86e220a5dfc,{},accepted
rel_febfbda45cd20a1302cc,rule_b1f1e084d68a4275007b,SUPPORTED_BY,evidence_b2b60dcef9b4139f0652,{},accepted
rel_8bd0d737002995d8ceec,clause_node_8df533e7d86e220a5dfc,HAS_REQUIREMENT,rule_c35634850c1ef367be11,{},accepted
rel_e34a64a8f62a84b74779,rule_c35634850c1ef367be11,DERIVED_FROM,clause_node_8df533e7d86e220a5dfc,{},accepted
rel_d007b6f33134f6a2ac04,rule_c35634850c1ef367be11,SUPPORTED_BY,evidence_b2b60dcef9b4139f0652,{},accepted
rel_e31d139256b1e1e47c5e,clause_node_8df533e7d86e220a5dfc,HAS_REQUIREMENT,rule_0247e892df6f005dde25,{},accepted
rel_853b56a8fa9b060cd329,rule_0247e892df6f005dde25,DERIVED_FROM,clause_node_8df533e7d86e220a5dfc,{},accepted
rel_ddf429ec44ad4215e17f,rule_0247e892df6f005dde25,SUPPORTED_BY,evidence_660114eb7ac6c88858de,{},accepted
rel_833114df619671a07fe4,clause_node_8df533e7d86e220a5dfc,HAS_REQUIREMENT,rule_773a378474ee1c08f35a,{},accepted
rel_33248c00667ba1a34aab,rule_773a378474ee1c08f35a,DERIVED_FROM,clause_node_8df533e7d86e220a5dfc,{},accepted
rel_1e6a474a506d4269406c,rule_773a378474ee1c08f35a,SUPPORTED_BY,evidence_660114eb7ac6c88858de,{},accepted
rel_20053ee45b43ba4b16fd,clause_node_8df533e7d86e220a5dfc,HAS_REQUIREMENT,rule_e863551c307d3c1ba8d0,{},accepted
rel_3359ea29b43fb7522a30,rule_e863551c307d3c1ba8d0,DERIVED_FROM,clause_node_8df533e7d86e220a5dfc,{},accepted
rel_c355d175c21a2503419d,rule_e863551c307d3c1ba8d0,SUPPORTED_BY,evidence_660114eb7ac6c88858de,{},accepted
rel_fb68e5cdfb63bbb48845,standard_node_52c1b52c1f4b0df77db4,HAS_CLAUSE,clause_node_9d72cfd2b31bb6c96237,{},accepted
rel_7a2e3f161c5ecba69b36,clause_node_9d72cfd2b31bb6c96237,HAS_REQUIREMENT,rule_108028d0460b64c720cd,{},accepted
rel_04c8a9a3c8a8ec227267,rule_108028d0460b64c720cd,DERIVED_FROM,clause_node_9d72cfd2b31bb6c96237,{},accepted
rel_52817f865ad83eb814a8,rule_108028d0460b64c720cd,SUPPORTED_BY,evidence_67f4740f849c91930073,{},accepted
rel_7ab8e17387588b8d4fd4,clause_node_9d72cfd2b31bb6c96237,HAS_REQUIREMENT,rule_33e91a23331741955bf0,{},accepted
rel_9930c106c32ca67a8c18,rule_33e91a23331741955bf0,DERIVED_FROM,clause_node_9d72cfd2b31bb6c96237,{},accepted
rel_b92e25a45eb3d53af735,rule_33e91a23331741955bf0,SUPPORTED_BY,evidence_67f4740f849c91930073,{},accepted
rel_b9212c516b3434594ce3,clause_node_9d72cfd2b31bb6c96237,HAS_REQUIREMENT,rule_b9fc097ac3acf7790b54,{},accepted
rel_52cbab8a43cbb6477050,rule_b9fc097ac3acf7790b54,DERIVED_FROM,clause_node_9d72cfd2b31bb6c96237,{},accepted
rel_d6476ef58ff147dd7b4c,rule_b9fc097ac3acf7790b54,SUPPORTED_BY,evidence_67f4740f849c91930073,{},accepted
rel_e7257157fabf86fb380e,standard_node_52c1b52c1f4b0df77db4,HAS_CLAUSE,clause_node_a58b347193742870dffc,{},accepted
rel_6ce5d4e42ef246a5c9ab,clause_node_a58b347193742870dffc,HAS_REQUIREMENT,rule_c6dff6128989947d2cf8,{},accepted
rel_761ce6e7567e270b2cbb,rule_c6dff6128989947d2cf8,DERIVED_FROM,clause_node_a58b347193742870dffc,{},accepted
rel_29dae8cd96333098648f,rule_c6dff6128989947d2cf8,SUPPORTED_BY,evidence_d646ea9e3b7ea6731861,{},accepted
rel_94c989f9b4277a1b439a,clause_node_a58b347193742870dffc,HAS_REQUIREMENT,rule_da7f3ee93e7930578fac,{},accepted
rel_aeab8880718b465d7fd0,rule_da7f3ee93e7930578fac,DERIVED_FROM,clause_node_a58b347193742870dffc,{},accepted
rel_de29c325600b8c87f9fc,rule_da7f3ee93e7930578fac,SUPPORTED_BY,evidence_d646ea9e3b7ea6731861,{},accepted
rel_d36f46ad72b4ca6a9310,clause_node_a58b347193742870dffc,HAS_REQUIREMENT,rule_f0b908f3709bae794694,{},accepted
rel_894a4e8672135d81d018,rule_f0b908f3709bae794694,DERIVED_FROM,clause_node_a58b347193742870dffc,{},accepted
rel_9a5d45e91beb31429ee6,rule_f0b908f3709bae794694,SUPPORTED_BY,evidence_d646ea9e3b7ea6731861,{},accepted
rel_b706433be313f3e7c7cb,clause_node_a58b347193742870dffc,HAS_REQUIREMENT,rule_3086027a6d8ae88e4d64,{},accepted
rel_35327c2ff3b2201f60d2,rule_3086027a6d8ae88e4d64,DERIVED_FROM,clause_node_a58b347193742870dffc,{},accepted
rel_8bfa839aef739aa8f0dc,rule_3086027a6d8ae88e4d64,SUPPORTED_BY,evidence_d646ea9e3b7ea6731861,{},accepted
rel_0d4efd9110b87ecb85d2,standard_node_52c1b52c1f4b0df77db4,HAS_CLAUSE,clause_node_ad6b93ccf9c9a5aaa096,{},accepted
rel_587e9c0d8b8581c89d11,clause_node_ad6b93ccf9c9a5aaa096,HAS_REQUIREMENT,rule_dc0d7dc82f59eaafddb4,{},accepted
rel_7c02ae70e4e5866736e3,rule_dc0d7dc82f59eaafddb4,DERIVED_FROM,clause_node_ad6b93ccf9c9a5aaa096,{},accepted
rel_f1d73d47b57801218293,rule_dc0d7dc82f59eaafddb4,SUPPORTED_BY,evidence_30569c5e370b67e32577,{},accepted
rel_0740c47a00868258f21a,clause_node_ad6b93ccf9c9a5aaa096,HAS_REQUIREMENT,rule_a5bcb76e81f4331dc6ce,{},accepted
rel_1351f4a15111a2e8392e,rule_a5bcb76e81f4331dc6ce,DERIVED_FROM,clause_node_ad6b93ccf9c9a5aaa096,{},accepted
rel_11d1527286f29d691104,rule_a5bcb76e81f4331dc6ce,SUPPORTED_BY,evidence_30569c5e370b67e32577,{},accepted
rel_9db8198e63839eec7226,clause_node_ad6b93ccf9c9a5aaa096,HAS_REQUIREMENT,rule_8150416caf53c1365262,{},accepted
rel_3820be73a9284614eaae,rule_8150416caf53c1365262,DERIVED_FROM,clause_node_ad6b93ccf9c9a5aaa096,{},accepted
rel_ee0dd8562db67f8f51b3,rule_8150416caf53c1365262,SUPPORTED_BY,evidence_30569c5e370b67e32577,{},accepted
rel_1bdfa386bfab120f5c34,clause_node_a5b79a26d10549c2820e,HAS_REQUIREMENT,rule_f1ebdf8dfe4a6a178022,{},accepted
rel_46573ca917d78f0a7c32,rule_f1ebdf8dfe4a6a178022,DERIVED_FROM,clause_node_a5b79a26d10549c2820e,{},accepted
rel_aa225fe4f041f88b2822,rule_f1ebdf8dfe4a6a178022,SUPPORTED_BY,evidence_e839e3a79ccac506ad0a,{},accepted
rel_e3b6b2c2b18fd5bcec9d,clause_node_a5b79a26d10549c2820e,HAS_REQUIREMENT,rule_8ef801529bb1d3ec9f8f,{},accepted
rel_ab4941b3e0e7ea162245,rule_8ef801529bb1d3ec9f8f,DERIVED_FROM,clause_node_a5b79a26d10549c2820e,{},accepted
rel_fa8c7fff847c753e92d1,rule_8ef801529bb1d3ec9f8f,SUPPORTED_BY,evidence_e839e3a79ccac506ad0a,{},accepted
rel_b570d8a6b6ff36595664,clause_node_a5b79a26d10549c2820e,HAS_REQUIREMENT,rule_9bf974063750104b13f1,{},accepted
rel_ef1ee1d27f0f653459a2,rule_9bf974063750104b13f1,DERIVED_FROM,clause_node_a5b79a26d10549c2820e,{},accepted
rel_a9cbc4ce356ced466e34,rule_9bf974063750104b13f1,SUPPORTED_BY,evidence_e839e3a79ccac506ad0a,{},accepted
rel_dcb4e1ba39ffa5ad5219,clause_node_dd2446e8d172e56223cf,HAS_REQUIREMENT,rule_69a359ec6beb951e8c0c,{},accepted
rel_f38dc9a9ee95330cfeb7,rule_69a359ec6beb951e8c0c,DERIVED_FROM,clause_node_dd2446e8d172e56223cf,{},accepted
rel_52958bf69299cc7be0f1,rule_69a359ec6beb951e8c0c,SUPPORTED_BY,evidence_8bdff5e2af22539b512e,{},accepted
rel_01b01a4114036ddac44c,clause_node_8df533e7d86e220a5dfc,HAS_REQUIREMENT,rule_7588ea1fdc536e48e94d,{},accepted
rel_63bcacc200cc3d6a75ab,rule_7588ea1fdc536e48e94d,DERIVED_FROM,clause_node_8df533e7d86e220a5dfc,{},accepted
rel_e195b6226296c2411117,rule_7588ea1fdc536e48e94d,SUPPORTED_BY,evidence_8605288936dd1af90284,{},accepted
rel_e05c4d25f57154324fff,clause_node_e89bf991f14a298cd43e,HAS_REQUIREMENT,rule_4a13c1fae87eb74a7732,{},accepted
rel_38636e5e33364ba69283,rule_4a13c1fae87eb74a7732,DERIVED_FROM,clause_node_e89bf991f14a298cd43e,{},accepted
rel_c67835a52e0006ddaddc,rule_4a13c1fae87eb74a7732,SUPPORTED_BY,evidence_aa62f5f3adf6feb8a91f,{},accepted
rel_18ab0b1eb29d63609f05,standard_node_52c1b52c1f4b0df77db4,HAS_CLAUSE,clause_node_c3fdea589fadf96f889c,{},accepted
rel_87795710a8c4eb042100,clause_node_c3fdea589fadf96f889c,HAS_REQUIREMENT,rule_e5a6fae2f21d82edcd11,{},accepted
rel_6f3c2b780d0d628ae4b9,rule_e5a6fae2f21d82edcd11,DERIVED_FROM,clause_node_c3fdea589fadf96f889c,{},accepted
rel_4605dfbd564c5ff8a011,rule_e5a6fae2f21d82edcd11,SUPPORTED_BY,evidence_ae721eb0555e75d531e0,{},accepted
rel_508bb3a6db6c265159b2,standard_node_52c1b52c1f4b0df77db4,HAS_CLAUSE,clause_node_e34b1119477085a29276,{},accepted
rel_6c695df231ee9115b4cf,clause_node_e34b1119477085a29276,HAS_REQUIREMENT,rule_4d9f4a20e0996cb5aef1,{},accepted
rel_9415050e1ab84519657f,rule_4d9f4a20e0996cb5aef1,DERIVED_FROM,clause_node_e34b1119477085a29276,{},accepted
rel_c8821f0cbe6da1747f81,rule_4d9f4a20e0996cb5aef1,SUPPORTED_BY,evidence_9df19f989dff6bacf1ca,{},accepted
rel_664af83541e1c3041c97,clause_node_a5b79a26d10549c2820e,HAS_REQUIREMENT,rule_032175cfee1ff7afeb38,{},accepted
rel_e8fe4c2be97d84e71505,rule_032175cfee1ff7afeb38,DERIVED_FROM,clause_node_a5b79a26d10549c2820e,{},accepted
rel_5d5d5d593453386b12a4,rule_032175cfee1ff7afeb38,SUPPORTED_BY,evidence_d1d1433dc44d3bca5a97,{},accepted
rel_ae09f9a4f7f47a96639c,clause_node_a5b79a26d10549c2820e,HAS_REQUIREMENT,rule_d1ede3de6e7ef73e03aa,{},accepted
rel_1dedc2e9ebfd6cf1f5a0,rule_d1ede3de6e7ef73e03aa,DERIVED_FROM,clause_node_a5b79a26d10549c2820e,{},accepted
rel_6ae173850c2e29c1d43e,rule_d1ede3de6e7ef73e03aa,SUPPORTED_BY,evidence_d1d1433dc44d3bca5a97,{},accepted
rel_0d1001a9219bbd91dea4,clause_node_a5b79a26d10549c2820e,HAS_REQUIREMENT,rule_9df81e9342f5ef20aab6,{},accepted
rel_06a63c8d7801d2fc4006,rule_9df81e9342f5ef20aab6,DERIVED_FROM,clause_node_a5b79a26d10549c2820e,{},accepted
rel_29dfdb2e16a3b2af2fc9,rule_9df81e9342f5ef20aab6,SUPPORTED_BY,evidence_d1d1433dc44d3bca5a97,{},accepted
rel_8a8d8fcf32e203bb2a86,clause_node_a5b79a26d10549c2820e,HAS_REQUIREMENT,rule_8db6e4c1cc7930571908,{},accepted
rel_7a54493babce67abb7bd,rule_8db6e4c1cc7930571908,DERIVED_FROM,clause_node_a5b79a26d10549c2820e,{},accepted
rel_95d48b124772970cd17f,rule_8db6e4c1cc7930571908,SUPPORTED_BY,evidence_d1d1433dc44d3bca5a97,{},accepted
rel_f078272da3991638cd32,clause_node_a5b79a26d10549c2820e,HAS_REQUIREMENT,rule_a990a3d50953d6f27089,{},accepted
rel_73b3a56414dbbe6b1417,rule_a990a3d50953d6f27089,DERIVED_FROM,clause_node_a5b79a26d10549c2820e,{},accepted
rel_8b905b3ea6f1d8a9e014,rule_a990a3d50953d6f27089,SUPPORTED_BY,evidence_d1d1433dc44d3bca5a97,{},accepted
rel_65a2e56f889289153d8e,clause_node_a5b79a26d10549c2820e,HAS_REQUIREMENT,rule_e1343d2ea33d2c7ad540,{},accepted
rel_7d3e8b493f061c8bf8a6,rule_e1343d2ea33d2c7ad540,DERIVED_FROM,clause_node_a5b79a26d10549c2820e,{},accepted
rel_45cdbed77264ae180c09,rule_e1343d2ea33d2c7ad540,SUPPORTED_BY,evidence_d1d1433dc44d3bca5a97,{},accepted
rel_c670d88967c41ede21ed,clause_node_a5b79a26d10549c2820e,HAS_REQUIREMENT,rule_d7244c855e132c9627dd,{},accepted
rel_cc276a161914f8cbb740,rule_d7244c855e132c9627dd,DERIVED_FROM,clause_node_a5b79a26d10549c2820e,{},accepted
rel_80e38de4f97a77aaf2f4,rule_d7244c855e132c9627dd,SUPPORTED_BY,evidence_72be267254144fb633cd,{},accepted
rel_02fcae2941e46b707a28,clause_node_a5b79a26d10549c2820e,HAS_REQUIREMENT,rule_fdf1864623a5cc38c11a,{},accepted
rel_8db67069813d27c40b92,rule_fdf1864623a5cc38c11a,DERIVED_FROM,clause_node_a5b79a26d10549c2820e,{},accepted
rel_1d1a2ce2f4a19dcef92a,rule_fdf1864623a5cc38c11a,SUPPORTED_BY,evidence_72be267254144fb633cd,{},accepted
rel_aff9c002c29683b3d848,clause_node_dd2446e8d172e56223cf,HAS_REQUIREMENT,rule_bc352a11245133bc826e,{},accepted
rel_75126fc4bda16194480e,rule_bc352a11245133bc826e,DERIVED_FROM,clause_node_dd2446e8d172e56223cf,{},accepted
rel_e74283e40f2d5c6a9d8e,rule_bc352a11245133bc826e,SUPPORTED_BY,evidence_acdc2a9ae12dd9a93351,{},accepted
rel_6a546f69d2a486c8452d,clause_node_dd2446e8d172e56223cf,HAS_REQUIREMENT,rule_c2ce829b085f3c11124f,{},accepted
rel_4635cbb49f0bf84cf19b,rule_c2ce829b085f3c11124f,DERIVED_FROM,clause_node_dd2446e8d172e56223cf,{},accepted
rel_07e447e35b8b01c0003e,rule_c2ce829b085f3c11124f,SUPPORTED_BY,evidence_acdc2a9ae12dd9a93351,{},accepted
rel_b43c67e5a25d6d493665,clause_node_8df533e7d86e220a5dfc,HAS_REQUIREMENT,rule_5cb77171e810272d77a4,{},accepted
rel_f8326fda622c15b6fdbf,rule_5cb77171e810272d77a4,DERIVED_FROM,clause_node_8df533e7d86e220a5dfc,{},accepted
rel_93c7d2c475d64a42f76d,rule_5cb77171e810272d77a4,SUPPORTED_BY,evidence_908e9ddc16748e965893,{},accepted
rel_42e555fc68098a82bb41,clause_node_8df533e7d86e220a5dfc,HAS_REQUIREMENT,rule_44fb807cee42425101c4,{},accepted
rel_10262cc8d48e3635aa4e,rule_44fb807cee42425101c4,DERIVED_FROM,clause_node_8df533e7d86e220a5dfc,{},accepted
rel_0af8bc65d3b4887870ef,rule_44fb807cee42425101c4,SUPPORTED_BY,evidence_908e9ddc16748e965893,{},accepted
rel_753e515556a0b6619cb4,clause_node_a5b79a26d10549c2820e,HAS_REQUIREMENT,rule_64ebc8cc5de6300e579d,{},accepted
rel_9c0a4399a24978036ad4,rule_64ebc8cc5de6300e579d,DERIVED_FROM,clause_node_a5b79a26d10549c2820e,{},accepted
rel_e7a8f5ad7119f42dbfb2,rule_64ebc8cc5de6300e579d,SUPPORTED_BY,evidence_d73c26eca71fe12703c2,{},accepted
rel_f1fe35b4b0d16e843a97,clause_node_a5b79a26d10549c2820e,HAS_REQUIREMENT,rule_479c7e3aa94cc066de5c,{},accepted
rel_3287968a741d4ee2128f,rule_479c7e3aa94cc066de5c,DERIVED_FROM,clause_node_a5b79a26d10549c2820e,{},accepted
rel_fe016524b640340770c1,rule_479c7e3aa94cc066de5c,SUPPORTED_BY,evidence_d73c26eca71fe12703c2,{},accepted
rel_2fe5d1cadac1bd046844,clause_node_dd2446e8d172e56223cf,HAS_REQUIREMENT,rule_366c6da193b21ee875ed,{},accepted
rel_cfc3d4ae856baa5cdc41,rule_366c6da193b21ee875ed,DERIVED_FROM,clause_node_dd2446e8d172e56223cf,{},accepted
rel_1a7f029a3b6015d3aad2,rule_366c6da193b21ee875ed,SUPPORTED_BY,evidence_ce253c56f8fd9c3e3c9e,{},accepted
rel_e57e64fe8b01450f62a4,clause_node_dd2446e8d172e56223cf,HAS_REQUIREMENT,rule_b049c8de48553d636db2,{},accepted
rel_8ac79857ff72ba953c1f,rule_b049c8de48553d636db2,DERIVED_FROM,clause_node_dd2446e8d172e56223cf,{},accepted
rel_48b9fd1dfcbb67a617ad,rule_b049c8de48553d636db2,SUPPORTED_BY,evidence_ce253c56f8fd9c3e3c9e,{},accepted
rel_8ec8aed57e49db4601af,standard_node_52c1b52c1f4b0df77db4,HAS_CLAUSE,clause_node_f5ee6afd48756964bf17,{},accepted
rel_41d1cddfdd6d2ed11c25,clause_node_f5ee6afd48756964bf17,HAS_REQUIREMENT,rule_ed6280ad28b38f45af44,{},accepted
rel_b6ceb48d5d7581dd60eb,rule_ed6280ad28b38f45af44,DERIVED_FROM,clause_node_f5ee6afd48756964bf17,{},accepted
rel_ffa274937e963bffb800,rule_ed6280ad28b38f45af44,SUPPORTED_BY,evidence_6fc77bb595c52826f962,{},accepted
rel_12a034ced2575cafb721,clause_node_f5ee6afd48756964bf17,HAS_REQUIREMENT,rule_62ddaf4a9fdbca96369b,{},accepted
rel_8a403a1b2ad6275261da,rule_62ddaf4a9fdbca96369b,DERIVED_FROM,clause_node_f5ee6afd48756964bf17,{},accepted
rel_15de09b793a2ee932135,rule_62ddaf4a9fdbca96369b,SUPPORTED_BY,evidence_6fc77bb595c52826f962,{},accepted
rel_709c08b73d51810963f7,standard_node_52c1b52c1f4b0df77db4,HAS_CLAUSE,clause_node_e2a4ba33bfc30bbb0aba,{},accepted
rel_9f94ac0723ed8a3defb1,clause_node_e2a4ba33bfc30bbb0aba,HAS_REQUIREMENT,rule_8f3d2d5ec106ef16f394,{},accepted
rel_20570b6f6028397a7668,rule_8f3d2d5ec106ef16f394,DERIVED_FROM,clause_node_e2a4ba33bfc30bbb0aba,{},accepted
rel_7e6df2ce8e8997e5483e,rule_8f3d2d5ec106ef16f394,SUPPORTED_BY,evidence_b4f7a7d265b4524bd6b2,{},accepted
rel_33d4cf4c5aaf3e98e5c8,clause_node_e2a4ba33bfc30bbb0aba,HAS_REQUIREMENT,rule_4bba096a25581067f6eb,{},accepted
rel_cf8aaa79be5be1dc1a55,rule_4bba096a25581067f6eb,DERIVED_FROM,clause_node_e2a4ba33bfc30bbb0aba,{},accepted
rel_e34a01284cb586e2b9d4,rule_4bba096a25581067f6eb,SUPPORTED_BY,evidence_b4f7a7d265b4524bd6b2,{},accepted
rel_515de09a706bb9f06877,clause_node_a5b79a26d10549c2820e,HAS_REQUIREMENT,rule_5a5176be6a699bc64f3f,{},accepted
rel_5041e907059d592890e5,rule_5a5176be6a699bc64f3f,DERIVED_FROM,clause_node_a5b79a26d10549c2820e,{},accepted
rel_a33139cea3d885bed46a,rule_5a5176be6a699bc64f3f,SUPPORTED_BY,evidence_2f5f55287a36d2b099fa,{},accepted
rel_808c922db89cfa7ae8b9,clause_node_a5b79a26d10549c2820e,HAS_REQUIREMENT,rule_429364756d209781b998,{},accepted
rel_4e1a9cdd8e4201796ee9,rule_429364756d209781b998,DERIVED_FROM,clause_node_a5b79a26d10549c2820e,{},accepted
rel_2c18a50e22664df8c0d9,rule_429364756d209781b998,SUPPORTED_BY,evidence_2f5f55287a36d2b099fa,{},accepted
rel_6c01e660369316ffa6a8,clause_node_dd2446e8d172e56223cf,HAS_REQUIREMENT,rule_9fcb747a39ec808ca7f6,{},accepted
rel_f8221ddb2c2eacc38439,rule_9fcb747a39ec808ca7f6,DERIVED_FROM,clause_node_dd2446e8d172e56223cf,{},accepted
rel_d2bacc80159d1c3ee35c,rule_9fcb747a39ec808ca7f6,SUPPORTED_BY,evidence_3d39af879ac70377a522,{},accepted
rel_601c5e65ca8553860d36,clause_node_dd2446e8d172e56223cf,HAS_REQUIREMENT,rule_723ccc2e920d0e2ed897,{},accepted
rel_4194f40e3d8f0815435b,rule_723ccc2e920d0e2ed897,DERIVED_FROM,clause_node_dd2446e8d172e56223cf,{},accepted
rel_f75d91709d1e826aa2c6,rule_723ccc2e920d0e2ed897,SUPPORTED_BY,evidence_3d39af879ac70377a522,{},accepted
rel_53139cdae1aa8dd3f252,clause_node_dd2446e8d172e56223cf,HAS_REQUIREMENT,rule_0777556e59a121e1ca04,{},accepted
rel_5ed4b65074c44dbe4549,rule_0777556e59a121e1ca04,DERIVED_FROM,clause_node_dd2446e8d172e56223cf,{},accepted
rel_8f026c1c2a9f04d72323,rule_0777556e59a121e1ca04,SUPPORTED_BY,evidence_3d39af879ac70377a522,{},accepted
rel_6da19d87dde5db2228ef,clause_node_dd2446e8d172e56223cf,HAS_REQUIREMENT,rule_ea3722c4d83c547c8e1d,{},accepted
rel_7f1b132fed557c303065,rule_ea3722c4d83c547c8e1d,DERIVED_FROM,clause_node_dd2446e8d172e56223cf,{},accepted
rel_1417862dbab9c42b3dfa,rule_ea3722c4d83c547c8e1d,SUPPORTED_BY,evidence_3d39af879ac70377a522,{},accepted
rel_11165d6d32a38063678c,clause_node_dd2446e8d172e56223cf,HAS_REQUIREMENT,rule_57fea0a6d7e87f2bc7c3,{},accepted
rel_83ffd713cdd1cb26755d,rule_57fea0a6d7e87f2bc7c3,DERIVED_FROM,clause_node_dd2446e8d172e56223cf,{},accepted
rel_18334d5982cb87b9e86c,rule_57fea0a6d7e87f2bc7c3,SUPPORTED_BY,evidence_3d39af879ac70377a522,{},accepted
rel_bc947e664acc144d619b,clause_node_8df533e7d86e220a5dfc,HAS_REQUIREMENT,rule_94c2e9be02acbe2f8588,{},accepted
rel_f6cebfa2795de0009173,rule_94c2e9be02acbe2f8588,DERIVED_FROM,clause_node_8df533e7d86e220a5dfc,{},accepted
rel_871d46969d7b56f830d2,rule_94c2e9be02acbe2f8588,SUPPORTED_BY,evidence_b6586f6cdb698ac647e3,{},accepted
rel_1ccb62cc4e977ae869a0,clause_node_8df533e7d86e220a5dfc,HAS_REQUIREMENT,rule_29e8c26c8b45e45e3694,{},accepted
rel_9d0883dc1fcf51f35cc8,rule_29e8c26c8b45e45e3694,DERIVED_FROM,clause_node_8df533e7d86e220a5dfc,{},accepted
rel_5c3ce0016b3c62f73cc0,rule_29e8c26c8b45e45e3694,SUPPORTED_BY,evidence_b6586f6cdb698ac647e3,{},accepted
rel_decb4119c42450e8a248,clause_node_a5b79a26d10549c2820e,HAS_REQUIREMENT,rule_c09357aa7629af6628ad,{},accepted
rel_c5c43e5770164600581a,rule_c09357aa7629af6628ad,DERIVED_FROM,clause_node_a5b79a26d10549c2820e,{},accepted
rel_9297b7a33aadbb35dd1f,rule_c09357aa7629af6628ad,SUPPORTED_BY,evidence_efab05cf1b1a192a8272,{},accepted
rel_74b6477ee2aef7b233f3,clause_node_a5b79a26d10549c2820e,HAS_REQUIREMENT,rule_8a41c79676419efd7142,{},accepted
rel_0aa4fec2ba9035cdeb3c,rule_8a41c79676419efd7142,DERIVED_FROM,clause_node_a5b79a26d10549c2820e,{},accepted
rel_73f09c6156a162ccc683,rule_8a41c79676419efd7142,SUPPORTED_BY,evidence_efab05cf1b1a192a8272,{},accepted
rel_c77009f571bfb025044b,clause_node_a5b79a26d10549c2820e,HAS_REQUIREMENT,rule_7fe0b1d5b782e3620ab9,{},accepted
rel_ec806275c27fcd1a5180,rule_7fe0b1d5b782e3620ab9,DERIVED_FROM,clause_node_a5b79a26d10549c2820e,{},accepted
rel_402841571bd5c0960a22,rule_7fe0b1d5b782e3620ab9,SUPPORTED_BY,evidence_efab05cf1b1a192a8272,{},accepted
rel_b8ab69747bcae7984b0b,clause_node_dd2446e8d172e56223cf,HAS_REQUIREMENT,rule_6dda2dfb623159fefcce,{},accepted
rel_391fb0d3d24dd3ceb0ad,rule_6dda2dfb623159fefcce,DERIVED_FROM,clause_node_dd2446e8d172e56223cf,{},accepted
rel_71ce43e258c3595b74b8,rule_6dda2dfb623159fefcce,SUPPORTED_BY,evidence_7d736c5dc803f1eb01a9,{},accepted
rel_2307684eba27013cb271,clause_node_dd2446e8d172e56223cf,HAS_REQUIREMENT,rule_ebaa139292a2fc12327c,{},accepted
rel_00e8125b907f48146474,rule_ebaa139292a2fc12327c,DERIVED_FROM,clause_node_dd2446e8d172e56223cf,{},accepted
rel_a8a1500bcd2ada11f687,rule_ebaa139292a2fc12327c,SUPPORTED_BY,evidence_7d736c5dc803f1eb01a9,{},accepted
rel_796309e3e3c9ddebfcf4,clause_node_8df533e7d86e220a5dfc,HAS_REQUIREMENT,rule_5736ccfcc3fcfc4c045d,{},accepted
rel_61b55ad58de64c14c005,rule_5736ccfcc3fcfc4c045d,DERIVED_FROM,clause_node_8df533e7d86e220a5dfc,{},accepted
rel_b0676914c9e45eb2d1de,rule_5736ccfcc3fcfc4c045d,SUPPORTED_BY,evidence_37ad3df2bfaa81784f5b,{},accepted
rel_95b2258bb1e851fccc41,clause_node_8df533e7d86e220a5dfc,HAS_REQUIREMENT,rule_413b5132d6d41a6831c2,{},accepted
rel_bd4a700bb06798cc913f,rule_413b5132d6d41a6831c2,DERIVED_FROM,clause_node_8df533e7d86e220a5dfc,{},accepted
rel_921995ae8ccaf4460ec6,rule_413b5132d6d41a6831c2,SUPPORTED_BY,evidence_37ad3df2bfaa81784f5b,{},accepted
rel_89ee4187307a06d0aa73,standard_node_52c1b52c1f4b0df77db4,HAS_CLAUSE,clause_node_3703b1ceaf5bee06fb37,{},accepted
rel_0e5890693379185b0108,clause_node_3703b1ceaf5bee06fb37,HAS_REQUIREMENT,rule_b920608a160931269241,{},accepted
rel_e851b4fdf1280e74a7c1,rule_b920608a160931269241,DERIVED_FROM,clause_node_3703b1ceaf5bee06fb37,{},accepted
rel_6959059ab4768d77829c,rule_b920608a160931269241,SUPPORTED_BY,evidence_c512c03248251026c586,{},accepted
rel_c9badcaf1161008ce1ac,clause_node_dd2446e8d172e56223cf,HAS_REQUIREMENT,rule_265bdbfc238963d0a622,{},accepted
rel_09e3263ca6b7576c900d,rule_265bdbfc238963d0a622,DERIVED_FROM,clause_node_dd2446e8d172e56223cf,{},accepted
rel_edf57cdb2bbdc687ed45,rule_265bdbfc238963d0a622,SUPPORTED_BY,evidence_88fa9105be3efe4d95b1,{},accepted
rel_96f5d40286a363b857ec,clause_node_8df533e7d86e220a5dfc,HAS_REQUIREMENT,rule_381b6831b7159ada3bc5,{},accepted
rel_be43d79625508ebf35e7,rule_381b6831b7159ada3bc5,DERIVED_FROM,clause_node_8df533e7d86e220a5dfc,{},accepted
rel_f5db57489bb60e66edb7,rule_381b6831b7159ada3bc5,SUPPORTED_BY,evidence_a167361c4047a100e7d6,{},accepted
rel_a912e5a6b8a0bdcaf81b,clause_node_8df533e7d86e220a5dfc,HAS_REQUIREMENT,rule_515a9e8f8a97841d5bae,{},accepted
rel_53379fc2c9fc5710e330,rule_515a9e8f8a97841d5bae,DERIVED_FROM,clause_node_8df533e7d86e220a5dfc,{},accepted
rel_e1f36a5662965544a97e,rule_515a9e8f8a97841d5bae,SUPPORTED_BY,evidence_0b700ab2e9c706591bb5,{},accepted
rel_668f4d592c46d9885b4e,clause_node_8df533e7d86e220a5dfc,HAS_REQUIREMENT,rule_4f0be83959ff87732645,{},accepted
rel_97a4da355bbe97aa1e56,rule_4f0be83959ff87732645,DERIVED_FROM,clause_node_8df533e7d86e220a5dfc,{},accepted
rel_6f41071d957f8e0769da,rule_4f0be83959ff87732645,SUPPORTED_BY,evidence_0b700ab2e9c706591bb5,{},accepted
rel_699543d430a0cd0e7464,clause_node_8df533e7d86e220a5dfc,HAS_REQUIREMENT,rule_51cf618392b05197d46f,{},accepted
rel_61fe5e4a9f8726a61e1e,rule_51cf618392b05197d46f,DERIVED_FROM,clause_node_8df533e7d86e220a5dfc,{},accepted
rel_6edb1b2f6f5f137fd6fe,rule_51cf618392b05197d46f,SUPPORTED_BY,evidence_0683827e300f529642bb,{},accepted
rel_3cf41dcb7ba16c3c6c6b,standard_node_52c1b52c1f4b0df77db4,HAS_CLAUSE,clause_node_8081243c43f5aa150227,{},accepted
rel_84f3fd2149a4bce42b47,clause_node_8081243c43f5aa150227,HAS_REQUIREMENT,rule_32454d3490a8a5e57fcf,{},accepted
rel_cf61d454fed421580286,rule_32454d3490a8a5e57fcf,DERIVED_FROM,clause_node_8081243c43f5aa150227,{},accepted
rel_b89714d3faab50f0f822,rule_32454d3490a8a5e57fcf,SUPPORTED_BY,evidence_bac9b705522241513090,{},accepted
rel_605be4e7df0ab36255a6,clause_node_a5b79a26d10549c2820e,HAS_REQUIREMENT,rule_da5d47b018d2771171f8,{},accepted
rel_148f8b2b80fd75736904,rule_da5d47b018d2771171f8,DERIVED_FROM,clause_node_a5b79a26d10549c2820e,{},accepted
rel_adca1901588914e6b71d,rule_da5d47b018d2771171f8,SUPPORTED_BY,evidence_57834447541c01a9eff9,{},accepted
rel_81b9463f5ba2987a4ea9,clause_node_a5b79a26d10549c2820e,HAS_REQUIREMENT,rule_21181bfb2df935c3962a,{},accepted
rel_33bd809a81381d02630f,rule_21181bfb2df935c3962a,DERIVED_FROM,clause_node_a5b79a26d10549c2820e,{},accepted
rel_3b6930f923fbf2a86747,rule_21181bfb2df935c3962a,SUPPORTED_BY,evidence_57834447541c01a9eff9,{},accepted
rel_09644424b517077f163b,clause_node_a5b79a26d10549c2820e,HAS_REQUIREMENT,rule_ad003aa63abdcbee94fb,{},accepted
rel_2331ca1bfd7d08137125,rule_ad003aa63abdcbee94fb,DERIVED_FROM,clause_node_a5b79a26d10549c2820e,{},accepted
rel_64c309409fae74a60508,rule_ad003aa63abdcbee94fb,SUPPORTED_BY,evidence_57834447541c01a9eff9,{},accepted
rel_9c3e1e97251fbfead8d8,clause_node_a5b79a26d10549c2820e,HAS_REQUIREMENT,rule_b65c76f1730c5370bbb4,{},accepted
rel_e8c7e68dd7035f7ad691,rule_b65c76f1730c5370bbb4,DERIVED_FROM,clause_node_a5b79a26d10549c2820e,{},accepted
rel_c35523b096abdc3e8dcd,rule_b65c76f1730c5370bbb4,SUPPORTED_BY,evidence_57834447541c01a9eff9,{},accepted
rel_140339e99624ffff0d73,clause_node_dd2446e8d172e56223cf,HAS_REQUIREMENT,rule_09a77c56852ca5a91cca,{},accepted
rel_32f12493d571ee597649,rule_09a77c56852ca5a91cca,DERIVED_FROM,clause_node_dd2446e8d172e56223cf,{},accepted
rel_032fc7e40f0dc8c2cb32,rule_09a77c56852ca5a91cca,SUPPORTED_BY,evidence_deae2252cf3dfc9117a3,{},accepted
rel_df97ca89346707973cf7,clause_node_8df533e7d86e220a5dfc,HAS_REQUIREMENT,rule_316cf26f5e9292433432,{},accepted
rel_2d3f864e088177dc19fd,rule_316cf26f5e9292433432,DERIVED_FROM,clause_node_8df533e7d86e220a5dfc,{},accepted
rel_51b58f30decb81779f27,rule_316cf26f5e9292433432,SUPPORTED_BY,evidence_3bfe441892b3488f46f4,{},accepted
rel_d5d330468c8079ae5320,clause_node_8df533e7d86e220a5dfc,HAS_REQUIREMENT,rule_3c985657362fa61ee93c,{},accepted
rel_39edd4d4c055e80f3d44,rule_3c985657362fa61ee93c,DERIVED_FROM,clause_node_8df533e7d86e220a5dfc,{},accepted
rel_393aedc2b0056c2f7cb3,rule_3c985657362fa61ee93c,SUPPORTED_BY,evidence_3bfe441892b3488f46f4,{},accepted
rel_1f26923c18692c043e09,clause_node_a5b79a26d10549c2820e,HAS_REQUIREMENT,rule_b1ffea72784bca4f736f,{},accepted
rel_8b0fae7d53390d878302,rule_b1ffea72784bca4f736f,DERIVED_FROM,clause_node_a5b79a26d10549c2820e,{},accepted
rel_1a68be5723a413001e2d,rule_b1ffea72784bca4f736f,SUPPORTED_BY,evidence_c61e8376bb96dc357ba0,{},accepted
rel_f789a2867f938c59338c,clause_node_dd2446e8d172e56223cf,HAS_REQUIREMENT,rule_28dda4ec70c3aa8e1ca9,{},accepted
rel_57f2b3cb7571890c5a55,rule_28dda4ec70c3aa8e1ca9,DERIVED_FROM,clause_node_dd2446e8d172e56223cf,{},accepted
rel_1c3bbaacda9af954db82,rule_28dda4ec70c3aa8e1ca9,SUPPORTED_BY,evidence_86e74ddb4d419aae5ac8,{},accepted
rel_692789a8dc0e07bc6f96,clause_node_dd2446e8d172e56223cf,HAS_REQUIREMENT,rule_0486f9a3ce80c0eed7f3,{},accepted
rel_a5c4729401e9ed30b98a,rule_0486f9a3ce80c0eed7f3,DERIVED_FROM,clause_node_dd2446e8d172e56223cf,{},accepted
rel_d04d45faf096de968e77,rule_0486f9a3ce80c0eed7f3,SUPPORTED_BY,evidence_86e74ddb4d419aae5ac8,{},accepted
rel_8189169fd52961bd8ab6,clause_node_dd2446e8d172e56223cf,HAS_REQUIREMENT,rule_d7447c9451c569cb431f,{},accepted
rel_6bb18f7f5223c2d4fb19,rule_d7447c9451c569cb431f,DERIVED_FROM,clause_node_dd2446e8d172e56223cf,{},accepted
rel_956996b5d55ca4c7bc37,rule_d7447c9451c569cb431f,SUPPORTED_BY,evidence_86e74ddb4d419aae5ac8,{},accepted
rel_ee5222cce053f09f4c80,clause_node_dd2446e8d172e56223cf,HAS_REQUIREMENT,rule_eae772f60524296b42ea,{},accepted
rel_61b0bf464832ea429efb,rule_eae772f60524296b42ea,DERIVED_FROM,clause_node_dd2446e8d172e56223cf,{},accepted
rel_7dc1075c4b7f82820f0e,rule_eae772f60524296b42ea,SUPPORTED_BY,evidence_841e99ea70280daf7580,{},accepted
rel_ec7d5b20cec56be1c5ba,clause_node_dd2446e8d172e56223cf,HAS_REQUIREMENT,rule_e3ddcf37db14e5d1b72f,{},accepted
rel_70f9f934ced0b3831d3c,rule_e3ddcf37db14e5d1b72f,DERIVED_FROM,clause_node_dd2446e8d172e56223cf,{},accepted
rel_689de8631966113b8867,rule_e3ddcf37db14e5d1b72f,SUPPORTED_BY,evidence_841e99ea70280daf7580,{},accepted
rel_c7cfab4198c1eb2452c9,standard_node_52c1b52c1f4b0df77db4,HAS_CLAUSE,clause_node_89f15c3f2d60a5b25f80,{},accepted
rel_30bf5c39c5df3a05a421,clause_node_89f15c3f2d60a5b25f80,HAS_REQUIREMENT,rule_4164dc80527f6a28a482,{},accepted
rel_4fceaba4b119163c9ae6,rule_4164dc80527f6a28a482,DERIVED_FROM,clause_node_89f15c3f2d60a5b25f80,{},accepted
rel_c50dbb96a22f5bc82d39,rule_4164dc80527f6a28a482,SUPPORTED_BY,evidence_144e884b2095de755603,{},accepted
rel_aab7736b855002d52e6d,clause_node_89f15c3f2d60a5b25f80,HAS_REQUIREMENT,rule_354b97b5ba5850605fa9,{},accepted
rel_591511c99e2bb7f47ded,rule_354b97b5ba5850605fa9,DERIVED_FROM,clause_node_89f15c3f2d60a5b25f80,{},accepted
rel_17c16f8c42c0ddf3e8ce,rule_354b97b5ba5850605fa9,SUPPORTED_BY,evidence_144e884b2095de755603,{},accepted
rel_e164a8c61f5e9f302820,standard_node_52c1b52c1f4b0df77db4,HAS_CLAUSE,clause_node_591bfed6aa252ace5639,{},accepted
rel_ebb089252adc9ff483d9,clause_node_591bfed6aa252ace5639,HAS_REQUIREMENT,rule_f787be02ff65d73bff17,{},accepted
rel_18ffbfb35eac26e38ea2,rule_f787be02ff65d73bff17,DERIVED_FROM,clause_node_591bfed6aa252ace5639,{},accepted
rel_6163ac2214cd9bdfb2f3,rule_f787be02ff65d73bff17,SUPPORTED_BY,evidence_d6dd112575350e4e8efd,{},accepted
rel_7b58ddb6bf3a9c0f3619,clause_node_591bfed6aa252ace5639,HAS_REQUIREMENT,rule_462e1c3574c62fe01c8b,{},accepted
rel_eaa2e37e06533981dee5,rule_462e1c3574c62fe01c8b,DERIVED_FROM,clause_node_591bfed6aa252ace5639,{},accepted
rel_a3fc0abf8836b50ee917,rule_462e1c3574c62fe01c8b,SUPPORTED_BY,evidence_d6dd112575350e4e8efd,{},accepted
rel_40595fa7b0f849fee737,clause_node_591bfed6aa252ace5639,HAS_REQUIREMENT,rule_e2b3f89dc7ef62024398,{},accepted
rel_912c9e568d6ff587ee10,rule_e2b3f89dc7ef62024398,DERIVED_FROM,clause_node_591bfed6aa252ace5639,{},accepted
rel_69e644a4879414a8ef6e,rule_e2b3f89dc7ef62024398,SUPPORTED_BY,evidence_d6dd112575350e4e8efd,{},accepted
rel_95ce1686b095d59a2c12,clause_node_591bfed6aa252ace5639,HAS_REQUIREMENT,rule_bcbd5c64644078d937d2,{},accepted
rel_b0158db7bdf672887837,rule_bcbd5c64644078d937d2,DERIVED_FROM,clause_node_591bfed6aa252ace5639,{},accepted
rel_135d8ceee7dfbf4a8af3,rule_bcbd5c64644078d937d2,SUPPORTED_BY,evidence_d6dd112575350e4e8efd,{},accepted
rel_719066494cf9107e8a26,clause_node_a5b79a26d10549c2820e,HAS_REQUIREMENT,rule_7e838e9921fdf5090133,{},accepted
rel_87a949277520172abb79,rule_7e838e9921fdf5090133,DERIVED_FROM,clause_node_a5b79a26d10549c2820e,{},accepted
rel_43b2ba1085fd8fc09c5d,rule_7e838e9921fdf5090133,SUPPORTED_BY,evidence_6a38d853746792eb6b6f,{},accepted
rel_ab78b1f47316dd9eb0a2,clause_node_a5b79a26d10549c2820e,HAS_REQUIREMENT,rule_60fbb4dcfc3181d4027f,{},accepted
rel_4ee57f8d9819a35defa7,rule_60fbb4dcfc3181d4027f,DERIVED_FROM,clause_node_a5b79a26d10549c2820e,{},accepted
rel_38ea070f7d17212991ed,rule_60fbb4dcfc3181d4027f,SUPPORTED_BY,evidence_6a38d853746792eb6b6f,{},accepted
rel_644d8c239ae8f1fb2275,clause_node_a5b79a26d10549c2820e,HAS_REQUIREMENT,rule_1ad425dff27e95ab3741,{},accepted
rel_4189bf94b12fa588eb95,rule_1ad425dff27e95ab3741,DERIVED_FROM,clause_node_a5b79a26d10549c2820e,{},accepted
rel_56bcc68f66a5e5c6c90d,rule_1ad425dff27e95ab3741,SUPPORTED_BY,evidence_6a38d853746792eb6b6f,{},accepted
rel_abcc63c3998ebdef13a4,clause_node_dd2446e8d172e56223cf,HAS_REQUIREMENT,rule_2c8c822b6ab6e408379c,{},accepted
rel_a8fe981ec55153f42a95,rule_2c8c822b6ab6e408379c,DERIVED_FROM,clause_node_dd2446e8d172e56223cf,{},accepted
rel_e4153577bd862ebe0136,rule_2c8c822b6ab6e408379c,SUPPORTED_BY,evidence_347a4307fc70ba78feac,{},accepted
rel_eedbea15310c158928d3,clause_node_8df533e7d86e220a5dfc,HAS_REQUIREMENT,rule_b2ab383f489ee6a8cfae,{},accepted
rel_52ea932efe13a1b41e91,rule_b2ab383f489ee6a8cfae,DERIVED_FROM,clause_node_8df533e7d86e220a5dfc,{},accepted
rel_cdc771aaf980fc2f78ce,rule_b2ab383f489ee6a8cfae,SUPPORTED_BY,evidence_3d495158db172726efca,{},accepted
rel_01e58838fc09c62cccfb,clause_node_8df533e7d86e220a5dfc,HAS_REQUIREMENT,rule_524da273ea3759cdbb78,{},accepted
rel_2aaf7228af7f9915c6f8,rule_524da273ea3759cdbb78,DERIVED_FROM,clause_node_8df533e7d86e220a5dfc,{},accepted
rel_6978498bb0beb0343b1d,rule_524da273ea3759cdbb78,SUPPORTED_BY,evidence_3d495158db172726efca,{},accepted
rel_21766437995c485c3083,clause_node_8df533e7d86e220a5dfc,HAS_REQUIREMENT,rule_89db5e6b8f8e35cf326e,{},accepted
rel_20095ff3f819df744506,rule_89db5e6b8f8e35cf326e,DERIVED_FROM,clause_node_8df533e7d86e220a5dfc,{},accepted
rel_c155ec4c3ab815c25239,rule_89db5e6b8f8e35cf326e,SUPPORTED_BY,evidence_3d495158db172726efca,{},accepted
rel_23a1e97d5a1c36f025de,clause_node_8df533e7d86e220a5dfc,HAS_REQUIREMENT,rule_3a5c327821260cc7e4ed,{},accepted
rel_322b67dbbc217609f5f4,rule_3a5c327821260cc7e4ed,DERIVED_FROM,clause_node_8df533e7d86e220a5dfc,{},accepted
rel_6a1d73b04bb1ac25eb24,rule_3a5c327821260cc7e4ed,SUPPORTED_BY,evidence_3d495158db172726efca,{},accepted
rel_594a98fd6e37a3f50981,clause_node_8df533e7d86e220a5dfc,HAS_REQUIREMENT,rule_0cf973b79c50bec9805f,{},accepted
rel_44dbd4deb93f9359e497,rule_0cf973b79c50bec9805f,DERIVED_FROM,clause_node_8df533e7d86e220a5dfc,{},accepted
rel_10274dbcd6d8635616f9,rule_0cf973b79c50bec9805f,SUPPORTED_BY,evidence_3d495158db172726efca,{},accepted
rel_d3a02b0d1f7cb3fe1a9c,clause_node_8df533e7d86e220a5dfc,HAS_REQUIREMENT,rule_a175938ad1c6ad157a7a,{},accepted
rel_4e00ab37f5d364f71c24,rule_a175938ad1c6ad157a7a,DERIVED_FROM,clause_node_8df533e7d86e220a5dfc,{},accepted
rel_90eb4331dd9de839d2c6,rule_a175938ad1c6ad157a7a,SUPPORTED_BY,evidence_3d495158db172726efca,{},accepted
rel_576cc73f6388c43a3143,clause_node_dd2446e8d172e56223cf,HAS_REQUIREMENT,rule_862b5302dde1e7522e9a,{},accepted
rel_c1c3a3ba03460e7ed6e0,rule_862b5302dde1e7522e9a,DERIVED_FROM,clause_node_dd2446e8d172e56223cf,{},accepted
rel_7a473aef72dd26f95540,rule_862b5302dde1e7522e9a,SUPPORTED_BY,evidence_dcde2da5e5ffff7d124a,{},accepted
rel_9b7180ccb581d566649b,clause_node_8df533e7d86e220a5dfc,HAS_REQUIREMENT,rule_3edebaa1454f5961a86e,{},accepted
rel_3f4fbef04198e962e690,rule_3edebaa1454f5961a86e,DERIVED_FROM,clause_node_8df533e7d86e220a5dfc,{},accepted
rel_018556ab71b420176128,rule_3edebaa1454f5961a86e,SUPPORTED_BY,evidence_c63b92c73a4dc4c7c46a,{},accepted
rel_94c730dccee2494241a4,clause_node_8df533e7d86e220a5dfc,HAS_REQUIREMENT,rule_b6c53b81fe463f7f3b4f,{},accepted
rel_d3c003e9fa6aa83d8b63,rule_b6c53b81fe463f7f3b4f,DERIVED_FROM,clause_node_8df533e7d86e220a5dfc,{},accepted
rel_922775e6719f67b6dcbc,rule_b6c53b81fe463f7f3b4f,SUPPORTED_BY,evidence_c63b92c73a4dc4c7c46a,{},accepted
rel_ee73a6184f4d57b6d7e9,clause_node_8df533e7d86e220a5dfc,HAS_REQUIREMENT,rule_48437429b8723c18a2f9,{},accepted
rel_205c79624ff180679914,rule_48437429b8723c18a2f9,DERIVED_FROM,clause_node_8df533e7d86e220a5dfc,{},accepted
rel_40c13894133c0e6ecf31,rule_48437429b8723c18a2f9,SUPPORTED_BY,evidence_c63b92c73a4dc4c7c46a,{},accepted
rel_7386bebc8a7cc402b19c,clause_node_8df533e7d86e220a5dfc,HAS_REQUIREMENT,rule_dab2bf0303c27ff35606,{},accepted
rel_b93e4474c8cf014f20f7,rule_dab2bf0303c27ff35606,DERIVED_FROM,clause_node_8df533e7d86e220a5dfc,{},accepted
rel_3ca8aa829d953f182244,rule_dab2bf0303c27ff35606,SUPPORTED_BY,evidence_c63b92c73a4dc4c7c46a,{},accepted
rel_dc759696ca7a7a3cea51,standard_node_52c1b52c1f4b0df77db4,HAS_CLAUSE,clause_node_77db9a6a6cdd37e07ea8,{},accepted
rel_6734327f154f965cf904,clause_node_77db9a6a6cdd37e07ea8,HAS_REQUIREMENT,rule_35460140ed409272580b,{},accepted
rel_c44a4979b09261a999b3,rule_35460140ed409272580b,DERIVED_FROM,clause_node_77db9a6a6cdd37e07ea8,{},accepted
rel_a9617a1d365dcaf05a49,rule_35460140ed409272580b,SUPPORTED_BY,evidence_5cc94ef3a9a1a0bedfbe,{},accepted
rel_f0242e779520cd977f1f,clause_node_77db9a6a6cdd37e07ea8,HAS_REQUIREMENT,rule_e3355010974a6ece24bc,{},accepted
rel_f40672736544c4e9a0b8,rule_e3355010974a6ece24bc,DERIVED_FROM,clause_node_77db9a6a6cdd37e07ea8,{},accepted
rel_39c7e31e8d1c95a0d026,rule_e3355010974a6ece24bc,SUPPORTED_BY,evidence_5cc94ef3a9a1a0bedfbe,{},accepted
rel_4a3d26c9044a8d28b6f8,clause_node_77db9a6a6cdd37e07ea8,HAS_REQUIREMENT,rule_79036d92525387d5f808,{},accepted
rel_cc3b9241bad4ab18d37f,rule_79036d92525387d5f808,DERIVED_FROM,clause_node_77db9a6a6cdd37e07ea8,{},accepted
rel_56ee7f306195b38ab079,rule_79036d92525387d5f808,SUPPORTED_BY,evidence_5cc94ef3a9a1a0bedfbe,{},accepted
rel_1ee47503f8ba2bc24238,clause_node_77db9a6a6cdd37e07ea8,HAS_REQUIREMENT,rule_e3ec1901465e87456861,{},accepted
rel_8138fc7d6aac43752525,rule_e3ec1901465e87456861,DERIVED_FROM,clause_node_77db9a6a6cdd37e07ea8,{},accepted
rel_cc5ae392e265eeb14784,rule_e3ec1901465e87456861,SUPPORTED_BY,evidence_5cc94ef3a9a1a0bedfbe,{},accepted
rel_5711c5628d9b60b32527,clause_node_c81db54f568e7eb328db,HAS_REQUIREMENT,rule_cd07726e7aa44f19d140,{},accepted
rel_438f761917c7f2a7631b,rule_cd07726e7aa44f19d140,DERIVED_FROM,clause_node_c81db54f568e7eb328db,{},accepted
rel_bbb8992e7639e1ab91f8,rule_cd07726e7aa44f19d140,SUPPORTED_BY,evidence_c622d234d82606b6a6af,{},accepted
rel_0e6d4368d2dc57ddce2b,standard_node_52c1b52c1f4b0df77db4,HAS_CLAUSE,clause_node_661aa0577e15c67f8dac,{},accepted
rel_1370c2f0b39462b3a425,clause_node_661aa0577e15c67f8dac,HAS_REQUIREMENT,rule_45bae42651ba2dc0a622,{},accepted
rel_27b4bbd00b7f471bbf0f,rule_45bae42651ba2dc0a622,DERIVED_FROM,clause_node_661aa0577e15c67f8dac,{},accepted
rel_db91d73136ba32bd838f,rule_45bae42651ba2dc0a622,SUPPORTED_BY,evidence_e96e36217b8de22e1575,{},accepted
rel_3a17683d89b7cdc8a636,clause_node_661aa0577e15c67f8dac,HAS_REQUIREMENT,rule_bc42ab900a861373a052,{},accepted
rel_51cf03580c7140afdced,rule_bc42ab900a861373a052,DERIVED_FROM,clause_node_661aa0577e15c67f8dac,{},accepted
rel_d49431973e444f377776,rule_bc42ab900a861373a052,SUPPORTED_BY,evidence_e96e36217b8de22e1575,{},accepted
rel_865d211f4a9d131ffc3f,clause_node_661aa0577e15c67f8dac,HAS_REQUIREMENT,rule_3f4dcff55288a6315f17,{},accepted
rel_f6b864f57d495f8ded68,rule_3f4dcff55288a6315f17,DERIVED_FROM,clause_node_661aa0577e15c67f8dac,{},accepted
rel_9e0a84c45982322adc19,rule_3f4dcff55288a6315f17,SUPPORTED_BY,evidence_e96e36217b8de22e1575,{},accepted
rel_ca5c00353b10fb414c83,standard_node_52c1b52c1f4b0df77db4,HAS_CLAUSE,clause_node_a283beb5af34a42096a1,{},accepted
rel_4d1029210c245ef5e5c3,clause_node_a283beb5af34a42096a1,HAS_REQUIREMENT,rule_8893cb99311d359158d7,{},accepted
rel_d94235a2870cae11cfc8,rule_8893cb99311d359158d7,DERIVED_FROM,clause_node_a283beb5af34a42096a1,{},accepted
rel_d22d0f70f26d35c3650f,rule_8893cb99311d359158d7,SUPPORTED_BY,evidence_584d87ef4e5123bab753,{},accepted
rel_b9d324e885acc4692d50,clause_node_a283beb5af34a42096a1,HAS_REQUIREMENT,rule_5ce438ba69837fe09ad9,{},accepted
rel_97d65e0d88a89b030092,rule_5ce438ba69837fe09ad9,DERIVED_FROM,clause_node_a283beb5af34a42096a1,{},accepted
rel_d251c21b94607255ba6f,rule_5ce438ba69837fe09ad9,SUPPORTED_BY,evidence_584d87ef4e5123bab753,{},accepted
rel_1fc301d2951107fd3361,clause_node_a283beb5af34a42096a1,HAS_REQUIREMENT,rule_21b94716e4d5c3490948,{},accepted
rel_13ccfbb2086d4ac9347b,rule_21b94716e4d5c3490948,DERIVED_FROM,clause_node_a283beb5af34a42096a1,{},accepted
rel_c75236090c4edef4f0af,rule_21b94716e4d5c3490948,SUPPORTED_BY,evidence_584d87ef4e5123bab753,{},accepted
rel_b44a9d2d37d17b23f2f2,clause_node_a283beb5af34a42096a1,HAS_REQUIREMENT,rule_96bd2a38ead64538588e,{},accepted
rel_83cb0730c788fa3fe172,rule_96bd2a38ead64538588e,DERIVED_FROM,clause_node_a283beb5af34a42096a1,{},accepted
rel_c968e98998e323581b51,rule_96bd2a38ead64538588e,SUPPORTED_BY,evidence_584d87ef4e5123bab753,{},accepted
rel_d8faffa27f7df2d6efa5,standard_node_52c1b52c1f4b0df77db4,HAS_CLAUSE,clause_node_f5f72e9c67e1344a941c,{},accepted
rel_ff147935cf027f61b4c7,clause_node_f5f72e9c67e1344a941c,HAS_REQUIREMENT,rule_1c744cdeff85143e503b,{},accepted
rel_042af281a2dba5d3079b,rule_1c744cdeff85143e503b,DERIVED_FROM,clause_node_f5f72e9c67e1344a941c,{},accepted
rel_4ca2fd5afb0381e02f23,rule_1c744cdeff85143e503b,SUPPORTED_BY,evidence_95311c4bdac7e33eda8e,{},accepted
rel_6a0d2b5bbac84728881e,clause_node_dd2446e8d172e56223cf,HAS_REQUIREMENT,rule_31638bb57397c600b1f8,{},accepted
rel_f02c4f0a35d3efacde93,rule_31638bb57397c600b1f8,DERIVED_FROM,clause_node_dd2446e8d172e56223cf,{},accepted
rel_2b039ee577f9796fdec2,rule_31638bb57397c600b1f8,SUPPORTED_BY,evidence_57589299bde7766db02a,{},accepted
rel_911a6f95749818462400,clause_node_a5b79a26d10549c2820e,HAS_REQUIREMENT,rule_c4e3fcafd29887426a4e,{},accepted
rel_bb61fca6063f6213f850,rule_c4e3fcafd29887426a4e,DERIVED_FROM,clause_node_a5b79a26d10549c2820e,{},accepted
rel_800f2568a949e2a9da7c,rule_c4e3fcafd29887426a4e,SUPPORTED_BY,evidence_0c653b9760ea02b29221,{},accepted
rel_57724aeb2e193c926390,clause_node_dd2446e8d172e56223cf,HAS_REQUIREMENT,rule_83efe27fb67f9cbb1acf,{},accepted
rel_d05d26d56eb4e308be17,rule_83efe27fb67f9cbb1acf,DERIVED_FROM,clause_node_dd2446e8d172e56223cf,{},accepted
rel_a3d669bf674f4e6303c1,rule_83efe27fb67f9cbb1acf,SUPPORTED_BY,evidence_ac8bed476ebc736b1b26,{},accepted
rel_792118f6f9d504ea57e9,clause_node_dd2446e8d172e56223cf,HAS_REQUIREMENT,rule_9e640bacf12be48fa798,{},accepted
rel_46d3b2a16c7400bae349,rule_9e640bacf12be48fa798,DERIVED_FROM,clause_node_dd2446e8d172e56223cf,{},accepted
rel_8e4effca51ee8339c3ff,rule_9e640bacf12be48fa798,SUPPORTED_BY,evidence_ac8bed476ebc736b1b26,{},accepted
rel_df11b03c7ce811e00535,clause_node_dd2446e8d172e56223cf,HAS_REQUIREMENT,rule_03057101929d1d5ed315,{},accepted
rel_415e32174566540a9131,rule_03057101929d1d5ed315,DERIVED_FROM,clause_node_dd2446e8d172e56223cf,{},accepted
rel_84f3e02ddcfa40df51b8,rule_03057101929d1d5ed315,SUPPORTED_BY,evidence_ac8bed476ebc736b1b26,{},accepted
rel_9248480654532576dc53,clause_node_a5b79a26d10549c2820e,HAS_REQUIREMENT,rule_22367a3a1b1ff27c716c,{},accepted
rel_20bba28a34f0412b9174,rule_22367a3a1b1ff27c716c,DERIVED_FROM,clause_node_a5b79a26d10549c2820e,{},accepted
rel_63957921c6b0253e903f,rule_22367a3a1b1ff27c716c,SUPPORTED_BY,evidence_4865a9f515f8ee9cd720,{},accepted
rel_aedddeda091303f5313a,clause_node_a5b79a26d10549c2820e,HAS_REQUIREMENT,rule_298feb92b8e44a6f273e,{},accepted
rel_5f6f18ce7e43f54013e2,rule_298feb92b8e44a6f273e,DERIVED_FROM,clause_node_a5b79a26d10549c2820e,{},accepted
rel_a4b0e374a9e7b4630105,rule_298feb92b8e44a6f273e,SUPPORTED_BY,evidence_4865a9f515f8ee9cd720,{},accepted
rel_7dc34a1ac399cdd235b0,clause_node_dd2446e8d172e56223cf,HAS_REQUIREMENT,rule_ffb7779b751a2138ce70,{},accepted
rel_02bd12791c4c1d2bdba4,rule_ffb7779b751a2138ce70,DERIVED_FROM,clause_node_dd2446e8d172e56223cf,{},accepted
rel_a688e2da6de64c265a4d,rule_ffb7779b751a2138ce70,SUPPORTED_BY,evidence_8c190e7d572bc91ab341,{},accepted
rel_e4e691e2a899e1249cb5,clause_node_dd2446e8d172e56223cf,HAS_REQUIREMENT,rule_0617c2b23f3205a2d92f,{},accepted
rel_055bbc873702b49795d1,rule_0617c2b23f3205a2d92f,DERIVED_FROM,clause_node_dd2446e8d172e56223cf,{},accepted
rel_1f16129fcadf6047fb6a,rule_0617c2b23f3205a2d92f,SUPPORTED_BY,evidence_8c190e7d572bc91ab341,{},accepted
rel_446fc29a3ba0275b2e32,clause_node_8df533e7d86e220a5dfc,HAS_REQUIREMENT,rule_6af113e282c73f14b5ad,{},accepted
rel_4ea75f653f80ca9dd463,rule_6af113e282c73f14b5ad,DERIVED_FROM,clause_node_8df533e7d86e220a5dfc,{},accepted
rel_93fb8b36d37987d502f7,rule_6af113e282c73f14b5ad,SUPPORTED_BY,evidence_2478599102d3d5d51104,{},accepted
rel_169d57232e81636bf9de,clause_node_e89bf991f14a298cd43e,HAS_REQUIREMENT,rule_85061647d38f94a3e76a,{},accepted
rel_d8cb5a18d7b1bb9a8c7a,rule_85061647d38f94a3e76a,DERIVED_FROM,clause_node_e89bf991f14a298cd43e,{},accepted
rel_7e87ae11bf75c759abde,rule_85061647d38f94a3e76a,SUPPORTED_BY,evidence_c64e6f52604dbc125c99,{},accepted
rel_bb89eaf7f4a382b1afd2,standard_node_52c1b52c1f4b0df77db4,HAS_CLAUSE,clause_node_be2648b5e62a118a609e,{},accepted
rel_3b9b6b991912b5d6423b,clause_node_be2648b5e62a118a609e,HAS_REQUIREMENT,rule_de842c2603716cfa0672,{},accepted
rel_9959d460d03d9a851de1,rule_de842c2603716cfa0672,DERIVED_FROM,clause_node_be2648b5e62a118a609e,{},accepted
rel_071e096c5c0b1bf7bdea,rule_de842c2603716cfa0672,SUPPORTED_BY,evidence_ea5a9d6971ff529a8141,{},accepted
rel_d0adccbe460bf5b86303,clause_node_be2648b5e62a118a609e,HAS_REQUIREMENT,rule_60816cc6196a4b2fa4b9,{},accepted
rel_103e30185f27b0991de6,rule_60816cc6196a4b2fa4b9,DERIVED_FROM,clause_node_be2648b5e62a118a609e,{},accepted
rel_6a44b0a3a9c91a4e68c3,rule_60816cc6196a4b2fa4b9,SUPPORTED_BY,evidence_ea5a9d6971ff529a8141,{},accepted
rel_0af6732ae465fc36ffe5,standard_node_52c1b52c1f4b0df77db4,HAS_CLAUSE,clause_node_be04517e1c89267b9cad,{},accepted
rel_c70811f07a533041caf0,clause_node_be04517e1c89267b9cad,HAS_REQUIREMENT,rule_a9a1e087ce4cff754301,{},accepted
rel_b1e8a4e5b37db738ae5e,rule_a9a1e087ce4cff754301,DERIVED_FROM,clause_node_be04517e1c89267b9cad,{},accepted
rel_db430f31d90ed8276a33,rule_a9a1e087ce4cff754301,SUPPORTED_BY,evidence_d55c1a6afeb598342558,{},accepted
rel_95e82d674a012e74b2b2,standard_node_52c1b52c1f4b0df77db4,HAS_CLAUSE,clause_node_0b14edd5e56c4ae82101,{},accepted
rel_00aefde0c7480e6d7204,clause_node_0b14edd5e56c4ae82101,HAS_REQUIREMENT,rule_a525d1c5bd366b38b681,{},accepted
rel_ca7ba923f43757839a26,rule_a525d1c5bd366b38b681,DERIVED_FROM,clause_node_0b14edd5e56c4ae82101,{},accepted
rel_b760c8d7f8ea919b4f90,rule_a525d1c5bd366b38b681,SUPPORTED_BY,evidence_3948d54ab94e0d102ff0,{},accepted
rel_286068cb8145a0901e11,clause_node_0b14edd5e56c4ae82101,HAS_REQUIREMENT,rule_504bfac544bfef6fe7b4,{},accepted
rel_0f1cc7849bd1c3e79cfe,rule_504bfac544bfef6fe7b4,DERIVED_FROM,clause_node_0b14edd5e56c4ae82101,{},accepted
rel_1c6c0d42e6d24ebeab75,rule_504bfac544bfef6fe7b4,SUPPORTED_BY,evidence_3948d54ab94e0d102ff0,{},accepted
rel_f177d411dd8075e9035f,clause_node_0b14edd5e56c4ae82101,HAS_REQUIREMENT,rule_80a13427e08daf1fb6c7,{},accepted
rel_208c5e5b0231b56c1321,rule_80a13427e08daf1fb6c7,DERIVED_FROM,clause_node_0b14edd5e56c4ae82101,{},accepted
rel_4f072544ede622718322,rule_80a13427e08daf1fb6c7,SUPPORTED_BY,evidence_3948d54ab94e0d102ff0,{},accepted
rel_674831aeb41cd1511990,standard_node_52c1b52c1f4b0df77db4,HAS_CLAUSE,clause_node_09959ba8e66516d311db,{},accepted
rel_d57d2ef2f091d7f36e8f,clause_node_09959ba8e66516d311db,HAS_REQUIREMENT,rule_926745575f7f3d2e7da0,{},accepted
rel_e4472ff2caa4917c4332,rule_926745575f7f3d2e7da0,DERIVED_FROM,clause_node_09959ba8e66516d311db,{},accepted
rel_087f5b5e7fcc680148b6,rule_926745575f7f3d2e7da0,SUPPORTED_BY,evidence_b6aad6bed510539934c4,{},accepted
rel_372658e9a27adb6b32ef,standard_node_52c1b52c1f4b0df77db4,HAS_CLAUSE,clause_node_f82dd157424025fd976e,{},accepted
rel_5ac25c11e4f7affb3537,clause_node_f82dd157424025fd976e,HAS_REQUIREMENT,rule_f6723bff7a0a0a85d97f,{},accepted
rel_5e9e7d80ce82f098e200,rule_f6723bff7a0a0a85d97f,DERIVED_FROM,clause_node_f82dd157424025fd976e,{},accepted
rel_4fa781b3dfddb3066b87,rule_f6723bff7a0a0a85d97f,SUPPORTED_BY,evidence_facd9dbdfcf422a20859,{},accepted
rel_a746cf3b93ce9b8d2381,standard_node_52c1b52c1f4b0df77db4,HAS_CLAUSE,clause_node_71ee36da9e76d850abd5,{},accepted
rel_01975057ff04432e40c2,clause_node_71ee36da9e76d850abd5,HAS_REQUIREMENT,rule_8e06d8a5172268b0f980,{},accepted
rel_91af171bc3fc95269bb1,rule_8e06d8a5172268b0f980,DERIVED_FROM,clause_node_71ee36da9e76d850abd5,{},accepted
rel_ccdcf4d53d5a673d861b,rule_8e06d8a5172268b0f980,SUPPORTED_BY,evidence_3d287504ff5574872e65,{},accepted
rel_40b4d866f0428337fbc7,standard_node_52c1b52c1f4b0df77db4,HAS_CLAUSE,clause_node_8d6ee484a24460ba02a2,{},accepted
rel_5d079afdda21795ecfa7,clause_node_8d6ee484a24460ba02a2,HAS_REQUIREMENT,rule_43e392c4b49df47d820c,{},accepted
rel_b9cce2e443cecdfeef1e,rule_43e392c4b49df47d820c,DERIVED_FROM,clause_node_8d6ee484a24460ba02a2,{},accepted
rel_987422a46a666e773feb,rule_43e392c4b49df47d820c,SUPPORTED_BY,evidence_c4f73aa4e9c0cd28ffba,{},accepted
rel_0144df2ace47a95a9527,clause_node_a5b79a26d10549c2820e,HAS_REQUIREMENT,rule_e66adc5764962fc063cb,{},accepted
rel_8de1035a48e9f495f320,rule_e66adc5764962fc063cb,DERIVED_FROM,clause_node_a5b79a26d10549c2820e,{},accepted
rel_e82e68eb2e53f05c37c2,rule_e66adc5764962fc063cb,SUPPORTED_BY,evidence_0c4b8ae1a5364e33239c,{},accepted
rel_01ad318d3970281d51d5,clause_node_a5b79a26d10549c2820e,HAS_REQUIREMENT,rule_bf22e05459eb781a776c,{},accepted
rel_e52d3ee7afd31d432e04,rule_bf22e05459eb781a776c,DERIVED_FROM,clause_node_a5b79a26d10549c2820e,{},accepted
rel_9c440e38d45580452abc,rule_bf22e05459eb781a776c,SUPPORTED_BY,evidence_0c4b8ae1a5364e33239c,{},accepted
rel_f5e233843885eea0ff09,standard_node_52c1b52c1f4b0df77db4,HAS_CLAUSE,clause_node_981a1ff7ff02626fdb67,{},accepted
rel_33eb3ad15210507d8482,clause_node_981a1ff7ff02626fdb67,HAS_REQUIREMENT,rule_04f269eacb934c585396,{},accepted
rel_d67509344df998f692fb,rule_04f269eacb934c585396,DERIVED_FROM,clause_node_981a1ff7ff02626fdb67,{},accepted
rel_739d8dbd0cbb5632f61f,rule_04f269eacb934c585396,SUPPORTED_BY,evidence_76374d8efba8adc4e611,{},accepted
rel_4ec3c21a948e118c498e,standard_node_52c1b52c1f4b0df77db4,HAS_CLAUSE,clause_node_f5f37a8cbd950f1d1eaa,{},accepted
rel_a89e7d0157c394e05be6,clause_node_f5f37a8cbd950f1d1eaa,HAS_REQUIREMENT,rule_2fa4bbd91f269db6f68f,{},accepted
rel_4fcde77b04b04a324ea4,rule_2fa4bbd91f269db6f68f,DERIVED_FROM,clause_node_f5f37a8cbd950f1d1eaa,{},accepted
rel_f82bb4ebcdfebcae7c28,rule_2fa4bbd91f269db6f68f,SUPPORTED_BY,evidence_1223cc1cdbf95c942cf6,{},accepted
rel_8bd99b3fbd282293c41d,clause_node_f5f37a8cbd950f1d1eaa,HAS_REQUIREMENT,rule_af25c61883ba978c85f6,{},accepted
rel_7623e7893e160969ab87,rule_af25c61883ba978c85f6,DERIVED_FROM,clause_node_f5f37a8cbd950f1d1eaa,{},accepted
rel_c2af2911c49889d20ba5,rule_af25c61883ba978c85f6,SUPPORTED_BY,evidence_1223cc1cdbf95c942cf6,{},accepted
rel_bfd3ab194df5fcf17e24,clause_node_f5f37a8cbd950f1d1eaa,HAS_REQUIREMENT,rule_eed4f12b63716ef32b16,{},accepted
rel_82fb0a86ed839fac809d,rule_eed4f12b63716ef32b16,DERIVED_FROM,clause_node_f5f37a8cbd950f1d1eaa,{},accepted
rel_1fde9963e44a3e6734a6,rule_eed4f12b63716ef32b16,SUPPORTED_BY,evidence_1223cc1cdbf95c942cf6,{},accepted
rel_a3a3e7ad794806c9f7bb,standard_node_52c1b52c1f4b0df77db4,HAS_CLAUSE,clause_node_f6a9326c5646034be765,{},accepted
rel_e3150b5a02fa1d746259,clause_node_f6a9326c5646034be765,HAS_REQUIREMENT,rule_8f7a6b39a232aff343e9,{},accepted
rel_a8b7d139ce074f524dee,rule_8f7a6b39a232aff343e9,DERIVED_FROM,clause_node_f6a9326c5646034be765,{},accepted
rel_04e34b1de794722e018a,rule_8f7a6b39a232aff343e9,SUPPORTED_BY,evidence_d44042f585ea6ed7c7bd,{},accepted
rel_341b94e6aff391787005,standard_node_52c1b52c1f4b0df77db4,HAS_CLAUSE,clause_node_865751eb7a4d0787a4e8,{},accepted
rel_0f01f999dcba3d0ffac7,clause_node_865751eb7a4d0787a4e8,HAS_REQUIREMENT,rule_7925a9e345542600b73e,{},accepted
rel_46072394152fbb6fbb27,rule_7925a9e345542600b73e,DERIVED_FROM,clause_node_865751eb7a4d0787a4e8,{},accepted
rel_249cb9736881f87f6287,rule_7925a9e345542600b73e,SUPPORTED_BY,evidence_c2f64d9a80a056f3e8e1,{},accepted
rel_98ae3bf6bb98841b388b,clause_node_865751eb7a4d0787a4e8,HAS_REQUIREMENT,rule_70d549960ccfc3244a87,{},accepted
rel_c08db1e561c7fb1856f6,rule_70d549960ccfc3244a87,DERIVED_FROM,clause_node_865751eb7a4d0787a4e8,{},accepted
rel_98b66e0767f5928c65c1,rule_70d549960ccfc3244a87,SUPPORTED_BY,evidence_c2f64d9a80a056f3e8e1,{},accepted
rel_13d26513b631f3a2af18,clause_node_865751eb7a4d0787a4e8,HAS_REQUIREMENT,rule_135d86eaf9d13bf25d34,{},accepted
rel_1394c850d7e3bdb3351c,rule_135d86eaf9d13bf25d34,DERIVED_FROM,clause_node_865751eb7a4d0787a4e8,{},accepted
rel_48d94ccc3bcfa4d5c6cc,rule_135d86eaf9d13bf25d34,SUPPORTED_BY,evidence_c2f64d9a80a056f3e8e1,{},accepted
rel_87deb62499c307727759,clause_node_a5b79a26d10549c2820e,HAS_REQUIREMENT,rule_3357352862a86ccbcbf7,{},accepted
rel_cecb6ff27d69f812dbe3,rule_3357352862a86ccbcbf7,DERIVED_FROM,clause_node_a5b79a26d10549c2820e,{},accepted
rel_3ed693bc27e0e9cf26e8,rule_3357352862a86ccbcbf7,SUPPORTED_BY,evidence_0a95442baf63e92ed046,{},accepted
rel_2b05be3b60c0fe184522,clause_node_dd2446e8d172e56223cf,HAS_REQUIREMENT,rule_4462d4b258a753fab0df,{},accepted
rel_dcd3e153c3c5b297c131,rule_4462d4b258a753fab0df,DERIVED_FROM,clause_node_dd2446e8d172e56223cf,{},accepted
rel_d83ce042a5212c90c780,rule_4462d4b258a753fab0df,SUPPORTED_BY,evidence_f0a47e6519eb5179e8ea,{},accepted
rel_00fc2be39eac5b1172eb,clause_node_dd2446e8d172e56223cf,HAS_REQUIREMENT,rule_4d72ba9cf583d569837f,{},accepted
rel_930025e4e95dae91496c,rule_4d72ba9cf583d569837f,DERIVED_FROM,clause_node_dd2446e8d172e56223cf,{},accepted
rel_5d28eb1a9f3696913363,rule_4d72ba9cf583d569837f,SUPPORTED_BY,evidence_f0a47e6519eb5179e8ea,{},accepted
rel_96877aa78089f0beac42,clause_node_8df533e7d86e220a5dfc,HAS_REQUIREMENT,rule_552db97b2a7d914180bc,{},accepted
rel_a48df1f23cee91aad6fb,rule_552db97b2a7d914180bc,DERIVED_FROM,clause_node_8df533e7d86e220a5dfc,{},accepted
rel_23d3d7f1b4d06279e995,rule_552db97b2a7d914180bc,SUPPORTED_BY,evidence_0e9e08a1ffd2a4d4365a,{},accepted
rel_bd7904b6a672218fbdc0,standard_node_52c1b52c1f4b0df77db4,HAS_CLAUSE,clause_node_fc4c33ec874044180315,{},accepted
rel_acb09c233bc390e07a06,clause_node_fc4c33ec874044180315,HAS_REQUIREMENT,rule_01280fc2417d41e4bfa0,{},accepted
rel_2977c101e75104105136,rule_01280fc2417d41e4bfa0,DERIVED_FROM,clause_node_fc4c33ec874044180315,{},accepted
rel_b6cb54540fdd7b3bf30d,rule_01280fc2417d41e4bfa0,SUPPORTED_BY,evidence_304a997272e0eea3d892,{},accepted
rel_babe3d5930ee99c460e3,clause_node_a5b79a26d10549c2820e,HAS_REQUIREMENT,rule_8723474555819ea7bd05,{},accepted
rel_e377dc94d6f3f1c38e79,rule_8723474555819ea7bd05,DERIVED_FROM,clause_node_a5b79a26d10549c2820e,{},accepted
rel_8718e68cfddaa373e73d,rule_8723474555819ea7bd05,SUPPORTED_BY,evidence_958178fea81bfde536ef,{},accepted
rel_a3ebcc37df0e36a5f56d,clause_node_a5b79a26d10549c2820e,HAS_REQUIREMENT,rule_f19ac5ea8977c9e8b7b8,{},accepted
rel_a3b82585c994a410c3af,rule_f19ac5ea8977c9e8b7b8,DERIVED_FROM,clause_node_a5b79a26d10549c2820e,{},accepted
rel_67a9c804b18f37eceefa,rule_f19ac5ea8977c9e8b7b8,SUPPORTED_BY,evidence_958178fea81bfde536ef,{},accepted
rel_8ce9040d5eeee9a13572,clause_node_8df533e7d86e220a5dfc,HAS_REQUIREMENT,rule_9dc8d3fab9426146a555,{},accepted
rel_885085cc24ea75c59c8f,rule_9dc8d3fab9426146a555,DERIVED_FROM,clause_node_8df533e7d86e220a5dfc,{},accepted
rel_a5d088b5930153a6735c,rule_9dc8d3fab9426146a555,SUPPORTED_BY,evidence_1ed828eb18a2de9b575d,{},accepted
rel_afbc02018ed1d6542dcb,clause_node_8df533e7d86e220a5dfc,HAS_REQUIREMENT,rule_40ffd0a6bb5aea4d7a94,{},accepted
rel_60d529c1b30bce38db96,rule_40ffd0a6bb5aea4d7a94,DERIVED_FROM,clause_node_8df533e7d86e220a5dfc,{},accepted
rel_b6890fa372fce6399831,rule_40ffd0a6bb5aea4d7a94,SUPPORTED_BY,evidence_1ed828eb18a2de9b575d,{},accepted
rel_0cf6b6ffe8c88208f97d,standard_node_52c1b52c1f4b0df77db4,HAS_CLAUSE,clause_node_2f34e722eea72321e113,{},accepted
rel_96e431271480ba5ddcde,clause_node_2f34e722eea72321e113,HAS_REQUIREMENT,rule_5a17c37b45d1ccdce6c5,{},accepted
rel_d49007c872d58e82a37a,rule_5a17c37b45d1ccdce6c5,DERIVED_FROM,clause_node_2f34e722eea72321e113,{},accepted
rel_5fc58c69e58a1bc7354e,rule_5a17c37b45d1ccdce6c5,SUPPORTED_BY,evidence_2b288e2c786830815e70,{},accepted
rel_79153eca2845589b8438,clause_node_2f34e722eea72321e113,HAS_REQUIREMENT,rule_4d49bce541cc81a3d488,{},accepted
rel_1fca0ad79530cbae186c,rule_4d49bce541cc81a3d488,DERIVED_FROM,clause_node_2f34e722eea72321e113,{},accepted
rel_8fa26049530527d97746,rule_4d49bce541cc81a3d488,SUPPORTED_BY,evidence_2b288e2c786830815e70,{},accepted
rel_1197c1b7463403a4f512,clause_node_2f34e722eea72321e113,HAS_REQUIREMENT,rule_9ee4cf424d2a355bbf77,{},accepted
rel_513147a9612715217236,rule_9ee4cf424d2a355bbf77,DERIVED_FROM,clause_node_2f34e722eea72321e113,{},accepted
rel_3dd651f65890f3852d0a,rule_9ee4cf424d2a355bbf77,SUPPORTED_BY,evidence_2b288e2c786830815e70,{},accepted
rel_7345912d40b36fe9cbfe,standard_node_52c1b52c1f4b0df77db4,HAS_CLAUSE,clause_node_86c00b4d5aa23c8f14aa,{},accepted
rel_b60856a96471d085e71a,clause_node_86c00b4d5aa23c8f14aa,HAS_REQUIREMENT,rule_2484c456cf60e7db3aab,{},accepted
rel_9623cfcd1fe7657b32cc,rule_2484c456cf60e7db3aab,DERIVED_FROM,clause_node_86c00b4d5aa23c8f14aa,{},accepted
rel_ed7821e186e24a572f8c,rule_2484c456cf60e7db3aab,SUPPORTED_BY,evidence_e08933c2ea094bb5a3d6,{},accepted
rel_b60ff1053bae520ead8d,clause_node_86c00b4d5aa23c8f14aa,HAS_REQUIREMENT,rule_da961fe642d7df64633a,{},accepted
rel_e373cc20f66834fd0a61,rule_da961fe642d7df64633a,DERIVED_FROM,clause_node_86c00b4d5aa23c8f14aa,{},accepted
rel_7d2a35fb583afe6e2041,rule_da961fe642d7df64633a,SUPPORTED_BY,evidence_e08933c2ea094bb5a3d6,{},accepted
rel_5b6001004e736d0e0850,clause_node_86c00b4d5aa23c8f14aa,HAS_REQUIREMENT,rule_8e2724ed613edc0e5c1c,{},accepted
rel_60cc327dd491ffd77665,rule_8e2724ed613edc0e5c1c,DERIVED_FROM,clause_node_86c00b4d5aa23c8f14aa,{},accepted
rel_20191354613b708676c9,rule_8e2724ed613edc0e5c1c,SUPPORTED_BY,evidence_e08933c2ea094bb5a3d6,{},accepted
rel_febbd8aec3a2465178f2,standard_node_52c1b52c1f4b0df77db4,HAS_CLAUSE,clause_node_eb938f07e048274fd614,{},accepted
rel_d888991678b86292a3e0,clause_node_eb938f07e048274fd614,HAS_REQUIREMENT,rule_458c26a8bd5bb2ef2ffd,{},accepted
rel_891fb0542405a575dfb4,rule_458c26a8bd5bb2ef2ffd,DERIVED_FROM,clause_node_eb938f07e048274fd614,{},accepted
rel_c182bfabe90d80173fbb,rule_458c26a8bd5bb2ef2ffd,SUPPORTED_BY,evidence_acc1737f870b198e3e04,{},accepted
rel_0745631352738f5989b5,standard_node_52c1b52c1f4b0df77db4,HAS_CLAUSE,clause_node_795e5a8dba805147c746,{},accepted
rel_f4f51965a6a0a94003cd,clause_node_795e5a8dba805147c746,HAS_REQUIREMENT,rule_d1557706ec4fe6423ddd,{},accepted
rel_5904de7111d4eaf6245f,rule_d1557706ec4fe6423ddd,DERIVED_FROM,clause_node_795e5a8dba805147c746,{},accepted
rel_cccfcc7267bd945e583a,rule_d1557706ec4fe6423ddd,SUPPORTED_BY,evidence_a9d595e908bfc66bcbd5,{},accepted
rel_88e797f8aea73bc9283c,clause_node_795e5a8dba805147c746,HAS_REQUIREMENT,rule_54fcfe50b78242c8cedb,{},accepted
rel_e578369ac6f2eb258142,rule_54fcfe50b78242c8cedb,DERIVED_FROM,clause_node_795e5a8dba805147c746,{},accepted
rel_72ef0c12cc05403ada28,rule_54fcfe50b78242c8cedb,SUPPORTED_BY,evidence_a9d595e908bfc66bcbd5,{},accepted
rel_1560966605307b733e03,clause_node_795e5a8dba805147c746,HAS_REQUIREMENT,rule_951c59fae73174596d79,{},accepted
rel_8be232f9e3674cf88e69,rule_951c59fae73174596d79,DERIVED_FROM,clause_node_795e5a8dba805147c746,{},accepted
rel_9c0f60b47a75ef3fdde1,rule_951c59fae73174596d79,SUPPORTED_BY,evidence_a9d595e908bfc66bcbd5,{},accepted
rel_d1d8eb1d823eaf2a0913,standard_node_52c1b52c1f4b0df77db4,HAS_CLAUSE,clause_node_b4c9d472083a3c7a599f,{},accepted
rel_f9d09b68f79bcd06c1b0,clause_node_b4c9d472083a3c7a599f,HAS_REQUIREMENT,rule_1268d94c2ca772bd5f0a,{},accepted
rel_bbf4b33e4c3bc136a234,rule_1268d94c2ca772bd5f0a,DERIVED_FROM,clause_node_b4c9d472083a3c7a599f,{},accepted
rel_67ad055d7cb0b13e9f36,rule_1268d94c2ca772bd5f0a,SUPPORTED_BY,evidence_dfef438a6882e0619160,{},accepted
rel_0c99ec7fc51662590b28,standard_node_52c1b52c1f4b0df77db4,HAS_CLAUSE,clause_node_665c8d29d7ede47ba795,{},accepted
rel_48b30ecd173598d01703,clause_node_665c8d29d7ede47ba795,HAS_REQUIREMENT,rule_a0dcda2c66bf00288267,{},accepted
rel_70f49f0a9e54ae36579f,rule_a0dcda2c66bf00288267,DERIVED_FROM,clause_node_665c8d29d7ede47ba795,{},accepted
rel_6fb9f28fbd85a885282f,rule_a0dcda2c66bf00288267,SUPPORTED_BY,evidence_9cb891315cb853701fa5,{},accepted
rel_c00128d1dcf69519ad4a,standard_node_52c1b52c1f4b0df77db4,HAS_CLAUSE,clause_node_acad2004c47df129429f,{},accepted
rel_90d24e7783673f2a00ef,clause_node_acad2004c47df129429f,HAS_REQUIREMENT,rule_7616e47ed4d4dbdf07a6,{},accepted
rel_a0c0924288a2ddbe111a,rule_7616e47ed4d4dbdf07a6,DERIVED_FROM,clause_node_acad2004c47df129429f,{},accepted
rel_4af17ed072a721a56f5d,rule_7616e47ed4d4dbdf07a6,SUPPORTED_BY,evidence_cb5f6de4a9a8478b9fa5,{},accepted
rel_9aaa8e92cd0f3665f41c,clause_node_acad2004c47df129429f,HAS_REQUIREMENT,rule_cb9628fa804033946e2a,{},accepted
rel_79ecf8fb746e79036a99,rule_cb9628fa804033946e2a,DERIVED_FROM,clause_node_acad2004c47df129429f,{},accepted
rel_072873927b19a6dc5f22,rule_cb9628fa804033946e2a,SUPPORTED_BY,evidence_cb5f6de4a9a8478b9fa5,{},accepted
rel_c64c30c292b9fb888c77,standard_node_52c1b52c1f4b0df77db4,HAS_CLAUSE,clause_node_3f78cb21854e3a22a1b2,{},accepted
rel_04865dffb55f094c5d6f,clause_node_3f78cb21854e3a22a1b2,HAS_REQUIREMENT,rule_aeac9381cb79ef9b9fba,{},accepted
rel_b718b6853f2a51106e4e,rule_aeac9381cb79ef9b9fba,DERIVED_FROM,clause_node_3f78cb21854e3a22a1b2,{},accepted
rel_07bdd022d85017b02df0,rule_aeac9381cb79ef9b9fba,SUPPORTED_BY,evidence_2b4af3daa03175f1218b,{},accepted
rel_3d42611af491376c9160,clause_node_3f78cb21854e3a22a1b2,HAS_REQUIREMENT,rule_0244f7b97dce7ea7f8ad,{},accepted
rel_987d786afa1fa37cdd86,rule_0244f7b97dce7ea7f8ad,DERIVED_FROM,clause_node_3f78cb21854e3a22a1b2,{},accepted
rel_e7a1735207e383fcb009,rule_0244f7b97dce7ea7f8ad,SUPPORTED_BY,evidence_2b4af3daa03175f1218b,{},accepted
rel_05c471837c047a9146e2,standard_node_52c1b52c1f4b0df77db4,HAS_CLAUSE,clause_node_905132655390818d1173,{},accepted
rel_6e8d83890a451d3eda97,clause_node_905132655390818d1173,HAS_REQUIREMENT,rule_cd500ca77db2a39b1314,{},accepted
rel_500692b819dc5e4494fb,rule_cd500ca77db2a39b1314,DERIVED_FROM,clause_node_905132655390818d1173,{},accepted
rel_f2a6678d6810ac1255f5,rule_cd500ca77db2a39b1314,SUPPORTED_BY,evidence_0283bd147bce53d1ab60,{},accepted
rel_ed5fd320d03c05937878,clause_node_a5b79a26d10549c2820e,HAS_REQUIREMENT,rule_568275c996b184be1d17,{},accepted
rel_bf494ad9bc5f805bab55,rule_568275c996b184be1d17,DERIVED_FROM,clause_node_a5b79a26d10549c2820e,{},accepted
rel_44903a504fe9352a2638,rule_568275c996b184be1d17,SUPPORTED_BY,evidence_d804d5d17621a4234961,{},accepted
rel_cd4312b31afb7a849e45,clause_node_a5b79a26d10549c2820e,HAS_REQUIREMENT,rule_10c5c84c73434b61e63f,{},accepted
rel_2a7b07d8b8e24d097972,rule_10c5c84c73434b61e63f,DERIVED_FROM,clause_node_a5b79a26d10549c2820e,{},accepted
rel_db5b3cd1428333092a3d,rule_10c5c84c73434b61e63f,SUPPORTED_BY,evidence_d804d5d17621a4234961,{},accepted
rel_05e341108c2d954f7b3b,clause_node_dd2446e8d172e56223cf,HAS_REQUIREMENT,rule_72ad566a4eec5c2946b7,{},accepted
rel_8c793f0e0142e0cb715d,rule_72ad566a4eec5c2946b7,DERIVED_FROM,clause_node_dd2446e8d172e56223cf,{},accepted
rel_87e2400f9a25d5e3098b,rule_72ad566a4eec5c2946b7,SUPPORTED_BY,evidence_b3f75e83d6fc80951dcf,{},accepted
rel_4a34b442fb483ca43178,clause_node_dd2446e8d172e56223cf,HAS_REQUIREMENT,rule_d96f69ffa5486a2696b9,{},accepted
rel_8108ce3bd44e9dee6556,rule_d96f69ffa5486a2696b9,DERIVED_FROM,clause_node_dd2446e8d172e56223cf,{},accepted
rel_8e16afb6d7d6054a0060,rule_d96f69ffa5486a2696b9,SUPPORTED_BY,evidence_b3f75e83d6fc80951dcf,{},accepted
rel_e431ddf28c89a2cc6603,clause_node_a5b79a26d10549c2820e,HAS_REQUIREMENT,rule_5208f5941907e8b9a225,{},accepted
rel_80588adfb60f96b99720,rule_5208f5941907e8b9a225,DERIVED_FROM,clause_node_a5b79a26d10549c2820e,{},accepted
rel_3b0751dde26966562428,rule_5208f5941907e8b9a225,SUPPORTED_BY,evidence_a162b4724afd493d3423,{},accepted
rel_72f85fa03967039722ef,clause_node_a5b79a26d10549c2820e,HAS_REQUIREMENT,rule_b65b9eb567e18cca4329,{},accepted
rel_1be9812a9d59a81d17d1,rule_b65b9eb567e18cca4329,DERIVED_FROM,clause_node_a5b79a26d10549c2820e,{},accepted
rel_d262b594fa4621be6ca4,rule_b65b9eb567e18cca4329,SUPPORTED_BY,evidence_a162b4724afd493d3423,{},accepted
rel_a739a31c85d1237f24c7,clause_node_dd2446e8d172e56223cf,HAS_REQUIREMENT,rule_d5e45ec3b24f44c9cb38,{},accepted
rel_a8d581d1b7828fa7da8b,rule_d5e45ec3b24f44c9cb38,DERIVED_FROM,clause_node_dd2446e8d172e56223cf,{},accepted
rel_94f3f1274f3143b77155,rule_d5e45ec3b24f44c9cb38,SUPPORTED_BY,evidence_09175e63dbc8eebe3829,{},accepted
rel_2b5376c49679c960dec6,clause_node_8df533e7d86e220a5dfc,HAS_REQUIREMENT,rule_17f6b9341d74830a6f29,{},accepted
rel_dffda689e37ad74d2ca0,rule_17f6b9341d74830a6f29,DERIVED_FROM,clause_node_8df533e7d86e220a5dfc,{},accepted
rel_442ae3ab463e9997f62d,rule_17f6b9341d74830a6f29,SUPPORTED_BY,evidence_988b710346c2e4fe2ccd,{},accepted
rel_33a23f8e20e565b88969,clause_node_8df533e7d86e220a5dfc,HAS_REQUIREMENT,rule_cee809b3f0c859612255,{},accepted
rel_9310ac4ce478c5d457af,rule_cee809b3f0c859612255,DERIVED_FROM,clause_node_8df533e7d86e220a5dfc,{},accepted
rel_d9319e0072c8b5fa4c95,rule_cee809b3f0c859612255,SUPPORTED_BY,evidence_988b710346c2e4fe2ccd,{},accepted
rel_9b5300c39f1d6d7407fe,clause_node_8df533e7d86e220a5dfc,HAS_REQUIREMENT,rule_97e1a05790be6b38b691,{},accepted
rel_5a8fb3c24614799a54e6,rule_97e1a05790be6b38b691,DERIVED_FROM,clause_node_8df533e7d86e220a5dfc,{},accepted
rel_8e150e1d9d0944ad2daf,rule_97e1a05790be6b38b691,SUPPORTED_BY,evidence_988b710346c2e4fe2ccd,{},accepted
rel_084d91f3fdc0b5e116f3,clause_node_8df533e7d86e220a5dfc,HAS_REQUIREMENT,rule_e07f623a3e8767ddeae9,{},accepted
rel_54b8788046e8a27fbdd3,rule_e07f623a3e8767ddeae9,DERIVED_FROM,clause_node_8df533e7d86e220a5dfc,{},accepted
rel_16ef5ca3a1d395c2e4b2,rule_e07f623a3e8767ddeae9,SUPPORTED_BY,evidence_988b710346c2e4fe2ccd,{},accepted
rel_9ed312dbce7c6644ac54,clause_node_e89bf991f14a298cd43e,HAS_REQUIREMENT,rule_20e75c8868cb94e1038d,{},accepted
rel_a40968fab6162499a7b3,rule_20e75c8868cb94e1038d,DERIVED_FROM,clause_node_e89bf991f14a298cd43e,{},accepted
rel_3c52b66e89bab9a1d9ab,rule_20e75c8868cb94e1038d,SUPPORTED_BY,evidence_6eee1befa84aba9d4901,{},accepted
rel_6463bbe807eb61e9a43d,clause_node_e89bf991f14a298cd43e,HAS_REQUIREMENT,rule_a4df27c4768e84973bd6,{},accepted
rel_c49aec21587d30c6a01b,rule_a4df27c4768e84973bd6,DERIVED_FROM,clause_node_e89bf991f14a298cd43e,{},accepted
rel_5c4ff69368274c6ca190,rule_a4df27c4768e84973bd6,SUPPORTED_BY,evidence_6eee1befa84aba9d4901,{},accepted
rel_e781f53390cf8a53090c,clause_node_e89bf991f14a298cd43e,HAS_REQUIREMENT,rule_eef647f2c849241a2c47,{},accepted
rel_859720f66a23e5619942,rule_eef647f2c849241a2c47,DERIVED_FROM,clause_node_e89bf991f14a298cd43e,{},accepted
rel_7336b3510e358f620cee,rule_eef647f2c849241a2c47,SUPPORTED_BY,evidence_6eee1befa84aba9d4901,{},accepted
rel_467829e54394abaf9d11,clause_node_c81db54f568e7eb328db,HAS_REQUIREMENT,rule_0a7e5fe89593d2fcf0da,{},accepted
rel_e46d2f1e6fa205bb7558,rule_0a7e5fe89593d2fcf0da,DERIVED_FROM,clause_node_c81db54f568e7eb328db,{},accepted
rel_d1b43b44e31666e7e6d9,rule_0a7e5fe89593d2fcf0da,SUPPORTED_BY,evidence_f138d9276def8c99a5ab,{},accepted
rel_ae2783b5432580e663de,clause_node_c81db54f568e7eb328db,HAS_REQUIREMENT,rule_f03d3429a33e3a689602,{},accepted
rel_77ca0770db4eff68873f,rule_f03d3429a33e3a689602,DERIVED_FROM,clause_node_c81db54f568e7eb328db,{},accepted
rel_b273ad37b6ce20a50f68,rule_f03d3429a33e3a689602,SUPPORTED_BY,evidence_f138d9276def8c99a5ab,{},accepted
rel_2e9da8fbb9738509c396,clause_node_97b873622d90286db6be,HAS_REQUIREMENT,rule_2423c1c228480bb3cc15,{},accepted
rel_84ba2b8583b2b91274fe,rule_2423c1c228480bb3cc15,DERIVED_FROM,clause_node_97b873622d90286db6be,{},accepted
rel_77459143b3e446a3605e,rule_2423c1c228480bb3cc15,SUPPORTED_BY,evidence_f8f9ff0b945a1d58ab80,{},accepted
rel_cc815c95b3579a3d262f,clause_node_97b873622d90286db6be,HAS_REQUIREMENT,rule_aeee40a543e39599d76f,{},accepted
rel_4e2fc43b15e2fbf6cec3,rule_aeee40a543e39599d76f,DERIVED_FROM,clause_node_97b873622d90286db6be,{},accepted
rel_b5d86602bb3d70bf49d3,rule_aeee40a543e39599d76f,SUPPORTED_BY,evidence_f8f9ff0b945a1d58ab80,{},accepted
rel_9ed28d9b7dc71ad75464,clause_node_97b873622d90286db6be,HAS_REQUIREMENT,rule_8748c2ae244d9efeaae9,{},accepted
rel_b3913bdf75e3461ca118,rule_8748c2ae244d9efeaae9,DERIVED_FROM,clause_node_97b873622d90286db6be,{},accepted
rel_fcee887940600039a3f5,rule_8748c2ae244d9efeaae9,SUPPORTED_BY,evidence_f8f9ff0b945a1d58ab80,{},accepted
rel_51bfea65604cdd93f0e6,clause_node_97b873622d90286db6be,HAS_REQUIREMENT,rule_1e2037a45a1efd22c865,{},accepted
rel_efd03510db2a958bce6b,rule_1e2037a45a1efd22c865,DERIVED_FROM,clause_node_97b873622d90286db6be,{},accepted
rel_a46aefb1572024fe729f,rule_1e2037a45a1efd22c865,SUPPORTED_BY,evidence_f8f9ff0b945a1d58ab80,{},accepted
rel_f6ef88ae927b57c932fd,clause_node_97b873622d90286db6be,HAS_REQUIREMENT,rule_f90d83c5fac5d17a6c40,{},accepted
rel_5dd4df55929c8e37ba02,rule_f90d83c5fac5d17a6c40,DERIVED_FROM,clause_node_97b873622d90286db6be,{},accepted
rel_ccc0dc4abf43a22e12c2,rule_f90d83c5fac5d17a6c40,SUPPORTED_BY,evidence_f8f9ff0b945a1d58ab80,{},accepted
rel_6e90267faaf413bf073e,clause_node_97b873622d90286db6be,HAS_REQUIREMENT,rule_f08fbea31c01a63546ea,{},accepted
rel_d1f53f8f51f17b32828d,rule_f08fbea31c01a63546ea,DERIVED_FROM,clause_node_97b873622d90286db6be,{},accepted
rel_aa806d2e1fad620dc904,rule_f08fbea31c01a63546ea,SUPPORTED_BY,evidence_f8f9ff0b945a1d58ab80,{},accepted
rel_1b2859ed17caf38bde0b,clause_node_a5b79a26d10549c2820e,HAS_REQUIREMENT,rule_8bd2b064d1f7cdfda0f6,{},accepted
rel_2b83c3a7e760e8ba3c61,rule_8bd2b064d1f7cdfda0f6,DERIVED_FROM,clause_node_a5b79a26d10549c2820e,{},accepted
rel_8e58601cb313ceadd24f,rule_8bd2b064d1f7cdfda0f6,SUPPORTED_BY,evidence_e326e356b82e3e83d9da,{},accepted
rel_5a38b69d01bff9820c59,clause_node_dd2446e8d172e56223cf,HAS_REQUIREMENT,rule_9907f0f1ba0110401b5d,{},accepted
rel_9dc002b2ffabde601312,rule_9907f0f1ba0110401b5d,DERIVED_FROM,clause_node_dd2446e8d172e56223cf,{},accepted
rel_069839fcde8b53960327,rule_9907f0f1ba0110401b5d,SUPPORTED_BY,evidence_2c17d98b5c097aa8a5ed,{},accepted
rel_2366320662f345e70f2c,clause_node_e89bf991f14a298cd43e,HAS_REQUIREMENT,rule_9f4f65f699736ad768c6,{},accepted
rel_215fd4afa2043def0ce1,rule_9f4f65f699736ad768c6,DERIVED_FROM,clause_node_e89bf991f14a298cd43e,{},accepted
rel_c997de71cb5dee1a101b,rule_9f4f65f699736ad768c6,SUPPORTED_BY,evidence_7ba91c39d73eb73351a6,{},accepted
rel_7359b0e1ba4c1143b62e,clause_node_e89bf991f14a298cd43e,HAS_REQUIREMENT,rule_7638b887c3a59554b907,{},accepted
rel_0c8add805079a5b3cdea,rule_7638b887c3a59554b907,DERIVED_FROM,clause_node_e89bf991f14a298cd43e,{},accepted
rel_daa9cea52ceff7863780,rule_7638b887c3a59554b907,SUPPORTED_BY,evidence_7ba91c39d73eb73351a6,{},accepted
rel_18db9e2a479a615f627e,clause_node_c81db54f568e7eb328db,HAS_REQUIREMENT,rule_784f9226624fef8581ad,{},accepted
rel_c2f737f283bfd14feb87,rule_784f9226624fef8581ad,DERIVED_FROM,clause_node_c81db54f568e7eb328db,{},accepted
rel_d1bac0e6d51dea8f3227,rule_784f9226624fef8581ad,SUPPORTED_BY,evidence_df6d287be23a97fde2d9,{},accepted
rel_303fc56258bd3ee899ab,clause_node_c81db54f568e7eb328db,HAS_REQUIREMENT,rule_537f514faa6276df08f1,{},accepted
rel_ef443b91ef7145619bbe,rule_537f514faa6276df08f1,DERIVED_FROM,clause_node_c81db54f568e7eb328db,{},accepted
rel_ed61957e62b27807cfb3,rule_537f514faa6276df08f1,SUPPORTED_BY,evidence_df6d287be23a97fde2d9,{},accepted
rel_174af9ce8021424781ce,clause_node_c81db54f568e7eb328db,HAS_REQUIREMENT,rule_d107e6274ba646a478ec,{},accepted
rel_cd2a598e75f2066cd7a6,rule_d107e6274ba646a478ec,DERIVED_FROM,clause_node_c81db54f568e7eb328db,{},accepted
rel_8b117f8104973770a9ab,rule_d107e6274ba646a478ec,SUPPORTED_BY,evidence_df6d287be23a97fde2d9,{},accepted
rel_edc862e193bf74afb82c,clause_node_97b873622d90286db6be,HAS_REQUIREMENT,rule_5872a7ec2bed1c669c08,{},accepted
rel_4bc926803735d37311f1,rule_5872a7ec2bed1c669c08,DERIVED_FROM,clause_node_97b873622d90286db6be,{},accepted
rel_98daf2052fbb1e102737,rule_5872a7ec2bed1c669c08,SUPPORTED_BY,evidence_89b97ebfa5f863bfbdc1,{},accepted
rel_df538458f161fbb46cea,clause_node_ad2db61f5b12a45e14f4,HAS_REQUIREMENT,rule_85e47a1336cad26707f9,{},accepted
rel_060a227306fa6779751f,rule_85e47a1336cad26707f9,DERIVED_FROM,clause_node_ad2db61f5b12a45e14f4,{},accepted
rel_36ffac1bd3b69c2e6554,rule_85e47a1336cad26707f9,SUPPORTED_BY,evidence_370d7e3b5d5f663726dc,{},accepted
rel_cd93688f09821d18f6d5,clause_node_ad2db61f5b12a45e14f4,HAS_REQUIREMENT,rule_f473e292818867d72e6c,{},accepted
rel_15ddde0c9073a4213ffe,rule_f473e292818867d72e6c,DERIVED_FROM,clause_node_ad2db61f5b12a45e14f4,{},accepted
rel_726daee998128a1ae098,rule_f473e292818867d72e6c,SUPPORTED_BY,evidence_370d7e3b5d5f663726dc,{},accepted
rel_a3ce816d228b63c8d640,clause_node_ad2db61f5b12a45e14f4,HAS_REQUIREMENT,rule_090e12d5f5c1aea34b94,{},accepted
rel_9ec613690fd9285fd44d,rule_090e12d5f5c1aea34b94,DERIVED_FROM,clause_node_ad2db61f5b12a45e14f4,{},accepted
rel_fb68fe92a78c15300f71,rule_090e12d5f5c1aea34b94,SUPPORTED_BY,evidence_370d7e3b5d5f663726dc,{},accepted
rel_a30971f62aae6d2201c5,clause_node_a5b79a26d10549c2820e,HAS_REQUIREMENT,rule_b4af60b1a2066c6d8d60,{},accepted
rel_be7678619f8f1e402500,rule_b4af60b1a2066c6d8d60,DERIVED_FROM,clause_node_a5b79a26d10549c2820e,{},accepted
rel_bbaf4d6eaf5e0ba2afac,rule_b4af60b1a2066c6d8d60,SUPPORTED_BY,evidence_9d2b01fbc7a4ecdaae88,{},accepted
rel_4e8a9f55005ab8e52670,clause_node_a5b79a26d10549c2820e,HAS_REQUIREMENT,rule_57cc04bc1250c7d30b02,{},accepted
rel_481f7204556ffeafebbe,rule_57cc04bc1250c7d30b02,DERIVED_FROM,clause_node_a5b79a26d10549c2820e,{},accepted
rel_5f5e58f10aefe34d91a2,rule_57cc04bc1250c7d30b02,SUPPORTED_BY,evidence_9d2b01fbc7a4ecdaae88,{},accepted
rel_91abde8fea46f444b9d9,clause_node_dd2446e8d172e56223cf,HAS_REQUIREMENT,rule_00dac4d444770769bc0d,{},accepted
rel_5cf22a166bd229099ac1,rule_00dac4d444770769bc0d,DERIVED_FROM,clause_node_dd2446e8d172e56223cf,{},accepted
rel_3fe395fb8f1655eb87f6,rule_00dac4d444770769bc0d,SUPPORTED_BY,evidence_bbb3416817d2e81ed2b4,{},accepted
rel_395973150db701693a4c,clause_node_dd2446e8d172e56223cf,HAS_REQUIREMENT,rule_2d02dc5888a8b88e62c4,{},accepted
rel_95518c88c515ede7a77e,rule_2d02dc5888a8b88e62c4,DERIVED_FROM,clause_node_dd2446e8d172e56223cf,{},accepted
rel_c3eee5817afb782c3b4e,rule_2d02dc5888a8b88e62c4,SUPPORTED_BY,evidence_61fe6257974ccc06eb23,{},accepted
rel_45b8765ccb8c7766a4ff,clause_node_8df533e7d86e220a5dfc,HAS_REQUIREMENT,rule_af66e8002be063d6cf0f,{},accepted
rel_46b9a80b25ee63013c8f,rule_af66e8002be063d6cf0f,DERIVED_FROM,clause_node_8df533e7d86e220a5dfc,{},accepted
rel_6a4dd8f450a9cce8824b,rule_af66e8002be063d6cf0f,SUPPORTED_BY,evidence_f8a2db43f6434ab69f8a,{},accepted
rel_06c1e329750e22a254f6,clause_node_e89bf991f14a298cd43e,HAS_REQUIREMENT,rule_d86cfae16b9abe3183f0,{},accepted
rel_ca9933588bcfe6f8021f,rule_d86cfae16b9abe3183f0,DERIVED_FROM,clause_node_e89bf991f14a298cd43e,{},accepted
rel_b83d0b652a77af001934,rule_d86cfae16b9abe3183f0,SUPPORTED_BY,evidence_c2d559a231d0d2a4632b,{},accepted
rel_cd02357d6d0c03e76e0e,clause_node_c81db54f568e7eb328db,HAS_REQUIREMENT,rule_bf71b18acb0e21955d06,{},accepted
rel_67e9e314b5555bc81e45,rule_bf71b18acb0e21955d06,DERIVED_FROM,clause_node_c81db54f568e7eb328db,{},accepted
rel_ecd66d7d8ef995e1705a,rule_bf71b18acb0e21955d06,SUPPORTED_BY,evidence_3e278c786b84c84bd1fa,{},accepted
rel_6f56a0a29102dc35df5b,standard_node_52c1b52c1f4b0df77db4,HAS_CLAUSE,clause_node_35e07f8c189d0263e4c3,{},accepted
rel_152fae85192a35d722d6,clause_node_35e07f8c189d0263e4c3,HAS_REQUIREMENT,rule_a91cc10e291158ff6a02,{},accepted
rel_829f1894e7026b8258b5,rule_a91cc10e291158ff6a02,DERIVED_FROM,clause_node_35e07f8c189d0263e4c3,{},accepted
rel_faa989365260faad3a2a,rule_a91cc10e291158ff6a02,SUPPORTED_BY,evidence_86e53870c9e28259dd0a,{},accepted
rel_c96c020149716e77df7c,clause_node_35e07f8c189d0263e4c3,HAS_REQUIREMENT,rule_91eb37e1e9ab2be08e3d,{},accepted
rel_641a007e34f778bc640c,rule_91eb37e1e9ab2be08e3d,DERIVED_FROM,clause_node_35e07f8c189d0263e4c3,{},accepted
rel_16a11c1196a293da3dff,rule_91eb37e1e9ab2be08e3d,SUPPORTED_BY,evidence_86e53870c9e28259dd0a,{},accepted
rel_aead711c8378e38050a8,standard_node_52c1b52c1f4b0df77db4,HAS_CLAUSE,clause_node_25ddf17223eca823944b,{},accepted
rel_8a7c1b1585a251b4cef5,clause_node_25ddf17223eca823944b,HAS_REQUIREMENT,rule_d76cc52f1f82d6b8ca02,{},accepted
rel_9abeecc478e5f768e46e,rule_d76cc52f1f82d6b8ca02,DERIVED_FROM,clause_node_25ddf17223eca823944b,{},accepted
rel_d8404d0eea7c8a5d9693,rule_d76cc52f1f82d6b8ca02,SUPPORTED_BY,evidence_4993cbe033e6cf40663e,{},accepted
rel_7c7f3315c02133eef950,standard_node_52c1b52c1f4b0df77db4,HAS_CLAUSE,clause_node_df1647f574da948fbbe6,{},accepted
rel_11c331917a3abda640b0,clause_node_df1647f574da948fbbe6,HAS_REQUIREMENT,rule_9e9c7fdb55bb703b59f1,{},accepted
rel_1ff7249d08647a06c06e,rule_9e9c7fdb55bb703b59f1,DERIVED_FROM,clause_node_df1647f574da948fbbe6,{},accepted
rel_af65810ee655c8a0a3c3,rule_9e9c7fdb55bb703b59f1,SUPPORTED_BY,evidence_d00d13923edac2340e37,{},accepted
rel_f7a105724251c3b41dfb,standard_node_52c1b52c1f4b0df77db4,HAS_CLAUSE,clause_node_913cdebfede81552c972,{},accepted
rel_e5abd5c9ac295d571261,clause_node_913cdebfede81552c972,HAS_REQUIREMENT,rule_3e09ed9361fb7de64c40,{},accepted
rel_4de5de5643ccc5bed271,rule_3e09ed9361fb7de64c40,DERIVED_FROM,clause_node_913cdebfede81552c972,{},accepted
rel_4bf7d53113ade50572cc,rule_3e09ed9361fb7de64c40,SUPPORTED_BY,evidence_3ce0e048bcf5002b8fb7,{},accepted
rel_582951f1fca6b6418ad0,clause_node_913cdebfede81552c972,HAS_REQUIREMENT,rule_8716c6d8b04f988e6251,{},accepted
rel_04f45f7fa555a5dbfe6e,rule_8716c6d8b04f988e6251,DERIVED_FROM,clause_node_913cdebfede81552c972,{},accepted
rel_6e878ca4edb2d67eee47,rule_8716c6d8b04f988e6251,SUPPORTED_BY,evidence_3ce0e048bcf5002b8fb7,{},accepted
rel_e838dd80e4a4afad21f5,standard_node_52c1b52c1f4b0df77db4,HAS_CLAUSE,clause_node_22ae894cacd7d358ca9e,{},accepted
rel_6b00a68196bec9a45277,clause_node_22ae894cacd7d358ca9e,HAS_REQUIREMENT,rule_ca0b1b1a8abc7d277c67,{},accepted
rel_696bb03257da239331de,rule_ca0b1b1a8abc7d277c67,DERIVED_FROM,clause_node_22ae894cacd7d358ca9e,{},accepted
rel_22b553a5d017b9238417,rule_ca0b1b1a8abc7d277c67,SUPPORTED_BY,evidence_f2670dfef4c9d4a69c31,{},accepted
rel_c57ad88db31e70ffff44,standard_node_52c1b52c1f4b0df77db4,HAS_CLAUSE,clause_node_c71fe88cb440d137e364,{},accepted
rel_2d70cc132d62bea43554,clause_node_c71fe88cb440d137e364,HAS_REQUIREMENT,rule_ed1845ef5a5a4d34826d,{},accepted
rel_68d348d25899b1cb46b6,rule_ed1845ef5a5a4d34826d,DERIVED_FROM,clause_node_c71fe88cb440d137e364,{},accepted
rel_07044ae20ad638603921,rule_ed1845ef5a5a4d34826d,SUPPORTED_BY,evidence_043eccc5e25e8112a22e,{},accepted
rel_4fdcf32b56c9a03f6631,standard_node_52c1b52c1f4b0df77db4,HAS_CLAUSE,clause_node_fd604f6243af1c8f879e,{},accepted
rel_48ad35ce166c6133e7f9,clause_node_fd604f6243af1c8f879e,HAS_REQUIREMENT,rule_ba027ef9d4713f1a331a,{},accepted
rel_76c10d07caae744e64e5,rule_ba027ef9d4713f1a331a,DERIVED_FROM,clause_node_fd604f6243af1c8f879e,{},accepted
rel_afeaa30db11052f1aabf,rule_ba027ef9d4713f1a331a,SUPPORTED_BY,evidence_e13092210c7f77efb6af,{},accepted
rel_71ebf9399145b445eaf7,clause_node_fd604f6243af1c8f879e,HAS_REQUIREMENT,rule_ae5fb3249c5f88bc8f50,{},accepted
rel_482f57d2b2e5c019f145,rule_ae5fb3249c5f88bc8f50,DERIVED_FROM,clause_node_fd604f6243af1c8f879e,{},accepted
rel_e5413baba69cd3665c6c,rule_ae5fb3249c5f88bc8f50,SUPPORTED_BY,evidence_e13092210c7f77efb6af,{},accepted
rel_f05c55fa95f0b45a0440,clause_node_dd2446e8d172e56223cf,HAS_REQUIREMENT,rule_cd2fb681fbf83e63747c,{},accepted
rel_60460d56f6f7acf528a1,rule_cd2fb681fbf83e63747c,DERIVED_FROM,clause_node_dd2446e8d172e56223cf,{},accepted
rel_97a9305da2a6f9ed908d,rule_cd2fb681fbf83e63747c,SUPPORTED_BY,evidence_2f908a123a8da32cf4b1,{},accepted
rel_bb093e672fbe91b34f0f,clause_node_8df533e7d86e220a5dfc,HAS_REQUIREMENT,rule_11054556b188349b33b5,{},accepted
rel_0592f5f2fc9d59cb2234,rule_11054556b188349b33b5,DERIVED_FROM,clause_node_8df533e7d86e220a5dfc,{},accepted
rel_d8aa2044a6edc5d11f0c,rule_11054556b188349b33b5,SUPPORTED_BY,evidence_678e82e26d5b8c1f3b92,{},accepted
rel_38d71a9a18ac2f54607d,clause_node_e89bf991f14a298cd43e,HAS_REQUIREMENT,rule_583794f8fda71caad764,{},accepted
rel_83f4f6241211e1a4d9e0,rule_583794f8fda71caad764,DERIVED_FROM,clause_node_e89bf991f14a298cd43e,{},accepted
rel_e70ccde4ee87642b7b58,rule_583794f8fda71caad764,SUPPORTED_BY,evidence_01a413ee0d03ea89015c,{},accepted
rel_a789d8907611c84cb04e,clause_node_c81db54f568e7eb328db,HAS_REQUIREMENT,rule_78411e314fe984a08d7c,{},accepted
rel_40c48eec6b69570961d9,rule_78411e314fe984a08d7c,DERIVED_FROM,clause_node_c81db54f568e7eb328db,{},accepted
rel_95cb3ede9d2f9d6739bb,rule_78411e314fe984a08d7c,SUPPORTED_BY,evidence_29ebd445cdea2d5ef918,{},accepted
rel_fdd63e2020930b4e0805,clause_node_97b873622d90286db6be,HAS_REQUIREMENT,rule_7690548a877f965ef3ef,{},accepted
rel_e146a07f1e8f595748d0,rule_7690548a877f965ef3ef,DERIVED_FROM,clause_node_97b873622d90286db6be,{},accepted
rel_ab7b7affdd559d18366e,rule_7690548a877f965ef3ef,SUPPORTED_BY,evidence_3a58f75c4a311ae46c12,{},accepted
rel_2d37aedb75c74c01d8d5,clause_node_b6b0919197ccc33f2494,HAS_REQUIREMENT,rule_7e4d9538875db4aebdb4,{},accepted
rel_fc9c29dd03ae1d63a101,rule_7e4d9538875db4aebdb4,DERIVED_FROM,clause_node_b6b0919197ccc33f2494,{},accepted
rel_d50df99a132d7877ed60,rule_7e4d9538875db4aebdb4,SUPPORTED_BY,evidence_d0542e372bd4b8ec8ecb,{},accepted
rel_79e61bae128481e1a970,standard_node_52c1b52c1f4b0df77db4,HAS_CLAUSE,clause_node_93a67cf26aabdf38e48f,{},accepted
rel_98a2e810efafb8ca97f4,clause_node_93a67cf26aabdf38e48f,HAS_REQUIREMENT,rule_0beb3462442986119ad4,{},accepted
rel_f50701576abd90afe1c6,rule_0beb3462442986119ad4,DERIVED_FROM,clause_node_93a67cf26aabdf38e48f,{},accepted
rel_87bbe2b490ce63e2c830,rule_0beb3462442986119ad4,SUPPORTED_BY,evidence_6eca224765fb97c46945,{},accepted
rel_b5ac9ee35e176e7866c8,clause_node_93a67cf26aabdf38e48f,HAS_REQUIREMENT,rule_ca86383e107dbc926983,{},accepted
rel_c41ec297a6081517878a,rule_ca86383e107dbc926983,DERIVED_FROM,clause_node_93a67cf26aabdf38e48f,{},accepted
rel_35c9b8343fed891b5583,rule_ca86383e107dbc926983,SUPPORTED_BY,evidence_6eca224765fb97c46945,{},accepted
rel_0e3b8e49610de0b16fd7,clause_node_a5b79a26d10549c2820e,HAS_REQUIREMENT,rule_b796fae451bf6743f8d5,{},accepted
rel_c8450ae7eeb28c03d789,rule_b796fae451bf6743f8d5,DERIVED_FROM,clause_node_a5b79a26d10549c2820e,{},accepted
rel_91958f40f6cc84347dca,rule_b796fae451bf6743f8d5,SUPPORTED_BY,evidence_51ed570a6d5572bc7ffe,{},accepted
rel_7eee09b23f5f1174cf79,clause_node_a5b79a26d10549c2820e,HAS_REQUIREMENT,rule_7a592f629c8d811a6ffe,{},accepted
rel_e05d11f9ecbc8927dcb1,rule_7a592f629c8d811a6ffe,DERIVED_FROM,clause_node_a5b79a26d10549c2820e,{},accepted
rel_0a430bd067d736685a85,rule_7a592f629c8d811a6ffe,SUPPORTED_BY,evidence_51ed570a6d5572bc7ffe,{},accepted
rel_2fe005920c6e2f81f4a1,clause_node_a5b79a26d10549c2820e,HAS_REQUIREMENT,rule_0c15dad6194d68b66779,{},accepted
rel_d4db14f0df821d9aa8e8,rule_0c15dad6194d68b66779,DERIVED_FROM,clause_node_a5b79a26d10549c2820e,{},accepted
rel_947c8d3546b134ed97de,rule_0c15dad6194d68b66779,SUPPORTED_BY,evidence_51ed570a6d5572bc7ffe,{},accepted
rel_a8ec3b9085abf7fbe6e0,clause_node_dd2446e8d172e56223cf,HAS_REQUIREMENT,rule_aca13b23f871bfc5b524,{},accepted
rel_3db7d841346ad1041304,rule_aca13b23f871bfc5b524,DERIVED_FROM,clause_node_dd2446e8d172e56223cf,{},accepted
rel_d90eaa5434a9acb2703e,rule_aca13b23f871bfc5b524,SUPPORTED_BY,evidence_02f13b84395a3181f742,{},accepted
rel_4934a8cf457f29863e52,clause_node_dd2446e8d172e56223cf,HAS_REQUIREMENT,rule_02dab5601a50bbd1619b,{},accepted
rel_c035f10894665d679758,rule_02dab5601a50bbd1619b,DERIVED_FROM,clause_node_dd2446e8d172e56223cf,{},accepted
rel_cb69f9501616857ea97e,rule_02dab5601a50bbd1619b,SUPPORTED_BY,evidence_02f13b84395a3181f742,{},accepted
rel_8190266d9ea8694c55a2,clause_node_dd2446e8d172e56223cf,HAS_REQUIREMENT,rule_f1c910f1b65b7cb2b8c0,{},accepted
rel_ca2a5d8336c708220011,rule_f1c910f1b65b7cb2b8c0,DERIVED_FROM,clause_node_dd2446e8d172e56223cf,{},accepted
rel_4fa46fece7ba796ec23d,rule_f1c910f1b65b7cb2b8c0,SUPPORTED_BY,evidence_02f13b84395a3181f742,{},accepted
rel_6aa12d2e5b50d00deae1,clause_node_dd2446e8d172e56223cf,HAS_REQUIREMENT,rule_05fb2151d7fc6836c8fb,{},accepted
rel_79abc2e9160b6a3f3ff5,rule_05fb2151d7fc6836c8fb,DERIVED_FROM,clause_node_dd2446e8d172e56223cf,{},accepted
rel_5b94b0358765bb626462,rule_05fb2151d7fc6836c8fb,SUPPORTED_BY,evidence_02f13b84395a3181f742,{},accepted
rel_ce979f98c2eb961baa55,clause_node_dd2446e8d172e56223cf,HAS_REQUIREMENT,rule_9cbd38eacc0e2f4b41e7,{},accepted
rel_ebd0346879b6f56eb35f,rule_9cbd38eacc0e2f4b41e7,DERIVED_FROM,clause_node_dd2446e8d172e56223cf,{},accepted
rel_544e479697fd02b5ca24,rule_9cbd38eacc0e2f4b41e7,SUPPORTED_BY,evidence_02f13b84395a3181f742,{},accepted
rel_5da7f90544638af8a446,clause_node_a5b79a26d10549c2820e,HAS_REQUIREMENT,rule_fb84a0c3d0c1f6edb585,{},accepted
rel_0dfa2cafd904eb89649a,rule_fb84a0c3d0c1f6edb585,DERIVED_FROM,clause_node_a5b79a26d10549c2820e,{},accepted
rel_48ec26a55e6369ad1e9d,rule_fb84a0c3d0c1f6edb585,SUPPORTED_BY,evidence_7990bcf72304843fc88d,{},accepted
rel_1b66418854ecea0d973a,clause_node_dd2446e8d172e56223cf,HAS_REQUIREMENT,rule_7b8379f1506d5d32fef4,{},accepted
rel_38a4e75b1e7af48a50b0,rule_7b8379f1506d5d32fef4,DERIVED_FROM,clause_node_dd2446e8d172e56223cf,{},accepted
rel_fe896c99b424e8a9ca69,rule_7b8379f1506d5d32fef4,SUPPORTED_BY,evidence_525e95d6f05733d62ad7,{},accepted
rel_e95d564275dcfa62e7a6,clause_node_8df533e7d86e220a5dfc,HAS_REQUIREMENT,rule_74424a9bf910dcca39c2,{},accepted
rel_f9d07ad455899c838626,rule_74424a9bf910dcca39c2,DERIVED_FROM,clause_node_8df533e7d86e220a5dfc,{},accepted
rel_d8b36a8ea354c997e272,rule_74424a9bf910dcca39c2,SUPPORTED_BY,evidence_f04a65f50c8348ea2d26,{},accepted
rel_694aa245b95673938701,clause_node_e89bf991f14a298cd43e,HAS_REQUIREMENT,rule_3a089ee78f876800252f,{},accepted
rel_3e95575952ff53e198dc,rule_3a089ee78f876800252f,DERIVED_FROM,clause_node_e89bf991f14a298cd43e,{},accepted
rel_c4cbe6d837228fbe60ea,rule_3a089ee78f876800252f,SUPPORTED_BY,evidence_b2d2ef3ba119303e0acd,{},accepted
rel_38002aacc31b1aba4035,clause_node_e89bf991f14a298cd43e,HAS_REQUIREMENT,rule_a57b771a46ba9b6ebea4,{},accepted
rel_1ba471b7ee34bea4ffbf,rule_a57b771a46ba9b6ebea4,DERIVED_FROM,clause_node_e89bf991f14a298cd43e,{},accepted
rel_d84043ce91c14fdbb5f1,rule_a57b771a46ba9b6ebea4,SUPPORTED_BY,evidence_b2d2ef3ba119303e0acd,{},accepted
rel_c6cb37a12197f814d092,clause_node_e89bf991f14a298cd43e,HAS_REQUIREMENT,rule_22f85964d4f8b06d36bf,{},accepted
rel_ec5fb1cf6f3546c6f50b,rule_22f85964d4f8b06d36bf,DERIVED_FROM,clause_node_e89bf991f14a298cd43e,{},accepted
rel_5a938dd5f72ad0f411c1,rule_22f85964d4f8b06d36bf,SUPPORTED_BY,evidence_b2d2ef3ba119303e0acd,{},accepted
rel_5513cb794b4ab75410db,clause_node_e89bf991f14a298cd43e,HAS_REQUIREMENT,rule_7ebbf7337d4d9ce47fc5,{},accepted
rel_12dece1c14b5d9a2ed75,rule_7ebbf7337d4d9ce47fc5,DERIVED_FROM,clause_node_e89bf991f14a298cd43e,{},accepted
rel_ddf453a5dab5b416f1f1,rule_7ebbf7337d4d9ce47fc5,SUPPORTED_BY,evidence_b2d2ef3ba119303e0acd,{},accepted
rel_ae1d077ba6bf416c729d,clause_node_e89bf991f14a298cd43e,HAS_REQUIREMENT,rule_eb6fe1d32443fd3c21dd,{},accepted
rel_dceaac79762f3f10c3af,rule_eb6fe1d32443fd3c21dd,DERIVED_FROM,clause_node_e89bf991f14a298cd43e,{},accepted
rel_4cf15e693269285e4dec,rule_eb6fe1d32443fd3c21dd,SUPPORTED_BY,evidence_b2d2ef3ba119303e0acd,{},accepted
rel_fa7b88e5c6381196e130,standard_node_52c1b52c1f4b0df77db4,HAS_CLAUSE,clause_node_accf453c1e348cf3862e,{},accepted
rel_d72f6c2fc272b6bf82f5,clause_node_accf453c1e348cf3862e,HAS_REQUIREMENT,rule_094f5fa2bc4145a9c499,{},accepted
rel_f0b6b925e63d04c88693,rule_094f5fa2bc4145a9c499,DERIVED_FROM,clause_node_accf453c1e348cf3862e,{},accepted
rel_f49a84536bad637df147,rule_094f5fa2bc4145a9c499,SUPPORTED_BY,evidence_4e2339d17214a6f78ec7,{},accepted
rel_555be75dea2a4bcdbfba,clause_node_a5b79a26d10549c2820e,HAS_REQUIREMENT,rule_42271e3e54ce9e5b00e2,{},accepted
rel_cfc26fd008cf8c1396f6,rule_42271e3e54ce9e5b00e2,DERIVED_FROM,clause_node_a5b79a26d10549c2820e,{},accepted
rel_eeaa23262f6af5d4ce0d,rule_42271e3e54ce9e5b00e2,SUPPORTED_BY,evidence_86844bd67d8cb1a2a4c3,{},accepted
rel_39364ded08b437588898,clause_node_dd2446e8d172e56223cf,HAS_REQUIREMENT,rule_28b89ae40346e2b2fddb,{},accepted
rel_d7220e0690654c93ac74,rule_28b89ae40346e2b2fddb,DERIVED_FROM,clause_node_dd2446e8d172e56223cf,{},accepted
rel_847805ff97a24accc76d,rule_28b89ae40346e2b2fddb,SUPPORTED_BY,evidence_4276682afb8b188a2319,{},accepted
rel_26b1a2dcbbc28d30cda4,clause_node_dd2446e8d172e56223cf,HAS_REQUIREMENT,rule_84cb9deef26888f917e2,{},accepted
rel_159a5b213933c75b1060,rule_84cb9deef26888f917e2,DERIVED_FROM,clause_node_dd2446e8d172e56223cf,{},accepted
rel_ee93546e959d693635f8,rule_84cb9deef26888f917e2,SUPPORTED_BY,evidence_4276682afb8b188a2319,{},accepted
rel_893065b0d7227065c719,clause_node_8df533e7d86e220a5dfc,HAS_REQUIREMENT,rule_76886b31ee28371f4974,{},accepted
rel_44cfeebe4be5b91e0a11,rule_76886b31ee28371f4974,DERIVED_FROM,clause_node_8df533e7d86e220a5dfc,{},accepted
rel_ec03afd88e55b498fd26,rule_76886b31ee28371f4974,SUPPORTED_BY,evidence_2926b5ca6e9a809c53aa,{},accepted
rel_6273d62c782457b13ff9,clause_node_8df533e7d86e220a5dfc,HAS_REQUIREMENT,rule_cb4bf245aac4a6ec4c61,{},accepted
rel_3af8883349304ced09ef,rule_cb4bf245aac4a6ec4c61,DERIVED_FROM,clause_node_8df533e7d86e220a5dfc,{},accepted
rel_b07de8fce6c3efadb45b,rule_cb4bf245aac4a6ec4c61,SUPPORTED_BY,evidence_2926b5ca6e9a809c53aa,{},accepted
rel_9ad9a4cd50b0a4a599c4,clause_node_8df533e7d86e220a5dfc,HAS_REQUIREMENT,rule_fcb4814e40d259eb7cbf,{},accepted
rel_a82ae6ba299e597dd473,rule_fcb4814e40d259eb7cbf,DERIVED_FROM,clause_node_8df533e7d86e220a5dfc,{},accepted
rel_35e22d359386d294baf6,rule_fcb4814e40d259eb7cbf,SUPPORTED_BY,evidence_2926b5ca6e9a809c53aa,{},accepted
rel_4dfafe556d6cd38c3498,clause_node_8df533e7d86e220a5dfc,HAS_REQUIREMENT,rule_da59909df6b48dc42a4c,{},accepted
rel_04e2168039aa72837366,rule_da59909df6b48dc42a4c,DERIVED_FROM,clause_node_8df533e7d86e220a5dfc,{},accepted
rel_46cf439b893c016f4ea3,rule_da59909df6b48dc42a4c,SUPPORTED_BY,evidence_2926b5ca6e9a809c53aa,{},accepted
rel_f5d40ee7c4abf5caf394,clause_node_e89bf991f14a298cd43e,HAS_REQUIREMENT,rule_0eaf104ccf423849c2a3,{},accepted
rel_58901d4cf8b8b77c36e2,rule_0eaf104ccf423849c2a3,DERIVED_FROM,clause_node_e89bf991f14a298cd43e,{},accepted
rel_f012f9db8b3adf569c07,rule_0eaf104ccf423849c2a3,SUPPORTED_BY,evidence_979e51a63b3404a8b55d,{},accepted
rel_c0c24a3c884c4af6226e,clause_node_e89bf991f14a298cd43e,HAS_REQUIREMENT,rule_2cadd6df5947e1663a98,{},accepted
rel_c6763c246c65e2c363a8,rule_2cadd6df5947e1663a98,DERIVED_FROM,clause_node_e89bf991f14a298cd43e,{},accepted
rel_75e35842f8a5e200f8be,rule_2cadd6df5947e1663a98,SUPPORTED_BY,evidence_979e51a63b3404a8b55d,{},accepted
rel_b6bb05540e40155ebad3,standard_node_52c1b52c1f4b0df77db4,HAS_CLAUSE,clause_node_aca1626679c3030af630,{},accepted
rel_7cb195f8a9f82e71350b,clause_node_aca1626679c3030af630,HAS_REQUIREMENT,rule_d1d914bc95c41dcaf61c,{},accepted
rel_45e9859b79c0233aa272,rule_d1d914bc95c41dcaf61c,DERIVED_FROM,clause_node_aca1626679c3030af630,{},accepted
rel_d7d1e979d24627f71444,rule_d1d914bc95c41dcaf61c,SUPPORTED_BY,evidence_b8304e0df356a384f363,{},accepted
rel_04712255dbeb0ab65e58,clause_node_aca1626679c3030af630,HAS_REQUIREMENT,rule_f3a9782d16abb6fbcb1f,{},accepted
rel_37702fb58b7abd86fa09,rule_f3a9782d16abb6fbcb1f,DERIVED_FROM,clause_node_aca1626679c3030af630,{},accepted
rel_08cdbe8d2ab0f9a5884c,rule_f3a9782d16abb6fbcb1f,SUPPORTED_BY,evidence_b8304e0df356a384f363,{},accepted
rel_8a53cb825b52103f602e,clause_node_aca1626679c3030af630,HAS_REQUIREMENT,rule_de90f3e6be97f869f3e3,{},accepted
rel_08f151f25ff98b102296,rule_de90f3e6be97f869f3e3,DERIVED_FROM,clause_node_aca1626679c3030af630,{},accepted
rel_6051d264cac056184f91,rule_de90f3e6be97f869f3e3,SUPPORTED_BY,evidence_b8304e0df356a384f363,{},accepted
rel_d00c5f6fd29c43d2ffb8,clause_node_aca1626679c3030af630,HAS_REQUIREMENT,rule_0b6e5be98ea2bd762f0a,{},accepted
rel_d978e3c2cc3958d5587e,rule_0b6e5be98ea2bd762f0a,DERIVED_FROM,clause_node_aca1626679c3030af630,{},accepted
rel_37265507ef6426b3c6d3,rule_0b6e5be98ea2bd762f0a,SUPPORTED_BY,evidence_b8304e0df356a384f363,{},accepted
rel_1a9421a9683c63be19a7,clause_node_aca1626679c3030af630,HAS_REQUIREMENT,rule_999dbbd404a0d544be3c,{},accepted
rel_2e79e022c6ff854c10f9,rule_999dbbd404a0d544be3c,DERIVED_FROM,clause_node_aca1626679c3030af630,{},accepted
rel_524ea8b3533bf28a2270,rule_999dbbd404a0d544be3c,SUPPORTED_BY,evidence_b8304e0df356a384f363,{},accepted
rel_8822f198b6729fa86eda,clause_node_a5b79a26d10549c2820e,HAS_REQUIREMENT,rule_09a0dcce04a57a8c1f65,{},accepted
rel_7640ec0c0289c118945f,rule_09a0dcce04a57a8c1f65,DERIVED_FROM,clause_node_a5b79a26d10549c2820e,{},accepted
rel_eb0a28eae80a74dc8c81,rule_09a0dcce04a57a8c1f65,SUPPORTED_BY,evidence_c98ff6e77764155e8133,{},accepted
rel_8ea8de840ea6534fb69c,clause_node_a5b79a26d10549c2820e,HAS_REQUIREMENT,rule_efe19200ff0bab8d5e99,{},accepted
rel_75eb011e75dfa6d576db,rule_efe19200ff0bab8d5e99,DERIVED_FROM,clause_node_a5b79a26d10549c2820e,{},accepted
rel_e04b61ba74821dfc9798,rule_efe19200ff0bab8d5e99,SUPPORTED_BY,evidence_c98ff6e77764155e8133,{},accepted
rel_85dc0d62f991f86198e0,clause_node_a5b79a26d10549c2820e,HAS_REQUIREMENT,rule_c43d848bab421d92c40d,{},accepted
rel_e752cc22170603d4d994,rule_c43d848bab421d92c40d,DERIVED_FROM,clause_node_a5b79a26d10549c2820e,{},accepted
rel_c3fb8c492a565aa249e8,rule_c43d848bab421d92c40d,SUPPORTED_BY,evidence_c98ff6e77764155e8133,{},accepted
rel_6c9befccecd8702c5eb7,clause_node_a5b79a26d10549c2820e,HAS_REQUIREMENT,rule_ee33d3998838adbacaf6,{},accepted
rel_1d9bc68e170bd44f2352,rule_ee33d3998838adbacaf6,DERIVED_FROM,clause_node_a5b79a26d10549c2820e,{},accepted
rel_1543acb9245d3fe48dc6,rule_ee33d3998838adbacaf6,SUPPORTED_BY,evidence_c98ff6e77764155e8133,{},accepted
rel_3615eb34b46468f4de7f,clause_node_a5b79a26d10549c2820e,HAS_REQUIREMENT,rule_8be1bdbaf92ad1c84bf3,{},accepted
rel_c8b49491e0a4a8d0b3c2,rule_8be1bdbaf92ad1c84bf3,DERIVED_FROM,clause_node_a5b79a26d10549c2820e,{},accepted
rel_a485028d26c7d41fcf66,rule_8be1bdbaf92ad1c84bf3,SUPPORTED_BY,evidence_c98ff6e77764155e8133,{},accepted
rel_4e5792e9b8e74d239972,clause_node_a5b79a26d10549c2820e,HAS_REQUIREMENT,rule_a45e7e97bc893e253930,{},accepted
rel_26130b64c457a2ea3ee8,rule_a45e7e97bc893e253930,DERIVED_FROM,clause_node_a5b79a26d10549c2820e,{},accepted
rel_125ae72d44951f8a885f,rule_a45e7e97bc893e253930,SUPPORTED_BY,evidence_c98ff6e77764155e8133,{},accepted
rel_a31879162a5354a18cf2,clause_node_dd2446e8d172e56223cf,HAS_REQUIREMENT,rule_d186679f4b4101d1bfff,{},accepted
rel_c3d3bdf74ab1c85e28bf,rule_d186679f4b4101d1bfff,DERIVED_FROM,clause_node_dd2446e8d172e56223cf,{},accepted
rel_f7b958a37964a9756fd6,rule_d186679f4b4101d1bfff,SUPPORTED_BY,evidence_773ec96ea16933c0f552,{},accepted
rel_ccb49b9faf6664395810,clause_node_a5b79a26d10549c2820e,HAS_REQUIREMENT,rule_9c16bcb69dd727efb935,{},accepted
rel_1438869b5b02b47e30a6,rule_9c16bcb69dd727efb935,DERIVED_FROM,clause_node_a5b79a26d10549c2820e,{},accepted
rel_ab67e08ce15f0ffbadf0,rule_9c16bcb69dd727efb935,SUPPORTED_BY,evidence_e05c8ea10dd47cd3a598,{},accepted
rel_9303fe475cb6434db22c,clause_node_a5b79a26d10549c2820e,HAS_REQUIREMENT,rule_a08f826ee59d7d8a0207,{},accepted
rel_112797e99daefa039f90,rule_a08f826ee59d7d8a0207,DERIVED_FROM,clause_node_a5b79a26d10549c2820e,{},accepted
rel_26422af4179ba280e096,rule_a08f826ee59d7d8a0207,SUPPORTED_BY,evidence_e05c8ea10dd47cd3a598,{},accepted
rel_b8d95343c28d3131974b,clause_node_a5b79a26d10549c2820e,HAS_REQUIREMENT,rule_8cd1ed53af81fa451d9b,{},accepted
rel_f994a66669535fa65b8b,rule_8cd1ed53af81fa451d9b,DERIVED_FROM,clause_node_a5b79a26d10549c2820e,{},accepted
rel_5def382363d87aa582b9,rule_8cd1ed53af81fa451d9b,SUPPORTED_BY,evidence_e05c8ea10dd47cd3a598,{},accepted
rel_10d017365006ce381770,clause_node_dd2446e8d172e56223cf,HAS_REQUIREMENT,rule_332c687bee884b449f89,{},accepted
rel_8d91a501a65afbabdeba,rule_332c687bee884b449f89,DERIVED_FROM,clause_node_dd2446e8d172e56223cf,{},accepted
rel_282554fbfb10ddd6d350,rule_332c687bee884b449f89,SUPPORTED_BY,evidence_59ac4c11f27adb04c321,{},accepted
rel_45aeb1728da4cd4ff3a9,clause_node_dd2446e8d172e56223cf,HAS_REQUIREMENT,rule_e8b2b898ab69b3a42f34,{},accepted
rel_766bb0e39eb7e561becb,rule_e8b2b898ab69b3a42f34,DERIVED_FROM,clause_node_dd2446e8d172e56223cf,{},accepted
rel_1a9407b8c847168090f6,rule_e8b2b898ab69b3a42f34,SUPPORTED_BY,evidence_59ac4c11f27adb04c321,{},accepted
rel_2c638b58b17003e6cfb6,clause_node_dd2446e8d172e56223cf,HAS_REQUIREMENT,rule_7d76bca2ef2aff17ced2,{},accepted
rel_e528138b62a6600e390f,rule_7d76bca2ef2aff17ced2,DERIVED_FROM,clause_node_dd2446e8d172e56223cf,{},accepted
rel_0f4a38ccedd7c72f5302,rule_7d76bca2ef2aff17ced2,SUPPORTED_BY,evidence_9bd16cb8fa93897dd780,{},accepted
rel_6728fb3f5ce16682681b,clause_node_dd2446e8d172e56223cf,HAS_REQUIREMENT,rule_a557a8644e28c80c7485,{},accepted
rel_01af4432f56362db5c36,rule_a557a8644e28c80c7485,DERIVED_FROM,clause_node_dd2446e8d172e56223cf,{},accepted
rel_7b5e28ba3c7b993e3ce4,rule_a557a8644e28c80c7485,SUPPORTED_BY,evidence_9bd16cb8fa93897dd780,{},accepted
rel_ed458ad6a63e45859cfe,clause_node_dd2446e8d172e56223cf,HAS_REQUIREMENT,rule_aa7639200b71bdf5094b,{},accepted
rel_f1c39ccbf38be9050ce0,rule_aa7639200b71bdf5094b,DERIVED_FROM,clause_node_dd2446e8d172e56223cf,{},accepted
rel_69b8eab1fadf853d3b04,rule_aa7639200b71bdf5094b,SUPPORTED_BY,evidence_9bd16cb8fa93897dd780,{},accepted
rel_c8ae8f9f219a4f6024be,clause_node_8df533e7d86e220a5dfc,HAS_REQUIREMENT,rule_3f27e639eb0928629ca2,{},accepted
rel_e006a7076f21c9aecfde,rule_3f27e639eb0928629ca2,DERIVED_FROM,clause_node_8df533e7d86e220a5dfc,{},accepted
rel_5a04cd15fc049a481e54,rule_3f27e639eb0928629ca2,SUPPORTED_BY,evidence_3a718fb6970f0f4136b0,{},accepted
rel_850cd576f39d48423598,clause_node_e89bf991f14a298cd43e,HAS_REQUIREMENT,rule_1fe12e1e41b20829ab53,{},accepted
rel_d2f40ec048a1adb2fe61,rule_1fe12e1e41b20829ab53,DERIVED_FROM,clause_node_e89bf991f14a298cd43e,{},accepted
rel_dff65124b9de547fc8a3,rule_1fe12e1e41b20829ab53,SUPPORTED_BY,evidence_ee497386c554b4db79d4,{},accepted
rel_e3637f3157717a0e0d20,clause_node_e89bf991f14a298cd43e,HAS_REQUIREMENT,rule_6a9cccd1621131ca87ef,{},accepted
rel_2ee62a1ce27201f8907d,rule_6a9cccd1621131ca87ef,DERIVED_FROM,clause_node_e89bf991f14a298cd43e,{},accepted
rel_c4e5e787ad8f908ea9b9,rule_6a9cccd1621131ca87ef,SUPPORTED_BY,evidence_ee497386c554b4db79d4,{},accepted
rel_63816ada1a3a9f3645fc,clause_node_a5b79a26d10549c2820e,HAS_REQUIREMENT,rule_aae9997f4d1fe1293ed8,{},accepted
rel_509f0e7a0b754a25bbc0,rule_aae9997f4d1fe1293ed8,DERIVED_FROM,clause_node_a5b79a26d10549c2820e,{},accepted
rel_7f7f874fd92461a23a08,rule_aae9997f4d1fe1293ed8,SUPPORTED_BY,evidence_5c243dcf0e0a7aaece75,{},accepted
rel_b5706928b66e29544d95,clause_node_dd2446e8d172e56223cf,HAS_REQUIREMENT,rule_5e9bf04ed7317069bafe,{},accepted
rel_8f48378e5f2a919478ef,rule_5e9bf04ed7317069bafe,DERIVED_FROM,clause_node_dd2446e8d172e56223cf,{},accepted
rel_c2c4e6a97affeeb3d785,rule_5e9bf04ed7317069bafe,SUPPORTED_BY,evidence_5c243dcf0e0a7aaece75,{},accepted
rel_193438d0c605877ba961,clause_node_8df533e7d86e220a5dfc,HAS_REQUIREMENT,rule_c1c5fd0df70639d20804,{},accepted
rel_2b50b1d39e81503b5877,rule_c1c5fd0df70639d20804,DERIVED_FROM,clause_node_8df533e7d86e220a5dfc,{},accepted
rel_228d5239d9e235322f2e,rule_c1c5fd0df70639d20804,SUPPORTED_BY,evidence_5c243dcf0e0a7aaece75,{},accepted
rel_1ec51115ffdfdf61a515,clause_node_8df533e7d86e220a5dfc,HAS_REQUIREMENT,rule_59c89a58c6e2038e89a8,{},accepted
rel_8a635d7ef2d2d3a0fde0,rule_59c89a58c6e2038e89a8,DERIVED_FROM,clause_node_8df533e7d86e220a5dfc,{},accepted
rel_8ee1de67dacbe96eaabc,rule_59c89a58c6e2038e89a8,SUPPORTED_BY,evidence_5c243dcf0e0a7aaece75,{},accepted
rel_8ea3b18035db0fd8d33b,standard_node_52c1b52c1f4b0df77db4,HAS_CLAUSE,clause_node_c0ee181770533f1dddcd,{},accepted
rel_f8896bc92c9c03b0d279,clause_node_c0ee181770533f1dddcd,HAS_REQUIREMENT,rule_1a07ceb5daf8943107c6,{},accepted
rel_ead96c78883512311242,rule_1a07ceb5daf8943107c6,DERIVED_FROM,clause_node_c0ee181770533f1dddcd,{},accepted
rel_03c366e7ad2a7dc2e200,rule_1a07ceb5daf8943107c6,SUPPORTED_BY,evidence_01baf96ba2137f33e44b,{},accepted
rel_18e09039f4517fd0734e,standard_node_52c1b52c1f4b0df77db4,HAS_CLAUSE,clause_node_d2222c397ce1890c3a94,{},accepted
rel_e8b51bdce1a851a7a205,clause_node_d2222c397ce1890c3a94,HAS_REQUIREMENT,rule_6f7a1127cbd705cfc77c,{},accepted
rel_24f7e7ffcb346304010c,rule_6f7a1127cbd705cfc77c,DERIVED_FROM,clause_node_d2222c397ce1890c3a94,{},accepted
rel_23b0d1ab89fd49c3449f,rule_6f7a1127cbd705cfc77c,SUPPORTED_BY,evidence_38b40bb28ec6e55b0bed,{},accepted
rel_ec31f4b26d68417c084e,clause_node_d2222c397ce1890c3a94,HAS_REQUIREMENT,rule_f70ae62d95346f926be0,{},accepted
rel_808a9c14c71be4468a3b,rule_f70ae62d95346f926be0,DERIVED_FROM,clause_node_d2222c397ce1890c3a94,{},accepted
rel_6ce7bfc7671dad4d08da,rule_f70ae62d95346f926be0,SUPPORTED_BY,evidence_38b40bb28ec6e55b0bed,{},accepted
rel_77c29dec6d6034bef656,clause_node_d2222c397ce1890c3a94,HAS_REQUIREMENT,rule_74860537bfbb0fbc3acf,{},accepted
rel_e94193125d480f521f88,rule_74860537bfbb0fbc3acf,DERIVED_FROM,clause_node_d2222c397ce1890c3a94,{},accepted
rel_ad3904a726cafbbd1786,rule_74860537bfbb0fbc3acf,SUPPORTED_BY,evidence_38b40bb28ec6e55b0bed,{},accepted
rel_e1572afcf6720d04238e,clause_node_d2222c397ce1890c3a94,HAS_REQUIREMENT,rule_4c276a8159f62022b4bb,{},accepted
rel_f34b06a52485f0039e15,rule_4c276a8159f62022b4bb,DERIVED_FROM,clause_node_d2222c397ce1890c3a94,{},accepted
rel_204dc211378d231ca2c3,rule_4c276a8159f62022b4bb,SUPPORTED_BY,evidence_38b40bb28ec6e55b0bed,{},accepted
rel_6d6dc09c3a65f2b3439b,clause_node_d2222c397ce1890c3a94,HAS_REQUIREMENT,rule_902572d5165cad7aef85,{},accepted
rel_e2bd11e8fdf72a566f12,rule_902572d5165cad7aef85,DERIVED_FROM,clause_node_d2222c397ce1890c3a94,{},accepted
rel_42926adb4fbd437ad115,rule_902572d5165cad7aef85,SUPPORTED_BY,evidence_38b40bb28ec6e55b0bed,{},accepted
rel_0ae8a09daeb521b32555,clause_node_d2222c397ce1890c3a94,HAS_REQUIREMENT,rule_967e9617753a8d3eb58c,{},accepted
rel_02f5271f4284ed5683b3,rule_967e9617753a8d3eb58c,DERIVED_FROM,clause_node_d2222c397ce1890c3a94,{},accepted
rel_a3cb29f32ea5a686f922,rule_967e9617753a8d3eb58c,SUPPORTED_BY,evidence_38b40bb28ec6e55b0bed,{},accepted
rel_59d83fd35c9b2c64ff21,clause_node_d2222c397ce1890c3a94,HAS_REQUIREMENT,rule_9570a92d88e4320f4ca0,{},accepted
rel_ccc19702741aa437d3e4,rule_9570a92d88e4320f4ca0,DERIVED_FROM,clause_node_d2222c397ce1890c3a94,{},accepted
rel_8fc45f365202258be079,rule_9570a92d88e4320f4ca0,SUPPORTED_BY,evidence_38b40bb28ec6e55b0bed,{},accepted
rel_a654e9ed2d1ad66f8d90,clause_node_d2222c397ce1890c3a94,HAS_REQUIREMENT,rule_2dab808d3949979b14ed,{},accepted
rel_fef581aa6e513d2979c3,rule_2dab808d3949979b14ed,DERIVED_FROM,clause_node_d2222c397ce1890c3a94,{},accepted
rel_5a0bed3f449fbc8476cf,rule_2dab808d3949979b14ed,SUPPORTED_BY,evidence_38b40bb28ec6e55b0bed,{},accepted
rel_0ef129215c2ed947d518,clause_node_d2222c397ce1890c3a94,HAS_REQUIREMENT,rule_5b7f6cfe3bbf88181042,{},accepted
rel_97d791299f4a2af55d04,rule_5b7f6cfe3bbf88181042,DERIVED_FROM,clause_node_d2222c397ce1890c3a94,{},accepted
rel_3e4c73059c7d0569668f,rule_5b7f6cfe3bbf88181042,SUPPORTED_BY,evidence_38b40bb28ec6e55b0bed,{},accepted
rel_71c2a3ca50d17fffcbb9,clause_node_d2222c397ce1890c3a94,HAS_REQUIREMENT,rule_2ec9e383be2961b7c868,{},accepted
rel_a31e1b78bfd5ac8325e4,rule_2ec9e383be2961b7c868,DERIVED_FROM,clause_node_d2222c397ce1890c3a94,{},accepted
rel_9ef9e5adade517db78ff,rule_2ec9e383be2961b7c868,SUPPORTED_BY,evidence_38b40bb28ec6e55b0bed,{},accepted
rel_ef39992b8525aafea8c3,clause_node_d2222c397ce1890c3a94,HAS_REQUIREMENT,rule_4c36b8c3be7a90fbb4f6,{},accepted
rel_54a36beff5e7521bb597,rule_4c36b8c3be7a90fbb4f6,DERIVED_FROM,clause_node_d2222c397ce1890c3a94,{},accepted
rel_a81cac93457f8b0954f7,rule_4c36b8c3be7a90fbb4f6,SUPPORTED_BY,evidence_38b40bb28ec6e55b0bed,{},accepted
rel_de137c84e91a806f4963,clause_node_d2222c397ce1890c3a94,HAS_REQUIREMENT,rule_285c2ffb7c048cad24a5,{},accepted
rel_3ba5e4850e54e70eb54a,rule_285c2ffb7c048cad24a5,DERIVED_FROM,clause_node_d2222c397ce1890c3a94,{},accepted
rel_e2e926e6b494d1fa79d4,rule_285c2ffb7c048cad24a5,SUPPORTED_BY,evidence_38b40bb28ec6e55b0bed,{},accepted
rel_00998df159b4d24261e1,standard_node_52c1b52c1f4b0df77db4,HAS_CLAUSE,clause_node_5fd9895b97e0aaa27295,{},accepted
rel_5e486529d6420430011d,clause_node_5fd9895b97e0aaa27295,HAS_REQUIREMENT,rule_bd93d67126d4416bf093,{},accepted
rel_27d47bfe24175147f401,rule_bd93d67126d4416bf093,DERIVED_FROM,clause_node_5fd9895b97e0aaa27295,{},accepted
rel_7b93f718f6c1de8f07d0,rule_bd93d67126d4416bf093,SUPPORTED_BY,evidence_2347ad1968eb53003b91,{},accepted
rel_4cec7ea3e1037ce08e9a,clause_node_5fd9895b97e0aaa27295,HAS_REQUIREMENT,rule_e24de18d93827646d80a,{},accepted
rel_95e82b43608786314d1e,rule_e24de18d93827646d80a,DERIVED_FROM,clause_node_5fd9895b97e0aaa27295,{},accepted
rel_353a09c99fb4f0bc2685,rule_e24de18d93827646d80a,SUPPORTED_BY,evidence_2347ad1968eb53003b91,{},accepted
rel_8546f913bba63af836c4,clause_node_5fd9895b97e0aaa27295,HAS_REQUIREMENT,rule_56004a2e76d7618777b9,{},accepted
rel_c660f5142d6a1bd5518d,rule_56004a2e76d7618777b9,DERIVED_FROM,clause_node_5fd9895b97e0aaa27295,{},accepted
rel_23b4a8533b6afa1f2c39,rule_56004a2e76d7618777b9,SUPPORTED_BY,evidence_2347ad1968eb53003b91,{},accepted
rel_c32f50243559b79c2940,standard_node_52c1b52c1f4b0df77db4,HAS_CLAUSE,clause_node_77e1f92e2847c6d2e40e,{},accepted
rel_3d2f923574576a2b1f24,clause_node_77e1f92e2847c6d2e40e,HAS_REQUIREMENT,rule_7252bf9c1395561f4762,{},accepted
rel_28cefa35400050ee245c,rule_7252bf9c1395561f4762,DERIVED_FROM,clause_node_77e1f92e2847c6d2e40e,{},accepted
rel_0fa3669e8d9e35b5d309,rule_7252bf9c1395561f4762,SUPPORTED_BY,evidence_8d84fa9378344bb87294,{},accepted
rel_d16e82fe2bfaaaa0887b,standard_node_52c1b52c1f4b0df77db4,HAS_CLAUSE,clause_node_24d199e9c9a9e48d6f5a,{},accepted
rel_01f6c189c565b246725e,clause_node_24d199e9c9a9e48d6f5a,HAS_REQUIREMENT,rule_60f58d9232469d7f2984,{},accepted
rel_3b392cbff4f82420e6a4,rule_60f58d9232469d7f2984,DERIVED_FROM,clause_node_24d199e9c9a9e48d6f5a,{},accepted
rel_670a2afb8570ffc90f78,rule_60f58d9232469d7f2984,SUPPORTED_BY,evidence_bae07b737483efd875e6,{},accepted
rel_5683262f77f7ac4c5459,clause_node_24d199e9c9a9e48d6f5a,HAS_REQUIREMENT,rule_cc7731f830d48d9e8b59,{},accepted
rel_9c30272509b406ee9262,rule_cc7731f830d48d9e8b59,DERIVED_FROM,clause_node_24d199e9c9a9e48d6f5a,{},accepted
rel_fdc3ae0284c86aa729d2,rule_cc7731f830d48d9e8b59,SUPPORTED_BY,evidence_bae07b737483efd875e6,{},accepted
rel_76c93b6273e4f355d421,clause_node_24d199e9c9a9e48d6f5a,HAS_REQUIREMENT,rule_a54c34be124f70bc03bb,{},accepted
rel_50acb2e403b5cb8839a5,rule_a54c34be124f70bc03bb,DERIVED_FROM,clause_node_24d199e9c9a9e48d6f5a,{},accepted
rel_c620cf56522f1cf1a9de,rule_a54c34be124f70bc03bb,SUPPORTED_BY,evidence_bae07b737483efd875e6,{},accepted
rel_6f9a6ea9132f98b13061,standard_node_52c1b52c1f4b0df77db4,HAS_CLAUSE,clause_node_23038d1f397ebf7e66a2,{},accepted
rel_5d77b8e996e2b87bdec9,clause_node_23038d1f397ebf7e66a2,HAS_REQUIREMENT,rule_957cbb4cadff77579e7b,{},accepted
rel_67e345de457405e5aa98,rule_957cbb4cadff77579e7b,DERIVED_FROM,clause_node_23038d1f397ebf7e66a2,{},accepted
rel_d7706e17b410eb758ffa,rule_957cbb4cadff77579e7b,SUPPORTED_BY,evidence_28b8e372c765f546a1b7,{},accepted
rel_95928f510f64cda5dfc5,standard_node_52c1b52c1f4b0df77db4,HAS_CLAUSE,clause_node_0eaa932a8fadc3ab145d,{},accepted
rel_563cede435f2a1578f95,clause_node_0eaa932a8fadc3ab145d,HAS_REQUIREMENT,rule_e412202b1e0edb7a5624,{},accepted
rel_8bbc3033a526ddcadc3b,rule_e412202b1e0edb7a5624,DERIVED_FROM,clause_node_0eaa932a8fadc3ab145d,{},accepted
rel_e192142bcc493e4578b6,rule_e412202b1e0edb7a5624,SUPPORTED_BY,evidence_89b1cfc5cb729bc2ee3b,{},accepted
rel_d4737ed0925c62a1c610,clause_node_0eaa932a8fadc3ab145d,HAS_REQUIREMENT,rule_5ad431aa355241619bd0,{},accepted
rel_c46faf01ae96cb7e1ed0,rule_5ad431aa355241619bd0,DERIVED_FROM,clause_node_0eaa932a8fadc3ab145d,{},accepted
rel_0c3f4c6d8e7d1b2d2f0e,rule_5ad431aa355241619bd0,SUPPORTED_BY,evidence_89b1cfc5cb729bc2ee3b,{},accepted
rel_e3f57fde770c4ef090cf,clause_node_a5b79a26d10549c2820e,HAS_REQUIREMENT,rule_e1580ec22b82310355b2,{},accepted
rel_cbe421bf5aba30e9e2b8,rule_e1580ec22b82310355b2,DERIVED_FROM,clause_node_a5b79a26d10549c2820e,{},accepted
rel_782217c4ec4bf46e9562,rule_e1580ec22b82310355b2,SUPPORTED_BY,evidence_87a0ce7078a2f6b5dd20,{},accepted
rel_064d2cc51468883f7cb0,clause_node_a5b79a26d10549c2820e,HAS_REQUIREMENT,rule_5ec5850ce0f00ef3ce73,{},accepted
rel_318c3836fec26122823e,rule_5ec5850ce0f00ef3ce73,DERIVED_FROM,clause_node_a5b79a26d10549c2820e,{},accepted
rel_a49677b11f3ad0ecb54b,rule_5ec5850ce0f00ef3ce73,SUPPORTED_BY,evidence_87a0ce7078a2f6b5dd20,{},accepted
rel_94a684b41bb2ac427687,clause_node_a5b79a26d10549c2820e,HAS_REQUIREMENT,rule_912a9cea7a86864bd6c0,{},accepted
rel_e043c818a2f8489030f2,rule_912a9cea7a86864bd6c0,DERIVED_FROM,clause_node_a5b79a26d10549c2820e,{},accepted
rel_aba6cdd536b5bcea3708,rule_912a9cea7a86864bd6c0,SUPPORTED_BY,evidence_87a0ce7078a2f6b5dd20,{},accepted
rel_9a551e0fe2f18468a41f,clause_node_dd2446e8d172e56223cf,HAS_REQUIREMENT,rule_b43c87749d8b8d3b4edd,{},accepted
rel_8e864c93d94735cf93bb,rule_b43c87749d8b8d3b4edd,DERIVED_FROM,clause_node_dd2446e8d172e56223cf,{},accepted
rel_ab2002193954da1b92a4,rule_b43c87749d8b8d3b4edd,SUPPORTED_BY,evidence_87a0ce7078a2f6b5dd20,{},accepted
rel_8d05323390cd68773ce3,clause_node_dd2446e8d172e56223cf,HAS_REQUIREMENT,rule_4040e54f686eec0553d5,{},accepted
rel_fa85e14169af5c604382,rule_4040e54f686eec0553d5,DERIVED_FROM,clause_node_dd2446e8d172e56223cf,{},accepted
rel_d4604f5afed2a820bca5,rule_4040e54f686eec0553d5,SUPPORTED_BY,evidence_87a0ce7078a2f6b5dd20,{},accepted
rel_68f4e24689ad2ab46dd7,clause_node_dd2446e8d172e56223cf,HAS_REQUIREMENT,rule_a0e128f250c21f59343a,{},accepted
rel_1b9631c735c34d8c654b,rule_a0e128f250c21f59343a,DERIVED_FROM,clause_node_dd2446e8d172e56223cf,{},accepted
rel_6c00b747fa9aa3209cf4,rule_a0e128f250c21f59343a,SUPPORTED_BY,evidence_87a0ce7078a2f6b5dd20,{},accepted
rel_f6329da114b2d1d3ccd0,clause_node_8df533e7d86e220a5dfc,HAS_REQUIREMENT,rule_8cca24524fcaefb70e70,{},accepted
rel_bbec8b78618531a59464,rule_8cca24524fcaefb70e70,DERIVED_FROM,clause_node_8df533e7d86e220a5dfc,{},accepted
rel_e4fdb7a9815e0b5b8de0,rule_8cca24524fcaefb70e70,SUPPORTED_BY,evidence_87a0ce7078a2f6b5dd20,{},accepted
rel_9ddcd53645263eaab78d,clause_node_e89bf991f14a298cd43e,HAS_REQUIREMENT,rule_c6f421b1216332a826dd,{},accepted
rel_4e1216f2add151dd71db,rule_c6f421b1216332a826dd,DERIVED_FROM,clause_node_e89bf991f14a298cd43e,{},accepted
rel_7dbcc192821f537b0926,rule_c6f421b1216332a826dd,SUPPORTED_BY,evidence_87a0ce7078a2f6b5dd20,{},accepted
rel_6466d31c88c82795e94c,standard_node_52c1b52c1f4b0df77db4,HAS_CLAUSE,clause_node_f219dce553f9b6ea4524,{},accepted
rel_c812d891aeafa9f912ff,clause_node_f219dce553f9b6ea4524,HAS_REQUIREMENT,rule_79e7851bc031084d070d,{},accepted
rel_8386a61f6563d1173e1e,rule_79e7851bc031084d070d,DERIVED_FROM,clause_node_f219dce553f9b6ea4524,{},accepted
rel_d4b9f3343f62e962ec8f,rule_79e7851bc031084d070d,SUPPORTED_BY,evidence_3e29222a1ec9c03c6123,{},accepted
rel_498a519837f2d0d30296,clause_node_a5b79a26d10549c2820e,HAS_REQUIREMENT,rule_a7e164c1e4b980defd34,{},accepted
rel_f021665e6ee87772f47c,rule_a7e164c1e4b980defd34,DERIVED_FROM,clause_node_a5b79a26d10549c2820e,{},accepted
rel_c0d00aad06cda440e3df,rule_a7e164c1e4b980defd34,SUPPORTED_BY,evidence_ae244bc68003d4379a94,{},accepted
rel_20780845187430be5ef4,clause_node_a5b79a26d10549c2820e,HAS_REQUIREMENT,rule_5a48511a3eb3c3465a26,{},accepted
rel_b0f6d72e6757c0467dd3,rule_5a48511a3eb3c3465a26,DERIVED_FROM,clause_node_a5b79a26d10549c2820e,{},accepted
rel_c5ecc05e7aa248733adf,rule_5a48511a3eb3c3465a26,SUPPORTED_BY,evidence_ae244bc68003d4379a94,{},accepted
rel_663ec3a8cf3f30e2292c,clause_node_dd2446e8d172e56223cf,HAS_REQUIREMENT,rule_a1abd2850a1e3e6f26b0,{},accepted
rel_966febce09e872110139,rule_a1abd2850a1e3e6f26b0,DERIVED_FROM,clause_node_dd2446e8d172e56223cf,{},accepted
rel_43d73394fbeedbc5aad1,rule_a1abd2850a1e3e6f26b0,SUPPORTED_BY,evidence_dcfafee2fd0fc7789bfb,{},accepted
rel_833dc8a2994d485bb246,clause_node_8df533e7d86e220a5dfc,HAS_REQUIREMENT,rule_fe8867608ca318ea74f7,{},accepted
rel_d7d6cbbec676641ef2fa,rule_fe8867608ca318ea74f7,DERIVED_FROM,clause_node_8df533e7d86e220a5dfc,{},accepted
rel_3b2224d42605dc96c38e,rule_fe8867608ca318ea74f7,SUPPORTED_BY,evidence_dcfafee2fd0fc7789bfb,{},accepted
rel_5ebd65f92caf1ef9c8b8,standard_node_52c1b52c1f4b0df77db4,HAS_CLAUSE,clause_node_79a1f6de4ae808504f2f,{},accepted
rel_17be120258ffc2dc1f08,clause_node_79a1f6de4ae808504f2f,HAS_REQUIREMENT,rule_dac889a5fefd025782b9,{},accepted
rel_da47ee476f4fa19735c1,rule_dac889a5fefd025782b9,DERIVED_FROM,clause_node_79a1f6de4ae808504f2f,{},accepted
rel_f37845b415d43992a629,rule_dac889a5fefd025782b9,SUPPORTED_BY,evidence_73aa36ef5216d12ca341,{},accepted
rel_8fa6c2ec2fcdff4694e7,clause_node_79a1f6de4ae808504f2f,HAS_REQUIREMENT,rule_b7154bd9fea3309b7670,{},accepted
rel_a234aa8a567e5d7fd134,rule_b7154bd9fea3309b7670,DERIVED_FROM,clause_node_79a1f6de4ae808504f2f,{},accepted
rel_f0f8833820fce5224914,rule_b7154bd9fea3309b7670,SUPPORTED_BY,evidence_73aa36ef5216d12ca341,{},accepted
rel_5ce5301688105b2476f0,clause_node_79a1f6de4ae808504f2f,HAS_REQUIREMENT,rule_343cd7b1fa65bf27a32b,{},accepted
rel_0e5edf8e205e79e07f64,rule_343cd7b1fa65bf27a32b,DERIVED_FROM,clause_node_79a1f6de4ae808504f2f,{},accepted
rel_2e2c69891e1cde1e9678,rule_343cd7b1fa65bf27a32b,SUPPORTED_BY,evidence_73aa36ef5216d12ca341,{},accepted
rel_a7366f668c81202cf759,clause_node_a5b79a26d10549c2820e,HAS_REQUIREMENT,rule_29de5b23022a3172e678,{},accepted
rel_710526d945f40637d61e,rule_29de5b23022a3172e678,DERIVED_FROM,clause_node_a5b79a26d10549c2820e,{},accepted
rel_7fe2213913162836c01f,rule_29de5b23022a3172e678,SUPPORTED_BY,evidence_e70e69e787e94d357a84,{},accepted
rel_c939eec75fd1f10105b0,clause_node_a5b79a26d10549c2820e,HAS_REQUIREMENT,rule_2cfcb9a5958fb2e3c946,{},accepted
rel_6135c15185d80ca93af2,rule_2cfcb9a5958fb2e3c946,DERIVED_FROM,clause_node_a5b79a26d10549c2820e,{},accepted
rel_dc611f41b80954a9865e,rule_2cfcb9a5958fb2e3c946,SUPPORTED_BY,evidence_e70e69e787e94d357a84,{},accepted
rel_fd7f1e8be65396bb71cb,clause_node_dd2446e8d172e56223cf,HAS_REQUIREMENT,rule_2437aadb8808bf8ac76a,{},accepted
rel_7559715bc0fa82381985,rule_2437aadb8808bf8ac76a,DERIVED_FROM,clause_node_dd2446e8d172e56223cf,{},accepted
rel_3c7d62e7cddd21a69cc7,rule_2437aadb8808bf8ac76a,SUPPORTED_BY,evidence_33554e1fa2a56d769cd3,{},accepted
rel_75a04125ddbabcde0135,clause_node_a5b79a26d10549c2820e,HAS_REQUIREMENT,rule_8be31774bd2fd9c0404f,{},accepted
rel_ea291df9e5d5132ac7c4,rule_8be31774bd2fd9c0404f,DERIVED_FROM,clause_node_a5b79a26d10549c2820e,{},accepted
rel_7007f0ad0048fd7e8232,rule_8be31774bd2fd9c0404f,SUPPORTED_BY,evidence_c9d08088ea1e2d478dc0,{},accepted
rel_171114196c901414692e,clause_node_dd2446e8d172e56223cf,HAS_REQUIREMENT,rule_8d8c6e89eb9faa9c8dc3,{},accepted
rel_5f3a9e1ac40d539ea573,rule_8d8c6e89eb9faa9c8dc3,DERIVED_FROM,clause_node_dd2446e8d172e56223cf,{},accepted
rel_bb05205bf9fb6206812a,rule_8d8c6e89eb9faa9c8dc3,SUPPORTED_BY,evidence_3141e8f30f222668dea5,{},accepted
rel_2054f4b0ef258991e9f3,clause_node_dd2446e8d172e56223cf,HAS_REQUIREMENT,rule_26a5a1b9e62ac33d0a2c,{},accepted
rel_fe3de6fbe7b616626da4,rule_26a5a1b9e62ac33d0a2c,DERIVED_FROM,clause_node_dd2446e8d172e56223cf,{},accepted
rel_f4c8bf3ff79a4e1ba2c9,rule_26a5a1b9e62ac33d0a2c,SUPPORTED_BY,evidence_3141e8f30f222668dea5,{},accepted
rel_7b2eab32bb5dd6655f9c,clause_node_dd2446e8d172e56223cf,HAS_REQUIREMENT,rule_75accc867ec3ca88ef3e,{},accepted
rel_9368dcec384c8cbaf179,rule_75accc867ec3ca88ef3e,DERIVED_FROM,clause_node_dd2446e8d172e56223cf,{},accepted
rel_79b1b9a791a1f36453db,rule_75accc867ec3ca88ef3e,SUPPORTED_BY,evidence_3141e8f30f222668dea5,{},accepted
rel_1ec73e83364759ebd7cb,standard_node_52c1b52c1f4b0df77db4,HAS_CLAUSE,clause_node_0ad7febd422b5b29047a,{},accepted
rel_07d154beee92dd410a9a,clause_node_0ad7febd422b5b29047a,HAS_REQUIREMENT,rule_ec61e95abf3bf6ae5b2c,{},accepted
rel_267f3eb17e51579d0bf8,rule_ec61e95abf3bf6ae5b2c,DERIVED_FROM,clause_node_0ad7febd422b5b29047a,{},accepted
rel_e10ebd9ff1afb99b85ab,rule_ec61e95abf3bf6ae5b2c,SUPPORTED_BY,evidence_640b074513146ba9c029,{},accepted
rel_b008222ba23e68d1381c,standard_node_52c1b52c1f4b0df77db4,HAS_CLAUSE,clause_node_b4cac137b120c5b2c59d,{},accepted
rel_8c5c3c9499993e87eb22,clause_node_b4cac137b120c5b2c59d,HAS_REQUIREMENT,rule_36338001354425583c70,{},accepted
rel_28281a95e647bbd32ec3,rule_36338001354425583c70,DERIVED_FROM,clause_node_b4cac137b120c5b2c59d,{},accepted
rel_d6fd578b433fb62b54d4,rule_36338001354425583c70,SUPPORTED_BY,evidence_37a1e8d5ff8738fe7df8,{},accepted
rel_1576e158c92c1f96ab2c,clause_node_b4cac137b120c5b2c59d,HAS_REQUIREMENT,rule_a58a7328247433ff5c9a,{},accepted
rel_887fbd50be8153b66cb5,rule_a58a7328247433ff5c9a,DERIVED_FROM,clause_node_b4cac137b120c5b2c59d,{},accepted
rel_6349f8b4481486b4e892,rule_a58a7328247433ff5c9a,SUPPORTED_BY,evidence_37a1e8d5ff8738fe7df8,{},accepted
rel_9717858bede4bdbccf50,standard_node_52c1b52c1f4b0df77db4,HAS_CLAUSE,clause_node_6f3bd1c8646eb73deb97,{},accepted
rel_650e4c03d5763ba3e532,clause_node_6f3bd1c8646eb73deb97,HAS_REQUIREMENT,rule_58522e0819416accac4a,{},accepted
rel_712ec2ea299d9720e7e6,rule_58522e0819416accac4a,DERIVED_FROM,clause_node_6f3bd1c8646eb73deb97,{},accepted
rel_73575a9e6d893d780d00,rule_58522e0819416accac4a,SUPPORTED_BY,evidence_8c9ecf8286eae230bece,{},accepted
rel_d78c41566833e211d60f,clause_node_6f3bd1c8646eb73deb97,HAS_REQUIREMENT,rule_feed6681a375bc3cc19f,{},accepted
rel_890aa4b81196b57a0c77,rule_feed6681a375bc3cc19f,DERIVED_FROM,clause_node_6f3bd1c8646eb73deb97,{},accepted
rel_63fb03388e542f8d4f81,rule_feed6681a375bc3cc19f,SUPPORTED_BY,evidence_8c9ecf8286eae230bece,{},accepted
rel_c9bff0cd8c21748e7b3a,standard_node_52c1b52c1f4b0df77db4,HAS_CLAUSE,clause_node_1a45404ca8d8fd387288,{},accepted
rel_d59b15de329705e40961,clause_node_1a45404ca8d8fd387288,HAS_REQUIREMENT,rule_ef3c37dee31ab5b73c85,{},accepted
rel_64c310ae1d96f500c60f,rule_ef3c37dee31ab5b73c85,DERIVED_FROM,clause_node_1a45404ca8d8fd387288,{},accepted
rel_ea5cab202d8f9a0ae547,rule_ef3c37dee31ab5b73c85,SUPPORTED_BY,evidence_444aafac052341ac0f2f,{},accepted
rel_6adc6dfba3e600b2c7af,standard_node_52c1b52c1f4b0df77db4,HAS_CLAUSE,clause_node_9b955cc8d070a543dbf3,{},accepted
rel_8877b691fc010b87daec,clause_node_9b955cc8d070a543dbf3,HAS_REQUIREMENT,rule_2025a584ad6001f9639f,{},accepted
rel_b605c83fdd569eb850b6,rule_2025a584ad6001f9639f,DERIVED_FROM,clause_node_9b955cc8d070a543dbf3,{},accepted
rel_f5f452824f43051b640f,rule_2025a584ad6001f9639f,SUPPORTED_BY,evidence_2c981417c54c0e22d89d,{},accepted
rel_c65cf1f5411b3e4b1c2c,clause_node_9b955cc8d070a543dbf3,HAS_REQUIREMENT,rule_325a384d94170217bea4,{},accepted
rel_c6e444716e3a3c52fb4f,rule_325a384d94170217bea4,DERIVED_FROM,clause_node_9b955cc8d070a543dbf3,{},accepted
rel_09c730b4ac2e0251b3da,rule_325a384d94170217bea4,SUPPORTED_BY,evidence_2c981417c54c0e22d89d,{},accepted
rel_3ccf5a56ce545be6a02b,standard_node_52c1b52c1f4b0df77db4,HAS_CLAUSE,clause_node_dd2a575d1e6cb974e50e,{},accepted
rel_b2d8b5e2bbdf99506ea9,clause_node_dd2a575d1e6cb974e50e,HAS_REQUIREMENT,rule_47d59cd716f994665a7b,{},accepted
rel_63fcda22b77a2e035e23,rule_47d59cd716f994665a7b,DERIVED_FROM,clause_node_dd2a575d1e6cb974e50e,{},accepted
rel_29dd9def7528bd4780e9,rule_47d59cd716f994665a7b,SUPPORTED_BY,evidence_d15375539db13536f762,{},accepted
rel_7c395c18d37f18165ca3,clause_node_dd2a575d1e6cb974e50e,HAS_REQUIREMENT,rule_d5867d70e304d9547cb6,{},accepted
rel_06a82174c45062b2254d,rule_d5867d70e304d9547cb6,DERIVED_FROM,clause_node_dd2a575d1e6cb974e50e,{},accepted
rel_1ebad09d72ac738bcc9a,rule_d5867d70e304d9547cb6,SUPPORTED_BY,evidence_d15375539db13536f762,{},accepted
rel_b4c28b4f45018df74249,standard_node_52c1b52c1f4b0df77db4,HAS_CLAUSE,clause_node_7d2f97bb7aa560e6c6ed,{},accepted
rel_cc879f2a175e5a18d247,clause_node_7d2f97bb7aa560e6c6ed,HAS_REQUIREMENT,rule_ba792533be2d473d4c42,{},accepted
rel_6697cca0b46ef09af12e,rule_ba792533be2d473d4c42,DERIVED_FROM,clause_node_7d2f97bb7aa560e6c6ed,{},accepted
rel_871d14d479e753f5d68a,rule_ba792533be2d473d4c42,SUPPORTED_BY,evidence_7d240d8f4955da91ba5f,{},accepted
rel_02dc245cf089f103e3bf,standard_node_52c1b52c1f4b0df77db4,HAS_CLAUSE,clause_node_9533f9701cf419f463c7,{},accepted
rel_9edba8bf0c477bde24e7,clause_node_9533f9701cf419f463c7,HAS_REQUIREMENT,rule_b0c955077661f05f6be7,{},accepted
rel_5c944f1c643aafb45317,rule_b0c955077661f05f6be7,DERIVED_FROM,clause_node_9533f9701cf419f463c7,{},accepted
rel_e869f6857f535fa331aa,rule_b0c955077661f05f6be7,SUPPORTED_BY,evidence_9cc6f4b7fd287b9d5789,{},accepted
rel_5079b16dda0d4a30319a,standard_node_52c1b52c1f4b0df77db4,HAS_CLAUSE,clause_node_846365e53dba7a5669ef,{},accepted
rel_8e4032785d0986744c8a,clause_node_846365e53dba7a5669ef,HAS_REQUIREMENT,rule_d482d4ce6e23bd42d389,{},accepted
rel_a9677d1d3b74cf06c29c,rule_d482d4ce6e23bd42d389,DERIVED_FROM,clause_node_846365e53dba7a5669ef,{},accepted
rel_4d3d86116c41ea11e110,rule_d482d4ce6e23bd42d389,SUPPORTED_BY,evidence_a6cc1119ac6fc0b36fb9,{},accepted
rel_b348374e9e9f0813d2ed,clause_node_846365e53dba7a5669ef,HAS_REQUIREMENT,rule_cccb89378d22a4d45c1d,{},accepted
rel_4e99f13d339e6f7f2b4e,rule_cccb89378d22a4d45c1d,DERIVED_FROM,clause_node_846365e53dba7a5669ef,{},accepted
rel_923b89a49d32abced5df,rule_cccb89378d22a4d45c1d,SUPPORTED_BY,evidence_a6cc1119ac6fc0b36fb9,{},accepted
rel_e1dffdeca372c473ea39,clause_node_846365e53dba7a5669ef,HAS_REQUIREMENT,rule_18db079e864cafc8f9ea,{},accepted
rel_49f67f9e822d4db86cd5,rule_18db079e864cafc8f9ea,DERIVED_FROM,clause_node_846365e53dba7a5669ef,{},accepted
rel_8c34eaa164a71ea69e39,rule_18db079e864cafc8f9ea,SUPPORTED_BY,evidence_a6cc1119ac6fc0b36fb9,{},accepted
rel_45759d5f0e1f4924bb98,clause_node_846365e53dba7a5669ef,HAS_REQUIREMENT,rule_bf983f206ccc364ba230,{},accepted
rel_a90642b65125969a4c4c,rule_bf983f206ccc364ba230,DERIVED_FROM,clause_node_846365e53dba7a5669ef,{},accepted
rel_9d73352e78358eaa1087,rule_bf983f206ccc364ba230,SUPPORTED_BY,evidence_a6cc1119ac6fc0b36fb9,{},accepted
rel_307fc7647675c8777c70,clause_node_846365e53dba7a5669ef,HAS_REQUIREMENT,rule_3cc0d250dbde3c0c94d9,{},accepted
rel_f238a076288b73be22f6,rule_3cc0d250dbde3c0c94d9,DERIVED_FROM,clause_node_846365e53dba7a5669ef,{},accepted
rel_ece1857243ee74d8fa0d,rule_3cc0d250dbde3c0c94d9,SUPPORTED_BY,evidence_a6cc1119ac6fc0b36fb9,{},accepted
rel_267763e5ad4dae8973e9,clause_node_846365e53dba7a5669ef,HAS_REQUIREMENT,rule_5032575094918e676e7a,{},accepted
rel_87ddfa51194ff519ace5,rule_5032575094918e676e7a,DERIVED_FROM,clause_node_846365e53dba7a5669ef,{},accepted
rel_5886b4e2404e812c63ee,rule_5032575094918e676e7a,SUPPORTED_BY,evidence_a6cc1119ac6fc0b36fb9,{},accepted
rel_af6dbdd5d09a1505b741,standard_node_52c1b52c1f4b0df77db4,HAS_CLAUSE,clause_node_9620d8b571087586c32f,{},accepted
rel_575ff45f078a7740e26e,clause_node_9620d8b571087586c32f,HAS_REQUIREMENT,rule_93c6d63b4769471df4cf,{},accepted
rel_c1ce687bc8e2615ac346,rule_93c6d63b4769471df4cf,DERIVED_FROM,clause_node_9620d8b571087586c32f,{},accepted
rel_1281b521ae553bb7e60a,rule_93c6d63b4769471df4cf,SUPPORTED_BY,evidence_eb97c982bde933c672d8,{},accepted
rel_a20e6f9eba321afe7c64,clause_node_9620d8b571087586c32f,HAS_REQUIREMENT,rule_756bf5c4bac2ed713922,{},accepted
rel_869e2b66ce7b24aca8fd,rule_756bf5c4bac2ed713922,DERIVED_FROM,clause_node_9620d8b571087586c32f,{},accepted
rel_dbfaf0c994f2ded923a4,rule_756bf5c4bac2ed713922,SUPPORTED_BY,evidence_eb97c982bde933c672d8,{},accepted
rel_4ca598cdb27abd14974d,clause_node_9620d8b571087586c32f,HAS_REQUIREMENT,rule_05f6b48446d04aea7067,{},accepted
rel_9247f50c5ce87c930827,rule_05f6b48446d04aea7067,DERIVED_FROM,clause_node_9620d8b571087586c32f,{},accepted
rel_fd92ec033d7163a204c8,rule_05f6b48446d04aea7067,SUPPORTED_BY,evidence_eb97c982bde933c672d8,{},accepted
rel_2e532a908fcdc7e80dd4,standard_node_52c1b52c1f4b0df77db4,HAS_CLAUSE,clause_node_be693f2ccd7c50101643,{},accepted
rel_db2250196c52e96b34dd,clause_node_be693f2ccd7c50101643,HAS_REQUIREMENT,rule_ac07740efd0b8c0f1ba2,{},accepted
rel_1c3c074064e11fc10dd3,rule_ac07740efd0b8c0f1ba2,DERIVED_FROM,clause_node_be693f2ccd7c50101643,{},accepted
rel_bd9f7bfd80a110513725,rule_ac07740efd0b8c0f1ba2,SUPPORTED_BY,evidence_4b842dfc0893d7fba525,{},accepted
rel_7f3055891a5fec511815,clause_node_be693f2ccd7c50101643,HAS_REQUIREMENT,rule_3a7a6a3b733aa74ddd05,{},accepted
rel_43f5fcbc9fb3ecfe8cec,rule_3a7a6a3b733aa74ddd05,DERIVED_FROM,clause_node_be693f2ccd7c50101643,{},accepted
rel_5b3a017aef0c5f7669fe,rule_3a7a6a3b733aa74ddd05,SUPPORTED_BY,evidence_4b842dfc0893d7fba525,{},accepted
rel_d95b052a60652c883b9c,clause_node_be693f2ccd7c50101643,HAS_REQUIREMENT,rule_ee0262b6792f23f3d23d,{},accepted
rel_dfaa91991d020def2953,rule_ee0262b6792f23f3d23d,DERIVED_FROM,clause_node_be693f2ccd7c50101643,{},accepted
rel_837d82ebd96fef483ff0,rule_ee0262b6792f23f3d23d,SUPPORTED_BY,evidence_4b842dfc0893d7fba525,{},accepted
rel_7ca2738f466d8cfa6713,clause_node_be693f2ccd7c50101643,HAS_REQUIREMENT,rule_55686e16a1b152c6e85d,{},accepted
rel_7cd575e9bb0e89b74bd5,rule_55686e16a1b152c6e85d,DERIVED_FROM,clause_node_be693f2ccd7c50101643,{},accepted
rel_b08ba578d1a5e2ffe330,rule_55686e16a1b152c6e85d,SUPPORTED_BY,evidence_4b842dfc0893d7fba525,{},accepted
rel_1ec1729372caf67ff0c9,clause_node_be693f2ccd7c50101643,HAS_REQUIREMENT,rule_23e90f4a25b3b16aa51a,{},accepted
rel_54da8438bc533746c52f,rule_23e90f4a25b3b16aa51a,DERIVED_FROM,clause_node_be693f2ccd7c50101643,{},accepted
rel_93eaf6971d4d99fc0711,rule_23e90f4a25b3b16aa51a,SUPPORTED_BY,evidence_4b842dfc0893d7fba525,{},accepted
rel_2d62ecc5eda9c682be81,clause_node_be693f2ccd7c50101643,HAS_REQUIREMENT,rule_f8df38e3c840f98d4de4,{},accepted
rel_d4f9d1a7951a3766c621,rule_f8df38e3c840f98d4de4,DERIVED_FROM,clause_node_be693f2ccd7c50101643,{},accepted
rel_94f267ebb1742f9c19c4,rule_f8df38e3c840f98d4de4,SUPPORTED_BY,evidence_4b842dfc0893d7fba525,{},accepted
rel_b805d2eecf76389fe8c7,standard_node_52c1b52c1f4b0df77db4,HAS_CLAUSE,clause_node_6f995839b89a5c6add57,{},accepted
rel_87ffcbba08eda7bf1e92,clause_node_6f995839b89a5c6add57,HAS_REQUIREMENT,rule_e25320816e58d0fab749,{},accepted
rel_1f592e8b25083e0080f4,rule_e25320816e58d0fab749,DERIVED_FROM,clause_node_6f995839b89a5c6add57,{},accepted
rel_4dccfd8c0efcf048f8b1,rule_e25320816e58d0fab749,SUPPORTED_BY,evidence_d78efcfa3dc9afa092f5,{},accepted
rel_7646d2030b9bfbf455f3,clause_node_6f995839b89a5c6add57,HAS_REQUIREMENT,rule_31c47154deffa522430d,{},accepted
rel_567603132a533d386e47,rule_31c47154deffa522430d,DERIVED_FROM,clause_node_6f995839b89a5c6add57,{},accepted
rel_f93cab999c7ba8edb54b,rule_31c47154deffa522430d,SUPPORTED_BY,evidence_d78efcfa3dc9afa092f5,{},accepted
rel_93e5c23cd7e01d747d0b,clause_node_6f995839b89a5c6add57,HAS_REQUIREMENT,rule_0ffc6e640bd8902911d8,{},accepted
rel_e6419bc122e9f756720e,rule_0ffc6e640bd8902911d8,DERIVED_FROM,clause_node_6f995839b89a5c6add57,{},accepted
rel_f52ba59890ad6848da83,rule_0ffc6e640bd8902911d8,SUPPORTED_BY,evidence_d78efcfa3dc9afa092f5,{},accepted
rel_81895271ea54fd5839b4,clause_node_6f995839b89a5c6add57,HAS_REQUIREMENT,rule_be371f67f232ced19c2e,{},accepted
rel_66c86110d65bf8f98d8d,rule_be371f67f232ced19c2e,DERIVED_FROM,clause_node_6f995839b89a5c6add57,{},accepted
rel_2bb02e40a0a2f137faf6,rule_be371f67f232ced19c2e,SUPPORTED_BY,evidence_d78efcfa3dc9afa092f5,{},accepted
rel_531c3bc00df6248d6db2,clause_node_6f995839b89a5c6add57,HAS_REQUIREMENT,rule_69b6db95d6f71381935e,{},accepted
rel_196ba18bbb82d1c117ad,rule_69b6db95d6f71381935e,DERIVED_FROM,clause_node_6f995839b89a5c6add57,{},accepted
rel_f9dd5e74478c744a6422,rule_69b6db95d6f71381935e,SUPPORTED_BY,evidence_d78efcfa3dc9afa092f5,{},accepted
rel_1abc94fc738b4b056f28,standard_node_52c1b52c1f4b0df77db4,HAS_CLAUSE,clause_node_f18fc2df0548919500fe,{},accepted
rel_5d52c8a3b5cfab9d6f6f,clause_node_f18fc2df0548919500fe,HAS_REQUIREMENT,rule_30f9a50eaba90aea7176,{},accepted
rel_f1b3362d8b617bca2a88,rule_30f9a50eaba90aea7176,DERIVED_FROM,clause_node_f18fc2df0548919500fe,{},accepted
rel_f7f50908761c0aa554a1,rule_30f9a50eaba90aea7176,SUPPORTED_BY,evidence_ee92260fd8f548ae3c3e,{},accepted
rel_a10b2aecb9eea0ded553,standard_node_52c1b52c1f4b0df77db4,HAS_CLAUSE,clause_node_4d6c4b465d830297fd07,{},accepted
rel_fbdd1a677748da4c1e71,clause_node_4d6c4b465d830297fd07,HAS_REQUIREMENT,rule_b58297e2ca258f67b3a0,{},accepted
rel_31788ede4f8f79363f55,rule_b58297e2ca258f67b3a0,DERIVED_FROM,clause_node_4d6c4b465d830297fd07,{},accepted
rel_e573583e0d74e6fc6c40,rule_b58297e2ca258f67b3a0,SUPPORTED_BY,evidence_1fc0945cf7481e4dd55d,{},accepted
rel_22ba2c665d465f30b27f,standard_node_52c1b52c1f4b0df77db4,HAS_CLAUSE,clause_node_df06b1340a57b209ab5d,{},accepted
rel_c2d0c014f0ed8a5fbac1,clause_node_df06b1340a57b209ab5d,HAS_REQUIREMENT,rule_4c7e43a5b470c39a2735,{},accepted
rel_ff533cae4f265d4528b2,rule_4c7e43a5b470c39a2735,DERIVED_FROM,clause_node_df06b1340a57b209ab5d,{},accepted
rel_03227ef5ce14765e0266,rule_4c7e43a5b470c39a2735,SUPPORTED_BY,evidence_5d72220c580417cf5170,{},accepted
rel_6760a5fffecb0c5527e6,clause_node_df06b1340a57b209ab5d,HAS_REQUIREMENT,rule_9064da24ed50303727ca,{},accepted
rel_d6e69921d51da2688a5d,rule_9064da24ed50303727ca,DERIVED_FROM,clause_node_df06b1340a57b209ab5d,{},accepted
rel_c62ac4a0c83b2111b24a,rule_9064da24ed50303727ca,SUPPORTED_BY,evidence_5d72220c580417cf5170,{},accepted
rel_ecd24f49e4f45840f0cf,clause_node_df06b1340a57b209ab5d,HAS_REQUIREMENT,rule_c7d70004245a8f39b7d5,{},accepted
rel_24d4d6a663d31c266cae,rule_c7d70004245a8f39b7d5,DERIVED_FROM,clause_node_df06b1340a57b209ab5d,{},accepted
rel_a3b8dcd40bafe88c167e,rule_c7d70004245a8f39b7d5,SUPPORTED_BY,evidence_5d72220c580417cf5170,{},accepted
rel_1a75a878f696c3550b20,clause_node_df06b1340a57b209ab5d,HAS_REQUIREMENT,rule_e958c3b945d55cedc074,{},accepted
rel_aee44959e2ada34964a7,rule_e958c3b945d55cedc074,DERIVED_FROM,clause_node_df06b1340a57b209ab5d,{},accepted
rel_da730907ea63e10a5b2f,rule_e958c3b945d55cedc074,SUPPORTED_BY,evidence_5d72220c580417cf5170,{},accepted
rel_734081eba4b6601213c2,clause_node_df06b1340a57b209ab5d,HAS_REQUIREMENT,rule_9ce6d5b2aaf7a72a1027,{},accepted
rel_d986e0231526bc961f03,rule_9ce6d5b2aaf7a72a1027,DERIVED_FROM,clause_node_df06b1340a57b209ab5d,{},accepted
rel_0d6ebd8ba2d0f883b5e3,rule_9ce6d5b2aaf7a72a1027,SUPPORTED_BY,evidence_5d72220c580417cf5170,{},accepted
rel_e76c3282a6c311dc4d54,standard_node_52c1b52c1f4b0df77db4,HAS_CLAUSE,clause_node_3549d8866a4e7e244323,{},accepted
rel_27ad74375eb55c07c366,clause_node_3549d8866a4e7e244323,HAS_REQUIREMENT,rule_c3137aceb137667e850a,{},accepted
rel_d96d25c0357e5c590f7b,rule_c3137aceb137667e850a,DERIVED_FROM,clause_node_3549d8866a4e7e244323,{},accepted
rel_a48674ea473cb83cc0c1,rule_c3137aceb137667e850a,SUPPORTED_BY,evidence_40ed7c5914d60f0796b8,{},accepted
rel_bbdc5c3026f983b7cde9,clause_node_3549d8866a4e7e244323,HAS_REQUIREMENT,rule_cc2fb4ad1670243bc38d,{},accepted
rel_f7d88218baf39607d637,rule_cc2fb4ad1670243bc38d,DERIVED_FROM,clause_node_3549d8866a4e7e244323,{},accepted
rel_10e7e15f1f2d66600abf,rule_cc2fb4ad1670243bc38d,SUPPORTED_BY,evidence_40ed7c5914d60f0796b8,{},accepted
rel_212ff05ba76a2554fa27,standard_node_52c1b52c1f4b0df77db4,HAS_CLAUSE,clause_node_d3b49257319c76f8643d,{},accepted
rel_8054bfd28d0dd715f353,clause_node_d3b49257319c76f8643d,HAS_REQUIREMENT,rule_44a25f98d1d877ca6574,{},accepted
rel_c9ecb8cb3f7aa863a651,rule_44a25f98d1d877ca6574,DERIVED_FROM,clause_node_d3b49257319c76f8643d,{},accepted
rel_4d70dec49915d719c11d,rule_44a25f98d1d877ca6574,SUPPORTED_BY,evidence_e69a8239d5c6cb1a0f24,{},accepted
rel_c5a420836ac9a7450b4c,clause_node_d3b49257319c76f8643d,HAS_REQUIREMENT,rule_b3971d63eed738150d69,{},accepted
rel_4500a91f9aac822207ca,rule_b3971d63eed738150d69,DERIVED_FROM,clause_node_d3b49257319c76f8643d,{},accepted
rel_b7ff8b05717016ff59a7,rule_b3971d63eed738150d69,SUPPORTED_BY,evidence_e69a8239d5c6cb1a0f24,{},accepted
rel_6f78d058adf27390e7b2,standard_node_52c1b52c1f4b0df77db4,HAS_CLAUSE,clause_node_56ecfa0d07be183d23ce,{},accepted
rel_b0a54722844707dc76c3,clause_node_56ecfa0d07be183d23ce,HAS_REQUIREMENT,rule_6816b7586a78f3d18672,{},accepted
rel_3072b226391eeca9b42a,rule_6816b7586a78f3d18672,DERIVED_FROM,clause_node_56ecfa0d07be183d23ce,{},accepted
rel_7d44be00bc3f14c9b2ef,rule_6816b7586a78f3d18672,SUPPORTED_BY,evidence_f7fdb245718d6cc78b1f,{},accepted
rel_eea3b8100ab80b2a6b43,standard_node_52c1b52c1f4b0df77db4,HAS_CLAUSE,clause_node_6e59810ead5f095180f3,{},accepted
rel_fce472557d2a3c37ab7c,clause_node_6e59810ead5f095180f3,HAS_REQUIREMENT,rule_58c732fc105e3b3c292c,{},accepted
rel_d2c2bd20b0e4d1f60d1d,rule_58c732fc105e3b3c292c,DERIVED_FROM,clause_node_6e59810ead5f095180f3,{},accepted
rel_87ee2a1a28c9085ae8e6,rule_58c732fc105e3b3c292c,SUPPORTED_BY,evidence_bff45ef4467417711ab7,{},accepted
rel_06127ea4536af06bf6a6,standard_node_52c1b52c1f4b0df77db4,HAS_CLAUSE,clause_node_a80c68553cc5786cae1d,{},accepted
rel_32a9b0b8d0f7684dd042,clause_node_a80c68553cc5786cae1d,HAS_REQUIREMENT,rule_60102e0d17da5491850d,{},accepted
rel_5521f5c11679296184ea,rule_60102e0d17da5491850d,DERIVED_FROM,clause_node_a80c68553cc5786cae1d,{},accepted
rel_4ac03ec05d61022a8baa,rule_60102e0d17da5491850d,SUPPORTED_BY,evidence_ef283300872385884e77,{},accepted
rel_d8de65d1e65ddca7fd97,clause_node_a5b79a26d10549c2820e,HAS_REQUIREMENT,rule_7208ff5c5fc3200209e6,{},accepted
rel_70c3c3e7b10bdcf65c46,rule_7208ff5c5fc3200209e6,DERIVED_FROM,clause_node_a5b79a26d10549c2820e,{},accepted
rel_4e4bf9859300fc54534f,rule_7208ff5c5fc3200209e6,SUPPORTED_BY,evidence_f3f423c6369ef0818802,{},accepted
rel_cda0b2791dca17816db3,clause_node_a5b79a26d10549c2820e,HAS_REQUIREMENT,rule_d8b672d0323bde053905,{},accepted
rel_0ae7ac772db71e99f1e6,rule_d8b672d0323bde053905,DERIVED_FROM,clause_node_a5b79a26d10549c2820e,{},accepted
rel_eac559fb11eece7c7c71,rule_d8b672d0323bde053905,SUPPORTED_BY,evidence_f3f423c6369ef0818802,{},accepted
rel_e92799773c7ae56216de,clause_node_dd2446e8d172e56223cf,HAS_REQUIREMENT,rule_9e6f481ae30ac97d73cf,{},accepted
rel_f99baa6f63d00fa47ba2,rule_9e6f481ae30ac97d73cf,DERIVED_FROM,clause_node_dd2446e8d172e56223cf,{},accepted
rel_df6dc08a308b86c20f42,rule_9e6f481ae30ac97d73cf,SUPPORTED_BY,evidence_85c41ab1eb35a936bdda,{},accepted
rel_663c7e5f3ee604ee2565,clause_node_dd2446e8d172e56223cf,HAS_REQUIREMENT,rule_f1de19805d4f1be72dae,{},accepted
rel_3c5a21ee878acc32bc6c,rule_f1de19805d4f1be72dae,DERIVED_FROM,clause_node_dd2446e8d172e56223cf,{},accepted
rel_5d720588c578e36064a3,rule_f1de19805d4f1be72dae,SUPPORTED_BY,evidence_85c41ab1eb35a936bdda,{},accepted
rel_3f4f88a4a8547308a4d8,standard_node_52c1b52c1f4b0df77db4,HAS_CLAUSE,clause_node_a069e200af64a8815a4a,{},accepted
rel_908811caabdca9ff5ffb,clause_node_a069e200af64a8815a4a,HAS_REQUIREMENT,rule_5291dfa5d9573d4f7002,{},accepted
rel_39dfc32ed1422bd19411,rule_5291dfa5d9573d4f7002,DERIVED_FROM,clause_node_a069e200af64a8815a4a,{},accepted
rel_361eab3687338581e06b,rule_5291dfa5d9573d4f7002,SUPPORTED_BY,evidence_ca0797b0f05c75ade198,{},accepted
rel_dc68d129407b349ed2cd,clause_node_a069e200af64a8815a4a,HAS_REQUIREMENT,rule_97fd6af10d0bc09f10de,{},accepted
rel_a9aefafe09a892a9d232,rule_97fd6af10d0bc09f10de,DERIVED_FROM,clause_node_a069e200af64a8815a4a,{},accepted
rel_be59ee51fe7cb18e2f18,rule_97fd6af10d0bc09f10de,SUPPORTED_BY,evidence_ca0797b0f05c75ade198,{},accepted
rel_823943c53fb23021daf5,clause_node_a5b79a26d10549c2820e,HAS_REQUIREMENT,rule_28c4797885b0a8206615,{},accepted
rel_cfd2253f3b95b3f95774,rule_28c4797885b0a8206615,DERIVED_FROM,clause_node_a5b79a26d10549c2820e,{},accepted
rel_cc68d93ef75c01d847be,rule_28c4797885b0a8206615,SUPPORTED_BY,evidence_eaf5df419436984bdc1a,{},accepted
rel_37063adf8616c10873e5,clause_node_a5b79a26d10549c2820e,HAS_REQUIREMENT,rule_65ed780d1aa6641fd396,{},accepted
rel_97232feafcaeedb05bbb,rule_65ed780d1aa6641fd396,DERIVED_FROM,clause_node_a5b79a26d10549c2820e,{},accepted
rel_ba74a066396cfc17f665,rule_65ed780d1aa6641fd396,SUPPORTED_BY,evidence_eaf5df419436984bdc1a,{},accepted
rel_e6165357346475972937,clause_node_dd2446e8d172e56223cf,HAS_REQUIREMENT,rule_4d88709ea081c17daade,{},accepted
rel_07727575cd0ef35ebcb8,rule_4d88709ea081c17daade,DERIVED_FROM,clause_node_dd2446e8d172e56223cf,{},accepted
rel_fff814a6a1a4af673987,rule_4d88709ea081c17daade,SUPPORTED_BY,evidence_53c07f032021feec570b,{},accepted
rel_d8962d01d917e9954a36,clause_node_8df533e7d86e220a5dfc,HAS_REQUIREMENT,rule_e4a2c9f6d13cdfea941b,{},accepted
rel_0309f18190c001232e27,rule_e4a2c9f6d13cdfea941b,DERIVED_FROM,clause_node_8df533e7d86e220a5dfc,{},accepted
rel_a12c3f1eb4b41a9ec88c,rule_e4a2c9f6d13cdfea941b,SUPPORTED_BY,evidence_f1f7f495bc3fc944d9a0,{},accepted
rel_b3c141f9d9e247e769ff,clause_node_a5b79a26d10549c2820e,HAS_REQUIREMENT,rule_dacb104275aea471ce19,{},accepted
rel_f43d1e12cc0460ecb484,rule_dacb104275aea471ce19,DERIVED_FROM,clause_node_a5b79a26d10549c2820e,{},accepted
rel_88fe1d9f65a3eaab2b6e,rule_dacb104275aea471ce19,SUPPORTED_BY,evidence_ff4dbe80a2f95305d85a,{},accepted
rel_4cd373259dba2bb9ad9d,clause_node_dd2446e8d172e56223cf,HAS_REQUIREMENT,rule_94c99405be097ff0e95e,{},accepted
rel_50328056b0a7f40d38c8,rule_94c99405be097ff0e95e,DERIVED_FROM,clause_node_dd2446e8d172e56223cf,{},accepted
rel_f5afbd79e252ae1ea94b,rule_94c99405be097ff0e95e,SUPPORTED_BY,evidence_e492826f853a5a9883a9,{},accepted
rel_6704a888ff59bbe883a5,clause_node_e89bf991f14a298cd43e,HAS_REQUIREMENT,rule_c64ce57d2110732d93bf,{},accepted
rel_f6e76c604837a93823f9,rule_c64ce57d2110732d93bf,DERIVED_FROM,clause_node_e89bf991f14a298cd43e,{},accepted
rel_0665e3786231f10d51b9,rule_c64ce57d2110732d93bf,SUPPORTED_BY,evidence_329f39fb91616ecf18a3,{},accepted
rel_aea058fcfebe5006e031,clause_node_e89bf991f14a298cd43e,HAS_REQUIREMENT,rule_288027ff1ad293d9e4e2,{},accepted
rel_afa308914e594338aef2,rule_288027ff1ad293d9e4e2,DERIVED_FROM,clause_node_e89bf991f14a298cd43e,{},accepted
rel_e104bbbaf25d0572023b,rule_288027ff1ad293d9e4e2,SUPPORTED_BY,evidence_329f39fb91616ecf18a3,{},accepted
rel_80cd68d9634d29359d3d,standard_node_52c1b52c1f4b0df77db4,HAS_CLAUSE,clause_node_b8fd976d8620fece3f66,{},accepted
rel_eea6bd970b5d55a32d5f,clause_node_b8fd976d8620fece3f66,HAS_REQUIREMENT,rule_87b5ebc8868f42b15d2f,{},accepted
rel_faf602186effc8de167a,rule_87b5ebc8868f42b15d2f,DERIVED_FROM,clause_node_b8fd976d8620fece3f66,{},accepted
rel_5c0cc208ae279674e73e,rule_87b5ebc8868f42b15d2f,SUPPORTED_BY,evidence_42644384f9e948c71e0f,{},accepted
rel_88d226e968c3e14a734d,clause_node_b8fd976d8620fece3f66,HAS_REQUIREMENT,rule_664c3d4f83ddd0c3580d,{},accepted
rel_144c5d8f2dd7a297a161,rule_664c3d4f83ddd0c3580d,DERIVED_FROM,clause_node_b8fd976d8620fece3f66,{},accepted
rel_0c488fbb051d6fe57c72,rule_664c3d4f83ddd0c3580d,SUPPORTED_BY,evidence_42644384f9e948c71e0f,{},accepted
rel_64ff3e3810786ceae568,standard_node_52c1b52c1f4b0df77db4,HAS_CLAUSE,clause_node_09866b7a2782c9ef34ed,{},accepted
rel_24909c66df021ed0dca2,clause_node_09866b7a2782c9ef34ed,HAS_REQUIREMENT,rule_5987c18ff051769b4684,{},accepted
rel_6ab5ff8ad45d15e80c20,rule_5987c18ff051769b4684,DERIVED_FROM,clause_node_09866b7a2782c9ef34ed,{},accepted
rel_59c5eab35296d654c745,rule_5987c18ff051769b4684,SUPPORTED_BY,evidence_f7fa46be4285f4dbc24b,{},accepted
rel_f877e629601bccd305ec,clause_node_09866b7a2782c9ef34ed,HAS_REQUIREMENT,rule_478503d1aa1573cbebcb,{},accepted
rel_830b8e9714b8a8187585,rule_478503d1aa1573cbebcb,DERIVED_FROM,clause_node_09866b7a2782c9ef34ed,{},accepted
rel_b088b231092b84da2bf4,rule_478503d1aa1573cbebcb,SUPPORTED_BY,evidence_f7fa46be4285f4dbc24b,{},accepted
rel_c5c66a0bae38cc6bf573,clause_node_09866b7a2782c9ef34ed,HAS_REQUIREMENT,rule_46635a94095e5d2298c4,{},accepted
rel_1c8cba551897ec31d417,rule_46635a94095e5d2298c4,DERIVED_FROM,clause_node_09866b7a2782c9ef34ed,{},accepted
rel_a69410c756b4205bde6f,rule_46635a94095e5d2298c4,SUPPORTED_BY,evidence_f7fa46be4285f4dbc24b,{},accepted
rel_bd41522bdd92692a8dc5,standard_node_52c1b52c1f4b0df77db4,HAS_CLAUSE,clause_node_7c4df4604793942b0285,{},accepted
rel_876469d075fae0da836c,clause_node_7c4df4604793942b0285,HAS_REQUIREMENT,rule_3f7ba9274b5750e5f8ed,{},accepted
rel_6457721e3e66d696339b,rule_3f7ba9274b5750e5f8ed,DERIVED_FROM,clause_node_7c4df4604793942b0285,{},accepted
rel_a4e0094e51cb5c4b6796,rule_3f7ba9274b5750e5f8ed,SUPPORTED_BY,evidence_4a45146c61161b357873,{},accepted
rel_3967106842d13f8d336d,clause_node_a5b79a26d10549c2820e,HAS_REQUIREMENT,rule_7ce65450e9760e7fe4e9,{},accepted
rel_652d2053efb7297477e2,rule_7ce65450e9760e7fe4e9,DERIVED_FROM,clause_node_a5b79a26d10549c2820e,{},accepted
rel_b8d21f7a761dd71ba5e9,rule_7ce65450e9760e7fe4e9,SUPPORTED_BY,evidence_7a8405536bd3c420ba47,{},accepted
rel_dd134c22c7d46ec4eff1,clause_node_a5b79a26d10549c2820e,HAS_REQUIREMENT,rule_50af42c571ece55264dd,{},accepted
rel_a0a083c146e7dfe9318c,rule_50af42c571ece55264dd,DERIVED_FROM,clause_node_a5b79a26d10549c2820e,{},accepted
rel_16a335a2f5587e0865b3,rule_50af42c571ece55264dd,SUPPORTED_BY,evidence_7a8405536bd3c420ba47,{},accepted
rel_c08b3a1baea965e74104,clause_node_a5b79a26d10549c2820e,HAS_REQUIREMENT,rule_f8c22f2fc313ec26d011,{},accepted
rel_718d07e85ca312f43dcc,rule_f8c22f2fc313ec26d011,DERIVED_FROM,clause_node_a5b79a26d10549c2820e,{},accepted
rel_1c6d7041b354130a9514,rule_f8c22f2fc313ec26d011,SUPPORTED_BY,evidence_7a8405536bd3c420ba47,{},accepted
rel_b7c3cfa7a754d3644f3b,clause_node_dd2446e8d172e56223cf,HAS_REQUIREMENT,rule_5dabff77e1be5388af4b,{},accepted
rel_e0d208ea6f0a6fcbf9b1,rule_5dabff77e1be5388af4b,DERIVED_FROM,clause_node_dd2446e8d172e56223cf,{},accepted
rel_5d700b5a83630b050345,rule_5dabff77e1be5388af4b,SUPPORTED_BY,evidence_f0334b9749f50ab68b4b,{},accepted
rel_8f534de7dc2dc72dc375,clause_node_8df533e7d86e220a5dfc,HAS_REQUIREMENT,rule_b6c4ecefdac3b8bbc7fb,{},accepted
rel_61bd889ff4ec9b518844,rule_b6c4ecefdac3b8bbc7fb,DERIVED_FROM,clause_node_8df533e7d86e220a5dfc,{},accepted
rel_15deb0c6d7c0e778d3a5,rule_b6c4ecefdac3b8bbc7fb,SUPPORTED_BY,evidence_eb3016c8c0708b9eb64d,{},accepted
rel_9dd3a39f5c353a6a69e4,clause_node_e89bf991f14a298cd43e,HAS_REQUIREMENT,rule_ebe31a7a0fbd2818bbe1,{},accepted
rel_115b524c4ab41a112c72,rule_ebe31a7a0fbd2818bbe1,DERIVED_FROM,clause_node_e89bf991f14a298cd43e,{},accepted
rel_5e9b6bc9e5613097459c,rule_ebe31a7a0fbd2818bbe1,SUPPORTED_BY,evidence_e0ce1c2250e990f07c01,{},accepted
rel_6690bf3281a743863c9c,standard_node_52c1b52c1f4b0df77db4,HAS_CLAUSE,clause_node_a6b01bf76998790dcc6e,{},accepted
rel_7998a5465efca09cfdfb,clause_node_a6b01bf76998790dcc6e,HAS_REQUIREMENT,rule_71811afd5784ffe7aa5b,{},accepted
rel_c3731e59a64204fbc534,rule_71811afd5784ffe7aa5b,DERIVED_FROM,clause_node_a6b01bf76998790dcc6e,{},accepted
rel_7b1e2227606ee1d76a96,rule_71811afd5784ffe7aa5b,SUPPORTED_BY,evidence_4e7f7a8586e78f09a296,{},accepted
rel_1669352965c4e8951f3b,standard_node_52c1b52c1f4b0df77db4,HAS_CLAUSE,clause_node_84d42ebde0e1e9f2d7ea,{},accepted
rel_afabc56d29915d9caec4,clause_node_84d42ebde0e1e9f2d7ea,HAS_REQUIREMENT,rule_19ae089debfac9862116,{},accepted
rel_e810945b6c4c511d46b1,rule_19ae089debfac9862116,DERIVED_FROM,clause_node_84d42ebde0e1e9f2d7ea,{},accepted
rel_09d88628e91c64de7f5d,rule_19ae089debfac9862116,SUPPORTED_BY,evidence_52bea5a699c8930907ba,{},accepted
rel_234350e67d7575f5e6ea,standard_node_52c1b52c1f4b0df77db4,HAS_CLAUSE,clause_node_2b5fbf05446d6d54ece4,{},accepted
rel_9e6144d30d0582a7e012,clause_node_2b5fbf05446d6d54ece4,HAS_REQUIREMENT,rule_a3fcb1d24d3b6b264143,{},accepted
rel_afd3c148aa5205af59a6,rule_a3fcb1d24d3b6b264143,DERIVED_FROM,clause_node_2b5fbf05446d6d54ece4,{},accepted
rel_2c79a7e74a415cbaea4a,rule_a3fcb1d24d3b6b264143,SUPPORTED_BY,evidence_bf326a61d9b20e7e5835,{},accepted
rel_500292a989f6d40bab6a,clause_node_2b5fbf05446d6d54ece4,HAS_REQUIREMENT,rule_d0cc9ab1dd58f0ff30a9,{},accepted
rel_dbff92a4e39521123cab,rule_d0cc9ab1dd58f0ff30a9,DERIVED_FROM,clause_node_2b5fbf05446d6d54ece4,{},accepted
rel_a30f824d47bb41b0068d,rule_d0cc9ab1dd58f0ff30a9,SUPPORTED_BY,evidence_bf326a61d9b20e7e5835,{},accepted
rel_c1fb89d9268a9f4c99ba,clause_node_a5b79a26d10549c2820e,HAS_REQUIREMENT,rule_51b12f4bc065597cd3b3,{},accepted
rel_29499be09194f43dd494,rule_51b12f4bc065597cd3b3,DERIVED_FROM,clause_node_a5b79a26d10549c2820e,{},accepted
rel_1a6d715561b8031449c1,rule_51b12f4bc065597cd3b3,SUPPORTED_BY,evidence_2e77aed82d37397a2e23,{},accepted
rel_4d33ed4960c32085ebe6,clause_node_dd2446e8d172e56223cf,HAS_REQUIREMENT,rule_0383e129f6f153429b45,{},accepted
rel_8a56ae6770556a7d5141,rule_0383e129f6f153429b45,DERIVED_FROM,clause_node_dd2446e8d172e56223cf,{},accepted
rel_9b98090f4bf524529cdb,rule_0383e129f6f153429b45,SUPPORTED_BY,evidence_6da6ba985f8ecec2ba9a,{},accepted
rel_29b16c4e4dddb9882070,clause_node_dd2446e8d172e56223cf,HAS_REQUIREMENT,rule_4183621b5b0384d03551,{},accepted
rel_2885e829a04b2bd3c756,rule_4183621b5b0384d03551,DERIVED_FROM,clause_node_dd2446e8d172e56223cf,{},accepted
rel_4d2bf4da29c80cf92222,rule_4183621b5b0384d03551,SUPPORTED_BY,evidence_6da6ba985f8ecec2ba9a,{},accepted
rel_e170279becb62be1c927,clause_node_dd2446e8d172e56223cf,HAS_REQUIREMENT,rule_00b22dbc7565941c6bbd,{},accepted
rel_d0a3d91a3d8f4ebb358c,rule_00b22dbc7565941c6bbd,DERIVED_FROM,clause_node_dd2446e8d172e56223cf,{},accepted
rel_d0be30647196078cad22,rule_00b22dbc7565941c6bbd,SUPPORTED_BY,evidence_6da6ba985f8ecec2ba9a,{},accepted
rel_657e5218f96cc057c101,clause_node_dd2446e8d172e56223cf,HAS_REQUIREMENT,rule_93d62bbad59e8fa1118c,{},accepted
rel_7a17b2629cc97abff6ab,rule_93d62bbad59e8fa1118c,DERIVED_FROM,clause_node_dd2446e8d172e56223cf,{},accepted
rel_fd9108b22a456daccfa9,rule_93d62bbad59e8fa1118c,SUPPORTED_BY,evidence_6da6ba985f8ecec2ba9a,{},accepted
rel_58952caa32b74405b9a7,clause_node_8df533e7d86e220a5dfc,HAS_REQUIREMENT,rule_90631168df0dc0b8ce7b,{},accepted
rel_d8b8b361a97db037d07d,rule_90631168df0dc0b8ce7b,DERIVED_FROM,clause_node_8df533e7d86e220a5dfc,{},accepted
rel_63c8d6683e68b25cdb03,rule_90631168df0dc0b8ce7b,SUPPORTED_BY,evidence_a47dff3720d34d1a8aa8,{},accepted
rel_3a091f440275806baacd,standard_node_52c1b52c1f4b0df77db4,HAS_CLAUSE,clause_node_8176ad067808275601a6,{},accepted
rel_4cf5214e8c20ba252abe,clause_node_8176ad067808275601a6,HAS_REQUIREMENT,rule_a64f16129f617c4b1d4c,{},accepted
rel_bf471d8a1c57c49e7513,rule_a64f16129f617c4b1d4c,DERIVED_FROM,clause_node_8176ad067808275601a6,{},accepted
rel_73325b7ec6029b8187c2,rule_a64f16129f617c4b1d4c,SUPPORTED_BY,evidence_23e249a7ed2fb53e2496,{},accepted
rel_c74c717f11f074e0e32e,clause_node_8176ad067808275601a6,HAS_REQUIREMENT,rule_0574b66cb15f39475cc0,{},accepted
rel_0af5a3ca8c6ea1fc8488,rule_0574b66cb15f39475cc0,DERIVED_FROM,clause_node_8176ad067808275601a6,{},accepted
rel_ca61ad3ab3ad4837734c,rule_0574b66cb15f39475cc0,SUPPORTED_BY,evidence_23e249a7ed2fb53e2496,{},accepted
rel_1c49fefc08f00ccafc45,clause_node_dd2446e8d172e56223cf,HAS_REQUIREMENT,rule_ec6ec39282b132f0ff54,{},accepted
rel_d7ea8736a67856262638,rule_ec6ec39282b132f0ff54,DERIVED_FROM,clause_node_dd2446e8d172e56223cf,{},accepted
rel_f3cb0cd29369b9c28881,rule_ec6ec39282b132f0ff54,SUPPORTED_BY,evidence_7fa9fea83161270a770c,{},accepted
rel_829177e720e964ae4ab5,clause_node_dd2446e8d172e56223cf,HAS_REQUIREMENT,rule_b16bbef75f7f1a95d659,{},accepted
rel_0dd94b4e363af6ebcf88,rule_b16bbef75f7f1a95d659,DERIVED_FROM,clause_node_dd2446e8d172e56223cf,{},accepted
rel_6ad25b02808ecd88c767,rule_b16bbef75f7f1a95d659,SUPPORTED_BY,evidence_00fd400a7fd208364bbe,{},accepted
rel_94ee843fbf52ac6d2753,clause_node_8df533e7d86e220a5dfc,HAS_REQUIREMENT,rule_14e4453e84aee97f64f3,{},accepted
rel_dbd1edb7a7eb9a62520f,rule_14e4453e84aee97f64f3,DERIVED_FROM,clause_node_8df533e7d86e220a5dfc,{},accepted
rel_408f0ac9a0ab5a539ba9,rule_14e4453e84aee97f64f3,SUPPORTED_BY,evidence_2f014ea96840a40558e7,{},accepted
rel_e791ab25fb6fe7154f0f,clause_node_e89bf991f14a298cd43e,HAS_REQUIREMENT,rule_45d6da6a5989cf19e292,{},accepted
rel_3f35fca9cdf1e4572811,rule_45d6da6a5989cf19e292,DERIVED_FROM,clause_node_e89bf991f14a298cd43e,{},accepted
rel_1bd26bb41837413ec28b,rule_45d6da6a5989cf19e292,SUPPORTED_BY,evidence_75d45d5bcf74fdf87ae0,{},accepted
rel_3f7a7bce37f3f6dcc71b,clause_node_e89bf991f14a298cd43e,HAS_REQUIREMENT,rule_aa822e00bed50b8d4986,{},accepted
rel_59cad41c5588e2b37683,rule_aa822e00bed50b8d4986,DERIVED_FROM,clause_node_e89bf991f14a298cd43e,{},accepted
rel_41dccb8cfe9f0d9fb237,rule_aa822e00bed50b8d4986,SUPPORTED_BY,evidence_75d45d5bcf74fdf87ae0,{},accepted
rel_fd8e6de38956a05f63c8,clause_node_e89bf991f14a298cd43e,HAS_REQUIREMENT,rule_bd1e63fefcccd4c2e04d,{},accepted
rel_02ce17db1c595a574f89,rule_bd1e63fefcccd4c2e04d,DERIVED_FROM,clause_node_e89bf991f14a298cd43e,{},accepted
rel_0f094a52d9c6acc6696a,rule_bd1e63fefcccd4c2e04d,SUPPORTED_BY,evidence_75d45d5bcf74fdf87ae0,{},accepted
rel_7121736b7d1e73d2e5d7,clause_node_e89bf991f14a298cd43e,HAS_REQUIREMENT,rule_51f7225f0a66b8005437,{},accepted
rel_3bebc4b38a714f48d291,rule_51f7225f0a66b8005437,DERIVED_FROM,clause_node_e89bf991f14a298cd43e,{},accepted
rel_e708a240b0c4a7e0a876,rule_51f7225f0a66b8005437,SUPPORTED_BY,evidence_75d45d5bcf74fdf87ae0,{},accepted
rel_f0db5d086b37569cd021,clause_node_c81db54f568e7eb328db,HAS_REQUIREMENT,rule_554dd155001e08dac4cd,{},accepted
rel_52c0eb3f28b7d1830792,rule_554dd155001e08dac4cd,DERIVED_FROM,clause_node_c81db54f568e7eb328db,{},accepted
rel_68de5f2ea121f9f1238d,rule_554dd155001e08dac4cd,SUPPORTED_BY,evidence_b5199f4993cc3423f4e0,{},accepted
rel_ec8f899c4b4548bd3821,clause_node_c81db54f568e7eb328db,HAS_REQUIREMENT,rule_d508516f1c81492309dd,{},accepted
rel_e8ef231449c670e6a060,rule_d508516f1c81492309dd,DERIVED_FROM,clause_node_c81db54f568e7eb328db,{},accepted
rel_3eec2f0dda2acc6d0170,rule_d508516f1c81492309dd,SUPPORTED_BY,evidence_b5199f4993cc3423f4e0,{},accepted
rel_41149ea5f450911e5d7f,clause_node_97b873622d90286db6be,HAS_REQUIREMENT,rule_27367ffc5a7b4147fe53,{},accepted
rel_53050eff3cbcc3e153c1,rule_27367ffc5a7b4147fe53,DERIVED_FROM,clause_node_97b873622d90286db6be,{},accepted
rel_f3aeebc6c78c3f8c8537,rule_27367ffc5a7b4147fe53,SUPPORTED_BY,evidence_8676456cf6dcd20140f3,{},accepted
rel_9bc56597daa21fc69025,clause_node_97b873622d90286db6be,HAS_REQUIREMENT,rule_099b169d960afd70b633,{},accepted
rel_e4354ba0aa2688c0d8da,rule_099b169d960afd70b633,DERIVED_FROM,clause_node_97b873622d90286db6be,{},accepted
rel_0d0aae8ca20084e56db6,rule_099b169d960afd70b633,SUPPORTED_BY,evidence_8676456cf6dcd20140f3,{},accepted
rel_a8d5a1dbe4f69e889d2b,clause_node_97b873622d90286db6be,HAS_REQUIREMENT,rule_923ea10246c2b82bb695,{},accepted
rel_a58839610a6183e47c4f,rule_923ea10246c2b82bb695,DERIVED_FROM,clause_node_97b873622d90286db6be,{},accepted
rel_4ccaf5c4f55609f0fee8,rule_923ea10246c2b82bb695,SUPPORTED_BY,evidence_8676456cf6dcd20140f3,{},accepted
rel_3b5c2563e7bcbf658217,clause_node_97b873622d90286db6be,HAS_REQUIREMENT,rule_316a6fddef87314a0b15,{},accepted
rel_2fd6262c2993268a1faa,rule_316a6fddef87314a0b15,DERIVED_FROM,clause_node_97b873622d90286db6be,{},accepted
rel_b11f6cf00328874ca73c,rule_316a6fddef87314a0b15,SUPPORTED_BY,evidence_8676456cf6dcd20140f3,{},accepted
rel_6bea622d70495b774277,clause_node_97b873622d90286db6be,HAS_REQUIREMENT,rule_51b4d205eb545625bb09,{},accepted
rel_6d7644116818b6e861d6,rule_51b4d205eb545625bb09,DERIVED_FROM,clause_node_97b873622d90286db6be,{},accepted
rel_204fa00360f8c39df20c,rule_51b4d205eb545625bb09,SUPPORTED_BY,evidence_8676456cf6dcd20140f3,{},accepted
rel_754dab41e5b789b11953,clause_node_97b873622d90286db6be,HAS_REQUIREMENT,rule_23bafbffffdc2e69b5cd,{},accepted
rel_38c6d772578dda7e9082,rule_23bafbffffdc2e69b5cd,DERIVED_FROM,clause_node_97b873622d90286db6be,{},accepted
rel_40abc442df547c63873e,rule_23bafbffffdc2e69b5cd,SUPPORTED_BY,evidence_8676456cf6dcd20140f3,{},accepted
rel_feeace0b0d0c508e2801,clause_node_97b873622d90286db6be,HAS_REQUIREMENT,rule_b72e374d6bbbd57260e9,{},accepted
rel_00832b932abf2fa3e299,rule_b72e374d6bbbd57260e9,DERIVED_FROM,clause_node_97b873622d90286db6be,{},accepted
rel_f476100f18d346650cbf,rule_b72e374d6bbbd57260e9,SUPPORTED_BY,evidence_8676456cf6dcd20140f3,{},accepted
rel_863769acb642b3da0b92,clause_node_97b873622d90286db6be,HAS_REQUIREMENT,rule_d759079ce826c197005d,{},accepted
rel_86735982b92b468501d6,rule_d759079ce826c197005d,DERIVED_FROM,clause_node_97b873622d90286db6be,{},accepted
rel_b0aca2bf2532d8f572e3,rule_d759079ce826c197005d,SUPPORTED_BY,evidence_8676456cf6dcd20140f3,{},accepted
rel_8cf857e9eed9bcd8b8d2,clause_node_28943a4bbb942291873e,HAS_REQUIREMENT,rule_500addb69a2e07d5b9f5,{},accepted
rel_accf3299f80f025c5d04,rule_500addb69a2e07d5b9f5,DERIVED_FROM,clause_node_28943a4bbb942291873e,{},accepted
rel_1d9fe86e97e528efe912,rule_500addb69a2e07d5b9f5,SUPPORTED_BY,evidence_c53e3425e170de02519a,{},accepted
rel_f918229e1156f525f2cd,clause_node_28943a4bbb942291873e,HAS_REQUIREMENT,rule_3997fe2d33c328cdaf84,{},accepted
rel_c78525c49175326988a8,rule_3997fe2d33c328cdaf84,DERIVED_FROM,clause_node_28943a4bbb942291873e,{},accepted
rel_abca77c325e51e6ee736,rule_3997fe2d33c328cdaf84,SUPPORTED_BY,evidence_c53e3425e170de02519a,{},accepted
rel_25dfa03a9ddad1fda1f1,clause_node_a5b79a26d10549c2820e,HAS_REQUIREMENT,rule_4d2a14d8be7f3ab41cc4,{},accepted
rel_c3b2d8832140a67db32a,rule_4d2a14d8be7f3ab41cc4,DERIVED_FROM,clause_node_a5b79a26d10549c2820e,{},accepted
rel_8a7a66cadbcca0c6e8a6,rule_4d2a14d8be7f3ab41cc4,SUPPORTED_BY,evidence_ea8cb3b8edbd531f9a98,{},accepted
rel_0c77e06f4d4dd827ca71,clause_node_dd2446e8d172e56223cf,HAS_REQUIREMENT,rule_85e0f3acb97e3a3aba10,{},accepted
rel_ad6aabbfc2bc9aa36449,rule_85e0f3acb97e3a3aba10,DERIVED_FROM,clause_node_dd2446e8d172e56223cf,{},accepted
rel_82bc38c35965a918f70e,rule_85e0f3acb97e3a3aba10,SUPPORTED_BY,evidence_ebde3a38c12465816cae,{},accepted
rel_8cfb74a0c73da2e5c4b6,clause_node_8df533e7d86e220a5dfc,HAS_REQUIREMENT,rule_22a5a4f045946b046b7d,{},accepted
rel_3bd5e5b0882fc31bd0f2,rule_22a5a4f045946b046b7d,DERIVED_FROM,clause_node_8df533e7d86e220a5dfc,{},accepted
rel_8a2a7b79635aa5295363,rule_22a5a4f045946b046b7d,SUPPORTED_BY,evidence_c5db277b0c708629eb79,{},accepted
rel_193a59c1eac8d0df3ff7,clause_node_8df533e7d86e220a5dfc,HAS_REQUIREMENT,rule_d1d58a1070e395451f78,{},accepted
rel_d5fec9ba0e1c3c918645,rule_d1d58a1070e395451f78,DERIVED_FROM,clause_node_8df533e7d86e220a5dfc,{},accepted
rel_90a0a23fba518a21735c,rule_d1d58a1070e395451f78,SUPPORTED_BY,evidence_c5db277b0c708629eb79,{},accepted
rel_1176363f0951514e5730,clause_node_8df533e7d86e220a5dfc,HAS_REQUIREMENT,rule_d91ababd41438b621b73,{},accepted
rel_649ec6d16e1762ec4e5e,rule_d91ababd41438b621b73,DERIVED_FROM,clause_node_8df533e7d86e220a5dfc,{},accepted
rel_f0fd9a9e0bc7fe5b1cac,rule_d91ababd41438b621b73,SUPPORTED_BY,evidence_c5db277b0c708629eb79,{},accepted
rel_c34d5812a5cac1aabb33,clause_node_8df533e7d86e220a5dfc,HAS_REQUIREMENT,rule_8172ff7da26bc5fa5f63,{},accepted
rel_97cdc6caceaad714fa4c,rule_8172ff7da26bc5fa5f63,DERIVED_FROM,clause_node_8df533e7d86e220a5dfc,{},accepted
rel_b618c114ae30d939e834,rule_8172ff7da26bc5fa5f63,SUPPORTED_BY,evidence_c5db277b0c708629eb79,{},accepted
rel_6fdd26dc211fad0ccc27,clause_node_e89bf991f14a298cd43e,HAS_REQUIREMENT,rule_61a1321f369744d22f26,{},accepted
rel_94a1bb7373f11be509d2,rule_61a1321f369744d22f26,DERIVED_FROM,clause_node_e89bf991f14a298cd43e,{},accepted
rel_006319c28ed8366e9b12,rule_61a1321f369744d22f26,SUPPORTED_BY,evidence_74ed7addb8cf3b365f6b,{},accepted
rel_343cf6513e87ae9b7a23,standard_node_52c1b52c1f4b0df77db4,HAS_CLAUSE,clause_node_1b7f36ea16d8cfd7362c,{},accepted
rel_ae06609d1f6d74c24ab7,clause_node_1b7f36ea16d8cfd7362c,HAS_REQUIREMENT,rule_52100385def4f8fff1f7,{},accepted
rel_87c7653d9752f0613661,rule_52100385def4f8fff1f7,DERIVED_FROM,clause_node_1b7f36ea16d8cfd7362c,{},accepted
rel_b829f58dabd6bfcf4941,rule_52100385def4f8fff1f7,SUPPORTED_BY,evidence_b2550e220a814ad622bb,{},accepted
rel_75e8e97c900e003ad36a,standard_node_52c1b52c1f4b0df77db4,HAS_CLAUSE,clause_node_5cef71ff331b2c5def6a,{},accepted
rel_f1366ef2dfd1c292a936,clause_node_5cef71ff331b2c5def6a,HAS_REQUIREMENT,rule_4c0f98b2b7c8b10212bd,{},accepted
rel_33cb38965eb923f7012a,rule_4c0f98b2b7c8b10212bd,DERIVED_FROM,clause_node_5cef71ff331b2c5def6a,{},accepted
rel_dbf14d4360a287f2eae3,rule_4c0f98b2b7c8b10212bd,SUPPORTED_BY,evidence_925b2a9ac54ba8a65b7d,{},accepted
rel_e93f2dbacbc0e9d56fd6,clause_node_5cef71ff331b2c5def6a,HAS_REQUIREMENT,rule_f191e91b58f27003aa67,{},accepted
rel_1bda23427528f6e7ace7,rule_f191e91b58f27003aa67,DERIVED_FROM,clause_node_5cef71ff331b2c5def6a,{},accepted
rel_b86739b011af59c4fe71,rule_f191e91b58f27003aa67,SUPPORTED_BY,evidence_925b2a9ac54ba8a65b7d,{},accepted
rel_991bc9b4ca68e3cb94e9,standard_node_52c1b52c1f4b0df77db4,HAS_CLAUSE,clause_node_7df60edd3a7e69fb4523,{},accepted
rel_5b25e71adf65f1bc0d63,clause_node_7df60edd3a7e69fb4523,HAS_REQUIREMENT,rule_0484068c9354db58eb48,{},accepted
rel_1decf507db1b70d0224e,rule_0484068c9354db58eb48,DERIVED_FROM,clause_node_7df60edd3a7e69fb4523,{},accepted
rel_bafb3ba502d6ae94c85f,rule_0484068c9354db58eb48,SUPPORTED_BY,evidence_08f3781457e0ac830b2e,{},accepted
rel_461cded9e91372cc38ad,clause_node_7df60edd3a7e69fb4523,HAS_REQUIREMENT,rule_525927cfbe18394cf6c8,{},accepted
rel_34ae8e672d008719f72a,rule_525927cfbe18394cf6c8,DERIVED_FROM,clause_node_7df60edd3a7e69fb4523,{},accepted
rel_87f7f3a04caef6486f28,rule_525927cfbe18394cf6c8,SUPPORTED_BY,evidence_08f3781457e0ac830b2e,{},accepted
rel_bf99476c687cde30ace8,clause_node_a5b79a26d10549c2820e,HAS_REQUIREMENT,rule_0a810c9955d3495f32dd,{},accepted
rel_dd959dff617af8a8bfc7,rule_0a810c9955d3495f32dd,DERIVED_FROM,clause_node_a5b79a26d10549c2820e,{},accepted
rel_fd57a287851f4e78af50,rule_0a810c9955d3495f32dd,SUPPORTED_BY,evidence_f4f36111419a81acfbc7,{},accepted
rel_5f2ced3f9ad7c1d04266,clause_node_a5b79a26d10549c2820e,HAS_REQUIREMENT,rule_151c90210cff293ccb18,{},accepted
rel_f425db84f7253a2acb7f,rule_151c90210cff293ccb18,DERIVED_FROM,clause_node_a5b79a26d10549c2820e,{},accepted
rel_06aaec1eefa8569adaae,rule_151c90210cff293ccb18,SUPPORTED_BY,evidence_f4f36111419a81acfbc7,{},accepted
rel_11e56bc4af8c3d2c5eaa,clause_node_a5b79a26d10549c2820e,HAS_REQUIREMENT,rule_450c7b9d8983fda14112,{},accepted
rel_cdd5e5ae4fcd51c1813d,rule_450c7b9d8983fda14112,DERIVED_FROM,clause_node_a5b79a26d10549c2820e,{},accepted
rel_78da75fc73130e999ddc,rule_450c7b9d8983fda14112,SUPPORTED_BY,evidence_f4f36111419a81acfbc7,{},accepted
rel_f6ab4adceed5a6d48cc5,clause_node_dd2446e8d172e56223cf,HAS_REQUIREMENT,rule_0e319af94d85714ea572,{},accepted
rel_aa552fa012c6984cd262,rule_0e319af94d85714ea572,DERIVED_FROM,clause_node_dd2446e8d172e56223cf,{},accepted
rel_e156542d9f78c9fbb5c1,rule_0e319af94d85714ea572,SUPPORTED_BY,evidence_99c0959d71896e7af6c8,{},accepted
rel_fc7ba6abcd50606e1f62,clause_node_dd2446e8d172e56223cf,HAS_REQUIREMENT,rule_948b9c2a3bd3bc58cb78,{},accepted
rel_7af9570143b70b1c41c0,rule_948b9c2a3bd3bc58cb78,DERIVED_FROM,clause_node_dd2446e8d172e56223cf,{},accepted
rel_912407fab907ed7001a1,rule_948b9c2a3bd3bc58cb78,SUPPORTED_BY,evidence_99c0959d71896e7af6c8,{},accepted
rel_b7bd7b4d8aa8d54a0b00,clause_node_dd2446e8d172e56223cf,HAS_REQUIREMENT,rule_0ae40c640311ebb3906a,{},accepted
rel_0e648696bd72861d9241,rule_0ae40c640311ebb3906a,DERIVED_FROM,clause_node_dd2446e8d172e56223cf,{},accepted
rel_d39da712918deede6776,rule_0ae40c640311ebb3906a,SUPPORTED_BY,evidence_99c0959d71896e7af6c8,{},accepted
rel_6dda0d15739b02585528,clause_node_dd2446e8d172e56223cf,HAS_REQUIREMENT,rule_78c6355194cffe86bf44,{},accepted
rel_0f8f8452c442fe9028e6,rule_78c6355194cffe86bf44,DERIVED_FROM,clause_node_dd2446e8d172e56223cf,{},accepted
rel_fbc7f4c83e85135eb9d3,rule_78c6355194cffe86bf44,SUPPORTED_BY,evidence_99c0959d71896e7af6c8,{},accepted
rel_fef3c70294bb91514927,clause_node_8df533e7d86e220a5dfc,HAS_REQUIREMENT,rule_6d38da09100d385ec554,{},accepted
rel_cfeac2186637f1cb82e1,rule_6d38da09100d385ec554,DERIVED_FROM,clause_node_8df533e7d86e220a5dfc,{},accepted
rel_d2fb72ae5ae00aa57635,rule_6d38da09100d385ec554,SUPPORTED_BY,evidence_5bba4ba735980ce5b75e,{},accepted
rel_38a37ce59b7d78bc0f74,clause_node_8df533e7d86e220a5dfc,HAS_REQUIREMENT,rule_c8b41c7bc618e635a686,{},accepted
rel_c153d52bf16d73ea474b,rule_c8b41c7bc618e635a686,DERIVED_FROM,clause_node_8df533e7d86e220a5dfc,{},accepted
rel_3539099f42cc39619386,rule_c8b41c7bc618e635a686,SUPPORTED_BY,evidence_5bba4ba735980ce5b75e,{},accepted
rel_262fc3b51aa98c871bcb,standard_node_52c1b52c1f4b0df77db4,HAS_CLAUSE,clause_node_1eb87c7fc49451a78a5f,{},accepted
rel_4c32e8714533b86ffbd7,clause_node_1eb87c7fc49451a78a5f,HAS_REQUIREMENT,rule_4a14f8ecf9db6a246fde,{},accepted
rel_9ca13ab39040744efa20,rule_4a14f8ecf9db6a246fde,DERIVED_FROM,clause_node_1eb87c7fc49451a78a5f,{},accepted
rel_12eed79dfc878cc10c18,rule_4a14f8ecf9db6a246fde,SUPPORTED_BY,evidence_e8ab75a3d9c57cd3605f,{},accepted
rel_46294656bd0d771b1cca,clause_node_1eb87c7fc49451a78a5f,HAS_REQUIREMENT,rule_b4b81ade2e40fc96b041,{},accepted
rel_b001058b075b1d7adf5c,rule_b4b81ade2e40fc96b041,DERIVED_FROM,clause_node_1eb87c7fc49451a78a5f,{},accepted
rel_fa59bfd96ab4ef458031,rule_b4b81ade2e40fc96b041,SUPPORTED_BY,evidence_e8ab75a3d9c57cd3605f,{},accepted
rel_f0454b50443239ac8f81,clause_node_1eb87c7fc49451a78a5f,HAS_REQUIREMENT,rule_98a5c0e6c58e907c1373,{},accepted
rel_b960bb0af26481d167e6,rule_98a5c0e6c58e907c1373,DERIVED_FROM,clause_node_1eb87c7fc49451a78a5f,{},accepted
rel_fb28392acd973aa3e33c,rule_98a5c0e6c58e907c1373,SUPPORTED_BY,evidence_e8ab75a3d9c57cd3605f,{},accepted
rel_7c0f0ec1ffc3e17f88d1,standard_node_52c1b52c1f4b0df77db4,HAS_CLAUSE,clause_node_239f6d904b6a2a1e99a5,{},accepted
rel_e4d33881c5c223f9a862,clause_node_239f6d904b6a2a1e99a5,HAS_REQUIREMENT,rule_89277029d38ca68db175,{},accepted
rel_83b884449f2255551075,rule_89277029d38ca68db175,DERIVED_FROM,clause_node_239f6d904b6a2a1e99a5,{},accepted
rel_07a18a2c39d2eb8ce9c7,rule_89277029d38ca68db175,SUPPORTED_BY,evidence_041d099db2fe82cd06d0,{},accepted
rel_8bdc837aec51ef0a7d45,clause_node_239f6d904b6a2a1e99a5,HAS_REQUIREMENT,rule_0c0f8b05680f08855e16,{},accepted
rel_e8e0c914c517e59104f2,rule_0c0f8b05680f08855e16,DERIVED_FROM,clause_node_239f6d904b6a2a1e99a5,{},accepted
rel_1cf452db35ef997cf8af,rule_0c0f8b05680f08855e16,SUPPORTED_BY,evidence_041d099db2fe82cd06d0,{},accepted
rel_ea9f4b05584809efa939,standard_node_52c1b52c1f4b0df77db4,HAS_CLAUSE,clause_node_099c2c4c8072f75c282b,{},accepted
rel_3c74b61c6b2c2a38cbd4,clause_node_099c2c4c8072f75c282b,HAS_REQUIREMENT,rule_19c52c09631396eba5de,{},accepted
rel_b9e0aad06ccc9754c2fa,rule_19c52c09631396eba5de,DERIVED_FROM,clause_node_099c2c4c8072f75c282b,{},accepted
rel_0f45b498c26c56182a37,rule_19c52c09631396eba5de,SUPPORTED_BY,evidence_69ad4d8b1cb436eabe0c,{},accepted
rel_f05352159a97b9c9f45b,clause_node_099c2c4c8072f75c282b,HAS_REQUIREMENT,rule_79a6b00ea3c178fdecef,{},accepted
rel_4a4f8730762be2393923,rule_79a6b00ea3c178fdecef,DERIVED_FROM,clause_node_099c2c4c8072f75c282b,{},accepted
rel_ca0d51ac6046943206a7,rule_79a6b00ea3c178fdecef,SUPPORTED_BY,evidence_69ad4d8b1cb436eabe0c,{},accepted
rel_b59ffde3135d440dac29,clause_node_099c2c4c8072f75c282b,HAS_REQUIREMENT,rule_cee2ec9f24cb6d1595de,{},accepted
rel_50e5c4f1caece661c63a,rule_cee2ec9f24cb6d1595de,DERIVED_FROM,clause_node_099c2c4c8072f75c282b,{},accepted
rel_0c2770025cff5d2389b0,rule_cee2ec9f24cb6d1595de,SUPPORTED_BY,evidence_69ad4d8b1cb436eabe0c,{},accepted
rel_ed011fb02f44aac63c93,clause_node_099c2c4c8072f75c282b,HAS_REQUIREMENT,rule_ab0a2b52c6c1fe0cdecf,{},accepted
rel_de4f9384145f90edc230,rule_ab0a2b52c6c1fe0cdecf,DERIVED_FROM,clause_node_099c2c4c8072f75c282b,{},accepted
rel_3960aa39691b5d93840e,rule_ab0a2b52c6c1fe0cdecf,SUPPORTED_BY,evidence_69ad4d8b1cb436eabe0c,{},accepted
rel_98d1a3cdc1996da257be,clause_node_099c2c4c8072f75c282b,HAS_REQUIREMENT,rule_d2b2f12474a68bc3154e,{},accepted
rel_5d27c27da504ad40d68f,rule_d2b2f12474a68bc3154e,DERIVED_FROM,clause_node_099c2c4c8072f75c282b,{},accepted
rel_3a8e72fe44cb797b81a1,rule_d2b2f12474a68bc3154e,SUPPORTED_BY,evidence_69ad4d8b1cb436eabe0c,{},accepted
rel_5e5f8eaa9e1b8b04d7ef,standard_node_52c1b52c1f4b0df77db4,HAS_CLAUSE,clause_node_062e6891d93262a3532a,{},accepted
rel_b02a6f033b4389c552db,clause_node_062e6891d93262a3532a,HAS_REQUIREMENT,rule_f7e1adc989a6b9fbf7ab,{},accepted
rel_379a29c0d0ba8eaf3b8c,rule_f7e1adc989a6b9fbf7ab,DERIVED_FROM,clause_node_062e6891d93262a3532a,{},accepted
rel_0217773057bb2f7bf52e,rule_f7e1adc989a6b9fbf7ab,SUPPORTED_BY,evidence_931b46ad9d364b09a739,{},accepted
rel_ae0799c41bef86d0d035,standard_node_52c1b52c1f4b0df77db4,HAS_CLAUSE,clause_node_de66981f6a8a72daed70,{},accepted
rel_bd96a0314814a18c6f05,clause_node_de66981f6a8a72daed70,HAS_REQUIREMENT,rule_2089d062a113f6207498,{},accepted
rel_320ad968da312469599e,rule_2089d062a113f6207498,DERIVED_FROM,clause_node_de66981f6a8a72daed70,{},accepted
rel_c7f77bc463512bca331a,rule_2089d062a113f6207498,SUPPORTED_BY,evidence_44dfc2fbc3bb8973da4a,{},accepted
rel_162a626cb2aa7cb07534,clause_node_a5b79a26d10549c2820e,HAS_REQUIREMENT,rule_8e9c8ebae25e20217da1,{},accepted
rel_d077aae1eda6e8072727,rule_8e9c8ebae25e20217da1,DERIVED_FROM,clause_node_a5b79a26d10549c2820e,{},accepted
rel_378c0e77d37eb3e077cc,rule_8e9c8ebae25e20217da1,SUPPORTED_BY,evidence_16ff574221352423dd86,{},accepted
rel_b2d86def817ca42cddff,clause_node_a5b79a26d10549c2820e,HAS_REQUIREMENT,rule_59e2b2db74b50c353e0b,{},accepted
rel_dfed18bead2e19e3e3df,rule_59e2b2db74b50c353e0b,DERIVED_FROM,clause_node_a5b79a26d10549c2820e,{},accepted
rel_ceef06f2506051b58c71,rule_59e2b2db74b50c353e0b,SUPPORTED_BY,evidence_16ff574221352423dd86,{},accepted
rel_06bce70f7a1bac1efa6f,clause_node_a5b79a26d10549c2820e,HAS_REQUIREMENT,rule_7d2287817b7dbb7157b5,{},accepted
rel_2628aa38fc4dae8abf60,rule_7d2287817b7dbb7157b5,DERIVED_FROM,clause_node_a5b79a26d10549c2820e,{},accepted
rel_d335a0b34c1114a164bb,rule_7d2287817b7dbb7157b5,SUPPORTED_BY,evidence_16ff574221352423dd86,{},accepted
rel_3dc4ca8bcebfbe9ea9df,clause_node_a5b79a26d10549c2820e,HAS_REQUIREMENT,rule_0a2c1ad08a44af2d9e15,{},accepted
rel_742d389f048bf1db64f0,rule_0a2c1ad08a44af2d9e15,DERIVED_FROM,clause_node_a5b79a26d10549c2820e,{},accepted
rel_d81fbb94e552ce368d2f,rule_0a2c1ad08a44af2d9e15,SUPPORTED_BY,evidence_16ff574221352423dd86,{},accepted
rel_a12b9d06334770dab308,clause_node_8df533e7d86e220a5dfc,HAS_REQUIREMENT,rule_b7a8c48379402b1d9cba,{},accepted
rel_0b82e245e674ff865e0d,rule_b7a8c48379402b1d9cba,DERIVED_FROM,clause_node_8df533e7d86e220a5dfc,{},accepted
rel_2862799b4a4a079343fc,rule_b7a8c48379402b1d9cba,SUPPORTED_BY,evidence_cd0566287611b0612365,{},accepted
rel_eb3984e2703be9c2e374,clause_node_8df533e7d86e220a5dfc,HAS_REQUIREMENT,rule_fecaf5389b25f221b3ca,{},accepted
rel_a58ca62964b2a531edaf,rule_fecaf5389b25f221b3ca,DERIVED_FROM,clause_node_8df533e7d86e220a5dfc,{},accepted
rel_f2991fef1c0bc33c6ecc,rule_fecaf5389b25f221b3ca,SUPPORTED_BY,evidence_cd0566287611b0612365,{},accepted
rel_acb6f8909c18ee9fd1c0,clause_node_e89bf991f14a298cd43e,HAS_REQUIREMENT,rule_1cde75d59cb6d052d470,{},accepted
rel_15199e5016a628171341,rule_1cde75d59cb6d052d470,DERIVED_FROM,clause_node_e89bf991f14a298cd43e,{},accepted
rel_c3adf22f5baf8027db21,rule_1cde75d59cb6d052d470,SUPPORTED_BY,evidence_3e322360a754529cdd4f,{},accepted
rel_b68d9465d9ec37e6e233,clause_node_e89bf991f14a298cd43e,HAS_REQUIREMENT,rule_6931287631d11d076971,{},accepted
rel_ffd23cc8c11331a8296b,rule_6931287631d11d076971,DERIVED_FROM,clause_node_e89bf991f14a298cd43e,{},accepted
rel_40e779c8b67ca44b0d58,rule_6931287631d11d076971,SUPPORTED_BY,evidence_3e322360a754529cdd4f,{},accepted
rel_e229d225f8dda2d5d6ee,clause_node_e89bf991f14a298cd43e,HAS_REQUIREMENT,rule_96287e0543b70379af73,{},accepted
rel_a340009a2f20080a7e45,rule_96287e0543b70379af73,DERIVED_FROM,clause_node_e89bf991f14a298cd43e,{},accepted
rel_d58ac912c7f61df2abd1,rule_96287e0543b70379af73,SUPPORTED_BY,evidence_3e322360a754529cdd4f,{},accepted
rel_c6ce38f9f6c25eb2c2c8,clause_node_c81db54f568e7eb328db,HAS_REQUIREMENT,rule_7029ceb24ad0d6837a62,{},accepted
rel_8830c0d16715e863002e,rule_7029ceb24ad0d6837a62,DERIVED_FROM,clause_node_c81db54f568e7eb328db,{},accepted
rel_b5d118e48fdb57423315,rule_7029ceb24ad0d6837a62,SUPPORTED_BY,evidence_04d26f696b53ed97d9a1,{},accepted
rel_4897a51d2e42ecc8629d,clause_node_97b873622d90286db6be,HAS_REQUIREMENT,rule_84e862c6994189402515,{},accepted
rel_a9258e4d21940367d8cd,rule_84e862c6994189402515,DERIVED_FROM,clause_node_97b873622d90286db6be,{},accepted
rel_c012a4f0af5dc6196133,rule_84e862c6994189402515,SUPPORTED_BY,evidence_b77e1ad82a8bde57bd5f,{},accepted
rel_7f5b2f613ec6486b88ba,standard_node_52c1b52c1f4b0df77db4,HAS_CLAUSE,clause_node_f5707ba707ac3809f539,{},accepted
rel_3ae568024c008358e9e6,clause_node_f5707ba707ac3809f539,HAS_REQUIREMENT,rule_1c66deaa69524376a6b4,{},accepted
rel_58c53249784223510b12,rule_1c66deaa69524376a6b4,DERIVED_FROM,clause_node_f5707ba707ac3809f539,{},accepted
rel_7eff07a5251d6f3f5ccb,rule_1c66deaa69524376a6b4,SUPPORTED_BY,evidence_6ae905af61ae7a0540da,{},accepted
rel_e72099fbcd92106740fe,clause_node_f5707ba707ac3809f539,HAS_REQUIREMENT,rule_a2bbfb9f903ae1b9fa87,{},accepted
rel_c14a7120c624bc1d61e4,rule_a2bbfb9f903ae1b9fa87,DERIVED_FROM,clause_node_f5707ba707ac3809f539,{},accepted
rel_add128ec190d034e15d3,rule_a2bbfb9f903ae1b9fa87,SUPPORTED_BY,evidence_6ae905af61ae7a0540da,{},accepted
rel_57530e75ea36490eeac5,standard_node_52c1b52c1f4b0df77db4,HAS_CLAUSE,clause_node_6995815890cd3b5a4e2f,{},accepted
rel_dbe0dcd3be255274d3ed,clause_node_6995815890cd3b5a4e2f,HAS_REQUIREMENT,rule_58402cd8d88a16e9de32,{},accepted
rel_d66957fc544d34bfd50e,rule_58402cd8d88a16e9de32,DERIVED_FROM,clause_node_6995815890cd3b5a4e2f,{},accepted
rel_a440181320cb9ce07a39,rule_58402cd8d88a16e9de32,SUPPORTED_BY,evidence_fe7743ed34f39391c214,{},accepted
rel_2decb754dfb81652f7c4,standard_node_52c1b52c1f4b0df77db4,HAS_CLAUSE,clause_node_7b42ee4c5cdf271d05cf,{},accepted
rel_d7816fd1a0125debea0b,clause_node_7b42ee4c5cdf271d05cf,HAS_REQUIREMENT,rule_730af46b17491b541e2b,{},accepted
rel_3f03c00bfd932fcaefb9,rule_730af46b17491b541e2b,DERIVED_FROM,clause_node_7b42ee4c5cdf271d05cf,{},accepted
rel_662755d98e6a28d91712,rule_730af46b17491b541e2b,SUPPORTED_BY,evidence_b1ef9d1e6ae6de4f62b3,{},accepted
rel_a7eabe0ee9fda55775ee,clause_node_7b42ee4c5cdf271d05cf,HAS_REQUIREMENT,rule_64d61e92591e306658db,{},accepted
rel_f99caf5b1be8dbadbdec,rule_64d61e92591e306658db,DERIVED_FROM,clause_node_7b42ee4c5cdf271d05cf,{},accepted
rel_b1265e90fdb15254f04b,rule_64d61e92591e306658db,SUPPORTED_BY,evidence_b1ef9d1e6ae6de4f62b3,{},accepted
rel_30d9e645f581ca59effd,standard_node_52c1b52c1f4b0df77db4,HAS_CLAUSE,clause_node_8a8d68492d0f7f87eeb3,{},accepted
rel_8ec7fadb7d761e973e1a,clause_node_8a8d68492d0f7f87eeb3,HAS_REQUIREMENT,rule_034d4f13aecce090ba27,{},accepted
rel_24f18ebd639d2d6d209c,rule_034d4f13aecce090ba27,DERIVED_FROM,clause_node_8a8d68492d0f7f87eeb3,{},accepted
rel_55fd27fabbd8937d4659,rule_034d4f13aecce090ba27,SUPPORTED_BY,evidence_13de3645ce6c3b291e71,{},accepted
rel_c20917f5398cd1fc95d9,clause_node_8a8d68492d0f7f87eeb3,HAS_REQUIREMENT,rule_0158b7517aafeb3fdc71,{},accepted
rel_0d9b2a671df89745769f,rule_0158b7517aafeb3fdc71,DERIVED_FROM,clause_node_8a8d68492d0f7f87eeb3,{},accepted
rel_7b5a01fd60e9c8f7854e,rule_0158b7517aafeb3fdc71,SUPPORTED_BY,evidence_13de3645ce6c3b291e71,{},accepted
rel_f42177cf8e2e87e86dda,standard_node_52c1b52c1f4b0df77db4,HAS_CLAUSE,clause_node_e37133b9a3777507fcb3,{},accepted
rel_f0d6641d68a535de59d3,clause_node_e37133b9a3777507fcb3,HAS_REQUIREMENT,rule_6440dcdcd20c0910754f,{},accepted
rel_910b3601f20cfc39fbb9,rule_6440dcdcd20c0910754f,DERIVED_FROM,clause_node_e37133b9a3777507fcb3,{},accepted
rel_f7146426f9c5dc169c99,rule_6440dcdcd20c0910754f,SUPPORTED_BY,evidence_78ee3bf58d34d7093103,{},accepted
rel_3b7fc7b739ed7bf3bb6c,clause_node_e37133b9a3777507fcb3,HAS_REQUIREMENT,rule_055023258262211fd9a2,{},accepted
rel_4afb22a0fdd136b6428b,rule_055023258262211fd9a2,DERIVED_FROM,clause_node_e37133b9a3777507fcb3,{},accepted
rel_844a6872d712f02d0323,rule_055023258262211fd9a2,SUPPORTED_BY,evidence_78ee3bf58d34d7093103,{},accepted
rel_b228d013e66fd2528a5e,standard_node_52c1b52c1f4b0df77db4,HAS_CLAUSE,clause_node_3d9a9e137948ae90e5de,{},accepted
rel_716df370bdaa914756cf,clause_node_3d9a9e137948ae90e5de,HAS_REQUIREMENT,rule_cbca6309e2ae17cef7c8,{},accepted
rel_75fee2433b5275d7ddf8,rule_cbca6309e2ae17cef7c8,DERIVED_FROM,clause_node_3d9a9e137948ae90e5de,{},accepted
rel_f457e2731d9bd5ce6b24,rule_cbca6309e2ae17cef7c8,SUPPORTED_BY,evidence_e46ae2c0d0cf4386e41a,{},accepted
rel_186ed421f2579e4c3526,clause_node_3d9a9e137948ae90e5de,HAS_REQUIREMENT,rule_2069f413fe953b5f52e5,{},accepted
rel_d2060c90ed6bfe2148b2,rule_2069f413fe953b5f52e5,DERIVED_FROM,clause_node_3d9a9e137948ae90e5de,{},accepted
rel_7149b1958e5d2fb04b6f,rule_2069f413fe953b5f52e5,SUPPORTED_BY,evidence_e46ae2c0d0cf4386e41a,{},accepted
rel_83b198e5f54d9aca2b10,standard_node_52c1b52c1f4b0df77db4,HAS_CLAUSE,clause_node_e7b9f51ab89d5497f980,{},accepted
rel_8edd5d5db1d2651bed1b,clause_node_e7b9f51ab89d5497f980,HAS_REQUIREMENT,rule_57f59a719d3598c9da62,{},accepted
rel_1a586e3c27f426881e7c,rule_57f59a719d3598c9da62,DERIVED_FROM,clause_node_e7b9f51ab89d5497f980,{},accepted
rel_52c02808d1de4feee58a,rule_57f59a719d3598c9da62,SUPPORTED_BY,evidence_2d28c7d611ab8b857673,{},accepted
rel_7c71e650c3e5d06363d0,standard_node_52c1b52c1f4b0df77db4,HAS_CLAUSE,clause_node_6555fc317ca58f35b761,{},accepted
rel_34756222ded23c26c9d4,clause_node_6555fc317ca58f35b761,HAS_REQUIREMENT,rule_836bfe0a060eb14a251c,{},accepted
rel_3db7834f1abf0dcdae38,rule_836bfe0a060eb14a251c,DERIVED_FROM,clause_node_6555fc317ca58f35b761,{},accepted
rel_dd5f6c06e5248101373a,rule_836bfe0a060eb14a251c,SUPPORTED_BY,evidence_962573cb8f23e5d6c8c1,{},accepted
rel_05ca9a78383ad15f9d6e,clause_node_6555fc317ca58f35b761,HAS_REQUIREMENT,rule_f2e14f89745c2be8d597,{},accepted
rel_d0fa23d58f9496a0ca99,rule_f2e14f89745c2be8d597,DERIVED_FROM,clause_node_6555fc317ca58f35b761,{},accepted
rel_f71574ef52d3353d0a0a,rule_f2e14f89745c2be8d597,SUPPORTED_BY,evidence_962573cb8f23e5d6c8c1,{},accepted
rel_e909c383e84a5aa35471,clause_node_6555fc317ca58f35b761,HAS_REQUIREMENT,rule_7a5601636b60971ad51e,{},accepted
rel_9d247186af3ebe636b4a,rule_7a5601636b60971ad51e,DERIVED_FROM,clause_node_6555fc317ca58f35b761,{},accepted
rel_2e85a31a8a46150b3e11,rule_7a5601636b60971ad51e,SUPPORTED_BY,evidence_962573cb8f23e5d6c8c1,{},accepted
rel_bf5ec2fd8ac4448033d9,clause_node_6555fc317ca58f35b761,HAS_REQUIREMENT,rule_c4119faab4660748cb17,{},accepted
rel_69b093a4240f2d966b2d,rule_c4119faab4660748cb17,DERIVED_FROM,clause_node_6555fc317ca58f35b761,{},accepted
rel_d050b676c7024f616c0d,rule_c4119faab4660748cb17,SUPPORTED_BY,evidence_962573cb8f23e5d6c8c1,{},accepted
rel_57d5a383143122537d40,clause_node_6555fc317ca58f35b761,HAS_REQUIREMENT,rule_700731f1b15499cd079d,{},accepted
rel_1ca60bc6bc71c37076d3,rule_700731f1b15499cd079d,DERIVED_FROM,clause_node_6555fc317ca58f35b761,{},accepted
rel_d3f5d032a7d28ea77917,rule_700731f1b15499cd079d,SUPPORTED_BY,evidence_962573cb8f23e5d6c8c1,{},accepted
rel_8c2f040d0f314506b18e,clause_node_6555fc317ca58f35b761,HAS_REQUIREMENT,rule_aae45fd5825f4e18eb7a,{},accepted
rel_2feb1503818255c97831,rule_aae45fd5825f4e18eb7a,DERIVED_FROM,clause_node_6555fc317ca58f35b761,{},accepted
rel_c813f885c0769c7153e2,rule_aae45fd5825f4e18eb7a,SUPPORTED_BY,evidence_962573cb8f23e5d6c8c1,{},accepted
rel_51950dba27cd7049eebb,clause_node_6555fc317ca58f35b761,HAS_REQUIREMENT,rule_be2742e4edafcd674a62,{},accepted
rel_2986d68a69b39926fd26,rule_be2742e4edafcd674a62,DERIVED_FROM,clause_node_6555fc317ca58f35b761,{},accepted
rel_58ed9ac06e996b4bf211,rule_be2742e4edafcd674a62,SUPPORTED_BY,evidence_962573cb8f23e5d6c8c1,{},accepted
rel_7f8544ed252b2014959c,clause_node_6555fc317ca58f35b761,HAS_REQUIREMENT,rule_1ada0cc9703978cd489d,{},accepted
rel_87e8fa76ec38f2c77027,rule_1ada0cc9703978cd489d,DERIVED_FROM,clause_node_6555fc317ca58f35b761,{},accepted
rel_aa20340d33e8b7eb0c10,rule_1ada0cc9703978cd489d,SUPPORTED_BY,evidence_962573cb8f23e5d6c8c1,{},accepted
rel_110a68c3a72e00f30b1a,standard_node_52c1b52c1f4b0df77db4,HAS_CLAUSE,clause_node_4dbd7fb95ff5bbccd7c2,{},accepted
rel_0e70ba20893b1a1498fc,clause_node_4dbd7fb95ff5bbccd7c2,HAS_REQUIREMENT,rule_8fc65647fdf1682de9fb,{},accepted
rel_4e79ceff930a1b3e8130,rule_8fc65647fdf1682de9fb,DERIVED_FROM,clause_node_4dbd7fb95ff5bbccd7c2,{},accepted
rel_16a99b70e2838106a39c,rule_8fc65647fdf1682de9fb,SUPPORTED_BY,evidence_a416d0fda610e15cf825,{},accepted
rel_0bf407b91a912fe5a827,clause_node_4dbd7fb95ff5bbccd7c2,HAS_REQUIREMENT,rule_e3fcdac6e7364129b176,{},accepted
rel_fa9fb18b2a0bc5fd9b41,rule_e3fcdac6e7364129b176,DERIVED_FROM,clause_node_4dbd7fb95ff5bbccd7c2,{},accepted
rel_602f65fc7b72de665d1e,rule_e3fcdac6e7364129b176,SUPPORTED_BY,evidence_a416d0fda610e15cf825,{},accepted
rel_aae34f2f6f32e0642122,standard_node_52c1b52c1f4b0df77db4,HAS_CLAUSE,clause_node_e77c397959d5324ce107,{},accepted
rel_62e66d2e47e982511623,clause_node_e77c397959d5324ce107,HAS_REQUIREMENT,rule_64b641ada098e9fcea7a,{},accepted
rel_1cf5ee176ce7aa6af57d,rule_64b641ada098e9fcea7a,DERIVED_FROM,clause_node_e77c397959d5324ce107,{},accepted
rel_79b7a958211f71bb0897,rule_64b641ada098e9fcea7a,SUPPORTED_BY,evidence_e68eafa0c937d9b9f899,{},accepted
rel_d74b8e084d78bb988c42,clause_node_e77c397959d5324ce107,HAS_REQUIREMENT,rule_2f21861e4cb6fea6669d,{},accepted
rel_84d8fc5b96a9c1459cb7,rule_2f21861e4cb6fea6669d,DERIVED_FROM,clause_node_e77c397959d5324ce107,{},accepted
rel_df7962a3a1bdbc3baed1,rule_2f21861e4cb6fea6669d,SUPPORTED_BY,evidence_e68eafa0c937d9b9f899,{},accepted
rel_63d0a7c7ca8fadcba5e7,standard_node_52c1b52c1f4b0df77db4,HAS_CLAUSE,clause_node_0a68d9f3969fe12b4f64,{},accepted
rel_64b395cfb408b9eafd99,clause_node_0a68d9f3969fe12b4f64,HAS_REQUIREMENT,rule_551933ffcbb0cc4589f7,{},accepted
rel_8b523001483dd2778158,rule_551933ffcbb0cc4589f7,DERIVED_FROM,clause_node_0a68d9f3969fe12b4f64,{},accepted
rel_929247b9d5746fb019c2,rule_551933ffcbb0cc4589f7,SUPPORTED_BY,evidence_0ba606eff7035caa2db9,{},accepted
rel_2818fdb50ce2dd057a0b,standard_node_52c1b52c1f4b0df77db4,HAS_CLAUSE,clause_node_5a2d89c6cb6cec4b21da,{},accepted
rel_df07accf473842f0630b,clause_node_5a2d89c6cb6cec4b21da,HAS_REQUIREMENT,rule_ee132b8f248d78bce413,{},accepted
rel_cfd428403313306ff649,rule_ee132b8f248d78bce413,DERIVED_FROM,clause_node_5a2d89c6cb6cec4b21da,{},accepted
rel_370298bc59c33604b257,rule_ee132b8f248d78bce413,SUPPORTED_BY,evidence_b0dc3fdbe96239ebb356,{},accepted
rel_a27e7bf46ee5a8c0339b,standard_node_52c1b52c1f4b0df77db4,HAS_CLAUSE,clause_node_cf39366bedc4dea3ce90,{},accepted
rel_c07f5a8fb853ee1619d1,clause_node_cf39366bedc4dea3ce90,HAS_REQUIREMENT,rule_44667dacfdba445b158a,{},accepted
rel_689bc286a644ef9d7c65,rule_44667dacfdba445b158a,DERIVED_FROM,clause_node_cf39366bedc4dea3ce90,{},accepted
rel_6a9da0f42d5ee2e72140,rule_44667dacfdba445b158a,SUPPORTED_BY,evidence_34f9a57fa0ff6b6c185b,{},accepted
rel_fedb2291806313ef169c,standard_node_52c1b52c1f4b0df77db4,HAS_CLAUSE,clause_node_f1ec6027a3505d5ff7bc,{},accepted
rel_27f798a43e66ae49043d,clause_node_f1ec6027a3505d5ff7bc,HAS_REQUIREMENT,rule_cb25b7c76225afdb3fc3,{},accepted
rel_850835f9e7ae23a7dcb0,rule_cb25b7c76225afdb3fc3,DERIVED_FROM,clause_node_f1ec6027a3505d5ff7bc,{},accepted
rel_48d4dfcc9689c13ca718,rule_cb25b7c76225afdb3fc3,SUPPORTED_BY,evidence_1483366162897962be7f,{},accepted
rel_377f71345d549534ddb7,standard_node_52c1b52c1f4b0df77db4,HAS_CLAUSE,clause_node_5871533af590d719cdbd,{},accepted
rel_a28a03337826c5639acd,clause_node_5871533af590d719cdbd,HAS_REQUIREMENT,rule_0cd2c8140ebbe2ffeda8,{},accepted
rel_18ec77b6472430124864,rule_0cd2c8140ebbe2ffeda8,DERIVED_FROM,clause_node_5871533af590d719cdbd,{},accepted
rel_31d928eefc19c891c1d6,rule_0cd2c8140ebbe2ffeda8,SUPPORTED_BY,evidence_750204d730c8413f8c94,{},accepted
rel_5f2f0b461144eb9f3b8d,clause_node_5871533af590d719cdbd,HAS_REQUIREMENT,rule_08bc6a1be32185730519,{},accepted
rel_3e00a54dfa120697fdb4,rule_08bc6a1be32185730519,DERIVED_FROM,clause_node_5871533af590d719cdbd,{},accepted
rel_7c89503e69f29ffa0886,rule_08bc6a1be32185730519,SUPPORTED_BY,evidence_750204d730c8413f8c94,{},accepted
rel_0c78482907978a74c314,clause_node_5871533af590d719cdbd,HAS_REQUIREMENT,rule_aea71f587c26dd19cd79,{},accepted
rel_0ee8a0c1a86e42283bf4,rule_aea71f587c26dd19cd79,DERIVED_FROM,clause_node_5871533af590d719cdbd,{},accepted
rel_e71e69760834c3ffc2f7,rule_aea71f587c26dd19cd79,SUPPORTED_BY,evidence_750204d730c8413f8c94,{},accepted
rel_aeade82b9b1fa26968a7,clause_node_5871533af590d719cdbd,HAS_REQUIREMENT,rule_8356f74b9d0ee315ffcd,{},accepted
rel_58b0b84a84dd1321dacd,rule_8356f74b9d0ee315ffcd,DERIVED_FROM,clause_node_5871533af590d719cdbd,{},accepted
rel_0d2d9b63f7a71d3be299,rule_8356f74b9d0ee315ffcd,SUPPORTED_BY,evidence_750204d730c8413f8c94,{},accepted
rel_0ceabc66aca893491f32,standard_node_52c1b52c1f4b0df77db4,HAS_CLAUSE,clause_node_a980c3628082724c5371,{},accepted
rel_c0de92feaed12063db3a,clause_node_a980c3628082724c5371,HAS_REQUIREMENT,rule_11a6ff2eaacdb1751982,{},accepted
rel_9184063cc04e73457db4,rule_11a6ff2eaacdb1751982,DERIVED_FROM,clause_node_a980c3628082724c5371,{},accepted
rel_c4d9f984951493094720,rule_11a6ff2eaacdb1751982,SUPPORTED_BY,evidence_ac09690cb8a79025c577,{},accepted
rel_ab6d1e24b69fadeb32a8,clause_node_a980c3628082724c5371,HAS_REQUIREMENT,rule_c9fbd27c3d89674b1956,{},accepted
rel_5b00e2eb0b1021918863,rule_c9fbd27c3d89674b1956,DERIVED_FROM,clause_node_a980c3628082724c5371,{},accepted
rel_22c2555cc9d6cd4dad49,rule_c9fbd27c3d89674b1956,SUPPORTED_BY,evidence_ac09690cb8a79025c577,{},accepted
rel_de8f870ab0df12854f7e,clause_node_a980c3628082724c5371,HAS_REQUIREMENT,rule_2939a8ea30846893ca2e,{},accepted
rel_c897b5441cc0094a49bd,rule_2939a8ea30846893ca2e,DERIVED_FROM,clause_node_a980c3628082724c5371,{},accepted
rel_d6c479c01c2f2d61c58e,rule_2939a8ea30846893ca2e,SUPPORTED_BY,evidence_ac09690cb8a79025c577,{},accepted
rel_0d8e743fe487f7bd787f,clause_node_a980c3628082724c5371,HAS_REQUIREMENT,rule_0c14deb03487ab9b109a,{},accepted
rel_80262c402fa7490d42e8,rule_0c14deb03487ab9b109a,DERIVED_FROM,clause_node_a980c3628082724c5371,{},accepted
rel_f7e026751ce1574d89cc,rule_0c14deb03487ab9b109a,SUPPORTED_BY,evidence_ac09690cb8a79025c577,{},accepted
rel_d339eeaadfeff3731411,clause_node_a980c3628082724c5371,HAS_REQUIREMENT,rule_134835073d39cd1b3c08,{},accepted
rel_4ea6f1893f2e191b13f4,rule_134835073d39cd1b3c08,DERIVED_FROM,clause_node_a980c3628082724c5371,{},accepted
rel_a6e03235372a8668bdb6,rule_134835073d39cd1b3c08,SUPPORTED_BY,evidence_a2849de7b578e5e158ff,{},accepted
rel_1adc7429e64f4f9b9954,clause_node_a980c3628082724c5371,HAS_REQUIREMENT,rule_e02c1b9ec86297848d76,{},accepted
rel_59f21555777c30136f69,rule_e02c1b9ec86297848d76,DERIVED_FROM,clause_node_a980c3628082724c5371,{},accepted
rel_87b606abed7571777754,rule_e02c1b9ec86297848d76,SUPPORTED_BY,evidence_a2849de7b578e5e158ff,{},accepted
rel_dd5733df937b61cca917,clause_node_a980c3628082724c5371,HAS_REQUIREMENT,rule_6fe18f43805664f3cecd,{},accepted
rel_86f0ce15ad7f5c560f52,rule_6fe18f43805664f3cecd,DERIVED_FROM,clause_node_a980c3628082724c5371,{},accepted
rel_d1a435e1730265bc6461,rule_6fe18f43805664f3cecd,SUPPORTED_BY,evidence_a2849de7b578e5e158ff,{},accepted
rel_0aa3cee8ebd10a5ab4cb,clause_node_a980c3628082724c5371,HAS_REQUIREMENT,rule_ff01fb78779a26bd2cba,{},accepted
rel_a4c52489787702e6a694,rule_ff01fb78779a26bd2cba,DERIVED_FROM,clause_node_a980c3628082724c5371,{},accepted
rel_ce6118a83a41b322db45,rule_ff01fb78779a26bd2cba,SUPPORTED_BY,evidence_a2849de7b578e5e158ff,{},accepted
rel_c59d466b6d4e3b77bff8,clause_node_a980c3628082724c5371,HAS_REQUIREMENT,rule_a5a4f8e7a3ad9ad60063,{},accepted
rel_5de425a4b049e4eded0c,rule_a5a4f8e7a3ad9ad60063,DERIVED_FROM,clause_node_a980c3628082724c5371,{},accepted
rel_86dcaa33872d09b897ba,rule_a5a4f8e7a3ad9ad60063,SUPPORTED_BY,evidence_a2849de7b578e5e158ff,{},accepted
rel_f2facb3731ae99530d8c,clause_node_a980c3628082724c5371,HAS_REQUIREMENT,rule_816fce7eb367b35d5b47,{},accepted
rel_258347047dcda61d5a8d,rule_816fce7eb367b35d5b47,DERIVED_FROM,clause_node_a980c3628082724c5371,{},accepted
rel_65c1ee5832038d143f3b,rule_816fce7eb367b35d5b47,SUPPORTED_BY,evidence_a2849de7b578e5e158ff,{},accepted
rel_e8009d30397d8060853b,clause_node_a980c3628082724c5371,HAS_REQUIREMENT,rule_91e53a8601e4678424b3,{},accepted
rel_bba71f9b745b5a9e9819,rule_91e53a8601e4678424b3,DERIVED_FROM,clause_node_a980c3628082724c5371,{},accepted
rel_f8f6f57138b5175f0fb4,rule_91e53a8601e4678424b3,SUPPORTED_BY,evidence_a2849de7b578e5e158ff,{},accepted
rel_00109494f1e2f7023af7,clause_node_a980c3628082724c5371,HAS_REQUIREMENT,rule_57c91885d2f293cb9e74,{},accepted
rel_966603c8a8f2c29d7d05,rule_57c91885d2f293cb9e74,DERIVED_FROM,clause_node_a980c3628082724c5371,{},accepted
rel_188a97f2264697bfb4c9,rule_57c91885d2f293cb9e74,SUPPORTED_BY,evidence_a2849de7b578e5e158ff,{},accepted
rel_4a5da9f1ad0318d2cf53,standard_node_52c1b52c1f4b0df77db4,HAS_CLAUSE,clause_node_2bd2aa69d2e3380ce70e,{},accepted
rel_ba43852e0d8c4c5828ba,clause_node_2bd2aa69d2e3380ce70e,HAS_REQUIREMENT,rule_b3a5ac0a1635c22d35d5,{},accepted
rel_66f6c35fcf4afa0299c4,rule_b3a5ac0a1635c22d35d5,DERIVED_FROM,clause_node_2bd2aa69d2e3380ce70e,{},accepted
rel_8e0b0821aa056a465eca,rule_b3a5ac0a1635c22d35d5,SUPPORTED_BY,evidence_f6557531fd28a19b2449,{},accepted
rel_305e5584533eb6f99f53,clause_node_2bd2aa69d2e3380ce70e,HAS_REQUIREMENT,rule_766c51984e3ee0d2c6ae,{},accepted
rel_8606478fb47ff0293b70,rule_766c51984e3ee0d2c6ae,DERIVED_FROM,clause_node_2bd2aa69d2e3380ce70e,{},accepted
rel_2a733e997be428df92d5,rule_766c51984e3ee0d2c6ae,SUPPORTED_BY,evidence_f6557531fd28a19b2449,{},accepted
rel_fe9cfcf9903727730961,clause_node_2bd2aa69d2e3380ce70e,HAS_REQUIREMENT,rule_794fb97f0889b8641ac3,{},accepted
rel_693861ad33c87b03a633,rule_794fb97f0889b8641ac3,DERIVED_FROM,clause_node_2bd2aa69d2e3380ce70e,{},accepted
rel_88b9cfc0c21aad312315,rule_794fb97f0889b8641ac3,SUPPORTED_BY,evidence_f6557531fd28a19b2449,{},accepted
rel_7173410c31e3f8611735,clause_node_2bd2aa69d2e3380ce70e,HAS_REQUIREMENT,rule_a1ee15b3a11486d0428d,{},accepted
rel_ffd8a7259f81fba03067,rule_a1ee15b3a11486d0428d,DERIVED_FROM,clause_node_2bd2aa69d2e3380ce70e,{},accepted
rel_0f441283ac9d7bd44c34,rule_a1ee15b3a11486d0428d,SUPPORTED_BY,evidence_f6557531fd28a19b2449,{},accepted
rel_a4941519f17ad4cae4b8,standard_node_52c1b52c1f4b0df77db4,HAS_CLAUSE,clause_node_ae88aef13853218cc9bc,{},accepted
rel_3d7d7106998a3e42ab55,clause_node_ae88aef13853218cc9bc,HAS_REQUIREMENT,rule_974e7914fd59526f782f,{},accepted
rel_f04fd3908fb8189bf953,rule_974e7914fd59526f782f,DERIVED_FROM,clause_node_ae88aef13853218cc9bc,{},accepted
rel_6cd627229325a17052ad,rule_974e7914fd59526f782f,SUPPORTED_BY,evidence_4874072ec806056fd166,{},accepted
rel_959d236a63bafa9b090e,clause_node_ae88aef13853218cc9bc,HAS_REQUIREMENT,rule_dcb9ca7882b14cc9d663,{},accepted
rel_346b195dcaa830055254,rule_dcb9ca7882b14cc9d663,DERIVED_FROM,clause_node_ae88aef13853218cc9bc,{},accepted
rel_9337fd9c6e1dc36b8de3,rule_dcb9ca7882b14cc9d663,SUPPORTED_BY,evidence_4874072ec806056fd166,{},accepted
rel_af947b1eadc66faad6aa,clause_node_ae88aef13853218cc9bc,HAS_REQUIREMENT,rule_506a79cb8060a2beda01,{},accepted
rel_2ade1a54f60388adbb75,rule_506a79cb8060a2beda01,DERIVED_FROM,clause_node_ae88aef13853218cc9bc,{},accepted
rel_f69d261c5a1a8b2b6522,rule_506a79cb8060a2beda01,SUPPORTED_BY,evidence_4874072ec806056fd166,{},accepted
rel_44950c88312ae68357c9,clause_node_ae88aef13853218cc9bc,HAS_REQUIREMENT,rule_27a1835f69bdd617306a,{},accepted
rel_8b8a32a2b4b749f96675,rule_27a1835f69bdd617306a,DERIVED_FROM,clause_node_ae88aef13853218cc9bc,{},accepted
rel_f9949073116cee9b7fd3,rule_27a1835f69bdd617306a,SUPPORTED_BY,evidence_4874072ec806056fd166,{},accepted
rel_77e69b5912f17838e5d7,standard_node_52c1b52c1f4b0df77db4,HAS_CLAUSE,clause_node_1117d91eb16d8db32144,{},accepted
rel_ca8b3c14d3a966faf8d3,clause_node_1117d91eb16d8db32144,HAS_REQUIREMENT,rule_98a115fe101e6554ce61,{},accepted
rel_7d4f3693c8bc181f36cb,rule_98a115fe101e6554ce61,DERIVED_FROM,clause_node_1117d91eb16d8db32144,{},accepted
rel_12fc51d942e7b28f6f07,rule_98a115fe101e6554ce61,SUPPORTED_BY,evidence_632cd806fe2a4a811009,{},accepted
rel_af018f3418f1ee7332ed,standard_node_52c1b52c1f4b0df77db4,HAS_CLAUSE,clause_node_b1af6292099e4169f1fb,{},accepted
rel_4bb5fceffe9409940af6,clause_node_b1af6292099e4169f1fb,HAS_REQUIREMENT,rule_b38ea9fbb4274a5d3513,{},accepted
rel_a43a093ec613f99070e3,rule_b38ea9fbb4274a5d3513,DERIVED_FROM,clause_node_b1af6292099e4169f1fb,{},accepted
rel_22251eacda541c2fa46a,rule_b38ea9fbb4274a5d3513,SUPPORTED_BY,evidence_6127a6d22de51db3e0db,{},accepted
rel_d3d41a4f813ad612c291,clause_node_b1af6292099e4169f1fb,HAS_REQUIREMENT,rule_dbd368b796299fb6686c,{},accepted
rel_1140fdb681c36b2e04c2,rule_dbd368b796299fb6686c,DERIVED_FROM,clause_node_b1af6292099e4169f1fb,{},accepted
rel_aafd910d6a7a42bf2ea8,rule_dbd368b796299fb6686c,SUPPORTED_BY,evidence_6127a6d22de51db3e0db,{},accepted
rel_9fbdec0fd685d67b9654,standard_node_52c1b52c1f4b0df77db4,HAS_CLAUSE,clause_node_5541e6f3e8b5a7789c59,{},accepted
rel_35906e54eb4ee164b4b0,clause_node_5541e6f3e8b5a7789c59,HAS_REQUIREMENT,rule_c96d30b2057626608b5b,{},accepted
rel_0f2498e88cbf108aea48,rule_c96d30b2057626608b5b,DERIVED_FROM,clause_node_5541e6f3e8b5a7789c59,{},accepted
rel_f7e465d79d9a54505c8e,rule_c96d30b2057626608b5b,SUPPORTED_BY,evidence_85a528c051a9b957d8ac,{},accepted
rel_6f810eb8c44a868a6def,clause_node_5541e6f3e8b5a7789c59,HAS_REQUIREMENT,rule_fdf5979f4a5f0fde6608,{},accepted
rel_550e6ed7747ec8068f65,rule_fdf5979f4a5f0fde6608,DERIVED_FROM,clause_node_5541e6f3e8b5a7789c59,{},accepted
rel_a91c2ac741a86ee1b02b,rule_fdf5979f4a5f0fde6608,SUPPORTED_BY,evidence_85a528c051a9b957d8ac,{},accepted
rel_1326049c42e402d4c392,clause_node_5541e6f3e8b5a7789c59,HAS_REQUIREMENT,rule_dc64bed50373c84d0f49,{},accepted
rel_d9216c26607fe1da655c,rule_dc64bed50373c84d0f49,DERIVED_FROM,clause_node_5541e6f3e8b5a7789c59,{},accepted
rel_a9ea64a18b9018640a7d,rule_dc64bed50373c84d0f49,SUPPORTED_BY,evidence_85a528c051a9b957d8ac,{},accepted
rel_525ff0d63e11ca4174c7,clause_node_5541e6f3e8b5a7789c59,HAS_REQUIREMENT,rule_ef7fb8ed22c20acafa8b,{},accepted
rel_97cd51d10173d755374e,rule_ef7fb8ed22c20acafa8b,DERIVED_FROM,clause_node_5541e6f3e8b5a7789c59,{},accepted
rel_d51416bd7ddce899886a,rule_ef7fb8ed22c20acafa8b,SUPPORTED_BY,evidence_85a528c051a9b957d8ac,{},accepted
rel_c966366dbd3d8e75b1bb,clause_node_5541e6f3e8b5a7789c59,HAS_REQUIREMENT,rule_95667ead80740ace5f34,{},accepted
rel_e2e7097c279b3770798a,rule_95667ead80740ace5f34,DERIVED_FROM,clause_node_5541e6f3e8b5a7789c59,{},accepted
rel_b1b8ea24d9e315369abf,rule_95667ead80740ace5f34,SUPPORTED_BY,evidence_85a528c051a9b957d8ac,{},accepted
rel_e7d5fadacc57b4eb4db8,clause_node_5541e6f3e8b5a7789c59,HAS_REQUIREMENT,rule_ab72bf77475222c18628,{},accepted
rel_85c7131a135fd8da88a1,rule_ab72bf77475222c18628,DERIVED_FROM,clause_node_5541e6f3e8b5a7789c59,{},accepted
rel_b06a2738994e7995b1ed,rule_ab72bf77475222c18628,SUPPORTED_BY,evidence_85a528c051a9b957d8ac,{},accepted
rel_e5e5a330a2255d2fd7ec,clause_node_5541e6f3e8b5a7789c59,HAS_REQUIREMENT,rule_110d20fe7adaabea08cb,{},accepted
rel_f1b4362a9d320bd60d2c,rule_110d20fe7adaabea08cb,DERIVED_FROM,clause_node_5541e6f3e8b5a7789c59,{},accepted
rel_4da5465dc626af5fe524,rule_110d20fe7adaabea08cb,SUPPORTED_BY,evidence_85a528c051a9b957d8ac,{},accepted
rel_9b530c0a0f1de577cbea,standard_node_52c1b52c1f4b0df77db4,HAS_CLAUSE,clause_node_3d54aa7abd040c4d2de1,{},accepted
rel_fa6904998a8122f85f13,clause_node_3d54aa7abd040c4d2de1,HAS_REQUIREMENT,rule_cb22f9e5a82907a8c30c,{},accepted
rel_fa47db72a8391a119312,rule_cb22f9e5a82907a8c30c,DERIVED_FROM,clause_node_3d54aa7abd040c4d2de1,{},accepted
rel_aa536f0dabf65991ba6a,rule_cb22f9e5a82907a8c30c,SUPPORTED_BY,evidence_89eb1f7cfd3a88e03083,{},accepted
rel_f729d2503531e0ee85a0,clause_node_3d54aa7abd040c4d2de1,HAS_REQUIREMENT,rule_466416cab8420ccedf9e,{},accepted
rel_1f636b7bf08b30a7be47,rule_466416cab8420ccedf9e,DERIVED_FROM,clause_node_3d54aa7abd040c4d2de1,{},accepted
rel_0ec1b8e77678ed3b7955,rule_466416cab8420ccedf9e,SUPPORTED_BY,evidence_89eb1f7cfd3a88e03083,{},accepted
rel_bd0319844276fce237e1,standard_node_52c1b52c1f4b0df77db4,HAS_CLAUSE,clause_node_f291419984148e121562,{},accepted
rel_2f86805fcd3a13a86237,clause_node_f291419984148e121562,HAS_REQUIREMENT,rule_e2fed5a43a1e00d47ab7,{},accepted
rel_b68a171d61d57c9612ec,rule_e2fed5a43a1e00d47ab7,DERIVED_FROM,clause_node_f291419984148e121562,{},accepted
rel_8f1b7d298d2fc004ba6d,rule_e2fed5a43a1e00d47ab7,SUPPORTED_BY,evidence_57629936dd30b218f760,{},accepted
rel_cfb49b05e3550da3a1fe,clause_node_f291419984148e121562,HAS_REQUIREMENT,rule_2e0f6cadac05eb9055e2,{},accepted
rel_0a816452a49c5d7e4f2e,rule_2e0f6cadac05eb9055e2,DERIVED_FROM,clause_node_f291419984148e121562,{},accepted
rel_a1b5c47b1fded1d8062b,rule_2e0f6cadac05eb9055e2,SUPPORTED_BY,evidence_57629936dd30b218f760,{},accepted
rel_20df4f82d2b5567ae507,clause_node_f291419984148e121562,HAS_REQUIREMENT,rule_267942c847df95b76cba,{},accepted
rel_685916fb857947db661e,rule_267942c847df95b76cba,DERIVED_FROM,clause_node_f291419984148e121562,{},accepted
rel_c9ba5ba823e091d73367,rule_267942c847df95b76cba,SUPPORTED_BY,evidence_57629936dd30b218f760,{},accepted
rel_8cdf2ed79d9d3c33d403,clause_node_f291419984148e121562,HAS_REQUIREMENT,rule_53d0edd7d890dea56e24,{},accepted
rel_12c140d2f36d5775607c,rule_53d0edd7d890dea56e24,DERIVED_FROM,clause_node_f291419984148e121562,{},accepted
rel_24cb6e1ff9c3bd53b7cf,rule_53d0edd7d890dea56e24,SUPPORTED_BY,evidence_57629936dd30b218f760,{},accepted
rel_8e33f9750a83472ef4f9,standard_node_52c1b52c1f4b0df77db4,HAS_CLAUSE,clause_node_cdad12827f19bfdc0aa6,{},accepted
rel_dc874bb7aa8796c23dbc,clause_node_cdad12827f19bfdc0aa6,HAS_REQUIREMENT,rule_3aade1ab89ad8a9c9079,{},accepted
rel_bc715d3e799ad80ee2a3,rule_3aade1ab89ad8a9c9079,DERIVED_FROM,clause_node_cdad12827f19bfdc0aa6,{},accepted
rel_bb08662b848a2aa126de,rule_3aade1ab89ad8a9c9079,SUPPORTED_BY,evidence_ece1140bacd92bb4ae1c,{},accepted
rel_7c29901d18557ea96c2e,clause_node_cdad12827f19bfdc0aa6,HAS_REQUIREMENT,rule_d0b203c0f59abf2e9b3a,{},accepted
rel_6cd8a3f198c1e8a76f66,rule_d0b203c0f59abf2e9b3a,DERIVED_FROM,clause_node_cdad12827f19bfdc0aa6,{},accepted
rel_0bc29231652f4646ea79,rule_d0b203c0f59abf2e9b3a,SUPPORTED_BY,evidence_ece1140bacd92bb4ae1c,{},accepted
rel_4b5c32127e60cf36b5bd,clause_node_cdad12827f19bfdc0aa6,HAS_REQUIREMENT,rule_f5230b33115041176c33,{},accepted
rel_beeccb162ce6ac11f463,rule_f5230b33115041176c33,DERIVED_FROM,clause_node_cdad12827f19bfdc0aa6,{},accepted
rel_1eb64b71a56f12e0fc0d,rule_f5230b33115041176c33,SUPPORTED_BY,evidence_ece1140bacd92bb4ae1c,{},accepted
rel_06f27033a481c4b82f56,clause_node_cdad12827f19bfdc0aa6,HAS_REQUIREMENT,rule_f200b0f35e453e6164df,{},accepted
rel_5f7d53ace01759d0a95a,rule_f200b0f35e453e6164df,DERIVED_FROM,clause_node_cdad12827f19bfdc0aa6,{},accepted
rel_81c21659d3ac7ed62156,rule_f200b0f35e453e6164df,SUPPORTED_BY,evidence_ece1140bacd92bb4ae1c,{},accepted
rel_fd966b3d3f8a612734e6,clause_node_cdad12827f19bfdc0aa6,HAS_REQUIREMENT,rule_fd13961be57e048c47e9,{},accepted
rel_c4808bcd50daa5a96926,rule_fd13961be57e048c47e9,DERIVED_FROM,clause_node_cdad12827f19bfdc0aa6,{},accepted
rel_45b2b08ce483b0425b63,rule_fd13961be57e048c47e9,SUPPORTED_BY,evidence_ece1140bacd92bb4ae1c,{},accepted
rel_5c326def0aa3600d91f4,clause_node_cdad12827f19bfdc0aa6,HAS_REQUIREMENT,rule_3132129f050b9d2da26f,{},accepted
rel_c7f84e1b4d3cdd1e7f05,rule_3132129f050b9d2da26f,DERIVED_FROM,clause_node_cdad12827f19bfdc0aa6,{},accepted
rel_cb63ec2cb14f828afdbd,rule_3132129f050b9d2da26f,SUPPORTED_BY,evidence_ece1140bacd92bb4ae1c,{},accepted
rel_622c7151d0ed3dc8d8b5,standard_node_52c1b52c1f4b0df77db4,HAS_CLAUSE,clause_node_d32f2169f550f1789990,{},accepted
rel_30963ea64d69534034af,clause_node_d32f2169f550f1789990,HAS_REQUIREMENT,rule_4bbe95d3c77259e4df21,{},accepted
rel_dd5938f97e2ee6e21b1e,rule_4bbe95d3c77259e4df21,DERIVED_FROM,clause_node_d32f2169f550f1789990,{},accepted
rel_59fc2a2cd68154cdba03,rule_4bbe95d3c77259e4df21,SUPPORTED_BY,evidence_f784f33adabbeddf0380,{},accepted
rel_28d5f4a4d95c38deea1f,standard_node_52c1b52c1f4b0df77db4,HAS_CLAUSE,clause_node_1d4b865704f95ef1641e,{},accepted
rel_81feacf0818ac577184b,clause_node_1d4b865704f95ef1641e,HAS_REQUIREMENT,rule_189af2bf347fc200de04,{},accepted
rel_27fe50a5168e0ad129a4,rule_189af2bf347fc200de04,DERIVED_FROM,clause_node_1d4b865704f95ef1641e,{},accepted
rel_5a987b98e1cb6ad641de,rule_189af2bf347fc200de04,SUPPORTED_BY,evidence_7483db9b87e3080c957c,{},accepted
rel_2b24a6277968193bce15,clause_node_1d4b865704f95ef1641e,HAS_REQUIREMENT,rule_604501ea825e1d4cdb49,{},accepted
rel_b524235d2b326b5bc8a7,rule_604501ea825e1d4cdb49,DERIVED_FROM,clause_node_1d4b865704f95ef1641e,{},accepted
rel_2f2bea51a02f72fcfd72,rule_604501ea825e1d4cdb49,SUPPORTED_BY,evidence_7483db9b87e3080c957c,{},accepted
rel_e05a5207bb33979307a0,standard_node_52c1b52c1f4b0df77db4,HAS_CLAUSE,clause_node_4e4147e0305c423ba12e,{},accepted
rel_08410542693fa7f7860e,clause_node_4e4147e0305c423ba12e,HAS_REQUIREMENT,rule_10b956a64c5413df6129,{},accepted
rel_648c565d7e5a183020de,rule_10b956a64c5413df6129,DERIVED_FROM,clause_node_4e4147e0305c423ba12e,{},accepted
rel_55026d1ab1bc47b1c9aa,rule_10b956a64c5413df6129,SUPPORTED_BY,evidence_ccd2122f73e24df78f3f,{},accepted
rel_afc5281f8a9d2ead2d0d,standard_node_52c1b52c1f4b0df77db4,HAS_CLAUSE,clause_node_acb1c24fe4dc37139c7b,{},accepted
rel_83f64b3a267c73cb21c8,clause_node_acb1c24fe4dc37139c7b,HAS_REQUIREMENT,rule_d2dc0154e11f13be3f6f,{},accepted
rel_6731b80fe029cf53d15e,rule_d2dc0154e11f13be3f6f,DERIVED_FROM,clause_node_acb1c24fe4dc37139c7b,{},accepted
rel_36d1c4bcd013e7e7692a,rule_d2dc0154e11f13be3f6f,SUPPORTED_BY,evidence_b6d927603e292ad05208,{},accepted
rel_7f4514795ebbde770932,standard_node_52c1b52c1f4b0df77db4,HAS_CLAUSE,clause_node_5bf16005bd192c238500,{},accepted
rel_7ad9c9498c272b24d5e7,clause_node_5bf16005bd192c238500,HAS_REQUIREMENT,rule_6bb81a18cbb1b61cc6da,{},accepted
rel_73a6b1bfe280ec372182,rule_6bb81a18cbb1b61cc6da,DERIVED_FROM,clause_node_5bf16005bd192c238500,{},accepted
rel_b289ce4e408d46d5d3c3,rule_6bb81a18cbb1b61cc6da,SUPPORTED_BY,evidence_b765a4362dbdae562c5f,{},accepted
rel_42d5066f46f95c883d3a,standard_node_52c1b52c1f4b0df77db4,HAS_CLAUSE,clause_node_50d2ecbd590ae35bebe3,{},accepted
rel_e45b7d3bc552ac76f091,clause_node_50d2ecbd590ae35bebe3,HAS_REQUIREMENT,rule_5ed6336ec8f2cda77089,{},accepted
rel_e8bafee357c789fb717d,rule_5ed6336ec8f2cda77089,DERIVED_FROM,clause_node_50d2ecbd590ae35bebe3,{},accepted
rel_c7cb8e673d632023e5f2,rule_5ed6336ec8f2cda77089,SUPPORTED_BY,evidence_b5479c99383096835cc1,{},accepted
rel_a27b6612a9bed873d979,clause_node_50d2ecbd590ae35bebe3,HAS_REQUIREMENT,rule_1ff4a95043eedac1c0d7,{},accepted
rel_1e54496c002464af96d7,rule_1ff4a95043eedac1c0d7,DERIVED_FROM,clause_node_50d2ecbd590ae35bebe3,{},accepted
rel_db57508f4ebec7bb8a09,rule_1ff4a95043eedac1c0d7,SUPPORTED_BY,evidence_b5479c99383096835cc1,{},accepted
rel_bd60161a7d5c37705c6b,standard_node_52c1b52c1f4b0df77db4,HAS_CLAUSE,clause_node_7baa80874e2c40f7ad49,{},accepted
rel_5b76f5a12e152e8d7a86,clause_node_7baa80874e2c40f7ad49,HAS_REQUIREMENT,rule_d68a2eefcaef1acf4abe,{},accepted
rel_ac41f9fed072a60c85db,rule_d68a2eefcaef1acf4abe,DERIVED_FROM,clause_node_7baa80874e2c40f7ad49,{},accepted
rel_69e5cd1155fa3548d67a,rule_d68a2eefcaef1acf4abe,SUPPORTED_BY,evidence_28cda39d97ba0699e395,{},accepted
rel_78403099d78fe23f9b39,clause_node_7baa80874e2c40f7ad49,HAS_REQUIREMENT,rule_8f0e48f23acd32a12661,{},accepted
rel_7d3438107468f69ba4e8,rule_8f0e48f23acd32a12661,DERIVED_FROM,clause_node_7baa80874e2c40f7ad49,{},accepted
rel_46a582bc88a250666423,rule_8f0e48f23acd32a12661,SUPPORTED_BY,evidence_28cda39d97ba0699e395,{},accepted
rel_a7e2d978eab69c279922,clause_node_7baa80874e2c40f7ad49,HAS_REQUIREMENT,rule_33b346dee469b19185ac,{},accepted
rel_917b5a5776e795481770,rule_33b346dee469b19185ac,DERIVED_FROM,clause_node_7baa80874e2c40f7ad49,{},accepted
rel_cf55977689330721185e,rule_33b346dee469b19185ac,SUPPORTED_BY,evidence_28cda39d97ba0699e395,{},accepted
rel_a8a3e8fe022e8d7703c1,clause_node_7baa80874e2c40f7ad49,HAS_REQUIREMENT,rule_70bd0ce3be184a52dee3,{},accepted
rel_1222f2824b4c34325149,rule_70bd0ce3be184a52dee3,DERIVED_FROM,clause_node_7baa80874e2c40f7ad49,{},accepted
rel_daf5b99c60747d567d65,rule_70bd0ce3be184a52dee3,SUPPORTED_BY,evidence_28cda39d97ba0699e395,{},accepted
rel_79751cd18e955ac7018d,clause_node_7baa80874e2c40f7ad49,HAS_REQUIREMENT,rule_7cc695756d59deaed040,{},accepted
rel_b826a9731615db2cacfd,rule_7cc695756d59deaed040,DERIVED_FROM,clause_node_7baa80874e2c40f7ad49,{},accepted
rel_84682faf3ff4a8e69e48,rule_7cc695756d59deaed040,SUPPORTED_BY,evidence_28cda39d97ba0699e395,{},accepted
rel_820c98b1ea802f95b875,standard_node_52c1b52c1f4b0df77db4,HAS_CLAUSE,clause_node_31a2d3639f43316e1184,{},accepted
rel_58229c2059d8dd574cfc,clause_node_31a2d3639f43316e1184,HAS_REQUIREMENT,rule_7374b34502d4603a2e92,{},accepted
rel_5d136c9e956697c1809d,rule_7374b34502d4603a2e92,DERIVED_FROM,clause_node_31a2d3639f43316e1184,{},accepted
rel_e56afbb2fb5098a62cbf,rule_7374b34502d4603a2e92,SUPPORTED_BY,evidence_1b1ab82d900b5f85af15,{},accepted
rel_1bf4ba729ff38d21ec9a,clause_node_31a2d3639f43316e1184,HAS_REQUIREMENT,rule_ec5e4ca18d2f3d4f7c34,{},accepted
rel_2b3ec39c82bc0595b0ef,rule_ec5e4ca18d2f3d4f7c34,DERIVED_FROM,clause_node_31a2d3639f43316e1184,{},accepted
rel_8a46718fda7e41e5a673,rule_ec5e4ca18d2f3d4f7c34,SUPPORTED_BY,evidence_1b1ab82d900b5f85af15,{},accepted
rel_3db0ba4aa879b47f0f3b,clause_node_31a2d3639f43316e1184,HAS_REQUIREMENT,rule_4d3f02c89620d3a0ce3f,{},accepted
rel_6de1850871fee8f7b507,rule_4d3f02c89620d3a0ce3f,DERIVED_FROM,clause_node_31a2d3639f43316e1184,{},accepted
rel_93530398cd3a1cbc1e1c,rule_4d3f02c89620d3a0ce3f,SUPPORTED_BY,evidence_1b1ab82d900b5f85af15,{},accepted
rel_79641fb409c887e76ce5,standard_node_52c1b52c1f4b0df77db4,HAS_CLAUSE,clause_node_54e9c7d04e355d382345,{},accepted
rel_2a45e8e75865639afdf8,clause_node_54e9c7d04e355d382345,HAS_REQUIREMENT,rule_2dc748ca14a77cf148b1,{},accepted
rel_7031d6316c3a8b809b71,rule_2dc748ca14a77cf148b1,DERIVED_FROM,clause_node_54e9c7d04e355d382345,{},accepted
rel_0d0c0706e11e7f3ac6c0,rule_2dc748ca14a77cf148b1,SUPPORTED_BY,evidence_105566a6aeb4c2203630,{},accepted
rel_aedc07acb8f9d4050de6,clause_node_54e9c7d04e355d382345,HAS_REQUIREMENT,rule_d08dea8f338e725f0296,{},accepted
rel_05dd9f310d5b6b05ef09,rule_d08dea8f338e725f0296,DERIVED_FROM,clause_node_54e9c7d04e355d382345,{},accepted
rel_93dfc1fffb13d68425a0,rule_d08dea8f338e725f0296,SUPPORTED_BY,evidence_105566a6aeb4c2203630,{},accepted
rel_eb78cbbb326249724b02,clause_node_54e9c7d04e355d382345,HAS_REQUIREMENT,rule_d9a54a5a7e825d94ead2,{},accepted
rel_fb1a4d938edb153b56ea,rule_d9a54a5a7e825d94ead2,DERIVED_FROM,clause_node_54e9c7d04e355d382345,{},accepted
rel_73527eab65d2ec8a969d,rule_d9a54a5a7e825d94ead2,SUPPORTED_BY,evidence_105566a6aeb4c2203630,{},accepted
rel_6a0edec9c46b5e9690fd,standard_node_52c1b52c1f4b0df77db4,HAS_CLAUSE,clause_node_45530424826ec723a1e8,{},accepted
rel_bf1b3b6760e5b62813fe,clause_node_45530424826ec723a1e8,HAS_REQUIREMENT,rule_ae0ce520dd5f92a97342,{},accepted
rel_dd8a91b930320b6624af,rule_ae0ce520dd5f92a97342,DERIVED_FROM,clause_node_45530424826ec723a1e8,{},accepted
rel_11bc5c6f915ce49ac75e,rule_ae0ce520dd5f92a97342,SUPPORTED_BY,evidence_45029cfdf4cd2cd6fa90,{},accepted
rel_f3a126ca573f36398379,standard_node_52c1b52c1f4b0df77db4,HAS_CLAUSE,clause_node_cb9af2e84a4a30ba04ed,{},accepted
rel_06eb18b3cb00507d1b1e,clause_node_cb9af2e84a4a30ba04ed,HAS_REQUIREMENT,rule_9f12fa9bb572f5025fa3,{},accepted
rel_17db19deb8d17e7f1084,rule_9f12fa9bb572f5025fa3,DERIVED_FROM,clause_node_cb9af2e84a4a30ba04ed,{},accepted
rel_2bd5e89a41200af522d7,rule_9f12fa9bb572f5025fa3,SUPPORTED_BY,evidence_e85b9835d741c9d71285,{},accepted
rel_121dc076fbb73f3affec,standard_node_52c1b52c1f4b0df77db4,HAS_CLAUSE,clause_node_3e9d9b94476ab94e0b68,{},accepted
rel_64e52e7dec330bea6179,clause_node_3e9d9b94476ab94e0b68,HAS_REQUIREMENT,rule_e9261c827fe446f84d44,{},accepted
rel_8e8562f57173584b4645,rule_e9261c827fe446f84d44,DERIVED_FROM,clause_node_3e9d9b94476ab94e0b68,{},accepted
rel_d40f1b89bc27d20ead9a,rule_e9261c827fe446f84d44,SUPPORTED_BY,evidence_936d9d18b981a064fe35,{},accepted
rel_b297484a5f4b0b56b809,standard_node_52c1b52c1f4b0df77db4,HAS_CLAUSE,clause_node_aed402cb02dd98a7d349,{},accepted
rel_92edfd1a23044deed87f,clause_node_aed402cb02dd98a7d349,HAS_REQUIREMENT,rule_29e5b32affd7efef4426,{},accepted
rel_8947b0a321ee7fe09e98,rule_29e5b32affd7efef4426,DERIVED_FROM,clause_node_aed402cb02dd98a7d349,{},accepted
rel_7f9d7bbb33cbf242ef2f,rule_29e5b32affd7efef4426,SUPPORTED_BY,evidence_ac33e64b0df300deb8b7,{},accepted
rel_53cde663e7081fa04a66,standard_node_52c1b52c1f4b0df77db4,HAS_CLAUSE,clause_node_dc7e40688d9f832e9767,{},accepted
rel_ae7719cb609354c62e62,clause_node_dc7e40688d9f832e9767,HAS_REQUIREMENT,rule_6f94783698de3a49b3cf,{},accepted
rel_3094b94ff5273964834e,rule_6f94783698de3a49b3cf,DERIVED_FROM,clause_node_dc7e40688d9f832e9767,{},accepted
rel_d7aaf312c0f4a092ccce,rule_6f94783698de3a49b3cf,SUPPORTED_BY,evidence_f8c858ced33166e9aebb,{},accepted
rel_6dfeb4e171740a21501f,standard_node_52c1b52c1f4b0df77db4,HAS_CLAUSE,clause_node_f3620bbf23b8f694fe18,{},accepted
rel_7999d8d087c81d99bc3a,clause_node_f3620bbf23b8f694fe18,HAS_REQUIREMENT,rule_f20c904631b793318e41,{},accepted
rel_bd71bb0d03fe26827997,rule_f20c904631b793318e41,DERIVED_FROM,clause_node_f3620bbf23b8f694fe18,{},accepted
rel_bacc6fd7e49a9f0819b4,rule_f20c904631b793318e41,SUPPORTED_BY,evidence_55ea60643f3524e3eb8d,{},accepted
rel_3c1b0e965f18b253a998,standard_node_52c1b52c1f4b0df77db4,HAS_CLAUSE,clause_node_e05f02ded582cc07a872,{},accepted
rel_f4f60ba20f8cd6737c1e,clause_node_e05f02ded582cc07a872,HAS_REQUIREMENT,rule_51d46a77e0365aebe912,{},accepted
rel_47d1bb0103f2baf394df,rule_51d46a77e0365aebe912,DERIVED_FROM,clause_node_e05f02ded582cc07a872,{},accepted
rel_8fa42118249d6def8aa3,rule_51d46a77e0365aebe912,SUPPORTED_BY,evidence_95bf8f120fbcf3350607,{},accepted
rel_de1e3207ccf1b9e0d58e,standard_node_52c1b52c1f4b0df77db4,HAS_CLAUSE,clause_node_bb6d3ebd44c5ea3b4a4f,{},accepted
rel_e8b319b44461ab3483d0,clause_node_bb6d3ebd44c5ea3b4a4f,HAS_REQUIREMENT,rule_7d7c9ee841d8a613fe8d,{},accepted
rel_791a0075fb15b0ec6f1b,rule_7d7c9ee841d8a613fe8d,DERIVED_FROM,clause_node_bb6d3ebd44c5ea3b4a4f,{},accepted
rel_0bd070466a6f91d83bdb,rule_7d7c9ee841d8a613fe8d,SUPPORTED_BY,evidence_c447526db85382ce0279,{},accepted
rel_9c05c433faceeb3dec51,standard_node_52c1b52c1f4b0df77db4,HAS_CLAUSE,clause_node_17b6602ad6299c1bfd80,{},accepted
rel_786c7a4b0fede9cae773,clause_node_17b6602ad6299c1bfd80,HAS_REQUIREMENT,rule_3032155082e6ef4f16cd,{},accepted
rel_20d396a326b9b5155f67,rule_3032155082e6ef4f16cd,DERIVED_FROM,clause_node_17b6602ad6299c1bfd80,{},accepted
rel_2f0596f2dd0e0e43c004,rule_3032155082e6ef4f16cd,SUPPORTED_BY,evidence_b853f209f8830aefc0ab,{},accepted
rel_9edd8c81d685e3e361cd,clause_node_17b6602ad6299c1bfd80,HAS_REQUIREMENT,rule_7f348b8c4b327bcea4ea,{},accepted
rel_ea46237d0205cf97395f,rule_7f348b8c4b327bcea4ea,DERIVED_FROM,clause_node_17b6602ad6299c1bfd80,{},accepted
rel_689db52524dbd95f225c,rule_7f348b8c4b327bcea4ea,SUPPORTED_BY,evidence_b853f209f8830aefc0ab,{},accepted
rel_c350128139afa2f599ec,clause_node_17b6602ad6299c1bfd80,HAS_REQUIREMENT,rule_6e6ffc12b717562f7586,{},accepted
rel_7c3b8f406eac8aa9adf0,rule_6e6ffc12b717562f7586,DERIVED_FROM,clause_node_17b6602ad6299c1bfd80,{},accepted
rel_fa35d1db6a83e8e5dbd9,rule_6e6ffc12b717562f7586,SUPPORTED_BY,evidence_b853f209f8830aefc0ab,{},accepted
rel_5d5581c9393217bf2bfe,standard_node_52c1b52c1f4b0df77db4,HAS_CLAUSE,clause_node_56139b7d56371e422990,{},accepted
rel_675ad05c331d1859537b,clause_node_56139b7d56371e422990,HAS_REQUIREMENT,rule_b333c91ccbd2ee441561,{},accepted
rel_bec472d5815e338a12c7,rule_b333c91ccbd2ee441561,DERIVED_FROM,clause_node_56139b7d56371e422990,{},accepted
rel_8a295246f006bc3b1b46,rule_b333c91ccbd2ee441561,SUPPORTED_BY,evidence_3d00143f619d0477759d,{},accepted
