decision_id,candidate_id,source_run_ids,source_candidate_sha256,decision,decision_basis,reviewer,reviewed_at,review_note,decision_schema_version
standard_auto_decision_be95882bfba45417be42,standard_rule_de367d3a6600c2cb43d7,standard_review_source_13427e795d5d71c5a271,aa65b3cb73bbfdf69289393c14f31cfbaf0295f23f2e72bef8e72d524cf9bf2d,accepted,conservative_auto_finalization,system_conservative_policy,,,1.0.0
standard_auto_decision_6d9cfe4b135bf0ee0e08,standard_rule_831d12f133d7ac38135a,standard_review_source_13427e795d5d71c5a271,d96173ff3400438ebaf24287819ca6f3f865947cc058f588b165c6699e18027b,accepted,conservative_auto_finalization,system_conservative_policy,,,1.0.0
standard_auto_decision_2bf01c96e28c2dfa94c8,standard_rule_2b70c7f9df0a73c95539,standard_review_source_13427e795d5d71c5a271,45b208cf87a1b2c562ec773ea5db19bdef90a6c79fc22b1067c76bc7ea0ff23f,accepted,conservative_auto_finalization,system_conservative_policy,,,1.0.0
standard_auto_decision_b49da955bac3bd3481e4,standard_numeric_467617355dacc20aee4c,standard_review_source_13427e795d5d71c5a271,c827e8d095b50c2c5848e991d066da14f270e8e6f8e79f8795473a75d01b46f1,accepted,conservative_auto_finalization,system_conservative_policy,,,1.0.0
standard_auto_decision_81b99d2c2bb15351bde5,standard_rule_bf736857d5c2d72e9f1c,standard_review_source_13427e795d5d71c5a271,e949d30e64e53ce70e769e979381c1ae23ff9ae9673548cc2c5e690b56edb9d3,accepted,conservative_auto_finalization,system_conservative_policy,,,1.0.0
standard_auto_decision_3785f43b92e9952483d9,standard_numeric_f1bca149d7fe16216f06,standard_review_source_13427e795d5d71c5a271,17f87a66552cdf479e4013bfc770008e5f7dc9d21a4a0b0a607fcdc63de10a96,accepted,conservative_auto_finalization,system_conservative_policy,,,1.0.0
standard_auto_decision_c611a4188c9d4304b512,standard_rule_40f8d5c085f9c3d3fb8a,standard_review_source_13427e795d5d71c5a271,317371c777160772bdb2e54ef7abe69011e67c89626606494846472a82f66d30,accepted,conservative_auto_finalization,system_conservative_policy,,,1.0.0
standard_auto_decision_0a0c8d906b62e8b3b2d5,standard_rule_d676a7024c1348b4052c,standard_review_source_13427e795d5d71c5a271,f05147fdd7c02616ddd1f01b2eda90914a42ad0879ec800d675467eaa12b95e4,pending_review,non_main_text_scope;not_priority_review,system_conservative_policy,,,1.0.0
standard_auto_decision_46142aa874e7818778b9,standard_rule_b210bf805340b5deb791,standard_review_source_13427e795d5d71c5a271,e33213366a35e8ca727463e5f23d6873cbf26dba74b83d306e1afe86aa201f81,pending_review,non_main_text_scope;not_priority_review,system_conservative_policy,,,1.0.0
standard_auto_decision_685fe245a5c4040c7d2e,standard_rule_ce4f96fa5fa94717e72d,standard_review_source_13427e795d5d71c5a271,e46e48f168bac1dd92effdf205003907c84a6ae1d1a4f169057079d573390b57,accepted,conservative_auto_finalization,system_conservative_policy,,,1.0.0
standard_auto_decision_7fb68948eacf4653c9b2,standard_rule_062f0f9ff2bfc49614de,standard_review_source_13427e795d5d71c5a271,26c1058fb2ba13562ee3a2800f6d1e4a0978fb44bb753c82877e0c1c12b55c53,pending_review,high_density_source_block,system_conservative_policy,,,1.0.0
standard_auto_decision_b24f221439407f4800e5,standard_rule_6d3064ace72e2bf02d9f,standard_review_source_13427e795d5d71c5a271,f8c4c2555ec01b2676e1e459e862169a28ee6ef670d8559510bc7fc41fffbcff,pending_review,high_density_source_block,system_conservative_policy,,,1.0.0
standard_auto_decision_2dd8c826e26b906e19b5,standard_rule_f9f37d69261a9131f967,standard_review_source_13427e795d5d71c5a271,e208a6947d4fbc2aaa475f6f72d8daacdb2fb402d58ac3c30732809e95de165a,pending_review,high_density_source_block,system_conservative_policy,,,1.0.0
standard_auto_decision_7c0b86566e2e68a74a2a,standard_numeric_ea1f9498d76625417b2b,standard_review_source_13427e795d5d71c5a271,7bfc92280fe755607f1c1a3709c32913a1aa4cb2fc18b816b39275b3aa823ac4,pending_review,high_density_source_block,system_conservative_policy,,,1.0.0
standard_auto_decision_5cc14e4abbb6180527c9,standard_rule_0056284e08aed966898f,standard_review_source_13427e795d5d71c5a271,06baadb60b0d03a0024d83300db138177172ca0386aabb3c7afeb51712962ac8,pending_review,high_density_source_block,system_conservative_policy,,,1.0.0
standard_auto_decision_ff039cae7ff1ae3f28fb,standard_rule_3e52312e8ff8252d3a16,standard_review_source_13427e795d5d71c5a271,4851bcb70b55e464fc7e52b7d1deb1967433e4522f2be8c2bb0ae40ea71fa408,pending_review,high_density_source_block,system_conservative_policy,,,1.0.0
standard_auto_decision_9fd8c77211c77f5fb458,standard_rule_0425a0e29a5bc1cc781f,standard_review_source_13427e795d5d71c5a271,27257cbd848f786989d1b28492e23d5ca0b0d17824ae09749253ab87f1b94039,pending_review,high_density_source_block,system_conservative_policy,,,1.0.0
standard_auto_decision_3bd3049116a4a070e9c5,standard_rule_c32298c88ad65bd683e9,standard_review_source_13427e795d5d71c5a271,511a7ecf60a2d6c8883bacd9dd3c8f63a1ab95e965bd0df8b2d9e221dde75473,pending_review,high_density_source_block,system_conservative_policy,,,1.0.0
standard_auto_decision_610e669d617a9b7a82a7,standard_rule_863b48fff9f555019ec5,standard_review_source_13427e795d5d71c5a271,e4c1cee276fed44712fb6e2fa0e62c65367b0bcad78040495c7223caf4a08a08,pending_review,high_density_source_block,system_conservative_policy,,,1.0.0
standard_auto_decision_6eb81fbfd2853ad86cd9,standard_rule_03ae1a9b2c7e0ac82a2e,standard_review_source_13427e795d5d71c5a271,18f82a1811c949bbd777edd24ff8ad3b200ae42c1c277522a4bd45bb6e234d1b,pending_review,high_density_source_block,system_conservative_policy,,,1.0.0
standard_auto_decision_bb3fc46e22d6e6da459f,standard_rule_bc954c276712f5cb3f50,standard_review_source_13427e795d5d71c5a271,9b6c7c72b78d14e896ddac86dc31805cbc1748ba3e17f203827c4666670f153b,pending_review,high_density_source_block,system_conservative_policy,,,1.0.0
standard_auto_decision_323e7ba5d0e90cbda356,standard_rule_c8020464906e4a6c48e4,standard_review_source_13427e795d5d71c5a271,0e3bee3ac3ceeed84ffdacc5ae95d8955b2de3ff83c8adfb61c391d6852c0735,pending_review,high_density_source_block,system_conservative_policy,,,1.0.0
standard_auto_decision_04a024ab8273496b459b,standard_rule_831433fae806d37e1304,standard_review_source_13427e795d5d71c5a271,4cff7b9890690cbca7dca066ae5b0f9b80a8020fed435a601c73290ac21ee8ed,pending_review,high_density_source_block,system_conservative_policy,,,1.0.0
standard_auto_decision_162b7cbd3f3f0aad1859,standard_rule_54177e220d190153e0de,standard_review_source_13427e795d5d71c5a271,6bea1969b6d30ba62ab517eb350c6be6dbb6c0c72e956b69cbf29a181d6da9a2,pending_review,high_density_source_block,system_conservative_policy,,,1.0.0
standard_auto_decision_f102ccc3b581b9d952b7,standard_rule_ade5989e543f29999f3e,standard_review_source_13427e795d5d71c5a271,9e11d4a2b6d93360df1b37120895971082f069fe6b5f60da48e6a3ab0dd9b449,pending_review,validation_reasons_present;not_priority_review;high_density_source_block,system_conservative_policy,,,1.0.0
standard_auto_decision_32ad52904d21fd3f58b7,standard_rule_a5f7894f32d60f27e2e4,standard_review_source_13427e795d5d71c5a271,2b5327c660731d2433ab090a6a5234381eb5d55de9f8291b90c517bb81344a0d,pending_review,high_density_source_block,system_conservative_policy,,,1.0.0
standard_auto_decision_ebce483bab3096db4678,standard_rule_a447eecd5a88b30a72ac,standard_review_source_13427e795d5d71c5a271,c033d702c9a8c82968097881312cf86a0f7e065f4d008f18e4d8294443d243ca,pending_review,high_density_source_block,system_conservative_policy,,,1.0.0
standard_auto_decision_c026e1886158b1aa689c,standard_rule_735e68dc5b233e4ef736,standard_review_source_13427e795d5d71c5a271,f1b4fbfa879f80d43906c6674a622cca4b77aa8f5a59e1e3f364a728aac37f1c,pending_review,high_density_source_block,system_conservative_policy,,,1.0.0
standard_auto_decision_8b67fe83c7163bb8476a,standard_rule_c1135e651014d394bc20,standard_review_source_13427e795d5d71c5a271,d9c2271492587e92e0a3f6c7f46c5843f7dcb28c0f62d44f8e300e48c8325029,pending_review,high_density_source_block,system_conservative_policy,,,1.0.0
standard_auto_decision_946f5e7d3d22c2a56b16,standard_rule_c3928c0e77132aea9001,standard_review_source_13427e795d5d71c5a271,2f8b6232d1a09d9fde89427f3bcd8a97ecbed4484a0b5ce39922a1402ef7c543,pending_review,high_density_source_block,system_conservative_policy,,,1.0.0
standard_auto_decision_6e1c6c7c22dc8e73f3be,standard_rule_ab630ea0531a9a16567d,standard_review_source_13427e795d5d71c5a271,c07a7498af47d96930c39972e0d2697f136bd6a94071c46e9273104d37044863,pending_review,high_density_source_block,system_conservative_policy,,,1.0.0
standard_auto_decision_e19892893865ca65317e,standard_rule_2d6a4864489f8039ef5e,standard_review_source_13427e795d5d71c5a271,c757764931782a68aa7188f35c7fbf613e6e0fc55187e1512010275f8fb6cbba,pending_review,high_density_source_block,system_conservative_policy,,,1.0.0
standard_auto_decision_e7a9072268423729b037,standard_rule_a5ee9e84ed2f9bdecd22,standard_review_source_13427e795d5d71c5a271,d240260d22668acb9569bbe678e079571d025cbbdcedde711884a893ccc7a407,accepted,conservative_auto_finalization,system_conservative_policy,,,1.0.0
standard_auto_decision_b720d21c9fc10f01b3fa,standard_rule_82eb540dad6f383d3cd9,standard_review_source_13427e795d5d71c5a271,4f3de65bd953e13737923465d4d0635fe18792a39074d5c3c59f2c9ec201a478,pending_review,validation_reasons_present;not_priority_review,system_conservative_policy,,,1.0.0
standard_auto_decision_3a97ecdc1d815a4642f7,standard_rule_81485d1f222b351717c9,standard_review_source_13427e795d5d71c5a271,f42169f0c737bdb3f700e5b7f6f0d0a8e11ffbff531d02f6b59854686f5244cc,accepted,conservative_auto_finalization,system_conservative_policy,,,1.0.0
standard_auto_decision_c36106005ad0503d4b64,standard_rule_10df718cb86062054610,standard_review_source_13427e795d5d71c5a271,2584eb7da742a452bb8565f1f9431ffdce61a3ddbf7a4bae375a2c5f3e8196b3,pending_review,validation_reasons_present;not_priority_review,system_conservative_policy,,,1.0.0
standard_auto_decision_56ee14114de08774554d,standard_rule_1228ec5bc4841df56995,standard_review_source_13427e795d5d71c5a271,3703616163272932afe384cc940f46ebebbff96c783d9a6e907236b09ee6d253,accepted,conservative_auto_finalization,system_conservative_policy,,,1.0.0
standard_auto_decision_12a04f14d46309f0a7f2,standard_rule_c917ae077cd8510a906c,standard_review_source_13427e795d5d71c5a271,b6b73d9fe48dea33c6b9f1c1938850b471f4b087d897a833ec481d7879bf9d0e,accepted,conservative_auto_finalization,system_conservative_policy,,,1.0.0
standard_auto_decision_3d3dd3116dcfaebcc61b,standard_numeric_fd6490648447d0ada39e,standard_review_source_13427e795d5d71c5a271,e3a021afdca12d89c2c2335b1596cb0f3169eed7645bb4c5bdef48e36dbfd054,accepted,conservative_auto_finalization,system_conservative_policy,,,1.0.0
standard_auto_decision_5aa6b6737a3790c7b4d8,standard_rule_363b985d083b2deda42d,standard_review_source_13427e795d5d71c5a271,abe80bc923f305eab4b16a23273d062e1b883496a1b87eed6181d204455cf08b,pending_review,validation_reasons_present;not_priority_review,system_conservative_policy,,,1.0.0
standard_auto_decision_f636a8647ddb4415dc35,standard_numeric_a218ae9e3803cf13e446,standard_review_source_13427e795d5d71c5a271,9bbbc9b5d27cd64161b9cc400d271b75a0ad0897d3fc5bc53c3d7638b655541a,accepted,conservative_auto_finalization,system_conservative_policy,,,1.0.0
standard_auto_decision_e4f995d8b12808f9e2a6,standard_numeric_dda245e0ed8290293efd,standard_review_source_13427e795d5d71c5a271,d093fa47a757ef68894c363a376eea4ce442817e1df4cdd1b6799815a2aeefeb,accepted,conservative_auto_finalization,system_conservative_policy,,,1.0.0
standard_auto_decision_02f932a7e7c3588030f0,standard_rule_14972c661150193448d6,standard_review_source_13427e795d5d71c5a271,efa38313d3100767852d930f8c48cc7aab9fbd0d7644b582e9f39e2822e3c068,accepted,conservative_auto_finalization,system_conservative_policy,,,1.0.0
standard_auto_decision_a778fe55696101e4e726,standard_rule_283e825596b093a7f35a,standard_review_source_13427e795d5d71c5a271,43696f7b6206bb70ec98f915ab6407b1e2c917b74e62ece1e06a6165008df752,pending_review,validation_reasons_present;not_priority_review,system_conservative_policy,,,1.0.0
standard_auto_decision_aa2b3889976c9b20a675,standard_rule_01ef74529ce5e2fa3ed0,standard_review_source_13427e795d5d71c5a271,93c7f1d7c8bacc1c7fcc226aa83dcc3e6a09162c05c48fc5a85efbeaf4494c6e,accepted,conservative_auto_finalization,system_conservative_policy,,,1.0.0
standard_auto_decision_e0e73e8111aa6b5bc286,standard_rule_dc922e93ceae8e6d4916,standard_review_source_13427e795d5d71c5a271,a66f03f7e27440694084aa332f455f9c5bac8190b232f4a220d78db181c2f097,accepted,conservative_auto_finalization,system_conservative_policy,,,1.0.0
standard_auto_decision_a16a538952c336a7f645,standard_rule_ee5a3e8a87b002795c42,standard_review_source_13427e795d5d71c5a271,60b05c4506f143c48c64a2129a4b577ff913693e2f7e936a18c5065660531cd8,accepted,conservative_auto_finalization,system_conservative_policy,,,1.0.0
standard_auto_decision_76ce05c5ec86dae7b8e3,standard_rule_feeafa92d9e44df0a413,standard_review_source_13427e795d5d71c5a271,ce573f248dcb9f4787fe259c46f14efa87bf79ffd717d556afb74b598852aa24,accepted,conservative_auto_finalization,system_conservative_policy,,,1.0.0
standard_auto_decision_9732c68f1c5dbc2e200c,standard_rule_5b7998667a3059ef0b56,standard_review_source_13427e795d5d71c5a271,62950cf66c14b2177370c4d7d47e46da17adf317688725e62ed086cea233e5ee,pending_review,not_priority_review,system_conservative_policy,,,1.0.0
standard_auto_decision_9acc35ce0d96ca79ca57,standard_rule_54a1a5224cc66c6b891d,standard_review_source_13427e795d5d71c5a271,05dfb72166b020f27703cfe5b64a55ab3c1225b8116a5d5bc4d66a2af519062e,accepted,conservative_auto_finalization,system_conservative_policy,,,1.0.0
standard_auto_decision_77a9fe4239a6d5df4c2a,standard_rule_5ca4760439ef99e567db,standard_review_source_13427e795d5d71c5a271,5a811044e2735127bbeab69aff7144f7a04b8e3e93ffaa634690b9aa2d2b25ed,pending_review,not_priority_review,system_conservative_policy,,,1.0.0
standard_auto_decision_7ecb703b18be25ada43d,standard_rule_8b56a33b029c8d2e85e8,standard_review_source_13427e795d5d71c5a271,e77c94281129066500b3f87b0f786b6a3b9f8dd9f2aa0ca01b6acdc7ab58ea92,pending_review,validation_reasons_present;not_priority_review,system_conservative_policy,,,1.0.0
standard_auto_decision_f760a6f3e2c78e306d56,standard_rule_1f9388c331e0f51c2970,standard_review_source_13427e795d5d71c5a271,e05b8916d5cfec6fc3b4d8926d3a931fd60f4bc723253ce6036378cc1d0b24b2,accepted,conservative_auto_finalization,system_conservative_policy,,,1.0.0
standard_auto_decision_4af95f2c209ff5d75c6e,standard_rule_e8bcc24a5435d7ee5be4,standard_review_source_13427e795d5d71c5a271,0d56657010af19ddb4d8b22ba8bd3cd5c5d8d4f68a1d771070554b9507eb2459,accepted,conservative_auto_finalization,system_conservative_policy,,,1.0.0
standard_auto_decision_d6584f81bb79e233c17a,standard_rule_17f734e184d64e2bf560,standard_review_source_13427e795d5d71c5a271,81d9f34ddaee2ebee42479c3bb4da60986bcf2a455188e70c3ca575591b699e2,pending_review,validation_reasons_present;not_priority_review,system_conservative_policy,,,1.0.0
standard_auto_decision_4e550a344108cc03e322,standard_rule_eb5708454ae2c9a0798c,standard_review_source_13427e795d5d71c5a271,7e707c4f409c4dd1b7c915f8b1b5a0b13f75942657a3fd99feec3dea19f8f902,pending_review,not_priority_review,system_conservative_policy,,,1.0.0
standard_auto_decision_ea46d395a2997a36ce2e,standard_rule_3dd972313bc97d0aacdc,standard_review_source_13427e795d5d71c5a271,85b6a8745b9fbe1a8e9dcb20b631b6be99c7f18b786dda0e2fb1855c3be19136,pending_review,not_priority_review,system_conservative_policy,,,1.0.0
standard_auto_decision_25897d1a15597764a6a1,standard_rule_6a008950e3b9643e3972,standard_review_source_13427e795d5d71c5a271,8689bfbf12df980f9e2dbd8c8227e76618960a381eda3705f0298e68d8cf2f49,pending_review,not_priority_review,system_conservative_policy,,,1.0.0
standard_auto_decision_2ffea279063a84e47e70,standard_rule_5db443b93972fa0e7e92,standard_review_source_13427e795d5d71c5a271,a7545ef18304c9709c9c9a705d7fbff5f61ac6f0ab4852ce9a0cb0fe4f71c777,accepted,conservative_auto_finalization,system_conservative_policy,,,1.0.0
standard_auto_decision_ae68895e4c71d6e12844,standard_rule_9b95ad1f0fd57bd35932,standard_review_source_13427e795d5d71c5a271,b1bdfc975b3069b3eb51d9f58d9228c8e7e727281ae72e4a9e3f359533b10d23,pending_review,not_priority_review,system_conservative_policy,,,1.0.0
standard_auto_decision_83bf56053ea279cfbc25,standard_rule_581a34dac0ac10747f50,standard_review_source_13427e795d5d71c5a271,83e543af6bede9f2ffcb44b75c4693799a9d46e22973bae963782234c2dc004a,pending_review,not_priority_review,system_conservative_policy,,,1.0.0
standard_auto_decision_0f9bb5f2efe30b31bf6d,standard_rule_953a2e99ac9b35be7e5c,standard_review_source_13427e795d5d71c5a271,2084fe11d3293dd5dd3a172811f4d651e30ab03c838c469a722f9f57261c849e,pending_review,not_priority_review,system_conservative_policy,,,1.0.0
standard_auto_decision_d1d65c555ea56d9c2fc3,standard_rule_13f788835116dcb671df,standard_review_source_13427e795d5d71c5a271,12b1af58f3c26315a5cb5e59633f86fcaeabc0c8773e3961bbb2eb29bfccd843,accepted,conservative_auto_finalization,system_conservative_policy,,,1.0.0
standard_auto_decision_88c80c1f238afc81edfe,standard_rule_2f6212a19193b6eea470,standard_review_source_13427e795d5d71c5a271,2d41dbf30d50066463c192c11236131834ca7286c1b5e002ce790ae7a9e06731,accepted,conservative_auto_finalization,system_conservative_policy,,,1.0.0
standard_auto_decision_ebdc8721501647fa98be,standard_rule_bad55055ae65ffaba9b3,standard_review_source_13427e795d5d71c5a271,f596e68e5da33ace2b2cd8befcb804aa87eaad82c47793e5d18b5b3e87e154fb,accepted,conservative_auto_finalization,system_conservative_policy,,,1.0.0
standard_auto_decision_4b23dd7353c97ad0ed35,standard_rule_5cfe0342420a660fa2aa,standard_review_source_13427e795d5d71c5a271,eeb37f8e846ca24fa4145d46f53532e04ce60ac5dc33531dfa9e1622c0127843,accepted,conservative_auto_finalization,system_conservative_policy,,,1.0.0
standard_auto_decision_9eb42c6e7e9a8a214252,standard_rule_d58430ca319aefb45018,standard_review_source_13427e795d5d71c5a271,3a2ff23e5f6b58c493d6e875b987d6e1eb8524bbb68d2649394bee7c2e052f85,pending_review,validation_reasons_present;not_priority_review,system_conservative_policy,,,1.0.0
standard_auto_decision_ce68d39e6b4374aadcf9,standard_rule_48e69cd92ac78b475e72,standard_review_source_13427e795d5d71c5a271,81faf912f78074319cc89d3fb6e825b2147751e44182b4fe0d67301206d925f7,pending_review,validation_reasons_present;not_priority_review,system_conservative_policy,,,1.0.0
standard_auto_decision_9dac5db5873f441c3512,standard_rule_80d9057191201c9fd7d6,standard_review_source_13427e795d5d71c5a271,00573a44ad5482c9f19c413e0058d4f37723d59428a6c5f60b5d613e156e8fa0,pending_review,validation_reasons_present;not_priority_review,system_conservative_policy,,,1.0.0
standard_auto_decision_6920eb98dd17758e5de2,standard_rule_ff2bf3ae1fa9c4f04a5a,standard_review_source_13427e795d5d71c5a271,e535887e0720c13b8d4104b7a0219677a9fcba8bd6fc1dce074db5be8605c0c0,accepted,conservative_auto_finalization,system_conservative_policy,,,1.0.0
standard_auto_decision_76c53391102aa470a8b0,standard_rule_bfcd17fbee89ef5f2769,standard_review_source_13427e795d5d71c5a271,2b0ec899ede5ff0266f704d50685378aeb5ee42b4b33fafd53d0a83b79bf0508,accepted,conservative_auto_finalization,system_conservative_policy,,,1.0.0
standard_auto_decision_97480fbb677e213e984e,standard_rule_f6ef813913cf4f2f385e,standard_review_source_13427e795d5d71c5a271,149204217633956f9a5eb90e4379564ec3f0a2cb1ff8883cd79921c28f761ae3,accepted,conservative_auto_finalization,system_conservative_policy,,,1.0.0
standard_auto_decision_9019f5f5a31368075995,standard_rule_2f434422850da3fcbbae,standard_review_source_13427e795d5d71c5a271,0cecee745f271f982b37c0e25bb3517109b11076119049f97c90c7618769c916,accepted,conservative_auto_finalization,system_conservative_policy,,,1.0.0
standard_auto_decision_2ae017185d248059fde1,standard_rule_e265bcdfa63233de42c4,standard_review_source_13427e795d5d71c5a271,ab319cc6283dddd5f92f8d981e7f33ce05229008d00f35a88d4239805bda441a,accepted,conservative_auto_finalization,system_conservative_policy,,,1.0.0
standard_auto_decision_51e5d415919e9af707ff,standard_rule_26b51decf416d6964fd2,standard_review_source_13427e795d5d71c5a271,cfa8a1d4e26dcea039215100597849f388b5b7b7250272ef8dd62f462227a3b9,accepted,conservative_auto_finalization,system_conservative_policy,,,1.0.0
standard_auto_decision_86d1db7e843145b7c06b,standard_rule_71eea3888da0e36826a4,standard_review_source_13427e795d5d71c5a271,013a5d93daab917bcc18ae2282a92c69158d869e44dc2550cb934c730828e17d,accepted,conservative_auto_finalization,system_conservative_policy,,,1.0.0
standard_auto_decision_0d1a369967459e66497a,standard_rule_532c2a835e982a95ecef,standard_review_source_13427e795d5d71c5a271,cad158e39046db30c74cc0b1c00796eb460ec4f81e429407b3867831a1a106ce,accepted,conservative_auto_finalization,system_conservative_policy,,,1.0.0
standard_auto_decision_42093f4599e08d3b6244,standard_numeric_6254fd551139c30e727e,standard_review_source_13427e795d5d71c5a271,d89e1824cf5fd2dde402dd3f146f805a589e0ccf35d388c3b868ac9a13ef1558,accepted,conservative_auto_finalization,system_conservative_policy,,,1.0.0
standard_auto_decision_340269421d058af78466,standard_numeric_09aee176862b6f7b8c72,standard_review_source_13427e795d5d71c5a271,fe188cb7ef591ff5ff90f19d1bb53fb17b66cfb2245766a9aeee4a1bb8afde5f,accepted,conservative_auto_finalization,system_conservative_policy,,,1.0.0
standard_auto_decision_5c72ec471f6fd0db2efa,standard_numeric_8076ce3b07f326b52126,standard_review_source_13427e795d5d71c5a271,6b6217be2638520648ff2a315f12ca38ea919b3ae23abd0967e5969de9877929,accepted,conservative_auto_finalization,system_conservative_policy,,,1.0.0
standard_auto_decision_cd7911640edd3402d997,standard_numeric_9537fac192875993e802,standard_review_source_13427e795d5d71c5a271,905eba33024098a0edbeb0bd4859826b50a86391d36d35d474cb3702c0245223,accepted,conservative_auto_finalization,system_conservative_policy,,,1.0.0
standard_auto_decision_773b07962f2967187023,standard_rule_8b7a5e99576eae279488,standard_review_source_13427e795d5d71c5a271,90b5164e771deb425206c451094effd0c2c161f1ae513f66513ca0398f295b34,accepted,conservative_auto_finalization,system_conservative_policy,,,1.0.0
standard_auto_decision_64d1c5be570a917a200d,standard_rule_dc49270d1f5eb3f577de,standard_review_source_13427e795d5d71c5a271,07ac703031c84295783b621fc1c108fbfee51a94f40bd487fe4f1dce56a39a23,accepted,conservative_auto_finalization,system_conservative_policy,,,1.0.0
standard_auto_decision_f625db632f7239f19fa0,standard_rule_0afbc1f4c9f04cfd93e8,standard_review_source_13427e795d5d71c5a271,c0872fa1ef1521d46d90ce19b229323d974c4ac37fd8cf0f937412d96bbf2806,pending_review,validation_reasons_present;not_priority_review,system_conservative_policy,,,1.0.0
standard_auto_decision_fd10161234a17b13fb1a,standard_rule_a1db87d7c9fd229d85da,standard_review_source_13427e795d5d71c5a271,241c1e8e6c9e7eec49575cc1ec4498819ebf3b82161e81dca62595a3bce79bfc,pending_review,validation_reasons_present;not_priority_review,system_conservative_policy,,,1.0.0
standard_auto_decision_14255dcbccaf18e28f3a,standard_rule_073b34c622c0a7680211,standard_review_source_13427e795d5d71c5a271,17d87ec78062d340efa3fbb76dea59bacaa90cf9757e619e42877b51b80991bc,accepted,conservative_auto_finalization,system_conservative_policy,,,1.0.0
standard_auto_decision_885c74d901c93f217e7f,standard_rule_2e6287fa29ed08f66ddc,standard_review_source_13427e795d5d71c5a271,31ac05a0e34d55a24da07c5f20d1d784db31f5f48292cdd5a161b6ea93f21677,accepted,conservative_auto_finalization,system_conservative_policy,,,1.0.0
standard_auto_decision_c47d1be8f918c66b9240,standard_rule_ba79a283e4572747d0cf,standard_review_source_13427e795d5d71c5a271,cee20a52c3ca328aed8a7f4d1542005c730e09b85c6bd0af4e8fb8dee698718a,accepted,conservative_auto_finalization,system_conservative_policy,,,1.0.0
standard_auto_decision_a0f09d4515e9de51a96e,standard_numeric_13f52468c70a09708af1,standard_review_source_13427e795d5d71c5a271,b5d1d51ac00f60ac75e7bd03a468265bb147822fda639cf81bc3146c9f1ee24e,accepted,conservative_auto_finalization,system_conservative_policy,,,1.0.0
standard_auto_decision_e7dd464af9fb6df14534,standard_numeric_4afac4609b912f661da3,standard_review_source_13427e795d5d71c5a271,62db61868ea3d942b0f9efa23323a5f83f5fe7d62b5d1f5ffbec9f90aa9e96c2,accepted,conservative_auto_finalization,system_conservative_policy,,,1.0.0
standard_auto_decision_82ede7951ab63fa751c5,standard_rule_746e2eb90269a7225740,standard_review_source_13427e795d5d71c5a271,a4d41d84d6848264b4903a00b897e76b075300b3180d5f61c9fc2d2ba7d3129d,accepted,conservative_auto_finalization,system_conservative_policy,,,1.0.0
standard_auto_decision_8d92edf11416f51bfe2f,standard_rule_1900520c259e9d9b97ef,standard_review_source_13427e795d5d71c5a271,2b5fdc944d58c9cd8be6a20bad27972c0f3918afcbbb86e3bfb9cca6abfddc99,accepted,conservative_auto_finalization,system_conservative_policy,,,1.0.0
standard_auto_decision_093a75b3e8ea19117ee0,standard_rule_8c7030d0e78ec4cd324c,standard_review_source_13427e795d5d71c5a271,4112a4fde8c0c513b73a947efd0c8321f0e45cb99f464e4e4dd296b755f63312,pending_review,validation_reasons_present;not_priority_review,system_conservative_policy,,,1.0.0
standard_auto_decision_aee2e6b3788b49b58196,standard_rule_bbe2aad104121c439cad,standard_review_source_13427e795d5d71c5a271,43bbca670b2e033ff772977b0e92ae98b997f033ae977ed5c82fd48b96c2fa33,accepted,conservative_auto_finalization,system_conservative_policy,,,1.0.0
standard_auto_decision_cbc4c6b4d8af7942d75b,standard_rule_dac2b5cb2e4d882a4755,standard_review_source_13427e795d5d71c5a271,1b4706111d597c20a8ede37cb5d456193a8839847186ae39ef71f94666b3799b,accepted,conservative_auto_finalization,system_conservative_policy,,,1.0.0
standard_auto_decision_028da34dca91d0804d85,standard_rule_1c71073095fef6768e53,standard_review_source_13427e795d5d71c5a271,23f2faab57823770ade4c39a61140773550de9194b0e4db98ceec9eda7947702,accepted,conservative_auto_finalization,system_conservative_policy,,,1.0.0
standard_auto_decision_43542fd017a14809e9b3,standard_rule_3a16ccbc622d87d877b4,standard_review_source_13427e795d5d71c5a271,c4746d68b327dae931ed3bd8f2a57433f177ffff1b8cfc6e0154ddcc8f1513ca,pending_review,not_priority_review,system_conservative_policy,,,1.0.0
standard_auto_decision_6ff6b0046b12361633b5,standard_rule_5c670f2a2c7a3512e947,standard_review_source_13427e795d5d71c5a271,1d0feeaa6dacc8ceede0b13bd8101744d3471c2f57078e880e86e14b95ff01ec,pending_review,validation_reasons_present;not_priority_review,system_conservative_policy,,,1.0.0
standard_auto_decision_9948f481b54284c4bfcf,standard_rule_c1dcf478ba413f73605a,standard_review_source_13427e795d5d71c5a271,cb924b7398d588ea630396144f362d8c1200b722be88e4112d9516c2f6593109,pending_review,not_priority_review,system_conservative_policy,,,1.0.0
standard_auto_decision_4bf54e1e41600f96f367,standard_rule_835246b4039b4eff0354,standard_review_source_13427e795d5d71c5a271,e7104d0229609bc85b709b5858d9f9e425f1692f7494cb4e1128a9a98983a7dd,pending_review,not_priority_review,system_conservative_policy,,,1.0.0
standard_auto_decision_f2f31d996255bfa0c4f4,standard_rule_5dc45b63793e86f0874a,standard_review_source_13427e795d5d71c5a271,fd64b32a3825c4165ae23a6b7d11396c9ae7401b09e17de41ce190d03979ef65,pending_review,validation_reasons_present;not_priority_review,system_conservative_policy,,,1.0.0
standard_auto_decision_4282a6da64f770f813fe,standard_rule_017dc3ab805dd5851c44,standard_review_source_13427e795d5d71c5a271,ddd7135c11666d5d60b8fe34e4d655e17a84ee6be65aeaf21def2673a7a14a7d,pending_review,not_priority_review,system_conservative_policy,,,1.0.0
standard_auto_decision_56e4a689d3aa5644b3a4,standard_rule_5e6cf0c693791c7487aa,standard_review_source_13427e795d5d71c5a271,c26dd68625e3e25c164b016cf39de0b29c9a7db48260026d0e533d0412027637,accepted,conservative_auto_finalization,system_conservative_policy,,,1.0.0
standard_auto_decision_e2f0cad0b8e5ac2e1a5e,standard_rule_7e6666f1cc6ea35a707a,standard_review_source_13427e795d5d71c5a271,ec8be1cee6ae41289ed3072f459527530e05a4a5df9861cea1dedfe34f3673de,pending_review,not_priority_review,system_conservative_policy,,,1.0.0
standard_auto_decision_52203ff35df18ead56c3,standard_rule_61c9169bf2f89b5b70d7,standard_review_source_13427e795d5d71c5a271,8c80058609705689a4d8be3be552fa446edbd6f2a92e59c135c6553e0ea26d38,pending_review,not_priority_review,system_conservative_policy,,,1.0.0
standard_auto_decision_d86b36037c7b258c10d6,standard_rule_907253f1b34a6b7899d2,standard_review_source_13427e795d5d71c5a271,ea8b73e0c71f421b30775bb79604f16d70da48aedf64f7de6cdbab34482bab51,accepted,conservative_auto_finalization,system_conservative_policy,,,1.0.0
standard_auto_decision_c56a59cdbfc344ff111b,standard_rule_2585b1564a8b090954fd,standard_review_source_13427e795d5d71c5a271,d3d3c6048c0b50a9583d7e98bc80e2f9ef10aa6418de8b6455e615926f15f5a8,accepted,conservative_auto_finalization,system_conservative_policy,,,1.0.0
standard_auto_decision_9f116eef6472ece49dbf,standard_rule_baf30da6b94dc384b089,standard_review_source_13427e795d5d71c5a271,2361c5735b29ff5b1d779f925f5ff73da9bfc3f5f2e6ad26774502a8e37ad82b,pending_review,not_priority_review,system_conservative_policy,,,1.0.0
standard_auto_decision_3c8963c093d6288fdc33,standard_numeric_41136769c8137ace0677,standard_review_source_13427e795d5d71c5a271,5ea6b70ae2a193c6fcd41a337e80a1ef95b102a6215dc1a7a0a232a354f6f85e,accepted,conservative_auto_finalization,system_conservative_policy,,,1.0.0
standard_auto_decision_827781c82e290d447534,standard_numeric_48784c805d1552df8dc6,standard_review_source_13427e795d5d71c5a271,350b5fefea0f334a91fd5d1fe8ce21e67b120375d494843944bce65856b88ec7,accepted,conservative_auto_finalization,system_conservative_policy,,,1.0.0
standard_auto_decision_07161f6fb05bb2256de0,standard_rule_ffb7856c8e657a95be16,standard_review_source_13427e795d5d71c5a271,c992386a285c202a879e134461aab3a82e0658d7a912f0dba287d5076d477d76,accepted,conservative_auto_finalization,system_conservative_policy,,,1.0.0
standard_auto_decision_2e1eb0b0e49581cf088d,standard_rule_88207e52f61e93c3c210,standard_review_source_13427e795d5d71c5a271,85bc7e43c9345c6298385af42f5d0a5622ec75fdc358950df6e8643ccbf03ed8,pending_review,not_priority_review,system_conservative_policy,,,1.0.0
standard_auto_decision_0cb1a4a37b0a16f33ef5,standard_rule_e775df10a07cee17d155,standard_review_source_13427e795d5d71c5a271,01902eab603046e752da4e4d589dfcf4debaaf15be6fc22049751dddeba49c5c,accepted,conservative_auto_finalization,system_conservative_policy,,,1.0.0
standard_auto_decision_2b2e55c5cd38cf4a465d,standard_rule_07958e08c93907c0e058,standard_review_source_13427e795d5d71c5a271,208a65b5183a152dbe3141c836baa6620560cb5178d8afe1d7fa1cb2bf50d5c8,pending_review,not_priority_review,system_conservative_policy,,,1.0.0
standard_auto_decision_14a4146c044458a34e38,standard_numeric_dee3552d0bfaf636333f,standard_review_source_13427e795d5d71c5a271,cd3fa0f1df3cccb76f24cf217d17b72364ff9bf4f71f8d5c12c5507500854184,accepted,conservative_auto_finalization,system_conservative_policy,,,1.0.0
standard_auto_decision_4d48cd282fa2f4a96b77,standard_numeric_a240e771478295b2dfb1,standard_review_source_13427e795d5d71c5a271,a699b8cf45395ad5eaef47fbde8b66abb67e1acc8c047d5dc32a6b53c45330b3,accepted,conservative_auto_finalization,system_conservative_policy,,,1.0.0
standard_auto_decision_fdf9a585fad15bf12cf1,standard_rule_3b42d2c0d36af1f52ef5,standard_review_source_13427e795d5d71c5a271,5c8a8b219321b9b7af1a14464c7e1a2afeb3b3cb674794d782093138b721857a,accepted,conservative_auto_finalization,system_conservative_policy,,,1.0.0
standard_auto_decision_15b4b659eb7a08bdb351,standard_rule_c4e85a3edd20b87fd00d,standard_review_source_13427e795d5d71c5a271,0eafb7c468415f87d51d861040dc3bbeb8828bb99f14352d2066f3d70ef077b4,pending_review,validation_reasons_present;not_priority_review,system_conservative_policy,,,1.0.0
standard_auto_decision_806248ffec6ba07dafc2,standard_rule_46e6485aa3355441518c,standard_review_source_13427e795d5d71c5a271,b7e1251d101e3799f2c14c6497e518fd05e6b89199242414699ce4d4e1cd60e2,accepted,conservative_auto_finalization,system_conservative_policy,,,1.0.0
standard_auto_decision_906561ef82f2c77d5e49,standard_rule_46d13c91a46d40343ed0,standard_review_source_13427e795d5d71c5a271,d9603d4378f173bca0916d4181de0009f83b05f173525b98ae504545e4333e32,pending_review,not_priority_review,system_conservative_policy,,,1.0.0
standard_auto_decision_0d3ac16386c9d47a61cb,standard_rule_ac44fcfe83df49f6db6b,standard_review_source_13427e795d5d71c5a271,99b1407a73823228874331eb260a349a0a1d214126af42efb9e55bc79c95ef15,pending_review,validation_reasons_present;not_priority_review,system_conservative_policy,,,1.0.0
standard_auto_decision_3fa82c039ffa2bada455,standard_rule_2fe4401bb39f2ecc6107,standard_review_source_13427e795d5d71c5a271,87fb780f6593b4ed323e51097d17b1426c73177df31c58a746886d41e6c5ff3a,pending_review,validation_reasons_present;not_priority_review,system_conservative_policy,,,1.0.0
standard_auto_decision_661827467358573e2b16,standard_rule_3cd9fb0657be3bd2f268,standard_review_source_13427e795d5d71c5a271,fb406a55677d1f34830a531aa34baa82ad3536a9616c5c653835e810dc07d107,accepted,conservative_auto_finalization,system_conservative_policy,,,1.0.0
standard_auto_decision_70e75d66bb675c8ebb7c,standard_rule_5b3ad3f5ce55aa03a273,standard_review_source_13427e795d5d71c5a271,5222a3344b61993d1b4484774c69b788b0e4a50615e2514ecc42a92133ae7d65,pending_review,validation_reasons_present;not_priority_review,system_conservative_policy,,,1.0.0
standard_auto_decision_32d47185ddc1a3bde99c,standard_numeric_8e51549c696a70ac4150,standard_review_source_13427e795d5d71c5a271,075bb6b0563a7cfb9cb26f873a08b9eee718a9014a9e32c118d4ada425e4c0af,accepted,conservative_auto_finalization,system_conservative_policy,,,1.0.0
standard_auto_decision_8e28a6554590822310b8,standard_rule_fb710cf02bd4077e8b68,standard_review_source_13427e795d5d71c5a271,b151d7d6fe58d24dac2f328c05ddf519af47440f87262adcd18ef94ee35d5762,accepted,conservative_auto_finalization,system_conservative_policy,,,1.0.0
standard_auto_decision_7559254bc456a0a292fc,standard_rule_cf6e6b6b13fa581661ff,standard_review_source_13427e795d5d71c5a271,54f0d23b3a7db609ba3d76f5e2c1b78c55d50c6d3217886c636d02cbb704088c,accepted,conservative_auto_finalization,system_conservative_policy,,,1.0.0
standard_auto_decision_780f4e5bb17a54b384a5,standard_rule_43b4815a603d81a199ac,standard_review_source_13427e795d5d71c5a271,e06771bd20eb7f25cd49023407698004a8603342195ebc01383243f66c1d3121,accepted,conservative_auto_finalization,system_conservative_policy,,,1.0.0
standard_auto_decision_20034276e7271aa3d136,standard_rule_f3052a194bfea4b6fbb3,standard_review_source_13427e795d5d71c5a271,d6249dcb1f5f07fa67a17b4c0cfef550129b4db953954c0dded44fc7ba746bf1,accepted,conservative_auto_finalization,system_conservative_policy,,,1.0.0
standard_auto_decision_b1e495227a2e8ed0f0c4,standard_rule_f4cb0049dc65afadb113,standard_review_source_13427e795d5d71c5a271,41240fcadd2a6ca2092b5626acdfdad1b37e98f8ef69eb3710badfd8984c0bc3,accepted,conservative_auto_finalization,system_conservative_policy,,,1.0.0
standard_auto_decision_496d3ee52a43ed6221d3,standard_rule_e7cd199d1d44a430f963,standard_review_source_13427e795d5d71c5a271,263c381caf915f18d9f19d5d8debd3c096a67de7642c642f8fd65db0ca9fea12,accepted,conservative_auto_finalization,system_conservative_policy,,,1.0.0
standard_auto_decision_e4a6a9b5851c69e3d36f,standard_numeric_a3164b7388dbe03adc14,standard_review_source_13427e795d5d71c5a271,76388ed0b42007f9a5e3e8e3519803b9f9cc9b0e8a413f882c624f62fd383618,accepted,conservative_auto_finalization,system_conservative_policy,,,1.0.0
standard_auto_decision_4d468ab55cc6e1145f2a,standard_numeric_2d4e4f08466faf2c75fb,standard_review_source_13427e795d5d71c5a271,b892db4e048a3fa66cf7a0e2d3241d6de47d899cf479231bf2a778174edb00f9,accepted,conservative_auto_finalization,system_conservative_policy,,,1.0.0
standard_auto_decision_34627721d3b6fba1752b,standard_rule_41ca8e5b0543c6b6d712,standard_review_source_13427e795d5d71c5a271,2eb20a6261d63d06c323bba8f6a32483277cdd0186c000df45defb0b848cd308,pending_review,validation_reasons_present;not_priority_review,system_conservative_policy,,,1.0.0
standard_auto_decision_f0a3ceb4ce4e227b1ab9,standard_numeric_3846ff126bb8eb4f9d36,standard_review_source_13427e795d5d71c5a271,5e8b46cfdcf2c02b7030bb8bdad54fdac418805018d72e8353309aab66e1ee77,accepted,conservative_auto_finalization,system_conservative_policy,,,1.0.0
standard_auto_decision_98c72d608a65c655813a,standard_rule_9902647441d3e27620fe,standard_review_source_13427e795d5d71c5a271,df9eabbdb3bba6181d6135ff1d810dcd5d53437102b7a7c75e50c5e7f5f9dec5,accepted,conservative_auto_finalization,system_conservative_policy,,,1.0.0
standard_auto_decision_daa95e4fc707490e4384,standard_rule_b5f1cfe74d1992defb52,standard_review_source_13427e795d5d71c5a271,2243c03adf1de2f5d10ca605d6a29864baf571aeaaeeca9f345bf56e3e635b8f,pending_review,validation_reasons_present;not_priority_review,system_conservative_policy,,,1.0.0
standard_auto_decision_e857def51ec5fb5cd978,standard_numeric_a7ac41b6bd0b94fdd5f4,standard_review_source_13427e795d5d71c5a271,7c12e977230a4c2d700fa1cdfbf241ea843b2a523f4c43467bcb3f07a8798cbf,accepted,conservative_auto_finalization,system_conservative_policy,,,1.0.0
standard_auto_decision_fa23afebdbdbdfd3e041,standard_numeric_903f76753ba29cb0d96b,standard_review_source_13427e795d5d71c5a271,e2c210a2ed01ea323ccc2a70746bd865b362a768f0ff02257bda0b2fcb8ad609,pending_review,validation_reasons_present;not_priority_review,system_conservative_policy,,,1.0.0
standard_auto_decision_2452902bde90ee4995fa,standard_rule_f332df0253e6a0e7e6d2,standard_review_source_13427e795d5d71c5a271,7cc12c7c2b2edda015d679ec4bad4da5d0cbad75e498da5426ae2e83e57262b2,accepted,conservative_auto_finalization,system_conservative_policy,,,1.0.0
standard_auto_decision_39ef32bbc91883dedf54,standard_rule_6bbfadefb475dc5a3664,standard_review_source_13427e795d5d71c5a271,b4225d53d5af52192d0f8f9b8969180fc31832de085f5ae92c8982f15571fa8e,accepted,conservative_auto_finalization,system_conservative_policy,,,1.0.0
standard_auto_decision_69ea3ce7384522019c74,standard_rule_d3c531742f7c9b50d6a4,standard_review_source_13427e795d5d71c5a271,487f02d6be2ed77b35cd7fbb1fc27594941936c2dd51b7954f923ff774551dce,accepted,conservative_auto_finalization,system_conservative_policy,,,1.0.0
standard_auto_decision_18976439c66ca5e5b418,standard_rule_33d64ef404e3cbbc3614,standard_review_source_13427e795d5d71c5a271,c679cf2860c76ecabd647667e95d74118c75d0c97f6706015d0f399641c22f5d,accepted,conservative_auto_finalization,system_conservative_policy,,,1.0.0
standard_auto_decision_9572014b4695450d0093,standard_numeric_331e8d69e2d1094301a1,standard_review_source_13427e795d5d71c5a271,0cb57a86709c4cfabe9df172454f09847cc3829881883e8efec35e9b30b0761e,accepted,conservative_auto_finalization,system_conservative_policy,,,1.0.0
standard_auto_decision_864a8810ccbaf476c462,standard_numeric_d1b2d04297b609cb47b5,standard_review_source_13427e795d5d71c5a271,226001b65e1f94e6f0c24f3f5b0f7265a34d8bdccc6ff47fd97ad344e60bcb98,accepted,conservative_auto_finalization,system_conservative_policy,,,1.0.0
standard_auto_decision_8b0247ca0856e2eb168a,standard_numeric_e411b9d3d6ff5e852370,standard_review_source_13427e795d5d71c5a271,f21a733ecbe68db2b73813a59d20c01586571e472b9686a2afeb27ab73b8bc9f,accepted,conservative_auto_finalization,system_conservative_policy,,,1.0.0
standard_auto_decision_123c96343fdefefcb1e8,standard_numeric_fb56d9810472665873c8,standard_review_source_13427e795d5d71c5a271,48331512f14d41525c1bd26682450f03426a22a9b33edca615375d4e41ae4dff,accepted,conservative_auto_finalization,system_conservative_policy,,,1.0.0
standard_auto_decision_d61df53d9f804ec1bab3,standard_rule_dcd9dcab25d80925aa8a,standard_review_source_13427e795d5d71c5a271,1e92a848c069c9be85fc137f2dcd5437fbd048083200c82c855213e7ea596bb2,accepted,conservative_auto_finalization,system_conservative_policy,,,1.0.0
standard_auto_decision_becd9dd641a069b024c8,standard_numeric_fef33c29b7d4cfaf7d21,standard_review_source_13427e795d5d71c5a271,98836e3286dd11ac1a21c111335f710bb1006aeeea6258fce01b268d66bd5319,accepted,conservative_auto_finalization,system_conservative_policy,,,1.0.0
standard_auto_decision_794d96dbd84e75677c9d,standard_rule_abf1df0809981fd2b6f3,standard_review_source_13427e795d5d71c5a271,125bf079040b6030768046aa9364635bc53a44d46672bcd8534840db70da16e7,accepted,conservative_auto_finalization,system_conservative_policy,,,1.0.0
standard_auto_decision_8fa59f884794e541d67a,standard_rule_08ae3c37a041eeaa50d8,standard_review_source_13427e795d5d71c5a271,54baabbc8b0dab04fc4e9df0364920f26291c01d028081789e86088f3f66c8b3,pending_review,validation_reasons_present;not_priority_review,system_conservative_policy,,,1.0.0
standard_auto_decision_f9ebbbd6d27340bf1bd2,standard_rule_b6cb8e11ce5a28e9f025,standard_review_source_13427e795d5d71c5a271,4ed7053c723b60edfe64dc8959c67298c9c3f353af8793c0c7ebfc0eeb6f73e7,accepted,conservative_auto_finalization,system_conservative_policy,,,1.0.0
standard_auto_decision_b8fbede24fd2dd9bbf11,standard_rule_be17f2674f8b53cfd207,standard_review_source_13427e795d5d71c5a271,ea02aed91fc7653472d151e45e7a4d792d2fddf40acbd0480ff4cfd8108526e6,accepted,conservative_auto_finalization,system_conservative_policy,,,1.0.0
standard_auto_decision_4007e6939da9841040f4,standard_rule_bb09842f8550e290e138,standard_review_source_13427e795d5d71c5a271,b40077c016bcdddbbb080bcc5a710ce1f05afe54a6a342a13d01c02d250cc4e3,accepted,conservative_auto_finalization,system_conservative_policy,,,1.0.0
standard_auto_decision_3d591f60bfaf175ccaf2,standard_numeric_08aea9947c1da7878fbe,standard_review_source_13427e795d5d71c5a271,9978ee563c91e87025595f17ea17b5e059ccc744c0731c195ec2c0bedee54705,accepted,conservative_auto_finalization,system_conservative_policy,,,1.0.0
standard_auto_decision_e40db6221256314ebd7a,standard_numeric_e9cdddb84c3f7e179789,standard_review_source_13427e795d5d71c5a271,13b8b2b8cd4331992eff631ad14f934049d72089759b92f9f190ef3dc9de4581,accepted,conservative_auto_finalization,system_conservative_policy,,,1.0.0
standard_auto_decision_8e81346c500849a20eea,standard_rule_5cbe52790935e7f264ab,standard_review_source_13427e795d5d71c5a271,a5abe3b08834a482b81135e380c0142475e335e3b3f826d24363a600306b8e9b,accepted,conservative_auto_finalization,system_conservative_policy,,,1.0.0
standard_auto_decision_c67f777a5c70bf3ed1ca,standard_rule_488a309d6ed6bd201cf8,standard_review_source_13427e795d5d71c5a271,d81ceecddc7234250d6c599a6f9e6af152206e5b8ed1ac7f5ebfe9e7a0115784,accepted,conservative_auto_finalization,system_conservative_policy,,,1.0.0
standard_auto_decision_57dd121329153b4c2201,standard_numeric_3d3ef7665c38ed58a4dd,standard_review_source_13427e795d5d71c5a271,fd3803d3ce5da6ee2a8e806cf9b5c81074c8f9ea5487f3dfc824b5b2a5c57e10,accepted,conservative_auto_finalization,system_conservative_policy,,,1.0.0
standard_auto_decision_ba3d73ec442a366ec72d,standard_numeric_81db545328bcdb7eb5ec,standard_review_source_13427e795d5d71c5a271,8c4e21c799b97e2b75425291b30d9917cb596b1b27d96c1aef73c7597c02f196,accepted,conservative_auto_finalization,system_conservative_policy,,,1.0.0
standard_auto_decision_b073b61b42bc71e83294,standard_rule_a4deaf7aa720f52e07ac,standard_review_source_13427e795d5d71c5a271,b2f6cbd5cfd437b1262bce0dd4b65760b3e0b59ce7a3c52555c90f59205066c3,accepted,conservative_auto_finalization,system_conservative_policy,,,1.0.0
standard_auto_decision_a17cd99d5d35dcdbb792,standard_rule_bd073c8707d49e0e1c7d,standard_review_source_13427e795d5d71c5a271,def7a2c67cb1a636cc709cabcc43bf51af03c029cb445b0fe1ec7ba79d6e60ff,accepted,conservative_auto_finalization,system_conservative_policy,,,1.0.0
standard_auto_decision_24fab003d270eaf642e0,standard_numeric_80c37057c7fd8f75064e,standard_review_source_13427e795d5d71c5a271,23d0560840815a66b2c6be9e01ea080e90e21b2d844ab4a5106eaac6a2b0e175,accepted,conservative_auto_finalization,system_conservative_policy,,,1.0.0
standard_auto_decision_a56fc7eb37d14721a744,standard_rule_e303ad95567a305160bb,standard_review_source_13427e795d5d71c5a271,d83a9bfde94ab643f655987dc11b7b883e995773c9b72895456e129d8e82091d,accepted,conservative_auto_finalization,system_conservative_policy,,,1.0.0
standard_auto_decision_8b27f7199b26b0739c57,standard_rule_fc8ad31442110d8500d5,standard_review_source_13427e795d5d71c5a271,e27b78358d4f23012ac266b781db303b0a3e627e723511144ad834bc3a7ed9e6,accepted,conservative_auto_finalization,system_conservative_policy,,,1.0.0
standard_auto_decision_989e95326be7a33adc3a,standard_rule_1c76498f5b4789d043db,standard_review_source_13427e795d5d71c5a271,76fcd59c174e98e9f59c4ab4aa9d6302b73b60050b5ac8f2782a6554a3acff1e,accepted,conservative_auto_finalization,system_conservative_policy,,,1.0.0
standard_auto_decision_e7e9ec7072d84e66c276,standard_numeric_8eb45f20af9d277eef3b,standard_review_source_13427e795d5d71c5a271,ba52fdea9c0831e1f2897ec2487132a785edc33ee12f9664675b0afcd8e01409,accepted,conservative_auto_finalization,system_conservative_policy,,,1.0.0
standard_auto_decision_b394ef94b9db917a8aa5,standard_numeric_0cd97ea330bb549b2743,standard_review_source_13427e795d5d71c5a271,75eec8d7bf4b5e941d49c708114f532226204fae3662fe3c114a97bb4fbb7f83,accepted,conservative_auto_finalization,system_conservative_policy,,,1.0.0
standard_auto_decision_3407ce6c2de970b80276,standard_rule_200c0ed688993c0c598d,standard_review_source_13427e795d5d71c5a271,dd33e6b7fbd7bce6de5fafaaafd82606fecbdee9f542f602e09a5e636c1ff4db,pending_review,validation_reasons_present;not_priority_review,system_conservative_policy,,,1.0.0
standard_auto_decision_9728aa81fde0a22f734b,standard_rule_2234aa5acb871c1f7d38,standard_review_source_13427e795d5d71c5a271,9bcd44689502097754e9e165131ff433ed27a33dafd7eaf0f0c72f2277c29d2a,accepted,conservative_auto_finalization,system_conservative_policy,,,1.0.0
standard_auto_decision_1805b7236ca1754cad5d,standard_numeric_a199298660e69f1e426e,standard_review_source_13427e795d5d71c5a271,ce4d576c32bd0110cb8f1f95e0137a232e0b80bc80dc3de61418d38d8ef7d398,accepted,conservative_auto_finalization,system_conservative_policy,,,1.0.0
standard_auto_decision_dc2f2677da306edf95a3,standard_rule_970a63cbc5318cfa9abf,standard_review_source_13427e795d5d71c5a271,b70b9c310232bf3f567e463e3f91044674adac50504a93b173b7b36cdeae2d65,accepted,conservative_auto_finalization,system_conservative_policy,,,1.0.0
standard_auto_decision_dd302d930c501f7d1ca2,standard_numeric_7d7d3923756e9dc58811,standard_review_source_13427e795d5d71c5a271,a937c9aaf628cf3d6c10d6bc33b50786224e35d6c7b9a35d371c4399f41e66b6,accepted,conservative_auto_finalization,system_conservative_policy,,,1.0.0
standard_auto_decision_9dd7d2986cb226fdef65,standard_rule_f74991c2c035d6aa0826,standard_review_source_13427e795d5d71c5a271,76e37b1dfd0503b2f10f84be570f733763e67c35457bcc3b024d2628898c6a35,accepted,conservative_auto_finalization,system_conservative_policy,,,1.0.0
standard_auto_decision_1f0c48b761d6ebfc8d14,standard_rule_0a20dd98f275cbac80f1,standard_review_source_13427e795d5d71c5a271,f57cc378b28461fa41e0532767a4471bc6b2c0a07269b24940b3723d49ed85b3,accepted,conservative_auto_finalization,system_conservative_policy,,,1.0.0
standard_auto_decision_d4dca4239ca5377112cd,standard_numeric_2d1512b98b8ef66beda5,standard_review_source_13427e795d5d71c5a271,378095a63d3db147e19e695225fc1506d13c7a75074b479f600d05cc2e00e858,accepted,conservative_auto_finalization,system_conservative_policy,,,1.0.0
standard_auto_decision_8b0c5ab9a13dfcb9f411,standard_rule_a1163e6b715a34d8708f,standard_review_source_13427e795d5d71c5a271,1be51215693c50807f5b91c6d47c605331c31305cc7b2ac06794dcfa29164339,pending_review,validation_reasons_present;not_priority_review,system_conservative_policy,,,1.0.0
standard_auto_decision_b25c2cf8b85a96daefd7,standard_rule_9f73e93880c34832df42,standard_review_source_13427e795d5d71c5a271,a247823b118ec68ea195be126867d7adfda7097f59d5c5b053743f7447a0ae16,accepted,conservative_auto_finalization,system_conservative_policy,,,1.0.0
standard_auto_decision_c9c5465df3f682ca5d23,standard_numeric_036b454b6ba4c1119cfd,standard_review_source_13427e795d5d71c5a271,44ddd7b223d77de1b4b32b7f2b10e7094635a441bd8a49c2d825da1d399f00f1,accepted,conservative_auto_finalization,system_conservative_policy,,,1.0.0
standard_auto_decision_fbf90010395eedd9dd2f,standard_rule_b57f1245c25abe107f31,standard_review_source_13427e795d5d71c5a271,4c61ea1e1431763738e411f8a6f4431fa7d8544e957b2ec38f47301045385cfa,pending_review,validation_reasons_present;not_priority_review,system_conservative_policy,,,1.0.0
standard_auto_decision_e8c51b2ea877475aa3da,standard_rule_731b0b0c693062fb20f9,standard_review_source_13427e795d5d71c5a271,6dc6e9cbfae2abba91e71d3ddb4eb33d10574e1f049ea04628c3d70073235950,accepted,conservative_auto_finalization,system_conservative_policy,,,1.0.0
standard_auto_decision_5bfff9cf2e316b7ee151,standard_numeric_856aaf2d670efe3fb483,standard_review_source_13427e795d5d71c5a271,903b0d2627dbd95db64af0611e37aa73da1252e5d065860854d0c3d47a75ca35,accepted,conservative_auto_finalization,system_conservative_policy,,,1.0.0
standard_auto_decision_6523a849bb5a494579b1,standard_rule_a86abe5e563a317ba746,standard_review_source_13427e795d5d71c5a271,866667bf51f33909c7ea9521e32c402bebae9800387aba216ca1cadbfa5b1dba,accepted,conservative_auto_finalization,system_conservative_policy,,,1.0.0
standard_auto_decision_6681223fc54a6cca5da5,standard_rule_9f1439a8a350462eec8c,standard_review_source_13427e795d5d71c5a271,fbd8f9e8f4f61485fe3301522174aac5a44bbf7aa3b19a9d9d79cae8445a05d4,accepted,conservative_auto_finalization,system_conservative_policy,,,1.0.0
standard_auto_decision_2999ee92e505d4a19a9d,standard_numeric_bbc1de78ba1f0f251f2a,standard_review_source_13427e795d5d71c5a271,0e3a661502a63d421bb541ca8b8ba47bdb19b1e1c340418ec2d49e95b35838ca,accepted,conservative_auto_finalization,system_conservative_policy,,,1.0.0
standard_auto_decision_2b7bfead731c952f20cc,standard_rule_a418f450acca80f71c2c,standard_review_source_13427e795d5d71c5a271,559c6d1dec33e4d8ce282a93c24b24955969b2a418614600419fcfd73b09f414,accepted,conservative_auto_finalization,system_conservative_policy,,,1.0.0
standard_auto_decision_be0520c806842d2e5423,standard_rule_0ae2f4c3d7bcf697cabd,standard_review_source_13427e795d5d71c5a271,ba552c4bd330b145aefc477d67fa4a610cf8618c89b0ba5a4a7cf984d04c2868,pending_review,validation_reasons_present;not_priority_review,system_conservative_policy,,,1.0.0
standard_auto_decision_9c1f8aeb6fc7cab99371,standard_numeric_cddcd43d28287c565b41,standard_review_source_13427e795d5d71c5a271,8768d1201bfcaca3d80a36890f69b3304a2c74f23a6c62d49a6a71164728c05f,accepted,conservative_auto_finalization,system_conservative_policy,,,1.0.0
standard_auto_decision_534e50688fd715be7a19,standard_rule_a3b41d7f7f0d2844b3fa,standard_review_source_13427e795d5d71c5a271,f8b6f2ee3763c03bdf88c8ff958e3e700803451058573079fab9e42fb3f7b8c2,accepted,conservative_auto_finalization,system_conservative_policy,,,1.0.0
standard_auto_decision_ea26da93750f5843f5d5,standard_numeric_aa1f666042c2e3b27e5b,standard_review_source_13427e795d5d71c5a271,d26968af66dfcb564825f21915a49e513e68ca705ddea2e77204c1e3ae1e1863,accepted,conservative_auto_finalization,system_conservative_policy,,,1.0.0
standard_auto_decision_711062d449893393aa36,standard_rule_d027876048b690044c2c,standard_review_source_13427e795d5d71c5a271,3299e92ca39766eab00ffb8c054aebcad2dfe991600b1978f86b99a53a6c060f,pending_review,validation_reasons_present;not_priority_review,system_conservative_policy,,,1.0.0
standard_auto_decision_08704ce8890bcc37ec11,standard_numeric_7eba7327d518547cc528,standard_review_source_13427e795d5d71c5a271,c940e1a5d26afde544c2be6a133f8c4cda64fbb017dad21d6927efa480b59862,accepted,conservative_auto_finalization,system_conservative_policy,,,1.0.0
standard_auto_decision_a08664559d520334f98a,standard_rule_622d3d55ebdf74809ca9,standard_review_source_13427e795d5d71c5a271,8baec68042eae765da2d7e5dcf4ccda14c219bee9e5ddb4dd32ae40f79e48621,accepted,conservative_auto_finalization,system_conservative_policy,,,1.0.0
standard_auto_decision_56b4dc99fe8f02e2a892,standard_numeric_2bc61501355713dd005c,standard_review_source_13427e795d5d71c5a271,1298854e19864c0a224c8a1c57c3a661c175b808c3fe686c15df38496fb17bd2,accepted,conservative_auto_finalization,system_conservative_policy,,,1.0.0
standard_auto_decision_eb731282bbed740031ac,standard_rule_f6d0b78b4d8a8825fd2e,standard_review_source_13427e795d5d71c5a271,740d2aa4277f3e75583dbc4c5c74ffa8a007abf9164edec3027ab36d41d17380,accepted,conservative_auto_finalization,system_conservative_policy,,,1.0.0
standard_auto_decision_0656a22a728add46bb51,standard_numeric_5f922a6310f205bd7bea,standard_review_source_13427e795d5d71c5a271,3808ea54b7ad2d898519412cbc8a547b45f11e981b0c9f17f091e058f56ba46a,accepted,conservative_auto_finalization,system_conservative_policy,,,1.0.0
standard_auto_decision_ad159b2495f8a5fcdc94,standard_rule_0944859ab6860fdad0a2,standard_review_source_13427e795d5d71c5a271,4aa692abb4f5b9169512f61ddbb993f876ae74e7eaf6da798bd4ab226b167c0e,accepted,conservative_auto_finalization,system_conservative_policy,,,1.0.0
standard_auto_decision_d74d469621ee1dd44353,standard_rule_7aded4b1808da3875a00,standard_review_source_13427e795d5d71c5a271,918be066be8c4d87adcac444e5bb009b9f6355adfc2066a16f07a78c288517f3,accepted,conservative_auto_finalization,system_conservative_policy,,,1.0.0
standard_auto_decision_7719d1f934249c535c2e,standard_rule_4fb2b0489d2676f38527,standard_review_source_13427e795d5d71c5a271,224191e4dbe8045b72543e3cec4c02ef2492a0be318564fd60542f87955d7f77,accepted,conservative_auto_finalization,system_conservative_policy,,,1.0.0
standard_auto_decision_58ec09001baba8f29314,standard_rule_caef6e9c912452945ca3,standard_review_source_13427e795d5d71c5a271,75333e8a16d656e1c2542746a1e26cf93d8acc5380f0905f39b2a61245db28bb,accepted,conservative_auto_finalization,system_conservative_policy,,,1.0.0
standard_auto_decision_19bbe50c81e0a81d5184,standard_numeric_890a5ae91d94226b3351,standard_review_source_13427e795d5d71c5a271,99c1537b6b8aa8622e42a59f81f8e10ca8c936ae643082f3606cc5d8f0b94cbd,accepted,conservative_auto_finalization,system_conservative_policy,,,1.0.0
standard_auto_decision_33145a09d01d4f92b845,standard_rule_b67491c3f5eaafc4ba75,standard_review_source_13427e795d5d71c5a271,f2a6bc368fab23a9c665eb10a5099637468e9eab14d030af383663a0aec5d50b,accepted,conservative_auto_finalization,system_conservative_policy,,,1.0.0
standard_auto_decision_5008bf0c0f2602e80e47,standard_numeric_b44764f03d081a31a3d1,standard_review_source_13427e795d5d71c5a271,cc88abc5d72b3562717875138aaf39f7ebfe630a1dd7374ad9cd3c05212c08f5,accepted,conservative_auto_finalization,system_conservative_policy,,,1.0.0
standard_auto_decision_f40be11ef8f1031eae2b,standard_rule_0433fcb01091cb3a04dd,standard_review_source_13427e795d5d71c5a271,b5fd3cfcac001a63ca7e8b8867489eef1ae20cd477923adef97cd2477598fc05,accepted,conservative_auto_finalization,system_conservative_policy,,,1.0.0
standard_auto_decision_f5caf1f94f5af108cf80,standard_numeric_4f05c72d947e60947a3a,standard_review_source_13427e795d5d71c5a271,5aaebe5be20b89055b28f4aaace2eae8bdfda27e3b70f0c0be048ec88c1eb1e2,accepted,conservative_auto_finalization,system_conservative_policy,,,1.0.0
standard_auto_decision_fbb81171bbab2d2b7813,standard_rule_439b616a77e06b4bc030,standard_review_source_13427e795d5d71c5a271,eee528b032dd7602be0eec56fae9c0162800a69c783007d719a87ab5aa8d7f58,accepted,conservative_auto_finalization,system_conservative_policy,,,1.0.0
standard_auto_decision_c759643c8530b31cfd0e,standard_numeric_92aaf4572ef363a49dcc,standard_review_source_13427e795d5d71c5a271,be4fe8cff71eb8ef837a9debc731877620f32cc4ba534dc3635733596e9ab0a2,accepted,conservative_auto_finalization,system_conservative_policy,,,1.0.0
standard_auto_decision_c452656f4d3c2909d9b6,standard_rule_0b1eb97a46f01ca9dc69,standard_review_source_13427e795d5d71c5a271,b513e3855fcef7497c565a3d4b7ab017b7d3c942d24d037b6ae3f85359408852,accepted,conservative_auto_finalization,system_conservative_policy,,,1.0.0
standard_auto_decision_64c1c2ff51dd21d08575,standard_numeric_820b3dddcf6f5814bb8d,standard_review_source_13427e795d5d71c5a271,14f3bf5692a62b640dec1b159e908e39443ced1fd7005329adcea15186611abb,accepted,conservative_auto_finalization,system_conservative_policy,,,1.0.0
standard_auto_decision_8774e59bbb49797e5a2f,standard_rule_7275d74c3dbe218c9bba,standard_review_source_13427e795d5d71c5a271,e2ed858e3bf64c74e0a67079642bb4d7a307e0f20eab1db71f66b5eb18c20517,accepted,conservative_auto_finalization,system_conservative_policy,,,1.0.0
standard_auto_decision_7abac891590bdc1fb13d,standard_rule_09193ae0c023dcf6e4ea,standard_review_source_13427e795d5d71c5a271,3eacb69901f46b4d62f33ce20bd2282b6f1b144cab73cddde0a439a6d7fd1a62,accepted,conservative_auto_finalization,system_conservative_policy,,,1.0.0
standard_auto_decision_133f17342983fe2bf704,standard_rule_d6eb5e631eb047458984,standard_review_source_13427e795d5d71c5a271,47a996b733409f10bb53a3e872e69df04feec8ff721de23688b70b4009b7c38f,accepted,conservative_auto_finalization,system_conservative_policy,,,1.0.0
standard_auto_decision_0e8fe043741db64f353c,standard_numeric_a21a114a6a07618c6b9b,standard_review_source_13427e795d5d71c5a271,d8feaacee0004e1f17f4a2b5491ae88db84d52eadfefc33893ae9596994ce1bb,accepted,conservative_auto_finalization,system_conservative_policy,,,1.0.0
standard_auto_decision_0ca88eecaba468350068,standard_numeric_dae49d4bb057df737ad2,standard_review_source_13427e795d5d71c5a271,b0ee75c2fb4f986c377d501b962cb9a7f328717fca0a32cd2e1ae0b3b8c1aae8,accepted,conservative_auto_finalization,system_conservative_policy,,,1.0.0
standard_auto_decision_e197f104e329d8cbece4,standard_numeric_93ec6a7a85ad3c8e6b19,standard_review_source_13427e795d5d71c5a271,d56cdd6c109f62ffa6bc41449dd0716b546e163c38e1471a80c7a9e58b1fc7bf,accepted,conservative_auto_finalization,system_conservative_policy,,,1.0.0
standard_auto_decision_d0f7ed53abf9a5bbe5f7,standard_rule_deb1f10c9452ca8db721,standard_review_source_13427e795d5d71c5a271,28d5aa3a0568b9366eb4daec639779680163028d31e1c7b47f536531307579f1,pending_review,validation_reasons_present;not_priority_review,system_conservative_policy,,,1.0.0
standard_auto_decision_570927fc12c6f558c143,standard_numeric_194285543fcea0c5e008,standard_review_source_13427e795d5d71c5a271,d374aad8e4bc55d653d151862c7415df2b933fdfb91b8f85b7c8547a54a23cac,pending_review,validation_reasons_present;not_priority_review,system_conservative_policy,,,1.0.0
standard_auto_decision_fd089d1d2eca79335efa,standard_numeric_4ad0fd85211d640c7a15,standard_review_source_13427e795d5d71c5a271,e21964e1eb9c2b0fae150df5792898fb7b16b05ed02c9c7cd18eb22edaf18f8f,accepted,conservative_auto_finalization,system_conservative_policy,,,1.0.0
standard_auto_decision_be0abdef82b262328771,standard_rule_63e5f005cdc10503f783,standard_review_source_13427e795d5d71c5a271,6f38712d6359afe6618f3f8e2c4ef4b6650cafce75089cadb29b3ded35111ae1,pending_review,validation_reasons_present;not_priority_review,system_conservative_policy,,,1.0.0
standard_auto_decision_96405d35784606abf9bb,standard_numeric_e77536340e63e2ac1bb0,standard_review_source_13427e795d5d71c5a271,c7eecb3ab6e154e8426069b6f4008a88a1b7f6e8caacb0c56bfba07be1bbbe8c,accepted,conservative_auto_finalization,system_conservative_policy,,,1.0.0
standard_auto_decision_5082e6deebe0210ea3e9,standard_rule_33b4776a390d5a7da219,standard_review_source_13427e795d5d71c5a271,2fa9cb51208062fba090e044bd2fad99a90f95793b19c0dcf3a4709893476d13,pending_review,validation_reasons_present;not_priority_review,system_conservative_policy,,,1.0.0
standard_auto_decision_d1a49a620b00ffc8c018,standard_numeric_9a81eaabb9b55f98e55e,standard_review_source_13427e795d5d71c5a271,4eb5975fabae5077ec4e7beebd64241af095ddcecc74d17e56bf271cf024b0e9,accepted,conservative_auto_finalization,system_conservative_policy,,,1.0.0
standard_auto_decision_9b31428e9dcdf65e68e7,standard_rule_b3e8c2c17e32f4a45a74,standard_review_source_13427e795d5d71c5a271,98a94ad888a1ce7b35f622b9c43648a60a7adb9a74c19c3943738a86b5ae73ca,accepted,conservative_auto_finalization,system_conservative_policy,,,1.0.0
standard_auto_decision_41706a7d430ed8798939,standard_numeric_83b5e885ee7e94fec779,standard_review_source_13427e795d5d71c5a271,c0423e138fb51a6eaf194848bb6dbfa0b3f9230fb5341cc385d52fcdebb360f8,accepted,conservative_auto_finalization,system_conservative_policy,,,1.0.0
standard_auto_decision_9c7a819c9e151d6547fe,standard_rule_780a84877352b1726343,standard_review_source_13427e795d5d71c5a271,88caffb25a10797391e12ea7d03783be74e483b2f8a43d54f2d4a60ec8053e27,accepted,conservative_auto_finalization,system_conservative_policy,,,1.0.0
standard_auto_decision_54ac8451d59fa37b662c,standard_rule_e9f36399cc71bf452a39,standard_review_source_13427e795d5d71c5a271,65ef675a06b3f424a613cf9ffb24d952b11ce71f5ea6b9dfc685fc1521ea29f5,accepted,conservative_auto_finalization,system_conservative_policy,,,1.0.0
standard_auto_decision_bd72589241d8cd671052,standard_rule_96fb0f3897ec96674f31,standard_review_source_13427e795d5d71c5a271,5432a164ebc3ba8adb5308faf105afbae1bc73621a478bd253b8a351c165b170,accepted,conservative_auto_finalization,system_conservative_policy,,,1.0.0
standard_auto_decision_3b6e5e20dfeb29a80c87,standard_rule_3d8e912b8c17322a74e1,standard_review_source_13427e795d5d71c5a271,e8100e3c2c24c77016395f8b97b10db221b92327bf9e895e3c43eeb2b5f1f863,accepted,conservative_auto_finalization,system_conservative_policy,,,1.0.0
standard_auto_decision_d1851a0f62368ce07b03,standard_rule_89413fdf6468af8d0b32,standard_review_source_13427e795d5d71c5a271,7137abfab717eac5922767de8a3298ea513e97f41b6dea197de5572f43cf014b,accepted,conservative_auto_finalization,system_conservative_policy,,,1.0.0
standard_auto_decision_f537abd7c6c3b10f3612,standard_rule_9455a8d7debeab48fe7f,standard_review_source_13427e795d5d71c5a271,b8c128640cb1d45b456b8b4ce2a1b47415979ba5a50d81e3495a8a33cce8da9f,accepted,conservative_auto_finalization,system_conservative_policy,,,1.0.0
standard_auto_decision_abd61321bd73ec2225bf,standard_rule_b4f83326b6b0444d0382,standard_review_source_13427e795d5d71c5a271,27de498f37f2995df1a6d6e1dbf82026dc1e61cf31a7f4f73cf395ab47ef245e,accepted,conservative_auto_finalization,system_conservative_policy,,,1.0.0
standard_auto_decision_5745b293e24f46678e4b,standard_numeric_374643708ea1448522c8,standard_review_source_13427e795d5d71c5a271,54421d36c3a804742e4e73feae1eb970a603b3711d816eefdda18f087ed8e796,accepted,conservative_auto_finalization,system_conservative_policy,,,1.0.0
standard_auto_decision_30a9fc1ccbd83b7d1e31,standard_rule_f74b6517ff4f706f9a1c,standard_review_source_13427e795d5d71c5a271,cea0e9573ffe8193ad8920e77a9c2065007e0968a0a5154a28a6f35fb203e754,accepted,conservative_auto_finalization,system_conservative_policy,,,1.0.0
standard_auto_decision_fb73996864588a18867a,standard_rule_4696a05c69e3651bf39e,standard_review_source_13427e795d5d71c5a271,59084c48f96f82fb3eb6e22fdd121a97a0a0dc1ec6b3a1ea5bb8f0bc96ba173b,accepted,conservative_auto_finalization,system_conservative_policy,,,1.0.0
standard_auto_decision_3015c6fe7388ba5b6995,standard_numeric_9b6cb0258aebd73b9d3b,standard_review_source_13427e795d5d71c5a271,f948f01908b2c63577518dde628bc51ecf020c24a5db0fb73176764b211a3b49,accepted,conservative_auto_finalization,system_conservative_policy,,,1.0.0
standard_auto_decision_b541cadfe4fb68e47f08,standard_numeric_0ee067601d4c0bb9ce4c,standard_review_source_13427e795d5d71c5a271,177e0fa2615b0018c0fdee3a64792245d50ecd8ffcceb7a64519225f8fd25685,accepted,conservative_auto_finalization,system_conservative_policy,,,1.0.0
standard_auto_decision_05894869ee3fb65b7d8a,standard_rule_ef617f531972713a75bf,standard_review_source_13427e795d5d71c5a271,a37cbeb1281ea849e17e2adeac0310123fd5f76dec0bb8f1b46517d40ff154d5,accepted,conservative_auto_finalization,system_conservative_policy,,,1.0.0
standard_auto_decision_00090ea975a03edd3395,standard_rule_ef9c40e0ec204a0f018c,standard_review_source_13427e795d5d71c5a271,452e807d7b710697d8cbbed3f02c19967f2895ac0f749b98068cf44010774a56,accepted,conservative_auto_finalization,system_conservative_policy,,,1.0.0
standard_auto_decision_05067db6dbbcf986917b,standard_numeric_b65bd6b4154e45d730d6,standard_review_source_13427e795d5d71c5a271,c9122dfd74a09180e5a644dc6deab425982be7a012539cd195b7f7b0ed70564c,accepted,conservative_auto_finalization,system_conservative_policy,,,1.0.0
standard_auto_decision_fcb29c0f3a64bb3a305e,standard_rule_0c20ac893f1b66af4b88,standard_review_source_13427e795d5d71c5a271,8e45be842f7a843c1c1e79a26c563081d7822502491e33d03d1cbe535c8a678a,accepted,conservative_auto_finalization,system_conservative_policy,,,1.0.0
standard_auto_decision_59872a7224390c57248e,standard_rule_fae6c04af4a61b5e152f,standard_review_source_13427e795d5d71c5a271,c7445cdbb7014e738c714c0d6b807e40f4c1d23bfcb82ce85ffaa0407612c19c,accepted,conservative_auto_finalization,system_conservative_policy,,,1.0.0
standard_auto_decision_51741814f5b8f63a9cb1,standard_numeric_8744a428a44548011035,standard_review_source_13427e795d5d71c5a271,bfc4bb56bc83d4787d249bd8f1e945cbb9d1abd2ce107c6efb273a2c95162d7c,accepted,conservative_auto_finalization,system_conservative_policy,,,1.0.0
standard_auto_decision_b18d94b7b769d83dac1b,standard_rule_444c703c62a8764437e8,standard_review_source_13427e795d5d71c5a271,71be0454841279ed83fe1f472f3a6eed40ce888dc498c1fb353d0ecbaf28d18c,accepted,conservative_auto_finalization,system_conservative_policy,,,1.0.0
standard_auto_decision_bb0867887bd5469d9c5f,standard_rule_7b444d50cb86d1851f75,standard_review_source_13427e795d5d71c5a271,fb7d349acd6286e0e489ee53c77c167089409979259c18307308b306d9fd6267,accepted,conservative_auto_finalization,system_conservative_policy,,,1.0.0
standard_auto_decision_a70d42f8ad518e0da0e6,standard_numeric_311b91159a5a4e413f10,standard_review_source_13427e795d5d71c5a271,5e88b0d35df1ba477291af0b18bda4e5f83ab008908773927fb4e86f7396df27,accepted,conservative_auto_finalization,system_conservative_policy,,,1.0.0
standard_auto_decision_29d587ea9c53eafcd020,standard_rule_3ffebe128299880b26b7,standard_review_source_13427e795d5d71c5a271,bdf525bb6a63228fd4f2812621aafb719f0e2d9b03e430606025c4c8c6727bfc,accepted,conservative_auto_finalization,system_conservative_policy,,,1.0.0
standard_auto_decision_93f552112cdc1b259ab9,standard_numeric_1d69c7ccd723dfc0d056,standard_review_source_13427e795d5d71c5a271,13d7def694dc346ad68eb14feb7141832265861fe03d1c172459cae61c765403,accepted,conservative_auto_finalization,system_conservative_policy,,,1.0.0
standard_auto_decision_85d1f1fb36f80b25453d,standard_rule_61d4e70a41a494c785f7,standard_review_source_13427e795d5d71c5a271,c67f61f35b0f823c27e8d8aede40b09b0f899bba5c819c373e5644b178faf1c9,pending_review,validation_reasons_present;not_priority_review,system_conservative_policy,,,1.0.0
standard_auto_decision_86fdbc9a1ef0b91e6ec8,standard_rule_3e2702070c8b8dacb96d,standard_review_source_13427e795d5d71c5a271,dec484c5d91e11703a2014d7948528ecdc000fd1127bdb4feaad1de23a0b440d,pending_review,validation_reasons_present;not_priority_review,system_conservative_policy,,,1.0.0
standard_auto_decision_378ab560ce4b066f70d0,standard_numeric_8b90c6447559a27998ee,standard_review_source_13427e795d5d71c5a271,6b88dd3818753a78b69c48cf6e41b3287e6f6f01df6a6aafb275abdba1ceebb3,accepted,conservative_auto_finalization,system_conservative_policy,,,1.0.0
standard_auto_decision_d076b41e614b1084d0a1,standard_numeric_b3dbfbd933c80525b27d,standard_review_source_13427e795d5d71c5a271,c1876177c71a03839417154618299ebd2c6754613ce7f797a77345a243f4afc0,accepted,conservative_auto_finalization,system_conservative_policy,,,1.0.0
standard_auto_decision_d5a87d2833a938d8b5ba,standard_rule_7333b388188686a44b12,standard_review_source_13427e795d5d71c5a271,fdc057f27eaffa0a0dabc67421c68c408b2b6c0d80268883706d7044b6f5a0d5,accepted,conservative_auto_finalization,system_conservative_policy,,,1.0.0
standard_auto_decision_8fbe763b1964170560e7,standard_rule_c82da8cbc6230fde5835,standard_review_source_13427e795d5d71c5a271,713a8e9f1b94070059d6b5e42219d73040310b1b2b4c317932665ce9ae3fb222,accepted,conservative_auto_finalization,system_conservative_policy,,,1.0.0
standard_auto_decision_f1dc9991a7cf29c713db,standard_numeric_740d0441e90fc08c3819,standard_review_source_13427e795d5d71c5a271,1349f4fcb11842ef013e8f77ad7bf958fd99cd024ae96f226399b941627de79f,pending_review,validation_reasons_present;not_priority_review,system_conservative_policy,,,1.0.0
standard_auto_decision_3bd35375d7d1ebec9b20,standard_numeric_ea82637bb8f3f790582c,standard_review_source_13427e795d5d71c5a271,2b386bfe02ce46fb90500b181c58ca2e6892c3da59c892ed42d984703f8d550a,accepted,conservative_auto_finalization,system_conservative_policy,,,1.0.0
standard_auto_decision_492748e394603273f0b7,standard_rule_b1964f00cd35c5055df5,standard_review_source_13427e795d5d71c5a271,8beba86c2f15949fe224f7e616fce3612e019b224ba29b202c281ffc309c3bd0,accepted,conservative_auto_finalization,system_conservative_policy,,,1.0.0
standard_auto_decision_9c6340e52410e2c79169,standard_numeric_d613fb3971b6732ef37b,standard_review_source_13427e795d5d71c5a271,42ba524d4f8fa35cd8deeac07c31c15da9d2b4f905879237380afca09f1e2d7a,accepted,conservative_auto_finalization,system_conservative_policy,,,1.0.0
standard_auto_decision_062ce4502c628f1d2a91,standard_rule_adf4f59f3ef3d273c1d1,standard_review_source_13427e795d5d71c5a271,7927cdd5591c3e68c5196374c3e0d782eacdd0392ec7cc78913b77db43db0870,accepted,conservative_auto_finalization,system_conservative_policy,,,1.0.0
standard_auto_decision_cb699eb9c07c67bd2ff5,standard_numeric_7f70210d7469790d33dd,standard_review_source_13427e795d5d71c5a271,67f9014403108dba6b84f2836fefe6074dda1fe56fb38f2cb2ef1ebb2b9a894d,accepted,conservative_auto_finalization,system_conservative_policy,,,1.0.0
standard_auto_decision_f1a14bcac0c111e4302e,standard_rule_4f15679dbbaf7260c5e7,standard_review_source_13427e795d5d71c5a271,a83abbd9c3bb663904ecf72361cc489ea8a965e9e8fdd2cd94bd623637a29a8c,accepted,conservative_auto_finalization,system_conservative_policy,,,1.0.0
standard_auto_decision_18b14af304797f60c1a8,standard_numeric_60487056470391ebf2f0,standard_review_source_13427e795d5d71c5a271,63ffa73d34e9e72a7d757d9264ded89afba704c2aa6a6539b178ac2df4b20b36,accepted,conservative_auto_finalization,system_conservative_policy,,,1.0.0
standard_auto_decision_e53b35b340f5a31449c0,standard_rule_df06bfa1bfdb273fee31,standard_review_source_13427e795d5d71c5a271,1321c215d040b5008fcd4eb032e85603698ee1a11fc85e62bd4bead3db76b362,pending_review,validation_reasons_present;not_priority_review,system_conservative_policy,,,1.0.0
standard_auto_decision_a9a004885bf3ccfb9c0a,standard_rule_b64ea10df357c97e4c35,standard_review_source_13427e795d5d71c5a271,bcf30ab7fbe8a350f8c3665feac315088270b8be4a8c7d685df16235a7970f65,pending_review,validation_reasons_present;not_priority_review,system_conservative_policy,,,1.0.0
standard_auto_decision_d98ab0a836a402e45e1d,standard_numeric_00d33daec5aeec386c8f,standard_review_source_13427e795d5d71c5a271,426ad87e8cb4637d2b69d7737c7c10f766db7bcfe42041ee97e5a544d0f862b0,accepted,conservative_auto_finalization,system_conservative_policy,,,1.0.0
standard_auto_decision_04a0d8fbbfee01ab1363,standard_numeric_93bbbb47658892398c4e,standard_review_source_13427e795d5d71c5a271,cba112ebea6c34dbf8bccaee8b37c8b66c50730c230644689b9d7429eb159c83,accepted,conservative_auto_finalization,system_conservative_policy,,,1.0.0
standard_auto_decision_facd3e684a11bd04642e,standard_rule_ec505e714b328bc831fa,standard_review_source_13427e795d5d71c5a271,f98d04522c94225bd26f338ec2445e36bdf0f4d1acab4addfc64f26118468501,accepted,conservative_auto_finalization,system_conservative_policy,,,1.0.0
standard_auto_decision_325c893b777741864bfe,standard_numeric_8df3c8a899c0111b9b29,standard_review_source_13427e795d5d71c5a271,71fc2e9d1f9cd87b1392e7f431ac4866f751091bef755f1978c0b0519b4797d8,accepted,conservative_auto_finalization,system_conservative_policy,,,1.0.0
standard_auto_decision_90b376a1e836229430a9,standard_rule_e2f6e9f1860e210fc36e,standard_review_source_13427e795d5d71c5a271,0e37a8a3114d93849551324a4ec397ff7c125bd9fbbac9e24df349d5d4beb171,accepted,conservative_auto_finalization,system_conservative_policy,,,1.0.0
standard_auto_decision_5a994c7aae27dd1ee2c7,standard_rule_7ee5a04bbdceefd5d0a1,standard_review_source_13427e795d5d71c5a271,c3d0d5769e706f27f0d4a6a82e7918a536fa836a70bfb672f50eb40c8f3d256d,accepted,conservative_auto_finalization,system_conservative_policy,,,1.0.0
standard_auto_decision_236058279d8bb168d0b3,standard_rule_4bb96347f22d0dc822bd,standard_review_source_13427e795d5d71c5a271,090db53a4b628d0e97f64828105c45291e97e4dc29fb9dabb2ddb1b45859e993,accepted,conservative_auto_finalization,system_conservative_policy,,,1.0.0
standard_auto_decision_c04ab1bee40fe33cfd39,standard_rule_2b1d1e475bc9e224534a,standard_review_source_13427e795d5d71c5a271,f9c1ab7406ffccf0e5217aaeb5009ed69ab0516fe5f477367b45b70ff90e9eff,pending_review,validation_reasons_present;not_priority_review,system_conservative_policy,,,1.0.0
standard_auto_decision_54ca71cc771a73b5c8e8,standard_rule_fa30a2b5a73f1f25b549,standard_review_source_13427e795d5d71c5a271,9216bfb9aa089163fab40b0083251d5fd23ec8d2505ce59e66202ff678bbb41c,accepted,conservative_auto_finalization,system_conservative_policy,,,1.0.0
standard_auto_decision_831c356b9e5baee362ba,standard_rule_39c81710d1fe07e81130,standard_review_source_13427e795d5d71c5a271,00e08cb5efa07cf62ecb2f698260cb927fe77f238783a7a7f5ba8109c1d38732,accepted,conservative_auto_finalization,system_conservative_policy,,,1.0.0
standard_auto_decision_948c0b976bee7ce4ee3d,standard_rule_a87da66ef0fe6794b70e,standard_review_source_13427e795d5d71c5a271,844070b07b2936de0c718d533b0c95830fd453566839e588075f7d14b8852d0b,accepted,conservative_auto_finalization,system_conservative_policy,,,1.0.0
standard_auto_decision_eb2e0191d6b0797e856d,standard_rule_b50436ad50485a1a860a,standard_review_source_13427e795d5d71c5a271,143b04b8e115c0c73fac31e2b5ffc21e16c003ad58c05d7853ff90683d74eff6,pending_review,validation_reasons_present;not_priority_review,system_conservative_policy,,,1.0.0
standard_auto_decision_e6f3c46fcd4a1cf5833e,standard_rule_53fa4d1d582934ba4c80,standard_review_source_13427e795d5d71c5a271,74ca85eff809b8255fd34ecd77b678087b4a289c56e16bea4de8addcc01aae4a,accepted,conservative_auto_finalization,system_conservative_policy,,,1.0.0
standard_auto_decision_1d364ecfbc53394d19a7,standard_numeric_7b1a92b5c0071d2e8890,standard_review_source_13427e795d5d71c5a271,77f426dade9e0998082ce7c83af55f040d656a743892bbaa6086e146437caa1b,accepted,conservative_auto_finalization,system_conservative_policy,,,1.0.0
standard_auto_decision_8a68e0185f151fe84468,standard_rule_6b06a12d3605905beefb,standard_review_source_13427e795d5d71c5a271,1790cb21941974d1716e54d51682d0f4e26305b63a57a3412424337223f89e3f,pending_review,validation_reasons_present;not_priority_review,system_conservative_policy,,,1.0.0
standard_auto_decision_794954cf8d120c669fc4,standard_rule_618f9c20837802f9b194,standard_review_source_13427e795d5d71c5a271,40237cac18712fde9c4136ff1abdfbeeae4b6153139242a5489510be7fb1fa8e,pending_review,validation_reasons_present;not_priority_review,system_conservative_policy,,,1.0.0
standard_auto_decision_f7f12be0e885885a8c15,standard_numeric_ed6859d07b92590fd541,standard_review_source_13427e795d5d71c5a271,35378d6dd01b1b698ab0283f7227107175ac3e31252ba95ab7ef446808993018,accepted,conservative_auto_finalization,system_conservative_policy,,,1.0.0
standard_auto_decision_70d5a52976abafce9894,standard_numeric_5921d92cc0afd6299bb4,standard_review_source_13427e795d5d71c5a271,5467f5a5ce2e748c8e24f576041ebb0c334fccb90b61761f6ebdc68c6eda77ea,accepted,conservative_auto_finalization,system_conservative_policy,,,1.0.0
standard_auto_decision_f34c78670180782604c5,standard_rule_8944974d90f97110c6b3,standard_review_source_13427e795d5d71c5a271,53126a26ca4c33ae515abbe77a56be344c6bde50254140eb5a86b9f3b7af6d05,accepted,conservative_auto_finalization,system_conservative_policy,,,1.0.0
standard_auto_decision_7d7d341f8d8d3a870204,standard_rule_999127a89bfdc7014396,standard_review_source_13427e795d5d71c5a271,e8e7156c262c9f3629005bcfe1e914713fcc4a3594f0b143cfdecf4c116508f9,accepted,conservative_auto_finalization,system_conservative_policy,,,1.0.0
standard_auto_decision_8c61a4c7c6a87487ef43,standard_rule_d77b19be067826eb498e,standard_review_source_13427e795d5d71c5a271,13a2344d42258c630c847ad119cf74bf2e1ef5572fe4a65c0a9c2e5366d17b43,accepted,conservative_auto_finalization,system_conservative_policy,,,1.0.0
standard_auto_decision_e34f6bc62947a558b65c,standard_rule_3c11da3353bab3546e8b,standard_review_source_13427e795d5d71c5a271,1d77291d7597d81aa8c85b26ac37db299105d8c55d2c50e57922db1ba3d3a31f,pending_review,not_priority_review,system_conservative_policy,,,1.0.0
standard_auto_decision_2ca7d7b2908bb456cee1,standard_rule_fcd20d4e25989225275a,standard_review_source_13427e795d5d71c5a271,ab34480c116e31567c71b0c456902b8600315a9a5d8b4c6611f41c3e93b3d7b4,accepted,conservative_auto_finalization,system_conservative_policy,,,1.0.0
standard_auto_decision_e51dd8cce7537de7925f,standard_rule_f9ae05a0a6f076097e1b,standard_review_source_13427e795d5d71c5a271,3b69c11449251d549922657406724650d31216d8d7c2c9319528d3583c9cc285,accepted,conservative_auto_finalization,system_conservative_policy,,,1.0.0
standard_auto_decision_b1c807715ada03b5752d,standard_rule_d1ade0dbf65148461e90,standard_review_source_13427e795d5d71c5a271,88ee74630660f7dc7ef0b2a01079b302c0b1b67483a1fd5a2a66303420204f9e,accepted,conservative_auto_finalization,system_conservative_policy,,,1.0.0
standard_auto_decision_4d9551e5c6be92fc652a,standard_rule_fc20ce26a60140038086,standard_review_source_13427e795d5d71c5a271,93ef5f5c6f7a51caec7d98bbbaf3610b3734e552f82c1629535a16dc50c37003,accepted,conservative_auto_finalization,system_conservative_policy,,,1.0.0
standard_auto_decision_c3c473da645abbe8a316,standard_numeric_2d72a0d99ef5a19b6ea3,standard_review_source_13427e795d5d71c5a271,2ab895733d41c90feee5b5dfd8aa4b2154efcde9bc136215309cd8697d731720,accepted,conservative_auto_finalization,system_conservative_policy,,,1.0.0
standard_auto_decision_6442042ec215a4a9ae9e,standard_rule_94607a7c1199be8306b0,standard_review_source_13427e795d5d71c5a271,faf1d17875d09e794197306e83f656a85146d6dc3a1ceceb1120c9bb0ce43e99,accepted,conservative_auto_finalization,system_conservative_policy,,,1.0.0
standard_auto_decision_2d4c4db87f55909d6c8b,standard_rule_73c534a28e08bc70ef46,standard_review_source_13427e795d5d71c5a271,e66e11955264e681b63998fdc60da15992c21c4c30fb26412defe90bd6bf56e0,accepted,conservative_auto_finalization,system_conservative_policy,,,1.0.0
standard_auto_decision_2de5258f67a3d5fbab21,standard_rule_9fbc3b72f314827457e5,standard_review_source_13427e795d5d71c5a271,8022b297d8d6cd5737660b61af4875a2ac333a9e4b3f9e787fdbaa6764ea0095,accepted,conservative_auto_finalization,system_conservative_policy,,,1.0.0
standard_auto_decision_0da9cd2056b2886dafba,standard_rule_08b975de850ebce6e4d4,standard_review_source_13427e795d5d71c5a271,0152c71f16898e8fe8ec0a5469cd9e7da503bf2c6c06f8e02f239abcb56c37c6,pending_review,validation_reasons_present;not_priority_review,system_conservative_policy,,,1.0.0
standard_auto_decision_0af01df13d0991a80276,standard_numeric_33da4bbe65e3cd0ecb67,standard_review_source_13427e795d5d71c5a271,93dc7bc201f9acfd0da56bea653f08c5ba8d2fbc8e13fe1014d7c36b8774a00b,accepted,conservative_auto_finalization,system_conservative_policy,,,1.0.0
standard_auto_decision_d1a99751b014cf5f830e,standard_numeric_ccce3bfc91463e3f5c65,standard_review_source_13427e795d5d71c5a271,a4ceb5e8c319a73925f8905c06183873bd969aff5d0c2b71c63a6d98ee030153,accepted,conservative_auto_finalization,system_conservative_policy,,,1.0.0
standard_auto_decision_8599c29361bd55afa2bf,standard_rule_9f66bb7dad816bc19cf8,standard_review_source_13427e795d5d71c5a271,afb5f7c76aba503dd14b9992452b7269901826aec4dfaf224f7d1a3b5aa9d206,pending_review,validation_reasons_present;not_priority_review,system_conservative_policy,,,1.0.0
standard_auto_decision_a85189d4fb095f569c48,standard_rule_9b63f266461abe56d716,standard_review_source_13427e795d5d71c5a271,abbd61be6520faef6a5fe7c46eb7c761f34c14a82563dbffe5bbd5c13e5f8a6a,pending_review,validation_reasons_present;not_priority_review,system_conservative_policy,,,1.0.0
standard_auto_decision_345328f9664d131a524d,standard_rule_b6ac78ea1f608b116124,standard_review_source_13427e795d5d71c5a271,d7926853977cd2f26f0117976988ea4711560b1e4a15d973a068dbf24426450d,pending_review,validation_reasons_present;not_priority_review,system_conservative_policy,,,1.0.0
standard_auto_decision_7bf01dbcd3b8bc4c001e,standard_rule_161752d414f4c1505a10,standard_review_source_13427e795d5d71c5a271,056232e6e02874a8c2aa93c9e207a99dba4909f8a0bad7266bee8abd10f32c5f,pending_review,validation_reasons_present;not_priority_review,system_conservative_policy,,,1.0.0
standard_auto_decision_bd03d51815996f73779e,standard_rule_e26949b0b8eeeb260305,standard_review_source_13427e795d5d71c5a271,0e1e84e51941873a2a3869f9a858d9e5a999f29b960908e914be335d7d07866b,pending_review,validation_reasons_present;not_priority_review,system_conservative_policy,,,1.0.0
standard_auto_decision_70ac17a8e0cb6c823a06,standard_rule_268c3c9982541a5bfdab,standard_review_source_13427e795d5d71c5a271,f20524d5b3ed08870f5d762f54c92c064dbab48b0b0d37682247e347fecabb12,pending_review,validation_reasons_present;not_priority_review,system_conservative_policy,,,1.0.0
standard_auto_decision_b351783fce3c81a78043,standard_rule_858c28dd4d00dc660475,standard_review_source_13427e795d5d71c5a271,23da51179879b33d786fd37d2048dca54a6ec76d98e1ce3eb1979857512204d5,pending_review,validation_reasons_present;not_priority_review,system_conservative_policy,,,1.0.0
standard_auto_decision_970917d8a28ade3c21e4,standard_rule_1e246e60643ecf537aa6,standard_review_source_13427e795d5d71c5a271,657f573431dde1f71b18df166dd1c278797b0aa68a264ffd6f7d28d8d1d21ed0,accepted,conservative_auto_finalization,system_conservative_policy,,,1.0.0
standard_auto_decision_0d724dde3f213c8b7ee3,standard_rule_08df6580f807e3b63e0f,standard_review_source_13427e795d5d71c5a271,51cf397c761c3ab1576b6369ce6ec8660711dff2caee82d4ae8f5e80e348e01b,pending_review,not_priority_review,system_conservative_policy,,,1.0.0
standard_auto_decision_21421958820924fa7678,standard_numeric_64e625c6aaecaff8e84e,standard_review_source_13427e795d5d71c5a271,f1c2bea9ec07549bc995582cf493eefe7187e4585eb7cbae39769ff5be2e2e1b,accepted,conservative_auto_finalization,system_conservative_policy,,,1.0.0
standard_auto_decision_6a4bfaefb8a0a844841d,standard_numeric_158819ac5651c514be95,standard_review_source_13427e795d5d71c5a271,d3a91a6fab2af21df6eeacef07ba0afa83b8391498fdbe5f6cabcb86f14c8392,accepted,conservative_auto_finalization,system_conservative_policy,,,1.0.0
standard_auto_decision_9294daa30faa78ceed99,standard_numeric_f69e9bc9e26cf870c24c,standard_review_source_13427e795d5d71c5a271,0c6152ceb4e167396fd7275d976fc41f39b74eb06390ba7720a2142d3fd17bbd,pending_review,validation_reasons_present;not_priority_review,system_conservative_policy,,,1.0.0
standard_auto_decision_7698c6754b7f039de6e4,standard_rule_9cf42655b4e0b2d454ff,standard_review_source_13427e795d5d71c5a271,1a6f5b01d0b73c871999ca45dbef31b371bba92b8d8deeb62ff73385456678b8,accepted,conservative_auto_finalization,system_conservative_policy,,,1.0.0
standard_auto_decision_e4e48c609261d3bd4cc1,standard_rule_b1e862d32b52aa18ce12,standard_review_source_13427e795d5d71c5a271,490322ae15528c6484bb5e66117fe81013799c599177e6d7e6461995ca0bc195,pending_review,not_priority_review,system_conservative_policy,,,1.0.0
standard_auto_decision_4465f226832fc1b7de9e,standard_rule_1d366f6e8d6c0ceb385e,standard_review_source_13427e795d5d71c5a271,7e6128156943bcde1c939cd6c716f83ac1e8dc091b2922effe730e594a222471,accepted,conservative_auto_finalization,system_conservative_policy,,,1.0.0
standard_auto_decision_4a7aaea4251dc5cc382b,standard_rule_085c88765d54112f73b6,standard_review_source_13427e795d5d71c5a271,88f5dd19c7728ba117d546aabbee9f253135491615f75c0e42059e7bbbbfbd0a,accepted,conservative_auto_finalization,system_conservative_policy,,,1.0.0
standard_auto_decision_020bcb10b6cdbf2d816b,standard_rule_cfa1bdc6d49db2ddae73,standard_review_source_13427e795d5d71c5a271,c4f13d2993219d9dcec2be7bd023090ee419b825b65da14a7413e96e48bcfe64,pending_review,not_priority_review,system_conservative_policy,,,1.0.0
standard_auto_decision_36de3838ed4ba336eb06,standard_rule_5a2387c921ab7f68f88a,standard_review_source_13427e795d5d71c5a271,a8c96d6cc057e713cbd409a71e8695702bb25da6fa3a79cdbded97131b1bf55f,pending_review,not_priority_review,system_conservative_policy,,,1.0.0
standard_auto_decision_891bc0e8ea48728faccc,standard_numeric_ff0084ff667ece64d3ae,standard_review_source_13427e795d5d71c5a271,b7b048a4286e4b0f1b4d0551ea9fca669ecd4418015f5d9f79b4eed98a050571,accepted,conservative_auto_finalization,system_conservative_policy,,,1.0.0
standard_auto_decision_655c850836c950467fbd,standard_numeric_bac637bb6f8b5f81ff2d,standard_review_source_13427e795d5d71c5a271,f96dfd230b278eaa194f467e8f4bb736a89048afbb66befe7bc0c58fde10b00c,accepted,conservative_auto_finalization,system_conservative_policy,,,1.0.0
standard_auto_decision_17e889c80a098fc12cd3,standard_rule_ccc86fd6a9540e109de9,standard_review_source_13427e795d5d71c5a271,c78b08a3314583b15a5a32d593476c3a8d19df5b29aaad4d8d067ffdee6d39ae,pending_review,validation_reasons_present;not_priority_review,system_conservative_policy,,,1.0.0
standard_auto_decision_979786c526873d06df1e,standard_numeric_d3f1b5bdf196407ff5f8,standard_review_source_13427e795d5d71c5a271,6fb8e4b2d5f2f6d4420d23d9adc8f3ff750943f4283e103afdfc7f1e3591c568,pending_review,validation_reasons_present;not_priority_review,system_conservative_policy,,,1.0.0
standard_auto_decision_361d2a1101dd9cd424a4,standard_rule_16aea775d514726f844d,standard_review_source_13427e795d5d71c5a271,a197a2657244eab22e9e06d31b57901289458b5bb96e14cea6bdc1c3fe6f512c,accepted,conservative_auto_finalization,system_conservative_policy,,,1.0.0
standard_auto_decision_b4e164b19812d8901806,standard_rule_c552718c295b491d35a9,standard_review_source_13427e795d5d71c5a271,3f7c866bb48da44a1ba8262c39163f1cb45f2e85b1f2ddfc721ae46cda0236e3,pending_review,validation_reasons_present;not_priority_review,system_conservative_policy,,,1.0.0
standard_auto_decision_1b9c4f5108f55d2f55df,standard_numeric_c563a5666a5a099e12f5,standard_review_source_13427e795d5d71c5a271,e1b0e6679541a73763d060f282b46cbeded50d854b8b5a8b2b2e1b108efa4757,accepted,conservative_auto_finalization,system_conservative_policy,,,1.0.0
standard_auto_decision_d292c6f7106ec82b1838,standard_rule_22c0ffef02f709105685,standard_review_source_13427e795d5d71c5a271,53e95bc2fea8ea2a7fff70d5fc5ccacb84f84a2da202b5043b7b080255cf6976,accepted,conservative_auto_finalization,system_conservative_policy,,,1.0.0
standard_auto_decision_13e178686b4a09b8ac19,standard_rule_fa5427d9eea22eed5d6b,standard_review_source_13427e795d5d71c5a271,b3ce1b9394488ee2c6d44a8f98ac7f51df813c3bccfe05554ebff37b0aba010e,pending_review,not_priority_review,system_conservative_policy,,,1.0.0
standard_auto_decision_c539d101dd89efe6431e,standard_rule_62b0484a10507b692926,standard_review_source_13427e795d5d71c5a271,e463a5a074c7b22d4bb6a0107862cbb4412108a75bc9e270b6a89f230ce3cac6,pending_review,validation_reasons_present;not_priority_review,system_conservative_policy,,,1.0.0
standard_auto_decision_3e0250dadba843044022,standard_numeric_5ac52ce0f074cb230627,standard_review_source_13427e795d5d71c5a271,e0754be1978cb96aecf2d4c15c58c536c123c09ddfdb128b40495e2003ef2ce0,accepted,conservative_auto_finalization,system_conservative_policy,,,1.0.0
standard_auto_decision_8ac4c41a29e8b4d5bcf7,standard_numeric_a940f72accda54058675,standard_review_source_13427e795d5d71c5a271,4ce1a2fbf1bc7458c7a24d8f9073e11cc3e88690a11b6bc7b501f65c1303d533,accepted,conservative_auto_finalization,system_conservative_policy,,,1.0.0
standard_auto_decision_f4d27ca21762b358eb6b,standard_rule_ad6e93fa6a7139caafbb,standard_review_source_13427e795d5d71c5a271,a8fd2aa8b1c5671ee9900cd0f2649b012d7a915ebbc741ce3b9d09ca5e2f9c46,pending_review,not_priority_review,system_conservative_policy,,,1.0.0
standard_auto_decision_46fcf45946267ef15e52,standard_rule_9da025587051fb33a1dd,standard_review_source_13427e795d5d71c5a271,b32c61bcba021418ce7795ea765d2de2e8ee10d8d3ff4af58ee6b1785b2b93e9,pending_review,not_priority_review,system_conservative_policy,,,1.0.0
standard_auto_decision_16ba0c66e9ca3df211f1,standard_numeric_246168aa1112aa0311dd,standard_review_source_13427e795d5d71c5a271,f213c2d7661622ae9965c9ce8ff37f2d60992ff350a1cb9cabad441393819d84,accepted,conservative_auto_finalization,system_conservative_policy,,,1.0.0
standard_auto_decision_c1b6136f134ceebc493c,standard_rule_351b1307e04086ddf586,standard_review_source_13427e795d5d71c5a271,707684f165267f1a08019d808f9caebc0103d0f30170cd23c37f779daba460f2,accepted,conservative_auto_finalization,system_conservative_policy,,,1.0.0
standard_auto_decision_b906fded81e6b6658dfe,standard_rule_c068286cddafef54ec53,standard_review_source_13427e795d5d71c5a271,d2667b375f2db344a41336a52ba1193331c78ba73fe45dc48885f49cfd8500af,pending_review,not_priority_review,system_conservative_policy,,,1.0.0
standard_auto_decision_85697c10c96c8c42987c,standard_rule_e458bdde0998beb36fdb,standard_review_source_13427e795d5d71c5a271,b157f5fa9cc62786cab115116bae2c2c01436b34a1c8b98a0317263e4c380caf,pending_review,not_priority_review,system_conservative_policy,,,1.0.0
standard_auto_decision_f1df27c3c9f73a7a401f,standard_rule_5d820037b8bec9906dcc,standard_review_source_13427e795d5d71c5a271,72137b8ae804202201c1ccc3cebd6baeb25f4f62fe523d049556d398308c1a99,accepted,conservative_auto_finalization,system_conservative_policy,,,1.0.0
standard_auto_decision_ce591dce8a428aad7e9b,standard_rule_35754cfb03c325fcb8ef,standard_review_source_13427e795d5d71c5a271,ba7ca0a48eaae440e50806e5d5971d980a154305487a3d335b91d3c364987315,pending_review,validation_reasons_present;not_priority_review,system_conservative_policy,,,1.0.0
standard_auto_decision_f112be3624d548061ac6,standard_numeric_f464e7026f3322abf845,standard_review_source_13427e795d5d71c5a271,0dfd331a227f4b8c19060b2f80dc44c28f4dc64eeb19e1df4b96c33fbc345f2b,accepted,conservative_auto_finalization,system_conservative_policy,,,1.0.0
standard_auto_decision_0d7f02d701c845f9ec26,standard_numeric_b05ea817e89f42ea9bc8,standard_review_source_13427e795d5d71c5a271,3e684fa0a9442a98d90aa1efe4ebea961fde9532c230ccb533a79e73a40908da,accepted,conservative_auto_finalization,system_conservative_policy,,,1.0.0
standard_auto_decision_f6f73826bc9abc93fe3e,standard_numeric_51ade63ff05e5b684680,standard_review_source_13427e795d5d71c5a271,7ec583a7f70e4f7bce00eeb1c4c4b18a3ae8a30cb083352943b01d3d807d9941,accepted,conservative_auto_finalization,system_conservative_policy,,,1.0.0
standard_auto_decision_6cefd0730c76fc3ee8f0,standard_rule_6538cd348f217b7e305c,standard_review_source_13427e795d5d71c5a271,289ed4d1f6f75b2c50d92e061e6c5756f3ab5b90a282a422ddd8990dcb85a164,accepted,conservative_auto_finalization,system_conservative_policy,,,1.0.0
standard_auto_decision_35de111da7920b28f1c2,standard_rule_2025f55467bb62f1f6f3,standard_review_source_13427e795d5d71c5a271,a65b35cad52e1beebb305798a306ac49f22e3d589c0fedf2bb460dcd6b045708,accepted,conservative_auto_finalization,system_conservative_policy,,,1.0.0
standard_auto_decision_d1d84f268813fbbef995,standard_rule_011c8ef466d9cca61e4e,standard_review_source_13427e795d5d71c5a271,4e8bda899ee0880060c5a0051418547fd4ffc1a1c8188b2eb3ab909a7e14f240,pending_review,validation_reasons_present;not_priority_review,system_conservative_policy,,,1.0.0
standard_auto_decision_a6c14c6b0ceaa11bad96,standard_rule_7e7554399b6918f69e31,standard_review_source_13427e795d5d71c5a271,a5503c4a27244c2e1038c1c9e55ef3ed3a06834418c96717dd390a2e267c4598,pending_review,not_priority_review,system_conservative_policy,,,1.0.0
standard_auto_decision_879334dd485339dec89a,standard_rule_3db5c30ffbcad202fe8f,standard_review_source_13427e795d5d71c5a271,beee255c9f419ccad2d10e3ca4109c05317a8991409ef3028da2b5a7d9bb533f,pending_review,not_priority_review,system_conservative_policy,,,1.0.0
standard_auto_decision_3a6c7c33319545c0e208,standard_rule_449d5a9641988a3a71f0,standard_review_source_13427e795d5d71c5a271,4b9d0da9787d8ead2ce22a47a2aae2ae0ad4fcfb42a71b8c1f4c7756cf6dbc03,accepted,conservative_auto_finalization,system_conservative_policy,,,1.0.0
standard_auto_decision_ca5135bc691fbb924334,standard_rule_e32e4215d029eb3a2f7f,standard_review_source_13427e795d5d71c5a271,3fc45028011b2c8951ec28ad0a1a1825b91f1324db26bd59114a57af55167e59,accepted,conservative_auto_finalization,system_conservative_policy,,,1.0.0
standard_auto_decision_f2be574dfbdf4056717c,standard_rule_ced354dfe199211762ab,standard_review_source_13427e795d5d71c5a271,b5efbf937b900ccd715e7d25ed1ad1c23264f482a5a818a73b92a79629c82ffd,accepted,conservative_auto_finalization,system_conservative_policy,,,1.0.0
standard_auto_decision_bd006b4d7d7414a7fbe1,standard_rule_80ed3b7e6045d527b405,standard_review_source_13427e795d5d71c5a271,ff10e49c34f14408bcff108527518a3b73e30c0cd069e9d189f87eac854e86fa,accepted,conservative_auto_finalization,system_conservative_policy,,,1.0.0
standard_auto_decision_3140bd0e3f373aa1bc94,standard_rule_a1466065cfeb083d833c,standard_review_source_13427e795d5d71c5a271,0ffb6acfec1da9d05438da1e7934c9eb4cdd821edebe950c5fccc5048b1933a3,accepted,conservative_auto_finalization,system_conservative_policy,,,1.0.0
standard_auto_decision_2548d020477e20f188a3,standard_rule_7f4acc48809182445f69,standard_review_source_13427e795d5d71c5a271,c50b62683686160f86a80cd7dc0dbe1bf6f5e6ca7b5c72abb7cbf0c0958ea2e0,pending_review,not_priority_review,system_conservative_policy,,,1.0.0
standard_auto_decision_1e1bc8358857b7508289,standard_rule_2263ee612e973768d59e,standard_review_source_13427e795d5d71c5a271,f2551bbf44009a0de70d192d8c08cd3cd87c904339656d0d28528f830bd383d6,pending_review,not_priority_review,system_conservative_policy,,,1.0.0
standard_auto_decision_3383114c5c750edc3b0f,standard_rule_6dc404d0269d94369da0,standard_review_source_13427e795d5d71c5a271,e11c9289e6a563f236e49d424a4b5d63356a966d8f7611f04ff8fac1a49d33ec,accepted,conservative_auto_finalization,system_conservative_policy,,,1.0.0
standard_auto_decision_cdea42e37703c0d43c96,standard_rule_942071c2371def941172,standard_review_source_13427e795d5d71c5a271,2d607cdf9473c71f02ecf6153e75d8b15b8e923a63cf5b50f8c0fa59316658d6,pending_review,validation_reasons_present;not_priority_review,system_conservative_policy,,,1.0.0
standard_auto_decision_e8a216239f14a53af1a0,standard_rule_1d2671afab4d8609765d,standard_review_source_13427e795d5d71c5a271,c8e4fe811045b48bbfbbf4ffa05348e8956570e28f0c996592871fb8fae541f4,accepted,conservative_auto_finalization,system_conservative_policy,,,1.0.0
standard_auto_decision_f7465037514007af3d5f,standard_rule_188a8d8e30a06a046eec,standard_review_source_13427e795d5d71c5a271,81c8bc6db8f764980c6f811c133c38b7fe07f61135b5347c3589c2134784f565,pending_review,not_priority_review,system_conservative_policy,,,1.0.0
standard_auto_decision_282dc424362bf22a53c6,standard_rule_33beb64dc4635621612f,standard_review_source_13427e795d5d71c5a271,9884a43e763e4091e1598c03abc12052908cc69b0e6d20d2570eba401ee63f63,pending_review,not_priority_review,system_conservative_policy,,,1.0.0
standard_auto_decision_115c8a371ba22f2057d2,standard_rule_6f5873c470085e7c11e2,standard_review_source_13427e795d5d71c5a271,01ccd05516986ae6fba5dba021104dbc0c9cdd0092ec6b18fddf1668419e34f9,pending_review,not_priority_review,system_conservative_policy,,,1.0.0
standard_auto_decision_aeac630630afbf14e0a9,standard_rule_29bbe68aec5e67953583,standard_review_source_13427e795d5d71c5a271,c5939329f3525796ab42d3dfe3a4c40122286d9a17d17d2aa1a6d8a19d48ef22,pending_review,not_priority_review,system_conservative_policy,,,1.0.0
standard_auto_decision_5691dbc86a4c8309eee3,standard_rule_29c0a7af1ed526c4c178,standard_review_source_13427e795d5d71c5a271,f24b426d20df006322b2e4220dabc24006c8b3c336a210772ff250bbc8d116f6,accepted,conservative_auto_finalization,system_conservative_policy,,,1.0.0
standard_auto_decision_2451a43332fac5d9f70c,standard_rule_b26258aa12b1becdf069,standard_review_source_13427e795d5d71c5a271,d79e99938e10c81b9a28f43667b8695aa704ddcb624733f3f1ad156ca9e63a92,pending_review,not_priority_review,system_conservative_policy,,,1.0.0
standard_auto_decision_8ee782308e9997912056,standard_rule_61e649cdf3a0781d1e50,standard_review_source_13427e795d5d71c5a271,4edf2f63709f8a6b221032a797350eb4b9f8b93186ac14ae5643dc4853137425,accepted,conservative_auto_finalization,system_conservative_policy,,,1.0.0
standard_auto_decision_227b5014bf37b3fd846e,standard_rule_077546c2272f81d63f62,standard_review_source_13427e795d5d71c5a271,d7c7af564b99bafdb0226d47c75bb5202481c2ae8f65b80838d34e6fe91e4eb0,accepted,conservative_auto_finalization,system_conservative_policy,,,1.0.0
standard_auto_decision_020e014852a499cce5a0,standard_rule_d427f72eff1535ab43a5,standard_review_source_13427e795d5d71c5a271,267c0305e8d997f3234796f1d31a9cc801c7f9d8f7c5e358bfdaf644e0334fe1,pending_review,not_priority_review,system_conservative_policy,,,1.0.0
standard_auto_decision_624a89acc6155aafa8c6,standard_rule_7801b4c260e3c13a5ccf,standard_review_source_13427e795d5d71c5a271,ebe5724644ce70700f837e0645c80c7c9faa391595db089497960235d72c68c0,pending_review,not_priority_review,system_conservative_policy,,,1.0.0
standard_auto_decision_b7d2a7eb525b01ea1343,standard_rule_339688f841e272b39eb6,standard_review_source_13427e795d5d71c5a271,4c51bd4252c7b1f1dace319f1e6057888a2e40bff0590061344fd35e540444e0,accepted,conservative_auto_finalization,system_conservative_policy,,,1.0.0
standard_auto_decision_235c23676df15901dff2,standard_rule_3c3b758ac34cb7e3a462,standard_review_source_13427e795d5d71c5a271,fc40662e1945388b74475b77e7dd8d2540d96553a97d30a15d3e4ef680953f29,pending_review,validation_reasons_present;not_priority_review,system_conservative_policy,,,1.0.0
standard_auto_decision_7c691f664f1d1aba2c09,standard_rule_867d422eeaff048b5771,standard_review_source_13427e795d5d71c5a271,d7c8b171d53a73bdec87aa671e970d868222eb37e77e5493f1bbe2388acaae22,pending_review,not_priority_review,system_conservative_policy,,,1.0.0
standard_auto_decision_56e0dbb089cf3dd5215c,standard_rule_c9dd6740cd2f90519758,standard_review_source_13427e795d5d71c5a271,6236245babcf953841ce1e02095953b0e8ef5603ef7eab7319ba94666c073a90,accepted,conservative_auto_finalization,system_conservative_policy,,,1.0.0
standard_auto_decision_fc7ac7f92d7826d4bc5c,standard_rule_68f22cfe42cdc1ced810,standard_review_source_13427e795d5d71c5a271,90995d6dabdf5bd3998d1087592626ba74218409aa069f3e9808389de4cd5c72,accepted,conservative_auto_finalization,system_conservative_policy,,,1.0.0
standard_auto_decision_b626dcb87f9c61c9bb6c,standard_rule_913ad7d03458615d4025,standard_review_source_13427e795d5d71c5a271,5fd797a2ef4e74e1dd646d752978a3dac267c4b07e3e54d8b0a5dfc98a38a464,accepted,conservative_auto_finalization,system_conservative_policy,,,1.0.0
standard_auto_decision_992d5600627f5fb7d19b,standard_rule_856be75b914cd30f883d,standard_review_source_13427e795d5d71c5a271,cc3313ec06a0c65368bc08bcaf6d18ba7c04ff64a2b7fabf2cb29df18f4238bd,pending_review,validation_reasons_present;not_priority_review,system_conservative_policy,,,1.0.0
standard_auto_decision_5ce6ff743f2c9720cd0b,standard_rule_3b69daa89a2e8318a19b,standard_review_source_13427e795d5d71c5a271,72702c85ab5a1396fa88950fd304d5bbddbd2e8f3f420e78e6d1d8955eb83ffc,accepted,conservative_auto_finalization,system_conservative_policy,,,1.0.0
standard_auto_decision_3c53c2124d8ddd8b8d0a,standard_rule_fd709f4544ee13d14ad9,standard_review_source_13427e795d5d71c5a271,2c2287d2571b289d4956ca15ee2c09f43e1c60eb01eb4a1d477b06090ea6c2a8,accepted,conservative_auto_finalization,system_conservative_policy,,,1.0.0
standard_auto_decision_9a2a62bf541b589282db,standard_rule_0a181a416632b00cb558,standard_review_source_13427e795d5d71c5a271,4331fb5eb7cacfb484ba3ecbe31df51788644378bb2bfffa0c9b347f2dab4b96,accepted,conservative_auto_finalization,system_conservative_policy,,,1.0.0
standard_auto_decision_f950e10a20ef0ef8eda2,standard_rule_395699ccb2e18810f2ac,standard_review_source_13427e795d5d71c5a271,4ba381b0798c91c292c830ea1fc3ed3fc6e03398c83b51c778891a6ee1f8a426,accepted,conservative_auto_finalization,system_conservative_policy,,,1.0.0
standard_auto_decision_1a89ce523125cb44f1e1,standard_rule_74817b6a38f0f55690fb,standard_review_source_13427e795d5d71c5a271,36a1c0d7eef56d457cc36e3fe9c4da27c46be2e96619d3c15e8bbdf95e7b16f5,pending_review,validation_reasons_present;not_priority_review,system_conservative_policy,,,1.0.0
standard_auto_decision_0cfbf0ad1cce6368dcb0,standard_rule_badc7e53e3f36057a980,standard_review_source_13427e795d5d71c5a271,c3d76e5a64483ebfa74a270422e5370e5700b424559d13a9accd08a3ec195016,pending_review,not_priority_review,system_conservative_policy,,,1.0.0
standard_auto_decision_3d0e7bdaa6eff128318d,standard_rule_165dcf1f40860e076c04,standard_review_source_13427e795d5d71c5a271,a8aa442a86b469a60f73b7a3e640012fb4b3b351a34fcd63bec2b2d02eb50b78,accepted,conservative_auto_finalization,system_conservative_policy,,,1.0.0
standard_auto_decision_03996ae3d6a532ffd401,standard_rule_ba0c6f8769b5cb961806,standard_review_source_13427e795d5d71c5a271,eca582529c7f077cf3289ac596a2e34788c80a98a1819ee32516d529ead845e1,accepted,conservative_auto_finalization,system_conservative_policy,,,1.0.0
standard_auto_decision_9a7fa49199ae0e00471c,standard_rule_e51d572e10e180271530,standard_review_source_13427e795d5d71c5a271,d240db6671176c2ce30effdbf38800f5bc36fb588ecdcb9fb9e5633375d7fbc5,accepted,conservative_auto_finalization,system_conservative_policy,,,1.0.0
standard_auto_decision_cd7b4d390801bba46e90,standard_numeric_7b5b7134bf3120656ae9,standard_review_source_13427e795d5d71c5a271,e6e211b11467b0f70d24ae2a204618656e69d923cfd205fae91ddb52dcffb802,accepted,conservative_auto_finalization,system_conservative_policy,,,1.0.0
standard_auto_decision_66e9c9e54ef286079011,standard_numeric_610870e88c76c57bed0b,standard_review_source_13427e795d5d71c5a271,03137b3f919b92870cd11ff62ae65bcb6e16699bd237c9e62e48822886530312,accepted,conservative_auto_finalization,system_conservative_policy,,,1.0.0
standard_auto_decision_4b49b8279b224a505294,standard_numeric_ce37baf066f910dfd24d,standard_review_source_13427e795d5d71c5a271,95843234b85b871adbb4bb7a32b93fceb5b03c837db2bd01264f5d88782795a9,accepted,conservative_auto_finalization,system_conservative_policy,,,1.0.0
standard_auto_decision_7b07b791f97400d4c1bb,standard_rule_80b696473206a8c4f972,standard_review_source_13427e795d5d71c5a271,f566244300855e670dda7c803a952e3925ae0050440d8d762e282362fcc8be38,pending_review,validation_reasons_present;not_priority_review,system_conservative_policy,,,1.0.0
standard_auto_decision_54128f352d858de8a816,standard_rule_60712e2d624a2e487f89,standard_review_source_13427e795d5d71c5a271,f95cf34a60b0dfeb8f94688aeb3258b519d698ddb54c968d64232bf262621a5b,accepted,conservative_auto_finalization,system_conservative_policy,,,1.0.0
standard_auto_decision_fe3a74dab8429b1e7ef2,standard_rule_ec7b080a91bbb7f8e47f,standard_review_source_13427e795d5d71c5a271,e9a8cd3720452fdee078c876995444a01069f0bdacc39769b1e751ded6cad95e,pending_review,validation_reasons_present;not_priority_review,system_conservative_policy,,,1.0.0
standard_auto_decision_66c6c57e280398f9b880,standard_rule_eb3cbaf4251db83c0f6d,standard_review_source_13427e795d5d71c5a271,65eada8d83c0f89ba1c48fa35369aca721fe89eda9ae5d6d00ed6902569bed64,accepted,conservative_auto_finalization,system_conservative_policy,,,1.0.0
standard_auto_decision_e4e513d30720f6fe2034,standard_numeric_4639e87bfbc2d070fe0e,standard_review_source_13427e795d5d71c5a271,a731c6bf1d59431d983d5a8baf84641cc57f2eb3574a653dc10554fbacde352d,accepted,conservative_auto_finalization,system_conservative_policy,,,1.0.0
standard_auto_decision_d237a835bc4c1e2a3176,standard_rule_d2eb3cf5b91e7e42d8b6,standard_review_source_13427e795d5d71c5a271,c66180d071348d4ea74b56e0b7f99b0ac76baf3dca74fe956fea89b723112065,accepted,conservative_auto_finalization,system_conservative_policy,,,1.0.0
standard_auto_decision_1a33e8ba7d3680579fd5,standard_rule_c450a459a55ecdba7f70,standard_review_source_13427e795d5d71c5a271,9f3517f6edf3889d236a1e3e67838114e6bcd596dc7bf7f2b4b21428592be518,pending_review,validation_reasons_present;not_priority_review,system_conservative_policy,,,1.0.0
standard_auto_decision_eb63ec0b49a8e15ffd6e,standard_rule_d4b08f6dd1fef630ae24,standard_review_source_13427e795d5d71c5a271,ca17cec8f322c5df3ccfab74e173c03d13388354f5d3976541fb71a4c3c9bb48,accepted,conservative_auto_finalization,system_conservative_policy,,,1.0.0
standard_auto_decision_a68f25b5d39029c140f7,standard_numeric_444a18b455517c0bed51,standard_review_source_13427e795d5d71c5a271,8ad195f2c2ff4861da34de612b7676dbfe3e2a952cc607b21b6b388146e737b8,accepted,conservative_auto_finalization,system_conservative_policy,,,1.0.0
standard_auto_decision_c602c28ae7349fec6ca1,standard_numeric_80dedfc3843cbf6b5d60,standard_review_source_13427e795d5d71c5a271,ba7b201603865924a2c626d339e422b184a7a18fff11ea1944566098ac7703d0,pending_review,validation_reasons_present;not_priority_review,system_conservative_policy,,,1.0.0
standard_auto_decision_665405e87914124ddfc8,standard_rule_f63e321f6cf144b73087,standard_review_source_13427e795d5d71c5a271,595d6cab3527e81c731ead2d15d8f9711c65fcdfefa9aeb1c709bddb3ab20eb7,accepted,conservative_auto_finalization,system_conservative_policy,,,1.0.0
standard_auto_decision_928e841d537906f81449,standard_rule_4208f3eb2858c6051155,standard_review_source_13427e795d5d71c5a271,e215bb4e0f74dab73150a94987c826605bec1f1dfe918a27b9a90c9a94a297ef,accepted,conservative_auto_finalization,system_conservative_policy,,,1.0.0
standard_auto_decision_2e25aaf10e37aa976101,standard_numeric_801cd7742c5ad45be999,standard_review_source_13427e795d5d71c5a271,714bf2503a849091a57b08464a74fd360a3707ba4127e2d640c0087cf1bc27b1,accepted,conservative_auto_finalization,system_conservative_policy,,,1.0.0
standard_auto_decision_4047d6db0f8aa37ba9f2,standard_numeric_d32403fb7b3a20f4b7f5,standard_review_source_13427e795d5d71c5a271,2367f6e18e872389f1798f63574e20e8db5c1bb5ff8209fa98537a4d167fc683,accepted,conservative_auto_finalization,system_conservative_policy,,,1.0.0
standard_auto_decision_4c4a9acf09841a091482,standard_rule_a04a9ad302b608856ac5,standard_review_source_13427e795d5d71c5a271,d900dd9793a3ed44458a45da321de69de19e11a3d4331c4a31169d76339f2afc,accepted,conservative_auto_finalization,system_conservative_policy,,,1.0.0
standard_auto_decision_fae9214a608ed248fb33,standard_rule_11d6b07a24bc0a1c6b79,standard_review_source_13427e795d5d71c5a271,8ec2509e3cec3cfaf316d20ca76d27971d959f6ba1a9f0d693d9e9e26e4e3c43,accepted,conservative_auto_finalization,system_conservative_policy,,,1.0.0
standard_auto_decision_b7b549e0587a912544ba,standard_rule_2169cbebde8d26a0693a,standard_review_source_13427e795d5d71c5a271,e4dc46c9e8ba0a5651f41504be19fadc8fa91a0efc6130efb9cbdf16eaffff2f,accepted,conservative_auto_finalization,system_conservative_policy,,,1.0.0
standard_auto_decision_8cda9939c16c0431ddcb,standard_numeric_e1d6c3aaddc27af8f7d3,standard_review_source_13427e795d5d71c5a271,d49283df7d594da9e23ad26172ce6f31dcfa340d88f1cb3ecb12c6c16af34335,accepted,conservative_auto_finalization,system_conservative_policy,,,1.0.0
standard_auto_decision_192a8d1d0171b624eeea,standard_numeric_b0aa1867fc7d5ce8778a,standard_review_source_13427e795d5d71c5a271,8f21aa0a3588fbfeb618eada792f19bd989fd1e0276c505edf65b4665200eac2,accepted,conservative_auto_finalization,system_conservative_policy,,,1.0.0
standard_auto_decision_412d124dced733242300,standard_rule_8454dca60878177301b3,standard_review_source_13427e795d5d71c5a271,0e56f9e5234b4fc2fc5914e10f2d74c6ca546bb655eab585e12b041d2589f87c,accepted,conservative_auto_finalization,system_conservative_policy,,,1.0.0
standard_auto_decision_e2f74a349df7fc07e99c,standard_rule_e3dea390a09bc7aebab4,standard_review_source_13427e795d5d71c5a271,dc70bc2a745ef000a10fb2bacb35c5930fa72e608887ad362b3d188403cd733e,pending_review,not_priority_review,system_conservative_policy,,,1.0.0
standard_auto_decision_c9d917ba8641d7b8e4e5,standard_rule_f2eb81138b9ba067f92a,standard_review_source_13427e795d5d71c5a271,8467d64dd4ee0c72c48a8168f63df83f2b6b7c0581bd24fe697b9e29da808340,pending_review,validation_reasons_present;not_priority_review,system_conservative_policy,,,1.0.0
standard_auto_decision_2053ffe790878780b543,standard_rule_dc3687767ddccda477df,standard_review_source_13427e795d5d71c5a271,32feb20366c39ae620ba0aeef13901d6a790b889b8ff85cf23e78dd4031233fe,pending_review,validation_reasons_present;not_priority_review,system_conservative_policy,,,1.0.0
standard_auto_decision_a73ae7082398deb4d494,standard_numeric_c6195e1fd9f1782aea84,standard_review_source_13427e795d5d71c5a271,42947f1217e569d2c7b3982e49d2ce4a7daf5297f45cb874e90c1eafca8aeee3,accepted,conservative_auto_finalization,system_conservative_policy,,,1.0.0
standard_auto_decision_ced22200015784ea5a0b,standard_rule_2f989e4420a99faaf271,standard_review_source_13427e795d5d71c5a271,d02e6bf66636974e2b5c151324b975e0db4d9bbb9cb279a50930fe50314aa0ed,accepted,conservative_auto_finalization,system_conservative_policy,,,1.0.0
standard_auto_decision_4b237217e059308f84de,standard_numeric_20cb549e347d3c703fa9,standard_review_source_13427e795d5d71c5a271,c0c238c9d4c479c424707eb2b08fe4eff97d9a2ca9a835e126d6ab4bfab00646,accepted,conservative_auto_finalization,system_conservative_policy,,,1.0.0
standard_auto_decision_6105019a6282e8874559,standard_numeric_44cb0d13836a46fbff39,standard_review_source_13427e795d5d71c5a271,5524ba53acf301c1c09d3128ac0626e0e0d793a8313db68218c09d7c8781d520,accepted,conservative_auto_finalization,system_conservative_policy,,,1.0.0
standard_auto_decision_d14d6795bc52a09d9be3,standard_rule_26d881c342d97d35bf0b,standard_review_source_13427e795d5d71c5a271,fbe11627bf93abbcb0ac4cc278fa8e3ab6eea1cc8f2bca2bf55dc578e5a12ec3,pending_review,validation_reasons_present;not_priority_review,system_conservative_policy,,,1.0.0
standard_auto_decision_a9b2af687bd3343e2d24,standard_rule_0f1843caa2445821fb37,standard_review_source_13427e795d5d71c5a271,ae0cc8412f4a0edf6817e0cd5b8bae34e2e18c2ab6390539db021bbe2f9874b9,accepted,conservative_auto_finalization,system_conservative_policy,,,1.0.0
standard_auto_decision_8c978c68bcf051185c73,standard_rule_e998fe17a957ec75c2b1,standard_review_source_13427e795d5d71c5a271,d92390b90e6cdda4ae27bcb2255ac2563317ea80e2581886131d4825e3e55274,pending_review,not_priority_review,system_conservative_policy,,,1.0.0
standard_auto_decision_bc88b1830cec5b486ff1,standard_rule_3899688716629ba618a3,standard_review_source_13427e795d5d71c5a271,926d926e2e69bad51c4b96398a93bf1e3fe0e7d7fdf7ff9c13ac8324ec339bce,pending_review,not_priority_review,system_conservative_policy,,,1.0.0
standard_auto_decision_554902998c37adfba09d,standard_rule_1692bbe894788b75c917,standard_review_source_13427e795d5d71c5a271,b5c9827b33708f6ac26142d8c10631db8f76091a06101ed94aa27df69407b8d9,accepted,conservative_auto_finalization,system_conservative_policy,,,1.0.0
standard_auto_decision_49e4939d02baa56ed886,standard_rule_7477efe6d83f4d976391,standard_review_source_13427e795d5d71c5a271,7c526979c57f7e5b914d658f033e3c1dce29196fbdf143773736819d9077e361,pending_review,validation_reasons_present;not_priority_review,system_conservative_policy,,,1.0.0
standard_auto_decision_df36d1401803996a0cae,standard_rule_cc0651730583039b7618,standard_review_source_13427e795d5d71c5a271,9433c2ca9e28f5506c4af009e8098264ecf733ad3db64d5c98c16169b387c274,pending_review,validation_reasons_present;not_priority_review,system_conservative_policy,,,1.0.0
standard_auto_decision_f84b75bce2906fd3a585,standard_rule_75f308e74cf2ac480781,standard_review_source_13427e795d5d71c5a271,5dc689a8483226f7a2b50cb50cb1e9a5d64d396b1385f2399ddd99c1ec2f1778,pending_review,validation_reasons_present;not_priority_review,system_conservative_policy,,,1.0.0
standard_auto_decision_6915db740a13b2f49664,standard_rule_d62acfb164e5b46f7d08,standard_review_source_13427e795d5d71c5a271,b3ea84ff81386554f397426f9f4b97ae0707853ed7b76ec5985605a990868346,pending_review,validation_reasons_present;not_priority_review,system_conservative_policy,,,1.0.0
standard_auto_decision_e91c9724ba86c5dc410e,standard_rule_9b4176514bd6a5fff0db,standard_review_source_13427e795d5d71c5a271,efcc4764387d893804f307d9ea680881ece5a22583cdf87a8a5596f916252657,accepted,conservative_auto_finalization,system_conservative_policy,,,1.0.0
standard_auto_decision_3b465649dbef218b8dd5,standard_rule_e976d7cb651cea9fd088,standard_review_source_13427e795d5d71c5a271,b76d9361316f3537c9dc5705125fa248c79ab45f05569cf5f0d915c6069efbc5,pending_review,validation_reasons_present;not_priority_review,system_conservative_policy,,,1.0.0
standard_auto_decision_319f6871876db3d4e4f9,standard_rule_8d2ae817dbfe59532bc1,standard_review_source_13427e795d5d71c5a271,a9c2e8e05c755f95774f97cd73548355588eaaafb9756f0202098996dfb218f0,accepted,conservative_auto_finalization,system_conservative_policy,,,1.0.0
standard_auto_decision_fd218a09a75acc550d15,standard_rule_7b2c633c2071946e6dc6,standard_review_source_13427e795d5d71c5a271,876a1ae3361417d971cc3e9bf9b1b4154bc8033509b5ece980473aa2b8b5e61a,pending_review,validation_reasons_present;not_priority_review,system_conservative_policy,,,1.0.0
standard_auto_decision_fbd1680555d3d74d37a5,standard_rule_80acf7d7efb8819f2c0c,standard_review_source_13427e795d5d71c5a271,c723a09e702d7cf1d33d68b998adf6c214b1ea27cf03167173aafe22712a6ebe,accepted,conservative_auto_finalization,system_conservative_policy,,,1.0.0
standard_auto_decision_f811e321296f4dbbf5ff,standard_rule_45fa4dd23ecea95e66a5,standard_review_source_13427e795d5d71c5a271,177e8add330223eae72a45bdcdca3d20d14aaabf1ba462963234f25b19363648,accepted,conservative_auto_finalization,system_conservative_policy,,,1.0.0
standard_auto_decision_74e75ff62084b02a23bc,standard_rule_9a52c8de53e0523a497d,standard_review_source_13427e795d5d71c5a271,a341fb0c47e89ae0105ab5473256e321db5a980a046b9c89fa88d38950326e35,pending_review,not_priority_review,system_conservative_policy,,,1.0.0
standard_auto_decision_42e16351826e0ef047ee,standard_rule_0b5b2de6b1a6f87e4af8,standard_review_source_13427e795d5d71c5a271,2c5641f2c33d1529a2e9f2b205be7e8d6ffb92979eb3feae679dc66ab20789bf,accepted,conservative_auto_finalization,system_conservative_policy,,,1.0.0
standard_auto_decision_2310c2a1b18721359320,standard_numeric_c2a8cfffbe6b7c258c87,standard_review_source_13427e795d5d71c5a271,82c3ef3db79468dbfac8d1881c1e6a608866579a643186b376faf1acc02fb330,accepted,conservative_auto_finalization,system_conservative_policy,,,1.0.0
standard_auto_decision_3926c2daa86c077ebc30,standard_rule_ca822399f0c6d23c55b8,standard_review_source_13427e795d5d71c5a271,59c7d467b441923e2c9dea7a6c7ba8a329e8d37d6f6cfbaa7a14c7ab03b81029,pending_review,not_priority_review,system_conservative_policy,,,1.0.0
standard_auto_decision_a8d646e7e36bbe0e71cf,standard_rule_fba45cc4e470069d5983,standard_review_source_13427e795d5d71c5a271,2be2165a3694a5ea2d76c557c4d27e506a74af6acd39a8edba3b3dac7b8e3243,pending_review,not_priority_review,system_conservative_policy,,,1.0.0
standard_auto_decision_6399a3919f2543771731,standard_rule_16d4b46545020bb8e1fd,standard_review_source_13427e795d5d71c5a271,e6500500d4b34d209c3e1f31321d7a15fc97aee7b692e69a779f2d0147d23b66,pending_review,not_priority_review,system_conservative_policy,,,1.0.0
standard_auto_decision_1d4c696fbbefea6a7c35,standard_rule_61617da46ca56c140e81,standard_review_source_13427e795d5d71c5a271,79d86dd3a22902a0fe48bfc9b7bb2a5e33a81681e1ee7b2f5bee22301ba44239,accepted,conservative_auto_finalization,system_conservative_policy,,,1.0.0
standard_auto_decision_5ef04ce1230def1d4e92,standard_rule_75ed5c246a7c79c727ed,standard_review_source_13427e795d5d71c5a271,13077fb511263d65366b4625ec04f46acf0db5a085e164dc259ac0d0daf3ac56,accepted,conservative_auto_finalization,system_conservative_policy,,,1.0.0
standard_auto_decision_8e9b54bca79162ce94fe,standard_rule_d679cc9af431e4cdf38c,standard_review_source_13427e795d5d71c5a271,c48331548b7e94202420678125bbc30409c4e3a7e583b6665d6288389d774bc3,accepted,conservative_auto_finalization,system_conservative_policy,,,1.0.0
standard_auto_decision_827220d3a273ee3c3601,standard_numeric_6b6757584a7a8e11c592,standard_review_source_13427e795d5d71c5a271,f3a466997b1c7f9539a3ecd7eb2b3c693c2bfcaab8c095c8a0c19ef9e32e7ea5,accepted,conservative_auto_finalization,system_conservative_policy,,,1.0.0
standard_auto_decision_a40f57c3af16784b24d1,standard_numeric_91c3850b3567e6760f3f,standard_review_source_13427e795d5d71c5a271,4a5e90b7b480cb97b6bd42354ddea4268809edc2c1b77f54193748d85ac459cf,accepted,conservative_auto_finalization,system_conservative_policy,,,1.0.0
standard_auto_decision_96847780f4d528bd0565,standard_rule_48d971de02698e0c991c,standard_review_source_13427e795d5d71c5a271,484a51090ef17e7f102957570ceb72e12c887ff945b110e5b888dbecdb88bbe2,accepted,conservative_auto_finalization,system_conservative_policy,,,1.0.0
standard_auto_decision_503bff324051392d5b58,standard_numeric_0021dfc16309ebfbcf0a,standard_review_source_13427e795d5d71c5a271,013ff4eaebb6c3d8057dc73e6b76af8db2285519fca0c4302991384fcc919984,accepted,conservative_auto_finalization,system_conservative_policy,,,1.0.0
standard_auto_decision_4000bb46843790b30f3c,standard_rule_dca9f97ebf0000336fcb,standard_review_source_13427e795d5d71c5a271,7ca15da0073be82e535453efc1bcab2eaf6ee0f748043f02d6647e470aedab6a,accepted,conservative_auto_finalization,system_conservative_policy,,,1.0.0
standard_auto_decision_a3bcc32512855d75f9ea,standard_numeric_ef5ccbe1bcd058636375,standard_review_source_13427e795d5d71c5a271,c05409f7768de3e5848c29a77eef4ee8a8f19406518fc3f8a93224869abb4f81,accepted,conservative_auto_finalization,system_conservative_policy,,,1.0.0
standard_auto_decision_c9672d4ae6725f497a18,standard_rule_1b9ba5eb233d14de6e84,standard_review_source_13427e795d5d71c5a271,19a3a769d6cbb1242c45ffa323138561a0bfb893c5d336457dc9b72ab6b23fdb,pending_review,non_main_text_scope;not_priority_review,system_conservative_policy,,,1.0.0
standard_auto_decision_d33be81e636c329f8934,standard_rule_702ff198af8b05f6f2bd,standard_review_source_13427e795d5d71c5a271,4135b8af7ba80b8c935a2ef9a24e2a4bc122e3b9c5ff6283915dab80e684fce6,pending_review,non_main_text_scope;not_priority_review,system_conservative_policy,,,1.0.0
standard_auto_decision_a949547d436a231a7221,standard_rule_93b6bc8b09b132674eea,standard_review_source_13427e795d5d71c5a271,968930ef6dce1b597387731da06a28d0aa7e736785c3ba367a7537a9cddb7e23,accepted,conservative_auto_finalization,system_conservative_policy,,,1.0.0
standard_auto_decision_63f907cbf28f1b1e03c2,standard_numeric_7948f9cfab94b3892d4c,standard_review_source_13427e795d5d71c5a271,60990ed73d7635f06e63f2225445351fa6a1c45dd4ca21eb4b00838ed3d223e2,accepted,conservative_auto_finalization,system_conservative_policy,,,1.0.0
standard_auto_decision_a96126a04f7282c7d04c,standard_rule_7baf2283f605f9c37459,standard_review_source_13427e795d5d71c5a271,f03932726854a1274d835ae804fd6898b9307d03777aa27654b937a27f3499d7,accepted,conservative_auto_finalization,system_conservative_policy,,,1.0.0
standard_auto_decision_5eb9371d517e4acbf6c8,standard_rule_9a65072efb419228bb21,standard_review_source_13427e795d5d71c5a271,23e6c767e0965383bb304fba6e0b6a9768ed05dc0e18db5eba04c90f8814ccba,accepted,conservative_auto_finalization,system_conservative_policy,,,1.0.0
standard_auto_decision_c3769fef1849ce3d0288,standard_numeric_dcecae35be4c16190f45,standard_review_source_13427e795d5d71c5a271,b1655a99e66a943f6101de3afb33d37f9e475c8ad491581e580b4a9e64ca57ee,accepted,conservative_auto_finalization,system_conservative_policy,,,1.0.0
standard_auto_decision_ded5009b95d576de1d09,standard_numeric_ca38126ff25bb7cb9de8,standard_review_source_13427e795d5d71c5a271,5b3cdeac8a92d2760bf9ab384c736d5ecf73981091bc9a5ee266e46fbf5ff24e,accepted,conservative_auto_finalization,system_conservative_policy,,,1.0.0
standard_auto_decision_9cbb362cd90aa88ec7ce,standard_rule_ae1a1e4354a612c25390,standard_review_source_13427e795d5d71c5a271,16b2f6f2de6fda79a0196160500d594aefb140172e0a1ad40e753f5761f416c9,pending_review,non_main_text_scope;not_priority_review,system_conservative_policy,,,1.0.0
standard_auto_decision_1c4efce543b61230513b,standard_rule_c9fa0d9a31261ec741b7,standard_review_source_13427e795d5d71c5a271,e66706909112585c2f67912dce879eede4b2f021b502bb0b98e6fa04e3d63013,pending_review,non_main_text_scope;not_priority_review,system_conservative_policy,,,1.0.0
standard_auto_decision_192ac76e1a2dc8817440,standard_rule_ac3195229b76272005c0,standard_review_source_13427e795d5d71c5a271,5c94095947b14bf4bc5624d69af6e1f342993461cdfaee44e30c098c88c8ba1b,pending_review,validation_reasons_present;non_main_text_scope;not_priority_review,system_conservative_policy,,,1.0.0
standard_auto_decision_0e256759983165576743,standard_rule_b0d1bbfc00a812f2b42d,standard_review_source_13427e795d5d71c5a271,9445223c212d72d6a82571f401719847b03d979787527982d4000269cf6b4c75,pending_review,non_main_text_scope;not_priority_review,system_conservative_policy,,,1.0.0
standard_auto_decision_c8d5f62d908dc1622d2d,standard_rule_414842dd898971c64635,standard_review_source_13427e795d5d71c5a271,33654c040faebd7070f0bc16deee863ec39937de7c266eb289fffb235b171858,pending_review,validation_reasons_present;non_main_text_scope;not_priority_review,system_conservative_policy,,,1.0.0
standard_auto_decision_b69edf3649c13ed76798,standard_rule_570bb013419543a2df01,standard_review_source_13427e795d5d71c5a271,f0bca213e5f56b8ca0b9167871fd21c0af4c427e8dac383ea4e2095c2dfccaf3,pending_review,validation_reasons_present;non_main_text_scope;not_priority_review,system_conservative_policy,,,1.0.0
standard_auto_decision_81f236ca4d2d5dcdac7b,standard_rule_06dd174e908d4c6aec8e,standard_review_source_13427e795d5d71c5a271,5ea52b6d3792abaf8653baf9fe4d619efb20c463daa51fa7d0b50f89988a9f97,pending_review,validation_reasons_present;non_main_text_scope;not_priority_review,system_conservative_policy,,,1.0.0
standard_auto_decision_093ea6869c2b4dffdc71,standard_rule_7f712d1708d2bfa80391,standard_review_source_13427e795d5d71c5a271,aebb80c630cc597b8051b0a59a5404272e9963f7cc5b610e873e610e073770ad,pending_review,validation_reasons_present;non_main_text_scope;not_priority_review,system_conservative_policy,,,1.0.0
standard_auto_decision_85a939e742662e0933e9,standard_rule_eaaa95d0c7e1278ebec0,standard_review_source_13427e795d5d71c5a271,3fa148006641a7cd952d1ed7b49bd8b0bee08cbc81453277deba630f5a5e3370,pending_review,validation_reasons_present;non_main_text_scope;not_priority_review,system_conservative_policy,,,1.0.0
standard_auto_decision_a44ab30dd3e8e19604a0,standard_rule_2c63fe7e6a4ed2b5a297,standard_review_source_13427e795d5d71c5a271,0ae5f8eaebce12f3d6146582112e56dda8568e20e43ab9fe6af004d1faeef181,pending_review,validation_reasons_present;non_main_text_scope;not_priority_review,system_conservative_policy,,,1.0.0
standard_auto_decision_94a04be967f9972bd951,standard_rule_c07f9f49a76b917fc019,standard_review_source_13427e795d5d71c5a271,a3d0e193395e9a7f0cc19e5a63e4c11b7ccb4471f8ef033577cf58b20f5740a1,pending_review,validation_reasons_present;non_main_text_scope;not_priority_review,system_conservative_policy,,,1.0.0
standard_auto_decision_edffecf306ad10adb4cb,standard_rule_19aa2761cea0ad384aef,standard_review_source_13427e795d5d71c5a271,c5f02a496b75c5a9cd5ab45963b24dcfd66a977c66bfc8f1699d2ba9059ca62c,pending_review,non_main_text_scope;not_priority_review,system_conservative_policy,,,1.0.0
standard_auto_decision_a277b1fbda5b32dd2a80,standard_rule_fc8adec3d84542c59fa4,standard_review_source_13427e795d5d71c5a271,687980bdf28ab6200e5becf3aae0411a255f7c8656b5a5a64f20d3f936357484,pending_review,non_main_text_scope;not_priority_review,system_conservative_policy,,,1.0.0
standard_auto_decision_dbb409e95d9656d94843,standard_rule_f3c8091598362703042e,standard_review_source_13427e795d5d71c5a271,b1b98614ea2fb83553849eefe8589ff5b215bb9ed21388cfa69da6ead63a2610,pending_review,non_main_text_scope;not_priority_review,system_conservative_policy,,,1.0.0
standard_auto_decision_8330c7c350574ee9b98f,standard_rule_00ee1dff2135f37902e9,standard_review_source_13427e795d5d71c5a271,7cdb3a9f431af7006fa48c45caac201f6ce7e20edb854dc90fdbe0472b4b04be,pending_review,validation_reasons_present;non_main_text_scope;not_priority_review,system_conservative_policy,,,1.0.0
standard_auto_decision_89494ad464b7ddf72120,standard_rule_9a3c6832bcb420f69c20,standard_review_source_13427e795d5d71c5a271,4a7ef23b660dcbd1e4ff3b46730689514f19451a8c1b56e710774da14bfad46d,pending_review,non_main_text_scope;not_priority_review,system_conservative_policy,,,1.0.0
standard_auto_decision_27955bd489b240f618c9,standard_rule_3f19995a75e8aba4dd46,standard_review_source_13427e795d5d71c5a271,af45da550ea9044e0a6e885b40a68362d6f2fb6a58cfea0c35356fb36e52cab8,pending_review,non_main_text_scope;not_priority_review,system_conservative_policy,,,1.0.0
standard_auto_decision_2f1827fb39dcc540ff6a,standard_numeric_7d05abb079cb934a0e8e,standard_review_source_13427e795d5d71c5a271,6b255c6e6b282593716cfbba7ddfdaf59a26e7d5a21a8a95057f4317d93277f2,pending_review,non_main_text_scope;not_priority_review,system_conservative_policy,,,1.0.0
standard_auto_decision_341df2ea6935e071d95c,standard_rule_88685cfdb50d823c889f,standard_review_source_13427e795d5d71c5a271,d4f8ae0a3fe35d5a92f1ea2569a8b6f8c4ec2908074ecc6bdddb3901501c02e1,pending_review,non_main_text_scope;not_priority_review,system_conservative_policy,,,1.0.0
standard_auto_decision_c848f1f3a1cae10fd5d8,standard_rule_e2f99c39b279da7162ce,standard_review_source_13427e795d5d71c5a271,c34e845b3e8cf12eadb15b1de7ca8af9445edbd9470e29f5862abcdaf4c35e01,pending_review,non_main_text_scope;not_priority_review,system_conservative_policy,,,1.0.0
standard_auto_decision_24e9918fb51b0517d41e,standard_rule_1ca94742a57a5fa028aa,standard_review_source_13427e795d5d71c5a271,a97217a403b9d9da81f13c945611c3d6a1696b6cd69a9eda297397775071db20,pending_review,validation_reasons_present;non_main_text_scope;not_priority_review,system_conservative_policy,,,1.0.0
standard_auto_decision_d4e1c8a566eff9127267,standard_rule_4ed0dc7838c9b6fd69ed,standard_review_source_13427e795d5d71c5a271,a0c63960c8fac4d739d13746079c4c37479c7617c6095c1c5e1468e14a8e4ed7,pending_review,non_main_text_scope;not_priority_review,system_conservative_policy,,,1.0.0
standard_auto_decision_de756ee186c32a68fb3d,standard_rule_34240ee4983010abb379,standard_review_source_13427e795d5d71c5a271,9907ef6f4b4e00d02ae6157ab3a78946694dd6624d587af7bb3ced5924328b8e,pending_review,validation_reasons_present;non_main_text_scope;not_priority_review,system_conservative_policy,,,1.0.0
standard_auto_decision_1fc37e5e8d08c05ea6ef,standard_numeric_67856371e80ee2f6ad4f,standard_review_source_13427e795d5d71c5a271,766321192907fb01226591c414b5f43bafe5a126d5e7c225c67585476b69ac77,pending_review,non_main_text_scope;not_priority_review,system_conservative_policy,,,1.0.0
standard_auto_decision_115e84a7e99a1901994d,standard_numeric_37d01135f05ec4c9f2d2,standard_review_source_13427e795d5d71c5a271,d4d5ea135f7f799b584fb210eb5135e04e899a14e0501edfdfa954ba01d3daa4,pending_review,non_main_text_scope;not_priority_review,system_conservative_policy,,,1.0.0
standard_auto_decision_f658b15daa38a1dc45a6,standard_rule_1f84590dff39876a7269,standard_review_source_13427e795d5d71c5a271,c3cd619d4ca10ab116e044333c5e19999f8f0374181e89ae4b91ecfedae0c097,pending_review,non_main_text_scope;not_priority_review,system_conservative_policy,,,1.0.0
standard_auto_decision_e875480fd19d8216b071,standard_rule_dcc4e3c4412a3df378f4,standard_review_source_13427e795d5d71c5a271,b58bc1168af65c2dd23512333486ebf26aa4411e6aaa999dde71402457911b25,pending_review,non_main_text_scope;not_priority_review,system_conservative_policy,,,1.0.0
standard_auto_decision_474062e663a90033c98c,standard_numeric_6d40a3ac9c99b12f843f,standard_review_source_13427e795d5d71c5a271,b1d26f594d16bd7cba328e78633293c22304432c1d56c25e8d7f377e208439ac,pending_review,non_main_text_scope;not_priority_review,system_conservative_policy,,,1.0.0
standard_auto_decision_3e505d3e07b717f7fb59,standard_numeric_b84632d1497a4b8bd2c1,standard_review_source_13427e795d5d71c5a271,473251a6f340756ec0e534bf9a0598be6ab1065826beb97d044f0c6b61b37285,pending_review,non_main_text_scope;not_priority_review,system_conservative_policy,,,1.0.0
standard_auto_decision_6951ae273996bd153503,standard_rule_033eede13f44a665f262,standard_review_source_13427e795d5d71c5a271,3fca408a0b0cc6dbecca30901b2b393de56be74fe3a32a01f47e66e92920c999,pending_review,validation_reasons_present;not_priority_review,system_conservative_policy,,,1.0.0
standard_auto_decision_d8c4b0d080af49acae50,standard_numeric_f42c2db7e88a6c4df0ae,standard_review_source_13427e795d5d71c5a271,f358ecd1b25c2cb1deacc548ba106848dff3232b64fccb622596005605604937,accepted,conservative_auto_finalization,system_conservative_policy,,,1.0.0
standard_auto_decision_9941d0cbe8239ab772cf,standard_rule_25196327961da0fb0ba8,standard_review_source_13427e795d5d71c5a271,1ebef0c53aa62164dd46779d7b42fc86bec9d4b10f144b0f898a80a6044c6938,pending_review,validation_reasons_present;not_priority_review,system_conservative_policy,,,1.0.0
standard_auto_decision_8ff6ffacdde11c0eb0d9,standard_numeric_71fe3d3fc582166b84ba,standard_review_source_13427e795d5d71c5a271,c65550c6d10cae6ca14eee11121509c1382a253d07350a6bea41da4d35e10b0e,accepted,conservative_auto_finalization,system_conservative_policy,,,1.0.0
standard_auto_decision_44045eaa5bffcc8f0f65,standard_rule_cee805217cb16402e8e7,standard_review_source_13427e795d5d71c5a271,845dbeb9ee1aaa0c977b2a0c29b7950c33d5a30e25e1879a97a24aec46c53983,pending_review,validation_reasons_present;not_priority_review,system_conservative_policy,,,1.0.0
standard_auto_decision_4050f250a53d155225b6,standard_numeric_bca23622e87333e049a2,standard_review_source_13427e795d5d71c5a271,e6416d9de4fbce27572d5decdef2424b0059380ab69eda5530e8dc4a563804bc,accepted,conservative_auto_finalization,system_conservative_policy,,,1.0.0
standard_auto_decision_e82eaf613d38b79f2942,standard_rule_903be8a7078a336fd8c2,standard_review_source_13427e795d5d71c5a271,3cf6ab66a5d2f4e60d5c0f1c50dfbbb3108e04d42d0642dbab66243a6aaf67bc,accepted,conservative_auto_finalization,system_conservative_policy,,,1.0.0
standard_auto_decision_e751887c3f7ae1a58e01,standard_numeric_eb0a143598e681524709,standard_review_source_13427e795d5d71c5a271,a83fca4a8d7fc772a00828a0e543666c01218c5d4cf79bc4fcb5d4f82e1abd5e,accepted,conservative_auto_finalization,system_conservative_policy,,,1.0.0
standard_auto_decision_9535950bcf7faaec9c47,standard_rule_7eb8177d415b0164755a,standard_review_source_13427e795d5d71c5a271,f2aa0b843dbe15b6576d98dd3c5a6a0494d1fa32a4132468da8ce3a595b2274a,pending_review,validation_reasons_present;not_priority_review,system_conservative_policy,,,1.0.0
standard_auto_decision_899196103f4e0cec9be8,standard_rule_4f4015dd5274828183d0,standard_review_source_13427e795d5d71c5a271,c9ee008dd3f858ceae31fe79aee786a89198d240f7eae1ce8a3716c3754b30e0,pending_review,validation_reasons_present;not_priority_review,system_conservative_policy,,,1.0.0
standard_auto_decision_f1883b5c9f30d3ef980d,standard_rule_19c30e7498d91043e06b,standard_review_source_13427e795d5d71c5a271,48019b2460d8b570e94f5215b8887eb96518d17bd5a5cd76a6cb4cfc4912b0f6,pending_review,validation_reasons_present;not_priority_review,system_conservative_policy,,,1.0.0
standard_auto_decision_55825684e9619ed29c43,standard_numeric_000337dce81a919e9e63,standard_review_source_13427e795d5d71c5a271,3b5e2d9a8ae1e6d9effda2f1628dea494b4c813fa463dbb4e5975409d2f585b6,accepted,conservative_auto_finalization,system_conservative_policy,,,1.0.0
standard_auto_decision_4a059ca4ba3e71748528,standard_numeric_a299fea4ce596cf230e9,standard_review_source_13427e795d5d71c5a271,4a629bcbd0879640bb33d1c896074db0fdf2c03264ef7b63f7d60dc3c782a3b0,accepted,conservative_auto_finalization,system_conservative_policy,,,1.0.0
standard_auto_decision_67402db8d2fa50709e87,standard_numeric_049d774331ad3569aa6a,standard_review_source_13427e795d5d71c5a271,368280ee5efa5c04d7a5bf3b79d1089e41ddae98bbd58cbf0bdf5a90fb450143,accepted,conservative_auto_finalization,system_conservative_policy,,,1.0.0
standard_auto_decision_ab1fd7111422796fc340,standard_rule_0a2870face39e7d99424,standard_review_source_13427e795d5d71c5a271,9ce688471f374b283bd2917421ec99e1beb15835bbea2b727f4074173ff00c74,accepted,conservative_auto_finalization,system_conservative_policy,,,1.0.0
standard_auto_decision_0d013fe74b00d603899d,standard_rule_08af43d76dd977c0befd,standard_review_source_13427e795d5d71c5a271,28b0e1a0039d1b439249831bc09077dc734efaa70e3ad4925f33a2cabb18cd8f,pending_review,not_priority_review,system_conservative_policy,,,1.0.0
standard_auto_decision_a4ddd058375ef75bce16,standard_rule_59a93429a594a7e7a8ce,standard_review_source_13427e795d5d71c5a271,80730a70c91935bcafe68e90a74fb40f894c093245f357ca275c40c0f464e2d3,pending_review,not_priority_review,system_conservative_policy,,,1.0.0
standard_auto_decision_9983211a85d0a5db3654,standard_numeric_0e5fbb65a588a15054d8,standard_review_source_13427e795d5d71c5a271,b5036297a0ef1de4c059ea96e979a1f8a63cad3ffec9e6fa0ef481a7eaa606b8,pending_review,validation_reasons_present;not_priority_review,system_conservative_policy,,,1.0.0
standard_auto_decision_6f7ba56b71d2dcd5388c,standard_rule_172cd2622b88e336cd64,standard_review_source_13427e795d5d71c5a271,9da6b9d0523338a5d6488ccdc059f2d0d3d226ef57eebddff99bfb4ce94c1f89,accepted,conservative_auto_finalization,system_conservative_policy,,,1.0.0
standard_auto_decision_17a3e3cbf6a989e2c7cc,standard_rule_c69c7c2882fb2f5e8fce,standard_review_source_13427e795d5d71c5a271,80cf1fa441f991fc06a83a296a7c0ecae8d2fca28b58f388a8214d190a09ce8a,pending_review,validation_reasons_present;not_priority_review,system_conservative_policy,,,1.0.0
standard_auto_decision_1ce66224faa530931ae2,standard_rule_7922687f2253386402de,standard_review_source_13427e795d5d71c5a271,0bb375f4e753b5f4222637fc29c200d97179dba4e8d7f338ac14bd6eef51e1af,accepted,conservative_auto_finalization,system_conservative_policy,,,1.0.0
standard_auto_decision_af64ecf06fb186b4ce4f,standard_rule_399d9eadc77e424ffa52,standard_review_source_13427e795d5d71c5a271,2cabc52156d9e3276f2c585135153ed2039499991da2c905f6cbd02013b39540,pending_review,validation_reasons_present;not_priority_review,system_conservative_policy,,,1.0.0
standard_auto_decision_6f6d1f988e6174ce10f8,standard_numeric_594e68df7cf3d196ebfe,standard_review_source_13427e795d5d71c5a271,aefc08193661d0a74a5cc44baa571b80a35ef5715ab76959dd0d7667472c2f05,accepted,conservative_auto_finalization,system_conservative_policy,,,1.0.0
standard_auto_decision_774855ac17c3e3870e83,standard_rule_c09a037e023e06fedffa,standard_review_source_13427e795d5d71c5a271,8a88bb4848af239ee8ad43bfdb31fff217908501bcbda88f09d1480d9fe80544,pending_review,not_priority_review,system_conservative_policy,,,1.0.0
standard_auto_decision_b8a51463f766be38a502,standard_rule_203e1c3976b852bebf97,standard_review_source_13427e795d5d71c5a271,45eea370c40ffe1abe4f5ad1f02f55e5ef00c2a9712772c14d5321045e594135,pending_review,not_priority_review,system_conservative_policy,,,1.0.0
standard_auto_decision_9503b3b0812b9fa8c482,standard_rule_0d7fa3aa51ac369df326,standard_review_source_13427e795d5d71c5a271,9906f845d08dc5c8fa6519106b5f36f2bab5565405c7e073c3bc0ce75135f70e,accepted,conservative_auto_finalization,system_conservative_policy,,,1.0.0
standard_auto_decision_befeaab31bac9b9c82de,standard_rule_795d0259e0c2a9646788,standard_review_source_13427e795d5d71c5a271,4b51320f0f3b1f9897458fda18f9a61f64704aad346a3916547531f3b23aac7a,pending_review,not_priority_review,system_conservative_policy,,,1.0.0
standard_auto_decision_e85c4e9c3668b0a8c7ab,standard_rule_0f04cc8dab1e9ba6ed96,standard_review_source_13427e795d5d71c5a271,75cd96f14ab1ad4ea3bfcf87119730334bf6ffa9fff4109014b040cff48aaf4c,pending_review,not_priority_review,system_conservative_policy,,,1.0.0
standard_auto_decision_d33c784ff1df7d1719f2,standard_numeric_814c4601e00c7588551b,standard_review_source_13427e795d5d71c5a271,e3912f8500f016914febd4f820f0055a849409b22c92ae70f64094373d2f6841,accepted,conservative_auto_finalization,system_conservative_policy,,,1.0.0
standard_auto_decision_8242b3822d426587faef,standard_numeric_0cb796b68041fdd698b1,standard_review_source_13427e795d5d71c5a271,5aa5cd7af27c276ffd6931d97706594b6e8bbbf1ddbae52e006df68122e57f96,accepted,conservative_auto_finalization,system_conservative_policy,,,1.0.0
standard_auto_decision_1398381d1b8532965136,standard_rule_9771ecd6af173f479523,standard_review_source_13427e795d5d71c5a271,07a24d05c45504090a21fe5fa10c04809baf02c9aa977e7c4528259644e06723,accepted,conservative_auto_finalization,system_conservative_policy,,,1.0.0
standard_auto_decision_80de2dfbfe7af3c34fdf,standard_rule_c621bead99d2c2969d5f,standard_review_source_13427e795d5d71c5a271,6daea2a505f43a282159e50a5adbea1f0a26375e1dbb7ae308dc2412cb3daa13,pending_review,not_priority_review,system_conservative_policy,,,1.0.0
standard_auto_decision_3b9bcc4a610e6d7681cb,standard_rule_0d2b629dcbd1fab9954d,standard_review_source_13427e795d5d71c5a271,87dd07cc7d1d4692a89096c76b5aa44eba971d979f86f547d475461875275d76,accepted,conservative_auto_finalization,system_conservative_policy,,,1.0.0
standard_auto_decision_65f903046ff043f71846,standard_rule_85f8f2ae53eba7daf857,standard_review_source_13427e795d5d71c5a271,d2cf8de5aacd898a598d7295c213480cb24da5b2c2e25c09c954a6936a8452e2,accepted,conservative_auto_finalization,system_conservative_policy,,,1.0.0
standard_auto_decision_b00e7a3ac63b1a1a16f8,standard_rule_a028fa4c27f02de95022,standard_review_source_13427e795d5d71c5a271,bdbe1994e78a1b1544cead86eb8530f22872f6c441ce46b7954f329260187ce4,accepted,conservative_auto_finalization,system_conservative_policy,,,1.0.0
standard_auto_decision_36c8bde3ffd77b84dc1a,standard_rule_6583dd7177def2f057e9,standard_review_source_13427e795d5d71c5a271,6d30840f9c7bf079cd2fcc35d921e48930e4e90b13a0b99f721c6d80fbce412e,accepted,conservative_auto_finalization,system_conservative_policy,,,1.0.0
standard_auto_decision_5652770ac30ec9aa10f8,standard_rule_08e4bf7d877c134c9430,standard_review_source_13427e795d5d71c5a271,e6d64c028d0e08ae50c42ce659ba3e74b0b50f0485a4d1c45411096dceb357a0,accepted,conservative_auto_finalization,system_conservative_policy,,,1.0.0
standard_auto_decision_3aa69c4c01c7dc6629b1,standard_rule_516510cfe530a4e3d649,standard_review_source_13427e795d5d71c5a271,9b902475e56a63695a4acfba8cc6441ae321c9198155d44519297d144c517af0,accepted,conservative_auto_finalization,system_conservative_policy,,,1.0.0
standard_auto_decision_187eb46928a294aaa22c,standard_rule_64cd1b76f5a5618dfd59,standard_review_source_13427e795d5d71c5a271,9c03f99ec5fbe63cfb2a6e22fa08b876deecd60dbb941340ca7de1ea5ed4231d,pending_review,not_priority_review,system_conservative_policy,,,1.0.0
standard_auto_decision_9f64aa740150547bc9f6,standard_rule_f9a6ca37f0a9612cbf38,standard_review_source_13427e795d5d71c5a271,b26969bf02e8dd87236d42b10ce4415ceef4e8d1b4f9f0528a6cb3b90a4c9cf7,accepted,conservative_auto_finalization,system_conservative_policy,,,1.0.0
standard_auto_decision_c80eef87e98e1ef4a317,standard_rule_b67565bc058af25ef6a5,standard_review_source_13427e795d5d71c5a271,0ec4e68d3d04c22d551d865e91b649c58f79ec4d12f9a2c2fb1c0b48f3a4aea5,accepted,conservative_auto_finalization,system_conservative_policy,,,1.0.0
standard_auto_decision_cee5888693381e4fac57,standard_rule_721d87027350098ae790,standard_review_source_13427e795d5d71c5a271,1b96acb25577443f9ed1cf50f0dd214f08fb5c410a41f090c8263db862543aec,accepted,conservative_auto_finalization,system_conservative_policy,,,1.0.0
standard_auto_decision_cf7a6cd73cfcff90714c,standard_rule_8143460461ca2257c7d3,standard_review_source_13427e795d5d71c5a271,4ab6258902cdae34aa6edc1ed229611035edfbe33757bb7b600534c4cdede55f,accepted,conservative_auto_finalization,system_conservative_policy,,,1.0.0
standard_auto_decision_d695f4c90a26dc852241,standard_numeric_8724bb715e9efe9b1dde,standard_review_source_13427e795d5d71c5a271,c536d78a6c17f8b12decf0fdad0ebdd188ecff19623b9023e037707c962c9fa2,accepted,conservative_auto_finalization,system_conservative_policy,,,1.0.0
standard_auto_decision_0449942d3bfb1fc6b992,standard_rule_30e9ad141360e7dae59d,standard_review_source_13427e795d5d71c5a271,2e4178179d48e0bcbc47b947ab756fda19544e5b8c1b8b395b03686c14060951,accepted,conservative_auto_finalization,system_conservative_policy,,,1.0.0
standard_auto_decision_496a8a6d1f4c62d645cb,standard_rule_1c8825ab2a37d9db363c,standard_review_source_13427e795d5d71c5a271,dd555837d7e3a1a380e6235f13df44d07131aa5fffdb1a5c17c0428ed27c555f,pending_review,not_priority_review,system_conservative_policy,,,1.0.0
standard_auto_decision_15c55cf435e98a06ea38,standard_rule_f7d4b6fdc94fd8cca60f,standard_review_source_13427e795d5d71c5a271,2adb3a4e5e1694e7676e3e569704aafd481897f459712ad44cc688a04c438836,accepted,conservative_auto_finalization,system_conservative_policy,,,1.0.0
standard_auto_decision_d11bc7927bc61c45d111,standard_rule_a50d0bf2b4402f2b95d3,standard_review_source_13427e795d5d71c5a271,ecf36eb3f9dab608d7e9a5e70e33b0c98d764e6ece7fa3de5c9ed49b8dd2e34f,pending_review,not_priority_review,system_conservative_policy,,,1.0.0
standard_auto_decision_a0320781b37fe73971ff,standard_rule_f6fd21eb60c0a9426979,standard_review_source_13427e795d5d71c5a271,75aab1ef5ecbdba489e8c8b0e9a95253277c8834f0c387fbeb39a25e2a1ffe30,pending_review,not_priority_review,system_conservative_policy,,,1.0.0
standard_auto_decision_05aae73dd335dc466ff2,standard_rule_78db80ad1aefb39b529f,standard_review_source_13427e795d5d71c5a271,8c74915223af2c78fdaacc9f2b4de282bb64cadf4bc9ccb0252b5de42a356f5b,pending_review,not_priority_review,system_conservative_policy,,,1.0.0
standard_auto_decision_053c9f92ee7f8a40ba89,standard_rule_03f42b026377351ae892,standard_review_source_13427e795d5d71c5a271,079ce1121592f92405f441b4ac6dd323dc464acf4bffeae061d6a95693ac94a9,accepted,conservative_auto_finalization,system_conservative_policy,,,1.0.0
standard_auto_decision_638e0f84a8a00ed09310,standard_rule_5cfc67846f138f38f0d3,standard_review_source_13427e795d5d71c5a271,d25396faf53ce0d34195a0d0bc38c9f9df437bcf52657f8970691fb13bef2712,accepted,conservative_auto_finalization,system_conservative_policy,,,1.0.0
standard_auto_decision_2e68339ddb2c42b2100a,standard_rule_35ee775a253e860e6294,standard_review_source_13427e795d5d71c5a271,c76805069e87e8f46bf992848ffb879d357766bfe073e15392057386b01186cb,accepted,conservative_auto_finalization,system_conservative_policy,,,1.0.0
standard_auto_decision_c6e4cdfaf1eaeaa81c00,standard_numeric_c047e6443f57ca1840d8,standard_review_source_13427e795d5d71c5a271,d3c9a9e25cb8f09a347ad653ff03fc4b958e8a8f009d4d82b8b078164004285f,accepted,conservative_auto_finalization,system_conservative_policy,,,1.0.0
standard_auto_decision_6322ba0cddb4f112d84a,standard_rule_a05424cd52aedb7934bc,standard_review_source_13427e795d5d71c5a271,83231c3eec1716770e01d869a0523bf78367072a592314759a55d263ea055a7c,pending_review,not_priority_review,system_conservative_policy,,,1.0.0
standard_auto_decision_5c4a20c72166993e85ad,standard_rule_8801a2a3855cb421a940,standard_review_source_13427e795d5d71c5a271,1e9d5586f7e122bc44c481c45de002b6e54e082115d36fed2039d6520e98f780,pending_review,not_priority_review,system_conservative_policy,,,1.0.0
standard_auto_decision_7754cef17b2545e9d2bd,standard_rule_ce951a68f4dbfc843c04,standard_review_source_13427e795d5d71c5a271,db1a9d5d79bb39221a2c3d678c21383b35d2ab1e70cc2d31148161c75848dda9,accepted,conservative_auto_finalization,system_conservative_policy,,,1.0.0
standard_auto_decision_dc266474c6d8e56bf49d,standard_rule_06a0e9bf55e404f0b858,standard_review_source_13427e795d5d71c5a271,197ef6e3f31ea2fe2962782653283df12c9a2ffcd80e9728e6c4ffc8cd49861d,accepted,conservative_auto_finalization,system_conservative_policy,,,1.0.0
standard_auto_decision_bcbe74537448362aac46,standard_rule_75d6ac28711215f0b18a,standard_review_source_13427e795d5d71c5a271,7f9bfd8eb687b8c5fd88a57b0ba5f2219b2f74e48c102b65b986ea90214ca399,pending_review,not_priority_review,system_conservative_policy,,,1.0.0
standard_auto_decision_c3f74bfa6afb73afc74b,standard_numeric_d0670e34f1f6cc3741de,standard_review_source_13427e795d5d71c5a271,2b655f6c8e9128d807b15521859bd9670019b7a74490a6a6de5b9ac0bf172a90,accepted,conservative_auto_finalization,system_conservative_policy,,,1.0.0
standard_auto_decision_1fb1a3ddc8e7d6c74be4,standard_rule_33f0b2dd11d8c52bafaa,standard_review_source_13427e795d5d71c5a271,215dbe5455faa8f6376d05c34449b636f5d2c95361c88004c561cd15747762bd,accepted,conservative_auto_finalization,system_conservative_policy,,,1.0.0
standard_auto_decision_36df72bc013ef81cf533,standard_rule_51e4fd64e996805219aa,standard_review_source_13427e795d5d71c5a271,35779635a626497a21eebe328f1fbbd2f613c686282e1615c39bf951cfdc6138,pending_review,not_priority_review,system_conservative_policy,,,1.0.0
standard_auto_decision_7269b5cd36e8d3e241f1,standard_rule_52197b79cc3fc6c30156,standard_review_source_13427e795d5d71c5a271,ee9fd656f97ffe987e73ffb0f1692c0b6caabee727c1071361baad15eea083d8,accepted,conservative_auto_finalization,system_conservative_policy,,,1.0.0
standard_auto_decision_0d650eef04eb675f9006,standard_rule_6ca1e38b5e0cab7673c6,standard_review_source_13427e795d5d71c5a271,18135691f5ee511677f72d840750f5fdc39a6561ad2c2882b27fac4c7328bd20,accepted,conservative_auto_finalization,system_conservative_policy,,,1.0.0
standard_auto_decision_4d91b4d185f76d4bf8b6,standard_rule_bd4742820fb08ed0b149,standard_review_source_13427e795d5d71c5a271,9a8895be15201903d3071b67714a4bda3dfcc7268abe3819f3ee227ce77449c3,pending_review,not_priority_review,system_conservative_policy,,,1.0.0
standard_auto_decision_bdb8a0bc9fbd6a5405c0,standard_rule_4275d30d4776980eb424,standard_review_source_13427e795d5d71c5a271,1522e56b11bdf26e57f58aed50e69ba2bfdcc22e298a7ebaf2239e26f3d6120e,pending_review,not_priority_review,system_conservative_policy,,,1.0.0
standard_auto_decision_9a7483e43e12d4e13c52,standard_rule_77c273b75e86494aa8ec,standard_review_source_13427e795d5d71c5a271,75d189e56f70aec8d71416dd0f6fe9448e18ce4d5f18c55ada55a920094555d0,accepted,conservative_auto_finalization,system_conservative_policy,,,1.0.0
standard_auto_decision_5296187e3de824975921,standard_numeric_4444a947eea3019492c1,standard_review_source_13427e795d5d71c5a271,c827e78b2e13fefe76c5c56cec5f39ebf786257baa9f68293c66e3036a502c83,accepted,conservative_auto_finalization,system_conservative_policy,,,1.0.0
standard_auto_decision_be0e821c851349bdaf4c,standard_rule_f1ed718aab8a8d11da8d,standard_review_source_13427e795d5d71c5a271,1cb9d155f8ab350f11f6b08c86af75a77384f2ddb0d26882953cb4a2375fd526,pending_review,not_priority_review,system_conservative_policy,,,1.0.0
standard_auto_decision_6f03cf034c796620d5b5,standard_rule_9cbbb98b2f683687a5ae,standard_review_source_13427e795d5d71c5a271,4adbfbd268ce296f68164d464019f65e47a414cfc364c28cd9c2f524d89541e7,accepted,conservative_auto_finalization,system_conservative_policy,,,1.0.0
standard_auto_decision_6393c7af2f3fdcf46f34,standard_numeric_8239d695852330a3c313,standard_review_source_13427e795d5d71c5a271,c2b0199d8254ea84e2acb20ec7cf2851cb5c8ca6e5a0ee4d9f9af587df7dbc5e,accepted,conservative_auto_finalization,system_conservative_policy,,,1.0.0
standard_auto_decision_279760649b1b4a9ed02d,standard_rule_62e19466d68b8684b60e,standard_review_source_13427e795d5d71c5a271,3a518dcb0895c461bf9277208c54917377b539db6657d122e72a5cfd9f5157df,accepted,conservative_auto_finalization,system_conservative_policy,,,1.0.0
standard_auto_decision_d9e2277c85e95421b197,standard_rule_26f5eb921fa17df643d6,standard_review_source_13427e795d5d71c5a271,c1173a0b8c54aa40a04b59ec12a1d41f5e837446b8ecc12ed2eb238907025bdc,accepted,conservative_auto_finalization,system_conservative_policy,,,1.0.0
standard_auto_decision_ab4321dc4246b25db576,standard_rule_8c2918d300ca81995cf8,standard_review_source_13427e795d5d71c5a271,7a6dfe2d82f76f36a8c92a0879a94bdd6d4a2c1c0e051f2e9756bf2ccd075049,pending_review,validation_reasons_present;not_priority_review,system_conservative_policy,,,1.0.0
standard_auto_decision_450cc9c20f8674474d0a,standard_rule_e38fd0b542d52f1fed23,standard_review_source_13427e795d5d71c5a271,fa54db1d148883ee8dd79b67152886fcf280ff0335a7a824663429737aa21a52,accepted,conservative_auto_finalization,system_conservative_policy,,,1.0.0
standard_auto_decision_0b6db249ce94bfd39359,standard_rule_20b1636e9e4e767cf68e,standard_review_source_13427e795d5d71c5a271,5b1793d479c79740976975f82e3b0e9716a4e53164ec0ec6869e2b3d89e9d3f9,accepted,conservative_auto_finalization,system_conservative_policy,,,1.0.0
standard_auto_decision_382a873ced8cfd67f0a6,standard_rule_8c1a37e02ee39e800744,standard_review_source_13427e795d5d71c5a271,20bba9e087744255b10c676c00f2c76bf26675624e578f421268e7f97e04f0cd,pending_review,validation_reasons_present;not_priority_review,system_conservative_policy,,,1.0.0
standard_auto_decision_757d0928d2b454a32e8b,standard_numeric_ba3581dcbee8feddf13b,standard_review_source_13427e795d5d71c5a271,7dac7d35b42b8bdd0cbb126d16d774f5b1566c5a090c98d837136f048066ee5f,accepted,conservative_auto_finalization,system_conservative_policy,,,1.0.0
standard_auto_decision_6f94eee29cda16ab1886,standard_rule_ed884fc093e26c90fc2a,standard_review_source_13427e795d5d71c5a271,77fa1c2765d947f9b2d387bf87b36dc96a6da7de99a754c73341c34014b93385,accepted,conservative_auto_finalization,system_conservative_policy,,,1.0.0
standard_auto_decision_dbf2514d69f8bda5e180,standard_rule_9ea079ae045bf5467524,standard_review_source_13427e795d5d71c5a271,7f4df1dc775074bcbec282492bf65cc09084ff2e32095f45bbab6ea1c1f9d5b3,accepted,conservative_auto_finalization,system_conservative_policy,,,1.0.0
standard_auto_decision_85acf62ef43248eeb608,standard_rule_06a39093ac2c7247436b,standard_review_source_13427e795d5d71c5a271,7ecd8694a5a4e74a43ddbe5b239c2d6bcc78a5e6253f63d7bfdc617f86101d37,pending_review,validation_reasons_present;not_priority_review,system_conservative_policy,,,1.0.0
standard_auto_decision_bbf472ec88214eef6f16,standard_rule_862a27ba28cabb69fd27,standard_review_source_13427e795d5d71c5a271,2d7e66f683c5b55e24bcc4b3f45c9d4f5d55ff4cf1964d00dd81a8b53ea57174,accepted,conservative_auto_finalization,system_conservative_policy,,,1.0.0
standard_auto_decision_ebf10b32b472120422e3,standard_numeric_cb4e201ff607c8804f6c,standard_review_source_13427e795d5d71c5a271,fb67be68ed44337c5d902520e4ed82aceded94888a0499ee501ed8486a2cf489,accepted,conservative_auto_finalization,system_conservative_policy,,,1.0.0
standard_auto_decision_25805302965efc6d88b4,standard_numeric_266a7333df6dff4bb6be,standard_review_source_13427e795d5d71c5a271,fb5dc6517eb39433af9065b5e1edbdd23cf97af19a7f8919738e97ad0f7d30a5,accepted,conservative_auto_finalization,system_conservative_policy,,,1.0.0
standard_auto_decision_31371a3f7f09629a835a,standard_numeric_d309223f940ca873e345,standard_review_source_13427e795d5d71c5a271,99679ba6b2dffd18ec12e763d6a226f5d3970dd4965ac31d9a10247ed7e35d61,accepted,conservative_auto_finalization,system_conservative_policy,,,1.0.0
standard_auto_decision_3c48c2b9a8f4bcb3ac18,standard_rule_6fde936c3eeff99b2a91,standard_review_source_13427e795d5d71c5a271,0e41c9afccf4dc8808e433b7ace0f663ce76af6d4df332fe9fe976dc3a1fb7dd,pending_review,validation_reasons_present;not_priority_review,system_conservative_policy,,,1.0.0
standard_auto_decision_7ce41347e080d834608f,standard_rule_ba0e7900ed49a3c68c6e,standard_review_source_13427e795d5d71c5a271,4f0b3120c69bdde94ae64f48ccc773855a536939b256ebf126d907750a54af90,accepted,conservative_auto_finalization,system_conservative_policy,,,1.0.0
standard_auto_decision_e6d516be0be3f6f437a1,standard_rule_2a3864220d9eb94680c8,standard_review_source_13427e795d5d71c5a271,72fcc7da4298a68d6908d3157791cc346f456b853637b35860303eaa997607f4,accepted,conservative_auto_finalization,system_conservative_policy,,,1.0.0
standard_auto_decision_ba4238bff72fa83dddcd,standard_rule_586d26d9024fb0a7b20b,standard_review_source_13427e795d5d71c5a271,25aabfdcc4e78b41e4895ccbbd8f212dcdfeb5deb0ed4cca6b55e2d2c706ff79,accepted,conservative_auto_finalization,system_conservative_policy,,,1.0.0
standard_auto_decision_2dbe5bff43c56dfc1503,standard_rule_58bd9195cf12315c58d8,standard_review_source_13427e795d5d71c5a271,033ef04ee9d62503c1ee8c2ef361cd20ff19af4c784b53b9baf293de91142937,accepted,conservative_auto_finalization,system_conservative_policy,,,1.0.0
standard_auto_decision_422a3d41ae4d0d2ec998,standard_rule_0fccb7e17f1ed856483f,standard_review_source_13427e795d5d71c5a271,35e58962896ae5536a1f022c037455b33470dc142dd1f187b8c86b618a0d4e33,pending_review,not_priority_review,system_conservative_policy,,,1.0.0
standard_auto_decision_faef8c37686f185c5963,standard_numeric_2f4f94a65f9edae59a48,standard_review_source_13427e795d5d71c5a271,13a7e627efa4140b558a7c11e719817b1179a52d1345d796d29d790918d72fea,accepted,conservative_auto_finalization,system_conservative_policy,,,1.0.0
standard_auto_decision_068e891ef0a2f65cb73a,standard_numeric_97c245bd4ed929da797a,standard_review_source_13427e795d5d71c5a271,87028856efca336bf4efdcb11a7ccc6454a9c98919fd800330db9978326b3484,accepted,conservative_auto_finalization,system_conservative_policy,,,1.0.0
standard_auto_decision_f2878459cdfe3bf55713,standard_numeric_198ead7fbf5db23a4742,standard_review_source_13427e795d5d71c5a271,d375f269cecb58445511261a88cd166bd528713569c34cb04ccb1eda12111a0d,accepted,conservative_auto_finalization,system_conservative_policy,,,1.0.0
standard_auto_decision_b0331ab53806d53807fa,standard_numeric_5fec02fd6be43e47b814,standard_review_source_13427e795d5d71c5a271,c85379760e3366d7d7cc62455ecbc108104af27503846046cf0b8b5c0cad2f1a,accepted,conservative_auto_finalization,system_conservative_policy,,,1.0.0
standard_auto_decision_84354c12854c34dfa34c,standard_rule_97e1be37c89a6f376f70,standard_review_source_13427e795d5d71c5a271,93acbdb324aa6c5cb16988252b52431c336f2bc9d612e6af2457660d15ca9e91,pending_review,not_priority_review,system_conservative_policy,,,1.0.0
standard_auto_decision_2a7d565f38f2c37413af,standard_rule_dbc43067b038f4db8af2,standard_review_source_13427e795d5d71c5a271,b5028d88850ce6614aa64e1b8039e754060d2e8c75e33df0f4f421cdcb1c35f1,pending_review,not_priority_review,system_conservative_policy,,,1.0.0
standard_auto_decision_1782066bb387b456f2b7,standard_numeric_17ab28e9af2f7f1f9c1d,standard_review_source_13427e795d5d71c5a271,08997f7717ab40397d3d5b63cff58616717cec22927d3ca2d87c5a881fb174c0,accepted,conservative_auto_finalization,system_conservative_policy,,,1.0.0
standard_auto_decision_2c37da97eaa8008d4835,standard_rule_0ba44a69b49f6fd52887,standard_review_source_13427e795d5d71c5a271,97cfb65b11d93126e8850bc6e393a7a13756ae0a243c235d26f098de5f3fdfd1,pending_review,validation_reasons_present;not_priority_review,system_conservative_policy,,,1.0.0
standard_auto_decision_3949f6575201972f4724,standard_rule_f362fbeb5338d6d28915,standard_review_source_13427e795d5d71c5a271,c694d749a6cd87d73da08193e1912ff782d742ab9b2b801c5817fab14cc5bfa2,pending_review,validation_reasons_present;not_priority_review,system_conservative_policy,,,1.0.0
standard_auto_decision_20838e501e28db735e3f,standard_rule_21cdb9205f3a53fd63bc,standard_review_source_13427e795d5d71c5a271,4e2949f6789c2512fc066d4c57a2ad7bc83d3de7e067e5e3769760e3cd1cb7d0,pending_review,validation_reasons_present;not_priority_review,system_conservative_policy,,,1.0.0
standard_auto_decision_189d122240652e7ebc2b,standard_rule_dce52e5e4319f1b8327e,standard_review_source_13427e795d5d71c5a271,aed16a96ad6048c54ebbccbb72da209bd70ca4789613fa5aac2ce7b60d196005,accepted,conservative_auto_finalization,system_conservative_policy,,,1.0.0
standard_auto_decision_a6bfeeea2b3775445a9c,standard_rule_6e8b261c81a01ebbf63a,standard_review_source_13427e795d5d71c5a271,ee4560632fcc9314ae3879e2df7ee3012cd45d0d85cba6a11bc8f20666c32971,pending_review,validation_reasons_present;not_priority_review,system_conservative_policy,,,1.0.0
standard_auto_decision_9b440c9ad86b30d46dc2,standard_rule_8dd496650cb699c4502c,standard_review_source_13427e795d5d71c5a271,8204ea334774ac6bdd85d0ee4c978a9de378280d2ba2ca3cce3c086ca9525906,pending_review,validation_reasons_present;not_priority_review,system_conservative_policy,,,1.0.0
standard_auto_decision_4514f1cf002449b5322c,standard_rule_1b36cc3b37ab1bbbe6d8,standard_review_source_13427e795d5d71c5a271,3abdba22e669d3041699458b984f4412d6fbb8e6b4caa7a057918b61a743490c,accepted,conservative_auto_finalization,system_conservative_policy,,,1.0.0
standard_auto_decision_4b3adf715534930af8ec,standard_rule_0bf9cd75c9c1716511f2,standard_review_source_13427e795d5d71c5a271,2fc0ca0f711189cd2cc2827cd73b4dac6cf21bc342317e70f1fd1b06466c5e03,pending_review,validation_reasons_present;not_priority_review,system_conservative_policy,,,1.0.0
standard_auto_decision_cde62e04121d0b298dba,standard_rule_d8597dac725fd894400f,standard_review_source_13427e795d5d71c5a271,5d3417cd53d0a204d226baa443017b58f28485e9103b76d838c1c2ffef8c5183,accepted,conservative_auto_finalization,system_conservative_policy,,,1.0.0
standard_auto_decision_48e7861443d593f1615f,standard_rule_87a9e82b6bd48ef2f15f,standard_review_source_13427e795d5d71c5a271,66ed4b434cf37fa9e8a1f7fd050b09591e6e11d8427a95acc98d517b0279e66f,accepted,conservative_auto_finalization,system_conservative_policy,,,1.0.0
standard_auto_decision_83ac082767ed7ef4b679,standard_numeric_13928d1ad67534d416b2,standard_review_source_13427e795d5d71c5a271,479c338c85fcde8b6a96f6a5bc4dd402d4e27c3a0cc2ea29363367ad965039cd,accepted,conservative_auto_finalization,system_conservative_policy,,,1.0.0
standard_auto_decision_36c39956a498c43aad76,standard_rule_480f31cfca0cd09f4bea,standard_review_source_13427e795d5d71c5a271,411d8ee07c787f4c482c33b766aefe7dc686646c00b82ec875d560f87fa808d2,accepted,conservative_auto_finalization,system_conservative_policy,,,1.0.0
standard_auto_decision_004956f35a730450483b,standard_rule_a4c7447ccaa008a9dde9,standard_review_source_13427e795d5d71c5a271,22e09a158de640361e222437f8a40fb7486ccf2d64f87a40b4eac4a32754dc5c,accepted,conservative_auto_finalization,system_conservative_policy,,,1.0.0
standard_auto_decision_fbf62f832f336924b6b9,standard_rule_fc3c61ff9826c7103fac,standard_review_source_13427e795d5d71c5a271,806270bca00b28d09930093a4a41b524c0651d2c5800931897f8f6f94af59bbe,accepted,conservative_auto_finalization,system_conservative_policy,,,1.0.0
standard_auto_decision_6a651fc2570fb13eb933,standard_rule_fbff7847531f3a9b3ac6,standard_review_source_13427e795d5d71c5a271,4505191bcf2612ba1bd4f20a1894f45d66939c3668ef21983c483b2a2b26840d,accepted,conservative_auto_finalization,system_conservative_policy,,,1.0.0
standard_auto_decision_608cf60c4f2ff0b28114,standard_rule_da2ff8eb78f80cd02b96,standard_review_source_13427e795d5d71c5a271,f8e40e628767fad1816e53512140514e9930a072daad3f0e42381f7531a6ad95,pending_review,validation_reasons_present;not_priority_review,system_conservative_policy,,,1.0.0
standard_auto_decision_d75448bf6521cc76c25e,standard_rule_0561336a74bfcbc59c88,standard_review_source_13427e795d5d71c5a271,58c2312c22a0314fe05e3a9738de423b6930805a3aeb5d5a1a053416a34fad32,pending_review,validation_reasons_present;not_priority_review,system_conservative_policy,,,1.0.0
standard_auto_decision_785474cfe1bcbb199bbe,standard_numeric_f3c11f97e5efad30b147,standard_review_source_13427e795d5d71c5a271,423a2540da9e507fac43d381ee9b5a61430163dd9ff0bdfffa25c555651476c9,accepted,conservative_auto_finalization,system_conservative_policy,,,1.0.0
standard_auto_decision_3ed01382be8056f4df72,standard_numeric_3d272c16d10f352592a1,standard_review_source_13427e795d5d71c5a271,b5ef3191e98155600e4cbf9c9b0f47927fbade991355766e239941cf83c37c36,accepted,conservative_auto_finalization,system_conservative_policy,,,1.0.0
standard_auto_decision_804d5439fb9db6289861,standard_rule_d1a889dca0dc0de849eb,standard_review_source_13427e795d5d71c5a271,275c2bf8c3964c4a45f3a6e86b26c64bef3f3a99ef16b1bceb9bb67c0c996a24,pending_review,not_priority_review,system_conservative_policy,,,1.0.0
standard_auto_decision_c98597a060e495c659ac,standard_rule_8633d5e22de3a234ec2e,standard_review_source_13427e795d5d71c5a271,784ef03c3d2b0ddf95da534ab271bce6a718375e3e600c91cb2e77909520bc7c,pending_review,not_priority_review,system_conservative_policy,,,1.0.0
standard_auto_decision_bf2ee4eff77580ac2638,standard_rule_577b8ceb4512375d70f1,standard_review_source_13427e795d5d71c5a271,7bc2748c9dfd2f3c6e9f60ba947dbf5ce1e8730032cb9a9787f8f9f2be1fe486,pending_review,not_priority_review,system_conservative_policy,,,1.0.0
standard_auto_decision_a50ab104f4020f8b3a8c,standard_numeric_e73715c9076675c4e7c2,standard_review_source_13427e795d5d71c5a271,d8ca55019647c3988baee00af978e027ca0084aa886991b5b2dda91e2ec33753,accepted,conservative_auto_finalization,system_conservative_policy,,,1.0.0
standard_auto_decision_5a1df801af6d37b72031,standard_numeric_8a3cf492d0c9e2b78aac,standard_review_source_13427e795d5d71c5a271,4771b2e049e91ce43649d5b37d5ac0c0d07c80528f83fc6379d9d67a9a1f56e0,accepted,conservative_auto_finalization,system_conservative_policy,,,1.0.0
standard_auto_decision_0cb0a4fd55f05b093379,standard_numeric_71c4068ce79bb992b5f9,standard_review_source_13427e795d5d71c5a271,ad7a108442bb99882f9ea4e0e6736db34ce5ba1c61e56145e8a115786c401b48,pending_review,validation_reasons_present;not_priority_review,system_conservative_policy,,,1.0.0
standard_auto_decision_ec381d9c71d6de0b18ed,standard_rule_007e5880afa4f5961811,standard_review_source_13427e795d5d71c5a271,e292c7ae65ee12ec3b384330848bbc2dc2fdfca0525a9325c63632265b693a40,accepted,conservative_auto_finalization,system_conservative_policy,,,1.0.0
standard_auto_decision_8686267f5bfe1e2fdf79,standard_rule_06bd7d4a8f803dbc83c5,standard_review_source_13427e795d5d71c5a271,03a5f1202140f66f5ca6b5d5b4997e23ee6b40a41acee3f131908f4966b772a1,accepted,conservative_auto_finalization,system_conservative_policy,,,1.0.0
standard_auto_decision_feb9af83918944cefb8b,standard_numeric_a9d55dbb67faf1ce31db,standard_review_source_13427e795d5d71c5a271,f2377ced51d63a361989927a18029ccc242925e2506f2d9fda37727ef0f8b8c4,accepted,conservative_auto_finalization,system_conservative_policy,,,1.0.0
standard_auto_decision_33cd537ff2c13528d733,standard_rule_d6cb9481a734f2740f88,standard_review_source_13427e795d5d71c5a271,ae9bc7a94e61f0b76c5db603a6a7758e242618e73cb38059d9803bb3c733c35e,pending_review,non_main_text_scope;not_priority_review,system_conservative_policy,,,1.0.0
standard_auto_decision_dc639f5f01e7e49d3f1c,standard_rule_524825cc558694fc5926,standard_review_source_13427e795d5d71c5a271,707bb0ce9b15b946f15cd4972c93d5bb6b4a9c9b8e621feb773d09a917e38541,pending_review,non_main_text_scope;not_priority_review,system_conservative_policy,,,1.0.0
standard_auto_decision_a9aaf4874d8919528076,standard_rule_d261eb2572598240f3f0,standard_review_source_13427e795d5d71c5a271,716a1e72a264d1d0193eab7618f0b5b7365734e78291006d2815219964e023a5,accepted,conservative_auto_finalization,system_conservative_policy,,,1.0.0
standard_auto_decision_db402501c55ac768b44c,standard_rule_a6d69823e58ad4052b0a,standard_review_source_13427e795d5d71c5a271,6077f8b8396208388b64317ef87325c0f3ca4b1b956a7f8883645c26be1b7116,pending_review,validation_reasons_present;not_priority_review,system_conservative_policy,,,1.0.0
standard_auto_decision_20d7f4c177f05aebcc70,standard_rule_2068a095e8e3e2cc1226,standard_review_source_13427e795d5d71c5a271,3c94fe5e7e19aff45b15ecace6ccfb7905f938d9f90bb2c074bc51cb43ab000a,accepted,conservative_auto_finalization,system_conservative_policy,,,1.0.0
standard_auto_decision_3e8fe511ecbae127ea86,standard_rule_d3ee8dca51c2b92d871c,standard_review_source_13427e795d5d71c5a271,0575aef3a1ac9b42989525f1ff120a7e952657f44543d4fff36a79d50bc08c83,pending_review,not_priority_review,system_conservative_policy,,,1.0.0
standard_auto_decision_ef168921d11c492f7856,standard_numeric_8be311885a149e4215a3,standard_review_source_13427e795d5d71c5a271,d6d5702d4f1ed6253921101819d157180a6fab70f0155731dc84cce5af9069ec,accepted,conservative_auto_finalization,system_conservative_policy,,,1.0.0
standard_auto_decision_a049927f25ce22c0fc85,standard_numeric_a5ef4d51c00c8dcd609f,standard_review_source_13427e795d5d71c5a271,537ff3b46db452e27abd1eff0c45bc7a8d822c8f087c2b002533e392b8506bb8,pending_review,validation_reasons_present;not_priority_review,system_conservative_policy,,,1.0.0
standard_auto_decision_178bdcf92072c5799da1,standard_rule_1770ae5e7914d8e346bc,standard_review_source_13427e795d5d71c5a271,1c7b412afe8c58943e91eb6d0fca259208a6505e9ad2157c518df71c81489e8c,pending_review,validation_reasons_present;not_priority_review,system_conservative_policy,,,1.0.0
standard_auto_decision_7669f0670602e898c5ac,standard_rule_c883ceb485e92726423d,standard_review_source_13427e795d5d71c5a271,a4d70346a481aab7f58c3ace8307dbb44e73ea9881402ed9694a724b0a1e95cf,pending_review,not_priority_review,system_conservative_policy,,,1.0.0
standard_auto_decision_a7da0bb9e00f134e347d,standard_rule_574d987917d89227467c,standard_review_source_13427e795d5d71c5a271,a52576868e0f7d176cbc4b2eaf4926fc10e431cc32f36f31dbf96367c2d759df,pending_review,not_priority_review,system_conservative_policy,,,1.0.0
standard_auto_decision_4de27079b94ef8ca878f,standard_rule_45046bcc97bebbf91fd2,standard_review_source_13427e795d5d71c5a271,d625a503e783c96e00737c783e309f336fb19f950bfe049b0c38cff62ea3ab65,accepted,conservative_auto_finalization,system_conservative_policy,,,1.0.0
standard_auto_decision_ae6e8fd44dbced1d3c4e,standard_numeric_fc85fbe26f6fc9f28b74,standard_review_source_13427e795d5d71c5a271,caeb4948fb7bf2fb10aeef546c8e7cc445591e25810d4be88c31644d190f0531,accepted,conservative_auto_finalization,system_conservative_policy,,,1.0.0
standard_auto_decision_3127ebe85e0766e30e2b,standard_numeric_8bc0f1bce62cba27ba8c,standard_review_source_13427e795d5d71c5a271,54b678703f7cb8c50da4b934038b9cdf8ea0f40be2a7bf9b84e7591ba0741725,accepted,conservative_auto_finalization,system_conservative_policy,,,1.0.0
standard_auto_decision_d8eaf5f1e17d59511572,standard_numeric_95d4a5f25d39b50a048d,standard_review_source_13427e795d5d71c5a271,6fb4b962dd6d570975f51c65c0a000bd5a3e87772413fbf246b2cc4e6dc4b024,accepted,conservative_auto_finalization,system_conservative_policy,,,1.0.0
standard_auto_decision_96332d58b36030d3843c,standard_rule_f26f8e21db2ad7bc57cf,standard_review_source_13427e795d5d71c5a271,a2205e16a99b2b589f8f415c930061117dbccba82be2db24ca9daac294bfca5b,accepted,conservative_auto_finalization,system_conservative_policy,,,1.0.0
standard_auto_decision_b1a3a3697580f10ebfee,standard_rule_8735f069d397d7dae37b,standard_review_source_13427e795d5d71c5a271,3cd19317dc20aa1e497d7143d828eddd0575fb0463429fd8f5ce6371eb8efc6b,accepted,conservative_auto_finalization,system_conservative_policy,,,1.0.0
standard_auto_decision_0ec48327a5283325f41f,standard_rule_aa5c00b9b96c60248e71,standard_review_source_13427e795d5d71c5a271,a604e48caa631caf18d7670aae176459eca375ad960cee5235f6d7daccd5f1b9,accepted,conservative_auto_finalization,system_conservative_policy,,,1.0.0
standard_auto_decision_d33b14e9cf7efba593bf,standard_rule_6f3304b5cb0c93ace653,standard_review_source_13427e795d5d71c5a271,031558b64645a5a1d4632664c4a2ac924c29087f7bf3cd387d644f05645c8e90,accepted,conservative_auto_finalization,system_conservative_policy,,,1.0.0
standard_auto_decision_6a6d72d0128375abd413,standard_rule_12d7090bd8858d52c292,standard_review_source_13427e795d5d71c5a271,daa74dbcb3c7d2171d3d073c9cb4799cf0840e4eebc80eb5dec22bdabf8a6953,pending_review,not_priority_review,system_conservative_policy,,,1.0.0
standard_auto_decision_5fc9cc93908af4c945c6,standard_numeric_ca0fd106e57fbe410a1f,standard_review_source_13427e795d5d71c5a271,cc00cc6b4028291ab67ce00b68feaa4b1f2a84870a773d83c2ee58517d56c1f3,accepted,conservative_auto_finalization,system_conservative_policy,,,1.0.0
standard_auto_decision_3fc3d43b1422329f25bf,standard_numeric_3f2519815729eb1a116e,standard_review_source_13427e795d5d71c5a271,4a7d8e04102397cc7e7e5127b725004d2e75b6c484c1819ec56b17a1f2f0fdde,accepted,conservative_auto_finalization,system_conservative_policy,,,1.0.0
standard_auto_decision_2a71d7d6ead0398b8728,standard_rule_d2d787694e25f7023a13,standard_review_source_13427e795d5d71c5a271,bce4b88f878bf4cc619838993755a662e5cbddf3e622c427524238118c368edb,accepted,conservative_auto_finalization,system_conservative_policy,,,1.0.0
standard_auto_decision_85cdaf6d8e93769f7c0c,standard_rule_aea51c4c550d9874f613,standard_review_source_13427e795d5d71c5a271,7bb448ded1905bb9eb2ec92b571286fe36cd61793fdeff5a8d19f2518ede629b,accepted,conservative_auto_finalization,system_conservative_policy,,,1.0.0
standard_auto_decision_e3a9b522f943c04f7daa,standard_rule_07476b9e7cb9d85d69f5,standard_review_source_13427e795d5d71c5a271,6ad22f8440b86528a38ee7c212a782d41c6e91ef775ef8cf33ba2489a1a1853a,accepted,conservative_auto_finalization,system_conservative_policy,,,1.0.0
standard_auto_decision_a8ee9585b44d6b002aa1,standard_rule_1d57f302fdea58e88417,standard_review_source_13427e795d5d71c5a271,933bacf00b1a51c9356cec58931dfc36e00580d27159a9fdebd16a674b32f45a,accepted,conservative_auto_finalization,system_conservative_policy,,,1.0.0
standard_auto_decision_f9dba0cd293a76e58e99,standard_rule_d34ad3913bf991536c80,standard_review_source_13427e795d5d71c5a271,75b12fe3bc977508997f1c8fa5a62d055ef4e71d57c1365bd3023ce989d58fad,pending_review,not_priority_review,system_conservative_policy,,,1.0.0
standard_auto_decision_2e4d74057dfb966ffe1a,standard_rule_06c7eacb3769cdb73b1a,standard_review_source_13427e795d5d71c5a271,219beaf2e0813fb70cfe673ae12af524437acb48d1c8ae5dc66325d92dd4fd3d,pending_review,not_priority_review,system_conservative_policy,,,1.0.0
standard_auto_decision_c8d03cfa01bdf8e98997,standard_rule_8a7c6ba1e16935760856,standard_review_source_13427e795d5d71c5a271,1afec4d9252bf6064e0501757d0d972c6a5e3e836a5d30c3df4a6f144ba31355,accepted,conservative_auto_finalization,system_conservative_policy,,,1.0.0
standard_auto_decision_08c5eb6e54a599855f60,standard_rule_03e00880f122bee286e2,standard_review_source_13427e795d5d71c5a271,9ba2788a2a7aee7ff96bd397a021b8ec05d12bab07972f8d4bdf1f07f1efaf41,accepted,conservative_auto_finalization,system_conservative_policy,,,1.0.0
standard_auto_decision_06798b64dd3c5d78014c,standard_rule_4ad47d9a6a6ce93db81c,standard_review_source_13427e795d5d71c5a271,a9b909dac94fb468b5cfecf197fda32361557a67a8dc0b03ee27515628b2a96b,accepted,conservative_auto_finalization,system_conservative_policy,,,1.0.0
standard_auto_decision_9a1a49b6505226e1a39b,standard_rule_590f779a728ea8fb8531,standard_review_source_13427e795d5d71c5a271,85086320dca92ecf2cd1304b2fadaa0bf30a1539163a5a4c0fb490066d0547e5,accepted,conservative_auto_finalization,system_conservative_policy,,,1.0.0
standard_auto_decision_e3a5a95392c89d02f93c,standard_numeric_3f7e0a31264847a4c719,standard_review_source_13427e795d5d71c5a271,fb02349dc967aa50faa4da4605b499d0579acc9579634f2e46f485dcfb45c783,accepted,conservative_auto_finalization,system_conservative_policy,,,1.0.0
standard_auto_decision_c176957e147efeccef7c,standard_numeric_5727bc486259d5d0f0b9,standard_review_source_13427e795d5d71c5a271,54c2135b0ef6c0ccc96ce38bfdca40ff092585723b3271f37398900adbf86b83,accepted,conservative_auto_finalization,system_conservative_policy,,,1.0.0
standard_auto_decision_fd3359e89130c2e79c89,standard_numeric_0e029fd55e3e0410eab2,standard_review_source_13427e795d5d71c5a271,8e84dc85dbb8c4e084559b36ea8c59a3d8bbb2e2e0319f0042fafb59e9765088,accepted,conservative_auto_finalization,system_conservative_policy,,,1.0.0
standard_auto_decision_45f7064a075c450ec408,standard_rule_2b761696ab14d51452ba,standard_review_source_13427e795d5d71c5a271,0c15205aab8195b3cd3178900e7cd195006687956caad99b4bf38c896884f341,pending_review,not_priority_review,system_conservative_policy,,,1.0.0
standard_auto_decision_898e7eed16af912cfbbd,standard_rule_c134739c70b415629e54,standard_review_source_13427e795d5d71c5a271,32bd23126d27235dc1450c657cb5f8f9f82aeacc39059283877fb176db6d3030,pending_review,not_priority_review,system_conservative_policy,,,1.0.0
standard_auto_decision_74684d6aeb6ad3637912,standard_rule_d0d20e244f8d3a08dcd4,standard_review_source_13427e795d5d71c5a271,bd392fff908cea61b168d08c16882da38b8b5b6527eb6d589dc9339c41c56805,pending_review,not_priority_review,system_conservative_policy,,,1.0.0
standard_auto_decision_806a8d409c6ce8ff6382,standard_rule_8efaaa169d2f8f5fca89,standard_review_source_13427e795d5d71c5a271,44c5cc2bd9460217d91fb3e62ec81049c6b2ce97aa23ca787323a5e45a650aef,pending_review,not_priority_review,system_conservative_policy,,,1.0.0
standard_auto_decision_b6254237a1a2c05a6742,standard_rule_58a86e3bdfd5616bb249,standard_review_source_13427e795d5d71c5a271,c296bd766fd805d844d0d98226036ff4a3ccfca1db219506c0f7af8b77383c7a,pending_review,not_priority_review,system_conservative_policy,,,1.0.0
standard_auto_decision_ccb157841f26b4d5dd21,standard_rule_70359f357c377dd8848b,standard_review_source_13427e795d5d71c5a271,ab74d05fef6e554aa55a087cec7c4a0000f2309c5234a0ef481da2b34e29e568,accepted,conservative_auto_finalization,system_conservative_policy,,,1.0.0
standard_auto_decision_00cc769dbcbeea539e68,standard_numeric_0184c68757e71f5b2224,standard_review_source_13427e795d5d71c5a271,6b1e5ead8a5f3d11f21a9c96a970677e3237881a1abd8d9ca4dbbd61a2c9bd81,accepted,conservative_auto_finalization,system_conservative_policy,,,1.0.0
standard_auto_decision_aa5fbc25dc7524448def,standard_rule_825437479776a4955c07,standard_review_source_13427e795d5d71c5a271,1d3a1aa93972a422cd508eed1c2e41c1b974a8fa6c2ab1006d72f126ede77491,accepted,conservative_auto_finalization,system_conservative_policy,,,1.0.0
standard_auto_decision_b93fbff67d0833fe8a5d,standard_numeric_32a3d20943ed815270a6,standard_review_source_13427e795d5d71c5a271,afc42666571d0ee90f8efff17f869e2286c3f7ebd8e9546e9a96cc0ef6e2108c,accepted,conservative_auto_finalization,system_conservative_policy,,,1.0.0
standard_auto_decision_57073e6953cfa064b805,standard_rule_d9089ef9e7b99e444899,standard_review_source_13427e795d5d71c5a271,c470f0e2e996e91b2b328f76c8721fbab282f6866e456a7e4de7dd2f0403ce5a,accepted,conservative_auto_finalization,system_conservative_policy,,,1.0.0
standard_auto_decision_3c537e528852d3f3edb6,standard_numeric_4554af4444bd0c90bd04,standard_review_source_13427e795d5d71c5a271,e62711f82f2303096099f99ecd513cdc66e8b1d69978d93b404d410cf25523ae,accepted,conservative_auto_finalization,system_conservative_policy,,,1.0.0
standard_auto_decision_1aa9435c93c53a8c45f3,standard_rule_a0d673a7ed95524179a6,standard_review_source_13427e795d5d71c5a271,1b205a4b6ff3ef351f9ab46ac6dd755a8dcf875e9e2215dff55e632b372ab1cc,accepted,conservative_auto_finalization,system_conservative_policy,,,1.0.0
standard_auto_decision_6435d066382b254d325a,standard_rule_77c98a9ba89f7cbaa5c7,standard_review_source_13427e795d5d71c5a271,0dabfc0c4b00eef7b273d5c73a4e28c0fcf61a4f5042394a7cd80cd2fdbfef76,pending_review,not_priority_review,system_conservative_policy,,,1.0.0
standard_auto_decision_29580e4a17800b92807b,standard_numeric_44c75711745eb2d27a47,standard_review_source_13427e795d5d71c5a271,6f60dd4ed27f99209cc815f52683b2b8c22fafea04c5a8035fe83e590fbcce70,accepted,conservative_auto_finalization,system_conservative_policy,,,1.0.0
standard_auto_decision_c2c1f0e04f1576a3681a,standard_rule_81793716b2515b1b39d6,standard_review_source_13427e795d5d71c5a271,9e605010b7deb7844ffd139dbbc2d99eba212b5e318fa02e0aa81a8b374d82bc,accepted,conservative_auto_finalization,system_conservative_policy,,,1.0.0
standard_auto_decision_9efff361f636ba98adb3,standard_numeric_35966b1411b96ffc797d,standard_review_source_13427e795d5d71c5a271,41214095ba126f26d66b30f6c892dfab120bdead0b9cea7737716d6c62504b29,accepted,conservative_auto_finalization,system_conservative_policy,,,1.0.0
standard_auto_decision_78b970c515a10eb7f106,standard_rule_0084cdc7cfb92dc4c341,standard_review_source_13427e795d5d71c5a271,908cfb19443cc6fab1f0fa8cabfcc21391c217f929cb208c14971827f9750bb2,accepted,conservative_auto_finalization,system_conservative_policy,,,1.0.0
standard_auto_decision_84df84e6e3de4e1772d4,standard_rule_3c4a478645c7e0c9182d,standard_review_source_13427e795d5d71c5a271,41ac0a78f3ea499cf58c012b04f8860cf41d34e40a2cc2a8034a6b27685868c2,accepted,conservative_auto_finalization,system_conservative_policy,,,1.0.0
standard_auto_decision_4f5446859aa993de2a79,standard_rule_24c8c8e5ca8f12c28309,standard_review_source_13427e795d5d71c5a271,741a1c18b4f80f0869d7bf3029eeeae245a3976171a0962accc49a1e33268351,pending_review,not_priority_review,system_conservative_policy,,,1.0.0
standard_auto_decision_16faf9146ca7285940c8,standard_rule_9fee797f577581388a4a,standard_review_source_13427e795d5d71c5a271,bc1e1c69db68558d1122a696cc71626c7cc5e98c2965fed70c5409e386f85370,accepted,conservative_auto_finalization,system_conservative_policy,,,1.0.0
standard_auto_decision_119a032c64f70602d2bb,standard_rule_2a977b2abb0fc327fd9e,standard_review_source_13427e795d5d71c5a271,d0b7de8eb7ba47e94fa1bf4f66878ee61a7c0c162410cb36571fdccb35c016cb,accepted,conservative_auto_finalization,system_conservative_policy,,,1.0.0
standard_auto_decision_6f43dd40cf6d9ba702e1,standard_rule_785bb375b4a144410e48,standard_review_source_13427e795d5d71c5a271,a7a85fa71a138a0e1661234a389224259f1674da874ad708ee98736d6dd06e80,accepted,conservative_auto_finalization,system_conservative_policy,,,1.0.0
standard_auto_decision_1d38f653b8dce25da54e,standard_rule_a4e77c4dcd00bfd85a4e,standard_review_source_13427e795d5d71c5a271,e83710508bc974d57ad7fce08b430f78ac187f886572498bec49b1afc10939d7,accepted,conservative_auto_finalization,system_conservative_policy,,,1.0.0
standard_auto_decision_dd15d9c418e4707190c3,standard_rule_d36ed6318f4d33943dfd,standard_review_source_13427e795d5d71c5a271,b12d22d3becd14fb0b389a3f4ad8ae81c9093eb75181f5a8ea70168c356f08a0,accepted,conservative_auto_finalization,system_conservative_policy,,,1.0.0
standard_auto_decision_a0e9b148f3f148a16cb8,standard_rule_716198da7918a198986b,standard_review_source_13427e795d5d71c5a271,5b829f0efe8749d71dcd1227d41617ae773c630a6760521707c35935a6cf0d38,accepted,conservative_auto_finalization,system_conservative_policy,,,1.0.0
standard_auto_decision_d63c66cebad72e0ffe95,standard_rule_cddda4fb9092d473ef4d,standard_review_source_13427e795d5d71c5a271,c033617b4d6ccf54f83c702a3659474afd38c7db96baf5375db2077f5719ddcc,accepted,conservative_auto_finalization,system_conservative_policy,,,1.0.0
standard_auto_decision_5f95e9768f07824b60de,standard_rule_ba091b81e805ec98458a,standard_review_source_13427e795d5d71c5a271,dd700bcc350335c62d77003b0ce37d9f6fa027a5f161c38051e1f7a3d5ce1837,pending_review,not_priority_review,system_conservative_policy,,,1.0.0
standard_auto_decision_788c98857b47ad6fa7b5,standard_rule_78e15621755e5364529b,standard_review_source_13427e795d5d71c5a271,e7f241dbf7c78ddda0606554b1068d0a530de97417964ccf44ff26e39a85866b,accepted,conservative_auto_finalization,system_conservative_policy,,,1.0.0
standard_auto_decision_7e75dad6c9186be70d0c,standard_rule_8fa17d8453401ae00b78,standard_review_source_13427e795d5d71c5a271,48160d3d8aba31165169f4c648b24efa09fdbc5651bf693b096dce5bd297ff59,accepted,conservative_auto_finalization,system_conservative_policy,,,1.0.0
standard_auto_decision_3feef3622cc62e70989c,standard_rule_f96a9063671a58020c7e,standard_review_source_13427e795d5d71c5a271,e1fd4e2f1261c2d33770f65caebfb8b30e3abe6155795fa78e9baf41a07a6959,accepted,conservative_auto_finalization,system_conservative_policy,,,1.0.0
standard_auto_decision_e046615be31b093ef476,standard_rule_974c4112c2d5bfde3da7,standard_review_source_13427e795d5d71c5a271,1838abd3e5db35e6a5f96b5aa34b06a603b606088db4d9298e8c73c43a0f1198,accepted,conservative_auto_finalization,system_conservative_policy,,,1.0.0
standard_auto_decision_596020600fbf6abc8ae7,standard_rule_a4815f9c5ccc096918ec,standard_review_source_13427e795d5d71c5a271,665c31640ce8cf3b6ebf5a0959289bcc1f237ad6871ebc10f65f6f4a3d76eef3,accepted,conservative_auto_finalization,system_conservative_policy,,,1.0.0
standard_auto_decision_fc05ce9a46944aa93290,standard_rule_c9fbb97dfee0030c4155,standard_review_source_13427e795d5d71c5a271,b96179f490f08f32d7b3aae0c4f25214d52ed281db3880f6defd229363a8cb41,accepted,conservative_auto_finalization,system_conservative_policy,,,1.0.0
standard_auto_decision_2d9ff5c364d615ce4f4f,standard_numeric_3f1d4e63ac513f967ded,standard_review_source_13427e795d5d71c5a271,91db7b9e5075e0c534e0323a159c6104d6bc3318bd99a35adbfd37dc257b3657,accepted,conservative_auto_finalization,system_conservative_policy,,,1.0.0
standard_auto_decision_43ef8ea96be8c10ea915,standard_rule_4d2d14d417dda26d3ed3,standard_review_source_13427e795d5d71c5a271,49ca275aa1db97b7b94cfdacda6ddf1d25dc166397e3ffc6f85e75cef0502129,accepted,conservative_auto_finalization,system_conservative_policy,,,1.0.0
standard_auto_decision_a2d42ad1969a6d4a6cad,standard_numeric_e7c0e0fa5b5856158dc8,standard_review_source_13427e795d5d71c5a271,331eb67168dc45b21417eecc0c634710ba3b577fd2b3cb71ca18dbf93ecc21cc,accepted,conservative_auto_finalization,system_conservative_policy,,,1.0.0
standard_auto_decision_4c83d69e2e947f3836a1,standard_rule_32dfefe5971bed7f4ac0,standard_review_source_13427e795d5d71c5a271,753febc70831ed32a9f600339835e54b4351c5f4014808c4273d4290e7368d8c,accepted,conservative_auto_finalization,system_conservative_policy,,,1.0.0
standard_auto_decision_56fb2d7aa3de18045ff3,standard_numeric_705fa7106e689e88a9b7,standard_review_source_13427e795d5d71c5a271,cbf8363caef69048006042ffcfa78c01482986c2cf6e0640a34b5665a6b2e372,accepted,conservative_auto_finalization,system_conservative_policy,,,1.0.0
standard_auto_decision_108d32e6d407b43abaf1,standard_rule_b767d2da93a6d1df66a2,standard_review_source_13427e795d5d71c5a271,e954413d67fb5db243bdd4575b9ce9d20b798c1dbe297bb19ccf12bfd75c9b69,pending_review,validation_reasons_present;not_priority_review,system_conservative_policy,,,1.0.0
standard_auto_decision_65fc7e5a669eebd5300c,standard_rule_df0b5d72286e187d0c4f,standard_review_source_13427e795d5d71c5a271,c5f8528c544171eb1907a3cc7d58e7d8eebb3a29f16acedb0984ab3b5a1261ec,pending_review,validation_reasons_present;not_priority_review,system_conservative_policy,,,1.0.0
standard_auto_decision_2cb817051f8904bd60bf,standard_rule_eb8bc1e4ae77f617c1e4,standard_review_source_13427e795d5d71c5a271,4c5e3356eece5eda57123cb7449244a47ec3307ce6011cd238f37e4257dfb091,pending_review,not_priority_review,system_conservative_policy,,,1.0.0
standard_auto_decision_69d8f5ffaf1623b41bd2,standard_rule_337605b942442deea35b,standard_review_source_13427e795d5d71c5a271,ce935f2c061037ac6de53308d627a66344fd2cacebc2d748451f3c2725e7487c,pending_review,validation_reasons_present;not_priority_review,system_conservative_policy,,,1.0.0
standard_auto_decision_45aeeb83e9dcb6dad7c7,standard_rule_9827169bab667870938b,standard_review_source_13427e795d5d71c5a271,a9e3b2ef78eb018218365adaf417f312eec22f9e43c33b5a24906ee2c9791052,pending_review,not_priority_review,system_conservative_policy,,,1.0.0
standard_auto_decision_57368c3c4390dfee559b,standard_rule_8e71de3c8d51778d3094,standard_review_source_13427e795d5d71c5a271,39b4b139fa9b801b747fe102cafa51c8aa234eac5630c2086aca63299aa2752e,accepted,conservative_auto_finalization,system_conservative_policy,,,1.0.0
standard_auto_decision_85831eb35ad077bc3e8c,standard_rule_ab542e013fd2d4b52fcf,standard_review_source_13427e795d5d71c5a271,78ebdbf0992601ccf8ee0e23e8f7d0b516929527e49c4bd6f38a6f310897b81e,pending_review,validation_reasons_present;not_priority_review,system_conservative_policy,,,1.0.0
standard_auto_decision_4405356459473815b3b3,standard_rule_9a4235a0fb955a40ef28,standard_review_source_13427e795d5d71c5a271,da81b32752d6f2d6cb345fa4585ca23677fa04f4bd9d205458d2aa82fe0ae628,accepted,conservative_auto_finalization,system_conservative_policy,,,1.0.0
standard_auto_decision_f98250ffaa04088087f1,standard_rule_b0d3939616f120cafe15,standard_review_source_13427e795d5d71c5a271,05d25c41ae2f48e1f10d65fcee1dc24af72f98e98649819efca386bad28f1958,accepted,conservative_auto_finalization,system_conservative_policy,,,1.0.0
standard_auto_decision_26cdc14ffd784fcb7bc9,standard_rule_21a09f99194c4cadb1c2,standard_review_source_13427e795d5d71c5a271,4bee3b01072ea81842858555dbcdb89b93521950436b652a4c2fe17d3ddfbba0,pending_review,validation_reasons_present;not_priority_review,system_conservative_policy,,,1.0.0
standard_auto_decision_e7ab4993e992e3cdf100,standard_rule_3d34e3eb931ad6024686,standard_review_source_13427e795d5d71c5a271,1a48995221005926f06b008185d1253585bf4b316b8d8c4628406824d471c32d,pending_review,validation_reasons_present;not_priority_review,system_conservative_policy,,,1.0.0
standard_auto_decision_e98c17bfa2a644639123,standard_rule_732b709e60c8f296e1bd,standard_review_source_13427e795d5d71c5a271,1ab4abafa110bc539956344d0492d5d5da33796b227c2cd9a0cb345689504e47,pending_review,not_priority_review,system_conservative_policy,,,1.0.0
standard_auto_decision_5c9965275c8cd5b95110,standard_rule_02dc3d0ca3ce766e988b,standard_review_source_13427e795d5d71c5a271,3f9bb86fa94970c22620a1d74eb465527cdf7ffe7e48dd251553eb557fa5eacc,accepted,conservative_auto_finalization,system_conservative_policy,,,1.0.0
standard_auto_decision_0368a5669cf8d2c5d858,standard_rule_fda100723de1ea084b7b,standard_review_source_13427e795d5d71c5a271,2947b7a44d8920f2bb417747e5ebc81679d5d94b3fb35f8e65c3020ff20fc592,accepted,conservative_auto_finalization,system_conservative_policy,,,1.0.0
standard_auto_decision_f3f3c8f3cd36cf52f36e,standard_rule_fbe81547058b7c3094f8,standard_review_source_13427e795d5d71c5a271,2b03c2a047f4ee5a1f9d4fcd4ed8825dcdd9610e0518dbfdd9c567b79d6e22ed,pending_review,validation_reasons_present;not_priority_review,system_conservative_policy,,,1.0.0
standard_auto_decision_78f7aef797a998b80db7,standard_rule_81a3bf6800923c4a0a43,standard_review_source_13427e795d5d71c5a271,27e10ab6ed626bb179d9babfe70db3877f7a9e5fa98513ac156c4b32079e7916,pending_review,not_priority_review,system_conservative_policy,,,1.0.0
standard_auto_decision_24ee4eddc559cfac79fd,standard_rule_4150d9e6d0d41ed6098f,standard_review_source_13427e795d5d71c5a271,4fdd47997974c265b65dcfb10c00bcbfa33b60d25b6db9665d8771da6a762a4e,accepted,conservative_auto_finalization,system_conservative_policy,,,1.0.0
standard_auto_decision_44e4a5a33e8455a71c29,standard_rule_7f117e15d1879582a4ea,standard_review_source_13427e795d5d71c5a271,09340958df0eed0fd018d1e39cdcbd2105d43a5d74543b074c3e55b171e5b088,pending_review,not_priority_review,system_conservative_policy,,,1.0.0
standard_auto_decision_cd51254dc31514fb250b,standard_rule_76f2b78b954c028ce548,standard_review_source_13427e795d5d71c5a271,3e2d8c4bc9e5d071e52839382c1142718defe05bd22cbc6082ca119e49a37e59,pending_review,not_priority_review,system_conservative_policy,,,1.0.0
standard_auto_decision_8503ec7bbe45ddc685bb,standard_rule_8861a9f1ba5c6498b03b,standard_review_source_13427e795d5d71c5a271,43dfb3b864ec62e9d292b2fe159e8b8b009d7aa9ee99f0c839fb5b5c8e204eda,accepted,conservative_auto_finalization,system_conservative_policy,,,1.0.0
standard_auto_decision_94eda9793cb11facc53c,standard_rule_7d4d21d0133bb281ee01,standard_review_source_13427e795d5d71c5a271,120d3e2e9963e6d5973ddecb1bda31a5e0f39a7ff1aec58c6af389f304cd0a58,pending_review,validation_reasons_present;not_priority_review,system_conservative_policy,,,1.0.0
standard_auto_decision_c68ae082eaaf7120b3be,standard_rule_d568197ea2ab273cba65,standard_review_source_13427e795d5d71c5a271,29253c548d840a12642d31ed9ce50cfb4a8288729dbe03ea316bf9c3486b2ac3,pending_review,validation_reasons_present;not_priority_review,system_conservative_policy,,,1.0.0
standard_auto_decision_60cac2f8602221de0a0b,standard_rule_710fcf7593960549f625,standard_review_source_13427e795d5d71c5a271,7d0ec98d262507d0f9082641b18aa0597806929fff6606d031160fd0c64b9aef,accepted,conservative_auto_finalization,system_conservative_policy,,,1.0.0
standard_auto_decision_5d3cb94aed1ac2e84d2e,standard_rule_a13b523c19fc0ad617d2,standard_review_source_13427e795d5d71c5a271,0e3bcfe2ee82cf0ef52b51262577f456c7127f37850e7a838ccb9e6f9eb021e6,accepted,conservative_auto_finalization,system_conservative_policy,,,1.0.0
standard_auto_decision_0a3908f0749b896ec92c,standard_numeric_3fa5f355e250bc90f387,standard_review_source_13427e795d5d71c5a271,582c7741ead9635321f3a3def0e666d7ba845b3c4a71d83e0a878b339c549fbe,accepted,conservative_auto_finalization,system_conservative_policy,,,1.0.0
standard_auto_decision_a2e607d89824c36f1370,standard_numeric_b30324faab51b597575b,standard_review_source_13427e795d5d71c5a271,616948084e5389b09378a480d3b147ac260cdd24e2e30255c3c18069d00b4f76,accepted,conservative_auto_finalization,system_conservative_policy,,,1.0.0
standard_auto_decision_1feb3f7ff3dc977009a5,standard_rule_1f59bfacb4e82917a734,standard_review_source_13427e795d5d71c5a271,10040dd7130e622325337bc840acd54a44c9ad5fdcb24fb6bf673bc71f901628,accepted,conservative_auto_finalization,system_conservative_policy,,,1.0.0
standard_auto_decision_c85790e0f2b7bf831e8a,standard_rule_1fe6b62ce60e7a73fca3,standard_review_source_13427e795d5d71c5a271,aee883e0e9087f666550c05be98e24853891d4c669e40b48d0ee2b8a17d67b94,pending_review,validation_reasons_present;not_priority_review,system_conservative_policy,,,1.0.0
standard_auto_decision_a6c785227d47d576471f,standard_rule_1851169bb7d11d4bfed8,standard_review_source_13427e795d5d71c5a271,6d1ae6da1a0f01df5b51f9b5311fc5374474e9eb1f81f555c69652df4474c663,pending_review,not_priority_review,system_conservative_policy,,,1.0.0
standard_auto_decision_243adf6ebe05f442c98d,standard_rule_4effc1534263e97a5323,standard_review_source_13427e795d5d71c5a271,90e8a7dfb2296066247ed182820a9e20c7c1f61a73e6a21df30531438d4992bb,accepted,conservative_auto_finalization,system_conservative_policy,,,1.0.0
standard_auto_decision_bbfb44cb0d415aeb27a5,standard_rule_d0c62372965006713d2e,standard_review_source_13427e795d5d71c5a271,36dfd53181fa6a5a1c8b14e6c127789606466060cb5146015618b3761d332b0f,accepted,conservative_auto_finalization,system_conservative_policy,,,1.0.0
standard_auto_decision_78521b7e1778c7d1c6ac,standard_rule_c5d7552ecb8ac3413074,standard_review_source_13427e795d5d71c5a271,3e6792959f5aa4836bdc723be5d7fc875867ea8d5d99a2b8150af94728bd9288,pending_review,validation_reasons_present;not_priority_review,system_conservative_policy,,,1.0.0
standard_auto_decision_c75942dd01c121686f65,standard_rule_1554d0a69d31f2baded2,standard_review_source_13427e795d5d71c5a271,1b389c2255a43af1cf40b76b2451adf22fc9515d5e9363892762499786797b92,pending_review,not_priority_review,system_conservative_policy,,,1.0.0
standard_auto_decision_1439e6b0458d0d65faa1,standard_numeric_d7cc54abd60394eca2bf,standard_review_source_13427e795d5d71c5a271,c54d2e4cc311f30957b4d228488db1019468e8350c0581a405572480cdff328c,accepted,conservative_auto_finalization,system_conservative_policy,,,1.0.0
standard_auto_decision_0eb6438faa58d1b44cb7,standard_rule_6a3a989cdfef934ba17d,standard_review_source_13427e795d5d71c5a271,e82c8720c623cd514112abd6f0bfc32ca78676b289e7a49f3bc6a1ee1e5188af,accepted,conservative_auto_finalization,system_conservative_policy,,,1.0.0
standard_auto_decision_20bb2efdc1318c8f068e,standard_rule_fa8e8d3b88b13f07d0e7,standard_review_source_13427e795d5d71c5a271,6bbaf2477c60755a1db3d9eaa7a038ef68d040869908bb5daeac874c5c9ac9e9,pending_review,not_priority_review,system_conservative_policy,,,1.0.0
standard_auto_decision_5b6b4c56a92af6340590,standard_rule_8500abd959b6928f0501,standard_review_source_13427e795d5d71c5a271,e7f2da0a4432a06d39c50d8fc5fc9dd78ab5b2b51a011c70eb8e566c71097886,accepted,conservative_auto_finalization,system_conservative_policy,,,1.0.0
standard_auto_decision_4618d5c0ea49d92855df,standard_rule_12b5c62281140b09a3b3,standard_review_source_13427e795d5d71c5a271,a4bdc8b1843de28df8fed828dacb2fee6830798910d86821c6518633b48090c6,pending_review,validation_reasons_present;not_priority_review,system_conservative_policy,,,1.0.0
standard_auto_decision_e8422a153580bb4e2e93,standard_rule_0f4bc04f458dbb184e91,standard_review_source_13427e795d5d71c5a271,b51658bd8394ab9a19ea541d4ec97ee71bf65efe115081eea4ba5ad15d467ddf,pending_review,not_priority_review,system_conservative_policy,,,1.0.0
standard_auto_decision_b71e22decc91ec764f83,standard_rule_7db706bbc5dd2cff8958,standard_review_source_13427e795d5d71c5a271,238f09bbca3362ad3645052f52f5f1c336bbb0d836852fc3312dbabdca423d8b,pending_review,not_priority_review,system_conservative_policy,,,1.0.0
standard_auto_decision_37345f708c888ca553e2,standard_numeric_7893bc41ef7c0c5be7f3,standard_review_source_13427e795d5d71c5a271,69fb45132edcdea26ed7b76231a9b3b4feac1e574d4a8a85319abc682c8f8eb2,accepted,conservative_auto_finalization,system_conservative_policy,,,1.0.0
standard_auto_decision_02847bf30a20165352fb,standard_rule_8daf21da92d08d4573b6,standard_review_source_13427e795d5d71c5a271,c86c9958e6dfbbadd105552d8a4e7c048a1a734da0da1ab4cb3866b6a3ef517f,pending_review,not_priority_review,system_conservative_policy,,,1.0.0
standard_auto_decision_0031dd1207dbecaf04bd,standard_rule_fdf878e992472fa1f34d,standard_review_source_13427e795d5d71c5a271,f18fb16aba1642a641f88c7ac453e20fa08b570578ac900557b9548e6a9176ae,pending_review,not_priority_review,system_conservative_policy,,,1.0.0
standard_auto_decision_7bbf899a0e659d96a88b,standard_rule_4c154e44bf49dbce4c10,standard_review_source_13427e795d5d71c5a271,c7d022e73a0ae5e7c62cdfebcc787ff2d578051bcc87e0b6727025b044e8894a,accepted,conservative_auto_finalization,system_conservative_policy,,,1.0.0
standard_auto_decision_2123a0ac2e611ed538ff,standard_rule_d574bdd20c23280b4a7d,standard_review_source_13427e795d5d71c5a271,04adf2ad0f5fd153a938c8e65461ff8acad0496d9f498a31c90adb70cceb650c,accepted,conservative_auto_finalization,system_conservative_policy,,,1.0.0
standard_auto_decision_eed138d99dc16fe83546,standard_rule_36ece9001028db650bb2,standard_review_source_13427e795d5d71c5a271,a44cb1c1e8ff76f9566d950df673bd364e166c785b42eec13ff840990a909c2a,accepted,conservative_auto_finalization,system_conservative_policy,,,1.0.0
standard_auto_decision_5c10d3d56172a3346102,standard_rule_e0bc2d975d7923bf5c34,standard_review_source_13427e795d5d71c5a271,bd1a2bc6ee947c71c0615f2b4643a47d1aa076788abc647287241f7158fea9e5,accepted,conservative_auto_finalization,system_conservative_policy,,,1.0.0
standard_auto_decision_5eb0ab0df472d7f68fde,standard_rule_12790360db3d2c16a23f,standard_review_source_13427e795d5d71c5a271,838d7828e99af45cb85a9719969a47326ad290dfb1b11bdd2eeb083f6c1e7010,accepted,conservative_auto_finalization,system_conservative_policy,,,1.0.0
standard_auto_decision_e234266cd7693022781c,standard_rule_e8d12c5f9d4085e54ce4,standard_review_source_13427e795d5d71c5a271,ca9e8425f78d8eee4cedf7f443ffdbb4848a6749716ce61ea7a754d614599fe6,accepted,conservative_auto_finalization,system_conservative_policy,,,1.0.0
standard_auto_decision_63bcd82146dd31b40f1d,standard_numeric_1f8da056083dbd2462be,standard_review_source_13427e795d5d71c5a271,653dcb84801e4dec11dc579e200abfa0d67155e7dcd8811db0725e806f0236bf,accepted,conservative_auto_finalization,system_conservative_policy,,,1.0.0
standard_auto_decision_8509cae363085619be48,standard_numeric_3b45ff171fd08cd55782,standard_review_source_13427e795d5d71c5a271,bff51edecbb7e5eae86d733c44e5878d3999aa60a1fdce0d5a1051cb4385d3c7,accepted,conservative_auto_finalization,system_conservative_policy,,,1.0.0
standard_auto_decision_e5ca1d5107eed0a57d7e,standard_rule_b0e0c80ecac02affbab1,standard_review_source_13427e795d5d71c5a271,4076a98981b0a8f12ebde06d1b2b2a934d61e54e0afcad2a7f6c6b9584826ae9,accepted,conservative_auto_finalization,system_conservative_policy,,,1.0.0
standard_auto_decision_5beec0e1a0fe0d508f85,standard_rule_ef330aae3a2600748e11,standard_review_source_13427e795d5d71c5a271,6888c81318be6b34641d3805c6529659f135076ab59c6acaea94d257c5e2711e,accepted,conservative_auto_finalization,system_conservative_policy,,,1.0.0
standard_auto_decision_390a10f48ea0b488da0f,standard_numeric_22a6c8dbae19f6e14f35,standard_review_source_13427e795d5d71c5a271,277b8b11241bb5a0bce70c4d49c131cc16b0289f3fb952bb982be92eb469c910,accepted,conservative_auto_finalization,system_conservative_policy,,,1.0.0
standard_auto_decision_23b2b5e320874fa4b21e,standard_rule_b637f2fd2e40dd5b739a,standard_review_source_13427e795d5d71c5a271,d91eb4c7e5d670b6b651cec8da7162cfc414c13d90a2820abcab65d98bcaebc4,accepted,conservative_auto_finalization,system_conservative_policy,,,1.0.0
standard_auto_decision_602451098a466f443b29,standard_rule_e94494f60f9b2cab080e,standard_review_source_13427e795d5d71c5a271,54dc5d540f7ee4153c2a92dd7bdcff86b7167f4bf081b6de3763a270fb0b7db9,accepted,conservative_auto_finalization,system_conservative_policy,,,1.0.0
standard_auto_decision_e5e71f01cdc797c7dea0,standard_rule_18c31425940cd54ba627,standard_review_source_13427e795d5d71c5a271,b610b586a32ba0db6df865d05c18f6ee7b0ed1a886745481646eef642c35ef0c,accepted,conservative_auto_finalization,system_conservative_policy,,,1.0.0
standard_auto_decision_95afd61389235eac1e3f,standard_rule_40f2181683a4f94744c1,standard_review_source_13427e795d5d71c5a271,39ed3a7952b94dcf817030dc29637015eea911c926eacc3c0f6469e25cca8c7d,accepted,conservative_auto_finalization,system_conservative_policy,,,1.0.0
standard_auto_decision_224764b074381cfe0803,standard_rule_fdab863d56dd3ed73c7b,standard_review_source_13427e795d5d71c5a271,afb29dbdd987d357447d9e3648afaf61d10665d4ddd6c840161b06742d40caeb,accepted,conservative_auto_finalization,system_conservative_policy,,,1.0.0
standard_auto_decision_e9025e58213ddacf2458,standard_numeric_364297ec569156577f36,standard_review_source_13427e795d5d71c5a271,98b29e5f815b511cab4d3fda56800a57171e4ff465555730d2c81509f2e4b37a,accepted,conservative_auto_finalization,system_conservative_policy,,,1.0.0
standard_auto_decision_115cf6fd53ad176df7d7,standard_numeric_bede3bd0ad1283af5fce,standard_review_source_13427e795d5d71c5a271,120cb8fc0ed2da3f7b24e558cd64e69bb0fe002daed2e3fb6f95d59a7e524124,accepted,conservative_auto_finalization,system_conservative_policy,,,1.0.0
standard_auto_decision_11e4d58d3c2b39975b73,standard_rule_185e8e68d625c4f32aee,standard_review_source_13427e795d5d71c5a271,4c78497c54b4463e00d5f6534e641745f1cb01cc81a69928ef97074defb7f5f3,pending_review,not_priority_review,system_conservative_policy,,,1.0.0
standard_auto_decision_ecf21c065aab67d08cf4,standard_rule_6ed55d3eca0ebe7dfa46,standard_review_source_13427e795d5d71c5a271,6c0eda1bd5eae5c731141d45c252d4546b48982a88acef165699fbea427881d6,pending_review,not_priority_review,system_conservative_policy,,,1.0.0
standard_auto_decision_a30ec426699c91e2c0e3,standard_rule_56e07f52ded6ea1e08b5,standard_review_source_13427e795d5d71c5a271,394816215f641fbe6372a97ba8aa3e19263de3761af3bbcb319b8f2faa05f034,accepted,conservative_auto_finalization,system_conservative_policy,,,1.0.0
standard_auto_decision_0cb33d0aea3acc0cdc01,standard_rule_6e3b8ec23b516870912f,standard_review_source_13427e795d5d71c5a271,83adee542a4914feeb8cc5d928cd612f76a5d05008c5de1a0f2abc98c5f3d3d5,accepted,conservative_auto_finalization,system_conservative_policy,,,1.0.0
standard_auto_decision_8ddca22fd3cdfb62b092,standard_rule_fdbbb0a2b031d2ee6ae1,standard_review_source_13427e795d5d71c5a271,4cf48235552fe5d8884a49d6f0ba8acc73094a952a135829df655693713cef25,accepted,conservative_auto_finalization,system_conservative_policy,,,1.0.0
standard_auto_decision_bc54e4518b3e43f96a67,standard_rule_40fa3bac5ad45d7e50a6,standard_review_source_13427e795d5d71c5a271,9968052b6540787ab6d37af52a96230b788f84bc9af2a7eaf35d49c7ddd52019,pending_review,not_priority_review,system_conservative_policy,,,1.0.0
standard_auto_decision_e60b27509b3825e1d150,standard_rule_e6506bb4bde4319f7563,standard_review_source_13427e795d5d71c5a271,2d9b1f4fec3d388ea8d6fb5691a8657749a58e52c0044d7ba88b26b41ed8536d,accepted,conservative_auto_finalization,system_conservative_policy,,,1.0.0
standard_auto_decision_592a88c75ad16ffdf44a,standard_numeric_b7154fa7e1402b417136,standard_review_source_13427e795d5d71c5a271,b7fcbcac9b05056a514525e373d5a488318cffa583cb9aaaf285e2512e660263,accepted,conservative_auto_finalization,system_conservative_policy,,,1.0.0
standard_auto_decision_cb86a62b9758d21bc613,standard_rule_90479934ffe58ec37075,standard_review_source_13427e795d5d71c5a271,1e6bea5621ab1481b14ac3cce4c33cf0cf6c576cfda4d3e41e62fbfb142c1e6e,accepted,conservative_auto_finalization,system_conservative_policy,,,1.0.0
standard_auto_decision_fae9478e0524d89d9b04,standard_rule_f53859d73baf66917e20,standard_review_source_13427e795d5d71c5a271,c25b96fc76b9f0cb0d2b940b925dca654c5a89afc94c38fbf473046a4171602f,accepted,conservative_auto_finalization,system_conservative_policy,,,1.0.0
standard_auto_decision_083feffbce59356a056e,standard_numeric_fffcaaaab68a393cf7f1,standard_review_source_13427e795d5d71c5a271,2933bb1f8a04295b0f23ab952316372efa0d783c6adcd20eafb9ebfc5102bd65,accepted,conservative_auto_finalization,system_conservative_policy,,,1.0.0
standard_auto_decision_2b3dc757d4426b237aaf,standard_numeric_67c88b890d0e6142fb24,standard_review_source_13427e795d5d71c5a271,8110185a8436281cb2b3139b42e4d9383d2bb7d69a27da355dbd88a851569ea2,accepted,conservative_auto_finalization,system_conservative_policy,,,1.0.0
standard_auto_decision_c203023e1760c225e467,standard_rule_a0361cce363f59d344c5,standard_review_source_13427e795d5d71c5a271,84c1aa452fcf57666c3ad444917067181c39a317218ff9d42bc6e81b4a21cc98,accepted,conservative_auto_finalization,system_conservative_policy,,,1.0.0
standard_auto_decision_8dcb26b4cadb72c888ad,standard_rule_788eca69810a53a0a71c,standard_review_source_13427e795d5d71c5a271,aafb4cb9d3d6a370c6ccab7781ffc785726be8953d12a39510d55760aa8478fb,accepted,conservative_auto_finalization,system_conservative_policy,,,1.0.0
standard_auto_decision_3429aaba67f33850bf0d,standard_rule_8d7253479e416d133539,standard_review_source_13427e795d5d71c5a271,3f750e0a5b031434f7a5fde0f69a43bf2134118968d13644955d3816a50c1726,accepted,conservative_auto_finalization,system_conservative_policy,,,1.0.0
standard_auto_decision_11174260d09426b48806,standard_numeric_efa85983eab59a002b5d,standard_review_source_13427e795d5d71c5a271,6716ef74961de55e1c13cd7c64a492f684198905f440ef88180cf320f0d5ac08,accepted,conservative_auto_finalization,system_conservative_policy,,,1.0.0
standard_auto_decision_ba7c26d24e84ea3bd2b3,standard_rule_46130bb496bc6697d3de,standard_review_source_13427e795d5d71c5a271,c782da395b771f3f8cd8958eaa647520297f5594415afd2b10604be88068b2f5,accepted,conservative_auto_finalization,system_conservative_policy,,,1.0.0
standard_auto_decision_a0afec937555e84c9a70,standard_rule_ccd9e5c5ec8b1a717c87,standard_review_source_13427e795d5d71c5a271,371ec08e51a3eb2d080938a0fbbf0b8263590be8ebafd2719fe832e4608edae4,accepted,conservative_auto_finalization,system_conservative_policy,,,1.0.0
standard_auto_decision_c17b0b16eac534295dd7,standard_rule_c8c4c7409918aa7b41a3,standard_review_source_13427e795d5d71c5a271,95c6522deba39353ace15f44e89c02864c9cefdd4c6434d2efa9745727aa04b1,accepted,conservative_auto_finalization,system_conservative_policy,,,1.0.0
standard_auto_decision_7130904923c0b6364467,standard_rule_bf9dd61d71aaf2291676,standard_review_source_13427e795d5d71c5a271,4d23d0809bb89e1949961a7c411c938f6bdc08aefe88c2f3080dcbd0df78592a,accepted,conservative_auto_finalization,system_conservative_policy,,,1.0.0
standard_auto_decision_026787e90e7440e8e3bb,standard_rule_6b5e361db66fa2ece2b7,standard_review_source_13427e795d5d71c5a271,467ecdb1337a2dddde4e3623e4bf221dcf8498ae8bc28376d1effb2643db7dfe,pending_review,not_priority_review,system_conservative_policy,,,1.0.0
standard_auto_decision_951f25239471805dfa89,standard_rule_a7e9a7541b3eab027357,standard_review_source_13427e795d5d71c5a271,b8cdf14b226c378a8909dc9671138265567ff70343dc30b6b12cbc351128b0a8,accepted,conservative_auto_finalization,system_conservative_policy,,,1.0.0
standard_auto_decision_18caa87d82a0bd0df481,standard_rule_e91439848c5dff275d50,standard_review_source_13427e795d5d71c5a271,bd7631998378788fbe1858afa3b5b486d71091d30310e554a65dc58b19465bfa,pending_review,non_main_text_scope;not_priority_review,system_conservative_policy,,,1.0.0
standard_auto_decision_80435d5ae37130d0cecc,standard_numeric_53070fe853af3daeb1ad,standard_review_source_13427e795d5d71c5a271,78acfad2bf32666bfd7ee9112ab641c5e6fb97a6114005de638e7d8f925985d5,pending_review,validation_reasons_present;non_main_text_scope;not_priority_review,system_conservative_policy,,,1.0.0
standard_auto_decision_c295205f38d7549c5000,standard_numeric_0b7df4ff5466959422e4,standard_review_source_13427e795d5d71c5a271,1e2730fa25d81ddb15fc2668ea3845b8631897539aeebba2f5af75ad29951d05,pending_review,validation_reasons_present;non_main_text_scope;not_priority_review,system_conservative_policy,,,1.0.0
standard_auto_decision_107220de81d6c3cfa20f,standard_rule_7419d186c72f1fb592e5,standard_review_source_13427e795d5d71c5a271,4b7d7033d43b106acfd472ca591761409aef6cbb96d1c1043a2985e604d65abe,accepted,conservative_auto_finalization,system_conservative_policy,,,1.0.0
standard_auto_decision_2c11cc4a6b42e507b962,standard_rule_991323003457d5426f3f,standard_review_source_13427e795d5d71c5a271,d73c6526be06dd77b6eaf91f3cd561dbe3e8aa8c11b0938a0be4b75613a71dfe,pending_review,not_priority_review,system_conservative_policy,,,1.0.0
standard_auto_decision_fa1c60e09a56eb7dc9c7,standard_rule_1b718681db29790ba21e,standard_review_source_13427e795d5d71c5a271,6aeff952cf97e41c6894dac9b7dc401e8609a83f4972f13fb6b662d213e1d428,accepted,conservative_auto_finalization,system_conservative_policy,,,1.0.0
standard_auto_decision_116941cef982af3a6c2a,standard_rule_dae90b83d21cf6707538,standard_review_source_13427e795d5d71c5a271,9cdb30bbe04d8dc4ab759f613747ab259eb1f62beb5ac2182a2b26cfe7265dd1,accepted,conservative_auto_finalization,system_conservative_policy,,,1.0.0
standard_auto_decision_e02d6c0dcba377b103fe,standard_rule_0195c028d77e00bd394a,standard_review_source_13427e795d5d71c5a271,30eab68c94ef23344a6c4e63a25bd8abd2729f98720e3fa5420d567cef5fd276,accepted,conservative_auto_finalization,system_conservative_policy,,,1.0.0
standard_auto_decision_7adc292d74f6a9af9bfd,standard_rule_12915a70e7ebe48f7ac9,standard_review_source_13427e795d5d71c5a271,b64b0a10f7618d346578f859f1e8c677533b3c178ed77bd3931e298a94f9a83b,accepted,conservative_auto_finalization,system_conservative_policy,,,1.0.0
standard_auto_decision_c2dc1ca973ca9df20033,standard_rule_ba5af5ec1a09a1388b3b,standard_review_source_13427e795d5d71c5a271,c69f9416d93f8de7fbeb4ca0d3d3bd72d6ccc96abc550b55ba5de06dc75c7e46,pending_review,non_main_text_scope;not_priority_review,system_conservative_policy,,,1.0.0
standard_auto_decision_d13996a53b084a6b8cd1,standard_rule_af828701d3fe18f2a0c0,standard_review_source_13427e795d5d71c5a271,4eca540c40ece025cb71d10cae12038a112b13539cb6e4e02e44cf1f5efde4ce,pending_review,non_main_text_scope;not_priority_review,system_conservative_policy,,,1.0.0
standard_auto_decision_ced4d6e74387d9b42363,standard_rule_71262e293455def6ac60,standard_review_source_13427e795d5d71c5a271,f210763dc8d16ae18f759818a03b6e086089037b7bc44d9acbd835c9c54d66e3,pending_review,validation_reasons_present;non_main_text_scope;not_priority_review,system_conservative_policy,,,1.0.0
standard_auto_decision_9df88be0e7d80d5043ff,standard_rule_3f5330aa1a2214ebc587,standard_review_source_13427e795d5d71c5a271,e7ec0772fb10e4beecd70ba0f5be3ca3cb98b5e26eac6907cd2c4514c23f31e7,pending_review,validation_reasons_present;not_priority_review,system_conservative_policy,,,1.0.0
standard_auto_decision_90381168696331599078,standard_rule_54e4aa27212f589b280d,standard_review_source_13427e795d5d71c5a271,c3febbd19af1d379f68e63800b370434b547836aaf440c9e304acf02929f42f4,accepted,conservative_auto_finalization,system_conservative_policy,,,1.0.0
standard_auto_decision_8e1341f4a3c1dc2628b7,standard_rule_9a38108b9bc1541339a3,standard_review_source_13427e795d5d71c5a271,e954c53781e9222df7544006ea31f2730fec91a53ba1a9fd03cb80cab32dbb1c,pending_review,validation_reasons_present;not_priority_review,system_conservative_policy,,,1.0.0
standard_auto_decision_36d53d96bfa9a6800623,standard_numeric_6902a8e743e8c3fbce27,standard_review_source_13427e795d5d71c5a271,c866d7cb3762b63ad3122dc418f4b94c621f568ac4491cea7fb7f554ab8ef939,accepted,conservative_auto_finalization,system_conservative_policy,,,1.0.0
standard_auto_decision_87cc1a40c03e5b0f0456,standard_rule_1c9401e757fb8fb88573,standard_review_source_13427e795d5d71c5a271,07a93819ab2cd8ee66efe72d781ed9679b4e624653d931decd94d587fb34fb37,accepted,conservative_auto_finalization,system_conservative_policy,,,1.0.0
standard_auto_decision_dada606969b1447a40f3,standard_numeric_cf41fd0691ae9363bce2,standard_review_source_13427e795d5d71c5a271,a46ad7c4b9393c733a871be6471e7c252325848f6382687685575a96160b0f65,accepted,conservative_auto_finalization,system_conservative_policy,,,1.0.0
standard_auto_decision_5682c5e78b39cb6062e1,standard_rule_b971f681084189754beb,standard_review_source_13427e795d5d71c5a271,108601bd9605ef94015e7b6f6ac6d4ff817da672ff5cf51177597bf17fda137d,accepted,conservative_auto_finalization,system_conservative_policy,,,1.0.0
standard_auto_decision_fd352058ae33131690ec,standard_rule_372f9ec1d611b6507b09,standard_review_source_13427e795d5d71c5a271,79963eef0021e1f2b32b6ede6268a3a8eb9d3ffa99a08efc88ea4ee38e06e472,accepted,conservative_auto_finalization,system_conservative_policy,,,1.0.0
standard_auto_decision_be6e49e8dfbf71fc9b92,standard_rule_daa81785adcb7fd68e9c,standard_review_source_13427e795d5d71c5a271,1d874723ac0795336e568e26dd649fb8730f91c8e324d5dfe7fa71fa9a72db90,accepted,conservative_auto_finalization,system_conservative_policy,,,1.0.0
standard_auto_decision_ac78297bab2e703eb61a,standard_rule_f8c8b910b350b9aa8c50,standard_review_source_13427e795d5d71c5a271,3956862c2fb56ee77abeeaf791e6ee37f7a67ce791a147eac5cb05710c334998,accepted,conservative_auto_finalization,system_conservative_policy,,,1.0.0
standard_auto_decision_813494345c61136d3ccd,standard_rule_531df7ad3882f0dc9274,standard_review_source_13427e795d5d71c5a271,f2c5d7e8346fa8a80190deefb123313b5887802b0356e38a30348c017473318e,accepted,conservative_auto_finalization,system_conservative_policy,,,1.0.0
standard_auto_decision_ad114fd48a54088ae27b,standard_rule_012910d7942a2546704e,standard_review_source_13427e795d5d71c5a271,5e7c02d3ffd984f6c2a0f3c8564fe57eea0fd6b6dee626c88192cce8a0015f8f,accepted,conservative_auto_finalization,system_conservative_policy,,,1.0.0
standard_auto_decision_2678803dcb66a2207a91,standard_rule_7a85b78239dfa56a0299,standard_review_source_13427e795d5d71c5a271,76b16d73ec0a4d017ac5a9c036fb7d206ce5e6db5b3afae13e6b05a92f64ad1a,accepted,conservative_auto_finalization,system_conservative_policy,,,1.0.0
standard_auto_decision_8a749187e7054fb48c10,standard_numeric_c802f6935c94bb27b680,standard_review_source_13427e795d5d71c5a271,000f353a1678fd092e4eeb5f7ddd02cd6a803ca15cb744bad508cdf6b4d391bf,accepted,conservative_auto_finalization,system_conservative_policy,,,1.0.0
standard_auto_decision_4b30a824aee18c4b53e0,standard_rule_f60bb9847147c22a47dc,standard_review_source_13427e795d5d71c5a271,6c18a41e664c0db0c33229d5a7686118498994b6606dfc7d680a6de9e2f324b5,accepted,conservative_auto_finalization,system_conservative_policy,,,1.0.0
standard_auto_decision_a65c05f6681588b584f0,standard_rule_48d359c38bc9a5ef4bef,standard_review_source_13427e795d5d71c5a271,b3d0f926cbde3c822f13d5c4d4160e1ce3e2662188a6fdfd604879e1af24ca00,accepted,conservative_auto_finalization,system_conservative_policy,,,1.0.0
standard_auto_decision_998c73757935b19fbec3,standard_rule_fe53a8904eef81c6e3ca,standard_review_source_13427e795d5d71c5a271,4b85530b57f12460b9f7e80ba967952b266db115cabb5abe2315b4c00c3553b0,accepted,conservative_auto_finalization,system_conservative_policy,,,1.0.0
standard_auto_decision_d19cdcf844c002a5de7e,standard_rule_b1eeab0038c36eaa9521,standard_review_source_13427e795d5d71c5a271,5b883f012fe79af58d606a1ad098aaa977e2cf6544e570d65cf9c640280d1c4e,pending_review,not_priority_review,system_conservative_policy,,,1.0.0
standard_auto_decision_b20351bbc8615e5dc5fe,standard_rule_3f00e46a304acb495905,standard_review_source_13427e795d5d71c5a271,2d5c7921badf9f34f0d401a4e953eb0a68ad1c476e09ae11a9363a9fe5829142,pending_review,not_priority_review,system_conservative_policy,,,1.0.0
standard_auto_decision_dea024e174f1910bc859,standard_rule_5fa7458a522eb5c8c223,standard_review_source_13427e795d5d71c5a271,9c6aa6acefc819860ff2bd37b7275ea9ad3aa459c9788016ed08f316f266fe96,accepted,conservative_auto_finalization,system_conservative_policy,,,1.0.0
standard_auto_decision_82bf6d34d62b63190845,standard_rule_631fa74483e0cd9ae9f7,standard_review_source_13427e795d5d71c5a271,ad3e0fb47466dbce6fbabcc992012fbeddad8a26ce8399fd9399a42c8f8f4e2d,accepted,conservative_auto_finalization,system_conservative_policy,,,1.0.0
standard_auto_decision_dd076f88c9910783b060,standard_rule_45770a59dc0032338145,standard_review_source_13427e795d5d71c5a271,4984fd863ee1951507fb4d366ed5bb6dfc68a7da051678a69c7c6034fcd4e284,accepted,conservative_auto_finalization,system_conservative_policy,,,1.0.0
standard_auto_decision_08e25a2e1b5de7c07b87,standard_rule_395785a80b8df6cfdb65,standard_review_source_13427e795d5d71c5a271,d23f869d91b0c7b42e25fd8ca30a1fcb14383f562798f4bd634bb1bcb588e0fc,accepted,conservative_auto_finalization,system_conservative_policy,,,1.0.0
standard_auto_decision_9cdfcab55f9ea39edc56,standard_rule_f549e7b345c45da85300,standard_review_source_13427e795d5d71c5a271,75b4640eb002cd0989eb742c00b9e174c08a691c8146673b7d0e7efa0490dc92,accepted,conservative_auto_finalization,system_conservative_policy,,,1.0.0
standard_auto_decision_4248d05a48cbe823684f,standard_rule_02007642d0bda48b839e,standard_review_source_13427e795d5d71c5a271,47bf75f741667339050b1bf46ad8277e96e4cc9775e1862e31b99fef9f4c3ad8,accepted,conservative_auto_finalization,system_conservative_policy,,,1.0.0
standard_auto_decision_d9c3fdc750db02e8bad8,standard_numeric_19bc4dd91b96195b85b7,standard_review_source_13427e795d5d71c5a271,6de2e32ea6c24f22bb0803d3614a19f5d0a32cf99ce86304cb4f8966249a7812,accepted,conservative_auto_finalization,system_conservative_policy,,,1.0.0
standard_auto_decision_1ff841c554e351cea90f,standard_rule_0d506fdf28c1fde92c1c,standard_review_source_13427e795d5d71c5a271,cdcadd4a56865f04f9b57e99263fe95fbc915a328573f89e3ba29ea0f09cef92,accepted,conservative_auto_finalization,system_conservative_policy,,,1.0.0
standard_auto_decision_397ea841c08a71230094,standard_rule_bfc0eb21387ed53a68c1,standard_review_source_13427e795d5d71c5a271,9669a0d9f4ec78b7781a64a5beddaeeed13f3c7012caa52f7eff89c1c1553e1f,pending_review,validation_reasons_present;not_priority_review,system_conservative_policy,,,1.0.0
standard_auto_decision_309b985cf0b139905fbd,standard_rule_4ce767fbebb7de3b18fb,standard_review_source_13427e795d5d71c5a271,3b4633d3b61af6d5bec3fdd50037415f6ca8c725dcd049ed93500e581cbb1234,pending_review,not_priority_review,system_conservative_policy,,,1.0.0
standard_auto_decision_48b370ac2a1b3314840e,standard_rule_6af4a94851e7c5067015,standard_review_source_13427e795d5d71c5a271,0ed55268eb36c90c2becd2899b682143bf37d32af43d392a009552aafd4f3e86,pending_review,not_priority_review,system_conservative_policy,,,1.0.0
standard_auto_decision_46bb4b316f283252bbb3,standard_rule_fefd1c87dc5e3094381f,standard_review_source_13427e795d5d71c5a271,48ae81e799585106cf5d7a9966e1113f91b4bff3e9f0374b2ed7112536bcd839,accepted,conservative_auto_finalization,system_conservative_policy,,,1.0.0
standard_auto_decision_218281361bd2524b2599,standard_rule_f6b6633c7165b8d38e58,standard_review_source_13427e795d5d71c5a271,1c672563a3134d279d47c74d25ff77545349432cf351d2b617b15d45ab9c6960,accepted,conservative_auto_finalization,system_conservative_policy,,,1.0.0
standard_auto_decision_9cd7a6c2ca7d91ebd3df,standard_numeric_edaddd8d27578306fedb,standard_review_source_13427e795d5d71c5a271,915e01475808a5794cacde32d601af254980d4099a76ea8066e0a4bd614fde54,accepted,conservative_auto_finalization,system_conservative_policy,,,1.0.0
standard_auto_decision_59afa599eaada8ff4fa8,standard_rule_6eb9522658d4a3b6cc14,standard_review_source_13427e795d5d71c5a271,51165370c35d07474f13ef5c058ba64a569543b7b00699aa8b7054858c1e6195,accepted,conservative_auto_finalization,system_conservative_policy,,,1.0.0
standard_auto_decision_48af095e8933869dfacf,standard_rule_588d45752d694cad85dd,standard_review_source_13427e795d5d71c5a271,f99215a755639692109cc256c7510b0786ead6c279f723039bc41a5fe59b826b,pending_review,validation_reasons_present;not_priority_review,system_conservative_policy,,,1.0.0
standard_auto_decision_4fd7c799765eda77e9bc,standard_rule_b22c7e938c3dc1ef2ee4,standard_review_source_13427e795d5d71c5a271,bfee35a015e12b0de114f39840d8a992345c61a00e53c378bec267ad8265f443,accepted,conservative_auto_finalization,system_conservative_policy,,,1.0.0
standard_auto_decision_82477de8435945d358f6,standard_numeric_940bff26b6df778084b3,standard_review_source_13427e795d5d71c5a271,310e18a19c1cbe93974adec358d07ca754969cbab30619bef68bba1ce0061748,accepted,conservative_auto_finalization,system_conservative_policy,,,1.0.0
standard_auto_decision_c489ada44b04427cb7e6,standard_rule_303b12959fdb6240e9d8,standard_review_source_13427e795d5d71c5a271,d8ab7fe00597e5e57f8c3bf3b7e1628336c0b8fc49d230d6059317a8f3270d1b,pending_review,not_priority_review,system_conservative_policy,,,1.0.0
standard_auto_decision_4923cc75b52acc29a485,standard_rule_73d6cee64c7eb451224e,standard_review_source_13427e795d5d71c5a271,35685e8be8bcae6155e4ce6dac3a252d6ad8af758247e3782b24617ec5b27a21,accepted,conservative_auto_finalization,system_conservative_policy,,,1.0.0
standard_auto_decision_f636c21f5edded4cd893,standard_rule_98a34af8ef77592188a6,standard_review_source_13427e795d5d71c5a271,b3fdd12b5f547ec6bf8a91198529017eac4071669c034fb947edcbe065991780,pending_review,non_main_text_scope;not_priority_review,system_conservative_policy,,,1.0.0
standard_auto_decision_0fee6fe958bdfbb20e99,standard_rule_378d53369325840d7c74,standard_review_source_13427e795d5d71c5a271,5e5c28de7b1ee170fee128d0d6a4b9fbd141d8ce6789dd12e9678f13ccc49a02,pending_review,non_main_text_scope;not_priority_review,system_conservative_policy,,,1.0.0
standard_auto_decision_058561b98cc052e60faa,standard_numeric_568492ac83473ff0784c,standard_review_source_13427e795d5d71c5a271,0a67c49729f01da6ae12e4430107a3c6ed9379f8784b7b0f9dbbd1584bc3b229,pending_review,non_main_text_scope;not_priority_review,system_conservative_policy,,,1.0.0
standard_auto_decision_b2fb74d940a4d52ff368,standard_numeric_72dda217ca3ac86be4ab,standard_review_source_13427e795d5d71c5a271,775e7834502251ff9c37952282aa612d4d7f983e7b1d94e41de850ab6f66bc36,pending_review,non_main_text_scope;not_priority_review,system_conservative_policy,,,1.0.0
standard_auto_decision_ac1b316821afcaacad91,standard_rule_00217593678ef2dcd96c,standard_review_source_13427e795d5d71c5a271,bda83700ec419f4c59ecb347661e9304a1351a8399e6486fa02b17edcbd54837,pending_review,non_main_text_scope;not_priority_review,system_conservative_policy,,,1.0.0
standard_auto_decision_867962f5f9a2c594f3d6,standard_rule_3338e896247862e0a12a,standard_review_source_13427e795d5d71c5a271,ad4158c417db0e3ba86b19f76053758a6275fa9a4073f80e8fdbd04206592deb,pending_review,non_main_text_scope;not_priority_review,system_conservative_policy,,,1.0.0
standard_auto_decision_702bf4f3a1d9dea353a1,standard_rule_be8182c21b24e2472ab1,standard_review_source_13427e795d5d71c5a271,f3c3aa97ae8b19b24633773a1fb7193e463227c23b803348d052aa0eafc1e450,pending_review,non_main_text_scope;not_priority_review,system_conservative_policy,,,1.0.0
standard_auto_decision_d1edc9efe6fa359b1d73,standard_rule_ea1be93fc350cf9d9ebe,standard_review_source_13427e795d5d71c5a271,e1781e285aa33e27ccd4a492fbfdb6718ffe393d61c35ec89ed18fc232e1982e,pending_review,validation_reasons_present;non_main_text_scope;not_priority_review,system_conservative_policy,,,1.0.0
standard_auto_decision_b2f0c87adccca8825013,standard_rule_934bc8274f3c4f8c7a0e,standard_review_source_13427e795d5d71c5a271,f88c5f1bf793ea65e4012d91efd59141e76d1226c21f75a28ee6b87029f8dd5e,pending_review,non_main_text_scope;not_priority_review,system_conservative_policy,,,1.0.0
standard_auto_decision_dee4decb8f309c36593a,standard_numeric_ec6331ccfd6ce85daa03,standard_review_source_13427e795d5d71c5a271,841e2af6cbb7eb8ca76b2c716d4f4bfec37ae11e5cf1bcd3dde3ddd0320ac2bd,pending_review,non_main_text_scope;not_priority_review,system_conservative_policy,,,1.0.0
standard_auto_decision_5ba71e398dce9b852cea,standard_rule_1483a474510d67000850,standard_review_source_13427e795d5d71c5a271,9399c7112f15a01f222d7d1e1cda4931cd0d1ed27fc3a713d6cce9c8da8cf7b6,pending_review,non_main_text_scope;not_priority_review,system_conservative_policy,,,1.0.0
standard_auto_decision_d8da354caa97b31d6cd0,standard_rule_58ef48024d8e0d437ea7,standard_review_source_13427e795d5d71c5a271,48429806b52ea375491c588f2201de4ef1f1678f33d1615422c9feaf73d36b62,pending_review,validation_reasons_present;non_main_text_scope;not_priority_review,system_conservative_policy,,,1.0.0
standard_auto_decision_48a491b3a696d804ae47,standard_rule_fd2d85bf457c05d4cb4a,standard_review_source_13427e795d5d71c5a271,cd3a26b656472f735c1e1bbab022a41e2ce475297e894e1ac609aacbddcaec05,pending_review,validation_reasons_present;non_main_text_scope;not_priority_review,system_conservative_policy,,,1.0.0
standard_auto_decision_380a702ecc7edbef9b23,standard_rule_656a2017484e8788a496,standard_review_source_13427e795d5d71c5a271,b320cc183bdbbf1cecfdb1cf8152132549f910278c99f432916a640c20058ea3,pending_review,non_main_text_scope;not_priority_review,system_conservative_policy,,,1.0.0
standard_auto_decision_40afe211a294f765c5bd,standard_rule_fea64a7ab9f5547eb0c9,standard_review_source_13427e795d5d71c5a271,579f0799f64c467ca31aed64f4a60b583894a2a1c968800a3d4587f007936177,pending_review,non_main_text_scope;not_priority_review,system_conservative_policy,,,1.0.0
standard_auto_decision_8a12d825768bcb1134de,standard_rule_2e86a34a940a019e495f,standard_review_source_13427e795d5d71c5a271,d8014e4c9a8ccb7180d9819a5cfdb192eb9fd2357cd22e8b182440c7f3b74268,pending_review,validation_reasons_present;non_main_text_scope;not_priority_review,system_conservative_policy,,,1.0.0
standard_auto_decision_a757ad8162557c40d273,standard_rule_cbc5c9a5b0e4f0d26d3b,standard_review_source_13427e795d5d71c5a271,fa781716c0aa29ad5f2637d471a702bbdc56d7be67b5e64bea476f2b76af504c,accepted,conservative_auto_finalization,system_conservative_policy,,,1.0.0
standard_auto_decision_92175e316303e95598b8,standard_rule_86cc7689733f5ce1c20a,standard_review_source_13427e795d5d71c5a271,134b5ae09ff2bae7df997caf3a274f030f5f68a479deb9a1f908a3bff986191b,pending_review,validation_reasons_present;not_priority_review,system_conservative_policy,,,1.0.0
standard_auto_decision_5386231e55dd16f5c628,standard_rule_c74f8c4f3eda13da8fce,standard_review_source_13427e795d5d71c5a271,6e25d3e8468b213055678c712dd23a569252eae4ac4176d0d07b8a1ebc01e2ec,pending_review,not_priority_review,system_conservative_policy,,,1.0.0
standard_auto_decision_099827c0a7a85abe885f,standard_rule_e9c16e6df0fb139acd74,standard_review_source_13427e795d5d71c5a271,3adb5d9aae382e6ca1b63f9f6c05a93f35869bfd91f4b66a5285a4f53b982abb,pending_review,not_priority_review,system_conservative_policy,,,1.0.0
standard_auto_decision_2086f9988d0c2777e539,standard_numeric_4a9e90f9ddedee34cd2f,standard_review_source_13427e795d5d71c5a271,abcdadb19b3e2a82018145a7bdeb8dadb1f38af20191483ad560ba3ad75a4c95,accepted,conservative_auto_finalization,system_conservative_policy,,,1.0.0
standard_auto_decision_cbd92d5992192b8dee05,standard_numeric_b0ceabdf81883536d243,standard_review_source_13427e795d5d71c5a271,2b88068d75609f59e600f9d9dd91df1735b3776c43f17c37114c372096d8bebb,accepted,conservative_auto_finalization,system_conservative_policy,,,1.0.0
standard_auto_decision_b1e4c73e564f684e8241,standard_rule_ded00c2a1a8de7d3e56b,standard_review_source_13427e795d5d71c5a271,003bc251290ca739d0a97214e57ae6e4a10837ffc993a53b41c4fb54fea1aea3,pending_review,not_priority_review,system_conservative_policy,,,1.0.0
standard_auto_decision_8cf7e1cceaab01a09b37,standard_rule_6cc64a8e5e5d5ac1eaf6,standard_review_source_13427e795d5d71c5a271,449be3e31348dc45010629e97f579885a82ff37351979f8e485625aa36d2a084,accepted,conservative_auto_finalization,system_conservative_policy,,,1.0.0
standard_auto_decision_5e08858ca819fd00875c,standard_numeric_692f7bc1a9e06afd6d4c,standard_review_source_13427e795d5d71c5a271,d9c95eba2eaa6a9b4e35298788f79b8f437d85801121466ce6c03de3ced6ca80,accepted,conservative_auto_finalization,system_conservative_policy,,,1.0.0
standard_auto_decision_f3bb6b466e5a0f05b72a,standard_rule_f29a680a3e2aec86f136,standard_review_source_13427e795d5d71c5a271,95a8e2f8de2e8259b7601cce12e34a3d2f160e471c248b3f78b68ccfb5509986,accepted,conservative_auto_finalization,system_conservative_policy,,,1.0.0
standard_auto_decision_50ca69c424cb3326a981,standard_rule_de6810fe40cdba267db8,standard_review_source_13427e795d5d71c5a271,ae3fc17ae5298237f5c943e8d63618a170bce3cae71d6c8d93ad7612a81c5933,pending_review,not_priority_review,system_conservative_policy,,,1.0.0
standard_auto_decision_4d43e23ff7149d92ae05,standard_numeric_9093fd8071f031823037,standard_review_source_13427e795d5d71c5a271,fc4a05edc2cc502a3693e2f1716dec10e56e6ad62d9a87429ec5e9c2b812c8ad,accepted,conservative_auto_finalization,system_conservative_policy,,,1.0.0
standard_auto_decision_42adf2c335efa10f7bb2,standard_numeric_7b450aea2a589206b624,standard_review_source_13427e795d5d71c5a271,05dd438953be89a8ea90a3860c5d95893235cd30d2240932b9a75a329789bf0b,accepted,conservative_auto_finalization,system_conservative_policy,,,1.0.0
standard_auto_decision_81857f1e4d76f2bae921,standard_rule_dea73c696857b2535694,standard_review_source_13427e795d5d71c5a271,b78e5f344f55ddafb1fe61a1f7ccdce00eb1662e5fd143df254041ca5065ea90,accepted,conservative_auto_finalization,system_conservative_policy,,,1.0.0
standard_auto_decision_c289160ca5b483a97004,standard_rule_ea080ff7eb5ce4094d1f,standard_review_source_13427e795d5d71c5a271,1c2d7983ce0567f671928df9ea5e572d60242656e3f31b5f18ad17c22b7d0778,accepted,conservative_auto_finalization,system_conservative_policy,,,1.0.0
standard_auto_decision_ca853f76347569fede39,standard_rule_e37c27d444b8d85b5f54,standard_review_source_13427e795d5d71c5a271,e014faa18de6e8db8f9ce1812b26140cc5a09fc626dda41e5d33aff05cfefdaf,pending_review,not_priority_review,system_conservative_policy,,,1.0.0
standard_auto_decision_98cc5380534a573234e1,standard_rule_a2fc827ff9ea0ab88fb5,standard_review_source_13427e795d5d71c5a271,120e44d6bdf90265ddd6c2b8d2c879f7f0b18e8209b576d925485248c3878a83,accepted,conservative_auto_finalization,system_conservative_policy,,,1.0.0
standard_auto_decision_808eff35303dfe5e85aa,standard_rule_1727b10ec1c2db501906,standard_review_source_13427e795d5d71c5a271,1e4c8801e2c4550ace8b827a4d5d353b5f39d54c3f6e21e01276fdab5cf6e8a3,accepted,conservative_auto_finalization,system_conservative_policy,,,1.0.0
standard_auto_decision_49a48f75564a297c6988,standard_rule_b6bc70aff5564efeafb4,standard_review_source_13427e795d5d71c5a271,671f77541c09775d185e88103dffe978bcf28c1c4052e7944d6f6167532ea1c6,accepted,conservative_auto_finalization,system_conservative_policy,,,1.0.0
standard_auto_decision_ee96aea42406265c759f,standard_rule_f3649ff42f8329f75332,standard_review_source_13427e795d5d71c5a271,1823e9663fcc729b0aed017d7d3859fe72eeb8be843a3aa95c2bf648e58afc68,accepted,conservative_auto_finalization,system_conservative_policy,,,1.0.0
standard_auto_decision_70458f0e2225d4af3c4d,standard_rule_e3f171e114921c8a5a9e,standard_review_source_13427e795d5d71c5a271,58f9e9a1224c85c6eb4b1676366c4238fb00013c51d31f34d328ffd070b71a08,accepted,conservative_auto_finalization,system_conservative_policy,,,1.0.0
standard_auto_decision_8975cdf50a1260f50ff3,standard_rule_9b04ffe110b9e0d8cf71,standard_review_source_13427e795d5d71c5a271,a0f4691865e959e7687d583bbda0dc1b6a18bb51bf66dd3a120d130aad7dfe38,accepted,conservative_auto_finalization,system_conservative_policy,,,1.0.0
standard_auto_decision_77b13c767e533c53fb3c,standard_rule_27d8a811109188f7ff74,standard_review_source_13427e795d5d71c5a271,720bb2e67a2561db5f917cb975a2a094bc6016d27861e50e69a9a6cce583e63c,pending_review,validation_reasons_present;not_priority_review,system_conservative_policy,,,1.0.0
standard_auto_decision_0c0052c0a8bed461549a,standard_rule_56b275dc487edc062af3,standard_review_source_13427e795d5d71c5a271,31f5c2095a525ab4490e0f89b071f93c032393596e75fd15821f16686650acb9,accepted,conservative_auto_finalization,system_conservative_policy,,,1.0.0
standard_auto_decision_35389793a3817aea0003,standard_rule_4f986334a6a69c4e41ca,standard_review_source_13427e795d5d71c5a271,efa76080fd07a3601c098a734694f89863dc38d35723520ca3c8c08258f2d5a3,pending_review,validation_reasons_present;not_priority_review,system_conservative_policy,,,1.0.0
standard_auto_decision_a776b57621275a8e7fcf,standard_rule_b1c3dfdd30a11ab69be2,standard_review_source_13427e795d5d71c5a271,8b6cc21d79230a01bc792ffe30ec11704cc18693ca9de8d474be1d92a1ca7fc9,accepted,conservative_auto_finalization,system_conservative_policy,,,1.0.0
standard_auto_decision_ccbc657bad6474ce042a,standard_rule_c8501310efb33a0cee85,standard_review_source_13427e795d5d71c5a271,21fbb8255906e03758b792e09d967588f2eb10e147678efc0e25fb0eb1c558da,accepted,conservative_auto_finalization,system_conservative_policy,,,1.0.0
standard_auto_decision_6458ffced5a91244bfb5,standard_rule_b50b05fafbed85b0286e,standard_review_source_13427e795d5d71c5a271,104052a016fea057f31fab194ab7bbbdd7db3fbf452702a9ef8507fd19a2920b,accepted,conservative_auto_finalization,system_conservative_policy,,,1.0.0
standard_auto_decision_e8b20f373b8ad3779c96,standard_rule_303eba21524e46c0968e,standard_review_source_13427e795d5d71c5a271,4746bb2798d5f1b172f4ecceeaecbff7e78737d75b76b0c1ba05d6d30bcd95a7,accepted,conservative_auto_finalization,system_conservative_policy,,,1.0.0
standard_auto_decision_ed29344996109d42108b,standard_rule_63494bd6e9a27ace5b74,standard_review_source_13427e795d5d71c5a271,a05e14ed1ae09932885b3013cb8fecb40a13af96cc2472f7c3426b8efcb764df,accepted,conservative_auto_finalization,system_conservative_policy,,,1.0.0
standard_auto_decision_3885c347e0da98f9c2fb,standard_rule_2e011f25c3b946d0abcc,standard_review_source_13427e795d5d71c5a271,d2e049bceaa0397f4e7ddc2e49b2147ab8a9e55e0a2448027d39c1dbbcf80f40,pending_review,validation_reasons_present;not_priority_review,system_conservative_policy,,,1.0.0
standard_auto_decision_d47a0b5599aec51a02ff,standard_rule_10e6cd9230be1024caa5,standard_review_source_13427e795d5d71c5a271,66d97798145c79a200786c6ae1e36fef3cf1f581951710fbeaa3db17945433d9,accepted,conservative_auto_finalization,system_conservative_policy,,,1.0.0
standard_auto_decision_5f57e6e6b0f073435841,standard_numeric_0895e0816e78ce038d4d,standard_review_source_13427e795d5d71c5a271,c0cc6854feba9ecaf99b4d52d2a6d005c57ac609e8901c3774aef01b92388cb4,accepted,conservative_auto_finalization,system_conservative_policy,,,1.0.0
standard_auto_decision_c622ba9c7fa8e8e1701f,standard_rule_88a7405653ad170f0009,standard_review_source_13427e795d5d71c5a271,a8485f96e90a7ac262dbf561aaf9920ee2976f3971c0c191ce2c69b8846645b9,accepted,conservative_auto_finalization,system_conservative_policy,,,1.0.0
standard_auto_decision_67db0986c342643e77f1,standard_numeric_5e39a0f3b6d09e676cf4,standard_review_source_13427e795d5d71c5a271,d6d10cd0f55995fbce5ed1334598ae75149bdb445684cd4971c4292602c96588,pending_review,validation_reasons_present;not_priority_review,system_conservative_policy,,,1.0.0
standard_auto_decision_852d246fba59cc0f2fde,standard_numeric_3336d7436770249c3044,standard_review_source_13427e795d5d71c5a271,2147ad7a20c0f6c8701fee3ef87e8cafe3a7814b546c515c312d6dc9195f40e8,accepted,conservative_auto_finalization,system_conservative_policy,,,1.0.0
standard_auto_decision_1f87a79a650658bd5c8b,standard_rule_aca6874564bf68ce5ab0,standard_review_source_13427e795d5d71c5a271,ed655fa1545651ebac4dc52954938815f4798fc6425c06c0487fba74442d499f,accepted,conservative_auto_finalization,system_conservative_policy,,,1.0.0
standard_auto_decision_3f6ec46654953363b55f,standard_rule_f43ec03126d68f179d66,standard_review_source_13427e795d5d71c5a271,156bb8507de58d2a3c7b12eab1327a24b8f60e9614aede597eb6a1f96c4c5729,accepted,conservative_auto_finalization,system_conservative_policy,,,1.0.0
standard_auto_decision_3131293a8166dd79b6b2,standard_rule_bf3281171034c5039d0d,standard_review_source_13427e795d5d71c5a271,44f1382cf9c45f2f2629cccebe9981a8ad06fd3ef7bf985e9530f15c49603e5f,accepted,conservative_auto_finalization,system_conservative_policy,,,1.0.0
standard_auto_decision_827d1e8ed22fc423135a,standard_rule_12e5fbf0f056b973c3a5,standard_review_source_13427e795d5d71c5a271,8ecc1eeaff2d137b3345cdd25f3d7ca6eee1d410edef938a578af12c332df8ec,accepted,conservative_auto_finalization,system_conservative_policy,,,1.0.0
standard_auto_decision_7197f450c4dbfc830ee6,standard_rule_22e2bd32b1d1cfc37478,standard_review_source_13427e795d5d71c5a271,830e19d2bea0fc62eebbc170bcd0c847fbdb22fb8d8cdf33c48edd0ffba2c71a,pending_review,not_priority_review,system_conservative_policy,,,1.0.0
standard_auto_decision_5e920c3bfa8897fe9cf3,standard_rule_d9a6288bfba448b15606,standard_review_source_13427e795d5d71c5a271,8a5522db15acd88a2b723469209f7807d758cae356fee60f129780a9d5a0aa60,accepted,conservative_auto_finalization,system_conservative_policy,,,1.0.0
standard_auto_decision_eea3c02b22024668264b,standard_numeric_f3077e3c8736eeb4d8ce,standard_review_source_13427e795d5d71c5a271,47dc056fa67e6058396e38d2a5230e16ea91d1cb2a2b591116f57cace07b170c,accepted,conservative_auto_finalization,system_conservative_policy,,,1.0.0
standard_auto_decision_9a2114fa7de2d5da6b7d,standard_numeric_d80a5913eaadf48702d9,standard_review_source_13427e795d5d71c5a271,a43f3b553cc413f0cc754df3682150dd017d3462f8b2b7432b09cc5417b36d8f,accepted,conservative_auto_finalization,system_conservative_policy,,,1.0.0
standard_auto_decision_2fc2115b410189e951d5,standard_rule_22d83705098f6df49422,standard_review_source_13427e795d5d71c5a271,e151e2d25c274ffcb7244d0c95f0bc43cd42611c5fb52c860a6f9ebe8357c206,accepted,conservative_auto_finalization,system_conservative_policy,,,1.0.0
standard_auto_decision_e346d311fff754f5aa19,standard_rule_4ebbe5eb7cfaf970a11f,standard_review_source_13427e795d5d71c5a271,446f197fa735f933aa2e3c0a8ec1c3eeefcde7dfd376d1d312c6f677f48062cf,accepted,conservative_auto_finalization,system_conservative_policy,,,1.0.0
standard_auto_decision_0776aae3a6a9e1cb7e57,standard_rule_b527f9790fd1315d9e24,standard_review_source_13427e795d5d71c5a271,d5ec369d65207ee6cdcb875f3af5ee2f085277f8d93c1c0688d91051db1470d6,pending_review,validation_reasons_present;not_priority_review,system_conservative_policy,,,1.0.0
standard_auto_decision_59a664228bc5105c554a,standard_rule_8d746e2f137a4e4cdeb2,standard_review_source_13427e795d5d71c5a271,e8cd1af51955b6598aab6a1562028b16e5e414b5b81bd51cbfa2ea0f606a956c,accepted,conservative_auto_finalization,system_conservative_policy,,,1.0.0
standard_auto_decision_18e28bd0ad188f16bec0,standard_rule_501acb8e514647330b68,standard_review_source_13427e795d5d71c5a271,2930c97600efae8dc7a4574ff4f52fb8dd3641b43835fd0d98ccf894231eeec9,accepted,conservative_auto_finalization,system_conservative_policy,,,1.0.0
standard_auto_decision_b0c65004b0c91ef3b282,standard_rule_9f11c952cc4312001dc5,standard_review_source_13427e795d5d71c5a271,1896cbd305a1f390f6272637540df5ad6c294eff411c25c875901785d7f241b3,accepted,conservative_auto_finalization,system_conservative_policy,,,1.0.0
standard_auto_decision_e1e05cbad8fdf41fd12d,standard_rule_1e791539bad2544833ad,standard_review_source_13427e795d5d71c5a271,ef2972d1916a94ae6cabb51934baf51acf6a5f03269d1bb1a17ac6445270162a,accepted,conservative_auto_finalization,system_conservative_policy,,,1.0.0
standard_auto_decision_d6a39b996ba7f63663f9,standard_rule_2502b659909339e5aaba,standard_review_source_13427e795d5d71c5a271,461eedc9d75cc2d2468a279ae31b6830d5f8246fd9fb609d4dccf0e138532073,pending_review,not_priority_review,system_conservative_policy,,,1.0.0
standard_auto_decision_92e09062f97ead72e8b1,standard_rule_ea2125ef49ad0b75f9e2,standard_review_source_13427e795d5d71c5a271,f3245bc07785a65edf1ca4c695e1232463f47cc87e3e29586b45faaae0379568,accepted,conservative_auto_finalization,system_conservative_policy,,,1.0.0
standard_auto_decision_9c82a81de709c80e4f35,standard_rule_a0191182f96e95b0c55e,standard_review_source_13427e795d5d71c5a271,099b314a3ef81b1198752eb52b76750f946d3f4a5bba5f625994905b6e1423aa,accepted,conservative_auto_finalization,system_conservative_policy,,,1.0.0
standard_auto_decision_5666cd2faa6a5581907d,standard_rule_f9c2e007877b3a959047,standard_review_source_13427e795d5d71c5a271,6731396d471e13f726d168c8b97e6adaed38da1c111a654dd7b1ef315f40aafd,accepted,conservative_auto_finalization,system_conservative_policy,,,1.0.0
standard_auto_decision_3490d14a0f322fcd52c2,standard_numeric_5c16e20b886e738936b1,standard_review_source_13427e795d5d71c5a271,3a72a4050ed8cc8d95ba39e7b20eabbd770e4173c73075a448bc6f7afb351cfd,accepted,conservative_auto_finalization,system_conservative_policy,,,1.0.0
standard_auto_decision_a7c2577f6e39dd29d912,standard_numeric_46086e6b517f2d265b17,standard_review_source_13427e795d5d71c5a271,ee88dbc4240955ff267f478aa07624170383bb0d8d170577da5c3fada8a3313c,accepted,conservative_auto_finalization,system_conservative_policy,,,1.0.0
standard_auto_decision_ec9834719148eae49a98,standard_rule_5f3a67f08a7b8d4d05d2,standard_review_source_13427e795d5d71c5a271,6e9d1704b78debd486c627726ff14dc7d164defed3a25ebba1b279ef7ae4e173,accepted,conservative_auto_finalization,system_conservative_policy,,,1.0.0
standard_auto_decision_aeec436d220464496f29,standard_rule_77c3775b1cb494be099b,standard_review_source_13427e795d5d71c5a271,de475d879d56a6614756018aeea96c0fe5fbd676151dcc56342fa4e62a7b7d59,accepted,conservative_auto_finalization,system_conservative_policy,,,1.0.0
standard_auto_decision_46becbb86f340e298fc6,standard_rule_727fb24b779c9ad045a6,standard_review_source_13427e795d5d71c5a271,91478667e9a7afcc42e662b142924f28428bbd31df77843c6b1c5f36db490982,pending_review,not_priority_review,system_conservative_policy,,,1.0.0
standard_auto_decision_8ef3b8763e64239a8744,standard_rule_d6b13b3baffd30f5b79b,standard_review_source_13427e795d5d71c5a271,0c100f238b25bf6f368e85218788f661dc83f73013fc1aa9a57b1e9ff9e9dd9d,pending_review,validation_reasons_present;not_priority_review,system_conservative_policy,,,1.0.0
standard_auto_decision_3818c91ca72d7406c047,standard_rule_ef850ec22dff670acc0d,standard_review_source_13427e795d5d71c5a271,46d483e25a3d4a9e1b808e75acddf7efa6b45357ada5ee211e277222105602b9,accepted,conservative_auto_finalization,system_conservative_policy,,,1.0.0
standard_auto_decision_03c3dc735809bc8e129e,standard_rule_d81f24d11d52799516fa,standard_review_source_13427e795d5d71c5a271,9d65e421f995e63cdd67f0de87ca332704439e02e953ab8eb2bf047a2dc2430e,accepted,conservative_auto_finalization,system_conservative_policy,,,1.0.0
standard_auto_decision_fde94787eb9a5ce74179,standard_rule_8c226c69ac4c10649533,standard_review_source_13427e795d5d71c5a271,10d521c199160e49fe8ba8dc943e6cca6cbd50030815e999237d8d20b702e5fb,accepted,conservative_auto_finalization,system_conservative_policy,,,1.0.0
standard_auto_decision_e63139f090de2dbad652,standard_rule_b17a5091ed499310ded2,standard_review_source_13427e795d5d71c5a271,ad1213bfd3aba38e05f7d7d1118d15927bf1d55f4e90cb7263490e504b3c768f,pending_review,not_priority_review,system_conservative_policy,,,1.0.0
standard_auto_decision_dc133d18a32fda38e855,standard_rule_5fab2239336702294042,standard_review_source_13427e795d5d71c5a271,7b2ac9162a1e8a51139704b95aa3ac9d3365b5ce5500efc6271ee41f7d321781,accepted,conservative_auto_finalization,system_conservative_policy,,,1.0.0
standard_auto_decision_640353db9846865cdc1a,standard_rule_4cda0c3224078d3b5f9d,standard_review_source_13427e795d5d71c5a271,d4a1223c491550b6784d24d4bae3c5f2f092d3046351a8e681cd25c6c6227abb,accepted,conservative_auto_finalization,system_conservative_policy,,,1.0.0
standard_auto_decision_1ada53b3d04bbd4efb3f,standard_rule_c4b4c3cdc1a88473d032,standard_review_source_13427e795d5d71c5a271,cdc36cbcdb40deb4d6f1dd63f044de29660cf542475d657937bac4f7d5350922,pending_review,not_priority_review,system_conservative_policy,,,1.0.0
standard_auto_decision_464d549d423f7b4148fb,standard_rule_c7348cd6d5f9019c5761,standard_review_source_13427e795d5d71c5a271,ca17ee1b079c3b0657c130990d9eb138a1d26bb65b4eaf09aa4d94221b68b643,accepted,conservative_auto_finalization,system_conservative_policy,,,1.0.0
standard_auto_decision_c633226732e2f757924c,standard_rule_c98720a4f9647f54cac0,standard_review_source_13427e795d5d71c5a271,464b928aa02132fd34756742e1988bfcb8271a7dd541ad6c9cfd5518252a8bc4,accepted,conservative_auto_finalization,system_conservative_policy,,,1.0.0
standard_auto_decision_0760bc2e429f21c1de20,standard_rule_bb8c8ec30a8508a018da,standard_review_source_13427e795d5d71c5a271,72d634b6889d937be91df7e59874405c55ea5643f0d5f099719946ad42a47aa2,accepted,conservative_auto_finalization,system_conservative_policy,,,1.0.0
standard_auto_decision_287fa6c302f22045d6c7,standard_numeric_ec192ce917e6c5ebd4b7,standard_review_source_13427e795d5d71c5a271,eae3eb1bc27ab46c0ceebe376172088f3cc020d36faa4bb855abea32ad5850dc,accepted,conservative_auto_finalization,system_conservative_policy,,,1.0.0
standard_auto_decision_3045da532e020768523d,standard_rule_2dabaf2149aa6e74f90d,standard_review_source_13427e795d5d71c5a271,dd33aa305223a2fe8a514ccdc22af017893c67f8cc961442dc94250a0263f6bc,accepted,conservative_auto_finalization,system_conservative_policy,,,1.0.0
standard_auto_decision_6cd68282a3c80725d307,standard_rule_665a97e53343a3af301f,standard_review_source_13427e795d5d71c5a271,010107cae11210afd8367a9d9c1d12bbbade9f0e6f9bb522ea053733d8e393da,accepted,conservative_auto_finalization,system_conservative_policy,,,1.0.0
standard_auto_decision_cd398b628d15febcd92b,standard_rule_1a58ea14aeb29078b3ef,standard_review_source_13427e795d5d71c5a271,993d6a1732630399afa4038dea4ab9f0af0941ac6cdf74d72475c39f4ac7adfd,accepted,conservative_auto_finalization,system_conservative_policy,,,1.0.0
standard_auto_decision_6f0cf2af89b70300dca2,standard_rule_4ef265ad9c918a4f2bc3,standard_review_source_13427e795d5d71c5a271,1da75e7a54cf7d496f77e4dce62b33d3869d91dcfd27bc24db531112617c573b,pending_review,not_priority_review,system_conservative_policy,,,1.0.0
standard_auto_decision_fc72615ca72cd6311a4e,standard_rule_dd42130bfb37e22cbd75,standard_review_source_13427e795d5d71c5a271,3a90c94c53be89749413ef4e0a2957fff4029a2272b494c611e76d8011d50a5e,accepted,conservative_auto_finalization,system_conservative_policy,,,1.0.0
standard_auto_decision_be49d7c50bcda1607d15,standard_rule_7658cbb895c278dcd89e,standard_review_source_13427e795d5d71c5a271,f74a189b9c0e51fa47abe7bf39c07c2df4e09c1a3172ed3591b9fd12346e03a9,pending_review,validation_reasons_present;not_priority_review,system_conservative_policy,,,1.0.0
standard_auto_decision_161295f76c018fb30e72,standard_rule_813218d48b2265621d5b,standard_review_source_13427e795d5d71c5a271,f3232c5006809a5c9ed47b2ecb58e7c3d9c4e7453d8c1d2bdeff722c2701f70c,accepted,conservative_auto_finalization,system_conservative_policy,,,1.0.0
standard_auto_decision_49639db93cd563a2530d,standard_rule_a57fb77ce234e39a1966,standard_review_source_13427e795d5d71c5a271,2898d750493ccda304d4526f607b26ecf1d444edebfc62079600600e63d78663,accepted,conservative_auto_finalization,system_conservative_policy,,,1.0.0
standard_auto_decision_08654733073ca7eb40c4,standard_rule_845f6c06d56acef61188,standard_review_source_13427e795d5d71c5a271,d61c4efd9d755d25518b189f610b5e3bf45822e9b067d287d7ce57794114da33,accepted,conservative_auto_finalization,system_conservative_policy,,,1.0.0
standard_auto_decision_8f617c81efe0fb321c90,standard_rule_814d34f78d2bc664c02e,standard_review_source_13427e795d5d71c5a271,64b86c332e4051731b59799b2b5ed982e59eca0a8d1f1a534bc472838832512b,pending_review,validation_reasons_present;not_priority_review,system_conservative_policy,,,1.0.0
standard_auto_decision_64855e54672c344b6975,standard_rule_86893a5060b7521c7038,standard_review_source_13427e795d5d71c5a271,9f3f086763b63268d3676ce8e6f3d8c90e3ffaf4208ab751cd6dcaad1485eb81,accepted,conservative_auto_finalization,system_conservative_policy,,,1.0.0
standard_auto_decision_602b530ba67e36647f21,standard_rule_55ec06415392a19e4da2,standard_review_source_13427e795d5d71c5a271,20d956bce9fda67ffe216b251718093c445199b7eeb6d83869897ef4c128dec8,accepted,conservative_auto_finalization,system_conservative_policy,,,1.0.0
standard_auto_decision_a396e615c023640d83c8,standard_rule_31b22ae8238229185f3d,standard_review_source_13427e795d5d71c5a271,2ff679d94d62e3157126b2f2e6fb161e066587d3d6f902c6a6be44270936fe92,pending_review,not_priority_review,system_conservative_policy,,,1.0.0
standard_auto_decision_a3771f26e9e7e1469b99,standard_rule_a15d01cffe3392b62c0a,standard_review_source_13427e795d5d71c5a271,582052729f27bea075fce019df27d00b391928d281bec66c9cfb01f16126fbe0,pending_review,validation_reasons_present;not_priority_review,system_conservative_policy,,,1.0.0
standard_auto_decision_586f94b1ce6cd02bbc47,standard_rule_60fd2ba57ffb8e99d10c,standard_review_source_13427e795d5d71c5a271,4d2710c208e5a72f95f0b2cb45f8eb44fec533dc1af73c3ae0a81f2f05af7790,accepted,conservative_auto_finalization,system_conservative_policy,,,1.0.0
standard_auto_decision_fa040bfbffb16c4c50b7,standard_rule_21ad03e3812508bf9650,standard_review_source_13427e795d5d71c5a271,c5e5a384f161a9de9f35e5eee066b8af6346f6cfca9779e5022aa6355039c6e4,accepted,conservative_auto_finalization,system_conservative_policy,,,1.0.0
standard_auto_decision_a53c68be7d377800d111,standard_rule_4cdf413376307b7b052e,standard_review_source_13427e795d5d71c5a271,fd422170855992a2702b83d3556547ba75e411d8cd92925e4bb0d8de951dca93,pending_review,not_priority_review,system_conservative_policy,,,1.0.0
standard_auto_decision_515ba83dd9c0ce9e5093,standard_rule_b256dace917492be788e,standard_review_source_13427e795d5d71c5a271,90f53cd06ee914fcdd0d3286982e514b3203001aca1ed637ddf9727e9b26f5fe,accepted,conservative_auto_finalization,system_conservative_policy,,,1.0.0
standard_auto_decision_a5e0a8403d567f6845a5,standard_rule_89f5cd993feae850a659,standard_review_source_13427e795d5d71c5a271,640aafa97e6c302729a03c01a30e64ec3d56c48e783b75439267f35df12279c2,accepted,conservative_auto_finalization,system_conservative_policy,,,1.0.0
standard_auto_decision_d809aa43611d84ddcc95,standard_rule_b38c7a9d6d36593cd2db,standard_review_source_13427e795d5d71c5a271,04f9120be9b28a48ce7365c90af57f4c00f85f95f1cf6c27e30cd40fdb3910d1,pending_review,non_main_text_scope;not_priority_review,system_conservative_policy,,,1.0.0
standard_auto_decision_a766d3e3497ed48151a0,standard_rule_c7a03e3c06048561e23b,standard_review_source_13427e795d5d71c5a271,ca9cf0de7a3e45562b15ba15c3fcfedac5ee173e49d10934323d0bafa500b272,pending_review,non_main_text_scope;not_priority_review,system_conservative_policy,,,1.0.0
standard_auto_decision_856d6b06ec9693d4c0ba,standard_rule_2d4bf883c65f268d805b,standard_review_source_13427e795d5d71c5a271,14d42cd71fd58fa484ebbe81fdb2345ee9d28aa53efabad1ac0853cb4035a089,accepted,conservative_auto_finalization,system_conservative_policy,,,1.0.0
standard_auto_decision_9f6ea1946f2e80cd9da2,standard_rule_79007fb9bf8ed968af36,standard_review_source_13427e795d5d71c5a271,6be573b3df3b9095716e1332060eb6b00249d5c215108a3e2280d5b46aba6e13,pending_review,validation_reasons_present;not_priority_review,system_conservative_policy,,,1.0.0
standard_auto_decision_250b02088ee0d47f189d,standard_rule_dbf7ffa06a2a355ad5b4,standard_review_source_13427e795d5d71c5a271,62f646b989c12314716cb97449e7cbd7e3cfac61c9a881729f397724d4048697,pending_review,validation_reasons_present;not_priority_review,system_conservative_policy,,,1.0.0
standard_auto_decision_8008334b4180f1d87580,standard_rule_d9f9405d53f24ecc19ca,standard_review_source_13427e795d5d71c5a271,4cb82e878f7b6c243c6b688ce03230e9f65d15b0733519630a0fc7c27b703ad1,pending_review,validation_reasons_present;not_priority_review,system_conservative_policy,,,1.0.0
standard_auto_decision_853eb960f0e487512b2f,standard_numeric_6014f6898de7dfc65199,standard_review_source_13427e795d5d71c5a271,724aab6aac51aba37321ca19201bb082e567431152a695bae4326228b4c535a9,pending_review,validation_reasons_present;not_priority_review,system_conservative_policy,,,1.0.0
standard_auto_decision_a8cf8a1f06de2cf7e599,standard_rule_8815c6b48c2306971194,standard_review_source_13427e795d5d71c5a271,a77a2f4bff010d1d126f45117c3592a6b0c349bd582a24adc16c5a81ec8210c0,pending_review,not_priority_review,system_conservative_policy,,,1.0.0
standard_auto_decision_1cbad57f75ad53c361b6,standard_rule_1a6f3496fc621267c162,standard_review_source_13427e795d5d71c5a271,58ba18aa2f928b62078753588977319bfd0e578dea8737095d531a12f48e62de,accepted,conservative_auto_finalization,system_conservative_policy,,,1.0.0
standard_auto_decision_00fbaaf284bb2e4ae537,standard_rule_566cb361660f9615c188,standard_review_source_13427e795d5d71c5a271,650abf3a08c2b67ed4444011ee66f0b3c5747c5c335662743e37e5429f3d6d88,accepted,conservative_auto_finalization,system_conservative_policy,,,1.0.0
standard_auto_decision_f0abdb261792fc6e2ce3,standard_rule_ff58bb6668ac5153fc16,standard_review_source_13427e795d5d71c5a271,29f745f5a69205cb31d0d78bd15fbf0c0af9cb3ab4b8f74581f1a1e347b9695e,accepted,conservative_auto_finalization,system_conservative_policy,,,1.0.0
standard_auto_decision_f1ea121f0ff62f8ebbfc,standard_rule_8607ff898ef2b409d50e,standard_review_source_13427e795d5d71c5a271,354799f19c9f48d8bcd713abf1f1f3cfbffc89cf62226f805209ae9124171cab,pending_review,not_priority_review,system_conservative_policy,,,1.0.0
standard_auto_decision_42dd88d2305f7af62133,standard_rule_7d4ac295ba268b4e2791,standard_review_source_13427e795d5d71c5a271,5d828119d5b7edf5a57703ef98d5cc33bba57efbdaa5948281c8a272be5541ba,accepted,conservative_auto_finalization,system_conservative_policy,,,1.0.0
standard_auto_decision_c8e8b527dff15639dec3,standard_rule_54ed8c95ba49e3c6d207,standard_review_source_13427e795d5d71c5a271,1a6f95845e0e4eea60ee7a4b62161e9868588c4d75f7854ed8356696e41406b3,accepted,conservative_auto_finalization,system_conservative_policy,,,1.0.0
standard_auto_decision_88dba6efe64dd81ac9b7,standard_rule_a041b1786e45932c3555,standard_review_source_13427e795d5d71c5a271,e3ef4bb3425818dba8167c37451141dc511b43fd3dcdbfdf958fed0ac84a6f66,accepted,conservative_auto_finalization,system_conservative_policy,,,1.0.0
standard_auto_decision_e178bd872bc31e971efc,standard_rule_93d937a42980f8486828,standard_review_source_13427e795d5d71c5a271,265f5707d545a88f9dccad0189d6a208aa474f18b0a96d7e232b2f204e0d2261,accepted,conservative_auto_finalization,system_conservative_policy,,,1.0.0
standard_auto_decision_6d783e517bac4b74b159,standard_rule_4db3be08ae0a8b7be2f6,standard_review_source_13427e795d5d71c5a271,f4439575f3ae9496d61f97f334d8549a1c54de7e0d1ace39dedfe0caf92cde67,accepted,conservative_auto_finalization,system_conservative_policy,,,1.0.0
standard_auto_decision_a2b2368c8dc1f5d67b76,standard_rule_bfa75fff65eb99a22005,standard_review_source_13427e795d5d71c5a271,15b6d85a8135f9f6407cdfea95c682bf4a3006e25e21bae7bec1465654190114,pending_review,non_main_text_scope;not_priority_review,system_conservative_policy,,,1.0.0
standard_auto_decision_f3a6248668a540016f0e,standard_rule_5c1b8b61a4ba6a75c858,standard_review_source_13427e795d5d71c5a271,f13934fda4edf6e6d734d875461e52ffe939273ad1be7bae0e3db69fce97af56,pending_review,non_main_text_scope;not_priority_review,system_conservative_policy,,,1.0.0
standard_auto_decision_be1b3b8324d237fd353e,standard_rule_f11fdade20ccdfe18c9f,standard_review_source_13427e795d5d71c5a271,0ac77c33d8a351a2b85f2260f14232b91ee40d24cf84c9f10c6c9827444b8059,accepted,conservative_auto_finalization,system_conservative_policy,,,1.0.0
standard_auto_decision_94e432ba3677247a05fe,standard_rule_121cfb69011e524594bc,standard_review_source_13427e795d5d71c5a271,087eb90f40108446b4a47007bbe0a0dc7779d0edf5ec35a11d995fae40a1fb1f,accepted,conservative_auto_finalization,system_conservative_policy,,,1.0.0
standard_auto_decision_88726194307452519f7c,standard_rule_7d8008babc4f81355f09,standard_review_source_13427e795d5d71c5a271,7bca1ff17d5f7c539356596eac9830f5c8c63ec312d8e64a6c91237a59145675,accepted,conservative_auto_finalization,system_conservative_policy,,,1.0.0
standard_auto_decision_af470842ad87ec2f7196,standard_rule_913da261ad88756b46c2,standard_review_source_13427e795d5d71c5a271,b13d4e4d012ec60424779c356e34d0b6c10e8943dd6f544c3346d5fe60e47276,pending_review,validation_reasons_present;not_priority_review,system_conservative_policy,,,1.0.0
standard_auto_decision_1247bdc999595ecaa4c8,standard_rule_a46c4c7d74288aa8f360,standard_review_source_13427e795d5d71c5a271,a673a528b2859462da32ee84e84b518568953901250131eaa06e7df62a842b93,pending_review,validation_reasons_present;not_priority_review,system_conservative_policy,,,1.0.0
standard_auto_decision_b9cc684cce666d52dd3e,standard_rule_7110761197c6cb2c1984,standard_review_source_13427e795d5d71c5a271,47ab9021ab734b03e3e0b4d63e3d3ab087320cc9d3cd6642a56d6ab4242709c0,accepted,conservative_auto_finalization,system_conservative_policy,,,1.0.0
standard_auto_decision_bfb9f214d8978deb2899,standard_rule_e52fa333bfecdd04656c,standard_review_source_13427e795d5d71c5a271,3da238e5150c359f07383eaf417c1401dba8eac0873d022b05704f88a98c5132,accepted,conservative_auto_finalization,system_conservative_policy,,,1.0.0
standard_auto_decision_6960b3c33473d6227e5c,standard_numeric_705b238dfba613f07ea0,standard_review_source_13427e795d5d71c5a271,d6fc44fa2441156ffbb7da9bf3a602bf4b119b850dcd74a79cd21bea00dd813d,accepted,conservative_auto_finalization,system_conservative_policy,,,1.0.0
standard_auto_decision_39a05d76f805ed864659,standard_rule_bc4aebedcf83007e3c90,standard_review_source_13427e795d5d71c5a271,5ba5a2f30843f14e089e3bfb160391e2a6aa2aa91fb163d55cb8b14a782d078a,accepted,conservative_auto_finalization,system_conservative_policy,,,1.0.0
standard_auto_decision_065970f5e183138c5132,standard_rule_edf90075573daa267956,standard_review_source_13427e795d5d71c5a271,a919564f3e1d6afb96c718555ad78d19a29c1e6a70b4ea6623f2e02fd69fbf83,accepted,conservative_auto_finalization,system_conservative_policy,,,1.0.0
standard_auto_decision_5281b5a1bc65516ca55b,standard_rule_ec1ff157e95e522a4b86,standard_review_source_13427e795d5d71c5a271,8ae7d7659d8dd669f6ce98ad46f971752f502ab3e71d2900e9c02172e6680776,accepted,conservative_auto_finalization,system_conservative_policy,,,1.0.0
standard_auto_decision_631b6fd1c9085c956d7d,standard_rule_b05035a700768523af44,standard_review_source_13427e795d5d71c5a271,3bb91573098d35cee2bc3fc6ca0a072b216bd4e85840f22a4615fedfb89471a6,accepted,conservative_auto_finalization,system_conservative_policy,,,1.0.0
standard_auto_decision_c9a824176469173c7fce,standard_numeric_ade98a003df167711f4c,standard_review_source_13427e795d5d71c5a271,a6c5d7866f43d7c0e6484b081626c6f78f8e7bad9dfcd37571af3332feac0ed6,accepted,conservative_auto_finalization,system_conservative_policy,,,1.0.0
standard_auto_decision_d6a72b6819bb5c5345fe,standard_rule_8a20c60a56a2f475fc48,standard_review_source_13427e795d5d71c5a271,35ad45c2d33918187a401545e254a4f05aaea44ff8259f873603c5f4484bae96,accepted,conservative_auto_finalization,system_conservative_policy,,,1.0.0
standard_auto_decision_2efeca7cb5be2be7ce89,standard_rule_cb8130d62f2e912fcf86,standard_review_source_13427e795d5d71c5a271,4b455d0ff80b96ddfdd0a804b18d6f2d39a716d32913ac1b6e61533cb6324527,accepted,conservative_auto_finalization,system_conservative_policy,,,1.0.0
standard_auto_decision_d0bc839a916c8e3bd501,standard_rule_2d022e4fe2b327aff877,standard_review_source_13427e795d5d71c5a271,c99d1f4bdc96e45e1bb7edd8924c44ceda236b0d0a93dd656b05408bb1cbf92a,pending_review,not_priority_review,system_conservative_policy,,,1.0.0
standard_auto_decision_f28bc437e409f9e4300f,standard_rule_4ca343bb45edd25bb2a6,standard_review_source_13427e795d5d71c5a271,e83d92d3ea97798012db968c0c0c422e8d38643522c31b1c239469d212bd8378,accepted,conservative_auto_finalization,system_conservative_policy,,,1.0.0
standard_auto_decision_2add19f156a902138608,standard_rule_bcd328d85a5e61e4e9f7,standard_review_source_13427e795d5d71c5a271,1c1510cdc70cb66830263488ed9f5475b7ee8c78e8c9fc715e34658af9033693,accepted,conservative_auto_finalization,system_conservative_policy,,,1.0.0
standard_auto_decision_fb6b30ad0eb7aa2e5428,standard_rule_260bf606a60d9b3b2f4c,standard_review_source_13427e795d5d71c5a271,c75668d840564276a81457b52a4d3e48dc5e0e8882f195091e6a1a3523aa3757,accepted,conservative_auto_finalization,system_conservative_policy,,,1.0.0
standard_auto_decision_a406c894f9ed61839f14,standard_rule_abcb35b3ec571d049f11,standard_review_source_13427e795d5d71c5a271,9b4ccd30775d5450bb2ef1b5f9c2e27ffa4abf94bfd7e7ca4c0a72cfa5d752dc,accepted,conservative_auto_finalization,system_conservative_policy,,,1.0.0
standard_auto_decision_0b703862da940bf7f38f,standard_rule_79899a9f64c7d7611f56,standard_review_source_13427e795d5d71c5a271,5ed9ac7ceb777c08c491e906e3071de85a4217d0faca9a87be3309ba8cd60b8e,accepted,conservative_auto_finalization,system_conservative_policy,,,1.0.0
standard_auto_decision_80d6b5bf1809c4dc799b,standard_rule_600fefed79726ad28f9b,standard_review_source_13427e795d5d71c5a271,790d3e11d8b3f4aba25435b9ec4c39ac320fe028bc7116836c4e1ad9815d2a59,accepted,conservative_auto_finalization,system_conservative_policy,,,1.0.0
standard_auto_decision_60bccab19d5dc053f38d,standard_rule_9860a5d937e2ffb3927d,standard_review_source_13427e795d5d71c5a271,3bf44d415a7f0f370119755288f63fd25a57863bc5a5fc2b4b7cf8c5ff419d54,accepted,conservative_auto_finalization,system_conservative_policy,,,1.0.0
standard_auto_decision_7f7ba21b74b74bbc44fe,standard_rule_df97eeb30ae5fbc41970,standard_review_source_13427e795d5d71c5a271,284774d47299225dd943289d8a7dd9a890beaf221e7c8ed4749d1f85e449fc71,accepted,conservative_auto_finalization,system_conservative_policy,,,1.0.0
standard_auto_decision_0ab841869d00622c3c92,standard_rule_e2c3f0e585c4c64cf8ba,standard_review_source_13427e795d5d71c5a271,10b99c5fb06874035b04b9d07ede1742322af9885b2e478645bb61e78cc0ca4b,accepted,conservative_auto_finalization,system_conservative_policy,,,1.0.0
standard_auto_decision_402596b79cbc95957df2,standard_numeric_78caaae99b8779614792,standard_review_source_13427e795d5d71c5a271,7fdca3268a86f191f72438d2d029c39c63aa31c604767797e627a46c2bc9dead,accepted,conservative_auto_finalization,system_conservative_policy,,,1.0.0
standard_auto_decision_09deccba4527a60e3ba9,standard_rule_1431d7fa3430d250fbe0,standard_review_source_13427e795d5d71c5a271,ff41cd81e0040cce54a59e5cec6da2baa1d75d69be738668c7c832276e4e1f25,accepted,conservative_auto_finalization,system_conservative_policy,,,1.0.0
standard_auto_decision_b6c9aa36c00f9d03ce4a,standard_rule_0addd1434332c88ada39,standard_review_source_13427e795d5d71c5a271,60c1282d36712bfb05130f88fa0761c9ed37d073fc2b4b824bf89108fb3fc70b,pending_review,not_priority_review,system_conservative_policy,,,1.0.0
standard_auto_decision_5ef79e9c05b5bd074bfa,standard_rule_cfdb1e0ac49ccf2bb909,standard_review_source_13427e795d5d71c5a271,3951d5eb7d6232e9687b4b33900e505e6e2c796bae6bea5def5655b834f35fe8,accepted,conservative_auto_finalization,system_conservative_policy,,,1.0.0
standard_auto_decision_3678bb367d51235c5221,standard_rule_69a735a29b9be24f2d4c,standard_review_source_13427e795d5d71c5a271,f4648cd063082528d27c744cbe2ef11c73c7140798023349c7b870ec0d4155dc,accepted,conservative_auto_finalization,system_conservative_policy,,,1.0.0
standard_auto_decision_c81e44dba8fb0f714065,standard_rule_f242ce7fa04428c3f222,standard_review_source_13427e795d5d71c5a271,359a8811568f1c4b6aa6f681d1e0389c49f2fc4c68dc0c6238a0258486fcadd6,accepted,conservative_auto_finalization,system_conservative_policy,,,1.0.0
standard_auto_decision_0afc763f85968b5a5a0b,standard_rule_59c245a38f7875bb283a,standard_review_source_13427e795d5d71c5a271,dfb7882bfc5af08ad66aac35d2fd2455ba0ee01b57304accf7e0ab0b42aad9fb,accepted,conservative_auto_finalization,system_conservative_policy,,,1.0.0
standard_auto_decision_9eae9e3847f567619d58,standard_rule_c01b30cabdc2f5f692c6,standard_review_source_13427e795d5d71c5a271,9d289df7442ccd834fcdca1a3515af83ba4247faac65e082da7b7ae63e834bc1,accepted,conservative_auto_finalization,system_conservative_policy,,,1.0.0
standard_auto_decision_cf86eb90bd58129938d8,standard_rule_ab5301a12e8a8ded3c4e,standard_review_source_13427e795d5d71c5a271,190330b100132108d043912e29d5bb910491dace70f8100cbca619f984fac0b3,accepted,conservative_auto_finalization,system_conservative_policy,,,1.0.0
standard_auto_decision_d8188a5a832a2d6a17fc,standard_rule_98e41bbf8f54d92e0474,standard_review_source_13427e795d5d71c5a271,e0595b30ffd99dd831fd29e3fa718f0208e373d3a8fa4599c56d49309a6af630,pending_review,validation_reasons_present;not_priority_review,system_conservative_policy,,,1.0.0
standard_auto_decision_698935c6e84275e7c877,standard_rule_5a615a2828fc4a40db42,standard_review_source_13427e795d5d71c5a271,2af57709e686a9c2ddbdfbf2f8f107b04afc1e3283827d2b735e6887c1b7afc9,accepted,conservative_auto_finalization,system_conservative_policy,,,1.0.0
standard_auto_decision_4c79f57156bd97f4f25f,standard_rule_90cd8ffa60685a55bcff,standard_review_source_13427e795d5d71c5a271,0941b40eb808e39ee35e2c3f891094de57431eac5729a4d176988d4f560256b1,accepted,conservative_auto_finalization,system_conservative_policy,,,1.0.0
standard_auto_decision_4aa92d1149203f68e709,standard_rule_c133785a83f2f66bd350,standard_review_source_13427e795d5d71c5a271,507ba8f555415b1fc67a8bba7effa2bad4f24ecd51d5b373fcb8295a0f359e7b,pending_review,not_priority_review,system_conservative_policy,,,1.0.0
standard_auto_decision_e50d454ae90a64c371d6,standard_rule_fb3df91e41c07dbf281b,standard_review_source_13427e795d5d71c5a271,dd2a1e90ce61dcf36fb8b4aae37ed0826cd4705b89706962e92557d0f9a39146,accepted,conservative_auto_finalization,system_conservative_policy,,,1.0.0
standard_auto_decision_2966197e4bf6d428bdbd,standard_rule_8e6e02eb8e3de4593a2c,standard_review_source_13427e795d5d71c5a271,c78ddf62de1a8003008639f1ae7a502af3c710993557e3e9a1e5ff1675f1fef2,accepted,conservative_auto_finalization,system_conservative_policy,,,1.0.0
standard_auto_decision_bfc787c097969925575e,standard_rule_bf553dd69c968bd9f9ce,standard_review_source_13427e795d5d71c5a271,f887da75eebf12b308f58d1a46f7948d424059c03df105ebf3d9603f1865ee52,pending_review,validation_reasons_present;not_priority_review,system_conservative_policy,,,1.0.0
standard_auto_decision_de822e2e647ce5bcb838,standard_rule_00983113990035023b23,standard_review_source_13427e795d5d71c5a271,65c6ccb9c6bd4c57c558c9c6942e8faec4e7cd496f320b203da0143949c91c43,pending_review,validation_reasons_present;not_priority_review,system_conservative_policy,,,1.0.0
standard_auto_decision_e6d7902896e5df430e67,standard_rule_427db7129f57e92c8131,standard_review_source_13427e795d5d71c5a271,21989f8b5a7ddd0b7bcf78fb213480e7b00ff3e9c92025420cf9221fa1357548,accepted,conservative_auto_finalization,system_conservative_policy,,,1.0.0
standard_auto_decision_e4b008ee86cac3fadeec,standard_rule_8eaadaea1bc2556847b9,standard_review_source_13427e795d5d71c5a271,b253915833151786dea8b9d66712089174966110ab698072f22d7a1677e0d06e,accepted,conservative_auto_finalization,system_conservative_policy,,,1.0.0
standard_auto_decision_a86cd7ece29ab3d22d35,standard_rule_3d497174cf7cae99cf91,standard_review_source_13427e795d5d71c5a271,00631d5a91ca5ecdf57c55f35dc10abfd4964f649e7e50c7f2d1a6dd29ccdfa7,accepted,conservative_auto_finalization,system_conservative_policy,,,1.0.0
standard_auto_decision_f405ed5eac9d1dc6882e,standard_rule_31236acf868d11181487,standard_review_source_13427e795d5d71c5a271,10f5808ceb3e3c8914faab62d4bee3cbff1c7f2864c09d45c66bdb1957f8e26b,accepted,conservative_auto_finalization,system_conservative_policy,,,1.0.0
standard_auto_decision_4cd4c3263d8dcd245976,standard_numeric_8dfe82c446d65bc352db,standard_review_source_13427e795d5d71c5a271,b8a1d93801fa3354bf32c56ccdfe2dd9c7975ffc881f367f38a18e65d5753898,accepted,conservative_auto_finalization,system_conservative_policy,,,1.0.0
standard_auto_decision_28cbd17b8bec5153169a,standard_numeric_db1d05fd85157642fe29,standard_review_source_13427e795d5d71c5a271,c30c4c1e9c92e861b2fbc43e781bf95432d4b31b1e18b737bfb2f3d0a8ab57b7,accepted,conservative_auto_finalization,system_conservative_policy,,,1.0.0
standard_auto_decision_6930d366040c18694365,standard_rule_70719a4d9e573410b5a4,standard_review_source_13427e795d5d71c5a271,344222b4159fe4022cef6bcbb3c8b8c73bdd2123e6a87c164e08630e04cd0e9f,accepted,conservative_auto_finalization,system_conservative_policy,,,1.0.0
standard_auto_decision_a48461df883697ff84f4,standard_rule_e1ba9a12ce58d3ef6018,standard_review_source_13427e795d5d71c5a271,95b052c3035410d544b9cfe10847189869408ce5e9994ce38505d9206327bf8a,accepted,conservative_auto_finalization,system_conservative_policy,,,1.0.0
standard_auto_decision_e63e31bf1c5292e7275c,standard_rule_20c4e2b1883f811585c3,standard_review_source_13427e795d5d71c5a271,b94d08429c64ae997d0589b1f4f50ec869c12f1c7bad70f08ec8762ce88e31cd,pending_review,not_priority_review,system_conservative_policy,,,1.0.0
standard_auto_decision_7f5451b1f15bc13d4afe,standard_rule_ea75b57aa8580d82efb3,standard_review_source_13427e795d5d71c5a271,9c579de18d0408fe5df355c4e0ab1c63cf64e0234ce24378d9b29917ae10e135,accepted,conservative_auto_finalization,system_conservative_policy,,,1.0.0
standard_auto_decision_ca311d8b0618250e0745,standard_numeric_1681a04f16c803f132c5,standard_review_source_13427e795d5d71c5a271,b9ee5afae4d50ebb22c94a680f6802b0693856c31b72f5707d6007d8f20bcad7,accepted,conservative_auto_finalization,system_conservative_policy,,,1.0.0
standard_auto_decision_af43b2b90ed88e7a27cc,standard_rule_bce1312edcb3ee0eac09,standard_review_source_13427e795d5d71c5a271,75ca6ff330bafbda5a27f764be37bf86fc60b99d5e869385bc27432e0aec3692,accepted,conservative_auto_finalization,system_conservative_policy,,,1.0.0
standard_auto_decision_75d6e1ae3fea30c10e26,standard_rule_78c2256d33429886b58d,standard_review_source_13427e795d5d71c5a271,ffecec847065b3785a9f09e9a46fcd5586dee156350e39ad78540eefa88b747e,accepted,conservative_auto_finalization,system_conservative_policy,,,1.0.0
standard_auto_decision_0ee9602cc8fd4daa38ac,standard_rule_f8f021427a5d77dc4f36,standard_review_source_13427e795d5d71c5a271,f91131191503a8d539ead5a3a6d0dc55d23f6248d0425087476a468c4a325c56,accepted,conservative_auto_finalization,system_conservative_policy,,,1.0.0
standard_auto_decision_697c8da32a8100070f47,standard_rule_69f9e0136d6491e303ae,standard_review_source_13427e795d5d71c5a271,fb88d362216e188e6ce00d7826eb199ebe65f7976d179e34da493aa78834fd5b,accepted,conservative_auto_finalization,system_conservative_policy,,,1.0.0
standard_auto_decision_b1a65a8c5eeccc326f47,standard_numeric_605bbdc9f52c3fe10e6e,standard_review_source_13427e795d5d71c5a271,600ab25e75f87c69f3588d6024ddea819d2b121ebb21dae80333ddc9b8684da7,accepted,conservative_auto_finalization,system_conservative_policy,,,1.0.0
standard_auto_decision_9e91501743ac3a4862e3,standard_rule_3036effe7773ab9029b5,standard_review_source_13427e795d5d71c5a271,0a0b0542abd941e9e790b11b6acb2ad24939be491155fca6ea02e78bf008b7f0,accepted,conservative_auto_finalization,system_conservative_policy,,,1.0.0
standard_auto_decision_de8d242bf9e4df3a3139,standard_rule_ebb1de36ed8ac6fbecc8,standard_review_source_13427e795d5d71c5a271,a13b7309d572d1f98f0166e710b549928170b03c1a8ee5ce0701cf8002bd7bc2,accepted,conservative_auto_finalization,system_conservative_policy,,,1.0.0
standard_auto_decision_fc5741532f8c5dd5217d,standard_numeric_6b1d115ef98a4c25c21f,standard_review_source_13427e795d5d71c5a271,19c629fe5e8f1bdf4f5a86770048fa56829a1d2e263e4ba9dd86f303434b0599,accepted,conservative_auto_finalization,system_conservative_policy,,,1.0.0
standard_auto_decision_8bc6996e846a5b10a40b,standard_rule_cae32ed813d0fd0776e4,standard_review_source_13427e795d5d71c5a271,98b32d12e8d227579b5170f746a90ce4892eecc7cec4e02ad91388fa23436a46,accepted,conservative_auto_finalization,system_conservative_policy,,,1.0.0
standard_auto_decision_1c7a7d19c7d82aa7482f,standard_rule_765fb2210809dbfc9dac,standard_review_source_13427e795d5d71c5a271,40479341b14fefc2693eea41d496c7b1e68d4f9ff6dd7238b6488d04a5e20076,accepted,conservative_auto_finalization,system_conservative_policy,,,1.0.0
standard_auto_decision_ce7fb2bf701cdde2a57b,standard_rule_01d85edae588d7cb4928,standard_review_source_13427e795d5d71c5a271,eb02d2c191f8e67d0f57b6fe346773a7de8271ed1d7ca5c4b96af42581c1efc4,accepted,conservative_auto_finalization,system_conservative_policy,,,1.0.0
standard_auto_decision_c2bc55794cf12ce8c62a,standard_numeric_bc7a2f4ff497e58c9c7b,standard_review_source_13427e795d5d71c5a271,40d0f282873584b5b4e1a1faf0292b41aa900e940259da5adfd12e77ef562b83,accepted,conservative_auto_finalization,system_conservative_policy,,,1.0.0
standard_auto_decision_7709a0c6531253189b13,standard_rule_5304328433d54dd14e98,standard_review_source_13427e795d5d71c5a271,2823ab0fecf77ba68d7c8d16b334b5e1c75324cb17f5ac588fef679796b7b938,accepted,conservative_auto_finalization,system_conservative_policy,,,1.0.0
standard_auto_decision_c0de624a055e1f4ee1df,standard_rule_1e8c7fa96efcacfff714,standard_review_source_13427e795d5d71c5a271,1861e9664fc6f0e11b09eed351b93e7018668a2786fc03850ed7833bbb881ec2,accepted,conservative_auto_finalization,system_conservative_policy,,,1.0.0
standard_auto_decision_8ea209cdfd6adafd6f60,standard_rule_2d552b1d2595ecdefa6b,standard_review_source_13427e795d5d71c5a271,3c083a86411bce473296412f09376478cdfa2e1dba0318752cb5d0dba62aa95c,accepted,conservative_auto_finalization,system_conservative_policy,,,1.0.0
standard_auto_decision_506e9581e37651cc2459,standard_rule_324862b1db833a445ec0,standard_review_source_13427e795d5d71c5a271,e7a74f0bf5842132c67515f5683bdb6e1e927c0d5c0eac99af1106ba504c050c,accepted,conservative_auto_finalization,system_conservative_policy,,,1.0.0
standard_auto_decision_9676eb15f49534e5d6b4,standard_rule_c1cc5691217c0791ba92,standard_review_source_13427e795d5d71c5a271,68efbb042b0e449b19f959c384a838e227d68d4166c558a7c57ca74a9c758db5,accepted,conservative_auto_finalization,system_conservative_policy,,,1.0.0
standard_auto_decision_fff44fc257de5df6d369,standard_rule_42264395d6388928a7d7,standard_review_source_13427e795d5d71c5a271,5b703889976560f8b063fca0fb20fd9a55cc5233fe137e20177c5cc2be3061e5,accepted,conservative_auto_finalization,system_conservative_policy,,,1.0.0
standard_auto_decision_d5cdaa5aab0c79c8b5a9,standard_rule_f6143d51cdc0fe10805e,standard_review_source_13427e795d5d71c5a271,5ec74bddd7fa1b82a34cf6205630b4617ecc1885e93cf02733602bc86a283c0b,accepted,conservative_auto_finalization,system_conservative_policy,,,1.0.0
standard_auto_decision_867c9330c438d6a0b537,standard_numeric_339b83e8e32372903f80,standard_review_source_13427e795d5d71c5a271,035effb5a374706604a0e8ea1c2676e6c6c5d3cb0dd362bbbc7de7fd86b69f02,accepted,conservative_auto_finalization,system_conservative_policy,,,1.0.0
standard_auto_decision_04115184425b0202f4b9,standard_numeric_099b87cc36e98e45ff26,standard_review_source_13427e795d5d71c5a271,043099bf1d1cd9711dbd0fe9a4f738bbc279d4090dd5ce6f0bc43ac4c84f4c25,accepted,conservative_auto_finalization,system_conservative_policy,,,1.0.0
standard_auto_decision_144d14c84cdeba9b87c6,standard_numeric_6f76160405e6dc07579d,standard_review_source_13427e795d5d71c5a271,2b7cd269bb041ab4b70acba8ed2bb1325245ff073504ae5da50cdfb0e33529e3,accepted,conservative_auto_finalization,system_conservative_policy,,,1.0.0
standard_auto_decision_9702dc06a911d6290289,standard_numeric_52a2f3e5c9f252cf5e62,standard_review_source_13427e795d5d71c5a271,4b4af171eca7ddbdde771a4279b3c2b4afcfb655b253e8afbc9f350c8471a7ac,accepted,conservative_auto_finalization,system_conservative_policy,,,1.0.0
standard_auto_decision_58d26b0a473e1fa21795,standard_numeric_2cf991fe0bf0eb7de844,standard_review_source_13427e795d5d71c5a271,89d77781e0c189b2cf4cfa2571f62f3a43ae1f3f889179f8f3932189db936525,accepted,conservative_auto_finalization,system_conservative_policy,,,1.0.0
standard_auto_decision_aedffc7e0007c9513f30,standard_numeric_d385deec83bf957cd5d2,standard_review_source_13427e795d5d71c5a271,0aae25981fd2931e5aa8ce45658e9edd45599c3c93366fd6b764879601023203,accepted,conservative_auto_finalization,system_conservative_policy,,,1.0.0
standard_auto_decision_65f4f8651080d191a9df,standard_rule_c72db05a5c00125c8004,standard_review_source_13427e795d5d71c5a271,ff55b0ab1b2089f70b8859991dd2910ad4e3e4817a726116140368a5ba306c90,accepted,conservative_auto_finalization,system_conservative_policy,,,1.0.0
standard_auto_decision_9302d5e5d17a64352d11,standard_rule_68b5cb07e9d9a33e5697,standard_review_source_13427e795d5d71c5a271,de64776dff725d202f9fbaac059d0431920991519910b11d10b2810bbb05b4ce,accepted,conservative_auto_finalization,system_conservative_policy,,,1.0.0
standard_auto_decision_929bd9faa8c738a04f36,standard_numeric_b41fb1a50d2d4900294c,standard_review_source_13427e795d5d71c5a271,ac2fbde4eabe097a12744afb94e6d168e9ea7c7841111020876b3fc952929fa0,accepted,conservative_auto_finalization,system_conservative_policy,,,1.0.0
standard_auto_decision_3555b49d89740d7848e5,standard_rule_0dd85398ed559b16d2bb,standard_review_source_13427e795d5d71c5a271,1990f01c8248cffa8799840d72f094272cd4fff9fa45d8477017f416322b1ef8,accepted,conservative_auto_finalization,system_conservative_policy,,,1.0.0
standard_auto_decision_a9ae50aa9010a17d3c2f,standard_numeric_53145522d74aaee4954e,standard_review_source_13427e795d5d71c5a271,821d1bed176791214533e3220a6af7bb86a7a4c0606184ccaf9310811e40290a,pending_review,validation_reasons_present;not_priority_review,system_conservative_policy,,,1.0.0
standard_auto_decision_4a57f18274c33fc30302,standard_rule_7ecfb78ebdfa54c9bcc6,standard_review_source_13427e795d5d71c5a271,fbf31358e9325eae24029f9ee6909fba1ba36d2b752de16d2246196c3ba235c3,accepted,conservative_auto_finalization,system_conservative_policy,,,1.0.0
standard_auto_decision_d51ce381e3a633c35086,standard_rule_7e647a35b61a406db042,standard_review_source_13427e795d5d71c5a271,42810750a487a6e311b128c7dca5401fa1be48d7894269d9015f231423ef257a,pending_review,validation_reasons_present;not_priority_review,system_conservative_policy,,,1.0.0
standard_auto_decision_58126c32de8fc0d473eb,standard_rule_3bea0cfb3d82c8cc4723,standard_review_source_13427e795d5d71c5a271,3c0bb1a07c091e1a49dca5d8661ae0c59fd7967fb1e3abae4764e83e04fdda05,accepted,conservative_auto_finalization,system_conservative_policy,,,1.0.0
standard_auto_decision_84efad69e9ae3c9e351c,standard_rule_5c26f666e16d26cc2621,standard_review_source_13427e795d5d71c5a271,e0b7d865992780dca4dfa575d63e2fd59889709484967b2b874f5626b6560f9e,accepted,conservative_auto_finalization,system_conservative_policy,,,1.0.0
standard_auto_decision_8f7b715f6e99475e7015,standard_rule_b472becdecf83b65311c,standard_review_source_13427e795d5d71c5a271,2dd308981df61a7aadcf5274b66696da7167d03b1853c5ac4e76f7ac065cdd70,accepted,conservative_auto_finalization,system_conservative_policy,,,1.0.0
standard_auto_decision_fbfcd902860c01ea9ca2,standard_rule_638732d032c11d858e53,standard_review_source_13427e795d5d71c5a271,7c269376c5be2b900463b958ff99543096fce91ad6d31f2d5fd39c7154b897dc,pending_review,not_priority_review,system_conservative_policy,,,1.0.0
standard_auto_decision_3feb738eeb0750ae8016,standard_rule_e183d57c7ded9a088db9,standard_review_source_13427e795d5d71c5a271,eebad9eacf57e2d62c1bb5447dd9cf2d52e263dae4648407a28c551096ca6594,pending_review,not_priority_review,system_conservative_policy,,,1.0.0
standard_auto_decision_90f099af1b48695e77fc,standard_rule_a398edff8e9d6ea30b66,standard_review_source_13427e795d5d71c5a271,2b5f7fd553578ac57269bb5b835d8acb5e66280a657d3a239be12989abb375e6,accepted,conservative_auto_finalization,system_conservative_policy,,,1.0.0
standard_auto_decision_47addc02ef24908bdd53,standard_rule_77051f4679e885acc559,standard_review_source_13427e795d5d71c5a271,7478abf2de9c8874e8eec98475d607911a0aced100c468a066034d53ea8bbf2c,accepted,conservative_auto_finalization,system_conservative_policy,,,1.0.0
standard_auto_decision_2d950ba2cdd4609e8e1a,standard_rule_e0a45484e031282a4421,standard_review_source_13427e795d5d71c5a271,6b0cd1a72215c7449b6b3bb43b6a1e7f1bb60363763d08e9b0427c6d73b41694,accepted,conservative_auto_finalization,system_conservative_policy,,,1.0.0
standard_auto_decision_de6ba38f4451e67b3f2f,standard_rule_99ea3cf0f47604dd95d2,standard_review_source_13427e795d5d71c5a271,0f5702e6b53f88259a488f16fde52b70901dd6a0cd7f74026735eff3a9a97d30,accepted,conservative_auto_finalization,system_conservative_policy,,,1.0.0
standard_auto_decision_f488427a721f5df12047,standard_numeric_6ec9f37e2456ebb9df5f,standard_review_source_13427e795d5d71c5a271,c0fbe101de036ec2591574acd747bbb7708b7971242a7770c35415aee7111e7e,accepted,conservative_auto_finalization,system_conservative_policy,,,1.0.0
standard_auto_decision_fa8e45781c24d06f18ad,standard_rule_f25d05efdaa36e1032db,standard_review_source_13427e795d5d71c5a271,289a02859cecb0575b13140004a1fa694944e1757eb37d7f5788956514e8626e,accepted,conservative_auto_finalization,system_conservative_policy,,,1.0.0
standard_auto_decision_215dadd38ec4f60960da,standard_rule_02ed1a792944e09bc5a0,standard_review_source_13427e795d5d71c5a271,ba5f6ec6b7ac4d6266d00a018549f18dd6da2cc228de76d4222b142c8787a8e9,accepted,conservative_auto_finalization,system_conservative_policy,,,1.0.0
standard_auto_decision_20e33fb40ddf52fedef2,standard_rule_01b1ff06f3d1ad236953,standard_review_source_13427e795d5d71c5a271,e73eb80a1537a3e010cdc60ef7fa5fc48b15a45a8d91f16b90039844af271fba,accepted,conservative_auto_finalization,system_conservative_policy,,,1.0.0
standard_auto_decision_48ce5a78c95f7a74ba4e,standard_rule_4184e94312c336309d37,standard_review_source_13427e795d5d71c5a271,b8453965b8a2c92ff5ab404574a0ced4f55738fb9270a01dca4a9b558bf495f2,accepted,conservative_auto_finalization,system_conservative_policy,,,1.0.0
standard_auto_decision_6c90427ce1b737e92b56,standard_rule_4b25d8d82b617063504e,standard_review_source_13427e795d5d71c5a271,a853c9335ddae5fbb2de1619baf6f2611b930823f4ae89804ba76e7a2db2a621,pending_review,validation_reasons_present;not_priority_review,system_conservative_policy,,,1.0.0
standard_auto_decision_0008f0b088ee1a412b63,standard_rule_4f4b82010cce428054b7,standard_review_source_13427e795d5d71c5a271,7f2b9f47fbe43ca62b13f583e3b10195e0020004d0c29bd9b4ff19f7ea75b4f4,accepted,conservative_auto_finalization,system_conservative_policy,,,1.0.0
standard_auto_decision_d6771a4df8e14b15392f,standard_rule_ad8a3441a7e1a4831106,standard_review_source_13427e795d5d71c5a271,60b67a40bfb1b33d23cd173e33a021f0c0b67e4f9b4a55fa670dbbbb5ce1aa4f,accepted,conservative_auto_finalization,system_conservative_policy,,,1.0.0
standard_auto_decision_078c06fc30bf8ea7a669,standard_rule_6e234a9f74046b78c2fa,standard_review_source_13427e795d5d71c5a271,2568a7013fed9c7d638634b81a632295bc87139fdee3ee823e8822e67b634a4e,pending_review,not_priority_review,system_conservative_policy,,,1.0.0
standard_auto_decision_3a3fc2d6ce13254e913b,standard_rule_7cb80b1a701461ec36f0,standard_review_source_13427e795d5d71c5a271,85e523e9a0659126c019cb188fb4fcea285bf26e2ff692d5876250e9b5368406,accepted,conservative_auto_finalization,system_conservative_policy,,,1.0.0
standard_auto_decision_872e8a6e72ae2aad5f77,standard_rule_cfa34e01d69ccf091048,standard_review_source_13427e795d5d71c5a271,e0e69ba217e3d51d8cb58743aff14f3f3a475f166150cb917c39de0f94f669e6,accepted,conservative_auto_finalization,system_conservative_policy,,,1.0.0
standard_auto_decision_52e20eb505a89b0f9872,standard_rule_d8641e6b6cab22da651c,standard_review_source_13427e795d5d71c5a271,ae86e87a4cfa378804e8559fd17acd50f939767c654543c5f04cf6e74eda927e,accepted,conservative_auto_finalization,system_conservative_policy,,,1.0.0
standard_auto_decision_22ecb17f8d195da40223,standard_rule_c75bdbe25331f5b39e96,standard_review_source_13427e795d5d71c5a271,083c83761bf3899034db1ef862325207de1e2666f93e6f0b057fd1c6210891e3,pending_review,validation_reasons_present;not_priority_review,system_conservative_policy,,,1.0.0
standard_auto_decision_553558369ca83363ac89,standard_rule_170ca807d03b5d21e234,standard_review_source_13427e795d5d71c5a271,d817b696ac174bd0cf6062fdbb65aa229022b129ba295d38c7ee60f0047e00d5,accepted,conservative_auto_finalization,system_conservative_policy,,,1.0.0
standard_auto_decision_fa0e5fe6df01b08be239,standard_rule_fbace91e04d2abde3b0d,standard_review_source_13427e795d5d71c5a271,20637639f23e6057b5e90ca04576c00ae36284bef04c010aa7431567a82a0522,pending_review,not_priority_review,system_conservative_policy,,,1.0.0
standard_auto_decision_9fcee164cde3764555f2,standard_rule_2ad0790450fcca1ae8e8,standard_review_source_13427e795d5d71c5a271,621fa2a5b4864ce811e9022c66f092efaeac2dd89aae05c1f44690da78a34865,pending_review,not_priority_review,system_conservative_policy,,,1.0.0
standard_auto_decision_e8f448f18ecdf3eaef7d,standard_rule_e9d19f30e722f6331658,standard_review_source_13427e795d5d71c5a271,539379665a205018bdb153c35d38f1da6e0dce9644970bc62298a46bb6aa0fb9,accepted,conservative_auto_finalization,system_conservative_policy,,,1.0.0
standard_auto_decision_ac829c44d32314c2b965,standard_rule_7adae78e32e64b972871,standard_review_source_13427e795d5d71c5a271,e3756e0cd0ba51791abe7afc4024ac21ce41f27ddb2c909fe48d96522a83395b,accepted,conservative_auto_finalization,system_conservative_policy,,,1.0.0
standard_auto_decision_aa03fb80e2f8ad4bd7c9,standard_numeric_5351b4842dbf141b9a08,standard_review_source_13427e795d5d71c5a271,7da0395c4128f625b3627ba36b64c63c761283f1746499b8e050497b8d5abc31,accepted,conservative_auto_finalization,system_conservative_policy,,,1.0.0
standard_auto_decision_275db91c7efe7b8daa87,standard_rule_a0fe00f3676dcebf3b64,standard_review_source_13427e795d5d71c5a271,7940af712d0ab97cf895119be25eb93e7b06041c19acb7fa69614fb0eebbd48a,accepted,conservative_auto_finalization,system_conservative_policy,,,1.0.0
standard_auto_decision_bde97ef181f5511981f6,standard_rule_6f364e54e4438618a42a,standard_review_source_13427e795d5d71c5a271,2714fa3db163fbd1db84565ed114cabec360e62a432218c7e9a45322aa63116e,accepted,conservative_auto_finalization,system_conservative_policy,,,1.0.0
standard_auto_decision_680eef72de512da0cc5e,standard_rule_0b74d837c69e418606dd,standard_review_source_13427e795d5d71c5a271,ee6657759f9f1b085e0fce250f8e1c1a58880b72690cc60d4775d1ddb0587f35,accepted,conservative_auto_finalization,system_conservative_policy,,,1.0.0
standard_auto_decision_6128165411407afb15c1,standard_rule_90bd4b3bd017d6445d58,standard_review_source_13427e795d5d71c5a271,5ed442de5f7011c4092d3b9d5ab4a74f1cbdb88fdaf628888de87b999ddb4d48,pending_review,not_priority_review,system_conservative_policy,,,1.0.0
standard_auto_decision_9ce8dc501dae62fa5cf6,standard_rule_296e9806f64f5706ab04,standard_review_source_13427e795d5d71c5a271,f13791bedccbe88ad6116e003c62b76578ac824ef3b8159c66d86c1c5fd60d2f,accepted,conservative_auto_finalization,system_conservative_policy,,,1.0.0
standard_auto_decision_88f717f2962cd66fb00d,standard_rule_1a2e8191fe88902571d3,standard_review_source_13427e795d5d71c5a271,ff159beaeb5593c98d9720f088360963011b91b941b3fb0e67777b5f3bada7fb,accepted,conservative_auto_finalization,system_conservative_policy,,,1.0.0
standard_auto_decision_f06517746fd5ba3c8cce,standard_rule_3dd467992ba26e7cbd90,standard_review_source_13427e795d5d71c5a271,ea5eee6ab7079c792260c289a7e3a6c690171c7db29e6bbada2e83c75f564d4e,accepted,conservative_auto_finalization,system_conservative_policy,,,1.0.0
standard_auto_decision_3836439d751f8a30e776,standard_numeric_daba68e6af66e28f7645,standard_review_source_13427e795d5d71c5a271,1a1dfe9f142434fbac0a954004287aac879605d188efc33fe6477e68c3a63eca,accepted,conservative_auto_finalization,system_conservative_policy,,,1.0.0
standard_auto_decision_c72b49d168b1f272bbfe,standard_rule_327c7b087e98add38565,standard_review_source_13427e795d5d71c5a271,5fd8e7d5d2f232c25a8b43238c6df2d4ef9ffc27847fb6421eeb8930bd3848f8,pending_review,validation_reasons_present;not_priority_review,system_conservative_policy,,,1.0.0
standard_auto_decision_a5de5b13ac995071f7ed,standard_rule_65a2cb14aec704bfc768,standard_review_source_13427e795d5d71c5a271,1acca1573b63010b88ea9a9d603a53dccf2644a881f9f7d2db6b73977a6e1b29,pending_review,validation_reasons_present;not_priority_review,system_conservative_policy,,,1.0.0
standard_auto_decision_0254966719e2f1e629bb,standard_numeric_b4abe91587461b6e0ce1,standard_review_source_13427e795d5d71c5a271,ff219a0c5c8046810a4d5b2ab38de537e0b3d02bc5f989c8d116c8225fdac856,pending_review,validation_reasons_present;not_priority_review,system_conservative_policy,,,1.0.0
standard_auto_decision_b6e9409dfd1f7e7c23d1,standard_rule_cf0dc29ef029554fcab8,standard_review_source_13427e795d5d71c5a271,c5b747a9e7c213e149e05083558fefce7ad1a33802b0f3da0294634de70c53d4,pending_review,not_priority_review,system_conservative_policy,,,1.0.0
standard_auto_decision_ede96b5da0f7ec34a145,standard_rule_a31161980824c74c7fe8,standard_review_source_13427e795d5d71c5a271,25576184afc90012e98df43eb7e2fe502fa235dd7d72b7f5f2af106d9706e13e,pending_review,validation_reasons_present;not_priority_review,system_conservative_policy,,,1.0.0
standard_auto_decision_e126565ade7bdb058fb4,standard_rule_a534d9736326201c29c0,standard_review_source_13427e795d5d71c5a271,b4ffe358d4ef4511b0ac11d30390bc37287d06802c76dcdaf8b3c78c37bc9b37,pending_review,validation_reasons_present;not_priority_review,system_conservative_policy,,,1.0.0
standard_auto_decision_8d497d0193b0dec4e632,standard_rule_a88499260ca030e5c94b,standard_review_source_13427e795d5d71c5a271,d4d1eaab6ce9eefc69002347e6acfd094f98d08068a26923490fc92a924c3831,accepted,conservative_auto_finalization,system_conservative_policy,,,1.0.0
standard_auto_decision_a8fba1c4bd0aa6f074ee,standard_numeric_213173f07761a9b87c54,standard_review_source_13427e795d5d71c5a271,8a223b550590b0a741e021087d848607eaa965d6f3450a8688f4f96e59f7c353,pending_review,validation_reasons_present;not_priority_review,system_conservative_policy,,,1.0.0
standard_auto_decision_3be86d47d7f94ef46205,standard_numeric_7f0a2e72c74de691dbca,standard_review_source_13427e795d5d71c5a271,58dda580bcaf4f97b04ae92e6e5e4530e692b190439a21a6ef86804a9a4cbe77,pending_review,validation_reasons_present;not_priority_review,system_conservative_policy,,,1.0.0
standard_auto_decision_e23c28bec467a259471b,standard_numeric_e55d83150dc9e2a8282b,standard_review_source_13427e795d5d71c5a271,d6759e875f8c99bf4368137413913779f22304cf067fd97660a2c26423af4394,pending_review,validation_reasons_present;not_priority_review,system_conservative_policy,,,1.0.0
standard_auto_decision_7d7f19f57a39b803fa15,standard_rule_e2282bc2299cc39324b9,standard_review_source_13427e795d5d71c5a271,970c72c5fa5e7b0287df8b54ac536994a9e9cf01104e736a74adc0d47041a6d4,accepted,conservative_auto_finalization,system_conservative_policy,,,1.0.0
standard_auto_decision_6c4cdc3550c2a603fb59,standard_numeric_a4b03206ea791b6861e1,standard_review_source_13427e795d5d71c5a271,db65e2ec19d4d9738257c5be88d09f8feeb8e90340b8e68e11f11c8913c5bd6e,accepted,conservative_auto_finalization,system_conservative_policy,,,1.0.0
standard_auto_decision_808d30c26a93ab7c6424,standard_rule_f632614ecf7387421d35,standard_review_source_13427e795d5d71c5a271,a2d0dc271906d3d43917c87e76e4cb5c9ba9ced44e8d5a126236307067270f74,accepted,conservative_auto_finalization,system_conservative_policy,,,1.0.0
standard_auto_decision_9b22b6776e5f9401b054,standard_rule_b5b685dff68ecc4d59cd,standard_review_source_13427e795d5d71c5a271,3096d704682996da4fa189d165da32a84ec8832b2a1971abfa17141c91ab85af,accepted,conservative_auto_finalization,system_conservative_policy,,,1.0.0
standard_auto_decision_adc76893b0a8c4fdb788,standard_rule_422a532a0e18eb9cb480,standard_review_source_13427e795d5d71c5a271,5419e14d592cc1ff5eb84925742e9b7ba8dc69d5db31dab5efcdda578742b32b,accepted,conservative_auto_finalization,system_conservative_policy,,,1.0.0
standard_auto_decision_e259b34958cb3a969501,standard_rule_e9bfe2e442f4cc328e27,standard_review_source_13427e795d5d71c5a271,04ab13bbd191a56384a0c8f71a7bb126a6940dd866aa1445debdcda624419668,accepted,conservative_auto_finalization,system_conservative_policy,,,1.0.0
standard_auto_decision_cbb3dee01f10bc13ed91,standard_rule_af018e8b968b37a54c1d,standard_review_source_13427e795d5d71c5a271,3c8271befcb2ea88159dfe8997e192ec59dfea0697261a5cc1080eb206f1d8ba,accepted,conservative_auto_finalization,system_conservative_policy,,,1.0.0
standard_auto_decision_fca741e0cb39a09533ed,standard_rule_1981a972cb532fa919e7,standard_review_source_13427e795d5d71c5a271,447af4a714d7fb0bc16e64df8802635fafc603662ef2123c402ff2afcd12d6dc,accepted,conservative_auto_finalization,system_conservative_policy,,,1.0.0
standard_auto_decision_c6f11d56d8664ecd4f2d,standard_rule_70d3dcfa2757180f8b01,standard_review_source_13427e795d5d71c5a271,0cebbbc0f069a4fb8787785f4f6f0fbe6ec15fbc316e3d98266ebb8088c9898e,accepted,conservative_auto_finalization,system_conservative_policy,,,1.0.0
standard_auto_decision_99accd8457347a3c3e73,standard_rule_5b6bb1b6fa99e3fb4c61,standard_review_source_13427e795d5d71c5a271,a93cdb34e3d2631967d0764d906eebe3ffafd0d18ae135845df391f72416bd3d,accepted,conservative_auto_finalization,system_conservative_policy,,,1.0.0
standard_auto_decision_d51fa2180a8f113e8d55,standard_rule_1f985d32aa6129e4093a,standard_review_source_13427e795d5d71c5a271,e907d45a3ff9ba8bca9328107b90e7778718ee1ee6e1fc1671034e1d72b63a18,accepted,conservative_auto_finalization,system_conservative_policy,,,1.0.0
standard_auto_decision_52ceffc9c7421c4d233c,standard_rule_650bdba1f02a67ecea19,standard_review_source_13427e795d5d71c5a271,6c7413c58326ed6d5b268984739c6b498230a7a8aea53048f36a8e8305971f41,accepted,conservative_auto_finalization,system_conservative_policy,,,1.0.0
standard_auto_decision_8aa33b59956694c9b343,standard_rule_26cbe5f6c3b67330d747,standard_review_source_13427e795d5d71c5a271,e1b4e48f6af7b2bf8abf04091189e95b74345d2772dabea654ae1aab44bcf41b,accepted,conservative_auto_finalization,system_conservative_policy,,,1.0.0
standard_auto_decision_77dd555855539f0bf6fa,standard_rule_4b46080c6178bf37cb06,standard_review_source_13427e795d5d71c5a271,3a214bbc7619468d000eb818adc1d40007991f55f1e1ab1cfb70aedc1ceaf2df,accepted,conservative_auto_finalization,system_conservative_policy,,,1.0.0
standard_auto_decision_6768458bb33de9cc5e70,standard_rule_54302ed3cfbe6fccbfc3,standard_review_source_13427e795d5d71c5a271,8fd1581a6f4ec5c4b77da6882ad90a51309616db51392e0ed389fc65f6b61052,accepted,conservative_auto_finalization,system_conservative_policy,,,1.0.0
standard_auto_decision_a737069918e985cfadb4,standard_rule_a6a9152e8d31f052dcba,standard_review_source_13427e795d5d71c5a271,11845576775b390bae5dce3e16ffac75e84430253e24b0eb2c8b59f99cece825,pending_review,validation_reasons_present;not_priority_review,system_conservative_policy,,,1.0.0
standard_auto_decision_ed74757d5933888d34b7,standard_rule_04957ab027cb52c4a7c8,standard_review_source_13427e795d5d71c5a271,b9720a56e63a222b953cfc6c0e0a5cbca627b398d7812ab943b5273890496ca9,accepted,conservative_auto_finalization,system_conservative_policy,,,1.0.0
standard_auto_decision_e1b487d095214e80abee,standard_numeric_2148fac664dbc6208031,standard_review_source_13427e795d5d71c5a271,388b8545e6b266e8ca4eaaf720d7a46809da7899bebae822365f4948480a4ecb,accepted,conservative_auto_finalization,system_conservative_policy,,,1.0.0
standard_auto_decision_5c3a6576b6e5200cf487,standard_rule_98cab16af94373f24c0a,standard_review_source_13427e795d5d71c5a271,e84988d9c306f7afb18665316ba6b57ca7e27d938e6f91eefb7eaee5744647a3,accepted,conservative_auto_finalization,system_conservative_policy,,,1.0.0
standard_auto_decision_c1c720e8e6457da65965,standard_rule_e9fb521015045ead26b8,standard_review_source_13427e795d5d71c5a271,99111aa060f5ce1e7c2273d6e56ccc69cf8d93328895eed9239946cbb9683172,pending_review,validation_reasons_present;not_priority_review,system_conservative_policy,,,1.0.0
standard_auto_decision_4891c366823581c9434f,standard_rule_0b99fb87c56a74503be5,standard_review_source_13427e795d5d71c5a271,b93432b783a3cd5178a17c57b735e9f724a56fa3777b4b874555dadb3b6cb30a,accepted,conservative_auto_finalization,system_conservative_policy,,,1.0.0
standard_auto_decision_0d1794ed8e71bad57e5a,standard_numeric_31b05e3f95dff54943be,standard_review_source_13427e795d5d71c5a271,e868c98100cc16c22c9509f2374fa4974ce92a7d30fb6a921b143671b5781da5,accepted,conservative_auto_finalization,system_conservative_policy,,,1.0.0
standard_auto_decision_9415806db08e379ee97a,standard_rule_c02c139db3711e60c0af,standard_review_source_13427e795d5d71c5a271,70437a2e6a6325eb80e28f9fb072d0ad29c61662174836317d096ee147b3a1d3,accepted,conservative_auto_finalization,system_conservative_policy,,,1.0.0
standard_auto_decision_49dd84bf1c922a01fc56,standard_rule_7450e881e2e1c63ea332,standard_review_source_13427e795d5d71c5a271,24f684740f9a04efe1629aa70a8447f2817acbb0f2bba9d005752f46e320c4cb,accepted,conservative_auto_finalization,system_conservative_policy,,,1.0.0
standard_auto_decision_41a0eab08ee4f072acee,standard_rule_44b6319f91ee49eda027,standard_review_source_13427e795d5d71c5a271,f45d83a3649022d1eaf3729d01d850d2f5d162be024d919ed6a7bce21b241f40,accepted,conservative_auto_finalization,system_conservative_policy,,,1.0.0
standard_auto_decision_a6ed02cb4fc6422e2232,standard_numeric_ee1777e49bf4ed53cb09,standard_review_source_13427e795d5d71c5a271,f82b44c57b36286a855d5215d7be939a80fd2eaac8511c4899163ad8ad38c8a4,accepted,conservative_auto_finalization,system_conservative_policy,,,1.0.0
standard_auto_decision_96db296ddee129500c27,standard_numeric_790cbd34df3381cdc693,standard_review_source_13427e795d5d71c5a271,8f80bece07a7e2660924d63818f83c626f046adaa74481aba8b1fe320c307e7c,accepted,conservative_auto_finalization,system_conservative_policy,,,1.0.0
standard_auto_decision_3c1dc4d2c4a4b371c363,standard_numeric_11006904cd585e8f1d57,standard_review_source_13427e795d5d71c5a271,fb99c55ce0237baa8748162727713e3d79a700f41e312ce1b8c70326a8a2cbfb,accepted,conservative_auto_finalization,system_conservative_policy,,,1.0.0
standard_auto_decision_4e85f07e910d7a48bedf,standard_rule_07ed1693349388261fc8,standard_review_source_13427e795d5d71c5a271,7c61ccf1b2e819a7549b032b002faa4cca3e57612fc802e02ed7879af34f5353,pending_review,validation_reasons_present;not_priority_review,system_conservative_policy,,,1.0.0
standard_auto_decision_f529d1740398f9ebcb63,standard_rule_e4ff273fce56cddd5d35,standard_review_source_13427e795d5d71c5a271,023c4ddce04ecee64df3052d84bea4614f6fec76ece81ce1d711e89e444744d5,accepted,conservative_auto_finalization,system_conservative_policy,,,1.0.0
standard_auto_decision_4a4b510d9e55c245d466,standard_rule_5e3684a72806064e8143,standard_review_source_13427e795d5d71c5a271,aa9743c89f25d13bb8de4bd90bf815a4afc58374cf8ab7033621ab3eb0f42b70,accepted,conservative_auto_finalization,system_conservative_policy,,,1.0.0
standard_auto_decision_7f8e7874ed15db9779b9,standard_rule_2a3235d070f3ad46b833,standard_review_source_13427e795d5d71c5a271,6ef898008500ba357f938351d9f531eeee098e91d9906967d64d624ca535e2d8,pending_review,not_priority_review,system_conservative_policy,,,1.0.0
standard_auto_decision_c3d483d233ed5f2a9403,standard_rule_24c8cbd18164c14f26c0,standard_review_source_13427e795d5d71c5a271,ab86e3bb3106fb245a90ebc688a2400e0566559c5acc6d878a04dff07bbc4272,accepted,conservative_auto_finalization,system_conservative_policy,,,1.0.0
standard_auto_decision_c6d2ded0f8afc90bcdb1,standard_rule_cf8fe655356434998945,standard_review_source_13427e795d5d71c5a271,564c37535f7865ea74779091ab97ba1ece48e3c3751ea8694ec199521578ba34,pending_review,not_priority_review,system_conservative_policy,,,1.0.0
standard_auto_decision_6fee8949734f59527727,standard_numeric_78388e67ce059b41bbf6,standard_review_source_13427e795d5d71c5a271,5e304db49a9aabac584d0a006065792dd81695e8428ea6cc0681200f43c64f7c,accepted,conservative_auto_finalization,system_conservative_policy,,,1.0.0
standard_auto_decision_7ad582bccd047a373015,standard_numeric_c84bac310d2109b21eaf,standard_review_source_13427e795d5d71c5a271,e2fca34888c0ece48d0ba7cf24f77c5cff1485c519059ae2265dbeb918f9ebe5,accepted,conservative_auto_finalization,system_conservative_policy,,,1.0.0
standard_auto_decision_27723684dd4b0d581fc7,standard_rule_1e781f686be2d39425e1,standard_review_source_13427e795d5d71c5a271,8301097910e4f49b1a5a4f4c34df458aba7b53cdf488b6fc6496499c974ea801,accepted,conservative_auto_finalization,system_conservative_policy,,,1.0.0
standard_auto_decision_b5cbf2b5604cf7c20d50,standard_rule_ec9bec4e3bb105fe093c,standard_review_source_13427e795d5d71c5a271,591b6af8540ea6f27ac0250125cb7249a98b075d3ead9551ab308be0253debef,accepted,conservative_auto_finalization,system_conservative_policy,,,1.0.0
standard_auto_decision_981ac31900c54562e9ac,standard_rule_b3e13dfed7743cbced63,standard_review_source_13427e795d5d71c5a271,7a0cdf4aab440f5b75e6335dafa4f88adfc29c9f91cd8111c415b1be195fb574,accepted,conservative_auto_finalization,system_conservative_policy,,,1.0.0
standard_auto_decision_c13bdc1f7450cf78f953,standard_rule_318af5ff2466de40cbaf,standard_review_source_13427e795d5d71c5a271,ce5a78a39b038ffbd56635cab9cfbc3bcc38779e79f9d61e90058855ae9e9049,pending_review,validation_reasons_present;not_priority_review,system_conservative_policy,,,1.0.0
standard_auto_decision_a811fb56bfc510cc4219,standard_rule_79ad0828c5573e62243f,standard_review_source_13427e795d5d71c5a271,9d7bd3fc146b0842c97eccce05bf664619a006ca2a259e154bb19ca50eb02e9b,accepted,conservative_auto_finalization,system_conservative_policy,,,1.0.0
standard_auto_decision_f923294a698e3e99ef5e,standard_rule_201c97be80eb029c342b,standard_review_source_13427e795d5d71c5a271,e5edb39456137e69142c9cf8b6c4e77afb77962769579483467ecf57341555e4,accepted,conservative_auto_finalization,system_conservative_policy,,,1.0.0
standard_auto_decision_bf08f322523f9f17b134,standard_numeric_514166ca755fe3834a2d,standard_review_source_13427e795d5d71c5a271,48ec18c732e6ff32622bca5fb849a52ab885a0ccb6eaca04e8549899f481ef44,accepted,conservative_auto_finalization,system_conservative_policy,,,1.0.0
standard_auto_decision_a16b5007a774cce09d55,standard_numeric_8948a6377661e81f5a3d,standard_review_source_13427e795d5d71c5a271,42a52b6523794dd9d64c8d2188c2cc85b6f0ab9b26be4716d9be790b0822df2e,accepted,conservative_auto_finalization,system_conservative_policy,,,1.0.0
standard_auto_decision_2e695d6eb1334c6382c7,standard_rule_e808def2ec4f6b8c8e9c,standard_review_source_13427e795d5d71c5a271,9dcac452afe6f29d285050e53a741a47450beea754f404c578ffca047570635c,pending_review,not_priority_review,system_conservative_policy,,,1.0.0
standard_auto_decision_20d75343cfb54f51c5a5,standard_rule_9724845cca496fbb51f1,standard_review_source_13427e795d5d71c5a271,4921d112b4a0de18f395a3aca11775fb0365104518634a39f5478b31b1340793,pending_review,not_priority_review,system_conservative_policy,,,1.0.0
standard_auto_decision_3a274a6c215bf3f3a48c,standard_numeric_2596b693b39ebc38ae5c,standard_review_source_13427e795d5d71c5a271,630e02955c5629a7199c779749fffe84fbae6b9cfbf6114279e493d670780260,accepted,conservative_auto_finalization,system_conservative_policy,,,1.0.0
standard_auto_decision_c2d8bc5b40a1d06ac9ef,standard_numeric_f95d461400fc1fae307f,standard_review_source_13427e795d5d71c5a271,a27353b5a8319a2d98b2892ba9feafc8433ddcc95344ff6de5ddfd06574f3743,accepted,conservative_auto_finalization,system_conservative_policy,,,1.0.0
standard_auto_decision_32dcc9f41979d9452c46,standard_rule_38303115647406f542e7,standard_review_source_13427e795d5d71c5a271,e93f294c3c2419b316d1c3a635e5550fca161df7c45a20fa052e74e8ffcf3f68,pending_review,not_priority_review,system_conservative_policy,,,1.0.0
standard_auto_decision_a011574b5b2c48b13e17,standard_rule_a572045ddd11aee40253,standard_review_source_13427e795d5d71c5a271,92b4595b05fa1566229010bb453fa170b5684caa3157c844777ffb7160dbe617,pending_review,not_priority_review,system_conservative_policy,,,1.0.0
standard_auto_decision_dd7a2a0d042539423c6b,standard_rule_a84e3184bfa384c3768b,standard_review_source_13427e795d5d71c5a271,160982e93bba11399a32ea3408b9a049c9a885e56cfb5bb9a095f24ff2389793,accepted,conservative_auto_finalization,system_conservative_policy,,,1.0.0
standard_auto_decision_eff7703bacb62b5bbbc0,standard_rule_14456b4a33572e1b4235,standard_review_source_13427e795d5d71c5a271,3428f036418015da880e32d5a3c31d9efbc63c58f04fc4613ccda5ba3639fe11,pending_review,not_priority_review,system_conservative_policy,,,1.0.0
standard_auto_decision_e64b7da9d5049f737c54,standard_rule_60585f5e5f764b978b72,standard_review_source_13427e795d5d71c5a271,d07cc7916dce9c218dc3c81de69f6f8c220ba9cc716c0119e2f7d0adb0c61938,accepted,conservative_auto_finalization,system_conservative_policy,,,1.0.0
standard_auto_decision_3d73ff620ac72c7b9432,standard_rule_2605d77e7dee1268ab9e,standard_review_source_13427e795d5d71c5a271,e9c6c84cbb2a7de3b515f9c42db1c5444075c4f819253d76204067c32f75a879,accepted,conservative_auto_finalization,system_conservative_policy,,,1.0.0
standard_auto_decision_aeb478fa681a2706f907,standard_rule_031ff462562fd2470945,standard_review_source_13427e795d5d71c5a271,8ac2d6bbcdf6ee680b7dc36e9584f05a138620493a3e354c9949f40ad25db956,pending_review,not_priority_review,system_conservative_policy,,,1.0.0
standard_auto_decision_67d3e2ee3114362ae780,standard_rule_17d66f3ae2264e72f41d,standard_review_source_13427e795d5d71c5a271,2d352a311ef2e1e3260476d2750f1164c3b208ebbcb26b9afe36086a1ced9d39,accepted,conservative_auto_finalization,system_conservative_policy,,,1.0.0
standard_auto_decision_8ad9a6edead3cc2e3d7a,standard_rule_7b66972be58736f72874,standard_review_source_13427e795d5d71c5a271,a11b9da7226018f828da5bfca110128caf1bd2b3f4d1b277532b13186fbd353a,accepted,conservative_auto_finalization,system_conservative_policy,,,1.0.0
standard_auto_decision_da0af50cd178c8f24a33,standard_rule_d7fdc57d206f2488bd9f,standard_review_source_13427e795d5d71c5a271,6c52af2dfed704443728a9785a93135d7d96c9a23e3b9ef741ae7a049ee43e0b,accepted,conservative_auto_finalization,system_conservative_policy,,,1.0.0
standard_auto_decision_b29c63797bef82d312bc,standard_rule_a0c0ee8adbce6e452439,standard_review_source_13427e795d5d71c5a271,98c5f3166499b56992b1be158b917c334e745dd0af153d0a8e6aac9d419bd45a,accepted,conservative_auto_finalization,system_conservative_policy,,,1.0.0
standard_auto_decision_360c960b0240ace24d98,standard_rule_5415fdcbf3c59ca74d74,standard_review_source_13427e795d5d71c5a271,a05d5c6fb527565ff1ab02f185aaa77648dff93816164602d35136acfd22aea7,accepted,conservative_auto_finalization,system_conservative_policy,,,1.0.0
standard_auto_decision_033595df547b15e1af03,standard_rule_084564e46f33ff6cd77e,standard_review_source_13427e795d5d71c5a271,1d6064f2b130f4fc9601b876742badad3fb09c74801be0195442d0637e569bbb,accepted,conservative_auto_finalization,system_conservative_policy,,,1.0.0
standard_auto_decision_75fdd5d893ef882638df,standard_rule_87b9a6aa9a28b3f9e982,standard_review_source_13427e795d5d71c5a271,45850f54c12f85d720c2ac5901d0d67d95de7adc965baae4b62ac5a934a89847,accepted,conservative_auto_finalization,system_conservative_policy,,,1.0.0
standard_auto_decision_63eb61d50f2a87aaa29b,standard_rule_5a1345100d3cf2f3821e,standard_review_source_13427e795d5d71c5a271,76041b9178445e654ac279bd1ccc65a11656cc72235f15c9d0340bff8e674c2c,accepted,conservative_auto_finalization,system_conservative_policy,,,1.0.0
standard_auto_decision_657fd0230daa0527c618,standard_rule_4d998ddf58b6ffb0f668,standard_review_source_13427e795d5d71c5a271,0ec10b655e3fc3a00c35e7a573c57f2ac31e0c3e6a0d9fcfc7e8110c679de5f7,accepted,conservative_auto_finalization,system_conservative_policy,,,1.0.0
standard_auto_decision_a84f7fcadda9ef037ac3,standard_rule_dabdc846d30dc96ac351,standard_review_source_13427e795d5d71c5a271,9f6f2f3bad3f6dc58dceb8393a54d1fc22d47453a623b7dbdd2a801747cce446,accepted,conservative_auto_finalization,system_conservative_policy,,,1.0.0
standard_auto_decision_3c52679aa9b3f94bd357,standard_rule_d94365c41bc65cc71edb,standard_review_source_13427e795d5d71c5a271,e1d24ccae0e50b3786358c48ada881c7294dde8a362fe65d90147929e9297b25,accepted,conservative_auto_finalization,system_conservative_policy,,,1.0.0
standard_auto_decision_6c3ec8bd453977213854,standard_rule_5a8892f6414a5b474fef,standard_review_source_13427e795d5d71c5a271,90022fd68f074d8814ff89727e7a9da6bcb722ee838457f8734e7d6b21c54db6,accepted,conservative_auto_finalization,system_conservative_policy,,,1.0.0
standard_auto_decision_c03aa369e5b0b9330c67,standard_rule_d523b6d8160e4f11834c,standard_review_source_13427e795d5d71c5a271,8f59950ac8e972cbc695785d17f8a0857df240f571aea5645f756e951a652577,pending_review,validation_reasons_present;not_priority_review,system_conservative_policy,,,1.0.0
standard_auto_decision_0694815bb831d7d4972e,standard_rule_500e05db120595fb2869,standard_review_source_13427e795d5d71c5a271,0ab3b29c49007a39750785bad0dad8298c4a07b4f910cce5e64b028e4cdde3ec,accepted,conservative_auto_finalization,system_conservative_policy,,,1.0.0
standard_auto_decision_0bec0a52070a2252656f,standard_rule_598e67807a456f3a2737,standard_review_source_13427e795d5d71c5a271,3e86c47bfd8ea31094fe2b38e21387bb8b079e8183043fa72b9e2ee663382a85,accepted,conservative_auto_finalization,system_conservative_policy,,,1.0.0
standard_auto_decision_713e85bf2aaf8e8aa4cb,standard_rule_682d4c0128346ba4ce75,standard_review_source_13427e795d5d71c5a271,7ed19b96f9fba5e253b1c11888ad5f1f578eab695f47aee9661c435892772c5d,pending_review,validation_reasons_present;not_priority_review,system_conservative_policy,,,1.0.0
standard_auto_decision_2152a74c27a2dd293f8b,standard_rule_42071a7600c1f0549ae6,standard_review_source_13427e795d5d71c5a271,e7d10e21873c1d8817907fa934fdf03a45b1ff5e759277ef978fc70d5604af09,accepted,conservative_auto_finalization,system_conservative_policy,,,1.0.0
standard_auto_decision_29ade6dd77416d153717,standard_numeric_7086d47282c8dff69688,standard_review_source_13427e795d5d71c5a271,bc74a24bf64ce81a6390969840e4def7d116f7515de0882b48e24e08a9fee17e,accepted,conservative_auto_finalization,system_conservative_policy,,,1.0.0
standard_auto_decision_2621739c36a22984361f,standard_rule_7aee4decefb0868a5ecd,standard_review_source_639f72c2afb4f5ab9908,a83736682ad7af63a7c8ec923826e490b86c9b53a0419abb07f5eb73ed5b3652,pending_review,validation_reasons_present;not_priority_review,system_conservative_policy,,,1.0.0
standard_auto_decision_87c58ca959dcd4caab0e,standard_rule_4a17397396915f81c747,standard_review_source_639f72c2afb4f5ab9908,7a19d59a905ddca1a8bc9d79fbe2d245935eb87fbd4780843a1879a9f4f601dd,pending_review,validation_reasons_present;not_priority_review,system_conservative_policy,,,1.0.0
standard_auto_decision_6d667b15086628551014,standard_rule_22a857bd80b18f19abe8,standard_review_source_639f72c2afb4f5ab9908,4bde043d2436e5b6676c2d1045da160711557db5e38fed15db88e6cbe27d24da,accepted,conservative_auto_finalization,system_conservative_policy,,,1.0.0
standard_auto_decision_766e2edc638e989c8942,standard_rule_85c033034b25f0bf3a93,standard_review_source_639f72c2afb4f5ab9908,cc0237f658d0a58f59cb44b20d21bee95617b44124138c27b0d3e6b8e97b27c1,accepted,conservative_auto_finalization,system_conservative_policy,,,1.0.0
standard_auto_decision_d4f96a88616848468d11,standard_rule_f9409b86fa48024056f7,standard_review_source_639f72c2afb4f5ab9908,81ef5738eb4d54a148b66d28fe65b985b7208531e57ac78a932e294acfbd46a3,accepted,conservative_auto_finalization,system_conservative_policy,,,1.0.0
standard_auto_decision_93758b84e89107d4232c,standard_rule_49c0e102955e6d38d85a,standard_review_source_639f72c2afb4f5ab9908,a7113df560eaf486004a33c2225cc0bd24229fbc32150ab1ca369951d7760a5e,accepted,conservative_auto_finalization,system_conservative_policy,,,1.0.0
standard_auto_decision_6715bbe7ae0a6d7d12cf,standard_numeric_4ca6a01a1497adb75e24,standard_review_source_639f72c2afb4f5ab9908,b3ea75ed147e0069cf537d0afeff47d17a10de6ff4958121894866363ff576d8,accepted,conservative_auto_finalization,system_conservative_policy,,,1.0.0
standard_auto_decision_74fc547ca3fb1dcb39b0,standard_rule_f7251e059e7c726d4934,standard_review_source_639f72c2afb4f5ab9908,8703464e5c44d46cfa5920076d990f153badbb943708ba74e13da1c7e79afb57,accepted,conservative_auto_finalization,system_conservative_policy,,,1.0.0
standard_auto_decision_dbf62ae03be0f6a115ba,standard_rule_97a837d9a4adb0a4cfe9,standard_review_source_639f72c2afb4f5ab9908,a570a1cc6554678936fee6f19be83df71932413cbc66229e255d048fcdf3aa1c,accepted,conservative_auto_finalization,system_conservative_policy,,,1.0.0
standard_auto_decision_906617bcb1e1a7350d60,standard_rule_e1a888674eaa45231b9f,standard_review_source_639f72c2afb4f5ab9908,0e58de75d58748daef808ad30fc60cafdc25a14b886e454c47f586b76fef21a8,accepted,conservative_auto_finalization,system_conservative_policy,,,1.0.0
standard_auto_decision_d979c66ae643a030fc51,standard_rule_cc0add8576048445d554,standard_review_source_639f72c2afb4f5ab9908,35d220abe2ac690fa6176911205265903b1dc4284d330243e1f7219e03092578,pending_review,not_priority_review,system_conservative_policy,,,1.0.0
standard_auto_decision_4a74d3f9d541ad27db3d,standard_numeric_85e86990333221d8cc65,standard_review_source_639f72c2afb4f5ab9908,3346a0c423d79c2a60a1b9a98510a89e0b3037e771e21c0bbcfcd350d20dcabb,accepted,conservative_auto_finalization,system_conservative_policy,,,1.0.0
standard_auto_decision_e4567c410763f126a471,standard_rule_361ce18dd7c3bd3f14f2,standard_review_source_639f72c2afb4f5ab9908,46d5cc7334406dbd9a1cfc829343ef2dc30b884ce7305099c61ac1bfcd63cdf3,pending_review,not_priority_review,system_conservative_policy,,,1.0.0
standard_auto_decision_60fccd79b8c7807b12c5,standard_rule_1f7e34e81bbdf9d6cd22,standard_review_source_639f72c2afb4f5ab9908,e755f63efb43ac15ee6d5214fa5b38b18d0882608c0230f4536b961296b10132,accepted,conservative_auto_finalization,system_conservative_policy,,,1.0.0
standard_auto_decision_8b3b6226bdaa7ec6a441,standard_rule_1f195d30c9b4f6c52cf8,standard_review_source_639f72c2afb4f5ab9908,443e759bc77d8e2dd901b78a573fd72e76b33435b6678d9e9a494dada3751dfc,accepted,conservative_auto_finalization,system_conservative_policy,,,1.0.0
standard_auto_decision_2408cb386cd3385066dd,standard_rule_fe85df96e55462659f73,standard_review_source_639f72c2afb4f5ab9908,9ea75d3bd548ff5843a80df4c2e845fcab92fe5d1bfe1da6e5c522eed53d2b41,accepted,conservative_auto_finalization,system_conservative_policy,,,1.0.0
standard_auto_decision_eef104170e7b18bdcd54,standard_rule_a5995cff11d7ea9bb1a0,standard_review_source_639f72c2afb4f5ab9908,1de93da8817d8ccaa360f8510d6fa01848c7df74bc70398657f3de54219ca093,pending_review,validation_reasons_present;not_priority_review,system_conservative_policy,,,1.0.0
standard_auto_decision_329f43d6bed6a05ac81d,standard_rule_bb00cc436a6b6d0e214b,standard_review_source_639f72c2afb4f5ab9908,68e6578a04cee2ce5f5233dbcb4a6d7bc52f67370d8f3d9ceebd573e88d2a8de,pending_review,validation_reasons_present;not_priority_review,system_conservative_policy,,,1.0.0
standard_auto_decision_b78bfd3a0c6a43c103a1,standard_rule_37c203a278e1de29a918,standard_review_source_639f72c2afb4f5ab9908,884b6808ae907a3169826afd7267237e6eb0c6226e77e56b6f9b63e8bdfddacd,pending_review,validation_reasons_present;not_priority_review,system_conservative_policy,,,1.0.0
standard_auto_decision_b22b326c9ac042875ae0,standard_rule_f65eb0d8add2d7cc116c,standard_review_source_639f72c2afb4f5ab9908,67a3ea8f8572926e4f7c1517e0b5658ba88b18856ac55d41b138b50c80d38659,accepted,conservative_auto_finalization,system_conservative_policy,,,1.0.0
standard_auto_decision_ab4f921d1ff0e46fca68,standard_rule_689bbc11f317063b86ec,standard_review_source_639f72c2afb4f5ab9908,a79112d3bd37feec5f2f96107b3ab85ed748bc93825c08ed5b8b04eca2b059ba,accepted,conservative_auto_finalization,system_conservative_policy,,,1.0.0
standard_auto_decision_929c18c180e5df4917b3,standard_rule_6f2dbf360f19e236d3dd,standard_review_source_639f72c2afb4f5ab9908,1c97a47435212a1057618b8f3343b9ffdb3dcfa6a50046fe6ece3c5b1986ce22,pending_review,validation_reasons_present;not_priority_review,system_conservative_policy,,,1.0.0
standard_auto_decision_0bc3f08a0a87de86dfe0,standard_rule_a547535f2f389068830a,standard_review_source_639f72c2afb4f5ab9908,e3c593998e96c0436bc6c8b934ef747aa148ff612b8ddedb24ffe400235b998f,accepted,conservative_auto_finalization,system_conservative_policy,,,1.0.0
standard_auto_decision_33a9219c57e813ea8e64,standard_rule_2080e9c86a9b0cb03f42,standard_review_source_639f72c2afb4f5ab9908,ffda11bdcdb449f47302471f236fd499563cc141e8cb82267456c057fde8de5c,accepted,conservative_auto_finalization,system_conservative_policy,,,1.0.0
standard_auto_decision_0a28826397eff97b8fbe,standard_rule_c9859488c0c6924ae11c,standard_review_source_639f72c2afb4f5ab9908,cce60ced1fff13146ba887e9855edaafb1c89cd182b8fd62d1273f7c805948f5,accepted,conservative_auto_finalization,system_conservative_policy,,,1.0.0
standard_auto_decision_7fad55283fb46db191eb,standard_rule_8bdc2b03d1138af1b080,standard_review_source_639f72c2afb4f5ab9908,7068681ae1c17ccbfc5aa22a9a961d288bb16678f70f0846c327327899542e6f,accepted,conservative_auto_finalization,system_conservative_policy,,,1.0.0
standard_auto_decision_053c9624376073b9f6b7,standard_rule_49039c6751c04afdeeb1,standard_review_source_639f72c2afb4f5ab9908,a482a6bc96bff334ea027b6aa77c022f6a19111160292041e65c2744fef11493,accepted,conservative_auto_finalization,system_conservative_policy,,,1.0.0
standard_auto_decision_b85e48f362c2563aa6bf,standard_rule_3dcc1644edde582a9721,standard_review_source_639f72c2afb4f5ab9908,1f58bad6b0ff68573dc475b17b6e953664dfd0debe97c025185a65dc1d766af9,accepted,conservative_auto_finalization,system_conservative_policy,,,1.0.0
standard_auto_decision_e2cd66cb4fcdb8708028,standard_rule_b19a48e3a96b4872779c,standard_review_source_639f72c2afb4f5ab9908,f86b89454b06bbe2f4dda6bc7d53cf5929d01cceb2a09ba63921c822e41afeae,accepted,conservative_auto_finalization,system_conservative_policy,,,1.0.0
standard_auto_decision_70b705772fdfdb62ab8f,standard_rule_41ec2ab54310567631bd,standard_review_source_639f72c2afb4f5ab9908,479513e2566ca31735f972e01e2885cd23e16ed156d882003c9f5e6a111a082a,accepted,conservative_auto_finalization,system_conservative_policy,,,1.0.0
standard_auto_decision_f9d1c0271b766a49cb70,standard_rule_bf12d1c4c614a3f2b3c0,standard_review_source_639f72c2afb4f5ab9908,20cd3b9db9ad00051272b7a6b5328a9405468e3fe9734d711330b23ffa23030b,accepted,conservative_auto_finalization,system_conservative_policy,,,1.0.0
standard_auto_decision_816b3b28ed8029b20902,standard_rule_449f60f24b904ae5158d,standard_review_source_639f72c2afb4f5ab9908,43fca2e0a45745e81ae90e5f6ed377d8e6e46d0100238b4582da0a9b29c66b69,accepted,conservative_auto_finalization,system_conservative_policy,,,1.0.0
standard_auto_decision_cd5ba15762f2b155027c,standard_rule_57586491ff6588f63bae,standard_review_source_639f72c2afb4f5ab9908,b0e8afb41a7fe45a891d6fdbc95e70d551405def05adac2247bb74dabd5da357,pending_review,validation_reasons_present;not_priority_review,system_conservative_policy,,,1.0.0
standard_auto_decision_1116c51643660ebbe1b5,standard_rule_995f98ab1196f95d465e,standard_review_source_639f72c2afb4f5ab9908,18691d89b5d44cacfb1d1ee9a4c288d84a60dc9048394e6541643deb8a5cfd85,accepted,conservative_auto_finalization,system_conservative_policy,,,1.0.0
standard_auto_decision_0ed1255c03ecb40ee468,standard_rule_bd831b605dd11024140f,standard_review_source_639f72c2afb4f5ab9908,b104fd7016699ed0e87d8f8704f0ebc92eec15391a98aace8b500a8fac8fc43a,pending_review,validation_reasons_present;not_priority_review,system_conservative_policy,,,1.0.0
standard_auto_decision_b5bff9d715530778d824,standard_rule_7285f1d211c29858d2bf,standard_review_source_639f72c2afb4f5ab9908,87f2a8d86e551cbc389b1c8f9075cb03eadfa460aab3ac5a6566de0c59c64cf1,pending_review,validation_reasons_present;not_priority_review,system_conservative_policy,,,1.0.0
standard_auto_decision_8afa0a19f8ebe351023b,standard_rule_c4bb584a049f4647dd2a,standard_review_source_639f72c2afb4f5ab9908,15f5c766ab43378c4592e4148b70e3613ce2ba7672a58afee99c94bc8c3cd01b,accepted,conservative_auto_finalization,system_conservative_policy,,,1.0.0
standard_auto_decision_8250f71842967c5c0f25,standard_rule_6d09941be2ba2a23b582,standard_review_source_639f72c2afb4f5ab9908,4bf7bec8f342e34a3c9b9afa34d11e3c4437b682e33844330a9ab0531a1171a3,accepted,conservative_auto_finalization,system_conservative_policy,,,1.0.0
standard_auto_decision_11146f47239dc5cec993,standard_rule_c43e2ca8684a58f14e64,standard_review_source_639f72c2afb4f5ab9908,6cfd82b5a0bcf41b58b868bff2af98ad0442785413291ac8f102efc99b29787d,accepted,conservative_auto_finalization,system_conservative_policy,,,1.0.0
standard_auto_decision_aaa4cd252099128cd3a3,standard_rule_3ea9737e80e213f59b8b,standard_review_source_639f72c2afb4f5ab9908,e0b7edc84af9a670a33669bb93611f3ca7337c53619d51715a0651542ef9c1b7,accepted,conservative_auto_finalization,system_conservative_policy,,,1.0.0
standard_auto_decision_eb7fe0ac455372717b3d,standard_numeric_6a736e7970df9e650489,standard_review_source_639f72c2afb4f5ab9908,37e523b3d7087a7d2c9d024ca7439c47f58cdf50c7cd8568fba55965c82e3787,accepted,conservative_auto_finalization,system_conservative_policy,,,1.0.0
standard_auto_decision_e3df825e3c4cda47a1cc,standard_numeric_051095f55df8d63e5014,standard_review_source_639f72c2afb4f5ab9908,007b84e2bcece1fe5dd386c50f33d75b69d5e37df6dea3b3614e77893849046c,accepted,conservative_auto_finalization,system_conservative_policy,,,1.0.0
standard_auto_decision_1ddf214acfddc1b774c9,standard_rule_f820a25f79229f41c7ef,standard_review_source_639f72c2afb4f5ab9908,3f5650046a6374f68681362dc33cd131057ecd381dcc9ef9762151e535f406ef,accepted,conservative_auto_finalization,system_conservative_policy,,,1.0.0
standard_auto_decision_3cd7fdd84c6cd63d8f46,standard_numeric_d90ed16839a2ad1a2840,standard_review_source_639f72c2afb4f5ab9908,bed886e8cb3fb6d87f010f0a63c4edecd3e883d0bffbc75fcd341798ddc14577,accepted,conservative_auto_finalization,system_conservative_policy,,,1.0.0
standard_auto_decision_66c0c64de9bd2f96ab21,standard_rule_1d3d6f17a89acd0ddef5,standard_review_source_639f72c2afb4f5ab9908,5a588180d370894233a9c160483197eba434862c2782f5921c47ed2684219f1d,accepted,conservative_auto_finalization,system_conservative_policy,,,1.0.0
standard_auto_decision_e5df6b2a1c8ec83728fc,standard_rule_a292164e0a20cd83efb1,standard_review_source_639f72c2afb4f5ab9908,48752076048bd92e504b410b52594ec32706d1509c4571f6bb68d1758d46b272,accepted,conservative_auto_finalization,system_conservative_policy,,,1.0.0
standard_auto_decision_f3243c3d0eaeabcde446,standard_rule_d5877354280f2dcb3d82,standard_review_source_639f72c2afb4f5ab9908,6f537ae56167600e37849cd2a348e8a3554a120437fa1465973777d3a9f6ba40,pending_review,validation_reasons_present;not_priority_review,system_conservative_policy,,,1.0.0
standard_auto_decision_da041e00a713661ae3ab,standard_rule_c2c36186984f68086367,standard_review_source_639f72c2afb4f5ab9908,10d5a5b2572e6cb9298867101546634adccaaa2284704848b3fcc401c5032c54,accepted,conservative_auto_finalization,system_conservative_policy,,,1.0.0
standard_auto_decision_e36ed7e46cce1d989b30,standard_rule_b0885d7931451ffad3ce,standard_review_source_639f72c2afb4f5ab9908,2a7537f392ac68623085e04435cb6d8f7951ef1441a946b7fb814d914db58aef,accepted,conservative_auto_finalization,system_conservative_policy,,,1.0.0
standard_auto_decision_162c8c274176836581fe,standard_numeric_90c30c2fcc931b674070,standard_review_source_639f72c2afb4f5ab9908,530f944811571610090025ef644f36b18ef6519b656b6065e48849397d86b7ef,accepted,conservative_auto_finalization,system_conservative_policy,,,1.0.0
standard_auto_decision_c665681b047b0f62c815,standard_numeric_16fc27ac9da9ff7b444f,standard_review_source_639f72c2afb4f5ab9908,f61c8b1162a97ef52218c6754f929b1d06f79e917663b993b276883a1831dc63,accepted,conservative_auto_finalization,system_conservative_policy,,,1.0.0
standard_auto_decision_ce067ff01a1022f610f3,standard_numeric_99b0172b842bd38dd5a8,standard_review_source_639f72c2afb4f5ab9908,94678be6ba3cb0fc8bf266040f0682d86bf2a1dd2d5c6d5fa690027e781f94ca,pending_review,validation_reasons_present;not_priority_review,system_conservative_policy,,,1.0.0
standard_auto_decision_bfbe3e42d802c3bbdf5d,standard_numeric_cb007d31cff40f742860,standard_review_source_639f72c2afb4f5ab9908,ecf99d493f6fba3af0cd46ee9cde362cd241b3100a26e1c52975c8d5ddc00369,accepted,conservative_auto_finalization,system_conservative_policy,,,1.0.0
standard_auto_decision_706a7df5fdfeee4553f9,standard_numeric_30586c44c2d5aea05cc3,standard_review_source_639f72c2afb4f5ab9908,9b097b5fc3228575f0d11d4d4fd9c4a9d7bb1ae4caf3512237c609a517800b5e,accepted,conservative_auto_finalization,system_conservative_policy,,,1.0.0
standard_auto_decision_3608758d76732222efa1,standard_numeric_be4ca8ab1fa95b50597a,standard_review_source_639f72c2afb4f5ab9908,0675e8949ef6a04ff3efb1e64484826580835a921d6ad09f3d8666fc50f5e294,pending_review,validation_reasons_present;not_priority_review,system_conservative_policy,,,1.0.0
standard_auto_decision_7834bf569a7dcd28933b,standard_rule_00d80e179662962398b7,standard_review_source_639f72c2afb4f5ab9908,56be44d367f7542b8db308c91f0c2053274bbd935f824fa7b4d338a5851a8f52,pending_review,validation_reasons_present;not_priority_review,system_conservative_policy,,,1.0.0
standard_auto_decision_6fae9d48c4169b55ebf8,standard_rule_ce47a2941f826c8289cb,standard_review_source_639f72c2afb4f5ab9908,f06c9256f0a6c7ebb660e370418f20810ccb41e0addf54a0f9bd5ab23c7f424a,accepted,conservative_auto_finalization,system_conservative_policy,,,1.0.0
standard_auto_decision_fae739695bfaeed45a8e,standard_rule_9fba1b80892d743541b8,standard_review_source_639f72c2afb4f5ab9908,e98678b888c43fad7b90be9ca6e788f00be33ec396825b8964f9245e111f174a,accepted,conservative_auto_finalization,system_conservative_policy,,,1.0.0
standard_auto_decision_5cc28cff2804915798d7,standard_rule_9bcae05934d1089e52ca,standard_review_source_639f72c2afb4f5ab9908,9f49362c9b8bd123882b1de43afb7a0c6fed8ebaa9562171584f886a1acdc6d7,pending_review,not_priority_review,system_conservative_policy,,,1.0.0
standard_auto_decision_8c62ee3940c7de3ed1cf,standard_rule_a4ed419e5843953cb974,standard_review_source_639f72c2afb4f5ab9908,6654d8eb0d0cb3afc52c6308b770b2f7f12abdafec9a31f54c821a72927ec74a,pending_review,not_priority_review,system_conservative_policy,,,1.0.0
standard_auto_decision_59b0b24f92659bff22d8,standard_rule_b99c23ed6fd77606ba85,standard_review_source_639f72c2afb4f5ab9908,d7f459a9be224166dac74634232350780082c45d66a82e05d7a15dc6e671fbdb,pending_review,validation_reasons_present;not_priority_review,system_conservative_policy,,,1.0.0
standard_auto_decision_932971ba22bb8873aa5a,standard_rule_e25a89a5fb1b2c5ccf41,standard_review_source_639f72c2afb4f5ab9908,0a86fc147800abd7b9a323be0393ae66adadaa1ec404c809e5a0e2d8ab24088a,accepted,conservative_auto_finalization,system_conservative_policy,,,1.0.0
standard_auto_decision_ab230e171eaf3a76938a,standard_rule_ab011bb3858159263ba9,standard_review_source_639f72c2afb4f5ab9908,914a2fb3cb89e8b6ea8a82b493e06776a33bc37465c00a0711704f758c49b786,accepted,conservative_auto_finalization,system_conservative_policy,,,1.0.0
standard_auto_decision_5df14c30ccd02f974222,standard_rule_47bedde930803d97e320,standard_review_source_639f72c2afb4f5ab9908,03f5bcb7214bfea89b91cf392fb4c9f00d0109831e4696e6ef6762377f08a2ae,accepted,conservative_auto_finalization,system_conservative_policy,,,1.0.0
standard_auto_decision_035fb9868c48e2652a28,standard_rule_d97ca9a96c780fa2cccb,standard_review_source_639f72c2afb4f5ab9908,399bb2353fa301aa2694b1832f022d68fa5d09dffe9ed1576276a4a8b1a79783,accepted,conservative_auto_finalization,system_conservative_policy,,,1.0.0
standard_auto_decision_59a2abe84543fd6c96aa,standard_rule_65de67c98cf13f3a5ff2,standard_review_source_639f72c2afb4f5ab9908,f00d01e62d34c019dbed096716806c7e948870bea4ea00d60413613f83bbeb73,accepted,conservative_auto_finalization,system_conservative_policy,,,1.0.0
standard_auto_decision_45a57465550039aafb90,standard_numeric_378ec268b56867922505,standard_review_source_639f72c2afb4f5ab9908,a6b55b1f38d86ca12684729ca9701b0eb20adedc6b7079a4758242a6b93d7148,accepted,conservative_auto_finalization,system_conservative_policy,,,1.0.0
standard_auto_decision_5ee2ed2bd36d5ca56dc6,standard_numeric_f938ffa0efb268f53601,standard_review_source_639f72c2afb4f5ab9908,54ecc5f4de5ce69d43a9597588b40cb0bce8c77a954107f28c6297fa5210991c,pending_review,validation_reasons_present;not_priority_review,system_conservative_policy,,,1.0.0
standard_auto_decision_c292e1b77fcc97b74947,standard_rule_a9db9e079f61e0b46868,standard_review_source_639f72c2afb4f5ab9908,2f74d501b8e890e34a379cea81efe2aa246ceac9b96dcbcc1d6032c439a498df,accepted,conservative_auto_finalization,system_conservative_policy,,,1.0.0
standard_auto_decision_3b32f9ed694ed4731962,standard_rule_ac1d53223bb99a12021a,standard_review_source_639f72c2afb4f5ab9908,d94f491915836485456240d332f27b4fd3f8f62063e832ff2335763151e6f90a,pending_review,not_priority_review,system_conservative_policy,,,1.0.0
standard_auto_decision_56ad7c1d81d24a11ec49,standard_rule_9efa9045b01d0b6c52f1,standard_review_source_639f72c2afb4f5ab9908,1e744b6697a730124abfacbfb0d6d1ef94864ff212e4cd4169ff9747195b26c9,pending_review,not_priority_review,system_conservative_policy,,,1.0.0
standard_auto_decision_372cf8b910d0bd89af39,standard_rule_93748a98832d2c2b45e3,standard_review_source_639f72c2afb4f5ab9908,f00e92e4e53595d647ce3647ea6042d71b5ce5ef1fc7ec9a9b45f3748dc96ac1,pending_review,not_priority_review,system_conservative_policy,,,1.0.0
standard_auto_decision_cca6e7ab6ed2280d48df,standard_rule_47655fb09015bb0b5e06,standard_review_source_639f72c2afb4f5ab9908,7ae6db902e5501e7f799b7c1d2862dd252aa8a179fc52d3659e90015e09244e5,accepted,conservative_auto_finalization,system_conservative_policy,,,1.0.0
standard_auto_decision_e55f74467e217a4b27b7,standard_rule_9bbffa44e9f4ff576735,standard_review_source_639f72c2afb4f5ab9908,225cc7f718354dabc3fe683d22f108aeb2b918231c29de10fe485fed907d5bcf,accepted,conservative_auto_finalization,system_conservative_policy,,,1.0.0
standard_auto_decision_894bdf4173d3c51a977b,standard_rule_81f8e0a48e56755fa59c,standard_review_source_639f72c2afb4f5ab9908,d9982f4b0fa262bf5006e2b5435834d7ddefb410289a3139bf25735ea6646ddd,accepted,conservative_auto_finalization,system_conservative_policy,,,1.0.0
standard_auto_decision_2eecc89ee6dac0de5c0b,standard_rule_5a31fba9aad59a04d3e4,standard_review_source_639f72c2afb4f5ab9908,2c09675ba4d92d84b40b117bc94107863cf0a185f470206559ab78c33023fa03,pending_review,not_priority_review,system_conservative_policy,,,1.0.0
standard_auto_decision_632e6ea2539822eef18e,standard_rule_110abc4960bc9c69df71,standard_review_source_639f72c2afb4f5ab9908,46e98191fbb2757d40d4a9dee011a01dd8db7e8d48dac456312ce6f79f035de4,pending_review,validation_reasons_present;not_priority_review,system_conservative_policy,,,1.0.0
standard_auto_decision_461901147973fb947bfd,standard_rule_afdf5326c44949e803b3,standard_review_source_639f72c2afb4f5ab9908,83f8b4fa04b6da5beeb9a27a5cf81acfc36ff58a1f9b09758f9285a19dc7631b,accepted,conservative_auto_finalization,system_conservative_policy,,,1.0.0
standard_auto_decision_1b85bf4f1a22ee28582d,standard_numeric_5399ce9797d30c9b8933,standard_review_source_639f72c2afb4f5ab9908,79e0cc3c00b2d411866850f1830b7a64929d697bc8ce112eb548997126dc652a,accepted,conservative_auto_finalization,system_conservative_policy,,,1.0.0
standard_auto_decision_644f22f3ab844eb67e34,standard_rule_5948e4aa1e1daab7c20c,standard_review_source_639f72c2afb4f5ab9908,c6f7863a8c84a5c28b4589816265a2602e1d4043902e810f9495433b9d6f79f9,pending_review,not_priority_review,system_conservative_policy,,,1.0.0
standard_auto_decision_465ae6d0d99a77edafc6,standard_rule_f9406a06340a432dc433,standard_review_source_639f72c2afb4f5ab9908,1c87e6848e5610745fb229445b13850954d6f9df2bd7884b1c038f5b85824ee7,pending_review,not_priority_review,system_conservative_policy,,,1.0.0
standard_auto_decision_32bb3ea1962b93d37a24,standard_rule_1cc146b136cfccb5b7aa,standard_review_source_639f72c2afb4f5ab9908,5400d3573bdcb451550ee3ffdec7ada944b8daa41fbc61f97e584db1f9b078f0,accepted,conservative_auto_finalization,system_conservative_policy,,,1.0.0
standard_auto_decision_d6e2fd283869824755f8,standard_rule_e02e31dc940ce6856bf4,standard_review_source_639f72c2afb4f5ab9908,447c496eaf2ff561784cce3aa977346494e9269f394bc0701ecc8b5c816732a1,accepted,conservative_auto_finalization,system_conservative_policy,,,1.0.0
standard_auto_decision_fcb2e8fca48df3639cb9,standard_rule_2e880d2b6dbefb7b1630,standard_review_source_639f72c2afb4f5ab9908,c6e401995358f717bcac3da11c299e5f23c1c24f867512da52be2a07f04d0d9c,accepted,conservative_auto_finalization,system_conservative_policy,,,1.0.0
standard_auto_decision_4d1589644800f999f27b,standard_rule_40a0340326c6f8183172,standard_review_source_639f72c2afb4f5ab9908,e28537254ced2d21f1297656f92828954b5a2770fcefc17dc95dd7317635fe20,pending_review,not_priority_review,system_conservative_policy,,,1.0.0
standard_auto_decision_5697825746db600c8d18,standard_rule_1633dbda99604618e7e4,standard_review_source_639f72c2afb4f5ab9908,e448d6301ee6a15495fe345eae333532db16fd9199be875b5802b8a0e0b28a56,accepted,conservative_auto_finalization,system_conservative_policy,,,1.0.0
standard_auto_decision_471ad47770b8342fab6f,standard_rule_f0b64a9b669800d7d91e,standard_review_source_639f72c2afb4f5ab9908,aad29673f52df45da3f9badbec167fda2335312cfad863e841c621184ab026f4,accepted,conservative_auto_finalization,system_conservative_policy,,,1.0.0
standard_auto_decision_3eaa9f13e84734c407e3,standard_rule_25eb08547fdd66e9c88a,standard_review_source_639f72c2afb4f5ab9908,5c6ac82ac78265a170eb9c2f2bc19095936eb63e865e1f9eda761c3b99c91483,accepted,conservative_auto_finalization,system_conservative_policy,,,1.0.0
standard_auto_decision_bf3c1e0723799799809a,standard_numeric_64c5eacd4f70b9eed2d5,standard_review_source_639f72c2afb4f5ab9908,3a90d7ea27ef51e240caa3119a8d7688ff516eda548e31a78809fe38099f1612,accepted,conservative_auto_finalization,system_conservative_policy,,,1.0.0
standard_auto_decision_fd3d810b8ed5dfa8c09d,standard_rule_f589bbd2ba651907d14d,standard_review_source_639f72c2afb4f5ab9908,5c43371397dee676d09cb197161bdf13f99b8ded67d094f702a85552b28fd853,accepted,conservative_auto_finalization,system_conservative_policy,,,1.0.0
standard_auto_decision_d5b17cf004cab1444442,standard_rule_3c25d9c2a5c808dc9efb,standard_review_source_639f72c2afb4f5ab9908,f8afe8f38f7378a8482ce9a71bc4e3012c9b35b16ceaeb51a5146b1cde79eff1,accepted,conservative_auto_finalization,system_conservative_policy,,,1.0.0
standard_auto_decision_c265306afd85f6735073,standard_rule_045350c22dce878cb4ce,standard_review_source_639f72c2afb4f5ab9908,ad2785d750a3e3c633c3f0511691f6a7b1d40d3adebb77cd0da7bf280f8f0d11,accepted,conservative_auto_finalization,system_conservative_policy,,,1.0.0
standard_auto_decision_67f0ff8c50ccbf4a2315,standard_rule_b055d3a50cb4f335ffb7,standard_review_source_639f72c2afb4f5ab9908,4e8b3c138e80d12fee06769038d62bc5a93f02d9ee5872b2db50223b5bd220ce,accepted,conservative_auto_finalization,system_conservative_policy,,,1.0.0
standard_auto_decision_aefcb630b4cfc3a421e1,standard_rule_5f2439792cebf7e2fa6a,standard_review_source_639f72c2afb4f5ab9908,020101ab494f156623a465912acbb3aa923c89662a6b939191f85b87ae686d37,accepted,conservative_auto_finalization,system_conservative_policy,,,1.0.0
standard_auto_decision_7ea56196af3053da0a20,standard_rule_0c2a72a23379db683de2,standard_review_source_639f72c2afb4f5ab9908,cf958d5e84968c0b0d2aede2d0031a3b16ec8e5f1d327072a26210d0d55462f0,accepted,conservative_auto_finalization,system_conservative_policy,,,1.0.0
standard_auto_decision_5ab2a02eaec388b2019f,standard_rule_6f4244346b0674425a58,standard_review_source_639f72c2afb4f5ab9908,bb396032ed257d60601b09b9412fa48ede8c59dcd9c9325b149119ef596924cc,accepted,conservative_auto_finalization,system_conservative_policy,,,1.0.0
standard_auto_decision_66374edcb4d4c2ca0b2a,standard_rule_9e1fd49d60c29af95712,standard_review_source_639f72c2afb4f5ab9908,2186c9d2751588af19586b79c8bbf36a7c085aeab1b3351493f5f7d1eedf76c9,pending_review,not_priority_review,system_conservative_policy,,,1.0.0
standard_auto_decision_f18503ee334ad0f98332,standard_rule_6e0f2ba07613d07a427e,standard_review_source_639f72c2afb4f5ab9908,545895652852c11d79abca464ca29b98dd4d467861fdd1cdf8c40816e3a19c02,accepted,conservative_auto_finalization,system_conservative_policy,,,1.0.0
standard_auto_decision_26f434bc34cc27422ee9,standard_rule_471fdc72c12adbc8d199,standard_review_source_639f72c2afb4f5ab9908,6c406158452d35a5f6044ade5c5fb20c352ee55e2bb16a4870dd7d25fe85941f,pending_review,not_priority_review,system_conservative_policy,,,1.0.0
standard_auto_decision_0462bbf9918f52d73aa3,standard_rule_d9b36cc1847c8f4c1b62,standard_review_source_639f72c2afb4f5ab9908,6ae292411b0b405fbd88fc97a0ee0dfc18c20ccc3d89b42b0d8624bab774b8fb,accepted,conservative_auto_finalization,system_conservative_policy,,,1.0.0
standard_auto_decision_b4ca3ac6222ae71d1f61,standard_rule_a86601e18e6c7e0d0131,standard_review_source_639f72c2afb4f5ab9908,c3622f84ab4156472547b78e631626b446ee2f92d09b2f6d5cc808fc89e14428,pending_review,validation_reasons_present;not_priority_review,system_conservative_policy,,,1.0.0
standard_auto_decision_8244aaf6e842103eb8b5,standard_rule_2d63342b49d29e8a54ad,standard_review_source_639f72c2afb4f5ab9908,7c2dca6fefeffe779058c6cdffb368f7c9d70147fd4790b0804addda2692171f,accepted,conservative_auto_finalization,system_conservative_policy,,,1.0.0
standard_auto_decision_4d33767386db396a658a,standard_numeric_86af04a59b39b8957c88,standard_review_source_639f72c2afb4f5ab9908,2684bc9f03557838f19fd5163da99e4118c4b474e9442559fd9678db2dddacf4,accepted,conservative_auto_finalization,system_conservative_policy,,,1.0.0
standard_auto_decision_614b3ca9f08f6c044b20,standard_numeric_3fadd3d6286aa95734c9,standard_review_source_639f72c2afb4f5ab9908,4749ef664565cc5b9285a9bbb2a2346bdcd92bedfbee2028f7d403c9bf6ffcd2,accepted,conservative_auto_finalization,system_conservative_policy,,,1.0.0
standard_auto_decision_217d3204c334c983af4b,standard_rule_33cb7d26d85b95cf6feb,standard_review_source_639f72c2afb4f5ab9908,5cdfe13d98d1138c51a01b49742e8fb28b69ba0b58ffe917663ca8ed2ab650d7,accepted,conservative_auto_finalization,system_conservative_policy,,,1.0.0
standard_auto_decision_078fb5889f1f157888ee,standard_rule_2f3588c69980251dcdf4,standard_review_source_639f72c2afb4f5ab9908,e0b9a96e518c0e4e6afdb2cb7f5ccc071da5d18747f088d75c4650ad6d68a5dc,pending_review,validation_reasons_present;not_priority_review,system_conservative_policy,,,1.0.0
standard_auto_decision_0de351ffbafa5a6b03fb,standard_rule_e86252d316be26d3fe24,standard_review_source_639f72c2afb4f5ab9908,ae2664664ec0bebc164c0665a38d2ae28b73ca8ae110ba2cda92b84926758e7f,accepted,conservative_auto_finalization,system_conservative_policy,,,1.0.0
standard_auto_decision_ec15cdb9eea9bba3be91,standard_rule_c17671906a9b9beea3ed,standard_review_source_639f72c2afb4f5ab9908,a0a0ced98db512a1cfa3eb703ba2d9a35cccec8d0ac89408398baf11f925caef,accepted,conservative_auto_finalization,system_conservative_policy,,,1.0.0
standard_auto_decision_194e74f631d907b128d1,standard_rule_9047c6ad29a3584ea65f,standard_review_source_639f72c2afb4f5ab9908,df4711cbb294789f56721a9c6b152944c01d6c3d4a07004ca8d4ef108ee2fcb3,accepted,conservative_auto_finalization,system_conservative_policy,,,1.0.0
standard_auto_decision_e3216aebb089df426e7f,standard_rule_7a7a553c6867651685de,standard_review_source_639f72c2afb4f5ab9908,20427c04f05b77e72eaed81ba10f7f55ae104013e3412eda1ffa0447a5854443,accepted,conservative_auto_finalization,system_conservative_policy,,,1.0.0
standard_auto_decision_2457eb09d43c50760239,standard_rule_3ffcc4e18e03eca5e19c,standard_review_source_639f72c2afb4f5ab9908,b7610684f74c097ef637c3f0615439e95e8c129905bcc2d6ebaa3bec399c983a,accepted,conservative_auto_finalization,system_conservative_policy,,,1.0.0
standard_auto_decision_9f03c4c7577b379749b7,standard_rule_0edc28ba81d0d657ace5,standard_review_source_639f72c2afb4f5ab9908,3671dfca8e9cb8d8091ae210ac2e64597770c2459f5cf5f0369f6f27ac4d329d,accepted,conservative_auto_finalization,system_conservative_policy,,,1.0.0
standard_auto_decision_0bb0e2c3f1683995f109,standard_rule_52e123946dded681371a,standard_review_source_639f72c2afb4f5ab9908,acc371925430d3cd0381a9ee3abbee04fc6472ad801e4485cdb86fea97dd1100,accepted,conservative_auto_finalization,system_conservative_policy,,,1.0.0
standard_auto_decision_3d58c788785f714b08e3,standard_rule_3bcbc42c1165632a687f,standard_review_source_639f72c2afb4f5ab9908,50859a0c8afb9c686342f19e1654c20935667cea35d052ee7ffbf63428ec4bae,accepted,conservative_auto_finalization,system_conservative_policy,,,1.0.0
standard_auto_decision_86f3c22cf39ab498b9a0,standard_rule_28d1bcac8780376c726e,standard_review_source_639f72c2afb4f5ab9908,c0f549a55ad8540df5e36007b419e190ce754016453d1a1f0bd43b785dccbe1d,accepted,conservative_auto_finalization,system_conservative_policy,,,1.0.0
standard_auto_decision_f6003dd9db549fad6e13,standard_rule_e175474292625dbfbf68,standard_review_source_639f72c2afb4f5ab9908,3d54cfeeec3d92e0f88860467b1f807626e2ac0fbb1f95d8ee5dfe595f129707,accepted,conservative_auto_finalization,system_conservative_policy,,,1.0.0
standard_auto_decision_4020b4a88aa941d3a39f,standard_rule_6201b55ee13a7ca33d2a,standard_review_source_639f72c2afb4f5ab9908,58ce356a0041299b326eafdfbbd934357dcb24b4a3c5b46aa8d45d27874e6acb,accepted,conservative_auto_finalization,system_conservative_policy,,,1.0.0
standard_auto_decision_196a9098c254c231ba64,standard_rule_75b85c0fbb11bc20244c,standard_review_source_639f72c2afb4f5ab9908,917691f9025dec3789363a9c4230fd779ebcd11800a99b881620799d378dcc13,accepted,conservative_auto_finalization,system_conservative_policy,,,1.0.0
standard_auto_decision_c7a4a0cb2f18961c81f3,standard_rule_8a4ad2e921ac86f906dd,standard_review_source_639f72c2afb4f5ab9908,bd0bb1fe34b92acdf40fa5dbfd2c1172dce375560580fc4270cbbc428ea11c49,accepted,conservative_auto_finalization,system_conservative_policy,,,1.0.0
standard_auto_decision_f574600b871771229f89,standard_rule_71dac435c9203ccb6c63,standard_review_source_639f72c2afb4f5ab9908,2054797106307961236a8188ae34e4c847814c4a60216c8303d442e7ea6a9ba9,accepted,conservative_auto_finalization,system_conservative_policy,,,1.0.0
standard_auto_decision_c1085694e2e967ac00f1,standard_rule_8d743bd3ac72c56993eb,standard_review_source_639f72c2afb4f5ab9908,2a6cc71bbafd4598f90c49d14cbd08046a5a8220a82970071f8cbd5bff3089c4,accepted,conservative_auto_finalization,system_conservative_policy,,,1.0.0
standard_auto_decision_635c97f7c903241fe1b3,standard_rule_6c4945752ef1a95e7a22,standard_review_source_639f72c2afb4f5ab9908,c480876f4ed2c6ecc43feb1310d4c3fa9570b7cb93fea01514c01fd38b7a386c,accepted,conservative_auto_finalization,system_conservative_policy,,,1.0.0
standard_auto_decision_52beb496ceb6973f0e5d,standard_rule_507db1ca04ed88478dc3,standard_review_source_639f72c2afb4f5ab9908,683c24cdf37f51c634cec545d7a61a3dc16b8ab79e09632eb3ec4c9692ba0733,accepted,conservative_auto_finalization,system_conservative_policy,,,1.0.0
standard_auto_decision_2e460466ea6544ea7e05,standard_rule_23fd4a08b564408adc56,standard_review_source_639f72c2afb4f5ab9908,93cab90e34d549c719a40b9cc63407f7bc95c952924b7b888ae9d614da6b8097,accepted,conservative_auto_finalization,system_conservative_policy,,,1.0.0
standard_auto_decision_6bafa4ff954651735112,standard_rule_1e1aa61b33a8c357c8b6,standard_review_source_639f72c2afb4f5ab9908,ed60b8b990fee5565b5471951db83ae39bc69eb3c793212f9657d3ed1d6776e0,accepted,conservative_auto_finalization,system_conservative_policy,,,1.0.0
standard_auto_decision_a84e6aaa83fd5cda80e5,standard_rule_9efe2a819175824f7398,standard_review_source_639f72c2afb4f5ab9908,48c12e3e198e430370fdc6ce049dc7326cdcd7bdc0e504b3e2e474bdaf53539b,accepted,conservative_auto_finalization,system_conservative_policy,,,1.0.0
standard_auto_decision_6f6ad9fc6e24b296d65f,standard_rule_3a09153d9bff11094ffa,standard_review_source_639f72c2afb4f5ab9908,c06db1859d61e7e36feebbf6a8e5e72b919aa060cf99b5015c42a117896a7b39,accepted,conservative_auto_finalization,system_conservative_policy,,,1.0.0
standard_auto_decision_8c957fc29e264f4df9c4,standard_rule_3bc2fc1fb3bb8e2e219e,standard_review_source_639f72c2afb4f5ab9908,b5dd49adf59d4d7830c6511674a9d90ecd28474d44bc3520eea2c52112fd2064,accepted,conservative_auto_finalization,system_conservative_policy,,,1.0.0
standard_auto_decision_ab2bca1248bb245bb98c,standard_rule_94ec7dfd642d83259894,standard_review_source_639f72c2afb4f5ab9908,274be579906406ebb47a4989f02868cee94858643b389765b6456b212a012ec9,accepted,conservative_auto_finalization,system_conservative_policy,,,1.0.0
standard_auto_decision_7081146051de5a2b7c9f,standard_rule_2676a0b74ae950559fc6,standard_review_source_639f72c2afb4f5ab9908,e3f438e018bba5f8976c18dd9736a22f9c59bc375e8a5cadbede4e6538f5cc5c,accepted,conservative_auto_finalization,system_conservative_policy,,,1.0.0
standard_auto_decision_28f40b7679de52c2be76,standard_rule_4bc218216a8209f59b56,standard_review_source_639f72c2afb4f5ab9908,91654ba8bf95b20f92456ee917a7e8d5dd673e472836cb6ed73a141b6d22e3ab,pending_review,not_priority_review,system_conservative_policy,,,1.0.0
standard_auto_decision_4102380ff50b76a28c2c,standard_rule_fa767c24799669bb1f48,standard_review_source_639f72c2afb4f5ab9908,345a106b3e3dbfdd349ce5e4fdc0522a8175e9d4e2d3d2fcdb598e5f091356bc,accepted,conservative_auto_finalization,system_conservative_policy,,,1.0.0
standard_auto_decision_b9e6c53bdd659c59bc82,standard_rule_9955de9b1b60a7bec0a9,standard_review_source_639f72c2afb4f5ab9908,97b26e7690dd1717c7b56b1cfefd96f1a43f506701b7a7f8b61176c1e714ebed,accepted,conservative_auto_finalization,system_conservative_policy,,,1.0.0
standard_auto_decision_fb27cd70099dea6ab2ea,standard_rule_3dab1d16f44621d1393e,standard_review_source_639f72c2afb4f5ab9908,68c5e9939f57dbb42eaeb314cf97a4651373d876b8be685f38694d32846de2f5,accepted,conservative_auto_finalization,system_conservative_policy,,,1.0.0
standard_auto_decision_4f15033f295859476618,standard_rule_6734bf5faba4b12be4b7,standard_review_source_639f72c2afb4f5ab9908,dfc14542a0e7dd284112e4d66fc6ca6dc86e17f640dd871451f259d106515546,accepted,conservative_auto_finalization,system_conservative_policy,,,1.0.0
standard_auto_decision_01aed4c7eb67cb2826df,standard_rule_46f72f7768f8f141e00f,standard_review_source_639f72c2afb4f5ab9908,12a46479d3c345188f5cadc72c7fdcf7cb4407179d8685ed6c8f3f1e7a3f77e1,accepted,conservative_auto_finalization,system_conservative_policy,,,1.0.0
standard_auto_decision_d5003cde724252c51ec5,standard_numeric_7818bddf0b79e3a54478,standard_review_source_639f72c2afb4f5ab9908,1516e81051af7f815e7638def60ea87f3e7ad78cfd02bb351804fb54e86f3bdb,pending_review,validation_reasons_present;not_priority_review,system_conservative_policy,,,1.0.0
standard_auto_decision_356e317a7787bd1317c2,standard_numeric_dc42231e280435916e56,standard_review_source_639f72c2afb4f5ab9908,c07ff158f4f3f655d8ff6c74a8401cd43d92d5ade51d995a874b61a7a9b5e826,accepted,conservative_auto_finalization,system_conservative_policy,,,1.0.0
standard_auto_decision_8a70b118808831f326d6,standard_numeric_cbf21d08cfb535f7c3b1,standard_review_source_639f72c2afb4f5ab9908,f4c66d4be90ca9dbb86970a34ea1d7f32c800d2feb56de7af876a357d74f4b71,accepted,conservative_auto_finalization,system_conservative_policy,,,1.0.0
standard_auto_decision_14481ed0fcdc9571e101,standard_numeric_e820db28b1ebba27e8be,standard_review_source_639f72c2afb4f5ab9908,7672ae9bd5745d6a63bdee453c5cddc1a5b6d4270f8b2711e062a52aa0819296,accepted,conservative_auto_finalization,system_conservative_policy,,,1.0.0
standard_auto_decision_7d6d7e284a37ad25b984,standard_rule_63484fa2d7ca7eeddad7,standard_review_source_639f72c2afb4f5ab9908,aa4165dd936ea8885f1f16df093a7c2dd765610d000ccee91e807a1d5e64a511,accepted,conservative_auto_finalization,system_conservative_policy,,,1.0.0
standard_auto_decision_4f53ec6fc136ce7bcb7c,standard_rule_8da010a40897e2816a8d,standard_review_source_639f72c2afb4f5ab9908,4371e51466abb0bcdf6456658c8268e74fca4bf13dc02e548456d8f34b2f0579,accepted,conservative_auto_finalization,system_conservative_policy,,,1.0.0
standard_auto_decision_11623a88a6a498a91d92,standard_rule_18db8f81ecff355594fc,standard_review_source_639f72c2afb4f5ab9908,fd209bbc3507f63e2ac7b7092d715f5077c5470819c6051abf2ea596c9fb4e1b,accepted,conservative_auto_finalization,system_conservative_policy,,,1.0.0
standard_auto_decision_733160e23ac70c1f6338,standard_rule_2a94bb9c9c62647d8dee,standard_review_source_639f72c2afb4f5ab9908,300e5825204d780deec0a60da787f59515b4f8c13fae421d70fb869398517b79,pending_review,not_priority_review,system_conservative_policy,,,1.0.0
standard_auto_decision_17f8fdfe6ea2a24a58b3,standard_numeric_7f5815e5e20638f52059,standard_review_source_639f72c2afb4f5ab9908,f5276f8ad40b3dd221ecc975df3c638039e32afab3596e84faa92d9613e1cd0e,accepted,conservative_auto_finalization,system_conservative_policy,,,1.0.0
standard_auto_decision_89f08584485c107bf488,standard_rule_547d9a8455b4b1f3dda3,standard_review_source_639f72c2afb4f5ab9908,c771a6b03b6b2eda0f4b12dcaf0da4b3b9d5b463fa4b104148eba737c948f9ae,accepted,conservative_auto_finalization,system_conservative_policy,,,1.0.0
standard_auto_decision_d26d129d07ee1474ba52,standard_rule_ea9d8e71361c1207cbe3,standard_review_source_639f72c2afb4f5ab9908,09e1e2b5aa0aad782f0c425f320142b2c563ca25991a83f631bb116d2d7022d5,pending_review,non_main_text_scope;not_priority_review,system_conservative_policy,,,1.0.0
standard_auto_decision_c280aa4dadc7f3002e94,standard_rule_6db9face17bb1fa38eb5,standard_review_source_639f72c2afb4f5ab9908,ad0ee69e637d39f64e7c9fc480c97da7e11506066175383aff41f80b06d8d5a8,pending_review,non_main_text_scope;not_priority_review,system_conservative_policy,,,1.0.0
standard_auto_decision_1cd19c7f03a46d39c8f4,standard_rule_6c3e01b146a22d5e9b87,standard_review_source_639f72c2afb4f5ab9908,53898185de83827483e83e8e0f738a36098dc533ef6da371ac0dcbd4b633a305,pending_review,non_main_text_scope;not_priority_review,system_conservative_policy,,,1.0.0
standard_auto_decision_c751463c827b14b88661,standard_rule_eebcdcc4b31d45a63815,standard_review_source_639f72c2afb4f5ab9908,ca277b9eceeb65765c6b0458ca67854f31a559218da58ab73a2af16a9dc86877,pending_review,non_main_text_scope;not_priority_review,system_conservative_policy,,,1.0.0
standard_auto_decision_11616333e9623e47c4d5,standard_rule_9d4c1a66c3b31f5e4653,standard_review_source_639f72c2afb4f5ab9908,78712716f11019d120963bf7316c1e1d4af7b8f49715bf9324cc61dfef4f6782,accepted,conservative_auto_finalization,system_conservative_policy,,,1.0.0
standard_auto_decision_1821c71ecc3efbafec61,standard_rule_f16f7fd620bae41330ff,standard_review_source_639f72c2afb4f5ab9908,08001b2d8f1490a46f4280e12fc7de0cd4f4723f39892a00916aabc360ea9388,accepted,conservative_auto_finalization,system_conservative_policy,,,1.0.0
standard_auto_decision_163e67ab2753b427069d,standard_rule_8420e6312b35bf10f5e4,standard_review_source_639f72c2afb4f5ab9908,61610124c12c5187d72b64f026ee87b9f285253ed757086dd71d0e282eb89d18,pending_review,not_priority_review,system_conservative_policy,,,1.0.0
standard_auto_decision_c501c8dfe578b5c572e9,standard_rule_30b65d4ef4090f28b8e3,standard_review_source_639f72c2afb4f5ab9908,2ab6a14b4189a068ec50276bc12cbb1a78615126cae1216013e6a6d15fe26b86,pending_review,not_priority_review,system_conservative_policy,,,1.0.0
standard_auto_decision_4c4975af22ddd6c1c255,standard_numeric_a40051c8398f634f06aa,standard_review_source_639f72c2afb4f5ab9908,6b9a0f6b66f040937bb55324e368bcc442e026037bbad54cf1bdf9acaf21f1da,accepted,conservative_auto_finalization,system_conservative_policy,,,1.0.0
standard_auto_decision_de7429e5b8ee36bd77e2,standard_rule_2a015757722deb189dcc,standard_review_source_639f72c2afb4f5ab9908,a1394d9ac297dbbf62b546d474f703976fdee3c0d5376701748fde7e22c2a8b3,accepted,conservative_auto_finalization,system_conservative_policy,,,1.0.0
standard_auto_decision_e7da17da77dd56a46f97,standard_rule_af0aaa31e65be7c72033,standard_review_source_639f72c2afb4f5ab9908,5e1b2aa319e2897f8470fae7da91bcc54ddcf661e2272905cea1747374a39de9,accepted,conservative_auto_finalization,system_conservative_policy,,,1.0.0
standard_auto_decision_ab67f6769bad785e2884,standard_rule_bd386c02bbc84c36be6d,standard_review_source_639f72c2afb4f5ab9908,f8ae841686eba97b64406588e392f057d9093e8e274ea0067c5aae3b6334cdb8,pending_review,validation_reasons_present;not_priority_review,system_conservative_policy,,,1.0.0
standard_auto_decision_5e5791be1276430ea90f,standard_numeric_f4fdf790d3df71e20f22,standard_review_source_639f72c2afb4f5ab9908,9d6eec8a18f4a938ca75f16ed7a022789304039d66f9653989865857b581cd95,accepted,conservative_auto_finalization,system_conservative_policy,,,1.0.0
standard_auto_decision_66ac9a4dba389a67fbed,standard_numeric_9b8caa713374b5c8a67f,standard_review_source_639f72c2afb4f5ab9908,7876907bcce981ca4c35542a5c0e734d953cf8faf11ef86a91318d92627eda58,accepted,conservative_auto_finalization,system_conservative_policy,,,1.0.0
standard_auto_decision_88048331eee991a17c9e,standard_rule_8d63426b6f5064b6209f,standard_review_source_639f72c2afb4f5ab9908,83e3b6d1ed1a5bea8d71f37289afe31ee927a6cb456e677612812e36d7b57e2a,accepted,conservative_auto_finalization,system_conservative_policy,,,1.0.0
standard_auto_decision_b2587c516e0e1bf97a79,standard_rule_7f2ced119f5fa8c867b3,standard_review_source_639f72c2afb4f5ab9908,f3ad5d160612ff43be6ef9187daa96ae1b6e1260858d645e5b550859cdec4122,accepted,conservative_auto_finalization,system_conservative_policy,,,1.0.0
standard_auto_decision_e4e265572c7e033a9838,standard_rule_af4d61a517696064b471,standard_review_source_639f72c2afb4f5ab9908,c3f6361ca554abd87d8e47a5f60de399ea633fefbbc3d1ac6047b8d953855be1,accepted,conservative_auto_finalization,system_conservative_policy,,,1.0.0
standard_auto_decision_853500191e8f7c8fd5a2,standard_rule_8f29b3fd09b58a82745d,standard_review_source_639f72c2afb4f5ab9908,05c7cc59103606fa4787b8e0703677e15ae5c787ec2e7fb4a0535bb38fddac9c,pending_review,validation_reasons_present;not_priority_review,system_conservative_policy,,,1.0.0
standard_auto_decision_40613728977a0eae7051,standard_numeric_7e6bc0b116d108ce5bf9,standard_review_source_639f72c2afb4f5ab9908,bd8abc01267104e99589669daf298a6065bb5f023cc0201acd97d1c05e57aabc,accepted,conservative_auto_finalization,system_conservative_policy,,,1.0.0
standard_auto_decision_c91a0887a6244a8949f5,standard_numeric_a221ef89009a98b52c39,standard_review_source_639f72c2afb4f5ab9908,678cb2ceee037299ac0f25ab696dfb15f86a662129c1e3af0f47d1964cd14482,pending_review,validation_reasons_present;not_priority_review,system_conservative_policy,,,1.0.0
standard_auto_decision_4cba2df7cb61494f54ee,standard_rule_961269012c4ae376af55,standard_review_source_639f72c2afb4f5ab9908,df8250fb42fb3fea4a477cd19d05396a302eef668aef1d99c51f55e936454ffe,accepted,conservative_auto_finalization,system_conservative_policy,,,1.0.0
standard_auto_decision_de76b1eef060058beed8,standard_numeric_fe022e011043f963d55c,standard_review_source_639f72c2afb4f5ab9908,cf1b96673c6b7986c26718608ad2eec830cfb75a48ddeea09093461d0fcfc6ec,accepted,conservative_auto_finalization,system_conservative_policy,,,1.0.0
standard_auto_decision_8dca30690d4e769a331d,standard_rule_8e469424a7b5ce7691ad,standard_review_source_639f72c2afb4f5ab9908,94d1a0351fe3d3d9ac7535003171f7f6165afd1c1a2b703247078732b385b898,accepted,conservative_auto_finalization,system_conservative_policy,,,1.0.0
standard_auto_decision_194ab16bf753b42baed2,standard_numeric_c764bb3082a8d6484b65,standard_review_source_639f72c2afb4f5ab9908,69798821bb1e8601d40fd1d8d90c8a580443f4895ebed05fdc8b7110c741a199,accepted,conservative_auto_finalization,system_conservative_policy,,,1.0.0
standard_auto_decision_62de1b0172a75fd9457a,standard_rule_efc2ca076f2fcd9da162,standard_review_source_639f72c2afb4f5ab9908,10b4b34f14a53aff962a42328d86b085ef1f46980c107b7e6ae52429f3314bf5,accepted,conservative_auto_finalization,system_conservative_policy,,,1.0.0
standard_auto_decision_62a6f5efbd9c63e14fc3,standard_numeric_eabd6f327b8a828ee986,standard_review_source_639f72c2afb4f5ab9908,88a6c67a7a9dd30193b6dedd609e88adec29a5c1a8f43890208769a2f3d5b719,accepted,conservative_auto_finalization,system_conservative_policy,,,1.0.0
standard_auto_decision_5fbe249d4f30a7ab5f5e,standard_rule_7fd9d90d2c484a7e59a4,standard_review_source_639f72c2afb4f5ab9908,f2e600787e649a008da6f8b9192590b6721c1d8538c99b9042b3a8fc303532dc,accepted,conservative_auto_finalization,system_conservative_policy,,,1.0.0
standard_auto_decision_347cf5b4c4dbd1de7cc8,standard_numeric_7ac07ad67bd3f690bd07,standard_review_source_639f72c2afb4f5ab9908,1628e0912b6df28911ea7bb6563f7dbbbc492835c1f27042085a8c198f2536a7,accepted,conservative_auto_finalization,system_conservative_policy,,,1.0.0
standard_auto_decision_fb584e469824b5888046,standard_rule_085eb9acd80833f80ada,standard_review_source_639f72c2afb4f5ab9908,03bcebb98c9c2687e7b1c978d52965e679d7fc5a8d79634662d3f43677d3a88f,accepted,conservative_auto_finalization,system_conservative_policy,,,1.0.0
standard_auto_decision_2e5e925b2d5f4e7ef36e,standard_rule_312216d1fa9eae35750a,standard_review_source_639f72c2afb4f5ab9908,3fdae5f42d0cdc8a021dd7205013f7800ca9ea45bfddce72bd3c0ab9754e2ebc,accepted,conservative_auto_finalization,system_conservative_policy,,,1.0.0
standard_auto_decision_9d679e8268835abfed3e,standard_numeric_c31ba1ccc651c1ebd827,standard_review_source_639f72c2afb4f5ab9908,1f2fa53bc347a752324d7f21ac504d55fbe45672c61926a1d953a2a6a7ca2d9e,accepted,conservative_auto_finalization,system_conservative_policy,,,1.0.0
standard_auto_decision_18ba1ce39a6cd32a9a5d,standard_numeric_0f3e50ca8b0a1df0a932,standard_review_source_639f72c2afb4f5ab9908,7a913bdb1a6714290f02555a0018cc10772955dac85d391b8914439e74089046,accepted,conservative_auto_finalization,system_conservative_policy,,,1.0.0
standard_auto_decision_e728f9fc2ff9eda35793,standard_rule_bec44382a9d961a58504,standard_review_source_639f72c2afb4f5ab9908,6ca104a4e65464031e9df6bb66d3a031590c88b029af0b49581f53e9c715fdae,accepted,conservative_auto_finalization,system_conservative_policy,,,1.0.0
standard_auto_decision_8ff955389b489c51671d,standard_rule_1556b9f9627b5602aca4,standard_review_source_639f72c2afb4f5ab9908,f3ba1f21e990ec8b81995123c402d619ce833737276ddc8d15e7cd51c4e8d851,accepted,conservative_auto_finalization,system_conservative_policy,,,1.0.0
standard_auto_decision_b11734f731851e935d41,standard_rule_0e72f91e28e1dc3f895f,standard_review_source_639f72c2afb4f5ab9908,eaadef489555421fa952eca76567c897ad26d83b05a1f21ad400b3dcf9cc77d6,accepted,conservative_auto_finalization,system_conservative_policy,,,1.0.0
standard_auto_decision_5d4a221c1e7153c6e1c6,standard_numeric_a30fc06913727b557e41,standard_review_source_639f72c2afb4f5ab9908,e6f357f4de39babd521d555af401b0ae5913eefa768acf2e0b778e1b129352d1,accepted,conservative_auto_finalization,system_conservative_policy,,,1.0.0
standard_auto_decision_e1d742128da37e362ce7,standard_rule_ec9e4c7fa7fb7c3d760b,standard_review_source_639f72c2afb4f5ab9908,36978ea2a276f9ff68b4d188d0639640d5aae5a91e73439e2868e156ba778f0c,accepted,conservative_auto_finalization,system_conservative_policy,,,1.0.0
standard_auto_decision_0998c077b1d6ed700ff8,standard_rule_245e09bc4266d2d1a4cb,standard_review_source_639f72c2afb4f5ab9908,e5db75dfd2311ea618288033ef483610d93e7a1c2ea5807b8425fda8b0839925,accepted,conservative_auto_finalization,system_conservative_policy,,,1.0.0
standard_auto_decision_1ea9b35bb047b817d072,standard_rule_b332a556a36fec6665b7,standard_review_source_639f72c2afb4f5ab9908,57a03faf3481386f803d45ec8a67bbe9801353b40efe38a87b94ae7a73973df8,accepted,conservative_auto_finalization,system_conservative_policy,,,1.0.0
standard_auto_decision_bef5c89232e40adcc50a,standard_rule_9109828fffbcb915f548,standard_review_source_639f72c2afb4f5ab9908,4c96543411a90b282d4bd06de51470a65fa4a56539b572fc3865154b6c774221,accepted,conservative_auto_finalization,system_conservative_policy,,,1.0.0
standard_auto_decision_e74da625bdd66f34dd63,standard_rule_be67c4f0c08b758456ad,standard_review_source_639f72c2afb4f5ab9908,584cb146dffdcdf823c45aeb131ab374158a903c288cd5d2d27021267a1f3ee7,pending_review,validation_reasons_present;not_priority_review,system_conservative_policy,,,1.0.0
standard_auto_decision_ccc7fecabe0bf9b8393b,standard_rule_a354f9261705e3305185,standard_review_source_639f72c2afb4f5ab9908,1d9e2b6ce86e61740af702101f3d88a58530db413ddd0299d0c1aafacdc47d62,accepted,conservative_auto_finalization,system_conservative_policy,,,1.0.0
standard_auto_decision_a7c39915aee42db00679,standard_rule_93ed9a57e90e77d4f745,standard_review_source_639f72c2afb4f5ab9908,7bcd75faa11bd5dbe34e9d087ff60fc988a4bd7d286d134e5ecf322c5e5b6d77,pending_review,validation_reasons_present;not_priority_review,system_conservative_policy,,,1.0.0
standard_auto_decision_969fefde18e38f1240c8,standard_rule_5310bbb07e3869549599,standard_review_source_639f72c2afb4f5ab9908,0c35b2d67a152a11d4c6261a2780c5001fc207197363f28f7fea99539d20cc46,pending_review,validation_reasons_present;not_priority_review,system_conservative_policy,,,1.0.0
standard_auto_decision_004025f4b0d7137bf57e,standard_numeric_0b1dbdd4147f2e4c45e2,standard_review_source_639f72c2afb4f5ab9908,7f037dcba8332d1d49c985f9bd0410e4ccea10c39b4fb8bd96c56f5c90ff63a2,accepted,conservative_auto_finalization,system_conservative_policy,,,1.0.0
standard_auto_decision_e83f45f58afc416aa1be,standard_numeric_19cebf1b6f246a05c370,standard_review_source_639f72c2afb4f5ab9908,9b612e70d3c1867337f296e3591d4804256a91778c6f47f0775d2f455b197e14,accepted,conservative_auto_finalization,system_conservative_policy,,,1.0.0
standard_auto_decision_4a1702777d1de91b7ecc,standard_numeric_e628181e17a3f1c8f5b8,standard_review_source_639f72c2afb4f5ab9908,41fa8e1e9199433d9d459ee88b88c069d2f33294015f1d987c9450388a3b16ff,accepted,conservative_auto_finalization,system_conservative_policy,,,1.0.0
standard_auto_decision_117dc545f3a69e75b50d,standard_numeric_a3e291dc9ef6c39e1b54,standard_review_source_639f72c2afb4f5ab9908,2dd89f3c176f02fbdf5ce42a164a341710ce4af9c8a4af13ea3aed5a6cac3d22,accepted,conservative_auto_finalization,system_conservative_policy,,,1.0.0
standard_auto_decision_a12512c1f424d3c161ac,standard_numeric_a56fba51c482656647c9,standard_review_source_639f72c2afb4f5ab9908,ff491fbccfebd588e7cdae4c7dd7b64eacbd0eb27ae31aa3e7bb7a9273e09828,accepted,conservative_auto_finalization,system_conservative_policy,,,1.0.0
standard_auto_decision_53617c5d77c225b17c5b,standard_rule_79842f5ac6f3563793c0,standard_review_source_639f72c2afb4f5ab9908,1b46e5023383ed37c3f8f001424af515cbd1162e55d216c8fdc13720e783c696,accepted,conservative_auto_finalization,system_conservative_policy,,,1.0.0
standard_auto_decision_0494f90bbf44d7d1c08c,standard_rule_02b2a1d6a1b7948fa097,standard_review_source_639f72c2afb4f5ab9908,f4d9c1b94f8196c07c160563c2cd2a53a008830c38814bc79646f7d8810800b4,pending_review,not_priority_review,system_conservative_policy,,,1.0.0
standard_auto_decision_65a4f94cb7177ab356f0,standard_numeric_c40917fda5ef40428bf9,standard_review_source_639f72c2afb4f5ab9908,5a9a05a8d8fa5bb62dec957baa5504602d6d2e5e82b43b19450f40e51bebe366,accepted,conservative_auto_finalization,system_conservative_policy,,,1.0.0
standard_auto_decision_1b930a9ea0e9510dbf35,standard_rule_b09b8f38003dfebc377f,standard_review_source_639f72c2afb4f5ab9908,ebad57f08f58c404fb6e92cb9cd1bcef6147137d4917e787946850a005910270,accepted,conservative_auto_finalization,system_conservative_policy,,,1.0.0
standard_auto_decision_9876f74a4011ea69b5f7,standard_rule_e37891acd4f5a2d46670,standard_review_source_639f72c2afb4f5ab9908,e48803d84290b450115bcd5099086034cbdb10495f066d3810e3b8af7fe39076,accepted,conservative_auto_finalization,system_conservative_policy,,,1.0.0
standard_auto_decision_1700fa234de91cfdcf18,standard_numeric_113c38ceda39d17d5043,standard_review_source_639f72c2afb4f5ab9908,a5cccb0c2239d61ea494c0d55e792921c7ac30657af3544090d1ed6d25b92332,accepted,conservative_auto_finalization,system_conservative_policy,,,1.0.0
standard_auto_decision_d82f9923c199cea2973d,standard_numeric_96548581557825bfcaec,standard_review_source_639f72c2afb4f5ab9908,9564f267bf64b7924bfdc95511b69ba469a296edb799088789f3678151c875bb,accepted,conservative_auto_finalization,system_conservative_policy,,,1.0.0
standard_auto_decision_411364534681a8129286,standard_rule_e877d571529d4700f18e,standard_review_source_639f72c2afb4f5ab9908,2bbf4cebf94a2863a33a501f0075b88e19ef6ac24fb5b62571f9834f05921b30,accepted,conservative_auto_finalization,system_conservative_policy,,,1.0.0
standard_auto_decision_53c5b070d3e095aa30fb,standard_rule_c2335d0206b8a800cbaa,standard_review_source_639f72c2afb4f5ab9908,f6d31478ae8c4638cd8c238b1f5a82fa91fdeaa2edff3970a9eadfcf4c8c11ed,pending_review,not_priority_review,system_conservative_policy,,,1.0.0
standard_auto_decision_0fbfda0805d0965f7af3,standard_rule_75979b6629e9d7036f5d,standard_review_source_639f72c2afb4f5ab9908,03dd7cedf6b35ddab69cf813a286dbebee9b0c1d93a03cda69b77616cff17e37,accepted,conservative_auto_finalization,system_conservative_policy,,,1.0.0
standard_auto_decision_2c7f1a4fd05622827055,standard_rule_0407b7e7eac41943f19d,standard_review_source_639f72c2afb4f5ab9908,4362f3f7544fd8faff62848c50ad43a43a747b032dee9eb54f4e991fd06b7a95,accepted,conservative_auto_finalization,system_conservative_policy,,,1.0.0
standard_auto_decision_7ce2e95c12440f72e154,standard_rule_a78fc05df9529e520746,standard_review_source_639f72c2afb4f5ab9908,836775871be31e63ed60ce5c94d3a3c557c093509e50ba62be01cc840954ff66,accepted,conservative_auto_finalization,system_conservative_policy,,,1.0.0
standard_auto_decision_dafd1b7ed9ad995bc46f,standard_numeric_8fd1e9aca252f9f8d1cb,standard_review_source_639f72c2afb4f5ab9908,0494275779834441427e209f1d47c9f35369623777b463d91bd02ddd98921880,accepted,conservative_auto_finalization,system_conservative_policy,,,1.0.0
standard_auto_decision_16dd5b0198ff5c58db80,standard_numeric_d1d4689d628d667b1ced,standard_review_source_639f72c2afb4f5ab9908,14bb5bf3e0189ba75c5fa9073aad5653bf235d642c3123738347666bd9e71964,accepted,conservative_auto_finalization,system_conservative_policy,,,1.0.0
standard_auto_decision_6677e3b3a62bb969606b,standard_rule_c6d14d6398d521d17015,standard_review_source_639f72c2afb4f5ab9908,d8fd27620b3ff47bfc0be1b5b9886746a7770a891d0d0fe0cec16c346a560884,pending_review,not_priority_review,system_conservative_policy,,,1.0.0
standard_auto_decision_ca96b5059ed4d125ed55,standard_rule_2e243538c4e350d91635,standard_review_source_639f72c2afb4f5ab9908,d452c539e78735411841b6682981358d283f51d981c7287c60430e9be13097da,pending_review,not_priority_review,system_conservative_policy,,,1.0.0
standard_auto_decision_e05e8f5b9ca227a7b937,standard_numeric_f52d8cb5062b4f8b0791,standard_review_source_639f72c2afb4f5ab9908,336d9ae4f4ae527ce6ca024b659a21457f3c43fb38eb07c3121f81540875a0fe,accepted,conservative_auto_finalization,system_conservative_policy,,,1.0.0
standard_auto_decision_f39a56e0dca219b73a75,standard_rule_272c78fdffdb01c20cb7,standard_review_source_639f72c2afb4f5ab9908,7b291dc3c212f0ee393fa3a524385a905652b9c66e173b74aad1c844bd69afcb,pending_review,not_priority_review,system_conservative_policy,,,1.0.0
standard_auto_decision_825273c7418aa88f61a8,standard_rule_3e6cd376a18b8482818b,standard_review_source_639f72c2afb4f5ab9908,f9a75bb28a3bd5d09615376535769e4c18f97c41f8f1576935d15c8d956d6e88,accepted,conservative_auto_finalization,system_conservative_policy,,,1.0.0
standard_auto_decision_e507fb26ecaa9dc42ad9,standard_rule_778c90c87c0b67fa7276,standard_review_source_639f72c2afb4f5ab9908,8c5df4d61cf63fe0d40307a6d3adc3f3a9ed6844c34c2018867b943e909b17e7,accepted,conservative_auto_finalization,system_conservative_policy,,,1.0.0
standard_auto_decision_08dd2e3f37fdf548bd7a,standard_rule_2bd2e49ab8cfc96a01a6,standard_review_source_639f72c2afb4f5ab9908,2ab4ca9920d546d09b6b2d8e1dc4fc222e719441eb6f04abbd530298fe498296,pending_review,not_priority_review,system_conservative_policy,,,1.0.0
standard_auto_decision_5f05cb27d9e9d2c7dadc,standard_rule_52e859bba9ffd36cc864,standard_review_source_639f72c2afb4f5ab9908,cd27d837d04ea5da5ded30fad467b4901030f740f9316b996af3ce3ad9445e77,pending_review,not_priority_review,system_conservative_policy,,,1.0.0
standard_auto_decision_5b579dfcdb73bf74f5a8,standard_rule_d96c6479bd908e2396db,standard_review_source_639f72c2afb4f5ab9908,502de6076d48053c5271a10956053cb67e7496af549e18f3e323bcdb80c978f9,accepted,conservative_auto_finalization,system_conservative_policy,,,1.0.0
standard_auto_decision_b245aed00760e2bbb326,standard_rule_e60354a4ab507ad928b0,standard_review_source_639f72c2afb4f5ab9908,961a698fc923e0773ae4bbac837292bf9c53369fad52a6f5136ce56f49d9ea91,accepted,conservative_auto_finalization,system_conservative_policy,,,1.0.0
standard_auto_decision_7ff2af5279f9f8c08920,standard_rule_4a5aff4b846603e787ad,standard_review_source_639f72c2afb4f5ab9908,17f120bae6b36b1d8a5d15103492a4f7b2b388dc3ef313d67172c736d261a2ce,accepted,conservative_auto_finalization,system_conservative_policy,,,1.0.0
standard_auto_decision_f80ff721ca05bb2ffa7c,standard_rule_000884999842ff8015b5,standard_review_source_639f72c2afb4f5ab9908,8a31523de0f5a44983b96ea52186f60d69355f2441ccc3cba532ca3916a7bab1,pending_review,not_priority_review,system_conservative_policy,,,1.0.0
standard_auto_decision_2565f07e11553f0d5db7,standard_rule_be312d248d454e961450,standard_review_source_639f72c2afb4f5ab9908,c035d6e5474c42efa27370b83bffc17034ed7769d2c51633bedecf21648d80f4,accepted,conservative_auto_finalization,system_conservative_policy,,,1.0.0
standard_auto_decision_0eef7d1587f309ed9a75,standard_rule_5fe80c0294e2d5c10771,standard_review_source_639f72c2afb4f5ab9908,5c82afe6bb144bbfd032e6df1d4df4d9fbca34c7cff5e8ee23ae1f3365ac9bd4,pending_review,validation_reasons_present;not_priority_review,system_conservative_policy,,,1.0.0
standard_auto_decision_73b7a163325cd208dad4,standard_rule_a55dcebb45d3309d2199,standard_review_source_639f72c2afb4f5ab9908,488a0a15dd2dab3366a669e309b502dbf93d72d4566f7a98db914509c1332818,pending_review,validation_reasons_present;not_priority_review,system_conservative_policy,,,1.0.0
standard_auto_decision_b6e03e8c5b400f309aaf,standard_rule_5fc1b8215b992e6ec94e,standard_review_source_639f72c2afb4f5ab9908,3fa5e5fc177c9195f959da6df4c74e1e076cc794b558f11cfe0ef5fdc5050ab9,accepted,conservative_auto_finalization,system_conservative_policy,,,1.0.0
standard_auto_decision_f0318751204fec0832bb,standard_rule_d04fb455e34c3aa44701,standard_review_source_639f72c2afb4f5ab9908,4004dbab551195c065e9174ea33dd53be013424bc8b225ac9da8a80c271f38a1,accepted,conservative_auto_finalization,system_conservative_policy,,,1.0.0
standard_auto_decision_f651738c32c31995a35f,standard_rule_eb84139ce06a7c21620d,standard_review_source_639f72c2afb4f5ab9908,7829c90cc8bbf46bfa524d01d87f756a193e8ae430ed8608112f9a95ac105f8d,accepted,conservative_auto_finalization,system_conservative_policy,,,1.0.0
standard_auto_decision_e3dce21c8629b708264a,standard_rule_cac05ad68f6974091ef0,standard_review_source_639f72c2afb4f5ab9908,da242283cf05a7db63d374ae99cdd223d27d7058775d936d0e07880c90d3b467,accepted,conservative_auto_finalization,system_conservative_policy,,,1.0.0
standard_auto_decision_26c241e96329f4498d90,standard_numeric_a4d7b9c0f36386a2d6bc,standard_review_source_639f72c2afb4f5ab9908,8e25434cfb7b47b2ef612a514501f26333c8a4f0423add60f0e5969dea012ff4,accepted,conservative_auto_finalization,system_conservative_policy,,,1.0.0
standard_auto_decision_130c3bcb6e5dba94f8f2,standard_numeric_8bd67da0b981c2aa035d,standard_review_source_639f72c2afb4f5ab9908,ab5aa718795b22412bc76211ea3275fa85ee20dd6da10c87176ccfd34fcc904e,accepted,conservative_auto_finalization,system_conservative_policy,,,1.0.0
standard_auto_decision_1a64210bc6829c99d117,standard_rule_e7b1c0917efcc70b2c84,standard_review_source_639f72c2afb4f5ab9908,14c3ac6f418d06cfefd69107546e72016e9ed80002a935c49f78164122e5510f,pending_review,validation_reasons_present;not_priority_review,system_conservative_policy,,,1.0.0
standard_auto_decision_2897a039c51f5366206f,standard_rule_57ac3242c6f0d0830a11,standard_review_source_639f72c2afb4f5ab9908,b87bfb3fa1627a5ee2b92759bbf1b3f56ced7a42d69a22597b30074c87c71309,pending_review,validation_reasons_present;not_priority_review,system_conservative_policy,,,1.0.0
standard_auto_decision_ecdb1090fe2ce50175ed,standard_rule_30c056617f007f9f920c,standard_review_source_639f72c2afb4f5ab9908,6559ced153e1cbd58739ee468c5571209a8cdaf56d8535c10bb97ae0031ad19b,accepted,conservative_auto_finalization,system_conservative_policy,,,1.0.0
standard_auto_decision_19816cd90432c9331ba5,standard_numeric_060b9fe7b506bc469b40,standard_review_source_639f72c2afb4f5ab9908,2f41c6dabed1a693178c61b4e17dcfecbdaa8448e676aa9bd19c8e6592614e76,accepted,conservative_auto_finalization,system_conservative_policy,,,1.0.0
standard_auto_decision_eb4f456d8b77c181ec92,standard_numeric_de5089a0b1441cc5cb7b,standard_review_source_639f72c2afb4f5ab9908,07f6c25ef5a398fc08c9cd45cd827edb19c1de830c86d7366a00acb0f336480e,accepted,conservative_auto_finalization,system_conservative_policy,,,1.0.0
standard_auto_decision_57d41bd1ca2b963c4a51,standard_numeric_e68de15f0601fc3fa116,standard_review_source_639f72c2afb4f5ab9908,689b2a41364130034efe6d7d527a184ffebc2226195388379760d474ed79c627,pending_review,validation_reasons_present;not_priority_review,system_conservative_policy,,,1.0.0
standard_auto_decision_47804e0d6f24a20749a1,standard_rule_f590a0a28d32b2d1b61c,standard_review_source_639f72c2afb4f5ab9908,9d1f0de3ae8201ba56228cccdfaf09c2e16fafecc4e38dacb01e7f19876daa34,pending_review,validation_reasons_present;not_priority_review,system_conservative_policy,,,1.0.0
standard_auto_decision_2ea7778ccd80da627d1d,standard_rule_20fdd3c02432fbcffd2c,standard_review_source_639f72c2afb4f5ab9908,8c92ba15540eb65082d410bba475fb60a1bbba3841b55caf275716683c78e11b,pending_review,validation_reasons_present;not_priority_review,system_conservative_policy,,,1.0.0
standard_auto_decision_ca2e13eef588157dd1cb,standard_rule_6faabe76818fae1df7ac,standard_review_source_639f72c2afb4f5ab9908,7a9a47b5798b3e7dcfce2711f2e7a2b473a73379dc884f491987f60a832946a9,accepted,conservative_auto_finalization,system_conservative_policy,,,1.0.0
standard_auto_decision_860cc455443d90d8fca8,standard_numeric_55d86bdc8888fb98c787,standard_review_source_639f72c2afb4f5ab9908,c35fe893ad631e3e36885e45b5b7694c0134a17cead86bfb702b497a5eb3c6cf,accepted,conservative_auto_finalization,system_conservative_policy,,,1.0.0
standard_auto_decision_b99849103a4991691dac,standard_numeric_332e158aafc0f623ceec,standard_review_source_639f72c2afb4f5ab9908,64455301ca8d26e2e65775e002050a12ce06ec341b36367318bd209647276384,accepted,conservative_auto_finalization,system_conservative_policy,,,1.0.0
standard_auto_decision_b63d7698ef9873f982c7,standard_rule_665202031883b3b76666,standard_review_source_639f72c2afb4f5ab9908,4d63a231b8457c94a6120fe87222284956a995aa8fd907cb7f174d7e2c77c228,pending_review,validation_reasons_present;not_priority_review,system_conservative_policy,,,1.0.0
standard_auto_decision_19bac3b053c838f4ae17,standard_rule_c03185f3571f1293af13,standard_review_source_639f72c2afb4f5ab9908,2169bdb336d7fc09fc8744a5a73b0cd0ca8fb021280f99cf400a25045fafe909,pending_review,not_priority_review,system_conservative_policy,,,1.0.0
standard_auto_decision_fe3c0eac12948287cd09,standard_rule_bfeeb8f4dd34cd0e69c2,standard_review_source_639f72c2afb4f5ab9908,29b6694a794da296b994d6365419961cbb5216751fd620ff9fc2c17f805d863b,pending_review,not_priority_review,system_conservative_policy,,,1.0.0
standard_auto_decision_3ca1ebe3075eb31a4c7d,standard_rule_216c59ce2bf8374ca8e7,standard_review_source_639f72c2afb4f5ab9908,958bc2982c8ceb782fc865b13290246c4b81fdba26b02ea57d966369dc3cd131,accepted,conservative_auto_finalization,system_conservative_policy,,,1.0.0
standard_auto_decision_1f3695a3d7d2fa22a0b1,standard_rule_5acf122bf2de18c8a2d5,standard_review_source_639f72c2afb4f5ab9908,a19e4ae635168573fdff823e5c7598db741eb161ce1f1d6ff24866c8b8daf505,accepted,conservative_auto_finalization,system_conservative_policy,,,1.0.0
standard_auto_decision_424b7fe2bb276af5fe68,standard_rule_38ba16062a2984105a04,standard_review_source_639f72c2afb4f5ab9908,2ce854eabda6e8ed048cf0fe03f54a11c96855caf5526b31d288b0e5dcaa9601,accepted,conservative_auto_finalization,system_conservative_policy,,,1.0.0
standard_auto_decision_ff6a860ef7c452231d97,standard_rule_0870ab970584cdee3815,standard_review_source_639f72c2afb4f5ab9908,add8c0a6989965224f1f9912204079e6c0cc55ea161ad8b7f365f6d52109eb5f,pending_review,not_priority_review,system_conservative_policy,,,1.0.0
standard_auto_decision_1aa413f56f28cafcaf8a,standard_rule_3d4c4bfa79da61108d43,standard_review_source_639f72c2afb4f5ab9908,f38f8f6224f84662bc2f6bd298f7206fa1ee1f5ccb7f52a742deec3b46df9d3c,accepted,conservative_auto_finalization,system_conservative_policy,,,1.0.0
standard_auto_decision_82aa531e9a9a695c3074,standard_rule_253794af655ead95b19c,standard_review_source_639f72c2afb4f5ab9908,893bb9e9dc24248741e25d84d8580557c7987407e97521ebfd00be2690082ca2,accepted,conservative_auto_finalization,system_conservative_policy,,,1.0.0
standard_auto_decision_528545c8ec88eb8b4308,standard_rule_fca751cf720f4bd0799f,standard_review_source_639f72c2afb4f5ab9908,f1fcc8bc714bbdfd96041ad1f21429f9e427c68a4ca80a8ce8027922656bca1b,accepted,conservative_auto_finalization,system_conservative_policy,,,1.0.0
standard_auto_decision_3012922110166dcb690e,standard_rule_a9920c4d805fb098a757,standard_review_source_639f72c2afb4f5ab9908,4fdecf61a3680cef824f7ff9c03333117f9ad63e8df194e5a13c5d0d3de43608,pending_review,validation_reasons_present;not_priority_review,system_conservative_policy,,,1.0.0
standard_auto_decision_81130cf9ddf18bddabcb,standard_rule_5b8f30ba8727cd0851ca,standard_review_source_639f72c2afb4f5ab9908,99f255a2c9951d24fb2239b6bfac311fa5f9df4188385bda981f88b172f5b7e6,accepted,conservative_auto_finalization,system_conservative_policy,,,1.0.0
standard_auto_decision_fac769f8ba6ee80abf63,standard_rule_e85f5390591c9b13796a,standard_review_source_639f72c2afb4f5ab9908,089fb7191117e51d42b4bed2b75fb3b34822d5de3bedf600263ee30eae97951c,accepted,conservative_auto_finalization,system_conservative_policy,,,1.0.0
standard_auto_decision_fcc4a82d9b8bd5c91326,standard_rule_84ea7440b4dac98cb5e7,standard_review_source_639f72c2afb4f5ab9908,12fcb9253423b56510c03b37e9b356d732dd59d14b2d3614c73c41bc91788d9d,pending_review,not_priority_review,system_conservative_policy,,,1.0.0
standard_auto_decision_02cd351686dc2c8a43b4,standard_rule_7245b194078900aa86f6,standard_review_source_639f72c2afb4f5ab9908,26117fd7cb2bb652877c80bcc3c08c057e833d1c3fdd7ff37f24ee51cf7bd420,accepted,conservative_auto_finalization,system_conservative_policy,,,1.0.0
standard_auto_decision_461981b9453749f8c7b7,standard_rule_dff92f7c4740e5aa3187,standard_review_source_639f72c2afb4f5ab9908,53f3fc91ec8dfe456cc7108af91835489685923fa013e79091dad026973043dd,accepted,conservative_auto_finalization,system_conservative_policy,,,1.0.0
standard_auto_decision_faff78a248bc480613cc,standard_numeric_0ea232b3304d96c6886c,standard_review_source_639f72c2afb4f5ab9908,a89342d60f6b3dee28ce3d0b508841f6222dc35ea578d5640ffa22d72c256880,accepted,conservative_auto_finalization,system_conservative_policy,,,1.0.0
standard_auto_decision_1297705aba57902cc067,standard_rule_957c715f11ec4223e4cd,standard_review_source_639f72c2afb4f5ab9908,151158cfa43d51537688ca1a3aed9ff48e77775d3790516313c82490ff458e8e,pending_review,not_priority_review,system_conservative_policy,,,1.0.0
standard_auto_decision_20a6ae5495c62e78fa41,standard_rule_a6d93555659e46da7bac,standard_review_source_639f72c2afb4f5ab9908,3f9af1eed6f46e0938a6b517605a02041f584ce56863a06c507dc0e3fad1da85,accepted,conservative_auto_finalization,system_conservative_policy,,,1.0.0
standard_auto_decision_524af7ad748dcc97acbc,standard_rule_0c149e94784f6eefbeac,standard_review_source_639f72c2afb4f5ab9908,1c118a910944e1b45ff6b730122adf0de1fce7b2413f88da9cd352e8818e1270,pending_review,validation_reasons_present;non_main_text_scope;not_priority_review,system_conservative_policy,,,1.0.0
standard_auto_decision_821270df08fa0ca049ff,standard_rule_269a818d7f797d0ec714,standard_review_source_639f72c2afb4f5ab9908,c5cf61c03cfa48ce639cb7f75bf0e38c37b1a050ceb3a4d83812db8cbcd61bc8,pending_review,validation_reasons_present;non_main_text_scope;not_priority_review,system_conservative_policy,,,1.0.0
standard_auto_decision_677c9b34970e7e797a8d,standard_numeric_7d417d135fec44e146e0,standard_review_source_639f72c2afb4f5ab9908,244205f7613050b3dc48870387b3bb71846ed6aeb8a9d81ce163e2d19567af35,pending_review,validation_reasons_present;non_main_text_scope;not_priority_review,system_conservative_policy,,,1.0.0
standard_auto_decision_e11b1e1d66df17f70ff8,standard_numeric_b38312d390943bc64afc,standard_review_source_639f72c2afb4f5ab9908,0be6a1f858acdced02ec10e5c9b383a426c72d44936d42ee4caaa29bcf52d127,pending_review,validation_reasons_present;non_main_text_scope;not_priority_review,system_conservative_policy,,,1.0.0
standard_auto_decision_e8bbd9378a239675ab6c,standard_numeric_cecee6fd84658498f8be,standard_review_source_639f72c2afb4f5ab9908,e58e35f41a6955d8da248cb1230f7024f7a3703b94480eab8d7ce990226d94e3,pending_review,validation_reasons_present;non_main_text_scope;not_priority_review,system_conservative_policy,,,1.0.0
standard_auto_decision_0406b9a2d80b41fcf70a,standard_numeric_50a6acdd783f899465e0,standard_review_source_639f72c2afb4f5ab9908,29be61973639383b7aa367c09b3dcedd0b1ad1485987b41902d52f207b0e6e4d,pending_review,validation_reasons_present;non_main_text_scope;not_priority_review,system_conservative_policy,,,1.0.0
standard_auto_decision_9e0ea60d33c2013f90e6,standard_numeric_d14813f490b2973dcc04,standard_review_source_639f72c2afb4f5ab9908,60fde22537b442929bf2cd1dcaa340e796980b26132a289b120b867c3cb31e3d,pending_review,validation_reasons_present;non_main_text_scope;not_priority_review,system_conservative_policy,,,1.0.0
standard_auto_decision_f7e4b936ece3c0c1ef08,standard_numeric_8fbc31467962758e3f59,standard_review_source_639f72c2afb4f5ab9908,2797b058e24c0858445d164e0bb8c4db73348919027e58f77d66e4a0b845d7f9,pending_review,validation_reasons_present;non_main_text_scope;not_priority_review,system_conservative_policy,,,1.0.0
standard_auto_decision_cee36e307d29d8330d6a,standard_rule_66d21e0cddfc5b97977d,standard_review_source_639f72c2afb4f5ab9908,4cb6b75aab2f51864192fbea85a52754415aaae25092131d80a479bf8cada434,pending_review,non_main_text_scope;not_priority_review,system_conservative_policy,,,1.0.0
standard_auto_decision_c8b3cfecfb5cc4e19fe9,standard_rule_46a40bd3ddf7e2cc2300,standard_review_source_639f72c2afb4f5ab9908,52c353591ce1413d7d6ecca88c54d0fb9e040617caff76236a55b9dab495b668,pending_review,validation_reasons_present;non_main_text_scope;not_priority_review,system_conservative_policy,,,1.0.0
standard_auto_decision_4d55adf7838cd1d7beb5,standard_rule_d2d2897dfdb4cfbed7ca,standard_review_source_639f72c2afb4f5ab9908,f9411dee6f590265e4c8a49af421f0c0dcce21bf1a2b3137fea66ccea4b1b891,pending_review,validation_reasons_present;non_main_text_scope;not_priority_review,system_conservative_policy,,,1.0.0
standard_auto_decision_5fb89370c5eb532b1d85,standard_rule_c050526ba23d53c8351e,standard_review_source_639f72c2afb4f5ab9908,32d55b0183db6afaa3b118ca8d894b0fd9c8a254e60a84aa5acc552426d1ed68,pending_review,validation_reasons_present;non_main_text_scope;not_priority_review,system_conservative_policy,,,1.0.0
standard_auto_decision_840a7f45abaf22ef9b83,standard_rule_26346890d0ce751355dd,standard_review_source_639f72c2afb4f5ab9908,013e462182bd0e3c545029ce8aa1811c33eb0e6ba7e7a1c740bed018f109c821,pending_review,validation_reasons_present;non_main_text_scope;not_priority_review,system_conservative_policy,,,1.0.0
standard_auto_decision_d1a1807d9e9862c0ee15,standard_rule_100acb32f116d2759287,standard_review_source_639f72c2afb4f5ab9908,c8efc4056893fd79d2d9c10ea0bbac8494cab198785403fec627199fac0496a2,pending_review,non_main_text_scope;not_priority_review,system_conservative_policy,,,1.0.0
