product_id,source_record_id,component_id,component_name,component_type,raw_item,source_component_name,quantity_raw,normalized_quantity_raw,nominal_value,min_value,max_value,tolerance,unit,quantity_qualifier,parse_status,review_required,review_reason,component_order,review_status,source_file,table_row
MATPD_c4763b48d43772aaf37f,SRCPD_20654b1388b01f1512e8,CMPPD_fccd31e6196ed610b1cc,奥克托今,ChemicalComponent,奥克托今95,奥克托今,95,95,95.0,,,,%,exact,parsed,False,,1,accepted,非密-危险特性汇总表.docx,3
MATPD_c4763b48d43772aaf37f,SRCPD_20654b1388b01f1512e8,CMPPD_c0390e14970997c54d48,氟橡胶,ChemicalComponent,氟橡胶1.5,氟橡胶,1.5,1.5,1.5,,,,%,exact,parsed,False,,2,accepted,非密-危险特性汇总表.docx,3
MATPD_c4763b48d43772aaf37f,SRCPD_20654b1388b01f1512e8,CMPPD_e683d40bb841a8904d8d,2#硝化棉,ChemicalComponent,2#硝化棉0.9,2#硝化棉,0.9,0.9,0.9,,,,%,exact,parsed,False,,3,accepted,非密-危险特性汇总表.docx,3
MATPD_c4763b48d43772aaf37f,SRCPD_20654b1388b01f1512e8,CMPPD_99ca1fc9ec636da6f104,石墨,ChemicalComponent,石墨0.2,石墨,0.2,0.2,0.2,,,,%,exact,parsed,False,,4,accepted,非密-危险特性汇总表.docx,3
MATPD_c4763b48d43772aaf37f,SRCPD_20654b1388b01f1512e8,CMPPD_acb6221789f5af2b7a1a,梯恩梯,ChemicalComponent,TNT1.9,TNT,1.9,1.9,1.9,,,,%,exact,parsed,False,,5,accepted,非密-危险特性汇总表.docx,3
MATPD_85674aaee6e56b6c429c,SRCPD_773e68fb66537f3a2c15,CMPPD_fccd31e6196ed610b1cc,奥克托今,ChemicalComponent,奥克托今95—97,奥克托今,95—97,95—97,,95.0,97.0,,%,range,parsed,False,,1,accepted,非密-危险特性汇总表.docx,4
MATPD_85674aaee6e56b6c429c,SRCPD_773e68fb66537f3a2c15,CMPPD_52c15e27ebb179ff363b,613塑料,ChemicalComponent,613塑料0.4—0.5,613塑料,0.4—0.5,0.4—0.5,,0.4,0.5,,%,range,parsed,False,,2,accepted,非密-危险特性汇总表.docx,4
MATPD_85674aaee6e56b6c429c,SRCPD_773e68fb66537f3a2c15,CMPPD_99ca1fc9ec636da6f104,石墨,ChemicalComponent,石墨0.6—0.7,石墨,0.6—0.7,0.6—0.7,,0.6,0.7,,%,range,parsed,False,,3,accepted,非密-危险特性汇总表.docx,4
MATPD_6a3b530504aacf01d0cf,SRCPD_256d1435c0e184e2624b,CMPPD_fccd31e6196ed610b1cc,奥克托今,ChemicalComponent,奥克托今87—89,奥克托今,87—89,87—89,,87.0,89.0,,%,range,parsed,False,,1,accepted,非密-危险特性汇总表.docx,5
MATPD_6a3b530504aacf01d0cf,SRCPD_256d1435c0e184e2624b,CMPPD_91ab68ed928c1d8db39d,聚四氟乙烯,ChemicalComponent,聚四氟乙烯9—11,聚四氟乙烯,9—11,9—11,,9.0,11.0,,%,range,parsed,False,,2,accepted,非密-危险特性汇总表.docx,5
MATPD_6a3b530504aacf01d0cf,SRCPD_256d1435c0e184e2624b,CMPPD_68a4f983eebb8a7a449f,共聚尼龙,ChemicalComponent,共聚尼龙1—2,共聚尼龙,1—2,1—2,,1.0,2.0,,%,range,parsed,False,,3,accepted,非密-危险特性汇总表.docx,5
MATPD_6a3b530504aacf01d0cf,SRCPD_256d1435c0e184e2624b,CMPPD_7703dc61a82e69f806ed,其他,ComponentGroup,其他1—2,其他,1—2,1—2,,1.0,2.0,,%,range,parsed,False,,4,accepted,非密-危险特性汇总表.docx,5
MATPD_936be7bb81975ec42b42,SRCPD_18da72dd86450ea87440,CMPPD_fccd31e6196ed610b1cc,奥克托今,ChemicalComponent,奥克托今93—95,奥克托今,93—95,93—95,,93.0,95.0,,%,range,parsed,False,,1,accepted,非密-危险特性汇总表.docx,6
MATPD_936be7bb81975ec42b42,SRCPD_18da72dd86450ea87440,CMPPD_c0390e14970997c54d48,氟橡胶,ChemicalComponent,氟橡胶1.5—1.6,氟橡胶,1.5—1.6,1.5—1.6,,1.5,1.6,,%,range,parsed,False,,2,accepted,非密-危险特性汇总表.docx,6
MATPD_936be7bb81975ec42b42,SRCPD_18da72dd86450ea87440,CMPPD_e683d40bb841a8904d8d,2#硝化棉,ChemicalComponent,2#硝化棉2.3—2.6,2#硝化棉,2.3—2.6,2.3—2.6,,2.3,2.6,,%,range,parsed,False,,3,accepted,非密-危险特性汇总表.docx,6
MATPD_936be7bb81975ec42b42,SRCPD_18da72dd86450ea87440,CMPPD_52c15e27ebb179ff363b,613塑料,ChemicalComponent,613塑料0.5—0.7,613塑料,0.5—0.7,0.5—0.7,,0.5,0.7,,%,range,parsed,False,,4,accepted,非密-危险特性汇总表.docx,6
MATPD_936be7bb81975ec42b42,SRCPD_18da72dd86450ea87440,CMPPD_99ca1fc9ec636da6f104,石墨,ChemicalComponent,石墨0.7—0.9,石墨,0.7—0.9,0.7—0.9,,0.7,0.9,,%,range,parsed,False,,5,accepted,非密-危险特性汇总表.docx,6
MATPD_4230d924a9ae9a5c8fef,SRCPD_697db25cf3feb121d55e,CMPPD_fccd31e6196ed610b1cc,奥克托今,ChemicalComponent,奥克托今65—66,奥克托今,65—66,65—66,,65.0,66.0,,%,range,parsed,False,,1,accepted,非密-危险特性汇总表.docx,7
MATPD_4230d924a9ae9a5c8fef,SRCPD_697db25cf3feb121d55e,CMPPD_ef25a0c55341b4167e75,铝粉,ChemicalComponent,铝粉5—6,铝粉,5—6,5—6,,5.0,6.0,,%,range,parsed,False,,2,accepted,非密-危险特性汇总表.docx,7
MATPD_4230d924a9ae9a5c8fef,SRCPD_697db25cf3feb121d55e,CMPPD_da363b16014a334d6ed6,钝感剂,ComponentGroup,钝感剂26—28,钝感剂,26—28,26—28,,26.0,28.0,,%,range,parsed,False,,3,accepted,非密-危险特性汇总表.docx,7
MATPD_4230d924a9ae9a5c8fef,SRCPD_697db25cf3feb121d55e,CMPPD_7703dc61a82e69f806ed,其他,ComponentGroup,其他1.1—1.5,其他,1.1—1.5,1.1—1.5,,1.1,1.5,,%,range,parsed,False,,4,accepted,非密-危险特性汇总表.docx,7
MATPD_8f84dc6cfdf9268b2080,SRCPD_9f42fefa1528cf7f9915,CMPPD_fccd31e6196ed610b1cc,奥克托今,ChemicalComponent,奥克托今57—59,奥克托今,57—59,57—59,,57.0,59.0,,%,range,parsed,False,,1,accepted,非密-危险特性汇总表.docx,8
MATPD_8f84dc6cfdf9268b2080,SRCPD_9f42fefa1528cf7f9915,CMPPD_4b2c3f8af6a78bfa824d,黑索今,ChemicalComponent,黑索今5—6.5,黑索今,5—6.5,5—6.5,,5.0,6.5,,%,range,parsed,False,,2,accepted,非密-危险特性汇总表.docx,8
MATPD_8f84dc6cfdf9268b2080,SRCPD_9f42fefa1528cf7f9915,CMPPD_acb6221789f5af2b7a1a,梯恩梯,ChemicalComponent,TNT30—33,TNT,30—33,30—33,,30.0,33.0,,%,range,parsed,False,,3,accepted,非密-危险特性汇总表.docx,8
MATPD_7e6ffe7c5cd595f94f9b,SRCPD_cc81452c4aff222b8b54,CMPPD_fccd31e6196ed610b1cc,奥克托今,ChemicalComponent,奥克托今95,奥克托今,95,95,95.0,,,,%,exact,parsed,False,,1,accepted,非密-危险特性汇总表.docx,9
MATPD_7e6ffe7c5cd595f94f9b,SRCPD_cc81452c4aff222b8b54,CMPPD_c0390e14970997c54d48,氟橡胶,ChemicalComponent,氟橡胶5.0,氟橡胶,5.0,5.0,5.0,,,,%,exact,parsed,False,,2,accepted,非密-危险特性汇总表.docx,9
MATPD_3bb0ef9eba9d5f73b568,SRCPD_1f433f5d503091824e52,CMPPD_fccd31e6196ed610b1cc,奥克托今,ChemicalComponent,奥克托今95.0,奥克托今,95.0,95.0,95.0,,,,%,exact,parsed,False,,1,accepted,非密-危险特性汇总表.docx,11
MATPD_3bb0ef9eba9d5f73b568,SRCPD_1f433f5d503091824e52,CMPPD_acb6221789f5af2b7a1a,梯恩梯,ChemicalComponent,TNT1.7,TNT,1.7,1.7,1.7,,,,%,exact,parsed,False,,2,accepted,非密-危险特性汇总表.docx,11
MATPD_73772e1c37defa2db38f,SRCPD_9b06503338100bd8fcb6,CMPPD_fccd31e6196ed610b1cc,奥克托今,ChemicalComponent,奥克托今85.5—87.5,奥克托今,85.5—87.5,85.5—87.5,,85.5,87.5,,%,range,parsed,False,,1,accepted,非密-危险特性汇总表.docx,12
MATPD_73772e1c37defa2db38f,SRCPD_9b06503338100bd8fcb6,CMPPD_68a4f983eebb8a7a449f,共聚尼龙,ChemicalComponent,共聚尼龙12.5—14.5,共聚尼龙,12.5—14.5,12.5—14.5,,12.5,14.5,,%,range,parsed,False,,2,accepted,非密-危险特性汇总表.docx,12
MATPD_5bffa7a46b0f38109bac,SRCPD_48f432d3d1c9dbbf0d40,CMPPD_fccd31e6196ed610b1cc,奥克托今,ChemicalComponent,奥克托今95.5,奥克托今,95.5,95.5,95.5,,,,%,exact,parsed,False,,1,accepted,非密-危险特性汇总表.docx,13
MATPD_5bffa7a46b0f38109bac,SRCPD_48f432d3d1c9dbbf0d40,CMPPD_04c17948bf179e97d9aa,弹性体,ComponentGroup,弹性体4.5,弹性体,4.5,4.5,4.5,,,,%,exact,parsed,False,,2,accepted,非密-危险特性汇总表.docx,13
MATPD_451f9b8096d72f9dc845,SRCPD_1d5fc858bb7b477b95f2,CMPPD_fccd31e6196ed610b1cc,奥克托今,ChemicalComponent,奥克托今73.0—77.0,奥克托今,73.0—77.0,73.0—77.0,,73.0,77.0,,%,range,parsed,False,,1,accepted,非密-危险特性汇总表.docx,14
MATPD_451f9b8096d72f9dc845,SRCPD_1d5fc858bb7b477b95f2,CMPPD_acb6221789f5af2b7a1a,梯恩梯,ChemicalComponent,TNT23.0—27.0,TNT,23.0—27.0,23.0—27.0,,23.0,27.0,,%,range,parsed,False,,2,accepted,非密-危险特性汇总表.docx,14
MATPD_451f9b8096d72f9dc845,SRCPD_1d5fc858bb7b477b95f2,CMPPD_6d093711d3b386fadd76,丙酮不溶物,ChemicalComponent,丙酮不溶物≤0.10,丙酮不溶物,≤0.10,≤0.10,,,0.1,,%,max,parsed,False,,3,accepted,非密-危险特性汇总表.docx,14
MATPD_a5f2fab1407048bf68f5,SRCPD_015a75cd56f71475fcd2,CMPPD_fccd31e6196ed610b1cc,奥克托今,ChemicalComponent,奥克托今68.0—72.0,奥克托今,68.0—72.0,68.0—72.0,,68.0,72.0,,%,range,parsed,False,,1,accepted,非密-危险特性汇总表.docx,15
MATPD_a5f2fab1407048bf68f5,SRCPD_015a75cd56f71475fcd2,CMPPD_acb6221789f5af2b7a1a,梯恩梯,ChemicalComponent,TNT28.0—32.0,TNT,28.0—32.0,28.0—32.0,,28.0,32.0,,%,range,parsed,False,,2,accepted,非密-危险特性汇总表.docx,15
MATPD_a5f2fab1407048bf68f5,SRCPD_015a75cd56f71475fcd2,CMPPD_6d093711d3b386fadd76,丙酮不溶物,ChemicalComponent,丙酮不溶物≤0.10,丙酮不溶物,≤0.10,≤0.10,,,0.1,,%,max,parsed,False,,3,accepted,非密-危险特性汇总表.docx,15
MATPD_50bfd897f6dd7391fb3d,SRCPD_4225c571fd15405e027e,CMPPD_4b2c3f8af6a78bfa824d,黑索今,ChemicalComponent,黑索今96—98,黑索今,96—98,96—98,,96.0,98.0,,%,range,parsed,False,,1,accepted,非密-危险特性汇总表.docx,16
MATPD_50bfd897f6dd7391fb3d,SRCPD_4225c571fd15405e027e,CMPPD_c0390e14970997c54d48,氟橡胶,ChemicalComponent,氟橡胶3—3.2,氟橡胶,3—3.2,3—3.2,,3.0,3.2,,%,range,parsed,False,,2,accepted,非密-危险特性汇总表.docx,16
MATPD_50bfd897f6dd7391fb3d,SRCPD_4225c571fd15405e027e,CMPPD_99ca1fc9ec636da6f104,石墨,ChemicalComponent,石墨0.5—0.7,石墨,0.5—0.7,0.5—0.7,,0.5,0.7,,%,range,parsed,False,,3,accepted,非密-危险特性汇总表.docx,16
MATPD_89cc320faa025ee00309,SRCPD_73215afa859da91cb4e6,CMPPD_4b2c3f8af6a78bfa824d,黑索今,ChemicalComponent,黑索今97—98,黑索今,97—98,97—98,,97.0,98.0,,%,range,parsed,False,,1,accepted,非密-危险特性汇总表.docx,17
MATPD_89cc320faa025ee00309,SRCPD_73215afa859da91cb4e6,CMPPD_e84fe2930a27b0b434f8,BA,ChemicalComponent,BA：2.0—2.2,BA,2.0—2.2,2.0—2.2,,2.0,2.2,,%,range,parsed,False,,2,accepted,非密-危险特性汇总表.docx,17
MATPD_89cc320faa025ee00309,SRCPD_73215afa859da91cb4e6,CMPPD_99ca1fc9ec636da6f104,石墨,ChemicalComponent,石墨0.6—7,石墨,0.6—7,0.6—7,,0.6,7.0,,%,range,parsed,False,,3,accepted,非密-危险特性汇总表.docx,17
MATPD_322ab4f6e7535733a71f,SRCPD_8937621361c832793127,CMPPD_4b2c3f8af6a78bfa824d,黑索今,ChemicalComponent,黑索今94—96,黑索今,94—96,94—96,,94.0,96.0,,%,range,parsed,False,,1,accepted,非密-危险特性汇总表.docx,18
MATPD_322ab4f6e7535733a71f,SRCPD_8937621361c832793127,CMPPD_2f76aa2c78cb0a5fa653,F4,ChemicalComponent,F4：0.3—0.5,F4,0.3—0.5,0.3—0.5,,0.3,0.5,,%,range,parsed,False,,2,accepted,非密-危险特性汇总表.docx,18
MATPD_322ab4f6e7535733a71f,SRCPD_8937621361c832793127,CMPPD_99ca1fc9ec636da6f104,石墨,ChemicalComponent,石墨2—2.5,石墨,2—2.5,2—2.5,,2.0,2.5,,%,range,parsed,False,,3,accepted,非密-危险特性汇总表.docx,18
MATPD_322ab4f6e7535733a71f,SRCPD_8937621361c832793127,CMPPD_c4de2e88a36a1f9ddf4a,58#石蜡,ChemicalComponent,58#石蜡1—2,58#石蜡,1—2,1—2,,1.0,2.0,,%,range,parsed,False,,4,accepted,非密-危险特性汇总表.docx,18
MATPD_24a8ced1878958148ae8,SRCPD_267c9ea471e7351d5901,CMPPD_4b2c3f8af6a78bfa824d,黑索今,ChemicalComponent,黑索今18—20,黑索今,18—20,18—20,,18.0,20.0,,%,range,parsed,False,,1,accepted,非密-危险特性汇总表.docx,19
MATPD_24a8ced1878958148ae8,SRCPD_267c9ea471e7351d5901,CMPPD_17a69b679dc231747ff9,二硝基甘脲,ChemicalComponent,二硝基甘脲32—35,二硝基甘脲,32—35,32—35,,32.0,35.0,,%,range,parsed,False,,2,accepted,非密-危险特性汇总表.docx,19
MATPD_24a8ced1878958148ae8,SRCPD_267c9ea471e7351d5901,CMPPD_acb6221789f5af2b7a1a,梯恩梯,ChemicalComponent,TNT38—40,TNT,38—40,38—40,,38.0,40.0,,%,range,parsed,False,,3,accepted,非密-危险特性汇总表.docx,19
MATPD_24a8ced1878958148ae8,SRCPD_267c9ea471e7351d5901,CMPPD_de8f7b18351f58e0d909,聚酯,ChemicalComponent,聚酯5—7,聚酯,5—7,5—7,,5.0,7.0,,%,range,parsed,False,,4,accepted,非密-危险特性汇总表.docx,19
MATPD_a6e5f3e8dc4dc09588b1,SRCPD_79a01114da3cc223bdfc,CMPPD_4b2c3f8af6a78bfa824d,黑索今,ChemicalComponent,黑索今29—31,黑索今,29—31,29—31,,29.0,31.0,,%,range,parsed,False,,1,accepted,非密-危险特性汇总表.docx,20
MATPD_a6e5f3e8dc4dc09588b1,SRCPD_79a01114da3cc223bdfc,CMPPD_b952e8ca36ad6faea456,EDD,ChemicalComponent,EDD32—34,EDD,32—34,32—34,,32.0,34.0,,%,range,parsed,False,,2,accepted,非密-危险特性汇总表.docx,20
MATPD_a6e5f3e8dc4dc09588b1,SRCPD_79a01114da3cc223bdfc,CMPPD_2aa6f2a46d5241696336,AN,ChemicalComponent,AN31—32,AN,31—32,31—32,,31.0,32.0,,%,range,parsed,False,,3,accepted,非密-危险特性汇总表.docx,20
MATPD_a6e5f3e8dc4dc09588b1,SRCPD_79a01114da3cc223bdfc,CMPPD_b9630ea38dcdc7b4afa2,KPX,ChemicalComponent,KPX7—9,KPX,7—9,7—9,,7.0,9.0,,%,range,parsed,False,,4,accepted,非密-危险特性汇总表.docx,20
MATPD_a6e5f3e8dc4dc09588b1,SRCPD_79a01114da3cc223bdfc,CMPPD_da363b16014a334d6ed6,钝感剂,ComponentGroup,钝感剂4—5,钝感剂,4—5,4—5,,4.0,5.0,,%,range,parsed,False,,5,accepted,非密-危险特性汇总表.docx,20
MATPD_a6e5f3e8dc4dc09588b1,SRCPD_79a01114da3cc223bdfc,CMPPD_7703dc61a82e69f806ed,其他,ComponentGroup,其他1.5—1.7,其他,1.5—1.7,1.5—1.7,,1.5,1.7,,%,range,parsed,False,,6,accepted,非密-危险特性汇总表.docx,20
MATPD_ef47915dc56c6158e333,SRCPD_118a9008362312efa3c5,CMPPD_4b2c3f8af6a78bfa824d,黑索今,ChemicalComponent,黑索今80,黑索今,80,80,80.0,,,,%,exact,parsed,False,,1,accepted,非密-危险特性汇总表.docx,21
MATPD_ef47915dc56c6158e333,SRCPD_118a9008362312efa3c5,CMPPD_ef25a0c55341b4167e75,铝粉,ChemicalComponent,铝粉20,铝粉,20,20,20.0,,,,%,exact,parsed,False,,2,accepted,非密-危险特性汇总表.docx,21
MATPD_7b26483e3dba3d991276,SRCPD_6dcdd173e3cc2ecf877f,CMPPD_4b2c3f8af6a78bfa824d,黑索今,ChemicalComponent,黑索今65.5,黑索今,65.5,65.5,65.5,,,,%,exact,parsed,False,,1,accepted,非密-危险特性汇总表.docx,22
MATPD_7b26483e3dba3d991276,SRCPD_6dcdd173e3cc2ecf877f,CMPPD_ef25a0c55341b4167e75,铝粉,ChemicalComponent,铝粉30,铝粉,30,30,30.0,,,,%,exact,parsed,False,,2,accepted,非密-危险特性汇总表.docx,22
MATPD_7b26483e3dba3d991276,SRCPD_6dcdd173e3cc2ecf877f,CMPPD_4f68706ab7e87ad8da07,复合蜡,ComponentGroup,复合蜡3.5,复合蜡,3.5,3.5,3.5,,,,%,exact,parsed,False,,3,accepted,非密-危险特性汇总表.docx,22
MATPD_b0e5cfdedbbf66086ea7,SRCPD_d66025cc50abb1393763,CMPPD_4b2c3f8af6a78bfa824d,黑索今,ChemicalComponent,黑索今75.5,黑索今,75.5,75.5,75.5,,,,%,exact,parsed,False,,1,accepted,非密-危险特性汇总表.docx,23
MATPD_b0e5cfdedbbf66086ea7,SRCPD_d66025cc50abb1393763,CMPPD_99ca1fc9ec636da6f104,石墨,ChemicalComponent,石墨1,石墨,1,1,1.0,,,,%,exact,parsed,False,,2,accepted,非密-危险特性汇总表.docx,23
MATPD_b0e5cfdedbbf66086ea7,SRCPD_d66025cc50abb1393763,CMPPD_ef25a0c55341b4167e75,铝粉,ChemicalComponent,铝粉20,铝粉,20,20,20.0,,,,%,exact,parsed,False,,3,accepted,非密-危险特性汇总表.docx,23
MATPD_b0e5cfdedbbf66086ea7,SRCPD_d66025cc50abb1393763,CMPPD_4f68706ab7e87ad8da07,复合蜡,ComponentGroup,复合蜡3.5,复合蜡,3.5,3.5,3.5,,,,%,exact,parsed,False,,4,accepted,非密-危险特性汇总表.docx,23
MATPD_5a538f3f11aaee02f1af,SRCPD_b2a8435f5a6305aa2b03,CMPPD_4b2c3f8af6a78bfa824d,黑索今,ChemicalComponent,黑索今60,黑索今,60,60,60.0,,,,%,exact,parsed,False,,1,accepted,非密-危险特性汇总表.docx,24
MATPD_5a538f3f11aaee02f1af,SRCPD_b2a8435f5a6305aa2b03,CMPPD_99ca1fc9ec636da6f104,石墨,ChemicalComponent,石墨1,石墨,1,1,1.0,,,,%,exact,parsed,False,,2,accepted,非密-危险特性汇总表.docx,24
MATPD_5a538f3f11aaee02f1af,SRCPD_b2a8435f5a6305aa2b03,CMPPD_da363b16014a334d6ed6,钝感剂,ComponentGroup,钝感剂40,钝感剂,40,40,40.0,,,,%,exact,parsed,False,,3,accepted,非密-危险特性汇总表.docx,24
MATPD_d7efbd7900ec922c8079,SRCPD_cfeddb84363326f98ff6,CMPPD_4b2c3f8af6a78bfa824d,黑索今,ChemicalComponent,黑索今95,黑索今,95,95,95.0,,,,%,exact,parsed,False,,1,accepted,非密-危险特性汇总表.docx,25
MATPD_d7efbd7900ec922c8079,SRCPD_cfeddb84363326f98ff6,CMPPD_da363b16014a334d6ed6,钝感剂,ComponentGroup,钝感剂5,钝感剂,5,5,5.0,,,,%,exact,parsed,False,,2,accepted,非密-危险特性汇总表.docx,25
MATPD_8d0b6dd659f0c89fe050,SRCPD_2088b3a497632f633469,CMPPD_4b2c3f8af6a78bfa824d,黑索今,ChemicalComponent,黑索今93.2—94.7,黑索今,93.2—94.7,93.2—94.7,,93.2,94.7,,%,range,parsed,False,,1,accepted,非密-危险特性汇总表.docx,26
MATPD_8d0b6dd659f0c89fe050,SRCPD_2088b3a497632f633469,CMPPD_c75d290055d5f3d309ab,胶体石墨,ChemicalComponent,胶体石墨0.8—1.3,胶体石墨,0.8—1.3,0.8—1.3,,0.8,1.3,,%,range,parsed,False,,2,accepted,非密-危险特性汇总表.docx,26
MATPD_8d0b6dd659f0c89fe050,SRCPD_2088b3a497632f633469,CMPPD_1fce0c92b5c823151263,钝感剂（微晶蜡）,ComponentGroup,钝感剂（微晶蜡）4.5—5.5,钝感剂（微晶蜡）,4.5—5.5,4.5—5.5,,4.5,5.5,,%,range,parsed,False,,3,accepted,非密-危险特性汇总表.docx,26
MATPD_3798dffb9041f5540758,SRCPD_d35481c8711b0db0e6e8,CMPPD_4b2c3f8af6a78bfa824d,黑索今,ChemicalComponent,黑索今91,黑索今,91,91,91.0,,,,%,exact,parsed,False,,1,accepted,非密-危险特性汇总表.docx,27
MATPD_3798dffb9041f5540758,SRCPD_d35481c8711b0db0e6e8,CMPPD_da363b16014a334d6ed6,钝感剂,ComponentGroup,钝感剂9.0,钝感剂,9.0,9.0,9.0,,,,%,exact,parsed,False,,2,accepted,非密-危险特性汇总表.docx,27
MATPD_9bb2171f3be6bb4d5eb6,SRCPD_ecf69575aa4704edfaa4,CMPPD_4b2c3f8af6a78bfa824d,黑索今,ChemicalComponent,黑索今97,黑索今,97,97,97.0,,,,%,exact,parsed,False,,1,accepted,非密-危险特性汇总表.docx,28
MATPD_9bb2171f3be6bb4d5eb6,SRCPD_ecf69575aa4704edfaa4,CMPPD_da363b16014a334d6ed6,钝感剂,ComponentGroup,钝感剂3.0,钝感剂,3.0,3.0,3.0,,,,%,exact,parsed,False,,2,accepted,非密-危险特性汇总表.docx,28
MATPD_4fe4e94dc50faed251b7,SRCPD_31b5eae23e1e306fa1c2,CMPPD_4b2c3f8af6a78bfa824d,黑索今,ChemicalComponent,黑索今98.5,黑索今,98.5,98.5,98.5,,,,%,exact,parsed,False,,1,accepted,非密-危险特性汇总表.docx,29
MATPD_4fe4e94dc50faed251b7,SRCPD_31b5eae23e1e306fa1c2,CMPPD_e08c2b5cf75e44983c70,硬脂酸,ChemicalComponent,硬脂酸1.0—1.5,硬脂酸,1.0—1.5,1.0—1.5,,1.0,1.5,,%,range,parsed,False,,2,accepted,非密-危险特性汇总表.docx,29
MATPD_2f72e6b471e0f8d5d305,SRCPD_904f454604e759fc299a,CMPPD_4b2c3f8af6a78bfa824d,黑索今,ChemicalComponent,黑索今98.5,黑索今,98.5,98.5,98.5,,,,%,exact,parsed,False,,1,accepted,非密-危险特性汇总表.docx,30
MATPD_2f72e6b471e0f8d5d305,SRCPD_904f454604e759fc299a,CMPPD_da363b16014a334d6ed6,钝感剂,ComponentGroup,钝感剂1.5,钝感剂,1.5,1.5,1.5,,,,%,exact,parsed,False,,2,accepted,非密-危险特性汇总表.docx,30
MATPD_ca8cf9b7053d2bf08c8d,SRCPD_be24a5684b088fa74728,CMPPD_4b2c3f8af6a78bfa824d,黑索今,ChemicalComponent,黑索今98.5,黑索今,98.5,98.5,98.5,,,,%,exact,parsed,False,,1,accepted,非密-危险特性汇总表.docx,31
MATPD_ca8cf9b7053d2bf08c8d,SRCPD_be24a5684b088fa74728,CMPPD_99ca1fc9ec636da6f104,石墨,ChemicalComponent,石墨0.5,石墨,0.5,0.5,0.5,,,,%,exact,parsed,False,,2,accepted,非密-危险特性汇总表.docx,31
MATPD_ca8cf9b7053d2bf08c8d,SRCPD_be24a5684b088fa74728,CMPPD_da363b16014a334d6ed6,钝感剂,ComponentGroup,钝感剂1.0,钝感剂,1.0,1.0,1.0,,,,%,exact,parsed,False,,3,accepted,非密-危险特性汇总表.docx,31
MATPD_ca8cf9b7053d2bf08c8d,SRCPD_be24a5684b088fa74728,CMPPD_1f84bd9b7733ed57337b,硬脂酸钙,ChemicalComponent,硬脂酸钙1.50,硬脂酸钙,1.50,1.50,1.5,,,,%,exact,parsed,False,,4,accepted,非密-危险特性汇总表.docx,31
MATPD_81126affe57664b4d77a,SRCPD_c698c231dd77e8f8edc3,CMPPD_4b2c3f8af6a78bfa824d,黑索今,ChemicalComponent,黑索今94.5,黑索今,94.5,94.5,94.5,,,,%,exact,parsed,False,,1,accepted,非密-危险特性汇总表.docx,32
MATPD_81126affe57664b4d77a,SRCPD_c698c231dd77e8f8edc3,CMPPD_7703dc61a82e69f806ed,其他,ComponentGroup,其他3.0,其他,3.0,3.0,3.0,,,,%,exact,parsed,False,,2,accepted,非密-危险特性汇总表.docx,32
MATPD_ad8a083c833ce89bc2ca,SRCPD_679d81e404e72d702d78,CMPPD_4b2c3f8af6a78bfa824d,黑索今,ChemicalComponent,黑索今97.5,黑索今,97.5,97.5,97.5,,,,%,exact,parsed,False,,1,accepted,非密-危险特性汇总表.docx,33
MATPD_ad8a083c833ce89bc2ca,SRCPD_679d81e404e72d702d78,CMPPD_99ca1fc9ec636da6f104,石墨,ChemicalComponent,石墨0.50,石墨,0.50,0.50,0.5,,,,%,exact,parsed,False,,2,accepted,非密-危险特性汇总表.docx,33
MATPD_ad8a083c833ce89bc2ca,SRCPD_679d81e404e72d702d78,CMPPD_8e6df19256cdd9192acb,聚异丁烯,ChemicalComponent,聚异丁烯0.50,聚异丁烯,0.50,0.50,0.5,,,,%,exact,parsed,False,,3,accepted,非密-危险特性汇总表.docx,33
MATPD_ad8a083c833ce89bc2ca,SRCPD_679d81e404e72d702d78,CMPPD_1f84bd9b7733ed57337b,硬脂酸钙,ChemicalComponent,硬脂酸钙1.50,硬脂酸钙,1.50,1.50,1.5,,,,%,exact,parsed,False,,4,accepted,非密-危险特性汇总表.docx,33
MATPD_5ecaa7d70bee04a7d6d7,SRCPD_da972e220cf0a226e7e8,CMPPD_4b2c3f8af6a78bfa824d,黑索今,ChemicalComponent,黑索今97,黑索今,97,97,97.0,,,,%,exact,parsed,False,,1,accepted,非密-危险特性汇总表.docx,34
MATPD_5ecaa7d70bee04a7d6d7,SRCPD_da972e220cf0a226e7e8,CMPPD_99ca1fc9ec636da6f104,石墨,ChemicalComponent,石墨0.1,石墨,0.1,0.1,0.1,,,,%,exact,parsed,False,,2,accepted,非密-危险特性汇总表.docx,34
MATPD_5ecaa7d70bee04a7d6d7,SRCPD_da972e220cf0a226e7e8,CMPPD_c0390e14970997c54d48,氟橡胶,ChemicalComponent,氟橡胶3.0,氟橡胶,3.0,3.0,3.0,,,,%,exact,parsed,False,,3,accepted,非密-危险特性汇总表.docx,34
MATPD_044ed101deadbfde17fa,SRCPD_b0d46bb91d6a3ce982ed,CMPPD_4b2c3f8af6a78bfa824d,黑索今,ChemicalComponent,黑索今92,黑索今,92,92,92.0,,,,%,exact,parsed,False,,1,accepted,非密-危险特性汇总表.docx,35
MATPD_044ed101deadbfde17fa,SRCPD_b0d46bb91d6a3ce982ed,CMPPD_744b9f367e13bbdf9a4a,聚醋酸乙烯酯,ChemicalComponent,聚醋酸乙烯酯1.6,聚醋酸乙烯酯,1.6,1.6,1.6,,,,%,exact,parsed,False,,2,accepted,非密-危险特性汇总表.docx,35
MATPD_044ed101deadbfde17fa,SRCPD_b0d46bb91d6a3ce982ed,CMPPD_5c6d6e8c6736d14f3411,环氧树脂,ChemicalComponent,环氧树脂2.7,环氧树脂,2.7,2.7,2.7,,,,%,exact,parsed,False,,3,accepted,非密-危险特性汇总表.docx,35
MATPD_044ed101deadbfde17fa,SRCPD_b0d46bb91d6a3ce982ed,CMPPD_c196e99ad57ee2bd5fdf,磷酸二苯异辛酯,ChemicalComponent,磷酸二苯异辛酯3.7,磷酸二苯异辛酯,3.7,3.7,3.7,,,,%,exact,parsed,False,,4,accepted,非密-危险特性汇总表.docx,35
MATPD_1a8513ad5342941174a2,SRCPD_337058e8aa5ae0be7f41,CMPPD_4b2c3f8af6a78bfa824d,黑索今,ChemicalComponent,黑索今91.5,黑索今,91.5,91.5,91.5,,,,%,exact,parsed,False,,1,accepted,非密-危险特性汇总表.docx,36
MATPD_1a8513ad5342941174a2,SRCPD_337058e8aa5ae0be7f41,CMPPD_8e6df19256cdd9192acb,聚异丁烯,ChemicalComponent,聚异丁烯2.1,聚异丁烯,2.1,2.1,2.1,,,,%,exact,parsed,False,,2,accepted,非密-危险特性汇总表.docx,36
MATPD_1a8513ad5342941174a2,SRCPD_337058e8aa5ae0be7f41,CMPPD_67f51bb9a82f9cda0b8f,癸二酸二辛酯,ChemicalComponent,葵二酸二辛酯4.8,葵二酸二辛酯,4.8,4.8,4.8,,,,%,exact,pending_review,True,component_name_normalization_review,3,pending_review,非密-危险特性汇总表.docx,36
MATPD_1a8513ad5342941174a2,SRCPD_337058e8aa5ae0be7f41,CMPPD_108bc802df1588c012f0,45号变压器油,ChemicalComponent,45号变压器油1.6,45号变压器油,1.6,1.6,1.6,,,,%,exact,parsed,False,,4,accepted,非密-危险特性汇总表.docx,36
MATPD_228fc1358e19224d67f0,SRCPD_f02c0634650096f807d7,CMPPD_4b2c3f8af6a78bfa824d,黑索今,ChemicalComponent,黑索今91,黑索今,91,91,91.0,,,,%,exact,parsed,False,,1,accepted,非密-危险特性汇总表.docx,37
MATPD_228fc1358e19224d67f0,SRCPD_f02c0634650096f807d7,CMPPD_8e6df19256cdd9192acb,聚异丁烯,ChemicalComponent,聚异丁烯1.4,聚异丁烯,1.4,1.4,1.4,,,,%,exact,parsed,False,,2,accepted,非密-危险特性汇总表.docx,37
MATPD_228fc1358e19224d67f0,SRCPD_f02c0634650096f807d7,CMPPD_67f51bb9a82f9cda0b8f,癸二酸二辛酯,ChemicalComponent,葵二酸二辛酯4.6,葵二酸二辛酯,4.6,4.6,4.6,,,,%,exact,pending_review,True,component_name_normalization_review,3,pending_review,非密-危险特性汇总表.docx,37
MATPD_228fc1358e19224d67f0,SRCPD_f02c0634650096f807d7,CMPPD_a23efe77908790d67264,特5号仪表油,ChemicalComponent,特5号仪表油2,特5号仪表油,2,2,2.0,,,,%,exact,parsed,False,,4,accepted,非密-危险特性汇总表.docx,37
MATPD_228fc1358e19224d67f0,SRCPD_f02c0634650096f807d7,CMPPD_0c335ee9c83a648dc03a,特221号润滑脂,ChemicalComponent,特221号润滑脂1,特221号润滑脂,1,1,1.0,,,,%,exact,parsed,False,,5,accepted,非密-危险特性汇总表.docx,37
MATPD_a2e1c0e04a51a3b3e6f0,SRCPD_88c05f87682f1dcd7546,CMPPD_4b2c3f8af6a78bfa824d,黑索今,ChemicalComponent,黑索今89.8—91.2,黑索今,89.8—91.2,89.8—91.2,,89.8,91.2,,%,range,parsed,False,,1,accepted,非密-危险特性汇总表.docx,38
MATPD_a2e1c0e04a51a3b3e6f0,SRCPD_88c05f87682f1dcd7546,CMPPD_c0390e14970997c54d48,氟橡胶,ChemicalComponent,氟橡胶2.2—2.6,氟橡胶,2.2—2.6,2.2—2.6,,2.2,2.6,,%,range,parsed,False,,2,accepted,非密-危险特性汇总表.docx,38
MATPD_a2e1c0e04a51a3b3e6f0,SRCPD_88c05f87682f1dcd7546,CMPPD_744b9f367e13bbdf9a4a,聚醋酸乙烯酯,ChemicalComponent,聚醋酸乙烯酯6.6—7.6,聚醋酸乙烯酯,6.6—7.6,6.6—7.6,,6.6,7.6,,%,range,parsed,False,,3,accepted,非密-危险特性汇总表.docx,38
MATPD_4f5a388070e46667f112,SRCPD_5c8645f1ddb41ce3db75,CMPPD_4b2c3f8af6a78bfa824d,黑索今,ChemicalComponent,黑索今94,黑索今,94,94,94.0,,,,%,exact,parsed,False,,1,accepted,非密-危险特性汇总表.docx,39
MATPD_4f5a388070e46667f112,SRCPD_5c8645f1ddb41ce3db75,CMPPD_0b317bf9ac7ee32f8081,4号炸药,ChemicalComponent,4号炸药3,4号炸药,3,3,3.0,,,,%,exact,parsed,False,,2,accepted,非密-危险特性汇总表.docx,39
MATPD_4f5a388070e46667f112,SRCPD_5c8645f1ddb41ce3db75,CMPPD_744b9f367e13bbdf9a4a,聚醋酸乙烯酯,ChemicalComponent,聚醋酸乙烯酯2,聚醋酸乙烯酯,2,2,2.0,,,,%,exact,parsed,False,,3,accepted,非密-危险特性汇总表.docx,39
MATPD_4f5a388070e46667f112,SRCPD_5c8645f1ddb41ce3db75,CMPPD_e08c2b5cf75e44983c70,硬脂酸,ChemicalComponent,硬脂酸1,硬脂酸,1,1,1.0,,,,%,exact,parsed,False,,4,accepted,非密-危险特性汇总表.docx,39
MATPD_f6f97a753ab53341c03f,SRCPD_d87bbd844506478617a9,CMPPD_acb6221789f5af2b7a1a,梯恩梯,ChemicalComponent,TNT80,TNT,80,80,80.0,,,,%,exact,parsed,False,,1,accepted,非密-危险特性汇总表.docx,40
MATPD_f6f97a753ab53341c03f,SRCPD_d87bbd844506478617a9,CMPPD_ef25a0c55341b4167e75,铝粉,ChemicalComponent,铝粉20.0,铝粉,20.0,20.0,20.0,,,,%,exact,parsed,False,,2,accepted,非密-危险特性汇总表.docx,40
MATPD_24692923495c3f83482e,SRCPD_60c228f094b81dcfb48b,CMPPD_f05f8fbdf62b5c2ff154,二苯胺,ChemicalComponent,二本胺1.0—2.0,二本胺,1.0—2.0,1.0—2.0,,1.0,2.0,,%,range,pending_review,True,component_name_normalization_review,4,pending_review,非密-危险特性汇总表.docx,3
MATPD_24692923495c3f83482e,SRCPD_60c228f094b81dcfb48b,CMPPD_c595c7c949b60c120456,硫酸钾,ChemicalComponent,硫酸钾0.5—1.0,硫酸钾,0.5—1.0,0.5—1.0,,0.5,1.0,,%,range,parsed,False,,5,accepted,非密-危险特性汇总表.docx,3
MATPD_aa280586a21b62631377,SRCPD_3290eb3f2dc9298f7da4,CMPPD_f05f8fbdf62b5c2ff154,二苯胺,ChemicalComponent,二苯胺1.0—2.0,二苯胺,1.0—2.0,1.0—2.0,,1.0,2.0,,%,range,parsed,False,,1,accepted,非密-危险特性汇总表.docx,4
MATPD_b84d5852c54b6dafeeee,SRCPD_b14b5ad1f22dd0970b35,CMPPD_f05f8fbdf62b5c2ff154,二苯胺,ChemicalComponent,二苯胺1.0—1.4,二苯胺,1.0—1.4,1.0—1.4,,1.0,1.4,,%,range,parsed,False,,1,accepted,非密-危险特性汇总表.docx,5
MATPD_b84d5852c54b6dafeeee,SRCPD_b14b5ad1f22dd0970b35,CMPPD_c595c7c949b60c120456,硫酸钾,ChemicalComponent,硫酸钾约1.0,硫酸钾,约1.0,约1.0,1.0,,,,%,approx,parsed,False,,2,accepted,非密-危险特性汇总表.docx,5
MATPD_b84d5852c54b6dafeeee,SRCPD_b14b5ad1f22dd0970b35,CMPPD_826409bf5dd8e7c67097,硝化棉,ChemicalComponent,余量：硝化棉,硝化棉,余量,余量,,,,,%,remainder,parsed,False,,4,accepted,非密-危险特性汇总表.docx,5
MATPD_d7b25d8529ad8267def2,SRCPD_380af1333ec179104012,CMPPD_f05f8fbdf62b5c2ff154,二苯胺,ChemicalComponent,二本胺1.0—2.0,二本胺,1.0—2.0,1.0—2.0,,1.0,2.0,,%,range,pending_review,True,component_name_normalization_review,4,pending_review,非密-危险特性汇总表.docx,6
MATPD_d7b25d8529ad8267def2,SRCPD_380af1333ec179104012,CMPPD_e73411d66d02604b2c79,樟脑,ChemicalComponent,樟脑≤1.8,樟脑,≤1.8,≤1.8,,,1.8,,%,max,parsed,False,,5,accepted,非密-危险特性汇总表.docx,6
MATPD_d7b25d8529ad8267def2,SRCPD_380af1333ec179104012,CMPPD_99ca1fc9ec636da6f104,石墨,ChemicalComponent,石墨≤0.4,石墨,≤0.4,≤0.4,,,0.4,,%,max,parsed,False,,6,accepted,非密-危险特性汇总表.docx,6
MATPD_50c3212f7f70df127436,SRCPD_ea74e724d805c080a346,CMPPD_f05f8fbdf62b5c2ff154,二苯胺,ChemicalComponent,二苯胺1.0—2.0,二苯胺,1.0—2.0,1.0—2.0,,1.0,2.0,,%,range,parsed,False,,4,accepted,非密-危险特性汇总表.docx,7
MATPD_50c3212f7f70df127436,SRCPD_ea74e724d805c080a346,CMPPD_e73411d66d02604b2c79,樟脑,ChemicalComponent,樟脑≤1.8,樟脑,≤1.8,≤1.8,,,1.8,,%,max,parsed,False,,5,accepted,非密-危险特性汇总表.docx,7
MATPD_50c3212f7f70df127436,SRCPD_ea74e724d805c080a346,CMPPD_99ca1fc9ec636da6f104,石墨,ChemicalComponent,石墨≤0.28,石墨,≤0.28,≤0.28,,,0.28,,%,max,parsed,False,,6,accepted,非密-危险特性汇总表.docx,7
MATPD_8a8a57da3044f82974c0,SRCPD_f349c5bbde86e00a4e6a,CMPPD_3efbdf4514db0fad5764,C2,ChemicalComponent,C2≤2.0,C2,≤2.0,≤2.0,,,2.0,,%,max,parsed,False,,1,accepted,非密-危险特性汇总表.docx,8
MATPD_8a8a57da3044f82974c0,SRCPD_f349c5bbde86e00a4e6a,CMPPD_99ca1fc9ec636da6f104,石墨,ChemicalComponent,石墨≤0.2,石墨,≤0.2,≤0.2,,,0.2,,%,max,parsed,False,,2,accepted,非密-危险特性汇总表.docx,8
MATPD_8a8a57da3044f82974c0,SRCPD_f349c5bbde86e00a4e6a,CMPPD_9b055c4b34f13c787179,炭黑,ChemicalComponent,碳黑≤2.0,碳黑,≤2.0,≤2.0,,,2.0,,%,max,pending_review,True,component_name_normalization_review,3,pending_review,非密-危险特性汇总表.docx,8
MATPD_8a8a57da3044f82974c0,SRCPD_f349c5bbde86e00a4e6a,CMPPD_f50477d49a7b00321f50,硝酸钾,ChemicalComponent,硝酸钾≤0.05,硝酸钾,≤0.05,≤0.05,,,0.05,,%,max,parsed,False,,4,accepted,非密-危险特性汇总表.docx,8
MATPD_8a8a57da3044f82974c0,SRCPD_f349c5bbde86e00a4e6a,CMPPD_826409bf5dd8e7c67097,硝化棉,ChemicalComponent,余量：硝化棉,硝化棉,余量,余量,,,,,%,remainder,parsed,False,,6,accepted,非密-危险特性汇总表.docx,8
MATPD_64530f3ca17fe6e7af6f,SRCPD_f2d09166bc0dfa19ae81,CMPPD_826409bf5dd8e7c67097,硝化棉,ChemicalComponent,硝化棉（N=13.15±0.05%）余数,硝化棉（N=13.15±0.05%）,余量,余量,,,,,%,remainder,parsed,False,,1,accepted,非密-危险特性汇总表.docx,9
MATPD_64530f3ca17fe6e7af6f,SRCPD_f2d09166bc0dfa19ae81,CMPPD_688a8bbbbb2fb6932235,二硝基甲苯,ChemicalComponent,二硝基甲苯1.0—5.0,二硝基甲苯,1.0—5.0,1.0—5.0,,1.0,5.0,,%,range,parsed,False,,2,accepted,非密-危险特性汇总表.docx,9
MATPD_64530f3ca17fe6e7af6f,SRCPD_f2d09166bc0dfa19ae81,CMPPD_f79eeb43e7dde87fd11f,邻苯二甲酸二丁酯,ChemicalComponent,邻苯二甲酸二丁酯≤2.0,邻苯二甲酸二丁酯,≤2.0,≤2.0,,,2.0,,%,max,parsed,False,,3,accepted,非密-危险特性汇总表.docx,9
MATPD_64530f3ca17fe6e7af6f,SRCPD_f2d09166bc0dfa19ae81,CMPPD_f05f8fbdf62b5c2ff154,二苯胺,ChemicalComponent,二苯胺0.5—1.5,二苯胺,0.5—1.5,0.5—1.5,,0.5,1.5,,%,range,parsed,False,,4,accepted,非密-危险特性汇总表.docx,9
MATPD_64530f3ca17fe6e7af6f,SRCPD_f2d09166bc0dfa19ae81,CMPPD_99ca1fc9ec636da6f104,石墨,ChemicalComponent,石墨≤0.4,石墨,≤0.4,≤0.4,,,0.4,,%,max,parsed,False,,5,accepted,非密-危险特性汇总表.docx,9
MATPD_64530f3ca17fe6e7af6f,SRCPD_f2d09166bc0dfa19ae81,CMPPD_c595c7c949b60c120456,硫酸钾,ChemicalComponent,硫酸钾≤1.0,硫酸钾,≤1.0,≤1.0,,,1.0,,%,max,parsed,False,,6,accepted,非密-危险特性汇总表.docx,9
MATPD_1710b99bca1bc0b22528,SRCPD_d154740e12f98c9cc55d,CMPPD_826409bf5dd8e7c67097,硝化棉,ChemicalComponent,硝化棉余数,硝化棉,余量,余量,,,,,%,remainder,parsed,False,,1,accepted,非密-危险特性汇总表.docx,10
MATPD_1710b99bca1bc0b22528,SRCPD_d154740e12f98c9cc55d,CMPPD_688a8bbbbb2fb6932235,二硝基甲苯,ChemicalComponent,二硝基甲苯1.0—12.0,二硝基甲苯,1.0—12.0,1.0—12.0,,1.0,12.0,,%,range,parsed,False,,2,accepted,非密-危险特性汇总表.docx,10
MATPD_1710b99bca1bc0b22528,SRCPD_d154740e12f98c9cc55d,CMPPD_f05f8fbdf62b5c2ff154,二苯胺,ChemicalComponent,二苯胺0.8—1.5,二苯胺,0.8—1.5,0.8—1.5,,0.8,1.5,,%,range,parsed,False,,3,accepted,非密-危险特性汇总表.docx,10
MATPD_1710b99bca1bc0b22528,SRCPD_d154740e12f98c9cc55d,CMPPD_c595c7c949b60c120456,硫酸钾,ChemicalComponent,硫酸钾0.5—1.0,硫酸钾,0.5—1.0,0.5—1.0,,0.5,1.0,,%,range,parsed,False,,4,accepted,非密-危险特性汇总表.docx,10
MATPD_48fe044f492ee9e4d2d3,SRCPD_5800151720d0c081608c,CMPPD_f05f8fbdf62b5c2ff154,二苯胺,ChemicalComponent,二苯胺≤0.8—1.4,二苯胺,≤0.8—1.4,≤0.8—1.4,,0.8,1.4,,%,range,parsed,False,,1,accepted,非密-危险特性汇总表.docx,11
MATPD_48fe044f492ee9e4d2d3,SRCPD_5800151720d0c081608c,CMPPD_688a8bbbbb2fb6932235,二硝基甲苯,ChemicalComponent,DNT1.0—2.0,DNT,1.0—2.0,1.0—2.0,,1.0,2.0,,%,range,parsed,False,,2,accepted,非密-危险特性汇总表.docx,11
MATPD_48fe044f492ee9e4d2d3,SRCPD_5800151720d0c081608c,CMPPD_c595c7c949b60c120456,硫酸钾,ChemicalComponent,硫酸钾0.5—1.0,硫酸钾,0.5—1.0,0.5—1.0,,0.5,1.0,,%,range,parsed,False,,3,accepted,非密-危险特性汇总表.docx,11
MATPD_48fe044f492ee9e4d2d3,SRCPD_5800151720d0c081608c,CMPPD_826409bf5dd8e7c67097,硝化棉,ChemicalComponent,余量：硝化棉,硝化棉,余量,余量,,,,,%,remainder,parsed,False,,4,accepted,非密-危险特性汇总表.docx,11
MATPD_4c3fe758c00ebab30cf6,SRCPD_47f18c12386abc18fd28,CMPPD_f05f8fbdf62b5c2ff154,二苯胺,ChemicalComponent,二苯胺1.1—1.8,二苯胺,1.1—1.8,1.1—1.8,,1.1,1.8,,%,range,parsed,False,,1,accepted,非密-危险特性汇总表.docx,12
MATPD_4c3fe758c00ebab30cf6,SRCPD_47f18c12386abc18fd28,CMPPD_605ef8b7a3db8bdb2038,EDMA,ChemicalComponent,EDMA≤15,EDMA,≤15,≤15,,,15.0,,%,max,parsed,False,,2,accepted,非密-危险特性汇总表.docx,12
MATPD_4c3fe758c00ebab30cf6,SRCPD_47f18c12386abc18fd28,CMPPD_f50477d49a7b00321f50,硝酸钾,ChemicalComponent,硝酸钾≤0.8,硝酸钾,≤0.8,≤0.8,,,0.8,,%,max,parsed,False,,3,accepted,非密-危险特性汇总表.docx,12
MATPD_4c3fe758c00ebab30cf6,SRCPD_47f18c12386abc18fd28,CMPPD_826409bf5dd8e7c67097,硝化棉,ChemicalComponent,余量：硝化棉,硝化棉,余量,余量,,,,,%,remainder,parsed,False,,5,accepted,非密-危险特性汇总表.docx,12
MATPD_782269f0a148b773d464,SRCPD_262ce6ef27a6fbed3918,CMPPD_f05f8fbdf62b5c2ff154,二苯胺,ChemicalComponent,二苯胺1.0—2.0,二苯胺,1.0—2.0,1.0—2.0,,1.0,2.0,,%,range,parsed,False,,4,accepted,非密-危险特性汇总表.docx,13
MATPD_782269f0a148b773d464,SRCPD_262ce6ef27a6fbed3918,CMPPD_99ca1fc9ec636da6f104,石墨,ChemicalComponent,石墨≤0.9,石墨,≤0.9,≤0.9,,,0.9,,%,max,parsed,False,,5,accepted,非密-危险特性汇总表.docx,13
MATPD_782269f0a148b773d464,SRCPD_262ce6ef27a6fbed3918,CMPPD_f50477d49a7b00321f50,硝酸钾,ChemicalComponent,硝酸钾≤0.2,硝酸钾,≤0.2,≤0.2,,,0.2,,%,max,parsed,False,,6,accepted,非密-危险特性汇总表.docx,13
MATPD_fac9ea6471bf99f30ffc,SRCPD_741dc383ca517b88c387,CMPPD_826409bf5dd8e7c67097,硝化棉,ChemicalComponent,硝化棉85±2.0,硝化棉,85±2.0,85±2.0,85.0,,,2.0,%,nominal_tolerance,parsed,False,,1,accepted,非密-危险特性汇总表.docx,15
MATPD_fac9ea6471bf99f30ffc,SRCPD_741dc383ca517b88c387,CMPPD_688a8bbbbb2fb6932235,二硝基甲苯,ChemicalComponent,二硝基甲苯10.0±2.0,二硝基甲苯,10.0±2.0,10.0±2.0,10.0,,,2.0,%,nominal_tolerance,parsed,False,,2,accepted,非密-危险特性汇总表.docx,15
MATPD_fac9ea6471bf99f30ffc,SRCPD_741dc383ca517b88c387,CMPPD_f79eeb43e7dde87fd11f,邻苯二甲酸二丁酯,ChemicalComponent,邻苯二甲酸二丁酯5.0±1.0,邻苯二甲酸二丁酯,5.0±1.0,5.0±1.0,5.0,,,1.0,%,nominal_tolerance,parsed,False,,3,accepted,非密-危险特性汇总表.docx,15
MATPD_fac9ea6471bf99f30ffc,SRCPD_741dc383ca517b88c387,CMPPD_f05f8fbdf62b5c2ff154,二苯胺,ChemicalComponent,二苯胺0.9—1.2,二苯胺,0.9—1.2,0.9—1.2,,0.9,1.2,,%,range,parsed,False,,4,accepted,非密-危险特性汇总表.docx,15
MATPD_fac9ea6471bf99f30ffc,SRCPD_741dc383ca517b88c387,CMPPD_c595c7c949b60c120456,硫酸钾,ChemicalComponent,硫酸钾1.0±0.3,硫酸钾,1.0±0.3,1.0±0.3,1.0,,,0.3,%,nominal_tolerance,parsed,False,,5,accepted,非密-危险特性汇总表.docx,15
MATPD_79df94715c189aa565b8,SRCPD_fe6f480ed753e093efb5,CMPPD_f05f8fbdf62b5c2ff154,二苯胺,ChemicalComponent,二苯胺1.0—2.0,二苯胺,1.0—2.0,1.0—2.0,,1.0,2.0,,%,range,parsed,False,,1,accepted,非密-危险特性汇总表.docx,16
MATPD_cb58df8dca499770bdf1,SRCPD_fb8869b145d956eed2a5,CMPPD_f05f8fbdf62b5c2ff154,二苯胺,ChemicalComponent,二苯胺1.0—2.0,二苯胺,1.0—2.0,1.0—2.0,,1.0,2.0,,%,range,parsed,False,,1,accepted,非密-危险特性汇总表.docx,17
MATPD_68fe331aab773030cbd5,SRCPD_0aac91bea5d5adcead4b,CMPPD_826409bf5dd8e7c67097,硝化棉,ChemicalComponent,硝化棉余数,硝化棉,余量,余量,,,,,%,remainder,parsed,False,,1,accepted,非密-危险特性汇总表.docx,18
MATPD_68fe331aab773030cbd5,SRCPD_0aac91bea5d5adcead4b,CMPPD_f05f8fbdf62b5c2ff154,二苯胺,ChemicalComponent,二苯胺1.0—2.0,二苯胺,1.0—2.0,1.0—2.0,,1.0,2.0,,%,range,parsed,False,,2,accepted,非密-危险特性汇总表.docx,18
MATPD_f06ca5994e31b673208f,SRCPD_5270d69f32b2d9a85a75,CMPPD_826409bf5dd8e7c67097,硝化棉,ChemicalComponent,硝化棉余数,硝化棉,余量,余量,,,,,%,remainder,parsed,False,,1,accepted,非密-危险特性汇总表.docx,19
MATPD_f06ca5994e31b673208f,SRCPD_5270d69f32b2d9a85a75,CMPPD_f05f8fbdf62b5c2ff154,二苯胺,ChemicalComponent,二苯胺1.0—2.0,二苯胺,1.0—2.0,1.0—2.0,,1.0,2.0,,%,range,parsed,False,,2,accepted,非密-危险特性汇总表.docx,19
MATPD_2322f1115bc714fef1cd,SRCPD_ee965e2a75e2404e7a0d,CMPPD_f05f8fbdf62b5c2ff154,二苯胺,ChemicalComponent,二苯胺1—2,二苯胺,1—2,1—2,,1.0,2.0,,%,range,parsed,False,,1,accepted,非密-危险特性汇总表.docx,20
MATPD_f87cd19d59e5a15fd67b,SRCPD_dd96761b9e21007b913b,CMPPD_f05f8fbdf62b5c2ff154,二苯胺,ChemicalComponent,二苯胺1.0—2.0,二苯胺,1.0—2.0,1.0—2.0,,1.0,2.0,,%,range,parsed,False,,4,accepted,非密-危险特性汇总表.docx,21
MATPD_5cc9c988052670a1ddc4,SRCPD_ac04a527db335da04b53,CMPPD_826409bf5dd8e7c67097,硝化棉,ChemicalComponent,硝化棉余数,硝化棉,余量,余量,,,,,%,remainder,parsed,False,,1,accepted,非密-危险特性汇总表.docx,22
MATPD_5cc9c988052670a1ddc4,SRCPD_ac04a527db335da04b53,CMPPD_f05f8fbdf62b5c2ff154,二苯胺,ChemicalComponent,二苯胺1.0—2.0,二苯胺,1.0—2.0,1.0—2.0,,1.0,2.0,,%,range,parsed,False,,2,accepted,非密-危险特性汇总表.docx,22
MATPD_8f4e35ed923237ec16e3,SRCPD_514e77a48a6069972499,CMPPD_f05f8fbdf62b5c2ff154,二苯胺,ChemicalComponent,二苯胺1.0—2.0,二苯胺,1.0—2.0,1.0—2.0,,1.0,2.0,,%,range,parsed,False,,1,accepted,非密-危险特性汇总表.docx,23
MATPD_845a9cdf66ed4a5f67e3,SRCPD_69fc6b0174cbc112b6cf,CMPPD_f05f8fbdf62b5c2ff154,二苯胺,ChemicalComponent,二苯胺1.0—2.0,二苯胺,1.0—2.0,1.0—2.0,,1.0,2.0,,%,range,parsed,False,,1,accepted,非密-危险特性汇总表.docx,24
MATPD_ab04110ebc9c04727202,SRCPD_e87c92745e8456cb13ad,CMPPD_f05f8fbdf62b5c2ff154,二苯胺,ChemicalComponent,二苯胺1.0—2.0,二苯胺,1.0—2.0,1.0—2.0,,1.0,2.0,,%,range,parsed,False,,1,accepted,非密-危险特性汇总表.docx,25
MATPD_8db04ced96b6d4ca659b,SRCPD_43ab11677673022cc697,CMPPD_f05f8fbdf62b5c2ff154,二苯胺,ChemicalComponent,二苯胺1.0—2.0,二苯胺,1.0—2.0,1.0—2.0,,1.0,2.0,,%,range,parsed,False,,1,accepted,非密-危险特性汇总表.docx,26
MATPD_c9d768467d87b046d906,SRCPD_a2bfa47b8a3e79e0fb93,CMPPD_826409bf5dd8e7c67097,硝化棉,ChemicalComponent,硝化棉余数,硝化棉,余量,余量,,,,,%,remainder,parsed,False,,1,accepted,非密-危险特性汇总表.docx,27
MATPD_c9d768467d87b046d906,SRCPD_a2bfa47b8a3e79e0fb93,CMPPD_f05f8fbdf62b5c2ff154,二苯胺,ChemicalComponent,二苯胺1.0—2.0,二苯胺,1.0—2.0,1.0—2.0,,1.0,2.0,,%,range,parsed,False,,2,accepted,非密-危险特性汇总表.docx,27
MATPD_53bc89b7c44194f793f0,SRCPD_9601bb61839c09723098,CMPPD_f05f8fbdf62b5c2ff154,二苯胺,ChemicalComponent,二苯胺1.0—2.0,二苯胺,1.0—2.0,1.0—2.0,,1.0,2.0,,%,range,parsed,False,,4,accepted,非密-危险特性汇总表.docx,28
MATPD_d517554914efdc500c5b,SRCPD_6e6d941006bc4bc96785,CMPPD_f05f8fbdf62b5c2ff154,二苯胺,ChemicalComponent,二苯胺1.0—2.0,二苯胺,1.0—2.0,1.0—2.0,,1.0,2.0,,%,range,parsed,False,,4,accepted,非密-危险特性汇总表.docx,29
MATPD_a2d528e640540710b9e8,SRCPD_382a539f7f6766f611ba,CMPPD_f05f8fbdf62b5c2ff154,二苯胺,ChemicalComponent,二苯胺1.0—2.0,二苯胺,1.0—2.0,1.0—2.0,,1.0,2.0,,%,range,parsed,False,,4,accepted,非密-危险特性汇总表.docx,30
MATPD_d6ccac62a6045d52e68b,SRCPD_7af86e19492fe1560c06,CMPPD_f05f8fbdf62b5c2ff154,二苯胺,ChemicalComponent,二苯胺1.0—2.0,二苯胺,1.0—2.0,1.0—2.0,,1.0,2.0,,%,range,parsed,False,,1,accepted,非密-危险特性汇总表.docx,31
MATPD_0f34ffc608fb5e413f01,SRCPD_2c121c0db1ac8ae84a10,CMPPD_f05f8fbdf62b5c2ff154,二苯胺,ChemicalComponent,二苯胺1.0—2.0,二苯胺,1.0—2.0,1.0—2.0,,1.0,2.0,,%,range,parsed,False,,4,accepted,非密-危险特性汇总表.docx,32
MATPD_b067c5eb3b4003130dcb,SRCPD_3ec9d2e1c23a5978fbe2,CMPPD_f05f8fbdf62b5c2ff154,二苯胺,ChemicalComponent,二苯胺1.0—2.0,二苯胺,1.0—2.0,1.0—2.0,,1.0,2.0,,%,range,parsed,False,,1,accepted,非密-危险特性汇总表.docx,33
MATPD_95e88304640cb7e1fe46,SRCPD_d594c663334e5a780626,CMPPD_f05f8fbdf62b5c2ff154,二苯胺,ChemicalComponent,二苯胺0.5—1.0,二苯胺,0.5—1.0,0.5—1.0,,0.5,1.0,,%,range,parsed,False,,4,accepted,非密-危险特性汇总表.docx,34
MATPD_95e88304640cb7e1fe46,SRCPD_d594c663334e5a780626,CMPPD_74208e26125a4f0b2ed9,松香,ChemicalComponent,松香2.2—3.0,松香,2.2—3.0,2.2—3.0,,2.2,3.0,,%,range,parsed,False,,5,accepted,非密-危险特性汇总表.docx,34
MATPD_95e88304640cb7e1fe46,SRCPD_d594c663334e5a780626,CMPPD_c595c7c949b60c120456,硫酸钾,ChemicalComponent,硫酸钾44—48,硫酸钾,44—48,44—48,,44.0,48.0,,%,range,parsed,False,,6,accepted,非密-危险特性汇总表.docx,34
MATPD_47c19569c337304240b7,SRCPD_a05573d558dfa940233f,CMPPD_f05f8fbdf62b5c2ff154,二苯胺,ChemicalComponent,二苯胺0.5—2.0,二苯胺,0.5—2.0,0.5—2.0,,0.5,2.0,,%,range,parsed,False,,1,accepted,非密-危险特性汇总表.docx,35
MATPD_47c19569c337304240b7,SRCPD_a05573d558dfa940233f,CMPPD_c595c7c949b60c120456,硫酸钾,ChemicalComponent,硫酸钾44—48,硫酸钾,44—48,44—48,,44.0,48.0,,%,range,parsed,False,,2,accepted,非密-危险特性汇总表.docx,35
MATPD_47c19569c337304240b7,SRCPD_a05573d558dfa940233f,CMPPD_74208e26125a4f0b2ed9,松香,ChemicalComponent,松香2.0—3.0,松香,2.0—3.0,2.0—3.0,,2.0,3.0,,%,range,parsed,False,,3,accepted,非密-危险特性汇总表.docx,35
MATPD_47c19569c337304240b7,SRCPD_a05573d558dfa940233f,CMPPD_826409bf5dd8e7c67097,硝化棉,ChemicalComponent,余量：硝化棉,硝化棉,余量,余量,,,,,%,remainder,parsed,False,,4,accepted,非密-危险特性汇总表.docx,35
MATPD_e32c7151be51ffe33ec1,SRCPD_8784016d27cf7cae2488,CMPPD_f05f8fbdf62b5c2ff154,二苯胺,ChemicalComponent,二苯胺1.0—2.0,二苯胺,1.0—2.0,1.0—2.0,,1.0,2.0,,%,range,parsed,False,,1,accepted,非密-危险特性汇总表.docx,36
MATPD_91787531fb3a49ea5e27,SRCPD_9b10e59ee9f630d21eb1,CMPPD_f05f8fbdf62b5c2ff154,二苯胺,ChemicalComponent,二苯胺1.0—2.0,二苯胺,1.0—2.0,1.0—2.0,,1.0,2.0,,%,range,parsed,False,,1,accepted,非密-危险特性汇总表.docx,37
MATPD_91787531fb3a49ea5e27,SRCPD_9b10e59ee9f630d21eb1,CMPPD_f79eeb43e7dde87fd11f,邻苯二甲酸二丁酯,ChemicalComponent,DBP≤3,DBP,≤3,≤3,,,3.0,,%,max,parsed,False,,2,accepted,非密-危险特性汇总表.docx,37
MATPD_91787531fb3a49ea5e27,SRCPD_9b10e59ee9f630d21eb1,CMPPD_688a8bbbbb2fb6932235,二硝基甲苯,ChemicalComponent,DNT≤10,DNT,≤10,≤10,,,10.0,,%,max,parsed,False,,3,accepted,非密-危险特性汇总表.docx,37
MATPD_91787531fb3a49ea5e27,SRCPD_9b10e59ee9f630d21eb1,CMPPD_826409bf5dd8e7c67097,硝化棉,ChemicalComponent,余量：硝化棉,硝化棉,余量,余量,,,,,%,remainder,parsed,False,,4,accepted,非密-危险特性汇总表.docx,37
MATPD_9efd4a2e3bd93cbcb9dd,SRCPD_86873c7b250678b341af,CMPPD_f05f8fbdf62b5c2ff154,二苯胺,ChemicalComponent,二苯胺1.0—2.0,二苯胺,1.0—2.0,1.0—2.0,,1.0,2.0,,%,range,parsed,False,,4,accepted,非密-危险特性汇总表.docx,38
MATPD_9efd4a2e3bd93cbcb9dd,SRCPD_86873c7b250678b341af,CMPPD_c595c7c949b60c120456,硫酸钾,ChemicalComponent,硫酸钾0.6—1.2,硫酸钾,0.6—1.2,0.6—1.2,,0.6,1.2,,%,range,parsed,False,,5,accepted,非密-危险特性汇总表.docx,38
MATPD_2defddb7d4a299100df6,SRCPD_f8ed9659d02cc7d096c4,CMPPD_f05f8fbdf62b5c2ff154,二苯胺,ChemicalComponent,二苯胺1.0—2.0,二苯胺,1.0—2.0,1.0—2.0,,1.0,2.0,,%,range,parsed,False,,4,accepted,非密-危险特性汇总表.docx,39
MATPD_2defddb7d4a299100df6,SRCPD_7c39d83618d30f001f93,CMPPD_826409bf5dd8e7c67097,硝化棉,ChemicalComponent,成分（%）：余数硝化棉,硝化棉,余量,余量,,,,,%,remainder,parsed,False,,1,accepted,非密-危险特性汇总表.docx,40
MATPD_2defddb7d4a299100df6,SRCPD_7c39d83618d30f001f93,CMPPD_f05f8fbdf62b5c2ff154,二苯胺,ChemicalComponent,二苯胺1.0—2.0,二苯胺,1.0—2.0,1.0—2.0,,1.0,2.0,,%,range,parsed,False,,2,accepted,非密-危险特性汇总表.docx,40
MATPD_701427c6b5e290971931,SRCPD_d7d698ccddef2e8a3935,CMPPD_f05f8fbdf62b5c2ff154,二苯胺,ChemicalComponent,二苯胺1.0—2.0,二苯胺,1.0—2.0,1.0—2.0,,1.0,2.0,,%,range,parsed,False,,4,accepted,非密-危险特性汇总表.docx,41
MATPD_4eb85b1bc29801988e8f,SRCPD_1775d808d1b1d66284c4,CMPPD_f05f8fbdf62b5c2ff154,二苯胺,ChemicalComponent,二苯胺1.0—2.0,二苯胺,1.0—2.0,1.0—2.0,,1.0,2.0,,%,range,parsed,False,,1,accepted,非密-危险特性汇总表.docx,42
MATPD_467e6bed71f41007bc58,SRCPD_d213d8a3670527e05a53,CMPPD_f05f8fbdf62b5c2ff154,二苯胺,ChemicalComponent,二苯胺1.0—2.0,二苯胺,1.0—2.0,1.0—2.0,,1.0,2.0,,%,range,parsed,False,,4,accepted,非密-危险特性汇总表.docx,43
MATPD_467e6bed71f41007bc58,SRCPD_d213d8a3670527e05a53,CMPPD_99ca1fc9ec636da6f104,石墨,ChemicalComponent,石墨≤0.9,石墨,≤0.9,≤0.9,,,0.9,,%,max,parsed,False,,5,accepted,非密-危险特性汇总表.docx,43
MATPD_467e6bed71f41007bc58,SRCPD_d213d8a3670527e05a53,CMPPD_f50477d49a7b00321f50,硝酸钾,ChemicalComponent,硝酸钾≤0.2,硝酸钾,≤0.2,≤0.2,,,0.2,,%,max,parsed,False,,6,accepted,非密-危险特性汇总表.docx,43
MATPD_821b02356346067fcc54,SRCPD_c1ec7956c70bd6c6d14d,CMPPD_f05f8fbdf62b5c2ff154,二苯胺,ChemicalComponent,二苯胺1.0—1.2,二苯胺,1.0—1.2,1.0—1.2,,1.0,1.2,,%,range,parsed,False,,1,accepted,非密-危险特性汇总表.docx,44
MATPD_821b02356346067fcc54,SRCPD_c1ec7956c70bd6c6d14d,CMPPD_f50477d49a7b00321f50,硝酸钾,ChemicalComponent,硝酸钾≤0.10,硝酸钾,≤0.10,≤0.10,,,0.1,,%,max,parsed,False,,2,accepted,非密-危险特性汇总表.docx,44
MATPD_821b02356346067fcc54,SRCPD_c1ec7956c70bd6c6d14d,CMPPD_826409bf5dd8e7c67097,硝化棉,ChemicalComponent,余量：硝化棉,硝化棉,余量,余量,,,,,%,remainder,parsed,False,,3,accepted,非密-危险特性汇总表.docx,44
MATPD_5358d6529850ea0ed837,SRCPD_9c842fcad4fab68d115d,CMPPD_826409bf5dd8e7c67097,硝化棉,ChemicalComponent,硝化棉40,硝化棉,40,40,40.0,,,,%,exact,parsed,False,,1,accepted,非密-危险特性汇总表.docx,45
MATPD_5358d6529850ea0ed837,SRCPD_9c842fcad4fab68d115d,CMPPD_f05f8fbdf62b5c2ff154,二苯胺,ChemicalComponent,二苯胺1.0—2.0,二苯胺,1.0—2.0,1.0—2.0,,1.0,2.0,,%,range,parsed,False,,2,accepted,非密-危险特性汇总表.docx,45
MATPD_5358d6529850ea0ed837,SRCPD_9c842fcad4fab68d115d,CMPPD_cb63b63730493ac2516c,黑药粉,ChemicalComponent,黑药粉60,黑药粉,60,60,60.0,,,,%,exact,parsed,False,,3,accepted,非密-危险特性汇总表.docx,45
MATPD_d7a3d43fbc59e1a1f9ae,SRCPD_ad4246756c5f644204c5,CMPPD_782c8e839c1a7628e270,Ⅱ号中定剂,ComponentGroup,Ⅱ号中定剂1.0—1.5,Ⅱ号中定剂,1.0—1.5,1.0—1.5,,1.0,1.5,,%,range,parsed,False,,1,accepted,非密-危险特性汇总表.docx,46
MATPD_d7a3d43fbc59e1a1f9ae,SRCPD_ad4246756c5f644204c5,CMPPD_f05f8fbdf62b5c2ff154,二苯胺,ChemicalComponent,二苯胺0.5—1.2,二苯胺,0.5—1.2,0.5—1.2,,0.5,1.2,,%,range,parsed,False,,2,accepted,非密-危险特性汇总表.docx,46
MATPD_d7a3d43fbc59e1a1f9ae,SRCPD_ad4246756c5f644204c5,CMPPD_99ca1fc9ec636da6f104,石墨,ChemicalComponent,石墨≤0.4,石墨,≤0.4,≤0.4,,,0.4,,%,max,parsed,False,,3,accepted,非密-危险特性汇总表.docx,46
MATPD_d7a3d43fbc59e1a1f9ae,SRCPD_ad4246756c5f644204c5,CMPPD_e73411d66d02604b2c79,樟脑,ChemicalComponent,樟脑4.5—6.5,樟脑,4.5—6.5,4.5—6.5,,4.5,6.5,,%,range,parsed,False,,4,accepted,非密-危险特性汇总表.docx,46
MATPD_d7a3d43fbc59e1a1f9ae,SRCPD_ad4246756c5f644204c5,CMPPD_c595c7c949b60c120456,硫酸钾,ChemicalComponent,硫酸钾0.3—1.0,硫酸钾,0.3—1.0,0.3—1.0,,0.3,1.0,,%,range,parsed,False,,5,accepted,非密-危险特性汇总表.docx,46
MATPD_d7a3d43fbc59e1a1f9ae,SRCPD_ad4246756c5f644204c5,CMPPD_826409bf5dd8e7c67097,硝化棉,ChemicalComponent,余量：硝化棉,硝化棉,余量,余量,,,,,%,remainder,parsed,False,,6,accepted,非密-危险特性汇总表.docx,46
MATPD_942fcbdcaa2e977c7010,SRCPD_c1248c106a8c1a53ee9c,CMPPD_f05f8fbdf62b5c2ff154,二苯胺,ChemicalComponent,二苯胺1.0—2.0,二苯胺,1.0—2.0,1.0—2.0,,1.0,2.0,,%,range,parsed,False,,1,accepted,非密-危险特性汇总表.docx,47
MATPD_942fcbdcaa2e977c7010,SRCPD_c1248c106a8c1a53ee9c,CMPPD_99ca1fc9ec636da6f104,石墨,ChemicalComponent,石墨≤0.28,石墨,≤0.28,≤0.28,,,0.28,,%,max,parsed,False,,2,accepted,非密-危险特性汇总表.docx,47
MATPD_942fcbdcaa2e977c7010,SRCPD_c1248c106a8c1a53ee9c,CMPPD_e73411d66d02604b2c79,樟脑,ChemicalComponent,樟脑≤1.8,樟脑,≤1.8,≤1.8,,,1.8,,%,max,parsed,False,,3,accepted,非密-危险特性汇总表.docx,47
MATPD_942fcbdcaa2e977c7010,SRCPD_c1248c106a8c1a53ee9c,CMPPD_826409bf5dd8e7c67097,硝化棉,ChemicalComponent,余量：硝化棉,硝化棉,余量,余量,,,,,%,remainder,parsed,False,,4,accepted,非密-危险特性汇总表.docx,47
MATPD_48a01250595973ebf3a8,SRCPD_09e567f64afc3022d4d0,CMPPD_f05f8fbdf62b5c2ff154,二苯胺,ChemicalComponent,二苯胺1.0—2.0,二苯胺,1.0—2.0,1.0—2.0,,1.0,2.0,,%,range,parsed,False,,1,accepted,非密-危险特性汇总表.docx,48
MATPD_48a01250595973ebf3a8,SRCPD_09e567f64afc3022d4d0,CMPPD_99ca1fc9ec636da6f104,石墨,ChemicalComponent,石墨≤0.25,石墨,≤0.25,≤0.25,,,0.25,,%,max,parsed,False,,2,accepted,非密-危险特性汇总表.docx,48
MATPD_48a01250595973ebf3a8,SRCPD_09e567f64afc3022d4d0,CMPPD_e73411d66d02604b2c79,樟脑,ChemicalComponent,樟脑≤8,樟脑,≤8,≤8,,,8.0,,%,max,parsed,False,,3,accepted,非密-危险特性汇总表.docx,48
MATPD_48a01250595973ebf3a8,SRCPD_09e567f64afc3022d4d0,CMPPD_826409bf5dd8e7c67097,硝化棉,ChemicalComponent,余量：硝化棉,硝化棉,余量,余量,,,,,%,remainder,parsed,False,,4,accepted,非密-危险特性汇总表.docx,48
MATPD_0e9f1a5e3e0613c85413,SRCPD_88b2e71fed4c28fc37f4,CMPPD_f05f8fbdf62b5c2ff154,二苯胺,ChemicalComponent,二苯胺1.0—2.0,二苯胺,1.0—2.0,1.0—2.0,,1.0,2.0,,%,range,parsed,False,,1,accepted,非密-危险特性汇总表.docx,49
MATPD_0e9f1a5e3e0613c85413,SRCPD_88b2e71fed4c28fc37f4,CMPPD_99ca1fc9ec636da6f104,石墨,ChemicalComponent,石墨0.05—0.30,石墨,0.05—0.30,0.05—0.30,,0.05,0.3,,%,range,parsed,False,,2,accepted,非密-危险特性汇总表.docx,49
MATPD_0e9f1a5e3e0613c85413,SRCPD_88b2e71fed4c28fc37f4,CMPPD_e73411d66d02604b2c79,樟脑,ChemicalComponent,樟脑≤8,樟脑,≤8,≤8,,,8.0,,%,max,parsed,False,,3,accepted,非密-危险特性汇总表.docx,49
MATPD_0e9f1a5e3e0613c85413,SRCPD_88b2e71fed4c28fc37f4,CMPPD_826409bf5dd8e7c67097,硝化棉,ChemicalComponent,余量：硝化棉,硝化棉,余量,余量,,,,,%,remainder,parsed,False,,5,accepted,非密-危险特性汇总表.docx,49
MATPD_ab893dfa85d11364207f,SRCPD_cfd286d19b162b98f5f5,CMPPD_f05f8fbdf62b5c2ff154,二苯胺,ChemicalComponent,二苯胺1.0—2.0,二苯胺,1.0—2.0,1.0—2.0,,1.0,2.0,,%,range,parsed,False,,1,accepted,非密-危险特性汇总表.docx,50
MATPD_ab893dfa85d11364207f,SRCPD_cfd286d19b162b98f5f5,CMPPD_99ca1fc9ec636da6f104,石墨,ChemicalComponent,石墨0.05—0.30,石墨,0.05—0.30,0.05—0.30,,0.05,0.3,,%,range,parsed,False,,2,accepted,非密-危险特性汇总表.docx,50
MATPD_ab893dfa85d11364207f,SRCPD_cfd286d19b162b98f5f5,CMPPD_e73411d66d02604b2c79,樟脑,ChemicalComponent,樟脑≤8,樟脑,≤8,≤8,,,8.0,,%,max,parsed,False,,3,accepted,非密-危险特性汇总表.docx,50
MATPD_ab893dfa85d11364207f,SRCPD_cfd286d19b162b98f5f5,CMPPD_826409bf5dd8e7c67097,硝化棉,ChemicalComponent,余量：硝化棉,硝化棉,余量,余量,,,,,%,remainder,parsed,False,,5,accepted,非密-危险特性汇总表.docx,50
MATPD_599fefcfa0d412fad19c,SRCPD_4508750f54ab5d116059,CMPPD_f05f8fbdf62b5c2ff154,二苯胺,ChemicalComponent,二苯胺1.0—2.0,二苯胺,1.0—2.0,1.0—2.0,,1.0,2.0,,%,range,parsed,False,,1,accepted,非密-危险特性汇总表.docx,51
MATPD_599fefcfa0d412fad19c,SRCPD_4508750f54ab5d116059,CMPPD_e73411d66d02604b2c79,樟脑,ChemicalComponent,樟脑≤2.5,樟脑,≤2.5,≤2.5,,,2.5,,%,max,parsed,False,,2,accepted,非密-危险特性汇总表.docx,51
MATPD_599fefcfa0d412fad19c,SRCPD_4508750f54ab5d116059,CMPPD_825e6f70baf10e5c3b70,地蜡,ChemicalComponent,地蜡1.0—3.5,地蜡,1.0—3.5,1.0—3.5,,1.0,3.5,,%,range,parsed,False,,3,accepted,非密-危险特性汇总表.docx,51
MATPD_599fefcfa0d412fad19c,SRCPD_4508750f54ab5d116059,CMPPD_99ca1fc9ec636da6f104,石墨,ChemicalComponent,石墨≤0.4,石墨,≤0.4,≤0.4,,,0.4,,%,max,parsed,False,,4,accepted,非密-危险特性汇总表.docx,51
MATPD_ebd370d1bba08751bdcd,SRCPD_47416fa610b7f4afbef9,CMPPD_f05f8fbdf62b5c2ff154,二苯胺,ChemicalComponent,二苯胺1.0—2.0,二苯胺,1.0—2.0,1.0—2.0,,1.0,2.0,,%,range,parsed,False,,1,accepted,非密-危险特性汇总表.docx,52
MATPD_ebd370d1bba08751bdcd,SRCPD_47416fa610b7f4afbef9,CMPPD_99ca1fc9ec636da6f104,石墨,ChemicalComponent,石墨≤0.4,石墨,≤0.4,≤0.4,,,0.4,,%,max,parsed,False,,2,accepted,非密-危险特性汇总表.docx,52
MATPD_ebd370d1bba08751bdcd,SRCPD_47416fa610b7f4afbef9,CMPPD_825e6f70baf10e5c3b70,地蜡,ChemicalComponent,地蜡2.6—3.0,地蜡,2.6—3.0,2.6—3.0,,2.6,3.0,,%,range,parsed,False,,3,accepted,非密-危险特性汇总表.docx,52
MATPD_ebd370d1bba08751bdcd,SRCPD_47416fa610b7f4afbef9,CMPPD_e73411d66d02604b2c79,樟脑,ChemicalComponent,樟脑≤2.5,樟脑,≤2.5,≤2.5,,,2.5,,%,max,parsed,False,,4,accepted,非密-危险特性汇总表.docx,52
MATPD_ebd370d1bba08751bdcd,SRCPD_47416fa610b7f4afbef9,CMPPD_826409bf5dd8e7c67097,硝化棉,ChemicalComponent,余量：硝化棉,硝化棉,余量,余量,,,,,%,remainder,parsed,False,,5,accepted,非密-危险特性汇总表.docx,52
MATPD_e0cd2d66ca0360cc6a2b,SRCPD_8e27d133a7b54e4c9bfa,CMPPD_826409bf5dd8e7c67097,硝化棉,ChemicalComponent,硝化棉86±4,硝化棉,86±4,86±4,86.0,,,4.0,%,nominal_tolerance,parsed,False,,1,accepted,非密-危险特性汇总表.docx,53
MATPD_e0cd2d66ca0360cc6a2b,SRCPD_8e27d133a7b54e4c9bfa,CMPPD_f05f8fbdf62b5c2ff154,二苯胺,ChemicalComponent,二苯胺1.0—2.0,二苯胺,1.0—2.0,1.0—2.0,,1.0,2.0,,%,range,parsed,False,,2,accepted,非密-危险特性汇总表.docx,53
MATPD_e0cd2d66ca0360cc6a2b,SRCPD_8e27d133a7b54e4c9bfa,CMPPD_2310a470fbfb08429838,过氯乙烯,ChemicalComponent,过氯乙烯10±2,过氯乙烯,10±2,10±2,10.0,,,2.0,%,nominal_tolerance,parsed,False,,3,accepted,非密-危险特性汇总表.docx,53
MATPD_5c00794505b5069d6305,SRCPD_c427701ff2469cb3e8ba,CMPPD_f05f8fbdf62b5c2ff154,二苯胺,ChemicalComponent,二苯胺1.0—2.0,二苯胺,1.0—2.0,1.0—2.0,,1.0,2.0,,%,range,parsed,False,,1,accepted,非密-危险特性汇总表.docx,54
MATPD_5c00794505b5069d6305,SRCPD_c427701ff2469cb3e8ba,CMPPD_99ca1fc9ec636da6f104,石墨,ChemicalComponent,石墨≤0.02,石墨,≤0.02,≤0.02,,,0.02,,%,max,parsed,False,,2,accepted,非密-危险特性汇总表.docx,54
MATPD_5c00794505b5069d6305,SRCPD_c427701ff2469cb3e8ba,CMPPD_2310a470fbfb08429838,过氯乙烯,ChemicalComponent,过氯乙烯8—12,过氯乙烯,8—12,8—12,,8.0,12.0,,%,range,parsed,False,,3,accepted,非密-危险特性汇总表.docx,54
MATPD_5c00794505b5069d6305,SRCPD_c427701ff2469cb3e8ba,CMPPD_826409bf5dd8e7c67097,硝化棉,ChemicalComponent,余量：硝化棉,硝化棉,余量,余量,,,,,%,remainder,parsed,False,,4,accepted,非密-危险特性汇总表.docx,54
MATPD_905f2367b5e34eeb3ac0,SRCPD_7771eb29b608372c26f7,CMPPD_826409bf5dd8e7c67097,硝化棉,ChemicalComponent,硝化棉余量,硝化棉,余量,余量,,,,,%,remainder,parsed,False,,1,accepted,非密-危险特性汇总表.docx,55
MATPD_905f2367b5e34eeb3ac0,SRCPD_7771eb29b608372c26f7,CMPPD_f79eeb43e7dde87fd11f,邻苯二甲酸二丁酯,ChemicalComponent,苯二甲酸二丁酯6.0±1.0,苯二甲酸二丁酯,6.0±1.0,6.0±1.0,6.0,,,1.0,%,nominal_tolerance,pending_review,True,component_name_normalization_review,2,pending_review,非密-危险特性汇总表.docx,55
MATPD_905f2367b5e34eeb3ac0,SRCPD_7771eb29b608372c26f7,CMPPD_c595c7c949b60c120456,硫酸钾,ChemicalComponent,硫酸钾≥1.05,硫酸钾,≥1.05,≥1.05,,1.05,,,%,min,parsed,False,,3,accepted,非密-危险特性汇总表.docx,55
MATPD_905f2367b5e34eeb3ac0,SRCPD_7771eb29b608372c26f7,CMPPD_99ca1fc9ec636da6f104,石墨,ChemicalComponent,石墨≤0.05,石墨,≤0.05,≤0.05,,,0.05,,%,max,parsed,False,,4,accepted,非密-危险特性汇总表.docx,55
MATPD_905f2367b5e34eeb3ac0,SRCPD_7771eb29b608372c26f7,CMPPD_688a8bbbbb2fb6932235,二硝基甲苯,ChemicalComponent,二硝基甲苯10.0±2.0,二硝基甲苯,10.0±2.0,10.0±2.0,10.0,,,2.0,%,nominal_tolerance,parsed,False,,5,accepted,非密-危险特性汇总表.docx,55
MATPD_905f2367b5e34eeb3ac0,SRCPD_7771eb29b608372c26f7,CMPPD_f05f8fbdf62b5c2ff154,二苯胺,ChemicalComponent,二苯胺1.05±0.15,二苯胺,1.05±0.15,1.05±0.15,1.05,,,0.15,%,nominal_tolerance,parsed,False,,6,accepted,非密-危险特性汇总表.docx,55
MATPD_5057e373e6fa563091f0,SRCPD_764a21696e479de5dca4,CMPPD_f05f8fbdf62b5c2ff154,二苯胺,ChemicalComponent,二苯胺1.0—2.0,二苯胺,1.0—2.0,1.0—2.0,,1.0,2.0,,%,range,parsed,False,,1,accepted,非密-危险特性汇总表.docx,56
MATPD_5057e373e6fa563091f0,SRCPD_764a21696e479de5dca4,CMPPD_f79eeb43e7dde87fd11f,邻苯二甲酸二丁酯,ChemicalComponent,DBP≤3,DBP,≤3,≤3,,,3.0,,%,max,parsed,False,,2,accepted,非密-危险特性汇总表.docx,56
MATPD_5057e373e6fa563091f0,SRCPD_764a21696e479de5dca4,CMPPD_688a8bbbbb2fb6932235,二硝基甲苯,ChemicalComponent,DNT≤10,DNT,≤10,≤10,,,10.0,,%,max,parsed,False,,3,accepted,非密-危险特性汇总表.docx,56
MATPD_5057e373e6fa563091f0,SRCPD_764a21696e479de5dca4,CMPPD_826409bf5dd8e7c67097,硝化棉,ChemicalComponent,余量：硝化棉,硝化棉,余量,余量,,,,,%,remainder,parsed,False,,4,accepted,非密-危险特性汇总表.docx,56
MATPD_a4600262163720a81ec4,SRCPD_e9b3f183f46799f481d0,CMPPD_826409bf5dd8e7c67097,硝化棉,ChemicalComponent,硝化棉84.0±2.0,硝化棉,84.0±2.0,84.0±2.0,84.0,,,2.0,%,nominal_tolerance,parsed,False,,1,accepted,非密-危险特性汇总表.docx,57
MATPD_a4600262163720a81ec4,SRCPD_e9b3f183f46799f481d0,CMPPD_f79eeb43e7dde87fd11f,邻苯二甲酸二丁酯,ChemicalComponent,苯二甲酸二丁酯4.9±1.0,苯二甲酸二丁酯,4.9±1.0,4.9±1.0,4.9,,,1.0,%,nominal_tolerance,pending_review,True,component_name_normalization_review,2,pending_review,非密-危险特性汇总表.docx,57
MATPD_a4600262163720a81ec4,SRCPD_e9b3f183f46799f481d0,CMPPD_c595c7c949b60c120456,硫酸钾,ChemicalComponent,硫酸钾1.0±0.3,硫酸钾,1.0±0.3,1.0±0.3,1.0,,,0.3,%,nominal_tolerance,parsed,False,,3,accepted,非密-危险特性汇总表.docx,57
MATPD_a4600262163720a81ec4,SRCPD_e9b3f183f46799f481d0,CMPPD_1e305fe2070f6fbbfbf4,"2,4地恩梯",ChemicalComponent,"2,4地恩梯9.8±2.0","2,4地恩梯",9.8±2.0,9.8±2.0,9.8,,,2.0,%,nominal_tolerance,parsed,False,,4,accepted,非密-危险特性汇总表.docx,57
MATPD_a4600262163720a81ec4,SRCPD_e9b3f183f46799f481d0,CMPPD_f05f8fbdf62b5c2ff154,二苯胺,ChemicalComponent,二苯胺1.1±0.3,二苯胺,1.1±0.3,1.1±0.3,1.1,,,0.3,%,nominal_tolerance,parsed,False,,5,accepted,非密-危险特性汇总表.docx,57
MATPD_bc1ddb5d6882d3ef917f,SRCPD_d58fb6dabb8c766e3d68,CMPPD_826409bf5dd8e7c67097,硝化棉,ChemicalComponent,硝化棉84.0±2.0,硝化棉,84.0±2.0,84.0±2.0,84.0,,,2.0,%,nominal_tolerance,parsed,False,,1,accepted,非密-危险特性汇总表.docx,58
MATPD_bc1ddb5d6882d3ef917f,SRCPD_d58fb6dabb8c766e3d68,CMPPD_f79eeb43e7dde87fd11f,邻苯二甲酸二丁酯,ChemicalComponent,苯二甲酸二丁酯4.9±1.0,苯二甲酸二丁酯,4.9±1.0,4.9±1.0,4.9,,,1.0,%,nominal_tolerance,pending_review,True,component_name_normalization_review,2,pending_review,非密-危险特性汇总表.docx,58
MATPD_bc1ddb5d6882d3ef917f,SRCPD_d58fb6dabb8c766e3d68,CMPPD_c595c7c949b60c120456,硫酸钾,ChemicalComponent,硫酸钾1.0±0.3,硫酸钾,1.0±0.3,1.0±0.3,1.0,,,0.3,%,nominal_tolerance,parsed,False,,3,accepted,非密-危险特性汇总表.docx,58
MATPD_bc1ddb5d6882d3ef917f,SRCPD_d58fb6dabb8c766e3d68,CMPPD_1e305fe2070f6fbbfbf4,"2,4地恩梯",ChemicalComponent,"2,4地恩梯9.8±2.0","2,4地恩梯",9.8±2.0,9.8±2.0,9.8,,,2.0,%,nominal_tolerance,parsed,False,,4,accepted,非密-危险特性汇总表.docx,58
MATPD_bc1ddb5d6882d3ef917f,SRCPD_d58fb6dabb8c766e3d68,CMPPD_f05f8fbdf62b5c2ff154,二苯胺,ChemicalComponent,二苯胺1.1±0.3,二苯胺,1.1±0.3,1.1±0.3,1.1,,,0.3,%,nominal_tolerance,parsed,False,,5,accepted,非密-危险特性汇总表.docx,58
MATPD_f92b23b03c0b66717694,SRCPD_94f511aa0103015a243e,CMPPD_826409bf5dd8e7c67097,硝化棉,ChemicalComponent,硝化棉88.0±2.0,硝化棉,88.0±2.0,88.0±2.0,88.0,,,2.0,%,nominal_tolerance,parsed,False,,1,accepted,非密-危险特性汇总表.docx,59
MATPD_f92b23b03c0b66717694,SRCPD_94f511aa0103015a243e,CMPPD_f79eeb43e7dde87fd11f,邻苯二甲酸二丁酯,ChemicalComponent,苯二甲酸二丁酯1.8±0.5,苯二甲酸二丁酯,1.8±0.5,1.8±0.5,1.8,,,0.5,%,nominal_tolerance,pending_review,True,component_name_normalization_review,2,pending_review,非密-危险特性汇总表.docx,59
MATPD_f92b23b03c0b66717694,SRCPD_94f511aa0103015a243e,CMPPD_c595c7c949b60c120456,硫酸钾,ChemicalComponent,硫酸钾2.2±0.5,硫酸钾,2.2±0.5,2.2±0.5,2.2,,,0.5,%,nominal_tolerance,parsed,False,,3,accepted,非密-危险特性汇总表.docx,59
MATPD_f92b23b03c0b66717694,SRCPD_94f511aa0103015a243e,CMPPD_99ca1fc9ec636da6f104,石墨,ChemicalComponent,石墨1.0±0.1,石墨,1.0±0.1,1.0±0.1,1.0,,,0.1,%,nominal_tolerance,parsed,False,,4,accepted,非密-危险特性汇总表.docx,59
MATPD_f92b23b03c0b66717694,SRCPD_94f511aa0103015a243e,CMPPD_1e305fe2070f6fbbfbf4,"2,4地恩梯",ChemicalComponent,"2,4地恩梯7.7±1.0","2,4地恩梯",7.7±1.0,7.7±1.0,7.7,,,1.0,%,nominal_tolerance,parsed,False,,5,accepted,非密-危险特性汇总表.docx,59
MATPD_f92b23b03c0b66717694,SRCPD_94f511aa0103015a243e,CMPPD_f05f8fbdf62b5c2ff154,二苯胺,ChemicalComponent,二苯胺1.3±0.2,二苯胺,1.3±0.2,1.3±0.2,1.3,,,0.2,%,nominal_tolerance,parsed,False,,6,accepted,非密-危险特性汇总表.docx,59
MATPD_ca42662d07ec5532b258,SRCPD_020c21ecc1126fca37af,CMPPD_f05f8fbdf62b5c2ff154,二苯胺,ChemicalComponent,二苯胺0.5—1.5,二苯胺,0.5—1.5,0.5—1.5,,0.5,1.5,,%,range,parsed,False,,1,accepted,非密-危险特性汇总表.docx,60
MATPD_ca42662d07ec5532b258,SRCPD_020c21ecc1126fca37af,CMPPD_99ca1fc9ec636da6f104,石墨,ChemicalComponent,石墨≤0.4,石墨,≤0.4,≤0.4,,,0.4,,%,max,parsed,False,,2,accepted,非密-危险特性汇总表.docx,60
MATPD_ca42662d07ec5532b258,SRCPD_020c21ecc1126fca37af,CMPPD_f79eeb43e7dde87fd11f,邻苯二甲酸二丁酯,ChemicalComponent,DBP≤2.0,DBP,≤2.0,≤2.0,,,2.0,,%,max,parsed,False,,3,accepted,非密-危险特性汇总表.docx,60
MATPD_ca42662d07ec5532b258,SRCPD_020c21ecc1126fca37af,CMPPD_688a8bbbbb2fb6932235,二硝基甲苯,ChemicalComponent,DNT1.0—5.0,DNT,1.0—5.0,1.0—5.0,,1.0,5.0,,%,range,parsed,False,,4,accepted,非密-危险特性汇总表.docx,60
MATPD_ca42662d07ec5532b258,SRCPD_020c21ecc1126fca37af,CMPPD_c595c7c949b60c120456,硫酸钾,ChemicalComponent,硫酸钾≤1.0,硫酸钾,≤1.0,≤1.0,,,1.0,,%,max,parsed,False,,5,accepted,非密-危险特性汇总表.docx,60
MATPD_ca42662d07ec5532b258,SRCPD_020c21ecc1126fca37af,CMPPD_826409bf5dd8e7c67097,硝化棉,ChemicalComponent,余量：硝化棉,硝化棉,余量,余量,,,,,%,remainder,parsed,False,,6,accepted,非密-危险特性汇总表.docx,60
MATPD_ce7262bcef8e0e98c2a6,SRCPD_ad92031dd10d66b945f3,CMPPD_f05f8fbdf62b5c2ff154,二苯胺,ChemicalComponent,二苯胺0.90,二苯胺,0.90,0.90,0.9,,,,%,exact,parsed,False,,1,accepted,非密-危险特性汇总表.docx,61
MATPD_ce7262bcef8e0e98c2a6,SRCPD_ad92031dd10d66b945f3,CMPPD_f79eeb43e7dde87fd11f,邻苯二甲酸二丁酯,ChemicalComponent,DBP1.4,DBP,1.4,1.4,1.4,,,,%,exact,parsed,False,,2,accepted,非密-危险特性汇总表.docx,61
MATPD_ce7262bcef8e0e98c2a6,SRCPD_ad92031dd10d66b945f3,CMPPD_782c8e839c1a7628e270,Ⅱ号中定剂,ComponentGroup,Ⅱ号中定剂1.4,Ⅱ号中定剂,1.4,1.4,1.4,,,,%,exact,parsed,False,,3,accepted,非密-危险特性汇总表.docx,61
MATPD_ce7262bcef8e0e98c2a6,SRCPD_ad92031dd10d66b945f3,CMPPD_826409bf5dd8e7c67097,硝化棉,ChemicalComponent,硝化棉93.6,硝化棉,93.6,93.6,93.6,,,,%,exact,parsed,False,,4,accepted,非密-危险特性汇总表.docx,61
MATPD_cc5e6cad9ddc86605c50,SRCPD_0ba1b93427dd0b82217c,CMPPD_f05f8fbdf62b5c2ff154,二苯胺,ChemicalComponent,二苯胺≥1.0,二苯胺,≥1.0,≥1.0,,1.0,,,%,min,parsed,False,,1,accepted,非密-危险特性汇总表.docx,62
MATPD_cc5e6cad9ddc86605c50,SRCPD_0ba1b93427dd0b82217c,CMPPD_99ca1fc9ec636da6f104,石墨,ChemicalComponent,石墨≤0.4,石墨,≤0.4,≤0.4,,,0.4,,%,max,parsed,False,,2,accepted,非密-危险特性汇总表.docx,62
MATPD_cc5e6cad9ddc86605c50,SRCPD_0ba1b93427dd0b82217c,CMPPD_f79eeb43e7dde87fd11f,邻苯二甲酸二丁酯,ChemicalComponent,DBP≤1.0,DBP,≤1.0,≤1.0,,,1.0,,%,max,parsed,False,,3,accepted,非密-危险特性汇总表.docx,62
MATPD_cc5e6cad9ddc86605c50,SRCPD_0ba1b93427dd0b82217c,CMPPD_f50477d49a7b00321f50,硝酸钾,ChemicalComponent,硝酸钾≤0.1,硝酸钾,≤0.1,≤0.1,,,0.1,,%,max,parsed,False,,4,accepted,非密-危险特性汇总表.docx,62
MATPD_cc5e6cad9ddc86605c50,SRCPD_0ba1b93427dd0b82217c,CMPPD_826409bf5dd8e7c67097,硝化棉,ChemicalComponent,余量：硝化棉,硝化棉,余量,余量,,,,,%,remainder,parsed,False,,6,accepted,非密-危险特性汇总表.docx,62
MATPD_8f48eaaf0000a7059630,SRCPD_a5e533d7227550b3ecdd,CMPPD_f05f8fbdf62b5c2ff154,二苯胺,ChemicalComponent,二苯胺1.0—2.0,二苯胺,1.0—2.0,1.0—2.0,,1.0,2.0,,%,range,parsed,False,,1,accepted,非密-危险特性汇总表.docx,63
MATPD_8f48eaaf0000a7059630,SRCPD_a5e533d7227550b3ecdd,CMPPD_826409bf5dd8e7c67097,硝化棉,ChemicalComponent,余量：硝化棉,硝化棉,余量,余量,,,,,%,remainder,parsed,False,,2,accepted,非密-危险特性汇总表.docx,63
MATPD_90bc67f1591f78014cf8,SRCPD_2b92e12ce4d251de0477,CMPPD_f05f8fbdf62b5c2ff154,二苯胺,ChemicalComponent,二苯胺1.0—2.0,二苯胺,1.0—2.0,1.0—2.0,,1.0,2.0,,%,range,parsed,False,,1,accepted,非密-危险特性汇总表.docx,64
MATPD_90bc67f1591f78014cf8,SRCPD_2b92e12ce4d251de0477,CMPPD_99ca1fc9ec636da6f104,石墨,ChemicalComponent,石墨≤1.0,石墨,≤1.0,≤1.0,,,1.0,,%,max,parsed,False,,2,accepted,非密-危险特性汇总表.docx,64
MATPD_90bc67f1591f78014cf8,SRCPD_2b92e12ce4d251de0477,CMPPD_826409bf5dd8e7c67097,硝化棉,ChemicalComponent,余量：硝化棉,硝化棉,余量,余量,,,,,%,remainder,parsed,False,,3,accepted,非密-危险特性汇总表.docx,64
MATPD_a719eccf7d47b91b4a45,SRCPD_0b76f84a08a8a698c341,CMPPD_f05f8fbdf62b5c2ff154,二苯胺,ChemicalComponent,二苯胺1.0—2.0,二苯胺,1.0—2.0,1.0—2.0,,1.0,2.0,,%,range,parsed,False,,1,accepted,非密-危险特性汇总表.docx,65
MATPD_a719eccf7d47b91b4a45,SRCPD_0b76f84a08a8a698c341,CMPPD_99ca1fc9ec636da6f104,石墨,ChemicalComponent,石墨≤0.05,石墨,≤0.05,≤0.05,,,0.05,,%,max,parsed,False,,2,accepted,非密-危险特性汇总表.docx,65
MATPD_a719eccf7d47b91b4a45,SRCPD_0b76f84a08a8a698c341,CMPPD_826409bf5dd8e7c67097,硝化棉,ChemicalComponent,余量：硝化棉,硝化棉,余量,余量,,,,,%,remainder,parsed,False,,3,accepted,非密-危险特性汇总表.docx,65
MATPD_61c1bc3c1925d033fa10,SRCPD_60683ae5042a4a51ba20,CMPPD_f05f8fbdf62b5c2ff154,二苯胺,ChemicalComponent,二苯胺1.0—2.0,二苯胺,1.0—2.0,1.0—2.0,,1.0,2.0,,%,range,parsed,False,,1,accepted,非密-危险特性汇总表.docx,66
MATPD_61c1bc3c1925d033fa10,SRCPD_60683ae5042a4a51ba20,CMPPD_99ca1fc9ec636da6f104,石墨,ChemicalComponent,石墨≤0.05,石墨,≤0.05,≤0.05,,,0.05,,%,max,parsed,False,,2,accepted,非密-危险特性汇总表.docx,66
MATPD_61c1bc3c1925d033fa10,SRCPD_60683ae5042a4a51ba20,CMPPD_825e6f70baf10e5c3b70,地蜡,ChemicalComponent,地蜡2.6—3.0,地蜡,2.6—3.0,2.6—3.0,,2.6,3.0,,%,range,parsed,False,,3,accepted,非密-危险特性汇总表.docx,66
MATPD_61c1bc3c1925d033fa10,SRCPD_60683ae5042a4a51ba20,CMPPD_826409bf5dd8e7c67097,硝化棉,ChemicalComponent,余量：硝化棉,硝化棉,余量,余量,,,,,%,remainder,parsed,False,,4,accepted,非密-危险特性汇总表.docx,66
MATPD_efd499806f7f99eb2d58,SRCPD_6c3b20f669f81b9ec4f6,CMPPD_826409bf5dd8e7c67097,硝化棉,ChemicalComponent,硝化棉88.8,硝化棉,88.8,88.8,88.8,,,,%,exact,parsed,False,,1,accepted,非密-危险特性汇总表.docx,67
MATPD_efd499806f7f99eb2d58,SRCPD_6c3b20f669f81b9ec4f6,CMPPD_782c8e839c1a7628e270,Ⅱ号中定剂,ComponentGroup,Ⅱ号中定剂1.0,Ⅱ号中定剂,1.0,1.0,1.0,,,,%,exact,parsed,False,,2,accepted,非密-危险特性汇总表.docx,67
MATPD_efd499806f7f99eb2d58,SRCPD_6c3b20f669f81b9ec4f6,CMPPD_f79eeb43e7dde87fd11f,邻苯二甲酸二丁酯,ChemicalComponent,DBP3.0,DBP,3.0,3.0,3.0,,,,%,exact,parsed,False,,3,accepted,非密-危险特性汇总表.docx,67
MATPD_efd499806f7f99eb2d58,SRCPD_6c3b20f669f81b9ec4f6,CMPPD_e59b635b59ced7d4bb64,硝基胍,ChemicalComponent,NQ6.0,NQ,6.0,6.0,6.0,,,,%,exact,parsed,False,,4,accepted,非密-危险特性汇总表.docx,67
MATPD_b0afd7e2050648a9f637,SRCPD_df2b6eda7f556ba275b8,CMPPD_826409bf5dd8e7c67097,硝化棉,ChemicalComponent,硝化棉85,硝化棉,85,85,85.0,,,,%,exact,parsed,False,,1,accepted,非密-危险特性汇总表.docx,68
MATPD_b0afd7e2050648a9f637,SRCPD_df2b6eda7f556ba275b8,CMPPD_b6b864c7bcaa0aca8cb8,碳酸铅,ChemicalComponent,碳酸铅1.0,碳酸铅,1.0,1.0,1.0,,,,%,exact,parsed,False,,2,accepted,非密-危险特性汇总表.docx,68
MATPD_b0afd7e2050648a9f637,SRCPD_df2b6eda7f556ba275b8,CMPPD_f79eeb43e7dde87fd11f,邻苯二甲酸二丁酯,ChemicalComponent,DBP5,DBP,5,5,5.0,,,,%,exact,parsed,False,,3,accepted,非密-危险特性汇总表.docx,68
MATPD_b0afd7e2050648a9f637,SRCPD_df2b6eda7f556ba275b8,CMPPD_688a8bbbbb2fb6932235,二硝基甲苯,ChemicalComponent,DNT10,DNT,10,10,10.0,,,,%,exact,parsed,False,,4,accepted,非密-危险特性汇总表.docx,68
MATPD_b0afd7e2050648a9f637,SRCPD_df2b6eda7f556ba275b8,CMPPD_c595c7c949b60c120456,硫酸钾,ChemicalComponent,硫酸钾1.0,硫酸钾,1.0,1.0,1.0,,,,%,exact,parsed,False,,5,accepted,非密-危险特性汇总表.docx,68
MATPD_2068f13db0456201850c,SRCPD_f9b5b85bb5798fc67ad9,CMPPD_826409bf5dd8e7c67097,硝化棉,ChemicalComponent,硝化棉余数,硝化棉,余量,余量,,,,,%,remainder,parsed,False,,1,accepted,非密-危险特性汇总表.docx,70
MATPD_2068f13db0456201850c,SRCPD_f9b5b85bb5798fc67ad9,CMPPD_f12823a5cff08038a658,硝化甘油,ChemicalComponent,硝化甘油8—11,硝化甘油,8—11,8—11,,8.0,11.0,,%,range,parsed,False,,2,accepted,非密-危险特性汇总表.docx,70
MATPD_2068f13db0456201850c,SRCPD_f9b5b85bb5798fc67ad9,CMPPD_f05f8fbdf62b5c2ff154,二苯胺,ChemicalComponent,二苯胺0.2—1.0,二苯胺,0.2—1.0,0.2—1.0,,0.2,1.0,,%,range,parsed,False,,3,accepted,非密-危险特性汇总表.docx,70
MATPD_2068f13db0456201850c,SRCPD_f9b5b85bb5798fc67ad9,CMPPD_782c8e839c1a7628e270,Ⅱ号中定剂,ComponentGroup,Ⅱ号中定剂2—8,Ⅱ号中定剂,2—8,2—8,,2.0,8.0,,%,range,parsed,False,,4,accepted,非密-危险特性汇总表.docx,70
MATPD_2068f13db0456201850c,SRCPD_f9b5b85bb5798fc67ad9,CMPPD_f79eeb43e7dde87fd11f,邻苯二甲酸二丁酯,ChemicalComponent,邻苯二甲酸二丁酯≤3.0,邻苯二甲酸二丁酯,≤3.0,≤3.0,,,3.0,,%,max,parsed,False,,5,accepted,非密-危险特性汇总表.docx,70
MATPD_2068f13db0456201850c,SRCPD_f9b5b85bb5798fc67ad9,CMPPD_f50477d49a7b00321f50,硝酸钾,ChemicalComponent,硝酸钾0.2—1.0,硝酸钾,0.2—1.0,0.2—1.0,,0.2,1.0,,%,range,parsed,False,,6,accepted,非密-危险特性汇总表.docx,70
MATPD_2068f13db0456201850c,SRCPD_f9b5b85bb5798fc67ad9,CMPPD_f16567bdb4a7ff33949b,乙酸乙酯,ChemicalComponent,乙酸乙酯≤1.0,乙酸乙酯,≤1.0,≤1.0,,,1.0,,%,max,parsed,False,,7,accepted,非密-危险特性汇总表.docx,70
MATPD_2068f13db0456201850c,SRCPD_f9b5b85bb5798fc67ad9,CMPPD_99ca1fc9ec636da6f104,石墨,ChemicalComponent,石墨≤0.4,石墨,≤0.4,≤0.4,,,0.4,,%,max,parsed,False,,9,accepted,非密-危险特性汇总表.docx,70
MATPD_d31917f4945ef472094c,SRCPD_0bd87e985b6074a8a1f0,CMPPD_826409bf5dd8e7c67097,硝化棉,ChemicalComponent,硝化棉余数,硝化棉,余量,余量,,,,,%,remainder,parsed,False,,1,accepted,非密-危险特性汇总表.docx,71
MATPD_d31917f4945ef472094c,SRCPD_0bd87e985b6074a8a1f0,CMPPD_f12823a5cff08038a658,硝化甘油,ChemicalComponent,硝化甘油8—11,硝化甘油,8—11,8—11,,8.0,11.0,,%,range,parsed,False,,2,accepted,非密-危险特性汇总表.docx,71
MATPD_d31917f4945ef472094c,SRCPD_0bd87e985b6074a8a1f0,CMPPD_f05f8fbdf62b5c2ff154,二苯胺,ChemicalComponent,二苯胺0.2—1.0,二苯胺,0.2—1.0,0.2—1.0,,0.2,1.0,,%,range,parsed,False,,3,accepted,非密-危险特性汇总表.docx,71
MATPD_d31917f4945ef472094c,SRCPD_0bd87e985b6074a8a1f0,CMPPD_782c8e839c1a7628e270,Ⅱ号中定剂,ComponentGroup,Ⅱ号中定剂2—8,Ⅱ号中定剂,2—8,2—8,,2.0,8.0,,%,range,parsed,False,,4,accepted,非密-危险特性汇总表.docx,71
MATPD_d31917f4945ef472094c,SRCPD_0bd87e985b6074a8a1f0,CMPPD_f79eeb43e7dde87fd11f,邻苯二甲酸二丁酯,ChemicalComponent,邻苯二甲酸二丁酯≤3.0,邻苯二甲酸二丁酯,≤3.0,≤3.0,,,3.0,,%,max,parsed,False,,5,accepted,非密-危险特性汇总表.docx,71
MATPD_d31917f4945ef472094c,SRCPD_0bd87e985b6074a8a1f0,CMPPD_f50477d49a7b00321f50,硝酸钾,ChemicalComponent,硝酸钾0.2—1.0,硝酸钾,0.2—1.0,0.2—1.0,,0.2,1.0,,%,range,parsed,False,,6,accepted,非密-危险特性汇总表.docx,71
MATPD_d31917f4945ef472094c,SRCPD_0bd87e985b6074a8a1f0,CMPPD_f16567bdb4a7ff33949b,乙酸乙酯,ChemicalComponent,乙酸乙酯≤1.0,乙酸乙酯,≤1.0,≤1.0,,,1.0,,%,max,parsed,False,,7,accepted,非密-危险特性汇总表.docx,71
MATPD_d31917f4945ef472094c,SRCPD_0bd87e985b6074a8a1f0,CMPPD_99ca1fc9ec636da6f104,石墨,ChemicalComponent,石墨≤0.4,石墨,≤0.4,≤0.4,,,0.4,,%,max,parsed,False,,9,accepted,非密-危险特性汇总表.docx,71
MATPD_bd90eadbdb7194fafe0f,SRCPD_1d18cf6fe5bd9e2e6c81,CMPPD_826409bf5dd8e7c67097,硝化棉,ChemicalComponent,硝化棉余数,硝化棉,余量,余量,,,,,%,remainder,parsed,False,,1,accepted,非密-危险特性汇总表.docx,72
MATPD_bd90eadbdb7194fafe0f,SRCPD_1d18cf6fe5bd9e2e6c81,CMPPD_f12823a5cff08038a658,硝化甘油,ChemicalComponent,硝化甘油24—32,硝化甘油,24—32,24—32,,24.0,32.0,,%,range,parsed,False,,2,accepted,非密-危险特性汇总表.docx,72
MATPD_bd90eadbdb7194fafe0f,SRCPD_1d18cf6fe5bd9e2e6c81,CMPPD_782c8e839c1a7628e270,Ⅱ号中定剂,ComponentGroup,Ⅱ号中定剂1.0,Ⅱ号中定剂,1.0,1.0,1.0,,,,%,exact,parsed,False,,3,accepted,非密-危险特性汇总表.docx,72
MATPD_bd90eadbdb7194fafe0f,SRCPD_1d18cf6fe5bd9e2e6c81,CMPPD_f16567bdb4a7ff33949b,乙酸乙酯,ChemicalComponent,乙酸乙酯≤1.0,乙酸乙酯,≤1.0,≤1.0,,,1.0,,%,max,parsed,False,,4,accepted,非密-危险特性汇总表.docx,72
MATPD_bd90eadbdb7194fafe0f,SRCPD_1d18cf6fe5bd9e2e6c81,CMPPD_99ca1fc9ec636da6f104,石墨,ChemicalComponent,石墨≤0.4,石墨,≤0.4,≤0.4,,,0.4,,%,max,parsed,False,,6,accepted,非密-危险特性汇总表.docx,72
MATPD_d04d740949397a75ea47,SRCPD_86bc8e34ff794acc0b01,CMPPD_f12823a5cff08038a658,硝化甘油,ChemicalComponent,硝化甘油17,硝化甘油,17,17,17.0,,,,%,exact,parsed,False,,1,accepted,非密-危险特性汇总表.docx,73
MATPD_d04d740949397a75ea47,SRCPD_86bc8e34ff794acc0b01,CMPPD_826409bf5dd8e7c67097,硝化棉,ChemicalComponent,硝化棉81,硝化棉,81,81,81.0,,,,%,exact,parsed,False,,2,accepted,非密-危险特性汇总表.docx,73
MATPD_d04d740949397a75ea47,SRCPD_86bc8e34ff794acc0b01,CMPPD_4f2cbd30c2db267cbb98,中定剂,ComponentGroup,中定剂≥1.2,中定剂,≥1.2,≥1.2,,1.2,,,%,min,parsed,False,,3,accepted,非密-危险特性汇总表.docx,73
MATPD_d04d740949397a75ea47,SRCPD_86bc8e34ff794acc0b01,CMPPD_7703dc61a82e69f806ed,其他,ComponentGroup,其他1.9,其他,1.9,1.9,1.9,,,,%,exact,parsed,False,,5,accepted,非密-危险特性汇总表.docx,73
MATPD_f259b47f1d6a76b9b808,SRCPD_2be372dfbf23153a6b28,CMPPD_826409bf5dd8e7c67097,硝化棉,ChemicalComponent,硝化棉81.0±1.5,硝化棉,81.0±1.5,81.0±1.5,81.0,,,1.5,%,nominal_tolerance,parsed,False,,1,accepted,非密-危险特性汇总表.docx,74
MATPD_f259b47f1d6a76b9b808,SRCPD_2be372dfbf23153a6b28,CMPPD_f12823a5cff08038a658,硝化甘油,ChemicalComponent,硝化甘油17.0±1.5,硝化甘油,17.0±1.5,17.0±1.5,17.0,,,1.5,%,nominal_tolerance,parsed,False,,2,accepted,非密-危险特性汇总表.docx,74
MATPD_f259b47f1d6a76b9b808,SRCPD_2be372dfbf23153a6b28,CMPPD_782c8e839c1a7628e270,Ⅱ号中定剂,ComponentGroup,Ⅱ号中定剂≥1.2,Ⅱ号中定剂,≥1.2,≥1.2,,1.2,,,%,min,parsed,False,,3,accepted,非密-危险特性汇总表.docx,74
MATPD_f259b47f1d6a76b9b808,SRCPD_2be372dfbf23153a6b28,CMPPD_99ca1fc9ec636da6f104,石墨,ChemicalComponent,石墨≤0.3,石墨,≤0.3,≤0.3,,,0.3,,%,max,parsed,False,,4,accepted,非密-危险特性汇总表.docx,74
MATPD_f259b47f1d6a76b9b808,SRCPD_2be372dfbf23153a6b28,CMPPD_79f58d289cfb7b049cd9,骨胶,ChemicalComponent,骨胶≤0.1,骨胶,≤0.1,≤0.1,,,0.1,,%,max,parsed,False,,5,accepted,非密-危险特性汇总表.docx,74
MATPD_f259b47f1d6a76b9b808,SRCPD_2be372dfbf23153a6b28,CMPPD_6497a793ff47cab122b6,硫酸钠,ChemicalComponent,硫酸钠≤0.2,硫酸钠,≤0.2,≤0.2,,,0.2,,%,max,parsed,False,,6,accepted,非密-危险特性汇总表.docx,74
MATPD_f259b47f1d6a76b9b808,SRCPD_2be372dfbf23153a6b28,CMPPD_f16567bdb4a7ff33949b,乙酸乙酯,ChemicalComponent,乙酸乙酯≤1.2,乙酸乙酯,≤1.2,≤1.2,,,1.2,,%,max,parsed,False,,8,accepted,非密-危险特性汇总表.docx,74
MATPD_a65c180aa257be0dd855,SRCPD_ef23be55579200805105,CMPPD_f12823a5cff08038a658,硝化甘油,ChemicalComponent,硝化甘油36.5,硝化甘油,36.5,36.5,36.5,,,,%,exact,parsed,False,,1,accepted,非密-危险特性汇总表.docx,75
MATPD_a65c180aa257be0dd855,SRCPD_ef23be55579200805105,CMPPD_826409bf5dd8e7c67097,硝化棉,ChemicalComponent,硝化棉62.5,硝化棉,62.5,62.5,62.5,,,,%,exact,parsed,False,,2,accepted,非密-危险特性汇总表.docx,75
MATPD_a65c180aa257be0dd855,SRCPD_ef23be55579200805105,CMPPD_4f2cbd30c2db267cbb98,中定剂,ComponentGroup,中定剂≥1.0,中定剂,≥1.0,≥1.0,,1.0,,,%,min,parsed,False,,3,accepted,非密-危险特性汇总表.docx,75
MATPD_a65c180aa257be0dd855,SRCPD_ef23be55579200805105,CMPPD_f635fba48b7552fd81fb,EA,ChemicalComponent,EA≤1.2,EA,≤1.2,≤1.2,,,1.2,,%,max,parsed,False,,5,accepted,非密-危险特性汇总表.docx,75
MATPD_a65c180aa257be0dd855,SRCPD_ef23be55579200805105,CMPPD_7703dc61a82e69f806ed,其他,ComponentGroup,其他0.5,其他,0.5,0.5,0.5,,,,%,exact,parsed,False,,6,accepted,非密-危险特性汇总表.docx,75
MATPD_824166ccd3a1f53516fc,SRCPD_d2cbf7a880d2f1906f11,CMPPD_826409bf5dd8e7c67097,硝化棉,ChemicalComponent,硝化棉62.0±2.5,硝化棉,62.0±2.5,62.0±2.5,62.0,,,2.5,%,nominal_tolerance,parsed,False,,1,accepted,非密-危险特性汇总表.docx,76
MATPD_824166ccd3a1f53516fc,SRCPD_d2cbf7a880d2f1906f11,CMPPD_f12823a5cff08038a658,硝化甘油,ChemicalComponent,硝化甘油36.5±2.5,硝化甘油,36.5±2.5,36.5±2.5,36.5,,,2.5,%,nominal_tolerance,parsed,False,,2,accepted,非密-危险特性汇总表.docx,76
MATPD_824166ccd3a1f53516fc,SRCPD_d2cbf7a880d2f1906f11,CMPPD_782c8e839c1a7628e270,Ⅱ号中定剂,ComponentGroup,Ⅱ号中定剂≥1.0,Ⅱ号中定剂,≥1.0,≥1.0,,1.0,,,%,min,parsed,False,,3,accepted,非密-危险特性汇总表.docx,76
MATPD_824166ccd3a1f53516fc,SRCPD_d2cbf7a880d2f1906f11,CMPPD_99ca1fc9ec636da6f104,石墨,ChemicalComponent,石墨≤0.5,石墨,≤0.5,≤0.5,,,0.5,,%,max,parsed,False,,4,accepted,非密-危险特性汇总表.docx,76
MATPD_824166ccd3a1f53516fc,SRCPD_d2cbf7a880d2f1906f11,CMPPD_f16567bdb4a7ff33949b,乙酸乙酯,ChemicalComponent,乙酸乙酯≤1.5,乙酸乙酯,≤1.5,≤1.5,,,1.5,,%,max,parsed,False,,6,accepted,非密-危险特性汇总表.docx,76
MATPD_be2119cc32abca306adf,SRCPD_d641dac3835765580116,CMPPD_f12823a5cff08038a658,硝化甘油,ChemicalComponent,硝化甘油40,硝化甘油,40,40,40.0,,,,%,exact,parsed,False,,1,accepted,非密-危险特性汇总表.docx,78
MATPD_be2119cc32abca306adf,SRCPD_d641dac3835765580116,CMPPD_826409bf5dd8e7c67097,硝化棉,ChemicalComponent,硝化棉58.5,硝化棉,58.5,58.5,58.5,,,,%,exact,parsed,False,,2,accepted,非密-危险特性汇总表.docx,78
MATPD_be2119cc32abca306adf,SRCPD_d641dac3835765580116,CMPPD_4f2cbd30c2db267cbb98,中定剂,ComponentGroup,中定剂≥0.8,中定剂,≥0.8,≥0.8,,0.8,,,%,min,parsed,False,,3,accepted,非密-危险特性汇总表.docx,78
MATPD_be2119cc32abca306adf,SRCPD_d641dac3835765580116,CMPPD_f96ccbc6f3e547ce7ec5,凡士林,ChemicalComponent,凡士林≤0.5,凡士林,≤0.5,≤0.5,,,0.5,,%,max,parsed,False,,5,accepted,非密-危险特性汇总表.docx,78
MATPD_6e99b81dbf6a38e7fa63,SRCPD_3799567325db4e5458fa,CMPPD_f12823a5cff08038a658,硝化甘油,ChemicalComponent,硝化甘油43.4,硝化甘油,43.4,43.4,43.4,,,,%,exact,parsed,False,,1,accepted,非密-危险特性汇总表.docx,79
MATPD_6e99b81dbf6a38e7fa63,SRCPD_3799567325db4e5458fa,CMPPD_826409bf5dd8e7c67097,硝化棉,ChemicalComponent,硝化棉55,硝化棉,55,55,55.0,,,,%,exact,parsed,False,,2,accepted,非密-危险特性汇总表.docx,79
MATPD_6e99b81dbf6a38e7fa63,SRCPD_3799567325db4e5458fa,CMPPD_4f2cbd30c2db267cbb98,中定剂,ComponentGroup,中定剂1.5,中定剂,1.5,1.5,1.5,,,,%,exact,parsed,False,,3,accepted,非密-危险特性汇总表.docx,79
MATPD_6e99b81dbf6a38e7fa63,SRCPD_3799567325db4e5458fa,CMPPD_39fad45017a6e693ffcc,氧化镁,ChemicalComponent,氧化镁约0.05,氧化镁,约0.05,约0.05,0.05,,,,%,approx,parsed,False,,5,accepted,非密-危险特性汇总表.docx,79
MATPD_6e99b81dbf6a38e7fa63,SRCPD_3799567325db4e5458fa,CMPPD_7703dc61a82e69f806ed,其他,ComponentGroup,其他0.45,其他,0.45,0.45,0.45,,,,%,exact,parsed,False,,6,accepted,非密-危险特性汇总表.docx,79
MATPD_be2119cc32abca306adf,SRCPD_627efe02727060a7224e,CMPPD_826409bf5dd8e7c67097,硝化棉,ChemicalComponent,硝化棉58.5±0.9,硝化棉,58.5±0.9,58.5±0.9,58.5,,,0.9,%,nominal_tolerance,parsed,False,,1,accepted,非密-危险特性汇总表.docx,80
MATPD_be2119cc32abca306adf,SRCPD_627efe02727060a7224e,CMPPD_f12823a5cff08038a658,硝化甘油,ChemicalComponent,硝化甘油40.0±0.9,硝化甘油,40.0±0.9,40.0±0.9,40.0,,,0.9,%,nominal_tolerance,parsed,False,,2,accepted,非密-危险特性汇总表.docx,80
MATPD_be2119cc32abca306adf,SRCPD_627efe02727060a7224e,CMPPD_4f2cbd30c2db267cbb98,中定剂,ComponentGroup,中定剂≥0.8,中定剂,≥0.8,≥0.8,,0.8,,,%,min,parsed,False,,3,accepted,非密-危险特性汇总表.docx,80
MATPD_be2119cc32abca306adf,SRCPD_627efe02727060a7224e,CMPPD_f96ccbc6f3e547ce7ec5,凡士林,ChemicalComponent,凡士林≤0.5,凡士林,≤0.5,≤0.5,,,0.5,,%,max,parsed,False,,4,accepted,非密-危险特性汇总表.docx,80
MATPD_6e99b81dbf6a38e7fa63,SRCPD_875afca782628cf05412,CMPPD_826409bf5dd8e7c67097,硝化棉,ChemicalComponent,硝化棉55.0±1.5,硝化棉,55.0±1.5,55.0±1.5,55.0,,,1.5,%,nominal_tolerance,parsed,False,,1,accepted,非密-危险特性汇总表.docx,81
MATPD_6e99b81dbf6a38e7fa63,SRCPD_875afca782628cf05412,CMPPD_f12823a5cff08038a658,硝化甘油,ChemicalComponent,硝化甘油43.4±1.5,硝化甘油,43.4±1.5,43.4±1.5,43.4,,,1.5,%,nominal_tolerance,parsed,False,,2,accepted,非密-危险特性汇总表.docx,81
MATPD_6e99b81dbf6a38e7fa63,SRCPD_875afca782628cf05412,CMPPD_4f2cbd30c2db267cbb98,中定剂,ComponentGroup,中定剂1.5±0.3,中定剂,1.5±0.3,1.5±0.3,1.5,,,0.3,%,nominal_tolerance,parsed,False,,3,accepted,非密-危险特性汇总表.docx,81
MATPD_6e99b81dbf6a38e7fa63,SRCPD_875afca782628cf05412,CMPPD_39fad45017a6e693ffcc,氧化镁,ChemicalComponent,氧化镁≈0.05,氧化镁,≈0.05,≈0.05,0.05,,,,%,approx,parsed,False,,4,accepted,非密-危险特性汇总表.docx,81
MATPD_6e99b81dbf6a38e7fa63,SRCPD_875afca782628cf05412,CMPPD_99ca1fc9ec636da6f104,石墨,ChemicalComponent,石墨≈0.05,石墨,≈0.05,≈0.05,0.05,,,,%,approx,parsed,False,,5,accepted,非密-危险特性汇总表.docx,81
MATPD_46c5ff82ebba09e1baf0,SRCPD_c9c7d4a5118a1aa9904e,CMPPD_826409bf5dd8e7c67097,硝化棉,ChemicalComponent,硝化棉56.0±1.0,硝化棉,56.0±1.0,56.0±1.0,56.0,,,1.0,%,nominal_tolerance,parsed,False,,1,accepted,非密-危险特性汇总表.docx,82
MATPD_46c5ff82ebba09e1baf0,SRCPD_c9c7d4a5118a1aa9904e,CMPPD_f12823a5cff08038a658,硝化甘油,ChemicalComponent,硝化甘油25.0±0.7,硝化甘油,25.0±0.7,25.0±0.7,25.0,,,0.7,%,nominal_tolerance,parsed,False,,2,accepted,非密-危险特性汇总表.docx,82
MATPD_46c5ff82ebba09e1baf0,SRCPD_c9c7d4a5118a1aa9904e,CMPPD_688a8bbbbb2fb6932235,二硝基甲苯,ChemicalComponent,二硝基甲苯9.0±1.0,二硝基甲苯,9.0±1.0,9.0±1.0,9.0,,,1.0,%,nominal_tolerance,parsed,False,,3,accepted,非密-危险特性汇总表.docx,82
MATPD_46c5ff82ebba09e1baf0,SRCPD_c9c7d4a5118a1aa9904e,CMPPD_f79eeb43e7dde87fd11f,邻苯二甲酸二丁酯,ChemicalComponent,苯二甲酸二丁酯6.0±0.7,苯二甲酸二丁酯,6.0±0.7,6.0±0.7,6.0,,,0.7,%,nominal_tolerance,pending_review,True,component_name_normalization_review,4,pending_review,非密-危险特性汇总表.docx,82
MATPD_46c5ff82ebba09e1baf0,SRCPD_c9c7d4a5118a1aa9904e,CMPPD_6eaf69c9d609e84f04d7,Ⅰ或Ⅱ号中定剂,ComponentGroup,Ⅰ或Ⅱ号中定剂3.0±0.5,Ⅰ或Ⅱ号中定剂,3.0±0.5,3.0±0.5,3.0,,,0.5,%,nominal_tolerance,parsed,False,,5,accepted,非密-危险特性汇总表.docx,82
MATPD_46c5ff82ebba09e1baf0,SRCPD_c9c7d4a5118a1aa9904e,CMPPD_f96ccbc6f3e547ce7ec5,凡士林,ChemicalComponent,凡士林1.0±0.4,凡士林,1.0±0.4,1.0±0.4,1.0,,,0.4,%,nominal_tolerance,parsed,False,,6,accepted,非密-危险特性汇总表.docx,82
MATPD_747b1ce55a7e8ccf5890,SRCPD_43b66051ffea137d1bfe,CMPPD_826409bf5dd8e7c67097,硝化棉,ChemicalComponent,硝化棉56.0±1.0,硝化棉,56.0±1.0,56.0±1.0,56.0,,,1.0,%,nominal_tolerance,parsed,False,,1,accepted,非密-危险特性汇总表.docx,83
MATPD_747b1ce55a7e8ccf5890,SRCPD_43b66051ffea137d1bfe,CMPPD_f12823a5cff08038a658,硝化甘油,ChemicalComponent,硝化甘油25.0±0.7,硝化甘油,25.0±0.7,25.0±0.7,25.0,,,0.7,%,nominal_tolerance,parsed,False,,2,accepted,非密-危险特性汇总表.docx,83
MATPD_747b1ce55a7e8ccf5890,SRCPD_43b66051ffea137d1bfe,CMPPD_688a8bbbbb2fb6932235,二硝基甲苯,ChemicalComponent,二硝基甲苯9.0±1.0,二硝基甲苯,9.0±1.0,9.0±1.0,9.0,,,1.0,%,nominal_tolerance,parsed,False,,3,accepted,非密-危险特性汇总表.docx,83
MATPD_747b1ce55a7e8ccf5890,SRCPD_43b66051ffea137d1bfe,CMPPD_f79eeb43e7dde87fd11f,邻苯二甲酸二丁酯,ChemicalComponent,苯二甲酸二丁酯4.5±0.7,苯二甲酸二丁酯,4.5±0.7,4.5±0.7,4.5,,,0.7,%,nominal_tolerance,pending_review,True,component_name_normalization_review,4,pending_review,非密-危险特性汇总表.docx,83
MATPD_747b1ce55a7e8ccf5890,SRCPD_43b66051ffea137d1bfe,CMPPD_6eaf69c9d609e84f04d7,Ⅰ或Ⅱ号中定剂,ComponentGroup,Ⅰ或Ⅱ号中定剂3.0±0.5,Ⅰ或Ⅱ号中定剂,3.0±0.5,3.0±0.5,3.0,,,0.5,%,nominal_tolerance,parsed,False,,5,accepted,非密-危险特性汇总表.docx,83
MATPD_747b1ce55a7e8ccf5890,SRCPD_43b66051ffea137d1bfe,CMPPD_f96ccbc6f3e547ce7ec5,凡士林,ChemicalComponent,凡士林1.0±0.4,凡士林,1.0±0.4,1.0±0.4,1.0,,,0.4,%,nominal_tolerance,parsed,False,,6,accepted,非密-危险特性汇总表.docx,83
MATPD_9f0d17dcf28136054715,SRCPD_4b2c6334ec52ac8e076a,CMPPD_433e82d7e31149fe330c,3号硝化棉,ChemicalComponent,3号硝化棉56.0,3号硝化棉,56.0,56.0,56.0,,,,%,exact,parsed,False,,1,accepted,非密-危险特性汇总表.docx,84
MATPD_9f0d17dcf28136054715,SRCPD_4b2c6334ec52ac8e076a,CMPPD_f12823a5cff08038a658,硝化甘油,ChemicalComponent,硝化甘油26.5,硝化甘油,26.5,26.5,26.5,,,,%,exact,parsed,False,,2,accepted,非密-危险特性汇总表.docx,84
MATPD_9f0d17dcf28136054715,SRCPD_4b2c6334ec52ac8e076a,CMPPD_688a8bbbbb2fb6932235,二硝基甲苯,ChemicalComponent,二硝基甲苯9.0,二硝基甲苯,9.0,9.0,9.0,,,,%,exact,parsed,False,,3,accepted,非密-危险特性汇总表.docx,84
MATPD_9f0d17dcf28136054715,SRCPD_4b2c6334ec52ac8e076a,CMPPD_f79eeb43e7dde87fd11f,邻苯二甲酸二丁酯,ChemicalComponent,苯二甲酸二丁酯4.5,苯二甲酸二丁酯,4.5,4.5,4.5,,,,%,exact,pending_review,True,component_name_normalization_review,4,pending_review,非密-危险特性汇总表.docx,84
MATPD_9f0d17dcf28136054715,SRCPD_4b2c6334ec52ac8e076a,CMPPD_782c8e839c1a7628e270,Ⅱ号中定剂,ComponentGroup,Ⅱ号中定剂3.0,Ⅱ号中定剂,3.0,3.0,3.0,,,,%,exact,parsed,False,,5,accepted,非密-危险特性汇总表.docx,84
MATPD_9f0d17dcf28136054715,SRCPD_4b2c6334ec52ac8e076a,CMPPD_f96ccbc6f3e547ce7ec5,凡士林,ChemicalComponent,凡士林1.0,凡士林,1.0,1.0,1.0,,,,%,exact,parsed,False,,6,accepted,非密-危险特性汇总表.docx,84
MATPD_f461e48cce2526122752,SRCPD_7ee4e11fcb93166e51f7,CMPPD_433e82d7e31149fe330c,3号硝化棉,ChemicalComponent,3号硝化棉56.0,3号硝化棉,56.0,56.0,56.0,,,,%,exact,parsed,False,,1,accepted,非密-危险特性汇总表.docx,85
MATPD_f461e48cce2526122752,SRCPD_7ee4e11fcb93166e51f7,CMPPD_f12823a5cff08038a658,硝化甘油,ChemicalComponent,硝化甘油26.5,硝化甘油,26.5,26.5,26.5,,,,%,exact,parsed,False,,2,accepted,非密-危险特性汇总表.docx,85
MATPD_f461e48cce2526122752,SRCPD_7ee4e11fcb93166e51f7,CMPPD_688a8bbbbb2fb6932235,二硝基甲苯,ChemicalComponent,二硝基甲苯9.0,二硝基甲苯,9.0,9.0,9.0,,,,%,exact,parsed,False,,3,accepted,非密-危险特性汇总表.docx,85
MATPD_f461e48cce2526122752,SRCPD_7ee4e11fcb93166e51f7,CMPPD_f79eeb43e7dde87fd11f,邻苯二甲酸二丁酯,ChemicalComponent,苯二甲酸二丁酯4.5,苯二甲酸二丁酯,4.5,4.5,4.5,,,,%,exact,pending_review,True,component_name_normalization_review,4,pending_review,非密-危险特性汇总表.docx,85
MATPD_f461e48cce2526122752,SRCPD_7ee4e11fcb93166e51f7,CMPPD_782c8e839c1a7628e270,Ⅱ号中定剂,ComponentGroup,Ⅱ号中定剂3.0,Ⅱ号中定剂,3.0,3.0,3.0,,,,%,exact,parsed,False,,5,accepted,非密-危险特性汇总表.docx,85
MATPD_f461e48cce2526122752,SRCPD_7ee4e11fcb93166e51f7,CMPPD_f96ccbc6f3e547ce7ec5,凡士林,ChemicalComponent,凡士林1.0,凡士林,1.0,1.0,1.0,,,,%,exact,parsed,False,,6,accepted,非密-危险特性汇总表.docx,85
MATPD_a745390fe990ad65fb2a,SRCPD_f2cfd4420241293f3ce0,CMPPD_433e82d7e31149fe330c,3号硝化棉,ChemicalComponent,3号硝化棉56.0,3号硝化棉,56.0,56.0,56.0,,,,%,exact,parsed,False,,1,accepted,非密-危险特性汇总表.docx,86
MATPD_a745390fe990ad65fb2a,SRCPD_f2cfd4420241293f3ce0,CMPPD_f12823a5cff08038a658,硝化甘油,ChemicalComponent,硝化甘油256.5,硝化甘油,256.5,256.5,256.5,,,,%,exact,parsed,False,,2,pending_review,非密-危险特性汇总表.docx,86
MATPD_a745390fe990ad65fb2a,SRCPD_f2cfd4420241293f3ce0,CMPPD_688a8bbbbb2fb6932235,二硝基甲苯,ChemicalComponent,二硝基甲苯9.0,二硝基甲苯,9.0,9.0,9.0,,,,%,exact,parsed,False,,3,accepted,非密-危险特性汇总表.docx,86
MATPD_a745390fe990ad65fb2a,SRCPD_f2cfd4420241293f3ce0,CMPPD_f79eeb43e7dde87fd11f,邻苯二甲酸二丁酯,ChemicalComponent,苯二甲酸二丁酯4.5,苯二甲酸二丁酯,4.5,4.5,4.5,,,,%,exact,pending_review,True,component_name_normalization_review,4,pending_review,非密-危险特性汇总表.docx,86
MATPD_a745390fe990ad65fb2a,SRCPD_f2cfd4420241293f3ce0,CMPPD_782c8e839c1a7628e270,Ⅱ号中定剂,ComponentGroup,Ⅱ号中定剂3.0,Ⅱ号中定剂,3.0,3.0,3.0,,,,%,exact,parsed,False,,5,accepted,非密-危险特性汇总表.docx,86
MATPD_a745390fe990ad65fb2a,SRCPD_f2cfd4420241293f3ce0,CMPPD_f96ccbc6f3e547ce7ec5,凡士林,ChemicalComponent,凡士林1.0,凡士林,1.0,1.0,1.0,,,,%,exact,parsed,False,,6,accepted,非密-危险特性汇总表.docx,86
MATPD_5ebcb4f2dc71a11f3396,SRCPD_0c1766bb3bee0e29098d,CMPPD_826409bf5dd8e7c67097,硝化棉,ChemicalComponent,硝化棉62.5±1.0,硝化棉,62.5±1.0,62.5±1.0,62.5,,,1.0,%,nominal_tolerance,parsed,False,,1,accepted,非密-危险特性汇总表.docx,87
MATPD_5ebcb4f2dc71a11f3396,SRCPD_0c1766bb3bee0e29098d,CMPPD_c24aa1efaf3bf3a74896,硝化二乙二醇,ChemicalComponent,硝化二乙二醇29.5±1.0,硝化二乙二醇,29.5±1.0,29.5±1.0,29.5,,,1.0,%,nominal_tolerance,parsed,False,,2,accepted,非密-危险特性汇总表.docx,87
MATPD_5ebcb4f2dc71a11f3396,SRCPD_0c1766bb3bee0e29098d,CMPPD_688a8bbbbb2fb6932235,二硝基甲苯,ChemicalComponent,二硝基甲苯4.0±1.0,二硝基甲苯,4.0±1.0,4.0±1.0,4.0,,,1.0,%,nominal_tolerance,parsed,False,,3,accepted,非密-危险特性汇总表.docx,87
MATPD_5ebcb4f2dc71a11f3396,SRCPD_0c1766bb3bee0e29098d,CMPPD_6eaf69c9d609e84f04d7,Ⅰ或Ⅱ号中定剂,ComponentGroup,Ⅰ或Ⅱ号中定剂3.0±0.5,Ⅰ或Ⅱ号中定剂,3.0±0.5,3.0±0.5,3.0,,,0.5,%,nominal_tolerance,parsed,False,,4,accepted,非密-危险特性汇总表.docx,87
MATPD_5ebcb4f2dc71a11f3396,SRCPD_0c1766bb3bee0e29098d,CMPPD_f96ccbc6f3e547ce7ec5,凡士林,ChemicalComponent,凡士林1.0±0.4,凡士林,1.0±0.4,1.0±0.4,1.0,,,0.4,%,nominal_tolerance,parsed,False,,5,accepted,非密-危险特性汇总表.docx,87
MATPD_38f25ae6a85da9759a33,SRCPD_d6afdaaab15f77406937,CMPPD_c24aa1efaf3bf3a74896,硝化二乙二醇,ChemicalComponent,硝化二乙二醇29.5,硝化二乙二醇,29.5,29.5,29.5,,,,%,exact,parsed,False,,1,accepted,非密-危险特性汇总表.docx,88
MATPD_38f25ae6a85da9759a33,SRCPD_d6afdaaab15f77406937,CMPPD_826409bf5dd8e7c67097,硝化棉,ChemicalComponent,硝化棉62.5,硝化棉,62.5,62.5,62.5,,,,%,exact,parsed,False,,2,accepted,非密-危险特性汇总表.docx,88
MATPD_38f25ae6a85da9759a33,SRCPD_d6afdaaab15f77406937,CMPPD_4f2cbd30c2db267cbb98,中定剂,ComponentGroup,中定剂3,中定剂,3,3,3.0,,,,%,exact,parsed,False,,3,accepted,非密-危险特性汇总表.docx,88
MATPD_38f25ae6a85da9759a33,SRCPD_d6afdaaab15f77406937,CMPPD_f96ccbc6f3e547ce7ec5,凡士林,ChemicalComponent,凡士林1,凡士林,1,1,1.0,,,,%,exact,parsed,False,,5,accepted,非密-危险特性汇总表.docx,88
MATPD_38f25ae6a85da9759a33,SRCPD_d6afdaaab15f77406937,CMPPD_7703dc61a82e69f806ed,其他,ComponentGroup,其他1.4,其他,1.4,1.4,1.4,,,,%,exact,parsed,False,,6,accepted,非密-危险特性汇总表.docx,88
MATPD_8541712c7dec8547ac91,SRCPD_70732f6c0a7eace0ff1e,CMPPD_826409bf5dd8e7c67097,硝化棉,ChemicalComponent,硝化棉62.0±1.0,硝化棉,62.0±1.0,62.0±1.0,62.0,,,1.0,%,nominal_tolerance,parsed,False,,1,accepted,非密-危险特性汇总表.docx,89
MATPD_8541712c7dec8547ac91,SRCPD_70732f6c0a7eace0ff1e,CMPPD_c24aa1efaf3bf3a74896,硝化二乙二醇,ChemicalComponent,硝化二乙二醇31.3±1.0,硝化二乙二醇,31.3±1.0,31.3±1.0,31.3,,,1.0,%,nominal_tolerance,parsed,False,,2,accepted,非密-危险特性汇总表.docx,89
MATPD_8541712c7dec8547ac91,SRCPD_70732f6c0a7eace0ff1e,CMPPD_f79eeb43e7dde87fd11f,邻苯二甲酸二丁酯,ChemicalComponent,苯二甲酸二丁酯2.7±0.7,苯二甲酸二丁酯,2.7±0.7,2.7±0.7,2.7,,,0.7,%,nominal_tolerance,pending_review,True,component_name_normalization_review,3,pending_review,非密-危险特性汇总表.docx,89
MATPD_8541712c7dec8547ac91,SRCPD_70732f6c0a7eace0ff1e,CMPPD_6eaf69c9d609e84f04d7,Ⅰ或Ⅱ号中定剂,ComponentGroup,Ⅰ或Ⅱ号中定剂3.0±0.5,Ⅰ或Ⅱ号中定剂,3.0±0.5,3.0±0.5,3.0,,,0.5,%,nominal_tolerance,parsed,False,,4,accepted,非密-危险特性汇总表.docx,89
MATPD_8541712c7dec8547ac91,SRCPD_70732f6c0a7eace0ff1e,CMPPD_f96ccbc6f3e547ce7ec5,凡士林,ChemicalComponent,凡士林1.0±0.4,凡士林,1.0±0.4,1.0±0.4,1.0,,,0.4,%,nominal_tolerance,parsed,False,,5,accepted,非密-危险特性汇总表.docx,89
MATPD_772d1c519b191ac207e2,SRCPD_3a1a055fac4ea123366c,CMPPD_826409bf5dd8e7c67097,硝化棉,ChemicalComponent,硝化棉68.0±2.5,硝化棉,68.0±2.5,68.0±2.5,68.0,,,2.5,%,nominal_tolerance,parsed,False,,1,accepted,非密-危险特性汇总表.docx,90
MATPD_772d1c519b191ac207e2,SRCPD_3a1a055fac4ea123366c,CMPPD_f12823a5cff08038a658,硝化甘油,ChemicalComponent,硝化甘油29.5±2.5,硝化甘油,29.5±2.5,29.5±2.5,29.5,,,2.5,%,nominal_tolerance,parsed,False,,2,accepted,非密-危险特性汇总表.docx,90
MATPD_772d1c519b191ac207e2,SRCPD_3a1a055fac4ea123366c,CMPPD_782c8e839c1a7628e270,Ⅱ号中定剂,ComponentGroup,Ⅱ号中定剂≥1.4,Ⅱ号中定剂,≥1.4,≥1.4,,1.4,,,%,min,parsed,False,,3,accepted,非密-危险特性汇总表.docx,90
MATPD_772d1c519b191ac207e2,SRCPD_3a1a055fac4ea123366c,CMPPD_99ca1fc9ec636da6f104,石墨,ChemicalComponent,石墨≤0.6,石墨,≤0.6,≤0.6,,,0.6,,%,max,parsed,False,,4,accepted,非密-危险特性汇总表.docx,90
MATPD_772d1c519b191ac207e2,SRCPD_3a1a055fac4ea123366c,CMPPD_f16567bdb4a7ff33949b,乙酸乙酯,ChemicalComponent,乙酸乙酯≤1.5,乙酸乙酯,≤1.5,≤1.5,,,1.5,,%,max,parsed,False,,5,accepted,非密-危险特性汇总表.docx,90
MATPD_3505b55dc7ad2f4eb370,SRCPD_1c6e703f866fd12dcffc,CMPPD_826409bf5dd8e7c67097,硝化棉,ChemicalComponent,硝化棉63.5±2.5,硝化棉,63.5±2.5,63.5±2.5,63.5,,,2.5,%,nominal_tolerance,parsed,False,,1,accepted,非密-危险特性汇总表.docx,91
MATPD_3505b55dc7ad2f4eb370,SRCPD_1c6e703f866fd12dcffc,CMPPD_f12823a5cff08038a658,硝化甘油,ChemicalComponent,硝化甘油34±2.5,硝化甘油,34±2.5,34±2.5,34.0,,,2.5,%,nominal_tolerance,parsed,False,,2,accepted,非密-危险特性汇总表.docx,91
MATPD_3505b55dc7ad2f4eb370,SRCPD_1c6e703f866fd12dcffc,CMPPD_f16567bdb4a7ff33949b,乙酸乙酯,ChemicalComponent,乙酸乙酯≤0.6,乙酸乙酯,≤0.6,≤0.6,,,0.6,,%,max,parsed,False,,3,accepted,非密-危险特性汇总表.docx,91
MATPD_f7674fd8a3251cea92d0,SRCPD_1e139bcceaa6984702f7,CMPPD_826409bf5dd8e7c67097,硝化棉,ChemicalComponent,硝化棉余数,硝化棉,余量,余量,,,,,%,remainder,parsed,False,,1,accepted,非密-危险特性汇总表.docx,92
MATPD_f7674fd8a3251cea92d0,SRCPD_1e139bcceaa6984702f7,CMPPD_f12823a5cff08038a658,硝化甘油,ChemicalComponent,硝化甘油24—32,硝化甘油,24—32,24—32,,24.0,32.0,,%,range,parsed,False,,2,accepted,非密-危险特性汇总表.docx,92
MATPD_f7674fd8a3251cea92d0,SRCPD_1e139bcceaa6984702f7,CMPPD_782c8e839c1a7628e270,Ⅱ号中定剂,ComponentGroup,Ⅱ号中定剂≥1.0,Ⅱ号中定剂,≥1.0,≥1.0,,1.0,,,%,min,parsed,False,,3,accepted,非密-危险特性汇总表.docx,92
MATPD_f7674fd8a3251cea92d0,SRCPD_1e139bcceaa6984702f7,CMPPD_99ca1fc9ec636da6f104,石墨,ChemicalComponent,石墨≤0.5,石墨,≤0.5,≤0.5,,,0.5,,%,max,parsed,False,,4,accepted,非密-危险特性汇总表.docx,92
MATPD_f7674fd8a3251cea92d0,SRCPD_1e139bcceaa6984702f7,CMPPD_f16567bdb4a7ff33949b,乙酸乙酯,ChemicalComponent,乙酸乙酯≤1.0,乙酸乙酯,≤1.0,≤1.0,,,1.0,,%,max,parsed,False,,5,accepted,非密-危险特性汇总表.docx,92
MATPD_7b7ecf4a3ba145c1a636,SRCPD_d74c961dd6866f8fd9d2,CMPPD_f12823a5cff08038a658,硝化甘油,ChemicalComponent,硝化甘油34.5,硝化甘油,34.5,34.5,34.5,,,,%,exact,parsed,False,,1,accepted,非密-危险特性汇总表.docx,93
MATPD_7b7ecf4a3ba145c1a636,SRCPD_d74c961dd6866f8fd9d2,CMPPD_826409bf5dd8e7c67097,硝化棉,ChemicalComponent,硝化棉53.5,硝化棉,53.5,53.5,53.5,,,,%,exact,parsed,False,,2,accepted,非密-危险特性汇总表.docx,93
MATPD_7b7ecf4a3ba145c1a636,SRCPD_d74c961dd6866f8fd9d2,CMPPD_4f2cbd30c2db267cbb98,中定剂,ComponentGroup,中定剂2.5,中定剂,2.5,2.5,2.5,,,,%,exact,parsed,False,,3,accepted,非密-危险特性汇总表.docx,93
MATPD_7b7ecf4a3ba145c1a636,SRCPD_d74c961dd6866f8fd9d2,CMPPD_186734066a53a4971c03,特黑,ChemicalComponent,特黑1.5,特黑,1.5,1.5,1.5,,,,%,exact,parsed,False,,5,accepted,非密-危险特性汇总表.docx,93
MATPD_7b7ecf4a3ba145c1a636,SRCPD_d74c961dd6866f8fd9d2,CMPPD_7703dc61a82e69f806ed,其他,ComponentGroup,其他3,其他,3,3,3.0,,,,%,exact,parsed,False,,6,accepted,非密-危险特性汇总表.docx,93
MATPD_23ff7d03bfe306533dd9,SRCPD_95d425f8f1e491252a7d,CMPPD_f12823a5cff08038a658,硝化甘油,ChemicalComponent,硝化甘油22.5,硝化甘油,22.5,22.5,22.5,,,,%,exact,parsed,False,,1,accepted,非密-危险特性汇总表.docx,94
MATPD_23ff7d03bfe306533dd9,SRCPD_95d425f8f1e491252a7d,CMPPD_826409bf5dd8e7c67097,硝化棉,ChemicalComponent,硝化棉56.5,硝化棉,56.5,56.5,56.5,,,,%,exact,parsed,False,,2,accepted,非密-危险特性汇总表.docx,94
MATPD_23ff7d03bfe306533dd9,SRCPD_95d425f8f1e491252a7d,CMPPD_4f2cbd30c2db267cbb98,中定剂,ComponentGroup,中定剂2.5,中定剂,2.5,2.5,2.5,,,,%,exact,parsed,False,,3,accepted,非密-危险特性汇总表.docx,94
MATPD_23ff7d03bfe306533dd9,SRCPD_95d425f8f1e491252a7d,CMPPD_f96ccbc6f3e547ce7ec5,凡士林,ChemicalComponent,凡士林0.8,凡士林,0.8,0.8,0.8,,,,%,exact,parsed,False,,4,accepted,非密-危险特性汇总表.docx,94
MATPD_23ff7d03bfe306533dd9,SRCPD_95d425f8f1e491252a7d,CMPPD_7703dc61a82e69f806ed,其他,ComponentGroup,其他27,其他,27,27,27.0,,,,%,exact,parsed,False,,5,accepted,非密-危险特性汇总表.docx,94
MATPD_1b88daf95b07b7aa9322,SRCPD_3fea5a709bbbe1d463ec,CMPPD_826409bf5dd8e7c67097,硝化棉,ChemicalComponent,硝化棉24—30,硝化棉,24—30,24—30,,24.0,30.0,,%,range,parsed,False,,1,accepted,非密-危险特性汇总表.docx,96
MATPD_1b88daf95b07b7aa9322,SRCPD_3fea5a709bbbe1d463ec,CMPPD_f12823a5cff08038a658,硝化甘油,ChemicalComponent,硝化甘油20—24,硝化甘油,20—24,20—24,,20.0,24.0,,%,range,parsed,False,,2,accepted,非密-危险特性汇总表.docx,96
MATPD_1b88daf95b07b7aa9322,SRCPD_3fea5a709bbbe1d463ec,CMPPD_e59b635b59ced7d4bb64,硝基胍,ChemicalComponent,硝基胍45—50,硝基胍,45—50,45—50,,45.0,50.0,,%,range,parsed,False,,3,accepted,非密-危险特性汇总表.docx,96
MATPD_1b88daf95b07b7aa9322,SRCPD_3fea5a709bbbe1d463ec,CMPPD_4f2cbd30c2db267cbb98,中定剂,ComponentGroup,中定剂1.5,中定剂,1.5,1.5,1.5,,,,%,exact,parsed,False,,4,accepted,非密-危险特性汇总表.docx,96
MATPD_1b88daf95b07b7aa9322,SRCPD_3fea5a709bbbe1d463ec,CMPPD_7703dc61a82e69f806ed,其他,ComponentGroup,其他1.0,其他,1.0,1.0,1.0,,,,%,exact,parsed,False,,5,accepted,非密-危险特性汇总表.docx,96
MATPD_19f62d4e8a10ba9914b1,SRCPD_54995046ec1e12e29aca,CMPPD_826409bf5dd8e7c67097,硝化棉,ChemicalComponent,硝化棉26—32,硝化棉,26—32,26—32,,26.0,32.0,,%,range,parsed,False,,1,accepted,非密-危险特性汇总表.docx,97
MATPD_19f62d4e8a10ba9914b1,SRCPD_54995046ec1e12e29aca,CMPPD_f12823a5cff08038a658,硝化甘油,ChemicalComponent,硝化甘油18—22,硝化甘油,18—22,18—22,,18.0,22.0,,%,range,parsed,False,,2,accepted,非密-危险特性汇总表.docx,97
MATPD_19f62d4e8a10ba9914b1,SRCPD_54995046ec1e12e29aca,CMPPD_e59b635b59ced7d4bb64,硝基胍,ChemicalComponent,硝基胍45—50,硝基胍,45—50,45—50,,45.0,50.0,,%,range,parsed,False,,3,accepted,非密-危险特性汇总表.docx,97
MATPD_19f62d4e8a10ba9914b1,SRCPD_54995046ec1e12e29aca,CMPPD_4f2cbd30c2db267cbb98,中定剂,ComponentGroup,中定剂1.5,中定剂,1.5,1.5,1.5,,,,%,exact,parsed,False,,4,accepted,非密-危险特性汇总表.docx,97
MATPD_19f62d4e8a10ba9914b1,SRCPD_54995046ec1e12e29aca,CMPPD_7703dc61a82e69f806ed,其他,ComponentGroup,其他1.0,其他,1.0,1.0,1.0,,,,%,exact,parsed,False,,5,accepted,非密-危险特性汇总表.docx,97
MATPD_e6481a1cd70256a48e8c,SRCPD_2a5e9433c7d28e651fa0,CMPPD_826409bf5dd8e7c67097,硝化棉,ChemicalComponent,硝化棉26—32,硝化棉,26—32,26—32,,26.0,32.0,,%,range,parsed,False,,1,accepted,非密-危险特性汇总表.docx,98
MATPD_e6481a1cd70256a48e8c,SRCPD_2a5e9433c7d28e651fa0,CMPPD_f12823a5cff08038a658,硝化甘油,ChemicalComponent,硝化甘油14—18,硝化甘油,14—18,14—18,,14.0,18.0,,%,range,parsed,False,,2,accepted,非密-危险特性汇总表.docx,98
MATPD_e6481a1cd70256a48e8c,SRCPD_2a5e9433c7d28e651fa0,CMPPD_e59b635b59ced7d4bb64,硝基胍,ChemicalComponent,硝基胍45—50,硝基胍,45—50,45—50,,45.0,50.0,,%,range,parsed,False,,3,accepted,非密-危险特性汇总表.docx,98
MATPD_e6481a1cd70256a48e8c,SRCPD_2a5e9433c7d28e651fa0,CMPPD_4f2cbd30c2db267cbb98,中定剂,ComponentGroup,中定剂≥1.3,中定剂,≥1.3,≥1.3,,1.3,,,%,min,parsed,False,,4,accepted,非密-危险特性汇总表.docx,98
MATPD_e6481a1cd70256a48e8c,SRCPD_2a5e9433c7d28e651fa0,CMPPD_7703dc61a82e69f806ed,其他,ComponentGroup,其他7.0,其他,7.0,7.0,7.0,,,,%,exact,parsed,False,,5,accepted,非密-危险特性汇总表.docx,98
MATPD_c0a372e6ec502b77aad4,SRCPD_8827cb7674fb3cd77f6d,CMPPD_826409bf5dd8e7c67097,硝化棉,ChemicalComponent,硝化棉26—32,硝化棉,26—32,26—32,,26.0,32.0,,%,range,parsed,False,,1,accepted,非密-危险特性汇总表.docx,99
MATPD_c0a372e6ec502b77aad4,SRCPD_8827cb7674fb3cd77f6d,CMPPD_f12823a5cff08038a658,硝化甘油,ChemicalComponent,硝化甘油20—24,硝化甘油,20—24,20—24,,20.0,24.0,,%,range,parsed,False,,2,accepted,非密-危险特性汇总表.docx,99
MATPD_c0a372e6ec502b77aad4,SRCPD_8827cb7674fb3cd77f6d,CMPPD_e59b635b59ced7d4bb64,硝基胍,ChemicalComponent,硝基胍45—50,硝基胍,45—50,45—50,,45.0,50.0,,%,range,parsed,False,,3,accepted,非密-危险特性汇总表.docx,99
MATPD_c0a372e6ec502b77aad4,SRCPD_8827cb7674fb3cd77f6d,CMPPD_4f2cbd30c2db267cbb98,中定剂,ComponentGroup,中定剂1.5,中定剂,1.5,1.5,1.5,,,,%,exact,parsed,False,,4,accepted,非密-危险特性汇总表.docx,99
MATPD_c0a372e6ec502b77aad4,SRCPD_8827cb7674fb3cd77f6d,CMPPD_7703dc61a82e69f806ed,其他,ComponentGroup,其他1.7,其他,1.7,1.7,1.7,,,,%,exact,parsed,False,,5,accepted,非密-危险特性汇总表.docx,99
MATPD_33101b3bb0033a9ce9b1,SRCPD_56e5f09a3f9c0e1651d7,CMPPD_826409bf5dd8e7c67097,硝化棉,ChemicalComponent,硝化棉38—42,硝化棉,38—42,38—42,,38.0,42.0,,%,range,parsed,False,,1,accepted,非密-危险特性汇总表.docx,100
MATPD_33101b3bb0033a9ce9b1,SRCPD_56e5f09a3f9c0e1651d7,CMPPD_f12823a5cff08038a658,硝化甘油,ChemicalComponent,硝化甘油26—30,硝化甘油,26—30,26—30,,26.0,30.0,,%,range,parsed,False,,2,accepted,非密-危险特性汇总表.docx,100
MATPD_33101b3bb0033a9ce9b1,SRCPD_56e5f09a3f9c0e1651d7,CMPPD_e59b635b59ced7d4bb64,硝基胍,ChemicalComponent,硝基胍25—32,硝基胍,25—32,25—32,,25.0,32.0,,%,range,parsed,False,,3,accepted,非密-危险特性汇总表.docx,100
MATPD_33101b3bb0033a9ce9b1,SRCPD_56e5f09a3f9c0e1651d7,CMPPD_4f2cbd30c2db267cbb98,中定剂,ComponentGroup,中定剂1.5,中定剂,1.5,1.5,1.5,,,,%,exact,parsed,False,,4,accepted,非密-危险特性汇总表.docx,100
MATPD_33101b3bb0033a9ce9b1,SRCPD_56e5f09a3f9c0e1651d7,CMPPD_7703dc61a82e69f806ed,其他,ComponentGroup,其他1.0,其他,1.0,1.0,1.0,,,,%,exact,parsed,False,,5,accepted,非密-危险特性汇总表.docx,100
MATPD_93420b74882512f22e31,SRCPD_8b156c1c549863bb1d3d,CMPPD_826409bf5dd8e7c67097,硝化棉,ChemicalComponent,硝化棉38—42,硝化棉,38—42,38—42,,38.0,42.0,,%,range,parsed,False,,1,accepted,非密-危险特性汇总表.docx,101
MATPD_93420b74882512f22e31,SRCPD_8b156c1c549863bb1d3d,CMPPD_f12823a5cff08038a658,硝化甘油,ChemicalComponent,硝化甘油26—30,硝化甘油,26—30,26—30,,26.0,30.0,,%,range,parsed,False,,2,accepted,非密-危险特性汇总表.docx,101
MATPD_93420b74882512f22e31,SRCPD_8b156c1c549863bb1d3d,CMPPD_e59b635b59ced7d4bb64,硝基胍,ChemicalComponent,硝基胍25—32,硝基胍,25—32,25—32,,25.0,32.0,,%,range,parsed,False,,3,accepted,非密-危险特性汇总表.docx,101
MATPD_93420b74882512f22e31,SRCPD_8b156c1c549863bb1d3d,CMPPD_4f2cbd30c2db267cbb98,中定剂,ComponentGroup,中定剂≥1.5,中定剂,≥1.5,≥1.5,,1.5,,,%,min,parsed,False,,4,accepted,非密-危险特性汇总表.docx,101
MATPD_93420b74882512f22e31,SRCPD_8b156c1c549863bb1d3d,CMPPD_7703dc61a82e69f806ed,其他,ComponentGroup,其他2.0,其他,2.0,2.0,2.0,,,,%,exact,parsed,False,,5,accepted,非密-危险特性汇总表.docx,101
MATPD_69767b0460a21b637031,SRCPD_813bafe72f91f6903618,CMPPD_826409bf5dd8e7c67097,硝化棉,ChemicalComponent,硝化棉21.00±1.30,硝化棉,21.00±1.30,21.00±1.30,21.0,,,1.3,%,nominal_tolerance,parsed,False,,1,accepted,非密-危险特性汇总表.docx,102
MATPD_69767b0460a21b637031,SRCPD_813bafe72f91f6903618,CMPPD_f12823a5cff08038a658,硝化甘油,ChemicalComponent,硝化甘油20.00±1.00,硝化甘油,20.00±1.00,20.00±1.00,20.0,,,1.0,%,nominal_tolerance,parsed,False,,2,accepted,非密-危险特性汇总表.docx,102
MATPD_69767b0460a21b637031,SRCPD_813bafe72f91f6903618,CMPPD_e59b635b59ced7d4bb64,硝基胍,ChemicalComponent,硝基胍57.2±1.00,硝基胍,57.2±1.00,57.2±1.00,57.2,,,1.0,%,nominal_tolerance,parsed,False,,3,accepted,非密-危险特性汇总表.docx,102
MATPD_69767b0460a21b637031,SRCPD_813bafe72f91f6903618,CMPPD_4f2cbd30c2db267cbb98,中定剂,ComponentGroup,中定剂1.50±0.20,中定剂,1.50±0.20,1.50±0.20,1.5,,,0.2,%,nominal_tolerance,parsed,False,,4,accepted,非密-危险特性汇总表.docx,102
MATPD_69767b0460a21b637031,SRCPD_813bafe72f91f6903618,CMPPD_f6b35dffa7ea9d69c4cc,冰晶石,ChemicalComponent,冰晶石0.30±0.10,冰晶石,0.30±0.10,0.30±0.10,0.3,,,0.1,%,nominal_tolerance,parsed,False,,5,accepted,非密-危险特性汇总表.docx,102
MATPD_e7d64225d0b78596f770,SRCPD_ecda884e91943ca5f704,CMPPD_826409bf5dd8e7c67097,硝化棉,ChemicalComponent,硝化棉：余量,硝化棉,余量,余量,,,,,%,remainder,parsed,False,,1,accepted,非密-危险特性汇总表.docx,104
MATPD_e7d64225d0b78596f770,SRCPD_ecda884e91943ca5f704,CMPPD_f12823a5cff08038a658,硝化甘油,ChemicalComponent,硝化甘油22,硝化甘油,22,22,22.0,,,,%,exact,parsed,False,,2,accepted,非密-危险特性汇总表.docx,104
MATPD_e7d64225d0b78596f770,SRCPD_ecda884e91943ca5f704,CMPPD_4f2cbd30c2db267cbb98,中定剂,ComponentGroup,中定剂2,中定剂,2,2,2.0,,,,%,exact,parsed,False,,3,accepted,非密-危险特性汇总表.docx,104
MATPD_e7d64225d0b78596f770,SRCPD_ecda884e91943ca5f704,CMPPD_5ed99853001bcb8754d8,太根,ChemicalComponent,太根5—15,太根,5—15,5—15,,5.0,15.0,,%,range,parsed,False,,4,accepted,非密-危险特性汇总表.docx,104
MATPD_e7d64225d0b78596f770,SRCPD_ecda884e91943ca5f704,CMPPD_7703dc61a82e69f806ed,其他,ComponentGroup,其他11,其他,11,11,11.0,,,,%,exact,parsed,False,,5,accepted,非密-危险特性汇总表.docx,104
MATPD_3540587e76a70a28ca46,SRCPD_58d114530500ed6edf5c,CMPPD_826409bf5dd8e7c67097,硝化棉,ChemicalComponent,硝化棉：余量,硝化棉,余量,余量,,,,,%,remainder,parsed,False,,1,accepted,非密-危险特性汇总表.docx,105
MATPD_3540587e76a70a28ca46,SRCPD_58d114530500ed6edf5c,CMPPD_f12823a5cff08038a658,硝化甘油,ChemicalComponent,硝化甘油28,硝化甘油,28,28,28.0,,,,%,exact,parsed,False,,2,accepted,非密-危险特性汇总表.docx,105
MATPD_3540587e76a70a28ca46,SRCPD_58d114530500ed6edf5c,CMPPD_4f2cbd30c2db267cbb98,中定剂,ComponentGroup,中定剂2,中定剂,2,2,2.0,,,,%,exact,parsed,False,,3,accepted,非密-危险特性汇总表.docx,105
MATPD_3540587e76a70a28ca46,SRCPD_58d114530500ed6edf5c,CMPPD_5ed99853001bcb8754d8,太根,ChemicalComponent,太根5—15,太根,5—15,5—15,,5.0,15.0,,%,range,parsed,False,,4,accepted,非密-危险特性汇总表.docx,105
MATPD_3540587e76a70a28ca46,SRCPD_58d114530500ed6edf5c,CMPPD_7703dc61a82e69f806ed,其他,ComponentGroup,其他11.2,其他,11.2,11.2,11.2,,,,%,exact,parsed,False,,6,accepted,非密-危险特性汇总表.docx,105
MATPD_0de3711a3e2e680065f5,SRCPD_ea655a81d5e972b5bfe5,CMPPD_826409bf5dd8e7c67097,硝化棉,ChemicalComponent,硝化棉55—65,硝化棉,55—65,55—65,,55.0,65.0,,%,range,parsed,False,,1,accepted,非密-危险特性汇总表.docx,107
MATPD_0de3711a3e2e680065f5,SRCPD_ea655a81d5e972b5bfe5,CMPPD_f12823a5cff08038a658,硝化甘油,ChemicalComponent,硝化甘油8—15,硝化甘油,8—15,8—15,,8.0,15.0,,%,range,parsed,False,,2,accepted,非密-危险特性汇总表.docx,107
MATPD_0de3711a3e2e680065f5,SRCPD_ea655a81d5e972b5bfe5,CMPPD_4f2cbd30c2db267cbb98,中定剂,ComponentGroup,中定剂1—2.0,中定剂,1—2.0,1—2.0,,1.0,2.0,,%,range,parsed,False,,3,accepted,非密-危险特性汇总表.docx,107
MATPD_0de3711a3e2e680065f5,SRCPD_ea655a81d5e972b5bfe5,CMPPD_688a8bbbbb2fb6932235,二硝基甲苯,ChemicalComponent,二硝基甲苯0.01—5,二硝基甲苯,0.01—5,0.01—5,,0.01,5.0,,%,range,parsed,False,,4,accepted,非密-危险特性汇总表.docx,107
MATPD_0de3711a3e2e680065f5,SRCPD_ea655a81d5e972b5bfe5,CMPPD_f96ccbc6f3e547ce7ec5,凡士林,ChemicalComponent,凡士林0.01—2.0,凡士林,0.01—2.0,0.01—2.0,,0.01,2.0,,%,range,parsed,False,,5,accepted,非密-危险特性汇总表.docx,107
MATPD_b1306235e2f40e90f7f2,SRCPD_813c9886eff9b49f1529,CMPPD_826409bf5dd8e7c67097,硝化棉,ChemicalComponent,硝化棉30—40,硝化棉,30—40,30—40,,30.0,40.0,,%,range,parsed,False,,1,accepted,非密-危险特性汇总表.docx,108
MATPD_b1306235e2f40e90f7f2,SRCPD_813c9886eff9b49f1529,CMPPD_f12823a5cff08038a658,硝化甘油,ChemicalComponent,硝化甘油20—25,硝化甘油,20—25,20—25,,20.0,25.0,,%,range,parsed,False,,2,accepted,非密-危险特性汇总表.docx,108
MATPD_b1306235e2f40e90f7f2,SRCPD_813c9886eff9b49f1529,CMPPD_4f2cbd30c2db267cbb98,中定剂,ComponentGroup,中定剂1—2.0,中定剂,1—2.0,1—2.0,,1.0,2.0,,%,range,parsed,False,,3,accepted,非密-危险特性汇总表.docx,108
MATPD_b1306235e2f40e90f7f2,SRCPD_813c9886eff9b49f1529,CMPPD_e59b635b59ced7d4bb64,硝基胍,ChemicalComponent,NQ10—15,NQ,10—15,10—15,,10.0,15.0,,%,range,parsed,False,,4,accepted,非密-危险特性汇总表.docx,108
MATPD_b1306235e2f40e90f7f2,SRCPD_813c9886eff9b49f1529,CMPPD_4b2c3f8af6a78bfa824d,黑索今,ChemicalComponent,黑索今20—25,黑索今,20—25,20—25,,20.0,25.0,,%,range,parsed,False,,5,accepted,非密-危险特性汇总表.docx,108
MATPD_b1306235e2f40e90f7f2,SRCPD_813c9886eff9b49f1529,CMPPD_f928b1285661981bb344,DOP,ChemicalComponent,DOP3.0—3.5,DOP,3.0—3.5,3.0—3.5,,3.0,3.5,,%,range,parsed,False,,6,accepted,非密-危险特性汇总表.docx,108
MATPD_e23d983c958d8df1b2f2,SRCPD_58d2be6d533cbd5b1a14,CMPPD_826409bf5dd8e7c67097,硝化棉,ChemicalComponent,硝化棉40—45,硝化棉,40—45,40—45,,40.0,45.0,,%,range,parsed,False,,1,accepted,非密-危险特性汇总表.docx,109
MATPD_e23d983c958d8df1b2f2,SRCPD_58d2be6d533cbd5b1a14,CMPPD_f12823a5cff08038a658,硝化甘油,ChemicalComponent,硝化甘油15—25,硝化甘油,15—25,15—25,,15.0,25.0,,%,range,parsed,False,,2,accepted,非密-危险特性汇总表.docx,109
MATPD_e23d983c958d8df1b2f2,SRCPD_58d2be6d533cbd5b1a14,CMPPD_4f2cbd30c2db267cbb98,中定剂,ComponentGroup,中定剂1—2.0,中定剂,1—2.0,1—2.0,,1.0,2.0,,%,range,parsed,False,,3,accepted,非密-危险特性汇总表.docx,109
MATPD_e23d983c958d8df1b2f2,SRCPD_58d2be6d533cbd5b1a14,CMPPD_688a8bbbbb2fb6932235,二硝基甲苯,ChemicalComponent,二硝基甲苯3—5,二硝基甲苯,3—5,3—5,,3.0,5.0,,%,range,parsed,False,,4,accepted,非密-危险特性汇总表.docx,109
MATPD_e23d983c958d8df1b2f2,SRCPD_58d2be6d533cbd5b1a14,CMPPD_4b2c3f8af6a78bfa824d,黑索今,ChemicalComponent,黑索今20—30,黑索今,20—30,20—30,,20.0,30.0,,%,range,parsed,False,,5,accepted,非密-危险特性汇总表.docx,109
MATPD_e23d983c958d8df1b2f2,SRCPD_58d2be6d533cbd5b1a14,CMPPD_f79eeb43e7dde87fd11f,邻苯二甲酸二丁酯,ChemicalComponent,DBP5—7,DBP,5—7,5—7,,5.0,7.0,,%,range,parsed,False,,6,accepted,非密-危险特性汇总表.docx,109
MATPD_63e16a6b884e1dfb932b,SRCPD_f0cb6e989be86f296fe8,CMPPD_826409bf5dd8e7c67097,硝化棉,ChemicalComponent,硝化棉40—50,硝化棉,40—50,40—50,,40.0,50.0,,%,range,parsed,False,,1,accepted,非密-危险特性汇总表.docx,110
MATPD_63e16a6b884e1dfb932b,SRCPD_f0cb6e989be86f296fe8,CMPPD_f12823a5cff08038a658,硝化甘油,ChemicalComponent,硝化甘油18—20,硝化甘油,18—20,18—20,,18.0,20.0,,%,range,parsed,False,,2,accepted,非密-危险特性汇总表.docx,110
MATPD_63e16a6b884e1dfb932b,SRCPD_f0cb6e989be86f296fe8,CMPPD_4f2cbd30c2db267cbb98,中定剂,ComponentGroup,中定剂1—2.0,中定剂,1—2.0,1—2.0,,1.0,2.0,,%,range,parsed,False,,3,accepted,非密-危险特性汇总表.docx,110
MATPD_63e16a6b884e1dfb932b,SRCPD_f0cb6e989be86f296fe8,CMPPD_688a8bbbbb2fb6932235,二硝基甲苯,ChemicalComponent,二硝基甲苯3—4.0,二硝基甲苯,3—4.0,3—4.0,,3.0,4.0,,%,range,parsed,False,,4,accepted,非密-危险特性汇总表.docx,110
MATPD_63e16a6b884e1dfb932b,SRCPD_f0cb6e989be86f296fe8,CMPPD_4b2c3f8af6a78bfa824d,黑索今,ChemicalComponent,黑索今20—25,黑索今,20—25,20—25,,20.0,25.0,,%,range,parsed,False,,5,accepted,非密-危险特性汇总表.docx,110
MATPD_63e16a6b884e1dfb932b,SRCPD_f0cb6e989be86f296fe8,CMPPD_f79eeb43e7dde87fd11f,邻苯二甲酸二丁酯,ChemicalComponent,DBP6.0—8.0,DBP,6.0—8.0,6.0—8.0,,6.0,8.0,,%,range,parsed,False,,6,accepted,非密-危险特性汇总表.docx,110
MATPD_bdd6b2734d919445a180,SRCPD_d02b5ffe288a789fcec1,CMPPD_826409bf5dd8e7c67097,硝化棉,ChemicalComponent,硝化棉：余量,硝化棉,余量,余量,,,,,%,remainder,parsed,False,,1,accepted,非密-危险特性汇总表.docx,112
MATPD_bdd6b2734d919445a180,SRCPD_d02b5ffe288a789fcec1,CMPPD_f12823a5cff08038a658,硝化甘油,ChemicalComponent,硝化甘油8—11,硝化甘油,8—11,8—11,,8.0,11.0,,%,range,parsed,False,,2,accepted,非密-危险特性汇总表.docx,112
MATPD_bdd6b2734d919445a180,SRCPD_d02b5ffe288a789fcec1,CMPPD_4f2cbd30c2db267cbb98,中定剂,ComponentGroup,中定剂2—8,中定剂,2—8,2—8,,2.0,8.0,,%,range,parsed,False,,3,accepted,非密-危险特性汇总表.docx,112
MATPD_bdd6b2734d919445a180,SRCPD_d02b5ffe288a789fcec1,CMPPD_7703dc61a82e69f806ed,其他,ComponentGroup,其他≤4.4,其他,≤4.4,≤4.4,,,4.4,,%,max,parsed,False,,4,accepted,非密-危险特性汇总表.docx,112
MATPD_4b24484415efffdcc2af,SRCPD_67f0043afd057e040762,CMPPD_826409bf5dd8e7c67097,硝化棉,ChemicalComponent,硝化棉：余量,硝化棉,余量,余量,,,,,%,remainder,parsed,False,,1,accepted,非密-危险特性汇总表.docx,113
MATPD_4b24484415efffdcc2af,SRCPD_67f0043afd057e040762,CMPPD_f12823a5cff08038a658,硝化甘油,ChemicalComponent,硝化甘油9—15,硝化甘油,9—15,9—15,,9.0,15.0,,%,range,parsed,False,,2,accepted,非密-危险特性汇总表.docx,113
MATPD_4b24484415efffdcc2af,SRCPD_67f0043afd057e040762,CMPPD_f05f8fbdf62b5c2ff154,二苯胺,ChemicalComponent,二苯胺0.2—1.0,二苯胺,0.2—1.0,0.2—1.0,,0.2,1.0,,%,range,parsed,False,,3,accepted,非密-危险特性汇总表.docx,113
MATPD_4b24484415efffdcc2af,SRCPD_67f0043afd057e040762,CMPPD_7703dc61a82e69f806ed,其他,ComponentGroup,其他9.0,其他,9.0,9.0,9.0,,,,%,exact,parsed,False,,4,accepted,非密-危险特性汇总表.docx,113
MATPD_9e08224e3b599c9f9362,SRCPD_8605447aae1a13d279c7,CMPPD_826409bf5dd8e7c67097,硝化棉,ChemicalComponent,硝化棉：余量,硝化棉,余量,余量,,,,,%,remainder,parsed,False,,1,accepted,非密-危险特性汇总表.docx,114
MATPD_9e08224e3b599c9f9362,SRCPD_8605447aae1a13d279c7,CMPPD_f12823a5cff08038a658,硝化甘油,ChemicalComponent,硝化甘油14.3,硝化甘油,14.3,14.3,14.3,,,,%,exact,parsed,False,,2,accepted,非密-危险特性汇总表.docx,114
MATPD_9e08224e3b599c9f9362,SRCPD_8605447aae1a13d279c7,CMPPD_4f2cbd30c2db267cbb98,中定剂,ComponentGroup,中定剂0.5—2.0,中定剂,0.5—2.0,0.5—2.0,,0.5,2.0,,%,range,parsed,False,,3,accepted,非密-危险特性汇总表.docx,114
MATPD_9e08224e3b599c9f9362,SRCPD_8605447aae1a13d279c7,CMPPD_7703dc61a82e69f806ed,其他,ComponentGroup,其他≤4.3,其他,≤4.3,≤4.3,,,4.3,,%,max,parsed,False,,4,accepted,非密-危险特性汇总表.docx,114
MATPD_3463bad751ced58c69c3,SRCPD_b0e0c755d34f3733baeb,CMPPD_826409bf5dd8e7c67097,硝化棉,ChemicalComponent,硝化棉：余量,硝化棉,余量,余量,,,,,%,remainder,parsed,False,,1,accepted,非密-危险特性汇总表.docx,115
MATPD_3463bad751ced58c69c3,SRCPD_b0e0c755d34f3733baeb,CMPPD_f12823a5cff08038a658,硝化甘油,ChemicalComponent,硝化甘油14.5,硝化甘油,14.5,14.5,14.5,,,,%,exact,parsed,False,,2,accepted,非密-危险特性汇总表.docx,115
MATPD_3463bad751ced58c69c3,SRCPD_b0e0c755d34f3733baeb,CMPPD_4f2cbd30c2db267cbb98,中定剂,ComponentGroup,中定剂3.5,中定剂,3.5,3.5,3.5,,,,%,exact,parsed,False,,3,accepted,非密-危险特性汇总表.docx,115
MATPD_3463bad751ced58c69c3,SRCPD_b0e0c755d34f3733baeb,CMPPD_7703dc61a82e69f806ed,其他,ComponentGroup,其他≤5.3,其他,≤5.3,≤5.3,,,5.3,,%,max,parsed,False,,4,accepted,非密-危险特性汇总表.docx,115
MATPD_1116b3c1dee1cb74790f,SRCPD_8baecc9ba9e7b03e16e3,CMPPD_826409bf5dd8e7c67097,硝化棉,ChemicalComponent,硝化棉79.5,硝化棉,79.5,79.5,79.5,,,,%,exact,parsed,False,,1,accepted,非密-危险特性汇总表.docx,116
MATPD_1116b3c1dee1cb74790f,SRCPD_8baecc9ba9e7b03e16e3,CMPPD_f12823a5cff08038a658,硝化甘油,ChemicalComponent,硝化甘油13.3,硝化甘油,13.3,13.3,13.3,,,,%,exact,parsed,False,,2,accepted,非密-危险特性汇总表.docx,116
MATPD_1116b3c1dee1cb74790f,SRCPD_8baecc9ba9e7b03e16e3,CMPPD_4f2cbd30c2db267cbb98,中定剂,ComponentGroup,中定剂≥1.1,中定剂,≥1.1,≥1.1,,1.1,,,%,min,parsed,False,,3,accepted,非密-危险特性汇总表.docx,116
MATPD_1116b3c1dee1cb74790f,SRCPD_8baecc9ba9e7b03e16e3,CMPPD_7703dc61a82e69f806ed,其他,ComponentGroup,其他≤4.3,其他,≤4.3,≤4.3,,,4.3,,%,max,parsed,False,,4,accepted,非密-危险特性汇总表.docx,116
MATPD_774eb8327fc052a34862,SRCPD_f8e4eb4e8b4cf3ff03a3,CMPPD_826409bf5dd8e7c67097,硝化棉,ChemicalComponent,硝化棉：余量,硝化棉,余量,余量,,,,,%,remainder,parsed,False,,1,accepted,非密-危险特性汇总表.docx,117
MATPD_774eb8327fc052a34862,SRCPD_f8e4eb4e8b4cf3ff03a3,CMPPD_f12823a5cff08038a658,硝化甘油,ChemicalComponent,硝化甘油12,硝化甘油,12,12,12.0,,,,%,exact,parsed,False,,2,accepted,非密-危险特性汇总表.docx,117
MATPD_774eb8327fc052a34862,SRCPD_f8e4eb4e8b4cf3ff03a3,CMPPD_4f2cbd30c2db267cbb98,中定剂,ComponentGroup,中定剂3,中定剂,3,3,3.0,,,,%,exact,parsed,False,,3,accepted,非密-危险特性汇总表.docx,117
MATPD_774eb8327fc052a34862,SRCPD_f8e4eb4e8b4cf3ff03a3,CMPPD_7703dc61a82e69f806ed,其他,ComponentGroup,其他≤4.8,其他,≤4.8,≤4.8,,,4.8,,%,max,parsed,False,,4,accepted,非密-危险特性汇总表.docx,117
MATPD_286010867df6cd1488cc,SRCPD_7b945fad219374853ce0,CMPPD_826409bf5dd8e7c67097,硝化棉,ChemicalComponent,硝化棉：余量,硝化棉,余量,余量,,,,,%,remainder,parsed,False,,1,accepted,非密-危险特性汇总表.docx,118
MATPD_286010867df6cd1488cc,SRCPD_7b945fad219374853ce0,CMPPD_f12823a5cff08038a658,硝化甘油,ChemicalComponent,硝化甘油11,硝化甘油,11,11,11.0,,,,%,exact,parsed,False,,2,accepted,非密-危险特性汇总表.docx,118
MATPD_286010867df6cd1488cc,SRCPD_7b945fad219374853ce0,CMPPD_4f2cbd30c2db267cbb98,中定剂,ComponentGroup,中定剂：≥1.5,中定剂,≥1.5,≥1.5,,1.5,,,%,min,parsed,False,,3,accepted,非密-危险特性汇总表.docx,118
MATPD_286010867df6cd1488cc,SRCPD_7b945fad219374853ce0,CMPPD_7703dc61a82e69f806ed,其他,ComponentGroup,其他≤6.5,其他,≤6.5,≤6.5,,,6.5,,%,max,parsed,False,,4,accepted,非密-危险特性汇总表.docx,118
MATPD_e6fbfac46b7f123e6460,SRCPD_45377927123f1586d741,CMPPD_826409bf5dd8e7c67097,硝化棉,ChemicalComponent,硝化棉：余量,硝化棉,余量,余量,,,,,%,remainder,parsed,False,,1,accepted,非密-危险特性汇总表.docx,119
MATPD_e6fbfac46b7f123e6460,SRCPD_45377927123f1586d741,CMPPD_f12823a5cff08038a658,硝化甘油,ChemicalComponent,硝化甘油6.5—10.5,硝化甘油,6.5—10.5,6.5—10.5,,6.5,10.5,,%,range,parsed,False,,2,accepted,非密-危险特性汇总表.docx,119
MATPD_e6fbfac46b7f123e6460,SRCPD_45377927123f1586d741,CMPPD_4f2cbd30c2db267cbb98,中定剂,ComponentGroup,中定剂1.3—2.3,中定剂,1.3—2.3,1.3—2.3,,1.3,2.3,,%,range,parsed,False,,3,accepted,非密-危险特性汇总表.docx,119
MATPD_e6fbfac46b7f123e6460,SRCPD_45377927123f1586d741,CMPPD_7703dc61a82e69f806ed,其他,ComponentGroup,其他≤4.3,其他,≤4.3,≤4.3,,,4.3,,%,max,parsed,False,,4,accepted,非密-危险特性汇总表.docx,119
MATPD_824947e064e90dc65315,SRCPD_d263851ce1eab0202edb,CMPPD_826409bf5dd8e7c67097,硝化棉,ChemicalComponent,硝化棉：余量,硝化棉,余量,余量,,,,,%,remainder,parsed,False,,1,accepted,非密-危险特性汇总表.docx,120
MATPD_824947e064e90dc65315,SRCPD_d263851ce1eab0202edb,CMPPD_f12823a5cff08038a658,硝化甘油,ChemicalComponent,硝化甘油6.5—10.5,硝化甘油,6.5—10.5,6.5—10.5,,6.5,10.5,,%,range,parsed,False,,2,accepted,非密-危险特性汇总表.docx,120
MATPD_824947e064e90dc65315,SRCPD_d263851ce1eab0202edb,CMPPD_4f2cbd30c2db267cbb98,中定剂,ComponentGroup,中定剂1.3—2.3,中定剂,1.3—2.3,1.3—2.3,,1.3,2.3,,%,range,parsed,False,,3,accepted,非密-危险特性汇总表.docx,120
MATPD_824947e064e90dc65315,SRCPD_d263851ce1eab0202edb,CMPPD_7703dc61a82e69f806ed,其他,ComponentGroup,其他≤4.3,其他,≤4.3,≤4.3,,,4.3,,%,max,parsed,False,,4,accepted,非密-危险特性汇总表.docx,120
MATPD_54c93e3f90408e48b050,SRCPD_c8fe89781e9d18fc72b3,CMPPD_826409bf5dd8e7c67097,硝化棉,ChemicalComponent,硝化棉：余量,硝化棉,余量,余量,,,,,%,remainder,parsed,False,,1,accepted,非密-危险特性汇总表.docx,121
MATPD_54c93e3f90408e48b050,SRCPD_c8fe89781e9d18fc72b3,CMPPD_f12823a5cff08038a658,硝化甘油,ChemicalComponent,硝化甘油24—32,硝化甘油,24—32,24—32,,24.0,32.0,,%,range,parsed,False,,2,accepted,非密-危险特性汇总表.docx,121
MATPD_54c93e3f90408e48b050,SRCPD_c8fe89781e9d18fc72b3,CMPPD_4f2cbd30c2db267cbb98,中定剂,ComponentGroup,中定剂≥1.0,中定剂,≥1.0,≥1.0,,1.0,,,%,min,parsed,False,,3,accepted,非密-危险特性汇总表.docx,121
MATPD_54c93e3f90408e48b050,SRCPD_c8fe89781e9d18fc72b3,CMPPD_7703dc61a82e69f806ed,其他,ComponentGroup,其他≤2.2,其他,≤2.2,≤2.2,,,2.2,,%,max,parsed,False,,4,accepted,非密-危险特性汇总表.docx,121
MATPD_24fd5cc46b868ceb8f09,SRCPD_209ee97fd1181caa8112,CMPPD_826409bf5dd8e7c67097,硝化棉,ChemicalComponent,硝化棉63.5,硝化棉,63.5,63.5,63.5,,,,%,exact,parsed,False,,1,accepted,非密-危险特性汇总表.docx,122
MATPD_24fd5cc46b868ceb8f09,SRCPD_209ee97fd1181caa8112,CMPPD_f12823a5cff08038a658,硝化甘油,ChemicalComponent,硝化甘油34,硝化甘油,34,34,34.0,,,,%,exact,parsed,False,,2,accepted,非密-危险特性汇总表.docx,122
MATPD_24fd5cc46b868ceb8f09,SRCPD_209ee97fd1181caa8112,CMPPD_4f2cbd30c2db267cbb98,中定剂,ComponentGroup,中定剂≥1.3,中定剂,≥1.3,≥1.3,,1.3,,,%,min,parsed,False,,3,accepted,非密-危险特性汇总表.docx,122
MATPD_24fd5cc46b868ceb8f09,SRCPD_209ee97fd1181caa8112,CMPPD_7703dc61a82e69f806ed,其他,ComponentGroup,其他≤2.0,其他,≤2.0,≤2.0,,,2.0,,%,max,parsed,False,,4,accepted,非密-危险特性汇总表.docx,122
MATPD_ba604fdf2ecc706bd8d3,SRCPD_4034328979e7e49f5ced,CMPPD_826409bf5dd8e7c67097,硝化棉,ChemicalComponent,硝化棉：余量,硝化棉,余量,余量,,,,,%,remainder,parsed,False,,1,accepted,非密-危险特性汇总表.docx,124
MATPD_ba604fdf2ecc706bd8d3,SRCPD_4034328979e7e49f5ced,CMPPD_f12823a5cff08038a658,硝化甘油,ChemicalComponent,硝化甘油24—32,硝化甘油,24—32,24—32,,24.0,32.0,,%,range,parsed,False,,2,accepted,非密-危险特性汇总表.docx,124
MATPD_ba604fdf2ecc706bd8d3,SRCPD_4034328979e7e49f5ced,CMPPD_4f2cbd30c2db267cbb98,中定剂,ComponentGroup,中定剂≥1.0,中定剂,≥1.0,≥1.0,,1.0,,,%,min,parsed,False,,3,accepted,非密-危险特性汇总表.docx,124
MATPD_ba604fdf2ecc706bd8d3,SRCPD_4034328979e7e49f5ced,CMPPD_7703dc61a82e69f806ed,其他,ComponentGroup,其他≤1.5,其他,≤1.5,≤1.5,,,1.5,,%,max,parsed,False,,4,accepted,非密-危险特性汇总表.docx,124
MATPD_9f13a8b28fdc4f8ad56c,SRCPD_bc5efa1923ed379747f2,CMPPD_826409bf5dd8e7c67097,硝化棉,ChemicalComponent,硝化棉81,硝化棉,81,81,81.0,,,,%,exact,parsed,False,,1,accepted,非密-危险特性汇总表.docx,125
MATPD_9f13a8b28fdc4f8ad56c,SRCPD_bc5efa1923ed379747f2,CMPPD_f12823a5cff08038a658,硝化甘油,ChemicalComponent,硝化甘油15,硝化甘油,15,15,15.0,,,,%,exact,parsed,False,,2,accepted,非密-危险特性汇总表.docx,125
MATPD_9f13a8b28fdc4f8ad56c,SRCPD_bc5efa1923ed379747f2,CMPPD_4f2cbd30c2db267cbb98,中定剂,ComponentGroup,中定剂2,中定剂,2,2,2.0,,,,%,exact,parsed,False,,3,accepted,非密-危险特性汇总表.docx,125
MATPD_9f13a8b28fdc4f8ad56c,SRCPD_bc5efa1923ed379747f2,CMPPD_7703dc61a82e69f806ed,其他,ComponentGroup,其他≤1.7,其他,≤1.7,≤1.7,,,1.7,,%,max,parsed,False,,4,accepted,非密-危险特性汇总表.docx,125
MATPD_f9020217392bc1943dd2,SRCPD_09ad640c1029bcc15b44,CMPPD_826409bf5dd8e7c67097,硝化棉,ChemicalComponent,硝化棉（N12%）59.5±1.0,硝化棉（N12%）,59.5±1.0,59.5±1.0,59.5,,,1.0,%,nominal_tolerance,parsed,False,,1,accepted,非密-危险特性汇总表.docx,4
MATPD_f9020217392bc1943dd2,SRCPD_09ad640c1029bcc15b44,CMPPD_f12823a5cff08038a658,硝化甘油,ChemicalComponent,硝化甘油25±0.7,硝化甘油,25±0.7,25±0.7,25.0,,,0.7,%,nominal_tolerance,parsed,False,,2,accepted,非密-危险特性汇总表.docx,4
MATPD_f9020217392bc1943dd2,SRCPD_09ad640c1029bcc15b44,CMPPD_688a8bbbbb2fb6932235,二硝基甲苯,ChemicalComponent,二硝基甲苯8.8±1.0,二硝基甲苯,8.8±1.0,8.8±1.0,8.8,,,1.0,%,nominal_tolerance,parsed,False,,3,accepted,非密-危险特性汇总表.docx,4
MATPD_f9020217392bc1943dd2,SRCPD_09ad640c1029bcc15b44,CMPPD_782c8e839c1a7628e270,Ⅱ号中定剂,ComponentGroup,Ⅱ号中定剂3±0.4,Ⅱ号中定剂,3±0.4,3±0.4,3.0,,,0.4,%,nominal_tolerance,parsed,False,,4,accepted,非密-危险特性汇总表.docx,4
MATPD_f9020217392bc1943dd2,SRCPD_09ad640c1029bcc15b44,CMPPD_f96ccbc6f3e547ce7ec5,凡士林,ChemicalComponent,凡士林1.2±0.4,凡士林,1.2±0.4,1.2±0.4,1.2,,,0.4,%,nominal_tolerance,parsed,False,,5,accepted,非密-危险特性汇总表.docx,4
MATPD_f9020217392bc1943dd2,SRCPD_09ad640c1029bcc15b44,CMPPD_ebd3d0255c0febfbc60e,氧化铅,ChemicalComponent,氧化铅1.2±0.3,氧化铅,1.2±0.3,1.2±0.3,1.2,,,0.3,%,nominal_tolerance,parsed,False,,6,accepted,非密-危险特性汇总表.docx,4
MATPD_f9020217392bc1943dd2,SRCPD_09ad640c1029bcc15b44,CMPPD_227cc47e8faba2763671,碳酸钙,ChemicalComponent,碳酸钙1.3±0.3,碳酸钙,1.3±0.3,1.3±0.3,1.3,,,0.3,%,nominal_tolerance,parsed,False,,7,accepted,非密-危险特性汇总表.docx,4
MATPD_c078a4fbe01e9c35ba9b,SRCPD_d9645cbafb8ce35282fb,CMPPD_826409bf5dd8e7c67097,硝化棉,ChemicalComponent,硝化棉（N12%）56.0±1.0,硝化棉（N12%）,56.0±1.0,56.0±1.0,56.0,,,1.0,%,nominal_tolerance,parsed,False,,1,accepted,非密-危险特性汇总表.docx,5
MATPD_c078a4fbe01e9c35ba9b,SRCPD_d9645cbafb8ce35282fb,CMPPD_f12823a5cff08038a658,硝化甘油,ChemicalComponent,硝化甘油26.7±0.7,硝化甘油,26.7±0.7,26.7±0.7,26.7,,,0.7,%,nominal_tolerance,parsed,False,,2,accepted,非密-危险特性汇总表.docx,5
MATPD_c078a4fbe01e9c35ba9b,SRCPD_d9645cbafb8ce35282fb,CMPPD_688a8bbbbb2fb6932235,二硝基甲苯,ChemicalComponent,二硝基甲苯11.3±1.0,二硝基甲苯,11.3±1.0,11.3±1.0,11.3,,,1.0,%,nominal_tolerance,parsed,False,,3,accepted,非密-危险特性汇总表.docx,5
MATPD_c078a4fbe01e9c35ba9b,SRCPD_d9645cbafb8ce35282fb,CMPPD_782c8e839c1a7628e270,Ⅱ号中定剂,ComponentGroup,Ⅱ号中定剂3.0±0.4,Ⅱ号中定剂,3.0±0.4,3.0±0.4,3.0,,,0.4,%,nominal_tolerance,parsed,False,,4,accepted,非密-危险特性汇总表.docx,5
MATPD_c078a4fbe01e9c35ba9b,SRCPD_d9645cbafb8ce35282fb,CMPPD_f96ccbc6f3e547ce7ec5,凡士林,ChemicalComponent,凡士林1.2±0.4,凡士林,1.2±0.4,1.2±0.4,1.2,,,0.4,%,nominal_tolerance,parsed,False,,5,accepted,非密-危险特性汇总表.docx,5
MATPD_c078a4fbe01e9c35ba9b,SRCPD_d9645cbafb8ce35282fb,CMPPD_ebd3d0255c0febfbc60e,氧化铅,ChemicalComponent,氧化铅0.9±0.3,氧化铅,0.9±0.3,0.9±0.3,0.9,,,0.3,%,nominal_tolerance,parsed,False,,6,accepted,非密-危险特性汇总表.docx,5
MATPD_c078a4fbe01e9c35ba9b,SRCPD_d9645cbafb8ce35282fb,CMPPD_227cc47e8faba2763671,碳酸钙,ChemicalComponent,碳酸钙0.9±0.3,碳酸钙,0.9±0.3,0.9±0.3,0.9,,,0.3,%,nominal_tolerance,parsed,False,,7,accepted,非密-危险特性汇总表.docx,5
MATPD_0c32d92626e5a3ad8490,SRCPD_b6419aac14e11c0f5c49,CMPPD_826409bf5dd8e7c67097,硝化棉,ChemicalComponent,硝化棉（N12%）56.0±1.0,硝化棉（N12%）,56.0±1.0,56.0±1.0,56.0,,,1.0,%,nominal_tolerance,parsed,False,,1,accepted,非密-危险特性汇总表.docx,6
MATPD_0c32d92626e5a3ad8490,SRCPD_b6419aac14e11c0f5c49,CMPPD_f12823a5cff08038a658,硝化甘油,ChemicalComponent,硝化甘油27±0.1,硝化甘油,27±0.1,27±0.1,27.0,,,0.1,%,nominal_tolerance,parsed,False,,2,accepted,非密-危险特性汇总表.docx,6
MATPD_0c32d92626e5a3ad8490,SRCPD_b6419aac14e11c0f5c49,CMPPD_688a8bbbbb2fb6932235,二硝基甲苯,ChemicalComponent,二硝基甲苯8.15±1.0,二硝基甲苯,8.15±1.0,8.15±1.0,8.15,,,1.0,%,nominal_tolerance,parsed,False,,3,accepted,非密-危险特性汇总表.docx,6
MATPD_0c32d92626e5a3ad8490,SRCPD_b6419aac14e11c0f5c49,CMPPD_782c8e839c1a7628e270,Ⅱ号中定剂,ComponentGroup,Ⅱ号中定剂2.5±0.5,Ⅱ号中定剂,2.5±0.5,2.5±0.5,2.5,,,0.5,%,nominal_tolerance,parsed,False,,4,accepted,非密-危险特性汇总表.docx,6
MATPD_0c32d92626e5a3ad8490,SRCPD_b6419aac14e11c0f5c49,CMPPD_b6b864c7bcaa0aca8cb8,碳酸铅,ChemicalComponent,碳酸铅3.5±0.5,碳酸铅,3.5±0.5,3.5±0.5,3.5,,,0.5,%,nominal_tolerance,parsed,False,,5,accepted,非密-危险特性汇总表.docx,6
MATPD_0c32d92626e5a3ad8490,SRCPD_b6419aac14e11c0f5c49,CMPPD_ba8b2067e90d487288ef,二氧化钛,ChemicalComponent,二氧化钛1.2±0.5,二氧化钛,1.2±0.5,1.2±0.5,1.2,,,0.5,%,nominal_tolerance,parsed,False,,6,accepted,非密-危险特性汇总表.docx,6
MATPD_0c32d92626e5a3ad8490,SRCPD_b6419aac14e11c0f5c49,CMPPD_a9a776cb96aae1fc1d8b,三氧化二钴,ChemicalComponent,三氧化二钴0.5±0.3,三氧化二钴,0.5±0.3,0.5±0.3,0.5,,,0.3,%,nominal_tolerance,parsed,False,,7,accepted,非密-危险特性汇总表.docx,6
MATPD_0c32d92626e5a3ad8490,SRCPD_b6419aac14e11c0f5c49,CMPPD_f96ccbc6f3e547ce7ec5,凡士林,ChemicalComponent,凡士林1.0±0.4,凡士林,1.0±0.4,1.0±0.4,1.0,,,0.4,%,nominal_tolerance,parsed,False,,8,accepted,非密-危险特性汇总表.docx,6
MATPD_0c32d92626e5a3ad8490,SRCPD_b6419aac14e11c0f5c49,CMPPD_7703dc61a82e69f806ed,其他,ComponentGroup,其他0.15,其他,0.15,0.15,0.15,,,,%,exact,parsed,False,,9,accepted,非密-危险特性汇总表.docx,6
MATPD_c48729d3651156ef299f,SRCPD_ede6e936cc7b92e4927a,CMPPD_826409bf5dd8e7c67097,硝化棉,ChemicalComponent,硝化棉（N12%）56.5,硝化棉（N12%）,56.5,56.5,56.5,,,,%,exact,parsed,False,,1,accepted,非密-危险特性汇总表.docx,7
MATPD_c48729d3651156ef299f,SRCPD_ede6e936cc7b92e4927a,CMPPD_f12823a5cff08038a658,硝化甘油,ChemicalComponent,硝化甘油26.8,硝化甘油,26.8,26.8,26.8,,,,%,exact,parsed,False,,2,accepted,非密-危险特性汇总表.docx,7
MATPD_c48729d3651156ef299f,SRCPD_ede6e936cc7b92e4927a,CMPPD_688a8bbbbb2fb6932235,二硝基甲苯,ChemicalComponent,二硝基甲苯9.2,二硝基甲苯,9.2,9.2,9.2,,,,%,exact,parsed,False,,3,accepted,非密-危险特性汇总表.docx,7
MATPD_c48729d3651156ef299f,SRCPD_ede6e936cc7b92e4927a,CMPPD_7703dc61a82e69f806ed,其他,ComponentGroup,其他≤0.15,其他,≤0.15,≤0.15,,,0.15,,%,max,parsed,False,,4,accepted,非密-危险特性汇总表.docx,7
MATPD_3065a840a5c093e27701,SRCPD_42552aac378c282fc895,CMPPD_826409bf5dd8e7c67097,硝化棉,ChemicalComponent,硝化棉（N12%）56.0±1.0,硝化棉（N12%）,56.0±1.0,56.0±1.0,56.0,,,1.0,%,nominal_tolerance,parsed,False,,1,accepted,非密-危险特性汇总表.docx,8
MATPD_3065a840a5c093e27701,SRCPD_42552aac378c282fc895,CMPPD_f12823a5cff08038a658,硝化甘油,ChemicalComponent,硝化甘油27.2±0.7,硝化甘油,27.2±0.7,27.2±0.7,27.2,,,0.7,%,nominal_tolerance,parsed,False,,2,accepted,非密-危险特性汇总表.docx,8
MATPD_3065a840a5c093e27701,SRCPD_42552aac378c282fc895,CMPPD_688a8bbbbb2fb6932235,二硝基甲苯,ChemicalComponent,二硝基甲苯8.3±1.0,二硝基甲苯,8.3±1.0,8.3±1.0,8.3,,,1.0,%,nominal_tolerance,parsed,False,,3,accepted,非密-危险特性汇总表.docx,8
MATPD_3065a840a5c093e27701,SRCPD_42552aac378c282fc895,CMPPD_782c8e839c1a7628e270,Ⅱ号中定剂,ComponentGroup,Ⅱ号中定剂2.5±0.5,Ⅱ号中定剂,2.5±0.5,2.5±0.5,2.5,,,0.5,%,nominal_tolerance,parsed,False,,4,accepted,非密-危险特性汇总表.docx,8
MATPD_3065a840a5c093e27701,SRCPD_42552aac378c282fc895,CMPPD_b6b864c7bcaa0aca8cb8,碳酸铅,ChemicalComponent,碳酸铅3.0±0.5,碳酸铅,3.0±0.5,3.0±0.5,3.0,,,0.5,%,nominal_tolerance,parsed,False,,5,accepted,非密-危险特性汇总表.docx,8
MATPD_3065a840a5c093e27701,SRCPD_42552aac378c282fc895,CMPPD_ba8b2067e90d487288ef,二氧化钛,ChemicalComponent,二氧化钛1.2±0.3,二氧化钛,1.2±0.3,1.2±0.3,1.2,,,0.3,%,nominal_tolerance,parsed,False,,6,accepted,非密-危险特性汇总表.docx,8
MATPD_3065a840a5c093e27701,SRCPD_42552aac378c282fc895,CMPPD_a9a776cb96aae1fc1d8b,三氧化二钴,ChemicalComponent,三氧化二钴0.4±0.3,三氧化二钴,0.4±0.3,0.4±0.3,0.4,,,0.3,%,nominal_tolerance,parsed,False,,7,accepted,非密-危险特性汇总表.docx,8
MATPD_3065a840a5c093e27701,SRCPD_42552aac378c282fc895,CMPPD_f96ccbc6f3e547ce7ec5,凡士林,ChemicalComponent,凡士林1.0±0.4,凡士林,1.0±0.4,1.0±0.4,1.0,,,0.4,%,nominal_tolerance,parsed,False,,8,accepted,非密-危险特性汇总表.docx,8
MATPD_3065a840a5c093e27701,SRCPD_42552aac378c282fc895,CMPPD_7703dc61a82e69f806ed,其他,ComponentGroup,其他0.4±0.2,其他,0.4±0.2,0.4±0.2,0.4,,,0.2,%,nominal_tolerance,parsed,False,,9,accepted,非密-危险特性汇总表.docx,8
MATPD_8fbec213443813dc3d9e,SRCPD_4433fab497c0a4992626,CMPPD_826409bf5dd8e7c67097,硝化棉,ChemicalComponent,硝化棉（N12%）57.0±1.0,硝化棉（N12%）,57.0±1.0,57.0±1.0,57.0,,,1.0,%,nominal_tolerance,parsed,False,,1,accepted,非密-危险特性汇总表.docx,9
MATPD_8fbec213443813dc3d9e,SRCPD_4433fab497c0a4992626,CMPPD_f12823a5cff08038a658,硝化甘油,ChemicalComponent,硝化甘油26.0±0.7,硝化甘油,26.0±0.7,26.0±0.7,26.0,,,0.7,%,nominal_tolerance,parsed,False,,2,accepted,非密-危险特性汇总表.docx,9
MATPD_8fbec213443813dc3d9e,SRCPD_4433fab497c0a4992626,CMPPD_688a8bbbbb2fb6932235,二硝基甲苯,ChemicalComponent,二硝基甲苯12.0±1.0,二硝基甲苯,12.0±1.0,12.0±1.0,12.0,,,1.0,%,nominal_tolerance,parsed,False,,3,accepted,非密-危险特性汇总表.docx,9
MATPD_8fbec213443813dc3d9e,SRCPD_4433fab497c0a4992626,CMPPD_f79eeb43e7dde87fd11f,邻苯二甲酸二丁酯,ChemicalComponent,苯二甲酸二丁酯2.0±0.5,苯二甲酸二丁酯,2.0±0.5,2.0±0.5,2.0,,,0.5,%,nominal_tolerance,pending_review,True,component_name_normalization_review,4,pending_review,非密-危险特性汇总表.docx,9
MATPD_8fbec213443813dc3d9e,SRCPD_4433fab497c0a4992626,CMPPD_f96ccbc6f3e547ce7ec5,凡士林,ChemicalComponent,凡士林1.0±0.4,凡士林,1.0±0.4,1.0±0.4,1.0,,,0.4,%,nominal_tolerance,parsed,False,,5,accepted,非密-危险特性汇总表.docx,9
MATPD_8fbec213443813dc3d9e,SRCPD_4433fab497c0a4992626,CMPPD_39fad45017a6e693ffcc,氧化镁,ChemicalComponent,氧化镁2.0±0.5,氧化镁,2.0±0.5,2.0±0.5,2.0,,,0.5,%,nominal_tolerance,parsed,False,,6,accepted,非密-危险特性汇总表.docx,9
MATPD_73dd86fcf485ce60a59b,SRCPD_bf4c2264eff77973bd1f,CMPPD_826409bf5dd8e7c67097,硝化棉,ChemicalComponent,硝化棉（N12%）57.0±1.0,硝化棉（N12%）,57.0±1.0,57.0±1.0,57.0,,,1.0,%,nominal_tolerance,parsed,False,,1,accepted,非密-危险特性汇总表.docx,10
MATPD_73dd86fcf485ce60a59b,SRCPD_bf4c2264eff77973bd1f,CMPPD_f12823a5cff08038a658,硝化甘油,ChemicalComponent,硝化甘油24.0±0.7,硝化甘油,24.0±0.7,24.0±0.7,24.0,,,0.7,%,nominal_tolerance,parsed,False,,2,accepted,非密-危险特性汇总表.docx,10
MATPD_73dd86fcf485ce60a59b,SRCPD_bf4c2264eff77973bd1f,CMPPD_688a8bbbbb2fb6932235,二硝基甲苯,ChemicalComponent,二硝基甲苯13.0±1.0,二硝基甲苯,13.0±1.0,13.0±1.0,13.0,,,1.0,%,nominal_tolerance,parsed,False,,3,accepted,非密-危险特性汇总表.docx,10
MATPD_73dd86fcf485ce60a59b,SRCPD_bf4c2264eff77973bd1f,CMPPD_f79eeb43e7dde87fd11f,邻苯二甲酸二丁酯,ChemicalComponent,苯二甲酸二丁酯2.8±0.5,苯二甲酸二丁酯,2.8±0.5,2.8±0.5,2.8,,,0.5,%,nominal_tolerance,pending_review,True,component_name_normalization_review,4,pending_review,非密-危险特性汇总表.docx,10
MATPD_73dd86fcf485ce60a59b,SRCPD_bf4c2264eff77973bd1f,CMPPD_f96ccbc6f3e547ce7ec5,凡士林,ChemicalComponent,凡士林1.2±0.4,凡士林,1.2±0.4,1.2±0.4,1.2,,,0.4,%,nominal_tolerance,parsed,False,,5,accepted,非密-危险特性汇总表.docx,10
MATPD_73dd86fcf485ce60a59b,SRCPD_bf4c2264eff77973bd1f,CMPPD_39fad45017a6e693ffcc,氧化镁,ChemicalComponent,氧化镁2.0±0.5,氧化镁,2.0±0.5,2.0±0.5,2.0,,,0.5,%,nominal_tolerance,parsed,False,,6,accepted,非密-危险特性汇总表.docx,10
MATPD_b905ee6a3696e679600a,SRCPD_f8b219f44f46a6922191,CMPPD_826409bf5dd8e7c67097,硝化棉,ChemicalComponent,硝化棉（N12%）56.7±1.0,硝化棉（N12%）,56.7±1.0,56.7±1.0,56.7,,,1.0,%,nominal_tolerance,parsed,False,,1,accepted,非密-危险特性汇总表.docx,11
MATPD_b905ee6a3696e679600a,SRCPD_f8b219f44f46a6922191,CMPPD_f12823a5cff08038a658,硝化甘油,ChemicalComponent,硝化甘油26.0±0.7,硝化甘油,26.0±0.7,26.0±0.7,26.0,,,0.7,%,nominal_tolerance,parsed,False,,2,accepted,非密-危险特性汇总表.docx,11
MATPD_b905ee6a3696e679600a,SRCPD_f8b219f44f46a6922191,CMPPD_688a8bbbbb2fb6932235,二硝基甲苯,ChemicalComponent,二硝基甲苯12.1±1.0,二硝基甲苯,12.1±1.0,12.1±1.0,12.1,,,1.0,%,nominal_tolerance,parsed,False,,3,accepted,非密-危险特性汇总表.docx,11
MATPD_b905ee6a3696e679600a,SRCPD_f8b219f44f46a6922191,CMPPD_f79eeb43e7dde87fd11f,邻苯二甲酸二丁酯,ChemicalComponent,苯二甲酸二丁酯1.9±0.5,苯二甲酸二丁酯,1.9±0.5,1.9±0.5,1.9,,,0.5,%,nominal_tolerance,pending_review,True,component_name_normalization_review,4,pending_review,非密-危险特性汇总表.docx,11
MATPD_b905ee6a3696e679600a,SRCPD_f8b219f44f46a6922191,CMPPD_f96ccbc6f3e547ce7ec5,凡士林,ChemicalComponent,凡士林1.0±0.4,凡士林,1.0±0.4,1.0±0.4,1.0,,,0.4,%,nominal_tolerance,parsed,False,,5,accepted,非密-危险特性汇总表.docx,11
MATPD_b905ee6a3696e679600a,SRCPD_f8b219f44f46a6922191,CMPPD_39fad45017a6e693ffcc,氧化镁,ChemicalComponent,氧化镁2.3±0.5,氧化镁,2.3±0.5,2.3±0.5,2.3,,,0.5,%,nominal_tolerance,parsed,False,,6,accepted,非密-危险特性汇总表.docx,11
MATPD_24933c1e2e75faa70acc,SRCPD_c639183b0fee6baa783e,CMPPD_826409bf5dd8e7c67097,硝化棉,ChemicalComponent,硝化棉48.O,硝化棉,48.O,48.0,48.0,,,,%,exact,pending_review,True,numeric_character_normalized,1,pending_review,非密-危险特性汇总表.docx,12
MATPD_24933c1e2e75faa70acc,SRCPD_c639183b0fee6baa783e,CMPPD_f12823a5cff08038a658,硝化甘油,ChemicalComponent,硝化甘油26.4,硝化甘油,26.4,26.4,26.4,,,,%,exact,parsed,False,,2,accepted,非密-危险特性汇总表.docx,12
MATPD_24933c1e2e75faa70acc,SRCPD_c639183b0fee6baa783e,CMPPD_7703dc61a82e69f806ed,其他,ComponentGroup,其他11.55,其他,11.55,11.55,11.55,,,,%,exact,parsed,False,,3,accepted,非密-危险特性汇总表.docx,12
MATPD_d5b24d63c09770a530e3,SRCPD_89319d96bbcbbf87b80f,CMPPD_826409bf5dd8e7c67097,硝化棉,ChemicalComponent,硝化棉56.O,硝化棉,56.O,56.0,56.0,,,,%,exact,pending_review,True,numeric_character_normalized,1,pending_review,非密-危险特性汇总表.docx,13
MATPD_d5b24d63c09770a530e3,SRCPD_89319d96bbcbbf87b80f,CMPPD_f12823a5cff08038a658,硝化甘油,ChemicalComponent,硝化甘油28.5,硝化甘油,28.5,28.5,28.5,,,,%,exact,parsed,False,,2,accepted,非密-危险特性汇总表.docx,13
MATPD_d5b24d63c09770a530e3,SRCPD_89319d96bbcbbf87b80f,CMPPD_7703dc61a82e69f806ed,其他,ComponentGroup,其他5.4,其他,5.4,5.4,5.4,,,,%,exact,parsed,False,,3,accepted,非密-危险特性汇总表.docx,13
MATPD_decf298c3980040e4c3b,SRCPD_1e70064f58f7a8956c5c,CMPPD_826409bf5dd8e7c67097,硝化棉,ChemicalComponent,硝化棉55.5,硝化棉,55.5,55.5,55.5,,,,%,exact,parsed,False,,1,accepted,非密-危险特性汇总表.docx,14
MATPD_decf298c3980040e4c3b,SRCPD_1e70064f58f7a8956c5c,CMPPD_f12823a5cff08038a658,硝化甘油,ChemicalComponent,硝化甘油29.0,硝化甘油,29.0,29.0,29.0,,,,%,exact,parsed,False,,2,accepted,非密-危险特性汇总表.docx,14
MATPD_decf298c3980040e4c3b,SRCPD_1e70064f58f7a8956c5c,CMPPD_7703dc61a82e69f806ed,其他,ComponentGroup,其他10.5,其他,10.5,10.5,10.5,,,,%,exact,parsed,False,,3,accepted,非密-危险特性汇总表.docx,14
MATPD_4f90e37f99e13e8137b8,SRCPD_faeead527d9b35497723,CMPPD_826409bf5dd8e7c67097,硝化棉,ChemicalComponent,硝化棉55.5,硝化棉,55.5,55.5,55.5,,,,%,exact,parsed,False,,1,accepted,非密-危险特性汇总表.docx,15
MATPD_4f90e37f99e13e8137b8,SRCPD_faeead527d9b35497723,CMPPD_f12823a5cff08038a658,硝化甘油,ChemicalComponent,硝化甘油29.3,硝化甘油,29.3,29.3,29.3,,,,%,exact,parsed,False,,2,accepted,非密-危险特性汇总表.docx,15
MATPD_4f90e37f99e13e8137b8,SRCPD_faeead527d9b35497723,CMPPD_7703dc61a82e69f806ed,其他,ComponentGroup,其他12.7,其他,12.7,12.7,12.7,,,,%,exact,parsed,False,,3,accepted,非密-危险特性汇总表.docx,15
MATPD_92c47718a6a668dfacb2,SRCPD_37e300df1856b922dd0d,CMPPD_826409bf5dd8e7c67097,硝化棉,ChemicalComponent,硝化棉54.6,硝化棉,54.6,54.6,54.6,,,,%,exact,parsed,False,,1,accepted,非密-危险特性汇总表.docx,16
MATPD_92c47718a6a668dfacb2,SRCPD_37e300df1856b922dd0d,CMPPD_f12823a5cff08038a658,硝化甘油,ChemicalComponent,硝化甘油27.1,硝化甘油,27.1,27.1,27.1,,,,%,exact,parsed,False,,2,accepted,非密-危险特性汇总表.docx,16
MATPD_92c47718a6a668dfacb2,SRCPD_37e300df1856b922dd0d,CMPPD_7703dc61a82e69f806ed,其他,ComponentGroup,其他16.7,其他,16.7,16.7,16.7,,,,%,exact,parsed,False,,3,accepted,非密-危险特性汇总表.docx,16
MATPD_107568f2d8d59a019b7e,SRCPD_da28aa6252fb746243ea,CMPPD_826409bf5dd8e7c67097,硝化棉,ChemicalComponent,硝化棉52,硝化棉,52,52,52.0,,,,%,exact,parsed,False,,1,accepted,非密-危险特性汇总表.docx,17
MATPD_107568f2d8d59a019b7e,SRCPD_da28aa6252fb746243ea,CMPPD_f12823a5cff08038a658,硝化甘油,ChemicalComponent,硝化甘油37,硝化甘油,37,37,37.0,,,,%,exact,parsed,False,,2,accepted,非密-危险特性汇总表.docx,17
MATPD_107568f2d8d59a019b7e,SRCPD_da28aa6252fb746243ea,CMPPD_7703dc61a82e69f806ed,其他,ComponentGroup,其他11.0,其他,11.0,11.0,11.0,,,,%,exact,parsed,False,,3,accepted,非密-危险特性汇总表.docx,17
MATPD_b9a721be104a9536da3c,SRCPD_4bebbac832a04dd6d6f0,CMPPD_826409bf5dd8e7c67097,硝化棉,ChemicalComponent,硝化棉28,硝化棉,28,28,28.0,,,,%,exact,parsed,False,,1,accepted,非密-危险特性汇总表.docx,18
MATPD_b9a721be104a9536da3c,SRCPD_4bebbac832a04dd6d6f0,CMPPD_f12823a5cff08038a658,硝化甘油,ChemicalComponent,硝化甘油57,硝化甘油,57,57,57.0,,,,%,exact,parsed,False,,2,accepted,非密-危险特性汇总表.docx,18
MATPD_b9a721be104a9536da3c,SRCPD_4bebbac832a04dd6d6f0,CMPPD_7703dc61a82e69f806ed,其他,ComponentGroup,其他12.3,其他,12.3,12.3,12.3,,,,%,exact,parsed,False,,3,accepted,非密-危险特性汇总表.docx,18
MATPD_fce6879b482fe176fffb,SRCPD_09c6b10bdc992fff99e7,CMPPD_826409bf5dd8e7c67097,硝化棉,ChemicalComponent,硝化棉52—54,硝化棉,52—54,52—54,,52.0,54.0,,%,range,parsed,False,,1,accepted,非密-危险特性汇总表.docx,19
MATPD_fce6879b482fe176fffb,SRCPD_09c6b10bdc992fff99e7,CMPPD_f12823a5cff08038a658,硝化甘油,ChemicalComponent,硝化甘油37—39,硝化甘油,37—39,37—39,,37.0,39.0,,%,range,parsed,False,,2,accepted,非密-危险特性汇总表.docx,19
MATPD_fce6879b482fe176fffb,SRCPD_09c6b10bdc992fff99e7,CMPPD_9f76515e9baced9cd294,工艺附加物,ComponentGroup,工艺附加物0.5—0.6,工艺附加物,0.5—0.6,0.5—0.6,,0.5,0.6,,%,range,parsed,False,,3,accepted,非密-危险特性汇总表.docx,19
MATPD_fce6879b482fe176fffb,SRCPD_09c6b10bdc992fff99e7,CMPPD_4f2cbd30c2db267cbb98,中定剂,ComponentGroup,中定剂2.0,中定剂,2.0,2.0,2.0,,,,%,exact,parsed,False,,4,accepted,非密-危险特性汇总表.docx,19
MATPD_fce6879b482fe176fffb,SRCPD_09c6b10bdc992fff99e7,CMPPD_7703dc61a82e69f806ed,其他,ComponentGroup,其他8—10,其他,8—10,8—10,,8.0,10.0,,%,range,parsed,False,,5,accepted,非密-危险特性汇总表.docx,19
MATPD_157f798fd61a463289fc,SRCPD_62814b194cb9bd3dd7c9,CMPPD_826409bf5dd8e7c67097,硝化棉,ChemicalComponent,硝化棉52—54,硝化棉,52—54,52—54,,52.0,54.0,,%,range,parsed,False,,1,accepted,非密-危险特性汇总表.docx,20
MATPD_157f798fd61a463289fc,SRCPD_62814b194cb9bd3dd7c9,CMPPD_f12823a5cff08038a658,硝化甘油,ChemicalComponent,硝化甘油31—33,硝化甘油,31—33,31—33,,31.0,33.0,,%,range,parsed,False,,2,accepted,非密-危险特性汇总表.docx,20
MATPD_157f798fd61a463289fc,SRCPD_62814b194cb9bd3dd7c9,CMPPD_9f76515e9baced9cd294,工艺附加物,ComponentGroup,工艺附加物0.8—1.0,工艺附加物,0.8—1.0,0.8—1.0,,0.8,1.0,,%,range,parsed,False,,3,accepted,非密-危险特性汇总表.docx,20
MATPD_157f798fd61a463289fc,SRCPD_62814b194cb9bd3dd7c9,CMPPD_4f2cbd30c2db267cbb98,中定剂,ComponentGroup,中定剂2.0,中定剂,2.0,2.0,2.0,,,,%,exact,parsed,False,,4,accepted,非密-危险特性汇总表.docx,20
MATPD_157f798fd61a463289fc,SRCPD_62814b194cb9bd3dd7c9,CMPPD_916580cfdde2a6c59411,降速剂,ComponentGroup,降速剂8.7—9,降速剂,8.7—9,8.7—9,,8.7,9.0,,%,range,parsed,False,,5,accepted,非密-危险特性汇总表.docx,20
MATPD_157f798fd61a463289fc,SRCPD_62814b194cb9bd3dd7c9,CMPPD_7703dc61a82e69f806ed,其他,ComponentGroup,其他5.6—7.0,其他,5.6—7.0,5.6—7.0,,5.6,7.0,,%,range,parsed,False,,6,accepted,非密-危险特性汇总表.docx,20
MATPD_a28f8d8f2d33dfbddcc7,SRCPD_05e55a8d9ef8d2c1efcb,CMPPD_826409bf5dd8e7c67097,硝化棉,ChemicalComponent,硝化棉46—66,硝化棉,46—66,46—66,,46.0,66.0,,%,range,parsed,False,,1,accepted,非密-危险特性汇总表.docx,21
MATPD_a28f8d8f2d33dfbddcc7,SRCPD_05e55a8d9ef8d2c1efcb,CMPPD_f12823a5cff08038a658,硝化甘油,ChemicalComponent,硝化甘油14—36,硝化甘油,14—36,14—36,,14.0,36.0,,%,range,parsed,False,,2,accepted,非密-危险特性汇总表.docx,21
MATPD_a28f8d8f2d33dfbddcc7,SRCPD_05e55a8d9ef8d2c1efcb,CMPPD_9f76515e9baced9cd294,工艺附加物,ComponentGroup,工艺附加物1.0,工艺附加物,1.0,1.0,1.0,,,,%,exact,parsed,False,,3,accepted,非密-危险特性汇总表.docx,21
MATPD_a28f8d8f2d33dfbddcc7,SRCPD_05e55a8d9ef8d2c1efcb,CMPPD_4f2cbd30c2db267cbb98,中定剂,ComponentGroup,中定剂0.5—3,中定剂,0.5—3,0.5—3,,0.5,3.0,,%,range,parsed,False,,4,accepted,非密-危险特性汇总表.docx,21
MATPD_a28f8d8f2d33dfbddcc7,SRCPD_05e55a8d9ef8d2c1efcb,CMPPD_688a8bbbbb2fb6932235,二硝基甲苯,ChemicalComponent,DNT6—21,DNT,6—21,6—21,,6.0,21.0,,%,range,parsed,False,,5,accepted,非密-危险特性汇总表.docx,21
MATPD_a28f8d8f2d33dfbddcc7,SRCPD_05e55a8d9ef8d2c1efcb,CMPPD_7703dc61a82e69f806ed,其他,ComponentGroup,其他5.5,其他,5.5,5.5,5.5,,,,%,exact,parsed,False,,6,accepted,非密-危险特性汇总表.docx,21
MATPD_219662e9cb96d2bb2f16,SRCPD_3b16064dc52aff3bac92,CMPPD_826409bf5dd8e7c67097,硝化棉,ChemicalComponent,硝化棉43—63,硝化棉,43—63,43—63,,43.0,63.0,,%,range,parsed,False,,1,accepted,非密-危险特性汇总表.docx,22
MATPD_219662e9cb96d2bb2f16,SRCPD_3b16064dc52aff3bac92,CMPPD_f12823a5cff08038a658,硝化甘油,ChemicalComponent,硝化甘油22—42,硝化甘油,22—42,22—42,,22.0,42.0,,%,range,parsed,False,,2,accepted,非密-危险特性汇总表.docx,22
MATPD_219662e9cb96d2bb2f16,SRCPD_3b16064dc52aff3bac92,CMPPD_9f76515e9baced9cd294,工艺附加物,ComponentGroup,工艺附加物1.0,工艺附加物,1.0,1.0,1.0,,,,%,exact,parsed,False,,3,accepted,非密-危险特性汇总表.docx,22
MATPD_219662e9cb96d2bb2f16,SRCPD_3b16064dc52aff3bac92,CMPPD_4f2cbd30c2db267cbb98,中定剂,ComponentGroup,中定剂1—3,中定剂,1—3,1—3,,1.0,3.0,,%,range,parsed,False,,4,accepted,非密-危险特性汇总表.docx,22
MATPD_219662e9cb96d2bb2f16,SRCPD_3b16064dc52aff3bac92,CMPPD_943bb6f3910191467bc2,鞣酸铅,ChemicalComponent,鞣酸铅2—5,鞣酸铅,2—5,2—5,,2.0,5.0,,%,range,parsed,False,,5,accepted,非密-危险特性汇总表.docx,22
MATPD_219662e9cb96d2bb2f16,SRCPD_3b16064dc52aff3bac92,CMPPD_9b055c4b34f13c787179,炭黑,ChemicalComponent,炭黑0.1—1.2,炭黑,0.1—1.2,0.1—1.2,,0.1,1.2,,%,range,parsed,False,,6,accepted,非密-危险特性汇总表.docx,22
MATPD_e901599fec3a9a379454,SRCPD_f6f90d890c3bf598ca58,CMPPD_826409bf5dd8e7c67097,硝化棉,ChemicalComponent,硝化棉43—67,硝化棉,43—67,43—67,,43.0,67.0,,%,range,parsed,False,,1,accepted,非密-危险特性汇总表.docx,23
MATPD_e901599fec3a9a379454,SRCPD_f6f90d890c3bf598ca58,CMPPD_f12823a5cff08038a658,硝化甘油,ChemicalComponent,硝化甘油14—31,硝化甘油,14—31,14—31,,14.0,31.0,,%,range,parsed,False,,2,accepted,非密-危险特性汇总表.docx,23
MATPD_e901599fec3a9a379454,SRCPD_f6f90d890c3bf598ca58,CMPPD_9f76515e9baced9cd294,工艺附加物,ComponentGroup,工艺附加物0.8,工艺附加物,0.8,0.8,0.8,,,,%,exact,parsed,False,,3,accepted,非密-危险特性汇总表.docx,23
MATPD_e901599fec3a9a379454,SRCPD_f6f90d890c3bf598ca58,CMPPD_4f2cbd30c2db267cbb98,中定剂,ComponentGroup,中定剂2.5,中定剂,2.5,2.5,2.5,,,,%,exact,parsed,False,,4,accepted,非密-危险特性汇总表.docx,23
MATPD_e901599fec3a9a379454,SRCPD_f6f90d890c3bf598ca58,CMPPD_cf39f1ba41d54538807b,DINA,ChemicalComponent,DINA13—27,DINA,13—27,13—27,,13.0,27.0,,%,range,parsed,False,,5,accepted,非密-危险特性汇总表.docx,23
MATPD_e901599fec3a9a379454,SRCPD_f6f90d890c3bf598ca58,CMPPD_7703dc61a82e69f806ed,其他,ComponentGroup,其他2.5,其他,2.5,2.5,2.5,,,,%,exact,parsed,False,,6,accepted,非密-危险特性汇总表.docx,23
MATPD_a0b8a4302ee3ede51e30,SRCPD_34cd59d752b8c9f8a739,CMPPD_826409bf5dd8e7c67097,硝化棉,ChemicalComponent,硝化棉43—65,硝化棉,43—65,43—65,,43.0,65.0,,%,range,parsed,False,,1,accepted,非密-危险特性汇总表.docx,24
MATPD_a0b8a4302ee3ede51e30,SRCPD_34cd59d752b8c9f8a739,CMPPD_f12823a5cff08038a658,硝化甘油,ChemicalComponent,硝化甘油19—33,硝化甘油,19—33,19—33,,19.0,33.0,,%,range,parsed,False,,2,accepted,非密-危险特性汇总表.docx,24
MATPD_a0b8a4302ee3ede51e30,SRCPD_34cd59d752b8c9f8a739,CMPPD_9f76515e9baced9cd294,工艺附加物,ComponentGroup,工艺附加物0.8,工艺附加物,0.8,0.8,0.8,,,,%,exact,parsed,False,,3,accepted,非密-危险特性汇总表.docx,24
MATPD_a0b8a4302ee3ede51e30,SRCPD_34cd59d752b8c9f8a739,CMPPD_4f2cbd30c2db267cbb98,中定剂,ComponentGroup,中定剂1.5,中定剂,1.5,1.5,1.5,,,,%,exact,parsed,False,,4,accepted,非密-危险特性汇总表.docx,24
MATPD_a0b8a4302ee3ede51e30,SRCPD_34cd59d752b8c9f8a739,CMPPD_7703dc61a82e69f806ed,其他,ComponentGroup,其他18.5,其他,18.5,18.5,18.5,,,,%,exact,parsed,False,,5,accepted,非密-危险特性汇总表.docx,24
MATPD_8059ab77dbfb6c419060,SRCPD_036831c46731179e18a8,CMPPD_826409bf5dd8e7c67097,硝化棉,ChemicalComponent,硝化棉51—53,硝化棉,51—53,51—53,,51.0,53.0,,%,range,parsed,False,,1,accepted,非密-危险特性汇总表.docx,25
MATPD_8059ab77dbfb6c419060,SRCPD_036831c46731179e18a8,CMPPD_f12823a5cff08038a658,硝化甘油,ChemicalComponent,硝化甘油29—31,硝化甘油,29—31,29—31,,29.0,31.0,,%,range,parsed,False,,2,accepted,非密-危险特性汇总表.docx,25
MATPD_8059ab77dbfb6c419060,SRCPD_036831c46731179e18a8,CMPPD_9f76515e9baced9cd294,工艺附加物,ComponentGroup,工艺附加物0.5—0.7,工艺附加物,0.5—0.7,0.5—0.7,,0.5,0.7,,%,range,parsed,False,,3,accepted,非密-危险特性汇总表.docx,25
MATPD_8059ab77dbfb6c419060,SRCPD_036831c46731179e18a8,CMPPD_4f2cbd30c2db267cbb98,中定剂,ComponentGroup,中定剂2.7—2.9,中定剂,2.7—2.9,2.7—2.9,,2.7,2.9,,%,range,parsed,False,,4,accepted,非密-危险特性汇总表.docx,25
MATPD_8059ab77dbfb6c419060,SRCPD_036831c46731179e18a8,CMPPD_7703dc61a82e69f806ed,其他,ComponentGroup,其他13—14,其他,13—14,13—14,,13.0,14.0,,%,range,parsed,False,,5,accepted,非密-危险特性汇总表.docx,25
MATPD_cce6a042e255f77ffeae,SRCPD_1067fa485b6019ad0fcf,CMPPD_826409bf5dd8e7c67097,硝化棉,ChemicalComponent,硝化棉56—58,硝化棉,56—58,56—58,,56.0,58.0,,%,range,parsed,False,,1,accepted,非密-危险特性汇总表.docx,26
MATPD_cce6a042e255f77ffeae,SRCPD_1067fa485b6019ad0fcf,CMPPD_f12823a5cff08038a658,硝化甘油,ChemicalComponent,硝化甘油27—29,硝化甘油,27—29,27—29,,27.0,29.0,,%,range,parsed,False,,2,accepted,非密-危险特性汇总表.docx,26
MATPD_cce6a042e255f77ffeae,SRCPD_1067fa485b6019ad0fcf,CMPPD_9f76515e9baced9cd294,工艺附加物,ComponentGroup,工艺附加物1—1.2,工艺附加物,1—1.2,1—1.2,,1.0,1.2,,%,range,parsed,False,,3,accepted,非密-危险特性汇总表.docx,26
MATPD_cce6a042e255f77ffeae,SRCPD_1067fa485b6019ad0fcf,CMPPD_4f2cbd30c2db267cbb98,中定剂,ComponentGroup,中定剂2.5—2.7,中定剂,2.5—2.7,2.5—2.7,,2.5,2.7,,%,range,parsed,False,,4,accepted,非密-危险特性汇总表.docx,26
MATPD_cce6a042e255f77ffeae,SRCPD_1067fa485b6019ad0fcf,CMPPD_7703dc61a82e69f806ed,其他,ComponentGroup,其他13—14,其他,13—14,13—14,,13.0,14.0,,%,range,parsed,False,,5,accepted,非密-危险特性汇总表.docx,26
MATPD_55f95f857365e1005108,SRCPD_26b89f8d3b66a9d0e015,CMPPD_826409bf5dd8e7c67097,硝化棉,ChemicalComponent,硝化棉56—59,硝化棉,56—59,56—59,,56.0,59.0,,%,range,parsed,False,,1,accepted,非密-危险特性汇总表.docx,27
MATPD_55f95f857365e1005108,SRCPD_26b89f8d3b66a9d0e015,CMPPD_f12823a5cff08038a658,硝化甘油,ChemicalComponent,硝化甘油30—32,硝化甘油,30—32,30—32,,30.0,32.0,,%,range,parsed,False,,2,accepted,非密-危险特性汇总表.docx,27
MATPD_55f95f857365e1005108,SRCPD_26b89f8d3b66a9d0e015,CMPPD_9f76515e9baced9cd294,工艺附加物,ComponentGroup,工艺附加物0.6—0.8,工艺附加物,0.6—0.8,0.6—0.8,,0.6,0.8,,%,range,parsed,False,,3,accepted,非密-危险特性汇总表.docx,27
MATPD_55f95f857365e1005108,SRCPD_26b89f8d3b66a9d0e015,CMPPD_4f2cbd30c2db267cbb98,中定剂,ComponentGroup,中定剂1—1.2,中定剂,1—1.2,1—1.2,,1.0,1.2,,%,range,parsed,False,,4,accepted,非密-危险特性汇总表.docx,27
MATPD_55f95f857365e1005108,SRCPD_26b89f8d3b66a9d0e015,CMPPD_7703dc61a82e69f806ed,其他,ComponentGroup,其他13—14,其他,13—14,13—14,,13.0,14.0,,%,range,parsed,False,,5,accepted,非密-危险特性汇总表.docx,27
MATPD_39ccab7fef752768c45d,SRCPD_af462dc7f03628a8fc35,CMPPD_826409bf5dd8e7c67097,硝化棉,ChemicalComponent,硝化棉56—59,硝化棉,56—59,56—59,,56.0,59.0,,%,range,parsed,False,,1,accepted,非密-危险特性汇总表.docx,28
MATPD_39ccab7fef752768c45d,SRCPD_af462dc7f03628a8fc35,CMPPD_f12823a5cff08038a658,硝化甘油,ChemicalComponent,硝化甘油27—31,硝化甘油,27—31,27—31,,27.0,31.0,,%,range,parsed,False,,2,accepted,非密-危险特性汇总表.docx,28
MATPD_39ccab7fef752768c45d,SRCPD_af462dc7f03628a8fc35,CMPPD_9f76515e9baced9cd294,工艺附加物,ComponentGroup,工艺附加物0.7—0.9,工艺附加物,0.7—0.9,0.7—0.9,,0.7,0.9,,%,range,parsed,False,,3,accepted,非密-危险特性汇总表.docx,28
MATPD_39ccab7fef752768c45d,SRCPD_af462dc7f03628a8fc35,CMPPD_4f2cbd30c2db267cbb98,中定剂,ComponentGroup,中定剂2—3,中定剂,2—3,2—3,,2.0,3.0,,%,range,parsed,False,,4,accepted,非密-危险特性汇总表.docx,28
MATPD_39ccab7fef752768c45d,SRCPD_af462dc7f03628a8fc35,CMPPD_7703dc61a82e69f806ed,其他,ComponentGroup,其他14—16,其他,14—16,14—16,,14.0,16.0,,%,range,parsed,False,,5,accepted,非密-危险特性汇总表.docx,28
MATPD_33bce9298f2a558f0587,SRCPD_4dee75e46c92168fd2f1,CMPPD_826409bf5dd8e7c67097,硝化棉,ChemicalComponent,硝化棉55,硝化棉,55,55,55.0,,,,%,exact,parsed,False,,1,accepted,非密-危险特性汇总表.docx,29
MATPD_33bce9298f2a558f0587,SRCPD_4dee75e46c92168fd2f1,CMPPD_f12823a5cff08038a658,硝化甘油,ChemicalComponent,硝化甘油34,硝化甘油,34,34,34.0,,,,%,exact,parsed,False,,2,accepted,非密-危险特性汇总表.docx,29
MATPD_33bce9298f2a558f0587,SRCPD_4dee75e46c92168fd2f1,CMPPD_9f76515e9baced9cd294,工艺附加物,ComponentGroup,工艺附加物1,工艺附加物,1,1,1.0,,,,%,exact,parsed,False,,3,accepted,非密-危险特性汇总表.docx,29
MATPD_33bce9298f2a558f0587,SRCPD_4dee75e46c92168fd2f1,CMPPD_4f2cbd30c2db267cbb98,中定剂,ComponentGroup,中定剂1,中定剂,1,1,1.0,,,,%,exact,parsed,False,,4,accepted,非密-危险特性汇总表.docx,29
MATPD_05485a1fd7f492ffa539,SRCPD_7720661d8610b2cb2421,CMPPD_826409bf5dd8e7c67097,硝化棉,ChemicalComponent,硝化棉51.0,硝化棉,51.0,51.0,51.0,,,,%,exact,parsed,False,,1,accepted,非密-危险特性汇总表.docx,31
MATPD_05485a1fd7f492ffa539,SRCPD_7720661d8610b2cb2421,CMPPD_f12823a5cff08038a658,硝化甘油,ChemicalComponent,硝化甘油27.0,硝化甘油,27.0,27.0,27.0,,,,%,exact,parsed,False,,2,accepted,非密-危险特性汇总表.docx,31
MATPD_05485a1fd7f492ffa539,SRCPD_7720661d8610b2cb2421,CMPPD_4f2cbd30c2db267cbb98,中定剂,ComponentGroup,中定剂1.0,中定剂,1.0,1.0,1.0,,,,%,exact,parsed,False,,3,accepted,非密-危险特性汇总表.docx,31
MATPD_05485a1fd7f492ffa539,SRCPD_7720661d8610b2cb2421,CMPPD_7703dc61a82e69f806ed,其他,ComponentGroup,其他15.7,其他,15.7,15.7,15.7,,,,%,exact,parsed,False,,4,accepted,非密-危险特性汇总表.docx,31
MATPD_cd9fd1a78f2829907b59,SRCPD_17f580ebe3a935181804,CMPPD_826409bf5dd8e7c67097,硝化棉,ChemicalComponent,硝化棉47.9,硝化棉,47.9,47.9,47.9,,,,%,exact,parsed,False,,1,accepted,非密-危险特性汇总表.docx,32
MATPD_cd9fd1a78f2829907b59,SRCPD_17f580ebe3a935181804,CMPPD_f12823a5cff08038a658,硝化甘油,ChemicalComponent,硝化甘油30,硝化甘油,30,30,30.0,,,,%,exact,parsed,False,,2,accepted,非密-危险特性汇总表.docx,32
MATPD_cd9fd1a78f2829907b59,SRCPD_17f580ebe3a935181804,CMPPD_4f2cbd30c2db267cbb98,中定剂,ComponentGroup,中定剂1.0,中定剂,1.0,1.0,1.0,,,,%,exact,parsed,False,,3,accepted,非密-危险特性汇总表.docx,32
MATPD_cd9fd1a78f2829907b59,SRCPD_17f580ebe3a935181804,CMPPD_7703dc61a82e69f806ed,其他,ComponentGroup,其他15,其他,15,15,15.0,,,,%,exact,parsed,False,,4,accepted,非密-危险特性汇总表.docx,32
MATPD_ec55cac6e31ed7c35c9c,SRCPD_2456b4867865713016c6,CMPPD_826409bf5dd8e7c67097,硝化棉,ChemicalComponent,硝化棉46,硝化棉,46,46,46.0,,,,%,exact,parsed,False,,1,accepted,非密-危险特性汇总表.docx,33
MATPD_ec55cac6e31ed7c35c9c,SRCPD_2456b4867865713016c6,CMPPD_f12823a5cff08038a658,硝化甘油,ChemicalComponent,硝化甘油36,硝化甘油,36,36,36.0,,,,%,exact,parsed,False,,2,accepted,非密-危险特性汇总表.docx,33
MATPD_ec55cac6e31ed7c35c9c,SRCPD_2456b4867865713016c6,CMPPD_4f2cbd30c2db267cbb98,中定剂,ComponentGroup,中定剂1.0,中定剂,1.0,1.0,1.0,,,,%,exact,parsed,False,,3,accepted,非密-危险特性汇总表.docx,33
MATPD_ec55cac6e31ed7c35c9c,SRCPD_2456b4867865713016c6,CMPPD_7703dc61a82e69f806ed,其他,ComponentGroup,其他11.1,其他,11.1,11.1,11.1,,,,%,exact,parsed,False,,4,accepted,非密-危险特性汇总表.docx,33
MATPD_b7464dfe1fe59b1c4fb8,SRCPD_e5d582434909122319dc,CMPPD_826409bf5dd8e7c67097,硝化棉,ChemicalComponent,硝化棉20,硝化棉,20,20,20.0,,,,%,exact,parsed,False,,1,accepted,非密-危险特性汇总表.docx,34
MATPD_b7464dfe1fe59b1c4fb8,SRCPD_e5d582434909122319dc,CMPPD_f12823a5cff08038a658,硝化甘油,ChemicalComponent,硝化甘油21,硝化甘油,21,21,21.0,,,,%,exact,parsed,False,,2,accepted,非密-危险特性汇总表.docx,34
MATPD_b7464dfe1fe59b1c4fb8,SRCPD_e5d582434909122319dc,CMPPD_4f2cbd30c2db267cbb98,中定剂,ComponentGroup,中定剂1.0,中定剂,1.0,1.0,1.0,,,,%,exact,parsed,False,,3,accepted,非密-危险特性汇总表.docx,34
MATPD_b7464dfe1fe59b1c4fb8,SRCPD_e5d582434909122319dc,CMPPD_3bf9155f3b4c375735f5,黑索今+铝粉,ComponentGroup,黑索今+铝粉54.8,黑索今+铝粉,54.8,54.8,54.8,,,,%,exact,parsed,False,,4,accepted,非密-危险特性汇总表.docx,34
MATPD_b7464dfe1fe59b1c4fb8,SRCPD_e5d582434909122319dc,CMPPD_7703dc61a82e69f806ed,其他,ComponentGroup,其他3.2,其他,3.2,3.2,3.2,,,,%,exact,parsed,False,,5,accepted,非密-危险特性汇总表.docx,34
MATPD_4994facc1af7cb2d1b72,SRCPD_4d29f8dca1dcd85e52e1,CMPPD_826409bf5dd8e7c67097,硝化棉,ChemicalComponent,硝化棉42,硝化棉,42,42,42.0,,,,%,exact,parsed,False,,1,accepted,非密-危险特性汇总表.docx,35
MATPD_4994facc1af7cb2d1b72,SRCPD_4d29f8dca1dcd85e52e1,CMPPD_f12823a5cff08038a658,硝化甘油,ChemicalComponent,硝化甘油31.5,硝化甘油,31.5,31.5,31.5,,,,%,exact,parsed,False,,2,accepted,非密-危险特性汇总表.docx,35
MATPD_4994facc1af7cb2d1b72,SRCPD_4d29f8dca1dcd85e52e1,CMPPD_4f2cbd30c2db267cbb98,中定剂,ComponentGroup,中定剂1.7,中定剂,1.7,1.7,1.7,,,,%,exact,parsed,False,,3,accepted,非密-危险特性汇总表.docx,35
MATPD_4994facc1af7cb2d1b72,SRCPD_4d29f8dca1dcd85e52e1,CMPPD_4b2c3f8af6a78bfa824d,黑索今,ChemicalComponent,黑索今18,黑索今,18,18,18.0,,,,%,exact,parsed,False,,4,accepted,非密-危险特性汇总表.docx,35
MATPD_4994facc1af7cb2d1b72,SRCPD_4d29f8dca1dcd85e52e1,CMPPD_7703dc61a82e69f806ed,其他,ComponentGroup,其他6,其他,6,6,6.0,,,,%,exact,parsed,False,,5,accepted,非密-危险特性汇总表.docx,35
MATPD_f8191316f5a80c9d2d84,SRCPD_008f86c6d47ae55a9a19,CMPPD_826409bf5dd8e7c67097,硝化棉,ChemicalComponent,硝化棉33,硝化棉,33,33,33.0,,,,%,exact,parsed,False,,1,accepted,非密-危险特性汇总表.docx,36
MATPD_f8191316f5a80c9d2d84,SRCPD_008f86c6d47ae55a9a19,CMPPD_f12823a5cff08038a658,硝化甘油,ChemicalComponent,硝化甘油31,硝化甘油,31,31,31.0,,,,%,exact,parsed,False,,2,accepted,非密-危险特性汇总表.docx,36
MATPD_f8191316f5a80c9d2d84,SRCPD_008f86c6d47ae55a9a19,CMPPD_4f2cbd30c2db267cbb98,中定剂,ComponentGroup,中定剂1.8,中定剂,1.8,1.8,1.8,,,,%,exact,parsed,False,,3,accepted,非密-危险特性汇总表.docx,36
MATPD_f8191316f5a80c9d2d84,SRCPD_008f86c6d47ae55a9a19,CMPPD_4b2c3f8af6a78bfa824d,黑索今,ChemicalComponent,黑索今27.5,黑索今,27.5,27.5,27.5,,,,%,exact,parsed,False,,4,accepted,非密-危险特性汇总表.docx,36
MATPD_f8191316f5a80c9d2d84,SRCPD_008f86c6d47ae55a9a19,CMPPD_7703dc61a82e69f806ed,其他,ComponentGroup,其他6.7,其他,6.7,6.7,6.7,,,,%,exact,parsed,False,,5,accepted,非密-危险特性汇总表.docx,36
MATPD_c67d8e63734d4b4440ff,SRCPD_86f1642d5bc5bc224120,CMPPD_826409bf5dd8e7c67097,硝化棉,ChemicalComponent,硝化棉20.5,硝化棉,20.5,20.5,20.5,,,,%,exact,parsed,False,,1,accepted,非密-危险特性汇总表.docx,37
MATPD_c67d8e63734d4b4440ff,SRCPD_86f1642d5bc5bc224120,CMPPD_f12823a5cff08038a658,硝化甘油,ChemicalComponent,硝化甘油21,硝化甘油,21,21,21.0,,,,%,exact,parsed,False,,2,accepted,非密-危险特性汇总表.docx,37
MATPD_c67d8e63734d4b4440ff,SRCPD_86f1642d5bc5bc224120,CMPPD_4f2cbd30c2db267cbb98,中定剂,ComponentGroup,中定剂1,中定剂,1,1,1.0,,,,%,exact,parsed,False,,3,accepted,非密-危险特性汇总表.docx,37
MATPD_c67d8e63734d4b4440ff,SRCPD_86f1642d5bc5bc224120,CMPPD_4b2c3f8af6a78bfa824d,黑索今,ChemicalComponent,黑索今54.6,黑索今,54.6,54.6,54.6,,,,%,exact,parsed,False,,4,accepted,非密-危险特性汇总表.docx,37
MATPD_c67d8e63734d4b4440ff,SRCPD_86f1642d5bc5bc224120,CMPPD_7703dc61a82e69f806ed,其他,ComponentGroup,其他2.8,其他,2.8,2.8,2.8,,,,%,exact,parsed,False,,5,accepted,非密-危险特性汇总表.docx,37
MATPD_38eb7ccdfab047f6e76d,SRCPD_b1574434144b45f1dd85,CMPPD_826409bf5dd8e7c67097,硝化棉,ChemicalComponent,硝化棉25—28,硝化棉,25—28,25—28,,25.0,28.0,,%,range,parsed,False,,1,accepted,非密-危险特性汇总表.docx,38
MATPD_38eb7ccdfab047f6e76d,SRCPD_b1574434144b45f1dd85,CMPPD_f12823a5cff08038a658,硝化甘油,ChemicalComponent,硝化甘油33—35,硝化甘油,33—35,33—35,,33.0,35.0,,%,range,parsed,False,,2,accepted,非密-危险特性汇总表.docx,38
MATPD_38eb7ccdfab047f6e76d,SRCPD_b1574434144b45f1dd85,CMPPD_4b2c3f8af6a78bfa824d,黑索今,ChemicalComponent,黑索今31—33,黑索今,31—33,31—33,,31.0,33.0,,%,range,parsed,False,,3,accepted,非密-危险特性汇总表.docx,38
MATPD_6adc1a1c37ed7e22b103,SRCPD_573e351b7454f62d51a7,CMPPD_826409bf5dd8e7c67097,硝化棉,ChemicalComponent,硝化棉24—26,硝化棉,24—26,24—26,,24.0,26.0,,%,range,parsed,False,,1,accepted,非密-危险特性汇总表.docx,39
MATPD_6adc1a1c37ed7e22b103,SRCPD_573e351b7454f62d51a7,CMPPD_f12823a5cff08038a658,硝化甘油,ChemicalComponent,硝化甘油32—34,硝化甘油,32—34,32—34,,32.0,34.0,,%,range,parsed,False,,2,accepted,非密-危险特性汇总表.docx,39
MATPD_6adc1a1c37ed7e22b103,SRCPD_573e351b7454f62d51a7,CMPPD_4f2cbd30c2db267cbb98,中定剂,ComponentGroup,中定剂0.5—0.7,中定剂,0.5—0.7,0.5—0.7,,0.5,0.7,,%,range,parsed,False,,3,accepted,非密-危险特性汇总表.docx,39
MATPD_6adc1a1c37ed7e22b103,SRCPD_573e351b7454f62d51a7,CMPPD_4b2c3f8af6a78bfa824d,黑索今,ChemicalComponent,黑索今35—37,黑索今,35—37,35—37,,35.0,37.0,,%,range,parsed,False,,4,accepted,非密-危险特性汇总表.docx,39
MATPD_6adc1a1c37ed7e22b103,SRCPD_573e351b7454f62d51a7,CMPPD_7703dc61a82e69f806ed,其他,ComponentGroup,其他11—14,其他,11—14,11—14,,11.0,14.0,,%,range,parsed,False,,5,accepted,非密-危险特性汇总表.docx,39
MATPD_1a8fe53d06d16550a507,SRCPD_bcd0993b0adb33845509,CMPPD_826409bf5dd8e7c67097,硝化棉,ChemicalComponent,硝化棉37—38,硝化棉,37—38,37—38,,37.0,38.0,,%,range,parsed,False,,1,accepted,非密-危险特性汇总表.docx,40
MATPD_1a8fe53d06d16550a507,SRCPD_bcd0993b0adb33845509,CMPPD_f12823a5cff08038a658,硝化甘油,ChemicalComponent,硝化甘油26—28,硝化甘油,26—28,26—28,,26.0,28.0,,%,range,parsed,False,,2,accepted,非密-危险特性汇总表.docx,40
MATPD_1a8fe53d06d16550a507,SRCPD_bcd0993b0adb33845509,CMPPD_4f2cbd30c2db267cbb98,中定剂,ComponentGroup,中定剂1.5—1.7,中定剂,1.5—1.7,1.5—1.7,,1.5,1.7,,%,range,parsed,False,,3,accepted,非密-危险特性汇总表.docx,40
MATPD_1a8fe53d06d16550a507,SRCPD_bcd0993b0adb33845509,CMPPD_4b2c3f8af6a78bfa824d,黑索今,ChemicalComponent,黑索今25—27,黑索今,25—27,25—27,,25.0,27.0,,%,range,parsed,False,,4,accepted,非密-危险特性汇总表.docx,40
MATPD_1a8fe53d06d16550a507,SRCPD_bcd0993b0adb33845509,CMPPD_7703dc61a82e69f806ed,其他,ComponentGroup,其他6—8,其他,6—8,6—8,,6.0,8.0,,%,range,parsed,False,,5,accepted,非密-危险特性汇总表.docx,40
MATPD_66e2caa26904d88d9b6b,SRCPD_91a597d123c4124fe619,CMPPD_826409bf5dd8e7c67097,硝化棉,ChemicalComponent,硝化棉33—35,硝化棉,33—35,33—35,,33.0,35.0,,%,range,parsed,False,,1,accepted,非密-危险特性汇总表.docx,41
MATPD_66e2caa26904d88d9b6b,SRCPD_91a597d123c4124fe619,CMPPD_f12823a5cff08038a658,硝化甘油,ChemicalComponent,硝化甘油27—30,硝化甘油,27—30,27—30,,27.0,30.0,,%,range,parsed,False,,2,accepted,非密-危险特性汇总表.docx,41
MATPD_66e2caa26904d88d9b6b,SRCPD_91a597d123c4124fe619,CMPPD_4f2cbd30c2db267cbb98,中定剂,ComponentGroup,中定剂1.5—1.8,中定剂,1.5—1.8,1.5—1.8,,1.5,1.8,,%,range,parsed,False,,3,accepted,非密-危险特性汇总表.docx,41
MATPD_66e2caa26904d88d9b6b,SRCPD_91a597d123c4124fe619,CMPPD_ef25a0c55341b4167e75,铝粉,ChemicalComponent,铝粉5.0,铝粉,5.0,5.0,5.0,,,,%,exact,parsed,False,,4,accepted,非密-危险特性汇总表.docx,41
MATPD_66e2caa26904d88d9b6b,SRCPD_91a597d123c4124fe619,CMPPD_7703dc61a82e69f806ed,其他,ComponentGroup,其他9—11.5,其他,9—11.5,9—11.5,,9.0,11.5,,%,range,parsed,False,,5,accepted,非密-危险特性汇总表.docx,41
MATPD_f25d9d02c19dff2ad229,SRCPD_f05cadb9ef39bfc701f8,CMPPD_826409bf5dd8e7c67097,硝化棉,ChemicalComponent,硝化棉42—54,硝化棉,42—54,42—54,,42.0,54.0,,%,range,parsed,False,,1,accepted,非密-危险特性汇总表.docx,42
MATPD_f25d9d02c19dff2ad229,SRCPD_f05cadb9ef39bfc701f8,CMPPD_f12823a5cff08038a658,硝化甘油,ChemicalComponent,硝化甘油25—27,硝化甘油,25—27,25—27,,25.0,27.0,,%,range,parsed,False,,2,accepted,非密-危险特性汇总表.docx,42
MATPD_f25d9d02c19dff2ad229,SRCPD_f05cadb9ef39bfc701f8,CMPPD_d5bda78088dae8ec1eb3,高氯酸铵,ChemicalComponent,高氯酸铵24—25,高氯酸铵,24—25,24—25,,24.0,25.0,,%,range,parsed,False,,3,accepted,非密-危险特性汇总表.docx,42
MATPD_f25d9d02c19dff2ad229,SRCPD_f05cadb9ef39bfc701f8,CMPPD_ef25a0c55341b4167e75,铝粉,ChemicalComponent,铝粉5—7,铝粉,5—7,5—7,,5.0,7.0,,%,range,parsed,False,,4,accepted,非密-危险特性汇总表.docx,42
MATPD_f25d9d02c19dff2ad229,SRCPD_f05cadb9ef39bfc701f8,CMPPD_7703dc61a82e69f806ed,其他,ComponentGroup,其他6—8.2,其他,6—8.2,6—8.2,,6.0,8.2,,%,range,parsed,False,,5,accepted,非密-危险特性汇总表.docx,42
MATPD_cd9af366d8892d4a7a5c,SRCPD_88055d5aa871d9f43410,CMPPD_826409bf5dd8e7c67097,硝化棉,ChemicalComponent,硝化棉35—37,硝化棉,35—37,35—37,,35.0,37.0,,%,range,parsed,False,,1,accepted,非密-危险特性汇总表.docx,43
MATPD_cd9af366d8892d4a7a5c,SRCPD_88055d5aa871d9f43410,CMPPD_f12823a5cff08038a658,硝化甘油,ChemicalComponent,硝化甘油25—28,硝化甘油,25—28,25—28,,25.0,28.0,,%,range,parsed,False,,2,accepted,非密-危险特性汇总表.docx,43
MATPD_cd9af366d8892d4a7a5c,SRCPD_88055d5aa871d9f43410,CMPPD_d5bda78088dae8ec1eb3,高氯酸铵,ChemicalComponent,高氯酸铵30—32,高氯酸铵,30—32,30—32,,30.0,32.0,,%,range,parsed,False,,3,accepted,非密-危险特性汇总表.docx,43
MATPD_cd9af366d8892d4a7a5c,SRCPD_88055d5aa871d9f43410,CMPPD_ef25a0c55341b4167e75,铝粉,ChemicalComponent,铝粉5—7,铝粉,5—7,5—7,,5.0,7.0,,%,range,parsed,False,,4,accepted,非密-危险特性汇总表.docx,43
MATPD_cd9af366d8892d4a7a5c,SRCPD_88055d5aa871d9f43410,CMPPD_7703dc61a82e69f806ed,其他,ComponentGroup,其他2.6—2.8,其他,2.6—2.8,2.6—2.8,,2.6,2.8,,%,range,parsed,False,,5,accepted,非密-危险特性汇总表.docx,43
MATPD_2eb10262bc3b0e702a22,SRCPD_e2c4c5975f8ce211b5db,CMPPD_826409bf5dd8e7c67097,硝化棉,ChemicalComponent,硝化棉52.0,硝化棉,52.0,52.0,52.0,,,,%,exact,parsed,False,,1,accepted,非密-危险特性汇总表.docx,44
MATPD_2eb10262bc3b0e702a22,SRCPD_e2c4c5975f8ce211b5db,CMPPD_f12823a5cff08038a658,硝化甘油,ChemicalComponent,硝化甘油31.8,硝化甘油,31.8,31.8,31.8,,,,%,exact,parsed,False,,2,accepted,非密-危险特性汇总表.docx,44
MATPD_2eb10262bc3b0e702a22,SRCPD_e2c4c5975f8ce211b5db,CMPPD_4f2cbd30c2db267cbb98,中定剂,ComponentGroup,中定剂1.8,中定剂,1.8,1.8,1.8,,,,%,exact,parsed,False,,3,accepted,非密-危险特性汇总表.docx,44
MATPD_2eb10262bc3b0e702a22,SRCPD_e2c4c5975f8ce211b5db,CMPPD_7703dc61a82e69f806ed,其他,ComponentGroup,其他11.1,其他,11.1,11.1,11.1,,,,%,exact,parsed,False,,4,accepted,非密-危险特性汇总表.docx,44
MATPD_cca5628303164722aaa8,SRCPD_2c5cc7dafd88945a4126,CMPPD_826409bf5dd8e7c67097,硝化棉,ChemicalComponent,硝化棉28—41,硝化棉,28—41,28—41,,28.0,41.0,,%,range,parsed,False,,1,accepted,非密-危险特性汇总表.docx,45
MATPD_cca5628303164722aaa8,SRCPD_2c5cc7dafd88945a4126,CMPPD_f12823a5cff08038a658,硝化甘油,ChemicalComponent,硝化甘油19—29,硝化甘油,19—29,19—29,,19.0,29.0,,%,range,parsed,False,,2,accepted,非密-危险特性汇总表.docx,45
MATPD_cca5628303164722aaa8,SRCPD_2c5cc7dafd88945a4126,CMPPD_4b2c3f8af6a78bfa824d,黑索今,ChemicalComponent,黑索今21—42,黑索今,21—42,21—42,,21.0,42.0,,%,range,parsed,False,,3,accepted,非密-危险特性汇总表.docx,45
MATPD_cca5628303164722aaa8,SRCPD_2c5cc7dafd88945a4126,CMPPD_7703dc61a82e69f806ed,其他,ComponentGroup,其他3.0,其他,3.0,3.0,3.0,,,,%,exact,parsed,False,,4,accepted,非密-危险特性汇总表.docx,45
MATPD_7f0ca4da610f8122c08c,SRCPD_fa9d7ad6136c34713d9c,CMPPD_826409bf5dd8e7c67097,硝化棉,ChemicalComponent,硝化棉27—44,硝化棉,27—44,27—44,,27.0,44.0,,%,range,parsed,False,,1,accepted,非密-危险特性汇总表.docx,46
MATPD_7f0ca4da610f8122c08c,SRCPD_fa9d7ad6136c34713d9c,CMPPD_f12823a5cff08038a658,硝化甘油,ChemicalComponent,硝化甘油11—23,硝化甘油,11—23,11—23,,11.0,23.0,,%,range,parsed,False,,2,accepted,非密-危险特性汇总表.docx,46
MATPD_7f0ca4da610f8122c08c,SRCPD_fa9d7ad6136c34713d9c,CMPPD_fccd31e6196ed610b1cc,奥克托今,ChemicalComponent,奥克托今14—29,奥克托今,14—29,14—29,,14.0,29.0,,%,range,parsed,False,,3,accepted,非密-危险特性汇总表.docx,46
MATPD_7f0ca4da610f8122c08c,SRCPD_fa9d7ad6136c34713d9c,CMPPD_7703dc61a82e69f806ed,其他,ComponentGroup,其他9.9,其他,9.9,9.9,9.9,,,,%,exact,parsed,False,,4,accepted,非密-危险特性汇总表.docx,46
MATPD_bea1ee79beac4d343250,SRCPD_2e30aff85662955ec3f4,CMPPD_826409bf5dd8e7c67097,硝化棉,ChemicalComponent,硝化棉21—45,硝化棉,21—45,21—45,,21.0,45.0,,%,range,parsed,False,,1,accepted,非密-危险特性汇总表.docx,47
MATPD_bea1ee79beac4d343250,SRCPD_2e30aff85662955ec3f4,CMPPD_f12823a5cff08038a658,硝化甘油,ChemicalComponent,硝化甘油18—32,硝化甘油,18—32,18—32,,18.0,32.0,,%,range,parsed,False,,2,accepted,非密-危险特性汇总表.docx,47
MATPD_bea1ee79beac4d343250,SRCPD_2e30aff85662955ec3f4,CMPPD_fccd31e6196ed610b1cc,奥克托今,ChemicalComponent,奥克托今16—28,奥克托今,16—28,16—28,,16.0,28.0,,%,range,parsed,False,,3,accepted,非密-危险特性汇总表.docx,47
MATPD_bea1ee79beac4d343250,SRCPD_2e30aff85662955ec3f4,CMPPD_7703dc61a82e69f806ed,其他,ComponentGroup,其他20.7,其他,20.7,20.7,20.7,,,,%,exact,parsed,False,,4,accepted,非密-危险特性汇总表.docx,47
MATPD_3ed1b8b57d1956b32c83,SRCPD_e60a72bad4ed1bcb66c6,CMPPD_826409bf5dd8e7c67097,硝化棉,ChemicalComponent,硝化棉29—41,硝化棉,29—41,29—41,,29.0,41.0,,%,range,parsed,False,,1,accepted,非密-危险特性汇总表.docx,48
MATPD_3ed1b8b57d1956b32c83,SRCPD_e60a72bad4ed1bcb66c6,CMPPD_f12823a5cff08038a658,硝化甘油,ChemicalComponent,硝化甘油19—33,硝化甘油,19—33,19—33,,19.0,33.0,,%,range,parsed,False,,2,accepted,非密-危险特性汇总表.docx,48
MATPD_3ed1b8b57d1956b32c83,SRCPD_e60a72bad4ed1bcb66c6,CMPPD_fccd31e6196ed610b1cc,奥克托今,ChemicalComponent,奥克托今21—34,奥克托今,21—34,21—34,,21.0,34.0,,%,range,parsed,False,,3,accepted,非密-危险特性汇总表.docx,48
MATPD_3ed1b8b57d1956b32c83,SRCPD_e60a72bad4ed1bcb66c6,CMPPD_7703dc61a82e69f806ed,其他,ComponentGroup,其他18.5,其他,18.5,18.5,18.5,,,,%,exact,parsed,False,,4,accepted,非密-危险特性汇总表.docx,48
MATPD_2bac367a773e3bdf58f2,SRCPD_69d1205c2dbd96cfc725,CMPPD_3acd18391cefc25a940e,EPS,ChemicalComponent,EPS18.5,EPS,18.5,18.5,18.5,,,,%,exact,parsed,False,,1,accepted,非密-危险特性汇总表.docx,51
MATPD_2bac367a773e3bdf58f2,SRCPD_69d1205c2dbd96cfc725,CMPPD_d5bda78088dae8ec1eb3,高氯酸铵,ChemicalComponent,AP65.0,AP,65.0,65.0,65.0,,,,%,exact,parsed,False,,2,accepted,非密-危险特性汇总表.docx,51
MATPD_2bac367a773e3bdf58f2,SRCPD_69d1205c2dbd96cfc725,CMPPD_ef25a0c55341b4167e75,铝粉,ChemicalComponent,AL8.5,AL,8.5,8.5,8.5,,,,%,exact,parsed,False,,3,accepted,非密-危险特性汇总表.docx,51
MATPD_2bac367a773e3bdf58f2,SRCPD_69d1205c2dbd96cfc725,CMPPD_65f51fe80dd8ce1ecc65,EP,ChemicalComponent,EPl.2,EP,l.2,1.2,1.2,,,,%,exact,pending_review,True,numeric_character_normalized,4,pending_review,非密-危险特性汇总表.docx,51
MATPD_2bac367a773e3bdf58f2,SRCPD_69d1205c2dbd96cfc725,CMPPD_7703dc61a82e69f806ed,其他,ComponentGroup,其他4.O,其他,4.O,4.0,4.0,,,,%,exact,pending_review,True,numeric_character_normalized,5,pending_review,非密-危险特性汇总表.docx,51
MATPD_f7365a5e2aa550f81968,SRCPD_07a92663471b8802eaea,CMPPD_4d342cea8a65c92c993f,（HTPB+TDI）,ComponentGroup,（HTPB+ TDI）14.4,（HTPB+ TDI）,14.4,14.4,14.4,,,,%,exact,parsed,False,,1,accepted,非密-危险特性汇总表.docx,52
MATPD_f7365a5e2aa550f81968,SRCPD_07a92663471b8802eaea,CMPPD_ebbb64ef816664543c32,DOS,ChemicalComponent,DOS2.3,DOS,2.3,2.3,2.3,,,,%,exact,parsed,False,,2,accepted,非密-危险特性汇总表.docx,52
MATPD_f7365a5e2aa550f81968,SRCPD_07a92663471b8802eaea,CMPPD_cebefa8d860b870129c3,A键／B键,ComponentGroup,A键／B键0.10,A键／B键,0.10,0.10,0.1,,,,%,exact,parsed,False,,3,accepted,非密-危险特性汇总表.docx,52
MATPD_f7365a5e2aa550f81968,SRCPD_07a92663471b8802eaea,CMPPD_ef25a0c55341b4167e75,铝粉,ChemicalComponent,AL14.O,AL,14.O,14.0,14.0,,,,%,exact,pending_review,True,numeric_character_normalized,4,pending_review,非密-危险特性汇总表.docx,52
MATPD_f7365a5e2aa550f81968,SRCPD_07a92663471b8802eaea,CMPPD_d5bda78088dae8ec1eb3,高氯酸铵,ChemicalComponent,AP68.O,AP,68.O,68.0,68.0,,,,%,exact,pending_review,True,numeric_character_normalized,5,pending_review,非密-危险特性汇总表.docx,52
MATPD_f7365a5e2aa550f81968,SRCPD_07a92663471b8802eaea,CMPPD_7703dc61a82e69f806ed,其他,ComponentGroup,其他1.2,其他,1.2,1.2,1.2,,,,%,exact,parsed,False,,6,accepted,非密-危险特性汇总表.docx,52
MATPD_2cde6b8de59fe21778ef,SRCPD_9e9f2a67389c68e6ac36,CMPPD_4d342cea8a65c92c993f,（HTPB+TDI）,ComponentGroup,（HTPB+TDI）10.7,（HTPB+TDI）,10.7,10.7,10.7,,,,%,exact,parsed,False,,1,accepted,非密-危险特性汇总表.docx,53
MATPD_2cde6b8de59fe21778ef,SRCPD_9e9f2a67389c68e6ac36,CMPPD_ebbb64ef816664543c32,DOS,ChemicalComponent,DOS1.5,DOS,1.5,1.5,1.5,,,,%,exact,parsed,False,,2,accepted,非密-危险特性汇总表.docx,53
MATPD_2cde6b8de59fe21778ef,SRCPD_9e9f2a67389c68e6ac36,CMPPD_cebefa8d860b870129c3,A键／B键,ComponentGroup,A键／B键0.11,A键／B键,0.11,0.11,0.11,,,,%,exact,parsed,False,,3,accepted,非密-危险特性汇总表.docx,53
MATPD_2cde6b8de59fe21778ef,SRCPD_9e9f2a67389c68e6ac36,CMPPD_ef25a0c55341b4167e75,铝粉,ChemicalComponent,AL19.O,AL,19.O,19.0,19.0,,,,%,exact,pending_review,True,numeric_character_normalized,4,pending_review,非密-危险特性汇总表.docx,53
MATPD_2cde6b8de59fe21778ef,SRCPD_9e9f2a67389c68e6ac36,CMPPD_d5bda78088dae8ec1eb3,高氯酸铵,ChemicalComponent,AP67.0,AP,67.0,67.0,67.0,,,,%,exact,parsed,False,,5,accepted,非密-危险特性汇总表.docx,53
MATPD_2cde6b8de59fe21778ef,SRCPD_9e9f2a67389c68e6ac36,CMPPD_7703dc61a82e69f806ed,其他,ComponentGroup,其他1.0,其他,1.0,1.0,1.0,,,,%,exact,parsed,False,,6,accepted,非密-危险特性汇总表.docx,53
MATPD_39134798aa117b747108,SRCPD_e5024447e5fd2841c1c4,CMPPD_4d342cea8a65c92c993f,（HTPB+TDI）,ComponentGroup,（HTPB+TDI）11.70,（HTPB+TDI）,11.70,11.70,11.7,,,,%,exact,parsed,False,,1,accepted,非密-危险特性汇总表.docx,54
MATPD_39134798aa117b747108,SRCPD_e5024447e5fd2841c1c4,CMPPD_61409e90fa850acbedf1,（DOS+A键／B键）,ComponentGroup,（DOS+ A键／B键）2．O,（DOS+ A键／B键）,2．O,2．0,2.0,,,,%,exact,pending_review,True,numeric_character_normalized,2,pending_review,非密-危险特性汇总表.docx,54
MATPD_39134798aa117b747108,SRCPD_e5024447e5fd2841c1c4,CMPPD_4b2c3f8af6a78bfa824d,黑索今,ChemicalComponent,RDX20.0,RDX,20.0,20.0,20.0,,,,%,exact,parsed,False,,3,accepted,非密-危险特性汇总表.docx,54
MATPD_39134798aa117b747108,SRCPD_e5024447e5fd2841c1c4,CMPPD_ef25a0c55341b4167e75,铝粉,ChemicalComponent,AL5.1,AL,5.1,5.1,5.1,,,,%,exact,parsed,False,,4,accepted,非密-危险特性汇总表.docx,54
MATPD_39134798aa117b747108,SRCPD_e5024447e5fd2841c1c4,CMPPD_d5bda78088dae8ec1eb3,高氯酸铵,ChemicalComponent,AP60.0,AP,60.0,60.0,60.0,,,,%,exact,parsed,False,,5,accepted,非密-危险特性汇总表.docx,54
MATPD_39134798aa117b747108,SRCPD_e5024447e5fd2841c1c4,CMPPD_7703dc61a82e69f806ed,其他,ComponentGroup,其他0.2,其他,0.2,0.2,0.2,,,,%,exact,parsed,False,,6,accepted,非密-危险特性汇总表.docx,54
MATPD_4fd9b1aed3c618f5b3af,SRCPD_f24e0f7feaf818f45f91,CMPPD_4d342cea8a65c92c993f,（HTPB+TDI）,ComponentGroup,（HTPB+ TDI）11.7I,（HTPB+ TDI）,11.7I,11.71,11.71,,,,%,exact,pending_review,True,numeric_character_normalized,1,pending_review,非密-危险特性汇总表.docx,55
MATPD_4fd9b1aed3c618f5b3af,SRCPD_f24e0f7feaf818f45f91,CMPPD_61409e90fa850acbedf1,（DOS+A键／B键）,ComponentGroup,（DOS+ A键／B键）2.1,（DOS+ A键／B键）,2.1,2.1,2.1,,,,%,exact,parsed,False,,2,accepted,非密-危险特性汇总表.docx,55
MATPD_4fd9b1aed3c618f5b3af,SRCPD_f24e0f7feaf818f45f91,CMPPD_4b2c3f8af6a78bfa824d,黑索今,ChemicalComponent,RDX20.O,RDX,20.O,20.0,20.0,,,,%,exact,pending_review,True,numeric_character_normalized,3,pending_review,非密-危险特性汇总表.docx,55
MATPD_4fd9b1aed3c618f5b3af,SRCPD_f24e0f7feaf818f45f91,CMPPD_ef25a0c55341b4167e75,铝粉,ChemicalComponent,AL5.1,AL,5.1,5.1,5.1,,,,%,exact,parsed,False,,4,accepted,非密-危险特性汇总表.docx,55
MATPD_4fd9b1aed3c618f5b3af,SRCPD_f24e0f7feaf818f45f91,CMPPD_d5bda78088dae8ec1eb3,高氯酸铵,ChemicalComponent,AP60.O,AP,60.O,60.0,60.0,,,,%,exact,pending_review,True,numeric_character_normalized,5,pending_review,非密-危险特性汇总表.docx,55
MATPD_4fd9b1aed3c618f5b3af,SRCPD_f24e0f7feaf818f45f91,CMPPD_7703dc61a82e69f806ed,其他,ComponentGroup,其他O．1,其他,O．1,0．1,0.1,,,,%,exact,pending_review,True,numeric_character_normalized,6,pending_review,非密-危险特性汇总表.docx,55
MATPD_ebe3e4c49de63c9a3893,SRCPD_dffee91b5fdcb37e96bd,CMPPD_4d342cea8a65c92c993f,（HTPB+TDI）,ComponentGroup,（HTPB+TDI）11.30,（HTPB+TDI）,11.30,11.30,11.3,,,,%,exact,parsed,False,,1,accepted,非密-危险特性汇总表.docx,56
MATPD_ebe3e4c49de63c9a3893,SRCPD_dffee91b5fdcb37e96bd,CMPPD_61409e90fa850acbedf1,（DOS+A键／B键）,ComponentGroup,（DOS+ A键／B键）2.6,（DOS+ A键／B键）,2.6,2.6,2.6,,,,%,exact,parsed,False,,2,accepted,非密-危险特性汇总表.docx,56
MATPD_ebe3e4c49de63c9a3893,SRCPD_dffee91b5fdcb37e96bd,CMPPD_4b2c3f8af6a78bfa824d,黑索今,ChemicalComponent,RDX20.0,RDX,20.0,20.0,20.0,,,,%,exact,parsed,False,,3,accepted,非密-危险特性汇总表.docx,56
MATPD_ebe3e4c49de63c9a3893,SRCPD_dffee91b5fdcb37e96bd,CMPPD_ef25a0c55341b4167e75,铝粉,ChemicalComponent,AL5.O,AL,5.O,5.0,5.0,,,,%,exact,pending_review,True,numeric_character_normalized,4,pending_review,非密-危险特性汇总表.docx,56
MATPD_ebe3e4c49de63c9a3893,SRCPD_dffee91b5fdcb37e96bd,CMPPD_d5bda78088dae8ec1eb3,高氯酸铵,ChemicalComponent,AP 60.O,AP,60.O,60.0,60.0,,,,%,exact,pending_review,True,numeric_character_normalized,5,pending_review,非密-危险特性汇总表.docx,56
MATPD_ebe3e4c49de63c9a3893,SRCPD_dffee91b5fdcb37e96bd,CMPPD_7703dc61a82e69f806ed,其他,ComponentGroup,其他O．15,其他,O．15,0．15,0.15,,,,%,exact,pending_review,True,numeric_character_normalized,6,pending_review,非密-危险特性汇总表.docx,56
MATPD_affdbeb358e077ec1092,SRCPD_5d7a8aad43cb17cd0572,CMPPD_4d342cea8a65c92c993f,（HTPB+TDI）,ComponentGroup,（HTPB+TDI）8.84,（HTPB+TDI）,8.84,8.84,8.84,,,,%,exact,parsed,False,,1,accepted,非密-危险特性汇总表.docx,57
MATPD_affdbeb358e077ec1092,SRCPD_5d7a8aad43cb17cd0572,CMPPD_30c8d97227814758d66b,（DOS+A键／B键+AO2246）,ComponentGroup,（DOS+ A键／B键+AO2246）2.35,（DOS+ A键／B键+AO2246）,2.35,2.35,2.35,,,,%,exact,parsed,False,,2,accepted,非密-危险特性汇总表.docx,57
MATPD_affdbeb358e077ec1092,SRCPD_5d7a8aad43cb17cd0572,CMPPD_4b2c3f8af6a78bfa824d,黑索今,ChemicalComponent,RDX20.0,RDX,20.0,20.0,20.0,,,,%,exact,parsed,False,,3,accepted,非密-危险特性汇总表.docx,57
MATPD_affdbeb358e077ec1092,SRCPD_5d7a8aad43cb17cd0572,CMPPD_ef25a0c55341b4167e75,铝粉,ChemicalComponent,AL7．O,AL,7．O,7．0,7.0,,,,%,exact,pending_review,True,numeric_character_normalized,4,pending_review,非密-危险特性汇总表.docx,57
MATPD_affdbeb358e077ec1092,SRCPD_5d7a8aad43cb17cd0572,CMPPD_d5bda78088dae8ec1eb3,高氯酸铵,ChemicalComponent,AP 60.5,AP,60.5,60.5,60.5,,,,%,exact,parsed,False,,5,accepted,非密-危险特性汇总表.docx,57
MATPD_2e494af60b3bda4af216,SRCPD_7e436f2cbcad2892b0fb,CMPPD_6aa362e65a449810f618,（HTPB+IPDI+DOA+D键+A02246）,ComponentGroup,（HTPB+ IPDI+DOA+ D键+ A02246）12.46,（HTPB+ IPDI+DOA+ D键+ A02246）,12.46,12.46,12.46,,,,%,exact,parsed,False,,1,accepted,非密-危险特性汇总表.docx,58
MATPD_2e494af60b3bda4af216,SRCPD_7e436f2cbcad2892b0fb,CMPPD_ef25a0c55341b4167e75,铝粉,ChemicalComponent,AL13.O,AL,13.O,13.0,13.0,,,,%,exact,pending_review,True,numeric_character_normalized,2,pending_review,非密-危险特性汇总表.docx,58
MATPD_2e494af60b3bda4af216,SRCPD_7e436f2cbcad2892b0fb,CMPPD_d5bda78088dae8ec1eb3,高氯酸铵,ChemicalComponent,AP 74.0,AP,74.0,74.0,74.0,,,,%,exact,parsed,False,,3,accepted,非密-危险特性汇总表.docx,58
MATPD_d5e3f8e0481727aa6c53,SRCPD_624463615919b141ea09,CMPPD_4d342cea8a65c92c993f,（HTPB+TDI）,ComponentGroup,（HTPB+TDI）11.34,（HTPB+TDI）,11.34,11.34,11.34,,,,%,exact,parsed,False,,1,accepted,非密-危险特性汇总表.docx,59
MATPD_d5e3f8e0481727aa6c53,SRCPD_624463615919b141ea09,CMPPD_61409e90fa850acbedf1,（DOS+A键／B键）,ComponentGroup,（DOS+ A键／B键）2.5,（DOS+ A键／B键）,2.5,2.5,2.5,,,,%,exact,parsed,False,,2,accepted,非密-危险特性汇总表.docx,59
MATPD_d5e3f8e0481727aa6c53,SRCPD_624463615919b141ea09,CMPPD_4b2c3f8af6a78bfa824d,黑索今,ChemicalComponent,RDX20.0,RDX,20.0,20.0,20.0,,,,%,exact,parsed,False,,3,accepted,非密-危险特性汇总表.docx,59
MATPD_d5e3f8e0481727aa6c53,SRCPD_624463615919b141ea09,CMPPD_ef25a0c55341b4167e75,铝粉,ChemicalComponent,AL5.O,AL,5.O,5.0,5.0,,,,%,exact,pending_review,True,numeric_character_normalized,4,pending_review,非密-危险特性汇总表.docx,59
MATPD_d5e3f8e0481727aa6c53,SRCPD_624463615919b141ea09,CMPPD_d5bda78088dae8ec1eb3,高氯酸铵,ChemicalComponent,AP 60.0,AP,60.0,60.0,60.0,,,,%,exact,parsed,False,,5,accepted,非密-危险特性汇总表.docx,59
MATPD_d5e3f8e0481727aa6c53,SRCPD_624463615919b141ea09,CMPPD_7703dc61a82e69f806ed,其他,ComponentGroup,其他0.15,其他,0.15,0.15,0.15,,,,%,exact,parsed,False,,6,accepted,非密-危险特性汇总表.docx,59
MATPD_f6e273bd11b9df13dacd,SRCPD_7d67c48bc21903419fe2,CMPPD_f52ac3dfd3c16da953d9,端羟基聚丁二烯,ChemicalComponent,端羟基聚丁二烯21.8,端羟基聚丁二烯,21.8,21.8,21.8,,,,%,exact,parsed,False,,1,accepted,非密-危险特性汇总表.docx,60
MATPD_f6e273bd11b9df13dacd,SRCPD_7d67c48bc21903419fe2,CMPPD_d5bda78088dae8ec1eb3,高氯酸铵,ChemicalComponent,AP73,AP,73,73,73.0,,,,%,exact,parsed,False,,2,accepted,非密-危险特性汇总表.docx,60
MATPD_f6e273bd11b9df13dacd,SRCPD_7d67c48bc21903419fe2,CMPPD_78d88fcd9c60f9a28928,TDI,ChemicalComponent,TDI1.3,TDI,1.3,1.3,1.3,,,,%,exact,parsed,False,,3,accepted,非密-危险特性汇总表.docx,60
MATPD_f6e273bd11b9df13dacd,SRCPD_7d67c48bc21903419fe2,CMPPD_3ffaae6b9f49c13b27b8,三乙醇胺,ChemicalComponent,三乙醇胺0.1,三乙醇胺,0.1,0.1,0.1,,,,%,exact,parsed,False,,4,accepted,非密-危险特性汇总表.docx,60
MATPD_f6e273bd11b9df13dacd,SRCPD_7d67c48bc21903419fe2,CMPPD_37b02da66e364cb47252,三氧化二铁,ChemicalComponent,三氧化二铁1.9,三氧化二铁,1.9,1.9,1.9,,,,%,exact,parsed,False,,5,accepted,非密-危险特性汇总表.docx,60
MATPD_f6e273bd11b9df13dacd,SRCPD_7d67c48bc21903419fe2,CMPPD_8fe752582336276b1d5b,己二酸二辛酯,ChemicalComponent,己二酸二辛酯1.0,己二酸二辛酯,1.0,1.0,1.0,,,,%,exact,parsed,False,,6,accepted,非密-危险特性汇总表.docx,60
MATPD_044a46fba878fda5a206,SRCPD_2142803db16aa36814b2,CMPPD_f52ac3dfd3c16da953d9,端羟基聚丁二烯,ChemicalComponent,端羟基聚丁二烯21.8,端羟基聚丁二烯,21.8,21.8,21.8,,,,%,exact,parsed,False,,1,accepted,非密-危险特性汇总表.docx,61
MATPD_044a46fba878fda5a206,SRCPD_2142803db16aa36814b2,CMPPD_d5bda78088dae8ec1eb3,高氯酸铵,ChemicalComponent,高氯酸铵73,高氯酸铵,73,73,73.0,,,,%,exact,parsed,False,,2,accepted,非密-危险特性汇总表.docx,61
MATPD_044a46fba878fda5a206,SRCPD_2142803db16aa36814b2,CMPPD_6929da896acf2e24451f,甲苯二异氰酸酯,ChemicalComponent,甲苯二异氰酸酯1.3,甲苯二异氰酸酯,1.3,1.3,1.3,,,,%,exact,parsed,False,,3,accepted,非密-危险特性汇总表.docx,61
MATPD_044a46fba878fda5a206,SRCPD_2142803db16aa36814b2,CMPPD_3ffaae6b9f49c13b27b8,三乙醇胺,ChemicalComponent,三乙醇胺O.1,三乙醇胺,O.1,0.1,0.1,,,,%,exact,pending_review,True,numeric_character_normalized,4,pending_review,非密-危险特性汇总表.docx,61
MATPD_044a46fba878fda5a206,SRCPD_2142803db16aa36814b2,CMPPD_8fe752582336276b1d5b,己二酸二辛酯,ChemicalComponent,己二酸二辛酯1.0,己二酸二辛酯,1.0,1.0,1.0,,,,%,exact,parsed,False,,5,accepted,非密-危险特性汇总表.docx,61
MATPD_044a46fba878fda5a206,SRCPD_2142803db16aa36814b2,CMPPD_37b02da66e364cb47252,三氧化二铁,ChemicalComponent,三氧化二铁1.9,三氧化二铁,1.9,1.9,1.9,,,,%,exact,parsed,False,,6,accepted,非密-危险特性汇总表.docx,61
MATPD_36ebe0c992e6b65a4511,SRCPD_69eb939a5a45f969321a,CMPPD_7e7ce9ed5b977c077336,乙基聚硫橡胶,ChemicalComponent,乙基聚硫橡胶1.9,乙基聚硫橡胶,1.9,1.9,1.9,,,,%,exact,parsed,False,,1,accepted,非密-危险特性汇总表.docx,62
MATPD_36ebe0c992e6b65a4511,SRCPD_69eb939a5a45f969321a,CMPPD_d5bda78088dae8ec1eb3,高氯酸铵,ChemicalComponent,高氯酸铵67,高氯酸铵,67,67,67.0,,,,%,exact,parsed,False,,2,accepted,非密-危险特性汇总表.docx,62
MATPD_36ebe0c992e6b65a4511,SRCPD_69eb939a5a45f969321a,CMPPD_6929da896acf2e24451f,甲苯二异氰酸酯,ChemicalComponent,甲苯二异氰酸酯0.3,甲苯二异氰酸酯,0.3,0.3,0.3,,,,%,exact,parsed,False,,3,accepted,非密-危险特性汇总表.docx,62
MATPD_36ebe0c992e6b65a4511,SRCPD_69eb939a5a45f969321a,CMPPD_3ffaae6b9f49c13b27b8,三乙醇胺,ChemicalComponent,三乙醇胺O.1,三乙醇胺,O.1,0.1,0.1,,,,%,exact,pending_review,True,numeric_character_normalized,4,pending_review,非密-危险特性汇总表.docx,62
MATPD_36ebe0c992e6b65a4511,SRCPD_69eb939a5a45f969321a,CMPPD_ef25a0c55341b4167e75,铝粉,ChemicalComponent,AL8,AL,8,8,8.0,,,,%,exact,parsed,False,,5,accepted,非密-危险特性汇总表.docx,62
MATPD_36ebe0c992e6b65a4511,SRCPD_69eb939a5a45f969321a,CMPPD_7703dc61a82e69f806ed,其他,ComponentGroup,其他5.7,其他,5.7,5.7,5.7,,,,%,exact,parsed,False,,6,accepted,非密-危险特性汇总表.docx,62
