property_id,product_id,source_record_id,property_group,property_name,raw_value,parse_status,review_required,review_reason,source_file,table_row,review_status,quantity_raw,normalized_quantity_raw,nominal_value,min_value,max_value,tolerance,unit,quantity_qualifier,result_metric,conditions_json,name,source_component_name,component_aliases,name_review_required,raw_item,kind,entity_type
PROPPD_0177e77ba0cad58478a4,MATPD_61efba69f329d93785f6,SRCPD_02facfd4df0f5a4f77e3,外观,外观,工业品为球状聚晶，棕褐色；纯品为针状结晶，亮黄色,raw_only,False,,非密-危险特性汇总表.docx,4,accepted,,,,,,,,,,,,,,,,,
PROPPD_e848a2a695e166ecbb9d,MATPD_61efba69f329d93785f6,SRCPD_02facfd4df0f5a4f77e3,安定性,安定性说明,50℃安定；75℃，48h减量0.30%；100℃，48h减量1.57%。,raw_only,False,,非密-危险特性汇总表.docx,4,accepted,50℃安定；75℃，48h减量0.30%；100℃，48h减量1.57%。,50℃安定；75℃，48h减量0.30%；100℃，48h减量1.57%。,,,,,,,,{},,,,,,,
PROPPD_fc847f9e100800683e6f,MATPD_61efba69f329d93785f6,SRCPD_02facfd4df0f5a4f77e3,性能,爆速,爆速：7000m／s,parsed,False,,非密-危险特性汇总表.docx,4,accepted,7000m／s,7000m／s,7000.0,,,,m/s,exact,爆轰速度,{},,,,,,,
PROPPD_fb26a88c11d9c2accd59,MATPD_61efba69f329d93785f6,SRCPD_02facfd4df0f5a4f77e3,性能,摩擦感度,摩擦感度（发火率）：25%,parsed,False,,非密-危险特性汇总表.docx,4,accepted,25%,25%,25.0,,,,%,exact,发火/爆炸率,{},,,,,,,
PROPPD_3a1f0bc4289a4c1e5b40,MATPD_61efba69f329d93785f6,SRCPD_02facfd4df0f5a4f77e3,性能,冲击感度上限,冲击感度（落高）：上限：大于40.0cm；下限：17.5cm,parsed,False,,非密-危险特性汇总表.docx,4,accepted,40.0cm,40.0cm,,40.0,,,cm,min,上限,{},,,,,,,
PROPPD_0c81c169a5fd12e70559,MATPD_61efba69f329d93785f6,SRCPD_02facfd4df0f5a4f77e3,性能,冲击感度下限,冲击感度（落高）：上限：大于40.0cm；下限：17.5cm,parsed,False,,非密-危险特性汇总表.docx,4,accepted,17.5cm,17.5cm,17.5,,,,cm,exact,下限,{},,,,,,,
PROPPD_4566ea412118f9e7a80f,MATPD_6c981788b4c726f5314b,SRCPD_92295d5e8d28d404dd0c,外观,外观,外观：黄色（结晶）；褐色（沥青钝化）。棱柱形结晶。,raw_only,False,,非密-危险特性汇总表.docx,5,accepted,,,,,,,,,,,,,,,,,
PROPPD_72da9d4d1af11477d95f,MATPD_6c981788b4c726f5314b,SRCPD_92295d5e8d28d404dd0c,安定性,安定性说明,安定性：50℃安定；75℃，48h失去结晶水；115—120℃加热失去结晶水。,raw_only,False,,非密-危险特性汇总表.docx,5,accepted,安定性：50℃安定；75℃，48h失去结晶水；115—120℃加热失去结晶水。,安定性：50℃安定；75℃，48h失去结晶水；115—120℃加热失去结晶水。,,,,,,,,{},,,,,,,
PROPPD_1b281102e88d16d3ff63,MATPD_6c981788b4c726f5314b,SRCPD_92295d5e8d28d404dd0c,性能,爆速,爆速：5200m／s（ρ=2.9）,parsed,False,,非密-危险特性汇总表.docx,5,accepted,5200m／s,5200m／s,5200.0,,,,m/s,exact,爆轰速度,{},,,,,,,
PROPPD_9beb8c9ed6371bbacb6a,MATPD_6c981788b4c726f5314b,SRCPD_92295d5e8d28d404dd0c,性能,摩擦感度,摩擦感度（发火率）：70%（结晶）；40%（沥青钝化）,parsed,False,,非密-危险特性汇总表.docx,5,accepted,70%,70%,70.0,,,,%,exact,发火/爆炸率,{},,,,,,,
PROPPD_7a28d0993bce7c95113e,MATPD_6c981788b4c726f5314b,SRCPD_92295d5e8d28d404dd0c,性能,冲击感度上限,冲击感度（落高）：上限：36.0cm（结晶）、37cm（沥青钝化）；下限：11.5cm（结晶）、26.5cm（沥青钝化）,parsed,False,,非密-危险特性汇总表.docx,5,accepted,36.0cm,36.0cm,36.0,,,,cm,exact,上限,{},,,,,,,
PROPPD_c20ceb6fe5ecaec4785b,MATPD_6c981788b4c726f5314b,SRCPD_92295d5e8d28d404dd0c,性能,冲击感度下限,冲击感度（落高）：上限：36.0cm（结晶）、37cm（沥青钝化）；下限：11.5cm（结晶）、26.5cm（沥青钝化）,parsed,False,,非密-危险特性汇总表.docx,5,accepted,11.5cm,11.5cm,11.5,,,,cm,exact,下限,{},,,,,,,
PROPPD_6e59b667b73f45bea8f6,MATPD_a74eb96375894ccff38f,SRCPD_9b60a4c36e50593ceb5f,外观,外观,晶形：α型为短柱状晶体；β型为针状晶体。颜色：白到浅黄色。,raw_only,False,,非密-危险特性汇总表.docx,6,accepted,,,,,,,,,,,,,,,,,
PROPPD_479cfb000f70a6fa64b3,MATPD_a74eb96375894ccff38f,SRCPD_9b60a4c36e50593ceb5f,安定性,安定性说明,热安定性：50℃3—5年质量变化不大；75℃，48h减量0.17%；100℃48h减量0.50%。,raw_only,False,,非密-危险特性汇总表.docx,6,accepted,热安定性：50℃3—5年质量变化不大；75℃，48h减量0.17%；100℃48h减量0.50%。,热安定性：50℃3—5年质量变化不大；75℃，48h减量0.17%；100℃48h减量0.50%。,,,,,,,,{},,,,,,,
PROPPD_56ddb18353664f7926ec,MATPD_a74eb96375894ccff38f,SRCPD_9b60a4c36e50593ceb5f,性能,爆速,爆速：5123m／s（ρ=3.96）,parsed,False,,非密-危险特性汇总表.docx,6,accepted,5123m／s,5123m／s,5123.0,,,,m/s,exact,爆轰速度,{},,,,,,,
PROPPD_bf999e76d33a84eb00a8,MATPD_a74eb96375894ccff38f,SRCPD_9b60a4c36e50593ceb5f,性能,摩擦感度,摩擦感度（发火率）：70%（大结晶）；90%（小结晶）。100%（糊精）,parsed,False,,非密-危险特性汇总表.docx,6,accepted,70%,70%,70.0,,,,%,exact,发火/爆炸率,{},,,,,,,
PROPPD_7f1899c9518a4aedd1e2,MATPD_a74eb96375894ccff38f,SRCPD_9b60a4c36e50593ceb5f,性能,冲击感度上限,冲击感度（落高）：上限：33.0cm（结晶）、24cm（糊精）。下限：10.0cm（结晶）、10.5cm（糊精）,parsed,False,,非密-危险特性汇总表.docx,6,accepted,33.0cm,33.0cm,33.0,,,,cm,exact,上限,{},,,,,,,
PROPPD_6e1e0834be07e4180dcb,MATPD_a74eb96375894ccff38f,SRCPD_9b60a4c36e50593ceb5f,性能,冲击感度下限,冲击感度（落高）：上限：33.0cm（结晶）、24cm（糊精）。下限：10.0cm（结晶）、10.5cm（糊精）,parsed,False,,非密-危险特性汇总表.docx,6,accepted,10.0cm,10.0cm,10.0,,,,cm,exact,下限,{},,,,,,,
PROPPD_e3b536c22f7862744d8e,MATPD_9edceca819e802431f58,SRCPD_0020ca6863846aea2bf6,外观,外观,白色至微灰色,raw_only,False,,非密-危险特性汇总表.docx,7,accepted,,,,,,,,,,,,,,,,,
PROPPD_19e4fd60d4c708525636,MATPD_9edceca819e802431f58,SRCPD_0020ca6863846aea2bf6,安定性,安定性说明,真空安定性：100℃，48h，2.10 ml／g,raw_only,False,,非密-危险特性汇总表.docx,7,accepted,真空安定性：100℃，48h，2.10 ml／g,真空安定性：100℃，48h，2.10 ml／g,,,,,,,,{},,,,,,,
PROPPD_588c45438431806d40d1,MATPD_9edceca819e802431f58,SRCPD_0020ca6863846aea2bf6,性能,相对密度,相对密度4.46g／cm3，5s,parsed,False,,非密-危险特性汇总表.docx,7,accepted,4.46g／cm3，5s,4.46g／cm3，5s,4.46,,,,g/cm3,exact,,{},,,,,,,
PROPPD_4fae80829b121e8eae58,MATPD_9edceca819e802431f58,SRCPD_0020ca6863846aea2bf6,性能,爆发点,爆发点344℃，极限起爆药量：PETN6mg，RDX7mg,parsed,False,,非密-危险特性汇总表.docx,7,accepted,344℃,344℃,344.0,,,,℃,exact,爆发温度,{},,,,,,,
PROPPD_af9303c1eadded32a40c,MATPD_9edceca819e802431f58,SRCPD_0020ca6863846aea2bf6,性能,撞击感度,撞击感度H50／cm，400g落锤，32.5（S：4.6）,parsed,False,,非密-危险特性汇总表.docx,7,accepted,32.5cm,32.5cm,32.5,,,,cm,exact,H50,"{""hammer_mass"": {""unit"": ""g"", ""value"": 400.0}, ""standard_deviation"": {""unit"": """", ""value"": 4.6}}",,,,,,,
PROPPD_13ee88e1f73b4883319d,MATPD_9edceca819e802431f58,SRCPD_0020ca6863846aea2bf6,性能,摩擦感度,摩擦感度90°角，0.49MPa，40 %发火,parsed,False,,非密-危险特性汇总表.docx,7,accepted,40%,40%,40.0,,,,%,exact,发火/爆炸率,"{""angle"": {""unit"": ""°"", ""value"": 90.0}, ""pressure"": {""unit"": ""MPa"", ""value"": 0.49}}",,,,,,,
PROPPD_ebb714e8b6f67871500b,MATPD_9edceca819e802431f58,SRCPD_0020ca6863846aea2bf6,性能,火焰感度,火焰感度H50／cm，10.7（S：1.9）,parsed,False,,非密-危险特性汇总表.docx,7,accepted,10.7cm,10.7cm,10.7,,,,cm,exact,H50,"{""standard_deviation"": {""unit"": """", ""value"": 1.9}}",,,,,,,
PROPPD_fc9aebb406afd7d9050c,MATPD_9edceca819e802431f58,SRCPD_0020ca6863846aea2bf6,性能,静电感度,"静电感度50%发火电压（kv）546μF,间隙0.12mm，1.56（S：0.184）",parsed,False,,非密-危险特性汇总表.docx,7,accepted,1.56kV,1.56kV,1.56,,,,kV,exact,50%发火电压,"{""capacitance"": {""unit"": ""μF"", ""value"": 546.0}, ""gap"": {""unit"": ""mm"", ""value"": 0.12}, ""standard_deviation"": {""unit"": """", ""value"": 0.184}}",,,,,,,
PROPPD_5d7b879fa29294b918d3,MATPD_073c9f2d18ae3b5235e5,SRCPD_185a8d3d83e8d4e9f481,外观,外观,白色至浅黄色的易流散性颗粒,raw_only,False,,非密-危险特性汇总表.docx,8,accepted,,,,,,,,,,,,,,,,,
PROPPD_552b33be19bfe5b5517f,MATPD_073c9f2d18ae3b5235e5,SRCPD_185a8d3d83e8d4e9f481,安定性,安定性说明,真空安定性：100℃，48h，2.16 ml／g,raw_only,False,,非密-危险特性汇总表.docx,8,accepted,真空安定性：100℃，48h，2.16 ml／g,真空安定性：100℃，48h，2.16 ml／g,,,,,,,,{},,,,,,,
PROPPD_178215d660ceba1ecdd0,MATPD_073c9f2d18ae3b5235e5,SRCPD_185a8d3d83e8d4e9f481,性能,相对密度,相对密度4.71g／cm3，5s,parsed,False,,非密-危险特性汇总表.docx,8,accepted,4.71g／cm3，5s,4.71g／cm3，5s,4.71,,,,g/cm3,exact,,{},,,,,,,
PROPPD_70ba58beaa57c556d3f1,MATPD_073c9f2d18ae3b5235e5,SRCPD_185a8d3d83e8d4e9f481,性能,爆发点,爆发点326—340℃，极限起爆药量：PETN12mg，RDX13mg,parsed,False,,非密-危险特性汇总表.docx,8,accepted,326—340℃,326—340℃,,326.0,340.0,,℃,range,爆发温度,{},,,,,,,
PROPPD_3695b97a945179b1a164,MATPD_073c9f2d18ae3b5235e5,SRCPD_185a8d3d83e8d4e9f481,性能,撞击感度,撞击感度H50／cm，400g落锤，27.8（S：1.9）,parsed,False,,非密-危险特性汇总表.docx,8,accepted,27.8cm,27.8cm,27.8,,,,cm,exact,H50,"{""hammer_mass"": {""unit"": ""g"", ""value"": 400.0}, ""standard_deviation"": {""unit"": """", ""value"": 1.9}}",,,,,,,
PROPPD_b1b4a516e98ef8d765fc,MATPD_073c9f2d18ae3b5235e5,SRCPD_185a8d3d83e8d4e9f481,性能,摩擦感度,摩擦感度90°角，0.49MPa，65%发火,parsed,False,,非密-危险特性汇总表.docx,8,accepted,65%,65%,65.0,,,,%,exact,发火/爆炸率,"{""angle"": {""unit"": ""°"", ""value"": 90.0}, ""pressure"": {""unit"": ""MPa"", ""value"": 0.49}}",,,,,,,
PROPPD_47e400d2a3272c1f9a8b,MATPD_073c9f2d18ae3b5235e5,SRCPD_185a8d3d83e8d4e9f481,性能,火焰感度,火焰感度H50／cm，14.2（S：2.1）,parsed,False,,非密-危险特性汇总表.docx,8,accepted,14.2cm,14.2cm,14.2,,,,cm,exact,H50,"{""standard_deviation"": {""unit"": """", ""value"": 2.1}}",,,,,,,
PROPPD_9b4d265e4a03afa6d5f1,MATPD_073c9f2d18ae3b5235e5,SRCPD_185a8d3d83e8d4e9f481,性能,静电感度,"静电感度50%发火电压（kv）546μF,间隙0.12mm,18.72（S：1.590）",parsed,False,,非密-危险特性汇总表.docx,8,accepted,18.72kV,18.72kV,18.72,,,,kV,exact,50%发火电压,"{""capacitance"": {""unit"": ""μF"", ""value"": 546.0}, ""gap"": {""unit"": ""mm"", ""value"": 0.12}, ""standard_deviation"": {""unit"": """", ""value"": 1.59}}",,,,,,,
PROPPD_1c41f3bfb9b1c4cd8bdb,MATPD_dcf5456795b9d44c598f,SRCPD_b695e667c14405e1b901,外观,外观,白色至浅黄色的易流散性颗粒,raw_only,False,,非密-危险特性汇总表.docx,9,accepted,,,,,,,,,,,,,,,,,
PROPPD_3a8d065d921fa0a7de33,MATPD_dcf5456795b9d44c598f,SRCPD_b695e667c14405e1b901,安定性,安定性说明,真空安定性：100℃，48h，1.29 ml／g,raw_only,False,,非密-危险特性汇总表.docx,9,accepted,真空安定性：100℃，48h，1.29 ml／g,真空安定性：100℃，48h，1.29 ml／g,,,,,,,,{},,,,,,,
PROPPD_8d0d6bb239486cb9d5a8,MATPD_dcf5456795b9d44c598f,SRCPD_b695e667c14405e1b901,性能,相对密度,相对密度4.86g／cm3，5s,parsed,False,,非密-危险特性汇总表.docx,9,accepted,4.86g／cm3，5s,4.86g／cm3，5s,4.86,,,,g/cm3,exact,,{},,,,,,,
PROPPD_538380e2b810d274b01d,MATPD_dcf5456795b9d44c598f,SRCPD_b695e667c14405e1b901,性能,爆发点,爆发点348—350℃，极限起爆药量：PETN4mg，RDX6mg,parsed,False,,非密-危险特性汇总表.docx,9,accepted,348—350℃,348—350℃,,348.0,350.0,,℃,range,爆发温度,{},,,,,,,
PROPPD_8bb69fcc6e40fab38f00,MATPD_dcf5456795b9d44c598f,SRCPD_b695e667c14405e1b901,性能,撞击感度,撞击感度H50／cm，400g落锤，27.4（S：5.2）,parsed,False,,非密-危险特性汇总表.docx,9,accepted,27.4cm,27.4cm,27.4,,,,cm,exact,H50,"{""hammer_mass"": {""unit"": ""g"", ""value"": 400.0}, ""standard_deviation"": {""unit"": """", ""value"": 5.2}}",,,,,,,
PROPPD_d7a4e3c5d58270e872fd,MATPD_dcf5456795b9d44c598f,SRCPD_b695e667c14405e1b901,性能,摩擦感度,摩擦感度90°角，0.49MPa，85 %发火,parsed,False,,非密-危险特性汇总表.docx,9,accepted,85%,85%,85.0,,,,%,exact,发火/爆炸率,"{""angle"": {""unit"": ""°"", ""value"": 90.0}, ""pressure"": {""unit"": ""MPa"", ""value"": 0.49}}",,,,,,,
PROPPD_0b30b09438cf93a6d0eb,MATPD_dcf5456795b9d44c598f,SRCPD_b695e667c14405e1b901,性能,火焰感度,火焰感度H50／cm，18.0（S：2.6）,parsed,False,,非密-危险特性汇总表.docx,9,accepted,18.0cm,18.0cm,18.0,,,,cm,exact,H50,"{""standard_deviation"": {""unit"": """", ""value"": 2.6}}",,,,,,,
PROPPD_0d444bbb684506be351d,MATPD_dcf5456795b9d44c598f,SRCPD_b695e667c14405e1b901,性能,静电感度,"静电感度50%发火电压（kv）546μF,间隙0.12mm，3.56（S：0.530）",parsed,False,,非密-危险特性汇总表.docx,9,accepted,3.56kV,3.56kV,3.56,,,,kV,exact,50%发火电压,"{""capacitance"": {""unit"": ""μF"", ""value"": 546.0}, ""gap"": {""unit"": ""mm"", ""value"": 0.12}, ""standard_deviation"": {""unit"": """", ""value"": 0.53}}",,,,,,,
PROPPD_b64ae0f40d83941aa809,MATPD_608469787201a8d96a55,SRCPD_7e7d6ef541b2bce6272d,外观,外观,白色或灰色晶体粉末，晶形为菱形。,raw_only,False,,非密-危险特性汇总表.docx,10,accepted,,,,,,,,,,,,,,,,,
PROPPD_53ae5b761ac3ea32b57d,MATPD_608469787201a8d96a55,SRCPD_7e7d6ef541b2bce6272d,安定性,安定性说明,50℃，2h分解；75℃，48h减量0.15%；100℃，48h，爆炸。,raw_only,False,,非密-危险特性汇总表.docx,10,accepted,50℃，2h分解；75℃，48h减量0.15%；100℃，48h，爆炸。,50℃，2h分解；75℃，48h减量0.15%；100℃，48h，爆炸。,,,,,,,,{},,,,,,,
PROPPD_d854c1d9d2afa6593c60,MATPD_608469787201a8d96a55,SRCPD_7e7d6ef541b2bce6272d,性能,爆速,爆速：5400m／s，ρ=4.0—4.3,parsed,False,,非密-危险特性汇总表.docx,10,accepted,5400m／s,5400m／s,5400.0,,,,m/s,exact,爆轰速度,{},,,,,,,
PROPPD_10a4d61c5694b4b86ff0,MATPD_608469787201a8d96a55,SRCPD_7e7d6ef541b2bce6272d,性能,冲击感度上限,冲击感度（落高）：上限9.5cm；下限3.5cm,parsed,False,,非密-危险特性汇总表.docx,10,accepted,9.5cm,9.5cm,9.5,,,,cm,exact,上限,{},,,,,,,
PROPPD_1334c74a2854beaf90c2,MATPD_608469787201a8d96a55,SRCPD_7e7d6ef541b2bce6272d,性能,冲击感度下限,冲击感度（落高）：上限9.5cm；下限3.5cm,parsed,False,,非密-危险特性汇总表.docx,10,accepted,3.5cm,3.5cm,3.5,,,,cm,exact,下限,{},,,,,,,
PROPPD_fd8eb70249d9b0805d01,MATPD_608469787201a8d96a55,SRCPD_7e7d6ef541b2bce6272d,性能,摩擦感度,摩擦感度（发火率）：100%,parsed,False,,非密-危险特性汇总表.docx,10,accepted,100%,100%,100.0,,,,%,exact,发火/爆炸率,{},,,,,,,
PROPPD_b750b3ee4b03eb3f9649,MATPD_3d5bffcece35a7c5118a,SRCPD_0a3dc0466128aede02da,外观,外观,楔形玻璃状细小结晶；微黄色,raw_only,False,,非密-危险特性汇总表.docx,11,accepted,,,,,,,,,,,,,,,,,
PROPPD_b732355b7523ff595099,MATPD_3d5bffcece35a7c5118a,SRCPD_0a3dc0466128aede02da,安定性,安定性说明,50℃时安定；75℃，10昼夜减量8%；100℃，48h，明显分解。,raw_only,False,,非密-危险特性汇总表.docx,11,accepted,50℃时安定；75℃，10昼夜减量8%；100℃，48h，明显分解。,50℃时安定；75℃，10昼夜减量8%；100℃，48h，明显分解。,,,,,,,,{},,,,,,,
PROPPD_9c4ca132113eac6097e7,MATPD_3d5bffcece35a7c5118a,SRCPD_0a3dc0466128aede02da,性能,爆速,爆速：5700m／s，ρ=0.9,parsed,False,,非密-危险特性汇总表.docx,11,accepted,5700m／s,5700m／s,5700.0,,,,m/s,exact,爆轰速度,{},,,,,,,
PROPPD_44363f72f2b456360b45,MATPD_3d5bffcece35a7c5118a,SRCPD_0a3dc0466128aede02da,性能,冲击感度上限,冲击感度（落高）：上限6cm；下限3cm,parsed,False,,非密-危险特性汇总表.docx,11,accepted,6cm,6cm,6.0,,,,cm,exact,上限,{},,,,,,,
PROPPD_d11e005651b77125a060,MATPD_3d5bffcece35a7c5118a,SRCPD_0a3dc0466128aede02da,性能,冲击感度下限,冲击感度（落高）：上限6cm；下限3cm,parsed,False,,非密-危险特性汇总表.docx,11,accepted,3cm,3cm,3.0,,,,cm,exact,下限,{},,,,,,,
PROPPD_3cccde408bfc1fed28ee,MATPD_3d5bffcece35a7c5118a,SRCPD_0a3dc0466128aede02da,性能,摩擦感度,摩擦感度（发火率）：70%,parsed,False,,非密-危险特性汇总表.docx,11,accepted,70%,70%,70.0,,,,%,exact,发火/爆炸率,{},,,,,,,
PROPPD_53e24804b78f4a9c8342,MATPD_160c4846fde2b668269b,SRCPD_9eaad84b312303c5a09d,外观,外观,黄色结晶,raw_only,False,,非密-危险特性汇总表.docx,12,accepted,,,,,,,,,,,,,,,,,
PROPPD_f8a8d7c29268610c9b88,MATPD_160c4846fde2b668269b,SRCPD_9eaad84b312303c5a09d,安定性,安定性说明,分解峰值温度为346℃（10℃／min）,raw_only,False,,非密-危险特性汇总表.docx,12,accepted,分解峰值温度为346℃（10℃／min）,分解峰值温度为346℃（10℃／min）,,,,,,,,{},,,,,,,
PROPPD_6b9cd66545927c093128,MATPD_160c4846fde2b668269b,SRCPD_9eaad84b312303c5a09d,性能,相对密度,相对密度2.59。5s,parsed,False,,非密-危险特性汇总表.docx,12,accepted,2.59。5s,2.59。5s,2.59,,,,,exact,,{},,,,,,,
PROPPD_64fc0012e8c2e0d32b37,MATPD_160c4846fde2b668269b,SRCPD_9eaad84b312303c5a09d,性能,爆发点,爆发点为392.5℃／5s，活化能169KJ／mol,parsed,False,,非密-危险特性汇总表.docx,12,accepted,392.5℃,392.5℃,392.5,,,,℃,exact,爆发温度,"{""test_duration"": {""unit"": ""s"", ""value"": 5.0}}",,,,,,,
PROPPD_03e01a3843891bace096,MATPD_160c4846fde2b668269b,SRCPD_9eaad84b312303c5a09d,性能,撞击感度,撞击感度爆炸率为4—8%,parsed,False,,非密-危险特性汇总表.docx,12,accepted,4—8%,4—8%,,4.0,8.0,,%,range,发火/爆炸率,{},,,,,,,
PROPPD_10adacbc43030ea24b13,MATPD_160c4846fde2b668269b,SRCPD_9eaad84b312303c5a09d,性能,摩擦感度,摩擦感度16—24%,parsed,False,,非密-危险特性汇总表.docx,12,accepted,16—24%,16—24%,,16.0,24.0,,%,range,发火/爆炸率,{},,,,,,,
PROPPD_81f5af5708971c55a8c7,MATPD_160c4846fde2b668269b,SRCPD_9eaad84b312303c5a09d,性能,火焰感度,"火焰感度42cm—44cm（50%发火,标准条件），静电火花感度50%，静电起爆能量为0.347J—0.358J。不能单独起爆PETN等猛炸药",parsed,False,,非密-危险特性汇总表.docx,12,accepted,42—44cm,42—44cm,,42.0,44.0,,cm,range,50%发火高度范围,{},,,,,,,
PROPPD_8f5133e5b1affacfcdae,MATPD_7bc1298fd5a601da0080,SRCPD_54d0e273da4d143fe681,外观,外观,黄色或橙色结晶，属于单斜晶系,raw_only,False,,非密-危险特性汇总表.docx,13,accepted,,,,,,,,,,,,,,,,,
PROPPD_daf5fb239380d8ff1fae,MATPD_7bc1298fd5a601da0080,SRCPD_54d0e273da4d143fe681,安定性,加热试验温度,100℃加热试验,parsed,False,,非密-危险特性汇总表.docx,13,accepted,100℃,100℃,100.0,,,,℃,exact,,{},,,,,,,
PROPPD_43ec055c3d440ace23ab,MATPD_7bc1298fd5a601da0080,SRCPD_54d0e273da4d143fe681,安定性,安定性原文,分解峰值温度为290℃（10℃／min）。常温下安定；100℃加热试验，第一48h，失重0.20%；第二48h，失重0.02%,raw_only,False,,非密-危险特性汇总表.docx,13,accepted,分解峰值温度为290℃（10℃／min）。常温下安定；100℃加热试验，第一48h，失重0.20%；第二48h，失重0.02%,分解峰值温度为290℃（10℃／min）。常温下安定；100℃加热试验，第一48h，失重0.20%；第二48h，失重0.02%,,,,,,,,{},,,,,,,
PROPPD_5db25763b75af3fe6a8c,MATPD_7bc1298fd5a601da0080,SRCPD_54d0e273da4d143fe681,性能,相对密度,相对密度3.2。5s,parsed,False,,非密-危险特性汇总表.docx,13,accepted,3.2。5s,3.2。5s,3.2,,,,,exact,,{},,,,,,,
PROPPD_d5b8d0cb84e2fdb64bf1,MATPD_7bc1298fd5a601da0080,SRCPD_54d0e273da4d143fe681,性能,爆发点,爆发点为265℃,parsed,False,,非密-危险特性汇总表.docx,13,accepted,265℃,265℃,265.0,,,,℃,exact,爆发温度,{},,,,,,,
PROPPD_77043507196e44499b91,MATPD_7bc1298fd5a601da0080,SRCPD_54d0e273da4d143fe681,性能,爆热,爆热1025J／g。爆炸,parsed,False,,非密-危险特性汇总表.docx,13,accepted,1025J／g。爆炸,1025J／g。爆炸,1025.0,,,,J/g,exact,,{},,,,,,,
PROPPD_dd760d354ce676994407,MATPD_7bc1298fd5a601da0080,SRCPD_54d0e273da4d143fe681,性能,比容,比容305ml／g,parsed,False,,非密-危险特性汇总表.docx,13,accepted,305ml／g,305ml／g,305.0,,,,ml/g,exact,,{},,,,,,,
PROPPD_ca4a8f714610ab21351d,MATPD_7bc1298fd5a601da0080,SRCPD_54d0e273da4d143fe681,性能,撞击感度,撞击感度13.6cm（50%爆炸，800g落锤，20mg样品）；30cm（10%爆炸，1kg落锤，20mg样品）,parsed,False,,非密-危险特性汇总表.docx,13,accepted,13.6cm,13.6cm,13.6,,,,cm,exact,50%爆炸高度,"{""hammer_mass"": {""unit"": ""g"", ""value"": 800.0}, ""sample_mass"": {""unit"": ""mg"", ""value"": 20.0}}",,,,,,,
PROPPD_85a199f308a4979a050d,MATPD_7bc1298fd5a601da0080,SRCPD_54d0e273da4d143fe681,性能,摩擦感度,摩擦感度28%（0.51MPa，45°摆角，20mg样品）,parsed,False,,非密-危险特性汇总表.docx,13,accepted,28%,28%,28.0,,,,%,exact,发火/爆炸率,"{""angle"": {""unit"": ""°"", ""value"": 45.0}, ""pressure"": {""unit"": ""MPa"", ""value"": 0.51}, ""sample_mass"": {""unit"": ""mg"", ""value"": 20.0}}",,,,,,,
PROPPD_71d61b66ad7609d7a295,MATPD_7bc1298fd5a601da0080,SRCPD_54d0e273da4d143fe681,性能,火焰感度,火焰感度40.7cm（50%发火，标准条件），67.3 cm （发火感度上限，标准条件），14.3cm（发火感度下限，标准条件）。对静电敏感。不能单独起爆军用炸药,parsed,False,,非密-危险特性汇总表.docx,13,accepted,40.7cm,40.7cm,40.7,,,,cm,exact,50%发火高度,{},,,,,,,
PROPPD_e6f66a11642965c46b5d,MATPD_a03c169ba67b5cc41309,SRCPD_1433835a3900dcf63e68,外观,外观,橙色至棕色结晶粉末,raw_only,False,,非密-危险特性汇总表.docx,14,accepted,,,,,,,,,,,,,,,,,
PROPPD_56e3fc97c5f16ccb4928,MATPD_a03c169ba67b5cc41309,SRCPD_1433835a3900dcf63e68,安定性,加热试验温度,100℃加热试验,parsed,False,,非密-危险特性汇总表.docx,14,accepted,100℃,100℃,100.0,,,,℃,exact,,{},,,,,,,
PROPPD_45df850e7466ce59b09c,MATPD_a03c169ba67b5cc41309,SRCPD_1433835a3900dcf63e68,安定性,安定性原文,分解峰值温度为217℃（10℃／min）。常温下安定；100℃加热试验，第一48h，失重0.03%；第二48h，失重0.05%,raw_only,False,,非密-危险特性汇总表.docx,14,accepted,分解峰值温度为217℃（10℃／min）。常温下安定；100℃加热试验，第一48h，失重0.03%；第二48h，失重0.05%,分解峰值温度为217℃（10℃／min）。常温下安定；100℃加热试验，第一48h，失重0.03%；第二48h，失重0.05%,,,,,,,,{},,,,,,,
PROPPD_ab1c052a41f6ceb3e115,MATPD_a03c169ba67b5cc41309,SRCPD_1433835a3900dcf63e68,性能,相对密度,相对密度2.069，5s,parsed,False,,非密-危险特性汇总表.docx,14,accepted,2.069，5s,2.069，5s,2.069,,,,,exact,,{},,,,,,,
PROPPD_1252c86fc08d95567918,MATPD_a03c169ba67b5cc41309,SRCPD_1433835a3900dcf63e68,性能,爆发点,爆发点为250℃,parsed,False,,非密-危险特性汇总表.docx,14,accepted,250℃,250℃,250.0,,,,℃,exact,爆发温度,{},,,,,,,
PROPPD_85f95d27b34adae42bab,MATPD_a03c169ba67b5cc41309,SRCPD_1433835a3900dcf63e68,性能,燃烧热,燃烧热9234J／g,parsed,False,,非密-危险特性汇总表.docx,14,accepted,9234J／g,9234J／g,9234.0,,,,J/g,exact,,{},,,,,,,
PROPPD_9370ef203cbac372433d,MATPD_a03c169ba67b5cc41309,SRCPD_1433835a3900dcf63e68,性能,爆热,爆热3031J／g。爆炸,parsed,False,,非密-危险特性汇总表.docx,14,accepted,3031J／g。爆炸,3031J／g。爆炸,3031.0,,,,J/g,exact,,{},,,,,,,
PROPPD_3d105053e5eca5ad8ef9,MATPD_a03c169ba67b5cc41309,SRCPD_1433835a3900dcf63e68,性能,比容,比容604ml／g,parsed,False,,非密-危险特性汇总表.docx,14,accepted,604ml／g,604ml／g,604.0,,,,ml/g,exact,,{},,,,,,,
PROPPD_7414e8b65f48c5606f67,MATPD_a03c169ba67b5cc41309,SRCPD_1433835a3900dcf63e68,性能,撞击感度,撞击感度9cm（50%爆炸，400g落锤，20mg样品）,parsed,False,,非密-危险特性汇总表.docx,14,accepted,9cm,9cm,9.0,,,,cm,exact,50%爆炸高度,"{""hammer_mass"": {""unit"": ""g"", ""value"": 400.0}, ""sample_mass"": {""unit"": ""mg"", ""value"": 20.0}}",,,,,,,
PROPPD_b61185093b0d3e9e354d,MATPD_a03c169ba67b5cc41309,SRCPD_1433835a3900dcf63e68,性能,摩擦感度,摩擦感度40—60%（1.23MPa，70°摆角）,parsed,False,,非密-危险特性汇总表.docx,14,accepted,40—60%,40—60%,,40.0,60.0,,%,range,发火/爆炸率,"{""angle"": {""unit"": ""°"", ""value"": 70.0}, ""pressure"": {""unit"": ""MPa"", ""value"": 1.23}}",,,,,,,
PROPPD_cea47dd8d58ca7c6898d,MATPD_a03c169ba67b5cc41309,SRCPD_1433835a3900dcf63e68,性能,火焰感度,火焰感度44.6cm（50%发火，标准条件），静电起爆能量：50%发火能量为2.4×10—4 J—3.5×10—4J。不能单独起爆军用炸药,parsed,False,,非密-危险特性汇总表.docx,14,accepted,44.6cm,44.6cm,44.6,,,,cm,exact,50%发火高度,{},,,,,,,
PROPPD_4c08a2b11f36f4703ba6,MATPD_7a30c1e11224b700aa6b,SRCPD_3843aae1b6ffc6bfb52c,外观,外观,黄色棒状结晶，加晶形控制剂合成为颗粒状结晶,raw_only,False,,非密-危险特性汇总表.docx,15,accepted,,,,,,,,,,,,,,,,,
PROPPD_4826264689f558813251,MATPD_7a30c1e11224b700aa6b,SRCPD_3843aae1b6ffc6bfb52c,安定性,加热试验温度,100℃加热试验,parsed,False,,非密-危险特性汇总表.docx,15,accepted,100℃,100℃,100.0,,,,℃,exact,,{},,,,,,,
PROPPD_1d6aa7d7a9bbc0ab1992,MATPD_7a30c1e11224b700aa6b,SRCPD_3843aae1b6ffc6bfb52c,安定性,安定性原文,分解峰值温度为344℃（10℃／min）。常温下安定；100℃加热试验，第一48h，失重0.13%,raw_only,False,,非密-危险特性汇总表.docx,15,accepted,分解峰值温度为344℃（10℃／min）。常温下安定；100℃加热试验，第一48h，失重0.13%,分解峰值温度为344℃（10℃／min）。常温下安定；100℃加热试验，第一48h，失重0.13%,,,,,,,,{},,,,,,,
PROPPD_69aff771568a0b655354,MATPD_7a30c1e11224b700aa6b,SRCPD_3843aae1b6ffc6bfb52c,性能,爆发点,爆发点为391℃,parsed,False,,非密-危险特性汇总表.docx,15,accepted,391℃,391℃,391.0,,,,℃,exact,爆发温度,{},,,,,,,
PROPPD_432052b0bcd0d693cd94,MATPD_7a30c1e11224b700aa6b,SRCPD_3843aae1b6ffc6bfb52c,性能,燃烧热,燃烧热9232J／g，爆炸,parsed,False,,非密-危险特性汇总表.docx,15,accepted,9232J／g，爆炸,9232J／g，爆炸,9232.0,,,,J/g,exact,,{},,,,,,,
PROPPD_8486e2ff1a0be3b1dc06,MATPD_7a30c1e11224b700aa6b,SRCPD_3843aae1b6ffc6bfb52c,性能,比容,比容573ml／g,parsed,False,,非密-危险特性汇总表.docx,15,accepted,573ml／g,573ml／g,573.0,,,,ml/g,exact,,{},,,,,,,
PROPPD_3eebe18d5db143ad4e6b,MATPD_7a30c1e11224b700aa6b,SRCPD_3843aae1b6ffc6bfb52c,性能,撞击感度,撞击感度27.3cm（800g落锤，20mg样品）,parsed,False,,非密-危险特性汇总表.docx,15,accepted,27.3cm,27.3cm,27.3,,,,cm,exact,感度高度,"{""hammer_mass"": {""unit"": ""g"", ""value"": 800.0}, ""sample_mass"": {""unit"": ""mg"", ""value"": 20.0}}",,,,,,,
PROPPD_2aef7b311334a6299000,MATPD_7a30c1e11224b700aa6b,SRCPD_3843aae1b6ffc6bfb52c,性能,摩擦感度,摩擦感度2%（3.92MPa，90°摆角，10mg样品）,parsed,False,,非密-危险特性汇总表.docx,15,accepted,2%,2%,2.0,,,,%,exact,发火/爆炸率,"{""angle"": {""unit"": ""°"", ""value"": 90.0}, ""pressure"": {""unit"": ""MPa"", ""value"": 3.92}, ""sample_mass"": {""unit"": ""mg"", ""value"": 10.0}}",,,,,,,
PROPPD_a7ee08aa8a05661e2c4a,MATPD_7a30c1e11224b700aa6b,SRCPD_3843aae1b6ffc6bfb52c,性能,火焰感度,火焰感度38cm（50%发火，标准条件），静电起爆能量（50%发火），正极为1.75J，负极1.68J。不能单独起爆军用炸药,parsed,False,,非密-危险特性汇总表.docx,15,accepted,38cm,38cm,38.0,,,,cm,exact,50%发火高度,{},,,,,,,
PROPPD_363c38eb1deb055e0c75,MATPD_2bdeba018769c977ec8f,SRCPD_8852ceb8c73c26c4eb7e,外观,外观,白色多面体结晶，具有良好的流散性,raw_only,False,,非密-危险特性汇总表.docx,16,accepted,,,,,,,,,,,,,,,,,
PROPPD_76cc025cdab04f9ee26b,MATPD_2bdeba018769c977ec8f,SRCPD_8852ceb8c73c26c4eb7e,安定性,加热时间,加热48h,parsed,False,,非密-危险特性汇总表.docx,16,accepted,48h,48h,48.0,,,,h,exact,,{},,,,,,,
PROPPD_23dae80586209ce352fc,MATPD_2bdeba018769c977ec8f,SRCPD_8852ceb8c73c26c4eb7e,安定性,安定性原文,75℃，加热48h，失质量为—0.12%,raw_only,False,,非密-危险特性汇总表.docx,16,accepted,75℃，加热48h，失质量为—0.12%,75℃，加热48h，失质量为—0.12%,,,,,,,,{},,,,,,,
PROPPD_efd3d59767187d40a816,MATPD_2bdeba018769c977ec8f,SRCPD_8852ceb8c73c26c4eb7e,性能,相对密度,相对密度2.07g／cm3,parsed,False,,非密-危险特性汇总表.docx,16,accepted,2.07g／cm3,2.07g／cm3,2.07,,,,g/cm3,exact,,{},,,,,,,
PROPPD_1e09fae5ab77b7d24e3b,MATPD_2bdeba018769c977ec8f,SRCPD_8852ceb8c73c26c4eb7e,性能,撞击感度,撞击感度：5kg落锤，50mg药量，50%发火高度为24.5cm,parsed,False,,非密-危险特性汇总表.docx,16,accepted,24.5cm,24.5cm,24.5,,,,cm,exact,50%发火高度,"{""hammer_mass"": {""unit"": ""kg"", ""value"": 5.0}, ""sample_mass"": {""unit"": ""mg"", ""value"": 50.0}}",,,,,,,
PROPPD_dccc5188206603135352,MATPD_2bdeba018769c977ec8f,SRCPD_8852ceb8c73c26c4eb7e,性能,摩擦感度,摩擦感度：:爆炸百分数8%（70°摆角，1.23MPa压力）；爆炸百分数6%（90°摆角，1.96MPa压力）,parsed,False,,非密-危险特性汇总表.docx,16,accepted,8%,8%,8.0,,,,%,exact,发火/爆炸率,"{""angle"": {""unit"": ""°"", ""value"": 70.0}, ""pressure"": {""unit"": ""MPa"", ""value"": 1.23}}",,,,,,,
PROPPD_308b18b61836416924bf,MATPD_2bdeba018769c977ec8f,SRCPD_8852ceb8c73c26c4eb7e,性能,火焰感度,火焰感度：在常压条件下，标准黑药柱不能点燃GTG起爆药。静电火花感度：正极50%发火能量为1.73J，负极50%发火能量为2.50J,pending_review,True,unresolved_multinumber_sensitivity,非密-危险特性汇总表.docx,16,pending_review,火焰感度：在常压条件下，标准黑药柱不能点燃GTG起爆药。静电火花感度：正极50%发火能量为1.73J，负极50%发火能量为2.50J,火焰感度：在常压条件下，标准黑药柱不能点燃GTG起爆药。静电火花感度：正极50%发火能量为1.73J，负极50%发火能量为2.50J,,,,,,,,{},,,,,,,
PROPPD_f80fe4fc1623be7fa95f,MATPD_2bdeba018769c977ec8f,SRCPD_8852ceb8c73c26c4eb7e,性能,爆速,爆速4400m／s（装药,parsed,False,,非密-危险特性汇总表.docx,16,accepted,4400m／s,4400m／s,4400.0,,,,m/s,exact,爆轰速度,{},,,,,,,
PROPPD_dff8b796f702ed53e146,MATPD_2bdeba018769c977ec8f,SRCPD_8852ceb8c73c26c4eb7e,性能,密度,密度1.1g／m3）,parsed,False,,非密-危险特性汇总表.docx,16,accepted,1.1g／m3）,1.1g／m3）,1.1,,,,g/m3,exact,,{},,,,,,,
PROPPD_f4d4ff39525e07d6949e,MATPD_2bdeba018769c977ec8f,SRCPD_8852ceb8c73c26c4eb7e,性能,爆热,爆热3900KJ／kg,parsed,False,,非密-危险特性汇总表.docx,16,accepted,3900KJ／kg,3900KJ／kg,3900.0,,,,kJ/kg,exact,,{},,,,,,,
PROPPD_4b1edd8f61d2cc555222,MATPD_2bdeba018769c977ec8f,SRCPD_8852ceb8c73c26c4eb7e,性能,爆容,爆容730L／kg,parsed,False,,非密-危险特性汇总表.docx,16,accepted,730L／kg,730L／kg,730.0,,,,L/kg,exact,,{},,,,,,,
PROPPD_e30bc55049c2e4a1d647,MATPD_2bdeba018769c977ec8f,SRCPD_8852ceb8c73c26c4eb7e,性能,威力（8号铁壳雷管）,威力：GTG装药量为150mg时，8号铁壳雷管为21.0ml，8号铝壳雷管为26.0ml,parsed,False,,非密-危险特性汇总表.docx,16,accepted,21.0ml,21.0ml,21.0,,,,ml,exact,铅块扩张量,"{""charge_mass"": {""unit"": ""mg"", ""value"": 150.0}}",,,,,,,
PROPPD_2aeb5fe2e66f121d2bcf,MATPD_2bdeba018769c977ec8f,SRCPD_8852ceb8c73c26c4eb7e,性能,威力（8号铝壳雷管）,威力：GTG装药量为150mg时，8号铁壳雷管为21.0ml，8号铝壳雷管为26.0ml,parsed,False,,非密-危险特性汇总表.docx,16,accepted,26.0ml,26.0ml,26.0,,,,ml,exact,铅块扩张量,"{""charge_mass"": {""unit"": ""mg"", ""value"": 150.0}}",,,,,,,
PROPPD_bd343ba83cad4acfe8f2,MATPD_f045192515f41dc980eb,SRCPD_c4b78b3c4fbaec58a653,外观,外观,玫瑰色聚晶，密实均匀，流散性佳,raw_only,False,,非密-危险特性汇总表.docx,17,accepted,,,,,,,,,,,,,,,,,
PROPPD_728c4c90ced98b248304,MATPD_f045192515f41dc980eb,SRCPD_c4b78b3c4fbaec58a653,性能,密度,密度大于0.8g／cm3,parsed,False,,非密-危险特性汇总表.docx,17,accepted,大于0.8g／cm3,大于0.8g／cm3,0.8,,,,g/cm3,exact,,{},,,,,,,
PROPPD_9c4ec7a96b9d23f04bc8,MATPD_f045192515f41dc980eb,SRCPD_c4b78b3c4fbaec58a653,性能,火焰感度,火焰感度优良，达到三硝基间苯二酚铅的同等水品。机械感度低于DDNP，静电积累值小，静电火花感度低,raw_only,False,,非密-危险特性汇总表.docx,17,accepted,火焰感度优良，达到三硝基间苯二酚铅的同等水品。机械感度低于DDNP，静电积累值小，静电火花感度低,火焰感度优良，达到三硝基间苯二酚铅的同等水品。机械感度低于DDNP，静电积累值小，静电火花感度低,,,,,,,,{},,,,,,,
PROPPD_6665b61a8e4a08ede468,MATPD_24453e8e3b68c77f0dc8,SRCPD_8fbeb7160ef376523c6a,外观,外观,橘红色，颗粒状聚晶。,raw_only,False,,非密-危险特性汇总表.docx,19,accepted,,,,,,,,,,,,,,,,,
PROPPD_d01662134eff1751f8ef,MATPD_24453e8e3b68c77f0dc8,SRCPD_8fbeb7160ef376523c6a,安定性,安定性说明,稳定性、热安定性：良好。,raw_only,False,,非密-危险特性汇总表.docx,19,accepted,稳定性、热安定性：良好。,稳定性、热安定性：良好。,,,,,,,,{},,,,,,,
PROPPD_33c3b328e7661b6fd92f,MATPD_24453e8e3b68c77f0dc8,SRCPD_8fbeb7160ef376523c6a,性能,爆热,爆热：913.85kJ／mol,parsed,False,,非密-危险特性汇总表.docx,19,accepted,913.85kJ／mol,913.85kJ／mol,913.85,,,,kJ/mol,exact,,{},,,,,,,
PROPPD_a20e944dc495fde3bbf5,MATPD_24453e8e3b68c77f0dc8,SRCPD_8fbeb7160ef376523c6a,性能,摩擦感度,摩擦感度45°角，2.5MPa，26%发火,parsed,False,,非密-危险特性汇总表.docx,19,accepted,26%,26%,26.0,,,,%,exact,发火/爆炸率,"{""angle"": {""unit"": ""°"", ""value"": 45.0}, ""pressure"": {""unit"": ""MPa"", ""value"": 2.5}}",,,,,,,
PROPPD_82500d21970b46a120b6,MATPD_24453e8e3b68c77f0dc8,SRCPD_8fbeb7160ef376523c6a,性能,冲击感度上限,冲击感度：400g落锤，上限30cm，下限4cm,parsed,False,,非密-危险特性汇总表.docx,19,accepted,30cm,30cm,30.0,,,,cm,exact,上限,"{""hammer_mass"": {""unit"": ""g"", ""value"": 400.0}}",,,,,,,
PROPPD_dfc97df9e2fa9ee4fc67,MATPD_24453e8e3b68c77f0dc8,SRCPD_8fbeb7160ef376523c6a,性能,冲击感度下限,冲击感度：400g落锤，上限30cm，下限4cm,parsed,False,,非密-危险特性汇总表.docx,19,accepted,4cm,4cm,4.0,,,,cm,exact,下限,"{""hammer_mass"": {""unit"": ""g"", ""value"": 400.0}}",,,,,,,
PROPPD_e58cb6da40e6781181ff,MATPD_4295850319cb4988c2e4,SRCPD_f4cf89cef339d9595476,外观,外观,桔黄色到棕黄色均匀颗粒。斯蒂芬酸铅含量18—20%，斯蒂芬酸钡含量82—80%,raw_only,False,,非密-危险特性汇总表.docx,20,accepted,,,,,,,,,,,,,,,,,
PROPPD_36bf79ee16d9b1c6dba0,MATPD_4295850319cb4988c2e4,SRCPD_f4cf89cef339d9595476,性能,撞击感度,撞击感度：52%爆炸（400g落锤，落高41cm）,parsed,False,,非密-危险特性汇总表.docx,20,accepted,52%,52%,52.0,,,,%,exact,发火/爆炸率,"{""hammer_mass"": {""unit"": ""g"", ""value"": 400.0}}",,,,,,,
PROPPD_9248290c62986904447c,MATPD_4295850319cb4988c2e4,SRCPD_f4cf89cef339d9595476,性能,摩擦感度,摩擦感度35发火%（90°角，3MPa）,parsed,False,,非密-危险特性汇总表.docx,20,accepted,35%,35%,35.0,,,,%,exact,发火/爆炸率,"{""angle"": {""unit"": ""°"", ""value"": 90.0}, ""pressure"": {""unit"": ""MPa"", ""value"": 3.0}}",,,,,,,
PROPPD_8fb655872a9b024f9c30,MATPD_4295850319cb4988c2e4,SRCPD_f4cf89cef339d9595476,性能,火焰感度上限,火焰感度：上限30cm，下限57.8cm,parsed,False,,非密-危险特性汇总表.docx,20,accepted,30cm,30cm,30.0,,,,cm,exact,上限,{},,,,,,,
PROPPD_0a82529d9ac2d1d427f4,MATPD_4295850319cb4988c2e4,SRCPD_f4cf89cef339d9595476,性能,火焰感度下限,火焰感度：上限30cm，下限57.8cm,parsed,False,,非密-危险特性汇总表.docx,20,accepted,57.8cm,57.8cm,57.8,,,,cm,exact,下限,{},,,,,,,
PROPPD_f18a6d0604f773a164dc,MATPD_ef9539a991855883c91d,SRCPD_65c6bbfa07e41152c270,外观,外观,白色到浅黄色易散性颗粒/,raw_only,False,,非密-危险特性汇总表.docx,21,accepted,,,,,,,,,,,,,,,,,
PROPPD_07e9e0eb31c991c79570,MATPD_ef9539a991855883c91d,SRCPD_65c6bbfa07e41152c270,性能,撞击感度,撞击感度，400g落锤，锥形击针，落高7.4.cm ，50%发火,parsed,False,,非密-危险特性汇总表.docx,21,accepted,7.4cm,7.4cm,7.4,,,,cm,exact,50%发火落高,"{""hammer_mass"": {""unit"": ""g"", ""value"": 400.0}}",,,,,,,
PROPPD_fa71fb979bad60280274,MATPD_ef9539a991855883c91d,SRCPD_65c6bbfa07e41152c270,性能,火焰感度,火焰感度：27.8cm，50%发火,parsed,False,,非密-危险特性汇总表.docx,21,accepted,27.8cm,27.8cm,27.8,,,,cm,exact,50%发火高度,{},,,,,,,
PROPPD_ac85da30b464e7bd8075,MATPD_0a9d8536cdebc6912ec4,SRCPD_1135ba42013edbce2e1b,外观,外观,α—三硝基甲苯为无色针状结晶，工业品梯恩梯为浅黄色鳞片状物。,raw_only,False,,非密-危险特性汇总表.docx,4,accepted,,,,,,,,,,,,,,,,,
PROPPD_a36837fdbf1c4d8c109c,MATPD_0a9d8536cdebc6912ec4,SRCPD_1135ba42013edbce2e1b,安定性,安定性说明,良好。150℃不分解，200℃分解0.8%，需385分钟。在常温下储存20年无变化。,raw_only,False,,非密-危险特性汇总表.docx,4,accepted,良好。150℃不分解，200℃分解0.8%，需385分钟。在常温下储存20年无变化。,良好。150℃不分解，200℃分解0.8%，需385分钟。在常温下储存20年无变化。,,,,,,,,{},,,,,,,
PROPPD_d626e5024644e9138846,MATPD_0a9d8536cdebc6912ec4,SRCPD_1135ba42013edbce2e1b,性能,爆速,爆速：6856m／s，ρ=1.595 mg／m3,parsed,False,,非密-危险特性汇总表.docx,4,accepted,6856m／s,6856m／s,6856.0,,,,m/s,exact,爆轰速度,{},,,,,,,
PROPPD_816d2adc81b9b4d531ac,MATPD_0a9d8536cdebc6912ec4,SRCPD_1135ba42013edbce2e1b,性能,摩擦感度,摩擦感度4—6%,parsed,False,,非密-危险特性汇总表.docx,4,accepted,4—6%,4—6%,,4.0,6.0,,%,range,发火/爆炸率,{},,,,,,,
PROPPD_a5670ca11c77c61dca7a,MATPD_0a9d8536cdebc6912ec4,SRCPD_1135ba42013edbce2e1b,性能,冲击感度,冲击感度8%,parsed,False,,非密-危险特性汇总表.docx,4,accepted,8%,8%,8.0,,,,%,exact,发火/爆炸率,{},,,,,,,
PROPPD_ae2f92680552a9c310ab,MATPD_744529d6e2fba3eb1fb5,SRCPD_6a37733f54dcb42cb5d1,外观,外观,白色斜方结晶,raw_only,False,,非密-危险特性汇总表.docx,5,accepted,,,,,,,,,,,,,,,,,
PROPPD_58013e90598a09024fb0,MATPD_744529d6e2fba3eb1fb5,SRCPD_6a37733f54dcb42cb5d1,安定性,安定性说明,良好。190℃半分解期270分钟；热失重：100℃第一个48小时0.04%；第二个48小时0.00%（文献值）。在常温下储存20年无变化。,raw_only,False,,非密-危险特性汇总表.docx,5,accepted,良好。190℃半分解期270分钟；热失重：100℃第一个48小时0.04%；第二个48小时0.00%（文献值）。在常温下储存20年无变化。,良好。190℃半分解期270分钟；热失重：100℃第一个48小时0.04%；第二个48小时0.00%（文献值）。在常温下储存20年无变化。,,,,,,,,{},,,,,,,
PROPPD_08c73d2bc7420badcac6,MATPD_744529d6e2fba3eb1fb5,SRCPD_6a37733f54dcb42cb5d1,性能,爆速,爆速：8741m／s，ρ=1.796 mg／m3,parsed,False,,非密-危险特性汇总表.docx,5,accepted,8741m／s,8741m／s,8741.0,,,,m/s,exact,爆轰速度,{},,,,,,,
PROPPD_faf26f7f50f41be3bb60,MATPD_744529d6e2fba3eb1fb5,SRCPD_6a37733f54dcb42cb5d1,性能,摩擦感度,摩擦感度76±8%,parsed,False,,非密-危险特性汇总表.docx,5,accepted,76±8%,76±8%,76.0,,,8.0,%,nominal_tolerance,发火/爆炸率,{},,,,,,,
PROPPD_56a2dc79ff859b04a16b,MATPD_744529d6e2fba3eb1fb5,SRCPD_6a37733f54dcb42cb5d1,性能,冲击感度,冲击感度80±8%,parsed,False,,非密-危险特性汇总表.docx,5,accepted,80±8%,80±8%,80.0,,,8.0,%,nominal_tolerance,发火/爆炸率,{},,,,,,,
PROPPD_33afdcc56ee5debaea24,MATPD_140085ebb23bb11375e0,SRCPD_0cddf7f0b62d639d2300,外观,外观,白色结晶粉末。有一定毒性。,raw_only,False,,非密-危险特性汇总表.docx,6,accepted,,,,,,,,,,,,,,,,,
PROPPD_3c7a7afbb54077d80f58,MATPD_140085ebb23bb11375e0,SRCPD_0cddf7f0b62d639d2300,安定性,安定性说明,220℃半分解期311分钟；240℃半分解期84.5分钟；230℃热分解延滞期100分钟。热失重100℃第一个48小时为0.05%，第二个48小时为0.03%。在常温下储存20年无变化。,raw_only,False,,非密-危险特性汇总表.docx,6,accepted,220℃半分解期311分钟；240℃半分解期84.5分钟；230℃热分解延滞期100分钟。热失重100℃第一个48小时为0.05%，第二个48小时为0.03%。在常温下储存20年无变化。,220℃半分解期311分钟；240℃半分解期84.5分钟；230℃热分解延滞期100分钟。热失重100℃第一个48小时为0.05%，第二个48小时为0.03%。在常温下储存20年无变化。,,,,,,,,{},,,,,,,
PROPPD_7cd85ba50b830c4a04f4,MATPD_140085ebb23bb11375e0,SRCPD_0cddf7f0b62d639d2300,性能,爆速,爆速：9010m／s,parsed,False,,非密-危险特性汇总表.docx,6,accepted,9010m／s,9010m／s,9010.0,,,,m/s,exact,爆轰速度,{},,,,,,,
PROPPD_35a2a8c0b98ed88decc2,MATPD_140085ebb23bb11375e0,SRCPD_0cddf7f0b62d639d2300,性能,摩擦感度,摩擦感度100%,parsed,False,,非密-危险特性汇总表.docx,6,accepted,100%,100%,100.0,,,,%,exact,发火/爆炸率,{},,,,,,,
PROPPD_78a99299c49ebf3dc64b,MATPD_140085ebb23bb11375e0,SRCPD_0cddf7f0b62d639d2300,性能,冲击感度,冲击感度100%,parsed,False,,非密-危险特性汇总表.docx,6,accepted,100%,100%,100.0,,,,%,exact,发火/爆炸率,{},,,,,,,
PROPPD_36c4d3e2f67e35deb28a,MATPD_6e0863b2c738b9dc74de,SRCPD_9bfb378cfa3f2feeaa75,外观,外观,浅黄色结晶。有一定毒性。,raw_only,False,,非密-危险特性汇总表.docx,7,accepted,,,,,,,,,,,,,,,,,
PROPPD_323c728f5081ab8eed01,MATPD_6e0863b2c738b9dc74de,SRCPD_9bfb378cfa3f2feeaa75,安定性,安定性说明,安定性：良好。150℃半分解期211分钟。,raw_only,False,,非密-危险特性汇总表.docx,7,accepted,安定性：良好。150℃半分解期211分钟。,安定性：良好。150℃半分解期211分钟。,,,,,,,,{},,,,,,,
PROPPD_6246a157247d37970278,MATPD_6e0863b2c738b9dc74de,SRCPD_9bfb378cfa3f2feeaa75,性能,爆速,爆速：7319m／s,parsed,False,,非密-危险特性汇总表.docx,7,accepted,7319m／s,7319m／s,7319.0,,,,m/s,exact,爆轰速度,{},,,,,,,
PROPPD_68f95b0834e20a0d48bf,MATPD_6e0863b2c738b9dc74de,SRCPD_9bfb378cfa3f2feeaa75,性能,摩擦感度,摩擦感度16%,parsed,False,,非密-危险特性汇总表.docx,7,accepted,16%,16%,16.0,,,,%,exact,发火/爆炸率,{},,,,,,,
PROPPD_d429b9e13a73e11704df,MATPD_6e0863b2c738b9dc74de,SRCPD_9bfb378cfa3f2feeaa75,性能,冲击感度,冲击感度48%,parsed,False,,非密-危险特性汇总表.docx,7,accepted,48%,48%,48.0,,,,%,exact,发火/爆炸率,{},,,,,,,
PROPPD_565e76daa34b5446ff34,MATPD_bc75d59fe17ed7dacbac,SRCPD_9c1576d3d948295ef083,外观,外观,白色结晶。,raw_only,False,,非密-危险特性汇总表.docx,8,accepted,,,,,,,,,,,,,,,,,
PROPPD_1f0497a6be1fd63548fe,MATPD_bc75d59fe17ed7dacbac,SRCPD_9c1576d3d948295ef083,安定性,安定性说明,安定性良好。150℃半分解期需157分钟。,raw_only,False,,非密-危险特性汇总表.docx,8,accepted,安定性良好。150℃半分解期需157分钟。,安定性良好。150℃半分解期需157分钟。,,,,,,,,{},,,,,,,
PROPPD_9fc5a2280e7feb7c434e,MATPD_bc75d59fe17ed7dacbac,SRCPD_9c1576d3d948295ef083,性能,爆速,爆速：8600m／s,parsed,False,,非密-危险特性汇总表.docx,8,accepted,8600m／s,8600m／s,8600.0,,,,m/s,exact,爆轰速度,{},,,,,,,
PROPPD_f9371099377aeb2638f0,MATPD_bc75d59fe17ed7dacbac,SRCPD_9c1576d3d948295ef083,性能,摩擦感度,摩擦感度92%,parsed,False,,非密-危险特性汇总表.docx,8,accepted,92%,92%,92.0,,,,%,exact,发火/爆炸率,{},,,,,,,
PROPPD_3a8c6743f57e12421e07,MATPD_bc75d59fe17ed7dacbac,SRCPD_9c1576d3d948295ef083,性能,冲击感度,冲击感度66%,parsed,False,,非密-危险特性汇总表.docx,8,accepted,66%,66%,66.0,,,,%,exact,发火/爆炸率,{},,,,,,,
PROPPD_c6ffb0c3293490943fe4,MATPD_ee169a55602321bb01e2,SRCPD_74f3688106d996719df1,外观,外观,无色或淡黄色液体。,raw_only,False,,非密-危险特性汇总表.docx,9,accepted,,,,,,,,,,,,,,,,,
PROPPD_0cad9dec993ad8850a77,MATPD_ee169a55602321bb01e2,SRCPD_74f3688106d996719df1,安定性,＞30分钟（碘化钾试验温度,72℃＞30分钟（碘化钾试验,parsed,False,,非密-危险特性汇总表.docx,9,accepted,72℃,72℃,72.0,,,,℃,exact,,{},,,,,,,
PROPPD_75ebe9c20968d2cad29d,MATPD_ee169a55602321bb01e2,SRCPD_74f3688106d996719df1,安定性,安定性原文,72℃＞30分钟（碘化钾试验）；82℃＞10分钟（文献值）。,raw_only,False,,非密-危险特性汇总表.docx,9,accepted,72℃＞30分钟（碘化钾试验）；82℃＞10分钟（文献值）。,72℃＞30分钟（碘化钾试验）；82℃＞10分钟（文献值）。,,,,,,,,{},,,,,,,
PROPPD_5f110ddd6bd7fadbae99,MATPD_ee169a55602321bb01e2,SRCPD_74f3688106d996719df1,性能,爆速,爆速：ρ=1.6，7700m／s,parsed,False,,非密-危险特性汇总表.docx,9,accepted,7700m／s,7700m／s,7700.0,,,,m/s,exact,爆轰速度,{},,,,,,,
PROPPD_1f3b46bc61abcfe34a23,MATPD_ee169a55602321bb01e2,SRCPD_74f3688106d996719df1,性能,冲击感度,冲击感度：2kg落锤在10次试验中至少有一次爆炸的最低高度为15mm,parsed,False,,非密-危险特性汇总表.docx,9,accepted,15mm,15mm,15.0,,,,mm,exact,最低爆炸高度,"{""hammer_mass"": {""unit"": ""kg"", ""value"": 2.0}, ""test_count"": {""unit"": ""次"", ""value"": 10.0}}",,,,,,,
PROPPD_f7412ab0e0df6117d9a0,MATPD_ee169a55602321bb01e2,SRCPD_74f3688106d996719df1,性能,摩擦感度,摩擦感度100%,parsed,False,,非密-危险特性汇总表.docx,9,accepted,100%,100%,100.0,,,,%,exact,发火/爆炸率,{},,,,,,,
PROPPD_9e848de0c0cc501eb9a3,MATPD_6d3a2ae6db4ddd33532f,SRCPD_a8d669643c2fda98a908,外观,外观,白色针状结晶,raw_only,False,,非密-危险特性汇总表.docx,10,accepted,,,,,,,,,,,,,,,,,
PROPPD_1b775767b238f43471a8,MATPD_6d3a2ae6db4ddd33532f,SRCPD_a8d669643c2fda98a908,安定性,安定性说明,100℃加热24小时失重0.08%，48小时失重0.11%；150℃分解1%需要150分钟。,raw_only,False,,非密-危险特性汇总表.docx,10,accepted,100℃加热24小时失重0.08%，48小时失重0.11%；150℃分解1%需要150分钟。,100℃加热24小时失重0.08%，48小时失重0.11%；150℃分解1%需要150分钟。,,,,,,,,{},,,,,,,
PROPPD_43202518c9d1cc285b7d,MATPD_6d3a2ae6db4ddd33532f,SRCPD_a8d669643c2fda98a908,性能,爆速,爆速：ρ=1.70，8170m／s,parsed,False,,非密-危险特性汇总表.docx,10,accepted,8170m／s,8170m／s,8170.0,,,,m/s,exact,爆轰速度,{},,,,,,,
PROPPD_fc3efe944dca851f8772,MATPD_6d3a2ae6db4ddd33532f,SRCPD_a8d669643c2fda98a908,性能,冲击感度,冲击感度：0%（样品颗粒度为60—80目，样品重40—50mg，锤重10kg，落高25cm）,parsed,False,,非密-危险特性汇总表.docx,10,accepted,0%,0%,0.0,,,,%,exact,发火/爆炸率,"{""hammer_mass"": {""unit"": ""kg"", ""value"": 10.0}}",,,,,,,
PROPPD_1341cc0a7ad0df25da78,MATPD_6d3a2ae6db4ddd33532f,SRCPD_a8d669643c2fda98a908,性能,摩擦感度,"摩擦感度：0%（样品重20± 2mg，表压39kg／ cm2,摆角90°，滑距1.5mm）",parsed,False,,非密-危险特性汇总表.docx,10,accepted,0%,0%,0.0,,,,%,exact,发火/爆炸率,"{""angle"": {""unit"": ""°"", ""value"": 90.0}, ""gap"": {""unit"": ""mm"", ""value"": 1.5}}",,,,,,,
PROPPD_6f935bc48e51a127533d,MATPD_e0aacbfe28775ea6fafd,SRCPD_68fe4e97fac920a2ae08,外观,外观,淡黄色结晶固体，无臭，味苦。,raw_only,False,,非密-危险特性汇总表.docx,11,accepted,,,,,,,,,,,,,,,,,
PROPPD_b11248d9e73e3fcc79fa,MATPD_e0aacbfe28775ea6fafd,SRCPD_68fe4e97fac920a2ae08,安定性,安定性说明,化学安定性：良好。,raw_only,False,,非密-危险特性汇总表.docx,11,accepted,化学安定性：良好。,化学安定性：良好。,,,,,,,,{},,,,,,,
PROPPD_3a00b3cde31fbdfbd192,MATPD_e0aacbfe28775ea6fafd,SRCPD_68fe4e97fac920a2ae08,性能,爆速,爆速：7100m／s，ρ==1.595 mg／m3,parsed,False,,非密-危险特性汇总表.docx,11,accepted,7100m／s,7100m／s,7100.0,,,,m/s,exact,爆轰速度,{},,,,,,,
PROPPD_0f64bf17d2ff35f2b7a3,MATPD_e0aacbfe28775ea6fafd,SRCPD_68fe4e97fac920a2ae08,性能,摩擦感度,摩擦感度：至352.8N无反应,parsed,False,,非密-危险特性汇总表.docx,11,accepted,352.8N,352.8N,352.8,,,,N,no_reaction_up_to,无反应载荷,{},,,,,,,
PROPPD_172316dabf3dc35e1181,MATPD_e0aacbfe28775ea6fafd,SRCPD_68fe4e97fac920a2ae08,性能,撞击感度,撞击感度7.35N.M,parsed,False,,非密-危险特性汇总表.docx,11,accepted,7.35N·m,7.35N·m,7.35,,,,N·m,exact,撞击能量,{},,,,,,,
PROPPD_aafa585594b459d3e032,MATPD_a70a0e92b7918549ab9f,SRCPD_113b722d30a5a88f4856,外观,外观,外观：该品有两种晶型。Ⅰ型（HNS—Ⅰ）为微黄色细小结晶，Ⅱ型（HNS—Ⅱ）为苍黄色针状结晶。,raw_only,False,,非密-危险特性汇总表.docx,12,accepted,,,,,,,,,,,,,,,,,
PROPPD_bb66b1a399d00a12fba5,MATPD_a70a0e92b7918549ab9f,SRCPD_113b722d30a5a88f4856,安定性,加热时间,保持48h,parsed,False,,非密-危险特性汇总表.docx,12,accepted,48h,48h,48.0,,,,h,exact,,{},,,,,,,
PROPPD_ab4b6f5e1b76b2584653,MATPD_a70a0e92b7918549ab9f,SRCPD_113b722d30a5a88f4856,安定性,安定性原文,安定性：1、真空安定性：HNS—Ⅱ型在300℃装填密度10×10-4g／cm3半分解期为172分钟。2、差热分析：310℃以前无变化，311℃开始分解，313℃达最大放热峰。3、210℃环境保持48h无变化。,raw_only,False,,非密-危险特性汇总表.docx,12,accepted,安定性：1、真空安定性：HNS—Ⅱ型在300℃装填密度10×10-4g／cm3半分解期为172分钟。2、差热分析：310℃以前无变化，311℃开始分解，313℃达最大放热峰。3、210℃环境保持48h无变化。,安定性：1、真空安定性：HNS—Ⅱ型在300℃装填密度10×10-4g／cm3半分解期为172分钟。2、差热分析：310℃以前无变化，311℃开始分解，313℃达最大放热峰。3、210℃环境保持48h无变化。,,,,,,,,{},,,,,,,
PROPPD_c53b5db1ff8358176903,MATPD_a70a0e92b7918549ab9f,SRCPD_113b722d30a5a88f4856,性能,爆速,爆速：7019m／sρ=1.656,parsed,False,,非密-危险特性汇总表.docx,12,accepted,7019m／s,7019m／s,7019.0,,,,m/s,exact,爆轰速度,{},,,,,,,
PROPPD_4b2414125c510ffd6536,MATPD_a70a0e92b7918549ab9f,SRCPD_113b722d30a5a88f4856,性能,冲击感度,冲击感度：40%（锤重10kg，落高25cm）,parsed,False,,非密-危险特性汇总表.docx,12,accepted,40%,40%,40.0,,,,%,exact,发火/爆炸率,"{""hammer_mass"": {""unit"": ""kg"", ""value"": 10.0}}",,,,,,,
PROPPD_69d4c66b2e07e62f47b7,MATPD_a70a0e92b7918549ab9f,SRCPD_113b722d30a5a88f4856,性能,摩擦感度,摩擦感度：36%,parsed,False,,非密-危险特性汇总表.docx,12,accepted,36%,36%,36.0,,,,%,exact,发火/爆炸率,{},,,,,,,
PROPPD_c5e59d915e1e1c0ac552,MATPD_c1de4378c1c92cc458cc,SRCPD_3a20e8dcc5bdf11cc0d9,外观,外观,浅黄色固体粉末，在250℃条件下，经1小时后变为褐色。,raw_only,False,,非密-危险特性汇总表.docx,13,accepted,,,,,,,,,,,,,,,,,
PROPPD_63877a8594583e7778a0,MATPD_c1de4378c1c92cc458cc,SRCPD_3a20e8dcc5bdf11cc0d9,安定性,安定性说明,1、差热分析：开始分解温度336℃，最大放热峰温度365℃。2、热失重：250℃2小时失重0.80%，4小时失重1.17%。260℃2小时失重0.93%，4小时失重1.54%。,raw_only,False,,非密-危险特性汇总表.docx,13,accepted,1、差热分析：开始分解温度336℃，最大放热峰温度365℃。2、热失重：250℃2小时失重0.80%，4小时失重1.17%。260℃2小时失重0.93%，4小时失重1.54%。,1、差热分析：开始分解温度336℃，最大放热峰温度365℃。2、热失重：250℃2小时失重0.80%，4小时失重1.17%。260℃2小时失重0.93%，4小时失重1.54%。,,,,,,,,{},,,,,,,
PROPPD_2f0b3b96763214d79e4b,MATPD_c1de4378c1c92cc458cc,SRCPD_3a20e8dcc5bdf11cc0d9,性能,爆速,爆速：ρ=1.882，D=7651m／s,parsed,False,,非密-危险特性汇总表.docx,13,accepted,7651m／s,7651m／s,7651.0,,,,m/s,exact,爆轰速度,{},,,,,,,
PROPPD_264fb76601c9736d45e8,MATPD_c1de4378c1c92cc458cc,SRCPD_3a20e8dcc5bdf11cc0d9,性能,冲击感度,冲击感度：0%,parsed,False,,非密-危险特性汇总表.docx,13,accepted,0%,0%,0.0,,,,%,exact,发火/爆炸率,{},,,,,,,
PROPPD_0d83a0895963e24b20fb,MATPD_c1de4378c1c92cc458cc,SRCPD_3a20e8dcc5bdf11cc0d9,性能,摩擦感度,摩擦感度：4%,parsed,False,,非密-危险特性汇总表.docx,13,accepted,4%,4%,4.0,,,,%,exact,发火/爆炸率,{},,,,,,,
PROPPD_4a5468c457545e273f1a,MATPD_791bc9773b7eb60ff1ff,SRCPD_ef2172ee5ed4b489c50c,性能,爆速,爆速7247m／s,parsed,False,,非密-危险特性汇总表.docx,14,accepted,7247m／s,7247m／s,7247.0,,,,m/s,exact,爆轰速度,{},,,,,,,
PROPPD_ca013dd208d2c2a1dbe0,MATPD_791bc9773b7eb60ff1ff,SRCPD_ef2172ee5ed4b489c50c,性能,密度,密度1.69g／m3，TNT当量116%,parsed,False,,非密-危险特性汇总表.docx,14,accepted,1.69g／m3，TNT当量116%,1.69g／m3，TNT当量116%,1.69,,,,g/m3,exact,,{},,,,,,,
PROPPD_c435f224655c6b711438,MATPD_7273a5ff6d574cf70bbc,SRCPD_cde29ea820d0f44f7a17,性能,爆速,爆速795m／s,pending_review,True,suspicious_low_detonation_velocity,非密-危险特性汇总表.docx,15,pending_review,795m／s,795m／s,795.0,,,,m/s,exact,爆轰速度,{},,,,,,,
PROPPD_501507fdbbf3096f50d8,MATPD_7273a5ff6d574cf70bbc,SRCPD_cde29ea820d0f44f7a17,性能,冲击感度,冲击感度16%,parsed,False,,非密-危险特性汇总表.docx,15,accepted,16%,16%,16.0,,,,%,exact,发火/爆炸率,{},,,,,,,
PROPPD_c66f47610e34f6fe42f0,MATPD_7273a5ff6d574cf70bbc,SRCPD_cde29ea820d0f44f7a17,性能,摩擦感度,摩擦感度8%,parsed,False,,非密-危险特性汇总表.docx,15,accepted,8%,8%,8.0,,,,%,exact,发火/爆炸率,{},,,,,,,
PROPPD_38c6f02d07732b377c6d,MATPD_c4763b48d43772aaf37f,SRCPD_20654b1388b01f1512e8,性能,爆速,爆速≥8700m／s,parsed,False,,非密-危险特性汇总表.docx,3,accepted,≥8700m／s,≥8700m／s,,8700.0,,,m/s,min,爆轰速度,{},,,,,,,
PROPPD_ba981c33968c78906012,MATPD_85674aaee6e56b6c429c,SRCPD_773e68fb66537f3a2c15,性能,爆速,爆速8878m／s，153%TNT当量,parsed,False,,非密-危险特性汇总表.docx,4,accepted,8878m／s,8878m／s,8878.0,,,,m/s,exact,爆轰速度,{},,,,,,,
PROPPD_9cbb69975ef8fe9de469,MATPD_6a3b530504aacf01d0cf,SRCPD_256d1435c0e184e2624b,性能,爆速,爆速8360m／s，148%TNT当量,parsed,False,,非密-危险特性汇总表.docx,5,accepted,8360m／s,8360m／s,8360.0,,,,m/s,exact,爆轰速度,{},,,,,,,
PROPPD_48e00054803dfd2c1bea,MATPD_936be7bb81975ec42b42,SRCPD_18da72dd86450ea87440,性能,爆速,爆速8810m／s，126%TNT当量,parsed,False,,非密-危险特性汇总表.docx,6,accepted,8810m／s,8810m／s,8810.0,,,,m/s,exact,爆轰速度,{},,,,,,,
PROPPD_cf5fa3d6965ccc2b7fe3,MATPD_4230d924a9ae9a5c8fef,SRCPD_697db25cf3feb121d55e,性能,爆速,爆速8070m／s，147%TNT当量,parsed,False,,非密-危险特性汇总表.docx,7,accepted,8070m／s,8070m／s,8070.0,,,,m/s,exact,爆轰速度,{},,,,,,,
PROPPD_78df973aa99f2090209a,MATPD_8f84dc6cfdf9268b2080,SRCPD_9f42fefa1528cf7f9915,性能,爆速,爆速8039m／s，143%TNT当量,parsed,False,,非密-危险特性汇总表.docx,8,accepted,8039m／s,8039m／s,8039.0,,,,m/s,exact,爆轰速度,{},,,,,,,
PROPPD_c793609f7238ae0e58b2,MATPD_7e6ffe7c5cd595f94f9b,SRCPD_cc81452c4aff222b8b54,性能,爆速,爆速8082m／s,parsed,False,,非密-危险特性汇总表.docx,9,accepted,8082m／s,8082m／s,8082.0,,,,m/s,exact,爆轰速度,{},,,,,,,
PROPPD_8d5b654a3afc5488d906,MATPD_7e6ffe7c5cd595f94f9b,SRCPD_cc81452c4aff222b8b54,性能,密度,密度1.897g／m3,parsed,False,,非密-危险特性汇总表.docx,9,accepted,1.897g／m3,1.897g／m3,1.897,,,,g/m3,exact,,{},,,,,,,
PROPPD_99ebee2ee223032fa595,MATPD_275af0133edd034daf49,SRCPD_4bea6b06de3c4411ac7c,性能,爆速,爆速8672m／s，143%TNT当量,parsed,False,,非密-危险特性汇总表.docx,10,accepted,8672m／s,8672m／s,8672.0,,,,m/s,exact,爆轰速度,{},,,,,,,
PROPPD_2f8f8b886657e3ce6f3d,MATPD_3bb0ef9eba9d5f73b568,SRCPD_1f433f5d503091824e52,性能,爆速,爆速8835m／s,parsed,False,,非密-危险特性汇总表.docx,11,accepted,8835m／s,8835m／s,8835.0,,,,m/s,exact,爆轰速度,{},,,,,,,
PROPPD_464f0544efec564586e7,MATPD_3bb0ef9eba9d5f73b568,SRCPD_1f433f5d503091824e52,性能,密度,密度1.856g／m3,parsed,False,,非密-危险特性汇总表.docx,11,accepted,1.856g／m3,1.856g／m3,1.856,,,,g/m3,exact,,{},,,,,,,
PROPPD_ac0a59af6a4e0cfff8d8,MATPD_73772e1c37defa2db38f,SRCPD_9b06503338100bd8fcb6,性能,爆速,爆速8395m／s，（,parsed,False,,非密-危险特性汇总表.docx,12,accepted,8395m／s,8395m／s,8395.0,,,,m/s,exact,爆轰速度,{},,,,,,,
PROPPD_17c90b70d3de5aba45ba,MATPD_73772e1c37defa2db38f,SRCPD_9b06503338100bd8fcb6,性能,密度,密度1.724g／m3）,parsed,False,,非密-危险特性汇总表.docx,12,accepted,1.724g／m3）,1.724g／m3）,1.724,,,,g/m3,exact,,{},,,,,,,
PROPPD_07c6eae4ed84f87e65e9,MATPD_5bffa7a46b0f38109bac,SRCPD_48f432d3d1c9dbbf0d40,性能,爆速,爆速5950m／s,parsed,False,,非密-危险特性汇总表.docx,13,accepted,5950m／s,5950m／s,5950.0,,,,m/s,exact,爆轰速度,{},,,,,,,
PROPPD_46c4f0ef72e2322faa1d,MATPD_5bffa7a46b0f38109bac,SRCPD_48f432d3d1c9dbbf0d40,性能,密度,密度1.849g／m3,parsed,False,,非密-危险特性汇总表.docx,13,accepted,1.849g／m3,1.849g／m3,1.849,,,,g/m3,exact,,{},,,,,,,
PROPPD_4b4c006cc0f1dcc9289c,MATPD_451f9b8096d72f9dc845,SRCPD_1d5fc858bb7b477b95f2,组成指标,水分,,parsed,False,,非密-危险特性汇总表.docx,14,accepted,≤0.25,≤0.25,,,0.25,,%,max,,,水分,水分,[],False,水分≤0.25,property,MaterialProperty
PROPPD_d73a6f1931697b7bd137,MATPD_451f9b8096d72f9dc845,SRCPD_1d5fc858bb7b477b95f2,外观,外观,,raw_only,False,,非密-危险特性汇总表.docx,14,accepted,,,,,,,,,,,外观,片状,['片状'],False,片状,property,MaterialProperty
PROPPD_df98f7dbb08f9b5db063,MATPD_451f9b8096d72f9dc845,SRCPD_1d5fc858bb7b477b95f2,性能,爆速,爆速8480m／s,parsed,False,,非密-危险特性汇总表.docx,14,accepted,8480m／s,8480m／s,8480.0,,,,m/s,exact,爆轰速度,{},,,,,,,
PROPPD_1c8aa4e5ecb037e38c1e,MATPD_451f9b8096d72f9dc845,SRCPD_1d5fc858bb7b477b95f2,性能,密度,密度1.81g／m3,parsed,False,,非密-危险特性汇总表.docx,14,accepted,1.81g／m3,1.81g／m3,1.81,,,,g/m3,exact,,{},,,,,,,
PROPPD_fc21aa56c5b50b388ba7,MATPD_451f9b8096d72f9dc845,SRCPD_1d5fc858bb7b477b95f2,性能,威力,威力（TNT当量）130—142%,parsed,False,,非密-危险特性汇总表.docx,14,accepted,（TNT当量）130—142%,（TNT当量）130—142%,,130.0,142.0,,%,range,TNT当量,{},,,,,,,
PROPPD_bfe1237fa79b2da46242,MATPD_451f9b8096d72f9dc845,SRCPD_1d5fc858bb7b477b95f2,性能,猛度,猛度（TNT当量）122—127%,parsed,False,,非密-危险特性汇总表.docx,14,accepted,（TNT当量）122—127%,（TNT当量）122—127%,,122.0,127.0,,%,range,,{},,,,,,,
PROPPD_0fb465b55d2158e6b278,MATPD_451f9b8096d72f9dc845,SRCPD_1d5fc858bb7b477b95f2,性能,撞击感度,撞击感度54—60%,parsed,False,,非密-危险特性汇总表.docx,14,accepted,54—60%,54—60%,,54.0,60.0,,%,range,发火/爆炸率,{},,,,,,,
PROPPD_23c433103844268038dd,MATPD_451f9b8096d72f9dc845,SRCPD_1d5fc858bb7b477b95f2,性能,摩擦感度,摩擦感度10—32%,parsed,False,,非密-危险特性汇总表.docx,14,accepted,10—32%,10—32%,,10.0,32.0,,%,range,发火/爆炸率,{},,,,,,,
PROPPD_6a7296c6403bb5af9735,MATPD_a5f2fab1407048bf68f5,SRCPD_015a75cd56f71475fcd2,组成指标,水分,,parsed,False,,非密-危险特性汇总表.docx,15,accepted,≤0.25,≤0.25,,,0.25,,%,max,,,水分,水分,[],False,水分≤0.25,property,MaterialProperty
PROPPD_593a157d3f9bb1cf69c6,MATPD_a5f2fab1407048bf68f5,SRCPD_015a75cd56f71475fcd2,外观,外观,,raw_only,False,,非密-危险特性汇总表.docx,15,accepted,,,,,,,,,,,外观,片状,['片状'],False,片状,property,MaterialProperty
PROPPD_87a6c86addb297e3c1a6,MATPD_a5f2fab1407048bf68f5,SRCPD_015a75cd56f71475fcd2,性能,爆速,爆速8480m／s,parsed,False,,非密-危险特性汇总表.docx,15,accepted,8480m／s,8480m／s,8480.0,,,,m/s,exact,爆轰速度,{},,,,,,,
PROPPD_331b5211c4b29dfdc2e1,MATPD_a5f2fab1407048bf68f5,SRCPD_015a75cd56f71475fcd2,性能,密度,密度1.81g／m3,parsed,False,,非密-危险特性汇总表.docx,15,accepted,1.81g／m3,1.81g／m3,1.81,,,,g/m3,exact,,{},,,,,,,
PROPPD_c7c174d07d6199d66303,MATPD_a5f2fab1407048bf68f5,SRCPD_015a75cd56f71475fcd2,性能,威力,威力（TNT当量）130—133%,parsed,False,,非密-危险特性汇总表.docx,15,accepted,（TNT当量）130—133%,（TNT当量）130—133%,,130.0,133.0,,%,range,TNT当量,{},,,,,,,
PROPPD_672c5dbe842f48938472,MATPD_a5f2fab1407048bf68f5,SRCPD_015a75cd56f71475fcd2,性能,猛度,猛度（TNT当量）122—129%,parsed,False,,非密-危险特性汇总表.docx,15,accepted,（TNT当量）122—129%,（TNT当量）122—129%,,122.0,129.0,,%,range,,{},,,,,,,
PROPPD_d6f8cdba7384475a5ef4,MATPD_a5f2fab1407048bf68f5,SRCPD_015a75cd56f71475fcd2,性能,撞击感度,撞击感度44—46%,parsed,False,,非密-危险特性汇总表.docx,15,accepted,44—46%,44—46%,,44.0,46.0,,%,range,发火/爆炸率,{},,,,,,,
PROPPD_154a2e2865d5d54174e6,MATPD_a5f2fab1407048bf68f5,SRCPD_015a75cd56f71475fcd2,性能,摩擦感度,摩擦感度12—20%,parsed,False,,非密-危险特性汇总表.docx,15,accepted,12—20%,12—20%,,12.0,20.0,,%,range,发火/爆炸率,{},,,,,,,
PROPPD_9878497042677480e7f3,MATPD_50bfd897f6dd7391fb3d,SRCPD_4225c571fd15405e027e,性能,爆速,爆速≥8463m／s，125%TNT当量（,parsed,False,,非密-危险特性汇总表.docx,16,accepted,≥8463m／s,≥8463m／s,,8463.0,,,m/s,min,爆轰速度,{},,,,,,,
PROPPD_faa8a280b623ee2aa792,MATPD_50bfd897f6dd7391fb3d,SRCPD_4225c571fd15405e027e,性能,密度,密度1.575g／m3）,parsed,False,,非密-危险特性汇总表.docx,16,accepted,1.575g／m3）,1.575g／m3）,1.575,,,,g/m3,exact,,{},,,,,,,
PROPPD_f582a79479b51780f98f,MATPD_89cc320faa025ee00309,SRCPD_73215afa859da91cb4e6,性能,爆速,爆速8390m／s，122%TNT当量,parsed,False,,非密-危险特性汇总表.docx,17,accepted,8390m／s,8390m／s,8390.0,,,,m/s,exact,爆轰速度,{},,,,,,,
PROPPD_5843c430b4493f789c5f,MATPD_322ab4f6e7535733a71f,SRCPD_8937621361c832793127,性能,爆速,爆速8466m／s，＞131%TNT当量,parsed,False,,非密-危险特性汇总表.docx,18,accepted,8466m／s,8466m／s,8466.0,,,,m/s,exact,爆轰速度,{},,,,,,,
PROPPD_0a33e00b8a53d403cdc0,MATPD_24a8ced1878958148ae8,SRCPD_267c9ea471e7351d5901,性能,爆速,爆速7400m／s，130%TNT当量,parsed,False,,非密-危险特性汇总表.docx,19,accepted,7400m／s,7400m／s,7400.0,,,,m/s,exact,爆轰速度,{},,,,,,,
PROPPD_1e4ecdea3daab22b43a5,MATPD_a6e5f3e8dc4dc09588b1,SRCPD_79a01114da3cc223bdfc,性能,爆速,爆速8012m／s，143%TNT当量,parsed,False,,非密-危险特性汇总表.docx,20,accepted,8012m／s,8012m／s,8012.0,,,,m/s,exact,爆轰速度,{},,,,,,,
PROPPD_79942755f7266e3b8b81,MATPD_ef47915dc56c6158e333,SRCPD_118a9008362312efa3c5,性能,爆速,爆速8089m／s,parsed,False,,非密-危险特性汇总表.docx,21,accepted,8089m／s,8089m／s,8089.0,,,,m/s,exact,爆轰速度,{},,,,,,,
PROPPD_d9d76c615cd927c6e2bf,MATPD_ef47915dc56c6158e333,SRCPD_118a9008362312efa3c5,性能,密度,密度1.77g／m3；148%TNT当量,parsed,False,,非密-危险特性汇总表.docx,21,accepted,1.77g／m3；148%TNT当量,1.77g／m3；148%TNT当量,1.77,,,,g/m3,exact,,{},,,,,,,
PROPPD_97e2a7c545654aa50f70,MATPD_7b26483e3dba3d991276,SRCPD_6dcdd173e3cc2ecf877f,性能,爆速,爆速8000m／s，150%TNT当量,parsed,False,,非密-危险特性汇总表.docx,22,accepted,8000m／s,8000m／s,8000.0,,,,m/s,exact,爆轰速度,{},,,,,,,
PROPPD_793a06fdc8325e8aa201,MATPD_b0e5cfdedbbf66086ea7,SRCPD_d66025cc50abb1393763,性能,理论爆速,理论爆速8293m／s,parsed,False,,非密-危险特性汇总表.docx,23,accepted,8293m／s,8293m／s,8293.0,,,,m/s,exact,爆轰速度,{},,,,,,,
PROPPD_5677e16a59e282d2235d,MATPD_b0e5cfdedbbf66086ea7,SRCPD_d66025cc50abb1393763,性能,理论密度,理论密度1.881g／m3，理论,parsed,False,,非密-危险特性汇总表.docx,23,accepted,1.881g／m3，理论,1.881g／m3，理论,1.881,,,,g/m3,exact,,{},,,,,,,
PROPPD_4be3ab88e8cf8675dc8d,MATPD_b0e5cfdedbbf66086ea7,SRCPD_d66025cc50abb1393763,性能,爆压,爆压27.2GPa,parsed,False,,非密-危险特性汇总表.docx,23,accepted,27.2GPa,27.2GPa,27.2,,,,GPa,exact,,{},,,,,,,
PROPPD_a5de5a9a5fd7fdd078fc,MATPD_b0e5cfdedbbf66086ea7,SRCPD_d66025cc50abb1393763,性能,爆热,爆热7015.3KJ／kg,parsed,False,,非密-危险特性汇总表.docx,23,accepted,7015.3KJ／kg,7015.3KJ／kg,7015.3,,,,kJ/kg,exact,,{},,,,,,,
PROPPD_766a41303121fa0a31cb,MATPD_b0e5cfdedbbf66086ea7,SRCPD_d66025cc50abb1393763,性能,爆容,爆容716.9L／kg，相对,parsed,False,,非密-危险特性汇总表.docx,23,accepted,716.9L／kg，相对,716.9L／kg，相对,716.9,,,,L/kg,exact,,{},,,,,,,
PROPPD_c5674984dd2f7e7ef062,MATPD_b0e5cfdedbbf66086ea7,SRCPD_d66025cc50abb1393763,性能,猛度,猛度（TNT当量）117%,parsed,False,,非密-危险特性汇总表.docx,23,accepted,（TNT当量）117%,（TNT当量）117%,117.0,,,,%,exact,,{},,,,,,,
PROPPD_7f1a5581e042889ebbf5,MATPD_b0e5cfdedbbf66086ea7,SRCPD_d66025cc50abb1393763,性能,撞击感度,撞击感度（10kg落锤，25cm落高）18%,parsed,False,,非密-危险特性汇总表.docx,23,accepted,18%,18%,18.0,,,,%,exact,发火/爆炸率,"{""hammer_mass"": {""unit"": ""kg"", ""value"": 10.0}}",,,,,,,
PROPPD_38654090b15e61ac4fc1,MATPD_b0e5cfdedbbf66086ea7,SRCPD_d66025cc50abb1393763,性能,摩擦感度,摩擦感度16%,parsed,False,,非密-危险特性汇总表.docx,23,accepted,16%,16%,16.0,,,,%,exact,发火/爆炸率,{},,,,,,,
PROPPD_97ed26dbb532238cd0a9,MATPD_b0e5cfdedbbf66086ea7,SRCPD_d66025cc50abb1393763,性能,威力,威力（TNT当量）194%，吸湿性0.03%,parsed,False,,非密-危险特性汇总表.docx,23,accepted,（TNT当量）194%，吸湿性0.03%,（TNT当量）194%，吸湿性0.03%,194.0,,,,%,exact,TNT当量,{},,,,,,,
PROPPD_b371352b35453834c358,MATPD_5a538f3f11aaee02f1af,SRCPD_b2a8435f5a6305aa2b03,性能,爆速,爆速7900m／s,parsed,False,,非密-危险特性汇总表.docx,24,accepted,7900m／s,7900m／s,7900.0,,,,m/s,exact,爆轰速度,{},,,,,,,
PROPPD_34c581b03c788824cf3a,MATPD_5a538f3f11aaee02f1af,SRCPD_b2a8435f5a6305aa2b03,性能,密度,密度1.74g／m3,parsed,False,,非密-危险特性汇总表.docx,24,accepted,1.74g／m3,1.74g／m3,1.74,,,,g/m3,exact,,{},,,,,,,
PROPPD_6b525be978984df00407,MATPD_d7efbd7900ec922c8079,SRCPD_cfeddb84363326f98ff6,性能,爆速,爆速8498m／s,parsed,False,,非密-危险特性汇总表.docx,25,accepted,8498m／s,8498m／s,8498.0,,,,m/s,exact,爆轰速度,{},,,,,,,
PROPPD_c3ff1aee036f1101db81,MATPD_d7efbd7900ec922c8079,SRCPD_cfeddb84363326f98ff6,性能,密度,密度1.67g／m3.,parsed,False,,非密-危险特性汇总表.docx,25,accepted,1.67g／m3.,1.67g／m3.,1.67,,,,g/m3,exact,,{},,,,,,,
PROPPD_cb710f3e0c4122a96b0b,MATPD_d7efbd7900ec922c8079,SRCPD_cfeddb84363326f98ff6,性能,爆压,爆压269.6kPa,parsed,False,,非密-危险特性汇总表.docx,25,accepted,269.6kPa,269.6kPa,269.6,,,,kPa,exact,,{},,,,,,,
PROPPD_a8c016a3daa20d7a5f9d,MATPD_d7efbd7900ec922c8079,SRCPD_cfeddb84363326f98ff6,性能,威力,威力127%TNT当量,parsed,False,,非密-危险特性汇总表.docx,25,accepted,127%TNT当量,127%TNT当量,127.0,,,,%,exact,TNT当量,{},,,,,,,
PROPPD_a6c66c1203c3cf251e65,MATPD_d7efbd7900ec922c8079,SRCPD_cfeddb84363326f98ff6,性能,猛度,猛度143%TNT当量,parsed,False,,非密-危险特性汇总表.docx,25,accepted,143%TNT当量,143%TNT当量,143.0,,,,%,exact,,{},,,,,,,
PROPPD_d8f7c66e3064707087a5,MATPD_d7efbd7900ec922c8079,SRCPD_cfeddb84363326f98ff6,性能,爆热,爆热1076kcal／kg,parsed,False,,非密-危险特性汇总表.docx,25,accepted,1076kcal／kg,1076kcal／kg,1076.0,,,,kcal/kg,exact,,{},,,,,,,
PROPPD_bfe87a538af34fb37efc,MATPD_d7efbd7900ec922c8079,SRCPD_cfeddb84363326f98ff6,性能,摩擦感度,摩擦感度28%,parsed,False,,非密-危险特性汇总表.docx,25,accepted,28%,28%,28.0,,,,%,exact,发火/爆炸率,{},,,,,,,
PROPPD_0efa8552be70ab8b084e,MATPD_d7efbd7900ec922c8079,SRCPD_cfeddb84363326f98ff6,性能,撞击感度,撞击感度32%,parsed,False,,非密-危险特性汇总表.docx,25,accepted,32%,32%,32.0,,,,%,exact,发火/爆炸率,{},,,,,,,
PROPPD_849c66f1fc83282f3880,MATPD_d7efbd7900ec922c8079,SRCPD_cfeddb84363326f98ff6,性能,枪击感度,枪击感度不燃不爆,raw_only,False,,非密-危险特性汇总表.docx,25,accepted,不燃不爆,不燃不爆,,,,,,,,{},,,,,,,
PROPPD_de497080cd1b66d1bdaf,MATPD_d7efbd7900ec922c8079,SRCPD_cfeddb84363326f98ff6,性能,爆发点,爆发点273℃／5s,parsed,False,,非密-危险特性汇总表.docx,25,accepted,273℃,273℃,273.0,,,,℃,exact,爆发温度,"{""test_duration"": {""unit"": ""s"", ""value"": 5.0}}",,,,,,,
PROPPD_7749e8337d46452c749a,MATPD_8d0b6dd659f0c89fe050,SRCPD_2088b3a497632f633469,外观,外观,,raw_only,False,,非密-危险特性汇总表.docx,26,accepted,,,,,,,,,,,外观,外观黑色或灰色,['外观黑色或灰色'],False,外观黑色或灰色,property,MaterialProperty
PROPPD_ce8f259ca800a1498498,MATPD_8d0b6dd659f0c89fe050,SRCPD_2088b3a497632f633469,性能,爆速,爆速8250m／s（,parsed,False,,非密-危险特性汇总表.docx,26,accepted,8250m／s,8250m／s,8250.0,,,,m/s,exact,爆轰速度,{},,,,,,,
PROPPD_ae80a4744c16341f6c6d,MATPD_8d0b6dd659f0c89fe050,SRCPD_2088b3a497632f633469,性能,密度,密度1.63g／m3）,parsed,False,,非密-危险特性汇总表.docx,26,accepted,1.63g／m3）,1.63g／m3）,1.63,,,,g/m3,exact,,{},,,,,,,
PROPPD_ce944af54913fa89f409,MATPD_8d0b6dd659f0c89fe050,SRCPD_2088b3a497632f633469,性能,威力,威力（TNT当量）128%,parsed,False,,非密-危险特性汇总表.docx,26,accepted,（TNT当量）128%,（TNT当量）128%,128.0,,,,%,exact,TNT当量,{},,,,,,,
PROPPD_ffb469ea63b370f46121,MATPD_8d0b6dd659f0c89fe050,SRCPD_2088b3a497632f633469,性能,猛度,猛度（TNT当量）138%,parsed,False,,非密-危险特性汇总表.docx,26,accepted,（TNT当量）138%,（TNT当量）138%,138.0,,,,%,exact,,{},,,,,,,
PROPPD_2f3fea848684d9f57075,MATPD_8d0b6dd659f0c89fe050,SRCPD_2088b3a497632f633469,性能,撞击感度,撞击感度28%,parsed,False,,非密-危险特性汇总表.docx,26,accepted,28%,28%,28.0,,,,%,exact,发火/爆炸率,{},,,,,,,
PROPPD_b68f750fe8f800528da1,MATPD_8d0b6dd659f0c89fe050,SRCPD_2088b3a497632f633469,性能,摩擦感度,摩擦感度18%,parsed,False,,非密-危险特性汇总表.docx,26,accepted,18%,18%,18.0,,,,%,exact,发火/爆炸率,{},,,,,,,
PROPPD_d13d185b07f0dcbd69d7,MATPD_8d0b6dd659f0c89fe050,SRCPD_2088b3a497632f633469,性能,爆发点,爆发点280℃／5s。安定性（132℃，48h失重）≤0.7%,parsed,False,,非密-危险特性汇总表.docx,26,accepted,280℃,280℃,280.0,,,,℃,exact,爆发温度,"{""test_duration"": {""unit"": ""s"", ""value"": 5.0}}",,,,,,,
PROPPD_dc357271da90da88a220,MATPD_3798dffb9041f5540758,SRCPD_d35481c8711b0db0e6e8,性能,爆速,爆速8132m／s，（,parsed,False,,非密-危险特性汇总表.docx,27,accepted,8132m／s,8132m／s,8132.0,,,,m/s,exact,爆轰速度,{},,,,,,,
PROPPD_e541e6687b651a353ff7,MATPD_3798dffb9041f5540758,SRCPD_d35481c8711b0db0e6e8,性能,密度,密度1.59g／m3）,parsed,False,,非密-危险特性汇总表.docx,27,accepted,1.59g／m3）,1.59g／m3）,1.59,,,,g/m3,exact,,{},,,,,,,
PROPPD_bdb37aa39b69a79a8e14,MATPD_9bb2171f3be6bb4d5eb6,SRCPD_ecf69575aa4704edfaa4,性能,爆速,爆速8328m／s，（,parsed,False,,非密-危险特性汇总表.docx,28,accepted,8328m／s,8328m／s,8328.0,,,,m/s,exact,爆轰速度,{},,,,,,,
PROPPD_c546c7c3951e06113991,MATPD_9bb2171f3be6bb4d5eb6,SRCPD_ecf69575aa4704edfaa4,性能,密度,密度1.677g／m3）,parsed,False,,非密-危险特性汇总表.docx,28,accepted,1.677g／m3）,1.677g／m3）,1.677,,,,g/m3,exact,,{},,,,,,,
PROPPD_963cb3686c85ca9981ed,MATPD_4fe4e94dc50faed251b7,SRCPD_31b5eae23e1e306fa1c2,性能,爆速,爆速8328m／s，（,parsed,False,,非密-危险特性汇总表.docx,29,accepted,8328m／s,8328m／s,8328.0,,,,m/s,exact,爆轰速度,{},,,,,,,
PROPPD_faf2e451651770600906,MATPD_4fe4e94dc50faed251b7,SRCPD_31b5eae23e1e306fa1c2,性能,密度,密度1.652g／m3）,parsed,False,,非密-危险特性汇总表.docx,29,accepted,1.652g／m3）,1.652g／m3）,1.652,,,,g/m3,exact,,{},,,,,,,
PROPPD_a3768b45d975a0e274af,MATPD_2f72e6b471e0f8d5d305,SRCPD_904f454604e759fc299a,性能,爆速,爆速8306m／s，（,parsed,False,,非密-危险特性汇总表.docx,30,accepted,8306m／s,8306m／s,8306.0,,,,m/s,exact,爆轰速度,{},,,,,,,
PROPPD_cdd2a0b969ee47e9eb16,MATPD_2f72e6b471e0f8d5d305,SRCPD_904f454604e759fc299a,性能,密度,密度1.702g／m3）,parsed,False,,非密-危险特性汇总表.docx,30,accepted,1.702g／m3）,1.702g／m3）,1.702,,,,g/m3,exact,,{},,,,,,,
PROPPD_be2f88209e916018fa1b,MATPD_ca8cf9b7053d2bf08c8d,SRCPD_be24a5684b088fa74728,性能,爆速,爆速8385m／s,parsed,False,,非密-危险特性汇总表.docx,31,accepted,8385m／s,8385m／s,8385.0,,,,m/s,exact,爆轰速度,{},,,,,,,
PROPPD_654d30c692236848fdb9,MATPD_ca8cf9b7053d2bf08c8d,SRCPD_be24a5684b088fa74728,性能,密度,密度1.74g／m3,parsed,False,,非密-危险特性汇总表.docx,31,accepted,1.74g／m3,1.74g／m3,1.74,,,,g/m3,exact,,{},,,,,,,
PROPPD_4aa1e62146aabf841645,MATPD_81126affe57664b4d77a,SRCPD_c698c231dd77e8f8edc3,性能,爆速,爆速8245m／s,parsed,False,,非密-危险特性汇总表.docx,32,accepted,8245m／s,8245m／s,8245.0,,,,m/s,exact,爆轰速度,{},,,,,,,
PROPPD_a8c966b01b68a682a69c,MATPD_81126affe57664b4d77a,SRCPD_c698c231dd77e8f8edc3,性能,密度,密度1.7764g／m3,parsed,False,,非密-危险特性汇总表.docx,32,accepted,1.7764g／m3,1.7764g／m3,1.7764,,,,g/m3,exact,,{},,,,,,,
PROPPD_d2916be41c78b661bb03,MATPD_ad8a083c833ce89bc2ca,SRCPD_679d81e404e72d702d78,外观,外观,,raw_only,False,,非密-危险特性汇总表.docx,33,accepted,,,,,,,,,,,外观,灰黑色颗粒,['灰黑色颗粒'],False,灰黑色颗粒,property,MaterialProperty
PROPPD_ea4bc494cd7d1255f066,MATPD_ad8a083c833ce89bc2ca,SRCPD_679d81e404e72d702d78,性能,爆速,爆速8296m／s，（,parsed,False,,非密-危险特性汇总表.docx,33,accepted,8296m／s,8296m／s,8296.0,,,,m/s,exact,爆轰速度,{},,,,,,,
PROPPD_e1a993b7098ecf123eea,MATPD_ad8a083c833ce89bc2ca,SRCPD_679d81e404e72d702d78,性能,密度,密度1.68g／m3）,parsed,False,,非密-危险特性汇总表.docx,33,accepted,1.68g／m3）,1.68g／m3）,1.68,,,,g/m3,exact,,{},,,,,,,
PROPPD_c4cfe5ddcbd5e40a0b82,MATPD_ad8a083c833ce89bc2ca,SRCPD_679d81e404e72d702d78,性能,威力,威力（TNT当量）145%,parsed,False,,非密-危险特性汇总表.docx,33,accepted,（TNT当量）145%,（TNT当量）145%,145.0,,,,%,exact,TNT当量,{},,,,,,,
PROPPD_e9d7ff54dad26eab67c6,MATPD_ad8a083c833ce89bc2ca,SRCPD_679d81e404e72d702d78,性能,猛度,猛度（TNT当量）134%,parsed,False,,非密-危险特性汇总表.docx,33,accepted,（TNT当量）134%,（TNT当量）134%,134.0,,,,%,exact,,{},,,,,,,
PROPPD_4962fb1e0a7e946050d6,MATPD_ad8a083c833ce89bc2ca,SRCPD_679d81e404e72d702d78,性能,摩擦感度,摩擦感度25%,parsed,False,,非密-危险特性汇总表.docx,33,accepted,25%,25%,25.0,,,,%,exact,发火/爆炸率,{},,,,,,,
PROPPD_7ed5c5e9325360db18a2,MATPD_ad8a083c833ce89bc2ca,SRCPD_679d81e404e72d702d78,性能,爆发点,爆发点270℃／5s,parsed,False,,非密-危险特性汇总表.docx,33,accepted,270℃,270℃,270.0,,,,℃,exact,爆发温度,"{""test_duration"": {""unit"": ""s"", ""value"": 5.0}}",,,,,,,
PROPPD_fc6c45491df9c7a369e6,MATPD_5ecaa7d70bee04a7d6d7,SRCPD_da972e220cf0a226e7e8,性能,爆速,爆速8410m／s，（,parsed,False,,非密-危险特性汇总表.docx,34,accepted,8410m／s,8410m／s,8410.0,,,,m/s,exact,爆轰速度,{},,,,,,,
PROPPD_4bfdec698407f8699567,MATPD_5ecaa7d70bee04a7d6d7,SRCPD_da972e220cf0a226e7e8,性能,密度,密度1.739g／m3）,parsed,False,,非密-危险特性汇总表.docx,34,accepted,1.739g／m3）,1.739g／m3）,1.739,,,,g/m3,exact,,{},,,,,,,
PROPPD_e07e9f39453a0764c6fc,MATPD_044ed101deadbfde17fa,SRCPD_b0d46bb91d6a3ce982ed,外观,外观,,raw_only,False,,非密-危险特性汇总表.docx,35,accepted,,,,,,,,,,,外观,白色或淡黄色颗粒,['白色或淡黄色颗粒'],False,白色或淡黄色颗粒,property,MaterialProperty
PROPPD_bd66f80dd0e8d4bc68a7,MATPD_044ed101deadbfde17fa,SRCPD_b0d46bb91d6a3ce982ed,性能,爆速,爆速8280m／s，（,parsed,False,,非密-危险特性汇总表.docx,35,accepted,8280m／s,8280m／s,8280.0,,,,m/s,exact,爆轰速度,{},,,,,,,
PROPPD_cb6416313b6760f398bf,MATPD_044ed101deadbfde17fa,SRCPD_b0d46bb91d6a3ce982ed,性能,密度,密度1.642g／m3）,parsed,False,,非密-危险特性汇总表.docx,35,accepted,1.642g／m3）,1.642g／m3）,1.642,,,,g/m3,exact,,{},,,,,,,
PROPPD_ce86db5f6296c6762067,MATPD_044ed101deadbfde17fa,SRCPD_b0d46bb91d6a3ce982ed,性能,威力,威力（TNT当量）112—123%,parsed,False,,非密-危险特性汇总表.docx,35,accepted,（TNT当量）112—123%,（TNT当量）112—123%,,112.0,123.0,,%,range,TNT当量,{},,,,,,,
PROPPD_869648338e2575e977fd,MATPD_044ed101deadbfde17fa,SRCPD_b0d46bb91d6a3ce982ed,性能,猛度,猛度（TNT当量）106%,parsed,False,,非密-危险特性汇总表.docx,35,accepted,（TNT当量）106%,（TNT当量）106%,106.0,,,,%,exact,,{},,,,,,,
PROPPD_25431c45618eb2f097c9,MATPD_044ed101deadbfde17fa,SRCPD_b0d46bb91d6a3ce982ed,性能,撞击感度,撞击感度20%,parsed,False,,非密-危险特性汇总表.docx,35,accepted,20%,20%,20.0,,,,%,exact,发火/爆炸率,{},,,,,,,
PROPPD_482319f892ab777c11dd,MATPD_044ed101deadbfde17fa,SRCPD_b0d46bb91d6a3ce982ed,性能,摩擦感度,摩擦感度18%,parsed,False,,非密-危险特性汇总表.docx,35,accepted,18%,18%,18.0,,,,%,exact,发火/爆炸率,{},,,,,,,
PROPPD_fba0d832dbfd94a922b4,MATPD_044ed101deadbfde17fa,SRCPD_b0d46bb91d6a3ce982ed,性能,枪击感度,枪击感度：不爆不燃,raw_only,False,,非密-危险特性汇总表.docx,35,accepted,不爆不燃,不爆不燃,,,,,,,,{},,,,,,,
PROPPD_c609b1a4bf427c8c8f11,MATPD_1a8513ad5342941174a2,SRCPD_337058e8aa5ae0be7f41,性能,爆速,爆速8204m／s，（,parsed,False,,非密-危险特性汇总表.docx,36,accepted,8204m／s,8204m／s,8204.0,,,,m/s,exact,爆轰速度,{},,,,,,,
PROPPD_aa2b71ec619343b6376c,MATPD_1a8513ad5342941174a2,SRCPD_337058e8aa5ae0be7f41,性能,密度,密度1.66g／m3）,parsed,False,,非密-危险特性汇总表.docx,36,accepted,1.66g／m3）,1.66g／m3）,1.66,,,,g/m3,exact,,{},,,,,,,
PROPPD_ef8aa1d357c038dc36b9,MATPD_1a8513ad5342941174a2,SRCPD_337058e8aa5ae0be7f41,性能,威力,威力（TNT当量）123.2%,parsed,False,,非密-危险特性汇总表.docx,36,accepted,（TNT当量）123.2%,（TNT当量）123.2%,123.2,,,,%,exact,TNT当量,{},,,,,,,
PROPPD_981c222923f59a02537a,MATPD_1a8513ad5342941174a2,SRCPD_337058e8aa5ae0be7f41,性能,猛度,猛度（TNT当量）119.3%,parsed,False,,非密-危险特性汇总表.docx,36,accepted,（TNT当量）119.3%,（TNT当量）119.3%,119.3,,,,%,exact,,{},,,,,,,
PROPPD_c0338841797f27899a98,MATPD_1a8513ad5342941174a2,SRCPD_337058e8aa5ae0be7f41,性能,撞击感度,撞击感度40%,parsed,False,,非密-危险特性汇总表.docx,36,accepted,40%,40%,40.0,,,,%,exact,发火/爆炸率,{},,,,,,,
PROPPD_525b46f0a2a542efc145,MATPD_1a8513ad5342941174a2,SRCPD_337058e8aa5ae0be7f41,性能,摩擦感度,摩擦感度40%,parsed,False,,非密-危险特性汇总表.docx,36,accepted,40%,40%,40.0,,,,%,exact,发火/爆炸率,{},,,,,,,
PROPPD_ccd4001a19131416c55b,MATPD_1a8513ad5342941174a2,SRCPD_337058e8aa5ae0be7f41,性能,枪击感度,枪击感度：不爆不燃,raw_only,False,,非密-危险特性汇总表.docx,36,accepted,不爆不燃,不爆不燃,,,,,,,,{},,,,,,,
PROPPD_9813e5b22aa7037cace9,MATPD_228fc1358e19224d67f0,SRCPD_f02c0634650096f807d7,外观,外观,,raw_only,False,,非密-危险特性汇总表.docx,37,accepted,,,,,,,,,,,外观,外观：白色或黄色具有可塑性的颗粒,['外观：白色或黄色具有可塑性的颗粒'],False,外观：白色或黄色具有可塑性的颗粒,property,MaterialProperty
PROPPD_cf228ac358dc0040bf58,MATPD_228fc1358e19224d67f0,SRCPD_f02c0634650096f807d7,性能,爆速,爆速8069m／s（,parsed,False,,非密-危险特性汇总表.docx,37,accepted,8069m／s,8069m／s,8069.0,,,,m/s,exact,爆轰速度,{},,,,,,,
PROPPD_65892c51ad6c0b3d93c9,MATPD_228fc1358e19224d67f0,SRCPD_f02c0634650096f807d7,性能,密度,密度1.638g／m3）,parsed,False,,非密-危险特性汇总表.docx,37,accepted,1.638g／m3）,1.638g／m3）,1.638,,,,g/m3,exact,,{},,,,,,,
PROPPD_bba29df329ae4dc9555e,MATPD_228fc1358e19224d67f0,SRCPD_f02c0634650096f807d7,性能,爆速,爆速8144m／s（,parsed,False,,非密-危险特性汇总表.docx,37,accepted,8144m／s,8144m／s,8144.0,,,,m/s,exact,爆轰速度,{},,,,,,,
PROPPD_bd450bb10572ab3581fe,MATPD_228fc1358e19224d67f0,SRCPD_f02c0634650096f807d7,性能,密度,密度1.662g／m3）,parsed,False,,非密-危险特性汇总表.docx,37,accepted,1.662g／m3）,1.662g／m3）,1.662,,,,g/m3,exact,,{},,,,,,,
PROPPD_0d98d1657c6a6bdd6107,MATPD_228fc1358e19224d67f0,SRCPD_f02c0634650096f807d7,性能,威力,威力（TNT当量）135%,parsed,False,,非密-危险特性汇总表.docx,37,accepted,（TNT当量）135%,（TNT当量）135%,135.0,,,,%,exact,TNT当量,{},,,,,,,
PROPPD_942b2a38f9315ddcff36,MATPD_228fc1358e19224d67f0,SRCPD_f02c0634650096f807d7,性能,猛度,猛度（TNT当量）113%,parsed,False,,非密-危险特性汇总表.docx,37,accepted,（TNT当量）113%,（TNT当量）113%,113.0,,,,%,exact,,{},,,,,,,
PROPPD_46f3133cb654bc1e645f,MATPD_228fc1358e19224d67f0,SRCPD_f02c0634650096f807d7,性能,撞击感度,撞击感度36%,parsed,False,,非密-危险特性汇总表.docx,37,accepted,36%,36%,36.0,,,,%,exact,发火/爆炸率,{},,,,,,,
PROPPD_e0bf408bc9d9dbb16d16,MATPD_228fc1358e19224d67f0,SRCPD_f02c0634650096f807d7,性能,摩擦感度,摩擦感度2%,parsed,False,,非密-危险特性汇总表.docx,37,accepted,2%,2%,2.0,,,,%,exact,发火/爆炸率,{},,,,,,,
PROPPD_2f02288beffe14e8c4c5,MATPD_228fc1358e19224d67f0,SRCPD_f02c0634650096f807d7,性能,爆热,爆热1001Kcal／kg,parsed,False,,非密-危险特性汇总表.docx,37,accepted,1001Kcal／kg,1001Kcal／kg,1001.0,,,,kcal/kg,exact,,{},,,,,,,
PROPPD_1a40e9fd5df057fa8fc8,MATPD_228fc1358e19224d67f0,SRCPD_f02c0634650096f807d7,性能,爆发点,爆发点284℃／5s,parsed,False,,非密-危险特性汇总表.docx,37,accepted,284℃,284℃,284.0,,,,℃,exact,爆发温度,"{""test_duration"": {""unit"": ""s"", ""value"": 5.0}}",,,,,,,
PROPPD_c012d9577884f2a09cdf,MATPD_a2e1c0e04a51a3b3e6f0,SRCPD_88c05f87682f1dcd7546,性能,爆速,爆速8259m／s,parsed,False,,非密-危险特性汇总表.docx,38,accepted,8259m／s,8259m／s,8259.0,,,,m/s,exact,爆轰速度,{},,,,,,,
PROPPD_5795a7ee22615d9533b5,MATPD_a2e1c0e04a51a3b3e6f0,SRCPD_88c05f87682f1dcd7546,性能,密度,密度1.59g／m3,parsed,False,,非密-危险特性汇总表.docx,38,accepted,1.59g／m3,1.59g／m3,1.59,,,,g/m3,exact,,{},,,,,,,
PROPPD_32f1ef594156adabf516,MATPD_4f5a388070e46667f112,SRCPD_5c8645f1ddb41ce3db75,外观,外观,,raw_only,False,,非密-危险特性汇总表.docx,39,accepted,,,,,,,,,,,外观,白色颗粒,['白色颗粒'],False,白色颗粒,property,MaterialProperty
PROPPD_adf8dc341d11c2fe35fd,MATPD_4f5a388070e46667f112,SRCPD_5c8645f1ddb41ce3db75,性能,爆速,爆速8192m／s,parsed,False,,非密-危险特性汇总表.docx,39,accepted,8192m／s,8192m／s,8192.0,,,,m/s,exact,爆轰速度,{},,,,,,,
PROPPD_9fbb75270e711972fed0,MATPD_4f5a388070e46667f112,SRCPD_5c8645f1ddb41ce3db75,性能,密度,密度1.655g／m3,parsed,False,,非密-危险特性汇总表.docx,39,accepted,1.655g／m3,1.655g／m3,1.655,,,,g/m3,exact,,{},,,,,,,
PROPPD_86caf9bf9d80f1e9ec44,MATPD_4f5a388070e46667f112,SRCPD_5c8645f1ddb41ce3db75,性能,威力,威力（TNT当量）134%,parsed,False,,非密-危险特性汇总表.docx,39,accepted,（TNT当量）134%,（TNT当量）134%,134.0,,,,%,exact,TNT当量,{},,,,,,,
PROPPD_a87b44547fd52f9cc44a,MATPD_4f5a388070e46667f112,SRCPD_5c8645f1ddb41ce3db75,性能,猛度,猛度（TNT当量）148%,parsed,False,,非密-危险特性汇总表.docx,39,accepted,（TNT当量）148%,（TNT当量）148%,148.0,,,,%,exact,,{},,,,,,,
PROPPD_fe7976c49e5c1d56758f,MATPD_4f5a388070e46667f112,SRCPD_5c8645f1ddb41ce3db75,性能,撞击感度,撞击感度29%,parsed,False,,非密-危险特性汇总表.docx,39,accepted,29%,29%,29.0,,,,%,exact,发火/爆炸率,{},,,,,,,
PROPPD_7a6c9ce81b678a996ca6,MATPD_4f5a388070e46667f112,SRCPD_5c8645f1ddb41ce3db75,性能,摩擦感度,摩擦感度32%,parsed,False,,非密-危险特性汇总表.docx,39,accepted,32%,32%,32.0,,,,%,exact,发火/爆炸率,{},,,,,,,
PROPPD_cbc49f056ed18a23759e,MATPD_4f5a388070e46667f112,SRCPD_5c8645f1ddb41ce3db75,性能,爆热,爆热1029Kcal／kg,parsed,False,,非密-危险特性汇总表.docx,39,accepted,1029Kcal／kg,1029Kcal／kg,1029.0,,,,kcal/kg,exact,,{},,,,,,,
PROPPD_9f383f694ee76df1954d,MATPD_4f5a388070e46667f112,SRCPD_5c8645f1ddb41ce3db75,性能,爆发点,爆发点281℃／5s,parsed,False,,非密-危险特性汇总表.docx,39,accepted,281℃,281℃,281.0,,,,℃,exact,爆发温度,"{""test_duration"": {""unit"": ""s"", ""value"": 5.0}}",,,,,,,
PROPPD_f29198b586f59b695a12,MATPD_f6f97a753ab53341c03f,SRCPD_d87bbd844506478617a9,性能,爆速,爆速6756m／s，（,parsed,False,,非密-危险特性汇总表.docx,40,accepted,6756m／s,6756m／s,6756.0,,,,m/s,exact,爆轰速度,{},,,,,,,
PROPPD_bafa3a07435c1266133a,MATPD_f6f97a753ab53341c03f,SRCPD_d87bbd844506478617a9,性能,密度,密度1.745g／m3）,parsed,False,,非密-危险特性汇总表.docx,40,accepted,1.745g／m3）,1.745g／m3）,1.745,,,,g/m3,exact,,{},,,,,,,
PROPPD_986edf4f6b0bde151cb2,MATPD_24692923495c3f83482e,SRCPD_60c228f094b81dcfb48b,组成指标,外挥,,parsed,False,,非密-危险特性汇总表.docx,3,accepted,1.0—1.8,1.0—1.8,,1.0,1.8,,%,range,,,外挥,外挥,[],False,外挥1.0—1.8,property,MaterialProperty
PROPPD_1edba06acca0a1968f5d,MATPD_24692923495c3f83482e,SRCPD_60c228f094b81dcfb48b,组成指标,内挥,,parsed,False,,非密-危险特性汇总表.docx,3,accepted,≥0.6,≥0.6,,0.6,,,%,min,,,内挥,内挥,[],False,内挥≥0.6,property,MaterialProperty
PROPPD_b24d15de627ae0a3c56d,MATPD_24692923495c3f83482e,SRCPD_60c228f094b81dcfb48b,组成指标,总挥,,parsed,False,,非密-危险特性汇总表.docx,3,accepted,≤3.5,≤3.5,,,3.5,,%,max,,,总挥,总挥,[],False,总挥≤3.5,property,MaterialProperty
PROPPD_aaf50f4be80a6ca5114f,MATPD_24692923495c3f83482e,SRCPD_60c228f094b81dcfb48b,组成指标,硝化纤维素硝化度,,parsed,False,,非密-危险特性汇总表.docx,3,accepted,208.0ml／g,208.0ml／g,208.0,,,,ml/g,exact,,,硝化纤维素硝化度,硝化纤维素硝化度,[],False,硝化纤维素硝化度208.0ml／g,property,MaterialProperty
PROPPD_5d518cd91995b4dda9d9,MATPD_24692923495c3f83482e,SRCPD_60c228f094b81dcfb48b,标准,采用标准,Q／HE2—108—1991,raw_only,False,,非密-危险特性汇总表.docx,3,accepted,,,,,,,,,,,,,,,,,
PROPPD_1bb28a5837b43b1f44b6,MATPD_24692923495c3f83482e,SRCPD_60c228f094b81dcfb48b,安定性,维也里试验温度,106.5℃维也里试验,parsed,False,,非密-危险特性汇总表.docx,3,accepted,106.5℃,106.5℃,106.5,,,,℃,exact,,{},,,,,,,
PROPPD_9f3a574e464d73906337,MATPD_24692923495c3f83482e,SRCPD_60c228f094b81dcfb48b,安定性,普通法持续时间,普通法≥7h,parsed,False,,非密-危险特性汇总表.docx,3,accepted,≥7h,≥7h,,7.0,,,h,min,,{},,,,,,,
PROPPD_964ae3eaa3319cd70a55,MATPD_24692923495c3f83482e,SRCPD_60c228f094b81dcfb48b,安定性,重复法持续时间,重复法≥60h,parsed,False,,非密-危险特性汇总表.docx,3,accepted,≥60h,≥60h,,60.0,,,h,min,,{},,,,,,,
PROPPD_018e5b4a1a6359e3efc6,MATPD_24692923495c3f83482e,SRCPD_60c228f094b81dcfb48b,安定性,安定性原文,106.5℃维也里试验，普通法≥7h，重复法≥60h,raw_only,False,,非密-危险特性汇总表.docx,3,accepted,106.5℃维也里试验，普通法≥7h，重复法≥60h,106.5℃维也里试验，普通法≥7h，重复法≥60h,,,,,,,,{},,,,,,,
PROPPD_5b2e27b43b95ecf5d0b4,MATPD_24692923495c3f83482e,SRCPD_60c228f094b81dcfb48b,药型尺寸,平均燃烧层厚度,平均燃烧层厚度0.45—0.56mm,parsed,False,,非密-危险特性汇总表.docx,3,accepted,0.45—0.56mm,0.45—0.56mm,,0.45,0.56,,mm,range,,{},,,,,,,
PROPPD_98bd1df4fc11ae49f98b,MATPD_24692923495c3f83482e,SRCPD_60c228f094b81dcfb48b,药型尺寸,平均孔径,平均孔径0.15—0.25mm,parsed,False,,非密-危险特性汇总表.docx,3,accepted,0.15—0.25mm,0.15—0.25mm,,0.15,0.25,,mm,range,,{},,,,,,,
PROPPD_df873e641322afdd6cb9,MATPD_24692923495c3f83482e,SRCPD_60c228f094b81dcfb48b,药型尺寸,平均长度,平均长度2.5—3.5mm,parsed,False,,非密-危险特性汇总表.docx,3,accepted,2.5—3.5mm,2.5—3.5mm,,2.5,3.5,,mm,range,,{},,,,,,,
PROPPD_b30d67a25a6c26b2f4aa,MATPD_24692923495c3f83482e,SRCPD_60c228f094b81dcfb48b,性能,性能说明,具有增面燃烧的特点。,raw_only,False,,非密-危险特性汇总表.docx,3,accepted,具有增面燃烧的特点。,具有增面燃烧的特点。,,,,,,,,{},,,,,,,
PROPPD_3e45f19d287be1c382cd,MATPD_aa280586a21b62631377,SRCPD_3290eb3f2dc9298f7da4,组成指标,内挥,,parsed,False,,非密-危险特性汇总表.docx,4,accepted,≥0.8,≥0.8,,0.8,,,%,min,,,内挥,内挥,[],False,内挥≥0.8,property,MaterialProperty
PROPPD_03e02003f361eb4b301d,MATPD_aa280586a21b62631377,SRCPD_3290eb3f2dc9298f7da4,组成指标,外挥,,parsed,False,,非密-危险特性汇总表.docx,4,accepted,1.2—1.8,1.2—1.8,,1.2,1.8,,%,range,,,外挥,外挥,[],False,外挥1.2—1.8,property,MaterialProperty
PROPPD_6c02109de35d73eacb82,MATPD_aa280586a21b62631377,SRCPD_3290eb3f2dc9298f7da4,组成指标,总挥,,parsed,False,,非密-危险特性汇总表.docx,4,accepted,2.1—3.3,2.1—3.3,,2.1,3.3,,%,range,,,总挥,总挥,[],False,总挥2.1—3.3,property,MaterialProperty
PROPPD_ef7a9f9d2be7a6bd3626,MATPD_aa280586a21b62631377,SRCPD_3290eb3f2dc9298f7da4,组成指标,硝化纤维素硝化度,,parsed,False,,非密-危险特性汇总表.docx,4,accepted,208.0ml／g,208.0ml／g,208.0,,,,ml/g,exact,,,硝化纤维素硝化度,硝化纤维素硝化度,[],False,硝化纤维素硝化度208.0ml／g,property,MaterialProperty
PROPPD_779edd0ad509fe62ed76,MATPD_aa280586a21b62631377,SRCPD_3290eb3f2dc9298f7da4,标准,采用标准,GJB1246A—2000,raw_only,False,,非密-危险特性汇总表.docx,4,accepted,,,,,,,,,,,,,,,,,
PROPPD_ef302fd5424872a3cf41,MATPD_aa280586a21b62631377,SRCPD_3290eb3f2dc9298f7da4,安定性,维也里试验温度,106.5℃维也里试验,parsed,False,,非密-危险特性汇总表.docx,4,accepted,106.5℃,106.5℃,106.5,,,,℃,exact,,{},,,,,,,
PROPPD_9bea97a8d34f25feab4c,MATPD_aa280586a21b62631377,SRCPD_3290eb3f2dc9298f7da4,安定性,普通法持续时间,普通法≥7h,parsed,False,,非密-危险特性汇总表.docx,4,accepted,≥7h,≥7h,,7.0,,,h,min,,{},,,,,,,
PROPPD_84593989439e10497a54,MATPD_aa280586a21b62631377,SRCPD_3290eb3f2dc9298f7da4,安定性,重复法持续时间,重复法≥60h,parsed,False,,非密-危险特性汇总表.docx,4,accepted,≥60h,≥60h,,60.0,,,h,min,,{},,,,,,,
PROPPD_0c90a4661e3893872345,MATPD_aa280586a21b62631377,SRCPD_3290eb3f2dc9298f7da4,安定性,安定性原文,106.5℃维也里试验，普通法≥7h，重复法≥60h,raw_only,False,,非密-危险特性汇总表.docx,4,accepted,106.5℃维也里试验，普通法≥7h，重复法≥60h,106.5℃维也里试验，普通法≥7h，重复法≥60h,,,,,,,,{},,,,,,,
PROPPD_ea99f403b94ff58195ea,MATPD_aa280586a21b62631377,SRCPD_3290eb3f2dc9298f7da4,药型尺寸,平均燃烧层厚度,平均燃烧层厚度0.52—0.58mm,parsed,False,,非密-危险特性汇总表.docx,4,accepted,0.52—0.58mm,0.52—0.58mm,,0.52,0.58,,mm,range,,{},,,,,,,
PROPPD_7e630d71a33a8176357b,MATPD_aa280586a21b62631377,SRCPD_3290eb3f2dc9298f7da4,药型尺寸,平均孔径,平均孔径0.19—0.29mm,parsed,False,,非密-危险特性汇总表.docx,4,accepted,0.19—0.29mm,0.19—0.29mm,,0.19,0.29,,mm,range,,{},,,,,,,
PROPPD_d91d5a0b115dc8da4033,MATPD_aa280586a21b62631377,SRCPD_3290eb3f2dc9298f7da4,药型尺寸,平均长度,平均长度2.9—3.8mm,parsed,False,,非密-危险特性汇总表.docx,4,accepted,2.9—3.8mm,2.9—3.8mm,,2.9,3.8,,mm,range,,{},,,,,,,
PROPPD_d27d0a04101b197c86b6,MATPD_aa280586a21b62631377,SRCPD_3290eb3f2dc9298f7da4,性能,性能说明,具有增面燃烧的特点。,raw_only,False,,非密-危险特性汇总表.docx,4,accepted,具有增面燃烧的特点。,具有增面燃烧的特点。,,,,,,,,{},,,,,,,
PROPPD_835f5ac8182ec3bbd26c,MATPD_b84d5852c54b6dafeeee,SRCPD_b14b5ad1f22dd0970b35,组成指标,灰分,,parsed,False,,非密-危险特性汇总表.docx,5,accepted,≤1.0,≤1.0,,,1.0,,%,max,,,灰分,灰分,[],False,灰分≤1.0,property,MaterialProperty
PROPPD_b07d2afdaaa64e0270da,MATPD_b84d5852c54b6dafeeee,SRCPD_b14b5ad1f22dd0970b35,性能,爆热,爆热=3423KJ／kg,parsed,False,,非密-危险特性汇总表.docx,5,accepted,3423KJ／kg,3423KJ／kg,3423.0,,,,kJ/kg,exact,,{},,,,,,,
PROPPD_67a1e3289ca4ef36932f,MATPD_b84d5852c54b6dafeeee,SRCPD_b14b5ad1f22dd0970b35,性能,火药力,火药力=1029KJ／kg,parsed,False,,非密-危险特性汇总表.docx,5,accepted,1029KJ／kg,1029KJ／kg,1029.0,,,,kJ/kg,exact,,{},,,,,,,
PROPPD_320d512eeb2401186c2f,MATPD_d7b25d8529ad8267def2,SRCPD_380af1333ec179104012,组成指标,外挥,,parsed,False,,非密-危险特性汇总表.docx,6,accepted,1.0—1.8,1.0—1.8,,1.0,1.8,,%,range,,,外挥,外挥,[],False,外挥1.0—1.8,property,MaterialProperty
PROPPD_ba4c942f8c8afe808bc6,MATPD_d7b25d8529ad8267def2,SRCPD_380af1333ec179104012,组成指标,内挥,,parsed,False,,非密-危险特性汇总表.docx,6,accepted,≥0.4,≥0.4,,0.4,,,%,min,,,内挥,内挥,[],False,内挥≥0.4,property,MaterialProperty
PROPPD_7648146800e62f9c17d5,MATPD_d7b25d8529ad8267def2,SRCPD_380af1333ec179104012,组成指标,总挥,,parsed,False,,非密-危险特性汇总表.docx,6,accepted,≤2.9,≤2.9,,,2.9,,%,max,,,总挥,总挥,[],False,总挥≤2.9,property,MaterialProperty
PROPPD_b9c31d5c3a42678e8255,MATPD_d7b25d8529ad8267def2,SRCPD_380af1333ec179104012,组成指标,硝化纤维素硝化度,,parsed,False,,非密-危险特性汇总表.docx,6,accepted,209ml／g,209ml／g,209.0,,,,ml/g,exact,,,硝化纤维素硝化度,硝化纤维素硝化度,[],False,硝化纤维素硝化度209ml／g,property,MaterialProperty
PROPPD_597be8230d5f5c2d4f20,MATPD_d7b25d8529ad8267def2,SRCPD_380af1333ec179104012,标准,采用标准,GJB1246A—2000,raw_only,False,,非密-危险特性汇总表.docx,6,accepted,,,,,,,,,,,,,,,,,
PROPPD_602ea0d4c619fabfe9d1,MATPD_d7b25d8529ad8267def2,SRCPD_380af1333ec179104012,安定性,维也里试验温度,106.5℃维也里试验,parsed,False,,非密-危险特性汇总表.docx,6,accepted,106.5℃,106.5℃,106.5,,,,℃,exact,,{},,,,,,,
PROPPD_b7ba8095e6226fd997dc,MATPD_d7b25d8529ad8267def2,SRCPD_380af1333ec179104012,安定性,普通法持续时间,普通法≥7h,parsed,False,,非密-危险特性汇总表.docx,6,accepted,≥7h,≥7h,,7.0,,,h,min,,{},,,,,,,
PROPPD_0d9f2a99393c209d10e2,MATPD_d7b25d8529ad8267def2,SRCPD_380af1333ec179104012,安定性,重复法持续时间,重复法≥60h,parsed,False,,非密-危险特性汇总表.docx,6,accepted,≥60h,≥60h,,60.0,,,h,min,,{},,,,,,,
PROPPD_9f6b5a9c7b8555ef379e,MATPD_d7b25d8529ad8267def2,SRCPD_380af1333ec179104012,安定性,安定性原文,106.5℃维也里试验，普通法≥7h，重复法≥60h,raw_only,False,,非密-危险特性汇总表.docx,6,accepted,106.5℃维也里试验，普通法≥7h，重复法≥60h,106.5℃维也里试验，普通法≥7h，重复法≥60h,,,,,,,,{},,,,,,,
PROPPD_7d8e339dd47f5ab29570,MATPD_d7b25d8529ad8267def2,SRCPD_380af1333ec179104012,药型尺寸,平均燃烧层厚度,平均燃烧层厚度0.19—0.24mm,parsed,False,,非密-危险特性汇总表.docx,6,accepted,0.19—0.24mm,0.19—0.24mm,,0.19,0.24,,mm,range,,{},,,,,,,
PROPPD_55850e6a77846f6b462c,MATPD_d7b25d8529ad8267def2,SRCPD_380af1333ec179104012,药型尺寸,平均孔径,平均孔径0.07—0.15mm,parsed,False,,非密-危险特性汇总表.docx,6,accepted,0.07—0.15mm,0.07—0.15mm,,0.07,0.15,,mm,range,,{},,,,,,,
PROPPD_22ca91180c16fbf1a808,MATPD_d7b25d8529ad8267def2,SRCPD_380af1333ec179104012,药型尺寸,平均长度,平均长度0.85—1.25mm,parsed,False,,非密-危险特性汇总表.docx,6,accepted,0.85—1.25mm,0.85—1.25mm,,0.85,1.25,,mm,range,,{},,,,,,,
PROPPD_39b93a4472e7ba7f726b,MATPD_d7b25d8529ad8267def2,SRCPD_380af1333ec179104012,性能,性能说明,具有渐猛性燃烧的特点,raw_only,False,,非密-危险特性汇总表.docx,6,accepted,具有渐猛性燃烧的特点,具有渐猛性燃烧的特点,,,,,,,,{},,,,,,,
PROPPD_eb884db99c2d731f3a83,MATPD_50c3212f7f70df127436,SRCPD_ea74e724d805c080a346,组成指标,外挥,,parsed,False,,非密-危险特性汇总表.docx,7,accepted,1.0—1.8,1.0—1.8,,1.0,1.8,,%,range,,,外挥,外挥,[],False,外挥1.0—1.8,property,MaterialProperty
PROPPD_144e8c825abc6f157026,MATPD_50c3212f7f70df127436,SRCPD_ea74e724d805c080a346,组成指标,内挥,,parsed,False,,非密-危险特性汇总表.docx,7,accepted,≥0.7,≥0.7,,0.7,,,%,min,,,内挥,内挥,[],False,内挥≥0.7,property,MaterialProperty
PROPPD_bccaad7e15ac524270b9,MATPD_50c3212f7f70df127436,SRCPD_ea74e724d805c080a346,组成指标,总挥,,parsed,False,,非密-危险特性汇总表.docx,7,accepted,≤3.2,≤3.2,,,3.2,,%,max,,,总挥,总挥,[],False,总挥≤3.2,property,MaterialProperty
PROPPD_2585afe91a8132510a0a,MATPD_50c3212f7f70df127436,SRCPD_ea74e724d805c080a346,组成指标,硝化纤维素硝化度,,parsed,False,,非密-危险特性汇总表.docx,7,accepted,208ml／g,208ml／g,208.0,,,,ml/g,exact,,,硝化纤维素硝化度,硝化纤维素硝化度,[],False,硝化纤维素硝化度208ml／g,property,MaterialProperty
PROPPD_4675e9c8ccd0263e3738,MATPD_50c3212f7f70df127436,SRCPD_ea74e724d805c080a346,标准,采用标准,GJB1246A—2000,raw_only,False,,非密-危险特性汇总表.docx,7,accepted,,,,,,,,,,,,,,,,,
PROPPD_134f4b4dae4ae4c8f27c,MATPD_50c3212f7f70df127436,SRCPD_ea74e724d805c080a346,安定性,维也里试验温度,106.5℃维也里试验,parsed,False,,非密-危险特性汇总表.docx,7,accepted,106.5℃,106.5℃,106.5,,,,℃,exact,,{},,,,,,,
PROPPD_3a69cda99a7f8a6ee927,MATPD_50c3212f7f70df127436,SRCPD_ea74e724d805c080a346,安定性,普通法持续时间,普通法≥7h,parsed,False,,非密-危险特性汇总表.docx,7,accepted,≥7h,≥7h,,7.0,,,h,min,,{},,,,,,,
PROPPD_ec42fe844e031bf469ce,MATPD_50c3212f7f70df127436,SRCPD_ea74e724d805c080a346,安定性,重复法持续时间,重复法≥60h,parsed,False,,非密-危险特性汇总表.docx,7,accepted,≥60h,≥60h,,60.0,,,h,min,,{},,,,,,,
PROPPD_c111024245938e2620c1,MATPD_50c3212f7f70df127436,SRCPD_ea74e724d805c080a346,安定性,安定性原文,106.5℃维也里试验，普通法≥7h，重复法≥60h,raw_only,False,,非密-危险特性汇总表.docx,7,accepted,106.5℃维也里试验，普通法≥7h，重复法≥60h,106.5℃维也里试验，普通法≥7h，重复法≥60h,,,,,,,,{},,,,,,,
PROPPD_010bf6ee89c8aa2fd76f,MATPD_50c3212f7f70df127436,SRCPD_ea74e724d805c080a346,药型尺寸,平均燃烧层厚度,平均燃烧层厚度0.29—0.34mm,parsed,False,,非密-危险特性汇总表.docx,7,accepted,0.29—0.34mm,0.29—0.34mm,,0.29,0.34,,mm,range,,{},,,,,,,
PROPPD_771c103a75721faddae1,MATPD_50c3212f7f70df127436,SRCPD_ea74e724d805c080a346,药型尺寸,平均孔径,平均孔径0.10—0.20mm,parsed,False,,非密-危险特性汇总表.docx,7,accepted,0.10—0.20mm,0.10—0.20mm,,0.1,0.2,,mm,range,,{},,,,,,,
PROPPD_b2827bd492bf8a960bc9,MATPD_50c3212f7f70df127436,SRCPD_ea74e724d805c080a346,药型尺寸,药粒平均长度,药粒平均长度1.6—2.0mm,parsed,False,,非密-危险特性汇总表.docx,7,accepted,1.6—2.0mm,1.6—2.0mm,,1.6,2.0,,mm,range,,{},,,,,,,
PROPPD_64a86af971f45e770d77,MATPD_50c3212f7f70df127436,SRCPD_ea74e724d805c080a346,性能,性能说明,具有渐猛性燃烧的特点,raw_only,False,,非密-危险特性汇总表.docx,7,accepted,具有渐猛性燃烧的特点,具有渐猛性燃烧的特点,,,,,,,,{},,,,,,,
PROPPD_2b2e5e882d0dd75340b4,MATPD_8a8a57da3044f82974c0,SRCPD_f349c5bbde86e00a4e6a,组成指标,灰分,,parsed,False,,非密-危险特性汇总表.docx,8,accepted,≤0.4,≤0.4,,,0.4,,%,max,,,灰分,灰分,[],False,灰分≤0.4,property,MaterialProperty
PROPPD_5cfd4ca2ae3480b55993,MATPD_8a8a57da3044f82974c0,SRCPD_f349c5bbde86e00a4e6a,性能,爆热,爆热=3709KJ／kg,parsed,False,,非密-危险特性汇总表.docx,8,accepted,3709KJ／kg,3709KJ／kg,3709.0,,,,kJ/kg,exact,,{},,,,,,,
PROPPD_8eea99ff8d1d6b05b83e,MATPD_8a8a57da3044f82974c0,SRCPD_f349c5bbde86e00a4e6a,性能,火药力,火药力=1003KJ／kg,parsed,False,,非密-危险特性汇总表.docx,8,accepted,1003KJ／kg,1003KJ／kg,1003.0,,,,kJ/kg,exact,,{},,,,,,,
PROPPD_28540b17e59667798177,MATPD_64530f3ca17fe6e7af6f,SRCPD_f2d09166bc0dfa19ae81,组成指标,残溶,,parsed,False,,非密-危险特性汇总表.docx,9,accepted,≤2.0,≤2.0,,,2.0,,%,max,,,残溶,残溶,[],False,残溶≤2.0,property,MaterialProperty
PROPPD_31cc2e736a6c4a211f59,MATPD_64530f3ca17fe6e7af6f,SRCPD_f2d09166bc0dfa19ae81,组成指标,水分,,parsed,False,,非密-危险特性汇总表.docx,9,accepted,≤1.5,≤1.5,,,1.5,,%,max,,,水分,水分,[],False,水分≤1.5,property,MaterialProperty
PROPPD_a20a33b8ccf0c3591414,MATPD_64530f3ca17fe6e7af6f,SRCPD_f2d09166bc0dfa19ae81,组成指标,总挥（水分+残溶）,,parsed,False,,非密-危险特性汇总表.docx,9,accepted,≤3.5,≤3.5,,,3.5,,%,max,,,总挥（水分+残溶）,总挥（水分+残溶）,[],False,总挥（水分+残溶）≤3.5,property,MaterialProperty
PROPPD_5fb13a9f22b7c4fc8c93,MATPD_64530f3ca17fe6e7af6f,SRCPD_f2d09166bc0dfa19ae81,标准,采用标准,Q／HE2—178—1998,raw_only,False,,非密-危险特性汇总表.docx,9,accepted,,,,,,,,,,,,,,,,,
PROPPD_75b1a77f69b4caa480b9,MATPD_64530f3ca17fe6e7af6f,SRCPD_f2d09166bc0dfa19ae81,安定性,维也里试验温度,106.5℃维也里试验,parsed,False,,非密-危险特性汇总表.docx,9,accepted,106.5℃,106.5℃,106.5,,,,℃,exact,,{},,,,,,,
PROPPD_7387b4650cba4c00d732,MATPD_64530f3ca17fe6e7af6f,SRCPD_f2d09166bc0dfa19ae81,安定性,普通法持续时间,普通法≥7h,parsed,False,,非密-危险特性汇总表.docx,9,accepted,≥7h,≥7h,,7.0,,,h,min,,{},,,,,,,
PROPPD_b4d477b258abcece2153,MATPD_64530f3ca17fe6e7af6f,SRCPD_f2d09166bc0dfa19ae81,安定性,重复法持续时间,重复法≥60h,parsed,False,,非密-危险特性汇总表.docx,9,accepted,≥60h,≥60h,,60.0,,,h,min,,{},,,,,,,
PROPPD_0a1b1edfd77d8199b307,MATPD_64530f3ca17fe6e7af6f,SRCPD_f2d09166bc0dfa19ae81,安定性,安定性原文,106.5℃维也里试验，普通法≥7h，重复法≥60h,raw_only,False,,非密-危险特性汇总表.docx,9,accepted,106.5℃维也里试验，普通法≥7h，重复法≥60h,106.5℃维也里试验，普通法≥7h，重复法≥60h,,,,,,,,{},,,,,,,
PROPPD_858b708071d744f15ae7,MATPD_64530f3ca17fe6e7af6f,SRCPD_f2d09166bc0dfa19ae81,药型尺寸,平均燃烧层厚度,平均燃烧层厚度0.30—0.36mm,parsed,False,,非密-危险特性汇总表.docx,9,accepted,0.30—0.36mm,0.30—0.36mm,,0.3,0.36,,mm,range,,{},,,,,,,
PROPPD_1d0f616d874b15d1cab9,MATPD_64530f3ca17fe6e7af6f,SRCPD_f2d09166bc0dfa19ae81,药型尺寸,平均孔径,平均孔径0.10—0.20mm,parsed,False,,非密-危险特性汇总表.docx,9,accepted,0.10—0.20mm,0.10—0.20mm,,0.1,0.2,,mm,range,,{},,,,,,,
PROPPD_f5b1efd9486a54a45031,MATPD_64530f3ca17fe6e7af6f,SRCPD_f2d09166bc0dfa19ae81,药型尺寸,药粒平均长度,药粒平均长度0.91—1.3mm,parsed,False,,非密-危险特性汇总表.docx,9,accepted,0.91—1.3mm,0.91—1.3mm,,0.91,1.3,,mm,range,,{},,,,,,,
PROPPD_ae4cc84838d3bf23889b,MATPD_64530f3ca17fe6e7af6f,SRCPD_f2d09166bc0dfa19ae81,性能,性能说明,具有渐猛性燃烧的特点,raw_only,False,,非密-危险特性汇总表.docx,9,accepted,具有渐猛性燃烧的特点,具有渐猛性燃烧的特点,,,,,,,,{},,,,,,,
PROPPD_a3f17961e57d6056d21f,MATPD_1710b99bca1bc0b22528,SRCPD_d154740e12f98c9cc55d,组成指标,残溶,,parsed,False,,非密-危险特性汇总表.docx,10,accepted,≤1.1,≤1.1,,,1.1,,%,max,,,残溶,残溶,[],False,残溶≤1.1,property,MaterialProperty
PROPPD_52b24c6e07ccca00ffce,MATPD_1710b99bca1bc0b22528,SRCPD_d154740e12f98c9cc55d,组成指标,水分,,parsed,False,,非密-危险特性汇总表.docx,10,accepted,0.7—1.2,0.7—1.2,,0.7,1.2,,%,range,,,水分,水分,[],False,水分0.7—1.2,property,MaterialProperty
PROPPD_5e59332af0182c36eed1,MATPD_1710b99bca1bc0b22528,SRCPD_d154740e12f98c9cc55d,组成指标,总挥,,parsed,False,,非密-危险特性汇总表.docx,10,accepted,≤2.25,≤2.25,,,2.25,,%,max,,,总挥,总挥,[],False,总挥≤2.25,property,MaterialProperty
PROPPD_f0aa5e22dd5d6da1d8a4,MATPD_1710b99bca1bc0b22528,SRCPD_d154740e12f98c9cc55d,标准,采用标准,Q／HE2—106—1991,raw_only,False,,非密-危险特性汇总表.docx,10,accepted,,,,,,,,,,,,,,,,,
PROPPD_c634e437657d482de8e4,MATPD_1710b99bca1bc0b22528,SRCPD_d154740e12f98c9cc55d,安定性,甲基紫试验温度,134.5℃甲基紫试验,parsed,False,,非密-危险特性汇总表.docx,10,accepted,134.5℃,134.5℃,134.5,,,,℃,exact,,{},,,,,,,
PROPPD_8521d8cba5f9dd597d2b,MATPD_1710b99bca1bc0b22528,SRCPD_d154740e12f98c9cc55d,安定性,至变色时间,至变色时间≥45min,parsed,False,,非密-危险特性汇总表.docx,10,accepted,≥45min,≥45min,,45.0,,,min,min,,{},,,,,,,
PROPPD_845ec0a5734207d36316,MATPD_1710b99bca1bc0b22528,SRCPD_d154740e12f98c9cc55d,安定性,不爆炸时间,不爆炸时间≥5h,parsed,False,,非密-危险特性汇总表.docx,10,accepted,≥5h,≥5h,,5.0,,,h,min,,{},,,,,,,
PROPPD_8339544085108d5bbb8c,MATPD_1710b99bca1bc0b22528,SRCPD_d154740e12f98c9cc55d,安定性,安定性原文,134.5℃甲基紫试验，至变色时间≥45min，不爆炸时间≥5h,raw_only,False,,非密-危险特性汇总表.docx,10,accepted,134.5℃甲基紫试验，至变色时间≥45min，不爆炸时间≥5h,134.5℃甲基紫试验，至变色时间≥45min，不爆炸时间≥5h,,,,,,,,{},,,,,,,
PROPPD_08ce3961a62466d853a4,MATPD_1710b99bca1bc0b22528,SRCPD_d154740e12f98c9cc55d,药型尺寸,平均燃烧层厚度,平均燃烧层厚度0.55±0.03mm,parsed,False,,非密-危险特性汇总表.docx,10,accepted,0.55±0.03mm,0.55±0.03mm,0.55,,,0.03,mm,nominal_tolerance,,{},,,,,,,
PROPPD_f394a2227b6e7d4d52f6,MATPD_1710b99bca1bc0b22528,SRCPD_d154740e12f98c9cc55d,药型尺寸,平均孔径,平均孔径0.17—0.23mm,parsed,False,,非密-危险特性汇总表.docx,10,accepted,0.17—0.23mm,0.17—0.23mm,,0.17,0.23,,mm,range,,{},,,,,,,
PROPPD_ebf2a6d4477d0bee2c3f,MATPD_1710b99bca1bc0b22528,SRCPD_d154740e12f98c9cc55d,药型尺寸,平均长度,平均长度1.8—2.4mm,parsed,False,,非密-危险特性汇总表.docx,10,accepted,1.8—2.4mm,1.8—2.4mm,,1.8,2.4,,mm,range,,{},,,,,,,
PROPPD_cb4c26ef82eb91429ab4,MATPD_1710b99bca1bc0b22528,SRCPD_d154740e12f98c9cc55d,性能,性能说明,具有渐猛性燃烧的特点,raw_only,False,,非密-危险特性汇总表.docx,10,accepted,具有渐猛性燃烧的特点,具有渐猛性燃烧的特点,,,,,,,,{},,,,,,,
PROPPD_989758872997180bee77,MATPD_48fe044f492ee9e4d2d3,SRCPD_5800151720d0c081608c,性能,爆热,爆热=3225KJ／kg,parsed,False,,非密-危险特性汇总表.docx,11,accepted,3225KJ／kg,3225KJ／kg,3225.0,,,,kJ/kg,exact,,{},,,,,,,
PROPPD_dda7a3e9c053ecd33257,MATPD_48fe044f492ee9e4d2d3,SRCPD_5800151720d0c081608c,性能,火药力,火药力=1011KJ／kg,parsed,False,,非密-危险特性汇总表.docx,11,accepted,1011KJ／kg,1011KJ／kg,1011.0,,,,kJ/kg,exact,,{},,,,,,,
PROPPD_4e414786dffa28cfcc09,MATPD_4c3fe758c00ebab30cf6,SRCPD_47f18c12386abc18fd28,组成指标,灰分,,parsed,False,,非密-危险特性汇总表.docx,12,accepted,≤0.4,≤0.4,,,0.4,,%,max,,,灰分,灰分,[],False,灰分≤0.4,property,MaterialProperty
PROPPD_179956737675f4baab3c,MATPD_4c3fe758c00ebab30cf6,SRCPD_47f18c12386abc18fd28,性能,爆热,爆热3397=KJ／kg,parsed,False,,非密-危险特性汇总表.docx,12,accepted,3397=KJ／kg,3397=KJ／kg,3397.0,,,,kJ/kg,exact,,{},,,,,,,
PROPPD_7c93b2b44d05f1acf675,MATPD_4c3fe758c00ebab30cf6,SRCPD_47f18c12386abc18fd28,性能,火药力,火药力=1023KJ／kg,parsed,False,,非密-危险特性汇总表.docx,12,accepted,1023KJ／kg,1023KJ／kg,1023.0,,,,kJ/kg,exact,,{},,,,,,,
PROPPD_976f0e79f941bdc663ab,MATPD_782269f0a148b773d464,SRCPD_262ce6ef27a6fbed3918,组成指标,总挥,,parsed,False,,非密-危险特性汇总表.docx,13,accepted,≤2.0,≤2.0,,,2.0,,%,max,,,总挥,总挥,[],False,总挥≤2.0,property,MaterialProperty
PROPPD_f3bdf11d2a81feaa3523,MATPD_782269f0a148b773d464,SRCPD_262ce6ef27a6fbed3918,组成指标,外挥,,parsed,False,,非密-危险特性汇总表.docx,13,accepted,1.0—1.8,1.0—1.8,,1.0,1.8,,%,range,,,外挥,外挥,[],False,外挥1.0—1.8,property,MaterialProperty
PROPPD_04e803193e84aef99a05,MATPD_782269f0a148b773d464,SRCPD_262ce6ef27a6fbed3918,组成指标,内挥,,parsed,False,,非密-危险特性汇总表.docx,13,accepted,≥0.2,≥0.2,,0.2,,,%,min,,,内挥,内挥,[],False,内挥≥0.2,property,MaterialProperty
PROPPD_865f4bd9f47e5dd084b3,MATPD_782269f0a148b773d464,SRCPD_262ce6ef27a6fbed3918,组成指标,硝化纤维素硝化度,,parsed,False,,非密-危险特性汇总表.docx,13,accepted,203ml／g,203ml／g,203.0,,,,ml/g,exact,,,硝化纤维素硝化度,硝化纤维素硝化度,[],False,硝化纤维素硝化度203ml／g,property,MaterialProperty
PROPPD_f2480dc50820bbeb5b06,MATPD_782269f0a148b773d464,SRCPD_262ce6ef27a6fbed3918,药型尺寸,平均燃烧层厚度,平均燃烧层厚度0.30—0.40mm,parsed,False,,非密-危险特性汇总表.docx,13,accepted,0.30—0.40mm,0.30—0.40mm,,0.3,0.4,,mm,range,,{},,,,,,,
PROPPD_65460c3f286aaac0784e,MATPD_782269f0a148b773d464,SRCPD_262ce6ef27a6fbed3918,药型尺寸,平均孔径,平均孔径0.10—0.20mm,parsed,False,,非密-危险特性汇总表.docx,13,accepted,0.10—0.20mm,0.10—0.20mm,,0.1,0.2,,mm,range,,{},,,,,,,
PROPPD_c7191f9460e84d20cb1b,MATPD_782269f0a148b773d464,SRCPD_262ce6ef27a6fbed3918,药型尺寸,平均长度,平均长度≤1.1mm,parsed,False,,非密-危险特性汇总表.docx,13,accepted,≤1.1mm,≤1.1mm,,,1.1,,mm,max,,{},,,,,,,
PROPPD_c003b3c7435203bdb28d,MATPD_782269f0a148b773d464,SRCPD_262ce6ef27a6fbed3918,性能,爆热,爆热=3721KJ／kg,parsed,False,,非密-危险特性汇总表.docx,13,accepted,3721KJ／kg,3721KJ／kg,3721.0,,,,kJ/kg,exact,,{},,,,,,,
PROPPD_bbd0e35ce60996926ad6,MATPD_782269f0a148b773d464,SRCPD_262ce6ef27a6fbed3918,性能,火药力,火药力=1005KJ／kg,parsed,False,,非密-危险特性汇总表.docx,13,accepted,1005KJ／kg,1005KJ／kg,1005.0,,,,kJ/kg,exact,,{},,,,,,,
PROPPD_9bbf0d86d301e0ea7d9f,MATPD_fac9ea6471bf99f30ffc,SRCPD_741dc383ca517b88c387,组成指标,残溶,,parsed,False,,非密-危险特性汇总表.docx,15,accepted,≤0.9,≤0.9,,,0.9,,%,max,,,残溶,残溶,[],False,残溶≤0.9,property,MaterialProperty
PROPPD_978e0cfa70feb5174c12,MATPD_fac9ea6471bf99f30ffc,SRCPD_741dc383ca517b88c387,组成指标,水分,,parsed,False,,非密-危险特性汇总表.docx,15,accepted,0.6±0.2,0.6±0.2,0.6,,,0.2,%,nominal_tolerance,,,水分,水分,[],False,水分0.6±0.2,property,MaterialProperty
PROPPD_99304aa947b02729d213,MATPD_fac9ea6471bf99f30ffc,SRCPD_741dc383ca517b88c387,药型尺寸,长径比,,parsed,False,,非密-危险特性汇总表.docx,15,accepted,3—6,3—6,,3.0,6.0,,,range,,,长径比,L／D,['L／D'],False,L／D=3—6,geometry,MaterialProperty
PROPPD_aa3c25b9d8631677f93b,MATPD_fac9ea6471bf99f30ffc,SRCPD_741dc383ca517b88c387,药型尺寸,外径孔径比,,parsed,False,,非密-危险特性汇总表.docx,15,accepted,约3,约3,3.0,,,,,approx,,,外径孔径比,D／d,['D／d'],False,D／d约3,geometry,MaterialProperty
PROPPD_4acc353759b1b256be62,MATPD_fac9ea6471bf99f30ffc,SRCPD_741dc383ca517b88c387,标准,采用标准,Q／HE2—12—1994,raw_only,False,,非密-危险特性汇总表.docx,15,accepted,,,,,,,,,,,,,,,,,
PROPPD_3871d6868c9139c1f77b,MATPD_fac9ea6471bf99f30ffc,SRCPD_741dc383ca517b88c387,安定性,甲基紫试验温度,134.5℃甲基紫试验,parsed,False,,非密-危险特性汇总表.docx,15,accepted,134.5℃,134.5℃,134.5,,,,℃,exact,,{},,,,,,,
PROPPD_f5b8ed64401bc15ebc46,MATPD_fac9ea6471bf99f30ffc,SRCPD_741dc383ca517b88c387,安定性,至变色时间,至变色时间≥40min,parsed,False,,非密-危险特性汇总表.docx,15,accepted,≥40min,≥40min,,40.0,,,min,min,,{},,,,,,,
PROPPD_23993e261b456724b51e,MATPD_fac9ea6471bf99f30ffc,SRCPD_741dc383ca517b88c387,安定性,不爆炸时间,不爆炸时间≥5h,parsed,False,,非密-危险特性汇总表.docx,15,accepted,≥5h,≥5h,,5.0,,,h,min,,{},,,,,,,
PROPPD_63c881cdb9d960cfdb3b,MATPD_fac9ea6471bf99f30ffc,SRCPD_741dc383ca517b88c387,安定性,安定性原文,134.5℃甲基紫试验，至变色时间≥40min，不爆炸时间≥5h,raw_only,False,,非密-危险特性汇总表.docx,15,accepted,134.5℃甲基紫试验，至变色时间≥40min，不爆炸时间≥5h,134.5℃甲基紫试验，至变色时间≥40min，不爆炸时间≥5h,,,,,,,,{},,,,,,,
PROPPD_ec02f5857f716628da52,MATPD_fac9ea6471bf99f30ffc,SRCPD_741dc383ca517b88c387,药型尺寸,平均燃烧层厚度,平均燃烧层厚度0.30—0.55mm,parsed,False,,非密-危险特性汇总表.docx,15,accepted,0.30—0.55mm,0.30—0.55mm,,0.3,0.55,,mm,range,,{},,,,,,,
PROPPD_cc844aaf142fca53a33d,MATPD_fac9ea6471bf99f30ffc,SRCPD_741dc383ca517b88c387,药型尺寸,平均孔径,平均孔径0.25—0.35mm,parsed,False,,非密-危险特性汇总表.docx,15,accepted,0.25—0.35mm,0.25—0.35mm,,0.25,0.35,,mm,range,,{},,,,,,,
PROPPD_9e810f0fd29a7a27f1b3,MATPD_fac9ea6471bf99f30ffc,SRCPD_741dc383ca517b88c387,药型尺寸,平均长度,平均长度5.5—7.5mm,parsed,False,,非密-危险特性汇总表.docx,15,accepted,5.5—7.5mm,5.5—7.5mm,,5.5,7.5,,mm,range,,{},,,,,,,
PROPPD_6deaa8ea400fef171b0a,MATPD_79df94715c189aa565b8,SRCPD_fe6f480ed753e093efb5,组成指标,总挥,,parsed,False,,非密-危险特性汇总表.docx,16,accepted,≤3.8,≤3.8,,,3.8,,%,max,,,总挥,总挥,[],False,总挥≤3.8,property,MaterialProperty
PROPPD_13f112cbdd9cb91b373a,MATPD_79df94715c189aa565b8,SRCPD_fe6f480ed753e093efb5,组成指标,外挥,,parsed,False,,非密-危险特性汇总表.docx,16,accepted,0.8—1.4,0.8—1.4,,0.8,1.4,,%,range,,,外挥,外挥,[],False,外挥0.8—1.4,property,MaterialProperty
PROPPD_c15dff6d014a5c607994,MATPD_79df94715c189aa565b8,SRCPD_fe6f480ed753e093efb5,组成指标,内挥,,parsed,False,,非密-危险特性汇总表.docx,16,accepted,≥0.6,≥0.6,,0.6,,,%,min,,,内挥,内挥,[],False,内挥≥0.6,property,MaterialProperty
PROPPD_eb46cfa009861b17a244,MATPD_79df94715c189aa565b8,SRCPD_fe6f480ed753e093efb5,组成指标,硝化纤维素硝化度,,parsed,False,,非密-危险特性汇总表.docx,16,accepted,208ml／g,208ml／g,208.0,,,,ml/g,exact,,,硝化纤维素硝化度,硝化纤维素硝化度,[],False,硝化纤维素硝化度208ml／g,property,MaterialProperty
PROPPD_1ae46c7dd621775ef1c8,MATPD_79df94715c189aa565b8,SRCPD_fe6f480ed753e093efb5,标准,采用标准,GJB558A—97,raw_only,False,,非密-危险特性汇总表.docx,16,accepted,,,,,,,,,,,,,,,,,
PROPPD_61d1def025a3b6d788b4,MATPD_79df94715c189aa565b8,SRCPD_fe6f480ed753e093efb5,安定性,维也里试验温度,106.5℃维也里试验,parsed,False,,非密-危险特性汇总表.docx,16,accepted,106.5℃,106.5℃,106.5,,,,℃,exact,,{},,,,,,,
PROPPD_282da05671df68ae9d66,MATPD_79df94715c189aa565b8,SRCPD_fe6f480ed753e093efb5,安定性,普通法持续时间,普通法≥7h,parsed,False,,非密-危险特性汇总表.docx,16,accepted,≥7h,≥7h,,7.0,,,h,min,,{},,,,,,,
PROPPD_852a5c0b6505b27ae2b1,MATPD_79df94715c189aa565b8,SRCPD_fe6f480ed753e093efb5,安定性,重复法持续时间,重复法≥60h,parsed,False,,非密-危险特性汇总表.docx,16,accepted,≥60h,≥60h,,60.0,,,h,min,,{},,,,,,,
PROPPD_84cb08172e20a4c7d254,MATPD_79df94715c189aa565b8,SRCPD_fe6f480ed753e093efb5,安定性,安定性原文,106.5℃维也里试验，普通法≥7h，重复法≥60h,raw_only,False,,非密-危险特性汇总表.docx,16,accepted,106.5℃维也里试验，普通法≥7h，重复法≥60h,106.5℃维也里试验，普通法≥7h，重复法≥60h,,,,,,,,{},,,,,,,
PROPPD_e37b0108e5f106a2983e,MATPD_79df94715c189aa565b8,SRCPD_fe6f480ed753e093efb5,药型尺寸,平均燃烧层厚度,平均燃烧层厚度0.40—0.55mm,parsed,False,,非密-危险特性汇总表.docx,16,accepted,0.40—0.55mm,0.40—0.55mm,,0.4,0.55,,mm,range,,{},,,,,,,
PROPPD_eed2f3bd4af4f859be38,MATPD_79df94715c189aa565b8,SRCPD_fe6f480ed753e093efb5,药型尺寸,平均孔径,平均孔径0.25—0.35mm,parsed,False,,非密-危险特性汇总表.docx,16,accepted,0.25—0.35mm,0.25—0.35mm,,0.25,0.35,,mm,range,,{},,,,,,,
PROPPD_b8537f2cab1776b0eaab,MATPD_79df94715c189aa565b8,SRCPD_fe6f480ed753e093efb5,药型尺寸,平均长度,平均长度5.5—7.5mm,parsed,False,,非密-危险特性汇总表.docx,16,accepted,5.5—7.5mm,5.5—7.5mm,,5.5,7.5,,mm,range,,{},,,,,,,
PROPPD_08362007ae496aa40d38,MATPD_79df94715c189aa565b8,SRCPD_fe6f480ed753e093efb5,性能,性能说明,具有高能、增面燃烧、低烧蚀特性,raw_only,False,,非密-危险特性汇总表.docx,16,accepted,具有高能、增面燃烧、低烧蚀特性,具有高能、增面燃烧、低烧蚀特性,,,,,,,,{},,,,,,,
PROPPD_15cfc14a76d1632fbc39,MATPD_cb58df8dca499770bdf1,SRCPD_fb8869b145d956eed2a5,组成指标,内挥,,parsed,False,,非密-危险特性汇总表.docx,17,accepted,≥1.2,≥1.2,,1.2,,,%,min,,,内挥,内挥,[],False,内挥≥1.2,property,MaterialProperty
PROPPD_887551c0dc9ae110ae65,MATPD_cb58df8dca499770bdf1,SRCPD_fb8869b145d956eed2a5,组成指标,外挥,,parsed,False,,非密-危险特性汇总表.docx,17,accepted,1.0—1.8,1.0—1.8,,1.0,1.8,,%,range,,,外挥,外挥,[],False,外挥1.0—1.8,property,MaterialProperty
PROPPD_323556da396bdadaafb4,MATPD_cb58df8dca499770bdf1,SRCPD_fb8869b145d956eed2a5,组成指标,总挥,,parsed,False,,非密-危险特性汇总表.docx,17,accepted,≤4.4,≤4.4,,,4.4,,%,max,,,总挥,总挥,[],False,总挥≤4.4,property,MaterialProperty
PROPPD_214d4ce7da14b9e4af95,MATPD_cb58df8dca499770bdf1,SRCPD_fb8869b145d956eed2a5,组成指标,硝化纤维素硝化度,,parsed,False,,非密-危险特性汇总表.docx,17,accepted,204—207.5ml／g,204—207.5ml／g,,204.0,207.5,,ml/g,range,,,硝化纤维素硝化度,硝化纤维素硝化度,[],False,硝化纤维素硝化度204—207.5ml／g,property,MaterialProperty
PROPPD_da4b19b6ffc20fd5ade8,MATPD_cb58df8dca499770bdf1,SRCPD_fb8869b145d956eed2a5,标准,采用标准,GJB558A—1997,raw_only,False,,非密-危险特性汇总表.docx,17,accepted,,,,,,,,,,,,,,,,,
PROPPD_d6884d462b58f4cba71a,MATPD_cb58df8dca499770bdf1,SRCPD_fb8869b145d956eed2a5,安定性,维也里试验温度,106.5℃维也里试验,parsed,False,,非密-危险特性汇总表.docx,17,accepted,106.5℃,106.5℃,106.5,,,,℃,exact,,{},,,,,,,
PROPPD_aaffadfa9cf1af7db26b,MATPD_cb58df8dca499770bdf1,SRCPD_fb8869b145d956eed2a5,安定性,甲基紫试验温度,134.5℃甲基紫试验,parsed,False,,非密-危险特性汇总表.docx,17,accepted,134.5℃,134.5℃,134.5,,,,℃,exact,,{},,,,,,,
PROPPD_7c77f7f2b566fe152cf6,MATPD_cb58df8dca499770bdf1,SRCPD_fb8869b145d956eed2a5,安定性,普通法持续时间,普通法≥7h,parsed,False,,非密-危险特性汇总表.docx,17,accepted,≥7h,≥7h,,7.0,,,h,min,,{},,,,,,,
PROPPD_0a8f7165cb0bca5e4c6b,MATPD_cb58df8dca499770bdf1,SRCPD_fb8869b145d956eed2a5,安定性,重复法持续时间,重复法≥60h,parsed,False,,非密-危险特性汇总表.docx,17,accepted,≥60h,≥60h,,60.0,,,h,min,,{},,,,,,,
PROPPD_3870d3ff6defd867867f,MATPD_cb58df8dca499770bdf1,SRCPD_fb8869b145d956eed2a5,安定性,至变色时间,至变色时间≥40min,parsed,False,,非密-危险特性汇总表.docx,17,accepted,≥40min,≥40min,,40.0,,,min,min,,{},,,,,,,
PROPPD_620eda80cb2e883523d3,MATPD_cb58df8dca499770bdf1,SRCPD_fb8869b145d956eed2a5,安定性,不爆炸时间,不爆炸时间≥5h,parsed,False,,非密-危险特性汇总表.docx,17,accepted,≥5h,≥5h,,5.0,,,h,min,,{},,,,,,,
PROPPD_911bfe86bde8991a7832,MATPD_cb58df8dca499770bdf1,SRCPD_fb8869b145d956eed2a5,安定性,安定性原文,106.5℃维也里试验，普通法≥7h，重复法≥60h。134.5℃甲基紫试验，至变色时间≥40min，不爆炸时间≥5h,raw_only,False,,非密-危险特性汇总表.docx,17,accepted,106.5℃维也里试验，普通法≥7h，重复法≥60h。134.5℃甲基紫试验，至变色时间≥40min，不爆炸时间≥5h,106.5℃维也里试验，普通法≥7h，重复法≥60h。134.5℃甲基紫试验，至变色时间≥40min，不爆炸时间≥5h,,,,,,,,{},,,,,,,
PROPPD_b5adcef5a0d13a8023e1,MATPD_cb58df8dca499770bdf1,SRCPD_fb8869b145d956eed2a5,药型尺寸,平均燃烧层厚度,平均燃烧层厚度0.8—0.9mm,parsed,False,,非密-危险特性汇总表.docx,17,accepted,0.8—0.9mm,0.8—0.9mm,,0.8,0.9,,mm,range,,{},,,,,,,
PROPPD_ef1a1442584d5c85adab,MATPD_cb58df8dca499770bdf1,SRCPD_fb8869b145d956eed2a5,药型尺寸,平均孔径,平均孔径2.5—2.9mm,parsed,False,,非密-危险特性汇总表.docx,17,accepted,2.5—2.9mm,2.5—2.9mm,,2.5,2.9,,mm,range,,{},,,,,,,
PROPPD_de8630cdc695e443ae2f,MATPD_cb58df8dca499770bdf1,SRCPD_fb8869b145d956eed2a5,药型尺寸,平均长度,平均长度420—20mm,pending_review,True,descending_range_possible_tolerance,非密-危险特性汇总表.docx,17,pending_review,420—20mm,420—20mm,420.0,,,20.0,mm,source_dash_possible_tolerance,,{},,,,,,,
PROPPD_5875dc5fec0cbca80e08,MATPD_68fe331aab773030cbd5,SRCPD_0aac91bea5d5adcead4b,组成指标,总挥,,parsed,False,,非密-危险特性汇总表.docx,18,accepted,≤4.5,≤4.5,,,4.5,,%,max,,,总挥,总挥,[],False,总挥≤4.5,property,MaterialProperty
PROPPD_1679441b14fb486080f4,MATPD_68fe331aab773030cbd5,SRCPD_0aac91bea5d5adcead4b,组成指标,外挥,,parsed,False,,非密-危险特性汇总表.docx,18,accepted,1.0—1.8,1.0—1.8,,1.0,1.8,,%,range,,,外挥,外挥,[],False,外挥1.0—1.8,property,MaterialProperty
PROPPD_0921a5907f77b6708968,MATPD_68fe331aab773030cbd5,SRCPD_0aac91bea5d5adcead4b,组成指标,内挥,,parsed,False,,非密-危险特性汇总表.docx,18,accepted,≥1.2,≥1.2,,1.2,,,%,min,,,内挥,内挥,[],False,内挥≥1.2,property,MaterialProperty
PROPPD_7304155c699f3313ecf5,MATPD_68fe331aab773030cbd5,SRCPD_0aac91bea5d5adcead4b,标准,采用标准,Q／HE2—96—1990,raw_only,False,,非密-危险特性汇总表.docx,18,accepted,,,,,,,,,,,,,,,,,
PROPPD_682e4780a1404222650a,MATPD_68fe331aab773030cbd5,SRCPD_0aac91bea5d5adcead4b,安定性,维也里试验温度,106.5℃维也里试验,parsed,False,,非密-危险特性汇总表.docx,18,accepted,106.5℃,106.5℃,106.5,,,,℃,exact,,{},,,,,,,
PROPPD_61fa97ea6d25ac3d80bc,MATPD_68fe331aab773030cbd5,SRCPD_0aac91bea5d5adcead4b,安定性,普通法持续时间,普通法≥7h,parsed,False,,非密-危险特性汇总表.docx,18,accepted,≥7h,≥7h,,7.0,,,h,min,,{},,,,,,,
PROPPD_e29f2bb611151478d0d2,MATPD_68fe331aab773030cbd5,SRCPD_0aac91bea5d5adcead4b,安定性,重复法持续时间,重复法≥60h,parsed,False,,非密-危险特性汇总表.docx,18,accepted,≥60h,≥60h,,60.0,,,h,min,,{},,,,,,,
PROPPD_099ecd1aa6bf74f56f93,MATPD_68fe331aab773030cbd5,SRCPD_0aac91bea5d5adcead4b,安定性,安定性原文,106.5℃维也里试验，普通法≥7h，重复法≥60h。,raw_only,False,,非密-危险特性汇总表.docx,18,accepted,106.5℃维也里试验，普通法≥7h，重复法≥60h。,106.5℃维也里试验，普通法≥7h，重复法≥60h。,,,,,,,,{},,,,,,,
PROPPD_bb44076e09ac065fe2d4,MATPD_68fe331aab773030cbd5,SRCPD_0aac91bea5d5adcead4b,药型尺寸,平均燃烧层厚度,平均燃烧层厚度1.10—1.25mm,parsed,False,,非密-危险特性汇总表.docx,18,accepted,1.10—1.25mm,1.10—1.25mm,,1.1,1.25,,mm,range,,{},,,,,,,
PROPPD_268feb3c2ac7e5c17824,MATPD_68fe331aab773030cbd5,SRCPD_0aac91bea5d5adcead4b,药型尺寸,平均孔径,平均孔径2.4—2.8mm,parsed,False,,非密-危险特性汇总表.docx,18,accepted,2.4—2.8mm,2.4—2.8mm,,2.4,2.8,,mm,range,,{},,,,,,,
PROPPD_e33a71249797c1b3f1b2,MATPD_68fe331aab773030cbd5,SRCPD_0aac91bea5d5adcead4b,药型尺寸,平均长度,平均长度270—12mm,pending_review,True,descending_range_possible_tolerance,非密-危险特性汇总表.docx,18,pending_review,270—12mm,270—12mm,270.0,,,12.0,mm,source_dash_possible_tolerance,,{},,,,,,,
PROPPD_0be9242953b17c2180af,MATPD_f06ca5994e31b673208f,SRCPD_5270d69f32b2d9a85a75,组成指标,内挥,,parsed,False,,非密-危险特性汇总表.docx,19,accepted,≥1.2,≥1.2,,1.2,,,%,min,,,内挥,内挥,[],False,内挥≥1.2,property,MaterialProperty
PROPPD_08f36b33d3dc57558ea2,MATPD_f06ca5994e31b673208f,SRCPD_5270d69f32b2d9a85a75,组成指标,外挥,,parsed,False,,非密-危险特性汇总表.docx,19,accepted,1.0—1.8,1.0—1.8,,1.0,1.8,,%,range,,,外挥,外挥,[],False,外挥1.0—1.8,property,MaterialProperty
PROPPD_89e591857263af457554,MATPD_f06ca5994e31b673208f,SRCPD_5270d69f32b2d9a85a75,组成指标,总挥,,parsed,False,,非密-危险特性汇总表.docx,19,accepted,≤4.5,≤4.5,,,4.5,,%,max,,,总挥,总挥,[],False,总挥≤4.5,property,MaterialProperty
PROPPD_e07d55691beb18121012,MATPD_f06ca5994e31b673208f,SRCPD_5270d69f32b2d9a85a75,标准,采用标准,GJB558A—1997,raw_only,False,,非密-危险特性汇总表.docx,19,accepted,,,,,,,,,,,,,,,,,
PROPPD_a166b1e663f57da72855,MATPD_f06ca5994e31b673208f,SRCPD_5270d69f32b2d9a85a75,安定性,维也里试验温度,106.5℃维也里试验,parsed,False,,非密-危险特性汇总表.docx,19,accepted,106.5℃,106.5℃,106.5,,,,℃,exact,,{},,,,,,,
PROPPD_e061b212f34927bdd4ba,MATPD_f06ca5994e31b673208f,SRCPD_5270d69f32b2d9a85a75,安定性,甲基紫试验温度,134.5℃甲基紫试验,parsed,False,,非密-危险特性汇总表.docx,19,accepted,134.5℃,134.5℃,134.5,,,,℃,exact,,{},,,,,,,
PROPPD_87df92887c60da00ea9b,MATPD_f06ca5994e31b673208f,SRCPD_5270d69f32b2d9a85a75,安定性,普通法持续时间,普通法≥7h,parsed,False,,非密-危险特性汇总表.docx,19,accepted,≥7h,≥7h,,7.0,,,h,min,,{},,,,,,,
PROPPD_5c1ab5c62f8ea9ad55ff,MATPD_f06ca5994e31b673208f,SRCPD_5270d69f32b2d9a85a75,安定性,重复法持续时间,重复法≥60h,parsed,False,,非密-危险特性汇总表.docx,19,accepted,≥60h,≥60h,,60.0,,,h,min,,{},,,,,,,
PROPPD_347b17bcca695e7f4d0a,MATPD_f06ca5994e31b673208f,SRCPD_5270d69f32b2d9a85a75,安定性,至变色时间,至变色时间≥40min,parsed,False,,非密-危险特性汇总表.docx,19,accepted,≥40min,≥40min,,40.0,,,min,min,,{},,,,,,,
PROPPD_f23debd5cdf349773bea,MATPD_f06ca5994e31b673208f,SRCPD_5270d69f32b2d9a85a75,安定性,不爆炸时间,不爆炸时间≥5h,parsed,False,,非密-危险特性汇总表.docx,19,accepted,≥5h,≥5h,,5.0,,,h,min,,{},,,,,,,
PROPPD_8eb83b6da594af99c43e,MATPD_f06ca5994e31b673208f,SRCPD_5270d69f32b2d9a85a75,安定性,安定性原文,106.5℃维也里试验，普通法≥7h，重复法≥60h。134.5℃甲基紫试验，至变色时间≥40min，不爆炸时间≥5h,raw_only,False,,非密-危险特性汇总表.docx,19,accepted,106.5℃维也里试验，普通法≥7h，重复法≥60h。134.5℃甲基紫试验，至变色时间≥40min，不爆炸时间≥5h,106.5℃维也里试验，普通法≥7h，重复法≥60h。134.5℃甲基紫试验，至变色时间≥40min，不爆炸时间≥5h,,,,,,,,{},,,,,,,
PROPPD_257b95dd103898973a31,MATPD_f06ca5994e31b673208f,SRCPD_5270d69f32b2d9a85a75,药型尺寸,平均燃烧层厚度,平均燃烧层厚度1.10—1.25mm,parsed,False,,非密-危险特性汇总表.docx,19,accepted,1.10—1.25mm,1.10—1.25mm,,1.1,1.25,,mm,range,,{},,,,,,,
PROPPD_c255adb8f3e24276dc91,MATPD_f06ca5994e31b673208f,SRCPD_5270d69f32b2d9a85a75,药型尺寸,平均孔径,平均孔径2.4—2.8mm,parsed,False,,非密-危险特性汇总表.docx,19,accepted,2.4—2.8mm,2.4—2.8mm,,2.4,2.8,,mm,range,,{},,,,,,,
PROPPD_7bbe244c22edf6d8eb6b,MATPD_f06ca5994e31b673208f,SRCPD_5270d69f32b2d9a85a75,药型尺寸,平均长度,平均长度720—30mm,pending_review,True,descending_range_possible_tolerance,非密-危险特性汇总表.docx,19,pending_review,720—30mm,720—30mm,720.0,,,30.0,mm,source_dash_possible_tolerance,,{},,,,,,,
PROPPD_b19232ade65ffef4ea9b,MATPD_2322f1115bc714fef1cd,SRCPD_ee965e2a75e2404e7a0d,组成指标,总挥,,parsed,False,,非密-危险特性汇总表.docx,20,accepted,≤4.5,≤4.5,,,4.5,,%,max,,,总挥,总挥,[],False,总挥≤4.5,property,MaterialProperty
PROPPD_7a7d18af4e0baa9ed24c,MATPD_2322f1115bc714fef1cd,SRCPD_ee965e2a75e2404e7a0d,组成指标,外挥,,parsed,False,,非密-危险特性汇总表.docx,20,accepted,1.0—1.8,1.0—1.8,,1.0,1.8,,%,range,,,外挥,外挥,[],False,外挥1.0—1.8,property,MaterialProperty
PROPPD_655fbec61536261ed528,MATPD_2322f1115bc714fef1cd,SRCPD_ee965e2a75e2404e7a0d,组成指标,内挥,,parsed,False,,非密-危险特性汇总表.docx,20,accepted,≥1.2,≥1.2,,1.2,,,%,min,,,内挥,内挥,[],False,内挥≥1.2,property,MaterialProperty
PROPPD_469ea2ca7f547981dba1,MATPD_2322f1115bc714fef1cd,SRCPD_ee965e2a75e2404e7a0d,标准,采用标准,GJB558A—1997,raw_only,False,,非密-危险特性汇总表.docx,20,accepted,,,,,,,,,,,,,,,,,
PROPPD_6a92a5550ffb6aa956b2,MATPD_2322f1115bc714fef1cd,SRCPD_ee965e2a75e2404e7a0d,药型尺寸,平均燃烧层厚度,平均燃烧层厚度1.10—1.25mm,parsed,False,,非密-危险特性汇总表.docx,20,accepted,1.10—1.25mm,1.10—1.25mm,,1.1,1.25,,mm,range,,{},,,,,,,
PROPPD_b77136c6aa69b699c88b,MATPD_2322f1115bc714fef1cd,SRCPD_ee965e2a75e2404e7a0d,药型尺寸,平均孔径,平均孔径2.4—2.8mm,parsed,False,,非密-危险特性汇总表.docx,20,accepted,2.4—2.8mm,2.4—2.8mm,,2.4,2.8,,mm,range,,{},,,,,,,
PROPPD_a292a2799f70bb553385,MATPD_2322f1115bc714fef1cd,SRCPD_ee965e2a75e2404e7a0d,药型尺寸,平均长度,平均长度570—10mm,pending_review,True,descending_range_possible_tolerance,非密-危险特性汇总表.docx,20,pending_review,570—10mm,570—10mm,570.0,,,10.0,mm,source_dash_possible_tolerance,,{},,,,,,,
PROPPD_b0f01236304932e11885,MATPD_2322f1115bc714fef1cd,SRCPD_ee965e2a75e2404e7a0d,性能,性能说明,具有增面燃烧特性,raw_only,False,,非密-危险特性汇总表.docx,20,accepted,具有增面燃烧特性,具有增面燃烧特性,,,,,,,,{},,,,,,,
PROPPD_28c64af55550fceec160,MATPD_f87cd19d59e5a15fd67b,SRCPD_dd96761b9e21007b913b,组成指标,总挥,,parsed,False,,非密-危险特性汇总表.docx,21,accepted,≤4.0,≤4.0,,,4.0,,%,max,,,总挥,总挥,[],False,总挥≤4.0,property,MaterialProperty
PROPPD_9b58b6d3f7338177366d,MATPD_f87cd19d59e5a15fd67b,SRCPD_dd96761b9e21007b913b,组成指标,外挥,,parsed,False,,非密-危险特性汇总表.docx,21,accepted,1.0—1.8,1.0—1.8,,1.0,1.8,,%,range,,,外挥,外挥,[],False,外挥1.0—1.8,property,MaterialProperty
PROPPD_c0926d2d685e094ea7a8,MATPD_f87cd19d59e5a15fd67b,SRCPD_dd96761b9e21007b913b,组成指标,内挥,,parsed,False,,非密-危险特性汇总表.docx,21,accepted,≥0.9,≥0.9,,0.9,,,%,min,,,内挥,内挥,[],False,内挥≥0.9,property,MaterialProperty
PROPPD_1d1da0f3454b6ed040ad,MATPD_f87cd19d59e5a15fd67b,SRCPD_dd96761b9e21007b913b,组成指标,硝化棉硝化度,,parsed,False,,非密-危险特性汇总表.docx,21,accepted,210ml／g,210ml／g,210.0,,,,ml/g,exact,,,硝化棉硝化度,硝化棉硝化度,[],False,硝化棉硝化度210ml／g,property,MaterialProperty
PROPPD_db1951a388460fc83397,MATPD_f87cd19d59e5a15fd67b,SRCPD_dd96761b9e21007b913b,标准,采用标准,"WD677,WD675",raw_only,False,,非密-危险特性汇总表.docx,21,accepted,,,,,,,,,,,,,,,,,
PROPPD_c208b87896f612a010e6,MATPD_f87cd19d59e5a15fd67b,SRCPD_dd96761b9e21007b913b,安定性,维也里试验温度,106.5℃维也里试验,parsed,False,,非密-危险特性汇总表.docx,21,accepted,106.5℃,106.5℃,106.5,,,,℃,exact,,{},,,,,,,
PROPPD_c397372dbb47cec1334a,MATPD_f87cd19d59e5a15fd67b,SRCPD_dd96761b9e21007b913b,安定性,普通法持续时间,普通法≥7h,parsed,False,,非密-危险特性汇总表.docx,21,accepted,≥7h,≥7h,,7.0,,,h,min,,{},,,,,,,
PROPPD_a03a263035e318920e3a,MATPD_f87cd19d59e5a15fd67b,SRCPD_dd96761b9e21007b913b,安定性,重复法持续时间,重复法≥60h,parsed,False,,非密-危险特性汇总表.docx,21,accepted,≥60h,≥60h,,60.0,,,h,min,,{},,,,,,,
PROPPD_d2c29458374d3887b4b9,MATPD_f87cd19d59e5a15fd67b,SRCPD_dd96761b9e21007b913b,安定性,安定性原文,106.5℃维也里试验，普通法≥7h，重复法≥60h。,raw_only,False,,非密-危险特性汇总表.docx,21,accepted,106.5℃维也里试验，普通法≥7h，重复法≥60h。,106.5℃维也里试验，普通法≥7h，重复法≥60h。,,,,,,,,{},,,,,,,
PROPPD_13e361b41363cf00f98a,MATPD_f87cd19d59e5a15fd67b,SRCPD_dd96761b9e21007b913b,药型尺寸,平均燃烧层厚度,平均燃烧层厚度1.60—1.70mm,parsed,False,,非密-危险特性汇总表.docx,21,accepted,1.60—1.70mm,1.60—1.70mm,,1.6,1.7,,mm,range,,{},,,,,,,
PROPPD_a049b1e55a058954aef5,MATPD_f87cd19d59e5a15fd67b,SRCPD_dd96761b9e21007b913b,药型尺寸,平均孔径,平均孔径1.6—1.7mm,parsed,False,,非密-危险特性汇总表.docx,21,accepted,1.6—1.7mm,1.6—1.7mm,,1.6,1.7,,mm,range,,{},,,,,,,
PROPPD_c3039bae88e7b879bfe9,MATPD_f87cd19d59e5a15fd67b,SRCPD_dd96761b9e21007b913b,药型尺寸,平均长度,平均长度350—12mm,pending_review,True,descending_range_possible_tolerance,非密-危险特性汇总表.docx,21,pending_review,350—12mm,350—12mm,350.0,,,12.0,mm,source_dash_possible_tolerance,,{},,,,,,,
PROPPD_443ba912632d60fbbc77,MATPD_f87cd19d59e5a15fd67b,SRCPD_dd96761b9e21007b913b,性能,性能说明,具有高能、增面燃烧、低烧蚀特性,raw_only,False,,非密-危险特性汇总表.docx,21,accepted,具有高能、增面燃烧、低烧蚀特性,具有高能、增面燃烧、低烧蚀特性,,,,,,,,{},,,,,,,
PROPPD_f00b9c36aba2e1742cfe,MATPD_5cc9c988052670a1ddc4,SRCPD_ac04a527db335da04b53,组成指标,内挥,,parsed,False,,非密-危险特性汇总表.docx,22,accepted,≥1.5,≥1.5,,1.5,,,%,min,,,内挥,内挥,[],False,内挥≥1.5,property,MaterialProperty
PROPPD_1077cdd46508232b7140,MATPD_5cc9c988052670a1ddc4,SRCPD_ac04a527db335da04b53,组成指标,外挥,,parsed,False,,非密-危险特性汇总表.docx,22,accepted,1.0—2.0,1.0—2.0,,1.0,2.0,,%,range,,,外挥,外挥,[],False,外挥1.0—2.0,property,MaterialProperty
PROPPD_f2ef5615e16f0d5e7eef,MATPD_5cc9c988052670a1ddc4,SRCPD_ac04a527db335da04b53,组成指标,总挥,,parsed,False,,非密-危险特性汇总表.docx,22,accepted,≤5.2,≤5.2,,,5.2,,%,max,,,总挥,总挥,[],False,总挥≤5.2,property,MaterialProperty
PROPPD_cb1accc6567d6ec5a6bc,MATPD_5cc9c988052670a1ddc4,SRCPD_ac04a527db335da04b53,标准,采用标准,Q／HE2—83—1998,raw_only,False,,非密-危险特性汇总表.docx,22,accepted,,,,,,,,,,,,,,,,,
PROPPD_8d525ea683ef7e21aa6d,MATPD_5cc9c988052670a1ddc4,SRCPD_ac04a527db335da04b53,安定性,维也里试验温度,106.5℃维也里试验,parsed,False,,非密-危险特性汇总表.docx,22,accepted,106.5℃,106.5℃,106.5,,,,℃,exact,,{},,,,,,,
PROPPD_d8223d7e983744f760f0,MATPD_5cc9c988052670a1ddc4,SRCPD_ac04a527db335da04b53,安定性,普通法持续时间,普通法≥7h,parsed,False,,非密-危险特性汇总表.docx,22,accepted,≥7h,≥7h,,7.0,,,h,min,,{},,,,,,,
PROPPD_6cd25088247b7c7aaf0c,MATPD_5cc9c988052670a1ddc4,SRCPD_ac04a527db335da04b53,安定性,重复法持续时间,重复法≥60h,parsed,False,,非密-危险特性汇总表.docx,22,accepted,≥60h,≥60h,,60.0,,,h,min,,{},,,,,,,
PROPPD_eb68905afd5f94137ffa,MATPD_5cc9c988052670a1ddc4,SRCPD_ac04a527db335da04b53,安定性,安定性原文,106.5℃维也里试验，普通法≥7h，重复法≥60h。,raw_only,False,,非密-危险特性汇总表.docx,22,accepted,106.5℃维也里试验，普通法≥7h，重复法≥60h。,106.5℃维也里试验，普通法≥7h，重复法≥60h。,,,,,,,,{},,,,,,,
PROPPD_f0c5219574a41dbaa7c2,MATPD_5cc9c988052670a1ddc4,SRCPD_ac04a527db335da04b53,药型尺寸,平均燃烧层厚度,平均燃烧层厚度1.55—1.75mm,parsed,False,,非密-危险特性汇总表.docx,22,accepted,1.55—1.75mm,1.55—1.75mm,,1.55,1.75,,mm,range,,{},,,,,,,
PROPPD_f2b6b46eaaa36996c8df,MATPD_5cc9c988052670a1ddc4,SRCPD_ac04a527db335da04b53,药型尺寸,平均孔径,平均孔径1.4—1.9mm,parsed,False,,非密-危险特性汇总表.docx,22,accepted,1.4—1.9mm,1.4—1.9mm,,1.4,1.9,,mm,range,,{},,,,,,,
PROPPD_c5847077e0bb03cdf42d,MATPD_5cc9c988052670a1ddc4,SRCPD_ac04a527db335da04b53,药型尺寸,平均长度,平均长度270mm,parsed,False,,非密-危险特性汇总表.docx,22,accepted,270mm,270mm,270.0,,,,mm,exact,,{},,,,,,,
PROPPD_2ea5b4bdc51e1c67b8c9,MATPD_8f4e35ed923237ec16e3,SRCPD_514e77a48a6069972499,组成指标,总挥,,parsed,False,,非密-危险特性汇总表.docx,23,accepted,≤5.2,≤5.2,,,5.2,,%,max,,,总挥,总挥,[],False,总挥≤5.2,property,MaterialProperty
PROPPD_a87d603bbe33f0af989e,MATPD_8f4e35ed923237ec16e3,SRCPD_514e77a48a6069972499,组成指标,外挥,,parsed,False,,非密-危险特性汇总表.docx,23,accepted,1.0—1.8,1.0—1.8,,1.0,1.8,,%,range,,,外挥,外挥,[],False,外挥1.0—1.8,property,MaterialProperty
PROPPD_f460a01cd486af85b780,MATPD_8f4e35ed923237ec16e3,SRCPD_514e77a48a6069972499,组成指标,内挥,,parsed,False,,非密-危险特性汇总表.docx,23,accepted,≥1.5,≥1.5,,1.5,,,%,min,,,内挥,内挥,[],False,内挥≥1.5,property,MaterialProperty
PROPPD_a9c340834896634ea4ed,MATPD_8f4e35ed923237ec16e3,SRCPD_514e77a48a6069972499,标准,采用标准,GJB558A—97,raw_only,False,,非密-危险特性汇总表.docx,23,accepted,,,,,,,,,,,,,,,,,
PROPPD_306dbb686074582ae568,MATPD_8f4e35ed923237ec16e3,SRCPD_514e77a48a6069972499,药型尺寸,平均燃烧层厚度,平均燃烧层厚度1.82—1.97mm,parsed,False,,非密-危险特性汇总表.docx,23,accepted,1.82—1.97mm,1.82—1.97mm,,1.82,1.97,,mm,range,,{},,,,,,,
PROPPD_e1c87e2c9ed633739cea,MATPD_8f4e35ed923237ec16e3,SRCPD_514e77a48a6069972499,药型尺寸,平均孔径,平均孔径1.75—2.20mm,parsed,False,,非密-危险特性汇总表.docx,23,accepted,1.75—2.20mm,1.75—2.20mm,,1.75,2.2,,mm,range,,{},,,,,,,
PROPPD_0ee0fdf1073e78ebd875,MATPD_8f4e35ed923237ec16e3,SRCPD_514e77a48a6069972499,药型尺寸,平均长度,平均长度305—320mm,parsed,False,,非密-危险特性汇总表.docx,23,accepted,305—320mm,305—320mm,,305.0,320.0,,mm,range,,{},,,,,,,
PROPPD_ad93956e66696b307947,MATPD_8f4e35ed923237ec16e3,SRCPD_514e77a48a6069972499,性能,性能说明,具有高能增面燃烧、低烧蚀特性,raw_only,False,,非密-危险特性汇总表.docx,23,accepted,具有高能增面燃烧、低烧蚀特性,具有高能增面燃烧、低烧蚀特性,,,,,,,,{},,,,,,,
PROPPD_ab5070e99ce9605a180b,MATPD_845a9cdf66ed4a5f67e3,SRCPD_69fc6b0174cbc112b6cf,组成指标,总挥,,parsed,False,,非密-危险特性汇总表.docx,24,accepted,≤5.2,≤5.2,,,5.2,,%,max,,,总挥,总挥,[],False,总挥≤5.2,property,MaterialProperty
PROPPD_22ecdab7f5b8e987e1c3,MATPD_845a9cdf66ed4a5f67e3,SRCPD_69fc6b0174cbc112b6cf,组成指标,外挥,,parsed,False,,非密-危险特性汇总表.docx,24,accepted,1.0—1.8,1.0—1.8,,1.0,1.8,,%,range,,,外挥,外挥,[],False,外挥1.0—1.8,property,MaterialProperty
PROPPD_5dbf25c8658c585ea68e,MATPD_845a9cdf66ed4a5f67e3,SRCPD_69fc6b0174cbc112b6cf,组成指标,内挥,,parsed,False,,非密-危险特性汇总表.docx,24,accepted,≥1.5,≥1.5,,1.5,,,%,min,,,内挥,内挥,[],False,内挥≥1.5,property,MaterialProperty
PROPPD_b4d18deb819bc1490c3c,MATPD_845a9cdf66ed4a5f67e3,SRCPD_69fc6b0174cbc112b6cf,标准,采用标准,GJB558A—97,raw_only,False,,非密-危险特性汇总表.docx,24,accepted,,,,,,,,,,,,,,,,,
PROPPD_c66382ea1b2db858e17e,MATPD_845a9cdf66ed4a5f67e3,SRCPD_69fc6b0174cbc112b6cf,药型尺寸,平均燃烧层厚度,平均燃烧层厚度1.80—1.95mm,parsed,False,,非密-危险特性汇总表.docx,24,accepted,1.80—1.95mm,1.80—1.95mm,,1.8,1.95,,mm,range,,{},,,,,,,
PROPPD_e8a1dda194ff3297f7b5,MATPD_845a9cdf66ed4a5f67e3,SRCPD_69fc6b0174cbc112b6cf,药型尺寸,平均孔径,平均孔径1.50—2.00mm,parsed,False,,非密-危险特性汇总表.docx,24,accepted,1.50—2.00mm,1.50—2.00mm,,1.5,2.0,,mm,range,,{},,,,,,,
PROPPD_0298109d36372d84cbb5,MATPD_845a9cdf66ed4a5f67e3,SRCPD_69fc6b0174cbc112b6cf,药型尺寸,平均长度,平均长度395—15mm,pending_review,True,descending_range_possible_tolerance,非密-危险特性汇总表.docx,24,pending_review,395—15mm,395—15mm,395.0,,,15.0,mm,source_dash_possible_tolerance,,{},,,,,,,
PROPPD_2f120b7115b33356dc6f,MATPD_845a9cdf66ed4a5f67e3,SRCPD_69fc6b0174cbc112b6cf,性能,性能说明,具有高增面燃烧特性,raw_only,False,,非密-危险特性汇总表.docx,24,accepted,具有高增面燃烧特性,具有高增面燃烧特性,,,,,,,,{},,,,,,,
PROPPD_3448b4e85165a1772e5e,MATPD_ab04110ebc9c04727202,SRCPD_e87c92745e8456cb13ad,组成指标,总挥,,parsed,False,,非密-危险特性汇总表.docx,25,accepted,≤3.5,≤3.5,,,3.5,,%,max,,,总挥,总挥,[],False,总挥≤3.5,property,MaterialProperty
PROPPD_6e74329009b674748585,MATPD_ab04110ebc9c04727202,SRCPD_e87c92745e8456cb13ad,组成指标,外挥,,parsed,False,,非密-危险特性汇总表.docx,25,accepted,1.0—1.8,1.0—1.8,,1.0,1.8,,%,range,,,外挥,外挥,[],False,外挥1.0—1.8,property,MaterialProperty
PROPPD_563c986143807764a179,MATPD_ab04110ebc9c04727202,SRCPD_e87c92745e8456cb13ad,组成指标,内挥,,parsed,False,,非密-危险特性汇总表.docx,25,accepted,≥0.6,≥0.6,,0.6,,,%,min,,,内挥,内挥,[],False,内挥≥0.6,property,MaterialProperty
PROPPD_0a935d8b1d71583a2919,MATPD_ab04110ebc9c04727202,SRCPD_e87c92745e8456cb13ad,组成指标,硝化纤维素硝化度,,parsed,False,,非密-危险特性汇总表.docx,25,accepted,≥208.0ml／g,≥208.0ml／g,,208.0,,,ml/g,min,,,硝化纤维素硝化度,硝化纤维素硝化度,[],False,硝化纤维素硝化度≥208.0ml／g,property,MaterialProperty
PROPPD_7c31f6af5ab0c1ebea0d,MATPD_ab04110ebc9c04727202,SRCPD_e87c92745e8456cb13ad,标准,采用标准,GJB558A—97,raw_only,False,,非密-危险特性汇总表.docx,25,accepted,,,,,,,,,,,,,,,,,
PROPPD_68aba0f3b29115c9988c,MATPD_ab04110ebc9c04727202,SRCPD_e87c92745e8456cb13ad,安定性,维也里试验温度,106.5℃维也里试验,parsed,False,,非密-危险特性汇总表.docx,25,accepted,106.5℃,106.5℃,106.5,,,,℃,exact,,{},,,,,,,
PROPPD_57407979eddfd9c2cd2d,MATPD_ab04110ebc9c04727202,SRCPD_e87c92745e8456cb13ad,安定性,普通法持续时间,普通法≥7h,parsed,False,,非密-危险特性汇总表.docx,25,accepted,≥7h,≥7h,,7.0,,,h,min,,{},,,,,,,
PROPPD_9f0408387cc6593d3b23,MATPD_ab04110ebc9c04727202,SRCPD_e87c92745e8456cb13ad,安定性,重复法持续时间,重复法≥60h,parsed,False,,非密-危险特性汇总表.docx,25,accepted,≥60h,≥60h,,60.0,,,h,min,,{},,,,,,,
PROPPD_0a1b3aa823d1429a321c,MATPD_ab04110ebc9c04727202,SRCPD_e87c92745e8456cb13ad,安定性,安定性原文,106.5℃维也里试验，普通法≥7h，重复法≥60h,raw_only,False,,非密-危险特性汇总表.docx,25,accepted,106.5℃维也里试验，普通法≥7h，重复法≥60h,106.5℃维也里试验，普通法≥7h，重复法≥60h,,,,,,,,{},,,,,,,
PROPPD_aabaca0e94b293722f37,MATPD_ab04110ebc9c04727202,SRCPD_e87c92745e8456cb13ad,药型尺寸,平均燃烧层厚度,平均燃烧层厚度0.46—0.56mm,parsed,False,,非密-危险特性汇总表.docx,25,accepted,0.46—0.56mm,0.46—0.56mm,,0.46,0.56,,mm,range,,{},,,,,,,
PROPPD_bf09b8bf3cbc5db02356,MATPD_ab04110ebc9c04727202,SRCPD_e87c92745e8456cb13ad,药型尺寸,平均孔径,平均孔径0.15—0.25mm,parsed,False,,非密-危险特性汇总表.docx,25,accepted,0.15—0.25mm,0.15—0.25mm,,0.15,0.25,,mm,range,,{},,,,,,,
PROPPD_38722fbd7cfe321dcc46,MATPD_ab04110ebc9c04727202,SRCPD_e87c92745e8456cb13ad,药型尺寸,平均长度,平均长度2.5—3.5mm,parsed,False,,非密-危险特性汇总表.docx,25,accepted,2.5—3.5mm,2.5—3.5mm,,2.5,3.5,,mm,range,,{},,,,,,,
PROPPD_8f0376d3d1ef69541a0c,MATPD_ab04110ebc9c04727202,SRCPD_e87c92745e8456cb13ad,性能,性能说明,具有高能增面燃烧、低烧蚀的特点,raw_only,False,,非密-危险特性汇总表.docx,25,accepted,具有高能增面燃烧、低烧蚀的特点,具有高能增面燃烧、低烧蚀的特点,,,,,,,,{},,,,,,,
PROPPD_3f6f2e9d99049d491386,MATPD_8db04ced96b6d4ca659b,SRCPD_43ab11677673022cc697,组成指标,总挥,,parsed,False,,非密-危险特性汇总表.docx,26,accepted,≤3.8,≤3.8,,,3.8,,%,max,,,总挥,总挥,[],False,总挥≤3.8,property,MaterialProperty
PROPPD_5030c801f3686ce699b2,MATPD_8db04ced96b6d4ca659b,SRCPD_43ab11677673022cc697,组成指标,外挥,,parsed,False,,非密-危险特性汇总表.docx,26,accepted,1.0—1.8,1.0—1.8,,1.0,1.8,,%,range,,,外挥,外挥,[],False,外挥1.0—1.8,property,MaterialProperty
PROPPD_ba922e9079384d8900c8,MATPD_8db04ced96b6d4ca659b,SRCPD_43ab11677673022cc697,组成指标,内挥,,parsed,False,,非密-危险特性汇总表.docx,26,accepted,≥0.8,≥0.8,,0.8,,,%,min,,,内挥,内挥,[],False,内挥≥0.8,property,MaterialProperty
PROPPD_cc8e371bcebe538df5e5,MATPD_8db04ced96b6d4ca659b,SRCPD_43ab11677673022cc697,组成指标,硝化纤维素硝化度,,parsed,False,,非密-危险特性汇总表.docx,26,accepted,204—207.5ml／g,204—207.5ml／g,,204.0,207.5,,ml/g,range,,,硝化纤维素硝化度,硝化纤维素硝化度,[],False,硝化纤维素硝化度204—207.5ml／g,property,MaterialProperty
PROPPD_d869545e781a9ed52aaa,MATPD_8db04ced96b6d4ca659b,SRCPD_43ab11677673022cc697,标准,采用标准,Q／HE2—12—1994,raw_only,False,,非密-危险特性汇总表.docx,26,accepted,,,,,,,,,,,,,,,,,
PROPPD_a02660cd9a7827eb6865,MATPD_8db04ced96b6d4ca659b,SRCPD_43ab11677673022cc697,安定性,甲基紫试验温度,134.5℃甲基紫试验,parsed,False,,非密-危险特性汇总表.docx,26,accepted,134.5℃,134.5℃,134.5,,,,℃,exact,,{},,,,,,,
PROPPD_fa9f8cd743efc4594cbb,MATPD_8db04ced96b6d4ca659b,SRCPD_43ab11677673022cc697,安定性,至变色时间,至变色时间≥40min,parsed,False,,非密-危险特性汇总表.docx,26,accepted,≥40min,≥40min,,40.0,,,min,min,,{},,,,,,,
PROPPD_85da190e28e00a7666a0,MATPD_8db04ced96b6d4ca659b,SRCPD_43ab11677673022cc697,安定性,不爆炸时间,不爆炸时间≥5h,parsed,False,,非密-危险特性汇总表.docx,26,accepted,≥5h,≥5h,,5.0,,,h,min,,{},,,,,,,
PROPPD_4b07dc370e71093a92b8,MATPD_8db04ced96b6d4ca659b,SRCPD_43ab11677673022cc697,安定性,安定性原文,134.5℃甲基紫试验，至变色时间≥40min，不爆炸时间≥5h,raw_only,False,,非密-危险特性汇总表.docx,26,accepted,134.5℃甲基紫试验，至变色时间≥40min，不爆炸时间≥5h,134.5℃甲基紫试验，至变色时间≥40min，不爆炸时间≥5h,,,,,,,,{},,,,,,,
PROPPD_abf5964c9966073e9781,MATPD_8db04ced96b6d4ca659b,SRCPD_43ab11677673022cc697,药型尺寸,平均燃烧层厚度,平均燃烧层厚度0.70—0.85mm,parsed,False,,非密-危险特性汇总表.docx,26,accepted,0.70—0.85mm,0.70—0.85mm,,0.7,0.85,,mm,range,,{},,,,,,,
PROPPD_ec572b482656029f58a9,MATPD_8db04ced96b6d4ca659b,SRCPD_43ab11677673022cc697,药型尺寸,平均孔径,平均孔径0.30—0.45mm,parsed,False,,非密-危险特性汇总表.docx,26,accepted,0.30—0.45mm,0.30—0.45mm,,0.3,0.45,,mm,range,,{},,,,,,,
PROPPD_542a82a5e2083dd3226d,MATPD_8db04ced96b6d4ca659b,SRCPD_43ab11677673022cc697,药型尺寸,平均长度,平均长度8.0—10.0mm,parsed,False,,非密-危险特性汇总表.docx,26,accepted,8.0—10.0mm,8.0—10.0mm,,8.0,10.0,,mm,range,,{},,,,,,,
PROPPD_00e9b62589d3800a993f,MATPD_8db04ced96b6d4ca659b,SRCPD_43ab11677673022cc697,性能,性能说明,加有碳酸铅，具有增面燃烧的特性,raw_only,False,,非密-危险特性汇总表.docx,26,accepted,加有碳酸铅，具有增面燃烧的特性,加有碳酸铅，具有增面燃烧的特性,,,,,,,,{},,,,,,,
PROPPD_5c4e3adef87ab8d87478,MATPD_c9d768467d87b046d906,SRCPD_a2bfa47b8a3e79e0fb93,组成指标,内挥,,parsed,False,,非密-危险特性汇总表.docx,27,accepted,≥0.9,≥0.9,,0.9,,,%,min,,,内挥,内挥,[],False,内挥≥0.9,property,MaterialProperty
PROPPD_e3bda0ffb78ca4155045,MATPD_c9d768467d87b046d906,SRCPD_a2bfa47b8a3e79e0fb93,组成指标,外挥,,parsed,False,,非密-危险特性汇总表.docx,27,accepted,1.0—1.8,1.0—1.8,,1.0,1.8,,%,range,,,外挥,外挥,[],False,外挥1.0—1.8,property,MaterialProperty
PROPPD_9001ce2ca647cb72afcb,MATPD_c9d768467d87b046d906,SRCPD_a2bfa47b8a3e79e0fb93,组成指标,总挥,,parsed,False,,非密-危险特性汇总表.docx,27,accepted,≤4.5,≤4.5,,,4.5,,%,max,,,总挥,总挥,[],False,总挥≤4.5,property,MaterialProperty
PROPPD_1eab348a675593071586,MATPD_c9d768467d87b046d906,SRCPD_a2bfa47b8a3e79e0fb93,组成指标,硝化纤维素硝化度,,parsed,False,,非密-危险特性汇总表.docx,27,accepted,204—207.5ml／g,204—207.5ml／g,,204.0,207.5,,ml/g,range,,,硝化纤维素硝化度,硝化纤维素硝化度,[],False,硝化纤维素硝化度204—207.5ml／g,property,MaterialProperty
PROPPD_63931838569c6d49135d,MATPD_c9d768467d87b046d906,SRCPD_a2bfa47b8a3e79e0fb93,标准,采用标准,Q／HE2—96—1990,raw_only,False,,非密-危险特性汇总表.docx,27,accepted,,,,,,,,,,,,,,,,,
PROPPD_6fad4f4e30e62626fee9,MATPD_c9d768467d87b046d906,SRCPD_a2bfa47b8a3e79e0fb93,安定性,维也里试验温度,106.5℃维也里试验,parsed,False,,非密-危险特性汇总表.docx,27,accepted,106.5℃,106.5℃,106.5,,,,℃,exact,,{},,,,,,,
PROPPD_98510312b201dd83df71,MATPD_c9d768467d87b046d906,SRCPD_a2bfa47b8a3e79e0fb93,安定性,普通法持续时间,普通法≥7h,parsed,False,,非密-危险特性汇总表.docx,27,accepted,≥7h,≥7h,,7.0,,,h,min,,{},,,,,,,
PROPPD_d5944f47b7237c7f267e,MATPD_c9d768467d87b046d906,SRCPD_a2bfa47b8a3e79e0fb93,安定性,重复法持续时间,重复法≥60h,parsed,False,,非密-危险特性汇总表.docx,27,accepted,≥60h,≥60h,,60.0,,,h,min,,{},,,,,,,
PROPPD_3258e10312636fbb282d,MATPD_c9d768467d87b046d906,SRCPD_a2bfa47b8a3e79e0fb93,安定性,安定性原文,106.5℃维也里试验，普通法≥7h，重复法≥60h。,raw_only,False,,非密-危险特性汇总表.docx,27,accepted,106.5℃维也里试验，普通法≥7h，重复法≥60h。,106.5℃维也里试验，普通法≥7h，重复法≥60h。,,,,,,,,{},,,,,,,
PROPPD_9661f6fd9ce587431e59,MATPD_c9d768467d87b046d906,SRCPD_a2bfa47b8a3e79e0fb93,药型尺寸,平均燃烧层厚度,平均燃烧层厚度0.95—1.10mm,parsed,False,,非密-危险特性汇总表.docx,27,accepted,0.95—1.10mm,0.95—1.10mm,,0.95,1.1,,mm,range,,{},,,,,,,
PROPPD_8bc5829fac7c5b29a5f4,MATPD_c9d768467d87b046d906,SRCPD_a2bfa47b8a3e79e0fb93,药型尺寸,平均孔径,平均孔径0.40—0.60mm,parsed,False,,非密-危险特性汇总表.docx,27,accepted,0.40—0.60mm,0.40—0.60mm,,0.4,0.6,,mm,range,,{},,,,,,,
PROPPD_3ea5f0bc383b2c7fefc3,MATPD_c9d768467d87b046d906,SRCPD_a2bfa47b8a3e79e0fb93,药型尺寸,平均长度,平均长度11.5—12.6mm,parsed,False,,非密-危险特性汇总表.docx,27,accepted,11.5—12.6mm,11.5—12.6mm,,11.5,12.6,,mm,range,,{},,,,,,,
PROPPD_6292945240352cf7b512,MATPD_c9d768467d87b046d906,SRCPD_a2bfa47b8a3e79e0fb93,性能,性能说明,具有增面燃烧的特点,raw_only,False,,非密-危险特性汇总表.docx,27,accepted,具有增面燃烧的特点,具有增面燃烧的特点,,,,,,,,{},,,,,,,
PROPPD_73f90eaf4bb9ef6e6c4a,MATPD_53bc89b7c44194f793f0,SRCPD_9601bb61839c09723098,组成指标,总挥,,parsed,False,,非密-危险特性汇总表.docx,28,accepted,≤4.5,≤4.5,,,4.5,,%,max,,,总挥,总挥,[],False,总挥≤4.5,property,MaterialProperty
PROPPD_65f82dbb5a52d31b9b27,MATPD_53bc89b7c44194f793f0,SRCPD_9601bb61839c09723098,组成指标,外挥,,parsed,False,,非密-危险特性汇总表.docx,28,accepted,1.0—1.8,1.0—1.8,,1.0,1.8,,%,range,,,外挥,外挥,[],False,外挥1.0—1.8,property,MaterialProperty
PROPPD_12515b09272c9e2e58a3,MATPD_53bc89b7c44194f793f0,SRCPD_9601bb61839c09723098,组成指标,内挥,,parsed,False,,非密-危险特性汇总表.docx,28,accepted,≥0.9,≥0.9,,0.9,,,%,min,,,内挥,内挥,[],False,内挥≥0.9,property,MaterialProperty
PROPPD_4a1dfbf13a1f9fae2488,MATPD_53bc89b7c44194f793f0,SRCPD_9601bb61839c09723098,组成指标,硝化纤维素硝化度,,parsed,False,,非密-危险特性汇总表.docx,28,accepted,204—207.5ml／g,204—207.5ml／g,,204.0,207.5,,ml/g,range,,,硝化纤维素硝化度,硝化纤维素硝化度,[],False,硝化纤维素硝化度204—207.5ml／g,property,MaterialProperty
PROPPD_a3ddf2935e9964f3f11a,MATPD_53bc89b7c44194f793f0,SRCPD_9601bb61839c09723098,标准,采用标准,GJB558A—1997,raw_only,False,,非密-危险特性汇总表.docx,28,accepted,,,,,,,,,,,,,,,,,
PROPPD_ed7f409e15b96f51b248,MATPD_53bc89b7c44194f793f0,SRCPD_9601bb61839c09723098,安定性,维也里试验温度,106.5℃维也里试验,parsed,False,,非密-危险特性汇总表.docx,28,accepted,106.5℃,106.5℃,106.5,,,,℃,exact,,{},,,,,,,
PROPPD_9d21b0f13c4d81e9a9b6,MATPD_53bc89b7c44194f793f0,SRCPD_9601bb61839c09723098,安定性,普通法持续时间,普通法≥7h,parsed,False,,非密-危险特性汇总表.docx,28,accepted,≥7h,≥7h,,7.0,,,h,min,,{},,,,,,,
PROPPD_c2873d1965ed43c38830,MATPD_53bc89b7c44194f793f0,SRCPD_9601bb61839c09723098,安定性,重复法持续时间,重复法≥60h,parsed,False,,非密-危险特性汇总表.docx,28,accepted,≥60h,≥60h,,60.0,,,h,min,,{},,,,,,,
PROPPD_f913da42c4475756d6c3,MATPD_53bc89b7c44194f793f0,SRCPD_9601bb61839c09723098,安定性,安定性原文,106.5℃维也里试验，普通法≥7h，重复法≥60h,raw_only,False,,非密-危险特性汇总表.docx,28,accepted,106.5℃维也里试验，普通法≥7h，重复法≥60h,106.5℃维也里试验，普通法≥7h，重复法≥60h,,,,,,,,{},,,,,,,
PROPPD_bbecf7c90e4572af93dd,MATPD_53bc89b7c44194f793f0,SRCPD_9601bb61839c09723098,药型尺寸,平均燃烧层厚度,平均燃烧层厚度1.00—1.15mm,parsed,False,,非密-危险特性汇总表.docx,28,accepted,1.00—1.15mm,1.00—1.15mm,,1.0,1.15,,mm,range,,{},,,,,,,
PROPPD_ed5b5e7bd01ac83d17e8,MATPD_53bc89b7c44194f793f0,SRCPD_9601bb61839c09723098,药型尺寸,平均孔径,平均孔径0.45—0.65mm,parsed,False,,非密-危险特性汇总表.docx,28,accepted,0.45—0.65mm,0.45—0.65mm,,0.45,0.65,,mm,range,,{},,,,,,,
PROPPD_a5a004b34a2133e40897,MATPD_53bc89b7c44194f793f0,SRCPD_9601bb61839c09723098,药型尺寸,平均长度,平均长度11.5—15.5mm,parsed,False,,非密-危险特性汇总表.docx,28,accepted,11.5—15.5mm,11.5—15.5mm,,11.5,15.5,,mm,range,,{},,,,,,,
PROPPD_325d94a893985a338b72,MATPD_53bc89b7c44194f793f0,SRCPD_9601bb61839c09723098,性能,性能说明,具有高能、增面燃烧、低烧蚀的特性,raw_only,False,,非密-危险特性汇总表.docx,28,accepted,具有高能、增面燃烧、低烧蚀的特性,具有高能、增面燃烧、低烧蚀的特性,,,,,,,,{},,,,,,,
PROPPD_aadc66496773b586b4fb,MATPD_d517554914efdc500c5b,SRCPD_6e6d941006bc4bc96785,组成指标,总挥,,parsed,False,,非密-危险特性汇总表.docx,29,accepted,≤4.8,≤4.8,,,4.8,,%,max,,,总挥,总挥,[],False,总挥≤4.8,property,MaterialProperty
PROPPD_e301a5b3fb7168b1b5b9,MATPD_d517554914efdc500c5b,SRCPD_6e6d941006bc4bc96785,组成指标,外挥,,parsed,False,,非密-危险特性汇总表.docx,29,accepted,1.0—1.8,1.0—1.8,,1.0,1.8,,%,range,,,外挥,外挥,[],False,外挥1.0—1.8,property,MaterialProperty
PROPPD_e2b795c3a4ecb4a5c349,MATPD_d517554914efdc500c5b,SRCPD_6e6d941006bc4bc96785,组成指标,内挥,,parsed,False,,非密-危险特性汇总表.docx,29,accepted,≥1.0,≥1.0,,1.0,,,%,min,,,内挥,内挥,[],False,内挥≥1.0,property,MaterialProperty
PROPPD_f9816aa311ced40bba45,MATPD_d517554914efdc500c5b,SRCPD_6e6d941006bc4bc96785,组成指标,硝化纤维素硝化度,,parsed,False,,非密-危险特性汇总表.docx,29,accepted,204—207.5ml／g,204—207.5ml／g,,204.0,207.5,,ml/g,range,,,硝化纤维素硝化度,硝化纤维素硝化度,[],False,硝化纤维素硝化度204—207.5ml／g,property,MaterialProperty
PROPPD_30c773d6f4aa98a425e8,MATPD_d517554914efdc500c5b,SRCPD_6e6d941006bc4bc96785,标准,采用标准,Q／HE2—96—1990,raw_only,False,,非密-危险特性汇总表.docx,29,accepted,,,,,,,,,,,,,,,,,
PROPPD_ba63552f4849f7217235,MATPD_d517554914efdc500c5b,SRCPD_6e6d941006bc4bc96785,安定性,维也里试验温度,106.5℃维也里试验,parsed,False,,非密-危险特性汇总表.docx,29,accepted,106.5℃,106.5℃,106.5,,,,℃,exact,,{},,,,,,,
PROPPD_358ebc02942cf876fa63,MATPD_d517554914efdc500c5b,SRCPD_6e6d941006bc4bc96785,安定性,普通法持续时间,普通法≥7h,parsed,False,,非密-危险特性汇总表.docx,29,accepted,≥7h,≥7h,,7.0,,,h,min,,{},,,,,,,
PROPPD_bc918041508d237de8e2,MATPD_d517554914efdc500c5b,SRCPD_6e6d941006bc4bc96785,安定性,重复法持续时间,重复法≥60h,parsed,False,,非密-危险特性汇总表.docx,29,accepted,≥60h,≥60h,,60.0,,,h,min,,{},,,,,,,
PROPPD_1c614a087faad14d4a30,MATPD_d517554914efdc500c5b,SRCPD_6e6d941006bc4bc96785,安定性,安定性原文,106.5℃维也里试验，普通法≥7h，重复法≥60h,raw_only,False,,非密-危险特性汇总表.docx,29,accepted,106.5℃维也里试验，普通法≥7h，重复法≥60h,106.5℃维也里试验，普通法≥7h，重复法≥60h,,,,,,,,{},,,,,,,
PROPPD_44a8f159c152468c17b1,MATPD_d517554914efdc500c5b,SRCPD_6e6d941006bc4bc96785,药型尺寸,平均燃烧层厚度,平均燃烧层厚度1.10—1.30mm,parsed,False,,非密-危险特性汇总表.docx,29,accepted,1.10—1.30mm,1.10—1.30mm,,1.1,1.3,,mm,range,,{},,,,,,,
PROPPD_099c43baa413d078689e,MATPD_d517554914efdc500c5b,SRCPD_6e6d941006bc4bc96785,药型尺寸,平均孔径,平均孔径0.50—0.70mm,parsed,False,,非密-危险特性汇总表.docx,29,accepted,0.50—0.70mm,0.50—0.70mm,,0.5,0.7,,mm,range,,{},,,,,,,
PROPPD_a58c0d6c3c436e1b9758,MATPD_d517554914efdc500c5b,SRCPD_6e6d941006bc4bc96785,药型尺寸,平均长度,平均长度13.5—15.6mm,parsed,False,,非密-危险特性汇总表.docx,29,accepted,13.5—15.6mm,13.5—15.6mm,,13.5,15.6,,mm,range,,{},,,,,,,
PROPPD_a875c600370da5473060,MATPD_d517554914efdc500c5b,SRCPD_6e6d941006bc4bc96785,性能,性能说明,具有增面燃烧的特性,raw_only,False,,非密-危险特性汇总表.docx,29,accepted,具有增面燃烧的特性,具有增面燃烧的特性,,,,,,,,{},,,,,,,
PROPPD_bb004eba5b18585c46e3,MATPD_a2d528e640540710b9e8,SRCPD_382a539f7f6766f611ba,组成指标,总挥,,parsed,False,,非密-危险特性汇总表.docx,30,accepted,4.8,4.8,4.8,,,,%,exact,,,总挥,总挥,[],False,总挥4.8,property,MaterialProperty
PROPPD_c3449b25a6616a54f6e0,MATPD_a2d528e640540710b9e8,SRCPD_382a539f7f6766f611ba,组成指标,外挥,,parsed,False,,非密-危险特性汇总表.docx,30,accepted,1.0—2.1,1.0—2.1,,1.0,2.1,,%,range,,,外挥,外挥,[],False,外挥1.0—2.1,property,MaterialProperty
PROPPD_eb792581ffeb0d220051,MATPD_a2d528e640540710b9e8,SRCPD_382a539f7f6766f611ba,组成指标,内挥,,parsed,False,,非密-危险特性汇总表.docx,30,accepted,≥1.0,≥1.0,,1.0,,,%,min,,,内挥,内挥,[],False,内挥≥1.0,property,MaterialProperty
PROPPD_459ae8479ce23fd29dbc,MATPD_a2d528e640540710b9e8,SRCPD_382a539f7f6766f611ba,组成指标,硝化纤维素硝化度,,parsed,False,,非密-危险特性汇总表.docx,30,accepted,207.5ml／g,207.5ml／g,207.5,,,,ml/g,exact,,,硝化纤维素硝化度,硝化纤维素硝化度,[],False,硝化纤维素硝化度207.5ml／g,property,MaterialProperty
PROPPD_3272dad475df767743eb,MATPD_a2d528e640540710b9e8,SRCPD_382a539f7f6766f611ba,标准,采用标准,GJB558A—1997,raw_only,False,,非密-危险特性汇总表.docx,30,accepted,,,,,,,,,,,,,,,,,
PROPPD_9d16812bb2da60dd3f5f,MATPD_a2d528e640540710b9e8,SRCPD_382a539f7f6766f611ba,安定性,维也里试验温度,106.5℃维也里试验,parsed,False,,非密-危险特性汇总表.docx,30,accepted,106.5℃,106.5℃,106.5,,,,℃,exact,,{},,,,,,,
PROPPD_d54e9594500ed13bacc5,MATPD_a2d528e640540710b9e8,SRCPD_382a539f7f6766f611ba,安定性,普通法持续时间,普通法≥7h,parsed,False,,非密-危险特性汇总表.docx,30,accepted,≥7h,≥7h,,7.0,,,h,min,,{},,,,,,,
PROPPD_8fdd260f89d4e885715f,MATPD_a2d528e640540710b9e8,SRCPD_382a539f7f6766f611ba,安定性,重复法持续时间,重复法≥60h,parsed,False,,非密-危险特性汇总表.docx,30,accepted,≥60h,≥60h,,60.0,,,h,min,,{},,,,,,,
PROPPD_097c0c2db78b168c72bf,MATPD_a2d528e640540710b9e8,SRCPD_382a539f7f6766f611ba,安定性,安定性原文,106.5℃维也里试验，普通法≥7h，重复法≥60h,raw_only,False,,非密-危险特性汇总表.docx,30,accepted,106.5℃维也里试验，普通法≥7h，重复法≥60h,106.5℃维也里试验，普通法≥7h，重复法≥60h,,,,,,,,{},,,,,,,
PROPPD_c1248cf0fd824472893d,MATPD_a2d528e640540710b9e8,SRCPD_382a539f7f6766f611ba,药型尺寸,平均燃烧层厚度,平均燃烧层厚度1.15—1.30mm,parsed,False,,非密-危险特性汇总表.docx,30,accepted,1.15—1.30mm,1.15—1.30mm,,1.15,1.3,,mm,range,,{},,,,,,,
PROPPD_220c1ee530ead523f635,MATPD_a2d528e640540710b9e8,SRCPD_382a539f7f6766f611ba,药型尺寸,平均孔径,平均孔径0.50—0.70mm,parsed,False,,非密-危险特性汇总表.docx,30,accepted,0.50—0.70mm,0.50—0.70mm,,0.5,0.7,,mm,range,,{},,,,,,,
PROPPD_d5e24f7ad25942602e10,MATPD_a2d528e640540710b9e8,SRCPD_382a539f7f6766f611ba,药型尺寸,平均长度,平均长度13.5—15.6mm,parsed,False,,非密-危险特性汇总表.docx,30,accepted,13.5—15.6mm,13.5—15.6mm,,13.5,15.6,,mm,range,,{},,,,,,,
PROPPD_cf3cb5f33866ed6955c6,MATPD_a2d528e640540710b9e8,SRCPD_382a539f7f6766f611ba,性能,性能说明,具有高能、增面燃烧、低烧蚀的特性,raw_only,False,,非密-危险特性汇总表.docx,30,accepted,具有高能、增面燃烧、低烧蚀的特性,具有高能、增面燃烧、低烧蚀的特性,,,,,,,,{},,,,,,,
PROPPD_e6d295b2ce8d75955779,MATPD_d6ccac62a6045d52e68b,SRCPD_7af86e19492fe1560c06,组成指标,总挥,,parsed,False,,非密-危险特性汇总表.docx,31,accepted,≤4.8,≤4.8,,,4.8,,%,max,,,总挥,总挥,[],False,总挥≤4.8,property,MaterialProperty
PROPPD_7642dd33d2e3f1b01618,MATPD_d6ccac62a6045d52e68b,SRCPD_7af86e19492fe1560c06,组成指标,外挥,,parsed,False,,非密-危险特性汇总表.docx,31,accepted,1.0—1.8,1.0—1.8,,1.0,1.8,,%,range,,,外挥,外挥,[],False,外挥1.0—1.8,property,MaterialProperty
PROPPD_f40929aa5d3d32f04d4d,MATPD_d6ccac62a6045d52e68b,SRCPD_7af86e19492fe1560c06,组成指标,内挥,,parsed,False,,非密-危险特性汇总表.docx,31,accepted,≥1.0,≥1.0,,1.0,,,%,min,,,内挥,内挥,[],False,内挥≥1.0,property,MaterialProperty
PROPPD_519b5993ef64d12426a9,MATPD_d6ccac62a6045d52e68b,SRCPD_7af86e19492fe1560c06,标准,采用标准,GJB558A—1997,raw_only,False,,非密-危险特性汇总表.docx,31,accepted,,,,,,,,,,,,,,,,,
PROPPD_5ff571c6c62e2ff6415d,MATPD_d6ccac62a6045d52e68b,SRCPD_7af86e19492fe1560c06,药型尺寸,平均燃烧层厚度,平均燃烧层厚度1.25—1.40mm,parsed,False,,非密-危险特性汇总表.docx,31,accepted,1.25—1.40mm,1.25—1.40mm,,1.25,1.4,,mm,range,,{},,,,,,,
PROPPD_2cc76e92fe4726a71e66,MATPD_d6ccac62a6045d52e68b,SRCPD_7af86e19492fe1560c06,药型尺寸,平均孔径,平均孔径0.50—0.70mm,parsed,False,,非密-危险特性汇总表.docx,31,accepted,0.50—0.70mm,0.50—0.70mm,,0.5,0.7,,mm,range,,{},,,,,,,
PROPPD_efbef1f22954cef20030,MATPD_d6ccac62a6045d52e68b,SRCPD_7af86e19492fe1560c06,药型尺寸,平均长度,平均长度13.0—15.0mm,parsed,False,,非密-危险特性汇总表.docx,31,accepted,13.0—15.0mm,13.0—15.0mm,,13.0,15.0,,mm,range,,{},,,,,,,
PROPPD_51b79d934c17159c66aa,MATPD_d6ccac62a6045d52e68b,SRCPD_7af86e19492fe1560c06,性能,性能说明,具有高能、增面燃烧、低烧蚀的特性,raw_only,False,,非密-危险特性汇总表.docx,31,accepted,具有高能、增面燃烧、低烧蚀的特性,具有高能、增面燃烧、低烧蚀的特性,,,,,,,,{},,,,,,,
PROPPD_57a719e212efbbcc4ab8,MATPD_0f34ffc608fb5e413f01,SRCPD_2c121c0db1ac8ae84a10,组成指标,总挥,,parsed,False,,非密-危险特性汇总表.docx,32,accepted,≤3.8,≤3.8,,,3.8,,%,max,,,总挥,总挥,[],False,总挥≤3.8,property,MaterialProperty
PROPPD_7fdffe2b29be3b2f0443,MATPD_0f34ffc608fb5e413f01,SRCPD_2c121c0db1ac8ae84a10,组成指标,外挥,,parsed,False,,非密-危险特性汇总表.docx,32,accepted,1.0—1.6,1.0—1.6,,1.0,1.6,,%,range,,,外挥,外挥,[],False,外挥1.0—1.6,property,MaterialProperty
PROPPD_478b302b80a30aa01345,MATPD_0f34ffc608fb5e413f01,SRCPD_2c121c0db1ac8ae84a10,组成指标,内挥,,parsed,False,,非密-危险特性汇总表.docx,32,accepted,≥0.7,≥0.7,,0.7,,,%,min,,,内挥,内挥,[],False,内挥≥0.7,property,MaterialProperty
PROPPD_76a8795c1b120e58956e,MATPD_0f34ffc608fb5e413f01,SRCPD_2c121c0db1ac8ae84a10,组成指标,硝化纤维素硝化度,,parsed,False,,非密-危险特性汇总表.docx,32,accepted,≥208ml／g,≥208ml／g,,208.0,,,ml/g,min,,,硝化纤维素硝化度,硝化纤维素硝化度,[],False,硝化纤维素硝化度≥208ml／g,property,MaterialProperty
PROPPD_f494f7c7dc571b4aff5d,MATPD_0f34ffc608fb5e413f01,SRCPD_2c121c0db1ac8ae84a10,标准,采用标准,GJB558A—97,raw_only,False,,非密-危险特性汇总表.docx,32,accepted,,,,,,,,,,,,,,,,,
PROPPD_a5ffa7375529b7688446,MATPD_0f34ffc608fb5e413f01,SRCPD_2c121c0db1ac8ae84a10,安定性,维也里试验温度,106.5℃维也里试验,parsed,False,,非密-危险特性汇总表.docx,32,accepted,106.5℃,106.5℃,106.5,,,,℃,exact,,{},,,,,,,
PROPPD_b7e7e4c34c57bd461524,MATPD_0f34ffc608fb5e413f01,SRCPD_2c121c0db1ac8ae84a10,安定性,普通法持续时间,普通法≥7h,parsed,False,,非密-危险特性汇总表.docx,32,accepted,≥7h,≥7h,,7.0,,,h,min,,{},,,,,,,
PROPPD_2617f4327a89439d0592,MATPD_0f34ffc608fb5e413f01,SRCPD_2c121c0db1ac8ae84a10,安定性,重复法持续时间,重复法≥60h,parsed,False,,非密-危险特性汇总表.docx,32,accepted,≥60h,≥60h,,60.0,,,h,min,,{},,,,,,,
PROPPD_f90c9fc8cec39e7a587f,MATPD_0f34ffc608fb5e413f01,SRCPD_2c121c0db1ac8ae84a10,安定性,安定性原文,106.5℃维也里试验，普通法≥7h，重复法≥60h,raw_only,False,,非密-危险特性汇总表.docx,32,accepted,106.5℃维也里试验，普通法≥7h，重复法≥60h,106.5℃维也里试验，普通法≥7h，重复法≥60h,,,,,,,,{},,,,,,,
PROPPD_20da5cb37310f4183f0e,MATPD_0f34ffc608fb5e413f01,SRCPD_2c121c0db1ac8ae84a10,药型尺寸,平均燃烧层厚度,平均燃烧层厚度0.70—0.85mm,parsed,False,,非密-危险特性汇总表.docx,32,accepted,0.70—0.85mm,0.70—0.85mm,,0.7,0.85,,mm,range,,{},,,,,,,
PROPPD_8fdb5f89e213b9af0b06,MATPD_0f34ffc608fb5e413f01,SRCPD_2c121c0db1ac8ae84a10,药型尺寸,平均孔径,平均孔径0.30—0.45mm,parsed,False,,非密-危险特性汇总表.docx,32,accepted,0.30—0.45mm,0.30—0.45mm,,0.3,0.45,,mm,range,,{},,,,,,,
PROPPD_f806ed1069a93af29992,MATPD_0f34ffc608fb5e413f01,SRCPD_2c121c0db1ac8ae84a10,药型尺寸,平均长度,平均长度8.0—11.0mm,parsed,False,,非密-危险特性汇总表.docx,32,accepted,8.0—11.0mm,8.0—11.0mm,,8.0,11.0,,mm,range,,{},,,,,,,
PROPPD_be04cc2797517df67bff,MATPD_0f34ffc608fb5e413f01,SRCPD_2c121c0db1ac8ae84a10,性能,性能说明,具有增面燃烧的特性,raw_only,False,,非密-危险特性汇总表.docx,32,accepted,具有增面燃烧的特性,具有增面燃烧的特性,,,,,,,,{},,,,,,,
PROPPD_415f995792d832bd1989,MATPD_b067c5eb3b4003130dcb,SRCPD_3ec9d2e1c23a5978fbe2,组成指标,总挥,,parsed,False,,非密-危险特性汇总表.docx,33,accepted,≤5.2,≤5.2,,,5.2,,%,max,,,总挥,总挥,[],False,总挥≤5.2,property,MaterialProperty
PROPPD_afa04a92c4492f1fc8ec,MATPD_b067c5eb3b4003130dcb,SRCPD_3ec9d2e1c23a5978fbe2,组成指标,外挥,,parsed,False,,非密-危险特性汇总表.docx,33,accepted,1.0—1.8,1.0—1.8,,1.0,1.8,,%,range,,,外挥,外挥,[],False,外挥1.0—1.8,property,MaterialProperty
PROPPD_7596f03a7f72336a1b2f,MATPD_b067c5eb3b4003130dcb,SRCPD_3ec9d2e1c23a5978fbe2,组成指标,内挥,,parsed,False,,非密-危险特性汇总表.docx,33,accepted,≥1.3,≥1.3,,1.3,,,%,min,,,内挥,内挥,[],False,内挥≥1.3,property,MaterialProperty
PROPPD_7fac408c452a89198961,MATPD_b067c5eb3b4003130dcb,SRCPD_3ec9d2e1c23a5978fbe2,标准,采用标准,GJB558A—97,raw_only,False,,非密-危险特性汇总表.docx,33,accepted,,,,,,,,,,,,,,,,,
PROPPD_6d3a3c7b3cfb0abc2f74,MATPD_b067c5eb3b4003130dcb,SRCPD_3ec9d2e1c23a5978fbe2,药型尺寸,平均燃烧层厚度,平均燃烧层厚度1.40—1.65mm,parsed,False,,非密-危险特性汇总表.docx,33,accepted,1.40—1.65mm,1.40—1.65mm,,1.4,1.65,,mm,range,,{},,,,,,,
PROPPD_1b5ef93afb8266d0e0f7,MATPD_b067c5eb3b4003130dcb,SRCPD_3ec9d2e1c23a5978fbe2,药型尺寸,平均孔径,平均孔径0.70—0.80mm,parsed,False,,非密-危险特性汇总表.docx,33,accepted,0.70—0.80mm,0.70—0.80mm,,0.7,0.8,,mm,range,,{},,,,,,,
PROPPD_7386b3a1357218f81d67,MATPD_b067c5eb3b4003130dcb,SRCPD_3ec9d2e1c23a5978fbe2,药型尺寸,平均长度,平均长度16—18mm,parsed,False,,非密-危险特性汇总表.docx,33,accepted,16—18mm,16—18mm,,16.0,18.0,,mm,range,,{},,,,,,,
PROPPD_7edfba1027bddb8f9616,MATPD_b067c5eb3b4003130dcb,SRCPD_3ec9d2e1c23a5978fbe2,性能,性能说明,具有增面燃烧、低烧蚀的特性,raw_only,False,,非密-危险特性汇总表.docx,33,accepted,具有增面燃烧、低烧蚀的特性,具有增面燃烧、低烧蚀的特性,,,,,,,,{},,,,,,,
PROPPD_87a8e3543f6645ad85a7,MATPD_95e88304640cb7e1fe46,SRCPD_d594c663334e5a780626,组成指标,总挥,,parsed,False,,非密-危险特性汇总表.docx,34,accepted,3.5,3.5,3.5,,,,%,exact,,,总挥,总挥,[],False,总挥3.5,property,MaterialProperty
PROPPD_f0dfe06178186f9a7bfb,MATPD_95e88304640cb7e1fe46,SRCPD_d594c663334e5a780626,组成指标,外挥,,parsed,False,,非密-危险特性汇总表.docx,34,accepted,1.0—1.8,1.0—1.8,,1.0,1.8,,%,range,,,外挥,外挥,[],False,外挥1.0—1.8,property,MaterialProperty
PROPPD_8112ff4518197206c7b7,MATPD_95e88304640cb7e1fe46,SRCPD_d594c663334e5a780626,组成指标,内挥,,parsed,False,,非密-危险特性汇总表.docx,34,accepted,≥0.5,≥0.5,,0.5,,,%,min,,,内挥,内挥,[],False,内挥≥0.5,property,MaterialProperty
PROPPD_8dde90209c6b02cb2d75,MATPD_95e88304640cb7e1fe46,SRCPD_d594c663334e5a780626,组成指标,硝化纤维素硝化度,,parsed,False,,非密-危险特性汇总表.docx,34,accepted,204—207.5ml／g,204—207.5ml／g,,204.0,207.5,,ml/g,range,,,硝化纤维素硝化度,硝化纤维素硝化度,[],False,硝化纤维素硝化度204—207.5ml／g,property,MaterialProperty
PROPPD_c206b63b527d644462d1,MATPD_95e88304640cb7e1fe46,SRCPD_d594c663334e5a780626,标准,采用标准,GJB558A—97,raw_only,False,,非密-危险特性汇总表.docx,34,accepted,,,,,,,,,,,,,,,,,
PROPPD_814300e75f9524ca575f,MATPD_95e88304640cb7e1fe46,SRCPD_d594c663334e5a780626,安定性,维也里试验温度,106.5℃维也里试验,parsed,False,,非密-危险特性汇总表.docx,34,accepted,106.5℃,106.5℃,106.5,,,,℃,exact,,{},,,,,,,
PROPPD_29bc6a78bf4a8f2d0103,MATPD_95e88304640cb7e1fe46,SRCPD_d594c663334e5a780626,安定性,普通法持续时间,普通法≥7h,parsed,False,,非密-危险特性汇总表.docx,34,accepted,≥7h,≥7h,,7.0,,,h,min,,{},,,,,,,
PROPPD_ac828e0e04ce77c756ec,MATPD_95e88304640cb7e1fe46,SRCPD_d594c663334e5a780626,安定性,重复法持续时间,重复法≥50h,parsed,False,,非密-危险特性汇总表.docx,34,accepted,≥50h,≥50h,,50.0,,,h,min,,{},,,,,,,
PROPPD_aa196cad027aad008d2c,MATPD_95e88304640cb7e1fe46,SRCPD_d594c663334e5a780626,安定性,安定性原文,106.5℃维也里试验，普通法≥7h，重复法≥50h,raw_only,False,,非密-危险特性汇总表.docx,34,accepted,106.5℃维也里试验，普通法≥7h，重复法≥50h,106.5℃维也里试验，普通法≥7h，重复法≥50h,,,,,,,,{},,,,,,,
PROPPD_1bff4a741c60c2c8a3b3,MATPD_95e88304640cb7e1fe46,SRCPD_d594c663334e5a780626,药型尺寸,平均燃烧层厚度,平均燃烧层厚度0.6—0.8mm,parsed,False,,非密-危险特性汇总表.docx,34,accepted,0.6—0.8mm,0.6—0.8mm,,0.6,0.8,,mm,range,,{},,,,,,,
PROPPD_fef16a354a64ef2daca4,MATPD_95e88304640cb7e1fe46,SRCPD_d594c663334e5a780626,药型尺寸,平均孔径,平均孔径0.45—0.65mm,parsed,False,,非密-危险特性汇总表.docx,34,accepted,0.45—0.65mm,0.45—0.65mm,,0.45,0.65,,mm,range,,{},,,,,,,
PROPPD_86439ccee86c95e10e71,MATPD_95e88304640cb7e1fe46,SRCPD_d594c663334e5a780626,药型尺寸,平均长度,平均长度7.0—11.0mm,parsed,False,,非密-危险特性汇总表.docx,34,accepted,7.0—11.0mm,7.0—11.0mm,,7.0,11.0,,mm,range,,{},,,,,,,
PROPPD_02f659216b398f1c3611,MATPD_95e88304640cb7e1fe46,SRCPD_d594c663334e5a780626,性能,性能说明,具有高能量、低烧蚀、高增面燃烧的特性,raw_only,False,,非密-危险特性汇总表.docx,34,accepted,具有高能量、低烧蚀、高增面燃烧的特性,具有高能量、低烧蚀、高增面燃烧的特性,,,,,,,,{},,,,,,,
PROPPD_931c39adb5098e97fefa,MATPD_47c19569c337304240b7,SRCPD_a05573d558dfa940233f,性能,爆热,爆热=3270KJ／kg,parsed,False,,非密-危险特性汇总表.docx,35,accepted,3270KJ／kg,3270KJ／kg,3270.0,,,,kJ/kg,exact,,{},,,,,,,
PROPPD_3ea62fe94e6581632a5d,MATPD_47c19569c337304240b7,SRCPD_a05573d558dfa940233f,性能,火药力,火药力=1020KJ／kg,parsed,False,,非密-危险特性汇总表.docx,35,accepted,1020KJ／kg,1020KJ／kg,1020.0,,,,kJ/kg,exact,,{},,,,,,,
PROPPD_9a786479d5babfba5596,MATPD_e32c7151be51ffe33ec1,SRCPD_8784016d27cf7cae2488,组成指标,总挥,,parsed,False,,非密-危险特性汇总表.docx,36,accepted,≤3.5,≤3.5,,,3.5,,%,max,,,总挥,总挥,[],False,总挥≤3.5,property,MaterialProperty
PROPPD_cb754dafb65b3cb81516,MATPD_e32c7151be51ffe33ec1,SRCPD_8784016d27cf7cae2488,组成指标,外挥,,parsed,False,,非密-危险特性汇总表.docx,36,accepted,1.0—1.8,1.0—1.8,,1.0,1.8,,%,range,,,外挥,外挥,[],False,外挥1.0—1.8,property,MaterialProperty
PROPPD_e2a0047c4229cc6e4551,MATPD_e32c7151be51ffe33ec1,SRCPD_8784016d27cf7cae2488,组成指标,内挥,,parsed,False,,非密-危险特性汇总表.docx,36,accepted,≥0.5,≥0.5,,0.5,,,%,min,,,内挥,内挥,[],False,内挥≥0.5,property,MaterialProperty
PROPPD_c3ee5377f1af1c251e65,MATPD_e32c7151be51ffe33ec1,SRCPD_8784016d27cf7cae2488,标准,采用标准,GJB558A—97,raw_only,False,,非密-危险特性汇总表.docx,36,accepted,,,,,,,,,,,,,,,,,
PROPPD_1e6574e6bfd927e782c1,MATPD_e32c7151be51ffe33ec1,SRCPD_8784016d27cf7cae2488,安定性,维也里试验温度,106.5℃维也里试验,parsed,False,,非密-危险特性汇总表.docx,36,accepted,106.5℃,106.5℃,106.5,,,,℃,exact,,{},,,,,,,
PROPPD_e904eb06b1eba204efab,MATPD_e32c7151be51ffe33ec1,SRCPD_8784016d27cf7cae2488,安定性,普通法持续时间,普通法≥7h,parsed,False,,非密-危险特性汇总表.docx,36,accepted,≥7h,≥7h,,7.0,,,h,min,,{},,,,,,,
PROPPD_b936f5dfd1f26a7ae700,MATPD_e32c7151be51ffe33ec1,SRCPD_8784016d27cf7cae2488,安定性,重复法持续时间,重复法≥50h,parsed,False,,非密-危险特性汇总表.docx,36,accepted,≥50h,≥50h,,50.0,,,h,min,,{},,,,,,,
PROPPD_440188eced6f9581782a,MATPD_e32c7151be51ffe33ec1,SRCPD_8784016d27cf7cae2488,安定性,安定性原文,106.5℃维也里试验，普通法≥7h，重复法≥50h,raw_only,False,,非密-危险特性汇总表.docx,36,accepted,106.5℃维也里试验，普通法≥7h，重复法≥50h,106.5℃维也里试验，普通法≥7h，重复法≥50h,,,,,,,,{},,,,,,,
PROPPD_c57a454ba4730a9202fb,MATPD_e32c7151be51ffe33ec1,SRCPD_8784016d27cf7cae2488,药型尺寸,平均燃烧层厚度,平均燃烧层厚度0.90—1.10mm,parsed,False,,非密-危险特性汇总表.docx,36,accepted,0.90—1.10mm,0.90—1.10mm,,0.9,1.1,,mm,range,,{},,,,,,,
PROPPD_4e9c2c0bdfd109e0edcc,MATPD_e32c7151be51ffe33ec1,SRCPD_8784016d27cf7cae2488,药型尺寸,平均孔径,平均孔径2.5—3.5mm,parsed,False,,非密-危险特性汇总表.docx,36,accepted,2.5—3.5mm,2.5—3.5mm,,2.5,3.5,,mm,range,,{},,,,,,,
PROPPD_8c1cb48329b584ea0541,MATPD_e32c7151be51ffe33ec1,SRCPD_8784016d27cf7cae2488,药型尺寸,平均长度,平均长度395—15mm,pending_review,True,descending_range_possible_tolerance,非密-危险特性汇总表.docx,36,pending_review,395—15mm,395—15mm,395.0,,,15.0,mm,source_dash_possible_tolerance,,{},,,,,,,
PROPPD_05dbb10f05aa6762babe,MATPD_e32c7151be51ffe33ec1,SRCPD_8784016d27cf7cae2488,性能,性能说明,具有高增面燃烧的特性,raw_only,False,,非密-危险特性汇总表.docx,36,accepted,具有高增面燃烧的特性,具有高增面燃烧的特性,,,,,,,,{},,,,,,,
PROPPD_10f5a896c24241aacab2,MATPD_91787531fb3a49ea5e27,SRCPD_9b10e59ee9f630d21eb1,性能,爆热,爆热=3770KJ／kg,parsed,False,,非密-危险特性汇总表.docx,37,accepted,3770KJ／kg,3770KJ／kg,3770.0,,,,kJ/kg,exact,,{},,,,,,,
PROPPD_d7b73749a99000896253,MATPD_91787531fb3a49ea5e27,SRCPD_9b10e59ee9f630d21eb1,性能,火药力,火药力=1022KJ／kg,parsed,False,,非密-危险特性汇总表.docx,37,accepted,1022KJ／kg,1022KJ／kg,1022.0,,,,kJ/kg,exact,,{},,,,,,,
PROPPD_8510cea5b95f9795b059,MATPD_9efd4a2e3bd93cbcb9dd,SRCPD_86873c7b250678b341af,组成指标,总挥,,parsed,False,,非密-危险特性汇总表.docx,38,accepted,≤4.2,≤4.2,,,4.2,,%,max,,,总挥,总挥,[],False,总挥≤4.2,property,MaterialProperty
PROPPD_f36b97ef46ba9777b267,MATPD_9efd4a2e3bd93cbcb9dd,SRCPD_86873c7b250678b341af,组成指标,外挥,,parsed,False,,非密-危险特性汇总表.docx,38,accepted,1.2—1.8,1.2—1.8,,1.2,1.8,,%,range,,,外挥,外挥,[],False,外挥1.2—1.8,property,MaterialProperty
PROPPD_266751a4481716944b9a,MATPD_9efd4a2e3bd93cbcb9dd,SRCPD_86873c7b250678b341af,组成指标,内挥,,parsed,False,,非密-危险特性汇总表.docx,38,accepted,≥1.0,≥1.0,,1.0,,,%,min,,,内挥,内挥,[],False,内挥≥1.0,property,MaterialProperty
PROPPD_78c55da99c0a5b16a930,MATPD_9efd4a2e3bd93cbcb9dd,SRCPD_86873c7b250678b341af,组成指标,硝化纤维素硝化度,,parsed,False,,非密-危险特性汇总表.docx,38,accepted,≥208ml／g,≥208ml／g,,208.0,,,ml/g,min,,,硝化纤维素硝化度,硝化纤维素硝化度,[],False,硝化纤维素硝化度≥208ml／g,property,MaterialProperty
PROPPD_e44fe6fb97a203eabbb1,MATPD_9efd4a2e3bd93cbcb9dd,SRCPD_86873c7b250678b341af,标准,采用标准,Q／HCG803—88,raw_only,False,,非密-危险特性汇总表.docx,38,accepted,,,,,,,,,,,,,,,,,
PROPPD_11952b6388c075bb27f6,MATPD_9efd4a2e3bd93cbcb9dd,SRCPD_86873c7b250678b341af,安定性,维也里试验温度,106.5℃维也里试验,parsed,False,,非密-危险特性汇总表.docx,38,accepted,106.5℃,106.5℃,106.5,,,,℃,exact,,{},,,,,,,
PROPPD_c558c0dc441e6984aa70,MATPD_9efd4a2e3bd93cbcb9dd,SRCPD_86873c7b250678b341af,安定性,普通法持续时间,普通法≥7h,parsed,False,,非密-危险特性汇总表.docx,38,accepted,≥7h,≥7h,,7.0,,,h,min,,{},,,,,,,
PROPPD_4bc9d1243ad1d71029c0,MATPD_9efd4a2e3bd93cbcb9dd,SRCPD_86873c7b250678b341af,安定性,重复法持续时间,重复法≥60h,parsed,False,,非密-危险特性汇总表.docx,38,accepted,≥60h,≥60h,,60.0,,,h,min,,{},,,,,,,
PROPPD_f76127c50a0a8ac98f6c,MATPD_9efd4a2e3bd93cbcb9dd,SRCPD_86873c7b250678b341af,安定性,安定性原文,106.5℃维也里试验，普通法≥7h，重复法≥60h,raw_only,False,,非密-危险特性汇总表.docx,38,accepted,106.5℃维也里试验，普通法≥7h，重复法≥60h,106.5℃维也里试验，普通法≥7h，重复法≥60h,,,,,,,,{},,,,,,,
PROPPD_32ad55d87d42a166d44e,MATPD_9efd4a2e3bd93cbcb9dd,SRCPD_86873c7b250678b341af,药型尺寸,平均燃烧层厚度,平均燃烧层厚度0.80—1.00mm,parsed,False,,非密-危险特性汇总表.docx,38,accepted,0.80—1.00mm,0.80—1.00mm,,0.8,1.0,,mm,range,,{},,,,,,,
PROPPD_0230ace9bd290f61bcc1,MATPD_9efd4a2e3bd93cbcb9dd,SRCPD_86873c7b250678b341af,药型尺寸,平均孔径,平均孔径0.35—0.55mm,parsed,False,,非密-危险特性汇总表.docx,38,accepted,0.35—0.55mm,0.35—0.55mm,,0.35,0.55,,mm,range,,{},,,,,,,
PROPPD_6e38bdc62e8c423f879f,MATPD_9efd4a2e3bd93cbcb9dd,SRCPD_86873c7b250678b341af,药型尺寸,平均长度,平均长度10.0—13.0mm,parsed,False,,非密-危险特性汇总表.docx,38,accepted,10.0—13.0mm,10.0—13.0mm,,10.0,13.0,,mm,range,,{},,,,,,,
PROPPD_87e0a2dbe51b5cd9ba7a,MATPD_9efd4a2e3bd93cbcb9dd,SRCPD_86873c7b250678b341af,性能,性能说明,发射时少烟，与国外M2性能相当,raw_only,False,,非密-危险特性汇总表.docx,38,accepted,发射时少烟，与国外M2性能相当,发射时少烟，与国外M2性能相当,,,,,,,,{},,,,,,,
PROPPD_e582e369a95ef8d8a7df,MATPD_2defddb7d4a299100df6,SRCPD_f8ed9659d02cc7d096c4,组成指标,总挥,,parsed,False,,非密-危险特性汇总表.docx,39,accepted,≤4.0,≤4.0,,,4.0,,%,max,,,总挥,总挥,[],False,总挥≤4.0,property,MaterialProperty
PROPPD_90557aa320b3be17ada6,MATPD_2defddb7d4a299100df6,SRCPD_f8ed9659d02cc7d096c4,组成指标,外挥,,parsed,False,,非密-危险特性汇总表.docx,39,accepted,1.0—1.8,1.0—1.8,,1.0,1.8,,%,range,,,外挥,外挥,[],False,外挥1.0—1.8,property,MaterialProperty
PROPPD_e5864578a3f259c7a183,MATPD_2defddb7d4a299100df6,SRCPD_f8ed9659d02cc7d096c4,组成指标,内挥,,parsed,False,,非密-危险特性汇总表.docx,39,accepted,≥0.9,≥0.9,,0.9,,,%,min,,,内挥,内挥,[],False,内挥≥0.9,property,MaterialProperty
PROPPD_a221a2264f45b1ee619f,MATPD_2defddb7d4a299100df6,SRCPD_f8ed9659d02cc7d096c4,组成指标,游离石墨,,parsed,False,,非密-危险特性汇总表.docx,39,accepted,≤0.05,≤0.05,,,0.05,,%,max,,,游离石墨,游离石墨,[],False,游离石墨≤0.05,property,MaterialProperty
PROPPD_5ae5e716764338e22c9d,MATPD_2defddb7d4a299100df6,SRCPD_f8ed9659d02cc7d096c4,组成指标,硝化纤维素硝化度,,parsed,False,,非密-危险特性汇总表.docx,39,accepted,≥210ml／g,≥210ml／g,,210.0,,,ml/g,min,,,硝化纤维素硝化度,硝化纤维素硝化度,[],False,硝化纤维素硝化度≥210ml／g,property,MaterialProperty
PROPPD_7c921fb6a756642808ef,MATPD_2defddb7d4a299100df6,SRCPD_f8ed9659d02cc7d096c4,标准,采用标准,WD677；WD675,raw_only,False,,非密-危险特性汇总表.docx,39,accepted,,,,,,,,,,,,,,,,,
PROPPD_81cebc7892f08e30e296,MATPD_2defddb7d4a299100df6,SRCPD_f8ed9659d02cc7d096c4,安定性,维也里试验温度,106.5℃维也里试验,parsed,False,,非密-危险特性汇总表.docx,39,accepted,106.5℃,106.5℃,106.5,,,,℃,exact,,{},,,,,,,
PROPPD_b0e4b6911ec54665809b,MATPD_2defddb7d4a299100df6,SRCPD_f8ed9659d02cc7d096c4,安定性,普通法持续时间,普通法≥7h,parsed,False,,非密-危险特性汇总表.docx,39,accepted,≥7h,≥7h,,7.0,,,h,min,,{},,,,,,,
PROPPD_7e77100d4adf7685ce25,MATPD_2defddb7d4a299100df6,SRCPD_f8ed9659d02cc7d096c4,安定性,重复法持续时间,重复法≥60h,parsed,False,,非密-危险特性汇总表.docx,39,accepted,≥60h,≥60h,,60.0,,,h,min,,{},,,,,,,
PROPPD_76338c9de315c41fe582,MATPD_2defddb7d4a299100df6,SRCPD_f8ed9659d02cc7d096c4,安定性,安定性原文,106.5℃维也里试验，普通法≥7h，重复法≥60h,raw_only,False,,非密-危险特性汇总表.docx,39,accepted,106.5℃维也里试验，普通法≥7h，重复法≥60h,106.5℃维也里试验，普通法≥7h，重复法≥60h,,,,,,,,{},,,,,,,
PROPPD_f796480d5afca36d751c,MATPD_2defddb7d4a299100df6,SRCPD_f8ed9659d02cc7d096c4,药型尺寸,平均燃烧层厚度,平均燃烧层厚度1.40—1.50mm,parsed,False,,非密-危险特性汇总表.docx,39,accepted,1.40—1.50mm,1.40—1.50mm,,1.4,1.5,,mm,range,,{},,,,,,,
PROPPD_3bd3a2ace0f1aa263ca1,MATPD_2defddb7d4a299100df6,SRCPD_f8ed9659d02cc7d096c4,药型尺寸,平均孔径,平均孔径0.30—0.60mm,parsed,False,,非密-危险特性汇总表.docx,39,accepted,0.30—0.60mm,0.30—0.60mm,,0.3,0.6,,mm,range,,{},,,,,,,
PROPPD_28a081b4dd558ce5e1e1,MATPD_2defddb7d4a299100df6,SRCPD_f8ed9659d02cc7d096c4,药型尺寸,平均长度,平均长度10.0—15.0mm,parsed,False,,非密-危险特性汇总表.docx,39,accepted,10.0—15.0mm,10.0—15.0mm,,10.0,15.0,,mm,range,,{},,,,,,,
PROPPD_207d6d6975bc5d940bb7,MATPD_2defddb7d4a299100df6,SRCPD_f8ed9659d02cc7d096c4,性能,性能说明,具有高能量、低烧蚀、高增面性燃烧的特性,raw_only,False,,非密-危险特性汇总表.docx,39,accepted,具有高能量、低烧蚀、高增面性燃烧的特性,具有高能量、低烧蚀、高增面性燃烧的特性,,,,,,,,{},,,,,,,
PROPPD_9464e9e9e5a1d15d2626,MATPD_2defddb7d4a299100df6,SRCPD_7c39d83618d30f001f93,组成指标,内挥,,parsed,False,,非密-危险特性汇总表.docx,40,accepted,≥1.2,≥1.2,,1.2,,,%,min,,,内挥,内挥,[],False,内挥≥1.2,property,MaterialProperty
PROPPD_29d9f8534900b6021ccb,MATPD_2defddb7d4a299100df6,SRCPD_7c39d83618d30f001f93,组成指标,外挥,,parsed,False,,非密-危险特性汇总表.docx,40,accepted,≥1.0,≥1.0,,1.0,,,%,min,,,外挥,外挥,[],False,外挥≥1.0,property,MaterialProperty
PROPPD_0e8645947cd59ead903c,MATPD_2defddb7d4a299100df6,SRCPD_7c39d83618d30f001f93,组成指标,总挥,,parsed,False,,非密-危险特性汇总表.docx,40,accepted,≤5.2,≤5.2,,,5.2,,%,max,,,总挥,总挥,[],False,总挥≤5.2,property,MaterialProperty
PROPPD_2d3d4574a823d5733619,MATPD_2defddb7d4a299100df6,SRCPD_7c39d83618d30f001f93,标准,采用标准,Q／HE2—83—1988,raw_only,False,,非密-危险特性汇总表.docx,40,accepted,,,,,,,,,,,,,,,,,
PROPPD_e16141aba9e1a4808163,MATPD_2defddb7d4a299100df6,SRCPD_7c39d83618d30f001f93,安定性,维也里试验温度,106.5℃维也里试验,parsed,False,,非密-危险特性汇总表.docx,40,accepted,106.5℃,106.5℃,106.5,,,,℃,exact,,{},,,,,,,
PROPPD_590a1008ad3990d5674d,MATPD_2defddb7d4a299100df6,SRCPD_7c39d83618d30f001f93,安定性,普通法持续时间,普通法≥7h,parsed,False,,非密-危险特性汇总表.docx,40,accepted,≥7h,≥7h,,7.0,,,h,min,,{},,,,,,,
PROPPD_42094144f19f2aba5af2,MATPD_2defddb7d4a299100df6,SRCPD_7c39d83618d30f001f93,安定性,重复法持续时间,重复法≥60h,parsed,False,,非密-危险特性汇总表.docx,40,accepted,≥60h,≥60h,,60.0,,,h,min,,{},,,,,,,
PROPPD_4804f9f0b88457047b82,MATPD_2defddb7d4a299100df6,SRCPD_7c39d83618d30f001f93,安定性,安定性原文,106.5℃维也里试验，普通法≥7h，重复法≥60h,raw_only,False,,非密-危险特性汇总表.docx,40,accepted,106.5℃维也里试验，普通法≥7h，重复法≥60h,106.5℃维也里试验，普通法≥7h，重复法≥60h,,,,,,,,{},,,,,,,
PROPPD_319d9c364af07b14a89b,MATPD_2defddb7d4a299100df6,SRCPD_7c39d83618d30f001f93,药型尺寸,平均燃烧层厚度,平均燃烧层厚度1.30—1.55mm,parsed,False,,非密-危险特性汇总表.docx,40,accepted,1.30—1.55mm,1.30—1.55mm,,1.3,1.55,,mm,range,,{},,,,,,,
PROPPD_40846a9837869e90d131,MATPD_2defddb7d4a299100df6,SRCPD_7c39d83618d30f001f93,药型尺寸,平均孔径,平均孔径0.20—0.40mm,parsed,False,,非密-危险特性汇总表.docx,40,accepted,0.20—0.40mm,0.20—0.40mm,,0.2,0.4,,mm,range,,{},,,,,,,
PROPPD_8a1b5a85d8c08ba50c0b,MATPD_2defddb7d4a299100df6,SRCPD_7c39d83618d30f001f93,药型尺寸,平均长度,平均长度10.0—16.0mm,parsed,False,,非密-危险特性汇总表.docx,40,accepted,10.0—16.0mm,10.0—16.0mm,,10.0,16.0,,mm,range,,{},,,,,,,
PROPPD_69897ee52b1e36bea10e,MATPD_2defddb7d4a299100df6,SRCPD_7c39d83618d30f001f93,性能,密度,密度较大,raw_only,False,,非密-危险特性汇总表.docx,40,accepted,较大,较大,,,,,,,,{},,,,,,,
PROPPD_b3eaf41a8286bae812ee,MATPD_701427c6b5e290971931,SRCPD_d7d698ccddef2e8a3935,组成指标,总挥,,parsed,False,,非密-危险特性汇总表.docx,41,accepted,≤4.0,≤4.0,,,4.0,,%,max,,,总挥,总挥,[],False,总挥≤4.0,property,MaterialProperty
PROPPD_bad00aff48a0642207fb,MATPD_701427c6b5e290971931,SRCPD_d7d698ccddef2e8a3935,组成指标,外挥,,parsed,False,,非密-危险特性汇总表.docx,41,accepted,≤1.0—1.8,≤1.0—1.8,,1.0,1.8,,%,range,,,外挥,外挥,[],False,外挥≤1.0—1.8,property,MaterialProperty
PROPPD_f951260920eda2803182,MATPD_701427c6b5e290971931,SRCPD_d7d698ccddef2e8a3935,组成指标,内挥,,parsed,False,,非密-危险特性汇总表.docx,41,accepted,≥0.9,≥0.9,,0.9,,,%,min,,,内挥,内挥,[],False,内挥≥0.9,property,MaterialProperty
PROPPD_dc15b3f10d41aa4ca37a,MATPD_701427c6b5e290971931,SRCPD_d7d698ccddef2e8a3935,组成指标,游离石墨,,parsed,False,,非密-危险特性汇总表.docx,41,accepted,≤0.05,≤0.05,,,0.05,,%,max,,,游离石墨,游离石墨,[],False,游离石墨≤0.05,property,MaterialProperty
PROPPD_10c96bca1029449b9725,MATPD_701427c6b5e290971931,SRCPD_d7d698ccddef2e8a3935,组成指标,硝化纤维素硝化度,,parsed,False,,非密-危险特性汇总表.docx,41,accepted,≥210ml／g,≥210ml／g,,210.0,,,ml/g,min,,,硝化纤维素硝化度,硝化纤维素硝化度,[],False,硝化纤维素硝化度≥210ml／g,property,MaterialProperty
PROPPD_43927826c0d352f165db,MATPD_701427c6b5e290971931,SRCPD_d7d698ccddef2e8a3935,标准,采用标准,GJB558A—97,raw_only,False,,非密-危险特性汇总表.docx,41,accepted,,,,,,,,,,,,,,,,,
PROPPD_f6e0b3ba35d07aea2c43,MATPD_701427c6b5e290971931,SRCPD_d7d698ccddef2e8a3935,药型尺寸,平均燃烧层厚度,平均燃烧层厚度1.45—1.55mm,parsed,False,,非密-危险特性汇总表.docx,41,accepted,1.45—1.55mm,1.45—1.55mm,,1.45,1.55,,mm,range,,{},,,,,,,
PROPPD_3c27721b6109abb57e5a,MATPD_701427c6b5e290971931,SRCPD_d7d698ccddef2e8a3935,药型尺寸,平均孔径,平均孔径0.30—0.60mm,parsed,False,,非密-危险特性汇总表.docx,41,accepted,0.30—0.60mm,0.30—0.60mm,,0.3,0.6,,mm,range,,{},,,,,,,
PROPPD_dd0accb9a3f0f9791753,MATPD_701427c6b5e290971931,SRCPD_d7d698ccddef2e8a3935,药型尺寸,平均长度,平均长度10.0—15.0mm,parsed,False,,非密-危险特性汇总表.docx,41,accepted,10.0—15.0mm,10.0—15.0mm,,10.0,15.0,,mm,range,,{},,,,,,,
PROPPD_57ce609f8fcc2d9a47f5,MATPD_701427c6b5e290971931,SRCPD_d7d698ccddef2e8a3935,性能,性能说明,具有高能量、低烧蚀、高增面性燃烧的特性,raw_only,False,,非密-危险特性汇总表.docx,41,accepted,具有高能量、低烧蚀、高增面性燃烧的特性,具有高能量、低烧蚀、高增面性燃烧的特性,,,,,,,,{},,,,,,,
PROPPD_a7516dc372c4cec31a7a,MATPD_4eb85b1bc29801988e8f,SRCPD_1775d808d1b1d66284c4,组成指标,总挥,,parsed,False,,非密-危险特性汇总表.docx,42,accepted,≤5.2,≤5.2,,,5.2,,%,max,,,总挥,总挥,[],False,总挥≤5.2,property,MaterialProperty
PROPPD_fdd27efdb3714520ef18,MATPD_4eb85b1bc29801988e8f,SRCPD_1775d808d1b1d66284c4,组成指标,外挥,,parsed,False,,非密-危险特性汇总表.docx,42,accepted,1.0—1.8,1.0—1.8,,1.0,1.8,,%,range,,,外挥,外挥,[],False,外挥1.0—1.8,property,MaterialProperty
PROPPD_97ad2eb25e79eab3368c,MATPD_4eb85b1bc29801988e8f,SRCPD_1775d808d1b1d66284c4,组成指标,内挥,,parsed,False,,非密-危险特性汇总表.docx,42,accepted,≥1.3,≥1.3,,1.3,,,%,min,,,内挥,内挥,[],False,内挥≥1.3,property,MaterialProperty
PROPPD_8aa458828c58a342a15a,MATPD_4eb85b1bc29801988e8f,SRCPD_1775d808d1b1d66284c4,标准,采用标准,GJB558A—97,raw_only,False,,非密-危险特性汇总表.docx,42,accepted,,,,,,,,,,,,,,,,,
PROPPD_f0a7e7bdc648e455ebc6,MATPD_4eb85b1bc29801988e8f,SRCPD_1775d808d1b1d66284c4,药型尺寸,平均燃烧层厚度,平均燃烧层厚度1.45—1.65mm,parsed,False,,非密-危险特性汇总表.docx,42,accepted,1.45—1.65mm,1.45—1.65mm,,1.45,1.65,,mm,range,,{},,,,,,,
PROPPD_5eb5723c9c7f704a1385,MATPD_4eb85b1bc29801988e8f,SRCPD_1775d808d1b1d66284c4,药型尺寸,平均孔径,平均孔径0.60—0.80mm,parsed,False,,非密-危险特性汇总表.docx,42,accepted,0.60—0.80mm,0.60—0.80mm,,0.6,0.8,,mm,range,,{},,,,,,,
PROPPD_6e3e41848dbf88613e73,MATPD_4eb85b1bc29801988e8f,SRCPD_1775d808d1b1d66284c4,药型尺寸,平均长度,平均长度16.0—18.0mm,parsed,False,,非密-危险特性汇总表.docx,42,accepted,16.0—18.0mm,16.0—18.0mm,,16.0,18.0,,mm,range,,{},,,,,,,
PROPPD_c6c84a49e4e8e88660bf,MATPD_4eb85b1bc29801988e8f,SRCPD_1775d808d1b1d66284c4,性能,性能说明,具有高增面性燃烧的特性,raw_only,False,,非密-危险特性汇总表.docx,42,accepted,具有高增面性燃烧的特性,具有高增面性燃烧的特性,,,,,,,,{},,,,,,,
PROPPD_5144ece65d8d721024b4,MATPD_467e6bed71f41007bc58,SRCPD_d213d8a3670527e05a53,组成指标,总挥,,parsed,False,,非密-危险特性汇总表.docx,43,accepted,1.8,1.8,1.8,,,,%,exact,,,总挥,总挥,[],False,总挥1.8,property,MaterialProperty
PROPPD_79dd612f97d1b0e3cdc4,MATPD_467e6bed71f41007bc58,SRCPD_d213d8a3670527e05a53,组成指标,外挥,,parsed,False,,非密-危险特性汇总表.docx,43,accepted,1.0—1.6,1.0—1.6,,1.0,1.6,,%,range,,,外挥,外挥,[],False,外挥1.0—1.6,property,MaterialProperty
PROPPD_aaac4a7483116c71b0d3,MATPD_467e6bed71f41007bc58,SRCPD_d213d8a3670527e05a53,组成指标,内挥,,parsed,False,,非密-危险特性汇总表.docx,43,accepted,≥0.2,≥0.2,,0.2,,,%,min,,,内挥,内挥,[],False,内挥≥0.2,property,MaterialProperty
PROPPD_5498d320141907c4923e,MATPD_467e6bed71f41007bc58,SRCPD_d213d8a3670527e05a53,组成指标,硝化纤维素硝化度,,parsed,False,,非密-危险特性汇总表.docx,43,accepted,≥204—207.5ml／g,≥204—207.5ml／g,,204.0,207.5,,ml/g,range,,,硝化纤维素硝化度,硝化纤维素硝化度,[],False,硝化纤维素硝化度≥204—207.5ml／g,property,MaterialProperty
PROPPD_b47ee57e9a275dabb6f6,MATPD_467e6bed71f41007bc58,SRCPD_d213d8a3670527e05a53,安定性,维也里试验温度,106.5℃维也里试验,parsed,False,,非密-危险特性汇总表.docx,43,accepted,106.5℃,106.5℃,106.5,,,,℃,exact,,{},,,,,,,
PROPPD_752462f480d1af344e4e,MATPD_467e6bed71f41007bc58,SRCPD_d213d8a3670527e05a53,安定性,普通法持续时间,普通法≥7h,parsed,False,,非密-危险特性汇总表.docx,43,accepted,≥7h,≥7h,,7.0,,,h,min,,{},,,,,,,
PROPPD_4cbfdeda2b45d6716891,MATPD_467e6bed71f41007bc58,SRCPD_d213d8a3670527e05a53,安定性,重复法持续时间,重复法≥50h,parsed,False,,非密-危险特性汇总表.docx,43,accepted,≥50h,≥50h,,50.0,,,h,min,,{},,,,,,,
PROPPD_b4a77f145241b8fccee0,MATPD_467e6bed71f41007bc58,SRCPD_d213d8a3670527e05a53,安定性,安定性原文,106.5℃维也里试验，普通法≥7h，重复法≥50h,raw_only,False,,非密-危险特性汇总表.docx,43,accepted,106.5℃维也里试验，普通法≥7h，重复法≥50h,106.5℃维也里试验，普通法≥7h，重复法≥50h,,,,,,,,{},,,,,,,
PROPPD_7fea8f17add4d18b5ddf,MATPD_467e6bed71f41007bc58,SRCPD_d213d8a3670527e05a53,药型尺寸,平均燃烧层厚度,平均燃烧层厚度0.27—0.37mm,parsed,False,,非密-危险特性汇总表.docx,43,accepted,0.27—0.37mm,0.27—0.37mm,,0.27,0.37,,mm,range,,{},,,,,,,
PROPPD_bd9b4c53e2f34337e591,MATPD_467e6bed71f41007bc58,SRCPD_d213d8a3670527e05a53,药型尺寸,平均孔径,平均孔径0.10—0.20mm,parsed,False,,非密-危险特性汇总表.docx,43,accepted,0.10—0.20mm,0.10—0.20mm,,0.1,0.2,,mm,range,,{},,,,,,,
PROPPD_10cc5b1948ea798b5836,MATPD_467e6bed71f41007bc58,SRCPD_d213d8a3670527e05a53,药型尺寸,平均长度,平均长度≤1.3mm,parsed,False,,非密-危险特性汇总表.docx,43,accepted,≤1.3mm,≤1.3mm,,,1.3,,mm,max,,{},,,,,,,
PROPPD_103bfbc81595551ee80a,MATPD_467e6bed71f41007bc58,SRCPD_d213d8a3670527e05a53,性能,爆热,爆热=3213KJ／kg,parsed,False,,非密-危险特性汇总表.docx,43,accepted,3213KJ／kg,3213KJ／kg,3213.0,,,,kJ/kg,exact,,{},,,,,,,
PROPPD_0895d0c408f7fe10cc2d,MATPD_467e6bed71f41007bc58,SRCPD_d213d8a3670527e05a53,性能,火药力,火药力=582KJ／kg,parsed,False,,非密-危险特性汇总表.docx,43,accepted,582KJ／kg,582KJ／kg,582.0,,,,kJ/kg,exact,,{},,,,,,,
PROPPD_ce23b482c04f2a587a5b,MATPD_821b02356346067fcc54,SRCPD_c1ec7956c70bd6c6d14d,性能,爆热,爆热=3655KJ／kg,parsed,False,,非密-危险特性汇总表.docx,44,accepted,3655KJ／kg,3655KJ／kg,3655.0,,,,kJ/kg,exact,,{},,,,,,,
PROPPD_8c20164b49280d08171f,MATPD_821b02356346067fcc54,SRCPD_c1ec7956c70bd6c6d14d,性能,火药力,火药力=1061KJ／kg,parsed,False,,非密-危险特性汇总表.docx,44,accepted,1061KJ／kg,1061KJ／kg,1061.0,,,,kJ/kg,exact,,{},,,,,,,
PROPPD_d7ddf625162eb5fbdef9,MATPD_5358d6529850ea0ed837,SRCPD_9c842fcad4fab68d115d,组成指标,硝化纤维素硝化度,,parsed,False,,非密-危险特性汇总表.docx,45,accepted,≥206—207.5ml／g,≥206—207.5ml／g,,206.0,207.5,,ml/g,range,,,硝化纤维素硝化度,硝化纤维素硝化度,[],False,硝化纤维素硝化度≥206—207.5ml／g,property,MaterialProperty
PROPPD_11edfc8091810a5b4d8d,MATPD_5358d6529850ea0ed837,SRCPD_9c842fcad4fab68d115d,标准,采用标准,GJB558A—97,raw_only,False,,非密-危险特性汇总表.docx,45,accepted,,,,,,,,,,,,,,,,,
PROPPD_94ec6fd6fe386eb531bf,MATPD_5358d6529850ea0ed837,SRCPD_9c842fcad4fab68d115d,安定性,维也里试验温度,106.5℃维也里试验,parsed,False,,非密-危险特性汇总表.docx,45,accepted,106.5℃,106.5℃,106.5,,,,℃,exact,,{},,,,,,,
PROPPD_7daa62f711f57e048f52,MATPD_5358d6529850ea0ed837,SRCPD_9c842fcad4fab68d115d,安定性,普通法持续时间,普通法≥7h,parsed,False,,非密-危险特性汇总表.docx,45,accepted,≥7h,≥7h,,7.0,,,h,min,,{},,,,,,,
PROPPD_08e16c068ee93a661344,MATPD_5358d6529850ea0ed837,SRCPD_9c842fcad4fab68d115d,安定性,重复法持续时间,重复法≥60h,parsed,False,,非密-危险特性汇总表.docx,45,accepted,≥60h,≥60h,,60.0,,,h,min,,{},,,,,,,
PROPPD_a76ef2c060be15f7e327,MATPD_5358d6529850ea0ed837,SRCPD_9c842fcad4fab68d115d,安定性,安定性原文,106.5℃维也里试验，普通法≥7h，重复法≥60h,raw_only,False,,非密-危险特性汇总表.docx,45,accepted,106.5℃维也里试验，普通法≥7h，重复法≥60h,106.5℃维也里试验，普通法≥7h，重复法≥60h,,,,,,,,{},,,,,,,
PROPPD_f6bd9f7b6f76d7d7b489,MATPD_5358d6529850ea0ed837,SRCPD_9c842fcad4fab68d115d,药型尺寸,平均燃烧层厚度,平均燃烧层厚度1.1±0.1mm,parsed,False,,非密-危险特性汇总表.docx,45,accepted,1.1±0.1mm,1.1±0.1mm,1.1,,,0.1,mm,nominal_tolerance,,{},,,,,,,
PROPPD_d7c5781b2cce26f0c78d,MATPD_5358d6529850ea0ed837,SRCPD_9c842fcad4fab68d115d,药型尺寸,平均孔径,平均孔径1.7±0.1mm,parsed,False,,非密-危险特性汇总表.docx,45,accepted,1.7±0.1mm,1.7±0.1mm,1.7,,,0.1,mm,nominal_tolerance,,{},,,,,,,
PROPPD_241dd4a4aaa078a03ccf,MATPD_5358d6529850ea0ed837,SRCPD_9c842fcad4fab68d115d,药型尺寸,平均长度,平均长度305.5—8mm,pending_review,True,descending_range_possible_tolerance,非密-危险特性汇总表.docx,45,pending_review,305.5—8mm,305.5—8mm,305.5,,,8.0,mm,source_dash_possible_tolerance,,{},,,,,,,
PROPPD_ad8b83972cb6bf02558d,MATPD_5358d6529850ea0ed837,SRCPD_9c842fcad4fab68d115d,性能,爆热,爆热=3019KJ／kg,parsed,False,,非密-危险特性汇总表.docx,45,accepted,3019KJ／kg,3019KJ／kg,3019.0,,,,kJ/kg,exact,,{},,,,,,,
PROPPD_ffc8f9cff5768516dbdb,MATPD_5358d6529850ea0ed837,SRCPD_9c842fcad4fab68d115d,性能,火药力,火药力=925KJ／kg,parsed,False,,非密-危险特性汇总表.docx,45,accepted,925KJ／kg,925KJ／kg,925.0,,,,kJ/kg,exact,,{},,,,,,,
PROPPD_d46d6908edfe9583ca9b,MATPD_d7a3d43fbc59e1a1f9ae,SRCPD_ad4246756c5f644204c5,标准,采用标准,Q／HE2—128—1999,raw_only,False,,非密-危险特性汇总表.docx,46,accepted,,,,,,,,,,,,,,,,,
PROPPD_2f6f4abd3b167da72328,MATPD_d7a3d43fbc59e1a1f9ae,SRCPD_ad4246756c5f644204c5,安定性,维也里试验温度,106.5℃维也里试验,parsed,False,,非密-危险特性汇总表.docx,46,accepted,106.5℃,106.5℃,106.5,,,,℃,exact,,{},,,,,,,
PROPPD_7616e60270b73c255203,MATPD_d7a3d43fbc59e1a1f9ae,SRCPD_ad4246756c5f644204c5,安定性,普通法持续时间,普通法≥7h,parsed,False,,非密-危险特性汇总表.docx,46,accepted,≥7h,≥7h,,7.0,,,h,min,,{},,,,,,,
PROPPD_ff714a78249f2a8fb133,MATPD_d7a3d43fbc59e1a1f9ae,SRCPD_ad4246756c5f644204c5,安定性,重复法持续时间,重复法≥60h,parsed,False,,非密-危险特性汇总表.docx,46,accepted,≥60h,≥60h,,60.0,,,h,min,,{},,,,,,,
PROPPD_b5f9a7b2d106853efd5a,MATPD_d7a3d43fbc59e1a1f9ae,SRCPD_ad4246756c5f644204c5,安定性,安定性原文,106.5℃维也里试验，普通法≥7h，重复法≥60h,raw_only,False,,非密-危险特性汇总表.docx,46,accepted,106.5℃维也里试验，普通法≥7h，重复法≥60h,106.5℃维也里试验，普通法≥7h，重复法≥60h,,,,,,,,{},,,,,,,
PROPPD_ec9a60d181d7345bfabc,MATPD_d7a3d43fbc59e1a1f9ae,SRCPD_ad4246756c5f644204c5,药型尺寸,平均燃烧层厚度,平均燃烧层厚度0.75—0.95mm,parsed,False,,非密-危险特性汇总表.docx,46,accepted,0.75—0.95mm,0.75—0.95mm,,0.75,0.95,,mm,range,,{},,,,,,,
PROPPD_aba74cfa62cb5333d3a1,MATPD_d7a3d43fbc59e1a1f9ae,SRCPD_ad4246756c5f644204c5,药型尺寸,平均孔径,平均孔径0.20—0.40mm,parsed,False,,非密-危险特性汇总表.docx,46,accepted,0.20—0.40mm,0.20—0.40mm,,0.2,0.4,,mm,range,,{},,,,,,,
PROPPD_653459ab0ec2fb2a861c,MATPD_d7a3d43fbc59e1a1f9ae,SRCPD_ad4246756c5f644204c5,药型尺寸,平均长度,平均长度2.5—3.5mm,parsed,False,,非密-危险特性汇总表.docx,46,accepted,2.5—3.5mm,2.5—3.5mm,,2.5,3.5,,mm,range,,{},,,,,,,
PROPPD_5160756284dfd730e630,MATPD_d7a3d43fbc59e1a1f9ae,SRCPD_ad4246756c5f644204c5,性能,爆热,爆热=2856KJ／kg,parsed,False,,非密-危险特性汇总表.docx,46,accepted,2856KJ／kg,2856KJ／kg,2856.0,,,,kJ/kg,exact,,{},,,,,,,
PROPPD_5830437be5f5fa0259cf,MATPD_d7a3d43fbc59e1a1f9ae,SRCPD_ad4246756c5f644204c5,性能,火药力,火药力=879KJ／kg,parsed,False,,非密-危险特性汇总表.docx,46,accepted,879KJ／kg,879KJ／kg,879.0,,,,kJ/kg,exact,,{},,,,,,,
PROPPD_d99df9de7dde64cef0e6,MATPD_942fcbdcaa2e977c7010,SRCPD_c1248c106a8c1a53ee9c,性能,爆热,爆热=3194—3782KJ／kg,parsed,False,,非密-危险特性汇总表.docx,47,accepted,3194—3782KJ／kg,3194—3782KJ／kg,,3194.0,3782.0,,kJ/kg,range,,{},,,,,,,
PROPPD_90be71518dd015713cfb,MATPD_942fcbdcaa2e977c7010,SRCPD_c1248c106a8c1a53ee9c,性能,火药力,火药力=1000—1026KJ／kg,parsed,False,,非密-危险特性汇总表.docx,47,accepted,1000—1026KJ／kg,1000—1026KJ／kg,,1000.0,1026.0,,kJ/kg,range,,{},,,,,,,
PROPPD_2a0fa18b39812c67e0c7,MATPD_48a01250595973ebf3a8,SRCPD_09e567f64afc3022d4d0,性能,爆热,爆热=3640KJ／kg,parsed,False,,非密-危险特性汇总表.docx,48,accepted,3640KJ／kg,3640KJ／kg,3640.0,,,,kJ/kg,exact,,{},,,,,,,
PROPPD_9d612ec63e9199d71e23,MATPD_48a01250595973ebf3a8,SRCPD_09e567f64afc3022d4d0,性能,火药力,火药力1013=KJ／kg,parsed,False,,非密-危险特性汇总表.docx,48,accepted,1013=KJ／kg,1013=KJ／kg,1013.0,,,,kJ/kg,exact,,{},,,,,,,
PROPPD_9f570af6c369d8d93ff3,MATPD_0e9f1a5e3e0613c85413,SRCPD_88b2e71fed4c28fc37f4,组成指标,灰分,,parsed,False,,非密-危险特性汇总表.docx,49,accepted,≤0.4,≤0.4,,,0.4,,%,max,,,灰分,灰分,[],False,灰分≤0.4,property,MaterialProperty
PROPPD_1456452a22a3b1684784,MATPD_0e9f1a5e3e0613c85413,SRCPD_88b2e71fed4c28fc37f4,性能,爆热,爆热=3840KJ／kg,parsed,False,,非密-危险特性汇总表.docx,49,accepted,3840KJ／kg,3840KJ／kg,3840.0,,,,kJ/kg,exact,,{},,,,,,,
PROPPD_c84922eeb34fb59ecbd8,MATPD_0e9f1a5e3e0613c85413,SRCPD_88b2e71fed4c28fc37f4,性能,火药力,火药力=1025KJ／kg,parsed,False,,非密-危险特性汇总表.docx,49,accepted,1025KJ／kg,1025KJ／kg,1025.0,,,,kJ/kg,exact,,{},,,,,,,
PROPPD_dc3051ad30d2241f6e4f,MATPD_ab893dfa85d11364207f,SRCPD_cfd286d19b162b98f5f5,组成指标,灰分,,parsed,False,,非密-危险特性汇总表.docx,50,accepted,≤0.4,≤0.4,,,0.4,,%,max,,,灰分,灰分,[],False,灰分≤0.4,property,MaterialProperty
PROPPD_6533d76019e5b9961662,MATPD_ab893dfa85d11364207f,SRCPD_cfd286d19b162b98f5f5,性能,爆热,爆热=3840KJ／kg,parsed,False,,非密-危险特性汇总表.docx,50,accepted,3840KJ／kg,3840KJ／kg,3840.0,,,,kJ/kg,exact,,{},,,,,,,
PROPPD_1df0ef82116b75f27e4c,MATPD_ab893dfa85d11364207f,SRCPD_cfd286d19b162b98f5f5,性能,火药力,火药力=1025KJ／kg,parsed,False,,非密-危险特性汇总表.docx,50,accepted,1025KJ／kg,1025KJ／kg,1025.0,,,,kJ/kg,exact,,{},,,,,,,
PROPPD_e7bc2c10ef63042d91a3,MATPD_599fefcfa0d412fad19c,SRCPD_4508750f54ab5d116059,组成指标,内挥,,parsed,False,,非密-危险特性汇总表.docx,51,accepted,≥0.7,≥0.7,,0.7,,,%,min,,,内挥,内挥,[],False,内挥≥0.7,property,MaterialProperty
PROPPD_389b929d0a56fac0f433,MATPD_599fefcfa0d412fad19c,SRCPD_4508750f54ab5d116059,组成指标,外挥,,parsed,False,,非密-危险特性汇总表.docx,51,accepted,1.0—2.0,1.0—2.0,,1.0,2.0,,%,range,,,外挥,外挥,[],False,外挥1.0—2.0,property,MaterialProperty
PROPPD_432f590485a72f414345,MATPD_599fefcfa0d412fad19c,SRCPD_4508750f54ab5d116059,组成指标,总挥,,parsed,False,,非密-危险特性汇总表.docx,51,accepted,≤3.8,≤3.8,,,3.8,,%,max,,,总挥,总挥,[],False,总挥≤3.8,property,MaterialProperty
PROPPD_e1bf4d66be9bc4b2d2ce,MATPD_599fefcfa0d412fad19c,SRCPD_4508750f54ab5d116059,标准,采用标准,Q／HE2—41—1987,raw_only,False,,非密-危险特性汇总表.docx,51,accepted,,,,,,,,,,,,,,,,,
PROPPD_206e02ad633e00824f09,MATPD_599fefcfa0d412fad19c,SRCPD_4508750f54ab5d116059,安定性,维也里试验温度,106.5℃维也里试验,parsed,False,,非密-危险特性汇总表.docx,51,accepted,106.5℃,106.5℃,106.5,,,,℃,exact,,{},,,,,,,
PROPPD_e43072e4dbd41ff3344d,MATPD_599fefcfa0d412fad19c,SRCPD_4508750f54ab5d116059,安定性,普通法持续时间,普通法≥7h,parsed,False,,非密-危险特性汇总表.docx,51,accepted,≥7h,≥7h,,7.0,,,h,min,,{},,,,,,,
PROPPD_440931c75337e9c741d2,MATPD_599fefcfa0d412fad19c,SRCPD_4508750f54ab5d116059,安定性,重复法持续时间,重复法≥60h,parsed,False,,非密-危险特性汇总表.docx,51,accepted,≥60h,≥60h,,60.0,,,h,min,,{},,,,,,,
PROPPD_912a17727cd02960fdde,MATPD_599fefcfa0d412fad19c,SRCPD_4508750f54ab5d116059,安定性,安定性原文,106.5℃维也里试验，普通法≥7h，重复法≥60h,raw_only,False,,非密-危险特性汇总表.docx,51,accepted,106.5℃维也里试验，普通法≥7h，重复法≥60h,106.5℃维也里试验，普通法≥7h，重复法≥60h,,,,,,,,{},,,,,,,
PROPPD_1f7e353762808f991cd4,MATPD_599fefcfa0d412fad19c,SRCPD_4508750f54ab5d116059,药型尺寸,平均燃烧层厚度,平均燃烧层厚度0.45—0.60mm,parsed,False,,非密-危险特性汇总表.docx,51,accepted,0.45—0.60mm,0.45—0.60mm,,0.45,0.6,,mm,range,,{},,,,,,,
PROPPD_a85f92513b42c19994b6,MATPD_599fefcfa0d412fad19c,SRCPD_4508750f54ab5d116059,药型尺寸,平均孔径,平均孔径0.13—0.23mm,parsed,False,,非密-危险特性汇总表.docx,51,accepted,0.13—0.23mm,0.13—0.23mm,,0.13,0.23,,mm,range,,{},,,,,,,
PROPPD_702ef86de7af12017cee,MATPD_599fefcfa0d412fad19c,SRCPD_4508750f54ab5d116059,药型尺寸,平均长度,平均长度2.8—3.9mm,parsed,False,,非密-危险特性汇总表.docx,51,accepted,2.8—3.9mm,2.8—3.9mm,,2.8,3.9,,mm,range,,{},,,,,,,
PROPPD_c6f153e06f470e9e197f,MATPD_599fefcfa0d412fad19c,SRCPD_4508750f54ab5d116059,性能,性能说明,具有增面性燃烧的特性,raw_only,False,,非密-危险特性汇总表.docx,51,accepted,具有增面性燃烧的特性,具有增面性燃烧的特性,,,,,,,,{},,,,,,,
PROPPD_0fc91aca34b5cedf9669,MATPD_ebd370d1bba08751bdcd,SRCPD_47416fa610b7f4afbef9,性能,爆热,爆热=3760KJ／kg,parsed,False,,非密-危险特性汇总表.docx,52,accepted,3760KJ／kg,3760KJ／kg,3760.0,,,,kJ/kg,exact,,{},,,,,,,
PROPPD_031d04cc7c4ae87b110d,MATPD_ebd370d1bba08751bdcd,SRCPD_47416fa610b7f4afbef9,性能,火药力,火药力=1030KJ／kg,parsed,False,,非密-危险特性汇总表.docx,52,accepted,1030KJ／kg,1030KJ／kg,1030.0,,,,kJ/kg,exact,,{},,,,,,,
PROPPD_59b999d3d24b86add9d3,MATPD_e0cd2d66ca0360cc6a2b,SRCPD_8e27d133a7b54e4c9bfa,组成指标,内挥,,parsed,False,,非密-危险特性汇总表.docx,53,accepted,≥0.5,≥0.5,,0.5,,,%,min,,,内挥,内挥,[],False,内挥≥0.5,property,MaterialProperty
PROPPD_abe38159e10dbc1e0826,MATPD_e0cd2d66ca0360cc6a2b,SRCPD_8e27d133a7b54e4c9bfa,组成指标,外挥,,parsed,False,,非密-危险特性汇总表.docx,53,accepted,1.0—1.8,1.0—1.8,,1.0,1.8,,%,range,,,外挥,外挥,[],False,外挥1.0—1.8,property,MaterialProperty
PROPPD_43665adcf063dbb33f04,MATPD_e0cd2d66ca0360cc6a2b,SRCPD_8e27d133a7b54e4c9bfa,组成指标,总挥,,parsed,False,,非密-危险特性汇总表.docx,53,accepted,≤3.7,≤3.7,,,3.7,,%,max,,,总挥,总挥,[],False,总挥≤3.7,property,MaterialProperty
PROPPD_74c970ea9277a6048bd7,MATPD_e0cd2d66ca0360cc6a2b,SRCPD_8e27d133a7b54e4c9bfa,标准,采用标准,Q／HE2—83—1988,raw_only,False,,非密-危险特性汇总表.docx,53,accepted,,,,,,,,,,,,,,,,,
PROPPD_5d5c74a2044de5ed3e36,MATPD_e0cd2d66ca0360cc6a2b,SRCPD_8e27d133a7b54e4c9bfa,安定性,维也里试验温度,106.5℃维也里试验,parsed,False,,非密-危险特性汇总表.docx,53,accepted,106.5℃,106.5℃,106.5,,,,℃,exact,,{},,,,,,,
PROPPD_7b751f37c93c57a7eaa4,MATPD_e0cd2d66ca0360cc6a2b,SRCPD_8e27d133a7b54e4c9bfa,安定性,普通法持续时间,普通法≥7h,parsed,False,,非密-危险特性汇总表.docx,53,accepted,≥7h,≥7h,,7.0,,,h,min,,{},,,,,,,
PROPPD_b0372342eba9d9554285,MATPD_e0cd2d66ca0360cc6a2b,SRCPD_8e27d133a7b54e4c9bfa,安定性,重复法持续时间,重复法≥60h,parsed,False,,非密-危险特性汇总表.docx,53,accepted,≥60h,≥60h,,60.0,,,h,min,,{},,,,,,,
PROPPD_34f75de41661c93ef388,MATPD_e0cd2d66ca0360cc6a2b,SRCPD_8e27d133a7b54e4c9bfa,安定性,安定性原文,106.5℃维也里试验，普通法≥7h，重复法≥60h,raw_only,False,,非密-危险特性汇总表.docx,53,accepted,106.5℃维也里试验，普通法≥7h，重复法≥60h,106.5℃维也里试验，普通法≥7h，重复法≥60h,,,,,,,,{},,,,,,,
PROPPD_01fd568bbc8a8c0bd1f2,MATPD_e0cd2d66ca0360cc6a2b,SRCPD_8e27d133a7b54e4c9bfa,药型尺寸,平均燃烧层厚度,平均燃烧层厚度0.28—0.36mm,parsed,False,,非密-危险特性汇总表.docx,53,accepted,0.28—0.36mm,0.28—0.36mm,,0.28,0.36,,mm,range,,{},,,,,,,
PROPPD_78a489dd1ed71b7e132e,MATPD_e0cd2d66ca0360cc6a2b,SRCPD_8e27d133a7b54e4c9bfa,药型尺寸,平均孔径,平均孔径0.10—0.25mm,parsed,False,,非密-危险特性汇总表.docx,53,accepted,0.10—0.25mm,0.10—0.25mm,,0.1,0.25,,mm,range,,{},,,,,,,
PROPPD_a610e48e99adefdcbb96,MATPD_e0cd2d66ca0360cc6a2b,SRCPD_8e27d133a7b54e4c9bfa,药型尺寸,平均长度,平均长度1.6—2.1mm,parsed,False,,非密-危险特性汇总表.docx,53,accepted,1.6—2.1mm,1.6—2.1mm,,1.6,2.1,,mm,range,,{},,,,,,,
PROPPD_135a3e6c7e4bd1e2f2d0,MATPD_e0cd2d66ca0360cc6a2b,SRCPD_8e27d133a7b54e4c9bfa,性能,性能说明,含有树脂成分的消焰剂；具有增面燃烧特性,raw_only,False,,非密-危险特性汇总表.docx,53,accepted,含有树脂成分的消焰剂；具有增面燃烧特性,含有树脂成分的消焰剂；具有增面燃烧特性,,,,,,,,{},,,,,,,
PROPPD_053578b8552716ca9167,MATPD_5c00794505b5069d6305,SRCPD_c427701ff2469cb3e8ba,性能,爆热,爆热=3019KJ／kg,parsed,False,,非密-危险特性汇总表.docx,54,accepted,3019KJ／kg,3019KJ／kg,3019.0,,,,kJ/kg,exact,,{},,,,,,,
PROPPD_1d306f34e579812ad1c2,MATPD_5c00794505b5069d6305,SRCPD_c427701ff2469cb3e8ba,性能,火药力,火药力=925KJ／kg,parsed,False,,非密-危险特性汇总表.docx,54,accepted,925KJ／kg,925KJ／kg,925.0,,,,kJ/kg,exact,,{},,,,,,,
PROPPD_40a42d36e24ee2070c84,MATPD_905f2367b5e34eeb3ac0,SRCPD_7771eb29b608372c26f7,组成指标,水分,,parsed,False,,非密-危险特性汇总表.docx,55,accepted,0.60±0.20,0.60±0.20,0.6,,,0.2,%,nominal_tolerance,,,水分,水分,[],False,水分0.60±0.20,property,MaterialProperty
PROPPD_251ac31c8eff1f258c54,MATPD_905f2367b5e34eeb3ac0,SRCPD_7771eb29b608372c26f7,组成指标,残溶,,parsed,False,,非密-危险特性汇总表.docx,55,accepted,1.54,1.54,1.54,,,,%,exact,,,残溶,残溶,[],False,残溶1.54,property,MaterialProperty
PROPPD_66c86308a8349130aba4,MATPD_905f2367b5e34eeb3ac0,SRCPD_7771eb29b608372c26f7,标准,采用标准,GJB558A—97,raw_only,False,,非密-危险特性汇总表.docx,55,accepted,,,,,,,,,,,,,,,,,
PROPPD_b97437582a2d818bf4fb,MATPD_905f2367b5e34eeb3ac0,SRCPD_7771eb29b608372c26f7,药型尺寸,平均燃烧层厚度,平均燃烧层厚度≈0.85mm,parsed,False,,非密-危险特性汇总表.docx,55,accepted,0.85mm,0.85mm,0.85,,,,mm,exact,,{},,,,,,,
PROPPD_90481d498806a0c3a770,MATPD_905f2367b5e34eeb3ac0,SRCPD_7771eb29b608372c26f7,药型尺寸,平均直径,平均直径≈7.2mm,parsed,False,,非密-危险特性汇总表.docx,55,accepted,7.2mm,7.2mm,7.2,,,,mm,exact,,{},,,,,,,
PROPPD_79bfdf525ba440377901,MATPD_905f2367b5e34eeb3ac0,SRCPD_7771eb29b608372c26f7,药型尺寸,平均长度,平均长度≈18mm,parsed,False,,非密-危险特性汇总表.docx,55,accepted,18mm,18mm,18.0,,,,mm,exact,,{},,,,,,,
PROPPD_fc52bde42b8ad68e96aa,MATPD_905f2367b5e34eeb3ac0,SRCPD_7771eb29b608372c26f7,药型尺寸,外径,外径／,raw_only,False,,非密-危险特性汇总表.docx,55,accepted,／,／,,,,,,,,{},,,,,,,
PROPPD_883c1fdb6466782a5e09,MATPD_905f2367b5e34eeb3ac0,SRCPD_7771eb29b608372c26f7,药型尺寸,孔径,孔径8—10,parsed,False,,非密-危险特性汇总表.docx,55,accepted,8—10,8—10,,8.0,10.0,,,range,,{},,,,,,,
PROPPD_8c04c9bc5227a4482392,MATPD_905f2367b5e34eeb3ac0,SRCPD_7771eb29b608372c26f7,性能,爆热,爆热=3388KJ／kg,parsed,False,,非密-危险特性汇总表.docx,55,accepted,3388KJ／kg,3388KJ／kg,3388.0,,,,kJ/kg,exact,,{},,,,,,,
PROPPD_c64e9f95495a0187c553,MATPD_905f2367b5e34eeb3ac0,SRCPD_7771eb29b608372c26f7,性能,火药力,火药力=1026KJ／kg,parsed,False,,非密-危险特性汇总表.docx,55,accepted,1026KJ／kg,1026KJ／kg,1026.0,,,,kJ/kg,exact,,{},,,,,,,
PROPPD_630087fa1c67aac5bbbf,MATPD_5057e373e6fa563091f0,SRCPD_764a21696e479de5dca4,性能,爆热,爆热=3656KJ／kg,parsed,False,,非密-危险特性汇总表.docx,56,accepted,3656KJ／kg,3656KJ／kg,3656.0,,,,kJ/kg,exact,,{},,,,,,,
PROPPD_64910f3133c43e92ef7a,MATPD_5057e373e6fa563091f0,SRCPD_764a21696e479de5dca4,性能,火药力,火药力=995KJ／kg,parsed,False,,非密-危险特性汇总表.docx,56,accepted,995KJ／kg,995KJ／kg,995.0,,,,kJ/kg,exact,,{},,,,,,,
PROPPD_f4a228cc08262d61693c,MATPD_a4600262163720a81ec4,SRCPD_e9b3f183f46799f481d0,组成指标,水分,,parsed,False,,非密-危险特性汇总表.docx,57,accepted,0.8±0.2,0.8±0.2,0.8,,,0.2,%,nominal_tolerance,,,水分,水分,[],False,水分0.8±0.2,property,MaterialProperty
PROPPD_81b0d34dacc8c290141b,MATPD_a4600262163720a81ec4,SRCPD_e9b3f183f46799f481d0,组成指标,总挥,,parsed,False,,非密-危险特性汇总表.docx,57,accepted,≤1.9,≤1.9,,,1.9,,%,max,,,总挥,总挥,[],False,总挥：≤1.9,property,MaterialProperty
PROPPD_b3b05a1eb026a3cfbabc,MATPD_a4600262163720a81ec4,SRCPD_e9b3f183f46799f481d0,组成指标,残溶,,parsed,False,,非密-危险特性汇总表.docx,57,accepted,≤0.9,≤0.9,,,0.9,,%,max,,,残溶,残溶,[],False,残溶≤0.9,property,MaterialProperty
PROPPD_4e75bb150350d6a8f8b2,MATPD_a4600262163720a81ec4,SRCPD_e9b3f183f46799f481d0,标准,采用标准,WMD616JT；WMD615JT,raw_only,False,,非密-危险特性汇总表.docx,57,accepted,,,,,,,,,,,,,,,,,
PROPPD_128ab2ffe6b3f8ef3a72,MATPD_a4600262163720a81ec4,SRCPD_e9b3f183f46799f481d0,药型尺寸,平均燃烧层厚度,平均燃烧层厚度0.45±0.06mm,parsed,False,,非密-危险特性汇总表.docx,57,accepted,0.45±0.06mm,0.45±0.06mm,0.45,,,0.06,mm,nominal_tolerance,,{},,,,,,,
PROPPD_a4b2480c1d3ae968c5dc,MATPD_a4600262163720a81ec4,SRCPD_e9b3f183f46799f481d0,药型尺寸,平均孔径,平均孔径0.40±0.05mm,parsed,False,,非密-危险特性汇总表.docx,57,accepted,0.40±0.05mm,0.40±0.05mm,0.4,,,0.05,mm,nominal_tolerance,,{},,,,,,,
PROPPD_cdfb9b7a7b7be842e9a9,MATPD_a4600262163720a81ec4,SRCPD_e9b3f183f46799f481d0,药型尺寸,平均长度,平均长度6.2±0.4mm,parsed,False,,非密-危险特性汇总表.docx,57,accepted,6.2±0.4mm,6.2±0.4mm,6.2,,,0.4,mm,nominal_tolerance,,{},,,,,,,
PROPPD_0bb5087242a42ea585bf,MATPD_a4600262163720a81ec4,SRCPD_e9b3f183f46799f481d0,性能,性能说明,具有增面性燃烧、低烧蚀的特性,raw_only,False,,非密-危险特性汇总表.docx,57,accepted,具有增面性燃烧、低烧蚀的特性,具有增面性燃烧、低烧蚀的特性,,,,,,,,{},,,,,,,
PROPPD_3f984930fad56a8e9f5a,MATPD_bc1ddb5d6882d3ef917f,SRCPD_d58fb6dabb8c766e3d68,组成指标,水分,,parsed,False,,非密-危险特性汇总表.docx,58,accepted,0.8±0.2,0.8±0.2,0.8,,,0.2,%,nominal_tolerance,,,水分,水分,[],False,水分0.8±0.2,property,MaterialProperty
PROPPD_df8da40281e6cffe8e46,MATPD_bc1ddb5d6882d3ef917f,SRCPD_d58fb6dabb8c766e3d68,组成指标,总挥,,parsed,False,,非密-危险特性汇总表.docx,58,accepted,≤2.4,≤2.4,,,2.4,,%,max,,,总挥,总挥,[],False,总挥：≤2.4,property,MaterialProperty
PROPPD_88e6afbe05e91a2f433f,MATPD_bc1ddb5d6882d3ef917f,SRCPD_d58fb6dabb8c766e3d68,组成指标,残溶,,parsed,False,,非密-危险特性汇总表.docx,58,accepted,≤1.4,≤1.4,,,1.4,,%,max,,,残溶,残溶,[],False,残溶≤1.4,property,MaterialProperty
PROPPD_5b002c20d73ecdbb68bc,MATPD_bc1ddb5d6882d3ef917f,SRCPD_d58fb6dabb8c766e3d68,标准,采用标准,WMD616JT；WMD615JT,raw_only,False,,非密-危险特性汇总表.docx,58,accepted,,,,,,,,,,,,,,,,,
PROPPD_5cad971e65bf283bc900,MATPD_bc1ddb5d6882d3ef917f,SRCPD_d58fb6dabb8c766e3d68,药型尺寸,平均燃烧层厚度,平均燃烧层厚度0.96±0.06mm,parsed,False,,非密-危险特性汇总表.docx,58,accepted,0.96±0.06mm,0.96±0.06mm,0.96,,,0.06,mm,nominal_tolerance,,{},,,,,,,
PROPPD_e0656da81d31d83a67ad,MATPD_bc1ddb5d6882d3ef917f,SRCPD_d58fb6dabb8c766e3d68,药型尺寸,平均孔径,平均孔径0.50±0.05mm,parsed,False,,非密-危险特性汇总表.docx,58,accepted,0.50±0.05mm,0.50±0.05mm,0.5,,,0.05,mm,nominal_tolerance,,{},,,,,,,
PROPPD_e1921704d4b16de0c750,MATPD_bc1ddb5d6882d3ef917f,SRCPD_d58fb6dabb8c766e3d68,药型尺寸,平均长度,平均长度11.0±1.0mm,parsed,False,,非密-危险特性汇总表.docx,58,accepted,11.0±1.0mm,11.0±1.0mm,11.0,,,1.0,mm,nominal_tolerance,,{},,,,,,,
PROPPD_488fce2b24b12f46b073,MATPD_bc1ddb5d6882d3ef917f,SRCPD_d58fb6dabb8c766e3d68,性能,性能说明,具有增面性燃烧、低烧蚀的特性,raw_only,False,,非密-危险特性汇总表.docx,58,accepted,具有增面性燃烧、低烧蚀的特性,具有增面性燃烧、低烧蚀的特性,,,,,,,,{},,,,,,,
PROPPD_d05248a3270b17e46588,MATPD_f92b23b03c0b66717694,SRCPD_94f511aa0103015a243e,标准,采用标准,WME101JT,raw_only,False,,非密-危险特性汇总表.docx,59,accepted,,,,,,,,,,,,,,,,,
PROPPD_2e0baea2f1fbdf495bc9,MATPD_f92b23b03c0b66717694,SRCPD_94f511aa0103015a243e,药型尺寸,平均燃烧层厚度,平均燃烧层厚度1.93±0.06mm,parsed,False,,非密-危险特性汇总表.docx,59,accepted,1.93±0.06mm,1.93±0.06mm,1.93,,,0.06,mm,nominal_tolerance,,{},,,,,,,
PROPPD_ed20232a8fd18c738abd,MATPD_f92b23b03c0b66717694,SRCPD_94f511aa0103015a243e,药型尺寸,平均孔径,平均孔径0.35±0.05mm,parsed,False,,非密-危险特性汇总表.docx,59,accepted,0.35±0.05mm,0.35±0.05mm,0.35,,,0.05,mm,nominal_tolerance,,{},,,,,,,
PROPPD_12a5d31352289a946424,MATPD_f92b23b03c0b66717694,SRCPD_94f511aa0103015a243e,药型尺寸,平均长度,平均长度13.5±0.5mm,parsed,False,,非密-危险特性汇总表.docx,59,accepted,13.5±0.5mm,13.5±0.5mm,13.5,,,0.5,mm,nominal_tolerance,,{},,,,,,,
PROPPD_1b0051d09443928bf388,MATPD_f92b23b03c0b66717694,SRCPD_94f511aa0103015a243e,性能,性能说明,具有增面性燃烧、低烧蚀的特性,raw_only,False,,非密-危险特性汇总表.docx,59,accepted,具有增面性燃烧、低烧蚀的特性,具有增面性燃烧、低烧蚀的特性,,,,,,,,{},,,,,,,
PROPPD_b68d8d35d6f063312c17,MATPD_ca42662d07ec5532b258,SRCPD_020c21ecc1126fca37af,性能,爆热,爆热=3600KJ／kg,parsed,False,,非密-危险特性汇总表.docx,60,accepted,3600KJ／kg,3600KJ／kg,3600.0,,,,kJ/kg,exact,,{},,,,,,,
PROPPD_46a886da00ff431f750a,MATPD_ca42662d07ec5532b258,SRCPD_020c21ecc1126fca37af,性能,火药力,火药力=965KJ／kg,parsed,False,,非密-危险特性汇总表.docx,60,accepted,965KJ／kg,965KJ／kg,965.0,,,,kJ/kg,exact,,{},,,,,,,
PROPPD_2d517b76d5d6d62462b7,MATPD_ce7262bcef8e0e98c2a6,SRCPD_ad92031dd10d66b945f3,性能,爆热,爆热=3789—3998KJ／kg,parsed,False,,非密-危险特性汇总表.docx,61,accepted,3789—3998KJ／kg,3789—3998KJ／kg,,3789.0,3998.0,,kJ/kg,range,,{},,,,,,,
PROPPD_c98df0ba0d1fc4a57a51,MATPD_cc5e6cad9ddc86605c50,SRCPD_0ba1b93427dd0b82217c,组成指标,灰分,,parsed,False,,非密-危险特性汇总表.docx,62,accepted,≤0.4,≤0.4,,,0.4,,%,max,,,灰分,灰分,[],False,灰分≤0.4,property,MaterialProperty
PROPPD_71528afb205a9b1180fa,MATPD_cc5e6cad9ddc86605c50,SRCPD_0ba1b93427dd0b82217c,性能,爆热,爆热=3960KJ／kg,parsed,False,,非密-危险特性汇总表.docx,62,accepted,3960KJ／kg,3960KJ／kg,3960.0,,,,kJ/kg,exact,,{},,,,,,,
PROPPD_9df2db8a66b71fc762df,MATPD_8f48eaaf0000a7059630,SRCPD_a5e533d7227550b3ecdd,性能,爆热,爆热=3462—4156KJ／kg,parsed,False,,非密-危险特性汇总表.docx,63,accepted,3462—4156KJ／kg,3462—4156KJ／kg,,3462.0,4156.0,,kJ/kg,range,,{},,,,,,,
PROPPD_880f7405946ff3ef997b,MATPD_8f48eaaf0000a7059630,SRCPD_a5e533d7227550b3ecdd,性能,火药力,火药力=973—1046KJ／kg,parsed,False,,非密-危险特性汇总表.docx,63,accepted,973—1046KJ／kg,973—1046KJ／kg,,973.0,1046.0,,kJ/kg,range,,{},,,,,,,
PROPPD_54e823d04a662723dc8e,MATPD_90bc67f1591f78014cf8,SRCPD_2b92e12ce4d251de0477,性能,爆热,爆热=3427KJ／kg,parsed,False,,非密-危险特性汇总表.docx,64,accepted,3427KJ／kg,3427KJ／kg,3427.0,,,,kJ/kg,exact,,{},,,,,,,
PROPPD_3987135e2a4c7d99768b,MATPD_90bc67f1591f78014cf8,SRCPD_2b92e12ce4d251de0477,性能,火药力,火药力=1035KJ／kg,parsed,False,,非密-危险特性汇总表.docx,64,accepted,1035KJ／kg,1035KJ／kg,1035.0,,,,kJ/kg,exact,,{},,,,,,,
PROPPD_08b9b6c2315fed7416c6,MATPD_a719eccf7d47b91b4a45,SRCPD_0b76f84a08a8a698c341,性能,爆热,爆热=3861—3907KJ／kg,parsed,False,,非密-危险特性汇总表.docx,65,accepted,3861—3907KJ／kg,3861—3907KJ／kg,,3861.0,3907.0,,kJ/kg,range,,{},,,,,,,
PROPPD_63828ac1ae14dcb59ac1,MATPD_a719eccf7d47b91b4a45,SRCPD_0b76f84a08a8a698c341,性能,火药力,火药力=1012—1029 K J／kg,parsed,False,,非密-危险特性汇总表.docx,65,accepted,1012—1029 K J／kg,1012—1029 K J／kg,,1012.0,1029.0,,kJ/kg,range,,{},,,,,,,
PROPPD_2ac4d155e8a3f5c8b36b,MATPD_61c1bc3c1925d033fa10,SRCPD_60683ae5042a4a51ba20,性能,爆热,爆热=3659KJ／kg,parsed,False,,非密-危险特性汇总表.docx,66,accepted,3659KJ／kg,3659KJ／kg,3659.0,,,,kJ/kg,exact,,{},,,,,,,
PROPPD_57f84b153cb22ff59db3,MATPD_efd499806f7f99eb2d58,SRCPD_6c3b20f669f81b9ec4f6,性能,爆热,爆热=3450KJ／kg,parsed,False,,非密-危险特性汇总表.docx,67,accepted,3450KJ／kg,3450KJ／kg,3450.0,,,,kJ/kg,exact,,{},,,,,,,
PROPPD_5581ace1075b8ef3bfaa,MATPD_b0afd7e2050648a9f637,SRCPD_df2b6eda7f556ba275b8,性能,爆热,爆热=2968—3140KJ／kg,parsed,False,,非密-危险特性汇总表.docx,68,accepted,2968—3140KJ／kg,2968—3140KJ／kg,,2968.0,3140.0,,kJ/kg,range,,{},,,,,,,
PROPPD_436a5492519e1302a899,MATPD_b0afd7e2050648a9f637,SRCPD_df2b6eda7f556ba275b8,性能,火药力,火药力=912—939K J／kg,parsed,False,,非密-危险特性汇总表.docx,68,accepted,912—939K J／kg,912—939K J／kg,,912.0,939.0,,kJ/kg,range,,{},,,,,,,
PROPPD_65d490f9eb6d8eaaf0ed,MATPD_2068f13db0456201850c,SRCPD_f9b5b85bb5798fc67ad9,组成指标,水分,,parsed,False,,非密-危险特性汇总表.docx,70,accepted,0.2—0.8,0.2—0.8,,0.2,0.8,,%,range,,,水分,水分,[],False,水分0.2—0.8,property,MaterialProperty
PROPPD_c5e009d505fe9c533976,MATPD_2068f13db0456201850c,SRCPD_f9b5b85bb5798fc67ad9,标准,采用标准,Q／HE2—157—1996,raw_only,False,,非密-危险特性汇总表.docx,70,accepted,,,,,,,,,,,,,,,,,
PROPPD_c1787b1188bece9c45bf,MATPD_2068f13db0456201850c,SRCPD_f9b5b85bb5798fc67ad9,安定性,甲基紫试验温度,134.5℃甲基紫试验,parsed,False,,非密-危险特性汇总表.docx,70,accepted,134.5℃,134.5℃,134.5,,,,℃,exact,,{},,,,,,,
PROPPD_25020cf9f746a9561abb,MATPD_2068f13db0456201850c,SRCPD_f9b5b85bb5798fc67ad9,安定性,至变色时间,至变色时间≥60min,parsed,False,,非密-危险特性汇总表.docx,70,accepted,≥60min,≥60min,,60.0,,,min,min,,{},,,,,,,
PROPPD_b26c057a6182242fff76,MATPD_2068f13db0456201850c,SRCPD_f9b5b85bb5798fc67ad9,安定性,不爆炸时间,不爆炸时间≥5h,parsed,False,,非密-危险特性汇总表.docx,70,accepted,≥5h,≥5h,,5.0,,,h,min,,{},,,,,,,
PROPPD_624a0caa90618ab66747,MATPD_2068f13db0456201850c,SRCPD_f9b5b85bb5798fc67ad9,安定性,安定性原文,134.5℃甲基紫试验，至变色时间≥60min，不爆炸时间≥5h,raw_only,False,,非密-危险特性汇总表.docx,70,accepted,134.5℃甲基紫试验，至变色时间≥60min，不爆炸时间≥5h,134.5℃甲基紫试验，至变色时间≥60min，不爆炸时间≥5h,,,,,,,,{},,,,,,,
PROPPD_190bcb933bcf33658663,MATPD_2068f13db0456201850c,SRCPD_f9b5b85bb5798fc67ad9,药型尺寸,平均燃烧层厚度,平均燃烧层厚度0.24—0.38mm；药粒,parsed,False,,非密-危险特性汇总表.docx,70,accepted,0.24—0.38mm；药粒,0.24—0.38mm；药粒,,0.24,0.38,,mm,range,,{},,,,,,,
PROPPD_4fb168f1cba5a5a0fb8f,MATPD_2068f13db0456201850c,SRCPD_f9b5b85bb5798fc67ad9,药型尺寸,平均直径,平均直径0.6—0.9mm,parsed,False,,非密-危险特性汇总表.docx,70,accepted,0.6—0.9mm,0.6—0.9mm,,0.6,0.9,,mm,range,,{},,,,,,,
PROPPD_7d4c525dd0c74b57792a,MATPD_2068f13db0456201850c,SRCPD_f9b5b85bb5798fc67ad9,药型尺寸,比表面,比表面65—95cm2／g,parsed,False,,非密-危险特性汇总表.docx,70,accepted,65—95cm2／g,65—95cm2／g,,65.0,95.0,,cm2/g,range,,{},,,,,,,
PROPPD_571cc9000cf22932fa3a,MATPD_2068f13db0456201850c,SRCPD_f9b5b85bb5798fc67ad9,性能,密度,密度高、流散性好的特点,raw_only,False,,非密-危险特性汇总表.docx,70,accepted,高、流散性好的特点,高、流散性好的特点,,,,,,,,{},,,,,,,
PROPPD_6c9979f34ee41cf21d7d,MATPD_2068f13db0456201850c,SRCPD_f9b5b85bb5798fc67ad9,性能,密度,密度≥1.5g／cm3,parsed,False,,非密-危险特性汇总表.docx,70,accepted,≥1.5g／cm3,≥1.5g／cm3,,1.5,,,g/cm3,min,,{},,,,,,,
PROPPD_ffb422c668b8311d1c80,MATPD_2068f13db0456201850c,SRCPD_f9b5b85bb5798fc67ad9,性能,爆发点,爆发点≥165℃,parsed,False,,非密-危险特性汇总表.docx,70,accepted,≥165℃,≥165℃,,165.0,,,℃,min,爆发温度,{},,,,,,,
PROPPD_f7c416735aacd6e6e82d,MATPD_d31917f4945ef472094c,SRCPD_0bd87e985b6074a8a1f0,组成指标,水分,,parsed,False,,非密-危险特性汇总表.docx,71,accepted,0.2—0.8,0.2—0.8,,0.2,0.8,,%,range,,,水分,水分,[],False,水分0.2—0.8,property,MaterialProperty
PROPPD_ab5c5800af94bb33bb0b,MATPD_d31917f4945ef472094c,SRCPD_0bd87e985b6074a8a1f0,安定性,甲基紫试验温度,134.5℃甲基紫试验,parsed,False,,非密-危险特性汇总表.docx,71,accepted,134.5℃,134.5℃,134.5,,,,℃,exact,,{},,,,,,,
PROPPD_dcb945f34a910a7215d8,MATPD_d31917f4945ef472094c,SRCPD_0bd87e985b6074a8a1f0,安定性,至变色时间,至变色时间≥60min,parsed,False,,非密-危险特性汇总表.docx,71,accepted,≥60min,≥60min,,60.0,,,min,min,,{},,,,,,,
PROPPD_f2c99551b8cf6fd28686,MATPD_d31917f4945ef472094c,SRCPD_0bd87e985b6074a8a1f0,安定性,不爆炸时间,不爆炸时间≥5h,parsed,False,,非密-危险特性汇总表.docx,71,accepted,≥5h,≥5h,,5.0,,,h,min,,{},,,,,,,
PROPPD_cc9c2f7f901bf474deaf,MATPD_d31917f4945ef472094c,SRCPD_0bd87e985b6074a8a1f0,安定性,安定性原文,134.5℃甲基紫试验，至变色时间≥60min，不爆炸时间≥5h,raw_only,False,,非密-危险特性汇总表.docx,71,accepted,134.5℃甲基紫试验，至变色时间≥60min，不爆炸时间≥5h,134.5℃甲基紫试验，至变色时间≥60min，不爆炸时间≥5h,,,,,,,,{},,,,,,,
PROPPD_adab1ea09aefe39b224d,MATPD_d31917f4945ef472094c,SRCPD_0bd87e985b6074a8a1f0,药型尺寸,平均燃烧层厚度,平均燃烧层厚度0.28—0.40mm；药粒,parsed,False,,非密-危险特性汇总表.docx,71,accepted,0.28—0.40mm；药粒,0.28—0.40mm；药粒,,0.28,0.4,,mm,range,,{},,,,,,,
PROPPD_2a18acf986f2436b6833,MATPD_d31917f4945ef472094c,SRCPD_0bd87e985b6074a8a1f0,药型尺寸,平均直径,平均直径0.6—0.9mm,parsed,False,,非密-危险特性汇总表.docx,71,accepted,0.6—0.9mm,0.6—0.9mm,,0.6,0.9,,mm,range,,{},,,,,,,
PROPPD_6c920433db5fb52c95f5,MATPD_d31917f4945ef472094c,SRCPD_0bd87e985b6074a8a1f0,药型尺寸,比表面,比表面65—95cm2／g,parsed,False,,非密-危险特性汇总表.docx,71,accepted,65—95cm2／g,65—95cm2／g,,65.0,95.0,,cm2/g,range,,{},,,,,,,
PROPPD_b138a0c8dd67f969118a,MATPD_d31917f4945ef472094c,SRCPD_0bd87e985b6074a8a1f0,性能,密度,密度高、流散性好的特点,raw_only,False,,非密-危险特性汇总表.docx,71,accepted,高、流散性好的特点,高、流散性好的特点,,,,,,,,{},,,,,,,
PROPPD_b33a0436cecdf0a66ab7,MATPD_d31917f4945ef472094c,SRCPD_0bd87e985b6074a8a1f0,性能,密度,密度≥1.5g／cm3,parsed,False,,非密-危险特性汇总表.docx,71,accepted,≥1.5g／cm3,≥1.5g／cm3,,1.5,,,g/cm3,min,,{},,,,,,,
PROPPD_cbb9cb3aa0652047f49f,MATPD_d31917f4945ef472094c,SRCPD_0bd87e985b6074a8a1f0,性能,爆发点,爆发点≥165℃,parsed,False,,非密-危险特性汇总表.docx,71,accepted,≥165℃,≥165℃,,165.0,,,℃,min,爆发温度,{},,,,,,,
PROPPD_00d282eacc3f7f046df4,MATPD_bd90eadbdb7194fafe0f,SRCPD_1d18cf6fe5bd9e2e6c81,组成指标,水分,,parsed,False,,非密-危险特性汇总表.docx,72,accepted,0.2—0.9,0.2—0.9,,0.2,0.9,,%,range,,,水分,水分,[],False,水分0.2—0.9,property,MaterialProperty
PROPPD_e561bd1573515fdc018d,MATPD_bd90eadbdb7194fafe0f,SRCPD_1d18cf6fe5bd9e2e6c81,标准,采用标准,Q／HE2—171—1998,raw_only,False,,非密-危险特性汇总表.docx,72,accepted,,,,,,,,,,,,,,,,,
PROPPD_e4e244bdc6d0f53ed226,MATPD_bd90eadbdb7194fafe0f,SRCPD_1d18cf6fe5bd9e2e6c81,安定性,甲基紫试验温度,134.5℃甲基紫试验,parsed,False,,非密-危险特性汇总表.docx,72,accepted,134.5℃,134.5℃,134.5,,,,℃,exact,,{},,,,,,,
PROPPD_917e1e7ba1e7fe315558,MATPD_bd90eadbdb7194fafe0f,SRCPD_1d18cf6fe5bd9e2e6c81,安定性,至变色时间,至变色时间≥40min,parsed,False,,非密-危险特性汇总表.docx,72,accepted,≥40min,≥40min,,40.0,,,min,min,,{},,,,,,,
PROPPD_dc7782cebde76a0cae00,MATPD_bd90eadbdb7194fafe0f,SRCPD_1d18cf6fe5bd9e2e6c81,安定性,不爆炸时间,不爆炸时间≥5h,parsed,False,,非密-危险特性汇总表.docx,72,accepted,≥5h,≥5h,,5.0,,,h,min,,{},,,,,,,
PROPPD_c727addfdad686212d28,MATPD_bd90eadbdb7194fafe0f,SRCPD_1d18cf6fe5bd9e2e6c81,安定性,安定性原文,134.5℃甲基紫试验，至变色时间≥40min，不爆炸时间≥5h,raw_only,False,,非密-危险特性汇总表.docx,72,accepted,134.5℃甲基紫试验，至变色时间≥40min，不爆炸时间≥5h,134.5℃甲基紫试验，至变色时间≥40min，不爆炸时间≥5h,,,,,,,,{},,,,,,,
PROPPD_3e231024f39499ec4a69,MATPD_bd90eadbdb7194fafe0f,SRCPD_1d18cf6fe5bd9e2e6c81,药型尺寸,平均燃烧层厚度,平均燃烧层厚度0.18—0.28mm；药粒,parsed,False,,非密-危险特性汇总表.docx,72,accepted,0.18—0.28mm；药粒,0.18—0.28mm；药粒,,0.18,0.28,,mm,range,,{},,,,,,,
PROPPD_b59eb43dfbaa0f958be1,MATPD_bd90eadbdb7194fafe0f,SRCPD_1d18cf6fe5bd9e2e6c81,药型尺寸,平均直径,平均直径0.6—0.12mm,pending_review,True,descending_range_possible_tolerance,非密-危险特性汇总表.docx,72,pending_review,0.6—0.12mm,0.6—0.12mm,0.6,,,0.12,mm,source_dash_possible_tolerance,,{},,,,,,,
PROPPD_9f49081048c2d99bc31f,MATPD_bd90eadbdb7194fafe0f,SRCPD_1d18cf6fe5bd9e2e6c81,药型尺寸,比表面,比表面80—150cm2／g,parsed,False,,非密-危险特性汇总表.docx,72,accepted,80—150cm2／g,80—150cm2／g,,80.0,150.0,,cm2/g,range,,{},,,,,,,
PROPPD_e2b61c8e7124f21c7ff2,MATPD_bd90eadbdb7194fafe0f,SRCPD_1d18cf6fe5bd9e2e6c81,性能,密度,密度高、流散性好、燃烧性能好的特点,raw_only,False,,非密-危险特性汇总表.docx,72,accepted,高、流散性好、燃烧性能好的特点,高、流散性好、燃烧性能好的特点,,,,,,,,{},,,,,,,
PROPPD_1d6ea2a4c1c801bcb610,MATPD_bd90eadbdb7194fafe0f,SRCPD_1d18cf6fe5bd9e2e6c81,性能,密度,密度≥1.5g／cm3,parsed,False,,非密-危险特性汇总表.docx,72,accepted,≥1.5g／cm3,≥1.5g／cm3,,1.5,,,g/cm3,min,,{},,,,,,,
PROPPD_ac4cc31394a7ba01dbdd,MATPD_d04d740949397a75ea47,SRCPD_86bc8e34ff794acc0b01,组成指标,水分,,parsed,False,,非密-危险特性汇总表.docx,73,accepted,0.3—1.0,0.3—1.0,,0.3,1.0,,%,range,,,水分,水分,[],False,水分0.3—1.0,property,MaterialProperty
PROPPD_6fbb774ff1c19fbb08a1,MATPD_d04d740949397a75ea47,SRCPD_86bc8e34ff794acc0b01,性能,爆热,爆热4710KJ／kg,parsed,False,,非密-危险特性汇总表.docx,73,accepted,4710KJ／kg,4710KJ／kg,4710.0,,,,kJ/kg,exact,,{},,,,,,,
PROPPD_e3209d4b64fc12bcb0f1,MATPD_d04d740949397a75ea47,SRCPD_86bc8e34ff794acc0b01,性能,火药力,火药力=1140K J／kg,parsed,False,,非密-危险特性汇总表.docx,73,accepted,1140K J／kg,1140K J／kg,1140.0,,,,kJ/kg,exact,,{},,,,,,,
PROPPD_a1292ab31d65d41f79f4,MATPD_f259b47f1d6a76b9b808,SRCPD_2be372dfbf23153a6b28,组成指标,水分,,parsed,False,,非密-危险特性汇总表.docx,74,accepted,0.3—1.0,0.3—1.0,,0.3,1.0,,%,range,,,水分,水分,[],False,水分0.3—1.0,property,MaterialProperty
PROPPD_8d70de6e3298cc38bb97,MATPD_f259b47f1d6a76b9b808,SRCPD_2be372dfbf23153a6b28,标准,采用标准,Q／HD15—81,raw_only,False,,非密-危险特性汇总表.docx,74,accepted,,,,,,,,,,,,,,,,,
PROPPD_34c1c360eea89baec475,MATPD_f259b47f1d6a76b9b808,SRCPD_2be372dfbf23153a6b28,药型尺寸,平均球径,平均球径≈0.23,parsed,False,,非密-危险特性汇总表.docx,74,accepted,0.23,0.23,0.23,,,,,exact,,{},,,,,,,
PROPPD_c0a6c07c6db69ae483ca,MATPD_f259b47f1d6a76b9b808,SRCPD_2be372dfbf23153a6b28,性能,热量,热量4564±84J／g,parsed,False,,非密-危险特性汇总表.docx,74,accepted,4564±84J／g,4564±84J／g,4564.0,,,84.0,J/g,nominal_tolerance,,{},,,,,,,
PROPPD_7c21f4ef3f7c6490bfa5,MATPD_f259b47f1d6a76b9b808,SRCPD_2be372dfbf23153a6b28,性能,密度,密度≥1.40,parsed,False,,非密-危险特性汇总表.docx,74,accepted,≥1.40,≥1.40,,1.4,,,,min,,{},,,,,,,
PROPPD_8657b50a6cfd74297ab2,MATPD_a65c180aa257be0dd855,SRCPD_ef23be55579200805105,组成指标,水分,,parsed,False,,非密-危险特性汇总表.docx,75,accepted,0.7,0.7,0.7,,,,%,exact,,,水分,水分,[],False,水分0.7,property,MaterialProperty
PROPPD_951c74e400a5d260990b,MATPD_a65c180aa257be0dd855,SRCPD_ef23be55579200805105,性能,爆热,爆热4730KJ／kg,parsed,False,,非密-危险特性汇总表.docx,75,accepted,4730KJ／kg,4730KJ／kg,4730.0,,,,kJ/kg,exact,,{},,,,,,,
PROPPD_a352a63804c7283ad1ab,MATPD_a65c180aa257be0dd855,SRCPD_ef23be55579200805105,性能,火药力,火药力=1180K J／kg,parsed,False,,非密-危险特性汇总表.docx,75,accepted,1180K J／kg,1180K J／kg,1180.0,,,,kJ/kg,exact,,{},,,,,,,
PROPPD_449177a15f52532382fd,MATPD_824166ccd3a1f53516fc,SRCPD_d2cbf7a880d2f1906f11,组成指标,水分,,parsed,False,,非密-危险特性汇总表.docx,76,accepted,≤0.7,≤0.7,,,0.7,,%,max,,,水分,水分,[],False,水分≤0.7,property,MaterialProperty
PROPPD_da4b76fcd03370d24ee1,MATPD_824166ccd3a1f53516fc,SRCPD_d2cbf7a880d2f1906f11,标准,采用标准,Q／HD042.17—97,raw_only,False,,非密-危险特性汇总表.docx,76,accepted,,,,,,,,,,,,,,,,,
PROPPD_44e8c35e77825ba4a251,MATPD_824166ccd3a1f53516fc,SRCPD_d2cbf7a880d2f1906f11,性能,热量,热量4730±85J／g,parsed,False,,非密-危险特性汇总表.docx,76,accepted,4730±85J／g,4730±85J／g,4730.0,,,85.0,J/g,nominal_tolerance,,{},,,,,,,
PROPPD_891e5a06003741628e0f,MATPD_be2119cc32abca306adf,SRCPD_d641dac3835765580116,组成指标,水分,,parsed,False,,非密-危险特性汇总表.docx,78,accepted,≤0.7,≤0.7,,,0.7,,%,max,,,水分,水分,[],False,水分≤0.7,property,MaterialProperty
PROPPD_1df9fdd86755a7f5e457,MATPD_be2119cc32abca306adf,SRCPD_d641dac3835765580116,性能,爆热,爆热4940KJ／kg,parsed,False,,非密-危险特性汇总表.docx,78,accepted,4940KJ／kg,4940KJ／kg,4940.0,,,,kJ/kg,exact,,{},,,,,,,
PROPPD_6de0c663e92d9e9100fc,MATPD_be2119cc32abca306adf,SRCPD_d641dac3835765580116,性能,火药力,火药力=1172KJ／kg,parsed,False,,非密-危险特性汇总表.docx,78,accepted,1172KJ／kg,1172KJ／kg,1172.0,,,,kJ/kg,exact,,{},,,,,,,
PROPPD_6f2e8ad777122967ec29,MATPD_6e99b81dbf6a38e7fa63,SRCPD_3799567325db4e5458fa,组成指标,水分,,parsed,False,,非密-危险特性汇总表.docx,79,accepted,0.4,0.4,0.4,,,,%,exact,,,水分,水分,[],False,水分0.4,property,MaterialProperty
PROPPD_af92c95514dc032988f1,MATPD_6e99b81dbf6a38e7fa63,SRCPD_3799567325db4e5458fa,性能,爆热,爆热5100KJ／kg,parsed,False,,非密-危险特性汇总表.docx,79,accepted,5100KJ／kg,5100KJ／kg,5100.0,,,,kJ/kg,exact,,{},,,,,,,
PROPPD_131b5f7d322245579ddd,MATPD_be2119cc32abca306adf,SRCPD_627efe02727060a7224e,标准,采用标准,GJB1733—93,raw_only,False,,非密-危险特性汇总表.docx,80,accepted,,,,,,,,,,,,,,,,,
PROPPD_57874f20739d97af4189,MATPD_be2119cc32abca306adf,SRCPD_627efe02727060a7224e,药型尺寸,药型尺寸说明,药形多样，特征为环状、带状、小方片,raw_only,False,,非密-危险特性汇总表.docx,80,accepted,药形多样，特征为环状、带状、小方片,药形多样，特征为环状、带状、小方片,,,,,,,,{},,,,,,,
PROPPD_fa0e9eba53abc1f4dc2c,MATPD_be2119cc32abca306adf,SRCPD_627efe02727060a7224e,性能,热量,热量4940±84KJ／kg,parsed,False,,非密-危险特性汇总表.docx,80,accepted,4940±84KJ／kg,4940±84KJ／kg,4940.0,,,84.0,kJ/kg,nominal_tolerance,,{},,,,,,,
PROPPD_7ffa27d311387d450f6e,MATPD_6e99b81dbf6a38e7fa63,SRCPD_875afca782628cf05412,标准,采用标准,Q／HD022.12—95,raw_only,False,,非密-危险特性汇总表.docx,81,accepted,,,,,,,,,,,,,,,,,
PROPPD_a882b187e5a7a915f1ce,MATPD_6e99b81dbf6a38e7fa63,SRCPD_875afca782628cf05412,药型尺寸,药型尺寸说明,药形多样，特征为环状、带状、小方片。,raw_only,False,,非密-危险特性汇总表.docx,81,accepted,药形多样，特征为环状、带状、小方片。,药形多样，特征为环状、带状、小方片。,,,,,,,,{},,,,,,,
PROPPD_fd79c1113e3f66547bf9,MATPD_6e99b81dbf6a38e7fa63,SRCPD_875afca782628cf05412,性能,热量,热量5100±100,parsed,False,,非密-危险特性汇总表.docx,81,accepted,5100±100,5100±100,5100.0,,,100.0,,nominal_tolerance,,{},,,,,,,
PROPPD_52e94b68ae79591ddf8e,MATPD_46c5ff82ebba09e1baf0,SRCPD_c9c7d4a5118a1aa9904e,组成指标,水分,,parsed,False,,非密-危险特性汇总表.docx,82,accepted,≤0.7,≤0.7,,,0.7,,%,max,,,水分,水分,[],False,水分≤0.7,property,MaterialProperty
PROPPD_35f6827b98759d12c1c2,MATPD_46c5ff82ebba09e1baf0,SRCPD_c9c7d4a5118a1aa9904e,组成指标,硝化纤维素硝化度,,parsed,False,,非密-危险特性汇总表.docx,82,accepted,188—193.5ml／g,188—193.5ml／g,,188.0,193.5,,ml/g,range,,,硝化纤维素硝化度,硝化纤维素硝化度,[],False,硝化纤维素硝化度188—193.5ml／g,property,MaterialProperty
PROPPD_ba400f23352ba553e59f,MATPD_46c5ff82ebba09e1baf0,SRCPD_c9c7d4a5118a1aa9904e,标准,采用标准,GJB1733—93,raw_only,False,,非密-危险特性汇总表.docx,82,accepted,,,,,,,,,,,,,,,,,
PROPPD_1c57f695133965add1bf,MATPD_46c5ff82ebba09e1baf0,SRCPD_c9c7d4a5118a1aa9904e,安定性,维也里试验温度,106.5℃维也里试验,parsed,False,,非密-危险特性汇总表.docx,82,accepted,106.5℃,106.5℃,106.5,,,,℃,exact,,{},,,,,,,
PROPPD_86c8a32f89711721ec28,MATPD_46c5ff82ebba09e1baf0,SRCPD_c9c7d4a5118a1aa9904e,安定性,重复法持续时间,重复法≥65h,parsed,False,,非密-危险特性汇总表.docx,82,accepted,≥65h,≥65h,,65.0,,,h,min,,{},,,,,,,
PROPPD_e8e1b5cba31462c0f3e3,MATPD_46c5ff82ebba09e1baf0,SRCPD_c9c7d4a5118a1aa9904e,安定性,安定性原文,106.5℃维也里试验重复法≥65h,raw_only,False,,非密-危险特性汇总表.docx,82,accepted,106.5℃维也里试验重复法≥65h,106.5℃维也里试验重复法≥65h,,,,,,,,{},,,,,,,
PROPPD_6c1294d08896982b6f2b,MATPD_46c5ff82ebba09e1baf0,SRCPD_c9c7d4a5118a1aa9904e,药型尺寸,平均燃烧层厚度,平均燃烧层厚度1.88—1.98mm,parsed,False,,非密-危险特性汇总表.docx,82,accepted,1.88—1.98mm,1.88—1.98mm,,1.88,1.98,,mm,range,,{},,,,,,,
PROPPD_6a2a475ee95a77974c68,MATPD_46c5ff82ebba09e1baf0,SRCPD_c9c7d4a5118a1aa9904e,药型尺寸,平均孔径,平均孔径2.05—2.35mm,parsed,False,,非密-危险特性汇总表.docx,82,accepted,2.05—2.35mm,2.05—2.35mm,,2.05,2.35,,mm,range,,{},,,,,,,
PROPPD_c9a831427db5c10273ab,MATPD_46c5ff82ebba09e1baf0,SRCPD_c9c7d4a5118a1aa9904e,药型尺寸,平均长度,平均长度320—8mm,pending_review,True,descending_range_possible_tolerance,非密-危险特性汇总表.docx,82,pending_review,320—8mm,320—8mm,320.0,,,8.0,mm,source_dash_possible_tolerance,,{},,,,,,,
PROPPD_6eea67d16c7e27693793,MATPD_46c5ff82ebba09e1baf0,SRCPD_c9c7d4a5118a1aa9904e,性能,性能说明,具有低爆温、低烧蚀特点,raw_only,False,,非密-危险特性汇总表.docx,82,accepted,具有低爆温、低烧蚀特点,具有低爆温、低烧蚀特点,,,,,,,,{},,,,,,,
PROPPD_01d006fe16898868a165,MATPD_747b1ce55a7e8ccf5890,SRCPD_43b66051ffea137d1bfe,组成指标,水分,,parsed,False,,非密-危险特性汇总表.docx,83,accepted,≤0.7,≤0.7,,,0.7,,%,max,,,水分,水分,[],False,水分≤0.7,property,MaterialProperty
PROPPD_9e5b1a207c2242cfbeb5,MATPD_747b1ce55a7e8ccf5890,SRCPD_43b66051ffea137d1bfe,组成指标,硝化纤维素硝化度,,parsed,False,,非密-危险特性汇总表.docx,83,accepted,188—193.5ml／g,188—193.5ml／g,,188.0,193.5,,ml/g,range,,,硝化纤维素硝化度,硝化纤维素硝化度,[],False,硝化纤维素硝化度188—193.5ml／g,property,MaterialProperty
PROPPD_64588555ddd8dff800a3,MATPD_747b1ce55a7e8ccf5890,SRCPD_43b66051ffea137d1bfe,安定性,维也里试验温度,106.5℃维也里试验,parsed,False,,非密-危险特性汇总表.docx,83,accepted,106.5℃,106.5℃,106.5,,,,℃,exact,,{},,,,,,,
PROPPD_4eebad13c6f558f378d6,MATPD_747b1ce55a7e8ccf5890,SRCPD_43b66051ffea137d1bfe,安定性,压力法安定性试验温度,120℃压力法安定性试验,parsed,False,,非密-危险特性汇总表.docx,83,accepted,120℃,120℃,120.0,,,,℃,exact,,{},,,,,,,
PROPPD_9d493b8cfa9164d0874b,MATPD_747b1ce55a7e8ccf5890,SRCPD_43b66051ffea137d1bfe,安定性,重复法持续时间,重复法≥65h,parsed,False,,非密-危险特性汇总表.docx,83,accepted,≥65h,≥65h,,65.0,,,h,min,,{},,,,,,,
PROPPD_1b8a58849fa774a1d7e0,MATPD_747b1ce55a7e8ccf5890,SRCPD_43b66051ffea137d1bfe,安定性,安定性原文,106.5℃维也里试验重复法≥65h。，120℃压力法安定性试验至拐点时间大于220min，斜率小于0.50mm汞柱／min,raw_only,False,,非密-危险特性汇总表.docx,83,accepted,106.5℃维也里试验重复法≥65h。，120℃压力法安定性试验至拐点时间大于220min，斜率小于0.50mm汞柱／min,106.5℃维也里试验重复法≥65h。，120℃压力法安定性试验至拐点时间大于220min，斜率小于0.50mm汞柱／min,,,,,,,,{},,,,,,,
PROPPD_a53c3f0b7239a98a6045,MATPD_747b1ce55a7e8ccf5890,SRCPD_43b66051ffea137d1bfe,药型尺寸,平均燃烧层厚度,平均燃烧层厚度1.50—1.63mm,parsed,False,,非密-危险特性汇总表.docx,83,accepted,1.50—1.63mm,1.50—1.63mm,,1.5,1.63,,mm,range,,{},,,,,,,
PROPPD_971131de2616e32a33dc,MATPD_747b1ce55a7e8ccf5890,SRCPD_43b66051ffea137d1bfe,药型尺寸,平均孔径,平均孔径1.80—2.10mm,parsed,False,,非密-危险特性汇总表.docx,83,accepted,1.80—2.10mm,1.80—2.10mm,,1.8,2.1,,mm,range,,{},,,,,,,
PROPPD_e56bb57b740165920284,MATPD_747b1ce55a7e8ccf5890,SRCPD_43b66051ffea137d1bfe,药型尺寸,平均长度,平均长度235—8mm,pending_review,True,descending_range_possible_tolerance,非密-危险特性汇总表.docx,83,pending_review,235—8mm,235—8mm,235.0,,,8.0,mm,source_dash_possible_tolerance,,{},,,,,,,
PROPPD_c93e25cb2e68ded2ea40,MATPD_747b1ce55a7e8ccf5890,SRCPD_43b66051ffea137d1bfe,性能,爆热,爆热3203KJ／kg,parsed,False,,非密-危险特性汇总表.docx,83,accepted,3203KJ／kg,3203KJ／kg,3203.0,,,,kJ/kg,exact,,{},,,,,,,
PROPPD_ce94b5f79cd4b2497c83,MATPD_747b1ce55a7e8ccf5890,SRCPD_43b66051ffea137d1bfe,性能,火药力,火药力=982KJ／kg,parsed,False,,非密-危险特性汇总表.docx,83,accepted,982KJ／kg,982KJ／kg,982.0,,,,kJ/kg,exact,,{},,,,,,,
PROPPD_c68bd384a4073e9029d8,MATPD_9f0d17dcf28136054715,SRCPD_4b2c6334ec52ac8e076a,组成指标,水分,,parsed,False,,非密-危险特性汇总表.docx,84,accepted,≤0.7,≤0.7,,,0.7,,%,max,,,水分,水分,[],False,水分≤0.7,property,MaterialProperty
PROPPD_6f1d77da1a5dbc428d79,MATPD_9f0d17dcf28136054715,SRCPD_4b2c6334ec52ac8e076a,标准,采用标准,GJB1733—93,raw_only,False,,非密-危险特性汇总表.docx,84,accepted,,,,,,,,,,,,,,,,,
PROPPD_4a00093fb43b8d74305b,MATPD_9f0d17dcf28136054715,SRCPD_4b2c6334ec52ac8e076a,药型尺寸,平均长度,平均长度252—260mm,parsed,False,,非密-危险特性汇总表.docx,84,accepted,252—260mm,252—260mm,,252.0,260.0,,mm,range,,{},,,,,,,
PROPPD_7be9bbbcd4a4e5361f94,MATPD_9f0d17dcf28136054715,SRCPD_4b2c6334ec52ac8e076a,药型尺寸,平均孔径,平均孔径1.90—2.30mm,parsed,False,,非密-危险特性汇总表.docx,84,accepted,1.90—2.30mm,1.90—2.30mm,,1.9,2.3,,mm,range,,{},,,,,,,
PROPPD_f37d128ab8f81fa3c7ed,MATPD_9f0d17dcf28136054715,SRCPD_4b2c6334ec52ac8e076a,药型尺寸,平均燃烧层厚度,平均燃烧层厚度1.67—1.77mm,parsed,False,,非密-危险特性汇总表.docx,84,accepted,1.67—1.77mm,1.67—1.77mm,,1.67,1.77,,mm,range,,{},,,,,,,
PROPPD_f2b2998eefe5c3b1fb54,MATPD_9f0d17dcf28136054715,SRCPD_4b2c6334ec52ac8e076a,药型尺寸,弧厚差,弧厚差≤0.10,parsed,False,,非密-危险特性汇总表.docx,84,accepted,≤0.10,≤0.10,,,0.1,,,max,,{},,,,,,,
PROPPD_4c83c231d29c586c587d,MATPD_9f0d17dcf28136054715,SRCPD_4b2c6334ec52ac8e076a,药型尺寸,偏心度,偏心度≤0.20,parsed,False,,非密-危险特性汇总表.docx,84,accepted,≤0.20,≤0.20,,,0.2,,,max,,{},,,,,,,
PROPPD_ce96a3cdcc473315cc4d,MATPD_9f0d17dcf28136054715,SRCPD_4b2c6334ec52ac8e076a,性能,密度,密度：154g／cm3,parsed,False,,非密-危险特性汇总表.docx,84,accepted,154g／cm3,154g／cm3,154.0,,,,g/cm3,exact,,{},,,,,,,
PROPPD_fe772247681de56b8aa9,MATPD_9f0d17dcf28136054715,SRCPD_4b2c6334ec52ac8e076a,性能,爆热,爆热3203±42KJ／kg,parsed,False,,非密-危险特性汇总表.docx,84,accepted,3203±42KJ／kg,3203±42KJ／kg,3203.0,,,42.0,kJ/kg,nominal_tolerance,,{},,,,,,,
PROPPD_be6cc599bdf1c6f08241,MATPD_f461e48cce2526122752,SRCPD_7ee4e11fcb93166e51f7,组成指标,水分,,parsed,False,,非密-危险特性汇总表.docx,85,accepted,≤0.7,≤0.7,,,0.7,,%,max,,,水分,水分,[],False,水分≤0.7,property,MaterialProperty
PROPPD_00140cb097ef63426715,MATPD_f461e48cce2526122752,SRCPD_7ee4e11fcb93166e51f7,标准,采用标准,GJB1733—93,raw_only,False,,非密-危险特性汇总表.docx,85,accepted,,,,,,,,,,,,,,,,,
PROPPD_fe1c1036547b5b8db4da,MATPD_f461e48cce2526122752,SRCPD_7ee4e11fcb93166e51f7,药型尺寸,平均长度,平均长度227—235mm,parsed,False,,非密-危险特性汇总表.docx,85,accepted,227—235mm,227—235mm,,227.0,235.0,,mm,range,,{},,,,,,,
PROPPD_315367a86708bf75fb03,MATPD_f461e48cce2526122752,SRCPD_7ee4e11fcb93166e51f7,药型尺寸,平均孔径,平均孔径1.80—2.10mm,parsed,False,,非密-危险特性汇总表.docx,85,accepted,1.80—2.10mm,1.80—2.10mm,,1.8,2.1,,mm,range,,{},,,,,,,
PROPPD_90941b56e8e39b7f9bbd,MATPD_f461e48cce2526122752,SRCPD_7ee4e11fcb93166e51f7,药型尺寸,平均燃烧层厚度,平均燃烧层厚度1.59士0.05mm,parsed,False,,非密-危险特性汇总表.docx,85,accepted,1.59士0.05mm,1.59士0.05mm,1.59,,,,mm,exact,,{},,,,,,,
PROPPD_67acff9c4a8e990cfdfd,MATPD_f461e48cce2526122752,SRCPD_7ee4e11fcb93166e51f7,药型尺寸,厚度差,厚度差≤0.10,parsed,False,,非密-危险特性汇总表.docx,85,accepted,≤0.10,≤0.10,,,0.1,,,max,,{},,,,,,,
PROPPD_41924d182ee777e218e6,MATPD_f461e48cce2526122752,SRCPD_7ee4e11fcb93166e51f7,药型尺寸,偏心度,偏心度≤0.20,parsed,False,,非密-危险特性汇总表.docx,85,accepted,≤0.20,≤0.20,,,0.2,,,max,,{},,,,,,,
PROPPD_5058f21d63770a7a0597,MATPD_f461e48cce2526122752,SRCPD_7ee4e11fcb93166e51f7,性能,密度,密度：154g／cm3,parsed,False,,非密-危险特性汇总表.docx,85,accepted,154g／cm3,154g／cm3,154.0,,,,g/cm3,exact,,{},,,,,,,
PROPPD_d879ff804582a3fb91fa,MATPD_f461e48cce2526122752,SRCPD_7ee4e11fcb93166e51f7,性能,爆热,爆热3203±42KJ／kg,parsed,False,,非密-危险特性汇总表.docx,85,accepted,3203±42KJ／kg,3203±42KJ／kg,3203.0,,,42.0,kJ/kg,nominal_tolerance,,{},,,,,,,
PROPPD_5a056b110ef14e404688,MATPD_a745390fe990ad65fb2a,SRCPD_f2cfd4420241293f3ce0,组成指标,水分,,parsed,False,,非密-危险特性汇总表.docx,86,accepted,≤0.7,≤0.7,,,0.7,,%,max,,,水分,水分,[],False,水分≤0.7,property,MaterialProperty
PROPPD_c7cc21c9396be46d6fcf,MATPD_a745390fe990ad65fb2a,SRCPD_f2cfd4420241293f3ce0,标准,采用标准,GJB1733—93,raw_only,False,,非密-危险特性汇总表.docx,86,accepted,,,,,,,,,,,,,,,,,
PROPPD_1c212003f230f556b591,MATPD_a745390fe990ad65fb2a,SRCPD_f2cfd4420241293f3ce0,药型尺寸,平均长度,平均长度362—370mm,parsed,False,,非密-危险特性汇总表.docx,86,accepted,362—370mm,362—370mm,,362.0,370.0,,mm,range,,{},,,,,,,
PROPPD_a0bd663e35274228e338,MATPD_a745390fe990ad65fb2a,SRCPD_f2cfd4420241293f3ce0,药型尺寸,平均孔径,平均孔径2.30—2.60mm,parsed,False,,非密-危险特性汇总表.docx,86,accepted,2.30—2.60mm,2.30—2.60mm,,2.3,2.6,,mm,range,,{},,,,,,,
PROPPD_80dc1fcb0479f5ce3546,MATPD_a745390fe990ad65fb2a,SRCPD_f2cfd4420241293f3ce0,药型尺寸,平均燃烧层厚度,平均燃烧层厚度2.20—2.35mm,parsed,False,,非密-危险特性汇总表.docx,86,accepted,2.20—2.35mm,2.20—2.35mm,,2.2,2.35,,mm,range,,{},,,,,,,
PROPPD_576d011cee95539c5506,MATPD_a745390fe990ad65fb2a,SRCPD_f2cfd4420241293f3ce0,药型尺寸,厚度差,厚度差≤0.15,parsed,False,,非密-危险特性汇总表.docx,86,accepted,≤0.15,≤0.15,,,0.15,,,max,,{},,,,,,,
PROPPD_c3fe382f634245604b9b,MATPD_a745390fe990ad65fb2a,SRCPD_f2cfd4420241293f3ce0,药型尺寸,偏心度,偏心度≤0.25,parsed,False,,非密-危险特性汇总表.docx,86,accepted,≤0.25,≤0.25,,,0.25,,,max,,{},,,,,,,
PROPPD_2f0596390a4155edd253,MATPD_a745390fe990ad65fb2a,SRCPD_f2cfd4420241293f3ce0,性能,密度,密度：154g／cm3,parsed,False,,非密-危险特性汇总表.docx,86,accepted,154g／cm3,154g／cm3,154.0,,,,g/cm3,exact,,{},,,,,,,
PROPPD_fd60d1bec3c3e1fcd805,MATPD_a745390fe990ad65fb2a,SRCPD_f2cfd4420241293f3ce0,性能,爆热,爆热3203±42KJ／kg,parsed,False,,非密-危险特性汇总表.docx,86,accepted,3203±42KJ／kg,3203±42KJ／kg,3203.0,,,42.0,kJ/kg,nominal_tolerance,,{},,,,,,,
PROPPD_e15fff210d0dc4ba70c0,MATPD_5ebcb4f2dc71a11f3396,SRCPD_0c1766bb3bee0e29098d,组成指标,水分,,parsed,False,,非密-危险特性汇总表.docx,87,accepted,≤0.7,≤0.7,,,0.7,,%,max,,,水分,水分,[],False,水分≤0.7,property,MaterialProperty
PROPPD_49669201365959305ff8,MATPD_5ebcb4f2dc71a11f3396,SRCPD_0c1766bb3bee0e29098d,组成指标,硝化纤维素硝化度,,parsed,False,,非密-危险特性汇总表.docx,87,accepted,188—193.5ml／g,188—193.5ml／g,,188.0,193.5,,ml/g,range,,,硝化纤维素硝化度,硝化纤维素硝化度,[],False,硝化纤维素硝化度188—193.5ml／g,property,MaterialProperty
PROPPD_d9f9a83cda2965982971,MATPD_5ebcb4f2dc71a11f3396,SRCPD_0c1766bb3bee0e29098d,标准,采用标准,GJB1733—93,raw_only,False,,非密-危险特性汇总表.docx,87,accepted,,,,,,,,,,,,,,,,,
PROPPD_4abbeae2dcfd4ee659e5,MATPD_5ebcb4f2dc71a11f3396,SRCPD_0c1766bb3bee0e29098d,安定性,维也里试验温度,106.5℃维也里试验,parsed,False,,非密-危险特性汇总表.docx,87,accepted,106.5℃,106.5℃,106.5,,,,℃,exact,,{},,,,,,,
PROPPD_a2d60226ce2ce904326f,MATPD_5ebcb4f2dc71a11f3396,SRCPD_0c1766bb3bee0e29098d,安定性,重复法持续时间,重复法≥65h,parsed,False,,非密-危险特性汇总表.docx,87,accepted,≥65h,≥65h,,65.0,,,h,min,,{},,,,,,,
PROPPD_f752a4f182c063ce07fa,MATPD_5ebcb4f2dc71a11f3396,SRCPD_0c1766bb3bee0e29098d,安定性,安定性原文,106.5℃维也里试验重复法≥65h,raw_only,False,,非密-危险特性汇总表.docx,87,accepted,106.5℃维也里试验重复法≥65h,106.5℃维也里试验重复法≥65h,,,,,,,,{},,,,,,,
PROPPD_a281c817bbfe42d9d8fb,MATPD_5ebcb4f2dc71a11f3396,SRCPD_0c1766bb3bee0e29098d,药型尺寸,平均燃烧层厚度,平均燃烧层厚度1.90—1.98mm,parsed,False,,非密-危险特性汇总表.docx,87,accepted,1.90—1.98mm,1.90—1.98mm,,1.9,1.98,,mm,range,,{},,,,,,,
PROPPD_bd270be8070543d7464c,MATPD_5ebcb4f2dc71a11f3396,SRCPD_0c1766bb3bee0e29098d,药型尺寸,平均孔径,平均孔径2.50—2.70mm,parsed,False,,非密-危险特性汇总表.docx,87,accepted,2.50—2.70mm,2.50—2.70mm,,2.5,2.7,,mm,range,,{},,,,,,,
PROPPD_a3446dea8caa716d7222,MATPD_5ebcb4f2dc71a11f3396,SRCPD_0c1766bb3bee0e29098d,药型尺寸,平均长度,平均长度320—8mm,pending_review,True,descending_range_possible_tolerance,非密-危险特性汇总表.docx,87,pending_review,320—8mm,320—8mm,320.0,,,8.0,mm,source_dash_possible_tolerance,,{},,,,,,,
PROPPD_53790b6d0cb7763f4dde,MATPD_5ebcb4f2dc71a11f3396,SRCPD_0c1766bb3bee0e29098d,性能,性能说明,具有低爆温、低烧蚀特点。Q=3197,raw_only,False,,非密-危险特性汇总表.docx,87,accepted,具有低爆温、低烧蚀特点。Q=3197,具有低爆温、低烧蚀特点。Q=3197,,,,,,,,{},,,,,,,
PROPPD_8905eeb124bef34df3a2,MATPD_38f25ae6a85da9759a33,SRCPD_d6afdaaab15f77406937,组成指标,水分,,parsed,False,,非密-危险特性汇总表.docx,88,accepted,≤0.7,≤0.7,,,0.7,,%,max,,,水分,水分,[],False,水分≤0.7,property,MaterialProperty
PROPPD_6052a5ad6a51f43c8e01,MATPD_38f25ae6a85da9759a33,SRCPD_d6afdaaab15f77406937,性能,爆热,爆热3203KJ／kg,parsed,False,,非密-危险特性汇总表.docx,88,accepted,3203KJ／kg,3203KJ／kg,3203.0,,,,kJ/kg,exact,,{},,,,,,,
PROPPD_ce90450fea3954897e4a,MATPD_38f25ae6a85da9759a33,SRCPD_d6afdaaab15f77406937,性能,火药力,火药力=796KJ／kg,parsed,False,,非密-危险特性汇总表.docx,88,accepted,796KJ／kg,796KJ／kg,796.0,,,,kJ/kg,exact,,{},,,,,,,
PROPPD_23f8c2140be30a5274a6,MATPD_8541712c7dec8547ac91,SRCPD_70732f6c0a7eace0ff1e,组成指标,水分,,parsed,False,,非密-危险特性汇总表.docx,89,accepted,≤0.7,≤0.7,,,0.7,,%,max,,,水分,水分,[],False,水分≤0.7,property,MaterialProperty
PROPPD_c023f45037aaf2e739b8,MATPD_8541712c7dec8547ac91,SRCPD_70732f6c0a7eace0ff1e,组成指标,硝化纤维素硝化度,,parsed,False,,非密-危险特性汇总表.docx,89,accepted,188—193.5ml／g,188—193.5ml／g,,188.0,193.5,,ml/g,range,,,硝化纤维素硝化度,硝化纤维素硝化度,[],False,硝化纤维素硝化度188—193.5ml／g,property,MaterialProperty
PROPPD_e611c43b43299d49bcd8,MATPD_8541712c7dec8547ac91,SRCPD_70732f6c0a7eace0ff1e,标准,采用标准,Q／HD042.14—95,raw_only,False,,非密-危险特性汇总表.docx,89,accepted,,,,,,,,,,,,,,,,,
PROPPD_6d717177a80a77e6913e,MATPD_8541712c7dec8547ac91,SRCPD_70732f6c0a7eace0ff1e,安定性,维也里试验温度,106.5℃维也里试验,parsed,False,,非密-危险特性汇总表.docx,89,accepted,106.5℃,106.5℃,106.5,,,,℃,exact,,{},,,,,,,
PROPPD_67a288d886e707f4f409,MATPD_8541712c7dec8547ac91,SRCPD_70732f6c0a7eace0ff1e,安定性,重复法持续时间,重复法≥65h,parsed,False,,非密-危险特性汇总表.docx,89,accepted,≥65h,≥65h,,65.0,,,h,min,,{},,,,,,,
PROPPD_894be27993b1c042d587,MATPD_8541712c7dec8547ac91,SRCPD_70732f6c0a7eace0ff1e,安定性,安定性原文,106.5℃维也里试验重复法≥65h,raw_only,False,,非密-危险特性汇总表.docx,89,accepted,106.5℃维也里试验重复法≥65h,106.5℃维也里试验重复法≥65h,,,,,,,,{},,,,,,,
PROPPD_7a2999f5e4cfd93d73c2,MATPD_8541712c7dec8547ac91,SRCPD_70732f6c0a7eace0ff1e,药型尺寸,平均燃烧层厚度,平均燃烧层厚度1.90±0.05mm,parsed,False,,非密-危险特性汇总表.docx,89,accepted,1.90±0.05mm,1.90±0.05mm,1.9,,,0.05,mm,nominal_tolerance,,{},,,,,,,
PROPPD_a363c28c979029b59b34,MATPD_8541712c7dec8547ac91,SRCPD_70732f6c0a7eace0ff1e,药型尺寸,平均孔径,平均孔径2.1—2.4mm,parsed,False,,非密-危险特性汇总表.docx,89,accepted,2.1—2.4mm,2.1—2.4mm,,2.1,2.4,,mm,range,,{},,,,,,,
PROPPD_6051e3de1c2fb55d5c9f,MATPD_8541712c7dec8547ac91,SRCPD_70732f6c0a7eace0ff1e,药型尺寸,平均长度,平均长度328—8mm,pending_review,True,descending_range_possible_tolerance,非密-危险特性汇总表.docx,89,pending_review,328—8mm,328—8mm,328.0,,,8.0,mm,source_dash_possible_tolerance,,{},,,,,,,
PROPPD_5fdf08bfca1884c66648,MATPD_8541712c7dec8547ac91,SRCPD_70732f6c0a7eace0ff1e,性能,性能说明,具有低爆温、低烧蚀特点。,raw_only,False,,非密-危险特性汇总表.docx,89,accepted,具有低爆温、低烧蚀特点。,具有低爆温、低烧蚀特点。,,,,,,,,{},,,,,,,
PROPPD_e4a8ac09322134c906e4,MATPD_772d1c519b191ac207e2,SRCPD_3a1a055fac4ea123366c,组成指标,水分,,parsed,False,,非密-危险特性汇总表.docx,90,accepted,≤0.7,≤0.7,,,0.7,,%,max,,,水分,水分,[],False,水分≤0.7,property,MaterialProperty
PROPPD_ea3f6989fc54a967bd21,MATPD_772d1c519b191ac207e2,SRCPD_3a1a055fac4ea123366c,标准,采用标准,GJB1733—93,raw_only,False,,非密-危险特性汇总表.docx,90,accepted,,,,,,,,,,,,,,,,,
PROPPD_7cfe4871139bb2b3deab,MATPD_772d1c519b191ac207e2,SRCPD_3a1a055fac4ea123366c,性能,密度,密度≥1.55g／m3,parsed,False,,非密-危险特性汇总表.docx,90,accepted,≥1.55g／m3,≥1.55g／m3,,1.55,,,g/m3,min,,{},,,,,,,
PROPPD_c11aa7067a058158cf8d,MATPD_772d1c519b191ac207e2,SRCPD_3a1a055fac4ea123366c,性能,热量,热量4860±85J／g,parsed,False,,非密-危险特性汇总表.docx,90,accepted,4860±85J／g,4860±85J／g,4860.0,,,85.0,J/g,nominal_tolerance,,{},,,,,,,
PROPPD_fac5491a5a59587e0eb9,MATPD_3505b55dc7ad2f4eb370,SRCPD_1c6e703f866fd12dcffc,标准,采用标准,Q／HCJS.G410—99,raw_only,False,,非密-危险特性汇总表.docx,91,accepted,,,,,,,,,,,,,,,,,
PROPPD_89ec5926f600ed9e170c,MATPD_3505b55dc7ad2f4eb370,SRCPD_1c6e703f866fd12dcffc,药型尺寸,平均燃烧层厚度,平均燃烧层厚度0.57±0.03mm,parsed,False,,非密-危险特性汇总表.docx,91,accepted,0.57±0.03mm,0.57±0.03mm,0.57,,,0.03,mm,nominal_tolerance,,{},,,,,,,
PROPPD_25f790756aed2a8afed3,MATPD_3505b55dc7ad2f4eb370,SRCPD_1c6e703f866fd12dcffc,药型尺寸,平均孔径,平均孔径≈1.5mm,parsed,False,,非密-危险特性汇总表.docx,91,accepted,1.5mm,1.5mm,1.5,,,,mm,exact,,{},,,,,,,
PROPPD_d79c9fa733cb7708f042,MATPD_3505b55dc7ad2f4eb370,SRCPD_1c6e703f866fd12dcffc,药型尺寸,平均外径,平均外径≈5mm,parsed,False,,非密-危险特性汇总表.docx,91,accepted,5mm,5mm,5.0,,,,mm,exact,,{},,,,,,,
PROPPD_c7761781d4e500de4ca7,MATPD_3505b55dc7ad2f4eb370,SRCPD_1c6e703f866fd12dcffc,性能,性能说明,采用外溶法加工成型，流散性好，装填方便。,raw_only,False,,非密-危险特性汇总表.docx,91,accepted,采用外溶法加工成型，流散性好，装填方便。,采用外溶法加工成型，流散性好，装填方便。,,,,,,,,{},,,,,,,
PROPPD_a14667116a93f74de71e,MATPD_f7674fd8a3251cea92d0,SRCPD_1e139bcceaa6984702f7,组成指标,水分,,parsed,False,,非密-危险特性汇总表.docx,92,accepted,0.2—0.9,0.2—0.9,,0.2,0.9,,%,range,,,水分,水分,[],False,水分0.2—0.9,property,MaterialProperty
PROPPD_48eae0e11dc0c76cad92,MATPD_f7674fd8a3251cea92d0,SRCPD_1e139bcceaa6984702f7,标准,采用标准,Q／HE2—65—1987,raw_only,False,,非密-危险特性汇总表.docx,92,accepted,,,,,,,,,,,,,,,,,
PROPPD_59acc19a0ea5e3cd1720,MATPD_f7674fd8a3251cea92d0,SRCPD_1e139bcceaa6984702f7,安定性,甲基紫试验温度,134.5℃甲基紫试验,parsed,False,,非密-危险特性汇总表.docx,92,accepted,134.5℃,134.5℃,134.5,,,,℃,exact,,{},,,,,,,
PROPPD_28f05b05429df7b905ff,MATPD_f7674fd8a3251cea92d0,SRCPD_1e139bcceaa6984702f7,安定性,至变色时间,至变色时间≥40min,parsed,False,,非密-危险特性汇总表.docx,92,accepted,≥40min,≥40min,,40.0,,,min,min,,{},,,,,,,
PROPPD_31fe4c6e3a15abd333bb,MATPD_f7674fd8a3251cea92d0,SRCPD_1e139bcceaa6984702f7,安定性,不爆炸时间,不爆炸时间≥5h,parsed,False,,非密-危险特性汇总表.docx,92,accepted,≥5h,≥5h,,5.0,,,h,min,,{},,,,,,,
PROPPD_9510eccbec7875419e03,MATPD_f7674fd8a3251cea92d0,SRCPD_1e139bcceaa6984702f7,安定性,安定性原文,134.5℃甲基紫试验，至变色时间≥40min，不爆炸时间≥5h,raw_only,False,,非密-危险特性汇总表.docx,92,accepted,134.5℃甲基紫试验，至变色时间≥40min，不爆炸时间≥5h,134.5℃甲基紫试验，至变色时间≥40min，不爆炸时间≥5h,,,,,,,,{},,,,,,,
PROPPD_626ef6ed42cac17142eb,MATPD_f7674fd8a3251cea92d0,SRCPD_1e139bcceaa6984702f7,药型尺寸,平均燃烧层厚度,平均燃烧层厚度0.25—0.4mm,parsed,False,,非密-危险特性汇总表.docx,92,accepted,0.25—0.4mm,0.25—0.4mm,,0.25,0.4,,mm,range,,{},,,,,,,
PROPPD_a38fbcffdacfa621fb18,MATPD_f7674fd8a3251cea92d0,SRCPD_1e139bcceaa6984702f7,药型尺寸,比表面,比表面55—90cm2／g,parsed,False,,非密-危险特性汇总表.docx,92,accepted,55—90cm2／g,55—90cm2／g,,55.0,90.0,,cm2/g,range,,{},,,,,,,
PROPPD_0338b16ed16c00e3ac99,MATPD_f7674fd8a3251cea92d0,SRCPD_1e139bcceaa6984702f7,性能,密度,密度＞1.50 g／m3,parsed,False,,非密-危险特性汇总表.docx,92,accepted,＞1.50 g／m3,＞1.50 g／m3,1.5,,,,g/m3,exact,,{},,,,,,,
PROPPD_7c700ee54740524a1e16,MATPD_7b7ecf4a3ba145c1a636,SRCPD_d74c961dd6866f8fd9d2,组成指标,水分,,parsed,False,,非密-危险特性汇总表.docx,93,accepted,≤0.7,≤0.7,,,0.7,,%,max,,,水分,水分,[],False,水分≤0.7,property,MaterialProperty
PROPPD_4b3f5fbbd5d2c30d4783,MATPD_7b7ecf4a3ba145c1a636,SRCPD_d74c961dd6866f8fd9d2,性能,爆热,爆热3810KJ／kg,parsed,False,,非密-危险特性汇总表.docx,93,accepted,3810KJ／kg,3810KJ／kg,3810.0,,,,kJ/kg,exact,,{},,,,,,,
PROPPD_9b8688af8fa9983a6418,MATPD_23ff7d03bfe306533dd9,SRCPD_95d425f8f1e491252a7d,性能,爆热,爆热4600KJ／kg,parsed,False,,非密-危险特性汇总表.docx,94,accepted,4600KJ／kg,4600KJ／kg,4600.0,,,,kJ/kg,exact,,{},,,,,,,
PROPPD_ccec6c79cb50d5be9d84,MATPD_1b88daf95b07b7aa9322,SRCPD_3fea5a709bbbe1d463ec,性能,爆热,爆热4090KJ／kg,parsed,False,,非密-危险特性汇总表.docx,96,accepted,4090KJ／kg,4090KJ／kg,4090.0,,,,kJ/kg,exact,,{},,,,,,,
PROPPD_7bb2111bed813f03d02b,MATPD_1b88daf95b07b7aa9322,SRCPD_3fea5a709bbbe1d463ec,性能,火药力,火药力=1087KJ／kg,parsed,False,,非密-危险特性汇总表.docx,96,accepted,1087KJ／kg,1087KJ／kg,1087.0,,,,kJ/kg,exact,,{},,,,,,,
PROPPD_d530a8e6c76429fae8b0,MATPD_19f62d4e8a10ba9914b1,SRCPD_54995046ec1e12e29aca,性能,爆热,爆热3980KJ／kg,parsed,False,,非密-危险特性汇总表.docx,97,accepted,3980KJ／kg,3980KJ／kg,3980.0,,,,kJ/kg,exact,,{},,,,,,,
PROPPD_90ae218dcffb3b915952,MATPD_19f62d4e8a10ba9914b1,SRCPD_54995046ec1e12e29aca,性能,火药力,火药力=1075KJ／kg,parsed,False,,非密-危险特性汇总表.docx,97,accepted,1075KJ／kg,1075KJ／kg,1075.0,,,,kJ/kg,exact,,{},,,,,,,
PROPPD_f4046aff9593c5abf68b,MATPD_e6481a1cd70256a48e8c,SRCPD_2a5e9433c7d28e651fa0,性能,爆热,爆热3720KJ／kg,parsed,False,,非密-危险特性汇总表.docx,98,accepted,3720KJ／kg,3720KJ／kg,3720.0,,,,kJ/kg,exact,,{},,,,,,,
PROPPD_0a8825e2b680794914d5,MATPD_e6481a1cd70256a48e8c,SRCPD_2a5e9433c7d28e651fa0,性能,火药力,火药力=1047KJ／kg,parsed,False,,非密-危险特性汇总表.docx,98,accepted,1047KJ／kg,1047KJ／kg,1047.0,,,,kJ/kg,exact,,{},,,,,,,
PROPPD_c9f0d594f3d1607c07b2,MATPD_c0a372e6ec502b77aad4,SRCPD_8827cb7674fb3cd77f6d,性能,爆热,爆热4020KJ／kg,parsed,False,,非密-危险特性汇总表.docx,99,accepted,4020KJ／kg,4020KJ／kg,4020.0,,,,kJ/kg,exact,,{},,,,,,,
PROPPD_cf04b379babe7f24ca35,MATPD_c0a372e6ec502b77aad4,SRCPD_8827cb7674fb3cd77f6d,性能,火药力,火药力=1081KJ／kg,parsed,False,,非密-危险特性汇总表.docx,99,accepted,1081KJ／kg,1081KJ／kg,1081.0,,,,kJ/kg,exact,,{},,,,,,,
PROPPD_29b22e1373bab2796581,MATPD_33101b3bb0033a9ce9b1,SRCPD_56e5f09a3f9c0e1651d7,性能,爆热,爆热4350KJ／kg,parsed,False,,非密-危险特性汇总表.docx,100,accepted,4350KJ／kg,4350KJ／kg,4350.0,,,,kJ/kg,exact,,{},,,,,,,
PROPPD_fb86c1f9281ca8084cd2,MATPD_33101b3bb0033a9ce9b1,SRCPD_56e5f09a3f9c0e1651d7,性能,火药力,火药力=1128KJ／kg,parsed,False,,非密-危险特性汇总表.docx,100,accepted,1128KJ／kg,1128KJ／kg,1128.0,,,,kJ/kg,exact,,{},,,,,,,
PROPPD_b7c748f807a38929c496,MATPD_93420b74882512f22e31,SRCPD_8b156c1c549863bb1d3d,性能,爆热,爆热4350KJ／kg,parsed,False,,非密-危险特性汇总表.docx,101,accepted,4350KJ／kg,4350KJ／kg,4350.0,,,,kJ/kg,exact,,{},,,,,,,
PROPPD_6ad59ff9d97985bca9d4,MATPD_93420b74882512f22e31,SRCPD_8b156c1c549863bb1d3d,性能,火药力,火药力=1128KJ／kg,parsed,False,,非密-危险特性汇总表.docx,101,accepted,1128KJ／kg,1128KJ／kg,1128.0,,,,kJ/kg,exact,,{},,,,,,,
PROPPD_678ecafecabd0e0af7b9,MATPD_69767b0460a21b637031,SRCPD_813bafe72f91f6903618,性能,爆热,爆热3850±85 KJ／kg,parsed,False,,非密-危险特性汇总表.docx,102,accepted,3850±85 KJ／kg,3850±85 KJ／kg,3850.0,,,85.0,kJ/kg,nominal_tolerance,,{},,,,,,,
PROPPD_ccba65d7b02d9efe5bab,MATPD_e7d64225d0b78596f770,SRCPD_ecda884e91943ca5f704,性能,爆热,爆热4440KJ／kg,parsed,False,,非密-危险特性汇总表.docx,104,accepted,4440KJ／kg,4440KJ／kg,4440.0,,,,kJ/kg,exact,,{},,,,,,,
PROPPD_3fd20e1c7f74b5828a2d,MATPD_e7d64225d0b78596f770,SRCPD_ecda884e91943ca5f704,性能,火药力,火药力1128KJ／kg,parsed,False,,非密-危险特性汇总表.docx,104,accepted,1128KJ／kg,1128KJ／kg,1128.0,,,,kJ/kg,exact,,{},,,,,,,
PROPPD_0f52e50a666562913ba5,MATPD_3540587e76a70a28ca46,SRCPD_58d114530500ed6edf5c,组成指标,残溶,,parsed,False,,非密-危险特性汇总表.docx,105,accepted,≤0.6,≤0.6,,,0.6,,%,max,,,残溶,残溶,[],False,残溶≤0.6,property,MaterialProperty
PROPPD_347a695713e26af1ff03,MATPD_3540587e76a70a28ca46,SRCPD_58d114530500ed6edf5c,性能,爆热,爆热4500KJ／kg,parsed,False,,非密-危险特性汇总表.docx,105,accepted,4500KJ／kg,4500KJ／kg,4500.0,,,,kJ/kg,exact,,{},,,,,,,
PROPPD_645faa0cccc09624d260,MATPD_3540587e76a70a28ca46,SRCPD_58d114530500ed6edf5c,性能,火药力,火药力1128KJ／kg,parsed,False,,非密-危险特性汇总表.docx,105,accepted,1128KJ／kg,1128KJ／kg,1128.0,,,,kJ/kg,exact,,{},,,,,,,
PROPPD_1f466083365d51ad54b7,MATPD_0de3711a3e2e680065f5,SRCPD_ea655a81d5e972b5bfe5,性能,爆热,爆热3604—4133KJ／kg,parsed,False,,非密-危险特性汇总表.docx,107,accepted,3604—4133KJ／kg,3604—4133KJ／kg,,3604.0,4133.0,,kJ/kg,range,,{},,,,,,,
PROPPD_73aee303745f1917baa4,MATPD_0de3711a3e2e680065f5,SRCPD_ea655a81d5e972b5bfe5,性能,火药力,火药力1128—1177KJ／kg,parsed,False,,非密-危险特性汇总表.docx,107,accepted,1128—1177KJ／kg,1128—1177KJ／kg,,1128.0,1177.0,,kJ/kg,range,,{},,,,,,,
PROPPD_f6f5406184b2be02e648,MATPD_b1306235e2f40e90f7f2,SRCPD_813c9886eff9b49f1529,性能,爆热,爆热4812—4887KJ／kg,parsed,False,,非密-危险特性汇总表.docx,108,accepted,4812—4887KJ／kg,4812—4887KJ／kg,,4812.0,4887.0,,kJ/kg,range,,{},,,,,,,
PROPPD_758558c1cab25edb62dc,MATPD_b1306235e2f40e90f7f2,SRCPD_813c9886eff9b49f1529,性能,火药力,火药力1200—1226KJ／kg,parsed,False,,非密-危险特性汇总表.docx,108,accepted,1200—1226KJ／kg,1200—1226KJ／kg,,1200.0,1226.0,,kJ/kg,range,,{},,,,,,,
PROPPD_be362a56fbf9a84137af,MATPD_e23d983c958d8df1b2f2,SRCPD_58d2be6d533cbd5b1a14,性能,爆热,爆热4357—4418KJ／kg,parsed,False,,非密-危险特性汇总表.docx,109,accepted,4357—4418KJ／kg,4357—4418KJ／kg,,4357.0,4418.0,,kJ/kg,range,,{},,,,,,,
PROPPD_c132ce6d74eeae52d267,MATPD_e23d983c958d8df1b2f2,SRCPD_58d2be6d533cbd5b1a14,性能,火药力,火药力1177—1128KJ／kg,pending_review,True,descending_range_possible_tolerance,非密-危险特性汇总表.docx,109,pending_review,1177—1128KJ／kg,1177—1128KJ／kg,1177.0,,,1128.0,kJ/kg,source_dash_possible_tolerance,,{},,,,,,,
PROPPD_d69ac0b17a2b3cd7c13c,MATPD_63e16a6b884e1dfb932b,SRCPD_f0cb6e989be86f296fe8,性能,爆热,爆热4223—4238KJ／kg,parsed,False,,非密-危险特性汇总表.docx,110,accepted,4223—4238KJ／kg,4223—4238KJ／kg,,4223.0,4238.0,,kJ/kg,range,,{},,,,,,,
PROPPD_8930647651a4b5394909,MATPD_63e16a6b884e1dfb932b,SRCPD_f0cb6e989be86f296fe8,性能,火药力,火药力1176—1128KJ／kg,pending_review,True,descending_range_possible_tolerance,非密-危险特性汇总表.docx,110,pending_review,1176—1128KJ／kg,1176—1128KJ／kg,1176.0,,,1128.0,kJ/kg,source_dash_possible_tolerance,,{},,,,,,,
PROPPD_0aab68b1ba8a63b88eb7,MATPD_bdd6b2734d919445a180,SRCPD_d02b5ffe288a789fcec1,性能,爆热,爆热3640KJ／kg,parsed,False,,非密-危险特性汇总表.docx,112,accepted,3640KJ／kg,3640KJ／kg,3640.0,,,,kJ/kg,exact,,{},,,,,,,
PROPPD_fced5a06a15a095c3259,MATPD_bdd6b2734d919445a180,SRCPD_d02b5ffe288a789fcec1,性能,火药力,火药力1020KJ／kg,parsed,False,,非密-危险特性汇总表.docx,112,accepted,1020KJ／kg,1020KJ／kg,1020.0,,,,kJ/kg,exact,,{},,,,,,,
PROPPD_18eeb53d2ae88db2b9fa,MATPD_4b24484415efffdcc2af,SRCPD_67f0043afd057e040762,性能,爆热,爆热3755KJ／kg,parsed,False,,非密-危险特性汇总表.docx,113,accepted,3755KJ／kg,3755KJ／kg,3755.0,,,,kJ/kg,exact,,{},,,,,,,
PROPPD_41cbe23728ebe837758f,MATPD_4b24484415efffdcc2af,SRCPD_67f0043afd057e040762,性能,火药力,火药力1136KJ／kg,parsed,False,,非密-危险特性汇总表.docx,113,accepted,1136KJ／kg,1136KJ／kg,1136.0,,,,kJ/kg,exact,,{},,,,,,,
PROPPD_7f5a8cd3797f795fa786,MATPD_9e08224e3b599c9f9362,SRCPD_8605447aae1a13d279c7,性能,爆热,爆热3986KJ／kg,parsed,False,,非密-危险特性汇总表.docx,114,accepted,3986KJ／kg,3986KJ／kg,3986.0,,,,kJ/kg,exact,,{},,,,,,,
PROPPD_f044aa5e4d462f0b618d,MATPD_9e08224e3b599c9f9362,SRCPD_8605447aae1a13d279c7,性能,火药力,火药力1086KJ／kg,parsed,False,,非密-危险特性汇总表.docx,114,accepted,1086KJ／kg,1086KJ／kg,1086.0,,,,kJ/kg,exact,,{},,,,,,,
PROPPD_7966d3ae1056b2cc2f0a,MATPD_3463bad751ced58c69c3,SRCPD_b0e0c755d34f3733baeb,性能,爆热,爆热3655KJ／kg,parsed,False,,非密-危险特性汇总表.docx,115,accepted,3655KJ／kg,3655KJ／kg,3655.0,,,,kJ/kg,exact,,{},,,,,,,
PROPPD_f9ea040bc3af529e25bd,MATPD_3463bad751ced58c69c3,SRCPD_b0e0c755d34f3733baeb,性能,火药力,火药力1029KJ／kg,parsed,False,,非密-危险特性汇总表.docx,115,accepted,1029KJ／kg,1029KJ／kg,1029.0,,,,kJ/kg,exact,,{},,,,,,,
PROPPD_210a25745f4eeeb211a2,MATPD_1116b3c1dee1cb74790f,SRCPD_8baecc9ba9e7b03e16e3,性能,爆热,爆热3335KJ／kg,parsed,False,,非密-危险特性汇总表.docx,116,accepted,3335KJ／kg,3335KJ／kg,3335.0,,,,kJ/kg,exact,,{},,,,,,,
PROPPD_157b80dcc303517e1d00,MATPD_1116b3c1dee1cb74790f,SRCPD_8baecc9ba9e7b03e16e3,性能,火药力,火药力1027KJ／kg,parsed,False,,非密-危险特性汇总表.docx,116,accepted,1027KJ／kg,1027KJ／kg,1027.0,,,,kJ/kg,exact,,{},,,,,,,
PROPPD_0c03794115077daf8ebb,MATPD_774eb8327fc052a34862,SRCPD_f8e4eb4e8b4cf3ff03a3,性能,爆热,爆热3730KJ／kg,parsed,False,,非密-危险特性汇总表.docx,117,accepted,3730KJ／kg,3730KJ／kg,3730.0,,,,kJ/kg,exact,,{},,,,,,,
PROPPD_8acde6e8205beb2413ab,MATPD_774eb8327fc052a34862,SRCPD_f8e4eb4e8b4cf3ff03a3,性能,火药力,火药力1036KJ／kg,parsed,False,,非密-危险特性汇总表.docx,117,accepted,1036KJ／kg,1036KJ／kg,1036.0,,,,kJ/kg,exact,,{},,,,,,,
PROPPD_3b275b9e6eb17ab0275f,MATPD_286010867df6cd1488cc,SRCPD_7b945fad219374853ce0,性能,爆热,爆热3141KJ／kg,parsed,False,,非密-危险特性汇总表.docx,118,accepted,3141KJ／kg,3141KJ／kg,3141.0,,,,kJ/kg,exact,,{},,,,,,,
PROPPD_3390640615869a2e09ef,MATPD_286010867df6cd1488cc,SRCPD_7b945fad219374853ce0,性能,火药力,火药力997KJ／kg,parsed,False,,非密-危险特性汇总表.docx,118,accepted,997KJ／kg,997KJ／kg,997.0,,,,kJ/kg,exact,,{},,,,,,,
PROPPD_95c8ca3279de1a003bd8,MATPD_e6fbfac46b7f123e6460,SRCPD_45377927123f1586d741,性能,爆热,爆热3755KJ／kg,parsed,False,,非密-危险特性汇总表.docx,119,accepted,3755KJ／kg,3755KJ／kg,3755.0,,,,kJ/kg,exact,,{},,,,,,,
PROPPD_facc8168a44c7314f0ff,MATPD_e6fbfac46b7f123e6460,SRCPD_45377927123f1586d741,性能,火药力,火药力1027KJ／kg,parsed,False,,非密-危险特性汇总表.docx,119,accepted,1027KJ／kg,1027KJ／kg,1027.0,,,,kJ/kg,exact,,{},,,,,,,
PROPPD_a4044bf6ccd2ef02278d,MATPD_824947e064e90dc65315,SRCPD_d263851ce1eab0202edb,性能,爆热,爆热3900KJ／kg,parsed,False,,非密-危险特性汇总表.docx,120,accepted,3900KJ／kg,3900KJ／kg,3900.0,,,,kJ/kg,exact,,{},,,,,,,
PROPPD_779a8640ffab8ccfd626,MATPD_824947e064e90dc65315,SRCPD_d263851ce1eab0202edb,性能,火药力,火药力1079KJ／kg,parsed,False,,非密-危险特性汇总表.docx,120,accepted,1079KJ／kg,1079KJ／kg,1079.0,,,,kJ/kg,exact,,{},,,,,,,
PROPPD_e4f23679d8dc6789deb8,MATPD_54c93e3f90408e48b050,SRCPD_c8fe89781e9d18fc72b3,性能,爆热,爆热4726KJ／kg,parsed,False,,非密-危险特性汇总表.docx,121,accepted,4726KJ／kg,4726KJ／kg,4726.0,,,,kJ/kg,exact,,{},,,,,,,
PROPPD_937f7790a7d961d981dc,MATPD_54c93e3f90408e48b050,SRCPD_c8fe89781e9d18fc72b3,性能,火药力,火药力1270KJ／kg,parsed,False,,非密-危险特性汇总表.docx,121,accepted,1270KJ／kg,1270KJ／kg,1270.0,,,,kJ/kg,exact,,{},,,,,,,
PROPPD_623800774e944d1918cf,MATPD_24fd5cc46b868ceb8f09,SRCPD_209ee97fd1181caa8112,性能,爆热,爆热4885KJ／kg,parsed,False,,非密-危险特性汇总表.docx,122,accepted,4885KJ／kg,4885KJ／kg,4885.0,,,,kJ/kg,exact,,{},,,,,,,
PROPPD_d1d4fdcefe9bb2485862,MATPD_24fd5cc46b868ceb8f09,SRCPD_209ee97fd1181caa8112,性能,火药力,火药力1167KJ／kg,parsed,False,,非密-危险特性汇总表.docx,122,accepted,1167KJ／kg,1167KJ／kg,1167.0,,,,kJ/kg,exact,,{},,,,,,,
PROPPD_5117f853f3a05ba6cfd8,MATPD_ba604fdf2ecc706bd8d3,SRCPD_4034328979e7e49f5ced,性能,爆热,爆热4726KJ／kg,parsed,False,,非密-危险特性汇总表.docx,124,accepted,4726KJ／kg,4726KJ／kg,4726.0,,,,kJ/kg,exact,,{},,,,,,,
PROPPD_16be8eee05b314107c1f,MATPD_ba604fdf2ecc706bd8d3,SRCPD_4034328979e7e49f5ced,性能,火药力,火药力1270KJ／kg,parsed,False,,非密-危险特性汇总表.docx,124,accepted,1270KJ／kg,1270KJ／kg,1270.0,,,,kJ/kg,exact,,{},,,,,,,
PROPPD_d8d065e5c2f7e81a49e3,MATPD_9f13a8b28fdc4f8ad56c,SRCPD_bc5efa1923ed379747f2,性能,爆热,爆热3500KJ／kg,parsed,False,,非密-危险特性汇总表.docx,125,accepted,3500KJ／kg,3500KJ／kg,3500.0,,,,kJ/kg,exact,,{},,,,,,,
PROPPD_bf4d9de4db0925a18b90,MATPD_9f13a8b28fdc4f8ad56c,SRCPD_bc5efa1923ed379747f2,性能,火药力,火药力1106KJ／kg,parsed,False,,非密-危险特性汇总表.docx,125,accepted,1106KJ／kg,1106KJ／kg,1106.0,,,,kJ/kg,exact,,{},,,,,,,
PROPPD_36f536a39781880abf63,MATPD_f9020217392bc1943dd2,SRCPD_09ad640c1029bcc15b44,安定性,维也里试验温度,106.5℃维也里试验,parsed,False,,非密-危险特性汇总表.docx,4,accepted,106.5℃,106.5℃,106.5,,,,℃,exact,,{},,,,,,,
PROPPD_914dc4ce0790887b634c,MATPD_f9020217392bc1943dd2,SRCPD_09ad640c1029bcc15b44,安定性,普通法持续时间,普通法≥7h,parsed,False,,非密-危险特性汇总表.docx,4,accepted,≥7h,≥7h,,7.0,,,h,min,,{},,,,,,,
PROPPD_1825be66f5942a832b7c,MATPD_f9020217392bc1943dd2,SRCPD_09ad640c1029bcc15b44,安定性,重复法持续时间,重复法≥65h,parsed,False,,非密-危险特性汇总表.docx,4,accepted,≥65h,≥65h,,65.0,,,h,min,,{},,,,,,,
PROPPD_ae501784646711a04183,MATPD_f9020217392bc1943dd2,SRCPD_09ad640c1029bcc15b44,安定性,安定性原文,106.5℃维也里试验，普通法≥7h，重复法≥65h,raw_only,False,,非密-危险特性汇总表.docx,4,accepted,106.5℃维也里试验，普通法≥7h，重复法≥65h,106.5℃维也里试验，普通法≥7h，重复法≥65h,,,,,,,,{},,,,,,,
PROPPD_9a51aafbe841c11c165c,MATPD_f9020217392bc1943dd2,SRCPD_09ad640c1029bcc15b44,性能,爆热,爆热848.0kcal／kg,parsed,False,,非密-危险特性汇总表.docx,4,accepted,848.0kcal／kg,848.0kcal／kg,848.0,,,,kcal/kg,exact,,{},,,,,,,
PROPPD_755632581bd64d9e77ae,MATPD_f9020217392bc1943dd2,SRCPD_09ad640c1029bcc15b44,性能,比冲,比冲=1960N·s／kg,parsed,False,,非密-危险特性汇总表.docx,4,accepted,1960N·s／kg,1960N·s／kg,1960.0,,,,N·s/kg,exact,,{},,,,,,,
PROPPD_551b902c2d2d13dee69b,MATPD_f9020217392bc1943dd2,SRCPD_09ad640c1029bcc15b44,性能,燃速,燃速=10mm／s,parsed,False,,非密-危险特性汇总表.docx,4,accepted,10mm／s,10mm／s,10.0,,,,mm/s,exact,,{},,,,,,,
PROPPD_4abe08ad96ad8d5dd12d,MATPD_f9020217392bc1943dd2,SRCPD_09ad640c1029bcc15b44,性能,摩擦感度,摩擦感度16%,parsed,False,,非密-危险特性汇总表.docx,4,accepted,16%,16%,16.0,,,,%,exact,发火/爆炸率,{},,,,,,,
PROPPD_ff3552cd863ecbae34aa,MATPD_f9020217392bc1943dd2,SRCPD_09ad640c1029bcc15b44,性能,撞击感度,撞击感度50%,parsed,False,,非密-危险特性汇总表.docx,4,accepted,50%,50%,50.0,,,,%,exact,发火/爆炸率,{},,,,,,,
PROPPD_5a035d6ddfcb3bd23bf2,MATPD_c078a4fbe01e9c35ba9b,SRCPD_d9645cbafb8ce35282fb,安定性,维也里试验温度,106.5℃维也里试验,parsed,False,,非密-危险特性汇总表.docx,5,accepted,106.5℃,106.5℃,106.5,,,,℃,exact,,{},,,,,,,
PROPPD_4707ddaae5d7c9139e61,MATPD_c078a4fbe01e9c35ba9b,SRCPD_d9645cbafb8ce35282fb,安定性,普通法持续时间,普通法≥7h,parsed,False,,非密-危险特性汇总表.docx,5,accepted,≥7h,≥7h,,7.0,,,h,min,,{},,,,,,,
PROPPD_929472cc5cfe4ef268ad,MATPD_c078a4fbe01e9c35ba9b,SRCPD_d9645cbafb8ce35282fb,安定性,重复法持续时间,重复法≥65h,parsed,False,,非密-危险特性汇总表.docx,5,accepted,≥65h,≥65h,,65.0,,,h,min,,{},,,,,,,
PROPPD_fda3c50c53f8d0c87092,MATPD_c078a4fbe01e9c35ba9b,SRCPD_d9645cbafb8ce35282fb,安定性,安定性原文,106.5℃维也里试验，普通法≥7h，重复法≥65h,raw_only,False,,非密-危险特性汇总表.docx,5,accepted,106.5℃维也里试验，普通法≥7h，重复法≥65h,106.5℃维也里试验，普通法≥7h，重复法≥65h,,,,,,,,{},,,,,,,
PROPPD_8c394b9304b0ee906919,MATPD_c078a4fbe01e9c35ba9b,SRCPD_d9645cbafb8ce35282fb,性能,定容爆热,定容爆热854kcal／kg,parsed,False,,非密-危险特性汇总表.docx,5,accepted,854kcal／kg,854kcal／kg,854.0,,,,kcal/kg,exact,,{},,,,,,,
PROPPD_1c5e6da476c22e252609,MATPD_c078a4fbe01e9c35ba9b,SRCPD_d9645cbafb8ce35282fb,性能,比容,比容811.1L／kg,parsed,False,,非密-危险特性汇总表.docx,5,accepted,811.1L／kg,811.1L／kg,811.1,,,,L/kg,exact,,{},,,,,,,
PROPPD_907a3a1ff803fa2d72ab,MATPD_c078a4fbe01e9c35ba9b,SRCPD_d9645cbafb8ce35282fb,性能,比冲,比冲1960N·s／kg,parsed,False,,非密-危险特性汇总表.docx,5,accepted,1960N·s／kg,1960N·s／kg,1960.0,,,,N·s/kg,exact,,{},,,,,,,
PROPPD_fc67c450bcb458658f19,MATPD_c078a4fbe01e9c35ba9b,SRCPD_d9645cbafb8ce35282fb,性能,燃速,燃速10mm／s,parsed,False,,非密-危险特性汇总表.docx,5,accepted,10mm／s,10mm／s,10.0,,,,mm/s,exact,,{},,,,,,,
PROPPD_ee117276ec0c554f680e,MATPD_0c32d92626e5a3ad8490,SRCPD_b6419aac14e11c0f5c49,安定性,维也里试验温度,106.5℃维也里试验,parsed,False,,非密-危险特性汇总表.docx,6,accepted,106.5℃,106.5℃,106.5,,,,℃,exact,,{},,,,,,,
PROPPD_d24a28ae323eab5501e1,MATPD_0c32d92626e5a3ad8490,SRCPD_b6419aac14e11c0f5c49,安定性,普通法持续时间,普通法≥7h,parsed,False,,非密-危险特性汇总表.docx,6,accepted,≥7h,≥7h,,7.0,,,h,min,,{},,,,,,,
PROPPD_151fd1d353e40dcebc18,MATPD_0c32d92626e5a3ad8490,SRCPD_b6419aac14e11c0f5c49,安定性,重复法持续时间,重复法≥70h,parsed,False,,非密-危险特性汇总表.docx,6,accepted,≥70h,≥70h,,70.0,,,h,min,,{},,,,,,,
PROPPD_9974f95a62d778dabb6d,MATPD_0c32d92626e5a3ad8490,SRCPD_b6419aac14e11c0f5c49,安定性,安定性原文,106.5℃维也里试验，普通法≥7h，重复法≥70h,raw_only,False,,非密-危险特性汇总表.docx,6,accepted,106.5℃维也里试验，普通法≥7h，重复法≥70h,106.5℃维也里试验，普通法≥7h，重复法≥70h,,,,,,,,{},,,,,,,
PROPPD_6aaef8e14a81d51769d0,MATPD_0c32d92626e5a3ad8490,SRCPD_b6419aac14e11c0f5c49,性能,定容爆热,定容爆热862kcal／kg,parsed,False,,非密-危险特性汇总表.docx,6,accepted,862kcal／kg,862kcal／kg,862.0,,,,kcal/kg,exact,,{},,,,,,,
PROPPD_9c1461b081cb26db7ad7,MATPD_0c32d92626e5a3ad8490,SRCPD_b6419aac14e11c0f5c49,性能,比容,比容753L／kg,parsed,False,,非密-危险特性汇总表.docx,6,accepted,753L／kg,753L／kg,753.0,,,,L/kg,exact,,{},,,,,,,
PROPPD_f0b9376472099b0322f9,MATPD_0c32d92626e5a3ad8490,SRCPD_b6419aac14e11c0f5c49,性能,比冲,比冲1960 N·s／kg,parsed,False,,非密-危险特性汇总表.docx,6,accepted,1960 N·s／kg,1960 N·s／kg,1960.0,,,,N·s/kg,exact,,{},,,,,,,
PROPPD_e9aa32d03e0c0dc1b62e,MATPD_0c32d92626e5a3ad8490,SRCPD_b6419aac14e11c0f5c49,性能,燃速,燃速10mm／s,parsed,False,,非密-危险特性汇总表.docx,6,accepted,10mm／s,10mm／s,10.0,,,,mm/s,exact,,{},,,,,,,
PROPPD_0870bf7e41b25f1d20a3,MATPD_c48729d3651156ef299f,SRCPD_ede6e936cc7b92e4927a,性能,比冲,比冲1960 N·s／kg,parsed,False,,非密-危险特性汇总表.docx,7,accepted,1960 N·s／kg,1960 N·s／kg,1960.0,,,,N·s/kg,exact,,{},,,,,,,
PROPPD_85b61d702f987703090a,MATPD_c48729d3651156ef299f,SRCPD_ede6e936cc7b92e4927a,性能,燃速,燃速10mm／s,parsed,False,,非密-危险特性汇总表.docx,7,accepted,10mm／s,10mm／s,10.0,,,,mm/s,exact,,{},,,,,,,
PROPPD_73bd63c1dc4aa3338a5d,MATPD_3065a840a5c093e27701,SRCPD_42552aac378c282fc895,性能,定容爆热,定容爆热862kcal／kg,parsed,False,,非密-危险特性汇总表.docx,8,accepted,862kcal／kg,862kcal／kg,862.0,,,,kcal/kg,exact,,{},,,,,,,
PROPPD_9638d25c3ec64fbeec24,MATPD_3065a840a5c093e27701,SRCPD_42552aac378c282fc895,性能,比容,比容761.5L／kg,parsed,False,,非密-危险特性汇总表.docx,8,accepted,761.5L／kg,761.5L／kg,761.5,,,,L/kg,exact,,{},,,,,,,
PROPPD_535f672bd65e6dc48933,MATPD_3065a840a5c093e27701,SRCPD_42552aac378c282fc895,性能,比冲,比冲1960N·s／kg,parsed,False,,非密-危险特性汇总表.docx,8,accepted,1960N·s／kg,1960N·s／kg,1960.0,,,,N·s/kg,exact,,{},,,,,,,
PROPPD_acd1edc7ece43a68a5c3,MATPD_3065a840a5c093e27701,SRCPD_42552aac378c282fc895,性能,燃速,燃速12mm／s,parsed,False,,非密-危险特性汇总表.docx,8,accepted,12mm／s,12mm／s,12.0,,,,mm/s,exact,,{},,,,,,,
PROPPD_182bfca5972cb55c5267,MATPD_8fbec213443813dc3d9e,SRCPD_4433fab497c0a4992626,性能,定容爆热,定容爆热885.0kcal／kg,parsed,False,,非密-危险特性汇总表.docx,9,accepted,885.0kcal／kg,885.0kcal／kg,885.0,,,,kcal/kg,exact,,{},,,,,,,
PROPPD_21387bec4f6d5535a4c8,MATPD_8fbec213443813dc3d9e,SRCPD_4433fab497c0a4992626,性能,比容,比容767.5L／kg,parsed,False,,非密-危险特性汇总表.docx,9,accepted,767.5L／kg,767.5L／kg,767.5,,,,L/kg,exact,,{},,,,,,,
PROPPD_eb796f47e06c89729ded,MATPD_8fbec213443813dc3d9e,SRCPD_4433fab497c0a4992626,性能,比冲,比冲1960N·s／kg,parsed,False,,非密-危险特性汇总表.docx,9,accepted,1960N·s／kg,1960N·s／kg,1960.0,,,,N·s/kg,exact,,{},,,,,,,
PROPPD_618fbb6a996bbc7ee1c9,MATPD_8fbec213443813dc3d9e,SRCPD_4433fab497c0a4992626,性能,燃速,燃速10mm／s,parsed,False,,非密-危险特性汇总表.docx,9,accepted,10mm／s,10mm／s,10.0,,,,mm/s,exact,,{},,,,,,,
PROPPD_9459080d457e2635fc8b,MATPD_73dd86fcf485ce60a59b,SRCPD_bf4c2264eff77973bd1f,安定性,维也里试验温度,106.5℃维也里试验,parsed,False,,非密-危险特性汇总表.docx,10,accepted,106.5℃,106.5℃,106.5,,,,℃,exact,,{},,,,,,,
PROPPD_1018aaff6557c05d2d00,MATPD_73dd86fcf485ce60a59b,SRCPD_bf4c2264eff77973bd1f,安定性,普通法持续时间,普通法≥7h,parsed,False,,非密-危险特性汇总表.docx,10,accepted,≥7h,≥7h,,7.0,,,h,min,,{},,,,,,,
PROPPD_75f80a0183d89d1b65dd,MATPD_73dd86fcf485ce60a59b,SRCPD_bf4c2264eff77973bd1f,安定性,重复法持续时间,重复法≥50h,parsed,False,,非密-危险特性汇总表.docx,10,accepted,≥50h,≥50h,,50.0,,,h,min,,{},,,,,,,
PROPPD_6676853d4f9105d51015,MATPD_73dd86fcf485ce60a59b,SRCPD_bf4c2264eff77973bd1f,安定性,安定性原文,106.5℃维也里试验，普通法≥7h，重复法≥50h,raw_only,False,,非密-危险特性汇总表.docx,10,accepted,106.5℃维也里试验，普通法≥7h，重复法≥50h,106.5℃维也里试验，普通法≥7h，重复法≥50h,,,,,,,,{},,,,,,,
PROPPD_c35c1eeb0674ce7f4552,MATPD_73dd86fcf485ce60a59b,SRCPD_bf4c2264eff77973bd1f,性能,比冲,比冲1960N·s／kg,parsed,False,,非密-危险特性汇总表.docx,10,accepted,1960N·s／kg,1960N·s／kg,1960.0,,,,N·s/kg,exact,,{},,,,,,,
PROPPD_1860de91ee1eb8a6c80a,MATPD_73dd86fcf485ce60a59b,SRCPD_bf4c2264eff77973bd1f,性能,燃速,燃速10mm／s,parsed,False,,非密-危险特性汇总表.docx,10,accepted,10mm／s,10mm／s,10.0,,,,mm/s,exact,,{},,,,,,,
PROPPD_c172b9c787677eb503fa,MATPD_b905ee6a3696e679600a,SRCPD_f8b219f44f46a6922191,安定性,维也里试验温度,106.5℃维也里试验,parsed,False,,非密-危险特性汇总表.docx,11,accepted,106.5℃,106.5℃,106.5,,,,℃,exact,,{},,,,,,,
PROPPD_87f39e5b748d271ccd59,MATPD_b905ee6a3696e679600a,SRCPD_f8b219f44f46a6922191,安定性,普通法持续时间,普通法≥7h,parsed,False,,非密-危险特性汇总表.docx,11,accepted,≥7h,≥7h,,7.0,,,h,min,,{},,,,,,,
PROPPD_7f343de509c4b2802b2e,MATPD_b905ee6a3696e679600a,SRCPD_f8b219f44f46a6922191,安定性,重复法持续时间,重复法≥50h,parsed,False,,非密-危险特性汇总表.docx,11,accepted,≥50h,≥50h,,50.0,,,h,min,,{},,,,,,,
PROPPD_75b4595fcaf261beba08,MATPD_b905ee6a3696e679600a,SRCPD_f8b219f44f46a6922191,安定性,安定性原文,106.5℃维也里试验，普通法≥7h，重复法≥50h,raw_only,False,,非密-危险特性汇总表.docx,11,accepted,106.5℃维也里试验，普通法≥7h，重复法≥50h,106.5℃维也里试验，普通法≥7h，重复法≥50h,,,,,,,,{},,,,,,,
PROPPD_ed32879b3126d620dad8,MATPD_b905ee6a3696e679600a,SRCPD_f8b219f44f46a6922191,性能,比冲,比冲1960N·s／kg,parsed,False,,非密-危险特性汇总表.docx,11,accepted,1960N·s／kg,1960N·s／kg,1960.0,,,,N·s/kg,exact,,{},,,,,,,
PROPPD_e4c8366e6c7c06efd3c7,MATPD_b905ee6a3696e679600a,SRCPD_f8b219f44f46a6922191,性能,燃速,燃速10mm／s,parsed,False,,非密-危险特性汇总表.docx,11,accepted,10mm／s,10mm／s,10.0,,,,mm/s,exact,,{},,,,,,,
PROPPD_9f2310199cd2b86259bb,MATPD_24933c1e2e75faa70acc,SRCPD_c639183b0fee6baa783e,性能,比冲,比冲1960N·s／kg,parsed,False,,非密-危险特性汇总表.docx,12,accepted,1960N·s／kg,1960N·s／kg,1960.0,,,,N·s/kg,exact,,{},,,,,,,
PROPPD_a8b94a1fb18e362eec1e,MATPD_24933c1e2e75faa70acc,SRCPD_c639183b0fee6baa783e,性能,燃速,燃速5mm／s,parsed,False,,非密-危险特性汇总表.docx,12,accepted,5mm／s,5mm／s,5.0,,,,mm/s,exact,,{},,,,,,,
PROPPD_6cee5c8fd85d940ec8c7,MATPD_d5b24d63c09770a530e3,SRCPD_89319d96bbcbbf87b80f,性能,比冲,比冲2156N·s／kg,parsed,False,,非密-危险特性汇总表.docx,13,accepted,2156N·s／kg,2156N·s／kg,2156.0,,,,N·s/kg,exact,,{},,,,,,,
PROPPD_49325da08afff48ed26a,MATPD_d5b24d63c09770a530e3,SRCPD_89319d96bbcbbf87b80f,性能,燃速,燃速20mm／s,parsed,False,,非密-危险特性汇总表.docx,13,accepted,20mm／s,20mm／s,20.0,,,,mm/s,exact,,{},,,,,,,
PROPPD_253ae6e4432621743af8,MATPD_decf298c3980040e4c3b,SRCPD_1e70064f58f7a8956c5c,性能,比冲,比冲1960N·s／kg,parsed,False,,非密-危险特性汇总表.docx,14,accepted,1960N·s／kg,1960N·s／kg,1960.0,,,,N·s/kg,exact,,{},,,,,,,
PROPPD_fe304ede4d5e67627cbf,MATPD_decf298c3980040e4c3b,SRCPD_1e70064f58f7a8956c5c,性能,燃速,燃速10mm／s,parsed,False,,非密-危险特性汇总表.docx,14,accepted,10mm／s,10mm／s,10.0,,,,mm/s,exact,,{},,,,,,,
PROPPD_783e99aed8051bb96fa1,MATPD_4f90e37f99e13e8137b8,SRCPD_faeead527d9b35497723,性能,比冲,比冲1960N·s／kg,parsed,False,,非密-危险特性汇总表.docx,15,accepted,1960N·s／kg,1960N·s／kg,1960.0,,,,N·s/kg,exact,,{},,,,,,,
PROPPD_ecfaedc944675ef16c2a,MATPD_4f90e37f99e13e8137b8,SRCPD_faeead527d9b35497723,性能,燃速,燃速10mm／s,parsed,False,,非密-危险特性汇总表.docx,15,accepted,10mm／s,10mm／s,10.0,,,,mm/s,exact,,{},,,,,,,
PROPPD_5597d85daebd5c8f0d74,MATPD_92c47718a6a668dfacb2,SRCPD_37e300df1856b922dd0d,性能,比冲,比冲（2170）N·s／kg,parsed,False,,非密-危险特性汇总表.docx,16,accepted,（2170）N·s／kg,（2170）N·s／kg,2170.0,,,,N·s/kg,exact,,{},,,,,,,
PROPPD_1552bdf6223849af88bf,MATPD_92c47718a6a668dfacb2,SRCPD_37e300df1856b922dd0d,性能,燃速,燃速12.5mm／s,parsed,False,,非密-危险特性汇总表.docx,16,accepted,12.5mm／s,12.5mm／s,12.5,,,,mm/s,exact,,{},,,,,,,
PROPPD_a363ee46fac7140f94e3,MATPD_107568f2d8d59a019b7e,SRCPD_da28aa6252fb746243ea,性能,比冲,比冲（2089）N·s／kg,parsed,False,,非密-危险特性汇总表.docx,17,accepted,（2089）N·s／kg,（2089）N·s／kg,2089.0,,,,N·s/kg,exact,,{},,,,,,,
PROPPD_6403cd3807b5194c5def,MATPD_107568f2d8d59a019b7e,SRCPD_da28aa6252fb746243ea,性能,燃速,燃速11—15mm／s,parsed,False,,非密-危险特性汇总表.docx,17,accepted,11—15mm／s,11—15mm／s,,11.0,15.0,,mm/s,range,,{},,,,,,,
PROPPD_5fca1a02b87628bc00fa,MATPD_b9a721be104a9536da3c,SRCPD_4bebbac832a04dd6d6f0,性能,比冲,比冲2156N·s／kg,parsed,False,,非密-危险特性汇总表.docx,18,accepted,2156N·s／kg,2156N·s／kg,2156.0,,,,N·s/kg,exact,,{},,,,,,,
PROPPD_6c8155f1d9879a8c24cf,MATPD_b9a721be104a9536da3c,SRCPD_4bebbac832a04dd6d6f0,性能,燃速,燃速20mm／s,parsed,False,,非密-危险特性汇总表.docx,18,accepted,20mm／s,20mm／s,20.0,,,,mm/s,exact,,{},,,,,,,
PROPPD_f364e3eb0000f4db4ea9,MATPD_fce6879b482fe176fffb,SRCPD_09c6b10bdc992fff99e7,性能,比冲,比冲1962N·s／kg,parsed,False,,非密-危险特性汇总表.docx,19,accepted,1962N·s／kg,1962N·s／kg,1962.0,,,,N·s/kg,exact,,{},,,,,,,
PROPPD_ec475d9504a5fc57f6d4,MATPD_fce6879b482fe176fffb,SRCPD_09c6b10bdc992fff99e7,性能,燃速,燃速11mm／s,parsed,False,,非密-危险特性汇总表.docx,19,accepted,11mm／s,11mm／s,11.0,,,,mm/s,exact,,{},,,,,,,
PROPPD_6eff1421e715bc7ee039,MATPD_157f798fd61a463289fc,SRCPD_62814b194cb9bd3dd7c9,性能,比冲,比冲1900N·s／kg,parsed,False,,非密-危险特性汇总表.docx,20,accepted,1900N·s／kg,1900N·s／kg,1900.0,,,,N·s/kg,exact,,{},,,,,,,
PROPPD_199b7c4f05a996079e05,MATPD_157f798fd61a463289fc,SRCPD_62814b194cb9bd3dd7c9,性能,燃速,燃速15mm／s,parsed,False,,非密-危险特性汇总表.docx,20,accepted,15mm／s,15mm／s,15.0,,,,mm/s,exact,,{},,,,,,,
PROPPD_b9ea0fc8eb715c4d54e7,MATPD_a28f8d8f2d33dfbddcc7,SRCPD_05e55a8d9ef8d2c1efcb,性能,比冲,比冲1101N·s／kg,parsed,False,,非密-危险特性汇总表.docx,21,accepted,1101N·s／kg,1101N·s／kg,1101.0,,,,N·s/kg,exact,,{},,,,,,,
PROPPD_a5c27b73140413f569d6,MATPD_a28f8d8f2d33dfbddcc7,SRCPD_05e55a8d9ef8d2c1efcb,性能,燃速,燃速9.15mm／s,parsed,False,,非密-危险特性汇总表.docx,21,accepted,9.15mm／s,9.15mm／s,9.15,,,,mm/s,exact,,{},,,,,,,
PROPPD_ec57c59c60b35e080da1,MATPD_219662e9cb96d2bb2f16,SRCPD_3b16064dc52aff3bac92,性能,燃速,燃速20mm／s,parsed,False,,非密-危险特性汇总表.docx,22,accepted,20mm／s,20mm／s,20.0,,,,mm/s,exact,,{},,,,,,,
PROPPD_bfdde8c715c58a7e606c,MATPD_e901599fec3a9a379454,SRCPD_f6f90d890c3bf598ca58,性能,比冲,比冲2176.9N·s／kg,parsed,False,,非密-危险特性汇总表.docx,23,accepted,2176.9N·s／kg,2176.9N·s／kg,2176.9,,,,N·s/kg,exact,,{},,,,,,,
PROPPD_37d631c1b7b8e8d295c5,MATPD_e901599fec3a9a379454,SRCPD_f6f90d890c3bf598ca58,性能,燃速,燃速24mm／s,parsed,False,,非密-危险特性汇总表.docx,23,accepted,24mm／s,24mm／s,24.0,,,,mm/s,exact,,{},,,,,,,
PROPPD_a8b540b77fb2c94889c1,MATPD_a0b8a4302ee3ede51e30,SRCPD_34cd59d752b8c9f8a739,性能,燃速,燃速3.18mm／s,parsed,False,,非密-危险特性汇总表.docx,24,accepted,3.18mm／s,3.18mm／s,3.18,,,,mm/s,exact,,{},,,,,,,
PROPPD_934e58867ca8d6ba98c0,MATPD_39ccab7fef752768c45d,SRCPD_af462dc7f03628a8fc35,性能,燃速,燃速15mm／s,parsed,False,,非密-危险特性汇总表.docx,28,accepted,15mm／s,15mm／s,15.0,,,,mm/s,exact,,{},,,,,,,
PROPPD_c0c10c863a8908e9419b,MATPD_33bce9298f2a558f0587,SRCPD_4dee75e46c92168fd2f1,性能,比冲,比冲2058N·s／kg,parsed,False,,非密-危险特性汇总表.docx,29,accepted,2058N·s／kg,2058N·s／kg,2058.0,,,,N·s/kg,exact,,{},,,,,,,
PROPPD_d06c067ea2075536cde6,MATPD_05485a1fd7f492ffa539,SRCPD_7720661d8610b2cb2421,性能,比冲,比冲2223N·s／kg,parsed,False,,非密-危险特性汇总表.docx,31,accepted,2223N·s／kg,2223N·s／kg,2223.0,,,,N·s/kg,exact,,{},,,,,,,
PROPPD_faceac8215434a5ff16b,MATPD_05485a1fd7f492ffa539,SRCPD_7720661d8610b2cb2421,性能,燃速,燃速25mm／s,parsed,False,,非密-危险特性汇总表.docx,31,accepted,25mm／s,25mm／s,25.0,,,,mm/s,exact,,{},,,,,,,
PROPPD_9f19d8956255f29c7278,MATPD_cd9fd1a78f2829907b59,SRCPD_17f580ebe3a935181804,性能,比冲,比冲2223N·s／kg,parsed,False,,非密-危险特性汇总表.docx,32,accepted,2223N·s／kg,2223N·s／kg,2223.0,,,,N·s/kg,exact,,{},,,,,,,
PROPPD_6f917f6fc80dfae95a55,MATPD_cd9fd1a78f2829907b59,SRCPD_17f580ebe3a935181804,性能,燃速,燃速30mm／s,parsed,False,,非密-危险特性汇总表.docx,32,accepted,30mm／s,30mm／s,30.0,,,,mm/s,exact,,{},,,,,,,
PROPPD_3048520ea357a94d0acc,MATPD_ec55cac6e31ed7c35c9c,SRCPD_2456b4867865713016c6,性能,比冲,比冲2223N·s／kg,parsed,False,,非密-危险特性汇总表.docx,33,accepted,2223N·s／kg,2223N·s／kg,2223.0,,,,N·s/kg,exact,,{},,,,,,,
PROPPD_aed0fed71ddd006460f8,MATPD_ec55cac6e31ed7c35c9c,SRCPD_2456b4867865713016c6,性能,燃速,燃速35mm／s,parsed,False,,非密-危险特性汇总表.docx,33,accepted,35mm／s,35mm／s,35.0,,,,mm/s,exact,,{},,,,,,,
PROPPD_56252c239344a1907f19,MATPD_ec55cac6e31ed7c35c9c,SRCPD_2456b4867865713016c6,性能,压强系数,压强系数≤0.5,parsed,False,,非密-危险特性汇总表.docx,33,accepted,≤0.5,≤0.5,,,0.5,,,max,,{},,,,,,,
PROPPD_51a9bc96c6c39f4ef219,MATPD_b7464dfe1fe59b1c4fb8,SRCPD_e5d582434909122319dc,性能,比冲,比冲2614N·s／kg,parsed,False,,非密-危险特性汇总表.docx,34,accepted,2614N·s／kg,2614N·s／kg,2614.0,,,,N·s/kg,exact,,{},,,,,,,
PROPPD_ba3e59251d810cad961f,MATPD_4994facc1af7cb2d1b72,SRCPD_4d29f8dca1dcd85e52e1,性能,比冲,比冲2180N·s／kg,parsed,False,,非密-危险特性汇总表.docx,35,accepted,2180N·s／kg,2180N·s／kg,2180.0,,,,N·s/kg,exact,,{},,,,,,,
PROPPD_fbc612605ebad74d6fe8,MATPD_4994facc1af7cb2d1b72,SRCPD_4d29f8dca1dcd85e52e1,性能,燃速,燃速≥23mm／s,parsed,False,,非密-危险特性汇总表.docx,35,accepted,≥23mm／s,≥23mm／s,,23.0,,,mm/s,min,,{},,,,,,,
PROPPD_11992aab8618bca26c55,MATPD_f8191316f5a80c9d2d84,SRCPD_008f86c6d47ae55a9a19,性能,比冲,比冲2180N·s／kg,parsed,False,,非密-危险特性汇总表.docx,36,accepted,2180N·s／kg,2180N·s／kg,2180.0,,,,N·s/kg,exact,,{},,,,,,,
PROPPD_3915aa00d8f01b96a3bf,MATPD_f8191316f5a80c9d2d84,SRCPD_008f86c6d47ae55a9a19,性能,燃速,燃速22.5mm／s,parsed,False,,非密-危险特性汇总表.docx,36,accepted,22.5mm／s,22.5mm／s,22.5,,,,mm/s,exact,,{},,,,,,,
PROPPD_0cce55bf9ab062cc2634,MATPD_f8191316f5a80c9d2d84,SRCPD_008f86c6d47ae55a9a19,性能,压强系数,压强系数≤0.3,parsed,False,,非密-危险特性汇总表.docx,36,accepted,≤0.3,≤0.3,,,0.3,,,max,,{},,,,,,,
PROPPD_daa580e8fbe869fbe1eb,MATPD_38eb7ccdfab047f6e76d,SRCPD_b1574434144b45f1dd85,性能,比冲,比冲2265—2234N·s／kg,pending_review,True,descending_range_possible_tolerance,非密-危险特性汇总表.docx,38,pending_review,2265—2234N·s／kg,2265—2234N·s／kg,2265.0,,,2234.0,N·s/kg,source_dash_possible_tolerance,,{},,,,,,,
PROPPD_aa4649582d9018863599,MATPD_38eb7ccdfab047f6e76d,SRCPD_b1574434144b45f1dd85,性能,燃速,燃速25—26mm／s,parsed,False,,非密-危险特性汇总表.docx,38,accepted,25—26mm／s,25—26mm／s,,25.0,26.0,,mm/s,range,,{},,,,,,,
PROPPD_17e3c8f5e1032343bdbf,MATPD_38eb7ccdfab047f6e76d,SRCPD_b1574434144b45f1dd85,性能,压强系数,压强系数≤0.24,parsed,False,,非密-危险特性汇总表.docx,38,accepted,≤0.24,≤0.24,,,0.24,,,max,,{},,,,,,,
PROPPD_91b7afa550379a493caa,MATPD_6adc1a1c37ed7e22b103,SRCPD_573e351b7454f62d51a7,性能,比冲,比冲2265N·s／kg,parsed,False,,非密-危险特性汇总表.docx,39,accepted,2265N·s／kg,2265N·s／kg,2265.0,,,,N·s/kg,exact,,{},,,,,,,
PROPPD_a2ccb25c7ac895e9f707,MATPD_6adc1a1c37ed7e22b103,SRCPD_573e351b7454f62d51a7,性能,燃速,燃速11—12mm／s,parsed,False,,非密-危险特性汇总表.docx,39,accepted,11—12mm／s,11—12mm／s,,11.0,12.0,,mm/s,range,,{},,,,,,,
PROPPD_201b56ef1d9c87b35253,MATPD_6adc1a1c37ed7e22b103,SRCPD_573e351b7454f62d51a7,性能,压强系数,压强系数0.16,parsed,False,,非密-危险特性汇总表.docx,39,accepted,0.16,0.16,0.16,,,,,exact,,{},,,,,,,
PROPPD_1f6649aba28e0cd0cd4e,MATPD_1a8fe53d06d16550a507,SRCPD_bcd0993b0adb33845509,性能,比冲,比冲2265N·s／kg,parsed,False,,非密-危险特性汇总表.docx,40,accepted,2265N·s／kg,2265N·s／kg,2265.0,,,,N·s/kg,exact,,{},,,,,,,
PROPPD_d4bd94d4dec5c7360459,MATPD_1a8fe53d06d16550a507,SRCPD_bcd0993b0adb33845509,性能,燃速,燃速≤30.55mm／s,parsed,False,,非密-危险特性汇总表.docx,40,accepted,≤30.55mm／s,≤30.55mm／s,,,30.55,,mm/s,max,,{},,,,,,,
PROPPD_898be8fa544d68b0142d,MATPD_1a8fe53d06d16550a507,SRCPD_bcd0993b0adb33845509,性能,压强系数,压强系数≤0.1,parsed,False,,非密-危险特性汇总表.docx,40,accepted,≤0.1,≤0.1,,,0.1,,,max,,{},,,,,,,
PROPPD_9c184f394c3d6d58bb16,MATPD_66e2caa26904d88d9b6b,SRCPD_91a597d123c4124fe619,性能,比冲,比冲2205N·s／kg,parsed,False,,非密-危险特性汇总表.docx,41,accepted,2205N·s／kg,2205N·s／kg,2205.0,,,,N·s/kg,exact,,{},,,,,,,
PROPPD_50ea9d323acd6431a3e5,MATPD_66e2caa26904d88d9b6b,SRCPD_91a597d123c4124fe619,性能,燃速,燃速35—60mm／s,parsed,False,,非密-危险特性汇总表.docx,41,accepted,35—60mm／s,35—60mm／s,,35.0,60.0,,mm/s,range,,{},,,,,,,
PROPPD_355c8d98588f6aac8791,MATPD_66e2caa26904d88d9b6b,SRCPD_91a597d123c4124fe619,性能,压强系数,压强系数0.52,parsed,False,,非密-危险特性汇总表.docx,41,accepted,0.52,0.52,0.52,,,,,exact,,{},,,,,,,
PROPPD_3359bce1e00dff8e5355,MATPD_f25d9d02c19dff2ad229,SRCPD_f05cadb9ef39bfc701f8,性能,比冲,比冲2205N·s／kg,parsed,False,,非密-危险特性汇总表.docx,42,accepted,2205N·s／kg,2205N·s／kg,2205.0,,,,N·s/kg,exact,,{},,,,,,,
PROPPD_74c2988477c9108265b5,MATPD_f25d9d02c19dff2ad229,SRCPD_f05cadb9ef39bfc701f8,性能,燃速,燃速52—56mm／s,parsed,False,,非密-危险特性汇总表.docx,42,accepted,52—56mm／s,52—56mm／s,,52.0,56.0,,mm/s,range,,{},,,,,,,
PROPPD_18b4b1f8441777614fd1,MATPD_cd9af366d8892d4a7a5c,SRCPD_88055d5aa871d9f43410,性能,比冲,比冲2255N·s／kg,parsed,False,,非密-危险特性汇总表.docx,43,accepted,2255N·s／kg,2255N·s／kg,2255.0,,,,N·s/kg,exact,,{},,,,,,,
PROPPD_6bb39fb1a37804471e98,MATPD_cd9af366d8892d4a7a5c,SRCPD_88055d5aa871d9f43410,性能,燃速,燃速54—58mm／s,parsed,False,,非密-危险特性汇总表.docx,43,accepted,54—58mm／s,54—58mm／s,,54.0,58.0,,mm/s,range,,{},,,,,,,
PROPPD_b5dad7f28c5fdc85cc34,MATPD_cca5628303164722aaa8,SRCPD_2c5cc7dafd88945a4126,性能,比冲,比冲2122.2N·s／kg,parsed,False,,非密-危险特性汇总表.docx,45,accepted,2122.2N·s／kg,2122.2N·s／kg,2122.2,,,,N·s/kg,exact,,{},,,,,,,
PROPPD_b50376b9e6ff487c56e7,MATPD_cca5628303164722aaa8,SRCPD_2c5cc7dafd88945a4126,性能,燃速,燃速11.6mm／s,parsed,False,,非密-危险特性汇总表.docx,45,accepted,11.6mm／s,11.6mm／s,11.6,,,,mm/s,exact,,{},,,,,,,
PROPPD_805e6070f19b6b608135,MATPD_7f0ca4da610f8122c08c,SRCPD_fa9d7ad6136c34713d9c,性能,燃速,燃速4.3mm／s,parsed,False,,非密-危险特性汇总表.docx,46,accepted,4.3mm／s,4.3mm／s,4.3,,,,mm/s,exact,,{},,,,,,,
PROPPD_9ad7014d7efcdb3c853e,MATPD_bea1ee79beac4d343250,SRCPD_2e30aff85662955ec3f4,性能,比冲,比冲2287N·s／kg,parsed,False,,非密-危险特性汇总表.docx,47,accepted,2287N·s／kg,2287N·s／kg,2287.0,,,,N·s/kg,exact,,{},,,,,,,
PROPPD_80817a3fe762f4cd4250,MATPD_bea1ee79beac4d343250,SRCPD_2e30aff85662955ec3f4,性能,燃速,燃速29mm／s,parsed,False,,非密-危险特性汇总表.docx,47,accepted,29mm／s,29mm／s,29.0,,,,mm/s,exact,,{},,,,,,,
PROPPD_444ea9c6e1c519359ca0,MATPD_3ed1b8b57d1956b32c83,SRCPD_e60a72bad4ed1bcb66c6,性能,比冲,比冲2175.7N·s／kg,parsed,False,,非密-危险特性汇总表.docx,48,accepted,2175.7N·s／kg,2175.7N·s／kg,2175.7,,,,N·s/kg,exact,,{},,,,,,,
PROPPD_c66fb16f18f9d03ad648,MATPD_3ed1b8b57d1956b32c83,SRCPD_e60a72bad4ed1bcb66c6,性能,燃速,燃速17.7mm／s,parsed,False,,非密-危险特性汇总表.docx,48,accepted,17.7mm／s,17.7mm／s,17.7,,,,mm/s,exact,,{},,,,,,,
PROPPD_35eb7df22ffc4a8af08a,MATPD_2bac367a773e3bdf58f2,SRCPD_69d1205c2dbd96cfc725,性能,比冲,比冲2254—2303N·s／kg,parsed,False,,非密-危险特性汇总表.docx,51,accepted,2254—2303N·s／kg,2254—2303N·s／kg,,2254.0,2303.0,,N·s/kg,range,,{},,,,,,,
PROPPD_b74f9a7aaa950001d7d8,MATPD_2bac367a773e3bdf58f2,SRCPD_69d1205c2dbd96cfc725,性能,燃速,燃速6.0mm／s,parsed,False,,非密-危险特性汇总表.docx,51,accepted,6.0mm／s,6.0mm／s,6.0,,,,mm/s,exact,,{},,,,,,,
PROPPD_73f6f0deeea12db80cf3,MATPD_2bac367a773e3bdf58f2,SRCPD_69d1205c2dbd96cfc725,性能,压强系数,压强系数0.4,parsed,False,,非密-危险特性汇总表.docx,51,accepted,0.4,0.4,0.4,,,,,exact,,{},,,,,,,
PROPPD_ec2d4d4cf6c1df622acc,MATPD_f7365a5e2aa550f81968,SRCPD_07a92663471b8802eaea,性能,比冲,比冲2244—2313N·s／kg,parsed,False,,非密-危险特性汇总表.docx,52,accepted,2244—2313N·s／kg,2244—2313N·s／kg,,2244.0,2313.0,,N·s/kg,range,,{},,,,,,,
PROPPD_55f0d60f40a1f97d3ff8,MATPD_f7365a5e2aa550f81968,SRCPD_07a92663471b8802eaea,性能,燃速,燃速9.4mm／s,parsed,False,,非密-危险特性汇总表.docx,52,accepted,9.4mm／s,9.4mm／s,9.4,,,,mm/s,exact,,{},,,,,,,
PROPPD_9c6120eb37d0776e26e7,MATPD_f7365a5e2aa550f81968,SRCPD_07a92663471b8802eaea,性能,压强系数,压强系数0.45,parsed,False,,非密-危险特性汇总表.docx,52,accepted,0.45,0.45,0.45,,,,,exact,,{},,,,,,,
PROPPD_5a81a961744b4f284f0c,MATPD_2cde6b8de59fe21778ef,SRCPD_9e9f2a67389c68e6ac36,性能,比冲,比冲2254—2303N·s／kg,parsed,False,,非密-危险特性汇总表.docx,53,accepted,2254—2303N·s／kg,2254—2303N·s／kg,,2254.0,2303.0,,N·s/kg,range,,{},,,,,,,
PROPPD_9057171ced54f310a5b6,MATPD_2cde6b8de59fe21778ef,SRCPD_9e9f2a67389c68e6ac36,性能,燃速,燃速12.5mm／s,parsed,False,,非密-危险特性汇总表.docx,53,accepted,12.5mm／s,12.5mm／s,12.5,,,,mm/s,exact,,{},,,,,,,
PROPPD_88290ea5350767b7c1c1,MATPD_2cde6b8de59fe21778ef,SRCPD_9e9f2a67389c68e6ac36,性能,压强系数,压强系数0.37,parsed,False,,非密-危险特性汇总表.docx,53,accepted,0.37,0.37,0.37,,,,,exact,,{},,,,,,,
PROPPD_0e315914ad4722b3257e,MATPD_39134798aa117b747108,SRCPD_e5024447e5fd2841c1c4,性能,比冲,比冲2342—2372N·s／kg,parsed,False,,非密-危险特性汇总表.docx,54,accepted,2342—2372N·s／kg,2342—2372N·s／kg,,2342.0,2372.0,,N·s/kg,range,,{},,,,,,,
PROPPD_10df4b03ed0ccf8e169c,MATPD_39134798aa117b747108,SRCPD_e5024447e5fd2841c1c4,性能,燃速,燃速9.5mm／s,parsed,False,,非密-危险特性汇总表.docx,54,accepted,9.5mm／s,9.5mm／s,9.5,,,,mm/s,exact,,{},,,,,,,
PROPPD_5dcac57a6db0677428b5,MATPD_39134798aa117b747108,SRCPD_e5024447e5fd2841c1c4,性能,压强系数,压强系数0.47,parsed,False,,非密-危险特性汇总表.docx,54,accepted,0.47,0.47,0.47,,,,,exact,,{},,,,,,,
PROPPD_c2f36a6cf1036cca0c40,MATPD_4fd9b1aed3c618f5b3af,SRCPD_f24e0f7feaf818f45f91,性能,比冲,比冲2342—2372N·s／kg,parsed,False,,非密-危险特性汇总表.docx,55,accepted,2342—2372N·s／kg,2342—2372N·s／kg,,2342.0,2372.0,,N·s/kg,range,,{},,,,,,,
PROPPD_15e3157d9f36f8c96bf9,MATPD_4fd9b1aed3c618f5b3af,SRCPD_f24e0f7feaf818f45f91,性能,燃速,燃速10.5mm／s,parsed,False,,非密-危险特性汇总表.docx,55,accepted,10.5mm／s,10.5mm／s,10.5,,,,mm/s,exact,,{},,,,,,,
PROPPD_f239d8a08ecd8e126854,MATPD_4fd9b1aed3c618f5b3af,SRCPD_f24e0f7feaf818f45f91,性能,压强系数,压强系数0.47,parsed,False,,非密-危险特性汇总表.docx,55,accepted,0.47,0.47,0.47,,,,,exact,,{},,,,,,,
PROPPD_597ee18a8d7f8050db2b,MATPD_ebe3e4c49de63c9a3893,SRCPD_dffee91b5fdcb37e96bd,性能,比冲,比冲2244—2313N·s／kg,parsed,False,,非密-危险特性汇总表.docx,56,accepted,2244—2313N·s／kg,2244—2313N·s／kg,,2244.0,2313.0,,N·s/kg,range,,{},,,,,,,
PROPPD_2eea7bd2344972a072ce,MATPD_ebe3e4c49de63c9a3893,SRCPD_dffee91b5fdcb37e96bd,性能,燃速,燃速10.7mm／s,parsed,False,,非密-危险特性汇总表.docx,56,accepted,10.7mm／s,10.7mm／s,10.7,,,,mm/s,exact,,{},,,,,,,
PROPPD_1f878f92345bc4da2849,MATPD_ebe3e4c49de63c9a3893,SRCPD_dffee91b5fdcb37e96bd,性能,压强系数,压强系数0.47,parsed,False,,非密-危险特性汇总表.docx,56,accepted,0.47,0.47,0.47,,,,,exact,,{},,,,,,,
PROPPD_02c192e49dba7bd77b00,MATPD_affdbeb358e077ec1092,SRCPD_5d7a8aad43cb17cd0572,性能,比冲,比冲2440—2479N·s／kg,parsed,False,,非密-危险特性汇总表.docx,57,accepted,2440—2479N·s／kg,2440—2479N·s／kg,,2440.0,2479.0,,N·s/kg,range,,{},,,,,,,
PROPPD_7f2da6e85e10c11c22ea,MATPD_affdbeb358e077ec1092,SRCPD_5d7a8aad43cb17cd0572,性能,燃速,燃速14.5mm／s,parsed,False,,非密-危险特性汇总表.docx,57,accepted,14.5mm／s,14.5mm／s,14.5,,,,mm/s,exact,,{},,,,,,,
PROPPD_fd443360aa0f430eceaa,MATPD_affdbeb358e077ec1092,SRCPD_5d7a8aad43cb17cd0572,性能,压强系数,压强系数0.42,parsed,False,,非密-危险特性汇总表.docx,57,accepted,0.42,0.42,0.42,,,,,exact,,{},,,,,,,
PROPPD_3b2d1d92139bce6423fc,MATPD_2e494af60b3bda4af216,SRCPD_7e436f2cbcad2892b0fb,性能,比冲,比冲2205—2264N·s／kg,parsed,False,,非密-危险特性汇总表.docx,58,accepted,2205—2264N·s／kg,2205—2264N·s／kg,,2205.0,2264.0,,N·s/kg,range,,{},,,,,,,
PROPPD_4a9489bfc4669aa1e0e9,MATPD_2e494af60b3bda4af216,SRCPD_7e436f2cbcad2892b0fb,性能,燃速,燃速9—11mm／s,parsed,False,,非密-危险特性汇总表.docx,58,accepted,9—11mm／s,9—11mm／s,,9.0,11.0,,mm/s,range,,{},,,,,,,
PROPPD_2a084993424608ed8027,MATPD_2e494af60b3bda4af216,SRCPD_7e436f2cbcad2892b0fb,性能,压强系数,压强系数0.48,parsed,False,,非密-危险特性汇总表.docx,58,accepted,0.48,0.48,0.48,,,,,exact,,{},,,,,,,
PROPPD_6e8690105c187982271f,MATPD_d5e3f8e0481727aa6c53,SRCPD_624463615919b141ea09,性能,比冲,比冲2342—2381N·s／kg,parsed,False,,非密-危险特性汇总表.docx,59,accepted,2342—2381N·s／kg,2342—2381N·s／kg,,2342.0,2381.0,,N·s/kg,range,,{},,,,,,,
PROPPD_74babff8e6a3c2725df2,MATPD_d5e3f8e0481727aa6c53,SRCPD_624463615919b141ea09,性能,燃速,燃速11.4mm／s,parsed,False,,非密-危险特性汇总表.docx,59,accepted,11.4mm／s,11.4mm／s,11.4,,,,mm/s,exact,,{},,,,,,,
PROPPD_4ad2a9a1a9f547f34bf2,MATPD_d5e3f8e0481727aa6c53,SRCPD_624463615919b141ea09,性能,压强系数,压强系数0.46,parsed,False,,非密-危险特性汇总表.docx,59,accepted,0.46,0.46,0.46,,,,,exact,,{},,,,,,,
PROPPD_e4051f9978c90e6daf0f,MATPD_f6e273bd11b9df13dacd,SRCPD_7d67c48bc21903419fe2,性能,燃速,燃速28.0mm／s,parsed,False,,非密-危险特性汇总表.docx,60,accepted,28.0mm／s,28.0mm／s,28.0,,,,mm/s,exact,,{},,,,,,,
PROPPD_13b223ef49cf76185d9e,MATPD_044a46fba878fda5a206,SRCPD_2142803db16aa36814b2,性能,燃速,燃速25.5mm／s,parsed,False,,非密-危险特性汇总表.docx,61,accepted,25.5mm／s,25.5mm／s,25.5,,,,mm/s,exact,,{},,,,,,,
PROPPD_19b89ed74b18f98e30a9,MATPD_36ebe0c992e6b65a4511,SRCPD_69eb939a5a45f969321a,性能,比冲,比冲2107N·s／kg,parsed,False,,非密-危险特性汇总表.docx,62,accepted,2107N·s／kg,2107N·s／kg,2107.0,,,,N·s/kg,exact,,{},,,,,,,
PROPPD_3590706bf159f24c9069,MATPD_36ebe0c992e6b65a4511,SRCPD_69eb939a5a45f969321a,性能,燃速,燃速4.9mm／s,parsed,False,,非密-危险特性汇总表.docx,62,accepted,4.9mm／s,4.9mm／s,4.9,,,,mm/s,exact,,{},,,,,,,
