文档ID	事实类型	抽取来源	领域类型	章节路径	来源定位	主体名称	主体类型	关系/属性名称	尾实体/取值文本	尾实体类型/属性类别	数值	范围下限	范围上限	单位	取值角色	组分序号	组分比例	组分比例单位	条件文本	方法名称	证据文本	置信度
test	关系事实	table_risk_flat_rule	风险辨识	ROOT	table_1#行1	RDX	危险物料实例	具有危险特性	摩擦	危险特性实例										ROOT	1 | RDX | 粉状 | 摩擦 | 100%	0.97
test	属性事实	table_risk_flat_rule	风险辨识	ROOT	table_1#行1	RDX	危险物料实例	危险物料	RDX	物料信息					危险物料					ROOT	1 | RDX | 粉状 | 摩擦 | 100%	0.97
test	关系事实	table_risk_flat_rule	风险辨识	ROOT	table_1#行1	RDX	危险物料实例	处于状态	粉状	状态实例										ROOT	1 | RDX | 粉状 | 摩擦 | 100%	0.97
test	属性事实	table_risk_flat_rule	风险辨识	ROOT	table_1#行1	摩擦	危险特性实例	危险特性特征值	100%	评估结果值	100.0				评估结果值				危险物料=RDX	ROOT	1 | RDX | 粉状 | 摩擦 | 100%	0.97
test	关系事实	table_risk_flat_rule	风险辨识	ROOT	table_1#行2	RDX	危险物料实例	具有危险特性	撞击	危险特性实例										ROOT	1 | RDX | 粉状 | 撞击 | 100%	0.97
test	属性事实	table_risk_flat_rule	风险辨识	ROOT	table_1#行2	撞击	危险特性实例	危险特性特征值	100%	评估结果值	100.0				评估结果值				危险物料=RDX	ROOT	1 | RDX | 粉状 | 撞击 | 100%	0.97
test	关系事实	table_risk_flat_rule	风险辨识	ROOT	table_1#行3	RDX	危险物料实例	具有危险特性	静电	危险特性实例										ROOT	1 | RDX | 粉状 | 静电 | 92%	0.97
test	属性事实	table_risk_flat_rule	风险辨识	ROOT	table_1#行3	静电	危险特性实例	危险特性特征值	92%	评估结果值	92.0				评估结果值				危险物料=RDX	ROOT	1 | RDX | 粉状 | 静电 | 92%	0.97
test	关系事实	table_risk_flat_rule	风险辨识	ROOT	table_1#行4	RDX	危险物料实例	具有危险特性	热(5s爆发点)	危险特性实例										ROOT	1 | RDX | 粉状 | 热(5s爆发点) | 327℃	0.97
test	属性事实	table_risk_flat_rule	风险辨识	ROOT	table_1#行4	热(5s爆发点)	危险特性实例	危险特性特征值	327℃	评估结果值	327.0				评估结果值				危险物料=RDX	ROOT	1 | RDX | 粉状 | 热(5s爆发点) | 327℃	0.97
test	关系事实	table_risk_mapping_rule	风险辨识	ROOT	table_2#行1	单基发射药	类别概念	危险工作间名称	硝酸钾的粉碎和混合	位置部位实例									生产分类=单基发射药	ROOT	3 | 单基发射药 | 单基发射药 | 单基发射药 | 单基发射药 | 硝酸钾的粉碎和混合 | F2	0.96
test	关系事实	table_risk_mapping_rule	风险辨识	ROOT	table_2#行1	棉浆储存	位置部位实例	危险区域	F2	类别概念									生产分类=硝化纤维素；分类条件=含水量≥25%，或含氮＜12.6%且醇含量≥25%；危险工作间名称=棉浆储存	ROOT	硝化纤维素 | 硝化纤维素 | 硝化纤维素 | 含水量≥25%，或含氮＜12.6%且醇含量≥25% | 配酸、硝化、驱酸、水洗、煮洗、细断、精洗、混同、棉浆储存、硝化纤维素回收 | F2	0.96
test	关系事实	table_risk_mapping_rule	风险辨识	ROOT	table_2#行1	水洗	位置部位实例	危险区域	F2	类别概念									生产分类=硝化纤维素；分类条件=含水量≥25%，或含氮＜12.6%且醇含量≥25%；危险工作间名称=水洗	ROOT	硝化纤维素 | 硝化纤维素 | 硝化纤维素 | 含水量≥25%，或含氮＜12.6%且醇含量≥25% | 配酸、硝化、驱酸、水洗、煮洗、细断、精洗、混同、棉浆储存、硝化纤维素回收 | F2	0.96
test	关系事实	table_risk_mapping_rule	风险辨识	ROOT	table_2#行1	混同	位置部位实例	危险区域	F2	类别概念									生产分类=硝化纤维素；分类条件=含水量≥25%，或含氮＜12.6%且醇含量≥25%；危险工作间名称=混同	ROOT	硝化纤维素 | 硝化纤维素 | 硝化纤维素 | 含水量≥25%，或含氮＜12.6%且醇含量≥25% | 配酸、硝化、驱酸、水洗、煮洗、细断、精洗、混同、棉浆储存、硝化纤维素回收 | F2	0.96
test	关系事实	table_risk_mapping_rule	风险辨识	ROOT	table_2#行1	煮洗	位置部位实例	危险区域	F2	类别概念									生产分类=硝化纤维素；分类条件=含水量≥25%，或含氮＜12.6%且醇含量≥25%；危险工作间名称=煮洗	ROOT	硝化纤维素 | 硝化纤维素 | 硝化纤维素 | 含水量≥25%，或含氮＜12.6%且醇含量≥25% | 配酸、硝化、驱酸、水洗、煮洗、细断、精洗、混同、棉浆储存、硝化纤维素回收 | F2	0.96
test	关系事实	table_risk_mapping_rule	风险辨识	ROOT	table_2#行1	硝化	位置部位实例	危险区域	F2	类别概念									生产分类=硝化纤维素；分类条件=含水量≥25%，或含氮＜12.6%且醇含量≥25%；危险工作间名称=硝化	ROOT	硝化纤维素 | 硝化纤维素 | 硝化纤维素 | 含水量≥25%，或含氮＜12.6%且醇含量≥25% | 配酸、硝化、驱酸、水洗、煮洗、细断、精洗、混同、棉浆储存、硝化纤维素回收 | F2	0.96
test	关系事实	table_risk_mapping_rule	风险辨识	ROOT	table_2#行1	硝化纤维素	类别概念	分类条件	含水量≥25%，或含氮＜12.6%且醇含量≥25%	文本片段实例									生产分类=硝化纤维素；分类条件=含水量≥25%，或含氮＜12.6%且醇含量≥25%	ROOT	硝化纤维素 | 硝化纤维素 | 硝化纤维素 | 含水量≥25%，或含氮＜12.6%且醇含量≥25% | 配酸、硝化、驱酸、水洗、煮洗、细断、精洗、混同、棉浆储存、硝化纤维素回收 | F2	0.96
test	关系事实	table_risk_mapping_rule	风险辨识	ROOT	table_2#行1	硝化纤维素回收	位置部位实例	危险区域	F2	类别概念									生产分类=硝化纤维素；分类条件=含水量≥25%，或含氮＜12.6%且醇含量≥25%；危险工作间名称=硝化纤维素回收	ROOT	硝化纤维素 | 硝化纤维素 | 硝化纤维素 | 含水量≥25%，或含氮＜12.6%且醇含量≥25% | 配酸、硝化、驱酸、水洗、煮洗、细断、精洗、混同、棉浆储存、硝化纤维素回收 | F2	0.96
test	属性事实	table_risk_mapping_rule	风险辨识	ROOT	table_2#行1	硝化纤维素｜含水量≥25%，或含氮＜12.6%且醇含量≥25%	类别概念	分类条件	含水量≥25%，或含氮＜12.6%且醇含量≥25%	作业信息	25.0				文本描述					ROOT	硝化纤维素 | 硝化纤维素 | 硝化纤维素 | 含水量≥25%，或含氮＜12.6%且醇含量≥25% | 配酸、硝化、驱酸、水洗、煮洗、细断、精洗、混同、棉浆储存、硝化纤维素回收 | F2	0.96
test	关系事实	table_risk_mapping_rule	风险辨识	ROOT	table_2#行1	硝化纤维素｜含水量≥25%，或含氮＜12.6%且醇含量≥25%	类别概念	危险工作间名称	配酸	位置部位实例									生产分类=硝化纤维素；分类条件=含水量≥25%，或含氮＜12.6%且醇含量≥25%	ROOT	硝化纤维素 | 硝化纤维素 | 硝化纤维素 | 含水量≥25%，或含氮＜12.6%且醇含量≥25% | 配酸、硝化、驱酸、水洗、煮洗、细断、精洗、混同、棉浆储存、硝化纤维素回收 | F2	0.96
test	关系事实	table_risk_mapping_rule	风险辨识	ROOT	table_2#行1	硝化纤维素｜含水量≥25%，或含氮＜12.6%且醇含量≥25%	类别概念	危险工作间名称	硝化	位置部位实例									生产分类=硝化纤维素；分类条件=含水量≥25%，或含氮＜12.6%且醇含量≥25%	ROOT	硝化纤维素 | 硝化纤维素 | 硝化纤维素 | 含水量≥25%，或含氮＜12.6%且醇含量≥25% | 配酸、硝化、驱酸、水洗、煮洗、细断、精洗、混同、棉浆储存、硝化纤维素回收 | F2	0.96
test	关系事实	table_risk_mapping_rule	风险辨识	ROOT	table_2#行1	硝化纤维素｜含水量≥25%，或含氮＜12.6%且醇含量≥25%	类别概念	危险工作间名称	驱酸	位置部位实例									生产分类=硝化纤维素；分类条件=含水量≥25%，或含氮＜12.6%且醇含量≥25%	ROOT	硝化纤维素 | 硝化纤维素 | 硝化纤维素 | 含水量≥25%，或含氮＜12.6%且醇含量≥25% | 配酸、硝化、驱酸、水洗、煮洗、细断、精洗、混同、棉浆储存、硝化纤维素回收 | F2	0.96
test	关系事实	table_risk_mapping_rule	风险辨识	ROOT	table_2#行1	硝化纤维素｜含水量≥25%，或含氮＜12.6%且醇含量≥25%	类别概念	危险工作间名称	水洗	位置部位实例									生产分类=硝化纤维素；分类条件=含水量≥25%，或含氮＜12.6%且醇含量≥25%	ROOT	硝化纤维素 | 硝化纤维素 | 硝化纤维素 | 含水量≥25%，或含氮＜12.6%且醇含量≥25% | 配酸、硝化、驱酸、水洗、煮洗、细断、精洗、混同、棉浆储存、硝化纤维素回收 | F2	0.96
test	关系事实	table_risk_mapping_rule	风险辨识	ROOT	table_2#行1	硝化纤维素｜含水量≥25%，或含氮＜12.6%且醇含量≥25%	类别概念	危险工作间名称	煮洗	位置部位实例									生产分类=硝化纤维素；分类条件=含水量≥25%，或含氮＜12.6%且醇含量≥25%	ROOT	硝化纤维素 | 硝化纤维素 | 硝化纤维素 | 含水量≥25%，或含氮＜12.6%且醇含量≥25% | 配酸、硝化、驱酸、水洗、煮洗、细断、精洗、混同、棉浆储存、硝化纤维素回收 | F2	0.96
test	关系事实	table_risk_mapping_rule	风险辨识	ROOT	table_2#行1	硝化纤维素｜含水量≥25%，或含氮＜12.6%且醇含量≥25%	类别概念	危险工作间名称	细断	位置部位实例									生产分类=硝化纤维素；分类条件=含水量≥25%，或含氮＜12.6%且醇含量≥25%	ROOT	硝化纤维素 | 硝化纤维素 | 硝化纤维素 | 含水量≥25%，或含氮＜12.6%且醇含量≥25% | 配酸、硝化、驱酸、水洗、煮洗、细断、精洗、混同、棉浆储存、硝化纤维素回收 | F2	0.96
test	关系事实	table_risk_mapping_rule	风险辨识	ROOT	table_2#行1	硝化纤维素｜含水量≥25%，或含氮＜12.6%且醇含量≥25%	类别概念	危险工作间名称	精洗	位置部位实例									生产分类=硝化纤维素；分类条件=含水量≥25%，或含氮＜12.6%且醇含量≥25%	ROOT	硝化纤维素 | 硝化纤维素 | 硝化纤维素 | 含水量≥25%，或含氮＜12.6%且醇含量≥25% | 配酸、硝化、驱酸、水洗、煮洗、细断、精洗、混同、棉浆储存、硝化纤维素回收 | F2	0.96
test	关系事实	table_risk_mapping_rule	风险辨识	ROOT	table_2#行1	硝化纤维素｜含水量≥25%，或含氮＜12.6%且醇含量≥25%	类别概念	危险工作间名称	混同	位置部位实例									生产分类=硝化纤维素；分类条件=含水量≥25%，或含氮＜12.6%且醇含量≥25%	ROOT	硝化纤维素 | 硝化纤维素 | 硝化纤维素 | 含水量≥25%，或含氮＜12.6%且醇含量≥25% | 配酸、硝化、驱酸、水洗、煮洗、细断、精洗、混同、棉浆储存、硝化纤维素回收 | F2	0.96
test	关系事实	table_risk_mapping_rule	风险辨识	ROOT	table_2#行1	硝化纤维素｜含水量≥25%，或含氮＜12.6%且醇含量≥25%	类别概念	危险工作间名称	棉浆储存	位置部位实例									生产分类=硝化纤维素；分类条件=含水量≥25%，或含氮＜12.6%且醇含量≥25%	ROOT	硝化纤维素 | 硝化纤维素 | 硝化纤维素 | 含水量≥25%，或含氮＜12.6%且醇含量≥25% | 配酸、硝化、驱酸、水洗、煮洗、细断、精洗、混同、棉浆储存、硝化纤维素回收 | F2	0.96
test	关系事实	table_risk_mapping_rule	风险辨识	ROOT	table_2#行1	硝化纤维素｜含水量≥25%，或含氮＜12.6%且醇含量≥25%	类别概念	危险工作间名称	硝化纤维素回收	位置部位实例									生产分类=硝化纤维素；分类条件=含水量≥25%，或含氮＜12.6%且醇含量≥25%	ROOT	硝化纤维素 | 硝化纤维素 | 硝化纤维素 | 含水量≥25%，或含氮＜12.6%且醇含量≥25% | 配酸、硝化、驱酸、水洗、煮洗、细断、精洗、混同、棉浆储存、硝化纤维素回收 | F2	0.96
test	关系事实	table_risk_mapping_rule	风险辨识	ROOT	table_2#行1	硝酸钾的粉碎和混合	位置部位实例	危险区域	F2	类别概念									生产分类=单基发射药；危险工作间名称=硝酸钾的粉碎和混合	ROOT	3 | 单基发射药 | 单基发射药 | 单基发射药 | 单基发射药 | 硝酸钾的粉碎和混合 | F2	0.96
test	关系事实	table_risk_mapping_rule	风险辨识	ROOT	table_2#行1	精洗	位置部位实例	危险区域	F2	类别概念									生产分类=硝化纤维素；分类条件=含水量≥25%，或含氮＜12.6%且醇含量≥25%；危险工作间名称=精洗	ROOT	硝化纤维素 | 硝化纤维素 | 硝化纤维素 | 含水量≥25%，或含氮＜12.6%且醇含量≥25% | 配酸、硝化、驱酸、水洗、煮洗、细断、精洗、混同、棉浆储存、硝化纤维素回收 | F2	0.96
test	关系事实	table_risk_mapping_rule	风险辨识	ROOT	table_2#行1	细断	位置部位实例	危险区域	F2	类别概念									生产分类=硝化纤维素；分类条件=含水量≥25%，或含氮＜12.6%且醇含量≥25%；危险工作间名称=细断	ROOT	硝化纤维素 | 硝化纤维素 | 硝化纤维素 | 含水量≥25%，或含氮＜12.6%且醇含量≥25% | 配酸、硝化、驱酸、水洗、煮洗、细断、精洗、混同、棉浆储存、硝化纤维素回收 | F2	0.96
test	关系事实	table_risk_mapping_rule	风险辨识	ROOT	table_2#行1	配酸	位置部位实例	危险区域	F2	类别概念									生产分类=硝化纤维素；分类条件=含水量≥25%，或含氮＜12.6%且醇含量≥25%；危险工作间名称=配酸	ROOT	硝化纤维素 | 硝化纤维素 | 硝化纤维素 | 含水量≥25%，或含氮＜12.6%且醇含量≥25% | 配酸、硝化、驱酸、水洗、煮洗、细断、精洗、混同、棉浆储存、硝化纤维素回收 | F2	0.96
test	关系事实	table_risk_mapping_rule	风险辨识	ROOT	table_2#行1	驱酸	位置部位实例	危险区域	F2	类别概念									生产分类=硝化纤维素；分类条件=含水量≥25%，或含氮＜12.6%且醇含量≥25%；危险工作间名称=驱酸	ROOT	硝化纤维素 | 硝化纤维素 | 硝化纤维素 | 含水量≥25%，或含氮＜12.6%且醇含量≥25% | 配酸、硝化、驱酸、水洗、煮洗、细断、精洗、混同、棉浆储存、硝化纤维素回收 | F2	0.96
test	关系事实	table_risk_mapping_rule	风险辨识	ROOT	table_2#行11	双基发射药(双基推进剂)	类别概念	分类条件	不含硝化甘油或其他醇类硝酸酯但含地恩梯(梯恩梯含量＜12%)的组成物配制	文本片段实例									生产分类=双基发射药(双基推进剂)；分类条件=不含硝化甘油或其他醇类硝酸酯但含地恩梯(梯恩梯含量＜12%)的组成物配制	ROOT	4 | 双基发射药(双基推进剂) | 双基发射药(双基推进剂) | 双基发射药(双基推进剂) | 双基发射药(双基推进剂) | 地恩梯熔化、不含硝化甘油或其他醇类硝酸酯但含地恩梯(梯恩梯含量＜12%)的组成物配制 | F2	0.96
test	关系事实	table_risk_mapping_rule	风险辨识	ROOT	table_2#行11	双基发射药(双基推进剂)	类别概念	危险工作间名称	地恩梯熔化	位置部位实例									生产分类=双基发射药(双基推进剂)；分类条件=不含硝化甘油或其他醇类硝酸酯但含地恩梯(梯恩梯含量＜12%)的组成物配制	ROOT	4 | 双基发射药(双基推进剂) | 双基发射药(双基推进剂) | 双基发射药(双基推进剂) | 双基发射药(双基推进剂) | 地恩梯熔化、不含硝化甘油或其他醇类硝酸酯但含地恩梯(梯恩梯含量＜12%)的组成物配制 | F2	0.96
test	关系事实	table_risk_mapping_rule	风险辨识	ROOT	table_2#行11	地恩梯熔化	位置部位实例	危险区域	F2	类别概念									生产分类=双基发射药(双基推进剂)；分类条件=不含硝化甘油或其他醇类硝酸酯但含地恩梯(梯恩梯含量＜12%)的组成物配制；危险工作间名称=地恩梯熔化	ROOT	4 | 双基发射药(双基推进剂) | 双基发射药(双基推进剂) | 双基发射药(双基推进剂) | 双基发射药(双基推进剂) | 地恩梯熔化、不含硝化甘油或其他醇类硝酸酯但含地恩梯(梯恩梯含量＜12%)的组成物配制 | F2	0.96
test	关系事实	table_risk_mapping_rule	风险辨识	ROOT	table_2#行12	双基发射药(双基推进剂)	类别概念	分类条件	含有硝化甘油或其它醇类硝酸酯的组成物配制	文本片段实例									生产分类=双基发射药(双基推进剂)；分类条件=含有硝化甘油或其它醇类硝酸酯的组成物配制	ROOT	4 | 双基发射药(双基推进剂) | 双基发射药(双基推进剂) | 双基发射药(双基推进剂) | 双基发射药(双基推进剂) | 含有硝化甘油或其它醇类硝酸酯的组成物配制、吸收药制造、吸收药浆混同或储存 | F2	0.96
test	关系事实	table_risk_mapping_rule	风险辨识	ROOT	table_2#行12	双基发射药(双基推进剂)	类别概念	危险工作间名称	吸收药制造	位置部位实例									生产分类=双基发射药(双基推进剂)；分类条件=含有硝化甘油或其它醇类硝酸酯的组成物配制	ROOT	4 | 双基发射药(双基推进剂) | 双基发射药(双基推进剂) | 双基发射药(双基推进剂) | 双基发射药(双基推进剂) | 含有硝化甘油或其它醇类硝酸酯的组成物配制、吸收药制造、吸收药浆混同或储存 | F2	0.96
test	关系事实	table_risk_mapping_rule	风险辨识	ROOT	table_2#行12	双基发射药(双基推进剂)	类别概念	危险工作间名称	吸收药浆混同或储存	位置部位实例									生产分类=双基发射药(双基推进剂)；分类条件=含有硝化甘油或其它醇类硝酸酯的组成物配制	ROOT	4 | 双基发射药(双基推进剂) | 双基发射药(双基推进剂) | 双基发射药(双基推进剂) | 双基发射药(双基推进剂) | 含有硝化甘油或其它醇类硝酸酯的组成物配制、吸收药制造、吸收药浆混同或储存 | F2	0.96
test	关系事实	table_risk_mapping_rule	风险辨识	ROOT	table_2#行12	吸收药制造	位置部位实例	危险区域	F2	类别概念									生产分类=双基发射药(双基推进剂)；分类条件=含有硝化甘油或其它醇类硝酸酯的组成物配制；危险工作间名称=吸收药制造	ROOT	4 | 双基发射药(双基推进剂) | 双基发射药(双基推进剂) | 双基发射药(双基推进剂) | 双基发射药(双基推进剂) | 含有硝化甘油或其它醇类硝酸酯的组成物配制、吸收药制造、吸收药浆混同或储存 | F2	0.96
test	关系事实	table_risk_mapping_rule	风险辨识	ROOT	table_2#行12	吸收药浆混同或储存	位置部位实例	危险区域	F2	类别概念									生产分类=双基发射药(双基推进剂)；分类条件=含有硝化甘油或其它醇类硝酸酯的组成物配制；危险工作间名称=吸收药浆混同或储存	ROOT	4 | 双基发射药(双基推进剂) | 双基发射药(双基推进剂) | 双基发射药(双基推进剂) | 双基发射药(双基推进剂) | 含有硝化甘油或其它醇类硝酸酯的组成物配制、吸收药制造、吸收药浆混同或储存 | F2	0.96
test	关系事实	table_risk_mapping_rule	风险辨识	ROOT	table_2#行13	双基发射药(双基推进剂)	类别概念	危险工作间名称	硝化纤维素绵浆配制或储存	位置部位实例									生产分类=双基发射药(双基推进剂)	ROOT	4 | 双基发射药(双基推进剂) | 双基发射药(双基推进剂) | 双基发射药(双基推进剂) | 双基发射药(双基推进剂) | 硝化纤维素绵浆配制或储存 | F2	0.96
test	关系事实	table_risk_mapping_rule	风险辨识	ROOT	table_2#行13	硝化纤维素绵浆配制或储存	位置部位实例	危险区域	F2	类别概念									生产分类=双基发射药(双基推进剂)；危险工作间名称=硝化纤维素绵浆配制或储存	ROOT	4 | 双基发射药(双基推进剂) | 双基发射药(双基推进剂) | 双基发射药(双基推进剂) | 双基发射药(双基推进剂) | 硝化纤维素绵浆配制或储存 | F2	0.96
test	关系事实	table_risk_mapping_rule	风险辨识	ROOT	table_2#行14	保温	位置部位实例	危险区域	F1	类别概念									生产分类=双基发射药(双基推进剂)；危险工作间名称=保温	ROOT	4 | 双基发射药(双基推进剂) | 双基发射药(双基推进剂) | 双基发射药(双基推进剂) | 双基发射药(双基推进剂) | 切药、挑选、保温、晾药、冲型、筛选、称量、探伤、 车药、钻孔、包覆、药柱浸漆、检选、返工品处理、 吸收药驱水、驱除溶剂、水洗、水筛、压扁 | F1	0.96
test	关系事实	table_risk_mapping_rule	风险辨识	ROOT	table_2#行14	冲型	位置部位实例	危险区域	F1	类别概念									生产分类=双基发射药(双基推进剂)；危险工作间名称=冲型	ROOT	4 | 双基发射药(双基推进剂) | 双基发射药(双基推进剂) | 双基发射药(双基推进剂) | 双基发射药(双基推进剂) | 切药、挑选、保温、晾药、冲型、筛选、称量、探伤、 车药、钻孔、包覆、药柱浸漆、检选、返工品处理、 吸收药驱水、驱除溶剂、水洗、水筛、压扁 | F1	0.96
test	关系事实	table_risk_mapping_rule	风险辨识	ROOT	table_2#行14	切药	位置部位实例	危险区域	F1	类别概念									生产分类=双基发射药(双基推进剂)；危险工作间名称=切药	ROOT	4 | 双基发射药(双基推进剂) | 双基发射药(双基推进剂) | 双基发射药(双基推进剂) | 双基发射药(双基推进剂) | 切药、挑选、保温、晾药、冲型、筛选、称量、探伤、 车药、钻孔、包覆、药柱浸漆、检选、返工品处理、 吸收药驱水、驱除溶剂、水洗、水筛、压扁 | F1	0.96
test	关系事实	table_risk_mapping_rule	风险辨识	ROOT	table_2#行14	包覆	位置部位实例	危险区域	F1	类别概念									生产分类=双基发射药(双基推进剂)；危险工作间名称=包覆	ROOT	4 | 双基发射药(双基推进剂) | 双基发射药(双基推进剂) | 双基发射药(双基推进剂) | 双基发射药(双基推进剂) | 切药、挑选、保温、晾药、冲型、筛选、称量、探伤、 车药、钻孔、包覆、药柱浸漆、检选、返工品处理、 吸收药驱水、驱除溶剂、水洗、水筛、压扁 | F1	0.96
test	关系事实	table_risk_mapping_rule	风险辨识	ROOT	table_2#行14	压扁	位置部位实例	危险区域	F1	类别概念									生产分类=双基发射药(双基推进剂)；危险工作间名称=压扁	ROOT	4 | 双基发射药(双基推进剂) | 双基发射药(双基推进剂) | 双基发射药(双基推进剂) | 双基发射药(双基推进剂) | 切药、挑选、保温、晾药、冲型、筛选、称量、探伤、 车药、钻孔、包覆、药柱浸漆、检选、返工品处理、 吸收药驱水、驱除溶剂、水洗、水筛、压扁 | F1	0.96
test	关系事实	table_risk_mapping_rule	风险辨识	ROOT	table_2#行14	双基发射药(双基推进剂)	类别概念	危险工作间名称	切药	位置部位实例									生产分类=双基发射药(双基推进剂)	ROOT	4 | 双基发射药(双基推进剂) | 双基发射药(双基推进剂) | 双基发射药(双基推进剂) | 双基发射药(双基推进剂) | 切药、挑选、保温、晾药、冲型、筛选、称量、探伤、 车药、钻孔、包覆、药柱浸漆、检选、返工品处理、 吸收药驱水、驱除溶剂、水洗、水筛、压扁 | F1	0.96
test	关系事实	table_risk_mapping_rule	风险辨识	ROOT	table_2#行14	双基发射药(双基推进剂)	类别概念	危险工作间名称	挑选	位置部位实例									生产分类=双基发射药(双基推进剂)	ROOT	4 | 双基发射药(双基推进剂) | 双基发射药(双基推进剂) | 双基发射药(双基推进剂) | 双基发射药(双基推进剂) | 切药、挑选、保温、晾药、冲型、筛选、称量、探伤、 车药、钻孔、包覆、药柱浸漆、检选、返工品处理、 吸收药驱水、驱除溶剂、水洗、水筛、压扁 | F1	0.96
test	关系事实	table_risk_mapping_rule	风险辨识	ROOT	table_2#行14	双基发射药(双基推进剂)	类别概念	危险工作间名称	保温	位置部位实例									生产分类=双基发射药(双基推进剂)	ROOT	4 | 双基发射药(双基推进剂) | 双基发射药(双基推进剂) | 双基发射药(双基推进剂) | 双基发射药(双基推进剂) | 切药、挑选、保温、晾药、冲型、筛选、称量、探伤、 车药、钻孔、包覆、药柱浸漆、检选、返工品处理、 吸收药驱水、驱除溶剂、水洗、水筛、压扁 | F1	0.96
test	关系事实	table_risk_mapping_rule	风险辨识	ROOT	table_2#行14	双基发射药(双基推进剂)	类别概念	危险工作间名称	晾药	位置部位实例									生产分类=双基发射药(双基推进剂)	ROOT	4 | 双基发射药(双基推进剂) | 双基发射药(双基推进剂) | 双基发射药(双基推进剂) | 双基发射药(双基推进剂) | 切药、挑选、保温、晾药、冲型、筛选、称量、探伤、 车药、钻孔、包覆、药柱浸漆、检选、返工品处理、 吸收药驱水、驱除溶剂、水洗、水筛、压扁 | F1	0.96
test	关系事实	table_risk_mapping_rule	风险辨识	ROOT	table_2#行14	双基发射药(双基推进剂)	类别概念	危险工作间名称	冲型	位置部位实例									生产分类=双基发射药(双基推进剂)	ROOT	4 | 双基发射药(双基推进剂) | 双基发射药(双基推进剂) | 双基发射药(双基推进剂) | 双基发射药(双基推进剂) | 切药、挑选、保温、晾药、冲型、筛选、称量、探伤、 车药、钻孔、包覆、药柱浸漆、检选、返工品处理、 吸收药驱水、驱除溶剂、水洗、水筛、压扁 | F1	0.96
test	关系事实	table_risk_mapping_rule	风险辨识	ROOT	table_2#行14	双基发射药(双基推进剂)	类别概念	危险工作间名称	筛选	位置部位实例									生产分类=双基发射药(双基推进剂)	ROOT	4 | 双基发射药(双基推进剂) | 双基发射药(双基推进剂) | 双基发射药(双基推进剂) | 双基发射药(双基推进剂) | 切药、挑选、保温、晾药、冲型、筛选、称量、探伤、 车药、钻孔、包覆、药柱浸漆、检选、返工品处理、 吸收药驱水、驱除溶剂、水洗、水筛、压扁 | F1	0.96
test	关系事实	table_risk_mapping_rule	风险辨识	ROOT	table_2#行14	双基发射药(双基推进剂)	类别概念	危险工作间名称	称量	位置部位实例									生产分类=双基发射药(双基推进剂)	ROOT	4 | 双基发射药(双基推进剂) | 双基发射药(双基推进剂) | 双基发射药(双基推进剂) | 双基发射药(双基推进剂) | 切药、挑选、保温、晾药、冲型、筛选、称量、探伤、 车药、钻孔、包覆、药柱浸漆、检选、返工品处理、 吸收药驱水、驱除溶剂、水洗、水筛、压扁 | F1	0.96
test	关系事实	table_risk_mapping_rule	风险辨识	ROOT	table_2#行14	双基发射药(双基推进剂)	类别概念	危险工作间名称	探伤	位置部位实例									生产分类=双基发射药(双基推进剂)	ROOT	4 | 双基发射药(双基推进剂) | 双基发射药(双基推进剂) | 双基发射药(双基推进剂) | 双基发射药(双基推进剂) | 切药、挑选、保温、晾药、冲型、筛选、称量、探伤、 车药、钻孔、包覆、药柱浸漆、检选、返工品处理、 吸收药驱水、驱除溶剂、水洗、水筛、压扁 | F1	0.96
test	关系事实	table_risk_mapping_rule	风险辨识	ROOT	table_2#行14	双基发射药(双基推进剂)	类别概念	危险工作间名称	车药	位置部位实例									生产分类=双基发射药(双基推进剂)	ROOT	4 | 双基发射药(双基推进剂) | 双基发射药(双基推进剂) | 双基发射药(双基推进剂) | 双基发射药(双基推进剂) | 切药、挑选、保温、晾药、冲型、筛选、称量、探伤、 车药、钻孔、包覆、药柱浸漆、检选、返工品处理、 吸收药驱水、驱除溶剂、水洗、水筛、压扁 | F1	0.96
test	关系事实	table_risk_mapping_rule	风险辨识	ROOT	table_2#行14	双基发射药(双基推进剂)	类别概念	危险工作间名称	钻孔	位置部位实例									生产分类=双基发射药(双基推进剂)	ROOT	4 | 双基发射药(双基推进剂) | 双基发射药(双基推进剂) | 双基发射药(双基推进剂) | 双基发射药(双基推进剂) | 切药、挑选、保温、晾药、冲型、筛选、称量、探伤、 车药、钻孔、包覆、药柱浸漆、检选、返工品处理、 吸收药驱水、驱除溶剂、水洗、水筛、压扁 | F1	0.96
test	关系事实	table_risk_mapping_rule	风险辨识	ROOT	table_2#行14	双基发射药(双基推进剂)	类别概念	危险工作间名称	包覆	位置部位实例									生产分类=双基发射药(双基推进剂)	ROOT	4 | 双基发射药(双基推进剂) | 双基发射药(双基推进剂) | 双基发射药(双基推进剂) | 双基发射药(双基推进剂) | 切药、挑选、保温、晾药、冲型、筛选、称量、探伤、 车药、钻孔、包覆、药柱浸漆、检选、返工品处理、 吸收药驱水、驱除溶剂、水洗、水筛、压扁 | F1	0.96
test	关系事实	table_risk_mapping_rule	风险辨识	ROOT	table_2#行14	双基发射药(双基推进剂)	类别概念	危险工作间名称	药柱浸漆	位置部位实例									生产分类=双基发射药(双基推进剂)	ROOT	4 | 双基发射药(双基推进剂) | 双基发射药(双基推进剂) | 双基发射药(双基推进剂) | 双基发射药(双基推进剂) | 切药、挑选、保温、晾药、冲型、筛选、称量、探伤、 车药、钻孔、包覆、药柱浸漆、检选、返工品处理、 吸收药驱水、驱除溶剂、水洗、水筛、压扁 | F1	0.96
test	关系事实	table_risk_mapping_rule	风险辨识	ROOT	table_2#行14	双基发射药(双基推进剂)	类别概念	危险工作间名称	检选	位置部位实例									生产分类=双基发射药(双基推进剂)	ROOT	4 | 双基发射药(双基推进剂) | 双基发射药(双基推进剂) | 双基发射药(双基推进剂) | 双基发射药(双基推进剂) | 切药、挑选、保温、晾药、冲型、筛选、称量、探伤、 车药、钻孔、包覆、药柱浸漆、检选、返工品处理、 吸收药驱水、驱除溶剂、水洗、水筛、压扁 | F1	0.96
test	关系事实	table_risk_mapping_rule	风险辨识	ROOT	table_2#行14	双基发射药(双基推进剂)	类别概念	危险工作间名称	返工品处理	位置部位实例									生产分类=双基发射药(双基推进剂)	ROOT	4 | 双基发射药(双基推进剂) | 双基发射药(双基推进剂) | 双基发射药(双基推进剂) | 双基发射药(双基推进剂) | 切药、挑选、保温、晾药、冲型、筛选、称量、探伤、 车药、钻孔、包覆、药柱浸漆、检选、返工品处理、 吸收药驱水、驱除溶剂、水洗、水筛、压扁 | F1	0.96
test	关系事实	table_risk_mapping_rule	风险辨识	ROOT	table_2#行14	双基发射药(双基推进剂)	类别概念	危险工作间名称	吸收药驱水	位置部位实例									生产分类=双基发射药(双基推进剂)	ROOT	4 | 双基发射药(双基推进剂) | 双基发射药(双基推进剂) | 双基发射药(双基推进剂) | 双基发射药(双基推进剂) | 切药、挑选、保温、晾药、冲型、筛选、称量、探伤、 车药、钻孔、包覆、药柱浸漆、检选、返工品处理、 吸收药驱水、驱除溶剂、水洗、水筛、压扁 | F1	0.96
test	关系事实	table_risk_mapping_rule	风险辨识	ROOT	table_2#行14	双基发射药(双基推进剂)	类别概念	危险工作间名称	驱除溶剂	位置部位实例									生产分类=双基发射药(双基推进剂)	ROOT	4 | 双基发射药(双基推进剂) | 双基发射药(双基推进剂) | 双基发射药(双基推进剂) | 双基发射药(双基推进剂) | 切药、挑选、保温、晾药、冲型、筛选、称量、探伤、 车药、钻孔、包覆、药柱浸漆、检选、返工品处理、 吸收药驱水、驱除溶剂、水洗、水筛、压扁 | F1	0.96
test	关系事实	table_risk_mapping_rule	风险辨识	ROOT	table_2#行14	双基发射药(双基推进剂)	类别概念	危险工作间名称	水洗	位置部位实例									生产分类=双基发射药(双基推进剂)	ROOT	4 | 双基发射药(双基推进剂) | 双基发射药(双基推进剂) | 双基发射药(双基推进剂) | 双基发射药(双基推进剂) | 切药、挑选、保温、晾药、冲型、筛选、称量、探伤、 车药、钻孔、包覆、药柱浸漆、检选、返工品处理、 吸收药驱水、驱除溶剂、水洗、水筛、压扁 | F1	0.96
test	关系事实	table_risk_mapping_rule	风险辨识	ROOT	table_2#行14	双基发射药(双基推进剂)	类别概念	危险工作间名称	水筛	位置部位实例									生产分类=双基发射药(双基推进剂)	ROOT	4 | 双基发射药(双基推进剂) | 双基发射药(双基推进剂) | 双基发射药(双基推进剂) | 双基发射药(双基推进剂) | 切药、挑选、保温、晾药、冲型、筛选、称量、探伤、 车药、钻孔、包覆、药柱浸漆、检选、返工品处理、 吸收药驱水、驱除溶剂、水洗、水筛、压扁 | F1	0.96
test	关系事实	table_risk_mapping_rule	风险辨识	ROOT	table_2#行14	双基发射药(双基推进剂)	类别概念	危险工作间名称	压扁	位置部位实例									生产分类=双基发射药(双基推进剂)	ROOT	4 | 双基发射药(双基推进剂) | 双基发射药(双基推进剂) | 双基发射药(双基推进剂) | 双基发射药(双基推进剂) | 切药、挑选、保温、晾药、冲型、筛选、称量、探伤、 车药、钻孔、包覆、药柱浸漆、检选、返工品处理、 吸收药驱水、驱除溶剂、水洗、水筛、压扁 | F1	0.96
test	关系事实	table_risk_mapping_rule	风险辨识	ROOT	table_2#行14	吸收药驱水	位置部位实例	危险区域	F1	类别概念									生产分类=双基发射药(双基推进剂)；危险工作间名称=吸收药驱水	ROOT	4 | 双基发射药(双基推进剂) | 双基发射药(双基推进剂) | 双基发射药(双基推进剂) | 双基发射药(双基推进剂) | 切药、挑选、保温、晾药、冲型、筛选、称量、探伤、 车药、钻孔、包覆、药柱浸漆、检选、返工品处理、 吸收药驱水、驱除溶剂、水洗、水筛、压扁 | F1	0.96
test	关系事实	table_risk_mapping_rule	风险辨识	ROOT	table_2#行14	挑选	位置部位实例	危险区域	F1	类别概念									生产分类=双基发射药(双基推进剂)；危险工作间名称=挑选	ROOT	4 | 双基发射药(双基推进剂) | 双基发射药(双基推进剂) | 双基发射药(双基推进剂) | 双基发射药(双基推进剂) | 切药、挑选、保温、晾药、冲型、筛选、称量、探伤、 车药、钻孔、包覆、药柱浸漆、检选、返工品处理、 吸收药驱水、驱除溶剂、水洗、水筛、压扁 | F1	0.96
test	关系事实	table_risk_mapping_rule	风险辨识	ROOT	table_2#行14	探伤	位置部位实例	危险区域	F1	类别概念									生产分类=双基发射药(双基推进剂)；危险工作间名称=探伤	ROOT	4 | 双基发射药(双基推进剂) | 双基发射药(双基推进剂) | 双基发射药(双基推进剂) | 双基发射药(双基推进剂) | 切药、挑选、保温、晾药、冲型、筛选、称量、探伤、 车药、钻孔、包覆、药柱浸漆、检选、返工品处理、 吸收药驱水、驱除溶剂、水洗、水筛、压扁 | F1	0.96
test	关系事实	table_risk_mapping_rule	风险辨识	ROOT	table_2#行14	晾药	位置部位实例	危险区域	F1	类别概念									生产分类=双基发射药(双基推进剂)；危险工作间名称=晾药	ROOT	4 | 双基发射药(双基推进剂) | 双基发射药(双基推进剂) | 双基发射药(双基推进剂) | 双基发射药(双基推进剂) | 切药、挑选、保温、晾药、冲型、筛选、称量、探伤、 车药、钻孔、包覆、药柱浸漆、检选、返工品处理、 吸收药驱水、驱除溶剂、水洗、水筛、压扁 | F1	0.96
test	关系事实	table_risk_mapping_rule	风险辨识	ROOT	table_2#行14	检选	位置部位实例	危险区域	F1	类别概念									生产分类=双基发射药(双基推进剂)；危险工作间名称=检选	ROOT	4 | 双基发射药(双基推进剂) | 双基发射药(双基推进剂) | 双基发射药(双基推进剂) | 双基发射药(双基推进剂) | 切药、挑选、保温、晾药、冲型、筛选、称量、探伤、 车药、钻孔、包覆、药柱浸漆、检选、返工品处理、 吸收药驱水、驱除溶剂、水洗、水筛、压扁 | F1	0.96
test	关系事实	table_risk_mapping_rule	风险辨识	ROOT	table_2#行14	水洗	位置部位实例	危险区域	F1	类别概念									生产分类=双基发射药(双基推进剂)；危险工作间名称=水洗	ROOT	4 | 双基发射药(双基推进剂) | 双基发射药(双基推进剂) | 双基发射药(双基推进剂) | 双基发射药(双基推进剂) | 切药、挑选、保温、晾药、冲型、筛选、称量、探伤、 车药、钻孔、包覆、药柱浸漆、检选、返工品处理、 吸收药驱水、驱除溶剂、水洗、水筛、压扁 | F1	0.96
test	关系事实	table_risk_mapping_rule	风险辨识	ROOT	table_2#行14	水筛	位置部位实例	危险区域	F1	类别概念									生产分类=双基发射药(双基推进剂)；危险工作间名称=水筛	ROOT	4 | 双基发射药(双基推进剂) | 双基发射药(双基推进剂) | 双基发射药(双基推进剂) | 双基发射药(双基推进剂) | 切药、挑选、保温、晾药、冲型、筛选、称量、探伤、 车药、钻孔、包覆、药柱浸漆、检选、返工品处理、 吸收药驱水、驱除溶剂、水洗、水筛、压扁 | F1	0.96
test	关系事实	table_risk_mapping_rule	风险辨识	ROOT	table_2#行14	称量	位置部位实例	危险区域	F1	类别概念									生产分类=双基发射药(双基推进剂)；危险工作间名称=称量	ROOT	4 | 双基发射药(双基推进剂) | 双基发射药(双基推进剂) | 双基发射药(双基推进剂) | 双基发射药(双基推进剂) | 切药、挑选、保温、晾药、冲型、筛选、称量、探伤、 车药、钻孔、包覆、药柱浸漆、检选、返工品处理、 吸收药驱水、驱除溶剂、水洗、水筛、压扁 | F1	0.96
test	关系事实	table_risk_mapping_rule	风险辨识	ROOT	table_2#行14	筛选	位置部位实例	危险区域	F1	类别概念									生产分类=双基发射药(双基推进剂)；危险工作间名称=筛选	ROOT	4 | 双基发射药(双基推进剂) | 双基发射药(双基推进剂) | 双基发射药(双基推进剂) | 双基发射药(双基推进剂) | 切药、挑选、保温、晾药、冲型、筛选、称量、探伤、 车药、钻孔、包覆、药柱浸漆、检选、返工品处理、 吸收药驱水、驱除溶剂、水洗、水筛、压扁 | F1	0.96
test	关系事实	table_risk_mapping_rule	风险辨识	ROOT	table_2#行14	药柱浸漆	位置部位实例	危险区域	F1	类别概念									生产分类=双基发射药(双基推进剂)；危险工作间名称=药柱浸漆	ROOT	4 | 双基发射药(双基推进剂) | 双基发射药(双基推进剂) | 双基发射药(双基推进剂) | 双基发射药(双基推进剂) | 切药、挑选、保温、晾药、冲型、筛选、称量、探伤、 车药、钻孔、包覆、药柱浸漆、检选、返工品处理、 吸收药驱水、驱除溶剂、水洗、水筛、压扁 | F1	0.96
test	关系事实	table_risk_mapping_rule	风险辨识	ROOT	table_2#行14	车药	位置部位实例	危险区域	F1	类别概念									生产分类=双基发射药(双基推进剂)；危险工作间名称=车药	ROOT	4 | 双基发射药(双基推进剂) | 双基发射药(双基推进剂) | 双基发射药(双基推进剂) | 双基发射药(双基推进剂) | 切药、挑选、保温、晾药、冲型、筛选、称量、探伤、 车药、钻孔、包覆、药柱浸漆、检选、返工品处理、 吸收药驱水、驱除溶剂、水洗、水筛、压扁 | F1	0.96
test	关系事实	table_risk_mapping_rule	风险辨识	ROOT	table_2#行14	返工品处理	位置部位实例	危险区域	F1	类别概念									生产分类=双基发射药(双基推进剂)；危险工作间名称=返工品处理	ROOT	4 | 双基发射药(双基推进剂) | 双基发射药(双基推进剂) | 双基发射药(双基推进剂) | 双基发射药(双基推进剂) | 切药、挑选、保温、晾药、冲型、筛选、称量、探伤、 车药、钻孔、包覆、药柱浸漆、检选、返工品处理、 吸收药驱水、驱除溶剂、水洗、水筛、压扁 | F1	0.96
test	关系事实	table_risk_mapping_rule	风险辨识	ROOT	table_2#行14	钻孔	位置部位实例	危险区域	F1	类别概念									生产分类=双基发射药(双基推进剂)；危险工作间名称=钻孔	ROOT	4 | 双基发射药(双基推进剂) | 双基发射药(双基推进剂) | 双基发射药(双基推进剂) | 双基发射药(双基推进剂) | 切药、挑选、保温、晾药、冲型、筛选、称量、探伤、 车药、钻孔、包覆、药柱浸漆、检选、返工品处理、 吸收药驱水、驱除溶剂、水洗、水筛、压扁 | F1	0.96
test	关系事实	table_risk_mapping_rule	风险辨识	ROOT	table_2#行14	驱除溶剂	位置部位实例	危险区域	F1	类别概念									生产分类=双基发射药(双基推进剂)；危险工作间名称=驱除溶剂	ROOT	4 | 双基发射药(双基推进剂) | 双基发射药(双基推进剂) | 双基发射药(双基推进剂) | 双基发射药(双基推进剂) | 切药、挑选、保温、晾药、冲型、筛选、称量、探伤、 车药、钻孔、包覆、药柱浸漆、检选、返工品处理、 吸收药驱水、驱除溶剂、水洗、水筛、压扁 | F1	0.96
test	关系事实	table_risk_mapping_rule	风险辨识	ROOT	table_2#行15	光泽	位置部位实例	危险区域	F1**	类别概念									生产分类=双基发射药(双基推进剂)；危险工作间名称=光泽	ROOT	4 | 双基发射药(双基推进剂) | 双基发射药(双基推进剂) | 双基发射药(双基推进剂) | 双基发射药(双基推进剂) | 吸收药干混同、压延、切断、烘干、磁选、压伸、混同、编批、包装、胶化、挤压造粒、成球、钝感、光泽、筛选 | F1**	0.96
test	关系事实	table_risk_mapping_rule	风险辨识	ROOT	table_2#行15	切断	位置部位实例	危险区域	F1**	类别概念									生产分类=双基发射药(双基推进剂)；危险工作间名称=切断	ROOT	4 | 双基发射药(双基推进剂) | 双基发射药(双基推进剂) | 双基发射药(双基推进剂) | 双基发射药(双基推进剂) | 吸收药干混同、压延、切断、烘干、磁选、压伸、混同、编批、包装、胶化、挤压造粒、成球、钝感、光泽、筛选 | F1**	0.96
test	关系事实	table_risk_mapping_rule	风险辨识	ROOT	table_2#行15	包装	位置部位实例	危险区域	F1**	类别概念									生产分类=双基发射药(双基推进剂)；危险工作间名称=包装	ROOT	4 | 双基发射药(双基推进剂) | 双基发射药(双基推进剂) | 双基发射药(双基推进剂) | 双基发射药(双基推进剂) | 吸收药干混同、压延、切断、烘干、磁选、压伸、混同、编批、包装、胶化、挤压造粒、成球、钝感、光泽、筛选 | F1**	0.96
test	关系事实	table_risk_mapping_rule	风险辨识	ROOT	table_2#行15	压伸	位置部位实例	危险区域	F1**	类别概念									生产分类=双基发射药(双基推进剂)；危险工作间名称=压伸	ROOT	4 | 双基发射药(双基推进剂) | 双基发射药(双基推进剂) | 双基发射药(双基推进剂) | 双基发射药(双基推进剂) | 吸收药干混同、压延、切断、烘干、磁选、压伸、混同、编批、包装、胶化、挤压造粒、成球、钝感、光泽、筛选 | F1**	0.96
test	关系事实	table_risk_mapping_rule	风险辨识	ROOT	table_2#行15	压延	位置部位实例	危险区域	F1**	类别概念									生产分类=双基发射药(双基推进剂)；危险工作间名称=压延	ROOT	4 | 双基发射药(双基推进剂) | 双基发射药(双基推进剂) | 双基发射药(双基推进剂) | 双基发射药(双基推进剂) | 吸收药干混同、压延、切断、烘干、磁选、压伸、混同、编批、包装、胶化、挤压造粒、成球、钝感、光泽、筛选 | F1**	0.96
test	关系事实	table_risk_mapping_rule	风险辨识	ROOT	table_2#行15	双基发射药(双基推进剂)	类别概念	危险工作间名称	吸收药干混同	位置部位实例									生产分类=双基发射药(双基推进剂)	ROOT	4 | 双基发射药(双基推进剂) | 双基发射药(双基推进剂) | 双基发射药(双基推进剂) | 双基发射药(双基推进剂) | 吸收药干混同、压延、切断、烘干、磁选、压伸、混同、编批、包装、胶化、挤压造粒、成球、钝感、光泽、筛选 | F1**	0.96
test	关系事实	table_risk_mapping_rule	风险辨识	ROOT	table_2#行15	双基发射药(双基推进剂)	类别概念	危险工作间名称	压延	位置部位实例									生产分类=双基发射药(双基推进剂)	ROOT	4 | 双基发射药(双基推进剂) | 双基发射药(双基推进剂) | 双基发射药(双基推进剂) | 双基发射药(双基推进剂) | 吸收药干混同、压延、切断、烘干、磁选、压伸、混同、编批、包装、胶化、挤压造粒、成球、钝感、光泽、筛选 | F1**	0.96
test	关系事实	table_risk_mapping_rule	风险辨识	ROOT	table_2#行15	双基发射药(双基推进剂)	类别概念	危险工作间名称	切断	位置部位实例									生产分类=双基发射药(双基推进剂)	ROOT	4 | 双基发射药(双基推进剂) | 双基发射药(双基推进剂) | 双基发射药(双基推进剂) | 双基发射药(双基推进剂) | 吸收药干混同、压延、切断、烘干、磁选、压伸、混同、编批、包装、胶化、挤压造粒、成球、钝感、光泽、筛选 | F1**	0.96
test	关系事实	table_risk_mapping_rule	风险辨识	ROOT	table_2#行15	双基发射药(双基推进剂)	类别概念	危险工作间名称	烘干	位置部位实例									生产分类=双基发射药(双基推进剂)	ROOT	4 | 双基发射药(双基推进剂) | 双基发射药(双基推进剂) | 双基发射药(双基推进剂) | 双基发射药(双基推进剂) | 吸收药干混同、压延、切断、烘干、磁选、压伸、混同、编批、包装、胶化、挤压造粒、成球、钝感、光泽、筛选 | F1**	0.96
test	关系事实	table_risk_mapping_rule	风险辨识	ROOT	table_2#行15	双基发射药(双基推进剂)	类别概念	危险工作间名称	磁选	位置部位实例									生产分类=双基发射药(双基推进剂)	ROOT	4 | 双基发射药(双基推进剂) | 双基发射药(双基推进剂) | 双基发射药(双基推进剂) | 双基发射药(双基推进剂) | 吸收药干混同、压延、切断、烘干、磁选、压伸、混同、编批、包装、胶化、挤压造粒、成球、钝感、光泽、筛选 | F1**	0.96
test	关系事实	table_risk_mapping_rule	风险辨识	ROOT	table_2#行15	双基发射药(双基推进剂)	类别概念	危险工作间名称	压伸	位置部位实例									生产分类=双基发射药(双基推进剂)	ROOT	4 | 双基发射药(双基推进剂) | 双基发射药(双基推进剂) | 双基发射药(双基推进剂) | 双基发射药(双基推进剂) | 吸收药干混同、压延、切断、烘干、磁选、压伸、混同、编批、包装、胶化、挤压造粒、成球、钝感、光泽、筛选 | F1**	0.96
test	关系事实	table_risk_mapping_rule	风险辨识	ROOT	table_2#行15	双基发射药(双基推进剂)	类别概念	危险工作间名称	混同	位置部位实例									生产分类=双基发射药(双基推进剂)	ROOT	4 | 双基发射药(双基推进剂) | 双基发射药(双基推进剂) | 双基发射药(双基推进剂) | 双基发射药(双基推进剂) | 吸收药干混同、压延、切断、烘干、磁选、压伸、混同、编批、包装、胶化、挤压造粒、成球、钝感、光泽、筛选 | F1**	0.96
test	关系事实	table_risk_mapping_rule	风险辨识	ROOT	table_2#行15	双基发射药(双基推进剂)	类别概念	危险工作间名称	编批	位置部位实例									生产分类=双基发射药(双基推进剂)	ROOT	4 | 双基发射药(双基推进剂) | 双基发射药(双基推进剂) | 双基发射药(双基推进剂) | 双基发射药(双基推进剂) | 吸收药干混同、压延、切断、烘干、磁选、压伸、混同、编批、包装、胶化、挤压造粒、成球、钝感、光泽、筛选 | F1**	0.96
test	关系事实	table_risk_mapping_rule	风险辨识	ROOT	table_2#行15	双基发射药(双基推进剂)	类别概念	危险工作间名称	包装	位置部位实例									生产分类=双基发射药(双基推进剂)	ROOT	4 | 双基发射药(双基推进剂) | 双基发射药(双基推进剂) | 双基发射药(双基推进剂) | 双基发射药(双基推进剂) | 吸收药干混同、压延、切断、烘干、磁选、压伸、混同、编批、包装、胶化、挤压造粒、成球、钝感、光泽、筛选 | F1**	0.96
test	关系事实	table_risk_mapping_rule	风险辨识	ROOT	table_2#行15	双基发射药(双基推进剂)	类别概念	危险工作间名称	胶化	位置部位实例									生产分类=双基发射药(双基推进剂)	ROOT	4 | 双基发射药(双基推进剂) | 双基发射药(双基推进剂) | 双基发射药(双基推进剂) | 双基发射药(双基推进剂) | 吸收药干混同、压延、切断、烘干、磁选、压伸、混同、编批、包装、胶化、挤压造粒、成球、钝感、光泽、筛选 | F1**	0.96
test	关系事实	table_risk_mapping_rule	风险辨识	ROOT	table_2#行15	双基发射药(双基推进剂)	类别概念	危险工作间名称	挤压造粒	位置部位实例									生产分类=双基发射药(双基推进剂)	ROOT	4 | 双基发射药(双基推进剂) | 双基发射药(双基推进剂) | 双基发射药(双基推进剂) | 双基发射药(双基推进剂) | 吸收药干混同、压延、切断、烘干、磁选、压伸、混同、编批、包装、胶化、挤压造粒、成球、钝感、光泽、筛选 | F1**	0.96
test	关系事实	table_risk_mapping_rule	风险辨识	ROOT	table_2#行15	双基发射药(双基推进剂)	类别概念	危险工作间名称	成球	位置部位实例									生产分类=双基发射药(双基推进剂)	ROOT	4 | 双基发射药(双基推进剂) | 双基发射药(双基推进剂) | 双基发射药(双基推进剂) | 双基发射药(双基推进剂) | 吸收药干混同、压延、切断、烘干、磁选、压伸、混同、编批、包装、胶化、挤压造粒、成球、钝感、光泽、筛选 | F1**	0.96
test	关系事实	table_risk_mapping_rule	风险辨识	ROOT	table_2#行15	双基发射药(双基推进剂)	类别概念	危险工作间名称	钝感	位置部位实例									生产分类=双基发射药(双基推进剂)	ROOT	4 | 双基发射药(双基推进剂) | 双基发射药(双基推进剂) | 双基发射药(双基推进剂) | 双基发射药(双基推进剂) | 吸收药干混同、压延、切断、烘干、磁选、压伸、混同、编批、包装、胶化、挤压造粒、成球、钝感、光泽、筛选 | F1**	0.96
test	关系事实	table_risk_mapping_rule	风险辨识	ROOT	table_2#行15	双基发射药(双基推进剂)	类别概念	危险工作间名称	光泽	位置部位实例									生产分类=双基发射药(双基推进剂)	ROOT	4 | 双基发射药(双基推进剂) | 双基发射药(双基推进剂) | 双基发射药(双基推进剂) | 双基发射药(双基推进剂) | 吸收药干混同、压延、切断、烘干、磁选、压伸、混同、编批、包装、胶化、挤压造粒、成球、钝感、光泽、筛选 | F1**	0.96
test	关系事实	table_risk_mapping_rule	风险辨识	ROOT	table_2#行15	吸收药干混同	位置部位实例	危险区域	F1**	类别概念									生产分类=双基发射药(双基推进剂)；危险工作间名称=吸收药干混同	ROOT	4 | 双基发射药(双基推进剂) | 双基发射药(双基推进剂) | 双基发射药(双基推进剂) | 双基发射药(双基推进剂) | 吸收药干混同、压延、切断、烘干、磁选、压伸、混同、编批、包装、胶化、挤压造粒、成球、钝感、光泽、筛选 | F1**	0.96
test	关系事实	table_risk_mapping_rule	风险辨识	ROOT	table_2#行15	成球	位置部位实例	危险区域	F1**	类别概念									生产分类=双基发射药(双基推进剂)；危险工作间名称=成球	ROOT	4 | 双基发射药(双基推进剂) | 双基发射药(双基推进剂) | 双基发射药(双基推进剂) | 双基发射药(双基推进剂) | 吸收药干混同、压延、切断、烘干、磁选、压伸、混同、编批、包装、胶化、挤压造粒、成球、钝感、光泽、筛选 | F1**	0.96
test	关系事实	table_risk_mapping_rule	风险辨识	ROOT	table_2#行15	挤压造粒	位置部位实例	危险区域	F1**	类别概念									生产分类=双基发射药(双基推进剂)；危险工作间名称=挤压造粒	ROOT	4 | 双基发射药(双基推进剂) | 双基发射药(双基推进剂) | 双基发射药(双基推进剂) | 双基发射药(双基推进剂) | 吸收药干混同、压延、切断、烘干、磁选、压伸、混同、编批、包装、胶化、挤压造粒、成球、钝感、光泽、筛选 | F1**	0.96
test	关系事实	table_risk_mapping_rule	风险辨识	ROOT	table_2#行15	混同	位置部位实例	危险区域	F1**	类别概念									生产分类=双基发射药(双基推进剂)；危险工作间名称=混同	ROOT	4 | 双基发射药(双基推进剂) | 双基发射药(双基推进剂) | 双基发射药(双基推进剂) | 双基发射药(双基推进剂) | 吸收药干混同、压延、切断、烘干、磁选、压伸、混同、编批、包装、胶化、挤压造粒、成球、钝感、光泽、筛选 | F1**	0.96
test	关系事实	table_risk_mapping_rule	风险辨识	ROOT	table_2#行15	烘干	位置部位实例	危险区域	F1**	类别概念									生产分类=双基发射药(双基推进剂)；危险工作间名称=烘干	ROOT	4 | 双基发射药(双基推进剂) | 双基发射药(双基推进剂) | 双基发射药(双基推进剂) | 双基发射药(双基推进剂) | 吸收药干混同、压延、切断、烘干、磁选、压伸、混同、编批、包装、胶化、挤压造粒、成球、钝感、光泽、筛选 | F1**	0.96
test	关系事实	table_risk_mapping_rule	风险辨识	ROOT	table_2#行15	磁选	位置部位实例	危险区域	F1**	类别概念									生产分类=双基发射药(双基推进剂)；危险工作间名称=磁选	ROOT	4 | 双基发射药(双基推进剂) | 双基发射药(双基推进剂) | 双基发射药(双基推进剂) | 双基发射药(双基推进剂) | 吸收药干混同、压延、切断、烘干、磁选、压伸、混同、编批、包装、胶化、挤压造粒、成球、钝感、光泽、筛选 | F1**	0.96
test	关系事实	table_risk_mapping_rule	风险辨识	ROOT	table_2#行15	筛选	位置部位实例	危险区域	F1**	类别概念									生产分类=双基发射药(双基推进剂)；危险工作间名称=筛选	ROOT	4 | 双基发射药(双基推进剂) | 双基发射药(双基推进剂) | 双基发射药(双基推进剂) | 双基发射药(双基推进剂) | 吸收药干混同、压延、切断、烘干、磁选、压伸、混同、编批、包装、胶化、挤压造粒、成球、钝感、光泽、筛选 | F1**	0.96
test	关系事实	table_risk_mapping_rule	风险辨识	ROOT	table_2#行15	编批	位置部位实例	危险区域	F1**	类别概念									生产分类=双基发射药(双基推进剂)；危险工作间名称=编批	ROOT	4 | 双基发射药(双基推进剂) | 双基发射药(双基推进剂) | 双基发射药(双基推进剂) | 双基发射药(双基推进剂) | 吸收药干混同、压延、切断、烘干、磁选、压伸、混同、编批、包装、胶化、挤压造粒、成球、钝感、光泽、筛选 | F1**	0.96
test	关系事实	table_risk_mapping_rule	风险辨识	ROOT	table_2#行15	胶化	位置部位实例	危险区域	F1**	类别概念									生产分类=双基发射药(双基推进剂)；危险工作间名称=胶化	ROOT	4 | 双基发射药(双基推进剂) | 双基发射药(双基推进剂) | 双基发射药(双基推进剂) | 双基发射药(双基推进剂) | 吸收药干混同、压延、切断、烘干、磁选、压伸、混同、编批、包装、胶化、挤压造粒、成球、钝感、光泽、筛选 | F1**	0.96
test	关系事实	table_risk_mapping_rule	风险辨识	ROOT	table_2#行15	钝感	位置部位实例	危险区域	F1**	类别概念									生产分类=双基发射药(双基推进剂)；危险工作间名称=钝感	ROOT	4 | 双基发射药(双基推进剂) | 双基发射药(双基推进剂) | 双基发射药(双基推进剂) | 双基发射药(双基推进剂) | 吸收药干混同、压延、切断、烘干、磁选、压伸、混同、编批、包装、胶化、挤压造粒、成球、钝感、光泽、筛选 | F1**	0.96
test	关系事实	table_risk_mapping_rule	风险辨识	ROOT	table_2#行16	吸收药制造	位置部位实例	危险区域	F2	类别概念									生产分类=改性双基发射药 (改性双基推进剂)；危险工作间名称=吸收药制造	ROOT	4 | 改性双基发射药 (改性双基推进剂) | 改性双基发射药 (改性双基推进剂) | 改性双基发射药 (改性双基推进剂) | 改性双基发射药 (改性双基推进剂) | 吸收药制造、吸收药浆混同 | F2	0.96
test	关系事实	table_risk_mapping_rule	风险辨识	ROOT	table_2#行16	吸收药浆混同	位置部位实例	危险区域	F2	类别概念									生产分类=改性双基发射药 (改性双基推进剂)；危险工作间名称=吸收药浆混同	ROOT	4 | 改性双基发射药 (改性双基推进剂) | 改性双基发射药 (改性双基推进剂) | 改性双基发射药 (改性双基推进剂) | 改性双基发射药 (改性双基推进剂) | 吸收药制造、吸收药浆混同 | F2	0.96
test	关系事实	table_risk_mapping_rule	风险辨识	ROOT	table_2#行16	改性双基发射药(改性双基推进剂)	类别概念	危险工作间名称	吸收药制造	位置部位实例									生产分类=改性双基发射药 (改性双基推进剂)	ROOT	4 | 改性双基发射药 (改性双基推进剂) | 改性双基发射药 (改性双基推进剂) | 改性双基发射药 (改性双基推进剂) | 改性双基发射药 (改性双基推进剂) | 吸收药制造、吸收药浆混同 | F2	0.96
test	关系事实	table_risk_mapping_rule	风险辨识	ROOT	table_2#行16	改性双基发射药(改性双基推进剂)	类别概念	危险工作间名称	吸收药浆混同	位置部位实例									生产分类=改性双基发射药 (改性双基推进剂)	ROOT	4 | 改性双基发射药 (改性双基推进剂) | 改性双基发射药 (改性双基推进剂) | 改性双基发射药 (改性双基推进剂) | 改性双基发射药 (改性双基推进剂) | 吸收药制造、吸收药浆混同 | F2	0.96
test	属性事实	table_risk_mapping_rule	风险辨识	ROOT	table_2#行16	改性双基发射药(改性双基推进剂)	类别概念	生产分类	改性双基发射药 (改性双基推进剂)	作业信息					文本描述					ROOT	4 | 改性双基发射药 (改性双基推进剂) | 改性双基发射药 (改性双基推进剂) | 改性双基发射药 (改性双基推进剂) | 改性双基发射药 (改性双基推进剂) | 吸收药制造、吸收药浆混同 | F2	0.96
test	关系事实	table_risk_mapping_rule	风险辨识	ROOT	table_2#行17	包覆	位置部位实例	危险区域	F1	类别概念									生产分类=改性双基发射药 (改性双基推进剂)；危险工作间名称=包覆	ROOT	4 | 改性双基发射药 (改性双基推进剂) | 改性双基发射药 (改性双基推进剂) | 改性双基发射药 (改性双基推进剂) | 改性双基发射药 (改性双基推进剂) | 驱水、炸药加工、添加炸药、探伤、整形、包覆、挑选 | F1	0.96
test	关系事实	table_risk_mapping_rule	风险辨识	ROOT	table_2#行17	挑选	位置部位实例	危险区域	F1	类别概念									生产分类=改性双基发射药 (改性双基推进剂)；危险工作间名称=挑选	ROOT	4 | 改性双基发射药 (改性双基推进剂) | 改性双基发射药 (改性双基推进剂) | 改性双基发射药 (改性双基推进剂) | 改性双基发射药 (改性双基推进剂) | 驱水、炸药加工、添加炸药、探伤、整形、包覆、挑选 | F1	0.96
test	关系事实	table_risk_mapping_rule	风险辨识	ROOT	table_2#行17	探伤	位置部位实例	危险区域	F1	类别概念									生产分类=改性双基发射药 (改性双基推进剂)；危险工作间名称=探伤	ROOT	4 | 改性双基发射药 (改性双基推进剂) | 改性双基发射药 (改性双基推进剂) | 改性双基发射药 (改性双基推进剂) | 改性双基发射药 (改性双基推进剂) | 驱水、炸药加工、添加炸药、探伤、整形、包覆、挑选 | F1	0.96
test	关系事实	table_risk_mapping_rule	风险辨识	ROOT	table_2#行17	改性双基发射药(改性双基推进剂)	类别概念	危险工作间名称	驱水	位置部位实例									生产分类=改性双基发射药 (改性双基推进剂)	ROOT	4 | 改性双基发射药 (改性双基推进剂) | 改性双基发射药 (改性双基推进剂) | 改性双基发射药 (改性双基推进剂) | 改性双基发射药 (改性双基推进剂) | 驱水、炸药加工、添加炸药、探伤、整形、包覆、挑选 | F1	0.96
test	关系事实	table_risk_mapping_rule	风险辨识	ROOT	table_2#行17	改性双基发射药(改性双基推进剂)	类别概念	危险工作间名称	炸药加工	位置部位实例									生产分类=改性双基发射药 (改性双基推进剂)	ROOT	4 | 改性双基发射药 (改性双基推进剂) | 改性双基发射药 (改性双基推进剂) | 改性双基发射药 (改性双基推进剂) | 改性双基发射药 (改性双基推进剂) | 驱水、炸药加工、添加炸药、探伤、整形、包覆、挑选 | F1	0.96
test	关系事实	table_risk_mapping_rule	风险辨识	ROOT	table_2#行17	改性双基发射药(改性双基推进剂)	类别概念	危险工作间名称	添加炸药	位置部位实例									生产分类=改性双基发射药 (改性双基推进剂)	ROOT	4 | 改性双基发射药 (改性双基推进剂) | 改性双基发射药 (改性双基推进剂) | 改性双基发射药 (改性双基推进剂) | 改性双基发射药 (改性双基推进剂) | 驱水、炸药加工、添加炸药、探伤、整形、包覆、挑选 | F1	0.96
test	关系事实	table_risk_mapping_rule	风险辨识	ROOT	table_2#行17	改性双基发射药(改性双基推进剂)	类别概念	危险工作间名称	探伤	位置部位实例									生产分类=改性双基发射药 (改性双基推进剂)	ROOT	4 | 改性双基发射药 (改性双基推进剂) | 改性双基发射药 (改性双基推进剂) | 改性双基发射药 (改性双基推进剂) | 改性双基发射药 (改性双基推进剂) | 驱水、炸药加工、添加炸药、探伤、整形、包覆、挑选 | F1	0.96
test	关系事实	table_risk_mapping_rule	风险辨识	ROOT	table_2#行17	改性双基发射药(改性双基推进剂)	类别概念	危险工作间名称	整形	位置部位实例									生产分类=改性双基发射药 (改性双基推进剂)	ROOT	4 | 改性双基发射药 (改性双基推进剂) | 改性双基发射药 (改性双基推进剂) | 改性双基发射药 (改性双基推进剂) | 改性双基发射药 (改性双基推进剂) | 驱水、炸药加工、添加炸药、探伤、整形、包覆、挑选 | F1	0.96
test	关系事实	table_risk_mapping_rule	风险辨识	ROOT	table_2#行17	改性双基发射药(改性双基推进剂)	类别概念	危险工作间名称	包覆	位置部位实例									生产分类=改性双基发射药 (改性双基推进剂)	ROOT	4 | 改性双基发射药 (改性双基推进剂) | 改性双基发射药 (改性双基推进剂) | 改性双基发射药 (改性双基推进剂) | 改性双基发射药 (改性双基推进剂) | 驱水、炸药加工、添加炸药、探伤、整形、包覆、挑选 | F1	0.96
test	关系事实	table_risk_mapping_rule	风险辨识	ROOT	table_2#行17	改性双基发射药(改性双基推进剂)	类别概念	危险工作间名称	挑选	位置部位实例									生产分类=改性双基发射药 (改性双基推进剂)	ROOT	4 | 改性双基发射药 (改性双基推进剂) | 改性双基发射药 (改性双基推进剂) | 改性双基发射药 (改性双基推进剂) | 改性双基发射药 (改性双基推进剂) | 驱水、炸药加工、添加炸药、探伤、整形、包覆、挑选 | F1	0.96
test	关系事实	table_risk_mapping_rule	风险辨识	ROOT	table_2#行17	整形	位置部位实例	危险区域	F1	类别概念									生产分类=改性双基发射药 (改性双基推进剂)；危险工作间名称=整形	ROOT	4 | 改性双基发射药 (改性双基推进剂) | 改性双基发射药 (改性双基推进剂) | 改性双基发射药 (改性双基推进剂) | 改性双基发射药 (改性双基推进剂) | 驱水、炸药加工、添加炸药、探伤、整形、包覆、挑选 | F1	0.96
test	关系事实	table_risk_mapping_rule	风险辨识	ROOT	table_2#行17	添加炸药	位置部位实例	危险区域	F1	类别概念									生产分类=改性双基发射药 (改性双基推进剂)；危险工作间名称=添加炸药	ROOT	4 | 改性双基发射药 (改性双基推进剂) | 改性双基发射药 (改性双基推进剂) | 改性双基发射药 (改性双基推进剂) | 改性双基发射药 (改性双基推进剂) | 驱水、炸药加工、添加炸药、探伤、整形、包覆、挑选 | F1	0.96
test	关系事实	table_risk_mapping_rule	风险辨识	ROOT	table_2#行17	炸药加工	位置部位实例	危险区域	F1	类别概念									生产分类=改性双基发射药 (改性双基推进剂)；危险工作间名称=炸药加工	ROOT	4 | 改性双基发射药 (改性双基推进剂) | 改性双基发射药 (改性双基推进剂) | 改性双基发射药 (改性双基推进剂) | 改性双基发射药 (改性双基推进剂) | 驱水、炸药加工、添加炸药、探伤、整形、包覆、挑选 | F1	0.96
test	关系事实	table_risk_mapping_rule	风险辨识	ROOT	table_2#行17	驱水	位置部位实例	危险区域	F1	类别概念									生产分类=改性双基发射药 (改性双基推进剂)；危险工作间名称=驱水	ROOT	4 | 改性双基发射药 (改性双基推进剂) | 改性双基发射药 (改性双基推进剂) | 改性双基发射药 (改性双基推进剂) | 改性双基发射药 (改性双基推进剂) | 驱水、炸药加工、添加炸药、探伤、整形、包覆、挑选 | F1	0.96
test	关系事实	table_risk_mapping_rule	风险辨识	ROOT	table_2#行18	切药	位置部位实例	危险区域	F1**	类别概念									生产分类=改性双基发射药 (改性双基推进剂)；危险工作间名称=切药	ROOT	4 | 改性双基发射药 (改性双基推进剂) | 改性双基发射药 (改性双基推进剂) | 改性双基发射药 (改性双基推进剂) | 改性双基发射药 (改性双基推进剂) | 混同、压延、烘干、压伸、切药、包装 | F1**	0.96
test	关系事实	table_risk_mapping_rule	风险辨识	ROOT	table_2#行18	包装	位置部位实例	危险区域	F1**	类别概念									生产分类=改性双基发射药 (改性双基推进剂)；危险工作间名称=包装	ROOT	4 | 改性双基发射药 (改性双基推进剂) | 改性双基发射药 (改性双基推进剂) | 改性双基发射药 (改性双基推进剂) | 改性双基发射药 (改性双基推进剂) | 混同、压延、烘干、压伸、切药、包装 | F1**	0.96
test	关系事实	table_risk_mapping_rule	风险辨识	ROOT	table_2#行18	压伸	位置部位实例	危险区域	F1**	类别概念									生产分类=改性双基发射药 (改性双基推进剂)；危险工作间名称=压伸	ROOT	4 | 改性双基发射药 (改性双基推进剂) | 改性双基发射药 (改性双基推进剂) | 改性双基发射药 (改性双基推进剂) | 改性双基发射药 (改性双基推进剂) | 混同、压延、烘干、压伸、切药、包装 | F1**	0.96
test	关系事实	table_risk_mapping_rule	风险辨识	ROOT	table_2#行18	压延	位置部位实例	危险区域	F1**	类别概念									生产分类=改性双基发射药 (改性双基推进剂)；危险工作间名称=压延	ROOT	4 | 改性双基发射药 (改性双基推进剂) | 改性双基发射药 (改性双基推进剂) | 改性双基发射药 (改性双基推进剂) | 改性双基发射药 (改性双基推进剂) | 混同、压延、烘干、压伸、切药、包装 | F1**	0.96
test	关系事实	table_risk_mapping_rule	风险辨识	ROOT	table_2#行18	改性双基发射药(改性双基推进剂)	类别概念	危险工作间名称	混同	位置部位实例									生产分类=改性双基发射药 (改性双基推进剂)	ROOT	4 | 改性双基发射药 (改性双基推进剂) | 改性双基发射药 (改性双基推进剂) | 改性双基发射药 (改性双基推进剂) | 改性双基发射药 (改性双基推进剂) | 混同、压延、烘干、压伸、切药、包装 | F1**	0.96
test	关系事实	table_risk_mapping_rule	风险辨识	ROOT	table_2#行18	改性双基发射药(改性双基推进剂)	类别概念	危险工作间名称	压延	位置部位实例									生产分类=改性双基发射药 (改性双基推进剂)	ROOT	4 | 改性双基发射药 (改性双基推进剂) | 改性双基发射药 (改性双基推进剂) | 改性双基发射药 (改性双基推进剂) | 改性双基发射药 (改性双基推进剂) | 混同、压延、烘干、压伸、切药、包装 | F1**	0.96
test	关系事实	table_risk_mapping_rule	风险辨识	ROOT	table_2#行18	改性双基发射药(改性双基推进剂)	类别概念	危险工作间名称	烘干	位置部位实例									生产分类=改性双基发射药 (改性双基推进剂)	ROOT	4 | 改性双基发射药 (改性双基推进剂) | 改性双基发射药 (改性双基推进剂) | 改性双基发射药 (改性双基推进剂) | 改性双基发射药 (改性双基推进剂) | 混同、压延、烘干、压伸、切药、包装 | F1**	0.96
test	关系事实	table_risk_mapping_rule	风险辨识	ROOT	table_2#行18	改性双基发射药(改性双基推进剂)	类别概念	危险工作间名称	压伸	位置部位实例									生产分类=改性双基发射药 (改性双基推进剂)	ROOT	4 | 改性双基发射药 (改性双基推进剂) | 改性双基发射药 (改性双基推进剂) | 改性双基发射药 (改性双基推进剂) | 改性双基发射药 (改性双基推进剂) | 混同、压延、烘干、压伸、切药、包装 | F1**	0.96
test	关系事实	table_risk_mapping_rule	风险辨识	ROOT	table_2#行18	改性双基发射药(改性双基推进剂)	类别概念	危险工作间名称	切药	位置部位实例									生产分类=改性双基发射药 (改性双基推进剂)	ROOT	4 | 改性双基发射药 (改性双基推进剂) | 改性双基发射药 (改性双基推进剂) | 改性双基发射药 (改性双基推进剂) | 改性双基发射药 (改性双基推进剂) | 混同、压延、烘干、压伸、切药、包装 | F1**	0.96
test	关系事实	table_risk_mapping_rule	风险辨识	ROOT	table_2#行18	改性双基发射药(改性双基推进剂)	类别概念	危险工作间名称	包装	位置部位实例									生产分类=改性双基发射药 (改性双基推进剂)	ROOT	4 | 改性双基发射药 (改性双基推进剂) | 改性双基发射药 (改性双基推进剂) | 改性双基发射药 (改性双基推进剂) | 改性双基发射药 (改性双基推进剂) | 混同、压延、烘干、压伸、切药、包装 | F1**	0.96
test	关系事实	table_risk_mapping_rule	风险辨识	ROOT	table_2#行18	混同	位置部位实例	危险区域	F1**	类别概念									生产分类=改性双基发射药 (改性双基推进剂)；危险工作间名称=混同	ROOT	4 | 改性双基发射药 (改性双基推进剂) | 改性双基发射药 (改性双基推进剂) | 改性双基发射药 (改性双基推进剂) | 改性双基发射药 (改性双基推进剂) | 混同、压延、烘干、压伸、切药、包装 | F1**	0.96
test	关系事实	table_risk_mapping_rule	风险辨识	ROOT	table_2#行18	烘干	位置部位实例	危险区域	F1**	类别概念									生产分类=改性双基发射药 (改性双基推进剂)；危险工作间名称=烘干	ROOT	4 | 改性双基发射药 (改性双基推进剂) | 改性双基发射药 (改性双基推进剂) | 改性双基发射药 (改性双基推进剂) | 改性双基发射药 (改性双基推进剂) | 混同、压延、烘干、压伸、切药、包装 | F1**	0.96
test	关系事实	table_risk_mapping_rule	风险辨识	ROOT	table_2#行19	三基发射药:含有硝化甘油或其它醇类硝酸酯、硝化纤维素、硝基胍等	类别概念	分类条件	三基发射药:含有硝化甘油或其它醇类硝酸酯、硝化纤维素、硝基胍等；含有硝化甘油或其他醇类硝酸酯溶液的配制	文本片段实例									生产分类=三基发射药:含有硝化甘油或其它醇类硝酸酯、硝化纤维素、硝基胍等；分类条件=三基发射药:含有硝化甘油或其它醇类硝酸酯、硝化纤维素、硝基胍等；含有硝化甘油或其他醇类硝酸酯溶液的配制	ROOT	5 | 三基发射药:含有硝化甘油或其它醇类硝酸酯、硝化纤维素、硝基胍等 | 三基发射药:含有硝化甘油或其它醇类硝酸酯、硝化纤维素、硝基胍等 | 三基发射药:含有硝化甘油或其它醇类硝酸酯、硝化纤维素、硝基胍等 | 三基发射药:含有硝化甘油或其它醇类硝酸酯、硝化纤维素、硝基胍等 | 含有硝化甘油或其他醇类硝酸酯溶液的配制、吸收药制造 | F2	0.96
test	关系事实	table_risk_mapping_rule	风险辨识	ROOT	table_2#行19	三基发射药:含有硝化甘油或其它醇类硝酸酯、硝化纤维素、硝基胍等	类别概念	危险工作间名称	吸收药制造	位置部位实例									生产分类=三基发射药:含有硝化甘油或其它醇类硝酸酯、硝化纤维素、硝基胍等；分类条件=三基发射药:含有硝化甘油或其它醇类硝酸酯、硝化纤维素、硝基胍等；含有硝化甘油或其他醇类硝酸酯溶液的配制	ROOT	5 | 三基发射药:含有硝化甘油或其它醇类硝酸酯、硝化纤维素、硝基胍等 | 三基发射药:含有硝化甘油或其它醇类硝酸酯、硝化纤维素、硝基胍等 | 三基发射药:含有硝化甘油或其它醇类硝酸酯、硝化纤维素、硝基胍等 | 三基发射药:含有硝化甘油或其它醇类硝酸酯、硝化纤维素、硝基胍等 | 含有硝化甘油或其他醇类硝酸酯溶液的配制、吸收药制造 | F2	0.96
test	关系事实	table_risk_mapping_rule	风险辨识	ROOT	table_2#行19	吸收药制造	位置部位实例	危险区域	F2	类别概念									生产分类=三基发射药:含有硝化甘油或其它醇类硝酸酯、硝化纤维素、硝基胍等；分类条件=三基发射药:含有硝化甘油或其它醇类硝酸酯、硝化纤维素、硝基胍等；含有硝化甘油或其他醇类硝酸酯溶液的配制；危险工作间名称=吸收药制造	ROOT	5 | 三基发射药:含有硝化甘油或其它醇类硝酸酯、硝化纤维素、硝基胍等 | 三基发射药:含有硝化甘油或其它醇类硝酸酯、硝化纤维素、硝基胍等 | 三基发射药:含有硝化甘油或其它醇类硝酸酯、硝化纤维素、硝基胍等 | 三基发射药:含有硝化甘油或其它醇类硝酸酯、硝化纤维素、硝基胍等 | 含有硝化甘油或其他醇类硝酸酯溶液的配制、吸收药制造 | F2	0.96
test	关系事实	table_risk_mapping_rule	风险辨识	ROOT	table_2#行2	三基发射药:含有硝化甘油或其它醇类硝酸酯、硝化纤维素、硝基胍等	类别概念	危险工作间名称	吸收药驱水	位置部位实例									生产分类=三基发射药:含有硝化甘油或其它醇类硝酸酯、硝化纤维素、硝基胍等；分类条件=三基发射药:含有硝化甘油或其它醇类硝酸酯、硝化纤维素、硝基胍等	ROOT	5 | 三基发射药:含有硝化甘油或其它醇类硝酸酯、硝化纤维素、硝基胍等 | 三基发射药:含有硝化甘油或其它醇类硝酸酯、硝化纤维素、硝基胍等 | 三基发射药:含有硝化甘油或其它醇类硝酸酯、硝化纤维素、硝基胍等 | 三基发射药:含有硝化甘油或其它醇类硝酸酯、硝化纤维素、硝基胍等 | 吸收药驱水、硝基胍准备、压伸、熟化 | F1	0.96
test	关系事实	table_risk_mapping_rule	风险辨识	ROOT	table_2#行2	三基发射药:含有硝化甘油或其它醇类硝酸酯、硝化纤维素、硝基胍等	类别概念	危险工作间名称	硝基胍准备	位置部位实例									生产分类=三基发射药:含有硝化甘油或其它醇类硝酸酯、硝化纤维素、硝基胍等；分类条件=三基发射药:含有硝化甘油或其它醇类硝酸酯、硝化纤维素、硝基胍等	ROOT	5 | 三基发射药:含有硝化甘油或其它醇类硝酸酯、硝化纤维素、硝基胍等 | 三基发射药:含有硝化甘油或其它醇类硝酸酯、硝化纤维素、硝基胍等 | 三基发射药:含有硝化甘油或其它醇类硝酸酯、硝化纤维素、硝基胍等 | 三基发射药:含有硝化甘油或其它醇类硝酸酯、硝化纤维素、硝基胍等 | 吸收药驱水、硝基胍准备、压伸、熟化 | F1	0.96
test	关系事实	table_risk_mapping_rule	风险辨识	ROOT	table_2#行2	三基发射药:含有硝化甘油或其它醇类硝酸酯、硝化纤维素、硝基胍等	类别概念	危险工作间名称	压伸	位置部位实例									生产分类=三基发射药:含有硝化甘油或其它醇类硝酸酯、硝化纤维素、硝基胍等；分类条件=三基发射药:含有硝化甘油或其它醇类硝酸酯、硝化纤维素、硝基胍等	ROOT	5 | 三基发射药:含有硝化甘油或其它醇类硝酸酯、硝化纤维素、硝基胍等 | 三基发射药:含有硝化甘油或其它醇类硝酸酯、硝化纤维素、硝基胍等 | 三基发射药:含有硝化甘油或其它醇类硝酸酯、硝化纤维素、硝基胍等 | 三基发射药:含有硝化甘油或其它醇类硝酸酯、硝化纤维素、硝基胍等 | 吸收药驱水、硝基胍准备、压伸、熟化 | F1	0.96
test	关系事实	table_risk_mapping_rule	风险辨识	ROOT	table_2#行2	三基发射药:含有硝化甘油或其它醇类硝酸酯、硝化纤维素、硝基胍等	类别概念	危险工作间名称	熟化	位置部位实例									生产分类=三基发射药:含有硝化甘油或其它醇类硝酸酯、硝化纤维素、硝基胍等；分类条件=三基发射药:含有硝化甘油或其它醇类硝酸酯、硝化纤维素、硝基胍等	ROOT	5 | 三基发射药:含有硝化甘油或其它醇类硝酸酯、硝化纤维素、硝基胍等 | 三基发射药:含有硝化甘油或其它醇类硝酸酯、硝化纤维素、硝基胍等 | 三基发射药:含有硝化甘油或其它醇类硝酸酯、硝化纤维素、硝基胍等 | 三基发射药:含有硝化甘油或其它醇类硝酸酯、硝化纤维素、硝基胍等 | 吸收药驱水、硝基胍准备、压伸、熟化 | F1	0.96
test	关系事实	table_risk_mapping_rule	风险辨识	ROOT	table_2#行2	包装	位置部位实例	危险区域	F2	类别概念									生产分类=硝化纤维素；分类条件=含水量≥25%，或含氮＜12.6%且醇含量≥25%；危险工作间名称=包装	ROOT	硝化纤维素 | 硝化纤维素 | 硝化纤维素 | 含水量≥25%，或含氮＜12.6%且醇含量≥25% | 脱水、包装 | F2	0.96
test	关系事实	table_risk_mapping_rule	风险辨识	ROOT	table_2#行2	压伸	位置部位实例	危险区域	F1	类别概念									生产分类=三基发射药:含有硝化甘油或其它醇类硝酸酯、硝化纤维素、硝基胍等；分类条件=三基发射药:含有硝化甘油或其它醇类硝酸酯、硝化纤维素、硝基胍等；危险工作间名称=压伸	ROOT	5 | 三基发射药:含有硝化甘油或其它醇类硝酸酯、硝化纤维素、硝基胍等 | 三基发射药:含有硝化甘油或其它醇类硝酸酯、硝化纤维素、硝基胍等 | 三基发射药:含有硝化甘油或其它醇类硝酸酯、硝化纤维素、硝基胍等 | 三基发射药:含有硝化甘油或其它醇类硝酸酯、硝化纤维素、硝基胍等 | 吸收药驱水、硝基胍准备、压伸、熟化 | F1	0.96
test	关系事实	table_risk_mapping_rule	风险辨识	ROOT	table_2#行2	吸收药驱水	位置部位实例	危险区域	F1	类别概念									生产分类=三基发射药:含有硝化甘油或其它醇类硝酸酯、硝化纤维素、硝基胍等；分类条件=三基发射药:含有硝化甘油或其它醇类硝酸酯、硝化纤维素、硝基胍等；危险工作间名称=吸收药驱水	ROOT	5 | 三基发射药:含有硝化甘油或其它醇类硝酸酯、硝化纤维素、硝基胍等 | 三基发射药:含有硝化甘油或其它醇类硝酸酯、硝化纤维素、硝基胍等 | 三基发射药:含有硝化甘油或其它醇类硝酸酯、硝化纤维素、硝基胍等 | 三基发射药:含有硝化甘油或其它醇类硝酸酯、硝化纤维素、硝基胍等 | 吸收药驱水、硝基胍准备、压伸、熟化 | F1	0.96
test	关系事实	table_risk_mapping_rule	风险辨识	ROOT	table_2#行2	熟化	位置部位实例	危险区域	F1	类别概念									生产分类=三基发射药:含有硝化甘油或其它醇类硝酸酯、硝化纤维素、硝基胍等；分类条件=三基发射药:含有硝化甘油或其它醇类硝酸酯、硝化纤维素、硝基胍等；危险工作间名称=熟化	ROOT	5 | 三基发射药:含有硝化甘油或其它醇类硝酸酯、硝化纤维素、硝基胍等 | 三基发射药:含有硝化甘油或其它醇类硝酸酯、硝化纤维素、硝基胍等 | 三基发射药:含有硝化甘油或其它醇类硝酸酯、硝化纤维素、硝基胍等 | 三基发射药:含有硝化甘油或其它醇类硝酸酯、硝化纤维素、硝基胍等 | 吸收药驱水、硝基胍准备、压伸、熟化 | F1	0.96
test	关系事实	table_risk_mapping_rule	风险辨识	ROOT	table_2#行2	硝化纤维素｜含水量≥25%，或含氮＜12.6%且醇含量≥25%	类别概念	危险工作间名称	脱水	位置部位实例									生产分类=硝化纤维素；分类条件=含水量≥25%，或含氮＜12.6%且醇含量≥25%	ROOT	硝化纤维素 | 硝化纤维素 | 硝化纤维素 | 含水量≥25%，或含氮＜12.6%且醇含量≥25% | 脱水、包装 | F2	0.96
test	关系事实	table_risk_mapping_rule	风险辨识	ROOT	table_2#行2	硝化纤维素｜含水量≥25%，或含氮＜12.6%且醇含量≥25%	类别概念	危险工作间名称	包装	位置部位实例									生产分类=硝化纤维素；分类条件=含水量≥25%，或含氮＜12.6%且醇含量≥25%	ROOT	硝化纤维素 | 硝化纤维素 | 硝化纤维素 | 含水量≥25%，或含氮＜12.6%且醇含量≥25% | 脱水、包装 | F2	0.96
test	关系事实	table_risk_mapping_rule	风险辨识	ROOT	table_2#行2	硝基胍准备	位置部位实例	危险区域	F1	类别概念									生产分类=三基发射药:含有硝化甘油或其它醇类硝酸酯、硝化纤维素、硝基胍等；分类条件=三基发射药:含有硝化甘油或其它醇类硝酸酯、硝化纤维素、硝基胍等；危险工作间名称=硝基胍准备	ROOT	5 | 三基发射药:含有硝化甘油或其它醇类硝酸酯、硝化纤维素、硝基胍等 | 三基发射药:含有硝化甘油或其它醇类硝酸酯、硝化纤维素、硝基胍等 | 三基发射药:含有硝化甘油或其它醇类硝酸酯、硝化纤维素、硝基胍等 | 三基发射药:含有硝化甘油或其它醇类硝酸酯、硝化纤维素、硝基胍等 | 吸收药驱水、硝基胍准备、压伸、熟化 | F1	0.96
test	关系事实	table_risk_mapping_rule	风险辨识	ROOT	table_2#行2	脱水	位置部位实例	危险区域	F2	类别概念									生产分类=硝化纤维素；分类条件=含水量≥25%，或含氮＜12.6%且醇含量≥25%；危险工作间名称=脱水	ROOT	硝化纤维素 | 硝化纤维素 | 硝化纤维素 | 含水量≥25%，或含氮＜12.6%且醇含量≥25% | 脱水、包装 | F2	0.96
test	关系事实	table_risk_mapping_rule	风险辨识	ROOT	table_2#行21	三基发射药:含有硝化甘油或其它醇类硝酸酯、硝化纤维素、硝基胍等	类别概念	危险工作间名称	压延(片)	位置部位实例									生产分类=三基发射药:含有硝化甘油或其它醇类硝酸酯、硝化纤维素、硝基胍等；分类条件=三基发射药:含有硝化甘油或其它醇类硝酸酯、硝化纤维素、硝基胍等	ROOT	5 | 三基发射药:含有硝化甘油或其它醇类硝酸酯、硝化纤维素、硝基胍等 | 三基发射药:含有硝化甘油或其它醇类硝酸酯、硝化纤维素、硝基胍等 | 三基发射药:含有硝化甘油或其它醇类硝酸酯、硝化纤维素、硝基胍等 | 三基发射药:含有硝化甘油或其它醇类硝酸酯、硝化纤维素、硝基胍等 | 压延(片)、切药、光泽、筛选、混同、包装、吸收药压延后药片预烘，三基药干燥、捏合、输送 | F1**	0.96
test	关系事实	table_risk_mapping_rule	风险辨识	ROOT	table_2#行21	三基发射药:含有硝化甘油或其它醇类硝酸酯、硝化纤维素、硝基胍等	类别概念	危险工作间名称	切药	位置部位实例									生产分类=三基发射药:含有硝化甘油或其它醇类硝酸酯、硝化纤维素、硝基胍等；分类条件=三基发射药:含有硝化甘油或其它醇类硝酸酯、硝化纤维素、硝基胍等	ROOT	5 | 三基发射药:含有硝化甘油或其它醇类硝酸酯、硝化纤维素、硝基胍等 | 三基发射药:含有硝化甘油或其它醇类硝酸酯、硝化纤维素、硝基胍等 | 三基发射药:含有硝化甘油或其它醇类硝酸酯、硝化纤维素、硝基胍等 | 三基发射药:含有硝化甘油或其它醇类硝酸酯、硝化纤维素、硝基胍等 | 压延(片)、切药、光泽、筛选、混同、包装、吸收药压延后药片预烘，三基药干燥、捏合、输送 | F1**	0.96
test	关系事实	table_risk_mapping_rule	风险辨识	ROOT	table_2#行21	三基发射药:含有硝化甘油或其它醇类硝酸酯、硝化纤维素、硝基胍等	类别概念	危险工作间名称	光泽	位置部位实例									生产分类=三基发射药:含有硝化甘油或其它醇类硝酸酯、硝化纤维素、硝基胍等；分类条件=三基发射药:含有硝化甘油或其它醇类硝酸酯、硝化纤维素、硝基胍等	ROOT	5 | 三基发射药:含有硝化甘油或其它醇类硝酸酯、硝化纤维素、硝基胍等 | 三基发射药:含有硝化甘油或其它醇类硝酸酯、硝化纤维素、硝基胍等 | 三基发射药:含有硝化甘油或其它醇类硝酸酯、硝化纤维素、硝基胍等 | 三基发射药:含有硝化甘油或其它醇类硝酸酯、硝化纤维素、硝基胍等 | 压延(片)、切药、光泽、筛选、混同、包装、吸收药压延后药片预烘，三基药干燥、捏合、输送 | F1**	0.96
test	关系事实	table_risk_mapping_rule	风险辨识	ROOT	table_2#行21	三基发射药:含有硝化甘油或其它醇类硝酸酯、硝化纤维素、硝基胍等	类别概念	危险工作间名称	筛选	位置部位实例									生产分类=三基发射药:含有硝化甘油或其它醇类硝酸酯、硝化纤维素、硝基胍等；分类条件=三基发射药:含有硝化甘油或其它醇类硝酸酯、硝化纤维素、硝基胍等	ROOT	5 | 三基发射药:含有硝化甘油或其它醇类硝酸酯、硝化纤维素、硝基胍等 | 三基发射药:含有硝化甘油或其它醇类硝酸酯、硝化纤维素、硝基胍等 | 三基发射药:含有硝化甘油或其它醇类硝酸酯、硝化纤维素、硝基胍等 | 三基发射药:含有硝化甘油或其它醇类硝酸酯、硝化纤维素、硝基胍等 | 压延(片)、切药、光泽、筛选、混同、包装、吸收药压延后药片预烘，三基药干燥、捏合、输送 | F1**	0.96
test	关系事实	table_risk_mapping_rule	风险辨识	ROOT	table_2#行21	三基发射药:含有硝化甘油或其它醇类硝酸酯、硝化纤维素、硝基胍等	类别概念	危险工作间名称	混同	位置部位实例									生产分类=三基发射药:含有硝化甘油或其它醇类硝酸酯、硝化纤维素、硝基胍等；分类条件=三基发射药:含有硝化甘油或其它醇类硝酸酯、硝化纤维素、硝基胍等	ROOT	5 | 三基发射药:含有硝化甘油或其它醇类硝酸酯、硝化纤维素、硝基胍等 | 三基发射药:含有硝化甘油或其它醇类硝酸酯、硝化纤维素、硝基胍等 | 三基发射药:含有硝化甘油或其它醇类硝酸酯、硝化纤维素、硝基胍等 | 三基发射药:含有硝化甘油或其它醇类硝酸酯、硝化纤维素、硝基胍等 | 压延(片)、切药、光泽、筛选、混同、包装、吸收药压延后药片预烘，三基药干燥、捏合、输送 | F1**	0.96
test	关系事实	table_risk_mapping_rule	风险辨识	ROOT	table_2#行21	三基发射药:含有硝化甘油或其它醇类硝酸酯、硝化纤维素、硝基胍等	类别概念	危险工作间名称	包装	位置部位实例									生产分类=三基发射药:含有硝化甘油或其它醇类硝酸酯、硝化纤维素、硝基胍等；分类条件=三基发射药:含有硝化甘油或其它醇类硝酸酯、硝化纤维素、硝基胍等	ROOT	5 | 三基发射药:含有硝化甘油或其它醇类硝酸酯、硝化纤维素、硝基胍等 | 三基发射药:含有硝化甘油或其它醇类硝酸酯、硝化纤维素、硝基胍等 | 三基发射药:含有硝化甘油或其它醇类硝酸酯、硝化纤维素、硝基胍等 | 三基发射药:含有硝化甘油或其它醇类硝酸酯、硝化纤维素、硝基胍等 | 压延(片)、切药、光泽、筛选、混同、包装、吸收药压延后药片预烘，三基药干燥、捏合、输送 | F1**	0.96
test	关系事实	table_risk_mapping_rule	风险辨识	ROOT	table_2#行21	三基发射药:含有硝化甘油或其它醇类硝酸酯、硝化纤维素、硝基胍等	类别概念	危险工作间名称	吸收药压延后药片预烘	位置部位实例									生产分类=三基发射药:含有硝化甘油或其它醇类硝酸酯、硝化纤维素、硝基胍等；分类条件=三基发射药:含有硝化甘油或其它醇类硝酸酯、硝化纤维素、硝基胍等	ROOT	5 | 三基发射药:含有硝化甘油或其它醇类硝酸酯、硝化纤维素、硝基胍等 | 三基发射药:含有硝化甘油或其它醇类硝酸酯、硝化纤维素、硝基胍等 | 三基发射药:含有硝化甘油或其它醇类硝酸酯、硝化纤维素、硝基胍等 | 三基发射药:含有硝化甘油或其它醇类硝酸酯、硝化纤维素、硝基胍等 | 压延(片)、切药、光泽、筛选、混同、包装、吸收药压延后药片预烘，三基药干燥、捏合、输送 | F1**	0.96
test	关系事实	table_risk_mapping_rule	风险辨识	ROOT	table_2#行21	三基发射药:含有硝化甘油或其它醇类硝酸酯、硝化纤维素、硝基胍等	类别概念	危险工作间名称	三基药干燥	位置部位实例									生产分类=三基发射药:含有硝化甘油或其它醇类硝酸酯、硝化纤维素、硝基胍等；分类条件=三基发射药:含有硝化甘油或其它醇类硝酸酯、硝化纤维素、硝基胍等	ROOT	5 | 三基发射药:含有硝化甘油或其它醇类硝酸酯、硝化纤维素、硝基胍等 | 三基发射药:含有硝化甘油或其它醇类硝酸酯、硝化纤维素、硝基胍等 | 三基发射药:含有硝化甘油或其它醇类硝酸酯、硝化纤维素、硝基胍等 | 三基发射药:含有硝化甘油或其它醇类硝酸酯、硝化纤维素、硝基胍等 | 压延(片)、切药、光泽、筛选、混同、包装、吸收药压延后药片预烘，三基药干燥、捏合、输送 | F1**	0.96
test	关系事实	table_risk_mapping_rule	风险辨识	ROOT	table_2#行21	三基发射药:含有硝化甘油或其它醇类硝酸酯、硝化纤维素、硝基胍等	类别概念	危险工作间名称	捏合	位置部位实例									生产分类=三基发射药:含有硝化甘油或其它醇类硝酸酯、硝化纤维素、硝基胍等；分类条件=三基发射药:含有硝化甘油或其它醇类硝酸酯、硝化纤维素、硝基胍等	ROOT	5 | 三基发射药:含有硝化甘油或其它醇类硝酸酯、硝化纤维素、硝基胍等 | 三基发射药:含有硝化甘油或其它醇类硝酸酯、硝化纤维素、硝基胍等 | 三基发射药:含有硝化甘油或其它醇类硝酸酯、硝化纤维素、硝基胍等 | 三基发射药:含有硝化甘油或其它醇类硝酸酯、硝化纤维素、硝基胍等 | 压延(片)、切药、光泽、筛选、混同、包装、吸收药压延后药片预烘，三基药干燥、捏合、输送 | F1**	0.96
test	关系事实	table_risk_mapping_rule	风险辨识	ROOT	table_2#行21	三基发射药:含有硝化甘油或其它醇类硝酸酯、硝化纤维素、硝基胍等	类别概念	危险工作间名称	输送	位置部位实例									生产分类=三基发射药:含有硝化甘油或其它醇类硝酸酯、硝化纤维素、硝基胍等；分类条件=三基发射药:含有硝化甘油或其它醇类硝酸酯、硝化纤维素、硝基胍等	ROOT	5 | 三基发射药:含有硝化甘油或其它醇类硝酸酯、硝化纤维素、硝基胍等 | 三基发射药:含有硝化甘油或其它醇类硝酸酯、硝化纤维素、硝基胍等 | 三基发射药:含有硝化甘油或其它醇类硝酸酯、硝化纤维素、硝基胍等 | 三基发射药:含有硝化甘油或其它醇类硝酸酯、硝化纤维素、硝基胍等 | 压延(片)、切药、光泽、筛选、混同、包装、吸收药压延后药片预烘，三基药干燥、捏合、输送 | F1**	0.96
test	关系事实	table_risk_mapping_rule	风险辨识	ROOT	table_2#行21	三基药干燥	位置部位实例	危险区域	F1**	类别概念									生产分类=三基发射药:含有硝化甘油或其它醇类硝酸酯、硝化纤维素、硝基胍等；分类条件=三基发射药:含有硝化甘油或其它醇类硝酸酯、硝化纤维素、硝基胍等；危险工作间名称=三基药干燥	ROOT	5 | 三基发射药:含有硝化甘油或其它醇类硝酸酯、硝化纤维素、硝基胍等 | 三基发射药:含有硝化甘油或其它醇类硝酸酯、硝化纤维素、硝基胍等 | 三基发射药:含有硝化甘油或其它醇类硝酸酯、硝化纤维素、硝基胍等 | 三基发射药:含有硝化甘油或其它醇类硝酸酯、硝化纤维素、硝基胍等 | 压延(片)、切药、光泽、筛选、混同、包装、吸收药压延后药片预烘，三基药干燥、捏合、输送 | F1**	0.96
test	关系事实	table_risk_mapping_rule	风险辨识	ROOT	table_2#行21	光泽	位置部位实例	危险区域	F1**	类别概念									生产分类=三基发射药:含有硝化甘油或其它醇类硝酸酯、硝化纤维素、硝基胍等；分类条件=三基发射药:含有硝化甘油或其它醇类硝酸酯、硝化纤维素、硝基胍等；危险工作间名称=光泽	ROOT	5 | 三基发射药:含有硝化甘油或其它醇类硝酸酯、硝化纤维素、硝基胍等 | 三基发射药:含有硝化甘油或其它醇类硝酸酯、硝化纤维素、硝基胍等 | 三基发射药:含有硝化甘油或其它醇类硝酸酯、硝化纤维素、硝基胍等 | 三基发射药:含有硝化甘油或其它醇类硝酸酯、硝化纤维素、硝基胍等 | 压延(片)、切药、光泽、筛选、混同、包装、吸收药压延后药片预烘，三基药干燥、捏合、输送 | F1**	0.96
test	关系事实	table_risk_mapping_rule	风险辨识	ROOT	table_2#行21	切药	位置部位实例	危险区域	F1**	类别概念									生产分类=三基发射药:含有硝化甘油或其它醇类硝酸酯、硝化纤维素、硝基胍等；分类条件=三基发射药:含有硝化甘油或其它醇类硝酸酯、硝化纤维素、硝基胍等；危险工作间名称=切药	ROOT	5 | 三基发射药:含有硝化甘油或其它醇类硝酸酯、硝化纤维素、硝基胍等 | 三基发射药:含有硝化甘油或其它醇类硝酸酯、硝化纤维素、硝基胍等 | 三基发射药:含有硝化甘油或其它醇类硝酸酯、硝化纤维素、硝基胍等 | 三基发射药:含有硝化甘油或其它醇类硝酸酯、硝化纤维素、硝基胍等 | 压延(片)、切药、光泽、筛选、混同、包装、吸收药压延后药片预烘，三基药干燥、捏合、输送 | F1**	0.96
test	关系事实	table_risk_mapping_rule	风险辨识	ROOT	table_2#行21	包装	位置部位实例	危险区域	F1**	类别概念									生产分类=三基发射药:含有硝化甘油或其它醇类硝酸酯、硝化纤维素、硝基胍等；分类条件=三基发射药:含有硝化甘油或其它醇类硝酸酯、硝化纤维素、硝基胍等；危险工作间名称=包装	ROOT	5 | 三基发射药:含有硝化甘油或其它醇类硝酸酯、硝化纤维素、硝基胍等 | 三基发射药:含有硝化甘油或其它醇类硝酸酯、硝化纤维素、硝基胍等 | 三基发射药:含有硝化甘油或其它醇类硝酸酯、硝化纤维素、硝基胍等 | 三基发射药:含有硝化甘油或其它醇类硝酸酯、硝化纤维素、硝基胍等 | 压延(片)、切药、光泽、筛选、混同、包装、吸收药压延后药片预烘，三基药干燥、捏合、输送 | F1**	0.96
test	关系事实	table_risk_mapping_rule	风险辨识	ROOT	table_2#行21	压延(片)	位置部位实例	危险区域	F1**	类别概念									生产分类=三基发射药:含有硝化甘油或其它醇类硝酸酯、硝化纤维素、硝基胍等；分类条件=三基发射药:含有硝化甘油或其它醇类硝酸酯、硝化纤维素、硝基胍等；危险工作间名称=压延(片)	ROOT	5 | 三基发射药:含有硝化甘油或其它醇类硝酸酯、硝化纤维素、硝基胍等 | 三基发射药:含有硝化甘油或其它醇类硝酸酯、硝化纤维素、硝基胍等 | 三基发射药:含有硝化甘油或其它醇类硝酸酯、硝化纤维素、硝基胍等 | 三基发射药:含有硝化甘油或其它醇类硝酸酯、硝化纤维素、硝基胍等 | 压延(片)、切药、光泽、筛选、混同、包装、吸收药压延后药片预烘，三基药干燥、捏合、输送 | F1**	0.96
test	关系事实	table_risk_mapping_rule	风险辨识	ROOT	table_2#行21	吸收药压延后药片预烘	位置部位实例	危险区域	F1**	类别概念									生产分类=三基发射药:含有硝化甘油或其它醇类硝酸酯、硝化纤维素、硝基胍等；分类条件=三基发射药:含有硝化甘油或其它醇类硝酸酯、硝化纤维素、硝基胍等；危险工作间名称=吸收药压延后药片预烘	ROOT	5 | 三基发射药:含有硝化甘油或其它醇类硝酸酯、硝化纤维素、硝基胍等 | 三基发射药:含有硝化甘油或其它醇类硝酸酯、硝化纤维素、硝基胍等 | 三基发射药:含有硝化甘油或其它醇类硝酸酯、硝化纤维素、硝基胍等 | 三基发射药:含有硝化甘油或其它醇类硝酸酯、硝化纤维素、硝基胍等 | 压延(片)、切药、光泽、筛选、混同、包装、吸收药压延后药片预烘，三基药干燥、捏合、输送 | F1**	0.96
test	关系事实	table_risk_mapping_rule	风险辨识	ROOT	table_2#行21	捏合	位置部位实例	危险区域	F1**	类别概念									生产分类=三基发射药:含有硝化甘油或其它醇类硝酸酯、硝化纤维素、硝基胍等；分类条件=三基发射药:含有硝化甘油或其它醇类硝酸酯、硝化纤维素、硝基胍等；危险工作间名称=捏合	ROOT	5 | 三基发射药:含有硝化甘油或其它醇类硝酸酯、硝化纤维素、硝基胍等 | 三基发射药:含有硝化甘油或其它醇类硝酸酯、硝化纤维素、硝基胍等 | 三基发射药:含有硝化甘油或其它醇类硝酸酯、硝化纤维素、硝基胍等 | 三基发射药:含有硝化甘油或其它醇类硝酸酯、硝化纤维素、硝基胍等 | 压延(片)、切药、光泽、筛选、混同、包装、吸收药压延后药片预烘，三基药干燥、捏合、输送 | F1**	0.96
test	关系事实	table_risk_mapping_rule	风险辨识	ROOT	table_2#行21	混同	位置部位实例	危险区域	F1**	类别概念									生产分类=三基发射药:含有硝化甘油或其它醇类硝酸酯、硝化纤维素、硝基胍等；分类条件=三基发射药:含有硝化甘油或其它醇类硝酸酯、硝化纤维素、硝基胍等；危险工作间名称=混同	ROOT	5 | 三基发射药:含有硝化甘油或其它醇类硝酸酯、硝化纤维素、硝基胍等 | 三基发射药:含有硝化甘油或其它醇类硝酸酯、硝化纤维素、硝基胍等 | 三基发射药:含有硝化甘油或其它醇类硝酸酯、硝化纤维素、硝基胍等 | 三基发射药:含有硝化甘油或其它醇类硝酸酯、硝化纤维素、硝基胍等 | 压延(片)、切药、光泽、筛选、混同、包装、吸收药压延后药片预烘，三基药干燥、捏合、输送 | F1**	0.96
test	关系事实	table_risk_mapping_rule	风险辨识	ROOT	table_2#行21	筛选	位置部位实例	危险区域	F1**	类别概念									生产分类=三基发射药:含有硝化甘油或其它醇类硝酸酯、硝化纤维素、硝基胍等；分类条件=三基发射药:含有硝化甘油或其它醇类硝酸酯、硝化纤维素、硝基胍等；危险工作间名称=筛选	ROOT	5 | 三基发射药:含有硝化甘油或其它醇类硝酸酯、硝化纤维素、硝基胍等 | 三基发射药:含有硝化甘油或其它醇类硝酸酯、硝化纤维素、硝基胍等 | 三基发射药:含有硝化甘油或其它醇类硝酸酯、硝化纤维素、硝基胍等 | 三基发射药:含有硝化甘油或其它醇类硝酸酯、硝化纤维素、硝基胍等 | 压延(片)、切药、光泽、筛选、混同、包装、吸收药压延后药片预烘，三基药干燥、捏合、输送 | F1**	0.96
test	关系事实	table_risk_mapping_rule	风险辨识	ROOT	table_2#行21	输送	位置部位实例	危险区域	F1**	类别概念									生产分类=三基发射药:含有硝化甘油或其它醇类硝酸酯、硝化纤维素、硝基胍等；分类条件=三基发射药:含有硝化甘油或其它醇类硝酸酯、硝化纤维素、硝基胍等；危险工作间名称=输送	ROOT	5 | 三基发射药:含有硝化甘油或其它醇类硝酸酯、硝化纤维素、硝基胍等 | 三基发射药:含有硝化甘油或其它醇类硝酸酯、硝化纤维素、硝基胍等 | 三基发射药:含有硝化甘油或其它醇类硝酸酯、硝化纤维素、硝基胍等 | 三基发射药:含有硝化甘油或其它醇类硝酸酯、硝化纤维素、硝基胍等 | 压延(片)、切药、光泽、筛选、混同、包装、吸收药压延后药片预烘，三基药干燥、捏合、输送 | F1**	0.96
test	关系事实	table_risk_mapping_rule	风险辨识	ROOT	table_2#行22	含硝酸酯的粘合剂制备	位置部位实例	危险区域	F1	类别概念									生产分类=复合固体推进剂及发动机；危险工作间名称=含硝酸酯的粘合剂制备	ROOT	6 | 复合固体推进剂及发动机 | 复合固体推进剂及发动机 | 复合固体推进剂及发动机 | 复合固体推进剂及发动机 | 硝酸酯合成，混合硝酸酯钝化，含硝酸酯的粘合剂制备、编批、称量、炸药加工 | F1	0.96
test	关系事实	table_risk_mapping_rule	风险辨识	ROOT	table_2#行22	复合固体推进剂及发动机	类别概念	危险工作间名称	硝酸酯合成	位置部位实例									生产分类=复合固体推进剂及发动机	ROOT	6 | 复合固体推进剂及发动机 | 复合固体推进剂及发动机 | 复合固体推进剂及发动机 | 复合固体推进剂及发动机 | 硝酸酯合成，混合硝酸酯钝化，含硝酸酯的粘合剂制备、编批、称量、炸药加工 | F1	0.96
test	关系事实	table_risk_mapping_rule	风险辨识	ROOT	table_2#行22	复合固体推进剂及发动机	类别概念	危险工作间名称	混合硝酸酯钝化	位置部位实例									生产分类=复合固体推进剂及发动机	ROOT	6 | 复合固体推进剂及发动机 | 复合固体推进剂及发动机 | 复合固体推进剂及发动机 | 复合固体推进剂及发动机 | 硝酸酯合成，混合硝酸酯钝化，含硝酸酯的粘合剂制备、编批、称量、炸药加工 | F1	0.96
test	关系事实	table_risk_mapping_rule	风险辨识	ROOT	table_2#行22	复合固体推进剂及发动机	类别概念	危险工作间名称	含硝酸酯的粘合剂制备	位置部位实例									生产分类=复合固体推进剂及发动机	ROOT	6 | 复合固体推进剂及发动机 | 复合固体推进剂及发动机 | 复合固体推进剂及发动机 | 复合固体推进剂及发动机 | 硝酸酯合成，混合硝酸酯钝化，含硝酸酯的粘合剂制备、编批、称量、炸药加工 | F1	0.96
test	关系事实	table_risk_mapping_rule	风险辨识	ROOT	table_2#行22	复合固体推进剂及发动机	类别概念	危险工作间名称	编批	位置部位实例									生产分类=复合固体推进剂及发动机	ROOT	6 | 复合固体推进剂及发动机 | 复合固体推进剂及发动机 | 复合固体推进剂及发动机 | 复合固体推进剂及发动机 | 硝酸酯合成，混合硝酸酯钝化，含硝酸酯的粘合剂制备、编批、称量、炸药加工 | F1	0.96
test	关系事实	table_risk_mapping_rule	风险辨识	ROOT	table_2#行22	复合固体推进剂及发动机	类别概念	危险工作间名称	称量	位置部位实例									生产分类=复合固体推进剂及发动机	ROOT	6 | 复合固体推进剂及发动机 | 复合固体推进剂及发动机 | 复合固体推进剂及发动机 | 复合固体推进剂及发动机 | 硝酸酯合成，混合硝酸酯钝化，含硝酸酯的粘合剂制备、编批、称量、炸药加工 | F1	0.96
test	关系事实	table_risk_mapping_rule	风险辨识	ROOT	table_2#行22	复合固体推进剂及发动机	类别概念	危险工作间名称	炸药加工	位置部位实例									生产分类=复合固体推进剂及发动机	ROOT	6 | 复合固体推进剂及发动机 | 复合固体推进剂及发动机 | 复合固体推进剂及发动机 | 复合固体推进剂及发动机 | 硝酸酯合成，混合硝酸酯钝化，含硝酸酯的粘合剂制备、编批、称量、炸药加工 | F1	0.96
test	关系事实	table_risk_mapping_rule	风险辨识	ROOT	table_2#行22	混合硝酸酯钝化	位置部位实例	危险区域	F1	类别概念									生产分类=复合固体推进剂及发动机；危险工作间名称=混合硝酸酯钝化	ROOT	6 | 复合固体推进剂及发动机 | 复合固体推进剂及发动机 | 复合固体推进剂及发动机 | 复合固体推进剂及发动机 | 硝酸酯合成，混合硝酸酯钝化，含硝酸酯的粘合剂制备、编批、称量、炸药加工 | F1	0.96
test	关系事实	table_risk_mapping_rule	风险辨识	ROOT	table_2#行22	炸药加工	位置部位实例	危险区域	F1	类别概念									生产分类=复合固体推进剂及发动机；危险工作间名称=炸药加工	ROOT	6 | 复合固体推进剂及发动机 | 复合固体推进剂及发动机 | 复合固体推进剂及发动机 | 复合固体推进剂及发动机 | 硝酸酯合成，混合硝酸酯钝化，含硝酸酯的粘合剂制备、编批、称量、炸药加工 | F1	0.96
test	关系事实	table_risk_mapping_rule	风险辨识	ROOT	table_2#行22	硝酸酯合成	位置部位实例	危险区域	F1	类别概念									生产分类=复合固体推进剂及发动机；危险工作间名称=硝酸酯合成	ROOT	6 | 复合固体推进剂及发动机 | 复合固体推进剂及发动机 | 复合固体推进剂及发动机 | 复合固体推进剂及发动机 | 硝酸酯合成，混合硝酸酯钝化，含硝酸酯的粘合剂制备、编批、称量、炸药加工 | F1	0.96
test	关系事实	table_risk_mapping_rule	风险辨识	ROOT	table_2#行22	称量	位置部位实例	危险区域	F1	类别概念									生产分类=复合固体推进剂及发动机；危险工作间名称=称量	ROOT	6 | 复合固体推进剂及发动机 | 复合固体推进剂及发动机 | 复合固体推进剂及发动机 | 复合固体推进剂及发动机 | 硝酸酯合成，混合硝酸酯钝化，含硝酸酯的粘合剂制备、编批、称量、炸药加工 | F1	0.96
test	关系事实	table_risk_mapping_rule	风险辨识	ROOT	table_2#行22	编批	位置部位实例	危险区域	F1	类别概念									生产分类=复合固体推进剂及发动机；危险工作间名称=编批	ROOT	6 | 复合固体推进剂及发动机 | 复合固体推进剂及发动机 | 复合固体推进剂及发动机 | 复合固体推进剂及发动机 | 硝酸酯合成，混合硝酸酯钝化，含硝酸酯的粘合剂制备、编批、称量、炸药加工 | F1	0.96
test	关系事实	table_risk_mapping_rule	风险辨识	ROOT	table_2#行23	加工	位置部位实例	危险区域	F1	类别概念									生产分类=复合固体推进剂及发动机；分类条件=不含炸药的预混；危险工作间名称=加工	ROOT	6 | 复合固体推进剂及发动机 | 复合固体推进剂及发动机 | 复合固体推进剂及发动机 | 复合固体推进剂及发动机 | 高氯酸铵准备、加工、不含炸药的预混 | F1	0.96
test	关系事实	table_risk_mapping_rule	风险辨识	ROOT	table_2#行23	复合固体推进剂及发动机	类别概念	分类条件	不含炸药的预混	文本片段实例									生产分类=复合固体推进剂及发动机；分类条件=不含炸药的预混	ROOT	6 | 复合固体推进剂及发动机 | 复合固体推进剂及发动机 | 复合固体推进剂及发动机 | 复合固体推进剂及发动机 | 高氯酸铵准备、加工、不含炸药的预混 | F1	0.96
test	关系事实	table_risk_mapping_rule	风险辨识	ROOT	table_2#行23	复合固体推进剂及发动机	类别概念	危险工作间名称	高氯酸铵准备	位置部位实例									生产分类=复合固体推进剂及发动机；分类条件=不含炸药的预混	ROOT	6 | 复合固体推进剂及发动机 | 复合固体推进剂及发动机 | 复合固体推进剂及发动机 | 复合固体推进剂及发动机 | 高氯酸铵准备、加工、不含炸药的预混 | F1	0.96
test	关系事实	table_risk_mapping_rule	风险辨识	ROOT	table_2#行23	复合固体推进剂及发动机	类别概念	危险工作间名称	加工	位置部位实例									生产分类=复合固体推进剂及发动机；分类条件=不含炸药的预混	ROOT	6 | 复合固体推进剂及发动机 | 复合固体推进剂及发动机 | 复合固体推进剂及发动机 | 复合固体推进剂及发动机 | 高氯酸铵准备、加工、不含炸药的预混 | F1	0.96
test	关系事实	table_risk_mapping_rule	风险辨识	ROOT	table_2#行23	高氯酸铵准备	位置部位实例	危险区域	F1	类别概念									生产分类=复合固体推进剂及发动机；分类条件=不含炸药的预混；危险工作间名称=高氯酸铵准备	ROOT	6 | 复合固体推进剂及发动机 | 复合固体推进剂及发动机 | 复合固体推进剂及发动机 | 复合固体推进剂及发动机 | 高氯酸铵准备、加工、不含炸药的预混 | F1	0.96
test	关系事实	table_risk_mapping_rule	风险辨识	ROOT	table_2#行24	包装	位置部位实例	危险区域	F1	类别概念									生产分类=复合固体推进剂及发动机；危险工作间名称=包装	ROOT	6 | 复合固体推进剂及发动机 | 复合固体推进剂及发动机 | 复合固体推进剂及发动机 | 复合固体推进剂及发动机 | 混合、浇铸、固化、脱模、整形、包覆、探伤、发动机装配、检测、喷漆、包装 | F1	0.96
test	关系事实	table_risk_mapping_rule	风险辨识	ROOT	table_2#行24	包覆	位置部位实例	危险区域	F1	类别概念									生产分类=复合固体推进剂及发动机；危险工作间名称=包覆	ROOT	6 | 复合固体推进剂及发动机 | 复合固体推进剂及发动机 | 复合固体推进剂及发动机 | 复合固体推进剂及发动机 | 混合、浇铸、固化、脱模、整形、包覆、探伤、发动机装配、检测、喷漆、包装 | F1	0.96
test	关系事实	table_risk_mapping_rule	风险辨识	ROOT	table_2#行24	发动机装配	位置部位实例	危险区域	F1	类别概念									生产分类=复合固体推进剂及发动机；危险工作间名称=发动机装配	ROOT	6 | 复合固体推进剂及发动机 | 复合固体推进剂及发动机 | 复合固体推进剂及发动机 | 复合固体推进剂及发动机 | 混合、浇铸、固化、脱模、整形、包覆、探伤、发动机装配、检测、喷漆、包装 | F1	0.96
test	关系事实	table_risk_mapping_rule	风险辨识	ROOT	table_2#行24	喷漆	位置部位实例	危险区域	F1	类别概念									生产分类=复合固体推进剂及发动机；危险工作间名称=喷漆	ROOT	6 | 复合固体推进剂及发动机 | 复合固体推进剂及发动机 | 复合固体推进剂及发动机 | 复合固体推进剂及发动机 | 混合、浇铸、固化、脱模、整形、包覆、探伤、发动机装配、检测、喷漆、包装 | F1	0.96
test	关系事实	table_risk_mapping_rule	风险辨识	ROOT	table_2#行24	固化	位置部位实例	危险区域	F1	类别概念									生产分类=复合固体推进剂及发动机；危险工作间名称=固化	ROOT	6 | 复合固体推进剂及发动机 | 复合固体推进剂及发动机 | 复合固体推进剂及发动机 | 复合固体推进剂及发动机 | 混合、浇铸、固化、脱模、整形、包覆、探伤、发动机装配、检测、喷漆、包装 | F1	0.96
test	关系事实	table_risk_mapping_rule	风险辨识	ROOT	table_2#行24	复合固体推进剂及发动机	类别概念	危险工作间名称	混合	位置部位实例									生产分类=复合固体推进剂及发动机	ROOT	6 | 复合固体推进剂及发动机 | 复合固体推进剂及发动机 | 复合固体推进剂及发动机 | 复合固体推进剂及发动机 | 混合、浇铸、固化、脱模、整形、包覆、探伤、发动机装配、检测、喷漆、包装 | F1	0.96
test	关系事实	table_risk_mapping_rule	风险辨识	ROOT	table_2#行24	复合固体推进剂及发动机	类别概念	危险工作间名称	浇铸	位置部位实例									生产分类=复合固体推进剂及发动机	ROOT	6 | 复合固体推进剂及发动机 | 复合固体推进剂及发动机 | 复合固体推进剂及发动机 | 复合固体推进剂及发动机 | 混合、浇铸、固化、脱模、整形、包覆、探伤、发动机装配、检测、喷漆、包装 | F1	0.96
test	关系事实	table_risk_mapping_rule	风险辨识	ROOT	table_2#行24	复合固体推进剂及发动机	类别概念	危险工作间名称	固化	位置部位实例									生产分类=复合固体推进剂及发动机	ROOT	6 | 复合固体推进剂及发动机 | 复合固体推进剂及发动机 | 复合固体推进剂及发动机 | 复合固体推进剂及发动机 | 混合、浇铸、固化、脱模、整形、包覆、探伤、发动机装配、检测、喷漆、包装 | F1	0.96
test	关系事实	table_risk_mapping_rule	风险辨识	ROOT	table_2#行24	复合固体推进剂及发动机	类别概念	危险工作间名称	脱模	位置部位实例									生产分类=复合固体推进剂及发动机	ROOT	6 | 复合固体推进剂及发动机 | 复合固体推进剂及发动机 | 复合固体推进剂及发动机 | 复合固体推进剂及发动机 | 混合、浇铸、固化、脱模、整形、包覆、探伤、发动机装配、检测、喷漆、包装 | F1	0.96
test	关系事实	table_risk_mapping_rule	风险辨识	ROOT	table_2#行24	复合固体推进剂及发动机	类别概念	危险工作间名称	整形	位置部位实例									生产分类=复合固体推进剂及发动机	ROOT	6 | 复合固体推进剂及发动机 | 复合固体推进剂及发动机 | 复合固体推进剂及发动机 | 复合固体推进剂及发动机 | 混合、浇铸、固化、脱模、整形、包覆、探伤、发动机装配、检测、喷漆、包装 | F1	0.96
test	关系事实	table_risk_mapping_rule	风险辨识	ROOT	table_2#行24	复合固体推进剂及发动机	类别概念	危险工作间名称	包覆	位置部位实例									生产分类=复合固体推进剂及发动机	ROOT	6 | 复合固体推进剂及发动机 | 复合固体推进剂及发动机 | 复合固体推进剂及发动机 | 复合固体推进剂及发动机 | 混合、浇铸、固化、脱模、整形、包覆、探伤、发动机装配、检测、喷漆、包装 | F1	0.96
test	关系事实	table_risk_mapping_rule	风险辨识	ROOT	table_2#行24	复合固体推进剂及发动机	类别概念	危险工作间名称	探伤	位置部位实例									生产分类=复合固体推进剂及发动机	ROOT	6 | 复合固体推进剂及发动机 | 复合固体推进剂及发动机 | 复合固体推进剂及发动机 | 复合固体推进剂及发动机 | 混合、浇铸、固化、脱模、整形、包覆、探伤、发动机装配、检测、喷漆、包装 | F1	0.96
test	关系事实	table_risk_mapping_rule	风险辨识	ROOT	table_2#行24	复合固体推进剂及发动机	类别概念	危险工作间名称	发动机装配	位置部位实例									生产分类=复合固体推进剂及发动机	ROOT	6 | 复合固体推进剂及发动机 | 复合固体推进剂及发动机 | 复合固体推进剂及发动机 | 复合固体推进剂及发动机 | 混合、浇铸、固化、脱模、整形、包覆、探伤、发动机装配、检测、喷漆、包装 | F1	0.96
test	关系事实	table_risk_mapping_rule	风险辨识	ROOT	table_2#行24	复合固体推进剂及发动机	类别概念	危险工作间名称	检测	位置部位实例									生产分类=复合固体推进剂及发动机	ROOT	6 | 复合固体推进剂及发动机 | 复合固体推进剂及发动机 | 复合固体推进剂及发动机 | 复合固体推进剂及发动机 | 混合、浇铸、固化、脱模、整形、包覆、探伤、发动机装配、检测、喷漆、包装 | F1	0.96
test	关系事实	table_risk_mapping_rule	风险辨识	ROOT	table_2#行24	复合固体推进剂及发动机	类别概念	危险工作间名称	喷漆	位置部位实例									生产分类=复合固体推进剂及发动机	ROOT	6 | 复合固体推进剂及发动机 | 复合固体推进剂及发动机 | 复合固体推进剂及发动机 | 复合固体推进剂及发动机 | 混合、浇铸、固化、脱模、整形、包覆、探伤、发动机装配、检测、喷漆、包装 | F1	0.96
test	关系事实	table_risk_mapping_rule	风险辨识	ROOT	table_2#行24	复合固体推进剂及发动机	类别概念	危险工作间名称	包装	位置部位实例									生产分类=复合固体推进剂及发动机	ROOT	6 | 复合固体推进剂及发动机 | 复合固体推进剂及发动机 | 复合固体推进剂及发动机 | 复合固体推进剂及发动机 | 混合、浇铸、固化、脱模、整形、包覆、探伤、发动机装配、检测、喷漆、包装 | F1	0.96
test	关系事实	table_risk_mapping_rule	风险辨识	ROOT	table_2#行24	探伤	位置部位实例	危险区域	F1	类别概念									生产分类=复合固体推进剂及发动机；危险工作间名称=探伤	ROOT	6 | 复合固体推进剂及发动机 | 复合固体推进剂及发动机 | 复合固体推进剂及发动机 | 复合固体推进剂及发动机 | 混合、浇铸、固化、脱模、整形、包覆、探伤、发动机装配、检测、喷漆、包装 | F1	0.96
test	关系事实	table_risk_mapping_rule	风险辨识	ROOT	table_2#行24	整形	位置部位实例	危险区域	F1	类别概念									生产分类=复合固体推进剂及发动机；危险工作间名称=整形	ROOT	6 | 复合固体推进剂及发动机 | 复合固体推进剂及发动机 | 复合固体推进剂及发动机 | 复合固体推进剂及发动机 | 混合、浇铸、固化、脱模、整形、包覆、探伤、发动机装配、检测、喷漆、包装 | F1	0.96
test	关系事实	table_risk_mapping_rule	风险辨识	ROOT	table_2#行24	检测	位置部位实例	危险区域	F1	类别概念									生产分类=复合固体推进剂及发动机；危险工作间名称=检测	ROOT	6 | 复合固体推进剂及发动机 | 复合固体推进剂及发动机 | 复合固体推进剂及发动机 | 复合固体推进剂及发动机 | 混合、浇铸、固化、脱模、整形、包覆、探伤、发动机装配、检测、喷漆、包装 | F1	0.96
test	关系事实	table_risk_mapping_rule	风险辨识	ROOT	table_2#行24	浇铸	位置部位实例	危险区域	F1	类别概念									生产分类=复合固体推进剂及发动机；危险工作间名称=浇铸	ROOT	6 | 复合固体推进剂及发动机 | 复合固体推进剂及发动机 | 复合固体推进剂及发动机 | 复合固体推进剂及发动机 | 混合、浇铸、固化、脱模、整形、包覆、探伤、发动机装配、检测、喷漆、包装 | F1	0.96
test	关系事实	table_risk_mapping_rule	风险辨识	ROOT	table_2#行24	混合	位置部位实例	危险区域	F1	类别概念									生产分类=复合固体推进剂及发动机；危险工作间名称=混合	ROOT	6 | 复合固体推进剂及发动机 | 复合固体推进剂及发动机 | 复合固体推进剂及发动机 | 复合固体推进剂及发动机 | 混合、浇铸、固化、脱模、整形、包覆、探伤、发动机装配、检测、喷漆、包装 | F1	0.96
test	关系事实	table_risk_mapping_rule	风险辨识	ROOT	table_2#行24	脱模	位置部位实例	危险区域	F1	类别概念									生产分类=复合固体推进剂及发动机；危险工作间名称=脱模	ROOT	6 | 复合固体推进剂及发动机 | 复合固体推进剂及发动机 | 复合固体推进剂及发动机 | 复合固体推进剂及发动机 | 混合、浇铸、固化、脱模、整形、包覆、探伤、发动机装配、检测、喷漆、包装 | F1	0.96
test	关系事实	table_risk_mapping_rule	风险辨识	ROOT	table_2#行25	梯恩梯和地恩梯	类别概念	危险工作间名称	硝化	位置部位实例									生产分类=梯恩梯和地恩梯	ROOT	7 | 梯恩梯和地恩梯 | 梯恩梯和地恩梯 | 梯恩梯和地恩梯 | 梯恩梯和地恩梯 | 硝化、预洗 | F2	0.96
test	关系事实	table_risk_mapping_rule	风险辨识	ROOT	table_2#行25	梯恩梯和地恩梯	类别概念	危险工作间名称	预洗	位置部位实例									生产分类=梯恩梯和地恩梯	ROOT	7 | 梯恩梯和地恩梯 | 梯恩梯和地恩梯 | 梯恩梯和地恩梯 | 梯恩梯和地恩梯 | 硝化、预洗 | F2	0.96
test	关系事实	table_risk_mapping_rule	风险辨识	ROOT	table_2#行25	硝化	位置部位实例	危险区域	F2	类别概念									生产分类=梯恩梯和地恩梯；危险工作间名称=硝化	ROOT	7 | 梯恩梯和地恩梯 | 梯恩梯和地恩梯 | 梯恩梯和地恩梯 | 梯恩梯和地恩梯 | 硝化、预洗 | F2	0.96
test	关系事实	table_risk_mapping_rule	风险辨识	ROOT	table_2#行25	预洗	位置部位实例	危险区域	F2	类别概念									生产分类=梯恩梯和地恩梯；危险工作间名称=预洗	ROOT	7 | 梯恩梯和地恩梯 | 梯恩梯和地恩梯 | 梯恩梯和地恩梯 | 梯恩梯和地恩梯 | 硝化、预洗 | F2	0.96
test	关系事实	table_risk_mapping_rule	风险辨识	ROOT	table_2#行26	包装	位置部位实例	危险区域	F2	类别概念									生产分类=梯恩梯和地恩梯；危险工作间名称=包装	ROOT	7 | 梯恩梯和地恩梯 | 梯恩梯和地恩梯 | 梯恩梯和地恩梯 | 梯恩梯和地恩梯 | 精制、地恩梯煮洗、包装 | F2	0.96
test	关系事实	table_risk_mapping_rule	风险辨识	ROOT	table_2#行26	地恩梯煮洗	位置部位实例	危险区域	F2	类别概念									生产分类=梯恩梯和地恩梯；危险工作间名称=地恩梯煮洗	ROOT	7 | 梯恩梯和地恩梯 | 梯恩梯和地恩梯 | 梯恩梯和地恩梯 | 梯恩梯和地恩梯 | 精制、地恩梯煮洗、包装 | F2	0.96
test	关系事实	table_risk_mapping_rule	风险辨识	ROOT	table_2#行26	梯恩梯和地恩梯	类别概念	危险工作间名称	精制	位置部位实例									生产分类=梯恩梯和地恩梯	ROOT	7 | 梯恩梯和地恩梯 | 梯恩梯和地恩梯 | 梯恩梯和地恩梯 | 梯恩梯和地恩梯 | 精制、地恩梯煮洗、包装 | F2	0.96
test	关系事实	table_risk_mapping_rule	风险辨识	ROOT	table_2#行26	梯恩梯和地恩梯	类别概念	危险工作间名称	地恩梯煮洗	位置部位实例									生产分类=梯恩梯和地恩梯	ROOT	7 | 梯恩梯和地恩梯 | 梯恩梯和地恩梯 | 梯恩梯和地恩梯 | 梯恩梯和地恩梯 | 精制、地恩梯煮洗、包装 | F2	0.96
test	关系事实	table_risk_mapping_rule	风险辨识	ROOT	table_2#行26	梯恩梯和地恩梯	类别概念	危险工作间名称	包装	位置部位实例									生产分类=梯恩梯和地恩梯	ROOT	7 | 梯恩梯和地恩梯 | 梯恩梯和地恩梯 | 梯恩梯和地恩梯 | 梯恩梯和地恩梯 | 精制、地恩梯煮洗、包装 | F2	0.96
test	关系事实	table_risk_mapping_rule	风险辨识	ROOT	table_2#行26	精制	位置部位实例	危险区域	F2	类别概念									生产分类=梯恩梯和地恩梯；危险工作间名称=精制	ROOT	7 | 梯恩梯和地恩梯 | 梯恩梯和地恩梯 | 梯恩梯和地恩梯 | 梯恩梯和地恩梯 | 精制、地恩梯煮洗、包装 | F2	0.96
test	关系事实	table_risk_mapping_rule	风险辨识	ROOT	table_2#行27	制片	位置部位实例	危险区域	F1	类别概念									生产分类=梯恩梯和地恩梯；危险工作间名称=制片	ROOT	7 | 梯恩梯和地恩梯 | 梯恩梯和地恩梯 | 梯恩梯和地恩梯 | 梯恩梯和地恩梯 | 干燥、制片、包装、废药处理 | F1	0.96
test	关系事实	table_risk_mapping_rule	风险辨识	ROOT	table_2#行27	包装	位置部位实例	危险区域	F1	类别概念									生产分类=梯恩梯和地恩梯；危险工作间名称=包装	ROOT	7 | 梯恩梯和地恩梯 | 梯恩梯和地恩梯 | 梯恩梯和地恩梯 | 梯恩梯和地恩梯 | 干燥、制片、包装、废药处理 | F1	0.96
test	关系事实	table_risk_mapping_rule	风险辨识	ROOT	table_2#行27	干燥	位置部位实例	危险区域	F1	类别概念									生产分类=梯恩梯和地恩梯；危险工作间名称=干燥	ROOT	7 | 梯恩梯和地恩梯 | 梯恩梯和地恩梯 | 梯恩梯和地恩梯 | 梯恩梯和地恩梯 | 干燥、制片、包装、废药处理 | F1	0.96
test	关系事实	table_risk_mapping_rule	风险辨识	ROOT	table_2#行27	废药处理	位置部位实例	危险区域	F1	类别概念									生产分类=梯恩梯和地恩梯；危险工作间名称=废药处理	ROOT	7 | 梯恩梯和地恩梯 | 梯恩梯和地恩梯 | 梯恩梯和地恩梯 | 梯恩梯和地恩梯 | 干燥、制片、包装、废药处理 | F1	0.96
test	关系事实	table_risk_mapping_rule	风险辨识	ROOT	table_2#行27	梯恩梯和地恩梯	类别概念	危险工作间名称	干燥	位置部位实例									生产分类=梯恩梯和地恩梯	ROOT	7 | 梯恩梯和地恩梯 | 梯恩梯和地恩梯 | 梯恩梯和地恩梯 | 梯恩梯和地恩梯 | 干燥、制片、包装、废药处理 | F1	0.96
test	关系事实	table_risk_mapping_rule	风险辨识	ROOT	table_2#行27	梯恩梯和地恩梯	类别概念	危险工作间名称	制片	位置部位实例									生产分类=梯恩梯和地恩梯	ROOT	7 | 梯恩梯和地恩梯 | 梯恩梯和地恩梯 | 梯恩梯和地恩梯 | 梯恩梯和地恩梯 | 干燥、制片、包装、废药处理 | F1	0.96
test	关系事实	table_risk_mapping_rule	风险辨识	ROOT	table_2#行27	梯恩梯和地恩梯	类别概念	危险工作间名称	废药处理	位置部位实例									生产分类=梯恩梯和地恩梯	ROOT	7 | 梯恩梯和地恩梯 | 梯恩梯和地恩梯 | 梯恩梯和地恩梯 | 梯恩梯和地恩梯 | 干燥、制片、包装、废药处理 | F1	0.96
test	关系事实	table_risk_mapping_rule	风险辨识	ROOT	table_2#行28	梯恩梯和地恩梯	类别概念	危险工作间名称	梯恩梯碱性废水焚烧	位置部位实例									生产分类=梯恩梯和地恩梯	ROOT	7 | 梯恩梯和地恩梯 | 梯恩梯和地恩梯 | 梯恩梯和地恩梯 | 梯恩梯和地恩梯 | 梯恩梯碱性废水焚烧、酸性废水吸附处理 | F2	0.96
test	关系事实	table_risk_mapping_rule	风险辨识	ROOT	table_2#行28	梯恩梯和地恩梯	类别概念	危险工作间名称	酸性废水吸附处理	位置部位实例									生产分类=梯恩梯和地恩梯	ROOT	7 | 梯恩梯和地恩梯 | 梯恩梯和地恩梯 | 梯恩梯和地恩梯 | 梯恩梯和地恩梯 | 梯恩梯碱性废水焚烧、酸性废水吸附处理 | F2	0.96
test	关系事实	table_risk_mapping_rule	风险辨识	ROOT	table_2#行28	梯恩梯碱性废水焚烧	位置部位实例	危险区域	F2	类别概念									生产分类=梯恩梯和地恩梯；危险工作间名称=梯恩梯碱性废水焚烧	ROOT	7 | 梯恩梯和地恩梯 | 梯恩梯和地恩梯 | 梯恩梯和地恩梯 | 梯恩梯和地恩梯 | 梯恩梯碱性废水焚烧、酸性废水吸附处理 | F2	0.96
test	关系事实	table_risk_mapping_rule	风险辨识	ROOT	table_2#行28	酸性废水吸附处理	位置部位实例	危险区域	F2	类别概念									生产分类=梯恩梯和地恩梯；危险工作间名称=酸性废水吸附处理	ROOT	7 | 梯恩梯和地恩梯 | 梯恩梯和地恩梯 | 梯恩梯和地恩梯 | 梯恩梯和地恩梯 | 梯恩梯碱性废水焚烧、酸性废水吸附处理 | F2	0.96
test	关系事实	table_risk_mapping_rule	风险辨识	ROOT	table_2#行29	硝化	位置部位实例	危险区域	F1	类别概念									生产分类=黑索今；危险工作间名称=硝化	ROOT	8 | 黑索今 | 黑索今 | 黑索今 | 黑索今 | 硝化、结晶 | F1	0.96
test	关系事实	table_risk_mapping_rule	风险辨识	ROOT	table_2#行29	结晶	位置部位实例	危险区域	F1	类别概念									生产分类=黑索今；危险工作间名称=结晶	ROOT	8 | 黑索今 | 黑索今 | 黑索今 | 黑索今 | 硝化、结晶 | F1	0.96
test	关系事实	table_risk_mapping_rule	风险辨识	ROOT	table_2#行29	黑索今	类别概念	危险工作间名称	硝化	位置部位实例									生产分类=黑索今	ROOT	8 | 黑索今 | 黑索今 | 黑索今 | 黑索今 | 硝化、结晶 | F1	0.96
test	关系事实	table_risk_mapping_rule	风险辨识	ROOT	table_2#行29	黑索今	类别概念	危险工作间名称	结晶	位置部位实例									生产分类=黑索今	ROOT	8 | 黑索今 | 黑索今 | 黑索今 | 黑索今 | 硝化、结晶 | F1	0.96
test	关系事实	table_risk_mapping_rule	风险辨识	ROOT	table_2#行3	喷射输送	位置部位实例	危险区域	F2	类别概念									生产分类=黑索今；危险工作间名称=喷射输送	ROOT	8 | 黑索今 | 黑索今 | 黑索今 | 黑索今 | 煮洗、钝感、过滤、喷射输送 | F2	0.96
test	关系事实	table_risk_mapping_rule	风险辨识	ROOT	table_2#行3	棉浆储存	位置部位实例	危险区域	F2	类别概念									生产分类=硝化纤维素；分类条件=含水量＜25%，或含氮≥12.6%且醇含量≥25%；危险工作间名称=棉浆储存	ROOT	硝化纤维素 | 硝化纤维素 | 硝化纤维素 | 含水量＜25%，或含氮≥12.6%且醇含量≥25% | 配酸、硝化、驱酸、水洗、煮洗、细断、精洗、混同、棉浆储存、硝化纤维素回收 | F2	0.96
test	关系事实	table_risk_mapping_rule	风险辨识	ROOT	table_2#行3	水洗	位置部位实例	危险区域	F2	类别概念									生产分类=硝化纤维素；分类条件=含水量＜25%，或含氮≥12.6%且醇含量≥25%；危险工作间名称=水洗	ROOT	硝化纤维素 | 硝化纤维素 | 硝化纤维素 | 含水量＜25%，或含氮≥12.6%且醇含量≥25% | 配酸、硝化、驱酸、水洗、煮洗、细断、精洗、混同、棉浆储存、硝化纤维素回收 | F2	0.96
test	关系事实	table_risk_mapping_rule	风险辨识	ROOT	table_2#行3	混同	位置部位实例	危险区域	F2	类别概念									生产分类=硝化纤维素；分类条件=含水量＜25%，或含氮≥12.6%且醇含量≥25%；危险工作间名称=混同	ROOT	硝化纤维素 | 硝化纤维素 | 硝化纤维素 | 含水量＜25%，或含氮≥12.6%且醇含量≥25% | 配酸、硝化、驱酸、水洗、煮洗、细断、精洗、混同、棉浆储存、硝化纤维素回收 | F2	0.96
test	关系事实	table_risk_mapping_rule	风险辨识	ROOT	table_2#行3	煮洗	位置部位实例	危险区域	F2	类别概念									生产分类=硝化纤维素；分类条件=含水量＜25%，或含氮≥12.6%且醇含量≥25%；危险工作间名称=煮洗	ROOT	硝化纤维素 | 硝化纤维素 | 硝化纤维素 | 含水量＜25%，或含氮≥12.6%且醇含量≥25% | 配酸、硝化、驱酸、水洗、煮洗、细断、精洗、混同、棉浆储存、硝化纤维素回收 | F2	0.96
test	关系事实	table_risk_mapping_rule	风险辨识	ROOT	table_2#行3	煮洗	位置部位实例	危险区域	F2	类别概念									生产分类=黑索今；危险工作间名称=煮洗	ROOT	8 | 黑索今 | 黑索今 | 黑索今 | 黑索今 | 煮洗、钝感、过滤、喷射输送 | F2	0.96
test	关系事实	table_risk_mapping_rule	风险辨识	ROOT	table_2#行3	硝化	位置部位实例	危险区域	F2	类别概念									生产分类=硝化纤维素；分类条件=含水量＜25%，或含氮≥12.6%且醇含量≥25%；危险工作间名称=硝化	ROOT	硝化纤维素 | 硝化纤维素 | 硝化纤维素 | 含水量＜25%，或含氮≥12.6%且醇含量≥25% | 配酸、硝化、驱酸、水洗、煮洗、细断、精洗、混同、棉浆储存、硝化纤维素回收 | F2	0.96
test	关系事实	table_risk_mapping_rule	风险辨识	ROOT	table_2#行3	硝化纤维素	类别概念	分类条件	含水量＜25%，或含氮≥12.6%且醇含量≥25%	文本片段实例									生产分类=硝化纤维素；分类条件=含水量＜25%，或含氮≥12.6%且醇含量≥25%	ROOT	硝化纤维素 | 硝化纤维素 | 硝化纤维素 | 含水量＜25%，或含氮≥12.6%且醇含量≥25% | 配酸、硝化、驱酸、水洗、煮洗、细断、精洗、混同、棉浆储存、硝化纤维素回收 | F2	0.96
test	关系事实	table_risk_mapping_rule	风险辨识	ROOT	table_2#行3	硝化纤维素回收	位置部位实例	危险区域	F2	类别概念									生产分类=硝化纤维素；分类条件=含水量＜25%，或含氮≥12.6%且醇含量≥25%；危险工作间名称=硝化纤维素回收	ROOT	硝化纤维素 | 硝化纤维素 | 硝化纤维素 | 含水量＜25%，或含氮≥12.6%且醇含量≥25% | 配酸、硝化、驱酸、水洗、煮洗、细断、精洗、混同、棉浆储存、硝化纤维素回收 | F2	0.96
test	属性事实	table_risk_mapping_rule	风险辨识	ROOT	table_2#行3	硝化纤维素｜含水量＜25%，或含氮≥12.6%且醇含量≥25%	类别概念	分类条件	含水量＜25%，或含氮≥12.6%且醇含量≥25%	作业信息	25.0				文本描述					ROOT	硝化纤维素 | 硝化纤维素 | 硝化纤维素 | 含水量＜25%，或含氮≥12.6%且醇含量≥25% | 配酸、硝化、驱酸、水洗、煮洗、细断、精洗、混同、棉浆储存、硝化纤维素回收 | F2	0.96
test	关系事实	table_risk_mapping_rule	风险辨识	ROOT	table_2#行3	硝化纤维素｜含水量＜25%，或含氮≥12.6%且醇含量≥25%	类别概念	危险工作间名称	配酸	位置部位实例									生产分类=硝化纤维素；分类条件=含水量＜25%，或含氮≥12.6%且醇含量≥25%	ROOT	硝化纤维素 | 硝化纤维素 | 硝化纤维素 | 含水量＜25%，或含氮≥12.6%且醇含量≥25% | 配酸、硝化、驱酸、水洗、煮洗、细断、精洗、混同、棉浆储存、硝化纤维素回收 | F2	0.96
test	关系事实	table_risk_mapping_rule	风险辨识	ROOT	table_2#行3	硝化纤维素｜含水量＜25%，或含氮≥12.6%且醇含量≥25%	类别概念	危险工作间名称	硝化	位置部位实例									生产分类=硝化纤维素；分类条件=含水量＜25%，或含氮≥12.6%且醇含量≥25%	ROOT	硝化纤维素 | 硝化纤维素 | 硝化纤维素 | 含水量＜25%，或含氮≥12.6%且醇含量≥25% | 配酸、硝化、驱酸、水洗、煮洗、细断、精洗、混同、棉浆储存、硝化纤维素回收 | F2	0.96
test	关系事实	table_risk_mapping_rule	风险辨识	ROOT	table_2#行3	硝化纤维素｜含水量＜25%，或含氮≥12.6%且醇含量≥25%	类别概念	危险工作间名称	驱酸	位置部位实例									生产分类=硝化纤维素；分类条件=含水量＜25%，或含氮≥12.6%且醇含量≥25%	ROOT	硝化纤维素 | 硝化纤维素 | 硝化纤维素 | 含水量＜25%，或含氮≥12.6%且醇含量≥25% | 配酸、硝化、驱酸、水洗、煮洗、细断、精洗、混同、棉浆储存、硝化纤维素回收 | F2	0.96
test	关系事实	table_risk_mapping_rule	风险辨识	ROOT	table_2#行3	硝化纤维素｜含水量＜25%，或含氮≥12.6%且醇含量≥25%	类别概念	危险工作间名称	水洗	位置部位实例									生产分类=硝化纤维素；分类条件=含水量＜25%，或含氮≥12.6%且醇含量≥25%	ROOT	硝化纤维素 | 硝化纤维素 | 硝化纤维素 | 含水量＜25%，或含氮≥12.6%且醇含量≥25% | 配酸、硝化、驱酸、水洗、煮洗、细断、精洗、混同、棉浆储存、硝化纤维素回收 | F2	0.96
test	关系事实	table_risk_mapping_rule	风险辨识	ROOT	table_2#行3	硝化纤维素｜含水量＜25%，或含氮≥12.6%且醇含量≥25%	类别概念	危险工作间名称	煮洗	位置部位实例									生产分类=硝化纤维素；分类条件=含水量＜25%，或含氮≥12.6%且醇含量≥25%	ROOT	硝化纤维素 | 硝化纤维素 | 硝化纤维素 | 含水量＜25%，或含氮≥12.6%且醇含量≥25% | 配酸、硝化、驱酸、水洗、煮洗、细断、精洗、混同、棉浆储存、硝化纤维素回收 | F2	0.96
test	关系事实	table_risk_mapping_rule	风险辨识	ROOT	table_2#行3	硝化纤维素｜含水量＜25%，或含氮≥12.6%且醇含量≥25%	类别概念	危险工作间名称	细断	位置部位实例									生产分类=硝化纤维素；分类条件=含水量＜25%，或含氮≥12.6%且醇含量≥25%	ROOT	硝化纤维素 | 硝化纤维素 | 硝化纤维素 | 含水量＜25%，或含氮≥12.6%且醇含量≥25% | 配酸、硝化、驱酸、水洗、煮洗、细断、精洗、混同、棉浆储存、硝化纤维素回收 | F2	0.96
test	关系事实	table_risk_mapping_rule	风险辨识	ROOT	table_2#行3	硝化纤维素｜含水量＜25%，或含氮≥12.6%且醇含量≥25%	类别概念	危险工作间名称	精洗	位置部位实例									生产分类=硝化纤维素；分类条件=含水量＜25%，或含氮≥12.6%且醇含量≥25%	ROOT	硝化纤维素 | 硝化纤维素 | 硝化纤维素 | 含水量＜25%，或含氮≥12.6%且醇含量≥25% | 配酸、硝化、驱酸、水洗、煮洗、细断、精洗、混同、棉浆储存、硝化纤维素回收 | F2	0.96
test	关系事实	table_risk_mapping_rule	风险辨识	ROOT	table_2#行3	硝化纤维素｜含水量＜25%，或含氮≥12.6%且醇含量≥25%	类别概念	危险工作间名称	混同	位置部位实例									生产分类=硝化纤维素；分类条件=含水量＜25%，或含氮≥12.6%且醇含量≥25%	ROOT	硝化纤维素 | 硝化纤维素 | 硝化纤维素 | 含水量＜25%，或含氮≥12.6%且醇含量≥25% | 配酸、硝化、驱酸、水洗、煮洗、细断、精洗、混同、棉浆储存、硝化纤维素回收 | F2	0.96
test	关系事实	table_risk_mapping_rule	风险辨识	ROOT	table_2#行3	硝化纤维素｜含水量＜25%，或含氮≥12.6%且醇含量≥25%	类别概念	危险工作间名称	棉浆储存	位置部位实例									生产分类=硝化纤维素；分类条件=含水量＜25%，或含氮≥12.6%且醇含量≥25%	ROOT	硝化纤维素 | 硝化纤维素 | 硝化纤维素 | 含水量＜25%，或含氮≥12.6%且醇含量≥25% | 配酸、硝化、驱酸、水洗、煮洗、细断、精洗、混同、棉浆储存、硝化纤维素回收 | F2	0.96
test	关系事实	table_risk_mapping_rule	风险辨识	ROOT	table_2#行3	硝化纤维素｜含水量＜25%，或含氮≥12.6%且醇含量≥25%	类别概念	危险工作间名称	硝化纤维素回收	位置部位实例									生产分类=硝化纤维素；分类条件=含水量＜25%，或含氮≥12.6%且醇含量≥25%	ROOT	硝化纤维素 | 硝化纤维素 | 硝化纤维素 | 含水量＜25%，或含氮≥12.6%且醇含量≥25% | 配酸、硝化、驱酸、水洗、煮洗、细断、精洗、混同、棉浆储存、硝化纤维素回收 | F2	0.96
test	关系事实	table_risk_mapping_rule	风险辨识	ROOT	table_2#行3	精洗	位置部位实例	危险区域	F2	类别概念									生产分类=硝化纤维素；分类条件=含水量＜25%，或含氮≥12.6%且醇含量≥25%；危险工作间名称=精洗	ROOT	硝化纤维素 | 硝化纤维素 | 硝化纤维素 | 含水量＜25%，或含氮≥12.6%且醇含量≥25% | 配酸、硝化、驱酸、水洗、煮洗、细断、精洗、混同、棉浆储存、硝化纤维素回收 | F2	0.96
test	关系事实	table_risk_mapping_rule	风险辨识	ROOT	table_2#行3	细断	位置部位实例	危险区域	F2	类别概念									生产分类=硝化纤维素；分类条件=含水量＜25%，或含氮≥12.6%且醇含量≥25%；危险工作间名称=细断	ROOT	硝化纤维素 | 硝化纤维素 | 硝化纤维素 | 含水量＜25%，或含氮≥12.6%且醇含量≥25% | 配酸、硝化、驱酸、水洗、煮洗、细断、精洗、混同、棉浆储存、硝化纤维素回收 | F2	0.96
test	关系事实	table_risk_mapping_rule	风险辨识	ROOT	table_2#行3	过滤	位置部位实例	危险区域	F2	类别概念									生产分类=黑索今；危险工作间名称=过滤	ROOT	8 | 黑索今 | 黑索今 | 黑索今 | 黑索今 | 煮洗、钝感、过滤、喷射输送 | F2	0.96
test	关系事实	table_risk_mapping_rule	风险辨识	ROOT	table_2#行3	配酸	位置部位实例	危险区域	F2	类别概念									生产分类=硝化纤维素；分类条件=含水量＜25%，或含氮≥12.6%且醇含量≥25%；危险工作间名称=配酸	ROOT	硝化纤维素 | 硝化纤维素 | 硝化纤维素 | 含水量＜25%，或含氮≥12.6%且醇含量≥25% | 配酸、硝化、驱酸、水洗、煮洗、细断、精洗、混同、棉浆储存、硝化纤维素回收 | F2	0.96
test	关系事实	table_risk_mapping_rule	风险辨识	ROOT	table_2#行3	钝感	位置部位实例	危险区域	F2	类别概念									生产分类=黑索今；危险工作间名称=钝感	ROOT	8 | 黑索今 | 黑索今 | 黑索今 | 黑索今 | 煮洗、钝感、过滤、喷射输送 | F2	0.96
test	关系事实	table_risk_mapping_rule	风险辨识	ROOT	table_2#行3	驱酸	位置部位实例	危险区域	F2	类别概念									生产分类=硝化纤维素；分类条件=含水量＜25%，或含氮≥12.6%且醇含量≥25%；危险工作间名称=驱酸	ROOT	硝化纤维素 | 硝化纤维素 | 硝化纤维素 | 含水量＜25%，或含氮≥12.6%且醇含量≥25% | 配酸、硝化、驱酸、水洗、煮洗、细断、精洗、混同、棉浆储存、硝化纤维素回收 | F2	0.96
test	关系事实	table_risk_mapping_rule	风险辨识	ROOT	table_2#行3	黑索今	类别概念	危险工作间名称	煮洗	位置部位实例									生产分类=黑索今	ROOT	8 | 黑索今 | 黑索今 | 黑索今 | 黑索今 | 煮洗、钝感、过滤、喷射输送 | F2	0.96
test	关系事实	table_risk_mapping_rule	风险辨识	ROOT	table_2#行3	黑索今	类别概念	危险工作间名称	钝感	位置部位实例									生产分类=黑索今	ROOT	8 | 黑索今 | 黑索今 | 黑索今 | 黑索今 | 煮洗、钝感、过滤、喷射输送 | F2	0.96
test	关系事实	table_risk_mapping_rule	风险辨识	ROOT	table_2#行3	黑索今	类别概念	危险工作间名称	过滤	位置部位实例									生产分类=黑索今	ROOT	8 | 黑索今 | 黑索今 | 黑索今 | 黑索今 | 煮洗、钝感、过滤、喷射输送 | F2	0.96
test	关系事实	table_risk_mapping_rule	风险辨识	ROOT	table_2#行3	黑索今	类别概念	危险工作间名称	喷射输送	位置部位实例									生产分类=黑索今	ROOT	8 | 黑索今 | 黑索今 | 黑索今 | 黑索今 | 煮洗、钝感、过滤、喷射输送 | F2	0.96
test	关系事实	table_risk_mapping_rule	风险辨识	ROOT	table_2#行31	包装	位置部位实例	危险区域	F0	类别概念									生产分类=黑索今；危险工作间名称=包装	ROOT	8 | 黑索今 | 黑索今 | 黑索今 | 黑索今 | 干燥、筛选、包装 | F0	0.96
test	关系事实	table_risk_mapping_rule	风险辨识	ROOT	table_2#行31	干燥	位置部位实例	危险区域	F0	类别概念									生产分类=黑索今；危险工作间名称=干燥	ROOT	8 | 黑索今 | 黑索今 | 黑索今 | 黑索今 | 干燥、筛选、包装 | F0	0.96
test	关系事实	table_risk_mapping_rule	风险辨识	ROOT	table_2#行31	筛选	位置部位实例	危险区域	F0	类别概念									生产分类=黑索今；危险工作间名称=筛选	ROOT	8 | 黑索今 | 黑索今 | 黑索今 | 黑索今 | 干燥、筛选、包装 | F0	0.96
test	关系事实	table_risk_mapping_rule	风险辨识	ROOT	table_2#行31	黑索今	类别概念	危险工作间名称	干燥	位置部位实例									生产分类=黑索今	ROOT	8 | 黑索今 | 黑索今 | 黑索今 | 黑索今 | 干燥、筛选、包装 | F0	0.96
test	关系事实	table_risk_mapping_rule	风险辨识	ROOT	table_2#行31	黑索今	类别概念	危险工作间名称	筛选	位置部位实例									生产分类=黑索今	ROOT	8 | 黑索今 | 黑索今 | 黑索今 | 黑索今 | 干燥、筛选、包装 | F0	0.96
test	关系事实	table_risk_mapping_rule	风险辨识	ROOT	table_2#行31	黑索今	类别概念	危险工作间名称	包装	位置部位实例									生产分类=黑索今	ROOT	8 | 黑索今 | 黑索今 | 黑索今 | 黑索今 | 干燥、筛选、包装 | F0	0.96
test	关系事实	table_risk_mapping_rule	风险辨识	ROOT	table_2#行32	废水吸附处理	位置部位实例	危险区域	F2	类别概念									生产分类=黑索今；危险工作间名称=废水吸附处理	ROOT	8 | 黑索今 | 黑索今 | 黑索今 | 黑索今 | 废水吸附处理 | F2	0.96
test	关系事实	table_risk_mapping_rule	风险辨识	ROOT	table_2#行32	黑索今	类别概念	危险工作间名称	废水吸附处理	位置部位实例									生产分类=黑索今	ROOT	8 | 黑索今 | 黑索今 | 黑索今 | 黑索今 | 废水吸附处理 | F2	0.96
test	关系事实	table_risk_mapping_rule	风险辨识	ROOT	table_2#行33	太安	类别概念	危险工作间名称	硝化	位置部位实例									生产分类=太安	ROOT	9 | 太安 | 太安 | 太安 | 太安 | 硝化、钝感、过滤 | F2	0.96
test	关系事实	table_risk_mapping_rule	风险辨识	ROOT	table_2#行33	太安	类别概念	危险工作间名称	钝感	位置部位实例									生产分类=太安	ROOT	9 | 太安 | 太安 | 太安 | 太安 | 硝化、钝感、过滤 | F2	0.96
test	关系事实	table_risk_mapping_rule	风险辨识	ROOT	table_2#行33	太安	类别概念	危险工作间名称	过滤	位置部位实例									生产分类=太安	ROOT	9 | 太安 | 太安 | 太安 | 太安 | 硝化、钝感、过滤 | F2	0.96
test	关系事实	table_risk_mapping_rule	风险辨识	ROOT	table_2#行33	硝化	位置部位实例	危险区域	F2	类别概念									生产分类=太安；危险工作间名称=硝化	ROOT	9 | 太安 | 太安 | 太安 | 太安 | 硝化、钝感、过滤 | F2	0.96
test	关系事实	table_risk_mapping_rule	风险辨识	ROOT	table_2#行33	过滤	位置部位实例	危险区域	F2	类别概念									生产分类=太安；危险工作间名称=过滤	ROOT	9 | 太安 | 太安 | 太安 | 太安 | 硝化、钝感、过滤 | F2	0.96
test	关系事实	table_risk_mapping_rule	风险辨识	ROOT	table_2#行33	钝感	位置部位实例	危险区域	F2	类别概念									生产分类=太安；危险工作间名称=钝感	ROOT	9 | 太安 | 太安 | 太安 | 太安 | 硝化、钝感、过滤 | F2	0.96
test	关系事实	table_risk_mapping_rule	风险辨识	ROOT	table_2#行34	太安	类别概念	危险工作间名称	精制	位置部位实例									生产分类=太安	ROOT	9 | 太安 | 太安 | 太安 | 太安 | 精制 | F1	0.96
test	关系事实	table_risk_mapping_rule	风险辨识	ROOT	table_2#行34	精制	位置部位实例	危险区域	F1	类别概念									生产分类=太安；危险工作间名称=精制	ROOT	9 | 太安 | 太安 | 太安 | 太安 | 精制 | F1	0.96
test	关系事实	table_risk_mapping_rule	风险辨识	ROOT	table_2#行35	包装	位置部位实例	危险区域	F0	类别概念									生产分类=太安；危险工作间名称=包装	ROOT	9 | 太安 | 太安 | 太安 | 太安 | 干燥、筛选、包装 | F0	0.96
test	关系事实	table_risk_mapping_rule	风险辨识	ROOT	table_2#行35	太安	类别概念	危险工作间名称	干燥	位置部位实例									生产分类=太安	ROOT	9 | 太安 | 太安 | 太安 | 太安 | 干燥、筛选、包装 | F0	0.96
test	关系事实	table_risk_mapping_rule	风险辨识	ROOT	table_2#行35	太安	类别概念	危险工作间名称	筛选	位置部位实例									生产分类=太安	ROOT	9 | 太安 | 太安 | 太安 | 太安 | 干燥、筛选、包装 | F0	0.96
test	关系事实	table_risk_mapping_rule	风险辨识	ROOT	table_2#行35	太安	类别概念	危险工作间名称	包装	位置部位实例									生产分类=太安	ROOT	9 | 太安 | 太安 | 太安 | 太安 | 干燥、筛选、包装 | F0	0.96
test	关系事实	table_risk_mapping_rule	风险辨识	ROOT	table_2#行35	干燥	位置部位实例	危险区域	F0	类别概念									生产分类=太安；危险工作间名称=干燥	ROOT	9 | 太安 | 太安 | 太安 | 太安 | 干燥、筛选、包装 | F0	0.96
test	关系事实	table_risk_mapping_rule	风险辨识	ROOT	table_2#行35	筛选	位置部位实例	危险区域	F0	类别概念									生产分类=太安；危险工作间名称=筛选	ROOT	9 | 太安 | 太安 | 太安 | 太安 | 干燥、筛选、包装 | F0	0.96
test	关系事实	table_risk_mapping_rule	风险辨识	ROOT	table_2#行36	太安	类别概念	危险工作间名称	母液蒸馏	位置部位实例									生产分类=太安	ROOT	9 | 太安 | 太安 | 太安 | 太安 | 母液蒸馏、废酸热分解 | F2	0.96
test	关系事实	table_risk_mapping_rule	风险辨识	ROOT	table_2#行36	太安	类别概念	危险工作间名称	废酸热分解	位置部位实例									生产分类=太安	ROOT	9 | 太安 | 太安 | 太安 | 太安 | 母液蒸馏、废酸热分解 | F2	0.96
test	关系事实	table_risk_mapping_rule	风险辨识	ROOT	table_2#行36	废酸热分解	位置部位实例	危险区域	F2	类别概念									生产分类=太安；危险工作间名称=废酸热分解	ROOT	9 | 太安 | 太安 | 太安 | 太安 | 母液蒸馏、废酸热分解 | F2	0.96
test	关系事实	table_risk_mapping_rule	风险辨识	ROOT	table_2#行36	母液蒸馏	位置部位实例	危险区域	F2	类别概念									生产分类=太安；危险工作间名称=母液蒸馏	ROOT	9 | 太安 | 太安 | 太安 | 太安 | 母液蒸馏、废酸热分解 | F2	0.96
test	关系事实	table_risk_mapping_rule	风险辨识	ROOT	table_2#行37	冷却	位置部位实例	危险区域	F1	类别概念									生产分类=奥克托今；危险工作间名称=冷却	ROOT	10 | 奥克托今 | 奥克托今 | 奥克托今 | 奥克托今 | 硝化、热解、冷却、过滤、转晶、喷射输送 | F1	0.96
test	关系事实	table_risk_mapping_rule	风险辨识	ROOT	table_2#行37	喷射输送	位置部位实例	危险区域	F1	类别概念									生产分类=奥克托今；危险工作间名称=喷射输送	ROOT	10 | 奥克托今 | 奥克托今 | 奥克托今 | 奥克托今 | 硝化、热解、冷却、过滤、转晶、喷射输送 | F1	0.96
test	关系事实	table_risk_mapping_rule	风险辨识	ROOT	table_2#行37	奥克托今	类别概念	危险工作间名称	硝化	位置部位实例									生产分类=奥克托今	ROOT	10 | 奥克托今 | 奥克托今 | 奥克托今 | 奥克托今 | 硝化、热解、冷却、过滤、转晶、喷射输送 | F1	0.96
test	关系事实	table_risk_mapping_rule	风险辨识	ROOT	table_2#行37	奥克托今	类别概念	危险工作间名称	热解	位置部位实例									生产分类=奥克托今	ROOT	10 | 奥克托今 | 奥克托今 | 奥克托今 | 奥克托今 | 硝化、热解、冷却、过滤、转晶、喷射输送 | F1	0.96
test	关系事实	table_risk_mapping_rule	风险辨识	ROOT	table_2#行37	奥克托今	类别概念	危险工作间名称	冷却	位置部位实例									生产分类=奥克托今	ROOT	10 | 奥克托今 | 奥克托今 | 奥克托今 | 奥克托今 | 硝化、热解、冷却、过滤、转晶、喷射输送 | F1	0.96
test	关系事实	table_risk_mapping_rule	风险辨识	ROOT	table_2#行37	奥克托今	类别概念	危险工作间名称	过滤	位置部位实例									生产分类=奥克托今	ROOT	10 | 奥克托今 | 奥克托今 | 奥克托今 | 奥克托今 | 硝化、热解、冷却、过滤、转晶、喷射输送 | F1	0.96
test	关系事实	table_risk_mapping_rule	风险辨识	ROOT	table_2#行37	奥克托今	类别概念	危险工作间名称	转晶	位置部位实例									生产分类=奥克托今	ROOT	10 | 奥克托今 | 奥克托今 | 奥克托今 | 奥克托今 | 硝化、热解、冷却、过滤、转晶、喷射输送 | F1	0.96
test	关系事实	table_risk_mapping_rule	风险辨识	ROOT	table_2#行37	奥克托今	类别概念	危险工作间名称	喷射输送	位置部位实例									生产分类=奥克托今	ROOT	10 | 奥克托今 | 奥克托今 | 奥克托今 | 奥克托今 | 硝化、热解、冷却、过滤、转晶、喷射输送 | F1	0.96
test	关系事实	table_risk_mapping_rule	风险辨识	ROOT	table_2#行37	热解	位置部位实例	危险区域	F1	类别概念									生产分类=奥克托今；危险工作间名称=热解	ROOT	10 | 奥克托今 | 奥克托今 | 奥克托今 | 奥克托今 | 硝化、热解、冷却、过滤、转晶、喷射输送 | F1	0.96
test	关系事实	table_risk_mapping_rule	风险辨识	ROOT	table_2#行37	硝化	位置部位实例	危险区域	F1	类别概念									生产分类=奥克托今；危险工作间名称=硝化	ROOT	10 | 奥克托今 | 奥克托今 | 奥克托今 | 奥克托今 | 硝化、热解、冷却、过滤、转晶、喷射输送 | F1	0.96
test	关系事实	table_risk_mapping_rule	风险辨识	ROOT	table_2#行37	转晶	位置部位实例	危险区域	F1	类别概念									生产分类=奥克托今；危险工作间名称=转晶	ROOT	10 | 奥克托今 | 奥克托今 | 奥克托今 | 奥克托今 | 硝化、热解、冷却、过滤、转晶、喷射输送 | F1	0.96
test	关系事实	table_risk_mapping_rule	风险辨识	ROOT	table_2#行37	过滤	位置部位实例	危险区域	F1	类别概念									生产分类=奥克托今；危险工作间名称=过滤	ROOT	10 | 奥克托今 | 奥克托今 | 奥克托今 | 奥克托今 | 硝化、热解、冷却、过滤、转晶、喷射输送 | F1	0.96
test	关系事实	table_risk_mapping_rule	风险辨识	ROOT	table_2#行38	包装	位置部位实例	危险区域	F0	类别概念									生产分类=奥克托今；危险工作间名称=包装	ROOT	10 | 奥克托今 | 奥克托今 | 奥克托今 | 奥克托今 | 干燥、包装 | F0	0.96
test	关系事实	table_risk_mapping_rule	风险辨识	ROOT	table_2#行38	奥克托今	类别概念	危险工作间名称	干燥	位置部位实例									生产分类=奥克托今	ROOT	10 | 奥克托今 | 奥克托今 | 奥克托今 | 奥克托今 | 干燥、包装 | F0	0.96
test	关系事实	table_risk_mapping_rule	风险辨识	ROOT	table_2#行38	奥克托今	类别概念	危险工作间名称	包装	位置部位实例									生产分类=奥克托今	ROOT	10 | 奥克托今 | 奥克托今 | 奥克托今 | 奥克托今 | 干燥、包装 | F0	0.96
test	关系事实	table_risk_mapping_rule	风险辨识	ROOT	table_2#行38	干燥	位置部位实例	危险区域	F0	类别概念									生产分类=奥克托今；危险工作间名称=干燥	ROOT	10 | 奥克托今 | 奥克托今 | 奥克托今 | 奥克托今 | 干燥、包装 | F0	0.96
test	关系事实	table_risk_mapping_rule	风险辨识	ROOT	table_2#行39	奥克托今	类别概念	危险工作间名称	母液蒸馏	位置部位实例									生产分类=奥克托今	ROOT	10 | 奥克托今 | 奥克托今 | 奥克托今 | 奥克托今 | 母液蒸馏、废酸处理 | F2	0.96
test	关系事实	table_risk_mapping_rule	风险辨识	ROOT	table_2#行39	奥克托今	类别概念	危险工作间名称	废酸处理	位置部位实例									生产分类=奥克托今	ROOT	10 | 奥克托今 | 奥克托今 | 奥克托今 | 奥克托今 | 母液蒸馏、废酸处理 | F2	0.96
test	关系事实	table_risk_mapping_rule	风险辨识	ROOT	table_2#行39	废酸处理	位置部位实例	危险区域	F2	类别概念									生产分类=奥克托今；危险工作间名称=废酸处理	ROOT	10 | 奥克托今 | 奥克托今 | 奥克托今 | 奥克托今 | 母液蒸馏、废酸处理 | F2	0.96
test	关系事实	table_risk_mapping_rule	风险辨识	ROOT	table_2#行39	母液蒸馏	位置部位实例	危险区域	F2	类别概念									生产分类=奥克托今；危险工作间名称=母液蒸馏	ROOT	10 | 奥克托今 | 奥克托今 | 奥克托今 | 奥克托今 | 母液蒸馏、废酸处理 | F2	0.96
test	关系事实	table_risk_mapping_rule	风险辨识	ROOT	table_2#行4	包装	位置部位实例	危险区域	F1	类别概念									生产分类=硝化纤维素；分类条件=含水量＜25%，或含氮≥12.6%且醇含量≥25%；危险工作间名称=包装	ROOT	硝化纤维素 | 硝化纤维素 | 硝化纤维素 | 含水量＜25%，或含氮≥12.6%且醇含量≥25% | 脱水、包装 | F1	0.96
test	关系事实	table_risk_mapping_rule	风险辨识	ROOT	table_2#行4	硝化纤维素｜含水量＜25%，或含氮≥12.6%且醇含量≥25%	类别概念	危险工作间名称	脱水	位置部位实例									生产分类=硝化纤维素；分类条件=含水量＜25%，或含氮≥12.6%且醇含量≥25%	ROOT	硝化纤维素 | 硝化纤维素 | 硝化纤维素 | 含水量＜25%，或含氮≥12.6%且醇含量≥25% | 脱水、包装 | F1	0.96
test	关系事实	table_risk_mapping_rule	风险辨识	ROOT	table_2#行4	硝化纤维素｜含水量＜25%，或含氮≥12.6%且醇含量≥25%	类别概念	危险工作间名称	包装	位置部位实例									生产分类=硝化纤维素；分类条件=含水量＜25%，或含氮≥12.6%且醇含量≥25%	ROOT	硝化纤维素 | 硝化纤维素 | 硝化纤维素 | 含水量＜25%，或含氮≥12.6%且醇含量≥25% | 脱水、包装 | F1	0.96
test	关系事实	table_risk_mapping_rule	风险辨识	ROOT	table_2#行4	胶棉干燥	位置部位实例	危险区域	F0	类别概念									生产分类=胶质炸药；危险工作间名称=胶棉干燥	ROOT	11 | 胶质炸药 | 胶质炸药 | 胶质炸药 | 胶质炸药 | 胶棉干燥 | F0	0.96
test	关系事实	table_risk_mapping_rule	风险辨识	ROOT	table_2#行4	胶质炸药	类别概念	危险工作间名称	胶棉干燥	位置部位实例									生产分类=胶质炸药	ROOT	11 | 胶质炸药 | 胶质炸药 | 胶质炸药 | 胶质炸药 | 胶棉干燥 | F0	0.96
test	关系事实	table_risk_mapping_rule	风险辨识	ROOT	table_2#行4	脱水	位置部位实例	危险区域	F1	类别概念									生产分类=硝化纤维素；分类条件=含水量＜25%，或含氮≥12.6%且醇含量≥25%；危险工作间名称=脱水	ROOT	硝化纤维素 | 硝化纤维素 | 硝化纤维素 | 含水量＜25%，或含氮≥12.6%且醇含量≥25% | 脱水、包装 | F1	0.96
test	关系事实	table_risk_mapping_rule	风险辨识	ROOT	table_2#行41	包装	位置部位实例	危险区域	F1**	类别概念									生产分类=胶质炸药；危险工作间名称=包装	ROOT	11 | 胶质炸药 | 胶质炸药 | 胶质炸药 | 胶质炸药 | 胶化、捏合、压伸、包装 | F1**	0.96
test	关系事实	table_risk_mapping_rule	风险辨识	ROOT	table_2#行41	压伸	位置部位实例	危险区域	F1**	类别概念									生产分类=胶质炸药；危险工作间名称=压伸	ROOT	11 | 胶质炸药 | 胶质炸药 | 胶质炸药 | 胶质炸药 | 胶化、捏合、压伸、包装 | F1**	0.96
test	关系事实	table_risk_mapping_rule	风险辨识	ROOT	table_2#行41	捏合	位置部位实例	危险区域	F1**	类别概念									生产分类=胶质炸药；危险工作间名称=捏合	ROOT	11 | 胶质炸药 | 胶质炸药 | 胶质炸药 | 胶质炸药 | 胶化、捏合、压伸、包装 | F1**	0.96
test	关系事实	table_risk_mapping_rule	风险辨识	ROOT	table_2#行41	胶化	位置部位实例	危险区域	F1**	类别概念									生产分类=胶质炸药；危险工作间名称=胶化	ROOT	11 | 胶质炸药 | 胶质炸药 | 胶质炸药 | 胶质炸药 | 胶化、捏合、压伸、包装 | F1**	0.96
test	关系事实	table_risk_mapping_rule	风险辨识	ROOT	table_2#行41	胶质炸药	类别概念	危险工作间名称	胶化	位置部位实例									生产分类=胶质炸药	ROOT	11 | 胶质炸药 | 胶质炸药 | 胶质炸药 | 胶质炸药 | 胶化、捏合、压伸、包装 | F1**	0.96
test	关系事实	table_risk_mapping_rule	风险辨识	ROOT	table_2#行41	胶质炸药	类别概念	危险工作间名称	捏合	位置部位实例									生产分类=胶质炸药	ROOT	11 | 胶质炸药 | 胶质炸药 | 胶质炸药 | 胶质炸药 | 胶化、捏合、压伸、包装 | F1**	0.96
test	关系事实	table_risk_mapping_rule	风险辨识	ROOT	table_2#行41	胶质炸药	类别概念	危险工作间名称	压伸	位置部位实例									生产分类=胶质炸药	ROOT	11 | 胶质炸药 | 胶质炸药 | 胶质炸药 | 胶质炸药 | 胶化、捏合、压伸、包装 | F1**	0.96
test	关系事实	table_risk_mapping_rule	风险辨识	ROOT	table_2#行41	胶质炸药	类别概念	危险工作间名称	包装	位置部位实例									生产分类=胶质炸药	ROOT	11 | 胶质炸药 | 胶质炸药 | 胶质炸药 | 胶质炸药 | 胶化、捏合、压伸、包装 | F1**	0.96
test	关系事实	table_risk_mapping_rule	风险辨识	ROOT	table_2#行42	干燥及混合	位置部位实例	危险区域	F2	类别概念									生产分类=胶质炸药；危险工作间名称=干燥及混合	ROOT	11 | 胶质炸药 | 胶质炸药 | 胶质炸药 | 胶质炸药 | 硝酸铵的粉碎、干燥及混合 | F2	0.96
test	关系事实	table_risk_mapping_rule	风险辨识	ROOT	table_2#行42	硝酸铵的粉碎	位置部位实例	危险区域	F2	类别概念									生产分类=胶质炸药；危险工作间名称=硝酸铵的粉碎	ROOT	11 | 胶质炸药 | 胶质炸药 | 胶质炸药 | 胶质炸药 | 硝酸铵的粉碎、干燥及混合 | F2	0.96
test	关系事实	table_risk_mapping_rule	风险辨识	ROOT	table_2#行42	胶质炸药	类别概念	危险工作间名称	硝酸铵的粉碎	位置部位实例									生产分类=胶质炸药	ROOT	11 | 胶质炸药 | 胶质炸药 | 胶质炸药 | 胶质炸药 | 硝酸铵的粉碎、干燥及混合 | F2	0.96
test	关系事实	table_risk_mapping_rule	风险辨识	ROOT	table_2#行42	胶质炸药	类别概念	危险工作间名称	干燥及混合	位置部位实例									生产分类=胶质炸药	ROOT	11 | 胶质炸药 | 胶质炸药 | 胶质炸药 | 胶质炸药 | 硝酸铵的粉碎、干燥及混合 | F2	0.96
test	关系事实	table_risk_mapping_rule	风险辨识	ROOT	table_2#行43	冷却结晶	位置部位实例	危险区域	F2	类别概念									生产分类=硝基胍；危险工作间名称=冷却结晶	ROOT	12 | 硝基胍 | 硝基胍 | 硝基胍 | 硝基胍 | 脱水、稀释、冷却结晶、过滤、转晶 | F2	0.96
test	关系事实	table_risk_mapping_rule	风险辨识	ROOT	table_2#行43	硝基胍	类别概念	危险工作间名称	脱水	位置部位实例									生产分类=硝基胍	ROOT	12 | 硝基胍 | 硝基胍 | 硝基胍 | 硝基胍 | 脱水、稀释、冷却结晶、过滤、转晶 | F2	0.96
test	关系事实	table_risk_mapping_rule	风险辨识	ROOT	table_2#行43	硝基胍	类别概念	危险工作间名称	稀释	位置部位实例									生产分类=硝基胍	ROOT	12 | 硝基胍 | 硝基胍 | 硝基胍 | 硝基胍 | 脱水、稀释、冷却结晶、过滤、转晶 | F2	0.96
test	关系事实	table_risk_mapping_rule	风险辨识	ROOT	table_2#行43	硝基胍	类别概念	危险工作间名称	冷却结晶	位置部位实例									生产分类=硝基胍	ROOT	12 | 硝基胍 | 硝基胍 | 硝基胍 | 硝基胍 | 脱水、稀释、冷却结晶、过滤、转晶 | F2	0.96
test	关系事实	table_risk_mapping_rule	风险辨识	ROOT	table_2#行43	硝基胍	类别概念	危险工作间名称	过滤	位置部位实例									生产分类=硝基胍	ROOT	12 | 硝基胍 | 硝基胍 | 硝基胍 | 硝基胍 | 脱水、稀释、冷却结晶、过滤、转晶 | F2	0.96
test	关系事实	table_risk_mapping_rule	风险辨识	ROOT	table_2#行43	硝基胍	类别概念	危险工作间名称	转晶	位置部位实例									生产分类=硝基胍	ROOT	12 | 硝基胍 | 硝基胍 | 硝基胍 | 硝基胍 | 脱水、稀释、冷却结晶、过滤、转晶 | F2	0.96
test	关系事实	table_risk_mapping_rule	风险辨识	ROOT	table_2#行43	稀释	位置部位实例	危险区域	F2	类别概念									生产分类=硝基胍；危险工作间名称=稀释	ROOT	12 | 硝基胍 | 硝基胍 | 硝基胍 | 硝基胍 | 脱水、稀释、冷却结晶、过滤、转晶 | F2	0.96
test	关系事实	table_risk_mapping_rule	风险辨识	ROOT	table_2#行43	脱水	位置部位实例	危险区域	F2	类别概念									生产分类=硝基胍；危险工作间名称=脱水	ROOT	12 | 硝基胍 | 硝基胍 | 硝基胍 | 硝基胍 | 脱水、稀释、冷却结晶、过滤、转晶 | F2	0.96
test	关系事实	table_risk_mapping_rule	风险辨识	ROOT	table_2#行43	转晶	位置部位实例	危险区域	F2	类别概念									生产分类=硝基胍；危险工作间名称=转晶	ROOT	12 | 硝基胍 | 硝基胍 | 硝基胍 | 硝基胍 | 脱水、稀释、冷却结晶、过滤、转晶 | F2	0.96
test	关系事实	table_risk_mapping_rule	风险辨识	ROOT	table_2#行43	过滤	位置部位实例	危险区域	F2	类别概念									生产分类=硝基胍；危险工作间名称=过滤	ROOT	12 | 硝基胍 | 硝基胍 | 硝基胍 | 硝基胍 | 脱水、稀释、冷却结晶、过滤、转晶 | F2	0.96
test	关系事实	table_risk_mapping_rule	风险辨识	ROOT	table_2#行44	分散	位置部位实例	危险区域	F1	类别概念									生产分类=硝基胍；危险工作间名称=分散	ROOT	12 | 硝基胍 | 硝基胍 | 硝基胍 | 硝基胍 | 干燥、分散、包装 | F1	0.96
test	关系事实	table_risk_mapping_rule	风险辨识	ROOT	table_2#行44	包装	位置部位实例	危险区域	F1	类别概念									生产分类=硝基胍；危险工作间名称=包装	ROOT	12 | 硝基胍 | 硝基胍 | 硝基胍 | 硝基胍 | 干燥、分散、包装 | F1	0.96
test	关系事实	table_risk_mapping_rule	风险辨识	ROOT	table_2#行44	干燥	位置部位实例	危险区域	F1	类别概念									生产分类=硝基胍；危险工作间名称=干燥	ROOT	12 | 硝基胍 | 硝基胍 | 硝基胍 | 硝基胍 | 干燥、分散、包装 | F1	0.96
test	关系事实	table_risk_mapping_rule	风险辨识	ROOT	table_2#行44	硝基胍	类别概念	危险工作间名称	干燥	位置部位实例									生产分类=硝基胍	ROOT	12 | 硝基胍 | 硝基胍 | 硝基胍 | 硝基胍 | 干燥、分散、包装 | F1	0.96
test	关系事实	table_risk_mapping_rule	风险辨识	ROOT	table_2#行44	硝基胍	类别概念	危险工作间名称	分散	位置部位实例									生产分类=硝基胍	ROOT	12 | 硝基胍 | 硝基胍 | 硝基胍 | 硝基胍 | 干燥、分散、包装 | F1	0.96
test	关系事实	table_risk_mapping_rule	风险辨识	ROOT	table_2#行44	硝基胍	类别概念	危险工作间名称	包装	位置部位实例									生产分类=硝基胍	ROOT	12 | 硝基胍 | 硝基胍 | 硝基胍 | 硝基胍 | 干燥、分散、包装 | F1	0.96
test	关系事实	table_risk_mapping_rule	风险辨识	ROOT	table_2#行45	二硝基萘	类别概念	危险工作间名称	硝化	位置部位实例									生产分类=二硝基萘	ROOT	13 | 二硝基萘 | 二硝基萘 | 二硝基萘 | 二硝基萘 | 硝化、煮洗、除水、干燥、熔融、制片、包装 | F2	0.96
test	关系事实	table_risk_mapping_rule	风险辨识	ROOT	table_2#行45	二硝基萘	类别概念	危险工作间名称	煮洗	位置部位实例									生产分类=二硝基萘	ROOT	13 | 二硝基萘 | 二硝基萘 | 二硝基萘 | 二硝基萘 | 硝化、煮洗、除水、干燥、熔融、制片、包装 | F2	0.96
test	关系事实	table_risk_mapping_rule	风险辨识	ROOT	table_2#行45	二硝基萘	类别概念	危险工作间名称	除水	位置部位实例									生产分类=二硝基萘	ROOT	13 | 二硝基萘 | 二硝基萘 | 二硝基萘 | 二硝基萘 | 硝化、煮洗、除水、干燥、熔融、制片、包装 | F2	0.96
test	关系事实	table_risk_mapping_rule	风险辨识	ROOT	table_2#行45	二硝基萘	类别概念	危险工作间名称	干燥	位置部位实例									生产分类=二硝基萘	ROOT	13 | 二硝基萘 | 二硝基萘 | 二硝基萘 | 二硝基萘 | 硝化、煮洗、除水、干燥、熔融、制片、包装 | F2	0.96
test	关系事实	table_risk_mapping_rule	风险辨识	ROOT	table_2#行45	二硝基萘	类别概念	危险工作间名称	熔融	位置部位实例									生产分类=二硝基萘	ROOT	13 | 二硝基萘 | 二硝基萘 | 二硝基萘 | 二硝基萘 | 硝化、煮洗、除水、干燥、熔融、制片、包装 | F2	0.96
test	关系事实	table_risk_mapping_rule	风险辨识	ROOT	table_2#行45	二硝基萘	类别概念	危险工作间名称	制片	位置部位实例									生产分类=二硝基萘	ROOT	13 | 二硝基萘 | 二硝基萘 | 二硝基萘 | 二硝基萘 | 硝化、煮洗、除水、干燥、熔融、制片、包装 | F2	0.96
test	关系事实	table_risk_mapping_rule	风险辨识	ROOT	table_2#行45	二硝基萘	类别概念	危险工作间名称	包装	位置部位实例									生产分类=二硝基萘	ROOT	13 | 二硝基萘 | 二硝基萘 | 二硝基萘 | 二硝基萘 | 硝化、煮洗、除水、干燥、熔融、制片、包装 | F2	0.96
test	关系事实	table_risk_mapping_rule	风险辨识	ROOT	table_2#行45	制片	位置部位实例	危险区域	F2	类别概念									生产分类=二硝基萘；危险工作间名称=制片	ROOT	13 | 二硝基萘 | 二硝基萘 | 二硝基萘 | 二硝基萘 | 硝化、煮洗、除水、干燥、熔融、制片、包装 | F2	0.96
test	关系事实	table_risk_mapping_rule	风险辨识	ROOT	table_2#行45	包装	位置部位实例	危险区域	F2	类别概念									生产分类=二硝基萘；危险工作间名称=包装	ROOT	13 | 二硝基萘 | 二硝基萘 | 二硝基萘 | 二硝基萘 | 硝化、煮洗、除水、干燥、熔融、制片、包装 | F2	0.96
test	关系事实	table_risk_mapping_rule	风险辨识	ROOT	table_2#行45	干燥	位置部位实例	危险区域	F2	类别概念									生产分类=二硝基萘；危险工作间名称=干燥	ROOT	13 | 二硝基萘 | 二硝基萘 | 二硝基萘 | 二硝基萘 | 硝化、煮洗、除水、干燥、熔融、制片、包装 | F2	0.96
test	关系事实	table_risk_mapping_rule	风险辨识	ROOT	table_2#行45	煮洗	位置部位实例	危险区域	F2	类别概念									生产分类=二硝基萘；危险工作间名称=煮洗	ROOT	13 | 二硝基萘 | 二硝基萘 | 二硝基萘 | 二硝基萘 | 硝化、煮洗、除水、干燥、熔融、制片、包装 | F2	0.96
test	关系事实	table_risk_mapping_rule	风险辨识	ROOT	table_2#行45	熔融	位置部位实例	危险区域	F2	类别概念									生产分类=二硝基萘；危险工作间名称=熔融	ROOT	13 | 二硝基萘 | 二硝基萘 | 二硝基萘 | 二硝基萘 | 硝化、煮洗、除水、干燥、熔融、制片、包装 | F2	0.96
test	关系事实	table_risk_mapping_rule	风险辨识	ROOT	table_2#行45	硝化	位置部位实例	危险区域	F2	类别概念									生产分类=二硝基萘；危险工作间名称=硝化	ROOT	13 | 二硝基萘 | 二硝基萘 | 二硝基萘 | 二硝基萘 | 硝化、煮洗、除水、干燥、熔融、制片、包装 | F2	0.96
test	关系事实	table_risk_mapping_rule	风险辨识	ROOT	table_2#行45	除水	位置部位实例	危险区域	F2	类别概念									生产分类=二硝基萘；危险工作间名称=除水	ROOT	13 | 二硝基萘 | 二硝基萘 | 二硝基萘 | 二硝基萘 | 硝化、煮洗、除水、干燥、熔融、制片、包装 | F2	0.96
test	关系事实	table_risk_mapping_rule	风险辨识	ROOT	table_2#行46	PBX炸药	类别概念	危险工作间名称	炸药准备	位置部位实例									生产分类=PBX炸药	ROOT	14 | PBX炸药 | PBX炸药 | PBX炸药 | PBX炸药 | 炸药准备、混合 | F1	0.96
test	关系事实	table_risk_mapping_rule	风险辨识	ROOT	table_2#行46	PBX炸药	类别概念	危险工作间名称	混合	位置部位实例									生产分类=PBX炸药	ROOT	14 | PBX炸药 | PBX炸药 | PBX炸药 | PBX炸药 | 炸药准备、混合 | F1	0.96
test	关系事实	table_risk_mapping_rule	风险辨识	ROOT	table_2#行46	混合	位置部位实例	危险区域	F1	类别概念									生产分类=PBX炸药；危险工作间名称=混合	ROOT	14 | PBX炸药 | PBX炸药 | PBX炸药 | PBX炸药 | 炸药准备、混合 | F1	0.96
test	关系事实	table_risk_mapping_rule	风险辨识	ROOT	table_2#行46	炸药准备	位置部位实例	危险区域	F1	类别概念									生产分类=PBX炸药；危险工作间名称=炸药准备	ROOT	14 | PBX炸药 | PBX炸药 | PBX炸药 | PBX炸药 | 炸药准备、混合 | F1	0.96
test	关系事实	table_risk_mapping_rule	风险辨识	ROOT	table_2#行47	PBX炸药	类别概念	危险工作间名称	高氯酸铵加工	位置部位实例									生产分类=PBX炸药	ROOT	14 | PBX炸药 | PBX炸药 | PBX炸药 | PBX炸药 | 高氯酸铵加工 | F1	0.96
test	关系事实	table_risk_mapping_rule	风险辨识	ROOT	table_2#行47	高氯酸铵加工	位置部位实例	危险区域	F1	类别概念									生产分类=PBX炸药；危险工作间名称=高氯酸铵加工	ROOT	14 | PBX炸药 | PBX炸药 | PBX炸药 | PBX炸药 | 高氯酸铵加工 | F1	0.96
test	关系事实	table_risk_mapping_rule	风险辨识	ROOT	table_2#行48	冷却	位置部位实例	危险区域	F1	类别概念									生产分类=混合炸药；危险工作间名称=冷却	ROOT	15 | 混合炸药 | 混合炸药 | 混合炸药 | 混合炸药 | 炸药准备、炸药熔化、炸药溶解、造粒、过滤、包覆、混合、冷却 | F1	0.96
test	关系事实	table_risk_mapping_rule	风险辨识	ROOT	table_2#行48	包覆	位置部位实例	危险区域	F1	类别概念									生产分类=混合炸药；危险工作间名称=包覆	ROOT	15 | 混合炸药 | 混合炸药 | 混合炸药 | 混合炸药 | 炸药准备、炸药熔化、炸药溶解、造粒、过滤、包覆、混合、冷却 | F1	0.96
test	关系事实	table_risk_mapping_rule	风险辨识	ROOT	table_2#行48	混合	位置部位实例	危险区域	F1	类别概念									生产分类=混合炸药；危险工作间名称=混合	ROOT	15 | 混合炸药 | 混合炸药 | 混合炸药 | 混合炸药 | 炸药准备、炸药熔化、炸药溶解、造粒、过滤、包覆、混合、冷却 | F1	0.96
test	关系事实	table_risk_mapping_rule	风险辨识	ROOT	table_2#行48	混合炸药	类别概念	危险工作间名称	炸药准备	位置部位实例									生产分类=混合炸药	ROOT	15 | 混合炸药 | 混合炸药 | 混合炸药 | 混合炸药 | 炸药准备、炸药熔化、炸药溶解、造粒、过滤、包覆、混合、冷却 | F1	0.96
test	关系事实	table_risk_mapping_rule	风险辨识	ROOT	table_2#行48	混合炸药	类别概念	危险工作间名称	炸药熔化	位置部位实例									生产分类=混合炸药	ROOT	15 | 混合炸药 | 混合炸药 | 混合炸药 | 混合炸药 | 炸药准备、炸药熔化、炸药溶解、造粒、过滤、包覆、混合、冷却 | F1	0.96
test	关系事实	table_risk_mapping_rule	风险辨识	ROOT	table_2#行48	混合炸药	类别概念	危险工作间名称	炸药溶解	位置部位实例									生产分类=混合炸药	ROOT	15 | 混合炸药 | 混合炸药 | 混合炸药 | 混合炸药 | 炸药准备、炸药熔化、炸药溶解、造粒、过滤、包覆、混合、冷却 | F1	0.96
test	关系事实	table_risk_mapping_rule	风险辨识	ROOT	table_2#行48	混合炸药	类别概念	危险工作间名称	造粒	位置部位实例									生产分类=混合炸药	ROOT	15 | 混合炸药 | 混合炸药 | 混合炸药 | 混合炸药 | 炸药准备、炸药熔化、炸药溶解、造粒、过滤、包覆、混合、冷却 | F1	0.96
test	关系事实	table_risk_mapping_rule	风险辨识	ROOT	table_2#行48	混合炸药	类别概念	危险工作间名称	过滤	位置部位实例									生产分类=混合炸药	ROOT	15 | 混合炸药 | 混合炸药 | 混合炸药 | 混合炸药 | 炸药准备、炸药熔化、炸药溶解、造粒、过滤、包覆、混合、冷却 | F1	0.96
test	关系事实	table_risk_mapping_rule	风险辨识	ROOT	table_2#行48	混合炸药	类别概念	危险工作间名称	包覆	位置部位实例									生产分类=混合炸药	ROOT	15 | 混合炸药 | 混合炸药 | 混合炸药 | 混合炸药 | 炸药准备、炸药熔化、炸药溶解、造粒、过滤、包覆、混合、冷却 | F1	0.96
test	关系事实	table_risk_mapping_rule	风险辨识	ROOT	table_2#行48	混合炸药	类别概念	危险工作间名称	混合	位置部位实例									生产分类=混合炸药	ROOT	15 | 混合炸药 | 混合炸药 | 混合炸药 | 混合炸药 | 炸药准备、炸药熔化、炸药溶解、造粒、过滤、包覆、混合、冷却 | F1	0.96
test	关系事实	table_risk_mapping_rule	风险辨识	ROOT	table_2#行48	混合炸药	类别概念	危险工作间名称	冷却	位置部位实例									生产分类=混合炸药	ROOT	15 | 混合炸药 | 混合炸药 | 混合炸药 | 混合炸药 | 炸药准备、炸药熔化、炸药溶解、造粒、过滤、包覆、混合、冷却 | F1	0.96
test	关系事实	table_risk_mapping_rule	风险辨识	ROOT	table_2#行48	炸药准备	位置部位实例	危险区域	F1	类别概念									生产分类=混合炸药；危险工作间名称=炸药准备	ROOT	15 | 混合炸药 | 混合炸药 | 混合炸药 | 混合炸药 | 炸药准备、炸药熔化、炸药溶解、造粒、过滤、包覆、混合、冷却 | F1	0.96
test	关系事实	table_risk_mapping_rule	风险辨识	ROOT	table_2#行48	炸药溶解	位置部位实例	危险区域	F1	类别概念									生产分类=混合炸药；危险工作间名称=炸药溶解	ROOT	15 | 混合炸药 | 混合炸药 | 混合炸药 | 混合炸药 | 炸药准备、炸药熔化、炸药溶解、造粒、过滤、包覆、混合、冷却 | F1	0.96
test	关系事实	table_risk_mapping_rule	风险辨识	ROOT	table_2#行48	炸药熔化	位置部位实例	危险区域	F1	类别概念									生产分类=混合炸药；危险工作间名称=炸药熔化	ROOT	15 | 混合炸药 | 混合炸药 | 混合炸药 | 混合炸药 | 炸药准备、炸药熔化、炸药溶解、造粒、过滤、包覆、混合、冷却 | F1	0.96
test	关系事实	table_risk_mapping_rule	风险辨识	ROOT	table_2#行48	过滤	位置部位实例	危险区域	F1	类别概念									生产分类=混合炸药；危险工作间名称=过滤	ROOT	15 | 混合炸药 | 混合炸药 | 混合炸药 | 混合炸药 | 炸药准备、炸药熔化、炸药溶解、造粒、过滤、包覆、混合、冷却 | F1	0.96
test	关系事实	table_risk_mapping_rule	风险辨识	ROOT	table_2#行48	造粒	位置部位实例	危险区域	F1	类别概念									生产分类=混合炸药；危险工作间名称=造粒	ROOT	15 | 混合炸药 | 混合炸药 | 混合炸药 | 混合炸药 | 炸药准备、炸药熔化、炸药溶解、造粒、过滤、包覆、混合、冷却 | F1	0.96
test	关系事实	table_risk_mapping_rule	风险辨识	ROOT	table_2#行49	包装	位置部位实例	危险区域	F0	类别概念									生产分类=混合炸药；危险工作间名称=包装	ROOT	15 | 混合炸药 | 混合炸药 | 混合炸药 | 混合炸药 | 成品干燥、筛选、包装 | F0	0.96
test	关系事实	table_risk_mapping_rule	风险辨识	ROOT	table_2#行49	成品干燥	位置部位实例	危险区域	F0	类别概念									生产分类=混合炸药；危险工作间名称=成品干燥	ROOT	15 | 混合炸药 | 混合炸药 | 混合炸药 | 混合炸药 | 成品干燥、筛选、包装 | F0	0.96
test	关系事实	table_risk_mapping_rule	风险辨识	ROOT	table_2#行49	混合炸药	类别概念	危险工作间名称	成品干燥	位置部位实例									生产分类=混合炸药	ROOT	15 | 混合炸药 | 混合炸药 | 混合炸药 | 混合炸药 | 成品干燥、筛选、包装 | F0	0.96
test	关系事实	table_risk_mapping_rule	风险辨识	ROOT	table_2#行49	混合炸药	类别概念	危险工作间名称	筛选	位置部位实例									生产分类=混合炸药	ROOT	15 | 混合炸药 | 混合炸药 | 混合炸药 | 混合炸药 | 成品干燥、筛选、包装 | F0	0.96
test	关系事实	table_risk_mapping_rule	风险辨识	ROOT	table_2#行49	混合炸药	类别概念	危险工作间名称	包装	位置部位实例									生产分类=混合炸药	ROOT	15 | 混合炸药 | 混合炸药 | 混合炸药 | 混合炸药 | 成品干燥、筛选、包装 | F0	0.96
test	关系事实	table_risk_mapping_rule	风险辨识	ROOT	table_2#行49	筛选	位置部位实例	危险区域	F0	类别概念									生产分类=混合炸药；危险工作间名称=筛选	ROOT	15 | 混合炸药 | 混合炸药 | 混合炸药 | 混合炸药 | 成品干燥、筛选、包装 | F0	0.96
test	关系事实	table_risk_mapping_rule	风险辨识	ROOT	table_2#行5	分离	位置部位实例	危险区域	F1	类别概念									生产分类=硝化甘油或其他 醇类硝酸酯；危险工作间名称=分离	ROOT	2 | 硝化甘油或其他 醇类硝酸酯 | 硝化甘油或其他 醇类硝酸酯 | 硝化甘油或其他 醇类硝酸酯 | 硝化甘油或其他 醇类硝酸酯 | 硝化、分离、洗涤、接料、称量、废品处置、输送封闭通廊 | F1	0.96
test	关系事实	table_risk_mapping_rule	风险辨识	ROOT	table_2#行5	废品处置	位置部位实例	危险区域	F1	类别概念									生产分类=硝化甘油或其他 醇类硝酸酯；危险工作间名称=废品处置	ROOT	2 | 硝化甘油或其他 醇类硝酸酯 | 硝化甘油或其他 醇类硝酸酯 | 硝化甘油或其他 醇类硝酸酯 | 硝化甘油或其他 醇类硝酸酯 | 硝化、分离、洗涤、接料、称量、废品处置、输送封闭通廊 | F1	0.96
test	关系事实	table_risk_mapping_rule	风险辨识	ROOT	table_2#行5	接料	位置部位实例	危险区域	F1	类别概念									生产分类=硝化甘油或其他 醇类硝酸酯；危险工作间名称=接料	ROOT	2 | 硝化甘油或其他 醇类硝酸酯 | 硝化甘油或其他 醇类硝酸酯 | 硝化甘油或其他 醇类硝酸酯 | 硝化甘油或其他 醇类硝酸酯 | 硝化、分离、洗涤、接料、称量、废品处置、输送封闭通廊 | F1	0.96
test	关系事实	table_risk_mapping_rule	风险辨识	ROOT	table_2#行5	洗涤	位置部位实例	危险区域	F1	类别概念									生产分类=硝化甘油或其他 醇类硝酸酯；危险工作间名称=洗涤	ROOT	2 | 硝化甘油或其他 醇类硝酸酯 | 硝化甘油或其他 醇类硝酸酯 | 硝化甘油或其他 醇类硝酸酯 | 硝化甘油或其他 醇类硝酸酯 | 硝化、分离、洗涤、接料、称量、废品处置、输送封闭通廊 | F1	0.96
test	关系事实	table_risk_mapping_rule	风险辨识	ROOT	table_2#行5	硝化	位置部位实例	危险区域	F1	类别概念									生产分类=硝化甘油或其他 醇类硝酸酯；危险工作间名称=硝化	ROOT	2 | 硝化甘油或其他 醇类硝酸酯 | 硝化甘油或其他 醇类硝酸酯 | 硝化甘油或其他 醇类硝酸酯 | 硝化甘油或其他 醇类硝酸酯 | 硝化、分离、洗涤、接料、称量、废品处置、输送封闭通廊 | F1	0.96
test	关系事实	table_risk_mapping_rule	风险辨识	ROOT	table_2#行5	硝化甘油或其他醇类硝酸酯	类别概念	危险工作间名称	硝化	位置部位实例									生产分类=硝化甘油或其他 醇类硝酸酯	ROOT	2 | 硝化甘油或其他 醇类硝酸酯 | 硝化甘油或其他 醇类硝酸酯 | 硝化甘油或其他 醇类硝酸酯 | 硝化甘油或其他 醇类硝酸酯 | 硝化、分离、洗涤、接料、称量、废品处置、输送封闭通廊 | F1	0.96
test	关系事实	table_risk_mapping_rule	风险辨识	ROOT	table_2#行5	硝化甘油或其他醇类硝酸酯	类别概念	危险工作间名称	分离	位置部位实例									生产分类=硝化甘油或其他 醇类硝酸酯	ROOT	2 | 硝化甘油或其他 醇类硝酸酯 | 硝化甘油或其他 醇类硝酸酯 | 硝化甘油或其他 醇类硝酸酯 | 硝化甘油或其他 醇类硝酸酯 | 硝化、分离、洗涤、接料、称量、废品处置、输送封闭通廊 | F1	0.96
test	关系事实	table_risk_mapping_rule	风险辨识	ROOT	table_2#行5	硝化甘油或其他醇类硝酸酯	类别概念	危险工作间名称	洗涤	位置部位实例									生产分类=硝化甘油或其他 醇类硝酸酯	ROOT	2 | 硝化甘油或其他 醇类硝酸酯 | 硝化甘油或其他 醇类硝酸酯 | 硝化甘油或其他 醇类硝酸酯 | 硝化甘油或其他 醇类硝酸酯 | 硝化、分离、洗涤、接料、称量、废品处置、输送封闭通廊 | F1	0.96
test	关系事实	table_risk_mapping_rule	风险辨识	ROOT	table_2#行5	硝化甘油或其他醇类硝酸酯	类别概念	危险工作间名称	接料	位置部位实例									生产分类=硝化甘油或其他 醇类硝酸酯	ROOT	2 | 硝化甘油或其他 醇类硝酸酯 | 硝化甘油或其他 醇类硝酸酯 | 硝化甘油或其他 醇类硝酸酯 | 硝化甘油或其他 醇类硝酸酯 | 硝化、分离、洗涤、接料、称量、废品处置、输送封闭通廊 | F1	0.96
test	关系事实	table_risk_mapping_rule	风险辨识	ROOT	table_2#行5	硝化甘油或其他醇类硝酸酯	类别概念	危险工作间名称	称量	位置部位实例									生产分类=硝化甘油或其他 醇类硝酸酯	ROOT	2 | 硝化甘油或其他 醇类硝酸酯 | 硝化甘油或其他 醇类硝酸酯 | 硝化甘油或其他 醇类硝酸酯 | 硝化甘油或其他 醇类硝酸酯 | 硝化、分离、洗涤、接料、称量、废品处置、输送封闭通廊 | F1	0.96
test	关系事实	table_risk_mapping_rule	风险辨识	ROOT	table_2#行5	硝化甘油或其他醇类硝酸酯	类别概念	危险工作间名称	废品处置	位置部位实例									生产分类=硝化甘油或其他 醇类硝酸酯	ROOT	2 | 硝化甘油或其他 醇类硝酸酯 | 硝化甘油或其他 醇类硝酸酯 | 硝化甘油或其他 醇类硝酸酯 | 硝化甘油或其他 醇类硝酸酯 | 硝化、分离、洗涤、接料、称量、废品处置、输送封闭通廊 | F1	0.96
test	关系事实	table_risk_mapping_rule	风险辨识	ROOT	table_2#行5	硝化甘油或其他醇类硝酸酯	类别概念	危险工作间名称	输送封闭通廊	位置部位实例									生产分类=硝化甘油或其他 醇类硝酸酯	ROOT	2 | 硝化甘油或其他 醇类硝酸酯 | 硝化甘油或其他 醇类硝酸酯 | 硝化甘油或其他 醇类硝酸酯 | 硝化甘油或其他 醇类硝酸酯 | 硝化、分离、洗涤、接料、称量、废品处置、输送封闭通廊 | F1	0.96
test	属性事实	table_risk_mapping_rule	风险辨识	ROOT	table_2#行5	硝化甘油或其他醇类硝酸酯	类别概念	生产分类	硝化甘油或其他 醇类硝酸酯	作业信息					文本描述					ROOT	2 | 硝化甘油或其他 醇类硝酸酯 | 硝化甘油或其他 醇类硝酸酯 | 硝化甘油或其他 醇类硝酸酯 | 硝化甘油或其他 醇类硝酸酯 | 硝化、分离、洗涤、接料、称量、废品处置、输送封闭通廊 | F1	0.96
test	关系事实	table_risk_mapping_rule	风险辨识	ROOT	table_2#行5	硝酸钾干燥	位置部位实例	危险区域	F2	类别概念									生产分类=黑火药；危险工作间名称=硝酸钾干燥	ROOT	16 | 黑火药 | 黑火药 | 黑火药 | 黑火药 | 硫碳二成份混合、硝酸钾干燥、粉碎 | F2	0.96
test	关系事实	table_risk_mapping_rule	风险辨识	ROOT	table_2#行5	硫碳二成份混合	位置部位实例	危险区域	F2	类别概念									生产分类=黑火药；危险工作间名称=硫碳二成份混合	ROOT	16 | 黑火药 | 黑火药 | 黑火药 | 黑火药 | 硫碳二成份混合、硝酸钾干燥、粉碎 | F2	0.96
test	关系事实	table_risk_mapping_rule	风险辨识	ROOT	table_2#行5	称量	位置部位实例	危险区域	F1	类别概念									生产分类=硝化甘油或其他 醇类硝酸酯；危险工作间名称=称量	ROOT	2 | 硝化甘油或其他 醇类硝酸酯 | 硝化甘油或其他 醇类硝酸酯 | 硝化甘油或其他 醇类硝酸酯 | 硝化甘油或其他 醇类硝酸酯 | 硝化、分离、洗涤、接料、称量、废品处置、输送封闭通廊 | F1	0.96
test	关系事实	table_risk_mapping_rule	风险辨识	ROOT	table_2#行5	粉碎	位置部位实例	危险区域	F2	类别概念									生产分类=黑火药；危险工作间名称=粉碎	ROOT	16 | 黑火药 | 黑火药 | 黑火药 | 黑火药 | 硫碳二成份混合、硝酸钾干燥、粉碎 | F2	0.96
test	关系事实	table_risk_mapping_rule	风险辨识	ROOT	table_2#行5	输送封闭通廊	位置部位实例	危险区域	F1	类别概念									生产分类=硝化甘油或其他 醇类硝酸酯；危险工作间名称=输送封闭通廊	ROOT	2 | 硝化甘油或其他 醇类硝酸酯 | 硝化甘油或其他 醇类硝酸酯 | 硝化甘油或其他 醇类硝酸酯 | 硝化甘油或其他 醇类硝酸酯 | 硝化、分离、洗涤、接料、称量、废品处置、输送封闭通廊 | F1	0.96
test	关系事实	table_risk_mapping_rule	风险辨识	ROOT	table_2#行5	黑火药	类别概念	危险工作间名称	硫碳二成份混合	位置部位实例									生产分类=黑火药	ROOT	16 | 黑火药 | 黑火药 | 黑火药 | 黑火药 | 硫碳二成份混合、硝酸钾干燥、粉碎 | F2	0.96
test	关系事实	table_risk_mapping_rule	风险辨识	ROOT	table_2#行5	黑火药	类别概念	危险工作间名称	硝酸钾干燥	位置部位实例									生产分类=黑火药	ROOT	16 | 黑火药 | 黑火药 | 黑火药 | 黑火药 | 硫碳二成份混合、硝酸钾干燥、粉碎 | F2	0.96
test	关系事实	table_risk_mapping_rule	风险辨识	ROOT	table_2#行5	黑火药	类别概念	危险工作间名称	粉碎	位置部位实例									生产分类=黑火药	ROOT	16 | 黑火药 | 黑火药 | 黑火药 | 黑火药 | 硫碳二成份混合、硝酸钾干燥、粉碎 | F2	0.96
test	关系事实	table_risk_mapping_rule	风险辨识	ROOT	table_2#行51	三成分混合	位置部位实例	危险区域	F0	类别概念									生产分类=黑火药；危险工作间名称=三成分混合	ROOT	16 | 黑火药 | 黑火药 | 黑火药 | 黑火药 | 三成分混合，筛分、潮药包药、药饼压制、拆袋打片、 造粒、光药、除粉、选粒、混同、包装 | F0	0.96
test	关系事实	table_risk_mapping_rule	风险辨识	ROOT	table_2#行51	光药	位置部位实例	危险区域	F0	类别概念									生产分类=黑火药；危险工作间名称=光药	ROOT	16 | 黑火药 | 黑火药 | 黑火药 | 黑火药 | 三成分混合，筛分、潮药包药、药饼压制、拆袋打片、 造粒、光药、除粉、选粒、混同、包装 | F0	0.96
test	关系事实	table_risk_mapping_rule	风险辨识	ROOT	table_2#行51	包装	位置部位实例	危险区域	F0	类别概念									生产分类=黑火药；危险工作间名称=包装	ROOT	16 | 黑火药 | 黑火药 | 黑火药 | 黑火药 | 三成分混合，筛分、潮药包药、药饼压制、拆袋打片、 造粒、光药、除粉、选粒、混同、包装 | F0	0.96
test	关系事实	table_risk_mapping_rule	风险辨识	ROOT	table_2#行51	拆袋打片	位置部位实例	危险区域	F0	类别概念									生产分类=黑火药；危险工作间名称=拆袋打片	ROOT	16 | 黑火药 | 黑火药 | 黑火药 | 黑火药 | 三成分混合，筛分、潮药包药、药饼压制、拆袋打片、 造粒、光药、除粉、选粒、混同、包装 | F0	0.96
test	关系事实	table_risk_mapping_rule	风险辨识	ROOT	table_2#行51	混同	位置部位实例	危险区域	F0	类别概念									生产分类=黑火药；危险工作间名称=混同	ROOT	16 | 黑火药 | 黑火药 | 黑火药 | 黑火药 | 三成分混合，筛分、潮药包药、药饼压制、拆袋打片、 造粒、光药、除粉、选粒、混同、包装 | F0	0.96
test	关系事实	table_risk_mapping_rule	风险辨识	ROOT	table_2#行51	潮药包药	位置部位实例	危险区域	F0	类别概念									生产分类=黑火药；危险工作间名称=潮药包药	ROOT	16 | 黑火药 | 黑火药 | 黑火药 | 黑火药 | 三成分混合，筛分、潮药包药、药饼压制、拆袋打片、 造粒、光药、除粉、选粒、混同、包装 | F0	0.96
test	关系事实	table_risk_mapping_rule	风险辨识	ROOT	table_2#行51	筛分	位置部位实例	危险区域	F0	类别概念									生产分类=黑火药；危险工作间名称=筛分	ROOT	16 | 黑火药 | 黑火药 | 黑火药 | 黑火药 | 三成分混合，筛分、潮药包药、药饼压制、拆袋打片、 造粒、光药、除粉、选粒、混同、包装 | F0	0.96
test	关系事实	table_risk_mapping_rule	风险辨识	ROOT	table_2#行51	药饼压制	位置部位实例	危险区域	F0	类别概念									生产分类=黑火药；危险工作间名称=药饼压制	ROOT	16 | 黑火药 | 黑火药 | 黑火药 | 黑火药 | 三成分混合，筛分、潮药包药、药饼压制、拆袋打片、 造粒、光药、除粉、选粒、混同、包装 | F0	0.96
test	关系事实	table_risk_mapping_rule	风险辨识	ROOT	table_2#行51	选粒	位置部位实例	危险区域	F0	类别概念									生产分类=黑火药；危险工作间名称=选粒	ROOT	16 | 黑火药 | 黑火药 | 黑火药 | 黑火药 | 三成分混合，筛分、潮药包药、药饼压制、拆袋打片、 造粒、光药、除粉、选粒、混同、包装 | F0	0.96
test	关系事实	table_risk_mapping_rule	风险辨识	ROOT	table_2#行51	造粒	位置部位实例	危险区域	F0	类别概念									生产分类=黑火药；危险工作间名称=造粒	ROOT	16 | 黑火药 | 黑火药 | 黑火药 | 黑火药 | 三成分混合，筛分、潮药包药、药饼压制、拆袋打片、 造粒、光药、除粉、选粒、混同、包装 | F0	0.96
test	关系事实	table_risk_mapping_rule	风险辨识	ROOT	table_2#行51	除粉	位置部位实例	危险区域	F0	类别概念									生产分类=黑火药；危险工作间名称=除粉	ROOT	16 | 黑火药 | 黑火药 | 黑火药 | 黑火药 | 三成分混合，筛分、潮药包药、药饼压制、拆袋打片、 造粒、光药、除粉、选粒、混同、包装 | F0	0.96
test	关系事实	table_risk_mapping_rule	风险辨识	ROOT	table_2#行51	黑火药	类别概念	危险工作间名称	三成分混合	位置部位实例									生产分类=黑火药	ROOT	16 | 黑火药 | 黑火药 | 黑火药 | 黑火药 | 三成分混合，筛分、潮药包药、药饼压制、拆袋打片、 造粒、光药、除粉、选粒、混同、包装 | F0	0.96
test	关系事实	table_risk_mapping_rule	风险辨识	ROOT	table_2#行51	黑火药	类别概念	危险工作间名称	筛分	位置部位实例									生产分类=黑火药	ROOT	16 | 黑火药 | 黑火药 | 黑火药 | 黑火药 | 三成分混合，筛分、潮药包药、药饼压制、拆袋打片、 造粒、光药、除粉、选粒、混同、包装 | F0	0.96
test	关系事实	table_risk_mapping_rule	风险辨识	ROOT	table_2#行51	黑火药	类别概念	危险工作间名称	潮药包药	位置部位实例									生产分类=黑火药	ROOT	16 | 黑火药 | 黑火药 | 黑火药 | 黑火药 | 三成分混合，筛分、潮药包药、药饼压制、拆袋打片、 造粒、光药、除粉、选粒、混同、包装 | F0	0.96
test	关系事实	table_risk_mapping_rule	风险辨识	ROOT	table_2#行51	黑火药	类别概念	危险工作间名称	药饼压制	位置部位实例									生产分类=黑火药	ROOT	16 | 黑火药 | 黑火药 | 黑火药 | 黑火药 | 三成分混合，筛分、潮药包药、药饼压制、拆袋打片、 造粒、光药、除粉、选粒、混同、包装 | F0	0.96
test	关系事实	table_risk_mapping_rule	风险辨识	ROOT	table_2#行51	黑火药	类别概念	危险工作间名称	拆袋打片	位置部位实例									生产分类=黑火药	ROOT	16 | 黑火药 | 黑火药 | 黑火药 | 黑火药 | 三成分混合，筛分、潮药包药、药饼压制、拆袋打片、 造粒、光药、除粉、选粒、混同、包装 | F0	0.96
test	关系事实	table_risk_mapping_rule	风险辨识	ROOT	table_2#行51	黑火药	类别概念	危险工作间名称	造粒	位置部位实例									生产分类=黑火药	ROOT	16 | 黑火药 | 黑火药 | 黑火药 | 黑火药 | 三成分混合，筛分、潮药包药、药饼压制、拆袋打片、 造粒、光药、除粉、选粒、混同、包装 | F0	0.96
test	关系事实	table_risk_mapping_rule	风险辨识	ROOT	table_2#行51	黑火药	类别概念	危险工作间名称	光药	位置部位实例									生产分类=黑火药	ROOT	16 | 黑火药 | 黑火药 | 黑火药 | 黑火药 | 三成分混合，筛分、潮药包药、药饼压制、拆袋打片、 造粒、光药、除粉、选粒、混同、包装 | F0	0.96
test	关系事实	table_risk_mapping_rule	风险辨识	ROOT	table_2#行51	黑火药	类别概念	危险工作间名称	除粉	位置部位实例									生产分类=黑火药	ROOT	16 | 黑火药 | 黑火药 | 黑火药 | 黑火药 | 三成分混合，筛分、潮药包药、药饼压制、拆袋打片、 造粒、光药、除粉、选粒、混同、包装 | F0	0.96
test	关系事实	table_risk_mapping_rule	风险辨识	ROOT	table_2#行51	黑火药	类别概念	危险工作间名称	选粒	位置部位实例									生产分类=黑火药	ROOT	16 | 黑火药 | 黑火药 | 黑火药 | 黑火药 | 三成分混合，筛分、潮药包药、药饼压制、拆袋打片、 造粒、光药、除粉、选粒、混同、包装 | F0	0.96
test	关系事实	table_risk_mapping_rule	风险辨识	ROOT	table_2#行51	黑火药	类别概念	危险工作间名称	混同	位置部位实例									生产分类=黑火药	ROOT	16 | 黑火药 | 黑火药 | 黑火药 | 黑火药 | 三成分混合，筛分、潮药包药、药饼压制、拆袋打片、 造粒、光药、除粉、选粒、混同、包装 | F0	0.96
test	关系事实	table_risk_mapping_rule	风险辨识	ROOT	table_2#行51	黑火药	类别概念	危险工作间名称	包装	位置部位实例									生产分类=黑火药	ROOT	16 | 黑火药 | 黑火药 | 黑火药 | 黑火药 | 三成分混合，筛分、潮药包药、药饼压制、拆袋打片、 造粒、光药、除粉、选粒、混同、包装 | F0	0.96
test	关系事实	table_risk_mapping_rule	风险辨识	ROOT	table_2#行52	干燥	位置部位实例	危险区域	F2	类别概念									生产分类=烟火药(燃烧剂、曳光剂、引(点)火药等)；危险工作间名称=干燥	ROOT	17 | 烟火药(燃烧剂、曳光剂、引(点)火药等) | 烟火药(燃烧剂、曳光剂、引(点)火药等) | 烟火药(燃烧剂、曳光剂、引(点)火药等) | 烟火药(燃烧剂、曳光剂、引(点)火药等) | 氧化剂的准备、称量、干燥、粉碎、筛选 | F2	0.96
test	关系事实	table_risk_mapping_rule	风险辨识	ROOT	table_2#行52	氧化剂的准备	位置部位实例	危险区域	F2	类别概念									生产分类=烟火药(燃烧剂、曳光剂、引(点)火药等)；危险工作间名称=氧化剂的准备	ROOT	17 | 烟火药(燃烧剂、曳光剂、引(点)火药等) | 烟火药(燃烧剂、曳光剂、引(点)火药等) | 烟火药(燃烧剂、曳光剂、引(点)火药等) | 烟火药(燃烧剂、曳光剂、引(点)火药等) | 氧化剂的准备、称量、干燥、粉碎、筛选 | F2	0.96
test	关系事实	table_risk_mapping_rule	风险辨识	ROOT	table_2#行52	烟火药(燃烧剂、曳光剂、引(点)火药等)	类别概念	危险工作间名称	氧化剂的准备	位置部位实例									生产分类=烟火药(燃烧剂、曳光剂、引(点)火药等)	ROOT	17 | 烟火药(燃烧剂、曳光剂、引(点)火药等) | 烟火药(燃烧剂、曳光剂、引(点)火药等) | 烟火药(燃烧剂、曳光剂、引(点)火药等) | 烟火药(燃烧剂、曳光剂、引(点)火药等) | 氧化剂的准备、称量、干燥、粉碎、筛选 | F2	0.96
test	关系事实	table_risk_mapping_rule	风险辨识	ROOT	table_2#行52	烟火药(燃烧剂、曳光剂、引(点)火药等)	类别概念	危险工作间名称	称量	位置部位实例									生产分类=烟火药(燃烧剂、曳光剂、引(点)火药等)	ROOT	17 | 烟火药(燃烧剂、曳光剂、引(点)火药等) | 烟火药(燃烧剂、曳光剂、引(点)火药等) | 烟火药(燃烧剂、曳光剂、引(点)火药等) | 烟火药(燃烧剂、曳光剂、引(点)火药等) | 氧化剂的准备、称量、干燥、粉碎、筛选 | F2	0.96
test	关系事实	table_risk_mapping_rule	风险辨识	ROOT	table_2#行52	烟火药(燃烧剂、曳光剂、引(点)火药等)	类别概念	危险工作间名称	干燥	位置部位实例									生产分类=烟火药(燃烧剂、曳光剂、引(点)火药等)	ROOT	17 | 烟火药(燃烧剂、曳光剂、引(点)火药等) | 烟火药(燃烧剂、曳光剂、引(点)火药等) | 烟火药(燃烧剂、曳光剂、引(点)火药等) | 烟火药(燃烧剂、曳光剂、引(点)火药等) | 氧化剂的准备、称量、干燥、粉碎、筛选 | F2	0.96
test	关系事实	table_risk_mapping_rule	风险辨识	ROOT	table_2#行52	烟火药(燃烧剂、曳光剂、引(点)火药等)	类别概念	危险工作间名称	粉碎	位置部位实例									生产分类=烟火药(燃烧剂、曳光剂、引(点)火药等)	ROOT	17 | 烟火药(燃烧剂、曳光剂、引(点)火药等) | 烟火药(燃烧剂、曳光剂、引(点)火药等) | 烟火药(燃烧剂、曳光剂、引(点)火药等) | 烟火药(燃烧剂、曳光剂、引(点)火药等) | 氧化剂的准备、称量、干燥、粉碎、筛选 | F2	0.96
test	关系事实	table_risk_mapping_rule	风险辨识	ROOT	table_2#行52	烟火药(燃烧剂、曳光剂、引(点)火药等)	类别概念	危险工作间名称	筛选	位置部位实例									生产分类=烟火药(燃烧剂、曳光剂、引(点)火药等)	ROOT	17 | 烟火药(燃烧剂、曳光剂、引(点)火药等) | 烟火药(燃烧剂、曳光剂、引(点)火药等) | 烟火药(燃烧剂、曳光剂、引(点)火药等) | 烟火药(燃烧剂、曳光剂、引(点)火药等) | 氧化剂的准备、称量、干燥、粉碎、筛选 | F2	0.96
test	关系事实	table_risk_mapping_rule	风险辨识	ROOT	table_2#行52	称量	位置部位实例	危险区域	F2	类别概念									生产分类=烟火药(燃烧剂、曳光剂、引(点)火药等)；危险工作间名称=称量	ROOT	17 | 烟火药(燃烧剂、曳光剂、引(点)火药等) | 烟火药(燃烧剂、曳光剂、引(点)火药等) | 烟火药(燃烧剂、曳光剂、引(点)火药等) | 烟火药(燃烧剂、曳光剂、引(点)火药等) | 氧化剂的准备、称量、干燥、粉碎、筛选 | F2	0.96
test	关系事实	table_risk_mapping_rule	风险辨识	ROOT	table_2#行52	筛选	位置部位实例	危险区域	F2	类别概念									生产分类=烟火药(燃烧剂、曳光剂、引(点)火药等)；危险工作间名称=筛选	ROOT	17 | 烟火药(燃烧剂、曳光剂、引(点)火药等) | 烟火药(燃烧剂、曳光剂、引(点)火药等) | 烟火药(燃烧剂、曳光剂、引(点)火药等) | 烟火药(燃烧剂、曳光剂、引(点)火药等) | 氧化剂的准备、称量、干燥、粉碎、筛选 | F2	0.96
test	关系事实	table_risk_mapping_rule	风险辨识	ROOT	table_2#行52	粉碎	位置部位实例	危险区域	F2	类别概念									生产分类=烟火药(燃烧剂、曳光剂、引(点)火药等)；危险工作间名称=粉碎	ROOT	17 | 烟火药(燃烧剂、曳光剂、引(点)火药等) | 烟火药(燃烧剂、曳光剂、引(点)火药等) | 烟火药(燃烧剂、曳光剂、引(点)火药等) | 烟火药(燃烧剂、曳光剂、引(点)火药等) | 氧化剂的准备、称量、干燥、粉碎、筛选 | F2	0.96
test	关系事实	table_risk_mapping_rule	风险辨识	ROOT	table_2#行53	压制	位置部位实例	危险区域	F1	类别概念									生产分类=烟火药(燃烧剂、曳光剂、引(点)火药等)；危险工作间名称=压制	ROOT	17 | 烟火药(燃烧剂、曳光剂、引(点)火药等) | 烟火药(燃烧剂、曳光剂、引(点)火药等) | 烟火药(燃烧剂、曳光剂、引(点)火药等) | 烟火药(燃烧剂、曳光剂、引(点)火药等) | 混药、造粒、干燥、筛选、压制 | F1	0.96
test	关系事实	table_risk_mapping_rule	风险辨识	ROOT	table_2#行53	干燥	位置部位实例	危险区域	F1	类别概念									生产分类=烟火药(燃烧剂、曳光剂、引(点)火药等)；危险工作间名称=干燥	ROOT	17 | 烟火药(燃烧剂、曳光剂、引(点)火药等) | 烟火药(燃烧剂、曳光剂、引(点)火药等) | 烟火药(燃烧剂、曳光剂、引(点)火药等) | 烟火药(燃烧剂、曳光剂、引(点)火药等) | 混药、造粒、干燥、筛选、压制 | F1	0.96
test	关系事实	table_risk_mapping_rule	风险辨识	ROOT	table_2#行53	混药	位置部位实例	危险区域	F1	类别概念									生产分类=烟火药(燃烧剂、曳光剂、引(点)火药等)；危险工作间名称=混药	ROOT	17 | 烟火药(燃烧剂、曳光剂、引(点)火药等) | 烟火药(燃烧剂、曳光剂、引(点)火药等) | 烟火药(燃烧剂、曳光剂、引(点)火药等) | 烟火药(燃烧剂、曳光剂、引(点)火药等) | 混药、造粒、干燥、筛选、压制 | F1	0.96
test	关系事实	table_risk_mapping_rule	风险辨识	ROOT	table_2#行53	烟火药(燃烧剂、曳光剂、引(点)火药等)	类别概念	危险工作间名称	混药	位置部位实例									生产分类=烟火药(燃烧剂、曳光剂、引(点)火药等)	ROOT	17 | 烟火药(燃烧剂、曳光剂、引(点)火药等) | 烟火药(燃烧剂、曳光剂、引(点)火药等) | 烟火药(燃烧剂、曳光剂、引(点)火药等) | 烟火药(燃烧剂、曳光剂、引(点)火药等) | 混药、造粒、干燥、筛选、压制 | F1	0.96
test	关系事实	table_risk_mapping_rule	风险辨识	ROOT	table_2#行53	烟火药(燃烧剂、曳光剂、引(点)火药等)	类别概念	危险工作间名称	造粒	位置部位实例									生产分类=烟火药(燃烧剂、曳光剂、引(点)火药等)	ROOT	17 | 烟火药(燃烧剂、曳光剂、引(点)火药等) | 烟火药(燃烧剂、曳光剂、引(点)火药等) | 烟火药(燃烧剂、曳光剂、引(点)火药等) | 烟火药(燃烧剂、曳光剂、引(点)火药等) | 混药、造粒、干燥、筛选、压制 | F1	0.96
test	关系事实	table_risk_mapping_rule	风险辨识	ROOT	table_2#行53	烟火药(燃烧剂、曳光剂、引(点)火药等)	类别概念	危险工作间名称	压制	位置部位实例									生产分类=烟火药(燃烧剂、曳光剂、引(点)火药等)	ROOT	17 | 烟火药(燃烧剂、曳光剂、引(点)火药等) | 烟火药(燃烧剂、曳光剂、引(点)火药等) | 烟火药(燃烧剂、曳光剂、引(点)火药等) | 烟火药(燃烧剂、曳光剂、引(点)火药等) | 混药、造粒、干燥、筛选、压制 | F1	0.96
test	关系事实	table_risk_mapping_rule	风险辨识	ROOT	table_2#行53	筛选	位置部位实例	危险区域	F1	类别概念									生产分类=烟火药(燃烧剂、曳光剂、引(点)火药等)；危险工作间名称=筛选	ROOT	17 | 烟火药(燃烧剂、曳光剂、引(点)火药等) | 烟火药(燃烧剂、曳光剂、引(点)火药等) | 烟火药(燃烧剂、曳光剂、引(点)火药等) | 烟火药(燃烧剂、曳光剂、引(点)火药等) | 混药、造粒、干燥、筛选、压制 | F1	0.96
test	关系事实	table_risk_mapping_rule	风险辨识	ROOT	table_2#行53	造粒	位置部位实例	危险区域	F1	类别概念									生产分类=烟火药(燃烧剂、曳光剂、引(点)火药等)；危险工作间名称=造粒	ROOT	17 | 烟火药(燃烧剂、曳光剂、引(点)火药等) | 烟火药(燃烧剂、曳光剂、引(点)火药等) | 烟火药(燃烧剂、曳光剂、引(点)火药等) | 烟火药(燃烧剂、曳光剂、引(点)火药等) | 混药、造粒、干燥、筛选、压制 | F1	0.96
test	关系事实	table_risk_mapping_rule	风险辨识	ROOT	table_2#行54	氮化钠制造	位置部位实例	危险区域	F2	类别概念									生产分类=起爆药；危险工作间名称=氮化钠制造	ROOT	18 | 起爆药 | 起爆药 | 起爆药 | 起爆药 | 氮化钠制造 | F2	0.96
test	关系事实	table_risk_mapping_rule	风险辨识	ROOT	table_2#行54	起爆药	类别概念	危险工作间名称	氮化钠制造	位置部位实例									生产分类=起爆药	ROOT	18 | 起爆药 | 起爆药 | 起爆药 | 起爆药 | 氮化钠制造 | F2	0.96
test	关系事实	table_risk_mapping_rule	风险辨识	ROOT	table_2#行55	干燥	位置部位实例	危险区域	F2	类别概念									生产分类=起爆药；危险工作间名称=干燥	ROOT	18 | 起爆药 | 起爆药 | 起爆药 | 起爆药 | 氧化剂粉碎、干燥、筛选 | F2	0.96
test	关系事实	table_risk_mapping_rule	风险辨识	ROOT	table_2#行55	氧化剂粉碎	位置部位实例	危险区域	F2	类别概念									生产分类=起爆药；危险工作间名称=氧化剂粉碎	ROOT	18 | 起爆药 | 起爆药 | 起爆药 | 起爆药 | 氧化剂粉碎、干燥、筛选 | F2	0.96
test	关系事实	table_risk_mapping_rule	风险辨识	ROOT	table_2#行55	筛选	位置部位实例	危险区域	F2	类别概念									生产分类=起爆药；危险工作间名称=筛选	ROOT	18 | 起爆药 | 起爆药 | 起爆药 | 起爆药 | 氧化剂粉碎、干燥、筛选 | F2	0.96
test	关系事实	table_risk_mapping_rule	风险辨识	ROOT	table_2#行55	起爆药	类别概念	危险工作间名称	氧化剂粉碎	位置部位实例									生产分类=起爆药	ROOT	18 | 起爆药 | 起爆药 | 起爆药 | 起爆药 | 氧化剂粉碎、干燥、筛选 | F2	0.96
test	关系事实	table_risk_mapping_rule	风险辨识	ROOT	table_2#行55	起爆药	类别概念	危险工作间名称	干燥	位置部位实例									生产分类=起爆药	ROOT	18 | 起爆药 | 起爆药 | 起爆药 | 起爆药 | 氧化剂粉碎、干燥、筛选 | F2	0.96
test	关系事实	table_risk_mapping_rule	风险辨识	ROOT	table_2#行55	起爆药	类别概念	危险工作间名称	筛选	位置部位实例									生产分类=起爆药	ROOT	18 | 起爆药 | 起爆药 | 起爆药 | 起爆药 | 氧化剂粉碎、干燥、筛选 | F2	0.96
test	关系事实	table_risk_mapping_rule	风险辨识	ROOT	table_2#行56	三硝基间苯二酚的制造	位置部位实例	危险区域	F1	类别概念									生产分类=起爆药；危险工作间名称=三硝基间苯二酚的制造	ROOT	18 | 起爆药 | 起爆药 | 起爆药 | 起爆药 | 二硝基重氮酚、三硝基间苯二酚的制造，氮化铅、三硝基间苯二酚铅、四氮烯等单体起爆药的化合、水洗、抽滤、烘干或真空干燥、装盒，混合起爆药(击发药、针刺药、拉火药、点火药)的混合 | F1	0.96
test	关系事实	table_risk_mapping_rule	风险辨识	ROOT	table_2#行56	三硝基间苯二酚铅	位置部位实例	危险区域	F1	类别概念									生产分类=起爆药；危险工作间名称=三硝基间苯二酚铅	ROOT	18 | 起爆药 | 起爆药 | 起爆药 | 起爆药 | 二硝基重氮酚、三硝基间苯二酚的制造，氮化铅、三硝基间苯二酚铅、四氮烯等单体起爆药的化合、水洗、抽滤、烘干或真空干燥、装盒，混合起爆药(击发药、针刺药、拉火药、点火药)的混合 | F1	0.96
test	关系事实	table_risk_mapping_rule	风险辨识	ROOT	table_2#行56	二硝基重氮酚	位置部位实例	危险区域	F1	类别概念									生产分类=起爆药；危险工作间名称=二硝基重氮酚	ROOT	18 | 起爆药 | 起爆药 | 起爆药 | 起爆药 | 二硝基重氮酚、三硝基间苯二酚的制造，氮化铅、三硝基间苯二酚铅、四氮烯等单体起爆药的化合、水洗、抽滤、烘干或真空干燥、装盒，混合起爆药(击发药、针刺药、拉火药、点火药)的混合 | F1	0.96
test	关系事实	table_risk_mapping_rule	风险辨识	ROOT	table_2#行56	四氮烯等单体起爆药的化合	位置部位实例	危险区域	F1	类别概念									生产分类=起爆药；危险工作间名称=四氮烯等单体起爆药的化合	ROOT	18 | 起爆药 | 起爆药 | 起爆药 | 起爆药 | 二硝基重氮酚、三硝基间苯二酚的制造，氮化铅、三硝基间苯二酚铅、四氮烯等单体起爆药的化合、水洗、抽滤、烘干或真空干燥、装盒，混合起爆药(击发药、针刺药、拉火药、点火药)的混合 | F1	0.96
test	关系事实	table_risk_mapping_rule	风险辨识	ROOT	table_2#行56	抽滤	位置部位实例	危险区域	F1	类别概念									生产分类=起爆药；危险工作间名称=抽滤	ROOT	18 | 起爆药 | 起爆药 | 起爆药 | 起爆药 | 二硝基重氮酚、三硝基间苯二酚的制造，氮化铅、三硝基间苯二酚铅、四氮烯等单体起爆药的化合、水洗、抽滤、烘干或真空干燥、装盒，混合起爆药(击发药、针刺药、拉火药、点火药)的混合 | F1	0.96
test	关系事实	table_risk_mapping_rule	风险辨识	ROOT	table_2#行56	氮化铅	位置部位实例	危险区域	F1	类别概念									生产分类=起爆药；危险工作间名称=氮化铅	ROOT	18 | 起爆药 | 起爆药 | 起爆药 | 起爆药 | 二硝基重氮酚、三硝基间苯二酚的制造，氮化铅、三硝基间苯二酚铅、四氮烯等单体起爆药的化合、水洗、抽滤、烘干或真空干燥、装盒，混合起爆药(击发药、针刺药、拉火药、点火药)的混合 | F1	0.96
test	关系事实	table_risk_mapping_rule	风险辨识	ROOT	table_2#行56	水洗	位置部位实例	危险区域	F1	类别概念									生产分类=起爆药；危险工作间名称=水洗	ROOT	18 | 起爆药 | 起爆药 | 起爆药 | 起爆药 | 二硝基重氮酚、三硝基间苯二酚的制造，氮化铅、三硝基间苯二酚铅、四氮烯等单体起爆药的化合、水洗、抽滤、烘干或真空干燥、装盒，混合起爆药(击发药、针刺药、拉火药、点火药)的混合 | F1	0.96
test	关系事实	table_risk_mapping_rule	风险辨识	ROOT	table_2#行56	混合起爆药(击发药、针刺药、拉火药、点火药)的混合	位置部位实例	危险区域	F1	类别概念									生产分类=起爆药；危险工作间名称=混合起爆药(击发药、针刺药、拉火药、点火药)的混合	ROOT	18 | 起爆药 | 起爆药 | 起爆药 | 起爆药 | 二硝基重氮酚、三硝基间苯二酚的制造，氮化铅、三硝基间苯二酚铅、四氮烯等单体起爆药的化合、水洗、抽滤、烘干或真空干燥、装盒，混合起爆药(击发药、针刺药、拉火药、点火药)的混合 | F1	0.96
test	关系事实	table_risk_mapping_rule	风险辨识	ROOT	table_2#行56	烘干或真空干燥	位置部位实例	危险区域	F1	类别概念									生产分类=起爆药；危险工作间名称=烘干或真空干燥	ROOT	18 | 起爆药 | 起爆药 | 起爆药 | 起爆药 | 二硝基重氮酚、三硝基间苯二酚的制造，氮化铅、三硝基间苯二酚铅、四氮烯等单体起爆药的化合、水洗、抽滤、烘干或真空干燥、装盒，混合起爆药(击发药、针刺药、拉火药、点火药)的混合 | F1	0.96
test	关系事实	table_risk_mapping_rule	风险辨识	ROOT	table_2#行56	装盒	位置部位实例	危险区域	F1	类别概念									生产分类=起爆药；危险工作间名称=装盒	ROOT	18 | 起爆药 | 起爆药 | 起爆药 | 起爆药 | 二硝基重氮酚、三硝基间苯二酚的制造，氮化铅、三硝基间苯二酚铅、四氮烯等单体起爆药的化合、水洗、抽滤、烘干或真空干燥、装盒，混合起爆药(击发药、针刺药、拉火药、点火药)的混合 | F1	0.96
test	关系事实	table_risk_mapping_rule	风险辨识	ROOT	table_2#行56	起爆药	类别概念	危险工作间名称	二硝基重氮酚	位置部位实例									生产分类=起爆药	ROOT	18 | 起爆药 | 起爆药 | 起爆药 | 起爆药 | 二硝基重氮酚、三硝基间苯二酚的制造，氮化铅、三硝基间苯二酚铅、四氮烯等单体起爆药的化合、水洗、抽滤、烘干或真空干燥、装盒，混合起爆药(击发药、针刺药、拉火药、点火药)的混合 | F1	0.96
test	关系事实	table_risk_mapping_rule	风险辨识	ROOT	table_2#行56	起爆药	类别概念	危险工作间名称	三硝基间苯二酚的制造	位置部位实例									生产分类=起爆药	ROOT	18 | 起爆药 | 起爆药 | 起爆药 | 起爆药 | 二硝基重氮酚、三硝基间苯二酚的制造，氮化铅、三硝基间苯二酚铅、四氮烯等单体起爆药的化合、水洗、抽滤、烘干或真空干燥、装盒，混合起爆药(击发药、针刺药、拉火药、点火药)的混合 | F1	0.96
test	关系事实	table_risk_mapping_rule	风险辨识	ROOT	table_2#行56	起爆药	类别概念	危险工作间名称	氮化铅	位置部位实例									生产分类=起爆药	ROOT	18 | 起爆药 | 起爆药 | 起爆药 | 起爆药 | 二硝基重氮酚、三硝基间苯二酚的制造，氮化铅、三硝基间苯二酚铅、四氮烯等单体起爆药的化合、水洗、抽滤、烘干或真空干燥、装盒，混合起爆药(击发药、针刺药、拉火药、点火药)的混合 | F1	0.96
test	关系事实	table_risk_mapping_rule	风险辨识	ROOT	table_2#行56	起爆药	类别概念	危险工作间名称	三硝基间苯二酚铅	位置部位实例									生产分类=起爆药	ROOT	18 | 起爆药 | 起爆药 | 起爆药 | 起爆药 | 二硝基重氮酚、三硝基间苯二酚的制造，氮化铅、三硝基间苯二酚铅、四氮烯等单体起爆药的化合、水洗、抽滤、烘干或真空干燥、装盒，混合起爆药(击发药、针刺药、拉火药、点火药)的混合 | F1	0.96
test	关系事实	table_risk_mapping_rule	风险辨识	ROOT	table_2#行56	起爆药	类别概念	危险工作间名称	四氮烯等单体起爆药的化合	位置部位实例									生产分类=起爆药	ROOT	18 | 起爆药 | 起爆药 | 起爆药 | 起爆药 | 二硝基重氮酚、三硝基间苯二酚的制造，氮化铅、三硝基间苯二酚铅、四氮烯等单体起爆药的化合、水洗、抽滤、烘干或真空干燥、装盒，混合起爆药(击发药、针刺药、拉火药、点火药)的混合 | F1	0.96
test	关系事实	table_risk_mapping_rule	风险辨识	ROOT	table_2#行56	起爆药	类别概念	危险工作间名称	水洗	位置部位实例									生产分类=起爆药	ROOT	18 | 起爆药 | 起爆药 | 起爆药 | 起爆药 | 二硝基重氮酚、三硝基间苯二酚的制造，氮化铅、三硝基间苯二酚铅、四氮烯等单体起爆药的化合、水洗、抽滤、烘干或真空干燥、装盒，混合起爆药(击发药、针刺药、拉火药、点火药)的混合 | F1	0.96
test	关系事实	table_risk_mapping_rule	风险辨识	ROOT	table_2#行56	起爆药	类别概念	危险工作间名称	抽滤	位置部位实例									生产分类=起爆药	ROOT	18 | 起爆药 | 起爆药 | 起爆药 | 起爆药 | 二硝基重氮酚、三硝基间苯二酚的制造，氮化铅、三硝基间苯二酚铅、四氮烯等单体起爆药的化合、水洗、抽滤、烘干或真空干燥、装盒，混合起爆药(击发药、针刺药、拉火药、点火药)的混合 | F1	0.96
test	关系事实	table_risk_mapping_rule	风险辨识	ROOT	table_2#行56	起爆药	类别概念	危险工作间名称	烘干或真空干燥	位置部位实例									生产分类=起爆药	ROOT	18 | 起爆药 | 起爆药 | 起爆药 | 起爆药 | 二硝基重氮酚、三硝基间苯二酚的制造，氮化铅、三硝基间苯二酚铅、四氮烯等单体起爆药的化合、水洗、抽滤、烘干或真空干燥、装盒，混合起爆药(击发药、针刺药、拉火药、点火药)的混合 | F1	0.96
test	关系事实	table_risk_mapping_rule	风险辨识	ROOT	table_2#行56	起爆药	类别概念	危险工作间名称	装盒	位置部位实例									生产分类=起爆药	ROOT	18 | 起爆药 | 起爆药 | 起爆药 | 起爆药 | 二硝基重氮酚、三硝基间苯二酚的制造，氮化铅、三硝基间苯二酚铅、四氮烯等单体起爆药的化合、水洗、抽滤、烘干或真空干燥、装盒，混合起爆药(击发药、针刺药、拉火药、点火药)的混合 | F1	0.96
test	关系事实	table_risk_mapping_rule	风险辨识	ROOT	table_2#行56	起爆药	类别概念	危险工作间名称	混合起爆药(击发药、针刺药、拉火药、点火药)的混合	位置部位实例									生产分类=起爆药	ROOT	18 | 起爆药 | 起爆药 | 起爆药 | 起爆药 | 二硝基重氮酚、三硝基间苯二酚的制造，氮化铅、三硝基间苯二酚铅、四氮烯等单体起爆药的化合、水洗、抽滤、烘干或真空干燥、装盒，混合起爆药(击发药、针刺药、拉火药、点火药)的混合 | F1	0.96
test	关系事实	table_risk_mapping_rule	风险辨识	ROOT	table_2#行57	传火药盒(硝化纤维素软片制)盒体制造	位置部位实例	危险区域	F1	类别概念									生产分类=发射药管、发射药包，可燃药筒、半可燃药筒,硝化纤维素软片制的传火药盒体｜装填黑火药、发射药；危险工作间名称=传火药盒(硝化纤维素软片制)盒体制造	ROOT	19 | 发射药管、发射药包，可燃药筒、半可燃药筒,硝化纤维素软片制的传火药盒体 | 装填黑火药、发射药 | 装填黑火药、发射药 | 装填黑火药、发射药 | 发射药管(药筒)装药、蘸漆、检验、包装，药包装药、检验、包装、传火药盒(硝化纤维素软片制)盒体制造 | F1	0.96
test	关系事实	table_risk_mapping_rule	风险辨识	ROOT	table_2#行57	包装	位置部位实例	危险区域	F1	类别概念									生产分类=发射药管、发射药包，可燃药筒、半可燃药筒,硝化纤维素软片制的传火药盒体｜装填黑火药、发射药；危险工作间名称=包装	ROOT	19 | 发射药管、发射药包，可燃药筒、半可燃药筒,硝化纤维素软片制的传火药盒体 | 装填黑火药、发射药 | 装填黑火药、发射药 | 装填黑火药、发射药 | 发射药管(药筒)装药、蘸漆、检验、包装，药包装药、检验、包装、传火药盒(硝化纤维素软片制)盒体制造 | F1	0.96
test	关系事实	table_risk_mapping_rule	风险辨识	ROOT	table_2#行57	发射药管(药筒)装药	位置部位实例	危险区域	F1	类别概念									生产分类=发射药管、发射药包，可燃药筒、半可燃药筒,硝化纤维素软片制的传火药盒体｜装填黑火药、发射药；危险工作间名称=发射药管(药筒)装药	ROOT	19 | 发射药管、发射药包，可燃药筒、半可燃药筒,硝化纤维素软片制的传火药盒体 | 装填黑火药、发射药 | 装填黑火药、发射药 | 装填黑火药、发射药 | 发射药管(药筒)装药、蘸漆、检验、包装，药包装药、检验、包装、传火药盒(硝化纤维素软片制)盒体制造 | F1	0.96
test	关系事实	table_risk_mapping_rule	风险辨识	ROOT	table_2#行57	发射药管、发射药包，可燃药筒、半可燃药筒,硝化纤维素软片制的传火药盒体	类别概念	危险工作间名称	发射药管(药筒)装药	位置部位实例									生产分类=发射药管、发射药包，可燃药筒、半可燃药筒,硝化纤维素软片制的传火药盒体｜装填黑火药、发射药	ROOT	19 | 发射药管、发射药包，可燃药筒、半可燃药筒,硝化纤维素软片制的传火药盒体 | 装填黑火药、发射药 | 装填黑火药、发射药 | 装填黑火药、发射药 | 发射药管(药筒)装药、蘸漆、检验、包装，药包装药、检验、包装、传火药盒(硝化纤维素软片制)盒体制造 | F1	0.96
test	关系事实	table_risk_mapping_rule	风险辨识	ROOT	table_2#行57	发射药管、发射药包，可燃药筒、半可燃药筒,硝化纤维素软片制的传火药盒体	类别概念	危险工作间名称	蘸漆	位置部位实例									生产分类=发射药管、发射药包，可燃药筒、半可燃药筒,硝化纤维素软片制的传火药盒体｜装填黑火药、发射药	ROOT	19 | 发射药管、发射药包，可燃药筒、半可燃药筒,硝化纤维素软片制的传火药盒体 | 装填黑火药、发射药 | 装填黑火药、发射药 | 装填黑火药、发射药 | 发射药管(药筒)装药、蘸漆、检验、包装，药包装药、检验、包装、传火药盒(硝化纤维素软片制)盒体制造 | F1	0.96
test	关系事实	table_risk_mapping_rule	风险辨识	ROOT	table_2#行57	发射药管、发射药包，可燃药筒、半可燃药筒,硝化纤维素软片制的传火药盒体	类别概念	危险工作间名称	检验	位置部位实例									生产分类=发射药管、发射药包，可燃药筒、半可燃药筒,硝化纤维素软片制的传火药盒体｜装填黑火药、发射药	ROOT	19 | 发射药管、发射药包，可燃药筒、半可燃药筒,硝化纤维素软片制的传火药盒体 | 装填黑火药、发射药 | 装填黑火药、发射药 | 装填黑火药、发射药 | 发射药管(药筒)装药、蘸漆、检验、包装，药包装药、检验、包装、传火药盒(硝化纤维素软片制)盒体制造 | F1	0.96
test	关系事实	table_risk_mapping_rule	风险辨识	ROOT	table_2#行57	发射药管、发射药包，可燃药筒、半可燃药筒,硝化纤维素软片制的传火药盒体	类别概念	危险工作间名称	包装	位置部位实例									生产分类=发射药管、发射药包，可燃药筒、半可燃药筒,硝化纤维素软片制的传火药盒体｜装填黑火药、发射药	ROOT	19 | 发射药管、发射药包，可燃药筒、半可燃药筒,硝化纤维素软片制的传火药盒体 | 装填黑火药、发射药 | 装填黑火药、发射药 | 装填黑火药、发射药 | 发射药管(药筒)装药、蘸漆、检验、包装，药包装药、检验、包装、传火药盒(硝化纤维素软片制)盒体制造 | F1	0.96
test	关系事实	table_risk_mapping_rule	风险辨识	ROOT	table_2#行57	发射药管、发射药包，可燃药筒、半可燃药筒,硝化纤维素软片制的传火药盒体	类别概念	危险工作间名称	药包装药	位置部位实例									生产分类=发射药管、发射药包，可燃药筒、半可燃药筒,硝化纤维素软片制的传火药盒体｜装填黑火药、发射药	ROOT	19 | 发射药管、发射药包，可燃药筒、半可燃药筒,硝化纤维素软片制的传火药盒体 | 装填黑火药、发射药 | 装填黑火药、发射药 | 装填黑火药、发射药 | 发射药管(药筒)装药、蘸漆、检验、包装，药包装药、检验、包装、传火药盒(硝化纤维素软片制)盒体制造 | F1	0.96
test	关系事实	table_risk_mapping_rule	风险辨识	ROOT	table_2#行57	发射药管、发射药包，可燃药筒、半可燃药筒,硝化纤维素软片制的传火药盒体	类别概念	危险工作间名称	传火药盒(硝化纤维素软片制)盒体制造	位置部位实例									生产分类=发射药管、发射药包，可燃药筒、半可燃药筒,硝化纤维素软片制的传火药盒体｜装填黑火药、发射药	ROOT	19 | 发射药管、发射药包，可燃药筒、半可燃药筒,硝化纤维素软片制的传火药盒体 | 装填黑火药、发射药 | 装填黑火药、发射药 | 装填黑火药、发射药 | 发射药管(药筒)装药、蘸漆、检验、包装，药包装药、检验、包装、传火药盒(硝化纤维素软片制)盒体制造 | F1	0.96
test	属性事实	table_risk_mapping_rule	风险辨识	ROOT	table_2#行57	发射药管、发射药包，可燃药筒、半可燃药筒,硝化纤维素软片制的传火药盒体	类别概念	生产分类	发射药管、发射药包，可燃药筒、半可燃药筒,硝化纤维素软片制的传火药盒体｜装填黑火药、发射药	作业信息					文本描述					ROOT	19 | 发射药管、发射药包，可燃药筒、半可燃药筒,硝化纤维素软片制的传火药盒体 | 装填黑火药、发射药 | 装填黑火药、发射药 | 装填黑火药、发射药 | 发射药管(药筒)装药、蘸漆、检验、包装，药包装药、检验、包装、传火药盒(硝化纤维素软片制)盒体制造 | F1	0.96
test	关系事实	table_risk_mapping_rule	风险辨识	ROOT	table_2#行57	检验	位置部位实例	危险区域	F1	类别概念									生产分类=发射药管、发射药包，可燃药筒、半可燃药筒,硝化纤维素软片制的传火药盒体｜装填黑火药、发射药；危险工作间名称=检验	ROOT	19 | 发射药管、发射药包，可燃药筒、半可燃药筒,硝化纤维素软片制的传火药盒体 | 装填黑火药、发射药 | 装填黑火药、发射药 | 装填黑火药、发射药 | 发射药管(药筒)装药、蘸漆、检验、包装，药包装药、检验、包装、传火药盒(硝化纤维素软片制)盒体制造 | F1	0.96
test	关系事实	table_risk_mapping_rule	风险辨识	ROOT	table_2#行57	药包装药	位置部位实例	危险区域	F1	类别概念									生产分类=发射药管、发射药包，可燃药筒、半可燃药筒,硝化纤维素软片制的传火药盒体｜装填黑火药、发射药；危险工作间名称=药包装药	ROOT	19 | 发射药管、发射药包，可燃药筒、半可燃药筒,硝化纤维素软片制的传火药盒体 | 装填黑火药、发射药 | 装填黑火药、发射药 | 装填黑火药、发射药 | 发射药管(药筒)装药、蘸漆、检验、包装，药包装药、检验、包装、传火药盒(硝化纤维素软片制)盒体制造 | F1	0.96
test	关系事实	table_risk_mapping_rule	风险辨识	ROOT	table_2#行57	蘸漆	位置部位实例	危险区域	F1	类别概念									生产分类=发射药管、发射药包，可燃药筒、半可燃药筒,硝化纤维素软片制的传火药盒体｜装填黑火药、发射药；危险工作间名称=蘸漆	ROOT	19 | 发射药管、发射药包，可燃药筒、半可燃药筒,硝化纤维素软片制的传火药盒体 | 装填黑火药、发射药 | 装填黑火药、发射药 | 装填黑火药、发射药 | 发射药管(药筒)装药、蘸漆、检验、包装，药包装药、检验、包装、传火药盒(硝化纤维素软片制)盒体制造 | F1	0.96
test	关系事实	table_risk_mapping_rule	风险辨识	ROOT	table_2#行58	包装	位置部位实例	危险区域	F2	类别概念									生产分类=发射药管、发射药包，可燃药筒、半可燃药筒,硝化纤维素软片制的传火药盒体｜模压可燃、半可燃药筒、容器；危险工作间名称=包装	ROOT	19 | 发射药管、发射药包，可燃药筒、半可燃药筒,硝化纤维素软片制的传火药盒体 | 模压可燃、半可燃药筒、容器 | 模压可燃、半可燃药筒、容器 | 模压可燃、半可燃药筒、容器 | 配料、抽滤、模压成型、烘干平衡、喷涂、装配、检验、包装、废水处理 | F2	0.96
test	关系事实	table_risk_mapping_rule	风险辨识	ROOT	table_2#行58	发射药管、发射药包，可燃药筒、半可燃药筒,硝化纤维素软片制的传火药盒体	类别概念	危险工作间名称	配料	位置部位实例									生产分类=发射药管、发射药包，可燃药筒、半可燃药筒,硝化纤维素软片制的传火药盒体｜模压可燃、半可燃药筒、容器	ROOT	19 | 发射药管、发射药包，可燃药筒、半可燃药筒,硝化纤维素软片制的传火药盒体 | 模压可燃、半可燃药筒、容器 | 模压可燃、半可燃药筒、容器 | 模压可燃、半可燃药筒、容器 | 配料、抽滤、模压成型、烘干平衡、喷涂、装配、检验、包装、废水处理 | F2	0.96
test	关系事实	table_risk_mapping_rule	风险辨识	ROOT	table_2#行58	发射药管、发射药包，可燃药筒、半可燃药筒,硝化纤维素软片制的传火药盒体	类别概念	危险工作间名称	抽滤	位置部位实例									生产分类=发射药管、发射药包，可燃药筒、半可燃药筒,硝化纤维素软片制的传火药盒体｜模压可燃、半可燃药筒、容器	ROOT	19 | 发射药管、发射药包，可燃药筒、半可燃药筒,硝化纤维素软片制的传火药盒体 | 模压可燃、半可燃药筒、容器 | 模压可燃、半可燃药筒、容器 | 模压可燃、半可燃药筒、容器 | 配料、抽滤、模压成型、烘干平衡、喷涂、装配、检验、包装、废水处理 | F2	0.96
test	关系事实	table_risk_mapping_rule	风险辨识	ROOT	table_2#行58	发射药管、发射药包，可燃药筒、半可燃药筒,硝化纤维素软片制的传火药盒体	类别概念	危险工作间名称	模压成型	位置部位实例									生产分类=发射药管、发射药包，可燃药筒、半可燃药筒,硝化纤维素软片制的传火药盒体｜模压可燃、半可燃药筒、容器	ROOT	19 | 发射药管、发射药包，可燃药筒、半可燃药筒,硝化纤维素软片制的传火药盒体 | 模压可燃、半可燃药筒、容器 | 模压可燃、半可燃药筒、容器 | 模压可燃、半可燃药筒、容器 | 配料、抽滤、模压成型、烘干平衡、喷涂、装配、检验、包装、废水处理 | F2	0.96
test	关系事实	table_risk_mapping_rule	风险辨识	ROOT	table_2#行58	发射药管、发射药包，可燃药筒、半可燃药筒,硝化纤维素软片制的传火药盒体	类别概念	危险工作间名称	烘干平衡	位置部位实例									生产分类=发射药管、发射药包，可燃药筒、半可燃药筒,硝化纤维素软片制的传火药盒体｜模压可燃、半可燃药筒、容器	ROOT	19 | 发射药管、发射药包，可燃药筒、半可燃药筒,硝化纤维素软片制的传火药盒体 | 模压可燃、半可燃药筒、容器 | 模压可燃、半可燃药筒、容器 | 模压可燃、半可燃药筒、容器 | 配料、抽滤、模压成型、烘干平衡、喷涂、装配、检验、包装、废水处理 | F2	0.96
test	关系事实	table_risk_mapping_rule	风险辨识	ROOT	table_2#行58	发射药管、发射药包，可燃药筒、半可燃药筒,硝化纤维素软片制的传火药盒体	类别概念	危险工作间名称	喷涂	位置部位实例									生产分类=发射药管、发射药包，可燃药筒、半可燃药筒,硝化纤维素软片制的传火药盒体｜模压可燃、半可燃药筒、容器	ROOT	19 | 发射药管、发射药包，可燃药筒、半可燃药筒,硝化纤维素软片制的传火药盒体 | 模压可燃、半可燃药筒、容器 | 模压可燃、半可燃药筒、容器 | 模压可燃、半可燃药筒、容器 | 配料、抽滤、模压成型、烘干平衡、喷涂、装配、检验、包装、废水处理 | F2	0.96
test	关系事实	table_risk_mapping_rule	风险辨识	ROOT	table_2#行58	发射药管、发射药包，可燃药筒、半可燃药筒,硝化纤维素软片制的传火药盒体	类别概念	危险工作间名称	装配	位置部位实例									生产分类=发射药管、发射药包，可燃药筒、半可燃药筒,硝化纤维素软片制的传火药盒体｜模压可燃、半可燃药筒、容器	ROOT	19 | 发射药管、发射药包，可燃药筒、半可燃药筒,硝化纤维素软片制的传火药盒体 | 模压可燃、半可燃药筒、容器 | 模压可燃、半可燃药筒、容器 | 模压可燃、半可燃药筒、容器 | 配料、抽滤、模压成型、烘干平衡、喷涂、装配、检验、包装、废水处理 | F2	0.96
test	关系事实	table_risk_mapping_rule	风险辨识	ROOT	table_2#行58	发射药管、发射药包，可燃药筒、半可燃药筒,硝化纤维素软片制的传火药盒体	类别概念	危险工作间名称	废水处理	位置部位实例									生产分类=发射药管、发射药包，可燃药筒、半可燃药筒,硝化纤维素软片制的传火药盒体｜模压可燃、半可燃药筒、容器	ROOT	19 | 发射药管、发射药包，可燃药筒、半可燃药筒,硝化纤维素软片制的传火药盒体 | 模压可燃、半可燃药筒、容器 | 模压可燃、半可燃药筒、容器 | 模压可燃、半可燃药筒、容器 | 配料、抽滤、模压成型、烘干平衡、喷涂、装配、检验、包装、废水处理 | F2	0.96
test	关系事实	table_risk_mapping_rule	风险辨识	ROOT	table_2#行58	发射药管、发射药包，可燃药筒、半可燃药筒,硝化纤维素软片制的传火药盒体	类别概念	危险工作间名称	检验	位置部位实例									生产分类=发射药管、发射药包，可燃药筒、半可燃药筒,硝化纤维素软片制的传火药盒体｜模压可燃、半可燃药筒、容器	ROOT	19 | 发射药管、发射药包，可燃药筒、半可燃药筒,硝化纤维素软片制的传火药盒体 | 模压可燃、半可燃药筒、容器 | 模压可燃、半可燃药筒、容器 | 模压可燃、半可燃药筒、容器 | 配料、抽滤、模压成型、烘干平衡、喷涂、装配、检验、包装、废水处理 | F2	0.96
test	关系事实	table_risk_mapping_rule	风险辨识	ROOT	table_2#行58	发射药管、发射药包，可燃药筒、半可燃药筒,硝化纤维素软片制的传火药盒体	类别概念	危险工作间名称	包装	位置部位实例									生产分类=发射药管、发射药包，可燃药筒、半可燃药筒,硝化纤维素软片制的传火药盒体｜模压可燃、半可燃药筒、容器	ROOT	19 | 发射药管、发射药包，可燃药筒、半可燃药筒,硝化纤维素软片制的传火药盒体 | 模压可燃、半可燃药筒、容器 | 模压可燃、半可燃药筒、容器 | 模压可燃、半可燃药筒、容器 | 配料、抽滤、模压成型、烘干平衡、喷涂、装配、检验、包装、废水处理 | F2	0.96
test	属性事实	table_risk_mapping_rule	风险辨识	ROOT	table_2#行58	发射药管、发射药包，可燃药筒、半可燃药筒,硝化纤维素软片制的传火药盒体	类别概念	生产分类	发射药管、发射药包，可燃药筒、半可燃药筒,硝化纤维素软片制的传火药盒体｜模压可燃、半可燃药筒、容器	作业信息					文本描述					ROOT	19 | 发射药管、发射药包，可燃药筒、半可燃药筒,硝化纤维素软片制的传火药盒体 | 模压可燃、半可燃药筒、容器 | 模压可燃、半可燃药筒、容器 | 模压可燃、半可燃药筒、容器 | 配料、抽滤、模压成型、烘干平衡、喷涂、装配、检验、包装、废水处理 | F2	0.96
test	关系事实	table_risk_mapping_rule	风险辨识	ROOT	table_2#行58	喷涂	位置部位实例	危险区域	F2	类别概念									生产分类=发射药管、发射药包，可燃药筒、半可燃药筒,硝化纤维素软片制的传火药盒体｜模压可燃、半可燃药筒、容器；危险工作间名称=喷涂	ROOT	19 | 发射药管、发射药包，可燃药筒、半可燃药筒,硝化纤维素软片制的传火药盒体 | 模压可燃、半可燃药筒、容器 | 模压可燃、半可燃药筒、容器 | 模压可燃、半可燃药筒、容器 | 配料、抽滤、模压成型、烘干平衡、喷涂、装配、检验、包装、废水处理 | F2	0.96
test	关系事实	table_risk_mapping_rule	风险辨识	ROOT	table_2#行58	废水处理	位置部位实例	危险区域	F2	类别概念									生产分类=发射药管、发射药包，可燃药筒、半可燃药筒,硝化纤维素软片制的传火药盒体｜模压可燃、半可燃药筒、容器；危险工作间名称=废水处理	ROOT	19 | 发射药管、发射药包，可燃药筒、半可燃药筒,硝化纤维素软片制的传火药盒体 | 模压可燃、半可燃药筒、容器 | 模压可燃、半可燃药筒、容器 | 模压可燃、半可燃药筒、容器 | 配料、抽滤、模压成型、烘干平衡、喷涂、装配、检验、包装、废水处理 | F2	0.96
test	关系事实	table_risk_mapping_rule	风险辨识	ROOT	table_2#行58	抽滤	位置部位实例	危险区域	F2	类别概念									生产分类=发射药管、发射药包，可燃药筒、半可燃药筒,硝化纤维素软片制的传火药盒体｜模压可燃、半可燃药筒、容器；危险工作间名称=抽滤	ROOT	19 | 发射药管、发射药包，可燃药筒、半可燃药筒,硝化纤维素软片制的传火药盒体 | 模压可燃、半可燃药筒、容器 | 模压可燃、半可燃药筒、容器 | 模压可燃、半可燃药筒、容器 | 配料、抽滤、模压成型、烘干平衡、喷涂、装配、检验、包装、废水处理 | F2	0.96
test	关系事实	table_risk_mapping_rule	风险辨识	ROOT	table_2#行58	检验	位置部位实例	危险区域	F2	类别概念									生产分类=发射药管、发射药包，可燃药筒、半可燃药筒,硝化纤维素软片制的传火药盒体｜模压可燃、半可燃药筒、容器；危险工作间名称=检验	ROOT	19 | 发射药管、发射药包，可燃药筒、半可燃药筒,硝化纤维素软片制的传火药盒体 | 模压可燃、半可燃药筒、容器 | 模压可燃、半可燃药筒、容器 | 模压可燃、半可燃药筒、容器 | 配料、抽滤、模压成型、烘干平衡、喷涂、装配、检验、包装、废水处理 | F2	0.96
test	关系事实	table_risk_mapping_rule	风险辨识	ROOT	table_2#行58	模压成型	位置部位实例	危险区域	F2	类别概念									生产分类=发射药管、发射药包，可燃药筒、半可燃药筒,硝化纤维素软片制的传火药盒体｜模压可燃、半可燃药筒、容器；危险工作间名称=模压成型	ROOT	19 | 发射药管、发射药包，可燃药筒、半可燃药筒,硝化纤维素软片制的传火药盒体 | 模压可燃、半可燃药筒、容器 | 模压可燃、半可燃药筒、容器 | 模压可燃、半可燃药筒、容器 | 配料、抽滤、模压成型、烘干平衡、喷涂、装配、检验、包装、废水处理 | F2	0.96
test	关系事实	table_risk_mapping_rule	风险辨识	ROOT	table_2#行58	烘干平衡	位置部位实例	危险区域	F2	类别概念									生产分类=发射药管、发射药包，可燃药筒、半可燃药筒,硝化纤维素软片制的传火药盒体｜模压可燃、半可燃药筒、容器；危险工作间名称=烘干平衡	ROOT	19 | 发射药管、发射药包，可燃药筒、半可燃药筒,硝化纤维素软片制的传火药盒体 | 模压可燃、半可燃药筒、容器 | 模压可燃、半可燃药筒、容器 | 模压可燃、半可燃药筒、容器 | 配料、抽滤、模压成型、烘干平衡、喷涂、装配、检验、包装、废水处理 | F2	0.96
test	关系事实	table_risk_mapping_rule	风险辨识	ROOT	table_2#行58	装配	位置部位实例	危险区域	F2	类别概念									生产分类=发射药管、发射药包，可燃药筒、半可燃药筒,硝化纤维素软片制的传火药盒体｜模压可燃、半可燃药筒、容器；危险工作间名称=装配	ROOT	19 | 发射药管、发射药包，可燃药筒、半可燃药筒,硝化纤维素软片制的传火药盒体 | 模压可燃、半可燃药筒、容器 | 模压可燃、半可燃药筒、容器 | 模压可燃、半可燃药筒、容器 | 配料、抽滤、模压成型、烘干平衡、喷涂、装配、检验、包装、废水处理 | F2	0.96
test	关系事实	table_risk_mapping_rule	风险辨识	ROOT	table_2#行58	配料	位置部位实例	危险区域	F2	类别概念									生产分类=发射药管、发射药包，可燃药筒、半可燃药筒,硝化纤维素软片制的传火药盒体｜模压可燃、半可燃药筒、容器；危险工作间名称=配料	ROOT	19 | 发射药管、发射药包，可燃药筒、半可燃药筒,硝化纤维素软片制的传火药盒体 | 模压可燃、半可燃药筒、容器 | 模压可燃、半可燃药筒、容器 | 模压可燃、半可燃药筒、容器 | 配料、抽滤、模压成型、烘干平衡、喷涂、装配、检验、包装、废水处理 | F2	0.96
test	关系事实	table_risk_mapping_rule	风险辨识	ROOT	table_2#行59	发射药管、发射药包，可燃药筒、半可燃药筒,硝化纤维素软片制的传火药盒体	类别概念	危险工作间名称	车加工	位置部位实例									生产分类=发射药管、发射药包，可燃药筒、半可燃药筒,硝化纤维素软片制的传火药盒体｜模压可燃、半可燃药筒、容器	ROOT	19 | 发射药管、发射药包，可燃药筒、半可燃药筒,硝化纤维素软片制的传火药盒体 | 模压可燃、半可燃药筒、容器 | 模压可燃、半可燃药筒、容器 | 模压可燃、半可燃药筒、容器 | 车加工 | F1	0.96
test	关系事实	table_risk_mapping_rule	风险辨识	ROOT	table_2#行59	车加工	位置部位实例	危险区域	F1	类别概念									生产分类=发射药管、发射药包，可燃药筒、半可燃药筒,硝化纤维素软片制的传火药盒体｜模压可燃、半可燃药筒、容器；危险工作间名称=车加工	ROOT	19 | 发射药管、发射药包，可燃药筒、半可燃药筒,硝化纤维素软片制的传火药盒体 | 模压可燃、半可燃药筒、容器 | 模压可燃、半可燃药筒、容器 | 模压可燃、半可燃药筒、容器 | 车加工 | F1	0.96
test	关系事实	table_risk_mapping_rule	风险辨识	ROOT	table_2#行6	发射药管、发射药包，可燃药筒、半可燃药筒,硝化纤维素软片制的传火药盒体	类别概念	危险工作间名称	硝化棉造纸配浆	位置部位实例									生产分类=发射药管、发射药包，可燃药筒、半可燃药筒,硝化纤维素软片制的传火药盒体｜卷制可燃、半可燃药筒	ROOT	19 | 发射药管、发射药包，可燃药筒、半可燃药筒,硝化纤维素软片制的传火药盒体 | 卷制可燃、半可燃药筒 | 卷制可燃、半可燃药筒 | 卷制可燃、半可燃药筒 | 硝化棉造纸配浆 | F2	0.96
test	属性事实	table_risk_mapping_rule	风险辨识	ROOT	table_2#行6	发射药管、发射药包，可燃药筒、半可燃药筒,硝化纤维素软片制的传火药盒体	类别概念	生产分类	发射药管、发射药包，可燃药筒、半可燃药筒,硝化纤维素软片制的传火药盒体｜卷制可燃、半可燃药筒	作业信息					文本描述					ROOT	19 | 发射药管、发射药包，可燃药筒、半可燃药筒,硝化纤维素软片制的传火药盒体 | 卷制可燃、半可燃药筒 | 卷制可燃、半可燃药筒 | 卷制可燃、半可燃药筒 | 硝化棉造纸配浆 | F2	0.96
test	关系事实	table_risk_mapping_rule	风险辨识	ROOT	table_2#行6	废酸后分离	位置部位实例	危险区域	F2	类别概念									生产分类=硝化甘油或其他 醇类硝酸酯；危险工作间名称=废酸后分离	ROOT	2 | 硝化甘油或其他 醇类硝酸酯 | 硝化甘油或其他 醇类硝酸酯 | 硝化甘油或其他 醇类硝酸酯 | 硝化甘油或其他 醇类硝酸酯 | 废酸后分离、废酸热分解、检验、硝化试验 | F2	0.96
test	关系事实	table_risk_mapping_rule	风险辨识	ROOT	table_2#行6	废酸热分解	位置部位实例	危险区域	F2	类别概念									生产分类=硝化甘油或其他 醇类硝酸酯；危险工作间名称=废酸热分解	ROOT	2 | 硝化甘油或其他 醇类硝酸酯 | 硝化甘油或其他 醇类硝酸酯 | 硝化甘油或其他 醇类硝酸酯 | 硝化甘油或其他 醇类硝酸酯 | 废酸后分离、废酸热分解、检验、硝化试验 | F2	0.96
test	关系事实	table_risk_mapping_rule	风险辨识	ROOT	table_2#行6	检验	位置部位实例	危险区域	F2	类别概念									生产分类=硝化甘油或其他 醇类硝酸酯；危险工作间名称=检验	ROOT	2 | 硝化甘油或其他 醇类硝酸酯 | 硝化甘油或其他 醇类硝酸酯 | 硝化甘油或其他 醇类硝酸酯 | 硝化甘油或其他 醇类硝酸酯 | 废酸后分离、废酸热分解、检验、硝化试验 | F2	0.96
test	关系事实	table_risk_mapping_rule	风险辨识	ROOT	table_2#行6	硝化棉造纸配浆	位置部位实例	危险区域	F2	类别概念									生产分类=发射药管、发射药包，可燃药筒、半可燃药筒,硝化纤维素软片制的传火药盒体｜卷制可燃、半可燃药筒；危险工作间名称=硝化棉造纸配浆	ROOT	19 | 发射药管、发射药包，可燃药筒、半可燃药筒,硝化纤维素软片制的传火药盒体 | 卷制可燃、半可燃药筒 | 卷制可燃、半可燃药筒 | 卷制可燃、半可燃药筒 | 硝化棉造纸配浆 | F2	0.96
test	关系事实	table_risk_mapping_rule	风险辨识	ROOT	table_2#行6	硝化甘油或其他醇类硝酸酯	类别概念	危险工作间名称	废酸后分离	位置部位实例									生产分类=硝化甘油或其他 醇类硝酸酯	ROOT	2 | 硝化甘油或其他 醇类硝酸酯 | 硝化甘油或其他 醇类硝酸酯 | 硝化甘油或其他 醇类硝酸酯 | 硝化甘油或其他 醇类硝酸酯 | 废酸后分离、废酸热分解、检验、硝化试验 | F2	0.96
test	关系事实	table_risk_mapping_rule	风险辨识	ROOT	table_2#行6	硝化甘油或其他醇类硝酸酯	类别概念	危险工作间名称	废酸热分解	位置部位实例									生产分类=硝化甘油或其他 醇类硝酸酯	ROOT	2 | 硝化甘油或其他 醇类硝酸酯 | 硝化甘油或其他 醇类硝酸酯 | 硝化甘油或其他 醇类硝酸酯 | 硝化甘油或其他 醇类硝酸酯 | 废酸后分离、废酸热分解、检验、硝化试验 | F2	0.96
test	关系事实	table_risk_mapping_rule	风险辨识	ROOT	table_2#行6	硝化甘油或其他醇类硝酸酯	类别概念	危险工作间名称	检验	位置部位实例									生产分类=硝化甘油或其他 醇类硝酸酯	ROOT	2 | 硝化甘油或其他 醇类硝酸酯 | 硝化甘油或其他 醇类硝酸酯 | 硝化甘油或其他 醇类硝酸酯 | 硝化甘油或其他 醇类硝酸酯 | 废酸后分离、废酸热分解、检验、硝化试验 | F2	0.96
test	关系事实	table_risk_mapping_rule	风险辨识	ROOT	table_2#行6	硝化甘油或其他醇类硝酸酯	类别概念	危险工作间名称	硝化试验	位置部位实例									生产分类=硝化甘油或其他 醇类硝酸酯	ROOT	2 | 硝化甘油或其他 醇类硝酸酯 | 硝化甘油或其他 醇类硝酸酯 | 硝化甘油或其他 醇类硝酸酯 | 硝化甘油或其他 醇类硝酸酯 | 废酸后分离、废酸热分解、检验、硝化试验 | F2	0.96
test	关系事实	table_risk_mapping_rule	风险辨识	ROOT	table_2#行6	硝化试验	位置部位实例	危险区域	F2	类别概念									生产分类=硝化甘油或其他 醇类硝酸酯；危险工作间名称=硝化试验	ROOT	2 | 硝化甘油或其他 醇类硝酸酯 | 硝化甘油或其他 醇类硝酸酯 | 硝化甘油或其他 醇类硝酸酯 | 硝化甘油或其他 醇类硝酸酯 | 废酸后分离、废酸热分解、检验、硝化试验 | F2	0.96
test	关系事实	table_risk_mapping_rule	风险辨识	ROOT	table_2#行61	包装	位置部位实例	危险区域	F1	类别概念									生产分类=发射药管、发射药包，可燃药筒、半可燃药筒,硝化纤维素软片制的传火药盒体｜卷制可燃、半可燃药筒；危险工作间名称=包装	ROOT	19 | 发射药管、发射药包，可燃药筒、半可燃药筒,硝化纤维素软片制的传火药盒体 | 卷制可燃、半可燃药筒 | 卷制可燃、半可燃药筒 | 卷制可燃、半可燃药筒 | 抄纸、硝化棉纸分切、包装 | F1	0.96
test	关系事实	table_risk_mapping_rule	风险辨识	ROOT	table_2#行61	发射药管、发射药包，可燃药筒、半可燃药筒,硝化纤维素软片制的传火药盒体	类别概念	危险工作间名称	抄纸	位置部位实例									生产分类=发射药管、发射药包，可燃药筒、半可燃药筒,硝化纤维素软片制的传火药盒体｜卷制可燃、半可燃药筒	ROOT	19 | 发射药管、发射药包，可燃药筒、半可燃药筒,硝化纤维素软片制的传火药盒体 | 卷制可燃、半可燃药筒 | 卷制可燃、半可燃药筒 | 卷制可燃、半可燃药筒 | 抄纸、硝化棉纸分切、包装 | F1	0.96
test	关系事实	table_risk_mapping_rule	风险辨识	ROOT	table_2#行61	发射药管、发射药包，可燃药筒、半可燃药筒,硝化纤维素软片制的传火药盒体	类别概念	危险工作间名称	硝化棉纸分切	位置部位实例									生产分类=发射药管、发射药包，可燃药筒、半可燃药筒,硝化纤维素软片制的传火药盒体｜卷制可燃、半可燃药筒	ROOT	19 | 发射药管、发射药包，可燃药筒、半可燃药筒,硝化纤维素软片制的传火药盒体 | 卷制可燃、半可燃药筒 | 卷制可燃、半可燃药筒 | 卷制可燃、半可燃药筒 | 抄纸、硝化棉纸分切、包装 | F1	0.96
test	关系事实	table_risk_mapping_rule	风险辨识	ROOT	table_2#行61	发射药管、发射药包，可燃药筒、半可燃药筒,硝化纤维素软片制的传火药盒体	类别概念	危险工作间名称	包装	位置部位实例									生产分类=发射药管、发射药包，可燃药筒、半可燃药筒,硝化纤维素软片制的传火药盒体｜卷制可燃、半可燃药筒	ROOT	19 | 发射药管、发射药包，可燃药筒、半可燃药筒,硝化纤维素软片制的传火药盒体 | 卷制可燃、半可燃药筒 | 卷制可燃、半可燃药筒 | 卷制可燃、半可燃药筒 | 抄纸、硝化棉纸分切、包装 | F1	0.96
test	关系事实	table_risk_mapping_rule	风险辨识	ROOT	table_2#行61	抄纸	位置部位实例	危险区域	F1	类别概念									生产分类=发射药管、发射药包，可燃药筒、半可燃药筒,硝化纤维素软片制的传火药盒体｜卷制可燃、半可燃药筒；危险工作间名称=抄纸	ROOT	19 | 发射药管、发射药包，可燃药筒、半可燃药筒,硝化纤维素软片制的传火药盒体 | 卷制可燃、半可燃药筒 | 卷制可燃、半可燃药筒 | 卷制可燃、半可燃药筒 | 抄纸、硝化棉纸分切、包装 | F1	0.96
test	关系事实	table_risk_mapping_rule	风险辨识	ROOT	table_2#行61	硝化棉纸分切	位置部位实例	危险区域	F1	类别概念									生产分类=发射药管、发射药包，可燃药筒、半可燃药筒,硝化纤维素软片制的传火药盒体｜卷制可燃、半可燃药筒；危险工作间名称=硝化棉纸分切	ROOT	19 | 发射药管、发射药包，可燃药筒、半可燃药筒,硝化纤维素软片制的传火药盒体 | 卷制可燃、半可燃药筒 | 卷制可燃、半可燃药筒 | 卷制可燃、半可燃药筒 | 抄纸、硝化棉纸分切、包装 | F1	0.96
test	关系事实	table_risk_mapping_rule	风险辨识	ROOT	table_2#行62	切管	位置部位实例	危险区域	F1	类别概念									生产分类=发射药管、发射药包，可燃药筒、半可燃药筒,硝化纤维素软片制的传火药盒体｜卷制可燃、半可燃药筒；危险工作间名称=切管	ROOT	19 | 发射药管、发射药包，可燃药筒、半可燃药筒,硝化纤维素软片制的传火药盒体 | 卷制可燃、半可燃药筒 | 卷制可燃、半可燃药筒 | 卷制可燃、半可燃药筒 | 涂布、卷管、切管、制盖、收口收锥 | F1	0.96
test	关系事实	table_risk_mapping_rule	风险辨识	ROOT	table_2#行62	制盖	位置部位实例	危险区域	F1	类别概念									生产分类=发射药管、发射药包，可燃药筒、半可燃药筒,硝化纤维素软片制的传火药盒体｜卷制可燃、半可燃药筒；危险工作间名称=制盖	ROOT	19 | 发射药管、发射药包，可燃药筒、半可燃药筒,硝化纤维素软片制的传火药盒体 | 卷制可燃、半可燃药筒 | 卷制可燃、半可燃药筒 | 卷制可燃、半可燃药筒 | 涂布、卷管、切管、制盖、收口收锥 | F1	0.96
test	关系事实	table_risk_mapping_rule	风险辨识	ROOT	table_2#行62	卷管	位置部位实例	危险区域	F1	类别概念									生产分类=发射药管、发射药包，可燃药筒、半可燃药筒,硝化纤维素软片制的传火药盒体｜卷制可燃、半可燃药筒；危险工作间名称=卷管	ROOT	19 | 发射药管、发射药包，可燃药筒、半可燃药筒,硝化纤维素软片制的传火药盒体 | 卷制可燃、半可燃药筒 | 卷制可燃、半可燃药筒 | 卷制可燃、半可燃药筒 | 涂布、卷管、切管、制盖、收口收锥 | F1	0.96
test	关系事实	table_risk_mapping_rule	风险辨识	ROOT	table_2#行62	发射药管、发射药包，可燃药筒、半可燃药筒,硝化纤维素软片制的传火药盒体	类别概念	危险工作间名称	涂布	位置部位实例									生产分类=发射药管、发射药包，可燃药筒、半可燃药筒,硝化纤维素软片制的传火药盒体｜卷制可燃、半可燃药筒	ROOT	19 | 发射药管、发射药包，可燃药筒、半可燃药筒,硝化纤维素软片制的传火药盒体 | 卷制可燃、半可燃药筒 | 卷制可燃、半可燃药筒 | 卷制可燃、半可燃药筒 | 涂布、卷管、切管、制盖、收口收锥 | F1	0.96
test	关系事实	table_risk_mapping_rule	风险辨识	ROOT	table_2#行62	发射药管、发射药包，可燃药筒、半可燃药筒,硝化纤维素软片制的传火药盒体	类别概念	危险工作间名称	卷管	位置部位实例									生产分类=发射药管、发射药包，可燃药筒、半可燃药筒,硝化纤维素软片制的传火药盒体｜卷制可燃、半可燃药筒	ROOT	19 | 发射药管、发射药包，可燃药筒、半可燃药筒,硝化纤维素软片制的传火药盒体 | 卷制可燃、半可燃药筒 | 卷制可燃、半可燃药筒 | 卷制可燃、半可燃药筒 | 涂布、卷管、切管、制盖、收口收锥 | F1	0.96
test	关系事实	table_risk_mapping_rule	风险辨识	ROOT	table_2#行62	发射药管、发射药包，可燃药筒、半可燃药筒,硝化纤维素软片制的传火药盒体	类别概念	危险工作间名称	切管	位置部位实例									生产分类=发射药管、发射药包，可燃药筒、半可燃药筒,硝化纤维素软片制的传火药盒体｜卷制可燃、半可燃药筒	ROOT	19 | 发射药管、发射药包，可燃药筒、半可燃药筒,硝化纤维素软片制的传火药盒体 | 卷制可燃、半可燃药筒 | 卷制可燃、半可燃药筒 | 卷制可燃、半可燃药筒 | 涂布、卷管、切管、制盖、收口收锥 | F1	0.96
test	关系事实	table_risk_mapping_rule	风险辨识	ROOT	table_2#行62	发射药管、发射药包，可燃药筒、半可燃药筒,硝化纤维素软片制的传火药盒体	类别概念	危险工作间名称	制盖	位置部位实例									生产分类=发射药管、发射药包，可燃药筒、半可燃药筒,硝化纤维素软片制的传火药盒体｜卷制可燃、半可燃药筒	ROOT	19 | 发射药管、发射药包，可燃药筒、半可燃药筒,硝化纤维素软片制的传火药盒体 | 卷制可燃、半可燃药筒 | 卷制可燃、半可燃药筒 | 卷制可燃、半可燃药筒 | 涂布、卷管、切管、制盖、收口收锥 | F1	0.96
test	关系事实	table_risk_mapping_rule	风险辨识	ROOT	table_2#行62	发射药管、发射药包，可燃药筒、半可燃药筒,硝化纤维素软片制的传火药盒体	类别概念	危险工作间名称	收口收锥	位置部位实例									生产分类=发射药管、发射药包，可燃药筒、半可燃药筒,硝化纤维素软片制的传火药盒体｜卷制可燃、半可燃药筒	ROOT	19 | 发射药管、发射药包，可燃药筒、半可燃药筒,硝化纤维素软片制的传火药盒体 | 卷制可燃、半可燃药筒 | 卷制可燃、半可燃药筒 | 卷制可燃、半可燃药筒 | 涂布、卷管、切管、制盖、收口收锥 | F1	0.96
test	关系事实	table_risk_mapping_rule	风险辨识	ROOT	table_2#行62	收口收锥	位置部位实例	危险区域	F1	类别概念									生产分类=发射药管、发射药包，可燃药筒、半可燃药筒,硝化纤维素软片制的传火药盒体｜卷制可燃、半可燃药筒；危险工作间名称=收口收锥	ROOT	19 | 发射药管、发射药包，可燃药筒、半可燃药筒,硝化纤维素软片制的传火药盒体 | 卷制可燃、半可燃药筒 | 卷制可燃、半可燃药筒 | 卷制可燃、半可燃药筒 | 涂布、卷管、切管、制盖、收口收锥 | F1	0.96
test	关系事实	table_risk_mapping_rule	风险辨识	ROOT	table_2#行62	涂布	位置部位实例	危险区域	F1	类别概念									生产分类=发射药管、发射药包，可燃药筒、半可燃药筒,硝化纤维素软片制的传火药盒体｜卷制可燃、半可燃药筒；危险工作间名称=涂布	ROOT	19 | 发射药管、发射药包，可燃药筒、半可燃药筒,硝化纤维素软片制的传火药盒体 | 卷制可燃、半可燃药筒 | 卷制可燃、半可燃药筒 | 卷制可燃、半可燃药筒 | 涂布、卷管、切管、制盖、收口收锥 | F1	0.96
test	关系事实	table_risk_mapping_rule	风险辨识	ROOT	table_2#行63	包装	位置部位实例	危险区域	F2	类别概念									生产分类=发射药管、发射药包，可燃药筒、半可燃药筒,硝化纤维素软片制的传火药盒体｜卷制可燃、半可燃药筒；危险工作间名称=包装	ROOT	19 | 发射药管、发射药包，可燃药筒、半可燃药筒,硝化纤维素软片制的传火药盒体 | 卷制可燃、半可燃药筒 | 卷制可燃、半可燃药筒 | 卷制可燃、半可燃药筒 | 粘底热压、热烘、涂胶密封、喷涂标识、检验、包装 | F2	0.96
test	关系事实	table_risk_mapping_rule	风险辨识	ROOT	table_2#行63	发射药管、发射药包，可燃药筒、半可燃药筒,硝化纤维素软片制的传火药盒体	类别概念	危险工作间名称	粘底热压	位置部位实例									生产分类=发射药管、发射药包，可燃药筒、半可燃药筒,硝化纤维素软片制的传火药盒体｜卷制可燃、半可燃药筒	ROOT	19 | 发射药管、发射药包，可燃药筒、半可燃药筒,硝化纤维素软片制的传火药盒体 | 卷制可燃、半可燃药筒 | 卷制可燃、半可燃药筒 | 卷制可燃、半可燃药筒 | 粘底热压、热烘、涂胶密封、喷涂标识、检验、包装 | F2	0.96
test	关系事实	table_risk_mapping_rule	风险辨识	ROOT	table_2#行63	发射药管、发射药包，可燃药筒、半可燃药筒,硝化纤维素软片制的传火药盒体	类别概念	危险工作间名称	热烘	位置部位实例									生产分类=发射药管、发射药包，可燃药筒、半可燃药筒,硝化纤维素软片制的传火药盒体｜卷制可燃、半可燃药筒	ROOT	19 | 发射药管、发射药包，可燃药筒、半可燃药筒,硝化纤维素软片制的传火药盒体 | 卷制可燃、半可燃药筒 | 卷制可燃、半可燃药筒 | 卷制可燃、半可燃药筒 | 粘底热压、热烘、涂胶密封、喷涂标识、检验、包装 | F2	0.96
test	关系事实	table_risk_mapping_rule	风险辨识	ROOT	table_2#行63	发射药管、发射药包，可燃药筒、半可燃药筒,硝化纤维素软片制的传火药盒体	类别概念	危险工作间名称	涂胶密封	位置部位实例									生产分类=发射药管、发射药包，可燃药筒、半可燃药筒,硝化纤维素软片制的传火药盒体｜卷制可燃、半可燃药筒	ROOT	19 | 发射药管、发射药包，可燃药筒、半可燃药筒,硝化纤维素软片制的传火药盒体 | 卷制可燃、半可燃药筒 | 卷制可燃、半可燃药筒 | 卷制可燃、半可燃药筒 | 粘底热压、热烘、涂胶密封、喷涂标识、检验、包装 | F2	0.96
test	关系事实	table_risk_mapping_rule	风险辨识	ROOT	table_2#行63	发射药管、发射药包，可燃药筒、半可燃药筒,硝化纤维素软片制的传火药盒体	类别概念	危险工作间名称	喷涂标识	位置部位实例									生产分类=发射药管、发射药包，可燃药筒、半可燃药筒,硝化纤维素软片制的传火药盒体｜卷制可燃、半可燃药筒	ROOT	19 | 发射药管、发射药包，可燃药筒、半可燃药筒,硝化纤维素软片制的传火药盒体 | 卷制可燃、半可燃药筒 | 卷制可燃、半可燃药筒 | 卷制可燃、半可燃药筒 | 粘底热压、热烘、涂胶密封、喷涂标识、检验、包装 | F2	0.96
test	关系事实	table_risk_mapping_rule	风险辨识	ROOT	table_2#行63	发射药管、发射药包，可燃药筒、半可燃药筒,硝化纤维素软片制的传火药盒体	类别概念	危险工作间名称	检验	位置部位实例									生产分类=发射药管、发射药包，可燃药筒、半可燃药筒,硝化纤维素软片制的传火药盒体｜卷制可燃、半可燃药筒	ROOT	19 | 发射药管、发射药包，可燃药筒、半可燃药筒,硝化纤维素软片制的传火药盒体 | 卷制可燃、半可燃药筒 | 卷制可燃、半可燃药筒 | 卷制可燃、半可燃药筒 | 粘底热压、热烘、涂胶密封、喷涂标识、检验、包装 | F2	0.96
test	关系事实	table_risk_mapping_rule	风险辨识	ROOT	table_2#行63	喷涂标识	位置部位实例	危险区域	F2	类别概念									生产分类=发射药管、发射药包，可燃药筒、半可燃药筒,硝化纤维素软片制的传火药盒体｜卷制可燃、半可燃药筒；危险工作间名称=喷涂标识	ROOT	19 | 发射药管、发射药包，可燃药筒、半可燃药筒,硝化纤维素软片制的传火药盒体 | 卷制可燃、半可燃药筒 | 卷制可燃、半可燃药筒 | 卷制可燃、半可燃药筒 | 粘底热压、热烘、涂胶密封、喷涂标识、检验、包装 | F2	0.96
test	关系事实	table_risk_mapping_rule	风险辨识	ROOT	table_2#行63	检验	位置部位实例	危险区域	F2	类别概念									生产分类=发射药管、发射药包，可燃药筒、半可燃药筒,硝化纤维素软片制的传火药盒体｜卷制可燃、半可燃药筒；危险工作间名称=检验	ROOT	19 | 发射药管、发射药包，可燃药筒、半可燃药筒,硝化纤维素软片制的传火药盒体 | 卷制可燃、半可燃药筒 | 卷制可燃、半可燃药筒 | 卷制可燃、半可燃药筒 | 粘底热压、热烘、涂胶密封、喷涂标识、检验、包装 | F2	0.96
test	关系事实	table_risk_mapping_rule	风险辨识	ROOT	table_2#行63	涂胶密封	位置部位实例	危险区域	F2	类别概念									生产分类=发射药管、发射药包，可燃药筒、半可燃药筒,硝化纤维素软片制的传火药盒体｜卷制可燃、半可燃药筒；危险工作间名称=涂胶密封	ROOT	19 | 发射药管、发射药包，可燃药筒、半可燃药筒,硝化纤维素软片制的传火药盒体 | 卷制可燃、半可燃药筒 | 卷制可燃、半可燃药筒 | 卷制可燃、半可燃药筒 | 粘底热压、热烘、涂胶密封、喷涂标识、检验、包装 | F2	0.96
test	关系事实	table_risk_mapping_rule	风险辨识	ROOT	table_2#行63	热烘	位置部位实例	危险区域	F2	类别概念									生产分类=发射药管、发射药包，可燃药筒、半可燃药筒,硝化纤维素软片制的传火药盒体｜卷制可燃、半可燃药筒；危险工作间名称=热烘	ROOT	19 | 发射药管、发射药包，可燃药筒、半可燃药筒,硝化纤维素软片制的传火药盒体 | 卷制可燃、半可燃药筒 | 卷制可燃、半可燃药筒 | 卷制可燃、半可燃药筒 | 粘底热压、热烘、涂胶密封、喷涂标识、检验、包装 | F2	0.96
test	关系事实	table_risk_mapping_rule	风险辨识	ROOT	table_2#行63	粘底热压	位置部位实例	危险区域	F2	类别概念									生产分类=发射药管、发射药包，可燃药筒、半可燃药筒,硝化纤维素软片制的传火药盒体｜卷制可燃、半可燃药筒；危险工作间名称=粘底热压	ROOT	19 | 发射药管、发射药包，可燃药筒、半可燃药筒,硝化纤维素软片制的传火药盒体 | 卷制可燃、半可燃药筒 | 卷制可燃、半可燃药筒 | 卷制可燃、半可燃药筒 | 粘底热压、热烘、涂胶密封、喷涂标识、检验、包装 | F2	0.96
test	关系事实	table_risk_mapping_rule	风险辨识	ROOT	table_2#行64	传火管管体车加工	位置部位实例	危险区域	F1	类别概念									生产分类=发射药管、发射药包，可燃药筒、半可燃药筒,硝化纤维素软片制的传火药盒体｜可燃、半可燃传火管，点/传火药包；危险工作间名称=传火管管体车加工	ROOT	19 | 发射药管、发射药包，可燃药筒、半可燃药筒,硝化纤维素软片制的传火药盒体 | 可燃、半可燃传火管，点/传火药包 | 可燃、半可燃传火管，点/传火药包 | 可燃、半可燃传火管，点/传火药包 | 胶化、压伸、晾药、切断、捆把、驱溶、混同、检验、包装，传火管管体车加工，装配 | F1	0.96
test	关系事实	table_risk_mapping_rule	风险辨识	ROOT	table_2#行64	切断	位置部位实例	危险区域	F1	类别概念									生产分类=发射药管、发射药包，可燃药筒、半可燃药筒,硝化纤维素软片制的传火药盒体｜可燃、半可燃传火管，点/传火药包；危险工作间名称=切断	ROOT	19 | 发射药管、发射药包，可燃药筒、半可燃药筒,硝化纤维素软片制的传火药盒体 | 可燃、半可燃传火管，点/传火药包 | 可燃、半可燃传火管，点/传火药包 | 可燃、半可燃传火管，点/传火药包 | 胶化、压伸、晾药、切断、捆把、驱溶、混同、检验、包装，传火管管体车加工，装配 | F1	0.96
test	关系事实	table_risk_mapping_rule	风险辨识	ROOT	table_2#行64	包装	位置部位实例	危险区域	F1	类别概念									生产分类=发射药管、发射药包，可燃药筒、半可燃药筒,硝化纤维素软片制的传火药盒体｜可燃、半可燃传火管，点/传火药包；危险工作间名称=包装	ROOT	19 | 发射药管、发射药包，可燃药筒、半可燃药筒,硝化纤维素软片制的传火药盒体 | 可燃、半可燃传火管，点/传火药包 | 可燃、半可燃传火管，点/传火药包 | 可燃、半可燃传火管，点/传火药包 | 胶化、压伸、晾药、切断、捆把、驱溶、混同、检验、包装，传火管管体车加工，装配 | F1	0.96
test	关系事实	table_risk_mapping_rule	风险辨识	ROOT	table_2#行64	压伸	位置部位实例	危险区域	F1	类别概念									生产分类=发射药管、发射药包，可燃药筒、半可燃药筒,硝化纤维素软片制的传火药盒体｜可燃、半可燃传火管，点/传火药包；危险工作间名称=压伸	ROOT	19 | 发射药管、发射药包，可燃药筒、半可燃药筒,硝化纤维素软片制的传火药盒体 | 可燃、半可燃传火管，点/传火药包 | 可燃、半可燃传火管，点/传火药包 | 可燃、半可燃传火管，点/传火药包 | 胶化、压伸、晾药、切断、捆把、驱溶、混同、检验、包装，传火管管体车加工，装配 | F1	0.96
test	关系事实	table_risk_mapping_rule	风险辨识	ROOT	table_2#行64	发射药管、发射药包，可燃药筒、半可燃药筒,硝化纤维素软片制的传火药盒体	类别概念	危险工作间名称	胶化	位置部位实例									生产分类=发射药管、发射药包，可燃药筒、半可燃药筒,硝化纤维素软片制的传火药盒体｜可燃、半可燃传火管，点/传火药包	ROOT	19 | 发射药管、发射药包，可燃药筒、半可燃药筒,硝化纤维素软片制的传火药盒体 | 可燃、半可燃传火管，点/传火药包 | 可燃、半可燃传火管，点/传火药包 | 可燃、半可燃传火管，点/传火药包 | 胶化、压伸、晾药、切断、捆把、驱溶、混同、检验、包装，传火管管体车加工，装配 | F1	0.96
test	关系事实	table_risk_mapping_rule	风险辨识	ROOT	table_2#行64	发射药管、发射药包，可燃药筒、半可燃药筒,硝化纤维素软片制的传火药盒体	类别概念	危险工作间名称	压伸	位置部位实例									生产分类=发射药管、发射药包，可燃药筒、半可燃药筒,硝化纤维素软片制的传火药盒体｜可燃、半可燃传火管，点/传火药包	ROOT	19 | 发射药管、发射药包，可燃药筒、半可燃药筒,硝化纤维素软片制的传火药盒体 | 可燃、半可燃传火管，点/传火药包 | 可燃、半可燃传火管，点/传火药包 | 可燃、半可燃传火管，点/传火药包 | 胶化、压伸、晾药、切断、捆把、驱溶、混同、检验、包装，传火管管体车加工，装配 | F1	0.96
test	关系事实	table_risk_mapping_rule	风险辨识	ROOT	table_2#行64	发射药管、发射药包，可燃药筒、半可燃药筒,硝化纤维素软片制的传火药盒体	类别概念	危险工作间名称	晾药	位置部位实例									生产分类=发射药管、发射药包，可燃药筒、半可燃药筒,硝化纤维素软片制的传火药盒体｜可燃、半可燃传火管，点/传火药包	ROOT	19 | 发射药管、发射药包，可燃药筒、半可燃药筒,硝化纤维素软片制的传火药盒体 | 可燃、半可燃传火管，点/传火药包 | 可燃、半可燃传火管，点/传火药包 | 可燃、半可燃传火管，点/传火药包 | 胶化、压伸、晾药、切断、捆把、驱溶、混同、检验、包装，传火管管体车加工，装配 | F1	0.96
test	关系事实	table_risk_mapping_rule	风险辨识	ROOT	table_2#行64	发射药管、发射药包，可燃药筒、半可燃药筒,硝化纤维素软片制的传火药盒体	类别概念	危险工作间名称	切断	位置部位实例									生产分类=发射药管、发射药包，可燃药筒、半可燃药筒,硝化纤维素软片制的传火药盒体｜可燃、半可燃传火管，点/传火药包	ROOT	19 | 发射药管、发射药包，可燃药筒、半可燃药筒,硝化纤维素软片制的传火药盒体 | 可燃、半可燃传火管，点/传火药包 | 可燃、半可燃传火管，点/传火药包 | 可燃、半可燃传火管，点/传火药包 | 胶化、压伸、晾药、切断、捆把、驱溶、混同、检验、包装，传火管管体车加工，装配 | F1	0.96
test	关系事实	table_risk_mapping_rule	风险辨识	ROOT	table_2#行64	发射药管、发射药包，可燃药筒、半可燃药筒,硝化纤维素软片制的传火药盒体	类别概念	危险工作间名称	捆把	位置部位实例									生产分类=发射药管、发射药包，可燃药筒、半可燃药筒,硝化纤维素软片制的传火药盒体｜可燃、半可燃传火管，点/传火药包	ROOT	19 | 发射药管、发射药包，可燃药筒、半可燃药筒,硝化纤维素软片制的传火药盒体 | 可燃、半可燃传火管，点/传火药包 | 可燃、半可燃传火管，点/传火药包 | 可燃、半可燃传火管，点/传火药包 | 胶化、压伸、晾药、切断、捆把、驱溶、混同、检验、包装，传火管管体车加工，装配 | F1	0.96
test	关系事实	table_risk_mapping_rule	风险辨识	ROOT	table_2#行64	发射药管、发射药包，可燃药筒、半可燃药筒,硝化纤维素软片制的传火药盒体	类别概念	危险工作间名称	驱溶	位置部位实例									生产分类=发射药管、发射药包，可燃药筒、半可燃药筒,硝化纤维素软片制的传火药盒体｜可燃、半可燃传火管，点/传火药包	ROOT	19 | 发射药管、发射药包，可燃药筒、半可燃药筒,硝化纤维素软片制的传火药盒体 | 可燃、半可燃传火管，点/传火药包 | 可燃、半可燃传火管，点/传火药包 | 可燃、半可燃传火管，点/传火药包 | 胶化、压伸、晾药、切断、捆把、驱溶、混同、检验、包装，传火管管体车加工，装配 | F1	0.96
test	关系事实	table_risk_mapping_rule	风险辨识	ROOT	table_2#行64	发射药管、发射药包，可燃药筒、半可燃药筒,硝化纤维素软片制的传火药盒体	类别概念	危险工作间名称	混同	位置部位实例									生产分类=发射药管、发射药包，可燃药筒、半可燃药筒,硝化纤维素软片制的传火药盒体｜可燃、半可燃传火管，点/传火药包	ROOT	19 | 发射药管、发射药包，可燃药筒、半可燃药筒,硝化纤维素软片制的传火药盒体 | 可燃、半可燃传火管，点/传火药包 | 可燃、半可燃传火管，点/传火药包 | 可燃、半可燃传火管，点/传火药包 | 胶化、压伸、晾药、切断、捆把、驱溶、混同、检验、包装，传火管管体车加工，装配 | F1	0.96
test	关系事实	table_risk_mapping_rule	风险辨识	ROOT	table_2#行64	发射药管、发射药包，可燃药筒、半可燃药筒,硝化纤维素软片制的传火药盒体	类别概念	危险工作间名称	传火管管体车加工	位置部位实例									生产分类=发射药管、发射药包，可燃药筒、半可燃药筒,硝化纤维素软片制的传火药盒体｜可燃、半可燃传火管，点/传火药包	ROOT	19 | 发射药管、发射药包，可燃药筒、半可燃药筒,硝化纤维素软片制的传火药盒体 | 可燃、半可燃传火管，点/传火药包 | 可燃、半可燃传火管，点/传火药包 | 可燃、半可燃传火管，点/传火药包 | 胶化、压伸、晾药、切断、捆把、驱溶、混同、检验、包装，传火管管体车加工，装配 | F1	0.96
test	关系事实	table_risk_mapping_rule	风险辨识	ROOT	table_2#行64	发射药管、发射药包，可燃药筒、半可燃药筒,硝化纤维素软片制的传火药盒体	类别概念	危险工作间名称	检验	位置部位实例									生产分类=发射药管、发射药包，可燃药筒、半可燃药筒,硝化纤维素软片制的传火药盒体｜可燃、半可燃传火管，点/传火药包	ROOT	19 | 发射药管、发射药包，可燃药筒、半可燃药筒,硝化纤维素软片制的传火药盒体 | 可燃、半可燃传火管，点/传火药包 | 可燃、半可燃传火管，点/传火药包 | 可燃、半可燃传火管，点/传火药包 | 胶化、压伸、晾药、切断、捆把、驱溶、混同、检验、包装，传火管管体车加工，装配 | F1	0.96
test	关系事实	table_risk_mapping_rule	风险辨识	ROOT	table_2#行64	发射药管、发射药包，可燃药筒、半可燃药筒,硝化纤维素软片制的传火药盒体	类别概念	危险工作间名称	包装	位置部位实例									生产分类=发射药管、发射药包，可燃药筒、半可燃药筒,硝化纤维素软片制的传火药盒体｜可燃、半可燃传火管，点/传火药包	ROOT	19 | 发射药管、发射药包，可燃药筒、半可燃药筒,硝化纤维素软片制的传火药盒体 | 可燃、半可燃传火管，点/传火药包 | 可燃、半可燃传火管，点/传火药包 | 可燃、半可燃传火管，点/传火药包 | 胶化、压伸、晾药、切断、捆把、驱溶、混同、检验、包装，传火管管体车加工，装配 | F1	0.96
test	关系事实	table_risk_mapping_rule	风险辨识	ROOT	table_2#行64	发射药管、发射药包，可燃药筒、半可燃药筒,硝化纤维素软片制的传火药盒体	类别概念	危险工作间名称	装配	位置部位实例									生产分类=发射药管、发射药包，可燃药筒、半可燃药筒,硝化纤维素软片制的传火药盒体｜可燃、半可燃传火管，点/传火药包	ROOT	19 | 发射药管、发射药包，可燃药筒、半可燃药筒,硝化纤维素软片制的传火药盒体 | 可燃、半可燃传火管，点/传火药包 | 可燃、半可燃传火管，点/传火药包 | 可燃、半可燃传火管，点/传火药包 | 胶化、压伸、晾药、切断、捆把、驱溶、混同、检验、包装，传火管管体车加工，装配 | F1	0.96
test	属性事实	table_risk_mapping_rule	风险辨识	ROOT	table_2#行64	发射药管、发射药包，可燃药筒、半可燃药筒,硝化纤维素软片制的传火药盒体	类别概念	生产分类	发射药管、发射药包，可燃药筒、半可燃药筒,硝化纤维素软片制的传火药盒体｜可燃、半可燃传火管，点/传火药包	作业信息					文本描述					ROOT	19 | 发射药管、发射药包，可燃药筒、半可燃药筒,硝化纤维素软片制的传火药盒体 | 可燃、半可燃传火管，点/传火药包 | 可燃、半可燃传火管，点/传火药包 | 可燃、半可燃传火管，点/传火药包 | 胶化、压伸、晾药、切断、捆把、驱溶、混同、检验、包装，传火管管体车加工，装配 | F1	0.96
test	关系事实	table_risk_mapping_rule	风险辨识	ROOT	table_2#行64	捆把	位置部位实例	危险区域	F1	类别概念									生产分类=发射药管、发射药包，可燃药筒、半可燃药筒,硝化纤维素软片制的传火药盒体｜可燃、半可燃传火管，点/传火药包；危险工作间名称=捆把	ROOT	19 | 发射药管、发射药包，可燃药筒、半可燃药筒,硝化纤维素软片制的传火药盒体 | 可燃、半可燃传火管，点/传火药包 | 可燃、半可燃传火管，点/传火药包 | 可燃、半可燃传火管，点/传火药包 | 胶化、压伸、晾药、切断、捆把、驱溶、混同、检验、包装，传火管管体车加工，装配 | F1	0.96
test	关系事实	table_risk_mapping_rule	风险辨识	ROOT	table_2#行64	晾药	位置部位实例	危险区域	F1	类别概念									生产分类=发射药管、发射药包，可燃药筒、半可燃药筒,硝化纤维素软片制的传火药盒体｜可燃、半可燃传火管，点/传火药包；危险工作间名称=晾药	ROOT	19 | 发射药管、发射药包，可燃药筒、半可燃药筒,硝化纤维素软片制的传火药盒体 | 可燃、半可燃传火管，点/传火药包 | 可燃、半可燃传火管，点/传火药包 | 可燃、半可燃传火管，点/传火药包 | 胶化、压伸、晾药、切断、捆把、驱溶、混同、检验、包装，传火管管体车加工，装配 | F1	0.96
test	关系事实	table_risk_mapping_rule	风险辨识	ROOT	table_2#行64	检验	位置部位实例	危险区域	F1	类别概念									生产分类=发射药管、发射药包，可燃药筒、半可燃药筒,硝化纤维素软片制的传火药盒体｜可燃、半可燃传火管，点/传火药包；危险工作间名称=检验	ROOT	19 | 发射药管、发射药包，可燃药筒、半可燃药筒,硝化纤维素软片制的传火药盒体 | 可燃、半可燃传火管，点/传火药包 | 可燃、半可燃传火管，点/传火药包 | 可燃、半可燃传火管，点/传火药包 | 胶化、压伸、晾药、切断、捆把、驱溶、混同、检验、包装，传火管管体车加工，装配 | F1	0.96
test	关系事实	table_risk_mapping_rule	风险辨识	ROOT	table_2#行64	混同	位置部位实例	危险区域	F1	类别概念									生产分类=发射药管、发射药包，可燃药筒、半可燃药筒,硝化纤维素软片制的传火药盒体｜可燃、半可燃传火管，点/传火药包；危险工作间名称=混同	ROOT	19 | 发射药管、发射药包，可燃药筒、半可燃药筒,硝化纤维素软片制的传火药盒体 | 可燃、半可燃传火管，点/传火药包 | 可燃、半可燃传火管，点/传火药包 | 可燃、半可燃传火管，点/传火药包 | 胶化、压伸、晾药、切断、捆把、驱溶、混同、检验、包装，传火管管体车加工，装配 | F1	0.96
test	关系事实	table_risk_mapping_rule	风险辨识	ROOT	table_2#行64	胶化	位置部位实例	危险区域	F1	类别概念									生产分类=发射药管、发射药包，可燃药筒、半可燃药筒,硝化纤维素软片制的传火药盒体｜可燃、半可燃传火管，点/传火药包；危险工作间名称=胶化	ROOT	19 | 发射药管、发射药包，可燃药筒、半可燃药筒,硝化纤维素软片制的传火药盒体 | 可燃、半可燃传火管，点/传火药包 | 可燃、半可燃传火管，点/传火药包 | 可燃、半可燃传火管，点/传火药包 | 胶化、压伸、晾药、切断、捆把、驱溶、混同、检验、包装，传火管管体车加工，装配 | F1	0.96
test	关系事实	table_risk_mapping_rule	风险辨识	ROOT	table_2#行64	装配	位置部位实例	危险区域	F1	类别概念									生产分类=发射药管、发射药包，可燃药筒、半可燃药筒,硝化纤维素软片制的传火药盒体｜可燃、半可燃传火管，点/传火药包；危险工作间名称=装配	ROOT	19 | 发射药管、发射药包，可燃药筒、半可燃药筒,硝化纤维素软片制的传火药盒体 | 可燃、半可燃传火管，点/传火药包 | 可燃、半可燃传火管，点/传火药包 | 可燃、半可燃传火管，点/传火药包 | 胶化、压伸、晾药、切断、捆把、驱溶、混同、检验、包装，传火管管体车加工，装配 | F1	0.96
test	关系事实	table_risk_mapping_rule	风险辨识	ROOT	table_2#行64	驱溶	位置部位实例	危险区域	F1	类别概念									生产分类=发射药管、发射药包，可燃药筒、半可燃药筒,硝化纤维素软片制的传火药盒体｜可燃、半可燃传火管，点/传火药包；危险工作间名称=驱溶	ROOT	19 | 发射药管、发射药包，可燃药筒、半可燃药筒,硝化纤维素软片制的传火药盒体 | 可燃、半可燃传火管，点/传火药包 | 可燃、半可燃传火管，点/传火药包 | 可燃、半可燃传火管，点/传火药包 | 胶化、压伸、晾药、切断、捆把、驱溶、混同、检验、包装，传火管管体车加工，装配 | F1	0.96
test	关系事实	table_risk_mapping_rule	风险辨识	ROOT	table_2#行65	传火管管体成型	位置部位实例	危险区域	F2	类别概念									生产分类=发射药管、发射药包，可燃药筒、半可燃药筒,硝化纤维素软片制的传火药盒体｜可燃、半可燃传火管，点/传火药包；危险工作间名称=传火管管体成型	ROOT	19 | 发射药管、发射药包，可燃药筒、半可燃药筒,硝化纤维素软片制的传火药盒体 | 可燃、半可燃传火管，点/传火药包 | 可燃、半可燃传火管，点/传火药包 | 可燃、半可燃传火管，点/传火药包 | 传火管管体成型、烘干、贴衬纸、打孔、粘接金属接头、检验 | F2	0.96
test	关系事实	table_risk_mapping_rule	风险辨识	ROOT	table_2#行65	发射药管、发射药包，可燃药筒、半可燃药筒,硝化纤维素软片制的传火药盒体	类别概念	危险工作间名称	传火管管体成型	位置部位实例									生产分类=发射药管、发射药包，可燃药筒、半可燃药筒,硝化纤维素软片制的传火药盒体｜可燃、半可燃传火管，点/传火药包	ROOT	19 | 发射药管、发射药包，可燃药筒、半可燃药筒,硝化纤维素软片制的传火药盒体 | 可燃、半可燃传火管，点/传火药包 | 可燃、半可燃传火管，点/传火药包 | 可燃、半可燃传火管，点/传火药包 | 传火管管体成型、烘干、贴衬纸、打孔、粘接金属接头、检验 | F2	0.96
test	关系事实	table_risk_mapping_rule	风险辨识	ROOT	table_2#行65	发射药管、发射药包，可燃药筒、半可燃药筒,硝化纤维素软片制的传火药盒体	类别概念	危险工作间名称	烘干	位置部位实例									生产分类=发射药管、发射药包，可燃药筒、半可燃药筒,硝化纤维素软片制的传火药盒体｜可燃、半可燃传火管，点/传火药包	ROOT	19 | 发射药管、发射药包，可燃药筒、半可燃药筒,硝化纤维素软片制的传火药盒体 | 可燃、半可燃传火管，点/传火药包 | 可燃、半可燃传火管，点/传火药包 | 可燃、半可燃传火管，点/传火药包 | 传火管管体成型、烘干、贴衬纸、打孔、粘接金属接头、检验 | F2	0.96
test	关系事实	table_risk_mapping_rule	风险辨识	ROOT	table_2#行65	发射药管、发射药包，可燃药筒、半可燃药筒,硝化纤维素软片制的传火药盒体	类别概念	危险工作间名称	贴衬纸	位置部位实例									生产分类=发射药管、发射药包，可燃药筒、半可燃药筒,硝化纤维素软片制的传火药盒体｜可燃、半可燃传火管，点/传火药包	ROOT	19 | 发射药管、发射药包，可燃药筒、半可燃药筒,硝化纤维素软片制的传火药盒体 | 可燃、半可燃传火管，点/传火药包 | 可燃、半可燃传火管，点/传火药包 | 可燃、半可燃传火管，点/传火药包 | 传火管管体成型、烘干、贴衬纸、打孔、粘接金属接头、检验 | F2	0.96
test	关系事实	table_risk_mapping_rule	风险辨识	ROOT	table_2#行65	发射药管、发射药包，可燃药筒、半可燃药筒,硝化纤维素软片制的传火药盒体	类别概念	危险工作间名称	打孔	位置部位实例									生产分类=发射药管、发射药包，可燃药筒、半可燃药筒,硝化纤维素软片制的传火药盒体｜可燃、半可燃传火管，点/传火药包	ROOT	19 | 发射药管、发射药包，可燃药筒、半可燃药筒,硝化纤维素软片制的传火药盒体 | 可燃、半可燃传火管，点/传火药包 | 可燃、半可燃传火管，点/传火药包 | 可燃、半可燃传火管，点/传火药包 | 传火管管体成型、烘干、贴衬纸、打孔、粘接金属接头、检验 | F2	0.96
test	关系事实	table_risk_mapping_rule	风险辨识	ROOT	table_2#行65	发射药管、发射药包，可燃药筒、半可燃药筒,硝化纤维素软片制的传火药盒体	类别概念	危险工作间名称	粘接金属接头	位置部位实例									生产分类=发射药管、发射药包，可燃药筒、半可燃药筒,硝化纤维素软片制的传火药盒体｜可燃、半可燃传火管，点/传火药包	ROOT	19 | 发射药管、发射药包，可燃药筒、半可燃药筒,硝化纤维素软片制的传火药盒体 | 可燃、半可燃传火管，点/传火药包 | 可燃、半可燃传火管，点/传火药包 | 可燃、半可燃传火管，点/传火药包 | 传火管管体成型、烘干、贴衬纸、打孔、粘接金属接头、检验 | F2	0.96
test	关系事实	table_risk_mapping_rule	风险辨识	ROOT	table_2#行65	打孔	位置部位实例	危险区域	F2	类别概念									生产分类=发射药管、发射药包，可燃药筒、半可燃药筒,硝化纤维素软片制的传火药盒体｜可燃、半可燃传火管，点/传火药包；危险工作间名称=打孔	ROOT	19 | 发射药管、发射药包，可燃药筒、半可燃药筒,硝化纤维素软片制的传火药盒体 | 可燃、半可燃传火管，点/传火药包 | 可燃、半可燃传火管，点/传火药包 | 可燃、半可燃传火管，点/传火药包 | 传火管管体成型、烘干、贴衬纸、打孔、粘接金属接头、检验 | F2	0.96
test	关系事实	table_risk_mapping_rule	风险辨识	ROOT	table_2#行65	检验	位置部位实例	危险区域	F2	类别概念									生产分类=发射药管、发射药包，可燃药筒、半可燃药筒,硝化纤维素软片制的传火药盒体｜可燃、半可燃传火管，点/传火药包；危险工作间名称=检验	ROOT	19 | 发射药管、发射药包，可燃药筒、半可燃药筒,硝化纤维素软片制的传火药盒体 | 可燃、半可燃传火管，点/传火药包 | 可燃、半可燃传火管，点/传火药包 | 可燃、半可燃传火管，点/传火药包 | 传火管管体成型、烘干、贴衬纸、打孔、粘接金属接头、检验 | F2	0.96
test	关系事实	table_risk_mapping_rule	风险辨识	ROOT	table_2#行65	烘干	位置部位实例	危险区域	F2	类别概念									生产分类=发射药管、发射药包，可燃药筒、半可燃药筒,硝化纤维素软片制的传火药盒体｜可燃、半可燃传火管，点/传火药包；危险工作间名称=烘干	ROOT	19 | 发射药管、发射药包，可燃药筒、半可燃药筒,硝化纤维素软片制的传火药盒体 | 可燃、半可燃传火管，点/传火药包 | 可燃、半可燃传火管，点/传火药包 | 可燃、半可燃传火管，点/传火药包 | 传火管管体成型、烘干、贴衬纸、打孔、粘接金属接头、检验 | F2	0.96
test	关系事实	table_risk_mapping_rule	风险辨识	ROOT	table_2#行65	粘接金属接头	位置部位实例	危险区域	F2	类别概念									生产分类=发射药管、发射药包，可燃药筒、半可燃药筒,硝化纤维素软片制的传火药盒体｜可燃、半可燃传火管，点/传火药包；危险工作间名称=粘接金属接头	ROOT	19 | 发射药管、发射药包，可燃药筒、半可燃药筒,硝化纤维素软片制的传火药盒体 | 可燃、半可燃传火管，点/传火药包 | 可燃、半可燃传火管，点/传火药包 | 可燃、半可燃传火管，点/传火药包 | 传火管管体成型、烘干、贴衬纸、打孔、粘接金属接头、检验 | F2	0.96
test	关系事实	table_risk_mapping_rule	风险辨识	ROOT	table_2#行65	贴衬纸	位置部位实例	危险区域	F2	类别概念									生产分类=发射药管、发射药包，可燃药筒、半可燃药筒,硝化纤维素软片制的传火药盒体｜可燃、半可燃传火管，点/传火药包；危险工作间名称=贴衬纸	ROOT	19 | 发射药管、发射药包，可燃药筒、半可燃药筒,硝化纤维素软片制的传火药盒体 | 可燃、半可燃传火管，点/传火药包 | 可燃、半可燃传火管，点/传火药包 | 可燃、半可燃传火管，点/传火药包 | 传火管管体成型、烘干、贴衬纸、打孔、粘接金属接头、检验 | F2	0.96
test	关系事实	table_risk_mapping_rule	风险辨识	ROOT	table_2#行66	发射药管、发射药包，可燃药筒、半可燃药筒,硝化纤维素软片制的传火药盒体	类别概念	危险工作间名称	过滤脱泡	位置部位实例									生产分类=发射药管、发射药包，可燃药筒、半可燃药筒,硝化纤维素软片制的传火药盒体｜硝基软片	ROOT	19 | 发射药管、发射药包，可燃药筒、半可燃药筒,硝化纤维素软片制的传火药盒体 | 硝基软片 | 硝基软片 | 硝基软片 | 配料、过滤脱泡、流涎、烘干、收片 | F1	0.96
test	关系事实	table_risk_mapping_rule	风险辨识	ROOT	table_2#行66	发射药管、发射药包，可燃药筒、半可燃药筒,硝化纤维素软片制的传火药盒体	类别概念	危险工作间名称	流涎	位置部位实例									生产分类=发射药管、发射药包，可燃药筒、半可燃药筒,硝化纤维素软片制的传火药盒体｜硝基软片	ROOT	19 | 发射药管、发射药包，可燃药筒、半可燃药筒,硝化纤维素软片制的传火药盒体 | 硝基软片 | 硝基软片 | 硝基软片 | 配料、过滤脱泡、流涎、烘干、收片 | F1	0.96
test	关系事实	table_risk_mapping_rule	风险辨识	ROOT	table_2#行66	发射药管、发射药包，可燃药筒、半可燃药筒,硝化纤维素软片制的传火药盒体	类别概念	危险工作间名称	收片	位置部位实例									生产分类=发射药管、发射药包，可燃药筒、半可燃药筒,硝化纤维素软片制的传火药盒体｜硝基软片	ROOT	19 | 发射药管、发射药包，可燃药筒、半可燃药筒,硝化纤维素软片制的传火药盒体 | 硝基软片 | 硝基软片 | 硝基软片 | 配料、过滤脱泡、流涎、烘干、收片 | F1	0.96
test	关系事实	table_risk_mapping_rule	风险辨识	ROOT	table_2#行66	发射药管、发射药包，可燃药筒、半可燃药筒,硝化纤维素软片制的传火药盒体	类别概念	危险工作间名称	配料	位置部位实例									生产分类=发射药管、发射药包，可燃药筒、半可燃药筒,硝化纤维素软片制的传火药盒体｜硝基软片	ROOT	19 | 发射药管、发射药包，可燃药筒、半可燃药筒,硝化纤维素软片制的传火药盒体 | 硝基软片 | 硝基软片 | 硝基软片 | 配料、过滤脱泡、流涎、烘干、收片 | F1	0.96
test	关系事实	table_risk_mapping_rule	风险辨识	ROOT	table_2#行66	发射药管、发射药包，可燃药筒、半可燃药筒,硝化纤维素软片制的传火药盒体	类别概念	危险工作间名称	烘干	位置部位实例									生产分类=发射药管、发射药包，可燃药筒、半可燃药筒,硝化纤维素软片制的传火药盒体｜硝基软片	ROOT	19 | 发射药管、发射药包，可燃药筒、半可燃药筒,硝化纤维素软片制的传火药盒体 | 硝基软片 | 硝基软片 | 硝基软片 | 配料、过滤脱泡、流涎、烘干、收片 | F1	0.96
test	属性事实	table_risk_mapping_rule	风险辨识	ROOT	table_2#行66	发射药管、发射药包，可燃药筒、半可燃药筒,硝化纤维素软片制的传火药盒体	类别概念	生产分类	发射药管、发射药包，可燃药筒、半可燃药筒,硝化纤维素软片制的传火药盒体｜硝基软片	作业信息					文本描述					ROOT	19 | 发射药管、发射药包，可燃药筒、半可燃药筒,硝化纤维素软片制的传火药盒体 | 硝基软片 | 硝基软片 | 硝基软片 | 配料、过滤脱泡、流涎、烘干、收片 | F1	0.96
test	关系事实	table_risk_mapping_rule	风险辨识	ROOT	table_2#行66	收片	位置部位实例	危险区域	F1	类别概念									生产分类=发射药管、发射药包，可燃药筒、半可燃药筒,硝化纤维素软片制的传火药盒体｜硝基软片；危险工作间名称=收片	ROOT	19 | 发射药管、发射药包，可燃药筒、半可燃药筒,硝化纤维素软片制的传火药盒体 | 硝基软片 | 硝基软片 | 硝基软片 | 配料、过滤脱泡、流涎、烘干、收片 | F1	0.96
test	关系事实	table_risk_mapping_rule	风险辨识	ROOT	table_2#行66	流涎	位置部位实例	危险区域	F1	类别概念									生产分类=发射药管、发射药包，可燃药筒、半可燃药筒,硝化纤维素软片制的传火药盒体｜硝基软片；危险工作间名称=流涎	ROOT	19 | 发射药管、发射药包，可燃药筒、半可燃药筒,硝化纤维素软片制的传火药盒体 | 硝基软片 | 硝基软片 | 硝基软片 | 配料、过滤脱泡、流涎、烘干、收片 | F1	0.96
test	关系事实	table_risk_mapping_rule	风险辨识	ROOT	table_2#行66	烘干	位置部位实例	危险区域	F1	类别概念									生产分类=发射药管、发射药包，可燃药筒、半可燃药筒,硝化纤维素软片制的传火药盒体｜硝基软片；危险工作间名称=烘干	ROOT	19 | 发射药管、发射药包，可燃药筒、半可燃药筒,硝化纤维素软片制的传火药盒体 | 硝基软片 | 硝基软片 | 硝基软片 | 配料、过滤脱泡、流涎、烘干、收片 | F1	0.96
test	关系事实	table_risk_mapping_rule	风险辨识	ROOT	table_2#行66	过滤脱泡	位置部位实例	危险区域	F1	类别概念									生产分类=发射药管、发射药包，可燃药筒、半可燃药筒,硝化纤维素软片制的传火药盒体｜硝基软片；危险工作间名称=过滤脱泡	ROOT	19 | 发射药管、发射药包，可燃药筒、半可燃药筒,硝化纤维素软片制的传火药盒体 | 硝基软片 | 硝基软片 | 硝基软片 | 配料、过滤脱泡、流涎、烘干、收片 | F1	0.96
test	关系事实	table_risk_mapping_rule	风险辨识	ROOT	table_2#行66	配料	位置部位实例	危险区域	F1	类别概念									生产分类=发射药管、发射药包，可燃药筒、半可燃药筒,硝化纤维素软片制的传火药盒体｜硝基软片；危险工作间名称=配料	ROOT	19 | 发射药管、发射药包，可燃药筒、半可燃药筒,硝化纤维素软片制的传火药盒体 | 硝基软片 | 硝基软片 | 硝基软片 | 配料、过滤脱泡、流涎、烘干、收片 | F1	0.96
test	关系事实	table_risk_mapping_rule	风险辨识	ROOT	table_2#行67	包装	位置部位实例	危险区域	F2	类别概念									生产分类=发射药管、发射药包，可燃药筒、半可燃药筒,硝化纤维素软片制的传火药盒体｜硝基软片；危险工作间名称=包装	ROOT	19 | 发射药管、发射药包，可燃药筒、半可燃药筒,硝化纤维素软片制的传火药盒体 | 硝基软片 | 硝基软片 | 硝基软片 | 硝化棉成型、检验、包装 | F2	0.96
test	关系事实	table_risk_mapping_rule	风险辨识	ROOT	table_2#行67	发射药管、发射药包，可燃药筒、半可燃药筒,硝化纤维素软片制的传火药盒体	类别概念	危险工作间名称	硝化棉成型	位置部位实例									生产分类=发射药管、发射药包，可燃药筒、半可燃药筒,硝化纤维素软片制的传火药盒体｜硝基软片	ROOT	19 | 发射药管、发射药包，可燃药筒、半可燃药筒,硝化纤维素软片制的传火药盒体 | 硝基软片 | 硝基软片 | 硝基软片 | 硝化棉成型、检验、包装 | F2	0.96
test	关系事实	table_risk_mapping_rule	风险辨识	ROOT	table_2#行67	发射药管、发射药包，可燃药筒、半可燃药筒,硝化纤维素软片制的传火药盒体	类别概念	危险工作间名称	检验	位置部位实例									生产分类=发射药管、发射药包，可燃药筒、半可燃药筒,硝化纤维素软片制的传火药盒体｜硝基软片	ROOT	19 | 发射药管、发射药包，可燃药筒、半可燃药筒,硝化纤维素软片制的传火药盒体 | 硝基软片 | 硝基软片 | 硝基软片 | 硝化棉成型、检验、包装 | F2	0.96
test	关系事实	table_risk_mapping_rule	风险辨识	ROOT	table_2#行67	发射药管、发射药包，可燃药筒、半可燃药筒,硝化纤维素软片制的传火药盒体	类别概念	危险工作间名称	包装	位置部位实例									生产分类=发射药管、发射药包，可燃药筒、半可燃药筒,硝化纤维素软片制的传火药盒体｜硝基软片	ROOT	19 | 发射药管、发射药包，可燃药筒、半可燃药筒,硝化纤维素软片制的传火药盒体 | 硝基软片 | 硝基软片 | 硝基软片 | 硝化棉成型、检验、包装 | F2	0.96
test	关系事实	table_risk_mapping_rule	风险辨识	ROOT	table_2#行67	检验	位置部位实例	危险区域	F2	类别概念									生产分类=发射药管、发射药包，可燃药筒、半可燃药筒,硝化纤维素软片制的传火药盒体｜硝基软片；危险工作间名称=检验	ROOT	19 | 发射药管、发射药包，可燃药筒、半可燃药筒,硝化纤维素软片制的传火药盒体 | 硝基软片 | 硝基软片 | 硝基软片 | 硝化棉成型、检验、包装 | F2	0.96
test	关系事实	table_risk_mapping_rule	风险辨识	ROOT	table_2#行67	硝化棉成型	位置部位实例	危险区域	F2	类别概念									生产分类=发射药管、发射药包，可燃药筒、半可燃药筒,硝化纤维素软片制的传火药盒体｜硝基软片；危险工作间名称=硝化棉成型	ROOT	19 | 发射药管、发射药包，可燃药筒、半可燃药筒,硝化纤维素软片制的传火药盒体 | 硝基软片 | 硝基软片 | 硝基软片 | 硝化棉成型、检验、包装 | F2	0.96
test	关系事实	table_risk_mapping_rule	风险辨识	ROOT	table_2#行68	切药	位置部位实例	危险区域	F1**	类别概念									生产分类=发射药管、发射药包，可燃药筒、半可燃药筒,硝化纤维素软片制的传火药盒体｜装药元器件；危险工作间名称=切药	ROOT	19 | 发射药管、发射药包，可燃药筒、半可燃药筒,硝化纤维素软片制的传火药盒体 | 装药元器件 | 装药元器件 | 装药元器件 | 胶化、压伸、摆药、切药、预烘、烘干、混同、包装 | F1**	0.96
test	关系事实	table_risk_mapping_rule	风险辨识	ROOT	table_2#行68	包装	位置部位实例	危险区域	F1**	类别概念									生产分类=发射药管、发射药包，可燃药筒、半可燃药筒,硝化纤维素软片制的传火药盒体｜装药元器件；危险工作间名称=包装	ROOT	19 | 发射药管、发射药包，可燃药筒、半可燃药筒,硝化纤维素软片制的传火药盒体 | 装药元器件 | 装药元器件 | 装药元器件 | 胶化、压伸、摆药、切药、预烘、烘干、混同、包装 | F1**	0.96
test	关系事实	table_risk_mapping_rule	风险辨识	ROOT	table_2#行68	压伸	位置部位实例	危险区域	F1**	类别概念									生产分类=发射药管、发射药包，可燃药筒、半可燃药筒,硝化纤维素软片制的传火药盒体｜装药元器件；危险工作间名称=压伸	ROOT	19 | 发射药管、发射药包，可燃药筒、半可燃药筒,硝化纤维素软片制的传火药盒体 | 装药元器件 | 装药元器件 | 装药元器件 | 胶化、压伸、摆药、切药、预烘、烘干、混同、包装 | F1**	0.96
test	关系事实	table_risk_mapping_rule	风险辨识	ROOT	table_2#行68	发射药管、发射药包，可燃药筒、半可燃药筒,硝化纤维素软片制的传火药盒体	类别概念	危险工作间名称	摆药	位置部位实例									生产分类=发射药管、发射药包，可燃药筒、半可燃药筒,硝化纤维素软片制的传火药盒体｜装药元器件	ROOT	19 | 发射药管、发射药包，可燃药筒、半可燃药筒,硝化纤维素软片制的传火药盒体 | 装药元器件 | 装药元器件 | 装药元器件 | 胶化、压伸、摆药、切药、预烘、烘干、混同、包装 | F1**	0.96
test	关系事实	table_risk_mapping_rule	风险辨识	ROOT	table_2#行68	发射药管、发射药包，可燃药筒、半可燃药筒,硝化纤维素软片制的传火药盒体	类别概念	危险工作间名称	切药	位置部位实例									生产分类=发射药管、发射药包，可燃药筒、半可燃药筒,硝化纤维素软片制的传火药盒体｜装药元器件	ROOT	19 | 发射药管、发射药包，可燃药筒、半可燃药筒,硝化纤维素软片制的传火药盒体 | 装药元器件 | 装药元器件 | 装药元器件 | 胶化、压伸、摆药、切药、预烘、烘干、混同、包装 | F1**	0.96
test	关系事实	table_risk_mapping_rule	风险辨识	ROOT	table_2#行68	发射药管、发射药包，可燃药筒、半可燃药筒,硝化纤维素软片制的传火药盒体	类别概念	危险工作间名称	预烘	位置部位实例									生产分类=发射药管、发射药包，可燃药筒、半可燃药筒,硝化纤维素软片制的传火药盒体｜装药元器件	ROOT	19 | 发射药管、发射药包，可燃药筒、半可燃药筒,硝化纤维素软片制的传火药盒体 | 装药元器件 | 装药元器件 | 装药元器件 | 胶化、压伸、摆药、切药、预烘、烘干、混同、包装 | F1**	0.96
test	关系事实	table_risk_mapping_rule	风险辨识	ROOT	table_2#行68	发射药管、发射药包，可燃药筒、半可燃药筒,硝化纤维素软片制的传火药盒体	类别概念	危险工作间名称	胶化	位置部位实例									生产分类=发射药管、发射药包，可燃药筒、半可燃药筒,硝化纤维素软片制的传火药盒体｜装药元器件	ROOT	19 | 发射药管、发射药包，可燃药筒、半可燃药筒,硝化纤维素软片制的传火药盒体 | 装药元器件 | 装药元器件 | 装药元器件 | 胶化、压伸、摆药、切药、预烘、烘干、混同、包装 | F1**	0.96
test	关系事实	table_risk_mapping_rule	风险辨识	ROOT	table_2#行68	发射药管、发射药包，可燃药筒、半可燃药筒,硝化纤维素软片制的传火药盒体	类别概念	危险工作间名称	压伸	位置部位实例									生产分类=发射药管、发射药包，可燃药筒、半可燃药筒,硝化纤维素软片制的传火药盒体｜装药元器件	ROOT	19 | 发射药管、发射药包，可燃药筒、半可燃药筒,硝化纤维素软片制的传火药盒体 | 装药元器件 | 装药元器件 | 装药元器件 | 胶化、压伸、摆药、切药、预烘、烘干、混同、包装 | F1**	0.96
test	关系事实	table_risk_mapping_rule	风险辨识	ROOT	table_2#行68	发射药管、发射药包，可燃药筒、半可燃药筒,硝化纤维素软片制的传火药盒体	类别概念	危险工作间名称	烘干	位置部位实例									生产分类=发射药管、发射药包，可燃药筒、半可燃药筒,硝化纤维素软片制的传火药盒体｜装药元器件	ROOT	19 | 发射药管、发射药包，可燃药筒、半可燃药筒,硝化纤维素软片制的传火药盒体 | 装药元器件 | 装药元器件 | 装药元器件 | 胶化、压伸、摆药、切药、预烘、烘干、混同、包装 | F1**	0.96
test	关系事实	table_risk_mapping_rule	风险辨识	ROOT	table_2#行68	发射药管、发射药包，可燃药筒、半可燃药筒,硝化纤维素软片制的传火药盒体	类别概念	危险工作间名称	混同	位置部位实例									生产分类=发射药管、发射药包，可燃药筒、半可燃药筒,硝化纤维素软片制的传火药盒体｜装药元器件	ROOT	19 | 发射药管、发射药包，可燃药筒、半可燃药筒,硝化纤维素软片制的传火药盒体 | 装药元器件 | 装药元器件 | 装药元器件 | 胶化、压伸、摆药、切药、预烘、烘干、混同、包装 | F1**	0.96
test	关系事实	table_risk_mapping_rule	风险辨识	ROOT	table_2#行68	发射药管、发射药包，可燃药筒、半可燃药筒,硝化纤维素软片制的传火药盒体	类别概念	危险工作间名称	包装	位置部位实例									生产分类=发射药管、发射药包，可燃药筒、半可燃药筒,硝化纤维素软片制的传火药盒体｜装药元器件	ROOT	19 | 发射药管、发射药包，可燃药筒、半可燃药筒,硝化纤维素软片制的传火药盒体 | 装药元器件 | 装药元器件 | 装药元器件 | 胶化、压伸、摆药、切药、预烘、烘干、混同、包装 | F1**	0.96
test	属性事实	table_risk_mapping_rule	风险辨识	ROOT	table_2#行68	发射药管、发射药包，可燃药筒、半可燃药筒,硝化纤维素软片制的传火药盒体	类别概念	生产分类	发射药管、发射药包，可燃药筒、半可燃药筒,硝化纤维素软片制的传火药盒体｜装药元器件	作业信息					文本描述					ROOT	19 | 发射药管、发射药包，可燃药筒、半可燃药筒,硝化纤维素软片制的传火药盒体 | 装药元器件 | 装药元器件 | 装药元器件 | 胶化、压伸、摆药、切药、预烘、烘干、混同、包装 | F1**	0.96
test	关系事实	table_risk_mapping_rule	风险辨识	ROOT	table_2#行68	摆药	位置部位实例	危险区域	F1**	类别概念									生产分类=发射药管、发射药包，可燃药筒、半可燃药筒,硝化纤维素软片制的传火药盒体｜装药元器件；危险工作间名称=摆药	ROOT	19 | 发射药管、发射药包，可燃药筒、半可燃药筒,硝化纤维素软片制的传火药盒体 | 装药元器件 | 装药元器件 | 装药元器件 | 胶化、压伸、摆药、切药、预烘、烘干、混同、包装 | F1**	0.96
test	关系事实	table_risk_mapping_rule	风险辨识	ROOT	table_2#行68	混同	位置部位实例	危险区域	F1**	类别概念									生产分类=发射药管、发射药包，可燃药筒、半可燃药筒,硝化纤维素软片制的传火药盒体｜装药元器件；危险工作间名称=混同	ROOT	19 | 发射药管、发射药包，可燃药筒、半可燃药筒,硝化纤维素软片制的传火药盒体 | 装药元器件 | 装药元器件 | 装药元器件 | 胶化、压伸、摆药、切药、预烘、烘干、混同、包装 | F1**	0.96
test	关系事实	table_risk_mapping_rule	风险辨识	ROOT	table_2#行68	烘干	位置部位实例	危险区域	F1**	类别概念									生产分类=发射药管、发射药包，可燃药筒、半可燃药筒,硝化纤维素软片制的传火药盒体｜装药元器件；危险工作间名称=烘干	ROOT	19 | 发射药管、发射药包，可燃药筒、半可燃药筒,硝化纤维素软片制的传火药盒体 | 装药元器件 | 装药元器件 | 装药元器件 | 胶化、压伸、摆药、切药、预烘、烘干、混同、包装 | F1**	0.96
test	关系事实	table_risk_mapping_rule	风险辨识	ROOT	table_2#行68	胶化	位置部位实例	危险区域	F1**	类别概念									生产分类=发射药管、发射药包，可燃药筒、半可燃药筒,硝化纤维素软片制的传火药盒体｜装药元器件；危险工作间名称=胶化	ROOT	19 | 发射药管、发射药包，可燃药筒、半可燃药筒,硝化纤维素软片制的传火药盒体 | 装药元器件 | 装药元器件 | 装药元器件 | 胶化、压伸、摆药、切药、预烘、烘干、混同、包装 | F1**	0.96
test	关系事实	table_risk_mapping_rule	风险辨识	ROOT	table_2#行68	预烘	位置部位实例	危险区域	F1**	类别概念									生产分类=发射药管、发射药包，可燃药筒、半可燃药筒,硝化纤维素软片制的传火药盒体｜装药元器件；危险工作间名称=预烘	ROOT	19 | 发射药管、发射药包，可燃药筒、半可燃药筒,硝化纤维素软片制的传火药盒体 | 装药元器件 | 装药元器件 | 装药元器件 | 胶化、压伸、摆药、切药、预烘、烘干、混同、包装 | F1**	0.96
test	关系事实	table_risk_mapping_rule	风险辨识	ROOT	table_2#行69	PBX炸药浇注	位置部位实例	危险区域	F1	类别概念									生产分类=战斗部(或弹体、雷体)｜炮弹、火箭弹、导弹、云爆弹、温压弹、航空炸弹、深水炸弹、破障弹、地雷、鱼雷、水雷；危险工作间名称=PBX炸药浇注	ROOT	20 | 战斗部(或弹体、雷体) | 炮弹、火箭弹、导弹、云爆弹、温压弹、航空炸弹、深水炸弹、破障弹、地雷、鱼雷、水雷 | 炮弹、火箭弹、导弹、云爆弹、温压弹、航空炸弹、深水炸弹、破障弹、地雷、鱼雷、水雷 | 炮弹、火箭弹、导弹、云爆弹、温压弹、航空炸弹、深水炸弹、破障弹、地雷、鱼雷、水雷 | 热塑态装药，注装药，PBX炸药浇注、固化、整形，液固或固体云爆剂(含炸药)制备及装药 | F1	0.96
test	关系事实	table_risk_mapping_rule	风险辨识	ROOT	table_2#行69	固化	位置部位实例	危险区域	F1	类别概念									生产分类=战斗部(或弹体、雷体)｜炮弹、火箭弹、导弹、云爆弹、温压弹、航空炸弹、深水炸弹、破障弹、地雷、鱼雷、水雷；危险工作间名称=固化	ROOT	20 | 战斗部(或弹体、雷体) | 炮弹、火箭弹、导弹、云爆弹、温压弹、航空炸弹、深水炸弹、破障弹、地雷、鱼雷、水雷 | 炮弹、火箭弹、导弹、云爆弹、温压弹、航空炸弹、深水炸弹、破障弹、地雷、鱼雷、水雷 | 炮弹、火箭弹、导弹、云爆弹、温压弹、航空炸弹、深水炸弹、破障弹、地雷、鱼雷、水雷 | 热塑态装药，注装药，PBX炸药浇注、固化、整形，液固或固体云爆剂(含炸药)制备及装药 | F1	0.96
test	关系事实	table_risk_mapping_rule	风险辨识	ROOT	table_2#行69	战斗部(或弹体、雷体)	类别概念	危险工作间名称	热塑态装药	位置部位实例									生产分类=战斗部(或弹体、雷体)｜炮弹、火箭弹、导弹、云爆弹、温压弹、航空炸弹、深水炸弹、破障弹、地雷、鱼雷、水雷	ROOT	20 | 战斗部(或弹体、雷体) | 炮弹、火箭弹、导弹、云爆弹、温压弹、航空炸弹、深水炸弹、破障弹、地雷、鱼雷、水雷 | 炮弹、火箭弹、导弹、云爆弹、温压弹、航空炸弹、深水炸弹、破障弹、地雷、鱼雷、水雷 | 炮弹、火箭弹、导弹、云爆弹、温压弹、航空炸弹、深水炸弹、破障弹、地雷、鱼雷、水雷 | 热塑态装药，注装药，PBX炸药浇注、固化、整形，液固或固体云爆剂(含炸药)制备及装药 | F1	0.96
test	关系事实	table_risk_mapping_rule	风险辨识	ROOT	table_2#行69	战斗部(或弹体、雷体)	类别概念	危险工作间名称	注装药	位置部位实例									生产分类=战斗部(或弹体、雷体)｜炮弹、火箭弹、导弹、云爆弹、温压弹、航空炸弹、深水炸弹、破障弹、地雷、鱼雷、水雷	ROOT	20 | 战斗部(或弹体、雷体) | 炮弹、火箭弹、导弹、云爆弹、温压弹、航空炸弹、深水炸弹、破障弹、地雷、鱼雷、水雷 | 炮弹、火箭弹、导弹、云爆弹、温压弹、航空炸弹、深水炸弹、破障弹、地雷、鱼雷、水雷 | 炮弹、火箭弹、导弹、云爆弹、温压弹、航空炸弹、深水炸弹、破障弹、地雷、鱼雷、水雷 | 热塑态装药，注装药，PBX炸药浇注、固化、整形，液固或固体云爆剂(含炸药)制备及装药 | F1	0.96
test	关系事实	table_risk_mapping_rule	风险辨识	ROOT	table_2#行69	战斗部(或弹体、雷体)	类别概念	危险工作间名称	PBX炸药浇注	位置部位实例									生产分类=战斗部(或弹体、雷体)｜炮弹、火箭弹、导弹、云爆弹、温压弹、航空炸弹、深水炸弹、破障弹、地雷、鱼雷、水雷	ROOT	20 | 战斗部(或弹体、雷体) | 炮弹、火箭弹、导弹、云爆弹、温压弹、航空炸弹、深水炸弹、破障弹、地雷、鱼雷、水雷 | 炮弹、火箭弹、导弹、云爆弹、温压弹、航空炸弹、深水炸弹、破障弹、地雷、鱼雷、水雷 | 炮弹、火箭弹、导弹、云爆弹、温压弹、航空炸弹、深水炸弹、破障弹、地雷、鱼雷、水雷 | 热塑态装药，注装药，PBX炸药浇注、固化、整形，液固或固体云爆剂(含炸药)制备及装药 | F1	0.96
test	关系事实	table_risk_mapping_rule	风险辨识	ROOT	table_2#行69	战斗部(或弹体、雷体)	类别概念	危险工作间名称	固化	位置部位实例									生产分类=战斗部(或弹体、雷体)｜炮弹、火箭弹、导弹、云爆弹、温压弹、航空炸弹、深水炸弹、破障弹、地雷、鱼雷、水雷	ROOT	20 | 战斗部(或弹体、雷体) | 炮弹、火箭弹、导弹、云爆弹、温压弹、航空炸弹、深水炸弹、破障弹、地雷、鱼雷、水雷 | 炮弹、火箭弹、导弹、云爆弹、温压弹、航空炸弹、深水炸弹、破障弹、地雷、鱼雷、水雷 | 炮弹、火箭弹、导弹、云爆弹、温压弹、航空炸弹、深水炸弹、破障弹、地雷、鱼雷、水雷 | 热塑态装药，注装药，PBX炸药浇注、固化、整形，液固或固体云爆剂(含炸药)制备及装药 | F1	0.96
test	关系事实	table_risk_mapping_rule	风险辨识	ROOT	table_2#行69	战斗部(或弹体、雷体)	类别概念	危险工作间名称	整形	位置部位实例									生产分类=战斗部(或弹体、雷体)｜炮弹、火箭弹、导弹、云爆弹、温压弹、航空炸弹、深水炸弹、破障弹、地雷、鱼雷、水雷	ROOT	20 | 战斗部(或弹体、雷体) | 炮弹、火箭弹、导弹、云爆弹、温压弹、航空炸弹、深水炸弹、破障弹、地雷、鱼雷、水雷 | 炮弹、火箭弹、导弹、云爆弹、温压弹、航空炸弹、深水炸弹、破障弹、地雷、鱼雷、水雷 | 炮弹、火箭弹、导弹、云爆弹、温压弹、航空炸弹、深水炸弹、破障弹、地雷、鱼雷、水雷 | 热塑态装药，注装药，PBX炸药浇注、固化、整形，液固或固体云爆剂(含炸药)制备及装药 | F1	0.96
test	关系事实	table_risk_mapping_rule	风险辨识	ROOT	table_2#行69	战斗部(或弹体、雷体)	类别概念	危险工作间名称	液固或固体云爆剂(含炸药)制备及装药	位置部位实例									生产分类=战斗部(或弹体、雷体)｜炮弹、火箭弹、导弹、云爆弹、温压弹、航空炸弹、深水炸弹、破障弹、地雷、鱼雷、水雷	ROOT	20 | 战斗部(或弹体、雷体) | 炮弹、火箭弹、导弹、云爆弹、温压弹、航空炸弹、深水炸弹、破障弹、地雷、鱼雷、水雷 | 炮弹、火箭弹、导弹、云爆弹、温压弹、航空炸弹、深水炸弹、破障弹、地雷、鱼雷、水雷 | 炮弹、火箭弹、导弹、云爆弹、温压弹、航空炸弹、深水炸弹、破障弹、地雷、鱼雷、水雷 | 热塑态装药，注装药，PBX炸药浇注、固化、整形，液固或固体云爆剂(含炸药)制备及装药 | F1	0.96
test	属性事实	table_risk_mapping_rule	风险辨识	ROOT	table_2#行69	战斗部(或弹体、雷体)	类别概念	生产分类	战斗部(或弹体、雷体)｜炮弹、火箭弹、导弹、云爆弹、温压弹、航空炸弹、深水炸弹、破障弹、地雷、鱼雷、水雷	作业信息					文本描述					ROOT	20 | 战斗部(或弹体、雷体) | 炮弹、火箭弹、导弹、云爆弹、温压弹、航空炸弹、深水炸弹、破障弹、地雷、鱼雷、水雷 | 炮弹、火箭弹、导弹、云爆弹、温压弹、航空炸弹、深水炸弹、破障弹、地雷、鱼雷、水雷 | 炮弹、火箭弹、导弹、云爆弹、温压弹、航空炸弹、深水炸弹、破障弹、地雷、鱼雷、水雷 | 热塑态装药，注装药，PBX炸药浇注、固化、整形，液固或固体云爆剂(含炸药)制备及装药 | F1	0.96
test	关系事实	table_risk_mapping_rule	风险辨识	ROOT	table_2#行69	整形	位置部位实例	危险区域	F1	类别概念									生产分类=战斗部(或弹体、雷体)｜炮弹、火箭弹、导弹、云爆弹、温压弹、航空炸弹、深水炸弹、破障弹、地雷、鱼雷、水雷；危险工作间名称=整形	ROOT	20 | 战斗部(或弹体、雷体) | 炮弹、火箭弹、导弹、云爆弹、温压弹、航空炸弹、深水炸弹、破障弹、地雷、鱼雷、水雷 | 炮弹、火箭弹、导弹、云爆弹、温压弹、航空炸弹、深水炸弹、破障弹、地雷、鱼雷、水雷 | 炮弹、火箭弹、导弹、云爆弹、温压弹、航空炸弹、深水炸弹、破障弹、地雷、鱼雷、水雷 | 热塑态装药，注装药，PBX炸药浇注、固化、整形，液固或固体云爆剂(含炸药)制备及装药 | F1	0.96
test	关系事实	table_risk_mapping_rule	风险辨识	ROOT	table_2#行69	注装药	位置部位实例	危险区域	F1	类别概念									生产分类=战斗部(或弹体、雷体)｜炮弹、火箭弹、导弹、云爆弹、温压弹、航空炸弹、深水炸弹、破障弹、地雷、鱼雷、水雷；危险工作间名称=注装药	ROOT	20 | 战斗部(或弹体、雷体) | 炮弹、火箭弹、导弹、云爆弹、温压弹、航空炸弹、深水炸弹、破障弹、地雷、鱼雷、水雷 | 炮弹、火箭弹、导弹、云爆弹、温压弹、航空炸弹、深水炸弹、破障弹、地雷、鱼雷、水雷 | 炮弹、火箭弹、导弹、云爆弹、温压弹、航空炸弹、深水炸弹、破障弹、地雷、鱼雷、水雷 | 热塑态装药，注装药，PBX炸药浇注、固化、整形，液固或固体云爆剂(含炸药)制备及装药 | F1	0.96
test	关系事实	table_risk_mapping_rule	风险辨识	ROOT	table_2#行69	液固或固体云爆剂(含炸药)制备及装药	位置部位实例	危险区域	F1	类别概念									生产分类=战斗部(或弹体、雷体)｜炮弹、火箭弹、导弹、云爆弹、温压弹、航空炸弹、深水炸弹、破障弹、地雷、鱼雷、水雷；危险工作间名称=液固或固体云爆剂(含炸药)制备及装药	ROOT	20 | 战斗部(或弹体、雷体) | 炮弹、火箭弹、导弹、云爆弹、温压弹、航空炸弹、深水炸弹、破障弹、地雷、鱼雷、水雷 | 炮弹、火箭弹、导弹、云爆弹、温压弹、航空炸弹、深水炸弹、破障弹、地雷、鱼雷、水雷 | 炮弹、火箭弹、导弹、云爆弹、温压弹、航空炸弹、深水炸弹、破障弹、地雷、鱼雷、水雷 | 热塑态装药，注装药，PBX炸药浇注、固化、整形，液固或固体云爆剂(含炸药)制备及装药 | F1	0.96
test	关系事实	table_risk_mapping_rule	风险辨识	ROOT	table_2#行69	热塑态装药	位置部位实例	危险区域	F1	类别概念									生产分类=战斗部(或弹体、雷体)｜炮弹、火箭弹、导弹、云爆弹、温压弹、航空炸弹、深水炸弹、破障弹、地雷、鱼雷、水雷；危险工作间名称=热塑态装药	ROOT	20 | 战斗部(或弹体、雷体) | 炮弹、火箭弹、导弹、云爆弹、温压弹、航空炸弹、深水炸弹、破障弹、地雷、鱼雷、水雷 | 炮弹、火箭弹、导弹、云爆弹、温压弹、航空炸弹、深水炸弹、破障弹、地雷、鱼雷、水雷 | 炮弹、火箭弹、导弹、云爆弹、温压弹、航空炸弹、深水炸弹、破障弹、地雷、鱼雷、水雷 | 热塑态装药，注装药，PBX炸药浇注、固化、整形，液固或固体云爆剂(含炸药)制备及装药 | F1	0.96
test	关系事实	table_risk_mapping_rule	风险辨识	ROOT	table_2#行7	分步压装药	位置部位实例	危险区域	F1	类别概念									生产分类=战斗部(或弹体、雷体)｜炮弹、火箭弹、导弹、云爆弹、温压弹、航空炸弹、深水炸弹、破障弹、地雷、鱼雷、水雷；危险工作间名称=分步压装药	ROOT	20 | 战斗部(或弹体、雷体) | 炮弹、火箭弹、导弹、云爆弹、温压弹、航空炸弹、深水炸弹、破障弹、地雷、鱼雷、水雷 | 炮弹、火箭弹、导弹、云爆弹、温压弹、航空炸弹、深水炸弹、破障弹、地雷、鱼雷、水雷 | 炮弹、火箭弹、导弹、云爆弹、温压弹、航空炸弹、深水炸弹、破障弹、地雷、鱼雷、水雷 | 分步压装药、螺旋装药、药柱压制、弹体装药柱(机械压入药柱) | F1	0.96
test	关系事实	table_risk_mapping_rule	风险辨识	ROOT	table_2#行7	废水处理	位置部位实例	危险区域	F2	类别概念									生产分类=硝化甘油或其他 醇类硝酸酯；危险工作间名称=废水处理	ROOT	2 | 硝化甘油或其他 醇类硝酸酯 | 硝化甘油或其他 醇类硝酸酯 | 硝化甘油或其他 醇类硝酸酯 | 硝化甘油或其他 醇类硝酸酯 | 废水澄清、废水处理 | F2	0.96
test	关系事实	table_risk_mapping_rule	风险辨识	ROOT	table_2#行7	废水澄清	位置部位实例	危险区域	F2	类别概念									生产分类=硝化甘油或其他 醇类硝酸酯；危险工作间名称=废水澄清	ROOT	2 | 硝化甘油或其他 醇类硝酸酯 | 硝化甘油或其他 醇类硝酸酯 | 硝化甘油或其他 醇类硝酸酯 | 硝化甘油或其他 醇类硝酸酯 | 废水澄清、废水处理 | F2	0.96
test	关系事实	table_risk_mapping_rule	风险辨识	ROOT	table_2#行7	弹体装药柱(机械压入药柱)	位置部位实例	危险区域	F1	类别概念									生产分类=战斗部(或弹体、雷体)｜炮弹、火箭弹、导弹、云爆弹、温压弹、航空炸弹、深水炸弹、破障弹、地雷、鱼雷、水雷；危险工作间名称=弹体装药柱(机械压入药柱)	ROOT	20 | 战斗部(或弹体、雷体) | 炮弹、火箭弹、导弹、云爆弹、温压弹、航空炸弹、深水炸弹、破障弹、地雷、鱼雷、水雷 | 炮弹、火箭弹、导弹、云爆弹、温压弹、航空炸弹、深水炸弹、破障弹、地雷、鱼雷、水雷 | 炮弹、火箭弹、导弹、云爆弹、温压弹、航空炸弹、深水炸弹、破障弹、地雷、鱼雷、水雷 | 分步压装药、螺旋装药、药柱压制、弹体装药柱(机械压入药柱) | F1	0.96
test	关系事实	table_risk_mapping_rule	风险辨识	ROOT	table_2#行7	战斗部(或弹体、雷体)	类别概念	危险工作间名称	分步压装药	位置部位实例									生产分类=战斗部(或弹体、雷体)｜炮弹、火箭弹、导弹、云爆弹、温压弹、航空炸弹、深水炸弹、破障弹、地雷、鱼雷、水雷	ROOT	20 | 战斗部(或弹体、雷体) | 炮弹、火箭弹、导弹、云爆弹、温压弹、航空炸弹、深水炸弹、破障弹、地雷、鱼雷、水雷 | 炮弹、火箭弹、导弹、云爆弹、温压弹、航空炸弹、深水炸弹、破障弹、地雷、鱼雷、水雷 | 炮弹、火箭弹、导弹、云爆弹、温压弹、航空炸弹、深水炸弹、破障弹、地雷、鱼雷、水雷 | 分步压装药、螺旋装药、药柱压制、弹体装药柱(机械压入药柱) | F1	0.96
test	关系事实	table_risk_mapping_rule	风险辨识	ROOT	table_2#行7	战斗部(或弹体、雷体)	类别概念	危险工作间名称	螺旋装药	位置部位实例									生产分类=战斗部(或弹体、雷体)｜炮弹、火箭弹、导弹、云爆弹、温压弹、航空炸弹、深水炸弹、破障弹、地雷、鱼雷、水雷	ROOT	20 | 战斗部(或弹体、雷体) | 炮弹、火箭弹、导弹、云爆弹、温压弹、航空炸弹、深水炸弹、破障弹、地雷、鱼雷、水雷 | 炮弹、火箭弹、导弹、云爆弹、温压弹、航空炸弹、深水炸弹、破障弹、地雷、鱼雷、水雷 | 炮弹、火箭弹、导弹、云爆弹、温压弹、航空炸弹、深水炸弹、破障弹、地雷、鱼雷、水雷 | 分步压装药、螺旋装药、药柱压制、弹体装药柱(机械压入药柱) | F1	0.96
test	关系事实	table_risk_mapping_rule	风险辨识	ROOT	table_2#行7	战斗部(或弹体、雷体)	类别概念	危险工作间名称	药柱压制	位置部位实例									生产分类=战斗部(或弹体、雷体)｜炮弹、火箭弹、导弹、云爆弹、温压弹、航空炸弹、深水炸弹、破障弹、地雷、鱼雷、水雷	ROOT	20 | 战斗部(或弹体、雷体) | 炮弹、火箭弹、导弹、云爆弹、温压弹、航空炸弹、深水炸弹、破障弹、地雷、鱼雷、水雷 | 炮弹、火箭弹、导弹、云爆弹、温压弹、航空炸弹、深水炸弹、破障弹、地雷、鱼雷、水雷 | 炮弹、火箭弹、导弹、云爆弹、温压弹、航空炸弹、深水炸弹、破障弹、地雷、鱼雷、水雷 | 分步压装药、螺旋装药、药柱压制、弹体装药柱(机械压入药柱) | F1	0.96
test	关系事实	table_risk_mapping_rule	风险辨识	ROOT	table_2#行7	战斗部(或弹体、雷体)	类别概念	危险工作间名称	弹体装药柱(机械压入药柱)	位置部位实例									生产分类=战斗部(或弹体、雷体)｜炮弹、火箭弹、导弹、云爆弹、温压弹、航空炸弹、深水炸弹、破障弹、地雷、鱼雷、水雷	ROOT	20 | 战斗部(或弹体、雷体) | 炮弹、火箭弹、导弹、云爆弹、温压弹、航空炸弹、深水炸弹、破障弹、地雷、鱼雷、水雷 | 炮弹、火箭弹、导弹、云爆弹、温压弹、航空炸弹、深水炸弹、破障弹、地雷、鱼雷、水雷 | 炮弹、火箭弹、导弹、云爆弹、温压弹、航空炸弹、深水炸弹、破障弹、地雷、鱼雷、水雷 | 分步压装药、螺旋装药、药柱压制、弹体装药柱(机械压入药柱) | F1	0.96
test	关系事实	table_risk_mapping_rule	风险辨识	ROOT	table_2#行7	硝化甘油或其他醇类硝酸酯	类别概念	危险工作间名称	废水澄清	位置部位实例									生产分类=硝化甘油或其他 醇类硝酸酯	ROOT	2 | 硝化甘油或其他 醇类硝酸酯 | 硝化甘油或其他 醇类硝酸酯 | 硝化甘油或其他 醇类硝酸酯 | 硝化甘油或其他 醇类硝酸酯 | 废水澄清、废水处理 | F2	0.96
test	关系事实	table_risk_mapping_rule	风险辨识	ROOT	table_2#行7	硝化甘油或其他醇类硝酸酯	类别概念	危险工作间名称	废水处理	位置部位实例									生产分类=硝化甘油或其他 醇类硝酸酯	ROOT	2 | 硝化甘油或其他 醇类硝酸酯 | 硝化甘油或其他 醇类硝酸酯 | 硝化甘油或其他 醇类硝酸酯 | 硝化甘油或其他 醇类硝酸酯 | 废水澄清、废水处理 | F2	0.96
test	关系事实	table_risk_mapping_rule	风险辨识	ROOT	table_2#行7	药柱压制	位置部位实例	危险区域	F1	类别概念									生产分类=战斗部(或弹体、雷体)｜炮弹、火箭弹、导弹、云爆弹、温压弹、航空炸弹、深水炸弹、破障弹、地雷、鱼雷、水雷；危险工作间名称=药柱压制	ROOT	20 | 战斗部(或弹体、雷体) | 炮弹、火箭弹、导弹、云爆弹、温压弹、航空炸弹、深水炸弹、破障弹、地雷、鱼雷、水雷 | 炮弹、火箭弹、导弹、云爆弹、温压弹、航空炸弹、深水炸弹、破障弹、地雷、鱼雷、水雷 | 炮弹、火箭弹、导弹、云爆弹、温压弹、航空炸弹、深水炸弹、破障弹、地雷、鱼雷、水雷 | 分步压装药、螺旋装药、药柱压制、弹体装药柱(机械压入药柱) | F1	0.96
test	关系事实	table_risk_mapping_rule	风险辨识	ROOT	table_2#行7	螺旋装药	位置部位实例	危险区域	F1	类别概念									生产分类=战斗部(或弹体、雷体)｜炮弹、火箭弹、导弹、云爆弹、温压弹、航空炸弹、深水炸弹、破障弹、地雷、鱼雷、水雷；危险工作间名称=螺旋装药	ROOT	20 | 战斗部(或弹体、雷体) | 炮弹、火箭弹、导弹、云爆弹、温压弹、航空炸弹、深水炸弹、破障弹、地雷、鱼雷、水雷 | 炮弹、火箭弹、导弹、云爆弹、温压弹、航空炸弹、深水炸弹、破障弹、地雷、鱼雷、水雷 | 炮弹、火箭弹、导弹、云爆弹、温压弹、航空炸弹、深水炸弹、破障弹、地雷、鱼雷、水雷 | 分步压装药、螺旋装药、药柱压制、弹体装药柱(机械压入药柱) | F1	0.96
test	关系事实	table_risk_mapping_rule	风险辨识	ROOT	table_2#行71	冒口药粉碎	位置部位实例	危险区域	F1	类别概念									生产分类=战斗部(或弹体、雷体)｜炮弹、火箭弹、导弹、云爆弹、温压弹、航空炸弹、深水炸弹、破障弹、地雷、鱼雷、水雷；危险工作间名称=冒口药粉碎	ROOT	20 | 战斗部(或弹体、雷体) | 炮弹、火箭弹、导弹、云爆弹、温压弹、航空炸弹、深水炸弹、破障弹、地雷、鱼雷、水雷 | 炮弹、火箭弹、导弹、云爆弹、温压弹、航空炸弹、深水炸弹、破障弹、地雷、鱼雷、水雷 | 炮弹、火箭弹、导弹、云爆弹、温压弹、航空炸弹、深水炸弹、破障弹、地雷、鱼雷、水雷 | 战斗部(或弹体、雷体)钻孔、锯弹、锯开合弹药柱、清理药面、冒口药粉碎、药柱加工 | F1	0.96
test	关系事实	table_risk_mapping_rule	风险辨识	ROOT	table_2#行71	战斗部(或弹体、雷体)	类别概念	危险工作间名称	战斗部(或弹体、雷体)钻孔	位置部位实例									生产分类=战斗部(或弹体、雷体)｜炮弹、火箭弹、导弹、云爆弹、温压弹、航空炸弹、深水炸弹、破障弹、地雷、鱼雷、水雷	ROOT	20 | 战斗部(或弹体、雷体) | 炮弹、火箭弹、导弹、云爆弹、温压弹、航空炸弹、深水炸弹、破障弹、地雷、鱼雷、水雷 | 炮弹、火箭弹、导弹、云爆弹、温压弹、航空炸弹、深水炸弹、破障弹、地雷、鱼雷、水雷 | 炮弹、火箭弹、导弹、云爆弹、温压弹、航空炸弹、深水炸弹、破障弹、地雷、鱼雷、水雷 | 战斗部(或弹体、雷体)钻孔、锯弹、锯开合弹药柱、清理药面、冒口药粉碎、药柱加工 | F1	0.96
test	关系事实	table_risk_mapping_rule	风险辨识	ROOT	table_2#行71	战斗部(或弹体、雷体)	类别概念	危险工作间名称	锯弹	位置部位实例									生产分类=战斗部(或弹体、雷体)｜炮弹、火箭弹、导弹、云爆弹、温压弹、航空炸弹、深水炸弹、破障弹、地雷、鱼雷、水雷	ROOT	20 | 战斗部(或弹体、雷体) | 炮弹、火箭弹、导弹、云爆弹、温压弹、航空炸弹、深水炸弹、破障弹、地雷、鱼雷、水雷 | 炮弹、火箭弹、导弹、云爆弹、温压弹、航空炸弹、深水炸弹、破障弹、地雷、鱼雷、水雷 | 炮弹、火箭弹、导弹、云爆弹、温压弹、航空炸弹、深水炸弹、破障弹、地雷、鱼雷、水雷 | 战斗部(或弹体、雷体)钻孔、锯弹、锯开合弹药柱、清理药面、冒口药粉碎、药柱加工 | F1	0.96
test	关系事实	table_risk_mapping_rule	风险辨识	ROOT	table_2#行71	战斗部(或弹体、雷体)	类别概念	危险工作间名称	锯开合弹药柱	位置部位实例									生产分类=战斗部(或弹体、雷体)｜炮弹、火箭弹、导弹、云爆弹、温压弹、航空炸弹、深水炸弹、破障弹、地雷、鱼雷、水雷	ROOT	20 | 战斗部(或弹体、雷体) | 炮弹、火箭弹、导弹、云爆弹、温压弹、航空炸弹、深水炸弹、破障弹、地雷、鱼雷、水雷 | 炮弹、火箭弹、导弹、云爆弹、温压弹、航空炸弹、深水炸弹、破障弹、地雷、鱼雷、水雷 | 炮弹、火箭弹、导弹、云爆弹、温压弹、航空炸弹、深水炸弹、破障弹、地雷、鱼雷、水雷 | 战斗部(或弹体、雷体)钻孔、锯弹、锯开合弹药柱、清理药面、冒口药粉碎、药柱加工 | F1	0.96
test	关系事实	table_risk_mapping_rule	风险辨识	ROOT	table_2#行71	战斗部(或弹体、雷体)	类别概念	危险工作间名称	清理药面	位置部位实例									生产分类=战斗部(或弹体、雷体)｜炮弹、火箭弹、导弹、云爆弹、温压弹、航空炸弹、深水炸弹、破障弹、地雷、鱼雷、水雷	ROOT	20 | 战斗部(或弹体、雷体) | 炮弹、火箭弹、导弹、云爆弹、温压弹、航空炸弹、深水炸弹、破障弹、地雷、鱼雷、水雷 | 炮弹、火箭弹、导弹、云爆弹、温压弹、航空炸弹、深水炸弹、破障弹、地雷、鱼雷、水雷 | 炮弹、火箭弹、导弹、云爆弹、温压弹、航空炸弹、深水炸弹、破障弹、地雷、鱼雷、水雷 | 战斗部(或弹体、雷体)钻孔、锯弹、锯开合弹药柱、清理药面、冒口药粉碎、药柱加工 | F1	0.96
test	关系事实	table_risk_mapping_rule	风险辨识	ROOT	table_2#行71	战斗部(或弹体、雷体)	类别概念	危险工作间名称	冒口药粉碎	位置部位实例									生产分类=战斗部(或弹体、雷体)｜炮弹、火箭弹、导弹、云爆弹、温压弹、航空炸弹、深水炸弹、破障弹、地雷、鱼雷、水雷	ROOT	20 | 战斗部(或弹体、雷体) | 炮弹、火箭弹、导弹、云爆弹、温压弹、航空炸弹、深水炸弹、破障弹、地雷、鱼雷、水雷 | 炮弹、火箭弹、导弹、云爆弹、温压弹、航空炸弹、深水炸弹、破障弹、地雷、鱼雷、水雷 | 炮弹、火箭弹、导弹、云爆弹、温压弹、航空炸弹、深水炸弹、破障弹、地雷、鱼雷、水雷 | 战斗部(或弹体、雷体)钻孔、锯弹、锯开合弹药柱、清理药面、冒口药粉碎、药柱加工 | F1	0.96
test	关系事实	table_risk_mapping_rule	风险辨识	ROOT	table_2#行71	战斗部(或弹体、雷体)	类别概念	危险工作间名称	药柱加工	位置部位实例									生产分类=战斗部(或弹体、雷体)｜炮弹、火箭弹、导弹、云爆弹、温压弹、航空炸弹、深水炸弹、破障弹、地雷、鱼雷、水雷	ROOT	20 | 战斗部(或弹体、雷体) | 炮弹、火箭弹、导弹、云爆弹、温压弹、航空炸弹、深水炸弹、破障弹、地雷、鱼雷、水雷 | 炮弹、火箭弹、导弹、云爆弹、温压弹、航空炸弹、深水炸弹、破障弹、地雷、鱼雷、水雷 | 炮弹、火箭弹、导弹、云爆弹、温压弹、航空炸弹、深水炸弹、破障弹、地雷、鱼雷、水雷 | 战斗部(或弹体、雷体)钻孔、锯弹、锯开合弹药柱、清理药面、冒口药粉碎、药柱加工 | F1	0.96
test	关系事实	table_risk_mapping_rule	风险辨识	ROOT	table_2#行71	战斗部(或弹体、雷体)钻孔	位置部位实例	危险区域	F1	类别概念									生产分类=战斗部(或弹体、雷体)｜炮弹、火箭弹、导弹、云爆弹、温压弹、航空炸弹、深水炸弹、破障弹、地雷、鱼雷、水雷；危险工作间名称=战斗部(或弹体、雷体)钻孔	ROOT	20 | 战斗部(或弹体、雷体) | 炮弹、火箭弹、导弹、云爆弹、温压弹、航空炸弹、深水炸弹、破障弹、地雷、鱼雷、水雷 | 炮弹、火箭弹、导弹、云爆弹、温压弹、航空炸弹、深水炸弹、破障弹、地雷、鱼雷、水雷 | 炮弹、火箭弹、导弹、云爆弹、温压弹、航空炸弹、深水炸弹、破障弹、地雷、鱼雷、水雷 | 战斗部(或弹体、雷体)钻孔、锯弹、锯开合弹药柱、清理药面、冒口药粉碎、药柱加工 | F1	0.96
test	关系事实	table_risk_mapping_rule	风险辨识	ROOT	table_2#行71	清理药面	位置部位实例	危险区域	F1	类别概念									生产分类=战斗部(或弹体、雷体)｜炮弹、火箭弹、导弹、云爆弹、温压弹、航空炸弹、深水炸弹、破障弹、地雷、鱼雷、水雷；危险工作间名称=清理药面	ROOT	20 | 战斗部(或弹体、雷体) | 炮弹、火箭弹、导弹、云爆弹、温压弹、航空炸弹、深水炸弹、破障弹、地雷、鱼雷、水雷 | 炮弹、火箭弹、导弹、云爆弹、温压弹、航空炸弹、深水炸弹、破障弹、地雷、鱼雷、水雷 | 炮弹、火箭弹、导弹、云爆弹、温压弹、航空炸弹、深水炸弹、破障弹、地雷、鱼雷、水雷 | 战斗部(或弹体、雷体)钻孔、锯弹、锯开合弹药柱、清理药面、冒口药粉碎、药柱加工 | F1	0.96
test	关系事实	table_risk_mapping_rule	风险辨识	ROOT	table_2#行71	药柱加工	位置部位实例	危险区域	F1	类别概念									生产分类=战斗部(或弹体、雷体)｜炮弹、火箭弹、导弹、云爆弹、温压弹、航空炸弹、深水炸弹、破障弹、地雷、鱼雷、水雷；危险工作间名称=药柱加工	ROOT	20 | 战斗部(或弹体、雷体) | 炮弹、火箭弹、导弹、云爆弹、温压弹、航空炸弹、深水炸弹、破障弹、地雷、鱼雷、水雷 | 炮弹、火箭弹、导弹、云爆弹、温压弹、航空炸弹、深水炸弹、破障弹、地雷、鱼雷、水雷 | 炮弹、火箭弹、导弹、云爆弹、温压弹、航空炸弹、深水炸弹、破障弹、地雷、鱼雷、水雷 | 战斗部(或弹体、雷体)钻孔、锯弹、锯开合弹药柱、清理药面、冒口药粉碎、药柱加工 | F1	0.96
test	关系事实	table_risk_mapping_rule	风险辨识	ROOT	table_2#行71	锯开合弹药柱	位置部位实例	危险区域	F1	类别概念									生产分类=战斗部(或弹体、雷体)｜炮弹、火箭弹、导弹、云爆弹、温压弹、航空炸弹、深水炸弹、破障弹、地雷、鱼雷、水雷；危险工作间名称=锯开合弹药柱	ROOT	20 | 战斗部(或弹体、雷体) | 炮弹、火箭弹、导弹、云爆弹、温压弹、航空炸弹、深水炸弹、破障弹、地雷、鱼雷、水雷 | 炮弹、火箭弹、导弹、云爆弹、温压弹、航空炸弹、深水炸弹、破障弹、地雷、鱼雷、水雷 | 炮弹、火箭弹、导弹、云爆弹、温压弹、航空炸弹、深水炸弹、破障弹、地雷、鱼雷、水雷 | 战斗部(或弹体、雷体)钻孔、锯弹、锯开合弹药柱、清理药面、冒口药粉碎、药柱加工 | F1	0.96
test	关系事实	table_risk_mapping_rule	风险辨识	ROOT	table_2#行71	锯弹	位置部位实例	危险区域	F1	类别概念									生产分类=战斗部(或弹体、雷体)｜炮弹、火箭弹、导弹、云爆弹、温压弹、航空炸弹、深水炸弹、破障弹、地雷、鱼雷、水雷；危险工作间名称=锯弹	ROOT	20 | 战斗部(或弹体、雷体) | 炮弹、火箭弹、导弹、云爆弹、温压弹、航空炸弹、深水炸弹、破障弹、地雷、鱼雷、水雷 | 炮弹、火箭弹、导弹、云爆弹、温压弹、航空炸弹、深水炸弹、破障弹、地雷、鱼雷、水雷 | 炮弹、火箭弹、导弹、云爆弹、温压弹、航空炸弹、深水炸弹、破障弹、地雷、鱼雷、水雷 | 战斗部(或弹体、雷体)钻孔、锯弹、锯开合弹药柱、清理药面、冒口药粉碎、药柱加工 | F1	0.96
test	关系事实	table_risk_mapping_rule	风险辨识	ROOT	table_2#行72	喷(补)漆	位置部位实例	危险区域	F1	类别概念									生产分类=战斗部(或弹体、雷体)｜炮弹、火箭弹、导弹、云爆弹、温压弹、航空炸弹、深水炸弹、破障弹、地雷、鱼雷、水雷；危险工作间名称=喷(补)漆	ROOT	20 | 战斗部(或弹体、雷体) | 炮弹、火箭弹、导弹、云爆弹、温压弹、航空炸弹、深水炸弹、破障弹、地雷、鱼雷、水雷 | 炮弹、火箭弹、导弹、云爆弹、温压弹、航空炸弹、深水炸弹、破障弹、地雷、鱼雷、水雷 | 炮弹、火箭弹、导弹、云爆弹、温压弹、航空炸弹、深水炸弹、破障弹、地雷、鱼雷、水雷 | 战斗部(或弹体、雷体)装配、电性能检测、检验、喷(补)漆 | F1	0.96
test	关系事实	table_risk_mapping_rule	风险辨识	ROOT	table_2#行72	战斗部(或弹体、雷体)	类别概念	危险工作间名称	战斗部(或弹体、雷体)装配	位置部位实例									生产分类=战斗部(或弹体、雷体)｜炮弹、火箭弹、导弹、云爆弹、温压弹、航空炸弹、深水炸弹、破障弹、地雷、鱼雷、水雷	ROOT	20 | 战斗部(或弹体、雷体) | 炮弹、火箭弹、导弹、云爆弹、温压弹、航空炸弹、深水炸弹、破障弹、地雷、鱼雷、水雷 | 炮弹、火箭弹、导弹、云爆弹、温压弹、航空炸弹、深水炸弹、破障弹、地雷、鱼雷、水雷 | 炮弹、火箭弹、导弹、云爆弹、温压弹、航空炸弹、深水炸弹、破障弹、地雷、鱼雷、水雷 | 战斗部(或弹体、雷体)装配、电性能检测、检验、喷(补)漆 | F1	0.96
test	关系事实	table_risk_mapping_rule	风险辨识	ROOT	table_2#行72	战斗部(或弹体、雷体)	类别概念	危险工作间名称	电性能检测	位置部位实例									生产分类=战斗部(或弹体、雷体)｜炮弹、火箭弹、导弹、云爆弹、温压弹、航空炸弹、深水炸弹、破障弹、地雷、鱼雷、水雷	ROOT	20 | 战斗部(或弹体、雷体) | 炮弹、火箭弹、导弹、云爆弹、温压弹、航空炸弹、深水炸弹、破障弹、地雷、鱼雷、水雷 | 炮弹、火箭弹、导弹、云爆弹、温压弹、航空炸弹、深水炸弹、破障弹、地雷、鱼雷、水雷 | 炮弹、火箭弹、导弹、云爆弹、温压弹、航空炸弹、深水炸弹、破障弹、地雷、鱼雷、水雷 | 战斗部(或弹体、雷体)装配、电性能检测、检验、喷(补)漆 | F1	0.96
test	关系事实	table_risk_mapping_rule	风险辨识	ROOT	table_2#行72	战斗部(或弹体、雷体)	类别概念	危险工作间名称	检验	位置部位实例									生产分类=战斗部(或弹体、雷体)｜炮弹、火箭弹、导弹、云爆弹、温压弹、航空炸弹、深水炸弹、破障弹、地雷、鱼雷、水雷	ROOT	20 | 战斗部(或弹体、雷体) | 炮弹、火箭弹、导弹、云爆弹、温压弹、航空炸弹、深水炸弹、破障弹、地雷、鱼雷、水雷 | 炮弹、火箭弹、导弹、云爆弹、温压弹、航空炸弹、深水炸弹、破障弹、地雷、鱼雷、水雷 | 炮弹、火箭弹、导弹、云爆弹、温压弹、航空炸弹、深水炸弹、破障弹、地雷、鱼雷、水雷 | 战斗部(或弹体、雷体)装配、电性能检测、检验、喷(补)漆 | F1	0.96
test	关系事实	table_risk_mapping_rule	风险辨识	ROOT	table_2#行72	战斗部(或弹体、雷体)	类别概念	危险工作间名称	喷(补)漆	位置部位实例									生产分类=战斗部(或弹体、雷体)｜炮弹、火箭弹、导弹、云爆弹、温压弹、航空炸弹、深水炸弹、破障弹、地雷、鱼雷、水雷	ROOT	20 | 战斗部(或弹体、雷体) | 炮弹、火箭弹、导弹、云爆弹、温压弹、航空炸弹、深水炸弹、破障弹、地雷、鱼雷、水雷 | 炮弹、火箭弹、导弹、云爆弹、温压弹、航空炸弹、深水炸弹、破障弹、地雷、鱼雷、水雷 | 炮弹、火箭弹、导弹、云爆弹、温压弹、航空炸弹、深水炸弹、破障弹、地雷、鱼雷、水雷 | 战斗部(或弹体、雷体)装配、电性能检测、检验、喷(补)漆 | F1	0.96
test	关系事实	table_risk_mapping_rule	风险辨识	ROOT	table_2#行72	战斗部(或弹体、雷体)装配	位置部位实例	危险区域	F1	类别概念									生产分类=战斗部(或弹体、雷体)｜炮弹、火箭弹、导弹、云爆弹、温压弹、航空炸弹、深水炸弹、破障弹、地雷、鱼雷、水雷；危险工作间名称=战斗部(或弹体、雷体)装配	ROOT	20 | 战斗部(或弹体、雷体) | 炮弹、火箭弹、导弹、云爆弹、温压弹、航空炸弹、深水炸弹、破障弹、地雷、鱼雷、水雷 | 炮弹、火箭弹、导弹、云爆弹、温压弹、航空炸弹、深水炸弹、破障弹、地雷、鱼雷、水雷 | 炮弹、火箭弹、导弹、云爆弹、温压弹、航空炸弹、深水炸弹、破障弹、地雷、鱼雷、水雷 | 战斗部(或弹体、雷体)装配、电性能检测、检验、喷(补)漆 | F1	0.96
test	关系事实	table_risk_mapping_rule	风险辨识	ROOT	table_2#行72	检验	位置部位实例	危险区域	F1	类别概念									生产分类=战斗部(或弹体、雷体)｜炮弹、火箭弹、导弹、云爆弹、温压弹、航空炸弹、深水炸弹、破障弹、地雷、鱼雷、水雷；危险工作间名称=检验	ROOT	20 | 战斗部(或弹体、雷体) | 炮弹、火箭弹、导弹、云爆弹、温压弹、航空炸弹、深水炸弹、破障弹、地雷、鱼雷、水雷 | 炮弹、火箭弹、导弹、云爆弹、温压弹、航空炸弹、深水炸弹、破障弹、地雷、鱼雷、水雷 | 炮弹、火箭弹、导弹、云爆弹、温压弹、航空炸弹、深水炸弹、破障弹、地雷、鱼雷、水雷 | 战斗部(或弹体、雷体)装配、电性能检测、检验、喷(补)漆 | F1	0.96
test	关系事实	table_risk_mapping_rule	风险辨识	ROOT	table_2#行72	电性能检测	位置部位实例	危险区域	F1	类别概念									生产分类=战斗部(或弹体、雷体)｜炮弹、火箭弹、导弹、云爆弹、温压弹、航空炸弹、深水炸弹、破障弹、地雷、鱼雷、水雷；危险工作间名称=电性能检测	ROOT	20 | 战斗部(或弹体、雷体) | 炮弹、火箭弹、导弹、云爆弹、温压弹、航空炸弹、深水炸弹、破障弹、地雷、鱼雷、水雷 | 炮弹、火箭弹、导弹、云爆弹、温压弹、航空炸弹、深水炸弹、破障弹、地雷、鱼雷、水雷 | 炮弹、火箭弹、导弹、云爆弹、温压弹、航空炸弹、深水炸弹、破障弹、地雷、鱼雷、水雷 | 战斗部(或弹体、雷体)装配、电性能检测、检验、喷(补)漆 | F1	0.96
test	关系事实	table_risk_mapping_rule	风险辨识	ROOT	table_2#行73	全弹	类别概念	危险工作间名称	发动机(或药筒)装药	位置部位实例									生产分类=全弹｜炮弹、火箭弹、导弹、云爆弹、温压弹、航空炸弹、深水炸弹、破障弹、地雷、鱼雷、水雷	ROOT	21 | 全弹 | 炮弹、火箭弹、导弹、云爆弹、温压弹、航空炸弹、深水炸弹、破障弹、地雷、鱼雷、水雷 | 炮弹、火箭弹、导弹、云爆弹、温压弹、航空炸弹、深水炸弹、破障弹、地雷、鱼雷、水雷 | 炮弹、火箭弹、导弹、云爆弹、温压弹、航空炸弹、深水炸弹、破障弹、地雷、鱼雷、水雷 | 发动机(或药筒)装药、装配、电性能检测、检验、喷(补)漆、包装 | F1	0.96
test	关系事实	table_risk_mapping_rule	风险辨识	ROOT	table_2#行73	全弹	类别概念	危险工作间名称	装配	位置部位实例									生产分类=全弹｜炮弹、火箭弹、导弹、云爆弹、温压弹、航空炸弹、深水炸弹、破障弹、地雷、鱼雷、水雷	ROOT	21 | 全弹 | 炮弹、火箭弹、导弹、云爆弹、温压弹、航空炸弹、深水炸弹、破障弹、地雷、鱼雷、水雷 | 炮弹、火箭弹、导弹、云爆弹、温压弹、航空炸弹、深水炸弹、破障弹、地雷、鱼雷、水雷 | 炮弹、火箭弹、导弹、云爆弹、温压弹、航空炸弹、深水炸弹、破障弹、地雷、鱼雷、水雷 | 发动机(或药筒)装药、装配、电性能检测、检验、喷(补)漆、包装 | F1	0.96
test	关系事实	table_risk_mapping_rule	风险辨识	ROOT	table_2#行73	全弹	类别概念	危险工作间名称	电性能检测	位置部位实例									生产分类=全弹｜炮弹、火箭弹、导弹、云爆弹、温压弹、航空炸弹、深水炸弹、破障弹、地雷、鱼雷、水雷	ROOT	21 | 全弹 | 炮弹、火箭弹、导弹、云爆弹、温压弹、航空炸弹、深水炸弹、破障弹、地雷、鱼雷、水雷 | 炮弹、火箭弹、导弹、云爆弹、温压弹、航空炸弹、深水炸弹、破障弹、地雷、鱼雷、水雷 | 炮弹、火箭弹、导弹、云爆弹、温压弹、航空炸弹、深水炸弹、破障弹、地雷、鱼雷、水雷 | 发动机(或药筒)装药、装配、电性能检测、检验、喷(补)漆、包装 | F1	0.96
test	关系事实	table_risk_mapping_rule	风险辨识	ROOT	table_2#行73	全弹	类别概念	危险工作间名称	检验	位置部位实例									生产分类=全弹｜炮弹、火箭弹、导弹、云爆弹、温压弹、航空炸弹、深水炸弹、破障弹、地雷、鱼雷、水雷	ROOT	21 | 全弹 | 炮弹、火箭弹、导弹、云爆弹、温压弹、航空炸弹、深水炸弹、破障弹、地雷、鱼雷、水雷 | 炮弹、火箭弹、导弹、云爆弹、温压弹、航空炸弹、深水炸弹、破障弹、地雷、鱼雷、水雷 | 炮弹、火箭弹、导弹、云爆弹、温压弹、航空炸弹、深水炸弹、破障弹、地雷、鱼雷、水雷 | 发动机(或药筒)装药、装配、电性能检测、检验、喷(补)漆、包装 | F1	0.96
test	关系事实	table_risk_mapping_rule	风险辨识	ROOT	table_2#行73	全弹	类别概念	危险工作间名称	喷(补)漆	位置部位实例									生产分类=全弹｜炮弹、火箭弹、导弹、云爆弹、温压弹、航空炸弹、深水炸弹、破障弹、地雷、鱼雷、水雷	ROOT	21 | 全弹 | 炮弹、火箭弹、导弹、云爆弹、温压弹、航空炸弹、深水炸弹、破障弹、地雷、鱼雷、水雷 | 炮弹、火箭弹、导弹、云爆弹、温压弹、航空炸弹、深水炸弹、破障弹、地雷、鱼雷、水雷 | 炮弹、火箭弹、导弹、云爆弹、温压弹、航空炸弹、深水炸弹、破障弹、地雷、鱼雷、水雷 | 发动机(或药筒)装药、装配、电性能检测、检验、喷(补)漆、包装 | F1	0.96
test	关系事实	table_risk_mapping_rule	风险辨识	ROOT	table_2#行73	全弹	类别概念	危险工作间名称	包装	位置部位实例									生产分类=全弹｜炮弹、火箭弹、导弹、云爆弹、温压弹、航空炸弹、深水炸弹、破障弹、地雷、鱼雷、水雷	ROOT	21 | 全弹 | 炮弹、火箭弹、导弹、云爆弹、温压弹、航空炸弹、深水炸弹、破障弹、地雷、鱼雷、水雷 | 炮弹、火箭弹、导弹、云爆弹、温压弹、航空炸弹、深水炸弹、破障弹、地雷、鱼雷、水雷 | 炮弹、火箭弹、导弹、云爆弹、温压弹、航空炸弹、深水炸弹、破障弹、地雷、鱼雷、水雷 | 发动机(或药筒)装药、装配、电性能检测、检验、喷(补)漆、包装 | F1	0.96
test	属性事实	table_risk_mapping_rule	风险辨识	ROOT	table_2#行73	全弹	类别概念	生产分类	全弹｜炮弹、火箭弹、导弹、云爆弹、温压弹、航空炸弹、深水炸弹、破障弹、地雷、鱼雷、水雷	作业信息					文本描述					ROOT	21 | 全弹 | 炮弹、火箭弹、导弹、云爆弹、温压弹、航空炸弹、深水炸弹、破障弹、地雷、鱼雷、水雷 | 炮弹、火箭弹、导弹、云爆弹、温压弹、航空炸弹、深水炸弹、破障弹、地雷、鱼雷、水雷 | 炮弹、火箭弹、导弹、云爆弹、温压弹、航空炸弹、深水炸弹、破障弹、地雷、鱼雷、水雷 | 发动机(或药筒)装药、装配、电性能检测、检验、喷(补)漆、包装 | F1	0.96
test	关系事实	table_risk_mapping_rule	风险辨识	ROOT	table_2#行73	包装	位置部位实例	危险区域	F1	类别概念									生产分类=全弹｜炮弹、火箭弹、导弹、云爆弹、温压弹、航空炸弹、深水炸弹、破障弹、地雷、鱼雷、水雷；危险工作间名称=包装	ROOT	21 | 全弹 | 炮弹、火箭弹、导弹、云爆弹、温压弹、航空炸弹、深水炸弹、破障弹、地雷、鱼雷、水雷 | 炮弹、火箭弹、导弹、云爆弹、温压弹、航空炸弹、深水炸弹、破障弹、地雷、鱼雷、水雷 | 炮弹、火箭弹、导弹、云爆弹、温压弹、航空炸弹、深水炸弹、破障弹、地雷、鱼雷、水雷 | 发动机(或药筒)装药、装配、电性能检测、检验、喷(补)漆、包装 | F1	0.96
test	关系事实	table_risk_mapping_rule	风险辨识	ROOT	table_2#行73	发动机(或药筒)装药	位置部位实例	危险区域	F1	类别概念									生产分类=全弹｜炮弹、火箭弹、导弹、云爆弹、温压弹、航空炸弹、深水炸弹、破障弹、地雷、鱼雷、水雷；危险工作间名称=发动机(或药筒)装药	ROOT	21 | 全弹 | 炮弹、火箭弹、导弹、云爆弹、温压弹、航空炸弹、深水炸弹、破障弹、地雷、鱼雷、水雷 | 炮弹、火箭弹、导弹、云爆弹、温压弹、航空炸弹、深水炸弹、破障弹、地雷、鱼雷、水雷 | 炮弹、火箭弹、导弹、云爆弹、温压弹、航空炸弹、深水炸弹、破障弹、地雷、鱼雷、水雷 | 发动机(或药筒)装药、装配、电性能检测、检验、喷(补)漆、包装 | F1	0.96
test	关系事实	table_risk_mapping_rule	风险辨识	ROOT	table_2#行73	喷(补)漆	位置部位实例	危险区域	F1	类别概念									生产分类=全弹｜炮弹、火箭弹、导弹、云爆弹、温压弹、航空炸弹、深水炸弹、破障弹、地雷、鱼雷、水雷；危险工作间名称=喷(补)漆	ROOT	21 | 全弹 | 炮弹、火箭弹、导弹、云爆弹、温压弹、航空炸弹、深水炸弹、破障弹、地雷、鱼雷、水雷 | 炮弹、火箭弹、导弹、云爆弹、温压弹、航空炸弹、深水炸弹、破障弹、地雷、鱼雷、水雷 | 炮弹、火箭弹、导弹、云爆弹、温压弹、航空炸弹、深水炸弹、破障弹、地雷、鱼雷、水雷 | 发动机(或药筒)装药、装配、电性能检测、检验、喷(补)漆、包装 | F1	0.96
test	关系事实	table_risk_mapping_rule	风险辨识	ROOT	table_2#行73	检验	位置部位实例	危险区域	F1	类别概念									生产分类=全弹｜炮弹、火箭弹、导弹、云爆弹、温压弹、航空炸弹、深水炸弹、破障弹、地雷、鱼雷、水雷；危险工作间名称=检验	ROOT	21 | 全弹 | 炮弹、火箭弹、导弹、云爆弹、温压弹、航空炸弹、深水炸弹、破障弹、地雷、鱼雷、水雷 | 炮弹、火箭弹、导弹、云爆弹、温压弹、航空炸弹、深水炸弹、破障弹、地雷、鱼雷、水雷 | 炮弹、火箭弹、导弹、云爆弹、温压弹、航空炸弹、深水炸弹、破障弹、地雷、鱼雷、水雷 | 发动机(或药筒)装药、装配、电性能检测、检验、喷(补)漆、包装 | F1	0.96
test	关系事实	table_risk_mapping_rule	风险辨识	ROOT	table_2#行73	电性能检测	位置部位实例	危险区域	F1	类别概念									生产分类=全弹｜炮弹、火箭弹、导弹、云爆弹、温压弹、航空炸弹、深水炸弹、破障弹、地雷、鱼雷、水雷；危险工作间名称=电性能检测	ROOT	21 | 全弹 | 炮弹、火箭弹、导弹、云爆弹、温压弹、航空炸弹、深水炸弹、破障弹、地雷、鱼雷、水雷 | 炮弹、火箭弹、导弹、云爆弹、温压弹、航空炸弹、深水炸弹、破障弹、地雷、鱼雷、水雷 | 炮弹、火箭弹、导弹、云爆弹、温压弹、航空炸弹、深水炸弹、破障弹、地雷、鱼雷、水雷 | 发动机(或药筒)装药、装配、电性能检测、检验、喷(补)漆、包装 | F1	0.96
test	关系事实	table_risk_mapping_rule	风险辨识	ROOT	table_2#行73	装配	位置部位实例	危险区域	F1	类别概念									生产分类=全弹｜炮弹、火箭弹、导弹、云爆弹、温压弹、航空炸弹、深水炸弹、破障弹、地雷、鱼雷、水雷；危险工作间名称=装配	ROOT	21 | 全弹 | 炮弹、火箭弹、导弹、云爆弹、温压弹、航空炸弹、深水炸弹、破障弹、地雷、鱼雷、水雷 | 炮弹、火箭弹、导弹、云爆弹、温压弹、航空炸弹、深水炸弹、破障弹、地雷、鱼雷、水雷 | 炮弹、火箭弹、导弹、云爆弹、温压弹、航空炸弹、深水炸弹、破障弹、地雷、鱼雷、水雷 | 发动机(或药筒)装药、装配、电性能检测、检验、喷(补)漆、包装 | F1	0.96
test	关系事实	table_risk_mapping_rule	风险辨识	ROOT	table_2#行74	不装填炸药的穿甲弹或曳光穿甲弹装药	位置部位实例	危险区域	F1	类别概念									生产分类=全弹｜炮弹、火箭弹、导弹、云爆弹、温压弹、航空炸弹、深水炸弹、破障弹、地雷、鱼雷、水雷；危险工作间名称=不装填炸药的穿甲弹或曳光穿甲弹装药	ROOT	21 | 全弹 | 炮弹、火箭弹、导弹、云爆弹、温压弹、航空炸弹、深水炸弹、破障弹、地雷、鱼雷、水雷 | 炮弹、火箭弹、导弹、云爆弹、温压弹、航空炸弹、深水炸弹、破障弹、地雷、鱼雷、水雷 | 炮弹、火箭弹、导弹、云爆弹、温压弹、航空炸弹、深水炸弹、破障弹、地雷、鱼雷、水雷 | 不装填炸药的穿甲弹或曳光穿甲弹装药、装配、检验、涂(补)漆、包装 | F1	0.96
test	关系事实	table_risk_mapping_rule	风险辨识	ROOT	table_2#行74	全弹	类别概念	危险工作间名称	不装填炸药的穿甲弹或曳光穿甲弹装药	位置部位实例									生产分类=全弹｜炮弹、火箭弹、导弹、云爆弹、温压弹、航空炸弹、深水炸弹、破障弹、地雷、鱼雷、水雷	ROOT	21 | 全弹 | 炮弹、火箭弹、导弹、云爆弹、温压弹、航空炸弹、深水炸弹、破障弹、地雷、鱼雷、水雷 | 炮弹、火箭弹、导弹、云爆弹、温压弹、航空炸弹、深水炸弹、破障弹、地雷、鱼雷、水雷 | 炮弹、火箭弹、导弹、云爆弹、温压弹、航空炸弹、深水炸弹、破障弹、地雷、鱼雷、水雷 | 不装填炸药的穿甲弹或曳光穿甲弹装药、装配、检验、涂(补)漆、包装 | F1	0.96
test	关系事实	table_risk_mapping_rule	风险辨识	ROOT	table_2#行74	全弹	类别概念	危险工作间名称	涂(补)漆	位置部位实例									生产分类=全弹｜炮弹、火箭弹、导弹、云爆弹、温压弹、航空炸弹、深水炸弹、破障弹、地雷、鱼雷、水雷	ROOT	21 | 全弹 | 炮弹、火箭弹、导弹、云爆弹、温压弹、航空炸弹、深水炸弹、破障弹、地雷、鱼雷、水雷 | 炮弹、火箭弹、导弹、云爆弹、温压弹、航空炸弹、深水炸弹、破障弹、地雷、鱼雷、水雷 | 炮弹、火箭弹、导弹、云爆弹、温压弹、航空炸弹、深水炸弹、破障弹、地雷、鱼雷、水雷 | 不装填炸药的穿甲弹或曳光穿甲弹装药、装配、检验、涂(补)漆、包装 | F1	0.96
test	关系事实	table_risk_mapping_rule	风险辨识	ROOT	table_2#行74	涂(补)漆	位置部位实例	危险区域	F1	类别概念									生产分类=全弹｜炮弹、火箭弹、导弹、云爆弹、温压弹、航空炸弹、深水炸弹、破障弹、地雷、鱼雷、水雷；危险工作间名称=涂(补)漆	ROOT	21 | 全弹 | 炮弹、火箭弹、导弹、云爆弹、温压弹、航空炸弹、深水炸弹、破障弹、地雷、鱼雷、水雷 | 炮弹、火箭弹、导弹、云爆弹、温压弹、航空炸弹、深水炸弹、破障弹、地雷、鱼雷、水雷 | 炮弹、火箭弹、导弹、云爆弹、温压弹、航空炸弹、深水炸弹、破障弹、地雷、鱼雷、水雷 | 不装填炸药的穿甲弹或曳光穿甲弹装药、装配、检验、涂(补)漆、包装 | F1	0.96
test	关系事实	table_risk_mapping_rule	风险辨识	ROOT	table_2#行75	全弹	类别概念	危险工作间名称	全弹总装	位置部位实例									生产分类=全弹｜炮弹、火箭弹、导弹、云爆弹、温压弹、航空炸弹、深水炸弹、破障弹、地雷、鱼雷、水雷	ROOT	21 | 全弹 | 炮弹、火箭弹、导弹、云爆弹、温压弹、航空炸弹、深水炸弹、破障弹、地雷、鱼雷、水雷 | 炮弹、火箭弹、导弹、云爆弹、温压弹、航空炸弹、深水炸弹、破障弹、地雷、鱼雷、水雷 | 炮弹、火箭弹、导弹、云爆弹、温压弹、航空炸弹、深水炸弹、破障弹、地雷、鱼雷、水雷 | 全弹总装、打驻螺钉孔、电性能检测、检验、涂(补)漆、包装 | F1	0.96
test	关系事实	table_risk_mapping_rule	风险辨识	ROOT	table_2#行75	全弹	类别概念	危险工作间名称	打驻螺钉孔	位置部位实例									生产分类=全弹｜炮弹、火箭弹、导弹、云爆弹、温压弹、航空炸弹、深水炸弹、破障弹、地雷、鱼雷、水雷	ROOT	21 | 全弹 | 炮弹、火箭弹、导弹、云爆弹、温压弹、航空炸弹、深水炸弹、破障弹、地雷、鱼雷、水雷 | 炮弹、火箭弹、导弹、云爆弹、温压弹、航空炸弹、深水炸弹、破障弹、地雷、鱼雷、水雷 | 炮弹、火箭弹、导弹、云爆弹、温压弹、航空炸弹、深水炸弹、破障弹、地雷、鱼雷、水雷 | 全弹总装、打驻螺钉孔、电性能检测、检验、涂(补)漆、包装 | F1	0.96
test	关系事实	table_risk_mapping_rule	风险辨识	ROOT	table_2#行75	全弹总装	位置部位实例	危险区域	F1	类别概念									生产分类=全弹｜炮弹、火箭弹、导弹、云爆弹、温压弹、航空炸弹、深水炸弹、破障弹、地雷、鱼雷、水雷；危险工作间名称=全弹总装	ROOT	21 | 全弹 | 炮弹、火箭弹、导弹、云爆弹、温压弹、航空炸弹、深水炸弹、破障弹、地雷、鱼雷、水雷 | 炮弹、火箭弹、导弹、云爆弹、温压弹、航空炸弹、深水炸弹、破障弹、地雷、鱼雷、水雷 | 炮弹、火箭弹、导弹、云爆弹、温压弹、航空炸弹、深水炸弹、破障弹、地雷、鱼雷、水雷 | 全弹总装、打驻螺钉孔、电性能检测、检验、涂(补)漆、包装 | F1	0.96
test	关系事实	table_risk_mapping_rule	风险辨识	ROOT	table_2#行75	打驻螺钉孔	位置部位实例	危险区域	F1	类别概念									生产分类=全弹｜炮弹、火箭弹、导弹、云爆弹、温压弹、航空炸弹、深水炸弹、破障弹、地雷、鱼雷、水雷；危险工作间名称=打驻螺钉孔	ROOT	21 | 全弹 | 炮弹、火箭弹、导弹、云爆弹、温压弹、航空炸弹、深水炸弹、破障弹、地雷、鱼雷、水雷 | 炮弹、火箭弹、导弹、云爆弹、温压弹、航空炸弹、深水炸弹、破障弹、地雷、鱼雷、水雷 | 炮弹、火箭弹、导弹、云爆弹、温压弹、航空炸弹、深水炸弹、破障弹、地雷、鱼雷、水雷 | 全弹总装、打驻螺钉孔、电性能检测、检验、涂(补)漆、包装 | F1	0.96
test	关系事实	table_risk_mapping_rule	风险辨识	ROOT	table_2#行76	全弹	类别概念	危险工作间名称	机载布撒器	位置部位实例									生产分类=全弹｜炮弹、火箭弹、导弹、云爆弹、温压弹、航空炸弹、深水炸弹、破障弹、地雷、鱼雷、水雷	ROOT	21 | 全弹 | 炮弹、火箭弹、导弹、云爆弹、温压弹、航空炸弹、深水炸弹、破障弹、地雷、鱼雷、水雷 | 炮弹、火箭弹、导弹、云爆弹、温压弹、航空炸弹、深水炸弹、破障弹、地雷、鱼雷、水雷 | 炮弹、火箭弹、导弹、云爆弹、温压弹、航空炸弹、深水炸弹、破障弹、地雷、鱼雷、水雷 | 机载布撒器、子母弹全弹总装、电性能检测 | F1	0.96
test	关系事实	table_risk_mapping_rule	风险辨识	ROOT	table_2#行76	全弹	类别概念	危险工作间名称	子母弹全弹总装	位置部位实例									生产分类=全弹｜炮弹、火箭弹、导弹、云爆弹、温压弹、航空炸弹、深水炸弹、破障弹、地雷、鱼雷、水雷	ROOT	21 | 全弹 | 炮弹、火箭弹、导弹、云爆弹、温压弹、航空炸弹、深水炸弹、破障弹、地雷、鱼雷、水雷 | 炮弹、火箭弹、导弹、云爆弹、温压弹、航空炸弹、深水炸弹、破障弹、地雷、鱼雷、水雷 | 炮弹、火箭弹、导弹、云爆弹、温压弹、航空炸弹、深水炸弹、破障弹、地雷、鱼雷、水雷 | 机载布撒器、子母弹全弹总装、电性能检测 | F1	0.96
test	关系事实	table_risk_mapping_rule	风险辨识	ROOT	table_2#行76	子母弹全弹总装	位置部位实例	危险区域	F1	类别概念									生产分类=全弹｜炮弹、火箭弹、导弹、云爆弹、温压弹、航空炸弹、深水炸弹、破障弹、地雷、鱼雷、水雷；危险工作间名称=子母弹全弹总装	ROOT	21 | 全弹 | 炮弹、火箭弹、导弹、云爆弹、温压弹、航空炸弹、深水炸弹、破障弹、地雷、鱼雷、水雷 | 炮弹、火箭弹、导弹、云爆弹、温压弹、航空炸弹、深水炸弹、破障弹、地雷、鱼雷、水雷 | 炮弹、火箭弹、导弹、云爆弹、温压弹、航空炸弹、深水炸弹、破障弹、地雷、鱼雷、水雷 | 机载布撒器、子母弹全弹总装、电性能检测 | F1	0.96
test	关系事实	table_risk_mapping_rule	风险辨识	ROOT	table_2#行76	机载布撒器	位置部位实例	危险区域	F1	类别概念									生产分类=全弹｜炮弹、火箭弹、导弹、云爆弹、温压弹、航空炸弹、深水炸弹、破障弹、地雷、鱼雷、水雷；危险工作间名称=机载布撒器	ROOT	21 | 全弹 | 炮弹、火箭弹、导弹、云爆弹、温压弹、航空炸弹、深水炸弹、破障弹、地雷、鱼雷、水雷 | 炮弹、火箭弹、导弹、云爆弹、温压弹、航空炸弹、深水炸弹、破障弹、地雷、鱼雷、水雷 | 炮弹、火箭弹、导弹、云爆弹、温压弹、航空炸弹、深水炸弹、破障弹、地雷、鱼雷、水雷 | 机载布撒器、子母弹全弹总装、电性能检测 | F1	0.96
test	关系事实	table_risk_mapping_rule	风险辨识	ROOT	table_2#行77	手榴弹、爆破筒	类别概念	危险工作间名称	拉火管装配	位置部位实例									生产分类=手榴弹、爆破筒	ROOT	22 | 手榴弹、爆破筒 | 手榴弹、爆破筒 | 手榴弹、爆破筒 | 手榴弹、爆破筒 | 拉火管装配、拉火管晾干编批、药柱压制、手榴弹装药装配、爆破筒装药装配 | F1	0.96
test	关系事实	table_risk_mapping_rule	风险辨识	ROOT	table_2#行77	手榴弹、爆破筒	类别概念	危险工作间名称	拉火管晾干编批	位置部位实例									生产分类=手榴弹、爆破筒	ROOT	22 | 手榴弹、爆破筒 | 手榴弹、爆破筒 | 手榴弹、爆破筒 | 手榴弹、爆破筒 | 拉火管装配、拉火管晾干编批、药柱压制、手榴弹装药装配、爆破筒装药装配 | F1	0.96
test	关系事实	table_risk_mapping_rule	风险辨识	ROOT	table_2#行77	手榴弹、爆破筒	类别概念	危险工作间名称	药柱压制	位置部位实例									生产分类=手榴弹、爆破筒	ROOT	22 | 手榴弹、爆破筒 | 手榴弹、爆破筒 | 手榴弹、爆破筒 | 手榴弹、爆破筒 | 拉火管装配、拉火管晾干编批、药柱压制、手榴弹装药装配、爆破筒装药装配 | F1	0.96
test	关系事实	table_risk_mapping_rule	风险辨识	ROOT	table_2#行77	手榴弹、爆破筒	类别概念	危险工作间名称	手榴弹装药装配	位置部位实例									生产分类=手榴弹、爆破筒	ROOT	22 | 手榴弹、爆破筒 | 手榴弹、爆破筒 | 手榴弹、爆破筒 | 手榴弹、爆破筒 | 拉火管装配、拉火管晾干编批、药柱压制、手榴弹装药装配、爆破筒装药装配 | F1	0.96
test	关系事实	table_risk_mapping_rule	风险辨识	ROOT	table_2#行77	手榴弹、爆破筒	类别概念	危险工作间名称	爆破筒装药装配	位置部位实例									生产分类=手榴弹、爆破筒	ROOT	22 | 手榴弹、爆破筒 | 手榴弹、爆破筒 | 手榴弹、爆破筒 | 手榴弹、爆破筒 | 拉火管装配、拉火管晾干编批、药柱压制、手榴弹装药装配、爆破筒装药装配 | F1	0.96
test	关系事实	table_risk_mapping_rule	风险辨识	ROOT	table_2#行77	手榴弹装药装配	位置部位实例	危险区域	F1	类别概念									生产分类=手榴弹、爆破筒；危险工作间名称=手榴弹装药装配	ROOT	22 | 手榴弹、爆破筒 | 手榴弹、爆破筒 | 手榴弹、爆破筒 | 手榴弹、爆破筒 | 拉火管装配、拉火管晾干编批、药柱压制、手榴弹装药装配、爆破筒装药装配 | F1	0.96
test	关系事实	table_risk_mapping_rule	风险辨识	ROOT	table_2#行77	拉火管晾干编批	位置部位实例	危险区域	F1	类别概念									生产分类=手榴弹、爆破筒；危险工作间名称=拉火管晾干编批	ROOT	22 | 手榴弹、爆破筒 | 手榴弹、爆破筒 | 手榴弹、爆破筒 | 手榴弹、爆破筒 | 拉火管装配、拉火管晾干编批、药柱压制、手榴弹装药装配、爆破筒装药装配 | F1	0.96
test	关系事实	table_risk_mapping_rule	风险辨识	ROOT	table_2#行77	拉火管装配	位置部位实例	危险区域	F1	类别概念									生产分类=手榴弹、爆破筒；危险工作间名称=拉火管装配	ROOT	22 | 手榴弹、爆破筒 | 手榴弹、爆破筒 | 手榴弹、爆破筒 | 手榴弹、爆破筒 | 拉火管装配、拉火管晾干编批、药柱压制、手榴弹装药装配、爆破筒装药装配 | F1	0.96
test	关系事实	table_risk_mapping_rule	风险辨识	ROOT	table_2#行77	爆破筒装药装配	位置部位实例	危险区域	F1	类别概念									生产分类=手榴弹、爆破筒；危险工作间名称=爆破筒装药装配	ROOT	22 | 手榴弹、爆破筒 | 手榴弹、爆破筒 | 手榴弹、爆破筒 | 手榴弹、爆破筒 | 拉火管装配、拉火管晾干编批、药柱压制、手榴弹装药装配、爆破筒装药装配 | F1	0.96
test	关系事实	table_risk_mapping_rule	风险辨识	ROOT	table_2#行77	药柱压制	位置部位实例	危险区域	F1	类别概念									生产分类=手榴弹、爆破筒；危险工作间名称=药柱压制	ROOT	22 | 手榴弹、爆破筒 | 手榴弹、爆破筒 | 手榴弹、爆破筒 | 手榴弹、爆破筒 | 拉火管装配、拉火管晾干编批、药柱压制、手榴弹装药装配、爆破筒装药装配 | F1	0.96
test	关系事实	table_risk_mapping_rule	风险辨识	ROOT	table_2#行78	包装	位置部位实例	危险区域	F1	类别概念									生产分类=爆破器、反应装甲；危险工作间名称=包装	ROOT	23 | 爆破器、反应装甲 | 爆破器、反应装甲 | 爆破器、反应装甲 | 爆破器、反应装甲 | 装药、压药柱、装配、包装 | F1	0.96
test	关系事实	table_risk_mapping_rule	风险辨识	ROOT	table_2#行78	压药柱	位置部位实例	危险区域	F1	类别概念									生产分类=爆破器、反应装甲；危险工作间名称=压药柱	ROOT	23 | 爆破器、反应装甲 | 爆破器、反应装甲 | 爆破器、反应装甲 | 爆破器、反应装甲 | 装药、压药柱、装配、包装 | F1	0.96
test	关系事实	table_risk_mapping_rule	风险辨识	ROOT	table_2#行78	爆破器、反应装甲	类别概念	危险工作间名称	装药	位置部位实例									生产分类=爆破器、反应装甲	ROOT	23 | 爆破器、反应装甲 | 爆破器、反应装甲 | 爆破器、反应装甲 | 爆破器、反应装甲 | 装药、压药柱、装配、包装 | F1	0.96
test	关系事实	table_risk_mapping_rule	风险辨识	ROOT	table_2#行78	爆破器、反应装甲	类别概念	危险工作间名称	压药柱	位置部位实例									生产分类=爆破器、反应装甲	ROOT	23 | 爆破器、反应装甲 | 爆破器、反应装甲 | 爆破器、反应装甲 | 爆破器、反应装甲 | 装药、压药柱、装配、包装 | F1	0.96
test	关系事实	table_risk_mapping_rule	风险辨识	ROOT	table_2#行78	爆破器、反应装甲	类别概念	危险工作间名称	装配	位置部位实例									生产分类=爆破器、反应装甲	ROOT	23 | 爆破器、反应装甲 | 爆破器、反应装甲 | 爆破器、反应装甲 | 爆破器、反应装甲 | 装药、压药柱、装配、包装 | F1	0.96
test	关系事实	table_risk_mapping_rule	风险辨识	ROOT	table_2#行78	爆破器、反应装甲	类别概念	危险工作间名称	包装	位置部位实例									生产分类=爆破器、反应装甲	ROOT	23 | 爆破器、反应装甲 | 爆破器、反应装甲 | 爆破器、反应装甲 | 爆破器、反应装甲 | 装药、压药柱、装配、包装 | F1	0.96
test	关系事实	table_risk_mapping_rule	风险辨识	ROOT	table_2#行78	装药	位置部位实例	危险区域	F1	类别概念									生产分类=爆破器、反应装甲；危险工作间名称=装药	ROOT	23 | 爆破器、反应装甲 | 爆破器、反应装甲 | 爆破器、反应装甲 | 爆破器、反应装甲 | 装药、压药柱、装配、包装 | F1	0.96
test	关系事实	table_risk_mapping_rule	风险辨识	ROOT	table_2#行78	装配	位置部位实例	危险区域	F1	类别概念									生产分类=爆破器、反应装甲；危险工作间名称=装配	ROOT	23 | 爆破器、反应装甲 | 爆破器、反应装甲 | 爆破器、反应装甲 | 爆破器、反应装甲 | 装药、压药柱、装配、包装 | F1	0.96
test	关系事实	table_risk_mapping_rule	风险辨识	ROOT	table_2#行79	抛射药包制造	位置部位实例	危险区域	F1	类别概念									生产分类=特种手榴弹，特种炮弹(如燃烧、照明、发烟弹等)，特种航弹(如燃烧、照明、标志、烟幕、照相航弹等)，信号弹；危险工作间名称=抛射药包制造	ROOT	24 | 特种手榴弹，特种炮弹(如燃烧、照明、发烟弹等)，特种航弹(如燃烧、照明、标志、烟幕、照相航弹等)，信号弹 | 特种手榴弹，特种炮弹(如燃烧、照明、发烟弹等)，特种航弹(如燃烧、照明、标志、烟幕、照相航弹等)，信号弹 | 特种手榴弹，特种炮弹(如燃烧、照明、发烟弹等)，特种航弹(如燃烧、照明、标志、烟幕、照相航弹等)，信号弹 | 特种手榴弹，特种炮弹(如燃烧、照明、发烟弹等)，特种航弹(如燃烧、照明、标志、烟幕、照相航弹等)，信号弹 | 抛射药包制造，黑火药制品制造 | F1	0.96
test	关系事实	table_risk_mapping_rule	风险辨识	ROOT	table_2#行79	特种手榴弹，特种炮弹(如燃烧、照明、发烟弹等)，特种航弹(如燃烧、照明、标志、烟幕、照相航弹等)，信号弹	类别概念	危险工作间名称	抛射药包制造	位置部位实例									生产分类=特种手榴弹，特种炮弹(如燃烧、照明、发烟弹等)，特种航弹(如燃烧、照明、标志、烟幕、照相航弹等)，信号弹	ROOT	24 | 特种手榴弹，特种炮弹(如燃烧、照明、发烟弹等)，特种航弹(如燃烧、照明、标志、烟幕、照相航弹等)，信号弹 | 特种手榴弹，特种炮弹(如燃烧、照明、发烟弹等)，特种航弹(如燃烧、照明、标志、烟幕、照相航弹等)，信号弹 | 特种手榴弹，特种炮弹(如燃烧、照明、发烟弹等)，特种航弹(如燃烧、照明、标志、烟幕、照相航弹等)，信号弹 | 特种手榴弹，特种炮弹(如燃烧、照明、发烟弹等)，特种航弹(如燃烧、照明、标志、烟幕、照相航弹等)，信号弹 | 抛射药包制造，黑火药制品制造 | F1	0.96
test	关系事实	table_risk_mapping_rule	风险辨识	ROOT	table_2#行79	特种手榴弹，特种炮弹(如燃烧、照明、发烟弹等)，特种航弹(如燃烧、照明、标志、烟幕、照相航弹等)，信号弹	类别概念	危险工作间名称	黑火药制品制造	位置部位实例									生产分类=特种手榴弹，特种炮弹(如燃烧、照明、发烟弹等)，特种航弹(如燃烧、照明、标志、烟幕、照相航弹等)，信号弹	ROOT	24 | 特种手榴弹，特种炮弹(如燃烧、照明、发烟弹等)，特种航弹(如燃烧、照明、标志、烟幕、照相航弹等)，信号弹 | 特种手榴弹，特种炮弹(如燃烧、照明、发烟弹等)，特种航弹(如燃烧、照明、标志、烟幕、照相航弹等)，信号弹 | 特种手榴弹，特种炮弹(如燃烧、照明、发烟弹等)，特种航弹(如燃烧、照明、标志、烟幕、照相航弹等)，信号弹 | 特种手榴弹，特种炮弹(如燃烧、照明、发烟弹等)，特种航弹(如燃烧、照明、标志、烟幕、照相航弹等)，信号弹 | 抛射药包制造，黑火药制品制造 | F1	0.96
test	关系事实	table_risk_mapping_rule	风险辨识	ROOT	table_2#行79	黑火药制品制造	位置部位实例	危险区域	F1	类别概念									生产分类=特种手榴弹，特种炮弹(如燃烧、照明、发烟弹等)，特种航弹(如燃烧、照明、标志、烟幕、照相航弹等)，信号弹；危险工作间名称=黑火药制品制造	ROOT	24 | 特种手榴弹，特种炮弹(如燃烧、照明、发烟弹等)，特种航弹(如燃烧、照明、标志、烟幕、照相航弹等)，信号弹 | 特种手榴弹，特种炮弹(如燃烧、照明、发烟弹等)，特种航弹(如燃烧、照明、标志、烟幕、照相航弹等)，信号弹 | 特种手榴弹，特种炮弹(如燃烧、照明、发烟弹等)，特种航弹(如燃烧、照明、标志、烟幕、照相航弹等)，信号弹 | 特种手榴弹，特种炮弹(如燃烧、照明、发烟弹等)，特种航弹(如燃烧、照明、标志、烟幕、照相航弹等)，信号弹 | 抛射药包制造，黑火药制品制造 | F1	0.96
test	关系事实	table_risk_mapping_rule	风险辨识	ROOT	table_2#行8	切药	位置部位实例	危险区域	F1	类别概念									生产分类=单基发射药；危险工作间名称=切药	ROOT	3 | 单基发射药 | 单基发射药 | 单基发射药 | 单基发射药 | 驱水、晾药、切药、预烘、浸水、预光、干燥、返工品处理 | F1	0.96
test	关系事实	table_risk_mapping_rule	风险辨识	ROOT	table_2#行8	包装	位置部位实例	危险区域	F1	类别概念									生产分类=特种手榴弹，特种炮弹(如燃烧、照明、发烟弹等)，特种航弹(如燃烧、照明、标志、烟幕、照相航弹等)，信号弹；危险工作间名称=包装	ROOT	24 | 特种手榴弹，特种炮弹(如燃烧、照明、发烟弹等)，特种航弹(如燃烧、照明、标志、烟幕、照相航弹等)，信号弹 | 特种手榴弹，特种炮弹(如燃烧、照明、发烟弹等)，特种航弹(如燃烧、照明、标志、烟幕、照相航弹等)，信号弹 | 特种手榴弹，特种炮弹(如燃烧、照明、发烟弹等)，特种航弹(如燃烧、照明、标志、烟幕、照相航弹等)，信号弹 | 特种手榴弹，特种炮弹(如燃烧、照明、发烟弹等)，特种航弹(如燃烧、照明、标志、烟幕、照相航弹等)，信号弹 | 装药、装配、检验、编批、包装 | F1	0.96
test	关系事实	table_risk_mapping_rule	风险辨识	ROOT	table_2#行8	单基发射药	类别概念	危险工作间名称	驱水	位置部位实例									生产分类=单基发射药	ROOT	3 | 单基发射药 | 单基发射药 | 单基发射药 | 单基发射药 | 驱水、晾药、切药、预烘、浸水、预光、干燥、返工品处理 | F1	0.96
test	关系事实	table_risk_mapping_rule	风险辨识	ROOT	table_2#行8	单基发射药	类别概念	危险工作间名称	晾药	位置部位实例									生产分类=单基发射药	ROOT	3 | 单基发射药 | 单基发射药 | 单基发射药 | 单基发射药 | 驱水、晾药、切药、预烘、浸水、预光、干燥、返工品处理 | F1	0.96
test	关系事实	table_risk_mapping_rule	风险辨识	ROOT	table_2#行8	单基发射药	类别概念	危险工作间名称	切药	位置部位实例									生产分类=单基发射药	ROOT	3 | 单基发射药 | 单基发射药 | 单基发射药 | 单基发射药 | 驱水、晾药、切药、预烘、浸水、预光、干燥、返工品处理 | F1	0.96
test	关系事实	table_risk_mapping_rule	风险辨识	ROOT	table_2#行8	单基发射药	类别概念	危险工作间名称	预烘	位置部位实例									生产分类=单基发射药	ROOT	3 | 单基发射药 | 单基发射药 | 单基发射药 | 单基发射药 | 驱水、晾药、切药、预烘、浸水、预光、干燥、返工品处理 | F1	0.96
test	关系事实	table_risk_mapping_rule	风险辨识	ROOT	table_2#行8	单基发射药	类别概念	危险工作间名称	浸水	位置部位实例									生产分类=单基发射药	ROOT	3 | 单基发射药 | 单基发射药 | 单基发射药 | 单基发射药 | 驱水、晾药、切药、预烘、浸水、预光、干燥、返工品处理 | F1	0.96
test	关系事实	table_risk_mapping_rule	风险辨识	ROOT	table_2#行8	单基发射药	类别概念	危险工作间名称	预光	位置部位实例									生产分类=单基发射药	ROOT	3 | 单基发射药 | 单基发射药 | 单基发射药 | 单基发射药 | 驱水、晾药、切药、预烘、浸水、预光、干燥、返工品处理 | F1	0.96
test	关系事实	table_risk_mapping_rule	风险辨识	ROOT	table_2#行8	单基发射药	类别概念	危险工作间名称	干燥	位置部位实例									生产分类=单基发射药	ROOT	3 | 单基发射药 | 单基发射药 | 单基发射药 | 单基发射药 | 驱水、晾药、切药、预烘、浸水、预光、干燥、返工品处理 | F1	0.96
test	关系事实	table_risk_mapping_rule	风险辨识	ROOT	table_2#行8	单基发射药	类别概念	危险工作间名称	返工品处理	位置部位实例									生产分类=单基发射药	ROOT	3 | 单基发射药 | 单基发射药 | 单基发射药 | 单基发射药 | 驱水、晾药、切药、预烘、浸水、预光、干燥、返工品处理 | F1	0.96
test	关系事实	table_risk_mapping_rule	风险辨识	ROOT	table_2#行8	干燥	位置部位实例	危险区域	F1	类别概念									生产分类=单基发射药；危险工作间名称=干燥	ROOT	3 | 单基发射药 | 单基发射药 | 单基发射药 | 单基发射药 | 驱水、晾药、切药、预烘、浸水、预光、干燥、返工品处理 | F1	0.96
test	关系事实	table_risk_mapping_rule	风险辨识	ROOT	table_2#行8	晾药	位置部位实例	危险区域	F1	类别概念									生产分类=单基发射药；危险工作间名称=晾药	ROOT	3 | 单基发射药 | 单基发射药 | 单基发射药 | 单基发射药 | 驱水、晾药、切药、预烘、浸水、预光、干燥、返工品处理 | F1	0.96
test	关系事实	table_risk_mapping_rule	风险辨识	ROOT	table_2#行8	检验	位置部位实例	危险区域	F1	类别概念									生产分类=特种手榴弹，特种炮弹(如燃烧、照明、发烟弹等)，特种航弹(如燃烧、照明、标志、烟幕、照相航弹等)，信号弹；危险工作间名称=检验	ROOT	24 | 特种手榴弹，特种炮弹(如燃烧、照明、发烟弹等)，特种航弹(如燃烧、照明、标志、烟幕、照相航弹等)，信号弹 | 特种手榴弹，特种炮弹(如燃烧、照明、发烟弹等)，特种航弹(如燃烧、照明、标志、烟幕、照相航弹等)，信号弹 | 特种手榴弹，特种炮弹(如燃烧、照明、发烟弹等)，特种航弹(如燃烧、照明、标志、烟幕、照相航弹等)，信号弹 | 特种手榴弹，特种炮弹(如燃烧、照明、发烟弹等)，特种航弹(如燃烧、照明、标志、烟幕、照相航弹等)，信号弹 | 装药、装配、检验、编批、包装 | F1	0.96
test	关系事实	table_risk_mapping_rule	风险辨识	ROOT	table_2#行8	浸水	位置部位实例	危险区域	F1	类别概念									生产分类=单基发射药；危险工作间名称=浸水	ROOT	3 | 单基发射药 | 单基发射药 | 单基发射药 | 单基发射药 | 驱水、晾药、切药、预烘、浸水、预光、干燥、返工品处理 | F1	0.96
test	关系事实	table_risk_mapping_rule	风险辨识	ROOT	table_2#行8	特种手榴弹，特种炮弹(如燃烧、照明、发烟弹等)，特种航弹(如燃烧、照明、标志、烟幕、照相航弹等)，信号弹	类别概念	危险工作间名称	装药	位置部位实例									生产分类=特种手榴弹，特种炮弹(如燃烧、照明、发烟弹等)，特种航弹(如燃烧、照明、标志、烟幕、照相航弹等)，信号弹	ROOT	24 | 特种手榴弹，特种炮弹(如燃烧、照明、发烟弹等)，特种航弹(如燃烧、照明、标志、烟幕、照相航弹等)，信号弹 | 特种手榴弹，特种炮弹(如燃烧、照明、发烟弹等)，特种航弹(如燃烧、照明、标志、烟幕、照相航弹等)，信号弹 | 特种手榴弹，特种炮弹(如燃烧、照明、发烟弹等)，特种航弹(如燃烧、照明、标志、烟幕、照相航弹等)，信号弹 | 特种手榴弹，特种炮弹(如燃烧、照明、发烟弹等)，特种航弹(如燃烧、照明、标志、烟幕、照相航弹等)，信号弹 | 装药、装配、检验、编批、包装 | F1	0.96
test	关系事实	table_risk_mapping_rule	风险辨识	ROOT	table_2#行8	特种手榴弹，特种炮弹(如燃烧、照明、发烟弹等)，特种航弹(如燃烧、照明、标志、烟幕、照相航弹等)，信号弹	类别概念	危险工作间名称	装配	位置部位实例									生产分类=特种手榴弹，特种炮弹(如燃烧、照明、发烟弹等)，特种航弹(如燃烧、照明、标志、烟幕、照相航弹等)，信号弹	ROOT	24 | 特种手榴弹，特种炮弹(如燃烧、照明、发烟弹等)，特种航弹(如燃烧、照明、标志、烟幕、照相航弹等)，信号弹 | 特种手榴弹，特种炮弹(如燃烧、照明、发烟弹等)，特种航弹(如燃烧、照明、标志、烟幕、照相航弹等)，信号弹 | 特种手榴弹，特种炮弹(如燃烧、照明、发烟弹等)，特种航弹(如燃烧、照明、标志、烟幕、照相航弹等)，信号弹 | 特种手榴弹，特种炮弹(如燃烧、照明、发烟弹等)，特种航弹(如燃烧、照明、标志、烟幕、照相航弹等)，信号弹 | 装药、装配、检验、编批、包装 | F1	0.96
test	关系事实	table_risk_mapping_rule	风险辨识	ROOT	table_2#行8	特种手榴弹，特种炮弹(如燃烧、照明、发烟弹等)，特种航弹(如燃烧、照明、标志、烟幕、照相航弹等)，信号弹	类别概念	危险工作间名称	检验	位置部位实例									生产分类=特种手榴弹，特种炮弹(如燃烧、照明、发烟弹等)，特种航弹(如燃烧、照明、标志、烟幕、照相航弹等)，信号弹	ROOT	24 | 特种手榴弹，特种炮弹(如燃烧、照明、发烟弹等)，特种航弹(如燃烧、照明、标志、烟幕、照相航弹等)，信号弹 | 特种手榴弹，特种炮弹(如燃烧、照明、发烟弹等)，特种航弹(如燃烧、照明、标志、烟幕、照相航弹等)，信号弹 | 特种手榴弹，特种炮弹(如燃烧、照明、发烟弹等)，特种航弹(如燃烧、照明、标志、烟幕、照相航弹等)，信号弹 | 特种手榴弹，特种炮弹(如燃烧、照明、发烟弹等)，特种航弹(如燃烧、照明、标志、烟幕、照相航弹等)，信号弹 | 装药、装配、检验、编批、包装 | F1	0.96
test	关系事实	table_risk_mapping_rule	风险辨识	ROOT	table_2#行8	特种手榴弹，特种炮弹(如燃烧、照明、发烟弹等)，特种航弹(如燃烧、照明、标志、烟幕、照相航弹等)，信号弹	类别概念	危险工作间名称	编批	位置部位实例									生产分类=特种手榴弹，特种炮弹(如燃烧、照明、发烟弹等)，特种航弹(如燃烧、照明、标志、烟幕、照相航弹等)，信号弹	ROOT	24 | 特种手榴弹，特种炮弹(如燃烧、照明、发烟弹等)，特种航弹(如燃烧、照明、标志、烟幕、照相航弹等)，信号弹 | 特种手榴弹，特种炮弹(如燃烧、照明、发烟弹等)，特种航弹(如燃烧、照明、标志、烟幕、照相航弹等)，信号弹 | 特种手榴弹，特种炮弹(如燃烧、照明、发烟弹等)，特种航弹(如燃烧、照明、标志、烟幕、照相航弹等)，信号弹 | 特种手榴弹，特种炮弹(如燃烧、照明、发烟弹等)，特种航弹(如燃烧、照明、标志、烟幕、照相航弹等)，信号弹 | 装药、装配、检验、编批、包装 | F1	0.96
test	关系事实	table_risk_mapping_rule	风险辨识	ROOT	table_2#行8	特种手榴弹，特种炮弹(如燃烧、照明、发烟弹等)，特种航弹(如燃烧、照明、标志、烟幕、照相航弹等)，信号弹	类别概念	危险工作间名称	包装	位置部位实例									生产分类=特种手榴弹，特种炮弹(如燃烧、照明、发烟弹等)，特种航弹(如燃烧、照明、标志、烟幕、照相航弹等)，信号弹	ROOT	24 | 特种手榴弹，特种炮弹(如燃烧、照明、发烟弹等)，特种航弹(如燃烧、照明、标志、烟幕、照相航弹等)，信号弹 | 特种手榴弹，特种炮弹(如燃烧、照明、发烟弹等)，特种航弹(如燃烧、照明、标志、烟幕、照相航弹等)，信号弹 | 特种手榴弹，特种炮弹(如燃烧、照明、发烟弹等)，特种航弹(如燃烧、照明、标志、烟幕、照相航弹等)，信号弹 | 特种手榴弹，特种炮弹(如燃烧、照明、发烟弹等)，特种航弹(如燃烧、照明、标志、烟幕、照相航弹等)，信号弹 | 装药、装配、检验、编批、包装 | F1	0.96
test	关系事实	table_risk_mapping_rule	风险辨识	ROOT	table_2#行8	编批	位置部位实例	危险区域	F1	类别概念									生产分类=特种手榴弹，特种炮弹(如燃烧、照明、发烟弹等)，特种航弹(如燃烧、照明、标志、烟幕、照相航弹等)，信号弹；危险工作间名称=编批	ROOT	24 | 特种手榴弹，特种炮弹(如燃烧、照明、发烟弹等)，特种航弹(如燃烧、照明、标志、烟幕、照相航弹等)，信号弹 | 特种手榴弹，特种炮弹(如燃烧、照明、发烟弹等)，特种航弹(如燃烧、照明、标志、烟幕、照相航弹等)，信号弹 | 特种手榴弹，特种炮弹(如燃烧、照明、发烟弹等)，特种航弹(如燃烧、照明、标志、烟幕、照相航弹等)，信号弹 | 特种手榴弹，特种炮弹(如燃烧、照明、发烟弹等)，特种航弹(如燃烧、照明、标志、烟幕、照相航弹等)，信号弹 | 装药、装配、检验、编批、包装 | F1	0.96
test	关系事实	table_risk_mapping_rule	风险辨识	ROOT	table_2#行8	装药	位置部位实例	危险区域	F1	类别概念									生产分类=特种手榴弹，特种炮弹(如燃烧、照明、发烟弹等)，特种航弹(如燃烧、照明、标志、烟幕、照相航弹等)，信号弹；危险工作间名称=装药	ROOT	24 | 特种手榴弹，特种炮弹(如燃烧、照明、发烟弹等)，特种航弹(如燃烧、照明、标志、烟幕、照相航弹等)，信号弹 | 特种手榴弹，特种炮弹(如燃烧、照明、发烟弹等)，特种航弹(如燃烧、照明、标志、烟幕、照相航弹等)，信号弹 | 特种手榴弹，特种炮弹(如燃烧、照明、发烟弹等)，特种航弹(如燃烧、照明、标志、烟幕、照相航弹等)，信号弹 | 特种手榴弹，特种炮弹(如燃烧、照明、发烟弹等)，特种航弹(如燃烧、照明、标志、烟幕、照相航弹等)，信号弹 | 装药、装配、检验、编批、包装 | F1	0.96
test	关系事实	table_risk_mapping_rule	风险辨识	ROOT	table_2#行8	装配	位置部位实例	危险区域	F1	类别概念									生产分类=特种手榴弹，特种炮弹(如燃烧、照明、发烟弹等)，特种航弹(如燃烧、照明、标志、烟幕、照相航弹等)，信号弹；危险工作间名称=装配	ROOT	24 | 特种手榴弹，特种炮弹(如燃烧、照明、发烟弹等)，特种航弹(如燃烧、照明、标志、烟幕、照相航弹等)，信号弹 | 特种手榴弹，特种炮弹(如燃烧、照明、发烟弹等)，特种航弹(如燃烧、照明、标志、烟幕、照相航弹等)，信号弹 | 特种手榴弹，特种炮弹(如燃烧、照明、发烟弹等)，特种航弹(如燃烧、照明、标志、烟幕、照相航弹等)，信号弹 | 特种手榴弹，特种炮弹(如燃烧、照明、发烟弹等)，特种航弹(如燃烧、照明、标志、烟幕、照相航弹等)，信号弹 | 装药、装配、检验、编批、包装 | F1	0.96
test	关系事实	table_risk_mapping_rule	风险辨识	ROOT	table_2#行8	返工品处理	位置部位实例	危险区域	F1	类别概念									生产分类=单基发射药；危险工作间名称=返工品处理	ROOT	3 | 单基发射药 | 单基发射药 | 单基发射药 | 单基发射药 | 驱水、晾药、切药、预烘、浸水、预光、干燥、返工品处理 | F1	0.96
test	关系事实	table_risk_mapping_rule	风险辨识	ROOT	table_2#行8	预光	位置部位实例	危险区域	F1	类别概念									生产分类=单基发射药；危险工作间名称=预光	ROOT	3 | 单基发射药 | 单基发射药 | 单基发射药 | 单基发射药 | 驱水、晾药、切药、预烘、浸水、预光、干燥、返工品处理 | F1	0.96
test	关系事实	table_risk_mapping_rule	风险辨识	ROOT	table_2#行8	预烘	位置部位实例	危险区域	F1	类别概念									生产分类=单基发射药；危险工作间名称=预烘	ROOT	3 | 单基发射药 | 单基发射药 | 单基发射药 | 单基发射药 | 驱水、晾药、切药、预烘、浸水、预光、干燥、返工品处理 | F1	0.96
test	关系事实	table_risk_mapping_rule	风险辨识	ROOT	table_2#行8	驱水	位置部位实例	危险区域	F1	类别概念									生产分类=单基发射药；危险工作间名称=驱水	ROOT	3 | 单基发射药 | 单基发射药 | 单基发射药 | 单基发射药 | 驱水、晾药、切药、预烘、浸水、预光、干燥、返工品处理 | F1	0.96
test	关系事实	table_risk_mapping_rule	风险辨识	ROOT	table_2#行81	特种手榴弹，特种炮弹(如燃烧、照明、发烟弹等)，特种航弹(如燃烧、照明、标志、烟幕、照相航弹等)，信号弹	类别概念	危险工作间名称	特种炮弹药筒装药装配	位置部位实例									生产分类=特种手榴弹，特种炮弹(如燃烧、照明、发烟弹等)，特种航弹(如燃烧、照明、标志、烟幕、照相航弹等)，信号弹	ROOT	24 | 特种手榴弹，特种炮弹(如燃烧、照明、发烟弹等)，特种航弹(如燃烧、照明、标志、烟幕、照相航弹等)，信号弹 | 特种手榴弹，特种炮弹(如燃烧、照明、发烟弹等)，特种航弹(如燃烧、照明、标志、烟幕、照相航弹等)，信号弹 | 特种手榴弹，特种炮弹(如燃烧、照明、发烟弹等)，特种航弹(如燃烧、照明、标志、烟幕、照相航弹等)，信号弹 | 特种手榴弹，特种炮弹(如燃烧、照明、发烟弹等)，特种航弹(如燃烧、照明、标志、烟幕、照相航弹等)，信号弹 | 特种炮弹药筒装药装配 | F1	0.96
test	关系事实	table_risk_mapping_rule	风险辨识	ROOT	table_2#行81	特种炮弹药筒装药装配	位置部位实例	危险区域	F1	类别概念									生产分类=特种手榴弹，特种炮弹(如燃烧、照明、发烟弹等)，特种航弹(如燃烧、照明、标志、烟幕、照相航弹等)，信号弹；危险工作间名称=特种炮弹药筒装药装配	ROOT	24 | 特种手榴弹，特种炮弹(如燃烧、照明、发烟弹等)，特种航弹(如燃烧、照明、标志、烟幕、照相航弹等)，信号弹 | 特种手榴弹，特种炮弹(如燃烧、照明、发烟弹等)，特种航弹(如燃烧、照明、标志、烟幕、照相航弹等)，信号弹 | 特种手榴弹，特种炮弹(如燃烧、照明、发烟弹等)，特种航弹(如燃烧、照明、标志、烟幕、照相航弹等)，信号弹 | 特种手榴弹，特种炮弹(如燃烧、照明、发烟弹等)，特种航弹(如燃烧、照明、标志、烟幕、照相航弹等)，信号弹 | 特种炮弹药筒装药装配 | F1	0.96
test	关系事实	table_risk_mapping_rule	风险辨识	ROOT	table_2#行82	各种氧化剂干燥	位置部位实例	危险区域	F2	类别概念									生产分类=特种手榴弹，特种炮弹(如燃烧、照明、发烟弹等)，特种航弹(如燃烧、照明、标志、烟幕、照相航弹等)，信号弹；危险工作间名称=各种氧化剂干燥	ROOT	24 | 特种手榴弹，特种炮弹(如燃烧、照明、发烟弹等)，特种航弹(如燃烧、照明、标志、烟幕、照相航弹等)，信号弹 | 特种手榴弹，特种炮弹(如燃烧、照明、发烟弹等)，特种航弹(如燃烧、照明、标志、烟幕、照相航弹等)，信号弹 | 特种手榴弹，特种炮弹(如燃烧、照明、发烟弹等)，特种航弹(如燃烧、照明、标志、烟幕、照相航弹等)，信号弹 | 特种手榴弹，特种炮弹(如燃烧、照明、发烟弹等)，特种航弹(如燃烧、照明、标志、烟幕、照相航弹等)，信号弹 | 各种氧化剂干燥、破碎、筛选，黄磷弹注装(不装传爆药柱) | F2	0.96
test	关系事实	table_risk_mapping_rule	风险辨识	ROOT	table_2#行82	特种手榴弹，特种炮弹(如燃烧、照明、发烟弹等)，特种航弹(如燃烧、照明、标志、烟幕、照相航弹等)，信号弹	类别概念	危险工作间名称	各种氧化剂干燥	位置部位实例									生产分类=特种手榴弹，特种炮弹(如燃烧、照明、发烟弹等)，特种航弹(如燃烧、照明、标志、烟幕、照相航弹等)，信号弹	ROOT	24 | 特种手榴弹，特种炮弹(如燃烧、照明、发烟弹等)，特种航弹(如燃烧、照明、标志、烟幕、照相航弹等)，信号弹 | 特种手榴弹，特种炮弹(如燃烧、照明、发烟弹等)，特种航弹(如燃烧、照明、标志、烟幕、照相航弹等)，信号弹 | 特种手榴弹，特种炮弹(如燃烧、照明、发烟弹等)，特种航弹(如燃烧、照明、标志、烟幕、照相航弹等)，信号弹 | 特种手榴弹，特种炮弹(如燃烧、照明、发烟弹等)，特种航弹(如燃烧、照明、标志、烟幕、照相航弹等)，信号弹 | 各种氧化剂干燥、破碎、筛选，黄磷弹注装(不装传爆药柱) | F2	0.96
test	关系事实	table_risk_mapping_rule	风险辨识	ROOT	table_2#行82	特种手榴弹，特种炮弹(如燃烧、照明、发烟弹等)，特种航弹(如燃烧、照明、标志、烟幕、照相航弹等)，信号弹	类别概念	危险工作间名称	破碎	位置部位实例									生产分类=特种手榴弹，特种炮弹(如燃烧、照明、发烟弹等)，特种航弹(如燃烧、照明、标志、烟幕、照相航弹等)，信号弹	ROOT	24 | 特种手榴弹，特种炮弹(如燃烧、照明、发烟弹等)，特种航弹(如燃烧、照明、标志、烟幕、照相航弹等)，信号弹 | 特种手榴弹，特种炮弹(如燃烧、照明、发烟弹等)，特种航弹(如燃烧、照明、标志、烟幕、照相航弹等)，信号弹 | 特种手榴弹，特种炮弹(如燃烧、照明、发烟弹等)，特种航弹(如燃烧、照明、标志、烟幕、照相航弹等)，信号弹 | 特种手榴弹，特种炮弹(如燃烧、照明、发烟弹等)，特种航弹(如燃烧、照明、标志、烟幕、照相航弹等)，信号弹 | 各种氧化剂干燥、破碎、筛选，黄磷弹注装(不装传爆药柱) | F2	0.96
test	关系事实	table_risk_mapping_rule	风险辨识	ROOT	table_2#行82	特种手榴弹，特种炮弹(如燃烧、照明、发烟弹等)，特种航弹(如燃烧、照明、标志、烟幕、照相航弹等)，信号弹	类别概念	危险工作间名称	筛选	位置部位实例									生产分类=特种手榴弹，特种炮弹(如燃烧、照明、发烟弹等)，特种航弹(如燃烧、照明、标志、烟幕、照相航弹等)，信号弹	ROOT	24 | 特种手榴弹，特种炮弹(如燃烧、照明、发烟弹等)，特种航弹(如燃烧、照明、标志、烟幕、照相航弹等)，信号弹 | 特种手榴弹，特种炮弹(如燃烧、照明、发烟弹等)，特种航弹(如燃烧、照明、标志、烟幕、照相航弹等)，信号弹 | 特种手榴弹，特种炮弹(如燃烧、照明、发烟弹等)，特种航弹(如燃烧、照明、标志、烟幕、照相航弹等)，信号弹 | 特种手榴弹，特种炮弹(如燃烧、照明、发烟弹等)，特种航弹(如燃烧、照明、标志、烟幕、照相航弹等)，信号弹 | 各种氧化剂干燥、破碎、筛选，黄磷弹注装(不装传爆药柱) | F2	0.96
test	关系事实	table_risk_mapping_rule	风险辨识	ROOT	table_2#行82	特种手榴弹，特种炮弹(如燃烧、照明、发烟弹等)，特种航弹(如燃烧、照明、标志、烟幕、照相航弹等)，信号弹	类别概念	危险工作间名称	黄磷弹注装(不装传爆药柱)	位置部位实例									生产分类=特种手榴弹，特种炮弹(如燃烧、照明、发烟弹等)，特种航弹(如燃烧、照明、标志、烟幕、照相航弹等)，信号弹	ROOT	24 | 特种手榴弹，特种炮弹(如燃烧、照明、发烟弹等)，特种航弹(如燃烧、照明、标志、烟幕、照相航弹等)，信号弹 | 特种手榴弹，特种炮弹(如燃烧、照明、发烟弹等)，特种航弹(如燃烧、照明、标志、烟幕、照相航弹等)，信号弹 | 特种手榴弹，特种炮弹(如燃烧、照明、发烟弹等)，特种航弹(如燃烧、照明、标志、烟幕、照相航弹等)，信号弹 | 特种手榴弹，特种炮弹(如燃烧、照明、发烟弹等)，特种航弹(如燃烧、照明、标志、烟幕、照相航弹等)，信号弹 | 各种氧化剂干燥、破碎、筛选，黄磷弹注装(不装传爆药柱) | F2	0.96
test	关系事实	table_risk_mapping_rule	风险辨识	ROOT	table_2#行82	破碎	位置部位实例	危险区域	F2	类别概念									生产分类=特种手榴弹，特种炮弹(如燃烧、照明、发烟弹等)，特种航弹(如燃烧、照明、标志、烟幕、照相航弹等)，信号弹；危险工作间名称=破碎	ROOT	24 | 特种手榴弹，特种炮弹(如燃烧、照明、发烟弹等)，特种航弹(如燃烧、照明、标志、烟幕、照相航弹等)，信号弹 | 特种手榴弹，特种炮弹(如燃烧、照明、发烟弹等)，特种航弹(如燃烧、照明、标志、烟幕、照相航弹等)，信号弹 | 特种手榴弹，特种炮弹(如燃烧、照明、发烟弹等)，特种航弹(如燃烧、照明、标志、烟幕、照相航弹等)，信号弹 | 特种手榴弹，特种炮弹(如燃烧、照明、发烟弹等)，特种航弹(如燃烧、照明、标志、烟幕、照相航弹等)，信号弹 | 各种氧化剂干燥、破碎、筛选，黄磷弹注装(不装传爆药柱) | F2	0.96
test	关系事实	table_risk_mapping_rule	风险辨识	ROOT	table_2#行82	筛选	位置部位实例	危险区域	F2	类别概念									生产分类=特种手榴弹，特种炮弹(如燃烧、照明、发烟弹等)，特种航弹(如燃烧、照明、标志、烟幕、照相航弹等)，信号弹；危险工作间名称=筛选	ROOT	24 | 特种手榴弹，特种炮弹(如燃烧、照明、发烟弹等)，特种航弹(如燃烧、照明、标志、烟幕、照相航弹等)，信号弹 | 特种手榴弹，特种炮弹(如燃烧、照明、发烟弹等)，特种航弹(如燃烧、照明、标志、烟幕、照相航弹等)，信号弹 | 特种手榴弹，特种炮弹(如燃烧、照明、发烟弹等)，特种航弹(如燃烧、照明、标志、烟幕、照相航弹等)，信号弹 | 特种手榴弹，特种炮弹(如燃烧、照明、发烟弹等)，特种航弹(如燃烧、照明、标志、烟幕、照相航弹等)，信号弹 | 各种氧化剂干燥、破碎、筛选，黄磷弹注装(不装传爆药柱) | F2	0.96
test	关系事实	table_risk_mapping_rule	风险辨识	ROOT	table_2#行82	黄磷弹注装(不装传爆药柱)	位置部位实例	危险区域	F2	类别概念									生产分类=特种手榴弹，特种炮弹(如燃烧、照明、发烟弹等)，特种航弹(如燃烧、照明、标志、烟幕、照相航弹等)，信号弹；危险工作间名称=黄磷弹注装(不装传爆药柱)	ROOT	24 | 特种手榴弹，特种炮弹(如燃烧、照明、发烟弹等)，特种航弹(如燃烧、照明、标志、烟幕、照相航弹等)，信号弹 | 特种手榴弹，特种炮弹(如燃烧、照明、发烟弹等)，特种航弹(如燃烧、照明、标志、烟幕、照相航弹等)，信号弹 | 特种手榴弹，特种炮弹(如燃烧、照明、发烟弹等)，特种航弹(如燃烧、照明、标志、烟幕、照相航弹等)，信号弹 | 特种手榴弹，特种炮弹(如燃烧、照明、发烟弹等)，特种航弹(如燃烧、照明、标志、烟幕、照相航弹等)，信号弹 | 各种氧化剂干燥、破碎、筛选，黄磷弹注装(不装传爆药柱) | F2	0.96
test	关系事实	table_risk_mapping_rule	风险辨识	ROOT	table_2#行83	干燥	位置部位实例	危险区域	F1	类别概念									生产分类=枪弹｜普通枪弹，特种枪弹(穿甲爆破燃烧弹、穿甲燃烧弹、穿甲燃烧曳光弹、曳光弹；危险工作间名称=干燥	ROOT	25 | 枪弹 | 普通枪弹，特种枪弹(穿甲爆破燃烧弹、穿甲燃烧弹、穿甲燃烧曳光弹、曳光弹 | 普通枪弹，特种枪弹(穿甲爆破燃烧弹、穿甲燃烧弹、穿甲燃烧曳光弹、曳光弹 | 普通枪弹，特种枪弹(穿甲爆破燃烧弹、穿甲燃烧弹、穿甲燃烧曳光弹、曳光弹 | 燃烧剂配制，曳光剂混药、预烘、干燥 | F1	0.96
test	关系事实	table_risk_mapping_rule	风险辨识	ROOT	table_2#行83	曳光剂混药	位置部位实例	危险区域	F1	类别概念									生产分类=枪弹｜普通枪弹，特种枪弹(穿甲爆破燃烧弹、穿甲燃烧弹、穿甲燃烧曳光弹、曳光弹；危险工作间名称=曳光剂混药	ROOT	25 | 枪弹 | 普通枪弹，特种枪弹(穿甲爆破燃烧弹、穿甲燃烧弹、穿甲燃烧曳光弹、曳光弹 | 普通枪弹，特种枪弹(穿甲爆破燃烧弹、穿甲燃烧弹、穿甲燃烧曳光弹、曳光弹 | 普通枪弹，特种枪弹(穿甲爆破燃烧弹、穿甲燃烧弹、穿甲燃烧曳光弹、曳光弹 | 燃烧剂配制，曳光剂混药、预烘、干燥 | F1	0.96
test	关系事实	table_risk_mapping_rule	风险辨识	ROOT	table_2#行83	枪弹	类别概念	危险工作间名称	燃烧剂配制	位置部位实例									生产分类=枪弹｜普通枪弹，特种枪弹(穿甲爆破燃烧弹、穿甲燃烧弹、穿甲燃烧曳光弹、曳光弹	ROOT	25 | 枪弹 | 普通枪弹，特种枪弹(穿甲爆破燃烧弹、穿甲燃烧弹、穿甲燃烧曳光弹、曳光弹 | 普通枪弹，特种枪弹(穿甲爆破燃烧弹、穿甲燃烧弹、穿甲燃烧曳光弹、曳光弹 | 普通枪弹，特种枪弹(穿甲爆破燃烧弹、穿甲燃烧弹、穿甲燃烧曳光弹、曳光弹 | 燃烧剂配制，曳光剂混药、预烘、干燥 | F1	0.96
test	关系事实	table_risk_mapping_rule	风险辨识	ROOT	table_2#行83	枪弹	类别概念	危险工作间名称	曳光剂混药	位置部位实例									生产分类=枪弹｜普通枪弹，特种枪弹(穿甲爆破燃烧弹、穿甲燃烧弹、穿甲燃烧曳光弹、曳光弹	ROOT	25 | 枪弹 | 普通枪弹，特种枪弹(穿甲爆破燃烧弹、穿甲燃烧弹、穿甲燃烧曳光弹、曳光弹 | 普通枪弹，特种枪弹(穿甲爆破燃烧弹、穿甲燃烧弹、穿甲燃烧曳光弹、曳光弹 | 普通枪弹，特种枪弹(穿甲爆破燃烧弹、穿甲燃烧弹、穿甲燃烧曳光弹、曳光弹 | 燃烧剂配制，曳光剂混药、预烘、干燥 | F1	0.96
test	关系事实	table_risk_mapping_rule	风险辨识	ROOT	table_2#行83	枪弹	类别概念	危险工作间名称	预烘	位置部位实例									生产分类=枪弹｜普通枪弹，特种枪弹(穿甲爆破燃烧弹、穿甲燃烧弹、穿甲燃烧曳光弹、曳光弹	ROOT	25 | 枪弹 | 普通枪弹，特种枪弹(穿甲爆破燃烧弹、穿甲燃烧弹、穿甲燃烧曳光弹、曳光弹 | 普通枪弹，特种枪弹(穿甲爆破燃烧弹、穿甲燃烧弹、穿甲燃烧曳光弹、曳光弹 | 普通枪弹，特种枪弹(穿甲爆破燃烧弹、穿甲燃烧弹、穿甲燃烧曳光弹、曳光弹 | 燃烧剂配制，曳光剂混药、预烘、干燥 | F1	0.96
test	关系事实	table_risk_mapping_rule	风险辨识	ROOT	table_2#行83	枪弹	类别概念	危险工作间名称	干燥	位置部位实例									生产分类=枪弹｜普通枪弹，特种枪弹(穿甲爆破燃烧弹、穿甲燃烧弹、穿甲燃烧曳光弹、曳光弹	ROOT	25 | 枪弹 | 普通枪弹，特种枪弹(穿甲爆破燃烧弹、穿甲燃烧弹、穿甲燃烧曳光弹、曳光弹 | 普通枪弹，特种枪弹(穿甲爆破燃烧弹、穿甲燃烧弹、穿甲燃烧曳光弹、曳光弹 | 普通枪弹，特种枪弹(穿甲爆破燃烧弹、穿甲燃烧弹、穿甲燃烧曳光弹、曳光弹 | 燃烧剂配制，曳光剂混药、预烘、干燥 | F1	0.96
test	属性事实	table_risk_mapping_rule	风险辨识	ROOT	table_2#行83	枪弹	类别概念	生产分类	枪弹｜普通枪弹，特种枪弹(穿甲爆破燃烧弹、穿甲燃烧弹、穿甲燃烧曳光弹、曳光弹	作业信息					文本描述					ROOT	25 | 枪弹 | 普通枪弹，特种枪弹(穿甲爆破燃烧弹、穿甲燃烧弹、穿甲燃烧曳光弹、曳光弹 | 普通枪弹，特种枪弹(穿甲爆破燃烧弹、穿甲燃烧弹、穿甲燃烧曳光弹、曳光弹 | 普通枪弹，特种枪弹(穿甲爆破燃烧弹、穿甲燃烧弹、穿甲燃烧曳光弹、曳光弹 | 燃烧剂配制，曳光剂混药、预烘、干燥 | F1	0.96
test	关系事实	table_risk_mapping_rule	风险辨识	ROOT	table_2#行83	燃烧剂配制	位置部位实例	危险区域	F1	类别概念									生产分类=枪弹｜普通枪弹，特种枪弹(穿甲爆破燃烧弹、穿甲燃烧弹、穿甲燃烧曳光弹、曳光弹；危险工作间名称=燃烧剂配制	ROOT	25 | 枪弹 | 普通枪弹，特种枪弹(穿甲爆破燃烧弹、穿甲燃烧弹、穿甲燃烧曳光弹、曳光弹 | 普通枪弹，特种枪弹(穿甲爆破燃烧弹、穿甲燃烧弹、穿甲燃烧曳光弹、曳光弹 | 普通枪弹，特种枪弹(穿甲爆破燃烧弹、穿甲燃烧弹、穿甲燃烧曳光弹、曳光弹 | 燃烧剂配制，曳光剂混药、预烘、干燥 | F1	0.96
test	关系事实	table_risk_mapping_rule	风险辨识	ROOT	table_2#行83	预烘	位置部位实例	危险区域	F1	类别概念									生产分类=枪弹｜普通枪弹，特种枪弹(穿甲爆破燃烧弹、穿甲燃烧弹、穿甲燃烧曳光弹、曳光弹；危险工作间名称=预烘	ROOT	25 | 枪弹 | 普通枪弹，特种枪弹(穿甲爆破燃烧弹、穿甲燃烧弹、穿甲燃烧曳光弹、曳光弹 | 普通枪弹，特种枪弹(穿甲爆破燃烧弹、穿甲燃烧弹、穿甲燃烧曳光弹、曳光弹 | 普通枪弹，特种枪弹(穿甲爆破燃烧弹、穿甲燃烧弹、穿甲燃烧曳光弹、曳光弹 | 燃烧剂配制，曳光剂混药、预烘、干燥 | F1	0.96
test	关系事实	table_risk_mapping_rule	风险辨识	ROOT	table_2#行84	倒药	位置部位实例	危险区域	F1	类别概念									生产分类=退役弹药、废弹；危险工作间名称=倒药	ROOT	26 | 退役弹药、废弹 | 退役弹药、废弹 | 退役弹药、废弹 | 退役弹药、废弹 | 拆分、高压水切割、锯弹、炸药熔化、倒药、弹丸拆药、炸药回收制片、销毁 | F1	0.96
test	关系事实	table_risk_mapping_rule	风险辨识	ROOT	table_2#行84	弹丸拆药	位置部位实例	危险区域	F1	类别概念									生产分类=退役弹药、废弹；危险工作间名称=弹丸拆药	ROOT	26 | 退役弹药、废弹 | 退役弹药、废弹 | 退役弹药、废弹 | 退役弹药、废弹 | 拆分、高压水切割、锯弹、炸药熔化、倒药、弹丸拆药、炸药回收制片、销毁 | F1	0.96
test	关系事实	table_risk_mapping_rule	风险辨识	ROOT	table_2#行84	拆分	位置部位实例	危险区域	F1	类别概念									生产分类=退役弹药、废弹；危险工作间名称=拆分	ROOT	26 | 退役弹药、废弹 | 退役弹药、废弹 | 退役弹药、废弹 | 退役弹药、废弹 | 拆分、高压水切割、锯弹、炸药熔化、倒药、弹丸拆药、炸药回收制片、销毁 | F1	0.96
test	关系事实	table_risk_mapping_rule	风险辨识	ROOT	table_2#行84	炸药回收制片	位置部位实例	危险区域	F1	类别概念									生产分类=退役弹药、废弹；危险工作间名称=炸药回收制片	ROOT	26 | 退役弹药、废弹 | 退役弹药、废弹 | 退役弹药、废弹 | 退役弹药、废弹 | 拆分、高压水切割、锯弹、炸药熔化、倒药、弹丸拆药、炸药回收制片、销毁 | F1	0.96
test	关系事实	table_risk_mapping_rule	风险辨识	ROOT	table_2#行84	炸药熔化	位置部位实例	危险区域	F1	类别概念									生产分类=退役弹药、废弹；危险工作间名称=炸药熔化	ROOT	26 | 退役弹药、废弹 | 退役弹药、废弹 | 退役弹药、废弹 | 退役弹药、废弹 | 拆分、高压水切割、锯弹、炸药熔化、倒药、弹丸拆药、炸药回收制片、销毁 | F1	0.96
test	关系事实	table_risk_mapping_rule	风险辨识	ROOT	table_2#行84	退役弹药、废弹	类别概念	危险工作间名称	拆分	位置部位实例									生产分类=退役弹药、废弹	ROOT	26 | 退役弹药、废弹 | 退役弹药、废弹 | 退役弹药、废弹 | 退役弹药、废弹 | 拆分、高压水切割、锯弹、炸药熔化、倒药、弹丸拆药、炸药回收制片、销毁 | F1	0.96
test	关系事实	table_risk_mapping_rule	风险辨识	ROOT	table_2#行84	退役弹药、废弹	类别概念	危险工作间名称	高压水切割	位置部位实例									生产分类=退役弹药、废弹	ROOT	26 | 退役弹药、废弹 | 退役弹药、废弹 | 退役弹药、废弹 | 退役弹药、废弹 | 拆分、高压水切割、锯弹、炸药熔化、倒药、弹丸拆药、炸药回收制片、销毁 | F1	0.96
test	关系事实	table_risk_mapping_rule	风险辨识	ROOT	table_2#行84	退役弹药、废弹	类别概念	危险工作间名称	锯弹	位置部位实例									生产分类=退役弹药、废弹	ROOT	26 | 退役弹药、废弹 | 退役弹药、废弹 | 退役弹药、废弹 | 退役弹药、废弹 | 拆分、高压水切割、锯弹、炸药熔化、倒药、弹丸拆药、炸药回收制片、销毁 | F1	0.96
test	关系事实	table_risk_mapping_rule	风险辨识	ROOT	table_2#行84	退役弹药、废弹	类别概念	危险工作间名称	炸药熔化	位置部位实例									生产分类=退役弹药、废弹	ROOT	26 | 退役弹药、废弹 | 退役弹药、废弹 | 退役弹药、废弹 | 退役弹药、废弹 | 拆分、高压水切割、锯弹、炸药熔化、倒药、弹丸拆药、炸药回收制片、销毁 | F1	0.96
test	关系事实	table_risk_mapping_rule	风险辨识	ROOT	table_2#行84	退役弹药、废弹	类别概念	危险工作间名称	倒药	位置部位实例									生产分类=退役弹药、废弹	ROOT	26 | 退役弹药、废弹 | 退役弹药、废弹 | 退役弹药、废弹 | 退役弹药、废弹 | 拆分、高压水切割、锯弹、炸药熔化、倒药、弹丸拆药、炸药回收制片、销毁 | F1	0.96
test	关系事实	table_risk_mapping_rule	风险辨识	ROOT	table_2#行84	退役弹药、废弹	类别概念	危险工作间名称	弹丸拆药	位置部位实例									生产分类=退役弹药、废弹	ROOT	26 | 退役弹药、废弹 | 退役弹药、废弹 | 退役弹药、废弹 | 退役弹药、废弹 | 拆分、高压水切割、锯弹、炸药熔化、倒药、弹丸拆药、炸药回收制片、销毁 | F1	0.96
test	关系事实	table_risk_mapping_rule	风险辨识	ROOT	table_2#行84	退役弹药、废弹	类别概念	危险工作间名称	炸药回收制片	位置部位实例									生产分类=退役弹药、废弹	ROOT	26 | 退役弹药、废弹 | 退役弹药、废弹 | 退役弹药、废弹 | 退役弹药、废弹 | 拆分、高压水切割、锯弹、炸药熔化、倒药、弹丸拆药、炸药回收制片、销毁 | F1	0.96
test	关系事实	table_risk_mapping_rule	风险辨识	ROOT	table_2#行84	退役弹药、废弹	类别概念	危险工作间名称	销毁	位置部位实例									生产分类=退役弹药、废弹	ROOT	26 | 退役弹药、废弹 | 退役弹药、废弹 | 退役弹药、废弹 | 退役弹药、废弹 | 拆分、高压水切割、锯弹、炸药熔化、倒药、弹丸拆药、炸药回收制片、销毁 | F1	0.96
test	关系事实	table_risk_mapping_rule	风险辨识	ROOT	table_2#行84	销毁	位置部位实例	危险区域	F1	类别概念									生产分类=退役弹药、废弹；危险工作间名称=销毁	ROOT	26 | 退役弹药、废弹 | 退役弹药、废弹 | 退役弹药、废弹 | 退役弹药、废弹 | 拆分、高压水切割、锯弹、炸药熔化、倒药、弹丸拆药、炸药回收制片、销毁 | F1	0.96
test	关系事实	table_risk_mapping_rule	风险辨识	ROOT	table_2#行84	锯弹	位置部位实例	危险区域	F1	类别概念									生产分类=退役弹药、废弹；危险工作间名称=锯弹	ROOT	26 | 退役弹药、废弹 | 退役弹药、废弹 | 退役弹药、废弹 | 退役弹药、废弹 | 拆分、高压水切割、锯弹、炸药熔化、倒药、弹丸拆药、炸药回收制片、销毁 | F1	0.96
test	关系事实	table_risk_mapping_rule	风险辨识	ROOT	table_2#行84	高压水切割	位置部位实例	危险区域	F1	类别概念									生产分类=退役弹药、废弹；危险工作间名称=高压水切割	ROOT	26 | 退役弹药、废弹 | 退役弹药、废弹 | 退役弹药、废弹 | 退役弹药、废弹 | 拆分、高压水切割、锯弹、炸药熔化、倒药、弹丸拆药、炸药回收制片、销毁 | F1	0.96
test	关系事实	table_risk_mapping_rule	风险辨识	ROOT	table_2#行85	炸药柱(块)残次品	类别概念	危险工作间名称	药柱(块)粉碎	位置部位实例									生产分类=炸药柱(块)残次品	ROOT	27 | 炸药柱(块)残次品 | 炸药柱(块)残次品 | 炸药柱(块)残次品 | 炸药柱(块)残次品 | 药柱(块)粉碎 | F1	0.96
test	关系事实	table_risk_mapping_rule	风险辨识	ROOT	table_2#行85	药柱(块)粉碎	位置部位实例	危险区域	F1	类别概念									生产分类=炸药柱(块)残次品；危险工作间名称=药柱(块)粉碎	ROOT	27 | 炸药柱(块)残次品 | 炸药柱(块)残次品 | 炸药柱(块)残次品 | 炸药柱(块)残次品 | 药柱(块)粉碎 | F1	0.96
test	关系事实	table_risk_mapping_rule	风险辨识	ROOT	table_2#行86	传爆药柱压制	位置部位实例	危险区域	F1	类别概念									生产分类=引信、发火件；危险工作间名称=传爆药柱压制	ROOT	28 | 引信、发火件 | 引信、发火件 | 引信、发火件 | 引信、发火件 | 药剂准备、药剂称量、传爆药柱压制、导爆药柱压制、延期药柱(盘)压制 | F1	0.96
test	关系事实	table_risk_mapping_rule	风险辨识	ROOT	table_2#行86	导爆药柱压制	位置部位实例	危险区域	F1	类别概念									生产分类=引信、发火件；危险工作间名称=导爆药柱压制	ROOT	28 | 引信、发火件 | 引信、发火件 | 引信、发火件 | 引信、发火件 | 药剂准备、药剂称量、传爆药柱压制、导爆药柱压制、延期药柱(盘)压制 | F1	0.96
test	关系事实	table_risk_mapping_rule	风险辨识	ROOT	table_2#行86	延期药柱(盘)压制	位置部位实例	危险区域	F1	类别概念									生产分类=引信、发火件；危险工作间名称=延期药柱(盘)压制	ROOT	28 | 引信、发火件 | 引信、发火件 | 引信、发火件 | 引信、发火件 | 药剂准备、药剂称量、传爆药柱压制、导爆药柱压制、延期药柱(盘)压制 | F1	0.96
test	关系事实	table_risk_mapping_rule	风险辨识	ROOT	table_2#行86	引信、发火件	类别概念	危险工作间名称	药剂准备	位置部位实例									生产分类=引信、发火件	ROOT	28 | 引信、发火件 | 引信、发火件 | 引信、发火件 | 引信、发火件 | 药剂准备、药剂称量、传爆药柱压制、导爆药柱压制、延期药柱(盘)压制 | F1	0.96
test	关系事实	table_risk_mapping_rule	风险辨识	ROOT	table_2#行86	引信、发火件	类别概念	危险工作间名称	药剂称量	位置部位实例									生产分类=引信、发火件	ROOT	28 | 引信、发火件 | 引信、发火件 | 引信、发火件 | 引信、发火件 | 药剂准备、药剂称量、传爆药柱压制、导爆药柱压制、延期药柱(盘)压制 | F1	0.96
test	关系事实	table_risk_mapping_rule	风险辨识	ROOT	table_2#行86	引信、发火件	类别概念	危险工作间名称	传爆药柱压制	位置部位实例									生产分类=引信、发火件	ROOT	28 | 引信、发火件 | 引信、发火件 | 引信、发火件 | 引信、发火件 | 药剂准备、药剂称量、传爆药柱压制、导爆药柱压制、延期药柱(盘)压制 | F1	0.96
test	关系事实	table_risk_mapping_rule	风险辨识	ROOT	table_2#行86	引信、发火件	类别概念	危险工作间名称	导爆药柱压制	位置部位实例									生产分类=引信、发火件	ROOT	28 | 引信、发火件 | 引信、发火件 | 引信、发火件 | 引信、发火件 | 药剂准备、药剂称量、传爆药柱压制、导爆药柱压制、延期药柱(盘)压制 | F1	0.96
test	关系事实	table_risk_mapping_rule	风险辨识	ROOT	table_2#行86	引信、发火件	类别概念	危险工作间名称	延期药柱(盘)压制	位置部位实例									生产分类=引信、发火件	ROOT	28 | 引信、发火件 | 引信、发火件 | 引信、发火件 | 引信、发火件 | 药剂准备、药剂称量、传爆药柱压制、导爆药柱压制、延期药柱(盘)压制 | F1	0.96
test	关系事实	table_risk_mapping_rule	风险辨识	ROOT	table_2#行86	药剂准备	位置部位实例	危险区域	F1	类别概念									生产分类=引信、发火件；危险工作间名称=药剂准备	ROOT	28 | 引信、发火件 | 引信、发火件 | 引信、发火件 | 引信、发火件 | 药剂准备、药剂称量、传爆药柱压制、导爆药柱压制、延期药柱(盘)压制 | F1	0.96
test	关系事实	table_risk_mapping_rule	风险辨识	ROOT	table_2#行86	药剂称量	位置部位实例	危险区域	F1	类别概念									生产分类=引信、发火件；危险工作间名称=药剂称量	ROOT	28 | 引信、发火件 | 引信、发火件 | 引信、发火件 | 引信、发火件 | 药剂准备、药剂称量、传爆药柱压制、导爆药柱压制、延期药柱(盘)压制 | F1	0.96
test	关系事实	table_risk_mapping_rule	风险辨识	ROOT	table_2#行87	分解	位置部位实例	危险区域	F1	类别概念									生产分类=引信、发火件；危险工作间名称=分解	ROOT	28 | 引信、发火件 | 引信、发火件 | 引信、发火件 | 引信、发火件 | 引信、发火件装配，分解、拆卸、检测、编批、包装 | F1	0.96
test	关系事实	table_risk_mapping_rule	风险辨识	ROOT	table_2#行87	包装	位置部位实例	危险区域	F1	类别概念									生产分类=引信、发火件；危险工作间名称=包装	ROOT	28 | 引信、发火件 | 引信、发火件 | 引信、发火件 | 引信、发火件 | 引信、发火件装配，分解、拆卸、检测、编批、包装 | F1	0.96
test	关系事实	table_risk_mapping_rule	风险辨识	ROOT	table_2#行87	发火件装配	位置部位实例	危险区域	F1	类别概念									生产分类=引信、发火件；危险工作间名称=发火件装配	ROOT	28 | 引信、发火件 | 引信、发火件 | 引信、发火件 | 引信、发火件 | 引信、发火件装配，分解、拆卸、检测、编批、包装 | F1	0.96
test	关系事实	table_risk_mapping_rule	风险辨识	ROOT	table_2#行87	引信	位置部位实例	危险区域	F1	类别概念									生产分类=引信、发火件；危险工作间名称=引信	ROOT	28 | 引信、发火件 | 引信、发火件 | 引信、发火件 | 引信、发火件 | 引信、发火件装配，分解、拆卸、检测、编批、包装 | F1	0.96
test	关系事实	table_risk_mapping_rule	风险辨识	ROOT	table_2#行87	引信、发火件	类别概念	危险工作间名称	引信	位置部位实例									生产分类=引信、发火件	ROOT	28 | 引信、发火件 | 引信、发火件 | 引信、发火件 | 引信、发火件 | 引信、发火件装配，分解、拆卸、检测、编批、包装 | F1	0.96
test	关系事实	table_risk_mapping_rule	风险辨识	ROOT	table_2#行87	引信、发火件	类别概念	危险工作间名称	发火件装配	位置部位实例									生产分类=引信、发火件	ROOT	28 | 引信、发火件 | 引信、发火件 | 引信、发火件 | 引信、发火件 | 引信、发火件装配，分解、拆卸、检测、编批、包装 | F1	0.96
test	关系事实	table_risk_mapping_rule	风险辨识	ROOT	table_2#行87	引信、发火件	类别概念	危险工作间名称	分解	位置部位实例									生产分类=引信、发火件	ROOT	28 | 引信、发火件 | 引信、发火件 | 引信、发火件 | 引信、发火件 | 引信、发火件装配，分解、拆卸、检测、编批、包装 | F1	0.96
test	关系事实	table_risk_mapping_rule	风险辨识	ROOT	table_2#行87	引信、发火件	类别概念	危险工作间名称	拆卸	位置部位实例									生产分类=引信、发火件	ROOT	28 | 引信、发火件 | 引信、发火件 | 引信、发火件 | 引信、发火件 | 引信、发火件装配，分解、拆卸、检测、编批、包装 | F1	0.96
test	关系事实	table_risk_mapping_rule	风险辨识	ROOT	table_2#行87	引信、发火件	类别概念	危险工作间名称	检测	位置部位实例									生产分类=引信、发火件	ROOT	28 | 引信、发火件 | 引信、发火件 | 引信、发火件 | 引信、发火件 | 引信、发火件装配，分解、拆卸、检测、编批、包装 | F1	0.96
test	关系事实	table_risk_mapping_rule	风险辨识	ROOT	table_2#行87	引信、发火件	类别概念	危险工作间名称	编批	位置部位实例									生产分类=引信、发火件	ROOT	28 | 引信、发火件 | 引信、发火件 | 引信、发火件 | 引信、发火件 | 引信、发火件装配，分解、拆卸、检测、编批、包装 | F1	0.96
test	关系事实	table_risk_mapping_rule	风险辨识	ROOT	table_2#行87	引信、发火件	类别概念	危险工作间名称	包装	位置部位实例									生产分类=引信、发火件	ROOT	28 | 引信、发火件 | 引信、发火件 | 引信、发火件 | 引信、发火件 | 引信、发火件装配，分解、拆卸、检测、编批、包装 | F1	0.96
test	关系事实	table_risk_mapping_rule	风险辨识	ROOT	table_2#行87	拆卸	位置部位实例	危险区域	F1	类别概念									生产分类=引信、发火件；危险工作间名称=拆卸	ROOT	28 | 引信、发火件 | 引信、发火件 | 引信、发火件 | 引信、发火件 | 引信、发火件装配，分解、拆卸、检测、编批、包装 | F1	0.96
test	关系事实	table_risk_mapping_rule	风险辨识	ROOT	table_2#行87	检测	位置部位实例	危险区域	F1	类别概念									生产分类=引信、发火件；危险工作间名称=检测	ROOT	28 | 引信、发火件 | 引信、发火件 | 引信、发火件 | 引信、发火件 | 引信、发火件装配，分解、拆卸、检测、编批、包装 | F1	0.96
test	关系事实	table_risk_mapping_rule	风险辨识	ROOT	table_2#行87	编批	位置部位实例	危险区域	F1	类别概念									生产分类=引信、发火件；危险工作间名称=编批	ROOT	28 | 引信、发火件 | 引信、发火件 | 引信、发火件 | 引信、发火件 | 引信、发火件装配，分解、拆卸、检测、编批、包装 | F1	0.96
test	关系事实	table_risk_mapping_rule	风险辨识	ROOT	table_2#行88	压药	位置部位实例	危险区域	F1	类别概念									生产分类=火工品｜曳光管、传火具、点火具、点火药盒、拉火管等， 雷管、火帽、枪弹底火、带雷管的发火件、扩爆管、传爆管、底火、电爆管等；危险工作间名称=压药	ROOT	29 | 火工品 | 火工品 | 曳光管、传火具、点火具、点火药盒、拉火管等， 雷管、火帽、枪弹底火、带雷管的发火件、扩爆管、传爆管、底火、电爆管等 | 曳光管、传火具、点火具、点火药盒、拉火管等， 雷管、火帽、枪弹底火、带雷管的发火件、扩爆管、传爆管、底火、电爆管等 | 药剂准备、药剂烘干、装药、压药、装配、滚光、筛选 | F1	0.96
test	关系事实	table_risk_mapping_rule	风险辨识	ROOT	table_2#行88	滚光	位置部位实例	危险区域	F1	类别概念									生产分类=火工品｜曳光管、传火具、点火具、点火药盒、拉火管等， 雷管、火帽、枪弹底火、带雷管的发火件、扩爆管、传爆管、底火、电爆管等；危险工作间名称=滚光	ROOT	29 | 火工品 | 火工品 | 曳光管、传火具、点火具、点火药盒、拉火管等， 雷管、火帽、枪弹底火、带雷管的发火件、扩爆管、传爆管、底火、电爆管等 | 曳光管、传火具、点火具、点火药盒、拉火管等， 雷管、火帽、枪弹底火、带雷管的发火件、扩爆管、传爆管、底火、电爆管等 | 药剂准备、药剂烘干、装药、压药、装配、滚光、筛选 | F1	0.96
test	关系事实	table_risk_mapping_rule	风险辨识	ROOT	table_2#行88	火工品	类别概念	危险工作间名称	药剂准备	位置部位实例									生产分类=火工品｜曳光管、传火具、点火具、点火药盒、拉火管等， 雷管、火帽、枪弹底火、带雷管的发火件、扩爆管、传爆管、底火、电爆管等	ROOT	29 | 火工品 | 火工品 | 曳光管、传火具、点火具、点火药盒、拉火管等， 雷管、火帽、枪弹底火、带雷管的发火件、扩爆管、传爆管、底火、电爆管等 | 曳光管、传火具、点火具、点火药盒、拉火管等， 雷管、火帽、枪弹底火、带雷管的发火件、扩爆管、传爆管、底火、电爆管等 | 药剂准备、药剂烘干、装药、压药、装配、滚光、筛选 | F1	0.96
test	关系事实	table_risk_mapping_rule	风险辨识	ROOT	table_2#行88	火工品	类别概念	危险工作间名称	药剂烘干	位置部位实例									生产分类=火工品｜曳光管、传火具、点火具、点火药盒、拉火管等， 雷管、火帽、枪弹底火、带雷管的发火件、扩爆管、传爆管、底火、电爆管等	ROOT	29 | 火工品 | 火工品 | 曳光管、传火具、点火具、点火药盒、拉火管等， 雷管、火帽、枪弹底火、带雷管的发火件、扩爆管、传爆管、底火、电爆管等 | 曳光管、传火具、点火具、点火药盒、拉火管等， 雷管、火帽、枪弹底火、带雷管的发火件、扩爆管、传爆管、底火、电爆管等 | 药剂准备、药剂烘干、装药、压药、装配、滚光、筛选 | F1	0.96
test	关系事实	table_risk_mapping_rule	风险辨识	ROOT	table_2#行88	火工品	类别概念	危险工作间名称	装药	位置部位实例									生产分类=火工品｜曳光管、传火具、点火具、点火药盒、拉火管等， 雷管、火帽、枪弹底火、带雷管的发火件、扩爆管、传爆管、底火、电爆管等	ROOT	29 | 火工品 | 火工品 | 曳光管、传火具、点火具、点火药盒、拉火管等， 雷管、火帽、枪弹底火、带雷管的发火件、扩爆管、传爆管、底火、电爆管等 | 曳光管、传火具、点火具、点火药盒、拉火管等， 雷管、火帽、枪弹底火、带雷管的发火件、扩爆管、传爆管、底火、电爆管等 | 药剂准备、药剂烘干、装药、压药、装配、滚光、筛选 | F1	0.96
test	关系事实	table_risk_mapping_rule	风险辨识	ROOT	table_2#行88	火工品	类别概念	危险工作间名称	压药	位置部位实例									生产分类=火工品｜曳光管、传火具、点火具、点火药盒、拉火管等， 雷管、火帽、枪弹底火、带雷管的发火件、扩爆管、传爆管、底火、电爆管等	ROOT	29 | 火工品 | 火工品 | 曳光管、传火具、点火具、点火药盒、拉火管等， 雷管、火帽、枪弹底火、带雷管的发火件、扩爆管、传爆管、底火、电爆管等 | 曳光管、传火具、点火具、点火药盒、拉火管等， 雷管、火帽、枪弹底火、带雷管的发火件、扩爆管、传爆管、底火、电爆管等 | 药剂准备、药剂烘干、装药、压药、装配、滚光、筛选 | F1	0.96
test	关系事实	table_risk_mapping_rule	风险辨识	ROOT	table_2#行88	火工品	类别概念	危险工作间名称	装配	位置部位实例									生产分类=火工品｜曳光管、传火具、点火具、点火药盒、拉火管等， 雷管、火帽、枪弹底火、带雷管的发火件、扩爆管、传爆管、底火、电爆管等	ROOT	29 | 火工品 | 火工品 | 曳光管、传火具、点火具、点火药盒、拉火管等， 雷管、火帽、枪弹底火、带雷管的发火件、扩爆管、传爆管、底火、电爆管等 | 曳光管、传火具、点火具、点火药盒、拉火管等， 雷管、火帽、枪弹底火、带雷管的发火件、扩爆管、传爆管、底火、电爆管等 | 药剂准备、药剂烘干、装药、压药、装配、滚光、筛选 | F1	0.96
test	关系事实	table_risk_mapping_rule	风险辨识	ROOT	table_2#行88	火工品	类别概念	危险工作间名称	滚光	位置部位实例									生产分类=火工品｜曳光管、传火具、点火具、点火药盒、拉火管等， 雷管、火帽、枪弹底火、带雷管的发火件、扩爆管、传爆管、底火、电爆管等	ROOT	29 | 火工品 | 火工品 | 曳光管、传火具、点火具、点火药盒、拉火管等， 雷管、火帽、枪弹底火、带雷管的发火件、扩爆管、传爆管、底火、电爆管等 | 曳光管、传火具、点火具、点火药盒、拉火管等， 雷管、火帽、枪弹底火、带雷管的发火件、扩爆管、传爆管、底火、电爆管等 | 药剂准备、药剂烘干、装药、压药、装配、滚光、筛选 | F1	0.96
test	关系事实	table_risk_mapping_rule	风险辨识	ROOT	table_2#行88	火工品	类别概念	危险工作间名称	筛选	位置部位实例									生产分类=火工品｜曳光管、传火具、点火具、点火药盒、拉火管等， 雷管、火帽、枪弹底火、带雷管的发火件、扩爆管、传爆管、底火、电爆管等	ROOT	29 | 火工品 | 火工品 | 曳光管、传火具、点火具、点火药盒、拉火管等， 雷管、火帽、枪弹底火、带雷管的发火件、扩爆管、传爆管、底火、电爆管等 | 曳光管、传火具、点火具、点火药盒、拉火管等， 雷管、火帽、枪弹底火、带雷管的发火件、扩爆管、传爆管、底火、电爆管等 | 药剂准备、药剂烘干、装药、压药、装配、滚光、筛选 | F1	0.96
test	属性事实	table_risk_mapping_rule	风险辨识	ROOT	table_2#行88	火工品	类别概念	生产分类	火工品｜曳光管、传火具、点火具、点火药盒、拉火管等， 雷管、火帽、枪弹底火、带雷管的发火件、扩爆管、传爆管、底火、电爆管等	作业信息					文本描述					ROOT	29 | 火工品 | 火工品 | 曳光管、传火具、点火具、点火药盒、拉火管等， 雷管、火帽、枪弹底火、带雷管的发火件、扩爆管、传爆管、底火、电爆管等 | 曳光管、传火具、点火具、点火药盒、拉火管等， 雷管、火帽、枪弹底火、带雷管的发火件、扩爆管、传爆管、底火、电爆管等 | 药剂准备、药剂烘干、装药、压药、装配、滚光、筛选 | F1	0.96
test	关系事实	table_risk_mapping_rule	风险辨识	ROOT	table_2#行88	筛选	位置部位实例	危险区域	F1	类别概念									生产分类=火工品｜曳光管、传火具、点火具、点火药盒、拉火管等， 雷管、火帽、枪弹底火、带雷管的发火件、扩爆管、传爆管、底火、电爆管等；危险工作间名称=筛选	ROOT	29 | 火工品 | 火工品 | 曳光管、传火具、点火具、点火药盒、拉火管等， 雷管、火帽、枪弹底火、带雷管的发火件、扩爆管、传爆管、底火、电爆管等 | 曳光管、传火具、点火具、点火药盒、拉火管等， 雷管、火帽、枪弹底火、带雷管的发火件、扩爆管、传爆管、底火、电爆管等 | 药剂准备、药剂烘干、装药、压药、装配、滚光、筛选 | F1	0.96
test	关系事实	table_risk_mapping_rule	风险辨识	ROOT	table_2#行88	药剂准备	位置部位实例	危险区域	F1	类别概念									生产分类=火工品｜曳光管、传火具、点火具、点火药盒、拉火管等， 雷管、火帽、枪弹底火、带雷管的发火件、扩爆管、传爆管、底火、电爆管等；危险工作间名称=药剂准备	ROOT	29 | 火工品 | 火工品 | 曳光管、传火具、点火具、点火药盒、拉火管等， 雷管、火帽、枪弹底火、带雷管的发火件、扩爆管、传爆管、底火、电爆管等 | 曳光管、传火具、点火具、点火药盒、拉火管等， 雷管、火帽、枪弹底火、带雷管的发火件、扩爆管、传爆管、底火、电爆管等 | 药剂准备、药剂烘干、装药、压药、装配、滚光、筛选 | F1	0.96
test	关系事实	table_risk_mapping_rule	风险辨识	ROOT	table_2#行88	药剂烘干	位置部位实例	危险区域	F1	类别概念									生产分类=火工品｜曳光管、传火具、点火具、点火药盒、拉火管等， 雷管、火帽、枪弹底火、带雷管的发火件、扩爆管、传爆管、底火、电爆管等；危险工作间名称=药剂烘干	ROOT	29 | 火工品 | 火工品 | 曳光管、传火具、点火具、点火药盒、拉火管等， 雷管、火帽、枪弹底火、带雷管的发火件、扩爆管、传爆管、底火、电爆管等 | 曳光管、传火具、点火具、点火药盒、拉火管等， 雷管、火帽、枪弹底火、带雷管的发火件、扩爆管、传爆管、底火、电爆管等 | 药剂准备、药剂烘干、装药、压药、装配、滚光、筛选 | F1	0.96
test	关系事实	table_risk_mapping_rule	风险辨识	ROOT	table_2#行88	装药	位置部位实例	危险区域	F1	类别概念									生产分类=火工品｜曳光管、传火具、点火具、点火药盒、拉火管等， 雷管、火帽、枪弹底火、带雷管的发火件、扩爆管、传爆管、底火、电爆管等；危险工作间名称=装药	ROOT	29 | 火工品 | 火工品 | 曳光管、传火具、点火具、点火药盒、拉火管等， 雷管、火帽、枪弹底火、带雷管的发火件、扩爆管、传爆管、底火、电爆管等 | 曳光管、传火具、点火具、点火药盒、拉火管等， 雷管、火帽、枪弹底火、带雷管的发火件、扩爆管、传爆管、底火、电爆管等 | 药剂准备、药剂烘干、装药、压药、装配、滚光、筛选 | F1	0.96
test	关系事实	table_risk_mapping_rule	风险辨识	ROOT	table_2#行88	装配	位置部位实例	危险区域	F1	类别概念									生产分类=火工品｜曳光管、传火具、点火具、点火药盒、拉火管等， 雷管、火帽、枪弹底火、带雷管的发火件、扩爆管、传爆管、底火、电爆管等；危险工作间名称=装配	ROOT	29 | 火工品 | 火工品 | 曳光管、传火具、点火具、点火药盒、拉火管等， 雷管、火帽、枪弹底火、带雷管的发火件、扩爆管、传爆管、底火、电爆管等 | 曳光管、传火具、点火具、点火药盒、拉火管等， 雷管、火帽、枪弹底火、带雷管的发火件、扩爆管、传爆管、底火、电爆管等 | 药剂准备、药剂烘干、装药、压药、装配、滚光、筛选 | F1	0.96
test	关系事实	table_risk_mapping_rule	风险辨识	ROOT	table_2#行89	包装	位置部位实例	危险区域	F2	类别概念									生产分类=火工品｜曳光管、传火具、点火具、点火药盒、拉火管等， 雷管、火帽、枪弹底火、带雷管的发火件、扩爆管、传爆管、底火、电爆管等；危险工作间名称=包装	ROOT	29 | 火工品 | 火工品 | 曳光管、传火具、点火具、点火药盒、拉火管等， 雷管、火帽、枪弹底火、带雷管的发火件、扩爆管、传爆管、底火、电爆管等 | 曳光管、传火具、点火具、点火药盒、拉火管等， 雷管、火帽、枪弹底火、带雷管的发火件、扩爆管、传爆管、底火、电爆管等 | 引火药配置、引火药头制造、火工品的检验、编批、包装 | F2	0.96
test	关系事实	table_risk_mapping_rule	风险辨识	ROOT	table_2#行89	引火药头制造	位置部位实例	危险区域	F2	类别概念									生产分类=火工品｜曳光管、传火具、点火具、点火药盒、拉火管等， 雷管、火帽、枪弹底火、带雷管的发火件、扩爆管、传爆管、底火、电爆管等；危险工作间名称=引火药头制造	ROOT	29 | 火工品 | 火工品 | 曳光管、传火具、点火具、点火药盒、拉火管等， 雷管、火帽、枪弹底火、带雷管的发火件、扩爆管、传爆管、底火、电爆管等 | 曳光管、传火具、点火具、点火药盒、拉火管等， 雷管、火帽、枪弹底火、带雷管的发火件、扩爆管、传爆管、底火、电爆管等 | 引火药配置、引火药头制造、火工品的检验、编批、包装 | F2	0.96
test	关系事实	table_risk_mapping_rule	风险辨识	ROOT	table_2#行89	引火药配置	位置部位实例	危险区域	F2	类别概念									生产分类=火工品｜曳光管、传火具、点火具、点火药盒、拉火管等， 雷管、火帽、枪弹底火、带雷管的发火件、扩爆管、传爆管、底火、电爆管等；危险工作间名称=引火药配置	ROOT	29 | 火工品 | 火工品 | 曳光管、传火具、点火具、点火药盒、拉火管等， 雷管、火帽、枪弹底火、带雷管的发火件、扩爆管、传爆管、底火、电爆管等 | 曳光管、传火具、点火具、点火药盒、拉火管等， 雷管、火帽、枪弹底火、带雷管的发火件、扩爆管、传爆管、底火、电爆管等 | 引火药配置、引火药头制造、火工品的检验、编批、包装 | F2	0.96
test	关系事实	table_risk_mapping_rule	风险辨识	ROOT	table_2#行89	火工品	类别概念	危险工作间名称	引火药配置	位置部位实例									生产分类=火工品｜曳光管、传火具、点火具、点火药盒、拉火管等， 雷管、火帽、枪弹底火、带雷管的发火件、扩爆管、传爆管、底火、电爆管等	ROOT	29 | 火工品 | 火工品 | 曳光管、传火具、点火具、点火药盒、拉火管等， 雷管、火帽、枪弹底火、带雷管的发火件、扩爆管、传爆管、底火、电爆管等 | 曳光管、传火具、点火具、点火药盒、拉火管等， 雷管、火帽、枪弹底火、带雷管的发火件、扩爆管、传爆管、底火、电爆管等 | 引火药配置、引火药头制造、火工品的检验、编批、包装 | F2	0.96
test	关系事实	table_risk_mapping_rule	风险辨识	ROOT	table_2#行89	火工品	类别概念	危险工作间名称	引火药头制造	位置部位实例									生产分类=火工品｜曳光管、传火具、点火具、点火药盒、拉火管等， 雷管、火帽、枪弹底火、带雷管的发火件、扩爆管、传爆管、底火、电爆管等	ROOT	29 | 火工品 | 火工品 | 曳光管、传火具、点火具、点火药盒、拉火管等， 雷管、火帽、枪弹底火、带雷管的发火件、扩爆管、传爆管、底火、电爆管等 | 曳光管、传火具、点火具、点火药盒、拉火管等， 雷管、火帽、枪弹底火、带雷管的发火件、扩爆管、传爆管、底火、电爆管等 | 引火药配置、引火药头制造、火工品的检验、编批、包装 | F2	0.96
test	关系事实	table_risk_mapping_rule	风险辨识	ROOT	table_2#行89	火工品	类别概念	危险工作间名称	火工品的检验	位置部位实例									生产分类=火工品｜曳光管、传火具、点火具、点火药盒、拉火管等， 雷管、火帽、枪弹底火、带雷管的发火件、扩爆管、传爆管、底火、电爆管等	ROOT	29 | 火工品 | 火工品 | 曳光管、传火具、点火具、点火药盒、拉火管等， 雷管、火帽、枪弹底火、带雷管的发火件、扩爆管、传爆管、底火、电爆管等 | 曳光管、传火具、点火具、点火药盒、拉火管等， 雷管、火帽、枪弹底火、带雷管的发火件、扩爆管、传爆管、底火、电爆管等 | 引火药配置、引火药头制造、火工品的检验、编批、包装 | F2	0.96
test	关系事实	table_risk_mapping_rule	风险辨识	ROOT	table_2#行89	火工品	类别概念	危险工作间名称	编批	位置部位实例									生产分类=火工品｜曳光管、传火具、点火具、点火药盒、拉火管等， 雷管、火帽、枪弹底火、带雷管的发火件、扩爆管、传爆管、底火、电爆管等	ROOT	29 | 火工品 | 火工品 | 曳光管、传火具、点火具、点火药盒、拉火管等， 雷管、火帽、枪弹底火、带雷管的发火件、扩爆管、传爆管、底火、电爆管等 | 曳光管、传火具、点火具、点火药盒、拉火管等， 雷管、火帽、枪弹底火、带雷管的发火件、扩爆管、传爆管、底火、电爆管等 | 引火药配置、引火药头制造、火工品的检验、编批、包装 | F2	0.96
test	关系事实	table_risk_mapping_rule	风险辨识	ROOT	table_2#行89	火工品	类别概念	危险工作间名称	包装	位置部位实例									生产分类=火工品｜曳光管、传火具、点火具、点火药盒、拉火管等， 雷管、火帽、枪弹底火、带雷管的发火件、扩爆管、传爆管、底火、电爆管等	ROOT	29 | 火工品 | 火工品 | 曳光管、传火具、点火具、点火药盒、拉火管等， 雷管、火帽、枪弹底火、带雷管的发火件、扩爆管、传爆管、底火、电爆管等 | 曳光管、传火具、点火具、点火药盒、拉火管等， 雷管、火帽、枪弹底火、带雷管的发火件、扩爆管、传爆管、底火、电爆管等 | 引火药配置、引火药头制造、火工品的检验、编批、包装 | F2	0.96
test	关系事实	table_risk_mapping_rule	风险辨识	ROOT	table_2#行89	火工品的检验	位置部位实例	危险区域	F2	类别概念									生产分类=火工品｜曳光管、传火具、点火具、点火药盒、拉火管等， 雷管、火帽、枪弹底火、带雷管的发火件、扩爆管、传爆管、底火、电爆管等；危险工作间名称=火工品的检验	ROOT	29 | 火工品 | 火工品 | 曳光管、传火具、点火具、点火药盒、拉火管等， 雷管、火帽、枪弹底火、带雷管的发火件、扩爆管、传爆管、底火、电爆管等 | 曳光管、传火具、点火具、点火药盒、拉火管等， 雷管、火帽、枪弹底火、带雷管的发火件、扩爆管、传爆管、底火、电爆管等 | 引火药配置、引火药头制造、火工品的检验、编批、包装 | F2	0.96
test	关系事实	table_risk_mapping_rule	风险辨识	ROOT	table_2#行89	编批	位置部位实例	危险区域	F2	类别概念									生产分类=火工品｜曳光管、传火具、点火具、点火药盒、拉火管等， 雷管、火帽、枪弹底火、带雷管的发火件、扩爆管、传爆管、底火、电爆管等；危险工作间名称=编批	ROOT	29 | 火工品 | 火工品 | 曳光管、传火具、点火具、点火药盒、拉火管等， 雷管、火帽、枪弹底火、带雷管的发火件、扩爆管、传爆管、底火、电爆管等 | 曳光管、传火具、点火具、点火药盒、拉火管等， 雷管、火帽、枪弹底火、带雷管的发火件、扩爆管、传爆管、底火、电爆管等 | 引火药配置、引火药头制造、火工品的检验、编批、包装 | F2	0.96
test	关系事实	table_risk_mapping_rule	风险辨识	ROOT	table_2#行9	光泽	位置部位实例	危险区域	F1**	类别概念									生产分类=单基发射药；危险工作间名称=光泽	ROOT	3 | 单基发射药 | 单基发射药 | 单基发射药 | 单基发射药 | 胶化、压伸、筛选、光泽、钝感、混同、编批、包装、 输送 | F1**	0.96
test	关系事实	table_risk_mapping_rule	风险辨识	ROOT	table_2#行9	制索	位置部位实例	危险区域	F1	类别概念									生产分类=导爆索；危险工作间名称=制索	ROOT	30 | 导爆索 | 导爆索 | 导爆索 | 导爆索 | 炸药准备、制索、涂塑 | F1	0.96
test	关系事实	table_risk_mapping_rule	风险辨识	ROOT	table_2#行9	包装	位置部位实例	危险区域	F1**	类别概念									生产分类=单基发射药；危险工作间名称=包装	ROOT	3 | 单基发射药 | 单基发射药 | 单基发射药 | 单基发射药 | 胶化、压伸、筛选、光泽、钝感、混同、编批、包装、 输送 | F1**	0.96
test	关系事实	table_risk_mapping_rule	风险辨识	ROOT	table_2#行9	单基发射药	类别概念	危险工作间名称	胶化	位置部位实例									生产分类=单基发射药	ROOT	3 | 单基发射药 | 单基发射药 | 单基发射药 | 单基发射药 | 胶化、压伸、筛选、光泽、钝感、混同、编批、包装、 输送 | F1**	0.96
test	关系事实	table_risk_mapping_rule	风险辨识	ROOT	table_2#行9	单基发射药	类别概念	危险工作间名称	压伸	位置部位实例									生产分类=单基发射药	ROOT	3 | 单基发射药 | 单基发射药 | 单基发射药 | 单基发射药 | 胶化、压伸、筛选、光泽、钝感、混同、编批、包装、 输送 | F1**	0.96
test	关系事实	table_risk_mapping_rule	风险辨识	ROOT	table_2#行9	单基发射药	类别概念	危险工作间名称	筛选	位置部位实例									生产分类=单基发射药	ROOT	3 | 单基发射药 | 单基发射药 | 单基发射药 | 单基发射药 | 胶化、压伸、筛选、光泽、钝感、混同、编批、包装、 输送 | F1**	0.96
test	关系事实	table_risk_mapping_rule	风险辨识	ROOT	table_2#行9	单基发射药	类别概念	危险工作间名称	光泽	位置部位实例									生产分类=单基发射药	ROOT	3 | 单基发射药 | 单基发射药 | 单基发射药 | 单基发射药 | 胶化、压伸、筛选、光泽、钝感、混同、编批、包装、 输送 | F1**	0.96
test	关系事实	table_risk_mapping_rule	风险辨识	ROOT	table_2#行9	单基发射药	类别概念	危险工作间名称	钝感	位置部位实例									生产分类=单基发射药	ROOT	3 | 单基发射药 | 单基发射药 | 单基发射药 | 单基发射药 | 胶化、压伸、筛选、光泽、钝感、混同、编批、包装、 输送 | F1**	0.96
test	关系事实	table_risk_mapping_rule	风险辨识	ROOT	table_2#行9	单基发射药	类别概念	危险工作间名称	混同	位置部位实例									生产分类=单基发射药	ROOT	3 | 单基发射药 | 单基发射药 | 单基发射药 | 单基发射药 | 胶化、压伸、筛选、光泽、钝感、混同、编批、包装、 输送 | F1**	0.96
test	关系事实	table_risk_mapping_rule	风险辨识	ROOT	table_2#行9	单基发射药	类别概念	危险工作间名称	编批	位置部位实例									生产分类=单基发射药	ROOT	3 | 单基发射药 | 单基发射药 | 单基发射药 | 单基发射药 | 胶化、压伸、筛选、光泽、钝感、混同、编批、包装、 输送 | F1**	0.96
test	关系事实	table_risk_mapping_rule	风险辨识	ROOT	table_2#行9	单基发射药	类别概念	危险工作间名称	包装	位置部位实例									生产分类=单基发射药	ROOT	3 | 单基发射药 | 单基发射药 | 单基发射药 | 单基发射药 | 胶化、压伸、筛选、光泽、钝感、混同、编批、包装、 输送 | F1**	0.96
test	关系事实	table_risk_mapping_rule	风险辨识	ROOT	table_2#行9	单基发射药	类别概念	危险工作间名称	输送	位置部位实例									生产分类=单基发射药	ROOT	3 | 单基发射药 | 单基发射药 | 单基发射药 | 单基发射药 | 胶化、压伸、筛选、光泽、钝感、混同、编批、包装、 输送 | F1**	0.96
test	关系事实	table_risk_mapping_rule	风险辨识	ROOT	table_2#行9	压伸	位置部位实例	危险区域	F1**	类别概念									生产分类=单基发射药；危险工作间名称=压伸	ROOT	3 | 单基发射药 | 单基发射药 | 单基发射药 | 单基发射药 | 胶化、压伸、筛选、光泽、钝感、混同、编批、包装、 输送 | F1**	0.96
test	关系事实	table_risk_mapping_rule	风险辨识	ROOT	table_2#行9	导爆索	类别概念	危险工作间名称	炸药准备	位置部位实例									生产分类=导爆索	ROOT	30 | 导爆索 | 导爆索 | 导爆索 | 导爆索 | 炸药准备、制索、涂塑 | F1	0.96
test	关系事实	table_risk_mapping_rule	风险辨识	ROOT	table_2#行9	导爆索	类别概念	危险工作间名称	制索	位置部位实例									生产分类=导爆索	ROOT	30 | 导爆索 | 导爆索 | 导爆索 | 导爆索 | 炸药准备、制索、涂塑 | F1	0.96
test	关系事实	table_risk_mapping_rule	风险辨识	ROOT	table_2#行9	导爆索	类别概念	危险工作间名称	涂塑	位置部位实例									生产分类=导爆索	ROOT	30 | 导爆索 | 导爆索 | 导爆索 | 导爆索 | 炸药准备、制索、涂塑 | F1	0.96
test	关系事实	table_risk_mapping_rule	风险辨识	ROOT	table_2#行9	涂塑	位置部位实例	危险区域	F1	类别概念									生产分类=导爆索；危险工作间名称=涂塑	ROOT	30 | 导爆索 | 导爆索 | 导爆索 | 导爆索 | 炸药准备、制索、涂塑 | F1	0.96
test	关系事实	table_risk_mapping_rule	风险辨识	ROOT	table_2#行9	混同	位置部位实例	危险区域	F1**	类别概念									生产分类=单基发射药；危险工作间名称=混同	ROOT	3 | 单基发射药 | 单基发射药 | 单基发射药 | 单基发射药 | 胶化、压伸、筛选、光泽、钝感、混同、编批、包装、 输送 | F1**	0.96
test	关系事实	table_risk_mapping_rule	风险辨识	ROOT	table_2#行9	炸药准备	位置部位实例	危险区域	F1	类别概念									生产分类=导爆索；危险工作间名称=炸药准备	ROOT	30 | 导爆索 | 导爆索 | 导爆索 | 导爆索 | 炸药准备、制索、涂塑 | F1	0.96
test	关系事实	table_risk_mapping_rule	风险辨识	ROOT	table_2#行9	筛选	位置部位实例	危险区域	F1**	类别概念									生产分类=单基发射药；危险工作间名称=筛选	ROOT	3 | 单基发射药 | 单基发射药 | 单基发射药 | 单基发射药 | 胶化、压伸、筛选、光泽、钝感、混同、编批、包装、 输送 | F1**	0.96
test	关系事实	table_risk_mapping_rule	风险辨识	ROOT	table_2#行9	编批	位置部位实例	危险区域	F1**	类别概念									生产分类=单基发射药；危险工作间名称=编批	ROOT	3 | 单基发射药 | 单基发射药 | 单基发射药 | 单基发射药 | 胶化、压伸、筛选、光泽、钝感、混同、编批、包装、 输送 | F1**	0.96
test	关系事实	table_risk_mapping_rule	风险辨识	ROOT	table_2#行9	胶化	位置部位实例	危险区域	F1**	类别概念									生产分类=单基发射药；危险工作间名称=胶化	ROOT	3 | 单基发射药 | 单基发射药 | 单基发射药 | 单基发射药 | 胶化、压伸、筛选、光泽、钝感、混同、编批、包装、 输送 | F1**	0.96
test	关系事实	table_risk_mapping_rule	风险辨识	ROOT	table_2#行9	输送	位置部位实例	危险区域	F1**	类别概念									生产分类=单基发射药；危险工作间名称=输送	ROOT	3 | 单基发射药 | 单基发射药 | 单基发射药 | 单基发射药 | 胶化、压伸、筛选、光泽、钝感、混同、编批、包装、 输送 | F1**	0.96
test	关系事实	table_risk_mapping_rule	风险辨识	ROOT	table_2#行9	钝感	位置部位实例	危险区域	F1**	类别概念									生产分类=单基发射药；危险工作间名称=钝感	ROOT	3 | 单基发射药 | 单基发射药 | 单基发射药 | 单基发射药 | 胶化、压伸、筛选、光泽、钝感、混同、编批、包装、 输送 | F1**	0.96
test	关系事实	table_risk_mapping_rule	风险辨识	ROOT	table_2#行91	包装	位置部位实例	危险区域	F2	类别概念									生产分类=导爆索；危险工作间名称=包装	ROOT	30 | 导爆索 | 导爆索 | 导爆索 | 导爆索 | 盘索、检验、编批、包装 | F2	0.96
test	关系事实	table_risk_mapping_rule	风险辨识	ROOT	table_2#行91	导爆索	类别概念	危险工作间名称	盘索	位置部位实例									生产分类=导爆索	ROOT	30 | 导爆索 | 导爆索 | 导爆索 | 导爆索 | 盘索、检验、编批、包装 | F2	0.96
test	关系事实	table_risk_mapping_rule	风险辨识	ROOT	table_2#行91	导爆索	类别概念	危险工作间名称	检验	位置部位实例									生产分类=导爆索	ROOT	30 | 导爆索 | 导爆索 | 导爆索 | 导爆索 | 盘索、检验、编批、包装 | F2	0.96
test	关系事实	table_risk_mapping_rule	风险辨识	ROOT	table_2#行91	导爆索	类别概念	危险工作间名称	编批	位置部位实例									生产分类=导爆索	ROOT	30 | 导爆索 | 导爆索 | 导爆索 | 导爆索 | 盘索、检验、编批、包装 | F2	0.96
test	关系事实	table_risk_mapping_rule	风险辨识	ROOT	table_2#行91	导爆索	类别概念	危险工作间名称	包装	位置部位实例									生产分类=导爆索	ROOT	30 | 导爆索 | 导爆索 | 导爆索 | 导爆索 | 盘索、检验、编批、包装 | F2	0.96
test	关系事实	table_risk_mapping_rule	风险辨识	ROOT	table_2#行91	检验	位置部位实例	危险区域	F2	类别概念									生产分类=导爆索；危险工作间名称=检验	ROOT	30 | 导爆索 | 导爆索 | 导爆索 | 导爆索 | 盘索、检验、编批、包装 | F2	0.96
test	关系事实	table_risk_mapping_rule	风险辨识	ROOT	table_2#行91	盘索	位置部位实例	危险区域	F2	类别概念									生产分类=导爆索；危险工作间名称=盘索	ROOT	30 | 导爆索 | 导爆索 | 导爆索 | 导爆索 | 盘索、检验、编批、包装 | F2	0.96
test	关系事实	table_risk_mapping_rule	风险辨识	ROOT	table_2#行91	编批	位置部位实例	危险区域	F2	类别概念									生产分类=导爆索；危险工作间名称=编批	ROOT	30 | 导爆索 | 导爆索 | 导爆索 | 导爆索 | 盘索、检验、编批、包装 | F2	0.96
test	关系事实	table_risk_mapping_rule	风险辨识	ROOT	table_2#行92	导爆管	类别概念	危险工作间名称	炸药准备	位置部位实例									生产分类=导爆管	ROOT	31 | 导爆管 | 导爆管 | 导爆管 | 导爆管 | 炸药准备 | F1	0.96
test	关系事实	table_risk_mapping_rule	风险辨识	ROOT	table_2#行92	炸药准备	位置部位实例	危险区域	F1	类别概念									生产分类=导爆管；危险工作间名称=炸药准备	ROOT	31 | 导爆管 | 导爆管 | 导爆管 | 导爆管 | 炸药准备 | F1	0.96
test	关系事实	table_risk_mapping_rule	风险辨识	ROOT	table_2#行93	包装	位置部位实例	危险区域	F2	类别概念									生产分类=导爆管；危险工作间名称=包装	ROOT	31 | 导爆管 | 导爆管 | 导爆管 | 导爆管 | 导爆管制造、检验、编批、包装 | F2	0.96
test	关系事实	table_risk_mapping_rule	风险辨识	ROOT	table_2#行93	导爆管	类别概念	危险工作间名称	导爆管制造	位置部位实例									生产分类=导爆管	ROOT	31 | 导爆管 | 导爆管 | 导爆管 | 导爆管 | 导爆管制造、检验、编批、包装 | F2	0.96
test	关系事实	table_risk_mapping_rule	风险辨识	ROOT	table_2#行93	导爆管	类别概念	危险工作间名称	检验	位置部位实例									生产分类=导爆管	ROOT	31 | 导爆管 | 导爆管 | 导爆管 | 导爆管 | 导爆管制造、检验、编批、包装 | F2	0.96
test	关系事实	table_risk_mapping_rule	风险辨识	ROOT	table_2#行93	导爆管	类别概念	危险工作间名称	编批	位置部位实例									生产分类=导爆管	ROOT	31 | 导爆管 | 导爆管 | 导爆管 | 导爆管 | 导爆管制造、检验、编批、包装 | F2	0.96
test	关系事实	table_risk_mapping_rule	风险辨识	ROOT	table_2#行93	导爆管	类别概念	危险工作间名称	包装	位置部位实例									生产分类=导爆管	ROOT	31 | 导爆管 | 导爆管 | 导爆管 | 导爆管 | 导爆管制造、检验、编批、包装 | F2	0.96
test	关系事实	table_risk_mapping_rule	风险辨识	ROOT	table_2#行93	导爆管制造	位置部位实例	危险区域	F2	类别概念									生产分类=导爆管；危险工作间名称=导爆管制造	ROOT	31 | 导爆管 | 导爆管 | 导爆管 | 导爆管 | 导爆管制造、检验、编批、包装 | F2	0.96
test	关系事实	table_risk_mapping_rule	风险辨识	ROOT	table_2#行93	检验	位置部位实例	危险区域	F2	类别概念									生产分类=导爆管；危险工作间名称=检验	ROOT	31 | 导爆管 | 导爆管 | 导爆管 | 导爆管 | 导爆管制造、检验、编批、包装 | F2	0.96
test	关系事实	table_risk_mapping_rule	风险辨识	ROOT	table_2#行93	编批	位置部位实例	危险区域	F2	类别概念									生产分类=导爆管；危险工作间名称=编批	ROOT	31 | 导爆管 | 导爆管 | 导爆管 | 导爆管 | 导爆管制造、检验、编批、包装 | F2	0.96
test	关系事实	table_risk_mapping_rule	风险辨识	ROOT	table_2#行94	导火索	类别概念	危险工作间名称	黑火药准备	位置部位实例									生产分类=导火索	ROOT	32 | 导火索 | 导火索 | 导火索 | 导火索 | 黑火药准备 | F0	0.96
test	关系事实	table_risk_mapping_rule	风险辨识	ROOT	table_2#行94	黑火药准备	位置部位实例	危险区域	F0	类别概念									生产分类=导火索；危险工作间名称=黑火药准备	ROOT	32 | 导火索 | 导火索 | 导火索 | 导火索 | 黑火药准备 | F0	0.96
test	关系事实	table_risk_mapping_rule	风险辨识	ROOT	table_2#行95	制索	位置部位实例	危险区域	F1	类别概念									生产分类=导火索；危险工作间名称=制索	ROOT	32 | 导火索 | 导火索 | 导火索 | 导火索 | 制索 | F1	0.96
test	关系事实	table_risk_mapping_rule	风险辨识	ROOT	table_2#行95	导火索	类别概念	危险工作间名称	制索	位置部位实例									生产分类=导火索	ROOT	32 | 导火索 | 导火索 | 导火索 | 导火索 | 制索 | F1	0.96
test	关系事实	table_risk_mapping_rule	风险辨识	ROOT	table_2#行96	包装	位置部位实例	危险区域	F2	类别概念									生产分类=导火索；危险工作间名称=包装	ROOT	32 | 导火索 | 导火索 | 导火索 | 导火索 | 烘干、盘索、检验、编批、包装 | F2	0.96
test	关系事实	table_risk_mapping_rule	风险辨识	ROOT	table_2#行96	导火索	类别概念	危险工作间名称	烘干	位置部位实例									生产分类=导火索	ROOT	32 | 导火索 | 导火索 | 导火索 | 导火索 | 烘干、盘索、检验、编批、包装 | F2	0.96
test	关系事实	table_risk_mapping_rule	风险辨识	ROOT	table_2#行96	导火索	类别概念	危险工作间名称	盘索	位置部位实例									生产分类=导火索	ROOT	32 | 导火索 | 导火索 | 导火索 | 导火索 | 烘干、盘索、检验、编批、包装 | F2	0.96
test	关系事实	table_risk_mapping_rule	风险辨识	ROOT	table_2#行96	导火索	类别概念	危险工作间名称	检验	位置部位实例									生产分类=导火索	ROOT	32 | 导火索 | 导火索 | 导火索 | 导火索 | 烘干、盘索、检验、编批、包装 | F2	0.96
test	关系事实	table_risk_mapping_rule	风险辨识	ROOT	table_2#行96	导火索	类别概念	危险工作间名称	编批	位置部位实例									生产分类=导火索	ROOT	32 | 导火索 | 导火索 | 导火索 | 导火索 | 烘干、盘索、检验、编批、包装 | F2	0.96
test	关系事实	table_risk_mapping_rule	风险辨识	ROOT	table_2#行96	导火索	类别概念	危险工作间名称	包装	位置部位实例									生产分类=导火索	ROOT	32 | 导火索 | 导火索 | 导火索 | 导火索 | 烘干、盘索、检验、编批、包装 | F2	0.96
test	关系事实	table_risk_mapping_rule	风险辨识	ROOT	table_2#行96	检验	位置部位实例	危险区域	F2	类别概念									生产分类=导火索；危险工作间名称=检验	ROOT	32 | 导火索 | 导火索 | 导火索 | 导火索 | 烘干、盘索、检验、编批、包装 | F2	0.96
test	关系事实	table_risk_mapping_rule	风险辨识	ROOT	table_2#行96	烘干	位置部位实例	危险区域	F2	类别概念									生产分类=导火索；危险工作间名称=烘干	ROOT	32 | 导火索 | 导火索 | 导火索 | 导火索 | 烘干、盘索、检验、编批、包装 | F2	0.96
test	关系事实	table_risk_mapping_rule	风险辨识	ROOT	table_2#行96	盘索	位置部位实例	危险区域	F2	类别概念									生产分类=导火索；危险工作间名称=盘索	ROOT	32 | 导火索 | 导火索 | 导火索 | 导火索 | 烘干、盘索、检验、编批、包装 | F2	0.96
test	关系事实	table_risk_mapping_rule	风险辨识	ROOT	table_2#行96	编批	位置部位实例	危险区域	F2	类别概念									生产分类=导火索；危险工作间名称=编批	ROOT	32 | 导火索 | 导火索 | 导火索 | 导火索 | 烘干、盘索、检验、编批、包装 | F2	0.96
test	关系事实	table_risk_mapping_rule	风险辨识	ROOT	table_2#行97	热电池	类别概念	危险工作间名称	装配	位置部位实例									生产分类=热电池	ROOT	33 | 热电池 | 热电池 | 热电池 | 热电池 | 装配 | F2	0.96
test	关系事实	table_risk_mapping_rule	风险辨识	ROOT	table_2#行97	装配	位置部位实例	危险区域	F2	类别概念									生产分类=热电池；危险工作间名称=装配	ROOT	33 | 热电池 | 热电池 | 热电池 | 热电池 | 装配 | F2	0.96
test	关系事实	table_risk_mapping_rule	风险辨识	ROOT	table_2#行98	保温	位置部位实例	危险区域	F2	类别概念									生产分类=靶场及试验场；危险工作间名称=保温	ROOT	34 | 靶场及试验场 | 靶场及试验场 | 靶场及试验场 | 靶场及试验场 | 凡装填有炸药或发射药的试验品进行称量、保温、装配、结合、拆卸等工序 | F2	0.96
test	关系事实	table_risk_mapping_rule	风险辨识	ROOT	table_2#行98	凡装填有炸药或发射药的试验品进行称量	位置部位实例	危险区域	F2	类别概念									生产分类=靶场及试验场；危险工作间名称=凡装填有炸药或发射药的试验品进行称量	ROOT	34 | 靶场及试验场 | 靶场及试验场 | 靶场及试验场 | 靶场及试验场 | 凡装填有炸药或发射药的试验品进行称量、保温、装配、结合、拆卸等工序 | F2	0.96
test	关系事实	table_risk_mapping_rule	风险辨识	ROOT	table_2#行98	拆卸等工序	位置部位实例	危险区域	F2	类别概念									生产分类=靶场及试验场；危险工作间名称=拆卸等工序	ROOT	34 | 靶场及试验场 | 靶场及试验场 | 靶场及试验场 | 靶场及试验场 | 凡装填有炸药或发射药的试验品进行称量、保温、装配、结合、拆卸等工序 | F2	0.96
test	关系事实	table_risk_mapping_rule	风险辨识	ROOT	table_2#行98	结合	位置部位实例	危险区域	F2	类别概念									生产分类=靶场及试验场；危险工作间名称=结合	ROOT	34 | 靶场及试验场 | 靶场及试验场 | 靶场及试验场 | 靶场及试验场 | 凡装填有炸药或发射药的试验品进行称量、保温、装配、结合、拆卸等工序 | F2	0.96
test	关系事实	table_risk_mapping_rule	风险辨识	ROOT	table_2#行98	装配	位置部位实例	危险区域	F2	类别概念									生产分类=靶场及试验场；危险工作间名称=装配	ROOT	34 | 靶场及试验场 | 靶场及试验场 | 靶场及试验场 | 靶场及试验场 | 凡装填有炸药或发射药的试验品进行称量、保温、装配、结合、拆卸等工序 | F2	0.96
test	关系事实	table_risk_mapping_rule	风险辨识	ROOT	table_2#行98	靶场及试验场	类别概念	危险工作间名称	凡装填有炸药或发射药的试验品进行称量	位置部位实例									生产分类=靶场及试验场	ROOT	34 | 靶场及试验场 | 靶场及试验场 | 靶场及试验场 | 靶场及试验场 | 凡装填有炸药或发射药的试验品进行称量、保温、装配、结合、拆卸等工序 | F2	0.96
test	关系事实	table_risk_mapping_rule	风险辨识	ROOT	table_2#行98	靶场及试验场	类别概念	危险工作间名称	保温	位置部位实例									生产分类=靶场及试验场	ROOT	34 | 靶场及试验场 | 靶场及试验场 | 靶场及试验场 | 靶场及试验场 | 凡装填有炸药或发射药的试验品进行称量、保温、装配、结合、拆卸等工序 | F2	0.96
test	关系事实	table_risk_mapping_rule	风险辨识	ROOT	table_2#行98	靶场及试验场	类别概念	危险工作间名称	装配	位置部位实例									生产分类=靶场及试验场	ROOT	34 | 靶场及试验场 | 靶场及试验场 | 靶场及试验场 | 靶场及试验场 | 凡装填有炸药或发射药的试验品进行称量、保温、装配、结合、拆卸等工序 | F2	0.96
test	关系事实	table_risk_mapping_rule	风险辨识	ROOT	table_2#行98	靶场及试验场	类别概念	危险工作间名称	结合	位置部位实例									生产分类=靶场及试验场	ROOT	34 | 靶场及试验场 | 靶场及试验场 | 靶场及试验场 | 靶场及试验场 | 凡装填有炸药或发射药的试验品进行称量、保温、装配、结合、拆卸等工序 | F2	0.96
test	关系事实	table_risk_mapping_rule	风险辨识	ROOT	table_2#行98	靶场及试验场	类别概念	危险工作间名称	拆卸等工序	位置部位实例									生产分类=靶场及试验场	ROOT	34 | 靶场及试验场 | 靶场及试验场 | 靶场及试验场 | 靶场及试验场 | 凡装填有炸药或发射药的试验品进行称量、保温、装配、结合、拆卸等工序 | F2	0.96
test	关系事实	table_risk_mapping_rule	风险辨识	ROOT	table_2#行99	燃爆品理化试验	类别概念	分类条件	燃爆品理化试验(单间燃爆品量在20g以上)	文本片段实例									生产分类=燃爆品理化试验；分类条件=燃爆品理化试验(单间燃爆品量在20g以上)	ROOT	35 | 燃爆品理化试验 | 燃爆品理化试验 | 燃爆品理化试验 | 燃爆品理化试验 | 燃爆品理化试验(单间燃爆品量在20g以上) | F2	0.96
test	关系事实	table_risk_mapping_rule	风险辨识	ROOT	table_2#行99	燃爆品理化试验	类别概念	危险区域	F2	类别概念									生产分类=燃爆品理化试验；分类条件=燃爆品理化试验(单间燃爆品量在20g以上)	ROOT	35 | 燃爆品理化试验 | 燃爆品理化试验 | 燃爆品理化试验 | 燃爆品理化试验 | 燃爆品理化试验(单间燃爆品量在20g以上) | F2	0.96
test	属性事实	table_risk_flat_rule	风险辨识	ROOT	table_3#行1	F0区	类别概念	危险区域	F0区	危险源					评估结果值					ROOT	F0区 | Da | IP65及以上	0.97
test	属性事实	table_risk_flat_rule	风险辨识	ROOT	table_3#行1	F0区	类别概念	外壳防护级别	IP65及以上	工艺设备					评估结果值					ROOT	F0区 | Da | IP65及以上	0.97
test	属性事实	table_risk_flat_rule	风险辨识	ROOT	table_3#行1	F0区	类别概念	电气设备保护级别	Da	工艺设备					评估结果值					ROOT	F0区 | Da | IP65及以上	0.97
test	属性事实	table_risk_flat_rule	风险辨识	ROOT	table_3#行2	F1区	类别概念	危险区域	F1区	危险源					评估结果值					ROOT	F1区 | Da 或Db | IP65及以上	0.97
test	属性事实	table_risk_flat_rule	风险辨识	ROOT	table_3#行2	F1区	类别概念	外壳防护级别	IP65及以上	工艺设备					评估结果值					ROOT	F1区 | Da 或Db | IP65及以上	0.97
test	属性事实	table_risk_flat_rule	风险辨识	ROOT	table_3#行2	F1区	类别概念	电气设备保护级别	Da	工艺设备					评估结果值					ROOT	F1区 | Da 或Db | IP65及以上	0.97
test	属性事实	table_risk_flat_rule	风险辨识	ROOT	table_3#行2	F1区	类别概念	电气设备保护级别	Db	工艺设备					评估结果值					ROOT	F1区 | Da 或Db | IP65及以上	0.97
test	属性事实	table_risk_flat_rule	风险辨识	ROOT	table_3#行3	F2区	类别概念	危险区域	F2区	危险源					评估结果值					ROOT	F2区 | Da 或Db或Dc | IP54及以上	0.97
test	属性事实	table_risk_flat_rule	风险辨识	ROOT	table_3#行3	F2区	类别概念	外壳防护级别	IP54及以上	工艺设备					评估结果值					ROOT	F2区 | Da 或Db或Dc | IP54及以上	0.97
test	属性事实	table_risk_flat_rule	风险辨识	ROOT	table_3#行3	F2区	类别概念	电气设备保护级别	Da	工艺设备					评估结果值					ROOT	F2区 | Da 或Db或Dc | IP54及以上	0.97
test	属性事实	table_risk_flat_rule	风险辨识	ROOT	table_3#行3	F2区	类别概念	电气设备保护级别	Db	工艺设备					评估结果值					ROOT	F2区 | Da 或Db或Dc | IP54及以上	0.97
test	属性事实	table_risk_flat_rule	风险辨识	ROOT	table_3#行3	F2区	类别概念	电气设备保护级别	Dc	工艺设备					评估结果值					ROOT	F2区 | Da 或Db或Dc | IP54及以上	0.97
test	属性事实	table_risk_flat_rule	风险辨识	ROOT	table_4#行1	切削	设备动作实例	刺激能量形式	摩擦	危险源					危险源类型					ROOT	搅拌、转动、切削、振动过筛、挤压、输送 | 摩擦 | 设备运动部位	0.97
test	关系事实	table_risk_flat_rule	风险辨识	ROOT	table_4#行1	切削	设备动作实例	可能产生部位	设备运动部位	位置部位实例										ROOT	搅拌、转动、切削、振动过筛、挤压、输送 | 摩擦 | 设备运动部位	0.97
test	属性事实	table_risk_flat_rule	风险辨识	ROOT	table_4#行1	挤压	设备动作实例	刺激能量形式	摩擦	危险源					危险源类型					ROOT	搅拌、转动、切削、振动过筛、挤压、输送 | 摩擦 | 设备运动部位	0.97
test	关系事实	table_risk_flat_rule	风险辨识	ROOT	table_4#行1	挤压	设备动作实例	可能产生部位	设备运动部位	位置部位实例										ROOT	搅拌、转动、切削、振动过筛、挤压、输送 | 摩擦 | 设备运动部位	0.97
test	属性事实	table_risk_flat_rule	风险辨识	ROOT	table_4#行1	振动过筛	设备动作实例	刺激能量形式	摩擦	危险源					危险源类型					ROOT	搅拌、转动、切削、振动过筛、挤压、输送 | 摩擦 | 设备运动部位	0.97
test	关系事实	table_risk_flat_rule	风险辨识	ROOT	table_4#行1	振动过筛	设备动作实例	可能产生部位	设备运动部位	位置部位实例										ROOT	搅拌、转动、切削、振动过筛、挤压、输送 | 摩擦 | 设备运动部位	0.97
test	属性事实	table_risk_flat_rule	风险辨识	ROOT	table_4#行1	搅拌	设备动作实例	刺激能量形式	摩擦	危险源					危险源类型					ROOT	搅拌、转动、切削、振动过筛、挤压、输送 | 摩擦 | 设备运动部位	0.97
test	关系事实	table_risk_flat_rule	风险辨识	ROOT	table_4#行1	搅拌	设备动作实例	可能产生部位	设备运动部位	位置部位实例										ROOT	搅拌、转动、切削、振动过筛、挤压、输送 | 摩擦 | 设备运动部位	0.97
test	属性事实	table_risk_flat_rule	风险辨识	ROOT	table_4#行1	转动	设备动作实例	刺激能量形式	摩擦	危险源					危险源类型					ROOT	搅拌、转动、切削、振动过筛、挤压、输送 | 摩擦 | 设备运动部位	0.97
test	关系事实	table_risk_flat_rule	风险辨识	ROOT	table_4#行1	转动	设备动作实例	可能产生部位	设备运动部位	位置部位实例										ROOT	搅拌、转动、切削、振动过筛、挤压、输送 | 摩擦 | 设备运动部位	0.97
test	属性事实	table_risk_flat_rule	风险辨识	ROOT	table_4#行1	输送	设备动作实例	刺激能量形式	摩擦	危险源					危险源类型					ROOT	搅拌、转动、切削、振动过筛、挤压、输送 | 摩擦 | 设备运动部位	0.97
test	关系事实	table_risk_flat_rule	风险辨识	ROOT	table_4#行1	输送	设备动作实例	可能产生部位	设备运动部位	位置部位实例										ROOT	搅拌、转动、切削、振动过筛、挤压、输送 | 摩擦 | 设备运动部位	0.97
test	属性事实	table_risk_flat_rule	风险辨识	ROOT	table_4#行2	AGV转运	设备动作实例	刺激能量形式	撞击	危险源					危险源类型					ROOT	下料、机械手抓取、机械手转运、AGV转运 | 撞击 | 设备运动部位	0.97
test	关系事实	table_risk_flat_rule	风险辨识	ROOT	table_4#行2	AGV转运	设备动作实例	可能产生部位	设备运动部位	位置部位实例										ROOT	下料、机械手抓取、机械手转运、AGV转运 | 撞击 | 设备运动部位	0.97
test	属性事实	table_risk_flat_rule	风险辨识	ROOT	table_4#行2	下料	设备动作实例	刺激能量形式	撞击	危险源					危险源类型					ROOT	下料、机械手抓取、机械手转运、AGV转运 | 撞击 | 设备运动部位	0.97
test	关系事实	table_risk_flat_rule	风险辨识	ROOT	table_4#行2	下料	设备动作实例	可能产生部位	设备运动部位	位置部位实例										ROOT	下料、机械手抓取、机械手转运、AGV转运 | 撞击 | 设备运动部位	0.97
test	属性事实	table_risk_flat_rule	风险辨识	ROOT	table_4#行2	机械手抓取	设备动作实例	刺激能量形式	撞击	危险源					危险源类型					ROOT	下料、机械手抓取、机械手转运、AGV转运 | 撞击 | 设备运动部位	0.97
test	关系事实	table_risk_flat_rule	风险辨识	ROOT	table_4#行2	机械手抓取	设备动作实例	可能产生部位	设备运动部位	位置部位实例										ROOT	下料、机械手抓取、机械手转运、AGV转运 | 撞击 | 设备运动部位	0.97
test	属性事实	table_risk_flat_rule	风险辨识	ROOT	table_4#行2	机械手转运	设备动作实例	刺激能量形式	撞击	危险源					危险源类型					ROOT	下料、机械手抓取、机械手转运、AGV转运 | 撞击 | 设备运动部位	0.97
test	关系事实	table_risk_flat_rule	风险辨识	ROOT	table_4#行2	机械手转运	设备动作实例	可能产生部位	设备运动部位	位置部位实例										ROOT	下料、机械手抓取、机械手转运、AGV转运 | 撞击 | 设备运动部位	0.97
test	属性事实	table_risk_flat_rule	风险辨识	ROOT	table_4#行3	切削	设备动作实例	刺激能量形式	静电	危险源					危险源类型					ROOT	搅拌、转动、切削、振动过筛、振动下料、输送 | 静电 | 设备、管道、物料、环境	0.97
test	关系事实	table_risk_flat_rule	风险辨识	ROOT	table_4#行3	切削	设备动作实例	可能产生部位	设备	位置部位实例										ROOT	搅拌、转动、切削、振动过筛、振动下料、输送 | 静电 | 设备、管道、物料、环境	0.97
test	关系事实	table_risk_flat_rule	风险辨识	ROOT	table_4#行3	切削	设备动作实例	可能产生部位	管道	位置部位实例										ROOT	搅拌、转动、切削、振动过筛、振动下料、输送 | 静电 | 设备、管道、物料、环境	0.97
test	关系事实	table_risk_flat_rule	风险辨识	ROOT	table_4#行3	切削	设备动作实例	可能产生部位	物料	位置部位实例										ROOT	搅拌、转动、切削、振动过筛、振动下料、输送 | 静电 | 设备、管道、物料、环境	0.97
test	关系事实	table_risk_flat_rule	风险辨识	ROOT	table_4#行3	切削	设备动作实例	可能产生部位	环境	位置部位实例										ROOT	搅拌、转动、切削、振动过筛、振动下料、输送 | 静电 | 设备、管道、物料、环境	0.97
test	属性事实	table_risk_flat_rule	风险辨识	ROOT	table_4#行3	振动下料	设备动作实例	刺激能量形式	静电	危险源					危险源类型					ROOT	搅拌、转动、切削、振动过筛、振动下料、输送 | 静电 | 设备、管道、物料、环境	0.97
test	关系事实	table_risk_flat_rule	风险辨识	ROOT	table_4#行3	振动下料	设备动作实例	可能产生部位	设备	位置部位实例										ROOT	搅拌、转动、切削、振动过筛、振动下料、输送 | 静电 | 设备、管道、物料、环境	0.97
test	关系事实	table_risk_flat_rule	风险辨识	ROOT	table_4#行3	振动下料	设备动作实例	可能产生部位	管道	位置部位实例										ROOT	搅拌、转动、切削、振动过筛、振动下料、输送 | 静电 | 设备、管道、物料、环境	0.97
test	关系事实	table_risk_flat_rule	风险辨识	ROOT	table_4#行3	振动下料	设备动作实例	可能产生部位	物料	位置部位实例										ROOT	搅拌、转动、切削、振动过筛、振动下料、输送 | 静电 | 设备、管道、物料、环境	0.97
test	关系事实	table_risk_flat_rule	风险辨识	ROOT	table_4#行3	振动下料	设备动作实例	可能产生部位	环境	位置部位实例										ROOT	搅拌、转动、切削、振动过筛、振动下料、输送 | 静电 | 设备、管道、物料、环境	0.97
test	属性事实	table_risk_flat_rule	风险辨识	ROOT	table_4#行3	振动过筛	设备动作实例	刺激能量形式	静电	危险源					危险源类型					ROOT	搅拌、转动、切削、振动过筛、振动下料、输送 | 静电 | 设备、管道、物料、环境	0.97
test	关系事实	table_risk_flat_rule	风险辨识	ROOT	table_4#行3	振动过筛	设备动作实例	可能产生部位	设备	位置部位实例										ROOT	搅拌、转动、切削、振动过筛、振动下料、输送 | 静电 | 设备、管道、物料、环境	0.97
test	关系事实	table_risk_flat_rule	风险辨识	ROOT	table_4#行3	振动过筛	设备动作实例	可能产生部位	管道	位置部位实例										ROOT	搅拌、转动、切削、振动过筛、振动下料、输送 | 静电 | 设备、管道、物料、环境	0.97
test	关系事实	table_risk_flat_rule	风险辨识	ROOT	table_4#行3	振动过筛	设备动作实例	可能产生部位	物料	位置部位实例										ROOT	搅拌、转动、切削、振动过筛、振动下料、输送 | 静电 | 设备、管道、物料、环境	0.97
test	关系事实	table_risk_flat_rule	风险辨识	ROOT	table_4#行3	振动过筛	设备动作实例	可能产生部位	环境	位置部位实例										ROOT	搅拌、转动、切削、振动过筛、振动下料、输送 | 静电 | 设备、管道、物料、环境	0.97
test	属性事实	table_risk_flat_rule	风险辨识	ROOT	table_4#行3	搅拌	设备动作实例	刺激能量形式	静电	危险源					危险源类型					ROOT	搅拌、转动、切削、振动过筛、振动下料、输送 | 静电 | 设备、管道、物料、环境	0.97
test	关系事实	table_risk_flat_rule	风险辨识	ROOT	table_4#行3	搅拌	设备动作实例	可能产生部位	设备	位置部位实例										ROOT	搅拌、转动、切削、振动过筛、振动下料、输送 | 静电 | 设备、管道、物料、环境	0.97
test	关系事实	table_risk_flat_rule	风险辨识	ROOT	table_4#行3	搅拌	设备动作实例	可能产生部位	管道	位置部位实例										ROOT	搅拌、转动、切削、振动过筛、振动下料、输送 | 静电 | 设备、管道、物料、环境	0.97
test	关系事实	table_risk_flat_rule	风险辨识	ROOT	table_4#行3	搅拌	设备动作实例	可能产生部位	物料	位置部位实例										ROOT	搅拌、转动、切削、振动过筛、振动下料、输送 | 静电 | 设备、管道、物料、环境	0.97
test	关系事实	table_risk_flat_rule	风险辨识	ROOT	table_4#行3	搅拌	设备动作实例	可能产生部位	环境	位置部位实例										ROOT	搅拌、转动、切削、振动过筛、振动下料、输送 | 静电 | 设备、管道、物料、环境	0.97
test	属性事实	table_risk_flat_rule	风险辨识	ROOT	table_4#行3	转动	设备动作实例	刺激能量形式	静电	危险源					危险源类型					ROOT	搅拌、转动、切削、振动过筛、振动下料、输送 | 静电 | 设备、管道、物料、环境	0.97
test	关系事实	table_risk_flat_rule	风险辨识	ROOT	table_4#行3	转动	设备动作实例	可能产生部位	设备	位置部位实例										ROOT	搅拌、转动、切削、振动过筛、振动下料、输送 | 静电 | 设备、管道、物料、环境	0.97
test	关系事实	table_risk_flat_rule	风险辨识	ROOT	table_4#行3	转动	设备动作实例	可能产生部位	管道	位置部位实例										ROOT	搅拌、转动、切削、振动过筛、振动下料、输送 | 静电 | 设备、管道、物料、环境	0.97
test	关系事实	table_risk_flat_rule	风险辨识	ROOT	table_4#行3	转动	设备动作实例	可能产生部位	物料	位置部位实例										ROOT	搅拌、转动、切削、振动过筛、振动下料、输送 | 静电 | 设备、管道、物料、环境	0.97
test	关系事实	table_risk_flat_rule	风险辨识	ROOT	table_4#行3	转动	设备动作实例	可能产生部位	环境	位置部位实例										ROOT	搅拌、转动、切削、振动过筛、振动下料、输送 | 静电 | 设备、管道、物料、环境	0.97
test	属性事实	table_risk_flat_rule	风险辨识	ROOT	table_4#行3	输送	设备动作实例	刺激能量形式	静电	危险源					危险源类型					ROOT	搅拌、转动、切削、振动过筛、振动下料、输送 | 静电 | 设备、管道、物料、环境	0.97
test	关系事实	table_risk_flat_rule	风险辨识	ROOT	table_4#行3	输送	设备动作实例	可能产生部位	设备	位置部位实例										ROOT	搅拌、转动、切削、振动过筛、振动下料、输送 | 静电 | 设备、管道、物料、环境	0.97
test	关系事实	table_risk_flat_rule	风险辨识	ROOT	table_4#行3	输送	设备动作实例	可能产生部位	管道	位置部位实例										ROOT	搅拌、转动、切削、振动过筛、振动下料、输送 | 静电 | 设备、管道、物料、环境	0.97
test	关系事实	table_risk_flat_rule	风险辨识	ROOT	table_4#行3	输送	设备动作实例	可能产生部位	物料	位置部位实例										ROOT	搅拌、转动、切削、振动过筛、振动下料、输送 | 静电 | 设备、管道、物料、环境	0.97
test	关系事实	table_risk_flat_rule	风险辨识	ROOT	table_4#行3	输送	设备动作实例	可能产生部位	环境	位置部位实例										ROOT	搅拌、转动、切削、振动过筛、振动下料、输送 | 静电 | 设备、管道、物料、环境	0.97
test	属性事实	table_risk_flat_rule	风险辨识	ROOT	table_4#行4	低温(NG)	设备动作实例	刺激能量形式	热刺激	危险源					危险源类型					ROOT	加热、低温(NG) | 热刺激 | 设备、环境、工艺辅助系统	0.97
test	关系事实	table_risk_flat_rule	风险辨识	ROOT	table_4#行4	低温(NG)	设备动作实例	可能产生部位	设备	位置部位实例										ROOT	加热、低温(NG) | 热刺激 | 设备、环境、工艺辅助系统	0.97
test	关系事实	table_risk_flat_rule	风险辨识	ROOT	table_4#行4	低温(NG)	设备动作实例	可能产生部位	环境	位置部位实例										ROOT	加热、低温(NG) | 热刺激 | 设备、环境、工艺辅助系统	0.97
test	关系事实	table_risk_flat_rule	风险辨识	ROOT	table_4#行4	低温(NG)	设备动作实例	可能产生部位	工艺辅助系统	位置部位实例										ROOT	加热、低温(NG) | 热刺激 | 设备、环境、工艺辅助系统	0.97
test	属性事实	table_risk_flat_rule	风险辨识	ROOT	table_4#行4	加热	设备动作实例	刺激能量形式	热刺激	危险源					危险源类型					ROOT	加热、低温(NG) | 热刺激 | 设备、环境、工艺辅助系统	0.97
test	关系事实	table_risk_flat_rule	风险辨识	ROOT	table_4#行4	加热	设备动作实例	可能产生部位	设备	位置部位实例										ROOT	加热、低温(NG) | 热刺激 | 设备、环境、工艺辅助系统	0.97
test	关系事实	table_risk_flat_rule	风险辨识	ROOT	table_4#行4	加热	设备动作实例	可能产生部位	环境	位置部位实例										ROOT	加热、低温(NG) | 热刺激 | 设备、环境、工艺辅助系统	0.97
test	关系事实	table_risk_flat_rule	风险辨识	ROOT	table_4#行4	加热	设备动作实例	可能产生部位	工艺辅助系统	位置部位实例										ROOT	加热、低温(NG) | 热刺激 | 设备、环境、工艺辅助系统	0.97
test	属性事实	table_risk_flat_rule	风险辨识	ROOT	table_4#行5	物料中气泡	设备动作实例	刺激能量形式	其他刺激	危险源					危险源类型					ROOT	物料中气泡 | 其他刺激	0.97
test	关系事实	table_risk_mapping_rule	风险辨识	ROOT	table_5#行1	混合(示例)	风险对象实例	刺激产生条件	桨叶转动	风险因素实例									生产分类=混合(示例)｜混合机｜推进剂料浆｜AP粉料｜炸药粉料等；工序/岗位=混合(示例)；设备名称及选型=混合机；危险物料=推进剂料浆；危险物料=AP粉料；危险物料=炸药粉料等；刺激产生条件=桨叶转动	ROOT	1 | 混合(示例) | 混合机 | 推进剂料浆、AP粉料、炸药粉料等 | 摩擦 | 桨叶转动	0.96
test	属性事实	table_risk_mapping_rule	风险辨识	ROOT	table_5#行1	混合(示例)	风险对象实例	危险物料	推进剂料浆	物料信息					危险物料				生产分类=混合(示例)｜混合机｜推进剂料浆｜AP粉料｜炸药粉料等；工序/岗位=混合(示例)；设备名称及选型=混合机；危险物料=推进剂料浆；危险物料=AP粉料；危险物料=炸药粉料等；刺激产生条件=桨叶转动	ROOT	1 | 混合(示例) | 混合机 | 推进剂料浆、AP粉料、炸药粉料等 | 摩擦 | 桨叶转动	0.96
test	属性事实	table_risk_mapping_rule	风险辨识	ROOT	table_5#行1	混合(示例)	风险对象实例	危险物料	AP粉料	物料信息					危险物料				生产分类=混合(示例)｜混合机｜推进剂料浆｜AP粉料｜炸药粉料等；工序/岗位=混合(示例)；设备名称及选型=混合机；危险物料=推进剂料浆；危险物料=AP粉料；危险物料=炸药粉料等；刺激产生条件=桨叶转动	ROOT	1 | 混合(示例) | 混合机 | 推进剂料浆、AP粉料、炸药粉料等 | 摩擦 | 桨叶转动	0.96
test	属性事实	table_risk_mapping_rule	风险辨识	ROOT	table_5#行1	混合(示例)	风险对象实例	危险物料	炸药粉料等	物料信息					危险物料				生产分类=混合(示例)｜混合机｜推进剂料浆｜AP粉料｜炸药粉料等；工序/岗位=混合(示例)；设备名称及选型=混合机；危险物料=推进剂料浆；危险物料=AP粉料；危险物料=炸药粉料等；刺激产生条件=桨叶转动	ROOT	1 | 混合(示例) | 混合机 | 推进剂料浆、AP粉料、炸药粉料等 | 摩擦 | 桨叶转动	0.96
test	属性事实	table_risk_mapping_rule	风险辨识	ROOT	table_5#行1	混合(示例)	风险对象实例	工序/岗位	混合(示例)	作业信息					文本描述				生产分类=混合(示例)｜混合机｜推进剂料浆｜AP粉料｜炸药粉料等；工序/岗位=混合(示例)；设备名称及选型=混合机；危险物料=推进剂料浆；危险物料=AP粉料；危险物料=炸药粉料等；刺激产生条件=桨叶转动	ROOT	1 | 混合(示例) | 混合机 | 推进剂料浆、AP粉料、炸药粉料等 | 摩擦 | 桨叶转动	0.96
test	属性事实	table_risk_mapping_rule	风险辨识	ROOT	table_5#行1	混合(示例)	类别概念	生产分类	混合(示例)｜混合机｜推进剂料浆｜AP粉料｜炸药粉料等	作业信息					文本描述					ROOT	1 | 混合(示例) | 混合机 | 推进剂料浆、AP粉料、炸药粉料等 | 摩擦 | 桨叶转动	0.96
test	关系事实	table_risk_mapping_rule	风险辨识	ROOT	table_5#行1	混合(示例)	风险对象实例	设备名称及选型	混合机	设备实例									生产分类=混合(示例)｜混合机｜推进剂料浆｜AP粉料｜炸药粉料等；工序/岗位=混合(示例)；设备名称及选型=混合机；危险物料=推进剂料浆；危险物料=AP粉料；危险物料=炸药粉料等；刺激产生条件=桨叶转动	ROOT	1 | 混合(示例) | 混合机 | 推进剂料浆、AP粉料、炸药粉料等 | 摩擦 | 桨叶转动	0.96
test	关系事实	table_risk_mapping_rule	风险辨识	ROOT	table_5#行1	混合机	位置部位实例	刺激能量形式	摩擦	危险源实例									生产分类=混合(示例)｜混合机｜推进剂料浆｜AP粉料｜炸药粉料等；工序/岗位=混合(示例)；设备名称及选型=混合机；危险物料=推进剂料浆；危险物料=AP粉料；危险物料=炸药粉料等；刺激产生条件=桨叶转动	ROOT	1 | 混合(示例) | 混合机 | 推进剂料浆、AP粉料、炸药粉料等 | 摩擦 | 桨叶转动	0.96
test	关系事实	table_risk_mapping_rule	风险辨识	ROOT	table_5#行2	混合(示例)	风险对象实例	刺激产生条件	AP、炸药下料	风险因素实例									生产分类=混合(示例)｜混合机｜推进剂料浆｜AP粉料｜炸药粉料等；工序/岗位=混合(示例)；设备名称及选型=混合机；危险物料=推进剂料浆；危险物料=AP粉料；危险物料=炸药粉料等；刺激产生条件=AP、炸药下料	ROOT	2 | 混合(示例) | 混合机 | 推进剂料浆、AP粉料、炸药粉料等 | 静电 | AP、炸药下料	0.96
test	属性事实	table_risk_mapping_rule	风险辨识	ROOT	table_5#行2	混合(示例)	风险对象实例	危险物料	推进剂料浆	物料信息					危险物料				生产分类=混合(示例)｜混合机｜推进剂料浆｜AP粉料｜炸药粉料等；工序/岗位=混合(示例)；设备名称及选型=混合机；危险物料=推进剂料浆；危险物料=AP粉料；危险物料=炸药粉料等；刺激产生条件=AP、炸药下料	ROOT	2 | 混合(示例) | 混合机 | 推进剂料浆、AP粉料、炸药粉料等 | 静电 | AP、炸药下料	0.96
test	属性事实	table_risk_mapping_rule	风险辨识	ROOT	table_5#行2	混合(示例)	风险对象实例	危险物料	AP粉料	物料信息					危险物料				生产分类=混合(示例)｜混合机｜推进剂料浆｜AP粉料｜炸药粉料等；工序/岗位=混合(示例)；设备名称及选型=混合机；危险物料=推进剂料浆；危险物料=AP粉料；危险物料=炸药粉料等；刺激产生条件=AP、炸药下料	ROOT	2 | 混合(示例) | 混合机 | 推进剂料浆、AP粉料、炸药粉料等 | 静电 | AP、炸药下料	0.96
test	属性事实	table_risk_mapping_rule	风险辨识	ROOT	table_5#行2	混合(示例)	风险对象实例	危险物料	炸药粉料等	物料信息					危险物料				生产分类=混合(示例)｜混合机｜推进剂料浆｜AP粉料｜炸药粉料等；工序/岗位=混合(示例)；设备名称及选型=混合机；危险物料=推进剂料浆；危险物料=AP粉料；危险物料=炸药粉料等；刺激产生条件=AP、炸药下料	ROOT	2 | 混合(示例) | 混合机 | 推进剂料浆、AP粉料、炸药粉料等 | 静电 | AP、炸药下料	0.96
test	属性事实	table_risk_mapping_rule	风险辨识	ROOT	table_5#行2	混合(示例)	风险对象实例	工序/岗位	混合(示例)	作业信息					文本描述				生产分类=混合(示例)｜混合机｜推进剂料浆｜AP粉料｜炸药粉料等；工序/岗位=混合(示例)；设备名称及选型=混合机；危险物料=推进剂料浆；危险物料=AP粉料；危险物料=炸药粉料等；刺激产生条件=AP、炸药下料	ROOT	2 | 混合(示例) | 混合机 | 推进剂料浆、AP粉料、炸药粉料等 | 静电 | AP、炸药下料	0.96
test	属性事实	table_risk_mapping_rule	风险辨识	ROOT	table_5#行2	混合(示例)	风险对象实例	设备名称及选型	混合机	工艺设备					文本描述				生产分类=混合(示例)｜混合机｜推进剂料浆｜AP粉料｜炸药粉料等；工序/岗位=混合(示例)；设备名称及选型=混合机；危险物料=推进剂料浆；危险物料=AP粉料；危险物料=炸药粉料等；刺激产生条件=AP、炸药下料	ROOT	2 | 混合(示例) | 混合机 | 推进剂料浆、AP粉料、炸药粉料等 | 静电 | AP、炸药下料	0.96
test	关系事实	table_risk_mapping_rule	风险辨识	ROOT	table_5#行2	混合机	位置部位实例	刺激能量形式	静电	危险源实例									生产分类=混合(示例)｜混合机｜推进剂料浆｜AP粉料｜炸药粉料等；工序/岗位=混合(示例)；设备名称及选型=混合机；危险物料=推进剂料浆；危险物料=AP粉料；危险物料=炸药粉料等；刺激产生条件=AP、炸药下料	ROOT	2 | 混合(示例) | 混合机 | 推进剂料浆、AP粉料、炸药粉料等 | 静电 | AP、炸药下料	0.96
test	关系事实	table_risk_mapping_rule	风险辨识	ROOT	table_5#行3	混合(示例)	风险对象实例	刺激产生条件	加热	风险因素实例									生产分类=混合(示例)｜混合机｜推进剂料浆｜AP粉料｜炸药粉料等；工序/岗位=混合(示例)；设备名称及选型=混合机；危险物料=推进剂料浆；危险物料=AP粉料；危险物料=炸药粉料等；刺激产生条件=加热	ROOT	3 | 混合(示例) | 混合机 | 推进剂料浆、AP粉料、炸药粉料等 | 热 | 加热	0.96
test	属性事实	table_risk_mapping_rule	风险辨识	ROOT	table_5#行3	混合(示例)	风险对象实例	危险物料	推进剂料浆	物料信息					危险物料				生产分类=混合(示例)｜混合机｜推进剂料浆｜AP粉料｜炸药粉料等；工序/岗位=混合(示例)；设备名称及选型=混合机；危险物料=推进剂料浆；危险物料=AP粉料；危险物料=炸药粉料等；刺激产生条件=加热	ROOT	3 | 混合(示例) | 混合机 | 推进剂料浆、AP粉料、炸药粉料等 | 热 | 加热	0.96
test	属性事实	table_risk_mapping_rule	风险辨识	ROOT	table_5#行3	混合(示例)	风险对象实例	危险物料	AP粉料	物料信息					危险物料				生产分类=混合(示例)｜混合机｜推进剂料浆｜AP粉料｜炸药粉料等；工序/岗位=混合(示例)；设备名称及选型=混合机；危险物料=推进剂料浆；危险物料=AP粉料；危险物料=炸药粉料等；刺激产生条件=加热	ROOT	3 | 混合(示例) | 混合机 | 推进剂料浆、AP粉料、炸药粉料等 | 热 | 加热	0.96
test	属性事实	table_risk_mapping_rule	风险辨识	ROOT	table_5#行3	混合(示例)	风险对象实例	危险物料	炸药粉料等	物料信息					危险物料				生产分类=混合(示例)｜混合机｜推进剂料浆｜AP粉料｜炸药粉料等；工序/岗位=混合(示例)；设备名称及选型=混合机；危险物料=推进剂料浆；危险物料=AP粉料；危险物料=炸药粉料等；刺激产生条件=加热	ROOT	3 | 混合(示例) | 混合机 | 推进剂料浆、AP粉料、炸药粉料等 | 热 | 加热	0.96
test	属性事实	table_risk_mapping_rule	风险辨识	ROOT	table_5#行3	混合(示例)	风险对象实例	工序/岗位	混合(示例)	作业信息					文本描述				生产分类=混合(示例)｜混合机｜推进剂料浆｜AP粉料｜炸药粉料等；工序/岗位=混合(示例)；设备名称及选型=混合机；危险物料=推进剂料浆；危险物料=AP粉料；危险物料=炸药粉料等；刺激产生条件=加热	ROOT	3 | 混合(示例) | 混合机 | 推进剂料浆、AP粉料、炸药粉料等 | 热 | 加热	0.96
test	属性事实	table_risk_mapping_rule	风险辨识	ROOT	table_5#行3	混合(示例)	风险对象实例	设备名称及选型	混合机	工艺设备					文本描述				生产分类=混合(示例)｜混合机｜推进剂料浆｜AP粉料｜炸药粉料等；工序/岗位=混合(示例)；设备名称及选型=混合机；危险物料=推进剂料浆；危险物料=AP粉料；危险物料=炸药粉料等；刺激产生条件=加热	ROOT	3 | 混合(示例) | 混合机 | 推进剂料浆、AP粉料、炸药粉料等 | 热 | 加热	0.96
test	关系事实	table_risk_mapping_rule	风险辨识	ROOT	table_5#行3	混合机	位置部位实例	刺激能量形式	热	危险源实例									生产分类=混合(示例)｜混合机｜推进剂料浆｜AP粉料｜炸药粉料等；工序/岗位=混合(示例)；设备名称及选型=混合机；危险物料=推进剂料浆；危险物料=AP粉料；危险物料=炸药粉料等；刺激产生条件=加热	ROOT	3 | 混合(示例) | 混合机 | 推进剂料浆、AP粉料、炸药粉料等 | 热 | 加热	0.96
test	属性事实	table_risk_mapping_rule	风险辨识	ROOT	table_6#行1	推进剂混合(示例)	风险对象实例	工序/岗位	推进剂混合(示例)	作业信息					文本描述				生产分类=推进剂混合(示例)｜混合机｜推进剂料浆｜AP粉料｜炸药粉料等；工序/岗位=推进剂混合(示例)；设备名称及选型=混合机；设备名称及选型涉及物料=推进剂料浆；设备名称及选型涉及物料=AP粉料；设备名称及选型涉及物料=炸药粉料等	ROOT	1 | 推进剂混合(示例) | F1 | 混合机 | 符合 | 推进剂料浆、AP粉料、炸药粉料等 | 桨叶转动产生摩擦	0.96
test	属性事实	table_risk_mapping_rule	风险辨识	ROOT	table_6#行1	推进剂混合(示例)	类别概念	生产分类	推进剂混合(示例)｜混合机｜推进剂料浆｜AP粉料｜炸药粉料等	作业信息					文本描述					ROOT	1 | 推进剂混合(示例) | F1 | 混合机 | 符合 | 推进剂料浆、AP粉料、炸药粉料等 | 桨叶转动产生摩擦	0.96
test	关系事实	table_risk_mapping_rule	风险辨识	ROOT	table_6#行1	推进剂混合(示例)	风险对象实例	设备名称及选型	混合机	设备实例									生产分类=推进剂混合(示例)｜混合机｜推进剂料浆｜AP粉料｜炸药粉料等；工序/岗位=推进剂混合(示例)；设备名称及选型=混合机；设备名称及选型涉及物料=推进剂料浆；设备名称及选型涉及物料=AP粉料；设备名称及选型涉及物料=炸药粉料等	ROOT	1 | 推进剂混合(示例) | F1 | 混合机 | 符合 | 推进剂料浆、AP粉料、炸药粉料等 | 桨叶转动产生摩擦	0.96
test	关系事实	table_risk_mapping_rule	风险辨识	ROOT	table_6#行1	推进剂混合(示例)	风险对象实例	设备名称及选型涉及物料	推进剂料浆	危险物料实例									生产分类=推进剂混合(示例)｜混合机｜推进剂料浆｜AP粉料｜炸药粉料等；工序/岗位=推进剂混合(示例)；设备名称及选型=混合机；设备名称及选型涉及物料=推进剂料浆；设备名称及选型涉及物料=AP粉料；设备名称及选型涉及物料=炸药粉料等	ROOT	1 | 推进剂混合(示例) | F1 | 混合机 | 符合 | 推进剂料浆、AP粉料、炸药粉料等 | 桨叶转动产生摩擦	0.96
test	关系事实	table_risk_mapping_rule	风险辨识	ROOT	table_6#行1	推进剂混合(示例)	风险对象实例	设备名称及选型涉及物料	AP粉料	危险物料实例									生产分类=推进剂混合(示例)｜混合机｜推进剂料浆｜AP粉料｜炸药粉料等；工序/岗位=推进剂混合(示例)；设备名称及选型=混合机；设备名称及选型涉及物料=推进剂料浆；设备名称及选型涉及物料=AP粉料；设备名称及选型涉及物料=炸药粉料等	ROOT	1 | 推进剂混合(示例) | F1 | 混合机 | 符合 | 推进剂料浆、AP粉料、炸药粉料等 | 桨叶转动产生摩擦	0.96
test	关系事实	table_risk_mapping_rule	风险辨识	ROOT	table_6#行1	推进剂混合(示例)	风险对象实例	设备名称及选型涉及物料	炸药粉料等	危险物料实例									生产分类=推进剂混合(示例)｜混合机｜推进剂料浆｜AP粉料｜炸药粉料等；工序/岗位=推进剂混合(示例)；设备名称及选型=混合机；设备名称及选型涉及物料=推进剂料浆；设备名称及选型涉及物料=AP粉料；设备名称及选型涉及物料=炸药粉料等	ROOT	1 | 推进剂混合(示例) | F1 | 混合机 | 符合 | 推进剂料浆、AP粉料、炸药粉料等 | 桨叶转动产生摩擦	0.96
test	关系事实	table_risk_mapping_rule	风险辨识	ROOT	table_6#行1	混合机	位置部位实例	危险区域	F1	类别概念									生产分类=推进剂混合(示例)｜混合机｜推进剂料浆｜AP粉料｜炸药粉料等；工序/岗位=推进剂混合(示例)；设备名称及选型=混合机；设备名称及选型涉及物料=推进剂料浆；设备名称及选型涉及物料=AP粉料；设备名称及选型涉及物料=炸药粉料等	ROOT	1 | 推进剂混合(示例) | F1 | 混合机 | 符合 | 推进剂料浆、AP粉料、炸药粉料等 | 桨叶转动产生摩擦	0.96
test	关系事实	table_risk_mapping_rule	风险辨识	ROOT	table_6#行1	混合机	位置部位实例	危险因素产生条件	桨叶转动产生摩擦	风险因素实例									生产分类=推进剂混合(示例)｜混合机｜推进剂料浆｜AP粉料｜炸药粉料等；工序/岗位=推进剂混合(示例)；设备名称及选型=混合机；设备名称及选型涉及物料=推进剂料浆；设备名称及选型涉及物料=AP粉料；设备名称及选型涉及物料=炸药粉料等	ROOT	1 | 推进剂混合(示例) | F1 | 混合机 | 符合 | 推进剂料浆、AP粉料、炸药粉料等 | 桨叶转动产生摩擦	0.96
test	关系事实	table_risk_mapping_rule	风险辨识	ROOT	table_6#行1	混合机	位置部位实例	设备选型符合性	符合	类别概念									生产分类=推进剂混合(示例)｜混合机｜推进剂料浆｜AP粉料｜炸药粉料等；工序/岗位=推进剂混合(示例)；设备名称及选型=混合机；设备名称及选型涉及物料=推进剂料浆；设备名称及选型涉及物料=AP粉料；设备名称及选型涉及物料=炸药粉料等	ROOT	1 | 推进剂混合(示例) | F1 | 混合机 | 符合 | 推进剂料浆、AP粉料、炸药粉料等 | 桨叶转动产生摩擦	0.96
test	关系事实	table_risk_mapping_rule	风险辨识	ROOT	table_6#行2	混合机	位置部位实例	危险因素产生条件	粉料加料产生静电	风险因素实例									生产分类=推进剂混合(示例)｜混合机｜推进剂料浆｜AP粉料｜炸药粉料等；工序/岗位=推进剂混合(示例)；设备名称及选型=混合机；设备名称及选型涉及物料=推进剂料浆；设备名称及选型涉及物料=AP粉料；设备名称及选型涉及物料=炸药粉料等	ROOT	2 | 推进剂混合(示例) | F1 | 混合机 | 符合 | 推进剂料浆、AP粉料、炸药粉料等 | 粉料加料产生静电	0.96
test	关系事实	table_risk_mapping_rule	风险辨识	ROOT	table_6#行3	混合机	位置部位实例	危险因素产生条件	混合锅加热产生热刺激	风险因素实例									生产分类=推进剂混合(示例)｜混合机｜推进剂料浆｜AP粉料｜炸药粉料等；工序/岗位=推进剂混合(示例)；设备名称及选型=混合机；设备名称及选型涉及物料=推进剂料浆；设备名称及选型涉及物料=AP粉料；设备名称及选型涉及物料=炸药粉料等	ROOT	3 | 推进剂混合(示例) | F1 | 混合机 | 符合 | 推进剂料浆、AP粉料、炸药粉料等 | 混合锅加热产生热刺激	0.96
test	关系事实	text_llm	风险辨识	ROOT	test.input_b00001	人机隔离类风险识别与评估	工序/岗位	包含步骤	危险物料固有危险识别	操作步骤										ROOT	<!doctype html> <html><body> <h1>人机隔离类风险识别与评估操作步骤:</h1> <p>危险物料固有危险识别</p> <p>针对各危险物料的固有危险，进行危险物料固有危险的识别统计，识别各设备上实际存在的物料，形成如下表1危险物料固有危险信息统计表。</p>	0.86
test	属性事实	text_llm	风险辨识	ROOT	test.input_b00001	危险物料固有危险识别	操作步骤	操作步骤	危险物料固有危险识别	作业信息					步骤描述					ROOT	<!doctype html> <html><body> <h1>人机隔离类风险识别与评估操作步骤:</h1> <p>危险物料固有危险识别</p> <p>针对各危险物料的固有危险，进行危险物料固有危险的识别统计，识别各设备上实际存在的物料，形成如下表1危险物料固有危险信息统计表。</p>	0.86
test	关系事实	text_llm	风险辨识	ROOT	test.input_b00001	危险物料固有危险识别	操作步骤	涉及危险物料	各设备上实际存在的物料	危险物料										ROOT	<!doctype html> <html><body> <h1>人机隔离类风险识别与评估操作步骤:</h1> <p>危险物料固有危险识别</p> <p>针对各危险物料的固有危险，进行危险物料固有危险的识别统计，识别各设备上实际存在的物料，形成如下表1危险物料固有危险信息统计表。</p>	0.86
test	关系事实	text_llm	风险辨识	ROOT	test.input_b00001	危险物料固有危险识别	操作步骤	涉及操作行为	识别统计各危险物料的固有危险	操作行为										ROOT	<!doctype html> <html><body> <h1>人机隔离类风险识别与评估操作步骤:</h1> <p>危险物料固有危险识别</p> <p>针对各危险物料的固有危险，进行危险物料固有危险的识别统计，识别各设备上实际存在的物料，形成如下表1危险物料固有危险信息统计表。</p>	0.86
test	属性事实	text_llm	风险辨识	ROOT	test.input_b00001	各设备上实际存在的物料	危险物料	危险物料	各设备上实际存在的物料	物料信息					危险物料					ROOT	<!doctype html> <html><body> <h1>人机隔离类风险识别与评估操作步骤:</h1> <p>危险物料固有危险识别</p> <p>针对各危险物料的固有危险，进行危险物料固有危险的识别统计，识别各设备上实际存在的物料，形成如下表1危险物料固有危险信息统计表。</p>	0.86
test	关系事实	text_llm	风险辨识	ROOT	test.input_b00001	各设备上实际存在的物料	危险物料	存在危险源	危险物料固有危险	危险源名称/种类										ROOT	<!doctype html> <html><body> <h1>人机隔离类风险识别与评估操作步骤:</h1> <p>危险物料固有危险识别</p> <p>针对各危险物料的固有危险，进行危险物料固有危险的识别统计，识别各设备上实际存在的物料，形成如下表1危险物料固有危险信息统计表。</p>	0.86
test	关系事实	text_llm	风险辨识	ROOT	test.input_b00004	人机隔离操作	操作行为	涉及设备	设备及选型	设备名称及选型										ROOT	<p>设备选型符合性判断。</p> <p>根据工序类别，找到该工序对应的电气危险区域分级，查找参照表2。同时提取各人机隔离操作的设备及选型，判断其符合性，符合性判断准则见表3。</p>	0.86
test	关系事实	text_llm	风险辨识	ROOT	test.input_b00004	工序	工序/岗位	对应/映射	电气危险区域分级	电气危险区域										ROOT	<p>设备选型符合性判断。</p> <p>根据工序类别，找到该工序对应的电气危险区域分级，查找参照表2。同时提取各人机隔离操作的设备及选型，判断其符合性，符合性判断准则见表3。</p>	0.86
test	属性事实	text_llm	风险辨识	ROOT	test.input_b00004	工序	工序/岗位	电气危险区域	参照表2	危险源	2.0				评估结果值				根据工序类别	ROOT	<p>设备选型符合性判断。</p> <p>根据工序类别，找到该工序对应的电气危险区域分级，查找参照表2。同时提取各人机隔离操作的设备及选型，判断其符合性，符合性判断准则见表3。</p>	0.86
test	属性事实	text_llm	风险辨识	ROOT	test.input_b00004	设备及选型	设备名称及选型	设备选型符合性	符合性判断准则见表3	工艺设备	3.0				评估结果值					ROOT	<p>设备选型符合性判断。</p> <p>根据工序类别，找到该工序对应的电气危险区域分级，查找参照表2。同时提取各人机隔离操作的设备及选型，判断其符合性，符合性判断准则见表3。</p>	0.86
test	关系事实	text_llm	风险辨识	ROOT	test.input_b00004	设备及选型	设备名称及选型	设备选型符合性	符合性判断准则	相关法规、规范										ROOT	<p>设备选型符合性判断。</p> <p>根据工序类别，找到该工序对应的电气危险区域分级，查找参照表2。同时提取各人机隔离操作的设备及选型，判断其符合性，符合性判断准则见表3。</p>	0.86
test	关系事实	text_llm	风险辨识	ROOT	test.input_b00009	人机隔离操作	操作步骤	涉及设备	生产线设备	涉及设备										ROOT	<p>查找刺激类型。</p> <p>根据设备操作文件，提取出生产线各人机隔离操作涉及设备的可能产生的刺激能量的条件或运转方式，并对应得到其可能产生的刺激能量形式，查找参照表如下表4。</p>	0.86
test	属性事实	text_llm	风险辨识	ROOT	test.input_b00009	刺激能量形式	刺激能量形式	说明	通过查找参照表4对应得到	其他	4.0				文本描述					ROOT	<p>查找刺激类型。</p> <p>根据设备操作文件，提取出生产线各人机隔离操作涉及设备的可能产生的刺激能量的条件或运转方式，并对应得到其可能产生的刺激能量形式，查找参照表如下表4。</p>	0.86
test	关系事实	text_llm	风险辨识	ROOT	test.input_b00009	可能产生的刺激能量的条件或运转方式	可能产生刺激能量的条件	导致危险源释放	刺激能量形式	刺激能量形式										ROOT	<p>查找刺激类型。</p> <p>根据设备操作文件，提取出生产线各人机隔离操作涉及设备的可能产生的刺激能量的条件或运转方式，并对应得到其可能产生的刺激能量形式，查找参照表如下表4。</p>	0.86
test	关系事实	text_llm	风险辨识	ROOT	test.input_b00009	生产线设备	涉及设备	具有异常/缺陷	可能产生的刺激能量的条件或运转方式	可能产生刺激能量的条件										ROOT	<p>查找刺激类型。</p> <p>根据设备操作文件，提取出生产线各人机隔离操作涉及设备的可能产生的刺激能量的条件或运转方式，并对应得到其可能产生的刺激能量形式，查找参照表如下表4。</p>	0.86
test	属性事实	text_llm	风险辨识	ROOT	test.input_b00009	生产线设备	涉及设备	可能产生刺激能量的条件	根据设备操作文件提取的条件或运转方式	工艺设备					设备动作				人机隔离操作中	ROOT	<p>查找刺激类型。</p> <p>根据设备操作文件，提取出生产线各人机隔离操作涉及设备的可能产生的刺激能量的条件或运转方式，并对应得到其可能产生的刺激能量形式，查找参照表如下表4。</p>	0.86
test	关系事实	text_llm	风险辨识	ROOT	test.input_b00012	刺激能量	刺激能量形式	具有条件	设备刺激能量产生条件	可能产生刺激能量的条件										ROOT	<p>“物料-刺激”组合的危险因素分析</p> <p>根据物料安全参数，及设备刺激能量产生条件及刺激能量形式，形成刺激能量一览表，格式如表5。</p>	0.86
test	关系事实	text_llm	风险辨识	ROOT	test.input_b00012	物料-刺激组合	危险因素	作用于/涉及	刺激能量	刺激能量形式										ROOT	<p>“物料-刺激”组合的危险因素分析</p> <p>根据物料安全参数，及设备刺激能量产生条件及刺激能量形式，形成刺激能量一览表，格式如表5。</p>	0.86
test	关系事实	text_llm	风险辨识	ROOT	test.input_b00012	物料-刺激组合	危险因素	涉及危险物料	物料	危险物料										ROOT	<p>“物料-刺激”组合的危险因素分析</p> <p>根据物料安全参数，及设备刺激能量产生条件及刺激能量形式，形成刺激能量一览表，格式如表5。</p>	0.86
test	属性事实	text_llm	风险辨识	ROOT	test.input_b00012	物料-刺激组合	危险因素	说明	根据物料安全参数，及设备刺激能量产生条件及刺激能量形式，形成刺激能量一览表	其他					文本描述					ROOT	<p>“物料-刺激”组合的危险因素分析</p> <p>根据物料安全参数，及设备刺激能量产生条件及刺激能量形式，形成刺激能量一览表，格式如表5。</p>	0.86
test	属性事实	text_llm	风险辨识	ROOT	test.input_b00015	表5	表格	说明	根据设备选型符合性分析，及“物料-刺激”组合的危险因素分析形成	其他					文本描述					ROOT	<p>人机隔离类操作风险辨识</p> <p>根据设备选型符合性分析，及“物料-刺激”组合的危险因素分析，形成表5。</p>	0.86
