property_id,relation_id,material_id,material_name,property_group,property_name,raw_value,value_num,min_value_num,max_value_num,unit,unit_source,qualifier,qualitative_level,parse_status,numeric_validated,numeric_issue,primary_measurement_role,test_metric,comparison_operator,test_hammer_mass_kg,test_duration_s,source_row,evidence_id,review_status
PROPM91_0d8ffaa3333c84d95b,RELM91_3254d65dc47d1f3492,MATM91_f1dfaf017f89f24e41,二硝基重氮酚,理化性质,分子量(单质),210.1,,,,g/mol,field_dictionary,,,qualitative_only,false,no_reliable_numeric_measurement,,,,,,4,EVM91_1d53ee715f9a7f864e,accepted
PROPM91_a049dc6ce91b729354,RELM91_82a29fa5c19a728c0e,MATM91_f1dfaf017f89f24e41,二硝基重氮酚,理化性质,密度,1.63 (晶体),1.63,,,g/cm³,explicit_or_field_specific,,,validated_single,true,,primary_value,密度,,,,4,EVM91_781c6fc5aa0bff2d2f,accepted
PROPM91_c4c8688d3d4d6d778a,RELM91_f2c8cb2e261f3e0465,MATM91_f1dfaf017f89f24e41,二硝基重氮酚,理化性质,外观,黄色至棕褐色结晶粉末,,,,,,,,text_only,false,no_reliable_numeric_measurement,,,,,,4,EVM91_815e5c9e55daccf0ca,accepted
PROPM91_69f3bb5b572c9fd3f2,RELM91_ac4dea5d810597bd22,MATM91_f1dfaf017f89f24e41,二硝基重氮酚,理化性质,溶解性,"不溶于水, 微溶于乙醇, 易溶于丙酮",,,,,,,,text_only,false,no_reliable_numeric_measurement,,,,,,4,EVM91_0f4b5e686fea018aed,accepted
PROPM91_bd2e2e115709cf20d9,RELM91_21621105cfe0685aa0,MATM91_f1dfaf017f89f24e41,二硝基重氮酚,理化性质,挥发性,极小,,,,,,,极小,text_only,false,no_reliable_numeric_measurement,,,,,,4,EVM91_fa7410331234e1cf41,accepted
PROPM91_02a33fbfc168d3b18b,RELM91_e65941f6c87b195e4f,MATM91_f1dfaf017f89f24e41,二硝基重氮酚,安全特性,摩擦感度(需对应不同测试条件),100% 爆发 (极敏感),100,,,%,explicit_or_field_specific,,极敏感|敏感,validated_single,true,,explosion_probability,摩擦感度,,,,4,EVM91_4396a054b4da4992b3,accepted
PROPM91_6b6690b5de007d9968,RELM91_e0b916880e358e9a72,MATM91_f1dfaf017f89f24e41,二硝基重氮酚,安全特性,撞击感度(需对应不同测试条件),高 (45-80 cm/2kg),,45,80,cm,explicit_or_field_specific,,高,validated_range,true,,impact_height,落锤高度,,2,,4,EVM91_836b095034e8d9e9a3,accepted
PROPM91_020016fe20c817dfc3,RELM91_e73da94146929415a8,MATM91_f1dfaf017f89f24e41,二硝基重氮酚,安全特性,冲击感度,敏感,,,,,,,敏感,qualitative_only,false,no_reliable_numeric_measurement,,,,,,4,EVM91_1fe14cf2e63cbe21f0,accepted
PROPM91_e464927702dc9ed2f4,RELM91_706e8c3f8d91a8d58f,MATM91_f1dfaf017f89f24e41,二硝基重氮酚,安全特性,火焰感度,极敏感,,,,,,,极敏感|敏感,qualitative_only,false,no_reliable_numeric_measurement,,,,,,4,EVM91_44cc2a7fd1c4d6ed8d,accepted
PROPM91_5f5f3689c5644d8557,RELM91_772daf912674c91e58,MATM91_f1dfaf017f89f24e41,二硝基重氮酚,安全特性,静电感度(需对应不同测试条件),敏感,,,,,,,敏感,qualitative_only,false,no_reliable_numeric_measurement,,,,,,4,EVM91_9a2e055e1f14f72290,accepted
PROPM91_1f1183aea78364978d,RELM91_bb9bef1933d3dea520,MATM91_f1dfaf017f89f24e41,二硝基重氮酚,安全特性,热感度(5s爆发点),157 ~ 160,,157,160,℃,explicit_or_field_specific,,,validated_range,true,,primary_value,热感度(5s爆发点),,,5,4,EVM91_611b9b81670947a20b,accepted
PROPM91_1109e4ea41969a251d,RELM91_06e59978d3fe5dcee9,MATM91_f1dfaf017f89f24e41,二硝基重氮酚,安全特性,电火花感度,敏感,,,,,,,敏感,qualitative_only,false,no_reliable_numeric_measurement,,,,,,4,EVM91_5a7cf6860e6af7fe4a,accepted
PROPM91_270763a4bb962ff3c2,RELM91_9b5e4c5be2cd5086ae,MATM91_f1dfaf017f89f24e41,二硝基重氮酚,安全特性,吸湿性,极小,,,,,,,极小,text_only,false,no_reliable_numeric_measurement,,,,,,4,EVM91_853da24fd7ba3fa98e,accepted
PROPM91_c3689dc8ca17b8b9d4,RELM91_4af9425778e2fbe911,MATM91_f1dfaf017f89f24e41,二硝基重氮酚,安全特性,熔点,150 (开始分解),150,,,℃,explicit_or_field_specific,,,validated_single,true,,onset_temperature,熔点,,,,4,EVM91_39c77fde15cab5a7a7,accepted
PROPM91_c03a706e396395b0ae,RELM91_a524b5aa3c2c2e9a96,MATM91_f1dfaf017f89f24e41,二硝基重氮酚,安全特性,分解温度,160 (爆轰),160,,,℃,explicit_or_field_specific,,,validated_single,true,,event_temperature,分解温度,,,,4,EVM91_8b24843f38cd6283ae,accepted
PROPM91_81414c05cc6434dda8,RELM91_cdb7df9f2514dffbf8,MATM91_f1dfaf017f89f24e41,二硝基重氮酚,能量特性,爆速,6600 ~ 6900,,6600,6900,m/s,explicit_or_field_specific,,,validated_range,true,,primary_value,爆速,,,,4,EVM91_a853c1790a0ad88924,accepted
PROPM91_411e86be077a1f502a,RELM91_67d28852d385bed4b9,MATM91_f1dfaf017f89f24e41,二硝基重氮酚,能量特性,爆温,~3400,3400,,,℃,explicit_or_field_specific,~,,validated_single,true,,primary_value,爆温,~,,,4,EVM91_759eb7250a8ccf0d4f,accepted
PROPM91_66f9ad201ece8f65e4,RELM91_59bfd90572cbdaae94,MATM91_f1dfaf017f89f24e41,二硝基重氮酚,能量特性,爆压,20 ~ 25,,20,25,GPa,explicit_or_field_specific,,,validated_range,true,,primary_value,爆压,,,,4,EVM91_61e15359deacc71178,accepted
PROPM91_3a5bd666151415629a,RELM91_5869799208ae143769,MATM91_f1dfaf017f89f24e41,二硝基重氮酚,能量特性,爆容,800 ~ 860,,800,860,L/kg,explicit_or_field_specific,,,validated_range,true,,primary_value,爆容,,,,4,EVM91_2862d8f632deca3381,accepted
PROPM91_9e6dbd33d7b7076ad2,RELM91_78e4146a4b24625749,MATM91_f1dfaf017f89f24e41,二硝基重氮酚,能量特性,威力,约 80% TNT,80,,,%,explicit_or_field_specific,~,,validated_single,true,,primary_value,威力,~,,,4,EVM91_d6a49ddabd83bafac9,accepted
PROPM91_bbc30b6e66a0fd7a64,RELM91_f25d72f7cbc5b1d469,MATM91_f1dfaf017f89f24e41,二硝基重氮酚,能量特性,猛度,28 ~ 32 mm,,28,32,mm,explicit_or_field_specific,,,validated_range,true,,primary_value,猛度,,,,4,EVM91_21b50bf866693d26aa,accepted
PROPM91_9dcf553a389785bb25,RELM91_6ec199ebaac41301e9,MATM91_f1dfaf017f89f24e41,二硝基重氮酚,能量特性,起爆力,极强 (常用作起爆药),,,,,,,强,text_only,false,no_reliable_numeric_measurement,,,,,,4,EVM91_14ee112b51f277ff7c,accepted
PROPM91_d711e038c1413b645f,RELM91_df3c3bac0054c2a450,MATM91_f1dfaf017f89f24e41,二硝基重氮酚,能量特性,燃烧速度(发射药、推进剂),极快 (极易转爆轰),,,,,,,,qualitative_only,false,no_reliable_numeric_measurement,,,,,,4,EVM91_e5fa2bfde6b6c56827,accepted
PROPM91_0d76dcd0fcbc4e6483,RELM91_062c142b64a5704aae,MATM91_3356a2d71bc7ebcb60,三硝基间苯二酚铅,理化性质,分子量(单质),468.3,,,,g/mol,field_dictionary,,,qualitative_only,false,no_reliable_numeric_measurement,,,,,,5,EVM91_b6f3f32d70478d92a8,accepted
PROPM91_3d49f693903a40b73b,RELM91_98549662749ea424a1,MATM91_3356a2d71bc7ebcb60,三硝基间苯二酚铅,理化性质,密度,3,3,,,g/cm³,explicit_or_field_specific,,,validated_single,true,,primary_value,密度,,,,5,EVM91_0a480a3902821c2477,accepted
PROPM91_d78d22ff0a21b4470e,RELM91_a27d3818228b11961c,MATM91_3356a2d71bc7ebcb60,三硝基间苯二酚铅,理化性质,外观,橙黄色至棕红色结晶粉末,,,,,,,,text_only,false,no_reliable_numeric_measurement,,,,,,5,EVM91_9120a5e83538142414,accepted
PROPM91_cff01121debff36854,RELM91_99f17b1ecafbff8e00,MATM91_3356a2d71bc7ebcb60,三硝基间苯二酚铅,理化性质,溶解性,"极难溶于水 (0.04g/100g), 难溶于乙醇、乙醚",,,,,,,,text_only,false,no_reliable_numeric_measurement,,,,,,5,EVM91_df9cc415cb3527eb45,accepted
PROPM91_dec21856401c82f976,RELM91_87cd1fa418d3663c8f,MATM91_3356a2d71bc7ebcb60,三硝基间苯二酚铅,安全特性,摩擦感度(需对应不同测试条件),极敏感 (40-60%),,40,60,%,explicit_or_field_specific,,极敏感|敏感,validated_range,true,,explosion_probability,摩擦感度,,,,5,EVM91_f4385ae9648260a5cd,accepted
PROPM91_429afa29123e7c530b,RELM91_cb41626163cf66e0a0,MATM91_3356a2d71bc7ebcb60,三硝基间苯二酚铅,安全特性,撞击感度(需对应不同测试条件),高 (4-10 cm/2kg),,4,10,cm,explicit_or_field_specific,,高,validated_range,true,,impact_height,落锤高度,,2,,5,EVM91_099ab60b13f5989df9,accepted
PROPM91_d94e29994c223020f1,RELM91_dc0712d1c840a91ceb,MATM91_3356a2d71bc7ebcb60,三硝基间苯二酚铅,安全特性,冲击感度,敏感,,,,,,,敏感,qualitative_only,false,no_reliable_numeric_measurement,,,,,,5,EVM91_7e3b20341a71522c41,accepted
PROPM91_08db94c7786c3d6301,RELM91_be7e7f63c013a70d42,MATM91_3356a2d71bc7ebcb60,三硝基间苯二酚铅,安全特性,火焰感度,极敏感 (点火性能优异),,,,,,,极敏感|敏感,qualitative_only,false,no_reliable_numeric_measurement,,,,,,5,EVM91_e39b2229446180d6e3,accepted
PROPM91_3965d6f6f6ae7b99f4,RELM91_3606f5175d61e2bb94,MATM91_3356a2d71bc7ebcb60,三硝基间苯二酚铅,安全特性,静电感度(需对应不同测试条件),极敏感 (火工药剂中静电感度最高级别),,,,,,,极敏感|敏感|高,qualitative_only,false,no_reliable_numeric_measurement,,,,,,5,EVM91_a93e2a5295ec6b9b71,accepted
PROPM91_230fd527bce896c0f1,RELM91_726783fee793f0948a,MATM91_3356a2d71bc7ebcb60,三硝基间苯二酚铅,安全特性,热感度(5s爆发点),265 ~ 280,,265,280,℃,explicit_or_field_specific,,,validated_range,true,,primary_value,热感度(5s爆发点),,,5,5,EVM91_dc6ddd8e1e6dc95ec5,accepted
PROPM91_ad2bdaec00ccd3d460,RELM91_020dcd9e905d16acd3,MATM91_3356a2d71bc7ebcb60,三硝基间苯二酚铅,安全特性,电火花感度,极敏感,,,,,,,极敏感|敏感,qualitative_only,false,no_reliable_numeric_measurement,,,,,,5,EVM91_938f094292a521e6f4,accepted
PROPM91_83cc2ace81801e5d35,RELM91_2092ffaca8a0e2aa6c,MATM91_3356a2d71bc7ebcb60,三硝基间苯二酚铅,安全特性,吸湿性,极小 (不吸湿),,,,,,,吸湿|不吸湿|极小,text_only,false,no_reliable_numeric_measurement,,,,,,5,EVM91_78a517ef5e2d60380d,accepted
PROPM91_ffe475b84fdea53fe9,RELM91_c467195074ce7aa621,MATM91_3356a2d71bc7ebcb60,三硝基间苯二酚铅,安全特性,分解温度,260 ~ 280 (发生爆轰),,260,280,℃,explicit_or_field_specific,,,validated_range,true,,event_temperature,分解温度,,,,5,EVM91_610f65542a2f24da0c,accepted
PROPM91_f7d4f19d9a9494265d,RELM91_95a244ff3853285265,MATM91_3356a2d71bc7ebcb60,三硝基间苯二酚铅,能量特性,爆速,~5200,5200,,,m/s,explicit_or_field_specific,~,,validated_single,true,,primary_value,爆速,~,,,5,EVM91_e06f8ea74944b792c8,accepted
PROPM91_c9ea1d0af0a7e4fea0,RELM91_e1badef9bfca9568c0,MATM91_3356a2d71bc7ebcb60,三硝基间苯二酚铅,能量特性,爆温,~3000,3000,,,℃,explicit_or_field_specific,~,,validated_single,true,,primary_value,爆温,~,,,5,EVM91_81b03ed4ea48fc7dc1,accepted
PROPM91_d7f079925dce075fd5,RELM91_b9f3f322434c11fd9a,MATM91_3356a2d71bc7ebcb60,三硝基间苯二酚铅,能量特性,爆压,~15,15,,,GPa,explicit_or_field_specific,~,,validated_single,true,,primary_value,爆压,~,,,5,EVM91_54fca292434088c916,accepted
PROPM91_222e78956427cc156e,RELM91_5d741893e534ff40f5,MATM91_3356a2d71bc7ebcb60,三硝基间苯二酚铅,能量特性,爆容,约 380,380,,,L/kg,explicit_or_field_specific,~,,validated_single,true,,primary_value,爆容,~,,,5,EVM91_c8a1d9dab7693cf22f,accepted
PROPM91_4abef61843ccd3a645,RELM91_a2b2344781b254435b,MATM91_3356a2d71bc7ebcb60,三硝基间苯二酚铅,能量特性,威力,较低 (约 20% TNT),20,,,%,explicit_or_field_specific,~,较低|低,validated_single,true,,primary_value,威力,~,,,5,EVM91_075e1f81a10524a114,accepted
PROPM91_0373ad235f6655dd78,RELM91_3fe75393e58e26061a,MATM91_3356a2d71bc7ebcb60,三硝基间苯二酚铅,能量特性,猛度,较低,,,,,,,较低|低,text_only,false,no_reliable_numeric_measurement,,,,,,5,EVM91_bb2a4db2973380fc04,accepted
PROPM91_3bbf2dea6dccbaa9f4,RELM91_c1f44e055ea8a63d08,MATM91_3356a2d71bc7ebcb60,三硝基间苯二酚铅,能量特性,起爆力,较弱 (常作点火、针刺药剂),,,,,,,,text_only,false,no_reliable_numeric_measurement,,,,,,5,EVM91_e79b27e2f102b8c489,accepted
PROPM91_ca51c74843441899ff,RELM91_db0be9500e5207556b,MATM91_3356a2d71bc7ebcb60,三硝基间苯二酚铅,能量特性,燃烧速度(发射药、推进剂),稳定且快,,,,,,,,qualitative_only,false,no_reliable_numeric_measurement,,,,,,5,EVM91_f27732c9984f9ba341,accepted
PROPM91_801e00079f01d3994f,RELM91_8f489ab6f748721930,MATM91_c71e7e91adb6d936d2,羧甲基纤维素三硝基间苯二酚钡,理化性质,分子量(单质),384.45 (无水BaTNR折算),,,,g/mol,field_dictionary,,无,qualitative_only,false,no_reliable_numeric_measurement,,,,,,6,EVM91_27f8e9edb07787f5bb,accepted
PROPM91_463e669d606115c41e,RELM91_6be1471a5bd214c911,MATM91_c71e7e91adb6d936d2,羧甲基纤维素三硝基间苯二酚钡,理化性质,密度,约 2.2 ~ 2.5,,2.2,2.5,g/cm³,explicit_or_field_specific,~,,validated_range,true,,primary_value,密度,~,,,6,EVM91_810eef35f181566669,accepted
PROPM91_4a46a0c1a416bc90d5,RELM91_7e8ec1332095d62756,MATM91_c71e7e91adb6d936d2,羧甲基纤维素三硝基间苯二酚钡,理化性质,外观,黄褐色、黄绿色结晶粉末,,,,,,,,text_only,false,no_reliable_numeric_measurement,,,,,,6,EVM91_042995b6d90c11daf4,accepted
PROPM91_ced429fed283a0dc21,RELM91_5a006bf04656121241,MATM91_c71e7e91adb6d936d2,羧甲基纤维素三硝基间苯二酚钡,理化性质,溶解性,"微溶于水, 难溶于有机溶剂",,,,,,,,text_only,false,no_reliable_numeric_measurement,,,,,,6,EVM91_2891c29cf4fbaecfc2,accepted
PROPM91_9d5ac26e2e9e8b1fb4,RELM91_3b2e91da53e1af0bdc,MATM91_c71e7e91adb6d936d2,羧甲基纤维素三硝基间苯二酚钡,理化性质,挥发性,极低,,,,,,,低|极低,text_only,false,no_reliable_numeric_measurement,,,,,,6,EVM91_98ee22786587f2169f,accepted
PROPM91_5915a9e7e82bacb7f2,RELM91_632a82dfb7e2110b8e,MATM91_c71e7e91adb6d936d2,羧甲基纤维素三硝基间苯二酚钡,安全特性,摩擦感度(需对应不同测试条件),中等敏感,,,,,,,中等敏感|敏感|中等,qualitative_only,false,no_reliable_numeric_measurement,,,,,,6,EVM91_6429b5d56f40708d33,accepted
PROPM91_c42e57851a999da09f,RELM91_a531db8ec19b72b9f2,MATM91_c71e7e91adb6d936d2,羧甲基纤维素三硝基间苯二酚钡,安全特性,撞击感度(需对应不同测试条件),敏感 (落锤试验通常在10-20cm/2kg),,10,20,cm,explicit_or_field_specific,,敏感,validated_range,true,,impact_height,落锤高度,,2,,6,EVM91_4e0480b0890e241012,accepted
PROPM91_2fdd7a7e8be490607e,RELM91_d88c643b724694a125,MATM91_c71e7e91adb6d936d2,羧甲基纤维素三硝基间苯二酚钡,安全特性,冲击感度,中等,,,,,,,中等,qualitative_only,false,no_reliable_numeric_measurement,,,,,,6,EVM91_2fcb0cd6f55bab5ddd,accepted
PROPM91_d5a69cab0f0fb8e0e2,RELM91_7a8a3dfb6af6ac1f59,MATM91_c71e7e91adb6d936d2,羧甲基纤维素三硝基间苯二酚钡,安全特性,火焰感度,敏感 (具有良好的引燃特性),,,,,,,敏感,qualitative_only,false,no_reliable_numeric_measurement,,,,,,6,EVM91_e527bcfcdc1da3c9e7,accepted
PROPM91_4e684aec2b961e12fe,RELM91_c6ba2d603e805bd3e6,MATM91_c71e7e91adb6d936d2,羧甲基纤维素三硝基间苯二酚钡,安全特性,静电感度(需对应不同测试条件),"中等敏感 (低于LS, 但仍需严格防护)",,,,,,,中等敏感|敏感|中等|低,qualitative_only,false,no_reliable_numeric_measurement,,,,,,6,EVM91_8869cc305d279a49d6,accepted
PROPM91_85a9e85523071f1d65,RELM91_f7658c20b68750fc61,MATM91_c71e7e91adb6d936d2,羧甲基纤维素三硝基间苯二酚钡,安全特性,热感度(5s爆发点),> 300,300,,,℃,explicit_or_field_specific,>,,validated_single,true,,primary_value,热感度(5s爆发点),>,,5,6,EVM91_81630c5e65d90e4436,accepted
PROPM91_959d772a7fdfdfbc8b,RELM91_4831d5b94e899a496b,MATM91_c71e7e91adb6d936d2,羧甲基纤维素三硝基间苯二酚钡,安全特性,电火花感度,敏感,,,,,,,敏感,qualitative_only,false,no_reliable_numeric_measurement,,,,,,6,EVM91_09dadec89dc2133453,accepted
PROPM91_be5b6f4d7f815b1583,RELM91_38875cd827465bc598,MATM91_c71e7e91adb6d936d2,羧甲基纤维素三硝基间苯二酚钡,安全特性,吸湿性,极小,,,,,,,极小,text_only,false,no_reliable_numeric_measurement,,,,,,6,EVM91_5dea354c1feb3cfce0,accepted
PROPM91_86e53a6c501ece932e,RELM91_ac23151f8532ceba26,MATM91_c71e7e91adb6d936d2,羧甲基纤维素三硝基间苯二酚钡,安全特性,分解温度,> 250 (开始缓慢分解),250,,,℃,explicit_or_field_specific,>,,validated_single,true,,onset_temperature,分解温度,>,,,6,EVM91_6ae680dfc98ab2ef43,accepted
PROPM91_a7dbef23e1f71136ff,RELM91_3fc46a4ab478b027d3,MATM91_c71e7e91adb6d936d2,羧甲基纤维素三硝基间苯二酚钡,能量特性,爆速,~4000 (估算),4000,,,m/s,explicit_or_field_specific,~,,validated_single,true,,primary_value,爆速,~,,,6,EVM91_7a4a1e9f0307fd3853,accepted
PROPM91_4f1421763f22d82ce8,RELM91_3a141c589d348e8404,MATM91_c71e7e91adb6d936d2,羧甲基纤维素三硝基间苯二酚钡,能量特性,爆温,~2800,2800,,,℃,explicit_or_field_specific,~,,validated_single,true,,primary_value,爆温,~,,,6,EVM91_8af95199279759c51e,accepted
PROPM91_55d47892db607a58c8,RELM91_7b66481eff7b5ad983,MATM91_c71e7e91adb6d936d2,羧甲基纤维素三硝基间苯二酚钡,能量特性,爆压,~10,10,,,GPa,explicit_or_field_specific,~,,validated_single,true,,primary_value,爆压,~,,,6,EVM91_c7ed1080b18efc4b63,accepted
PROPM91_e885e82c5f43c88901,RELM91_9c2ba2c361ec4baaf4,MATM91_c71e7e91adb6d936d2,羧甲基纤维素三硝基间苯二酚钡,能量特性,爆容,约 250 - 300,,250,300,L/kg,explicit_or_field_specific,~,,validated_range,true,,primary_value,爆容,~,,,6,EVM91_d9001089b964d06f92,accepted
PROPM91_0447ad94a0ca930842,RELM91_1aa38e476228e2c74f,MATM91_c71e7e91adb6d936d2,羧甲基纤维素三硝基间苯二酚钡,能量特性,威力,较低,,,,,,,较低|低,text_only,false,no_reliable_numeric_measurement,,,,,,6,EVM91_ba5c5162f132459775,accepted
PROPM91_e002bcb28855f1928e,RELM91_e89dd5d892432db747,MATM91_c71e7e91adb6d936d2,羧甲基纤维素三硝基间苯二酚钡,能量特性,猛度,较低,,,,,,,较低|低,text_only,false,no_reliable_numeric_measurement,,,,,,6,EVM91_bc3f143a3fdef8183a,accepted
PROPM91_a5cc621b874dc27446,RELM91_2fa6f8fc528232ad13,MATM91_c71e7e91adb6d936d2,羧甲基纤维素三硝基间苯二酚钡,能量特性,起爆力,弱 (主要用于针刺点火或非腐蚀性火帽),,,,,,,,text_only,false,no_reliable_numeric_measurement,,,,,,6,EVM91_cb1c4eb35eb39db1b7,accepted
PROPM91_7306e173b8a8418ddc,RELM91_c1e0403e132352bbe2,MATM91_c71e7e91adb6d936d2,羧甲基纤维素三硝基间苯二酚钡,能量特性,燃烧速度(发射药、推进剂),稳定且快,,,,,,,,qualitative_only,false,no_reliable_numeric_measurement,,,,,,6,EVM91_06084e5bac97315773,accepted
PROPM91_c9aaaaaa554287b445,RELM91_e43966aa6311a5acb9,MATM91_e6bf874468e5e131f4,叠氮化铅,理化性质,分子量(单质),291.24,,,,g/mol,field_dictionary,,,qualitative_only,false,no_reliable_numeric_measurement,,,,,,7,EVM91_81525200e5eb36a418,accepted
PROPM91_9ee0e69bf44f8b77c9,RELM91_c05a5e17248d90b1bb,MATM91_e6bf874468e5e131f4,叠氮化铅,理化性质,密度,4.71 (理论晶体密度),4.71,,,g/cm³,explicit_or_field_specific,,,validated_single,true,,true_density,密度,,,,7,EVM91_7c28b7833c2423ce46,accepted
PROPM91_973e809c1ba3f47ef5,RELM91_3345ff97cedce6a0ea,MATM91_e6bf874468e5e131f4,叠氮化铅,理化性质,外观,白色至浅灰色微晶粉末或颗粒,,,,,,,,text_only,false,no_reliable_numeric_measurement,,,,,,7,EVM91_d22d0c07a6975f1e2b,accepted
PROPM91_915e986736bdf80443,RELM91_cbfc3f8a881e583da2,MATM91_e6bf874468e5e131f4,叠氮化铅,理化性质,溶解性,"难溶于水 (0.02g/100g), 不溶于乙醇、乙醚, 溶于醋酸铵溶液",,,,,,,,text_only,false,no_reliable_numeric_measurement,,,,,,7,EVM91_15cbf410dd051a23a1,accepted
PROPM91_c3ddaa8d2777980e62,RELM91_83b8267236949e5a9a,MATM91_e6bf874468e5e131f4,叠氮化铅,安全特性,摩擦感度(需对应不同测试条件),极敏感 (受干摩擦极易爆炸),,,,,,,极敏感|敏感,qualitative_only,false,no_reliable_numeric_measurement,,,,,,7,EVM91_73d63e1907663d69fc,accepted
PROPM91_0876f30109c34a308d,RELM91_f4cec6bc4eebbd039e,MATM91_e6bf874468e5e131f4,叠氮化铅,安全特性,撞击感度(需对应不同测试条件),"极敏感 (2kg落锤, 10-20 cm)",,10,20,cm,explicit_or_field_specific,,极敏感|敏感,validated_range,true,,impact_height,落锤高度,,2,,7,EVM91_5d343020e8551d4d6d,accepted
PROPM91_4632a2ff98ab462165,RELM91_8f3331c7d091caa277,MATM91_e6bf874468e5e131f4,叠氮化铅,安全特性,冲击感度,极敏感 (起爆能极小),,,,,,,极敏感|敏感|极小,qualitative_only,false,no_reliable_numeric_measurement,,,,,,7,EVM91_c5c106600508a8ab52,accepted
PROPM91_40e0f3747a4cd37b27,RELM91_3fb34804a6c3c3c374,MATM91_e6bf874468e5e131f4,叠氮化铅,安全特性,火焰感度,"敏感 (低于雷汞, 但遇火仍极易爆轰)",,,,,,,敏感|低,qualitative_only,false,no_reliable_numeric_measurement,,,,,,7,EVM91_58bd5ddc1ce623b4af,accepted
PROPM91_51a6e5d99fb2bd93da,RELM91_4abee82675689099a3,MATM91_e6bf874468e5e131f4,叠氮化铅,安全特性,静电感度(需对应不同测试条件),"敏感 (需严格防静电, 人体静电可引爆)",,,,,,,敏感,qualitative_only,false,no_reliable_numeric_measurement,,,,,,7,EVM91_490d17e5f72a2ec8bc,accepted
PROPM91_539237ddf88df327d4,RELM91_23041b8632caf0be5d,MATM91_e6bf874468e5e131f4,叠氮化铅,安全特性,热感度(5s爆发点),315 ~ 330,,315,330,℃,explicit_or_field_specific,,,validated_range,true,,primary_value,热感度(5s爆发点),,,5,7,EVM91_ad6a0ee1fc93abc7ab,accepted
PROPM91_347b187fb5e41a5aaf,RELM91_fd3c0bfe3d31fbcf4f,MATM91_e6bf874468e5e131f4,叠氮化铅,安全特性,电火花感度,极敏感,,,,,,,极敏感|敏感,qualitative_only,false,no_reliable_numeric_measurement,,,,,,7,EVM91_a3e3ba134dfd6e2813,accepted
PROPM91_246db8cb53c748613c,RELM91_ce4b7657fc3d2329c2,MATM91_e6bf874468e5e131f4,叠氮化铅,安全特性,吸湿性,极小 (不吸湿),,,,,,,吸湿|不吸湿|极小,text_only,false,no_reliable_numeric_measurement,,,,,,7,EVM91_55b98b7cb953748357,accepted
PROPM91_a406dfb32128625cdb,RELM91_1d7eae09bc8b849239,MATM91_e6bf874468e5e131f4,叠氮化铅,安全特性,分解温度,"190 (开始缓慢分解), 245 (剧烈分解), 315+ (爆炸)",190,,,℃,explicit_or_field_specific,,,validated_single,true,,onset_temperature,分解温度,,,,7,EVM91_d2f640e074d6146bfd,accepted
PROPM91_d68bcae41d425615b8,RELM91_68d8d3398651d876f2,MATM91_e6bf874468e5e131f4,叠氮化铅,能量特性,爆速,4500 ~ 5300 (随装药密度变化),,4500,5300,m/s,explicit_or_field_specific,,,validated_range,true,,primary_value,爆速,,,,7,EVM91_948ed7ae03e5a64e80,accepted
PROPM91_29ebd53c7364d35e53,RELM91_fe1e2a4bcbf88e9a16,MATM91_e6bf874468e5e131f4,叠氮化铅,能量特性,爆温,~3600,3600,,,℃,explicit_or_field_specific,~,,validated_single,true,,primary_value,爆温,~,,,7,EVM91_62e4f5b1f9bb2fbf7c,accepted
PROPM91_0ce5bedc839a280a25,RELM91_ed14d21655a9f5f7cb,MATM91_e6bf874468e5e131f4,叠氮化铅,能量特性,爆压,25 ~ 30,,25,30,GPa,explicit_or_field_specific,,,validated_range,true,,primary_value,爆压,,,,7,EVM91_80006caac290cbd55a,accepted
PROPM91_1e2a991899ebcadb1f,RELM91_7677900f6d23e288d8,MATM91_e6bf874468e5e131f4,叠氮化铅,能量特性,爆容,~300,300,,,L/kg,explicit_or_field_specific,~,,validated_single,true,,primary_value,爆容,~,,,7,EVM91_cdf0aaf43739b92609,accepted
PROPM91_0833165fd6ac1954bd,RELM91_ff7077059e3a020a6f,MATM91_e6bf874468e5e131f4,叠氮化铅,能量特性,威力,中等 (约 40% TNT),40,,,%,explicit_or_field_specific,~,中等,validated_single,true,,primary_value,威力,~,,,7,EVM91_ca2a42fd7f40659d34,accepted
PROPM91_f9adcf071f7fca596e,RELM91_f74e4c661c83a874d1,MATM91_e6bf874468e5e131f4,叠氮化铅,能量特性,猛度,高,,,,,,,高,text_only,false,no_reliable_numeric_measurement,,,,,,7,EVM91_8d5e749854ccfe6200,accepted
PROPM91_3af054e4b7e3199a0c,RELM91_79fc3a7bc8f9fca56e,MATM91_e6bf874468e5e131f4,叠氮化铅,能量特性,起爆力,极强 (雷管最常用的主起爆药),,,,,,,强,text_only,false,no_reliable_numeric_measurement,,,,,,7,EVM91_9d4f037edba7a7b0c7,accepted
PROPM91_ef538e54ca0d6b2e36,RELM91_75125fbc81234fc818,MATM91_e6bf874468e5e131f4,叠氮化铅,能量特性,燃烧速度(发射药、推进剂),极快 (瞬间转爆轰),,,,,,,,qualitative_only,false,no_reliable_numeric_measurement,,,,,,7,EVM91_a7345e73f4ee14a636,accepted
PROPM91_4f908cb2336855564a,RELM91_c7474054d74ab4f5e2,MATM91_e8bf982cc306b0a0fa,"2,4-二硝基间苯二酚铅",理化性质,分子量(单质),425.28,,,,g/mol,field_dictionary,,,qualitative_only,false,no_reliable_numeric_measurement,,,,,,8,EVM91_cafdb3f128c7637953,accepted
PROPM91_8f21754f2372e63e3e,RELM91_55760670bfac2becc7,MATM91_e8bf982cc306b0a0fa,"2,4-二硝基间苯二酚铅",理化性质,密度,~3.0,3.0,,,g/cm³,explicit_or_field_specific,~,,validated_single,true,,primary_value,密度,~,,,8,EVM91_384a9d65c18e328ea1,accepted
PROPM91_6f5327ebd9100d6fcd,RELM91_0b5f6952a8a1b9da33,MATM91_e8bf982cc306b0a0fa,"2,4-二硝基间苯二酚铅",理化性质,外观,棕黄色、橙褐色结晶粉末,,,,,,,,text_only,false,no_reliable_numeric_measurement,,,,,,8,EVM91_351537cea91dd6e574,accepted
PROPM91_22bbbc3404a156fa63,RELM91_a952827a72e49fd5b0,MATM91_e8bf982cc306b0a0fa,"2,4-二硝基间苯二酚铅",理化性质,溶解性,"极微溶于水, 难溶于有机溶剂",,,,,,,,text_only,false,no_reliable_numeric_measurement,,,,,,8,EVM91_8165995044ff2f9182,accepted
PROPM91_8341d94399edad38e0,RELM91_5e69d23029db5f1d50,MATM91_e8bf982cc306b0a0fa,"2,4-二硝基间苯二酚铅",安全特性,摩擦感度(需对应不同测试条件),敏感 (干状态下敏感度高),,,,,,,敏感|高,qualitative_only,false,no_reliable_numeric_measurement,,,,,,8,EVM91_9dd56a812d6b6746f1,accepted
PROPM91_e7675c5af7b2ca77bb,RELM91_1c460c2c330e7cff26,MATM91_e8bf982cc306b0a0fa,"2,4-二硝基间苯二酚铅",安全特性,撞击感度(需对应不同测试条件),"高 (2kg落锤, 15-30 cm)",,15,30,cm,explicit_or_field_specific,,高,validated_range,true,,impact_height,落锤高度,,2,,8,EVM91_1a482db90ae188cd7d,accepted
PROPM91_8e5f9ddc8fb857c584,RELM91_14a051969f556517f1,MATM91_e8bf982cc306b0a0fa,"2,4-二硝基间苯二酚铅",安全特性,冲击感度,敏感,,,,,,,敏感,qualitative_only,false,no_reliable_numeric_measurement,,,,,,8,EVM91_303aa3317e1e82496b,accepted
PROPM91_8dcd8f6f887e850383,RELM91_e53d40e7f9e0b9ca8f,MATM91_e8bf982cc306b0a0fa,"2,4-二硝基间苯二酚铅",安全特性,火焰感度,"极敏感 (点火性能优异, 常作为火感度调节剂)",,,,,,,极敏感|敏感,qualitative_only,false,no_reliable_numeric_measurement,,,,,,8,EVM91_3ae4dd5b8fea5aa000,accepted
PROPM91_e996d36a7f56e4c751,RELM91_57551d48088f4302f2,MATM91_e8bf982cc306b0a0fa,"2,4-二硝基间苯二酚铅",安全特性,静电感度(需对应不同测试条件),敏感 (需严格防静电措施),,,,,,,敏感,qualitative_only,false,no_reliable_numeric_measurement,,,,,,8,EVM91_532c22f939b17e29ec,accepted
PROPM91_5c625065d925448b40,RELM91_5c3e9aed7816ec178a,MATM91_e8bf982cc306b0a0fa,"2,4-二硝基间苯二酚铅",安全特性,热感度(5s爆发点),250 ~ 275,,250,275,℃,explicit_or_field_specific,,,validated_range,true,,primary_value,热感度(5s爆发点),,,5,8,EVM91_549c5dafdaee000da6,accepted
PROPM91_6ca6dded15a1841e07,RELM91_1ece7aac470eaf30e5,MATM91_e8bf982cc306b0a0fa,"2,4-二硝基间苯二酚铅",安全特性,电火花感度,敏感,,,,,,,敏感,qualitative_only,false,no_reliable_numeric_measurement,,,,,,8,EVM91_67e692f4c468387845,accepted
PROPM91_6a5580462a81492ca7,RELM91_beaa5ba1f5daa35b10,MATM91_e8bf982cc306b0a0fa,"2,4-二硝基间苯二酚铅",安全特性,吸湿性,"极小 (不吸湿, 安定性好)",,,,,,,吸湿|不吸湿|极小,text_only,false,no_reliable_numeric_measurement,,,,,,8,EVM91_e171497e63b6735122,accepted
PROPM91_f25129e1f2a16b7dfc,RELM91_3cdaa3605a348eb3a4,MATM91_e8bf982cc306b0a0fa,"2,4-二硝基间苯二酚铅",安全特性,分解温度,"> 200 (开始缓慢分解), > 250 (发生爆裂)",200,,,℃,explicit_or_field_specific,>,,validated_single,true,,onset_temperature,分解温度,>,,,8,EVM91_36cc801bf3a7aedd86,accepted
PROPM91_0c03863c915affafa0,RELM91_fbf3ddd2910b45ee94,MATM91_e8bf982cc306b0a0fa,"2,4-二硝基间苯二酚铅",能量特性,爆速,~4800 (估算值),4800,,,m/s,explicit_or_field_specific,~,,validated_single,true,,primary_value,爆速,~,,,8,EVM91_243261a1b813e82615,accepted
PROPM91_362a83270552e40601,RELM91_f88de2bd2376d77361,MATM91_e8bf982cc306b0a0fa,"2,4-二硝基间苯二酚铅",能量特性,爆温,~2900,2900,,,℃,explicit_or_field_specific,~,,validated_single,true,,primary_value,爆温,~,,,8,EVM91_df24e885bc33f540e2,accepted
PROPM91_049562f8bde1aa0725,RELM91_f2498d20ed0978886b,MATM91_e8bf982cc306b0a0fa,"2,4-二硝基间苯二酚铅",能量特性,爆压,~12,12,,,GPa,explicit_or_field_specific,~,,validated_single,true,,primary_value,爆压,~,,,8,EVM91_bee62ec5b693e5074b,accepted
PROPM91_f32f9e7817b6402422,RELM91_0ae77ac70b5bc67650,MATM91_e8bf982cc306b0a0fa,"2,4-二硝基间苯二酚铅",能量特性,爆容,约 350,350,,,L/kg,explicit_or_field_specific,~,,validated_single,true,,primary_value,爆容,~,,,8,EVM91_868efca78784f55ece,accepted
PROPM91_19c2801381aa708842,RELM91_a1900d30cd25681815,MATM91_e8bf982cc306b0a0fa,"2,4-二硝基间苯二酚铅",能量特性,威力,较低 (约 30% TNT),30,,,%,explicit_or_field_specific,~,较低|低,validated_single,true,,primary_value,威力,~,,,8,EVM91_fc6db49e417d936af1,accepted
PROPM91_a12c4ee49679f87de5,RELM91_3acd6d88c0e81b6d42,MATM91_e8bf982cc306b0a0fa,"2,4-二硝基间苯二酚铅",能量特性,猛度,中等,,,,,,,中等,text_only,false,no_reliable_numeric_measurement,,,,,,8,EVM91_de257817dc8e38e831,accepted
PROPM91_4a2b9ac0316a830914,RELM91_e6e1df6aa1a7928612,MATM91_e8bf982cc306b0a0fa,"2,4-二硝基间苯二酚铅",能量特性,起爆力,中等 (主要作为辅助点火或调节感度的成分),,,,,,,中等,text_only,false,no_reliable_numeric_measurement,,,,,,8,EVM91_8d036852ebc582e429,accepted
PROPM91_5517da3299a1615004,RELM91_2086cbc120babbfbfb,MATM91_e8bf982cc306b0a0fa,"2,4-二硝基间苯二酚铅",能量特性,燃烧速度(发射药、推进剂),稳定且快,,,,,,,,qualitative_only,false,no_reliable_numeric_measurement,,,,,,8,EVM91_107af39e1cd8325518,accepted
PROPM91_8de35a96ae5d11e7a0,RELM91_6c722a1101d0bc1e84,MATM91_4a436d4ed9ff447523,"4,6-二硝基-7-羟基-7氢苯并氧化呋咱钾",理化性质,分子量(单质),305.22 (约值),,,,g/mol,field_dictionary,,,qualitative_only,false,no_reliable_numeric_measurement,,,,,,9,EVM91_6986d086add49540b0,accepted
PROPM91_6d93dee56139eeec37,RELM91_263b4a0eb837ee348f,MATM91_4a436d4ed9ff447523,"4,6-二硝基-7-羟基-7氢苯并氧化呋咱钾",理化性质,密度,2.10 ~ 2.20,,2.10,2.20,g/cm³,explicit_or_field_specific,,,validated_range,true,,primary_value,密度,,,,9,EVM91_9fab00afc18d365e30,accepted
PROPM91_f6dc6cb3888465338c,RELM91_d9e7a4b39146bdfc9e,MATM91_4a436d4ed9ff447523,"4,6-二硝基-7-羟基-7氢苯并氧化呋咱钾",理化性质,外观,鲜黄色至橙黄色结晶粉末,,,,,,,,text_only,false,no_reliable_numeric_measurement,,,,,,9,EVM91_01d2ee96e19e5db9c4,accepted
PROPM91_0d59357f502acdec25,RELM91_d1c7ffbea45fb60bf5,MATM91_4a436d4ed9ff447523,"4,6-二硝基-7-羟基-7氢苯并氧化呋咱钾",理化性质,溶解性,"微溶于水, 不溶于多数有机溶剂",,,,,,,,text_only,false,no_reliable_numeric_measurement,,,,,,9,EVM91_64080db9033e3f7e2e,accepted
PROPM91_adec309c1ebb0af4dd,RELM91_9a67d8af0311595f68,MATM91_4a436d4ed9ff447523,"4,6-二硝基-7-羟基-7氢苯并氧化呋咱钾",安全特性,摩擦感度(需对应不同测试条件),敏感 (干状态下感度高),,,,,,,敏感|高,qualitative_only,false,no_reliable_numeric_measurement,,,,,,9,EVM91_02f78e91491f64d804,accepted
PROPM91_439bc1d8af842131b4,RELM91_dcfe65008a7ce961bc,MATM91_4a436d4ed9ff447523,"4,6-二硝基-7-羟基-7氢苯并氧化呋咱钾",安全特性,撞击感度(需对应不同测试条件),"高 (2kg落锤, 15-25 cm)",,15,25,cm,explicit_or_field_specific,,高,validated_range,true,,impact_height,落锤高度,,2,,9,EVM91_9682b20a4d01ade860,accepted
PROPM91_7ee7ba33399f757ef2,RELM91_c6aaac2876f11fe978,MATM91_4a436d4ed9ff447523,"4,6-二硝基-7-羟基-7氢苯并氧化呋咱钾",安全特性,冲击感度,敏感,,,,,,,敏感,qualitative_only,false,no_reliable_numeric_measurement,,,,,,9,EVM91_9c79d16a40dd5f65c2,accepted
PROPM91_774488d34b0c1b1c46,RELM91_5b9fd5378b918c63a1,MATM91_4a436d4ed9ff447523,"4,6-二硝基-7-羟基-7氢苯并氧化呋咱钾",安全特性,火焰感度,"极敏感 (火感度优良, 易于被引火点燃)",,,,,,,极敏感|敏感,qualitative_only,false,no_reliable_numeric_measurement,,,,,,9,EVM91_dac8d5832595a327bd,accepted
PROPM91_60a0f7607f0af3daf1,RELM91_38e6a18778a9723adc,MATM91_4a436d4ed9ff447523,"4,6-二硝基-7-羟基-7氢苯并氧化呋咱钾",安全特性,静电感度(需对应不同测试条件),敏感 (需严格防静电),,,,,,,敏感,qualitative_only,false,no_reliable_numeric_measurement,,,,,,9,EVM91_49596242723cff42a8,accepted
PROPM91_926323825e3717ccef,RELM91_4dfbe53d2e39b60d52,MATM91_4a436d4ed9ff447523,"4,6-二硝基-7-羟基-7氢苯并氧化呋咱钾",安全特性,热感度(5s爆发点),210 ~ 230,,210,230,℃,explicit_or_field_specific,,,validated_range,true,,primary_value,热感度(5s爆发点),,,5,9,EVM91_00231d7fa82aac1edb,accepted
PROPM91_263eb487b07623adb0,RELM91_2737271fd7b1fa882b,MATM91_4a436d4ed9ff447523,"4,6-二硝基-7-羟基-7氢苯并氧化呋咱钾",安全特性,电火花感度,敏感,,,,,,,敏感,qualitative_only,false,no_reliable_numeric_measurement,,,,,,9,EVM91_320b2fec30b04d57a1,accepted
PROPM91_e64e46d4e0ea69baab,RELM91_4f30e8e950b2367fad,MATM91_4a436d4ed9ff447523,"4,6-二硝基-7-羟基-7氢苯并氧化呋咱钾",安全特性,吸湿性,"极小 (不吸湿, 化学稳定性优于DDNP)",,,,,,,吸湿|不吸湿|极小,text_only,false,no_reliable_numeric_measurement,,,,,,9,EVM91_4bb9250b9a3fb388e5,accepted
PROPM91_b6b4da8f3fe0db455d,RELM91_37b49a4c860f394f81,MATM91_4a436d4ed9ff447523,"4,6-二硝基-7-羟基-7氢苯并氧化呋咱钾",安全特性,分解温度,"> 200 (开始分解), ~210 (爆轰)",200,,,℃,explicit_or_field_specific,>,,validated_single,true,,onset_temperature,分解温度,>,,,9,EVM91_30749da46126dd342d,accepted
PROPM91_8144bb0839a3eede3c,RELM91_20dfa45b464e9c6b09,MATM91_4a436d4ed9ff447523,"4,6-二硝基-7-羟基-7氢苯并氧化呋咱钾",能量特性,爆速,6600 ~ 7000,,6600,7000,m/s,explicit_or_field_specific,,,validated_range,true,,primary_value,爆速,,,,9,EVM91_847dcb2fc9d83ac6c3,accepted
PROPM91_9f6faa0773cbbdff9f,RELM91_ccb91f3251c79dd303,MATM91_4a436d4ed9ff447523,"4,6-二硝基-7-羟基-7氢苯并氧化呋咱钾",能量特性,爆温,~3500,3500,,,℃,explicit_or_field_specific,~,,validated_single,true,,primary_value,爆温,~,,,9,EVM91_f35e4440c55fe782a7,accepted
PROPM91_6fb5abe0f3381294fa,RELM91_939c79450d5a043e85,MATM91_4a436d4ed9ff447523,"4,6-二硝基-7-羟基-7氢苯并氧化呋咱钾",能量特性,爆压,~24,24,,,GPa,explicit_or_field_specific,~,,validated_single,true,,primary_value,爆压,~,,,9,EVM91_51a14ff99c9ae48a01,accepted
PROPM91_607379a0d19d6e412d,RELM91_21b783f69f026cc549,MATM91_4a436d4ed9ff447523,"4,6-二硝基-7-羟基-7氢苯并氧化呋咱钾",能量特性,爆容,约 700 - 800,,700,800,L/kg,explicit_or_field_specific,~,,validated_range,true,,primary_value,爆容,~,,,9,EVM91_5600c56678f6985b71,accepted
PROPM91_046d296d208018f007,RELM91_681256eac5772c17f7,MATM91_4a436d4ed9ff447523,"4,6-二硝基-7-羟基-7氢苯并氧化呋咱钾",能量特性,威力,中等 (约 70-80% TNT),,70,80,%,explicit_or_field_specific,~,中等,validated_range,true,,primary_value,威力,~,,,9,EVM91_4398c57d8b65d990dc,accepted
PROPM91_931ec988e85ba7b4d3,RELM91_4bf76ba7d0bd97ddf5,MATM91_4a436d4ed9ff447523,"4,6-二硝基-7-羟基-7氢苯并氧化呋咱钾",能量特性,猛度,高,,,,,,,高,text_only,false,no_reliable_numeric_measurement,,,,,,9,EVM91_568fb8f992330ecdfb,accepted
PROPM91_9e400feedfc5dd07c1,RELM91_08be54eecc9af3ea28,MATM91_4a436d4ed9ff447523,"4,6-二硝基-7-羟基-7氢苯并氧化呋咱钾",能量特性,起爆力,强 (新型无铅雷管首选起爆药),,,,,,,强|无,text_only,false,no_reliable_numeric_measurement,,,,,,9,EVM91_c2e259d6130dd6db93,accepted
PROPM91_55c659b80068164fa2,RELM91_c2892b27e9dc924b3b,MATM91_4a436d4ed9ff447523,"4,6-二硝基-7-羟基-7氢苯并氧化呋咱钾",能量特性,燃烧速度(发射药、推进剂),瞬间转爆轰,,,,,,,,qualitative_only,false,no_reliable_numeric_measurement,,,,,,9,EVM91_7d1f7096010a4a6e6a,accepted
PROPM91_86f927a23cbb864e82,RELM91_bc7bbf5808bd5e4b9a,MATM91_0f9c6e64cf40fbb777,苦味酸钾,理化性质,分子量(单质),267.2,,,,g/mol,field_dictionary,,,qualitative_only,false,no_reliable_numeric_measurement,,,,,,10,EVM91_420e1140db7a9f50a1,accepted
PROPM91_ec1acf19e9f262d6eb,RELM91_994bb067f7b531d0de,MATM91_0f9c6e64cf40fbb777,苦味酸钾,理化性质,密度,1.9,1.9,,,g/cm³,explicit_or_field_specific,,,validated_single,true,,primary_value,密度,,,,10,EVM91_a8be99fc54984b1f71,accepted
PROPM91_263477addfb6b5a4e8,RELM91_e4aa16a98b523ae35e,MATM91_0f9c6e64cf40fbb777,苦味酸钾,理化性质,外观,明黄色结晶粉末或长针状晶体,,,,,,,,text_only,false,no_reliable_numeric_measurement,,,,,,10,EVM91_54c629fae1467e40ce,accepted
PROPM91_550add4a3291821a11,RELM91_f8cc80c99c834142b9,MATM91_0f9c6e64cf40fbb777,苦味酸钾,理化性质,溶解性,"微溶于冷水和乙醇, 溶于热水",,,,,,,,text_only,false,no_reliable_numeric_measurement,,,,,,10,EVM91_ba648a28ef2bf159c6,accepted
PROPM91_1063c9dc238f5d017e,RELM91_fb834647f5b7c51872,MATM91_0f9c6e64cf40fbb777,苦味酸钾,理化性质,挥发性,极低,,,,,,,低|极低,text_only,false,no_reliable_numeric_measurement,,,,,,10,EVM91_252c1387eed5cf199f,accepted
PROPM91_c40f0d2601dc24b3ec,RELM91_8c70718e709cf4d0b6,MATM91_0f9c6e64cf40fbb777,苦味酸钾,安全特性,摩擦感度(需对应不同测试条件),敏感 (干燥状态下对摩擦非常敏感),,,,,,,非常敏感|敏感,qualitative_only,false,no_reliable_numeric_measurement,,,,,,10,EVM91_22155abe29e2be15ee,accepted
PROPM91_a254dff343b149c156,RELM91_c03b6932626c463c7a,MATM91_0f9c6e64cf40fbb777,苦味酸钾,安全特性,撞击感度(需对应不同测试条件),"高 (2kg落锤, 约 20-30 cm)",,20,30,cm,explicit_or_field_specific,~,高,validated_range,true,,impact_height,落锤高度,~,2,,10,EVM91_441a1d47fdbd47cab2,accepted
PROPM91_6914f8913fa3c45fe9,RELM91_6e218adc35e97df9c3,MATM91_0f9c6e64cf40fbb777,苦味酸钾,安全特性,冲击感度,敏感,,,,,,,敏感,qualitative_only,false,no_reliable_numeric_measurement,,,,,,10,EVM91_8d062e36dbc05bf303,accepted
PROPM91_0985c1135d6d461f77,RELM91_74d4c77668eab9910d,MATM91_0f9c6e64cf40fbb777,苦味酸钾,安全特性,火焰感度,极敏感 (极易被引燃),,,,,,,极敏感|敏感,qualitative_only,false,no_reliable_numeric_measurement,,,,,,10,EVM91_795520dda5698b29c9,accepted
PROPM91_9364b5b58e52f0cab9,RELM91_a2083ea680e221c426,MATM91_0f9c6e64cf40fbb777,苦味酸钾,安全特性,静电感度(需对应不同测试条件),敏感 (需防范静电积聚),,,,,,,敏感,qualitative_only,false,no_reliable_numeric_measurement,,,,,,10,EVM91_b88a249b265739af8a,accepted
PROPM91_232276486449472e8b,RELM91_fbef5c1d8de44c537c,MATM91_0f9c6e64cf40fbb777,苦味酸钾,安全特性,热感度(5s爆发点),310 ~ 316 (发生爆炸),,310,316,℃,explicit_or_field_specific,,,validated_range,true,,event_temperature,热感度(5s爆发点),,,5,10,EVM91_3bdd7e0baf3fa22609,accepted
PROPM91_6ea3e89e09d07eacfe,RELM91_d97e26ef36cc07c677,MATM91_0f9c6e64cf40fbb777,苦味酸钾,安全特性,电火花感度,敏感,,,,,,,敏感,qualitative_only,false,no_reliable_numeric_measurement,,,,,,10,EVM91_c73d296e97a8768b72,accepted
PROPM91_36f570007b2a0596d6,RELM91_83d719d3aaedcf71f2,MATM91_0f9c6e64cf40fbb777,苦味酸钾,安全特性,吸湿性,极小 (不吸湿),,,,,,,吸湿|不吸湿|极小,text_only,false,no_reliable_numeric_measurement,,,,,,10,EVM91_165d33a0016702c653,accepted
PROPM91_e2d75a016c9be5aedb,RELM91_e497d9550d518ad175,MATM91_0f9c6e64cf40fbb777,苦味酸钾,安全特性,分解温度,310 (爆发),310,,,℃,explicit_or_field_specific,,,validated_single,true,,event_temperature,分解温度,,,,10,EVM91_48b442e09ebb924748,accepted
PROPM91_d60f0d981b93f44c65,RELM91_c8e3211fa98eab8fba,MATM91_0f9c6e64cf40fbb777,苦味酸钾,能量特性,爆速,~4940 (在密度1.6g/cm3下),,,,,,,,condition_only,false,only_test_conditions,,,,,,10,EVM91_9a845d04831e5dbcb1,accepted
PROPM91_2999f24da8db6cde8b,RELM91_34874f44f06d6b3594,MATM91_0f9c6e64cf40fbb777,苦味酸钾,能量特性,爆温,~3300,3300,,,℃,explicit_or_field_specific,~,,validated_single,true,,primary_value,爆温,~,,,10,EVM91_4dc1cb42d8e09987a6,accepted
PROPM91_75dcb3afc9cd0ad29d,RELM91_7084c82a6ffffc8d69,MATM91_0f9c6e64cf40fbb777,苦味酸钾,能量特性,爆压,~18,18,,,GPa,explicit_or_field_specific,~,,validated_single,true,,primary_value,爆压,~,,,10,EVM91_6b5bb99044fde4beeb,accepted
PROPM91_d57564ccb0a449d24d,RELM91_22e4d02a47ad030367,MATM91_0f9c6e64cf40fbb777,苦味酸钾,能量特性,爆容,约 700,700,,,L/kg,explicit_or_field_specific,~,,validated_single,true,,primary_value,爆容,~,,,10,EVM91_e70bebc66ad4c8703f,accepted
PROPM91_9f82ff7f8d0ed27d72,RELM91_eebafda35bcd727a20,MATM91_0f9c6e64cf40fbb777,苦味酸钾,能量特性,威力,约 60% TNT,60,,,%,explicit_or_field_specific,~,,validated_single,true,,primary_value,威力,~,,,10,EVM91_b62cc49484e8e58f03,accepted
PROPM91_a1f214ae7226727f9e,RELM91_4c28c1cf7436034880,MATM91_0f9c6e64cf40fbb777,苦味酸钾,能量特性,猛度,中等,,,,,,,中等,text_only,false,no_reliable_numeric_measurement,,,,,,10,EVM91_b40160e3582afc6e07,accepted
PROPM91_4c8eb6c35618a5f69c,RELM91_d6696f9645dffd692f,MATM91_0f9c6e64cf40fbb777,苦味酸钾,能量特性,起爆力,中等 (常用于延期药、起爆药的敏化成分),,,,,,,中等,text_only,false,no_reliable_numeric_measurement,,,,,,10,EVM91_ea7db2344c52a234b4,accepted
PROPM91_a7e9e96feced87fefa,RELM91_baae9d0500b2377f0e,MATM91_0f9c6e64cf40fbb777,苦味酸钾,能量特性,燃烧速度(发射药、推进剂),燃速快且剧烈,,,,,,,,qualitative_only,false,no_reliable_numeric_measurement,,,,,,10,EVM91_cb8c328257ec0880bd,accepted
PROPM91_ab63ef186fcd30c60d,RELM91_53e1a211b58c018647,MATM91_6058ecc21003240dbe,GTG单质起爆药,理化性质,密度,约 2.0 ~ 2.4,,2.0,2.4,g/cm³,explicit_or_field_specific,~,,validated_range,true,,primary_value,密度,~,,,11,EVM91_dde5e7a183e17b2785,accepted
PROPM91_9f1199a06cc86a1d51,RELM91_9da853cda5ef3d266a,MATM91_6058ecc21003240dbe,GTG单质起爆药,理化性质,外观,浅黄色、黄褐色结晶或粉末,,,,,,,,text_only,false,no_reliable_numeric_measurement,,,,,,11,EVM91_4682a1eb8ff6dfe5bd,accepted
PROPM91_404718ab3827dde9b4,RELM91_1b9986df10432e6abd,MATM91_6058ecc21003240dbe,GTG单质起爆药,理化性质,溶解性,"难溶于水, 微溶于有机溶剂",,,,,,,,text_only,false,no_reliable_numeric_measurement,,,,,,11,EVM91_98d835bf6a3757202f,accepted
PROPM91_2be498a82d1d66b15b,RELM91_601d034d1c3eb67626,MATM91_6058ecc21003240dbe,GTG单质起爆药,理化性质,挥发性,极低,,,,,,,低|极低,text_only,false,no_reliable_numeric_measurement,,,,,,11,EVM91_acb4ab6feed274e9e2,accepted
PROPM91_49860644c5ccdc4558,RELM91_9a191d0a1a54e46b7d,MATM91_6058ecc21003240dbe,GTG单质起爆药,安全特性,摩擦感度(需对应不同测试条件),中等 (较单质斯蒂芬酸铅有所改善),,,,,,,中等,qualitative_only,false,no_reliable_numeric_measurement,,,,,,11,EVM91_2bd0e17ff63d73456a,accepted
PROPM91_173c8618b50f82eb56,RELM91_11f578223f46d419d2,MATM91_6058ecc21003240dbe,GTG单质起爆药,安全特性,撞击感度(需对应不同测试条件),"高 (2kg落锤, 15-25 cm)",,15,25,cm,explicit_or_field_specific,,高,validated_range,true,,impact_height,落锤高度,,2,,11,EVM91_1e60c35b7d29d026c1,accepted
PROPM91_ad1422029edc5ef2fc,RELM91_d6bc463841e7516423,MATM91_6058ecc21003240dbe,GTG单质起爆药,安全特性,冲击感度,敏感,,,,,,,敏感,qualitative_only,false,no_reliable_numeric_measurement,,,,,,11,EVM91_da172c3d4f13c6a0a0,accepted
PROPM91_7d5067eb3ce088e61a,RELM91_bfe1bcab86537390b7,MATM91_6058ecc21003240dbe,GTG单质起爆药,安全特性,火焰感度,极敏感 (点火性能优良),,,,,,,极敏感|敏感,qualitative_only,false,no_reliable_numeric_measurement,,,,,,11,EVM91_8498665d87f2887f74,accepted
PROPM91_ea00c6a27949bba0e5,RELM91_477c952355bb60a4bc,MATM91_6058ecc21003240dbe,GTG单质起爆药,安全特性,静电感度(需对应不同测试条件),敏感 (但比纯斯蒂芬酸铅具有更好的抗静电性),,,,,,,敏感,qualitative_only,false,no_reliable_numeric_measurement,,,,,,11,EVM91_b292faae975ad36864,accepted
PROPM91_6ac1ff851a48265ca3,RELM91_c1c66a8a44f5e885e3,MATM91_6058ecc21003240dbe,GTG单质起爆药,安全特性,热感度(5s爆发点),200 ~ 220,,200,220,℃,explicit_or_field_specific,,,validated_range,true,,primary_value,热感度(5s爆发点),,,5,11,EVM91_ad4976138817c31eb0,accepted
PROPM91_9b942fe17fde52c633,RELM91_98049c094e7519a49b,MATM91_6058ecc21003240dbe,GTG单质起爆药,安全特性,电火花感度,敏感,,,,,,,敏感,qualitative_only,false,no_reliable_numeric_measurement,,,,,,11,EVM91_bd90d6059b43cb12fe,accepted
PROPM91_b3904215e0f838064b,RELM91_152568ef9be4a08eaa,MATM91_6058ecc21003240dbe,GTG单质起爆药,安全特性,吸湿性,极小,,,,,,,极小,text_only,false,no_reliable_numeric_measurement,,,,,,11,EVM91_7a49e920d2c3cdbadb,accepted
PROPM91_bee4e72d2cb7e384dc,RELM91_8a55a043d6c46f08f8,MATM91_6058ecc21003240dbe,GTG单质起爆药,安全特性,分解温度,> 180 (开始缓慢分解),180,,,℃,explicit_or_field_specific,>,,validated_single,true,,onset_temperature,分解温度,>,,,11,EVM91_b29e1df23d11a88794,accepted
PROPM91_2de1373f09fd065596,RELM91_eecf68730f31077932,MATM91_6058ecc21003240dbe,GTG单质起爆药,能量特性,爆速,5000 ~ 6000,,5000,6000,m/s,explicit_or_field_specific,,,validated_range,true,,primary_value,爆速,,,,11,EVM91_09c5122209b1d6a3fe,accepted
PROPM91_63ccb6614554816e7d,RELM91_3be3370fe9693517fe,MATM91_6058ecc21003240dbe,GTG单质起爆药,能量特性,爆温,~3200,3200,,,℃,explicit_or_field_specific,~,,validated_single,true,,primary_value,爆温,~,,,11,EVM91_6ec32736ed76efa67f,accepted
PROPM91_e6ae62f04a69c2617b,RELM91_f9f07fe7a6493247b2,MATM91_6058ecc21003240dbe,GTG单质起爆药,能量特性,爆压,~18,18,,,GPa,explicit_or_field_specific,~,,validated_single,true,,primary_value,爆压,~,,,11,EVM91_b0328baacf63719f3c,accepted
PROPM91_75bc5729e28c5cd24c,RELM91_88cddeaf9eaf5834fd,MATM91_6058ecc21003240dbe,GTG单质起爆药,能量特性,爆容,~350,350,,,L/kg,explicit_or_field_specific,~,,validated_single,true,,primary_value,爆容,~,,,11,EVM91_4f696686c3bd889a1a,accepted
PROPM91_9a39935919a9a8dc3d,RELM91_9a6000b2deb1a51abb,MATM91_6058ecc21003240dbe,GTG单质起爆药,能量特性,威力,较低 (约 30% TNT),30,,,%,explicit_or_field_specific,~,较低|低,validated_single,true,,primary_value,威力,~,,,11,EVM91_ed1a19539dec5d6931,accepted
PROPM91_8424095872d596a924,RELM91_868236b25ce99d8191,MATM91_6058ecc21003240dbe,GTG单质起爆药,能量特性,猛度,中等,,,,,,,中等,text_only,false,no_reliable_numeric_measurement,,,,,,11,EVM91_1faa0e7af796707d7a,accepted
PROPM91_a1e78cd6d279b2eb5d,RELM91_4af3f7ebf47eb473a1,MATM91_6058ecc21003240dbe,GTG单质起爆药,能量特性,起爆力,强 (常用作火雷管、传爆管药剂),,,,,,,强,text_only,false,no_reliable_numeric_measurement,,,,,,11,EVM91_9e3b0a2036ce636a98,accepted
PROPM91_2b2ec34a917011f292,RELM91_c2f7bebb248a8874c4,MATM91_6058ecc21003240dbe,GTG单质起爆药,能量特性,燃烧速度(发射药、推进剂),瞬间转爆轰,,,,,,,,qualitative_only,false,no_reliable_numeric_measurement,,,,,,11,EVM91_4b28ca39dec9420e5c,accepted
PROPM91_9c0ae7663cafd3ad9c,RELM91_6dad215770b1d79fd3,MATM91_734e238a801c072943,硝酸肼镍起爆药,理化性质,分子量(单质),278.84,,,,g/mol,field_dictionary,,,qualitative_only,false,no_reliable_numeric_measurement,,,,,,12,EVM91_cbd648f87cad14f066,accepted
PROPM91_9b2ffe90e716f3d90c,RELM91_c77cb5ece94397dabf,MATM91_734e238a801c072943,硝酸肼镍起爆药,理化性质,密度,2.12,2.12,,,g/cm³,explicit_or_field_specific,,,validated_single,true,,primary_value,密度,,,,12,EVM91_cf7e3ea1d0c1f6be65,accepted
PROPM91_0fc64f5344081c8773,RELM91_fb3250d6d15fc83827,MATM91_734e238a801c072943,硝酸肼镍起爆药,理化性质,外观,浅紫色或紫色粉末状结晶,,,,,,,,text_only,false,no_reliable_numeric_measurement,,,,,,12,EVM91_cb70bd409b910a44ea,accepted
PROPM91_cb48d4c94fd132b222,RELM91_5d6e1c48754a0a5369,MATM91_734e238a801c072943,硝酸肼镍起爆药,理化性质,溶解性,"微溶于水, 难溶于多数有机溶剂, 溶于稀酸",,,,,,,,text_only,false,no_reliable_numeric_measurement,,,,,,12,EVM91_3a3e4a59493341d1e0,accepted
PROPM91_f59ceca513115bc8b8,RELM91_307b7915559a7296dc,MATM91_734e238a801c072943,硝酸肼镍起爆药,安全特性,摩擦感度(需对应不同测试条件),"中等 (比叠氮化铅稍低, 干燥状态需警惕)",,,,,,,中等|低,qualitative_only,false,no_reliable_numeric_measurement,,,,,,12,EVM91_77a3cd4d15c77e1aec,accepted
PROPM91_c9bc135518dd919a6b,RELM91_bcebd6aa2904bb4d37,MATM91_734e238a801c072943,硝酸肼镍起爆药,安全特性,撞击感度(需对应不同测试条件),"高 (2kg落锤, 约 15-25 cm)",,15,25,cm,explicit_or_field_specific,~,高,validated_range,true,,impact_height,落锤高度,~,2,,12,EVM91_b819454bbe3022c9c5,accepted
PROPM91_a3c83b19773179190e,RELM91_9882932482dcc87ff7,MATM91_734e238a801c072943,硝酸肼镍起爆药,安全特性,冲击感度,敏感,,,,,,,敏感,qualitative_only,false,no_reliable_numeric_measurement,,,,,,12,EVM91_bda24c70998060da6b,accepted
PROPM91_5c9b5c3b5835e53c00,RELM91_b720415d621094463d,MATM91_734e238a801c072943,硝酸肼镍起爆药,安全特性,火焰感度,敏感 (易被引燃并转爆轰),,,,,,,敏感,qualitative_only,false,no_reliable_numeric_measurement,,,,,,12,EVM91_80474dbec96c40b674,accepted
PROPM91_31b7d884181630d911,RELM91_f182fc7f905ba04985,MATM91_734e238a801c072943,硝酸肼镍起爆药,安全特性,静电感度(需对应不同测试条件),"中等敏感 (具有较好的抗静电性能, 优于LS)",,,,,,,中等敏感|敏感|中等,qualitative_only,false,no_reliable_numeric_measurement,,,,,,12,EVM91_8f1403906cf3489b06,accepted
PROPM91_29f49566fa83483617,RELM91_85665ff3099d03665b,MATM91_734e238a801c072943,硝酸肼镍起爆药,安全特性,热感度(5s爆发点),210 ~ 235,,210,235,℃,explicit_or_field_specific,,,validated_range,true,,primary_value,热感度(5s爆发点),,,5,12,EVM91_d28aaa81518e14300d,accepted
PROPM91_9e8a0c1b710b4e673f,RELM91_820d52df05fb6480be,MATM91_734e238a801c072943,硝酸肼镍起爆药,安全特性,电火花感度,敏感,,,,,,,敏感,qualitative_only,false,no_reliable_numeric_measurement,,,,,,12,EVM91_3f80e85138cb8b4ef5,accepted
PROPM91_01060265a126e83bff,RELM91_7fc9212f64eefee106,MATM91_734e238a801c072943,硝酸肼镍起爆药,安全特性,吸湿性,"极小 (不吸湿, 化学性质稳定)",,,,,,,吸湿|不吸湿|极小,text_only,false,no_reliable_numeric_measurement,,,,,,12,EVM91_45d03de9fa9df5f8a7,accepted
PROPM91_89ac2dbef198370c41,RELM91_a28f5d79db5c796472,MATM91_734e238a801c072943,硝酸肼镍起爆药,安全特性,分解温度,"> 200 (开始缓慢分解), 210+ (爆发)",200,,,℃,explicit_or_field_specific,>,,validated_single,true,,onset_temperature,分解温度,>,,,12,EVM91_d06b9421e8ea9dc742,accepted
PROPM91_ed327a93b6f99764dc,RELM91_a83e18c3039c43b81e,MATM91_734e238a801c072943,硝酸肼镍起爆药,能量特性,爆速,7000 ~ 7300 (在密度 1.70g/cm3 下),,,,,,,,condition_only,false,only_test_conditions,,,,,,12,EVM91_0b87dc3cba78be45fa,accepted
PROPM91_c9aa58e6498c9e4a63,RELM91_7be390d580dd80322c,MATM91_734e238a801c072943,硝酸肼镍起爆药,能量特性,爆温,~3300,3300,,,℃,explicit_or_field_specific,~,,validated_single,true,,primary_value,爆温,~,,,12,EVM91_cfabd53dc756f696c4,accepted
PROPM91_4c9b61d72a0f1d6783,RELM91_d7a2d5aecaa13c4a3f,MATM91_734e238a801c072943,硝酸肼镍起爆药,能量特性,爆压,~28,28,,,GPa,explicit_or_field_specific,~,,validated_single,true,,primary_value,爆压,~,,,12,EVM91_eee009ceb88294919b,accepted
PROPM91_8b2a8f626d26ad103d,RELM91_99c91aacc024441a84,MATM91_734e238a801c072943,硝酸肼镍起爆药,能量特性,爆容,约 850,850,,,L/kg,explicit_or_field_specific,~,,validated_single,true,,primary_value,爆容,~,,,12,EVM91_0390f90d1ad3091f7e,accepted
PROPM91_28ca5d68f3e471ddcf,RELM91_655f63255e209c2d76,MATM91_734e238a801c072943,硝酸肼镍起爆药,能量特性,威力,强 (约 1.1 ~ 1.2 倍 TNT 威力),,,,,,,强,text_only,false,no_reliable_numeric_measurement,,,,,,12,EVM91_0578bbe78464aaa594,accepted
PROPM91_2404e88fb8f8952560,RELM91_8d19f85c16dcdf6972,MATM91_734e238a801c072943,硝酸肼镍起爆药,能量特性,猛度,高,,,,,,,高,text_only,false,no_reliable_numeric_measurement,,,,,,12,EVM91_76c4aa1ad77fa70a63,accepted
PROPM91_38a1f9e1114c59a9f0,RELM91_89731f7ca4970dbfba,MATM91_734e238a801c072943,硝酸肼镍起爆药,能量特性,起爆力,"极强 (可直接起爆 RDX、TNT 等, 是理想的绿色起爆药)",,,,,,,强,text_only,false,no_reliable_numeric_measurement,,,,,,12,EVM91_a313bd0c8bdaa3470e,accepted
PROPM91_c24164d72c0a7ce463,RELM91_3cfdad43f1657413ae,MATM91_734e238a801c072943,硝酸肼镍起爆药,能量特性,燃烧速度(发射药、推进剂),瞬间转爆轰,,,,,,,,qualitative_only,false,no_reliable_numeric_measurement,,,,,,12,EVM91_3c1e8d8e6076aefea4,accepted
PROPM91_e36c32a0b50f59c397,RELM91_8faec705a1a9ea5464,MATM91_23d29af26b4ad4d9f5,雷汞,理化性质,分子量(单质),284.62,,,,g/mol,field_dictionary,,,qualitative_only,false,no_reliable_numeric_measurement,,,,,,13,EVM91_bd49368ece8cf3539f,accepted
PROPM91_268fd88995a69c680a,RELM91_f7d76d46ee596b2be0,MATM91_23d29af26b4ad4d9f5,雷汞,理化性质,密度,4.42,4.42,,,g/cm³,explicit_or_field_specific,,,validated_single,true,,primary_value,密度,,,,13,EVM91_7b57001ac21f6e9b90,accepted
PROPM91_2703528a66fac9a73c,RELM91_7db1991d499f5f8259,MATM91_23d29af26b4ad4d9f5,雷汞,理化性质,外观,"白色或灰色晶体, 呈沙粒状",,,,,,,,text_only,false,no_reliable_numeric_measurement,,,,,,13,EVM91_2cee1b70f5aa30199a,accepted
PROPM91_25fc33ed0ead635522,RELM91_da61b6fe226b1d7e5c,MATM91_23d29af26b4ad4d9f5,雷汞,理化性质,溶解性,"微溶于冷水, 溶于热水、乙醇和氨水",,,,,,,,text_only,false,no_reliable_numeric_measurement,,,,,,13,EVM91_59650c74a4d305918c,accepted
PROPM91_6b9a5003011925daf2,RELM91_2b0d51a115039b82fd,MATM91_23d29af26b4ad4d9f5,雷汞,理化性质,挥发性,有 (受热易挥发并分解),,,,,,,,text_only,false,no_reliable_numeric_measurement,,,,,,13,EVM91_22f724fb9523c468cd,accepted
PROPM91_2246472b03c0b649df,RELM91_df349d017075157285,MATM91_23d29af26b4ad4d9f5,雷汞,安全特性,摩擦感度(需对应不同测试条件),极敏感 (受轻微摩擦即可爆炸),,,,,,,极敏感|敏感,qualitative_only,false,no_reliable_numeric_measurement,,,,,,13,EVM91_a4221781bb8d6735dc,accepted
PROPM91_b0ff3b6e7d36859921,RELM91_c67c3e1d9b272ded0f,MATM91_23d29af26b4ad4d9f5,雷汞,安全特性,撞击感度(需对应不同测试条件),"极高 (2kg落锤, 2-5 cm; 起爆药中最敏感品种之一)",,2,5,cm,explicit_or_field_specific,,敏感|极高|高,validated_range,true,,impact_height,落锤高度,,2,,13,EVM91_3a2049e2941ad9946c,accepted
PROPM91_a0abfdce92ad8a781d,RELM91_ac47f8db40868f68cc,MATM91_23d29af26b4ad4d9f5,雷汞,安全特性,冲击感度,极敏感,,,,,,,极敏感|敏感,qualitative_only,false,no_reliable_numeric_measurement,,,,,,13,EVM91_b2469e62c49791cf50,accepted
PROPM91_1ac8ee23134d544da8,RELM91_09d2353fbfe4a626c8,MATM91_23d29af26b4ad4d9f5,雷汞,安全特性,火焰感度,极敏感 (遇火星、火焰立即爆轰),,,,,,,极敏感|敏感,qualitative_only,false,no_reliable_numeric_measurement,,,,,,13,EVM91_2ef343e4858b1ae19f,accepted
PROPM91_548685d18f4276c5ee,RELM91_4fffd3280f2e150433,MATM91_23d29af26b4ad4d9f5,雷汞,安全特性,静电感度(需对应不同测试条件),敏感 (需严格防静电措施),,,,,,,敏感,qualitative_only,false,no_reliable_numeric_measurement,,,,,,13,EVM91_6f4943232992861741,accepted
PROPM91_d99d7410d823602111,RELM91_10ae97be453c2aaec1,MATM91_23d29af26b4ad4d9f5,雷汞,安全特性,热感度(5s爆发点),170 ~ 180 (爆发),,170,180,℃,explicit_or_field_specific,,,validated_range,true,,event_temperature,热感度(5s爆发点),,,5,13,EVM91_c8e124528c96aa5d43,accepted
PROPM91_c3674e03ef8e1c07ec,RELM91_53f093bdab130ed127,MATM91_23d29af26b4ad4d9f5,雷汞,安全特性,电火花感度,敏感,,,,,,,敏感,qualitative_only,false,no_reliable_numeric_measurement,,,,,,13,EVM91_cc874242e1a9265b43,accepted
PROPM91_50bf96236692896efd,RELM91_2028796cd31b78b813,MATM91_23d29af26b4ad4d9f5,雷汞,安全特性,吸湿性,不吸湿,,,,,,,吸湿|不吸湿,text_only,false,no_reliable_numeric_measurement,,,,,,13,EVM91_8718b6d243493558f8,accepted
PROPM91_7c12a646ad484c7a47,RELM91_867553bf521f753c63,MATM91_23d29af26b4ad4d9f5,雷汞,安全特性,分解温度,"100°C以上开始缓慢分解, 160°C以上剧烈分解",,,,,,,,multiple_measurements,false,multiple_primary_measurements,,分解温度,,,,13,EVM91_6786aac05c533d2fb3,accepted
PROPM91_dd5f6c15d6132e0dbe,RELM91_e4ad57d85fb1f96436,MATM91_23d29af26b4ad4d9f5,雷汞,能量特性,爆速,"3500 ~ 5000 (随密度变化, 常用约 4000)",,3500,5000,m/s,explicit_or_field_specific,,,validated_range,true,,primary_value,爆速,,,,13,EVM91_a35e41e223e57bfa4d,accepted
PROPM91_95496ba68cf9202691,RELM91_90492ffaec78a8122d,MATM91_23d29af26b4ad4d9f5,雷汞,能量特性,爆温,~3500,3500,,,℃,explicit_or_field_specific,~,,validated_single,true,,primary_value,爆温,~,,,13,EVM91_8ac06d5338b048d171,accepted
PROPM91_3f26115354d8cc5de8,RELM91_ac249e90f7d07f9fdc,MATM91_23d29af26b4ad4d9f5,雷汞,能量特性,爆压,~20,20,,,GPa,explicit_or_field_specific,~,,validated_single,true,,primary_value,爆压,~,,,13,EVM91_328be46a67ce91a0d2,accepted
PROPM91_f2f4821871b4ad9795,RELM91_6f38fc014a38054c45,MATM91_23d29af26b4ad4d9f5,雷汞,能量特性,爆容,~315,315,,,L/kg,explicit_or_field_specific,~,,validated_single,true,,primary_value,爆容,~,,,13,EVM91_1f73f70e97f12b00d9,accepted
PROPM91_a4a15ea939fc56a9ec,RELM91_8832129b588d050420,MATM91_23d29af26b4ad4d9f5,雷汞,能量特性,威力,较低 (约 15% TNT),15,,,%,explicit_or_field_specific,~,较低|低,validated_single,true,,primary_value,威力,~,,,13,EVM91_2765c73fcbcd202144,accepted
PROPM91_c5b2da7c370d6cb3a6,RELM91_367e1a797631d5c1d1,MATM91_23d29af26b4ad4d9f5,雷汞,能量特性,猛度,低,,,,,,,低,text_only,false,no_reliable_numeric_measurement,,,,,,13,EVM91_7a5e0ebbf0131543af,accepted
PROPM91_798d9dfe12ca1bdcd9,RELM91_d19e4f6327c6262715,MATM91_23d29af26b4ad4d9f5,雷汞,能量特性,起爆力,较强 (历史上第一个广泛使用的起爆药),,,,,,,强|较强,text_only,false,no_reliable_numeric_measurement,,,,,,13,EVM91_1cc4148b5013b0d672,accepted
PROPM91_5839b8810cb7388721,RELM91_be4e20dd4836e4966a,MATM91_23d29af26b4ad4d9f5,雷汞,能量特性,燃烧速度(发射药、推进剂),极快 (极易转爆轰),,,,,,,,qualitative_only,false,no_reliable_numeric_measurement,,,,,,13,EVM91_8643d739cef4a963e7,accepted
PROPM91_48950a754580bf1353,RELM91_6d90fab67f6cfd9241,MATM91_4784e207147151cdd5,四氮烯,理化性质,分子量(单质),188.15,,,,g/mol,field_dictionary,,,qualitative_only,false,no_reliable_numeric_measurement,,,,,,14,EVM91_2759927eb12def9dc2,accepted
PROPM91_ee9fde6cedbb0b3fb7,RELM91_a9d6384d41580cc3d8,MATM91_4784e207147151cdd5,四氮烯,理化性质,密度,1.7,1.7,,,g/cm³,explicit_or_field_specific,,,validated_single,true,,primary_value,密度,,,,14,EVM91_31e521a4eb7a19eb6a,accepted
PROPM91_c4b1a0b5252bdb72ac,RELM91_5b7b9f69dbbbf96db8,MATM91_4784e207147151cdd5,四氮烯,理化性质,外观,浅黄色针状或板状结晶,,,,,,,,text_only,false,no_reliable_numeric_measurement,,,,,,14,EVM91_140d241ffe11247363,accepted
PROPM91_1b8b7cff424a75dde7,RELM91_ae445267199b030b64,MATM91_4784e207147151cdd5,四氮烯,理化性质,溶解性,"不溶于水, 不溶于乙醇、乙醚、苯等常用有机溶剂",,,,,,,,text_only,false,no_reliable_numeric_measurement,,,,,,14,EVM91_c95ff94bcf590c51f9,accepted
PROPM91_7f1cb312f6109970b8,RELM91_69ad030cce54f2a4e7,MATM91_4784e207147151cdd5,四氮烯,安全特性,摩擦感度(需对应不同测试条件),极敏感 (受轻微摩擦即可发生剧烈爆炸),,,,,,,极敏感|敏感,qualitative_only,false,no_reliable_numeric_measurement,,,,,,14,EVM91_7eefa5523a522d4871,accepted
PROPM91_49fbffdb3cbe77d7fd,RELM91_890b840585ebae5738,MATM91_4784e207147151cdd5,四氮烯,安全特性,撞击感度(需对应不同测试条件),"极高 (2kg落锤, 2-5 cm; 与雷汞相当甚至更高)",,2,5,cm,explicit_or_field_specific,,极高|高,validated_range,true,,impact_height,落锤高度,,2,,14,EVM91_c816bd615398902cf6,accepted
PROPM91_c6e8f734642ce6fb7e,RELM91_499d305afa83c155d1,MATM91_4784e207147151cdd5,四氮烯,安全特性,冲击感度,极敏感,,,,,,,极敏感|敏感,qualitative_only,false,no_reliable_numeric_measurement,,,,,,14,EVM91_f16c48d699089e76a1,accepted
PROPM91_f0565db3f1855f887d,RELM91_6a7717771a15474978,MATM91_4784e207147151cdd5,四氮烯,安全特性,火焰感度,极敏感 (极易被引燃),,,,,,,极敏感|敏感,qualitative_only,false,no_reliable_numeric_measurement,,,,,,14,EVM91_4c1b416a18f9ae375e,accepted
PROPM91_bbabfd392f116d6081,RELM91_b670bf34e89e9b79be,MATM91_4784e207147151cdd5,四氮烯,安全特性,静电感度(需对应不同测试条件),高 (需严格防静电措施),,,,,,,高,qualitative_only,false,no_reliable_numeric_measurement,,,,,,14,EVM91_15e01160158ca95794,accepted
PROPM91_9aca294ac659eb1034,RELM91_f1b2cf6eb106fcba8a,MATM91_4784e207147151cdd5,四氮烯,安全特性,热感度(5s爆发点),140 ~ 160 (爆发并伴随剧烈分解),,140,160,℃,explicit_or_field_specific,,,validated_range,true,,event_temperature,热感度(5s爆发点),,,5,14,EVM91_56ac2c9383f38a1456,accepted
PROPM91_5978bfcc1d39711997,RELM91_852470f67f1e952de3,MATM91_4784e207147151cdd5,四氮烯,安全特性,电火花感度,极敏感,,,,,,,极敏感|敏感,qualitative_only,false,no_reliable_numeric_measurement,,,,,,14,EVM91_fb4e233476653a32ee,accepted
PROPM91_497bed9989c3bfb75c,RELM91_ebab428dd7b3f67886,MATM91_4784e207147151cdd5,四氮烯,安全特性,吸湿性,"略有吸湿性 (吸湿后感度稍降, 但安定性受影响)",,,,,,,吸湿,text_only,false,no_reliable_numeric_measurement,,,,,,14,EVM91_00bb5bdd1b12bfb515,accepted
PROPM91_ac17a655df266d39b0,RELM91_3639ea23b04bd156a1,MATM91_4784e207147151cdd5,四氮烯,安全特性,分解温度,"130°C以上开始分解, 140°C以上显著分解",,,,,,,,multiple_measurements,false,multiple_primary_measurements,,分解温度,,,,14,EVM91_f144f24dc4b4ed5194,accepted
PROPM91_08362f1f30224db857,RELM91_307813a92ff8e14d6c,MATM91_4784e207147151cdd5,四氮烯,能量特性,爆速,~4000 (随密度变化),4000,,,m/s,explicit_or_field_specific,~,,validated_single,true,,primary_value,爆速,~,,,14,EVM91_33819938f566eabab8,accepted
PROPM91_127b0f47a67473b87d,RELM91_03038e1d7f5fd852d7,MATM91_4784e207147151cdd5,四氮烯,能量特性,爆温,~3000,3000,,,℃,explicit_or_field_specific,~,,validated_single,true,,primary_value,爆温,~,,,14,EVM91_43695cfd5d353a219a,accepted
PROPM91_821c52d35458c81732,RELM91_794bd97538d9bacbb4,MATM91_4784e207147151cdd5,四氮烯,能量特性,爆压,~10,10,,,GPa,explicit_or_field_specific,~,,validated_single,true,,primary_value,爆压,~,,,14,EVM91_61baa9fe8b2f5f2c0d,accepted
PROPM91_1e9c90dc27447bbcd4,RELM91_f2ccb05d268e586b99,MATM91_4784e207147151cdd5,四氮烯,能量特性,爆容,约 850,850,,,L/kg,explicit_or_field_specific,~,,validated_single,true,,primary_value,爆容,~,,,14,EVM91_a360f4b7cf4def97c1,accepted
PROPM91_1f4fbf816730ea1907,RELM91_8cacc8f63fd71326eb,MATM91_4784e207147151cdd5,四氮烯,能量特性,威力,低 (约 15-20% TNT),,15,20,%,explicit_or_field_specific,~,低,validated_range,true,,primary_value,威力,~,,,14,EVM91_1c1fb9312dd288d894,accepted
PROPM91_c7a4f1a74b61633409,RELM91_420c67fa2c7879084c,MATM91_4784e207147151cdd5,四氮烯,能量特性,猛度,低,,,,,,,低,text_only,false,no_reliable_numeric_measurement,,,,,,14,EVM91_c961fcff74064f383d,accepted
PROPM91_31f19754adf49b3098,RELM91_a23f28f5f7dbae7b5d,MATM91_4784e207147151cdd5,四氮烯,能量特性,起爆力,"弱 (其本身爆轰倾向小, 主要是通过高感度起敏化作用)",,,,,,,高,text_only,false,no_reliable_numeric_measurement,,,,,,14,EVM91_bcf44e1affca64d637,accepted
PROPM91_7c784f5064e5d023f0,RELM91_69aa6570f6387c24f4,MATM91_4784e207147151cdd5,四氮烯,能量特性,燃烧速度(发射药、推进剂),极快 (瞬间转爆轰),,,,,,,,qualitative_only,false,no_reliable_numeric_measurement,,,,,,14,EVM91_4e5eaa158fafaaa542,accepted
PROPM91_47f9f60b2c88bc6146,RELM91_b4fa33d44da6b2a00f,MATM91_3fb1ccd5046037147a,D.S共晶,理化性质,分子量(单质),291.24 / 468.30,,,,g/mol,field_dictionary,,,qualitative_only,false,no_reliable_numeric_measurement,,,,,,15,EVM91_d086245dd1e3c83fd9,accepted
PROPM91_1f260715d514308d50,RELM91_3578b80e762199b4ba,MATM91_3fb1ccd5046037147a,D.S共晶,理化性质,密度,约 3.5 ~ 4.1 (视组分比例及压实度而定),,3.5,4.1,g/cm³,explicit_or_field_specific,~,,validated_range,true,,primary_value,密度,~,,,15,EVM91_c27601a958de10efc8,accepted
PROPM91_6ea26d75f452dccc47,RELM91_dfe7b424c7b53d7721,MATM91_3fb1ccd5046037147a,D.S共晶,理化性质,外观,灰色、深灰色或淡黄色细小颗粒或粉末,,,,,,,,text_only,false,no_reliable_numeric_measurement,,,,,,15,EVM91_af16d0af51f559d828,accepted
PROPM91_1561c7c3a17bac730b,RELM91_95353321edd1817622,MATM91_3fb1ccd5046037147a,D.S共晶,理化性质,溶解性,"难溶于水, 溶于醋酸铵溶液 (主要针对LA组分)",,,,,,,,text_only,false,no_reliable_numeric_measurement,,,,,,15,EVM91_4953de5fe23c6380a2,accepted
PROPM91_3fc822525a3e5a6168,RELM91_3baca2eada0f61652b,MATM91_3fb1ccd5046037147a,D.S共晶,安全特性,摩擦感度(需对应不同测试条件),"极敏感 (受轻微摩擦即可爆炸, 综合了LA的高摩擦感度)",,,,,,,极敏感|敏感|高,qualitative_only,false,no_reliable_numeric_measurement,,,,,,15,EVM91_582219feaeddfdec17,accepted
PROPM91_cfe3a67d17afe4327e,RELM91_929464354065ca651c,MATM91_3fb1ccd5046037147a,D.S共晶,安全特性,撞击感度(需对应不同测试条件),"高 (2kg落锤, 约 10-20 cm; 敏感度略高于纯LA)",,10,20,cm,explicit_or_field_specific,~,敏感|高,validated_range,true,,impact_height,落锤高度,~,2,,15,EVM91_e93c7aa3b4bcddee43,accepted
PROPM91_604931f2396cf7c746,RELM91_4ad4da28df796780e3,MATM91_3fb1ccd5046037147a,D.S共晶,安全特性,冲击感度,敏感 (具有极强的起爆能传递特性),,,,,,,敏感|强,qualitative_only,false,no_reliable_numeric_measurement,,,,,,15,EVM91_9dbc2d7b6e5e7b1595,accepted
PROPM91_44563d384282cc6f18,RELM91_be5307b214aa9ffaa1,MATM91_3fb1ccd5046037147a,D.S共晶,安全特性,火焰感度,"极敏感 (LS的引入显著提高了火感度, 极易被火焰点燃并转爆轰)",,,,,,,极敏感|敏感|高,qualitative_only,false,no_reliable_numeric_measurement,,,,,,15,EVM91_67af64a057c4086d90,accepted
PROPM91_4dfff905783993c2fb,RELM91_334f018814a52b7d47,MATM91_3fb1ccd5046037147a,D.S共晶,安全特性,静电感度(需对应不同测试条件),"极敏感 (需采取最高级别的防静电措施, 甚至高于纯LA)",,,,,,,极敏感|敏感|高,qualitative_only,false,no_reliable_numeric_measurement,,,,,,15,EVM91_dfa103fc8460c51914,accepted
PROPM91_5e39e87cc5cdd7fca9,RELM91_7007d668cfa09a3814,MATM91_3fb1ccd5046037147a,D.S共晶,安全特性,热感度(5s爆发点),260 ~ 275,,260,275,℃,explicit_or_field_specific,,,validated_range,true,,primary_value,热感度(5s爆发点),,,5,15,EVM91_12101c2581381b2575,accepted
PROPM91_6ae30b50521ea00ca8,RELM91_92c3949f8481bc14fa,MATM91_3fb1ccd5046037147a,D.S共晶,安全特性,电火花感度,极敏感,,,,,,,极敏感|敏感,qualitative_only,false,no_reliable_numeric_measurement,,,,,,15,EVM91_495bb977e319d21d17,accepted
PROPM91_3166fa2b4224d9ea1c,RELM91_078b8d697f6eb0ab97,MATM91_3fb1ccd5046037147a,D.S共晶,安全特性,吸湿性,"极小 (不吸湿, 化学安定性良好)",,,,,,,吸湿|不吸湿|极小,text_only,false,no_reliable_numeric_measurement,,,,,,15,EVM91_719af40d7b0687c210,accepted
PROPM91_25b96dc299c7012be2,RELM91_2ebcac1d55527fa2b3,MATM91_3fb1ccd5046037147a,D.S共晶,安全特性,分解温度,"> 190 (LA开始缓慢分解), > 260 (剧烈分解爆炸)",190,,,℃,explicit_or_field_specific,>,,validated_single,true,,onset_temperature,分解温度,>,,,15,EVM91_3174f00b1ca3242b4e,accepted
PROPM91_970f546d4c7ed688d9,RELM91_fcb28999f000dbd938,MATM91_3fb1ccd5046037147a,D.S共晶,能量特性,爆速,4800 ~ 5100 (密度为 3.0g/cm3 时),,,,,,,,condition_only,false,only_test_conditions,,,,,,15,EVM91_44bed60e48f93c02b2,accepted
PROPM91_56145131640e95a6af,RELM91_e002cfee4812522b1b,MATM91_3fb1ccd5046037147a,D.S共晶,能量特性,爆温,~3400,3400,,,℃,explicit_or_field_specific,~,,validated_single,true,,primary_value,爆温,~,,,15,EVM91_828385dd2e9511a72a,accepted
PROPM91_0f1192330fdaeab16d,RELM91_c5e624860895611745,MATM91_3fb1ccd5046037147a,D.S共晶,能量特性,爆压,~20,20,,,GPa,explicit_or_field_specific,~,,validated_single,true,,primary_value,爆压,~,,,15,EVM91_5e5198341fa9a19204,accepted
PROPM91_be9f777a1b608d313b,RELM91_84ba04b052403b1d2a,MATM91_3fb1ccd5046037147a,D.S共晶,能量特性,爆容,~310,310,,,L/kg,explicit_or_field_specific,~,,validated_single,true,,primary_value,爆容,~,,,15,EVM91_5b0407b3a56af72a6c,accepted
PROPM91_4661aac17d2374e092,RELM91_bf3fa698b17f3922f5,MATM91_3fb1ccd5046037147a,D.S共晶,能量特性,威力,"中等 (介于LA与LS之间, 约 35% TNT)",35,,,%,explicit_or_field_specific,~,中等,validated_single,true,,primary_value,威力,~,,,15,EVM91_5230ff4af9cd2e18f1,accepted
PROPM91_3bd2e2bce365aa6981,RELM91_4276f245b7b8774dd5,MATM91_3fb1ccd5046037147a,D.S共晶,能量特性,猛度,高,,,,,,,高,text_only,false,no_reliable_numeric_measurement,,,,,,15,EVM91_d7e07d1b794d80a709,accepted
PROPM91_cce95518ba33ea4212,RELM91_7c755be13ac53a8dcb,MATM91_3fb1ccd5046037147a,D.S共晶,能量特性,起爆力,"极强 (通过LS提高火感度, 通过LA保证起爆力, 是极佳的雷管首装药)",,,,,,,强|高,text_only,false,no_reliable_numeric_measurement,,,,,,15,EVM91_d4eee2db9c07c501ea,accepted
PROPM91_dfab95f76a9de4e800,RELM91_c983ca1f566302632b,MATM91_3fb1ccd5046037147a,D.S共晶,能量特性,燃烧速度(发射药、推进剂),瞬间转爆轰,,,,,,,,qualitative_only,false,no_reliable_numeric_measurement,,,,,,15,EVM91_d36d90393e8951515e,accepted
PROPM91_4b3cae6193d96c01f8,RELM91_501cf140589124a446,MATM91_41539cf8b74a80594d,斯蒂芬酸铅和斯蒂芬酸钡共沉淀,理化性质,分子量(单质),468.30 (Pb) / 402.46 (Ba),,,,g/mol,field_dictionary,,,qualitative_only,false,no_reliable_numeric_measurement,,,,,,16,EVM91_5198f4d0acf02af786,accepted
PROPM91_95432c2bd50fc698bb,RELM91_451795f5fa26cf820f,MATM91_41539cf8b74a80594d,斯蒂芬酸铅和斯蒂芬酸钡共沉淀,理化性质,密度,~2.6 ~ 3.0,,2.6,3.0,g/cm³,explicit_or_field_specific,~,,validated_range,true,,primary_value,密度,~,,,16,EVM91_d95aad80632492bbd5,accepted
PROPM91_15021df6e36f30b892,RELM91_2a1dda0559058ba71d,MATM91_41539cf8b74a80594d,斯蒂芬酸铅和斯蒂芬酸钡共沉淀,理化性质,外观,橙黄色、深褐色或黄褐色结晶粉末,,,,,,,,text_only,false,no_reliable_numeric_measurement,,,,,,16,EVM91_4265fefd8b67a059d5,accepted
PROPM91_eb0f7981d31bf3787c,RELM91_cc4efdae4310d2220e,MATM91_41539cf8b74a80594d,斯蒂芬酸铅和斯蒂芬酸钡共沉淀,理化性质,溶解性,"难溶于水, 微溶于酒精",,,,,,,,text_only,false,no_reliable_numeric_measurement,,,,,,16,EVM91_f8fcf7359dc71358b1,accepted
PROPM91_35a3b9d67fd03e4531,RELM91_4590cc1855cd6b39cf,MATM91_41539cf8b74a80594d,斯蒂芬酸铅和斯蒂芬酸钡共沉淀,安全特性,摩擦感度(需对应不同测试条件),敏感 (介于铅盐和钡盐之间),,,,,,,敏感,qualitative_only,false,no_reliable_numeric_measurement,,,,,,16,EVM91_9538465c63996ebbfd,accepted
PROPM91_ccc2f95c96e9a319f1,RELM91_def8633c1dfb9bf910,MATM91_41539cf8b74a80594d,斯蒂芬酸铅和斯蒂芬酸钡共沉淀,安全特性,撞击感度(需对应不同测试条件),"高 (2kg落锤, 约 10-25 cm)",,10,25,cm,explicit_or_field_specific,~,高,validated_range,true,,impact_height,落锤高度,~,2,,16,EVM91_c97e137e5e69406f11,accepted
PROPM91_60186bf3667d626b69,RELM91_05a01473a22fb63d0a,MATM91_41539cf8b74a80594d,斯蒂芬酸铅和斯蒂芬酸钡共沉淀,安全特性,冲击感度,敏感,,,,,,,敏感,qualitative_only,false,no_reliable_numeric_measurement,,,,,,16,EVM91_d00155f328f63ec617,accepted
PROPM91_3cb703e567597ecee0,RELM91_e09c6cad09c8d2510e,MATM91_41539cf8b74a80594d,斯蒂芬酸铅和斯蒂芬酸钡共沉淀,安全特性,火焰感度,"极敏感 (具有优异的火感度, 易被引火点燃)",,,,,,,极敏感|敏感,qualitative_only,false,no_reliable_numeric_measurement,,,,,,16,EVM91_5edb076d359257fbc2,accepted
PROPM91_6ddb729e28493ab143,RELM91_e71cea59b8fa67243e,MATM91_41539cf8b74a80594d,斯蒂芬酸铅和斯蒂芬酸钡共沉淀,安全特性,静电感度(需对应不同测试条件),"极敏感 (需采取严格防静电措施, 类似LS)",,,,,,,极敏感|敏感,qualitative_only,false,no_reliable_numeric_measurement,,,,,,16,EVM91_c44aa80245c0c695a0,accepted
PROPM91_dd026afc65d5f0191c,RELM91_676999c380e032f7bc,MATM91_41539cf8b74a80594d,斯蒂芬酸铅和斯蒂芬酸钡共沉淀,安全特性,热感度(5s爆发点),270 ~ 290,,270,290,℃,explicit_or_field_specific,,,validated_range,true,,primary_value,热感度(5s爆发点),,,5,16,EVM91_bb40712f1a759d09e7,accepted
PROPM91_e291a0033f28ae38fa,RELM91_66c4e337aacc67b7db,MATM91_41539cf8b74a80594d,斯蒂芬酸铅和斯蒂芬酸钡共沉淀,安全特性,电火花感度,敏感,,,,,,,敏感,qualitative_only,false,no_reliable_numeric_measurement,,,,,,16,EVM91_373dd69a1e4d2c41d0,accepted
PROPM91_2d5870d03702e15ab3,RELM91_d264fa8a886f5acf7d,MATM91_41539cf8b74a80594d,斯蒂芬酸铅和斯蒂芬酸钡共沉淀,安全特性,吸湿性,不吸湿,,,,,,,吸湿|不吸湿,text_only,false,no_reliable_numeric_measurement,,,,,,16,EVM91_020bdd96a14f292701,accepted
PROPM91_51398db6ba3d2f88e5,RELM91_786acccf719ab22c71,MATM91_41539cf8b74a80594d,斯蒂芬酸铅和斯蒂芬酸钡共沉淀,安全特性,分解温度,"> 250 (开始缓慢分解), > 270 (爆发)",250,,,℃,explicit_or_field_specific,>,,validated_single,true,,onset_temperature,分解温度,>,,,16,EVM91_a9aba99b00effca80d,accepted
PROPM91_74f0a426f4626fabe7,RELM91_af056eff76f474922b,MATM91_41539cf8b74a80594d,斯蒂芬酸铅和斯蒂芬酸钡共沉淀,能量特性,爆速,~4500 (估算),4500,,,m/s,explicit_or_field_specific,~,,validated_single,true,,primary_value,爆速,~,,,16,EVM91_6ac7e9b8a4456be966,accepted
PROPM91_f643f8768611e51b6e,RELM91_2de04cb7ca982afb9e,MATM91_41539cf8b74a80594d,斯蒂芬酸铅和斯蒂芬酸钡共沉淀,能量特性,爆温,~2900,2900,,,℃,explicit_or_field_specific,~,,validated_single,true,,primary_value,爆温,~,,,16,EVM91_522682996e3045c427,accepted
PROPM91_3fd673a606f4233011,RELM91_2fbb2be0410864cd5e,MATM91_41539cf8b74a80594d,斯蒂芬酸铅和斯蒂芬酸钡共沉淀,能量特性,爆压,~12,12,,,GPa,explicit_or_field_specific,~,,validated_single,true,,primary_value,爆压,~,,,16,EVM91_57cc1a3923107e1863,accepted
PROPM91_220394d8e3eef87ec6,RELM91_865fae0ea73d66d634,MATM91_41539cf8b74a80594d,斯蒂芬酸铅和斯蒂芬酸钡共沉淀,能量特性,爆容,约 300 ~ 350,,300,350,L/kg,explicit_or_field_specific,~,,validated_range,true,,primary_value,爆容,~,,,16,EVM91_2197fb930c8415ff4c,accepted
PROPM91_f696cc9dfaf07f57ea,RELM91_4c10742a03522ad893,MATM91_41539cf8b74a80594d,斯蒂芬酸铅和斯蒂芬酸钡共沉淀,能量特性,威力,较低 (约 25% TNT),25,,,%,explicit_or_field_specific,~,较低|低,validated_single,true,,primary_value,威力,~,,,16,EVM91_19e11921fce260eda8,accepted
PROPM91_eb09c8fe991925c610,RELM91_c9db1c96bdab6770c4,MATM91_41539cf8b74a80594d,斯蒂芬酸铅和斯蒂芬酸钡共沉淀,能量特性,猛度,较低,,,,,,,较低|低,text_only,false,no_reliable_numeric_measurement,,,,,,16,EVM91_14a90581889fcdfc9f,accepted
PROPM91_8540cbb3b124568144,RELM91_558d8a39afa8b95361,MATM91_41539cf8b74a80594d,斯蒂芬酸铅和斯蒂芬酸钡共沉淀,能量特性,起爆力,弱 (主要用于针刺点火或调节击发药性能),,,,,,,,text_only,false,no_reliable_numeric_measurement,,,,,,16,EVM91_22a57a1dc30753c387,accepted
PROPM91_a89bcd147cfb1502b5,RELM91_e79af12b8dc57dbbb5,MATM91_41539cf8b74a80594d,斯蒂芬酸铅和斯蒂芬酸钡共沉淀,能量特性,燃烧速度(发射药、推进剂),稳定且快,,,,,,,,qualitative_only,false,no_reliable_numeric_measurement,,,,,,16,EVM91_f2e0a3bdcd79e08388,accepted
PROPM91_9f0e61689cbdd4a66d,RELM91_90126bc37531bcdb1f,MATM91_4b98ff46f1bea97b90,四氮烯和羧甲基纤维素氮化铅共沉淀,理化性质,密度,~2.8 ~ 3.5,,2.8,3.5,g/cm³,explicit_or_field_specific,~,,validated_range,true,,primary_value,密度,~,,,17,EVM91_e764d2353f06c0e6ea,accepted
PROPM91_15db5c849887c6eeba,RELM91_3378a479d1a2289b6c,MATM91_4b98ff46f1bea97b90,四氮烯和羧甲基纤维素氮化铅共沉淀,理化性质,外观,灰色、深灰色或浅黄色微细粉末,,,,,,,,text_only,false,no_reliable_numeric_measurement,,,,,,17,EVM91_b26f074b4bb7ee4329,accepted
PROPM91_5de44f643cb771ae3a,RELM91_10673cbcd00f035500,MATM91_4b98ff46f1bea97b90,四氮烯和羧甲基纤维素氮化铅共沉淀,理化性质,溶解性,"难溶于水, 溶于醋酸铵溶液 (主要针对LA组分)",,,,,,,,text_only,false,no_reliable_numeric_measurement,,,,,,17,EVM91_c99b27e6430271c39b,accepted
PROPM91_b9646dd8454da4b4e6,RELM91_63338b1122bb34d9f6,MATM91_4b98ff46f1bea97b90,四氮烯和羧甲基纤维素氮化铅共沉淀,安全特性,摩擦感度(需对应不同测试条件),"极敏感 (受四氮烯影响, 摩擦敏感度极高)",,,,,,,极敏感|敏感|极高|高,qualitative_only,false,no_reliable_numeric_measurement,,,,,,17,EVM91_86ba3b8b1fe0960c75,accepted
PROPM91_4584349e63b52433d5,RELM91_76bc9c4e1ef4e64e60,MATM91_4b98ff46f1bea97b90,四氮烯和羧甲基纤维素氮化铅共沉淀,安全特性,撞击感度(需对应不同测试条件),"极敏感 (2kg落锤, 约 5-15 cm)",,5,15,cm,explicit_or_field_specific,~,极敏感|敏感,validated_range,true,,impact_height,落锤高度,~,2,,17,EVM91_c3e6cd207ff5b1b449,accepted
PROPM91_c79eb968a5e13c8650,RELM91_3484667e7115976cae,MATM91_4b98ff46f1bea97b90,四氮烯和羧甲基纤维素氮化铅共沉淀,安全特性,冲击感度,极敏感 (具有极佳的爆轰增长特性),,,,,,,极敏感|敏感,qualitative_only,false,no_reliable_numeric_measurement,,,,,,17,EVM91_5b1e84e8c0736ec779,accepted
PROPM91_255f23d5a7fac6a236,RELM91_ad37a8e373194e2cf6,MATM91_4b98ff46f1bea97b90,四氮烯和羧甲基纤维素氮化铅共沉淀,安全特性,火焰感度,极敏感 (LS/四氮烯的引入使火感度远高于纯LA),,,,,,,极敏感|敏感|高,qualitative_only,false,no_reliable_numeric_measurement,,,,,,17,EVM91_126f4866197b8861ef,accepted
PROPM91_2b8759381e5417fa64,RELM91_1f1f93cb177e02ba99,MATM91_4b98ff46f1bea97b90,四氮烯和羧甲基纤维素氮化铅共沉淀,安全特性,静电感度(需对应不同测试条件),极敏感 (需最高等级防静电防护),,,,,,,极敏感|敏感|高,qualitative_only,false,no_reliable_numeric_measurement,,,,,,17,EVM91_134fa1644924ebb019,accepted
PROPM91_8a0838eeea1b42fabb,RELM91_0c7943461157cb081e,MATM91_4b98ff46f1bea97b90,四氮烯和羧甲基纤维素氮化铅共沉淀,安全特性,热感度(5s爆发点),"150 ~ 170 (受四氮烯限制, 明显低于纯LA)",,150,170,℃,explicit_or_field_specific,,低,validated_range,true,,primary_value,热感度(5s爆发点),,,5,17,EVM91_5c69726a50e7b81791,accepted
PROPM91_9f2ef3c662b9c39280,RELM91_7227cfd89fe531f253,MATM91_4b98ff46f1bea97b90,四氮烯和羧甲基纤维素氮化铅共沉淀,安全特性,电火花感度,极敏感,,,,,,,极敏感|敏感,qualitative_only,false,no_reliable_numeric_measurement,,,,,,17,EVM91_20334af7c642abb2d3,accepted
PROPM91_3643651fafc53b7f40,RELM91_e1bc807a53dfd8fc35,MATM91_4b98ff46f1bea97b90,四氮烯和羧甲基纤维素氮化铅共沉淀,安全特性,吸湿性,略有吸湿性 (由于含CMC及四氮烯),,,,,,,吸湿,text_only,false,no_reliable_numeric_measurement,,,,,,17,EVM91_38eaac5b88dfa9d75b,accepted
PROPM91_f68c1dbb6825ff998a,RELM91_f75247ba7cf1a5084f,MATM91_4b98ff46f1bea97b90,四氮烯和羧甲基纤维素氮化铅共沉淀,安全特性,分解温度,"> 140 (开始分解), > 150 (热安定性受四氮烯主导)",140,,,℃,explicit_or_field_specific,>,,validated_single,true,,onset_temperature,分解温度,>,,,17,EVM91_d1c2a74347c7e13334,accepted
PROPM91_17f25609a56931e700,RELM91_e3256c66308b5c9375,MATM91_4b98ff46f1bea97b90,四氮烯和羧甲基纤维素氮化铅共沉淀,能量特性,爆速,4500 ~ 5000 (随配比变化),,4500,5000,m/s,explicit_or_field_specific,,,validated_range,true,,primary_value,爆速,,,,17,EVM91_8b7fccb82b85487684,accepted
PROPM91_66b9fb9d3eff895e89,RELM91_10d91f9b8875f990bb,MATM91_4b98ff46f1bea97b90,四氮烯和羧甲基纤维素氮化铅共沉淀,能量特性,爆温,~3300,3300,,,℃,explicit_or_field_specific,~,,validated_single,true,,primary_value,爆温,~,,,17,EVM91_51045a97c1fe604b8b,accepted
PROPM91_1bb4a21bccee720eec,RELM91_0328f50a944009310e,MATM91_4b98ff46f1bea97b90,四氮烯和羧甲基纤维素氮化铅共沉淀,能量特性,爆压,~22,22,,,GPa,explicit_or_field_specific,~,,validated_single,true,,primary_value,爆压,~,,,17,EVM91_0e03c72980fece8fd0,accepted
PROPM91_1dbbb44e277fa8b0e5,RELM91_306ac8f6b81dae3ecc,MATM91_4b98ff46f1bea97b90,四氮烯和羧甲基纤维素氮化铅共沉淀,能量特性,爆容,约 300 ~ 350,,300,350,L/kg,explicit_or_field_specific,~,,validated_range,true,,primary_value,爆容,~,,,17,EVM91_b530eecbee7816d2b7,accepted
PROPM91_b6b1422f8f695a7c4f,RELM91_98ba8a1d9f258247aa,MATM91_4b98ff46f1bea97b90,四氮烯和羧甲基纤维素氮化铅共沉淀,能量特性,威力,中等 (约 35% TNT),35,,,%,explicit_or_field_specific,~,中等,validated_single,true,,primary_value,威力,~,,,17,EVM91_04333d0ba9e5ca8b6c,accepted
PROPM91_8450cf845cb180ba4d,RELM91_3b108946dac46558eb,MATM91_4b98ff46f1bea97b90,四氮烯和羧甲基纤维素氮化铅共沉淀,能量特性,猛度,高,,,,,,,高,text_only,false,no_reliable_numeric_measurement,,,,,,17,EVM91_555d9117016a054160,accepted
PROPM91_65853aa5d23faba43e,RELM91_108adeceab74634e29,MATM91_4b98ff46f1bea97b90,四氮烯和羧甲基纤维素氮化铅共沉淀,能量特性,起爆力,"强 (具备极高的感度和可靠的起爆能量, 常用作火帽或引信首装药)",,,,,,,强|极高|高,text_only,false,no_reliable_numeric_measurement,,,,,,17,EVM91_f6d6049920b8d1cda0,accepted
PROPM91_9b496f5df7fae89051,RELM91_e4a13a641c9e1de7eb,MATM91_4b98ff46f1bea97b90,四氮烯和羧甲基纤维素氮化铅共沉淀,能量特性,燃烧速度(发射药、推进剂),瞬间转爆轰,,,,,,,,qualitative_only,false,no_reliable_numeric_measurement,,,,,,17,EVM91_77b01f6f37b87f0b78,accepted
PROPM91_b27d7b0b3e133e4a4e,RELM91_a84592898377b34380,MATM91_79d7b9660cc0ccebb9,黑火药,理化性质,密度,1.70 ~ 1.90,,1.70,1.90,g/cm³,explicit_or_field_specific,,,validated_range,true,,primary_value,密度,,,,18,EVM91_a32e68cfbbe17be9dd,accepted
PROPM91_837c863ea35c6a510c,RELM91_574fe1a820e064e5dd,MATM91_79d7b9660cc0ccebb9,黑火药,理化性质,外观,黑色颗粒或粉末,,,,,,,,text_only,false,no_reliable_numeric_measurement,,,,,,18,EVM91_1c228220eaaa1d1fd2,accepted
PROPM91_a2e183e30dc703c212,RELM91_fc9d3aafd54820d87e,MATM91_79d7b9660cc0ccebb9,黑火药,理化性质,溶解性,硝酸钾易溶于水; 硫磺和木炭不溶,,,,,,,,text_only,false,no_reliable_numeric_measurement,,,,,,18,EVM91_b7bcf54e05833ca928,accepted
PROPM91_7b654812dd01fd52b9,RELM91_bb19453d8e6408a60a,MATM91_79d7b9660cc0ccebb9,黑火药,理化性质,挥发性,极低,,,,,,,低|极低,text_only,false,no_reliable_numeric_measurement,,,,,,18,EVM91_3c6a8c704342def893,accepted
PROPM91_d3063353cf8a5538eb,RELM91_1b6d4da33fc731dbe2,MATM91_79d7b9660cc0ccebb9,黑火药,安全特性,摩擦感度(需对应不同测试条件),极不敏感,,,,,,,敏感|不敏感|极不敏感,qualitative_only,false,no_reliable_numeric_measurement,,,,,,18,EVM91_13427e5bc2e2101903,accepted
PROPM91_3cd9dead1f63a84265,RELM91_7b709482e0101d9579,MATM91_79d7b9660cc0ccebb9,黑火药,安全特性,撞击感度(需对应不同测试条件),"不敏感 (2kg落锤, >100 cm)",100,,,cm,explicit_or_field_specific,>,敏感|不敏感,validated_single,true,,impact_height,落锤高度,>,2,,18,EVM91_4a7ba88ae689c20a42,accepted
PROPM91_3153d44f76433cbec4,RELM91_7ea2bd1c1aadc992d3,MATM91_79d7b9660cc0ccebb9,黑火药,安全特性,冲击感度,极不敏感,,,,,,,敏感|不敏感|极不敏感,qualitative_only,false,no_reliable_numeric_measurement,,,,,,18,EVM91_f80762dcc16c8b2e0f,accepted
PROPM91_a29360f6f0969ab493,RELM91_b2853e29b0548bd2b7,MATM91_79d7b9660cc0ccebb9,黑火药,安全特性,火焰感度,极敏感 (极易被明火、火星引燃),,,,,,,极敏感|敏感,qualitative_only,false,no_reliable_numeric_measurement,,,,,,18,EVM91_65b35b169c63395ae3,accepted
PROPM91_5ad88a570f0ad85ee5,RELM91_c17fedd46d32d81e42,MATM91_79d7b9660cc0ccebb9,黑火药,安全特性,静电感度(需对应不同测试条件),"敏感 (干燥粉末易积聚静电, 需防护)",,,,,,,敏感,qualitative_only,false,no_reliable_numeric_measurement,,,,,,18,EVM91_4b5b4a4dc58dc59b4f,accepted
PROPM91_887fd337dc06399950,RELM91_e59e0c4fb1229d151d,MATM91_79d7b9660cc0ccebb9,黑火药,安全特性,热感度(5s爆发点),> 300,300,,,℃,explicit_or_field_specific,>,,validated_single,true,,primary_value,热感度(5s爆发点),>,,5,18,EVM91_6fb9292d50b396f9ca,accepted
PROPM91_166cc86a6e6043f61b,RELM91_03689e3455352cf3ed,MATM91_79d7b9660cc0ccebb9,黑火药,安全特性,电火花感度,敏感,,,,,,,敏感,qualitative_only,false,no_reliable_numeric_measurement,,,,,,18,EVM91_6bccad4b11b082862d,accepted
PROPM91_4926f19bcfb3c387b1,RELM91_771ba84c445ee51362,MATM91_79d7b9660cc0ccebb9,黑火药,安全特性,吸湿性,"强 (具有很强的吸湿性, 潮湿后无法使用)",,,,,,,强|吸湿|无,text_only,false,no_reliable_numeric_measurement,,,,,,18,EVM91_3071b0a9b2d4fee661,accepted
PROPM91_0667b337e8bf5d567b,RELM91_e113a6e29a9d595ea2,MATM91_79d7b9660cc0ccebb9,黑火药,能量特性,爆速,"400 ~ 600 (燃速; 通常不爆轰, 仅在极强约束下可能爆轰)",,400,600,m/s,explicit_or_field_specific,,强,validated_range,true,,primary_value,爆速,,,,18,EVM91_887ca23fdeb8d049c2,accepted
PROPM91_d8489e29c4ddf89f42,RELM91_63158b2f14ce8d29b1,MATM91_79d7b9660cc0ccebb9,黑火药,能量特性,爆温,~2400,2400,,,℃,explicit_or_field_specific,~,,validated_single,true,,primary_value,爆温,~,,,18,EVM91_80fbf89445b63602fd,accepted
PROPM91_9e68ca4ea977833012,RELM91_b3895e374f93aca4ce,MATM91_79d7b9660cc0ccebb9,黑火药,能量特性,爆压,低 (常作为压力源而非高压炸药),,,,,,,低|高,qualitative_only,false,no_reliable_numeric_measurement,,,,,,18,EVM91_bfc6bb988960ef875f,accepted
PROPM91_899e9b6a5515d1b628,RELM91_26e6771e8954bc8bf1,MATM91_79d7b9660cc0ccebb9,黑火药,能量特性,爆容,约 280,280,,,L/kg,explicit_or_field_specific,~,,validated_single,true,,primary_value,爆容,~,,,18,EVM91_bf1193b271abd5f39e,accepted
PROPM91_9a39fa6ef86592c9d2,RELM91_cc0124d3bef2f5172f,MATM91_79d7b9660cc0ccebb9,黑火药,能量特性,威力,极低 (约为 TNT 的 15%),15,,,%,explicit_or_field_specific,,低|极低,validated_single,true,,primary_value,威力,,,,18,EVM91_e5fd129d9ff295a7d5,accepted
PROPM91_e6cb0401c00793bbc0,RELM91_2a73e0aa651a21760d,MATM91_79d7b9660cc0ccebb9,黑火药,能量特性,猛度,极低,,,,,,,低|极低,text_only,false,no_reliable_numeric_measurement,,,,,,18,EVM91_bcdc2ba9f054b4d3c2,accepted
PROPM91_d42b0398a39d40f179,RELM91_3dbb7e0ff112df4b03,MATM91_79d7b9660cc0ccebb9,黑火药,能量特性,起爆力,无 (仅作为引火药或抛射药使用),,,,,,,无,text_only,false,no_reliable_numeric_measurement,,,,,,18,EVM91_bb262f4769b24a0dee,accepted
PROPM91_634cbf31029ea92113,RELM91_c5a9a1f20c7fdb3082,MATM91_79d7b9660cc0ccebb9,黑火药,能量特性,燃烧速度(发射药、推进剂),约 10mm/s (常压燃烧速度),10,,,mm/s,explicit_or_field_specific,~,,validated_single,true,,primary_value,燃烧速度,~,,,18,EVM91_baade619a09aef80e0,accepted
PROPM91_16d7d5e419ac9cc0e2,RELM91_2dc958ac24e94fa07b,MATM91_79d7b9660cc0ccebb9,黑火药,能量特性,火药力(发射药),约 280 kJ/kg,280,,,kJ/kg,explicit_or_field_specific,~,,validated_single,true,,primary_value,火药力(发射药),~,,,18,EVM91_b9b443a410813ad0a3,accepted
PROPM91_819490601ae370d5b9,RELM91_aeb723cee5258017d5,MATM91_1a2ac1fa61acb62449,梯恩梯,理化性质,分子量(单质),227.13,,,,g/mol,field_dictionary,,,qualitative_only,false,no_reliable_numeric_measurement,,,,,,21,EVM91_320faf27be45f73d3e,accepted
PROPM91_ebf96298e192567b37,RELM91_4000c77e62ff0b3ef1,MATM91_1a2ac1fa61acb62449,梯恩梯,理化性质,密度,1.65 (晶体); 1.55 ~ 1.60 (熔装密度),1.65,,,g/cm³,explicit_or_field_specific,,,validated_single,true,,primary_value,密度,,,,21,EVM91_61a1eed76991e5c49d,accepted
PROPM91_1f45a42766ea6cfffb,RELM91_304e21fde986882882,MATM91_1a2ac1fa61acb62449,梯恩梯,理化性质,外观,淡黄色结晶、药块或鳞片状,,,,,,,,text_only,false,no_reliable_numeric_measurement,,,,,,21,EVM91_89a1f2024746ae8b21,accepted
PROPM91_25b19d6152f69b54da,RELM91_da65812a80c623fea4,MATM91_1a2ac1fa61acb62449,梯恩梯,理化性质,溶解性,"不溶于水 (0.013g/100g), 溶于丙酮、苯、热乙醇、乙醚",,,,,,,,text_only,false,no_reliable_numeric_measurement,,,,,,21,EVM91_5a75f81bd94a9ab09f,accepted
PROPM91_c314e5b90e0561a1cc,RELM91_fd70b6d73c639a4ce2,MATM91_1a2ac1fa61acb62449,梯恩梯,理化性质,挥发性,极低,,,,,,,低|极低,text_only,false,no_reliable_numeric_measurement,,,,,,21,EVM91_b6c8e842a6dfe1b17a,accepted
PROPM91_0a631b775a83b128ad,RELM91_56dc41028b2272483d,MATM91_1a2ac1fa61acb62449,梯恩梯,安全特性,摩擦感度(需对应不同测试条件),极不敏感 (100%不爆炸),100,,,%,explicit_or_field_specific,,敏感|不敏感|极不敏感,validated_single,true,,explosion_probability,摩擦感度,,,,21,EVM91_a45580d4861066f466,accepted
PROPM91_99e1b4d303121860f7,RELM91_4c1f5520908e99b34e,MATM91_1a2ac1fa61acb62449,梯恩梯,安全特性,撞击感度(需对应不同测试条件),"不敏感 (2kg落锤, >100 cm; 需起爆能)",100,,,cm,explicit_or_field_specific,>,敏感|不敏感,validated_single,true,,impact_height,落锤高度,>,2,,21,EVM91_b14263bd6a76c3bd2c,accepted
PROPM91_007e2055b4a88e776a,RELM91_4853bbb2de519fd72b,MATM91_1a2ac1fa61acb62449,梯恩梯,安全特性,冲击感度,低 (需传爆药或雷管起爆),,,,,,,低,qualitative_only,false,no_reliable_numeric_measurement,,,,,,21,EVM91_d54367cfbb7598cfad,accepted
PROPM91_29ca9a45c472742328,RELM91_f4589486d5cede5e8f,MATM91_1a2ac1fa61acb62449,梯恩梯,安全特性,火焰感度,"低 (点燃后稳定燃烧, 在强约束下可能转爆轰)",,,,,,,强|低,qualitative_only,false,no_reliable_numeric_measurement,,,,,,21,EVM91_1eefb796155e4060eb,accepted
PROPM91_4a80c7c370965ddf7d,RELM91_df5dcf6e95362f86bf,MATM91_1a2ac1fa61acb62449,梯恩梯,安全特性,静电感度(需对应不同测试条件),低 (抗静电性能良好),,,,,,,低,qualitative_only,false,no_reliable_numeric_measurement,,,,,,21,EVM91_66c5bf1ecdf6bad109,accepted
PROPM91_b60b2f0beb7c799198,RELM91_6a62e4a75b1e5d6e90,MATM91_1a2ac1fa61acb62449,梯恩梯,安全特性,热感度(5s爆发点),290 ~ 300,,290,300,℃,explicit_or_field_specific,,,validated_range,true,,primary_value,热感度(5s爆发点),,,5,21,EVM91_7a95255648f251cc03,accepted
PROPM91_bbb4385f8d69596065,RELM91_9d02013d1458026056,MATM91_1a2ac1fa61acb62449,梯恩梯,安全特性,电火花感度,不敏感,,,,,,,敏感|不敏感,qualitative_only,false,no_reliable_numeric_measurement,,,,,,21,EVM91_2ed11d9f17aea6996e,accepted
PROPM91_e562f37b6650a976f4,RELM91_129e167c3098f17674,MATM91_1a2ac1fa61acb62449,梯恩梯,安全特性,吸湿性,极小 (不吸湿),,,,,,,吸湿|不吸湿|极小,text_only,false,no_reliable_numeric_measurement,,,,,,21,EVM91_32b5b2f9def6310f9c,accepted
PROPM91_337d14d92568190ece,RELM91_4affc93750f9512beb,MATM91_1a2ac1fa61acb62449,梯恩梯,安全特性,熔点,80.8 (纯品),80.8,,,℃,explicit_or_field_specific,,,validated_single,true,,primary_value,熔点,,,,21,EVM91_b334ff206180786524,accepted
PROPM91_cb6cf05fb813de3368,RELM91_5c7e2a7eca8a96f4ef,MATM91_1a2ac1fa61acb62449,梯恩梯,安全特性,分解温度,"240°C以上分解, 290°C+爆发",,,,,,,,multiple_measurements,false,multiple_primary_measurements,,分解温度,,,,21,EVM91_16032ef4bace8d3051,accepted
PROPM91_5fe41ecfc436116943,RELM91_7ecb574fd4dbaf1b0a,MATM91_1a2ac1fa61acb62449,梯恩梯,能量特性,爆速,6900 (在密度 1.60g/cm3 下),,,,,,,,condition_only,false,only_test_conditions,,,,,,21,EVM91_5f717390bbf9a99f9e,accepted
PROPM91_f48a9dbb4072dbd919,RELM91_120ca57c545791d7d7,MATM91_1a2ac1fa61acb62449,梯恩梯,能量特性,爆温,~3000,3000,,,℃,explicit_or_field_specific,~,,validated_single,true,,primary_value,爆温,~,,,21,EVM91_97741c25c198b68d20,accepted
PROPM91_d6b14b19180817b7ec,RELM91_2ba093c078830bd5ab,MATM91_1a2ac1fa61acb62449,梯恩梯,能量特性,爆压,~19,19,,,GPa,explicit_or_field_specific,~,,validated_single,true,,primary_value,爆压,~,,,21,EVM91_27b5f97166bf211e51,accepted
PROPM91_801c9869101d3e0046,RELM91_f0620167b468dc0c2f,MATM91_1a2ac1fa61acb62449,梯恩梯,能量特性,爆容,约 730,730,,,L/kg,explicit_or_field_specific,~,,validated_single,true,,primary_value,爆容,~,,,21,EVM91_db440715a46168cb17,accepted
PROPM91_212e6442ae945aa570,RELM91_2444e1a48bfe7a4bcd,MATM91_1a2ac1fa61acb62449,梯恩梯,能量特性,威力,标准值 1.0 (TNT当量基准),,,,,,,,text_only,false,no_reliable_numeric_measurement,,,,,,21,EVM91_2008f16a082518bb05,accepted
PROPM91_89c5c2b5767af1b3ae,RELM91_237e8c869e1c2d3397,MATM91_1a2ac1fa61acb62449,梯恩梯,能量特性,猛度,中等 (铅柱压缩值约 13-16mm),,13,16,mm,explicit_or_field_specific,~,中等,validated_range,true,,primary_value,猛度,~,,,21,EVM91_15b75d105512effa34,accepted
PROPM91_2080bcb34990e57d08,RELM91_48ca8034eb7eab1818,MATM91_1a2ac1fa61acb62449,梯恩梯,能量特性,起爆力,"无 (属于猛炸药, 需起爆药起爆)",,,,,,,无,text_only,false,no_reliable_numeric_measurement,,,,,,21,EVM91_2eede823c2a75c2a86,accepted
PROPM91_cd25a471d771cd4667,RELM91_830b25b7571f83d9f9,MATM91_1a2ac1fa61acb62449,梯恩梯,能量特性,燃烧速度(发射药、推进剂),稳定燃烧,,,,,,,,qualitative_only,false,no_reliable_numeric_measurement,,,,,,21,EVM91_b3aa70af555fd76a85,accepted
PROPM91_e51ac54eba3bd0f2ed,RELM91_3b7395c23afaa9ddc2,MATM91_1a2ac1fa61acb62449,梯恩梯,能量特性,火药力(发射药),约 900 ~ 1000 kJ/kg,,900,1000,kJ/kg,explicit_or_field_specific,~,,validated_range,true,,primary_value,火药力(发射药),~,,,21,EVM91_7a6a813e7678ef8f4c,accepted
PROPM91_3fd8d050aea2b9b9d4,RELM91_e247a40110e61a04b0,MATM91_eaf88d805f8158b15c,黑索今,理化性质,分子量(单质),222.12,,,,g/mol,field_dictionary,,,qualitative_only,false,no_reliable_numeric_measurement,,,,,,22,EVM91_4612b7e70b6857c30d,accepted
PROPM91_a1353bec36f8154556,RELM91_a54131ed50fc899d49,MATM91_eaf88d805f8158b15c,黑索今,理化性质,密度,1.816 (理论晶体密度); 1.60 ~ 1.76 (装填密度),1.816,,,g/cm³,explicit_or_field_specific,,,validated_single,true,,true_density,密度,,,,22,EVM91_0e514c61d1ebcbbc8e,accepted
PROPM91_5cfab018f0701025e3,RELM91_c9c4a3169ecdafea5e,MATM91_eaf88d805f8158b15c,黑索今,理化性质,外观,白色细微结晶粉末,,,,,,,,text_only,false,no_reliable_numeric_measurement,,,,,,22,EVM91_c3031e43e9594be947,accepted
PROPM91_d0592620fce30f5113,RELM91_c4bbd642de5bd4b194,MATM91_eaf88d805f8158b15c,黑索今,理化性质,溶解性,"不溶于水, 微溶于乙醚和乙醇, 易溶于丙酮和热苯",,,,,,,,text_only,false,no_reliable_numeric_measurement,,,,,,22,EVM91_3da89a20fa479f08f7,accepted
PROPM91_7a31e8e71e722edf27,RELM91_174ae4cd62276de88d,MATM91_eaf88d805f8158b15c,黑索今,理化性质,挥发性,极低,,,,,,,低|极低,text_only,false,no_reliable_numeric_measurement,,,,,,22,EVM91_861e1058ba3bf685bb,accepted
PROPM91_f149837f4509a79d7a,RELM91_6a57a1be0f16c24186,MATM91_eaf88d805f8158b15c,黑索今,安全特性,摩擦感度(需对应不同测试条件),"中等 (比TNT敏感, 但低于起爆药)",,,,,,,敏感|中等|低,qualitative_only,false,no_reliable_numeric_measurement,,,,,,22,EVM91_98789ae38046143f60,accepted
PROPM91_ba9f91bb387313e426,RELM91_00f80e5de19e421fd3,MATM91_eaf88d805f8158b15c,黑索今,安全特性,撞击感度(需对应不同测试条件),"中等 (2kg落锤, 20-30 cm; 需传爆药或雷管起爆)",,20,30,cm,explicit_or_field_specific,,中等,validated_range,true,,impact_height,落锤高度,,2,,22,EVM91_b0c8d08e36b634b84a,accepted
PROPM91_a74004c3dbc7b87e00,RELM91_79c9630a6a96c6d0ae,MATM91_eaf88d805f8158b15c,黑索今,安全特性,冲击感度,敏感 (常作为传爆药和主炸药),,,,,,,敏感,qualitative_only,false,no_reliable_numeric_measurement,,,,,,22,EVM91_4af3f1d31929ccc29a,accepted
PROPM91_c2ce0f3fca41b47dcd,RELM91_d2c6839852250163ca,MATM91_eaf88d805f8158b15c,黑索今,安全特性,火焰感度,"敏感 (受热易燃烧, 强约束下易转爆轰)",,,,,,,敏感|强,qualitative_only,false,no_reliable_numeric_measurement,,,,,,22,EVM91_ea8191603465f3c367,accepted
PROPM91_22e317bdd1364e6651,RELM91_100a005ff5e1b346fc,MATM91_eaf88d805f8158b15c,黑索今,安全特性,静电感度(需对应不同测试条件),低 (具有良好的介电性能),,,,,,,低,qualitative_only,false,no_reliable_numeric_measurement,,,,,,22,EVM91_d745511ff0ed48c0a6,accepted
PROPM91_64d7227d842e06dd97,RELM91_541f77c228666ec466,MATM91_eaf88d805f8158b15c,黑索今,安全特性,热感度(5s爆发点),230 ~ 240,,230,240,℃,explicit_or_field_specific,,,validated_range,true,,primary_value,热感度(5s爆发点),,,5,22,EVM91_2bd22a8444c4113333,accepted
PROPM91_6a013e292aba5bbce7,RELM91_1e549719de64489d07,MATM91_eaf88d805f8158b15c,黑索今,安全特性,电火花感度,不敏感,,,,,,,敏感|不敏感,qualitative_only,false,no_reliable_numeric_measurement,,,,,,22,EVM91_384f52b35b7164357e,accepted
PROPM91_c71b785beb46ad48cb,RELM91_069d33098f84fac1af,MATM91_eaf88d805f8158b15c,黑索今,安全特性,吸湿性,极小 (不吸湿),,,,,,,吸湿|不吸湿|极小,text_only,false,no_reliable_numeric_measurement,,,,,,22,EVM91_4e942210b44de5e477,accepted
PROPM91_29391c3143bface747,RELM91_1131211ecdbb7b86d7,MATM91_eaf88d805f8158b15c,黑索今,安全特性,熔点,204.1 (纯品),204.1,,,℃,explicit_or_field_specific,,,validated_single,true,,primary_value,熔点,,,,22,EVM91_b7491510fb40e0d7c5,accepted
PROPM91_15f3e4f97e595aada5,RELM91_17b517d4c0ba6e505d,MATM91_eaf88d805f8158b15c,黑索今,安全特性,分解温度,"204°C熔化并开始分解, 230°C+剧烈分解",,,,,,,,multiple_measurements,false,multiple_primary_measurements,,分解温度,,,,22,EVM91_baf8890eee62ea793c,accepted
PROPM91_b240e294926ac18ce6,RELM91_33453d98ec050967cd,MATM91_eaf88d805f8158b15c,黑索今,能量特性,爆速,8750 (在密度 1.76g/cm3 下),,,,,,,,condition_only,false,only_test_conditions,,,,,,22,EVM91_df17cf5a79dfa5263d,accepted
PROPM91_73fda47e342869c80f,RELM91_5f07ee93f0f202877f,MATM91_eaf88d805f8158b15c,黑索今,能量特性,爆温,~3400,3400,,,℃,explicit_or_field_specific,~,,validated_single,true,,primary_value,爆温,~,,,22,EVM91_88b55552c7d8380511,accepted
PROPM91_e7e4b9383f87dd676e,RELM91_4f20da9afa398b8d6e,MATM91_eaf88d805f8158b15c,黑索今,能量特性,爆压,~34,34,,,GPa,explicit_or_field_specific,~,,validated_single,true,,primary_value,爆压,~,,,22,EVM91_9f4406e529950cd6f7,accepted
PROPM91_d5a67ba408abe74759,RELM91_c7253b64903d091b76,MATM91_eaf88d805f8158b15c,黑索今,能量特性,爆容,约 900,900,,,L/kg,explicit_or_field_specific,~,,validated_single,true,,primary_value,爆容,~,,,22,EVM91_1da891688b94b2d44f,accepted
PROPM91_972d1933980b1b2b98,RELM91_52eb16a54d329c3893,MATM91_eaf88d805f8158b15c,黑索今,能量特性,威力,强 (约 1.6 倍 TNT 威力),,,,,,,强,text_only,false,no_reliable_numeric_measurement,,,,,,22,EVM91_b4a75121a6927010d3,accepted
PROPM91_2f5ba3f8a731da08d7,RELM91_f69c5263b39a5fa58b,MATM91_eaf88d805f8158b15c,黑索今,能量特性,猛度,高 (铅柱压缩值约 18-22mm),,18,22,mm,explicit_or_field_specific,~,高,validated_range,true,,primary_value,猛度,~,,,22,EVM91_cbaf299f6fe4c69487,accepted
PROPM91_528d0e7fa131b84445,RELM91_97f0d385cdd6805d00,MATM91_eaf88d805f8158b15c,黑索今,能量特性,起爆力,"无 (猛炸药, 需起爆药激发)",,,,,,,无,text_only,false,no_reliable_numeric_measurement,,,,,,22,EVM91_b6468774a0d51ff58a,accepted
PROPM91_e4c2a3fa2167c1fd8b,RELM91_48b1e6950af7c21745,MATM91_eaf88d805f8158b15c,黑索今,能量特性,燃烧速度(发射药、推进剂),"稳定燃烧, 受强约束或冲击易爆轰",,,,,,,强,qualitative_only,false,no_reliable_numeric_measurement,,,,,,22,EVM91_42ddce5a2f3781d3ea,accepted
PROPM91_1ac71055c72bd46f75,RELM91_0a6aebfe8693750754,MATM91_eaf88d805f8158b15c,黑索今,能量特性,火药力(发射药),约 1100 kJ/kg,1100,,,kJ/kg,explicit_or_field_specific,~,,validated_single,true,,primary_value,火药力(发射药),~,,,22,EVM91_a0901666a1fdbab72e,accepted
PROPM91_6cfa5e86d9a2b554f6,RELM91_f0df0906948baecc8f,MATM91_30c0497800bd983915,奥克托今,理化性质,分子量(单质),296.16,,,,g/mol,field_dictionary,,,qualitative_only,false,no_reliable_numeric_measurement,,,,,,23,EVM91_cd2c6ec45bc0ad2de4,accepted
PROPM91_48f6b747a6a7e043ac,RELM91_403a1dccf6e836d4cf,MATM91_30c0497800bd983915,奥克托今,理化性质,密度,1.91 (β型晶体密度); 1.80 ~ 1.89 (实际密度),1.91,,,g/cm³,explicit_or_field_specific,,,validated_single,true,,primary_value,密度,,,,23,EVM91_5d63e5a4081434d456,accepted
PROPM91_4d13113dd77b4743d2,RELM91_cd30765f444f1010da,MATM91_30c0497800bd983915,奥克托今,理化性质,外观,白色晶体粉末,,,,,,,,text_only,false,no_reliable_numeric_measurement,,,,,,23,EVM91_e528fad8b547ada54c,accepted
PROPM91_57f2d83db3b1fc52ed,RELM91_c30778f7dbcc42659a,MATM91_30c0497800bd983915,奥克托今,理化性质,溶解性,"极难溶于水, 微溶于乙醇、苯, 溶于丙酮、二甲基亚砜(DMSO)",,,,,,,,text_only,false,no_reliable_numeric_measurement,,,,,,23,EVM91_fc59557291749793bd,accepted
PROPM91_9d9adb5988f009078a,RELM91_6e93f8b0abf79643d9,MATM91_30c0497800bd983915,奥克托今,理化性质,挥发性,极低,,,,,,,低|极低,text_only,false,no_reliable_numeric_measurement,,,,,,23,EVM91_7dae6285ee8cf25b08,accepted
PROPM91_42a76ba1151d611f03,RELM91_b723f6615a107480f8,MATM91_30c0497800bd983915,奥克托今,安全特性,摩擦感度(需对应不同测试条件),"中等 (比TNT敏感, 略低于或接近单质黑索今)",,,,,,,敏感|中等|低,qualitative_only,false,no_reliable_numeric_measurement,,,,,,23,EVM91_4c06ff1875c05dc657,accepted
PROPM91_42356612e84712164e,RELM91_8b98f43134bba2aa06,MATM91_30c0497800bd983915,奥克托今,安全特性,撞击感度(需对应不同测试条件),"中等 (2kg落锤, 25-35 cm; 比RDX稍安全)",,25,35,cm,explicit_or_field_specific,,中等,validated_range,true,,impact_height,落锤高度,,2,,23,EVM91_77944cca1b83ee804e,accepted
PROPM91_ad1e1015e090b9baf0,RELM91_730b9f49c37c49f2c9,MATM91_30c0497800bd983915,奥克托今,安全特性,冲击感度,敏感 (常作为高性能战斗部的主炸药),,,,,,,敏感|高,qualitative_only,false,no_reliable_numeric_measurement,,,,,,23,EVM91_b7ad3a5cb7d0f3bdd9,accepted
PROPM91_255927a2b8effa9d4f,RELM91_9c399b5c01fb24fe2b,MATM91_30c0497800bd983915,奥克托今,安全特性,火焰感度,敏感 (受热或火星易点燃),,,,,,,敏感,qualitative_only,false,no_reliable_numeric_measurement,,,,,,23,EVM91_d79c15965d607ca1c3,accepted
PROPM91_a3971b0826b0b0100a,RELM91_4d1c83725f00dc7c8c,MATM91_30c0497800bd983915,奥克托今,安全特性,静电感度(需对应不同测试条件),低 (抗静电性能良好),,,,,,,低,qualitative_only,false,no_reliable_numeric_measurement,,,,,,23,EVM91_7a01a7999d368f074d,accepted
PROPM91_8603a9dea14ec1134a,RELM91_015416e8d1c1737d40,MATM91_30c0497800bd983915,奥克托今,安全特性,热感度(5s爆发点),310 ~ 330,,310,330,℃,explicit_or_field_specific,,,validated_range,true,,primary_value,热感度(5s爆发点),,,5,23,EVM91_2f667af2856463bb50,accepted
PROPM91_c04bf81477bcced58c,RELM91_c76d13b1db50c9c6b1,MATM91_30c0497800bd983915,奥克托今,安全特性,电火花感度,不敏感,,,,,,,敏感|不敏感,qualitative_only,false,no_reliable_numeric_measurement,,,,,,23,EVM91_26b946cd2aa1e90ae5,accepted
PROPM91_db152d6021e594e53b,RELM91_673ab0cafd4240f777,MATM91_30c0497800bd983915,奥克托今,安全特性,吸湿性,极小 (不吸湿),,,,,,,吸湿|不吸湿|极小,text_only,false,no_reliable_numeric_measurement,,,,,,23,EVM91_6a21dd9245398c70f1,accepted
PROPM91_23d4da6d0c3991646f,RELM91_c3b79445f82ced92a1,MATM91_30c0497800bd983915,奥克托今,安全特性,熔点,275 ~ 285 (伴随分解),,275,285,℃,explicit_or_field_specific,,,validated_range,true,,primary_value,熔点,,,,23,EVM91_945ce28b2b4ea7b02d,accepted
PROPM91_9dbbee3df95029c8fd,RELM91_402b9a2172ad4b6566,MATM91_30c0497800bd983915,奥克托今,安全特性,分解温度,280°C以上剧烈分解并发生爆炸,280,,,℃,explicit_or_field_specific,,,validated_single,true,,event_temperature,分解温度,,,,23,EVM91_5090f38246f0d5781b,accepted
PROPM91_efdc39792f204f9fa5,RELM91_4208f244ee6885740f,MATM91_30c0497800bd983915,奥克托今,能量特性,爆速,9100 ~ 9110 (在密度 1.90g/cm3 下),,,,,,,,condition_only,false,only_test_conditions,,,,,,23,EVM91_98829a6cd14a187324,accepted
PROPM91_5d80a7931ddc164923,RELM91_22f168d16d3ddee2c0,MATM91_30c0497800bd983915,奥克托今,能量特性,爆温,~3300,3300,,,℃,explicit_or_field_specific,~,,validated_single,true,,primary_value,爆温,~,,,23,EVM91_a654e240f4e57ca068,accepted
PROPM91_14736e053885a44adc,RELM91_110f0b72b358759ddb,MATM91_30c0497800bd983915,奥克托今,能量特性,爆压,~39,39,,,GPa,explicit_or_field_specific,~,,validated_single,true,,primary_value,爆压,~,,,23,EVM91_2dc26e18c83c9e1176,accepted
PROPM91_a312ff75853678507e,RELM91_23bff11ad7089aaa4d,MATM91_30c0497800bd983915,奥克托今,能量特性,爆容,约 780,780,,,L/kg,explicit_or_field_specific,~,,validated_single,true,,primary_value,爆容,~,,,23,EVM91_7b0e1b17fa9fd26101,accepted
PROPM91_f5833b1aeda86c5479,RELM91_c73801a21c5e0a0a01,MATM91_30c0497800bd983915,奥克托今,能量特性,威力,极强 (约为 1.7 ~ 1.9 倍 TNT 威力),,,,,,,强,text_only,false,no_reliable_numeric_measurement,,,,,,23,EVM91_9246365e10978d8cc2,accepted
PROPM91_3297dee2c206d201fa,RELM91_0d4928bd4828c97bb4,MATM91_30c0497800bd983915,奥克托今,能量特性,猛度,极高 (铅柱压缩值约 22-25mm),,22,25,mm,explicit_or_field_specific,~,极高|高,validated_range,true,,primary_value,猛度,~,,,23,EVM91_28f8126fd1564c75aa,accepted
PROPM91_ed9e868bd07eae0b9e,RELM91_db6185d3f9656b5512,MATM91_30c0497800bd983915,奥克托今,能量特性,起爆力,"无 (猛炸药, 需起爆药激发)",,,,,,,无,text_only,false,no_reliable_numeric_measurement,,,,,,23,EVM91_54e0fe1451b6389054,accepted
PROPM91_7c02df82774a6db929,RELM91_08ddca6377b71e4b38,MATM91_30c0497800bd983915,奥克托今,能量特性,燃烧速度(发射药、推进剂),"稳定燃烧, 在极高压力或冲击下爆轰",,,,,,,极高|高,qualitative_only,false,no_reliable_numeric_measurement,,,,,,23,EVM91_7570ab2ef7af79a420,accepted
PROPM91_4bce67c7ce92eddbe7,RELM91_fa7d85bb6c2b65e01f,MATM91_30c0497800bd983915,奥克托今,能量特性,火药力(发射药),约 1150 kJ/kg,1150,,,kJ/kg,explicit_or_field_specific,~,,validated_single,true,,primary_value,火药力(发射药),~,,,23,EVM91_09a789453754d4ebef,accepted
PROPM91_b4d56a17ce9e7aaf41,RELM91_6dd1c5bf35f5d842d7,MATM91_bbe111847b34b86755,特屈儿,理化性质,分子量(单质),287.14,,,,g/mol,field_dictionary,,,qualitative_only,false,no_reliable_numeric_measurement,,,,,,24,EVM91_341b264e5c078a146e,accepted
PROPM91_e2ef2a106fff57a2fa,RELM91_b4691897b02fdbb330,MATM91_bbe111847b34b86755,特屈儿,理化性质,密度,1.73 (晶体理论密度); 1.55 ~ 1.70 (压装密度),1.73,,,g/cm³,explicit_or_field_specific,,,validated_single,true,,true_density,密度,,,,24,EVM91_1a593e995ae6d95d60,accepted
PROPM91_243ac015b77303466f,RELM91_b368a0b28971956885,MATM91_bbe111847b34b86755,特屈儿,理化性质,外观,黄色结晶粉末 (见光后颜色变深呈浅褐色),,,,,,,,text_only,false,no_reliable_numeric_measurement,,,,,,24,EVM91_a081d452d7e9ae42f9,accepted
PROPM91_327227b3cd4a83962f,RELM91_80046f3bbf7e37b78c,MATM91_bbe111847b34b86755,特屈儿,理化性质,溶解性,"极难溶于水 (0.007g/100g), 微溶于乙醇, 易溶于丙酮、苯、醋酸乙酯",,,,,,,,text_only,false,no_reliable_numeric_measurement,,,,,,24,EVM91_37e66b733d5f560d45,accepted
PROPM91_ba86ea708deab271d5,RELM91_b1861ae44a6d428ef9,MATM91_bbe111847b34b86755,特屈儿,理化性质,挥发性,极低,,,,,,,低|极低,text_only,false,no_reliable_numeric_measurement,,,,,,24,EVM91_14609a62e7a81ec833,accepted
PROPM91_aa0ac325d3611a9ea8,RELM91_14c82b792e11690298,MATM91_bbe111847b34b86755,特屈儿,安全特性,摩擦感度(需对应不同测试条件),"中等敏感 (比TNT高, 干燥状态需警惕)",,,,,,,中等敏感|敏感|中等|高,qualitative_only,false,no_reliable_numeric_measurement,,,,,,24,EVM91_4bb5dab90c0c379380,accepted
PROPM91_30a0ba2c8b6ff770a0,RELM91_cd768a2cff47fc9bcd,MATM91_bbe111847b34b86755,特屈儿,安全特性,撞击感度(需对应不同测试条件),"较高 (2kg落锤, 25-40 cm; 敏感度介于TNT与黑索今之间)",,25,40,cm,explicit_or_field_specific,,敏感|高,validated_range,true,,impact_height,落锤高度,,2,,24,EVM91_06bda154945be134d3,accepted
PROPM91_0b261612751d4393ab,RELM91_4b95107c5fd83bd342,MATM91_bbe111847b34b86755,特屈儿,安全特性,冲击感度,"敏感 (极佳的传爆药, 对雷管冲击响应可靠)",,,,,,,敏感,qualitative_only,false,no_reliable_numeric_measurement,,,,,,24,EVM91_c5d98c6e7394fcda33,accepted
PROPM91_d1efa9d14099e65d32,RELM91_0a29154fbcff3b3590,MATM91_bbe111847b34b86755,特屈儿,安全特性,火焰感度,较敏感 (易被引燃并转爆轰),,,,,,,较敏感|敏感,qualitative_only,false,no_reliable_numeric_measurement,,,,,,24,EVM91_144653d63d0d2e4fa5,accepted
PROPM91_4068743c68a4ed425b,RELM91_550bde8fb2eaeaa973,MATM91_bbe111847b34b86755,特屈儿,安全特性,静电感度(需对应不同测试条件),低 (具有良好的介电稳定性),,,,,,,低,qualitative_only,false,no_reliable_numeric_measurement,,,,,,24,EVM91_787760105d7a68e82e,accepted
PROPM91_a0cc96bb707424b09f,RELM91_9b834ccbc47fb0ba49,MATM91_bbe111847b34b86755,特屈儿,安全特性,热感度(5s爆发点),185 ~ 195,,185,195,℃,explicit_or_field_specific,,,validated_range,true,,primary_value,热感度(5s爆发点),,,5,24,EVM91_6f148738339d394239,accepted
PROPM91_8f7c5dcddfcf382910,RELM91_5690d335c4dc4e1322,MATM91_bbe111847b34b86755,特屈儿,安全特性,电火花感度,不敏感,,,,,,,敏感|不敏感,qualitative_only,false,no_reliable_numeric_measurement,,,,,,24,EVM91_2abb98bcb4eedd289c,accepted
PROPM91_7cabb6281adbef4b15,RELM91_a54c6509d55a778e1c,MATM91_bbe111847b34b86755,特屈儿,安全特性,吸湿性,极小 (不吸湿),,,,,,,吸湿|不吸湿|极小,text_only,false,no_reliable_numeric_measurement,,,,,,24,EVM91_5edce763966a158a94,accepted
PROPM91_880afdaa2c4bf6f40d,RELM91_5490b3f7945b02ca99,MATM91_bbe111847b34b86755,特屈儿,安全特性,熔点,129.5 (纯品),129.5,,,℃,explicit_or_field_specific,,,validated_single,true,,primary_value,熔点,,,,24,EVM91_4923b51d077c6ae872,accepted
PROPM91_613686e73e4097997f,RELM91_c47ad2cd14ffdac13c,MATM91_bbe111847b34b86755,特屈儿,安全特性,分解温度,"130°C熔化并伴随缓慢分解, 185°C+剧烈分解",,,,,,,,multiple_measurements,false,multiple_primary_measurements,,分解温度,,,,24,EVM91_e0c6c04801b205967e,accepted
PROPM91_df58770eecd991a656,RELM91_d6dfdbc01a419c222a,MATM91_bbe111847b34b86755,特屈儿,能量特性,爆速,7570 (在密度 1.71g/cm3 下),,,,,,,,condition_only,false,only_test_conditions,,,,,,24,EVM91_91ef3db737b77b70c9,accepted
PROPM91_3cad6d880be0920ad0,RELM91_7e7a6dc92656ac9f46,MATM91_bbe111847b34b86755,特屈儿,能量特性,爆温,~3300,3300,,,℃,explicit_or_field_specific,~,,validated_single,true,,primary_value,爆温,~,,,24,EVM91_8fe1f903569f321395,accepted
PROPM91_135d81c44eb4eb6f87,RELM91_6ffbeb041374f145ce,MATM91_bbe111847b34b86755,特屈儿,能量特性,爆压,~21,21,,,GPa,explicit_or_field_specific,~,,validated_single,true,,primary_value,爆压,~,,,24,EVM91_3783b9c51b5368ce9c,accepted
PROPM91_304e02238bea501711,RELM91_2c082807ede78599c7,MATM91_bbe111847b34b86755,特屈儿,能量特性,爆容,约 760,760,,,L/kg,explicit_or_field_specific,~,,validated_single,true,,primary_value,爆容,~,,,24,EVM91_56b5fe1aa7c04daa34,accepted
PROPM91_d7b2f4cd86e19bb550,RELM91_3b2cbcd84a81d104e6,MATM91_bbe111847b34b86755,特屈儿,能量特性,威力,强 (约 1.2 ~ 1.3 倍 TNT 威力),,,,,,,强,text_only,false,no_reliable_numeric_measurement,,,,,,24,EVM91_a907bba970917924ad,accepted
PROPM91_53d3c578edb801cbb5,RELM91_e9030a01b8816cfe65,MATM91_bbe111847b34b86755,特屈儿,能量特性,猛度,高 (铅柱压缩值约 16-19mm),,16,19,mm,explicit_or_field_specific,~,高,validated_range,true,,primary_value,猛度,~,,,24,EVM91_deda69f167fa0e0be2,accepted
PROPM91_0a52a71da1cb1ce738,RELM91_8ea7fb39b9db6a4a2a,MATM91_bbe111847b34b86755,特屈儿,能量特性,起爆力,"无 (猛炸药, 需起爆药激发)",,,,,,,无,text_only,false,no_reliable_numeric_measurement,,,,,,24,EVM91_fbcd5ce5207196b530,accepted
PROPM91_7e4f5ad939e140364c,RELM91_248708feaffac51cd7,MATM91_bbe111847b34b86755,特屈儿,能量特性,燃烧速度(发射药、推进剂),"稳定燃烧, 强约束下极易转爆轰",,,,,,,强,qualitative_only,false,no_reliable_numeric_measurement,,,,,,24,EVM91_98ab47be9a231a93c1,accepted
PROPM91_8f24652c0851683a96,RELM91_176ec303d3dc8bd68d,MATM91_bbe111847b34b86755,特屈儿,能量特性,火药力(发射药),约 950 kJ/kg,950,,,kJ/kg,explicit_or_field_specific,~,,validated_single,true,,primary_value,火药力(发射药),~,,,24,EVM91_51341328ff30303cc8,accepted
PROPM91_459cce50058928596f,RELM91_76bcf59fcfd0530c20,MATM91_968b5c55a6f7d20289,太安,理化性质,分子量(单质),316.14,,,,g/mol,field_dictionary,,,qualitative_only,false,no_reliable_numeric_measurement,,,,,,25,EVM91_8efb2d5e333c8f1d13,accepted
PROPM91_0a348084bd4dcd59a0,RELM91_d5148fe541a301144c,MATM91_968b5c55a6f7d20289,太安,理化性质,密度,1.77 (晶体理论密度); 1.60 ~ 1.70 (装填密度),1.77,,,g/cm³,explicit_or_field_specific,,,validated_single,true,,true_density,密度,,,,25,EVM91_d43ac54cd63bc2f555,accepted
PROPM91_668b24585633f49024,RELM91_1340b5212438cd2bfb,MATM91_968b5c55a6f7d20289,太安,理化性质,外观,白色细小结晶粉末,,,,,,,,text_only,false,no_reliable_numeric_measurement,,,,,,25,EVM91_4c78f97a3b473c9fff,accepted
PROPM91_bb3b19d9725f5a0f54,RELM91_b0077031768c20521a,MATM91_968b5c55a6f7d20289,太安,理化性质,溶解性,"不溶于水, 微溶于乙醇、乙醚、苯, 易溶于丙酮、醋酸乙酯",,,,,,,,text_only,false,no_reliable_numeric_measurement,,,,,,25,EVM91_c77794a6de9251a487,accepted
PROPM91_83952a0fb438632460,RELM91_7624e08d6299f9ca9d,MATM91_968b5c55a6f7d20289,太安,理化性质,挥发性,极低,,,,,,,低|极低,text_only,false,no_reliable_numeric_measurement,,,,,,25,EVM91_c24a9bc0e57134aa14,accepted
PROPM91_8a8061ee3c36ea5a9c,RELM91_4978b5495632c4061b,MATM91_968b5c55a6f7d20289,太安,安全特性,摩擦感度(需对应不同测试条件),"较高 (在猛炸药中属于敏感级别, 需严防摩擦)",,,,,,,敏感|高,qualitative_only,false,no_reliable_numeric_measurement,,,,,,25,EVM91_925c0efd3e5ead5e30,accepted
PROPM91_8124f833a6e6f8783f,RELM91_29358c6163c1cd444e,MATM91_968b5c55a6f7d20289,太安,安全特性,撞击感度(需对应不同测试条件),"高 (2kg落锤, 10-20 cm; 显著高于TNT和黑索今)",,10,20,cm,explicit_or_field_specific,,高,validated_range,true,,impact_height,落锤高度,,2,,25,EVM91_73c038f44534481c11,accepted
PROPM91_04d7f8a7d4e31e935b,RELM91_22dae00ff86f9ee716,MATM91_968b5c55a6f7d20289,太安,安全特性,冲击感度,极敏感 (常用于雷管的传爆药柱和导爆索),,,,,,,极敏感|敏感,qualitative_only,false,no_reliable_numeric_measurement,,,,,,25,EVM91_e2738768d5c51a51a4,accepted
PROPM91_e0ad9131dddef03ded,RELM91_86b56b6223429060ef,MATM91_968b5c55a6f7d20289,太安,安全特性,火焰感度,敏感 (遇明火极易被引燃并迅速爆轰),,,,,,,敏感,qualitative_only,false,no_reliable_numeric_measurement,,,,,,25,EVM91_4bd4effe2c2e7eaff3,accepted
PROPM91_39a16be6b1ae306cef,RELM91_1f9b265808658beeb1,MATM91_968b5c55a6f7d20289,太安,安全特性,静电感度(需对应不同测试条件),低 (具有良好的介电性能),,,,,,,低,qualitative_only,false,no_reliable_numeric_measurement,,,,,,25,EVM91_c1bfef9d137a9495f4,accepted
PROPM91_278d09f667ea5f6a88,RELM91_8e9fd335ed147bb32a,MATM91_968b5c55a6f7d20289,太安,安全特性,热感度(5s爆发点),210 ~ 225,,210,225,℃,explicit_or_field_specific,,,validated_range,true,,primary_value,热感度(5s爆发点),,,5,25,EVM91_2ccefce2d9e3144bdb,accepted
PROPM91_0374d87be4dc7f0e94,RELM91_1a65eac3a35d3cd107,MATM91_968b5c55a6f7d20289,太安,安全特性,电火花感度,敏感,,,,,,,敏感,qualitative_only,false,no_reliable_numeric_measurement,,,,,,25,EVM91_e3d444be48c3ecd4f9,accepted
PROPM91_fd7bfd8742ef516690,RELM91_27007269beeff470a0,MATM91_968b5c55a6f7d20289,太安,安全特性,吸湿性,"极小 (不吸湿, 化学安定性极佳)",,,,,,,吸湿|不吸湿|极小,text_only,false,no_reliable_numeric_measurement,,,,,,25,EVM91_9ee32c919fbd7ee5ff,accepted
PROPM91_04455f22f4dd1d34cf,RELM91_ce33b469e03ac537dd,MATM91_968b5c55a6f7d20289,太安,安全特性,熔点,141.3 (纯品),141.3,,,℃,explicit_or_field_specific,,,validated_single,true,,primary_value,熔点,,,,25,EVM91_3b92b4ff52739822c4,accepted
PROPM91_d2a7087eb111c8c5d4,RELM91_ad6f2a2c5551290202,MATM91_968b5c55a6f7d20289,太安,安全特性,分解温度,"150°C以上开始分解, 210°C+剧烈分解并可能爆炸",,,,,,,,multiple_measurements,false,multiple_primary_measurements,,分解温度,,,,25,EVM91_96c8c7c95cfa1f8095,accepted
PROPM91_c42f29eb3bb27df163,RELM91_ef6a336631a48ca972,MATM91_968b5c55a6f7d20289,太安,能量特性,爆速,8400 (在密度 1.70g/cm3 下),,,,,,,,condition_only,false,only_test_conditions,,,,,,25,EVM91_281ee3ffaed19fbe37,accepted
PROPM91_cc86fc58d99f95997d,RELM91_b10201b4a4b0990782,MATM91_968b5c55a6f7d20289,太安,能量特性,爆温,~3300,3300,,,℃,explicit_or_field_specific,~,,validated_single,true,,primary_value,爆温,~,,,25,EVM91_d4f42d210274ece8cd,accepted
PROPM91_05046b657d7fa1d1ee,RELM91_087ff0dab8fdd6935d,MATM91_968b5c55a6f7d20289,太安,能量特性,爆压,~30,30,,,GPa,explicit_or_field_specific,~,,validated_single,true,,primary_value,爆压,~,,,25,EVM91_6a244c29ea412a31ae,accepted
PROPM91_c7be83ccd276b17e07,RELM91_e06a75d37e663c88aa,MATM91_968b5c55a6f7d20289,太安,能量特性,爆容,约 790,790,,,L/kg,explicit_or_field_specific,~,,validated_single,true,,primary_value,爆容,~,,,25,EVM91_c35fbcf5e0d72fb3d1,accepted
PROPM91_1b06a15ea729070c0a,RELM91_ef43d71a6ddab669a4,MATM91_968b5c55a6f7d20289,太安,能量特性,威力,强 (约 1.6 ~ 1.7 倍 TNT 威力),,,,,,,强,text_only,false,no_reliable_numeric_measurement,,,,,,25,EVM91_64b8477f555e14371f,accepted
PROPM91_e218486f196ef0903f,RELM91_c7249adbe1e8a2dcf0,MATM91_968b5c55a6f7d20289,太安,能量特性,猛度,高 (铅柱压缩值约 20-24mm),,20,24,mm,explicit_or_field_specific,~,高,validated_range,true,,primary_value,猛度,~,,,25,EVM91_eb7c5401611a78944a,accepted
PROPM91_97a10e5e1db0c849a8,RELM91_e9cf04321a3ef11f69,MATM91_968b5c55a6f7d20289,太安,能量特性,起爆力,"无 (猛炸药, 需起爆药激发)",,,,,,,无,text_only,false,no_reliable_numeric_measurement,,,,,,25,EVM91_11ddf06e1bae5c892a,accepted
PROPM91_d4e7768998268c5994,RELM91_6043d9d633dd01fb44,MATM91_968b5c55a6f7d20289,太安,能量特性,燃烧速度(发射药、推进剂),"稳定燃烧, 极易转爆轰",,,,,,,,qualitative_only,false,no_reliable_numeric_measurement,,,,,,25,EVM91_cf41595a94e445fe0d,accepted
PROPM91_221ac58db72582ffdd,RELM91_f13bda028adc379aae,MATM91_968b5c55a6f7d20289,太安,能量特性,火药力(发射药),约 1200 kJ/kg,1200,,,kJ/kg,explicit_or_field_specific,~,,validated_single,true,,primary_value,火药力(发射药),~,,,25,EVM91_763fd86c9e7e461a14,accepted
PROPM91_c9dab6ce7a610e19c7,RELM91_92484b9a941377bd7b,MATM91_0c3cc3d1129b5a8add,硝化甘油,理化性质,分子量(单质),227.09,,,,g/mol,field_dictionary,,,qualitative_only,false,no_reliable_numeric_measurement,,,,,,26,EVM91_8e625ac9c7ecd95bf1,accepted
PROPM91_e219cf5784a27d2b7d,RELM91_c8031d785c6822b7cf,MATM91_0c3cc3d1129b5a8add,硝化甘油,理化性质,密度,1.59 (15°C),15,,,℃,explicit_or_field_specific,,,validated_single,true,,primary_value,密度,,,,26,EVM91_5469e25b0432de656f,accepted
PROPM91_50b563bcd8f99c02a8,RELM91_1993524e4072064a77,MATM91_0c3cc3d1129b5a8add,硝化甘油,理化性质,外观,无色或浅黄色油状液体,,,,,,,无,text_only,false,no_reliable_numeric_measurement,,,,,,26,EVM91_41b72a73ab72abecd7,accepted
PROPM91_70710d3a5d49bdba7b,RELM91_2bc2c227e4d5d3e68e,MATM91_0c3cc3d1129b5a8add,硝化甘油,理化性质,溶解性,"微溶于水, 易溶于丙酮、乙醚、甲醇、苯和醋酸乙酯",,,,,,,,text_only,false,no_reliable_numeric_measurement,,,,,,26,EVM91_2554fc4fcdeb173ff2,accepted
PROPM91_194e9bcd800328f547,RELM91_426f7be0199dfdfc05,MATM91_0c3cc3d1129b5a8add,硝化甘油,理化性质,挥发性,有 (常温下有显著挥发性),,,,,,,,text_only,false,no_reliable_numeric_measurement,,,,,,26,EVM91_d20577e365573d621c,accepted
PROPM91_6d48942fd5c3d31c81,RELM91_5b190897304407077a,MATM91_0c3cc3d1129b5a8add,硝化甘油,安全特性,摩擦感度(需对应不同测试条件),极敏感 (液体状态受摩擦极易爆炸),,,,,,,极敏感|敏感,qualitative_only,false,no_reliable_numeric_measurement,,,,,,26,EVM91_123c5e70ac99429a50,accepted
PROPM91_17906a2e05695c8397,RELM91_b510d93f9107eaa228,MATM91_0c3cc3d1129b5a8add,硝化甘油,安全特性,撞击感度(需对应不同测试条件),"极高 (2kg落锤, 4-10 cm; 极易因撞击起爆)",,4,10,cm,explicit_or_field_specific,,极高|高,validated_range,true,,impact_height,落锤高度,,2,,26,EVM91_0249ce32d16ceaaa3e,accepted
PROPM91_a244a953257dae4df5,RELM91_bfa7c5873f2c375c9e,MATM91_0c3cc3d1129b5a8add,硝化甘油,安全特性,冲击感度,极敏感,,,,,,,极敏感|敏感,qualitative_only,false,no_reliable_numeric_measurement,,,,,,26,EVM91_836a97adece92f3c15,accepted
PROPM91_524e2a8545d5fdc91d,RELM91_be5ab5acc7abdb42cf,MATM91_0c3cc3d1129b5a8add,硝化甘油,安全特性,火焰感度,敏感 (遇明火剧烈燃烧并极易转爆轰),,,,,,,敏感,qualitative_only,false,no_reliable_numeric_measurement,,,,,,26,EVM91_22bae9f2c8f49a9a7c,accepted
PROPM91_8921bdf6a80b03d9ea,RELM91_7498579c657874ca1d,MATM91_0c3cc3d1129b5a8add,硝化甘油,安全特性,静电感度(需对应不同测试条件),敏感 (需严格防范),,,,,,,敏感,qualitative_only,false,no_reliable_numeric_measurement,,,,,,26,EVM91_868fc62a85b83e08aa,accepted
PROPM91_d67f54dd7c356955e5,RELM91_b19a8a4dcde5eebbb4,MATM91_0c3cc3d1129b5a8add,硝化甘油,安全特性,热感度(5s爆发点),200 ~ 220,,200,220,℃,explicit_or_field_specific,,,validated_range,true,,primary_value,热感度(5s爆发点),,,5,26,EVM91_1a81cf40e41f9a2efc,accepted
PROPM91_2ba3bf17881d8fdd18,RELM91_955510b7a49c635be1,MATM91_0c3cc3d1129b5a8add,硝化甘油,安全特性,电火花感度,敏感,,,,,,,敏感,qualitative_only,false,no_reliable_numeric_measurement,,,,,,26,EVM91_80da8085909035cd7f,accepted
PROPM91_fc38d12f181e3fa26f,RELM91_46a30366eabe162cea,MATM91_0c3cc3d1129b5a8add,硝化甘油,安全特性,吸湿性,不吸湿 (但易与水形成乳化),,,,,,,吸湿|不吸湿,text_only,false,no_reliable_numeric_measurement,,,,,,26,EVM91_af71ed9991cb7f0173,accepted
PROPM91_5af65b373e627e3d59,RELM91_c9c7c8068a0e758c6a,MATM91_0c3cc3d1129b5a8add,硝化甘油,安全特性,熔点,13.2 (稳定型) / 2.8 (不稳定型),13.2,,,℃,explicit_or_field_specific,,,validated_single,true,,primary_value,熔点,,,,26,EVM91_819bb9f00a0ce3cd72,accepted
PROPM91_d2f166253f647e091a,RELM91_9e3ec204081ed7253e,MATM91_0c3cc3d1129b5a8add,硝化甘油,安全特性,分解温度,"50 ~ 60°C开始缓慢分解, 210°C以上剧烈分解",,,,,,,,multiple_measurements,false,multiple_primary_measurements,,分解温度,,,,26,EVM91_c18b2aed39ca838e56,accepted
PROPM91_bc66c4a15c2ab2ee37,RELM91_c783c2870951454de0,MATM91_0c3cc3d1129b5a8add,硝化甘油,能量特性,爆速,7700 (高爆速) / 1500-2000 (低爆速状态),7700,,,m/s,explicit_or_field_specific,,低|高,validated_single,true,,primary_value,爆速,,,,26,EVM91_35edb96384a2010153,accepted
PROPM91_bebdb8b89e6a90fc21,RELM91_24d9261b9ea57d674b,MATM91_0c3cc3d1129b5a8add,硝化甘油,能量特性,爆温,~3300,3300,,,℃,explicit_or_field_specific,~,,validated_single,true,,primary_value,爆温,~,,,26,EVM91_feccddf9bae8ac7577,accepted
PROPM91_90a55e5d781ecd3aaa,RELM91_6e80cf9fbca1505b4c,MATM91_0c3cc3d1129b5a8add,硝化甘油,能量特性,爆压,~25,25,,,GPa,explicit_or_field_specific,~,,validated_single,true,,primary_value,爆压,~,,,26,EVM91_893b5c4fde01aa8ecf,accepted
PROPM91_225951cf2b8870554d,RELM91_7d21f8fd55253ed8e6,MATM91_0c3cc3d1129b5a8add,硝化甘油,能量特性,爆容,约 710,710,,,L/kg,explicit_or_field_specific,~,,validated_single,true,,primary_value,爆容,~,,,26,EVM91_3e2cbf154d12ca2bd4,accepted
PROPM91_8b82dc8c43c24d00df,RELM91_a4777e503ffeaba305,MATM91_0c3cc3d1129b5a8add,硝化甘油,能量特性,威力,强 (约 1.5 倍 TNT 威力),,,,,,,强,text_only,false,no_reliable_numeric_measurement,,,,,,26,EVM91_fb730bef777c99a020,accepted
PROPM91_03bd128a5026074d64,RELM91_6ed9880a44c6f5760e,MATM91_0c3cc3d1129b5a8add,硝化甘油,能量特性,猛度,高,,,,,,,高,text_only,false,no_reliable_numeric_measurement,,,,,,26,EVM91_b1847a0b4dcab330a9,accepted
PROPM91_c5048e56c753c8c7d2,RELM91_4b6927b1a23aedb22f,MATM91_0c3cc3d1129b5a8add,硝化甘油,能量特性,起爆力,"无 (猛炸药, 但对机械作用极敏感)",,,,,,,极敏感|敏感|无,text_only,false,no_reliable_numeric_measurement,,,,,,26,EVM91_11947d5a2d378f9735,accepted
PROPM91_a49cf0217a5b333b3b,RELM91_4530f12c7a856b064c,MATM91_0c3cc3d1129b5a8add,硝化甘油,能量特性,燃烧速度(发射药、推进剂),极快 (液体状态极易由燃烧转爆轰),,,,,,,,qualitative_only,false,no_reliable_numeric_measurement,,,,,,26,EVM91_2a03f8d99d78350508,accepted
PROPM91_e3f836118ccfe2bc13,RELM91_56ce0ad61a6c0429ed,MATM91_0c3cc3d1129b5a8add,硝化甘油,能量特性,火药力(发射药),约 1100 ~ 1200 kJ/kg,,1100,1200,kJ/kg,explicit_or_field_specific,~,,validated_range,true,,primary_value,火药力(发射药),~,,,26,EVM91_fc33f981536c1c1b89,accepted
PROPM91_2ab7d62b2e76d4e823,RELM91_7dac59c575e4eb3b9a,MATM91_9dbf4ad19d9b31e626,硝基胍,理化性质,分子量(单质),104.07,,,,g/mol,field_dictionary,,,qualitative_only,false,no_reliable_numeric_measurement,,,,,,27,EVM91_6363739e6593f53120,accepted
PROPM91_9f18e1238b80303237,RELM91_a936db8174791d5136,MATM91_9dbf4ad19d9b31e626,硝基胍,理化性质,密度,1.77 (晶体); 1.20 ~ 1.55 (装填密度),1.77,,,g/cm³,explicit_or_field_specific,,,validated_single,true,,primary_value,密度,,,,27,EVM91_f42350b5fc6f621b73,accepted
PROPM91_14fe9b1770fea3e175,RELM91_619c932779ca4d0b9b,MATM91_9dbf4ad19d9b31e626,硝基胍,理化性质,外观,白色细长针状晶体或粉末 (具有独特的丝光),,,,,,,,text_only,false,no_reliable_numeric_measurement,,,,,,27,EVM91_d6e906c9c8cf949246,accepted
PROPM91_bcf82f15e1ef0df43e,RELM91_f72ab2ee5f0f8fe9c8,MATM91_9dbf4ad19d9b31e626,硝基胍,理化性质,溶解性,"微溶于冷水, 易溶于热水, 溶于浓酸、碱, 不溶于乙醚、苯",,,,,,,,text_only,false,no_reliable_numeric_measurement,,,,,,27,EVM91_b11489bc566e205ad7,accepted
PROPM91_7a5b2da5193f203204,RELM91_5a150165144dc0c30f,MATM91_9dbf4ad19d9b31e626,硝基胍,理化性质,挥发性,极低,,,,,,,低|极低,text_only,false,no_reliable_numeric_measurement,,,,,,27,EVM91_1e37f123c31f3589a9,accepted
PROPM91_ec02b096c4bc256516,RELM91_5c3dad26c1f7eace62,MATM91_9dbf4ad19d9b31e626,硝基胍,安全特性,摩擦感度(需对应不同测试条件),极不敏感 (比TNT更加不敏感),,,,,,,敏感|不敏感|极不敏感,qualitative_only,false,no_reliable_numeric_measurement,,,,,,27,EVM91_86356025997f003c3f,accepted
PROPM91_7b8ec0e0cf792c6567,RELM91_5b29cb809da55a931e,MATM91_9dbf4ad19d9b31e626,硝基胍,安全特性,撞击感度(需对应不同测试条件),"极低 (2kg落锤, >100 cm; 在常规猛炸药中感度最低之一)",100,,,cm,explicit_or_field_specific,>,低|极低,validated_single,true,,impact_height,落锤高度,>,2,,27,EVM91_bbc29a947740b16f82,accepted
PROPM91_70ffb64ee38172c5c0,RELM91_dd9ada5dd70b248eb6,MATM91_9dbf4ad19d9b31e626,硝基胍,安全特性,冲击感度,不敏感 (需要强大的起爆能或传爆药起爆),,,,,,,敏感|不敏感|强,qualitative_only,false,no_reliable_numeric_measurement,,,,,,27,EVM91_a636633415652a8f8b,accepted
PROPM91_0c046a6faf4788c106,RELM91_6ba8b1f5a0af0fea89,MATM91_9dbf4ad19d9b31e626,硝基胍,安全特性,火焰感度,"不敏感 (点火困难, 需较强火源)",,,,,,,敏感|不敏感|强|较强,qualitative_only,false,no_reliable_numeric_measurement,,,,,,27,EVM91_3c5091f812f9439f9d,accepted
PROPM91_3ba04093d3822934a5,RELM91_1cc2c3146782d0bd62,MATM91_9dbf4ad19d9b31e626,硝基胍,安全特性,静电感度(需对应不同测试条件),不敏感 (抗静电性能极佳),,,,,,,敏感|不敏感,qualitative_only,false,no_reliable_numeric_measurement,,,,,,27,EVM91_0687dc8bbff40c6d40,accepted
PROPM91_8c6587bdfcd18a94dd,RELM91_9da1a29e88aae287e3,MATM91_9dbf4ad19d9b31e626,硝基胍,安全特性,热感度(5s爆发点),240 ~ 250 (爆发并迅速分解),,240,250,℃,explicit_or_field_specific,,,validated_range,true,,event_temperature,热感度(5s爆发点),,,5,27,EVM91_5a687843147fabf7a4,accepted
PROPM91_de3a09b253746dc066,RELM91_244872afe765111b36,MATM91_9dbf4ad19d9b31e626,硝基胍,安全特性,电火花感度,不敏感,,,,,,,敏感|不敏感,qualitative_only,false,no_reliable_numeric_measurement,,,,,,27,EVM91_57e84e40e7dab81c83,accepted
PROPM91_2d138c6c15ff9a55fe,RELM91_4f145c53d9e2d38caa,MATM91_9dbf4ad19d9b31e626,硝基胍,安全特性,吸湿性,极小 (不吸湿),,,,,,,吸湿|不吸湿|极小,text_only,false,no_reliable_numeric_measurement,,,,,,27,EVM91_b55d983ce4a4d4d227,accepted
PROPM91_62034c19af16c41b6f,RELM91_05eb99988c3da6250a,MATM91_9dbf4ad19d9b31e626,硝基胍,安全特性,熔点,232 ~ 235 (伴随分解),,232,235,℃,explicit_or_field_specific,,,validated_range,true,,primary_value,熔点,,,,27,EVM91_00b13c2a485470412c,accepted
PROPM91_700d1c4b2cfb77fb07,RELM91_767e6ca8c5636be94f,MATM91_9dbf4ad19d9b31e626,硝基胍,安全特性,分解温度,"225°C以上开始缓慢分解, 232°C熔化并剧烈分解",,,,,,,,multiple_measurements,false,multiple_primary_measurements,,分解温度,,,,27,EVM91_ade94d40bff734801b,accepted
PROPM91_11a11666d01359dfad,RELM91_45b0a8f24e3a751950,MATM91_9dbf4ad19d9b31e626,硝基胍,能量特性,爆速,8200 (在密度 1.70g/cm3 下); 7600 (在密度 1.55g/cm3 下),,,,,,,,condition_only,false,only_test_conditions,,,,,,27,EVM91_f5b7b62d95e4b12322,accepted
PROPM91_c93007b0395bb7edb7,RELM91_9ef78ced559418b3e0,MATM91_9dbf4ad19d9b31e626,硝基胍,能量特性,爆温,~2400,2400,,,℃,explicit_or_field_specific,~,,validated_single,true,,primary_value,爆温,~,,,27,EVM91_75011bf66992bc8f2d,accepted
PROPM91_234e34e51271f0656f,RELM91_0d9dc7d2bad78f595f,MATM91_9dbf4ad19d9b31e626,硝基胍,能量特性,爆压,~26,26,,,GPa,explicit_or_field_specific,~,,validated_single,true,,primary_value,爆压,~,,,27,EVM91_db45700a4875f029cb,accepted
PROPM91_4078ea0c568c6e62fc,RELM91_4e53f885395e8d4b57,MATM91_9dbf4ad19d9b31e626,硝基胍,能量特性,爆容,约 1000 ~ 1050,,1000,1050,L/kg,explicit_or_field_specific,~,,validated_range,true,,primary_value,爆容,~,,,27,EVM91_5c4ba0ff5be19b244b,accepted
PROPM91_89662cf69dafd83cf9,RELM91_abc8a2667882baca09,MATM91_9dbf4ad19d9b31e626,硝基胍,能量特性,威力,"中等 (约 1.0 ~ 1.1 倍 TNT 威力, 但燃烧热较低)",,,,,,,中等|较低|低,text_only,false,no_reliable_numeric_measurement,,,,,,27,EVM91_ec230d41d2e99f431b,accepted
PROPM91_5b6bb65e8bfeb39e21,RELM91_93fa515b40d247e2d1,MATM91_9dbf4ad19d9b31e626,硝基胍,能量特性,猛度,高,,,,,,,高,text_only,false,no_reliable_numeric_measurement,,,,,,27,EVM91_9a79a1074dc8bda2f0,accepted
PROPM91_47e9454d1810c87204,RELM91_9470fb90bd74ed883d,MATM91_9dbf4ad19d9b31e626,硝基胍,能量特性,起爆力,"无 (不具备起爆力, 属于钝感猛炸药)",,,,,,,无,text_only,false,no_reliable_numeric_measurement,,,,,,27,EVM91_31ce9e399009793cb2,accepted
PROPM91_71b21a60001a5b920c,RELM91_86238963d0e868d218,MATM91_9dbf4ad19d9b31e626,硝基胍,能量特性,燃烧速度(发射药、推进剂),稳定且爆温低 (常用于降低发射药火焰温度),,,,,,,低,qualitative_only,false,no_reliable_numeric_measurement,,,,,,27,EVM91_2b0f6678d47d1c3cfd,accepted
PROPM91_9949ba93c5c2c4ca95,RELM91_612ee1060b8cd557ad,MATM91_9dbf4ad19d9b31e626,硝基胍,能量特性,火药力(发射药),约 850 ~ 900 kJ/kg,,850,900,kJ/kg,explicit_or_field_specific,~,,validated_range,true,,primary_value,火药力(发射药),~,,,27,EVM91_6a5eecc010bf54e216,accepted
PROPM91_1cd5546ffeb8cd4a93,RELM91_a37d3b5bef7fd26776,MATM91_5135994ff27846f240,苦味酸,理化性质,分子量(单质),229.1,,,,g/mol,field_dictionary,,,qualitative_only,false,no_reliable_numeric_measurement,,,,,,28,EVM91_932f6e31ee664d33a2,accepted
PROPM91_3ac2dc4bf13eb029c9,RELM91_5b99e6c5fef863792b,MATM91_5135994ff27846f240,苦味酸,理化性质,密度,1.76 (晶体); 1.55 ~ 1.65 (熔装密度),1.76,,,g/cm³,explicit_or_field_specific,,,validated_single,true,,primary_value,密度,,,,28,EVM91_b05129c404f2047f18,accepted
PROPM91_90f6f46f440ca7de70,RELM91_8f1170028fbd1ff5bc,MATM91_5135994ff27846f240,苦味酸,理化性质,外观,明黄色斜方晶体或鳞片状结晶,,,,,,,,text_only,false,no_reliable_numeric_measurement,,,,,,28,EVM91_ae7ffdb1eaee3f07dd,accepted
PROPM91_cb10330e484f4204cd,RELM91_25e2a01e85ea10422f,MATM91_5135994ff27846f240,苦味酸,理化性质,溶解性,"微溶于冷水 (1.1g/100ml), 溶于热水、乙醇、乙醚、苯、丙酮",,,,m,explicit_text,,,text_only,false,no_reliable_numeric_measurement,,,,,,28,EVM91_dd8152e6c8112c968a,accepted
PROPM91_acb97452f9102c9dae,RELM91_aa78ec9da6b0de9f02,MATM91_5135994ff27846f240,苦味酸,理化性质,挥发性,极低,,,,,,,低|极低,text_only,false,no_reliable_numeric_measurement,,,,,,28,EVM91_d1d9a096d314329660,accepted
PROPM91_e77bb33202acec8eb2,RELM91_364510a4944e38b82e,MATM91_5135994ff27846f240,苦味酸,安全特性,摩擦感度(需对应不同测试条件),"中等偏低 (比TNT敏感, 干燥状态需注意摩擦)",,,,,,,敏感|中等|低,qualitative_only,false,no_reliable_numeric_measurement,,,,,,28,EVM91_05cbfb12cf0f8d1e1d,accepted
PROPM91_b4ab557c5e77b8fae2,RELM91_f63e3f231f7a50eaeb,MATM91_5135994ff27846f240,苦味酸,安全特性,撞击感度(需对应不同测试条件),"中等 (2kg落锤, 35-50 cm; 比TNT略敏感)",,35,50,cm,explicit_or_field_specific,,敏感|中等,validated_range,true,,impact_height,落锤高度,,2,,28,EVM91_caa99f20a1a7a0bca6,accepted
PROPM91_0e028a3c518b5c5539,RELM91_88d97243cb7ed88795,MATM91_5135994ff27846f240,苦味酸,安全特性,冲击感度,低 (需传爆药或雷管起爆),,,,,,,低,qualitative_only,false,no_reliable_numeric_measurement,,,,,,28,EVM91_537a83f82aeee5e41a,accepted
PROPM91_0c034d63956020800e,RELM91_242fd724c9185be282,MATM91_5135994ff27846f240,苦味酸,安全特性,火焰感度,"敏感 (极易被引燃, 且燃烧剧烈)",,,,,,,敏感,qualitative_only,false,no_reliable_numeric_measurement,,,,,,28,EVM91_a4ef36a6f3b042d304,accepted
PROPM91_45f73992592fc34fd6,RELM91_0a5194c1c6c1f08d76,MATM91_5135994ff27846f240,苦味酸,安全特性,静电感度(需对应不同测试条件),低,,,,,,,低,qualitative_only,false,no_reliable_numeric_measurement,,,,,,28,EVM91_d20480e4d492caa007,accepted
PROPM91_e2a2fd965665ebbc9e,RELM91_86a2f3102e6491ae04,MATM91_5135994ff27846f240,苦味酸,安全特性,热感度(5s爆发点),300 ~ 310,,300,310,℃,explicit_or_field_specific,,,validated_range,true,,primary_value,热感度(5s爆发点),,,5,28,EVM91_f778c3ce8ecd9ee4b2,accepted
PROPM91_d595dbe9da330c4fb2,RELM91_584fe28cc6f0b4d8bc,MATM91_5135994ff27846f240,苦味酸,安全特性,电火花感度,不敏感,,,,,,,敏感|不敏感,qualitative_only,false,no_reliable_numeric_measurement,,,,,,28,EVM91_f38475d2622275bf07,accepted
PROPM91_eb69ec5095aa052b56,RELM91_e08b63dfa2d2a4d350,MATM91_5135994ff27846f240,苦味酸,安全特性,吸湿性,"极小 (不吸湿, 但易与金属氧化物反应)",,,,,,,吸湿|不吸湿|极小,text_only,false,no_reliable_numeric_measurement,,,,,,28,EVM91_a7117d46aa85800591,accepted
PROPM91_702a8979889bb4171b,RELM91_3b6f7a0c5d275a6651,MATM91_5135994ff27846f240,苦味酸,安全特性,熔点,122.5 (纯品),122.5,,,℃,explicit_or_field_specific,,,validated_single,true,,primary_value,熔点,,,,28,EVM91_3fccd05a91ab6ed419,accepted
PROPM91_88fd63e4d8c4a2f531,RELM91_6c07a3c2ef56164b83,MATM91_5135994ff27846f240,苦味酸,安全特性,分解温度,"160°C开始升华, 300°C+剧烈分解并发生爆炸",,,,,,,,multiple_measurements,false,multiple_primary_measurements,,分解温度,,,,28,EVM91_00729570e72b8035a0,accepted
PROPM91_797d680d85caa0176a,RELM91_05a0190f5879c9eb3b,MATM91_5135994ff27846f240,苦味酸,能量特性,爆速,7350 (在密度 1.70g/cm3 下),,,,,,,,condition_only,false,only_test_conditions,,,,,,28,EVM91_1e4e5a5902632c7755,accepted
PROPM91_b6408de15899e36361,RELM91_3fc9f0ba9b3d0d3886,MATM91_5135994ff27846f240,苦味酸,能量特性,爆温,~3350,3350,,,℃,explicit_or_field_specific,~,,validated_single,true,,primary_value,爆温,~,,,28,EVM91_80fc66136380684fe8,accepted
PROPM91_fa488c06569425376a,RELM91_6b46c9a465ec25b9de,MATM91_5135994ff27846f240,苦味酸,能量特性,爆压,~21,21,,,GPa,explicit_or_field_specific,~,,validated_single,true,,primary_value,爆压,~,,,28,EVM91_b2008378314672b12d,accepted
PROPM91_6905753c1eb2a78155,RELM91_d68b07d8379853360a,MATM91_5135994ff27846f240,苦味酸,能量特性,爆容,约 730,730,,,L/kg,explicit_or_field_specific,~,,validated_single,true,,primary_value,爆容,~,,,28,EVM91_d023027a31ad7ba106,accepted
PROPM91_1afb5503739c460236,RELM91_64d7dcbaa8d9a51704,MATM91_5135994ff27846f240,苦味酸,能量特性,威力,强 (约 1.05 ~ 1.1 倍 TNT 威力),,,,,,,强,text_only,false,no_reliable_numeric_measurement,,,,,,28,EVM91_bc030b5a40df5589d1,accepted
PROPM91_986db8a9bc4789c922,RELM91_c7dd053e1244d594ae,MATM91_5135994ff27846f240,苦味酸,能量特性,猛度,高 (铅柱压缩值约 16-18mm),,16,18,mm,explicit_or_field_specific,~,高,validated_range,true,,primary_value,猛度,~,,,28,EVM91_7c5da97fc2e0875ee1,accepted
PROPM91_94b2ba4183e33a324c,RELM91_ca8cba29fdc5acd449,MATM91_5135994ff27846f240,苦味酸,能量特性,起爆力,"无 (猛炸药, 需起爆药激发)",,,,,,,无,text_only,false,no_reliable_numeric_measurement,,,,,,28,EVM91_49edc741b41ced637a,accepted
PROPM91_b6b0f5c6375caa8b9a,RELM91_03fb39832e5de770df,MATM91_5135994ff27846f240,苦味酸,能量特性,燃烧速度(发射药、推进剂),"稳定燃烧, 强约束下易转爆轰",,,,,,,强,qualitative_only,false,no_reliable_numeric_measurement,,,,,,28,EVM91_8f57b90009044f921f,accepted
PROPM91_8618c0a6be12ebef25,RELM91_f202f0692e00ffeb2f,MATM91_5135994ff27846f240,苦味酸,能量特性,火药力(发射药),约 950 ~ 1000 kJ/kg,,950,1000,kJ/kg,explicit_or_field_specific,~,,validated_range,true,,primary_value,火药力(发射药),~,,,28,EVM91_3725e10a8ad1fc355b,accepted
PROPM91_e4557b85ea858191d2,RELM91_575a6d7f16d8a5d32f,MATM91_d70fba903e9702ba59,六硝基芪,理化性质,分子量(单质),450.23,,,,g/mol,field_dictionary,,,qualitative_only,false,no_reliable_numeric_measurement,,,,,,29,EVM91_85a88e349c049ab8ef,accepted
PROPM91_e001ab00afa5aeba5a,RELM91_7daa39f1ca22b21487,MATM91_d70fba903e9702ba59,六硝基芪,理化性质,密度,1.74 (晶体理论密度); 1.65 ~ 1.70 (常用压装密度),1.74,,,g/cm³,explicit_or_field_specific,,,validated_single,true,,true_density,密度,,,,29,EVM91_54894a89cc578ff02f,accepted
PROPM91_1bd5192dc9a3ffe08f,RELM91_bdf1abf7707df151b9,MATM91_d70fba903e9702ba59,六硝基芪,理化性质,外观,黄色至橙黄色细微结晶粉末,,,,,,,,text_only,false,no_reliable_numeric_measurement,,,,,,29,EVM91_8cddd02096d6967b53,accepted
PROPM91_f82d4d96c8fb1d340b,RELM91_8129aef41a4d321b28,MATM91_d70fba903e9702ba59,六硝基芪,理化性质,溶解性,"不溶于水, 微溶于乙醇、丙酮, 溶于二甲基甲酰胺(DMF)",,,,,,,,text_only,false,no_reliable_numeric_measurement,,,,,,29,EVM91_d43dadd0923e972e2b,accepted
PROPM91_559d12d5f8379ecf3f,RELM91_a61f344b4c048af98e,MATM91_d70fba903e9702ba59,六硝基芪,理化性质,挥发性,极低 (在极高真空下亦稳定),,,,,,,低|极低|极高|高,text_only,false,no_reliable_numeric_measurement,,,,,,29,EVM91_4d4ada87af04c067ea,accepted
PROPM91_7808c9f0f825f44a0a,RELM91_61fd72e699b32971ec,MATM91_d70fba903e9702ba59,六硝基芪,安全特性,摩擦感度(需对应不同测试条件),极不敏感 (比TNT还要迟钝),,,,,,,敏感|不敏感|极不敏感,qualitative_only,false,no_reliable_numeric_measurement,,,,,,29,EVM91_a370ea1c63773426bc,accepted
PROPM91_abf108e74139e4d777,RELM91_00a3456bf85a3bf1f5,MATM91_d70fba903e9702ba59,六硝基芪,安全特性,撞击感度(需对应不同测试条件),"低 (2kg落锤, >50 cm; 属于钝感猛炸药)",50,,,cm,explicit_or_field_specific,>,低,validated_single,true,,impact_height,落锤高度,>,2,,29,EVM91_343112dd4b41e54bd0,accepted
PROPM91_6d8db5d529822d3b2d,RELM91_efa4bb452350860a72,MATM91_d70fba903e9702ba59,六硝基芪,安全特性,冲击感度,不敏感 (需强力传爆药起爆),,,,,,,敏感|不敏感|强,qualitative_only,false,no_reliable_numeric_measurement,,,,,,29,EVM91_5474297536bc1f3110,accepted
PROPM91_00e51b10710a72bbec,RELM91_cf295735f947ceed49,MATM91_d70fba903e9702ba59,六硝基芪,安全特性,火焰感度,低 (点燃较困难),,,,,,,低,qualitative_only,false,no_reliable_numeric_measurement,,,,,,29,EVM91_cc2efdd36126d3f364,accepted
PROPM91_c2d468271a285de49b,RELM91_63d0d21b17281b659c,MATM91_d70fba903e9702ba59,六硝基芪,安全特性,静电感度(需对应不同测试条件),低 (抗静电性能极佳),,,,,,,低,qualitative_only,false,no_reliable_numeric_measurement,,,,,,29,EVM91_3132ebb4f339a72a9a,accepted
PROPM91_7f9874110debe4822e,RELM91_8361911868d5dad4c7,MATM91_d70fba903e9702ba59,六硝基芪,安全特性,热感度(5s爆发点),310 ~ 325,,310,325,℃,explicit_or_field_specific,,,validated_range,true,,primary_value,热感度(5s爆发点),,,5,29,EVM91_aef798e8a8fa1ce8f3,accepted
PROPM91_f5caa938f15b714cb0,RELM91_9e2d1b4044d4e5fbb7,MATM91_d70fba903e9702ba59,六硝基芪,安全特性,电火花感度,不敏感,,,,,,,敏感|不敏感,qualitative_only,false,no_reliable_numeric_measurement,,,,,,29,EVM91_43bc3e4d0f07bb1d1d,accepted
PROPM91_34a866b71bda662a18,RELM91_dbc75637388f61c94a,MATM91_d70fba903e9702ba59,六硝基芪,安全特性,吸湿性,"极小 (不吸湿, 化学稳定性极佳)",,,,,,,吸湿|不吸湿|极小,text_only,false,no_reliable_numeric_measurement,,,,,,29,EVM91_e5e021a62df0a4a222,accepted
PROPM91_cde4f5fe93a07a111f,RELM91_e822b5a21a62fed065,MATM91_d70fba903e9702ba59,六硝基芪,安全特性,熔点,"318 (纯品, 常伴随分解)",318,,,℃,explicit_or_field_specific,,,validated_single,true,,primary_value,熔点,,,,29,EVM91_0f279ab3529b204216,accepted
PROPM91_50266054473cba5e9c,RELM91_7672d158b3e720879a,MATM91_d70fba903e9702ba59,六硝基芪,安全特性,分解温度,"315°C以上开始分解, 318°C熔化并剧烈分解",,,,,,,,multiple_measurements,false,multiple_primary_measurements,,分解温度,,,,29,EVM91_12a62a6ff8352f6514,accepted
PROPM91_2b94f05b4cd74ac318,RELM91_48f79dc95a8295dd4a,MATM91_d70fba903e9702ba59,六硝基芪,能量特性,爆速,7000 (在密度 1.70g/cm3 下),,,,,,,,condition_only,false,only_test_conditions,,,,,,29,EVM91_18e4342dc6a264b957,accepted
PROPM91_4b782942b9a697cdf6,RELM91_224ddfe677c5beb1d8,MATM91_d70fba903e9702ba59,六硝基芪,能量特性,爆温,~3200,3200,,,℃,explicit_or_field_specific,~,,validated_single,true,,primary_value,爆温,~,,,29,EVM91_3770c1b74537aaf4da,accepted
PROPM91_917de2f5a182e8c204,RELM91_51ca274658d39c867c,MATM91_d70fba903e9702ba59,六硝基芪,能量特性,爆压,~20,20,,,GPa,explicit_or_field_specific,~,,validated_single,true,,primary_value,爆压,~,,,29,EVM91_ec6dd3b0d965bd8f47,accepted
PROPM91_da41a7c57e4d2b5456,RELM91_5ac5c4a6a01fe63bca,MATM91_d70fba903e9702ba59,六硝基芪,能量特性,爆容,约 650,650,,,L/kg,explicit_or_field_specific,~,,validated_single,true,,primary_value,爆容,~,,,29,EVM91_8ed7f45409a63a141d,accepted
PROPM91_70724578b81933a622,RELM91_7ffedcec4461b1dbd3,MATM91_d70fba903e9702ba59,六硝基芪,能量特性,威力,中等 (约为 1.0 ~ 1.1 倍 TNT 威力),,,,,,,中等,text_only,false,no_reliable_numeric_measurement,,,,,,29,EVM91_8f97bc7643a81de14e,accepted
PROPM91_2135190bbd8b66e314,RELM91_3ef1e510b2063b91a7,MATM91_d70fba903e9702ba59,六硝基芪,能量特性,猛度,高,,,,,,,高,text_only,false,no_reliable_numeric_measurement,,,,,,29,EVM91_2147d380745f1719c4,accepted
PROPM91_a1bcbe676f1e7b6211,RELM91_fd0a9d0a2f027e9ac8,MATM91_d70fba903e9702ba59,六硝基芪,能量特性,起爆力,"无 (猛炸药, 需起爆药激发)",,,,,,,无,text_only,false,no_reliable_numeric_measurement,,,,,,29,EVM91_093f08243230443356,accepted
PROPM91_0b01814f09754cdff7,RELM91_e66bf6099f771b46e2,MATM91_d70fba903e9702ba59,六硝基芪,能量特性,燃烧速度(发射药、推进剂),稳定燃烧,,,,,,,,qualitative_only,false,no_reliable_numeric_measurement,,,,,,29,EVM91_0adf0ea514f0ceec31,accepted
PROPM91_ca2ae5536c8880a75f,RELM91_97c3ffb62e10842eb9,MATM91_d70fba903e9702ba59,六硝基芪,能量特性,火药力(发射药),约 900 kJ/kg,900,,,kJ/kg,explicit_or_field_specific,~,,validated_single,true,,primary_value,火药力(发射药),~,,,29,EVM91_5696f75dace7db2b83,accepted
PROPM91_f96d3a1185f95cf7c3,RELM91_2281b27322e51ffab3,MATM91_739716aff54d187eda,三氨基三硝基苯,理化性质,分子量(单质),258.15,,,,g/mol,field_dictionary,,,qualitative_only,false,no_reliable_numeric_measurement,,,,,,30,EVM91_750f31e866232b3181,accepted
PROPM91_d112c276756c74be41,RELM91_37f635b4ae314302e9,MATM91_739716aff54d187eda,三氨基三硝基苯,理化性质,密度,1.93 (理论晶体密度); 1.80 ~ 1.90 (压装密度),1.93,,,g/cm³,explicit_or_field_specific,,,validated_single,true,,true_density,密度,,,,30,EVM91_08395f422bfde98933,accepted
PROPM91_83bee13f20c83cb47d,RELM91_cd9632e20b7b7a8a3f,MATM91_739716aff54d187eda,三氨基三硝基苯,理化性质,外观,明黄色结晶粉末,,,,,,,,text_only,false,no_reliable_numeric_measurement,,,,,,30,EVM91_8252d6fecb760824fb,accepted
PROPM91_c221fd815db5887641,RELM91_ea927fb93b29d11480,MATM91_739716aff54d187eda,三氨基三硝基苯,理化性质,溶解性,"几乎不溶于所有常用溶剂, 仅溶于浓硫酸、浓硝酸及高温下的二甲基亚砜(DMSO)",,,,,,,高,text_only,false,no_reliable_numeric_measurement,,,,,,30,EVM91_fad1f4e0e82d603107,accepted
PROPM91_eb827f9c8a0ca2c305,RELM91_cb3902c6716c3a4303,MATM91_739716aff54d187eda,三氨基三硝基苯,理化性质,挥发性,极低,,,,,,,低|极低,text_only,false,no_reliable_numeric_measurement,,,,,,30,EVM91_dc3833ada7405f8feb,accepted
PROPM91_c18a0d6a6dffea9df3,RELM91_91254953bd66af4a62,MATM91_739716aff54d187eda,三氨基三硝基苯,安全特性,摩擦感度(需对应不同测试条件),"极不敏感 (100%不爆炸, 钝感炸药之首)",100,,,%,explicit_or_field_specific,,敏感|不敏感|极不敏感,validated_single,true,,explosion_probability,摩擦感度,,,,30,EVM91_fb6f2dc7fe18409cd0,accepted
PROPM91_aea16538267471f702,RELM91_fe3be357e0751a9f34,MATM91_739716aff54d187eda,三氨基三硝基苯,安全特性,撞击感度(需对应不同测试条件),"极低 (2kg落锤, >100 cm; 常规测试下极难发生爆炸)",100,,,cm,explicit_or_field_specific,>,低|极低,validated_single,true,,impact_height,落锤高度,>,2,,30,EVM91_959491f192a7374203,accepted
PROPM91_97cf937586bcb0a303,RELM91_c1712642a846e4f358,MATM91_739716aff54d187eda,三氨基三硝基苯,安全特性,冲击感度,极不敏感 (需要极强的起爆能量或高能传爆药),,,,,,,敏感|不敏感|极不敏感|强,qualitative_only,false,no_reliable_numeric_measurement,,,,,,30,EVM91_d91717013804f24eef,accepted
PROPM91_ba5ba2b6751a31dd33,RELM91_9b98562b7d3af52fac,MATM91_739716aff54d187eda,三氨基三硝基苯,安全特性,火焰感度,"极不敏感 (点火极其困难, 仅能缓慢燃烧)",,,,,,,敏感|不敏感|极不敏感,qualitative_only,false,no_reliable_numeric_measurement,,,,,,30,EVM91_f84943936123814bb2,accepted
PROPM91_77f38558367740530d,RELM91_2717e45953b5d58646,MATM91_739716aff54d187eda,三氨基三硝基苯,安全特性,静电感度(需对应不同测试条件),低 (抗静电性能极佳),,,,,,,低,qualitative_only,false,no_reliable_numeric_measurement,,,,,,30,EVM91_cd470e542829bf8e7d,accepted
PROPM91_288b3d7186c2955f7f,RELM91_e230ee70d7d657441c,MATM91_739716aff54d187eda,三氨基三硝基苯,安全特性,热感度(5s爆发点),> 350 (分解点极高),350,,,℃,explicit_or_field_specific,>,极高|高,validated_single,true,,primary_value,热感度(5s爆发点),>,,5,30,EVM91_343cb771ada6b4f4da,accepted
PROPM91_cc650d357a4a408a89,RELM91_3349ca8a75026511c9,MATM91_739716aff54d187eda,三氨基三硝基苯,安全特性,电火花感度,不敏感,,,,,,,敏感|不敏感,qualitative_only,false,no_reliable_numeric_measurement,,,,,,30,EVM91_7e323388ffecfcefc4,accepted
PROPM91_59c8e16bd1b3a86426,RELM91_61c29696c0610b685d,MATM91_739716aff54d187eda,三氨基三硝基苯,安全特性,吸湿性,"极小 (不吸湿, 化学性质极其稳定)",,,,,,,吸湿|不吸湿|极小,text_only,false,no_reliable_numeric_measurement,,,,,,30,EVM91_0e254d61c679791de2,accepted
PROPM91_75a7432db478c18a58,RELM91_d8da218c877214d4e3,MATM91_739716aff54d187eda,三氨基三硝基苯,安全特性,分解温度,350°C以上开始缓慢分解,350,,,℃,explicit_or_field_specific,,,validated_single,true,,onset_temperature,分解温度,,,,30,EVM91_f56ab685691f6af287,accepted
PROPM91_70165d2f615bbab769,RELM91_8b35a75ebda604c20e,MATM91_739716aff54d187eda,三氨基三硝基苯,能量特性,爆速,7660 (在密度 1.88g/cm3 下),,,,,,,,condition_only,false,only_test_conditions,,,,,,30,EVM91_b99e7491794d102e93,accepted
PROPM91_0e5e768e4377f29468,RELM91_281d2aff2d9f50959d,MATM91_739716aff54d187eda,三氨基三硝基苯,能量特性,爆温,~3000,3000,,,℃,explicit_or_field_specific,~,,validated_single,true,,primary_value,爆温,~,,,30,EVM91_91e504119a703851e7,accepted
PROPM91_7a731889f0b2241427,RELM91_7791fa934239585d90,MATM91_739716aff54d187eda,三氨基三硝基苯,能量特性,爆压,~25,25,,,GPa,explicit_or_field_specific,~,,validated_single,true,,primary_value,爆压,~,,,30,EVM91_8a51056e4fffe4c4bf,accepted
PROPM91_20ec62d4a8d7149764,RELM91_845bbe073b456601f8,MATM91_739716aff54d187eda,三氨基三硝基苯,能量特性,爆容,约 700,700,,,L/kg,explicit_or_field_specific,~,,validated_single,true,,primary_value,爆容,~,,,30,EVM91_06e87bde2af25ccde7,accepted
PROPM91_98132b5c31a2329f3a,RELM91_eb25861082c9fa1eaa,MATM91_739716aff54d187eda,三氨基三硝基苯,能量特性,威力,"中等 (约为 1.1 ~ 1.2 倍 TNT 威力, 但极不敏感)",,,,,,,敏感|不敏感|极不敏感|中等,text_only,false,no_reliable_numeric_measurement,,,,,,30,EVM91_5e6bed6cefe0be8142,accepted
PROPM91_080052b68fe1872f2f,RELM91_06dd1adb7450b8eca1,MATM91_739716aff54d187eda,三氨基三硝基苯,能量特性,猛度,高,,,,,,,高,text_only,false,no_reliable_numeric_measurement,,,,,,30,EVM91_1ac33b7ea9c94e306f,accepted
PROPM91_191629de00722dea48,RELM91_931c90a156a3a9c1a4,MATM91_739716aff54d187eda,三氨基三硝基苯,能量特性,起爆力,无 (极度不敏感的猛炸药),,,,,,,敏感|不敏感|无,text_only,false,no_reliable_numeric_measurement,,,,,,30,EVM91_5d4311ac9e47075e4f,accepted
PROPM91_b1a5a3736a25941ab3,RELM91_614bebc42757d38b7a,MATM91_739716aff54d187eda,三氨基三硝基苯,能量特性,燃烧速度(发射药、推进剂),稳定缓慢燃烧,,,,,,,,qualitative_only,false,no_reliable_numeric_measurement,,,,,,30,EVM91_0254cb2beaa2e55207,accepted
PROPM91_52c33c9b73ef396ec1,RELM91_d66924596926187223,MATM91_739716aff54d187eda,三氨基三硝基苯,能量特性,火药力(发射药),约 900 kJ/kg,900,,,kJ/kg,explicit_or_field_specific,~,,validated_single,true,,primary_value,火药力(发射药),~,,,30,EVM91_12f26771afb2b7f753,accepted
PROPM91_9ead66aded459c8caa,RELM91_9d18775c27a200889d,MATM91_da1eed62a8bfd23480,二氨基二硝基吡啶,理化性质,分子量(单质),199.12,,,,g/mol,field_dictionary,,,qualitative_only,false,no_reliable_numeric_measurement,,,,,,31,EVM91_9ac88a52ea731366f7,accepted
PROPM91_ef6ff91dedaf999d19,RELM91_c38bb8b019febcd26b,MATM91_da1eed62a8bfd23480,二氨基二硝基吡啶,理化性质,密度,1.88 ~ 1.90 (理论密度),,1.88,1.90,g/cm³,explicit_or_field_specific,,,validated_range,true,,true_density,密度,,,,31,EVM91_38bfe788fc5b8b74cd,accepted
PROPM91_701aa9fdfcbdbb02a6,RELM91_10caf3292a4ac40733,MATM91_da1eed62a8bfd23480,二氨基二硝基吡啶,理化性质,外观,明黄色结晶粉末,,,,,,,,text_only,false,no_reliable_numeric_measurement,,,,,,31,EVM91_7e6e96511fc8976da8,accepted
PROPM91_a49e855bfe4fb921ba,RELM91_81850e1691577c07d6,MATM91_da1eed62a8bfd23480,二氨基二硝基吡啶,理化性质,溶解性,"难溶于水, 溶于二甲基亚砜(DMSO)和浓酸",,,,,,,,text_only,false,no_reliable_numeric_measurement,,,,,,31,EVM91_6fdf6032044582e5b5,accepted
PROPM91_0c4e8ea14dc244d59d,RELM91_59869908f805a688df,MATM91_da1eed62a8bfd23480,二氨基二硝基吡啶,理化性质,挥发性,极低,,,,,,,低|极低,text_only,false,no_reliable_numeric_measurement,,,,,,31,EVM91_7bd5e53feb2f1fd202,accepted
PROPM91_c50aaf0190f20c4d5f,RELM91_689b0b153dc7728836,MATM91_da1eed62a8bfd23480,二氨基二硝基吡啶,安全特性,摩擦感度(需对应不同测试条件),极不敏感 (钝感炸药),,,,,,,敏感|不敏感|极不敏感,qualitative_only,false,no_reliable_numeric_measurement,,,,,,31,EVM91_8172c1dd99996d2a1e,accepted
PROPM91_be5671b5fc006d7079,RELM91_4afa31fa78c1d8451c,MATM91_da1eed62a8bfd23480,二氨基二硝基吡啶,安全特性,撞击感度(需对应不同测试条件),"极低 (2kg落锤, >100 cm; 属于极迟钝猛炸药)",100,,,cm,explicit_or_field_specific,>,低|极低,validated_single,true,,impact_height,落锤高度,>,2,,31,EVM91_fd60572b21a33610af,accepted
PROPM91_b10b781caf10a41f27,RELM91_54dfa725b00bf2a659,MATM91_da1eed62a8bfd23480,二氨基二硝基吡啶,安全特性,冲击感度,极不敏感 (需强力传爆药),,,,,,,敏感|不敏感|极不敏感|强,qualitative_only,false,no_reliable_numeric_measurement,,,,,,31,EVM91_55b3a3a1315a0c72e8,accepted
PROPM91_b4bf761b645c91ff6e,RELM91_0892f83d7f9de94a41,MATM91_da1eed62a8bfd23480,二氨基二硝基吡啶,安全特性,火焰感度,极不敏感 (点火极难),,,,,,,敏感|不敏感|极不敏感,qualitative_only,false,no_reliable_numeric_measurement,,,,,,31,EVM91_92d1522274dbade9b9,accepted
PROPM91_2c07a81ac64a9a337a,RELM91_dab85c9ba03f60f6a8,MATM91_da1eed62a8bfd23480,二氨基二硝基吡啶,安全特性,静电感度(需对应不同测试条件),不敏感,,,,,,,敏感|不敏感,qualitative_only,false,no_reliable_numeric_measurement,,,,,,31,EVM91_95c15bc31cbe12f2b6,accepted
PROPM91_f00295fa12c26676fd,RELM91_01d27f58f6f73888b4,MATM91_da1eed62a8bfd23480,二氨基二硝基吡啶,安全特性,热感度(5s爆发点),> 330,330,,,℃,explicit_or_field_specific,>,,validated_single,true,,primary_value,热感度(5s爆发点),>,,5,31,EVM91_7968829df139ff0bbf,accepted
PROPM91_353ded879f19461765,RELM91_d915e728d08c6a8fbb,MATM91_da1eed62a8bfd23480,二氨基二硝基吡啶,安全特性,电火花感度,不敏感,,,,,,,敏感|不敏感,qualitative_only,false,no_reliable_numeric_measurement,,,,,,31,EVM91_611a08b7bdb27d897c,accepted
PROPM91_f626d94c384e9b5785,RELM91_77094b1696e2c276dd,MATM91_da1eed62a8bfd23480,二氨基二硝基吡啶,安全特性,吸湿性,极小,,,,,,,极小,text_only,false,no_reliable_numeric_measurement,,,,,,31,EVM91_75473f1d6b96ab3399,accepted
PROPM91_86641a2c396b201bb3,RELM91_25a6f93350e42c5903,MATM91_da1eed62a8bfd23480,二氨基二硝基吡啶,安全特性,分解温度,> 300°C开始缓慢分解,300,,,℃,explicit_or_field_specific,>,,validated_single,true,,onset_temperature,分解温度,>,,,31,EVM91_c8fab9c24d338226b7,accepted
PROPM91_bc0db44f803ef58e54,RELM91_e4cb14ce80d20acce5,MATM91_da1eed62a8bfd23480,二氨基二硝基吡啶,能量特性,爆速,约 7700 ~ 7850 (在密度 1.88g/cm3 下),,,,,,,,condition_only,false,only_test_conditions,,,,,,31,EVM91_c1d330f2ec56fab581,accepted
PROPM91_c307a698af588bc787,RELM91_7559da28c526a763c3,MATM91_da1eed62a8bfd23480,二氨基二硝基吡啶,能量特性,爆温,~3100,3100,,,℃,explicit_or_field_specific,~,,validated_single,true,,primary_value,爆温,~,,,31,EVM91_ea296872bb376bbe82,accepted
PROPM91_a1c11b8924b7e1d9ed,RELM91_d56044a3296f5bfcb3,MATM91_da1eed62a8bfd23480,二氨基二硝基吡啶,能量特性,爆压,~26,26,,,GPa,explicit_or_field_specific,~,,validated_single,true,,primary_value,爆压,~,,,31,EVM91_2c55f46ad0b7e65441,accepted
PROPM91_d91c3bb70fb513661a,RELM91_ce068042d11b7a1b62,MATM91_da1eed62a8bfd23480,二氨基二硝基吡啶,能量特性,爆容,约 700,700,,,L/kg,explicit_or_field_specific,~,,validated_single,true,,primary_value,爆容,~,,,31,EVM91_6b6962f45257d5d137,accepted
PROPM91_9df5450cded79c006f,RELM91_5559bfd111c2b8a1c6,MATM91_da1eed62a8bfd23480,二氨基二硝基吡啶,能量特性,威力,中等 (约为 1.1 ~ 1.2 倍 TNT 威力),,,,,,,中等,text_only,false,no_reliable_numeric_measurement,,,,,,31,EVM91_97ba1935abf729094e,accepted
PROPM91_c3e0f7b946fc469cd1,RELM91_a1c498895e205b90c7,MATM91_da1eed62a8bfd23480,二氨基二硝基吡啶,能量特性,猛度,高,,,,,,,高,text_only,false,no_reliable_numeric_measurement,,,,,,31,EVM91_4726a9618b6a01cf07,accepted
PROPM91_38453fc1fecd94af52,RELM91_32d946d9d090889e0c,MATM91_da1eed62a8bfd23480,二氨基二硝基吡啶,能量特性,起爆力,无 (极钝感猛炸药),,,,,,,无,text_only,false,no_reliable_numeric_measurement,,,,,,31,EVM91_eb8945650c25bf4718,accepted
PROPM91_25b0ca280965cefaf5,RELM91_9a0ca6469298150481,MATM91_da1eed62a8bfd23480,二氨基二硝基吡啶,能量特性,燃烧速度(发射药、推进剂),稳定燃烧,,,,,,,,qualitative_only,false,no_reliable_numeric_measurement,,,,,,31,EVM91_ef7e91cae95188292e,accepted
PROPM91_ef456d1a25491ed25f,RELM91_a3f4a01cd5375428a1,MATM91_da1eed62a8bfd23480,二氨基二硝基吡啶,能量特性,火药力(发射药),约 950 kJ/kg,950,,,kJ/kg,explicit_or_field_specific,~,,validated_single,true,,primary_value,火药力(发射药),~,,,31,EVM91_d87c671025181d936d,accepted
PROPM91_00f342e644a3ac367a,RELM91_6a9e77f07ce33b6ac6,MATM91_9cf06c174ca3a4661a,"3-硝基-1,2,4-三唑-5-酮",理化性质,分子量(单质),130.06,,,,g/mol,field_dictionary,,,qualitative_only,false,no_reliable_numeric_measurement,,,,,,32,EVM91_78698bf86cdc3378d0,accepted
PROPM91_64e92ae8cadf76df8a,RELM91_a4def587da14842965,MATM91_9cf06c174ca3a4661a,"3-硝基-1,2,4-三唑-5-酮",理化性质,密度,1.91 ~ 1.93 (理论晶体密度),,1.91,1.93,g/cm³,explicit_or_field_specific,,,validated_range,true,,true_density,密度,,,,32,EVM91_d081540ec06bc7eee8,accepted
PROPM91_b662193f948b38db5c,RELM91_74d0b4f6302a59ba2e,MATM91_9cf06c174ca3a4661a,"3-硝基-1,2,4-三唑-5-酮",理化性质,外观,白色结晶粉末,,,,,,,,text_only,false,no_reliable_numeric_measurement,,,,,,32,EVM91_eac1c38f644f2cd79f,accepted
PROPM91_9a4a5f0bae73defc69,RELM91_cd9cf8f7f9aead9f91,MATM91_9cf06c174ca3a4661a,"3-硝基-1,2,4-三唑-5-酮",理化性质,溶解性,"微溶于冷水, 较易溶于热水, 溶于甲醇、乙醇、丙酮",,,,,,,,text_only,false,no_reliable_numeric_measurement,,,,,,32,EVM91_4a238c9332c5aa5e17,accepted
PROPM91_346217819805b71d48,RELM91_553a0c95dc844f1251,MATM91_9cf06c174ca3a4661a,"3-硝基-1,2,4-三唑-5-酮",理化性质,挥发性,极低,,,,,,,低|极低,text_only,false,no_reliable_numeric_measurement,,,,,,32,EVM91_abf0ffe2b013c217e7,accepted
PROPM91_17a72a053e2e720aae,RELM91_f5f6412c67ccab1fd7,MATM91_9cf06c174ca3a4661a,"3-硝基-1,2,4-三唑-5-酮",安全特性,摩擦感度(需对应不同测试条件),极不敏感 (比RDX迟钝得多),,,,,,,敏感|不敏感|极不敏感,qualitative_only,false,no_reliable_numeric_measurement,,,,,,32,EVM91_de67bf72678129ab83,accepted
PROPM91_81b3df1b104afa5574,RELM91_5a97b6090769c8e804,MATM91_9cf06c174ca3a4661a,"3-硝基-1,2,4-三唑-5-酮",安全特性,撞击感度(需对应不同测试条件),"极低 (2kg落锤, >100 cm; 属于典型钝感炸药)",100,,,cm,explicit_or_field_specific,>,低|极低,validated_single,true,,impact_height,落锤高度,>,2,,32,EVM91_9a3cf1d88c2ceac369,accepted
PROPM91_064d12cbe50c504a71,RELM91_4b88303f8adfc0703a,MATM91_9cf06c174ca3a4661a,"3-硝基-1,2,4-三唑-5-酮",安全特性,冲击感度,不敏感 (需要强力传爆药起爆),,,,,,,敏感|不敏感|强,qualitative_only,false,no_reliable_numeric_measurement,,,,,,32,EVM91_94ba50f959967757ee,accepted
PROPM91_2e911ca08b7ef85408,RELM91_2bfea1d28b1aea1788,MATM91_9cf06c174ca3a4661a,"3-硝基-1,2,4-三唑-5-酮",安全特性,火焰感度,"不敏感 (难引燃, 且燃烧过程相对温和)",,,,,,,敏感|不敏感,qualitative_only,false,no_reliable_numeric_measurement,,,,,,32,EVM91_00f6bc14b5c6ab3685,accepted
PROPM91_643a15ecfaf3d29685,RELM91_59e3fddc37a84b4d5f,MATM91_9cf06c174ca3a4661a,"3-硝基-1,2,4-三唑-5-酮",安全特性,静电感度(需对应不同测试条件),低 (抗静电性能良好),,,,,,,低,qualitative_only,false,no_reliable_numeric_measurement,,,,,,32,EVM91_49eb761dbc5887b93f,accepted
PROPM91_e47f7b69a47acebf97,RELM91_920dc70b44e89a6164,MATM91_9cf06c174ca3a4661a,"3-硝基-1,2,4-三唑-5-酮",安全特性,热感度(5s爆发点),> 260 (通常在 270-280°C 爆发),,270,280,℃,explicit_or_field_specific,,,validated_range,true,,event_temperature,热感度(5s爆发点),,,5,32,EVM91_c691e2170cfc4dcfde,accepted
PROPM91_e0b743e577190aa370,RELM91_04cf74c14f541066dc,MATM91_9cf06c174ca3a4661a,"3-硝基-1,2,4-三唑-5-酮",安全特性,电火花感度,不敏感,,,,,,,敏感|不敏感,qualitative_only,false,no_reliable_numeric_measurement,,,,,,32,EVM91_fc398a7d6a20ecddce,accepted
PROPM91_f041d508a956823434,RELM91_ff1bc9f4c338efe808,MATM91_9cf06c174ca3a4661a,"3-硝基-1,2,4-三唑-5-酮",安全特性,吸湿性,极小,,,,,,,极小,text_only,false,no_reliable_numeric_measurement,,,,,,32,EVM91_95dc0670497ce75c09,accepted
PROPM91_3d723180ab95821bdf,RELM91_e05fe5570127d12c09,MATM91_9cf06c174ca3a4661a,"3-硝基-1,2,4-三唑-5-酮",安全特性,熔点,260 ~ 273 (伴随分解),,260,273,℃,explicit_or_field_specific,,,validated_range,true,,primary_value,熔点,,,,32,EVM91_38f23d04d726cab340,accepted
PROPM91_e0cb99110ce6deb7db,RELM91_cff4115a57106ce92b,MATM91_9cf06c174ca3a4661a,"3-硝基-1,2,4-三唑-5-酮",安全特性,分解温度,"~210°C开始缓慢分解, >260°C急剧分解",,,,,,,,multiple_measurements,false,multiple_primary_measurements,,分解温度,,,,32,EVM91_88b00e46be86b6a8de,accepted
PROPM91_b6fcdb887b9390d2c1,RELM91_4ec04e853ac8e946de,MATM91_9cf06c174ca3a4661a,"3-硝基-1,2,4-三唑-5-酮",能量特性,爆速,8100 ~ 8200 (在密度 1.90g/cm3 下),,,,,,,,condition_only,false,only_test_conditions,,,,,,32,EVM91_93b666b1c3b4adee5f,accepted
PROPM91_5c9007a51e33566ee6,RELM91_5e333c9d426ac5258f,MATM91_9cf06c174ca3a4661a,"3-硝基-1,2,4-三唑-5-酮",能量特性,爆温,~3000,3000,,,℃,explicit_or_field_specific,~,,validated_single,true,,primary_value,爆温,~,,,32,EVM91_0048082d9513a04ba2,accepted
PROPM91_1ece760188733aba91,RELM91_be1ee8490dca2c2802,MATM91_9cf06c174ca3a4661a,"3-硝基-1,2,4-三唑-5-酮",能量特性,爆压,~28,28,,,GPa,explicit_or_field_specific,~,,validated_single,true,,primary_value,爆压,~,,,32,EVM91_fd47d07e3208d75989,accepted
PROPM91_cb68848928fa6195f9,RELM91_0ed0acd127036f88b8,MATM91_9cf06c174ca3a4661a,"3-硝基-1,2,4-三唑-5-酮",能量特性,爆容,约 750,750,,,L/kg,explicit_or_field_specific,~,,validated_single,true,,primary_value,爆容,~,,,32,EVM91_70dc5c37f0d78fd27e,accepted
PROPM91_088fdb1a2c524a187d,RELM91_76728ca0fcf62fb428,MATM91_9cf06c174ca3a4661a,"3-硝基-1,2,4-三唑-5-酮",能量特性,威力,"强 (约为 1.1 ~ 1.3 倍 TNT 威力, 接近黑索今)",,,,,,,强,text_only,false,no_reliable_numeric_measurement,,,,,,32,EVM91_b5a64b5f18c233e942,accepted
PROPM91_6195a85da35835c247,RELM91_6a3fa9afa50ea7333b,MATM91_9cf06c174ca3a4661a,"3-硝基-1,2,4-三唑-5-酮",能量特性,猛度,高,,,,,,,高,text_only,false,no_reliable_numeric_measurement,,,,,,32,EVM91_a027b4560aeede47fa,accepted
PROPM91_74d8ded5f081df5148,RELM91_06be49512fc7dd3cd9,MATM91_9cf06c174ca3a4661a,"3-硝基-1,2,4-三唑-5-酮",能量特性,起爆力,"无 (猛炸药, 需起爆药激发)",,,,,,,无,text_only,false,no_reliable_numeric_measurement,,,,,,32,EVM91_b949bf59b2bf25ca27,accepted
PROPM91_930b5c22ad87a78edf,RELM91_8dd1e6dadf7b68916e,MATM91_9cf06c174ca3a4661a,"3-硝基-1,2,4-三唑-5-酮",能量特性,燃烧速度(发射药、推进剂),稳定燃烧,,,,,,,,qualitative_only,false,no_reliable_numeric_measurement,,,,,,32,EVM91_b43d79651dbef2ce7c,accepted
PROPM91_8a21bc4659eb3e002f,RELM91_9ebece36e328fac807,MATM91_9cf06c174ca3a4661a,"3-硝基-1,2,4-三唑-5-酮",能量特性,火药力(发射药),约 900 ~ 1000 kJ/kg,,900,1000,kJ/kg,explicit_or_field_specific,~,,validated_range,true,,primary_value,火药力(发射药),~,,,32,EVM91_350e8c0d87ed2156d9,accepted
PROPM91_df31407bced0451397,RELM91_1f8efe9f2ff8db78d2,MATM91_462f2ca6c7e8e721b8,8321炸药,理化性质,分子量(单质),296.16 (HMX),,,,g/mol,field_dictionary,,,qualitative_only,false,no_reliable_numeric_measurement,,,,,,37,EVM91_3a22e727caca1526d8,accepted
PROPM91_6b64501d5d2ea37857,RELM91_334f6825687898ce8b,MATM91_462f2ca6c7e8e721b8,8321炸药,理化性质,密度,1.84 ~ 1.88 (压装密度),,1.84,1.88,g/cm³,explicit_or_field_specific,,,validated_range,true,,primary_value,密度,,,,37,EVM91_4df3ed2d6781764fcd,accepted
PROPM91_f5d212ffd940e81bcb,RELM91_eb520bf81c6da20763,MATM91_462f2ca6c7e8e721b8,8321炸药,理化性质,外观,白色或淡黄色颗粒/药柱,,,,,,,,text_only,false,no_reliable_numeric_measurement,,,,,,37,EVM91_3d87d23fd71a86a758,accepted
PROPM91_2f285dc56de51e2e1b,RELM91_4f13f87f1d50337edf,MATM91_462f2ca6c7e8e721b8,8321炸药,理化性质,溶解性,"不溶于水, 组分HMX溶于丙酮, 氟橡胶溶于特定溶剂",,,,,,,,text_only,false,no_reliable_numeric_measurement,,,,,,37,EVM91_fa04f70cc979554c59,accepted
PROPM91_1c9c5a4e7819e908cb,RELM91_24ccd1212c922b44d0,MATM91_462f2ca6c7e8e721b8,8321炸药,理化性质,挥发性,极低,,,,,,,低|极低,text_only,false,no_reliable_numeric_measurement,,,,,,37,EVM91_e46c9ad750022233e8,accepted
PROPM91_825d453f34b2e6c856,RELM91_0244121c0f1e48e265,MATM91_462f2ca6c7e8e721b8,8321炸药,安全特性,摩擦感度(需对应不同测试条件),"较低 (由于聚合物包覆,显著低于单质HMX)",,,,,,,较低|低,qualitative_only,false,no_reliable_numeric_measurement,,,,,,37,EVM91_7e8482667b4894ab4f,accepted
PROPM91_f750adbc0259f3e915,RELM91_01e49ea08a01a06ec9,MATM91_462f2ca6c7e8e721b8,8321炸药,安全特性,撞击感度(需对应不同测试条件),"较低 (2kg落锤, 爆炸概率通常 < 20%, 显著优于单质HMX)",20,,,%,explicit_or_field_specific,<,较低|低,validated_single,true,,explosion_probability,,<,2,,37,EVM91_e26a29b26cee26e6b7,accepted
PROPM91_b801994674d3fbb9c9,RELM91_96d931c8028f134352,MATM91_462f2ca6c7e8e721b8,8321炸药,安全特性,冲击感度,不敏感 (需强力传爆药起爆),,,,,,,敏感|不敏感|强,qualitative_only,false,no_reliable_numeric_measurement,,,,,,37,EVM91_c42ff257b46caf7539,accepted
PROPM91_1a85115be017e15aee,RELM91_11405799e388e0418c,MATM91_462f2ca6c7e8e721b8,8321炸药,安全特性,火焰感度,较低 (点燃后稳定燃烧),,,,,,,较低|低,qualitative_only,false,no_reliable_numeric_measurement,,,,,,37,EVM91_4ad434f2c321c01f08,accepted
PROPM91_2fda5a54f9df00d4f5,RELM91_6f85ec9a40991181e6,MATM91_462f2ca6c7e8e721b8,8321炸药,安全特性,静电感度(需对应不同测试条件),低 (具有良好的介电和抗静电性能),,,,,,,低,qualitative_only,false,no_reliable_numeric_measurement,,,,,,37,EVM91_1fab09351e11fb7179,accepted
PROPM91_58b246e1a5f96bf510,RELM91_a8e507b75019ea635f,MATM91_462f2ca6c7e8e721b8,8321炸药,安全特性,热感度(5s爆发点),310 ~ 320 (取决于HMX品质),,310,320,℃,explicit_or_field_specific,,,validated_range,true,,primary_value,热感度(5s爆发点),,,5,37,EVM91_82911d1bc912c6a33d,accepted
PROPM91_248886a04558f853b5,RELM91_3ec7f65c197434f723,MATM91_462f2ca6c7e8e721b8,8321炸药,安全特性,电火花感度,不敏感,,,,,,,敏感|不敏感,qualitative_only,false,no_reliable_numeric_measurement,,,,,,37,EVM91_61ae55ffd7075534f9,accepted
PROPM91_b51e51f3411936b39e,RELM91_0984a02db827f849b7,MATM91_462f2ca6c7e8e721b8,8321炸药,安全特性,吸湿性,极小,,,,,,,极小,text_only,false,no_reliable_numeric_measurement,,,,,,37,EVM91_25ad11b84d63ff9fe2,accepted
PROPM91_34f5f61b62307c8369,RELM91_270c676ad39c5fd384,MATM91_462f2ca6c7e8e721b8,8321炸药,安全特性,熔点,275 ~ 285 (HMX熔点并分解),,275,285,℃,explicit_or_field_specific,,,validated_range,true,,primary_value,熔点,,,,37,EVM91_47c5a87d55d316a58e,accepted
PROPM91_b713891c52d8bb93a1,RELM91_c39ca15db180035e2b,MATM91_462f2ca6c7e8e721b8,8321炸药,安全特性,分解温度,> 270 (开始分解),270,,,℃,explicit_or_field_specific,>,,validated_single,true,,onset_temperature,分解温度,>,,,37,EVM91_b883d7c568910ce99a,accepted
PROPM91_b4f64a9363f2cbb298,RELM91_512c365d2ebcb3bf8d,MATM91_462f2ca6c7e8e721b8,8321炸药,能量特性,爆速,8800 ~ 8850 (在密度 1.86g/cm3 下),,,,,,,,condition_only,false,only_test_conditions,,,,,,37,EVM91_0ac3f481ba24c0be64,accepted
PROPM91_14d37dce470abfc371,RELM91_465a91421c315c04cd,MATM91_462f2ca6c7e8e721b8,8321炸药,能量特性,爆温,~3300,3300,,,℃,explicit_or_field_specific,~,,validated_single,true,,primary_value,爆温,~,,,37,EVM91_0308d7768a4629a8d5,accepted
PROPM91_7605f026d703e2d7d7,RELM91_b07d869606ea1b1b10,MATM91_462f2ca6c7e8e721b8,8321炸药,能量特性,爆压,~36,36,,,GPa,explicit_or_field_specific,~,,validated_single,true,,primary_value,爆压,~,,,37,EVM91_c2bb0403c053d183e4,accepted
PROPM91_03fbd28bbc7f49096f,RELM91_c96eeced320fe9573d,MATM91_462f2ca6c7e8e721b8,8321炸药,能量特性,爆容,约 800,800,,,L/kg,explicit_or_field_specific,~,,validated_single,true,,primary_value,爆容,~,,,37,EVM91_5698463dcf3a32bbd0,accepted
PROPM91_b5bef2ee0dff11949c,RELM91_f639987d483e03ecc2,MATM91_462f2ca6c7e8e721b8,8321炸药,能量特性,威力,极强 (约 1.6 ~ 1.7 倍 TNT 威力),,,,,,,强,text_only,false,no_reliable_numeric_measurement,,,,,,37,EVM91_b525fbf0beca44d84d,accepted
PROPM91_cb63a383489107ac0b,RELM91_2d87149a809c366f08,MATM91_462f2ca6c7e8e721b8,8321炸药,能量特性,猛度,极高,,,,,,,极高|高,text_only,false,no_reliable_numeric_measurement,,,,,,37,EVM91_ad03e5af24d7d89d3f,accepted
PROPM91_5e8abaeae60e0602a3,RELM91_c70a5c90d889de8080,MATM91_462f2ca6c7e8e721b8,8321炸药,能量特性,起爆力,"无 (猛炸药, 需起爆药激发)",,,,,,,无,text_only,false,no_reliable_numeric_measurement,,,,,,37,EVM91_0d4a513315dadb6938,accepted
PROPM91_9b02134a54e8b60da1,RELM91_e1576618eda4822edd,MATM91_462f2ca6c7e8e721b8,8321炸药,能量特性,燃烧速度(发射药、推进剂),"稳定燃烧, 受强冲击易爆轰",,,,,,,强,qualitative_only,false,no_reliable_numeric_measurement,,,,,,37,EVM91_664f89266dc83bd69b,accepted
PROPM91_93818cfc3c15e4d9e6,RELM91_23122cafe92dba0200,MATM91_462f2ca6c7e8e721b8,8321炸药,能量特性,火药力(发射药),约 1100 kJ/kg,1100,,,kJ/kg,explicit_or_field_specific,~,,validated_single,true,,primary_value,火药力(发射药),~,,,37,EVM91_69c0a419aba531852f,accepted
PROPM91_86d33c0f6463cc4ef1,RELM91_3cb8a7ab87d6aeceb4,MATM91_11c8cdd58a7cedbad0,10#159炸药,理化性质,分子量(单质),222.12 (RDX),,,,g/mol,field_dictionary,,,qualitative_only,false,no_reliable_numeric_measurement,,,,,,38,EVM91_39274809f7c806a23d,accepted
PROPM91_d48df54c870c0da174,RELM91_403c775e9f9dd8b4c1,MATM91_11c8cdd58a7cedbad0,10#159炸药,理化性质,密度,1.74 ~ 1.78 (装填密度),,1.74,1.78,g/cm³,explicit_or_field_specific,,,validated_range,true,,primary_value,密度,,,,38,EVM91_92a67ddf3ca4073e3b,accepted
PROPM91_245733dfab48385303,RELM91_5ed343575cb985dcb9,MATM91_11c8cdd58a7cedbad0,10#159炸药,理化性质,外观,灰色颗粒或药块 (受铝粉影响呈金属灰色),,,,,,,,text_only,false,no_reliable_numeric_measurement,,,,,,38,EVM91_b22baadbedbf8d28fd,accepted
PROPM91_42588c307cc12e7169,RELM91_80af235bc0b0f9bb22,MATM91_11c8cdd58a7cedbad0,10#159炸药,理化性质,溶解性,"RDX溶于丙酮, 铝粉不溶, 蜡溶于苯",,,,,,,,text_only,false,no_reliable_numeric_measurement,,,,,,38,EVM91_f1721f24f0d4b7a9b6,accepted
PROPM91_babc20c27d065675ac,RELM91_3f19c41732d3094528,MATM91_11c8cdd58a7cedbad0,10#159炸药,理化性质,挥发性,极低,,,,,,,低|极低,text_only,false,no_reliable_numeric_measurement,,,,,,38,EVM91_9a561eb21a58fcd116,accepted
PROPM91_1b6b97478562d9ea21,RELM91_aa7721a35de176930a,MATM91_11c8cdd58a7cedbad0,10#159炸药,安全特性,摩擦感度(需对应不同测试条件),"较低 (由于含蜡和铝粉的缓冲作用,低于单质RDX)",,,,,,,较低|低,qualitative_only,false,no_reliable_numeric_measurement,,,,,,38,EVM91_6ae477bb809320f539,accepted
PROPM91_0ff8ef1f0a4b62d9ae,RELM91_b067702d7f3a994fec,MATM91_11c8cdd58a7cedbad0,10#159炸药,安全特性,撞击感度(需对应不同测试条件),"较低 (2kg落锤, 爆炸概率显著低于单质黑索今)",,,,,,,较低|低,condition_only,false,only_test_conditions,,,,2,,38,EVM91_690e48423532cc7aed,accepted
PROPM91_66b421f73719a16dd3,RELM91_e61debd2f7b147adaa,MATM91_11c8cdd58a7cedbad0,10#159炸药,安全特性,冲击感度,不敏感 (需强力传爆药起爆),,,,,,,敏感|不敏感|强,qualitative_only,false,no_reliable_numeric_measurement,,,,,,38,EVM91_cfa8061ea8555e9dd1,accepted
PROPM91_b768ad1204b3d43c4f,RELM91_1966c42df1265812d7,MATM91_11c8cdd58a7cedbad0,10#159炸药,安全特性,火焰感度,较敏感 (铝粉增加了药剂的热效应和引燃活性),,,,,,,较敏感|敏感,qualitative_only,false,no_reliable_numeric_measurement,,,,,,38,EVM91_6ac235ecd4884462b6,accepted
PROPM91_f34b1f25704e80ac84,RELM91_7fd802eee221d1e21e,MATM91_11c8cdd58a7cedbad0,10#159炸药,安全特性,静电感度(需对应不同测试条件),低 (具有良好的抗静电性能),,,,,,,低,qualitative_only,false,no_reliable_numeric_measurement,,,,,,38,EVM91_123beba29c544b28fe,accepted
PROPM91_bf63e548c94a04a5a3,RELM91_f05a5ee756adf77358,MATM91_11c8cdd58a7cedbad0,10#159炸药,安全特性,热感度(5s爆发点),230 ~ 240 (主要受RDX分解控制),,230,240,℃,explicit_or_field_specific,,,validated_range,true,,primary_value,热感度(5s爆发点),,,5,38,EVM91_c85b8bcc3ebed74d6d,accepted
PROPM91_d834815dad4cedab80,RELM91_1b5f01cc109d59d0aa,MATM91_11c8cdd58a7cedbad0,10#159炸药,安全特性,电火花感度,不敏感,,,,,,,敏感|不敏感,qualitative_only,false,no_reliable_numeric_measurement,,,,,,38,EVM91_4a489d3fabd6c76bc8,accepted
PROPM91_dc90cd6c6bede65d3c,RELM91_d6377a25b718a004c5,MATM91_11c8cdd58a7cedbad0,10#159炸药,安全特性,吸湿性,小 (具有一定的防潮能力),,,,,,,,text_only,false,no_reliable_numeric_measurement,,,,,,38,EVM91_be86555275d58ef6af,accepted
PROPM91_3995d3b89b4ddac696,RELM91_6a0aed3c1798507ec6,MATM91_11c8cdd58a7cedbad0,10#159炸药,安全特性,熔点,~204 (RDX组分熔点),204,,,℃,explicit_or_field_specific,~,,validated_single,true,,primary_value,熔点,~,,,38,EVM91_52fa86e1d1c8ce7f66,accepted
PROPM91_de306f3b1d5c177076,RELM91_fd08147c0908e0a231,MATM91_11c8cdd58a7cedbad0,10#159炸药,安全特性,分解温度,> 200 (开始分解),200,,,℃,explicit_or_field_specific,>,,validated_single,true,,onset_temperature,分解温度,>,,,38,EVM91_fa602f6a4b3584e2d5,accepted
PROPM91_be7054a175e0174242,RELM91_2c62d4eae58e43d353,MATM91_11c8cdd58a7cedbad0,10#159炸药,能量特性,爆速,7300 ~ 7600 (在密度 1.75g/cm3 下),,,,,,,,condition_only,false,only_test_conditions,,,,,,38,EVM91_98d6251b1d70c38ee3,accepted
PROPM91_ecd319d6de255fa667,RELM91_fd817c6f07b9685eac,MATM91_11c8cdd58a7cedbad0,10#159炸药,能量特性,爆温,"~4000 (铝粉氧化显著放热,爆温极高)",4000,,,℃,explicit_or_field_specific,~,极高|高,validated_single,true,,primary_value,爆温,~,,,38,EVM91_ad8adafbc0df143383,accepted
PROPM91_e6865678a57fef423e,RELM91_84309d802667a8144a,MATM91_11c8cdd58a7cedbad0,10#159炸药,能量特性,爆压,~25,25,,,GPa,explicit_or_field_specific,~,,validated_single,true,,primary_value,爆压,~,,,38,EVM91_9948aa1e81abd861ca,accepted
PROPM91_8ccda34284aafa757c,RELM91_5be2772da3b01b9d60,MATM91_11c8cdd58a7cedbad0,10#159炸药,能量特性,爆容,约 700 ~ 800,,700,800,L/kg,explicit_or_field_specific,~,,validated_range,true,,primary_value,爆容,~,,,38,EVM91_4ddd9f0f84523ecf52,accepted
PROPM91_9ac4c533aed1aea0ed,RELM91_e925b03789cf2014d7,MATM91_11c8cdd58a7cedbad0,10#159炸药,能量特性,威力,"强 (由于铝粉二次反应,做功威力约 1.3 ~ 1.5 倍 TNT)",,,,,,,强,text_only,false,no_reliable_numeric_measurement,,,,,,38,EVM91_99438a12484d1807d0,accepted
PROPM91_3f72ff42ff7adb25ad,RELM91_5c8294b109e45756f3,MATM91_11c8cdd58a7cedbad0,10#159炸药,能量特性,猛度,高,,,,,,,高,text_only,false,no_reliable_numeric_measurement,,,,,,38,EVM91_9d7732c0e5875fccff,accepted
PROPM91_b5f5e5bdf3725d06f7,RELM91_5081bfacf73691f1f2,MATM91_11c8cdd58a7cedbad0,10#159炸药,能量特性,起爆力,"无 (猛炸药, 需起爆药激发)",,,,,,,无,text_only,false,no_reliable_numeric_measurement,,,,,,38,EVM91_6c08252b0c4c1e633c,accepted
PROPM91_3f4d54c85b352f7176,RELM91_3f7de333e9c776c6a4,MATM91_11c8cdd58a7cedbad0,10#159炸药,能量特性,燃烧速度(发射药、推进剂),燃烧剧烈且伴随大量白烟(氧化铝),,,,,,,,qualitative_only,false,no_reliable_numeric_measurement,,,,,,38,EVM91_69cb68b13078e6e458,accepted
PROPM91_5677442351777fc5a1,RELM91_c8993be4aeb17f810b,MATM91_11c8cdd58a7cedbad0,10#159炸药,能量特性,火药力(发射药),约 1100 kJ/kg,1100,,,kJ/kg,explicit_or_field_specific,~,,validated_single,true,,primary_value,火药力(发射药),~,,,38,EVM91_c99de04ae2ac52ed2e,accepted
PROPM91_5612e2b8c3338b11d6,RELM91_5474adbff45becbd57,MATM91_489b5d6bb71b4abdb8,聚奥8炸药,理化性质,分子量(单质),296.16 (HMX),,,,g/mol,field_dictionary,,,qualitative_only,false,no_reliable_numeric_measurement,,,,,,39,EVM91_67173c979297934dfc,accepted
PROPM91_0c9dbe87d225d8e491,RELM91_28a98f2c0443a21d43,MATM91_489b5d6bb71b4abdb8,聚奥8炸药,理化性质,密度,1.85 ~ 1.89 (压装密度),,1.85,1.89,g/cm³,explicit_or_field_specific,,,validated_range,true,,primary_value,密度,,,,39,EVM91_e6b71a9fc63a0492c3,accepted
PROPM91_b51786c90c65464a43,RELM91_f9bd4e91c9b406c03b,MATM91_489b5d6bb71b4abdb8,聚奥8炸药,理化性质,外观,白色、淡黄色或略带浅粉色颗粒/药柱,,,,,,,,text_only,false,no_reliable_numeric_measurement,,,,,,39,EVM91_99294c019eb30d59d9,accepted
PROPM91_2ba2cdabecf18e7af9,RELM91_683aed2d4ceaa9c127,MATM91_489b5d6bb71b4abdb8,聚奥8炸药,理化性质,溶解性,"组分HMX不溶于水, 易溶于丙酮; 氟橡胶溶于特定酯类或酮类溶剂",,,,,,,,text_only,false,no_reliable_numeric_measurement,,,,,,39,EVM91_285480c2d807330d06,accepted
PROPM91_a29c2a046bbfa8c7b4,RELM91_96d45e716655a5327a,MATM91_489b5d6bb71b4abdb8,聚奥8炸药,理化性质,挥发性,极低,,,,,,,低|极低,text_only,false,no_reliable_numeric_measurement,,,,,,39,EVM91_18a7c1957c22852481,accepted
PROPM91_a6b126a305bd3ab0b3,RELM91_0260eb99efc98760a4,MATM91_489b5d6bb71b4abdb8,聚奥8炸药,安全特性,摩擦感度(需对应不同测试条件),较低 (由于聚合物的包覆和钝化作用),,,,,,,较低|低,qualitative_only,false,no_reliable_numeric_measurement,,,,,,39,EVM91_49697dfcd67245e780,accepted
PROPM91_89fb6465224e1a60d0,RELM91_fd16603a1129c64d35,MATM91_489b5d6bb71b4abdb8,聚奥8炸药,安全特性,撞击感度(需对应不同测试条件),"较低 (2kg落锤, 爆炸概率通常在 10% - 20% 以下)",,,,,,,较低|低,multiple_measurements,false,multiple_primary_measurements,,,,2,,39,EVM91_5541cfa9067d36b94c,accepted
PROPM91_787eae81393582696f,RELM91_1e0920760d828e7276,MATM91_489b5d6bb71b4abdb8,聚奥8炸药,安全特性,冲击感度,不敏感 (需要强力的起爆能或传爆药柱起爆),,,,,,,敏感|不敏感|强,qualitative_only,false,no_reliable_numeric_measurement,,,,,,39,EVM91_c98d3a7ca07877ca58,accepted
PROPM91_9ebc440d83fccd4a3a,RELM91_1c10b6ae75dc74fa80,MATM91_489b5d6bb71b4abdb8,聚奥8炸药,安全特性,火焰感度,"较低 (点燃后稳定燃烧, 在强约束下有爆轰风险)",,,,,,,强|较低|低,qualitative_only,false,no_reliable_numeric_measurement,,,,,,39,EVM91_48285fa283fdaf10e7,accepted
PROPM91_e405b7b642b78253f3,RELM91_cc879c8f6011925351,MATM91_489b5d6bb71b4abdb8,聚奥8炸药,安全特性,静电感度(需对应不同测试条件),低 (聚合物包覆提升了抗静电稳定性),,,,,,,低,qualitative_only,false,no_reliable_numeric_measurement,,,,,,39,EVM91_bb8e8173573c7f093d,accepted
PROPM91_c1433b6a8ca1ce87c5,RELM91_87488c73520ff4c852,MATM91_489b5d6bb71b4abdb8,聚奥8炸药,安全特性,热感度(5s爆发点),310 ~ 330 (主要取决于HMX的晶型和纯度),,310,330,℃,explicit_or_field_specific,,,validated_range,true,,primary_value,热感度(5s爆发点),,,5,39,EVM91_9bc779ea1b057d8126,accepted
PROPM91_1bcd00e9cb08c2e607,RELM91_bf78a987df36ba716b,MATM91_489b5d6bb71b4abdb8,聚奥8炸药,安全特性,电火花感度,不敏感,,,,,,,敏感|不敏感,qualitative_only,false,no_reliable_numeric_measurement,,,,,,39,EVM91_124216bfde9b60c7b1,accepted
PROPM91_f444067ffb0b5676f9,RELM91_4abf5e3a33ed0b8f6e,MATM91_489b5d6bb71b4abdb8,聚奥8炸药,安全特性,吸湿性,极小,,,,,,,极小,text_only,false,no_reliable_numeric_measurement,,,,,,39,EVM91_b49da7f2d6ad8e8e37,accepted
PROPM91_a15de92868ff2672d2,RELM91_fa29a1ca68b0947b25,MATM91_489b5d6bb71b4abdb8,聚奥8炸药,安全特性,熔点,~280 (HMX熔融并伴随分解),280,,,℃,explicit_or_field_specific,~,,validated_single,true,,primary_value,熔点,~,,,39,EVM91_9e980775a930d6ff08,accepted
PROPM91_34ca19733706bb451c,RELM91_ef8830ae21af2c3bd3,MATM91_489b5d6bb71b4abdb8,聚奥8炸药,安全特性,分解温度,> 270 (开始分解),270,,,℃,explicit_or_field_specific,>,,validated_single,true,,onset_temperature,分解温度,>,,,39,EVM91_c4aee889e51274a6ff,accepted
PROPM91_524a43ab8e2548340b,RELM91_91a3e655a845b6f2de,MATM91_489b5d6bb71b4abdb8,聚奥8炸药,能量特性,爆速,8850 ~ 8950 (在密度 1.88g/cm3 下),,,,,,,,condition_only,false,only_test_conditions,,,,,,39,EVM91_b9617ebf5200012e77,accepted
PROPM91_25d8b516d19b253f53,RELM91_1a336175a900e58431,MATM91_489b5d6bb71b4abdb8,聚奥8炸药,能量特性,爆温,~3350,3350,,,℃,explicit_or_field_specific,~,,validated_single,true,,primary_value,爆温,~,,,39,EVM91_d3a039864990f72613,accepted
PROPM91_6074a39298e8494ffa,RELM91_f9e75ca8d8fadfe64b,MATM91_489b5d6bb71b4abdb8,聚奥8炸药,能量特性,爆压,~37,37,,,GPa,explicit_or_field_specific,~,,validated_single,true,,primary_value,爆压,~,,,39,EVM91_daafc914e7e7ba9a51,accepted
PROPM91_54d974528685d00e37,RELM91_98215b9685d068e27a,MATM91_489b5d6bb71b4abdb8,聚奥8炸药,能量特性,爆容,约 810,810,,,L/kg,explicit_or_field_specific,~,,validated_single,true,,primary_value,爆容,~,,,39,EVM91_724a6831197f668fd4,accepted
PROPM91_438d7ccd52359d509c,RELM91_fe9dc4ff12b330fcc1,MATM91_489b5d6bb71b4abdb8,聚奥8炸药,能量特性,威力,"极强 (约 1.7 倍 TNT 威力, 现代高能混合炸药顶峰)",,,,,,,强|高,text_only,false,no_reliable_numeric_measurement,,,,,,39,EVM91_05a50ff41b54d2a90c,accepted
PROPM91_6d19d8eafa45aa5480,RELM91_a9f10ab5c47e0ba322,MATM91_489b5d6bb71b4abdb8,聚奥8炸药,能量特性,猛度,极高 (铅柱压缩值约 23-25mm),,23,25,mm,explicit_or_field_specific,~,极高|高,validated_range,true,,primary_value,猛度,~,,,39,EVM91_6e27a263cb28d18419,accepted
PROPM91_c6c02c0e8c4bff97e7,RELM91_8d13b2ac4ddebf14da,MATM91_489b5d6bb71b4abdb8,聚奥8炸药,能量特性,起爆力,"无 (猛炸药, 需要起爆系统激发)",,,,,,,无,text_only,false,no_reliable_numeric_measurement,,,,,,39,EVM91_498fd7d0001066fc7b,accepted
PROPM91_dcc248734a1b75a0ef,RELM91_b55419ba8a9815413e,MATM91_489b5d6bb71b4abdb8,聚奥8炸药,能量特性,燃烧速度(发射药、推进剂),"稳定燃烧, 极高压力下易转爆轰",,,,,,,极高|高,qualitative_only,false,no_reliable_numeric_measurement,,,,,,39,EVM91_f7ed3344f8635366f5,accepted
PROPM91_76d7ff1ced7e5a61ba,RELM91_b10a5abc44a5c11171,MATM91_489b5d6bb71b4abdb8,聚奥8炸药,能量特性,火药力(发射药),约 1150 kJ/kg,1150,,,kJ/kg,explicit_or_field_specific,~,,validated_single,true,,primary_value,火药力(发射药),~,,,39,EVM91_861b6a011ea93a0dd3,accepted
PROPM91_14d2829ccaed1f43be,RELM91_7112b1c18087050932,MATM91_0d2ff4ac10e85c5f65,聚奥3炸药,理化性质,分子量(单质),296.16 (HMX),,,,g/mol,field_dictionary,,,qualitative_only,false,no_reliable_numeric_measurement,,,,,,40,EVM91_9096d7019f1a9f8e78,accepted
PROPM91_01a24d15facfbb1a48,RELM91_99704be578a6034b9f,MATM91_0d2ff4ac10e85c5f65,聚奥3炸药,理化性质,密度,1.84 ~ 1.88 (装填密度),,1.84,1.88,g/cm³,explicit_or_field_specific,,,validated_range,true,,primary_value,密度,,,,40,EVM91_60a9433d3377446a92,accepted
PROPM91_87d45ed395091a58f2,RELM91_2939280dbc00a49b72,MATM91_0d2ff4ac10e85c5f65,聚奥3炸药,理化性质,外观,白色或淡黄色颗粒/药柱,,,,,,,,text_only,false,no_reliable_numeric_measurement,,,,,,40,EVM91_c74929e2bce42ad18c,accepted
PROPM91_6409c6f4092f70657d,RELM91_028dc26379ed05f520,MATM91_0d2ff4ac10e85c5f65,聚奥3炸药,理化性质,溶解性,"HMX组分不溶于水, 易溶于丙酮、DMF; 粘结剂溶于特定有机溶剂",,,,,,,,text_only,false,no_reliable_numeric_measurement,,,,,,40,EVM91_1f9397e3036f189eef,accepted
PROPM91_8e07dbabb416476e65,RELM91_bc09c1dbb7266ca979,MATM91_0d2ff4ac10e85c5f65,聚奥3炸药,理化性质,挥发性,极低,,,,,,,低|极低,text_only,false,no_reliable_numeric_measurement,,,,,,40,EVM91_f5a50ec9509c7f6caf,accepted
PROPM91_cd2af9b2aeddecb837,RELM91_6cd5b260d49309bda4,MATM91_0d2ff4ac10e85c5f65,聚奥3炸药,安全特性,摩擦感度(需对应不同测试条件),"低 (由于聚合物包覆,机械感度显著改善)",,,,,,,低,qualitative_only,false,no_reliable_numeric_measurement,,,,,,40,EVM91_e32b9cdee83cb965c4,accepted
PROPM91_57de3608cd439d589a,RELM91_c7305224995a263feb,MATM91_0d2ff4ac10e85c5f65,聚奥3炸药,安全特性,撞击感度(需对应不同测试条件),"较低 (2kg落锤, 爆炸概率通常在 15% - 25% 以下)",,,,,,,较低|低,multiple_measurements,false,multiple_primary_measurements,,,,2,,40,EVM91_ade846c64c656e3fa6,accepted
PROPM91_1aae8980eda540279c,RELM91_03958a981b4ecbbefb,MATM91_0d2ff4ac10e85c5f65,聚奥3炸药,安全特性,冲击感度,不敏感 (需强力传爆药起爆),,,,,,,敏感|不敏感|强,qualitative_only,false,no_reliable_numeric_measurement,,,,,,40,EVM91_47faf1282da544ac3e,accepted
PROPM91_e893e7db6394af8e34,RELM91_03aa91372eabe3c2c9,MATM91_0d2ff4ac10e85c5f65,聚奥3炸药,安全特性,火焰感度,"较低 (点火后稳定燃烧, 封闭状态下有爆轰风险)",,,,,,,较低|低,qualitative_only,false,no_reliable_numeric_measurement,,,,,,40,EVM91_ae08921fd44f802c88,accepted
PROPM91_7008c71aa3c9aa81eb,RELM91_e769f50438f03e87ad,MATM91_0d2ff4ac10e85c5f65,聚奥3炸药,安全特性,静电感度(需对应不同测试条件),低 (良好的抗静电性能),,,,,,,低,qualitative_only,false,no_reliable_numeric_measurement,,,,,,40,EVM91_3a4902c83771ce299e,accepted
PROPM91_27e9a3c3d07759473d,RELM91_e74d33c039f3ae5f4e,MATM91_0d2ff4ac10e85c5f65,聚奥3炸药,安全特性,热感度(5s爆发点),~310 (受HMX分解点控制),310,,,℃,explicit_or_field_specific,~,,validated_single,true,,primary_value,热感度(5s爆发点),~,,5,40,EVM91_3a4500b4e0a16fa34d,accepted
PROPM91_caef1bd7c159007bbe,RELM91_5745f9370abed42686,MATM91_0d2ff4ac10e85c5f65,聚奥3炸药,安全特性,电火花感度,不敏感,,,,,,,敏感|不敏感,qualitative_only,false,no_reliable_numeric_measurement,,,,,,40,EVM91_22ea4a627b29fc23d8,accepted
PROPM91_9e1d0589192a76fa3a,RELM91_611d598c3e4e0fb3f6,MATM91_0d2ff4ac10e85c5f65,聚奥3炸药,安全特性,吸湿性,极小,,,,,,,极小,text_only,false,no_reliable_numeric_measurement,,,,,,40,EVM91_428f72987562d0f452,accepted
PROPM91_b9c70e284cae052f47,RELM91_6b551159a0aef63403,MATM91_0d2ff4ac10e85c5f65,聚奥3炸药,安全特性,熔点,275 ~ 285 (HMX熔融并伴随分解),,275,285,℃,explicit_or_field_specific,,,validated_range,true,,primary_value,熔点,,,,40,EVM91_0bca9397c34181a77e,accepted
PROPM91_ef371c6a117ae201cc,RELM91_cacee604ac3a0bba23,MATM91_0d2ff4ac10e85c5f65,聚奥3炸药,安全特性,分解温度,> 270 (开始显著分解),270,,,℃,explicit_or_field_specific,>,,validated_single,true,,onset_temperature,分解温度,>,,,40,EVM91_45cb20f1a4cbe291cf,accepted
PROPM91_03c96f719c8746def6,RELM91_09d88fa5f1d5d2c059,MATM91_0d2ff4ac10e85c5f65,聚奥3炸药,能量特性,爆速,8700 ~ 8850 (在密度 1.86g/cm3 下),,,,,,,,condition_only,false,only_test_conditions,,,,,,40,EVM91_fc538e8d3000ff0386,accepted
PROPM91_788f43f661bf7cd56c,RELM91_faa8494c36d8579b52,MATM91_0d2ff4ac10e85c5f65,聚奥3炸药,能量特性,爆温,~3300,3300,,,℃,explicit_or_field_specific,~,,validated_single,true,,primary_value,爆温,~,,,40,EVM91_ef231b1b52e6bcc803,accepted
PROPM91_96f3df6cf2c5ff197e,RELM91_487c50d11c938779c2,MATM91_0d2ff4ac10e85c5f65,聚奥3炸药,能量特性,爆压,~35,35,,,GPa,explicit_or_field_specific,~,,validated_single,true,,primary_value,爆压,~,,,40,EVM91_233c64bad2e377a4b7,accepted
PROPM91_6b4104a17120a7cedd,RELM91_f7d8fe08ddf3d88cf4,MATM91_0d2ff4ac10e85c5f65,聚奥3炸药,能量特性,爆容,约 800,800,,,L/kg,explicit_or_field_specific,~,,validated_single,true,,primary_value,爆容,~,,,40,EVM91_245b335e84963f75be,accepted
PROPM91_543eacc03d94386187,RELM91_7af0e6816f878aba0b,MATM91_0d2ff4ac10e85c5f65,聚奥3炸药,能量特性,威力,"强 (约 1.6 倍 TNT 威力, 现代高性能炸药)",,,,,,,强|高,text_only,false,no_reliable_numeric_measurement,,,,,,40,EVM91_40fe025e75f238e82a,accepted
PROPM91_11499f2d49c54f9c10,RELM91_04e2b6357d27835242,MATM91_0d2ff4ac10e85c5f65,聚奥3炸药,能量特性,猛度,高 (铅柱压缩值约 22-24mm),,22,24,mm,explicit_or_field_specific,~,高,validated_range,true,,primary_value,猛度,~,,,40,EVM91_918e03d6ca605c0157,accepted
PROPM91_6169278500c1b74972,RELM91_7a3870972d1e42c3c3,MATM91_0d2ff4ac10e85c5f65,聚奥3炸药,能量特性,起爆力,"无 (猛炸药, 需要起爆系统激发)",,,,,,,无,text_only,false,no_reliable_numeric_measurement,,,,,,40,EVM91_6b690a427bf6049421,accepted
PROPM91_925a753a4b6c83bf6d,RELM91_871911c8b45ff1469b,MATM91_0d2ff4ac10e85c5f65,聚奥3炸药,能量特性,燃烧速度(发射药、推进剂),稳定燃烧,,,,,,,,qualitative_only,false,no_reliable_numeric_measurement,,,,,,40,EVM91_2a4145d5d858ce1924,accepted
PROPM91_ce2a5edc11e69673e6,RELM91_7c1ac8f9d8d750ff1f,MATM91_0d2ff4ac10e85c5f65,聚奥3炸药,能量特性,火药力(发射药),约 1100 kJ/kg,1100,,,kJ/kg,explicit_or_field_specific,~,,validated_single,true,,primary_value,火药力(发射药),~,,,40,EVM91_0f8af1d5567c814996,accepted
PROPM91_bee5896143ea74b034,RELM91_ba0d031fd573e30bd6,MATM91_53681deef995978c5c,聚奥7炸药,理化性质,分子量(单质),296.16 (HMX),,,,g/mol,field_dictionary,,,qualitative_only,false,no_reliable_numeric_measurement,,,,,,41,EVM91_7a0baf2e4e99e723a2,accepted
PROPM91_bcb9d95923b4f331b8,RELM91_1e0e56bbc4e3b60a6c,MATM91_53681deef995978c5c,聚奥7炸药,理化性质,密度,1.85 ~ 1.89 (压装密度),,1.85,1.89,g/cm³,explicit_or_field_specific,,,validated_range,true,,primary_value,密度,,,,41,EVM91_10ae61836781e976a2,accepted
PROPM91_ef765d0861189f3abf,RELM91_d9d49eed11ac30da3f,MATM91_53681deef995978c5c,聚奥7炸药,理化性质,外观,白色、浅黄色或浅灰色颗粒/药柱,,,,,,,,text_only,false,no_reliable_numeric_measurement,,,,,,41,EVM91_58a6f1f487f92cfb97,accepted
PROPM91_827bf7724fc46d06e5,RELM91_9e406df822141c9e44,MATM91_53681deef995978c5c,聚奥7炸药,理化性质,溶解性,"HMX不溶于水, 溶于丙酮; 粘结剂溶于特定有机溶剂",,,,,,,,text_only,false,no_reliable_numeric_measurement,,,,,,41,EVM91_1da072e399c8719711,accepted
PROPM91_396beca697c0bf2857,RELM91_25c173ff8bdc36b082,MATM91_53681deef995978c5c,聚奥7炸药,理化性质,挥发性,极低,,,,,,,低|极低,text_only,false,no_reliable_numeric_measurement,,,,,,41,EVM91_ca72356c276ae134c3,accepted
PROPM91_73881aae3c1774f71a,RELM91_03c8035e01bc890ee8,MATM91_53681deef995978c5c,聚奥7炸药,安全特性,摩擦感度(需对应不同测试条件),低 (由于高分子聚合物对晶体的包覆作用),,,,,,,低|高,qualitative_only,false,no_reliable_numeric_measurement,,,,,,41,EVM91_a49cdabfa28b4e60a0,accepted
PROPM91_a94b7ba6ae4f90b021,RELM91_4ead11a4a3c104a80b,MATM91_53681deef995978c5c,聚奥7炸药,安全特性,撞击感度(需对应不同测试条件),"低 (2kg落锤, 爆炸概率通常 < 15%)",15,,,%,explicit_or_field_specific,<,低,validated_single,true,,explosion_probability,,<,2,,41,EVM91_15fdad4bc7c1c34bea,accepted
PROPM91_ba2f397fb822ea95de,RELM91_1a1874827e2636cab0,MATM91_53681deef995978c5c,聚奥7炸药,安全特性,冲击感度,不敏感 (需强力传爆药柱起爆),,,,,,,敏感|不敏感|强,qualitative_only,false,no_reliable_numeric_measurement,,,,,,41,EVM91_9915c54b9d8625c67a,accepted
PROPM91_beb2d0c36c186f6189,RELM91_f6531f952d2ae09479,MATM91_53681deef995978c5c,聚奥7炸药,安全特性,火焰感度,"较低 (点燃后稳定燃烧, 严禁在约束状态下加热)",,,,,,,较低|低,qualitative_only,false,no_reliable_numeric_measurement,,,,,,41,EVM91_23e0303cb9fadf7edc,accepted
PROPM91_af268f1f8504ea8819,RELM91_6037d311c7c1b3338a,MATM91_53681deef995978c5c,聚奥7炸药,安全特性,静电感度(需对应不同测试条件),低 (良好的抗静电稳定性),,,,,,,低,qualitative_only,false,no_reliable_numeric_measurement,,,,,,41,EVM91_b6279243c89d8a3727,accepted
PROPM91_d4b6303f19371aac03,RELM91_5e664cf5d0d71bc4ab,MATM91_53681deef995978c5c,聚奥7炸药,安全特性,热感度(5s爆发点),~315 (主要受HMX晶体分解控制),315,,,℃,explicit_or_field_specific,~,,validated_single,true,,primary_value,热感度(5s爆发点),~,,5,41,EVM91_b0129bb4c14abcf999,accepted
PROPM91_520435d6dc8d2b152c,RELM91_315be4d2648e9a8fae,MATM91_53681deef995978c5c,聚奥7炸药,安全特性,电火花感度,不敏感,,,,,,,敏感|不敏感,qualitative_only,false,no_reliable_numeric_measurement,,,,,,41,EVM91_6d3084b41a08a49385,accepted
PROPM91_3e4968465ffd75dc51,RELM91_52919c8b6b55f7f84a,MATM91_53681deef995978c5c,聚奥7炸药,安全特性,吸湿性,极小 (不吸湿),,,,,,,吸湿|不吸湿|极小,text_only,false,no_reliable_numeric_measurement,,,,,,41,EVM91_c8a2115af0cdde4821,accepted
PROPM91_abbd0195effe43cb70,RELM91_d673f5f17aa995de81,MATM91_53681deef995978c5c,聚奥7炸药,安全特性,熔点,275 ~ 285 (HMX熔融并伴随分解),,275,285,℃,explicit_or_field_specific,,,validated_range,true,,primary_value,熔点,,,,41,EVM91_019da6f2f231e1a30f,accepted
PROPM91_c7e02b6bc1864258c9,RELM91_43afdf817f720c9372,MATM91_53681deef995978c5c,聚奥7炸药,安全特性,分解温度,> 270 (开始显著分解),270,,,℃,explicit_or_field_specific,>,,validated_single,true,,onset_temperature,分解温度,>,,,41,EVM91_0dbd5ed6c8366e62a8,accepted
PROPM91_ba34961f53cd5791b7,RELM91_9dfe1464003c50e8d1,MATM91_53681deef995978c5c,聚奥7炸药,能量特性,爆速,8800 ~ 8900 (在密度 1.87g/cm3 下),,,,,,,,condition_only,false,only_test_conditions,,,,,,41,EVM91_4ce1b8d78168417d36,accepted
PROPM91_76b00abea4a74d1132,RELM91_5f5da676724ad1e8ab,MATM91_53681deef995978c5c,聚奥7炸药,能量特性,爆温,~3350,3350,,,℃,explicit_or_field_specific,~,,validated_single,true,,primary_value,爆温,~,,,41,EVM91_6e3e5ea6f93fa74c5e,accepted
PROPM91_9f62a0a1ea9b38c125,RELM91_4afdbc6a504b7ba3f4,MATM91_53681deef995978c5c,聚奥7炸药,能量特性,爆压,~36,36,,,GPa,explicit_or_field_specific,~,,validated_single,true,,primary_value,爆压,~,,,41,EVM91_db0ecc5cc102940fa4,accepted
PROPM91_235c1fc43de6d844ca,RELM91_5fbbfa36ebf8084337,MATM91_53681deef995978c5c,聚奥7炸药,能量特性,爆容,约 810,810,,,L/kg,explicit_or_field_specific,~,,validated_single,true,,primary_value,爆容,~,,,41,EVM91_a2d2b00b410cbea494,accepted
PROPM91_b0acf1726626182eec,RELM91_11c72d6b8744821142,MATM91_53681deef995978c5c,聚奥7炸药,能量特性,威力,极强 (约为 1.65 ~ 1.75 倍 TNT 威力),,,,,,,强,text_only,false,no_reliable_numeric_measurement,,,,,,41,EVM91_d511f5725f80a1a6d9,accepted
PROPM91_0c8f9d2b62c356314f,RELM91_558ec4a6bde077adb7,MATM91_53681deef995978c5c,聚奥7炸药,能量特性,猛度,极高 (铅柱压缩值约 22-25mm),,22,25,mm,explicit_or_field_specific,~,极高|高,validated_range,true,,primary_value,猛度,~,,,41,EVM91_4c9e211949df23f438,accepted
PROPM91_ba7b15ebf7b8e91b6b,RELM91_174c5f8e7297a585d8,MATM91_53681deef995978c5c,聚奥7炸药,能量特性,起爆力,"无 (猛炸药, 需起爆药-传爆药系统激发)",,,,,,,无,text_only,false,no_reliable_numeric_measurement,,,,,,41,EVM91_0ae49d4f7cf26661a2,accepted
PROPM91_38edf79446aa9f1e5b,RELM91_688f1f4a0f7596a909,MATM91_53681deef995978c5c,聚奥7炸药,能量特性,燃烧速度(发射药、推进剂),"稳定燃烧, 极高压力下易转爆轰",,,,,,,极高|高,qualitative_only,false,no_reliable_numeric_measurement,,,,,,41,EVM91_19f6d91505d7a38abb,accepted
PROPM91_071c27ddeb9ac89ec2,RELM91_ee48764deef47932cc,MATM91_53681deef995978c5c,聚奥7炸药,能量特性,火药力(发射药),约 1150 kJ/kg,1150,,,kJ/kg,explicit_or_field_specific,~,,validated_single,true,,primary_value,火药力(发射药),~,,,41,EVM91_eee7dbefb3f02b271f,accepted
PROPM91_1f662ca6fd39859e8a,RELM91_831185f2c87218bf41,MATM91_ccffabb3fe59379508,熔奥梯铝-1炸药,理化性质,密度,1.75 ~ 1.82 (熔铸装填密度),,1.75,1.82,g/cm³,explicit_or_field_specific,,,validated_range,true,,primary_value,密度,,,,42,EVM91_b4c5612f27e0be9377,accepted
PROPM91_8af2e0a73998925349,RELM91_6afe896a9188c18ebf,MATM91_ccffabb3fe59379508,熔奥梯铝-1炸药,理化性质,外观,灰色至灰黄色固体 (块状或颗粒),,,,,,,,text_only,false,no_reliable_numeric_measurement,,,,,,42,EVM91_b5e221f484991d6172,accepted
PROPM91_f78e0aa458697a2efe,RELM91_bb7a46a70280c1376f,MATM91_ccffabb3fe59379508,熔奥梯铝-1炸药,理化性质,溶解性,TNT溶于丙酮、苯; HMX溶于丙酮; 铝粉不溶,,,,,,,,text_only,false,no_reliable_numeric_measurement,,,,,,42,EVM91_689e4d8d8730b4fc35,accepted
PROPM91_5e9961bad24aeb8634,RELM91_24c96304a9598d548c,MATM91_ccffabb3fe59379508,熔奥梯铝-1炸药,理化性质,挥发性,极低,,,,,,,低|极低,text_only,false,no_reliable_numeric_measurement,,,,,,42,EVM91_964eb993a5e3865289,accepted
PROPM91_67535f848cd8da352d,RELM91_e8c37b52c6d1733a0c,MATM91_ccffabb3fe59379508,熔奥梯铝-1炸药,安全特性,摩擦感度(需对应不同测试条件),"中等 (由于TNT的缓冲作用,低于单质HMX)",,,,,,,中等|低,qualitative_only,false,no_reliable_numeric_measurement,,,,,,42,EVM91_4a64370b0004fcdbdd,accepted
PROPM91_1ee20e3c501ddf4e46,RELM91_007e8cc04885cc401d,MATM91_ccffabb3fe59379508,熔奥梯铝-1炸药,安全特性,撞击感度(需对应不同测试条件),"中等 (比单质TNT敏感,但显著低于单质HMX)",,,,,,,敏感|中等|低,qualitative_only,false,no_reliable_numeric_measurement,,,,,,42,EVM91_811dfd040d08851e11,accepted
PROPM91_23b1b9f31157168dd7,RELM91_58f2fba1cc1b86ca10,MATM91_ccffabb3fe59379508,熔奥梯铝-1炸药,安全特性,冲击感度,敏感 (需传爆药或雷管可靠起爆),,,,,,,敏感,qualitative_only,false,no_reliable_numeric_measurement,,,,,,42,EVM91_d129501aaf4528f7db,accepted
PROPM91_362b993ba916c698aa,RELM91_4aade3a1bb777f6af2,MATM91_ccffabb3fe59379508,熔奥梯铝-1炸药,安全特性,火焰感度,"较敏感 (含铝粉和TNT,易被引燃)",,,,,,,较敏感|敏感,qualitative_only,false,no_reliable_numeric_measurement,,,,,,42,EVM91_17b5ffa0d643311a28,accepted
PROPM91_34177a5e80d1848d04,RELM91_0cc86831a9e5620c40,MATM91_ccffabb3fe59379508,熔奥梯铝-1炸药,安全特性,静电感度(需对应不同测试条件),低 (良好的抗静电性能),,,,,,,低,qualitative_only,false,no_reliable_numeric_measurement,,,,,,42,EVM91_28d421c95cf77099e0,accepted
PROPM91_a8fe15710e71aaec05,RELM91_401f3d3e3609afd357,MATM91_ccffabb3fe59379508,熔奥梯铝-1炸药,安全特性,热感度(5s爆发点),230 ~ 250 (主要受TNT和HMX稳定性影响),,230,250,℃,explicit_or_field_specific,,,validated_range,true,,primary_value,热感度(5s爆发点),,,5,42,EVM91_94fdae6e1f70757876,accepted
PROPM91_cfae4d310df972eaaf,RELM91_c6580dfb4f6fd118a4,MATM91_ccffabb3fe59379508,熔奥梯铝-1炸药,安全特性,电火花感度,不敏感,,,,,,,敏感|不敏感,qualitative_only,false,no_reliable_numeric_measurement,,,,,,42,EVM91_d92659c4e3f5b20e95,accepted
PROPM91_3de6ea76fe2a1d4b51,RELM91_60ae4190b3865ada0c,MATM91_ccffabb3fe59379508,熔奥梯铝-1炸药,安全特性,吸湿性,极小,,,,,,,极小,text_only,false,no_reliable_numeric_measurement,,,,,,42,EVM91_e326af966ee2464c3f,accepted
PROPM91_6f6bfe728824367d0c,RELM91_29f994d25fb5077fdf,MATM91_ccffabb3fe59379508,熔奥梯铝-1炸药,安全特性,熔点,"~80 (TNT组分开始熔化,便于熔铸装药)",80,,,℃,explicit_or_field_specific,~,,validated_single,true,,onset_temperature,熔点,~,,,42,EVM91_6540e0e585e8567c4a,accepted
PROPM91_1ef2dda7ccfa54cefb,RELM91_cb8ecf1a24a2bb8d7a,MATM91_ccffabb3fe59379508,熔奥梯铝-1炸药,安全特性,分解温度,> 200 (开始缓慢分解),200,,,℃,explicit_or_field_specific,>,,validated_single,true,,onset_temperature,分解温度,>,,,42,EVM91_c44855732494010481,accepted
PROPM91_a68f9e9ad834d4a776,RELM91_478fb5b4eb84be9252,MATM91_ccffabb3fe59379508,熔奥梯铝-1炸药,能量特性,爆速,7200 ~ 7500 (取决于组分配比和密度),,7200,7500,m/s,explicit_or_field_specific,,,validated_range,true,,primary_value,爆速,,,,42,EVM91_a7e41935f5136ee1fb,accepted
PROPM91_75351a3379e414cd2d,RELM91_18faf1791f87ade454,MATM91_ccffabb3fe59379508,熔奥梯铝-1炸药,能量特性,爆温,~3800 (铝粉二次反应产生高温),3800,,,℃,explicit_or_field_specific,~,高,validated_single,true,,primary_value,爆温,~,,,42,EVM91_03ef46eace392cee1c,accepted
PROPM91_c30b6df8542dd8455a,RELM91_468261a7b69bf5d309,MATM91_ccffabb3fe59379508,熔奥梯铝-1炸药,能量特性,爆压,~24,24,,,GPa,explicit_or_field_specific,~,,validated_single,true,,primary_value,爆压,~,,,42,EVM91_df68674aad9060de8f,accepted
PROPM91_d4b7916d2c75993e1c,RELM91_9ffed5a550600f98b4,MATM91_ccffabb3fe59379508,熔奥梯铝-1炸药,能量特性,爆容,约 750 ~ 850,,750,850,L/kg,explicit_or_field_specific,~,,validated_range,true,,primary_value,爆容,~,,,42,EVM91_1b02b4e0d3a59c4554,accepted
PROPM91_10f54b55b10c5d9e0e,RELM91_adafea626221f11470,MATM91_ccffabb3fe59379508,熔奥梯铝-1炸药,能量特性,威力,"极强 (由于铝粉增强效应,静动态威力约 1.3-1.6 倍 TNT)",,,,,,,强,text_only,false,no_reliable_numeric_measurement,,,,,,42,EVM91_cdabaa58a1cf366132,accepted
PROPM91_03236bfd4bce8b089e,RELM91_da2c7e75c6fd466c73,MATM91_ccffabb3fe59379508,熔奥梯铝-1炸药,能量特性,猛度,高,,,,,,,高,text_only,false,no_reliable_numeric_measurement,,,,,,42,EVM91_b899e59aac9464a252,accepted
PROPM91_63be986acc10967d50,RELM91_21207d44f43369c816,MATM91_ccffabb3fe59379508,熔奥梯铝-1炸药,能量特性,起爆力,"无 (猛炸药, 需起爆药激发)",,,,,,,无,text_only,false,no_reliable_numeric_measurement,,,,,,42,EVM91_0e5dab32514f4b615e,accepted
PROPM91_8534a9013058240595,RELM91_232f266c7d8334eccb,MATM91_ccffabb3fe59379508,熔奥梯铝-1炸药,能量特性,燃烧速度(发射药、推进剂),"燃烧剧烈,产生大量热能和光亮",,,,,,,,qualitative_only,false,no_reliable_numeric_measurement,,,,,,42,EVM91_3e1528cac4f60c3719,accepted
PROPM91_b5e5a2bca5050c6ec4,RELM91_58c3e994b6cab1e242,MATM91_665b8b8114437a7d27,熔奥黑梯铝炸药,理化性质,密度,1.78 ~ 1.85 (熔铸密度),,1.78,1.85,g/cm³,explicit_or_field_specific,,,validated_range,true,,primary_value,密度,,,,43,EVM91_94e057f4ccdf280cd5,accepted
PROPM91_0090e44ec2dcbc0bad,RELM91_f6294d846aac42fc40,MATM91_665b8b8114437a7d27,熔奥黑梯铝炸药,理化性质,外观,灰色固体 (块状或柱状),,,,,,,,text_only,false,no_reliable_numeric_measurement,,,,,,43,EVM91_12ca5b67ed2ff22b70,accepted
PROPM91_f86994d4551160af03,RELM91_949e85178fa492878b,MATM91_665b8b8114437a7d27,熔奥黑梯铝炸药,理化性质,溶解性,TNT和RDX/HMX部分溶于丙酮; 铝粉不溶,,,,,,,,text_only,false,no_reliable_numeric_measurement,,,,,,43,EVM91_f54785f3fd19310cb2,accepted
PROPM91_c93c0f803c88e3bc88,RELM91_f70ce58cba8ae3670e,MATM91_665b8b8114437a7d27,熔奥黑梯铝炸药,理化性质,挥发性,极低,,,,,,,低|极低,text_only,false,no_reliable_numeric_measurement,,,,,,43,EVM91_a761c37dae696718a0,accepted
PROPM91_8fc439ce3343f2f98e,RELM91_6b16da9d9c3baba136,MATM91_665b8b8114437a7d27,熔奥黑梯铝炸药,安全特性,摩擦感度(需对应不同测试条件),中等 (TNT基体提供了良好的包覆和缓冲作用),,,,,,,中等,qualitative_only,false,no_reliable_numeric_measurement,,,,,,43,EVM91_037f5f10c750c9050e,accepted
PROPM91_0840dd920e3a720cf6,RELM91_b967a16e0af11ebf24,MATM91_665b8b8114437a7d27,熔奥黑梯铝炸药,安全特性,撞击感度(需对应不同测试条件),"中等 (比TNT敏感,显著低于单质RDX/HMX)",,,,,,,敏感|中等|低,qualitative_only,false,no_reliable_numeric_measurement,,,,,,43,EVM91_c50ef9360caeb2f028,accepted
PROPM91_42385507c1a0eaa35b,RELM91_b41772ca90dc595c1d,MATM91_665b8b8114437a7d27,熔奥黑梯铝炸药,安全特性,冲击感度,敏感 (需采用传爆药柱可靠激发),,,,,,,敏感,qualitative_only,false,no_reliable_numeric_measurement,,,,,,43,EVM91_c8d629f009ad0d2358,accepted
PROPM91_f6f7164073f37bb2ce,RELM91_0b5bfcab3e2c75eac2,MATM91_665b8b8114437a7d27,熔奥黑梯铝炸药,安全特性,火焰感度,"较敏感 (含铝粉和TNT,引燃后热效应大)",,,,,,,较敏感|敏感,qualitative_only,false,no_reliable_numeric_measurement,,,,,,43,EVM91_c76bb8a640e24e1316,accepted
PROPM91_428500d270005bdef7,RELM91_dcb28b3f27d9ea9ec6,MATM91_665b8b8114437a7d27,熔奥黑梯铝炸药,安全特性,静电感度(需对应不同测试条件),低 (整体导电性和抗静电性较好),,,,,,,低,qualitative_only,false,no_reliable_numeric_measurement,,,,,,43,EVM91_16144a02f186425525,accepted
PROPM91_596bd582d8831c3c6f,RELM91_ad63d44c77e3886453,MATM91_665b8b8114437a7d27,熔奥黑梯铝炸药,安全特性,热感度(5s爆发点),220 ~ 240 (受RDX和TNT的热分解约束),,220,240,℃,explicit_or_field_specific,,,validated_range,true,,primary_value,热感度(5s爆发点),,,5,43,EVM91_352076efbcd8913292,accepted
PROPM91_c6674df6442c06625b,RELM91_b4388420a50e69b15a,MATM91_665b8b8114437a7d27,熔奥黑梯铝炸药,安全特性,电火花感度,不敏感,,,,,,,敏感|不敏感,qualitative_only,false,no_reliable_numeric_measurement,,,,,,43,EVM91_ebf34e45cf0531949b,accepted
PROPM91_a5ca068a6044302823,RELM91_32f0e6eac698bfc4d0,MATM91_665b8b8114437a7d27,熔奥黑梯铝炸药,安全特性,吸湿性,极小,,,,,,,极小,text_only,false,no_reliable_numeric_measurement,,,,,,43,EVM91_b6e23fe3e0648cfcf9,accepted
PROPM91_f6316ac7bba4f8af2e,RELM91_a38578783384a7aa9e,MATM91_665b8b8114437a7d27,熔奥黑梯铝炸药,安全特性,熔点,~80 (TNT作为低熔点载体先行熔化),80,,,℃,explicit_or_field_specific,~,低,validated_single,true,,primary_value,熔点,~,,,43,EVM91_8ff22bd4ecb51edc8e,accepted
PROPM91_ff017f74b711850473,RELM91_8f877f25b66cc90d02,MATM91_665b8b8114437a7d27,熔奥黑梯铝炸药,安全特性,分解温度,> 200 (开始缓慢分解),200,,,℃,explicit_or_field_specific,>,,validated_single,true,,onset_temperature,分解温度,>,,,43,EVM91_5097f13eb520df7892,accepted
PROPM91_71705f1314225ec55b,RELM91_13f90a8000cd932ea1,MATM91_665b8b8114437a7d27,熔奥黑梯铝炸药,能量特性,爆速,7500 ~ 7800 (取决于高能组分配比),,7500,7800,m/s,explicit_or_field_specific,,高,validated_range,true,,primary_value,爆速,,,,43,EVM91_9fd1aa9d8da3f6a379,accepted
PROPM91_5b98853712ed7cf412,RELM91_e5c1bd64f9c3d53eee,MATM91_665b8b8114437a7d27,熔奥黑梯铝炸药,能量特性,爆温,"~4100 (多组分协同反应,爆温极高)",4100,,,℃,explicit_or_field_specific,~,极高|高,validated_single,true,,primary_value,爆温,~,,,43,EVM91_c9d6d3748b0c3a3671,accepted
PROPM91_ef10b0f0a21d304a9b,RELM91_282643c490add4a9c6,MATM91_665b8b8114437a7d27,熔奥黑梯铝炸药,能量特性,爆压,~26,26,,,GPa,explicit_or_field_specific,~,,validated_single,true,,primary_value,爆压,~,,,43,EVM91_0608fdf0ee7338849f,accepted
PROPM91_97af68779c1bfb7262,RELM91_b31b42d84f3b428671,MATM91_665b8b8114437a7d27,熔奥黑梯铝炸药,能量特性,爆容,约 800 ~ 900,,800,900,L/kg,explicit_or_field_specific,~,,validated_range,true,,primary_value,爆容,~,,,43,EVM91_afbbff2c81f3b1b03f,accepted
PROPM91_775e15c4cfedb96944,RELM91_9aafe0d4044fcad0d2,MATM91_665b8b8114437a7d27,熔奥黑梯铝炸药,能量特性,威力,"极强 (约为 TNT 的 1.4 ~ 1.7 倍,高静态压力和长作用时间)",,,,,,,强|高,text_only,false,no_reliable_numeric_measurement,,,,,,43,EVM91_d864ecf0b2e8c75530,accepted
PROPM91_8be3ed619518b11d66,RELM91_852092319de221a285,MATM91_665b8b8114437a7d27,熔奥黑梯铝炸药,能量特性,猛度,高,,,,,,,高,text_only,false,no_reliable_numeric_measurement,,,,,,43,EVM91_dcb38acc26d9d2c630,accepted
PROPM91_6d227070851338e61c,RELM91_bb089a56f7da899e85,MATM91_665b8b8114437a7d27,熔奥黑梯铝炸药,能量特性,起爆力,"无 (猛炸药, 需起爆药激发)",,,,,,,无,text_only,false,no_reliable_numeric_measurement,,,,,,43,EVM91_68fd31fe0f8eda6c07,accepted
PROPM91_ceb5e829dec19b4f37,RELM91_70018755af8c9920e6,MATM91_665b8b8114437a7d27,熔奥黑梯铝炸药,能量特性,燃烧速度(发射药、推进剂),"剧烈燃烧,释放大量热能,产生金属氧化物烟雾",,,,,,,,qualitative_only,false,no_reliable_numeric_measurement,,,,,,43,EVM91_de86fe47460609e80a,accepted
PROPM91_5643831e90c3ee10b3,RELM91_aed6ae00cfbaf42edc,MATM91_ecd0619528dfb83416,聚奥-9炸药,理化性质,分子量(单质),296.16 (HMX),,,,g/mol,field_dictionary,,,qualitative_only,false,no_reliable_numeric_measurement,,,,,,44,EVM91_7c66c22e8bfa8eb58e,accepted
PROPM91_b8a3096f4071782e55,RELM91_3f256992ded0e629e2,MATM91_ecd0619528dfb83416,聚奥-9炸药,理化性质,密度,1.86 ~ 1.90 (压装密度),,1.86,1.90,g/cm³,explicit_or_field_specific,,,validated_range,true,,primary_value,密度,,,,44,EVM91_c7263e3776e9322835,accepted
PROPM91_a133ae828238c37599,RELM91_5e70833138bc53a9f4,MATM91_ecd0619528dfb83416,聚奥-9炸药,理化性质,外观,白色或淡黄色均匀颗粒/药柱,,,,,,,,text_only,false,no_reliable_numeric_measurement,,,,,,44,EVM91_975d9ae95124e704db,accepted
PROPM91_cc418d85acee06cd43,RELM91_6c2fc8b1b30262b7e7,MATM91_ecd0619528dfb83416,聚奥-9炸药,理化性质,溶解性,"组分HMX不溶于水, 易溶于丙酮; 粘结剂溶于特定有机溶剂",,,,,,,,text_only,false,no_reliable_numeric_measurement,,,,,,44,EVM91_334444d9e3d5eeb52e,accepted
PROPM91_68de5f8c5c5a791349,RELM91_2405203f73f111dee6,MATM91_ecd0619528dfb83416,聚奥-9炸药,理化性质,挥发性,极低,,,,,,,低|极低,text_only,false,no_reliable_numeric_measurement,,,,,,44,EVM91_338b0cef37acc700cc,accepted
PROPM91_e38ad3a7f567969666,RELM91_8897698931d066a020,MATM91_ecd0619528dfb83416,聚奥-9炸药,安全特性,摩擦感度(需对应不同测试条件),"低 (由于聚合物对晶体的高效包覆,机械摩擦感度显著降低)",,,,,,,低|高,qualitative_only,false,no_reliable_numeric_measurement,,,,,,44,EVM91_308a9bc2466605db11,accepted
PROPM91_8ebde96d3195792841,RELM91_3973eacf9b89a79f16,MATM91_ecd0619528dfb83416,聚奥-9炸药,安全特性,撞击感度(需对应不同测试条件),"低 (2kg落锤, 爆炸概率极低, 具有良好的抗冲击性能)",,,,,,,低|极低,condition_only,false,only_test_conditions,,,,2,,44,EVM91_3ace131e432e70b636,accepted
PROPM91_13e0640c2bca530f1e,RELM91_a030032597dfcdc77d,MATM91_ecd0619528dfb83416,聚奥-9炸药,安全特性,冲击感度,不敏感 (需强力传爆药柱可靠起爆),,,,,,,敏感|不敏感|强,qualitative_only,false,no_reliable_numeric_measurement,,,,,,44,EVM91_3578274eecb645b335,accepted
PROPM91_b0cad719702b0c475f,RELM91_99c0b49aee58f2a7f7,MATM91_ecd0619528dfb83416,聚奥-9炸药,安全特性,火焰感度,"较低 (遇火稳定燃烧, 严禁在强约束环境下加热)",,,,,,,强|较低|低,qualitative_only,false,no_reliable_numeric_measurement,,,,,,44,EVM91_6fa0a3a54de06f1faa,accepted
PROPM91_337aef30f7faa1488c,RELM91_b79552dc8d7d397739,MATM91_ecd0619528dfb83416,聚奥-9炸药,安全特性,静电感度(需对应不同测试条件),低 (高聚物包覆提高了电绝缘性能和抗静电能力),,,,,,,低|高,qualitative_only,false,no_reliable_numeric_measurement,,,,,,44,EVM91_a76389068d44703ff8,accepted
PROPM91_ff265d6ce70a8cb416,RELM91_28c3f280dd8a51afaf,MATM91_ecd0619528dfb83416,聚奥-9炸药,安全特性,热感度(5s爆发点),315 ~ 335 (取决于HMX晶型及品质),,315,335,℃,explicit_or_field_specific,,,validated_range,true,,primary_value,热感度(5s爆发点),,,5,44,EVM91_3494adfafe2f136ade,accepted
PROPM91_c795ab52b59ad9b29f,RELM91_dfd938f195fa2bb07a,MATM91_ecd0619528dfb83416,聚奥-9炸药,安全特性,电火花感度,不敏感,,,,,,,敏感|不敏感,qualitative_only,false,no_reliable_numeric_measurement,,,,,,44,EVM91_6917d8c6fc747d5510,accepted
PROPM91_c16a359d3f89644a7b,RELM91_7a4d1e4e1f25c6f69a,MATM91_ecd0619528dfb83416,聚奥-9炸药,安全特性,吸湿性,极小 (不吸湿),,,,,,,吸湿|不吸湿|极小,text_only,false,no_reliable_numeric_measurement,,,,,,44,EVM91_98ff599ac4fc5796ea,accepted
PROPM91_8800467dc33f8c2204,RELM91_054c37f218bef4b34e,MATM91_ecd0619528dfb83416,聚奥-9炸药,安全特性,熔点,275 ~ 285 (HMX熔融并伴随分解),,275,285,℃,explicit_or_field_specific,,,validated_range,true,,primary_value,熔点,,,,44,EVM91_131eee596f89ad21b6,accepted
PROPM91_79c76e27bae1f7f780,RELM91_5065317ba8ff0e608b,MATM91_ecd0619528dfb83416,聚奥-9炸药,安全特性,分解温度,> 270 (开始显著分解),270,,,℃,explicit_or_field_specific,>,,validated_single,true,,onset_temperature,分解温度,>,,,44,EVM91_4739292fbfa6dc7c0c,accepted
PROPM91_3b57197a9c05fe9c32,RELM91_febe8f30418a576812,MATM91_ecd0619528dfb83416,聚奥-9炸药,能量特性,爆速,8900 ~ 9000 (在装填密度 1.89g/cm3 下),,,,,,,,condition_only,false,only_test_conditions,,,,,,44,EVM91_ea69ff47b78b6d313f,accepted
PROPM91_1d9a00f401117ff50e,RELM91_3993525b1656f22811,MATM91_ecd0619528dfb83416,聚奥-9炸药,能量特性,爆温,~3350,3350,,,℃,explicit_or_field_specific,~,,validated_single,true,,primary_value,爆温,~,,,44,EVM91_4e2d0de5aaf691e78d,accepted
PROPM91_cdf58b4e4d79dd77b2,RELM91_8e3bce5e6694b065b4,MATM91_ecd0619528dfb83416,聚奥-9炸药,能量特性,爆压,~38,38,,,GPa,explicit_or_field_specific,~,,validated_single,true,,primary_value,爆压,~,,,44,EVM91_ba596cd5f52c0f0780,accepted
PROPM91_d652dee9106d87cacd,RELM91_5ec35a92a2255a9369,MATM91_ecd0619528dfb83416,聚奥-9炸药,能量特性,爆容,约 810,810,,,L/kg,explicit_or_field_specific,~,,validated_single,true,,primary_value,爆容,~,,,44,EVM91_e1dae28eda6881ff45,accepted
PROPM91_c713930d97f78bac2b,RELM91_6e1970d0d11d50d244,MATM91_ecd0619528dfb83416,聚奥-9炸药,能量特性,威力,极强 (约为 1.7 倍 TNT 威力),,,,,,,强,text_only,false,no_reliable_numeric_measurement,,,,,,44,EVM91_ee7df8c6d842de5813,accepted
PROPM91_5394a453356eb19b5a,RELM91_7bccd69358f45ab9a4,MATM91_ecd0619528dfb83416,聚奥-9炸药,能量特性,猛度,极高 (铅柱压缩值约 24-26mm),,24,26,mm,explicit_or_field_specific,~,极高|高,validated_range,true,,primary_value,猛度,~,,,44,EVM91_50cf0e586d3b4ee893,accepted
PROPM91_b77dffe77a03a3adc2,RELM91_ef2302c2efd824849e,MATM91_ecd0619528dfb83416,聚奥-9炸药,能量特性,起爆力,"无 (猛炸药, 需起爆-传爆系统激发)",,,,,,,无,text_only,false,no_reliable_numeric_measurement,,,,,,44,EVM91_8d77d1dba12f688f94,accepted
PROPM91_95937577ff3808d0b6,RELM91_6571a77a1854d01cd3,MATM91_ecd0619528dfb83416,聚奥-9炸药,能量特性,燃烧速度(发射药、推进剂),稳定燃烧,,,,,,,,qualitative_only,false,no_reliable_numeric_measurement,,,,,,44,EVM91_6fed63876032507d1f,accepted
PROPM91_9de53feaed833daed4,RELM91_f94c09874b1af8e0cc,MATM91_ecd0619528dfb83416,聚奥-9炸药,能量特性,火药力(发射药),约 1150 kJ/kg,1150,,,kJ/kg,explicit_or_field_specific,~,,validated_single,true,,primary_value,火药力(发射药),~,,,44,EVM91_6ab971e6af2b7ade5c,accepted
PROPM91_fd97dcb226a1c02170,RELM91_324567e62ca490fed0,MATM91_ff3876238b947a6b52,奥克氟儿炸药（OKFOL-5）,理化性质,分子量(单质),222.12 (RDX),,,,g/mol,field_dictionary,,,qualitative_only,false,no_reliable_numeric_measurement,,,,,,45,EVM91_2ae4baced0ec36d30f,accepted
PROPM91_34ffe5113fc219bacd,RELM91_e994b4f9c410280de1,MATM91_ff3876238b947a6b52,奥克氟儿炸药（OKFOL-5）,理化性质,密度,1.70 ~ 1.77 (压装密度),,1.70,1.77,g/cm³,explicit_or_field_specific,,,validated_range,true,,primary_value,密度,,,,45,EVM91_0a837ff22b22cae1fe,accepted
PROPM91_1f7f7cb8d9993f6360,RELM91_ed7868a41a645028ea,MATM91_ff3876238b947a6b52,奥克氟儿炸药（OKFOL-5）,理化性质,外观,浅黄色或白色粉末/颗粒,,,,,,,,text_only,false,no_reliable_numeric_measurement,,,,,,45,EVM91_c4fe08f5053c0da0a0,accepted
PROPM91_50677504703981a0b1,RELM91_1cbdbeb6bfe9619fbf,MATM91_ff3876238b947a6b52,奥克氟儿炸药（OKFOL-5）,理化性质,溶解性,"RDX不溶于水, 易溶于丙酮; 钝感剂溶于特定溶剂",,,,,,,,text_only,false,no_reliable_numeric_measurement,,,,,,45,EVM91_223e19e11ab35e7c1f,accepted
PROPM91_1d50ba1dcda75430ce,RELM91_edc137ee6ddd58c29d,MATM91_ff3876238b947a6b52,奥克氟儿炸药（OKFOL-5）,理化性质,挥发性,极低,,,,,,,低|极低,text_only,false,no_reliable_numeric_measurement,,,,,,45,EVM91_95c53f81b305a28352,accepted
PROPM91_226fc17f3763af34d9,RELM91_9f52fdafc8534f9395,MATM91_ff3876238b947a6b52,奥克氟儿炸药（OKFOL-5）,安全特性,摩擦感度(需对应不同测试条件),"低 (经过5%钝感剂处理,摩擦感度显著下降)",5,,,%,explicit_or_field_specific,,低,validated_single,true,,explosion_probability,摩擦感度,,,,45,EVM91_c6faa0b45f5d7c0973,accepted
PROPM91_63cf3b092fc5836a02,RELM91_080d81fdf76b8d0efb,MATM91_ff3876238b947a6b52,奥克氟儿炸药（OKFOL-5）,安全特性,撞击感度(需对应不同测试条件),"较低 (2kg落锤, 爆炸概率通常 < 20%; 属于高度钝化的猛炸药)",20,,,%,explicit_or_field_specific,<,较低|低|高,validated_single,true,,explosion_probability,,<,2,,45,EVM91_22c2366f4fa39dab28,accepted
PROPM91_e603c713ab914ace93,RELM91_e612d546253f465228,MATM91_ff3876238b947a6b52,奥克氟儿炸药（OKFOL-5）,安全特性,冲击感度,不敏感 (需强力传爆药起爆),,,,,,,敏感|不敏感|强,qualitative_only,false,no_reliable_numeric_measurement,,,,,,45,EVM91_9557fa68ccd549b698,accepted
PROPM91_e87ca000cd1100e8ed,RELM91_191b37b4a266bdae5f,MATM91_ff3876238b947a6b52,奥克氟儿炸药（OKFOL-5）,安全特性,火焰感度,较低 (点燃后稳定燃烧),,,,,,,较低|低,qualitative_only,false,no_reliable_numeric_measurement,,,,,,45,EVM91_0c8fbc61b9f3bd08eb,accepted
PROPM91_ebde8566e111833ba0,RELM91_3857a9a2116bf608f4,MATM91_ff3876238b947a6b52,奥克氟儿炸药（OKFOL-5）,安全特性,静电感度(需对应不同测试条件),低 (钝感剂包覆提升了抗静电性能),,,,,,,低,qualitative_only,false,no_reliable_numeric_measurement,,,,,,45,EVM91_742d6a65caaa539957,accepted
PROPM91_053013fd2f6608c2b5,RELM91_72a1586b3efeece081,MATM91_ff3876238b947a6b52,奥克氟儿炸药（OKFOL-5）,安全特性,热感度(5s爆发点),230 ~ 240 (取决于RDX的品质和钝感剂种类),,230,240,℃,explicit_or_field_specific,,,validated_range,true,,primary_value,热感度(5s爆发点),,,5,45,EVM91_c9ae28904b7eeed0cf,accepted
PROPM91_44abd9a2f3e7dd88aa,RELM91_12ef00bb767c8ff268,MATM91_ff3876238b947a6b52,奥克氟儿炸药（OKFOL-5）,安全特性,电火花感度,不敏感,,,,,,,敏感|不敏感,qualitative_only,false,no_reliable_numeric_measurement,,,,,,45,EVM91_927f28e988d0fadd31,accepted
PROPM91_6bf04fc7877c11cb48,RELM91_09bc2147782c87d377,MATM91_ff3876238b947a6b52,奥克氟儿炸药（OKFOL-5）,安全特性,吸湿性,极小,,,,,,,极小,text_only,false,no_reliable_numeric_measurement,,,,,,45,EVM91_bee682c50ffa7d29c9,accepted
PROPM91_132c98343720e0cadf,RELM91_f2ff4fee94310a31c1,MATM91_ff3876238b947a6b52,奥克氟儿炸药（OKFOL-5）,安全特性,熔点,~204 (RDX组分熔点),204,,,℃,explicit_or_field_specific,~,,validated_single,true,,primary_value,熔点,~,,,45,EVM91_f1a23c39bbb56168d1,accepted
PROPM91_94fee1de64ea32a2e3,RELM91_eb19a74a2474896c18,MATM91_ff3876238b947a6b52,奥克氟儿炸药（OKFOL-5）,安全特性,分解温度,> 200 (开始缓慢分解),200,,,℃,explicit_or_field_specific,>,,validated_single,true,,onset_temperature,分解温度,>,,,45,EVM91_349257821f7accb35b,accepted
PROPM91_f6c7e170eca05e042b,RELM91_ea1128f252bce50bca,MATM91_ff3876238b947a6b52,奥克氟儿炸药（OKFOL-5）,能量特性,爆速,8400 ~ 8600 (在装填密度 1.75g/cm3 下),,,,,,,,condition_only,false,only_test_conditions,,,,,,45,EVM91_cf6a32a063d9f09a8a,accepted
PROPM91_ffcaaf20d5be1ad5d4,RELM91_e29611ea0506823575,MATM91_ff3876238b947a6b52,奥克氟儿炸药（OKFOL-5）,能量特性,爆温,~3300,3300,,,℃,explicit_or_field_specific,~,,validated_single,true,,primary_value,爆温,~,,,45,EVM91_e8d7bb73875c7ab415,accepted
PROPM91_47e754a1134cd5af6c,RELM91_e0f54dca8217f00125,MATM91_ff3876238b947a6b52,奥克氟儿炸药（OKFOL-5）,能量特性,爆压,~32,32,,,GPa,explicit_or_field_specific,~,,validated_single,true,,primary_value,爆压,~,,,45,EVM91_8015fe7e013ac17285,accepted
PROPM91_bddcb4fb746416874b,RELM91_059eea6835f47a96a4,MATM91_ff3876238b947a6b52,奥克氟儿炸药（OKFOL-5）,能量特性,爆容,约 850 ~ 900,,850,900,L/kg,explicit_or_field_specific,~,,validated_range,true,,primary_value,爆容,~,,,45,EVM91_bfb75ce3e851e5bea7,accepted
PROPM91_5b68376c32f0a1c7b5,RELM91_20d6f814f6c1fcbc1b,MATM91_ff3876238b947a6b52,奥克氟儿炸药（OKFOL-5）,能量特性,威力,"强 (约 1.5 倍 TNT 威力, 略低于单质RDX但安全性更高)",,,,,,,强|低|高,text_only,false,no_reliable_numeric_measurement,,,,,,45,EVM91_e45492a44cfda45657,accepted
PROPM91_6f5e1d0cca7bbe6e9c,RELM91_834fd1ef4324bc9af4,MATM91_ff3876238b947a6b52,奥克氟儿炸药（OKFOL-5）,能量特性,猛度,高 (铅柱压缩值约 19-22mm),,19,22,mm,explicit_or_field_specific,~,高,validated_range,true,,primary_value,猛度,~,,,45,EVM91_4ea4e8ba0fe3d6cdea,accepted
PROPM91_184dce78f9f034c0fe,RELM91_330dbed1f81f1f5067,MATM91_ff3876238b947a6b52,奥克氟儿炸药（OKFOL-5）,能量特性,起爆力,"无 (猛炸药, 需起爆药激发)",,,,,,,无,text_only,false,no_reliable_numeric_measurement,,,,,,45,EVM91_a81c092fea51d61eac,accepted
PROPM91_a56e6b224314563635,RELM91_6e9676e80e73a98ae8,MATM91_ff3876238b947a6b52,奥克氟儿炸药（OKFOL-5）,能量特性,燃烧速度(发射药、推进剂),稳定燃烧,,,,,,,,qualitative_only,false,no_reliable_numeric_measurement,,,,,,45,EVM91_6c886bc79cecef9c21,accepted
PROPM91_5a1ec5a36b4c82d80d,RELM91_70d8a23c253df2d9c7,MATM91_ff3876238b947a6b52,奥克氟儿炸药（OKFOL-5）,能量特性,火药力(发射药),约 1100 kJ/kg,1100,,,kJ/kg,explicit_or_field_specific,~,,validated_single,true,,primary_value,火药力(发射药),~,,,45,EVM91_6a74269892281da550,accepted
PROPM91_8a07d41acb2c11e9a8,RELM91_edc7780b34c45075dd,MATM91_0d51ec99578bf9521d,10#粘结炸药（PBX-10）,理化性质,分子量(单质),222.12 (RDX),,,,g/mol,field_dictionary,,,qualitative_only,false,no_reliable_numeric_measurement,,,,,,46,EVM91_04b112e43d3dd60363,accepted
PROPM91_9ec1c9a2281ef68d76,RELM91_17d5991bea520e9105,MATM91_0d51ec99578bf9521d,10#粘结炸药（PBX-10）,理化性质,密度,1.68 ~ 1.74 (压装密度),,1.68,1.74,g/cm³,explicit_or_field_specific,,,validated_range,true,,primary_value,密度,,,,46,EVM91_95743b97d77eb69a43,accepted
PROPM91_a12a6f164155fe2cf6,RELM91_4297f48c5fc1edbe44,MATM91_0d51ec99578bf9521d,10#粘结炸药（PBX-10）,理化性质,外观,白色或淡黄色均匀颗粒或药块,,,,,,,,text_only,false,no_reliable_numeric_measurement,,,,,,46,EVM91_35909d70580c28af9d,accepted
PROPM91_23a04f8b76ac238ca6,RELM91_1ebc6d9be441f44fb2,MATM91_0d51ec99578bf9521d,10#粘结炸药（PBX-10）,理化性质,溶解性,"RDX组分不溶于水, 易溶于丙酮; 粘结剂溶于特定有机溶剂",,,,,,,,text_only,false,no_reliable_numeric_measurement,,,,,,46,EVM91_96d331b8b16e691243,accepted
PROPM91_a72af90825128943e2,RELM91_124c60cbbb90212670,MATM91_0d51ec99578bf9521d,10#粘结炸药（PBX-10）,理化性质,挥发性,极低,,,,,,,低|极低,text_only,false,no_reliable_numeric_measurement,,,,,,46,EVM91_3c73a230af5f5790b7,accepted
PROPM91_aa0c83f91d4dca491c,RELM91_47b993445d4319977b,MATM91_0d51ec99578bf9521d,10#粘结炸药（PBX-10）,安全特性,摩擦感度(需对应不同测试条件),"低 (由于高聚物包覆作用,摩擦感度显著降低)",,,,,,,低|高,qualitative_only,false,no_reliable_numeric_measurement,,,,,,46,EVM91_c9c70806e6eb168550,accepted
PROPM91_806531d5de3c4064e5,RELM91_12ed64c8a06d56686b,MATM91_0d51ec99578bf9521d,10#粘结炸药（PBX-10）,安全特性,撞击感度(需对应不同测试条件),"较低 (2kg落锤, 爆炸概率通常在 10% - 25% 左右)",,,,,,,较低|低,multiple_measurements,false,multiple_primary_measurements,,,,2,,46,EVM91_9741c792ddc20222ea,accepted
PROPM91_ede1f269e9bc1e9fe3,RELM91_7a5fd4e66e282eb138,MATM91_0d51ec99578bf9521d,10#粘结炸药（PBX-10）,安全特性,冲击感度,不敏感 (需强力传爆药柱可靠起爆),,,,,,,敏感|不敏感|强,qualitative_only,false,no_reliable_numeric_measurement,,,,,,46,EVM91_1b2f5ae6d6bd3e439f,accepted
PROPM91_76f01f784a11971763,RELM91_5b687b068ddd4e5009,MATM91_0d51ec99578bf9521d,10#粘结炸药（PBX-10）,安全特性,火焰感度,较低 (点燃后稳定燃烧),,,,,,,较低|低,qualitative_only,false,no_reliable_numeric_measurement,,,,,,46,EVM91_30e3a968c49cd2c025,accepted
PROPM91_debdf74f72d993bcb1,RELM91_17f23966e685ae704e,MATM91_0d51ec99578bf9521d,10#粘结炸药（PBX-10）,安全特性,静电感度(需对应不同测试条件),低 (聚合物包覆提升了抗静电稳定性),,,,,,,低,qualitative_only,false,no_reliable_numeric_measurement,,,,,,46,EVM91_1077e082545a5e231f,accepted
PROPM91_959d5f339ea8b76832,RELM91_88c32411793ca3669d,MATM91_0d51ec99578bf9521d,10#粘结炸药（PBX-10）,安全特性,热感度(5s爆发点),230 ~ 240 (取决于RDX纯度及粘结剂种类),,230,240,℃,explicit_or_field_specific,,,validated_range,true,,primary_value,热感度(5s爆发点),,,5,46,EVM91_893b0853d0bf868518,accepted
PROPM91_5fc659f9dd4b96db7e,RELM91_be37d19f20093db315,MATM91_0d51ec99578bf9521d,10#粘结炸药（PBX-10）,安全特性,电火花感度,不敏感,,,,,,,敏感|不敏感,qualitative_only,false,no_reliable_numeric_measurement,,,,,,46,EVM91_709c98dc733a0b84ca,accepted
PROPM91_9aa114f4100da00de9,RELM91_ce7eb2be54a38d04d2,MATM91_0d51ec99578bf9521d,10#粘结炸药（PBX-10）,安全特性,吸湿性,极小,,,,,,,极小,text_only,false,no_reliable_numeric_measurement,,,,,,46,EVM91_1d55102db8eca6ed1f,accepted
PROPM91_fbd8e39a8d43b42bac,RELM91_a7e73a756044c805fe,MATM91_0d51ec99578bf9521d,10#粘结炸药（PBX-10）,安全特性,熔点,~204 (RDX组分熔点),204,,,℃,explicit_or_field_specific,~,,validated_single,true,,primary_value,熔点,~,,,46,EVM91_890b5685c88461462d,accepted
PROPM91_bd909a84d35d8d462d,RELM91_5169d4834029c45a6b,MATM91_0d51ec99578bf9521d,10#粘结炸药（PBX-10）,安全特性,分解温度,> 200 (开始分解),200,,,℃,explicit_or_field_specific,>,,validated_single,true,,onset_temperature,分解温度,>,,,46,EVM91_1e4dce8df44f1bcf42,accepted
PROPM91_8c1f488e00b3ca11d5,RELM91_356b0e681186a27ae0,MATM91_0d51ec99578bf9521d,10#粘结炸药（PBX-10）,能量特性,爆速,8100 ~ 8300 (在密度 1.70g/cm3 下),,,,,,,,condition_only,false,only_test_conditions,,,,,,46,EVM91_564af3bf961a398646,accepted
PROPM91_f90619c248c09a4d81,RELM91_e395f8e1c1d3edae31,MATM91_0d51ec99578bf9521d,10#粘结炸药（PBX-10）,能量特性,爆温,~3300,3300,,,℃,explicit_or_field_specific,~,,validated_single,true,,primary_value,爆温,~,,,46,EVM91_45cdc8243602db232e,accepted
PROPM91_5373ea5adc5c527e9f,RELM91_58f32fe50b80be980f,MATM91_0d51ec99578bf9521d,10#粘结炸药（PBX-10）,能量特性,爆压,~30,30,,,GPa,explicit_or_field_specific,~,,validated_single,true,,primary_value,爆压,~,,,46,EVM91_311109ac128083d0c1,accepted
PROPM91_2536b1f3ddf6bc774d,RELM91_ba7fe8cc0bfef56dc1,MATM91_0d51ec99578bf9521d,10#粘结炸药（PBX-10）,能量特性,爆容,约 850,850,,,L/kg,explicit_or_field_specific,~,,validated_single,true,,primary_value,爆容,~,,,46,EVM91_d571c75204a0651667,accepted
PROPM91_8aad5ae36bc3204af6,RELM91_c175a4f1909992c468,MATM91_0d51ec99578bf9521d,10#粘结炸药（PBX-10）,能量特性,威力,强 (约 1.4 - 1.5 倍 TNT 威力),,,,,,,强,text_only,false,no_reliable_numeric_measurement,,,,,,46,EVM91_77ecc3a3c5d398b12b,accepted
PROPM91_d1f512ef376ddd9f86,RELM91_59369ea558f9422bf2,MATM91_0d51ec99578bf9521d,10#粘结炸药（PBX-10）,能量特性,猛度,高,,,,,,,高,text_only,false,no_reliable_numeric_measurement,,,,,,46,EVM91_bb684bfda20450cda6,accepted
PROPM91_a9c2a3ae717895cdf5,RELM91_681870f72fe5b7feca,MATM91_0d51ec99578bf9521d,10#粘结炸药（PBX-10）,能量特性,起爆力,"无 (猛炸药, 需起爆药-传爆药系统激发)",,,,,,,无,text_only,false,no_reliable_numeric_measurement,,,,,,46,EVM91_a277b8493cb0ad0925,accepted
PROPM91_451f93114c7b50b91a,RELM91_f2656532b2696e03d0,MATM91_0d51ec99578bf9521d,10#粘结炸药（PBX-10）,能量特性,燃烧速度(发射药、推进剂),稳定燃烧,,,,,,,,qualitative_only,false,no_reliable_numeric_measurement,,,,,,46,EVM91_223649ffff462cbd99,accepted
PROPM91_cd4e62610d056b92b0,RELM91_aa3185768acfec0c03,MATM91_c20a163073b9f5108b,317混合炸药,理化性质,密度,1.68 ~ 1.72 (熔铸装填密度),,1.68,1.72,g/cm³,explicit_or_field_specific,,,validated_range,true,,primary_value,密度,,,,47,EVM91_4b0b1c6c7c30638c44,accepted
PROPM91_f36db599c7394788d6,RELM91_b1b5108d3dc7128515,MATM91_c20a163073b9f5108b,317混合炸药,理化性质,外观,黄色或淡黄色固体块状/颗粒,,,,,,,,text_only,false,no_reliable_numeric_measurement,,,,,,47,EVM91_ba28977ce075a1e06c,accepted
PROPM91_7a9d8b51ca61fc55ad,RELM91_7da7da58426c4a186e,MATM91_c20a163073b9f5108b,317混合炸药,理化性质,溶解性,TNT溶于丙酮、苯; RDX溶于丙酮; 不溶于水,,,,,,,,text_only,false,no_reliable_numeric_measurement,,,,,,47,EVM91_3e58c72acb7ab5de71,accepted
PROPM91_42ac608cdf86755da4,RELM91_147f92e927afb62bb0,MATM91_c20a163073b9f5108b,317混合炸药,理化性质,挥发性,极低,,,,,,,低|极低,text_only,false,no_reliable_numeric_measurement,,,,,,47,EVM91_00e9136253b5aef8e9,accepted
PROPM91_2cf71de50d9d64d2c0,RELM91_6217e92b3a6c9a6e63,MATM91_c20a163073b9f5108b,317混合炸药,安全特性,摩擦感度(需对应不同测试条件),"中等 (低于单质RDX, 略高于梯恩梯)",,,,,,,中等|低|高,qualitative_only,false,no_reliable_numeric_measurement,,,,,,47,EVM91_c901baca820f4199d6,accepted
PROPM91_30f2189f408a5c1748,RELM91_deb9322613b93fa80d,MATM91_c20a163073b9f5108b,317混合炸药,安全特性,撞击感度(需对应不同测试条件),"中等 (2kg落锤, 爆炸概率约 20-35%; 敏感度随RDX含量增加而升高)",,20,35,%,explicit_or_field_specific,~,敏感|中等|高,validated_range,true,,explosion_probability,,~,2,,47,EVM91_7800b33f45d2529228,accepted
PROPM91_fe5770d51df5e0b881,RELM91_60e5c5287b83c75a9a,MATM91_c20a163073b9f5108b,317混合炸药,安全特性,冲击感度,敏感 (需传爆药或雷管可靠起爆),,,,,,,敏感,qualitative_only,false,no_reliable_numeric_measurement,,,,,,47,EVM91_428eddf0833fc2387e,accepted
PROPM91_bdf2ad1aee705306b3,RELM91_0a8e006ae42ad8db69,MATM91_c20a163073b9f5108b,317混合炸药,安全特性,火焰感度,"较敏感 (易被引燃, 封闭条件下极易由燃烧转爆轰)",,,,,,,较敏感|敏感,qualitative_only,false,no_reliable_numeric_measurement,,,,,,47,EVM91_2eac46f57381968d40,accepted
PROPM91_7c046e71408c49e106,RELM91_c69d5cc0ae9717fe9a,MATM91_c20a163073b9f5108b,317混合炸药,安全特性,静电感度(需对应不同测试条件),低 (良好的抗静电性能),,,,,,,低,qualitative_only,false,no_reliable_numeric_measurement,,,,,,47,EVM91_12fbe2d5fed8f7d58b,accepted
PROPM91_6c54b84b72a6a91e48,RELM91_381c1536f4e5645790,MATM91_c20a163073b9f5108b,317混合炸药,安全特性,热感度(5s爆发点),230 ~ 240 (主要受RDX热稳定性限制),,230,240,℃,explicit_or_field_specific,,,validated_range,true,,primary_value,热感度(5s爆发点),,,5,47,EVM91_35085d80af6ee308e1,accepted
PROPM91_753c3b22975fefb81d,RELM91_2d7249ed460b8fd655,MATM91_c20a163073b9f5108b,317混合炸药,安全特性,电火花感度,不敏感,,,,,,,敏感|不敏感,qualitative_only,false,no_reliable_numeric_measurement,,,,,,47,EVM91_46983e9c4c5bea9792,accepted
PROPM91_69854c5b9e7c42b817,RELM91_934524b42038e65ee7,MATM91_c20a163073b9f5108b,317混合炸药,安全特性,吸湿性,极小 (不吸湿),,,,,,,吸湿|不吸湿|极小,text_only,false,no_reliable_numeric_measurement,,,,,,47,EVM91_8e1192e0fdac3cc534,accepted
PROPM91_c898cb81fea442b2a5,RELM91_11f7e8f365e50acaa2,MATM91_c20a163073b9f5108b,317混合炸药,安全特性,熔点,"~80 (TNT组分开始熔化,便于熔铸工艺)",80,,,℃,explicit_or_field_specific,~,,validated_single,true,,onset_temperature,熔点,~,,,47,EVM91_a92e4b43f28bfd4485,accepted
PROPM91_d046e7873b3d07e6c6,RELM91_049ca0b617adc92afc,MATM91_c20a163073b9f5108b,317混合炸药,安全特性,分解温度,> 200 (开始缓慢分解),200,,,℃,explicit_or_field_specific,>,,validated_single,true,,onset_temperature,分解温度,>,,,47,EVM91_a5e48694e87cc0184c,accepted
PROPM91_6d934692accb13b76b,RELM91_12cfcd257e40561c9c,MATM91_c20a163073b9f5108b,317混合炸药,能量特性,爆速,7800 ~ 8000 (在密度 1.70g/cm3 下),,,,,,,,condition_only,false,only_test_conditions,,,,,,47,EVM91_5a73c5f5ce12618d22,accepted
PROPM91_de832fe96e850697a3,RELM91_ec41300ff1d6306eca,MATM91_c20a163073b9f5108b,317混合炸药,能量特性,爆温,~3300,3300,,,℃,explicit_or_field_specific,~,,validated_single,true,,primary_value,爆温,~,,,47,EVM91_56793f2e2f559ba631,accepted
PROPM91_6ec185571b3f7f2bbd,RELM91_63ea56d926eac2ede1,MATM91_c20a163073b9f5108b,317混合炸药,能量特性,爆压,~28,28,,,GPa,explicit_or_field_specific,~,,validated_single,true,,primary_value,爆压,~,,,47,EVM91_b3e4549d3228cfaf5a,accepted
PROPM91_191416393880ec44f9,RELM91_f156f9d58f52c047f3,MATM91_c20a163073b9f5108b,317混合炸药,能量特性,爆容,约 850,850,,,L/kg,explicit_or_field_specific,~,,validated_single,true,,primary_value,爆容,~,,,47,EVM91_f149ca0949a18f9775,accepted
PROPM91_faef6d6f61742f978d,RELM91_305b25797492009e3d,MATM91_c20a163073b9f5108b,317混合炸药,能量特性,威力,强 (约 1.45 倍 TNT 威力; 高于B炸药),,,,,,,强|高,text_only,false,no_reliable_numeric_measurement,,,,,,47,EVM91_cac763718fabce4c62,accepted
PROPM91_631972e0c4ae15109b,RELM91_f1f704fd35c139fbb1,MATM91_c20a163073b9f5108b,317混合炸药,能量特性,猛度,高 (铅柱压缩值约 18-21mm),,18,21,mm,explicit_or_field_specific,~,高,validated_range,true,,primary_value,猛度,~,,,47,EVM91_0671a83639c39e14fc,accepted
PROPM91_01f1a512ff014d7cb5,RELM91_bf95bbe7f38b7c8a48,MATM91_c20a163073b9f5108b,317混合炸药,能量特性,起爆力,"无 (猛炸药, 需起爆药激发)",,,,,,,无,text_only,false,no_reliable_numeric_measurement,,,,,,47,EVM91_6a381d2a6e53cbf164,accepted
PROPM91_8ef973abb6ea5c1b44,RELM91_20a375fdd827c1e7fe,MATM91_c20a163073b9f5108b,317混合炸药,能量特性,燃烧速度(发射药、推进剂),"稳定燃烧, 强约束下极易爆轰",,,,,,,强,qualitative_only,false,no_reliable_numeric_measurement,,,,,,47,EVM91_cff28db0260bc72ae1,accepted
PROPM91_923407cd10dd853d40,RELM91_e0fb5585783886e916,MATM91_5c9c744e67fce50978,LX-14炸药,理化性质,分子量(单质),296.16 (HMX),,,,g/mol,field_dictionary,,,qualitative_only,false,no_reliable_numeric_measurement,,,,,,48,EVM91_181dfa28f5e78c22d3,accepted
PROPM91_468748761d3da65380,RELM91_4133f83a7abf96984f,MATM91_5c9c744e67fce50978,LX-14炸药,理化性质,密度,1.83 ~ 1.85 (理论最大密度 1.849),,1.83,1.85,g/cm³,explicit_or_field_specific,,,validated_range,true,,true_density,密度,,,,48,EVM91_4c80112267960d5bfb,accepted
PROPM91_6fb0bccf9ec30b32cd,RELM91_775054f4016f08bcca,MATM91_5c9c744e67fce50978,LX-14炸药,理化性质,外观,白色或淡黄色均匀颗粒/压制药块,,,,,,,,text_only,false,no_reliable_numeric_measurement,,,,,,48,EVM91_3645621fd62a7d48cf,accepted
PROPM91_8cbb6baab8cddf59a1,RELM91_60e27ee1756f035697,MATM91_5c9c744e67fce50978,LX-14炸药,理化性质,溶解性,"HMX不溶于水, 溶于丙酮; Estane溶于四氢呋喃(THF)等有机溶剂",,,,,,,,text_only,false,no_reliable_numeric_measurement,,,,,,48,EVM91_809dae8d842420eeb5,accepted
PROPM91_6af8b47ce8a23b4698,RELM91_8b58ed432f09d4b7eb,MATM91_5c9c744e67fce50978,LX-14炸药,理化性质,挥发性,极低,,,,,,,低|极低,text_only,false,no_reliable_numeric_measurement,,,,,,48,EVM91_19a4e3e803751a3cad,accepted
PROPM91_3e4f073b1cc595a903,RELM91_d71e8b872d4cbc8139,MATM91_5c9c744e67fce50978,LX-14炸药,安全特性,摩擦感度(需对应不同测试条件),低 (由于聚氨酯粘结剂的高效钝化包覆),,,,,,,低|高,qualitative_only,false,no_reliable_numeric_measurement,,,,,,48,EVM91_faee79babf1bab6647,accepted
PROPM91_45b22cb017da7d3040,RELM91_259f152d323d1718f3,MATM91_5c9c744e67fce50978,LX-14炸药,安全特性,撞击感度(需对应不同测试条件),"低 (2kg落锤, 爆炸概率通常 < 15%, 属于典型的钝感高能猛炸药)",15,,,%,explicit_or_field_specific,<,低|高,validated_single,true,,explosion_probability,,<,2,,48,EVM91_0f8e6a0a903065edf1,accepted
PROPM91_72529e7fc26651a2cd,RELM91_9ec4975658996ad212,MATM91_5c9c744e67fce50978,LX-14炸药,安全特性,冲击感度,不敏感 (需通过高能传爆药起爆),,,,,,,敏感|不敏感|高,qualitative_only,false,no_reliable_numeric_measurement,,,,,,48,EVM91_04520d10dd1fd56b10,accepted
PROPM91_5adfa3bfe201d09bff,RELM91_3c61ecde9d913deae5,MATM91_5c9c744e67fce50978,LX-14炸药,安全特性,火焰感度,"较低 (遇火稳定燃烧, 严禁在强约束环境下受热)",,,,,,,强|较低|低,qualitative_only,false,no_reliable_numeric_measurement,,,,,,48,EVM91_510f51e999e907e45f,accepted
PROPM91_f809820068cc4ef9e6,RELM91_4f119f70c381a150f6,MATM91_5c9c744e67fce50978,LX-14炸药,安全特性,静电感度(需对应不同测试条件),低 (良好的抗静电稳定性),,,,,,,低,qualitative_only,false,no_reliable_numeric_measurement,,,,,,48,EVM91_d0be2a0858886cb167,accepted
PROPM91_ba3ac5397c725ff2ca,RELM91_83bc2969e0ec0447ad,MATM91_5c9c744e67fce50978,LX-14炸药,安全特性,热感度(5s爆发点),> 260 (通常在 270-280°C 爆发),,270,280,℃,explicit_or_field_specific,,,validated_range,true,,event_temperature,热感度(5s爆发点),,,5,48,EVM91_9c9633eb1f8231393f,accepted
PROPM91_e9fab7ec93bee84f0d,RELM91_0561b5bbc2f133cc8e,MATM91_5c9c744e67fce50978,LX-14炸药,安全特性,电火花感度,不敏感,,,,,,,敏感|不敏感,qualitative_only,false,no_reliable_numeric_measurement,,,,,,48,EVM91_a064d0c11416db0651,accepted
PROPM91_26990ad8cf92daa232,RELM91_2f73e19702cdc89dd8,MATM91_5c9c744e67fce50978,LX-14炸药,安全特性,吸湿性,极小 (Estane具有优异的防潮性),,,,,,,极小,text_only,false,no_reliable_numeric_measurement,,,,,,48,EVM91_61386b39baf3a7f551,accepted
PROPM91_ffd7c0e74ea8d0099f,RELM91_082ddcbccc7c7b599c,MATM91_5c9c744e67fce50978,LX-14炸药,安全特性,熔点,~280 (HMX熔融并伴随分解),280,,,℃,explicit_or_field_specific,~,,validated_single,true,,primary_value,熔点,~,,,48,EVM91_cc488b47fc795ba54f,accepted
PROPM91_542b83d5e7db6ad0ce,RELM91_14f36aec4226d802b5,MATM91_5c9c744e67fce50978,LX-14炸药,安全特性,分解温度,> 270 (开始显著分解),270,,,℃,explicit_or_field_specific,>,,validated_single,true,,onset_temperature,分解温度,>,,,48,EVM91_1f71c0d5db001a5257,accepted
PROPM91_5b4683c8bd36db3bc8,RELM91_ee0e6ae97aa648309c,MATM91_5c9c744e67fce50978,LX-14炸药,能量特性,爆速,8800 ~ 8850 (在装填密度 1.83g/cm3 下),,,,,,,,condition_only,false,only_test_conditions,,,,,,48,EVM91_30fbb6c2670f7a9914,accepted
PROPM91_8b0d080e7cf6b20d67,RELM91_1b2df5706d1884df0c,MATM91_5c9c744e67fce50978,LX-14炸药,能量特性,爆温,~3350,3350,,,℃,explicit_or_field_specific,~,,validated_single,true,,primary_value,爆温,~,,,48,EVM91_adc8cb96730cbc4b01,accepted
PROPM91_936ffe16b3df31314b,RELM91_a20b223d24ce3a70f4,MATM91_5c9c744e67fce50978,LX-14炸药,能量特性,爆压,~36,36,,,GPa,explicit_or_field_specific,~,,validated_single,true,,primary_value,爆压,~,,,48,EVM91_da2a733f357c482463,accepted
PROPM91_703459c74b6cf561ce,RELM91_c116127c807a692882,MATM91_5c9c744e67fce50978,LX-14炸药,能量特性,爆容,约 800,800,,,L/kg,explicit_or_field_specific,~,,validated_single,true,,primary_value,爆容,~,,,48,EVM91_dbcdfac16c3874fc27,accepted
PROPM91_396f783b964d7be7b1,RELM91_fd58ebbbcaa9962f9a,MATM91_5c9c744e67fce50978,LX-14炸药,能量特性,威力,"极强 (约 1.7 倍 TNT 威力, 属于顶级高能PBX)",,,,,,,强|高,text_only,false,no_reliable_numeric_measurement,,,,,,48,EVM91_35f4fb934fb67911bc,accepted
PROPM91_492823966a1d36525b,RELM91_d4f3d6ef94c26c0352,MATM91_5c9c744e67fce50978,LX-14炸药,能量特性,猛度,极高 (铅柱压缩值约 24-25mm),,24,25,mm,explicit_or_field_specific,~,极高|高,validated_range,true,,primary_value,猛度,~,,,48,EVM91_68430bacec7eaf38e5,accepted
PROPM91_5ee41ad8f9e52ad0d9,RELM91_bd45d9aa4ffa6b5453,MATM91_5c9c744e67fce50978,LX-14炸药,能量特性,起爆力,"无 (猛炸药, 需精密引信-起爆系统)",,,,,,,无,text_only,false,no_reliable_numeric_measurement,,,,,,48,EVM91_74d274e6ad64bc42d8,accepted
PROPM91_c58d22a4f6158d8377,RELM91_96d9023d96248fbf7a,MATM91_5c9c744e67fce50978,LX-14炸药,能量特性,燃烧速度(发射药、推进剂),稳定燃烧,,,,,,,,qualitative_only,false,no_reliable_numeric_measurement,,,,,,48,EVM91_a41dab17afbac141f6,accepted
PROPM91_4321f8548761d8b85a,RELM91_38f2565b072ba1ac5f,MATM91_a66100e9ea6d64eb36,奥克托尔炸药I型,理化性质,密度,1.80 ~ 1.82 (熔铸密度),,1.80,1.82,g/cm³,explicit_or_field_specific,,,validated_range,true,,primary_value,密度,,,,49,EVM91_2c1cd1b13a2fc5ed9b,accepted
PROPM91_16e28f598b63c03cef,RELM91_e4e99586fe7289440c,MATM91_a66100e9ea6d64eb36,奥克托尔炸药I型,理化性质,外观,黄色或淡黄色固体块状,,,,,,,,text_only,false,no_reliable_numeric_measurement,,,,,,49,EVM91_1466d2d0bbc718bc54,accepted
PROPM91_7293d7d035e53ca867,RELM91_e2f67d578a29829eb2,MATM91_a66100e9ea6d64eb36,奥克托尔炸药I型,理化性质,溶解性,TNT组分溶于丙酮、苯; HMX溶于丙酮; 不溶于水,,,,,,,,text_only,false,no_reliable_numeric_measurement,,,,,,49,EVM91_c3f18f11dde481dcbc,accepted
PROPM91_156c938ce434544529,RELM91_a7fe7e99d2d0946c36,MATM91_a66100e9ea6d64eb36,奥克托尔炸药I型,理化性质,挥发性,极低,,,,,,,低|极低,text_only,false,no_reliable_numeric_measurement,,,,,,49,EVM91_7942a6ced53b85bf7b,accepted
PROPM91_a18c60cc357af2ad26,RELM91_ea5010ca9c9c40a865,MATM91_a66100e9ea6d64eb36,奥克托尔炸药I型,安全特性,摩擦感度(需对应不同测试条件),"中等 (由于TNT的稀释作用,低于单质HMX)",,,,,,,中等|低,qualitative_only,false,no_reliable_numeric_measurement,,,,,,49,EVM91_57ba8fa3d2d57d7b37,accepted
PROPM91_96624ec976ea924d8e,RELM91_2921d091beaaf85f3f,MATM91_a66100e9ea6d64eb36,奥克托尔炸药I型,安全特性,撞击感度(需对应不同测试条件),"中等 (2kg落锤, 20-35 cm; 敏感度高于TNT但远低于单质HMX)",,20,35,cm,explicit_or_field_specific,,敏感|中等|低|高,validated_range,true,,impact_height,落锤高度,,2,,49,EVM91_c6010a3c1bd15562a5,accepted
PROPM91_012eb18cbe7ba241e0,RELM91_635e42cbda12db0b71,MATM91_a66100e9ea6d64eb36,奥克托尔炸药I型,安全特性,冲击感度,敏感 (需通过传爆药柱可靠起爆),,,,,,,敏感,qualitative_only,false,no_reliable_numeric_measurement,,,,,,49,EVM91_42b850c902aa3d0ec6,accepted
PROPM91_412d00d9fbab582a69,RELM91_16b556695e2f0a7ab0,MATM91_a66100e9ea6d64eb36,奥克托尔炸药I型,安全特性,火焰感度,"较敏感 (易被引燃, 封闭条件下极易由燃烧转爆轰)",,,,,,,较敏感|敏感,qualitative_only,false,no_reliable_numeric_measurement,,,,,,49,EVM91_1c95ce3947fa373c8e,accepted
PROPM91_950dea1dfdb8dc1405,RELM91_601c902d0e98a6565e,MATM91_a66100e9ea6d64eb36,奥克托尔炸药I型,安全特性,静电感度(需对应不同测试条件),低 (良好的抗静电性能),,,,,,,低,qualitative_only,false,no_reliable_numeric_measurement,,,,,,49,EVM91_8710092b44c8f39793,accepted
PROPM91_5d3d1ca4e804817fb1,RELM91_52014621debbce043d,MATM91_a66100e9ea6d64eb36,奥克托尔炸药I型,安全特性,热感度(5s爆发点),235 ~ 250 (受HMX热分解点影响),,235,250,℃,explicit_or_field_specific,,,validated_range,true,,primary_value,热感度(5s爆发点),,,5,49,EVM91_8227778c5dbd09d10a,accepted
PROPM91_ad92e6d718311f72cf,RELM91_e02129fc9038831f31,MATM91_a66100e9ea6d64eb36,奥克托尔炸药I型,安全特性,电火花感度,不敏感,,,,,,,敏感|不敏感,qualitative_only,false,no_reliable_numeric_measurement,,,,,,49,EVM91_a987f9cb9f8f4cb522,accepted
PROPM91_b21f1d8ba6f7f21316,RELM91_89dcf2d3946ac32369,MATM91_a66100e9ea6d64eb36,奥克托尔炸药I型,安全特性,吸湿性,极小 (不吸湿),,,,,,,吸湿|不吸湿|极小,text_only,false,no_reliable_numeric_measurement,,,,,,49,EVM91_123c491faa06bd5ceb,accepted
PROPM91_6c84056a116ab8b1e3,RELM91_622f6a2854f7f00f00,MATM91_a66100e9ea6d64eb36,奥克托尔炸药I型,安全特性,熔点,"~80 (TNT组分开始熔化,便于熔铸工艺)",80,,,℃,explicit_or_field_specific,~,,validated_single,true,,onset_temperature,熔点,~,,,49,EVM91_70eb1073588a39a92d,accepted
PROPM91_3644d07ddbd9f47a8b,RELM91_a85dc802b38467040e,MATM91_a66100e9ea6d64eb36,奥克托尔炸药I型,安全特性,分解温度,> 200 (开始缓慢分解),200,,,℃,explicit_or_field_specific,>,,validated_single,true,,onset_temperature,分解温度,>,,,49,EVM91_4e0e5620cf948fd03f,accepted
PROPM91_5774f288bd2ec538ca,RELM91_e779e9c4d8a0882444,MATM91_a66100e9ea6d64eb36,奥克托尔炸药I型,能量特性,爆速,8450 ~ 8550 (在装填密度 1.80g/cm3 下),,,,,,,,condition_only,false,only_test_conditions,,,,,,49,EVM91_8845ab165d973bcd32,accepted
PROPM91_a28ff3f8f17b80e80c,RELM91_acd1f787e9c3b3df7b,MATM91_a66100e9ea6d64eb36,奥克托尔炸药I型,能量特性,爆温,~3300,3300,,,℃,explicit_or_field_specific,~,,validated_single,true,,primary_value,爆温,~,,,49,EVM91_617a60c9ea74b96548,accepted
PROPM91_7e0606c810575f379e,RELM91_7ab6b2a79a9ad88f2d,MATM91_a66100e9ea6d64eb36,奥克托尔炸药I型,能量特性,爆压,~33,33,,,GPa,explicit_or_field_specific,~,,validated_single,true,,primary_value,爆压,~,,,49,EVM91_6dcebe56d610fe7b15,accepted
PROPM91_4b4842417f3d6a4047,RELM91_14888cf953776b3329,MATM91_a66100e9ea6d64eb36,奥克托尔炸药I型,能量特性,爆容,约 800,800,,,L/kg,explicit_or_field_specific,~,,validated_single,true,,primary_value,爆容,~,,,49,EVM91_450ad6d8a6839a05de,accepted
PROPM91_d2d5dd14472f373112,RELM91_adba613340d7f59794,MATM91_a66100e9ea6d64eb36,奥克托尔炸药I型,能量特性,威力,极强 (约 1.6 倍 TNT 威力),,,,,,,强,text_only,false,no_reliable_numeric_measurement,,,,,,49,EVM91_f14bab7da154585be2,accepted
PROPM91_fd7c28c6a2f27aab45,RELM91_ec7a8da943d5e0630a,MATM91_a66100e9ea6d64eb36,奥克托尔炸药I型,能量特性,猛度,极高 (铅柱压缩值约 20-23mm),,20,23,mm,explicit_or_field_specific,~,极高|高,validated_range,true,,primary_value,猛度,~,,,49,EVM91_8d15ded1d42c4cb168,accepted
PROPM91_848b0da562f4b8b4cb,RELM91_9d31d9b7516cd52e12,MATM91_a66100e9ea6d64eb36,奥克托尔炸药I型,能量特性,起爆力,"无 (猛炸药, 需起爆药激发)",,,,,,,无,text_only,false,no_reliable_numeric_measurement,,,,,,49,EVM91_6d9a0a805969517b47,accepted
PROPM91_4e7ec59a8bd13a47b3,RELM91_cfb6693fe0f823fa1f,MATM91_a66100e9ea6d64eb36,奥克托尔炸药I型,能量特性,燃烧速度(发射药、推进剂),稳定燃烧,,,,,,,,qualitative_only,false,no_reliable_numeric_measurement,,,,,,49,EVM91_a695acc877e1a8ac23,accepted
PROPM91_8e22277ec2c4c4dbc6,RELM91_98e718edce17781135,MATM91_18524b14be874188d1,奥克托尔炸药II型,理化性质,密度,1.78 ~ 1.80 (熔铸密度),,1.78,1.80,g/cm³,explicit_or_field_specific,,,validated_range,true,,primary_value,密度,,,,51,EVM91_3919d5f7544619247e,accepted
PROPM91_175fdb2b6186149ebb,RELM91_5296dda60f205fb745,MATM91_18524b14be874188d1,奥克托尔炸药II型,理化性质,外观,黄色或淡黄色固体块状,,,,,,,,text_only,false,no_reliable_numeric_measurement,,,,,,51,EVM91_8dae152c40f6bdc3cf,accepted
PROPM91_19a2e344c7111941d4,RELM91_d5fd9192cc129fcc52,MATM91_18524b14be874188d1,奥克托尔炸药II型,理化性质,溶解性,TNT组分溶于丙酮、苯; HMX溶于丙酮; 不溶于水,,,,,,,,text_only,false,no_reliable_numeric_measurement,,,,,,51,EVM91_f9452e230c4b3426d1,accepted
PROPM91_613994a39485bb5c42,RELM91_b368d52adf9d3ae64a,MATM91_18524b14be874188d1,奥克托尔炸药II型,理化性质,挥发性,极低,,,,,,,低|极低,text_only,false,no_reliable_numeric_measurement,,,,,,51,EVM91_f2933251af5f8e1164,accepted
PROPM91_e43e3d2ada5c4e2717,RELM91_73c4659de9482a5268,MATM91_18524b14be874188d1,奥克托尔炸药II型,安全特性,摩擦感度(需对应不同测试条件),中等 (较I型略迟钝),,,,,,,中等,qualitative_only,false,no_reliable_numeric_measurement,,,,,,51,EVM91_714782c46f2335cd1d,accepted
PROPM91_36fccc425a24dc6ef5,RELM91_3b969cdbae4890e70f,MATM91_18524b14be874188d1,奥克托尔炸药II型,安全特性,撞击感度(需对应不同测试条件),"中等 (2kg落锤, 25-40 cm)",,25,40,cm,explicit_or_field_specific,,中等,validated_range,true,,impact_height,落锤高度,,2,,51,EVM91_448a553e8ba0358eef,accepted
PROPM91_5f155e3741671938e1,RELM91_6f8133e7af9201c444,MATM91_18524b14be874188d1,奥克托尔炸药II型,安全特性,冲击感度,较敏感 (需传爆药可靠起爆),,,,,,,较敏感|敏感,qualitative_only,false,no_reliable_numeric_measurement,,,,,,51,EVM91_d6ab7b62de6d0dc75f,accepted
PROPM91_fb8c0cca517debfa3a,RELM91_26cceaaee0c34782a5,MATM91_18524b14be874188d1,奥克托尔炸药II型,安全特性,火焰感度,较敏感 (易引燃),,,,,,,较敏感|敏感,qualitative_only,false,no_reliable_numeric_measurement,,,,,,51,EVM91_506d087f04e04021da,accepted
PROPM91_0492c8a2881957afb0,RELM91_e128af9e63a01f4aab,MATM91_18524b14be874188d1,奥克托尔炸药II型,安全特性,静电感度(需对应不同测试条件),低,,,,,,,低,qualitative_only,false,no_reliable_numeric_measurement,,,,,,51,EVM91_d462d14de6cda5f229,accepted
PROPM91_f7c804940d96bf5eb4,RELM91_1a9e0988644f8856ef,MATM91_18524b14be874188d1,奥克托尔炸药II型,安全特性,热感度(5s爆发点),235 ~ 250,,235,250,℃,explicit_or_field_specific,,,validated_range,true,,primary_value,热感度(5s爆发点),,,5,51,EVM91_66c2d4acbacfea2a06,accepted
PROPM91_3aa7e073a69bd2b2d2,RELM91_434900c8877b19e024,MATM91_18524b14be874188d1,奥克托尔炸药II型,安全特性,电火花感度,不敏感,,,,,,,敏感|不敏感,qualitative_only,false,no_reliable_numeric_measurement,,,,,,51,EVM91_54f6c75a388c31d2d5,accepted
PROPM91_5961fa92ce802b8a4c,RELM91_b082e48c90e08ebeaf,MATM91_18524b14be874188d1,奥克托尔炸药II型,安全特性,吸湿性,极小,,,,,,,极小,text_only,false,no_reliable_numeric_measurement,,,,,,51,EVM91_65bedfb07a1cdc0f19,accepted
PROPM91_55acff08995e57c8ce,RELM91_8580268a1df8c20dd8,MATM91_18524b14be874188d1,奥克托尔炸药II型,安全特性,熔点,~80 (TNT组分熔化温度),80,,,℃,explicit_or_field_specific,~,,validated_single,true,,primary_value,熔点,~,,,51,EVM91_e9dead77ed0d259056,accepted
PROPM91_2ca2901fac6200d515,RELM91_1e14f06831e4160820,MATM91_18524b14be874188d1,奥克托尔炸药II型,安全特性,分解温度,> 200 (开始缓慢分解),200,,,℃,explicit_or_field_specific,>,,validated_single,true,,onset_temperature,分解温度,>,,,51,EVM91_51ffbce84314e96111,accepted
PROPM91_3535a1c70e27707e81,RELM91_d98c30333e44b58715,MATM91_18524b14be874188d1,奥克托尔炸药II型,能量特性,爆速,8300 ~ 8400 (在装填密度 1.78g/cm3 下),,,,,,,,condition_only,false,only_test_conditions,,,,,,51,EVM91_969e5d478ee690b5f3,accepted
PROPM91_0b74cc3cca23b71f3b,RELM91_84f2d3edd207dfab75,MATM91_18524b14be874188d1,奥克托尔炸药II型,能量特性,爆温,~3250,3250,,,℃,explicit_or_field_specific,~,,validated_single,true,,primary_value,爆温,~,,,51,EVM91_f2782cf7a0eea81999,accepted
PROPM91_431fc58ce509449f80,RELM91_410223db99e2235aa3,MATM91_18524b14be874188d1,奥克托尔炸药II型,能量特性,爆压,~31,31,,,GPa,explicit_or_field_specific,~,,validated_single,true,,primary_value,爆压,~,,,51,EVM91_8adf84fb6d9f352fb5,accepted
PROPM91_36c5a7681981796f15,RELM91_9825a3b1de12e20578,MATM91_18524b14be874188d1,奥克托尔炸药II型,能量特性,爆容,约 820,820,,,L/kg,explicit_or_field_specific,~,,validated_single,true,,primary_value,爆容,~,,,51,EVM91_7b6c8ef8c505fba1cf,accepted
PROPM91_7da8c5c9d1a2a9a0fc,RELM91_7c1b0a8895c60c0263,MATM91_18524b14be874188d1,奥克托尔炸药II型,能量特性,威力,强 (约 1.5 倍 TNT 威力),,,,,,,强,text_only,false,no_reliable_numeric_measurement,,,,,,51,EVM91_2cc57b4d7656a91f6c,accepted
PROPM91_65f0f51b76d0afe9df,RELM91_e96d97353730d031df,MATM91_18524b14be874188d1,奥克托尔炸药II型,能量特性,猛度,高 (铅柱压缩值约 19-22mm),,19,22,mm,explicit_or_field_specific,~,高,validated_range,true,,primary_value,猛度,~,,,51,EVM91_7ef4e0e4b1595ff7f1,accepted
PROPM91_e1be6b76791b1eb00b,RELM91_1860eba9fcb91b5c11,MATM91_18524b14be874188d1,奥克托尔炸药II型,能量特性,起爆力,"无 (猛炸药, 需起爆药激发)",,,,,,,无,text_only,false,no_reliable_numeric_measurement,,,,,,51,EVM91_57bf19304b4483e9ae,accepted
PROPM91_9868090a25f27c7a69,RELM91_b1e4ebf3e1c1a2c1e6,MATM91_18524b14be874188d1,奥克托尔炸药II型,能量特性,燃烧速度(发射药、推进剂),稳定燃烧,,,,,,,,qualitative_only,false,no_reliable_numeric_measurement,,,,,,51,EVM91_c40a702822f6aaa8eb,accepted
PROPM91_4361ad285d8d0b9bd6,RELM91_acabf2934a6ef3d0e3,MATM91_a909426e2e62577efe,聚黑-14传爆药,理化性质,分子量(单质),222.12 (RDX),,,,g/mol,field_dictionary,,,qualitative_only,false,no_reliable_numeric_measurement,,,,,,53,EVM91_4ec618a3f9b6355646,accepted
PROPM91_0f8cd62352f192bfd1,RELM91_303947f55161e27e1d,MATM91_a909426e2e62577efe,聚黑-14传爆药,理化性质,密度,1.70 ~ 1.75 (压装密度),,1.70,1.75,g/cm³,explicit_or_field_specific,,,validated_range,true,,primary_value,密度,,,,53,EVM91_34f994a290f3390f11,accepted
PROPM91_c7ee2244fb0bfe94f2,RELM91_aacd84817653f47442,MATM91_a909426e2e62577efe,聚黑-14传爆药,理化性质,外观,白色或浅黄色颗粒/药柱,,,,,,,,text_only,false,no_reliable_numeric_measurement,,,,,,53,EVM91_9928ee62b170fa3dec,accepted
PROPM91_837c6e8c13dac59d89,RELM91_a9f027cc98f4727d0a,MATM91_a909426e2e62577efe,聚黑-14传爆药,理化性质,溶解性,"RDX组分不溶于水, 易溶于丙酮; 粘结剂溶于特定有机溶剂",,,,,,,,text_only,false,no_reliable_numeric_measurement,,,,,,53,EVM91_2db8d3a8761ad12110,accepted
PROPM91_c09da4aed4734011a3,RELM91_af54c197171882f80e,MATM91_a909426e2e62577efe,聚黑-14传爆药,理化性质,挥发性,极低,,,,,,,低|极低,text_only,false,no_reliable_numeric_measurement,,,,,,53,EVM91_487a90b50f56263f65,accepted
PROPM91_4ba3488c51ed087905,RELM91_814a571d6b56ee4a6e,MATM91_a909426e2e62577efe,聚黑-14传爆药,安全特性,摩擦感度(需对应不同测试条件),"低 (由于高分子包覆作用, 摩擦感度较低)",,,,,,,较低|低|高,qualitative_only,false,no_reliable_numeric_measurement,,,,,,53,EVM91_c6ec7471af63ff1817,accepted
PROPM91_3ee9cbe4f2d26d81cd,RELM91_c5336809723bcb487a,MATM91_a909426e2e62577efe,聚黑-14传爆药,安全特性,撞击感度(需对应不同测试条件),"较低 (2kg落锤, 爆炸概率通常在 10% - 20% 之间)",,,,,,,较低|低,multiple_measurements,false,multiple_primary_measurements,,,,2,,53,EVM91_17f2b1b9961f2674c6,accepted
PROPM91_76950bae066758ce21,RELM91_03078c6522752bf591,MATM91_a909426e2e62577efe,聚黑-14传爆药,安全特性,冲击感度,不敏感 (需通过引信可靠起爆),,,,,,,敏感|不敏感,qualitative_only,false,no_reliable_numeric_measurement,,,,,,53,EVM91_7bac805f657328e131,accepted
PROPM91_446f52ed3b1c638cbf,RELM91_1c2ad3b8a80765a998,MATM91_a909426e2e62577efe,聚黑-14传爆药,安全特性,火焰感度,"较低 (点燃后稳定燃烧, 严禁在密闭状态下受热)",,,,,,,较低|低,qualitative_only,false,no_reliable_numeric_measurement,,,,,,53,EVM91_18ae66bf9805e14813,accepted
PROPM91_f8105d6754b5027031,RELM91_618081fd634b78c497,MATM91_a909426e2e62577efe,聚黑-14传爆药,安全特性,静电感度(需对应不同测试条件),低 (抗静电性能良好),,,,,,,低,qualitative_only,false,no_reliable_numeric_measurement,,,,,,53,EVM91_8c05be935f85624c59,accepted
PROPM91_0ee17bb75084b1ffb4,RELM91_f4dff9933d681f7258,MATM91_a909426e2e62577efe,聚黑-14传爆药,安全特性,热感度(5s爆发点),230 ~ 240 (取决于RDX纯度),,230,240,℃,explicit_or_field_specific,,,validated_range,true,,primary_value,热感度(5s爆发点),,,5,53,EVM91_fd6dc90cd088fa154e,accepted
PROPM91_51bdfa10694b909344,RELM91_e824fb32cef67beb0d,MATM91_a909426e2e62577efe,聚黑-14传爆药,安全特性,电火花感度,不敏感,,,,,,,敏感|不敏感,qualitative_only,false,no_reliable_numeric_measurement,,,,,,53,EVM91_0f46e50a43c71c11c8,accepted
PROPM91_f8444e87a39694a97a,RELM91_580acd2508f06e2d6e,MATM91_a909426e2e62577efe,聚黑-14传爆药,安全特性,吸湿性,极小,,,,,,,极小,text_only,false,no_reliable_numeric_measurement,,,,,,53,EVM91_da44d6de5d2cdc6238,accepted
PROPM91_1893c95cc09812e047,RELM91_3bdd9641d78dd7fa5d,MATM91_a909426e2e62577efe,聚黑-14传爆药,安全特性,熔点,~204 (RDX组分熔点并开始分解),204,,,℃,explicit_or_field_specific,~,,validated_single,true,,onset_temperature,熔点,~,,,53,EVM91_0e87cb10b4866c1b47,accepted
PROPM91_5b40e664e771ba2957,RELM91_d575d4cfd03cef9c85,MATM91_a909426e2e62577efe,聚黑-14传爆药,安全特性,分解温度,> 200 (开始缓慢分解),200,,,℃,explicit_or_field_specific,>,,validated_single,true,,onset_temperature,分解温度,>,,,53,EVM91_3e24d7a81295e2c03d,accepted
PROPM91_f1b0d0e20fb58261e0,RELM91_2dc40b4c037a4088ae,MATM91_a909426e2e62577efe,聚黑-14传爆药,能量特性,爆速,8200 ~ 8400 (在密度 1.72g/cm3 下),,,,,,,,condition_only,false,only_test_conditions,,,,,,53,EVM91_18eadaf48e6ad5ddb7,accepted
PROPM91_e932c1f6ad36a1950c,RELM91_f4b63a66abf8b01b7d,MATM91_a909426e2e62577efe,聚黑-14传爆药,能量特性,爆温,~3300,3300,,,℃,explicit_or_field_specific,~,,validated_single,true,,primary_value,爆温,~,,,53,EVM91_c1552d8174afd3f99f,accepted
PROPM91_b3c40bf6bb526e3784,RELM91_b3d7ed9bacab0ccd4f,MATM91_a909426e2e62577efe,聚黑-14传爆药,能量特性,爆压,~31,31,,,GPa,explicit_or_field_specific,~,,validated_single,true,,primary_value,爆压,~,,,53,EVM91_a7df6df6a2df8f89ff,accepted
PROPM91_23bc49067cb6970d5c,RELM91_635c44b9fbf24946ea,MATM91_a909426e2e62577efe,聚黑-14传爆药,能量特性,爆容,约 850,850,,,L/kg,explicit_or_field_specific,~,,validated_single,true,,primary_value,爆容,~,,,53,EVM91_a0795b23cc78dfab05,accepted
PROPM91_427bce0c3adcafc613,RELM91_6d27395c4ee9905962,MATM91_a909426e2e62577efe,聚黑-14传爆药,能量特性,威力,强 (约 1.45 倍 TNT 威力),,,,,,,强,text_only,false,no_reliable_numeric_measurement,,,,,,53,EVM91_3ee14ccea2b6324c8d,accepted
PROPM91_964f48c42db8eb7231,RELM91_22f00de71f3d94030b,MATM91_a909426e2e62577efe,聚黑-14传爆药,能量特性,猛度,高 (铅柱压缩值约 19-21mm),,19,21,mm,explicit_or_field_specific,~,高,validated_range,true,,primary_value,猛度,~,,,53,EVM91_d9db7b9743a9c396b5,accepted
PROPM91_6db24c70def2d65d30,RELM91_eda6f12246bc82b524,MATM91_a909426e2e62577efe,聚黑-14传爆药,能量特性,起爆力,"无 (猛炸药, 需起爆药激发)",,,,,,,无,text_only,false,no_reliable_numeric_measurement,,,,,,53,EVM91_fad630b2b999327afc,accepted
PROPM91_8e3ce2dd78178f3668,RELM91_d7744ae6e7e20d5b03,MATM91_a909426e2e62577efe,聚黑-14传爆药,能量特性,燃烧速度(发射药、推进剂),稳定燃烧,,,,,,,,qualitative_only,false,no_reliable_numeric_measurement,,,,,,53,EVM91_ed73172ef05dd97ab8,accepted
PROPM91_167c90695581c381fe,RELM91_a05697f9895018b092,MATM91_162c83c1c3396c7bda,聚黑-16炸药,理化性质,分子量(单质),222.12 (RDX),,,,g/mol,field_dictionary,,,qualitative_only,false,no_reliable_numeric_measurement,,,,,,54,EVM91_ad560ab74bef5da1a8,accepted
PROPM91_be9d1303fdc4752fc4,RELM91_3d243c89fa00943056,MATM91_162c83c1c3396c7bda,聚黑-16炸药,理化性质,密度,1.72 ~ 1.76 (压装密度),,1.72,1.76,g/cm³,explicit_or_field_specific,,,validated_range,true,,primary_value,密度,,,,54,EVM91_db83dcfdfa400abb00,accepted
PROPM91_0f8136f480d96545e5,RELM91_c6a965e4a38ec9c336,MATM91_162c83c1c3396c7bda,聚黑-16炸药,理化性质,外观,浅黄色或灰白色均匀颗粒/药柱,,,,,,,,text_only,false,no_reliable_numeric_measurement,,,,,,54,EVM91_77166ff18bb6211087,accepted
PROPM91_60a40335ea69eb0dad,RELM91_c85ddee63410b028c5,MATM91_162c83c1c3396c7bda,聚黑-16炸药,理化性质,溶解性,"RDX组分不溶于水, 易溶于丙酮; 粘结剂部分溶于酯类溶剂",,,,,,,,text_only,false,no_reliable_numeric_measurement,,,,,,54,EVM91_7be040e30c41432f9b,accepted
PROPM91_cd5e0ea164c98f6216,RELM91_0fc50d13424dc2708e,MATM91_162c83c1c3396c7bda,聚黑-16炸药,理化性质,挥发性,极低,,,,,,,低|极低,text_only,false,no_reliable_numeric_measurement,,,,,,54,EVM91_7a87455b9349abab6a,accepted
PROPM91_bca9ab2dcf36eff626,RELM91_bd9618dcc88a227f7a,MATM91_162c83c1c3396c7bda,聚黑-16炸药,安全特性,摩擦感度(需对应不同测试条件),低 (粘结剂的高效润滑与包覆大幅降低了摩擦感度),,,,,,,低|高,qualitative_only,false,no_reliable_numeric_measurement,,,,,,54,EVM91_fa918291e87b443f5b,accepted
PROPM91_a6fd85b7557303b5bf,RELM91_674572b6f77457bb50,MATM91_162c83c1c3396c7bda,聚黑-16炸药,安全特性,撞击感度(需对应不同测试条件),"较低 (2kg落锤, 爆炸概率通常在 12% - 22% 之间)",,,,,,,较低|低,multiple_measurements,false,multiple_primary_measurements,,,,2,,54,EVM91_3bc2eaf282c03d688e,accepted
PROPM91_3349f6cfbca6fad643,RELM91_c085211124386aab93,MATM91_162c83c1c3396c7bda,聚黑-16炸药,安全特性,冲击感度,不敏感 (需强力传爆药柱可靠起爆),,,,,,,敏感|不敏感|强,qualitative_only,false,no_reliable_numeric_measurement,,,,,,54,EVM91_3262223c6d0413d773,accepted
PROPM91_81367c7b46d5282139,RELM91_9e26a2a13caa4fb146,MATM91_162c83c1c3396c7bda,聚黑-16炸药,安全特性,火焰感度,"较低 (点燃后稳定燃烧, 严禁密闭受热)",,,,,,,较低|低,qualitative_only,false,no_reliable_numeric_measurement,,,,,,54,EVM91_026fa42c751026aea3,accepted
PROPM91_67a91536976f4d1ee7,RELM91_28b1170063c491b7f9,MATM91_162c83c1c3396c7bda,聚黑-16炸药,安全特性,静电感度(需对应不同测试条件),低 (良好的抗静电稳定性),,,,,,,低,qualitative_only,false,no_reliable_numeric_measurement,,,,,,54,EVM91_120a8e1e108f5b1511,accepted
PROPM91_e41fa69b643a060dac,RELM91_ce9e95c025b0f21e05,MATM91_162c83c1c3396c7bda,聚黑-16炸药,安全特性,热感度(5s爆发点),235 ~ 245 (受RDX晶型和纯度影响),,235,245,℃,explicit_or_field_specific,,,validated_range,true,,primary_value,热感度(5s爆发点),,,5,54,EVM91_ff7b5c309c0b965493,accepted
PROPM91_9eebb151955a8c4aea,RELM91_328d80a6867aa73a7f,MATM91_162c83c1c3396c7bda,聚黑-16炸药,安全特性,电火花感度,不敏感,,,,,,,敏感|不敏感,qualitative_only,false,no_reliable_numeric_measurement,,,,,,54,EVM91_0a677a571ca947baae,accepted
PROPM91_141f4385cbae2a62a9,RELM91_19f817a2d545d85543,MATM91_162c83c1c3396c7bda,聚黑-16炸药,安全特性,吸湿性,极小,,,,,,,极小,text_only,false,no_reliable_numeric_measurement,,,,,,54,EVM91_e1cb81b7f0d248d666,accepted
PROPM91_a2cc94c000087a1f20,RELM91_a372a04aaa8f5d1cec,MATM91_162c83c1c3396c7bda,聚黑-16炸药,安全特性,熔点,~204 (RDX熔点并伴随分解),204,,,℃,explicit_or_field_specific,~,,validated_single,true,,primary_value,熔点,~,,,54,EVM91_4e7ca15f007265444e,accepted
PROPM91_ad5939a1c7be3a8fcc,RELM91_4fbfff8b51413d4f56,MATM91_162c83c1c3396c7bda,聚黑-16炸药,安全特性,分解温度,> 200 (开始缓慢分解),200,,,℃,explicit_or_field_specific,>,,validated_single,true,,onset_temperature,分解温度,>,,,54,EVM91_441bcf8c79ac17a354,accepted
PROPM91_e7b185a04d2ceb5ffc,RELM91_91c6691f4b8c3d6c5a,MATM91_162c83c1c3396c7bda,聚黑-16炸药,能量特性,爆速,8300 ~ 8500 (在密度 1.74g/cm3 下),,,,,,,,condition_only,false,only_test_conditions,,,,,,54,EVM91_8025fcb4dcdd8b1a79,accepted
PROPM91_4058dcc74c92304872,RELM91_e7868f4e6c789c87b0,MATM91_162c83c1c3396c7bda,聚黑-16炸药,能量特性,爆温,~3350,3350,,,℃,explicit_or_field_specific,~,,validated_single,true,,primary_value,爆温,~,,,54,EVM91_d15398927c31552302,accepted
PROPM91_af252d9a60598cc835,RELM91_b58ec9312c63c8875e,MATM91_162c83c1c3396c7bda,聚黑-16炸药,能量特性,爆压,~32,32,,,GPa,explicit_or_field_specific,~,,validated_single,true,,primary_value,爆压,~,,,54,EVM91_ba48e36394fa9db02c,accepted
PROPM91_1183cbc400d2bef038,RELM91_19a48a3801cecd3f37,MATM91_162c83c1c3396c7bda,聚黑-16炸药,能量特性,爆容,约 860,860,,,L/kg,explicit_or_field_specific,~,,validated_single,true,,primary_value,爆容,~,,,54,EVM91_d17d0c666e2d7e6ef4,accepted
PROPM91_3ce861986851c3c286,RELM91_28a4f166cd470c4180,MATM91_162c83c1c3396c7bda,聚黑-16炸药,能量特性,威力,"强 (约 1.5 倍 TNT 威力, 属于高能PBX)",,,,,,,强|高,text_only,false,no_reliable_numeric_measurement,,,,,,54,EVM91_1d44476642cdea5253,accepted
PROPM91_cc97571474aa28101b,RELM91_d0ed5aba6ea27db31f,MATM91_162c83c1c3396c7bda,聚黑-16炸药,能量特性,猛度,高 (铅柱压缩值约 20-22mm),,20,22,mm,explicit_or_field_specific,~,高,validated_range,true,,primary_value,猛度,~,,,54,EVM91_79d43b13e2a7d9ca71,accepted
PROPM91_26143fa120194a0ab7,RELM91_ce3101ebb30dc25da5,MATM91_162c83c1c3396c7bda,聚黑-16炸药,能量特性,起爆力,"无 (猛炸药, 需起爆系统激发)",,,,,,,无,text_only,false,no_reliable_numeric_measurement,,,,,,54,EVM91_976134f2ecb8f57790,accepted
PROPM91_b51c8469c6ce34f85b,RELM91_80e0f4db0e2f83cd52,MATM91_162c83c1c3396c7bda,聚黑-16炸药,能量特性,燃烧速度(发射药、推进剂),稳定燃烧,,,,,,,,qualitative_only,false,no_reliable_numeric_measurement,,,,,,54,EVM91_51afa26b196a2f42c1,accepted
PROPM91_d3ab30dc0fc3dbdfdb,RELM91_961d9c6df1d3305d23,MATM91_92da6d83dd0765811b,聚黑-15炸药,理化性质,分子量(单质),222.12 (RDX),,,,g/mol,field_dictionary,,,qualitative_only,false,no_reliable_numeric_measurement,,,,,,55,EVM91_5ec90fb6eb525e9cdf,accepted
PROPM91_8a2fc786fd6c65decd,RELM91_575d4f2f2cbfdd97d7,MATM91_92da6d83dd0765811b,聚黑-15炸药,理化性质,密度,1.70 ~ 1.74 (压装密度),,1.70,1.74,g/cm³,explicit_or_field_specific,,,validated_range,true,,primary_value,密度,,,,55,EVM91_db768c03da89cdf7cb,accepted
PROPM91_1d1fbcd97aed0dbadb,RELM91_15a1348a47b5ce9dc4,MATM91_92da6d83dd0765811b,聚黑-15炸药,理化性质,外观,白色或浅黄色颗粒/药柱,,,,,,,,text_only,false,no_reliable_numeric_measurement,,,,,,55,EVM91_e507d09012a82d4315,accepted
PROPM91_3b0700d4e8cbf280cb,RELM91_aae8673506bdca0dc1,MATM91_92da6d83dd0765811b,聚黑-15炸药,理化性质,溶解性,"RDX组分不溶于水, 易溶于丙酮; 粘结剂溶于特定有机溶剂",,,,,,,,text_only,false,no_reliable_numeric_measurement,,,,,,55,EVM91_16a1e42dad2b2866fc,accepted
PROPM91_3c938857c98ee533bc,RELM91_59b0e29fe2b6e8595c,MATM91_92da6d83dd0765811b,聚黑-15炸药,理化性质,挥发性,极低,,,,,,,低|极低,text_only,false,no_reliable_numeric_measurement,,,,,,55,EVM91_431c7b3948d46e55d3,accepted
PROPM91_d8940483abca2e6d83,RELM91_458b80c752fb9c5f65,MATM91_92da6d83dd0765811b,聚黑-15炸药,安全特性,摩擦感度(需对应不同测试条件),"低 (由于高分子包覆, 摩擦感度远低于单质RDX)",,,,,,,低|高,qualitative_only,false,no_reliable_numeric_measurement,,,,,,55,EVM91_53465f087867fcc460,accepted
PROPM91_b26f22c3b7faa019a8,RELM91_5d63000bfcc3a31461,MATM91_92da6d83dd0765811b,聚黑-15炸药,安全特性,撞击感度(需对应不同测试条件),"较低 (2kg落锤, 爆炸概率通常在 15% - 25% 之间)",,,,,,,较低|低,multiple_measurements,false,multiple_primary_measurements,,,,2,,55,EVM91_283eebcc67f9230c7a,accepted
PROPM91_6b10028a0081a9de2b,RELM91_1b196ac6dde60bc0af,MATM91_92da6d83dd0765811b,聚黑-15炸药,安全特性,冲击感度,不敏感 (需强力传爆药可靠起爆),,,,,,,敏感|不敏感|强,qualitative_only,false,no_reliable_numeric_measurement,,,,,,55,EVM91_2592c09dfc97b10731,accepted
PROPM91_3b7d7643a7ac981bba,RELM91_026adcd5a267241f15,MATM91_92da6d83dd0765811b,聚黑-15炸药,安全特性,火焰感度,"较低 (点燃后稳定燃烧, 密闭下有爆轰风险)",,,,,,,较低|低,qualitative_only,false,no_reliable_numeric_measurement,,,,,,55,EVM91_6b68c61fa6c84d67c3,accepted
PROPM91_31f7b3619fb019efe3,RELM91_0a3c45b4698af4d9a1,MATM91_92da6d83dd0765811b,聚黑-15炸药,安全特性,静电感度(需对应不同测试条件),低 (良好的抗静电性能),,,,,,,低,qualitative_only,false,no_reliable_numeric_measurement,,,,,,55,EVM91_ffc227363c7b566d4b,accepted
PROPM91_65ff343c2d6ff922ea,RELM91_4337b544beb1bbbf15,MATM91_92da6d83dd0765811b,聚黑-15炸药,安全特性,热感度(5s爆发点),230 ~ 245 (受RDX稳定性影响),,230,245,℃,explicit_or_field_specific,,,validated_range,true,,primary_value,热感度(5s爆发点),,,5,55,EVM91_fc4a18dc0c7875dbc0,accepted
PROPM91_c580cef52d88fcce15,RELM91_64598663484b70ebb8,MATM91_92da6d83dd0765811b,聚黑-15炸药,安全特性,电火花感度,不敏感,,,,,,,敏感|不敏感,qualitative_only,false,no_reliable_numeric_measurement,,,,,,55,EVM91_437d561cec3c4a3147,accepted
PROPM91_766b1ac608dc61fb8a,RELM91_23c31d591841cd2f91,MATM91_92da6d83dd0765811b,聚黑-15炸药,安全特性,吸湿性,极小,,,,,,,极小,text_only,false,no_reliable_numeric_measurement,,,,,,55,EVM91_d62c5d7befb75ea4db,accepted
PROPM91_fd67e0bef730cbe210,RELM91_47bf1f18ac15a879c7,MATM91_92da6d83dd0765811b,聚黑-15炸药,安全特性,熔点,~204 (RDX熔点),204,,,℃,explicit_or_field_specific,~,,validated_single,true,,primary_value,熔点,~,,,55,EVM91_c3ea731ade460fbaa4,accepted
PROPM91_0605825174f81e0225,RELM91_417f77b268345d8921,MATM91_92da6d83dd0765811b,聚黑-15炸药,安全特性,分解温度,> 200 (开始缓慢分解),200,,,℃,explicit_or_field_specific,>,,validated_single,true,,onset_temperature,分解温度,>,,,55,EVM91_36de49f27dba81257f,accepted
PROPM91_b010e02e92733d2ec1,RELM91_143484f8d7d36fb2cd,MATM91_92da6d83dd0765811b,聚黑-15炸药,能量特性,爆速,8100 ~ 8300 (在密度 1.72g/cm3 下),,,,,,,,condition_only,false,only_test_conditions,,,,,,55,EVM91_f5434c21e39335aaec,accepted
PROPM91_ad8d0e82c7212145fd,RELM91_1d6b8efd077ea7c929,MATM91_92da6d83dd0765811b,聚黑-15炸药,能量特性,爆温,~3300,3300,,,℃,explicit_or_field_specific,~,,validated_single,true,,primary_value,爆温,~,,,55,EVM91_0eeb064615dfc8a512,accepted
PROPM91_bd0c4728bb414c0c8f,RELM91_29d368766398898c4e,MATM91_92da6d83dd0765811b,聚黑-15炸药,能量特性,爆压,~30,30,,,GPa,explicit_or_field_specific,~,,validated_single,true,,primary_value,爆压,~,,,55,EVM91_18d7f7c8e0bec279ac,accepted
PROPM91_4ca1c40b96b5a66740,RELM91_9d80d437a204b2f27c,MATM91_92da6d83dd0765811b,聚黑-15炸药,能量特性,爆容,约 850,850,,,L/kg,explicit_or_field_specific,~,,validated_single,true,,primary_value,爆容,~,,,55,EVM91_1986e5826198446b45,accepted
PROPM91_eb97b73841d9948dd6,RELM91_e1b749098aeebc28b0,MATM91_92da6d83dd0765811b,聚黑-15炸药,能量特性,威力,强 (约 1.45 倍 TNT 威力),,,,,,,强,text_only,false,no_reliable_numeric_measurement,,,,,,55,EVM91_22e986521c0f9a542c,accepted
PROPM91_5e671e560ee6ff5668,RELM91_498f2b63883a1a467a,MATM91_92da6d83dd0765811b,聚黑-15炸药,能量特性,猛度,高 (铅柱压缩值约 19-21mm),,19,21,mm,explicit_or_field_specific,~,高,validated_range,true,,primary_value,猛度,~,,,55,EVM91_9fc917b0806481da25,accepted
PROPM91_4b506239c13d636f18,RELM91_faf18654d10e851cef,MATM91_92da6d83dd0765811b,聚黑-15炸药,能量特性,起爆力,"无 (猛炸药, 需起爆系统激发)",,,,,,,无,text_only,false,no_reliable_numeric_measurement,,,,,,55,EVM91_a0f1dc5f762e9efba2,accepted
PROPM91_e634e4976f33acae04,RELM91_038e85b796dc872ddb,MATM91_92da6d83dd0765811b,聚黑-15炸药,能量特性,燃烧速度(发射药、推进剂),稳定燃烧,,,,,,,,qualitative_only,false,no_reliable_numeric_measurement,,,,,,55,EVM91_59be7805e82174b74e,accepted
PROPM91_19a2142a3e064c1c8a,RELM91_a3543a4d4c1a2d56ed,MATM91_50001123a96a380d87,低易损混合炸药,理化性质,密度,1.62 ~ 1.68 (压制或挤出密度),,1.62,1.68,g/cm³,explicit_or_field_specific,,,validated_range,true,,primary_value,密度,,,,56,EVM91_4eb60becc4e0be73ee,accepted
PROPM91_697d781f1bc9e45232,RELM91_a3341d570c45deeb9b,MATM91_50001123a96a380d87,低易损混合炸药,理化性质,外观,灰色、米褐色或深色坚硬固体颗粒/块体,,,,,,,,text_only,false,no_reliable_numeric_measurement,,,,,,56,EVM91_785c3929b06f6953e2,accepted
PROPM91_97a191d81568c6dd3c,RELM91_ded67b9a781664e9ea,MATM91_50001123a96a380d87,低易损混合炸药,理化性质,溶解性,组分RDX溶于丙酮; 粘结剂CAB溶于特定酯类溶剂; 不溶于水,,,,,,,,text_only,false,no_reliable_numeric_measurement,,,,,,56,EVM91_0148f8268083c8d8cf,accepted
PROPM91_57b6dc9d728567df82,RELM91_dbca6df356ff064003,MATM91_50001123a96a380d87,低易损混合炸药,理化性质,挥发性,极低,,,,,,,低|极低,text_only,false,no_reliable_numeric_measurement,,,,,,56,EVM91_bab9f957c4d6225cf1,accepted
PROPM91_74137f0dcb0495ebed,RELM91_e537a8fca016039b1d,MATM91_50001123a96a380d87,低易损混合炸药,安全特性,摩擦感度(需对应不同测试条件),"极低 (由于高比例钝感聚合物基质的包覆,摩擦极其迟钝)",,,,,,,低|极低|高,qualitative_only,false,no_reliable_numeric_measurement,,,,,,56,EVM91_3cad1e7bd691764f2b,accepted
PROPM91_55db28226caf36968c,RELM91_1ff23a60272dfbdda8,MATM91_50001123a96a380d87,低易损混合炸药,安全特性,撞击感度(需对应不同测试条件),"极低 (2kg落锤, 爆炸概率 < 5%; 远低于常规猛炸药)",5,,,%,explicit_or_field_specific,<,低|极低,validated_single,true,,explosion_probability,,<,2,,56,EVM91_f49703c0a18f932267,accepted
PROPM91_6055cc322eb190ec22,RELM91_0facd33d7b4939d6ae,MATM91_50001123a96a380d87,低易损混合炸药,安全特性,冲击感度,极不敏感 (能够抵御子弹或碎片的高速直接撞击而不发生爆轰),,,,,,,敏感|不敏感|极不敏感|高,qualitative_only,false,no_reliable_numeric_measurement,,,,,,56,EVM91_ee2fc07582ba617c86,accepted
PROPM91_eee3f7af1d28e6eb70,RELM91_3a9bffef30b6fd86de,MATM91_50001123a96a380d87,低易损混合炸药,安全特性,火焰感度,"极低 (点燃后燃烧缓慢、稳定,不会轻易转爆轰)",,,,,,,低|极低,qualitative_only,false,no_reliable_numeric_measurement,,,,,,56,EVM91_a8231d2cc92303b131,accepted
PROPM91_e0c2846c54e2c86673,RELM91_b4822d9a4c7657934f,MATM91_50001123a96a380d87,低易损混合炸药,安全特性,静电感度(需对应不同测试条件),低 (良好的抗静电和介电稳定性),,,,,,,低,qualitative_only,false,no_reliable_numeric_measurement,,,,,,56,EVM91_cd3dcd20b07d78c214,accepted
PROPM91_d396bde954682007a9,RELM91_49c58e38d263d1384a,MATM91_50001123a96a380d87,低易损混合炸药,安全特性,热感度(5s爆发点),> 260 (受CAB和NC组分共同影响),260,,,℃,explicit_or_field_specific,>,,validated_single,true,,primary_value,热感度(5s爆发点),>,,5,56,EVM91_14c76d2bebf44a7765,accepted
PROPM91_44a74f13abe8090aab,RELM91_d2322dcc75672d3539,MATM91_50001123a96a380d87,低易损混合炸药,安全特性,电火花感度,不敏感,,,,,,,敏感|不敏感,qualitative_only,false,no_reliable_numeric_measurement,,,,,,56,EVM91_2824a209fde8b5f60c,accepted
PROPM91_0fc97657af0eaea3f2,RELM91_2c9c971719048cec10,MATM91_50001123a96a380d87,低易损混合炸药,安全特性,吸湿性,极小 (吸湿性远低于常规梯黑铝炸药),,,,,,,低|吸湿|极小,text_only,false,no_reliable_numeric_measurement,,,,,,56,EVM91_6f92c64b9269e745c5,accepted
PROPM91_f75176ff7b8b23aedb,RELM91_992de7cf42335ed42c,MATM91_50001123a96a380d87,低易损混合炸药,安全特性,分解温度,> 220 (开始缓慢分解),220,,,℃,explicit_or_field_specific,>,,validated_single,true,,onset_temperature,分解温度,>,,,56,EVM91_4e8e1e5839ccc33548,accepted
PROPM91_8fe85b5e7017ed59cb,RELM91_13b7f044dc37d15fc4,MATM91_50001123a96a380d87,低易损混合炸药,能量特性,爆速,7200 ~ 7600 (取决于RDX含量和密度),,7200,7600,m/s,explicit_or_field_specific,,,validated_range,true,,primary_value,爆速,,,,56,EVM91_0c38247c198ba93d79,accepted
PROPM91_df416b510b85e9859c,RELM91_53632a6a2550888547,MATM91_50001123a96a380d87,低易损混合炸药,能量特性,爆温,~2800,2800,,,℃,explicit_or_field_specific,~,,validated_single,true,,primary_value,爆温,~,,,56,EVM91_7051b5865aeca1c4fc,accepted
PROPM91_6e0104cff7576eeeb2,RELM91_2986eae206967f16c8,MATM91_50001123a96a380d87,低易损混合炸药,能量特性,爆压,~22,22,,,GPa,explicit_or_field_specific,~,,validated_single,true,,primary_value,爆压,~,,,56,EVM91_ced50a643341ed337b,accepted
PROPM91_38fa6bf9a7adc2221e,RELM91_fe1fcc58590be2327a,MATM91_50001123a96a380d87,低易损混合炸药,能量特性,爆容,约 850 ~ 950,,850,950,L/kg,explicit_or_field_specific,~,,validated_range,true,,primary_value,爆容,~,,,56,EVM91_9453ca8d6f00ec0b1e,accepted
PROPM91_4fcdef346b40f39518,RELM91_6575b26ca618e0aa50,MATM91_50001123a96a380d87,低易损混合炸药,能量特性,威力,"中等 (约为 1.1 ~ 1.3 倍 TNT 威力,能量密度略低于高能PBX)",,,,,,,中等|低|高,text_only,false,no_reliable_numeric_measurement,,,,,,56,EVM91_b6d410e6e961c39cb2,accepted
PROPM91_cd22474f80cba7746a,RELM91_193ee71d6be584a31e,MATM91_50001123a96a380d87,低易损混合炸药,能量特性,猛度,中等 (铅柱压缩值约 14-17mm),,14,17,mm,explicit_or_field_specific,~,中等,validated_range,true,,primary_value,猛度,~,,,56,EVM91_74f90d6a81d5822883,accepted
PROPM91_2675d3706b52404983,RELM91_548089c9cad15000fb,MATM91_50001123a96a380d87,低易损混合炸药,能量特性,起爆力,"无 (极度不敏感猛炸药, 需强力起爆链)",,,,,,,敏感|不敏感|强|无,text_only,false,no_reliable_numeric_measurement,,,,,,56,EVM91_424195a5dcace5e989,accepted
PROPM91_b94c9a22c3fe3dcfdb,RELM91_56014bd4e0121696e9,MATM91_50001123a96a380d87,低易损混合炸药,能量特性,燃烧速度(发射药、推进剂),"极高压力下才稳定燃烧, 具有优秀的抗烧蚀性",,,,,,,极高|高,qualitative_only,false,no_reliable_numeric_measurement,,,,,,56,EVM91_2959e1e540f4c7aad8,accepted
PROPM91_4b59a0a5113aa729da,RELM91_cb19dc6ed63822a84b,MATM91_50001123a96a380d87,低易损混合炸药,能量特性,火药力(发射药),约 900 ~ 1000 kJ/kg,,900,1000,kJ/kg,explicit_or_field_specific,~,,validated_range,true,,primary_value,火药力(发射药),~,,,56,EVM91_082faf790b0fc82511,accepted
PROPM91_5a7d90cb97daa37232,RELM91_8647f353d2ac87e86b,MATM91_96af7b1956a5a21e40,分子间炸药(共晶炸药),理化性质,密度,1.90 ~ 1.95 (高密度排列),,1.90,1.95,g/cm³,explicit_or_field_specific,,高,validated_range,true,,primary_value,密度,,,,57,EVM91_2114fdfd482b6c2afe,accepted
PROPM91_90a28d9121b099d826,RELM91_35092301101a87a4db,MATM91_96af7b1956a5a21e40,分子间炸药(共晶炸药),理化性质,外观,白色或淡黄色精细结晶粉末,,,,,,,,text_only,false,no_reliable_numeric_measurement,,,,,,57,EVM91_9e3e87360fd9257d4a,accepted
PROPM91_9878cb7770f8759c32,RELM91_ba3fa584de59d1c5a3,MATM91_96af7b1956a5a21e40,分子间炸药(共晶炸药),理化性质,溶解性,"不溶于水, 溶于二甲基亚砜 (DMSO)、丙酮等强极性溶剂",,,,,,,强,text_only,false,no_reliable_numeric_measurement,,,,,,57,EVM91_89d00c0494defda18d,accepted
PROPM91_a7b5a161d7942ac37f,RELM91_46b1369b873c949a7e,MATM91_96af7b1956a5a21e40,分子间炸药(共晶炸药),理化性质,挥发性,极低,,,,,,,低|极低,text_only,false,no_reliable_numeric_measurement,,,,,,57,EVM91_84812061a533f39d65,accepted
PROPM91_2cd6d1d126abd78031,RELM91_251ba2bd371a3e0702,MATM91_96af7b1956a5a21e40,分子间炸药(共晶炸药),安全特性,摩擦感度(需对应不同测试条件),"中等 (比纯CL-20显著降低, 与HMX接近)",,,,,,,中等|低,qualitative_only,false,no_reliable_numeric_measurement,,,,,,57,EVM91_250ebdf1c51ec8fcc8,accepted
PROPM91_6a2f4aec4167ec1fbf,RELM91_9dc1377e6afefd999b,MATM91_96af7b1956a5a21e40,分子间炸药(共晶炸药),安全特性,撞击感度(需对应不同测试条件),"中等 (比纯CL-20钝感, 具有良好的感度平衡)",,,,,,,中等,qualitative_only,false,no_reliable_numeric_measurement,,,,,,57,EVM91_5d337605dcde9be437,accepted
PROPM91_743b875d4606e886f5,RELM91_0d3745e001683e7fa3,MATM91_96af7b1956a5a21e40,分子间炸药(共晶炸药),安全特性,冲击感度,敏感 (需强力传爆药起爆),,,,,,,敏感|强,qualitative_only,false,no_reliable_numeric_measurement,,,,,,57,EVM91_5245e4fce6e274ba3c,accepted
PROPM91_c526d6b7036df75a1d,RELM91_c7bf370dcb0ddc6048,MATM91_96af7b1956a5a21e40,分子间炸药(共晶炸药),安全特性,火焰感度,敏感 (高能量密度导致燃烧剧烈),,,,,,,敏感|高,qualitative_only,false,no_reliable_numeric_measurement,,,,,,57,EVM91_26f8e3c4ec890c1bfc,accepted
PROPM91_f03701c4e1ccc5435a,RELM91_8301b1153f9a2f65f3,MATM91_96af7b1956a5a21e40,分子间炸药(共晶炸药),安全特性,静电感度(需对应不同测试条件),低 (精细结晶利于电荷分散),,,,,,,低,qualitative_only,false,no_reliable_numeric_measurement,,,,,,57,EVM91_d9737a9561c1d63eed,accepted
PROPM91_94aa5f03476d3d1a6d,RELM91_770038cdb7de649022,MATM91_96af7b1956a5a21e40,分子间炸药(共晶炸药),安全特性,热感度(5s爆发点),240 ~ 260 (取决于共晶组分稳定性),,240,260,℃,explicit_or_field_specific,,,validated_range,true,,primary_value,热感度(5s爆发点),,,5,57,EVM91_f50e1c6de29daa189e,accepted
PROPM91_0f1189b3312723099b,RELM91_ca02b53a24e402a7ad,MATM91_96af7b1956a5a21e40,分子间炸药(共晶炸药),安全特性,电火花感度,不敏感,,,,,,,敏感|不敏感,qualitative_only,false,no_reliable_numeric_measurement,,,,,,57,EVM91_0f9a565d4ac7611549,accepted
PROPM91_64123a9d3e7c4d3ddf,RELM91_ad0a29516d08d3b475,MATM91_96af7b1956a5a21e40,分子间炸药(共晶炸药),安全特性,吸湿性,"极小 (晶格致密, 抗吸湿性强)",,,,,,,强|吸湿|极小,text_only,false,no_reliable_numeric_measurement,,,,,,57,EVM91_fa7f28e7b0ef4b5970,accepted
PROPM91_2fc50ddd0da397db9c,RELM91_d05aa9e5fc45a84b34,MATM91_96af7b1956a5a21e40,分子间炸药(共晶炸药),安全特性,分解温度,230°C以上开始分解,230,,,℃,explicit_or_field_specific,,,validated_single,true,,onset_temperature,分解温度,,,,57,EVM91_bc8f10ccc73442ec98,accepted
PROPM91_2624016bec5589e826,RELM91_98fc8d318efbab9993,MATM91_96af7b1956a5a21e40,分子间炸药(共晶炸药),能量特性,爆速,9000 ~ 9500 (极其优异的爆轰性能),,9000,9500,m/s,explicit_or_field_specific,,,validated_range,true,,primary_value,爆速,,,,57,EVM91_d6b53e19ed25f0435b,accepted
PROPM91_a9eb608adf865f77ca,RELM91_05bec89b44b57dcd20,MATM91_96af7b1956a5a21e40,分子间炸药(共晶炸药),能量特性,爆温,~3800,3800,,,℃,explicit_or_field_specific,~,,validated_single,true,,primary_value,爆温,~,,,57,EVM91_5e0494a4ed8fcffa44,accepted
PROPM91_d5741c2cbe72048eef,RELM91_2a36f2f856d1cbd4ca,MATM91_96af7b1956a5a21e40,分子间炸药(共晶炸药),能量特性,爆压,~42,42,,,GPa,explicit_or_field_specific,~,,validated_single,true,,primary_value,爆压,~,,,57,EVM91_b5a48820b0485db037,accepted
PROPM91_0d49b4334f180adde0,RELM91_1ddd5ae2e8bfcc427b,MATM91_96af7b1956a5a21e40,分子间炸药(共晶炸药),能量特性,爆容,约 800 ~ 850,,800,850,L/kg,explicit_or_field_specific,~,,validated_range,true,,primary_value,爆容,~,,,57,EVM91_e2438dd32a0aba21a9,accepted
PROPM91_a428e04e2ded9b46b6,RELM91_385498311911fecef4,MATM91_96af7b1956a5a21e40,分子间炸药(共晶炸药),能量特性,威力,"极强 (约 1.8 ~ 2.0 倍 TNT 威力, 超过单质HMX)",,,,,,,强,text_only,false,no_reliable_numeric_measurement,,,,,,57,EVM91_e600db8fe59d602ad8,accepted
PROPM91_85c95f2bde75fe51cd,RELM91_383705f05ec80b7708,MATM91_96af7b1956a5a21e40,分子间炸药(共晶炸药),能量特性,猛度,极高,,,,,,,极高|高,text_only,false,no_reliable_numeric_measurement,,,,,,57,EVM91_50e56dd643b8d2db40,accepted
PROPM91_cbf8af9949e1edf2d6,RELM91_bbcd97fecf3354e04c,MATM91_96af7b1956a5a21e40,分子间炸药(共晶炸药),能量特性,起爆力,"无 (猛炸药, 需起爆系统)",,,,,,,无,text_only,false,no_reliable_numeric_measurement,,,,,,57,EVM91_3a02e5a50aa13d17f1,accepted
PROPM91_e837dffaceaf5cbd28,RELM91_12d97625347a354018,MATM91_96af7b1956a5a21e40,分子间炸药(共晶炸药),能量特性,燃烧速度(发射药、推进剂),极其剧烈,,,,,,,,qualitative_only,false,no_reliable_numeric_measurement,,,,,,57,EVM91_2677bae0c36901f6e9,accepted
PROPM91_bcfe3eb88976859dbb,RELM91_b0b434543806fa31ef,MATM91_623d2d4a91211e84b8,钝黑铝炸药,理化性质,密度,1.74 ~ 1.78 (压装密度),,1.74,1.78,g/cm³,explicit_or_field_specific,,,validated_range,true,,primary_value,密度,,,,58,EVM91_997aca9b386d55acab,accepted
PROPM91_cfe116438bdfea02af,RELM91_e57a5eb66b40061877,MATM91_623d2d4a91211e84b8,钝黑铝炸药,理化性质,外观,金属灰色颗粒或药块,,,,,,,,text_only,false,no_reliable_numeric_measurement,,,,,,58,EVM91_d5c40441eba77ba712,accepted
PROPM91_5bac33f0270fcc1689,RELM91_4cf7f3a98cdc4ba268,MATM91_623d2d4a91211e84b8,钝黑铝炸药,理化性质,溶解性,"RDX溶于丙酮, 铝粉不溶, 蜡溶于苯或醚类",,,,,,,,text_only,false,no_reliable_numeric_measurement,,,,,,58,EVM91_9e7036ae692bfd6e8b,accepted
PROPM91_e25a30f8e8c529ff0c,RELM91_5e08f5ce9a93a76cce,MATM91_623d2d4a91211e84b8,钝黑铝炸药,理化性质,挥发性,极低,,,,,,,低|极低,text_only,false,no_reliable_numeric_measurement,,,,,,58,EVM91_2ff5eb6afd1d567bb8,accepted
PROPM91_5628148f9021a2205d,RELM91_a2e72776d49168ebdd,MATM91_623d2d4a91211e84b8,钝黑铝炸药,安全特性,摩擦感度(需对应不同测试条件),低 (由于蜡的润滑和包覆作用),,,,,,,低,qualitative_only,false,no_reliable_numeric_measurement,,,,,,58,EVM91_7ea86f5ebddfbaf69d,accepted
PROPM91_d5f279dbe6a134abfc,RELM91_1a2e94e85621db3c51,MATM91_623d2d4a91211e84b8,钝黑铝炸药,安全特性,撞击感度(需对应不同测试条件),"中等偏低 (比单质RDX钝感, 但高于TNT)",,,,,,,中等|低|高,qualitative_only,false,no_reliable_numeric_measurement,,,,,,58,EVM91_dade1c6f2a1cbec2e6,accepted
PROPM91_2aa5af8ee946ce49dc,RELM91_518d1f0fdf6be4f745,MATM91_623d2d4a91211e84b8,钝黑铝炸药,安全特性,冲击感度,不敏感 (需强力传爆药起爆),,,,,,,敏感|不敏感|强,qualitative_only,false,no_reliable_numeric_measurement,,,,,,58,EVM91_b1ab2ab2419c57b6db,accepted
PROPM91_85dc93125593127d3e,RELM91_fcb1b4e72148002be5,MATM91_623d2d4a91211e84b8,钝黑铝炸药,安全特性,火焰感度,"较敏感 (铝粉增加了药剂的热反应活性, 极易引燃)",,,,,,,较敏感|敏感,qualitative_only,false,no_reliable_numeric_measurement,,,,,,58,EVM91_45a16eb4ad0c6cd76f,accepted
PROPM91_5be3533c82e5950078,RELM91_50622b1d3cd1bd8a72,MATM91_623d2d4a91211e84b8,钝黑铝炸药,安全特性,静电感度(需对应不同测试条件),低 (整体导电性能优于非金属炸药),,,,,,,低,qualitative_only,false,no_reliable_numeric_measurement,,,,,,58,EVM91_3b4e5e5615ac6fdab2,accepted
PROPM91_5c228b87ecb82169d2,RELM91_8b9b18a325e767ba4c,MATM91_623d2d4a91211e84b8,钝黑铝炸药,安全特性,热感度(5s爆发点),230 ~ 245 (受RDX组分限制),,230,245,℃,explicit_or_field_specific,,,validated_range,true,,primary_value,热感度(5s爆发点),,,5,58,EVM91_b915275ea8adaf442b,accepted
PROPM91_7e7c509ee2c720d9ba,RELM91_71b26f9aa740a82546,MATM91_623d2d4a91211e84b8,钝黑铝炸药,安全特性,电火花感度,不敏感,,,,,,,敏感|不敏感,qualitative_only,false,no_reliable_numeric_measurement,,,,,,58,EVM91_dedab7a3dc46fd7bf5,accepted
PROPM91_0117c08e577107f7de,RELM91_ed153abaf25753f60c,MATM91_623d2d4a91211e84b8,钝黑铝炸药,安全特性,吸湿性,较小 (石蜡具有良好的防潮作用),,,,,,,,text_only,false,no_reliable_numeric_measurement,,,,,,58,EVM91_108435a0f8f5898167,accepted
PROPM91_5d46ded95e03b16298,RELM91_286fffe51e60e3d8ad,MATM91_623d2d4a91211e84b8,钝黑铝炸药,安全特性,熔点,~204 (RDX组分熔点),204,,,℃,explicit_or_field_specific,~,,validated_single,true,,primary_value,熔点,~,,,58,EVM91_f5c139b1dfb3f9859a,accepted
PROPM91_326192501910889482,RELM91_50b73fd42ed9ab0760,MATM91_623d2d4a91211e84b8,钝黑铝炸药,安全特性,分解温度,> 200 (开始缓慢分解),200,,,℃,explicit_or_field_specific,>,,validated_single,true,,onset_temperature,分解温度,>,,,58,EVM91_9ac443eb0f7a6dae9c,accepted
PROPM91_56efd38a26773352c3,RELM91_20e600ba3bdff829c2,MATM91_623d2d4a91211e84b8,钝黑铝炸药,能量特性,爆速,7300 ~ 7600 (取决于密度和铝粉粒径),,7300,7600,m/s,explicit_or_field_specific,,,validated_range,true,,primary_value,爆速,,,,58,EVM91_9fdb5975564d6c4dc9,accepted
PROPM91_3f4e76dd1ad9f0f6d7,RELM91_fcff9761ad80627f35,MATM91_623d2d4a91211e84b8,钝黑铝炸药,能量特性,爆温,~4000 (铝粉二次反应产生极高热能),4000,,,℃,explicit_or_field_specific,~,极高|高,validated_single,true,,primary_value,爆温,~,,,58,EVM91_bf4b32767ab0eac0a0,accepted
PROPM91_4e174211e624edfe56,RELM91_a27723dd1531d843fa,MATM91_623d2d4a91211e84b8,钝黑铝炸药,能量特性,爆压,~25,25,,,GPa,explicit_or_field_specific,~,,validated_single,true,,primary_value,爆压,~,,,58,EVM91_0860d919b1e4eb76cd,accepted
PROPM91_7aba2322c332216cee,RELM91_7c8728a6ad2669a5f7,MATM91_623d2d4a91211e84b8,钝黑铝炸药,能量特性,爆容,约 700 ~ 800,,700,800,L/kg,explicit_or_field_specific,~,,validated_range,true,,primary_value,爆容,~,,,58,EVM91_2f915e1ca3a30b1fb3,accepted
PROPM91_7cf1d1f16fda779e9a,RELM91_969049c6ac04925cab,MATM91_623d2d4a91211e84b8,钝黑铝炸药,能量特性,威力,"极强 (由于铝热反应, 做功威力可达 1.5 倍 TNT 左右)",,,,,,,强,text_only,false,no_reliable_numeric_measurement,,,,,,58,EVM91_20ab52ea19991a1300,accepted
PROPM91_231b6b72bc906d87de,RELM91_9569d4a155fd27731d,MATM91_623d2d4a91211e84b8,钝黑铝炸药,能量特性,猛度,高 (铅柱压缩值约 17-20mm),,17,20,mm,explicit_or_field_specific,~,高,validated_range,true,,primary_value,猛度,~,,,58,EVM91_3c9b105205ec3f71ac,accepted
PROPM91_2b289331ee816e12ca,RELM91_a91771c53393081aa1,MATM91_623d2d4a91211e84b8,钝黑铝炸药,能量特性,起爆力,"无 (猛炸药, 需起爆药激发)",,,,,,,无,text_only,false,no_reliable_numeric_measurement,,,,,,58,EVM91_1d8d70c2d4b4619887,accepted
PROPM91_01afd30309f74b8d3f,RELM91_0bdc5e73b73b9d348e,MATM91_623d2d4a91211e84b8,钝黑铝炸药,能量特性,燃烧速度(发射药、推进剂),"燃烧剧烈, 伴随高温白光",,,,,,,高,qualitative_only,false,no_reliable_numeric_measurement,,,,,,58,EVM91_de440b258585eab101,accepted
PROPM91_61bccdefaa255011d4,RELM91_0d28a02f3c4cb34044,MATM91_fd2a37bc77882d7422,聚黑铝-2高炸药,理化性质,密度,1.78 ~ 1.84 (压装密度),,1.78,1.84,g/cm³,explicit_or_field_specific,,,validated_range,true,,primary_value,密度,,,,59,EVM91_e59aef86fc4c3228d3,accepted
PROPM91_89a50679fb18a607b6,RELM91_0b24a8edca71837db7,MATM91_fd2a37bc77882d7422,聚黑铝-2高炸药,理化性质,外观,暗灰色均匀颗粒或坚硬固体药块,,,,,,,,text_only,false,no_reliable_numeric_measurement,,,,,,59,EVM91_9adc1f4ddd67bc24c1,accepted
PROPM91_7a696e4e115e077670,RELM91_c32cd54b6043906ae7,MATM91_fd2a37bc77882d7422,聚黑铝-2高炸药,理化性质,溶解性,RDX溶于丙酮; 铝粉不溶; 粘结剂溶于特定有机溶剂,,,,,,,,text_only,false,no_reliable_numeric_measurement,,,,,,59,EVM91_f226e67c82a7d6a813,accepted
PROPM91_3b35b7dbc5e63a884f,RELM91_cef19bfe47054bec1a,MATM91_fd2a37bc77882d7422,聚黑铝-2高炸药,理化性质,挥发性,极低,,,,,,,低|极低,text_only,false,no_reliable_numeric_measurement,,,,,,59,EVM91_1c44a852b323205b2e,accepted
PROPM91_0af257204ef58d300a,RELM91_f8b6aa328403928ee9,MATM91_fd2a37bc77882d7422,聚黑铝-2高炸药,安全特性,摩擦感度(需对应不同测试条件),低 (聚合物包覆显著缓冲机械摩擦),,,,,,,低,qualitative_only,false,no_reliable_numeric_measurement,,,,,,59,EVM91_9231a4928a50d77663,accepted
PROPM91_3b1e8372c000a15af0,RELM91_807b2c71e878f9ec2c,MATM91_fd2a37bc77882d7422,聚黑铝-2高炸药,安全特性,撞击感度(需对应不同测试条件),"中等偏低 (由于PBX化, 感度远低于单质黑索今)",,,,,,,中等|低,qualitative_only,false,no_reliable_numeric_measurement,,,,,,59,EVM91_7af77e54cd648658ae,accepted
PROPM91_851623b73df58d5b09,RELM91_9f0131f72dd3858e29,MATM91_fd2a37bc77882d7422,聚黑铝-2高炸药,安全特性,冲击感度,不敏感 (需通过强力传爆系统激发),,,,,,,敏感|不敏感|强,qualitative_only,false,no_reliable_numeric_measurement,,,,,,59,EVM91_b3c3bf96eb80a18f55,accepted
PROPM91_8522b32f797aa203ab,RELM91_df05a379ca6c806005,MATM91_fd2a37bc77882d7422,聚黑铝-2高炸药,安全特性,火焰感度,敏感 (铝粉的高活性导致引燃极其迅速且热效应剧烈),,,,,,,敏感|高,qualitative_only,false,no_reliable_numeric_measurement,,,,,,59,EVM91_4c5bbc34f9c70a0331,accepted
PROPM91_01b7bf7c830b975aaf,RELM91_e359bdf23db2cefd53,MATM91_fd2a37bc77882d7422,聚黑铝-2高炸药,安全特性,静电感度(需对应不同测试条件),低 (导电铝粉降低了静电积聚风险),,,,,,,低,qualitative_only,false,no_reliable_numeric_measurement,,,,,,59,EVM91_9e3765cd70621e2656,accepted
PROPM91_72a096eb145e64c038,RELM91_9cdbc284fb82fe7df6,MATM91_fd2a37bc77882d7422,聚黑铝-2高炸药,安全特性,热感度(5s爆发点),235 ~ 245 (受RDX组分限制),,235,245,℃,explicit_or_field_specific,,,validated_range,true,,primary_value,热感度(5s爆发点),,,5,59,EVM91_f6970bfea4f1226923,accepted
PROPM91_841127bc421d1d40e0,RELM91_8b6a11aaa3e377ff27,MATM91_fd2a37bc77882d7422,聚黑铝-2高炸药,安全特性,电火花感度,不敏感,,,,,,,敏感|不敏感,qualitative_only,false,no_reliable_numeric_measurement,,,,,,59,EVM91_457d10de6d8da9ae05,accepted
PROPM91_9efbf2d9352623cc70,RELM91_142e7db7fefab989ff,MATM91_fd2a37bc77882d7422,聚黑铝-2高炸药,安全特性,吸湿性,极小 (良好的耐候性和防潮性),,,,,,,极小,text_only,false,no_reliable_numeric_measurement,,,,,,59,EVM91_75389dafd147fcd7dc,accepted
PROPM91_079def5dcb96e0ecde,RELM91_57cd8236728244abd6,MATM91_fd2a37bc77882d7422,聚黑铝-2高炸药,安全特性,熔点,~204 (RDX熔点并开始分解),204,,,℃,explicit_or_field_specific,~,,validated_single,true,,onset_temperature,熔点,~,,,59,EVM91_df09bb04ee0b8a99ae,accepted
PROPM91_1f8439b43c5fa876a9,RELM91_ac6851f9459e6ca43e,MATM91_fd2a37bc77882d7422,聚黑铝-2高炸药,安全特性,分解温度,> 210 (开始显著分解),210,,,℃,explicit_or_field_specific,>,,validated_single,true,,onset_temperature,分解温度,>,,,59,EVM91_73fed4897df8e1ddd1,accepted
PROPM91_ac372167b4c5fd8032,RELM91_e7aa6a13d69d094c93,MATM91_fd2a37bc77882d7422,聚黑铝-2高炸药,能量特性,爆速,7500 ~ 7800 (取决于组分配比和密度),,7500,7800,m/s,explicit_or_field_specific,,,validated_range,true,,primary_value,爆速,,,,59,EVM91_bc5bfd7f90e572339f,accepted
PROPM91_e1393ea3c7315d7e1d,RELM91_884892a88249c09193,MATM91_fd2a37bc77882d7422,聚黑铝-2高炸药,能量特性,爆温,"~4200 (极高温, 铝热反应显著贡献)",4200,,,℃,explicit_or_field_specific,~,极高|高,validated_single,true,,primary_value,爆温,~,,,59,EVM91_bc28dc99a279ace8f2,accepted
PROPM91_8fdaf396a2e8abac86,RELM91_60859763e78cc06e84,MATM91_fd2a37bc77882d7422,聚黑铝-2高炸药,能量特性,爆压,~28,28,,,GPa,explicit_or_field_specific,~,,validated_single,true,,primary_value,爆压,~,,,59,EVM91_f92be491778585a51c,accepted
PROPM91_5fa0a3b31d14c15133,RELM91_efd14b2e6acb15fce1,MATM91_fd2a37bc77882d7422,聚黑铝-2高炸药,能量特性,爆容,约 800,800,,,L/kg,explicit_or_field_specific,~,,validated_single,true,,primary_value,爆容,~,,,59,EVM91_1d8689efc8852ef2dc,accepted
PROPM91_085d853c41b1194770,RELM91_e30996d509222fade8,MATM91_fd2a37bc77882d7422,聚黑铝-2高炸药,能量特性,威力,"威力极强 (由于铝粉二次反应, 做功威力 > 1.6 倍 TNT)",,,,,,,强,text_only,false,no_reliable_numeric_measurement,,,,,,59,EVM91_bd7bde227306af17f5,accepted
PROPM91_a284b55cad306eb938,RELM91_49de425fc573408502,MATM91_fd2a37bc77882d7422,聚黑铝-2高炸药,能量特性,猛度,极高,,,,,,,极高|高,text_only,false,no_reliable_numeric_measurement,,,,,,59,EVM91_43cbd5f24038020934,accepted
PROPM91_a44b7c78dbc0ced248,RELM91_986be89a9fadd22ef8,MATM91_fd2a37bc77882d7422,聚黑铝-2高炸药,能量特性,起爆力,"无 (猛炸药, 需起爆药激发)",,,,,,,无,text_only,false,no_reliable_numeric_measurement,,,,,,59,EVM91_9175965c6d53fb15a0,accepted
PROPM91_0b7a7053e836256fbb,RELM91_dd9794526f2f136d4e,MATM91_fd2a37bc77882d7422,聚黑铝-2高炸药,能量特性,燃烧速度(发射药、推进剂),"剧烈燃烧, 伴随高温刺眼白光",,,,,,,高,qualitative_only,false,no_reliable_numeric_measurement,,,,,,59,EVM91_5579b31283d2b59b05,accepted
PROPM91_dbaa36af0d88b72edf,RELM91_2b6a2a0eab7250033a,MATM91_d29b5d2a913fc612e6,聚黑铝-3炸药(A型),理化性质,密度,1.75 ~ 1.80 (压装密度),,1.75,1.80,g/cm³,explicit_or_field_specific,,,validated_range,true,,primary_value,密度,,,,60,EVM91_9934b21ffc780d92e8,accepted
PROPM91_7f3e4695d9b9f3e7ed,RELM91_c0e941ee87d943652b,MATM91_d29b5d2a913fc612e6,聚黑铝-3炸药(A型),理化性质,外观,灰色均匀结晶颗粒/药柱,,,,,,,,text_only,false,no_reliable_numeric_measurement,,,,,,60,EVM91_e74c49b0a187e38e37,accepted
PROPM91_8c9e2286797214d68f,RELM91_e4aeb987e2753d4948,MATM91_d29b5d2a913fc612e6,聚黑铝-3炸药(A型),理化性质,溶解性,RDX溶于丙酮; 铝粉不溶; 粘结剂溶于特定溶剂,,,,,,,,text_only,false,no_reliable_numeric_measurement,,,,,,60,EVM91_1194e6e35f0aab788f,accepted
PROPM91_bde3330f2475967eae,RELM91_44e7b13bb382682661,MATM91_d29b5d2a913fc612e6,聚黑铝-3炸药(A型),理化性质,挥发性,极低,,,,,,,低|极低,text_only,false,no_reliable_numeric_measurement,,,,,,60,EVM91_adf01faf8d1851f5c1,accepted
PROPM91_87fcd2da060753473e,RELM91_b9a7f3ab7336df811e,MATM91_d29b5d2a913fc612e6,聚黑铝-3炸药(A型),安全特性,摩擦感度(需对应不同测试条件),低 (聚合物包覆提供了极佳的摩擦保护),,,,,,,低,qualitative_only,false,no_reliable_numeric_measurement,,,,,,60,EVM91_5f9602ed2974a3d7e5,accepted
PROPM91_3e258d3ac05c634d39,RELM91_4d65d93c8da47d3dba,MATM91_d29b5d2a913fc612e6,聚黑铝-3炸药(A型),安全特性,撞击感度(需对应不同测试条件),"较低 (2kg落锤, 爆炸概率 < 20%; 属于钝感猛炸药)",20,,,%,explicit_or_field_specific,<,较低|低,validated_single,true,,explosion_probability,,<,2,,60,EVM91_756a32c9cdc54a3b30,accepted
PROPM91_7d1737ec5f9f599bec,RELM91_7c59e8648e29aff935,MATM91_d29b5d2a913fc612e6,聚黑铝-3炸药(A型),安全特性,冲击感度,不敏感 (需通过强力传爆药起爆),,,,,,,敏感|不敏感|强,qualitative_only,false,no_reliable_numeric_measurement,,,,,,60,EVM91_ec70c4854d2d42c627,accepted
PROPM91_5f1cdbb3d110462893,RELM91_aab7cce7a0b758701f,MATM91_d29b5d2a913fc612e6,聚黑铝-3炸药(A型),安全特性,火焰感度,"中等 (含铝粉导致引燃活性较高, 燃烧剧烈)",,,,,,,中等|高,qualitative_only,false,no_reliable_numeric_measurement,,,,,,60,EVM91_1359677b34d68c4944,accepted
PROPM91_04a69f9733892e6325,RELM91_550c17ad1711ee781a,MATM91_d29b5d2a913fc612e6,聚黑铝-3炸药(A型),安全特性,静电感度(需对应不同测试条件),低 (良好的抗静电性能),,,,,,,低,qualitative_only,false,no_reliable_numeric_measurement,,,,,,60,EVM91_43a159fcd4b7f3886c,accepted
PROPM91_47fbc4047253ad4ca8,RELM91_913e315a680ebb198e,MATM91_d29b5d2a913fc612e6,聚黑铝-3炸药(A型),安全特性,热感度(5s爆发点),230 ~ 245 (受RDX热分解点限制),,230,245,℃,explicit_or_field_specific,,,validated_range,true,,primary_value,热感度(5s爆发点),,,5,60,EVM91_fdad6f9614d1398552,accepted
PROPM91_260058bc107db1fea8,RELM91_5f86d037604a38ba87,MATM91_d29b5d2a913fc612e6,聚黑铝-3炸药(A型),安全特性,电火花感度,不敏感,,,,,,,敏感|不敏感,qualitative_only,false,no_reliable_numeric_measurement,,,,,,60,EVM91_fa3f249a04bfbcd722,accepted
PROPM91_355af60daeaa9449fe,RELM91_4ce2f819befae21895,MATM91_d29b5d2a913fc612e6,聚黑铝-3炸药(A型),安全特性,吸湿性,极小,,,,,,,极小,text_only,false,no_reliable_numeric_measurement,,,,,,60,EVM91_1a5ca5beddb5701535,accepted
PROPM91_0122f1791916ff940b,RELM91_0cf266074aeb351f8f,MATM91_d29b5d2a913fc612e6,聚黑铝-3炸药(A型),安全特性,熔点,~204 (RDX熔点),204,,,℃,explicit_or_field_specific,~,,validated_single,true,,primary_value,熔点,~,,,60,EVM91_d2f56c2828a3648a39,accepted
PROPM91_4637ac1a42137ecaa0,RELM91_c0a1c49a9479ba9c29,MATM91_d29b5d2a913fc612e6,聚黑铝-3炸药(A型),安全特性,分解温度,> 210 (开始显著分解),210,,,℃,explicit_or_field_specific,>,,validated_single,true,,onset_temperature,分解温度,>,,,60,EVM91_21a80d33961fc2dd80,accepted
PROPM91_05e13df0ee1b63e9fc,RELM91_7f27e1605b2e028c7d,MATM91_d29b5d2a913fc612e6,聚黑铝-3炸药(A型),能量特性,爆速,7600 ~ 7800 (取决于密度和RDX含量),,7600,7800,m/s,explicit_or_field_specific,,,validated_range,true,,primary_value,爆速,,,,60,EVM91_86c9c97117e31f7928,accepted
PROPM91_c42efd3b4bc0f83ed3,RELM91_9bd16c42801476d685,MATM91_d29b5d2a913fc612e6,聚黑铝-3炸药(A型),能量特性,爆温,~3900 (铝粉二次反应显著放热),3900,,,℃,explicit_or_field_specific,~,,validated_single,true,,primary_value,爆温,~,,,60,EVM91_e6e8db8fbad34aef46,accepted
PROPM91_e9e8a4473a5d2029b8,RELM91_e69eac12c6c2ec117e,MATM91_d29b5d2a913fc612e6,聚黑铝-3炸药(A型),能量特性,爆压,~28,28,,,GPa,explicit_or_field_specific,~,,validated_single,true,,primary_value,爆压,~,,,60,EVM91_42a01793ec6e246566,accepted
PROPM91_34893e97d5927ce308,RELM91_ee175c5e38f04b825c,MATM91_d29b5d2a913fc612e6,聚黑铝-3炸药(A型),能量特性,爆容,约 800,800,,,L/kg,explicit_or_field_specific,~,,validated_single,true,,primary_value,爆容,~,,,60,EVM91_faecba7a2af32c0fb1,accepted
PROPM91_d8592edffc8ad87699,RELM91_4b7e7fcee1c056494b,MATM91_d29b5d2a913fc612e6,聚黑铝-3炸药(A型),能量特性,威力,强 (约 1.4 - 1.5 倍 TNT 威力; 高于同密度TNT),,,,,,,强|高,text_only,false,no_reliable_numeric_measurement,,,,,,60,EVM91_8710f03d0ade2b4646,accepted
PROPM91_82b2ba48bcc28bee24,RELM91_0688081139534f6ae4,MATM91_d29b5d2a913fc612e6,聚黑铝-3炸药(A型),能量特性,猛度,高 (铅柱压缩值约 18-21mm),,18,21,mm,explicit_or_field_specific,~,高,validated_range,true,,primary_value,猛度,~,,,60,EVM91_912c6b0ca09d4cc3a6,accepted
PROPM91_73f9c89be7edfb5c27,RELM91_63cdf4631a00c0a92b,MATM91_d29b5d2a913fc612e6,聚黑铝-3炸药(A型),能量特性,起爆力,"无 (猛炸药, 需起爆系统激发)",,,,,,,无,text_only,false,no_reliable_numeric_measurement,,,,,,60,EVM91_6d0a88cd722e80f683,accepted
PROPM91_0106e91637a658de8c,RELM91_750899b851d572bc19,MATM91_d29b5d2a913fc612e6,聚黑铝-3炸药(A型),能量特性,燃烧速度(发射药、推进剂),稳定剧烈燃烧,,,,,,,,qualitative_only,false,no_reliable_numeric_measurement,,,,,,60,EVM91_b0e8d01849030d7f35,accepted
PROPM91_1464cb7a4a7279f1d7,RELM91_84795cd516e6067ffe,MATM91_0553d4ba7050e519c2,聚黑铝-3炸药(B型),理化性质,密度,"1.78 ~ 1.83 (由于铝粉比例高,密度略大)",,1.78,1.83,g/cm³,explicit_or_field_specific,,高,validated_range,true,,primary_value,密度,,,,61,EVM91_346ce5914bc096da22,accepted
PROPM91_358dbac50b58b83299,RELM91_0e302ce512b4868186,MATM91_0553d4ba7050e519c2,聚黑铝-3炸药(B型),理化性质,外观,暗灰色均匀颗粒/药柱,,,,,,,,text_only,false,no_reliable_numeric_measurement,,,,,,61,EVM91_a46b159131418c1600,accepted
PROPM91_37c06b060a341409ba,RELM91_b585b9dc441a98581f,MATM91_0553d4ba7050e519c2,聚黑铝-3炸药(B型),理化性质,溶解性,RDX溶于丙酮; 铝粉不溶; 粘结剂溶于特定溶剂,,,,,,,,text_only,false,no_reliable_numeric_measurement,,,,,,61,EVM91_11cc59483cb7d75590,accepted
PROPM91_3534e78aa6ad149f27,RELM91_f8d022c2cd0c2ef680,MATM91_0553d4ba7050e519c2,聚黑铝-3炸药(B型),理化性质,挥发性,极低,,,,,,,低|极低,text_only,false,no_reliable_numeric_measurement,,,,,,61,EVM91_7a7a6ac77da8da5819,accepted
PROPM91_9b2cc543b9822301b0,RELM91_32d12f2dfcf78e4620,MATM91_0553d4ba7050e519c2,聚黑铝-3炸药(B型),安全特性,摩擦感度(需对应不同测试条件),低,,,,,,,低,qualitative_only,false,no_reliable_numeric_measurement,,,,,,61,EVM91_d61d5537afa838d49a,accepted
PROPM91_a9adb02e12c1db62e9,RELM91_4f4d525c400416ae46,MATM91_0553d4ba7050e519c2,聚黑铝-3炸药(B型),安全特性,撞击感度(需对应不同测试条件),较低,,,,,,,较低|低,qualitative_only,false,no_reliable_numeric_measurement,,,,,,61,EVM91_3f168846194d134cf0,accepted
PROPM91_2b7da94bf988887560,RELM91_d28bce73a7f3e422a3,MATM91_0553d4ba7050e519c2,聚黑铝-3炸药(B型),安全特性,冲击感度,不敏感 (需强力起爆能量),,,,,,,敏感|不敏感|强,qualitative_only,false,no_reliable_numeric_measurement,,,,,,61,EVM91_4979a2954acf28515e,accepted
PROPM91_e7aef5f545d9a1af93,RELM91_37a082f22eb1faebbf,MATM91_0553d4ba7050e519c2,聚黑铝-3炸药(B型),安全特性,火焰感度,"较敏感 (铝粉含量更高, 热效应更剧烈)",,,,,,,较敏感|敏感|高,qualitative_only,false,no_reliable_numeric_measurement,,,,,,61,EVM91_c7c8aa918db1d78ea9,accepted
PROPM91_b182e4cfa8a8775c58,RELM91_76d83b8b87619bed30,MATM91_0553d4ba7050e519c2,聚黑铝-3炸药(B型),安全特性,静电感度(需对应不同测试条件),低,,,,,,,低,qualitative_only,false,no_reliable_numeric_measurement,,,,,,61,EVM91_c272df64649d0acb67,accepted
PROPM91_7bda147869fa6310c0,RELM91_4b2533935d2aa8cc41,MATM91_0553d4ba7050e519c2,聚黑铝-3炸药(B型),安全特性,热感度(5s爆发点),230 ~ 245,,230,245,℃,explicit_or_field_specific,,,validated_range,true,,primary_value,热感度(5s爆发点),,,5,61,EVM91_25cd35b51fd656caed,accepted
PROPM91_3ac33428f99cae368d,RELM91_77e2b08e7842225ee1,MATM91_0553d4ba7050e519c2,聚黑铝-3炸药(B型),安全特性,电火花感度,不敏感,,,,,,,敏感|不敏感,qualitative_only,false,no_reliable_numeric_measurement,,,,,,61,EVM91_0319c761cb95bf8d63,accepted
PROPM91_7a85045eb10929e94a,RELM91_8715aa7c1d356cc4af,MATM91_0553d4ba7050e519c2,聚黑铝-3炸药(B型),安全特性,吸湿性,极小,,,,,,,极小,text_only,false,no_reliable_numeric_measurement,,,,,,61,EVM91_e18aee2d7b3705ab87,accepted
PROPM91_df0fa8c79da636b796,RELM91_734b676e3794ef46e9,MATM91_0553d4ba7050e519c2,聚黑铝-3炸药(B型),安全特性,熔点,~204 (RDX熔点),204,,,℃,explicit_or_field_specific,~,,validated_single,true,,primary_value,熔点,~,,,61,EVM91_ec3418b6918ffbf946,accepted
PROPM91_b218d0183f00d8e374,RELM91_6ce0b020added993b9,MATM91_0553d4ba7050e519c2,聚黑铝-3炸药(B型),安全特性,分解温度,> 210,210,,,℃,explicit_or_field_specific,>,,validated_single,true,,primary_value,分解温度,>,,,61,EVM91_7b1a6b99c143c25430,accepted
PROPM91_3368973d984d4b3b8c,RELM91_4638ba98b2cd4c6d13,MATM91_0553d4ba7050e519c2,聚黑铝-3炸药(B型),能量特性,爆速,"7300 ~ 7500 (由于RDX含量低, 爆速较A型低)",,7300,7500,m/s,explicit_or_field_specific,,低,validated_range,true,,primary_value,爆速,,,,61,EVM91_a23fe2c99e50a772d7,accepted
PROPM91_67e152e69397d4e76c,RELM91_dbe1f1416ae0f6071b,MATM91_0553d4ba7050e519c2,聚黑铝-3炸药(B型),能量特性,爆温,"~4100 (由于铝粉含量高, 爆温和二次反应更强)",4100,,,℃,explicit_or_field_specific,~,强|高,validated_single,true,,primary_value,爆温,~,,,61,EVM91_a6e8579416fb3f7865,accepted
PROPM91_23a43417cdbe962877,RELM91_0fb51a33f145e51dd0,MATM91_0553d4ba7050e519c2,聚黑铝-3炸药(B型),能量特性,爆压,~25,25,,,GPa,explicit_or_field_specific,~,,validated_single,true,,primary_value,爆压,~,,,61,EVM91_f11516d79069ee4837,accepted
PROPM91_02185ebfa1b5951f6f,RELM91_8f80e02a5b804e63d9,MATM91_0553d4ba7050e519c2,聚黑铝-3炸药(B型),能量特性,爆容,约 780,780,,,L/kg,explicit_or_field_specific,~,,validated_single,true,,primary_value,爆容,~,,,61,EVM91_e2d3621a0460e8ac18,accepted
PROPM91_0ed70aeaa08830df12,RELM91_68f59f205bb1638e46,MATM91_0553d4ba7050e519c2,聚黑铝-3炸药(B型),能量特性,威力,"极强 (做功能力和热效应超过A型, 约 1.5 - 1.6 倍 TNT)",,,,,,,强,text_only,false,no_reliable_numeric_measurement,,,,,,61,EVM91_d384371964b86c7d63,accepted
PROPM91_1c66e185b673427b4b,RELM91_a8dd87f80bcc322456,MATM91_0553d4ba7050e519c2,聚黑铝-3炸药(B型),能量特性,猛度,高,,,,,,,高,text_only,false,no_reliable_numeric_measurement,,,,,,61,EVM91_d16cb41389ac632b96,accepted
PROPM91_3e1c8f530e812c936c,RELM91_be53fbf30aa9de93a2,MATM91_0553d4ba7050e519c2,聚黑铝-3炸药(B型),能量特性,燃烧速度(发射药、推进剂),"剧烈燃烧, 产生极高热量",,,,,,,极高|高,qualitative_only,false,no_reliable_numeric_measurement,,,,,,61,EVM91_cc200bc0e4febac8af,accepted
PROPM91_fd9e63d6d4cbf73d28,RELM91_bc1f087270bccb0c9e,MATM91_c00613185fda6250c0,钝黑梯-1炸药,理化性质,密度,1.67 ~ 1.72 (熔铸密度),,1.67,1.72,g/cm³,explicit_or_field_specific,,,validated_range,true,,primary_value,密度,,,,62,EVM91_b320749c95e789e59c,accepted
PROPM91_d629fbec4fd084beff,RELM91_da51c750dc32b007e2,MATM91_c00613185fda6250c0,钝黑梯-1炸药,理化性质,外观,淡黄色或黄色固体块状,,,,,,,,text_only,false,no_reliable_numeric_measurement,,,,,,62,EVM91_e3320f55cfbc936502,accepted
PROPM91_e16a2b04d98e126303,RELM91_aa7fdb34f6593f4303,MATM91_c00613185fda6250c0,钝黑梯-1炸药,理化性质,溶解性,TNT溶于苯、丙酮; RDX溶于丙酮; 不溶于水,,,,,,,,text_only,false,no_reliable_numeric_measurement,,,,,,62,EVM91_c8beb00d459a872829,accepted
PROPM91_5d868c70c28f37877f,RELM91_6e8ff66f21fa0dd31d,MATM91_c00613185fda6250c0,钝黑梯-1炸药,理化性质,挥发性,极低,,,,,,,低|极低,text_only,false,no_reliable_numeric_measurement,,,,,,62,EVM91_aad35d28c3413ca9fa,accepted
PROPM91_9a644d1fef1b5994eb,RELM91_9735015571efe3048f,MATM91_c00613185fda6250c0,钝黑梯-1炸药,安全特性,摩擦感度(需对应不同测试条件),较低 (由于TNT的稀释和石蜡的润滑包覆作用),,,,,,,较低|低,qualitative_only,false,no_reliable_numeric_measurement,,,,,,62,EVM91_ffe932086f66766cc5,accepted
PROPM91_ce8231a2c79765d93e,RELM91_93d1652c0efb16cea9,MATM91_c00613185fda6250c0,钝黑梯-1炸药,安全特性,撞击感度(需对应不同测试条件),"中等 (比单质RDX钝感, 但高于TNT)",,,,,,,中等|高,qualitative_only,false,no_reliable_numeric_measurement,,,,,,62,EVM91_d797674e3e17149bdd,accepted
PROPM91_ec35b09c57f1e92f69,RELM91_626dd9769f57dd888c,MATM91_c00613185fda6250c0,钝黑梯-1炸药,安全特性,冲击感度,敏感 (需通过传爆药柱激发),,,,,,,敏感,qualitative_only,false,no_reliable_numeric_measurement,,,,,,62,EVM91_ad0760d20d7c6f0a5a,accepted
PROPM91_2bfb72ffd1e4197906,RELM91_8709c85a6bc3a7d66c,MATM91_c00613185fda6250c0,钝黑梯-1炸药,安全特性,火焰感度,"较敏感 (易被引燃, 严防在封闭条件下由燃烧转爆轰)",,,,,,,较敏感|敏感,qualitative_only,false,no_reliable_numeric_measurement,,,,,,62,EVM91_954dfa3049a416d5d3,accepted
PROPM91_14efffd3800ea78359,RELM91_ff08e1ab6caefbe3f3,MATM91_c00613185fda6250c0,钝黑梯-1炸药,安全特性,静电感度(需对应不同测试条件),低 (良好的抗静电稳定性),,,,,,,低,qualitative_only,false,no_reliable_numeric_measurement,,,,,,62,EVM91_173bcc2822881a43dc,accepted
PROPM91_96a1f081e95963a5bc,RELM91_d270f77b5b2eeabec3,MATM91_c00613185fda6250c0,钝黑梯-1炸药,安全特性,热感度(5s爆发点),230 ~ 240 (主要受RDX组分稳定性控制),,230,240,℃,explicit_or_field_specific,,,validated_range,true,,primary_value,热感度(5s爆发点),,,5,62,EVM91_b4db95e83294a58f2d,accepted
PROPM91_d5c26c33a9ea544781,RELM91_ea1c285cce2d5046c8,MATM91_c00613185fda6250c0,钝黑梯-1炸药,安全特性,电火花感度,不敏感,,,,,,,敏感|不敏感,qualitative_only,false,no_reliable_numeric_measurement,,,,,,62,EVM91_8098fff604c29c6c29,accepted
PROPM91_05c759835b2305b07e,RELM91_8edd4a9c4c805ddabb,MATM91_c00613185fda6250c0,钝黑梯-1炸药,安全特性,吸湿性,极小 (石蜡层具有良好的防潮作用),,,,,,,极小,text_only,false,no_reliable_numeric_measurement,,,,,,62,EVM91_fb1a5507f80695ae37,accepted
PROPM91_6bef29b1b382e5c220,RELM91_c4781f259adc5dffb3,MATM91_c00613185fda6250c0,钝黑梯-1炸药,安全特性,熔点,"~80 (TNT组分开始熔化, 用于熔铸工艺)",80,,,℃,explicit_or_field_specific,~,,validated_single,true,,onset_temperature,熔点,~,,,62,EVM91_768cf508901e4de3cf,accepted
PROPM91_324eab7ae7b971a893,RELM91_3c7dda9cb62eb47222,MATM91_c00613185fda6250c0,钝黑梯-1炸药,安全特性,分解温度,> 200 (开始缓慢分解),200,,,℃,explicit_or_field_specific,>,,validated_single,true,,onset_temperature,分解温度,>,,,62,EVM91_242b7c0fc3ff10c6a3,accepted
PROPM91_0f1827e137e348da0a,RELM91_b8a08b7e8d316e86ab,MATM91_c00613185fda6250c0,钝黑梯-1炸药,能量特性,爆速,7800 ~ 8000 (取决于RDX含量及装药密度),,7800,8000,m/s,explicit_or_field_specific,,,validated_range,true,,primary_value,爆速,,,,62,EVM91_eb04329a3ab22c2915,accepted
PROPM91_14b51e92f1b879ee07,RELM91_ba91fdc64721b14dd9,MATM91_c00613185fda6250c0,钝黑梯-1炸药,能量特性,爆温,~3250,3250,,,℃,explicit_or_field_specific,~,,validated_single,true,,primary_value,爆温,~,,,62,EVM91_7a1bd46cd6cdc6da76,accepted
PROPM91_285c0cab57349720a5,RELM91_8fdf39393af2093967,MATM91_c00613185fda6250c0,钝黑梯-1炸药,能量特性,爆压,~27,27,,,GPa,explicit_or_field_specific,~,,validated_single,true,,primary_value,爆压,~,,,62,EVM91_cc20fa5d54e7e41194,accepted
PROPM91_08cf6244bd622c9f32,RELM91_e961569a78481466b9,MATM91_c00613185fda6250c0,钝黑梯-1炸药,能量特性,爆容,约 850,850,,,L/kg,explicit_or_field_specific,~,,validated_single,true,,primary_value,爆容,~,,,62,EVM91_b0f47f5414406a01a6,accepted
PROPM91_d6d59ccb48a4c218ec,RELM91_abcb29a111409bb1b7,MATM91_c00613185fda6250c0,钝黑梯-1炸药,能量特性,威力,强 (约 1.4 倍 TNT 威力; 是高能主装药的标杆),,,,,,,强|高,text_only,false,no_reliable_numeric_measurement,,,,,,62,EVM91_472e8b036275d9c2ef,accepted
PROPM91_ce681e13eac095c565,RELM91_9eea9f6c3372e7b8b0,MATM91_c00613185fda6250c0,钝黑梯-1炸药,能量特性,猛度,高 (铅柱压缩值约 18-21mm),,18,21,mm,explicit_or_field_specific,~,高,validated_range,true,,primary_value,猛度,~,,,62,EVM91_1e51e09d3441dc6d6f,accepted
PROPM91_954e75f359629fbd1a,RELM91_4c0d1b672350525b7a,MATM91_c00613185fda6250c0,钝黑梯-1炸药,能量特性,起爆力,"无 (猛炸药, 需起爆药激发)",,,,,,,无,text_only,false,no_reliable_numeric_measurement,,,,,,62,EVM91_3d2f7a1404a1bd1991,accepted
PROPM91_13e6a635682f1b5a80,RELM91_e368a6d9b236137ce6,MATM91_c00613185fda6250c0,钝黑梯-1炸药,能量特性,燃烧速度(发射药、推进剂),"稳定燃烧, 强约束下易转爆轰",,,,,,,强,qualitative_only,false,no_reliable_numeric_measurement,,,,,,62,EVM91_4fe34802ac655adb6b,accepted
PROPM91_719e2452493c9bd1c3,RELM91_26433144b995bd028a,MATM91_7e320004a278a4ae94,钝化黑索今,理化性质,分子量(单质),222.12 (RDX),,,,g/mol,field_dictionary,,,qualitative_only,false,no_reliable_numeric_measurement,,,,,,63,EVM91_83b09ed080b9d82791,accepted
PROPM91_ddb288db68191305d3,RELM91_0cc29880c62cb256fc,MATM91_7e320004a278a4ae94,钝化黑索今,理化性质,密度,1.65 ~ 1.72 (取决于压制压力),,1.65,1.72,g/cm³,explicit_or_field_specific,,,validated_range,true,,primary_value,密度,,,,63,EVM91_8b45b06a02ecfe8525,accepted
PROPM91_74e45ca1f80ac9bc03,RELM91_8afe5e5fe51b94f747,MATM91_7e320004a278a4ae94,钝化黑索今,理化性质,外观,白色、浅黄色均匀粉末或结晶颗粒,,,,,,,,text_only,false,no_reliable_numeric_measurement,,,,,,63,EVM91_5b5802b52c0f54cecf,accepted
PROPM91_b904eb0cf7678d5038,RELM91_782f41b2ad75005529,MATM91_7e320004a278a4ae94,钝化黑索今,理化性质,溶解性,"RDX组分不溶于水, 易溶于丙酮; 钝感剂溶于有机溶剂",,,,,,,,text_only,false,no_reliable_numeric_measurement,,,,,,63,EVM91_745ef14aecb3a27d1d,accepted
PROPM91_aa3f9e9905c0e64478,RELM91_c19396676361ae7576,MATM91_7e320004a278a4ae94,钝化黑索今,理化性质,挥发性,极低,,,,,,,低|极低,text_only,false,no_reliable_numeric_measurement,,,,,,63,EVM91_84e67eadd1b09e55b7,accepted
PROPM91_fe8d6be125caf3ce63,RELM91_1f91918a2c5693896c,MATM91_7e320004a278a4ae94,钝化黑索今,安全特性,摩擦感度(需对应不同测试条件),"较低 (由于钝感剂的润滑和隔离作用, 摩擦感度远低于单质RDX)",,,,,,,较低|低,qualitative_only,false,no_reliable_numeric_measurement,,,,,,63,EVM91_47d3f72178a16be5ac,accepted
PROPM91_63f450f06c2d467906,RELM91_fc8994e01ae4ec06ee,MATM91_7e320004a278a4ae94,钝化黑索今,安全特性,撞击感度(需对应不同测试条件),"较低 (2kg落锤, 爆炸概率通常控制在 15% - 25% 左右)",,,,,,,较低|低,multiple_measurements,false,multiple_primary_measurements,,,,2,,63,EVM91_3e1361c15eccb8fb74,accepted
PROPM91_a8fd18a6f5d066ae81,RELM91_c7273fc9b41a8f70ff,MATM91_7e320004a278a4ae94,钝化黑索今,安全特性,冲击感度,不敏感 (需强力传爆药可靠起爆),,,,,,,敏感|不敏感|强,qualitative_only,false,no_reliable_numeric_measurement,,,,,,63,EVM91_fa76ceaace11f13848,accepted
PROPM91_e4005e8cbebb3e188c,RELM91_5d59b9c74abf9fcada,MATM91_7e320004a278a4ae94,钝化黑索今,安全特性,火焰感度,"较低 (点燃后稳定燃烧, 严禁在约束状态下受热)",,,,,,,较低|低,qualitative_only,false,no_reliable_numeric_measurement,,,,,,63,EVM91_337e1ee17b78dc27ab,accepted
PROPM91_9986452857b9ce3ebd,RELM91_db4442fe725b6b8613,MATM91_7e320004a278a4ae94,钝化黑索今,安全特性,静电感度(需对应不同测试条件),低 (包覆层增强了抗静电稳定性),,,,,,,强|低,qualitative_only,false,no_reliable_numeric_measurement,,,,,,63,EVM91_18d1115ac1f623b949,accepted
PROPM91_7d5cde59f9eb8c205e,RELM91_7ee97a515b3f1770c3,MATM91_7e320004a278a4ae94,钝化黑索今,安全特性,热感度(5s爆发点),230 ~ 240 (取决于RDX品质),,230,240,℃,explicit_or_field_specific,,,validated_range,true,,primary_value,热感度(5s爆发点),,,5,63,EVM91_ac8033a3a39ab6d5c9,accepted
PROPM91_348c5eea6e72fca8ac,RELM91_cc0023b0018ee6df35,MATM91_7e320004a278a4ae94,钝化黑索今,安全特性,电火花感度,不敏感,,,,,,,敏感|不敏感,qualitative_only,false,no_reliable_numeric_measurement,,,,,,63,EVM91_ff6a7ac12e5036cd30,accepted
PROPM91_c8f38e3b785b7505df,RELM91_59623f995c11c9b922,MATM91_7e320004a278a4ae94,钝化黑索今,安全特性,吸湿性,极小 (蜡层具有极好的防潮密封作用),,,,,,,极小,text_only,false,no_reliable_numeric_measurement,,,,,,63,EVM91_87753dbc4059115959,accepted
PROPM91_a43c87fa69b382c27d,RELM91_a3a4646704831220e3,MATM91_7e320004a278a4ae94,钝化黑索今,安全特性,熔点,~204 (RDX组分熔点),204,,,℃,explicit_or_field_specific,~,,validated_single,true,,primary_value,熔点,~,,,63,EVM91_0efb39d9c6efaf3241,accepted
PROPM91_69f896ae58602c4ccf,RELM91_f54d6510b0d8dedee2,MATM91_7e320004a278a4ae94,钝化黑索今,安全特性,分解温度,> 200 (开始缓慢分解),200,,,℃,explicit_or_field_specific,>,,validated_single,true,,onset_temperature,分解温度,>,,,63,EVM91_91cfc068e3f11c7758,accepted
PROPM91_4678b9b830d1989903,RELM91_acba9bae0ae393f1a4,MATM91_7e320004a278a4ae94,钝化黑索今,能量特性,爆速,8200 ~ 8400 (在密度 1.70g/cm3 下),,,,,,,,condition_only,false,only_test_conditions,,,,,,63,EVM91_a1de176396be00e8ed,accepted
PROPM91_d6e147e872ed11ab60,RELM91_eabc7218ad460a0a7b,MATM91_7e320004a278a4ae94,钝化黑索今,能量特性,爆温,~3300,3300,,,℃,explicit_or_field_specific,~,,validated_single,true,,primary_value,爆温,~,,,63,EVM91_6023aca1394cdb78aa,accepted
PROPM91_6f4b56a58de62a7a9a,RELM91_cf79f616e1c95959ef,MATM91_7e320004a278a4ae94,钝化黑索今,能量特性,爆压,~31,31,,,GPa,explicit_or_field_specific,~,,validated_single,true,,primary_value,爆压,~,,,63,EVM91_0d2f9909edc8c9c8fa,accepted
PROPM91_79a885d6ac6eb249fc,RELM91_b9dbd74ab0e8f56ed7,MATM91_7e320004a278a4ae94,钝化黑索今,能量特性,爆容,约 880,880,,,L/kg,explicit_or_field_specific,~,,validated_single,true,,primary_value,爆容,~,,,63,EVM91_6acd9b6020509da616,accepted
PROPM91_148ef18be1a0287d6d,RELM91_687a99930dc71fa56c,MATM91_7e320004a278a4ae94,钝化黑索今,能量特性,威力,强 (约 1.45 倍 TNT 威力; 在保持威力的同时极大提升了安全性),,,,,,,强,text_only,false,no_reliable_numeric_measurement,,,,,,63,EVM91_b4d68478bc9b534e1e,accepted
PROPM91_157d336593dea2050c,RELM91_caaf64b9d9825dd73e,MATM91_7e320004a278a4ae94,钝化黑索今,能量特性,猛度,高 (铅柱压缩值约 19-21mm),,19,21,mm,explicit_or_field_specific,~,高,validated_range,true,,primary_value,猛度,~,,,63,EVM91_3b14205c0e1fa3d6f2,accepted
PROPM91_ffaad20b2ecf5a1ba3,RELM91_037bce3ae714b934be,MATM91_7e320004a278a4ae94,钝化黑索今,能量特性,起爆力,"无 (猛炸药, 需起爆药激发)",,,,,,,无,text_only,false,no_reliable_numeric_measurement,,,,,,63,EVM91_ca2e54798ed08ffdcb,accepted
PROPM91_178e17d7dc3b994d2b,RELM91_8dd3b0e0d0cda6ec99,MATM91_7e320004a278a4ae94,钝化黑索今,能量特性,燃烧速度(发射药、推进剂),稳定燃烧,,,,,,,,qualitative_only,false,no_reliable_numeric_measurement,,,,,,63,EVM91_564ec7107691a05094,accepted
PROPM91_2c8ded6597dce91a13,RELM91_859b977d04d6afab27,MATM91_6a610e298f01f90671,钝黑-2炸药,理化性质,分子量(单质),222.12 (RDX),,,,g/mol,field_dictionary,,,qualitative_only,false,no_reliable_numeric_measurement,,,,,,64,EVM91_3343d2fc69dfa250fc,accepted
PROPM91_a55ca25b70f380934c,RELM91_ada5be80f6ee3acd40,MATM91_6a610e298f01f90671,钝黑-2炸药,理化性质,密度,1.70 ~ 1.76 (压装密度),,1.70,1.76,g/cm³,explicit_or_field_specific,,,validated_range,true,,primary_value,密度,,,,64,EVM91_befc5434d0ddda8003,accepted
PROPM91_ab9f6b789f4ed90f4d,RELM91_01dd027a55018af59d,MATM91_6a610e298f01f90671,钝黑-2炸药,理化性质,外观,白色或淡黄色均匀粉末/颗粒,,,,,,,,text_only,false,no_reliable_numeric_measurement,,,,,,64,EVM91_301343b771c3b92748,accepted
PROPM91_8403a773861b7f33cb,RELM91_9c75ca0ff1b807bd6f,MATM91_6a610e298f01f90671,钝黑-2炸药,理化性质,溶解性,"RDX溶于丙酮, 钝感剂溶于有机溶剂, 不溶于水",,,,,,,,text_only,false,no_reliable_numeric_measurement,,,,,,64,EVM91_33e3d5b658616f6acc,accepted
PROPM91_46602b69fb0d0d9545,RELM91_f5675f6a8d104d29b2,MATM91_6a610e298f01f90671,钝黑-2炸药,理化性质,挥发性,极低,,,,,,,低|极低,text_only,false,no_reliable_numeric_measurement,,,,,,64,EVM91_f14ca6f39c383da435,accepted
PROPM91_8b940a4f60ad864003,RELM91_2ace80cbbd94ed78d5,MATM91_6a610e298f01f90671,钝黑-2炸药,安全特性,摩擦感度(需对应不同测试条件),"较低 (虽然蜡含量少, 但对RDX晶尖仍有一定钝化作用)",,,,,,,较低|低,qualitative_only,false,no_reliable_numeric_measurement,,,,,,64,EVM91_f3ce3dfa0d19c22522,accepted
PROPM91_cae11f2f9bc2593d8e,RELM91_c4f1a6eb7e98695b5a,MATM91_6a610e298f01f90671,钝黑-2炸药,安全特性,撞击感度(需对应不同测试条件),"中等偏低 (2kg落锤, 爆炸概率通常在 25% - 40% 之间, 比钝黑-4敏感)",,,,,,,敏感|中等|低,multiple_measurements,false,multiple_primary_measurements,,,,2,,64,EVM91_e91ed40e2880dd30c6,accepted
PROPM91_636705578308ff5c20,RELM91_c7e1111c887cd68fa5,MATM91_6a610e298f01f90671,钝黑-2炸药,安全特性,冲击感度,"敏感 (需通过传爆药可靠起爆, 能量传递效率极高)",,,,,,,敏感|极高|高,qualitative_only,false,no_reliable_numeric_measurement,,,,,,64,EVM91_0e37433b70a3361b40,accepted
PROPM91_afbf80f003bfecdf3f,RELM91_7b538b693eaa42ae2f,MATM91_6a610e298f01f90671,钝黑-2炸药,安全特性,火焰感度,"敏感 (点燃后剧烈燃烧, 极易转爆轰)",,,,,,,敏感,qualitative_only,false,no_reliable_numeric_measurement,,,,,,64,EVM91_f8b00e1f463db14a95,accepted
PROPM91_1629193ae041d83b9f,RELM91_d3581df376679bf03b,MATM91_6a610e298f01f90671,钝黑-2炸药,安全特性,静电感度(需对应不同测试条件),低 (良好的抗静电稳定性),,,,,,,低,qualitative_only,false,no_reliable_numeric_measurement,,,,,,64,EVM91_c3a9fe104c57d61a37,accepted
PROPM91_9509e7afcce0ef7f82,RELM91_1362b1d23e86a27e9a,MATM91_6a610e298f01f90671,钝黑-2炸药,安全特性,热感度(5s爆发点),230 ~ 240 (取决于RDX原药品质),,230,240,℃,explicit_or_field_specific,,,validated_range,true,,primary_value,热感度(5s爆发点),,,5,64,EVM91_dfecf0549763f74f40,accepted
PROPM91_efcd324aab23aaafcc,RELM91_1ec8e3a835660542bf,MATM91_6a610e298f01f90671,钝黑-2炸药,安全特性,电火花感度,不敏感,,,,,,,敏感|不敏感,qualitative_only,false,no_reliable_numeric_measurement,,,,,,64,EVM91_ce4a604c8425a6df75,accepted
PROPM91_2a62d6c2332cebe2bb,RELM91_d34b1aacfbf7d045cf,MATM91_6a610e298f01f90671,钝黑-2炸药,安全特性,吸湿性,极小 (石蜡层具有基础防潮作用),,,,,,,极小,text_only,false,no_reliable_numeric_measurement,,,,,,64,EVM91_12decf6b7cf0f24e69,accepted
PROPM91_4ab518d0a77db571ce,RELM91_d02c1938f173838cfe,MATM91_6a610e298f01f90671,钝黑-2炸药,安全特性,熔点,~204 (RDX熔点),204,,,℃,explicit_or_field_specific,~,,validated_single,true,,primary_value,熔点,~,,,64,EVM91_6da9af90e1f105df4c,accepted
PROPM91_5ff627abb84767d8b4,RELM91_3314b6d232520901a6,MATM91_6a610e298f01f90671,钝黑-2炸药,安全特性,分解温度,> 200 (开始缓慢分解),200,,,℃,explicit_or_field_specific,>,,validated_single,true,,onset_temperature,分解温度,>,,,64,EVM91_013929f432317278e4,accepted
PROPM91_ce5176fc4e71d9fab0,RELM91_3a8972effb771d2f23,MATM91_6a610e298f01f90671,钝黑-2炸药,能量特性,爆速,"8500 ~ 8650 (由于RDX含量极高, 爆速接近单质RDX)",,8500,8650,m/s,explicit_or_field_specific,,极高|高,validated_range,true,,primary_value,爆速,,,,64,EVM91_84d044bf230bae81f6,accepted
PROPM91_c7c44f56bb68756dfa,RELM91_aeaa5ebf80f645281e,MATM91_6a610e298f01f90671,钝黑-2炸药,能量特性,爆温,~3350,3350,,,℃,explicit_or_field_specific,~,,validated_single,true,,primary_value,爆温,~,,,64,EVM91_d6e39217487a97de99,accepted
PROPM91_51bb4e9cb0368ab526,RELM91_e0d478db2c6cc53df4,MATM91_6a610e298f01f90671,钝黑-2炸药,能量特性,爆压,~33,33,,,GPa,explicit_or_field_specific,~,,validated_single,true,,primary_value,爆压,~,,,64,EVM91_313c99f8a22ded2b9f,accepted
PROPM91_d7c7d8f3a701e2d72a,RELM91_64c9734bf995151401,MATM91_6a610e298f01f90671,钝黑-2炸药,能量特性,爆容,约 880,880,,,L/kg,explicit_or_field_specific,~,,validated_single,true,,primary_value,爆容,~,,,64,EVM91_08576d9a80811c9001,accepted
PROPM91_d886d20767e4a33c62,RELM91_b504c23c96c9caafc0,MATM91_6a610e298f01f90671,钝黑-2炸药,能量特性,威力,极强 (约 1.55 倍 TNT 威力; 是高效能的传爆级混合炸药),,,,,,,强|高,text_only,false,no_reliable_numeric_measurement,,,,,,64,EVM91_7f1779f29cb879e99b,accepted
PROPM91_3392e1d7b3804ddb6e,RELM91_69004481bd152d4389,MATM91_6a610e298f01f90671,钝黑-2炸药,能量特性,猛度,高 (铅柱压缩值约 20-22mm),,20,22,mm,explicit_or_field_specific,~,高,validated_range,true,,primary_value,猛度,~,,,64,EVM91_2feb96bf5d940bbc9e,accepted
PROPM91_a0867d8e48a25d5c27,RELM91_d40a734d0d4512e4bd,MATM91_6a610e298f01f90671,钝黑-2炸药,能量特性,起爆力,"无 (猛炸药, 需起爆系统激发)",,,,,,,无,text_only,false,no_reliable_numeric_measurement,,,,,,64,EVM91_251e809830d9e7fdb4,accepted
PROPM91_95c09dd9b6c4979587,RELM91_bb59e4f51355c70ab9,MATM91_6a610e298f01f90671,钝黑-2炸药,能量特性,燃烧速度(发射药、推进剂),燃烧极其剧烈,,,,,,,,qualitative_only,false,no_reliable_numeric_measurement,,,,,,64,EVM91_83bf33ab0b5a2f81a8,accepted
PROPM91_c01291d8b01f9d202b,RELM91_2b093d4e0b01c48de1,MATM91_7cfa7cc7667d953666,钝黑-3炸药,理化性质,分子量(单质),222.12 (RDX),,,,g/mol,field_dictionary,,,qualitative_only,false,no_reliable_numeric_measurement,,,,,,65,EVM91_ae8a192427a997560b,accepted
PROPM91_3f2f71d8326a59e8b6,RELM91_8f20ff5f0d488d8ecb,MATM91_7cfa7cc7667d953666,钝黑-3炸药,理化性质,密度,1.60-1.68 g/cm3 (装填密度); 1.70 g/cm3 (理论密度),,,,,,,,multiple_measurements,false,multiple_primary_measurements,,密度,,,,65,EVM91_4dc1bd13746abbd0b3,accepted
PROPM91_a352bb50849f69aebd,RELM91_c605f3afa01bdbdbd7,MATM91_7cfa7cc7667d953666,钝黑-3炸药,理化性质,外观,灰色、白色或淡红色均匀颗粒 (视染色剂而定),,,,,,,,text_only,false,no_reliable_numeric_measurement,,,,,,65,EVM91_f018c19637d9f7c64f,accepted
PROPM91_be792ef287df1ff46b,RELM91_d963130803ffcd1f12,MATM91_7cfa7cc7667d953666,钝黑-3炸药,理化性质,溶解性,"不溶于水,微溶于乙醇、乙醚,溶于丙酮、浓硝酸",,,,,,,,text_only,false,no_reliable_numeric_measurement,,,,,,65,EVM91_e8fe5c144b2a9a8ced,accepted
PROPM91_c3540c1cc94a1c6bb8,RELM91_09b05a49152ed8f8eb,MATM91_7cfa7cc7667d953666,钝黑-3炸药,理化性质,挥发性,极低,,,,,,,低|极低,text_only,false,no_reliable_numeric_measurement,,,,,,65,EVM91_94b6838914687d9cd4,accepted
PROPM91_1589863059ab5734d5,RELM91_a6b77bf5019fb7a33e,MATM91_7cfa7cc7667d953666,钝黑-3炸药,安全特性,摩擦感度(需对应不同测试条件),"≤ 10% (3.92MPa, 90°摆角)",,,,,,,,multiple_measurements,false,multiple_primary_measurements,,摩擦感度,,,,65,EVM91_7123000302c395a613,accepted
PROPM91_b90fad15fceacb6d53,RELM91_e1d7482b239c15cbea,MATM91_7cfa7cc7667d953666,钝黑-3炸药,安全特性,撞击感度(需对应不同测试条件),"16% - 24% (10kg锤, 25cm落高)",,,,,,,高,multiple_measurements,false,multiple_primary_measurements,,,,10,,65,EVM91_d94388e4197a35b194,accepted
PROPM91_d799afa745aa9b0916,RELM91_e613965b4e7ea39d3a,MATM91_7cfa7cc7667d953666,钝黑-3炸药,安全特性,冲击感度,高 (需雷管起爆),,,,,,,高,qualitative_only,false,no_reliable_numeric_measurement,,,,,,65,EVM91_9a68f90b59305e59b1,accepted
PROPM91_114a13eedf1d7d03c5,RELM91_47ca41b40de296610c,MATM91_7cfa7cc7667d953666,钝黑-3炸药,安全特性,火焰感度,较低 (较纯RDX显著降低),,,,,,,较低|低,qualitative_only,false,no_reliable_numeric_measurement,,,,,,65,EVM91_499c5be5eed41c5839,accepted
PROPM91_173a958da9c66a56d4,RELM91_bc48862bb358d64470,MATM91_7cfa7cc7667d953666,钝黑-3炸药,安全特性,静电感度(需对应不同测试条件),不敏感 (一般不作为主要测试项),,,,,,,敏感|不敏感,qualitative_only,false,no_reliable_numeric_measurement,,,,,,65,EVM91_e546a4b70819d2b724,accepted
PROPM91_a4bb363a818cfa95f0,RELM91_531a8a837d89a16acc,MATM91_7cfa7cc7667d953666,钝黑-3炸药,安全特性,热感度(5s爆发点),230°C - 240°C,,,,,,,,multiple_measurements,false,multiple_primary_measurements,,热感度(5s爆发点),,,5,65,EVM91_3530cb308aeccc7cff,accepted
PROPM91_fda10dbf3b83e2ec5e,RELM91_86a3d4855fab3d0dea,MATM91_7cfa7cc7667d953666,钝黑-3炸药,安全特性,电火花感度,不敏感,,,,,,,敏感|不敏感,qualitative_only,false,no_reliable_numeric_measurement,,,,,,65,EVM91_414681f60b4f0ceead,accepted
PROPM91_072fd8531b863692bd,RELM91_8bb4fa88dbd977c3a0,MATM91_7cfa7cc7667d953666,钝黑-3炸药,安全特性,吸湿性,≤ 0.1%,0.1,,,%,explicit_or_field_specific,<=,,validated_single,true,,primary_value,吸湿性,<=,,,65,EVM91_1fdfc9efab2b643526,accepted
PROPM91_dcf8216a0e3af89cbc,RELM91_b452c6ff89c0456365,MATM91_7cfa7cc7667d953666,钝黑-3炸药,安全特性,熔点,50-60°C (钝感剂); 204°C (RDX组分),,,,,,,,multiple_measurements,false,multiple_primary_measurements,,熔点,,,,65,EVM91_f68cb38946e4b64bdf,accepted
PROPM91_45c107c67f48246fd8,RELM91_f47ba05bce0fb3efdb,MATM91_7cfa7cc7667d953666,钝黑-3炸药,安全特性,分解温度,~230°C (开始剧烈分解),230,,,℃,explicit_or_field_specific,~,,validated_single,true,,onset_temperature,分解温度,~,,,65,EVM91_cb5d83386d3485489e,accepted
PROPM91_0a3d256392ea3ff695,RELM91_1fd25a9b1fe5297f17,MATM91_7cfa7cc7667d953666,钝黑-3炸药,能量特性,爆速,8000 - 8150 m/s (装填密度 1.65g/cm3),,8000,8150,m/s,explicit_or_field_specific,,,validated_range,true,,primary_value,爆速,,,,65,EVM91_5837a6ad349e466263,accepted
PROPM91_d5ef0d97f913c9e31e,RELM91_7387acf4f4ef7e49b3,MATM91_7cfa7cc7667d953666,钝黑-3炸药,能量特性,爆温,~3000 K,3000,,,℃,explicit_or_field_specific,~,,validated_single,true,,primary_value,爆温,~,,,65,EVM91_34b3a5ba9a576cd140,accepted
PROPM91_a6878a796f1cbd512d,RELM91_4efb98fc852220626a,MATM91_7cfa7cc7667d953666,钝黑-3炸药,能量特性,爆压,28 - 30 GPa,,28,30,GPa,explicit_or_field_specific,,,validated_range,true,,primary_value,爆压,,,,65,EVM91_c73ad04c47186b985e,accepted
PROPM91_b455b1db5ef106b196,RELM91_971b9a5effc567cea2,MATM91_7cfa7cc7667d953666,钝黑-3炸药,能量特性,爆容,850 - 900 L/kg,,850,900,L/kg,explicit_or_field_specific,,,validated_range,true,,primary_value,爆容,,,,65,EVM91_e973a2b8a925d394e4,accepted
PROPM91_d72948ba07aa647433,RELM91_76e53af6378d9c4c96,MATM91_7cfa7cc7667d953666,钝黑-3炸药,能量特性,威力,1.3 - 1.5 (TNT当量); 铅柱扩孔值约 430-450 mL,,,,m,explicit_text,,,text_only,false,no_reliable_numeric_measurement,,,,,,65,EVM91_1ba45d3fe9e2b87b38,accepted
PROPM91_8861da7f76abdc7faf,RELM91_027862d051f7688221,MATM91_7cfa7cc7667d953666,钝黑-3炸药,能量特性,猛度,110% - 120% (相对于TNT),,,,,,,,multiple_measurements,false,multiple_primary_measurements,,猛度,,,,65,EVM91_2bc4e002c17db80d27,accepted
PROPM91_6bb4093daaf4eb061e,RELM91_0b6ffe23cb3da1839f,MATM91_7cfa7cc7667d953666,钝黑-3炸药,能量特性,起爆力,"极强,常用作传爆药或主装药",,,,,,,强,text_only,false,no_reliable_numeric_measurement,,,,,,65,EVM91_53c6196696d589e063,accepted
PROPM91_105d0afb0bfd292aba,RELM91_890b457d116e517fd4,MATM91_7cfa7cc7667d953666,钝黑-3炸药,能量特性,燃烧速度(发射药、推进剂),不适用 (主要作为高能炸药),,,,,,,高,qualitative_only,false,no_reliable_numeric_measurement,,,,,,65,EVM91_c9274af7f726ef6c20,accepted
PROPM91_32d43bd71cd70fc5c4,RELM91_688b1bb6c95baae4a7,MATM91_53e7e9a0b273cc1763,钝黑-4炸药,理化性质,分子量(单质),222.12,,,,g/mol,field_dictionary,,,qualitative_only,false,no_reliable_numeric_measurement,,,,,,66,EVM91_9d52f0f9cb786eec65,accepted
PROPM91_c722b5a2f2546ccbf3,RELM91_cd136c58607808a5be,MATM91_53e7e9a0b273cc1763,钝黑-4炸药,理化性质,密度,1.55-1.63 g/cm3 (装填密度); ~1.68 g/cm3 (理论密度),,,,,,,,multiple_measurements,false,multiple_primary_measurements,,密度,,,,66,EVM91_46a81fe05974d50f9d,accepted
PROPM91_8e39bc8d0ee4025aa0,RELM91_f96218d728981cd8c5,MATM91_53e7e9a0b273cc1763,钝黑-4炸药,理化性质,外观,灰色、白色或淡蓝色均匀颗粒 (视染色剂而定),,,,,,,,text_only,false,no_reliable_numeric_measurement,,,,,,66,EVM91_82c70760d1fc6d5765,accepted
PROPM91_1b80a35c0ea893b88a,RELM91_c0f009615cb092240e,MATM91_53e7e9a0b273cc1763,钝黑-4炸药,理化性质,溶解性,"不溶于水,微溶于有机溶剂,溶于丙酮",,,,,,,,text_only,false,no_reliable_numeric_measurement,,,,,,66,EVM91_cc058b97a7875b055f,accepted
PROPM91_523bd2668610f7de39,RELM91_25e89e7f4fd6ce8e59,MATM91_53e7e9a0b273cc1763,钝黑-4炸药,理化性质,挥发性,极低,,,,,,,低|极低,text_only,false,no_reliable_numeric_measurement,,,,,,66,EVM91_041214989df238363c,accepted
PROPM91_c4676e79e4c03bbc31,RELM91_c67a41386e41e67552,MATM91_53e7e9a0b273cc1763,钝黑-4炸药,安全特性,摩擦感度(需对应不同测试条件),"≤ 4% (3.92MPa, 90°摆角)",,,,,,,,multiple_measurements,false,multiple_primary_measurements,,摩擦感度,,,,66,EVM91_1f897e11a308d62d21,accepted
PROPM91_3f68c74c8e4d13d5db,RELM91_843c9d8cf60ed4dd8a,MATM91_53e7e9a0b273cc1763,钝黑-4炸药,安全特性,撞击感度(需对应不同测试条件),"8% - 16% (10kg锤, 25cm落高)",,,,,,,高,multiple_measurements,false,multiple_primary_measurements,,,,10,,66,EVM91_4e1d791678089f8a20,accepted
PROPM91_dd11b8c6e97e13fba8,RELM91_b1ed1f1ffd607b5b27,MATM91_53e7e9a0b273cc1763,钝黑-4炸药,安全特性,冲击感度,"较低 (较钝黑-3更安全,需更强雷管起爆)",,,,,,,强|较低|低,qualitative_only,false,no_reliable_numeric_measurement,,,,,,66,EVM91_3f193b8377e39c9808,accepted
PROPM91_2940c87812eb2ab9eb,RELM91_a31bc439538aab8e48,MATM91_53e7e9a0b273cc1763,钝黑-4炸药,安全特性,火焰感度,低,,,,,,,低,qualitative_only,false,no_reliable_numeric_measurement,,,,,,66,EVM91_143216ebc338eec3f4,accepted
PROPM91_93606c3b372e4265ee,RELM91_7b8e0a0789e1a095f7,MATM91_53e7e9a0b273cc1763,钝黑-4炸药,安全特性,静电感度(需对应不同测试条件),不敏感,,,,,,,敏感|不敏感,qualitative_only,false,no_reliable_numeric_measurement,,,,,,66,EVM91_7723c7a81df529c779,accepted
PROPM91_42e147fcdc567ac0c4,RELM91_72fce9c13bdf357004,MATM91_53e7e9a0b273cc1763,钝黑-4炸药,安全特性,热感度(5s爆发点),235°C - 245°C,,,,,,,,multiple_measurements,false,multiple_primary_measurements,,热感度(5s爆发点),,,5,66,EVM91_fb5277f85cdb302bba,accepted
PROPM91_0d24f8c468f6a6d1c0,RELM91_2b066da83e8f5ce116,MATM91_53e7e9a0b273cc1763,钝黑-4炸药,安全特性,电火花感度,不敏感,,,,,,,敏感|不敏感,qualitative_only,false,no_reliable_numeric_measurement,,,,,,66,EVM91_5f27ba1d0e0ba61276,accepted
PROPM91_8f68e6f5d13c226bad,RELM91_b9c2db76f83171351e,MATM91_53e7e9a0b273cc1763,钝黑-4炸药,安全特性,吸湿性,≤ 0.1%,0.1,,,%,explicit_or_field_specific,<=,,validated_single,true,,primary_value,吸湿性,<=,,,66,EVM91_a7fcbb256f2b7b22ad,accepted
PROPM91_4f15eec13da1edc4d2,RELM91_bda0bc2ad95a0d829b,MATM91_53e7e9a0b273cc1763,钝黑-4炸药,安全特性,熔点,50-65°C (钝感剂); 204°C (RDX),,,,,,,,multiple_measurements,false,multiple_primary_measurements,,熔点,,,,66,EVM91_f0c65ced8cb99efc6f,accepted
PROPM91_880d0d50d73a7e0b86,RELM91_e88039e87d24ed2444,MATM91_53e7e9a0b273cc1763,钝黑-4炸药,安全特性,分解温度,~230°C (开始分解),230,,,℃,explicit_or_field_specific,~,,validated_single,true,,onset_temperature,分解温度,~,,,66,EVM91_5aa448b96c8df705d2,accepted
PROPM91_dcbfda2f74f4a60aeb,RELM91_b6da1de87f46e7b4f8,MATM91_53e7e9a0b273cc1763,钝黑-4炸药,能量特性,爆速,7700 - 7900 m/s (装填密度 1.60g/cm3),,7700,7900,m/s,explicit_or_field_specific,,,validated_range,true,,primary_value,爆速,,,,66,EVM91_b5222d3537b0d2f695,accepted
PROPM91_dc57620bbf9570ce7c,RELM91_b181974af55ee6d03c,MATM91_53e7e9a0b273cc1763,钝黑-4炸药,能量特性,爆温,~2800 K,2800,,,℃,explicit_or_field_specific,~,,validated_single,true,,primary_value,爆温,~,,,66,EVM91_38a86234522c060ff8,accepted
PROPM91_10d6e9f993f56f21de,RELM91_b89d3b39c7f74276cc,MATM91_53e7e9a0b273cc1763,钝黑-4炸药,能量特性,爆压,25 - 27 GPa,,25,27,GPa,explicit_or_field_specific,,,validated_range,true,,primary_value,爆压,,,,66,EVM91_1d6b1294f0f67947ed,accepted
PROPM91_ef2d2c891200ee844e,RELM91_6bcdae419bd7901c87,MATM91_53e7e9a0b273cc1763,钝黑-4炸药,能量特性,爆容,800 - 850 L/kg,,800,850,L/kg,explicit_or_field_specific,,,validated_range,true,,primary_value,爆容,,,,66,EVM91_ef7f5b984ac9c9bccb,accepted
PROPM91_230770f47bd23be341,RELM91_c72edacd33bb525d98,MATM91_53e7e9a0b273cc1763,钝黑-4炸药,能量特性,威力,1.2 - 1.4 (TNT当量); 铅柱扩孔值约 400-420 mL,,,,m,explicit_text,,,text_only,false,no_reliable_numeric_measurement,,,,,,66,EVM91_a716b6ecadcc20b4b3,accepted
PROPM91_895e10f5aab70c5025,RELM91_e9bd056ffda0cafcad,MATM91_53e7e9a0b273cc1763,钝黑-4炸药,能量特性,猛度,105% - 110% (相对于TNT),,,,,,,,multiple_measurements,false,multiple_primary_measurements,,猛度,,,,66,EVM91_cf0cac5f3ab735a3e3,accepted
PROPM91_27d46b0b0f5ce77c8b,RELM91_61ea85f0a7d79848c8,MATM91_53e7e9a0b273cc1763,钝黑-4炸药,能量特性,起爆力,"强,常用作主装药或传爆药",,,,,,,强,text_only,false,no_reliable_numeric_measurement,,,,,,66,EVM91_3cc1581873e59d78aa,accepted
PROPM91_01c8665a8eccbe4f9d,RELM91_c1b5e85eee4e8add1b,MATM91_ab4e28f7e8fc684fa7,钝黑-5炸药,理化性质,分子量(单质),222.12,,,,g/mol,field_dictionary,,,qualitative_only,false,no_reliable_numeric_measurement,,,,,,67,EVM91_cc2e7cec16fce56e72,accepted
PROPM91_b80f27cdf128d9854c,RELM91_dd855491dce4bf30ef,MATM91_ab4e28f7e8fc684fa7,钝黑-5炸药,理化性质,密度,1.65-1.72 g/cm3 (装填密度); 1.74 g/cm3 (理论密度),,,,,,,,multiple_measurements,false,multiple_primary_measurements,,密度,,,,67,EVM91_6d21a6e6b6de59d2ee,accepted
PROPM91_8a94daf1e93cfdd886,RELM91_438ab43d30445bcb3f,MATM91_ab4e28f7e8fc684fa7,钝黑-5炸药,理化性质,外观,灰色 (含石墨) 或白色均匀颗粒,,,,,,,,text_only,false,no_reliable_numeric_measurement,,,,,,67,EVM91_97751fa7a923f5a0d2,accepted
PROPM91_a54f6da0c214e021c2,RELM91_6a0500c3175c6f2358,MATM91_ab4e28f7e8fc684fa7,钝黑-5炸药,理化性质,溶解性,"不溶于水,微溶于醇、醚,溶于丙酮",,,,,,,,text_only,false,no_reliable_numeric_measurement,,,,,,67,EVM91_2ed99b4e8aab040f0a,accepted
PROPM91_152c534d3f959f3ad1,RELM91_1f67a25a4919aa3d6a,MATM91_ab4e28f7e8fc684fa7,钝黑-5炸药,理化性质,挥发性,极低,,,,,,,低|极低,text_only,false,no_reliable_numeric_measurement,,,,,,67,EVM91_35e9f944d88ba7dc5b,accepted
PROPM91_cfd6322e8930b4fa83,RELM91_8e79cec1980abdd049,MATM91_ab4e28f7e8fc684fa7,钝黑-5炸药,安全特性,摩擦感度(需对应不同测试条件),40% - 60% (较钝黑-3显著升高),,,,,,,高,multiple_measurements,false,multiple_primary_measurements,,摩擦感度,,,,67,EVM91_3c509cce20ca84ae7e,accepted
PROPM91_9d2aa18da4fc672e77,RELM91_1763261d7362feb088,MATM91_ab4e28f7e8fc684fa7,钝黑-5炸药,安全特性,撞击感度(需对应不同测试条件),"32% - 48% (10kg锤, 25cm落高)",,,,,,,高,multiple_measurements,false,multiple_primary_measurements,,,,10,,67,EVM91_c032ecd36e085526ef,accepted
PROPM91_9ef02de443796489ee,RELM91_197a728949562e6390,MATM91_ab4e28f7e8fc684fa7,钝黑-5炸药,安全特性,冲击感度,"高 (传爆级,易被雷管起爆)",,,,,,,高,qualitative_only,false,no_reliable_numeric_measurement,,,,,,67,EVM91_2c8913a8a210fe1cf7,accepted
PROPM91_f6a96824895bdb973d,RELM91_d7f0def3bf7830c875,MATM91_ab4e28f7e8fc684fa7,钝黑-5炸药,安全特性,火焰感度,中等,,,,,,,中等,qualitative_only,false,no_reliable_numeric_measurement,,,,,,67,EVM91_b504a1b1298cb35dd4,accepted
PROPM91_79d927c584b181e188,RELM91_daa94b9a3a2f0078fa,MATM91_ab4e28f7e8fc684fa7,钝黑-5炸药,安全特性,静电感度(需对应不同测试条件),中等敏感,,,,,,,中等敏感|敏感|中等,qualitative_only,false,no_reliable_numeric_measurement,,,,,,67,EVM91_fc56f349a4b0d0ffe6,accepted
PROPM91_0e46115f8bbe04e1c4,RELM91_00b1c3a2b4377b0d59,MATM91_ab4e28f7e8fc684fa7,钝黑-5炸药,安全特性,热感度(5s爆发点),230°C - 235°C,,,,,,,,multiple_measurements,false,multiple_primary_measurements,,热感度(5s爆发点),,,5,67,EVM91_47008cb7952bcfe8af,accepted
PROPM91_c5e15ca48422d3f163,RELM91_6a74bc01fe4ebd069a,MATM91_ab4e28f7e8fc684fa7,钝黑-5炸药,安全特性,电火花感度,较敏感 (需防静电防护),,,,,,,较敏感|敏感,qualitative_only,false,no_reliable_numeric_measurement,,,,,,67,EVM91_62efcc8b4d64bd10b4,accepted
PROPM91_c4d1e6743e547042d8,RELM91_c2149914246fde13f3,MATM91_ab4e28f7e8fc684fa7,钝黑-5炸药,安全特性,吸湿性,≤ 0.05%,0.05,,,%,explicit_or_field_specific,<=,,validated_single,true,,primary_value,吸湿性,<=,,,67,EVM91_d72bf4ced0270c2a04,accepted
PROPM91_90f2134c5ea5f816c8,RELM91_e2148750ac0ae01942,MATM91_ab4e28f7e8fc684fa7,钝黑-5炸药,安全特性,熔点,50-65°C (钝感剂); 204°C (RDX),,,,,,,,multiple_measurements,false,multiple_primary_measurements,,熔点,,,,67,EVM91_cf6897c2e0b42ce801,accepted
PROPM91_068b4dcb1849c273a3,RELM91_9d9eb6353b1eeaeff1,MATM91_ab4e28f7e8fc684fa7,钝黑-5炸药,安全特性,分解温度,~230°C (开始剧烈分解),230,,,℃,explicit_or_field_specific,~,,validated_single,true,,onset_temperature,分解温度,~,,,67,EVM91_c4eaf9d82485044fb4,accepted
PROPM91_9a60c4c75712bbe75d,RELM91_9a357f1753b61a096c,MATM91_ab4e28f7e8fc684fa7,钝黑-5炸药,能量特性,爆速,8040 - 8250 m/s (装填密度 1.68g/cm3),,8040,8250,m/s,explicit_or_field_specific,,,validated_range,true,,primary_value,爆速,,,,67,EVM91_fc92dcfebf110cdfec,accepted
PROPM91_b8cb82a8e45b0afdf1,RELM91_a0bf853fc82f6fa3ab,MATM91_ab4e28f7e8fc684fa7,钝黑-5炸药,能量特性,爆温,~3200 K,3200,,,℃,explicit_or_field_specific,~,,validated_single,true,,primary_value,爆温,~,,,67,EVM91_19570cfe1fa16dabc2,accepted
PROPM91_5aaab84fd97c0f4d78,RELM91_e5f23cf128cdbaddfe,MATM91_ab4e28f7e8fc684fa7,钝黑-5炸药,能量特性,爆压,30 - 32 GPa,,30,32,GPa,explicit_or_field_specific,,,validated_range,true,,primary_value,爆压,,,,67,EVM91_ce93bee49a3f41b1c8,accepted
PROPM91_e42b2683b3ec8030f1,RELM91_c9e7a66d810dc03f59,MATM91_ab4e28f7e8fc684fa7,钝黑-5炸药,能量特性,爆容,880 - 900 L/kg,,880,900,L/kg,explicit_or_field_specific,,,validated_range,true,,primary_value,爆容,,,,67,EVM91_0c652c1c0e8faa4851,accepted
PROPM91_638e04050875076697,RELM91_a97c58f2458a1bfc9f,MATM91_ab4e28f7e8fc684fa7,钝黑-5炸药,能量特性,威力,1.4 - 1.6 (TNT当量); 铅柱扩孔值约 460-480 mL,,,,m,explicit_text,,,text_only,false,no_reliable_numeric_measurement,,,,,,67,EVM91_d5fe29268f5085ad11,accepted
PROPM91_6d5f19ce9c0c07b23e,RELM91_10c192735dd442c6b3,MATM91_ab4e28f7e8fc684fa7,钝黑-5炸药,能量特性,猛度,120% - 130% (相对于TNT),,,,,,,,multiple_measurements,false,multiple_primary_measurements,,猛度,,,,67,EVM91_78237e1b756a0b1a5d,accepted
PROPM91_6e3402b5fcbad9d337,RELM91_5fa9a50829dc008669,MATM91_ab4e28f7e8fc684fa7,钝黑-5炸药,能量特性,起爆力,"极强,主要作为导爆索药芯或传爆药",,,,,,,强,text_only,false,no_reliable_numeric_measurement,,,,,,67,EVM91_d4974051a9a0a8dc46,accepted
PROPM91_bf4840e55550922df7,RELM91_bdaa0d13d2fee188a0,MATM91_ce26cda5a2182e868b,钝黑-6炸药,理化性质,分子量(单质),222.12,,,,g/mol,field_dictionary,,,qualitative_only,false,no_reliable_numeric_measurement,,,,,,68,EVM91_2344b3e12e56becd0f,accepted
PROPM91_2f4766172eebeb0da0,RELM91_64ffb55174e38ccc6e,MATM91_ce26cda5a2182e868b,钝黑-6炸药,理化性质,密度,1.50-1.58 g/cm3 (常用装填密度); 1.62 g/cm3 (理论密度),,,,,,,,multiple_measurements,false,multiple_primary_measurements,,密度,,,,68,EVM91_3f5429ec5b19121701,accepted
PROPM91_fb3e2ba8f82258d36b,RELM91_05ee5663fe5f51d50c,MATM91_ce26cda5a2182e868b,钝黑-6炸药,理化性质,外观,淡紫色、浅灰色或白色均匀颗粒 (常见染色为淡紫色),,,,,,,,text_only,false,no_reliable_numeric_measurement,,,,,,68,EVM91_92c23c01f905d92f4a,accepted
PROPM91_0c7b16813cf8a22487,RELM91_807a3468b0d4568d26,MATM91_ce26cda5a2182e868b,钝黑-6炸药,理化性质,溶解性,"不溶于水,极微溶于有机溶剂,溶于丙酮",,,,,,,,text_only,false,no_reliable_numeric_measurement,,,,,,68,EVM91_85f23092ebe5fce167,accepted
PROPM91_05959efe1e324036e2,RELM91_d4fe4f785a90201e55,MATM91_ce26cda5a2182e868b,钝黑-6炸药,理化性质,挥发性,极低,,,,,,,低|极低,text_only,false,no_reliable_numeric_measurement,,,,,,68,EVM91_38127215a7ea88a940,accepted
PROPM91_70094b1824ef6a40e1,RELM91_93ad423cd808523d76,MATM91_ce26cda5a2182e868b,钝黑-6炸药,安全特性,摩擦感度(需对应不同测试条件),"0% (3.92MPa, 90°摆角, 几乎不发生爆炸)",,,,,,,,multiple_measurements,false,multiple_primary_measurements,,摩擦感度,,,,68,EVM91_e3deab37293c26b953,accepted
PROPM91_778992e673b345b299,RELM91_bf2944a2bc46f55c1a,MATM91_ce26cda5a2182e868b,钝黑-6炸药,安全特性,撞击感度(需对应不同测试条件),"0% - 4% (10kg锤, 25cm落高)",,,,,,,高,multiple_measurements,false,multiple_primary_measurements,,,,10,,68,EVM91_d5f559869ceb74de1c,accepted
PROPM91_596fdaa25f332c2188,RELM91_1f040a78d4a04730cd,MATM91_ce26cda5a2182e868b,钝黑-6炸药,安全特性,冲击感度,极低 (需高强度起爆药包或雷管起爆),,,,,,,强|低|极低|高,qualitative_only,false,no_reliable_numeric_measurement,,,,,,68,EVM91_f47ed6eda83f2eda9a,accepted
PROPM91_d426d475aceca31b7f,RELM91_3b7ab719a921fdb5b0,MATM91_ce26cda5a2182e868b,钝黑-6炸药,安全特性,火焰感度,极低,,,,,,,低|极低,qualitative_only,false,no_reliable_numeric_measurement,,,,,,68,EVM91_db5d4be91139f0da12,accepted
PROPM91_b808b02afcc270889a,RELM91_aca7b68dd17cd22ec4,MATM91_ce26cda5a2182e868b,钝黑-6炸药,安全特性,静电感度(需对应不同测试条件),不敏感,,,,,,,敏感|不敏感,qualitative_only,false,no_reliable_numeric_measurement,,,,,,68,EVM91_fbbdc23ddf98ff3b61,accepted
PROPM91_db80075af98e1c80eb,RELM91_e6968c57a63007ce8c,MATM91_ce26cda5a2182e868b,钝黑-6炸药,安全特性,热感度(5s爆发点),240°C - 250°C,,,,,,,,multiple_measurements,false,multiple_primary_measurements,,热感度(5s爆发点),,,5,68,EVM91_330336c6a72e07cbab,accepted
PROPM91_ea418841bee7745d64,RELM91_92aa3f59dcc9623ef1,MATM91_ce26cda5a2182e868b,钝黑-6炸药,安全特性,电火花感度,不敏感,,,,,,,敏感|不敏感,qualitative_only,false,no_reliable_numeric_measurement,,,,,,68,EVM91_a1748d8b9808bf76c8,accepted
PROPM91_da3001043db80a8c2b,RELM91_807fd15399e0cc2373,MATM91_ce26cda5a2182e868b,钝黑-6炸药,安全特性,吸湿性,≤ 0.05%,0.05,,,%,explicit_or_field_specific,<=,,validated_single,true,,primary_value,吸湿性,<=,,,68,EVM91_66c2de6d9b46710fba,accepted
PROPM91_909c243347d2562cb9,RELM91_3f215e06364f6ba020,MATM91_ce26cda5a2182e868b,钝黑-6炸药,安全特性,熔点,50-70°C (钝感剂); 204°C (RDX),,,,,,,,multiple_measurements,false,multiple_primary_measurements,,熔点,,,,68,EVM91_5f74f55a714c5a03d6,accepted
PROPM91_6fd4f73dad4c743c3d,RELM91_9792b10c2313bad29e,MATM91_ce26cda5a2182e868b,钝黑-6炸药,安全特性,分解温度,~230°C (开始缓慢分解),230,,,℃,explicit_or_field_specific,~,,validated_single,true,,onset_temperature,分解温度,~,,,68,EVM91_5c23d3c819a85efb3f,accepted
PROPM91_7bc75ae2de5c99c580,RELM91_74bb2514e88292cea7,MATM91_ce26cda5a2182e868b,钝黑-6炸药,能量特性,爆速,7300 - 7550 m/s (装填密度 1.55g/cm3),,7300,7550,m/s,explicit_or_field_specific,,,validated_range,true,,primary_value,爆速,,,,68,EVM91_e4c848efccb3e9d57d,accepted
PROPM91_db571ffdedbf5726f9,RELM91_f312ed5d3be61f9f2a,MATM91_ce26cda5a2182e868b,钝黑-6炸药,能量特性,爆温,~2600 K,2600,,,℃,explicit_or_field_specific,~,,validated_single,true,,primary_value,爆温,~,,,68,EVM91_6a559a93d9eade45d6,accepted
PROPM91_bae7736b7c94dcebf1,RELM91_0bdcc5662101b08bda,MATM91_ce26cda5a2182e868b,钝黑-6炸药,能量特性,爆压,20 - 23 GPa,,20,23,GPa,explicit_or_field_specific,,,validated_range,true,,primary_value,爆压,,,,68,EVM91_ceb3ff475ed6adfeb5,accepted
PROPM91_e40cadb4a5515f97ac,RELM91_5e6ffc2a58691b531b,MATM91_ce26cda5a2182e868b,钝黑-6炸药,能量特性,爆容,750 - 800 L/kg,,750,800,L/kg,explicit_or_field_specific,,,validated_range,true,,primary_value,爆容,,,,68,EVM91_528c018911d8140d5f,accepted
PROPM91_0d0a1f6105df0e6cc3,RELM91_4efa39cd049204f04f,MATM91_ce26cda5a2182e868b,钝黑-6炸药,能量特性,威力,1.0 - 1.2 (TNT当量); 铅柱扩孔值约 350-380 mL,,,,m,explicit_text,,,text_only,false,no_reliable_numeric_measurement,,,,,,68,EVM91_eb53a9589490a8a07b,accepted
PROPM91_9aefdacda259c546b7,RELM91_4ca50b966cded47138,MATM91_ce26cda5a2182e868b,钝黑-6炸药,能量特性,猛度,95% - 105% (相对于TNT),,,,,,,,multiple_measurements,false,multiple_primary_measurements,,猛度,,,,68,EVM91_424f158e5a02c8352a,accepted
PROPM91_0ac9ec6197be5618af,RELM91_e1d4a0310cf5b36341,MATM91_ce26cda5a2182e868b,钝黑-6炸药,能量特性,起爆力,"中等,主要作为不敏感弹药的主装药",,,,,,,敏感|不敏感|中等,text_only,false,no_reliable_numeric_measurement,,,,,,68,EVM91_eddd9c5811300c568f,accepted
PROPM91_f07996df184d243acf,RELM91_a0974a18545ed4df99,MATM91_7b39d64653b7ab4300,钝黑-7炸药,理化性质,分子量(单质),222.12,,,,g/mol,field_dictionary,,,qualitative_only,false,no_reliable_numeric_measurement,,,,,,69,EVM91_a3f2628bfe943d8b4d,accepted
PROPM91_b289d352bb3c4b6b43,RELM91_ca238802b02b7f0a2c,MATM91_7b39d64653b7ab4300,钝黑-7炸药,理化性质,密度,1.45-1.52 g/cm3 (装填密度); 1.58 g/cm3 (理论密度),,,,,,,,multiple_measurements,false,multiple_primary_measurements,,密度,,,,69,EVM91_7c5a4159ca2041045f,accepted
PROPM91_17ac9ece93a0f2c678,RELM91_605da9026a2fda45c1,MATM91_7b39d64653b7ab4300,钝黑-7炸药,理化性质,外观,多为淡绿色、淡紫色或白色颗粒 (取决于染色要求),,,,,,,,text_only,false,no_reliable_numeric_measurement,,,,,,69,EVM91_80ea423ee1289a3948,accepted
PROPM91_3ba267d0aa28ba2b0d,RELM91_ec08fd70e5d52ae894,MATM91_7b39d64653b7ab4300,钝黑-7炸药,理化性质,溶解性,"不溶于水,极微溶于乙醇,溶于丙酮",,,,,,,,text_only,false,no_reliable_numeric_measurement,,,,,,69,EVM91_d63dbc3aedd532d91c,accepted
PROPM91_53d11d92ed7f7f218b,RELM91_52a86d1f918d7508f3,MATM91_7b39d64653b7ab4300,钝黑-7炸药,理化性质,挥发性,极低,,,,,,,低|极低,text_only,false,no_reliable_numeric_measurement,,,,,,69,EVM91_ed23e5856a64f66ad8,accepted
PROPM91_4a27bdba4cd20aa630,RELM91_b8b731de67f5c99d22,MATM91_7b39d64653b7ab4300,钝黑-7炸药,安全特性,摩擦感度(需对应不同测试条件),"0% (3.92MPa, 90°摆角, 几乎不燃不爆)",,,,,,,,multiple_measurements,false,multiple_primary_measurements,,摩擦感度,,,,69,EVM91_098d9edd09498b3e09,accepted
PROPM91_6b8396352fab73ec5b,RELM91_611e9f077223fab5b2,MATM91_7b39d64653b7ab4300,钝黑-7炸药,安全特性,撞击感度(需对应不同测试条件),"0% (10kg锤, 25cm落高, 极难起爆)",,,,,,,高,multiple_measurements,false,multiple_primary_measurements,,,,10,,69,EVM91_f5fce58e8116b0f904,accepted
PROPM91_364cd80ff1343029c0,RELM91_4749b591f13ad02ba4,MATM91_7b39d64653b7ab4300,钝黑-7炸药,安全特性,冲击感度,极低 (需要极强的起爆系统),,,,,,,强|低|极低,qualitative_only,false,no_reliable_numeric_measurement,,,,,,69,EVM91_9df17796b4865e99d4,accepted
PROPM91_b96ff302ee234d3be5,RELM91_95336868d3e4d9f5f8,MATM91_7b39d64653b7ab4300,钝黑-7炸药,安全特性,火焰感度,极低,,,,,,,低|极低,qualitative_only,false,no_reliable_numeric_measurement,,,,,,69,EVM91_aaea4392a0b97ba00d,accepted
PROPM91_d7b4856633a25552ed,RELM91_082307da47b2e577b9,MATM91_7b39d64653b7ab4300,钝黑-7炸药,安全特性,静电感度(需对应不同测试条件),不敏感,,,,,,,敏感|不敏感,qualitative_only,false,no_reliable_numeric_measurement,,,,,,69,EVM91_70cbce4ef08ff1df80,accepted
PROPM91_b6c13c3b19122cd63e,RELM91_56dfcea4ece6ca5ef5,MATM91_7b39d64653b7ab4300,钝黑-7炸药,安全特性,热感度(5s爆发点),245°C - 255°C,,,,,,,,multiple_measurements,false,multiple_primary_measurements,,热感度(5s爆发点),,,5,69,EVM91_bdaba0339c908d6594,accepted
PROPM91_5a2f64c55145e3195b,RELM91_6549e901b2ed45ef60,MATM91_7b39d64653b7ab4300,钝黑-7炸药,安全特性,电火花感度,不敏感,,,,,,,敏感|不敏感,qualitative_only,false,no_reliable_numeric_measurement,,,,,,69,EVM91_da3996f19a0fb72fbd,accepted
PROPM91_662f97c3024581e4ee,RELM91_1029533b686d130a72,MATM91_7b39d64653b7ab4300,钝黑-7炸药,安全特性,吸湿性,≤ 0.05%,0.05,,,%,explicit_or_field_specific,<=,,validated_single,true,,primary_value,吸湿性,<=,,,69,EVM91_11583e19863f4e6591,accepted
PROPM91_12a38b00e8d41ec8fd,RELM91_1ac220c55d8e4abb89,MATM91_7b39d64653b7ab4300,钝黑-7炸药,安全特性,熔点,50-75°C (钝感剂); 204°C (RDX),,,,,,,,multiple_measurements,false,multiple_primary_measurements,,熔点,,,,69,EVM91_faa19f540302bfb660,accepted
PROPM91_1ece366c9d23a16f68,RELM91_c1021605e2825f9bda,MATM91_7b39d64653b7ab4300,钝黑-7炸药,安全特性,分解温度,~230°C (开始分解),230,,,℃,explicit_or_field_specific,~,,validated_single,true,,onset_temperature,分解温度,~,,,69,EVM91_87c43d38b3080f426c,accepted
PROPM91_4c4db72344512fb4af,RELM91_c29a31bb5dad4f2ac6,MATM91_7b39d64653b7ab4300,钝黑-7炸药,能量特性,爆速,6800 - 7100 m/s (装填密度 1.50g/cm3),,6800,7100,m/s,explicit_or_field_specific,,,validated_range,true,,primary_value,爆速,,,,69,EVM91_091b4e1dd78106bb51,accepted
PROPM91_134c8947199d10f9fd,RELM91_9048f794526ff20208,MATM91_7b39d64653b7ab4300,钝黑-7炸药,能量特性,爆温,~2300 K,2300,,,℃,explicit_or_field_specific,~,,validated_single,true,,primary_value,爆温,~,,,69,EVM91_357567f31beff0a267,accepted
PROPM91_8f6c0e86737703efd7,RELM91_24e8910303a0468906,MATM91_7b39d64653b7ab4300,钝黑-7炸药,能量特性,爆压,15 - 18 GPa,,15,18,GPa,explicit_or_field_specific,,,validated_range,true,,primary_value,爆压,,,,69,EVM91_cbea05e53b4806676b,accepted
PROPM91_401b71aeab2bf686c9,RELM91_5ef9a01742f193cc0c,MATM91_7b39d64653b7ab4300,钝黑-7炸药,能量特性,爆容,650 - 720 L/kg,,650,720,L/kg,explicit_or_field_specific,,,validated_range,true,,primary_value,爆容,,,,69,EVM91_5a49c5ea08e6fda1bb,accepted
PROPM91_3b9215a30ec2d3c0c2,RELM91_4799098c1409d32f52,MATM91_7b39d64653b7ab4300,钝黑-7炸药,能量特性,威力,0.8 - 1.0 (TNT当量); 铅柱扩孔值约 300-330 mL,,,,m,explicit_text,,,text_only,false,no_reliable_numeric_measurement,,,,,,69,EVM91_ad7846c467aa170d0f,accepted
PROPM91_5e3fcd0454708e9df4,RELM91_d4ccf155c38cf254d0,MATM91_7b39d64653b7ab4300,钝黑-7炸药,能量特性,猛度,80% - 90% (相对于TNT),,,,,,,,multiple_measurements,false,multiple_primary_measurements,,猛度,,,,69,EVM91_be03a45428ff7dda0f,accepted
PROPM91_f4b1cb388cab4256fd,RELM91_ebb97e67f29054ad64,MATM91_7b39d64653b7ab4300,钝黑-7炸药,能量特性,起爆力,"较弱,主要用于极端安全要求的特种用途或极不敏感弹药",,,,,,,敏感|不敏感|极不敏感,text_only,false,no_reliable_numeric_measurement,,,,,,69,EVM91_ddf21ae4acb6a2874a,accepted
PROPM91_d60894e514337fad24,RELM91_e9a0403fba1600341d,MATM91_e4ea50e63794908993,聚黑-2炸药,理化性质,分子量(单质),222.12 (RDX),,,,g/mol,field_dictionary,,,qualitative_only,false,no_reliable_numeric_measurement,,,,,,70,EVM91_5ca952990725ec85e7,accepted
PROPM91_57d84959942e4081bb,RELM91_1ed06c3c9f9b7c4f28,MATM91_e4ea50e63794908993,聚黑-2炸药,理化性质,密度,1.70-1.78 g/cm3 (压制密度); 1.82 g/cm3 (理论密度),,,,,,,,multiple_measurements,false,multiple_primary_measurements,,密度,,,,70,EVM91_f110415d6df5ae1ef6,accepted
PROPM91_a3c867e20420dd3675,RELM91_cbaab8b7f071b12d90,MATM91_e4ea50e63794908993,聚黑-2炸药,理化性质,外观,白色或淡黄色均匀粉末/颗粒,,,,,,,,text_only,false,no_reliable_numeric_measurement,,,,,,70,EVM91_fc9cdbb22fe7d9e4df,accepted
PROPM91_6cb11e3cf677a916aa,RELM91_99b8d29c3b9a15c1c8,MATM91_e4ea50e63794908993,聚黑-2炸药,理化性质,溶解性,"不溶于水,不溶于大部分有机溶剂(粘结剂保护),RDX组分溶于丙酮",,,,,,,,text_only,false,no_reliable_numeric_measurement,,,,,,70,EVM91_f1ef9ab8aecf27c2ab,accepted
PROPM91_30ee6a680dadd7617a,RELM91_6dffa94bf5e70a4618,MATM91_e4ea50e63794908993,聚黑-2炸药,理化性质,挥发性,极低,,,,,,,低|极低,text_only,false,no_reliable_numeric_measurement,,,,,,70,EVM91_72d2dd56df32f5fcfe,accepted
PROPM91_ff99318ae7b631c790,RELM91_df27562888bfab0f7e,MATM91_e4ea50e63794908993,聚黑-2炸药,安全特性,摩擦感度(需对应不同测试条件),"≤ 10% (3.92MPa, 90°摆角)",,,,,,,,multiple_measurements,false,multiple_primary_measurements,,摩擦感度,,,,70,EVM91_082b29549a6e2fc0da,accepted
PROPM91_6f9e0721d17df17bfd,RELM91_a3424e43e82c58789d,MATM91_e4ea50e63794908993,聚黑-2炸药,安全特性,撞击感度(需对应不同测试条件),"≤ 20% (10kg锤, 25cm落高)",,,,,,,高,multiple_measurements,false,multiple_primary_measurements,,,,10,,70,EVM91_0f6a3574c305b5fca0,accepted
PROPM91_6d2cb275f98839a956,RELM91_adf96fee9d71634c48,MATM91_e4ea50e63794908993,聚黑-2炸药,安全特性,冲击感度,"高 (需雷管起爆,但比钝黑系列稳定性更好)",,,,,,,高,qualitative_only,false,no_reliable_numeric_measurement,,,,,,70,EVM91_23c640884bf98d0c12,accepted
PROPM91_aef5003a50e7546a15,RELM91_bf385ca2fed3866492,MATM91_e4ea50e63794908993,聚黑-2炸药,安全特性,火焰感度,低,,,,,,,低,qualitative_only,false,no_reliable_numeric_measurement,,,,,,70,EVM91_d96655ba3cf7f16bd7,accepted
PROPM91_b1d42e5a10a0b2a279,RELM91_de6ee7541643c76358,MATM91_e4ea50e63794908993,聚黑-2炸药,安全特性,静电感度(需对应不同测试条件),不敏感,,,,,,,敏感|不敏感,qualitative_only,false,no_reliable_numeric_measurement,,,,,,70,EVM91_ee2540bbf584e75a04,accepted
PROPM91_7968d65a5a9cda38bc,RELM91_c24d45154d84c0a63d,MATM91_e4ea50e63794908993,聚黑-2炸药,安全特性,热感度(5s爆发点),230°C - 240°C,,,,,,,,multiple_measurements,false,multiple_primary_measurements,,热感度(5s爆发点),,,5,70,EVM91_c01ab3ddfd2b8fdeda,accepted
PROPM91_e948033f34e0300ff0,RELM91_befb9a31b43a6199b0,MATM91_e4ea50e63794908993,聚黑-2炸药,安全特性,电火花感度,不敏感,,,,,,,敏感|不敏感,qualitative_only,false,no_reliable_numeric_measurement,,,,,,70,EVM91_f324a8a87c7f32bd11,accepted
PROPM91_e0778e05a8e732f3e1,RELM91_c85a073eea631677d3,MATM91_e4ea50e63794908993,聚黑-2炸药,安全特性,吸湿性,≤ 0.05%,0.05,,,%,explicit_or_field_specific,<=,,validated_single,true,,primary_value,吸湿性,<=,,,70,EVM91_077dcb42e76b18e7f2,accepted
PROPM91_1563ee42745ee49c8b,RELM91_aaa498eaffd5fffa4e,MATM91_e4ea50e63794908993,聚黑-2炸药,安全特性,熔点,204°C (RDX组分); 粘结剂为热塑性弹性体,204,,,℃,explicit_or_field_specific,,,validated_single,true,,primary_value,熔点,,,,70,EVM91_393cc56bf95d35c6f2,accepted
PROPM91_1574b515757567ba30,RELM91_9d5bcd68313ce290c9,MATM91_e4ea50e63794908993,聚黑-2炸药,安全特性,分解温度,~230°C (开始分解),230,,,℃,explicit_or_field_specific,~,,validated_single,true,,onset_temperature,分解温度,~,,,70,EVM91_bdca6e965dcf3afbd1,accepted
PROPM91_337c4f87e76af7f520,RELM91_2755f4ba8cbc40102d,MATM91_e4ea50e63794908993,聚黑-2炸药,能量特性,爆速,8300 - 8500 m/s (密度 1.76g/cm3),,8300,8500,m/s,explicit_or_field_specific,,,validated_range,true,,primary_value,爆速,,,,70,EVM91_913de47af04a69214a,accepted
PROPM91_07b85ffd571bb0f257,RELM91_5b4e4797808604878b,MATM91_e4ea50e63794908993,聚黑-2炸药,能量特性,爆温,~3300 K,3300,,,℃,explicit_or_field_specific,~,,validated_single,true,,primary_value,爆温,~,,,70,EVM91_0e3acc4a2cc1d0eba7,accepted
PROPM91_c29b725be08b104e05,RELM91_7b97e2c8e1d3364e01,MATM91_e4ea50e63794908993,聚黑-2炸药,能量特性,爆压,32 - 34 GPa,,32,34,GPa,explicit_or_field_specific,,,validated_range,true,,primary_value,爆压,,,,70,EVM91_837f1e09e6faba20fc,accepted
PROPM91_9dd86fbf809832df9b,RELM91_9662f6d44c4a12b66e,MATM91_e4ea50e63794908993,聚黑-2炸药,能量特性,爆容,880 - 920 L/kg,,880,920,L/kg,explicit_or_field_specific,,,validated_range,true,,primary_value,爆容,,,,70,EVM91_c9061c1d4e4cd808c8,accepted
PROPM91_9963959237edda7ca1,RELM91_c7b09674f6749213a0,MATM91_e4ea50e63794908993,聚黑-2炸药,能量特性,威力,1.5 - 1.6 (TNT当量); 铅柱扩孔值约 480-500 mL,,,,m,explicit_text,,,text_only,false,no_reliable_numeric_measurement,,,,,,70,EVM91_3c49b1c128ecaea550,accepted
PROPM91_fdcbf233cf76ab28ec,RELM91_0683d23fbf2e9a8238,MATM91_e4ea50e63794908993,聚黑-2炸药,能量特性,猛度,125% - 135% (相对于TNT),,,,,,,,multiple_measurements,false,multiple_primary_measurements,,猛度,,,,70,EVM91_922ccade91009f57e6,accepted
PROPM91_0393d957dd5e54bcea,RELM91_e935665e533bdd7461,MATM91_e4ea50e63794908993,聚黑-2炸药,能量特性,起爆力,"极强,常用于聚能装药及精弹药",,,,,,,强,text_only,false,no_reliable_numeric_measurement,,,,,,70,EVM91_2eb3a468ce0c83fc3f,accepted
PROPM91_7eec7a234e1a170831,RELM91_75107730ef39e37d98,MATM91_942747c46a370f19fd,聚黑-6炸药A（PBX-RDX-6A）,理化性质,分子量(单质),222.12 (RDX),,,,g/mol,field_dictionary,,,qualitative_only,false,no_reliable_numeric_measurement,,,,,,71,EVM91_baa9f13fe6462f8436,accepted
PROPM91_d9eab6aab4a0bcf777,RELM91_20b245a2f8f50f88d8,MATM91_942747c46a370f19fd,聚黑-6炸药A（PBX-RDX-6A）,理化性质,密度,1.68-1.75 g/cm3 (装填密度); 1.80 g/cm3 (理论密度),,,,,,,,multiple_measurements,false,multiple_primary_measurements,,密度,,,,71,EVM91_2f9483cb4647e4d200,accepted
PROPM91_9d79c382aa25c08538,RELM91_a29d9773e828b56f0d,MATM91_942747c46a370f19fd,聚黑-6炸药A（PBX-RDX-6A）,理化性质,外观,淡黄色或浅灰色颗粒/压药件,,,,,,,,text_only,false,no_reliable_numeric_measurement,,,,,,71,EVM91_a99b85a0d7968ca27e,accepted
PROPM91_0e8ee4e23d299b803a,RELM91_a98ee50af7b91afdb4,MATM91_942747c46a370f19fd,聚黑-6炸药A（PBX-RDX-6A）,理化性质,溶解性,"不溶于水,粘结剂可溶于特定有机溶剂(如乙酸乙酯),RDX溶于丙酮",,,,,,,,text_only,false,no_reliable_numeric_measurement,,,,,,71,EVM91_1345f25996de9b4420,accepted
PROPM91_e4749d042d3a889ee1,RELM91_bcdd5f33aa202d5f39,MATM91_942747c46a370f19fd,聚黑-6炸药A（PBX-RDX-6A）,理化性质,挥发性,极低,,,,,,,低|极低,text_only,false,no_reliable_numeric_measurement,,,,,,71,EVM91_cdb640100f9f7ba2e1,accepted
PROPM91_bf090f5da05ae37bc5,RELM91_363a4175c9d8a1a0f5,MATM91_942747c46a370f19fd,聚黑-6炸药A（PBX-RDX-6A）,安全特性,摩擦感度(需对应不同测试条件),"≤ 12% (3.92MPa, 90°摆角)",,,,,,,,multiple_measurements,false,multiple_primary_measurements,,摩擦感度,,,,71,EVM91_90d8b0a010cca495af,accepted
PROPM91_122fdd887bb9268e32,RELM91_124ce383800503b13d,MATM91_942747c46a370f19fd,聚黑-6炸药A（PBX-RDX-6A）,安全特性,撞击感度(需对应不同测试条件),"≤ 18% (10kg锤, 25cm落高)",,,,,,,高,multiple_measurements,false,multiple_primary_measurements,,,,10,,71,EVM91_bbc17f430168b5fb05,accepted
PROPM91_c424f25129e718d93f,RELM91_80995610245a928084,MATM91_942747c46a370f19fd,聚黑-6炸药A（PBX-RDX-6A）,安全特性,冲击感度,"较高 (作为精密传爆药或主装药,对雷管敏感)",,,,,,,敏感|高,qualitative_only,false,no_reliable_numeric_measurement,,,,,,71,EVM91_13b21978e75f883ccd,accepted
PROPM91_cb71e13bbeb9e8eeb7,RELM91_1be681eb79d81727bf,MATM91_942747c46a370f19fd,聚黑-6炸药A（PBX-RDX-6A）,安全特性,火焰感度,低,,,,,,,低,qualitative_only,false,no_reliable_numeric_measurement,,,,,,71,EVM91_67ed14e47caa66cc55,accepted
PROPM91_9fe6bdbef2455f11f8,RELM91_bb44c7891b4fa0d82d,MATM91_942747c46a370f19fd,聚黑-6炸药A（PBX-RDX-6A）,安全特性,静电感度(需对应不同测试条件),不敏感,,,,,,,敏感|不敏感,qualitative_only,false,no_reliable_numeric_measurement,,,,,,71,EVM91_55d36747094ed20e9c,accepted
PROPM91_df23d1b3d233cd7073,RELM91_c6e990a4d8a343ff9b,MATM91_942747c46a370f19fd,聚黑-6炸药A（PBX-RDX-6A）,安全特性,热感度(5s爆发点),235°C - 245°C,,,,,,,,multiple_measurements,false,multiple_primary_measurements,,热感度(5s爆发点),,,5,71,EVM91_0f0aa37255d2fe818a,accepted
PROPM91_a20c8c40646e613fef,RELM91_1677227dae4be01ac2,MATM91_942747c46a370f19fd,聚黑-6炸药A（PBX-RDX-6A）,安全特性,电火花感度,不敏感,,,,,,,敏感|不敏感,qualitative_only,false,no_reliable_numeric_measurement,,,,,,71,EVM91_c25bac86c1a0a434f3,accepted
PROPM91_a3f1110ea7dc01c0d7,RELM91_24a2ea0033a87a0c4c,MATM91_942747c46a370f19fd,聚黑-6炸药A（PBX-RDX-6A）,安全特性,吸湿性,≤ 0.06%,0.06,,,%,explicit_or_field_specific,<=,,validated_single,true,,primary_value,吸湿性,<=,,,71,EVM91_8f63ec5c615442793f,accepted
PROPM91_4653fa24bdd98ef34c,RELM91_1c03b66d504f715648,MATM91_942747c46a370f19fd,聚黑-6炸药A（PBX-RDX-6A）,安全特性,熔点,204°C (RDX组分); 粘结剂视具体品种而定,204,,,℃,explicit_or_field_specific,,,validated_single,true,,primary_value,熔点,,,,71,EVM91_ed95c622ab694e6000,accepted
PROPM91_fb8de8d2f05340a8aa,RELM91_259984e29ae5d7268d,MATM91_942747c46a370f19fd,聚黑-6炸药A（PBX-RDX-6A）,安全特性,分解温度,~230°C (开始剧烈分解),230,,,℃,explicit_or_field_specific,~,,validated_single,true,,onset_temperature,分解温度,~,,,71,EVM91_695de460bd2648c692,accepted
PROPM91_5846db76f4adc23a99,RELM91_1c0baf69c3099e956a,MATM91_942747c46a370f19fd,聚黑-6炸药A（PBX-RDX-6A）,能量特性,爆速,8200 - 8400 m/s (密度 1.74g/cm3),,8200,8400,m/s,explicit_or_field_specific,,,validated_range,true,,primary_value,爆速,,,,71,EVM91_8b4eb2381188102bb1,accepted
PROPM91_1a87c1f0f9e672e414,RELM91_20e84e8cb0f719a98b,MATM91_942747c46a370f19fd,聚黑-6炸药A（PBX-RDX-6A）,能量特性,爆温,~3250 K,3250,,,℃,explicit_or_field_specific,~,,validated_single,true,,primary_value,爆温,~,,,71,EVM91_e019133ba12b62176b,accepted
PROPM91_e90474d653e23f99b1,RELM91_0151ddfbb7cdb6f742,MATM91_942747c46a370f19fd,聚黑-6炸药A（PBX-RDX-6A）,能量特性,爆压,31 - 33 GPa,,31,33,GPa,explicit_or_field_specific,,,validated_range,true,,primary_value,爆压,,,,71,EVM91_ac8263b42beee63cf3,accepted
PROPM91_3ced40c8365bcd616a,RELM91_085125282c223c19da,MATM91_942747c46a370f19fd,聚黑-6炸药A（PBX-RDX-6A）,能量特性,爆容,860 - 900 L/kg,,860,900,L/kg,explicit_or_field_specific,,,validated_range,true,,primary_value,爆容,,,,71,EVM91_3015ae1085d6d28038,accepted
PROPM91_3ab58be011e212299a,RELM91_7292d235c66970363b,MATM91_942747c46a370f19fd,聚黑-6炸药A（PBX-RDX-6A）,能量特性,威力,1.45 - 1.55 (TNT当量),,,,,,,,text_only,false,no_reliable_numeric_measurement,,,,,,71,EVM91_d08139cebf9c0245b2,accepted
PROPM91_2a28f8644c334deaa9,RELM91_27ac87cf9db5c0ffa8,MATM91_942747c46a370f19fd,聚黑-6炸药A（PBX-RDX-6A）,能量特性,猛度,120% - 130% (相对于TNT),,,,,,,,multiple_measurements,false,multiple_primary_measurements,,猛度,,,,71,EVM91_747a96dadc6596054f,accepted
PROPM91_96630122b128f6ab80,RELM91_f82bb8d1ddb05f90c8,MATM91_942747c46a370f19fd,聚黑-6炸药A（PBX-RDX-6A）,能量特性,起爆力,"极强,常用于精密聚能装药、导引头传爆药",,,,,,,强,text_only,false,no_reliable_numeric_measurement,,,,,,71,EVM91_bf7b8871d4445d128a,accepted
PROPM91_4e7943caa598dbc8ff,RELM91_7b7c6630401b5f514f,MATM91_e7dc4a73e9d1e12496,聚黑-14炸药,理化性质,分子量(单质),222.12 (RDX),,,,g/mol,field_dictionary,,,qualitative_only,false,no_reliable_numeric_measurement,,,,,,72,EVM91_32c5e5cc1148f6ba56,accepted
PROPM91_445ae0db4e7366adcd,RELM91_8551c64ad1f2c04d4a,MATM91_e7dc4a73e9d1e12496,聚黑-14炸药,理化性质,密度,1.74-1.81 g/cm3 (压制密度); 1.83 g/cm3 (理论密度),,,,,,,,multiple_measurements,false,multiple_primary_measurements,,密度,,,,72,EVM91_2c4cd1452b923f1eea,accepted
PROPM91_80ae6be931d4ce2f72,RELM91_e8c38990b4a1135e60,MATM91_e7dc4a73e9d1e12496,聚黑-14炸药,理化性质,外观,白色或微黄色粉末/颗粒,,,,,,,,text_only,false,no_reliable_numeric_measurement,,,,,,72,EVM91_8dd0c40d1ffc9cb769,accepted
PROPM91_98df7896908cc566de,RELM91_92f8105152f31c90c6,MATM91_e7dc4a73e9d1e12496,聚黑-14炸药,理化性质,溶解性,"不溶于水,RDX组分可溶于丙酮,粘结剂溶于特定有机溶剂",,,,,,,,text_only,false,no_reliable_numeric_measurement,,,,,,72,EVM91_d8606a19aac35c7566,accepted
PROPM91_4cc078d57d8e10bab3,RELM91_1fedd14d58a72869a9,MATM91_e7dc4a73e9d1e12496,聚黑-14炸药,理化性质,挥发性,极低,,,,,,,低|极低,text_only,false,no_reliable_numeric_measurement,,,,,,72,EVM91_c9b73a64cc5bb6a72a,accepted
PROPM91_8958b931b6bd68c928,RELM91_dc1d2977c325b827b2,MATM91_e7dc4a73e9d1e12496,聚黑-14炸药,安全特性,摩擦感度(需对应不同测试条件),"≤ 8% (3.92MPa, 90°摆角)",,,,,,,,multiple_measurements,false,multiple_primary_measurements,,摩擦感度,,,,72,EVM91_8d4a6c95fbbc052799,accepted
PROPM91_bdbdef0e51bc7b0878,RELM91_fef6479cfceea06901,MATM91_e7dc4a73e9d1e12496,聚黑-14炸药,安全特性,撞击感度(需对应不同测试条件),"≤ 16% (10kg锤, 25cm落高)",,,,,,,高,multiple_measurements,false,multiple_primary_measurements,,,,10,,72,EVM91_37cf1b0fc5f0dcbe6a,accepted
PROPM91_4c5b63f7a4532f44df,RELM91_413199c05fbbd37f2e,MATM91_e7dc4a73e9d1e12496,聚黑-14炸药,安全特性,冲击感度,"较高 (精密传爆级,对雷管极敏感)",,,,,,,极敏感|敏感|高,qualitative_only,false,no_reliable_numeric_measurement,,,,,,72,EVM91_44c2cc8bf2a7f4cdb5,accepted
PROPM91_d37058d4768e54567b,RELM91_0354acfa952042cd5b,MATM91_e7dc4a73e9d1e12496,聚黑-14炸药,安全特性,火焰感度,低,,,,,,,低,qualitative_only,false,no_reliable_numeric_measurement,,,,,,72,EVM91_a77d24e77a77324544,accepted
PROPM91_335c02d8a03c19c9d7,RELM91_e078ff3aab9ea8d221,MATM91_e7dc4a73e9d1e12496,聚黑-14炸药,安全特性,静电感度(需对应不同测试条件),不敏感,,,,,,,敏感|不敏感,qualitative_only,false,no_reliable_numeric_measurement,,,,,,72,EVM91_c07ec0cb3e3f8bc975,accepted
PROPM91_38f57946ad25abf72b,RELM91_2391f63ddf9104f73a,MATM91_e7dc4a73e9d1e12496,聚黑-14炸药,安全特性,热感度(5s爆发点),235°C - 240°C,,,,,,,,multiple_measurements,false,multiple_primary_measurements,,热感度(5s爆发点),,,5,72,EVM91_bb6d3d7b78f9089fee,accepted
PROPM91_71377a8a1ecf76c7aa,RELM91_704c9acc65f77a4d0a,MATM91_e7dc4a73e9d1e12496,聚黑-14炸药,安全特性,电火花感度,不敏感,,,,,,,敏感|不敏感,qualitative_only,false,no_reliable_numeric_measurement,,,,,,72,EVM91_7b4a41fbac93e9437c,accepted
PROPM91_2f65f7d58a78b75611,RELM91_bbdb2c90831a6ffe2a,MATM91_e7dc4a73e9d1e12496,聚黑-14炸药,安全特性,吸湿性,≤ 0.05%,0.05,,,%,explicit_or_field_specific,<=,,validated_single,true,,primary_value,吸湿性,<=,,,72,EVM91_322a4a72b2a45d0ba0,accepted
PROPM91_ad77bedd58c3a73555,RELM91_146019122ab3ba77a5,MATM91_e7dc4a73e9d1e12496,聚黑-14炸药,安全特性,熔点,204°C (RDX组分); 粘结剂视软化点而定,204,,,℃,explicit_or_field_specific,,,validated_single,true,,primary_value,熔点,,,,72,EVM91_ebe8456fc429c8d7a1,accepted
PROPM91_29b434d1cbb9b3c98f,RELM91_1d5a360659364e4f03,MATM91_e7dc4a73e9d1e12496,聚黑-14炸药,安全特性,分解温度,~230°C (开始分解),230,,,℃,explicit_or_field_specific,~,,validated_single,true,,onset_temperature,分解温度,~,,,72,EVM91_66d4f237a9293dd9e0,accepted
PROPM91_7b5c7716b793979688,RELM91_f927f6967aca509019,MATM91_e7dc4a73e9d1e12496,聚黑-14炸药,能量特性,爆速,8400 - 8600 m/s (密度 1.78g/cm3 以上),,8400,8600,m/s,explicit_or_field_specific,,,validated_range,true,,primary_value,爆速,,,,72,EVM91_091f3de3abef772e94,accepted
PROPM91_6ad5b78733e5a62eec,RELM91_654eeabf0c626ccf6b,MATM91_e7dc4a73e9d1e12496,聚黑-14炸药,能量特性,爆温,~3350 K,3350,,,℃,explicit_or_field_specific,~,,validated_single,true,,primary_value,爆温,~,,,72,EVM91_1ab265fe2c9a9bdc93,accepted
PROPM91_96a119cfc0b3966fc5,RELM91_c9ad290e2829c7dc00,MATM91_e7dc4a73e9d1e12496,聚黑-14炸药,能量特性,爆压,33 - 35 GPa,,33,35,GPa,explicit_or_field_specific,,,validated_range,true,,primary_value,爆压,,,,72,EVM91_2c30b8f6d65872c727,accepted
PROPM91_9f3ad41a50027d4188,RELM91_ec82e417af6fd2e91d,MATM91_e7dc4a73e9d1e12496,聚黑-14炸药,能量特性,爆容,900 - 940 L/kg,,900,940,L/kg,explicit_or_field_specific,,,validated_range,true,,primary_value,爆容,,,,72,EVM91_02875c61c09e9f0568,accepted
PROPM91_50b1ddf26fbd33c178,RELM91_327c8cb9f981009eec,MATM91_e7dc4a73e9d1e12496,聚黑-14炸药,能量特性,威力,1.55 - 1.65 (TNT当量),,,,,,,,text_only,false,no_reliable_numeric_measurement,,,,,,72,EVM91_8c7273bb23e71a7db2,accepted
PROPM91_6560897acb4838cf01,RELM91_d0e3c1caf68858301e,MATM91_e7dc4a73e9d1e12496,聚黑-14炸药,能量特性,猛度,130% - 140% (相对于TNT),,,,,,,,multiple_measurements,false,multiple_primary_measurements,,猛度,,,,72,EVM91_af969b3c2c841edd9b,accepted
PROPM91_375a6a9529287c84ce,RELM91_bef46dbdcffc82e384,MATM91_e7dc4a73e9d1e12496,聚黑-14炸药,能量特性,起爆力,"极强,常用于聚能装药战斗部药芯、精密传爆管",,,,,,,强,text_only,false,no_reliable_numeric_measurement,,,,,,72,EVM91_48698c5e1663d45f1b,accepted
PROPM91_527ee298a81d7f8390,RELM91_254b6a081363b2248e,MATM91_a7db4bae9eb9f70e8f,塑黑-1炸药A,理化性质,分子量(单质),222.12 (RDX),,,,g/mol,field_dictionary,,,qualitative_only,false,no_reliable_numeric_measurement,,,,,,73,EVM91_e65f4fe4531522e9cd,accepted
PROPM91_c8a2729801729427b7,RELM91_bc94b364ea6b196517,MATM91_a7db4bae9eb9f70e8f,塑黑-1炸药A,理化性质,密度,"1.52-1.60 g/cm3 (由于其可塑性,密度随揉捏/填充情况变化)",,1.52,1.60,g/cm³,explicit_or_field_specific,,,validated_range,true,,primary_value,密度,,,,73,EVM91_2da59f968cf8a7f21f,accepted
PROPM91_7e55c6efd2198dfa23,RELM91_844414f683fcac637b,MATM91_a7db4bae9eb9f70e8f,塑黑-1炸药A,理化性质,外观,"白色、淡黄色或灰白色腻子状物质,具有良好的可塑性",,,,,,,,text_only,false,no_reliable_numeric_measurement,,,,,,73,EVM91_4d0b4ec3390092484b,accepted
PROPM91_c156f9bdca4fae61c8,RELM91_9541e8051dde2656cb,MATM91_a7db4bae9eb9f70e8f,塑黑-1炸药A,理化性质,溶解性,"不溶于水,粘结剂可溶于汽油等溶剂,RDX溶于丙酮",,,,,,,,text_only,false,no_reliable_numeric_measurement,,,,,,73,EVM91_57b4a0536983e25e54,accepted
PROPM91_755b8271c4b5009c83,RELM91_50ec575b9aba70e24d,MATM91_a7db4bae9eb9f70e8f,塑黑-1炸药A,理化性质,挥发性,较低 (取决于所用增塑剂),,,,,,,较低|低,text_only,false,no_reliable_numeric_measurement,,,,,,73,EVM91_31d132a6ae0bffab51,accepted
PROPM91_2cc8850216e5d7476a,RELM91_22debdeb317763249e,MATM91_a7db4bae9eb9f70e8f,塑黑-1炸药A,安全特性,摩擦感度(需对应不同测试条件),"≤ 4% (3.92MPa, 90°摆角)",,,,,,,,multiple_measurements,false,multiple_primary_measurements,,摩擦感度,,,,73,EVM91_9c568158898fc357e1,accepted
PROPM91_9a784076f4fe3598f9,RELM91_597098dce5336066fc,MATM91_a7db4bae9eb9f70e8f,塑黑-1炸药A,安全特性,撞击感度(需对应不同测试条件),"≤ 12% (10kg锤, 25cm落高)",,,,,,,高,multiple_measurements,false,multiple_primary_measurements,,,,10,,73,EVM91_8b2bec96abf34e805b,accepted
PROPM91_bdf432a05bbb927d4e,RELM91_3893e5f2de8e028eda,MATM91_a7db4bae9eb9f70e8f,塑黑-1炸药A,安全特性,冲击感度,"中等 (对雷管敏感,但对机械冲击极其稳定)",,,,,,,敏感|中等,qualitative_only,false,no_reliable_numeric_measurement,,,,,,73,EVM91_5e502d774c765b4749,accepted
PROPM91_1d6ebda032851f9960,RELM91_2bf9354fb6569b525d,MATM91_a7db4bae9eb9f70e8f,塑黑-1炸药A,安全特性,火焰感度,极低,,,,,,,低|极低,qualitative_only,false,no_reliable_numeric_measurement,,,,,,73,EVM91_a12ef4c56eb3942c97,accepted
PROPM91_ee5331e56e02058719,RELM91_0cf8a047a5cc34c6a2,MATM91_a7db4bae9eb9f70e8f,塑黑-1炸药A,安全特性,静电感度(需对应不同测试条件),不敏感,,,,,,,敏感|不敏感,qualitative_only,false,no_reliable_numeric_measurement,,,,,,73,EVM91_6aa0d5d01325025d7b,accepted
PROPM91_5554e65c17e16faa7b,RELM91_93518b1e1d4ca09785,MATM91_a7db4bae9eb9f70e8f,塑黑-1炸药A,安全特性,热感度(5s爆发点),235°C - 245°C,,,,,,,,multiple_measurements,false,multiple_primary_measurements,,热感度(5s爆发点),,,5,73,EVM91_032116e3accc177928,accepted
PROPM91_6611d679fd591c62d1,RELM91_5466ce00f94cebe868,MATM91_a7db4bae9eb9f70e8f,塑黑-1炸药A,安全特性,电火花感度,不敏感,,,,,,,敏感|不敏感,qualitative_only,false,no_reliable_numeric_measurement,,,,,,73,EVM91_75533ff9f37a38d3d7,accepted
PROPM91_7a7d9c1b800d496bd0,RELM91_1ab3010420912fdd6d,MATM91_a7db4bae9eb9f70e8f,塑黑-1炸药A,安全特性,吸湿性,≤ 0.1%,0.1,,,%,explicit_or_field_specific,<=,,validated_single,true,,primary_value,吸湿性,<=,,,73,EVM91_ced1cc7c0e1b854310,accepted
PROPM91_42961b101804ec2ad2,RELM91_d6f0daebde3cdc3868,MATM91_a7db4bae9eb9f70e8f,塑黑-1炸药A,安全特性,熔点,"不适用 (RDX组分204°C); 粘结剂在低温下变硬,高温下软化",204,,,℃,explicit_or_field_specific,,低|高,validated_single,true,,primary_value,熔点,,,,73,EVM91_eb8a3437fb7ca37960,accepted
PROPM91_cfd16a938b7f3eb2da,RELM91_b38173c488c0ed4b81,MATM91_a7db4bae9eb9f70e8f,塑黑-1炸药A,安全特性,分解温度,~230°C (开始分解),230,,,℃,explicit_or_field_specific,~,,validated_single,true,,onset_temperature,分解温度,~,,,73,EVM91_967aa8d3badcf858a1,accepted
PROPM91_5fd6af4fe75b9b6e75,RELM91_8b5ab136765728d702,MATM91_a7db4bae9eb9f70e8f,塑黑-1炸药A,能量特性,爆速,7600 - 7900 m/s (视装填密度而定),,7600,7900,m/s,explicit_or_field_specific,,,validated_range,true,,primary_value,爆速,,,,73,EVM91_da4013cddeafa56799,accepted
PROPM91_b4a82a8b374b7fa0a0,RELM91_a31e641f7cd8d2b307,MATM91_a7db4bae9eb9f70e8f,塑黑-1炸药A,能量特性,爆温,~2900 K,2900,,,℃,explicit_or_field_specific,~,,validated_single,true,,primary_value,爆温,~,,,73,EVM91_22318ab5eb5e55ccbb,accepted
PROPM91_2cd85f43cbbeb72f0a,RELM91_474c128b7a129935da,MATM91_a7db4bae9eb9f70e8f,塑黑-1炸药A,能量特性,爆压,24 - 26 GPa,,24,26,GPa,explicit_or_field_specific,,,validated_range,true,,primary_value,爆压,,,,73,EVM91_e7afbc7d18f2f9eaf6,accepted
PROPM91_581af5dec44e58003b,RELM91_f1611fef7feb428ce5,MATM91_a7db4bae9eb9f70e8f,塑黑-1炸药A,能量特性,爆容,820 - 870 L/kg,,820,870,L/kg,explicit_or_field_specific,,,validated_range,true,,primary_value,爆容,,,,73,EVM91_5c0e0774fcdb26e18f,accepted
PROPM91_37489297542463eb1a,RELM91_69c52c39b4484ccb18,MATM91_a7db4bae9eb9f70e8f,塑黑-1炸药A,能量特性,威力,1.2 - 1.4 (TNT当量),,,,,,,,text_only,false,no_reliable_numeric_measurement,,,,,,73,EVM91_d3b9359d9163fd2fcb,accepted
PROPM91_2bfda1a74e9a371666,RELM91_391e8a42b25e80526f,MATM91_a7db4bae9eb9f70e8f,塑黑-1炸药A,能量特性,猛度,105% - 115% (相对于TNT),,,,,,,,multiple_measurements,false,multiple_primary_measurements,,猛度,,,,73,EVM91_0e43c640b157a0f496,accepted
PROPM91_077b1ea37318396d53,RELM91_ca079a89ceed8a2b65,MATM91_a7db4bae9eb9f70e8f,塑黑-1炸药A,能量特性,起爆力,"强,主要用于爆破、销毁及异形装药",,,,,,,强,text_only,false,no_reliable_numeric_measurement,,,,,,73,EVM91_8173628d7f3dcd436f,accepted
PROPM91_50ed27f66b715b32f4,RELM91_85b6c323f4120bbd03,MATM91_bc4e996f2b6771c719,塑黑-4炸药A,理化性质,分子量(单质),222.12 (RDX),,,,g/mol,field_dictionary,,,qualitative_only,false,no_reliable_numeric_measurement,,,,,,74,EVM91_d1ef800f75ad25c7cc,accepted
PROPM91_72328397e20a56d83f,RELM91_aac51966b26ea9f76c,MATM91_bc4e996f2b6771c719,塑黑-4炸药A,理化性质,密度,"1.48-1.55 g/cm3 (由于其极高的可塑性,密度随填充密度变化)",,1.48,1.55,g/cm³,explicit_or_field_specific,,极高|高,validated_range,true,,primary_value,密度,,,,74,EVM91_20ee05fd299553277b,accepted
PROPM91_8bffc141802369eb02,RELM91_3f95942daa32fda407,MATM91_bc4e996f2b6771c719,塑黑-4炸药A,理化性质,外观,"白色、浅灰色或淡紫色腻子状,质地较塑黑-1A更为柔软,极易捏合",,,,,,,,text_only,false,no_reliable_numeric_measurement,,,,,,74,EVM91_fedce8cc08373d1a6c,accepted
PROPM91_abaa26a39eb9b59a5b,RELM91_2dfdebfaf3d5a984a3,MATM91_bc4e996f2b6771c719,塑黑-4炸药A,理化性质,溶解性,"不溶于水,粘结剂可部分溶于汽油、煤油,RDX溶于丙酮",,,,,,,,text_only,false,no_reliable_numeric_measurement,,,,,,74,EVM91_bd0ab242de28926e2d,accepted
PROPM91_9e9e43be1931bb7579,RELM91_4f163d46df27c1b9ba,MATM91_bc4e996f2b6771c719,塑黑-4炸药A,理化性质,挥发性,极低,,,,,,,低|极低,text_only,false,no_reliable_numeric_measurement,,,,,,74,EVM91_6fae3ce9e67980f915,accepted
PROPM91_52ff9939c21f2a354a,RELM91_943afac3aa1e66d099,MATM91_bc4e996f2b6771c719,塑黑-4炸药A,安全特性,摩擦感度(需对应不同测试条件),"0% (3.92MPa, 90°摆角, 几乎不燃不爆)",,,,,,,,multiple_measurements,false,multiple_primary_measurements,,摩擦感度,,,,74,EVM91_5128cdebde7c8df175,accepted
PROPM91_0d4d97b38120ea60e8,RELM91_5cd8bae8103d646c62,MATM91_bc4e996f2b6771c719,塑黑-4炸药A,安全特性,撞击感度(需对应不同测试条件),"0% - 4% (10kg锤, 25cm落高, 极不敏感)",,,,,,,敏感|不敏感|极不敏感|高,multiple_measurements,false,multiple_primary_measurements,,,,10,,74,EVM91_761f87ca8696a1162c,accepted
PROPM91_981baa30cc38da03ba,RELM91_7132608ba85600fdfc,MATM91_bc4e996f2b6771c719,塑黑-4炸药A,安全特性,冲击感度,"低 (安全性极高,需传爆药柱或强力雷管起爆)",,,,,,,强|低|极高|高,qualitative_only,false,no_reliable_numeric_measurement,,,,,,74,EVM91_36de76106e2f2bbceb,accepted
PROPM91_0b2f03028b834f18db,RELM91_3a0cce21ef318cb798,MATM91_bc4e996f2b6771c719,塑黑-4炸药A,安全特性,火焰感度,极低,,,,,,,低|极低,qualitative_only,false,no_reliable_numeric_measurement,,,,,,74,EVM91_f621092ae202a07293,accepted
PROPM91_ca48ac53b292ed2aea,RELM91_452198ec7a441f9acd,MATM91_bc4e996f2b6771c719,塑黑-4炸药A,安全特性,静电感度(需对应不同测试条件),不敏感,,,,,,,敏感|不敏感,qualitative_only,false,no_reliable_numeric_measurement,,,,,,74,EVM91_b549a2855185ead4bb,accepted
PROPM91_134204b9132943ab78,RELM91_93bba8a87227e82cc5,MATM91_bc4e996f2b6771c719,塑黑-4炸药A,安全特性,热感度(5s爆发点),240°C - 250°C,,,,,,,,multiple_measurements,false,multiple_primary_measurements,,热感度(5s爆发点),,,5,74,EVM91_d0c717879d1e25bd4e,accepted
PROPM91_d6800486ce5eb08a78,RELM91_0eb5941f574d7ecd26,MATM91_bc4e996f2b6771c719,塑黑-4炸药A,安全特性,电火花感度,不敏感,,,,,,,敏感|不敏感,qualitative_only,false,no_reliable_numeric_measurement,,,,,,74,EVM91_10c0cc1a70f678e5e4,accepted
PROPM91_0044167b7b0a92442c,RELM91_00100faf6faa5e2b43,MATM91_bc4e996f2b6771c719,塑黑-4炸药A,安全特性,吸湿性,≤ 0.05%,0.05,,,%,explicit_or_field_specific,<=,,validated_single,true,,primary_value,吸湿性,<=,,,74,EVM91_8910c91c8b2d4f745d,accepted
PROPM91_15bee56d2f7011b6b9,RELM91_24dcf507fb8bf05420,MATM91_bc4e996f2b6771c719,塑黑-4炸药A,安全特性,熔点,不适用; 粘结剂在高温下呈现良好的热稳定性,,,,,,,高,qualitative_only,false,no_reliable_numeric_measurement,,,,,,74,EVM91_efbc9196cfb7c8e64a,accepted
PROPM91_3073e0798f373db409,RELM91_cc5fd75f8bb1bea2f5,MATM91_bc4e996f2b6771c719,塑黑-4炸药A,安全特性,分解温度,~230°C (开始缓慢分解),230,,,℃,explicit_or_field_specific,~,,validated_single,true,,onset_temperature,分解温度,~,,,74,EVM91_689aa8c4c1c186e549,accepted
PROPM91_da2f36cea53a5af1e1,RELM91_230aed364ffcc7266b,MATM91_bc4e996f2b6771c719,塑黑-4炸药A,能量特性,爆速,7200 - 7500 m/s (视压实程度而定),,7200,7500,m/s,explicit_or_field_specific,,,validated_range,true,,primary_value,爆速,,,,74,EVM91_dd005a2f1f34136e86,accepted
PROPM91_4335006748f01890e9,RELM91_6a2b6d22a461f1f5fe,MATM91_bc4e996f2b6771c719,塑黑-4炸药A,能量特性,爆温,~2600 K,2600,,,℃,explicit_or_field_specific,~,,validated_single,true,,primary_value,爆温,~,,,74,EVM91_59393a2d392f29ad1c,accepted
PROPM91_c12f3f6415d1151dd4,RELM91_67837ebbb0450e7def,MATM91_bc4e996f2b6771c719,塑黑-4炸药A,能量特性,爆压,20 - 23 GPa,,20,23,GPa,explicit_or_field_specific,,,validated_range,true,,primary_value,爆压,,,,74,EVM91_07ea52f4967596aae6,accepted
PROPM91_56edf4e9329f79f42e,RELM91_d56d9c3a946dea2b45,MATM91_bc4e996f2b6771c719,塑黑-4炸药A,能量特性,爆容,750 - 800 L/kg,,750,800,L/kg,explicit_or_field_specific,,,validated_range,true,,primary_value,爆容,,,,74,EVM91_7d087506e5791e48ec,accepted
PROPM91_de89d6671070b3c257,RELM91_2c7a65302c8a987f3f,MATM91_bc4e996f2b6771c719,塑黑-4炸药A,能量特性,威力,1.0 - 1.2 (TNT当量),,,,,,,,text_only,false,no_reliable_numeric_measurement,,,,,,74,EVM91_93598ea45be2c2828c,accepted
PROPM91_19ccb7c64571394df6,RELM91_8ae0de214926188df4,MATM91_bc4e996f2b6771c719,塑黑-4炸药A,能量特性,猛度,95% - 105% (相对于TNT),,,,,,,,multiple_measurements,false,multiple_primary_measurements,,猛度,,,,74,EVM91_b88dee00bcc837d093,accepted
PROPM91_7df604537334c8adca,RELM91_a36a5a5f0487bf5fc5,MATM91_bc4e996f2b6771c719,塑黑-4炸药A,能量特性,起爆力,"中等偏强,主要用于高安全性爆破任务",,,,,,,强|中等|高,text_only,false,no_reliable_numeric_measurement,,,,,,74,EVM91_18ee6f061ddb8a3feb,accepted
PROPM91_c733602fd11a0a07ec,RELM91_762de86df9fa2c94a8,MATM91_3c1472599e617d0dfb,塑黑-5炸药A,理化性质,分子量(单质),222.12 (RDX),,,,g/mol,field_dictionary,,,qualitative_only,false,no_reliable_numeric_measurement,,,,,,75,EVM91_1cfec03b35484f76ea,accepted
PROPM91_37db76cb10bd1a26ff,RELM91_40a5bdfde4ed9e7935,MATM91_3c1472599e617d0dfb,塑黑-5炸药A,理化性质,密度,1.54-1.62 g/cm3 (随揉捏密实度变化),,1.54,1.62,g/cm³,explicit_or_field_specific,,,validated_range,true,,primary_value,密度,,,,75,EVM91_27d6639d77cd42c1db,accepted
PROPM91_1891fd6d71fa0170ed,RELM91_750315c3d1042aeb50,MATM91_3c1472599e617d0dfb,塑黑-5炸药A,理化性质,外观,"淡黄色、浅灰色或乳白色腻子状,质地均匀细腻,具有极强的可塑性",,,,,,,强,text_only,false,no_reliable_numeric_measurement,,,,,,75,EVM91_d4eac22f1e32d7011f,accepted
PROPM91_517f1165c7c4f173c5,RELM91_996d79cd6f3002f543,MATM91_3c1472599e617d0dfb,塑黑-5炸药A,理化性质,溶解性,"不溶于水,粘结剂可溶于汽油、醚类,RDX溶于丙酮",,,,,,,,text_only,false,no_reliable_numeric_measurement,,,,,,75,EVM91_fc7265fdfb72820010,accepted
PROPM91_c95086283af2485ed8,RELM91_2634e19ae00b684e90,MATM91_3c1472599e617d0dfb,塑黑-5炸药A,理化性质,挥发性,极低,,,,,,,低|极低,text_only,false,no_reliable_numeric_measurement,,,,,,75,EVM91_3142927ddf81806314,accepted
PROPM91_2dce3da2e7924c0ef0,RELM91_6d1a46b4cd16363ff6,MATM91_3c1472599e617d0dfb,塑黑-5炸药A,安全特性,摩擦感度(需对应不同测试条件),"0% (3.92MPa, 90°摆角, 极度稳定)",,,,,,,,multiple_measurements,false,multiple_primary_measurements,,摩擦感度,,,,75,EVM91_343a5d5bd03d54d11a,accepted
PROPM91_a32a93fc335f3b24a6,RELM91_c4f2cb94338f20aa9f,MATM91_3c1472599e617d0dfb,塑黑-5炸药A,安全特性,撞击感度(需对应不同测试条件),"0% - 2% (10kg锤, 25cm落高, 钝感度极佳)",,,,,,,高,multiple_measurements,false,multiple_primary_measurements,,,,10,,75,EVM91_bcd03674a4d2475e45,accepted
PROPM91_cc0092010b217bf3d4,RELM91_bc24ed41dafdd53955,MATM91_3c1472599e617d0dfb,塑黑-5炸药A,安全特性,冲击感度,"低 (安全性高,对雷管敏感,对子弹击发极不敏感)",,,,,,,敏感|不敏感|极不敏感|低,qualitative_only,false,no_reliable_numeric_measurement,,,,,,75,EVM91_dbf5478ad00cdd1a3e,accepted
PROPM91_9e19def572f21665d6,RELM91_b200bf0873c2c527b7,MATM91_3c1472599e617d0dfb,塑黑-5炸药A,安全特性,火焰感度,极低,,,,,,,低|极低,qualitative_only,false,no_reliable_numeric_measurement,,,,,,75,EVM91_2be04f22725ca8331c,accepted
PROPM91_963da3742af0e5d394,RELM91_4d304a9ba880373c4a,MATM91_3c1472599e617d0dfb,塑黑-5炸药A,安全特性,静电感度(需对应不同测试条件),不敏感,,,,,,,敏感|不敏感,qualitative_only,false,no_reliable_numeric_measurement,,,,,,75,EVM91_946002a4f97ad67044,accepted
PROPM91_01764a4703b183eafa,RELM91_43b02066ed709a409d,MATM91_3c1472599e617d0dfb,塑黑-5炸药A,安全特性,热感度(5s爆发点),240°C - 248°C,,,,,,,,multiple_measurements,false,multiple_primary_measurements,,热感度(5s爆发点),,,5,75,EVM91_1a98173b124a0624d9,accepted
PROPM91_ee92cd98d09f8b6a6a,RELM91_25298d05172519406c,MATM91_3c1472599e617d0dfb,塑黑-5炸药A,安全特性,电火花感度,不敏感,,,,,,,敏感|不敏感,qualitative_only,false,no_reliable_numeric_measurement,,,,,,75,EVM91_03c957c9cda0052968,accepted
PROPM91_1055c2e2310155f381,RELM91_84e153defc8ed6a0ca,MATM91_3c1472599e617d0dfb,塑黑-5炸药A,安全特性,吸湿性,≤ 0.08%,0.08,,,%,explicit_or_field_specific,<=,,validated_single,true,,primary_value,吸湿性,<=,,,75,EVM91_721c1bbd96f11731db,accepted
PROPM91_50678fe2b96f2a385e,RELM91_99ac47731d959f0d73,MATM91_3c1472599e617d0dfb,塑黑-5炸药A,安全特性,熔点,不适用; 粘结剂具有良好的热塑性范围,,,,,,,,qualitative_only,false,no_reliable_numeric_measurement,,,,,,75,EVM91_4699d829ffc7a33b01,accepted
PROPM91_98121048f9b7e01af4,RELM91_fed1a975937b677b09,MATM91_3c1472599e617d0dfb,塑黑-5炸药A,安全特性,分解温度,~230°C (开始缓慢分解),230,,,℃,explicit_or_field_specific,~,,validated_single,true,,onset_temperature,分解温度,~,,,75,EVM91_ffb07ee72431fe0f83,accepted
PROPM91_3341ea832e2e50c1cf,RELM91_babbe52f2fd5bb11d3,MATM91_3c1472599e617d0dfb,塑黑-5炸药A,能量特性,爆速,7400 - 7700 m/s (视装填密度而定),,7400,7700,m/s,explicit_or_field_specific,,,validated_range,true,,primary_value,爆速,,,,75,EVM91_dbc9145bbf1cae45e1,accepted
PROPM91_8e21b9421ddc2c6478,RELM91_1b02afb9bc90c37600,MATM91_3c1472599e617d0dfb,塑黑-5炸药A,能量特性,爆温,~2750 K,2750,,,℃,explicit_or_field_specific,~,,validated_single,true,,primary_value,爆温,~,,,75,EVM91_f974fdad4f1acf7199,accepted
PROPM91_98202caed6bf891f05,RELM91_fc4a11d5cdc2feefb6,MATM91_3c1472599e617d0dfb,塑黑-5炸药A,能量特性,爆压,22 - 25 GPa,,22,25,GPa,explicit_or_field_specific,,,validated_range,true,,primary_value,爆压,,,,75,EVM91_962390f80cd34be048,accepted
PROPM91_799723e31927a73a0d,RELM91_d7eab710e3fa4c1cfb,MATM91_3c1472599e617d0dfb,塑黑-5炸药A,能量特性,爆容,780 - 830 L/kg,,780,830,L/kg,explicit_or_field_specific,,,validated_range,true,,primary_value,爆容,,,,75,EVM91_36ab875884cc1c3a5a,accepted
PROPM91_ebbcadc1d828580b73,RELM91_f197dd10430ecefc34,MATM91_3c1472599e617d0dfb,塑黑-5炸药A,能量特性,威力,1.15 - 1.3 (TNT当量),,,,,,,,text_only,false,no_reliable_numeric_measurement,,,,,,75,EVM91_fa75d6d59b8860044d,accepted
PROPM91_6347439a53f13cd76d,RELM91_7aec9552dc8de8e09c,MATM91_3c1472599e617d0dfb,塑黑-5炸药A,能量特性,猛度,100% - 110% (相对于TNT),,,,,,,,multiple_measurements,false,multiple_primary_measurements,,猛度,,,,75,EVM91_bf9021c500244af214,accepted
PROPM91_1f207bb76e703b3547,RELM91_3492d48f4fc1784326,MATM91_3c1472599e617d0dfb,塑黑-5炸药A,能量特性,起爆力,"强,适合作为各种爆破销毁、线性切割或聚能切割索",,,,,,,强,text_only,false,no_reliable_numeric_measurement,,,,,,75,EVM91_6cd1325f6deec2092e,accepted
PROPM91_98e82b7c76891a6c13,RELM91_517365ac6f77f97319,MATM91_376589c8eb90e56109,C-4炸药,理化性质,分子量(单质),222.12 (RDX),,,,g/mol,field_dictionary,,,qualitative_only,false,no_reliable_numeric_measurement,,,,,,76,EVM91_c2e27581ef62a729c4,accepted
PROPM91_638e9a66cd4b5c34cf,RELM91_8e9163acf3fbcbf695,MATM91_376589c8eb90e56109,C-4炸药,理化性质,密度,1.59 - 1.65 g/cm3,,1.59,1.65,g/cm³,explicit_or_field_specific,,,validated_range,true,,primary_value,密度,,,,76,EVM91_735956748d9626336b,accepted
PROPM91_4259d6c9b39bb37e41,RELM91_e85d2b3b565f1747fa,MATM91_376589c8eb90e56109,C-4炸药,理化性质,外观,"白色至浅棕色固体,腻子状,有特殊气味",,,,,,,,text_only,false,no_reliable_numeric_measurement,,,,,,76,EVM91_5fa7cfcb0fc6e42e41,accepted
PROPM91_8ae6648342ef13f2bd,RELM91_35ccc79ee0ac8fe4c1,MATM91_376589c8eb90e56109,C-4炸药,理化性质,溶解性,"不溶于水,RDX组分可溶于丙酮",,,,,,,,text_only,false,no_reliable_numeric_measurement,,,,,,76,EVM91_7db3ff63d2d6898f82,accepted
PROPM91_1c78292a3d5c6661d9,RELM91_37cf5d3b0bc80785c1,MATM91_376589c8eb90e56109,C-4炸药,理化性质,挥发性,低,,,,,,,低,text_only,false,no_reliable_numeric_measurement,,,,,,76,EVM91_b89afacca3b84cb680,accepted
PROPM91_5ecd1367204fdbb327,RELM91_aca05e93962be1392a,MATM91_376589c8eb90e56109,C-4炸药,安全特性,摩擦感度(需对应不同测试条件),极低 (对常规摩擦不敏感),,,,,,,敏感|不敏感|低|极低,qualitative_only,false,no_reliable_numeric_measurement,,,,,,76,EVM91_5f4d34b89d64dadc5e,accepted
PROPM91_805db76b656449ccc9,RELM91_ef2589b321529cf8ce,MATM91_376589c8eb90e56109,C-4炸药,安全特性,撞击感度(需对应不同测试条件),低 (对冲击、子弹击发极不敏感),,,,,,,敏感|不敏感|极不敏感|低,qualitative_only,false,no_reliable_numeric_measurement,,,,,,76,EVM91_bc48873cfc42b15168,accepted
PROPM91_0bae94c0a5379dde3d,RELM91_1d9172bf9d07cd290e,MATM91_376589c8eb90e56109,C-4炸药,安全特性,冲击感度,低 (需传爆药或雷管起爆),,,,,,,低,qualitative_only,false,no_reliable_numeric_measurement,,,,,,76,EVM91_f8d35acb7634a5e90b,accepted
PROPM91_5a331c8339bf4f8369,RELM91_570a0dc5484f034571,MATM91_376589c8eb90e56109,C-4炸药,安全特性,火焰感度,极低 (可安全燃烧),,,,,,,低|极低,qualitative_only,false,no_reliable_numeric_measurement,,,,,,76,EVM91_65860eaf9c274f96ff,accepted
PROPM91_f3613f1c7a1a5ecc4d,RELM91_1fb399060fa5a1724d,MATM91_376589c8eb90e56109,C-4炸药,安全特性,静电感度(需对应不同测试条件),不敏感,,,,,,,敏感|不敏感,qualitative_only,false,no_reliable_numeric_measurement,,,,,,76,EVM91_72800fdc3079dce89d,accepted
PROPM91_97624284c423c2efab,RELM91_449bd3be7888309f1a,MATM91_376589c8eb90e56109,C-4炸药,安全特性,热感度(5s爆发点),230°C - 240°C,,,,,,,,multiple_measurements,false,multiple_primary_measurements,,热感度(5s爆发点),,,5,76,EVM91_c09a1c126804293185,accepted
PROPM91_d9320dc710de2d449c,RELM91_db17171625e355392a,MATM91_376589c8eb90e56109,C-4炸药,安全特性,电火花感度,不敏感,,,,,,,敏感|不敏感,qualitative_only,false,no_reliable_numeric_measurement,,,,,,76,EVM91_ef38684112adfd9d37,accepted
PROPM91_34ac784e5025dda7aa,RELM91_cc52aa6279ea6a8d8f,MATM91_376589c8eb90e56109,C-4炸药,安全特性,吸湿性,微量 (具有防水性),,,,,,,,text_only,false,no_reliable_numeric_measurement,,,,,,76,EVM91_0194cf429b2714b495,accepted
PROPM91_bf7fb821a9de31e458,RELM91_795d8d421111855aa2,MATM91_376589c8eb90e56109,C-4炸药,安全特性,熔点,不适用 (RDX组分204°C); 整体为塑料流体状态,204,,,℃,explicit_or_field_specific,,,validated_single,true,,primary_value,熔点,,,,76,EVM91_319a527e2e090dd0c2,accepted
PROPM91_d7e6ae184103c77cb1,RELM91_3d8e76e64efd548b09,MATM91_376589c8eb90e56109,C-4炸药,安全特性,分解温度,~210°C (开始分解),210,,,℃,explicit_or_field_specific,~,,validated_single,true,,onset_temperature,分解温度,~,,,76,EVM91_6f70a1c9cc15fe949d,accepted
PROPM91_652fbe564a1653d1d0,RELM91_14a8488c37ccb5b862,MATM91_376589c8eb90e56109,C-4炸药,能量特性,爆速,8040 m/s (密度 1.59g/cm3),8040,,,m/s,explicit_or_field_specific,,,validated_single,true,,primary_value,爆速,,,,76,EVM91_532b3bc13a05190af6,accepted
PROPM91_1e293f2e833288f8a6,RELM91_90452a813825b7f59d,MATM91_376589c8eb90e56109,C-4炸药,能量特性,爆温,~3200 K,3200,,,℃,explicit_or_field_specific,~,,validated_single,true,,primary_value,爆温,~,,,76,EVM91_42e9afc02606be408d,accepted
PROPM91_023cc193068ccd2806,RELM91_c7b876328606d65ddd,MATM91_376589c8eb90e56109,C-4炸药,能量特性,爆压,25 - 28 GPa,,25,28,GPa,explicit_or_field_specific,,,validated_range,true,,primary_value,爆压,,,,76,EVM91_f61cf785145ec423f6,accepted
PROPM91_b3d5503facf25ac1c9,RELM91_6baf99c46eeb74ac2e,MATM91_376589c8eb90e56109,C-4炸药,能量特性,爆容,850 - 900 L/kg,,850,900,L/kg,explicit_or_field_specific,,,validated_range,true,,primary_value,爆容,,,,76,EVM91_4bc4e624a63110e04e,accepted
PROPM91_83217e2559c634a988,RELM91_943899ad647d7e43c3,MATM91_376589c8eb90e56109,C-4炸药,能量特性,威力,1.34 (TNT当量),,,,,,,,text_only,false,no_reliable_numeric_measurement,,,,,,76,EVM91_bdb24411e552522fb7,accepted
PROPM91_a0f924e6b39f1bd86d,RELM91_aec74b6d55ef9c9c4f,MATM91_376589c8eb90e56109,C-4炸药,能量特性,猛度,115% - 125% (相对于TNT),,,,,,,,multiple_measurements,false,multiple_primary_measurements,,猛度,,,,76,EVM91_386054b57473162ba8,accepted
PROPM91_5ea0db254aaedbb621,RELM91_64d1031857e6d46f0d,MATM91_376589c8eb90e56109,C-4炸药,能量特性,起爆力,"极强,常用于切割、爆破、特种作业",,,,,,,强,text_only,false,no_reliable_numeric_measurement,,,,,,76,EVM91_9a8a3708ac938388f4,accepted
PROPM91_ed3746265ea0b82b61,RELM91_fb1ac9cda2545a1ca5,MATM91_e398a4ed1a9aa199dc,8321,理化性质,分子量(单质),222.12 (RDX),,,,g/mol,field_dictionary,,,qualitative_only,false,no_reliable_numeric_measurement,,,,,,77,EVM91_39d8b10776e0d6e533,accepted
PROPM91_04e03d8d9561ba0993,RELM91_db0cccbec7e9257373,MATM91_e398a4ed1a9aa199dc,8321,理化性质,密度,1.68 - 1.72 g/cm3 (压制密度); 1.78 g/cm3 (理论密度),,,,,,,,multiple_measurements,false,multiple_primary_measurements,,密度,,,,77,EVM91_0ab5fd67ca7e75a1da,accepted
PROPM91_60ac06c879bf5720d6,RELM91_31d825264e56a7d3dd,MATM91_e398a4ed1a9aa199dc,8321,理化性质,外观,淡黄色或浅黄色均匀粉末/颗粒,,,,,,,,text_only,false,no_reliable_numeric_measurement,,,,,,77,EVM91_c68f6e8f9123dd7347,accepted
PROPM91_5c292bece2ec73009f,RELM91_f3cc7c2748cefec853,MATM91_e398a4ed1a9aa199dc,8321,理化性质,溶解性,"不溶于水,RDX和特屈儿溶于丙酮",,,,,,,,text_only,false,no_reliable_numeric_measurement,,,,,,77,EVM91_878e39ea493d6d935b,accepted
PROPM91_dc996b4144cdc8b429,RELM91_b4b190b81d2f8c10c0,MATM91_e398a4ed1a9aa199dc,8321,理化性质,挥发性,低,,,,,,,低,text_only,false,no_reliable_numeric_measurement,,,,,,77,EVM91_52b11655702bc045b9,accepted
PROPM91_a493afd4d26bc38c25,RELM91_26cd6117e56a704a71,MATM91_e398a4ed1a9aa199dc,8321,安全特性,摩擦感度(需对应不同测试条件),"20% - 30% (3.92MPa, 90°摆角, 显著高于钝黑系列)",,,,,,,高,multiple_measurements,false,multiple_primary_measurements,,摩擦感度,,,,77,EVM91_1fe44a6dc71ad70f7b,accepted
PROPM91_70347fe123368ff4f9,RELM91_f65cd9a8e4c76a94b4,MATM91_e398a4ed1a9aa199dc,8321,安全特性,撞击感度(需对应不同测试条件),"24% - 36% (10kg锤, 25cm落高)",,,,,,,高,multiple_measurements,false,multiple_primary_measurements,,,,10,,77,EVM91_41e69ff5a3cf47e92f,accepted
PROPM91_9eb88e9c4ee3188aad,RELM91_261083216b6adc1429,MATM91_e398a4ed1a9aa199dc,8321,安全特性,冲击感度,"高 (传爆/主装级,对雷管极敏感)",,,,,,,极敏感|敏感|高,qualitative_only,false,no_reliable_numeric_measurement,,,,,,77,EVM91_8fe84a2e7c03e7fe8b,accepted
PROPM91_d7bf17fb4b868ce45a,RELM91_12867639284d6de537,MATM91_e398a4ed1a9aa199dc,8321,安全特性,火焰感度,较高,,,,,,,高,qualitative_only,false,no_reliable_numeric_measurement,,,,,,77,EVM91_2c3527243e329d30f7,accepted
PROPM91_3064aa831a4217f6d3,RELM91_c0330240170e9a2120,MATM91_e398a4ed1a9aa199dc,8321,安全特性,静电感度(需对应不同测试条件),敏感,,,,,,,敏感,qualitative_only,false,no_reliable_numeric_measurement,,,,,,77,EVM91_63cc61ecfad92d60ea,accepted
PROPM91_857bd6142b55c72cd0,RELM91_9b53ceac7e329c8c63,MATM91_e398a4ed1a9aa199dc,8321,安全特性,热感度(5s爆发点),"220°C - 230°C (受特屈儿影响,较纯RDX低)",,,,,,,低,multiple_measurements,false,multiple_primary_measurements,,热感度(5s爆发点),,,5,77,EVM91_c91cb6201af28f42d4,accepted
PROPM91_8b1ea85024a4fccb9a,RELM91_e41dc750bd499d7429,MATM91_e398a4ed1a9aa199dc,8321,安全特性,电火花感度,中等敏感,,,,,,,中等敏感|敏感|中等,qualitative_only,false,no_reliable_numeric_measurement,,,,,,77,EVM91_4e8906549da8d679e0,accepted
PROPM91_6956ba34efa3acbfc5,RELM91_616f01978b34863bdc,MATM91_e398a4ed1a9aa199dc,8321,安全特性,吸湿性,≤ 0.15%,0.15,,,%,explicit_or_field_specific,<=,,validated_single,true,,primary_value,吸湿性,<=,,,77,EVM91_635307b068bc616da0,accepted
PROPM91_fff512be3ec43d294f,RELM91_bb03e228ce8070b99f,MATM91_e398a4ed1a9aa199dc,8321,安全特性,熔点,129°C (特屈儿); 204°C (RDX),,,,,,,,multiple_measurements,false,multiple_primary_measurements,,熔点,,,,77,EVM91_b47015c59ef1a3ff11,accepted
PROPM91_e2c30c3d672b67feb6,RELM91_42a0acb76629587675,MATM91_e398a4ed1a9aa199dc,8321,安全特性,分解温度,"~190°C (特屈儿开始缓慢分解,导致整体稳定性不如8701)",190,,,℃,explicit_or_field_specific,~,,validated_single,true,,onset_temperature,分解温度,~,,,77,EVM91_8077c364dbce57f3a1,accepted
PROPM91_640e72a5059d1eb45e,RELM91_85076339eae61bb55f,MATM91_e398a4ed1a9aa199dc,8321,能量特性,爆速,8100 - 8250 m/s (密度 1.70g/cm3),,8100,8250,m/s,explicit_or_field_specific,,,validated_range,true,,primary_value,爆速,,,,77,EVM91_9fc86256e7f04fd8aa,accepted
PROPM91_a8583dabd3f50f181e,RELM91_cd7aeefc0565fd6f42,MATM91_e398a4ed1a9aa199dc,8321,能量特性,爆温,~3250 K,3250,,,℃,explicit_or_field_specific,~,,validated_single,true,,primary_value,爆温,~,,,77,EVM91_9502593a004b6f03ee,accepted
PROPM91_6865caeb8967256220,RELM91_ca1c570e8facf9f6de,MATM91_e398a4ed1a9aa199dc,8321,能量特性,爆压,29 - 31 GPa,,29,31,GPa,explicit_or_field_specific,,,validated_range,true,,primary_value,爆压,,,,77,EVM91_9e76b23979b44e7a52,accepted
PROPM91_20c4b6b94d254fdc76,RELM91_9fefb877d58dc0fdae,MATM91_e398a4ed1a9aa199dc,8321,能量特性,爆容,880 - 910 L/kg,,880,910,L/kg,explicit_or_field_specific,,,validated_range,true,,primary_value,爆容,,,,77,EVM91_2cc581e33d9a369731,accepted
PROPM91_a0d08799573602da9a,RELM91_cf4c9ba262115b7d19,MATM91_e398a4ed1a9aa199dc,8321,能量特性,威力,1.45 - 1.55 (TNT当量),,,,,,,,text_only,false,no_reliable_numeric_measurement,,,,,,77,EVM91_59527d698f5cb3b10c,accepted
PROPM91_68b2a033b1fa17e95b,RELM91_81b7b5e80f515ec137,MATM91_e398a4ed1a9aa199dc,8321,能量特性,猛度,120% - 130% (相对于TNT),,,,,,,,multiple_measurements,false,multiple_primary_measurements,,猛度,,,,77,EVM91_fe59a910936cf4a804,accepted
PROPM91_28fc8220ea734416b7,RELM91_2dd415cb8729f2f9d4,MATM91_e398a4ed1a9aa199dc,8321,能量特性,起爆力,"极强,曾广泛用于破甲弹药主装药",,,,,,,强,text_only,false,no_reliable_numeric_measurement,,,,,,77,EVM91_e83173a8253d8cc3af,accepted
PROPM91_eb8c83f1c1eb2674be,RELM91_cd1b29231b1ef5936c,MATM91_00138cd5eae71a559f,熔梯铝炸药,理化性质,分子量(单质),222.12 (RDX) / 227.13 (TNT),,,,g/mol,field_dictionary,,,qualitative_only,false,no_reliable_numeric_measurement,,,,,,78,EVM91_7afb0915611815b4f9,accepted
PROPM91_f5044979c64e20060f,RELM91_6d205977a7da8cd9fa,MATM91_00138cd5eae71a559f,熔梯铝炸药,理化性质,密度,1.72 - 1.80 g/cm3 (铸装密度),,1.72,1.80,g/cm³,explicit_or_field_specific,,,validated_range,true,,primary_value,密度,,,,78,EVM91_84d8febfebb902a97a,accepted
PROPM91_e12412fa80afdcc558,RELM91_05ee21216aee9be6da,MATM91_00138cd5eae71a559f,熔梯铝炸药,理化性质,外观,"灰色或银灰色固体(含铝粉),断面呈金属光泽",,,,,,,,text_only,false,no_reliable_numeric_measurement,,,,,,78,EVM91_572f05577f65e971e8,accepted
PROPM91_fe2832609a74612ffc,RELM91_8be959cca372eeaee5,MATM91_00138cd5eae71a559f,熔梯铝炸药,理化性质,溶解性,"不溶于水,TNT组分溶于苯、丙酮,RDX溶于丙酮",,,,,,,,text_only,false,no_reliable_numeric_measurement,,,,,,78,EVM91_3fc0ffde740f4062c7,accepted
PROPM91_ca151b90d2e9353520,RELM91_de4e9a8d72580511cf,MATM91_00138cd5eae71a559f,熔梯铝炸药,理化性质,挥发性,极低,,,,,,,低|极低,text_only,false,no_reliable_numeric_measurement,,,,,,78,EVM91_19359857569b783d9e,accepted
PROPM91_14f73677e2afe50f01,RELM91_46969a1f6090a7a65c,MATM91_00138cd5eae71a559f,熔梯铝炸药,安全特性,摩擦感度(需对应不同测试条件),20% - 40% (视RDX粒度而定),,,,,,,,multiple_measurements,false,multiple_primary_measurements,,摩擦感度,,,,78,EVM91_1ceb3ecf0e0b9c6616,accepted
PROPM91_6907d76aacd08ebe19,RELM91_7bae5c783fa3d54e62,MATM91_00138cd5eae71a559f,熔梯铝炸药,安全特性,撞击感度(需对应不同测试条件),"24% - 40% (10kg锤, 25cm落高)",,,,,,,高,multiple_measurements,false,multiple_primary_measurements,,,,10,,78,EVM91_06baae5db09eea2277,accepted
PROPM91_5211fd8216d8aab119,RELM91_3927884a1074af7dad,MATM91_00138cd5eae71a559f,熔梯铝炸药,安全特性,冲击感度,"高 (需雷管起爆,对破片撞击较敏感)",,,,,,,较敏感|敏感|高,qualitative_only,false,no_reliable_numeric_measurement,,,,,,78,EVM91_096ad54ca5473d86fb,accepted
PROPM91_830abfdf844f1412d4,RELM91_cb96109687b2a60a11,MATM91_00138cd5eae71a559f,熔梯铝炸药,安全特性,火焰感度,"较高 (含铝粉,燃烧剧烈并产生大量热)",,,,,,,高,qualitative_only,false,no_reliable_numeric_measurement,,,,,,78,EVM91_ee57cfeed0915752a4,accepted
PROPM91_b452c8888a1644d25c,RELM91_ef85b56adbb95c9412,MATM91_00138cd5eae71a559f,熔梯铝炸药,安全特性,静电感度(需对应不同测试条件),敏感 (铝粉存在增加静电火花风险),,,,,,,敏感,qualitative_only,false,no_reliable_numeric_measurement,,,,,,78,EVM91_3f26f45dc35cf76702,accepted
PROPM91_c5a8d22311056c7293,RELM91_498236a18aa86c59c9,MATM91_00138cd5eae71a559f,熔梯铝炸药,安全特性,热感度(5s爆发点),230°C - 240°C,,,,,,,,multiple_measurements,false,multiple_primary_measurements,,热感度(5s爆发点),,,5,78,EVM91_6ff22ace8f57b8e45b,accepted
PROPM91_2232191b5f194bf00a,RELM91_cd11ff9d52d00b74ca,MATM91_00138cd5eae71a559f,熔梯铝炸药,安全特性,电火花感度,较敏感,,,,,,,较敏感|敏感,qualitative_only,false,no_reliable_numeric_measurement,,,,,,78,EVM91_f6a2ae6b50c84d6339,accepted
PROPM91_5c8b0110a8b3fe7a6f,RELM91_6426a4d2cc8906c748,MATM91_00138cd5eae71a559f,熔梯铝炸药,安全特性,吸湿性,≤ 0.2% (需防止铝粉氧化放氢),0.2,,,%,explicit_or_field_specific,<=,,validated_single,true,,primary_value,吸湿性,<=,,,78,EVM91_c4ef2bea10756fabc9,accepted
PROPM91_c6856a9c0edef177f6,RELM91_a16b1263ce990bf198,MATM91_00138cd5eae71a559f,熔梯铝炸药,安全特性,熔点,"80.1°C (TNT组分开始熔化,便于铸装)",80.1,,,℃,explicit_or_field_specific,,,validated_single,true,,onset_temperature,熔点,,,,78,EVM91_41c7e822782ec12833,accepted
PROPM91_46dc7db74f4177e99e,RELM91_cb32f113c06e876b9e,MATM91_00138cd5eae71a559f,熔梯铝炸药,安全特性,分解温度,~240°C (剧烈分解),240,,,℃,explicit_or_field_specific,~,,validated_single,true,,event_temperature,分解温度,~,,,78,EVM91_69f2ce0488405a6aac,accepted
PROPM91_d8cfc048367b31f0d4,RELM91_6a4423432ba6e18e0a,MATM91_00138cd5eae71a559f,熔梯铝炸药,能量特性,爆速,7200 - 7500 m/s (取决于密度和配比),,7200,7500,m/s,explicit_or_field_specific,,,validated_range,true,,primary_value,爆速,,,,78,EVM91_13964c52bc6611244e,accepted
PROPM91_398f4774c36ce00428,RELM91_bae9149242b662498d,MATM91_00138cd5eae71a559f,熔梯铝炸药,能量特性,爆温,~3500 - 4000 K (铝粉二次反应产生极高爆温),,3500,4000,℃,explicit_or_field_specific,~,极高|高,validated_range,true,,primary_value,爆温,~,,,78,EVM91_31586c925f52e34373,accepted
PROPM91_19eaeab9d2604fa9f5,RELM91_6ae0850d8b7a5884a5,MATM91_00138cd5eae71a559f,熔梯铝炸药,能量特性,爆压,22 - 25 GPa,,22,25,GPa,explicit_or_field_specific,,,validated_range,true,,primary_value,爆压,,,,78,EVM91_b2e430a58108c382b8,accepted
PROPM91_29f6a489ed71a09aef,RELM91_5e154ecd4df19c809c,MATM91_00138cd5eae71a559f,熔梯铝炸药,能量特性,爆容,700 - 800 L/kg,,700,800,L/kg,explicit_or_field_specific,,,validated_range,true,,primary_value,爆容,,,,78,EVM91_fd917ab4c4dca144c5,accepted
PROPM91_59c6da7f27e2812dc9,RELM91_3ed3a0f6dcf89ded6e,MATM91_00138cd5eae71a559f,熔梯铝炸药,能量特性,威力,"1.5 - 1.7 (TNT当量,具有极强的热效应和冲击波超压)",,,,,,,强,text_only,false,no_reliable_numeric_measurement,,,,,,78,EVM91_09abcad957fda1462e,accepted
PROPM91_322115952a14262219,RELM91_0dc0c238ee19384acf,MATM91_00138cd5eae71a559f,熔梯铝炸药,能量特性,猛度,110% - 120% (相对于TNT),,,,,,,,multiple_measurements,false,multiple_primary_measurements,,猛度,,,,78,EVM91_8542ffbdb29fbae7d2,accepted
PROPM91_818a17b2cbc19f99b8,RELM91_b3e99ee4bc1df27df3,MATM91_00138cd5eae71a559f,熔梯铝炸药,能量特性,起爆力,"强,常用于水中兵器、航空炸弹及地雷",,,,,,,强,text_only,false,no_reliable_numeric_measurement,,,,,,78,EVM91_00565d071201ae36d5,accepted
PROPM91_9556aace9e9c3df032,RELM91_7bf440696b7019dd0a,MATM91_fc66145c9c28671ccb,DH-1炸药,理化性质,分子量(单质),222.12,,,,g/mol,field_dictionary,,,qualitative_only,false,no_reliable_numeric_measurement,,,,,,79,EVM91_6f8c916301f575b67f,accepted
PROPM91_fa3f6dfbdec4df5e4d,RELM91_7780ccfe1d1010d0c9,MATM91_fc66145c9c28671ccb,DH-1炸药,理化性质,密度,1.65-1.72 g/cm3 (装填密度); 1.74 g/cm3 (理论密度),,,,,,,,multiple_measurements,false,multiple_primary_measurements,,密度,,,,79,EVM91_72cbf912dbde0904c6,accepted
PROPM91_864d02ba3990d3d47e,RELM91_28aa66a1c976af99c1,MATM91_fc66145c9c28671ccb,DH-1炸药,理化性质,外观,白色或灰色均匀颗粒 (含石墨时呈灰色),,,,,,,,text_only,false,no_reliable_numeric_measurement,,,,,,79,EVM91_090f5eca9d5f23f2b9,accepted
PROPM91_596e2434eb057f50ed,RELM91_d115a0401548969161,MATM91_fc66145c9c28671ccb,DH-1炸药,理化性质,溶解性,"不溶于水,微溶于乙醇、乙醚,溶于丙酮",,,,,,,,text_only,false,no_reliable_numeric_measurement,,,,,,79,EVM91_2017e141bc4e37cc9d,accepted
PROPM91_9c984973c70c26c643,RELM91_3ad2505c3b67ebd568,MATM91_fc66145c9c28671ccb,DH-1炸药,理化性质,挥发性,极低,,,,,,,低|极低,text_only,false,no_reliable_numeric_measurement,,,,,,79,EVM91_3ad16b72234336facc,accepted
PROPM91_fc7688dfdd7ae4a59c,RELM91_cbe0e8d2e136dd3d47,MATM91_fc66145c9c28671ccb,DH-1炸药,安全特性,摩擦感度(需对应不同测试条件),"40% - 60% (3.92MPa, 摆角90°)",,,,,,,,multiple_measurements,false,multiple_primary_measurements,,摩擦感度,,,,79,EVM91_9ef425b23a91a5696d,accepted
PROPM91_7bd8c955539656d116,RELM91_a7c535ab65630944aa,MATM91_fc66145c9c28671ccb,DH-1炸药,安全特性,撞击感度(需对应不同测试条件),"32% - 48% (10kg锤, 25cm落高)",,,,,,,高,multiple_measurements,false,multiple_primary_measurements,,,,10,,79,EVM91_e90a858b2c5009ff0c,accepted
PROPM91_32844f9a9fbc781684,RELM91_6ed8735b7e54d536ba,MATM91_fc66145c9c28671ccb,DH-1炸药,安全特性,冲击感度,"高 (传爆级,对雷管非常敏感)",,,,,,,非常敏感|敏感|高,qualitative_only,false,no_reliable_numeric_measurement,,,,,,79,EVM91_b338cabe4cb6234df3,accepted
PROPM91_38009db0bbc1170f3d,RELM91_deea082de7972861a9,MATM91_fc66145c9c28671ccb,DH-1炸药,安全特性,火焰感度,"较高 (较纯RDX有所改善,但仍需严防)",,,,,,,高,qualitative_only,false,no_reliable_numeric_measurement,,,,,,79,EVM91_81479d2b4e46d98e5c,accepted
PROPM91_92bd497b7f91825c33,RELM91_5f26795728254b78d7,MATM91_fc66145c9c28671ccb,DH-1炸药,安全特性,静电感度(需对应不同测试条件),中等敏感,,,,,,,中等敏感|敏感|中等,qualitative_only,false,no_reliable_numeric_measurement,,,,,,79,EVM91_107016446818d64338,accepted
PROPM91_254c4617a2b2f121db,RELM91_b6ca6e37b851c09eb3,MATM91_fc66145c9c28671ccb,DH-1炸药,安全特性,热感度(5s爆发点),230°C - 235°C,,,,,,,,multiple_measurements,false,multiple_primary_measurements,,热感度(5s爆发点),,,5,79,EVM91_f56ea6351c2093b41d,accepted
PROPM91_7e8769fc0ee7d3dc53,RELM91_8db061ff7888861d61,MATM91_fc66145c9c28671ccb,DH-1炸药,安全特性,电火花感度,较敏感,,,,,,,较敏感|敏感,qualitative_only,false,no_reliable_numeric_measurement,,,,,,79,EVM91_c0d37794063a8a176e,accepted
PROPM91_25c9140eb71ea10c0c,RELM91_3ab1e31c8dee12b286,MATM91_fc66145c9c28671ccb,DH-1炸药,安全特性,吸湿性,≤ 0.05%,0.05,,,%,explicit_or_field_specific,<=,,validated_single,true,,primary_value,吸湿性,<=,,,79,EVM91_a0cd71c9cc4d2034b7,accepted
PROPM91_a09fc80e834028152d,RELM91_5c88125dc4750978d9,MATM91_fc66145c9c28671ccb,DH-1炸药,安全特性,熔点,204°C (RDX组分); 50-70°C (钝感剂组分),,,,,,,,multiple_measurements,false,multiple_primary_measurements,,熔点,,,,79,EVM91_d290e510c5b08eecf4,accepted
PROPM91_55408861c189402dd1,RELM91_da80cea3b7ff4192aa,MATM91_fc66145c9c28671ccb,DH-1炸药,安全特性,分解温度,~230°C (开始剧烈分解),230,,,℃,explicit_or_field_specific,~,,validated_single,true,,onset_temperature,分解温度,~,,,79,EVM91_acea2a0b50e511b09e,accepted
PROPM91_5138298bb30314b894,RELM91_54bc0a03dc8601614d,MATM91_fc66145c9c28671ccb,DH-1炸药,能量特性,爆速,8200 - 8350 m/s (密度 1.70g/cm3),,8200,8350,m/s,explicit_or_field_specific,,,validated_range,true,,primary_value,爆速,,,,79,EVM91_bc6160b8bde527fc32,accepted
PROPM91_955aa9c56b5188595a,RELM91_eb8518409ac16d84bb,MATM91_fc66145c9c28671ccb,DH-1炸药,能量特性,爆温,~3200 K,3200,,,℃,explicit_or_field_specific,~,,validated_single,true,,primary_value,爆温,~,,,79,EVM91_fbf385885883013ba7,accepted
PROPM91_edf0ea487c77c9f152,RELM91_881c22a7dcef49b700,MATM91_fc66145c9c28671ccb,DH-1炸药,能量特性,爆压,30 - 32 GPa,,30,32,GPa,explicit_or_field_specific,,,validated_range,true,,primary_value,爆压,,,,79,EVM91_b4401055c777c483e1,accepted
PROPM91_3940f28af87fe1c88f,RELM91_cc887ce4836e92e6e3,MATM91_fc66145c9c28671ccb,DH-1炸药,能量特性,爆容,880 - 910 L/kg,,880,910,L/kg,explicit_or_field_specific,,,validated_range,true,,primary_value,爆容,,,,79,EVM91_80f184ae36b8cfa6b2,accepted
PROPM91_98b3b229e65dd3ae65,RELM91_767411e84cedd3308d,MATM91_fc66145c9c28671ccb,DH-1炸药,能量特性,威力,1.4 - 1.6 (TNT当量); 铅柱扩孔值约 460-490 mL,,,,m,explicit_text,,,text_only,false,no_reliable_numeric_measurement,,,,,,79,EVM91_6133cf536e49d50f89,accepted
PROPM91_8642d764e733b7498e,RELM91_f4339491983d06ad42,MATM91_fc66145c9c28671ccb,DH-1炸药,能量特性,猛度,125% - 135% (相对于TNT),,,,,,,,multiple_measurements,false,multiple_primary_measurements,,猛度,,,,79,EVM91_cb0af9c4529cff7e05,accepted
PROPM91_8fb5713d9bcc6252ce,RELM91_08e13ac78903d6b3b2,MATM91_fc66145c9c28671ccb,DH-1炸药,能量特性,起爆力,"极强,常作为传爆药、导爆索药芯或高能主装药",,,,,,,强|高,text_only,false,no_reliable_numeric_measurement,,,,,,79,EVM91_fed02821e39f670cac,accepted
PROPM91_acb4f05a4be8f1a7d0,RELM91_7ecdc7b4f939e33433,MATM91_fcb0f8d4ad3fefb4ae,硝化棉,理化性质,分子量(单质),变量 (取决于聚合度与硝化度),,,,,,,,qualitative_only,false,no_reliable_numeric_measurement,,,,,,81,EVM91_be8f5ab8de3c89023a,accepted
PROPM91_415e7e1a86685a8209,RELM91_e29ff0fba9fb44a499,MATM91_fcb0f8d4ad3fefb4ae,硝化棉,理化性质,密度,1.65 - 1.67 g/cm3 (真密度); 0.2 - 0.5 g/cm3 (表观密度),,,,,,,,multiple_measurements,false,multiple_primary_measurements,,密度,,,,81,EVM91_8a0b028c83740f0e1f,accepted
PROPM91_292982f2e4827da70f,RELM91_fb955bb3dbff6e2113,MATM91_fcb0f8d4ad3fefb4ae,硝化棉,理化性质,外观,"白色纤维状固体,外观似棉花",,,,,,,,text_only,false,no_reliable_numeric_measurement,,,,,,81,EVM91_260abec2e1fcf11630,accepted
PROPM91_e75aa96e9cede46eac,RELM91_cedefe7b57b1fe1d82,MATM91_fcb0f8d4ad3fefb4ae,硝化棉,理化性质,溶解性,不溶于水;高氮量溶于丙酮、乙酸乙酯;低氮量溶于醇醚混合液,,,,,,,低|高,text_only,false,no_reliable_numeric_measurement,,,,,,81,EVM91_17f5fae4f33f34c4d1,accepted
PROPM91_6b101a1fd289ae89d5,RELM91_d5a73c09f287bdf209,MATM91_fcb0f8d4ad3fefb4ae,硝化棉,理化性质,挥发性,极低,,,,,,,低|极低,text_only,false,no_reliable_numeric_measurement,,,,,,81,EVM91_9dded9ffd16f62aa8a,accepted
PROPM91_ada500da54a1ba2370,RELM91_958c92f124650f3892,MATM91_fcb0f8d4ad3fefb4ae,硝化棉,安全特性,摩擦感度(需对应不同测试条件),"较低 (较RDX稳定,但随干燥程度增加)",,,,,,,较低|低,qualitative_only,false,no_reliable_numeric_measurement,,,,,,81,EVM91_d3cb365bd111c60641,accepted
PROPM91_e5bc4e8d5049d3d928,RELM91_10c4ee23d999cab181,MATM91_fcb0f8d4ad3fefb4ae,硝化棉,安全特性,撞击感度(需对应不同测试条件),"中等 (干燥状态下约为 10-20%,湿润状态显著降低)",,10,20,%,explicit_or_field_specific,,中等|低,validated_range,true,,explosion_probability,,,,,81,EVM91_9320bba2be5a57af6e,accepted
PROPM91_0e7edcc3af05899f2f,RELM91_771fe86aaba17a2fd8,MATM91_fcb0f8d4ad3fefb4ae,硝化棉,安全特性,冲击感度,"中等 (可被雷管起爆,常用作发射药基体)",,,,,,,中等,qualitative_only,false,no_reliable_numeric_measurement,,,,,,81,EVM91_2b1fa686cc3821915f,accepted
PROPM91_cbc264e22c73f31fcd,RELM91_c598cbc5d9fcdebcbf,MATM91_fcb0f8d4ad3fefb4ae,硝化棉,安全特性,火焰感度,极高 (极易被火星点燃并产生剧烈燃烧),,,,,,,极高|高,qualitative_only,false,no_reliable_numeric_measurement,,,,,,81,EVM91_968ae3dd3ed4fcbeb0,accepted
PROPM91_c9c00902ec8e780118,RELM91_0adf93e255534efeba,MATM91_fcb0f8d4ad3fefb4ae,硝化棉,安全特性,静电感度(需对应不同测试条件),较敏感 (纤维形态易积聚静电),,,,,,,较敏感|敏感,qualitative_only,false,no_reliable_numeric_measurement,,,,,,81,EVM91_d9ba10a2feded19081,accepted
PROPM91_38b5313327c7c8fa65,RELM91_629846ed5f8b9d6c14,MATM91_fcb0f8d4ad3fefb4ae,硝化棉,安全特性,热感度(5s爆发点),190°C - 200°C (取决于安定性),,,,,,,,multiple_measurements,false,multiple_primary_measurements,,热感度(5s爆发点),,,5,81,EVM91_fd869cea889ac961b3,accepted
PROPM91_2e48f2ccdfdd734643,RELM91_ef4cafb0a201afa7a5,MATM91_fcb0f8d4ad3fefb4ae,硝化棉,安全特性,电火花感度,敏感,,,,,,,敏感,qualitative_only,false,no_reliable_numeric_measurement,,,,,,81,EVM91_e95d41e879bad218ea,accepted
PROPM91_f60697e54f4a1569f9,RELM91_66a1f22361a5cd868e,MATM91_fcb0f8d4ad3fefb4ae,硝化棉,安全特性,吸湿性,1.0% - 3.0% (随含氮量增加而降低),,,,,,,低,multiple_measurements,false,multiple_primary_measurements,,吸湿性,,,,81,EVM91_5c43ca24883632e001,accepted
PROPM91_e9caeee8a7bf09068f,RELM91_780b5190338632b350,MATM91_fcb0f8d4ad3fefb4ae,硝化棉,安全特性,熔点,不适用 (受热分解而不熔化),,,,,,,,qualitative_only,false,no_reliable_numeric_measurement,,,,,,81,EVM91_9524cc4226b6eb24c5,accepted
PROPM91_df8679f916b0949d82,RELM91_58c97817551fe31f05,MATM91_fcb0f8d4ad3fefb4ae,硝化棉,安全特性,分解温度,160°C - 170°C (开始缓慢分解并自热),,,,,,,,multiple_measurements,false,multiple_primary_measurements,,分解温度,,,,81,EVM91_f8164f858d03b3c77f,accepted
PROPM91_a24df4b49aea4f0458,RELM91_ef5ddcf2ebafa4cd61,MATM91_fcb0f8d4ad3fefb4ae,硝化棉,能量特性,爆速,6300 - 7300 m/s (取决于含氮量及装填密度),,6300,7300,m/s,explicit_or_field_specific,,,validated_range,true,,primary_value,爆速,,,,81,EVM91_0a958aa7bf429e6687,accepted
PROPM91_bc884a1ae68f58f082,RELM91_c0593367beec94b890,MATM91_fcb0f8d4ad3fefb4ae,硝化棉,能量特性,爆温,~3000 K,3000,,,℃,explicit_or_field_specific,~,,validated_single,true,,primary_value,爆温,~,,,81,EVM91_90ad204eff74c71cd4,accepted
PROPM91_eab16c2470005c0457,RELM91_775eb7e7a474b40d7a,MATM91_fcb0f8d4ad3fefb4ae,硝化棉,能量特性,爆压,18 - 22 GPa,,18,22,GPa,explicit_or_field_specific,,,validated_range,true,,primary_value,爆压,,,,81,EVM91_df3a49fd745431a191,accepted
PROPM91_d538fdb028833c1b28,RELM91_5ef4c72fce18d93538,MATM91_fcb0f8d4ad3fefb4ae,硝化棉,能量特性,爆容,850 - 950 L/kg,,850,950,L/kg,explicit_or_field_specific,,,validated_range,true,,primary_value,爆容,,,,81,EVM91_c818ac98954c209812,accepted
PROPM91_605b2cf8c8e7060c60,RELM91_9d8769d280d6f12293,MATM91_fcb0f8d4ad3fefb4ae,硝化棉,能量特性,威力,0.9 - 1.2 (TNT当量),,,,,,,,text_only,false,no_reliable_numeric_measurement,,,,,,81,EVM91_8ae6d176cef4a1d0c0,accepted
PROPM91_94a6fb4f533bf32024,RELM91_db62fed9edf66c1637,MATM91_fcb0f8d4ad3fefb4ae,硝化棉,能量特性,猛度,90% - 100% (相对于TNT),,,,,,,,multiple_measurements,false,multiple_primary_measurements,,猛度,,,,81,EVM91_a4daadb20ea3f1c4d8,accepted
PROPM91_bcfac824265ec262b0,RELM91_91dc6997203a8a947d,MATM91_fcb0f8d4ad3fefb4ae,硝化棉,能量特性,起爆力,"较强,主要用作发射药、单基或双基推进剂主体",,,,,,,强|较强,text_only,false,no_reliable_numeric_measurement,,,,,,81,EVM91_b96ce983a93daa2f93,accepted
PROPM91_1b4a1d39e91c69e055,RELM91_a8a7d7c47d2138b77a,MATM91_fcb0f8d4ad3fefb4ae,硝化棉,能量特性,燃烧速度(发射药、推进剂),快且均匀(无烟燃烧),,,,,,,无,qualitative_only,false,no_reliable_numeric_measurement,,,,,,81,EVM91_ceefe35f2099ab6e8a,accepted
PROPM91_41613f4ebfa07748c7,RELM91_3905457e054dd5fab2,MATM91_fcb0f8d4ad3fefb4ae,硝化棉,能量特性,火药力(发射药),900 - 1100 kJ/kg,,900,1100,kJ/kg,explicit_or_field_specific,,,validated_range,true,,primary_value,火药力(发射药),,,,81,EVM91_43c2dc8bb80467eb9a,accepted
PROPM91_e7b2361676896941a3,RELM91_03972c8a5d49b05b9c,MATM91_b283cfe4ff1119200c,枪用单基药,理化性质,分子量(单质),变量 (聚合度不同),,,,,,,,qualitative_only,false,no_reliable_numeric_measurement,,,,,,82,EVM91_adab4afef0608a25da,accepted
PROPM91_434a3e96efc29d6dad,RELM91_5eb387f7f67c8f85d5,MATM91_b283cfe4ff1119200c,枪用单基药,理化性质,密度,1.55 - 1.63 g/cm3,,1.55,1.63,g/cm³,explicit_or_field_specific,,,validated_range,true,,primary_value,密度,,,,82,EVM91_0e8ffdf6d69f4138f3,accepted
PROPM91_58ed0daf75b61f2f35,RELM91_3bb482cebe7c57e3ba,MATM91_b283cfe4ff1119200c,枪用单基药,理化性质,外观,淡黄色或深褐色颗粒 (片状/条状/球状),,,,,,,,text_only,false,no_reliable_numeric_measurement,,,,,,82,EVM91_e18801652c2b515604,accepted
PROPM91_2a1e6dfa1cfb741e3b,RELM91_e5b10a835efa3a609f,MATM91_b283cfe4ff1119200c,枪用单基药,理化性质,溶解性,"不溶于水, 溶于丙酮/乙醚乙醇混合液",,,,,,,,text_only,false,no_reliable_numeric_measurement,,,,,,82,EVM91_fd6e691699d1b72fba,accepted
PROPM91_9f6186db7da3993cb0,RELM91_bf68d4173c145a7b39,MATM91_b283cfe4ff1119200c,枪用单基药,理化性质,挥发性,极低,,,,,,,低|极低,text_only,false,no_reliable_numeric_measurement,,,,,,82,EVM91_08920fba45b56825cd,accepted
PROPM91_f9861387cb3735b6a8,RELM91_46ff895b835a902aea,MATM91_b283cfe4ff1119200c,枪用单基药,安全特性,摩擦感度(需对应不同测试条件),低 (较炸药稳定),,,,,,,低,qualitative_only,false,no_reliable_numeric_measurement,,,,,,82,EVM91_98bd287d776f2240eb,accepted
PROPM91_329bb8a7867a74986d,RELM91_92195b533327c91c0d,MATM91_b283cfe4ff1119200c,枪用单基药,安全特性,撞击感度(需对应不同测试条件),中等 (干燥状态较敏感),,,,,,,较敏感|敏感|中等,qualitative_only,false,no_reliable_numeric_measurement,,,,,,82,EVM91_622d42dc234ee79f6b,accepted
PROPM91_28df4fcf9b8c10dfb8,RELM91_dd746a725d7724df08,MATM91_b283cfe4ff1119200c,枪用单基药,安全特性,冲击感度,"较低 (难以直接爆轰, 需强力激发)",,,,,,,强|较低|低,qualitative_only,false,no_reliable_numeric_measurement,,,,,,82,EVM91_3a6f58290226694079,accepted
PROPM91_7b8596c8901ea39d3d,RELM91_f5ed811ef47afcd95d,MATM91_b283cfe4ff1119200c,枪用单基药,安全特性,火焰感度,极高 (极易点燃),,,,,,,极高|高,qualitative_only,false,no_reliable_numeric_measurement,,,,,,82,EVM91_6aeb3d1d1796f34a43,accepted
PROPM91_8cffaa9ecfc71df198,RELM91_75bd3c0941f4ea70aa,MATM91_b283cfe4ff1119200c,枪用单基药,安全特性,静电感度(需对应不同测试条件),敏感 (纤维形态易积聚),,,,,,,敏感,qualitative_only,false,no_reliable_numeric_measurement,,,,,,82,EVM91_eb0879e4e3b94624b2,accepted
PROPM91_bfc0ea452d681a6a23,RELM91_e9bc25339108cd15b1,MATM91_b283cfe4ff1119200c,枪用单基药,安全特性,热感度(5s爆发点),190°C - 205°C,,,,,,,,multiple_measurements,false,multiple_primary_measurements,,热感度(5s爆发点),,,5,82,EVM91_b81f73b5f3a3bd0243,accepted
PROPM91_4a8df2fa7dde58ac9e,RELM91_76583d787c0dfe7c41,MATM91_b283cfe4ff1119200c,枪用单基药,安全特性,电火花感度,敏感,,,,,,,敏感,qualitative_only,false,no_reliable_numeric_measurement,,,,,,82,EVM91_6fe817714e26e8101f,accepted
PROPM91_a29e5c94d3901b52f6,RELM91_1f2f67ee5b668e49ed,MATM91_b283cfe4ff1119200c,枪用单基药,安全特性,吸湿性,1.0% - 3.0%,,,,,,,,multiple_measurements,false,multiple_primary_measurements,,吸湿性,,,,82,EVM91_7deeda6ceaac84207b,accepted
PROPM91_9a9002ff71f84743f1,RELM91_1d18ca52b684b2a0e6,MATM91_b283cfe4ff1119200c,枪用单基药,安全特性,熔点,无 (受热分解),,,,,,,无,qualitative_only,false,no_reliable_numeric_measurement,,,,,,82,EVM91_d703fadce0558efc59,accepted
PROPM91_0da334734cff0faf93,RELM91_747bf7041692205ef6,MATM91_b283cfe4ff1119200c,枪用单基药,安全特性,分解温度,~160°C 开始缓慢分解,160,,,℃,explicit_or_field_specific,~,,validated_single,true,,onset_temperature,分解温度,~,,,82,EVM91_e91f8a58e22438e6e4,accepted
PROPM91_9d2f154f7e6a787069,RELM91_178523ed4649721d71,MATM91_b283cfe4ff1119200c,枪用单基药,能量特性,爆速,~3600 m/s (若发生爆轰),3600,,,m/s,explicit_or_field_specific,~,,validated_single,true,,primary_value,爆速,~,,,82,EVM91_7a40b2e8f9f5400154,accepted
PROPM91_30f3c49acf47452435,RELM91_6e899398484da30da5,MATM91_b283cfe4ff1119200c,枪用单基药,能量特性,爆温,~2800 K - 3000 K,2800,,,℃,explicit_or_field_specific,~,,validated_single,true,,primary_value,爆温,~,,,82,EVM91_478ae8f91bc44d017e,accepted
PROPM91_c1a8a98e4ac1e005f4,RELM91_d0d459bf5518916e4d,MATM91_b283cfe4ff1119200c,枪用单基药,能量特性,爆压,~18 - 22 GPa,,18,22,GPa,explicit_or_field_specific,~,,validated_range,true,,primary_value,爆压,~,,,82,EVM91_f782a9223d2062b46a,accepted
PROPM91_deb69fbf23a2f9c53d,RELM91_c2cee20e7108695e19,MATM91_b283cfe4ff1119200c,枪用单基药,能量特性,爆容,~900 L/kg,900,,,L/kg,explicit_or_field_specific,~,,validated_single,true,,primary_value,爆容,~,,,82,EVM91_e189b3b7a5bd113cf1,accepted
PROPM91_0e21de1a2f6a92f740,RELM91_fb860a82c0a57829e6,MATM91_b283cfe4ff1119200c,枪用单基药,能量特性,威力,0.9 - 1.1 (TNT当量),,,,,,,,text_only,false,no_reliable_numeric_measurement,,,,,,82,EVM91_ecc0b2636ea073c698,accepted
PROPM91_35ac378ad0960147de,RELM91_4c0ec0d5bb557cffbe,MATM91_b283cfe4ff1119200c,枪用单基药,能量特性,猛度,~90% (相对于TNT),90,,,%,explicit_or_field_specific,~,,validated_single,true,,primary_value,猛度,~,,,82,EVM91_f579ef3258581cba40,accepted
PROPM91_cfc6fac9f94037158c,RELM91_6d6b0a09321d21d844,MATM91_b283cfe4ff1119200c,枪用单基药,能量特性,起爆力,中等,,,,,,,中等,text_only,false,no_reliable_numeric_measurement,,,,,,82,EVM91_55e0d95db4f750d2d2,accepted
PROPM91_47e16e288167d5fb80,RELM91_eef43c29bdece6508a,MATM91_b283cfe4ff1119200c,枪用单基药,能量特性,燃烧速度(发射药、推进剂),中速 (平行层燃烧),,,,,,,,qualitative_only,false,no_reliable_numeric_measurement,,,,,,82,EVM91_395bbbf591f44c6ea1,accepted
PROPM91_b30a81f1ff40ef7f8f,RELM91_8790d0e2a8f8bf953a,MATM91_b283cfe4ff1119200c,枪用单基药,能量特性,火药力(发射药),900 - 1050 kJ/kg,,900,1050,kJ/kg,explicit_or_field_specific,,,validated_range,true,,primary_value,火药力(发射药),,,,82,EVM91_e3ebf65751bc90db3e,accepted
PROPM91_e925829a57e615316f,RELM91_22d364c0d7e92f8a7d,MATM91_45e27ea5185973e25e,枪用双基药,理化性质,分子量(单质),NC: 变量; NG: 227.09,,,,,,,,qualitative_only,false,no_reliable_numeric_measurement,,,,,,83,EVM91_e3b26355c8f0d0fac0,accepted
PROPM91_61e5c91f6f329c92e8,RELM91_ef35941db27d3ffb8c,MATM91_45e27ea5185973e25e,枪用双基药,理化性质,密度,1.60 - 1.67 g/cm3,,1.60,1.67,g/cm³,explicit_or_field_specific,,,validated_range,true,,primary_value,密度,,,,83,EVM91_743089e7b9f95efe2c,accepted
PROPM91_e4f02d6c06e868d60b,RELM91_60f0e190c09a149da8,MATM91_45e27ea5185973e25e,枪用双基药,理化性质,外观,深色或半透明琥珀色颗粒 (含NG通常颜色较深),,,,,,,,text_only,false,no_reliable_numeric_measurement,,,,,,83,EVM91_6aed8789f1fa43a18c,accepted
PROPM91_7f8911b29bb4c33564,RELM91_c18eded26925d88550,MATM91_45e27ea5185973e25e,枪用双基药,理化性质,溶解性,"不溶于水, 部分溶于有机溶剂",,,,,,,,text_only,false,no_reliable_numeric_measurement,,,,,,83,EVM91_351bd688d8eab5ea9e,accepted
PROPM91_091e19fb98d26174d2,RELM91_c101f268d998ef807c,MATM91_45e27ea5185973e25e,枪用双基药,理化性质,挥发性,低 (NG有一定挥发性),,,,,,,低,text_only,false,no_reliable_numeric_measurement,,,,,,83,EVM91_37bda7fc134515289f,accepted
PROPM91_4393611b94597856c9,RELM91_41d6055d2700afdd8d,MATM91_45e27ea5185973e25e,枪用双基药,安全特性,摩擦感度(需对应不同测试条件),中等偏低 (含NG感度略高),,,,,,,中等|低|高,qualitative_only,false,no_reliable_numeric_measurement,,,,,,83,EVM91_491333a4231e4ec551,accepted
PROPM91_6bcfa341c6b19da9fa,RELM91_bc72e46c0b2b72631e,MATM91_45e27ea5185973e25e,枪用双基药,安全特性,撞击感度(需对应不同测试条件),较高 (受NG含量影响),,,,,,,高,qualitative_only,false,no_reliable_numeric_measurement,,,,,,83,EVM91_c95579cd9f81bed6e5,accepted
PROPM91_c448dde5930b1b8f2b,RELM91_214467ecb28dca12ce,MATM91_45e27ea5185973e25e,枪用双基药,安全特性,冲击感度,中等 (易于发生爆轰转化),,,,,,,中等,qualitative_only,false,no_reliable_numeric_measurement,,,,,,83,EVM91_9b9c95cb5fae9c4b3c,accepted
PROPM91_5935f70db1b7ad7214,RELM91_7779b47cd2c77b556f,MATM91_45e27ea5185973e25e,枪用双基药,安全特性,火焰感度,极高 (点燃速度更快),,,,,,,极高|高,qualitative_only,false,no_reliable_numeric_measurement,,,,,,83,EVM91_e61af51225da84b87a,accepted
PROPM91_2f0ea748e1da6ed6ed,RELM91_53436a03d184c1ed3d,MATM91_45e27ea5185973e25e,枪用双基药,安全特性,静电感度(需对应不同测试条件),较敏感,,,,,,,较敏感|敏感,qualitative_only,false,no_reliable_numeric_measurement,,,,,,83,EVM91_d12402683d0b9d8286,accepted
PROPM91_37415f8c5264eacd05,RELM91_bd23ffe5bf53972146,MATM91_45e27ea5185973e25e,枪用双基药,安全特性,热感度(5s爆发点),170°C - 185°C,,,,,,,,multiple_measurements,false,multiple_primary_measurements,,热感度(5s爆发点),,,5,83,EVM91_9a7ee5406247778a0d,accepted
PROPM91_f12dffd4f70c42024a,RELM91_0d0894fb7688fcb254,MATM91_45e27ea5185973e25e,枪用双基药,安全特性,电火花感度,敏感,,,,,,,敏感,qualitative_only,false,no_reliable_numeric_measurement,,,,,,83,EVM91_7f8af751c8820dae85,accepted
PROPM91_e83b3ffeb7c1e4bb9b,RELM91_738168fd10b36d450c,MATM91_45e27ea5185973e25e,枪用双基药,安全特性,吸湿性,0.5% - 1.5% (NG具有疏水性),,,,,,,,multiple_measurements,false,multiple_primary_measurements,,吸湿性,,,,83,EVM91_1423a3e0a3b72d01cb,accepted
PROPM91_bac444738042bd82a1,RELM91_2987237c4eba02a9ec,MATM91_45e27ea5185973e25e,枪用双基药,安全特性,熔点,无 (受热分解),,,,,,,无,qualitative_only,false,no_reliable_numeric_measurement,,,,,,83,EVM91_0cf90d5b1e5b582dc0,accepted
PROPM91_44ff3ad56658074296,RELM91_8c2acb5890387ae6dc,MATM91_45e27ea5185973e25e,枪用双基药,安全特性,分解温度,~150°C 开始缓慢分解,150,,,℃,explicit_or_field_specific,~,,validated_single,true,,onset_temperature,分解温度,~,,,83,EVM91_b5a53e5f518a95dfbf,accepted
PROPM91_f17bb349ca69034b62,RELM91_87c393f18c33e23292,MATM91_45e27ea5185973e25e,枪用双基药,能量特性,爆速,~4100 m/s (若发生爆轰),4100,,,m/s,explicit_or_field_specific,~,,validated_single,true,,primary_value,爆速,~,,,83,EVM91_410f7ab45f61955776,accepted
PROPM91_c10bb77d0081de8ff7,RELM91_682ea7c3533be4654b,MATM91_45e27ea5185973e25e,枪用双基药,能量特性,爆温,~3200 K - 3500 K,3200,,,℃,explicit_or_field_specific,~,,validated_single,true,,primary_value,爆温,~,,,83,EVM91_442e6fa74eb231c183,accepted
PROPM91_1dcd9c44f1e231af84,RELM91_ae628d067410df49b6,MATM91_45e27ea5185973e25e,枪用双基药,能量特性,爆压,~22 - 26 GPa,,22,26,GPa,explicit_or_field_specific,~,,validated_range,true,,primary_value,爆压,~,,,83,EVM91_5a422baeb2beb803e2,accepted
PROPM91_9c5a09fa0912e18475,RELM91_2227d2f67a304a5e6a,MATM91_45e27ea5185973e25e,枪用双基药,能量特性,爆容,~1000 L/kg,1000,,,L/kg,explicit_or_field_specific,~,,validated_single,true,,primary_value,爆容,~,,,83,EVM91_376312e43d1f61cdee,accepted
PROPM91_90b8de2727e10594f1,RELM91_04c27655ef65aa2419,MATM91_45e27ea5185973e25e,枪用双基药,能量特性,威力,1.1 - 1.3 (TNT当量),,,,,,,,text_only,false,no_reliable_numeric_measurement,,,,,,83,EVM91_71ab3332d80819e5e9,accepted
PROPM91_411549aaf8d6648d6b,RELM91_d87b63e2737927b43b,MATM91_45e27ea5185973e25e,枪用双基药,能量特性,猛度,~105% (相对于TNT),105,,,%,explicit_or_field_specific,~,,validated_single,true,,primary_value,猛度,~,,,83,EVM91_a77ae062feda5db029,accepted
PROPM91_f6b4b09127c1a7e0c0,RELM91_96b304750b3b731736,MATM91_45e27ea5185973e25e,枪用双基药,能量特性,起爆力,强,,,,,,,强,text_only,false,no_reliable_numeric_measurement,,,,,,83,EVM91_942634172b1efa0610,accepted
PROPM91_bc2c378fae369f745e,RELM91_fb71321d3a1c0519c6,MATM91_45e27ea5185973e25e,枪用双基药,能量特性,燃烧速度(发射药、推进剂),快速 (受压力影响大),,,,,,,,qualitative_only,false,no_reliable_numeric_measurement,,,,,,83,EVM91_c6e3332014063bb0b6,accepted
PROPM91_616c687bc81901d5ba,RELM91_db4c0f8673b0968d1e,MATM91_45e27ea5185973e25e,枪用双基药,能量特性,火药力(发射药),1100 - 1250 kJ/kg,,1100,1250,kJ/kg,explicit_or_field_specific,,,validated_range,true,,primary_value,火药力(发射药),,,,83,EVM91_4a7487280bfc75d220,accepted
PROPM91_0afad7b5b59c787141,RELM91_acbdf70d912cbf2df1,MATM91_0fbded9bdccaf2f068,单钾-4/7石发射药,理化性质,分子量(单质),变量 (聚合度不同),,,,,,,,qualitative_only,false,no_reliable_numeric_measurement,,,,,,84,EVM91_5fad44df9baaa8b971,accepted
PROPM91_3b229f5070a80f8779,RELM91_af93b0abb80844c092,MATM91_0fbded9bdccaf2f068,单钾-4/7石发射药,理化性质,密度,1.58 - 1.62 g/cm3 (真密度); 堆积密度约 0.85-0.95 g/cm3,,,,,,,,multiple_measurements,false,multiple_primary_measurements,,密度,,,,84,EVM91_748b63fc5b66635423,accepted
PROPM91_5fa33504c2192936da,RELM91_f67af7fa0ffe161dd5,MATM91_0fbded9bdccaf2f068,单钾-4/7石发射药,理化性质,外观,黑色或深灰色具有金属光泽的七孔柱状小颗粒(石墨涂覆),,,,,,,,text_only,false,no_reliable_numeric_measurement,,,,,,84,EVM91_14f4cf2489a5939f1b,accepted
PROPM91_b1d09dd916a17d88c9,RELM91_24884f2b9b3d8b9031,MATM91_0fbded9bdccaf2f068,单钾-4/7石发射药,理化性质,溶解性,"不溶于水,主体溶于丙酮及醇醚混合液",,,,,,,,text_only,false,no_reliable_numeric_measurement,,,,,,84,EVM91_a0065a66f0e47a09ea,accepted
PROPM91_14c667d158d5dd3ae1,RELM91_fbe6f47b695f571ef3,MATM91_0fbded9bdccaf2f068,单钾-4/7石发射药,理化性质,挥发性,极低,,,,,,,低|极低,text_only,false,no_reliable_numeric_measurement,,,,,,84,EVM91_19916bbf2a877fe255,accepted
PROPM91_177b0d5085c2732787,RELM91_9bb5095181a25f1231,MATM91_0fbded9bdccaf2f068,单钾-4/7石发射药,安全特性,摩擦感度(需对应不同测试条件),"低 (由于石墨润滑,稳定性良好)",,,,,,,低,qualitative_only,false,no_reliable_numeric_measurement,,,,,,84,EVM91_688708dce5841230df,accepted
PROPM91_a211d25b34c5ad9bd9,RELM91_090c6587645f36f255,MATM91_0fbded9bdccaf2f068,单钾-4/7石发射药,安全特性,撞击感度(需对应不同测试条件),中等 (干燥状态下较敏感),,,,,,,较敏感|敏感|中等,qualitative_only,false,no_reliable_numeric_measurement,,,,,,84,EVM91_67f6626981a1ea84b9,accepted
PROPM91_4b034cf24e7fdec68e,RELM91_0af3c1e9ed184c183f,MATM91_0fbded9bdccaf2f068,单钾-4/7石发射药,安全特性,冲击感度,"较低 (通常仅发生燃烧,难以由冲击直接转爆轰)",,,,,,,较低|低,qualitative_only,false,no_reliable_numeric_measurement,,,,,,84,EVM91_0eb019410d254fe98f,accepted
PROPM91_ece35a15d3fef6df6f,RELM91_bc08aefc5a72683ed5,MATM91_0fbded9bdccaf2f068,单钾-4/7石发射药,安全特性,火焰感度,"极高 (极易被火星或火焰点燃,燃烧剧烈)",,,,,,,极高|高,qualitative_only,false,no_reliable_numeric_measurement,,,,,,84,EVM91_f8063082dca3d3bc83,accepted
PROPM91_6ffae7b8f565c8c5d2,RELM91_8726cec26fc8acd300,MATM91_0fbded9bdccaf2f068,单钾-4/7石发射药,安全特性,静电感度(需对应不同测试条件),"不敏感 (石墨层具有导电性,显著降低静电积聚风险)",,,,,,,敏感|不敏感|低,qualitative_only,false,no_reliable_numeric_measurement,,,,,,84,EVM91_e5f038c318ea7f886d,accepted
PROPM91_0e95a4404fddc660a2,RELM91_1b418b7d39f3cc5fcc,MATM91_0fbded9bdccaf2f068,单钾-4/7石发射药,安全特性,热感度(5s爆发点),195°C - 205°C,,,,,,,,multiple_measurements,false,multiple_primary_measurements,,热感度(5s爆发点),,,5,84,EVM91_0c511ed99ab40347ca,accepted
PROPM91_7f77cd6e698d963ee6,RELM91_8c494c5ff65396aa5f,MATM91_0fbded9bdccaf2f068,单钾-4/7石发射药,安全特性,电火花感度,较低 (较普通NC药更安全),,,,,,,较低|低,qualitative_only,false,no_reliable_numeric_measurement,,,,,,84,EVM91_d4cf674de16f1f36e1,accepted
PROPM91_d37db4c5e34faf5de7,RELM91_dd4cbc29edd0c99ff9,MATM91_0fbded9bdccaf2f068,单钾-4/7石发射药,安全特性,吸湿性,≤ 1.5% (吸湿会显著改变燃烧弹道性能),1.5,,,%,explicit_or_field_specific,<=,吸湿,validated_single,true,,primary_value,吸湿性,<=,,,84,EVM91_a192481e821d090844,accepted
PROPM91_74fa889dc7606aa98d,RELM91_9da74096cd018ea67c,MATM91_0fbded9bdccaf2f068,单钾-4/7石发射药,安全特性,熔点,不适用 (受热分解),,,,,,,,qualitative_only,false,no_reliable_numeric_measurement,,,,,,84,EVM91_db03a2ad9b4bd843d1,accepted
PROPM91_f6d7fe4f1b688849ed,RELM91_0094e9444b3ac94c5a,MATM91_0fbded9bdccaf2f068,单钾-4/7石发射药,安全特性,分解温度,165°C - 175°C (开始缓慢自热分解),,,,,,,,multiple_measurements,false,multiple_primary_measurements,,分解温度,,,,84,EVM91_eda1902e8f4b9077a9,accepted
PROPM91_f59ede2cc267cf1cd8,RELM91_d8327ea5da96bd9dc0,MATM91_0fbded9bdccaf2f068,单钾-4/7石发射药,能量特性,爆速,"不适用 (设计用于控制燃烧,非爆轰状态)",,,,,,,,qualitative_only,false,no_reliable_numeric_measurement,,,,,,84,EVM91_89f84c631e5c4f0ffd,accepted
PROPM91_9ec49b0772fb5d01b9,RELM91_835bc755ca6245d406,MATM91_0fbded9bdccaf2f068,单钾-4/7石发射药,能量特性,爆温,~2800 K - 2950 K (加入钾盐略微降低爆温),2800,,,℃,explicit_or_field_specific,~,低,validated_single,true,,primary_value,爆温,~,,,84,EVM91_3bfdc650206caa1839,accepted
PROPM91_accedf539c87172402,RELM91_599e257ba6fe9ac547,MATM91_0fbded9bdccaf2f068,单钾-4/7石发射药,能量特性,爆压,取决于装药密度与弹膛容积 (最大容压可达 300-400 MPa),,300,400,MPa,explicit_or_field_specific,,,validated_range,true,,primary_value,爆压,,,,84,EVM91_ccf59beda5731640b9,accepted
PROPM91_ba9a840bb6d72f4dd8,RELM91_df63ab1c69505a1ff5,MATM91_0fbded9bdccaf2f068,单钾-4/7石发射药,能量特性,爆容,850 - 920 L/kg,,850,920,L/kg,explicit_or_field_specific,,,validated_range,true,,primary_value,爆容,,,,84,EVM91_109126483d4e735b97,accepted
PROPM91_8f545d4684e12fbec0,RELM91_7e932d1a487e94ed62,MATM91_0fbded9bdccaf2f068,单钾-4/7石发射药,能量特性,威力,0.9 - 1.0 (TNT当量),,,,,,,,text_only,false,no_reliable_numeric_measurement,,,,,,84,EVM91_b00c5c177cf5485267,accepted
PROPM91_32bc87e3acd91aa5e4,RELM91_5b203d8c666692f96d,MATM91_0fbded9bdccaf2f068,单钾-4/7石发射药,能量特性,起爆力,不适用 (作为发射能源使用),,,,,,,,text_only,false,no_reliable_numeric_measurement,,,,,,84,EVM91_e616e1f3340caedee4,accepted
PROPM91_b807155cec2c36c360,RELM91_2cd814a5945fd55aa7,MATM91_0fbded9bdccaf2f068,单钾-4/7石发射药,能量特性,燃烧速度(发射药、推进剂),"平稳的七孔层燃,具有递增的燃烧表面积",,,,,,,,qualitative_only,false,no_reliable_numeric_measurement,,,,,,84,EVM91_4ad964ede6fb4348fc,accepted
PROPM91_133e4b61f00d1a861c,RELM91_b7a7ed9ba4b17c198a,MATM91_0fbded9bdccaf2f068,单钾-4/7石发射药,能量特性,火药力(发射药),920 - 960 kJ/kg,,920,960,kJ/kg,explicit_or_field_specific,,,validated_range,true,,primary_value,火药力(发射药),,,,84,EVM91_1abc242d8785f2572b,accepted
PROPM91_eb961c813bbf59c468,RELM91_8eb8b047e194f7e0ce,MATM91_26feaf7d56a9f187be,单钾5/7石单基发射药,理化性质,分子量(单质),变量 (聚合物),,,,,,,,qualitative_only,false,no_reliable_numeric_measurement,,,,,,85,EVM91_80e7885055a9f1bdd1,accepted
PROPM91_524a7dc5848bc66578,RELM91_0555bf7a25ddb88da7,MATM91_26feaf7d56a9f187be,单钾5/7石单基发射药,理化性质,密度,1.58 - 1.62 g/cm3 (真密度); 堆积密度约 0.88-1.00 g/cm3,,,,,,,,multiple_measurements,false,multiple_primary_measurements,,密度,,,,85,EVM91_11907793bdc4508c58,accepted
PROPM91_36f710511b25965a61,RELM91_7370c808b96f12a4a7,MATM91_26feaf7d56a9f187be,单钾5/7石单基发射药,理化性质,外观,"黑色或深灰色七孔柱状小颗粒,表面具有明显的石墨金属光泽",,,,,,,,text_only,false,no_reliable_numeric_measurement,,,,,,85,EVM91_c1f29306524205d4a7,accepted
PROPM91_4b510ae1895bdfeed4,RELM91_30f2b8b220f2f466b4,MATM91_26feaf7d56a9f187be,单钾5/7石单基发射药,理化性质,溶解性,"不溶于水,溶于丙酮/乙醚乙醇混合液",,,,,,,,text_only,false,no_reliable_numeric_measurement,,,,,,85,EVM91_473b407c7df05225e5,accepted
PROPM91_885e3a89b0556d0efe,RELM91_1793df24f210e55918,MATM91_26feaf7d56a9f187be,单钾5/7石单基发射药,理化性质,挥发性,极低,,,,,,,低|极低,text_only,false,no_reliable_numeric_measurement,,,,,,85,EVM91_981d6484aeaae08818,accepted
PROPM91_5f1b50eb2f0a67db26,RELM91_dd3979eb8f1ae20f09,MATM91_26feaf7d56a9f187be,单钾5/7石单基发射药,安全特性,摩擦感度(需对应不同测试条件),低 (石墨层提供极佳润滑性),,,,,,,低,qualitative_only,false,no_reliable_numeric_measurement,,,,,,85,EVM91_53b546b851737d940c,accepted
PROPM91_be54519f402e7fd32f,RELM91_d40b8b595de4cc9c36,MATM91_26feaf7d56a9f187be,单钾5/7石单基发射药,安全特性,撞击感度(需对应不同测试条件),中等 (干燥状态较敏感),,,,,,,较敏感|敏感|中等,qualitative_only,false,no_reliable_numeric_measurement,,,,,,85,EVM91_b9585983f52366a4d9,accepted
PROPM91_afb6c1c7d5ec97d72c,RELM91_b1279b8882ef2793d3,MATM91_26feaf7d56a9f187be,单钾5/7石单基发射药,安全特性,冲击感度,较低 (常规处理下极难发生爆轰),,,,,,,较低|低,qualitative_only,false,no_reliable_numeric_measurement,,,,,,85,EVM91_f1e372c05561a26e4f,accepted
PROPM91_2db74f3a79b310df67,RELM91_19d8d69ea8c1fd8a5b,MATM91_26feaf7d56a9f187be,单钾5/7石单基发射药,安全特性,火焰感度,"极高 (极易引燃,燃烧猛烈)",,,,,,,极高|高,qualitative_only,false,no_reliable_numeric_measurement,,,,,,85,EVM91_c19801e9b0f1b95f64,accepted
PROPM91_c4392a62aec582c249,RELM91_bb65c436af8ca8b3d5,MATM91_26feaf7d56a9f187be,单钾5/7石单基发射药,安全特性,静电感度(需对应不同测试条件),不敏感 (石墨导电层能迅速消除静电),,,,,,,敏感|不敏感,qualitative_only,false,no_reliable_numeric_measurement,,,,,,85,EVM91_25ee863e0e0869c05d,accepted
PROPM91_25c65ff9b9dbb730b0,RELM91_adaf3854f144cb0240,MATM91_26feaf7d56a9f187be,单钾5/7石单基发射药,安全特性,热感度(5s爆发点),195°C - 205°C,,,,,,,,multiple_measurements,false,multiple_primary_measurements,,热感度(5s爆发点),,,5,85,EVM91_ae0dd3c70960abbe2a,accepted
PROPM91_4cb71c5ef11defa353,RELM91_23f41a739211a51e30,MATM91_26feaf7d56a9f187be,单钾5/7石单基发射药,安全特性,电火花感度,低,,,,,,,低,qualitative_only,false,no_reliable_numeric_measurement,,,,,,85,EVM91_814af2d8a5b19990cd,accepted
PROPM91_94f43210b52bd9bfc0,RELM91_b194e82f1d8e426a9b,MATM91_26feaf7d56a9f187be,单钾5/7石单基发射药,安全特性,吸湿性,≤ 1.5%,1.5,,,%,explicit_or_field_specific,<=,,validated_single,true,,primary_value,吸湿性,<=,,,85,EVM91_eb1c83f4d85de5ded3,accepted
PROPM91_78542e1e781c9a4223,RELM91_14dad07e22629d3bf4,MATM91_26feaf7d56a9f187be,单钾5/7石单基发射药,安全特性,熔点,无 (受热分解),,,,,,,无,qualitative_only,false,no_reliable_numeric_measurement,,,,,,85,EVM91_55d46069f041e61fd1,accepted
PROPM91_d602ba190f19c4ccf3,RELM91_2d1663ee0d5a7a880c,MATM91_26feaf7d56a9f187be,单钾5/7石单基发射药,安全特性,分解温度,165°C - 175°C (开始分解),,,,,,,,multiple_measurements,false,multiple_primary_measurements,,分解温度,,,,85,EVM91_5b566db81d57f622fa,accepted
PROPM91_7a695195129ee0abbb,RELM91_580e2bdd3f8d0abcef,MATM91_26feaf7d56a9f187be,单钾5/7石单基发射药,能量特性,爆速,不适用 (设计用于控制燃烧),,,,,,,,qualitative_only,false,no_reliable_numeric_measurement,,,,,,85,EVM91_a39a65959c8242740a,accepted
PROPM91_e7ff7d230f46e37090,RELM91_32e2afd36c74a40c26,MATM91_26feaf7d56a9f187be,单钾5/7石单基发射药,能量特性,爆温,~2850 K - 3000 K,2850,,,℃,explicit_or_field_specific,~,,validated_single,true,,primary_value,爆温,~,,,85,EVM91_44907cf20c842e2728,accepted
PROPM91_9bdd2d5032ecc4f153,RELM91_2ab2f93c239be1c4fe,MATM91_26feaf7d56a9f187be,单钾5/7石单基发射药,能量特性,爆压,取决于装药条件 (设计膛压通常为 280-380 MPa),,280,380,MPa,explicit_or_field_specific,,,validated_range,true,,primary_value,爆压,,,,85,EVM91_e0f68f4eaa299c913c,accepted
PROPM91_215f20633904820200,RELM91_90f411ba1c7980f598,MATM91_26feaf7d56a9f187be,单钾5/7石单基发射药,能量特性,爆容,850 - 930 L/kg,,850,930,L/kg,explicit_or_field_specific,,,validated_range,true,,primary_value,爆容,,,,85,EVM91_4da5871adea98369fe,accepted
PROPM91_5d48956f847beb259c,RELM91_b98af74afcac9f1b08,MATM91_26feaf7d56a9f187be,单钾5/7石单基发射药,能量特性,威力,0.9 - 1.0 (TNT当量),,,,,,,,text_only,false,no_reliable_numeric_measurement,,,,,,85,EVM91_c7760574594518193a,accepted
PROPM91_8c2d96106f5027f24d,RELM91_420cd20d6d50283199,MATM91_26feaf7d56a9f187be,单钾5/7石单基发射药,能量特性,起爆力,不适用 (发射能源),,,,,,,,text_only,false,no_reliable_numeric_measurement,,,,,,85,EVM91_371f5982087531cdd7,accepted
PROPM91_9fa337f8e72413f7a7,RELM91_d38d29b9fe27f0a9ca,MATM91_26feaf7d56a9f187be,单钾5/7石单基发射药,能量特性,燃烧速度(发射药、推进剂),"平稳的七孔层燃,弧厚 0.5mm 决定了其燃烧燃时",0.5,,,mm,explicit_or_field_specific,,,validated_single,true,,primary_value,燃烧速度(发射药、推进剂),,,,85,EVM91_b499c32df6b5be1a88,accepted
PROPM91_0781976a2aade33c09,RELM91_0e10818b85f26d924f,MATM91_26feaf7d56a9f187be,单钾5/7石单基发射药,能量特性,火药力(发射药),930 - 970 kJ/kg,,930,970,kJ/kg,explicit_or_field_specific,,,validated_range,true,,primary_value,火药力(发射药),,,,85,EVM91_21b72043356b87de7b,accepted
PROPM91_4529d8f1d1a885733f,RELM91_0001f4ec44655106d5,MATM91_a90f27bc5377b622ea,单樟-2/1单基发射药,理化性质,分子量(单质),变量 (取决于硝化棉聚合度),,,,,,,,qualitative_only,false,no_reliable_numeric_measurement,,,,,,86,EVM91_87262555ca6931111d,accepted
PROPM91_0a68fe6ac2a503621e,RELM91_4414ff00086ba2f459,MATM91_a90f27bc5377b622ea,单樟-2/1单基发射药,理化性质,密度,1.54 - 1.60 g/cm3 (真密度); 堆积密度约 0.80-0.95 g/cm3,,,,,,,,multiple_measurements,false,multiple_primary_measurements,,密度,,,,86,EVM91_03922fb52557b04111,accepted
PROPM91_465ca3e6847a8e8127,RELM91_78a4147a1bf9649357,MATM91_a90f27bc5377b622ea,单樟-2/1单基发射药,理化性质,外观,"黑色或深灰色单孔管状小颗粒,表面有金属光泽(石墨涂覆)",,,,,,,,text_only,false,no_reliable_numeric_measurement,,,,,,86,EVM91_0df9e9fd553ecf4a60,accepted
PROPM91_a3c9e971af57d4fae7,RELM91_9efa590476a3cff953,MATM91_a90f27bc5377b622ea,单樟-2/1单基发射药,理化性质,溶解性,"不溶于水,溶于丙酮、乙醇-乙醚混合液",,,,,,,,text_only,false,no_reliable_numeric_measurement,,,,,,86,EVM91_f7f73d4ae0681f97bc,accepted
PROPM91_1d146e476bd3a9afea,RELM91_0c0056b94a63decc81,MATM91_a90f27bc5377b622ea,单樟-2/1单基发射药,理化性质,挥发性,"较低 (樟脑具有一定挥发性,需注意包装密封)",,,,,,,较低|低,text_only,false,no_reliable_numeric_measurement,,,,,,86,EVM91_644aa4aa6ae9892350,accepted
PROPM91_17ad7aeeb878a12733,RELM91_43a36f1114b7a613d3,MATM91_a90f27bc5377b622ea,单樟-2/1单基发射药,安全特性,摩擦感度(需对应不同测试条件),低 (石墨和樟脑均有一定的润滑作用),,,,,,,低,qualitative_only,false,no_reliable_numeric_measurement,,,,,,86,EVM91_0930fd6ef3635419d6,accepted
PROPM91_8e18659e9cbe821283,RELM91_781d9e66dff2a0d460,MATM91_a90f27bc5377b622ea,单樟-2/1单基发射药,安全特性,撞击感度(需对应不同测试条件),中等 (干燥状态较敏感),,,,,,,较敏感|敏感|中等,qualitative_only,false,no_reliable_numeric_measurement,,,,,,86,EVM91_88f7d3f0b4ba9ad80b,accepted
PROPM91_d0158f105a5dad8a0d,RELM91_d1eb943457c1a51acd,MATM91_a90f27bc5377b622ea,单樟-2/1单基发射药,安全特性,冲击感度,较低 (常规处理难以爆轰),,,,,,,较低|低,qualitative_only,false,no_reliable_numeric_measurement,,,,,,86,EVM91_13f788234d8973b5b4,accepted
PROPM91_86e091176a7f210db2,RELM91_ef1363f78145589f9a,MATM91_a90f27bc5377b622ea,单樟-2/1单基发射药,安全特性,火焰感度,"极高 (极易引燃,燃烧迅速)",,,,,,,极高|高,qualitative_only,false,no_reliable_numeric_measurement,,,,,,86,EVM91_1bab1fc6a076e7f302,accepted
PROPM91_c5bd98e69b3881d9d9,RELM91_db8973b82231eea807,MATM91_a90f27bc5377b622ea,单樟-2/1单基发射药,安全特性,静电感度(需对应不同测试条件),不敏感 (石墨层导电性好),,,,,,,敏感|不敏感,qualitative_only,false,no_reliable_numeric_measurement,,,,,,86,EVM91_9756f993182e159870,accepted
PROPM91_8234b31c68a0a22f81,RELM91_6bc316ba79f2584847,MATM91_a90f27bc5377b622ea,单樟-2/1单基发射药,安全特性,热感度(5s爆发点),185°C - 195°C (樟脑的存在可能略微降低爆发点),,,,,,,低,multiple_measurements,false,multiple_primary_measurements,,热感度(5s爆发点),,,5,86,EVM91_09533b2930676a43a0,accepted
PROPM91_71979f4d97586edbf5,RELM91_c8df1c22414bfa43cc,MATM91_a90f27bc5377b622ea,单樟-2/1单基发射药,安全特性,电火花感度,低,,,,,,,低,qualitative_only,false,no_reliable_numeric_measurement,,,,,,86,EVM91_eddfe77d2347138fc5,accepted
PROPM91_5ed084c95e3e0fcc36,RELM91_8847a4d9378fb214c4,MATM91_a90f27bc5377b622ea,单樟-2/1单基发射药,安全特性,吸湿性,≤ 1.2% (樟脑具有一定的防潮作用),1.2,,,%,explicit_or_field_specific,<=,,validated_single,true,,primary_value,吸湿性,<=,,,86,EVM91_4068d50a5e16adf8a2,accepted
PROPM91_c45e921904cbb081b6,RELM91_6a687bf3ea59fa9de7,MATM91_a90f27bc5377b622ea,单樟-2/1单基发射药,安全特性,熔点,176°C (樟脑单质); 硝化棉受热分解,176,,,℃,explicit_or_field_specific,,,validated_single,true,,primary_value,熔点,,,,86,EVM91_a4daf325a191f51116,accepted
PROPM91_9cbee2876249c83933,RELM91_a80722f515c168b61f,MATM91_a90f27bc5377b622ea,单樟-2/1单基发射药,安全特性,分解温度,160°C - 170°C (开始缓慢分解),,,,,,,,multiple_measurements,false,multiple_primary_measurements,,分解温度,,,,86,EVM91_fa5cdab5acdccea3d5,accepted
PROPM91_7dd9e552ac0338cffe,RELM91_5ffec8e72d9eb1e7b9,MATM91_a90f27bc5377b622ea,单樟-2/1单基发射药,能量特性,爆速,不适用 (设计用于控制燃烧),,,,,,,,qualitative_only,false,no_reliable_numeric_measurement,,,,,,86,EVM91_e1121a15951fcf96d5,accepted
PROPM91_2d3a7ff744e6b04576,RELM91_18f30adcf8bf4aad1a,MATM91_a90f27bc5377b622ea,单樟-2/1单基发射药,能量特性,爆温,~2700 K - 2850 K,2700,,,℃,explicit_or_field_specific,~,,validated_single,true,,primary_value,爆温,~,,,86,EVM91_fa34191f194383037e,accepted
PROPM91_80dbe34db2b5ddfebf,RELM91_018cd75e2dd39396e4,MATM91_a90f27bc5377b622ea,单樟-2/1单基发射药,能量特性,爆压,取决于装填密度 (最大容压通常在 250-350 MPa),,250,350,MPa,explicit_or_field_specific,,,validated_range,true,,primary_value,爆压,,,,86,EVM91_da04465ad0d44c86a5,accepted
PROPM91_1154a707233f5dbda7,RELM91_c3212f28bccbaec484,MATM91_a90f27bc5377b622ea,单樟-2/1单基发射药,能量特性,爆容,820 - 900 L/kg,,820,900,L/kg,explicit_or_field_specific,,,validated_range,true,,primary_value,爆容,,,,86,EVM91_1f6cd4a7648b03802d,accepted
PROPM91_706bf3b5140252152a,RELM91_42b37efd23476e377a,MATM91_a90f27bc5377b622ea,单樟-2/1单基发射药,能量特性,威力,0.85 - 0.95 (TNT当量),,,,,,,,text_only,false,no_reliable_numeric_measurement,,,,,,86,EVM91_611bd8ea9a668f399e,accepted
PROPM91_ce656c0edd1245ea32,RELM91_f773350d27eadbfcf5,MATM91_a90f27bc5377b622ea,单樟-2/1单基发射药,能量特性,燃烧速度(发射药、推进剂),"平稳单孔层燃,弧厚 0.2mm 决定其燃时极短,适合快燃需求",0.2,,,mm,explicit_or_field_specific,,,validated_single,true,,primary_value,燃烧速度(发射药、推进剂),,,,86,EVM91_66ebb9cf5b7f7d203f,accepted
PROPM91_f25db166aea438daac,RELM91_5dff269339ef62e24b,MATM91_a90f27bc5377b622ea,单樟-2/1单基发射药,能量特性,火药力(发射药),880 - 930 kJ/kg,,880,930,kJ/kg,explicit_or_field_specific,,,validated_range,true,,primary_value,火药力(发射药),,,,86,EVM91_49b27830ee0181d0b0,accepted
PROPM91_2f2350da0604a816f4,RELM91_b3738cd767a18f77e9,MATM91_70b538c7a3297e21ac,单樟-3/1单基发射药,理化性质,分子量(单质),变量 (取决于聚合度),,,,,,,,qualitative_only,false,no_reliable_numeric_measurement,,,,,,87,EVM91_d65db84976a60f49f3,accepted
PROPM91_7280aadab8fc777a59,RELM91_6be9b534d3aa00f9e7,MATM91_70b538c7a3297e21ac,单樟-3/1单基发射药,理化性质,密度,1.54 - 1.61 g/cm3 (真密度); 堆积密度约 0.82-0.96 g/cm3,,,,,,,,multiple_measurements,false,multiple_primary_measurements,,密度,,,,87,EVM91_30526a208a70127f8e,accepted
PROPM91_3bf6cb944f770a50dd,RELM91_b0b8b64750a818d08b,MATM91_70b538c7a3297e21ac,单樟-3/1单基发射药,理化性质,外观,"黑色或深灰色单孔管状颗粒,具有石墨光泽",,,,,,,,text_only,false,no_reliable_numeric_measurement,,,,,,87,EVM91_3b3d9deac19692adbe,accepted
PROPM91_5b4db71167c33356c4,RELM91_a117981ae25c1eb09b,MATM91_70b538c7a3297e21ac,单樟-3/1单基发射药,理化性质,溶解性,"不溶于水,溶于丙酮、乙醇-乙醚混合溶液",,,,,,,,text_only,false,no_reliable_numeric_measurement,,,,,,87,EVM91_8b32ab5d6e66ad1248,accepted
PROPM91_d7fc54e328501365f5,RELM91_50cb9bebdd17ffa403,MATM91_70b538c7a3297e21ac,单樟-3/1单基发射药,理化性质,挥发性,"较低 (需密封,防止樟脑挥发)",,,,,,,较低|低,text_only,false,no_reliable_numeric_measurement,,,,,,87,EVM91_9a6dc91f23ee81c81c,accepted
PROPM91_2d5c35e8d40edfe552,RELM91_b144341bcf6ef7e0dc,MATM91_70b538c7a3297e21ac,单樟-3/1单基发射药,安全特性,摩擦感度(需对应不同测试条件),低 (石墨和樟脑具有润滑增塑作用),,,,,,,低,qualitative_only,false,no_reliable_numeric_measurement,,,,,,87,EVM91_4f7929e4b7e735ea00,accepted
PROPM91_5805b2bbd13908a459,RELM91_32bb7e3ba1d7564fdc,MATM91_70b538c7a3297e21ac,单樟-3/1单基发射药,安全特性,撞击感度(需对应不同测试条件),中等 (干燥状态下约为 15%-25%),,,,,,,中等,multiple_measurements,false,multiple_primary_measurements,,,,,,87,EVM91_e83340d0ab85920df5,accepted
PROPM91_3c3bc28cafa739a3f6,RELM91_c0b791d77e517ebc44,MATM91_70b538c7a3297e21ac,单樟-3/1单基发射药,安全特性,冲击感度,较低 (通常仅发生燃烧),,,,,,,较低|低,qualitative_only,false,no_reliable_numeric_measurement,,,,,,87,EVM91_c794b3c8e59ffab5d3,accepted
PROPM91_b690ca91fa449ad2c4,RELM91_b6e8502fe958374ee5,MATM91_70b538c7a3297e21ac,单樟-3/1单基发射药,安全特性,火焰感度,"极高 (极易引燃,火星即可导致爆燃)",,,,,,,极高|高,qualitative_only,false,no_reliable_numeric_measurement,,,,,,87,EVM91_2f321ebf49ddc73bb2,accepted
PROPM91_0ffb51482fae6c54a9,RELM91_c801e6b399789660c6,MATM91_70b538c7a3297e21ac,单樟-3/1单基发射药,安全特性,静电感度(需对应不同测试条件),不敏感 (石墨导电层能有效释放电荷),,,,,,,敏感|不敏感,qualitative_only,false,no_reliable_numeric_measurement,,,,,,87,EVM91_2fe2b46040574e2401,accepted
PROPM91_ac6bb6f76a5d637734,RELM91_aa4d21b8368e668156,MATM91_70b538c7a3297e21ac,单樟-3/1单基发射药,安全特性,热感度(5s爆发点),185°C - 198°C,,,,,,,,multiple_measurements,false,multiple_primary_measurements,,热感度(5s爆发点),,,5,87,EVM91_49730eb06a5e16b8bf,accepted
PROPM91_c6a7017f0a3357e08b,RELM91_2079ac0f75f744dc03,MATM91_70b538c7a3297e21ac,单樟-3/1单基发射药,安全特性,电火花感度,低,,,,,,,低,qualitative_only,false,no_reliable_numeric_measurement,,,,,,87,EVM91_17faa38d02c6ab9b6c,accepted
PROPM91_abad5d5f81aa8b89bf,RELM91_a49e7793a9ff5adbd0,MATM91_70b538c7a3297e21ac,单樟-3/1单基发射药,安全特性,吸湿性,≤ 1.2% (樟脑具有一定的疏水保护作用),1.2,,,%,explicit_or_field_specific,<=,,validated_single,true,,primary_value,吸湿性,<=,,,87,EVM91_e0f2b901914e09e800,accepted
PROPM91_ce35e047bcda371712,RELM91_d2f2b0138b2f650464,MATM91_70b538c7a3297e21ac,单樟-3/1单基发射药,安全特性,熔点,176°C (樟脑单质); 硝化棉无熔点,176,,,℃,explicit_or_field_specific,,无,validated_single,true,,primary_value,熔点,,,,87,EVM91_3e9d77c238027fecd6,accepted
PROPM91_def92ae9e557f6c6f1,RELM91_9fc1effab1720bc2f8,MATM91_70b538c7a3297e21ac,单樟-3/1单基发射药,安全特性,分解温度,160°C - 170°C (开始缓慢分解),,,,,,,,multiple_measurements,false,multiple_primary_measurements,,分解温度,,,,87,EVM91_f0e05ab1e847102eef,accepted
PROPM91_1bd8ecce8ba723a167,RELM91_ed02d9de3f82b68390,MATM91_70b538c7a3297e21ac,单樟-3/1单基发射药,能量特性,爆速,不适用 (设计用于控制燃烧),,,,,,,,qualitative_only,false,no_reliable_numeric_measurement,,,,,,87,EVM91_685c055b32efac6ea2,accepted
PROPM91_e3d51cc5166c7d01b8,RELM91_7cbdc0cd3cfb2d01af,MATM91_70b538c7a3297e21ac,单樟-3/1单基发射药,能量特性,爆温,~2750 K - 2900 K,2750,,,℃,explicit_or_field_specific,~,,validated_single,true,,primary_value,爆温,~,,,87,EVM91_08e5ad38d29d18b3ce,accepted
PROPM91_660bb460a0a4a580ca,RELM91_390bb757a52e64a0a3,MATM91_70b538c7a3297e21ac,单樟-3/1单基发射药,能量特性,爆压,取决于弹药设计 (最大允许容压通常在 260-360 MPa),,260,360,MPa,explicit_or_field_specific,,,validated_range,true,,primary_value,爆压,,,,87,EVM91_0d891fd587454f1e85,accepted
PROPM91_6f99cbd20fc2113ca4,RELM91_bc3b8cbeb943b7d383,MATM91_70b538c7a3297e21ac,单樟-3/1单基发射药,能量特性,爆容,840 - 920 L/kg,,840,920,L/kg,explicit_or_field_specific,,,validated_range,true,,primary_value,爆容,,,,87,EVM91_0f7486f7c0c74c64c6,accepted
PROPM91_3ff918420a75eb1764,RELM91_eaa0fe23d926175e8e,MATM91_70b538c7a3297e21ac,单樟-3/1单基发射药,能量特性,威力,0.9 - 1.0 (TNT当量),,,,,,,,text_only,false,no_reliable_numeric_measurement,,,,,,87,EVM91_40c9599363c4fc9db9,accepted
PROPM91_439efb26dacbc605d5,RELM91_0ece947e9eb62ac64d,MATM91_70b538c7a3297e21ac,单樟-3/1单基发射药,能量特性,燃烧速度(发射药、推进剂),"平稳单孔层燃,弧厚 0.3mm 属于中等燃速",0.3,,,mm,explicit_or_field_specific,,中等,validated_single,true,,primary_value,燃烧速度(发射药、推进剂),,,,87,EVM91_a311f6ba6f9ae3de85,accepted
PROPM91_954b5fa97f460add55,RELM91_3ff25fc39116ddebee,MATM91_70b538c7a3297e21ac,单樟-3/1单基发射药,能量特性,火药力(发射药),900 - 945 kJ/kg,,900,945,kJ/kg,explicit_or_field_specific,,,validated_range,true,,primary_value,火药力(发射药),,,,87,EVM91_f14311e38309c80b81,accepted
PROPM91_89386346064f43cee3,RELM91_98b479f5030cbd3e37,MATM91_abfca8253637bb4dfa,多-125,理化性质,分子量(单质),混合物,,,,,,,,qualitative_only,false,no_reliable_numeric_measurement,,,,,,88,EVM91_88a75a05aacf64aa45,accepted
PROPM91_4a302a69dfcfbebf21,RELM91_9e82a033af4d510f8a,MATM91_abfca8253637bb4dfa,多-125,理化性质,密度,1.62 - 1.68 g/cm3 (真密度); 堆积密度约 0.95-1.05 g/cm3,,,,,,,,multiple_measurements,false,multiple_primary_measurements,,密度,,,,88,EVM91_f0f6b2f1136edadd23,accepted
PROPM91_eaa8794e7cabc1bf64,RELM91_62c420821d4c1bcd46,MATM91_abfca8253637bb4dfa,多-125,理化性质,外观,"黑色或深灰色十九孔柱状颗粒,具有石墨光泽",,,,,,,,text_only,false,no_reliable_numeric_measurement,,,,,,88,EVM91_8572ebb8d3f2398ae1,accepted
PROPM91_4f3ece858bf635b7d0,RELM91_4fd3394651651d5b68,MATM91_abfca8253637bb4dfa,多-125,理化性质,溶解性,"不溶于水,主体组分可溶于丙酮",,,,,,,,text_only,false,no_reliable_numeric_measurement,,,,,,88,EVM91_eab36187cf6d99423a,accepted
PROPM91_2e3d55893f14f9d5c2,RELM91_d73f5c84df3ea06c88,MATM91_abfca8253637bb4dfa,多-125,理化性质,挥发性,极低 (需防止NG迁移),,,,,,,低|极低,text_only,false,no_reliable_numeric_measurement,,,,,,88,EVM91_c1517083b82b41c2ec,accepted
PROPM91_1487634403e66d4b9c,RELM91_44368f4acc033fbda8,MATM91_abfca8253637bb4dfa,多-125,安全特性,摩擦感度(需对应不同测试条件),中等 (受RDX含量影响),,,,,,,中等,qualitative_only,false,no_reliable_numeric_measurement,,,,,,88,EVM91_e1ede290107f6b5901,accepted
PROPM91_c921e22bf2ab419d3b,RELM91_6cd9b3deb402aacae0,MATM91_abfca8253637bb4dfa,多-125,安全特性,撞击感度(需对应不同测试条件),中等 (干燥状态较敏感),,,,,,,较敏感|敏感|中等,qualitative_only,false,no_reliable_numeric_measurement,,,,,,88,EVM91_9df4a2107880615d27,accepted
PROPM91_d18ef242a69a1dcc81,RELM91_9c09b6ba6b652f4d8b,MATM91_abfca8253637bb4dfa,多-125,安全特性,冲击感度,中等 (在强约束条件下可能发生由燃转爆),,,,,,,强|中等,qualitative_only,false,no_reliable_numeric_measurement,,,,,,88,EVM91_997e29517ed1cf72dd,accepted
PROPM91_048f127af3824ae41f,RELM91_89bf767bcbd72d8614,MATM91_abfca8253637bb4dfa,多-125,安全特性,火焰感度,"极高 (点火极其迅速,燃烧猛烈)",,,,,,,极高|高,qualitative_only,false,no_reliable_numeric_measurement,,,,,,88,EVM91_0495e38ee01e5b8f05,accepted
PROPM91_81225116865d8a258c,RELM91_07b439e61a97756c51,MATM91_abfca8253637bb4dfa,多-125,安全特性,静电感度(需对应不同测试条件),不敏感 (石墨层保护),,,,,,,敏感|不敏感,qualitative_only,false,no_reliable_numeric_measurement,,,,,,88,EVM91_9202e486c8e17a903a,accepted
PROPM91_1818642836c0652911,RELM91_0a9823f6d60c9b2321,MATM91_abfca8253637bb4dfa,多-125,安全特性,热感度(5s爆发点),175°C - 185°C,,,,,,,,multiple_measurements,false,multiple_primary_measurements,,热感度(5s爆发点),,,5,88,EVM91_ea4c55101edcd098ee,accepted
PROPM91_a23506e776379449c9,RELM91_4876e380e16284a63f,MATM91_abfca8253637bb4dfa,多-125,安全特性,电火花感度,低,,,,,,,低,qualitative_only,false,no_reliable_numeric_measurement,,,,,,88,EVM91_6c6c1b2898901d7a7a,accepted
PROPM91_7f4f3d8697783d67f5,RELM91_ba1021dc577ecc5006,MATM91_abfca8253637bb4dfa,多-125,安全特性,吸湿性,≤ 1.0%,1.0,,,%,explicit_or_field_specific,<=,,validated_single,true,,primary_value,吸湿性,<=,,,88,EVM91_27bfc32e5e31982ba4,accepted
PROPM91_cca5d47de0c17f8625,RELM91_32058e9bec6c456e74,MATM91_abfca8253637bb4dfa,多-125,安全特性,熔点,无 (受热分解),,,,,,,无,qualitative_only,false,no_reliable_numeric_measurement,,,,,,88,EVM91_5c0b8d1c40b07cdae4,accepted
PROPM91_c3decebadf2ad9cb08,RELM91_fc46bebb7b0a7c22e1,MATM91_abfca8253637bb4dfa,多-125,安全特性,分解温度,150°C - 160°C (开始缓慢分解),,,,,,,,multiple_measurements,false,multiple_primary_measurements,,分解温度,,,,88,EVM91_327bf681bd870b0915,accepted
PROPM91_1e4eb1f1c4a40371d8,RELM91_b388a2a9ead7e5a765,MATM91_abfca8253637bb4dfa,多-125,能量特性,爆速,不适用 (用于控制燃烧),,,,,,,,qualitative_only,false,no_reliable_numeric_measurement,,,,,,88,EVM91_62bcb7b091c5c71c6b,accepted
PROPM91_302e9122796e6c64d0,RELM91_fe13cfcc5d298c2267,MATM91_abfca8253637bb4dfa,多-125,能量特性,爆温,~3200 K - 3500 K,3200,,,℃,explicit_or_field_specific,~,,validated_single,true,,primary_value,爆温,~,,,88,EVM91_cc9dd3fcd989f7331e,accepted
PROPM91_800de8782531237467,RELM91_3e59a814a5ae0b5637,MATM91_abfca8253637bb4dfa,多-125,能量特性,爆压,最高工作膛压约 450-550 MPa,,450,550,MPa,explicit_or_field_specific,~,高,validated_range,true,,primary_value,爆压,~,,,88,EVM91_4750a526131bac6781,accepted
PROPM91_ce171da3897e5d93b4,RELM91_7a1a3dde3b6b3ce7a0,MATM91_abfca8253637bb4dfa,多-125,能量特性,爆容,950 - 1050 L/kg,,950,1050,L/kg,explicit_or_field_specific,,,validated_range,true,,primary_value,爆容,,,,88,EVM91_e5256e7dfb9dc8f600,accepted
PROPM91_1fc0e14994dd82bfe4,RELM91_1d51b48e31dbfb7cc4,MATM91_abfca8253637bb4dfa,多-125,能量特性,威力,1.1 - 1.3 (TNT当量),,,,,,,,text_only,false,no_reliable_numeric_measurement,,,,,,88,EVM91_836ae086c9a9b96b04,accepted
PROPM91_f3feedcb990008707a,RELM91_d9d50bac2fc3e3a22f,MATM91_abfca8253637bb4dfa,多-125,能量特性,燃烧速度(发射药、推进剂),"十九孔递增性燃烧,压力维持特性极佳",,,,,,,,qualitative_only,false,no_reliable_numeric_measurement,,,,,,88,EVM91_57721af0b48c042c2c,accepted
PROPM91_1a8860438a04adeff8,RELM91_34d1ed0ad23214c843,MATM91_abfca8253637bb4dfa,多-125,能量特性,火药力(发射药),1150 - 1250 kJ/kg,,1150,1250,kJ/kg,explicit_or_field_specific,,,validated_range,true,,primary_value,火药力(发射药),,,,88,EVM91_08c26d36a0ef4c97a4,accepted
PROPM91_0684f97842adb21125,RELM91_97136102f3cb88615a,MATM91_90eea1e1149b88cf15,4/1单基发射药,理化性质,分子量(单质),变量 (取决于硝化棉聚合度),,,,,,,,qualitative_only,false,no_reliable_numeric_measurement,,,,,,89,EVM91_8c851557993700db26,accepted
PROPM91_3c9cbedf11d657cb00,RELM91_f20a343ab2254cf6ba,MATM91_90eea1e1149b88cf15,4/1单基发射药,理化性质,密度,1.56 - 1.64 g/cm3 (真密度); 堆积密度约 0.85-1.00 g/cm3,,,,,,,,multiple_measurements,false,multiple_primary_measurements,,密度,,,,89,EVM91_17eba458a626998626,accepted
PROPM91_4fee36e8096e12b245,RELM91_d9fa01ed7a2147fdc8,MATM91_90eea1e1149b88cf15,4/1单基发射药,理化性质,外观,"黑色或深灰色单孔管状小颗粒,表面具有明显的金属光泽(石墨涂层)",,,,,,,,text_only,false,no_reliable_numeric_measurement,,,,,,89,EVM91_bcbd135ae3846e4233,accepted
PROPM91_de8fd607eeb0c3d8fe,RELM91_a71ee7dc479eb616d5,MATM91_90eea1e1149b88cf15,4/1单基发射药,理化性质,溶解性,"不溶于水,溶于丙酮、乙酸乙酯、醇醚混合液",,,,,,,,text_only,false,no_reliable_numeric_measurement,,,,,,89,EVM91_89d5a7f97f30837a2d,accepted
PROPM91_454a54d4b6a0aedc5b,RELM91_868edc547a4b4f6032,MATM91_90eea1e1149b88cf15,4/1单基发射药,理化性质,挥发性,极低,,,,,,,低|极低,text_only,false,no_reliable_numeric_measurement,,,,,,89,EVM91_8ec3f1b7e770dd9a49,accepted
PROPM91_d2cec93d04808f284c,RELM91_53137eafed7611bd34,MATM91_90eea1e1149b88cf15,4/1单基发射药,安全特性,摩擦感度(需对应不同测试条件),低 (石墨层提供极佳润滑性),,,,,,,低,qualitative_only,false,no_reliable_numeric_measurement,,,,,,89,EVM91_34c4ad282a8ed1b7b5,accepted
PROPM91_9ffe080a174bce4125,RELM91_baf28f7fa39139d28a,MATM91_90eea1e1149b88cf15,4/1单基发射药,安全特性,撞击感度(需对应不同测试条件),中等 (干燥状态下较敏感),,,,,,,较敏感|敏感|中等,qualitative_only,false,no_reliable_numeric_measurement,,,,,,89,EVM91_5cf6d3c71934eab252,accepted
PROPM91_c48d9827965cf80cf0,RELM91_f569cd149a5a01f0f3,MATM91_90eea1e1149b88cf15,4/1单基发射药,安全特性,冲击感度,"较低 (通常仅发生燃烧,很难通过冲击转爆轰)",,,,,,,较低|低,qualitative_only,false,no_reliable_numeric_measurement,,,,,,89,EVM91_97e44f005aaa034eb6,accepted
PROPM91_2270e18a09444511fe,RELM91_2ed70d4c1bed1b129e,MATM91_90eea1e1149b88cf15,4/1单基发射药,安全特性,火焰感度,"极高 (极易引燃,燃烧迅速)",,,,,,,极高|高,qualitative_only,false,no_reliable_numeric_measurement,,,,,,89,EVM91_d26c91763faf279f4b,accepted
PROPM91_d4aa9516fabe30f8e1,RELM91_718c8709df3b490166,MATM91_90eea1e1149b88cf15,4/1单基发射药,安全特性,静电感度(需对应不同测试条件),不敏感 (石墨导电层能有效消除静电),,,,,,,敏感|不敏感,qualitative_only,false,no_reliable_numeric_measurement,,,,,,89,EVM91_1f87c5e5652b1be720,accepted
PROPM91_0a04f7892f74d14e18,RELM91_d2830532a2d48cc503,MATM91_90eea1e1149b88cf15,4/1单基发射药,安全特性,热感度(5s爆发点),195°C - 205°C,,,,,,,,multiple_measurements,false,multiple_primary_measurements,,热感度(5s爆发点),,,5,89,EVM91_b49fdbde72f86908a2,accepted
PROPM91_999d0c6d29fe4cb92c,RELM91_1eb3e07a702daa5690,MATM91_90eea1e1149b88cf15,4/1单基发射药,安全特性,电火花感度,低,,,,,,,低,qualitative_only,false,no_reliable_numeric_measurement,,,,,,89,EVM91_dac5469e2c63b33629,accepted
PROPM91_ca5a92773698068019,RELM91_a1111f495fb94ef861,MATM91_90eea1e1149b88cf15,4/1单基发射药,安全特性,吸湿性,≤ 1.5% (吸湿后弹道性能会明显下降),1.5,,,%,explicit_or_field_specific,<=,吸湿,validated_single,true,,primary_value,吸湿性,<=,,,89,EVM91_021f5f51decb0f4ec5,accepted
PROPM91_b6f9a9d1ac58e47d13,RELM91_87e0b2c046f47275a7,MATM91_90eea1e1149b88cf15,4/1单基发射药,安全特性,熔点,无 (受热分解),,,,,,,无,qualitative_only,false,no_reliable_numeric_measurement,,,,,,89,EVM91_a93c7dd8ba04b200fa,accepted
PROPM91_34e036972da89c126e,RELM91_e56936eb1b4028f109,MATM91_90eea1e1149b88cf15,4/1单基发射药,安全特性,分解温度,165°C - 175°C (开始缓慢分解),,,,,,,,multiple_measurements,false,multiple_primary_measurements,,分解温度,,,,89,EVM91_a45772346f83084fb4,accepted
PROPM91_de06cb458871ebd397,RELM91_1a5a1f9d412eb7c2d2,MATM91_90eea1e1149b88cf15,4/1单基发射药,能量特性,爆速,不适用 (设计用于控制燃烧),,,,,,,,qualitative_only,false,no_reliable_numeric_measurement,,,,,,89,EVM91_aa58c9dbff0ad5ae9a,accepted
PROPM91_3c2f6efd1a007b77e0,RELM91_798ce4dc84ac99541c,MATM91_90eea1e1149b88cf15,4/1单基发射药,能量特性,爆温,~2850 K - 3000 K,2850,,,℃,explicit_or_field_specific,~,,validated_single,true,,primary_value,爆温,~,,,89,EVM91_b46688fcb759ff8c77,accepted
PROPM91_2e68095e42e321d4d7,RELM91_af40d579228d854763,MATM91_90eea1e1149b88cf15,4/1单基发射药,能量特性,爆压,取决于装填密度 (设计最大膛压通常在 250-350 MPa),,250,350,MPa,explicit_or_field_specific,,,validated_range,true,,primary_value,爆压,,,,89,EVM91_a55e1a18969c031cb9,accepted
PROPM91_687d0ec07dc6aa000d,RELM91_5eb42c648977d6b942,MATM91_90eea1e1149b88cf15,4/1单基发射药,能量特性,爆容,850 - 930 L/kg,,850,930,L/kg,explicit_or_field_specific,,,validated_range,true,,primary_value,爆容,,,,89,EVM91_56f71aa4f9bd5312f6,accepted
PROPM91_282f2eac627b856572,RELM91_22a462d18c953c2d2f,MATM91_90eea1e1149b88cf15,4/1单基发射药,能量特性,威力,0.9 - 1.0 (TNT当量),,,,,,,,text_only,false,no_reliable_numeric_measurement,,,,,,89,EVM91_859908dcfcc89b190b,accepted
PROPM91_4c9f40a3ae41c8e20c,RELM91_5fee58503f7e24afdd,MATM91_90eea1e1149b88cf15,4/1单基发射药,能量特性,燃烧速度(发射药、推进剂),"平稳单孔层燃,弧厚 0.4mm 决定了其相对较快的燃烧时间",0.4,,,mm,explicit_or_field_specific,,,validated_single,true,,primary_value,燃烧速度(发射药、推进剂),,,,89,EVM91_116614c895ec23196e,accepted
PROPM91_9c376226119e8d3382,RELM91_1eca8b4484d93371e9,MATM91_90eea1e1149b88cf15,4/1单基发射药,能量特性,火药力(发射药),920 - 970 kJ/kg,,920,970,kJ/kg,explicit_or_field_specific,,,validated_range,true,,primary_value,火药力(发射药),,,,89,EVM91_45e248cd8d6bc4f39e,accepted
PROPM91_e412bd8fa89cc74200,RELM91_de884263aa58924aff,MATM91_5f10f54a03d1377079,4/1高单基发射药,理化性质,分子量(单质),变量,,,,,,,,qualitative_only,false,no_reliable_numeric_measurement,,,,,,90,EVM91_025ba145fd0e001242,accepted
PROPM91_d0b1db2ca5e443f46f,RELM91_8e6a83ced6cf48691d,MATM91_5f10f54a03d1377079,4/1高单基发射药,理化性质,密度,1.60 - 1.66 g/cm3 (真密度); 堆积密度 0.90 - 1.05 g/cm3,,,,,,,,multiple_measurements,false,multiple_primary_measurements,,密度,,,,90,EVM91_60acb79c237975362b,accepted
PROPM91_b13cb21dc4a13e7ed6,RELM91_8544b804d3bdd9a367,MATM91_5f10f54a03d1377079,4/1高单基发射药,理化性质,外观,"黑色或深灰色单孔管状小颗粒,强金属光泽(石墨层较厚)",,,,,,,强,text_only,false,no_reliable_numeric_measurement,,,,,,90,EVM91_7206f9020d2160fa9c,accepted
PROPM91_31e163ace37da5ff89,RELM91_f60d3102875e61f7dc,MATM91_5f10f54a03d1377079,4/1高单基发射药,理化性质,溶解性,"不溶于水,溶于丙酮、乙酸乙酯",,,,,,,,text_only,false,no_reliable_numeric_measurement,,,,,,90,EVM91_f661d22e7ac46309be,accepted
PROPM91_1ef6e5120d9fd620a6,RELM91_9ff00d1c7e5ec189f5,MATM91_5f10f54a03d1377079,4/1高单基发射药,理化性质,挥发性,极低,,,,,,,低|极低,text_only,false,no_reliable_numeric_measurement,,,,,,90,EVM91_eae64a828a125b490c,accepted
PROPM91_3fd1008d26aa973333,RELM91_bd059091bd320cebad,MATM91_5f10f54a03d1377079,4/1高单基发射药,安全特性,摩擦感度(需对应不同测试条件),低 (石墨润滑性好),,,,,,,低,qualitative_only,false,no_reliable_numeric_measurement,,,,,,90,EVM91_5a9bebcd9dba11ffbe,accepted
PROPM91_c3c67f5ca556be37e3,RELM91_16f9965abd57390f84,MATM91_5f10f54a03d1377079,4/1高单基发射药,安全特性,撞击感度(需对应不同测试条件),中等 (干燥状态较敏感),,,,,,,较敏感|敏感|中等,qualitative_only,false,no_reliable_numeric_measurement,,,,,,90,EVM91_d42ef9ee7b943b34a3,accepted
PROPM91_81cb9bb8addb28993e,RELM91_490563442957308ad6,MATM91_5f10f54a03d1377079,4/1高单基发射药,安全特性,冲击感度,较低 (常规环境下极难爆轰),,,,,,,较低|低,qualitative_only,false,no_reliable_numeric_measurement,,,,,,90,EVM91_a43ebf0ca4916c5527,accepted
PROPM91_8abe9ff4da44aa2f4c,RELM91_b5698446255a9c92c1,MATM91_5f10f54a03d1377079,4/1高单基发射药,安全特性,火焰感度,极高 (点火极其迅速),,,,,,,极高|高,qualitative_only,false,no_reliable_numeric_measurement,,,,,,90,EVM91_be0dd601e4650af8f6,accepted
PROPM91_a0f0786efc6c427cf8,RELM91_41a695241b1e69e302,MATM91_5f10f54a03d1377079,4/1高单基发射药,安全特性,静电感度(需对应不同测试条件),不敏感 (石墨导电层消除静电),,,,,,,敏感|不敏感,qualitative_only,false,no_reliable_numeric_measurement,,,,,,90,EVM91_f5e05815e9da41bd2a,accepted
PROPM91_61c82789345880d2e4,RELM91_20eddccffcfad12b56,MATM91_5f10f54a03d1377079,4/1高单基发射药,安全特性,热感度(5s爆发点),190°C - 200°C,,,,,,,,multiple_measurements,false,multiple_primary_measurements,,热感度(5s爆发点),,,5,90,EVM91_4a82335b3181221e4f,accepted
PROPM91_a41ec1b154037fb734,RELM91_5c05a94543c8cd9a22,MATM91_5f10f54a03d1377079,4/1高单基发射药,安全特性,电火花感度,低,,,,,,,低,qualitative_only,false,no_reliable_numeric_measurement,,,,,,90,EVM91_4510512fef733d9712,accepted
PROPM91_53c87a595304317d99,RELM91_3f286dea1b52c4248c,MATM91_5f10f54a03d1377079,4/1高单基发射药,安全特性,吸湿性,≤ 1.2% (高氮NC吸湿性相对较低),1.2,,,%,explicit_or_field_specific,<=,较低|低|高|吸湿,validated_single,true,,primary_value,吸湿性,<=,,,90,EVM91_aeb4a7402d8d236ca1,accepted
PROPM91_bffa4fd2b59aaae2fa,RELM91_31f22f469a14c6a375,MATM91_5f10f54a03d1377079,4/1高单基发射药,安全特性,熔点,无 (受热分解),,,,,,,无,qualitative_only,false,no_reliable_numeric_measurement,,,,,,90,EVM91_93c0b4e0423eaa0592,accepted
PROPM91_266c377247699436ec,RELM91_2ae4750bc933a99509,MATM91_5f10f54a03d1377079,4/1高单基发射药,安全特性,分解温度,160°C - 170°C (开始缓慢分解),,,,,,,,multiple_measurements,false,multiple_primary_measurements,,分解温度,,,,90,EVM91_9af53e4e0376c51593,accepted
PROPM91_cd219f22bbe3a3bced,RELM91_1c94e68eef19470986,MATM91_5f10f54a03d1377079,4/1高单基发射药,能量特性,爆速,不适用 (设计用于控制燃烧),,,,,,,,qualitative_only,false,no_reliable_numeric_measurement,,,,,,90,EVM91_3f8c9f06a13d19331a,accepted
PROPM91_a70d958ef87a57f09f,RELM91_620b6738e182152f3c,MATM91_5f10f54a03d1377079,4/1高单基发射药,能量特性,爆温,"~2950 K - 3150 K (由于高氮量,爆温高于普通单基)",2950,,,℃,explicit_or_field_specific,~,高,validated_single,true,,primary_value,爆温,~,,,90,EVM91_8ef0dd228462bb3e21,accepted
PROPM91_4855e86649b408d2e3,RELM91_4d101cd286f8f824d7,MATM91_5f10f54a03d1377079,4/1高单基发射药,能量特性,爆压,最大工作膛压通常在 300-400 MPa 之间,,300,400,MPa,explicit_or_field_specific,,,validated_range,true,,primary_value,爆压,,,,90,EVM91_0dede0439dc56d6600,accepted
PROPM91_5e2830d966b4aa4d74,RELM91_404fa42dd86c55216a,MATM91_5f10f54a03d1377079,4/1高单基发射药,能量特性,爆容,900 - 980 L/kg,,900,980,L/kg,explicit_or_field_specific,,,validated_range,true,,primary_value,爆容,,,,90,EVM91_41760298a36344493b,accepted
PROPM91_dd683676185641e3bd,RELM91_e6893a4b6c4a68c413,MATM91_5f10f54a03d1377079,4/1高单基发射药,能量特性,威力,1.0 - 1.15 (TNT当量),,,,,,,,text_only,false,no_reliable_numeric_measurement,,,,,,90,EVM91_115f4b62e9f2d7db50,accepted
PROPM91_ede13c68cdf883ccaa,RELM91_b0b5f819357a91b867,MATM91_5f10f54a03d1377079,4/1高单基发射药,能量特性,燃烧速度(发射药、推进剂),"平稳单孔层燃,弧厚 0.4mm 决定了其高燃速特性",0.4,,,mm,explicit_or_field_specific,,高,validated_single,true,,primary_value,燃烧速度(发射药、推进剂),,,,90,EVM91_cfce2a98823661ce21,accepted
PROPM91_9adcde3593e90719c9,RELM91_3eaad6a6e7fcb054b4,MATM91_5f10f54a03d1377079,4/1高单基发射药,能量特性,火药力(发射药),980 - 1050 kJ/kg (显著高于普通单-4/1),,980,1050,kJ/kg,explicit_or_field_specific,,高,validated_range,true,,primary_value,火药力(发射药),,,,90,EVM91_addbda0851404b28c6,accepted
PROPM91_b1b559a2a0a6e839d0,RELM91_e08fd9a907bf8bf55b,MATM91_dc3221c94128a1fd43,8/1-42单基发射药,理化性质,分子量(单质),变量 (取决于硝化棉聚合度),,,,,,,,qualitative_only,false,no_reliable_numeric_measurement,,,,,,91,EVM91_6789ca7b1f6d9e173c,accepted
PROPM91_8cb90f75a20f66fe1a,RELM91_bd6f9ea5630a471307,MATM91_dc3221c94128a1fd43,8/1-42单基发射药,理化性质,密度,1.58 - 1.65 g/cm3 (真密度); 堆积密度约 0.85-1.00 g/cm3,,,,,,,,multiple_measurements,false,multiple_primary_measurements,,密度,,,,91,EVM91_566be55d9e3c61d885,accepted
PROPM91_3bbc2e4523060804fa,RELM91_720244d5771dae75ee,MATM91_dc3221c94128a1fd43,8/1-42单基发射药,理化性质,外观,"黑色或深灰色单孔长管状颗粒,具有石墨光泽",,,,,,,,text_only,false,no_reliable_numeric_measurement,,,,,,91,EVM91_9529d7eb3b7f2bc36c,accepted
PROPM91_a209044426b4ea559d,RELM91_d8941a8fd39aa9d15b,MATM91_dc3221c94128a1fd43,8/1-42单基发射药,理化性质,溶解性,"不溶于水,主体溶于丙酮及醇醚混合液",,,,,,,,text_only,false,no_reliable_numeric_measurement,,,,,,91,EVM91_2df58d8a47d4a2fb80,accepted
PROPM91_7495b99641b482c2a6,RELM91_270ba89983d538df2f,MATM91_dc3221c94128a1fd43,8/1-42单基发射药,理化性质,挥发性,极低,,,,,,,低|极低,text_only,false,no_reliable_numeric_measurement,,,,,,91,EVM91_7a4d0e6b56fbeb626a,accepted
PROPM91_d15d7b2c7c3adcc1f7,RELM91_16367dc18dc246adda,MATM91_dc3221c94128a1fd43,8/1-42单基发射药,安全特性,摩擦感度(需对应不同测试条件),低 (石墨层提供极佳润滑性),,,,,,,低,qualitative_only,false,no_reliable_numeric_measurement,,,,,,91,EVM91_f9d5555e4ca124eceb,accepted
PROPM91_c4ca1b00cb8a9f287f,RELM91_6efb59b6921db910ab,MATM91_dc3221c94128a1fd43,8/1-42单基发射药,安全特性,撞击感度(需对应不同测试条件),中等 (干燥状态下较敏感),,,,,,,较敏感|敏感|中等,qualitative_only,false,no_reliable_numeric_measurement,,,,,,91,EVM91_59f202ddac17558bcb,accepted
PROPM91_75057a68ed7350f818,RELM91_4aac8e9bcf95028cae,MATM91_dc3221c94128a1fd43,8/1-42单基发射药,安全特性,冲击感度,"较低 (通常仅发生燃烧,很难通过冲击转爆轰)",,,,,,,较低|低,qualitative_only,false,no_reliable_numeric_measurement,,,,,,91,EVM91_33d379b420affc8547,accepted
PROPM91_956424baaee9157e33,RELM91_dd7833ed96df1fbef0,MATM91_dc3221c94128a1fd43,8/1-42单基发射药,安全特性,火焰感度,"极高 (极易引燃,燃烧迅速)",,,,,,,极高|高,qualitative_only,false,no_reliable_numeric_measurement,,,,,,91,EVM91_c4925e24067c36b4eb,accepted
PROPM91_c0fc821d842c67a3c0,RELM91_8a1db883828251cec6,MATM91_dc3221c94128a1fd43,8/1-42单基发射药,安全特性,静电感度(需对应不同测试条件),不敏感 (石墨导电层能有效消除静电),,,,,,,敏感|不敏感,qualitative_only,false,no_reliable_numeric_measurement,,,,,,91,EVM91_278369fe71566c01a8,accepted
PROPM91_e3db3e9ea9ae9a74b9,RELM91_00d8c63e939bff70ba,MATM91_dc3221c94128a1fd43,8/1-42单基发射药,安全特性,热感度(5s爆发点),195°C - 205°C,,,,,,,,multiple_measurements,false,multiple_primary_measurements,,热感度(5s爆发点),,,5,91,EVM91_19901dcaa001922af3,accepted
PROPM91_96cbf32960822b4cb2,RELM91_f20c621a05ff4c2320,MATM91_dc3221c94128a1fd43,8/1-42单基发射药,安全特性,电火花感度,低,,,,,,,低,qualitative_only,false,no_reliable_numeric_measurement,,,,,,91,EVM91_1a2535db8aa856841d,accepted
PROPM91_448c265b93a59e9579,RELM91_3ff185da091edd0d7c,MATM91_dc3221c94128a1fd43,8/1-42单基发射药,安全特性,吸湿性,≤ 1.5% (吸湿会显著降低弹道性能),1.5,,,%,explicit_or_field_specific,<=,低|吸湿,validated_single,true,,primary_value,吸湿性,<=,,,91,EVM91_871a07113a88d8adc4,accepted
PROPM91_8fc1a79d47f78cf757,RELM91_b5a94f2ee771a474d5,MATM91_dc3221c94128a1fd43,8/1-42单基发射药,安全特性,熔点,无 (受热分解),,,,,,,无,qualitative_only,false,no_reliable_numeric_measurement,,,,,,91,EVM91_fc338dcd90ed485ae9,accepted
PROPM91_d3ca8d61b91266f08e,RELM91_6e668df6b1c6399ce9,MATM91_dc3221c94128a1fd43,8/1-42单基发射药,安全特性,分解温度,165°C - 175°C (开始缓慢分解),,,,,,,,multiple_measurements,false,multiple_primary_measurements,,分解温度,,,,91,EVM91_376662ea8c8311ba24,accepted
PROPM91_174137cf8cf0471282,RELM91_aa7e32e64f01a5ae36,MATM91_dc3221c94128a1fd43,8/1-42单基发射药,能量特性,爆速,不适用 (设计用于控制燃烧),,,,,,,,qualitative_only,false,no_reliable_numeric_measurement,,,,,,91,EVM91_0266d675a3cdb73414,accepted
PROPM91_021877f0e45de7847b,RELM91_e01acea789132da3a3,MATM91_dc3221c94128a1fd43,8/1-42单基发射药,能量特性,爆温,~2850 K - 3000 K,2850,,,℃,explicit_or_field_specific,~,,validated_single,true,,primary_value,爆温,~,,,91,EVM91_ec29e1488252b79094,accepted
PROPM91_09a8b1cf2fc3461b98,RELM91_e3d986c9250431fc00,MATM91_dc3221c94128a1fd43,8/1-42单基发射药,能量特性,爆压,取决于装填条件 (设计最大膛压通常在 250-350 MPa),,250,350,MPa,explicit_or_field_specific,,,validated_range,true,,primary_value,爆压,,,,91,EVM91_f1e36a236747973b85,accepted
PROPM91_0f90b7b6a0319c5e71,RELM91_5a8304e4674fdc5e3b,MATM91_dc3221c94128a1fd43,8/1-42单基发射药,能量特性,爆容,850 - 930 L/kg,,850,930,L/kg,explicit_or_field_specific,,,validated_range,true,,primary_value,爆容,,,,91,EVM91_0aa7bfba8078bc33f8,accepted
PROPM91_35b95cfdf73c09bde9,RELM91_65410f13eacb5ca064,MATM91_dc3221c94128a1fd43,8/1-42单基发射药,能量特性,威力,0.9 - 1.0 (TNT当量),,,,,,,,text_only,false,no_reliable_numeric_measurement,,,,,,91,EVM91_5276d2c7c7ad7f7d3e,accepted
PROPM91_ecdf31e23ab9565165,RELM91_d53ea1c59952a009ac,MATM91_dc3221c94128a1fd43,8/1-42单基发射药,能量特性,燃烧速度(发射药、推进剂),"平稳单孔层燃,弧厚 0.8mm 决定了其相对较长的燃烧时间",0.8,,,mm,explicit_or_field_specific,,,validated_single,true,,primary_value,燃烧速度(发射药、推进剂),,,,91,EVM91_23090caecf8c34fd79,accepted
PROPM91_80cc9785bd5084633c,RELM91_0d64cea57910bcbed4,MATM91_dc3221c94128a1fd43,8/1-42单基发射药,能量特性,火药力(发射药),920 - 970 kJ/kg,,920,970,kJ/kg,explicit_or_field_specific,,,validated_range,true,,primary_value,火药力(发射药),,,,91,EVM91_a3250d7e3594689411,accepted
PROPM91_bec473bb29d11d7164,RELM91_61033579adec76fb74,MATM91_e841e42fed6c1780dc,12/1-27单基发射药,理化性质,分子量(单质),变量,,,,,,,,qualitative_only,false,no_reliable_numeric_measurement,,,,,,92,EVM91_29ae0c2dff93b02e4b,accepted
PROPM91_d0cc5bfa54a4ce71ae,RELM91_30712b823caea141fb,MATM91_e841e42fed6c1780dc,12/1-27单基发射药,理化性质,密度,1.58 - 1.65 g/cm3 (真密度),,1.58,1.65,g/cm³,explicit_or_field_specific,,,validated_range,true,,true_density,密度,,,,92,EVM91_d1f3b37aa47f5b77ee,accepted
PROPM91_0c9a245e7279751376,RELM91_dcf591eb69afa97839,MATM91_e841e42fed6c1780dc,12/1-27单基发射药,理化性质,外观,"黑色或深灰色单孔管状颗粒,长27mm,具有石墨光泽",27,,,mm,explicit_or_field_specific,,,validated_single,true,,primary_value,外观,,,,92,EVM91_005d85e53961af58a0,accepted
PROPM91_d200d91383cf888e42,RELM91_d4383b624b67c715a8,MATM91_e841e42fed6c1780dc,12/1-27单基发射药,理化性质,溶解性,"不溶于水,溶于丙酮、醇醚混合液",,,,,,,,text_only,false,no_reliable_numeric_measurement,,,,,,92,EVM91_3456236e978f2022b1,accepted
PROPM91_66424473c63a847e98,RELM91_cd712e71c51a521087,MATM91_e841e42fed6c1780dc,12/1-27单基发射药,理化性质,挥发性,极低,,,,,,,低|极低,text_only,false,no_reliable_numeric_measurement,,,,,,92,EVM91_061a4cc3dcd44517c4,accepted
PROPM91_6f87462957533224dd,RELM91_273d0423ba0decc71f,MATM91_e841e42fed6c1780dc,12/1-27单基发射药,安全特性,摩擦感度(需对应不同测试条件),低 (石墨润滑层降低摩擦感度),,,,,,,低,qualitative_only,false,no_reliable_numeric_measurement,,,,,,92,EVM91_f0d989c85517569c61,accepted
PROPM91_fa73fd46e6d581e0d0,RELM91_0d08046d3b4c7a4f44,MATM91_e841e42fed6c1780dc,12/1-27单基发射药,安全特性,撞击感度(需对应不同测试条件),中等 (干燥状态下约为 15-25%),,15,25,%,explicit_or_field_specific,,中等,validated_range,true,,explosion_probability,,,,,92,EVM91_1a30e65daff57fa22b,accepted
PROPM91_ec9bb6c8ca5f1ae401,RELM91_182b7610d92aac5b8e,MATM91_e841e42fed6c1780dc,12/1-27单基发射药,安全特性,冲击感度,较低 (通常仅发生稳定燃烧),,,,,,,较低|低,qualitative_only,false,no_reliable_numeric_measurement,,,,,,92,EVM91_24afadd736c11075b5,accepted
PROPM91_18cc2515a72cf304d6,RELM91_81b05a4cd73f7e4f72,MATM91_e841e42fed6c1780dc,12/1-27单基发射药,安全特性,火焰感度,极高 (点火极其迅速),,,,,,,极高|高,qualitative_only,false,no_reliable_numeric_measurement,,,,,,92,EVM91_ccf36ecde58dff0afd,accepted
PROPM91_e4437d3a96ffb089e0,RELM91_70ac7e4a2224e68eba,MATM91_e841e42fed6c1780dc,12/1-27单基发射药,安全特性,静电感度(需对应不同测试条件),不敏感 (石墨导电层保护),,,,,,,敏感|不敏感,qualitative_only,false,no_reliable_numeric_measurement,,,,,,92,EVM91_dfb872a4eef508e480,accepted
PROPM91_d86743f594067e3241,RELM91_6db6dc45b1cad89788,MATM91_e841e42fed6c1780dc,12/1-27单基发射药,安全特性,热感度(5s爆发点),195°C - 205°C,,,,,,,,multiple_measurements,false,multiple_primary_measurements,,热感度(5s爆发点),,,5,92,EVM91_92b6eb0741583ef3ce,accepted
PROPM91_1e843a9be462e1d0ba,RELM91_362d5e1ecac1fb7fbb,MATM91_e841e42fed6c1780dc,12/1-27单基发射药,安全特性,电火花感度,低,,,,,,,低,qualitative_only,false,no_reliable_numeric_measurement,,,,,,92,EVM91_0225a3aac1f57df98c,accepted
PROPM91_867efc176b8e9d1544,RELM91_025cb44594737aed5a,MATM91_e841e42fed6c1780dc,12/1-27单基发射药,安全特性,吸湿性,≤ 1.5%,1.5,,,%,explicit_or_field_specific,<=,,validated_single,true,,primary_value,吸湿性,<=,,,92,EVM91_666a178cf2869c2fca,accepted
PROPM91_d95f6fccc7286a144f,RELM91_7b9f6837ef14bf1874,MATM91_e841e42fed6c1780dc,12/1-27单基发射药,安全特性,熔点,无 (受热分解),,,,,,,无,qualitative_only,false,no_reliable_numeric_measurement,,,,,,92,EVM91_a8ef64e95d6d3586ce,accepted
PROPM91_466c2d7512149ec84f,RELM91_d9e69d911dd81d99d1,MATM91_e841e42fed6c1780dc,12/1-27单基发射药,安全特性,分解温度,165°C - 175°C,,,,,,,,multiple_measurements,false,multiple_primary_measurements,,分解温度,,,,92,EVM91_96fbd6f474603f6685,accepted
PROPM91_0128f53ca99997b3aa,RELM91_3d788a6d1c10b6d244,MATM91_e841e42fed6c1780dc,12/1-27单基发射药,能量特性,爆速,不适用 (设计用于层燃),,,,,,,,qualitative_only,false,no_reliable_numeric_measurement,,,,,,92,EVM91_125b6cc50b54509d1c,accepted
PROPM91_6ca90e4198e296d6b6,RELM91_6f324945e97a208038,MATM91_e841e42fed6c1780dc,12/1-27单基发射药,能量特性,爆温,~2850 K - 3000 K,2850,,,℃,explicit_or_field_specific,~,,validated_single,true,,primary_value,爆温,~,,,92,EVM91_4f38db621f2d129350,accepted
PROPM91_672ceeed2bea31a4ca,RELM91_02b6b35c3aa88674b5,MATM91_e841e42fed6c1780dc,12/1-27单基发射药,能量特性,爆压,取决于装填条件 (最大允许压力 250-350 MPa),,250,350,MPa,explicit_or_field_specific,,,validated_range,true,,primary_value,爆压,,,,92,EVM91_9ac8499e0e7721b328,accepted
PROPM91_9cc0117d4be6914b9f,RELM91_2d251af2019368be18,MATM91_e841e42fed6c1780dc,12/1-27单基发射药,能量特性,爆容,850 - 930 L/kg,,850,930,L/kg,explicit_or_field_specific,,,validated_range,true,,primary_value,爆容,,,,92,EVM91_d92a19aeb51f69e3e7,accepted
PROPM91_0afb3f912c0c702ed7,RELM91_d8da777b8d4de17398,MATM91_e841e42fed6c1780dc,12/1-27单基发射药,能量特性,威力,0.9 - 1.0 (TNT当量),,,,,,,,text_only,false,no_reliable_numeric_measurement,,,,,,92,EVM91_bfdce948d8fb57d869,accepted
PROPM91_13567f04432596b06f,RELM91_3ca1215fcdf668127f,MATM91_e841e42fed6c1780dc,12/1-27单基发射药,能量特性,燃烧速度(发射药、推进剂),"平稳单孔层燃,弧厚 1.2mm 属于中等燃速",1.2,,,mm,explicit_or_field_specific,,中等,validated_single,true,,primary_value,燃烧速度(发射药、推进剂),,,,92,EVM91_6649608911d811f4b2,accepted
PROPM91_7ac8d7e0de4c0f750d,RELM91_0412680b55fd393089,MATM91_e841e42fed6c1780dc,12/1-27单基发射药,能量特性,火药力(发射药),920 - 970 kJ/kg,,920,970,kJ/kg,explicit_or_field_specific,,,validated_range,true,,primary_value,火药力(发射药),,,,92,EVM91_d17089b7f0a21d40c5,accepted
PROPM91_e9a935fe060102a1f9,RELM91_dbe9eaaa4f5525a2d4,MATM91_df3523f41e5eece994,12/1-72单基发射药,理化性质,分子量(单质),变量,,,,,,,,qualitative_only,false,no_reliable_numeric_measurement,,,,,,93,EVM91_55b99d82e6a6c0e8d9,accepted
PROPM91_1ee0237d80387c43be,RELM91_8c4f9edd4826a70384,MATM91_df3523f41e5eece994,12/1-72单基发射药,理化性质,密度,1.58 - 1.65 g/cm3 (真密度),,1.58,1.65,g/cm³,explicit_or_field_specific,,,validated_range,true,,true_density,密度,,,,93,EVM91_1c97f1ca30286bd68a,accepted
PROPM91_7b14a31ea4f47ec44f,RELM91_b735eb702bf38adbfb,MATM91_df3523f41e5eece994,12/1-72单基发射药,理化性质,外观,"黑色或深灰色单孔管状颗粒,长72mm (长管状),具有石墨光泽",72,,,mm,explicit_or_field_specific,,,validated_single,true,,primary_value,外观,,,,93,EVM91_b01529cb4cd4b7c51a,accepted
PROPM91_8c3b7e13c04c984655,RELM91_359f21ae0f81547467,MATM91_df3523f41e5eece994,12/1-72单基发射药,理化性质,溶解性,"不溶于水,溶于丙酮、醇醚混合液",,,,,,,,text_only,false,no_reliable_numeric_measurement,,,,,,93,EVM91_177e85c446b841cd1c,accepted
PROPM91_22702536fa16fcc8fb,RELM91_ac79eaec1f9e775f70,MATM91_df3523f41e5eece994,12/1-72单基发射药,理化性质,挥发性,极低,,,,,,,低|极低,text_only,false,no_reliable_numeric_measurement,,,,,,93,EVM91_11d3e3674cd62de092,accepted
PROPM91_effcdc596f4578f88c,RELM91_36ad0ae0f5cf34eeb8,MATM91_df3523f41e5eece994,12/1-72单基发射药,安全特性,摩擦感度(需对应不同测试条件),低 (石墨润滑层降低摩擦感度),,,,,,,低,qualitative_only,false,no_reliable_numeric_measurement,,,,,,93,EVM91_3e9ab7dbb2ed5a9cc2,accepted
PROPM91_fa69aba44d0c03be38,RELM91_6ec450f9c4cb8808c6,MATM91_df3523f41e5eece994,12/1-72单基发射药,安全特性,撞击感度(需对应不同测试条件),中等 (干燥状态下约为 15-25%),,15,25,%,explicit_or_field_specific,,中等,validated_range,true,,explosion_probability,,,,,93,EVM91_a1b85e349a61caf9d2,accepted
PROPM91_59e9057ef9460259e6,RELM91_2e64044b79cefcddd6,MATM91_df3523f41e5eece994,12/1-72单基发射药,安全特性,冲击感度,较低 (通常仅发生稳定燃烧),,,,,,,较低|低,qualitative_only,false,no_reliable_numeric_measurement,,,,,,93,EVM91_1a264ef7d0363ca9e2,accepted
PROPM91_378ce74ff3fb31aa07,RELM91_94807901139254eb2b,MATM91_df3523f41e5eece994,12/1-72单基发射药,安全特性,火焰感度,极高 (点火极其迅速),,,,,,,极高|高,qualitative_only,false,no_reliable_numeric_measurement,,,,,,93,EVM91_8a1e6888b0fd2aa507,accepted
PROPM91_c27fa8c477adf242b0,RELM91_0efbf53666cd338a31,MATM91_df3523f41e5eece994,12/1-72单基发射药,安全特性,静电感度(需对应不同测试条件),不敏感 (石墨导电层保护),,,,,,,敏感|不敏感,qualitative_only,false,no_reliable_numeric_measurement,,,,,,93,EVM91_d92d56f805a8713719,accepted
PROPM91_f60b5afd9c832b57b3,RELM91_b1054cc497a9067d89,MATM91_df3523f41e5eece994,12/1-72单基发射药,安全特性,热感度(5s爆发点),195°C - 205°C,,,,,,,,multiple_measurements,false,multiple_primary_measurements,,热感度(5s爆发点),,,5,93,EVM91_fbeab12945830c3523,accepted
PROPM91_c1a44dc88bf4ece1e0,RELM91_47a8c7bea65a661966,MATM91_df3523f41e5eece994,12/1-72单基发射药,安全特性,电火花感度,低,,,,,,,低,qualitative_only,false,no_reliable_numeric_measurement,,,,,,93,EVM91_0080e2fd456d015b10,accepted
PROPM91_7276afdd5efbc2e79d,RELM91_9dd1a33f8865f7a4ee,MATM91_df3523f41e5eece994,12/1-72单基发射药,安全特性,吸湿性,≤ 1.5%,1.5,,,%,explicit_or_field_specific,<=,,validated_single,true,,primary_value,吸湿性,<=,,,93,EVM91_8310d464c9d88dcc49,accepted
PROPM91_ef09c8bb77f7469acf,RELM91_d7600cba10bbc939b8,MATM91_df3523f41e5eece994,12/1-72单基发射药,安全特性,熔点,无 (受热分解),,,,,,,无,qualitative_only,false,no_reliable_numeric_measurement,,,,,,93,EVM91_9d8bd3eb523e6a44c0,accepted
PROPM91_7fa143319f08f02090,RELM91_4b980946542002b1e0,MATM91_df3523f41e5eece994,12/1-72单基发射药,安全特性,分解温度,165°C - 175°C,,,,,,,,multiple_measurements,false,multiple_primary_measurements,,分解温度,,,,93,EVM91_ed4b3a12d2c6852d54,accepted
PROPM91_68cad5a5ef7e4ce6c8,RELM91_008b5fac18ae6b78be,MATM91_df3523f41e5eece994,12/1-72单基发射药,能量特性,爆速,不适用 (设计用于层燃),,,,,,,,qualitative_only,false,no_reliable_numeric_measurement,,,,,,93,EVM91_2394e4031889dfe4a3,accepted
PROPM91_387dd4a563bb2cd17a,RELM91_96b29506dee0b5ba4f,MATM91_df3523f41e5eece994,12/1-72单基发射药,能量特性,爆温,~2850 K - 3000 K,2850,,,℃,explicit_or_field_specific,~,,validated_single,true,,primary_value,爆温,~,,,93,EVM91_09aff91f61f6565d8c,accepted
PROPM91_4b813bca49cb45fe07,RELM91_096a3c7f2813f6588c,MATM91_df3523f41e5eece994,12/1-72单基发射药,能量特性,爆压,取决于装填条件 (最大允许压力 250-350 MPa),,250,350,MPa,explicit_or_field_specific,,,validated_range,true,,primary_value,爆压,,,,93,EVM91_58d8e9f673f7935d50,accepted
PROPM91_45b8769af4ba1d504a,RELM91_f968f1daa9269d9a03,MATM91_df3523f41e5eece994,12/1-72单基发射药,能量特性,爆容,850 - 930 L/kg,,850,930,L/kg,explicit_or_field_specific,,,validated_range,true,,primary_value,爆容,,,,93,EVM91_0adf7c3d53167ab45b,accepted
PROPM91_8d5c4b299d6e00b358,RELM91_41d2abcea11604f89f,MATM91_df3523f41e5eece994,12/1-72单基发射药,能量特性,威力,0.9 - 1.0 (TNT当量),,,,,,,,text_only,false,no_reliable_numeric_measurement,,,,,,93,EVM91_aef794f5d3662b4e3b,accepted
PROPM91_c4c49c60f5b152a5bc,RELM91_a402b70727b635e5f1,MATM91_df3523f41e5eece994,12/1-72单基发射药,能量特性,燃烧速度(发射药、推进剂),"平稳单孔层燃,弧厚 1.2mm 属于中等燃速",1.2,,,mm,explicit_or_field_specific,,中等,validated_single,true,,primary_value,燃烧速度(发射药、推进剂),,,,93,EVM91_bdfa042ec3e68d15e1,accepted
PROPM91_6666301960e1e55dba,RELM91_ca51afdace5de4f910,MATM91_df3523f41e5eece994,12/1-72单基发射药,能量特性,火药力(发射药),920 - 970 kJ/kg,,920,970,kJ/kg,explicit_or_field_specific,,,validated_range,true,,primary_value,火药力(发射药),,,,93,EVM91_1a8ea5779fa01a9db8,accepted
PROPM91_87b40d6665b4421a9c,RELM91_8efcfe096f5404f7ed,MATM91_f9ae5bf063ce50619f,9/7单基发射药,理化性质,分子量(单质),变量,,,,,,,,qualitative_only,false,no_reliable_numeric_measurement,,,,,,94,EVM91_fbdbc19c66d880441a,accepted
PROPM91_81b6b3c110641d9465,RELM91_0d344504c3d1d9d9c6,MATM91_f9ae5bf063ce50619f,9/7单基发射药,理化性质,密度,1.58 - 1.65 g/cm3 (真密度); 堆积密度约 0.88-1.02 g/cm3,,,,,,,,multiple_measurements,false,multiple_primary_measurements,,密度,,,,94,EVM91_80eba43338e7fbf8af,accepted
PROPM91_69634787fbf7b6b2a6,RELM91_4004dc963f8e8acd2c,MATM91_f9ae5bf063ce50619f,9/7单基发射药,理化性质,外观,"黑色或深灰色七孔柱状颗粒,具有石墨光泽",,,,,,,,text_only,false,no_reliable_numeric_measurement,,,,,,94,EVM91_7255c6d3f18138864e,accepted
PROPM91_676522d06584cc60dc,RELM91_0b8287ecc947128ba7,MATM91_f9ae5bf063ce50619f,9/7单基发射药,理化性质,溶解性,"不溶于水,溶于丙酮、醇醚混合液",,,,,,,,text_only,false,no_reliable_numeric_measurement,,,,,,94,EVM91_9ccbdfdf36bb37322b,accepted
PROPM91_d1b8a2621a8d3f107d,RELM91_b7610eab10f3c2b6f1,MATM91_f9ae5bf063ce50619f,9/7单基发射药,理化性质,挥发性,极低,,,,,,,低|极低,text_only,false,no_reliable_numeric_measurement,,,,,,94,EVM91_1045e3c1b69965dfe0,accepted
PROPM91_5710d6ffcee5978fa5,RELM91_1b1c8f6df9e51c5cdd,MATM91_f9ae5bf063ce50619f,9/7单基发射药,安全特性,摩擦感度(需对应不同测试条件),低 (石墨润滑层保护),,,,,,,低,qualitative_only,false,no_reliable_numeric_measurement,,,,,,94,EVM91_6650047a2629516829,accepted
PROPM91_54fe8d545f9d4e1ddd,RELM91_19a9ddf9a59add2abf,MATM91_f9ae5bf063ce50619f,9/7单基发射药,安全特性,撞击感度(需对应不同测试条件),中等 (干燥状态下较敏感),,,,,,,较敏感|敏感|中等,qualitative_only,false,no_reliable_numeric_measurement,,,,,,94,EVM91_8e2348c0314364782c,accepted
PROPM91_a7ae0c0f054155317e,RELM91_5e0cd953b53097d448,MATM91_f9ae5bf063ce50619f,9/7单基发射药,安全特性,冲击感度,较低 (通常仅发生平稳层燃),,,,,,,较低|低,qualitative_only,false,no_reliable_numeric_measurement,,,,,,94,EVM91_1ffce0aa7377834f81,accepted
PROPM91_1258735051632228a7,RELM91_0cd9241bbeceb41225,MATM91_f9ae5bf063ce50619f,9/7单基发射药,安全特性,火焰感度,极高 (极易引燃),,,,,,,极高|高,qualitative_only,false,no_reliable_numeric_measurement,,,,,,94,EVM91_60998a23d66e424fce,accepted
PROPM91_0c53845f1afe64ede0,RELM91_f6d173964d673fa5bd,MATM91_f9ae5bf063ce50619f,9/7单基发射药,安全特性,静电感度(需对应不同测试条件),不敏感 (石墨导电层消除静电),,,,,,,敏感|不敏感,qualitative_only,false,no_reliable_numeric_measurement,,,,,,94,EVM91_96a7b58ca8ad65a6e9,accepted
PROPM91_1c3184695f6b31dccc,RELM91_92d68cb8e40e10135a,MATM91_f9ae5bf063ce50619f,9/7单基发射药,安全特性,热感度(5s爆发点),195°C - 205°C,,,,,,,,multiple_measurements,false,multiple_primary_measurements,,热感度(5s爆发点),,,5,94,EVM91_7ab04ca44967a2c42b,accepted
PROPM91_4747850b20296aa30e,RELM91_6cae26195e1b51b90c,MATM91_f9ae5bf063ce50619f,9/7单基发射药,安全特性,电火花感度,低,,,,,,,低,qualitative_only,false,no_reliable_numeric_measurement,,,,,,94,EVM91_195607fe2df97ae5aa,accepted
PROPM91_7e9308881ca17e70a6,RELM91_1ecd681bc6a023be87,MATM91_f9ae5bf063ce50619f,9/7单基发射药,安全特性,吸湿性,≤ 1.5%,1.5,,,%,explicit_or_field_specific,<=,,validated_single,true,,primary_value,吸湿性,<=,,,94,EVM91_499e30e65923da5a5c,accepted
PROPM91_b70132c441e258cb41,RELM91_32600dff57441ce71c,MATM91_f9ae5bf063ce50619f,9/7单基发射药,安全特性,熔点,无 (受热分解),,,,,,,无,qualitative_only,false,no_reliable_numeric_measurement,,,,,,94,EVM91_af71bee276a647473a,accepted
PROPM91_be6abe2b808aa6af11,RELM91_1decce95e80f0fa8f1,MATM91_f9ae5bf063ce50619f,9/7单基发射药,安全特性,分解温度,165°C - 175°C (开始缓慢分解),,,,,,,,multiple_measurements,false,multiple_primary_measurements,,分解温度,,,,94,EVM91_8c94ca468a110a5a5e,accepted
PROPM91_d421e83e90f3f70abe,RELM91_da16768228101f91a5,MATM91_f9ae5bf063ce50619f,9/7单基发射药,能量特性,爆速,不适用 (设计用于控制燃烧),,,,,,,,qualitative_only,false,no_reliable_numeric_measurement,,,,,,94,EVM91_b4e8a425118d61cfea,accepted
PROPM91_4617ba726629bc8838,RELM91_b092b7dbd8e15af0a8,MATM91_f9ae5bf063ce50619f,9/7单基发射药,能量特性,爆温,~2850 K - 3000 K,2850,,,℃,explicit_or_field_specific,~,,validated_single,true,,primary_value,爆温,~,,,94,EVM91_8def77fe13e6b2b597,accepted
PROPM91_6dc72c795dec15a1e3,RELM91_20702acee76f210a28,MATM91_f9ae5bf063ce50619f,9/7单基发射药,能量特性,爆压,取决于弹药设计 (设计最大膛压通常在 280-380 MPa),,280,380,MPa,explicit_or_field_specific,,,validated_range,true,,primary_value,爆压,,,,94,EVM91_c07a9584f0de1bcf25,accepted
PROPM91_be2333e5221aac75de,RELM91_20af5dc888efe27d64,MATM91_f9ae5bf063ce50619f,9/7单基发射药,能量特性,爆容,850 - 930 L/kg,,850,930,L/kg,explicit_or_field_specific,,,validated_range,true,,primary_value,爆容,,,,94,EVM91_9b6b18680110be6047,accepted
PROPM91_7a51ae32d8b11eaf79,RELM91_c24f25ba39322385f4,MATM91_f9ae5bf063ce50619f,9/7单基发射药,能量特性,威力,0.9 - 1.0 (TNT当量),,,,,,,,text_only,false,no_reliable_numeric_measurement,,,,,,94,EVM91_ba9b968e289ddc7db5,accepted
PROPM91_3ca764ae368d879f65,RELM91_a3752036d31556f33e,MATM91_f9ae5bf063ce50619f,9/7单基发射药,能量特性,燃烧速度(发射药、推进剂),"平稳七孔层燃,弧厚 0.9mm 具有良好的递增燃烧特性",0.9,,,mm,explicit_or_field_specific,,,validated_single,true,,primary_value,燃烧速度(发射药、推进剂),,,,94,EVM91_985b8ba76771322adf,accepted
PROPM91_81213ddd894a8b5002,RELM91_1b78a294fb761b9aaf,MATM91_f9ae5bf063ce50619f,9/7单基发射药,能量特性,火药力(发射药),920 - 970 kJ/kg,,920,970,kJ/kg,explicit_or_field_specific,,,validated_range,true,,primary_value,火药力(发射药),,,,94,EVM91_4e1d5b30a524863078,accepted
PROPM91_113a34dc388e8a34ad,RELM91_d7e30bb3f94471af28,MATM91_319331d73cc42c6e23,11/7单基发射药,理化性质,分子量(单质),变量,,,,,,,,qualitative_only,false,no_reliable_numeric_measurement,,,,,,95,EVM91_e7a57fa32d3b679253,accepted
PROPM91_15d796172b1ed46ad5,RELM91_b357f397db934f1262,MATM91_319331d73cc42c6e23,11/7单基发射药,理化性质,密度,1.58 - 1.65 g/cm3 (真密度); 堆积密度约 0.90-1.05 g/cm3,,,,,,,,multiple_measurements,false,multiple_primary_measurements,,密度,,,,95,EVM91_74fcfdae6b4d61653a,accepted
PROPM91_202c4a99c46426b8fc,RELM91_cb15e17a958c308a4a,MATM91_319331d73cc42c6e23,11/7单基发射药,理化性质,外观,"黑色或深灰色七孔柱状颗粒,具有石墨光泽",,,,,,,,text_only,false,no_reliable_numeric_measurement,,,,,,95,EVM91_27d3aaf457a08f81c4,accepted
PROPM91_80b6dab962868c35ff,RELM91_294db86193c0723ff8,MATM91_319331d73cc42c6e23,11/7单基发射药,理化性质,溶解性,"不溶于水,溶于丙酮、醇醚混合液",,,,,,,,text_only,false,no_reliable_numeric_measurement,,,,,,95,EVM91_171d94ad520c5b026c,accepted
PROPM91_de944bd05eaf6b03ce,RELM91_7e17673c6af3f6142e,MATM91_319331d73cc42c6e23,11/7单基发射药,理化性质,挥发性,极低,,,,,,,低|极低,text_only,false,no_reliable_numeric_measurement,,,,,,95,EVM91_cf17ce80a0d6c1397c,accepted
PROPM91_f3e85964efadbf5b95,RELM91_67e791dede4b9bf14e,MATM91_319331d73cc42c6e23,11/7单基发射药,安全特性,摩擦感度(需对应不同测试条件),低 (石墨润滑层保护),,,,,,,低,qualitative_only,false,no_reliable_numeric_measurement,,,,,,95,EVM91_a197e511c4f558217c,accepted
PROPM91_3592421edb1fcb5f89,RELM91_894affe3a8e8cfeaea,MATM91_319331d73cc42c6e23,11/7单基发射药,安全特性,撞击感度(需对应不同测试条件),中等 (干燥状态下较敏感),,,,,,,较敏感|敏感|中等,qualitative_only,false,no_reliable_numeric_measurement,,,,,,95,EVM91_a7bc55c5323e1c14d6,accepted
PROPM91_1a2ee427b4cd486fcd,RELM91_e3de237234a3d5286c,MATM91_319331d73cc42c6e23,11/7单基发射药,安全特性,冲击感度,较低 (通常仅发生平稳层燃),,,,,,,较低|低,qualitative_only,false,no_reliable_numeric_measurement,,,,,,95,EVM91_e444c712a3eabac8b3,accepted
PROPM91_b15480a5da211a31b0,RELM91_283811e207dd12bea5,MATM91_319331d73cc42c6e23,11/7单基发射药,安全特性,火焰感度,极高 (极易引燃),,,,,,,极高|高,qualitative_only,false,no_reliable_numeric_measurement,,,,,,95,EVM91_b4c590b41e0ed2822d,accepted
PROPM91_c3cd6eee7c4e13b1d2,RELM91_43ea9ab45294d8a52c,MATM91_319331d73cc42c6e23,11/7单基发射药,安全特性,静电感度(需对应不同测试条件),不敏感 (石墨导电层消除静电),,,,,,,敏感|不敏感,qualitative_only,false,no_reliable_numeric_measurement,,,,,,95,EVM91_22e8bb1b0eea288e95,accepted
PROPM91_6b39b50732813365f9,RELM91_f882aa3a2785dd7aa0,MATM91_319331d73cc42c6e23,11/7单基发射药,安全特性,热感度(5s爆发点),195°C - 205°C,,,,,,,,multiple_measurements,false,multiple_primary_measurements,,热感度(5s爆发点),,,5,95,EVM91_9d05bd261873ed383e,accepted
PROPM91_800699a47f4f791c14,RELM91_7e0fa2af6adfe64dc3,MATM91_319331d73cc42c6e23,11/7单基发射药,安全特性,电火花感度,低,,,,,,,低,qualitative_only,false,no_reliable_numeric_measurement,,,,,,95,EVM91_e0541d9a779f2e5951,accepted
PROPM91_2bdb9c21bae921e4d1,RELM91_40374fd0d02d32766a,MATM91_319331d73cc42c6e23,11/7单基发射药,安全特性,吸湿性,≤ 1.5%,1.5,,,%,explicit_or_field_specific,<=,,validated_single,true,,primary_value,吸湿性,<=,,,95,EVM91_59584b2bbc828c63a8,accepted
PROPM91_b46d7ed03a2b4c01dc,RELM91_6adf434a96bd1827f9,MATM91_319331d73cc42c6e23,11/7单基发射药,安全特性,熔点,无 (受热分解),,,,,,,无,qualitative_only,false,no_reliable_numeric_measurement,,,,,,95,EVM91_6ef0074c91aabd07e2,accepted
PROPM91_d85b400cf70b22942b,RELM91_b96816f4fb812110b3,MATM91_319331d73cc42c6e23,11/7单基发射药,安全特性,分解温度,165°C - 175°C (开始缓慢分解),,,,,,,,multiple_measurements,false,multiple_primary_measurements,,分解温度,,,,95,EVM91_84286f0f4e3dddf70c,accepted
PROPM91_ac8a364b5ec0329da9,RELM91_db3aa46710f70c22ef,MATM91_319331d73cc42c6e23,11/7单基发射药,能量特性,爆速,不适用 (设计用于控制燃烧),,,,,,,,qualitative_only,false,no_reliable_numeric_measurement,,,,,,95,EVM91_692feefef74c9dcaa4,accepted
PROPM91_c8d9652def5e014c5f,RELM91_f341061a327ffe49c4,MATM91_319331d73cc42c6e23,11/7单基发射药,能量特性,爆温,~2850 K - 3050 K,2850,,,℃,explicit_or_field_specific,~,,validated_single,true,,primary_value,爆温,~,,,95,EVM91_8484e2f65bfdcb8179,accepted
PROPM91_ed67d58105e855b828,RELM91_b4ae08a9128ad56f21,MATM91_319331d73cc42c6e23,11/7单基发射药,能量特性,爆压,取决于弹药设计 (设计最大膛压通常在 300-400 MPa),,300,400,MPa,explicit_or_field_specific,,,validated_range,true,,primary_value,爆压,,,,95,EVM91_72bc987336f34f66a2,accepted
PROPM91_872b3dcb9ab2baa808,RELM91_675c9694f186963da8,MATM91_319331d73cc42c6e23,11/7单基发射药,能量特性,爆容,850 - 930 L/kg,,850,930,L/kg,explicit_or_field_specific,,,validated_range,true,,primary_value,爆容,,,,95,EVM91_b8b3f98ff50279edf2,accepted
PROPM91_d759f3a659addc1c5f,RELM91_70c081dd47b5b0115f,MATM91_319331d73cc42c6e23,11/7单基发射药,能量特性,威力,0.9 - 1.0 (TNT当量),,,,,,,,text_only,false,no_reliable_numeric_measurement,,,,,,95,EVM91_464450a5327a3966c2,accepted
PROPM91_2f45a1c83bc0b54b82,RELM91_1fa9f6f4c82080c6c0,MATM91_319331d73cc42c6e23,11/7单基发射药,能量特性,燃烧速度(发射药、推进剂),"平稳七孔层燃,弧厚 1.1mm 具有显著的递增燃烧特性",1.1,,,mm,explicit_or_field_specific,,,validated_single,true,,primary_value,燃烧速度(发射药、推进剂),,,,95,EVM91_9f244c135caad9a7d1,accepted
PROPM91_7da8609beef2e3890c,RELM91_97aea4e481647afb52,MATM91_319331d73cc42c6e23,11/7单基发射药,能量特性,火药力(发射药),920 - 975 kJ/kg,,920,975,kJ/kg,explicit_or_field_specific,,,validated_range,true,,primary_value,火药力(发射药),,,,95,EVM91_56ca48ce2c0e24c6c7,accepted
PROPM91_1682e8ffceaa00220c,RELM91_2a882c00162d15dbaf,MATM91_646402844ab2925c19,12/7单基发射药,理化性质,分子量(单质),变量,,,,,,,,qualitative_only,false,no_reliable_numeric_measurement,,,,,,96,EVM91_32822440740a16ccf0,accepted
PROPM91_138bb294ac511404da,RELM91_ed24a39dd8472b84e0,MATM91_646402844ab2925c19,12/7单基发射药,理化性质,密度,1.58 - 1.65 g/cm3 (真密度); 堆积密度约 0.90-1.08 g/cm3,,,,,,,,multiple_measurements,false,multiple_primary_measurements,,密度,,,,96,EVM91_cf3d31fed603c2ec19,accepted
PROPM91_a276f99422c65d2fe4,RELM91_56cf1eee3d29b1fc09,MATM91_646402844ab2925c19,12/7单基发射药,理化性质,外观,"黑色或深灰色七孔柱状颗粒,具有石墨光泽",,,,,,,,text_only,false,no_reliable_numeric_measurement,,,,,,96,EVM91_64679408ed3c93be4c,accepted
PROPM91_d6890027cce236ce26,RELM91_6b752a43d20f269c7d,MATM91_646402844ab2925c19,12/7单基发射药,理化性质,溶解性,"不溶于水,溶于丙酮、醇醚混合液",,,,,,,,text_only,false,no_reliable_numeric_measurement,,,,,,96,EVM91_54efd71b1ed1486d08,accepted
PROPM91_c73418e06c00c96fd8,RELM91_858b76f9d6d445245e,MATM91_646402844ab2925c19,12/7单基发射药,理化性质,挥发性,极低,,,,,,,低|极低,text_only,false,no_reliable_numeric_measurement,,,,,,96,EVM91_32af5819659112c7d1,accepted
PROPM91_f579e7ae550fcc885b,RELM91_70f104a2eb2c58869f,MATM91_646402844ab2925c19,12/7单基发射药,安全特性,摩擦感度(需对应不同测试条件),低 (石墨润滑层保护),,,,,,,低,qualitative_only,false,no_reliable_numeric_measurement,,,,,,96,EVM91_a761b091d6215b9630,accepted
PROPM91_5c57f34e3056e80429,RELM91_dc8aed75dca2a7fe46,MATM91_646402844ab2925c19,12/7单基发射药,安全特性,撞击感度(需对应不同测试条件),中等 (干燥状态下较敏感),,,,,,,较敏感|敏感|中等,qualitative_only,false,no_reliable_numeric_measurement,,,,,,96,EVM91_694dd7afd02a261593,accepted
PROPM91_f1c10601e8f93568e8,RELM91_4dc1dc74bae1c2ebc0,MATM91_646402844ab2925c19,12/7单基发射药,安全特性,冲击感度,较低 (通常仅发生平稳层燃),,,,,,,较低|低,qualitative_only,false,no_reliable_numeric_measurement,,,,,,96,EVM91_6d13c3256a2bbfadd0,accepted
PROPM91_4ee660caad4eeddaf2,RELM91_e718816cef947e38bc,MATM91_646402844ab2925c19,12/7单基发射药,安全特性,火焰感度,极高 (极易引燃),,,,,,,极高|高,qualitative_only,false,no_reliable_numeric_measurement,,,,,,96,EVM91_17882a0b2e5783d0b5,accepted
PROPM91_4bc96df919ad8c2b33,RELM91_cdd9e4aacd9bc65c01,MATM91_646402844ab2925c19,12/7单基发射药,安全特性,静电感度(需对应不同测试条件),不敏感 (石墨导电层消除静电),,,,,,,敏感|不敏感,qualitative_only,false,no_reliable_numeric_measurement,,,,,,96,EVM91_aef8715a6bfcfdf543,accepted
PROPM91_9166ac6c67580eee91,RELM91_37b71a4cd2b88fdf48,MATM91_646402844ab2925c19,12/7单基发射药,安全特性,热感度(5s爆发点),195°C - 205°C,,,,,,,,multiple_measurements,false,multiple_primary_measurements,,热感度(5s爆发点),,,5,96,EVM91_4c623227c0e309bc33,accepted
PROPM91_08e505d62a555d3cc1,RELM91_f646c37f3c4f752acc,MATM91_646402844ab2925c19,12/7单基发射药,安全特性,电火花感度,低,,,,,,,低,qualitative_only,false,no_reliable_numeric_measurement,,,,,,96,EVM91_f0de1726324ac47362,accepted
PROPM91_932d7e0f47af7de71c,RELM91_fbb2cc15b7cecd50be,MATM91_646402844ab2925c19,12/7单基发射药,安全特性,吸湿性,≤ 1.5%,1.5,,,%,explicit_or_field_specific,<=,,validated_single,true,,primary_value,吸湿性,<=,,,96,EVM91_1fe81b2b199f9489bc,accepted
PROPM91_cf474a841282731fe2,RELM91_1170e77fd96f5eac34,MATM91_646402844ab2925c19,12/7单基发射药,安全特性,熔点,无 (受热分解),,,,,,,无,qualitative_only,false,no_reliable_numeric_measurement,,,,,,96,EVM91_d79ae5fec7f72a7824,accepted
PROPM91_18533e51ad5727fc62,RELM91_a16d920338e201146e,MATM91_646402844ab2925c19,12/7单基发射药,安全特性,分解温度,165°C - 175°C (开始缓慢分解),,,,,,,,multiple_measurements,false,multiple_primary_measurements,,分解温度,,,,96,EVM91_a142e09cf585758a65,accepted
PROPM91_4e84a8df5cd2c1a2af,RELM91_9999502dfba495f5dd,MATM91_646402844ab2925c19,12/7单基发射药,能量特性,爆速,不适用 (设计用于控制燃烧),,,,,,,,qualitative_only,false,no_reliable_numeric_measurement,,,,,,96,EVM91_851d3c99c06d0b08e3,accepted
PROPM91_f5b86c948ed8b8c702,RELM91_f59a260f5e201722e8,MATM91_646402844ab2925c19,12/7单基发射药,能量特性,爆温,~2850 K - 3050 K,2850,,,℃,explicit_or_field_specific,~,,validated_single,true,,primary_value,爆温,~,,,96,EVM91_583fe6aca074a0dbcc,accepted
PROPM91_cbc9ea79b0c249c358,RELM91_30d345b0ba270cf15d,MATM91_646402844ab2925c19,12/7单基发射药,能量特性,爆压,取决于弹药设计 (设计最大膛压通常在 300-420 MPa),,300,420,MPa,explicit_or_field_specific,,,validated_range,true,,primary_value,爆压,,,,96,EVM91_07df3e22c45aa83cb7,accepted
PROPM91_9c31b5281abe155062,RELM91_abe952dba6bb1ed903,MATM91_646402844ab2925c19,12/7单基发射药,能量特性,爆容,850 - 940 L/kg,,850,940,L/kg,explicit_or_field_specific,,,validated_range,true,,primary_value,爆容,,,,96,EVM91_c0518e1ae7aa771f59,accepted
PROPM91_e087138f5c97e14ac7,RELM91_12e08ad9e6b88783ca,MATM91_646402844ab2925c19,12/7单基发射药,能量特性,威力,0.9 - 1.0 (TNT当量),,,,,,,,text_only,false,no_reliable_numeric_measurement,,,,,,96,EVM91_5f5c1387a310db0572,accepted
PROPM91_8bd24bbb3a5e514255,RELM91_2bee64e47060a7719a,MATM91_646402844ab2925c19,12/7单基发射药,能量特性,燃烧速度(发射药、推进剂),"平稳七孔层燃,弧厚 1.2mm 具有显著的递增燃烧特性",1.2,,,mm,explicit_or_field_specific,,,validated_single,true,,primary_value,燃烧速度(发射药、推进剂),,,,96,EVM91_f990fb38e1f2fa0ca3,accepted
PROPM91_a2ee268d09caf88147,RELM91_eb81e269b136b6a4a8,MATM91_646402844ab2925c19,12/7单基发射药,能量特性,火药力(发射药),920 - 980 kJ/kg,,920,980,kJ/kg,explicit_or_field_specific,,,validated_range,true,,primary_value,火药力(发射药),,,,96,EVM91_2adaad85dbbbe92019,accepted
PROPM91_f4602e7b2c133985db,RELM91_36699cb24bb3cbc38e,MATM91_6ebff4e1f2b8302513,12/7高单基发射药,理化性质,分子量(单质),变量,,,,,,,,qualitative_only,false,no_reliable_numeric_measurement,,,,,,97,EVM91_3fb4b0cc64670056bd,accepted
PROPM91_6d28a0b6a8c160c899,RELM91_cf1416f3b9285ed889,MATM91_6ebff4e1f2b8302513,12/7高单基发射药,理化性质,密度,1.60 - 1.66 g/cm3 (真密度); 堆积密度约 0.95 - 1.10 g/cm3,,,,,,,,multiple_measurements,false,multiple_primary_measurements,,密度,,,,97,EVM91_bbf2168c46d74db42a,accepted
PROPM91_d3455cea701b6b11e5,RELM91_4520c0c85eb96b3bb7,MATM91_6ebff4e1f2b8302513,12/7高单基发射药,理化性质,外观,"黑色或深灰色七孔柱状颗粒,具有强金属光泽",,,,,,,强,text_only,false,no_reliable_numeric_measurement,,,,,,97,EVM91_55795ba33a06d7e53f,accepted
PROPM91_2adbd0dbb6578f2a5b,RELM91_e4556097fabcd106b4,MATM91_6ebff4e1f2b8302513,12/7高单基发射药,理化性质,溶解性,"不溶于水,溶于丙酮、乙酸乙酯",,,,,,,,text_only,false,no_reliable_numeric_measurement,,,,,,97,EVM91_8aef616ca9250a73c7,accepted
PROPM91_0561bfd3e74cef9f48,RELM91_3c459fa1f4359f96ee,MATM91_6ebff4e1f2b8302513,12/7高单基发射药,理化性质,挥发性,极低,,,,,,,低|极低,text_only,false,no_reliable_numeric_measurement,,,,,,97,EVM91_16ed2f86e266a0facf,accepted
PROPM91_495f5bc8a5f37fcb8b,RELM91_2a27daa4a619ee5f72,MATM91_6ebff4e1f2b8302513,12/7高单基发射药,安全特性,摩擦感度(需对应不同测试条件),低 (石墨润滑层保护),,,,,,,低,qualitative_only,false,no_reliable_numeric_measurement,,,,,,97,EVM91_7d22b591e2141b17d8,accepted
PROPM91_f5475b27a3903b7085,RELM91_e52e76d0415916f22d,MATM91_6ebff4e1f2b8302513,12/7高单基发射药,安全特性,撞击感度(需对应不同测试条件),中等 (干燥状态下较敏感),,,,,,,较敏感|敏感|中等,qualitative_only,false,no_reliable_numeric_measurement,,,,,,97,EVM91_8bee545556a917b370,accepted
PROPM91_17a0b93784d045645a,RELM91_fe95a92f6feca45fab,MATM91_6ebff4e1f2b8302513,12/7高单基发射药,安全特性,冲击感度,较低 (通常仅发生平稳层燃),,,,,,,较低|低,qualitative_only,false,no_reliable_numeric_measurement,,,,,,97,EVM91_b3d711e0bc53804aa5,accepted
PROPM91_261051278e7c8b8204,RELM91_9fc2ee044c206e7c98,MATM91_6ebff4e1f2b8302513,12/7高单基发射药,安全特性,火焰感度,"极高 (点火反应快,燃烧猛烈)",,,,,,,极高|高,qualitative_only,false,no_reliable_numeric_measurement,,,,,,97,EVM91_df7d1f033e3930d4c6,accepted
PROPM91_904df65efff43f266b,RELM91_cc1b1a78adade4c9a7,MATM91_6ebff4e1f2b8302513,12/7高单基发射药,安全特性,静电感度(需对应不同测试条件),不敏感 (石墨导电层消除静电),,,,,,,敏感|不敏感,qualitative_only,false,no_reliable_numeric_measurement,,,,,,97,EVM91_75e78ff4b57b46a44c,accepted
PROPM91_1219d8fa5b0b813c8c,RELM91_7eba4f8d07d43f9d52,MATM91_6ebff4e1f2b8302513,12/7高单基发射药,安全特性,热感度(5s爆发点),190°C - 200°C,,,,,,,,multiple_measurements,false,multiple_primary_measurements,,热感度(5s爆发点),,,5,97,EVM91_599f851133ce67720d,accepted
PROPM91_ed0f1f662e93316fec,RELM91_440c8be94691917b39,MATM91_6ebff4e1f2b8302513,12/7高单基发射药,安全特性,电火花感度,低,,,,,,,低,qualitative_only,false,no_reliable_numeric_measurement,,,,,,97,EVM91_0443c7026c322a8e2d,accepted
PROPM91_a3f8ee28e90d008a0a,RELM91_35a5d0f75580d266f4,MATM91_6ebff4e1f2b8302513,12/7高单基发射药,安全特性,吸湿性,≤ 1.2% (高氮量硝化棉吸湿性较低),1.2,,,%,explicit_or_field_specific,<=,较低|低|高|吸湿,validated_single,true,,primary_value,吸湿性,<=,,,97,EVM91_a165ae96c889b69bd6,accepted
PROPM91_fc238b5cae30897884,RELM91_f09fff39a1a4f266c6,MATM91_6ebff4e1f2b8302513,12/7高单基发射药,安全特性,熔点,无 (受热分解),,,,,,,无,qualitative_only,false,no_reliable_numeric_measurement,,,,,,97,EVM91_bac16bd47a1532b2ce,accepted
PROPM91_1c86223a4986602da8,RELM91_faf9a84e8019b349e8,MATM91_6ebff4e1f2b8302513,12/7高单基发射药,安全特性,分解温度,160°C - 170°C (开始缓慢分解),,,,,,,,multiple_measurements,false,multiple_primary_measurements,,分解温度,,,,97,EVM91_8b525187c862877e04,accepted
PROPM91_ba29fa9cf529adb271,RELM91_19b42a63294b82a97f,MATM91_6ebff4e1f2b8302513,12/7高单基发射药,能量特性,爆速,不适用 (设计用于控制燃烧),,,,,,,,qualitative_only,false,no_reliable_numeric_measurement,,,,,,97,EVM91_b2adcd52fc5bd2e517,accepted
PROPM91_cc3f2f38653b131eae,RELM91_135045b75706e16234,MATM91_6ebff4e1f2b8302513,12/7高单基发射药,能量特性,爆温,~2950 K - 3200 K (高于普通12/7),2950,,,℃,explicit_or_field_specific,~,高,validated_single,true,,primary_value,爆温,~,,,97,EVM91_76570f43a84fb87e01,accepted
PROPM91_5a985a8144a1293ca7,RELM91_afdb3b7b5a3d0a48a6,MATM91_6ebff4e1f2b8302513,12/7高单基发射药,能量特性,爆压,取决于弹药设计 (设计最大膛压通常在 320-450 MPa 之间),,320,450,MPa,explicit_or_field_specific,,,validated_range,true,,primary_value,爆压,,,,97,EVM91_74003d4aca24a8920c,accepted
PROPM91_4e14eaf79231e178dd,RELM91_69fd745b3c87a62e97,MATM91_6ebff4e1f2b8302513,12/7高单基发射药,能量特性,爆容,900 - 1000 L/kg,,900,1000,L/kg,explicit_or_field_specific,,,validated_range,true,,primary_value,爆容,,,,97,EVM91_c3bc9ccb14731b5e9d,accepted
PROPM91_054b2689a766fad0a5,RELM91_81bb3c9ec23b50a553,MATM91_6ebff4e1f2b8302513,12/7高单基发射药,能量特性,威力,1.0 - 1.15 (TNT当量),,,,,,,,text_only,false,no_reliable_numeric_measurement,,,,,,97,EVM91_91747d293c1d0bf98d,accepted
PROPM91_4e5238f8c2b924d6b9,RELM91_47941426ca34d212dd,MATM91_6ebff4e1f2b8302513,12/7高单基发射药,能量特性,燃烧速度(发射药、推进剂),"平稳七孔层燃,弧厚 1.2mm 具有显著的递增燃烧特性",1.2,,,mm,explicit_or_field_specific,,,validated_single,true,,primary_value,燃烧速度(发射药、推进剂),,,,97,EVM91_1755d81d8494e80e31,accepted
PROPM91_ba552f5075d61f0dc7,RELM91_99b81346086f8b74ed,MATM91_6ebff4e1f2b8302513,12/7高单基发射药,能量特性,火药力(发射药),980 - 1055 kJ/kg (比普通12/7高约 5%-8%),,,,,,,高,multiple_measurements,false,multiple_primary_measurements,,火药力(发射药),,,,97,EVM91_9cdca27e22270d8806,accepted
PROPM91_feb4bc1632e89118e8,RELM91_5d4313152356998c3b,MATM91_b91a9b7efe4f8b516d,13/7高单基发射药,理化性质,分子量(单质),变量,,,,,,,,qualitative_only,false,no_reliable_numeric_measurement,,,,,,98,EVM91_5549349a5af9a256cd,accepted
PROPM91_ef156cb36fd18d2a99,RELM91_3d8203a34bba9ad7ac,MATM91_b91a9b7efe4f8b516d,13/7高单基发射药,理化性质,密度,1.60 - 1.67 g/cm3 (真密度); 堆积密度约 0.95 - 1.12 g/cm3,,,,,,,,multiple_measurements,false,multiple_primary_measurements,,密度,,,,98,EVM91_feea89898949100cfa,accepted
PROPM91_989c38eb08d9993800,RELM91_d1ecbd64bf23a0dd4a,MATM91_b91a9b7efe4f8b516d,13/7高单基发射药,理化性质,外观,"黑色或深灰色七孔柱状颗粒,具有强金属光泽,长径比适中",,,,,,,强,text_only,false,no_reliable_numeric_measurement,,,,,,98,EVM91_efbcaa3964ec6f25c8,accepted
PROPM91_6511a7952daea062f9,RELM91_b8d75251aad3d59abd,MATM91_b91a9b7efe4f8b516d,13/7高单基发射药,理化性质,溶解性,"不溶于水,溶于丙酮、乙酸乙酯、醇醚混合液",,,,,,,,text_only,false,no_reliable_numeric_measurement,,,,,,98,EVM91_fe2448562487bd3fba,accepted
PROPM91_43e8ae3b7fcee6333e,RELM91_d47901f2ceb941829f,MATM91_b91a9b7efe4f8b516d,13/7高单基发射药,理化性质,挥发性,极低,,,,,,,低|极低,text_only,false,no_reliable_numeric_measurement,,,,,,98,EVM91_d8ca815d073d081b37,accepted
PROPM91_69f0ff705d51924ee3,RELM91_73aace10a655967c65,MATM91_b91a9b7efe4f8b516d,13/7高单基发射药,安全特性,摩擦感度(需对应不同测试条件),低 (受石墨润滑层保护),,,,,,,低,qualitative_only,false,no_reliable_numeric_measurement,,,,,,98,EVM91_b358c71bb2f5e56755,accepted
PROPM91_9308169b3bf80f92ae,RELM91_b911b0a70f1bdb7504,MATM91_b91a9b7efe4f8b516d,13/7高单基发射药,安全特性,撞击感度(需对应不同测试条件),"中等 (干燥状态下较敏感,15-25%)",,15,25,%,explicit_or_field_specific,,较敏感|敏感|中等,validated_range,true,,explosion_probability,,,,,98,EVM91_54558eb29b76930b04,accepted
PROPM91_9242accad4e6cc710a,RELM91_d23513048100df363f,MATM91_b91a9b7efe4f8b516d,13/7高单基发射药,安全特性,冲击感度,"较低 (通常仅发生平稳层燃,难以由冲击直接转爆轰)",,,,,,,较低|低,qualitative_only,false,no_reliable_numeric_measurement,,,,,,98,EVM91_fd7b000ea8245e1005,accepted
PROPM91_166b8d106493139bfc,RELM91_ade35014dbc9d026c9,MATM91_b91a9b7efe4f8b516d,13/7高单基发射药,安全特性,火焰感度,"极高 (点火响应极其迅速,燃烧剧烈)",,,,,,,极高|高,qualitative_only,false,no_reliable_numeric_measurement,,,,,,98,EVM91_f2da1454a31906b9ff,accepted
PROPM91_c29ae8c0f6213797e0,RELM91_2b276c963c53423863,MATM91_b91a9b7efe4f8b516d,13/7高单基发射药,安全特性,静电感度(需对应不同测试条件),不敏感 (表面石墨层导电),,,,,,,敏感|不敏感,qualitative_only,false,no_reliable_numeric_measurement,,,,,,98,EVM91_0282cdd845e68b4e42,accepted
PROPM91_3c236ae44838f3124f,RELM91_ac6803df2cf811b966,MATM91_b91a9b7efe4f8b516d,13/7高单基发射药,安全特性,热感度(5s爆发点),190°C - 202°C,,,,,,,,multiple_measurements,false,multiple_primary_measurements,,热感度(5s爆发点),,,5,98,EVM91_0fc78bae17f2b3962b,accepted
PROPM91_8c8cc539c92852f1ea,RELM91_3497ccb3087b872967,MATM91_b91a9b7efe4f8b516d,13/7高单基发射药,安全特性,电火花感度,低,,,,,,,低,qualitative_only,false,no_reliable_numeric_measurement,,,,,,98,EVM91_c0ca8b28a0054445d0,accepted
PROPM91_b0bd67af848feefbc8,RELM91_e1e3bf3c125b5cd043,MATM91_b91a9b7efe4f8b516d,13/7高单基发射药,安全特性,吸湿性,"≤ 1.2% (高氮NC吸湿性较低,但对水分依然敏感)",1.2,,,%,explicit_or_field_specific,<=,敏感|较低|低|高,validated_single,true,,primary_value,吸湿性,<=,,,98,EVM91_b8fd207fff72027eb8,accepted
PROPM91_dc9ba68244adbe60f4,RELM91_2aa174387b682cf1a0,MATM91_b91a9b7efe4f8b516d,13/7高单基发射药,安全特性,熔点,无 (受热直接分解),,,,,,,无,qualitative_only,false,no_reliable_numeric_measurement,,,,,,98,EVM91_c84a9c895bfcdd4bdb,accepted
PROPM91_01f6c9174d35147a35,RELM91_7b9c03c523477735e2,MATM91_b91a9b7efe4f8b516d,13/7高单基发射药,安全特性,分解温度,160°C - 170°C (开始缓慢分解),,,,,,,,multiple_measurements,false,multiple_primary_measurements,,分解温度,,,,98,EVM91_09719ff1a5a42adb54,accepted
PROPM91_16ddae6638b0d3b995,RELM91_468cc77363bd9d418e,MATM91_b91a9b7efe4f8b516d,13/7高单基发射药,能量特性,爆速,不适用 (设计用于控制燃烧速度),,,,,,,,qualitative_only,false,no_reliable_numeric_measurement,,,,,,98,EVM91_f10e5fad7da3b84eb2,accepted
PROPM91_de79ae5111e5f00528,RELM91_0c5d623f2d7c942340,MATM91_b91a9b7efe4f8b516d,13/7高单基发射药,能量特性,爆温,~3000 K - 3250 K (能量密度高于普通单基药),3000,,,℃,explicit_or_field_specific,~,高,validated_single,true,,primary_value,爆温,~,,,98,EVM91_7518ea5e53fa0f81a3,accepted
PROPM91_7b2e394db246c4bc88,RELM91_f2d2ce0af86c71f656,MATM91_b91a9b7efe4f8b516d,13/7高单基发射药,能量特性,爆压,取决于装填密度 (设计最大工作膛压通常在 350-480 MPa),,350,480,MPa,explicit_or_field_specific,,,validated_range,true,,primary_value,爆压,,,,98,EVM91_91eac719eca7614212,accepted
PROPM91_84b346530c056b504e,RELM91_44624769e7edbfeb68,MATM91_b91a9b7efe4f8b516d,13/7高单基发射药,能量特性,爆容,910 - 1010 L/kg,,910,1010,L/kg,explicit_or_field_specific,,,validated_range,true,,primary_value,爆容,,,,98,EVM91_7fe63cecc3d3dc6ecc,accepted
PROPM91_d068c6894c13d43088,RELM91_5e3bf35157d0fb21ea,MATM91_b91a9b7efe4f8b516d,13/7高单基发射药,能量特性,威力,1.0 - 1.18 (TNT当量),,,,,,,,text_only,false,no_reliable_numeric_measurement,,,,,,98,EVM91_963454fa66254a5df8,accepted
PROPM91_77bf7631a9be0fa2bc,RELM91_409c57095d90e92842,MATM91_b91a9b7efe4f8b516d,13/7高单基发射药,能量特性,起爆力,不适用 (发射能源),,,,,,,,text_only,false,no_reliable_numeric_measurement,,,,,,98,EVM91_aa7bb8d043ceb03f15,accepted
PROPM91_2715feab70aa81c032,RELM91_cb46c8bf50310e25bf,MATM91_b91a9b7efe4f8b516d,13/7高单基发射药,能量特性,燃烧速度(发射药、推进剂),"平稳七孔层燃,1.3mm弧厚决定其具有更持久的递增燃烧性能",1.3,,,mm,explicit_or_field_specific,,,validated_single,true,,primary_value,燃烧速度(发射药、推进剂),,,,98,EVM91_58009a66ba34a7ab45,accepted
PROPM91_f401844e36bdfe95b5,RELM91_9e4c73f250b30f46a6,MATM91_b91a9b7efe4f8b516d,13/7高单基发射药,能量特性,火药力(发射药),990 - 1065 kJ/kg (典型的高能大口径火药力水平),,990,1065,kJ/kg,explicit_or_field_specific,,高,validated_range,true,,primary_value,火药力(发射药),,,,98,EVM91_6bf48af92ce9ee24e2,accepted
PROPM91_bfe9b9caf7b21fabda,RELM91_63abb2523b3e67aad5,MATM91_90fe289180e4ee5885,双芳-2双基发射药,理化性质,分子量(单质),混合物,,,,,,,,qualitative_only,false,no_reliable_numeric_measurement,,,,,,99,EVM91_530f834607e327f2f7,accepted
PROPM91_be56b79d837f75a785,RELM91_03f10af4f09c3db76c,MATM91_90fe289180e4ee5885,双芳-2双基发射药,理化性质,密度,1.58 - 1.63 g/cm3 (真密度); 堆积密度约 0.90-1.05 g/cm3,,,,,,,,multiple_measurements,false,multiple_primary_measurements,,密度,,,,99,EVM91_0319cbd6fed1c94303,accepted
PROPM91_f1959645ca827042a0,RELM91_9058e818aff3d3fe4c,MATM91_90fe289180e4ee5885,双芳-2双基发射药,理化性质,外观,"黄色、褐色或琥珀色半透明颗粒/片状,表面有石墨光泽",,,,,,,,text_only,false,no_reliable_numeric_measurement,,,,,,99,EVM91_ba681e1bee16eb7721,accepted
PROPM91_ae6b4b764dafdb6c47,RELM91_c95ff07228e787d249,MATM91_90fe289180e4ee5885,双芳-2双基发射药,理化性质,溶解性,"不溶于水,主体可溶于丙酮、乙酸乙酯",,,,,,,,text_only,false,no_reliable_numeric_measurement,,,,,,99,EVM91_74f4e7cfbaafff1bf7,accepted
PROPM91_4f7331ec5d7c6ce526,RELM91_bff9191d74c97ea667,MATM91_90fe289180e4ee5885,双芳-2双基发射药,理化性质,挥发性,"低 (含NG及中定剂,需注意长期储存稳定性)",,,,,,,低,text_only,false,no_reliable_numeric_measurement,,,,,,99,EVM91_ee18f9c88cd6359d69,accepted
PROPM91_58f441075631ba00ae,RELM91_2440aa7684eeb043d9,MATM91_90fe289180e4ee5885,双芳-2双基发射药,安全特性,摩擦感度(需对应不同测试条件),中等 (受NG含量影响),,,,,,,中等,qualitative_only,false,no_reliable_numeric_measurement,,,,,,99,EVM91_78f64e09016ab05b32,accepted
PROPM91_2af518c012de952fcb,RELM91_d7722ac9f2e6f1ff90,MATM91_90fe289180e4ee5885,双芳-2双基发射药,安全特性,撞击感度(需对应不同测试条件),"中等 (较单基药更敏感,约 20%-40%)",,,,,,,敏感|中等,multiple_measurements,false,multiple_primary_measurements,,,,,,99,EVM91_6c4f37ea2221f0ea77,accepted
PROPM91_20b93130819badc8c1,RELM91_0e24ddce9ba46cd380,MATM91_90fe289180e4ee5885,双芳-2双基发射药,安全特性,冲击感度,中等 (在强约束或高压下可能由燃转爆),,,,,,,强|中等|高,qualitative_only,false,no_reliable_numeric_measurement,,,,,,99,EVM91_5382504d8384bc9b38,accepted
PROPM91_c738960e3758dbeca8,RELM91_cfe56dc667941da0bd,MATM91_90fe289180e4ee5885,双芳-2双基发射药,安全特性,火焰感度,"极高 (极易引燃,燃烧猛烈且释放大量热量)",,,,,,,极高|高,qualitative_only,false,no_reliable_numeric_measurement,,,,,,99,EVM91_c13a966bdd97679a07,accepted
PROPM91_09391215d43e1f20f0,RELM91_21a59f8ae3953d4cab,MATM91_90fe289180e4ee5885,双芳-2双基发射药,安全特性,静电感度(需对应不同测试条件),不敏感 (受表面石墨层保护),,,,,,,敏感|不敏感,qualitative_only,false,no_reliable_numeric_measurement,,,,,,99,EVM91_8755d5fd2ce7479435,accepted
PROPM91_8a3663a6ff216faa1a,RELM91_5242f411e118345718,MATM91_90fe289180e4ee5885,双芳-2双基发射药,安全特性,热感度(5s爆发点),"175°C - 185°C (由于NG存在,爆发点低于单基药)",,,,,,,低,multiple_measurements,false,multiple_primary_measurements,,热感度(5s爆发点),,,5,99,EVM91_ddcd13ea4621d35580,accepted
PROPM91_e5977bdff460b71442,RELM91_e87922de05e5f1aa91,MATM91_90fe289180e4ee5885,双芳-2双基发射药,安全特性,电火花感度,敏感,,,,,,,敏感,qualitative_only,false,no_reliable_numeric_measurement,,,,,,99,EVM91_0846d20241d0d3433c,accepted
PROPM91_1868f03899bdd006da,RELM91_d37bb5e11cfe55b8c7,MATM91_90fe289180e4ee5885,双芳-2双基发射药,安全特性,吸湿性,"低 (≤ 0.8%,NG和中定剂均具有疏水性)",0.8,,,%,explicit_or_field_specific,<=,低,validated_single,true,,primary_value,吸湿性,<=,,,99,EVM91_184e467418c89f0e38,accepted
PROPM91_d181bde07af93486ac,RELM91_53caa6960e35101ad5,MATM91_90fe289180e4ee5885,双芳-2双基发射药,安全特性,熔点,无 (受热分解),,,,,,,无,qualitative_only,false,no_reliable_numeric_measurement,,,,,,99,EVM91_317e21b865bd4f837f,accepted
PROPM91_f67720f4a08395ed64,RELM91_d4a54e94e6dd27c714,MATM91_90fe289180e4ee5885,双芳-2双基发射药,安全特性,分解温度,150°C - 160°C (开始缓慢分解),,,,,,,,multiple_measurements,false,multiple_primary_measurements,,分解温度,,,,99,EVM91_e05e74df01efa03adb,accepted
PROPM91_09d9c81f861a43a89c,RELM91_c0234de418a0b4cc41,MATM91_90fe289180e4ee5885,双芳-2双基发射药,能量特性,爆速,不适用 (设计用于控制燃烧),,,,,,,,qualitative_only,false,no_reliable_numeric_measurement,,,,,,99,EVM91_d1d3369a4f80040ec7,accepted
PROPM91_71ec590a5ba8b58bdd,RELM91_40afa13297168c2982,MATM91_90fe289180e4ee5885,双芳-2双基发射药,能量特性,爆温,"~2800 K - 3000 K (属于中低爆温发射药,中定剂起降温作用)",2800,,,℃,explicit_or_field_specific,~,低,validated_single,true,,primary_value,爆温,~,,,99,EVM91_e0b257a5e2c47aa7e3,accepted
PROPM91_38de477391e5cf43e5,RELM91_5805d4aedf8527cb8c,MATM91_90fe289180e4ee5885,双芳-2双基发射药,能量特性,爆压,取决于弹药设计 (通常在 100-300 MPa),,100,300,MPa,explicit_or_field_specific,,,validated_range,true,,primary_value,爆压,,,,99,EVM91_da7067c79f208d5263,accepted
PROPM91_b4a531e9fb1d450b92,RELM91_c0625bcbb2fa78119c,MATM91_90fe289180e4ee5885,双芳-2双基发射药,能量特性,爆容,850 - 950 L/kg,,850,950,L/kg,explicit_or_field_specific,,,validated_range,true,,primary_value,爆容,,,,99,EVM91_bfb2ab4d4b63488a5b,accepted
PROPM91_50f9aa649c8fd15ce0,RELM91_7175b8f489903cddfe,MATM91_90fe289180e4ee5885,双芳-2双基发射药,能量特性,威力,1.0 - 1.2 (TNT当量),,,,,,,,text_only,false,no_reliable_numeric_measurement,,,,,,99,EVM91_f5c2a600e073ef6fcd,accepted
PROPM91_f16ef582010324225e,RELM91_4e52500250e4209aea,MATM91_90fe289180e4ee5885,双芳-2双基发射药,能量特性,燃烧速度(发射药、推进剂),"平稳层燃,受压力影响指数通常在 0.6-0.8",,,,mm/s,field_dictionary,,,qualitative_only,false,no_reliable_numeric_measurement,,,,,,99,EVM91_5d01b6adef487bc619,accepted
PROPM91_58631e3db652866d36,RELM91_43da815709ed029f4f,MATM91_90fe289180e4ee5885,双芳-2双基发射药,能量特性,火药力(发射药),1000 - 1100 kJ/kg,,1000,1100,kJ/kg,explicit_or_field_specific,,,validated_range,true,,primary_value,火药力(发射药),,,,99,EVM91_c495e0a25f805a1848,accepted
PROPM91_70e3fb28bfd0f01244,RELM91_f1d7e1051b2f565013,MATM91_aeb8c86ac688bc0d11,双中硝-11-球30×80A,理化性质,分子量(单质),混合物,,,,,,,,qualitative_only,false,no_reliable_numeric_measurement,,,,,,100,EVM91_0b36ae2b0a4f3fdd80,accepted
PROPM91_eb31dbdb1f693b302f,RELM91_92f4b4a8160c5500f0,MATM91_aeb8c86ac688bc0d11,双中硝-11-球30×80A,理化性质,密度,1.60 - 1.66 g/cm3 (真密度); 堆积密度约 0.95 - 1.05 g/cm3,,,,,,,,multiple_measurements,false,multiple_primary_measurements,,密度,,,,100,EVM91_add7d9da7bf23bb74a,accepted
PROPM91_f919e9bccf08ba637c,RELM91_3476164598243724cf,MATM91_aeb8c86ac688bc0d11,双中硝-11-球30×80A,理化性质,外观,"黑色或深灰色细小球形颗粒,具有石墨光泽",,,,,,,,text_only,false,no_reliable_numeric_measurement,,,,,,100,EVM91_6988da4eae144265d5,accepted
PROPM91_0769696f538a466de9,RELM91_65a1f1f61150e54c44,MATM91_aeb8c86ac688bc0d11,双中硝-11-球30×80A,理化性质,溶解性,"不溶于水,溶于丙酮、乙酸乙酯",,,,,,,,text_only,false,no_reliable_numeric_measurement,,,,,,100,EVM91_3a5f583be91e7ea5ff,accepted
PROPM91_15ced41bdb1ea099e7,RELM91_627ebe443dedecd0fb,MATM91_aeb8c86ac688bc0d11,双中硝-11-球30×80A,理化性质,挥发性,低 (含微量NG挥发),,,,,,,低,text_only,false,no_reliable_numeric_measurement,,,,,,100,EVM91_5e22b6b0a475c7fa58,accepted
PROPM91_9795f006d3dd18d687,RELM91_951e278c92be66c4a2,MATM91_aeb8c86ac688bc0d11,双中硝-11-球30×80A,安全特性,摩擦感度(需对应不同测试条件),"低 (球形颗粒且表面石墨化,流动性好,摩擦力小)",,,,,,,低,qualitative_only,false,no_reliable_numeric_measurement,,,,,,100,EVM91_36fd87c114354c536e,accepted
PROPM91_0c372b7864c0ac94c0,RELM91_7c1d1d56b1cec27872,MATM91_aeb8c86ac688bc0d11,双中硝-11-球30×80A,安全特性,撞击感度(需对应不同测试条件),"中等 (受NG含量影响,比单基药敏感)",,,,,,,敏感|中等,qualitative_only,false,no_reliable_numeric_measurement,,,,,,100,EVM91_c04788a7898064263e,accepted
PROPM91_686c6ef93b2b297696,RELM91_fb39d9ad68af77a003,MATM91_aeb8c86ac688bc0d11,双中硝-11-球30×80A,安全特性,冲击感度,中等 (高压约束下有燃转爆风险),,,,,,,中等|高,qualitative_only,false,no_reliable_numeric_measurement,,,,,,100,EVM91_8b86f6b1d9538aaa96,accepted
PROPM91_164b67663c5aa82488,RELM91_b62af79af80b00c13b,MATM91_aeb8c86ac688bc0d11,双中硝-11-球30×80A,安全特性,火焰感度,"极高 (点火响应极快,燃烧猛烈)",,,,,,,极高|高,qualitative_only,false,no_reliable_numeric_measurement,,,,,,100,EVM91_fd887fb8d5fd11132f,accepted
PROPM91_a009b131934b6bad42,RELM91_b18d43a25354ec5e3d,MATM91_aeb8c86ac688bc0d11,双中硝-11-球30×80A,安全特性,静电感度(需对应不同测试条件),不敏感 (石墨层导电性好),,,,,,,敏感|不敏感,qualitative_only,false,no_reliable_numeric_measurement,,,,,,100,EVM91_6950e605c7fbe49d23,accepted
PROPM91_8bd48b6c71cf944e1a,RELM91_bef117bc026bd9dee4,MATM91_aeb8c86ac688bc0d11,双中硝-11-球30×80A,安全特性,热感度(5s爆发点),175°C - 185°C,,,,,,,,multiple_measurements,false,multiple_primary_measurements,,热感度(5s爆发点),,,5,100,EVM91_c6ff7c3a6da0d223ef,accepted
PROPM91_84ef5fa1c8b8fe86c3,RELM91_efe96c4eb1f8501577,MATM91_aeb8c86ac688bc0d11,双中硝-11-球30×80A,安全特性,电火花感度,中等敏感,,,,,,,中等敏感|敏感|中等,qualitative_only,false,no_reliable_numeric_measurement,,,,,,100,EVM91_6fceb6572386e46c29,accepted
PROPM91_9237d19462f8feacc4,RELM91_79a575e07a1f1c3017,MATM91_aeb8c86ac688bc0d11,双中硝-11-球30×80A,安全特性,吸湿性,"低 (≤ 0.7%,球形结构表面积小且含NG)",0.7,,,%,explicit_or_field_specific,<=,低,validated_single,true,,primary_value,吸湿性,<=,,,100,EVM91_ed8aa09c949cf94593,accepted
PROPM91_8f669116101aec1dcb,RELM91_6f9b1e0f81ac303c0c,MATM91_aeb8c86ac688bc0d11,双中硝-11-球30×80A,安全特性,熔点,无 (受热分解),,,,,,,无,qualitative_only,false,no_reliable_numeric_measurement,,,,,,100,EVM91_33045bb63c7cc9b256,accepted
PROPM91_2edcc989812150d9f2,RELM91_2d060d2c9e74ac385f,MATM91_aeb8c86ac688bc0d11,双中硝-11-球30×80A,安全特性,分解温度,155°C - 165°C (开始缓慢分解),,,,,,,,multiple_measurements,false,multiple_primary_measurements,,分解温度,,,,100,EVM91_cc171550e3ca1a91db,accepted
PROPM91_0f83a027ebdfa23937,RELM91_031aceea2d88ab5d00,MATM91_aeb8c86ac688bc0d11,双中硝-11-球30×80A,能量特性,爆速,不适用 (设计用于控制燃烧),,,,,,,,qualitative_only,false,no_reliable_numeric_measurement,,,,,,100,EVM91_4f87ee9aeb0193f514,accepted
PROPM91_4823d8bb5bcb6e8c40,RELM91_2061cb07b8f8e85144,MATM91_aeb8c86ac688bc0d11,双中硝-11-球30×80A,能量特性,爆温,~3000 K - 3300 K,3000,,,℃,explicit_or_field_specific,~,,validated_single,true,,primary_value,爆温,~,,,100,EVM91_da2ef92382d84a2426,accepted
PROPM91_d14a323f080481cbb2,RELM91_41b6d2948676ab2db9,MATM91_aeb8c86ac688bc0d11,双中硝-11-球30×80A,能量特性,爆压,取决于弹药设计 (膛压可达 350-450 MPa),,350,450,MPa,explicit_or_field_specific,,,validated_range,true,,primary_value,爆压,,,,100,EVM91_18c506bd4d71687858,accepted
PROPM91_b112c466edf12caa37,RELM91_a918c8a5186b1b4ed2,MATM91_aeb8c86ac688bc0d11,双中硝-11-球30×80A,能量特性,爆容,900 - 1000 L/kg,,900,1000,L/kg,explicit_or_field_specific,,,validated_range,true,,primary_value,爆容,,,,100,EVM91_3f897c5ced419cb653,accepted
PROPM91_b85b05078a58f1caa0,RELM91_2591fe998dea33970b,MATM91_aeb8c86ac688bc0d11,双中硝-11-球30×80A,能量特性,威力,1.1 - 1.2 (TNT当量),,,,,,,,text_only,false,no_reliable_numeric_measurement,,,,,,100,EVM91_f72650fe5bde822466,accepted
PROPM91_485196f4d3c55b3ed9,RELM91_4e93f968c74ee3469d,MATM91_aeb8c86ac688bc0d11,双中硝-11-球30×80A,能量特性,燃烧速度(发射药、推进剂),"球形渐减燃烧,但通过表面钝感处理可实现恒面或递增燃烧",,,,,,,,qualitative_only,false,no_reliable_numeric_measurement,,,,,,100,EVM91_445d4182c512475f15,accepted
PROPM91_a2b92b6564f572689a,RELM91_feb5f89703dd0ff310,MATM91_aeb8c86ac688bc0d11,双中硝-11-球30×80A,能量特性,火药力(发射药),1050 - 1150 kJ/kg,,1050,1150,kJ/kg,explicit_or_field_specific,,,validated_range,true,,primary_value,火药力(发射药),,,,100,EVM91_dd70b4779235adb65d,accepted
PROPM91_7a45528c1aa31f5009,RELM91_8af4b47da8c40b64c5,MATM91_41d18c0dd1a319b223,双中硝-11-球35×80A,理化性质,分子量(单质),混合物,,,,,,,,qualitative_only,false,no_reliable_numeric_measurement,,,,,,101,EVM91_79f19ad5d7f5059d8c,accepted
PROPM91_2970b79cd0629783af,RELM91_89d615d7f2083cd906,MATM91_41d18c0dd1a319b223,双中硝-11-球35×80A,理化性质,密度,真密度: 1.62 g/cm3; 堆积密度: 0.98 g/cm3,,,,,,,,multiple_measurements,false,multiple_primary_measurements,,密度,,,,101,EVM91_3ae0016bb4ff149fc5,accepted
PROPM91_59881dff20e1dfbf2b,RELM91_a33e57987050eac8dd,MATM91_41d18c0dd1a319b223,双中硝-11-球35×80A,理化性质,外观,"黑色球状颗粒 (0.35-0.80mm), 石墨光泽",,0.35,0.80,mm,explicit_or_field_specific,,,validated_range,true,,primary_value,外观,,,,101,EVM91_4c17a30584983ec9a7,accepted
PROPM91_a2d6bb7a643b168030,RELM91_46b509b74408e9b048,MATM91_41d18c0dd1a319b223,双中硝-11-球35×80A,理化性质,溶解性,"不溶于水,部分溶于丙酮、乙酸乙酯",,,,,,,,text_only,false,no_reliable_numeric_measurement,,,,,,101,EVM91_d7d5137ca1f533134f,accepted
PROPM91_ed13864d2a80b1a376,RELM91_5a91fe714daca99bbe,MATM91_41d18c0dd1a319b223,双中硝-11-球35×80A,理化性质,挥发性,≤ 1.0%,1.0,,,%,explicit_or_field_specific,<=,,validated_single,true,,primary_value,挥发性,<=,,,101,EVM91_19e7d05975efbebb3b,accepted
PROPM91_51aaff2e9a63fa35ea,RELM91_8b6dd021667e0bb423,MATM91_41d18c0dd1a319b223,双中硝-11-球35×80A,安全特性,摩擦感度(需对应不同测试条件),≤ 25%,25,,,%,explicit_or_field_specific,<=,,validated_single,true,,explosion_probability,摩擦感度,<=,,,101,EVM91_991b2b847e4e1be3ff,accepted
PROPM91_61cbda0b1b6990a5ae,RELM91_bcf0b764289ffb9d4a,MATM91_41d18c0dd1a319b223,双中硝-11-球35×80A,安全特性,撞击感度(需对应不同测试条件),≤ 40%,40,,,%,explicit_or_field_specific,<=,,validated_single,true,,explosion_probability,,<=,,,101,EVM91_4a08bdeb0e6beee49e,accepted
PROPM91_1ac990f0f475699bb2,RELM91_0a3eaf3eea263ea9f4,MATM91_41d18c0dd1a319b223,双中硝-11-球35×80A,安全特性,冲击感度,中等,,,,,,,中等,qualitative_only,false,no_reliable_numeric_measurement,,,,,,101,EVM91_cd9cb6088bf2b49ac4,accepted
PROPM91_9a962b4faad7d6edff,RELM91_55f8c53e11813506db,MATM91_41d18c0dd1a319b223,双中硝-11-球35×80A,安全特性,火焰感度,极高,,,,,,,极高|高,qualitative_only,false,no_reliable_numeric_measurement,,,,,,101,EVM91_2ae7b022390ca2c079,accepted
PROPM91_40c02b08f5f6e657ca,RELM91_def79a8409a3e5a57e,MATM91_41d18c0dd1a319b223,双中硝-11-球35×80A,安全特性,静电感度(需对应不同测试条件),不敏感 (石墨化处理),,,,,,,敏感|不敏感,qualitative_only,false,no_reliable_numeric_measurement,,,,,,101,EVM91_ed96fdc041eb9cef91,accepted
PROPM91_0a906b0d120a962933,RELM91_3792813ccff2053c50,MATM91_41d18c0dd1a319b223,双中硝-11-球35×80A,安全特性,热感度(5s爆发点),195-210°C,,195,210,℃,explicit_or_field_specific,,,validated_range,true,,primary_value,热感度(5s爆发点),,,5,101,EVM91_fcfebfd29ad561a08e,accepted
PROPM91_84892e9be34c268140,RELM91_b1faf41f86b2fee691,MATM91_41d18c0dd1a319b223,双中硝-11-球35×80A,安全特性,电火花感度,中等,,,,,,,中等,qualitative_only,false,no_reliable_numeric_measurement,,,,,,101,EVM91_c7833f8e6b1293707b,accepted
PROPM91_48eaf8aad5605ea425,RELM91_309712aacfafdfb59c,MATM91_41d18c0dd1a319b223,双中硝-11-球35×80A,安全特性,吸湿性,≤ 0.8%,0.8,,,%,explicit_or_field_specific,<=,,validated_single,true,,primary_value,吸湿性,<=,,,101,EVM91_0c1a81bd1de382109e,accepted
PROPM91_04b5542decf815b26a,RELM91_4040dfe1456a854dc6,MATM91_41d18c0dd1a319b223,双中硝-11-球35×80A,安全特性,熔点,无 (受热分解),,,,,,,无,qualitative_only,false,no_reliable_numeric_measurement,,,,,,101,EVM91_732504da4990a51236,accepted
PROPM91_c0c9c18c4cde4e9f79,RELM91_1463baea9aa6057901,MATM91_41d18c0dd1a319b223,双中硝-11-球35×80A,安全特性,分解温度,170-185°C,,170,185,℃,explicit_or_field_specific,,,validated_range,true,,primary_value,分解温度,,,,101,EVM91_f9f45acc6e0910aebb,accepted
PROPM91_4749f977337ce042e3,RELM91_4577478c9941eb4cbd,MATM91_41d18c0dd1a319b223,双中硝-11-球35×80A,能量特性,爆速,不适用 (设计用于控制燃烧),,,,,,,,qualitative_only,false,no_reliable_numeric_measurement,,,,,,101,EVM91_052e202445da0653f2,accepted
PROPM91_3d6ba08e614f576fd8,RELM91_9b1ce7d98f67fa4448,MATM91_41d18c0dd1a319b223,双中硝-11-球35×80A,能量特性,爆温,3250 ± 100 K,3250,,,℃,explicit_or_field_specific,,,validated_single,true,,primary_value,爆温,,,,101,EVM91_c714072c2dbcfa920c,accepted
PROPM91_cf5e04aeb739f77b8e,RELM91_48ad1ac3f971f762c7,MATM91_41d18c0dd1a319b223,双中硝-11-球35×80A,能量特性,爆压,最高工作膛压约 400 MPa,400,,,MPa,explicit_or_field_specific,~,高,validated_single,true,,primary_value,爆压,~,,,101,EVM91_f76ab863b81006a8d6,accepted
PROPM91_e0a8798309c6621c11,RELM91_b6510b3d2fac5ac21b,MATM91_41d18c0dd1a319b223,双中硝-11-球35×80A,能量特性,爆容,900 - 950 L/kg,,900,950,L/kg,explicit_or_field_specific,,,validated_range,true,,primary_value,爆容,,,,101,EVM91_aa829f53782d2daa1a,accepted
PROPM91_e471a1b2c1a9e6174a,RELM91_854497feb949bc75c9,MATM91_41d18c0dd1a319b223,双中硝-11-球35×80A,能量特性,威力,0.9-1.1 (相对TNT),,,,,,,,text_only,false,no_reliable_numeric_measurement,,,,,,101,EVM91_3f6787b4636b62c77c,accepted
PROPM91_fde177dbdc8a29827b,RELM91_1d4a89042643855fbd,MATM91_41d18c0dd1a319b223,双中硝-11-球35×80A,能量特性,燃烧速度(发射药、推进剂),平稳渐减燃烧 (经钝感调节),,,,,,,,qualitative_only,false,no_reliable_numeric_measurement,,,,,,101,EVM91_69e53fb6f825f2ecb4,accepted
PROPM91_602fc7ee8c8bf0caec,RELM91_cc6299fb774b2d066d,MATM91_41d18c0dd1a319b223,双中硝-11-球35×80A,能量特性,火药力(发射药),1050 ± 30 kJ/kg,30,,,kJ/kg,explicit_or_field_specific,,,validated_single,true,,primary_value,火药力(发射药),,,,101,EVM91_60c8fe731cd819b07f,accepted
PROPM91_f9c59280bb568e4c39,RELM91_b71d5876d1af49bb3f,MATM91_8d09c8c4f2175ead41,双醋-12A-球23×90A,理化性质,分子量(单质),混合物,,,,,,,,qualitative_only,false,no_reliable_numeric_measurement,,,,,,102,EVM91_498ffb379aa7b09b73,accepted
PROPM91_677424a838a1a6906e,RELM91_3a7a03dcfeb81ec96b,MATM91_8d09c8c4f2175ead41,双醋-12A-球23×90A,理化性质,密度,真密度: 1.64 g/cm3; 堆积密度: 1.02 g/cm3,,,,,,,,multiple_measurements,false,multiple_primary_measurements,,密度,,,,102,EVM91_0cdfacf3a350a73957,accepted
PROPM91_45950af291138f0706,RELM91_89686f562d24e04d61,MATM91_8d09c8c4f2175ead41,双醋-12A-球23×90A,理化性质,外观,致密黑色均匀球形 (0.23-0.90mm),,0.23,0.90,mm,explicit_or_field_specific,,,validated_range,true,,primary_value,外观,,,,102,EVM91_686c78e30b93fa114d,accepted
PROPM91_627c64c13bd9992e11,RELM91_c6ddcc74fa2cf0d268,MATM91_8d09c8c4f2175ead41,双醋-12A-球23×90A,理化性质,溶解性,"不溶于水,溶于丙酮及乙酸乙酯",,,,,,,,text_only,false,no_reliable_numeric_measurement,,,,,,102,EVM91_398b087c43a687c870,accepted
PROPM91_25bb9964b6e07c6470,RELM91_4b2723f6665fd059b4,MATM91_8d09c8c4f2175ead41,双醋-12A-球23×90A,理化性质,挥发性,≤ 1.2%,1.2,,,%,explicit_or_field_specific,<=,,validated_single,true,,primary_value,挥发性,<=,,,102,EVM91_a4f695b3a3cfa9083e,accepted
PROPM91_83526933e387416467,RELM91_09d77f6c710f89ca91,MATM91_8d09c8c4f2175ead41,双醋-12A-球23×90A,安全特性,摩擦感度(需对应不同测试条件),≤ 20%,20,,,%,explicit_or_field_specific,<=,,validated_single,true,,explosion_probability,摩擦感度,<=,,,102,EVM91_1f9a385af920b8bde0,accepted
PROPM91_e032616b2583bc148b,RELM91_69e14ec4e4d9cda456,MATM91_8d09c8c4f2175ead41,双醋-12A-球23×90A,安全特性,撞击感度(需对应不同测试条件),≤ 45%,45,,,%,explicit_or_field_specific,<=,,validated_single,true,,explosion_probability,,<=,,,102,EVM91_10b54461d731b933a1,accepted
PROPM91_d8764c7c0c558f4660,RELM91_9d7d7d279a9b1ffa1f,MATM91_8d09c8c4f2175ead41,双醋-12A-球23×90A,安全特性,冲击感度,中等,,,,,,,中等,qualitative_only,false,no_reliable_numeric_measurement,,,,,,102,EVM91_9feac111b1fc497831,accepted
PROPM91_bf02975d8f38719882,RELM91_8a7f216ca2b59b184e,MATM91_8d09c8c4f2175ead41,双醋-12A-球23×90A,安全特性,火焰感度,极高,,,,,,,极高|高,qualitative_only,false,no_reliable_numeric_measurement,,,,,,102,EVM91_2d4d7c2a1c57a09449,accepted
PROPM91_cb804264e52a2d8902,RELM91_122de6663e491f3b59,MATM91_8d09c8c4f2175ead41,双醋-12A-球23×90A,安全特性,静电感度(需对应不同测试条件),不敏感 (石墨化),,,,,,,敏感|不敏感,qualitative_only,false,no_reliable_numeric_measurement,,,,,,102,EVM91_bd31c37b6764d86f5e,accepted
PROPM91_9d1078c5c0bd1df823,RELM91_d1c0e81be04a36ae16,MATM91_8d09c8c4f2175ead41,双醋-12A-球23×90A,安全特性,热感度(5s爆发点),185-200°C,,185,200,℃,explicit_or_field_specific,,,validated_range,true,,primary_value,热感度(5s爆发点),,,5,102,EVM91_da8793a647464f203f,accepted
PROPM91_5d516b81de2b757046,RELM91_08021f155779f19a29,MATM91_8d09c8c4f2175ead41,双醋-12A-球23×90A,安全特性,电火花感度,中等敏感,,,,,,,中等敏感|敏感|中等,qualitative_only,false,no_reliable_numeric_measurement,,,,,,102,EVM91_85e5dec58acf532ed8,accepted
PROPM91_1c8cca97ec514a68ad,RELM91_4ca523e59209703d83,MATM91_8d09c8c4f2175ead41,双醋-12A-球23×90A,安全特性,吸湿性,≤ 0.9%,0.9,,,%,explicit_or_field_specific,<=,,validated_single,true,,primary_value,吸湿性,<=,,,102,EVM91_bb1ca87e7263f1fc22,accepted
PROPM91_6c89eccdd1d3f3d1dc,RELM91_6d32daee75c208632c,MATM91_8d09c8c4f2175ead41,双醋-12A-球23×90A,安全特性,熔点,无 (分解),,,,,,,无,qualitative_only,false,no_reliable_numeric_measurement,,,,,,102,EVM91_73201a509f3466166e,accepted
PROPM91_fbaaaf13c06a6290ad,RELM91_a55284b3ed08ca75d9,MATM91_8d09c8c4f2175ead41,双醋-12A-球23×90A,安全特性,分解温度,165-175°C,,165,175,℃,explicit_or_field_specific,,,validated_range,true,,primary_value,分解温度,,,,102,EVM91_56f5eb80f98af89229,accepted
PROPM91_11fd3fec4469ca4455,RELM91_1a68a17c19bcb89618,MATM91_8d09c8c4f2175ead41,双醋-12A-球23×90A,能量特性,爆温,3100 - 3300 K,,3100,3300,℃,explicit_or_field_specific,,,validated_range,true,,primary_value,爆温,,,,102,EVM91_49c67e505c0a101efe,accepted
PROPM91_4fe884daf33241f7d1,RELM91_877b673a029ff0350a,MATM91_8d09c8c4f2175ead41,双醋-12A-球23×90A,能量特性,爆压,最高设计膛压 350-420 MPa,,350,420,MPa,explicit_or_field_specific,,高,validated_range,true,,primary_value,爆压,,,,102,EVM91_e0f9bff75ba8884007,accepted
PROPM91_12d5a9dc24c8a05306,RELM91_c85a9223de8a765072,MATM91_8d09c8c4f2175ead41,双醋-12A-球23×90A,能量特性,爆容,900 - 1000 L/kg,,900,1000,L/kg,explicit_or_field_specific,,,validated_range,true,,primary_value,爆容,,,,102,EVM91_850a0195a87655a38a,accepted
PROPM91_faf493d22f6971a2cf,RELM91_2dbf85e8919012400f,MATM91_8d09c8c4f2175ead41,双醋-12A-球23×90A,能量特性,威力,1.05-1.2 (相对TNT),,,,,,,,text_only,false,no_reliable_numeric_measurement,,,,,,102,EVM91_d80c2662a021a4fa90,accepted
PROPM91_6bc16c5b514b743182,RELM91_9fd7a4558e568a81df,MATM91_8d09c8c4f2175ead41,双醋-12A-球23×90A,能量特性,燃烧速度(发射药、推进剂),平稳层燃 (钝感处理),,,,,,,,qualitative_only,false,no_reliable_numeric_measurement,,,,,,102,EVM91_4d22d55eebfbfd7042,accepted
PROPM91_16534ee610a00e899d,RELM91_9412337051226801a3,MATM91_8d09c8c4f2175ead41,双醋-12A-球23×90A,能量特性,火药力(发射药),1080 ± 40 kJ/kg,40,,,kJ/kg,explicit_or_field_specific,,,validated_single,true,,primary_value,火药力(发射药),,,,102,EVM91_62902d21f3567cbb0c,accepted
PROPM91_4bccd59e54e7527b8d,RELM91_04877351c3f823ef38,MATM91_478cbd0a80fc259e5d,双醋-14B,理化性质,分子量(单质),混合物,,,,,,,,qualitative_only,false,no_reliable_numeric_measurement,,,,,,103,EVM91_a895f886a3cf5e3f2a,accepted
PROPM91_84ee7b4c82f2781111,RELM91_e20a2352d0c2609129,MATM91_478cbd0a80fc259e5d,双醋-14B,理化性质,密度,真密度: 1.62 - 1.65 g/cm3; 堆积密度视具体几何形状而定 (通常 >0.95 g/cm3),,,,,,,,multiple_measurements,false,multiple_primary_measurements,,密度,,,,103,EVM91_4e4f4c37be07e378b3,accepted
PROPM91_322bd33277c048fb44,RELM91_f0f59aa34e5361d234,MATM91_478cbd0a80fc259e5d,双醋-14B,理化性质,外观,"褐色至深灰色颗粒/管状/片状 (取决于具体挤压成型工艺),表面通常有石墨光泽",,,,,,,,text_only,false,no_reliable_numeric_measurement,,,,,,103,EVM91_8bc72cb872b665e594,accepted
PROPM91_41f7fcf80947212df2,RELM91_a0ad2f27cd69eeda50,MATM91_478cbd0a80fc259e5d,双醋-14B,理化性质,溶解性,"不溶于水,溶于丙酮及乙酸乙酯",,,,,,,,text_only,false,no_reliable_numeric_measurement,,,,,,103,EVM91_66017f1cdc9dcbbf91,accepted
PROPM91_25324780294044a861,RELM91_b9d10931301cfc3a3c,MATM91_478cbd0a80fc259e5d,双醋-14B,理化性质,挥发性,"≤ 1.5% (因含较高NG,需注意挥发和渗出)",1.5,,,%,explicit_or_field_specific,<=,高,validated_single,true,,primary_value,挥发性,<=,,,103,EVM91_ad5e5340094ab2d657,accepted
PROPM91_ef337b9931cb920349,RELM91_2c2258ae4f37180483,MATM91_478cbd0a80fc259e5d,双醋-14B,安全特性,摩擦感度(需对应不同测试条件),中等偏低 (≤ 30%),30,,,%,explicit_or_field_specific,<=,中等|低,validated_single,true,,explosion_probability,摩擦感度,<=,,,103,EVM91_350af72859037f3577,accepted
PROPM91_ce72c6079039119a85,RELM91_20aae310305c4664bb,MATM91_478cbd0a80fc259e5d,双醋-14B,安全特性,撞击感度(需对应不同测试条件),"较高 (受较高比例硝化甘油影响,通常在 40%-60% 之间)",,,,,,,高,multiple_measurements,false,multiple_primary_measurements,,,,,,103,EVM91_4be7ab017f871c29c6,accepted
PROPM91_b5b72e5c12cec648fa,RELM91_32a25d4cca3c07e97c,MATM91_478cbd0a80fc259e5d,双醋-14B,安全特性,冲击感度,中等 (受限空间内有转爆轰风险),,,,,,,中等,qualitative_only,false,no_reliable_numeric_measurement,,,,,,103,EVM91_46581d17fa0cac7039,accepted
PROPM91_f7128433eebba4d8b5,RELM91_91efb6d44fdb1a5084,MATM91_478cbd0a80fc259e5d,双醋-14B,安全特性,火焰感度,极高 (极易引燃),,,,,,,极高|高,qualitative_only,false,no_reliable_numeric_measurement,,,,,,103,EVM91_f89dd87477930f1e36,accepted
PROPM91_c1ffa058aff5ff92e5,RELM91_760d514c4a06272283,MATM91_478cbd0a80fc259e5d,双醋-14B,安全特性,静电感度(需对应不同测试条件),较低 (通常经过表面防静电处理),,,,,,,较低|低,qualitative_only,false,no_reliable_numeric_measurement,,,,,,103,EVM91_d286ed002ec6f7670b,accepted
PROPM91_f3a04b9b405f0e3240,RELM91_f9135e193a9c67315f,MATM91_478cbd0a80fc259e5d,双醋-14B,安全特性,热感度(5s爆发点),175°C - 190°C (低于单基药),,,,,,,低,multiple_measurements,false,multiple_primary_measurements,,热感度(5s爆发点),,,5,103,EVM91_765805bea7aab977b7,accepted
PROPM91_72c073a3af59ffde8f,RELM91_03050b8e73157a839e,MATM91_478cbd0a80fc259e5d,双醋-14B,安全特性,电火花感度,中等敏感,,,,,,,中等敏感|敏感|中等,qualitative_only,false,no_reliable_numeric_measurement,,,,,,103,EVM91_7c0f028b429d564642,accepted
PROPM91_028f4b95ba55fa7b6c,RELM91_9a442d8422ac134b9f,MATM91_478cbd0a80fc259e5d,双醋-14B,安全特性,吸湿性,低 (≤ 0.8%),0.8,,,%,explicit_or_field_specific,<=,低,validated_single,true,,primary_value,吸湿性,<=,,,103,EVM91_c37fd068532934e314,accepted
PROPM91_22794025bc4171042b,RELM91_692a8f5b00dac712e2,MATM91_478cbd0a80fc259e5d,双醋-14B,安全特性,熔点,无 (受热分解),,,,,,,无,qualitative_only,false,no_reliable_numeric_measurement,,,,,,103,EVM91_f9de92df618bdbd028,accepted
PROPM91_c711594f3867c8d933,RELM91_179d53c611903fadca,MATM91_478cbd0a80fc259e5d,双醋-14B,安全特性,分解温度,160°C - 170°C,,,,,,,,multiple_measurements,false,multiple_primary_measurements,,分解温度,,,,103,EVM91_46e8a1ea5d28f2cc1e,accepted
PROPM91_764e36ed5ed2c97244,RELM91_78c5bd9eb01d8ff073,MATM91_478cbd0a80fc259e5d,双醋-14B,能量特性,爆速,不适用 (设计用于可控燃烧),,,,,,,,qualitative_only,false,no_reliable_numeric_measurement,,,,,,103,EVM91_1d0f47fc7ee06a1675,accepted
PROPM91_cc4cac5d170142459c,RELM91_3444e65c0d18b29f43,MATM91_478cbd0a80fc259e5d,双醋-14B,能量特性,爆温,2900 - 3200 K (通过调节剂控制在适中水平以减少身管烧蚀),,2900,3200,℃,explicit_or_field_specific,,,validated_range,true,,primary_value,爆温,,,,103,EVM91_a07059c79829b5adf6,accepted
PROPM91_c52dd92ea4c36b67bd,RELM91_84a9c2e7bd1cd2c015,MATM91_478cbd0a80fc259e5d,双醋-14B,能量特性,爆压,最高工作膛压视弹药系统而定 (通常 300-450 MPa),,300,450,MPa,explicit_or_field_specific,,高,validated_range,true,,primary_value,爆压,,,,103,EVM91_651a19015303e46665,accepted
PROPM91_61aeef55312d811afa,RELM91_c0054943c72bd96a03,MATM91_478cbd0a80fc259e5d,双醋-14B,能量特性,爆容,850 - 950 L/kg,,850,950,L/kg,explicit_or_field_specific,,,validated_range,true,,primary_value,爆容,,,,103,EVM91_08cdb4568a50b19b7b,accepted
PROPM91_e2001b3479cdfa3dce,RELM91_85998d5441311f7619,MATM91_478cbd0a80fc259e5d,双醋-14B,能量特性,威力,1.1 - 1.25 (TNT当量),,,,,,,,text_only,false,no_reliable_numeric_measurement,,,,,,103,EVM91_80156c951bec27a3ba,accepted
PROPM91_d2d6845776de748656,RELM91_76b3ac994d4e454c57,MATM91_478cbd0a80fc259e5d,双醋-14B,能量特性,燃烧速度(发射药、推进剂),"平稳层燃,受压力指数影响较大",,,,,,,,qualitative_only,false,no_reliable_numeric_measurement,,,,,,103,EVM91_b2cab94babf2381fd9,accepted
PROPM91_c3115063ec33a11f09,RELM91_45965ccf9ed37ef01f,MATM91_478cbd0a80fc259e5d,双醋-14B,能量特性,火药力(发射药),1000 - 1100 kJ/kg,,1000,1100,kJ/kg,explicit_or_field_specific,,,validated_range,true,,primary_value,火药力(发射药),,,,103,EVM91_e48882498258007a60,accepted
PROPM91_2f6d3d74bab96e490e,RELM91_9a0c17bdf314138fd1,MATM91_55d006a1e29d5633fa,双醋-14-球23A,理化性质,分子量(单质),混合物,,,,,,,,qualitative_only,false,no_reliable_numeric_measurement,,,,,,104,EVM91_f246ca3f2d64b9d420,accepted
PROPM91_0f14a582324e26ce10,RELM91_0d2ff26b5ac42f63b9,MATM91_55d006a1e29d5633fa,双醋-14-球23A,理化性质,密度,真密度: 1.62 - 1.65 g/cm3; 堆积密度: 约 0.95 - 1.05 g/cm3,,,,,,,,multiple_measurements,false,multiple_primary_measurements,,密度,,,,104,EVM91_7e2be2aa926308ec50,accepted
PROPM91_3ff1f6420261ce957a,RELM91_47a55292a6c15215e7,MATM91_55d006a1e29d5633fa,双醋-14-球23A,理化性质,外观,"黑色细小均一的球形颗粒,具有石墨金属光泽。主粒径约为 0.23 mm 左右",0.23,,,mm,explicit_or_field_specific,,,validated_single,true,,primary_value,外观,,,,104,EVM91_dc1b90f4d890452c2a,accepted
PROPM91_6062205cf24ef3bdca,RELM91_19888af626b0fdb89c,MATM91_55d006a1e29d5633fa,双醋-14-球23A,理化性质,溶解性,"不溶于水,主体溶于丙酮、乙酸乙酯",,,,,,,,text_only,false,no_reliable_numeric_measurement,,,,,,104,EVM91_d03a9c2a66c6f4b078,accepted
PROPM91_ba382fdd65efff8df4,RELM91_00980e6592d9b72574,MATM91_55d006a1e29d5633fa,双醋-14-球23A,理化性质,挥发性,≤ 1.2%,1.2,,,%,explicit_or_field_specific,<=,,validated_single,true,,primary_value,挥发性,<=,,,104,EVM91_f279244fa3cef5d1f1,accepted
PROPM91_af9dccae515904be49,RELM91_b6824c23fcfba71547,MATM91_55d006a1e29d5633fa,双醋-14-球23A,安全特性,摩擦感度(需对应不同测试条件),"较低 (≤ 25%,球形形态及石墨层降低摩擦)",25,,,%,explicit_or_field_specific,<=,较低|低,validated_single,true,,explosion_probability,摩擦感度,<=,,,104,EVM91_70af8c381b091b4f05,accepted
PROPM91_d553c9234dceaed108,RELM91_1fb1944aa30eec46e3,MATM91_55d006a1e29d5633fa,双醋-14-球23A,安全特性,撞击感度(需对应不同测试条件),"中等偏高 (受较高NG含量影响,较普通单基药敏感)",,,,,,,敏感|中等|高,qualitative_only,false,no_reliable_numeric_measurement,,,,,,104,EVM91_19202b0464f1276b7b,accepted
PROPM91_46948ed3ba04168f4e,RELM91_1f4cc89b3fb85612f5,MATM91_55d006a1e29d5633fa,双醋-14-球23A,安全特性,冲击感度,中等 (在强约束空间下有燃转爆可能),,,,,,,强|中等,qualitative_only,false,no_reliable_numeric_measurement,,,,,,104,EVM91_ce51b3df608b58a2f0,accepted
PROPM91_d5017d79580a83fe54,RELM91_7fbba9284aeb82b607,MATM91_55d006a1e29d5633fa,双醋-14-球23A,安全特性,火焰感度,"极高 (极易引燃,点火极其迅速)",,,,,,,极高|高,qualitative_only,false,no_reliable_numeric_measurement,,,,,,104,EVM91_83f02ed18ef71ac4e2,accepted
PROPM91_f4c7cd9b497cfa1e41,RELM91_790036325acab5b919,MATM91_55d006a1e29d5633fa,双醋-14-球23A,安全特性,静电感度(需对应不同测试条件),不敏感 (表面经过石墨导电处理),,,,,,,敏感|不敏感,qualitative_only,false,no_reliable_numeric_measurement,,,,,,104,EVM91_f15ac8f6a51b949594,accepted
PROPM91_f0ef6e0b2c47cb47f3,RELM91_d89e9585e94b435446,MATM91_55d006a1e29d5633fa,双醋-14-球23A,安全特性,热感度(5s爆发点),180°C - 195°C,,,,,,,,multiple_measurements,false,multiple_primary_measurements,,热感度(5s爆发点),,,5,104,EVM91_db1f7cc89a4d5915e8,accepted
PROPM91_87b0e2ffe8832e9b35,RELM91_0515e3a1a58224037d,MATM91_55d006a1e29d5633fa,双醋-14-球23A,安全特性,电火花感度,中等敏感,,,,,,,中等敏感|敏感|中等,qualitative_only,false,no_reliable_numeric_measurement,,,,,,104,EVM91_9c28121eb90e22745b,accepted
PROPM91_cf0a5e7d5cc7f507b0,RELM91_7ac22ebb7c790152b0,MATM91_55d006a1e29d5633fa,双醋-14-球23A,安全特性,吸湿性,低 (≤ 0.8%),0.8,,,%,explicit_or_field_specific,<=,低,validated_single,true,,primary_value,吸湿性,<=,,,104,EVM91_705d5b60bf91e878b8,accepted
PROPM91_3cd97b5b38a077e410,RELM91_c1d4ee2b359a0d9808,MATM91_55d006a1e29d5633fa,双醋-14-球23A,安全特性,熔点,无 (受热分解),,,,,,,无,qualitative_only,false,no_reliable_numeric_measurement,,,,,,104,EVM91_6699728e5a5e1d1c49,accepted
PROPM91_c27b34f3bd67628bcd,RELM91_03af95df12c6126174,MATM91_55d006a1e29d5633fa,双醋-14-球23A,安全特性,分解温度,160°C - 175°C,,,,,,,,multiple_measurements,false,multiple_primary_measurements,,分解温度,,,,104,EVM91_6a5946d6a0fa9ebe5e,accepted
PROPM91_50208516608c2e726e,RELM91_200f87cedaf965eeb9,MATM91_55d006a1e29d5633fa,双醋-14-球23A,能量特性,爆速,不适用 (设计为受控燃烧),,,,,,,,qualitative_only,false,no_reliable_numeric_measurement,,,,,,104,EVM91_6eb25394d2442fb6b2,accepted
PROPM91_206e0a848aca8565eb,RELM91_ce92a66312d1dab9ee,MATM91_55d006a1e29d5633fa,双醋-14-球23A,能量特性,爆温,3100 - 3300 K,,3100,3300,℃,explicit_or_field_specific,,,validated_range,true,,primary_value,爆温,,,,104,EVM91_156276dbf607f0436a,accepted
PROPM91_0556049160af4f5f8b,RELM91_c8c059581b6225f8ba,MATM91_55d006a1e29d5633fa,双醋-14-球23A,能量特性,爆压,最高工作膛压视弹药系统而定 (通常 > 350 MPa),350,,,MPa,explicit_or_field_specific,>,高,validated_single,true,,primary_value,爆压,>,,,104,EVM91_2567a9ec48f3614515,accepted
PROPM91_8a387289c8ac2b303c,RELM91_b4b5828ea03946defe,MATM91_55d006a1e29d5633fa,双醋-14-球23A,能量特性,爆容,900 - 1000 L/kg,,900,1000,L/kg,explicit_or_field_specific,,,validated_range,true,,primary_value,爆容,,,,104,EVM91_4139d1e58fb96262e6,accepted
PROPM91_e6244a23e85801c884,RELM91_fe870d5691b2e66e95,MATM91_55d006a1e29d5633fa,双醋-14-球23A,能量特性,威力,1.1 - 1.25 (TNT当量),,,,,,,,text_only,false,no_reliable_numeric_measurement,,,,,,104,EVM91_cfb5aee1fdb07dd559,accepted
PROPM91_8cb9460635bf2ed735,RELM91_e051e7003a548b15ea,MATM91_55d006a1e29d5633fa,双醋-14-球23A,能量特性,燃烧速度(发射药、推进剂),"由于粒径极细,具有极高的初始燃烧表面积,燃速极快(速燃型)",,,,,,,极高|高,qualitative_only,false,no_reliable_numeric_measurement,,,,,,104,EVM91_565e02ec657bab2a2e,accepted
PROPM91_f797dccf6648aa333a,RELM91_9c127c0bbe3af2c0ac,MATM91_55d006a1e29d5633fa,双醋-14-球23A,能量特性,火药力(发射药),1050 - 1130 kJ/kg,,1050,1130,kJ/kg,explicit_or_field_specific,,,validated_range,true,,primary_value,火药力(发射药),,,,104,EVM91_99d4dbd2503f375416,accepted
PROPM91_cb416a1b82da0f18f5,RELM91_7a50027a9faa361f11,MATM91_52c844e4918c5141da,双醋-16B,理化性质,分子量(单质),混合物,,,,,,,,qualitative_only,false,no_reliable_numeric_measurement,,,,,,105,EVM91_74e47d1e9af3b569c6,accepted
PROPM91_32fe9275835409812f,RELM91_13a6871e1634ad73bb,MATM91_52c844e4918c5141da,双醋-16B,理化性质,密度,真密度: 1.63 - 1.67 g/cm3; 堆积密度视形状而定 (约 0.95 - 1.10 g/cm3),,,,,,,,multiple_measurements,false,multiple_primary_measurements,,密度,,,,105,EVM91_9fb9b523ea5ff76057,accepted
PROPM91_e644f5572d8db6ac53,RELM91_64062dda503baf7ab1,MATM91_52c844e4918c5141da,双醋-16B,理化性质,外观,"黑色或深灰色致密颗粒,具有明显的石墨金属光泽",,,,,,,,text_only,false,no_reliable_numeric_measurement,,,,,,105,EVM91_00c4405ea054ebbe74,accepted
PROPM91_f0e23d76da4b6c7fd1,RELM91_dad8453129c42043f9,MATM91_52c844e4918c5141da,双醋-16B,理化性质,溶解性,"不溶于水,易溶于丙酮、乙酸乙酯",,,,,,,,text_only,false,no_reliable_numeric_measurement,,,,,,105,EVM91_f5cec230e1b7c2b7da,accepted
PROPM91_7b1448b37457320e62,RELM91_506af6a107162b76e2,MATM91_52c844e4918c5141da,双醋-16B,理化性质,挥发性,≤ 1.8% (高NG含量需注意挥发),1.8,,,%,explicit_or_field_specific,<=,高,validated_single,true,,primary_value,挥发性,<=,,,105,EVM91_3cc0552b429ce5cd63,accepted
PROPM91_237046ff009dceb7e3,RELM91_79261821b225c78e7d,MATM91_52c844e4918c5141da,双醋-16B,安全特性,摩擦感度(需对应不同测试条件),中等 (≤ 35%),35,,,%,explicit_or_field_specific,<=,中等,validated_single,true,,explosion_probability,摩擦感度,<=,,,105,EVM91_11b0bc4102454627e9,accepted
PROPM91_abb2dc47d8e7abb848,RELM91_e6914f3cd219b000cf,MATM91_52c844e4918c5141da,双醋-16B,安全特性,撞击感度(需对应不同测试条件),"较高 (受高NG含量影响,通常在 50%-75% 之间)",,,,,,,高,multiple_measurements,false,multiple_primary_measurements,,,,,,105,EVM91_b5c752cdd5bc040265,accepted
PROPM91_e208fc892b634ea6ea,RELM91_4f52f2f2b9d87ca9bd,MATM91_52c844e4918c5141da,双醋-16B,安全特性,冲击感度,中等 (受限空间高压下较易转爆轰),,,,,,,中等|高,qualitative_only,false,no_reliable_numeric_measurement,,,,,,105,EVM91_24e2355b2863426b9b,accepted
PROPM91_add7b2ddb4f87a652a,RELM91_e332762de3af8b9fa5,MATM91_52c844e4918c5141da,双醋-16B,安全特性,火焰感度,"极高 (点火速度极快,燃烧猛烈)",,,,,,,极高|高,qualitative_only,false,no_reliable_numeric_measurement,,,,,,105,EVM91_f2c2cc9abe203ef580,accepted
PROPM91_36949f928fc53778a7,RELM91_b543150aa70ac9f2c6,MATM91_52c844e4918c5141da,双醋-16B,安全特性,静电感度(需对应不同测试条件),较低 (表面石墨导电处理),,,,,,,较低|低,qualitative_only,false,no_reliable_numeric_measurement,,,,,,105,EVM91_961804021411fd5688,accepted
PROPM91_635ca50d3c51dbc81f,RELM91_8e096013c9f0088357,MATM91_52c844e4918c5141da,双醋-16B,安全特性,热感度(5s爆发点),170°C - 185°C (显著低于单基药),,,,,,,低,multiple_measurements,false,multiple_primary_measurements,,热感度(5s爆发点),,,5,105,EVM91_ff20bfef7f73e651a5,accepted
PROPM91_7263472af0c7718332,RELM91_f5f3bc4e29567360bc,MATM91_52c844e4918c5141da,双醋-16B,安全特性,电火花感度,中等敏感,,,,,,,中等敏感|敏感|中等,qualitative_only,false,no_reliable_numeric_measurement,,,,,,105,EVM91_d57f188d378914e7c8,accepted
PROPM91_a8761e72396485bb28,RELM91_636e1356c171e0a722,MATM91_52c844e4918c5141da,双醋-16B,安全特性,吸湿性,"低 (≤ 0.7%,NG具有优异的疏水性)",0.7,,,%,explicit_or_field_specific,<=,低,validated_single,true,,primary_value,吸湿性,<=,,,105,EVM91_95bb92ba645379832c,accepted
PROPM91_c5c621df4ccb72a349,RELM91_fcc3d282a9c0fa2b79,MATM91_52c844e4918c5141da,双醋-16B,安全特性,熔点,无 (受热分解),,,,,,,无,qualitative_only,false,no_reliable_numeric_measurement,,,,,,105,EVM91_59267782ecea257d0f,accepted
PROPM91_fe4eae719a9933ccc1,RELM91_beac49d4359f1970fc,MATM91_52c844e4918c5141da,双醋-16B,安全特性,分解温度,155°C - 165°C,,,,,,,,multiple_measurements,false,multiple_primary_measurements,,分解温度,,,,105,EVM91_33285bdf7bc4acb4d9,accepted
PROPM91_172d068152d32f399b,RELM91_443dbed9892829f3dd,MATM91_52c844e4918c5141da,双醋-16B,能量特性,爆速,不适用 (设计用于控制燃烧速度; 爆轰时约 6800-7200 m/s),,6800,7200,m/s,explicit_or_field_specific,~,,validated_range,true,,primary_value,爆速,~,,,105,EVM91_eaee190956efe11ecb,accepted
PROPM91_66ee9a8ba32d47462a,RELM91_2993b5635dfa3f72b9,MATM91_52c844e4918c5141da,双醋-16B,能量特性,爆温,3200 - 3500 K (属于高爆温发射药),,3200,3500,℃,explicit_or_field_specific,,高,validated_range,true,,primary_value,爆温,,,,105,EVM91_3d018105250ec57bda,accepted
PROPM91_5b58ab4912287448b7,RELM91_797060d44872b4d4c5,MATM91_52c844e4918c5141da,双醋-16B,能量特性,爆压,最高工作膛压视系统而定 (通常 > 400 MPa),400,,,MPa,explicit_or_field_specific,>,高,validated_single,true,,primary_value,爆压,>,,,105,EVM91_3c5cffa3a8ba91e50f,accepted
PROPM91_948f786e8f95347631,RELM91_6a85015a1f6f35ade9,MATM91_52c844e4918c5141da,双醋-16B,能量特性,爆容,900 - 1050 L/kg,,900,1050,L/kg,explicit_or_field_specific,,,validated_range,true,,primary_value,爆容,,,,105,EVM91_dbc5f7a67ab68e39bc,accepted
PROPM91_bdc226e952a8f09555,RELM91_7f2338006f21682de2,MATM91_52c844e4918c5141da,双醋-16B,能量特性,威力,1.15 - 1.30 (TNT当量),,,,,,,,text_only,false,no_reliable_numeric_measurement,,,,,,105,EVM91_ac446c6c4ff1d072b6,accepted
PROPM91_4882a62dfc16b85d38,RELM91_695d86770c5add7b39,MATM91_52c844e4918c5141da,双醋-16B,能量特性,燃烧速度(发射药、推进剂),"燃速较高,压力指数较高,能量释放快",,,,,,,高,qualitative_only,false,no_reliable_numeric_measurement,,,,,,105,EVM91_75128671eea00c6cbc,accepted
PROPM91_5dcbc10e526c2414c3,RELM91_30a9c523e8fe9d9c71,MATM91_52c844e4918c5141da,双醋-16B,能量特性,火药力(发射药),1120 - 1180 kJ/kg,,1120,1180,kJ/kg,explicit_or_field_specific,,,validated_range,true,,primary_value,火药力(发射药),,,,105,EVM91_529291793190b60473,accepted
PROPM91_63ccc2fa1e1622afbb,RELM91_02a15c571b32300215,MATM91_0f9b10d657b6e0f5aa,双醋-16-球40A,理化性质,分子量(单质),混合物,,,,,,,,qualitative_only,false,no_reliable_numeric_measurement,,,,,,106,EVM91_a5ae7a7e8516f85453,accepted
PROPM91_036f52511b41a22234,RELM91_7caa2de036ef1f63dd,MATM91_0f9b10d657b6e0f5aa,双醋-16-球40A,理化性质,密度,真密度: 1.62 - 1.67 g/cm3; 堆积密度: 0.98 - 1.10 g/cm3,,,,,,,,multiple_measurements,false,multiple_primary_measurements,,密度,,,,106,EVM91_1f542445d8994225d8,accepted
PROPM91_9f384b034742cc6e8d,RELM91_f2860e1f4976f77e82,MATM91_0f9b10d657b6e0f5aa,双醋-16-球40A,理化性质,外观,"黑色或深灰色致密球形颗粒,具有石墨光泽,粒径分布通常在 0.40mm 左右",0.40,,,mm,explicit_or_field_specific,,,validated_single,true,,primary_value,外观,,,,106,EVM91_0494c7441869a8441c,accepted
PROPM91_1d8896e5ea717670f6,RELM91_a6896f1feea97cbd2b,MATM91_0f9b10d657b6e0f5aa,双醋-16-球40A,理化性质,溶解性,"不溶于水,易溶于丙酮、乙酸乙酯",,,,,,,,text_only,false,no_reliable_numeric_measurement,,,,,,106,EVM91_2d380d4c80131f30f9,accepted
PROPM91_8af407a1d0aedcb6dd,RELM91_2e3dc98875ed2d7761,MATM91_0f9b10d657b6e0f5aa,双醋-16-球40A,理化性质,挥发性,≤ 1.5% (受高NG含量影响需严密监控),1.5,,,%,explicit_or_field_specific,<=,高,validated_single,true,,primary_value,挥发性,<=,,,106,EVM91_58a932e0489462f7cc,accepted
PROPM91_7968696820562f6b3f,RELM91_bd9f9d1b9a8956265a,MATM91_0f9b10d657b6e0f5aa,双醋-16-球40A,安全特性,摩擦感度(需对应不同测试条件),"较低 (≤ 30%,受球形结构和石墨润滑层保护)",30,,,%,explicit_or_field_specific,<=,较低|低,validated_single,true,,explosion_probability,摩擦感度,<=,,,106,EVM91_b7f355d1cad24acc90,accepted
PROPM91_fc9358e156718ceb2c,RELM91_e8fe41bff35b97dbe9,MATM91_0f9b10d657b6e0f5aa,双醋-16-球40A,安全特性,撞击感度(需对应不同测试条件),"较高 (50%-70%,由于NG含量高,较单基药和低能双基药更敏感)",,,,,,,敏感|低|高,multiple_measurements,false,multiple_primary_measurements,,,,,,106,EVM91_ce427dba30c240eb1f,accepted
PROPM91_276feca051eb3d336b,RELM91_5843b4a755a674fee2,MATM91_0f9b10d657b6e0f5aa,双醋-16-球40A,安全特性,冲击感度,中等 (受限空间高压下可能发生由燃转爆),,,,,,,中等|高,qualitative_only,false,no_reliable_numeric_measurement,,,,,,106,EVM91_9e7ca083ef84886f69,accepted
PROPM91_f33bf2281eb93d18b3,RELM91_7c011f154e24d921d0,MATM91_0f9b10d657b6e0f5aa,双醋-16-球40A,安全特性,火焰感度,"极高 (极易引燃,点火响应极其迅速)",,,,,,,极高|高,qualitative_only,false,no_reliable_numeric_measurement,,,,,,106,EVM91_b7e4e4285a340b6f68,accepted
PROPM91_06935044654ce9064c,RELM91_56359bf9e3e675e13e,MATM91_0f9b10d657b6e0f5aa,双醋-16-球40A,安全特性,静电感度(需对应不同测试条件),较低 (石墨导电层能有效疏导静电),,,,,,,较低|低,qualitative_only,false,no_reliable_numeric_measurement,,,,,,106,EVM91_87ac9326dc47d04ead,accepted
PROPM91_ed067022dac1fe41eb,RELM91_35592b7a016b70ba83,MATM91_0f9b10d657b6e0f5aa,双醋-16-球40A,安全特性,热感度(5s爆发点),170°C - 185°C,,,,,,,,multiple_measurements,false,multiple_primary_measurements,,热感度(5s爆发点),,,5,106,EVM91_da6152edc3c3787f47,accepted
PROPM91_916ef55c99de8b4a96,RELM91_056a13174f760d7b9d,MATM91_0f9b10d657b6e0f5aa,双醋-16-球40A,安全特性,电火花感度,中等敏感,,,,,,,中等敏感|敏感|中等,qualitative_only,false,no_reliable_numeric_measurement,,,,,,106,EVM91_c104184a68a2cab9bd,accepted
PROPM91_c7b0489c95577eee82,RELM91_3490f5cec0dd9baa4b,MATM91_0f9b10d657b6e0f5aa,双醋-16-球40A,安全特性,吸湿性,"低 (≤ 0.7%,NG具有良好的疏水性)",0.7,,,%,explicit_or_field_specific,<=,低,validated_single,true,,primary_value,吸湿性,<=,,,106,EVM91_efec0e32dee653efeb,accepted
PROPM91_990b7f6848c78cf75e,RELM91_a98080258f881d22f2,MATM91_0f9b10d657b6e0f5aa,双醋-16-球40A,安全特性,熔点,无 (受热分解),,,,,,,无,qualitative_only,false,no_reliable_numeric_measurement,,,,,,106,EVM91_e58b2c8af001995efa,accepted
PROPM91_b203b944c1e4010e1d,RELM91_aa4eb73f0fc57cd2da,MATM91_0f9b10d657b6e0f5aa,双醋-16-球40A,安全特性,分解温度,155°C - 165°C,,,,,,,,multiple_measurements,false,multiple_primary_measurements,,分解温度,,,,106,EVM91_8d3126cec72afc707a,accepted
PROPM91_705a4ee19e03f8feca,RELM91_442f7fbb9a5ffa1825,MATM91_0f9b10d657b6e0f5aa,双醋-16-球40A,能量特性,爆速,不适用 (设计用于受控燃烧; 转爆轰时约 6800-7200 m/s),,6800,7200,m/s,explicit_or_field_specific,~,,validated_range,true,,primary_value,爆速,~,,,106,EVM91_bce133ac95bf1f4451,accepted
PROPM91_b6f50ea09a658ef932,RELM91_19ae0a73bcad2722f5,MATM91_0f9b10d657b6e0f5aa,双醋-16-球40A,能量特性,爆温,3300 - 3500 K (属于高能高爆温发射药),,3300,3500,℃,explicit_or_field_specific,,高,validated_range,true,,primary_value,爆温,,,,106,EVM91_0cd5c348b544181897,accepted
PROPM91_9c1150202d87c637eb,RELM91_35766ec41b4f61fb36,MATM91_0f9b10d657b6e0f5aa,双醋-16-球40A,能量特性,爆压,最高设计工作膛压通常 > 400 MPa,400,,,MPa,explicit_or_field_specific,>,高,validated_single,true,,primary_value,爆压,>,,,106,EVM91_d90e299dbe61d45ff5,accepted
PROPM91_a852ab86c18215c887,RELM91_6f9f2ca6121165dc18,MATM91_0f9b10d657b6e0f5aa,双醋-16-球40A,能量特性,爆容,900 - 1050 L/kg,,900,1050,L/kg,explicit_or_field_specific,,,validated_range,true,,primary_value,爆容,,,,106,EVM91_0e7d78f14cdbce0508,accepted
PROPM91_ca8f9f361a4f8508a3,RELM91_bacfa398bc2fa2f585,MATM91_0f9b10d657b6e0f5aa,双醋-16-球40A,能量特性,威力,1.2 - 1.35 (相对于TNT),,,,,,,,text_only,false,no_reliable_numeric_measurement,,,,,,106,EVM91_187d52d59598f3c99e,accepted
PROPM91_8805ad231cecc0f28d,RELM91_3bbdfcb82e66acee99,MATM91_0f9b10d657b6e0f5aa,双醋-16-球40A,能量特性,燃烧速度(发射药、推进剂),"典型的球形渐减燃烧,但通过深层钝感工艺可调节至恒面燃烧或微递增燃烧",,,,,,,,qualitative_only,false,no_reliable_numeric_measurement,,,,,,106,EVM91_820094ef812a8784e3,accepted
PROPM91_fbf4e8f407516de92d,RELM91_9cf0b282774e8262c5,MATM91_0f9b10d657b6e0f5aa,双醋-16-球40A,能量特性,火药力(发射药),1120 - 1190 kJ/kg,,1120,1190,kJ/kg,explicit_or_field_specific,,,validated_range,true,,primary_value,火药力(发射药),,,,106,EVM91_d6eb1f65cbf5ca18b6,accepted
PROPM91_a1155dcafac12eed16,RELM91_d8469f5d5e814a0402,MATM91_06de250e282228f6c3,三胍-11B,理化性质,分子量(单质),NQ: 104.07; 其他为混合物,,,,,,,,qualitative_only,false,no_reliable_numeric_measurement,,,,,,107,EVM91_9fcb6e6ad63aa6db28,accepted
PROPM91_e81666defd6ea5a9e2,RELM91_088d09a7ec4f5bd09c,MATM91_06de250e282228f6c3,三胍-11B,理化性质,密度,真密度: 1.63 - 1.68 g/cm3; 堆积密度: 0.90 - 1.05 g/cm3,,,,,,,,multiple_measurements,false,multiple_primary_measurements,,密度,,,,107,EVM91_ec12055a748414f002,accepted
PROPM91_043d1be8379fabe4c6,RELM91_0a2eed000bd439d72f,MATM91_06de250e282228f6c3,三胍-11B,理化性质,外观,"灰色或灰白色颗粒/柱状/管状颗粒,通常不含石墨光泽 (除非表面处理),质地较脆",,,,,,,,text_only,false,no_reliable_numeric_measurement,,,,,,107,EVM91_d3b3f0a282b3cf65f5,accepted
PROPM91_4a038f7777afae21e5,RELM91_28e21cfd1f4b5e959d,MATM91_06de250e282228f6c3,三胍-11B,理化性质,溶解性,"部分溶于丙酮、乙酸乙酯 (NC/NG部分溶,NQ难溶于一般有机溶剂)",,,,,,,,text_only,false,no_reliable_numeric_measurement,,,,,,107,EVM91_858cf6accd208e8de9,accepted
PROPM91_e14a6923fcdcaf0ad6,RELM91_d6f7a3200f84961480,MATM91_06de250e282228f6c3,三胍-11B,理化性质,挥发性,低,,,,,,,低,text_only,false,no_reliable_numeric_measurement,,,,,,107,EVM91_f549de6c967c8f46af,accepted
PROPM91_ace3811c2cd6da1b9d,RELM91_4a70a4250eaaea2ac3,MATM91_06de250e282228f6c3,三胍-11B,安全特性,摩擦感度(需对应不同测试条件),较低 (≤ 20%),20,,,%,explicit_or_field_specific,<=,较低|低,validated_single,true,,explosion_probability,摩擦感度,<=,,,107,EVM91_e6300becfa5f1fa0f0,accepted
PROPM91_6b632c0fe96583f47d,RELM91_e62232786ae4da2086,MATM91_06de250e282228f6c3,三胍-11B,安全特性,撞击感度(需对应不同测试条件),"较低 (≤ 25%,由于高含量NQ提高了安定性)",25,,,%,explicit_or_field_specific,<=,较低|低|高,validated_single,true,,explosion_probability,,<=,,,107,EVM91_6704be8e6704b12e41,accepted
PROPM91_d9b8191c88ec7782af,RELM91_c6901332b2f0be5255,MATM91_06de250e282228f6c3,三胍-11B,安全特性,冲击感度,低 (三基药稳定性较好),,,,,,,低,qualitative_only,false,no_reliable_numeric_measurement,,,,,,107,EVM91_678aa9dec945693e70,accepted
PROPM91_c1ecafa3b12d519fde,RELM91_35a99c5cd51b00e943,MATM91_06de250e282228f6c3,三胍-11B,安全特性,火焰感度,"高 (极易引燃,但燃烧相对平稳)",,,,,,,高,qualitative_only,false,no_reliable_numeric_measurement,,,,,,107,EVM91_b6507a3bad896b1f18,accepted
PROPM91_6340ac5c3209a25945,RELM91_1e3136557fdc26d19d,MATM91_06de250e282228f6c3,三胍-11B,安全特性,静电感度(需对应不同测试条件),较低,,,,,,,较低|低,qualitative_only,false,no_reliable_numeric_measurement,,,,,,107,EVM91_9a3e48364a8db214eb,accepted
PROPM91_b7817a700d5bd6501e,RELM91_6819275a81946e6c7c,MATM91_06de250e282228f6c3,三胍-11B,安全特性,热感度(5s爆发点),220°C - 235°C (显著高于双基药),,,,,,,高,multiple_measurements,false,multiple_primary_measurements,,热感度(5s爆发点),,,5,107,EVM91_aafe2b9ff23e48c76a,accepted
PROPM91_3b0a95242b4d59e4fb,RELM91_7e7f25244f972f1010,MATM91_06de250e282228f6c3,三胍-11B,安全特性,电火花感度,低,,,,,,,低,qualitative_only,false,no_reliable_numeric_measurement,,,,,,107,EVM91_bc3a441e5efd5b4fe9,accepted
PROPM91_d1c58fc62e06d28be1,RELM91_5f3b84613afc981378,MATM91_06de250e282228f6c3,三胍-11B,安全特性,吸湿性,较低 (≤ 1.2%),1.2,,,%,explicit_or_field_specific,<=,较低|低,validated_single,true,,primary_value,吸湿性,<=,,,107,EVM91_6150393dd0eac4d107,accepted
PROPM91_39445a1fe750f0c02d,RELM91_521d4cb50fc229cc22,MATM91_06de250e282228f6c3,三胍-11B,安全特性,熔点,无 (受热分解),,,,,,,无,qualitative_only,false,no_reliable_numeric_measurement,,,,,,107,EVM91_f0b4c8a643624163eb,accepted
PROPM91_f5c985b53e2ddddb04,RELM91_42e6a0a39f3d8f8a35,MATM91_06de250e282228f6c3,三胍-11B,安全特性,分解温度,180°C - 195°C,,,,,,,,multiple_measurements,false,multiple_primary_measurements,,分解温度,,,,107,EVM91_0254bf79a3b1e61bda,accepted
PROPM91_1c94f66e1872482687,RELM91_2e57070702a397f413,MATM91_06de250e282228f6c3,三胍-11B,能量特性,爆速,不适用 (设计用于发射药; 转爆轰时约 7200-7600 m/s),,7200,7600,m/s,explicit_or_field_specific,~,,validated_range,true,,primary_value,爆速,~,,,107,EVM91_e3ae25e8f56e682ae9,accepted
PROPM91_0223c9d7d4b00da6ed,RELM91_a26270bf38c644bacf,MATM91_06de250e282228f6c3,三胍-11B,能量特性,爆温,"2400 - 2600 K (属于低爆温、高能发射药,对身管烧蚀极小)",,2400,2600,℃,explicit_or_field_specific,,低|高|极小,validated_range,true,,primary_value,爆温,,,,107,EVM91_3f56df29647f17deb8,accepted
PROPM91_0a243f128f07633a75,RELM91_0862fea65f61fcfea2,MATM91_06de250e282228f6c3,三胍-11B,能量特性,爆压,最高设计工作膛压 300 - 450 MPa,,300,450,MPa,explicit_or_field_specific,,高,validated_range,true,,primary_value,爆压,,,,107,EVM91_eaee0e2e077986a7ac,accepted
PROPM91_dc68918cb7d7db1f88,RELM91_0622d86d9d6ecc5ccc,MATM91_06de250e282228f6c3,三胍-11B,能量特性,爆容,950 - 1050 L/kg,,950,1050,L/kg,explicit_or_field_specific,,,validated_range,true,,primary_value,爆容,,,,107,EVM91_a2491aa9a2778f4c0d,accepted
PROPM91_5e4ccc9de2f0bcf448,RELM91_d3e768e9c93a7f1330,MATM91_06de250e282228f6c3,三胍-11B,能量特性,威力,0.95 - 1.15 (相对于TNT),,,,,,,,text_only,false,no_reliable_numeric_measurement,,,,,,107,EVM91_03c3ba63eed3ab4bfc,accepted
PROPM91_b29e20e599f0304892,RELM91_aa633af213f4c6d5f8,MATM91_06de250e282228f6c3,三胍-11B,能量特性,燃烧速度(发射药、推进剂),"平稳层燃,由于NQ的存在,燃烧产物中气体量大而热量相对低",,,,,,,低,qualitative_only,false,no_reliable_numeric_measurement,,,,,,107,EVM91_7feb5a076f51a878ba,accepted
PROPM91_0f0dbfcd849df9b0ee,RELM91_0139d37aa3db42c68a,MATM91_06de250e282228f6c3,三胍-11B,能量特性,火药力(发射药),980 - 1050 kJ/kg,,980,1050,kJ/kg,explicit_or_field_specific,,,validated_range,true,,primary_value,火药力(发射药),,,,107,EVM91_86b88f92675fadc9ae,accepted
PROPM91_d689ec68d657b0f178,RELM91_83e06ca7ef4f2d24ba,MATM91_7f73b9762b628e2bd7,三胍-12B,理化性质,分子量(单质),NQ: 104.07; 其他为混合物,,,,,,,,qualitative_only,false,no_reliable_numeric_measurement,,,,,,108,EVM91_d5ed3e718d8375ada2,accepted
PROPM91_b967de3273ff501a97,RELM91_70105e75e5ec5b5bf7,MATM91_7f73b9762b628e2bd7,三胍-12B,理化性质,密度,真密度: 1.64 - 1.69 g/cm3; 堆积密度: 0.92 - 1.08 g/cm3,,,,,,,,multiple_measurements,false,multiple_primary_measurements,,密度,,,,108,EVM91_4232dc142b5662b7ec,accepted
PROPM91_6ceab833df938eae51,RELM91_ea9bb163de90dd3459,MATM91_7f73b9762b628e2bd7,三胍-12B,理化性质,外观,"灰色、淡黄色或灰白色颗粒(多孔或柱状),药质较脆,表面致密",,,,,,,,text_only,false,no_reliable_numeric_measurement,,,,,,108,EVM91_b2588dad37373ece9f,accepted
PROPM91_77ae3c2de89c1a7c56,RELM91_d1825ef17e602a414d,MATM91_7f73b9762b628e2bd7,三胍-12B,理化性质,溶解性,部分溶于丙酮、乙酸乙酯;NQ组分难溶于常规有机溶剂,,,,,,,,text_only,false,no_reliable_numeric_measurement,,,,,,108,EVM91_6518c660b203977fdd,accepted
PROPM91_fa6e3076cf0bc12fca,RELM91_00224b14bce871cacf,MATM91_7f73b9762b628e2bd7,三胍-12B,理化性质,挥发性,低 (≤ 1.0%),1.0,,,%,explicit_or_field_specific,<=,低,validated_single,true,,primary_value,挥发性,<=,,,108,EVM91_40fecce7059a1c3404,accepted
PROPM91_dbfc9ac89b61f17064,RELM91_5e49f8fb970c704e71,MATM91_7f73b9762b628e2bd7,三胍-12B,安全特性,摩擦感度(需对应不同测试条件),低 (≤ 20%),20,,,%,explicit_or_field_specific,<=,低,validated_single,true,,explosion_probability,摩擦感度,<=,,,108,EVM91_42f0385fa8d67b56ff,accepted
PROPM91_965164f73bfaecf3e6,RELM91_4f02fe91f318a510c6,MATM91_7f73b9762b628e2bd7,三胍-12B,安全特性,撞击感度(需对应不同测试条件),"低 (≤ 25%,硝基胍的存在显著降低了机械感度)",25,,,%,explicit_or_field_specific,<=,低,validated_single,true,,explosion_probability,,<=,,,108,EVM91_917bcc88795a4c8418,accepted
PROPM91_b9f4da2fc9c2e22e19,RELM91_bcea0a613c11ba2383,MATM91_7f73b9762b628e2bd7,三胍-12B,安全特性,冲击感度,"低 (性质稳定,不易由机械冲击转爆轰)",,,,,,,低,qualitative_only,false,no_reliable_numeric_measurement,,,,,,108,EVM91_a90e4a54ea2002c0db,accepted
PROPM91_09aaa79a914137cfcd,RELM91_329633291433e0c95b,MATM91_7f73b9762b628e2bd7,三胍-12B,安全特性,火焰感度,"高 (极易点燃,但燃烧极具规律性)",,,,,,,高,qualitative_only,false,no_reliable_numeric_measurement,,,,,,108,EVM91_b94f337474ac3a3ae6,accepted
PROPM91_4dbd8fb08ab77f85b2,RELM91_25868add21ff7d4640,MATM91_7f73b9762b628e2bd7,三胍-12B,安全特性,静电感度(需对应不同测试条件),较低 (通常含有微量导电炭黑或表面石墨处理),,,,,,,较低|低,qualitative_only,false,no_reliable_numeric_measurement,,,,,,108,EVM91_162742a89449b20705,accepted
PROPM91_bb62f88645b04fdf68,RELM91_e24a1ca19c90013699,MATM91_7f73b9762b628e2bd7,三胍-12B,安全特性,热感度(5s爆发点),225°C - 240°C,,,,,,,,multiple_measurements,false,multiple_primary_measurements,,热感度(5s爆发点),,,5,108,EVM91_7cace1f294871debe5,accepted
PROPM91_215eda160d74458f31,RELM91_dc359eee93bf03a678,MATM91_7f73b9762b628e2bd7,三胍-12B,安全特性,电火花感度,低,,,,,,,低,qualitative_only,false,no_reliable_numeric_measurement,,,,,,108,EVM91_0aa77d5d6d1b6c064a,accepted
PROPM91_f6a46a36cb32e5ac96,RELM91_4f6ce73a17aa7ab27d,MATM91_7f73b9762b628e2bd7,三胍-12B,安全特性,吸湿性,低 (≤ 1.1%),1.1,,,%,explicit_or_field_specific,<=,低,validated_single,true,,primary_value,吸湿性,<=,,,108,EVM91_63952c9be1dbde14bc,accepted
PROPM91_f4c1333bdd4a5be74b,RELM91_3c6533d6d23b019c49,MATM91_7f73b9762b628e2bd7,三胍-12B,安全特性,熔点,无 (受热直接分解),,,,,,,无,qualitative_only,false,no_reliable_numeric_measurement,,,,,,108,EVM91_af7809290190e7e278,accepted
PROPM91_9b1beb849db8b84a1f,RELM91_569d821b50d5eb7e03,MATM91_7f73b9762b628e2bd7,三胍-12B,安全特性,分解温度,185°C - 200°C (开始产生明显气相分解),,,,,,,,multiple_measurements,false,multiple_primary_measurements,,分解温度,,,,108,EVM91_e4c8d8d7f7f7e26889,accepted
PROPM91_855cc58b816b3362c8,RELM91_20941057447a39fd8b,MATM91_7f73b9762b628e2bd7,三胍-12B,能量特性,爆速,不适用 (设计用于控制层燃; 转爆轰时约 7400-7700 m/s),,7400,7700,m/s,explicit_or_field_specific,~,,validated_range,true,,primary_value,爆速,~,,,108,EVM91_214412e0946c76d10b,accepted
PROPM91_9f32dc598b585a36a0,RELM91_da6a413b3eac41aa53,MATM91_7f73b9762b628e2bd7,三胍-12B,能量特性,爆温,2500 - 2750 K (保持了三基药低爆温、低烧蚀的典型特征),,2500,2750,℃,explicit_or_field_specific,,低,validated_range,true,,primary_value,爆温,,,,108,EVM91_8cb85632edee82ea39,accepted
PROPM91_a57a55c5348f062b73,RELM91_e7206693d6a6d6ebc7,MATM91_7f73b9762b628e2bd7,三胍-12B,能量特性,爆压,最高设计工作膛压通常在 350 - 480 MPa,,350,480,MPa,explicit_or_field_specific,,高,validated_range,true,,primary_value,爆压,,,,108,EVM91_e970532592576913a5,accepted
PROPM91_ee2a344f756666ac75,RELM91_44b8955178e41d0d06,MATM91_7f73b9762b628e2bd7,三胍-12B,能量特性,爆容,980 - 1080 L/kg (气体产率高),,980,1080,L/kg,explicit_or_field_specific,,高,validated_range,true,,primary_value,爆容,,,,108,EVM91_d113a343a2060e42df,accepted
PROPM91_a02500457b75e19833,RELM91_31d76547dbc87bdef8,MATM91_7f73b9762b628e2bd7,三胍-12B,能量特性,威力,1.0 - 1.2 (相对TNT当量),,,,,,,,text_only,false,no_reliable_numeric_measurement,,,,,,108,EVM91_06373a28daea723ae4,accepted
PROPM91_c0ad48c0b978d123c2,RELM91_d5baadd1b6feb2a34e,MATM91_7f73b9762b628e2bd7,三胍-12B,能量特性,燃烧速度(发射药、推进剂),"平稳层燃,压力指数较低(约为0.7-0.9),燃烧产物主要为CO, N2, H2O和H2",,,,,,,较低|低,qualitative_only,false,no_reliable_numeric_measurement,,,,,,108,EVM91_af4912eb9d27cc8ec0,accepted
PROPM91_6ef5e2c7a704575589,RELM91_8d3778f312c91e6def,MATM91_7f73b9762b628e2bd7,三胍-12B,能量特性,火药力(发射药),"1050 - 1120 kJ/kg (比11B略高,属于高性能三基药)",,1050,1120,kJ/kg,explicit_or_field_specific,,高,validated_range,true,,primary_value,火药力(发射药),,,,108,EVM91_dcbff24be73b8272f6,accepted
PROPM91_70412cf0823386a272,RELM91_8d68df88dfa472018b,MATM91_18b0cbde154a240dc1,三胍-13B,理化性质,分子量(单质),NQ: 104.07; 其他为混合物,,,,,,,,qualitative_only,false,no_reliable_numeric_measurement,,,,,,109,EVM91_1ef467c80d5e5b140f,accepted
PROPM91_917825703faf7c7dcf,RELM91_4928f136651d811237,MATM91_18b0cbde154a240dc1,三胍-13B,理化性质,密度,真密度: 1.65 - 1.70 g/cm3; 堆积密度: 0.95 - 1.12 g/cm3,,,,,,,,multiple_measurements,false,multiple_primary_measurements,,密度,,,,109,EVM91_c31d1c2f8de90ce2d3,accepted
PROPM91_c0c5d8ce827bcfafa6,RELM91_9588ce52a61c55f600,MATM91_18b0cbde154a240dc1,三胍-13B,理化性质,外观,"灰色或淡黄色颗粒/多孔柱状,药质坚实但较脆,表面光滑致密",,,,,,,,text_only,false,no_reliable_numeric_measurement,,,,,,109,EVM91_fa97c3db257e0b5e35,accepted
PROPM91_46708e119cab87bcfe,RELM91_63098d24a29f80662d,MATM91_18b0cbde154a240dc1,三胍-13B,理化性质,溶解性,部分溶于丙酮、乙酸乙酯;NQ组分不溶于常规有机溶剂,,,,,,,,text_only,false,no_reliable_numeric_measurement,,,,,,109,EVM91_4b07af88856a973fdb,accepted
PROPM91_379e2fa684d3800780,RELM91_4b064a83bfd2a18a9c,MATM91_18b0cbde154a240dc1,三胍-13B,理化性质,挥发性,低 (≤ 1.0%),1.0,,,%,explicit_or_field_specific,<=,低,validated_single,true,,primary_value,挥发性,<=,,,109,EVM91_61eb171781e79d8fe9,accepted
PROPM91_9a798dcc34110ec8eb,RELM91_d798f8692ce28dd70c,MATM91_18b0cbde154a240dc1,三胍-13B,安全特性,摩擦感度(需对应不同测试条件),低 (≤ 20%),20,,,%,explicit_or_field_specific,<=,低,validated_single,true,,explosion_probability,摩擦感度,<=,,,109,EVM91_4c04e2fca63f5e0b02,accepted
PROPM91_07cd4a032283403c14,RELM91_f5d4b9e0e1bf051bd2,MATM91_18b0cbde154a240dc1,三胍-13B,安全特性,撞击感度(需对应不同测试条件),"低 (≤ 25%,硝基胍的加入维持了良好的机械安定性)",25,,,%,explicit_or_field_specific,<=,低,validated_single,true,,explosion_probability,,<=,,,109,EVM91_7c7e4e852e8830305b,accepted
PROPM91_95d53c74f14f15c923,RELM91_5a1fdf81ea6cf0b3c2,MATM91_18b0cbde154a240dc1,三胍-13B,安全特性,冲击感度,"低 (三基药特有的高稳定性,不易被机械冲击引爆)",,,,,,,低|高,qualitative_only,false,no_reliable_numeric_measurement,,,,,,109,EVM91_dadefe10fec519527c,accepted
PROPM91_47580fcfc80357f084,RELM91_78a65bb1d88a3b4b3f,MATM91_18b0cbde154a240dc1,三胍-13B,安全特性,火焰感度,"高 (极易引燃,具有良好的点火一致性)",,,,,,,高,qualitative_only,false,no_reliable_numeric_measurement,,,,,,109,EVM91_2660160f27b563bd5b,accepted
PROPM91_f49e2285b0f9963919,RELM91_127e0e086096bf8470,MATM91_18b0cbde154a240dc1,三胍-13B,安全特性,静电感度(需对应不同测试条件),较低 (通常含有微量导电组分或表面石墨处理),,,,,,,较低|低,qualitative_only,false,no_reliable_numeric_measurement,,,,,,109,EVM91_95b657005594a505cc,accepted
PROPM91_578e2d5a9a07f04eaf,RELM91_d20a8f57a2f8dfcf87,MATM91_18b0cbde154a240dc1,三胍-13B,安全特性,热感度(5s爆发点),220°C - 235°C,,,,,,,,multiple_measurements,false,multiple_primary_measurements,,热感度(5s爆发点),,,5,109,EVM91_16b08cf6d2c293af5c,accepted
PROPM91_3df1a45a15d3d93fb4,RELM91_faaf682f4e3fc8e98e,MATM91_18b0cbde154a240dc1,三胍-13B,安全特性,电火花感度,低,,,,,,,低,qualitative_only,false,no_reliable_numeric_measurement,,,,,,109,EVM91_628e6bf75c7ab68a5f,accepted
PROPM91_a6c34d7ce60e489714,RELM91_a8b3859319fa241cec,MATM91_18b0cbde154a240dc1,三胍-13B,安全特性,吸湿性,低 (≤ 1.0%),1.0,,,%,explicit_or_field_specific,<=,低,validated_single,true,,primary_value,吸湿性,<=,,,109,EVM91_25302876a4ac32525a,accepted
PROPM91_f2a087c527cdfea755,RELM91_dc6c0bc2225c10e9b2,MATM91_18b0cbde154a240dc1,三胍-13B,安全特性,熔点,无 (受热分解),,,,,,,无,qualitative_only,false,no_reliable_numeric_measurement,,,,,,109,EVM91_b25e31414b1a64491e,accepted
PROPM91_1d9b9079428c1a8fd2,RELM91_583e579ecdc19f4324,MATM91_18b0cbde154a240dc1,三胍-13B,安全特性,分解温度,180°C - 195°C,,,,,,,,multiple_measurements,false,multiple_primary_measurements,,分解温度,,,,109,EVM91_35618bb6f508196ead,accepted
PROPM91_6cfb00aa9937ee3bbf,RELM91_693f769cdabee5dc43,MATM91_18b0cbde154a240dc1,三胍-13B,能量特性,爆速,不适用 (设计用于可控燃烧; 转爆轰时约 7500-7800 m/s),,7500,7800,m/s,explicit_or_field_specific,~,,validated_range,true,,primary_value,爆速,~,,,109,EVM91_ca56ffe35689ef7063,accepted
PROPM91_7bad8e30b00296424d,RELM91_d67481483e87779c0a,MATM91_18b0cbde154a240dc1,三胍-13B,能量特性,爆温,"2650 - 2850 K (保持中低爆温,有效保护身管)",,2650,2850,℃,explicit_or_field_specific,,低,validated_range,true,,primary_value,爆温,,,,109,EVM91_40dc798761ee2e147c,accepted
PROPM91_1da033b25280dab581,RELM91_331f1dd2f44cdad448,MATM91_18b0cbde154a240dc1,三胍-13B,能量特性,爆压,最高设计工作膛压通常在 400 - 520 MPa (高压装药),,400,520,MPa,explicit_or_field_specific,,高,validated_range,true,,primary_value,爆压,,,,109,EVM91_8fb3945f9e23c7c799,accepted
PROPM91_6140239a7cc65bf59f,RELM91_82964eb49c44aa6c4e,MATM91_18b0cbde154a240dc1,三胍-13B,能量特性,爆容,1000 - 1100 L/kg (气体产率极高),,1000,1100,L/kg,explicit_or_field_specific,,极高|高,validated_range,true,,primary_value,爆容,,,,109,EVM91_a60c57802f9ffcf03f,accepted
PROPM91_2ad4f54484c737f27e,RELM91_6942f93d99687b9ed5,MATM91_18b0cbde154a240dc1,三胍-13B,能量特性,威力,1.1 - 1.3 (相对TNT当量),,,,,,,,text_only,false,no_reliable_numeric_measurement,,,,,,109,EVM91_5f32fa0949204904b9,accepted
PROPM91_5a23486570ec22b9ac,RELM91_f717d53b6ff04b3962,MATM91_18b0cbde154a240dc1,三胍-13B,能量特性,燃烧速度(发射药、推进剂),"平稳层燃,燃烧规律性极佳,适合高压内弹道环境",,,,,,,高,qualitative_only,false,no_reliable_numeric_measurement,,,,,,109,EVM91_2c96a824f8f28f7236,accepted
PROPM91_b6c686e127551ea771,RELM91_1fb545af31bcbe2804,MATM91_18b0cbde154a240dc1,三胍-13B,能量特性,火药力(发射药),1080 - 1150 kJ/kg (属于超高能三基发射药),,1080,1150,kJ/kg,explicit_or_field_specific,,高,validated_range,true,,primary_value,火药力(发射药),,,,109,EVM91_831dcdf1f4bfc64b6e,accepted
PROPM91_c617160630af055a4c,RELM91_4dbbe33e2f587c5792,MATM91_bc52dc2f29cdf12729,三胍-15B,理化性质,分子量(单质),NQ: 104.07; 其他为混合物,,,,,,,,qualitative_only,false,no_reliable_numeric_measurement,,,,,,110,EVM91_6add86f87ca2e8e8dc,accepted
PROPM91_1fbd134d07a2a55aef,RELM91_73249f6d87cbf09ac8,MATM91_bc52dc2f29cdf12729,三胍-15B,理化性质,密度,真密度: 1.66 - 1.71 g/cm3; 堆积密度: 0.98 - 1.15 g/cm3,,,,,,,,multiple_measurements,false,multiple_primary_measurements,,密度,,,,110,EVM91_6bb0733e779b35b794,accepted
PROPM91_005736263dc4b78a64,RELM91_14675dc92fe486cb89,MATM91_bc52dc2f29cdf12729,三胍-15B,理化性质,外观,"灰色、淡黄色或灰棕色颗粒/多孔柱状,药质极紧密,表面石墨光泽或致密蒙皮",,,,,,,,text_only,false,no_reliable_numeric_measurement,,,,,,110,EVM91_b2cd4141316f0c8443,accepted
PROPM91_248e20b9b711e45f9b,RELM91_8b8f5fc8d76a0d4ab4,MATM91_bc52dc2f29cdf12729,三胍-15B,理化性质,溶解性,部分溶于丙酮、乙酸乙酯;NQ组分不溶,,,,,,,,text_only,false,no_reliable_numeric_measurement,,,,,,110,EVM91_fd31e4764904077701,accepted
PROPM91_7318fe2131b70b5d5f,RELM91_b00508c20cd41e5644,MATM91_bc52dc2f29cdf12729,三胍-15B,理化性质,挥发性,"≤ 1.2% (含高NG,需注意迁移)",1.2,,,%,explicit_or_field_specific,<=,高,validated_single,true,,primary_value,挥发性,<=,,,110,EVM91_511f235d22ca1cba83,accepted
PROPM91_c6fea3e2e2e558e882,RELM91_d0d2ccf5ba491474bf,MATM91_bc52dc2f29cdf12729,三胍-15B,安全特性,摩擦感度(需对应不同测试条件),低 (≤ 25%),25,,,%,explicit_or_field_specific,<=,低,validated_single,true,,explosion_probability,摩擦感度,<=,,,110,EVM91_f22856d0fabfe87ecc,accepted
PROPM91_111e135159167341c4,RELM91_3d2baff96ddca446f7,MATM91_bc52dc2f29cdf12729,三胍-15B,安全特性,撞击感度(需对应不同测试条件),"中等偏低 (≤ 35%,虽NG增加,但高含量NQ起到缓冲稳定作用)",35,,,%,explicit_or_field_specific,<=,中等|低|高,validated_single,true,,explosion_probability,,<=,,,110,EVM91_cd97aaeac727e0a014,accepted
PROPM91_393bddc36ab608344e,RELM91_ce08ac1bf36447b3f6,MATM91_bc52dc2f29cdf12729,三胍-15B,安全特性,冲击感度,"低 (三基药特有的稳定性,抗冲击转爆轰能力强)",,,,,,,强|低,qualitative_only,false,no_reliable_numeric_measurement,,,,,,110,EVM91_8a7bfc1b90784e729c,accepted
PROPM91_e0dfb9c70a89f2143f,RELM91_31161980e16823adf8,MATM91_bc52dc2f29cdf12729,三胍-15B,安全特性,火焰感度,"极高 (极易引燃,燃烧极为剧烈)",,,,,,,极高|高,qualitative_only,false,no_reliable_numeric_measurement,,,,,,110,EVM91_f061d512605b909e9a,accepted
PROPM91_53e848e26accde4017,RELM91_7388c1ecfc8fe05cde,MATM91_bc52dc2f29cdf12729,三胍-15B,安全特性,静电感度(需对应不同测试条件),较低 (通常经过表面导电处理),,,,,,,较低|低,qualitative_only,false,no_reliable_numeric_measurement,,,,,,110,EVM91_fd2a3a3bc1e6af0517,accepted
PROPM91_cfd3f561234f9a1073,RELM91_fded27dde74ed95e52,MATM91_bc52dc2f29cdf12729,三胍-15B,安全特性,热感度(5s爆发点),215°C - 230°C,,,,,,,,multiple_measurements,false,multiple_primary_measurements,,热感度(5s爆发点),,,5,110,EVM91_d4c9bffaa4ea791df7,accepted
PROPM91_08a844fb68ba964f4c,RELM91_5b34be9f1032634af6,MATM91_bc52dc2f29cdf12729,三胍-15B,安全特性,电火花感度,低,,,,,,,低,qualitative_only,false,no_reliable_numeric_measurement,,,,,,110,EVM91_d8f081f5f61577987c,accepted
PROPM91_49526804086ed235b5,RELM91_b4bf994d994bdfa3c2,MATM91_bc52dc2f29cdf12729,三胍-15B,安全特性,吸湿性,低 (≤ 1.1%),1.1,,,%,explicit_or_field_specific,<=,低,validated_single,true,,primary_value,吸湿性,<=,,,110,EVM91_95178de87fa17af98f,accepted
PROPM91_fe04b0fd4bfdb5977b,RELM91_b46a7d95d1b2c322d3,MATM91_bc52dc2f29cdf12729,三胍-15B,安全特性,熔点,无 (受热分解),,,,,,,无,qualitative_only,false,no_reliable_numeric_measurement,,,,,,110,EVM91_e3cab27324b37862cf,accepted
PROPM91_fbdd4775c9fc037c9a,RELM91_203d16fb0fadb27e75,MATM91_bc52dc2f29cdf12729,三胍-15B,安全特性,分解温度,175°C - 190°C,,,,,,,,multiple_measurements,false,multiple_primary_measurements,,分解温度,,,,110,EVM91_2fc96528b9e700d601,accepted
PROPM91_073d37984c5d0bc74e,RELM91_02934f8859729d924c,MATM91_bc52dc2f29cdf12729,三胍-15B,能量特性,爆速,不适用 (设计用于发射药; 转爆轰时约 7600-7900 m/s),,7600,7900,m/s,explicit_or_field_specific,~,,validated_range,true,,primary_value,爆速,~,,,110,EVM91_a99ea5b1aa95d68675,accepted
PROPM91_cbbc3606f766f7704a,RELM91_a72f6a6e10c850912a,MATM91_bc52dc2f29cdf12729,三胍-15B,能量特性,爆温,"2850 - 3050 K (三基系列中的最高温,但仍远低于同能量双基药)",,2850,3050,℃,explicit_or_field_specific,,低|高,validated_range,true,,primary_value,爆温,,,,110,EVM91_f2a434a38e3ab8fd16,accepted
PROPM91_175be0b0ffd047799c,RELM91_13834086ce65a0039c,MATM91_bc52dc2f29cdf12729,三胍-15B,能量特性,爆压,最高设计工作膛压通常在 450 - 550 MPa (特种高压装药),,450,550,MPa,explicit_or_field_specific,,高,validated_range,true,,primary_value,爆压,,,,110,EVM91_0b0f100a4ee54f4d16,accepted
PROPM91_5a708126db42dcd2e4,RELM91_7f4a514769364dd995,MATM91_bc52dc2f29cdf12729,三胍-15B,能量特性,爆容,1050 - 1150 L/kg (气体产率极高),,1050,1150,L/kg,explicit_or_field_specific,,极高|高,validated_range,true,,primary_value,爆容,,,,110,EVM91_b519094781a22f9bf9,accepted
PROPM91_22df43028aaf8ac456,RELM91_040166c44bf145cda1,MATM91_bc52dc2f29cdf12729,三胍-15B,能量特性,威力,1.2 - 1.35 (相对TNT当量),,,,,,,,text_only,false,no_reliable_numeric_measurement,,,,,,110,EVM91_31255abeb8ffc7b4a7,accepted
PROPM91_64a27cd288ff8f957e,RELM91_d29aa152e0fb9d16bc,MATM91_bc52dc2f29cdf12729,三胍-15B,能量特性,燃烧速度(发射药、推进剂),"平稳且迅速的层燃,具有优异的递增燃烧性能",,,,,,,,qualitative_only,false,no_reliable_numeric_measurement,,,,,,110,EVM91_04d4504a94b3a419b7,accepted
PROPM91_3d4bcc444b67a29f3e,RELM91_19a1e1f8fd7d7d03a2,MATM91_bc52dc2f29cdf12729,三胍-15B,能量特性,火药力(发射药),1150 - 1220 kJ/kg (三基发射药的能量巅峰),,1150,1220,kJ/kg,explicit_or_field_specific,,,validated_range,true,,primary_value,火药力(发射药),,,,110,EVM91_1d6f7e9ab0ace4b159,accepted
PROPM91_ef96efe08e5a76cc74,RELM91_4e4b7f5b0a31317faa,MATM91_1b01c990025d7dd268,三胍-16B,理化性质,分子量(单质),NQ: 104.07; 其他为混合物,,,,,,,,qualitative_only,false,no_reliable_numeric_measurement,,,,,,111,EVM91_1ab46e94db6bf77545,accepted
PROPM91_d4e8af322ad56b9239,RELM91_ae8068edd51cb10160,MATM91_1b01c990025d7dd268,三胍-16B,理化性质,密度,真密度: 1.67 - 1.73 g/cm3; 堆积密度: 1.02 - 1.18 g/cm3,,,,,,,,multiple_measurements,false,multiple_primary_measurements,,密度,,,,111,EVM91_fd892a2908d0155dd3,accepted
PROPM91_65b89d0925f3d6f59c,RELM91_f2bcb9e75030f13419,MATM91_1b01c990025d7dd268,三胍-16B,理化性质,外观,"深灰色或淡褐色致密颗粒/多孔柱状,具有明显的石墨光泽或致密化包覆层",,,,,,,,text_only,false,no_reliable_numeric_measurement,,,,,,111,EVM91_bb5f436c042dc5b513,accepted
PROPM91_b75399affd08191aec,RELM91_14406536c1727de60b,MATM91_1b01c990025d7dd268,三胍-16B,理化性质,溶解性,部分溶于丙酮、乙酸乙酯;NQ组分不溶,,,,,,,,text_only,false,no_reliable_numeric_measurement,,,,,,111,EVM91_42e98b0762f1729410,accepted
PROPM91_4b3ac80c0066227432,RELM91_37fabd13935d5915bb,MATM91_1b01c990025d7dd268,三胍-16B,理化性质,挥发性,"≤ 1.5% (由于NG含量高,需注意组分迁移)",1.5,,,%,explicit_or_field_specific,<=,高,validated_single,true,,primary_value,挥发性,<=,,,111,EVM91_671c1feb178ef96f62,accepted
PROPM91_4620e9fe935e7cb8a2,RELM91_7c1ac62f233a205371,MATM91_1b01c990025d7dd268,三胍-16B,安全特性,摩擦感度(需对应不同测试条件),中等偏低 (≤ 30%),30,,,%,explicit_or_field_specific,<=,中等|低,validated_single,true,,explosion_probability,摩擦感度,<=,,,111,EVM91_b2c79a6caa54bd237b,accepted
PROPM91_0bed3e6384502bc963,RELM91_d991b9f8cd7583f500,MATM91_1b01c990025d7dd268,三胍-16B,安全特性,撞击感度(需对应不同测试条件),"中等 (≤ 45%,受NG含量提升影响,比11B/12B显著更敏感)",45,,,%,explicit_or_field_specific,<=,敏感|中等,validated_single,true,,explosion_probability,,<=,,,111,EVM91_8d8912c87f1ee42b93,accepted
PROPM91_7b44fbdaf7e1d33488,RELM91_f68a239e71f658340e,MATM91_1b01c990025d7dd268,三胍-16B,安全特性,冲击感度,中等 (在极端爆震环境下可能发生燃转爆),,,,,,,中等,qualitative_only,false,no_reliable_numeric_measurement,,,,,,111,EVM91_a6676481cbc4dac83d,accepted
PROPM91_af8b7c9931c1b3bc15,RELM91_1b114819fc209ede59,MATM91_1b01c990025d7dd268,三胍-16B,安全特性,火焰感度,极高 (点火响应极其迅速),,,,,,,极高|高,qualitative_only,false,no_reliable_numeric_measurement,,,,,,111,EVM91_d2729aa429c2b493e9,accepted
PROPM91_af0a3de947c8226557,RELM91_05af62cd082894f76d,MATM91_1b01c990025d7dd268,三胍-16B,安全特性,静电感度(需对应不同测试条件),较低 (石墨导电处理),,,,,,,较低|低,qualitative_only,false,no_reliable_numeric_measurement,,,,,,111,EVM91_f119eaf49ea5e05e62,accepted
PROPM91_dbd57f33718bf129bb,RELM91_641c0c347da3880d4c,MATM91_1b01c990025d7dd268,三胍-16B,安全特性,热感度(5s爆发点),210°C - 225°C,,,,,,,,multiple_measurements,false,multiple_primary_measurements,,热感度(5s爆发点),,,5,111,EVM91_2c2f7e5e6b1b8f5471,accepted
PROPM91_34bfa2cf887e3cef92,RELM91_0567395de47d32b2af,MATM91_1b01c990025d7dd268,三胍-16B,安全特性,电火花感度,中等,,,,,,,中等,qualitative_only,false,no_reliable_numeric_measurement,,,,,,111,EVM91_22e6d6d6ed84127728,accepted
PROPM91_cf1683dca0cb4faacb,RELM91_1ed78d31e4f7d1724c,MATM91_1b01c990025d7dd268,三胍-16B,安全特性,吸湿性,低 (≤ 1.1%),1.1,,,%,explicit_or_field_specific,<=,低,validated_single,true,,primary_value,吸湿性,<=,,,111,EVM91_53f19984f49b25575d,accepted
PROPM91_56260b9c34c6ac6ca5,RELM91_99ee6618c667dd2dfa,MATM91_1b01c990025d7dd268,三胍-16B,安全特性,熔点,无 (受热分解),,,,,,,无,qualitative_only,false,no_reliable_numeric_measurement,,,,,,111,EVM91_bc0872921bb4e2f041,accepted
PROPM91_6207758c13b5cee8da,RELM91_eb4bb8adf82c20cdd2,MATM91_1b01c990025d7dd268,三胍-16B,安全特性,分解温度,170°C - 185°C,,,,,,,,multiple_measurements,false,multiple_primary_measurements,,分解温度,,,,111,EVM91_729450d1bc59990c4a,accepted
PROPM91_b90a4584ca94c98454,RELM91_4d693f81d71f111627,MATM91_1b01c990025d7dd268,三胍-16B,能量特性,爆速,不适用 (设计层燃; 转爆轰时约 7800-8100 m/s),,7800,8100,m/s,explicit_or_field_specific,~,,validated_range,true,,primary_value,爆速,~,,,111,EVM91_9c76e11ccd25fcf69e,accepted
PROPM91_b6e855a7d077c1ac01,RELM91_3b1eb7e4d230dac9b5,MATM91_1b01c990025d7dd268,三胍-16B,能量特性,爆温,"3000 - 3200 K (三基系列中的高温峰值,烧蚀性较11B显著增加,但仍优于同能双基药)",,3000,3200,℃,explicit_or_field_specific,,高,validated_range,true,,primary_value,爆温,,,,111,EVM91_9d303b600c6f87945d,accepted
PROPM91_f9fd1f2c02379d2b58,RELM91_c9169ce505e402e0b5,MATM91_1b01c990025d7dd268,三胍-16B,能量特性,爆压,最高设计工作膛压通常在 500 - 600 MPa (超高压环境),,500,600,MPa,explicit_or_field_specific,,高,validated_range,true,,primary_value,爆压,,,,111,EVM91_ecada9c8b13ac88f6a,accepted
PROPM91_77bf6bba4bd9081141,RELM91_d835380f502e08b22b,MATM91_1b01c990025d7dd268,三胍-16B,能量特性,爆容,1100 - 1250 L/kg (气体产率极高),,1100,1250,L/kg,explicit_or_field_specific,,极高|高,validated_range,true,,primary_value,爆容,,,,111,EVM91_323b358daf69172e76,accepted
PROPM91_4f9144edeb3d3e808a,RELM91_048da219e0cad8e5bb,MATM91_1b01c990025d7dd268,三胍-16B,能量特性,威力,1.3 - 1.45 (相对TNT当量),,,,,,,,text_only,false,no_reliable_numeric_measurement,,,,,,111,EVM91_bbd693eb5ac5baea6f,accepted
PROPM91_5dcd4a5482c1ec7ba4,RELM91_f66cc6ed7668d2bf1e,MATM91_1b01c990025d7dd268,三胍-16B,能量特性,燃烧速度(发射药、推进剂),"速燃且极其猛烈的层燃,具有极高的压力增长率系数",,,,,,,极高|高,qualitative_only,false,no_reliable_numeric_measurement,,,,,,111,EVM91_7327e82c8f462a5c78,accepted
PROPM91_b54f43cf1b24d2a338,RELM91_ecc54a77b568c593c7,MATM91_1b01c990025d7dd268,三胍-16B,能量特性,火药力(发射药),1200 - 1300 kJ/kg (目前三基发射药的工程应用极限),,1200,1300,kJ/kg,explicit_or_field_specific,,,validated_range,true,,primary_value,火药力(发射药),,,,111,EVM91_40e365e86d37e0b938,accepted
PROPM91_ae28a4055d49258296,RELM91_a40611aab268586e61,MATM91_5047ed7a11bf11ee1e,三胍-16A,理化性质,分子量(单质),NQ: 104.07; 其他为混合物,,,,,,,,qualitative_only,false,no_reliable_numeric_measurement,,,,,,112,EVM91_bd2d017ae47217b98d,accepted
PROPM91_1ba365c5682ff1ca97,RELM91_c7b2b927756a0159b1,MATM91_5047ed7a11bf11ee1e,三胍-16A,理化性质,密度,真密度: 1.68 - 1.72 g/cm3; 堆积密度: 1.00 - 1.15 g/cm3,,,,,,,,multiple_measurements,false,multiple_primary_measurements,,密度,,,,112,EVM91_4bc15fba6793c69aee,accepted
PROPM91_be75fefb561205d399,RELM91_cd8141691f90b7eb35,MATM91_5047ed7a11bf11ee1e,三胍-16A,理化性质,外观,"灰色或深灰色致密颗粒,表面通常有石墨光泽",,,,,,,,text_only,false,no_reliable_numeric_measurement,,,,,,112,EVM91_c622e097c77d224e9c,accepted
PROPM91_b19429a1885c7360df,RELM91_ec253fff8697d470c0,MATM91_5047ed7a11bf11ee1e,三胍-16A,理化性质,溶解性,部分溶于丙酮、乙酸乙酯,,,,,,,,text_only,false,no_reliable_numeric_measurement,,,,,,112,EVM91_2582a7f328bafe0671,accepted
PROPM91_26a39be90589d799b5,RELM91_39fca7609be6adbb07,MATM91_5047ed7a11bf11ee1e,三胍-16A,理化性质,挥发性,≤ 1.4%,1.4,,,%,explicit_or_field_specific,<=,,validated_single,true,,primary_value,挥发性,<=,,,112,EVM91_7baeade423a5a48efe,accepted
PROPM91_bcbf99409475c7b169,RELM91_3153c4c96ac33e6fad,MATM91_5047ed7a11bf11ee1e,三胍-16A,安全特性,摩擦感度(需对应不同测试条件),≤ 28%,28,,,%,explicit_or_field_specific,<=,,validated_single,true,,explosion_probability,摩擦感度,<=,,,112,EVM91_ad8ec0d7c961d4f879,accepted
PROPM91_ceac00a37efdc51508,RELM91_bf9c99e12dd3b9053c,MATM91_5047ed7a11bf11ee1e,三胍-16A,安全特性,撞击感度(需对应不同测试条件),≤ 40%,40,,,%,explicit_or_field_specific,<=,,validated_single,true,,explosion_probability,,<=,,,112,EVM91_8b3307625e2c70175f,accepted
PROPM91_cba0b3a43a39ed6fb4,RELM91_17bc67b1b6300e5a04,MATM91_5047ed7a11bf11ee1e,三胍-16A,安全特性,冲击感度,中等 (抗冲击稳定性较好),,,,,,,中等,qualitative_only,false,no_reliable_numeric_measurement,,,,,,112,EVM91_9d2ba2554519d31d84,accepted
PROPM91_0d2f4041c22a207434,RELM91_783e657432a822f0a2,MATM91_5047ed7a11bf11ee1e,三胍-16A,安全特性,火焰感度,极高 (点火响应快),,,,,,,极高|高,qualitative_only,false,no_reliable_numeric_measurement,,,,,,112,EVM91_7846fc3b1c1009895b,accepted
PROPM91_17e487f65a3816b31b,RELM91_4451b1555f37605219,MATM91_5047ed7a11bf11ee1e,三胍-16A,安全特性,静电感度(需对应不同测试条件),较低 (石墨导电层保护),,,,,,,较低|低,qualitative_only,false,no_reliable_numeric_measurement,,,,,,112,EVM91_9439ff9bd1b55e0d56,accepted
PROPM91_7f4231e604b85dbd64,RELM91_a331e0a397711fd001,MATM91_5047ed7a11bf11ee1e,三胍-16A,安全特性,热感度(5s爆发点),210°C - 225°C,,,,,,,,multiple_measurements,false,multiple_primary_measurements,,热感度(5s爆发点),,,5,112,EVM91_025815f5461fb61559,accepted
PROPM91_98c8b516ee92ab0356,RELM91_9311043333e3e9257e,MATM91_5047ed7a11bf11ee1e,三胍-16A,安全特性,电火花感度,中等,,,,,,,中等,qualitative_only,false,no_reliable_numeric_measurement,,,,,,112,EVM91_58acb9057db8dca196,accepted
PROPM91_7bd9b7516496b65a8f,RELM91_846500acae99c9cd42,MATM91_5047ed7a11bf11ee1e,三胍-16A,安全特性,吸湿性,≤ 1.0%,1.0,,,%,explicit_or_field_specific,<=,,validated_single,true,,primary_value,吸湿性,<=,,,112,EVM91_b95c3f54c1d8684065,accepted
PROPM91_45b70af245a93fe562,RELM91_ce03c69b7d7ded9f2e,MATM91_5047ed7a11bf11ee1e,三胍-16A,安全特性,熔点,无 (受热分解),,,,,,,无,qualitative_only,false,no_reliable_numeric_measurement,,,,,,112,EVM91_9899031799ea26dc5a,accepted
PROPM91_4a8bd551349eaa499f,RELM91_c509ccaee7e75ff048,MATM91_5047ed7a11bf11ee1e,三胍-16A,安全特性,分解温度,175°C - 185°C,,,,,,,,multiple_measurements,false,multiple_primary_measurements,,分解温度,,,,112,EVM91_2c5e477f8f0c9b7203,accepted
PROPM91_0121da6658c89b5c30,RELM91_fe0a87c2533fbced40,MATM91_5047ed7a11bf11ee1e,三胍-16A,能量特性,爆速,不适用 (层燃; 转爆轰约 7800 m/s),7800,,,m/s,explicit_or_field_specific,~,,validated_single,true,,primary_value,爆速,~,,,112,EVM91_d9523ff5dca959e638,accepted
PROPM91_95dcb099f63dd64b20,RELM91_ba7c683be4c0368abe,MATM91_5047ed7a11bf11ee1e,三胍-16A,能量特性,爆温,3000 - 3150 K (高能中爆温),,3000,3150,℃,explicit_or_field_specific,,高,validated_range,true,,primary_value,爆温,,,,112,EVM91_dafb304bec4b98f836,accepted
PROPM91_40ff6c7e276a3933bf,RELM91_d1375585145eb5908f,MATM91_5047ed7a11bf11ee1e,三胍-16A,能量特性,爆压,最高设计工作膛压 450 - 550 MPa,,450,550,MPa,explicit_or_field_specific,,高,validated_range,true,,primary_value,爆压,,,,112,EVM91_bda3bbe575200d1a0d,accepted
PROPM91_ebd355203101a90253,RELM91_0180ff893809597dd4,MATM91_5047ed7a11bf11ee1e,三胍-16A,能量特性,爆容,1050 - 1150 L/kg,,1050,1150,L/kg,explicit_or_field_specific,,,validated_range,true,,primary_value,爆容,,,,112,EVM91_09c3331a45e099d304,accepted
PROPM91_86e40b98518fac31a7,RELM91_3c4449fd4f0420ce2f,MATM91_5047ed7a11bf11ee1e,三胍-16A,能量特性,威力,1.25 - 1.35 (相对TNT),,,,,,,,text_only,false,no_reliable_numeric_measurement,,,,,,112,EVM91_a678cd11777b0cbf6d,accepted
PROPM91_a2c840fe895f940e8e,RELM91_7c633b2544c56dd5fe,MATM91_5047ed7a11bf11ee1e,三胍-16A,能量特性,燃烧速度(发射药、推进剂),"平稳层燃,燃速受NG含量调节,爆发力强",,,,,,,强,qualitative_only,false,no_reliable_numeric_measurement,,,,,,112,EVM91_56d4bbe32dbdc9e107,accepted
PROPM91_eca29295a9fc152f43,RELM91_c38e93292d86c00314,MATM91_5047ed7a11bf11ee1e,三胍-16A,能量特性,火药力(发射药),1180 - 1250 kJ/kg,,1180,1250,kJ/kg,explicit_or_field_specific,,,validated_range,true,,primary_value,火药力(发射药),,,,112,EVM91_1022fd56e76af97e22,accepted
PROPM91_8d2db08577eb13ce5f,RELM91_a1209301590e97c4ee,MATM91_230c045103b3eaa85c,棒状开槽发射药A,理化性质,分子量(单质),变量 (混合物),,,,,,,,qualitative_only,false,no_reliable_numeric_measurement,,,,,,113,EVM91_f1e0355e3451a0619f,accepted
PROPM91_81cf0caa01ba7a7d1d,RELM91_117bf3d5d2e7e5806d,MATM91_230c045103b3eaa85c,棒状开槽发射药A,理化性质,密度,真密度: 1.58 - 1.63 g/cm3; 堆积密度: 0.85 - 0.95 g/cm3,,,,,,,,multiple_measurements,false,multiple_primary_measurements,,密度,,,,113,EVM91_57a83937ca99dd3685,accepted
PROPM91_d7c7ea82187cf23cb8,RELM91_b60b3ab562234ae353,MATM91_230c045103b3eaa85c,棒状开槽发射药A,理化性质,外观,"淡黄色至浅褐色颗粒,呈棒状(杆状),具有纵向开槽,质地坚韧",,,,,,,,text_only,false,no_reliable_numeric_measurement,,,,,,113,EVM91_cb62c77c712691eaaf,accepted
PROPM91_52632a9882a67cf081,RELM91_8d90252bd86188faa1,MATM91_230c045103b3eaa85c,棒状开槽发射药A,理化性质,溶解性,"不溶于水,易溶于丙酮、乙酸乙酯",,,,,,,,text_only,false,no_reliable_numeric_measurement,,,,,,113,EVM91_0de9d1ae02da1403ec,accepted
PROPM91_121b6b87a9cc0b9ac2,RELM91_fa6a5e8b841a4c5063,MATM91_230c045103b3eaa85c,棒状开槽发射药A,理化性质,挥发性,低 (≤ 1.5%),1.5,,,%,explicit_or_field_specific,<=,低,validated_single,true,,primary_value,挥发性,<=,,,113,EVM91_10042cb3519563ff9a,accepted
PROPM91_9e1be23de65d55446b,RELM91_b9a9b0931f7267c91d,MATM91_230c045103b3eaa85c,棒状开槽发射药A,安全特性,摩擦感度(需对应不同测试条件),低 (≤ 15%),15,,,%,explicit_or_field_specific,<=,低,validated_single,true,,explosion_probability,摩擦感度,<=,,,113,EVM91_d431d8a9c3fc66f54b,accepted
PROPM91_3d3be3791a2e455e52,RELM91_113ebe01e9d01335ad,MATM91_230c045103b3eaa85c,棒状开槽发射药A,安全特性,撞击感度(需对应不同测试条件),低 (≤ 20%),20,,,%,explicit_or_field_specific,<=,低,validated_single,true,,explosion_probability,,<=,,,113,EVM91_d6e860e05e2b7fb8e4,accepted
PROPM91_dcba9fbcd4efbbfbcb,RELM91_392fd8f9436998c19f,MATM91_230c045103b3eaa85c,棒状开槽发射药A,安全特性,冲击感度,低 (不易产生燃转爆),,,,,,,低,qualitative_only,false,no_reliable_numeric_measurement,,,,,,113,EVM91_48fc49c3470e370adb,accepted
PROPM91_8830c7e8db41d279bf,RELM91_22da3a9b6ede746b1a,MATM91_230c045103b3eaa85c,棒状开槽发射药A,安全特性,火焰感度,"高 (由于无厚石墨涂层,极易被火星引燃)",,,,,,,高|无,qualitative_only,false,no_reliable_numeric_measurement,,,,,,113,EVM91_087df252468cc709fb,accepted
PROPM91_fcb6b652b79516b61a,RELM91_c8c70fd126ecf9aa3b,MATM91_230c045103b3eaa85c,棒状开槽发射药A,安全特性,静电感度(需对应不同测试条件),中等 (需注意防静电),,,,,,,中等,qualitative_only,false,no_reliable_numeric_measurement,,,,,,113,EVM91_b7caecb88ba3690658,accepted
PROPM91_397d95606c749e5870,RELM91_38abe794eb61bb1571,MATM91_230c045103b3eaa85c,棒状开槽发射药A,安全特性,热感度(5s爆发点),190°C - 205°C,,,,,,,,multiple_measurements,false,multiple_primary_measurements,,热感度(5s爆发点),,,5,113,EVM91_ff5f7a965b187ce900,accepted
PROPM91_51892756b24a9e08c2,RELM91_0d734581f422d10a7b,MATM91_230c045103b3eaa85c,棒状开槽发射药A,安全特性,电火花感度,中等,,,,,,,中等,qualitative_only,false,no_reliable_numeric_measurement,,,,,,113,EVM91_9d773ed2ea901f7abc,accepted
PROPM91_c9d0cdb504226becd4,RELM91_a8bdc76ac8b528da8d,MATM91_230c045103b3eaa85c,棒状开槽发射药A,安全特性,吸湿性,中等 (≤ 1.5%),1.5,,,%,explicit_or_field_specific,<=,中等,validated_single,true,,primary_value,吸湿性,<=,,,113,EVM91_ee72ac8bc35ba4018a,accepted
PROPM91_7772de7c6439ef9b38,RELM91_3e6cba75e14beacdb1,MATM91_230c045103b3eaa85c,棒状开槽发射药A,安全特性,熔点,无 (受热分解),,,,,,,无,qualitative_only,false,no_reliable_numeric_measurement,,,,,,113,EVM91_0dce65099e5af32b1f,accepted
PROPM91_3ced1b67df5552eeec,RELM91_a3b7abd0a34cafe114,MATM91_230c045103b3eaa85c,棒状开槽发射药A,安全特性,分解温度,175°C - 185°C,,,,,,,,multiple_measurements,false,multiple_primary_measurements,,分解温度,,,,113,EVM91_f6c25c52c2658ceab5,accepted
PROPM91_584822dea13189c6e8,RELM91_35a064e5fccee43ea6,MATM91_230c045103b3eaa85c,棒状开槽发射药A,能量特性,爆速,不适用 (用于可控燃烧; 转爆轰时约 5500-6000 m/s),,5500,6000,m/s,explicit_or_field_specific,~,,validated_range,true,,primary_value,爆速,~,,,113,EVM91_672efa237509f40f1e,accepted
PROPM91_218c2df08b0242838c,RELM91_07064cd992c8f4c12a,MATM91_230c045103b3eaa85c,棒状开槽发射药A,能量特性,爆温,2600 - 2850 K,,2600,2850,℃,explicit_or_field_specific,,,validated_range,true,,primary_value,爆温,,,,113,EVM91_656f35f1fc55faff58,accepted
PROPM91_708f82ec0b7990e175,RELM91_9ca4ce7cbe8d5655d8,MATM91_230c045103b3eaa85c,棒状开槽发射药A,能量特性,爆压,最高设计工作膛压通常在 250 - 350 MPa,,250,350,MPa,explicit_or_field_specific,,高,validated_range,true,,primary_value,爆压,,,,113,EVM91_0a2674a5d36b02a2d4,accepted
PROPM91_1a79fd8ee611d164e2,RELM91_548450335c6170c076,MATM91_230c045103b3eaa85c,棒状开槽发射药A,能量特性,爆容,900 - 1000 L/kg,,900,1000,L/kg,explicit_or_field_specific,,,validated_range,true,,primary_value,爆容,,,,113,EVM91_b6f5b927c9c647eb71,accepted
PROPM91_2521b20ef04f2d371c,RELM91_62c2ee81a47aa4d1ff,MATM91_230c045103b3eaa85c,棒状开槽发射药A,能量特性,威力,0.8 - 0.95 (相对于TNT),,,,,,,,text_only,false,no_reliable_numeric_measurement,,,,,,113,EVM91_1cc51caca626be17cd,accepted
PROPM91_26bff4e8370e6c2cb4,RELM91_8858ed4e91264e5c02,MATM91_230c045103b3eaa85c,棒状开槽发射药A,能量特性,燃烧速度(发射药、推进剂),"平稳,开槽结构调节燃烧面积以维持压力恒定",,,,,,,,qualitative_only,false,no_reliable_numeric_measurement,,,,,,113,EVM91_15adb8a5b76bc52071,accepted
PROPM91_c3e76ea0e3256f3576,RELM91_cf1406380a28664a3d,MATM91_230c045103b3eaa85c,棒状开槽发射药A,能量特性,火药力(发射药),940 - 960 kJ/kg,,940,960,kJ/kg,explicit_or_field_specific,,,validated_range,true,,primary_value,火药力(发射药),,,,113,EVM91_3c6476fad082b2dc0c,accepted
PROPM91_b06aad376680deff59,RELM91_d26b69dbbdd11ac209,MATM91_781666beaf3cc0074a,"酯太-11A,",理化性质,分子量(单质),PETN: 316.14; 其他为混合物,,,,,,,,qualitative_only,false,no_reliable_numeric_measurement,,,,,,115,EVM91_a1d2ae4ceee8ec2677,accepted
PROPM91_d5f01086439ea4124f,RELM91_6a22463c08cac64bd7,MATM91_781666beaf3cc0074a,"酯太-11A,",理化性质,密度,真密度: 1.63 - 1.68 g/cm3; 堆积密度: 0.95 - 1.10 g/cm3,,,,,,,,multiple_measurements,false,multiple_primary_measurements,,密度,,,,115,EVM91_0c5d61f479aac137cd,accepted
PROPM91_73ef0983b3eb768105,RELM91_64bbb56aff36289ed4,MATM91_781666beaf3cc0074a,"酯太-11A,",理化性质,外观,"深灰色或黑色颗粒/柱状/管状,表面致密,通常具有石墨光泽",,,,,,,,text_only,false,no_reliable_numeric_measurement,,,,,,115,EVM91_2099abd437af21ebb4,accepted
PROPM91_cda2e7a243ed0b7a98,RELM91_93c934f6a6d7ab3fb8,MATM91_781666beaf3cc0074a,"酯太-11A,",理化性质,溶解性,部分溶于丙酮、乙酸乙酯;PETN组分在常温有机溶剂中溶解度有限,,,,,,,,text_only,false,no_reliable_numeric_measurement,,,,,,115,EVM91_08f59d1e5b99a580fb,accepted
PROPM91_543b4be3d992f7580d,RELM91_e5fd9aabf15ea43c9a,MATM91_781666beaf3cc0074a,"酯太-11A,",理化性质,挥发性,≤ 1.2% (需注意NG和PETN的稳定性),1.2,,,%,explicit_or_field_specific,<=,,validated_single,true,,primary_value,挥发性,<=,,,115,EVM91_e9b1efc6f044a24c13,accepted
PROPM91_502d900e6c087f1953,RELM91_9aade23780a72ec99d,MATM91_781666beaf3cc0074a,"酯太-11A,",安全特性,摩擦感度(需对应不同测试条件),中等 (≤ 35%),35,,,%,explicit_or_field_specific,<=,中等,validated_single,true,,explosion_probability,摩擦感度,<=,,,115,EVM91_cdd0194b618174e849,accepted
PROPM91_baf9f4daf7f85664ad,RELM91_bb9d21634227970bd0,MATM91_781666beaf3cc0074a,"酯太-11A,",安全特性,撞击感度(需对应不同测试条件),"中等偏高 (≤ 50%,受PETN和高NG含量影响,对机械撞击较敏感)",50,,,%,explicit_or_field_specific,<=,较敏感|敏感|中等|高,validated_single,true,,explosion_probability,,<=,,,115,EVM91_6b8e52f6c6660e88c1,accepted
PROPM91_d61a6971b816333db0,RELM91_5a63e69a511e347ff5,MATM91_781666beaf3cc0074a,"酯太-11A,",安全特性,冲击感度,"较高 (具有较强的燃转爆倾向,需严防强力冲击)",,,,,,,强|较强|高,qualitative_only,false,no_reliable_numeric_measurement,,,,,,115,EVM91_0852ab1771590eee4c,accepted
PROPM91_fe6059c1d42f31a0d9,RELM91_9d0097e90cb9b75181,MATM91_781666beaf3cc0074a,"酯太-11A,",安全特性,火焰感度,"极高 (响应极快,点火一致性好)",,,,,,,极高|高,qualitative_only,false,no_reliable_numeric_measurement,,,,,,115,EVM91_4859fe504ac108c880,accepted
PROPM91_626d937a08d3524ea4,RELM91_16c472cfcb733daef6,MATM91_781666beaf3cc0074a,"酯太-11A,",安全特性,静电感度(需对应不同测试条件),较低 (通常经过表面导电石墨化处理),,,,,,,较低|低,qualitative_only,false,no_reliable_numeric_measurement,,,,,,115,EVM91_b0ec43d68cb0abcff7,accepted
PROPM91_932c551e6c2add24f5,RELM91_59ea2029e8bf286ec4,MATM91_781666beaf3cc0074a,"酯太-11A,",安全特性,热感度(5s爆发点),180°C - 195°C,,,,,,,,multiple_measurements,false,multiple_primary_measurements,,热感度(5s爆发点),,,5,115,EVM91_afca004054500f2a1d,accepted
PROPM91_de747abe6cff8885e6,RELM91_84b867e243332a8dae,MATM91_781666beaf3cc0074a,"酯太-11A,",安全特性,电火花感度,中等敏感,,,,,,,中等敏感|敏感|中等,qualitative_only,false,no_reliable_numeric_measurement,,,,,,115,EVM91_8185ab869a3317b320,accepted
PROPM91_090c59db0af342d24b,RELM91_2b4ed22507fcc4ffbc,MATM91_781666beaf3cc0074a,"酯太-11A,",安全特性,吸湿性,低 (≤ 0.7%),0.7,,,%,explicit_or_field_specific,<=,低,validated_single,true,,primary_value,吸湿性,<=,,,115,EVM91_02f3e43faa5619a771,accepted
PROPM91_2b04fc06dead5afeb1,RELM91_2c979b81d0a4bccd9e,MATM91_781666beaf3cc0074a,"酯太-11A,",安全特性,熔点,无 (受热分解),,,,,,,无,qualitative_only,false,no_reliable_numeric_measurement,,,,,,115,EVM91_a0ec4a6fbd5030a4bf,accepted
PROPM91_09804492b2567a0ab6,RELM91_8dd8d640d939e697ca,MATM91_781666beaf3cc0074a,"酯太-11A,",安全特性,分解温度,165°C - 175°C,,,,,,,,multiple_measurements,false,multiple_primary_measurements,,分解温度,,,,115,EVM91_312c4d80029ea61c92,accepted
PROPM91_34ff980597e2c74fc3,RELM91_fc6bb84dbb6b56d7aa,MATM91_781666beaf3cc0074a,"酯太-11A,",能量特性,爆速,不适用 (作为发射药; 转爆轰时约 7000-7400 m/s),,7000,7400,m/s,explicit_or_field_specific,~,,validated_range,true,,primary_value,爆速,~,,,115,EVM91_09298d8deda610e513,accepted
PROPM91_f22359608b520405ec,RELM91_70f851f8aa1b98cd12,MATM91_781666beaf3cc0074a,"酯太-11A,",能量特性,爆温,3100 - 3400 K (高爆温),,3100,3400,℃,explicit_or_field_specific,,高,validated_range,true,,primary_value,爆温,,,,115,EVM91_86230326deb85cd583,accepted
PROPM91_22d11e1c0ed42d7c46,RELM91_dc92d7b077746856a6,MATM91_781666beaf3cc0074a,"酯太-11A,",能量特性,爆压,设计工作膛压通常在 350 - 500 MPa,,350,500,MPa,explicit_or_field_specific,,,validated_range,true,,primary_value,爆压,,,,115,EVM91_152b09c0689df7a4f4,accepted
PROPM91_0ae637fe66981cf2b8,RELM91_12cf1228ce3bdf2297,MATM91_781666beaf3cc0074a,"酯太-11A,",能量特性,爆容,950 - 1050 L/kg,,950,1050,L/kg,explicit_or_field_specific,,,validated_range,true,,primary_value,爆容,,,,115,EVM91_0774566328ee824499,accepted
PROPM91_4a41c991b7d0f3a9c1,RELM91_724798db9e52f2bc53,MATM91_781666beaf3cc0074a,"酯太-11A,",能量特性,威力,1.2 - 1.4 (相对于TNT),,,,,,,,text_only,false,no_reliable_numeric_measurement,,,,,,115,EVM91_4ed92b72e80f125066,accepted
PROPM91_d9423ad74e95fe0d40,RELM91_aeaf40c5a89f3b19da,MATM91_781666beaf3cc0074a,"酯太-11A,",能量特性,燃烧速度(发射药、推进剂),"平稳且猛烈的层燃,燃速受PETN含量调节,比冲较高",,,,,,,高,qualitative_only,false,no_reliable_numeric_measurement,,,,,,115,EVM91_905725dda3f291522f,accepted
PROPM91_93c22e96eda0c5a9d5,RELM91_cb9ff25bdb645d4fb0,MATM91_781666beaf3cc0074a,"酯太-11A,",能量特性,火药力(发射药),1100 - 1180 kJ/kg,,1100,1180,kJ/kg,explicit_or_field_specific,,,validated_range,true,,primary_value,火药力(发射药),,,,115,EVM91_d24ae250643c01a1f6,accepted
PROPM91_e7475e19ad0108caf4,RELM91_a6f0d0ddf5168cfd6c,MATM91_94756b8d6a2e13e284,酯太-12A,理化性质,分子量(单质),PETN: 316.14; 其他为混合物,,,,,,,,qualitative_only,false,no_reliable_numeric_measurement,,,,,,116,EVM91_a334a4f7013f2ba869,accepted
PROPM91_1accbe78416b97ff10,RELM91_0d8a55c164cc3a6e67,MATM91_94756b8d6a2e13e284,酯太-12A,理化性质,密度,真密度: 1.65 - 1.70 g/cm3; 堆积密度: 0.98 - 1.15 g/cm3,,,,,,,,multiple_measurements,false,multiple_primary_measurements,,密度,,,,116,EVM91_368088365f0f305d97,accepted
PROPM91_5b804f6a91ab674941,RELM91_6a84d2166e7a327315,MATM91_94756b8d6a2e13e284,酯太-12A,理化性质,外观,"深灰色、黑色或棕色致密颗粒,表面通常具有石墨光泽,质地坚实",,,,,,,,text_only,false,no_reliable_numeric_measurement,,,,,,116,EVM91_a70a26875a80126cd3,accepted
PROPM91_581f6e91365d2c35cd,RELM91_e5de33298f209b2a03,MATM91_94756b8d6a2e13e284,酯太-12A,理化性质,溶解性,部分溶于丙酮、乙酸乙酯;高含量PETN组分溶解性受限,,,,,,,高,text_only,false,no_reliable_numeric_measurement,,,,,,116,EVM91_ed876a6fa333ff7f73,accepted
PROPM91_d2766b3efd7a4d0887,RELM91_83ca42e29d41fd0b8f,MATM91_94756b8d6a2e13e284,酯太-12A,理化性质,挥发性,≤ 1.5% (需严密监控组分稳定性),1.5,,,%,explicit_or_field_specific,<=,,validated_single,true,,primary_value,挥发性,<=,,,116,EVM91_381beb526436d9cef6,accepted
PROPM91_8f0d96f8d39afa1e84,RELM91_7448997b08dfa36454,MATM91_94756b8d6a2e13e284,酯太-12A,安全特性,摩擦感度(需对应不同测试条件),中等 (≤ 40%),40,,,%,explicit_or_field_specific,<=,中等,validated_single,true,,explosion_probability,摩擦感度,<=,,,116,EVM91_e44c423eeb50dd764d,accepted
PROPM91_ad4bd6ed1fe6c2091f,RELM91_b5d766d6dfdcfb7d5c,MATM91_94756b8d6a2e13e284,酯太-12A,安全特性,撞击感度(需对应不同测试条件),"较高 (≤ 60%,受高含量PETN和NG共同影响)",60,,,%,explicit_or_field_specific,<=,高,validated_single,true,,explosion_probability,,<=,,,116,EVM91_68dd79c1fcdd80d436,accepted
PROPM91_3cd7c35722d257d3d0,RELM91_17c19c23306adb7a75,MATM91_94756b8d6a2e13e284,酯太-12A,安全特性,冲击感度,较高 (极易产生由燃转爆DDT过程),,,,,,,高,qualitative_only,false,no_reliable_numeric_measurement,,,,,,116,EVM91_cd3f34bd5a36dd769d,accepted
PROPM91_e62931209b075421cc,RELM91_a5eb486714b893ae6d,MATM91_94756b8d6a2e13e284,酯太-12A,安全特性,火焰感度,极高 (点火响应极其猛烈),,,,,,,极高|高,qualitative_only,false,no_reliable_numeric_measurement,,,,,,116,EVM91_53745f1de04c55b3ab,accepted
PROPM91_7437cf33530646b11d,RELM91_b8a44a51f5608657d0,MATM91_94756b8d6a2e13e284,酯太-12A,安全特性,静电感度(需对应不同测试条件),较低 (表面导电处理),,,,,,,较低|低,qualitative_only,false,no_reliable_numeric_measurement,,,,,,116,EVM91_57ae2f2cf29c22b53b,accepted
PROPM91_5d158da2cb2a545965,RELM91_de3ebeb0a043b35081,MATM91_94756b8d6a2e13e284,酯太-12A,安全特性,热感度(5s爆发点),175°C - 190°C,,,,,,,,multiple_measurements,false,multiple_primary_measurements,,热感度(5s爆发点),,,5,116,EVM91_f4faf38a71b4d0c872,accepted
PROPM91_e3bcd41cf3b35a557c,RELM91_c56766d86316737818,MATM91_94756b8d6a2e13e284,酯太-12A,安全特性,电火花感度,中等敏感,,,,,,,中等敏感|敏感|中等,qualitative_only,false,no_reliable_numeric_measurement,,,,,,116,EVM91_9bef0e5ba854bb2701,accepted
PROPM91_ddf0b0e2268c4e67e1,RELM91_5a573a636f116b3105,MATM91_94756b8d6a2e13e284,酯太-12A,安全特性,吸湿性,低 (≤ 0.8%),0.8,,,%,explicit_or_field_specific,<=,低,validated_single,true,,primary_value,吸湿性,<=,,,116,EVM91_66dd37449bd81b916e,accepted
PROPM91_2fadabad24c3fe1989,RELM91_9a42f278e0fbd8296f,MATM91_94756b8d6a2e13e284,酯太-12A,安全特性,熔点,无 (受热分解),,,,,,,无,qualitative_only,false,no_reliable_numeric_measurement,,,,,,116,EVM91_3762d2f5302dbde0fc,accepted
PROPM91_604d818088c6b12f35,RELM91_45511f3898f954e935,MATM91_94756b8d6a2e13e284,酯太-12A,安全特性,分解温度,160°C - 170°C,,,,,,,,multiple_measurements,false,multiple_primary_measurements,,分解温度,,,,116,EVM91_91d6aa4cdecd1e5f20,accepted
PROPM91_ee162f16329cdc517a,RELM91_17fcb8550b54d358d8,MATM91_94756b8d6a2e13e284,酯太-12A,能量特性,爆速,不适用 (发射药设计; 转爆轰时约 7200-7500 m/s),,7200,7500,m/s,explicit_or_field_specific,~,,validated_range,true,,primary_value,爆速,~,,,116,EVM91_fb913f9fe3af71779e,accepted
PROPM91_dcf1e695bc51cbdff3,RELM91_c693c121c619e55f5d,MATM91_94756b8d6a2e13e284,酯太-12A,能量特性,爆温,3300 - 3600 K (极高爆温),,3300,3600,℃,explicit_or_field_specific,,极高|高,validated_range,true,,primary_value,爆温,,,,116,EVM91_567ff4ecd02f0c7b5e,accepted
PROPM91_7c5c4ffaf3fd15498d,RELM91_ee8b50a7ee4087a34b,MATM91_94756b8d6a2e13e284,酯太-12A,能量特性,爆压,设计工作膛压通常在 400 - 550 MPa,,400,550,MPa,explicit_or_field_specific,,,validated_range,true,,primary_value,爆压,,,,116,EVM91_669ea4392c1fcc6a85,accepted
PROPM91_64b4411851c672e9de,RELM91_f25f71da76d1477cf2,MATM91_94756b8d6a2e13e284,酯太-12A,能量特性,爆容,1000 - 1150 L/kg,,1000,1150,L/kg,explicit_or_field_specific,,,validated_range,true,,primary_value,爆容,,,,116,EVM91_ff170f943eac876ed0,accepted
PROPM91_56c57d9336d8ea7948,RELM91_304bf89743239cee72,MATM91_94756b8d6a2e13e284,酯太-12A,能量特性,威力,1.3 - 1.5 (相对于TNT当量),,,,,,,,text_only,false,no_reliable_numeric_measurement,,,,,,116,EVM91_ec0c3ae5aaf978a02f,accepted
PROPM91_260b8223d9b811d287,RELM91_e5ef468c9058ef4661,MATM91_94756b8d6a2e13e284,酯太-12A,能量特性,燃烧速度(发射药、推进剂),"燃速高且受压强指数影响显著,具有极强的爆发推动力",,,,,,,强|高,qualitative_only,false,no_reliable_numeric_measurement,,,,,,116,EVM91_122dd8dc0c727a53e7,accepted
PROPM91_c59e5b1868aad90a48,RELM91_ad106ddb31fed53552,MATM91_94756b8d6a2e13e284,酯太-12A,能量特性,火药力(发射药),1150 - 1230 kJ/kg (属于超高能改性双基药),,1150,1230,kJ/kg,explicit_or_field_specific,,高,validated_range,true,,primary_value,火药力(发射药),,,,116,EVM91_b0f14320ba2b39658d,accepted
PROPM91_2a7b1a660a675278a1,RELM91_aa855ac16292b3d073,MATM91_1815c42ca36f13a270,高能低烧蚀叠氮硝胺发射药,理化性质,分子量(单质),RDX: 222.12; 其他为聚合物,,,,,,,,qualitative_only,false,no_reliable_numeric_measurement,,,,,,118,EVM91_ce3c7fd3c593999f9c,accepted
PROPM91_87a591f18362ab2a48,RELM91_049fe6f19702d7620d,MATM91_1815c42ca36f13a270,高能低烧蚀叠氮硝胺发射药,理化性质,密度,真密度: 1.60 - 1.68 g/cm3; 堆积密度: 0.95 - 1.10 g/cm3,,,,,,,,multiple_measurements,false,multiple_primary_measurements,,密度,,,,118,EVM91_2abfe2dc54cae894e4,accepted
PROPM91_5c91ef4f44c086ccb6,RELM91_532a8e3404327034f7,MATM91_1815c42ca36f13a270,高能低烧蚀叠氮硝胺发射药,理化性质,外观,"黑色或深灰色颗粒,通常加工为多孔柱状以实现递增燃烧",,,,,,,,text_only,false,no_reliable_numeric_measurement,,,,,,118,EVM91_85717dbf274a8d0ab9,accepted
PROPM91_4b848548886ac851f1,RELM91_97b3d767cca50b42b7,MATM91_1815c42ca36f13a270,高能低烧蚀叠氮硝胺发射药,理化性质,溶解性,部分溶于丙酮、乙酸乙酯,,,,,,,,text_only,false,no_reliable_numeric_measurement,,,,,,118,EVM91_4d32aeb82894d2bf64,accepted
PROPM91_b3534dd3a76d93efa7,RELM91_c7fac4f37bd9c4548f,MATM91_1815c42ca36f13a270,高能低烧蚀叠氮硝胺发射药,理化性质,挥发性,低 (≤ 1.0%),1.0,,,%,explicit_or_field_specific,<=,低,validated_single,true,,primary_value,挥发性,<=,,,118,EVM91_5ffb180c00eceaf5c1,accepted
PROPM91_b400abcf0b568d7194,RELM91_3f53cff3e5321c1969,MATM91_1815c42ca36f13a270,高能低烧蚀叠氮硝胺发射药,安全特性,摩擦感度(需对应不同测试条件),中等 (≤ 35%),35,,,%,explicit_or_field_specific,<=,中等,validated_single,true,,explosion_probability,摩擦感度,<=,,,118,EVM91_480a68295c02caa3e7,accepted
PROPM91_5de55ecfcf4951a6cd,RELM91_4d3bcaa7406e4c4e5f,MATM91_1815c42ca36f13a270,高能低烧蚀叠氮硝胺发射药,安全特性,撞击感度(需对应不同测试条件),"中等 (≤ 45%,取决于硝胺的粒度分布和钝感效果)",45,,,%,explicit_or_field_specific,<=,中等,validated_single,true,,explosion_probability,,<=,,,118,EVM91_19ee5a4f0486025b0b,accepted
PROPM91_765d5807ca0fa0cd5c,RELM91_97479fa7e094b6f239,MATM91_1815c42ca36f13a270,高能低烧蚀叠氮硝胺发射药,安全特性,冲击感度,中等 (在大口径装填下需严防燃转爆风险),,,,,,,中等,qualitative_only,false,no_reliable_numeric_measurement,,,,,,118,EVM91_4cc14dd5a4ecab7a00,accepted
PROPM91_2a70cd0f301dd49726,RELM91_51c8f601dbd2f44c06,MATM91_1815c42ca36f13a270,高能低烧蚀叠氮硝胺发射药,安全特性,火焰感度,极高 (点火响应极其迅速一致),,,,,,,极高|高,qualitative_only,false,no_reliable_numeric_measurement,,,,,,118,EVM91_450796b6529e51aa41,accepted
PROPM91_cca4456cfb1f72d141,RELM91_6124c62dfb02e2751d,MATM91_1815c42ca36f13a270,高能低烧蚀叠氮硝胺发射药,安全特性,静电感度(需对应不同测试条件),较低 (表面经过石墨导电处理),,,,,,,较低|低,qualitative_only,false,no_reliable_numeric_measurement,,,,,,118,EVM91_1f8ba0c27a56f9b11e,accepted
PROPM91_ab1db24555bde31848,RELM91_17eb3a130a7b72d3ef,MATM91_1815c42ca36f13a270,高能低烧蚀叠氮硝胺发射药,安全特性,热感度(5s爆发点),200°C - 220°C,,,,,,,,multiple_measurements,false,multiple_primary_measurements,,热感度(5s爆发点),,,5,118,EVM91_76f1594ba96a632849,accepted
PROPM91_0592b94a88647e0d74,RELM91_bec6de8b5b20762982,MATM91_1815c42ca36f13a270,高能低烧蚀叠氮硝胺发射药,安全特性,电火花感度,中等,,,,,,,中等,qualitative_only,false,no_reliable_numeric_measurement,,,,,,118,EVM91_a5a52d18aee34a4ea4,accepted
PROPM91_0ceeb033d2c2447219,RELM91_7051e4026403ac9917,MATM91_1815c42ca36f13a270,高能低烧蚀叠氮硝胺发射药,安全特性,吸湿性,"极低 (≤ 0.6%,含能组分多具有疏水性)",0.6,,,%,explicit_or_field_specific,<=,低|极低,validated_single,true,,primary_value,吸湿性,<=,,,118,EVM91_49ff1ccd7d27dd3c1e,accepted
PROPM91_6ed4f1786b7ab5b05b,RELM91_f6d3f160436969ee0b,MATM91_1815c42ca36f13a270,高能低烧蚀叠氮硝胺发射药,安全特性,熔点,无 (受热分解),,,,,,,无,qualitative_only,false,no_reliable_numeric_measurement,,,,,,118,EVM91_4b051720297194a608,accepted
PROPM91_63dd002d4d8e45940f,RELM91_96ad4b072cd1085a8c,MATM91_1815c42ca36f13a270,高能低烧蚀叠氮硝胺发射药,安全特性,分解温度,180°C - 195°C,,,,,,,,multiple_measurements,false,multiple_primary_measurements,,分解温度,,,,118,EVM91_31616f78d6dfd31dfb,accepted
PROPM91_cb6350771db75e7c4a,RELM91_0446dd6ac149040c57,MATM91_1815c42ca36f13a270,高能低烧蚀叠氮硝胺发射药,能量特性,爆速,不适用 (设计层燃; 转爆轰时约 7500-8000 m/s),,7500,8000,m/s,explicit_or_field_specific,~,,validated_range,true,,primary_value,爆速,~,,,118,EVM91_59cfef9775acf49ba1,accepted
PROPM91_9d7e20228752ca4f8f,RELM91_f3217342518d0775d3,MATM91_1815c42ca36f13a270,高能低烧蚀叠氮硝胺发射药,能量特性,爆温,2600 - 2900 K (高能低温的典型特征),,2600,2900,℃,explicit_or_field_specific,,低|高,validated_range,true,,primary_value,爆温,,,,118,EVM91_a210a67ab71c2138aa,accepted
PROPM91_6e5d7b5fb553d5c277,RELM91_789a8f57479be10fab,MATM91_1815c42ca36f13a270,高能低烧蚀叠氮硝胺发射药,能量特性,爆压,最高设计工作膛压 450 - 600 MPa,,450,600,MPa,explicit_or_field_specific,,高,validated_range,true,,primary_value,爆压,,,,118,EVM91_6ca201f4601e727c51,accepted
PROPM91_bd5bf37e309eeefdec,RELM91_fbbba2511f413803cf,MATM91_1815c42ca36f13a270,高能低烧蚀叠氮硝胺发射药,能量特性,爆容,1000 - 1200 L/kg (高气量输出),,1000,1200,L/kg,explicit_or_field_specific,,高,validated_range,true,,primary_value,爆容,,,,118,EVM91_35ba11392c3f09a588,accepted
PROPM91_7b2504c7c97b441be9,RELM91_20366bb14fe90b02a7,MATM91_1815c42ca36f13a270,高能低烧蚀叠氮硝胺发射药,能量特性,威力,1.2 - 1.4 (相对TNT),,,,,,,,text_only,false,no_reliable_numeric_measurement,,,,,,118,EVM91_a06e985d4c88c41204,accepted
PROPM91_78d4c11099e4f3f9a7,RELM91_3b43083dc7e95f8943,MATM91_1815c42ca36f13a270,高能低烧蚀叠氮硝胺发射药,能量特性,燃烧速度(发射药、推进剂),"平稳层燃,具有优异的几何燃烧调节特性",,,,,,,,qualitative_only,false,no_reliable_numeric_measurement,,,,,,118,EVM91_c7994050de5e4c26ca,accepted
PROPM91_5ece716ce3f0f315a9,RELM91_2dedac74174b1b50b0,MATM91_1815c42ca36f13a270,高能低烧蚀叠氮硝胺发射药,能量特性,火药力(发射药),1150 - 1300 kJ/kg (高性能发射药级),,1150,1300,kJ/kg,explicit_or_field_specific,,高,validated_range,true,,primary_value,火药力(发射药),,,,118,EVM91_dd3fd507a6fac917d9,accepted
PROPM91_ca28e08bfa05e33353,RELM91_26e17d72bc7d302750,MATM91_afa7e9b2bd8f1dee34,高能硝胺发射药,理化性质,分子量(单质),RDX: 222.12; 混合物,,,,,,,,qualitative_only,false,no_reliable_numeric_measurement,,,,,,119,EVM91_4732995c3941752957,accepted
PROPM91_0cd506bd51d77fd0d9,RELM91_e317ddbdfc504e31ee,MATM91_afa7e9b2bd8f1dee34,高能硝胺发射药,理化性质,密度,真密度: 1.65 - 1.74 g/cm3; 堆积密度: 1.00 - 1.15 g/cm3,,,,,,,,multiple_measurements,false,multiple_primary_measurements,,密度,,,,119,EVM91_a81ddfd2d5ce6b0f09,accepted
PROPM91_ddcc02b17d2de2f11c,RELM91_dcab81d3e44536867b,MATM91_afa7e9b2bd8f1dee34,高能硝胺发射药,理化性质,外观,"黑色致密颗粒,常见为七孔或十九孔柱状,具有石墨光泽",,,,,,,,text_only,false,no_reliable_numeric_measurement,,,,,,119,EVM91_586dbb4db25b4da454,accepted
PROPM91_4d5f6950867218381c,RELM91_0b344dfc8fbc6c9a77,MATM91_afa7e9b2bd8f1dee34,高能硝胺发射药,理化性质,溶解性,部分溶于丙酮、乙酸乙酯 (RDX组分较难完全溶解),,,,,,,,text_only,false,no_reliable_numeric_measurement,,,,,,119,EVM91_9b338f728fd9f67e98,accepted
PROPM91_decb59dae20f287d6a,RELM91_a31d0eae065b4a11c7,MATM91_afa7e9b2bd8f1dee34,高能硝胺发射药,理化性质,挥发性,≤ 1.2%,1.2,,,%,explicit_or_field_specific,<=,,validated_single,true,,primary_value,挥发性,<=,,,119,EVM91_096415138ae7dfacbc,accepted
PROPM91_32a0229e59ef72e5ed,RELM91_9f5eca7e466abfa89d,MATM91_afa7e9b2bd8f1dee34,高能硝胺发射药,安全特性,摩擦感度(需对应不同测试条件),中等 (≤ 35%),35,,,%,explicit_or_field_specific,<=,中等,validated_single,true,,explosion_probability,摩擦感度,<=,,,119,EVM91_4d0821e8aa4ee6f92f,accepted
PROPM91_093e3cb2304e75d318,RELM91_70ffd9c3e7f0d9df45,MATM91_afa7e9b2bd8f1dee34,高能硝胺发射药,安全特性,撞击感度(需对应不同测试条件),"较高 (≤ 55%,对机械撞击敏感度高于单基药)",55,,,%,explicit_or_field_specific,<=,敏感|高,validated_single,true,,explosion_probability,,<=,,,119,EVM91_9041db5dd7daa55966,accepted
PROPM91_50202329f4ebd28006,RELM91_96133f321a1a169302,MATM91_afa7e9b2bd8f1dee34,高能硝胺发射药,安全特性,冲击感度,较高 (在大口径高压下需严密防止燃转爆DDT),,,,,,,高,qualitative_only,false,no_reliable_numeric_measurement,,,,,,119,EVM91_ff39a51cbd4fe49921,accepted
PROPM91_5e64e6b00a8c4c4191,RELM91_95b48fb55151a830a7,MATM91_afa7e9b2bd8f1dee34,高能硝胺发射药,安全特性,火焰感度,极高 (点火极其迅速且一致性好),,,,,,,极高|高,qualitative_only,false,no_reliable_numeric_measurement,,,,,,119,EVM91_f5b4be9ba01a9023f8,accepted
PROPM91_21aab913993c3ce58c,RELM91_2475069c9a4f67d970,MATM91_afa7e9b2bd8f1dee34,高能硝胺发射药,安全特性,静电感度(需对应不同测试条件),较低 (石墨化处理),,,,,,,较低|低,qualitative_only,false,no_reliable_numeric_measurement,,,,,,119,EVM91_c42cc826cde093da7a,accepted
PROPM91_0873c18dba183bdef8,RELM91_e8eed5bcab8802f8ae,MATM91_afa7e9b2bd8f1dee34,高能硝胺发射药,安全特性,热感度(5s爆发点),185°C - 200°C,,,,,,,,multiple_measurements,false,multiple_primary_measurements,,热感度(5s爆发点),,,5,119,EVM91_c2b414c003e68e0956,accepted
PROPM91_93ccecf9392e26e622,RELM91_45783fdd00d76ae27a,MATM91_afa7e9b2bd8f1dee34,高能硝胺发射药,安全特性,电火花感度,中等敏感,,,,,,,中等敏感|敏感|中等,qualitative_only,false,no_reliable_numeric_measurement,,,,,,119,EVM91_bffabb9c5b213c7a49,accepted
PROPM91_a7c40643a8183447a3,RELM91_c8450739a43cb37394,MATM91_afa7e9b2bd8f1dee34,高能硝胺发射药,安全特性,吸湿性,低 (≤ 0.8%),0.8,,,%,explicit_or_field_specific,<=,低,validated_single,true,,primary_value,吸湿性,<=,,,119,EVM91_e342be2f4ea011f0fb,accepted
PROPM91_d59fb086dc2a6e23d4,RELM91_9bdfbed5ffd89014dc,MATM91_afa7e9b2bd8f1dee34,高能硝胺发射药,安全特性,熔点,无 (受热分解),,,,,,,无,qualitative_only,false,no_reliable_numeric_measurement,,,,,,119,EVM91_8e293db1f42e31bb5a,accepted
PROPM91_a38e53f654c3747bff,RELM91_649e788f98125c067f,MATM91_afa7e9b2bd8f1dee34,高能硝胺发射药,安全特性,分解温度,170°C - 185°C,,,,,,,,multiple_measurements,false,multiple_primary_measurements,,分解温度,,,,119,EVM91_2ec055e225239f6a3d,accepted
PROPM91_3e7c18e2dadb39cdc5,RELM91_56dac1981e0ceeca07,MATM91_afa7e9b2bd8f1dee34,高能硝胺发射药,能量特性,爆速,不适用 (设计层燃; 转爆轰时约 7600-8200 m/s),,7600,8200,m/s,explicit_or_field_specific,~,,validated_range,true,,primary_value,爆速,~,,,119,EVM91_9059670340d5e6d46f,accepted
PROPM91_d672c076f871077943,RELM91_6bdab17a8733102a1f,MATM91_afa7e9b2bd8f1dee34,高能硝胺发射药,能量特性,爆温,3000 - 3450 K (高爆温),,3000,3450,℃,explicit_or_field_specific,,高,validated_range,true,,primary_value,爆温,,,,119,EVM91_384aff7fd317b65533,accepted
PROPM91_91cbd1455f951d0d7e,RELM91_e2c21b41e599f2d929,MATM91_afa7e9b2bd8f1dee34,高能硝胺发射药,能量特性,爆压,最高设计工作膛压 450 - 650 MPa,,450,650,MPa,explicit_or_field_specific,,高,validated_range,true,,primary_value,爆压,,,,119,EVM91_45df7c8d4097320aa0,accepted
PROPM91_5d8448beeca393d3de,RELM91_6d027990852ea6d4fa,MATM91_afa7e9b2bd8f1dee34,高能硝胺发射药,能量特性,爆容,1000 - 1200 L/kg,,1000,1200,L/kg,explicit_or_field_specific,,,validated_range,true,,primary_value,爆容,,,,119,EVM91_4f0449108e8b99d8b9,accepted
PROPM91_5c164ac40c8dca5dc8,RELM91_25147c7087dd2a80e1,MATM91_afa7e9b2bd8f1dee34,高能硝胺发射药,能量特性,威力,1.25 - 1.45 (相对TNT当量),,,,,,,,text_only,false,no_reliable_numeric_measurement,,,,,,119,EVM91_cd3ce15099bd57687d,accepted
PROPM91_5a214df5e1928bbf46,RELM91_67b0d9cd422842a2cf,MATM91_afa7e9b2bd8f1dee34,高能硝胺发射药,能量特性,燃烧速度(发射药、推进剂),"平稳且猛烈的层燃,燃速受压强影响显著,压力指数通常在 0.8-1.0 之间",,,,mm/s,field_dictionary,,强,qualitative_only,false,no_reliable_numeric_measurement,,,,,,119,EVM91_8fa89d6f78780f8d75,accepted
PROPM91_d8238c109c2960db1b,RELM91_7e4e14a2b781f8fe44,MATM91_afa7e9b2bd8f1dee34,高能硝胺发射药,能量特性,火药力(发射药),1200 - 1350 kJ/kg,,1200,1350,kJ/kg,explicit_or_field_specific,,,validated_range,true,,primary_value,火药力(发射药),,,,119,EVM91_068227b8dc689936f9,accepted
PROPM91_a09b5df54382df2f0f,RELM91_9bef3db380d0e11971,MATM91_ad8d6cc21d473be491,GR5发射药,理化性质,分子量(单质),NQ: 104.07; 其他为混合物,,,,,,,,qualitative_only,false,no_reliable_numeric_measurement,,,,,,120,EVM91_983647d0a6e3aeb26e,accepted
PROPM91_9560431c033e3f61ce,RELM91_7da6a3c79bf46d6db8,MATM91_ad8d6cc21d473be491,GR5发射药,理化性质,密度,真密度: 1.63 - 1.68 g/cm3; 堆积密度: 视装药规格而定,,1.63,1.68,g/cm³,explicit_or_field_specific,,,validated_range,true,,bulk_density,密度,,,,120,EVM91_2f7a7859383d976da4,accepted
PROPM91_991140b7ec1fffcc60,RELM91_b2bb3a1e0dca6d187d,MATM91_ad8d6cc21d473be491,GR5发射药,理化性质,外观,"淡灰色或浅褐色颗粒/药柱/药片,表面致密光滑,具有良好的几何尺寸稳定性",,,,,,,,text_only,false,no_reliable_numeric_measurement,,,,,,120,EVM91_82c085b9b7be00fe35,accepted
PROPM91_aedeff6ec0b7a202b2,RELM91_2601abb7e941bb0747,MATM91_ad8d6cc21d473be491,GR5发射药,理化性质,溶解性,部分溶于丙酮、乙酸乙酯;NQ组分不溶,,,,,,,,text_only,false,no_reliable_numeric_measurement,,,,,,120,EVM91_f9232a0328fd9cbf82,accepted
PROPM91_e21f221ec74c6c8a43,RELM91_eead047f5689686dfa,MATM91_ad8d6cc21d473be491,GR5发射药,理化性质,挥发性,极低 (无溶剂工艺),,,,,,,低|极低|无,text_only,false,no_reliable_numeric_measurement,,,,,,120,EVM91_8f0bb4eb7f914ff981,accepted
PROPM91_fc54dc4c277b8308d4,RELM91_cf4db0fa76efaa005e,MATM91_ad8d6cc21d473be491,GR5发射药,安全特性,摩擦感度(需对应不同测试条件),低 (≤ 20%),20,,,%,explicit_or_field_specific,<=,低,validated_single,true,,explosion_probability,摩擦感度,<=,,,120,EVM91_64f65691e42dac9fec,accepted
PROPM91_05d5a7320db259c09d,RELM91_fdf46825815a106bf5,MATM91_ad8d6cc21d473be491,GR5发射药,安全特性,撞击感度(需对应不同测试条件),"低 (≤ 25%,硝基胍的加入显著提升了安全性)",25,,,%,explicit_or_field_specific,<=,低,validated_single,true,,explosion_probability,,<=,,,120,EVM91_756f576b0695cc6b48,accepted
PROPM91_d8413527f5a615ca05,RELM91_96cf7b8d1f78732b0f,MATM91_ad8d6cc21d473be491,GR5发射药,安全特性,冲击感度,低 (抗机械冲击性能优异),,,,,,,低,qualitative_only,false,no_reliable_numeric_measurement,,,,,,120,EVM91_47c76542100abac1c9,accepted
PROPM91_68e6007413263df369,RELM91_d91ccd432ea029f87e,MATM91_ad8d6cc21d473be491,GR5发射药,安全特性,火焰感度,高 (需保证瞬间可靠点火),,,,,,,高,qualitative_only,false,no_reliable_numeric_measurement,,,,,,120,EVM91_7db8cf14c0c9839f0a,accepted
PROPM91_8aeaec3fa89d97cc9f,RELM91_0b9c9f8fd23307aad4,MATM91_ad8d6cc21d473be491,GR5发射药,安全特性,静电感度(需对应不同测试条件),较低,,,,,,,较低|低,qualitative_only,false,no_reliable_numeric_measurement,,,,,,120,EVM91_fc71e978812bef3119,accepted
PROPM91_e181b15c5ed7fd0acb,RELM91_645721daaabb7c36b9,MATM91_ad8d6cc21d473be491,GR5发射药,安全特性,热感度(5s爆发点),225°C - 240°C,,,,,,,,multiple_measurements,false,multiple_primary_measurements,,热感度(5s爆发点),,,5,120,EVM91_bed7b44445bb527624,accepted
PROPM91_2fe5d73b76945cd943,RELM91_2e0c56f47a40ad8344,MATM91_ad8d6cc21d473be491,GR5发射药,安全特性,电火花感度,低,,,,,,,低,qualitative_only,false,no_reliable_numeric_measurement,,,,,,120,EVM91_e66f50896c4e35df32,accepted
PROPM91_95b594058a8f1cbbec,RELM91_38fec4453eb15647ac,MATM91_ad8d6cc21d473be491,GR5发射药,安全特性,吸湿性,低 (≤ 1.0%),1.0,,,%,explicit_or_field_specific,<=,低,validated_single,true,,primary_value,吸湿性,<=,,,120,EVM91_3692a072afd685573e,accepted
PROPM91_cec0bce1730b7d737f,RELM91_0783ce111e4bea8436,MATM91_ad8d6cc21d473be491,GR5发射药,安全特性,熔点,无 (受热分解),,,,,,,无,qualitative_only,false,no_reliable_numeric_measurement,,,,,,120,EVM91_f70b238c587c0d13ee,accepted
PROPM91_6f168ddeea8f09e9b9,RELM91_e930a7a6c6fe82e832,MATM91_ad8d6cc21d473be491,GR5发射药,安全特性,分解温度,180°C - 195°C,,,,,,,,multiple_measurements,false,multiple_primary_measurements,,分解温度,,,,120,EVM91_6e588864b3054a39be,accepted
PROPM91_e53d1aa9741d931eb2,RELM91_37d96168a2ad8251d1,MATM91_ad8d6cc21d473be491,GR5发射药,能量特性,爆速,不适用 (设计用于受控燃烧做功; 转爆轰时约 7300-7600 m/s),,7300,7600,m/s,explicit_or_field_specific,~,,validated_range,true,,primary_value,爆速,~,,,120,EVM91_b01ef5c368129036bc,accepted
PROPM91_51fe37ef67d510642c,RELM91_5c6b098438bbedf5ed,MATM91_ad8d6cc21d473be491,GR5发射药,能量特性,爆温,"2300 - 2650 K (低爆温,典型“冷火药”,保护航空挂架机构)",,2300,2650,℃,explicit_or_field_specific,,低,validated_range,true,,primary_value,爆温,,,,120,EVM91_b19286635dd3d187ec,accepted
PROPM91_8ef749487872570892,RELM91_26ca5845913e0de2de,MATM91_ad8d6cc21d473be491,GR5发射药,能量特性,爆压,"设计工作压强适中且平稳,取决于抛放机构需求",,,,,,,强,qualitative_only,false,no_reliable_numeric_measurement,,,,,,120,EVM91_2cd9a057d74a5f5ed9,accepted
PROPM91_434a774d1ff8cc7c8f,RELM91_9c8985c9343e4bda9d,MATM91_ad8d6cc21d473be491,GR5发射药,能量特性,爆容,"950 - 1050 L/kg (高气量输出,有利于抛放做功)",,950,1050,L/kg,explicit_or_field_specific,,高,validated_range,true,,primary_value,爆容,,,,120,EVM91_108770045dc1f7d86a,accepted
PROPM91_7fffcab60f7ed00c2c,RELM91_b4c020b928e011fadb,MATM91_ad8d6cc21d473be491,GR5发射药,能量特性,威力,0.95 - 1.15 (相对TNT当量),,,,,,,,text_only,false,no_reliable_numeric_measurement,,,,,,120,EVM91_19f6c2397739f04efc,accepted
PROPM91_e60cdb050fbd6f97a2,RELM91_b857d7980fdc26dd0c,MATM91_ad8d6cc21d473be491,GR5发射药,能量特性,燃烧速度(发射药、推进剂),"平稳层燃,压强指数低,燃速受温度敏感性小",,,,,,,敏感|强|低,qualitative_only,false,no_reliable_numeric_measurement,,,,,,120,EVM91_02b3abf9bffd7b3829,accepted
PROPM91_60b70486e8eb79cab1,RELM91_ea9ed27e88f2ade922,MATM91_ad8d6cc21d473be491,GR5发射药,能量特性,火药力(发射药),980 - 1040 kJ/kg,,980,1040,kJ/kg,explicit_or_field_specific,,,validated_range,true,,primary_value,火药力(发射药),,,,120,EVM91_443d590d91930817f1,accepted
PROPM91_9393ef8e1276850759,RELM91_64d69def0226bbaa0c,MATM91_ea7ff04e912b83c0d0,三黑-12发射药,理化性质,分子量(单质),RDX: 222.12; 其他为混合物,,,,,,,,qualitative_only,false,no_reliable_numeric_measurement,,,,,,121,EVM91_347d5a1d5fdb0a130c,accepted
PROPM91_d7ae9327b41d5e0dc9,RELM91_c8d6b9f886eafbef55,MATM91_ea7ff04e912b83c0d0,三黑-12发射药,理化性质,密度,真密度: 1.66 - 1.72 g/cm3; 堆积密度: 0.95 - 1.12 g/cm3,,,,,,,,multiple_measurements,false,multiple_primary_measurements,,密度,,,,121,EVM91_6d77d6b290d705047d,accepted
PROPM91_1e4f381f2613c48559,RELM91_68cfa5e99b63173e44,MATM91_ea7ff04e912b83c0d0,三黑-12发射药,理化性质,外观,"黑色或深灰色致密颗粒,通常为多孔柱状,具有明显的石墨金属光泽",,,,,,,,text_only,false,no_reliable_numeric_measurement,,,,,,121,EVM91_471d71b7ade02d78f3,accepted
PROPM91_bc07d68688e3f7ae1b,RELM91_15c780deb26b042749,MATM91_ea7ff04e912b83c0d0,三黑-12发射药,理化性质,溶解性,部分溶于丙酮、乙酸乙酯;RDX组分较难溶解,,,,,,,,text_only,false,no_reliable_numeric_measurement,,,,,,121,EVM91_999869cd89fe6a3f0f,accepted
PROPM91_4ca6823097cbe5f716,RELM91_d106a58e3be99040b0,MATM91_ea7ff04e912b83c0d0,三黑-12发射药,理化性质,挥发性,≤ 1.2%,1.2,,,%,explicit_or_field_specific,<=,,validated_single,true,,primary_value,挥发性,<=,,,121,EVM91_2e613f13c4afd80144,accepted
PROPM91_f40ffcc1bfb1174d33,RELM91_7178a089b86450d513,MATM91_ea7ff04e912b83c0d0,三黑-12发射药,安全特性,摩擦感度(需对应不同测试条件),中等 (≤ 35%),35,,,%,explicit_or_field_specific,<=,中等,validated_single,true,,explosion_probability,摩擦感度,<=,,,121,EVM91_29bfd6887ac87cd774,accepted
PROPM91_b2a45d9886ff66db85,RELM91_3317247042422cbc59,MATM91_ea7ff04e912b83c0d0,三黑-12发射药,安全特性,撞击感度(需对应不同测试条件),"较高 (≤ 55%,对机械冲击敏感度高于常规三胍药)",55,,,%,explicit_or_field_specific,<=,敏感|高,validated_single,true,,explosion_probability,,<=,,,121,EVM91_5c5851de29996afdc5,accepted
PROPM91_dfd61d120ce7869ead,RELM91_b8b264c185d2f3af13,MATM91_ea7ff04e912b83c0d0,三黑-12发射药,安全特性,冲击感度,较高 (需严防强烈冲击引起的燃转爆),,,,,,,强|高,qualitative_only,false,no_reliable_numeric_measurement,,,,,,121,EVM91_d1bd9f20ce2242cd5b,accepted
PROPM91_4f8f86bda468f74c9b,RELM91_8cd49d4000b28388cb,MATM91_ea7ff04e912b83c0d0,三黑-12发射药,安全特性,火焰感度,极高 (点火极其迅速且具有较好的传火一致性),,,,,,,极高|高,qualitative_only,false,no_reliable_numeric_measurement,,,,,,121,EVM91_f5d0c8d4f3b54f779d,accepted
PROPM91_6567ef4143d0bfc001,RELM91_dd10d018a6eed8da13,MATM91_ea7ff04e912b83c0d0,三黑-12发射药,安全特性,静电感度(需对应不同测试条件),较低 (通常经过表面石墨导电处理),,,,,,,较低|低,qualitative_only,false,no_reliable_numeric_measurement,,,,,,121,EVM91_0023f49f94de5a626a,accepted
PROPM91_f640ba66d9a5aa9589,RELM91_0c1dedd5a0303f897e,MATM91_ea7ff04e912b83c0d0,三黑-12发射药,安全特性,热感度(5s爆发点),185°C - 200°C,,,,,,,,multiple_measurements,false,multiple_primary_measurements,,热感度(5s爆发点),,,5,121,EVM91_c72660cb13f6caedc6,accepted
PROPM91_8c8d502540553792e5,RELM91_c9300a5aed4b99a501,MATM91_ea7ff04e912b83c0d0,三黑-12发射药,安全特性,电火花感度,中等敏感,,,,,,,中等敏感|敏感|中等,qualitative_only,false,no_reliable_numeric_measurement,,,,,,121,EVM91_943de43655a2355867,accepted
PROPM91_b98015d3c3e0d92d9f,RELM91_10d4466d6a33958589,MATM91_ea7ff04e912b83c0d0,三黑-12发射药,安全特性,吸湿性,低 (≤ 0.8%),0.8,,,%,explicit_or_field_specific,<=,低,validated_single,true,,primary_value,吸湿性,<=,,,121,EVM91_a001932a2c188a40c2,accepted
PROPM91_7c71da1b79d768fb2c,RELM91_aac95eb30148307386,MATM91_ea7ff04e912b83c0d0,三黑-12发射药,安全特性,熔点,无 (受热分解),,,,,,,无,qualitative_only,false,no_reliable_numeric_measurement,,,,,,121,EVM91_5b3d4b66089bf4c827,accepted
PROPM91_c319dea00118ed5180,RELM91_9035c2fda0a17b11e3,MATM91_ea7ff04e912b83c0d0,三黑-12发射药,安全特性,分解温度,170°C - 185°C,,,,,,,,multiple_measurements,false,multiple_primary_measurements,,分解温度,,,,121,EVM91_f31f4f25b4f1bd6261,accepted
PROPM91_eccab23f74589b9f04,RELM91_e259c1d09b8a7e7f4e,MATM91_ea7ff04e912b83c0d0,三黑-12发射药,能量特性,爆速,不适用 (设计层燃; 转爆轰时约 7600-8000 m/s),,7600,8000,m/s,explicit_or_field_specific,~,,validated_range,true,,primary_value,爆速,~,,,121,EVM91_aae81b525547475477,accepted
PROPM91_6000d10980314eabb1,RELM91_986076ace9adf53070,MATM91_ea7ff04e912b83c0d0,三黑-12发射药,能量特性,爆温,"2900 - 3250 K (能量密度高,爆温适中)",,2900,3250,℃,explicit_or_field_specific,,高,validated_range,true,,primary_value,爆温,,,,121,EVM91_e2d70066304ec50deb,accepted
PROPM91_973074afff6d7db5ec,RELM91_797880a690be87cfcf,MATM91_ea7ff04e912b83c0d0,三黑-12发射药,能量特性,爆压,最高设计工作膛压通常在 450 - 600 MPa,,450,600,MPa,explicit_or_field_specific,,高,validated_range,true,,primary_value,爆压,,,,121,EVM91_2696f72d79221a8685,accepted
PROPM91_98a849f2234ba5def9,RELM91_eaa280a829af2bb6c9,MATM91_ea7ff04e912b83c0d0,三黑-12发射药,能量特性,爆容,1000 - 1150 L/kg,,1000,1150,L/kg,explicit_or_field_specific,,,validated_range,true,,primary_value,爆容,,,,121,EVM91_253a77bbb495e10db6,accepted
PROPM91_0f064b8aafcffeb875,RELM91_d51835da6232b8145e,MATM91_ea7ff04e912b83c0d0,三黑-12发射药,能量特性,威力,1.25 - 1.40 (相对TNT当量),,,,,,,,text_only,false,no_reliable_numeric_measurement,,,,,,121,EVM91_40deaaa2aa5a777232,accepted
PROPM91_329ab4a7bea8ef39c5,RELM91_5b834323660940a2a0,MATM91_ea7ff04e912b83c0d0,三黑-12发射药,能量特性,燃烧速度(发射药、推进剂),"平稳且猛烈的层燃,燃速受RDX粒度调节显著",,,,,,,,qualitative_only,false,no_reliable_numeric_measurement,,,,,,121,EVM91_3352d76cbf400948ac,accepted
PROPM91_bc892f175d8df05402,RELM91_25ee8a8a2ce9932762,MATM91_ea7ff04e912b83c0d0,三黑-12发射药,能量特性,火药力(发射药),1120 - 1200 kJ/kg,,1120,1200,kJ/kg,explicit_or_field_specific,,,validated_range,true,,primary_value,火药力(发射药),,,,121,EVM91_5b02b740277d64c6d8,accepted
PROPM91_3da14a9b96376baff4,RELM91_a6557d15333ed03dd9,MATM91_35968cfde09d179837,双铅-2（BSQ-2）,理化性质,分子量(单质),不适用(混合物),,,,,,,,qualitative_only,false,no_reliable_numeric_measurement,,,,,,124,EVM91_18776456af45e8af4f,accepted
PROPM91_af018a49c0ea0264b0,RELM91_72920908e89e9dc7e3,MATM91_35968cfde09d179837,双铅-2（BSQ-2）,理化性质,密度,1.55 - 1.65 g/cm3(属标准双基推进剂密度区间)。,,1.55,1.65,g/cm³,explicit_or_field_specific,,,validated_range,true,,primary_value,密度,,,,124,EVM91_2a44c8161cfc84489d,accepted
PROPM91_3914967c9f68008cb3,RELM91_0344417a1013917d1e,MATM91_35968cfde09d179837,双铅-2（BSQ-2）,理化性质,外观,呈现深褐色、暗黑色或棕褐色的致密胶体/角质状固体。,,,,,,,,text_only,false,no_reliable_numeric_measurement,,,,,,124,EVM91_fc025379095e333754,accepted
PROPM91_a583a8865283b11aa4,RELM91_89437fac390cc83fcb,MATM91_35968cfde09d179837,双铅-2（BSQ-2）,理化性质,溶解性,整体不溶于水;NC和NG易溶于丙酮、乙酸乙酯等极性有机溶剂。,,,,,,,,text_only,false,no_reliable_numeric_measurement,,,,,,124,EVM91_7e1f8ea70bb85ef608,accepted
PROPM91_585983781ac2609fd6,RELM91_f58dfccbece481669a,MATM91_35968cfde09d179837,双铅-2（BSQ-2）,理化性质,挥发性,极微量工艺溶剂。表面高能增塑剂(硝化甘油)具缓慢挥发和向外渗出的倾向。,,,,,,,高,text_only,false,no_reliable_numeric_measurement,,,,,,124,EVM91_9665fd520f5b682c6b,accepted
PROPM91_67652b4143723589b9,RELM91_7cb94a13e4e59d8d13,MATM91_35968cfde09d179837,双铅-2（BSQ-2）,安全特性,摩擦感度(需对应不同测试条件),"较灵敏。因体系内含液态敏感染料NG,机械摩擦发火概率高于大多数复合推进剂。",,,,,,,敏感|高,qualitative_only,false,no_reliable_numeric_measurement,,,,,,124,EVM91_f5127509cc567db416,accepted
PROPM91_835d0fbc2f0101e440,RELM91_4c8d75e4ae0e6f3066,MATM91_35968cfde09d179837,双铅-2（BSQ-2）,安全特性,撞击感度(需对应不同测试条件),"较灵敏。对机械撞击敏感,压延、挤胶等物理加工全流程必须严格防爆抗撞击。",,,,,,,敏感,qualitative_only,false,no_reliable_numeric_measurement,,,,,,124,EVM91_7043b0470268266814,accepted
PROPM91_2e698eceefa09080ff,RELM91_9b0799d4c35d3ae8d8,MATM91_35968cfde09d179837,双铅-2（BSQ-2）,安全特性,冲击感度,"敏感。受强硬约束或遇强冲击波(如雷管起爆)时,极易发生燃烧转爆轰(DDT)。",,,,,,,敏感|强,qualitative_only,false,no_reliable_numeric_measurement,,,,,,124,EVM91_31ab44d7592a52af2a,accepted
PROPM91_c975abcc7900269622,RELM91_3129185da8c2556f10,MATM91_35968cfde09d179837,双铅-2（BSQ-2）,安全特性,火焰感度,灵敏。极易被点火器的明火或炽热金属粒子瞬间可靠引燃。,,,,,,,,qualitative_only,false,no_reliable_numeric_measurement,,,,,,124,EVM91_17d64774d338cc9956,accepted
PROPM91_e838883d1b79d9dca2,RELM91_74eb182f7eecef02a4,MATM91_35968cfde09d179837,双铅-2（BSQ-2）,安全特性,静电感度(需对应不同测试条件),较高。高分子双基胶体在摩擦、挤压或切削加工中极易产生静电积累。,,,,,,,高,qualitative_only,false,no_reliable_numeric_measurement,,,,,,124,EVM91_b16accf8fd236156ae,accepted
PROPM91_cdf3f62d43bd27a457,RELM91_ec5bf370ca8a8a6c4e,MATM91_35968cfde09d179837,双铅-2（BSQ-2）,安全特性,热感度(5s爆发点),"190°C - 210°C(核心警示:受双基骨架制约,热稳定性差,爆发点远低于复合推进剂)。",,,,,,,低,multiple_measurements,false,multiple_primary_measurements,,热感度(5s爆发点),,,5,124,EVM91_b37eda75d5014b3b1d,accepted
PROPM91_94cf971f55eafd6ffc,RELM91_45e8bdcaa251bdbaba,MATM91_35968cfde09d179837,双铅-2（BSQ-2）,安全特性,电火花感度,较灵敏。易被高压电火花放电点燃。,,,,,,,高,qualitative_only,false,no_reliable_numeric_measurement,,,,,,124,EVM91_65c3c0bd2c7bb71ab8,accepted
PROPM91_e73b0e287536c18c15,RELM91_5a4eced55cad01481c,MATM91_35968cfde09d179837,双铅-2（BSQ-2）,安全特性,吸湿性,"较低。致密胶体防潮性良好,基础大分子NC及配方成分具极其微弱的吸水性。",,,,,,,较低|低,text_only,false,no_reliable_numeric_measurement,,,,,,124,EVM91_9bdb2dc0c3483427e9,accepted
PROPM91_97bcb54771825c6650,RELM91_d5f03329fb2ce36d4f,MATM91_35968cfde09d179837,双铅-2（BSQ-2）,安全特性,熔点,"不适用(胶体受热不熔化,直接分解或爆燃)。",,,,,,,,qualitative_only,false,no_reliable_numeric_measurement,,,,,,124,EVM91_02e7f8681330d3f84f,accepted
PROPM91_ddf402f59650149331,RELM91_b2461b640a7e1be190,MATM91_35968cfde09d179837,双铅-2（BSQ-2）,安全特性,分解温度,约 160°C - 180°C 开始显著降解;常温下也会发生极其缓慢的自发放热分解。,,,,,,,,multiple_measurements,false,multiple_primary_measurements,,分解温度,,,,124,EVM91_4bdf44525790dd8bcd,accepted
PROPM91_52e190795fafd8854e,RELM91_9a9f504c24e832c505,MATM91_35968cfde09d179837,双铅-2（BSQ-2）,能量特性,爆速,"高。强激发发生爆轰时,爆速通常可达 6000 - 7000 m/s 量级。",,6000,7000,m/s,explicit_or_field_specific,,强|高,validated_range,true,,primary_value,爆速,,,,124,EVM91_42c82dea44c60087c6,accepted
PROPM91_b469b1f4505fa288cb,RELM91_e1613eacaf6146fc41,MATM91_35968cfde09d179837,双铅-2（BSQ-2）,能量特性,爆温,中等。正常火箭工作燃烧温度通常在 2500K - 3000K 左右。,,,,℃,field_dictionary,,中等,qualitative_only,false,no_reliable_numeric_measurement,,,,,,124,EVM91_d41879457aff10b4a5,accepted
PROPM91_f76f63bee3a9c089f9,RELM91_4f6fb8204243368f1e,MATM91_35968cfde09d179837,双铅-2（BSQ-2）,能量特性,爆压,"高。若转入爆轰状态,爆压可达 15 - 20 GPa。",,15,20,GPa,explicit_or_field_specific,,高,validated_range,true,,primary_value,爆压,,,,124,EVM91_1112c5b06e7f0bb5ed,accepted
PROPM91_a5ad44d052ff6d59e6,RELM91_ea869149cef02d431b,MATM91_35968cfde09d179837,双铅-2（BSQ-2）,能量特性,爆容,"极大。自身含氧量高,产气量通常在 800 - 1000 L/kg 之间。",,,,L/kg,explicit_text,,高,qualitative_only,false,no_reliable_numeric_measurement,,,,,,124,EVM91_989d6c454bca948f9b,accepted
PROPM91_4980ace98f9a01663d,RELM91_8455a2c700679964d4,MATM91_35968cfde09d179837,双铅-2（BSQ-2）,能量特性,威力,较高。具备较强的爆炸做功破坏威力。,,,,,,,强|较强|高,text_only,false,no_reliable_numeric_measurement,,,,,,124,EVM91_c6dabc9b3c700e8e2e,accepted
PROPM91_42bdb510aff4779f65,RELM91_9aeb19389b02846121,MATM91_35968cfde09d179837,双铅-2（BSQ-2）,能量特性,猛度,较高(若发生爆轰)。,,,,,,,高,text_only,false,no_reliable_numeric_measurement,,,,,,124,EVM91_cb2cc5faf26dba9401,accepted
PROPM91_d8525cb49101a2e558,RELM91_802c92c42d1d70bdd4,MATM91_35968cfde09d179837,双铅-2（BSQ-2）,能量特性,起爆力,不适用。,,,,,,,,text_only,false,no_reliable_numeric_measurement,,,,,,124,EVM91_9169aa27a1dac5ef2a,accepted
PROPM91_7d5b4770c67b540bb6,RELM91_93bfa7d7c5a28f83e5,MATM91_35968cfde09d179837,双铅-2（BSQ-2）,能量特性,燃烧速度(发射药、推进剂),平台效应。燃烧速度在**特定设计的压强区间(与BSQ-1不同)**内保持恒定。,,,,mm/s,field_dictionary,,强,qualitative_only,false,no_reliable_numeric_measurement,,,,,,124,EVM91_ff4310c60ee610c0a9,accepted
PROPM91_3ec48b4d80f6c04a10,RELM91_2caaaeb2ffa8d97d02,MATM91_35968cfde09d179837,双铅-2（BSQ-2）,能量特性,火药力(发射药),"较高。理论比冲良好,内弹道性能稳定。",,,,,,,高,qualitative_only,false,no_reliable_numeric_measurement,,,,,,124,EVM91_dc07799d0bdc54987c,accepted
PROPM91_7b54527cc6b82ece55,RELM91_7e21287dbc46482fcd,MATM91_7c4841aa0dfe5bd0e6,双铅一1（BSQ-1）,理化性质,分子量(单质),不适用(混合物),,,,,,,,qualitative_only,false,no_reliable_numeric_measurement,,,,,,125,EVM91_1eb128d164b1bb29aa,accepted
PROPM91_339755990b604a2c32,RELM91_845410c8169218948c,MATM91_7c4841aa0dfe5bd0e6,双铅一1（BSQ-1）,理化性质,密度,1.55 - 1.65 g/cm3(属标准双基推进剂密度区间)。,,1.55,1.65,g/cm³,explicit_or_field_specific,,,validated_range,true,,primary_value,密度,,,,125,EVM91_009a17187760cb13db,accepted
PROPM91_f2b96e24edfce06c18,RELM91_f7ddd127ab1c36aff4,MATM91_7c4841aa0dfe5bd0e6,双铅一1（BSQ-1）,理化性质,外观,呈现深褐色、暗黑色或棕褐色的致密胶体/角质状固体。,,,,,,,,text_only,false,no_reliable_numeric_measurement,,,,,,125,EVM91_5a071bc9b3ffa84855,accepted
PROPM91_f01c455cd248f8e43f,RELM91_df5b3590c9facccda5,MATM91_7c4841aa0dfe5bd0e6,双铅一1（BSQ-1）,理化性质,溶解性,整体不溶于水;NC和NG易溶于丙酮、乙酸乙酯等极性有机溶剂。,,,,,,,,text_only,false,no_reliable_numeric_measurement,,,,,,125,EVM91_233747427c3a3c4210,accepted
PROPM91_809bcee079d6ff4e2e,RELM91_730f081fd770703ceb,MATM91_7c4841aa0dfe5bd0e6,双铅一1（BSQ-1）,理化性质,挥发性,极微量工艺溶剂。表面高能增塑剂(硝化甘油)具缓慢挥发和向外渗出的倾向。,,,,,,,高,text_only,false,no_reliable_numeric_measurement,,,,,,125,EVM91_f92924f4cb18cd6350,accepted
PROPM91_ab5f825f0931bc10d0,RELM91_0ae06c3c6c2f720c67,MATM91_7c4841aa0dfe5bd0e6,双铅一1（BSQ-1）,安全特性,摩擦感度(需对应不同测试条件),"较灵敏。因体系内含液态敏感染料NG,机械摩擦发火概率高于大多数复合推进剂。",,,,,,,敏感|高,qualitative_only,false,no_reliable_numeric_measurement,,,,,,125,EVM91_f24b31c940abb38472,accepted
PROPM91_8b2d333b4c0babdb6e,RELM91_3d9d715478b3095351,MATM91_7c4841aa0dfe5bd0e6,双铅一1（BSQ-1）,安全特性,撞击感度(需对应不同测试条件),"较灵敏。对机械撞击敏感,压延、挤胶等物理加工全流程必须严格防爆抗撞击。",,,,,,,敏感,qualitative_only,false,no_reliable_numeric_measurement,,,,,,125,EVM91_acecee0110e190fa89,accepted
PROPM91_5b2f17443be9d1ff2c,RELM91_f700e21969b995cd06,MATM91_7c4841aa0dfe5bd0e6,双铅一1（BSQ-1）,安全特性,冲击感度,"敏感。受强硬约束或遇强冲击波(如雷管起爆)时,极易发生燃烧转爆轰(DDT)。",,,,,,,敏感|强,qualitative_only,false,no_reliable_numeric_measurement,,,,,,125,EVM91_ff2100c3e63da49f23,accepted
PROPM91_7512bb5fe6c6c4c001,RELM91_3ba40fcfa5a99e0b11,MATM91_7c4841aa0dfe5bd0e6,双铅一1（BSQ-1）,安全特性,火焰感度,灵敏。极易被点火器的明火或炽热金属粒子瞬间可靠引燃。,,,,,,,,qualitative_only,false,no_reliable_numeric_measurement,,,,,,125,EVM91_b73a5bc7d8ca11d585,accepted
PROPM91_d703eff08769074c38,RELM91_85105964565f864398,MATM91_7c4841aa0dfe5bd0e6,双铅一1（BSQ-1）,安全特性,静电感度(需对应不同测试条件),较高。高分子双基胶体在摩擦、挤压或切削加工中极易产生静电积累。,,,,,,,高,qualitative_only,false,no_reliable_numeric_measurement,,,,,,125,EVM91_b381db9ceeac2e3454,accepted
PROPM91_ae6eb95c7bb2168424,RELM91_c7c4f09f54c27e5be6,MATM91_7c4841aa0dfe5bd0e6,双铅一1（BSQ-1）,安全特性,热感度(5s爆发点),"190°C - 210°C(核心警示:受双基骨架制约,热稳定性差,爆发点远低于复合推进剂)。",,,,,,,低,multiple_measurements,false,multiple_primary_measurements,,热感度(5s爆发点),,,5,125,EVM91_1822439ea49d044056,accepted
PROPM91_49f087b3db56a9d94b,RELM91_22637ff3b92e4b8e0d,MATM91_7c4841aa0dfe5bd0e6,双铅一1（BSQ-1）,安全特性,电火花感度,较灵敏。易被高压电火花放电点燃。,,,,,,,高,qualitative_only,false,no_reliable_numeric_measurement,,,,,,125,EVM91_45347a790bbb5c3bd6,accepted
PROPM91_6f714c3ba6ad6a0fd6,RELM91_4f087c6dad4261bb1b,MATM91_7c4841aa0dfe5bd0e6,双铅一1（BSQ-1）,安全特性,吸湿性,"较低。致密胶体防潮性良好,基础大分子NC及配方成分具极其微弱的吸水性。",,,,,,,较低|低,text_only,false,no_reliable_numeric_measurement,,,,,,125,EVM91_c4608a31ee34b2ef51,accepted
PROPM91_00cb4c28e1b27a96ac,RELM91_5fe90540a4b205fb09,MATM91_7c4841aa0dfe5bd0e6,双铅一1（BSQ-1）,安全特性,熔点,"不适用(胶体受热不熔化,直接分解或爆燃)。",,,,,,,,qualitative_only,false,no_reliable_numeric_measurement,,,,,,125,EVM91_777b32b0a04d5d9846,accepted
PROPM91_776c48be05d8649bf8,RELM91_5f39af44dc7de0d37e,MATM91_7c4841aa0dfe5bd0e6,双铅一1（BSQ-1）,安全特性,分解温度,约 160°C - 180°C 开始显著降解;常温下也会发生极其缓慢的自发放热分解。,,,,,,,,multiple_measurements,false,multiple_primary_measurements,,分解温度,,,,125,EVM91_9d7e2cfb21d665c2a4,accepted
PROPM91_42f36b9bcbcb6fe447,RELM91_e445d53a650006ec66,MATM91_7c4841aa0dfe5bd0e6,双铅一1（BSQ-1）,能量特性,爆速,"高。强激发发生爆轰时,爆速通常可达 6000 - 7000 m/s 量级。",,6000,7000,m/s,explicit_or_field_specific,,强|高,validated_range,true,,primary_value,爆速,,,,125,EVM91_687b985614a7f85136,accepted
PROPM91_4346cd6f1d5058af28,RELM91_32658cfcffa7e0f5f0,MATM91_7c4841aa0dfe5bd0e6,双铅一1（BSQ-1）,能量特性,爆温,中等。正常火箭工作燃烧温度通常在 2500K - 3000K 左右。,,,,℃,field_dictionary,,中等,qualitative_only,false,no_reliable_numeric_measurement,,,,,,125,EVM91_e021756da4e0a40b91,accepted
PROPM91_54af79ee7aaa11d1a5,RELM91_4edcc11f34e64e4ef4,MATM91_7c4841aa0dfe5bd0e6,双铅一1（BSQ-1）,能量特性,爆压,"高。若转入爆轰状态,爆压可达 15 - 20 GPa。",,15,20,GPa,explicit_or_field_specific,,高,validated_range,true,,primary_value,爆压,,,,125,EVM91_2ee588e4963dcf76a8,accepted
PROPM91_373cad0010e1ddcf5f,RELM91_3eba4b3598ed8ee50f,MATM91_7c4841aa0dfe5bd0e6,双铅一1（BSQ-1）,能量特性,爆容,"极大。自身含氧量高,产气量通常在 800 - 1000 L/kg 之间。",,,,L/kg,explicit_text,,高,qualitative_only,false,no_reliable_numeric_measurement,,,,,,125,EVM91_9e2190fcb0c9605367,accepted
PROPM91_19ee42c86edbd52c05,RELM91_00e58007260c319ca1,MATM91_7c4841aa0dfe5bd0e6,双铅一1（BSQ-1）,能量特性,威力,较高。具备较强的爆炸做功破坏威力。,,,,,,,强|较强|高,text_only,false,no_reliable_numeric_measurement,,,,,,125,EVM91_2239e25fc5ae64abbf,accepted
PROPM91_b89c56f6ed9b2a5b8b,RELM91_bfdec343c6425d253a,MATM91_7c4841aa0dfe5bd0e6,双铅一1（BSQ-1）,能量特性,猛度,较高(若发生爆轰)。,,,,,,,高,text_only,false,no_reliable_numeric_measurement,,,,,,125,EVM91_be4b245ec6570aafa9,accepted
PROPM91_9917ace4e6764a7a6a,RELM91_2744d3097422148256,MATM91_7c4841aa0dfe5bd0e6,双铅一1（BSQ-1）,能量特性,起爆力,不适用。,,,,,,,,text_only,false,no_reliable_numeric_measurement,,,,,,125,EVM91_edc76c3008720f4ae6,accepted
PROPM91_90824c64efb710caa4,RELM91_cc3a882b055baf17b4,MATM91_7c4841aa0dfe5bd0e6,双铅一1（BSQ-1）,能量特性,燃烧速度(发射药、推进剂),"平台效应。在特定的基准设计压强区间内燃速保持恒定,保障发动机平稳工作。",,,,,,,强,qualitative_only,false,no_reliable_numeric_measurement,,,,,,125,EVM91_8e89f5bc95fc80335a,accepted
PROPM91_7a287f128ad76bb6ae,RELM91_5ff67ff25eb980703b,MATM91_7c4841aa0dfe5bd0e6,双铅一1（BSQ-1）,能量特性,火药力(发射药),"较高。理论比冲良好,作为基准配方战术适应性强。",,,,,,,强|高,qualitative_only,false,no_reliable_numeric_measurement,,,,,,125,EVM91_61e6d813b8eb07e5b2,accepted
PROPM91_bd53d1855039dba663,RELM91_3fe6ca439f6931a4c9,MATM91_a17d760233dd0899b3,双钴一1（BSG-1）,理化性质,分子量(单质),不适用(混合物),,,,,,,,qualitative_only,false,no_reliable_numeric_measurement,,,,,,126,EVM91_b4d78bf4bbdb2b1739,accepted
PROPM91_f59ef2ebcb4ac3828e,RELM91_b9d3d3972f5b1ce08d,MATM91_a17d760233dd0899b3,双钴一1（BSG-1）,理化性质,密度,1.55 - 1.65 g/cm3(属标准双基推进剂密度区间)。,,1.55,1.65,g/cm³,explicit_or_field_specific,,,validated_range,true,,primary_value,密度,,,,126,EVM91_e3c7e648636d853827,accepted
PROPM91_d7f38e4631d3228023,RELM91_be22981522c744d77d,MATM91_a17d760233dd0899b3,双钴一1（BSG-1）,理化性质,外观,呈现深褐色、暗黑色的致密胶体/角质状固体。,,,,,,,,text_only,false,no_reliable_numeric_measurement,,,,,,126,EVM91_a6fe28b08774b1b94d,accepted
PROPM91_10911deb8476968caf,RELM91_7fec9169fa89f9ac19,MATM91_a17d760233dd0899b3,双钴一1（BSG-1）,理化性质,溶解性,整体不溶于水;NC和NG易溶于丙酮、乙酸乙酯等极性有机溶剂。,,,,,,,,text_only,false,no_reliable_numeric_measurement,,,,,,126,EVM91_b79d8316727e546f3e,accepted
PROPM91_cd32b21f5b8b1a6ceb,RELM91_13bc26d72867fdefac,MATM91_a17d760233dd0899b3,双钴一1（BSG-1）,理化性质,挥发性,含有极其微量的工艺溶剂。表面高能增塑剂(硝化甘油)具极其缓慢的挥发和渗出倾向。,,,,,,,高,text_only,false,no_reliable_numeric_measurement,,,,,,126,EVM91_dc7361a7db58bd5053,accepted
PROPM91_193a31d31fc54267f2,RELM91_81858cc393a831a5ca,MATM91_a17d760233dd0899b3,双钴一1（BSG-1）,安全特性,摩擦感度(需对应不同测试条件),"较灵敏。因体系内含液态敏感染料NG,机械摩擦发火概率高于普通复合药。",,,,,,,敏感|高,qualitative_only,false,no_reliable_numeric_measurement,,,,,,126,EVM91_0ac80095f89e6ba9ff,accepted
PROPM91_028d3a66b8747cb478,RELM91_e0200e2e203bd2de9e,MATM91_a17d760233dd0899b3,双钴一1（BSG-1）,安全特性,撞击感度(需对应不同测试条件),"较灵敏。对机械撞击敏感,压延、挤胶等加工全流程必须严格防爆隔离抗撞击。",,,,,,,敏感,qualitative_only,false,no_reliable_numeric_measurement,,,,,,126,EVM91_97b24bbaee2b356ced,accepted
PROPM91_fc514c09736c2d12a6,RELM91_344c59d80f6191c121,MATM91_a17d760233dd0899b3,双钴一1（BSG-1）,安全特性,冲击感度,"敏感。受强硬约束或遇强冲击波(如雷管起爆)时,极易发生燃烧转爆轰(DDT)。",,,,,,,敏感|强,qualitative_only,false,no_reliable_numeric_measurement,,,,,,126,EVM91_00c429be84806e9e1e,accepted
PROPM91_34655fa2bc8db42a53,RELM91_c15e0e6286a88377e0,MATM91_a17d760233dd0899b3,双钴一1（BSG-1）,安全特性,火焰感度,灵敏。易被点火器的明火或炽热金属粒子瞬间可靠引燃。,,,,,,,,qualitative_only,false,no_reliable_numeric_measurement,,,,,,126,EVM91_f986ac98ca04b18013,accepted
PROPM91_eb10ac2e9f8d4ffad5,RELM91_1a03a271381376f331,MATM91_a17d760233dd0899b3,双钴一1（BSG-1）,安全特性,静电感度(需对应不同测试条件),较高。高分子双基胶体在摩擦、挤压或切削加工中易产生静电积累。,,,,,,,高,qualitative_only,false,no_reliable_numeric_measurement,,,,,,126,EVM91_cac3ac751d066d06ed,accepted
PROPM91_732be90122f68e5000,RELM91_fa316b36137f0258c8,MATM91_a17d760233dd0899b3,双钴一1（BSG-1）,安全特性,热感度(5s爆发点),"190°C - 210°C(核心警示:受双基骨架制约,热稳定性差,爆发点远低于大多数复合推进剂)。",,,,,,,低,multiple_measurements,false,multiple_primary_measurements,,热感度(5s爆发点),,,5,126,EVM91_de944b2c6b3a645899,accepted
PROPM91_edce7005023e8daa74,RELM91_ffb9b8922efc0a664b,MATM91_a17d760233dd0899b3,双钴一1（BSG-1）,安全特性,电火花感度,较灵敏。易被电火花放电点燃。,,,,,,,,qualitative_only,false,no_reliable_numeric_measurement,,,,,,126,EVM91_719057cc63600162e9,accepted
PROPM91_46af1f96e6c02bbbd5,RELM91_92b880735e18d095a1,MATM91_a17d760233dd0899b3,双钴一1（BSG-1）,安全特性,吸湿性,"较低。致密胶体防潮性良好,基础大分子NC及配方成分具极其微弱的吸水性。",,,,,,,较低|低,text_only,false,no_reliable_numeric_measurement,,,,,,126,EVM91_6758ab0630d339be76,accepted
PROPM91_cac9f4755ff84498ba,RELM91_0669c9ff5f66548aef,MATM91_a17d760233dd0899b3,双钴一1（BSG-1）,安全特性,熔点,"不适用(胶体受热不熔化,直接分解或爆燃)。",,,,,,,,qualitative_only,false,no_reliable_numeric_measurement,,,,,,126,EVM91_f7246c99fed6550a9a,accepted
PROPM91_12b29161567369b55a,RELM91_3741fafcfee343a23c,MATM91_a17d760233dd0899b3,双钴一1（BSG-1）,安全特性,分解温度,约 160°C - 180°C 开始显著降解;常温下也会发生极其缓慢的自发放热分解。,,,,,,,,multiple_measurements,false,multiple_primary_measurements,,分解温度,,,,126,EVM91_7c6901405172c1f44e,accepted
PROPM91_2029004b4de06b3964,RELM91_ab58961d1949271dbd,MATM91_a17d760233dd0899b3,双钴一1（BSG-1）,能量特性,爆速,"高。强激发发生爆轰时,爆速通常可达 6000 - 7000 m/s 量级。",,6000,7000,m/s,explicit_or_field_specific,,强|高,validated_range,true,,primary_value,爆速,,,,126,EVM91_cb7572c65b2690c798,accepted
PROPM91_55d20db4104cb4b0ac,RELM91_2ddcd223491f27fa71,MATM91_a17d760233dd0899b3,双钴一1（BSG-1）,能量特性,爆温,中等。正常火箭工作燃烧温度通常在 2500K - 3000K 左右。,,,,℃,field_dictionary,,中等,qualitative_only,false,no_reliable_numeric_measurement,,,,,,126,EVM91_fcf4e9548869fb7b13,accepted
PROPM91_6c0941e5bf274fdfb5,RELM91_dd1e1134fd8b39e21f,MATM91_a17d760233dd0899b3,双钴一1（BSG-1）,能量特性,爆压,"高。若转入爆轰状态,爆压可达 15 - 20 GPa。",,15,20,GPa,explicit_or_field_specific,,高,validated_range,true,,primary_value,爆压,,,,126,EVM91_5caa9075fa8d43e49c,accepted
PROPM91_d713e5ad3a47ed0452,RELM91_d2083a284fc599d537,MATM91_a17d760233dd0899b3,双钴一1（BSG-1）,能量特性,爆容,"极大。自身含氧量高,产气量通常在 800 - 1000 L/kg 之间。",,,,L/kg,explicit_text,,高,qualitative_only,false,no_reliable_numeric_measurement,,,,,,126,EVM91_10e9eb33f780e1b060,accepted
PROPM91_4da8a6942dcd42d049,RELM91_fc70cfa0db717a217f,MATM91_a17d760233dd0899b3,双钴一1（BSG-1）,能量特性,威力,较高。具备较强的爆炸做功破坏威力。,,,,,,,强|较强|高,text_only,false,no_reliable_numeric_measurement,,,,,,126,EVM91_5fcbf2b5fa21d1f330,accepted
PROPM91_2fc211ca2603a53320,RELM91_10b16d8c30a5424085,MATM91_a17d760233dd0899b3,双钴一1（BSG-1）,能量特性,猛度,较高(若发生爆轰)。,,,,,,,高,text_only,false,no_reliable_numeric_measurement,,,,,,126,EVM91_90131b697297f4e611,accepted
PROPM91_e36d8ed57cf914c22a,RELM91_b701ac90c1d8f5d732,MATM91_a17d760233dd0899b3,双钴一1（BSG-1）,能量特性,起爆力,不适用。,,,,,,,,text_only,false,no_reliable_numeric_measurement,,,,,,126,EVM91_89ca676ceeb807714f,accepted
PROPM91_b5c76e1d90cc4a1a99,RELM91_0bd97867dab6d54989,MATM91_a17d760233dd0899b3,双钴一1（BSG-1）,能量特性,燃烧速度(发射药、推进剂),"超速/平台效应。在低压区表现出显著的燃速激增(超速),并在特定压强形成平台,提供迅猛初推力。",,,,,,,强|低,qualitative_only,false,no_reliable_numeric_measurement,,,,,,126,EVM91_f9b53e765486c0f048,accepted
PROPM91_a291e7e1e8efaa2f08,RELM91_b80dfd047b9735353d,MATM91_a17d760233dd0899b3,双钴一1（BSG-1）,能量特性,火药力(发射药),"较高。理论比冲表现良好,战术适应性强。",,,,,,,强|高,qualitative_only,false,no_reliable_numeric_measurement,,,,,,126,EVM91_0ab50bac9e815d3e44,accepted
PROPM91_1d2cdc2d7721b0a851,RELM91_93d92960471b9608c1,MATM91_d54cd60d38c6e17538,双钴一1A（SG-1A）,理化性质,分子量(单质),不适用(混合物),,,,,,,,qualitative_only,false,no_reliable_numeric_measurement,,,,,,127,EVM91_adfb1122a1a77f4d08,accepted
PROPM91_98bb3a07002d822ed2,RELM91_3d354de4d35719729e,MATM91_d54cd60d38c6e17538,双钴一1A（SG-1A）,理化性质,密度,1.55 - 1.65 g/cm3(属标准双基推进剂密度区间)。,,1.55,1.65,g/cm³,explicit_or_field_specific,,,validated_range,true,,primary_value,密度,,,,127,EVM91_3867733068af15f1c8,accepted
PROPM91_b68235abc047325f34,RELM91_6049626db99cc6894d,MATM91_d54cd60d38c6e17538,双钴一1A（SG-1A）,理化性质,外观,"呈现深褐色、暗黑色的致密角质固体,若含特定包覆层表面可能略带微弱光泽。",,,,,,,,text_only,false,no_reliable_numeric_measurement,,,,,,127,EVM91_89bb148c8f6f27bd18,accepted
PROPM91_da564bd53a8b379601,RELM91_2756bf739205af44cc,MATM91_d54cd60d38c6e17538,双钴一1A（SG-1A）,理化性质,溶解性,整体不溶于水;NC/NG易溶于丙酮、乙酸乙酯等极性有机溶剂。,,,,,,,,text_only,false,no_reliable_numeric_measurement,,,,,,127,EVM91_468ea3ae56d4951d17,accepted
PROPM91_a14ae6e2dd40ee0e8d,RELM91_4f88a6d234725f57a0,MATM91_d54cd60d38c6e17538,双钴一1A（SG-1A）,理化性质,挥发性,极微量工艺溶剂残余。表面高能增塑剂(硝化甘油)具缓慢挥发和迁移渗出风险。,,,,,,,高,text_only,false,no_reliable_numeric_measurement,,,,,,127,EVM91_5d1fdb957b7eb1882e,accepted
PROPM91_2757ec433d29f87a5e,RELM91_0cdb014afe20f54e46,MATM91_d54cd60d38c6e17538,双钴一1A（SG-1A）,安全特性,摩擦感度(需对应不同测试条件),"较灵敏。因体系内含液态敏感染料NG,机械摩擦发火概率高于普通复合推进剂。",,,,,,,敏感|高,qualitative_only,false,no_reliable_numeric_measurement,,,,,,127,EVM91_ec8e1fccbe450a6b6e,accepted
PROPM91_f871e9f800ab2727af,RELM91_905d901c0e07215308,MATM91_d54cd60d38c6e17538,双钴一1A（SG-1A）,安全特性,撞击感度(需对应不同测试条件),"较灵敏。对物理撞击敏感,压延、挤胶等加工全流程必须严格防爆隔离。",,,,,,,敏感,qualitative_only,false,no_reliable_numeric_measurement,,,,,,127,EVM91_d43a7af37aae368f92,accepted
PROPM91_74fbc8eb0fab91dc40,RELM91_24796a7e278b634084,MATM91_d54cd60d38c6e17538,双钴一1A（SG-1A）,安全特性,冲击感度,"敏感。受强硬约束或遭遇强冲击波(如雷管)时,极易发生燃烧转爆轰(DDT)。",,,,,,,敏感|强,qualitative_only,false,no_reliable_numeric_measurement,,,,,,127,EVM91_2b347daf4f7dc4e4e4,accepted
PROPM91_4de400bef19cc860ff,RELM91_60e70af9bca43a5347,MATM91_d54cd60d38c6e17538,双钴一1A（SG-1A）,安全特性,火焰感度,灵敏。极易被点火器的明火或热粒子瞬间可靠引燃。,,,,,,,,qualitative_only,false,no_reliable_numeric_measurement,,,,,,127,EVM91_cb28ef73b18c57ccd0,accepted
PROPM91_79495bc5da2b07f3ae,RELM91_3ac4fdabd96618c815,MATM91_d54cd60d38c6e17538,双钴一1A（SG-1A）,安全特性,静电感度(需对应不同测试条件),较高。双基胶体在摩擦、挤压或切削加工中易产生高压静电积累。,,,,,,,高,qualitative_only,false,no_reliable_numeric_measurement,,,,,,127,EVM91_4619f7c607029597f3,accepted
PROPM91_1c1d43bbf3f0828438,RELM91_870e2ff69fb733709f,MATM91_d54cd60d38c6e17538,双钴一1A（SG-1A）,安全特性,热感度(5s爆发点),"190°C - 210°C(热稳定性受双基骨架制约,爆发点远低于大多数复合推进剂)。",,,,,,,低,multiple_measurements,false,multiple_primary_measurements,,热感度(5s爆发点),,,5,127,EVM91_7bde4635ced709e3b9,accepted
PROPM91_ab9c965fde70db9096,RELM91_6e2635549e3602e558,MATM91_d54cd60d38c6e17538,双钴一1A（SG-1A）,安全特性,电火花感度,较灵敏。易被高压电火花放电点燃。,,,,,,,高,qualitative_only,false,no_reliable_numeric_measurement,,,,,,127,EVM91_ddb47f8f9fe5c50bc9,accepted
PROPM91_b7dc72859043b0cfa7,RELM91_a60546bff43ce70697,MATM91_d54cd60d38c6e17538,双钴一1A（SG-1A）,安全特性,吸湿性,"较低。致密胶体防潮性良好,基础大分子NC具极其微弱的吸水性。",,,,,,,较低|低,text_only,false,no_reliable_numeric_measurement,,,,,,127,EVM91_11a14c3b2d3e52e95f,accepted
PROPM91_dadd677aabcf4e5f1a,RELM91_215b3cd948b3b98d7b,MATM91_d54cd60d38c6e17538,双钴一1A（SG-1A）,安全特性,熔点,"不适用(胶体受热不熔化,直接分解或爆燃)。",,,,,,,,qualitative_only,false,no_reliable_numeric_measurement,,,,,,127,EVM91_d04cb38095a3868b3e,accepted
PROPM91_f7deaad451bcfd7fac,RELM91_532bc5cf53738f0984,MATM91_d54cd60d38c6e17538,双钴一1A（SG-1A）,安全特性,分解温度,约 160°C - 180°C 开始显著降解;常温下也会发生极其缓慢的放热分解。,,,,,,,,multiple_measurements,false,multiple_primary_measurements,,分解温度,,,,127,EVM91_3573d5117175b3e06a,accepted
PROPM91_774c30f1251be7ee58,RELM91_567f5e200eb7c57452,MATM91_d54cd60d38c6e17538,双钴一1A（SG-1A）,能量特性,爆速,"高。若发生强起爆爆轰,爆速可达 6000 - 7000 m/s 量级。",,6000,7000,m/s,explicit_or_field_specific,,强|高,validated_range,true,,primary_value,爆速,,,,127,EVM91_5d481de93192ac23ad,accepted
PROPM91_cf6fad316d42e08b59,RELM91_9b2aaaa0020ef2ddbf,MATM91_d54cd60d38c6e17538,双钴一1A（SG-1A）,能量特性,爆温,中等。正常火箭工作燃烧温度约 2500K - 3000K。,,,,℃,field_dictionary,,中等,qualitative_only,false,no_reliable_numeric_measurement,,,,,,127,EVM91_7024bea95d1741fe55,accepted
PROPM91_85b5024049302bc5c7,RELM91_9d49a08789303fa9d0,MATM91_d54cd60d38c6e17538,双钴一1A（SG-1A）,能量特性,爆压,"高。若转入爆轰状态,爆压可达 15 - 20 GPa。",,15,20,GPa,explicit_or_field_specific,,高,validated_range,true,,primary_value,爆压,,,,127,EVM91_6876fa0213a5390f74,accepted
PROPM91_8e68fbfb573768e8d0,RELM91_b6e8dac1b7e360f0b7,MATM91_d54cd60d38c6e17538,双钴一1A（SG-1A）,能量特性,爆容,"极大。自身含氧量高,产气量通常在 800 - 1000 L/kg 之间。",,,,L/kg,explicit_text,,高,qualitative_only,false,no_reliable_numeric_measurement,,,,,,127,EVM91_87eee134b51008b45b,accepted
PROPM91_06a29b1a68c227ddf9,RELM91_9894d20b1a9069e883,MATM91_d54cd60d38c6e17538,双钴一1A（SG-1A）,能量特性,威力,较高。具备较强的爆炸做功破坏威力。,,,,,,,强|较强|高,text_only,false,no_reliable_numeric_measurement,,,,,,127,EVM91_65908ddcb37df8cf58,accepted
PROPM91_c90c6a01ba9cc53420,RELM91_75356650cc76669257,MATM91_d54cd60d38c6e17538,双钴一1A（SG-1A）,能量特性,猛度,较高(若发生爆轰)。,,,,,,,高,text_only,false,no_reliable_numeric_measurement,,,,,,127,EVM91_970c6f971afab67cea,accepted
PROPM91_9c5e896002f499e1bc,RELM91_8929a7a0f6763c8a09,MATM91_d54cd60d38c6e17538,双钴一1A（SG-1A）,能量特性,燃烧速度(发射药、推进剂),"超速/平台效应。钴盐能大幅提升低压区燃速,满足特定内弹道瞬时高推力需求。",,,,,,,低|高,qualitative_only,false,no_reliable_numeric_measurement,,,,,,127,EVM91_19c29cdfc026f8c86b,accepted
PROPM91_fec831e3d15af7befe,RELM91_fe1cc9400afa527c2a,MATM91_d54cd60d38c6e17538,双钴一1A（SG-1A）,能量特性,火药力(发射药),"较高。理论比冲表现良好,低压燃烧性能优异。",,,,,,,低|高,qualitative_only,false,no_reliable_numeric_measurement,,,,,,127,EVM91_fe894a091472c076a7,accepted
PROPM91_d52ca31e6116af15a1,RELM91_db120b1078d5bd300b,MATM91_8595ccf3f752647299,双钴一2（BSC-2）,理化性质,分子量(单质),不适用(混合物),,,,,,,,qualitative_only,false,no_reliable_numeric_measurement,,,,,,128,EVM91_a0c386e5790c025682,accepted
PROPM91_e9d3ea0d2895cada8e,RELM91_6020b9160ad9d9e400,MATM91_8595ccf3f752647299,双钴一2（BSC-2）,理化性质,密度,1.55 - 1.65 g/cm3(属于标准双基推进剂密度区间)。,,1.55,1.65,g/cm³,explicit_or_field_specific,,,validated_range,true,,primary_value,密度,,,,128,EVM91_0a646d11c0a491812e,accepted
PROPM91_770e3d8990e5a55976,RELM91_bc6d46a400f6420152,MATM91_8595ccf3f752647299,双钴一2（BSC-2）,理化性质,外观,"呈现深褐色、暗黑色(受钴盐配体及炭黑影响,强光下可能泛出极微弱的蓝紫色晕)的致密角质固体。",,,,,,,强,text_only,false,no_reliable_numeric_measurement,,,,,,128,EVM91_a0bb6116dc5f5d1e76,accepted
PROPM91_fc8d448ed9f1fdca94,RELM91_d2f32b5a88a4d87aca,MATM91_8595ccf3f752647299,双钴一2（BSC-2）,理化性质,溶解性,整体不溶于水;NC/NG易溶于丙酮、乙酸乙酯等极性有机溶剂。,,,,,,,,text_only,false,no_reliable_numeric_measurement,,,,,,128,EVM91_8cc573942708304c16,accepted
PROPM91_e25c6180018d03422a,RELM91_b2838fd33ba5cb3e4e,MATM91_8595ccf3f752647299,双钴一2（BSC-2）,理化性质,挥发性,极微量工艺溶剂残余。表面高能增塑剂(硝化甘油)具缓慢挥发和迁移渗出风险。,,,,,,,高,text_only,false,no_reliable_numeric_measurement,,,,,,128,EVM91_addab016308dd9f50f,accepted
PROPM91_06fde07854e10fec2d,RELM91_c9e3531b42d0280cc5,MATM91_8595ccf3f752647299,双钴一2（BSC-2）,安全特性,摩擦感度(需对应不同测试条件),"较灵敏。因体系内含液态敏感染料NG,机械摩擦发火概率高于普通复合推进剂。",,,,,,,敏感|高,qualitative_only,false,no_reliable_numeric_measurement,,,,,,128,EVM91_3ae52ab60d4e69b988,accepted
PROPM91_50083a9cdfb156a35d,RELM91_2565ef319af2d1b9cb,MATM91_8595ccf3f752647299,双钴一2（BSC-2）,安全特性,撞击感度(需对应不同测试条件),"较灵敏。对物理撞击敏感,压延、挤胶等加工全流程必须严格防爆隔离。",,,,,,,敏感,qualitative_only,false,no_reliable_numeric_measurement,,,,,,128,EVM91_64386e796c2b31821c,accepted
PROPM91_5735c2c2282cd7d529,RELM91_d37c61a39906599577,MATM91_8595ccf3f752647299,双钴一2（BSC-2）,安全特性,冲击感度,"敏感。受强硬约束或遭遇强冲击波(如雷管)时,极易发生燃烧转爆轰(DDT)。",,,,,,,敏感|强,qualitative_only,false,no_reliable_numeric_measurement,,,,,,128,EVM91_62cf2234244c6dd728,accepted
PROPM91_5a4313d7354cfa9686,RELM91_dc9f5fd3a09e782e7f,MATM91_8595ccf3f752647299,双钴一2（BSC-2）,安全特性,火焰感度,灵敏。极易被点火器的明火或热粒子瞬间可靠引燃。,,,,,,,,qualitative_only,false,no_reliable_numeric_measurement,,,,,,128,EVM91_3c6fa32f14cac90a78,accepted
PROPM91_7ca31c69e63999c6c1,RELM91_9048fb9ea7a1170cf5,MATM91_8595ccf3f752647299,双钴一2（BSC-2）,安全特性,静电感度(需对应不同测试条件),较高。双基胶体在摩擦、挤压或切削加工中易产生高压静电积累。,,,,,,,高,qualitative_only,false,no_reliable_numeric_measurement,,,,,,128,EVM91_312d16de545785894f,accepted
PROPM91_2ab99d2fb6afa797d7,RELM91_e70bd2fb1e30b8bd11,MATM91_8595ccf3f752647299,双钴一2（BSC-2）,安全特性,热感度(5s爆发点),"190°C - 210°C(热稳定性受双基骨架制约,爆发点远低于复合推进剂)。",,,,,,,低,multiple_measurements,false,multiple_primary_measurements,,热感度(5s爆发点),,,5,128,EVM91_1440748941d617cadc,accepted
PROPM91_f35c4735c335c60932,RELM91_cb77ac2d11d163cebc,MATM91_8595ccf3f752647299,双钴一2（BSC-2）,安全特性,电火花感度,较灵敏。易被电火花放电点燃。,,,,,,,,qualitative_only,false,no_reliable_numeric_measurement,,,,,,128,EVM91_f0fb1cd6c2f1b4db50,accepted
PROPM91_4b29b7ef2f09305f06,RELM91_45385dbcbdc45cf31d,MATM91_8595ccf3f752647299,双钴一2（BSC-2）,安全特性,吸湿性,"较低。致密胶体防潮性良好,基础大分子NC及钴盐具极其微弱的吸水性。",,,,,,,较低|低,text_only,false,no_reliable_numeric_measurement,,,,,,128,EVM91_6b761001e2e5c4367e,accepted
PROPM91_c9916bbadfe54bd7f1,RELM91_184f17b5c93dd4cfd1,MATM91_8595ccf3f752647299,双钴一2（BSC-2）,安全特性,熔点,"不适用(胶体受热不熔化,直接分解或爆燃)。",,,,,,,,qualitative_only,false,no_reliable_numeric_measurement,,,,,,128,EVM91_bbd66e9d209010fd14,accepted
PROPM91_ff9d346f8f941e3880,RELM91_4103a5ac1461d2d204,MATM91_8595ccf3f752647299,双钴一2（BSC-2）,安全特性,分解温度,约 160°C - 180°C 开始显著降解;常温下也会发生极其缓慢的放热分解。,,,,,,,,multiple_measurements,false,multiple_primary_measurements,,分解温度,,,,128,EVM91_f78b2b2ce3a693185f,accepted
PROPM91_015cf881e6f476d394,RELM91_b2f20374a06d7f60e0,MATM91_8595ccf3f752647299,双钴一2（BSC-2）,能量特性,爆速,"高。若发生爆轰,爆速可达 6000 - 7000 m/s 量级。",,6000,7000,m/s,explicit_or_field_specific,,高,validated_range,true,,primary_value,爆速,,,,128,EVM91_c202ad19bddec13441,accepted
PROPM91_2b4b34d45a45db51bd,RELM91_40980e80ede0d49cd7,MATM91_8595ccf3f752647299,双钴一2（BSC-2）,能量特性,爆温,中等。正常工作燃烧温度约 2500K - 3000K。,,,,℃,field_dictionary,,中等,qualitative_only,false,no_reliable_numeric_measurement,,,,,,128,EVM91_82aeca06f190a22008,accepted
PROPM91_a849e8c2ebbc311487,RELM91_1e92c07c992ea668fb,MATM91_8595ccf3f752647299,双钴一2（BSC-2）,能量特性,爆压,"高。若转入爆轰状态,爆压可达 15 - 20 GPa。",,15,20,GPa,explicit_or_field_specific,,高,validated_range,true,,primary_value,爆压,,,,128,EVM91_8b9ea02907f34519c4,accepted
PROPM91_5bafdc117f931ce205,RELM91_d45c019884d3c2cd8e,MATM91_8595ccf3f752647299,双钴一2（BSC-2）,能量特性,爆容,"极大。自身含氧量高,产气量通常在 800 - 1000 L/kg 之间。",,,,L/kg,explicit_text,,高,qualitative_only,false,no_reliable_numeric_measurement,,,,,,128,EVM91_1b75efb81916f4a856,accepted
PROPM91_fa74f51c1050b3cb21,RELM91_c41f5a5d18c17cbee3,MATM91_8595ccf3f752647299,双钴一2（BSC-2）,能量特性,威力,较高。具备较强的爆炸做功破坏威力。,,,,,,,强|较强|高,text_only,false,no_reliable_numeric_measurement,,,,,,128,EVM91_a10f6db562439a2002,accepted
PROPM91_6b1d43a1a84170d389,RELM91_35c5b32f674b38b337,MATM91_8595ccf3f752647299,双钴一2（BSC-2）,能量特性,猛度,较高(若发生爆轰)。,,,,,,,高,text_only,false,no_reliable_numeric_measurement,,,,,,128,EVM91_1cfd7de68f7bec43fd,accepted
PROPM91_456da0a481c6f844ab,RELM91_4c03aab13f8442af59,MATM91_8595ccf3f752647299,双钴一2（BSC-2）,能量特性,燃烧速度(发射药、推进剂),"超速/平台效应。钴盐能大幅提升低压区燃速,并在特定压强段形成平台或麦撒效应。",,,,,,,强|低,qualitative_only,false,no_reliable_numeric_measurement,,,,,,128,EVM91_b3d94775f2c27f4b68,accepted
PROPM91_9bf979ddf073814866,RELM91_10fdff52fa04312179,MATM91_8595ccf3f752647299,双钴一2（BSC-2）,能量特性,火药力(发射药),"较高。理论比冲表现良好,低压燃烧性能优异。",,,,,,,低|高,qualitative_only,false,no_reliable_numeric_measurement,,,,,,128,EVM91_65319ad497a0392bc1,accepted
PROPM91_2f6253b6b9722e3124,RELM91_b9c3b7ed059391a552,MATM91_2525114c43b8ca4eb5,双芳镁一l（SFM-1）,理化性质,分子量(单质),不适用(混合物),,,,,,,,qualitative_only,false,no_reliable_numeric_measurement,,,,,,129,EVM91_a251e0cf2bbd94858b,accepted
PROPM91_fb99ce3ab1559da80f,RELM91_a1a02eb1f5b7cd5218,MATM91_2525114c43b8ca4eb5,双芳镁一l（SFM-1）,理化性质,密度,"1.52 - 1.62 g/cm3(镁粉密度低,使整体密度在改性双基中偏低)。",,1.52,1.62,g/cm³,explicit_or_field_specific,,低,validated_range,true,,primary_value,密度,,,,129,EVM91_b3a416a52ecd0bf6db,accepted
PROPM91_7266f89fd1d3671472,RELM91_f9594b723c7e7568ed,MATM91_2525114c43b8ca4eb5,双芳镁一l（SFM-1）,理化性质,外观,"呈现深褐色或灰黑色致密胶体,表面具有显著的银亮金属光泽。",,,,,,,,text_only,false,no_reliable_numeric_measurement,,,,,,129,EVM91_f2c2656fdf6385842a,accepted
PROPM91_723fc3bad0cacea38f,RELM91_cac1b60cbf64c42013,MATM91_2525114c43b8ca4eb5,双芳镁一l（SFM-1）,理化性质,溶解性,"NC/NG易溶于丙酮等溶剂;镁粉不溶,但遇潮气或酸性水溶液会剧烈反应。",,,,,,,,text_only,false,no_reliable_numeric_measurement,,,,,,129,EVM91_c8048a2056801bafbc,accepted
PROPM91_d4cc1196630c7adf3a,RELM91_7822a2d62f6541f37c,MATM91_2525114c43b8ca4eb5,双芳镁一l（SFM-1）,理化性质,挥发性,"极低。NG具有极缓慢迁移挥发性,受包覆层抑制。",,,,,,,低|极低,text_only,false,no_reliable_numeric_measurement,,,,,,129,EVM91_36a936335122576b27,accepted
PROPM91_19d9ef8c07eb010412,RELM91_d94d11a8f762a832e1,MATM91_2525114c43b8ca4eb5,双芳镁一l（SFM-1）,安全特性,摩擦感度(需对应不同测试条件),"极度灵敏(严重警示)。高硬度镁粉粒子在摩擦时产热剧烈,发火率极高。",,,,,,,极高|高,qualitative_only,false,no_reliable_numeric_measurement,,,,,,129,EVM91_c3bd78827a6d561038,accepted
PROPM91_38a0ae434b9d904601,RELM91_477919b8251924854c,MATM91_2525114c43b8ca4eb5,双芳镁一l（SFM-1）,安全特性,撞击感度(需对应不同测试条件),"极度灵敏。对物理撞击异常敏感,加工全流程需顶格防爆。",,,,,,,敏感,qualitative_only,false,no_reliable_numeric_measurement,,,,,,129,EVM91_047ffe93a75b0388d8,accepted
PROPM91_22db5bec39a03e930d,RELM91_d5a098064287658a34,MATM91_2525114c43b8ca4eb5,双芳镁一l（SFM-1）,安全特性,冲击感度,敏感。强约束或高压冲击波激发下极易发生转爆轰(DDT)。,,,,,,,敏感|强|高,qualitative_only,false,no_reliable_numeric_measurement,,,,,,129,EVM91_44a70f78acb16286fb,accepted
PROPM91_3eefead3e295a8aabb,RELM91_90266e99b93ff33aa8,MATM91_2525114c43b8ca4eb5,双芳镁一l（SFM-1）,安全特性,火焰感度,"极端灵敏。活性镁粉使其对明火点燃几无延迟,瞬间全燃。",,,,,,,无,qualitative_only,false,no_reliable_numeric_measurement,,,,,,129,EVM91_e13447925515c7717c,accepted
PROPM91_46101751ce2077418e,RELM91_0008d892c6fb205f1d,MATM91_2525114c43b8ca4eb5,双芳镁一l（SFM-1）,安全特性,静电感度(需对应不同测试条件),"极端灵敏(最致命弱点)。金属镁极易积累电荷,电火花感度极高,必须全流程严格接地。",,,,,,,极高|高,qualitative_only,false,no_reliable_numeric_measurement,,,,,,129,EVM91_069218867f264abe50,accepted
PROPM91_5e6db6e3752c4a58f5,RELM91_48ac43966283e56195,MATM91_2525114c43b8ca4eb5,双芳镁一l（SFM-1）,安全特性,热感度(5s爆发点),"190°C - 210°C(受双基骨架制约,爆发点远低于复合推进剂)。",,,,,,,低,multiple_measurements,false,multiple_primary_measurements,,热感度(5s爆发点),,,5,129,EVM91_53e8234af1cded1a47,accepted
PROPM91_fbe345f4288a313e10,RELM91_038ae2f4f7aea90b3b,MATM91_2525114c43b8ca4eb5,双芳镁一l（SFM-1）,安全特性,电火花感度,高度灵敏。极其微弱的静电放电即可引发燃烧或爆炸。,,,,,,,高,qualitative_only,false,no_reliable_numeric_measurement,,,,,,129,EVM91_564c1da4c0c7083f8a,accepted
PROPM91_8f302f84380a0f2276,RELM91_8b31442cbcfbf58160,MATM91_2525114c43b8ca4eb5,双芳镁一l（SFM-1）,安全特性,吸湿性,"极高(核心化学隐患)。镁粉吸潮后发生放热氧化,并释放易燃易爆的氢气(H2)。",,,,,,,极高|高,text_only,false,no_reliable_numeric_measurement,,,,,,129,EVM91_5d28b824111fe50550,accepted
PROPM91_adfe3d5259c318e5c0,RELM91_4713705457595a5df6,MATM91_2525114c43b8ca4eb5,双芳镁一l（SFM-1）,安全特性,熔点,"不适用(受热不熔化,直接极速燃烧)。",,,,,,,,qualitative_only,false,no_reliable_numeric_measurement,,,,,,129,EVM91_c866d839f0ee27aa3d,accepted
PROPM91_acfb4c81ec8f070a65,RELM91_3716a75b1c2ba59a92,MATM91_2525114c43b8ca4eb5,双芳镁一l（SFM-1）,安全特性,分解温度,约 160°C - 180°C 开始显著降解;超200°C进入镁热反应区。,,,,,,,,multiple_measurements,false,multiple_primary_measurements,,分解温度,,,,129,EVM91_53d24664c791708380,accepted
PROPM91_e2b25390b75a426582,RELM91_2c938ca504daad5641,MATM91_2525114c43b8ca4eb5,双芳镁一l（SFM-1）,能量特性,爆速,"高。强激发爆轰时,爆速可达 6000 - 6800 m/s 量级。",,6000,6800,m/s,explicit_or_field_specific,,强|高,validated_range,true,,primary_value,爆速,,,,129,EVM91_4f8a19e714dfab655e,accepted
PROPM91_ba8f595028a2b48825,RELM91_2cf23023197211aba6,MATM91_2525114c43b8ca4eb5,双芳镁一l（SFM-1）,能量特性,爆温,"极高。受镁燃烧放热助推,火焰温度常突破 3000K - 3200K。",,,,℃,field_dictionary,,极高|高,qualitative_only,false,no_reliable_numeric_measurement,,,,,,129,EVM91_c5ad396f3e7b794a30,accepted
PROPM91_e053d6c901ef784ba6,RELM91_df923b20aaafb6040c,MATM91_2525114c43b8ca4eb5,双芳镁一l（SFM-1）,能量特性,爆压,高。爆轰状态下可达 15 - 18 GPa。,,15,18,GPa,explicit_or_field_specific,,高,validated_range,true,,primary_value,爆压,,,,129,EVM91_34355281b50c36a6da,accepted
PROPM91_7a8d095914f6160daf,RELM91_39bd9245d91cf980fe,MATM91_2525114c43b8ca4eb5,双芳镁一l（SFM-1）,能量特性,爆容,"大。含氧量高,产气量通常在 850 - 950 L/kg。",,,,L/kg,explicit_text,,高,qualitative_only,false,no_reliable_numeric_measurement,,,,,,129,EVM91_7c7e55414f3db9fa8b,accepted
PROPM91_4c3897d621cd110494,RELM91_78f978df25a1ec1d1d,MATM91_2525114c43b8ca4eb5,双芳镁一l（SFM-1）,能量特性,威力,高。具备极强的爆炸做功与热辐射破坏力。,,,,,,,强|高,text_only,false,no_reliable_numeric_measurement,,,,,,129,EVM91_d1dfc97ee9eb50fe67,accepted
PROPM91_8662aa058fe0e1146f,RELM91_9fb3cd81cc0d615514,MATM91_2525114c43b8ca4eb5,双芳镁一l（SFM-1）,能量特性,猛度,高(若发生爆轰)。,,,,,,,高,text_only,false,no_reliable_numeric_measurement,,,,,,129,EVM91_c76659bf7ca35be4eb,accepted
PROPM91_1514c2b9b5d8a735dc,RELM91_fe728690d97dae224c,MATM91_2525114c43b8ca4eb5,双芳镁一l（SFM-1）,能量特性,燃烧速度(发射药、推进剂),"极快。镁粉的高活性显著提升了燃速,满足高加速度要求。",,,,,,,高,qualitative_only,false,no_reliable_numeric_measurement,,,,,,129,EVM91_09c4efcabd1b1cfb59,accepted
PROPM91_07c9305252a786c392,RELM91_1b517547ba966723bc,MATM91_2525114c43b8ca4eb5,双芳镁一l（SFM-1）,能量特性,火药力(发射药),"较高。做功能力强,能量密度高。",,,,,,,强|高,qualitative_only,false,no_reliable_numeric_measurement,,,,,,129,EVM91_1620dec9a9435df090,accepted
PROPM91_425312cc3108a0abd4,RELM91_76f66cec172fc882a3,MATM91_0deffc3bce206d69c1,双芳镁一2,理化性质,分子量(单质),不适用(混合物),,,,,,,,qualitative_only,false,no_reliable_numeric_measurement,,,,,,130,EVM91_15cf315b8913c31a0d,accepted
PROPM91_735649d7091cd7f68c,RELM91_c5418994ee942fc53e,MATM91_0deffc3bce206d69c1,双芳镁一2,理化性质,密度,"1.52 - 1.62 g/cm3(受镁粉低密度影响,整体密度低于铅/铜系双基药)。",,1.52,1.62,g/cm³,explicit_or_field_specific,,低,validated_range,true,,primary_value,密度,,,,130,EVM91_8824b74692c090ba09,accepted
PROPM91_273195b03891777c54,RELM91_f7ed0f0b3fe6972f42,MATM91_0deffc3bce206d69c1,双芳镁一2,理化性质,外观,"呈现暗灰色、深褐色,表面通常带有明显的银白色或灰白色金属光泽的致密固体。",,,,,,,,text_only,false,no_reliable_numeric_measurement,,,,,,130,EVM91_cbf95bf33427463755,accepted
PROPM91_06d2709f6d9e0ca2c4,RELM91_0dbfdfbf649e285643,MATM91_0deffc3bce206d69c1,双芳镁一2,理化性质,溶解性,"NC/NG及芳香族易溶于极性溶剂;镁粉不溶,但遇微酸或潮湿环境会剧烈反应。",,,,,,,,text_only,false,no_reliable_numeric_measurement,,,,,,130,EVM91_3fea180acfb6671087,accepted
PROPM91_a4cc80be5c2f54cb0e,RELM91_31734bc82f35489a37,MATM91_0deffc3bce206d69c1,双芳镁一2,理化性质,挥发性,极低。NG及小分子芳烃具有极其缓慢的迁移和挥发倾向。,,,,,,,低|极低,text_only,false,no_reliable_numeric_measurement,,,,,,130,EVM91_ade0daaff2c28e1d75,accepted
PROPM91_8d4a7be4b6f9e13b73,RELM91_c93019d6079428c48f,MATM91_0deffc3bce206d69c1,双芳镁一2,安全特性,摩擦感度(需对应不同测试条件),"极度灵敏(严重警告)。活泼的镁粉使机械摩擦生热率极高,压延及切削极易意外发火。",,,,,,,极高|高,qualitative_only,false,no_reliable_numeric_measurement,,,,,,130,EVM91_ce1af6f9b1a9a53557,accepted
PROPM91_ae68486b155f407d0c,RELM91_2688a4b3646658d511,MATM91_0deffc3bce206d69c1,双芳镁一2,安全特性,撞击感度(需对应不同测试条件),"极度灵敏。对机械撞击异常敏感,加工全流程必须执行最高等级的防爆隔离。",,,,,,,敏感|高,qualitative_only,false,no_reliable_numeric_measurement,,,,,,130,EVM91_8aba8004137f91943a,accepted
PROPM91_c33592a48d6f06b6ea,RELM91_b2d9e21de298af5f92,MATM91_0deffc3bce206d69c1,双芳镁一2,安全特性,冲击感度,敏感。受强硬约束或强冲击波激发易发生DDT(燃烧转爆轰)。,,,,,,,敏感|强,qualitative_only,false,no_reliable_numeric_measurement,,,,,,130,EVM91_cdf8fd904e11b34094,accepted
PROPM91_16733f603b20599ca4,RELM91_a8cd7c53a972543803,MATM91_0deffc3bce206d69c1,双芳镁一2,安全特性,火焰感度,"极端灵敏。依靠高活性镁粉,微弱明火即可瞬间引发整体剧烈全燃。",,,,,,,高,qualitative_only,false,no_reliable_numeric_measurement,,,,,,130,EVM91_fa7367d8773402a528,accepted
PROPM91_e942d6804f449c74c2,RELM91_2ae53d5c2490a940bb,MATM91_0deffc3bce206d69c1,双芳镁一2,安全特性,静电感度(需对应不同测试条件),"极端灵敏(最致命弱点)。镁粉极易积累电荷,是引发意外发火的头号元凶,必须顶格接地防静电。",,,,,,,,qualitative_only,false,no_reliable_numeric_measurement,,,,,,130,EVM91_7973aab7c797174fe0,accepted
PROPM91_33b2f783650d2831f1,RELM91_a43dff7e66afe08f6b,MATM91_0deffc3bce206d69c1,双芳镁一2,安全特性,热感度(5s爆发点),"190°C - 210°C(受双基骨架制约,热稳定性差,爆发点远低于复合药)。",,,,,,,低,multiple_measurements,false,multiple_primary_measurements,,热感度(5s爆发点),,,5,130,EVM91_ec9b0cd7f83b34ccbb,accepted
PROPM91_d97a3fcd112a9f57cb,RELM91_f46157caa98a0422c8,MATM91_0deffc3bce206d69c1,双芳镁一2,安全特性,电火花感度,高度灵敏。微小的静电或电火花能量即可瞬间点燃该体系。,,,,,,,高,qualitative_only,false,no_reliable_numeric_measurement,,,,,,130,EVM91_8c0b348a0f58ddf6d1,accepted
PROPM91_d2bec7a154612f50a2,RELM91_db489139854f816c24,MATM91_0deffc3bce206d69c1,双芳镁一2,安全特性,吸湿性,"极高(核心隐患)。镁粉受潮极易腐蚀氧化并释放易爆的氢气(H2),防潮要求极度苛刻。",,,,,,,极高|高,text_only,false,no_reliable_numeric_measurement,,,,,,130,EVM91_e56e843ee93b94c10e,accepted
PROPM91_4ac139755836bea66b,RELM91_083a0cb2a32fa6e8f5,MATM91_0deffc3bce206d69c1,双芳镁一2,安全特性,熔点,"不适用(受热不熔化,直接极速燃烧)。",,,,,,,,qualitative_only,false,no_reliable_numeric_measurement,,,,,,130,EVM91_f4f721553d5d70b5f8,accepted
PROPM91_b5c8ec7c002ec10c22,RELM91_11e4d1ce13a3f19253,MATM91_0deffc3bce206d69c1,双芳镁一2,安全特性,分解温度,约 160°C - 180°C 双基体开始降解;随后引发镁热极速反应放热。,,,,,,,,multiple_measurements,false,multiple_primary_measurements,,分解温度,,,,130,EVM91_4939ef9179d586913c,accepted
PROPM91_44bbfef5cf65cbb522,RELM91_81fbf44a831eebb36d,MATM91_0deffc3bce206d69c1,双芳镁一2,能量特性,爆速,"高。强激发发生爆轰时,爆速可达 6000 - 6800 m/s 量级。",,6000,6800,m/s,explicit_or_field_specific,,强|高,validated_range,true,,primary_value,爆速,,,,130,EVM91_8bc5a0f495321fca0e,accepted
PROPM91_18a7b135ba582887c6,RELM91_6809fee1a3baf65fad,MATM91_0deffc3bce206d69c1,双芳镁一2,能量特性,爆温,"极高。受镁燃烧放热影响,火焰温度可突破 3000K,并伴随极其耀眼的白光。",,,,℃,field_dictionary,,极高|高,qualitative_only,false,no_reliable_numeric_measurement,,,,,,130,EVM91_405d3723128090b746,accepted
PROPM91_1b42bcfa0ea05193ce,RELM91_7ed9566983b79f4949,MATM91_0deffc3bce206d69c1,双芳镁一2,能量特性,爆压,高。爆轰状态下可达 15 - 18 GPa。,,15,18,GPa,explicit_or_field_specific,,高,validated_range,true,,primary_value,爆压,,,,130,EVM91_b4ae208d852ed6116d,accepted
PROPM91_5a34a1472a33f5c4b3,RELM91_dbe3b8e0f6e3ec1ab9,MATM91_0deffc3bce206d69c1,双芳镁一2,能量特性,爆容,"大。含氧量高,产气量通常在 850 - 950 L/kg 之间。",,,,L/kg,explicit_text,,高,qualitative_only,false,no_reliable_numeric_measurement,,,,,,130,EVM91_31da832b64b7e1d175,accepted
PROPM91_f60b446997f826e41c,RELM91_1b1342d7a56ff9aa1a,MATM91_0deffc3bce206d69c1,双芳镁一2,能量特性,威力,高。具备很强的爆炸做功破坏威力。,,,,,,,强|高,text_only,false,no_reliable_numeric_measurement,,,,,,130,EVM91_bc30bf7cf1e1f2919c,accepted
PROPM91_c03616a53b7f697c9d,RELM91_e83e52021e33583d6b,MATM91_0deffc3bce206d69c1,双芳镁一2,能量特性,猛度,高(若发生爆轰)。,,,,,,,高,text_only,false,no_reliable_numeric_measurement,,,,,,130,EVM91_e1ca7360bc4f86ce75,accepted
PROPM91_3b5c0bc2b0f5d25ab1,RELM91_097c89eb2d25ac21d0,MATM91_0deffc3bce206d69c1,双芳镁一2,能量特性,起爆力,不适用。,,,,,,,,text_only,false,no_reliable_numeric_measurement,,,,,,130,EVM91_b70ca3e3a65652aa58,accepted
PROPM91_309c8237a964d9ac82,RELM91_537c873f88b1549191,MATM91_0deffc3bce206d69c1,双芳镁一2,能量特性,燃烧速度(发射药、推进剂),"极快。镁的加入大幅提升了体系燃烧速率,提供极大瞬时推力。",,,,,,,,qualitative_only,false,no_reliable_numeric_measurement,,,,,,130,EVM91_526a9d72f689cc9cdf,accepted
PROPM91_63836734c1b329df26,RELM91_ddf50a2acc4aa862be,MATM91_0deffc3bce206d69c1,双芳镁一2,能量特性,火药力(发射药),较高。做功能力极强。,,,,,,,强|高,qualitative_only,false,no_reliable_numeric_measurement,,,,,,130,EVM91_01c726ec189cc36ce4,accepted
PROPM91_d06e2550e16c0b9665,RELM91_95930d9c5b0d9d5c2b,MATM91_1ac9d5c0956fc95e08,双芳镁一3（SFM-3）,理化性质,分子量(单质),不适用(混合物),,,,,,,,qualitative_only,false,no_reliable_numeric_measurement,,,,,,131,EVM91_453d118320fd2261a4,accepted
PROPM91_fee041e681810c47a5,RELM91_6224e62aa07cc89674,MATM91_1ac9d5c0956fc95e08,双芳镁一3（SFM-3）,理化性质,密度,"1.52 - 1.62 g/cm3(受镁粉低密度的影响,整体密度偏低)。",,1.52,1.62,g/cm³,explicit_or_field_specific,,低,validated_range,true,,primary_value,密度,,,,131,EVM91_255a30bd3f634eabc0,accepted
PROPM91_739b5e308aa0f144ca,RELM91_28b240190ca774c92f,MATM91_1ac9d5c0956fc95e08,双芳镁一3（SFM-3）,理化性质,外观,"呈现暗灰色、深褐色,表面通常带有耀眼的银白色金属(镁)光泽的致密固体。",,,,,,,,text_only,false,no_reliable_numeric_measurement,,,,,,131,EVM91_ddad542b2a0b3a37c0,accepted
PROPM91_af0fc396788ee57253,RELM91_08502ab57797fcead8,MATM91_1ac9d5c0956fc95e08,双芳镁一3（SFM-3）,理化性质,溶解性,"NC/NG及芳香族组分易溶于极性溶剂;镁粉不溶于水及有机溶剂,遇酸会剧烈反应。",,,,,,,,text_only,false,no_reliable_numeric_measurement,,,,,,131,EVM91_4f36838233d7cbcb4e,accepted
PROPM91_a716513cd428198727,RELM91_f8796bdc8830f21234,MATM91_1ac9d5c0956fc95e08,双芳镁一3（SFM-3）,理化性质,挥发性,极低。NG及小分子芳烃具有极其缓慢的迁移挥发性。,,,,,,,低|极低,text_only,false,no_reliable_numeric_measurement,,,,,,131,EVM91_4603d09e918cb47ee7,accepted
PROPM91_3cb91d84ac6444cf99,RELM91_947db785c4b189baa1,MATM91_1ac9d5c0956fc95e08,双芳镁一3（SFM-3）,安全特性,摩擦感度(需对应不同测试条件),"极度灵敏(严重警告)。活泼的高硬度镁粉使机械界面的摩擦生热率极高,压延极易发火。",,,,,,,极高|高,qualitative_only,false,no_reliable_numeric_measurement,,,,,,131,EVM91_878d93b3387f7a9959,accepted
PROPM91_39bd95fbe2439e0706,RELM91_bd0640e7023fa55308,MATM91_1ac9d5c0956fc95e08,双芳镁一3（SFM-3）,安全特性,撞击感度(需对应不同测试条件),"极度灵敏。对机械撞击异常敏感,加工全流程必须执行顶格的防爆隔离。",,,,,,,敏感,qualitative_only,false,no_reliable_numeric_measurement,,,,,,131,EVM91_537d9cc50f14f60dd9,accepted
PROPM91_04904391de1fa726fe,RELM91_41c84c022f5bf52981,MATM91_1ac9d5c0956fc95e08,双芳镁一3（SFM-3）,安全特性,冲击感度,敏感。受强硬约束或强冲击波激发易发生DDT(燃烧转爆轰)。,,,,,,,敏感|强,qualitative_only,false,no_reliable_numeric_measurement,,,,,,131,EVM91_ddb82ee2db0a7a63fd,accepted
PROPM91_09afb4b6ff88100ed9,RELM91_228eaaaf42bad79bf9,MATM91_1ac9d5c0956fc95e08,双芳镁一3（SFM-3）,安全特性,火焰感度,"极端灵敏(核心特性)。依靠高活性镁粉,微弱火星即可瞬间引发整体剧烈全燃。",,,,,,,高,qualitative_only,false,no_reliable_numeric_measurement,,,,,,131,EVM91_e5a33b9274987f1722,accepted
PROPM91_4abbb1a39700173684,RELM91_1f0f5ffb182c94e298,MATM91_1ac9d5c0956fc95e08,双芳镁一3（SFM-3）,安全特性,静电感度(需对应不同测试条件),"极端灵敏(最致命弱点)。金属镁粉极易积累静电,是引发意外发火的头号元凶,全流程必须顶格接地防静电。",,,,,,,,qualitative_only,false,no_reliable_numeric_measurement,,,,,,131,EVM91_850a7d2133f74c18d5,accepted
PROPM91_dd16ca05181c06fad8,RELM91_7019bfb6a02cceadff,MATM91_1ac9d5c0956fc95e08,双芳镁一3（SFM-3）,安全特性,热感度(5s爆发点),"190°C - 210°C(受双基骨架制约,热稳定性差)。",,,,,,,,multiple_measurements,false,multiple_primary_measurements,,热感度(5s爆发点),,,5,131,EVM91_aa6765a34da87cb334,accepted
PROPM91_70e446a77ab4c55f31,RELM91_070915434780822c0a,MATM91_1ac9d5c0956fc95e08,双芳镁一3（SFM-3）,安全特性,电火花感度,高度灵敏。微小的静电/电火花能量(微焦级)即可瞬间点燃体系。,,,,,,,高,qualitative_only,false,no_reliable_numeric_measurement,,,,,,131,EVM91_a5f86f8ea0873415bb,accepted
PROPM91_db1e28beffae2befd3,RELM91_89e99d332bee973343,MATM91_1ac9d5c0956fc95e08,双芳镁一3（SFM-3）,安全特性,吸湿性,"极高(核心隐患)。不仅NG微吸潮,镁粉受潮极易腐蚀氧化并释放易爆氢气(H2),防潮要求极度苛刻。",,,,,,,极高|高,text_only,false,no_reliable_numeric_measurement,,,,,,131,EVM91_aa73125fea69a28afa,accepted
PROPM91_af62fe065e82532953,RELM91_d8484786dd3406bda5,MATM91_1ac9d5c0956fc95e08,双芳镁一3（SFM-3）,安全特性,熔点,"不适用(受热不熔化,直接极速燃烧)。",,,,,,,,qualitative_only,false,no_reliable_numeric_measurement,,,,,,131,EVM91_947f0de1c2c5e85fb2,accepted
PROPM91_37ffc6593c18d0dc67,RELM91_bfc737c2e030c68d75,MATM91_1ac9d5c0956fc95e08,双芳镁一3（SFM-3）,安全特性,分解温度,约 160°C - 180°C 双基体开始降解;随后引发镁热极速反应。,,,,,,,,multiple_measurements,false,multiple_primary_measurements,,分解温度,,,,131,EVM91_ec3a23046c205d3f4e,accepted
PROPM91_28212ae9b2a287e3ea,RELM91_1ac2b20d73b38d591c,MATM91_1ac9d5c0956fc95e08,双芳镁一3（SFM-3）,能量特性,爆速,"高。强激发发生爆轰时,爆速可达 6000 - 6800 m/s 量级。",,6000,6800,m/s,explicit_or_field_specific,,强|高,validated_range,true,,primary_value,爆速,,,,131,EVM91_f9086c86c954b843fd,accepted
PROPM91_20905ed97e3292b8a3,RELM91_8871d98463424c176b,MATM91_1ac9d5c0956fc95e08,双芳镁一3（SFM-3）,能量特性,爆温,"极高。受镁燃烧放热影响,火焰温度轻松突破 3000K,并伴随耀眼白光。",,,,℃,field_dictionary,,极高|高,qualitative_only,false,no_reliable_numeric_measurement,,,,,,131,EVM91_9389eebf63395ebe09,accepted
PROPM91_820ae9d454309ec106,RELM91_752e8dd4f8f1f0e0da,MATM91_1ac9d5c0956fc95e08,双芳镁一3（SFM-3）,能量特性,爆压,高。爆轰状态下可达 15 - 18 GPa。,,15,18,GPa,explicit_or_field_specific,,高,validated_range,true,,primary_value,爆压,,,,131,EVM91_bee29cc4d65f41245e,accepted
PROPM91_7057baf4758afea08d,RELM91_cb5b9424479c9a8411,MATM91_1ac9d5c0956fc95e08,双芳镁一3（SFM-3）,能量特性,爆容,"大。含氧量高,产气量通常在 850 - 950 L/kg 之间。",,,,L/kg,explicit_text,,高,qualitative_only,false,no_reliable_numeric_measurement,,,,,,131,EVM91_ac0433dfde680bde37,accepted
PROPM91_b3505f47a12e5917e5,RELM91_689835b0c9d571af01,MATM91_1ac9d5c0956fc95e08,双芳镁一3（SFM-3）,能量特性,威力,高。具备很强的爆炸做功破坏威力。,,,,,,,强|高,text_only,false,no_reliable_numeric_measurement,,,,,,131,EVM91_a5bf05c32635717dc3,accepted
PROPM91_3110f3f9e3cec0b860,RELM91_fa4a181cc7b1950069,MATM91_1ac9d5c0956fc95e08,双芳镁一3（SFM-3）,能量特性,猛度,高(若发生爆轰)。,,,,,,,高,text_only,false,no_reliable_numeric_measurement,,,,,,131,EVM91_ef7239e75faa704148,accepted
PROPM91_d8bd781c78c2079f48,RELM91_098483acba3b495172,MATM91_1ac9d5c0956fc95e08,双芳镁一3（SFM-3）,能量特性,起爆力,不适用。,,,,,,,,text_only,false,no_reliable_numeric_measurement,,,,,,131,EVM91_11c455b8abf2524170,accepted
PROPM91_fce5240e1efae0ed37,RELM91_2b3ecc638a89712a50,MATM91_1ac9d5c0956fc95e08,双芳镁一3（SFM-3）,能量特性,燃烧速度(发射药、推进剂),"极快。镁的加入大幅提升了体系燃烧速率,可提供极大的瞬时推力和高加速度。",,,,,,,高,qualitative_only,false,no_reliable_numeric_measurement,,,,,,131,EVM91_0e5f04084a9692b1e0,accepted
PROPM91_87095081d7a4d3ada0,RELM91_760afd93b1877020a0,MATM91_1ac9d5c0956fc95e08,双芳镁一3（SFM-3）,能量特性,火药力(发射药),较高。做功能力极强。,,,,,,,强|高,qualitative_only,false,no_reliable_numeric_measurement,,,,,,131,EVM91_6f68f4c69924f954dc,accepted
PROPM91_8febd1e65bf510dc22,RELM91_35657e2a2c09dc2cc8,MATM91_137078ddca4db2fd90,双乙醛一1A（SYQu-1A）,理化性质,分子量(单质),不适用(混合物),,,,,,,,qualitative_only,false,no_reliable_numeric_measurement,,,,,,132,EVM91_639ad47b55e0418d3e,accepted
PROPM91_db58aefd92ac8ffa8b,RELM91_402f333e60fa3d54b7,MATM91_137078ddca4db2fd90,双乙醛一1A（SYQu-1A）,理化性质,密度,1.55 - 1.62 g/cm3(属标准双基推进剂密度区间)。,,1.55,1.62,g/cm³,explicit_or_field_specific,,,validated_range,true,,primary_value,密度,,,,132,EVM91_a060c33f5210f77702,accepted
PROPM91_f1e1696952fc33ade7,RELM91_acd10d5c3f956da2c5,MATM91_137078ddca4db2fd90,双乙醛一1A（SYQu-1A）,理化性质,外观,呈现棕褐色、深褐色或暗黑色的致密胶体/角质状固体。,,,,,,,,text_only,false,no_reliable_numeric_measurement,,,,,,132,EVM91_f4a6d7dc3b848bb8f4,accepted
PROPM91_d884bee8ef1a760724,RELM91_e865bd28a6a992a984,MATM91_137078ddca4db2fd90,双乙醛一1A（SYQu-1A）,理化性质,溶解性,整体不溶于水;NC、NG及缩醛类增塑剂均易溶于丙酮、乙酸乙酯等极性有机溶剂。,,,,,,,,text_only,false,no_reliable_numeric_measurement,,,,,,132,EVM91_b802d0c2d2532460dc,accepted
PROPM91_d6c3d45406c8b36f87,RELM91_ddf94a466ab20f64e3,MATM91_137078ddca4db2fd90,双乙醛一1A（SYQu-1A）,理化性质,挥发性,极低。但体系内的NG及小分子醛类增塑剂具有缓慢挥发和迁移渗出的倾向。,,,,,,,低|极低,text_only,false,no_reliable_numeric_measurement,,,,,,132,EVM91_2ef18a8a2dcc21eeaa,accepted
PROPM91_ebdb820785a8c12d0d,RELM91_263f2229f6b7694657,MATM91_137078ddca4db2fd90,双乙醛一1A（SYQu-1A）,安全特性,摩擦感度(需对应不同测试条件),"较灵敏。因体系内含液态敏感染料NG,机械摩擦发火概率高于普通复合推进剂。",,,,,,,敏感|高,qualitative_only,false,no_reliable_numeric_measurement,,,,,,132,EVM91_9dfe77424deb473cbf,accepted
PROPM91_e4791e4cfd706554bc,RELM91_9efec503ed03b93ff1,MATM91_137078ddca4db2fd90,双乙醛一1A（SYQu-1A）,安全特性,撞击感度(需对应不同测试条件),"较灵敏。对机械撞击敏感,压延、挤胶等物理加工全流程必须严格防爆抗撞击。",,,,,,,敏感,qualitative_only,false,no_reliable_numeric_measurement,,,,,,132,EVM91_9f29dce791b4459885,accepted
PROPM91_9defe09efe9e525f08,RELM91_dcb6e0843722da06ca,MATM91_137078ddca4db2fd90,双乙醛一1A（SYQu-1A）,安全特性,冲击感度,"敏感。受强硬约束或遇强冲击波(如雷管起爆)时,极易发生燃烧转爆轰(DDT)。",,,,,,,敏感|强,qualitative_only,false,no_reliable_numeric_measurement,,,,,,132,EVM91_22459928505b1336b7,accepted
PROPM91_dbbca9a39590cbd476,RELM91_f8a56076d5009549f6,MATM91_137078ddca4db2fd90,双乙醛一1A（SYQu-1A）,安全特性,火焰感度,灵敏。易被点火器的明火或热粒子瞬间可靠引燃。,,,,,,,,qualitative_only,false,no_reliable_numeric_measurement,,,,,,132,EVM91_45e684f5342a6b0726,accepted
PROPM91_bec84f287074d0e4f8,RELM91_b590267ddcf8439238,MATM91_137078ddca4db2fd90,双乙醛一1A（SYQu-1A）,安全特性,静电感度(需对应不同测试条件),较高。高分子双基胶体在摩擦、挤压或切削加工中极易产生静电积累。,,,,,,,高,qualitative_only,false,no_reliable_numeric_measurement,,,,,,132,EVM91_6b11ddde9c00394afc,accepted
PROPM91_405409adabc91caba3,RELM91_0f245af8cb0af9e9d5,MATM91_137078ddca4db2fd90,双乙醛一1A（SYQu-1A）,安全特性,热感度(5s爆发点),"190°C - 210°C(警示:受双基骨架制约,热稳定性较差,爆发点远低于复合推进剂)。",,,,,,,低,multiple_measurements,false,multiple_primary_measurements,,热感度(5s爆发点),,,5,132,EVM91_de953bbdac973431a8,accepted
PROPM91_ae42775e6ba701c0ec,RELM91_406c5903a70dc4ad53,MATM91_137078ddca4db2fd90,双乙醛一1A（SYQu-1A）,安全特性,电火花感度,较灵敏。易被高压电火花放电点燃。,,,,,,,高,qualitative_only,false,no_reliable_numeric_measurement,,,,,,132,EVM91_10d7fea1884100e8ee,accepted
PROPM91_99328c28251e29d8d9,RELM91_3766669ea90706be55,MATM91_137078ddca4db2fd90,双乙醛一1A（SYQu-1A）,安全特性,吸湿性,"较低。致密胶体防潮性良好,但基础大分子NC及部分衍生物具极其微弱的吸水性。",,,,,,,较低|低,text_only,false,no_reliable_numeric_measurement,,,,,,132,EVM91_137e78d8b696356be9,accepted
PROPM91_c09ad105c2924563e6,RELM91_127b3913dc6f23108b,MATM91_137078ddca4db2fd90,双乙醛一1A（SYQu-1A）,安全特性,熔点,"不适用(胶体受热不熔化,直接分解或爆燃)。",,,,,,,,qualitative_only,false,no_reliable_numeric_measurement,,,,,,132,EVM91_dcb0e59474b1dfeb96,accepted
PROPM91_b995e660129af8d6e6,RELM91_f9cb4cd133dc95fbfe,MATM91_137078ddca4db2fd90,双乙醛一1A（SYQu-1A）,安全特性,分解温度,约 160°C - 180°C 开始显著分解;常温下也会极其缓慢地发生降解放热。,,,,,,,,multiple_measurements,false,multiple_primary_measurements,,分解温度,,,,132,EVM91_84e92deaecb1aaa7fb,accepted
PROPM91_f23ad034f8ee786914,RELM91_74e0080c03de1d2554,MATM91_137078ddca4db2fd90,双乙醛一1A（SYQu-1A）,能量特性,爆速,"高。强激发发生爆轰时,爆速通常可达 6000 - 7000 m/s 量级。",,6000,7000,m/s,explicit_or_field_specific,,强|高,validated_range,true,,primary_value,爆速,,,,132,EVM91_de2d42833db5586168,accepted
PROPM91_f119ae3e5ab0337f79,RELM91_9d9be4d3d92991cb1c,MATM91_137078ddca4db2fd90,双乙醛一1A（SYQu-1A）,能量特性,爆温,中等。正常火箭工作燃烧温度通常在 2500K - 2900K 左右。,,,,℃,field_dictionary,,中等,qualitative_only,false,no_reliable_numeric_measurement,,,,,,132,EVM91_070fdd01ff5c093fef,accepted
PROPM91_781130e0a18bd50d28,RELM91_669f89779fa5d2e52f,MATM91_137078ddca4db2fd90,双乙醛一1A（SYQu-1A）,能量特性,爆压,"高。若转入爆轰状态,爆压可达 15 - 20 GPa。",,15,20,GPa,explicit_or_field_specific,,高,validated_range,true,,primary_value,爆压,,,,132,EVM91_c7686a5a2afee31c97,accepted
PROPM91_6c295f1edf09983845,RELM91_7f8a62eb422d89ab14,MATM91_137078ddca4db2fd90,双乙醛一1A（SYQu-1A）,能量特性,爆容,"大。含氧量高且可能含小分子产气剂,产气量通常在 850 - 1000 L/kg 之间。",,,,L/kg,explicit_text,,高,qualitative_only,false,no_reliable_numeric_measurement,,,,,,132,EVM91_7b940a5ac3f6129ae9,accepted
PROPM91_da27cf47f2ec291853,RELM91_63cc9ef00b84615bb6,MATM91_137078ddca4db2fd90,双乙醛一1A（SYQu-1A）,能量特性,威力,较高。具备较强的爆炸破坏威力。,,,,,,,强|较强|高,text_only,false,no_reliable_numeric_measurement,,,,,,132,EVM91_0e2e50898a7452c244,accepted
PROPM91_a45be735ed0a93ffe4,RELM91_f0a986cceb30ad8bd0,MATM91_137078ddca4db2fd90,双乙醛一1A（SYQu-1A）,能量特性,猛度,较高(若发生爆轰)。,,,,,,,高,text_only,false,no_reliable_numeric_measurement,,,,,,132,EVM91_ce202f95a4cd04a6cf,accepted
PROPM91_febde9c3b24b83ee7e,RELM91_5d23e2fdb38b01822c,MATM91_137078ddca4db2fd90,双乙醛一1A（SYQu-1A）,能量特性,起爆力,不适用。,,,,,,,,text_only,false,no_reliable_numeric_measurement,,,,,,132,EVM91_e93b4ad9a3cc043dba,accepted
PROPM91_e8875c843b9207a28a,RELM91_f94078281c422ed6d2,MATM91_137078ddca4db2fd90,双乙醛一1A（SYQu-1A）,能量特性,燃烧速度(发射药、推进剂),"平稳/可调。受特定催化配体影响,通常能在特定压强区间内表现出优异的平稳燃速或平台效应。",,,,,,,强,qualitative_only,false,no_reliable_numeric_measurement,,,,,,132,EVM91_c2b2efd693830b12f7,accepted
PROPM91_d6e938c1ad2574b5c9,RELM91_1339d9642d65793cbc,MATM91_137078ddca4db2fd90,双乙醛一1A（SYQu-1A）,能量特性,火药力(发射药),较高。主要作为对环境温度适应性有要求的战术推进剂。,,,,,,,高,qualitative_only,false,no_reliable_numeric_measurement,,,,,,132,EVM91_44136ec8bb09f28357,accepted
PROPM91_b21e2677ed63037725,RELM91_06e0b80dbba056784a,MATM91_e9d688ac70b7034cec,"中能平台,（ZNP-20）",理化性质,分子量(单质),不适用(混合物),,,,,,,,qualitative_only,false,no_reliable_numeric_measurement,,,,,,133,EVM91_955acaebdd450d19cf,accepted
PROPM91_c5e25fcdcf48abdce3,RELM91_b4b470e6267859cc26,MATM91_e9d688ac70b7034cec,"中能平台,（ZNP-20）",理化性质,密度,"1.62 - 1.72 g/cm3(受高密度硝胺炸药影响,密度高于纯双基药)。",,1.62,1.72,g/cm³,explicit_or_field_specific,,高,validated_range,true,,primary_value,密度,,,,133,EVM91_af940ae7dc22a2c8ab,accepted
PROPM91_d0652b5c0f6655ce17,RELM91_70151e608da575fb34,MATM91_e9d688ac70b7034cec,"中能平台,（ZNP-20）",理化性质,外观,呈现深褐色、暗灰色或灰黑色的致密坚硬胶体固体。,,,,,,,,text_only,false,no_reliable_numeric_measurement,,,,,,133,EVM91_a5467ce7d8476f5df8,accepted
PROPM91_dc17e4dd5e42a0cb7e,RELM91_cd7fba63342a7137f3,MATM91_e9d688ac70b7034cec,"中能平台,（ZNP-20）",理化性质,溶解性,整体不溶于水;NC/NG易溶于丙酮;硝胺微溶于特定有机溶剂。,,,,,,,,text_only,false,no_reliable_numeric_measurement,,,,,,133,EVM91_3790bd0b8ada7aba40,accepted
PROPM91_0d1942fb690a8056ed,RELM91_bdf16ccf8a8219745e,MATM91_e9d688ac70b7034cec,"中能平台,（ZNP-20）",理化性质,挥发性,微量。表面增塑剂(硝化甘油)具有极其缓慢的挥发和迁移渗出倾向。,,,,,,,,text_only,false,no_reliable_numeric_measurement,,,,,,133,EVM91_194da508b4a02bd896,accepted
PROPM91_5fd931a80ae573044c,RELM91_c99c6f793202c4ad14,MATM91_e9d688ac70b7034cec,"中能平台,（ZNP-20）",安全特性,摩擦感度(需对应不同测试条件),"高度灵敏(严重警示)。液态NG与高硬度硝胺晶体的混合,使其机械摩擦极其危险,远超常规推进剂。",,,,,,,高,qualitative_only,false,no_reliable_numeric_measurement,,,,,,133,EVM91_09b43b2b21779b6bf6,accepted
PROPM91_48d10230e7a1668145,RELM91_2cc897047ef250f105,MATM91_e9d688ac70b7034cec,"中能平台,（ZNP-20）",安全特性,撞击感度(需对应不同测试条件),"高度灵敏。对机械撞击极度敏感,压延、挤胶全流程必须执行最高等级防爆隔离。",,,,,,,敏感|高,qualitative_only,false,no_reliable_numeric_measurement,,,,,,133,EVM91_43753486e9b90bbd87,accepted
PROPM91_244026544638c5f05a,RELM91_99330b88a6fa327c6f,MATM91_e9d688ac70b7034cec,"中能平台,（ZNP-20）",安全特性,冲击感度,"极敏感。受硬约束或强冲击波(如雷管)时,极易发生燃烧转爆轰(DDT)。",,,,,,,极敏感|敏感|强,qualitative_only,false,no_reliable_numeric_measurement,,,,,,133,EVM91_845094b9d58dc687fd,accepted
PROPM91_934089b0880436749a,RELM91_ba544b5a4de68c4e17,MATM91_e9d688ac70b7034cec,"中能平台,（ZNP-20）",安全特性,火焰感度,灵敏。极易被点火器的明火或炽热金属粒子引燃。,,,,,,,,qualitative_only,false,no_reliable_numeric_measurement,,,,,,133,EVM91_9245bfdaed129f1fa6,accepted
PROPM91_94e3609cf180de6891,RELM91_fdcc15948ffaad1dbd,MATM91_e9d688ac70b7034cec,"中能平台,（ZNP-20）",安全特性,静电感度(需对应不同测试条件),较高。高分子胶体在摩擦、挤压加工等物理形变中极易产生静电积累。,,,,,,,高,qualitative_only,false,no_reliable_numeric_measurement,,,,,,133,EVM91_18d32562f09468cc1b,accepted
PROPM91_0949b3b4d0b761ef89,RELM91_b88ce45925e0771bf0,MATM91_e9d688ac70b7034cec,"中能平台,（ZNP-20）",安全特性,热感度(5s爆发点),"190°C - 210°C(热稳定性依然受双基骨架制约,爆发点偏低)。",,,,,,,低,multiple_measurements,false,multiple_primary_measurements,,热感度(5s爆发点),,,5,133,EVM91_98f80fdb76dd2e096f,accepted
PROPM91_fe95174198691cdf13,RELM91_74d2e638def6ac5863,MATM91_e9d688ac70b7034cec,"中能平台,（ZNP-20）",安全特性,电火花感度,较灵敏。易被高压电火花放电点燃。,,,,,,,高,qualitative_only,false,no_reliable_numeric_measurement,,,,,,133,EVM91_52cf5375221b7607fe,accepted
PROPM91_0c701cc3520e2ccb30,RELM91_38c1ceb6b091ba34fd,MATM91_e9d688ac70b7034cec,"中能平台,（ZNP-20）",安全特性,吸湿性,"低。致密胶体结构防潮性良好,内部硝胺不吸湿。",,,,,,,低|吸湿|不吸湿,text_only,false,no_reliable_numeric_measurement,,,,,,133,EVM91_f8cc190a20764075b5,accepted
PROPM91_8448f15566911598a2,RELM91_aa81cdd2b71579fb17,MATM91_e9d688ac70b7034cec,"中能平台,（ZNP-20）",安全特性,熔点,"不适用(受热不熔化,直接分解或爆轰)。",,,,,,,,qualitative_only,false,no_reliable_numeric_measurement,,,,,,133,EVM91_72e19224a340cc7727,accepted
PROPM91_7f85fd5a00b5e80438,RELM91_9e67e77ae30d2fe3f0,MATM91_e9d688ac70b7034cec,"中能平台,（ZNP-20）",安全特性,分解温度,约 160°C 左右双基骨架开始显著降解;超200°C硝胺剧烈分解。,,,,,,,,multiple_measurements,false,multiple_primary_measurements,,分解温度,,,,133,EVM91_6a98d676c20e7c7188,accepted
PROPM91_cf727749fa55cb9a2f,RELM91_02135e66803f570c50,MATM91_e9d688ac70b7034cec,"中能平台,（ZNP-20）",能量特性,爆速,"极高。强激发发生爆轰时,爆速可达 7500 - 8200 m/s(具备猛炸药破坏力)。",,7500,8200,m/s,explicit_or_field_specific,,强|极高|高,validated_range,true,,primary_value,爆速,,,,133,EVM91_0b7c76c8bbfb1bb914,accepted
PROPM91_9cd1e23682a7d07bd0,RELM91_66afc9f9674dabb148,MATM91_e9d688ac70b7034cec,"中能平台,（ZNP-20）",能量特性,爆温,"较高。高能硝胺提升了体系能量,工作燃烧温度约 2800K - 3200K。",,,,℃,field_dictionary,,高,qualitative_only,false,no_reliable_numeric_measurement,,,,,,133,EVM91_d49f7c4d9254166a36,accepted
PROPM91_e1058f091bfbe8006f,RELM91_1a9dac81d28dcecda2,MATM91_e9d688ac70b7034cec,"中能平台,（ZNP-20）",能量特性,爆压,"极高。转入爆轰状态下,爆压可轻易突破 25 GPa。",25,,,GPa,explicit_or_field_specific,,极高|高,validated_single,true,,primary_value,爆压,,,,133,EVM91_0259660922ecb5fe7c,accepted
PROPM91_ffe665341229ec95de,RELM91_4d3c132417b92a23ea,MATM91_e9d688ac70b7034cec,"中能平台,（ZNP-20）",能量特性,爆容,"大。自身含氧量高且产气大,通常在 850 - 1000 L/kg 之间。",,,,L/kg,explicit_text,,高,qualitative_only,false,no_reliable_numeric_measurement,,,,,,133,EVM91_340a67400962a786bf,accepted
PROPM91_ff42b14ed09a737be5,RELM91_0581a85a03e5c4a8b7,MATM91_e9d688ac70b7034cec,"中能平台,（ZNP-20）",能量特性,威力,高。具备极其强悍的爆炸做功破坏威力。,,,,,,,强|高,text_only,false,no_reliable_numeric_measurement,,,,,,133,EVM91_9cc00d172b81c163d8,accepted
PROPM91_306fa9bdd0a3aadc50,RELM91_725d22c9b16d776651,MATM91_e9d688ac70b7034cec,"中能平台,（ZNP-20）",能量特性,猛度,高(若发生爆轰)。,,,,,,,高,text_only,false,no_reliable_numeric_measurement,,,,,,133,EVM91_41cc4b90965819376b,accepted
PROPM91_9819ed9fd66e591f00,RELM91_62688a25d07beaba25,MATM91_e9d688ac70b7034cec,"中能平台,（ZNP-20）",能量特性,起爆力,不适用。,,,,,,,,text_only,false,no_reliable_numeric_measurement,,,,,,133,EVM91_41f39f976a623a7557,accepted
PROPM91_17cf2fe85063dd5d03,RELM91_65de465edfadff10d0,MATM91_e9d688ac70b7034cec,"中能平台,（ZNP-20）",能量特性,燃烧速度(发射药、推进剂),"中等偏高。具备优异的**“平台效应”**,在特定压强区间燃速平稳,且整体比冲能量高于纯双基。",,,,,,,强|中等|高,qualitative_only,false,no_reliable_numeric_measurement,,,,,,133,EVM91_3ec39dd407e46c1a91,accepted
PROPM91_66e43ae811355c20ba,RELM91_af72dfbe387d264839,MATM91_e9d688ac70b7034cec,"中能平台,（ZNP-20）",能量特性,火药力(发射药),"高。作为战术火箭推进剂,能量密度和推力表现极为优良。",,,,,,,高,qualitative_only,false,no_reliable_numeric_measurement,,,,,,133,EVM91_67d540808589735808,accepted
PROPM91_de4fe6153ffdf97b5d,RELM91_397a63dbb780ab96c1,MATM91_b65cdc0989f8368158,双铅-4（SQ-4）,理化性质,分子量(单质),不适用(混合物),,,,,,,,qualitative_only,false,no_reliable_numeric_measurement,,,,,,134,EVM91_4f3dda2d2ac736d07f,accepted
PROPM91_3326387898b6dc600c,RELM91_8f848f23a6bf4f16dd,MATM91_b65cdc0989f8368158,双铅-4（SQ-4）,理化性质,密度,"1.55 - 1.65 g/cm3(双基药标准密度区间,低于复合推进剂)。",,1.55,1.65,g/cm³,explicit_or_field_specific,,低,validated_range,true,,primary_value,密度,,,,134,EVM91_557d85ec27fb48ff18,accepted
PROPM91_73dbb1d8a4a84eda08,RELM91_17f48b3d062934f675,MATM91_b65cdc0989f8368158,双铅-4（SQ-4）,理化性质,外观,呈现棕色、暗褐色或黑色的致密胶体/角质状固体。,,,,,,,,text_only,false,no_reliable_numeric_measurement,,,,,,134,EVM91_0f8d4df446adf43a96,accepted
PROPM91_52a9d317dec81b7475,RELM91_5dca33932bcb325d4a,MATM91_b65cdc0989f8368158,双铅-4（SQ-4）,理化性质,溶解性,整体不溶于水;NC和NG易溶于丙酮、乙酸乙酯等极性有机溶剂。,,,,,,,,text_only,false,no_reliable_numeric_measurement,,,,,,134,EVM91_bedc338d52e4c562dd,accepted
PROPM91_1e4928b9a45680156a,RELM91_066c2ca9e4503434f3,MATM91_b65cdc0989f8368158,双铅-4（SQ-4）,理化性质,挥发性,"含有极其微量的工艺溶剂,表面高能增塑剂(硝化甘油)有缓慢挥发和渗出的倾向。",,,,,,,高,text_only,false,no_reliable_numeric_measurement,,,,,,134,EVM91_fe6a485d16fbc6701f,accepted
PROPM91_4bb577c7809ba9b88f,RELM91_5e785a6a1fcd7194cc,MATM91_b65cdc0989f8368158,双铅-4（SQ-4）,安全特性,摩擦感度(需对应不同测试条件),"较灵敏。因体系内含液态敏感染料NG,机械摩擦发火概率显著高于普通复合推进剂。",,,,,,,敏感|高,qualitative_only,false,no_reliable_numeric_measurement,,,,,,134,EVM91_caff1d87b42980081c,accepted
PROPM91_68d56681b6184939e9,RELM91_6899e6af8cc3c7ced9,MATM91_b65cdc0989f8368158,双铅-4（SQ-4）,安全特性,撞击感度(需对应不同测试条件),"较灵敏。对机械撞击敏感,压延、挤胶等加工全流程必须严格防爆抗撞击。",,,,,,,敏感,qualitative_only,false,no_reliable_numeric_measurement,,,,,,134,EVM91_10717a14ab652a7db7,accepted
PROPM91_e7052901998d6598dd,RELM91_a5ae82ce693bd8525c,MATM91_b65cdc0989f8368158,双铅-4（SQ-4）,安全特性,冲击感度,"敏感。受强硬约束或遭遇强冲击波(如雷管起爆)时,极易发生燃烧转爆轰(DDT)。",,,,,,,敏感|强,qualitative_only,false,no_reliable_numeric_measurement,,,,,,134,EVM91_26179e973c7cf90bfc,accepted
PROPM91_4c8ff4d9e468121e2d,RELM91_4df336725911da1c58,MATM91_b65cdc0989f8368158,双铅-4（SQ-4）,安全特性,火焰感度,灵敏。极易被点火器的明火或热流瞬间引燃。,,,,,,,,qualitative_only,false,no_reliable_numeric_measurement,,,,,,134,EVM91_b6724fd7b53981403f,accepted
PROPM91_6b3429c056be7bd964,RELM91_be899a3249b13221f6,MATM91_b65cdc0989f8368158,双铅-4（SQ-4）,安全特性,静电感度(需对应不同测试条件),较高。双基胶体在摩擦、挤压或切削加工等物理形变中极易产生静电积累。,,,,,,,高,qualitative_only,false,no_reliable_numeric_measurement,,,,,,134,EVM91_37cf61e478c559e2bf,accepted
PROPM91_57ea8a1259fa447fa2,RELM91_e30f9ac6f06f4aeb44,MATM91_b65cdc0989f8368158,双铅-4（SQ-4）,安全特性,热感度(5s爆发点),"190°C - 210°C(核心警示:双基药热稳定性极差,爆发点远低于大多数火炸药)。",,,,,,,低,multiple_measurements,false,multiple_primary_measurements,,热感度(5s爆发点),,,5,134,EVM91_6fbc83630322cdacda,accepted
PROPM91_36221d5572f8583a9e,RELM91_f03aba93bffd3d2af5,MATM91_b65cdc0989f8368158,双铅-4（SQ-4）,安全特性,电火花感度,较灵敏。易被电火花放电瞬间点燃。,,,,,,,,qualitative_only,false,no_reliable_numeric_measurement,,,,,,134,EVM91_0953433503e06c5947,accepted
PROPM91_51214fab35b0aff4a5,RELM91_971da9c2543ce520ae,MATM91_b65cdc0989f8368158,双铅-4（SQ-4）,安全特性,吸湿性,"较低。致密胶体防潮性良好,但基础大分子NC具有微弱的吸水性。",,,,,,,较低|低,text_only,false,no_reliable_numeric_measurement,,,,,,134,EVM91_ec20cf5ec8556cf522,accepted
PROPM91_aafb34fe8ac0c7134a,RELM91_f8654372dcbafb8743,MATM91_b65cdc0989f8368158,双铅-4（SQ-4）,安全特性,熔点,"不适用(胶体受热不熔化,直接分解或爆燃)。",,,,,,,,qualitative_only,false,no_reliable_numeric_measurement,,,,,,134,EVM91_6a4537251a3619771c,accepted
PROPM91_8bddbc4b2e9599409d,RELM91_535963a8eb361d2095,MATM91_b65cdc0989f8368158,双铅-4（SQ-4）,安全特性,分解温度,约 160°C - 180°C 开始显著分解;常温下也会极其缓慢地发生降解放热。,,,,,,,,multiple_measurements,false,multiple_primary_measurements,,分解温度,,,,134,EVM91_c154f8106184f44470,accepted
PROPM91_c55f1740abf67452c6,RELM91_6f85cb2a08eedd9bec,MATM91_b65cdc0989f8368158,双铅-4（SQ-4）,能量特性,爆速,"高。强激发发生爆轰时,爆速可达 6000 - 7000 m/s 量级。",,6000,7000,m/s,explicit_or_field_specific,,强|高,validated_range,true,,primary_value,爆速,,,,134,EVM91_74f45a6d1779744eaf,accepted
PROPM91_a934e986da36bd629b,RELM91_f2829daed343e68ea3,MATM91_b65cdc0989f8368158,双铅-4（SQ-4）,能量特性,爆温,中等。正常火箭工作燃烧温度约 2500K - 3000K。,,,,℃,field_dictionary,,中等,qualitative_only,false,no_reliable_numeric_measurement,,,,,,134,EVM91_027fe750aa1468d793,accepted
PROPM91_2ac857792843bcc283,RELM91_bee83a1f719df67b6a,MATM91_b65cdc0989f8368158,双铅-4（SQ-4）,能量特性,爆压,"高。若转入爆轰状态,爆压可达 15 - 20 GPa。",,15,20,GPa,explicit_or_field_specific,,高,validated_range,true,,primary_value,爆压,,,,134,EVM91_fdabfe7627010bb267,accepted
PROPM91_8a873da6da2376cdd7,RELM91_cce95e15bdc9c1e292,MATM91_b65cdc0989f8368158,双铅-4（SQ-4）,能量特性,爆容,"极大。双基药自身含氧量高,产气量大,通常在 800 - 1000 L/kg 之间。",,,,L/kg,explicit_text,,高,qualitative_only,false,no_reliable_numeric_measurement,,,,,,134,EVM91_49cd3f8b1a8511baa4,accepted
PROPM91_06140a07ca79cd5c15,RELM91_cf1a9ff1b1f207c9a8,MATM91_b65cdc0989f8368158,双铅-4（SQ-4）,能量特性,威力,较高。具备较强的爆炸做功破坏威力。,,,,,,,强|较强|高,text_only,false,no_reliable_numeric_measurement,,,,,,134,EVM91_9c3c0be2dc8d44490d,accepted
PROPM91_7cba5edda2df45795a,RELM91_5350fa6f472b0424cc,MATM91_b65cdc0989f8368158,双铅-4（SQ-4）,能量特性,猛度,较高(若发生爆轰)。,,,,,,,高,text_only,false,no_reliable_numeric_measurement,,,,,,134,EVM91_4b12ec03471d678778,accepted
PROPM91_b50551ad779e10363b,RELM91_85cfe21c5dbe658e5a,MATM91_b65cdc0989f8368158,双铅-4（SQ-4）,能量特性,起爆力,不适用。,,,,,,,,text_only,false,no_reliable_numeric_measurement,,,,,,134,EVM91_9791e880248874aeff,accepted
PROPM91_0addc073946be60955,RELM91_0e127f52ba0a0b4d60,MATM91_b65cdc0989f8368158,双铅-4（SQ-4）,能量特性,燃烧速度(发射药、推进剂),"中等。具备优异的**“平台效应”**,在特定设计的压强区间内燃速保持恒定或极低增长。",,,,,,,强|中等|低|极低,qualitative_only,false,no_reliable_numeric_measurement,,,,,,134,EVM91_d3abf670aee1695903,accepted
PROPM91_5aed9889c52bf1feb2,RELM91_1ec20e733f93872c6b,MATM91_b65cdc0989f8368158,双铅-4（SQ-4）,能量特性,火药力(发射药),"较高。主要作为战术火箭推进剂,理论比冲表现良好。",,,,,,,高,qualitative_only,false,no_reliable_numeric_measurement,,,,,,134,EVM91_9a32e99718ac533109,accepted
PROPM91_07804f0eba0e2ba5d8,RELM91_6ec794f17fa5d05306,MATM91_a1693737aed347a076,双石-2A（SS-2A）,理化性质,密度,1.55 - 1.62 g/cm3,,1.55,1.62,g/cm³,explicit_or_field_specific,,,validated_range,true,,primary_value,密度,,,,135,EVM91_29a16e731542bc58b2,accepted
PROPM91_0e34b67f3352dc1dc3,RELM91_cfcddc5cd45c9caf85,MATM91_a1693737aed347a076,双石-2A（SS-2A）,理化性质,外观,呈现深灰色、暗黑色且表面通常带有明显金属光泽/石墨滑腻感的致密固体。,,,,,,,,text_only,false,no_reliable_numeric_measurement,,,,,,135,EVM91_82f4540c6c56a3264c,accepted
PROPM91_056c8e5650b70b69f3,RELM91_7abb3710243d0bb3d0,MATM91_a1693737aed347a076,双石-2A（SS-2A）,理化性质,溶解性,整体不溶于水;NC/NG易溶于丙酮等溶剂;石墨/石蜡不溶。,,,,,,,,text_only,false,no_reliable_numeric_measurement,,,,,,135,EVM91_9a21cb711bd6767aaa,accepted
PROPM91_65ab80887ce6efefff,RELM91_5299b7813d2647e506,MATM91_a1693737aed347a076,双石-2A（SS-2A）,理化性质,挥发性,"微量。受包覆层保护,NG向外迁移挥发的速率略低于纯双基药。",,,,,,,低,text_only,false,no_reliable_numeric_measurement,,,,,,135,EVM91_6f73be4cff2c60f4c3,accepted
PROPM91_123479ccc7eea6b493,RELM91_8850188af39a011070,MATM91_a1693737aed347a076,双石-2A（SS-2A）,安全特性,摩擦感度(需对应不同测试条件),"中等(显著改善)。石墨/石蜡的润滑作用极大降低了机械界面的摩擦生热,安全性提升。",,,,,,,中等|低,qualitative_only,false,no_reliable_numeric_measurement,,,,,,135,EVM91_42cd082e3f97281623,accepted
PROPM91_78168f0258bf166a68,RELM91_385ed2946e3a5836b8,MATM91_a1693737aed347a076,双石-2A（SS-2A）,安全特性,撞击感度(需对应不同测试条件),"较灵敏。对机械撞击依然敏感,加工过程仍需防爆隔离。",,,,,,,敏感,qualitative_only,false,no_reliable_numeric_measurement,,,,,,135,EVM91_315353ae6ca9aa47df,accepted
PROPM91_9930f2e7d5e6be912f,RELM91_c2f7d131e4966ffc2f,MATM91_a1693737aed347a076,双石-2A（SS-2A）,安全特性,冲击感度,敏感。受强硬约束或强冲击波激发易发生DDT(燃烧转爆轰)。,,,,,,,敏感|强,qualitative_only,false,no_reliable_numeric_measurement,,,,,,135,EVM91_1aba3439096514027e,accepted
PROPM91_9adeacca6168327677,RELM91_044ad782283c687050,MATM91_a1693737aed347a076,双石-2A（SS-2A）,安全特性,火焰感度,灵敏。易被点火具或炽热粒子引燃。,,,,,,,,qualitative_only,false,no_reliable_numeric_measurement,,,,,,135,EVM91_4dbae6249106956b66,accepted
PROPM91_6af6cb0fa10470e076,RELM91_3cc2d8f870b84e5178,MATM91_a1693737aed347a076,双石-2A（SS-2A）,安全特性,静电感度(需对应不同测试条件),"较低(核心优势)。表层石墨网络赋予了良好的导电性,极大地抑制了静电积累。",,,,,,,较低|低,qualitative_only,false,no_reliable_numeric_measurement,,,,,,135,EVM91_7d0e30551cc634eea8,accepted
PROPM91_69cde213775b01b16a,RELM91_cd5f50ec0a7fdde62f,MATM91_a1693737aed347a076,双石-2A（SS-2A）,安全特性,热感度(5s爆发点),"190°C - 210°C(热稳定性依然受双基体系制约,爆发点偏低)。",,,,,,,低,multiple_measurements,false,multiple_primary_measurements,,热感度(5s爆发点),,,5,135,EVM91_b1f350dc9445eb7c53,accepted
PROPM91_36d489a01b456b8dbb,RELM91_e54446ff9adc19b7cf,MATM91_a1693737aed347a076,双石-2A（SS-2A）,安全特性,电火花感度,较低(优于未包覆双基)。,,,,,,,较低|低,qualitative_only,false,no_reliable_numeric_measurement,,,,,,135,EVM91_db6bf492d7a3781cec,accepted
PROPM91_50e0dc9e9e0adf2ba5,RELM91_c14441284fd4c13c28,MATM91_a1693737aed347a076,双石-2A（SS-2A）,安全特性,吸湿性,低。致密胶体及石墨/石蜡疏水层赋予了其优良的防潮性能。,,,,,,,低,text_only,false,no_reliable_numeric_measurement,,,,,,135,EVM91_117ad6aacd73037aa3,accepted
PROPM91_7aed5d1072e38f2257,RELM91_e9aa6c2ca7ee88fb24,MATM91_a1693737aed347a076,双石-2A（SS-2A）,安全特性,熔点,"不适用(胶体受热不熔化,直接分解或爆燃)。",,,,,,,,qualitative_only,false,no_reliable_numeric_measurement,,,,,,135,EVM91_34ecc1da2489835ddb,accepted
PROPM91_da61ec60151542f3db,RELM91_0dcc4f3eb610b85eff,MATM91_a1693737aed347a076,双石-2A（SS-2A）,安全特性,分解温度,约 160°C - 180°C 开始显著自发降解和放热。,,,,,,,,multiple_measurements,false,multiple_primary_measurements,,分解温度,,,,135,EVM91_4c565832e5e94bfdc0,accepted
PROPM91_c6215755d2e0eec88c,RELM91_a319da738fb5b1c50c,MATM91_a1693737aed347a076,双石-2A（SS-2A）,能量特性,爆速,6000 - 7000 m/s(若强起爆发生爆轰)。,,6000,7000,m/s,explicit_or_field_specific,,强,validated_range,true,,primary_value,爆速,,,,135,EVM91_b92371757efdf1b9da,accepted
PROPM91_08319f0b0efdf3e107,RELM91_9eec4fd1227bc0b80a,MATM91_a1693737aed347a076,双石-2A（SS-2A）,能量特性,爆温,2400K - 2800K。,,,,℃,field_dictionary,,,qualitative_only,false,no_reliable_numeric_measurement,,,,,,135,EVM91_ee3d05915c8f3ce718,accepted
PROPM91_c951a81c6dfca754b4,RELM91_e7bf769e4bf575190c,MATM91_a1693737aed347a076,双石-2A（SS-2A）,能量特性,爆压,15 - 20 GPa(爆轰态)。,,15,20,GPa,explicit_or_field_specific,,,validated_range,true,,primary_value,爆压,,,,135,EVM91_e6ff040d61f9f1391f,accepted
PROPM91_62a16c60e82fd30167,RELM91_bd89523539f239b233,MATM91_a1693737aed347a076,双石-2A（SS-2A）,能量特性,爆容,800 - 1000 L/kg(高产气量)。,,800,1000,L/kg,explicit_or_field_specific,,高,validated_range,true,,primary_value,爆容,,,,135,EVM91_3d7485fdcb01feaa99,accepted
PROPM91_6c7b504d574d360ab5,RELM91_57c9e6ad8e463a93bf,MATM91_a1693737aed347a076,双石-2A（SS-2A）,能量特性,威力,较高。具强爆炸破坏力。,,,,,,,强|高,text_only,false,no_reliable_numeric_measurement,,,,,,135,EVM91_228277035117791d83,accepted
PROPM91_9261b6926764e132a2,RELM91_5ed55c3d768fe7461e,MATM91_a1693737aed347a076,双石-2A（SS-2A）,能量特性,猛度,较高(若发生爆轰)。,,,,,,,高,text_only,false,no_reliable_numeric_measurement,,,,,,135,EVM91_a947bc4eb1a372a4e9,accepted
PROPM91_167723d64514fa3257,RELM91_d51fa7f583d5313f5c,MATM91_a1693737aed347a076,双石-2A（SS-2A）,能量特性,燃烧速度(发射药、推进剂),"平稳。表面钝化剂会在燃烧初期产生微弱的渐增面效应,使初期燃烧更平稳。",,,,,,,,qualitative_only,false,no_reliable_numeric_measurement,,,,,,135,EVM91_11a0ed582d176a064b,accepted
PROPM91_29c088d751e19d01b2,RELM91_dee4a54de8a6c6dc43,MATM91_a1693737aed347a076,双石-2A（SS-2A）,能量特性,火药力(发射药),"较高。做功能力强,常作火炮发射药或特种助推器。",,,,,,,强|高,qualitative_only,false,no_reliable_numeric_measurement,,,,,,135,EVM91_2964322e96eb86dabb,accepted
PROPM91_1b0d08b3810b0555c0,RELM91_1883a638ca97d9097b,MATM91_e33c78f06f39a2caf9,双钾-1（SJa-1）,理化性质,密度,1.58 - 1.68 g/cm3,,1.58,1.68,g/cm³,explicit_or_field_specific,,,validated_range,true,,primary_value,密度,,,,136,EVM91_e97314f8115d38923e,accepted
PROPM91_dc248bc85c04464dec,RELM91_bc9db144d8d2c69dd7,MATM91_e33c78f06f39a2caf9,双钾-1（SJa-1）,理化性质,外观,"棕褐色或暗黑色致密胶体,质地较硬,表面通常有包覆层。",,,,,,,,text_only,false,no_reliable_numeric_measurement,,,,,,136,EVM91_dfc1c7d058ece9b32c,accepted
PROPM91_bdfa44fe483d545183,RELM91_fbedd8c8fab7313258,MATM91_e33c78f06f39a2caf9,双钾-1（SJa-1）,理化性质,溶解性,整体不溶于水;NC/NG组分易溶于丙酮等极性溶剂。,,,,,,,,text_only,false,no_reliable_numeric_measurement,,,,,,136,EVM91_c1602bd40516188fec,accepted
PROPM91_d2800bce0655384b15,RELM91_655a5203e401416c0f,MATM91_e33c78f06f39a2caf9,双钾-1（SJa-1）,理化性质,挥发性,极低。但表面NG增塑剂具有缓慢迁移和挥发风险。,,,,,,,低|极低,text_only,false,no_reliable_numeric_measurement,,,,,,136,EVM91_f7c8a6c12439146c1e,accepted
PROPM91_b2cc900bbe6e6dbdc6,RELM91_d0efcdb4cf9ae65796,MATM91_e33c78f06f39a2caf9,双钾-1（SJa-1）,安全特性,摩擦感度(需对应不同测试条件),"较灵敏。含有液态感度组分NG,机械摩擦感度较高。",,,,,,,高,qualitative_only,false,no_reliable_numeric_measurement,,,,,,136,EVM91_8f2e1c1c95cde6624d,accepted
PROPM91_0d3a193486c3e078d1,RELM91_f1f314e134fc84cc16,MATM91_e33c78f06f39a2caf9,双钾-1（SJa-1）,安全特性,撞击感度(需对应不同测试条件),"较灵敏。对物理撞击敏感,压延加工需防爆隔离。",,,,,,,敏感,qualitative_only,false,no_reliable_numeric_measurement,,,,,,136,EVM91_c8b3a3f4705b279ecd,accepted
PROPM91_ee4819ab5886dc691c,RELM91_b25cdc1486f4ca74de,MATM91_e33c78f06f39a2caf9,双钾-1（SJa-1）,安全特性,冲击感度,敏感。受强激发易发生由燃烧向爆轰的转变(DDT)。,,,,,,,敏感|强,qualitative_only,false,no_reliable_numeric_measurement,,,,,,136,EVM91_39f53c99659fb28c59,accepted
PROPM91_42e8c138e31f2a202d,RELM91_f47a2cd46882ed36ec,MATM91_e33c78f06f39a2caf9,双钾-1（SJa-1）,安全特性,火焰感度,灵敏。极易被点火火焰引燃。,,,,,,,,qualitative_only,false,no_reliable_numeric_measurement,,,,,,136,EVM91_fe86883aeea4da0a5b,accepted
PROPM91_10d05e8612b7221cd7,RELM91_e9fa5e542d1144197c,MATM91_e33c78f06f39a2caf9,双钾-1（SJa-1）,安全特性,静电感度(需对应不同测试条件),"较高。加工或切削中易积累静电,需严格接地。",,,,,,,高,qualitative_only,false,no_reliable_numeric_measurement,,,,,,136,EVM91_42e439c9e9b19e6ae2,accepted
PROPM91_5e331f21dfc5009f7a,RELM91_4b21eda049addd917e,MATM91_e33c78f06f39a2caf9,双钾-1（SJa-1）,安全特性,热感度(5s爆发点),190°C - 210°C(热稳定性显著低于复合药)。,,,,,,,低,multiple_measurements,false,multiple_primary_measurements,,热感度(5s爆发点),,,5,136,EVM91_7e65e8edfe53bd1089,accepted
PROPM91_edabe556eef754c052,RELM91_8407f1070624584486,MATM91_e33c78f06f39a2caf9,双钾-1（SJa-1）,安全特性,电火花感度,较灵敏。,,,,,,,,qualitative_only,false,no_reliable_numeric_measurement,,,,,,136,EVM91_f1bae8ec9fd7a34272,accepted
PROPM91_2ee423d2f39f046351,RELM91_bf584d09d8fe1cef74,MATM91_e33c78f06f39a2caf9,双钾-1（SJa-1）,安全特性,吸湿性,"低至中等。钾盐具有一定吸湿性,受潮会影响消焰效果。",,,,,,,中等|低|吸湿,text_only,false,no_reliable_numeric_measurement,,,,,,136,EVM91_2328700ce948cb038e,accepted
PROPM91_594a48143cf193795e,RELM91_cbb6fd87d3a643f95e,MATM91_e33c78f06f39a2caf9,双钾-1（SJa-1）,安全特性,熔点,不适用(受热分解)。,,,,,,,,qualitative_only,false,no_reliable_numeric_measurement,,,,,,136,EVM91_4df29852ab74fb18a3,accepted
PROPM91_8382131eb1186d15ce,RELM91_db7479fe19142aa7c6,MATM91_e33c78f06f39a2caf9,双钾-1（SJa-1）,安全特性,分解温度,约 160°C 开始显著分解放热。,160,,,℃,explicit_or_field_specific,~,,validated_single,true,,onset_temperature,分解温度,~,,,136,EVM91_dc6ffe90d4c6946c6e,accepted
PROPM91_45e00ecfc2fd2d4fac,RELM91_7e7837a4c694a8564e,MATM91_e33c78f06f39a2caf9,双钾-1（SJa-1）,能量特性,爆速,6000 - 7000 m/s(若强起爆发生爆轰)。,,6000,7000,m/s,explicit_or_field_specific,,强,validated_range,true,,primary_value,爆速,,,,136,EVM91_1506d7c2613d76f9c3,accepted
PROPM91_49288d2279ded2ff75,RELM91_b7bbe894d43ea116b4,MATM91_e33c78f06f39a2caf9,双钾-1（SJa-1）,能量特性,爆温,2400K - 2800K。,,,,℃,field_dictionary,,,qualitative_only,false,no_reliable_numeric_measurement,,,,,,136,EVM91_7508aa731e0568d0de,accepted
PROPM91_449cf531ddbf8b8462,RELM91_ae1943484dbe14f40b,MATM91_e33c78f06f39a2caf9,双钾-1（SJa-1）,能量特性,爆压,15 - 20 GPa(爆轰状态)。,,15,20,GPa,explicit_or_field_specific,,,validated_range,true,,primary_value,爆压,,,,136,EVM91_8efc299afdcbd3b9d0,accepted
PROPM91_755879f645b52c3003,RELM91_211a9ed6d02bf63d78,MATM91_e33c78f06f39a2caf9,双钾-1（SJa-1）,能量特性,爆容,850 - 1000 L/kg(产气量巨大)。,,850,1000,L/kg,explicit_or_field_specific,,,validated_range,true,,primary_value,爆容,,,,136,EVM91_ca19d1e8f850dd0fa6,accepted
PROPM91_508ef72fe344d0f059,RELM91_ccf2bea4f08b668aae,MATM91_e33c78f06f39a2caf9,双钾-1（SJa-1）,能量特性,威力,较高。具强爆炸破坏力。,,,,,,,强|高,text_only,false,no_reliable_numeric_measurement,,,,,,136,EVM91_dd5fb8f406f5f6ce94,accepted
PROPM91_6abdd4105e92e815a4,RELM91_fe093517dad450dacb,MATM91_e33c78f06f39a2caf9,双钾-1（SJa-1）,能量特性,猛度,高(若发生爆轰)。,,,,,,,高,text_only,false,no_reliable_numeric_measurement,,,,,,136,EVM91_9c09dccb8f9c2d8424,accepted
PROPM91_f77ee125bef3c2b881,RELM91_653847968f7c2d3d42,MATM91_e33c78f06f39a2caf9,双钾-1（SJa-1）,能量特性,燃烧速度(发射药、推进剂),"平稳。燃速受压强指数控制,燃烧稳定,伴随较少的炮口/喷管火焰。",,,,,,,强,qualitative_only,false,no_reliable_numeric_measurement,,,,,,136,EVM91_4bbc3704db28cc407c,accepted
PROPM91_a38450ad81786aee1b,RELM91_c214adcec72b312d03,MATM91_e33c78f06f39a2caf9,双钾-1（SJa-1）,能量特性,火药力(发射药),较高。作为发射药使用时做功能力强。,,,,,,,强|高,qualitative_only,false,no_reliable_numeric_measurement,,,,,,136,EVM91_7ccc122a49c84e4772,accepted
PROPM91_463302baf68383bcc4,RELM91_3a0cd489751b9c0d49,MATM91_9656cf3b5ee8490154,双铜铅-1（SToQ-3）,理化性质,密度,1.58 - 1.68 g/cm3,,1.58,1.68,g/cm³,explicit_or_field_specific,,,validated_range,true,,primary_value,密度,,,,137,EVM91_ea3e636ef4483ec2a4,accepted
PROPM91_58a05ad7a952266947,RELM91_10054ae3f8e2360277,MATM91_9656cf3b5ee8490154,双铜铅-1（SToQ-3）,理化性质,外观,棕黑色或纯黑色致密角质固体。,,,,,,,,text_only,false,no_reliable_numeric_measurement,,,,,,137,EVM91_00dac2e2951d7c362f,accepted
PROPM91_236295f97bf3b11e29,RELM91_548e9e115cdf64cea4,MATM91_9656cf3b5ee8490154,双铜铅-1（SToQ-3）,理化性质,溶解性,整体不溶于水;NC/NG易溶于丙酮、乙酸乙酯。,,,,,,,,text_only,false,no_reliable_numeric_measurement,,,,,,137,EVM91_9effba3d394b13ba8e,accepted
PROPM91_0c7e0ca49216860f2b,RELM91_91d0176412bb6fe862,MATM91_9656cf3b5ee8490154,双铜铅-1（SToQ-3）,理化性质,挥发性,极微量。表面高能增塑剂NG具有缓慢迁移渗出风险。,,,,,,,高,text_only,false,no_reliable_numeric_measurement,,,,,,137,EVM91_b3b15125bc54be42e5,accepted
PROPM91_2253377553fcaf2502,RELM91_cd19e1828b3363d766,MATM91_9656cf3b5ee8490154,双铜铅-1（SToQ-3）,安全特性,摩擦感度(需对应不同测试条件),"较灵敏。含有液态感度组分NG,摩擦感度高于复合药。",,,,,,,高,qualitative_only,false,no_reliable_numeric_measurement,,,,,,137,EVM91_4d542b895e8141beb4,accepted
PROPM91_3dd358bf1e2c9a7956,RELM91_74fcee7f7c18d98f95,MATM91_9656cf3b5ee8490154,双铜铅-1（SToQ-3）,安全特性,撞击感度(需对应不同测试条件),"较灵敏。对物理撞击敏感,压延加工需防爆。",,,,,,,敏感,qualitative_only,false,no_reliable_numeric_measurement,,,,,,137,EVM91_0447354a15b410f0e1,accepted
PROPM91_5175d25c8521e19754,RELM91_553ea22de65ee937b9,MATM91_9656cf3b5ee8490154,双铜铅-1（SToQ-3）,安全特性,冲击感度,敏感。强约束下受冲击易发生DDT(燃烧转爆轰)。,,,,,,,敏感|强,qualitative_only,false,no_reliable_numeric_measurement,,,,,,137,EVM91_f3f94a18145cd9b565,accepted
PROPM91_d237a60fba4778ea31,RELM91_c78baac7c87ecacfe0,MATM91_9656cf3b5ee8490154,双铜铅-1（SToQ-3）,安全特性,火焰感度,灵敏。易被点火具瞬间可靠引燃。,,,,,,,,qualitative_only,false,no_reliable_numeric_measurement,,,,,,137,EVM91_2f77e02e5b3af8580b,accepted
PROPM91_6b63e9c15349bfe3be,RELM91_7a30015bda8c0ab973,MATM91_9656cf3b5ee8490154,双铜铅-1（SToQ-3）,安全特性,静电感度(需对应不同测试条件),较高。加工形变中易积累高压静电。,,,,,,,高,qualitative_only,false,no_reliable_numeric_measurement,,,,,,137,EVM91_dc4e2f2ab946075f96,accepted
PROPM91_609bc9bc1fb3fda97d,RELM91_a26ba083cbc1a0242d,MATM91_9656cf3b5ee8490154,双铜铅-1（SToQ-3）,安全特性,热感度(5s爆发点),"190°C - 210°C(热稳定性差,爆发点远低于复合药)。",,,,,,,低,multiple_measurements,false,multiple_primary_measurements,,热感度(5s爆发点),,,5,137,EVM91_429f08aa960878c7c9,accepted
PROPM91_e5b68b32ba56d44477,RELM91_a076008d60c4410c6d,MATM91_9656cf3b5ee8490154,双铜铅-1（SToQ-3）,安全特性,电火花感度,较灵敏。,,,,,,,,qualitative_only,false,no_reliable_numeric_measurement,,,,,,137,EVM91_2f1bead2cf33a1971a,accepted
PROPM91_c1c323770568434c8b,RELM91_93de333c8e96df364f,MATM91_9656cf3b5ee8490154,双铜铅-1（SToQ-3）,安全特性,吸湿性,低。致密胶体防潮性良好。,,,,,,,低,text_only,false,no_reliable_numeric_measurement,,,,,,137,EVM91_5c69324350c4e463fd,accepted
PROPM91_0853f287d256e0500b,RELM91_5ef547500b43daedc7,MATM91_9656cf3b5ee8490154,双铜铅-1（SToQ-3）,安全特性,熔点,不适用(受热分解)。,,,,,,,,qualitative_only,false,no_reliable_numeric_measurement,,,,,,137,EVM91_68b4aa0bf750b4d19a,accepted
PROPM91_181c920d521002e186,RELM91_5055d8930d2bf64e64,MATM91_9656cf3b5ee8490154,双铜铅-1（SToQ-3）,安全特性,分解温度,约 160°C 开始显著分解并放热。,160,,,℃,explicit_or_field_specific,~,,validated_single,true,,onset_temperature,分解温度,~,,,137,EVM91_6e577064b45f3c5522,accepted
PROPM91_a2d01fdfede50d19e1,RELM91_5af4f2d5a008a5c599,MATM91_9656cf3b5ee8490154,双铜铅-1（SToQ-3）,能量特性,爆速,6500 - 7000 m/s(若发生爆轰)。,,6500,7000,m/s,explicit_or_field_specific,,,validated_range,true,,primary_value,爆速,,,,137,EVM91_1105782bdee411e0df,accepted
PROPM91_808a83b2ae1d1d98c2,RELM91_5a3ef958ef686dd808,MATM91_9656cf3b5ee8490154,双铜铅-1（SToQ-3）,能量特性,爆温,2500K - 3000K。,,,,℃,field_dictionary,,,qualitative_only,false,no_reliable_numeric_measurement,,,,,,137,EVM91_e026bba8a8e3673e98,accepted
PROPM91_919a12a35f53081c4a,RELM91_2bf576159eeb53a9c5,MATM91_9656cf3b5ee8490154,双铜铅-1（SToQ-3）,能量特性,爆压,15 - 20 GPa(爆轰态)。,,15,20,GPa,explicit_or_field_specific,,,validated_range,true,,primary_value,爆压,,,,137,EVM91_d1091f3ea9692293b8,accepted
PROPM91_7d6a9693cd08756e26,RELM91_1b07cbfa9aea4cedb1,MATM91_9656cf3b5ee8490154,双铜铅-1（SToQ-3）,能量特性,爆容,850 - 1000 L/kg(产气量巨大)。,,850,1000,L/kg,explicit_or_field_specific,,,validated_range,true,,primary_value,爆容,,,,137,EVM91_89e88b030bf0006c4f,accepted
PROPM91_ed3c928772c1a12ed5,RELM91_a9b1ae5ca86bf078a4,MATM91_9656cf3b5ee8490154,双铜铅-1（SToQ-3）,能量特性,威力,较高。具强爆炸破坏力。,,,,,,,强|高,text_only,false,no_reliable_numeric_measurement,,,,,,137,EVM91_7a3e4498ca5c786da1,accepted
PROPM91_a49b21078be3bc6caf,RELM91_973a9c759dcb9ba8e2,MATM91_9656cf3b5ee8490154,双铜铅-1（SToQ-3）,能量特性,猛度,高(爆轰态)。,,,,,,,高,text_only,false,no_reliable_numeric_measurement,,,,,,137,EVM91_eb65538d174c643cb0,accepted
PROPM91_89b0f8f5098bae3066,RELM91_4c3a49a5f7ae2337dc,MATM91_9656cf3b5ee8490154,双铜铅-1（SToQ-3）,能量特性,燃烧速度(发射药、推进剂),平台效应。在特定压强段燃速极其平稳。,,,,,,,强,qualitative_only,false,no_reliable_numeric_measurement,,,,,,137,EVM91_b5932465d3cd97f318,accepted
PROPM91_c8eef780c64c56240c,RELM91_e7279da47f5ee5693a,MATM91_9656cf3b5ee8490154,双铜铅-1（SToQ-3）,能量特性,火药力(发射药),较高。主要考核比冲性能。,,,,,,,高,qualitative_only,false,no_reliable_numeric_measurement,,,,,,137,EVM91_07745920bb82f64582,accepted
PROPM91_879ef4b31346f8153c,RELM91_1d1f7ac78032674e9e,MATM91_2971e50dbfb22089df,双钙-2（SJGa-2）,理化性质,分子量(单质),不适用(混合物),,,,,,,,qualitative_only,false,no_reliable_numeric_measurement,,,,,,138,EVM91_a4cca08b46fc959f39,accepted
PROPM91_2e79db92d267d3029f,RELM91_bbd3746bd7524addd7,MATM91_2971e50dbfb22089df,双钙-2（SJGa-2）,理化性质,密度,"1.55 - 1.62 g/cm3(钙盐密度较低,整体密度略低于含重金属铅/铜的双基药)。",,1.55,1.62,g/cm³,explicit_or_field_specific,,较低|低,validated_range,true,,primary_value,密度,,,,138,EVM91_6a0f163ca7ff6ebb1d,accepted
PROPM91_a3c65a7fe9a4b2a6f7,RELM91_309512fcbd85d7103a,MATM91_2971e50dbfb22089df,双钙-2（SJGa-2）,理化性质,外观,呈现棕黄色、暗褐色或深灰色的致密胶体/角质状固体。,,,,,,,,text_only,false,no_reliable_numeric_measurement,,,,,,138,EVM91_af856020433d83dc43,accepted
PROPM91_634a68cadc0914a415,RELM91_0c5604e759ca94d9da,MATM91_2971e50dbfb22089df,双钙-2（SJGa-2）,理化性质,溶解性,整体不溶于水;NC和NG易溶于丙酮等极性有机溶剂;部分钙盐不溶于水。,,,,,,,,text_only,false,no_reliable_numeric_measurement,,,,,,138,EVM91_fd767336286c585ab5,accepted
PROPM91_bf1f2a64cb35c85f9c,RELM91_721527176cd344bb20,MATM91_2971e50dbfb22089df,双钙-2（SJGa-2）,理化性质,挥发性,"含有极其微量的工艺溶剂,表面高能增塑剂(硝化甘油)有缓慢挥发和渗出倾向。",,,,,,,高,text_only,false,no_reliable_numeric_measurement,,,,,,138,EVM91_46f43fd9eec7d4ed42,accepted
PROPM91_d9d69dfe5398545bb6,RELM91_a0bd4b3792c81d0d0d,MATM91_2971e50dbfb22089df,双钙-2（SJGa-2）,安全特性,摩擦感度(需对应不同测试条件),"较灵敏。因体系内含液态敏感染料NG,机械摩擦发火概率高于普通复合推进剂。",,,,,,,敏感|高,qualitative_only,false,no_reliable_numeric_measurement,,,,,,138,EVM91_aee64a239e03f56195,accepted
PROPM91_a89e63c78bf1044587,RELM91_2e3d857e938fe97e5e,MATM91_2971e50dbfb22089df,双钙-2（SJGa-2）,安全特性,撞击感度(需对应不同测试条件),"较灵敏。对机械撞击敏感,压延、挤胶等加工全流程必须严格防爆抗撞击。",,,,,,,敏感,qualitative_only,false,no_reliable_numeric_measurement,,,,,,138,EVM91_d771d285857a718222,accepted
PROPM91_d9a47b04e9f7dc3733,RELM91_d991e603ef4db6ebfe,MATM91_2971e50dbfb22089df,双钙-2（SJGa-2）,安全特性,冲击感度,"敏感。受强硬约束或遭遇强冲击波(如雷管)时,极易发生燃烧转爆轰(DDT)。",,,,,,,敏感|强,qualitative_only,false,no_reliable_numeric_measurement,,,,,,138,EVM91_577f7c0d4c70e1a01e,accepted
PROPM91_dc9ce95831b873d5f1,RELM91_ae1ee7a5a10a9a8280,MATM91_2971e50dbfb22089df,双钙-2（SJGa-2）,安全特性,火焰感度,灵敏。易被点火器的明火或热流瞬间引燃。,,,,,,,,qualitative_only,false,no_reliable_numeric_measurement,,,,,,138,EVM91_4e42c910302e8c27db,accepted
PROPM91_812f585085e9200649,RELM91_2ce11dae61ab2f94dc,MATM91_2971e50dbfb22089df,双钙-2（SJGa-2）,安全特性,静电感度(需对应不同测试条件),较高。双基胶体在摩擦、挤压或切削加工等物理形变中易产生静电积累。,,,,,,,高,qualitative_only,false,no_reliable_numeric_measurement,,,,,,138,EVM91_f6c381ee900d42cfb5,accepted
PROPM91_fa73bd7efa3b18caf7,RELM91_5df2316b7ffb899877,MATM91_2971e50dbfb22089df,双钙-2（SJGa-2）,安全特性,热感度(5s爆发点),"190°C - 210°C(核心警示:双基药热稳定性较差,爆发点远低于大多数复合推进剂)。",,,,,,,低,multiple_measurements,false,multiple_primary_measurements,,热感度(5s爆发点),,,5,138,EVM91_c3b9fbe09d653b0b1b,accepted
PROPM91_fcb5d7f6a075fa4ebc,RELM91_fda2762f730d5ea519,MATM91_2971e50dbfb22089df,双钙-2（SJGa-2）,安全特性,电火花感度,较灵敏。易被电火花放电点燃。,,,,,,,,qualitative_only,false,no_reliable_numeric_measurement,,,,,,138,EVM91_dac6a1e108068a2e78,accepted
PROPM91_5371377c9f80f75fd9,RELM91_14487a73cbc484d4d2,MATM91_2971e50dbfb22089df,双钙-2（SJGa-2）,安全特性,吸湿性,"较低。致密胶体结构防潮性良好,但基础大分子NC具有极其微弱的吸水性。",,,,,,,较低|低,text_only,false,no_reliable_numeric_measurement,,,,,,138,EVM91_7569eec145d9bf9525,accepted
PROPM91_baa3a5ed1ee6ba2ca9,RELM91_d9563ee6583e5e71cc,MATM91_2971e50dbfb22089df,双钙-2（SJGa-2）,安全特性,熔点,"不适用(胶体受热不熔化,直接分解或爆燃)。",,,,,,,,qualitative_only,false,no_reliable_numeric_measurement,,,,,,138,EVM91_d8d198f4a0d853d452,accepted
PROPM91_25e54a288a778db09a,RELM91_63898bdae842c5ab54,MATM91_2971e50dbfb22089df,双钙-2（SJGa-2）,安全特性,分解温度,约 160°C - 180°C 开始显著分解;常温下也会极其缓慢地发生降解放热。,,,,,,,,multiple_measurements,false,multiple_primary_measurements,,分解温度,,,,138,EVM91_f3b00a7c42f716a0ce,accepted
PROPM91_012a3b32e9b9923c0b,RELM91_afb7c9a14daaced454,MATM91_2971e50dbfb22089df,双钙-2（SJGa-2）,能量特性,爆速,"高。强激发发生爆轰时,爆速可达 5500 - 6500 m/s 量级。",,5500,6500,m/s,explicit_or_field_specific,,强|高,validated_range,true,,primary_value,爆速,,,,138,EVM91_140e9618993be8f7fd,accepted
PROPM91_73158e6e8c9a825c9a,RELM91_66a2d6e646e439f65b,MATM91_2971e50dbfb22089df,双钙-2（SJGa-2）,能量特性,爆温,"中等偏低。受钙盐吸热及消焰作用影响,燃烧温度通常控制在 2200K - 2600K。",,,,℃,field_dictionary,,中等|低,qualitative_only,false,no_reliable_numeric_measurement,,,,,,138,EVM91_9ee11454d0d3e9046e,accepted
PROPM91_2353c370cef0b1e654,RELM91_49916402f0dde2928e,MATM91_2971e50dbfb22089df,双钙-2（SJGa-2）,能量特性,爆压,"中高。若转入爆轰状态,爆压可达 12 - 18 GPa。",,12,18,GPa,explicit_or_field_specific,,高,validated_range,true,,primary_value,爆压,,,,138,EVM91_2a4b0f97300535e6d0,accepted
PROPM91_f7fa5cce1b7d51bc76,RELM91_a5bf5a23f9cdc86174,MATM91_2971e50dbfb22089df,双钙-2（SJGa-2）,能量特性,爆容,"极大。双基药含氧量高,产气量大,通常在 850 - 950 L/kg 之间。",,,,L/kg,explicit_text,,高,qualitative_only,false,no_reliable_numeric_measurement,,,,,,138,EVM91_ca547defb1ddd7f9e6,accepted
PROPM91_7bc84b9b2602abb876,RELM91_c000b8ce5a91845754,MATM91_2971e50dbfb22089df,双钙-2（SJGa-2）,能量特性,威力,较高。具备较强的爆炸做功破坏威力。,,,,,,,强|较强|高,text_only,false,no_reliable_numeric_measurement,,,,,,138,EVM91_03ac93fa0d48758de1,accepted
PROPM91_e8173653bc2b5d67fb,RELM91_8a7d4f1fc002d64baa,MATM91_2971e50dbfb22089df,双钙-2（SJGa-2）,能量特性,猛度,较高(若发生爆轰)。,,,,,,,高,text_only,false,no_reliable_numeric_measurement,,,,,,138,EVM91_516f750e94380ca5e3,accepted
PROPM91_9dca6840668cfe589c,RELM91_7637ff372acc5bf4eb,MATM91_2971e50dbfb22089df,双钙-2（SJGa-2）,能量特性,起爆力,不适用。,,,,,,,,text_only,false,no_reliable_numeric_measurement,,,,,,138,EVM91_affae61a7df49c2562,accepted
PROPM91_42d1966dd5b6793928,RELM91_00bdefd0861d01d72a,MATM91_2971e50dbfb22089df,双钙-2（SJGa-2）,能量特性,燃烧速度(发射药、推进剂),"中等。无明显平台效应,呈正常双基药燃速压力曲线,燃烧过程少焰/无焰。",,,,,,,中等|无,qualitative_only,false,no_reliable_numeric_measurement,,,,,,138,EVM91_acaf8af12272f77d0e,accepted
PROPM91_827746d301e020ee6d,RELM91_31ea3208a7fbdbf27e,MATM91_2971e50dbfb22089df,双钙-2（SJGa-2）,能量特性,火药力(发射药),"较高。若作发射药使用,推力平稳,且对身管具有极好的防烧蚀保护作用。",,,,,,,高,qualitative_only,false,no_reliable_numeric_measurement,,,,,,138,EVM91_a19e9d5411c9aa0cfe,accepted
PROPM91_6ed80d8a94b256d8e8,RELM91_916ee900a459832bfe,MATM91_b1463d7b3ba9ec68ed,双铜-1（STo-1）,理化性质,分子量(单质),不适用(混合物),,,,,,,,qualitative_only,false,no_reliable_numeric_measurement,,,,,,139,EVM91_3f4bcbaafdd6fc8f9a,accepted
PROPM91_0ec8fa3218ca9db068,RELM91_32bb6a5b80b4ce8223,MATM91_b1463d7b3ba9ec68ed,双铜-1（STo-1）,理化性质,密度,"1.55 - 1.65 g/cm3(属标准双基推进剂密度范围,与SQ系列相当)。",,1.55,1.65,g/cm³,explicit_or_field_specific,,,validated_range,true,,primary_value,密度,,,,139,EVM91_a9e5a9ba7a13d8a718,accepted
PROPM91_52bfa91c9435082197,RELM91_f379ed84f310b3e8f9,MATM91_b1463d7b3ba9ec68ed,双铜-1（STo-1）,理化性质,外观,呈现棕色、深褐色或暗黑色的致密胶体/角质状固体(受铜盐影响可能带有极微弱的绿/灰褐色调)。,,,,,,,,text_only,false,no_reliable_numeric_measurement,,,,,,139,EVM91_da23c2a90c91ece440,accepted
PROPM91_09dc50528f3d420622,RELM91_8f9c0452041b75031d,MATM91_b1463d7b3ba9ec68ed,双铜-1（STo-1）,理化性质,溶解性,整体不溶于水;NC和NG易溶于丙酮、乙酸乙酯等极性有机溶剂。,,,,,,,,text_only,false,no_reliable_numeric_measurement,,,,,,139,EVM91_a53cf8434c3ea8e3bf,accepted
PROPM91_5f36a9ce382bb94614,RELM91_0250359aa09ef4ab83,MATM91_b1463d7b3ba9ec68ed,双铜-1（STo-1）,理化性质,挥发性,"含有极其微量的工艺溶剂,表面高能增塑剂(硝化甘油)有缓慢挥发和迁移渗出的倾向。",,,,,,,高,text_only,false,no_reliable_numeric_measurement,,,,,,139,EVM91_cd54ec2b5580523f4f,accepted
PROPM91_63a01d1b3c1884561e,RELM91_8324638df746732452,MATM91_b1463d7b3ba9ec68ed,双铜-1（STo-1）,安全特性,摩擦感度(需对应不同测试条件),"较灵敏。因体系内含液态敏感染料NG,机械摩擦发火概率显著高于普通复合推进剂。",,,,,,,敏感|高,qualitative_only,false,no_reliable_numeric_measurement,,,,,,139,EVM91_26434b96ccb367d568,accepted
PROPM91_1a43aa0d72cf12c4f0,RELM91_f2fe5c961e7ad55b6d,MATM91_b1463d7b3ba9ec68ed,双铜-1（STo-1）,安全特性,撞击感度(需对应不同测试条件),"较灵敏。对机械撞击敏感,压延、挤胶等加工全流程必须严格防爆隔离抗撞击。",,,,,,,敏感,qualitative_only,false,no_reliable_numeric_measurement,,,,,,139,EVM91_8cdf4cead56c8bcfb7,accepted
PROPM91_a4ff4bd4125a193297,RELM91_8874fb634692896da8,MATM91_b1463d7b3ba9ec68ed,双铜-1（STo-1）,安全特性,冲击感度,"敏感。受强硬约束或遭遇强冲击波(如雷管)时,极易发生燃烧转爆轰(DDT)。",,,,,,,敏感|强,qualitative_only,false,no_reliable_numeric_measurement,,,,,,139,EVM91_afad25e2d6046b8b71,accepted
PROPM91_18c7b23316febb4f7e,RELM91_cb21f4682c9bd72dc4,MATM91_b1463d7b3ba9ec68ed,双铜-1（STo-1）,安全特性,火焰感度,灵敏。极易被点火器的明火或热粒子瞬间引燃。,,,,,,,,qualitative_only,false,no_reliable_numeric_measurement,,,,,,139,EVM91_d8ad23e1f3a125f504,accepted
PROPM91_0dbb8c7177628c1fab,RELM91_c0ce45c7d1a6acfa1c,MATM91_b1463d7b3ba9ec68ed,双铜-1（STo-1）,安全特性,静电感度(需对应不同测试条件),较高。双基胶体在摩擦、挤压或切削加工等物理形变中极易产生静电积累。,,,,,,,高,qualitative_only,false,no_reliable_numeric_measurement,,,,,,139,EVM91_90001cbbd35e292263,accepted
PROPM91_15fb5f5aff0f278a29,RELM91_3a2947eeeb57b6df2d,MATM91_b1463d7b3ba9ec68ed,双铜-1（STo-1）,安全特性,热感度(5s爆发点),"190°C - 210°C(核心警示:双基药热稳定性极差,爆发点远低于大多数复合推进剂)。",,,,,,,低,multiple_measurements,false,multiple_primary_measurements,,热感度(5s爆发点),,,5,139,EVM91_ff58f40a6cb2df0a7b,accepted
PROPM91_25ae4c460fdeb71a3a,RELM91_5a6bdae85018eaa85d,MATM91_b1463d7b3ba9ec68ed,双铜-1（STo-1）,安全特性,电火花感度,较灵敏。易被电火花放电点燃。,,,,,,,,qualitative_only,false,no_reliable_numeric_measurement,,,,,,139,EVM91_c76ec1b83b9d6a2528,accepted
PROPM91_cd778ce896bff1aff6,RELM91_3a4f9d472d5a7f9805,MATM91_b1463d7b3ba9ec68ed,双铜-1（STo-1）,安全特性,吸湿性,"较低。致密胶体结构防潮性尚可,但基础大分子NC具有微弱的吸水性。",,,,,,,较低|低,text_only,false,no_reliable_numeric_measurement,,,,,,139,EVM91_02093f228d4f18c036,accepted
PROPM91_cbc5554a336a7c292d,RELM91_41f895a1958307578b,MATM91_b1463d7b3ba9ec68ed,双铜-1（STo-1）,安全特性,熔点,"不适用(胶体受热不熔化,直接分解或爆燃)。",,,,,,,,qualitative_only,false,no_reliable_numeric_measurement,,,,,,139,EVM91_557d21be2f326940d5,accepted
PROPM91_15fc32562393066c24,RELM91_fee88c81448a9f7ab5,MATM91_b1463d7b3ba9ec68ed,双铜-1（STo-1）,安全特性,分解温度,约 160°C - 180°C 开始显著分解;常温下也会极其缓慢地发生降解放热。,,,,,,,,multiple_measurements,false,multiple_primary_measurements,,分解温度,,,,139,EVM91_6870b4b4375aaf3627,accepted
PROPM91_78449053f68d13fc3e,RELM91_3eae5316bde6922459,MATM91_b1463d7b3ba9ec68ed,双铜-1（STo-1）,能量特性,爆速,"高。强激发发生爆轰时,爆速可达 6000 - 7000 m/s 量级(具高能炸药特性)。",,6000,7000,m/s,explicit_or_field_specific,,强|高,validated_range,true,,primary_value,爆速,,,,139,EVM91_00714cfb7f9f4c4230,accepted
PROPM91_2b910c158fa3c5280b,RELM91_f6e8beb97be74c3808,MATM91_b1463d7b3ba9ec68ed,双铜-1（STo-1）,能量特性,爆温,中等。正常火箭工作燃烧温度约 2500K - 3000K。,,,,℃,field_dictionary,,中等,qualitative_only,false,no_reliable_numeric_measurement,,,,,,139,EVM91_6895412fcda52a5712,accepted
PROPM91_48374ed16a8b0dee4e,RELM91_b09f54ba0411e6704c,MATM91_b1463d7b3ba9ec68ed,双铜-1（STo-1）,能量特性,爆压,"高。若转入爆轰状态,爆压可达 15 - 20 GPa。",,15,20,GPa,explicit_or_field_specific,,高,validated_range,true,,primary_value,爆压,,,,139,EVM91_012e951e25b2f73b88,accepted
PROPM91_d0c85115753a5ce03f,RELM91_c9af53a55fb8244254,MATM91_b1463d7b3ba9ec68ed,双铜-1（STo-1）,能量特性,爆容,"极大。双基药自身含氧量高,产气量大,通常在 800 - 1000 L/kg 之间。",,,,L/kg,explicit_text,,高,qualitative_only,false,no_reliable_numeric_measurement,,,,,,139,EVM91_ad7f7349404297ea7d,accepted
PROPM91_36d9e64fbda862a4b5,RELM91_575e7f8b49c07a4de3,MATM91_b1463d7b3ba9ec68ed,双铜-1（STo-1）,能量特性,威力,较高。具备较强的爆炸做功破坏威力。,,,,,,,强|较强|高,text_only,false,no_reliable_numeric_measurement,,,,,,139,EVM91_eb73274b0f19b4d421,accepted
PROPM91_20e106184e03cf6d94,RELM91_5b337327802f45fb8b,MATM91_b1463d7b3ba9ec68ed,双铜-1（STo-1）,能量特性,猛度,较高(若发生爆轰)。,,,,,,,高,text_only,false,no_reliable_numeric_measurement,,,,,,139,EVM91_a94750357a6eb5e57e,accepted
PROPM91_d92a31227807280cb6,RELM91_1661f7d473695b5f56,MATM91_b1463d7b3ba9ec68ed,双铜-1（STo-1）,能量特性,起爆力,不适用。,,,,,,,,text_only,false,no_reliable_numeric_measurement,,,,,,139,EVM91_89578c3225cc1d249e,accepted
PROPM91_f2462cb59adfa49334,RELM91_f57900b4507cd32065,MATM91_b1463d7b3ba9ec68ed,双铜-1（STo-1）,能量特性,燃烧速度(发射药、推进剂),"中等。具备优异的**“平台效应”或“麦撒效应”**,在特定压强区间燃速压强指数极低甚至为负。",,,,,,,强|中等|低|极低,qualitative_only,false,no_reliable_numeric_measurement,,,,,,139,EVM91_164f1a31e39036c447,accepted
PROPM91_03b36b59fbf6330b16,RELM91_79657a992d9cc1543b,MATM91_b1463d7b3ba9ec68ed,双铜-1（STo-1）,能量特性,火药力(发射药),"较高。主要作为战术火箭推进剂,理论比冲表现良好。",,,,,,,高,qualitative_only,false,no_reliable_numeric_measurement,,,,,,139,EVM91_5a50d1910cfc8cd838,accepted
PROPM91_8030d75acfe8b3665e,RELM91_ed3aa6cd7b8ed2ca30,MATM91_791cbce705c83e10a7,双蔗铅-1（SZQ-1）,理化性质,分子量(单质),不适用(混合物),,,,,,,,qualitative_only,false,no_reliable_numeric_measurement,,,,,,140,EVM91_89b74fd09b7c60c9fc,accepted
PROPM91_c9713d25c417380a2e,RELM91_2583a71588c202cf5d,MATM91_791cbce705c83e10a7,双蔗铅-1（SZQ-1）,理化性质,密度,"1.50 - 1.60 g/cm3(受蔗糖衍生物低密度影响,略低于标准双铅药)。",,1.50,1.60,g/cm³,explicit_or_field_specific,,低,validated_range,true,,primary_value,密度,,,,140,EVM91_ecf1b323c272ec3804,accepted
PROPM91_8930ac2ea5a4537edf,RELM91_0468804e68ac8f2b43,MATM91_791cbce705c83e10a7,双蔗铅-1（SZQ-1）,理化性质,外观,呈现浅棕色、深褐色或暗黑色的致密胶体/角质状固体。,,,,,,,,text_only,false,no_reliable_numeric_measurement,,,,,,140,EVM91_f7eb5802040bd19ff8,accepted
PROPM91_c55bb2f1ac1a3f8aae,RELM91_d0808f3669325b87b9,MATM91_791cbce705c83e10a7,双蔗铅-1（SZQ-1）,理化性质,溶解性,整体不溶于水;NC、NG及蔗糖脂类均易溶于丙酮、乙酸乙酯等极性有机溶剂。,,,,,,,,text_only,false,no_reliable_numeric_measurement,,,,,,140,EVM91_34e82f8a0aac445c12,accepted
PROPM91_4c238c51686e91ab11,RELM91_42e02c9223601477ba,MATM91_791cbce705c83e10a7,双蔗铅-1（SZQ-1）,理化性质,挥发性,"含微量工艺溶剂,体系内的硝酸酯及小分子增塑剂具缓慢挥发和迁移渗出倾向。",,,,,,,,text_only,false,no_reliable_numeric_measurement,,,,,,140,EVM91_fe25ed4282f8ab9f82,accepted
PROPM91_06cf88d03b4d9878cf,RELM91_4606e437c4baabd65f,MATM91_791cbce705c83e10a7,双蔗铅-1（SZQ-1）,安全特性,摩擦感度(需对应不同测试条件),"较灵敏。因含液态敏感染料NG,机械摩擦发火概率高于普通复合推进剂。",,,,,,,敏感|高,qualitative_only,false,no_reliable_numeric_measurement,,,,,,140,EVM91_481996b8eff445c3ce,accepted
PROPM91_b1e06c78a96b9d0bcb,RELM91_2b3bc2166aa0a2629f,MATM91_791cbce705c83e10a7,双蔗铅-1（SZQ-1）,安全特性,撞击感度(需对应不同测试条件),"较灵敏。对机械撞击敏感,压延、挤胶等加工全流程必须严格防爆抗撞击。",,,,,,,敏感,qualitative_only,false,no_reliable_numeric_measurement,,,,,,140,EVM91_04501bf80605e1b57a,accepted
PROPM91_fd9cf737686b006b68,RELM91_ab0832aea8f472b992,MATM91_791cbce705c83e10a7,双蔗铅-1（SZQ-1）,安全特性,冲击感度,"敏感。受强硬约束或遇强冲击波(如雷管起爆)时,极易发生燃烧转爆轰(DDT)。",,,,,,,敏感|强,qualitative_only,false,no_reliable_numeric_measurement,,,,,,140,EVM91_456f1951924c41b815,accepted
PROPM91_a117bdb5b80164dcd4,RELM91_5ee696b4695b3b0a60,MATM91_791cbce705c83e10a7,双蔗铅-1（SZQ-1）,安全特性,火焰感度,灵敏。易被点火器的火焰或高热粒子瞬间引燃。,,,,,,,高,qualitative_only,false,no_reliable_numeric_measurement,,,,,,140,EVM91_1c8b541e257a1f6b9e,accepted
PROPM91_3b10b028e057ad47bd,RELM91_228c4ced9923c25ba8,MATM91_791cbce705c83e10a7,双蔗铅-1（SZQ-1）,安全特性,静电感度(需对应不同测试条件),较高。双基胶体在摩擦、挤压或切削加工等物理形变中易产生静电积累。,,,,,,,高,qualitative_only,false,no_reliable_numeric_measurement,,,,,,140,EVM91_b123c6b1b7df1811be,accepted
PROPM91_118a31cf0434c14500,RELM91_b886cc742174c69e9a,MATM91_791cbce705c83e10a7,双蔗铅-1（SZQ-1）,安全特性,热感度(5s爆发点),"190°C - 210°C(警示:双基类推进剂热稳定性极差,爆发点远低于复合推进剂)。",,,,,,,低,multiple_measurements,false,multiple_primary_measurements,,热感度(5s爆发点),,,5,140,EVM91_8ca20d93ff36316643,accepted
PROPM91_c0a8ba7251743ff4c1,RELM91_e1a6e7a67835fb0efc,MATM91_791cbce705c83e10a7,双蔗铅-1（SZQ-1）,安全特性,电火花感度,较灵敏。易被电火花放电点燃。,,,,,,,,qualitative_only,false,no_reliable_numeric_measurement,,,,,,140,EVM91_f3d20a3e199a900f18,accepted
PROPM91_ec821fd236d31b0308,RELM91_d67b04166a67a92c8b,MATM91_791cbce705c83e10a7,双蔗铅-1（SZQ-1）,安全特性,吸湿性,"低至中等。致密胶体防潮性良好,但基础大分子NC及部分糖类衍生物具极其微弱吸水性。",,,,,,,中等|低,text_only,false,no_reliable_numeric_measurement,,,,,,140,EVM91_2b731c32e69083f18f,accepted
PROPM91_dde767e883d3d08a6e,RELM91_3c031c144f624f62d8,MATM91_791cbce705c83e10a7,双蔗铅-1（SZQ-1）,安全特性,熔点,"不适用(胶体受热不熔化,直接分解或爆燃)。",,,,,,,,qualitative_only,false,no_reliable_numeric_measurement,,,,,,140,EVM91_4c8a8e910604b43816,accepted
PROPM91_21a17a5a7103a7837d,RELM91_8dbe0f56ba41b6959e,MATM91_791cbce705c83e10a7,双蔗铅-1（SZQ-1）,安全特性,分解温度,约 160°C - 180°C 开始显著分解;常温下也会极其缓慢地发生降解放热。,,,,,,,,multiple_measurements,false,multiple_primary_measurements,,分解温度,,,,140,EVM91_081b00f4f9223cdeee,accepted
PROPM91_7fae7e1f40277834a1,RELM91_4bafe8a6800dad26a3,MATM91_791cbce705c83e10a7,双蔗铅-1（SZQ-1）,能量特性,爆速,"中高。强激发发生爆轰时,爆速通常可达 5500 - 6500 m/s(受降温剂影响略低于纯双基)。",,5500,6500,m/s,explicit_or_field_specific,,强|低|高,validated_range,true,,primary_value,爆速,,,,140,EVM91_0ff28e1b57f765eed8,accepted
PROPM91_03167d770cfd0915b0,RELM91_f1609074bf547b21c6,MATM91_791cbce705c83e10a7,双蔗铅-1（SZQ-1）,能量特性,爆温,"偏低(核心特征)。受蔗糖衍生物降温作用,正常燃烧温度通常被压低在 2000K - 2500K 左右。",,,,℃,field_dictionary,,低,qualitative_only,false,no_reliable_numeric_measurement,,,,,,140,EVM91_71c633cad0b2dd07dc,accepted
PROPM91_946bcb7cfb73f3d8ef,RELM91_da6a6bca497f49d8af,MATM91_791cbce705c83e10a7,双蔗铅-1（SZQ-1）,能量特性,爆压,"中高。若转入爆轰状态,爆压可达 12 - 18 GPa。",,12,18,GPa,explicit_or_field_specific,,高,validated_range,true,,primary_value,爆压,,,,140,EVM91_77ae4875e7d28f3836,accepted
PROPM91_cf6794db7221ad88fa,RELM91_130705c0ec52bddc53,MATM91_791cbce705c83e10a7,双蔗铅-1（SZQ-1）,能量特性,爆容,"极大。含氧量高且加入了小分子产气衍生物,产气量通常在 850 - 1050 L/kg 之间。",,,,L/kg,explicit_text,,高,qualitative_only,false,no_reliable_numeric_measurement,,,,,,140,EVM91_48cacd2f449b6d65bd,accepted
PROPM91_0a64a7f7fcece6e705,RELM91_c9fa6c8fd8bca2305b,MATM91_791cbce705c83e10a7,双蔗铅-1（SZQ-1）,能量特性,威力,中等。爆炸破坏威力被降温/增塑剂分散。,,,,,,,中等,text_only,false,no_reliable_numeric_measurement,,,,,,140,EVM91_4649fe683c6f103d9c,accepted
PROPM91_20d810c796201e242f,RELM91_3bf1e8da577d8b124e,MATM91_791cbce705c83e10a7,双蔗铅-1（SZQ-1）,能量特性,猛度,中等(若发生爆轰)。,,,,,,,中等,text_only,false,no_reliable_numeric_measurement,,,,,,140,EVM91_795bacf780e5ae9b70,accepted
PROPM91_028ddf6f3a1d837aef,RELM91_8d23e233767fc090f9,MATM91_791cbce705c83e10a7,双蔗铅-1（SZQ-1）,能量特性,起爆力,不适用。,,,,,,,,text_only,false,no_reliable_numeric_measurement,,,,,,140,EVM91_0f45599cdb167669e7,accepted
PROPM91_27c14ce305c57148fb,RELM91_7a676ffdecf0ac5e03,MATM91_791cbce705c83e10a7,双蔗铅-1（SZQ-1）,能量特性,燃烧速度(发射药、推进剂),"平稳。具备**“平台效应”**,特定压强区间燃速保持恒定,且受降温剂影响整体燃速偏低。",,,,,,,强|低,qualitative_only,false,no_reliable_numeric_measurement,,,,,,140,EVM91_b8005260a67acff50f,accepted
PROPM91_fa1a102810e17f8e3e,RELM91_9428c4af9fee58ff4a,MATM91_791cbce705c83e10a7,双蔗铅-1（SZQ-1）,能量特性,火药力(发射药),较高。常作为对温度有要求的战术推进剂或特种燃气发生剂。,,,,,,,高,qualitative_only,false,no_reliable_numeric_measurement,,,,,,140,EVM91_d46d56be36b352228a,accepted
PROPM91_bb3154eb2f3d025c13,RELM91_c294d97bca17bcd904,MATM91_f6f1ab5edb241e0c02,双基平台（SDP-10）,理化性质,分子量(单质),不适用(混合物),,,,,,,,qualitative_only,false,no_reliable_numeric_measurement,,,,,,141,EVM91_a666bf5bfb7ec39b87,accepted
PROPM91_cb1607e0c68deb5e0a,RELM91_04a2ae4b9e20735794,MATM91_f6f1ab5edb241e0c02,双基平台（SDP-10）,理化性质,密度,1.55 - 1.65 g/cm3(属标准双基/改性双基推进剂密度范围)。,,1.55,1.65,g/cm³,explicit_or_field_specific,,,validated_range,true,,primary_value,密度,,,,141,EVM91_240d89ed79bae67e00,accepted
PROPM91_b4c124a2c8c4030d69,RELM91_752f1a8c1936495c9b,MATM91_f6f1ab5edb241e0c02,双基平台（SDP-10）,理化性质,外观,呈现深褐色、暗黑色或带有微弱光泽的致密胶体/角质状固体。,,,,,,,,text_only,false,no_reliable_numeric_measurement,,,,,,141,EVM91_9321e6e70bbeb2f4a0,accepted
PROPM91_7348ac2f8c84ddcbbb,RELM91_509442143ae42b6173,MATM91_f6f1ab5edb241e0c02,双基平台（SDP-10）,理化性质,溶解性,整体不溶于水;基体NC和NG易溶于丙酮、乙酸乙酯等极性有机溶剂。,,,,,,,,text_only,false,no_reliable_numeric_measurement,,,,,,141,EVM91_6de3455472fff55950,accepted
PROPM91_c9357566ecc8761ea6,RELM91_a07aa19bd4bbcf8312,MATM91_f6f1ab5edb241e0c02,双基平台（SDP-10）,理化性质,挥发性,"含有极微量工艺溶剂,表面高能增塑剂(硝化甘油)有极其缓慢的挥发和渗出倾向。",,,,,,,高,text_only,false,no_reliable_numeric_measurement,,,,,,141,EVM91_16d5f821e0435fa22a,accepted
PROPM91_6830faaa3fdb6421e9,RELM91_8e903229df513ef476,MATM91_f6f1ab5edb241e0c02,双基平台（SDP-10）,安全特性,摩擦感度(需对应不同测试条件),"较灵敏。因体系内含液态敏感染料NG,机械摩擦发火概率高于普通复合推进剂。",,,,,,,敏感|高,qualitative_only,false,no_reliable_numeric_measurement,,,,,,141,EVM91_51cf5156a8b71c5f02,accepted
PROPM91_e8bb8bd5bc5b72a1a2,RELM91_d259262f3ab5760203,MATM91_f6f1ab5edb241e0c02,双基平台（SDP-10）,安全特性,撞击感度(需对应不同测试条件),"较灵敏。对机械撞击敏感,压延、挤胶等加工全流程必须严格防爆隔离抗撞击。",,,,,,,敏感,qualitative_only,false,no_reliable_numeric_measurement,,,,,,141,EVM91_130348c38657c65aa6,accepted
PROPM91_3b423d7d2372b0d72c,RELM91_422fbbfa7890040904,MATM91_f6f1ab5edb241e0c02,双基平台（SDP-10）,安全特性,冲击感度,"敏感。受强硬约束或强冲击波(如雷管起爆)时,极易发生燃烧转爆轰(DDT)。",,,,,,,敏感|强,qualitative_only,false,no_reliable_numeric_measurement,,,,,,141,EVM91_5546bbac2cf0c0088e,accepted
PROPM91_f3d0f38812e85b3854,RELM91_4f33af14b25567b903,MATM91_f6f1ab5edb241e0c02,双基平台（SDP-10）,安全特性,火焰感度,灵敏。极易被点火器的明火或炽热金属粒子引燃。,,,,,,,,qualitative_only,false,no_reliable_numeric_measurement,,,,,,141,EVM91_0886b560eb99f4791b,accepted
PROPM91_683e1b3522587f7054,RELM91_965273078ddf15740a,MATM91_f6f1ab5edb241e0c02,双基平台（SDP-10）,安全特性,静电感度(需对应不同测试条件),较高。双基胶体在摩擦、挤压或切削加工等物理形变中极易产生静电积累。,,,,,,,高,qualitative_only,false,no_reliable_numeric_measurement,,,,,,141,EVM91_372c3b8eff0d746ad7,accepted
PROPM91_1433980b258eb5692e,RELM91_a25d804ca7ed4056d9,MATM91_f6f1ab5edb241e0c02,双基平台（SDP-10）,安全特性,热感度(5s爆发点),"190°C - 210°C(核心警示:双基类推进剂热稳定性极差,爆发点远低于复合推进剂)。",,,,,,,低,multiple_measurements,false,multiple_primary_measurements,,热感度(5s爆发点),,,5,141,EVM91_5878f3276127f81850,accepted
PROPM91_7e4de461bd4a5ef969,RELM91_ef220cdd2181fc41a5,MATM91_f6f1ab5edb241e0c02,双基平台（SDP-10）,安全特性,电火花感度,较灵敏。易被电火花放电点燃。,,,,,,,,qualitative_only,false,no_reliable_numeric_measurement,,,,,,141,EVM91_5b60b93c02d76d3035,accepted
PROPM91_bbb5712f5d074cb09e,RELM91_44464d096f7b50cd9b,MATM91_f6f1ab5edb241e0c02,双基平台（SDP-10）,安全特性,吸湿性,"较低。致密胶体结构防潮性尚可,但基础大分子NC具有微弱的吸水性。",,,,,,,较低|低,text_only,false,no_reliable_numeric_measurement,,,,,,141,EVM91_eac3b840596e84fc23,accepted
PROPM91_d1d95d7a4d7310696e,RELM91_f299aeb862f98b0d80,MATM91_f6f1ab5edb241e0c02,双基平台（SDP-10）,安全特性,熔点,"不适用(胶体受热不熔化,直接分解或爆燃)。",,,,,,,,qualitative_only,false,no_reliable_numeric_measurement,,,,,,141,EVM91_4a351ced6273c6ac14,accepted
PROPM91_9b04533b1b48b2de88,RELM91_7b814cc1db8639949f,MATM91_f6f1ab5edb241e0c02,双基平台（SDP-10）,安全特性,分解温度,约 160°C - 180°C 开始显著分解;常温下也会极其缓慢地发生降解放热。,,,,,,,,multiple_measurements,false,multiple_primary_measurements,,分解温度,,,,141,EVM91_fb72b26c860d6b66bf,accepted
PROPM91_cd721fff60c4a8259e,RELM91_748b252e4dfab556b2,MATM91_f6f1ab5edb241e0c02,双基平台（SDP-10）,能量特性,爆速,"高。强激发发生爆轰时,爆速可达 6000 - 7000 m/s 量级(具高能炸药特性)。",,6000,7000,m/s,explicit_or_field_specific,,强|高,validated_range,true,,primary_value,爆速,,,,141,EVM91_39670cf604871b486b,accepted
PROPM91_7e4cfd9c55ce6363f5,RELM91_19ec486fedc326eed0,MATM91_f6f1ab5edb241e0c02,双基平台（SDP-10）,能量特性,爆温,中等。正常火箭工作燃烧温度约 2500K - 3000K。,,,,℃,field_dictionary,,中等,qualitative_only,false,no_reliable_numeric_measurement,,,,,,141,EVM91_6816b4f3224de2553d,accepted
PROPM91_85c08b9988f9fdb1f8,RELM91_e619ea9ab5cffcd2f2,MATM91_f6f1ab5edb241e0c02,双基平台（SDP-10）,能量特性,爆压,"高。若转入爆轰状态,爆压可达 15 - 20 GPa。",,15,20,GPa,explicit_or_field_specific,,高,validated_range,true,,primary_value,爆压,,,,141,EVM91_94a360d6309a2c5bcc,accepted
PROPM91_db9920e440c5f43794,RELM91_752fdea2e2c27f0225,MATM91_f6f1ab5edb241e0c02,双基平台（SDP-10）,能量特性,爆容,"极大。自身含氧量高,产气量大,通常在 800 - 1000 L/kg 之间。",,,,L/kg,explicit_text,,高,qualitative_only,false,no_reliable_numeric_measurement,,,,,,141,EVM91_3bdcaec1cd44325a23,accepted
PROPM91_b0d6747b3c8814458e,RELM91_3d64be2e23987e04b9,MATM91_f6f1ab5edb241e0c02,双基平台（SDP-10）,能量特性,威力,较高。具备较强的爆炸做功破坏威力。,,,,,,,强|较强|高,text_only,false,no_reliable_numeric_measurement,,,,,,141,EVM91_db6f8f3918bf3b8ba2,accepted
PROPM91_9ece50b627db77459b,RELM91_5c2043aea6a863a145,MATM91_f6f1ab5edb241e0c02,双基平台（SDP-10）,能量特性,猛度,较高(若发生爆轰)。,,,,,,,高,text_only,false,no_reliable_numeric_measurement,,,,,,141,EVM91_0ec566b5fe52d7816f,accepted
PROPM91_076e571e352bd873f3,RELM91_b1f72f28fd18e9dd07,MATM91_f6f1ab5edb241e0c02,双基平台（SDP-10）,能量特性,起爆力,不适用。,,,,,,,,text_only,false,no_reliable_numeric_measurement,,,,,,141,EVM91_245dc42758c4b2572b,accepted
PROPM91_b1c5f180296110cec4,RELM91_45bd1e97e7bd7bb218,MATM91_f6f1ab5edb241e0c02,双基平台（SDP-10）,能量特性,燃烧速度(发射药、推进剂),"中等。核心特性为宽广且优异的“平台效应”,在特定压强区间燃速压强指数极低。",,,,,,,强|中等|低|极低,qualitative_only,false,no_reliable_numeric_measurement,,,,,,141,EVM91_3876771de1c3d6e6b1,accepted
PROPM91_a68474dc6f79645d38,RELM91_4ef258b5bda0ca44a1,MATM91_f6f1ab5edb241e0c02,双基平台（SDP-10）,能量特性,火药力(发射药),"较高。主要作为战术火箭推进剂,理论比冲表现优良。",,,,,,,高,qualitative_only,false,no_reliable_numeric_measurement,,,,,,141,EVM91_3c18fe4a7ff8d5e8dd,accepted
PROPM91_da1186423c78dfeea7,RELM91_24ea30710a26b54462,MATM91_572268eae6e0f77072,高燃速（671-3）,理化性质,分子量(单质),不适用(混合物),,,,,,,,qualitative_only,false,no_reliable_numeric_measurement,,,,,,142,EVM91_0a3194850c04f911f0,accepted
PROPM91_3448c3e8258f1d7ba9,RELM91_f05056763ff7549b2c,MATM91_572268eae6e0f77072,高燃速（671-3）,理化性质,密度,1.65 - 1.75 g/cm3。,,1.65,1.75,g/cm³,explicit_or_field_specific,,,validated_range,true,,primary_value,密度,,,,142,EVM91_9bccc1e1ae7e7e2c60,accepted
PROPM91_d6d8192392d5e4349d,RELM91_bfad809da2f53d2acd,MATM91_572268eae6e0f77072,高燃速（671-3）,理化性质,外观,固化后多为暗褐色、红褐色或黑色的致密弹性固体。,,,,,,,,text_only,false,no_reliable_numeric_measurement,,,,,,142,EVM91_16d146b8fbe71aeb4d,accepted
PROPM91_63f6bfbad2468f5d8e,RELM91_f422babe5ee3568380,MATM91_572268eae6e0f77072,高燃速（671-3）,理化性质,溶解性,整体不溶于水;基体在溶剂中溶胀;端面裸露盐类微溶于水。,,,,,,,,text_only,false,no_reliable_numeric_measurement,,,,,,142,EVM91_41e8851534c92f3f3b,accepted
PROPM91_2caaf3ffbed00976dd,RELM91_4cf5e10e24f9d55094,MATM91_572268eae6e0f77072,高燃速（671-3）,理化性质,挥发性,"极低。常温下无挥发性,部分液态燃速催化剂有极微弱迁移性。",,,,,,,低|极低|无,text_only,false,no_reliable_numeric_measurement,,,,,,142,EVM91_77605b2915bbdaa98c,accepted
PROPM91_f36f21579fc836ad1b,RELM91_4fdd0e6b7a612c95e3,MATM91_572268eae6e0f77072,高燃速（671-3）,安全特性,摩擦感度(需对应不同测试条件),"迟钝。弹性基体提供良好缓冲,摩擦发火概率 ≤ 10%。",10,,,%,explicit_or_field_specific,<=,,validated_single,true,,explosion_probability,摩擦感度,<=,,,142,EVM91_311313a5c87a4d5252,accepted
PROPM91_5a739d2a09ba71c38f,RELM91_e1abc1c77c10fa29e6,MATM91_572268eae6e0f77072,高燃速（671-3）,安全特性,撞击感度(需对应不同测试条件),"迟钝。力学性能优异,抗跌落及机械震动能力强。",,,,,,,强,qualitative_only,false,no_reliable_numeric_measurement,,,,,,142,EVM91_c0de9b491078b7f357,accepted
PROPM91_f7a986c18a5d5f5abf,RELM91_7559b7e7d22216245b,MATM91_572268eae6e0f77072,高燃速（671-3）,安全特性,冲击感度,"较低。非爆轰系统,不易被常规机械冲击波起爆。",,,,,,,较低|低,qualitative_only,false,no_reliable_numeric_measurement,,,,,,142,EVM91_92cac3d4ef47545d29,accepted
PROPM91_fbbe24d8141ebd854d,RELM91_ba1581a9de1236f224,MATM91_572268eae6e0f77072,高燃速（671-3）,安全特性,火焰感度,"极度灵敏(核心警示)。受高效燃速催化剂影响,对任何明火或高温热流极为敏感。",,,,,,,敏感|高,qualitative_only,false,no_reliable_numeric_measurement,,,,,,142,EVM91_29e6a47d18c86d5a50,accepted
PROPM91_a2572216c516c0a11c,RELM91_36707187af5e72933b,MATM91_572268eae6e0f77072,高燃速（671-3）,安全特性,静电感度(需对应不同测试条件),成品较低。严重警告:含有高活性催化剂的干粉/药浆阶段静电危险性极大。,,,,,,,较低|低|高,qualitative_only,false,no_reliable_numeric_measurement,,,,,,142,EVM91_c872dcc398d3b47c44,accepted
PROPM91_b03c98e0980e4caf16,RELM91_e73596d9f2a7d930c5,MATM91_572268eae6e0f77072,高燃速（671-3）,安全特性,热感度(5s爆发点),230°C - 260°C(警示:高效催化剂显著降低了体系爆发点)。,,,,,,,低|高,multiple_measurements,false,multiple_primary_measurements,,热感度(5s爆发点),,,5,142,EVM91_fc7686d62021f50cfd,accepted
PROPM91_a09b36f2ba37431a5e,RELM91_2e778a7cc5718916c2,MATM91_572268eae6e0f77072,高燃速（671-3）,安全特性,电火花感度,"较灵敏。受活性金属盐影响,电火花感度略高于普通配方。",,,,,,,高,qualitative_only,false,no_reliable_numeric_measurement,,,,,,142,EVM91_2768bc9d617b7cd605,accepted
PROPM91_15896a10316bda2a58,RELM91_d4dd10507d69072328,MATM91_572268eae6e0f77072,高燃速（671-3）,安全特性,吸湿性,低。防潮隔绝性良好。,,,,,,,低,text_only,false,no_reliable_numeric_measurement,,,,,,142,EVM91_2ea37551062ec79acd,accepted
PROPM91_ea48ab0e6889de454c,RELM91_7ccd3e20522a04de62,MATM91_572268eae6e0f77072,高燃速（671-3）,安全特性,熔点,不适用。,,,,,,,,qualitative_only,false,no_reliable_numeric_measurement,,,,,,142,EVM91_c08467739ce0b25ec6,accepted
PROPM91_19ad1a010766aa7c5d,RELM91_ef5cbc78099dd91169,MATM91_572268eae6e0f77072,高燃速（671-3）,安全特性,分解温度,"剧烈放热分解区间明显前移,约 220°C - 250°C 开始极速放热。",,,,,,,,multiple_measurements,false,multiple_primary_measurements,,分解温度,,,,142,EVM91_199fbcbfbe30b20977,accepted
PROPM91_0c53f47d8d9a91d2ed,RELM91_fe4fa7d8c34d1c9251,MATM91_572268eae6e0f77072,高燃速（671-3）,能量特性,爆速,不适用(严禁发生爆轰)。,,,,,,,,qualitative_only,false,no_reliable_numeric_measurement,,,,,,142,EVM91_30df121b5a476cb014,accepted
PROPM91_12be7296d35c6cfb0d,RELM91_f02ccdef3e5c293892,MATM91_572268eae6e0f77072,高燃速（671-3）,能量特性,爆温,高。燃烧室工作温度通常在 2800K - 3200K 之间。,,,,℃,field_dictionary,,高,qualitative_only,false,no_reliable_numeric_measurement,,,,,,142,EVM91_d25a580aed61a7c601,accepted
PROPM91_5db1333a328af63c87,RELM91_201dad8065480685b7,MATM91_572268eae6e0f77072,高燃速（671-3）,能量特性,爆压,"极高。为产生瞬时巨大推力,发动机工作室压常达 15 MPa - 25 MPa。",,,,,,,极高|高,multiple_measurements,false,multiple_primary_measurements,,爆压,,,,142,EVM91_419c5d1cbf671f1558,accepted
PROPM91_be5a144377391c706b,RELM91_cb8bdbd0b832b9f2d2,MATM91_572268eae6e0f77072,高燃速（671-3）,能量特性,爆容,极大。瞬间产生大量高压气体及凝相微粒。,,,,,,,高,qualitative_only,false,no_reliable_numeric_measurement,,,,,,142,EVM91_c46953de66986fc894,accepted
PROPM91_0c01b275c838973608,RELM91_6d7e52bdd0791a0e91,MATM91_572268eae6e0f77072,高燃速（671-3）,能量特性,威力,不适用。,,,,,,,,text_only,false,no_reliable_numeric_measurement,,,,,,142,EVM91_a4dec95c9444e201fe,accepted
PROPM91_3cb721649b3ad78bec,RELM91_308f7f975915407373,MATM91_572268eae6e0f77072,高燃速（671-3）,能量特性,猛度,极低。,,,,,,,低|极低,text_only,false,no_reliable_numeric_measurement,,,,,,142,EVM91_5abb5d70c35f9cba25,accepted
PROPM91_00af767bd993fbf61d,RELM91_775646ba9eaeffaab6,MATM91_572268eae6e0f77072,高燃速（671-3）,能量特性,起爆力,不适用。,,,,,,,,text_only,false,no_reliable_numeric_measurement,,,,,,142,EVM91_cde01924df293a4bef,accepted
PROPM91_c13f94d90c49be60d8,RELM91_dea11b8804b1077707,MATM91_572268eae6e0f77072,高燃速（671-3）,能量特性,燃烧速度(发射药、推进剂),"极快(核心战术指标)。在催化剂作用下燃速呈现跨越式提升,高工作压强下可达 30.0 - 100.0 mm/s 量级。",,30.0,100.0,mm/s,explicit_or_field_specific,,强|高,validated_range,true,,primary_value,燃烧速度,,,,142,EVM91_4c98748d2ee86da68f,accepted
PROPM91_4f609dbca87c4ed6e8,RELM91_9f325f6a2a7a4e22d6,MATM91_572268eae6e0f77072,高燃速（671-3）,能量特性,火药力(发射药),不适用。核心考核指标为比冲及瞬时大推力峰值。,,,,,,,,qualitative_only,false,no_reliable_numeric_measurement,,,,,,142,EVM91_f201915ba2cc926fbb,accepted
PROPM91_c484dcc56fbbaf10b8,RELM91_d803ce425aa3dc8dc7,MATM91_f14bbf2f3d292ffed1,762,理化性质,分子量(单质),不适用(混合物),,,,,,,,qualitative_only,false,no_reliable_numeric_measurement,,,,,,143,EVM91_a3453d9b3b58e109e6,accepted
PROPM91_9e736cd0209568ba84,RELM91_58359fc01aa75c80b2,MATM91_f14bbf2f3d292ffed1,762,理化性质,密度,1.65 - 1.78 g/cm3(受金属粉及氧化剂载荷影响)。,,1.65,1.78,g/cm³,explicit_or_field_specific,,,validated_range,true,,primary_value,密度,,,,143,EVM91_2020b47e9b501d3ae0,accepted
PROPM91_e30d47dd43567f912f,RELM91_cf4f6d587f01e04654,MATM91_f14bbf2f3d292ffed1,762,理化性质,外观,固化成型后多为暗灰色、灰黑色的致密橡胶状/类角质固体。,,,,,,,,text_only,false,no_reliable_numeric_measurement,,,,,,143,EVM91_51e418f15a6588c323,accepted
PROPM91_9a77b24a7f90610f05,RELM91_5d61792a309ae80112,MATM91_f14bbf2f3d292ffed1,762,理化性质,溶解性,整体不溶于水;有机基体网络在特定溶剂(如甲苯)中溶胀;端面裸露的盐类氧化剂微溶于水。,,,,,,,,text_only,false,no_reliable_numeric_measurement,,,,,,143,EVM91_a60253d892ca856da9,accepted
PROPM91_6b9efbeb83a7da5c36,RELM91_b10b659ebb58608227,MATM91_f14bbf2f3d292ffed1,762,理化性质,挥发性,极低。常温及标准贮存温度下无明显挥发性。,,,,,,,低|极低|无,text_only,false,no_reliable_numeric_measurement,,,,,,143,EVM91_640f38548b61109761,accepted
PROPM91_df06586a2ae70aab44,RELM91_ec4d9d78aaa1961ec2,MATM91_f14bbf2f3d292ffed1,762,安全特性,摩擦感度(需对应不同测试条件),"迟钝。弹性或增塑基体提供良好缓冲,摆式摩擦仪测试爆炸概率通常 ≤ 10%。",10,,,%,explicit_or_field_specific,<=,,validated_single,true,,explosion_probability,摩擦感度,<=,,,143,EVM91_56943e3f9439741e1e,accepted
PROPM91_0416a2438b195c840b,RELM91_2c0482666d199af623,MATM91_f14bbf2f3d292ffed1,762,安全特性,撞击感度(需对应不同测试条件),"迟钝。力学性能优异,抗跌落及机械震动能力强,10kg落锤特性落高通常 > 25cm。",25,,,cm,explicit_or_field_specific,>,强|高,validated_single,true,,impact_height,落锤高度,>,10,,143,EVM91_c403dcc9c432d1dd89,accepted
PROPM91_333230dfbcae5602e5,RELM91_a24b846b4df8c63e46,MATM91_f14bbf2f3d292ffed1,762,安全特性,冲击感度,"较低。作为非理想爆轰系统,不易被常规机械冲击波直接起爆。",,,,,,,较低|低,qualitative_only,false,no_reliable_numeric_measurement,,,,,,143,EVM91_c429797ebd758375dd,accepted
PROPM91_3e532c0f4229d0bcc4,RELM91_eef3a20b024b02f818,MATM91_f14bbf2f3d292ffed1,762,安全特性,火焰感度,灵敏。设计上必须能被配套的高能点火具(如传火药)瞬间可靠引燃全燃面。,,,,,,,高,qualitative_only,false,no_reliable_numeric_measurement,,,,,,143,EVM91_7529281ae86ed79155,accepted
PROPM91_eaef866bb8998dba61,RELM91_d9df63e26e98046abc,MATM91_f14bbf2f3d292ffed1,762,安全特性,静电感度(需对应不同测试条件),"成品极低。严重警告:干粉混合及药浆真空混捏阶段静电危险性极大,需严格接地。",,,,,,,低|极低,qualitative_only,false,no_reliable_numeric_measurement,,,,,,143,EVM91_45af12484e9ce48619,accepted
PROPM91_2d7b2ae16a536dd6bd,RELM91_9beb58a8facc14c0fb,MATM91_f14bbf2f3d292ffed1,762,安全特性,热感度(5s爆发点),> 250°C(受主氧化剂或增能组分的热分解特性主导)。,250,,,℃,explicit_or_field_specific,>,,validated_single,true,,primary_value,热感度(5s爆发点),>,,5,143,EVM91_2d26c8b3ff6e869302,accepted
PROPM91_662df4622df02be784,RELM91_769ead538c75de0b2e,MATM91_f14bbf2f3d292ffed1,762,安全特性,电火花感度,较低。成品形成交联网络后具有较好的绝缘防静电性能。,,,,,,,较低|低,qualitative_only,false,no_reliable_numeric_measurement,,,,,,143,EVM91_774d85ea9d5e9c9b40,accepted
PROPM91_61b02a8628c6e9bd34,RELM91_5a71d873ec05a641e5,MATM91_f14bbf2f3d292ffed1,762,安全特性,吸湿性,"低。基体防潮隔绝性良好,仅切削或未包覆的裸露端面存在微弱吸湿。",,,,,,,低|吸湿,text_only,false,no_reliable_numeric_measurement,,,,,,143,EVM91_6e7918f080d6f78272,accepted
PROPM91_412c3db294fcba8b04,RELM91_e86b038e29ba3aac9a,MATM91_f14bbf2f3d292ffed1,762,安全特性,熔点,"不适用(热固性/交联体系受热不熔化,直接分解)。",,,,,,,,qualitative_only,false,no_reliable_numeric_measurement,,,,,,143,EVM91_7787a51f499299b294,accepted
PROPM91_4719efd8e85a0796f4,RELM91_cd1bbfc7a6ea2a6d80,MATM91_f14bbf2f3d292ffed1,762,安全特性,分解温度,体系剧烈放热分解区间通常在 250°C - 310°C 左右开始快速放热。,,,,,,,,multiple_measurements,false,multiple_primary_measurements,,分解温度,,,,143,EVM91_3e1cae75326c226a49,accepted
PROPM91_f66513106d1ee35772,RELM91_7d63b533e1c046ceec,MATM91_f14bbf2f3d292ffed1,762,能量特性,爆速,不适用(设计用途严禁爆轰)。,,,,,,,,qualitative_only,false,no_reliable_numeric_measurement,,,,,,143,EVM91_dad64a11e7157913c4,accepted
PROPM91_b9b50b207cc6c680ee,RELM91_ae1256c23e81ef3759,MATM91_f14bbf2f3d292ffed1,762,能量特性,爆温,高。燃烧室工作温度通常在 2800K - 3400K 之间。,,,,℃,field_dictionary,,高,qualitative_only,false,no_reliable_numeric_measurement,,,,,,143,EVM91_a40e160c18b33eeca8,accepted
PROPM91_609ed40de22983dde0,RELM91_d2ad39364d717ce99b,MATM91_f14bbf2f3d292ffed1,762,能量特性,爆压,高。发动机正常设计工作室压通常在 5 MPa - 15 MPa 范围内。,,,,,,,高,multiple_measurements,false,multiple_primary_measurements,,爆压,,,,143,EVM91_48883ef6ade95e47c7,accepted
PROPM91_94fdf86f3db84f65c0,RELM91_f5ca3a3b50d8410499,MATM91_f14bbf2f3d292ffed1,762,能量特性,爆容,极大。产生大量高压做功排气(如 HCl、CO)及凝相微粒(如液态 Al2O3)。,,,,L/kg,field_dictionary,,高,qualitative_only,false,no_reliable_numeric_measurement,,,,,,143,EVM91_7a15049868198f696e,accepted
PROPM91_8105838b531c1e3d4c,RELM91_77b750cfc5f398fa6e,MATM91_f14bbf2f3d292ffed1,762,能量特性,威力,不适用(不考核爆炸破坏做功威力)。,,,,,,,,text_only,false,no_reliable_numeric_measurement,,,,,,143,EVM91_8c5dfa52a13c6cb872,accepted
PROPM91_ac400c3a0d7082af03,RELM91_35736b7848671068f9,MATM91_f14bbf2f3d292ffed1,762,能量特性,猛度,极低。,,,,,,,低|极低,text_only,false,no_reliable_numeric_measurement,,,,,,143,EVM91_21b7358ad09da77991,accepted
PROPM91_f45adfdef39dac673b,RELM91_90c074cf835fc4af99,MATM91_f14bbf2f3d292ffed1,762,能量特性,起爆力,不适用。,,,,,,,,text_only,false,no_reliable_numeric_measurement,,,,,,143,EVM91_a271a573f218804772,accepted
PROPM91_fc7ae8821c59833116,RELM91_984574d240b9a7b619,MATM91_f14bbf2f3d292ffed1,762,能量特性,燃烧速度(发射药、推进剂),"中等至偏高。常压(0.1MPa)燃速依型号通常在 6.0 - 15.0 mm/s,随压强呈指数规律上升。",,6.0,15.0,mm/s,explicit_or_field_specific,,强|中等|高,validated_range,true,,primary_value,燃烧速度,,,,143,EVM91_adb96d8e737490331d,accepted
PROPM91_fc94c7354e826e227a,RELM91_dc1a95d2424869a372,MATM91_f14bbf2f3d292ffed1,762,能量特性,火药力(发射药),不适用。性能评价核心指标为“比冲(ISP)”及特定温区下的力学延伸率。,,,,,,,,qualitative_only,false,no_reliable_numeric_measurement,,,,,,143,EVM91_0f529280d959e305fa,accepted
PROPM91_737b4be71cfc30812d,RELM91_6f268ac1ee36ab367b,MATM91_f7844211c73e638465,双基燃气,理化性质,分子量(单质),不适用(混合物),,,,,,,,qualitative_only,false,no_reliable_numeric_measurement,,,,,,144,EVM91_a76492b97fdbcad048,accepted
PROPM91_4cb52086d2712c826d,RELM91_c8b85cc4b6bcd50bc7,MATM91_f7844211c73e638465,双基燃气,理化性质,密度,"1.50 - 1.60 g/cm3(双基药密度,因降温剂种类可能略有浮动)。",,1.50,1.60,g/cm³,explicit_or_field_specific,,,validated_range,true,,primary_value,密度,,,,144,EVM91_b2692d6e78ea512d39,accepted
PROPM91_2d1369a1b9a835c5dd,RELM91_b46c7dde2cd1ee40c4,MATM91_f7844211c73e638465,双基燃气,理化性质,外观,呈现棕色、暗褐色或深灰色的致密胶体/角质状固体。,,,,,,,,text_only,false,no_reliable_numeric_measurement,,,,,,144,EVM91_b908f5bc73635d3f4e,accepted
PROPM91_870b2444673070105c,RELM91_9bc1af43b70c14f65a,MATM91_f7844211c73e638465,双基燃气,理化性质,溶解性,整体不溶于水;NC和NG易溶于极性溶剂;部分有机降温剂具有微水溶性。,,,,,,,,text_only,false,no_reliable_numeric_measurement,,,,,,144,EVM91_341cce60ad763a18e2,accepted
PROPM91_43c38878a45c0a166c,RELM91_f86ec7518bbfed8ae1,MATM91_f7844211c73e638465,双基燃气,理化性质,挥发性,"含有极微量工艺溶剂,表面高能增塑剂(硝化甘油)有缓慢挥发和渗出倾向。",,,,,,,高,text_only,false,no_reliable_numeric_measurement,,,,,,144,EVM91_b12e6685706cf8b291,accepted
PROPM91_5b16d38cf66a406349,RELM91_7b2e738f581d40d7fe,MATM91_f7844211c73e638465,双基燃气,安全特性,摩擦感度(需对应不同测试条件),"较灵敏。因体系内含液态NG,机械摩擦发火概率高于大多数复合药。",,,,,,,高,qualitative_only,false,no_reliable_numeric_measurement,,,,,,144,EVM91_636bb80ce6052b6eb7,accepted
PROPM91_3fee7f126d402ae620,RELM91_720aa748aa73b19c28,MATM91_f7844211c73e638465,双基燃气,安全特性,撞击感度(需对应不同测试条件),"较灵敏。对机械撞击敏感,压延、挤胶等加工全流程必须防爆抗撞击。",,,,,,,敏感,qualitative_only,false,no_reliable_numeric_measurement,,,,,,144,EVM91_b30bb96262706cf4a0,accepted
PROPM91_879f7add4401ad6529,RELM91_608192ab3d39c1b558,MATM91_f7844211c73e638465,双基燃气,安全特性,冲击感度,"敏感。受强硬约束或强冲击波(雷管)激发时,仍有转爆轰(DDT)危险。",,,,,,,敏感|强,qualitative_only,false,no_reliable_numeric_measurement,,,,,,144,EVM91_387d9727ea4352db62,accepted
PROPM91_0de0c53ffcac1852d6,RELM91_f3629d4d7d96f232d5,MATM91_f7844211c73e638465,双基燃气,安全特性,火焰感度,灵敏。易被电火花或点火器的火焰引燃。,,,,,,,,qualitative_only,false,no_reliable_numeric_measurement,,,,,,144,EVM91_df8766ee789bf0dd82,accepted
PROPM91_038a957574d7fc2109,RELM91_9d338183cec09cdefc,MATM91_f7844211c73e638465,双基燃气,安全特性,静电感度(需对应不同测试条件),较高。胶体在摩擦、挤压或切削加工等物理形变中易产生静电积累。,,,,,,,高,qualitative_only,false,no_reliable_numeric_measurement,,,,,,144,EVM91_03a9340263f798b111,accepted
PROPM91_912b6eb0a4639af747,RELM91_f935f3c8b11280cdfa,MATM91_f7844211c73e638465,双基燃气,安全特性,热感度(5s爆发点),"190°C - 210°C(警示:双基药热稳定性极差,爆发点远低于大多数火炸药)。",,,,,,,低,multiple_measurements,false,multiple_primary_measurements,,热感度(5s爆发点),,,5,144,EVM91_e6e49cefb0552a1a60,accepted
PROPM91_5aeefb1de3b5769175,RELM91_bf75029d0236e3ba96,MATM91_f7844211c73e638465,双基燃气,安全特性,电火花感度,较灵敏。易被电火花放电瞬间点燃。,,,,,,,,qualitative_only,false,no_reliable_numeric_measurement,,,,,,144,EVM91_7fd05a650ad7ff9ed2,accepted
PROPM91_f2f995d1e4579b6168,RELM91_3b97ae065154e6b5c3,MATM91_f7844211c73e638465,双基燃气,安全特性,吸湿性,"低至中等。致密胶体防潮性良好,但若选用的降温剂具吸湿性,则整体吸潮率会微升。",,,,,,,中等|低|吸湿,text_only,false,no_reliable_numeric_measurement,,,,,,144,EVM91_9e7ff32b1cea410b6a,accepted
PROPM91_1db9e278b2047e3c27,RELM91_a6c382be768b6f96f0,MATM91_f7844211c73e638465,双基燃气,安全特性,熔点,"不适用(受热不熔化,直接分解燃烧)。",,,,,,,,qualitative_only,false,no_reliable_numeric_measurement,,,,,,144,EVM91_505c6ad041d531ba91,accepted
PROPM91_73b8010d3711ba091e,RELM91_d9045ad64859964c08,MATM91_f7844211c73e638465,双基燃气,安全特性,分解温度,约 160°C - 180°C 开始显著分解;常温下也有极其缓慢的自发降解放热。,,,,,,,,multiple_measurements,false,multiple_primary_measurements,,分解温度,,,,144,EVM91_c5e19a56cf48307505,accepted
PROPM91_8488933f5e7890372a,RELM91_e26cd73b6c23a92629,MATM91_f7844211c73e638465,双基燃气,能量特性,爆速,"中高。虽含大量降温剂,若被强起爆仍有 5000 - 6500 m/s 的爆速。",,5000,6500,m/s,explicit_or_field_specific,,强|高,validated_range,true,,primary_value,爆速,,,,144,EVM91_a2bebb26a19d332e4e,accepted
PROPM91_cddc20f6e558bc7a41,RELM91_94913dad4db9a68297,MATM91_f7844211c73e638465,双基燃气,能量特性,爆温,"极低(核心特性)。燃烧温度被严格控制在 1000K - 1500K 左右,远低于火箭推进剂(3000K),以保护机械涡轮。",,,,,,,低|极低,qualitative_only,false,no_reliable_numeric_measurement,,,,,,144,EVM91_4257cda77f328fa277,accepted
PROPM91_d9503adfd15b70e927,RELM91_14599164f28150d724,MATM91_f7844211c73e638465,双基燃气,能量特性,爆压,"中等。若转入爆轰状态,爆压可达 10 - 15 GPa。",,10,15,GPa,explicit_or_field_specific,,中等,validated_range,true,,primary_value,爆压,,,,144,EVM91_919be6df6274bc276b,accepted
PROPM91_a8ba7aa987d22c5902,RELM91_f0f7b374c27a1ec575,MATM91_f7844211c73e638465,双基燃气,能量特性,爆容,"极大(核心工作目的)。因含有大量产气剂,爆容通常高达 900 - 1100 L/kg。",,,,L/kg,explicit_text,,高,qualitative_only,false,no_reliable_numeric_measurement,,,,,,144,EVM91_15eb269102044b36d9,accepted
PROPM91_4647355400caa75258,RELM91_b685f945ffda084e20,MATM91_f7844211c73e638465,双基燃气,能量特性,威力,中等偏下(做功能力被大量产气剂分散)。,,,,,,,中等,text_only,false,no_reliable_numeric_measurement,,,,,,144,EVM91_60a464fa7b18e135f7,accepted
PROPM91_0b2c1b0cbd598909ff,RELM91_2fc9ea8a0d87fa3209,MATM91_f7844211c73e638465,双基燃气,能量特性,猛度,较低(不作为猛炸药使用)。,,,,,,,较低|低,text_only,false,no_reliable_numeric_measurement,,,,,,144,EVM91_933c270d97e332156e,accepted
PROPM91_89dda392bd9f460f9c,RELM91_a94bad40370e5b35b0,MATM91_f7844211c73e638465,双基燃气,能量特性,起爆力,不适用。,,,,,,,,text_only,false,no_reliable_numeric_measurement,,,,,,144,EVM91_01977a7666ddc5abd3,accepted
PROPM91_0a91b3e24bd25c496d,RELM91_443608c7849c101cd2,MATM91_f7844211c73e638465,双基燃气,能量特性,燃烧速度(发射药、推进剂),"偏低且平稳。燃速通常被设计得较低且极度平稳,以确保燃气发生器持续且均匀地供气。",,,,,,,较低|低,qualitative_only,false,no_reliable_numeric_measurement,,,,,,144,EVM91_5ff4265770178a83b6,accepted
PROPM91_7f773463ed54e2c483,RELM91_4f6f3d3f07f66bacb7,MATM91_f7844211c73e638465,双基燃气,能量特性,火药力(发射药),"中等。燃气力适中,重点在于持续气量而非峰值破坏力。",,,,,,,中等,qualitative_only,false,no_reliable_numeric_measurement,,,,,,144,EVM91_a0fdd4c6563be5b5f0,accepted
PROPM91_862c834e819f174305,RELM91_859de3c55f59d62315,MATM91_e52d4b4b33a5507cc5,双铅一5（SQ-5）,理化性质,分子量(单质),不适用(混合物),,,,,,,,qualitative_only,false,no_reliable_numeric_measurement,,,,,,146,EVM91_59b34eec97a7da30e1,accepted
PROPM91_a65a550723bc707855,RELM91_1ec34f82aab75018e4,MATM91_e52d4b4b33a5507cc5,双铅一5（SQ-5）,理化性质,密度,"1.55 - 1.65 g/cm3(双基药标准密度区间,低于复合推进剂)。",,1.55,1.65,g/cm³,explicit_or_field_specific,,低,validated_range,true,,primary_value,密度,,,,146,EVM91_3b1526aefdc7c3d4d6,accepted
PROPM91_cd9f1321c46a4ee342,RELM91_63928df52f24455d42,MATM91_e52d4b4b33a5507cc5,双铅一5（SQ-5）,理化性质,外观,呈现棕色、暗褐色或黑色的致密胶体/角质固体。,,,,,,,,text_only,false,no_reliable_numeric_measurement,,,,,,146,EVM91_3f1b8663546221e02e,accepted
PROPM91_369e80bf5e4362d04e,RELM91_64da18e1cbd04a6232,MATM91_e52d4b4b33a5507cc5,双铅一5（SQ-5）,理化性质,溶解性,整体不溶于水;NC和NG易溶于丙酮、乙酸乙酯等极性有机溶剂。,,,,,,,,text_only,false,no_reliable_numeric_measurement,,,,,,146,EVM91_19903ceaafc96c9783,accepted
PROPM91_0f56f951b295020ae0,RELM91_dc76fb931e0cacae5a,MATM91_e52d4b4b33a5507cc5,双铅一5（SQ-5）,理化性质,挥发性,"含有极其微量的工艺溶剂残余,表面高能增塑剂硝化甘油有缓慢挥发和渗出倾向。",,,,,,,高,text_only,false,no_reliable_numeric_measurement,,,,,,146,EVM91_07691a534e02958c12,accepted
PROPM91_9bd5ef7ae09e22d00d,RELM91_2ffb2e0d8de56af283,MATM91_e52d4b4b33a5507cc5,双铅一5（SQ-5）,安全特性,摩擦感度(需对应不同测试条件),"较灵敏。因体系内含液态敏感染料NG,机械摩擦发火概率显著高于普通复合推进剂。",,,,,,,敏感|高,qualitative_only,false,no_reliable_numeric_measurement,,,,,,146,EVM91_181494972e134f9e9e,accepted
PROPM91_192123656a68b76801,RELM91_92cfa9497ab3663059,MATM91_e52d4b4b33a5507cc5,双铅一5（SQ-5）,安全特性,撞击感度(需对应不同测试条件),"较灵敏。对机械撞击敏感,压延、挤胶等加工全流程必须严格防爆抗撞击。",,,,,,,敏感,qualitative_only,false,no_reliable_numeric_measurement,,,,,,146,EVM91_984e64409b4bc54964,accepted
PROPM91_dc39d17cf67db4bbcf,RELM91_05f8e517def3ae6153,MATM91_e52d4b4b33a5507cc5,双铅一5（SQ-5）,安全特性,冲击感度,"敏感。受强硬约束或遭遇强冲击波(如雷管)时,极易发生燃烧转爆轰(DDT)。",,,,,,,敏感|强,qualitative_only,false,no_reliable_numeric_measurement,,,,,,146,EVM91_f612ca0cc787fac4aa,accepted
PROPM91_981a5955a3cd8716d6,RELM91_abea60c2e0122f388b,MATM91_e52d4b4b33a5507cc5,双铅一5（SQ-5）,安全特性,火焰感度,灵敏。极易被点火器的明火或热流瞬间引燃。,,,,,,,,qualitative_only,false,no_reliable_numeric_measurement,,,,,,146,EVM91_b3259ed7ed8063e303,accepted
PROPM91_2f30cd82ea317b1b16,RELM91_c2e79a25829b2757fc,MATM91_e52d4b4b33a5507cc5,双铅一5（SQ-5）,安全特性,静电感度(需对应不同测试条件),较高。双基胶体在摩擦、挤压或切削加工等形变过程中极易产生高压静电积累。,,,,,,,高,qualitative_only,false,no_reliable_numeric_measurement,,,,,,146,EVM91_423f68fee496bfa280,accepted
PROPM91_394933930a903e1fd2,RELM91_dd955fc3f9c6a2e422,MATM91_e52d4b4b33a5507cc5,双铅一5（SQ-5）,安全特性,热感度(5s爆发点),"190°C - 210°C(核心警示:双基药热稳定性极差,爆发点远低于大多数火炸药)。",,,,,,,低,multiple_measurements,false,multiple_primary_measurements,,热感度(5s爆发点),,,5,146,EVM91_09f43ee73cf20b8212,accepted
PROPM91_312475e8a06f7b1916,RELM91_434424174123475d6d,MATM91_e52d4b4b33a5507cc5,双铅一5（SQ-5）,安全特性,电火花感度,较灵敏。易被电火花放电点燃。,,,,,,,,qualitative_only,false,no_reliable_numeric_measurement,,,,,,146,EVM91_5b664fa4c642447e58,accepted
PROPM91_dbc276965c9223d6da,RELM91_a8f59c15a6885c7fcf,MATM91_e52d4b4b33a5507cc5,双铅一5（SQ-5）,安全特性,吸湿性,"较低。致密胶体防潮性良好,但基础大分子NC具有微弱的吸水性。",,,,,,,较低|低,text_only,false,no_reliable_numeric_measurement,,,,,,146,EVM91_da1358524e62211738,accepted
PROPM91_6e3fa743175a0cbb01,RELM91_dbb9b92243e5d46d20,MATM91_e52d4b4b33a5507cc5,双铅一5（SQ-5）,安全特性,熔点,"不适用(胶体受热不熔化,直接分解或爆燃)。",,,,,,,,qualitative_only,false,no_reliable_numeric_measurement,,,,,,146,EVM91_97070080c4802d92f1,accepted
PROPM91_2d46beec1578298ffe,RELM91_abed789a09ebe1c8ec,MATM91_e52d4b4b33a5507cc5,双铅一5（SQ-5）,安全特性,分解温度,约 160°C - 180°C 开始显著分解;常温下也会极其缓慢自发降解且放热。,,,,,,,,multiple_measurements,false,multiple_primary_measurements,,分解温度,,,,146,EVM91_b0f79dd35fd642d9e9,accepted
PROPM91_6a7f30ec28946a5bbb,RELM91_d627902072415de292,MATM91_e52d4b4b33a5507cc5,双铅一5（SQ-5）,能量特性,爆速,"高。强激发发生爆轰时,爆速可达 6000 - 7000 m/s 量级。",,6000,7000,m/s,explicit_or_field_specific,,强|高,validated_range,true,,primary_value,爆速,,,,146,EVM91_dc12fb0e7ff52e2edf,accepted
PROPM91_a650a9f48cda290c4d,RELM91_f2b07ea10715eec82d,MATM91_e52d4b4b33a5507cc5,双铅一5（SQ-5）,能量特性,爆温,中等。正常火箭工作燃烧温度约 2500K - 3000K。,,,,℃,field_dictionary,,中等,qualitative_only,false,no_reliable_numeric_measurement,,,,,,146,EVM91_30585cd928c8798a78,accepted
PROPM91_ad5777c6ec39bceffc,RELM91_668b751e8bbdb85b1e,MATM91_e52d4b4b33a5507cc5,双铅一5（SQ-5）,能量特性,爆压,"高。若转入爆轰状态,爆压可达 15 - 20 GPa。",,15,20,GPa,explicit_or_field_specific,,高,validated_range,true,,primary_value,爆压,,,,146,EVM91_07465d24673780ce29,accepted
PROPM91_967c935a140c420625,RELM91_166af629f5b0ffe892,MATM91_e52d4b4b33a5507cc5,双铅一5（SQ-5）,能量特性,爆容,"极大。双基药自身含氧量高,产气量大,通常在 800 - 1000 L/kg。",,,,L/kg,explicit_text,,高,qualitative_only,false,no_reliable_numeric_measurement,,,,,,146,EVM91_958e04292e14138581,accepted
PROPM91_373b5716dc35f38715,RELM91_8436bb5e1a18de732d,MATM91_e52d4b4b33a5507cc5,双铅一5（SQ-5）,能量特性,威力,较高。具备较强的爆炸做功破坏威力。,,,,,,,强|较强|高,text_only,false,no_reliable_numeric_measurement,,,,,,146,EVM91_8807cd06f1a494404f,accepted
PROPM91_6c43ecf8e672e9f8a5,RELM91_f68a40afca2c6134af,MATM91_e52d4b4b33a5507cc5,双铅一5（SQ-5）,能量特性,猛度,较高(若发生爆轰)。,,,,,,,高,text_only,false,no_reliable_numeric_measurement,,,,,,146,EVM91_44366e6cf19f8da915,accepted
PROPM91_ccb441996e76d3e774,RELM91_6b0e52661b2aeda00d,MATM91_e52d4b4b33a5507cc5,双铅一5（SQ-5）,能量特性,起爆力,不适用。,,,,,,,,text_only,false,no_reliable_numeric_measurement,,,,,,146,EVM91_9cf70a852994c6d4df,accepted
PROPM91_88064452f3c64aeb6c,RELM91_a2179764ebff404312,MATM91_e52d4b4b33a5507cc5,双铅一5（SQ-5）,能量特性,燃烧速度(发射药、推进剂),"中等。具备优异的**“平台效应”**,在特定压强区间燃速保持恒定或极低增长。",,,,,,,强|中等|低|极低,qualitative_only,false,no_reliable_numeric_measurement,,,,,,146,EVM91_e44444c729e2db026f,accepted
PROPM91_2d6e49504d4175feef,RELM91_22aead3d03089c61b8,MATM91_e52d4b4b33a5507cc5,双铅一5（SQ-5）,能量特性,火药力(发射药),"较高。主要作为火箭推进剂,理论比冲表现良好。",,,,,,,高,qualitative_only,false,no_reliable_numeric_measurement,,,,,,146,EVM91_dc81ee8751b8c0c8a0,accepted
PROPM91_2d42605097a3bec7ac,RELM91_12c1a66802c1609c24,MATM91_312e964489bf2a34b4,双铅一7（SQ-7）,理化性质,分子量(单质),不适用(混合物),,,,,,,,qualitative_only,false,no_reliable_numeric_measurement,,,,,,147,EVM91_52c79d0cccf338046f,accepted
PROPM91_f981231533b5076e7e,RELM91_b179094745babd381b,MATM91_312e964489bf2a34b4,双铅一7（SQ-7）,理化性质,密度,"1.55 - 1.65 g/cm3(双基药标准密度区间,低于复合药)。",,1.55,1.65,g/cm³,explicit_or_field_specific,,低,validated_range,true,,primary_value,密度,,,,147,EVM91_e0fa15c93db7f35aac,accepted
PROPM91_798d4a633e948c537a,RELM91_f60f7e4af3dd0ea710,MATM91_312e964489bf2a34b4,双铅一7（SQ-7）,理化性质,外观,呈现棕色、暗褐色或黑色的致密胶体/角质固体。,,,,,,,,text_only,false,no_reliable_numeric_measurement,,,,,,147,EVM91_7e549d99118d389d61,accepted
PROPM91_a6341b5128c73689e7,RELM91_17f6fe55268bf86d08,MATM91_312e964489bf2a34b4,双铅一7（SQ-7）,理化性质,溶解性,整体不溶于水;NC和NG易溶于丙酮、乙酸乙酯等极性溶剂。,,,,,,,,text_only,false,no_reliable_numeric_measurement,,,,,,147,EVM91_e3cb65cd2681c3179a,accepted
PROPM91_9f5658b86ee21a1534,RELM91_15875edf8932f1b9b7,MATM91_312e964489bf2a34b4,双铅一7（SQ-7）,理化性质,挥发性,"含有极其微量的工艺溶剂残余,表面高能增塑剂硝化甘油有缓慢挥发和渗出倾向。",,,,,,,高,text_only,false,no_reliable_numeric_measurement,,,,,,147,EVM91_0ce84f371dbd6ccdab,accepted
PROPM91_3858696aa614a44a74,RELM91_2d9d00543f31b38f98,MATM91_312e964489bf2a34b4,双铅一7（SQ-7）,安全特性,摩擦感度(需对应不同测试条件),"较灵敏。因体系内含液态敏感染料NG,机械摩擦发火概率高于普通复合推进剂。",,,,,,,敏感|高,qualitative_only,false,no_reliable_numeric_measurement,,,,,,147,EVM91_67c790558bdbe110a3,accepted
PROPM91_7aae269ee36f84909f,RELM91_2133f00d1ead6d003d,MATM91_312e964489bf2a34b4,双铅一7（SQ-7）,安全特性,撞击感度(需对应不同测试条件),"较灵敏。对机械撞击敏感,压延、挤胶等加工全流程必须严格防爆抗撞击。",,,,,,,敏感,qualitative_only,false,no_reliable_numeric_measurement,,,,,,147,EVM91_dd839baf2b40895d28,accepted
PROPM91_3e8e092169474aa91f,RELM91_741759446cf17af278,MATM91_312e964489bf2a34b4,双铅一7（SQ-7）,安全特性,冲击感度,"敏感。受强硬约束或遭遇强冲击波(如雷管)时,极易发生燃烧转爆轰(DDT)。",,,,,,,敏感|强,qualitative_only,false,no_reliable_numeric_measurement,,,,,,147,EVM91_ac0f29a897bc252e2b,accepted
PROPM91_3665eaa4b68afcd117,RELM91_c08426c87317524de9,MATM91_312e964489bf2a34b4,双铅一7（SQ-7）,安全特性,火焰感度,灵敏。极易被点火器的明火或热粒子瞬间引燃。,,,,,,,,qualitative_only,false,no_reliable_numeric_measurement,,,,,,147,EVM91_b8b8fda2c18ab863d5,accepted
PROPM91_80680e92f0111872da,RELM91_645951b70723b7e9c4,MATM91_312e964489bf2a34b4,双铅一7（SQ-7）,安全特性,静电感度(需对应不同测试条件),较高。双基胶体在摩擦、挤压或切削加工等形变过程中极易产生高压静电积累。,,,,,,,高,qualitative_only,false,no_reliable_numeric_measurement,,,,,,147,EVM91_5be4ab65a34589fb29,accepted
PROPM91_407008af6f0479908b,RELM91_e85c1efd69587efc8e,MATM91_312e964489bf2a34b4,双铅一7（SQ-7）,安全特性,热感度(5s爆发点),"190°C - 210°C(核心警示:双基药热稳定性极差,爆发点远低于大多数火炸药)。",,,,,,,低,multiple_measurements,false,multiple_primary_measurements,,热感度(5s爆发点),,,5,147,EVM91_6a889389875557cc65,accepted
PROPM91_457d16a1e4231db4f5,RELM91_155a5ea9aa4a76c797,MATM91_312e964489bf2a34b4,双铅一7（SQ-7）,安全特性,电火花感度,较灵敏。易被电火花放电点燃。,,,,,,,,qualitative_only,false,no_reliable_numeric_measurement,,,,,,147,EVM91_eca48a0ba24bdf1da6,accepted
PROPM91_bf9f43a8874dc29e59,RELM91_2d0fa2129f075370ee,MATM91_312e964489bf2a34b4,双铅一7（SQ-7）,安全特性,吸湿性,"较低。致密胶体防潮性良好,但基础大分子NC具有微弱的吸水性。",,,,,,,较低|低,text_only,false,no_reliable_numeric_measurement,,,,,,147,EVM91_dffe65c4557758a827,accepted
PROPM91_5ae15cdc67162b530d,RELM91_0a5f21d45bab717c52,MATM91_312e964489bf2a34b4,双铅一7（SQ-7）,安全特性,熔点,"不适用(胶体受热不熔化,直接分解或爆燃)。",,,,,,,,qualitative_only,false,no_reliable_numeric_measurement,,,,,,147,EVM91_91add46b31fe654e51,accepted
PROPM91_fed086aebf65617ceb,RELM91_b60b40f2cbd35ebe81,MATM91_312e964489bf2a34b4,双铅一7（SQ-7）,安全特性,分解温度,约 160°C - 180°C 开始显著分解;常温下也会极其缓慢自发分解放热。,,,,,,,,multiple_measurements,false,multiple_primary_measurements,,分解温度,,,,147,EVM91_d307b1d020c83e5e72,accepted
PROPM91_e754b9f514ee2a4c59,RELM91_19d6b49c87cecaae62,MATM91_312e964489bf2a34b4,双铅一7（SQ-7）,能量特性,爆速,"高。强激发发生爆轰时,爆速可达 6000 - 7000 m/s 量级。",,6000,7000,m/s,explicit_or_field_specific,,强|高,validated_range,true,,primary_value,爆速,,,,147,EVM91_08593a13b8952252fc,accepted
PROPM91_8c64d7a566ef16ad16,RELM91_30421c8d38f619f8df,MATM91_312e964489bf2a34b4,双铅一7（SQ-7）,能量特性,爆温,中等。正常火箭工作燃烧温度约 2500K - 3000K。,,,,℃,field_dictionary,,中等,qualitative_only,false,no_reliable_numeric_measurement,,,,,,147,EVM91_354b5d1250c84cd52f,accepted
PROPM91_965344e258158d1709,RELM91_361faa3675b3711846,MATM91_312e964489bf2a34b4,双铅一7（SQ-7）,能量特性,爆压,"高。若转入爆轰状态,爆压可达 15 - 20 GPa。",,15,20,GPa,explicit_or_field_specific,,高,validated_range,true,,primary_value,爆压,,,,147,EVM91_33d0aa5f35d0d86659,accepted
PROPM91_4707a7be18944156a6,RELM91_49400de0d95f4dacef,MATM91_312e964489bf2a34b4,双铅一7（SQ-7）,能量特性,爆容,"极大。双基药自身含氧量高,产气量大,通常在 800 - 1000 L/kg。",,,,L/kg,explicit_text,,高,qualitative_only,false,no_reliable_numeric_measurement,,,,,,147,EVM91_11523ad8608fb719ef,accepted
PROPM91_60d3beb9f93eb581a6,RELM91_e0a568bedd548c1f09,MATM91_312e964489bf2a34b4,双铅一7（SQ-7）,能量特性,威力,较高。具备较强的爆炸做功破坏威力。,,,,,,,强|较强|高,text_only,false,no_reliable_numeric_measurement,,,,,,147,EVM91_6c1f9b2740482989a2,accepted
PROPM91_f717785773edd9adbf,RELM91_6e77acb30c85ae298f,MATM91_312e964489bf2a34b4,双铅一7（SQ-7）,能量特性,猛度,较高(若发生爆轰)。,,,,,,,高,text_only,false,no_reliable_numeric_measurement,,,,,,147,EVM91_d93e1086fccccc7cd8,accepted
PROPM91_1c4bcd037b7a8035c6,RELM91_22dfddf1b7c038b029,MATM91_312e964489bf2a34b4,双铅一7（SQ-7）,能量特性,起爆力,不适用。,,,,,,,,text_only,false,no_reliable_numeric_measurement,,,,,,147,EVM91_ed727937ed83459ce1,accepted
PROPM91_fb9b0f913e8db6f27e,RELM91_77d7a1f844a8efe7f6,MATM91_312e964489bf2a34b4,双铅一7（SQ-7）,能量特性,燃烧速度(发射药、推进剂),"中等。具备优异的**“平台效应”**,在特定压强区间燃速保持恒定或极低增长。",,,,,,,强|中等|低|极低,qualitative_only,false,no_reliable_numeric_measurement,,,,,,147,EVM91_842c43838d24763519,accepted
PROPM91_44b0c6d7d0c605a2c4,RELM91_3b743c522da36fa19e,MATM91_312e964489bf2a34b4,双铅一7（SQ-7）,能量特性,火药力(发射药),"较高。作为火箭推进剂,理论比冲表现良好。",,,,,,,高,qualitative_only,false,no_reliable_numeric_measurement,,,,,,147,EVM91_9313dddf470206ebd9,accepted
PROPM91_793982ecb4c926cbdd,RELM91_1d53864cbcf21e6f9a,MATM91_5ef6ad996cbfb90078,双铅一8（SQ-8）,理化性质,分子量(单质),不适用(混合物),,,,,,,,qualitative_only,false,no_reliable_numeric_measurement,,,,,,148,EVM91_f77740706d359e3eb3,accepted
PROPM91_7da4e3236e761181a2,RELM91_17789e2e9380017c77,MATM91_5ef6ad996cbfb90078,双铅一8（SQ-8）,理化性质,密度,"1.55 - 1.65 g/cm3(标准双基药密度范围,显著低于复合推进剂)。",,1.55,1.65,g/cm³,explicit_or_field_specific,,低,validated_range,true,,primary_value,密度,,,,148,EVM91_b708284578d3e39bec,accepted
PROPM91_05ce008eb4591e4277,RELM91_1d16ac977d6cd50664,MATM91_5ef6ad996cbfb90078,双铅一8（SQ-8）,理化性质,外观,呈现棕色、深褐色或暗黑色的致密胶体/角质固体。,,,,,,,,text_only,false,no_reliable_numeric_measurement,,,,,,148,EVM91_7af6184cdb72b02a4a,accepted
PROPM91_39b50cbda04005a096,RELM91_ec51991940246a25d2,MATM91_5ef6ad996cbfb90078,双铅一8（SQ-8）,理化性质,溶解性,整体不溶于水;NC和NG易溶于丙酮、乙酸乙酯等有机溶剂。,,,,,,,,text_only,false,no_reliable_numeric_measurement,,,,,,148,EVM91_33aea4c97e11afa122,accepted
PROPM91_2ab47c7ebb0abbe2dd,RELM91_ba46c248900e9c7ec2,MATM91_5ef6ad996cbfb90078,双铅一8（SQ-8）,理化性质,挥发性,"含有极微量工艺溶剂,表面高能增塑剂(硝化甘油)具有缓慢挥发和迁移渗出的倾向。",,,,,,,高,text_only,false,no_reliable_numeric_measurement,,,,,,148,EVM91_84da00786a8d329bb1,accepted
PROPM91_22a255a5e0e05a247f,RELM91_d22111e14e3662b131,MATM91_5ef6ad996cbfb90078,双铅一8（SQ-8）,安全特性,摩擦感度(需对应不同测试条件),"较灵敏。由于体系内含液态敏感染料NG,其摩擦发火概率高于丁羟等复合推进剂。",,,,,,,敏感|高,qualitative_only,false,no_reliable_numeric_measurement,,,,,,148,EVM91_f0387da6194b155f52,accepted
PROPM91_2d4d24894b832126a2,RELM91_dbf708cd7ba88f3c64,MATM91_5ef6ad996cbfb90078,双铅一8（SQ-8）,安全特性,撞击感度(需对应不同测试条件),"较灵敏。对机械撞击敏感,压延、挤胶加工全流程必须严格防爆抗撞击。",,,,,,,敏感,qualitative_only,false,no_reliable_numeric_measurement,,,,,,148,EVM91_eab6efa4101b5aa9c1,accepted
PROPM91_98adb49d12f845c949,RELM91_039a2597e0b122affb,MATM91_5ef6ad996cbfb90078,双铅一8（SQ-8）,安全特性,冲击感度,"敏感。受强硬约束或强冲击波(如雷管起爆)时,极易发生由燃烧转爆轰(DDT)。",,,,,,,敏感|强,qualitative_only,false,no_reliable_numeric_measurement,,,,,,148,EVM91_5736e8e7987ab2f93b,accepted
PROPM91_a342dd9fbb4f0dae14,RELM91_b841a93e9bb2309bd7,MATM91_5ef6ad996cbfb90078,双铅一8（SQ-8）,安全特性,火焰感度,灵敏。极易被点火器的火焰瞬间引燃。,,,,,,,,qualitative_only,false,no_reliable_numeric_measurement,,,,,,148,EVM91_5a5622dc94769635c9,accepted
PROPM91_40f4cd64e2bbdea33a,RELM91_8a8c0b1a882dc44c29,MATM91_5ef6ad996cbfb90078,双铅一8（SQ-8）,安全特性,静电感度(需对应不同测试条件),较高。双基胶体在摩擦、挤压或切削加工时极易产生高压静电积累。,,,,,,,高,qualitative_only,false,no_reliable_numeric_measurement,,,,,,148,EVM91_bb5a5a96c7c28910c3,accepted
PROPM91_2c3c14aca057d85050,RELM91_5d5c9904b119ed2c24,MATM91_5ef6ad996cbfb90078,双铅一8（SQ-8）,安全特性,热感度(5s爆发点),"190°C - 210°C(核心警示:双基药热稳定性极差,爆发点远低于大多数复合推进剂)。",,,,,,,低,multiple_measurements,false,multiple_primary_measurements,,热感度(5s爆发点),,,5,148,EVM91_df3a50b447a394f462,accepted
PROPM91_e1ac8ac4ef41830c1b,RELM91_fd256ee9db3cce7474,MATM91_5ef6ad996cbfb90078,双铅一8（SQ-8）,安全特性,电火花感度,较灵敏。易被电火花放电点燃。,,,,,,,,qualitative_only,false,no_reliable_numeric_measurement,,,,,,148,EVM91_383bd6dac7c42cce2a,accepted
PROPM91_6fa3483fa88de9b8a5,RELM91_14bf2183f8d32c580c,MATM91_5ef6ad996cbfb90078,双铅一8（SQ-8）,安全特性,吸湿性,"较低。致密胶体防潮性尚可,但主成分NC具有微弱吸水性。",,,,,,,较低|低,text_only,false,no_reliable_numeric_measurement,,,,,,148,EVM91_f922dc1788e6cb4465,accepted
PROPM91_f31c5a9bbaa5ca1006,RELM91_c243384fc85cd08c16,MATM91_5ef6ad996cbfb90078,双铅一8（SQ-8）,安全特性,熔点,"不适用(胶体受热不熔化,直接分解或爆燃)。",,,,,,,,qualitative_only,false,no_reliable_numeric_measurement,,,,,,148,EVM91_2598cdc3db80307147,accepted
PROPM91_7f7e673bae8c8f0351,RELM91_113e7ae9305d3c9517,MATM91_5ef6ad996cbfb90078,双铅一8（SQ-8）,安全特性,分解温度,约 160°C - 180°C 开始显著分解;常温下也会极其缓慢自发分解放热。,,,,,,,,multiple_measurements,false,multiple_primary_measurements,,分解温度,,,,148,EVM91_88cdf890bed9dc325c,accepted
PROPM91_9d2ddc661dd31d2691,RELM91_d3fb727bd58734bc75,MATM91_5ef6ad996cbfb90078,双铅一8（SQ-8）,能量特性,爆速,"高。强激发发生爆轰时,爆速可达 6000 - 7000 m/s 量级。",,6000,7000,m/s,explicit_or_field_specific,,强|高,validated_range,true,,primary_value,爆速,,,,148,EVM91_645c308cecf9e18a77,accepted
PROPM91_dbc8e6f2b761970137,RELM91_439b3228a735d5ed4e,MATM91_5ef6ad996cbfb90078,双铅一8（SQ-8）,能量特性,爆温,中等。正常火箭工作燃烧温度约 2500K - 3000K。,,,,℃,field_dictionary,,中等,qualitative_only,false,no_reliable_numeric_measurement,,,,,,148,EVM91_1c94a44a9b7aa4f276,accepted
PROPM91_b2e2b43aee91674c4e,RELM91_1c4c247a1be23474bf,MATM91_5ef6ad996cbfb90078,双铅一8（SQ-8）,能量特性,爆压,"高。若转入爆轰状态,爆压可达 15 - 20 GPa。",,15,20,GPa,explicit_or_field_specific,,高,validated_range,true,,primary_value,爆压,,,,148,EVM91_ea4972d420cbfb786c,accepted
PROPM91_a8db0875d0e40baccd,RELM91_f11f09f2a0de57d63e,MATM91_5ef6ad996cbfb90078,双铅一8（SQ-8）,能量特性,爆容,"极大。双基药自身含氧量高,产气量大,通常在 800 - 1000 L/kg。",,,,L/kg,explicit_text,,高,qualitative_only,false,no_reliable_numeric_measurement,,,,,,148,EVM91_cf03699a2bba89cae9,accepted
PROPM91_5283f5ddcc6c2555cf,RELM91_c724db30e118132bfb,MATM91_5ef6ad996cbfb90078,双铅一8（SQ-8）,能量特性,威力,较高。具备较强的爆炸做功破坏威力。,,,,,,,强|较强|高,text_only,false,no_reliable_numeric_measurement,,,,,,148,EVM91_18e9b7a722f4a93689,accepted
PROPM91_165cf5eaf798312c20,RELM91_6ea5eafdd2bc18b733,MATM91_5ef6ad996cbfb90078,双铅一8（SQ-8）,能量特性,猛度,较高(若发生爆轰)。,,,,,,,高,text_only,false,no_reliable_numeric_measurement,,,,,,148,EVM91_1da9a59b78cc0af78b,accepted
PROPM91_7079d7ebf3aee65677,RELM91_34306529b2ffd55006,MATM91_5ef6ad996cbfb90078,双铅一8（SQ-8）,能量特性,起爆力,不适用。,,,,,,,,text_only,false,no_reliable_numeric_measurement,,,,,,148,EVM91_326ac44b1412ac72f7,accepted
PROPM91_ad6067f6150697a40c,RELM91_088f6d62addbc09695,MATM91_5ef6ad996cbfb90078,双铅一8（SQ-8）,能量特性,燃烧速度(发射药、推进剂),"中等。核心特性表现为优异的**“平台效应”**,在特定压强区间燃速基本保持恒定。",,,,,,,强|中等,qualitative_only,false,no_reliable_numeric_measurement,,,,,,148,EVM91_66b23fee2e0acd9be7,accepted
PROPM91_94d2ee18e20bc7558b,RELM91_1748de0dbe7e0a3e3a,MATM91_5ef6ad996cbfb90078,双铅一8（SQ-8）,能量特性,火药力(发射药),"较高。作为火箭推进剂,理论比冲表现良好。",,,,,,,高,qualitative_only,false,no_reliable_numeric_measurement,,,,,,148,EVM91_f4e9d19957c9915906,accepted
PROPM91_dae827b55fbf5c1783,RELM91_cbda0d0e994ae9bc23,MATM91_05c72fb8744f1c5791,双铅一9（SQ-9）,理化性质,分子量(单质),不适用(混合物),,,,,,,,qualitative_only,false,no_reliable_numeric_measurement,,,,,,149,EVM91_7127aab895eb20911c,accepted
PROPM91_9040edc75fe627840b,RELM91_63a0e454a672fc07f3,MATM91_05c72fb8744f1c5791,双铅一9（SQ-9）,理化性质,密度,"1.55 - 1.65 g/cm3(标准双基药密度范围,低于复合推进剂)。",,1.55,1.65,g/cm³,explicit_or_field_specific,,低,validated_range,true,,primary_value,密度,,,,149,EVM91_6ad30fdb7069be9a0f,accepted
PROPM91_8c445a7f849b9483bf,RELM91_f42fb519ffc2e00342,MATM91_05c72fb8744f1c5791,双铅一9（SQ-9）,理化性质,外观,呈现棕色、深褐色或暗黑色的致密胶体/角质状固体。,,,,,,,,text_only,false,no_reliable_numeric_measurement,,,,,,149,EVM91_715cf8c85c37b05afc,accepted
PROPM91_2bf0cd66fcc6328b5d,RELM91_876ac11b46d6546f5b,MATM91_05c72fb8744f1c5791,双铅一9（SQ-9）,理化性质,溶解性,整体不溶于水;体系中的 NC 和 NG 易溶于丙酮、乙酸乙酯等极性有机溶剂。,,,,,,,,text_only,false,no_reliable_numeric_measurement,,,,,,149,EVM91_f3aaf91d78c338ebb6,accepted
PROPM91_929a1ed2f35adfc277,RELM91_944499325ed393ef6d,MATM91_05c72fb8744f1c5791,双铅一9（SQ-9）,理化性质,挥发性,"含有极微量残余溶剂,且表面的硝化甘油具有缓慢挥发和迁移渗出的倾向。",,,,,,,,text_only,false,no_reliable_numeric_measurement,,,,,,149,EVM91_d44568d280fb913516,accepted
PROPM91_42de7bd36f2603bce2,RELM91_dcdbea1ca07d8efdbe,MATM91_05c72fb8744f1c5791,双铅一9（SQ-9）,安全特性,摩擦感度(需对应不同测试条件),"较灵敏。因体系内含有极其敏感的液态 NG,其机械摩擦感度显著高于丁羟等复合推进剂。",,,,,,,敏感|高,qualitative_only,false,no_reliable_numeric_measurement,,,,,,149,EVM91_9dc0e54dfee07d3063,accepted
PROPM91_e45ada0095a5213b46,RELM91_2cf375b59025e99eed,MATM91_05c72fb8744f1c5791,双铅一9（SQ-9）,安全特性,撞击感度(需对应不同测试条件),"较灵敏。对机械撞击敏感,在压延、挤胶及切削加工时必须严格防爆抗撞击。",,,,,,,敏感,qualitative_only,false,no_reliable_numeric_measurement,,,,,,149,EVM91_2455a344002d56ea6d,accepted
PROPM91_7b632a9c458b7e3a62,RELM91_a9cc7733639ff84abc,MATM91_05c72fb8744f1c5791,双铅一9（SQ-9）,安全特性,冲击感度,"敏感。受强约束或遇强冲击波(如雷管起爆)时,极易由燃烧转为爆轰(DDT)。",,,,,,,敏感|强,qualitative_only,false,no_reliable_numeric_measurement,,,,,,149,EVM91_18141b0df9a0bde3ee,accepted
PROPM91_c5702497d8349c2424,RELM91_8ccf0879be95a84535,MATM91_05c72fb8744f1c5791,双铅一9（SQ-9）,安全特性,火焰感度,灵敏。双基药极易被点火火焰引燃。,,,,,,,,qualitative_only,false,no_reliable_numeric_measurement,,,,,,149,EVM91_98648a09baee45175c,accepted
PROPM91_cbe40f5da1e6fbb5b5,RELM91_f107c1cb8a6f7798e6,MATM91_05c72fb8744f1c5791,双铅一9（SQ-9）,安全特性,静电感度(需对应不同测试条件),较高。双基胶体在挤压、摩擦或切削加工时极易产生高压静电积累。,,,,,,,高,qualitative_only,false,no_reliable_numeric_measurement,,,,,,149,EVM91_d6a01a1a31eb9570bb,accepted
PROPM91_554a2f9bca509b8499,RELM91_23e34b87fd5a790541,MATM91_05c72fb8744f1c5791,双铅一9（SQ-9）,安全特性,热感度(5s爆发点),"190°C - 210°C(警示:双基药的热稳定性较差,爆发点远低于复合推进剂)。",,,,,,,低,multiple_measurements,false,multiple_primary_measurements,,热感度(5s爆发点),,,5,149,EVM91_64c3bdcce2c19d4e10,accepted
PROPM91_f1c7eee94d8a514d4b,RELM91_c17a6026e8e5b5e7ad,MATM91_05c72fb8744f1c5791,双铅一9（SQ-9）,安全特性,电火花感度,较灵敏。易被电火花放电点燃。,,,,,,,,qualitative_only,false,no_reliable_numeric_measurement,,,,,,149,EVM91_04c4efd6b52b961e03,accepted
PROPM91_f7dee92c4658c4e9bf,RELM91_3b728929e77715fe71,MATM91_05c72fb8744f1c5791,双铅一9（SQ-9）,安全特性,吸湿性,"较低。致密胶体结构使其防潮性尚可,但 NC 组分存在微弱吸水性。",,,,,,,较低|低,text_only,false,no_reliable_numeric_measurement,,,,,,149,EVM91_786bb672d1aa5a8405,accepted
PROPM91_ed8d5993678b71b1e0,RELM91_77d54cc953174e6e00,MATM91_05c72fb8744f1c5791,双铅一9（SQ-9）,安全特性,熔点,"不适用(胶体受热不熔化,直接分解或爆燃)。",,,,,,,,qualitative_only,false,no_reliable_numeric_measurement,,,,,,149,EVM91_7482e86ed05f43d563,accepted
PROPM91_b8aa6d6fa3b7cfe687,RELM91_2110aa8379354a1f0d,MATM91_05c72fb8744f1c5791,双铅一9（SQ-9）,安全特性,分解温度,约 160°C - 180°C 开始显著分解;长期常温下也会极其缓慢地自发分解放热。,,,,,,,,multiple_measurements,false,multiple_primary_measurements,,分解温度,,,,149,EVM91_265a88a32a8b9c539c,accepted
PROPM91_9ed22542150bc09e5d,RELM91_5c4c73f394548f0f5a,MATM91_05c72fb8744f1c5791,双铅一9（SQ-9）,能量特性,爆速,"高。若受强激发发生爆轰,其爆速可达 6000 - 7000 m/s(具备高能炸药特性)。",,6000,7000,m/s,explicit_or_field_specific,,强|高,validated_range,true,,primary_value,爆速,,,,149,EVM91_2e0f7c0ad64e62ed52,accepted
PROPM91_ffa5d5df08714dc405,RELM91_dcc1e572c264a66427,MATM91_05c72fb8744f1c5791,双铅一9（SQ-9）,能量特性,爆温,中等。正常燃烧温度约 2500K - 3000K。,,,,℃,field_dictionary,,中等,qualitative_only,false,no_reliable_numeric_measurement,,,,,,149,EVM91_a5c12925892dcb655b,accepted
PROPM91_8f2cccc3f100cc3010,RELM91_19709f01d0b968e1cd,MATM91_05c72fb8744f1c5791,双铅一9（SQ-9）,能量特性,爆压,高。爆轰状态下爆压可达 15 - 20 GPa。,,15,20,GPa,explicit_or_field_specific,,高,validated_range,true,,primary_value,爆压,,,,149,EVM91_b2e0bf674eb48cb7a2,accepted
PROPM91_0e895b5c49c23a9027,RELM91_e9518eceedc6e1b18a,MATM91_05c72fb8744f1c5791,双铅一9（SQ-9）,能量特性,爆容,"极大。双基药产气量大,通常在 800 - 1000 L/kg 之间。",,,,L/kg,explicit_text,,,qualitative_only,false,no_reliable_numeric_measurement,,,,,,149,EVM91_b27d84218fd85f60c6,accepted
PROPM91_c51fc4e01a72eb3dcd,RELM91_4276440cc0aca8524f,MATM91_05c72fb8744f1c5791,双铅一9（SQ-9）,能量特性,威力,较高。具备较强的爆炸破坏威力。,,,,,,,强|较强|高,text_only,false,no_reliable_numeric_measurement,,,,,,149,EVM91_8418d2878393b443b8,accepted
PROPM91_a0b57ce48582a7c409,RELM91_d137dffca323ab12aa,MATM91_05c72fb8744f1c5791,双铅一9（SQ-9）,能量特性,猛度,较高(若发生爆轰)。,,,,,,,高,text_only,false,no_reliable_numeric_measurement,,,,,,149,EVM91_c92d25ae8c293045a7,accepted
PROPM91_530fc3d90579824630,RELM91_6874f49bcb3dadc3fa,MATM91_05c72fb8744f1c5791,双铅一9（SQ-9）,能量特性,起爆力,不适用。,,,,,,,,text_only,false,no_reliable_numeric_measurement,,,,,,149,EVM91_14d923c78c20b09af6,accepted
PROPM91_60bbea2c0afe2a66a0,RELM91_231ec356b7895bdc60,MATM91_05c72fb8744f1c5791,双铅一9（SQ-9）,能量特性,燃烧速度(发射药、推进剂),"中等。核心特性为**“平台效应”**:在特定工作压强段(如 5-10 MPa),燃速呈平台平稳直线,不随压强改变。",,,,,,,强|中等,condition_only,false,only_test_conditions,,,,,,149,EVM91_77523169fd5c546819,accepted
PROPM91_9883ca1183cad14455,RELM91_d509f18c869ab3f887,MATM91_05c72fb8744f1c5791,双铅一9（SQ-9）,能量特性,火药力(发射药),"较高。主要作为火箭推进剂使用,理论比冲中等。",,,,,,,中等|高,qualitative_only,false,no_reliable_numeric_measurement,,,,,,149,EVM91_0ef134465ce6ac57a7,accepted
PROPM91_efc7bb423d8332df92,RELM91_797da88a5ee16dd0e3,MATM91_206dadf0bc1edf3365,161,理化性质,分子量(单质),不适用(多组分混合物),,,,,,,,qualitative_only,false,no_reliable_numeric_measurement,,,,,,150,EVM91_abac8c1213f1838e0e,accepted
PROPM91_c37675e1ec26b06447,RELM91_5b077fbf5587996f22,MATM91_206dadf0bc1edf3365,161,理化性质,密度,1.65 - 1.75 g/cm3(属标准中高密度推进剂)。,,1.65,1.75,g/cm³,explicit_or_field_specific,,高,validated_range,true,,primary_value,密度,,,,150,EVM91_fb430254fa8c67dfe1,accepted
PROPM91_4c933930eb37e14dd6,RELM91_b7125f34a974a175b0,MATM91_206dadf0bc1edf3365,161,理化性质,外观,固化后为暗灰色、灰黑色或深褐色的坚韧固体。,,,,,,,,text_only,false,no_reliable_numeric_measurement,,,,,,150,EVM91_2da3d1e86c918cf373,accepted
PROPM91_5e00dc35f8de41b139,RELM91_1d437b4636cd3cb1cd,MATM91_206dadf0bc1edf3365,161,理化性质,溶解性,整体不溶于水;部分基体在有机溶剂中溶胀;端面裸露的氧化剂微溶于水。,,,,,,,,text_only,false,no_reliable_numeric_measurement,,,,,,150,EVM91_95b10b5091599d5a18,accepted
PROPM91_1c4e8659450214e669,RELM91_14950bcf5158263ae1,MATM91_206dadf0bc1edf3365,161,理化性质,挥发性,极低。常温及标准贮存环境下无明显挥发性。,,,,,,,低|极低|无,text_only,false,no_reliable_numeric_measurement,,,,,,150,EVM91_da186b76574c692d5e,accepted
PROPM91_a14818eaf88a645d2c,RELM91_7be04f6a09109d27c1,MATM91_206dadf0bc1edf3365,161,安全特性,摩擦感度(需对应不同测试条件),"迟钝。依靠基体缓冲作用,常规测试发火概率通常 ≤ 10%。",10,,,%,explicit_or_field_specific,<=,,validated_single,true,,explosion_probability,摩擦感度,<=,,,150,EVM91_98bdec00d4562cb1fa,accepted
PROPM91_990c2b29dfa619adea,RELM91_cd7ffcaac73c08b9ae,MATM91_206dadf0bc1edf3365,161,安全特性,撞击感度(需对应不同测试条件),"迟钝。力学性能优异,特性落高通常 > 25cm。",25,,,cm,explicit_or_field_specific,>,高,validated_single,true,,impact_height,落锤高度,>,,,150,EVM91_bd19e03f90243d33ea,accepted
PROPM91_0498c10de43a9de6ca,RELM91_bf33b060692e079599,MATM91_206dadf0bc1edf3365,161,安全特性,冲击感度,"较低。非理想爆轰系统,不易被常规机械冲击波直接起爆。",,,,,,,较低|低,qualitative_only,false,no_reliable_numeric_measurement,,,,,,150,EVM91_801d9d7c839c13bc3f,accepted
PROPM91_feac9edb36c31ed24f,RELM91_9b53e4833938733ee5,MATM91_206dadf0bc1edf3365,161,安全特性,火焰感度,灵敏。设计上必须能被配套的特种点火具瞬间可靠引燃。,,,,,,,,qualitative_only,false,no_reliable_numeric_measurement,,,,,,150,EVM91_3e2ab58d670b9fb0d3,accepted
PROPM91_b1ea64aa07a6df1cef,RELM91_e74b7c70656127ff13,MATM91_206dadf0bc1edf3365,161,安全特性,静电感度(需对应不同测试条件),"成品极低。但干粉称量及药浆混捏阶段静电危险性极大,需接地。",,,,,,,低|极低,qualitative_only,false,no_reliable_numeric_measurement,,,,,,150,EVM91_4226569be5c5613438,accepted
PROPM91_7979c3397c59461c8f,RELM91_afeec26db6d7f626f8,MATM91_206dadf0bc1edf3365,161,安全特性,热感度(5s爆发点),通常在 250°C - 300°C 之间。,,,,,,,,multiple_measurements,false,multiple_primary_measurements,,热感度(5s爆发点),,,5,150,EVM91_82f111cf18085fe504,accepted
PROPM91_a82666ccae77f0022b,RELM91_ae78ae0143a1f22e5e,MATM91_206dadf0bc1edf3365,161,安全特性,电火花感度,较低。成品形成稳定网络后具有较好的防静电性能。,,,,,,,较低|低,qualitative_only,false,no_reliable_numeric_measurement,,,,,,150,EVM91_8123910f085f8c0a80,accepted
PROPM91_db2c00f4afcc7563ac,RELM91_7a9f235a13d9cb3aa2,MATM91_206dadf0bc1edf3365,161,安全特性,吸湿性,"低。防潮隔绝性良好,仅切削或裸露的盐类端面微弱吸湿。",,,,,,,低|吸湿,text_only,false,no_reliable_numeric_measurement,,,,,,150,EVM91_3459818acdacd8f314,accepted
PROPM91_dccde18114be210ba2,RELM91_8b013ff659930ddd37,MATM91_206dadf0bc1edf3365,161,安全特性,熔点,"不适用(受热不熔化,直接分解燃烧)。",,,,,,,,qualitative_only,false,no_reliable_numeric_measurement,,,,,,150,EVM91_677c0347ae70695d25,accepted
PROPM91_f9560e4048f4bbe35e,RELM91_e368edaeb13bf44d9e,MATM91_206dadf0bc1edf3365,161,安全特性,分解温度,体系剧烈放热分解区间通常在 220°C - 280°C 开始。,,,,,,,,multiple_measurements,false,multiple_primary_measurements,,分解温度,,,,150,EVM91_c55f92db212c6cfe73,accepted
PROPM91_d5a34681a676a3e8c4,RELM91_5f3cb1095e1a69721c,MATM91_206dadf0bc1edf3365,161,能量特性,爆速,不适用(设计用途严禁爆轰)。,,,,,,,,qualitative_only,false,no_reliable_numeric_measurement,,,,,,150,EVM91_3d30f2f4788d7dce8d,accepted
PROPM91_e6d5d67bfd79549d8e,RELM91_5d250e2dc34cd4e631,MATM91_206dadf0bc1edf3365,161,能量特性,爆温,高。正常工作时燃烧室温度通常在 2800K - 3200K 左右。,,,,℃,field_dictionary,,高,qualitative_only,false,no_reliable_numeric_measurement,,,,,,150,EVM91_ff6367579c8361e04d,accepted
PROPM91_bff7161ef45a679789,RELM91_efcb2772ab58e44ca4,MATM91_206dadf0bc1edf3365,161,能量特性,爆压,工作压强高。发动机正常设计工作室压通常在 7 MPa - 18 MPa 之间。,,,,,,,强|高,multiple_measurements,false,multiple_primary_measurements,,爆压,,,,150,EVM91_d2a89d9eb299aa2ab1,accepted
PROPM91_b56be575f158a0eebf,RELM91_0090ad60f8808e9876,MATM91_206dadf0bc1edf3365,161,能量特性,爆容,大。产生大量高压做功排气及凝相微粒。,,,,,,,高,qualitative_only,false,no_reliable_numeric_measurement,,,,,,150,EVM91_0ae9402b701a57c215,accepted
PROPM91_f338204432e80ef227,RELM91_1c4dc156cbc81d41ca,MATM91_206dadf0bc1edf3365,161,能量特性,威力,不适用。,,,,,,,,text_only,false,no_reliable_numeric_measurement,,,,,,150,EVM91_7f5af923e5713270a7,accepted
PROPM91_2a3cef56e45ebbcabb,RELM91_a18e5c6bb4e4ac97e1,MATM91_206dadf0bc1edf3365,161,能量特性,猛度,极低。,,,,,,,低|极低,text_only,false,no_reliable_numeric_measurement,,,,,,150,EVM91_dc932478d0a2d722cb,accepted
PROPM91_239774b5c99333df03,RELM91_f3931376283e48d42c,MATM91_206dadf0bc1edf3365,161,能量特性,起爆力,不适用。,,,,,,,,text_only,false,no_reliable_numeric_measurement,,,,,,150,EVM91_8d6b37590c828868d0,accepted
PROPM91_f7782bb55c64c7a36d,RELM91_0b759d5b31887dba0b,MATM91_206dadf0bc1edf3365,161,能量特性,燃烧速度(发射药、推进剂),"中等至偏高。依据内弹道设计,标准工作压强(如 7.0 MPa)下燃速通常在 8.0 - 15.0 mm/s 量级,随压强呈规律上升。",,8.0,15.0,mm/s,explicit_or_field_specific,,强|中等|高,validated_range,true,,primary_value,燃烧速度,,,,150,EVM91_83d1e2137839aa0b12,accepted
PROPM91_b4f927ac9e16eee886,RELM91_b5849eee13b5182c5a,MATM91_206dadf0bc1edf3365,161,能量特性,火药力(发射药),不适用。作为火箭推进剂主要考核指标为“比冲”。,,,,,,,,qualitative_only,false,no_reliable_numeric_measurement,,,,,,150,EVM91_9fcfdf57cea5ad3a50,accepted
PROPM91_ec2a1a1b73e3b08067,RELM91_beed9323d3f8a4e252,MATM91_c8d0b55447224e090c,改铝铅一I,理化性质,分子量(单质),不适用(混合物),,,,,,,,qualitative_only,false,no_reliable_numeric_measurement,,,,,,152,EVM91_7bd9288291d9c9f5a7,accepted
PROPM91_9f557d94c0ca46732e,RELM91_67daed0556a615e26d,MATM91_c8d0b55447224e090c,改铝铅一I,理化性质,密度,"1.70 - 1.95 g/cm3(受重金属铅与轻金属铝的双重影响,表观密度偏大)。",,1.70,1.95,g/cm³,explicit_or_field_specific,,,validated_range,true,,primary_value,密度,,,,152,EVM91_2f036a526e9bd278f2,accepted
PROPM91_2d55f581fb448b92c7,RELM91_be2b60dd617da1110c,MATM91_c8d0b55447224e090c,改铝铅一I,理化性质,外观,"呈暗灰色、深灰色或银黑色的细粉末,表面带有明显的铝粉金属光泽。",,,,,,,,text_only,false,no_reliable_numeric_measurement,,,,,,152,EVM91_1d8f12abc1bfa6dc49,accepted
PROPM91_8c651582546e2d9c7c,RELM91_469276c5a0e8e5ce15,MATM91_c8d0b55447224e090c,改铝铅一I,理化性质,溶解性,"常用氧化剂具有水溶性,遇水药剂即发生崩解失效;铝粉及铅盐不溶于水。",,,,,,,,text_only,false,no_reliable_numeric_measurement,,,,,,152,EVM91_69e18b78aeec7bbcb9,accepted
PROPM91_77dc38bc23c4b87bd6,RELM91_81f02dd7e5c472c9d3,MATM91_c8d0b55447224e090c,改铝铅一I,理化性质,挥发性,无。常温下不挥发。,,,,,,,无,text_only,false,no_reliable_numeric_measurement,,,,,,152,EVM91_e2f52020af013e7c53,accepted
PROPM91_342bbb2581a2446f51,RELM91_48faf6876c9dab55b5,MATM91_c8d0b55447224e090c,改铝铅一I,安全特性,摩擦感度(需对应不同测试条件),"极度灵敏(严重安全警示)。铝粉和硬质铅盐导致机械界面摩擦极易生热发火,加工严禁强摩擦。",,,,,,,强,qualitative_only,false,no_reliable_numeric_measurement,,,,,,152,EVM91_9103ee77f670642065,accepted
PROPM91_49b089906ad0ee5a81,RELM91_707bf9dc9bde34ed0f,MATM91_c8d0b55447224e090c,改铝铅一I,安全特性,撞击感度(需对应不同测试条件),"灵敏。抗物理撞击性能较差,压药及装配工艺必须执行严格的防爆隔离操作。",,,,,,,,qualitative_only,false,no_reliable_numeric_measurement,,,,,,152,EVM91_99e5bd391060ede300,accepted
PROPM91_87426112743d90237f,RELM91_78a348d6a822090005,MATM91_c8d0b55447224e090c,改铝铅一I,安全特性,冲击感度,敏感。受强冲击波易发生殉爆。,,,,,,,敏感|强,qualitative_only,false,no_reliable_numeric_measurement,,,,,,152,EVM91_21ce837a741145a65b,accepted
PROPM91_de33b530a4104545a1,RELM91_11f2e57d01156fd937,MATM91_c8d0b55447224e090c,改铝铅一I,安全特性,火焰感度,"极度灵敏(核心工作特性)。依靠高活性铝粉,对极微弱的明火或热流即可瞬间响应全燃。",,,,,,,高,qualitative_only,false,no_reliable_numeric_measurement,,,,,,152,EVM91_9ad5d7cd2d76771fc6,accepted
PROPM91_456267554732bf616b,RELM91_1ee4e9d1d56a0f8347,MATM91_c8d0b55447224e090c,改铝铅一I,安全特性,静电感度(需对应不同测试条件),"极端灵敏(最致命弱点)。金属铝粉极易产生并积累静电,是引发意外发火事故的头号元凶,全流程必须顶格防静电接地。",,,,,,,,qualitative_only,false,no_reliable_numeric_measurement,,,,,,152,EVM91_9e9a388981041c3218,accepted
PROPM91_aad4604f8455effe80,RELM91_0ca9b07d289d681ea9,MATM91_c8d0b55447224e090c,改铝铅一I,安全特性,热感度(5s爆发点),通常在 280°C - 350°C 之间(受基础氧化剂及铝热反应起步温度主导)。,,,,,,,,multiple_measurements,false,multiple_primary_measurements,,热感度(5s爆发点),,,5,152,EVM91_6991adaf173ccded5b,accepted
PROPM91_1de08aaa1a479f8368,RELM91_223c3036070e96c767,MATM91_c8d0b55447224e090c,改铝铅一I,安全特性,电火花感度,高度灵敏。极微小的放电能量(毫焦至微焦级)即可瞬间诱发铝粉爆燃。,,,,,,,高,qualitative_only,false,no_reliable_numeric_measurement,,,,,,152,EVM91_68f24396dcd9a3119c,accepted
PROPM91_08beb896707410ad5e,RELM91_a54f5920d82f6eb94a,MATM91_c8d0b55447224e090c,改铝铅一I,安全特性,吸湿性,"高。氧化剂易吸潮,且铝粉受潮后极易发生表面缓慢氧化放热甚至自燃,防潮要求极高。",,,,,,,极高|高,text_only,false,no_reliable_numeric_measurement,,,,,,152,EVM91_cf8a26c8da961a0bb8,accepted
PROPM91_4409efbe939fa6e8bc,RELM91_83c9da1cb522b1ac8c,MATM91_c8d0b55447224e090c,改铝铅一I,安全特性,熔点,"不适用(受热不熔化,直接极速燃烧)。",,,,,,,,qualitative_only,false,no_reliable_numeric_measurement,,,,,,152,EVM91_af0059ae5aaa2c74d2,accepted
PROPM91_e9f472a61b46dfbd34,RELM91_d2f774e38e3c9e69ae,MATM91_c8d0b55447224e090c,改铝铅一I,安全特性,分解温度,约 280°C 开始发生剧烈分解并极速爆燃。,280,,,℃,explicit_or_field_specific,~,,validated_single,true,,onset_temperature,分解温度,~,,,152,EVM91_f0fe02cf248d592275,accepted
PROPM91_1be7b5f8cbc08616dd,RELM91_1069f224672d70f46d,MATM91_c8d0b55447224e090c,改铝铅一I,能量特性,爆速,"较低。非理想爆轰状态,表现为极其猛烈的极速爆燃(数百 m/s量级)。",,,,m/s,explicit_text,,较低|低,qualitative_only,false,no_reliable_numeric_measurement,,,,,,152,EVM91_0cae83cbd27541396f,accepted
PROPM91_883332de285607f0a3,RELM91_5fb5f945cb1ad37bf8,MATM91_c8d0b55447224e090c,改铝铅一I,能量特性,爆温,"极高。铝热反应放出巨量热,燃烧产生的高温液态氧化铝及铅渣温度轻松突破 3000K。",,,,℃,field_dictionary,,极高|高,qualitative_only,false,no_reliable_numeric_measurement,,,,,,152,EVM91_80af2b51b61ca0c5fe,accepted
PROPM91_8d8eac963035685f28,RELM91_c33299b5ce7b605e4f,MATM91_c8d0b55447224e090c,改铝铅一I,能量特性,爆压,低。不以产生高静压为主要工作目的。,,,,,,,低|高,qualitative_only,false,no_reliable_numeric_measurement,,,,,,152,EVM91_35572aca1aa487549f,accepted
PROPM91_9b190c866affbac44e,RELM91_f498ea6471e856e49d,MATM91_c8d0b55447224e090c,改铝铅一I,能量特性,爆容,中等偏低(大量金属及重金属盐燃烧本身不产生气态产物)。,,,,,,,中等|低,qualitative_only,false,no_reliable_numeric_measurement,,,,,,152,EVM91_a7e64014a943defde7,accepted
PROPM91_2a160b60c086c4acdb,RELM91_54ee727a34fd9017e3,MATM91_c8d0b55447224e090c,改铝铅一I,能量特性,威力,低(不考核爆炸做功破坏威力)。,,,,,,,低,text_only,false,no_reliable_numeric_measurement,,,,,,152,EVM91_c357de62e28b4d4bde,accepted
PROPM91_7120f6e885418fd2b3,RELM91_b5c36779aaef568ac5,MATM91_c8d0b55447224e090c,改铝铅一I,能量特性,猛度,低。,,,,,,,低,text_only,false,no_reliable_numeric_measurement,,,,,,152,EVM91_14c1b1de6a8e94122e,accepted
PROPM91_06e52fc266e743d2da,RELM91_597e0d86565b7027d1,MATM91_c8d0b55447224e090c,改铝铅一I,能量特性,起爆力,不适用。,,,,,,,,text_only,false,no_reliable_numeric_measurement,,,,,,152,EVM91_140646348b92b78e1e,accepted
PROPM91_eb0e0d35a1f9426249,RELM91_0ed8d6d1891f130b43,MATM91_c8d0b55447224e090c,改铝铅一I,能量特性,燃烧速度(发射药、推进剂),"极快。在受限空间内瞬间爆发猛烈燃烧,剧烈喷射大量炽热金属/重金属熔滴。",,,,,,,,qualitative_only,false,no_reliable_numeric_measurement,,,,,,152,EVM91_d893634a7f6588eb71,accepted
PROPM91_38a04a62b0162987f3,RELM91_de5fc0aeaa4f4a567e,MATM91_c8d0b55447224e090c,改铝铅一I,能量特性,火药力(发射药),较低。不作火炮发射药使用。,,,,,,,较低|低,qualitative_only,false,no_reliable_numeric_measurement,,,,,,152,EVM91_ddaf76bff5f369efa5,accepted
PROPM91_21f94542f49c5704d1,RELM91_1b607fbed6167346a1,MATM91_8230b75a4d804fd337,改铝铅一2（GLQ-2）,理化性质,分子量(单质),不适用(混合物),,,,,,,,qualitative_only,false,no_reliable_numeric_measurement,,,,,,153,EVM91_dbe49d0cdef9067a0f,accepted
PROPM91_63036f2e664bb53b6f,RELM91_d95676014caf19c1f5,MATM91_8230b75a4d804fd337,改铝铅一2（GLQ-2）,理化性质,密度,"1.70 - 1.95 g/cm3(受铅盐高密度与铝粉低密度的双重影响,整体表观密度大)。",,1.70,1.95,g/cm³,explicit_or_field_specific,,低|高,validated_range,true,,primary_value,密度,,,,153,EVM91_4c15803710100dfbf5,accepted
PROPM91_1adb9350d319653ab9,RELM91_60d2577627fa95533c,MATM91_8230b75a4d804fd337,改铝铅一2（GLQ-2）,理化性质,外观,"呈暗灰色、深灰色或银黑色的细小粉末/颗粒,表面通常带有铝粉的金属光泽。",,,,,,,,text_only,false,no_reliable_numeric_measurement,,,,,,153,EVM91_0c483eb5ed4585f1ac,accepted
PROPM91_77425f3dfc8d82491d,RELM91_ef32928e21ce97722f,MATM91_8230b75a4d804fd337,改铝铅一2（GLQ-2）,理化性质,溶解性,"常用氧化剂具有水溶性,遇水药剂即发生崩解失效;铝粉及铅盐不溶于水。",,,,,,,,text_only,false,no_reliable_numeric_measurement,,,,,,153,EVM91_7d874110f796b8e8f0,accepted
PROPM91_3ee527aee9e3e81f5b,RELM91_528984ab45d934d250,MATM91_8230b75a4d804fd337,改铝铅一2（GLQ-2）,理化性质,挥发性,无。常温下不挥发。,,,,,,,无,text_only,false,no_reliable_numeric_measurement,,,,,,153,EVM91_27ff919498f942e05d,accepted
PROPM91_4d2cf90d235d055628,RELM91_00757fc63b9255c32f,MATM91_8230b75a4d804fd337,改铝铅一2（GLQ-2）,安全特性,摩擦感度(需对应不同测试条件),"极度灵敏(核心安全警示)。铝粉和铅盐颗粒导致机械界面摩擦极易生热,加工时极易摩擦发火。",,,,,,,,qualitative_only,false,no_reliable_numeric_measurement,,,,,,153,EVM91_62f3c4e5e1b32a5dfd,accepted
PROPM91_83503e6db761c46d3e,RELM91_8b4d874373c263c6b4,MATM91_8230b75a4d804fd337,改铝铅一2（GLQ-2）,安全特性,撞击感度(需对应不同测试条件),"灵敏。抗物理撞击性能较差,压药装配工艺必须执行防爆隔离操作。",,,,,,,,qualitative_only,false,no_reliable_numeric_measurement,,,,,,153,EVM91_9ba0728d1668ed152c,accepted
PROPM91_488cd6d3c5f9fee615,RELM91_7cd90d0c450472d7ec,MATM91_8230b75a4d804fd337,改铝铅一2（GLQ-2）,安全特性,冲击感度,敏感。受强冲击波易发生殉爆。,,,,,,,敏感|强,qualitative_only,false,no_reliable_numeric_measurement,,,,,,153,EVM91_f53b6d6821bc400007,accepted
PROPM91_29926d0e0343b47f84,RELM91_ecd63c26b7e9f27c29,MATM91_8230b75a4d804fd337,改铝铅一2（GLQ-2）,安全特性,火焰感度,"极度灵敏(点火工作特性)。依靠高活性铝粉,对极微弱的明火或热流即可瞬间响应并引发全燃。",,,,,,,高,qualitative_only,false,no_reliable_numeric_measurement,,,,,,153,EVM91_3660cc8c249fec2129,accepted
PROPM91_329673f2b3d25f4481,RELM91_5aadf3d002f7bbb5de,MATM91_8230b75a4d804fd337,改铝铅一2（GLQ-2）,安全特性,静电感度(需对应不同测试条件),"极端灵敏(最致命弱点)。细金属铝粉极易产生并积累静电,是引发意外发火事故的头号元凶,全流程必须顶格防静电。",,,,,,,,qualitative_only,false,no_reliable_numeric_measurement,,,,,,153,EVM91_0a653c6516bb0b84c7,accepted
PROPM91_9982e68cabf51e5b25,RELM91_5a376a54f15bb59e25,MATM91_8230b75a4d804fd337,改铝铅一2（GLQ-2）,安全特性,热感度(5s爆发点),通常在 280°C - 350°C 之间(受基础氧化剂及铝热反应起步温度主导)。,,,,,,,,multiple_measurements,false,multiple_primary_measurements,,热感度(5s爆发点),,,5,153,EVM91_62def7de7c8cfcaa44,accepted
PROPM91_1c2917c7ada806fb97,RELM91_bf69bf3e383b44bfce,MATM91_8230b75a4d804fd337,改铝铅一2（GLQ-2）,安全特性,电火花感度,高度灵敏。极微小的放电能量(毫焦至微焦级)即可诱发铝粉爆燃。,,,,,,,高,qualitative_only,false,no_reliable_numeric_measurement,,,,,,153,EVM91_6333f5b6f5c50ca292,accepted
PROPM91_ad1a2e8c6df81d5f20,RELM91_d1adf6c130901b96c3,MATM91_8230b75a4d804fd337,改铝铅一2（GLQ-2）,安全特性,吸湿性,"高。氧化剂易吸潮,且铝粉受潮后极易发生表面缓慢氧化发热甚至自燃,环境防潮要求极高。",,,,,,,极高|高,text_only,false,no_reliable_numeric_measurement,,,,,,153,EVM91_73c46d4b94fa668c34,accepted
PROPM91_1925c56ab381e393c0,RELM91_8166f5d645f89fcc67,MATM91_8230b75a4d804fd337,改铝铅一2（GLQ-2）,安全特性,熔点,"不适用(受热不熔化,直接极速燃烧)。",,,,,,,,qualitative_only,false,no_reliable_numeric_measurement,,,,,,153,EVM91_5e04ae9737122aeec3,accepted
PROPM91_d83860ba09cb9e781d,RELM91_4af7667f0432ab97d5,MATM91_8230b75a4d804fd337,改铝铅一2（GLQ-2）,安全特性,分解温度,约 280°C 开始发生剧烈分解并极速爆燃。,280,,,℃,explicit_or_field_specific,~,,validated_single,true,,onset_temperature,分解温度,~,,,153,EVM91_fe9c370d345c603613,accepted
PROPM91_008c68c4b71b86427f,RELM91_4cb9a27d6ba2aa47c2,MATM91_8230b75a4d804fd337,改铝铅一2（GLQ-2）,能量特性,爆速,"较低。非理想爆轰状态,表现为极其猛烈的瞬时爆燃(数百 m/s量级)。",,,,m/s,explicit_text,,较低|低,qualitative_only,false,no_reliable_numeric_measurement,,,,,,153,EVM91_1f24afaebc79f07368,accepted
PROPM91_932598c68bd5457d42,RELM91_6657fe115118a0ffd9,MATM91_8230b75a4d804fd337,改铝铅一2（GLQ-2）,能量特性,爆温,"极高。铝热反应放出巨量热,生成的高温液态氧化铝及液态铅温度突破 3000K,点火烧蚀能力极强。",,,,℃,field_dictionary,,强|极高|高,qualitative_only,false,no_reliable_numeric_measurement,,,,,,153,EVM91_620b18f6fbe93ecd3d,accepted
PROPM91_4530105b44201ecd70,RELM91_54ee074007b0e6ee48,MATM91_8230b75a4d804fd337,改铝铅一2（GLQ-2）,能量特性,爆压,低。不以产生高静压为工作目的。,,,,,,,低|高,qualitative_only,false,no_reliable_numeric_measurement,,,,,,153,EVM91_faeae55d47308866ca,accepted
PROPM91_5042f1e1052f83bbbe,RELM91_65f933716c1720e5c2,MATM91_8230b75a4d804fd337,改铝铅一2（GLQ-2）,能量特性,爆容,中等偏低(大量无机金属及重金属盐燃烧不产生气态产物)。,,,,,,,中等|低|无,qualitative_only,false,no_reliable_numeric_measurement,,,,,,153,EVM91_0d7cda4cb991ca731a,accepted
PROPM91_f7dc926a641ce95238,RELM91_62a3e06a822ced187e,MATM91_8230b75a4d804fd337,改铝铅一2（GLQ-2）,能量特性,威力,低(不考核做功破坏威力)。,,,,,,,低,text_only,false,no_reliable_numeric_measurement,,,,,,153,EVM91_a3686655342c738f07,accepted
PROPM91_accc7c589b31bae349,RELM91_cd32ae832bcbcf7825,MATM91_8230b75a4d804fd337,改铝铅一2（GLQ-2）,能量特性,猛度,低。,,,,,,,低,text_only,false,no_reliable_numeric_measurement,,,,,,153,EVM91_9f8a539994e3d300cc,accepted
PROPM91_f05b886de38af8cd46,RELM91_86ef23aa689885d038,MATM91_8230b75a4d804fd337,改铝铅一2（GLQ-2）,能量特性,起爆力,不适用。,,,,,,,,text_only,false,no_reliable_numeric_measurement,,,,,,153,EVM91_2526b040c03e83909d,accepted
PROPM91_1227242cdfc5ba3a1b,RELM91_d5da6afec454d4068c,MATM91_8230b75a4d804fd337,改铝铅一2（GLQ-2）,能量特性,燃烧速度(发射药、推进剂),"极快。在受限空间内瞬间爆发猛烈燃烧,喷射大量炽热金属/重金属渣。",,,,,,,,qualitative_only,false,no_reliable_numeric_measurement,,,,,,153,EVM91_5273c35620c1cb601d,accepted
PROPM91_14687aac0a629939d3,RELM91_0db7a835d14dfe6bbc,MATM91_8230b75a4d804fd337,改铝铅一2（GLQ-2）,能量特性,火药力(发射药),较低。不作火炮发射药使用。,,,,,,,较低|低,qualitative_only,false,no_reliable_numeric_measurement,,,,,,153,EVM91_366909ecdbdc165169,accepted
PROPM91_21ba2b730382d650c2,RELM91_42261447541b35da9c,MATM91_b95b155c43c491b37d,改铝铅一3（GLQ-3）,理化性质,分子量(单质),不适用(混合物),,,,,,,,qualitative_only,false,no_reliable_numeric_measurement,,,,,,154,EVM91_f3d01a6efa5d22ff18,accepted
PROPM91_e1ce4203e54a0a9499,RELM91_0a28b8bb3ee0a7dba3,MATM91_b95b155c43c491b37d,改铝铅一3（GLQ-3）,理化性质,密度,"1.70 - 1.95 g/cm3(高密度铅盐与低密度铝粉的中和,整体表观密度依然较大)。",,1.70,1.95,g/cm³,explicit_or_field_specific,,低|高,validated_range,true,,primary_value,密度,,,,154,EVM91_ff02c74ac6faa108ce,accepted
PROPM91_e5fe957f1c35a1646a,RELM91_f95df14f6590487659,MATM91_b95b155c43c491b37d,改铝铅一3（GLQ-3）,理化性质,外观,呈暗灰色、深灰色或银黑色的细小粉末/颗粒(通常带有明显的铝粉金属光泽)。,,,,,,,,text_only,false,no_reliable_numeric_measurement,,,,,,154,EVM91_e925455e008f092320,accepted
PROPM91_a06c63bdd5fbc6b3f8,RELM91_bb1b53190c700fa9e2,MATM91_b95b155c43c491b37d,改铝铅一3（GLQ-3）,理化性质,溶解性,常用氧化剂多具有水溶性(遇水即崩解失效);铝粉、铅盐均不溶于水。,,,,,,,,text_only,false,no_reliable_numeric_measurement,,,,,,154,EVM91_852c0fff05265746d8,accepted
PROPM91_7d10a6606c4684e826,RELM91_7d26d3c1a20a658731,MATM91_b95b155c43c491b37d,改铝铅一3（GLQ-3）,理化性质,挥发性,无。常温下不挥发。,,,,,,,无,text_only,false,no_reliable_numeric_measurement,,,,,,154,EVM91_4a1771683be3840fb7,accepted
PROPM91_ca71c59405d774ba06,RELM91_97d22639569b3687b5,MATM91_b95b155c43c491b37d,改铝铅一3（GLQ-3）,安全特性,摩擦感度(需对应不同测试条件),"极度灵敏(严重警示)。铝粉和铅盐的硬质颗粒界面使机械摩擦生热率极高,加工极易摩擦发火。",,,,,,,极高|高,qualitative_only,false,no_reliable_numeric_measurement,,,,,,154,EVM91_b02ead94c2f0d3fa5b,accepted
PROPM91_a581fb48ac47f1d181,RELM91_1aa2d77a45b4ff56db,MATM91_b95b155c43c491b37d,改铝铅一3（GLQ-3）,安全特性,撞击感度(需对应不同测试条件),"灵敏。抗物理撞击性能较差,压药和装配必须极其谨慎。",,,,,,,,qualitative_only,false,no_reliable_numeric_measurement,,,,,,154,EVM91_b63ba6074c37947dcc,accepted
PROPM91_1132944947c0cee6d8,RELM91_40c0e5cd6fbfecefd9,MATM91_b95b155c43c491b37d,改铝铅一3（GLQ-3）,安全特性,冲击感度,敏感。受强冲击波易发生殉爆。,,,,,,,敏感|强,qualitative_only,false,no_reliable_numeric_measurement,,,,,,154,EVM91_5535e3d55f76090916,accepted
PROPM91_7a16586c5becd85ec6,RELM91_cee85db7c46fbf54bf,MATM91_b95b155c43c491b37d,改铝铅一3（GLQ-3）,安全特性,火焰感度,"极度灵敏(核心工作特性)。由于高活性铝粉的存在,对极微弱的明火或热流即可瞬间引发全燃。",,,,,,,高,qualitative_only,false,no_reliable_numeric_measurement,,,,,,154,EVM91_f2663f5848a379e429,accepted
PROPM91_75b36447f368fdb0d1,RELM91_8daaae1f9991aa0082,MATM91_b95b155c43c491b37d,改铝铅一3（GLQ-3）,安全特性,静电感度(需对应不同测试条件),"极端灵敏(致命弱点)。金属铝粉极易产生并积累静电,是引发意外发火的头号元凶,全流程必须顶格防静电。",,,,,,,,qualitative_only,false,no_reliable_numeric_measurement,,,,,,154,EVM91_79f674adfa877b9a83,accepted
PROPM91_300b74902ea06d7f97,RELM91_ee44d4cced443c1208,MATM91_b95b155c43c491b37d,改铝铅一3（GLQ-3）,安全特性,热感度(5s爆发点),通常在 280°C - 350°C 之间(受基础氧化剂体系主导)。,,,,,,,,multiple_measurements,false,multiple_primary_measurements,,热感度(5s爆发点),,,5,154,EVM91_1922ad220b8655b838,accepted
PROPM91_2b78d46051f9cbfd9c,RELM91_32cf6cb3093ca299e5,MATM91_b95b155c43c491b37d,改铝铅一3（GLQ-3）,安全特性,电火花感度,高度灵敏。极微小的放电能量(毫焦至微焦级)即可诱发铝粉爆燃。,,,,,,,高,qualitative_only,false,no_reliable_numeric_measurement,,,,,,154,EVM91_461e6e73dee0090e9b,accepted
PROPM91_42e21400c0702d9600,RELM91_cb69b213592495fb83,MATM91_b95b155c43c491b37d,改铝铅一3（GLQ-3）,安全特性,吸湿性,"高。不仅氧化剂易吸潮,铝粉吸湿后极易发生表面缓慢氧化甚至自燃,防潮要求极高。",,,,,,,极高|高|吸湿,text_only,false,no_reliable_numeric_measurement,,,,,,154,EVM91_a62b0ec1d67b6140a2,accepted
PROPM91_e59466a11712756320,RELM91_a816908497b57ae8ef,MATM91_b95b155c43c491b37d,改铝铅一3（GLQ-3）,安全特性,熔点,"不适用(混合物受热不熔化,直接极速燃烧)。",,,,,,,,qualitative_only,false,no_reliable_numeric_measurement,,,,,,154,EVM91_5207de9a51575d3f1e,accepted
PROPM91_d0740c5a14c16a89b8,RELM91_3d31ac88453b8211b2,MATM91_b95b155c43c491b37d,改铝铅一3（GLQ-3）,安全特性,分解温度,约 280°C 开始发生剧烈分解并极速爆燃。,280,,,℃,explicit_or_field_specific,~,,validated_single,true,,onset_temperature,分解温度,~,,,154,EVM91_cea1ebca04c389ed17,accepted
PROPM91_dcf6e99d562072ffd7,RELM91_6ceb23583108c073e6,MATM91_b95b155c43c491b37d,改铝铅一3（GLQ-3）,能量特性,爆速,"较低。非理想爆轰状态,表现为极其猛烈的爆燃(数百 m/s量级)。",,,,m/s,explicit_text,,较低|低,qualitative_only,false,no_reliable_numeric_measurement,,,,,,154,EVM91_f4e1ea4aad9fdedffd,accepted
PROPM91_1b042da9ab2f4d46b0,RELM91_28f7c68ddafd333920,MATM91_b95b155c43c491b37d,改铝铅一3（GLQ-3）,能量特性,爆温,"极高。铝热反应放出巨量热,火焰及热粒子温度可轻易突破 3000K,点火做功能力极强。",,,,℃,field_dictionary,,强|极高|高,qualitative_only,false,no_reliable_numeric_measurement,,,,,,154,EVM91_5223bb1730669f321e,accepted
PROPM91_e70b64010fac3190fe,RELM91_d8d08c59a5987e01eb,MATM91_b95b155c43c491b37d,改铝铅一3（GLQ-3）,能量特性,爆压,低。不以产生高静压为工作目的。,,,,,,,低|高,qualitative_only,false,no_reliable_numeric_measurement,,,,,,154,EVM91_c0f893d58e8108d5fb,accepted
PROPM91_8bc100db0595fcca31,RELM91_4dd14be4685b382ac1,MATM91_b95b155c43c491b37d,改铝铅一3（GLQ-3）,能量特性,爆容,中等偏低(大量无机金属及重金属盐不产生气态产物)。,,,,,,,中等|低|无,qualitative_only,false,no_reliable_numeric_measurement,,,,,,154,EVM91_5d1bbd7694aad96681,accepted
PROPM91_6d4ffb69344f92007f,RELM91_7fe69b9018a224cc40,MATM91_b95b155c43c491b37d,改铝铅一3（GLQ-3）,能量特性,威力,低(不考核做功破坏威力)。,,,,,,,低,text_only,false,no_reliable_numeric_measurement,,,,,,154,EVM91_f19f4fe5c4cc45e8cb,accepted
PROPM91_68d59a0a02affa749b,RELM91_2129a250480b6fcb1a,MATM91_b95b155c43c491b37d,改铝铅一3（GLQ-3）,能量特性,猛度,低。,,,,,,,低,text_only,false,no_reliable_numeric_measurement,,,,,,154,EVM91_f43b65451d54d17d83,accepted
PROPM91_2283eae61eced77e41,RELM91_7350c0bf0ab6e7d49e,MATM91_b95b155c43c491b37d,改铝铅一3（GLQ-3）,能量特性,起爆力,不适用。,,,,,,,,text_only,false,no_reliable_numeric_measurement,,,,,,154,EVM91_13a4c5b65744c951b8,accepted
PROPM91_06c4dbb3a5f053f77d,RELM91_0fc06b8316c276ede1,MATM91_b95b155c43c491b37d,改铝铅一3（GLQ-3）,能量特性,燃烧速度(发射药、推进剂),"极快。在受限空间内瞬间爆发燃烧,伴随大量高温炽热铝渣与铅渣剧烈喷射。",,,,,,,高,qualitative_only,false,no_reliable_numeric_measurement,,,,,,154,EVM91_e7d1e01c9756fdd833,accepted
PROPM91_d5f19fd6373856ea10,RELM91_0d8004f828fd3fc183,MATM91_b95b155c43c491b37d,改铝铅一3（GLQ-3）,能量特性,火药力(发射药),较低。不作火炮发射药使用。,,,,,,,较低|低,qualitative_only,false,no_reliable_numeric_measurement,,,,,,154,EVM91_410438cdaad1ad1e41,accepted
PROPM91_2e2139093aa6deb424,RELM91_9e71d2602d3297e3b7,MATM91_9a9484444ef71321ab,改黑碳~l,理化性质,分子量(单质),不适用(混合物),,,,,,,,qualitative_only,false,no_reliable_numeric_measurement,,,,,,155,EVM91_ab11b494a0086c28a4,accepted
PROPM91_4c04e4897a20d67d4b,RELM91_ae239af1e092d7531d,MATM91_9a9484444ef71321ab,改黑碳~l,理化性质,密度,"1.55 - 1.70 g/cm3(由于钛是轻金属,其整体表观密度显著低于含铅、含铜的同类点火药)。",,1.55,1.70,g/cm³,explicit_or_field_specific,,低,validated_range,true,,primary_value,密度,,,,155,EVM91_a4b391f99176da492c,accepted
PROPM91_48451e8be84b9788f6,RELM91_154dbd003835ab0d20,MATM91_9a9484444ef71321ab,改黑碳~l,理化性质,外观,呈黑色或带有微弱金属光泽的深灰色粉末/细颗粒。,,,,,,,,text_only,false,no_reliable_numeric_measurement,,,,,,155,EVM91_3c29007b8628e6b9ad,accepted
PROPM91_dfc71124aae89dac65,RELM91_239c2840e081513da3,MATM91_9a9484444ef71321ab,改黑碳~l,理化性质,溶解性,"硝酸钾易溶于水,遇水药剂即发生崩解失效;钛粉、硫、碳不溶于水。",,,,,,,,text_only,false,no_reliable_numeric_measurement,,,,,,155,EVM91_252168a56f79b31d07,accepted
PROPM91_de49cb1b4044400c4e,RELM91_eabcb954dd2a38ed40,MATM91_9a9484444ef71321ab,改黑碳~l,理化性质,挥发性,无。常温下不挥发。,,,,,,,无,text_only,false,no_reliable_numeric_measurement,,,,,,155,EVM91_6afc91cc7eda203173,accepted
PROPM91_e980820d5c46196b39,RELM91_e830ab8017b34d9a33,MATM91_9a9484444ef71321ab,改黑碳~l,安全特性,摩擦感度(需对应不同测试条件),"极度灵敏(严重警示)。高硬度的金属钛粉极大增加了机械界面的摩擦生热率,加工极易摩擦发火。",,,,,,,高,qualitative_only,false,no_reliable_numeric_measurement,,,,,,155,EVM91_5bdd8d3c0b811358b9,accepted
PROPM91_f91264e3fb5ecd7d46,RELM91_dabddaec8981c1949c,MATM91_9a9484444ef71321ab,改黑碳~l,安全特性,撞击感度(需对应不同测试条件),"灵敏。抗物理撞击性能较差,压药装配必须执行防爆隔离操作。",,,,,,,,qualitative_only,false,no_reliable_numeric_measurement,,,,,,155,EVM91_ba43bf653f60e78f0c,accepted
PROPM91_1a2d31886742cb9819,RELM91_8555fc14ced30fe349,MATM91_9a9484444ef71321ab,改黑碳~l,安全特性,冲击感度,敏感。受强冲击波易发生殉爆。,,,,,,,敏感|强,qualitative_only,false,no_reliable_numeric_measurement,,,,,,155,EVM91_5a17cfea29c7771e1f,accepted
PROPM91_790062faad9dbc0847,RELM91_f6164a56d2e90eeb5e,MATM91_9a9484444ef71321ab,改黑碳~l,安全特性,火焰感度,极度灵敏(核心工作特性)。对极微弱的明火或热流即可瞬间响应并引燃。,,,,,,,,qualitative_only,false,no_reliable_numeric_measurement,,,,,,155,EVM91_1fbdd0fb69ff92d3ab,accepted
PROPM91_6a6ab334a1d85bbee9,RELM91_658ffb902db3dcae6a,MATM91_9a9484444ef71321ab,改黑碳~l,安全特性,静电感度(需对应不同测试条件),"极端灵敏(致命弱点)。钛粉极易产生并积累静电,是引发意外发火事故的头号元凶,全流程必须执行顶格防静电接地。",,,,,,,,qualitative_only,false,no_reliable_numeric_measurement,,,,,,155,EVM91_461441c2dadbc30403,accepted
PROPM91_1e0473123b317b53f0,RELM91_2d8bcd7a1db02a7d9a,MATM91_9a9484444ef71321ab,改黑碳~l,安全特性,热感度(5s爆发点),280°C - 300°C(主要受基础硝酸钾-硫磺体系分解点主导)。,,,,,,,,multiple_measurements,false,multiple_primary_measurements,,热感度(5s爆发点),,,5,155,EVM91_41ad14abe94c6952f8,accepted
PROPM91_515fb7d7ca47906d69,RELM91_dc27c3622e4d9b6d4b,MATM91_9a9484444ef71321ab,改黑碳~l,安全特性,电火花感度,高度灵敏。极微小的放电能量(微焦至毫焦级)即可诱发爆燃。,,,,,,,高,qualitative_only,false,no_reliable_numeric_measurement,,,,,,155,EVM91_28274b36a36b434976,accepted
PROPM91_14fd2f26710a16b15a,RELM91_e3b69cc3809f93aa06,MATM91_9a9484444ef71321ab,改黑碳~l,安全特性,吸湿性,"高。受硝酸钾物理特性影响,极易吸湿受潮,吸潮后点火可靠性断崖式下降。",,,,,,,高|易吸湿|吸湿,text_only,false,no_reliable_numeric_measurement,,,,,,155,EVM91_2621550a1525d1dbbb,accepted
PROPM91_f80a6fafd1a3eb19f5,RELM91_ac8214d0cd48220795,MATM91_9a9484444ef71321ab,改黑碳~l,安全特性,熔点,"不适用(混合物受热不熔融,直接燃烧)。",,,,,,,,qualitative_only,false,no_reliable_numeric_measurement,,,,,,155,EVM91_0cd701189a16c6c66e,accepted
PROPM91_a983aad921522473e3,RELM91_746647aff71d0d8157,MATM91_9a9484444ef71321ab,改黑碳~l,安全特性,分解温度,约 280°C 开始发生剧烈分解并极速爆燃。,280,,,℃,explicit_or_field_specific,~,,validated_single,true,,onset_temperature,分解温度,~,,,155,EVM91_e2020da4fc9f7b45ea,accepted
PROPM91_4df8a7cc3f329a5873,RELM91_5c96fc1cb0ef56f8f7,MATM91_9a9484444ef71321ab,改黑碳~l,能量特性,爆速,"较低。非理想爆轰状态,表现为极其猛烈的极速爆燃(数百m/s)。",,,,m/s,explicit_text,,较低|低,qualitative_only,false,no_reliable_numeric_measurement,,,,,,155,EVM91_31659e41a5797fe142,accepted
PROPM91_2b1de35b81600d0032,RELM91_df456db933e65321fc,MATM91_9a9484444ef71321ab,改黑碳~l,能量特性,爆温,"极高。钛金属燃烧产生极其耀眼的高温热粒子(TiO2液滴等),局部温度可达 3000K - 3300K。",,,,,,,极高|高,qualitative_only,false,no_reliable_numeric_measurement,,,,,,155,EVM91_a270a9f2e2c80edb13,accepted
PROPM91_9f559611d0c16a98b3,RELM91_d05f883216062ff092,MATM91_9a9484444ef71321ab,改黑碳~l,能量特性,爆压,低。不以产生高静压为工作目的。,,,,,,,低|高,qualitative_only,false,no_reliable_numeric_measurement,,,,,,155,EVM91_9f910adca72a36e389,accepted
PROPM91_7b2e85b72c7e9a400c,RELM91_56f857f477a2744d8e,MATM91_9a9484444ef71321ab,改黑碳~l,能量特性,爆容,中等偏低(无机金属占位且自身燃烧不大量产气)。,,,,,,,中等|低|无,qualitative_only,false,no_reliable_numeric_measurement,,,,,,155,EVM91_34c95848e630a4b9ad,accepted
PROPM91_9112010fb492a823f7,RELM91_9aecca9cb7553bff98,MATM91_9a9484444ef71321ab,改黑碳~l,能量特性,威力,低(不考核做功破坏威力)。,,,,,,,低,text_only,false,no_reliable_numeric_measurement,,,,,,155,EVM91_1801ba8b53e896b233,accepted
PROPM91_921001df9a02a3d96b,RELM91_c62e5d35893caa3a53,MATM91_9a9484444ef71321ab,改黑碳~l,能量特性,猛度,低。,,,,,,,低,text_only,false,no_reliable_numeric_measurement,,,,,,155,EVM91_877ab371f7f6ec789e,accepted
PROPM91_8c17214b441c2119dc,RELM91_b160f18aef168d0115,MATM91_9a9484444ef71321ab,改黑碳~l,能量特性,起爆力,不适用。,,,,,,,,text_only,false,no_reliable_numeric_measurement,,,,,,155,EVM91_7d0adbef9c0f9a3524,accepted
PROPM91_91f4c5f09cd9ac6eed,RELM91_15cbaf30eb654764fc,MATM91_9a9484444ef71321ab,改黑碳~l,能量特性,燃烧速度(发射药、推进剂),"极快。在受限空间内瞬间爆发燃烧,并伴随大量高温炽热金属火花剧烈飞溅。",,,,,,,高,qualitative_only,false,no_reliable_numeric_measurement,,,,,,155,EVM91_fd0562e23929a41c12,accepted
PROPM91_ca6337d8f930b7ae51,RELM91_9c2e336ce4748f363b,MATM91_9a9484444ef71321ab,改黑碳~l,能量特性,火药力(发射药),较低。不作火炮发射药使用。,,,,,,,较低|低,qualitative_only,false,no_reliable_numeric_measurement,,,,,,155,EVM91_a02b89a28a389b4c57,accepted
PROPM91_e06120609ef2e11f43,RELM91_ce9e9ad7bb983f8ad9,MATM91_6984bfe23452e918d2,改黑铜一IA（GATO-1A）,理化性质,分子量(单质),不适用(混合物),,,,,,,,qualitative_only,false,no_reliable_numeric_measurement,,,,,,156,EVM91_996ade59c0ffceca0e,accepted
PROPM91_a1b030698d4f337b3e,RELM91_69a5f7cdbbbb1ad507,MATM91_6984bfe23452e918d2,改黑铜一IA（GATO-1A）,理化性质,密度,"1.75 - 1.90 g/cm3(高于普通黑火药,低于含铅传火药)。",,1.75,1.90,g/cm³,explicit_or_field_specific,,低|高,validated_range,true,,primary_value,密度,,,,156,EVM91_ea8462884c62088a42,accepted
PROPM91_57664e09b5e8a0ab84,RELM91_7a62a8c3c22389ee4f,MATM91_6984bfe23452e918d2,改黑铜一IA（GATO-1A）,理化性质,外观,呈黑色、暗灰色的规则细颗粒固体(流动性优于未包覆基础型)。,,,,,,,,text_only,false,no_reliable_numeric_measurement,,,,,,156,EVM91_cec5a5b988bc4505ff,accepted
PROPM91_2ad984c2a9d22bb079,RELM91_136f257462711655c5,MATM91_6984bfe23452e918d2,改黑铜一IA（GATO-1A）,理化性质,溶解性,"硝酸钾极易溶于水,遇水药剂即发生崩解失效;硫、碳及铜盐不溶。",,,,,,,,text_only,false,no_reliable_numeric_measurement,,,,,,156,EVM91_ad3dae324e1f14ca78,accepted
PROPM91_c24849473b57cdb482,RELM91_c9834d0bfeab267b83,MATM91_6984bfe23452e918d2,改黑铜一IA（GATO-1A）,理化性质,挥发性,无。常温下不挥发。,,,,,,,无,text_only,false,no_reliable_numeric_measurement,,,,,,156,EVM91_d523343eb6736b7d2f,accepted
PROPM91_e5ac52fa69e28abc86,RELM91_269562853041886ba0,MATM91_6984bfe23452e918d2,改黑铜一IA（GATO-1A）,安全特性,摩擦感度(需对应不同测试条件),"灵敏。虽然包覆工艺略微改善了摩擦界面,但对机械摩擦依然非常敏感。",,,,,,,非常敏感|敏感,qualitative_only,false,no_reliable_numeric_measurement,,,,,,156,EVM91_e6495766d367e31d4f,accepted
PROPM91_0ab06a0c26b51e9449,RELM91_e8aaa594a3707fe751,MATM91_6984bfe23452e918d2,改黑铜一IA（GATO-1A）,安全特性,撞击感度(需对应不同测试条件),"灵敏。抗撞击性能较差,压药装配工艺需严防机械冲击发火。",,,,,,,,qualitative_only,false,no_reliable_numeric_measurement,,,,,,156,EVM91_272f3325c91f8da21e,accepted
PROPM91_7f5ef693a31dfba348,RELM91_10f0c7b27852d345f1,MATM91_6984bfe23452e918d2,改黑铜一IA（GATO-1A）,安全特性,冲击感度,较敏感。受强冲击波易发生殉爆。,,,,,,,较敏感|敏感|强,qualitative_only,false,no_reliable_numeric_measurement,,,,,,156,EVM91_324a85c5997ac3d806,accepted
PROPM91_a5b030cef92222d66d,RELM91_c86a81e2821b70d275,MATM91_6984bfe23452e918d2,改黑铜一IA（GATO-1A）,安全特性,火焰感度,"极度灵敏(核心特性)。在高效铜系催化下,对极微弱的明火、热流即可瞬间引发全燃。",,,,,,,高,qualitative_only,false,no_reliable_numeric_measurement,,,,,,156,EVM91_aa3147de8bbf96deac,accepted
PROPM91_81aa6bab1ff6e980e1,RELM91_9281a3ffc8a6041164,MATM91_6984bfe23452e918d2,改黑铜一IA（GATO-1A）,安全特性,静电感度(需对应不同测试条件),"极灵敏。干燥颗粒表面极易积累静电,加工全流程必须严格接地防静电。",,,,,,,,qualitative_only,false,no_reliable_numeric_measurement,,,,,,156,EVM91_f58856d48c99bcf7e4,accepted
PROPM91_90802c970cf799e003,RELM91_f046f9c7914ffc5bad,MATM91_6984bfe23452e918d2,改黑铜一IA（GATO-1A）,安全特性,热感度(5s爆发点),"< 280°C(警示:铜催化剂会显著降低体系的热活化能,热爆发点低于纯黑火药)。",280,,,℃,explicit_or_field_specific,<,低,validated_single,true,,event_temperature,热感度(5s爆发点),<,,5,156,EVM91_f45f11f5431da72c09,accepted
PROPM91_89fc9a89cf177ac4b7,RELM91_6566dfe7d182eed366,MATM91_6984bfe23452e918d2,改黑铜一IA（GATO-1A）,安全特性,电火花感度,高度灵敏。极微小的静电放电能量即可诱发点火爆燃。,,,,,,,高,qualitative_only,false,no_reliable_numeric_measurement,,,,,,156,EVM91_b6367e1b553cddc985,accepted
PROPM91_2776f73a2b8d569c1c,RELM91_8756cb7f603ee26583,MATM91_6984bfe23452e918d2,改黑铜一IA（GATO-1A）,安全特性,吸湿性,"高。包覆工艺略微延缓了吸湿速度,但受硝酸钾影响,本质上极易吸湿受潮而失效。",,,,,,,高|易吸湿|吸湿,text_only,false,no_reliable_numeric_measurement,,,,,,156,EVM91_5e487f3eab30a874cd,accepted
PROPM91_e366d9c0dc978b83b4,RELM91_b55cd52a8cac81d2e9,MATM91_6984bfe23452e918d2,改黑铜一IA（GATO-1A）,安全特性,熔点,"不适用(混合物受热不熔化,直接分解燃烧)。",,,,,,,,qualitative_only,false,no_reliable_numeric_measurement,,,,,,156,EVM91_e69eaea513c2088c48,accepted
PROPM91_20c655a45d3aea5926,RELM91_71d6174fa17640a716,MATM91_6984bfe23452e918d2,改黑铜一IA（GATO-1A）,安全特性,分解温度,通常在 250°C - 280°C 之间即开始剧烈分解并爆燃。,,,,,,,,multiple_measurements,false,multiple_primary_measurements,,分解温度,,,,156,EVM91_881359e1ef9dd0f037,accepted
PROPM91_ac49692d096a86795e,RELM91_f64f425833064af10d,MATM91_6984bfe23452e918d2,改黑铜一IA（GATO-1A）,能量特性,爆速,"较低。非理想爆轰状态,表现为极其猛烈的极速爆燃(数百 m/s量级)。",,,,m/s,explicit_text,,较低|低,qualitative_only,false,no_reliable_numeric_measurement,,,,,,156,EVM91_b267637a32ec58fa17,accepted
PROPM91_56050762affeafdf4d,RELM91_33320876539d360daf,MATM91_6984bfe23452e918d2,改黑铜一IA（GATO-1A）,能量特性,爆温,"高。燃烧产生含铜炽热微粒,局部温度 > 2200K,点火做功能力强。",,,,℃,field_dictionary,,强|高,qualitative_only,false,no_reliable_numeric_measurement,,,,,,156,EVM91_3a94ffc5581fde086d,accepted
PROPM91_fdc28dd4e2298a77c7,RELM91_f49dfcbd8378b25eb1,MATM91_6984bfe23452e918d2,改黑铜一IA（GATO-1A）,能量特性,爆压,低。不以产生高静压为主要工作目的。,,,,,,,低|高,qualitative_only,false,no_reliable_numeric_measurement,,,,,,156,EVM91_26446e2642240691c7,accepted
PROPM91_cfd04ac3e6a4e92ed0,RELM91_05e8c042c88f22e7e1,MATM91_6984bfe23452e918d2,改黑铜一IA（GATO-1A）,能量特性,爆容,中等偏低(无机铜盐占位且自身不产生大量气态产物)。,,,,,,,中等|低|无,qualitative_only,false,no_reliable_numeric_measurement,,,,,,156,EVM91_58e4531ab87ed77ada,accepted
PROPM91_ee41aa43af19dadd6e,RELM91_8fc50986738f479a53,MATM91_6984bfe23452e918d2,改黑铜一IA（GATO-1A）,能量特性,威力,低(不作爆炸破坏做功衡量)。,,,,,,,低,text_only,false,no_reliable_numeric_measurement,,,,,,156,EVM91_484b7b1d6ae1667f7c,accepted
PROPM91_ab50a21364a07ca3cf,RELM91_4c89feac61f81c7d8d,MATM91_6984bfe23452e918d2,改黑铜一IA（GATO-1A）,能量特性,猛度,低。,,,,,,,低,text_only,false,no_reliable_numeric_measurement,,,,,,156,EVM91_b42bb17b1f984ff373,accepted
PROPM91_a52856f8a7d15531e5,RELM91_0cc15096ed4342c9a1,MATM91_6984bfe23452e918d2,改黑铜一IA（GATO-1A）,能量特性,起爆力,不适用。,,,,,,,,text_only,false,no_reliable_numeric_measurement,,,,,,156,EVM91_11c5b0750ad6e211bf,accepted
PROPM91_de8556e4ac0ff60ba9,RELM91_8c34fd32cec24f59ea,MATM91_6984bfe23452e918d2,改黑铜一IA（GATO-1A）,能量特性,燃烧速度(发射药、推进剂),"极快。在受限的点火器空间内,几乎表现为毫秒级的瞬间爆发燃烧。",,,,,,,,qualitative_only,false,no_reliable_numeric_measurement,,,,,,156,EVM91_44f793a430f50a6d32,accepted
PROPM91_a8dd69459a02570f72,RELM91_78060590e3b696ce5e,MATM91_6984bfe23452e918d2,改黑铜一IA（GATO-1A）,能量特性,火药力(发射药),较低。不作火炮发射药使用。,,,,,,,较低|低,qualitative_only,false,no_reliable_numeric_measurement,,,,,,156,EVM91_38d2b1392cebf86faf,accepted
PROPM91_a3011ef0c9b1acc8e0,RELM91_0b92efc01b28b1b785,MATM91_5fafdc83e6728e618c,改黑铜-2（GATO-2）,理化性质,分子量(单质),不适用(混合物),,,,,,,,qualitative_only,false,no_reliable_numeric_measurement,,,,,,157,EVM91_34e8474539101174f0,accepted
PROPM91_3baa09524ede2e7234,RELM91_cc5e186df89732d5d9,MATM91_5fafdc83e6728e618c,改黑铜-2（GATO-2）,理化性质,密度,"1.75 - 1.90 g/cm3(高于普通黑火药,但低于含铅的GHQ系列)。",,1.75,1.90,g/cm³,explicit_or_field_specific,,低|高,validated_range,true,,primary_value,密度,,,,157,EVM91_98c37257b9ffcb3a65,accepted
PROPM91_077db3bc963d904e94,RELM91_60d460a106597b5262,MATM91_5fafdc83e6728e618c,改黑铜-2（GATO-2）,理化性质,外观,呈黑色、暗灰色或带有极微弱绿褐色的颗粒或粉末。,,,,,,,,text_only,false,no_reliable_numeric_measurement,,,,,,157,EVM91_d300f8cde3d7964262,accepted
PROPM91_4d19900123bb010ff0,RELM91_1f854fb57280af76f5,MATM91_5fafdc83e6728e618c,改黑铜-2（GATO-2）,理化性质,溶解性,"硝酸钾极易溶于水,遇水药剂即发生崩解失效;硫、碳及铜盐不溶于水。",,,,,,,,text_only,false,no_reliable_numeric_measurement,,,,,,157,EVM91_a18b5232c36f27163d,accepted
PROPM91_4b64606dd343e7ecf8,RELM91_6faebbce7d38c4bbba,MATM91_5fafdc83e6728e618c,改黑铜-2（GATO-2）,理化性质,挥发性,无。常温下不挥发。,,,,,,,无,text_only,false,no_reliable_numeric_measurement,,,,,,157,EVM91_f0169b89f1c251e649,accepted
PROPM91_6ad11c2d1c050cd1f4,RELM91_403068a4c343a94562,MATM91_5fafdc83e6728e618c,改黑铜-2（GATO-2）,安全特性,摩擦感度(需对应不同测试条件),"灵敏。对机械摩擦非常敏感,加工装配时极易摩擦发火。",,,,,,,非常敏感|敏感,qualitative_only,false,no_reliable_numeric_measurement,,,,,,157,EVM91_242ac494e8512c45e1,accepted
PROPM91_be66551b72bbb08523,RELM91_537fb9debde61b6094,MATM91_5fafdc83e6728e618c,改黑铜-2（GATO-2）,安全特性,撞击感度(需对应不同测试条件),"灵敏。抗撞击性能较差,压药装配工艺需严防机械冲击。",,,,,,,,qualitative_only,false,no_reliable_numeric_measurement,,,,,,157,EVM91_a729188a68dc6c8feb,accepted
PROPM91_0e2dd9139f05992a6c,RELM91_77d251e78e66f51f77,MATM91_5fafdc83e6728e618c,改黑铜-2（GATO-2）,安全特性,冲击感度,较敏感。受强冲击波易发生殉爆。,,,,,,,较敏感|敏感|强,qualitative_only,false,no_reliable_numeric_measurement,,,,,,157,EVM91_67100e16ea82d83d5c,accepted
PROPM91_fef9cf19c4019976c4,RELM91_438b3fa61648aeec70,MATM91_5fafdc83e6728e618c,改黑铜-2（GATO-2）,安全特性,火焰感度,"极度灵敏(核心特性)。在高效铜系催化下,对极微弱的明火、热流即可瞬间引发全燃。",,,,,,,高,qualitative_only,false,no_reliable_numeric_measurement,,,,,,157,EVM91_94bab2cc39665f7576,accepted
PROPM91_f3b6e79a7723bb5bc9,RELM91_e4d4892b87c4259d1e,MATM91_5fafdc83e6728e618c,改黑铜-2（GATO-2）,安全特性,静电感度(需对应不同测试条件),"极灵敏。药粉干燥表面极易积累静电,是引发意外事故的最主要隐患,加工必须严格接地。",,,,,,,,qualitative_only,false,no_reliable_numeric_measurement,,,,,,157,EVM91_7093259429ac25c9d8,accepted
PROPM91_bb7d2869bbe92c0858,RELM91_f384e7e64f737df205,MATM91_5fafdc83e6728e618c,改黑铜-2（GATO-2）,安全特性,热感度(5s爆发点),"< 280°C(警示:铜催化剂会显著降低体系的热活化能,其热爆发点可能低于纯黑火药)。",280,,,℃,explicit_or_field_specific,<,低,validated_single,true,,event_temperature,热感度(5s爆发点),<,,5,157,EVM91_3a97477d87435078ff,accepted
PROPM91_d3d502670f41047067,RELM91_936b5441daf5a3a413,MATM91_5fafdc83e6728e618c,改黑铜-2（GATO-2）,安全特性,电火花感度,高度灵敏。极微小的静电放电能量即可诱发点火爆燃。,,,,,,,高,qualitative_only,false,no_reliable_numeric_measurement,,,,,,157,EVM91_3ffe5062457bac8bc9,accepted
PROPM91_e8750238e06a050a96,RELM91_8ef929a6c0d5c997cf,MATM91_5fafdc83e6728e618c,改黑铜-2（GATO-2）,安全特性,吸湿性,"高。受基础组分硝酸钾的物理性质影响,极易吸湿受潮,吸潮后点火能力断崖式下降。",,,,,,,高|易吸湿|吸湿,text_only,false,no_reliable_numeric_measurement,,,,,,157,EVM91_32c68ba6ac53ac9514,accepted
PROPM91_d7bde196a4aba04be7,RELM91_970b22f2b51c8f75b1,MATM91_5fafdc83e6728e618c,改黑铜-2（GATO-2）,安全特性,熔点,"不适用(混合物受热不熔化,直接分解燃烧)。",,,,,,,,qualitative_only,false,no_reliable_numeric_measurement,,,,,,157,EVM91_968d971d729dbdc036,accepted
PROPM91_14c29dac193bf4c1a6,RELM91_1a235508a3b20531df,MATM91_5fafdc83e6728e618c,改黑铜-2（GATO-2）,安全特性,分解温度,通常在 250°C - 280°C 之间即开始剧烈分解并爆燃。,,,,,,,,multiple_measurements,false,multiple_primary_measurements,,分解温度,,,,157,EVM91_7bd5ec145c70a23e09,accepted
PROPM91_25d40e4937de1f737a,RELM91_719c8937ebadd93251,MATM91_5fafdc83e6728e618c,改黑铜-2（GATO-2）,能量特性,爆速,"较低。非理想爆轰状态,表现为极其猛烈的极速爆燃(数百 m/s量级)。",,,,m/s,explicit_text,,较低|低,qualitative_only,false,no_reliable_numeric_measurement,,,,,,157,EVM91_d602ea33b06ffb4b99,accepted
PROPM91_5a6dba99caf245ac27,RELM91_141e962c53e67c5d9b,MATM91_5fafdc83e6728e618c,改黑铜-2（GATO-2）,能量特性,爆温,"高。燃烧产生含铜炽热微粒,温度通常 > 2200K,点火做功能力强。",,,,℃,field_dictionary,,强|高,qualitative_only,false,no_reliable_numeric_measurement,,,,,,157,EVM91_c2c9c54e93247f151e,accepted
PROPM91_f7f1f310a123e6783e,RELM91_69419400ccd85a6c3a,MATM91_5fafdc83e6728e618c,改黑铜-2（GATO-2）,能量特性,爆压,低。不以产生高静压为主要工作目的。,,,,,,,低|高,qualitative_only,false,no_reliable_numeric_measurement,,,,,,157,EVM91_eab928c387d22dd2f3,accepted
PROPM91_c4756da5a5c143e550,RELM91_f55d4a226aed940dbe,MATM91_5fafdc83e6728e618c,改黑铜-2（GATO-2）,能量特性,爆容,中等偏低(重金属铜盐占位且自身不产生大量气态产物)。,,,,,,,中等|低,qualitative_only,false,no_reliable_numeric_measurement,,,,,,157,EVM91_815ebf31ea77ffd734,accepted
PROPM91_27e1627a9387638da4,RELM91_63088a7822fbe27720,MATM91_5fafdc83e6728e618c,改黑铜-2（GATO-2）,能量特性,威力,低(不作爆炸破坏做功衡量)。,,,,,,,低,text_only,false,no_reliable_numeric_measurement,,,,,,157,EVM91_88579e3a6973ffb8ab,accepted
PROPM91_95928042a993965837,RELM91_41a5b675356bf26bb9,MATM91_5fafdc83e6728e618c,改黑铜-2（GATO-2）,能量特性,猛度,低。,,,,,,,低,text_only,false,no_reliable_numeric_measurement,,,,,,157,EVM91_a4b0b062194f5b96b3,accepted
PROPM91_6b2b35dbf4bcd37a2a,RELM91_4846b02c5a72a0b9a0,MATM91_5fafdc83e6728e618c,改黑铜-2（GATO-2）,能量特性,起爆力,不适用。,,,,,,,,text_only,false,no_reliable_numeric_measurement,,,,,,157,EVM91_93e84c287f170c2d03,accepted
PROPM91_04fd97eba26b3284ba,RELM91_87ffdabf5803a9428f,MATM91_5fafdc83e6728e618c,改黑铜-2（GATO-2）,能量特性,燃烧速度(发射药、推进剂),"极快。在受限的点火器空间内,几乎表现为毫秒级的瞬间爆发燃烧。",,,,,,,,qualitative_only,false,no_reliable_numeric_measurement,,,,,,157,EVM91_69ff7895437115ac94,accepted
PROPM91_b99045eef58886f4ed,RELM91_bdee7518cecc276fdf,MATM91_5fafdc83e6728e618c,改黑铜-2（GATO-2）,能量特性,火药力(发射药),较低。不作火炮发射药使用。,,,,,,,较低|低,qualitative_only,false,no_reliable_numeric_measurement,,,,,,157,EVM91_3ca420ce54dd0bcf80,accepted
PROPM91_59dae9fb3111a4b9ba,RELM91_16b66657d702c6eb77,MATM91_a58b814b1b617dce48,改黑铅铜一1,理化性质,分子量(单质),不适用(多组分混合物),,,,,,,,qualitative_only,false,no_reliable_numeric_measurement,,,,,,158,EVM91_86b2214a1bca34abfd,accepted
PROPM91_775b82bf7d742f2399,RELM91_9dcf1468374b0f2a5f,MATM91_a58b814b1b617dce48,改黑铅铜一1,理化性质,密度,"1.85 - 2.10 g/cm3(同时含有铅、铜两种高密度重金属盐,表观密度极大)。",,1.85,2.10,g/cm³,explicit_or_field_specific,,高,validated_range,true,,primary_value,密度,,,,158,EVM91_6060d72e11da497917,accepted
PROPM91_86b2ffcfe2ccb606a2,RELM91_4d0be1a531b689a5bf,MATM91_a58b814b1b617dce48,改黑铅铜一1,理化性质,外观,呈黑色、深灰色或略带棕/绿褐色的粉末或细颗粒(颜色受特定铜盐/铅盐影响)。,,,,,,,,text_only,false,no_reliable_numeric_measurement,,,,,,158,EVM91_c81ef1399840d682a4,accepted
PROPM91_6aad4fe527fbe4d6d9,RELM91_731e31ecae518dd429,MATM91_a58b814b1b617dce48,改黑铅铜一1,理化性质,溶解性,"硝酸钾极易溶于水,遇水即崩解失效;硫、碳、大多数铅盐和铜盐不溶于水。",,,,,,,,text_only,false,no_reliable_numeric_measurement,,,,,,158,EVM91_1330b73a14cce71693,accepted
PROPM91_40589d1a2dc78fd951,RELM91_f89cc630fd1bdeeb6a,MATM91_a58b814b1b617dce48,改黑铅铜一1,理化性质,挥发性,无。常温下不挥发。,,,,,,,无,text_only,false,no_reliable_numeric_measurement,,,,,,158,EVM91_9ee8d5e486b4efc979,accepted
PROPM91_cc23406b486eb8e26d,RELM91_f1209159863acdfbb9,MATM91_a58b814b1b617dce48,改黑铅铜一1,安全特性,摩擦感度(需对应不同测试条件),"极灵敏。铅/铜硬质颗粒的加入使其对机械摩擦极其敏感,加工时极易摩擦发火。",,,,,,,敏感,qualitative_only,false,no_reliable_numeric_measurement,,,,,,158,EVM91_a6febcd71e3d0f0a7f,accepted
PROPM91_2250a7807c49505001,RELM91_3af7e82489be789571,MATM91_a58b814b1b617dce48,改黑铅铜一1,安全特性,撞击感度(需对应不同测试条件),"极灵敏。抗撞击性差,压药工艺需防爆隔离操作。",,,,,,,,qualitative_only,false,no_reliable_numeric_measurement,,,,,,158,EVM91_217f3cb9d9a58a1843,accepted
PROPM91_2b361e8bd53ced2957,RELM91_82594fa6a09cc1b2f3,MATM91_a58b814b1b617dce48,改黑铅铜一1,安全特性,冲击感度,敏感。受强冲击波易发生殉爆。,,,,,,,敏感|强,qualitative_only,false,no_reliable_numeric_measurement,,,,,,158,EVM91_2097f8150b323922ea,accepted
PROPM91_e4cadf39b9cc1c0a10,RELM91_e9335b67195507109b,MATM91_a58b814b1b617dce48,改黑铅铜一1,安全特性,火焰感度,"极度灵敏(核心特性)。在铜催化下,对极微弱的明火、热流即可瞬间引发全燃。",,,,,,,,qualitative_only,false,no_reliable_numeric_measurement,,,,,,158,EVM91_93ec991506095848a7,accepted
PROPM91_83582e0bd1cba739ef,RELM91_e39abd46527fa02661,MATM91_a58b814b1b617dce48,改黑铅铜一1,安全特性,静电感度(需对应不同测试条件),"极灵敏。药粉干燥时极易积累静电,是最致命的发火诱因,全流程必须严格接地防静电。",,,,,,,,qualitative_only,false,no_reliable_numeric_measurement,,,,,,158,EVM91_097eddf2452550c5b0,accepted
PROPM91_d85468a2e06a51c230,RELM91_d11902321737730551,MATM91_a58b814b1b617dce48,改黑铅铜一1,安全特性,热感度(5s爆发点),"< 280°C(严重警示:铜系催化剂会显著降低体系爆发点,使其比普通黑火药对热更敏感)。",280,,,℃,explicit_or_field_specific,<,敏感|低,validated_single,true,,event_temperature,热感度(5s爆发点),<,,5,158,EVM91_b18c9884162427cd5f,accepted
PROPM91_93ac05c9f1d79ec42e,RELM91_c50c77d5f2ef0d16cf,MATM91_a58b814b1b617dce48,改黑铅铜一1,安全特性,电火花感度,高度灵敏。极微小的电火花能量(毫焦级)即可诱发点火爆燃。,,,,,,,高,qualitative_only,false,no_reliable_numeric_measurement,,,,,,158,EVM91_44e5106f5f6cc9652d,accepted
PROPM91_a51b950e4ec98b7fb9,RELM91_3f3a1f628818816210,MATM91_a58b814b1b617dce48,改黑铅铜一1,安全特性,吸湿性,"高。受硝酸钾影响极易吸湿,吸潮后点火可靠性断崖式下降。",,,,,,,高|易吸湿|吸湿,text_only,false,no_reliable_numeric_measurement,,,,,,158,EVM91_912aae46890bac234b,accepted
PROPM91_d6761f00b51d997643,RELM91_0dbd24f12e2e61ff13,MATM91_a58b814b1b617dce48,改黑铅铜一1,安全特性,熔点,"不适用(混合物受热不熔化,直接爆燃)。",,,,,,,,qualitative_only,false,no_reliable_numeric_measurement,,,,,,158,EVM91_0685e17047b3ba1f72,accepted
PROPM91_981346c99c17148d08,RELM91_d98628ba345d104d14,MATM91_a58b814b1b617dce48,改黑铅铜一1,安全特性,分解温度,通常在 240°C - 280°C 之间即开始剧烈分解爆燃。,,,,,,,,multiple_measurements,false,multiple_primary_measurements,,分解温度,,,,158,EVM91_b797523c52d725fa61,accepted
PROPM91_cf7fad5dad0a80ede8,RELM91_09aa5f536f4a7ee1c3,MATM91_a58b814b1b617dce48,改黑铅铜一1,能量特性,爆速,"较低。非理想爆轰状态,表现为极其猛烈的爆燃(数百 m/s量级)。",,,,m/s,explicit_text,,较低|低,qualitative_only,false,no_reliable_numeric_measurement,,,,,,158,EVM91_0d633fc5ddd3a7cd91,accepted
PROPM91_c05df7e922289e38a3,RELM91_2e410b6735bfe0af73,MATM91_a58b814b1b617dce48,改黑铅铜一1,能量特性,爆温,"局部极高。产生大量炽热的铅渣和含铜微粒,温度 > 2500K,点火做功能力极强。",,,,℃,field_dictionary,,强|极高|高,qualitative_only,false,no_reliable_numeric_measurement,,,,,,158,EVM91_43e5a82b4224c72729,accepted
PROPM91_5a8391ec78e069403e,RELM91_557a733e21c3ffd017,MATM91_a58b814b1b617dce48,改黑铅铜一1,能量特性,爆压,低。不以产生高静压为工作目的。,,,,,,,低|高,qualitative_only,false,no_reliable_numeric_measurement,,,,,,158,EVM91_91f5d780230392e77d,accepted
PROPM91_ee6475661778101698,RELM91_25e50be511ee13bcd5,MATM91_a58b814b1b617dce48,改黑铅铜一1,能量特性,爆容,低(大量重金属盐不产生气态做功产物)。,,,,,,,低,qualitative_only,false,no_reliable_numeric_measurement,,,,,,158,EVM91_95b36388569a2273a1,accepted
PROPM91_95a906fe97374ac980,RELM91_340a521fe30df08839,MATM91_a58b814b1b617dce48,改黑铅铜一1,能量特性,威力,低(不作爆炸破坏做功衡量)。,,,,,,,低,text_only,false,no_reliable_numeric_measurement,,,,,,158,EVM91_b013fb0e1305bc8d1e,accepted
PROPM91_106700a424a7b3fb6e,RELM91_e86be58b8d6d0909ec,MATM91_a58b814b1b617dce48,改黑铅铜一1,能量特性,猛度,低。,,,,,,,低,text_only,false,no_reliable_numeric_measurement,,,,,,158,EVM91_33d15b016e173e3a3d,accepted
PROPM91_9a47cf235226027158,RELM91_1b19cdb937e38e1bc1,MATM91_a58b814b1b617dce48,改黑铅铜一1,能量特性,起爆力,不适用。,,,,,,,,text_only,false,no_reliable_numeric_measurement,,,,,,158,EVM91_c1e64d92acb0642ec4,accepted
PROPM91_cae9a35101a8fb003a,RELM91_3934a9783cef0e2dd8,MATM91_a58b814b1b617dce48,改黑铅铜一1,能量特性,燃烧速度(发射药、推进剂),"极快。在铜催化和铅盐热辐射双重作用下,燃烧极其迅猛。",,,,,,,,qualitative_only,false,no_reliable_numeric_measurement,,,,,,158,EVM91_d6a8cabdc2bad02022,accepted
PROPM91_d30460aea99a7837e6,RELM91_ddc6ff22e1717eb9c2,MATM91_a58b814b1b617dce48,改黑铅铜一1,能量特性,火药力(发射药),较低。非火炮发射药。,,,,,,,较低|低,qualitative_only,false,no_reliable_numeric_measurement,,,,,,158,EVM91_454829bfa005cd30bd,accepted
PROPM91_30a4b933f3f93c4f77,RELM91_4729e3b0fe51792020,MATM91_93e32b91d1e532fd89,改黑铅一2（GHQ-2）,理化性质,分子量(单质),不适用(混合物),,,,,,,,qualitative_only,false,no_reliable_numeric_measurement,,,,,,160,EVM91_893b84eae55f8e1149,accepted
PROPM91_f3ef6e999a45dc2925,RELM91_a37a00a209f419b711,MATM91_93e32b91d1e532fd89,改黑铅一2（GHQ-2）,理化性质,密度,"1.80 - 2.05 g/cm3(因含大量高密度铅盐,其表观密度远高于普通黑火药)。",,1.80,2.05,g/cm³,explicit_or_field_specific,,高,validated_range,true,,primary_value,密度,,,,160,EVM91_184dc881409a88b52e,accepted
PROPM91_5105d91a5d167020c2,RELM91_ac54b5541321d6ec96,MATM91_93e32b91d1e532fd89,改黑铅一2（GHQ-2）,理化性质,外观,黑色或暗灰色的细小颗粒固体或粉末(流动性略逊于改型2A)。,,,,,,,,text_only,false,no_reliable_numeric_measurement,,,,,,160,EVM91_034ae1a2bb72b648c8,accepted
PROPM91_f574e9c7a4bd471538,RELM91_d2d41f656d5fca6632,MATM91_93e32b91d1e532fd89,改黑铅一2（GHQ-2）,理化性质,溶解性,"硝酸钾极易溶于水,遇水药剂即发生崩解和成分流失;硫、碳及铅盐不溶。",,,,,,,,text_only,false,no_reliable_numeric_measurement,,,,,,160,EVM91_8cde916aec48a5d4a2,accepted
PROPM91_d8ac0d78ab606625c6,RELM91_0d0827e3a6223683d3,MATM91_93e32b91d1e532fd89,改黑铅一2（GHQ-2）,理化性质,挥发性,无。常温下不挥发。,,,,,,,无,text_only,false,no_reliable_numeric_measurement,,,,,,160,EVM91_6d9db3e59bc9a94c52,accepted
PROPM91_fd9ec8e91987f70886,RELM91_b814773c0de0d72fbd,MATM91_93e32b91d1e532fd89,改黑铅一2（GHQ-2）,安全特性,摩擦感度(需对应不同测试条件),"灵敏。药粉本身对机械摩擦异常敏感,加工装配时严防摩擦发火。",,,,,,,敏感,qualitative_only,false,no_reliable_numeric_measurement,,,,,,160,EVM91_bbbc91823c8c3df83d,accepted
PROPM91_c5a6e26fddac909cb5,RELM91_ae790f26de4ea9af0d,MATM91_93e32b91d1e532fd89,改黑铅一2（GHQ-2）,安全特性,撞击感度(需对应不同测试条件),"灵敏。抗物理撞击性能较差,压药装配工艺需极其谨慎操作。",,,,,,,,qualitative_only,false,no_reliable_numeric_measurement,,,,,,160,EVM91_cf60acd91c903d83ab,accepted
PROPM91_8b3ef324287d2027aa,RELM91_77c23162d083da0173,MATM91_93e32b91d1e532fd89,改黑铅一2（GHQ-2）,安全特性,冲击感度,较敏感。受强冲击波极易发生殉爆。,,,,,,,较敏感|敏感|强,qualitative_only,false,no_reliable_numeric_measurement,,,,,,160,EVM91_f75053d0725a92c4b6,accepted
PROPM91_48daea8531066caa0c,RELM91_6f483fab716f4bceaa,MATM91_93e32b91d1e532fd89,改黑铅一2（GHQ-2）,安全特性,火焰感度,极度灵敏(核心指标)。极微弱的明火、热流或火花即可瞬间引发全燃。,,,,,,,,qualitative_only,false,no_reliable_numeric_measurement,,,,,,160,EVM91_36a0e90c7badb01edc,accepted
PROPM91_a8f7233cdf42ad5394,RELM91_2dbc9b6b894f2ad8b4,MATM91_93e32b91d1e532fd89,改黑铅一2（GHQ-2）,安全特性,静电感度(需对应不同测试条件),"极灵敏。药粉干燥表面极易积累静电,是引发意外事故的最主要隐患,加工必须严格接地。",,,,,,,,qualitative_only,false,no_reliable_numeric_measurement,,,,,,160,EVM91_a8f393347d196ee213,accepted
PROPM91_8f354546ef8c98fdcc,RELM91_88bf7aaa75e8f96ad6,MATM91_93e32b91d1e532fd89,改黑铅一2（GHQ-2）,安全特性,热感度(5s爆发点),280°C - 300°C(受硝酸钾-硫磺体系的基础爆发点主导)。,,,,,,,,multiple_measurements,false,multiple_primary_measurements,,热感度(5s爆发点),,,5,160,EVM91_b1bf02eec2712f11f3,accepted
PROPM91_e6caf787e175c59641,RELM91_bc8eed15eefdcec739,MATM91_93e32b91d1e532fd89,改黑铅一2（GHQ-2）,安全特性,电火花感度,高度灵敏。极微小的静电放电能量即可诱发爆燃。,,,,,,,高,qualitative_only,false,no_reliable_numeric_measurement,,,,,,160,EVM91_9ac80c6f3682c6b24d,accepted
PROPM91_8ec8f70cb434bc767f,RELM91_acea46a3d066ec4693,MATM91_93e32b91d1e532fd89,改黑铅一2（GHQ-2）,安全特性,吸湿性,"高。受硝酸钾物理性质影响,极易吸湿受潮,吸潮后点火可靠性断崖式下降。",,,,,,,高|易吸湿|吸湿,text_only,false,no_reliable_numeric_measurement,,,,,,160,EVM91_7136f8b6a91ef7edc7,accepted
PROPM91_3f2c8febe49ea4a76e,RELM91_9b3922343e5f35c0f0,MATM91_93e32b91d1e532fd89,改黑铅一2（GHQ-2）,安全特性,熔点,"不适用(混合物受热不熔化,直接燃烧)。",,,,,,,,qualitative_only,false,no_reliable_numeric_measurement,,,,,,160,EVM91_a714d5eabecbbc9a6d,accepted
PROPM91_0a0f1223e94426df65,RELM91_87b517fdac284f7d90,MATM91_93e32b91d1e532fd89,改黑铅一2（GHQ-2）,安全特性,分解温度,约 280°C 开始剧烈分解并爆燃。,280,,,℃,explicit_or_field_specific,~,,validated_single,true,,onset_temperature,分解温度,~,,,160,EVM91_19f6a4b1124aa49cea,accepted
PROPM91_589448f4685a5092ce,RELM91_af499a1f5134c91313,MATM91_93e32b91d1e532fd89,改黑铅一2（GHQ-2）,能量特性,爆速,"较低。非理想爆轰状态,主要表现为极速爆燃(数百 m/s量级)。",,,,m/s,explicit_text,,较低|低,qualitative_only,false,no_reliable_numeric_measurement,,,,,,160,EVM91_cfda1520dd4ebd4d63,accepted
PROPM91_09f2576ff3c759ecef,RELM91_9a3a4d82a2b5fd0f98,MATM91_93e32b91d1e532fd89,改黑铅一2（GHQ-2）,能量特性,爆温,"局部极高。燃烧产生大量凝聚相液滴(炽热铅渣),温度 > 2500K,用于强力烧蚀点燃主推进剂。",,,,℃,field_dictionary,,强|极高|高,qualitative_only,false,no_reliable_numeric_measurement,,,,,,160,EVM91_20bb7d6dca08631dfd,accepted
PROPM91_12fa53333c0eccd416,RELM91_fa72ff18ba14a1867b,MATM91_93e32b91d1e532fd89,改黑铅一2（GHQ-2）,能量特性,爆压,低。不以产生高静压为主要工作目的。,,,,,,,低|高,qualitative_only,false,no_reliable_numeric_measurement,,,,,,160,EVM91_d0d74a85d3efda20ca,accepted
PROPM91_189436b58e312f657a,RELM91_f139f08772b324c7bc,MATM91_93e32b91d1e532fd89,改黑铅一2（GHQ-2）,能量特性,爆容,中等偏低(重金属铅盐占位且自身不产生大量气态产物)。,,,,,,,中等|低,qualitative_only,false,no_reliable_numeric_measurement,,,,,,160,EVM91_44b9df2556ce502c0b,accepted
PROPM91_ad4821a3a7cf1a5ce5,RELM91_eb957c8aaabe6372c2,MATM91_93e32b91d1e532fd89,改黑铅一2（GHQ-2）,能量特性,威力,低(不作爆炸破坏做功衡量)。,,,,,,,低,text_only,false,no_reliable_numeric_measurement,,,,,,160,EVM91_0562264eb7fb10455c,accepted
PROPM91_f8164972c2d8e11e50,RELM91_965cd7728a25bb0b1a,MATM91_93e32b91d1e532fd89,改黑铅一2（GHQ-2）,能量特性,猛度,低。,,,,,,,低,text_only,false,no_reliable_numeric_measurement,,,,,,160,EVM91_0f962afc74cd6a02a1,accepted
PROPM91_7e5df1def9c37ec4dc,RELM91_1aa512f9e8658c3d79,MATM91_93e32b91d1e532fd89,改黑铅一2（GHQ-2）,能量特性,起爆力,不适用。,,,,,,,,text_only,false,no_reliable_numeric_measurement,,,,,,160,EVM91_8b084e568ccda68af0,accepted
PROPM91_53ee528a0377045e8f,RELM91_f0040a7b23cbfe81ce,MATM91_93e32b91d1e532fd89,改黑铅一2（GHQ-2）,能量特性,燃烧速度(发射药、推进剂),"极快。在受限的点火器空间内,几乎表现为毫秒级的瞬间爆发燃烧。",,,,,,,,qualitative_only,false,no_reliable_numeric_measurement,,,,,,160,EVM91_b4b197b288ef4031cb,accepted
PROPM91_a874d16b0b00cf6284,RELM91_b9cb4e2db2282273d3,MATM91_93e32b91d1e532fd89,改黑铅一2（GHQ-2）,能量特性,火药力(发射药),较低。不作火炮发射药使用。,,,,,,,较低|低,qualitative_only,false,no_reliable_numeric_measurement,,,,,,160,EVM91_26ab3d16fe1891a06f,accepted
PROPM91_925737278269f39a7e,RELM91_bda8754abef95c086e,MATM91_ea10c7d929a671fc16,改黑铅一2A（GHQ-2A）,理化性质,分子量(单质),不适用(混合物),,,,,,,,qualitative_only,false,no_reliable_numeric_measurement,,,,,,161,EVM91_6d87a71b083516e138,accepted
PROPM91_a27bccf0bfc0b27694,RELM91_f86d85bad47b51aefe,MATM91_ea10c7d929a671fc16,改黑铅一2A（GHQ-2A）,理化性质,密度,"1.80 - 2.05 g/cm3(高密度,受铅盐含量影响)。",,1.80,2.05,g/cm³,explicit_or_field_specific,,高,validated_range,true,,primary_value,密度,,,,161,EVM91_7e0a29e8823b27487c,accepted
PROPM91_c54357afbba1688c02,RELM91_de85dbe8f5cbf97e55,MATM91_ea10c7d929a671fc16,改黑铅一2A（GHQ-2A）,理化性质,外观,黑色或暗灰色的规则颗粒固体(“A”型颗粒流动性通常更好)。,,,,,,,,text_only,false,no_reliable_numeric_measurement,,,,,,161,EVM91_c4fa66f360a5cfaab2,accepted
PROPM91_f0e89439ed9b1169c9,RELM91_a00d3f4705097b4110,MATM91_ea10c7d929a671fc16,改黑铅一2A（GHQ-2A）,理化性质,溶解性,"硝酸钾极易溶于水,遇水药剂即被破坏;硫、碳及铅盐不溶。",,,,,,,,text_only,false,no_reliable_numeric_measurement,,,,,,161,EVM91_8e69cbde43e08d3345,accepted
PROPM91_390769032f8beef364,RELM91_91174e644099bbd75f,MATM91_ea10c7d929a671fc16,改黑铅一2A（GHQ-2A）,理化性质,挥发性,无。,,,,,,,无,text_only,false,no_reliable_numeric_measurement,,,,,,161,EVM91_b57f03f1109ae1beb4,accepted
PROPM91_057dea05709bdaa0a6,RELM91_c735800a9e925969a0,MATM91_ea10c7d929a671fc16,改黑铅一2A（GHQ-2A）,安全特性,摩擦感度(需对应不同测试条件),"灵敏。对机械摩擦异常敏感,加工装配需严防摩擦发火。",,,,,,,敏感,qualitative_only,false,no_reliable_numeric_measurement,,,,,,161,EVM91_bbce654856fb4c5c6d,accepted
PROPM91_71dae6c823ca2557ea,RELM91_01695ac1915af2ee88,MATM91_ea10c7d929a671fc16,改黑铅一2A（GHQ-2A）,安全特性,撞击感度(需对应不同测试条件),"灵敏。抗撞击性能较差,压药工艺需极其谨慎。",,,,,,,,qualitative_only,false,no_reliable_numeric_measurement,,,,,,161,EVM91_698d7199b2e5cf329f,accepted
PROPM91_cca35964b346091200,RELM91_20903dd4d46f6bc41d,MATM91_ea10c7d929a671fc16,改黑铅一2A（GHQ-2A）,安全特性,冲击感度,较敏感。受强冲击波易发生殉爆。,,,,,,,较敏感|敏感|强,qualitative_only,false,no_reliable_numeric_measurement,,,,,,161,EVM91_2c023ceea7e2848ace,accepted
PROPM91_6d26f2cab3924de264,RELM91_54c3d44d953b1bc23b,MATM91_ea10c7d929a671fc16,改黑铅一2A（GHQ-2A）,安全特性,火焰感度,极度灵敏(核心特性)。对极微弱火花、明火或热流即可瞬间引发爆燃。,,,,,,,,qualitative_only,false,no_reliable_numeric_measurement,,,,,,161,EVM91_e2456235226c1912f8,accepted
PROPM91_b68f9fee27ab2c1cbf,RELM91_657e19389243970aa2,MATM91_ea10c7d929a671fc16,改黑铅一2A（GHQ-2A）,安全特性,静电感度(需对应不同测试条件),"极灵敏。药粉表面极易积累静电,是最危险的发火诱因,必须严格接地。",,,,,,,,qualitative_only,false,no_reliable_numeric_measurement,,,,,,161,EVM91_ffc052b915a6bdffde,accepted
PROPM91_8aa8a2f5126f1152ed,RELM91_4e0527ff9c2cbcb08d,MATM91_ea10c7d929a671fc16,改黑铅一2A（GHQ-2A）,安全特性,热感度(5s爆发点),280°C - 300°C(受硝酸钾-硫体系爆发点主导)。,,,,,,,,multiple_measurements,false,multiple_primary_measurements,,热感度(5s爆发点),,,5,161,EVM91_52dc17ec53269fbe44,accepted
PROPM91_ec8c09eec7d4851692,RELM91_ca0416a80ae165a22b,MATM91_ea10c7d929a671fc16,改黑铅一2A（GHQ-2A）,安全特性,电火花感度,高度灵敏。极小的电火花放电能量即可诱发爆燃。,,,,,,,高|极小,qualitative_only,false,no_reliable_numeric_measurement,,,,,,161,EVM91_c4d013e247ea3004c3,accepted
PROPM91_7789401cbddcb493a0,RELM91_f5ce9c02ddf3ed7f78,MATM91_ea10c7d929a671fc16,改黑铅一2A（GHQ-2A）,安全特性,吸湿性,"高。虽经过“A”型工艺改善,但受硝酸钾影响依然易吸湿,吸潮后点火性能锐减。",,,,,,,高|易吸湿|吸湿,text_only,false,no_reliable_numeric_measurement,,,,,,161,EVM91_cc0082f0dc136fea6d,accepted
PROPM91_db2d77da5bd8946f3a,RELM91_020a2245b2988229bf,MATM91_ea10c7d929a671fc16,改黑铅一2A（GHQ-2A）,安全特性,熔点,"不适用(不熔化,受热直接燃烧)。",,,,,,,,qualitative_only,false,no_reliable_numeric_measurement,,,,,,161,EVM91_847914cbf8dc540b2f,accepted
PROPM91_f5cc26f3fae3f27f8a,RELM91_8e8dc57bcc85c0fe21,MATM91_ea10c7d929a671fc16,改黑铅一2A（GHQ-2A）,安全特性,分解温度,约 280°C 开始剧烈分解并爆燃。,280,,,℃,explicit_or_field_specific,~,,validated_single,true,,onset_temperature,分解温度,~,,,161,EVM91_c258ffac72c4a71865,accepted
PROPM91_e822f98747e1307283,RELM91_339ae761227ab326db,MATM91_ea10c7d929a671fc16,改黑铅一2A（GHQ-2A）,能量特性,爆速,"较低。主要表现为极速爆燃状态(数百 m/s),非标准理想爆轰。",,,,m/s,explicit_text,,较低|低,qualitative_only,false,no_reliable_numeric_measurement,,,,,,161,EVM91_08edb04f7bc8ef2145,accepted
PROPM91_3117e63304b2102762,RELM91_9a432d291a1f30a880,MATM91_ea10c7d929a671fc16,改黑铅一2A（GHQ-2A）,能量特性,爆温,"局部极高。燃烧产生的凝聚相液滴(铅渣热点)温度 > 2500K,点火做功能力极强。",,,,℃,field_dictionary,,强|极高|高,qualitative_only,false,no_reliable_numeric_measurement,,,,,,161,EVM91_ee5bc4eecd9a1e0d12,accepted
PROPM91_0a4860c2606d5dff87,RELM91_7a83556e7e8a86ceb6,MATM91_ea10c7d929a671fc16,改黑铅一2A（GHQ-2A）,能量特性,爆压,低。不以产生高静压为主要目的。,,,,,,,低|高,qualitative_only,false,no_reliable_numeric_measurement,,,,,,161,EVM91_d7d623255e5f89f7da,accepted
PROPM91_98058e7820a2c208e2,RELM91_87b1fadc1f102680f2,MATM91_ea10c7d929a671fc16,改黑铅一2A（GHQ-2A）,能量特性,爆容,中等偏低(铅盐占位且不产生气态产物)。,,,,,,,中等|低,qualitative_only,false,no_reliable_numeric_measurement,,,,,,161,EVM91_93033edd2da5966382,accepted
PROPM91_fae1ec17c4075f86a6,RELM91_1a1d943862563dc4f0,MATM91_ea10c7d929a671fc16,改黑铅一2A（GHQ-2A）,能量特性,威力,低(不作爆破做功衡量)。,,,,,,,低,text_only,false,no_reliable_numeric_measurement,,,,,,161,EVM91_4eb266333f7b24f666,accepted
PROPM91_226b70ff5f286a35c0,RELM91_c8534b57e60e2d509d,MATM91_ea10c7d929a671fc16,改黑铅一2A（GHQ-2A）,能量特性,猛度,低。,,,,,,,低,text_only,false,no_reliable_numeric_measurement,,,,,,161,EVM91_ec76b86b869492a727,accepted
PROPM91_7913d4daf9edea5306,RELM91_537603dd48a51af274,MATM91_ea10c7d929a671fc16,改黑铅一2A（GHQ-2A）,能量特性,起爆力,不适用。,,,,,,,,text_only,false,no_reliable_numeric_measurement,,,,,,161,EVM91_b621d7125af4f83a93,accepted
PROPM91_7cc46840447e93bb0e,RELM91_a38acd819e4e95cee6,MATM91_ea10c7d929a671fc16,改黑铅一2A（GHQ-2A）,能量特性,燃烧速度(发射药、推进剂),极快。在受限的点火器空间内几乎表现为毫秒级瞬间爆燃。,,,,,,,,qualitative_only,false,no_reliable_numeric_measurement,,,,,,161,EVM91_497d942d25e2e83037,accepted
PROPM91_bb0d7ca1c5c4e1e508,RELM91_f3771ffe46d7868b70,MATM91_ea10c7d929a671fc16,改黑铅一2A（GHQ-2A）,能量特性,火药力(发射药),较低。,,,,,,,较低|低,qualitative_only,false,no_reliable_numeric_measurement,,,,,,161,EVM91_7c503c45a68f31a64e,accepted
PROPM91_65846c721af964edd1,RELM91_75f0860cc795446bd3,MATM91_18638a25bd60b5470e,改黑铅一5（GHQ-5）,理化性质,分子量(单质),不适用(混合物),,,,,,,,qualitative_only,false,no_reliable_numeric_measurement,,,,,,162,EVM91_39398930ea66a10db8,accepted
PROPM91_740fac62646411f1c3,RELM91_0f969ff371945dfdde,MATM91_18638a25bd60b5470e,改黑铅一5（GHQ-5）,理化性质,密度,1.85 - 2.05 g/cm3(高含铅量导致其密度远高于普通黑火药)。,,1.85,2.05,g/cm³,explicit_or_field_specific,,高,validated_range,true,,primary_value,密度,,,,162,EVM91_0966f3769ef174db5d,accepted
PROPM91_80d321f7a7e7d9b8a9,RELM91_c24cfcab6db126877d,MATM91_18638a25bd60b5470e,改黑铅一5（GHQ-5）,理化性质,外观,"黑色或深灰色颗粒,质地较脆,通常具有特定的粒度分级。",,,,,,,,text_only,false,no_reliable_numeric_measurement,,,,,,162,EVM91_d087a4f6a2855c6c91,accepted
PROPM91_4ad72c438da6634bb2,RELM91_127ebdff6c8e8cf678,MATM91_18638a25bd60b5470e,改黑铅一5（GHQ-5）,理化性质,溶解性,硝酸钾易溶于水;硫、碳及铅盐不溶。遇水药剂失效。,,,,,,,,text_only,false,no_reliable_numeric_measurement,,,,,,162,EVM91_b868c4a28d85253d90,accepted
PROPM91_a058ff1f7b810e359e,RELM91_9f063111ee747b2513,MATM91_18638a25bd60b5470e,改黑铅一5（GHQ-5）,理化性质,挥发性,无。,,,,,,,无,text_only,false,no_reliable_numeric_measurement,,,,,,162,EVM91_205fe94dc22c11ad88,accepted
PROPM91_6df147a0b822c1bf90,RELM91_68a7aa80826d8fe658,MATM91_18638a25bd60b5470e,改黑铅一5（GHQ-5）,安全特性,摩擦感度(需对应不同测试条件),"灵敏。对硬质表面摩擦敏感,加工过程中需严防机械摩擦。",,,,,,,敏感,qualitative_only,false,no_reliable_numeric_measurement,,,,,,162,EVM91_ec4bdc6209cac123cb,accepted
PROPM91_aded0718a4ace34aba,RELM91_ddf0bb85b282d5f64b,MATM91_18638a25bd60b5470e,改黑铅一5（GHQ-5）,安全特性,撞击感度(需对应不同测试条件),"灵敏。抗撞击性能较差,压药或装配时需极其谨慎。",,,,,,,,qualitative_only,false,no_reliable_numeric_measurement,,,,,,162,EVM91_2e1e1952e5a153eedb,accepted
PROPM91_8feaa9fb09107778b0,RELM91_f3348da9092c29d857,MATM91_18638a25bd60b5470e,改黑铅一5（GHQ-5）,安全特性,冲击感度,较敏感。受强冲击波易发生殉爆。,,,,,,,较敏感|敏感|强,qualitative_only,false,no_reliable_numeric_measurement,,,,,,162,EVM91_aaebcc3aca0b34d31f,accepted
PROPM91_dd3f30e4c2cdd9204c,RELM91_2ba7be89fd4c9296df,MATM91_18638a25bd60b5470e,改黑铅一5（GHQ-5）,安全特性,火焰感度,极度灵敏(核心特性)。对极微弱火花或热流即可瞬间引发爆燃。,,,,,,,,qualitative_only,false,no_reliable_numeric_measurement,,,,,,162,EVM91_6de6df7425f22a5154,accepted
PROPM91_33a73f05f5ba7e927b,RELM91_c221983e5d276b19bd,MATM91_18638a25bd60b5470e,改黑铅一5（GHQ-5）,安全特性,静电感度(需对应不同测试条件),"极灵敏。药粉表面易积累静电,是火灾爆炸事故的高发诱因。",,,,,,,高,qualitative_only,false,no_reliable_numeric_measurement,,,,,,162,EVM91_9f6310bd6c0f4ef2db,accepted
PROPM91_bf318db66834500ef0,RELM91_029620b46744a08f49,MATM91_18638a25bd60b5470e,改黑铅一5（GHQ-5）,安全特性,热感度(5s爆发点),280°C - 300°C(受硝酸钾-硫体系爆发点主导)。,,,,,,,,multiple_measurements,false,multiple_primary_measurements,,热感度(5s爆发点),,,5,162,EVM91_be910433978082e2c8,accepted
PROPM91_5247d6be16189305f2,RELM91_697437c9befd333475,MATM91_18638a25bd60b5470e,改黑铅一5（GHQ-5）,安全特性,电火花感度,高度灵敏。极小的放电能量即可诱发爆燃。,,,,,,,高|极小,qualitative_only,false,no_reliable_numeric_measurement,,,,,,162,EVM91_40dd9512aa75e266ad,accepted
PROPM91_0c85e517987d6b8f86,RELM91_6c703aa05097d0c78d,MATM91_18638a25bd60b5470e,改黑铅一5（GHQ-5）,安全特性,吸湿性,"高。含硝酸钾,吸湿后性能显著恶化且易析出盐分。",,,,,,,高|吸湿,text_only,false,no_reliable_numeric_measurement,,,,,,162,EVM91_fe0cf1aa07dc13fa22,accepted
PROPM91_847fa2daf8a989f2fe,RELM91_1f67c4029c17ecc8a1,MATM91_18638a25bd60b5470e,改黑铅一5（GHQ-5）,安全特性,熔点,不适用(不熔化直接燃烧)。,,,,,,,,qualitative_only,false,no_reliable_numeric_measurement,,,,,,162,EVM91_6230f14f8a2edd5f6e,accepted
PROPM91_aec3bf0558ee5e53ae,RELM91_1d0634fc9d5d0c858b,MATM91_18638a25bd60b5470e,改黑铅一5（GHQ-5）,安全特性,分解温度,~280°C 开始剧烈分解爆燃。,280,,,℃,explicit_or_field_specific,~,,validated_single,true,,onset_temperature,分解温度,~,,,162,EVM91_17ef4465b21da623ed,accepted
PROPM91_50a76c5d1ce6aaec36,RELM91_b9f3c44ee8c56b1211,MATM91_18638a25bd60b5470e,改黑铅一5（GHQ-5）,能量特性,爆速,"较低。主要表现为极速爆燃(数百m/s),非标准爆轰。",,,,m/s,explicit_text,,较低|低,qualitative_only,false,no_reliable_numeric_measurement,,,,,,162,EVM91_fad5ae45ee2d09ca71,accepted
PROPM91_1d1d20b6b2204fa4bd,RELM91_c9ee14dae4c070974c,MATM91_18638a25bd60b5470e,改黑铅一5（GHQ-5）,能量特性,爆温,"局部极高。燃烧产生的凝聚相粒子温度 > 2500K,提供极强的点火做功能力。",,,,℃,field_dictionary,,强|极高|高,qualitative_only,false,no_reliable_numeric_measurement,,,,,,162,EVM91_7e135b16f3befe880b,accepted
PROPM91_e564d2b61c50333bf5,RELM91_1bc904881290bad323,MATM91_18638a25bd60b5470e,改黑铅一5（GHQ-5）,能量特性,爆压,低。不以产生高静压为主要目的。,,,,,,,低|高,qualitative_only,false,no_reliable_numeric_measurement,,,,,,162,EVM91_e22ec20445595b8f21,accepted
PROPM91_fc9a2f3d8e7c206a47,RELM91_8bd031e387924ab3a5,MATM91_18638a25bd60b5470e,改黑铅一5（GHQ-5）,能量特性,爆容,中等偏低(铅盐占位且不产气)。,,,,,,,中等|低,qualitative_only,false,no_reliable_numeric_measurement,,,,,,162,EVM91_bcf69e6864f8830d97,accepted
PROPM91_b40ef28ea64435fc3b,RELM91_bfac82e4e1a7244e1d,MATM91_18638a25bd60b5470e,改黑铅一5（GHQ-5）,能量特性,威力,低。,,,,,,,低,text_only,false,no_reliable_numeric_measurement,,,,,,162,EVM91_6933de92f1ae57e56a,accepted
PROPM91_e862332e99dec65abf,RELM91_a6e8cb95f0b20af4d4,MATM91_18638a25bd60b5470e,改黑铅一5（GHQ-5）,能量特性,猛度,低。,,,,,,,低,text_only,false,no_reliable_numeric_measurement,,,,,,162,EVM91_eea78f2f49ad797e1d,accepted
PROPM91_a6eb09acfbc888afd6,RELM91_3af16564385a3c7aee,MATM91_18638a25bd60b5470e,改黑铅一5（GHQ-5）,能量特性,起爆力,不适用。,,,,,,,,text_only,false,no_reliable_numeric_measurement,,,,,,162,EVM91_a35bf7e858777abb90,accepted
PROPM91_53ebdcdb61a04830a0,RELM91_328105eedab5b28963,MATM91_18638a25bd60b5470e,改黑铅一5（GHQ-5）,能量特性,燃烧速度(发射药、推进剂),极快。在受限空间内几乎表现为瞬间爆燃。,,,,,,,,qualitative_only,false,no_reliable_numeric_measurement,,,,,,162,EVM91_84d3c0aad5f96a04fb,accepted
PROPM91_2a4abe5f72ff641a4e,RELM91_8fe7d657c6733b72c0,MATM91_18638a25bd60b5470e,改黑铅一5（GHQ-5）,能量特性,火药力(发射药),较低。,,,,,,,较低|低,qualitative_only,false,no_reliable_numeric_measurement,,,,,,162,EVM91_085cf82dcb2d16a9cd,accepted
PROPM91_3ef0e9f37b97efb19f,RELM91_966b4a2968d335e327,MATM91_c58dc9de3638d2a6c4,改铵铜一I,理化性质,分子量(单质),不适用(混合物),,,,,,,,qualitative_only,false,no_reliable_numeric_measurement,,,,,,163,EVM91_fc313b9a182f56d228,accepted
PROPM91_d4e44702cdb47cbab8,RELM91_990f86b87807bc335c,MATM91_c58dc9de3638d2a6c4,改铵铜一I,理化性质,密度,1.65 - 1.75 g/cm3(受具体配方中金属及重金属盐含量影响)。,,1.65,1.75,g/cm³,explicit_or_field_specific,,,validated_range,true,,primary_value,密度,,,,163,EVM91_6cb587f4803ade871b,accepted
PROPM91_7be0e27f7ca335f0b0,RELM91_7e57e130ba2da7c316,MATM91_c58dc9de3638d2a6c4,改铵铜一I,理化性质,外观,固化后为暗褐色、灰黑色或深灰色的坚韧类橡胶固体。,,,,,,,,text_only,false,no_reliable_numeric_measurement,,,,,,163,EVM91_bac198122be728541d,accepted
PROPM91_31c4c78f9ba1fff071,RELM91_4a3f09d7611d0c7fdd,MATM91_c58dc9de3638d2a6c4,改铵铜一I,理化性质,溶解性,整体不溶于水;部分裸露的AP微溶于水;高分子交联网络在甲苯等溶剂中溶胀。,,,,,,,高,text_only,false,no_reliable_numeric_measurement,,,,,,163,EVM91_02c45b5789c63c94b2,accepted
PROPM91_1b9b9cc764e30807a3,RELM91_8b6eb12d62b5dc0ef9,MATM91_c58dc9de3638d2a6c4,改铵铜一I,理化性质,挥发性,极低。常温及标准贮存温度下无挥发性。,,,,,,,低|极低|无,text_only,false,no_reliable_numeric_measurement,,,,,,163,EVM91_8b0697c725645beef6,accepted
PROPM91_e3512f650ad6a9271f,RELM91_679fa183a18bdad393,MATM91_c58dc9de3638d2a6c4,改铵铜一I,安全特性,摩擦感度(需对应不同测试条件),"迟钝。依靠高分子弹性基体缓冲,常规摆式摩擦测试发火概率通常 ≤ 10%。",10,,,%,explicit_or_field_specific,<=,高,validated_single,true,,explosion_probability,摩擦感度,<=,,,163,EVM91_1d364330e70bbac161,accepted
PROPM91_36ae031cf017988f14,RELM91_1a13745d421ef933bd,MATM91_c58dc9de3638d2a6c4,改铵铜一I,安全特性,撞击感度(需对应不同测试条件),"迟钝。力学缓冲性能较好,抗机械跌落及震动能力强(特性落高通常 > 25cm)。",25,,,cm,explicit_or_field_specific,>,强|高,validated_single,true,,impact_height,落锤高度,>,,,163,EVM91_f71a054386a18236a3,accepted
PROPM91_5b3a2bdc8d9e17744f,RELM91_d411cefcc9678c2621,MATM91_c58dc9de3638d2a6c4,改铵铜一I,安全特性,冲击感度,"较低。非爆轰系统推进剂,不易被常规机械冲击波起爆。",,,,,,,较低|低,qualitative_only,false,no_reliable_numeric_measurement,,,,,,163,EVM91_dfcc227cd3b395ea74,accepted
PROPM91_af81fc67547addd1a3,RELM91_82dd1d4fb96d8e4717,MATM91_c58dc9de3638d2a6c4,改铵铜一I,安全特性,火焰感度,"极度灵敏(核心特性)。受强效铜系催化剂影响,对点火源高温火焰及热流极为敏感。",,,,,,,敏感|强|高,qualitative_only,false,no_reliable_numeric_measurement,,,,,,163,EVM91_d666c265e710d05038,accepted
PROPM91_0859920a81ea59831d,RELM91_17f979a8547278cdd9,MATM91_c58dc9de3638d2a6c4,改铵铜一I,安全特性,静电感度(需对应不同测试条件),成品极低。严重警告:干粉混合及药浆搅拌阶段静电危险性极大。,,,,,,,低|极低,qualitative_only,false,no_reliable_numeric_measurement,,,,,,163,EVM91_936629c9f7b4f9103f,accepted
PROPM91_d0889cb9b6cea54037,RELM91_54c8dad0836de36bf6,MATM91_c58dc9de3638d2a6c4,改铵铜一I,安全特性,热感度(5s爆发点),"250°C - 280°C(警示:铜系催化剂会显著降低AP的热分解活化能,热爆发点低于常规推进剂)。",,,,,,,低,multiple_measurements,false,multiple_primary_measurements,,热感度(5s爆发点),,,5,163,EVM91_b1cd5877fe43a91dde,accepted
PROPM91_26e1bba7322674c563,RELM91_9f3b89c19715f5b623,MATM91_c58dc9de3638d2a6c4,改铵铜一I,安全特性,电火花感度,"较灵敏。受活性金属盐影响,电火花感度略高于普通未催化配方。",,,,,,,高,qualitative_only,false,no_reliable_numeric_measurement,,,,,,163,EVM91_a59cd0773bf368c5d0,accepted
PROPM91_78613b3fb31810afd0,RELM91_00e853bea08357757a,MATM91_c58dc9de3638d2a6c4,改铵铜一I,安全特性,吸湿性,"低。基体防潮性良好,仅端面裸露的盐类晶体存在极微弱吸湿。",,,,,,,低|吸湿,text_only,false,no_reliable_numeric_measurement,,,,,,163,EVM91_b20a2b486405d085e8,accepted
PROPM91_0296685b16cdfbb6c4,RELM91_6684401ab813a8f0e3,MATM91_c58dc9de3638d2a6c4,改铵铜一I,安全特性,熔点,"不适用(热固性交联弹性体,不熔融直接分解)。",,,,,,,,qualitative_only,false,no_reliable_numeric_measurement,,,,,,163,EVM91_ea398e875c02e60aa8,accepted
PROPM91_e24519053537a6d018,RELM91_dfc04b83bd60141aa5,MATM91_c58dc9de3638d2a6c4,改铵铜一I,安全特性,分解温度,"体系的剧烈放热分解区间明显前移,约 220°C - 260°C 即开始快速分解。",,,,,,,,multiple_measurements,false,multiple_primary_measurements,,分解温度,,,,163,EVM91_7b84084ec683cd4f6e,accepted
PROPM91_639a8a83541ebaf086,RELM91_4d33d5cf1fac0841ef,MATM91_c58dc9de3638d2a6c4,改铵铜一I,能量特性,爆速,不适用(设计用途严禁发生爆轰)。,,,,,,,,qualitative_only,false,no_reliable_numeric_measurement,,,,,,163,EVM91_549ad2ac5b69723563,accepted
PROPM91_a20974138493ada222,RELM91_4160fc24353744c071,MATM91_c58dc9de3638d2a6c4,改铵铜一I,能量特性,爆温,高。燃烧室工作温度通常在 2800K - 3200K 左右。,,,,℃,field_dictionary,,高,qualitative_only,false,no_reliable_numeric_measurement,,,,,,163,EVM91_04a62c1e6104259941,accepted
PROPM91_95c49eb74c9d32052d,RELM91_3fe804472a30d6d978,MATM91_c58dc9de3638d2a6c4,改铵铜一I,能量特性,爆压,"工作压强极高。为产生瞬时大推力,其发动机正常工作压强通常在 10 MPa - 25 MPa。",,,,,,,强|极高|高,multiple_measurements,false,multiple_primary_measurements,,爆压,,,,163,EVM91_dd8745773f0fb62bfc,accepted
PROPM91_beac46a5721577242b,RELM91_2cc240b87722081acd,MATM91_c58dc9de3638d2a6c4,改铵铜一I,能量特性,爆容,极大。产生大量高压做功排气(含HCl、CO等)及凝相微粒。,,,,,,,高,qualitative_only,false,no_reliable_numeric_measurement,,,,,,163,EVM91_3adffe806da1451100,accepted
PROPM91_ca30d163052f2b26ba,RELM91_31098dacd3003aea84,MATM91_c58dc9de3638d2a6c4,改铵铜一I,能量特性,威力,不适用(不作爆炸破坏使用)。,,,,,,,,text_only,false,no_reliable_numeric_measurement,,,,,,163,EVM91_3bb115a4d6ad494a55,accepted
PROPM91_3f2e0d43117a9dbec6,RELM91_7f9d05a9935e355d89,MATM91_c58dc9de3638d2a6c4,改铵铜一I,能量特性,猛度,极低。,,,,,,,低|极低,text_only,false,no_reliable_numeric_measurement,,,,,,163,EVM91_524b4ebda351969e30,accepted
PROPM91_edf10f375acca4fcd1,RELM91_342ed7f86f667d4f2d,MATM91_c58dc9de3638d2a6c4,改铵铜一I,能量特性,起爆力,不适用。,,,,,,,,text_only,false,no_reliable_numeric_measurement,,,,,,163,EVM91_18835a5fb9130af749,accepted
PROPM91_f9790534e5e1803ce1,RELM91_ba25b62c3e06c0f92f,MATM91_c58dc9de3638d2a6c4,改铵铜一I,能量特性,燃烧速度(发射药、推进剂),"极快。在铜系催化的强烈作用下,其燃速极高,通常可达 20.0 - 50.0 mm/s 量级。",,20.0,50.0,mm/s,explicit_or_field_specific,,强|极高|高,validated_range,true,,primary_value,燃烧速度,,,,163,EVM91_463c9be13e533170f1,accepted
PROPM91_7735780029c77536d1,RELM91_cc10da32b36bc78c55,MATM91_c58dc9de3638d2a6c4,改铵铜一I,能量特性,火药力(发射药),"不适用。作为助推推进剂,主要考核指标为比冲与瞬时总冲。",,,,,,,,qualitative_only,false,no_reliable_numeric_measurement,,,,,,163,EVM91_d35e7e43b15c378e89,accepted
PROPM91_4ebe2ede5be003bca8,RELM91_c924779f4e1f6578cc,MATM91_e64f1f51dc6507df77,改铵铜一2（GATo-2）,理化性质,分子量(单质),不适用(混合物),,,,,,,,qualitative_only,false,no_reliable_numeric_measurement,,,,,,164,EVM91_0a6e86da9c06cf4be5,accepted
PROPM91_17aeac4192f79051f9,RELM91_dfb4efb75db51bf439,MATM91_e64f1f51dc6507df77,改铵铜一2（GATo-2）,理化性质,密度,1.65 - 1.75 g/cm3(受金属载荷及含铜盐密度影响)。,,1.65,1.75,g/cm³,explicit_or_field_specific,,,validated_range,true,,primary_value,密度,,,,164,EVM91_b093b353a43a047b9e,accepted
PROPM91_0d4fe8c132d817413e,RELM91_f8e1f877c223818c95,MATM91_e64f1f51dc6507df77,改铵铜一2（GATo-2）,理化性质,外观,固化后为暗褐色、灰黑色或深灰色的高强度类橡胶固体。,,,,,,,强|高,text_only,false,no_reliable_numeric_measurement,,,,,,164,EVM91_a31c3408a78c5fb696,accepted
PROPM91_798d9f3ae73d817856,RELM91_fd3781fd035abd3366,MATM91_e64f1f51dc6507df77,改铵铜一2（GATo-2）,理化性质,溶解性,整体不溶于水;裸露的AP微溶于水;有机高分子网络在甲苯等溶剂中溶胀。,,,,,,,高,text_only,false,no_reliable_numeric_measurement,,,,,,164,EVM91_1ffa9cecb721dc1649,accepted
PROPM91_4d3f52c81193d3096c,RELM91_106b622f2e7b9c1537,MATM91_e64f1f51dc6507df77,改铵铜一2（GATo-2）,理化性质,挥发性,极低。常温下无挥发性。,,,,,,,低|极低|无,text_only,false,no_reliable_numeric_measurement,,,,,,164,EVM91_5d8612ad72be074ed3,accepted
PROPM91_375e1d3df7747255b9,RELM91_c877b27b08195fc893,MATM91_e64f1f51dc6507df77,改铵铜一2（GATo-2）,安全特性,摩擦感度(需对应不同测试条件),"迟钝。依靠弹性基体缓冲,常规测试发火概率极低(通常 ≤ 10%)。",10,,,%,explicit_or_field_specific,<=,低|极低,validated_single,true,,explosion_probability,摩擦感度,<=,,,164,EVM91_700473eb355015c41d,accepted
PROPM91_e72784b99eab0f93f5,RELM91_c6478c878e7355962a,MATM91_e64f1f51dc6507df77,改铵铜一2（GATo-2）,安全特性,撞击感度(需对应不同测试条件),"迟钝。力学性能较好,抗机械跌落及震动能力强,特性落高通常 > 25cm。",25,,,cm,explicit_or_field_specific,>,强|高,validated_single,true,,impact_height,落锤高度,>,,,164,EVM91_80966a5aefbf761ba7,accepted
PROPM91_d902ed0c844929c5e6,RELM91_2322996d1fe532ae4b,MATM91_e64f1f51dc6507df77,改铵铜一2（GATo-2）,安全特性,冲击感度,"较低。非爆轰系统,不易被常规机械冲击起爆。",,,,,,,较低|低,qualitative_only,false,no_reliable_numeric_measurement,,,,,,164,EVM91_984673f68a2ff82c85,accepted
PROPM91_a6d42a0f917f47e1ab,RELM91_716567e629564b5310,MATM91_e64f1f51dc6507df77,改铵铜一2（GATo-2）,安全特性,火焰感度,"极度灵敏(核心警示)。受高效铜催化剂影响,对点火源火焰极为敏感,极易瞬间全燃。",,,,,,,敏感|高,qualitative_only,false,no_reliable_numeric_measurement,,,,,,164,EVM91_f25516ac51bdd76bfe,accepted
PROPM91_4493da7589f37ef4de,RELM91_07f1dff9770023d4c4,MATM91_e64f1f51dc6507df77,改铵铜一2（GATo-2）,安全特性,静电感度(需对应不同测试条件),成品药柱极低。干粉称量、混合及药浆搅拌阶段静电危险性极大。,,,,,,,低|极低,qualitative_only,false,no_reliable_numeric_measurement,,,,,,164,EVM91_037cade8ae10b4a484,accepted
PROPM91_65a7f4980a50048550,RELM91_315d401401bca46cda,MATM91_e64f1f51dc6507df77,改铵铜一2（GATo-2）,安全特性,热感度(5s爆发点),"250°C - 280°C(注意:铜系催化剂会降低氧化剂热分解活化能,使其热爆发点低于常规推进剂)。",,,,,,,低,multiple_measurements,false,multiple_primary_measurements,,热感度(5s爆发点),,,5,164,EVM91_074ace21fc25b1f299,accepted
PROPM91_d23c60605d91437cf9,RELM91_34b458433f76997e63,MATM91_e64f1f51dc6507df77,改铵铜一2（GATo-2）,安全特性,电火花感度,"较灵敏。受活性金属盐影响,电火花感度略高于普通配方。",,,,,,,高,qualitative_only,false,no_reliable_numeric_measurement,,,,,,164,EVM91_729bfb943f5164be25,accepted
PROPM91_00eada1dbcd4505fad,RELM91_d8189712822200dfb2,MATM91_e64f1f51dc6507df77,改铵铜一2（GATo-2）,安全特性,吸湿性,"低。基体防潮性良好,仅端面裸露盐类存在极微弱吸湿。",,,,,,,低|吸湿,text_only,false,no_reliable_numeric_measurement,,,,,,164,EVM91_da8c1fd47d00c96a04,accepted
PROPM91_f1142beb0912a25c85,RELM91_d8ea11947db264e2ec,MATM91_e64f1f51dc6507df77,改铵铜一2（GATo-2）,安全特性,熔点,"不适用(交联弹性体不熔融,受热直接分解)。",,,,,,,,qualitative_only,false,no_reliable_numeric_measurement,,,,,,164,EVM91_94b5b699ea01fbe475,accepted
PROPM91_233cd1ac97d16534c6,RELM91_c894ec988d92bd03c3,MATM91_e64f1f51dc6507df77,改铵铜一2（GATo-2）,安全特性,分解温度,"剧烈放热分解区间较常规配方前移,约 220°C - 260°C 开始快速放热。",,,,,,,,multiple_measurements,false,multiple_primary_measurements,,分解温度,,,,164,EVM91_0f5d57e4a8e154cbb1,accepted
PROPM91_af68655450899af3ce,RELM91_09260ed01987f3fcc8,MATM91_e64f1f51dc6507df77,改铵铜一2（GATo-2）,能量特性,爆速,不适用(严禁爆轰)。,,,,,,,,qualitative_only,false,no_reliable_numeric_measurement,,,,,,164,EVM91_dc9e9f92f6eac2e152,accepted
PROPM91_68961e1e7770268f13,RELM91_9752b8f9fbcbde50b0,MATM91_e64f1f51dc6507df77,改铵铜一2（GATo-2）,能量特性,爆温,高。燃烧室工作温度通常在 2800K - 3200K 左右。,,,,℃,field_dictionary,,高,qualitative_only,false,no_reliable_numeric_measurement,,,,,,164,EVM91_d0d6d1c1bf8bae1f9d,accepted
PROPM91_147685e1fe83d74872,RELM91_b99af8da9ee5abe52d,MATM91_e64f1f51dc6507df77,改铵铜一2（GATo-2）,能量特性,爆压,"工作压强高。追求瞬间大推力,发动机正常工作压强可达 10 MPa - 25 MPa。",,,,,,,强|高,multiple_measurements,false,multiple_primary_measurements,,爆压,,,,164,EVM91_c61820783743ad0b9c,accepted
PROPM91_b7954589aaa1b63410,RELM91_6acef48bb5f4d396ec,MATM91_e64f1f51dc6507df77,改铵铜一2（GATo-2）,能量特性,爆容,极大。产生大量高压做功排气(含多种气态与凝相物质)。,,,,,,,高,qualitative_only,false,no_reliable_numeric_measurement,,,,,,164,EVM91_252471a0328fbb7f3a,accepted
PROPM91_0edfee47b700137d34,RELM91_01d2a016dfff7f7a0a,MATM91_e64f1f51dc6507df77,改铵铜一2（GATo-2）,能量特性,威力,不适用(不做爆破衡量)。,,,,,,,,text_only,false,no_reliable_numeric_measurement,,,,,,164,EVM91_43500a291e155edcd0,accepted
PROPM91_155dae3353536eb131,RELM91_4b3c8326d6acda3e59,MATM91_e64f1f51dc6507df77,改铵铜一2（GATo-2）,能量特性,猛度,极低。,,,,,,,低|极低,text_only,false,no_reliable_numeric_measurement,,,,,,164,EVM91_5b5abacf7f417a3ae2,accepted
PROPM91_653ff7804f3295ed77,RELM91_00f85bb5876014d98b,MATM91_e64f1f51dc6507df77,改铵铜一2（GATo-2）,能量特性,起爆力,不适用。,,,,,,,,text_only,false,no_reliable_numeric_measurement,,,,,,164,EVM91_a4d3406b12365d757e,accepted
PROPM91_4c27613b5b286c9c6f,RELM91_4a4488a31ad5a26f73,MATM91_e64f1f51dc6507df77,改铵铜一2（GATo-2）,能量特性,燃烧速度(发射药、推进剂),"极快。铜催化作用下燃速极高,通常可达 20.0 - 50.0 mm/s 量级(具体依据压强和配比调节)。",,20.0,50.0,mm/s,explicit_or_field_specific,,强|极高|高,validated_range,true,,primary_value,燃烧速度,,,,164,EVM91_914299631d341fb528,accepted
PROPM91_761d5d1c3e993b849a,RELM91_cb050a00c73ef39a9b,MATM91_e64f1f51dc6507df77,改铵铜一2（GATo-2）,能量特性,火药力(发射药),不适用。主要考核指标为比冲与瞬时推力/总冲。,,,,,,,,qualitative_only,false,no_reliable_numeric_measurement,,,,,,164,EVM91_e7fb8066e4d92dda2d,accepted
PROPM91_f71b7e64d894d2ca9d,RELM91_73992806da32a60055,MATM91_d8a03917d825799188,改铵铜一3（GATo-3）,理化性质,分子量(单质),不适用(混合物),,,,,,,,qualitative_only,false,no_reliable_numeric_measurement,,,,,,165,EVM91_764816fa9c052e0192,accepted
PROPM91_1e78b3f6468330da2e,RELM91_f9a9eed59990039bc9,MATM91_d8a03917d825799188,改铵铜一3（GATo-3）,理化性质,密度,1.65 - 1.75 g/cm3(具体受金属粉及高密度铜盐添加量的影响)。,,1.65,1.75,g/cm³,explicit_or_field_specific,,高,validated_range,true,,primary_value,密度,,,,165,EVM91_7733442eb2ce4b08b9,accepted
PROPM91_ed57692a504fa6a101,RELM91_4cd5393f07a4d941ff,MATM91_d8a03917d825799188,改铵铜一3（GATo-3）,理化性质,外观,固化后通常为暗褐色、深灰色或黑色的高强度弹性固体。,,,,,,,强|高,text_only,false,no_reliable_numeric_measurement,,,,,,165,EVM91_6ef3e5c84abd4d2199,accepted
PROPM91_e16659c55d7bd29d3b,RELM91_f2c365baee1d06f15e,MATM91_d8a03917d825799188,改铵铜一3（GATo-3）,理化性质,溶解性,整体不溶于水;裸露的铵盐氧化剂具有微水溶性;粘结剂网络在特定有机溶剂中溶胀。,,,,,,,,text_only,false,no_reliable_numeric_measurement,,,,,,165,EVM91_0dd0c49a20108da440,accepted
PROPM91_d46711144e614534b3,RELM91_73d22acd30bb6bff33,MATM91_d8a03917d825799188,改铵铜一3（GATo-3）,理化性质,挥发性,极低。常温及标准贮存环境下无挥发性。,,,,,,,低|极低|无,text_only,false,no_reliable_numeric_measurement,,,,,,165,EVM91_a19f6fc3fbe856f00a,accepted
PROPM91_ae24d96a5758665aba,RELM91_e8edfe1f18002c956c,MATM91_d8a03917d825799188,改铵铜一3（GATo-3）,安全特性,摩擦感度(需对应不同测试条件),"迟钝。弹性高分子基体提供了良好的机械缓冲,常规摩擦测试不易发火(概率通常 ≤ 10%)。",10,,,%,explicit_or_field_specific,<=,高,validated_single,true,,explosion_probability,摩擦感度,<=,,,165,EVM91_8b4d56b60fab520531,accepted
PROPM91_1565b5ba39c0aaf3cd,RELM91_57e412739ebb378cd8,MATM91_d8a03917d825799188,改铵铜一3（GATo-3）,安全特性,撞击感度(需对应不同测试条件),"迟钝。抗机械跌落和震动冲击性能较好,特性落高 H50 通常 > 25cm。",25,,,cm,explicit_or_field_specific,>,高,validated_single,true,,impact_height,H50,>,,,165,EVM91_3800304b7ef61e3bec,accepted
PROPM91_758fd73147cff4d0c8,RELM91_57ca4719778e167c38,MATM91_d8a03917d825799188,改铵铜一3（GATo-3）,安全特性,冲击感度,"较低。非爆轰体系,需要强烈的起爆源才能强制起爆。",,,,,,,强|较低|低,qualitative_only,false,no_reliable_numeric_measurement,,,,,,165,EVM91_17d916390fc0943a9d,accepted
PROPM91_3ffacd1ee8b280df4a,RELM91_e323a65181f83e68f7,MATM91_d8a03917d825799188,改铵铜一3（GATo-3）,安全特性,火焰感度,"极度灵敏(核心特性)。由于含有强效铜系催化剂,极易被点火具瞬间全表面引燃。",,,,,,,强,qualitative_only,false,no_reliable_numeric_measurement,,,,,,165,EVM91_8e3bcd339e083fc03f,accepted
PROPM91_ac70d7110a45049732,RELM91_5530616b00ee7666bf,MATM91_d8a03917d825799188,改铵铜一3（GATo-3）,安全特性,静电感度(需对应不同测试条件),成品极低。但含强效催化剂的干粉混合及药浆搅拌阶段静电危险性极大。,,,,,,,强|低|极低,qualitative_only,false,no_reliable_numeric_measurement,,,,,,165,EVM91_4653e01204d3da87ee,accepted
PROPM91_0bf1f261051f16784f,RELM91_3ad29e9f3b4960d3a0,MATM91_d8a03917d825799188,改铵铜一3（GATo-3）,安全特性,热感度(5s爆发点),"250°C - 280°C(注意:铜催化剂会显著降低铵盐的爆发点和热稳定性,使其对热更敏感)。",,,,,,,敏感|低,multiple_measurements,false,multiple_primary_measurements,,热感度(5s爆发点),,,5,165,EVM91_3e9b2f77ba00583006,accepted
PROPM91_6e6a522d6ff682f0c8,RELM91_c7e2010c7b54fa9aa2,MATM91_d8a03917d825799188,改铵铜一3（GATo-3）,安全特性,电火花感度,"较灵敏。因含有高活性金属催化剂,其电火花感度往往略高于未加催化的同类推进剂。",,,,,,,高,qualitative_only,false,no_reliable_numeric_measurement,,,,,,165,EVM91_98cc4dfe55b6324247,accepted
PROPM91_06eecb6a5d2d830707,RELM91_c83afaa738ee8012c1,MATM91_d8a03917d825799188,改铵铜一3（GATo-3）,安全特性,吸湿性,"低。基体防潮隔绝性好,仅未包覆的裸露面存在微小吸湿。",,,,,,,低|吸湿,text_only,false,no_reliable_numeric_measurement,,,,,,165,EVM91_6caa460bde822de1ad,accepted
PROPM91_979d3e3855c91a117d,RELM91_629e48689650fd715b,MATM91_d8a03917d825799188,改铵铜一3（GATo-3）,安全特性,熔点,"不适用(热固性交联弹性体,不熔融,直接分解)。",,,,,,,,qualitative_only,false,no_reliable_numeric_measurement,,,,,,165,EVM91_388b7eadeea5867f14,accepted
PROPM91_55371a417504f60200,RELM91_b654165a1998e3b347,MATM91_d8a03917d825799188,改铵铜一3（GATo-3）,安全特性,分解温度,"剧烈放热分解峰显著前移,通常在 220°C - 260°C 即开始快速分解燃烧。",,,,,,,,multiple_measurements,false,multiple_primary_measurements,,分解温度,,,,165,EVM91_aaaee394394ab1c60f,accepted
PROPM91_186b4db82b9595203b,RELM91_ad8862a2ffcd56d612,MATM91_d8a03917d825799188,改铵铜一3（GATo-3）,能量特性,爆速,不适用(设计用途严禁发生爆轰)。,,,,,,,,qualitative_only,false,no_reliable_numeric_measurement,,,,,,165,EVM91_dfa63180eeef7a38a0,accepted
PROPM91_b47cc7ca07ec8a048d,RELM91_b97f8747f301c7f783,MATM91_d8a03917d825799188,改铵铜一3（GATo-3）,能量特性,爆温,高。燃烧室温度通常在 2800K - 3200K 之间。,,,,℃,field_dictionary,,高,qualitative_only,false,no_reliable_numeric_measurement,,,,,,165,EVM91_3086ed7bcadf9d0fa2,accepted
PROPM91_5317c565d37fb28960,RELM91_132c02ce032e05c592,MATM91_d8a03917d825799188,改铵铜一3（GATo-3）,能量特性,爆压,"工作压强极高。为满足瞬时大推力,其发动机正常工作压强常达 10 MPa - 25 MPa 甚至更高。",,,,,,,强|极高|高,multiple_measurements,false,multiple_primary_measurements,,爆压,,,,165,EVM91_1cc53fa98a933d69a9,accepted
PROPM91_7e313534d95ebfa44f,RELM91_4706f87c9d1b5c1007,MATM91_d8a03917d825799188,改铵铜一3（GATo-3）,能量特性,爆容,极大。产生大量高压做功气体及少量凝聚相产物。,,,,,,,高,qualitative_only,false,no_reliable_numeric_measurement,,,,,,165,EVM91_e206de237c95648e8a,accepted
PROPM91_68ad72c640b683bcb0,RELM91_0eb2c242e21203f166,MATM91_d8a03917d825799188,改铵铜一3（GATo-3）,能量特性,威力,不适用(不考核爆炸破坏威力)。,,,,,,,,text_only,false,no_reliable_numeric_measurement,,,,,,165,EVM91_5b67fe23af5e968b21,accepted
PROPM91_f58303eab2a0a56807,RELM91_43bfc012c3a29391e6,MATM91_d8a03917d825799188,改铵铜一3（GATo-3）,能量特性,猛度,极低。,,,,,,,低|极低,text_only,false,no_reliable_numeric_measurement,,,,,,165,EVM91_efbda05a9d0a050c4f,accepted
PROPM91_fcb9732c92da93cd7b,RELM91_0f5bd20dc72eb455ad,MATM91_d8a03917d825799188,改铵铜一3（GATo-3）,能量特性,起爆力,不适用。,,,,,,,,text_only,false,no_reliable_numeric_measurement,,,,,,165,EVM91_270be9e2b056217f94,accepted
PROPM91_830c23990baca1e856,RELM91_623d85729f671735e2,MATM91_d8a03917d825799188,改铵铜一3（GATo-3）,能量特性,燃烧速度(发射药、推进剂),"核心战术指标:极快。在铜系催化剂的高效作用下,其常压及高压下的燃速均极高(通常达 20.0 - 50.0 mm/s 的量级)。",,20.0,50.0,mm/s,explicit_or_field_specific,,极高|高,validated_range,true,,primary_value,燃烧速度,,,,165,EVM91_40b37e6f1540705696,accepted
PROPM91_1c38375757b125de29,RELM91_7ae0a72f733c70e007,MATM91_d8a03917d825799188,改铵铜一3（GATo-3）,能量特性,火药力(发射药),"不适用。主要考核指标为比冲和总冲,其属于高能级别。",,,,,,,高,qualitative_only,false,no_reliable_numeric_measurement,,,,,,165,EVM91_bb30a20a6fc7e6e6d4,accepted
PROPM91_1d776d0d01b0b15a93,RELM91_f608a2cea0ca647ee2,MATM91_2705d3a206d0117d54,200kg航弹发动机主装药,理化性质,分子量(单质),不适用(混合物),,,,,,,,qualitative_only,false,no_reliable_numeric_measurement,,,,,,166,EVM91_4b7ddc7fbaeff8da5a,accepted
PROPM91_f650e6403a59346d76,RELM91_379d2e75bb2cf40451,MATM91_2705d3a206d0117d54,200kg航弹发动机主装药,理化性质,密度,1.65 - 1.75 g/cm3(受铝粉等固含率影响)。,,1.65,1.75,g/cm³,explicit_or_field_specific,,,validated_range,true,,primary_value,密度,,,,166,EVM91_a1e951238ce9dc581c,accepted
PROPM91_8eca5dda7e72c9137b,RELM91_8b5a719ca89e55a1b3,MATM91_2705d3a206d0117d54,200kg航弹发动机主装药,理化性质,外观,"固化后为暗灰色或黑色的高强度固体。为获得极大的初始燃面,药柱截面通常被设计为复杂的多角星型或齿轮型通孔。",,,,,,,强|高,text_only,false,no_reliable_numeric_measurement,,,,,,166,EVM91_e45a64aaa0b42bdb0b,accepted
PROPM91_d91b8f63f2806ab1b0,RELM91_99fb11702af46d6ee6,MATM91_2705d3a206d0117d54,200kg航弹发动机主装药,理化性质,溶解性,整体不溶于水;部分基体或端面裸露的氧化剂微溶于特定的有机溶剂或水。,,,,,,,,text_only,false,no_reliable_numeric_measurement,,,,,,166,EVM91_2f4247fb54e5d72c91,accepted
PROPM91_59b0fdb169a33432a0,RELM91_099c3050c9bb8ad06f,MATM91_2705d3a206d0117d54,200kg航弹发动机主装药,理化性质,挥发性,极低。常温及高空低温环境下无挥发性。,,,,,,,低|极低|高|无,text_only,false,no_reliable_numeric_measurement,,,,,,166,EVM91_5847bc019aee666225,accepted
PROPM91_549bd91b3284a2b1a7,RELM91_4b100a2923b5ab92d5,MATM91_2705d3a206d0117d54,200kg航弹发动机主装药,安全特性,摩擦感度(需对应不同测试条件),"极其迟钝。作为航弹主装药,其力学缓冲和抗摩擦性能要求极高,摩擦发火概率通常 ≤ 5%。",5,,,%,explicit_or_field_specific,<=,极高|高,validated_single,true,,explosion_probability,摩擦感度,<=,,,166,EVM91_3575bc2b5bf369ee20,accepted
PROPM91_60f2234483bf7e9286,RELM91_4caa8f9f7537fd3f0a,MATM91_2705d3a206d0117d54,200kg航弹发动机主装药,安全特性,撞击感度(需对应不同测试条件),"极其迟钝。为抵抗开伞冲击和挂载跌落,抗机械撞击性能必须极其优异(特性落高 H50 通常 > 30cm)。",30,,,cm,explicit_or_field_specific,>,高,validated_single,true,,impact_height,H50,>,,,166,EVM91_8e94a4066ce98dfcfd,accepted
PROPM91_bc9ad1bd448b042f87,RELM91_016fd247668ba9675d,MATM91_2705d3a206d0117d54,200kg航弹发动机主装药,安全特性,冲击感度,"较低。作为推进剂具有高冲击钝感,需极强起爆源才能引发爆炸。",,,,,,,强|较低|低|高,qualitative_only,false,no_reliable_numeric_measurement,,,,,,166,EVM91_51a161fc5a61a2f85d,accepted
PROPM91_e7db74dfa0a28f2d61,RELM91_b705aff88d5e0c8e8a,MATM91_2705d3a206d0117d54,200kg航弹发动机主装药,安全特性,火焰感度,极度灵敏。必须能被配套的特种点火药(如前述的GHQ/GOQ系列)在毫秒内瞬间全表面可靠引燃。,,,,,,,,qualitative_only,false,no_reliable_numeric_measurement,,,,,,166,EVM91_2261a87afd234d471f,accepted
PROPM91_e92bb7d8a01657f301,RELM91_d1779435ff5915f327,MATM91_2705d3a206d0117d54,200kg航弹发动机主装药,安全特性,静电感度(需对应不同测试条件),成品极低。但干粉混合及药浆浇注阶段静电危险性极大。,,,,,,,低|极低,qualitative_only,false,no_reliable_numeric_measurement,,,,,,166,EVM91_541efb59192c68bdb5,accepted
PROPM91_083316651e4cf99240,RELM91_504ca80addf6d10f00,MATM91_2705d3a206d0117d54,200kg航弹发动机主装药,安全特性,热感度(5s爆发点),> 280°C - 300°C(受氧化剂/双基体系分解温度主导)。,,,,,,,,multiple_measurements,false,multiple_primary_measurements,,热感度(5s爆发点),,,5,166,EVM91_b51eb937836d7b6b1c,accepted
PROPM91_1e76821f272b8f4c1d,RELM91_12f0066ee132209548,MATM91_2705d3a206d0117d54,200kg航弹发动机主装药,安全特性,电火花感度,较低。成品形成交联网络后绝缘防静电性能较好。,,,,,,,较低|低,qualitative_only,false,no_reliable_numeric_measurement,,,,,,166,EVM91_92a31c325f8aad7e19,accepted
PROPM91_9986b871ac1a039336,RELM91_6871006129dea1537d,MATM91_2705d3a206d0117d54,200kg航弹发动机主装药,安全特性,吸湿性,低。防潮包裹性良好。,,,,,,,低,text_only,false,no_reliable_numeric_measurement,,,,,,166,EVM91_9357100c3802a6d430,accepted
PROPM91_0a68d57fca066a2b21,RELM91_33dd98a386c332e2d4,MATM91_2705d3a206d0117d54,200kg航弹发动机主装药,安全特性,熔点,"不适用(交联弹性体受热不熔化,直接分解)。",,,,,,,,qualitative_only,false,no_reliable_numeric_measurement,,,,,,166,EVM91_561a0f72dd2700d97a,accepted
PROPM91_3e91fe64d88970bfd3,RELM91_d8cb8847ee5d357932,MATM91_2705d3a206d0117d54,200kg航弹发动机主装药,安全特性,分解温度,体系的剧烈放热分解区间通常在 250°C - 300°C 左右。,,,,,,,,multiple_measurements,false,multiple_primary_measurements,,分解温度,,,,166,EVM91_3254c41581a05cf2b1,accepted
PROPM91_966ea2b0b63a3da312,RELM91_83fbda40dfc27636b0,MATM91_2705d3a206d0117d54,200kg航弹发动机主装药,能量特性,爆速,不适用(设计严禁发生爆轰)。,,,,,,,,qualitative_only,false,no_reliable_numeric_measurement,,,,,,166,EVM91_34e13f029e19ac7601,accepted
PROPM91_e78ba176f59777f08a,RELM91_1c3aa76b2ed0a9514d,MATM91_2705d3a206d0117d54,200kg航弹发动机主装药,能量特性,爆温,"极高。燃烧室温度可达 3000K - 3400K 之间,提供巨大的热能。",,,,℃,field_dictionary,,极高|高,qualitative_only,false,no_reliable_numeric_measurement,,,,,,166,EVM91_0cdd7806bd3a301d81,accepted
PROPM91_9a007da97592c864c0,RELM91_64df480e8644722884,MATM91_2705d3a206d0117d54,200kg航弹发动机主装药,能量特性,爆压,"工作压强极高。由于要在极短时间内释放巨大推力加速航弹,其燃烧室瞬时工作压强远超普通导弹,常达 15 MPa - 25 MPa。",,,,,,,强|极高|高,multiple_measurements,false,multiple_primary_measurements,,爆压,,,,166,EVM91_8bf5c80a825975486d,accepted
PROPM91_4441f0857e5e6e306a,RELM91_73fb2ea768f213b698,MATM91_2705d3a206d0117d54,200kg航弹发动机主装药,能量特性,爆容,极大。瞬间喷射出海量的高压做功气体和凝聚相微粒。,,,,,,,高,qualitative_only,false,no_reliable_numeric_measurement,,,,,,166,EVM91_4c6d1f1bc0a672f240,accepted
PROPM91_bb90e60be295dce793,RELM91_6fdaff65ac33124789,MATM91_2705d3a206d0117d54,200kg航弹发动机主装药,能量特性,威力,"不适用(不做爆炸破坏使用,依赖物理动能侵彻)。",,,,,,,,text_only,false,no_reliable_numeric_measurement,,,,,,166,EVM91_872dcda6769a262cd7,accepted
PROPM91_7e9913e881328be273,RELM91_250f0db860d8cc1ccf,MATM91_2705d3a206d0117d54,200kg航弹发动机主装药,能量特性,猛度,极低。,,,,,,,低|极低,text_only,false,no_reliable_numeric_measurement,,,,,,166,EVM91_209a76cb086759c054,accepted
PROPM91_4409d5006c487ee786,RELM91_3419543e2c53114f5c,MATM91_2705d3a206d0117d54,200kg航弹发动机主装药,能量特性,起爆力,不适用。,,,,,,,,text_only,false,no_reliable_numeric_measurement,,,,,,166,EVM91_161afedeae43c1e68f,accepted
PROPM91_0f00b4ce308bdeadc3,RELM91_4cae05fa5b9491746c,MATM91_2705d3a206d0117d54,200kg航弹发动机主装药,能量特性,燃烧速度(发射药、推进剂),"核心战术指标:极快。配合极高的膛压及燃速催化剂,其工作燃速通常可达 20.0 - 40.0 mm/s 甚至更高。",,20.0,40.0,mm/s,explicit_or_field_specific,,极高|高,validated_range,true,,primary_value,燃烧速度,,,,166,EVM91_f0974366b8e585e215,accepted
PROPM91_885f02ecde82361305,RELM91_56ce1d43db4cdd7297,MATM91_2705d3a206d0117d54,200kg航弹发动机主装药,能量特性,火药力(发射药),"不适用。作为助推发动机,主要考核大推力曲线和瞬时总冲。",,,,,,,,qualitative_only,false,no_reliable_numeric_measurement,,,,,,166,EVM91_2fffb373c5ad028b6e,accepted
PROPM91_1917c0cf7b51749fec,RELM91_406235ac28b82d0629,MATM91_3ebc029f58ced39352,改黑铅一1,理化性质,密度,1.80 - 2.05 g/cm3(表观密度显著高于普通黑火药)。,,1.80,2.05,g/cm³,explicit_or_field_specific,,高,validated_range,true,,primary_value,密度,,,,167,EVM91_2b86a921983b1d8349,accepted
PROPM91_83c43920f3c5750d22,RELM91_6a8b8aa6ff548deee4,MATM91_3ebc029f58ced39352,改黑铅一1,理化性质,外观,黑色或暗灰色的细小无定形粉末或微颗粒。,,,,,,,无,text_only,false,no_reliable_numeric_measurement,,,,,,167,EVM91_0761342f0776fa8597,accepted
PROPM91_cdef9cf238f426004a,RELM91_e3811ee78347a676d9,MATM91_3ebc029f58ced39352,改黑铅一1,理化性质,溶解性,"硝酸钾极易溶于水,使药剂失效;其余组分不溶。",,,,,,,,text_only,false,no_reliable_numeric_measurement,,,,,,167,EVM91_7d608d895d67067b9c,accepted
PROPM91_47a1a29e9132f67d38,RELM91_57f85b4495de3a58dd,MATM91_3ebc029f58ced39352,改黑铅一1,理化性质,挥发性,无。,,,,,,,无,text_only,false,no_reliable_numeric_measurement,,,,,,167,EVM91_0e966baa24a03d3752,accepted
PROPM91_73b5dcfd166a671ff9,RELM91_39331382aa911c6cf5,MATM91_3ebc029f58ced39352,改黑铅一1,安全特性,摩擦感度(需对应不同测试条件),"极灵敏。对机械摩擦异常敏感,极易摩擦发火。",,,,,,,敏感,qualitative_only,false,no_reliable_numeric_measurement,,,,,,167,EVM91_07a2da94eb3a1d5621,accepted
PROPM91_9426d7cca700be3908,RELM91_2fd590e4d442999e33,MATM91_3ebc029f58ced39352,改黑铅一1,安全特性,撞击感度(需对应不同测试条件),较灵敏。落锤极易发火。,,,,,,,,qualitative_only,false,no_reliable_numeric_measurement,,,,,,167,EVM91_4962dd232655bb32e4,accepted
PROPM91_bff9e9f52013eb18b8,RELM91_96ac3337c92146fac5,MATM91_3ebc029f58ced39352,改黑铅一1,安全特性,冲击感度,敏感。受强冲击波易殉爆。,,,,,,,敏感|强,qualitative_only,false,no_reliable_numeric_measurement,,,,,,167,EVM91_b6bca8571e34cb08ce,accepted
PROPM91_b9e9fc7d53f391b17e,RELM91_aa9f1297e0814ec37d,MATM91_3ebc029f58ced39352,改黑铅一1,安全特性,火焰感度,极度灵敏(核心特性)。极微弱的明火/热流即瞬间引发爆燃。,,,,,,,,qualitative_only,false,no_reliable_numeric_measurement,,,,,,167,EVM91_aa40703dca41087d98,accepted
PROPM91_8b6d27f27d9ddf954f,RELM91_8d0ebf64998b52f5fd,MATM91_3ebc029f58ced39352,改黑铅一1,安全特性,静电感度(需对应不同测试条件),"极灵敏。对静电放电极其敏感,是引发事故的最主要隐患之一。",,,,,,,敏感,qualitative_only,false,no_reliable_numeric_measurement,,,,,,167,EVM91_4fdf933c22d585afc8,accepted
PROPM91_aedf6bfcfb4283252b,RELM91_2f1e2a77232eec802f,MATM91_3ebc029f58ced39352,改黑铅一1,安全特性,热感度(5s爆发点),280°C - 300°C(黑火药基础爆发点)。,,,,,,,,multiple_measurements,false,multiple_primary_measurements,,热感度(5s爆发点),,,5,167,EVM91_f335521e99b904c55c,accepted
PROPM91_19b66f4a539bde7e83,RELM91_d2158765edcb4b1f25,MATM91_3ebc029f58ced39352,改黑铅一1,安全特性,电火花感度,高度灵敏。微小火花能量即可点燃。,,,,,,,高,qualitative_only,false,no_reliable_numeric_measurement,,,,,,167,EVM91_7d8a5b04172a9dc6a5,accepted
PROPM91_ed6fc8654accd65c7c,RELM91_283ebeacdc01136a0e,MATM91_3ebc029f58ced39352,改黑铅一1,安全特性,吸湿性,高(致命弱点)。硝酸钾极易吸潮导致点火失效。,,,,,,,高,text_only,false,no_reliable_numeric_measurement,,,,,,167,EVM91_14f8eadf851b0b62ec,accepted
PROPM91_0e4122e20a842c806b,RELM91_2f8152917f5ae14345,MATM91_3ebc029f58ced39352,改黑铅一1,安全特性,熔点,不适用(不熔化直接燃烧)。,,,,,,,,qualitative_only,false,no_reliable_numeric_measurement,,,,,,167,EVM91_f8a68fc0fcb77616a1,accepted
PROPM91_7c25b414ded33274fc,RELM91_9e0284d7f8c174a441,MATM91_3ebc029f58ced39352,改黑铅一1,安全特性,分解温度,约 280°C 开始剧烈爆燃。,280,,,℃,explicit_or_field_specific,~,,validated_single,true,,onset_temperature,分解温度,~,,,167,EVM91_aa695332f90c26ba47,accepted
PROPM91_ee39b033826120eb28,RELM91_49d21d88c9470a3135,MATM91_3ebc029f58ced39352,改黑铅一1,能量特性,爆速,"较低。通常呈瞬间爆燃(数百 m/s),非典型爆轰。",,,,m/s,explicit_text,,较低|低,qualitative_only,false,no_reliable_numeric_measurement,,,,,,167,EVM91_40702f16ee4fcf090c,accepted
PROPM91_02e9a4039591889691,RELM91_317ac862965e10bccd,MATM91_3ebc029f58ced39352,改黑铅一1,能量特性,爆温,"局部极高。炽热铅渣液滴温度 > 2500K,用于强力烧蚀点燃主药。",,,,℃,field_dictionary,,强|极高|高,qualitative_only,false,no_reliable_numeric_measurement,,,,,,167,EVM91_b49d3545a1da85f246,accepted
PROPM91_e27a2c9a5e2314e117,RELM91_794c8d74dcf2d1fcba,MATM91_3ebc029f58ced39352,改黑铅一1,能量特性,爆压,低。不产生强力爆压。,,,,,,,强|低,qualitative_only,false,no_reliable_numeric_measurement,,,,,,167,EVM91_f2ffed1c4fa951b981,accepted
PROPM91_9e69851d3053f403b0,RELM91_c9d7ce18a7ad7f34bb,MATM91_3ebc029f58ced39352,改黑铅一1,能量特性,爆容,中等偏低(加铅盐后比纯黑火药产气量更低)。,,,,,,,中等|低,qualitative_only,false,no_reliable_numeric_measurement,,,,,,167,EVM91_bceb4407f46dc65871,accepted
PROPM91_963d6125666fb5b531,RELM91_50526a3e7e720b6f7d,MATM91_3ebc029f58ced39352,改黑铅一1,能量特性,威力,低(不作为做功炸药)。,,,,,,,低,text_only,false,no_reliable_numeric_measurement,,,,,,167,EVM91_6ea8b5b529077c78ec,accepted
PROPM91_c74ab9c015a4e5157d,RELM91_85debddc3dd2b1426e,MATM91_3ebc029f58ced39352,改黑铅一1,能量特性,猛度,低。,,,,,,,低,text_only,false,no_reliable_numeric_measurement,,,,,,167,EVM91_00d6c350bdbf3a8998,accepted
PROPM91_e01d27a89f1c82e30e,RELM91_16699ab4408b31df87,MATM91_3ebc029f58ced39352,改黑铅一1,能量特性,起爆力,不适用。,,,,,,,,text_only,false,no_reliable_numeric_measurement,,,,,,167,EVM91_bff9894ce4ceb09a18,accepted
PROPM91_194e610e936fceac82,RELM91_7a93b8c3edef8099a0,MATM91_3ebc029f58ced39352,改黑铅一1,能量特性,燃烧速度(发射药、推进剂),极快(点火器空间内呈毫秒级瞬间燃烧)。,,,,,,,,qualitative_only,false,no_reliable_numeric_measurement,,,,,,167,EVM91_98c626b2041a3acb98,accepted
PROPM91_f86b8625e3a43b6945,RELM91_1c510199698819bf79,MATM91_3ebc029f58ced39352,改黑铅一1,能量特性,火药力(发射药),较低(含不产气重金属)。,,,,,,,较低|低,qualitative_only,false,no_reliable_numeric_measurement,,,,,,167,EVM91_ad0150b7da725f8fba,accepted
PROPM91_c3454592c5b8366673,RELM91_915e479eaf7782f4af,MATM91_8ec5b983f65e36024f,改奥铅一l（GOQ-1）,理化性质,密度,1.85 - 1.95 g/cm3(高密度),,1.85,1.95,g/cm³,explicit_or_field_specific,,高,validated_range,true,,primary_value,密度,,,,168,EVM91_1f74e8dc6e0bfdf1bc,accepted
PROPM91_5bbfb19262624ada5d,RELM91_5d33817765af711bd2,MATM91_8ec5b983f65e36024f,改奥铅一l（GOQ-1）,理化性质,外观,视造粒工艺呈暗灰色或带特征颜色的细小颗粒/粉末。,,,,,,,,text_only,false,no_reliable_numeric_measurement,,,,,,168,EVM91_bc4c869c363141ffb7,accepted
PROPM91_9d8e7bc90d7348c725,RELM91_b1d27552f1ff4f8eba,MATM91_8ec5b983f65e36024f,改奥铅一l（GOQ-1）,理化性质,溶解性,"HMX微溶于极性溶剂,不溶于水;铅盐多不溶于水。",,,,,,,,text_only,false,no_reliable_numeric_measurement,,,,,,168,EVM91_0717a5c637990c4025,accepted
PROPM91_3047dd6e6c6671ef7c,RELM91_13b8fee20e337ce678,MATM91_8ec5b983f65e36024f,改奥铅一l（GOQ-1）,理化性质,挥发性,无。,,,,,,,无,text_only,false,no_reliable_numeric_measurement,,,,,,168,EVM91_92685a0573e7dd337c,accepted
PROPM91_4713b5e26918b4e492,RELM91_44f8905743186d008f,MATM91_8ec5b983f65e36024f,改奥铅一l（GOQ-1）,安全特性,摩擦感度(需对应不同测试条件),"较灵敏。铅盐硬颗粒易导致HMX局部受摩擦发火,需严防物理摩擦。",,,,,,,,qualitative_only,false,no_reliable_numeric_measurement,,,,,,168,EVM91_b40659a7a2a9645e96,accepted
PROPM91_cdf1964a3c2c6944b3,RELM91_f46796d3e935c3d5d7,MATM91_8ec5b983f65e36024f,改奥铅一l（GOQ-1）,安全特性,撞击感度(需对应不同测试条件),"较灵敏。HMX本身撞击敏感性高,压药装配需极度谨慎。",,,,,,,敏感|高,qualitative_only,false,no_reliable_numeric_measurement,,,,,,168,EVM91_352c5df80da635ae7f,accepted
PROPM91_807fb92070a4b21355,RELM91_2bdaac35a9a1282703,MATM91_8ec5b983f65e36024f,改奥铅一l（GOQ-1）,安全特性,冲击感度,敏感。易被冲击波/雷管起爆。,,,,,,,敏感,qualitative_only,false,no_reliable_numeric_measurement,,,,,,168,EVM91_6f269723cbd5b5e141,accepted
PROPM91_b80d1c4e9800e53a8d,RELM91_744a90a92dad6891d6,MATM91_8ec5b983f65e36024f,改奥铅一l（GOQ-1）,安全特性,火焰感度,灵敏。对高温火焰及热粒子高度敏感(传火需求)。,,,,,,,高度敏感|敏感|高,qualitative_only,false,no_reliable_numeric_measurement,,,,,,168,EVM91_338a73ae71a9532917,accepted
PROPM91_925fc802af336e4160,RELM91_022a4fa05d8cd43c04,MATM91_8ec5b983f65e36024f,改奥铅一l（GOQ-1）,安全特性,静电感度(需对应不同测试条件),"较灵敏。干燥药粉易积累静电发火,加工须防静电接地。",,,,,,,,qualitative_only,false,no_reliable_numeric_measurement,,,,,,168,EVM91_9acff79c4b23ee9c0a,accepted
PROPM91_0c5bae602c5fd5deb4,RELM91_9404bc930c39fbe8ff,MATM91_8ec5b983f65e36024f,改奥铅一l（GOQ-1）,安全特性,热感度(5s爆发点),310°C - 330°C(HMX耐热性高)。,,,,,,,高,multiple_measurements,false,multiple_primary_measurements,,热感度(5s爆发点),,,5,168,EVM91_007171ce8053dc481a,accepted
PROPM91_23468bd4cb6296947a,RELM91_1f6aae67a1f2f9f3aa,MATM91_8ec5b983f65e36024f,改奥铅一l（GOQ-1）,安全特性,电火花感度,灵敏。易被电火花激发起爆。,,,,,,,,qualitative_only,false,no_reliable_numeric_measurement,,,,,,168,EVM91_e3a4133e8557e301f0,accepted
PROPM91_659908a157ec62a8b0,RELM91_7178d7fdf7d8d8684b,MATM91_8ec5b983f65e36024f,改奥铅一l（GOQ-1）,安全特性,吸湿性,极低。HMX及粘结剂基本不吸水。,,,,,,,低|极低,text_only,false,no_reliable_numeric_measurement,,,,,,168,EVM91_27f802c636020bd041,accepted
PROPM91_cd6210fbf257059161,RELM91_4d1a0a81ce7d916fbc,MATM91_8ec5b983f65e36024f,改奥铅一l（GOQ-1）,安全特性,熔点,HMX熔点 275°C - 280°C。,,,,,,,,multiple_measurements,false,multiple_primary_measurements,,熔点,,,,168,EVM91_7bafb830b6cc8fbac9,accepted
PROPM91_b0712ad6b108374328,RELM91_5d1b5c5470f56dfaa9,MATM91_8ec5b983f65e36024f,改奥铅一l（GOQ-1）,安全特性,分解温度,> 280°C 开始剧烈分解起爆。,280,,,℃,explicit_or_field_specific,>,,validated_single,true,,onset_temperature,分解温度,>,,,168,EVM91_fc5ba709ec82e27144,accepted
PROPM91_dabbbbe084d65a432b,RELM91_50754094f8d0a75471,MATM91_8ec5b983f65e36024f,改奥铅一l（GOQ-1）,能量特性,爆速,极高。强约束起爆可达 7500 - 8500 m/s 量级。,,7500,8500,m/s,explicit_or_field_specific,,强|极高|高,validated_range,true,,primary_value,爆速,,,,168,EVM91_03cdb4a467103047a5,accepted
PROPM91_96c4bff9d78c24764e,RELM91_ed30fe78f312da50e0,MATM91_8ec5b983f65e36024f,改奥铅一l（GOQ-1）,能量特性,爆温,"极高。HMX高能放热,爆温 > 3500K。",,,,℃,field_dictionary,,极高|高,qualitative_only,false,no_reliable_numeric_measurement,,,,,,168,EVM91_231fdd98cf904e34b0,accepted
PROPM91_6d8a0fa9dfa87d2c28,RELM91_91967e2f3d6a0a7c6f,MATM91_8ec5b983f65e36024f,改奥铅一l（GOQ-1）,能量特性,爆压,高。爆压可达 25 - 35 GPa 量级。,,25,35,GPa,explicit_or_field_specific,,高,validated_range,true,,primary_value,爆压,,,,168,EVM91_eb8efb149026296d73,accepted
PROPM91_9faa51879f0d6a9df2,RELM91_09f0079987bc72f61f,MATM91_8ec5b983f65e36024f,改奥铅一l（GOQ-1）,能量特性,爆容,中等偏高。HMX产气量大。,,,,,,,中等|高,qualitative_only,false,no_reliable_numeric_measurement,,,,,,168,EVM91_b1bded58b7dddfa819,accepted
PROPM91_81df4874a3562a9dff,RELM91_fbb5f3399aa78c7d9c,MATM91_8ec5b983f65e36024f,改奥铅一l（GOQ-1）,能量特性,威力,"高(远超普通火药,属高能炸药级别)。",,,,,,,高,text_only,false,no_reliable_numeric_measurement,,,,,,168,EVM91_570260aad64dd369d8,accepted
PROPM91_2ad7ab9ae8b6c6f24d,RELM91_ed0a7a3f019a9e3113,MATM91_8ec5b983f65e36024f,改奥铅一l（GOQ-1）,能量特性,猛度,高(粉碎破坏作用强)。,,,,,,,强|高,text_only,false,no_reliable_numeric_measurement,,,,,,168,EVM91_33662c646852907248,accepted
PROPM91_37410ea9e2779a77f3,RELM91_6f6f742e9968da4fcd,MATM91_8ec5b983f65e36024f,改奥铅一l（GOQ-1）,能量特性,起爆力,强。可用作高能扩爆药起爆钝感装药。,,,,,,,强|高,text_only,false,no_reliable_numeric_measurement,,,,,,168,EVM91_87611898bb9e3418d8,accepted
PROPM91_f14863726aa266b2a0,RELM91_610c7923a61ae794d1,MATM91_8ec5b983f65e36024f,改奥铅一l（GOQ-1）,能量特性,燃烧速度(发射药、推进剂),极快(非爆轰时呈瞬间爆燃状态)。,,,,,,,,qualitative_only,false,no_reliable_numeric_measurement,,,,,,168,EVM91_584764eb3b6c7ccbaa,accepted
PROPM91_0e900b94b26a010423,RELM91_4f67437ae3cbcc4d55,MATM91_8ec5b983f65e36024f,改奥铅一l（GOQ-1）,能量特性,火药力(发射药),不适用。,,,,,,,,qualitative_only,false,no_reliable_numeric_measurement,,,,,,168,EVM91_a7f2c09054ad34ec88,accepted
PROPM91_b0c645cb683672e59b,RELM91_084ef4e19f80d07416,MATM91_d9e11aba4d048c747f,改奥铅一2（GOQ-2）,理化性质,分子量(单质),不适用(多组分混合物),,,,,,,,qualitative_only,false,no_reliable_numeric_measurement,,,,,,169,EVM91_2615b62858af7e871b,accepted
PROPM91_3ff26a6f299d2783fa,RELM91_1d921d48d723a8d064,MATM91_d9e11aba4d048c747f,改奥铅一2（GOQ-2）,理化性质,密度,1.85 - 1.95 g/cm3(属高密度装药)。,,1.85,1.95,g/cm³,explicit_or_field_specific,,高,validated_range,true,,primary_value,密度,,,,169,EVM91_43462f16f3f94f6209,accepted
PROPM91_bfa00f0eabb250a688,RELM91_885b6f1dd525636a66,MATM91_d9e11aba4d048c747f,改奥铅一2（GOQ-2）,理化性质,外观,"视具体造粒工艺和铅盐颜色,通常为暗灰色、灰白色或略带特征颜色的细小颗粒/粉末。",,,,,,,,text_only,false,no_reliable_numeric_measurement,,,,,,169,EVM91_7b2427ceec01b34c77,accepted
PROPM91_f7d8d867abb07c61c5,RELM91_eca304fe7d7bef6eea,MATM91_d9e11aba4d048c747f,改奥铅一2（GOQ-2）,理化性质,溶解性,整体不溶于水;主体HMX溶于丙酮等极性溶剂;常用铅盐不溶。,,,,,,,,text_only,false,no_reliable_numeric_measurement,,,,,,169,EVM91_57912900d13b0ec8ce,accepted
PROPM91_c305973122ebb575ef,RELM91_82a25bae0a5a6130f8,MATM91_d9e11aba4d048c747f,改奥铅一2（GOQ-2）,理化性质,挥发性,无。常温下不挥发。,,,,,,,无,text_only,false,no_reliable_numeric_measurement,,,,,,169,EVM91_2c511e9fb0afab7933,accepted
PROPM91_c32b072549ef4a9155,RELM91_297622a88870bbdf68,MATM91_d9e11aba4d048c747f,改奥铅一2（GOQ-2）,安全特性,摩擦感度(需对应不同测试条件),"较灵敏。硬质铅盐颗粒会增加HMX的摩擦发火率,对机械摩擦敏感。",,,,,,,敏感,qualitative_only,false,no_reliable_numeric_measurement,,,,,,169,EVM91_fa2294bb3c6abdde45,accepted
PROPM91_2798b851c805bb783c,RELM91_562b6b381f40e86a5d,MATM91_d9e11aba4d048c747f,改奥铅一2（GOQ-2）,安全特性,撞击感度(需对应不同测试条件),"较灵敏。主体HMX机械敏感性较高,落锤测试易发火,压药装配需极谨慎。",,,,,,,敏感|高,qualitative_only,false,no_reliable_numeric_measurement,,,,,,169,EVM91_5ace9c27e78a555a0b,accepted
PROPM91_224036a59309e69868,RELM91_206a2698967c87cb77,MATM91_d9e11aba4d048c747f,改奥铅一2（GOQ-2）,安全特性,冲击感度,敏感。容易被冲击波直接起爆发生爆轰。,,,,,,,敏感,qualitative_only,false,no_reliable_numeric_measurement,,,,,,169,EVM91_4cf2644f44f5847eb2,accepted
PROPM91_08bc348d0f3ba821f0,RELM91_d32568a8054e1eed4c,MATM91_d9e11aba4d048c747f,改奥铅一2（GOQ-2）,安全特性,火焰感度,"灵敏。具备传火点火功能,对高温火焰及热源高度敏感。",,,,,,,高度敏感|敏感|高,qualitative_only,false,no_reliable_numeric_measurement,,,,,,169,EVM91_4c5342c50d0051b3e8,accepted
PROPM91_07183ce30aba9ecb07,RELM91_d8021dad700e9db185,MATM91_d9e11aba4d048c747f,改奥铅一2（GOQ-2）,安全特性,静电感度(需对应不同测试条件),"较灵敏。干燥药粉易产生静电积累,加工全流程必须严格防静电接地。",,,,,,,,qualitative_only,false,no_reliable_numeric_measurement,,,,,,169,EVM91_c57c7331987994c5ea,accepted
PROPM91_f2697ee4f695989d17,RELM91_ea54e2326e0615cece,MATM91_d9e11aba4d048c747f,改奥铅一2（GOQ-2）,安全特性,热感度(5s爆发点),通常在 310°C - 330°C 左右(受HMX高耐热性主导)。,,,,,,,高,multiple_measurements,false,multiple_primary_measurements,,热感度(5s爆发点),,,5,169,EVM91_9780fb4a51785a6526,accepted
PROPM91_b0e8410808ade5e6c2,RELM91_09bd60c1b14907bf59,MATM91_d9e11aba4d048c747f,改奥铅一2（GOQ-2）,安全特性,电火花感度,灵敏。容易被静电火花激发起爆或爆燃。,,,,,,,,qualitative_only,false,no_reliable_numeric_measurement,,,,,,169,EVM91_e777954696651224e5,accepted
PROPM91_4439f28909f766fe43,RELM91_ea75c20de58667687b,MATM91_d9e11aba4d048c747f,改奥铅一2（GOQ-2）,安全特性,吸湿性,极低。HMX晶体及常用添加剂基本无吸水性。,,,,,,,低|极低|无,text_only,false,no_reliable_numeric_measurement,,,,,,169,EVM91_7d346773a7dbd1ad28,accepted
PROPM91_448f7ed948ef015c0a,RELM91_f51253f9147344b939,MATM91_d9e11aba4d048c747f,改奥铅一2（GOQ-2）,安全特性,熔点,HMX部分熔点在 275°C - 280°C 左右(混合物受热至此区间即相变/熔融)。,,,,,,,,multiple_measurements,false,multiple_primary_measurements,,熔点,,,,169,EVM91_95465b00ac835615da,accepted
PROPM91_681b920a917c6b1051,RELM91_a4d2f0f6a7e1b4c8a8,MATM91_d9e11aba4d048c747f,改奥铅一2（GOQ-2）,安全特性,分解温度,体系通常在 > 280°C 时开始发生剧烈放热分解。,280,,,℃,explicit_or_field_specific,>,,validated_single,true,,onset_temperature,分解温度,>,,,169,EVM91_b7b099c6cbdc1cfefb,accepted
PROPM91_d69867d811d069f91a,RELM91_dd14ac5af723cd40fb,MATM91_d9e11aba4d048c747f,改奥铅一2（GOQ-2）,能量特性,爆速,"极高。强约束下引发爆轰时,爆速通常在 7500 - 8500 m/s 量级。",,7500,8500,m/s,explicit_or_field_specific,,强|极高|高,validated_range,true,,primary_value,爆速,,,,169,EVM91_688368f57566c3be1e,accepted
PROPM91_fda179be19e78c3387,RELM91_fe4c362b1edb775a58,MATM91_d9e11aba4d048c747f,改奥铅一2（GOQ-2）,能量特性,爆温,"极高。HMX能量高,且铅盐燃烧产生极高温度,爆温 > 3500K。",,,,℃,field_dictionary,,极高|高,qualitative_only,false,no_reliable_numeric_measurement,,,,,,169,EVM91_5c6c98108652a56ae0,accepted
PROPM91_47d7d80c88975948bf,RELM91_cc65c6ffd018d9150b,MATM91_d9e11aba4d048c747f,改奥铅一2（GOQ-2）,能量特性,爆压,"高。根据装药密度,爆压可达 25 - 35 GPa 量级。",,25,35,GPa,explicit_or_field_specific,,高,validated_range,true,,primary_value,爆压,,,,169,EVM91_af6396f9c3a6683ff6,accepted
PROPM91_0c1a562e69809214ac,RELM91_063b0c5e4462e89b8e,MATM91_d9e11aba4d048c747f,改奥铅一2（GOQ-2）,能量特性,爆容,中等偏高。HMX分解产生大量气态产物。,,,,,,,中等|高,qualitative_only,false,no_reliable_numeric_measurement,,,,,,169,EVM91_381aa3785030ab1a90,accepted
PROPM91_298494f51621711760,RELM91_16698109220cc15fe4,MATM91_d9e11aba4d048c747f,改奥铅一2（GOQ-2）,能量特性,威力,"高。含微量惰性铅盐使其威力略低于纯HMX,但仍属高能炸药水平。",,,,,,,低|高,text_only,false,no_reliable_numeric_measurement,,,,,,169,EVM91_f178cacb9b048c38e8,accepted
PROPM91_740f90147df4476df1,RELM91_866f419e56b83d8bc1,MATM91_d9e11aba4d048c747f,改奥铅一2（GOQ-2）,能量特性,猛度,高。爆轰时具有极其强烈的粉碎破坏作用。,,,,,,,强|高,text_only,false,no_reliable_numeric_measurement,,,,,,169,EVM91_8cfd41432164738792,accepted
PROPM91_82500a1e483c94da2f,RELM91_a0407cff9b6e5465ad,MATM91_d9e11aba4d048c747f,改奥铅一2（GOQ-2）,能量特性,起爆力,"强。可作为高能传爆药使用,能可靠起爆下游相对钝感的装药。",,,,,,,强|高,text_only,false,no_reliable_numeric_measurement,,,,,,169,EVM91_741331e6e3205d951e,accepted
PROPM91_640ccc9749e1d88365,RELM91_0f37604b60182b6b34,MATM91_d9e11aba4d048c747f,改奥铅一2（GOQ-2）,能量特性,燃烧速度(发射药、推进剂),"极快。非爆轰时呈瞬间爆燃状态,燃速极高。",,,,,,,极高|高,qualitative_only,false,no_reliable_numeric_measurement,,,,,,169,EVM91_973dc15436d0448f99,accepted
PROPM91_8445755d98e8ef6853,RELM91_fccb12d64e85a9589c,MATM91_d9e11aba4d048c747f,改奥铅一2（GOQ-2）,能量特性,火药力(发射药),不适用(非火炮发射药)。,,,,,,,,qualitative_only,false,no_reliable_numeric_measurement,,,,,,169,EVM91_eec6c295c8fb4df96d,accepted
PROPM91_14dd1949e8a1375cd9,RELM91_10c8a07efede52c920,MATM91_994bcb50903ca13750,改奥铅一3（GOQ-3）,理化性质,分子量(单质),不适用(多组分混合物),,,,,,,,qualitative_only,false,no_reliable_numeric_measurement,,,,,,170,EVM91_f6ac26e5b3e31a1a0d,accepted
PROPM91_fe7b26173dda2836ba,RELM91_616ea0bcde89c59d8a,MATM91_994bcb50903ca13750,改奥铅一3（GOQ-3）,理化性质,密度,"1.85 - 1.95 g/cm3(HMX本身密度极高,混入重金属铅盐后装药密度进一步增大)。",,1.85,1.95,g/cm³,explicit_or_field_specific,,极高|高,validated_range,true,,primary_value,密度,,,,170,EVM91_7c032dd107e4e831be,accepted
PROPM91_efc3b99c969f5448fd,RELM91_3b0c8042ea8aec887e,MATM91_994bcb50903ca13750,改奥铅一3（GOQ-3）,理化性质,外观,"依据铅盐种类和造粒工艺,通常呈灰白色、暗灰色或略带粉色的致密细小颗粒/粉末固体。",,,,,,,,text_only,false,no_reliable_numeric_measurement,,,,,,170,EVM91_19a76fe29fab6f2e1e,accepted
PROPM91_f59fe4b60f3f5a4a44,RELM91_7e09066c689ba71169,MATM91_994bcb50903ca13750,改奥铅一3（GOQ-3）,理化性质,溶解性,整体不溶于水;主体HMX可溶于丙酮、二甲基甲酰胺(DMF)等强极性有机溶剂;多数铅化合物不溶。,,,,,,,强,text_only,false,no_reliable_numeric_measurement,,,,,,170,EVM91_dcbdd5553ee60a67e3,accepted
PROPM91_bd9e4fcbf5e14d2c81,RELM91_289aa66a949f285203,MATM91_994bcb50903ca13750,改奥铅一3（GOQ-3）,理化性质,挥发性,无。常温下不挥发。,,,,,,,无,text_only,false,no_reliable_numeric_measurement,,,,,,170,EVM91_2f9584e8113dda1e72,accepted
PROPM91_79273b43baffb3bf08,RELM91_08672de69f840dddde,MATM91_994bcb50903ca13750,改奥铅一3（GOQ-3）,安全特性,摩擦感度(需对应不同测试条件),"较灵敏。HMX晶体受硬质重金属盐颗粒挤压易产生局部热点,摩擦发火或爆炸概率远高于普通推进剂。",,,,,,,高,qualitative_only,false,no_reliable_numeric_measurement,,,,,,170,EVM91_48ed57e2cb585ed227,accepted
PROPM91_eed8b3d1a5f4b5b240,RELM91_c0205c60d3cf46eb2a,MATM91_994bcb50903ca13750,改奥铅一3（GOQ-3）,安全特性,撞击感度(需对应不同测试条件),"较灵敏。主体HMX敏感性较高,落锤测试极易发火,机械压药时需极度谨慎。",,,,,,,敏感|高,qualitative_only,false,no_reliable_numeric_measurement,,,,,,170,EVM91_4a86adc6b6e3e2c7f1,accepted
PROPM91_8e169fd3796fc041ba,RELM91_3ce9704ac7769872e4,MATM91_994bcb50903ca13750,改奥铅一3（GOQ-3）,安全特性,冲击感度,敏感。容易被冲击波或雷管直接起爆而发生爆轰。,,,,,,,敏感,qualitative_only,false,no_reliable_numeric_measurement,,,,,,170,EVM91_de3e7c2eb738d3dbd3,accepted
PROPM91_2eaa23b962e5b30b2a,RELM91_19ebd7b2a3b84290d1,MATM91_994bcb50903ca13750,改奥铅一3（GOQ-3）,安全特性,火焰感度,"灵敏。设计用途包含了传火与点火,对高温火焰及热粒子高度敏感。",,,,,,,高度敏感|敏感|高,qualitative_only,false,no_reliable_numeric_measurement,,,,,,170,EVM91_cc4c47f7f3df6cf61f,accepted
PROPM91_42980ddf712585af2c,RELM91_655af35115083d5561,MATM91_994bcb50903ca13750,改奥铅一3（GOQ-3）,安全特性,静电感度(需对应不同测试条件),"较灵敏。药粉在干燥状态下易产生静电积累并发火,加工装配需极严格的接地防护。",,,,,,,,qualitative_only,false,no_reliable_numeric_measurement,,,,,,170,EVM91_89944ce366bea1d2ae,accepted
PROPM91_d1411a1fffaf4f95bc,RELM91_5e60df409add1bd3dd,MATM91_994bcb50903ca13750,改奥铅一3（GOQ-3）,安全特性,热感度(5s爆发点),"通常在 310°C - 330°C 左右(受HMX优异的耐热性主导,铅盐可能有轻微催化降温作用)。",,,,,,,,multiple_measurements,false,multiple_primary_measurements,,热感度(5s爆发点),,,5,170,EVM91_49b3ca97192a504527,accepted
PROPM91_0e80157f75dd5c1858,RELM91_08a0b9c4dd6b8389cd,MATM91_994bcb50903ca13750,改奥铅一3（GOQ-3）,安全特性,电火花感度,灵敏。容易被静电放电火花激发起爆。,,,,,,,,qualitative_only,false,no_reliable_numeric_measurement,,,,,,170,EVM91_bea715384eb04e10f8,accepted
PROPM91_55ab3ac51c782cda31,RELM91_9a613bcc2fd7e63572,MATM91_994bcb50903ca13750,改奥铅一3（GOQ-3）,安全特性,吸湿性,"极低。主体HMX晶体不吸水,常用铅盐及高分子粘结剂基本无吸湿性。",,,,,,,低|极低|高|吸湿,text_only,false,no_reliable_numeric_measurement,,,,,,170,EVM91_2c6333cd3cca30dcb6,accepted
PROPM91_897d2c4b617c213f90,RELM91_3244f3598f23bf93fd,MATM91_994bcb50903ca13750,改奥铅一3（GOQ-3）,安全特性,熔点,主体HMX熔点通常在 275°C - 280°C(混合物受热到达此区间即发生相变或熔融)。,,,,,,,,multiple_measurements,false,multiple_primary_measurements,,熔点,,,,170,EVM91_581d59a5fd130e11a4,accepted
PROPM91_0b4fff0f4d6ecdc7c6,RELM91_3cc4e8cb846dab5c8b,MATM91_994bcb50903ca13750,改奥铅一3（GOQ-3）,安全特性,分解温度,通常在 > 280°C 时开始发生剧烈放热分解并起爆。,280,,,℃,explicit_or_field_specific,>,,validated_single,true,,onset_temperature,分解温度,>,,,170,EVM91_3cedc4d0873c80d16d,accepted
PROPM91_372a2fea895710fbf5,RELM91_f0daab2e99d3b3a85d,MATM91_994bcb50903ca13750,改奥铅一3（GOQ-3）,能量特性,爆速,"极高。在强约束条件下引发爆轰,其爆速通常可达 7500 - 8500 m/s(具备典型高能炸药特征)。",,7500,8500,m/s,explicit_or_field_specific,,强|极高|高,validated_range,true,,primary_value,爆速,,,,170,EVM91_c3642921717a0033eb,accepted
PROPM91_70c97cbf660c3b6903,RELM91_0b30b79f9fa613196b,MATM91_994bcb50903ca13750,改奥铅一3（GOQ-3）,能量特性,爆温,"极高。HMX能量释放巨大,爆温通常大于 3500K。",,,,℃,field_dictionary,,极高|高,qualitative_only,false,no_reliable_numeric_measurement,,,,,,170,EVM91_0f3cd82de7a28c8c8b,accepted
PROPM91_f1e7946723b2692a23,RELM91_904da082cac3ec85d4,MATM91_994bcb50903ca13750,改奥铅一3（GOQ-3）,能量特性,爆压,"高。依据装药密实度,爆压可达 25 - 35 GPa 量级。",,25,35,GPa,explicit_or_field_specific,,高,validated_range,true,,primary_value,爆压,,,,170,EVM91_0224d762c6828f4dc9,accepted
PROPM91_85c0306095744a7d9f,RELM91_3248b73f30b4661d17,MATM91_994bcb50903ca13750,改奥铅一3（GOQ-3）,能量特性,爆容,"中等偏高。HMX能产生大量气态产物(N2, H2O, CO, CO2)。",,,,,,,中等|高,qualitative_only,false,no_reliable_numeric_measurement,,,,,,170,EVM91_9708d43fe7a57fc613,accepted
PROPM91_cc54cf34e349d3779a,RELM91_e6b7dd1c97f788371a,MATM91_994bcb50903ca13750,改奥铅一3（GOQ-3）,能量特性,威力,"高。含微量不可做功的铅盐会使其威力略低于纯HMX,但仍远超普通火药。",,,,,,,低|高,text_only,false,no_reliable_numeric_measurement,,,,,,170,EVM91_e5cffa09a2931cd5ee,accepted
PROPM91_9b335766590a6a3342,RELM91_bc81add6fc74793221,MATM91_994bcb50903ca13750,改奥铅一3（GOQ-3）,能量特性,猛度,高。爆轰时具有极其强烈的局部粉碎破坏作用。,,,,,,,强|高,text_only,false,no_reliable_numeric_measurement,,,,,,170,EVM91_9b16e370d05628b3fc,accepted
PROPM91_155fd11584d6f3cb48,RELM91_c20f2fc2a0da6fc063,MATM91_994bcb50903ca13750,改奥铅一3（GOQ-3）,能量特性,起爆力,"强。可用作高能扩爆药或传爆药,强力起爆下游钝感装药。",,,,,,,强|高,text_only,false,no_reliable_numeric_measurement,,,,,,170,EVM91_9ef9df85f2ac8a1ae0,accepted
PROPM91_9d6a3c1d763059750a,RELM91_09c36daecb9a4734f7,MATM91_994bcb50903ca13750,改奥铅一3（GOQ-3）,能量特性,燃烧速度(发射药、推进剂),"极快。在非爆轰状态下呈瞬间爆燃状态,燃速极高。",,,,,,,极高|高,qualitative_only,false,no_reliable_numeric_measurement,,,,,,170,EVM91_ae4f5bf3bf9ac1ef45,accepted
PROPM91_742e0b53290f491835,RELM91_5f8295d1a39aae1df2,MATM91_994bcb50903ca13750,改奥铅一3（GOQ-3）,能量特性,火药力(发射药),"不适用。不作为常规火炮发射药使用,无法用传统火药力衡量。",,,,,,,无,qualitative_only,false,no_reliable_numeric_measurement,,,,,,170,EVM91_b47e3bc72976d53fdb,accepted
PROPM91_69751f7eba7eae6538,RELM91_cd9bf4ecd9dd3fd1f0,MATM91_5d8cd0fb13f93b34a2,改黑铅一3（GHQ-3）,理化性质,分子量(单质),不适用(混合物),,,,,,,,qualitative_only,false,no_reliable_numeric_measurement,,,,,,171,EVM91_3bed66fae5c8d224f1,accepted
PROPM91_61f2064065e76e8fee,RELM91_b195209112111c75d3,MATM91_5d8cd0fb13f93b34a2,改黑铅一3（GHQ-3）,理化性质,密度,"1.80 - 2.05 g/cm3(由于含有大量重金属铅盐,其表观密度显著高于普通黑火药)。",,1.80,2.05,g/cm³,explicit_or_field_specific,,高,validated_range,true,,primary_value,密度,,,,171,EVM91_129c0f91a34846a77a,accepted
PROPM91_fa0f7736d2b91d991a,RELM91_290810c97bfbf5cc93,MATM91_5d8cd0fb13f93b34a2,改黑铅一3（GHQ-3）,理化性质,外观,黑色或暗灰色的细小颗粒状或无定形粉末固体。,,,,,,,无,text_only,false,no_reliable_numeric_measurement,,,,,,171,EVM91_d29bb6f60fa89dc5db,accepted
PROPM91_3461fce1fcbd1c6357,RELM91_af2b8fa5a2579226a4,MATM91_5d8cd0fb13f93b34a2,改黑铅一3（GHQ-3）,理化性质,溶解性,极易被水破坏。其中硝酸钾极易溶于水;硫磺、碳粉及大部分铅化合物不溶于水。,,,,,,,,text_only,false,no_reliable_numeric_measurement,,,,,,171,EVM91_a40d93aabe5db58907,accepted
PROPM91_4f1baab6e18623bdb6,RELM91_42795bcd721f4c84e5,MATM91_5d8cd0fb13f93b34a2,改黑铅一3（GHQ-3）,理化性质,挥发性,无。常温下不挥发。,,,,,,,无,text_only,false,no_reliable_numeric_measurement,,,,,,171,EVM91_4709d363f7db63ee5c,accepted
PROPM91_db2bd7c71a64c02b06,RELM91_8254f64520b2808dea,MATM91_5d8cd0fb13f93b34a2,改黑铅一3（GHQ-3）,安全特性,摩擦感度(需对应不同测试条件),"较灵敏。相较于钝感的推进剂,它对物理摩擦极其敏感,摩擦极易导致发火或爆炸。",,,,,,,敏感,qualitative_only,false,no_reliable_numeric_measurement,,,,,,171,EVM91_b9c1db2a4b9c4c1dac,accepted
PROPM91_db59847fae207d6af4,RELM91_f1267590867aad15c1,MATM91_5d8cd0fb13f93b34a2,改黑铅一3（GHQ-3）,安全特性,撞击感度(需对应不同测试条件),"较灵敏。落锤测试极易发火,机械装填和压药过程中需极其谨慎。",,,,,,,,qualitative_only,false,no_reliable_numeric_measurement,,,,,,171,EVM91_da1f038d9b18adf435,accepted
PROPM91_e0651a38301eceadf6,RELM91_285476c83a0824f050,MATM91_5d8cd0fb13f93b34a2,改黑铅一3（GHQ-3）,安全特性,冲击感度,较敏感。受强冲击波极易殉爆。,,,,,,,较敏感|敏感|强,qualitative_only,false,no_reliable_numeric_measurement,,,,,,171,EVM91_05c8299dddf8107678,accepted
PROPM91_96d55129cd7cbabe41,RELM91_69215a95ba187b11f5,MATM91_5d8cd0fb13f93b34a2,改黑铅一3（GHQ-3）,安全特性,火焰感度,"极度灵敏(核心指标)。设计初衷即为“一点就着”,极微弱的明火、热流即可瞬间引发爆燃。",,,,,,,,qualitative_only,false,no_reliable_numeric_measurement,,,,,,171,EVM91_1afd8cf80629661f32,accepted
PROPM91_a1280b08e362705e87,RELM91_da2ee22ce1ad64c0de,MATM91_5d8cd0fb13f93b34a2,改黑铅一3（GHQ-3）,安全特性,静电感度(需对应不同测试条件),灵敏。极易被静电火花点燃。药粉混合、装配全程必须具备严格的防静电接地措施。,,,,,,,,qualitative_only,false,no_reliable_numeric_measurement,,,,,,171,EVM91_fe2eed093db049f233,accepted
PROPM91_c38b1349fcf0d4f38c,RELM91_37c91db557f9cb65cf,MATM91_5d8cd0fb13f93b34a2,改黑铅一3（GHQ-3）,安全特性,热感度(5s爆发点),通常在 280°C - 300°C 左右(受黑火药基础组分爆发点影响)。,,,,,,,,multiple_measurements,false,multiple_primary_measurements,,热感度(5s爆发点),,,5,171,EVM91_6c2e774f2af33cbdb0,accepted
PROPM91_f1948ae060249b758a,RELM91_d7e8956271626342e5,MATM91_5d8cd0fb13f93b34a2,改黑铅一3（GHQ-3）,安全特性,电火花感度,高度灵敏。对微小电火花放电能量极为敏感。,,,,,,,敏感|高,qualitative_only,false,no_reliable_numeric_measurement,,,,,,171,EVM91_c5231cf110f3797a62,accepted
PROPM91_6557e1f9b95209f389,RELM91_59112a677b0cff1805,MATM91_5d8cd0fb13f93b34a2,改黑铅一3（GHQ-3）,安全特性,吸湿性,"高。含大量硝酸钾,极易吸湿受潮,吸湿后点火能力将发生断崖式下降甚至失效。",,,,,,,高|易吸湿|吸湿,text_only,false,no_reliable_numeric_measurement,,,,,,171,EVM91_87b398f0b43b4be37a,accepted
PROPM91_eedb560d2498f074f8,RELM91_9448e8ae8eb5789f59,MATM91_5d8cd0fb13f93b34a2,改黑铅一3（GHQ-3）,安全特性,熔点,"不适用(混合物受热不熔化,直接燃烧)。",,,,,,,,qualitative_only,false,no_reliable_numeric_measurement,,,,,,171,EVM91_9a804e35226ff64a4e,accepted
PROPM91_485b0b732084db2cbe,RELM91_010d933f4b9e0c85f7,MATM91_5d8cd0fb13f93b34a2,改黑铅一3（GHQ-3）,安全特性,分解温度,约 280°C 开始剧烈起燃分解。,280,,,℃,explicit_or_field_specific,~,,validated_single,true,,onset_temperature,分解温度,~,,,171,EVM91_9fd191a0e626455f68,accepted
PROPM91_fe256ee344c8e0aa2e,RELM91_f0a2ca93309a9e04ab,MATM91_5d8cd0fb13f93b34a2,改黑铅一3（GHQ-3）,能量特性,爆速,"较低。通常呈爆燃状态散发热量(受强约束时爆燃速度可达数百米每秒,但非标准爆轰)。",,,,,,,强|较低|低,qualitative_only,false,no_reliable_numeric_measurement,,,,,,171,EVM91_210c67fe4599a4d170,accepted
PROPM91_c42f109101877f6e2c,RELM91_295f58c0f4c289937c,MATM91_5d8cd0fb13f93b34a2,改黑铅一3（GHQ-3）,能量特性,爆温,"局部极高。燃烧产生的凝聚相液滴(铅渣热点)温度极高,可超过 2500K,用于强力烧蚀并点燃推进剂。",,,,℃,field_dictionary,,强|极高|高,qualitative_only,false,no_reliable_numeric_measurement,,,,,,171,EVM91_e4771900f8305453a8,accepted
PROPM91_282ccf01aa282bf75e,RELM91_d2bec73a8fe2b68fbe,MATM91_5d8cd0fb13f93b34a2,改黑铅一3（GHQ-3）,能量特性,爆压,低。不以产生高爆压为目的。,,,,,,,低|高,qualitative_only,false,no_reliable_numeric_measurement,,,,,,171,EVM91_5608cb2288c92a85c0,accepted
PROPM91_c6034316c1a2c9d790,RELM91_d57f574d8d83fe5972,MATM91_5d8cd0fb13f93b34a2,改黑铅一3（GHQ-3）,能量特性,爆容,"中等偏低。由于加入不产气的铅盐,其整体产气量(比容)略低于纯黑火药。",,,,,,,中等|低,qualitative_only,false,no_reliable_numeric_measurement,,,,,,171,EVM91_7c713302273230e8b0,accepted
PROPM91_e685f09752e43e06d1,RELM91_8a46c175482eeeb812,MATM91_5d8cd0fb13f93b34a2,改黑铅一3（GHQ-3）,能量特性,威力,低(不作为爆破功炸药)。,,,,,,,低,text_only,false,no_reliable_numeric_measurement,,,,,,171,EVM91_f0a4b75ab1dab510c7,accepted
PROPM91_242ce7d603231f79b6,RELM91_abb6022e9e4325c33b,MATM91_5d8cd0fb13f93b34a2,改黑铅一3（GHQ-3）,能量特性,猛度,低。,,,,,,,低,text_only,false,no_reliable_numeric_measurement,,,,,,171,EVM91_80067d0c74ad51acd6,accepted
PROPM91_fec10a3bf572213d9c,RELM91_6efb00ff285ae7391d,MATM91_5d8cd0fb13f93b34a2,改黑铅一3（GHQ-3）,能量特性,起爆力,不适用。,,,,,,,,text_only,false,no_reliable_numeric_measurement,,,,,,171,EVM91_425ec08ff424027e60,accepted
PROPM91_e84ad785f0b9181c4b,RELM91_83476a5ba0b5917a3b,MATM91_5d8cd0fb13f93b34a2,改黑铅一3（GHQ-3）,能量特性,燃烧速度(发射药、推进剂),"极快。在受限发动机点火器空间内,几乎表现为瞬间爆燃(毫秒级)。",,,,,,,,qualitative_only,false,no_reliable_numeric_measurement,,,,,,171,EVM91_dd299dd32b11521f65,accepted
PROPM91_dfe6c6916605f33c8d,RELM91_1eefe021179016d7a8,MATM91_5d8cd0fb13f93b34a2,改黑铅一3（GHQ-3）,能量特性,火药力(发射药),"较低。不作发射药使用,做功性能差。",,,,,,,较低|低,qualitative_only,false,no_reliable_numeric_measurement,,,,,,171,EVM91_53c92a3c482bb2109c,accepted
PROPM91_17a4664aae8466076a,RELM91_1cf3f0b44af7561932,MATM91_15afee2b2d2f760c06,聚硫推进剂（815）,理化性质,分子量(单质),不适用(混合物),,,,,,,,qualitative_only,false,no_reliable_numeric_measurement,,,,,,174,EVM91_219b822bd85374e00c,accepted
PROPM91_0f898c84216843e911,RELM91_2fcff39df84ceccfca,MATM91_15afee2b2d2f760c06,聚硫推进剂（815）,理化性质,密度,"1.70 - 1.74 g/cm3(受二氧化铅等高密度组分影响,密度较大)。",,1.70,1.74,g/cm³,explicit_or_field_specific,,高,validated_range,true,,primary_value,密度,,,,174,EVM91_26937b454c96eef057,accepted
PROPM91_66db94aca03010edbb,RELM91_2af478ffbfbd1c5415,MATM91_15afee2b2d2f760c06,聚硫推进剂（815）,理化性质,外观,"固化后为黑色或深灰色弹性固体,通常带微弱特殊硫醇臭味。",,,,,,,,text_only,false,no_reliable_numeric_measurement,,,,,,174,EVM91_896a988d9ce201a0df,accepted
PROPM91_dca26e5629c71422e8,RELM91_6c5cb1f64ed5583660,MATM91_15afee2b2d2f760c06,聚硫推进剂（815）,理化性质,溶解性,整体不溶于水;橡胶在芳香烃中溶胀;AP微溶于水。,,,,,,,,text_only,false,no_reliable_numeric_measurement,,,,,,174,EVM91_a0ae89b404bbfe1aec,accepted
PROPM91_80b0fd091f7d4dd4b0,RELM91_d2931508d4c06db48a,MATM91_15afee2b2d2f760c06,聚硫推进剂（815）,理化性质,挥发性,极低。加工中可能有微量有机硫化物散发。,,,,,,,低|极低,text_only,false,no_reliable_numeric_measurement,,,,,,174,EVM91_4365ba530b5bef2c91,accepted
PROPM91_1a6eeb64b0586f0455,RELM91_7de3da03ef060383fe,MATM91_15afee2b2d2f760c06,聚硫推进剂（815）,安全特性,摩擦感度(需对应不同测试条件),"迟钝。聚硫橡胶消能效果好,摩擦感度极低。",,,,,,,低|极低,qualitative_only,false,no_reliable_numeric_measurement,,,,,,174,EVM91_e717e73c551075698b,accepted
PROPM91_0f8f69007aa04e03b1,RELM91_4d10f8b2b7c559f3aa,MATM91_15afee2b2d2f760c06,聚硫推进剂（815）,安全特性,撞击感度(需对应不同测试条件),"迟钝。力学抗震性好,落锤测试特性落高通常 > 30cm。",30,,,cm,explicit_or_field_specific,>,高,validated_single,true,,impact_height,落锤高度,>,,,174,EVM91_976b28a2ad1b5b2288,accepted
PROPM91_aac55044f2516861e8,RELM91_6c96b725cb3241b9e3,MATM91_15afee2b2d2f760c06,聚硫推进剂（815）,安全特性,冲击感度,"极低。对普通机械冲击不敏感,极难被雷管直接引爆。",,,,,,,敏感|不敏感|低|极低,qualitative_only,false,no_reliable_numeric_measurement,,,,,,174,EVM91_bd8afc6c28aa4cf131,accepted
PROPM91_9acff67e3284dfe7c0,RELM91_593f5a99d86ca4eec2,MATM91_15afee2b2d2f760c06,聚硫推进剂（815）,安全特性,火焰感度,"灵敏。对明火及点火药产生的热流敏感,易于可靠引燃。",,,,,,,敏感,qualitative_only,false,no_reliable_numeric_measurement,,,,,,174,EVM91_84b26b7c049f651c25,accepted
PROPM91_53741f2c3637819626,RELM91_4bd7273886fcd2bd13,MATM91_15afee2b2d2f760c06,聚硫推进剂（815）,安全特性,静电感度(需对应不同测试条件),成品较低。混合浆料状态下干粉摩擦易产生静电积累。,,,,,,,较低|低,qualitative_only,false,no_reliable_numeric_measurement,,,,,,174,EVM91_156bbfc16dc611f286,accepted
PROPM91_e276c39a2569a18076,RELM91_e1545dc50859640135,MATM91_15afee2b2d2f760c06,聚硫推进剂（815）,安全特性,热感度(5s爆发点),> 280°C。,280,,,℃,explicit_or_field_specific,>,,validated_single,true,,primary_value,热感度(5s爆发点),>,,5,174,EVM91_7448f382f8ad74b9d2,accepted
PROPM91_afacadcf07107b9efc,RELM91_bc0be76ee7a44eb72c,MATM91_15afee2b2d2f760c06,聚硫推进剂（815）,安全特性,电火花感度,较低。固化后的成品绝缘性较好。,,,,,,,较低|低,qualitative_only,false,no_reliable_numeric_measurement,,,,,,174,EVM91_943cde75369d59096a,accepted
PROPM91_87344ee2e2fb2e7c15,RELM91_adcb9a0a5045c718ab,MATM91_15afee2b2d2f760c06,聚硫推进剂（815）,安全特性,吸湿性,"低。聚硫橡胶气密性好,仅表面裸露AP吸潮。",,,,,,,低,text_only,false,no_reliable_numeric_measurement,,,,,,174,EVM91_09ddf9ffa92cc00c0c,accepted
PROPM91_6f696cb390dbd3e574,RELM91_4f2d5e01966d21b7eb,MATM91_15afee2b2d2f760c06,聚硫推进剂（815）,安全特性,熔点,不适用(热固性交联弹性体)。,,,,,,,,qualitative_only,false,no_reliable_numeric_measurement,,,,,,174,EVM91_08045d6e859a5e56c8,accepted
PROPM91_f2f30327ca1b3dad86,RELM91_9863b1f6c420e74728,MATM91_15afee2b2d2f760c06,聚硫推进剂（815）,安全特性,分解温度,约 200°C - 250°C 开始显著分解。,,,,,,,,multiple_measurements,false,multiple_primary_measurements,,分解温度,,,,174,EVM91_37fc47f19e20aee09f,accepted
PROPM91_db22225797e7fb1f78,RELM91_44707fa46e08b93306,MATM91_15afee2b2d2f760c06,聚硫推进剂（815）,能量特性,爆速,不适用(设计用途严禁爆轰)。,,,,,,,,qualitative_only,false,no_reliable_numeric_measurement,,,,,,174,EVM91_ce59c84b718347b10d,accepted
PROPM91_c06a25f9f229414fff,RELM91_c8555283155465c6f2,MATM91_15afee2b2d2f760c06,聚硫推进剂（815）,能量特性,爆温,中等。燃烧室温度通常在 2400K - 2800K。,,,,℃,field_dictionary,,中等,qualitative_only,false,no_reliable_numeric_measurement,,,,,,174,EVM91_44dab7c124cbc2251f,accepted
PROPM91_0f864b3c549e6f20c5,RELM91_2d62a9c58221340bad,MATM91_15afee2b2d2f760c06,聚硫推进剂（815）,能量特性,爆压,工作压强稳定。发动机正常工作压强 5 - 10 MPa。,,5,10,MPa,explicit_or_field_specific,,强,validated_range,true,,primary_value,爆压,,,,174,EVM91_a9ee17fca8dfe643d7,accepted
PROPM91_bf841076442a7bad9e,RELM91_c1acffa481e0d21a2f,MATM91_15afee2b2d2f760c06,聚硫推进剂（815）,能量特性,爆容,较大。产生含 SO2、HCl、CO、H2O 及 Pb 烟尘的混合烟气。,,,,L/kg,field_dictionary,,,qualitative_only,false,no_reliable_numeric_measurement,,,,,,174,EVM91_ec8d19d8f0c6d57c62,accepted
PROPM91_582cf2085f8d217da0,RELM91_f9bacea27e80ff5471,MATM91_15afee2b2d2f760c06,聚硫推进剂（815）,能量特性,威力,较低。,,,,,,,较低|低,text_only,false,no_reliable_numeric_measurement,,,,,,174,EVM91_1ff5389e463aff23e3,accepted
PROPM91_9e9c143296adba26bf,RELM91_cadfd233d5c1ed1b12,MATM91_15afee2b2d2f760c06,聚硫推进剂（815）,能量特性,猛度,极低。,,,,,,,低|极低,text_only,false,no_reliable_numeric_measurement,,,,,,174,EVM91_3d2c82ee305043e5b1,accepted
PROPM91_e4004f15d1c235ae42,RELM91_6c6ff32b23c13cad51,MATM91_15afee2b2d2f760c06,聚硫推进剂（815）,能量特性,起爆力,不适用。,,,,,,,,text_only,false,no_reliable_numeric_measurement,,,,,,174,EVM91_a19829af140259a225,accepted
PROPM91_a51106c2e4d92a71aa,RELM91_e1bab94446a48be643,MATM91_15afee2b2d2f760c06,聚硫推进剂（815）,能量特性,燃烧速度(发射药、推进剂),中等。标准工作压强(如 7.0 MPa)下燃速通常在 8.0 - 12.0 mm/s 左右。具有较高的燃速压强指数。,,8.0,12.0,mm/s,explicit_or_field_specific,,强|中等|高,validated_range,true,,primary_value,燃烧速度,,,,174,EVM91_cdc255563b107b4a0f,accepted
PROPM91_d3ddbeac07cad3174c,RELM91_2154fd541a54a79622,MATM91_15afee2b2d2f760c06,聚硫推进剂（815）,能量特性,火药力(发射药),不适用。,,,,,,,,qualitative_only,false,no_reliable_numeric_measurement,,,,,,174,EVM91_3ee8c7009410747c82,accepted
PROPM91_b0c2d3b41c39b22990,RELM91_c8c63c62059394864c,MATM91_b031250039f438366a,端羟基聚丁二烯推进剂（826A）,理化性质,分子量(单质),不适用(混合物),,,,,,,,qualitative_only,false,no_reliable_numeric_measurement,,,,,,175,EVM91_65984b73938afe328b,accepted
PROPM91_ed3b1a3ef9d1fb1f44,RELM91_7b059470954111107d,MATM91_b031250039f438366a,端羟基聚丁二烯推进剂（826A）,理化性质,密度,1.72 - 1.78 g/cm3。,,1.72,1.78,g/cm³,explicit_or_field_specific,,,validated_range,true,,primary_value,密度,,,,175,EVM91_8cbb540a650f3007a0,accepted
PROPM91_615d80e7487acdbb47,RELM91_466b675ecc57655738,MATM91_b031250039f438366a,端羟基聚丁二烯推进剂（826A）,理化性质,外观,固化后为暗灰色至灰黑色的橡胶状致密固体。,,,,,,,,text_only,false,no_reliable_numeric_measurement,,,,,,175,EVM91_920ad072b2a663bbef,accepted
PROPM91_8b2f90b0eb63b11cd5,RELM91_b1870dc9bd6621b6f5,MATM91_b031250039f438366a,端羟基聚丁二烯推进剂（826A）,理化性质,溶解性,整体不溶于水;HTPB在甲苯中溶胀;端面裸露AP具微水溶性。,,,,,,,,text_only,false,no_reliable_numeric_measurement,,,,,,175,EVM91_9b7c04bb2659b45f84,accepted
PROPM91_59965aed7af4285495,RELM91_1d11cfd08293123823,MATM91_b031250039f438366a,端羟基聚丁二烯推进剂（826A）,理化性质,挥发性,极低。常温及标准贮存温度下无挥发性。,,,,,,,低|极低|无,text_only,false,no_reliable_numeric_measurement,,,,,,175,EVM91_48437e647845cc3d6b,accepted
PROPM91_aa22ddac51950b4839,RELM91_8ce0d1f352cb8e9df0,MATM91_b031250039f438366a,端羟基聚丁二烯推进剂（826A）,安全特性,摩擦感度(需对应不同测试条件),"迟钝。HTPB提供良好缓冲,爆炸概率通常 ≤ 10%。",10,,,%,explicit_or_field_specific,<=,,validated_single,true,,explosion_probability,摩擦感度,<=,,,175,EVM91_4994651e35023f21a6,accepted
PROPM91_be204bfdfd1f76b5fa,RELM91_901283c25517a7e488,MATM91_b031250039f438366a,端羟基聚丁二烯推进剂（826A）,安全特性,撞击感度(需对应不同测试条件),"迟钝。力学性能优异,落锤特性落高通常 > 25cm。",25,,,cm,explicit_or_field_specific,>,高,validated_single,true,,impact_height,落锤高度,>,,,175,EVM91_93005acba0df246634,accepted
PROPM91_23abfaa4e5594aa436,RELM91_e103966325e2151441,MATM91_b031250039f438366a,端羟基聚丁二烯推进剂（826A）,安全特性,冲击感度,"较低。具有较高的冲击钝感,需强起爆体系才能引发爆轰。",,,,,,,强|较低|低|高,qualitative_only,false,no_reliable_numeric_measurement,,,,,,175,EVM91_162ee9f809c6fcf43f,accepted
PROPM91_5ec8f2b9d49d1cb663,RELM91_1b79649e4e6898bdb4,MATM91_b031250039f438366a,端羟基聚丁二烯推进剂（826A）,安全特性,火焰感度,灵敏。易被点火具高温火焰瞬间点燃。,,,,,,,高,qualitative_only,false,no_reliable_numeric_measurement,,,,,,175,EVM91_ca6ec200a659e25320,accepted
PROPM91_91b496f10e7e075217,RELM91_855b84cf2421059ac1,MATM91_b031250039f438366a,端羟基聚丁二烯推进剂（826A）,安全特性,静电感度(需对应不同测试条件),成品极低。严重警告:干粉混合阶段静电危险性极大。,,,,,,,低|极低,qualitative_only,false,no_reliable_numeric_measurement,,,,,,175,EVM91_12f8fbf2e3e39ee381,accepted
PROPM91_7a1cfe4e44026a2ec7,RELM91_77077e2916ed86d524,MATM91_b031250039f438366a,端羟基聚丁二烯推进剂（826A）,安全特性,热感度(5s爆发点),> 300°C(主要受氧化剂高氯酸铵分解主导)。,300,,,℃,explicit_or_field_specific,>,高,validated_single,true,,primary_value,热感度(5s爆发点),>,,5,175,EVM91_49f5407ebe909f7689,accepted
PROPM91_8dc9e121e516499bb9,RELM91_77f5b9e3b173503007,MATM91_b031250039f438366a,端羟基聚丁二烯推进剂（826A）,安全特性,电火花感度,较低。成品绝缘防静电性能相对较好。,,,,,,,较低|低,qualitative_only,false,no_reliable_numeric_measurement,,,,,,175,EVM91_29dfbe44c2c0367a88,accepted
PROPM91_21ae1338d6ac9eeaf5,RELM91_680f527dd5e8834fcb,MATM91_b031250039f438366a,端羟基聚丁二烯推进剂（826A）,安全特性,吸湿性,"低。HTPB防潮隔绝性好,未包覆面微弱吸湿。",,,,,,,低|吸湿,text_only,false,no_reliable_numeric_measurement,,,,,,175,EVM91_1e6ddab6c7548598c8,accepted
PROPM91_0980b849422f646ad6,RELM91_ba08ee4de11f2b3f39,MATM91_b031250039f438366a,端羟基聚丁二烯推进剂（826A）,安全特性,熔点,不适用(热固性交联弹性体)。,,,,,,,,qualitative_only,false,no_reliable_numeric_measurement,,,,,,175,EVM91_9a275833f851d0f94e,accepted
PROPM91_3b252f98c016a86bde,RELM91_e23beb70e7b9241331,MATM91_b031250039f438366a,端羟基聚丁二烯推进剂（826A）,安全特性,分解温度,剧烈放热分解区间通常在 250°C - 310°C。,,,,,,,,multiple_measurements,false,multiple_primary_measurements,,分解温度,,,,175,EVM91_f80914889c02ebb5fa,accepted
PROPM91_b69508554b867dfbb5,RELM91_710fb69f17a3481022,MATM91_b031250039f438366a,端羟基聚丁二烯推进剂（826A）,能量特性,爆速,不适用(设计用途严禁爆轰)。,,,,,,,,qualitative_only,false,no_reliable_numeric_measurement,,,,,,175,EVM91_5677a0783205d45f76,accepted
PROPM91_3475f7a440b940059f,RELM91_1734b765753fb728f6,MATM91_b031250039f438366a,端羟基聚丁二烯推进剂（826A）,能量特性,爆温,极高。燃烧室温度可达 3100K - 3400K 之间。,,,,℃,field_dictionary,,极高|高,qualitative_only,false,no_reliable_numeric_measurement,,,,,,175,EVM91_4e70658e8fe690061e,accepted
PROPM91_f5a2b7e319d51a0a77,RELM91_08b6432dc4a4439799,MATM91_b031250039f438366a,端羟基聚丁二烯推进剂（826A）,能量特性,爆压,工作压强较高。正常工作室压通常在 5 MPa - 15 MPa 范围内。,,,,,,,强|高,multiple_measurements,false,multiple_primary_measurements,,爆压,,,,175,EVM91_0e477b214c3e5ead71,accepted
PROPM91_0dbbd3353da11bff39,RELM91_09827241159c6b12e3,MATM91_b031250039f438366a,端羟基聚丁二烯推进剂（826A）,能量特性,爆容,"极大。生成大量高压气体(CO, HCl)及凝相微粒(氧化铝)。",,,,,,,高,qualitative_only,false,no_reliable_numeric_measurement,,,,,,175,EVM91_1b28c815aaec64e8b3,accepted
PROPM91_b17c5720d31e9c8337,RELM91_433984695f9f249ad0,MATM91_b031250039f438366a,端羟基聚丁二烯推进剂（826A）,能量特性,威力,不适用。,,,,,,,,text_only,false,no_reliable_numeric_measurement,,,,,,175,EVM91_626ec28a106a7d3bd6,accepted
PROPM91_aa559cb3f4bc59be02,RELM91_7a450e698ffc8a3aa2,MATM91_b031250039f438366a,端羟基聚丁二烯推进剂（826A）,能量特性,猛度,极低。,,,,,,,低|极低,text_only,false,no_reliable_numeric_measurement,,,,,,175,EVM91_0ab89028d40f6650db,accepted
PROPM91_20d37fbb6ce63fd44b,RELM91_4927b38d0d03942ad8,MATM91_b031250039f438366a,端羟基聚丁二烯推进剂（826A）,能量特性,起爆力,不适用。,,,,,,,,text_only,false,no_reliable_numeric_measurement,,,,,,175,EVM91_99ad4117076858419e,accepted
PROPM91_9f3fe61816ea3fe65b,RELM91_f51d46f2c8204d5ead,MATM91_b031250039f438366a,端羟基聚丁二烯推进剂（826A）,能量特性,燃烧速度(发射药、推进剂),"中等。标准工作压强(如 7.0 MPa)下燃速通常在 6.0 - 11.0 mm/s 范围内,随压强升高呈指数增长。",,6.0,11.0,mm/s,explicit_or_field_specific,,强|中等|高,validated_range,true,,primary_value,燃烧速度,,,,175,EVM91_be3cffff8d970d9be1,accepted
PROPM91_607afd9314cbb123b8,RELM91_d5540db968c11334bf,MATM91_b031250039f438366a,端羟基聚丁二烯推进剂（826A）,能量特性,火药力(发射药),不适用。,,,,,,,,qualitative_only,false,no_reliable_numeric_measurement,,,,,,175,EVM91_709071c587daad3a69,accepted
PROPM91_81c280556352434e4c,RELM91_3e85c73e2854879a9f,MATM91_2beb1e98aceb92810f,端羟基聚丁二烯推进剂（864）,理化性质,分子量(单质),不适用(混合物),,,,,,,,qualitative_only,false,no_reliable_numeric_measurement,,,,,,177,EVM91_fb22feac6cad9554bc,accepted
PROPM91_b288c525a3ed51509a,RELM91_903d2ab1972cc0801b,MATM91_2beb1e98aceb92810f,端羟基聚丁二烯推进剂（864）,理化性质,密度,1.70 - 1.76 g/cm3。,,1.70,1.76,g/cm³,explicit_or_field_specific,,,validated_range,true,,primary_value,密度,,,,177,EVM91_97accfaa42f26f5802,accepted
PROPM91_af353fbe0cad21e741,RELM91_643771511176dbddd2,MATM91_2beb1e98aceb92810f,端羟基聚丁二烯推进剂（864）,理化性质,外观,固化后为暗灰色至灰黑色的坚硬、具弹性韧性的橡胶状固体。,,,,,,,,text_only,false,no_reliable_numeric_measurement,,,,,,177,EVM91_1eb9942143fd59f214,accepted
PROPM91_9370bd02055e3c0e39,RELM91_a0b475753ff8c883e7,MATM91_2beb1e98aceb92810f,端羟基聚丁二烯推进剂（864）,理化性质,溶解性,整体不溶于水;HTPB在甲苯中溶胀;裸露AP微溶于水。,,,,,,,,text_only,false,no_reliable_numeric_measurement,,,,,,177,EVM91_39924134db16325786,accepted
PROPM91_e8fcb6e59dbb2d5ab0,RELM91_67f63e2542f2e8d5f6,MATM91_2beb1e98aceb92810f,端羟基聚丁二烯推进剂（864）,理化性质,挥发性,极低。常温及标准服役温度下无挥发性。,,,,,,,低|极低|无,text_only,false,no_reliable_numeric_measurement,,,,,,177,EVM91_b329605210120c4f76,accepted
PROPM91_b3b3e6baceb79451b5,RELM91_c85fb5720413c80496,MATM91_2beb1e98aceb92810f,端羟基聚丁二烯推进剂（864）,安全特性,摩擦感度(需对应不同测试条件),迟钝。HTPB缓冲良好(爆炸概率通常 ≤ 10%)。,10,,,%,explicit_or_field_specific,<=,,validated_single,true,,explosion_probability,摩擦感度,<=,,,177,EVM91_17c1770565ad6fa69f,accepted
PROPM91_640bfb7526585ec33d,RELM91_52d1d0c5bad83d2b70,MATM91_2beb1e98aceb92810f,端羟基聚丁二烯推进剂（864）,安全特性,撞击感度(需对应不同测试条件),迟钝。力学韧性优异(特性落高通常 > 25cm)。,25,,,cm,explicit_or_field_specific,>,高,validated_single,true,,impact_height,落锤高度,>,,,177,EVM91_3c5b7be1a8e39b9a74,accepted
PROPM91_7434a442e796825aaa,RELM91_bb84b065b37173b308,MATM91_2beb1e98aceb92810f,端羟基聚丁二烯推进剂（864）,安全特性,冲击感度,较低。具有较高的冲击钝感。,,,,,,,较低|低|高,qualitative_only,false,no_reliable_numeric_measurement,,,,,,177,EVM91_2727f8c8384db22452,accepted
PROPM91_e82c5cb32b471d0eaa,RELM91_2a2113af10c8bb87be,MATM91_2beb1e98aceb92810f,端羟基聚丁二烯推进剂（864）,安全特性,火焰感度,灵敏。易被点火具高温火焰全表面瞬间引燃。,,,,,,,高,qualitative_only,false,no_reliable_numeric_measurement,,,,,,177,EVM91_212a7f336b536e23c6,accepted
PROPM91_0a5b433bd283d3d48e,RELM91_06fc79e0df51d0c216,MATM91_2beb1e98aceb92810f,端羟基聚丁二烯推进剂（864）,安全特性,静电感度(需对应不同测试条件),成品极低。干态AP与铝粉混合阶段静电危险性极大。,,,,,,,低|极低,qualitative_only,false,no_reliable_numeric_measurement,,,,,,177,EVM91_1e9f6bfba8de15202d,accepted
PROPM91_63418b954b6888794c,RELM91_e8bc2e3f8929ec97dc,MATM91_2beb1e98aceb92810f,端羟基聚丁二烯推进剂（864）,安全特性,热感度(5s爆发点),> 300°C。,300,,,℃,explicit_or_field_specific,>,,validated_single,true,,primary_value,热感度(5s爆发点),>,,5,177,EVM91_f6bacdc751723dc835,accepted
PROPM91_c8671d3aebb6282a04,RELM91_122245111bb2330ce3,MATM91_2beb1e98aceb92810f,端羟基聚丁二烯推进剂（864）,安全特性,电火花感度,"较低。成品内部形成交联网络,绝缘性较好。",,,,,,,较低|低,qualitative_only,false,no_reliable_numeric_measurement,,,,,,177,EVM91_e1670d59a82cbd89ab,accepted
PROPM91_8eb5f08adab1aac314,RELM91_03b9336b7d425bf697,MATM91_2beb1e98aceb92810f,端羟基聚丁二烯推进剂（864）,安全特性,吸湿性,"低。HTPB包覆层防潮性优异,表面裸露盐类微吸湿。",,,,,,,低|吸湿,text_only,false,no_reliable_numeric_measurement,,,,,,177,EVM91_2e7dd56d584620485d,accepted
PROPM91_64e6ec962a4ff21abd,RELM91_c000d48400248fc0b5,MATM91_2beb1e98aceb92810f,端羟基聚丁二烯推进剂（864）,安全特性,熔点,不适用。,,,,,,,,qualitative_only,false,no_reliable_numeric_measurement,,,,,,177,EVM91_9d621e5dbf51ac1a6f,accepted
PROPM91_2aaa0d091407a11883,RELM91_c3738b5ad250084057,MATM91_2beb1e98aceb92810f,端羟基聚丁二烯推进剂（864）,安全特性,分解温度,剧烈放热分解区间通常在 250°C - 310°C 左右。,,,,,,,,multiple_measurements,false,multiple_primary_measurements,,分解温度,,,,177,EVM91_6489f0de9277572845,accepted
PROPM91_c26eaefc50c9500174,RELM91_ac3c8ff6454d27d36c,MATM91_2beb1e98aceb92810f,端羟基聚丁二烯推进剂（864）,能量特性,爆速,不适用(设计严禁爆轰)。,,,,,,,,qualitative_only,false,no_reliable_numeric_measurement,,,,,,177,EVM91_3b474ca26e52922831,accepted
PROPM91_391fbfdbd3436f029f,RELM91_59a8cc221df796c767,MATM91_2beb1e98aceb92810f,端羟基聚丁二烯推进剂（864）,能量特性,爆温,极高。燃烧室温度可达 3000K - 3400K。,,,,℃,field_dictionary,,极高|高,qualitative_only,false,no_reliable_numeric_measurement,,,,,,177,EVM91_f46e4471ac4633a5d5,accepted
PROPM91_13590e10fd6fd846ba,RELM91_411deb57dcb2533f9b,MATM91_2beb1e98aceb92810f,端羟基聚丁二烯推进剂（864）,能量特性,爆压,工作压强较高。正常设计工作室压通常在 5 MPa - 15 MPa 之间。,,,,,,,强|高,multiple_measurements,false,multiple_primary_measurements,,爆压,,,,177,EVM91_122a2d72d90339f304,accepted
PROPM91_86c0089c403c4e47c0,RELM91_3af7f44b9e3e7f7bf6,MATM91_2beb1e98aceb92810f,端羟基聚丁二烯推进剂（864）,能量特性,爆容,"极大。产生大量高压燃气(CO, HCl, H2O)及凝相微粒(Al2O3)。",,,,,,,高,qualitative_only,false,no_reliable_numeric_measurement,,,,,,177,EVM91_81242dc2fe7b93b007,accepted
PROPM91_f731f529175312b6bc,RELM91_524d8ef41c83b4b010,MATM91_2beb1e98aceb92810f,端羟基聚丁二烯推进剂（864）,能量特性,威力,不适用。,,,,,,,,text_only,false,no_reliable_numeric_measurement,,,,,,177,EVM91_1de5384d24fedee53f,accepted
PROPM91_a9117058220a785c3a,RELM91_1d60f346ddcf9ac96b,MATM91_2beb1e98aceb92810f,端羟基聚丁二烯推进剂（864）,能量特性,猛度,极低。,,,,,,,低|极低,text_only,false,no_reliable_numeric_measurement,,,,,,177,EVM91_d06f782c38825e3b20,accepted
PROPM91_1fea8155e4464654ba,RELM91_948ce6967d10d35797,MATM91_2beb1e98aceb92810f,端羟基聚丁二烯推进剂（864）,能量特性,起爆力,不适用。,,,,,,,,text_only,false,no_reliable_numeric_measurement,,,,,,177,EVM91_d6161ad2e670511e11,accepted
PROPM91_b92cd214c94f0398b1,RELM91_54b7175dbe68a2be79,MATM91_2beb1e98aceb92810f,端羟基聚丁二烯推进剂（864）,能量特性,燃烧速度(发射药、推进剂),"中等。标准工作压强(如 7.0 MPa)下燃速依据配方微调通常在 6.0 - 11.0 mm/s 左右,随压强升高呈指数增长。",,6.0,11.0,mm/s,explicit_or_field_specific,,强|中等|高,validated_range,true,,primary_value,燃烧速度,,,,177,EVM91_8131237d9d7bd07d12,accepted
PROPM91_98641c461df981ba48,RELM91_1fda2a2c513a247188,MATM91_2beb1e98aceb92810f,端羟基聚丁二烯推进剂（864）,能量特性,火药力(发射药),不适用。,,,,,,,,qualitative_only,false,no_reliable_numeric_measurement,,,,,,177,EVM91_c8f3f33a620f51f60c,accepted
PROPM91_33e33abcead93cc383,RELM91_02b5f5a187990b050d,MATM91_8ba16796a6c5c7a32b,端羟聚丁二烯推进剂（8610）,理化性质,分子量(单质),不适用(多组分混合物),,,,,,,,qualitative_only,false,no_reliable_numeric_measurement,,,,,,179,EVM91_30b05d2a1c6ffe752d,accepted
PROPM91_1efc524268ac5a2838,RELM91_4c9be364fdd85129a8,MATM91_8ba16796a6c5c7a32b,端羟聚丁二烯推进剂（8610）,理化性质,密度,1.70 - 1.76 g/cm3。,,1.70,1.76,g/cm³,explicit_or_field_specific,,,validated_range,true,,primary_value,密度,,,,179,EVM91_973c998dafd9066d9a,accepted
PROPM91_269dd8aee9d3b608e1,RELM91_1cdb9d3ea0b22001a2,MATM91_8ba16796a6c5c7a32b,端羟聚丁二烯推进剂（8610）,理化性质,外观,固化后为暗灰色至灰黑色的橡胶状坚韧固体。,,,,,,,,text_only,false,no_reliable_numeric_measurement,,,,,,179,EVM91_8dd2f7acea0f98b805,accepted
PROPM91_545e67fedc8ccad2bf,RELM91_cfef3127323db90b72,MATM91_8ba16796a6c5c7a32b,端羟聚丁二烯推进剂（8610）,理化性质,溶解性,整体不溶于水;HTPB在甲苯中溶胀;端面裸露AP微溶于水。,,,,,,,,text_only,false,no_reliable_numeric_measurement,,,,,,179,EVM91_1db9b5ea8e520187ea,accepted
PROPM91_74ba61f641e76fd8aa,RELM91_af088a313317df79b4,MATM91_8ba16796a6c5c7a32b,端羟聚丁二烯推进剂（8610）,理化性质,挥发性,极低。常温及标准工作温度下无挥发性。,,,,,,,低|极低|无,text_only,false,no_reliable_numeric_measurement,,,,,,179,EVM91_673475bf8ca9ceaa2f,accepted
PROPM91_eed02bce9701d47af7,RELM91_72bd12b95871936dde,MATM91_8ba16796a6c5c7a32b,端羟聚丁二烯推进剂（8610）,安全特性,摩擦感度(需对应不同测试条件),"迟钝。HTPB提供良好缓冲,爆炸概率通常 ≤ 10%。",10,,,%,explicit_or_field_specific,<=,,validated_single,true,,explosion_probability,摩擦感度,<=,,,179,EVM91_40a1b6e81b3073ff49,accepted
PROPM91_ead3a598cd49d919e8,RELM91_f2cdfbc5d2f427dd2c,MATM91_8ba16796a6c5c7a32b,端羟聚丁二烯推进剂（8610）,安全特性,撞击感度(需对应不同测试条件),"迟钝。力学韧性好,抗冲击能力强(特性落高通常 > 25cm)。",25,,,cm,explicit_or_field_specific,>,强|高,validated_single,true,,impact_height,落锤高度,>,,,179,EVM91_01d812b36157e964bd,accepted
PROPM91_9142267f37f15acd8c,RELM91_db311ad139b0f4268a,MATM91_8ba16796a6c5c7a32b,端羟聚丁二烯推进剂（8610）,安全特性,冲击感度,"较低。钝感度较高,需强起爆源才能强制起爆。",,,,,,,强|较低|低|高,qualitative_only,false,no_reliable_numeric_measurement,,,,,,179,EVM91_18513ddc72002a23aa,accepted
PROPM91_419c7f967fb70a1bb3,RELM91_342f81f40e1c4bb804,MATM91_8ba16796a6c5c7a32b,端羟聚丁二烯推进剂（8610）,安全特性,火焰感度,灵敏。极易被点火药火焰/颗粒瞬间全表面点燃。,,,,,,,,qualitative_only,false,no_reliable_numeric_measurement,,,,,,179,EVM91_e893a68694a418f0ca,accepted
PROPM91_a037952f7e86c73a22,RELM91_354e9620a4c4ea4960,MATM91_8ba16796a6c5c7a32b,端羟聚丁二烯推进剂（8610）,安全特性,静电感度(需对应不同测试条件),成品极低。药浆混捏及干粉摩擦阶段静电危险性极高。,,,,,,,低|极低|极高|高,qualitative_only,false,no_reliable_numeric_measurement,,,,,,179,EVM91_c607a3df80a3297cb5,accepted
PROPM91_06b56349aac029ad79,RELM91_3262fc39ee97648439,MATM91_8ba16796a6c5c7a32b,端羟聚丁二烯推进剂（8610）,安全特性,热感度(5s爆发点),> 300°C。,300,,,℃,explicit_or_field_specific,>,,validated_single,true,,primary_value,热感度(5s爆发点),>,,5,179,EVM91_19cad5fe7d34b919a4,accepted
PROPM91_064c96fa66a590393b,RELM91_d844bd823b18f5d409,MATM91_8ba16796a6c5c7a32b,端羟聚丁二烯推进剂（8610）,安全特性,电火花感度,较低。成品绝缘防静电性能相对较好。,,,,,,,较低|低,qualitative_only,false,no_reliable_numeric_measurement,,,,,,179,EVM91_545ebc845b4f5b796d,accepted
PROPM91_23d1380e499b7b976c,RELM91_ee3090787ab1fcf136,MATM91_8ba16796a6c5c7a32b,端羟聚丁二烯推进剂（8610）,安全特性,吸湿性,"低。HTPB水汽阻隔作用强,防潮性优良。",,,,,,,强|低,text_only,false,no_reliable_numeric_measurement,,,,,,179,EVM91_4b45d8ce33a5520413,accepted
PROPM91_931e93e283d93b4e86,RELM91_0d0f984b5d71978230,MATM91_8ba16796a6c5c7a32b,端羟聚丁二烯推进剂（8610）,安全特性,熔点,不适用。,,,,,,,,qualitative_only,false,no_reliable_numeric_measurement,,,,,,179,EVM91_1659f437b14973e108,accepted
PROPM91_ca7c08e0b721fd8db9,RELM91_64a550d25a4bce1562,MATM91_8ba16796a6c5c7a32b,端羟聚丁二烯推进剂（8610）,安全特性,分解温度,剧烈放热分解区间通常在 250°C - 310°C。,,,,,,,,multiple_measurements,false,multiple_primary_measurements,,分解温度,,,,179,EVM91_d99afb9a63ece8bea0,accepted
PROPM91_6bd7ff149046eff871,RELM91_502a017286ebd7516c,MATM91_8ba16796a6c5c7a32b,端羟聚丁二烯推进剂（8610）,能量特性,爆速,不适用(设计严禁爆轰)。,,,,,,,,qualitative_only,false,no_reliable_numeric_measurement,,,,,,179,EVM91_c17fbde50857890b96,accepted
PROPM91_0f8ee0ff44c7c3a2da,RELM91_c2b3dde1e72de5fa76,MATM91_8ba16796a6c5c7a32b,端羟聚丁二烯推进剂（8610）,能量特性,爆温,极高。燃烧室温度通常在 3000K - 3400K 之间。,,,,℃,field_dictionary,,极高|高,qualitative_only,false,no_reliable_numeric_measurement,,,,,,179,EVM91_62ef2bcfd15d167592,accepted
PROPM91_bb90cfcd690b90f135,RELM91_7d54226f43f30bc968,MATM91_8ba16796a6c5c7a32b,端羟聚丁二烯推进剂（8610）,能量特性,爆压,工作压强较高。发动机正常工作室压多在 5 MPa - 15 MPa 范围内。,,,,,,,强|高,multiple_measurements,false,multiple_primary_measurements,,爆压,,,,179,EVM91_dc5e4548ff5b037fb1,accepted
PROPM91_0e35efcd58de506140,RELM91_8b28d017f2a7a28387,MATM91_8ba16796a6c5c7a32b,端羟聚丁二烯推进剂（8610）,能量特性,爆容,极大。生成大量高压气体及液态氧化铝产物。,,,,,,,高,qualitative_only,false,no_reliable_numeric_measurement,,,,,,179,EVM91_31e952beaf688f4bfd,accepted
PROPM91_1318482de3ce6ebbe8,RELM91_d73255f72697f115d4,MATM91_8ba16796a6c5c7a32b,端羟聚丁二烯推进剂（8610）,能量特性,威力,不适用。,,,,,,,,text_only,false,no_reliable_numeric_measurement,,,,,,179,EVM91_4e2b62a703adc0e35b,accepted
PROPM91_f61494a61c3b548f61,RELM91_002a70e73cc72982d9,MATM91_8ba16796a6c5c7a32b,端羟聚丁二烯推进剂（8610）,能量特性,猛度,极低。,,,,,,,低|极低,text_only,false,no_reliable_numeric_measurement,,,,,,179,EVM91_909e3dc8d75cab64fa,accepted
PROPM91_7412ed2fd6446b5373,RELM91_eab181a0c13cfabf7b,MATM91_8ba16796a6c5c7a32b,端羟聚丁二烯推进剂（8610）,能量特性,起爆力,不适用。,,,,,,,,text_only,false,no_reliable_numeric_measurement,,,,,,179,EVM91_a9f3fa4bf73fec4141,accepted
PROPM91_183f62ca85c8041c57,RELM91_18b123fb23dae599a7,MATM91_8ba16796a6c5c7a32b,端羟聚丁二烯推进剂（8610）,能量特性,燃烧速度(发射药、推进剂),"中等。标准工作压强(如 7.0 MPa)下燃速通常在 6.0 - 10.0 mm/s 范围内,随压强升高呈指数增长。",,6.0,10.0,mm/s,explicit_or_field_specific,,强|中等|高,validated_range,true,,primary_value,燃烧速度,,,,179,EVM91_df2b90bbe67d67a180,accepted
PROPM91_70a09474ab44fb4f81,RELM91_4481637e26b5b1c27c,MATM91_8ba16796a6c5c7a32b,端羟聚丁二烯推进剂（8610）,能量特性,火药力(发射药),不适用。,,,,,,,,qualitative_only,false,no_reliable_numeric_measurement,,,,,,179,EVM91_7cd6a1b14588dedfda,accepted
PROPM91_fcb8383aa9ee8192ea,RELM91_a0f1c2270b973850f3,MATM91_b2e5baa17f0aaab890,端羟聚丁二烯推进剂（8613）,理化性质,分子量(单质),不适用(混合物),,,,,,,,qualitative_only,false,no_reliable_numeric_measurement,,,,,,182,EVM91_3d3c6e29b6c791fc50,accepted
PROPM91_bae2b7a3bcb6800907,RELM91_b56e15871f914e148c,MATM91_b2e5baa17f0aaab890,端羟聚丁二烯推进剂（8613）,理化性质,密度,1.71 - 1.77 g/cm3。,,1.71,1.77,g/cm³,explicit_or_field_specific,,,validated_range,true,,primary_value,密度,,,,182,EVM91_080aed25e30a2c72c8,accepted
PROPM91_d7ff4c6275a42f2d0a,RELM91_432a182714db77583a,MATM91_b2e5baa17f0aaab890,端羟聚丁二烯推进剂（8613）,理化性质,外观,固化后通常为暗灰色至黑色的坚硬橡胶状弹性固体。,,,,,,,,text_only,false,no_reliable_numeric_measurement,,,,,,182,EVM91_bb83274d4700e5fd0b,accepted
PROPM91_23561f07d2f22d7f09,RELM91_8d03a70c020c465304,MATM91_b2e5baa17f0aaab890,端羟聚丁二烯推进剂（8613）,理化性质,溶解性,整体不溶于水;裸露AP微溶于水;HTPB在氯仿等溶剂中溶胀。,,,,,,,,text_only,false,no_reliable_numeric_measurement,,,,,,182,EVM91_f352d1b1fab72db942,accepted
PROPM91_358b202c7943b0a1eb,RELM91_397935b63b73e2d422,MATM91_b2e5baa17f0aaab890,端羟聚丁二烯推进剂（8613）,理化性质,挥发性,极低。常温下无挥发性。,,,,,,,低|极低|无,text_only,false,no_reliable_numeric_measurement,,,,,,182,EVM91_b984ef690f0725f030,accepted
PROPM91_61891f1964e6c77854,RELM91_6e40ed5d0c05d191da,MATM91_b2e5baa17f0aaab890,端羟聚丁二烯推进剂（8613）,安全特性,摩擦感度(需对应不同测试条件),迟钝。HTPB缓冲良好(爆炸概率通常 ≤ 10%)。,10,,,%,explicit_or_field_specific,<=,,validated_single,true,,explosion_probability,摩擦感度,<=,,,182,EVM91_36da4c96afc20d7dcc,accepted
PROPM91_bb857ffd4728392203,RELM91_c37e16f6c299a7a35e,MATM91_b2e5baa17f0aaab890,端羟聚丁二烯推进剂（8613）,安全特性,撞击感度(需对应不同测试条件),"迟钝。力学韧性优良,能吸收冲击能(特性落高通常 > 25cm)。",25,,,cm,explicit_or_field_specific,>,高,validated_single,true,,impact_height,落锤高度,>,,,182,EVM91_250e152646cf753916,accepted
PROPM91_539a87e02dbe731355,RELM91_3832a94f9626c6f023,MATM91_b2e5baa17f0aaab890,端羟聚丁二烯推进剂（8613）,安全特性,冲击感度,"较低。钝感度较高,正常条件难以被激发起爆轰。",,,,,,,较低|低|高,qualitative_only,false,no_reliable_numeric_measurement,,,,,,182,EVM91_43e8549159371d6655,accepted
PROPM91_97bbbd18f425ec53a3,RELM91_9da0366adca75714dd,MATM91_b2e5baa17f0aaab890,端羟聚丁二烯推进剂（8613）,安全特性,火焰感度,灵敏。极易被点火具高温火焰或热颗粒全表面点燃。,,,,,,,高,qualitative_only,false,no_reliable_numeric_measurement,,,,,,182,EVM91_6d2179ed7e1fd5d405,accepted
PROPM91_5ec339be32130f5dab,RELM91_be89c55a3489610e6e,MATM91_b2e5baa17f0aaab890,端羟聚丁二烯推进剂（8613）,安全特性,静电感度(需对应不同测试条件),成品极低。严重警告:干粉混合及药浆搅拌阶段静电危险极大。,,,,,,,低|极低,qualitative_only,false,no_reliable_numeric_measurement,,,,,,182,EVM91_28f75e27e7ab18f395,accepted
PROPM91_5890d7f1428e5783e1,RELM91_831c6b1a61d55a5a40,MATM91_b2e5baa17f0aaab890,端羟聚丁二烯推进剂（8613）,安全特性,热感度(5s爆发点),> 300°C。,300,,,℃,explicit_or_field_specific,>,,validated_single,true,,primary_value,热感度(5s爆发点),>,,5,182,EVM91_4997f7cc2f43600062,accepted
PROPM91_2c3825402d54754242,RELM91_74a95c19500faab6d4,MATM91_b2e5baa17f0aaab890,端羟聚丁二烯推进剂（8613）,安全特性,电火花感度,较低。成品绝缘性较好。,,,,,,,较低|低,qualitative_only,false,no_reliable_numeric_measurement,,,,,,182,EVM91_80ae17b2febafc20a3,accepted
PROPM91_1a1749bea4804bff1c,RELM91_9eded2e691daac094a,MATM91_b2e5baa17f0aaab890,端羟聚丁二烯推进剂（8613）,安全特性,吸湿性,低。HTPB包覆防潮性能优异。,,,,,,,低,text_only,false,no_reliable_numeric_measurement,,,,,,182,EVM91_0c83bdac902a353158,accepted
PROPM91_484787117268fe4836,RELM91_b590b4ce9efec77c3f,MATM91_b2e5baa17f0aaab890,端羟聚丁二烯推进剂（8613）,安全特性,熔点,不适用。,,,,,,,,qualitative_only,false,no_reliable_numeric_measurement,,,,,,182,EVM91_b3ca28fb02208e44e2,accepted
PROPM91_7674f0a8116d35c316,RELM91_357e7e3affef2bcce0,MATM91_b2e5baa17f0aaab890,端羟聚丁二烯推进剂（8613）,安全特性,分解温度,剧烈放热分解区间通常在 250°C - 310°C 左右。,,,,,,,,multiple_measurements,false,multiple_primary_measurements,,分解温度,,,,182,EVM91_0525f5cd14194f0578,accepted
PROPM91_3c2a7d02df70d7cb44,RELM91_be28b62a7291d6c312,MATM91_b2e5baa17f0aaab890,端羟聚丁二烯推进剂（8613）,能量特性,爆速,不适用(严禁爆轰)。,,,,,,,,qualitative_only,false,no_reliable_numeric_measurement,,,,,,182,EVM91_ea6fa610f8b9809e83,accepted
PROPM91_28e016e89e8ca4f897,RELM91_d8b007b33cb7cf0497,MATM91_b2e5baa17f0aaab890,端羟聚丁二烯推进剂（8613）,能量特性,爆温,"极高。大量铝粉参与燃烧,温度可达 3100K - 3400K。",,,,℃,field_dictionary,,极高|高,qualitative_only,false,no_reliable_numeric_measurement,,,,,,182,EVM91_2174c996326d8fa1b7,accepted
PROPM91_824996317e9baf49ab,RELM91_82d82f8d2ff0dd2ae0,MATM91_b2e5baa17f0aaab890,端羟聚丁二烯推进剂（8613）,能量特性,爆压,工作压强较高。发动机正常设计工作室压通常在 5 MPa - 15 MPa 之间。,,,,,,,强|高,multiple_measurements,false,multiple_primary_measurements,,爆压,,,,182,EVM91_feec99b08daea16509,accepted
PROPM91_265c67b1081a271bda,RELM91_825668a0f48e61b535,MATM91_b2e5baa17f0aaab890,端羟聚丁二烯推进剂（8613）,能量特性,爆容,极大。产生大量高压燃气及凝相微粒。,,,,,,,高,qualitative_only,false,no_reliable_numeric_measurement,,,,,,182,EVM91_1c1debc7a519f8afbb,accepted
PROPM91_d0dbd0704d2fb00c94,RELM91_0562d1b2f3da693ace,MATM91_b2e5baa17f0aaab890,端羟聚丁二烯推进剂（8613）,能量特性,威力,不适用。,,,,,,,,text_only,false,no_reliable_numeric_measurement,,,,,,182,EVM91_1ffcb81b6c08a94cb2,accepted
PROPM91_d157f58e3fbe52251c,RELM91_98c911be4720738630,MATM91_b2e5baa17f0aaab890,端羟聚丁二烯推进剂（8613）,能量特性,猛度,极低。,,,,,,,低|极低,text_only,false,no_reliable_numeric_measurement,,,,,,182,EVM91_287899c3c6a7ef6e55,accepted
PROPM91_c51082a0444dc19129,RELM91_3c331e03b23ac226f8,MATM91_b2e5baa17f0aaab890,端羟聚丁二烯推进剂（8613）,能量特性,起爆力,不适用。,,,,,,,,text_only,false,no_reliable_numeric_measurement,,,,,,182,EVM91_d9bba05e2e6e55e64d,accepted
PROPM91_1cbf7eb424a4c6ec42,RELM91_b11178dcf3a5413ae7,MATM91_b2e5baa17f0aaab890,端羟聚丁二烯推进剂（8613）,能量特性,燃烧速度(发射药、推进剂),"中等。标准工作压强(如 7.0 MPa)下燃速依据配方微调通常在 6.0 - 12.0 mm/s,随压强升高而加快。",,6.0,12.0,mm/s,explicit_or_field_specific,,强|中等|高,validated_range,true,,primary_value,燃烧速度,,,,182,EVM91_125ebbfc7fb682e381,accepted
PROPM91_85f4c37afb4020e77d,RELM91_c1e2d3e54f27c66933,MATM91_b2e5baa17f0aaab890,端羟聚丁二烯推进剂（8613）,能量特性,火药力(发射药),不适用。,,,,,,,,qualitative_only,false,no_reliable_numeric_measurement,,,,,,182,EVM91_f101d6f8fa6a0a1133,accepted
PROPM91_a154fd690cb6cd3127,RELM91_675172782c2ab766b8,MATM91_d5712a19ee9f8780b5,端羟聚丁二烯推进剂（8610(DQU-01C)）,理化性质,分子量(单质),不适用(多组分混合物),,,,,,,,qualitative_only,false,no_reliable_numeric_measurement,,,,,,183,EVM91_7866b06113df71886a,accepted
PROPM91_84c57b865535705478,RELM91_ad561a631a258821d5,MATM91_d5712a19ee9f8780b5,端羟聚丁二烯推进剂（8610(DQU-01C)）,理化性质,密度,1.70 - 1.76 g/cm3。,,1.70,1.76,g/cm³,explicit_or_field_specific,,,validated_range,true,,primary_value,密度,,,,183,EVM91_c2eca4b9aa9379ea9f,accepted
PROPM91_be965c3dccb9643dd5,RELM91_d79a5b97ccfe0bdea2,MATM91_d5712a19ee9f8780b5,端羟聚丁二烯推进剂（8610(DQU-01C)）,理化性质,外观,固化后为暗灰色至灰黑色、质地坚韧且具良好弹性的橡胶状固体。,,,,,,,,text_only,false,no_reliable_numeric_measurement,,,,,,183,EVM91_210f152c61f030d021,accepted
PROPM91_ce7186d8ea239ad9ac,RELM91_11d91a4ab15b0469f7,MATM91_d5712a19ee9f8780b5,端羟聚丁二烯推进剂（8610(DQU-01C)）,理化性质,溶解性,整体不溶于水;HTPB在甲苯中溶胀;裸露AP微溶于水。,,,,,,,,text_only,false,no_reliable_numeric_measurement,,,,,,183,EVM91_cf8f79e49418f8515c,accepted
PROPM91_689a81225c48a18d1c,RELM91_f78f9ee0c07003de4c,MATM91_d5712a19ee9f8780b5,端羟聚丁二烯推进剂（8610(DQU-01C)）,理化性质,挥发性,极低。常温及标准储存温度下无挥发性。,,,,,,,低|极低|无,text_only,false,no_reliable_numeric_measurement,,,,,,183,EVM91_1475f996809f80b6b5,accepted
PROPM91_0ac0c294655f0585aa,RELM91_e80ebcfb1a2753291c,MATM91_d5712a19ee9f8780b5,端羟聚丁二烯推进剂（8610(DQU-01C)）,安全特性,摩擦感度(需对应不同测试条件),"迟钝。HTPB提供良好缓冲,爆炸概率通常 ≤ 10%。",10,,,%,explicit_or_field_specific,<=,,validated_single,true,,explosion_probability,摩擦感度,<=,,,183,EVM91_5a4323d45addbada8a,accepted
PROPM91_281d431664dc3d6733,RELM91_8fc12ed74fd3ac74a3,MATM91_d5712a19ee9f8780b5,端羟聚丁二烯推进剂（8610(DQU-01C)）,安全特性,撞击感度(需对应不同测试条件),"迟钝。力学韧性好,特性落高通常 > 25cm。",25,,,cm,explicit_or_field_specific,>,高,validated_single,true,,impact_height,落锤高度,>,,,183,EVM91_2c3f174aa03b1f1653,accepted
PROPM91_8241feeaab69e0c7e1,RELM91_4a9dfee455127a809c,MATM91_d5712a19ee9f8780b5,端羟聚丁二烯推进剂（8610(DQU-01C)）,安全特性,冲击感度,"较低。非爆轰体系,需要强起爆源才能强制起爆。",,,,,,,强|较低|低,qualitative_only,false,no_reliable_numeric_measurement,,,,,,183,EVM91_5d2226b1918d4e4784,accepted
PROPM91_bca0b1c90b7ba3838c,RELM91_853690d39b5acffbf1,MATM91_d5712a19ee9f8780b5,端羟聚丁二烯推进剂（8610(DQU-01C)）,安全特性,火焰感度,灵敏。易于被点火发动机高温火焰/颗粒瞬间点燃。,,,,,,,高,qualitative_only,false,no_reliable_numeric_measurement,,,,,,183,EVM91_c2b96a249c8556da4b,accepted
PROPM91_123512f5796355cc70,RELM91_42999b5017a0f24258,MATM91_d5712a19ee9f8780b5,端羟聚丁二烯推进剂（8610(DQU-01C)）,安全特性,静电感度(需对应不同测试条件),成品极低。药浆混捏及浇注阶段存在极高静电危险。,,,,,,,低|极低|极高|高,qualitative_only,false,no_reliable_numeric_measurement,,,,,,183,EVM91_f03125c17843bca24b,accepted
PROPM91_57c3419096e5b92b03,RELM91_ddc69808cbc332b3bf,MATM91_d5712a19ee9f8780b5,端羟聚丁二烯推进剂（8610(DQU-01C)）,安全特性,热感度(5s爆发点),> 300°C。,300,,,℃,explicit_or_field_specific,>,,validated_single,true,,primary_value,热感度(5s爆发点),>,,5,183,EVM91_4b88af3ab2e73ac7ad,accepted
PROPM91_17e8ae66241226190c,RELM91_49d6e0a23bc97e1d7c,MATM91_d5712a19ee9f8780b5,端羟聚丁二烯推进剂（8610(DQU-01C)）,安全特性,电火花感度,较低。成品绝缘防静电性能相对较好。,,,,,,,较低|低,qualitative_only,false,no_reliable_numeric_measurement,,,,,,183,EVM91_3f5c0eefa8e21ca695,accepted
PROPM91_a4f071dc08744877c3,RELM91_7b305ec8205e8cec01,MATM91_d5712a19ee9f8780b5,端羟聚丁二烯推进剂（8610(DQU-01C)）,安全特性,吸湿性,"低。HTPB水汽阻隔作用强,防潮性优良。",,,,,,,强|低,text_only,false,no_reliable_numeric_measurement,,,,,,183,EVM91_5af85642a42ee48f7c,accepted
PROPM91_2ad11602ea9d223393,RELM91_432245f19532c93f82,MATM91_d5712a19ee9f8780b5,端羟聚丁二烯推进剂（8610(DQU-01C)）,安全特性,熔点,不适用。,,,,,,,,qualitative_only,false,no_reliable_numeric_measurement,,,,,,183,EVM91_30afeb61d1cec21de9,accepted
PROPM91_4dff18ae439c83e830,RELM91_764787864edcb9a4ca,MATM91_d5712a19ee9f8780b5,端羟聚丁二烯推进剂（8610(DQU-01C)）,安全特性,分解温度,剧烈放热分解区间通常在 250°C - 310°C。,,,,,,,,multiple_measurements,false,multiple_primary_measurements,,分解温度,,,,183,EVM91_ca29d96e8b5b6932f2,accepted
PROPM91_d8dc430ea98305da49,RELM91_21ef3d659ef3bc4c3b,MATM91_d5712a19ee9f8780b5,端羟聚丁二烯推进剂（8610(DQU-01C)）,能量特性,爆速,不适用(禁止爆轰)。,,,,,,,,qualitative_only,false,no_reliable_numeric_measurement,,,,,,183,EVM91_472ae04b05ba0500ab,accepted
PROPM91_bc749e07d98528835a,RELM91_dfd0f9921aea6930d5,MATM91_d5712a19ee9f8780b5,端羟聚丁二烯推进剂（8610(DQU-01C)）,能量特性,爆温,极高。燃烧室温度通常在 3000K - 3400K 之间。,,,,℃,field_dictionary,,极高|高,qualitative_only,false,no_reliable_numeric_measurement,,,,,,183,EVM91_aae7e66c980b2c1dec,accepted
PROPM91_6a29fd26313daf8e49,RELM91_61f493404905e5ce2c,MATM91_d5712a19ee9f8780b5,端羟聚丁二烯推进剂（8610(DQU-01C)）,能量特性,爆压,工作压强较高。发动机正常燃烧室工作压强多在 5 MPa - 15 MPa 范围内。,,,,,,,强|高,multiple_measurements,false,multiple_primary_measurements,,爆压,,,,183,EVM91_d01ffb31d4af1f1db9,accepted
PROPM91_ece5dbb803a683045d,RELM91_6169c08d9339e36179,MATM91_d5712a19ee9f8780b5,端羟聚丁二烯推进剂（8610(DQU-01C)）,能量特性,爆容,极大。生成大量高压气体及液态氧化铝产物。,,,,,,,高,qualitative_only,false,no_reliable_numeric_measurement,,,,,,183,EVM91_efeebd186931599fca,accepted
PROPM91_ccbc75471af2c8e00a,RELM91_d843bf6bfc59a19bbb,MATM91_d5712a19ee9f8780b5,端羟聚丁二烯推进剂（8610(DQU-01C)）,能量特性,威力,不适用。,,,,,,,,text_only,false,no_reliable_numeric_measurement,,,,,,183,EVM91_3120adf1d3e139271e,accepted
PROPM91_52880d34585658d941,RELM91_a0fc5a4e027b5250cb,MATM91_d5712a19ee9f8780b5,端羟聚丁二烯推进剂（8610(DQU-01C)）,能量特性,猛度,极低。,,,,,,,低|极低,text_only,false,no_reliable_numeric_measurement,,,,,,183,EVM91_e3d60a2ba3b29da7cf,accepted
PROPM91_d1d9dd6d8f2355c067,RELM91_4b4296d441cf0e8675,MATM91_d5712a19ee9f8780b5,端羟聚丁二烯推进剂（8610(DQU-01C)）,能量特性,起爆力,不适用。,,,,,,,,text_only,false,no_reliable_numeric_measurement,,,,,,183,EVM91_c2b0196b5b4daa0ac9,accepted
PROPM91_583e3852c8ce5eb2cd,RELM91_62503d0a0325a95149,MATM91_d5712a19ee9f8780b5,端羟聚丁二烯推进剂（8610(DQU-01C)）,能量特性,燃烧速度(发射药、推进剂),"中等。根据弹道设计微调,标准工作压强(如 7.0 MPa)下燃速通常在 6.0 - 10.0 mm/s 范围内。",,6.0,10.0,mm/s,explicit_or_field_specific,,强|中等,validated_range,true,,primary_value,燃烧速度,,,,183,EVM91_0f0cd870ee4e590dd7,accepted
PROPM91_05b062a70a7a7f5d8f,RELM91_7e5ed4010fd9adf307,MATM91_d5712a19ee9f8780b5,端羟聚丁二烯推进剂（8610(DQU-01C)）,能量特性,火药力(发射药),不适用。,,,,,,,,qualitative_only,false,no_reliable_numeric_measurement,,,,,,183,EVM91_7d49dbeef97c11833a,accepted
PROPM91_c0e8a39962cc684386,RELM91_c221bbeb5a09503f49,MATM91_54b128a1022b723616,端羟聚丁二烯推进剂（8611A）,理化性质,分子量(单质),不适用(混合物),,,,,,,,qualitative_only,false,no_reliable_numeric_measurement,,,,,,185,EVM91_9fc6af1308c3bc454f,accepted
PROPM91_73d05990d2cb9c4591,RELM91_5d1c0e60a04640a253,MATM91_54b128a1022b723616,端羟聚丁二烯推进剂（8611A）,理化性质,密度,1.72 - 1.78 g/cm3。,,1.72,1.78,g/cm³,explicit_or_field_specific,,,validated_range,true,,primary_value,密度,,,,185,EVM91_495dfd678118f87298,accepted
PROPM91_a768680dd8c49ff821,RELM91_97d37080bcdb2b50aa,MATM91_54b128a1022b723616,端羟聚丁二烯推进剂（8611A）,理化性质,外观,固化后为暗灰色至黑色、表面致密且具优良弹性抗拉强度的类橡胶固体。,,,,,,,强,text_only,false,no_reliable_numeric_measurement,,,,,,185,EVM91_b31588aac0faa82b03,accepted
PROPM91_1ae5e307a3a95eef2e,RELM91_1ef4b6b38e389c4944,MATM91_54b128a1022b723616,端羟聚丁二烯推进剂（8611A）,理化性质,溶解性,整体不溶于水;裸露AP微水溶;HTPB在氯仿等溶剂中溶胀。,,,,,,,,text_only,false,no_reliable_numeric_measurement,,,,,,185,EVM91_bef16c25562cd082a7,accepted
PROPM91_7bdc634d183c42e1d1,RELM91_b2252d2c8cc8d8bba3,MATM91_54b128a1022b723616,端羟聚丁二烯推进剂（8611A）,理化性质,挥发性,极低。常温及常规高温下基本无挥发性。,,,,,,,低|极低|高|无,text_only,false,no_reliable_numeric_measurement,,,,,,185,EVM91_d000a3fda40cf071c5,accepted
PROPM91_4e160c4d3018bddf63,RELM91_f09eca9e7d7847f34a,MATM91_54b128a1022b723616,端羟聚丁二烯推进剂（8611A）,安全特性,摩擦感度(需对应不同测试条件),"迟钝。HTPB网络提供极佳缓冲,爆炸概率通常 < 10%。",10,,,%,explicit_or_field_specific,<,,validated_single,true,,explosion_probability,摩擦感度,<,,,185,EVM91_9bd4e4a0d275776b76,accepted
PROPM91_d4ab149f8d12994e9d,RELM91_194a7394ded6ea758f,MATM91_54b128a1022b723616,端羟聚丁二烯推进剂（8611A）,安全特性,撞击感度(需对应不同测试条件),"迟钝。力学性能优异,特性落高通常 > 25cm。",25,,,cm,explicit_or_field_specific,>,高,validated_single,true,,impact_height,落锤高度,>,,,185,EVM91_92e82803219d9686d2,accepted
PROPM91_032436bf4b782372e0,RELM91_816f89f673da6e7939,MATM91_54b128a1022b723616,端羟聚丁二烯推进剂（8611A）,安全特性,冲击感度,"较低。具有较高的冲击钝感,需极强起爆能才能诱发爆轰。",,,,,,,强|较低|低|高,qualitative_only,false,no_reliable_numeric_measurement,,,,,,185,EVM91_b448ca344b70669978,accepted
PROPM91_fdf03bd80d6745fbe7,RELM91_ed064159ced57c89ec,MATM91_54b128a1022b723616,端羟聚丁二烯推进剂（8611A）,安全特性,火焰感度,灵敏。必须能被配套的点火发动机瞬间可靠引燃全表面。,,,,,,,,qualitative_only,false,no_reliable_numeric_measurement,,,,,,185,EVM91_e08ef20ec80928dccc,accepted
PROPM91_af8936c0eb7df6fa5f,RELM91_6b2004f472996dc90c,MATM91_54b128a1022b723616,端羟聚丁二烯推进剂（8611A）,安全特性,静电感度(需对应不同测试条件),成品极低。干态AP粉与铝粉混合及搅拌阶段静电危险性极大。,,,,,,,低|极低,qualitative_only,false,no_reliable_numeric_measurement,,,,,,185,EVM91_96b28fc2275d23c00e,accepted
PROPM91_db277a51833df4eb75,RELM91_e5d0134a776581e442,MATM91_54b128a1022b723616,端羟聚丁二烯推进剂（8611A）,安全特性,热感度(5s爆发点),> 300°C。,300,,,℃,explicit_or_field_specific,>,,validated_single,true,,primary_value,热感度(5s爆发点),>,,5,185,EVM91_40fb2d1de0d0c5fb7f,accepted
PROPM91_d1c9c6efc4b33c5e6d,RELM91_5a4b6774dc739601b9,MATM91_54b128a1022b723616,端羟聚丁二烯推进剂（8611A）,安全特性,电火花感度,较低。固化后的成品绝缘性较好。,,,,,,,较低|低,qualitative_only,false,no_reliable_numeric_measurement,,,,,,185,EVM91_42c85b9d6e7cbc9f37,accepted
PROPM91_ca2284660cdea9d0ab,RELM91_6fff30629567c7c68f,MATM91_54b128a1022b723616,端羟聚丁二烯推进剂（8611A）,安全特性,吸湿性,"低。HTPB对AP包覆防潮效果好,未喷涂阻燃层面微弱吸湿。",,,,,,,低|吸湿,text_only,false,no_reliable_numeric_measurement,,,,,,185,EVM91_87e3be25d6063a5fbd,accepted
PROPM91_3619b447302d695579,RELM91_0567fceb82869386eb,MATM91_54b128a1022b723616,端羟聚丁二烯推进剂（8611A）,安全特性,熔点,不适用。,,,,,,,,qualitative_only,false,no_reliable_numeric_measurement,,,,,,185,EVM91_70aa9f67f4ecb2a61f,accepted
PROPM91_0a8269684d3653e4f7,RELM91_d3eb184da6e9938e64,MATM91_54b128a1022b723616,端羟聚丁二烯推进剂（8611A）,安全特性,分解温度,主放热分解区间通常在 250°C - 310°C。,,,,,,,,multiple_measurements,false,multiple_primary_measurements,,分解温度,,,,185,EVM91_e89e5ddb4ed05d29d8,accepted
PROPM91_88903a8c46d0b85c32,RELM91_397e4c95c38c7fe5f7,MATM91_54b128a1022b723616,端羟聚丁二烯推进剂（8611A）,能量特性,爆速,不适用(设计严禁爆轰)。,,,,,,,,qualitative_only,false,no_reliable_numeric_measurement,,,,,,185,EVM91_4cd76562f9af77e904,accepted
PROPM91_9489189e428a39c34c,RELM91_6fd2a109fa17af777f,MATM91_54b128a1022b723616,端羟聚丁二烯推进剂（8611A）,能量特性,爆温,极高。燃烧室火焰温度通常高达 3200K - 3500K。,,,,℃,field_dictionary,,极高|高,qualitative_only,false,no_reliable_numeric_measurement,,,,,,185,EVM91_1be044fa137f3db0a9,accepted
PROPM91_fc6ef97d681f04dd60,RELM91_75d93bf414f9328130,MATM91_54b128a1022b723616,端羟聚丁二烯推进剂（8611A）,能量特性,爆压,工作压强高。发动机内呈定压或渐增压燃烧(常见压强 5 MPa - 15 MPa)。,,,,,,,强|高,multiple_measurements,false,multiple_primary_measurements,,爆压,,,,185,EVM91_55d21bfe794736e4ec,accepted
PROPM91_b2ddc2da1f1fa83dbe,RELM91_da92ec1714d137c72f,MATM91_54b128a1022b723616,端羟聚丁二烯推进剂（8611A）,能量特性,爆容,大。产生大量做功气体及颗粒。,,,,,,,,qualitative_only,false,no_reliable_numeric_measurement,,,,,,185,EVM91_fcb18a168482fe0f19,accepted
PROPM91_4956822404c8920644,RELM91_dd29bb41e4fe69db76,MATM91_54b128a1022b723616,端羟聚丁二烯推进剂（8611A）,能量特性,威力,不适用。,,,,,,,,text_only,false,no_reliable_numeric_measurement,,,,,,185,EVM91_b16ffde1b80eae1cea,accepted
PROPM91_b45329e194aa62b880,RELM91_4c315bb92eb371c2d0,MATM91_54b128a1022b723616,端羟聚丁二烯推进剂（8611A）,能量特性,猛度,极低。,,,,,,,低|极低,text_only,false,no_reliable_numeric_measurement,,,,,,185,EVM91_319773d718feb873de,accepted
PROPM91_11b0edeb749a527ee5,RELM91_322c64ce8c149678de,MATM91_54b128a1022b723616,端羟聚丁二烯推进剂（8611A）,能量特性,起爆力,不适用。,,,,,,,,text_only,false,no_reliable_numeric_measurement,,,,,,185,EVM91_2be96df182189b7011,accepted
PROPM91_03df39ff4eb8a4af77,RELM91_e18aaff5dce04cfc31,MATM91_54b128a1022b723616,端羟聚丁二烯推进剂（8611A）,能量特性,燃烧速度(发射药、推进剂),"中等。标准工作压强(如 7.0 MPa)下燃速受配方微调影响,通常在 5.0 - 12.0 mm/s 左右,随压强呈指数规律上升。",,5.0,12.0,mm/s,explicit_or_field_specific,,强|中等,validated_range,true,,primary_value,燃烧速度,,,,185,EVM91_2acc5dc14f81546c85,accepted
PROPM91_3c87b99b5efd9c7e32,RELM91_588f76d34b3732d397,MATM91_54b128a1022b723616,端羟聚丁二烯推进剂（8611A）,能量特性,火药力(发射药),不适用。,,,,,,,,qualitative_only,false,no_reliable_numeric_measurement,,,,,,185,EVM91_11b6c6a090ebc05ed3,accepted
PROPM91_18bc87f4ecf25f2a6f,RELM91_0b6bb7fe17cdeaa299,MATM91_e35dce6e2d96973345,端羟基聚丁二烯推进剂（PL-8）,理化性质,分子量(单质),不适用(混合物),,,,,,,,qualitative_only,false,no_reliable_numeric_measurement,,,,,,186,EVM91_584b60c88ccbdb4d5d,accepted
PROPM91_f6d54922cd70648749,RELM91_48c9d6ee61549b2a98,MATM91_e35dce6e2d96973345,端羟基聚丁二烯推进剂（PL-8）,理化性质,密度,"1.65 - 1.75 g/cm3(由于控制特征信号可能减少重金属粉,密度略低于高铝配方)。",,1.65,1.75,g/cm³,explicit_or_field_specific,,低|高,validated_range,true,,primary_value,密度,,,,186,EVM91_f3c24be2ae5d249b33,accepted
PROPM91_c8b662e4b3e2ceaf4c,RELM91_5b90de4ae6b7e46d9e,MATM91_e35dce6e2d96973345,端羟基聚丁二烯推进剂（PL-8）,理化性质,外观,"固化后为暗灰色或灰黑色弹性体。为实现瞬间大推力,药柱内部通常设计成复杂的车轮型或多角星型通孔,以最大化初始燃烧面积。",,,,,,,,text_only,false,no_reliable_numeric_measurement,,,,,,186,EVM91_5efbf716b0398f2e3d,accepted
PROPM91_9fd2d3a19b907f7918,RELM91_6b049b2c3ede828926,MATM91_e35dce6e2d96973345,端羟基聚丁二烯推进剂（PL-8）,理化性质,溶解性,整体不溶于水;裸露的AP微溶于水;HTPB在氯仿等有机溶剂中溶胀。,,,,,,,,text_only,false,no_reliable_numeric_measurement,,,,,,186,EVM91_8f8586e2d8282a11e4,accepted
PROPM91_b38f7149f2de4d4a5a,RELM91_2d2dad2cee237c8a78,MATM91_e35dce6e2d96973345,端羟基聚丁二烯推进剂（PL-8）,理化性质,挥发性,极低。,,,,,,,低|极低,text_only,false,no_reliable_numeric_measurement,,,,,,186,EVM91_bd6b9df82a2f79f193,accepted
PROPM91_4eb82c3f760f03100a,RELM91_83f152dda015142d3f,MATM91_e35dce6e2d96973345,端羟基聚丁二烯推进剂（PL-8）,安全特性,摩擦感度(需对应不同测试条件),"较低(弹性基体缓冲好,通常 <10%)。因为含有高活性燃速催化剂,可能比普通HTPB略微敏感。",10,,,%,explicit_or_field_specific,<,敏感|较低|低|高,validated_single,true,,explosion_probability,摩擦感度,<,,,186,EVM91_2c4b736e8a1c3fe638,accepted
PROPM91_f8d0a10c884ff9097e,RELM91_2eaa647a854b3ac2ff,MATM91_e35dce6e2d96973345,端羟基聚丁二烯推进剂（PL-8）,安全特性,撞击感度(需对应不同测试条件),"较低(特性落高通常 > 25cm),抗跌落冲击性能优良。",25,,,cm,explicit_or_field_specific,>,较低|低|高,validated_single,true,,impact_height,落锤高度,>,,,186,EVM91_c75bf16d84c9dab28e,accepted
PROPM91_ea403853909dcbe20c,RELM91_4ccd2d3f737fba3901,MATM91_e35dce6e2d96973345,端羟基聚丁二烯推进剂（PL-8）,安全特性,冲击感度,"较低。非爆轰体系,极难被直接起爆。",,,,,,,较低|低,qualitative_only,false,no_reliable_numeric_measurement,,,,,,186,EVM91_d361749c0e3d688e55,accepted
PROPM91_92169536c966280c82,RELM91_239188154fa1b3cbfe,MATM91_e35dce6e2d96973345,端羟基聚丁二烯推进剂（PL-8）,安全特性,火焰感度,极度灵敏。设计要求能被点火发动机在毫秒级时间内瞬间全燃面可靠点燃。,,,,,,,,qualitative_only,false,no_reliable_numeric_measurement,,,,,,186,EVM91_91885c19faa1a47b1d,accepted
PROPM91_78fe70c07878dcdf12,RELM91_078e27e2ad6b70ddc6,MATM91_e35dce6e2d96973345,端羟基聚丁二烯推进剂（PL-8）,安全特性,静电感度(需对应不同测试条件),成品极低。但含燃速催化剂的干粉/药浆混合阶段静电风险极高。,,,,,,,低|极低|极高|高,qualitative_only,false,no_reliable_numeric_measurement,,,,,,186,EVM91_9324d579fb82054d1a,accepted
PROPM91_6e392b3bd516589691,RELM91_fe28cce9863504ce4a,MATM91_e35dce6e2d96973345,端羟基聚丁二烯推进剂（PL-8）,安全特性,热感度(5s爆发点),> 300°C(受AP及催化剂共同影响)。,300,,,℃,explicit_or_field_specific,>,,validated_single,true,,primary_value,热感度(5s爆发点),>,,5,186,EVM91_ceae2dcbc01dc5c9b5,accepted
PROPM91_e35613cd86a37c340b,RELM91_46c84fe121089a39a6,MATM91_e35dce6e2d96973345,端羟基聚丁二烯推进剂（PL-8）,安全特性,电火花感度,较低。成品绝缘性较好。,,,,,,,较低|低,qualitative_only,false,no_reliable_numeric_measurement,,,,,,186,EVM91_7a4290e7a982d7249b,accepted
PROPM91_ee20e8b0c7d4c4f3ea,RELM91_4983242b7cf7891d0e,MATM91_e35dce6e2d96973345,端羟基聚丁二烯推进剂（PL-8）,安全特性,吸湿性,低。HTPB聚氨酯网络包裹防潮性良好。,,,,,,,低,text_only,false,no_reliable_numeric_measurement,,,,,,186,EVM91_4bb2c63a8c41f2e372,accepted
PROPM91_bdb24f90dba4a29246,RELM91_5911c6d94de9432784,MATM91_e35dce6e2d96973345,端羟基聚丁二烯推进剂（PL-8）,安全特性,熔点,不适用(交联弹性体受热不熔化)。,,,,,,,,qualitative_only,false,no_reliable_numeric_measurement,,,,,,186,EVM91_8b23cbaeac16f6433f,accepted
PROPM91_eb77e35554d3db565c,RELM91_c861fe331e62babe4a,MATM91_e35dce6e2d96973345,端羟基聚丁二烯推进剂（PL-8）,安全特性,分解温度,放热分解峰通常在 250°C - 280°C 左右(催化剂可能会使分解峰略微提前)。,,,,,,,,multiple_measurements,false,multiple_primary_measurements,,分解温度,,,,186,EVM91_985ded7a376b155cfc,accepted
PROPM91_57aac3a6b87eca0359,RELM91_a32cc354ee4da8e0e0,MATM91_e35dce6e2d96973345,端羟基聚丁二烯推进剂（PL-8）,能量特性,爆速,不适用。严禁爆轰。,,,,,,,,qualitative_only,false,no_reliable_numeric_measurement,,,,,,186,EVM91_76c83357de1ca284d6,accepted
PROPM91_576dad0994932daa9e,RELM91_e8fb3d0a798334d816,MATM91_e35dce6e2d96973345,端羟基聚丁二烯推进剂（PL-8）,能量特性,爆温,高。燃烧室温度通常在 2800K - 3200K。,,,,℃,field_dictionary,,高,qualitative_only,false,no_reliable_numeric_measurement,,,,,,186,EVM91_6002df4c8c6dbfc3ac,accepted
PROPM91_ad2986ce1a7e1e7f21,RELM91_02c36d62069676e322,MATM91_e35dce6e2d96973345,端羟基聚丁二烯推进剂（PL-8）,能量特性,爆压,"工作压强极高。近距格斗弹由于燃烧极快,其发动机工作压强远超普通火箭,常达 10 MPa - 20 MPa。",,,,,,,强|极高|高,multiple_measurements,false,multiple_primary_measurements,,爆压,,,,186,EVM91_c73e7f02b016b7cf7d,accepted
PROPM91_39ced4aa45391d5763,RELM91_8258328ba362d2a679,MATM91_e35dce6e2d96973345,端羟基聚丁二烯推进剂（PL-8）,能量特性,爆容,"大。产生大量高温高压燃气(CO, CO2, H2O, HCl等)。",,,,L/kg,field_dictionary,,高,qualitative_only,false,no_reliable_numeric_measurement,,,,,,186,EVM91_16eed921543925318b,accepted
PROPM91_1bc1e5ce22a931869e,RELM91_2db67d65b98953021a,MATM91_e35dce6e2d96973345,端羟基聚丁二烯推进剂（PL-8）,能量特性,威力,不适用。,,,,,,,,text_only,false,no_reliable_numeric_measurement,,,,,,186,EVM91_984a1cc679e3aa83ca,accepted
PROPM91_38d40d1e956ab96b86,RELM91_d83a262cebb28159e8,MATM91_e35dce6e2d96973345,端羟基聚丁二烯推进剂（PL-8）,能量特性,猛度,极低。,,,,,,,低|极低,text_only,false,no_reliable_numeric_measurement,,,,,,186,EVM91_d9d4d3bc2090187f64,accepted
PROPM91_05de679dff01447e08,RELM91_f0af553ba9446a07c6,MATM91_e35dce6e2d96973345,端羟基聚丁二烯推进剂（PL-8）,能量特性,起爆力,不适用。,,,,,,,,text_only,false,no_reliable_numeric_measurement,,,,,,186,EVM91_a40382e697e69acf89,accepted
PROPM91_93ddcc4a11a033ba70,RELM91_0a63643bc6dfd36bd5,MATM91_e35dce6e2d96973345,端羟基聚丁二烯推进剂（PL-8）,能量特性,燃烧速度(发射药、推进剂),"核心战术指标:极高。在加入高效催化剂和高膛压环境下,其实际工作燃速极快(往往达 20 - 40 mm/s 甚至更高),几秒内烧完。",,20,40,mm/s,explicit_or_field_specific,,极高|高,validated_range,true,,primary_value,燃烧速度,,,,186,EVM91_12e124ae702c2bc045,accepted
PROPM91_958c1779cc04ce6d0b,RELM91_df70b21b494992b32a,MATM91_e35dce6e2d96973345,端羟基聚丁二烯推进剂（PL-8）,能量特性,火药力(发射药),"不适用。主要考核指标为“比冲”,此类配方比冲通常在 240s - 250s 之间。",,,,,,,,multiple_measurements,false,multiple_primary_measurements,,火药力(发射药),,,,186,EVM91_da6bae16a0ad338e7c,accepted
PROPM91_4868b2a91704f6cf68,RELM91_cbddb3fbc8a5ba5896,MATM91_016bc72bcd92c4c06b,端羟聚丁二烯推进剂（8612）,理化性质,分子量(单质),不适用(混合物),,,,,,,,qualitative_only,false,no_reliable_numeric_measurement,,,,,,188,EVM91_ee8a6a3d53f64b5873,accepted
PROPM91_20a9f6463f2143c5c7,RELM91_59022f048449b71978,MATM91_016bc72bcd92c4c06b,端羟聚丁二烯推进剂（8612）,理化性质,密度,"1.70 - 1.80 g/cm3(因含大量高密度铝粉,密度较高)。",,1.70,1.80,g/cm³,explicit_or_field_specific,,高,validated_range,true,,primary_value,密度,,,,188,EVM91_0a028860501efd9e37,accepted
PROPM91_94d87bc8f5e718121c,RELM91_f1c93e659e0e70b76a,MATM91_016bc72bcd92c4c06b,端羟聚丁二烯推进剂（8612）,理化性质,外观,固化后为暗灰色至灰黑色、具有优良弹性和韧性的坚硬橡胶状固体(通常浇注为带复杂星孔或管状的药柱)。,,,,,,,,text_only,false,no_reliable_numeric_measurement,,,,,,188,EVM91_88118772718eb43d93,accepted
PROPM91_5283181ea5c1c70d45,RELM91_e96b1d7d2f7a727271,MATM91_016bc72bcd92c4c06b,端羟聚丁二烯推进剂（8612）,理化性质,溶解性,整体不溶于水;裸露的AP微溶于水;HTPB聚氨酯网络不溶但可在某些有机溶剂(如氯仿、甲苯)中溶胀。,,,,,,,,text_only,false,no_reliable_numeric_measurement,,,,,,188,EVM91_d4f4ee465f83bf8a37,accepted
PROPM91_c51649921ad4d6a1f4,RELM91_5cff92a78eca599ff5,MATM91_016bc72bcd92c4c06b,端羟聚丁二烯推进剂（8612）,理化性质,挥发性,"极低,常温下无挥发性。",,,,,,,低|极低|无,text_only,false,no_reliable_numeric_measurement,,,,,,188,EVM91_0beda443ba4fbec2d8,accepted
PROPM91_32cd46fa12e6a65287,RELM91_f08228541ddaa64183,MATM91_016bc72bcd92c4c06b,端羟聚丁二烯推进剂（8612）,安全特性,摩擦感度(需对应不同测试条件),较低。HTPB弹性基体缓冲性能极佳(摆式摩擦仪测试通常在 0%-10% 爆炸概率)。,,,,,,,较低|低,multiple_measurements,false,multiple_primary_measurements,,摩擦感度,,,,188,EVM91_7eb704a43ac4923851,accepted
PROPM91_9046643a91e514ebda,RELM91_3e1c5351122da05e17,MATM91_016bc72bcd92c4c06b,端羟聚丁二烯推进剂（8612）,安全特性,撞击感度(需对应不同测试条件),"较低。耐机械冲击力强(10kg落锤测试,特性落高通常 > 25cm)。",25,,,cm,explicit_or_field_specific,>,强|较低|低|高,validated_single,true,,impact_height,落锤高度,>,10,,188,EVM91_15e4c6885ce2ee3e24,accepted
PROPM91_2583ac23068dfcd486,RELM91_a805839370a6fef796,MATM91_016bc72bcd92c4c06b,端羟聚丁二烯推进剂（8612）,安全特性,冲击感度,"较低。作为推进剂钝感程度较高,需强烈的扩爆药体系才能引发瞬时爆轰。",,,,,,,强|较低|低|高,qualitative_only,false,no_reliable_numeric_measurement,,,,,,188,EVM91_426316757308da7c55,accepted
PROPM91_904789c8d8db8acc37,RELM91_eee80141c134b87524,MATM91_016bc72bcd92c4c06b,端羟聚丁二烯推进剂（8612）,安全特性,火焰感度,灵敏。设计上极易被常规点火具(如黑火药或硼硝酸钾点火药)瞬间全表面点燃。,,,,,,,,qualitative_only,false,no_reliable_numeric_measurement,,,,,,188,EVM91_1ac20adfffe1ee857e,accepted
PROPM91_7ee5848d020afbd787,RELM91_a52662c7c6a62be89e,MATM91_016bc72bcd92c4c06b,端羟聚丁二烯推进剂（8612）,安全特性,静电感度(需对应不同测试条件),成品药柱静电感度极低。但药浆混合阶段(尤其是干态AP与铝粉混合时)静电危险性极高。,,,,,,,低|极低|极高|高,qualitative_only,false,no_reliable_numeric_measurement,,,,,,188,EVM91_9d1d5557f319817abe,accepted
PROPM91_a1635475e6e4242a98,RELM91_b65a9f9c2ebed72192,MATM91_016bc72bcd92c4c06b,端羟聚丁二烯推进剂（8612）,安全特性,热感度(5s爆发点),> 300°C(受高氯酸铵热分解特性主导)。,300,,,℃,explicit_or_field_specific,>,高,validated_single,true,,primary_value,热感度(5s爆发点),>,,5,188,EVM91_e1104244cf3d174738,accepted
PROPM91_726d3ec8485447a7ad,RELM91_9bce169961f09449b9,MATM91_016bc72bcd92c4c06b,端羟聚丁二烯推进剂（8612）,安全特性,电火花感度,"较低。成品绝缘性较好,难以被常规静电火花点燃。",,,,,,,较低|低,qualitative_only,false,no_reliable_numeric_measurement,,,,,,188,EVM91_122f1fb723ea17fba4,accepted
PROPM91_720e6e764622f18cdb,RELM91_2f1cddbee2068706d2,MATM91_016bc72bcd92c4c06b,端羟聚丁二烯推进剂（8612）,安全特性,吸湿性,"低。HTPB基体防潮隔绝性极佳,仅表面裸露的AP有极其轻微的吸湿。",,,,,,,低|吸湿,text_only,false,no_reliable_numeric_measurement,,,,,,188,EVM91_4a772b5c409b149c5f,accepted
PROPM91_4575cce72ebce4c20b,RELM91_85088f8eae1bacea61,MATM91_016bc72bcd92c4c06b,端羟聚丁二烯推进剂（8612）,安全特性,熔点,"不适用(热固性交联高分子,受热不熔化,直接分解)。",,,,,,,高,qualitative_only,false,no_reliable_numeric_measurement,,,,,,188,EVM91_996dbc6ac475a3a5ae,accepted
PROPM91_649822bccf69691f91,RELM91_a8cbd6f23c28387ea3,MATM91_016bc72bcd92c4c06b,端羟聚丁二烯推进剂（8612）,安全特性,分解温度,剧烈放热分解通常在 250°C - 300°C 之间发生。,,,,,,,,multiple_measurements,false,multiple_primary_measurements,,分解温度,,,,188,EVM91_99b99a1d6783e87ced,accepted
PROPM91_9df3ad18713a27b426,RELM91_4f4913c106c318b623,MATM91_016bc72bcd92c4c06b,端羟聚丁二烯推进剂（8612）,能量特性,爆速,不适用。非爆轰用药(极限强约束起爆下爆速可能在 5000-6000 m/s 量级)。,,5000,6000,m/s,explicit_or_field_specific,,强,validated_range,true,,primary_value,爆速,,,,188,EVM91_b49c80cbcd4eebdd03,accepted
PROPM91_1c0d6cbba34f1f3023,RELM91_9a952c4ba5d55c2dea,MATM91_016bc72bcd92c4c06b,端羟聚丁二烯推进剂（8612）,能量特性,爆温,"极高。为追求高比冲,铝粉燃烧放出大量热,燃烧室温度通常高达 3000K - 3500K。",,,,℃,field_dictionary,,极高|高,qualitative_only,false,no_reliable_numeric_measurement,,,,,,188,EVM91_0a68e8009038fae2d3,accepted
PROPM91_388a733b044190ed24,RELM91_eaeabd17d4598b0a94,MATM91_016bc72bcd92c4c06b,端羟聚丁二烯推进剂（8612）,能量特性,爆压,"工作压强高。正常在发动机内定压燃烧(通常 5 MPa - 15 MPa 燃烧室压强),非爆压概念。",,,,,,,强|高,multiple_measurements,false,multiple_primary_measurements,,爆压,,,,188,EVM91_bcd2d5922604245795,accepted
PROPM91_ed892b7c705841b794,RELM91_56eb2764a42588d137,MATM91_016bc72bcd92c4c06b,端羟聚丁二烯推进剂（8612）,能量特性,爆容,"产气量极大。生成气态产物(CO, CO2, H2O, HCl等)及固/液态凝聚相产物(如氧化铝 Al2O3)。",,,,,,,,qualitative_only,false,no_reliable_numeric_measurement,,,,,,188,EVM91_a56e20ea9bf6ba14e8,accepted
PROPM91_f8fca1943cdd810096,RELM91_a34dcf13d40457b1ae,MATM91_016bc72bcd92c4c06b,端羟聚丁二烯推进剂（8612）,能量特性,威力,不适用(不做破坏做功使用)。,,,,,,,,text_only,false,no_reliable_numeric_measurement,,,,,,188,EVM91_4d5a3625b7edb8315a,accepted
PROPM91_f303a56c603afca6b1,RELM91_10c2de99cda9cf3839,MATM91_016bc72bcd92c4c06b,端羟聚丁二烯推进剂（8612）,能量特性,猛度,极低。,,,,,,,低|极低,text_only,false,no_reliable_numeric_measurement,,,,,,188,EVM91_87ab0db29c6dece9cb,accepted
PROPM91_052b7f910660059f2a,RELM91_edb7075d8620a2d857,MATM91_016bc72bcd92c4c06b,端羟聚丁二烯推进剂（8612）,能量特性,起爆力,不适用。,,,,,,,,text_only,false,no_reliable_numeric_measurement,,,,,,188,EVM91_a36a40d59b507c4991,accepted
PROPM91_25e6bd7269e41afb4d,RELM91_011343566e4306ac86,MATM91_016bc72bcd92c4c06b,端羟聚丁二烯推进剂（8612）,能量特性,燃烧速度(发射药、推进剂),"中等偏高。依据发动机弹道设计,常压下燃速通常在 5.0 - 15.0 mm/s 范围内,随压强升高呈指数增长。",,5.0,15.0,mm/s,explicit_or_field_specific,,强|中等|高,validated_range,true,,primary_value,燃烧速度,,,,188,EVM91_58f99ed6138ad82cf2,accepted
PROPM91_11093a80b26097195f,RELM91_1d6d35f549eddbbcc5,MATM91_016bc72bcd92c4c06b,端羟聚丁二烯推进剂（8612）,能量特性,火药力(发射药),"不适用。火箭推进剂评价指标为“比冲(Specific Impulse)”,8612理论标准比冲约 260s 左右。",260,,,s,explicit_or_field_specific,~,,validated_single,true,,primary_value,火药力(发射药),~,,,188,EVM91_12f733eed63bdcfbab,accepted
PROPM91_518b1ca01be00a177c,RELM91_ad571d0b51533cf6b2,MATM91_7ed09b8eee773dc084,155底排药柱（DDB02）,理化性质,分子量(单质),不适用(混合物),,,,,,,,qualitative_only,false,no_reliable_numeric_measurement,,,,,,189,EVM91_d9d8e8b3066e244b34,accepted
PROPM91_0a00bc1af5a9a7ccb6,RELM91_62231e5f4fcea32ba8,MATM91_7ed09b8eee773dc084,155底排药柱（DDB02）,理化性质,密度,1.45 - 1.58 g/cm3,,1.45,1.58,g/cm³,explicit_or_field_specific,,,validated_range,true,,primary_value,密度,,,,189,EVM91_5308af3cb5d72a5713,accepted
PROPM91_4d31761fbef0fe1a4b,RELM91_bce3b8e4c8639c67cd,MATM91_7ed09b8eee773dc084,155底排药柱（DDB02）,理化性质,外观,"黑色或暗灰色带弹性固体圆柱体(通常带中心通孔或特殊的端面/包覆层设计,以控制燃面)。",,,,,,,,text_only,false,no_reliable_numeric_measurement,,,,,,189,EVM91_dc0a1579d4f277a87a,accepted
PROPM91_ac7cf145286a0daacd,RELM91_63314ca5f657e92570,MATM91_7ed09b8eee773dc084,155底排药柱（DDB02）,理化性质,溶解性,整体不溶于水;端面裸露的AP微溶于水;HTPB在部分有机溶剂(如甲苯)中会发生溶胀。,,,,,,,,text_only,false,no_reliable_numeric_measurement,,,,,,189,EVM91_6c2be87a940eb3b61e,accepted
PROPM91_38f0aefd6754980a0e,RELM91_15a7ab88e5b237e668,MATM91_7ed09b8eee773dc084,155底排药柱（DDB02）,理化性质,挥发性,"极低,常温下无挥发性。",,,,,,,低|极低|无,text_only,false,no_reliable_numeric_measurement,,,,,,189,EVM91_a80e9043257ecee6ea,accepted
PROPM91_ed922f994a0d9a9f05,RELM91_0ba6f93599a5a34c60,MATM91_7ed09b8eee773dc084,155底排药柱（DDB02）,安全特性,摩擦感度(需对应不同测试条件),极不敏感。HTPB弹性基体的缓冲作用极强(摆式摩擦仪测试通常为 0% 爆炸概率)。,0,,,%,explicit_or_field_specific,,敏感|不敏感|极不敏感|强,validated_single,true,,explosion_probability,摩擦感度,,,,189,EVM91_21ff1672466261f574,accepted
PROPM91_51bbe00003a42dc4c6,RELM91_cd712fe831912422a5,MATM91_7ed09b8eee773dc084,155底排药柱（DDB02）,安全特性,撞击感度(需对应不同测试条件),"迟钝。能吸收大量冲击能而不发火(10kg落锤,特性落高通常 > 25cm)。",25,,,cm,explicit_or_field_specific,>,高,validated_single,true,,impact_height,落锤高度,>,10,,189,EVM91_f5bd0f7b56cc40ca38,accepted
PROPM91_1cc8443b3a6239ea53,RELM91_0b71f422f8c0800cca,MATM91_7ed09b8eee773dc084,155底排药柱（DDB02）,安全特性,冲击感度,"极低。常规雷管及扩爆药难以直接起爆,通常仅发生燃烧破裂。",,,,,,,低|极低,qualitative_only,false,no_reliable_numeric_measurement,,,,,,189,EVM91_80aca521743a732b1b,accepted
PROPM91_693c6d3e38cfe3b767,RELM91_c08679432fd2ee1a43,MATM91_7ed09b8eee773dc084,155底排药柱（DDB02）,安全特性,火焰感度,较灵敏。设计上必须能被155弹底排点火具(如B-KNO3药盒)瞬间可靠点燃。,,,,,,,,qualitative_only,false,no_reliable_numeric_measurement,,,,,,189,EVM91_c47857fad1b6bc18a4,accepted
PROPM91_38c5e22356fb5a2b6a,RELM91_77546227060019b496,MATM91_7ed09b8eee773dc084,155底排药柱（DDB02）,安全特性,静电感度(需对应不同测试条件),"成品药柱静电感度极低,但在药浆混合及浇注阶段存在静电风险。",,,,,,,低|极低,qualitative_only,false,no_reliable_numeric_measurement,,,,,,189,EVM91_5ed86502997e5e960f,accepted
PROPM91_199b09fed9011d22f4,RELM91_3303d568f710c2da9c,MATM91_7ed09b8eee773dc084,155底排药柱（DDB02）,安全特性,热感度(5s爆发点),> 300°C(主要受高氯酸铵及降温剂的热分解特性主导)。,300,,,℃,explicit_or_field_specific,>,高,validated_single,true,,primary_value,热感度(5s爆发点),>,,5,189,EVM91_af61968d97e7d08984,accepted
PROPM91_d6a7f0d11e0e5d8a0b,RELM91_dc61e5dfef873380e0,MATM91_7ed09b8eee773dc084,155底排药柱（DDB02）,安全特性,电火花感度,"较低。成品聚氨酯网络绝缘性较好,不易被常规火花点燃。",,,,,,,较低|低,qualitative_only,false,no_reliable_numeric_measurement,,,,,,189,EVM91_c041cf8211c053dc37,accepted
PROPM91_d86556059055d70eb1,RELM91_698d6ca5e1cddaced0,MATM91_7ed09b8eee773dc084,155底排药柱（DDB02）,安全特性,吸湿性,"较低。HTPB基体防潮性极佳,但需注意未包覆端面裸露氧化剂的微弱吸湿。",,,,,,,较低|低|吸湿,text_only,false,no_reliable_numeric_measurement,,,,,,189,EVM91_aa27e202a2e587783a,accepted
PROPM91_92bb9f09c6b2c6aa12,RELM91_653bc93362ac4fd263,MATM91_7ed09b8eee773dc084,155底排药柱（DDB02）,安全特性,熔点,"不适用(热固性交联弹性体,受热不熔化,直接分解)。",,,,,,,,qualitative_only,false,no_reliable_numeric_measurement,,,,,,189,EVM91_85e83e31892b4cf9c3,accepted
PROPM91_3d664fe4232ecc2dda,RELM91_c9aa9b6574b204781b,MATM91_7ed09b8eee773dc084,155底排药柱（DDB02）,安全特性,分解温度,体系的快速放热分解峰通常在 250°C - 320°C 左右。,,,,,,,,multiple_measurements,false,multiple_primary_measurements,,分解温度,,,,189,EVM91_2bc73072cf034cc481,accepted
PROPM91_35953d8e98029dbc4a,RELM91_94674308fec7a8b3d1,MATM91_7ed09b8eee773dc084,155底排药柱（DDB02）,能量特性,爆速,"不适用。设计用途严禁发生爆轰,极限强约束条件下可能< 4000 m/s。",4000,,,m/s,explicit_or_field_specific,<,强,validated_single,true,,primary_value,爆速,<,,,189,EVM91_92e7250d42183bbb81,accepted
PROPM91_f6c5a6bca1741f0354,RELM91_ede0cc4ee429f7cb0c,MATM91_7ed09b8eee773dc084,155底排药柱（DDB02）,能量特性,爆温,"核心控温指标:较低。通常严格控制在 1500K - 1900K,防止高温烧穿155炮弹底排装置的金属结构件。",,,,,,,较低|低|高,qualitative_only,false,no_reliable_numeric_measurement,,,,,,189,EVM91_e6f2cdf6475d0179f6,accepted
PROPM91_b0f69a91c1155567c1,RELM91_4be6e9f3bdd97d8759,MATM91_7ed09b8eee773dc084,155底排药柱（DDB02）,能量特性,爆压,"极低。工作状态是在弹底低压(甚至微负压)尾流区排气燃烧,无高压产生。",,,,,,,低|极低|高|无,qualitative_only,false,no_reliable_numeric_measurement,,,,,,189,EVM91_16c74765708443247a,accepted
PROPM91_38aa66eda8cc86686a,RELM91_9d27f10d40260fa7a7,MATM91_7ed09b8eee773dc084,155底排药柱（DDB02）,能量特性,爆容,"极大。分解产生大量 CO、H2、N2、H2O 等低分子量气体,以提供最大的体积填充效应。",,,,,,,低,qualitative_only,false,no_reliable_numeric_measurement,,,,,,189,EVM91_ef23ef20ebdb015286,accepted
PROPM91_8d1d8a9be088082450,RELM91_dd4db9662cb9472e8c,MATM91_7ed09b8eee773dc084,155底排药柱（DDB02）,能量特性,威力,极低(非爆破破坏用药)。,,,,,,,低|极低,text_only,false,no_reliable_numeric_measurement,,,,,,189,EVM91_243e95ff1481795cfc,accepted
PROPM91_beb9d9ed7cf5679626,RELM91_2419418224604e59d1,MATM91_7ed09b8eee773dc084,155底排药柱（DDB02）,能量特性,猛度,极低。,,,,,,,低|极低,text_only,false,no_reliable_numeric_measurement,,,,,,189,EVM91_623eed7e7f4b6af921,accepted
PROPM91_030c39d9eb32f41fde,RELM91_56f02e41290c78db11,MATM91_7ed09b8eee773dc084,155底排药柱（DDB02）,能量特性,起爆力,不适用(无法引爆其他炸药)。,,,,,,,无,text_only,false,no_reliable_numeric_measurement,,,,,,189,EVM91_3a6347893952db8811,accepted
PROPM91_53c0c2aecfe31371db,RELM91_739ac2baa2e91b14f6,MATM91_7ed09b8eee773dc084,155底排药柱（DDB02）,能量特性,燃烧速度(发射药、推进剂),"核心战术指标:极低。为满足155榴弹数十秒的飞行弹道工作时间,常压(0.1MPa)燃速通常控制在 1.0 - 2.0 mm/s 量级。",,1.0,2.0,mm/s,explicit_or_field_specific,,低|极低,validated_range,true,,primary_value,燃烧速度,,,,189,EVM91_f44ab40a04d0f4e487,accepted
PROPM91_a069f58056b7ca6dbe,RELM91_e6673b799ab00fea41,MATM91_7ed09b8eee773dc084,155底排药柱（DDB02）,能量特性,火药力(发射药),"不适用。底排药不考核密闭爆发器中的火药力,主要考核排气质量流率。",,,,,,,,qualitative_only,false,no_reliable_numeric_measurement,,,,,,189,EVM91_428b857a735ddb85ab,accepted
PROPM91_2ea28aaf5407fbc787,RELM91_46513452e63565d5ae,MATM91_b08d2354163b3a9740,丁羟燃--02底排药（DQR--02）,理化性质,分子量(单质),不适用(本品为多组分混合物)。,,,,,,,,qualitative_only,false,no_reliable_numeric_measurement,,,,,,190,EVM91_34cdd3b63ebfb7e13c,accepted
PROPM91_2d208068567e0805e1,RELM91_f0f65945497e3103db,MATM91_b08d2354163b3a9740,丁羟燃--02底排药（DQR--02）,理化性质,密度,"通常在 1.45 - 1.60 g/cm3 之间(受配方中金属粉/降温剂含量影响,通常低于高能推进剂)。",,1.45,1.60,g/cm³,explicit_or_field_specific,,低|高,validated_range,true,,primary_value,密度,,,,190,EVM91_f864a7d22478e75a71,accepted
PROPM91_ef178bcaaf2b6959ba,RELM91_b4bb513535c7a88ebc,MATM91_b08d2354163b3a9740,丁羟燃--02底排药（DQR--02）,理化性质,外观,"固化后为具有一定弹性的类橡胶状固体,通常呈黑色、暗灰色或棕褐色。",,,,,,,,text_only,false,no_reliable_numeric_measurement,,,,,,190,EVM91_9a01758f98f7ebafe7,accepted
PROPM91_163ec627ec8a3ac233,RELM91_4d637a69d04aeca2f8,MATM91_b08d2354163b3a9740,丁羟燃--02底排药（DQR--02）,理化性质,溶解性,整体不溶于水。AP 组分可溶于水;HTPB 胶片会在某些有机溶剂(如甲苯、氯仿)中溶胀或部分溶解。,,,,,,,,text_only,false,no_reliable_numeric_measurement,,,,,,190,EVM91_0f879468151e75c49a,accepted
PROPM91_3506f2d9c510d374d4,RELM91_554032704f0aacb1b6,MATM91_b08d2354163b3a9740,丁羟燃--02底排药（DQR--02）,理化性质,挥发性,极低。常温下无挥发性。,,,,,,,低|极低|无,text_only,false,no_reliable_numeric_measurement,,,,,,190,EVM91_f241616306b1e1bbfc,accepted
PROPM91_4b67f16eedf045b5ca,RELM91_a6dd3f417946336f89,MATM91_b08d2354163b3a9740,丁羟燃--02底排药（DQR--02）,安全特性,摩擦感度(需对应不同测试条件),"迟钝。由于 HTPB 弹性体具有良好的缓冲作用,其摩擦感度通常为 0% 爆炸概率(摆式摩擦仪标准条件)。",0,,,%,explicit_or_field_specific,,,validated_single,true,,explosion_probability,摩擦感度,,,,190,EVM91_589433439377534305,accepted
PROPM91_6a599f0a7f524e9733,RELM91_0935fb61cad98f4927,MATM91_b08d2354163b3a9740,丁羟燃--02底排药（DQR--02）,安全特性,撞击感度(需对应不同测试条件),"迟钝。HTPB 粘结剂网络吸收冲击能的能力强(通常 10kg 落锤,落高 25cm 以上特性落高)。",25,,,cm,explicit_or_field_specific,,强|高,validated_single,true,,impact_height,落锤高度,,10,,190,EVM91_6bc9ab003689d985e9,accepted
PROPM91_4ded271a7bcf5785b8,RELM91_aabf3145316358a83e,MATM91_b08d2354163b3a9740,丁羟燃--02底排药（DQR--02）,安全特性,冲击感度,"极低。常规雷管难以直接起爆,通常只发生燃烧。",,,,,,,低|极低,qualitative_only,false,no_reliable_numeric_measurement,,,,,,190,EVM91_e4ad71914301fe2a84,accepted
PROPM91_bb91ae62a8221782b0,RELM91_6b605b431dcf452870,MATM91_b08d2354163b3a9740,丁羟燃--02底排药（DQR--02）,安全特性,火焰感度,"较灵敏,满足底排点火药(如 B/KNO3 系列)引燃的需求。",,,,,,,,qualitative_only,false,no_reliable_numeric_measurement,,,,,,190,EVM91_02a3f07cfd87c42262,accepted
PROPM91_f37e0b51c39334bb59,RELM91_323e59ef18dd12a204,MATM91_b08d2354163b3a9740,丁羟燃--02底排药（DQR--02）,安全特性,静电感度(需对应不同测试条件),"药浆混合阶段存在风险,固化成型后的成品底排药柱静电感度很低。",,,,,,,低,qualitative_only,false,no_reliable_numeric_measurement,,,,,,190,EVM91_d5455918e01b920c79,accepted
PROPM91_44e978b2cd406a90ce,RELM91_076772b69d013af24b,MATM91_b08d2354163b3a9740,丁羟燃--02底排药（DQR--02）,安全特性,热感度(5s爆发点),"主要受 AP 分解温度控制,5s 爆发点通常大于 300°C。",,,,,,,,multiple_measurements,false,multiple_primary_measurements,,热感度(5s爆发点),,,5,190,EVM91_e0cb3ca5b75fe04835,accepted
PROPM91_d35fc3dca9bbde9445,RELM91_80472eac1202a6e1dc,MATM91_b08d2354163b3a9740,丁羟燃--02底排药（DQR--02）,安全特性,电火花感度,"较低(固化后成品的绝缘性较好,不易被常规静电火花点燃)。",,,,,,,较低|低,qualitative_only,false,no_reliable_numeric_measurement,,,,,,190,EVM91_b24568236eb87c2c6f,accepted
PROPM91_d64bea9f8c5106bb8a,RELM91_8907a91cb8ffdbdc98,MATM91_b08d2354163b3a9740,丁羟燃--02底排药（DQR--02）,安全特性,吸湿性,"较低。HTPB 形成的聚氨酯网络对水分有较好的隔绝作用,但裸露表面的 AP 仍有微弱吸湿性。",,,,,,,较低|低|吸湿,text_only,false,no_reliable_numeric_measurement,,,,,,190,EVM91_5c4ae374d4023478f0,accepted
PROPM91_88a4c9d08418c5a03a,RELM91_382b232ef57e5f5296,MATM91_b08d2354163b3a9740,丁羟燃--02底排药（DQR--02）,安全特性,熔点,"不适用(热固性交联高分子体系,受热不熔化,直接分解)。",,,,,,,高,qualitative_only,false,no_reliable_numeric_measurement,,,,,,190,EVM91_7742b43a5168c51cd3,accepted
PROPM91_a0384127a91322965c,RELM91_e88a9a7af990497a33,MATM91_b08d2354163b3a9740,丁羟燃--02底排药（DQR--02）,安全特性,分解温度,体系的放热分解峰通常在 250°C - 320°C 之间。,,,,,,,,multiple_measurements,false,multiple_primary_measurements,,分解温度,,,,190,EVM91_a4583fb8bf5e2fe5af,accepted
PROPM91_c83f80288b03d8f5fa,RELM91_b4c51ede59b8b04a83,MATM91_b08d2354163b3a9740,丁羟燃--02底排药（DQR--02）,能量特性,爆速,"不适用。设计用途不包含爆轰。若在极端约束下强制引发,爆速极低(低于 4000 m/s)。",4000,,,m/s,explicit_or_field_specific,,强|低|极低,validated_single,true,,primary_value,爆速,,,,190,EVM91_27837900e4f175fed6,accepted
PROPM91_7e9740086395084e36,RELM91_db87dac2924b60b404,MATM91_b08d2354163b3a9740,丁羟燃--02底排药（DQR--02）,能量特性,爆温,"较低。为保护炮弹底排装置,燃烧温度通常控制在 1500K - 2000K 左右(显著低于常规推进剂)。",,,,℃,field_dictionary,,较低|低,qualitative_only,false,no_reliable_numeric_measurement,,,,,,190,EVM91_422a80e0fc68992c5c,accepted
PROPM91_2999d3495139f5ca21,RELM91_db05d95e7a00fcae8d,MATM91_b08d2354163b3a9740,丁羟燃--02底排药（DQR--02）,能量特性,爆压,极低。正常工作状态在接近大气压(或微负压)下排气燃烧。,,,,,,,低|极低,qualitative_only,false,no_reliable_numeric_measurement,,,,,,190,EVM91_268d81351b523ffdb3,accepted
PROPM91_455d7b9ff9f87b7e5f,RELM91_196504456dbce46836,MATM91_b08d2354163b3a9740,丁羟燃--02底排药（DQR--02）,能量特性,爆容,"产气量较大。分解生成大量 CO、H2、H2O 等低分子量气体,以提供体积填充效应。",,,,L/kg,field_dictionary,,低,qualitative_only,false,no_reliable_numeric_measurement,,,,,,190,EVM91_4bce3d3ff8730a8db2,accepted
PROPM91_830d80c78477db0671,RELM91_d51ac7a8ba1b001f29,MATM91_b08d2354163b3a9740,丁羟燃--02底排药（DQR--02）,能量特性,威力,极低(不以做破坏功为目的)。,,,,,,,低|极低,text_only,false,no_reliable_numeric_measurement,,,,,,190,EVM91_7d3a1d266bcf0aa490,accepted
PROPM91_0c461cc738ebb7feda,RELM91_ee05b694283bda225e,MATM91_b08d2354163b3a9740,丁羟燃--02底排药（DQR--02）,能量特性,猛度,极低。,,,,,,,低|极低,text_only,false,no_reliable_numeric_measurement,,,,,,190,EVM91_9dea2ea3f874240b41,accepted
PROPM91_8b3e8bd1c335f0678c,RELM91_5181f2d8e6140e80db,MATM91_b08d2354163b3a9740,丁羟燃--02底排药（DQR--02）,能量特性,起爆力,不适用。不能起爆其他物质。,,,,,,,,text_only,false,no_reliable_numeric_measurement,,,,,,190,EVM91_fb3d60482088b79c1c,accepted
PROPM91_dc56edb530378c5cde,RELM91_af63e2ac49c16975d4,MATM91_b08d2354163b3a9740,丁羟燃--02底排药（DQR--02）,能量特性,燃烧速度(发射药、推进剂),"核心指标:极低。为了在炮弹整个飞行弹道中持续工作,常压(0.1 MPa)下的燃速通常控制在 1.0 - 2.5 mm/s 的量级。",,1.0,2.5,mm/s,explicit_or_field_specific,,低|极低,validated_range,true,,primary_value,燃烧速度,,,,190,EVM91_088070c00c3dc6c3da,accepted
PROPM91_fe11cf2c495e88b2e9,RELM91_01951b65c1af2d9c25,MATM91_b08d2354163b3a9740,丁羟燃--02底排药（DQR--02）,能量特性,火药力(发射药),"不适用。主要评估指标为“比冲”或“排气质量流率”,而非密闭爆发器中的火药力。",,,,,,,,qualitative_only,false,no_reliable_numeric_measurement,,,,,,190,EVM91_f257f074feba3e1e8b,accepted
PROPM91_862f5b163b21fc0205,RELM91_bd6cee3523d1ecdd2d,MATM91_eee51dd0631608efee,聚氯乙烯推进剂,理化性质,分子量(单质),不适用(本品为混合物)。,,,,,,,,qualitative_only,false,no_reliable_numeric_measurement,,,,,,191,EVM91_67337c5e6344c7af45,accepted
PROPM91_b9cfb96bd7ec3befed,RELM91_ad61426b0039faae04,MATM91_eee51dd0631608efee,聚氯乙烯推进剂,理化性质,密度,"通常在 1.50 - 1.75 g/cm3 之间,随氧化剂和金属粉的固含量增加而增大。",,1.50,1.75,g/cm³,explicit_or_field_specific,,,validated_range,true,,primary_value,密度,,,,191,EVM91_a58c1082a4936a193d,accepted
PROPM91_e84868e2cf7103ca4d,RELM91_0753c6f92e877edee6,MATM91_eee51dd0631608efee,聚氯乙烯推进剂,理化性质,外观,取决于配方。通常为坚硬的类橡胶状固体。若含铝粉呈灰色至暗灰色;无铝粉则呈白色或微黄色。,,,,,,,无,text_only,false,no_reliable_numeric_measurement,,,,,,191,EVM91_cee3719baa535afbe3,accepted
PROPM91_0307336516356ad5c8,RELM91_7cadf9ff67c21f7fbf,MATM91_eee51dd0631608efee,聚氯乙烯推进剂,理化性质,溶解性,"整体不溶于水。但其中的氧化剂(如AP)具有水溶性,长期浸水会导致组分流失;PVC粘结剂体系可溶于部分有机溶剂(如环己酮)。",,,,,,,,text_only,false,no_reliable_numeric_measurement,,,,,,191,EVM91_fd20838efd939929fc,accepted
PROPM91_cf05b376d3ab965ee7,RELM91_83a0ecb8bf344fb794,MATM91_eee51dd0631608efee,聚氯乙烯推进剂,理化性质,挥发性,"极低。常温下通常无挥发性,但某些低分子量增塑剂在高温或真空下可能存在微量挥发或迁移。",,,,,,,低|极低|高|无,text_only,false,no_reliable_numeric_measurement,,,,,,191,EVM91_114752bf7bc4066e80,accepted
PROPM91_7d5da3487a3494096e,RELM91_431b39bc268b6dfed5,MATM91_eee51dd0631608efee,聚氯乙烯推进剂,安全特性,摩擦感度(需对应不同测试条件),"相对迟钝,但仍受氧化剂影响。具体数值需标注测试仪型号和压力条件(如摆式摩擦仪,% 爆炸概率)。",,,,%,explicit_text,,,qualitative_only,false,no_reliable_numeric_measurement,,,,,,191,EVM91_3b22c23ce6a2df96be,accepted
PROPM91_8d761387bf8afed1c6,RELM91_239aafabf2a4cf830c,MATM91_eee51dd0631608efee,聚氯乙烯推进剂,安全特性,撞击感度(需对应不同测试条件),"通常比双基推进剂迟钝。具体数值需根据落锤重量和落高测试(如 10kg 落锤,H50值)。",,,,,,,高,condition_only,false,only_test_conditions,,,,10,,191,EVM91_c3ba2e48ac9a61d8aa,accepted
PROPM91_03c79cb128f3780f9a,RELM91_d34a04e664a86f47d0,MATM91_eee51dd0631608efee,聚氯乙烯推进剂,安全特性,冲击感度,"需强烈起爆源(如雷管或扩爆药)才能引发爆轰,临界直径较大。",,,,,,,强,qualitative_only,false,no_reliable_numeric_measurement,,,,,,191,EVM91_5e1552185c5ed4cfa9,accepted
PROPM91_52892ce11b5c1acca3,RELM91_610adfc3c6d5ee2e6e,MATM91_eee51dd0631608efee,聚氯乙烯推进剂,安全特性,火焰感度,"易被明火或高温点火药(如黑火药、B-KNO3)点燃,这是其作为推进剂的基本要求。",,,,,,,高,qualitative_only,false,no_reliable_numeric_measurement,,,,,,191,EVM91_440fffb495bb31df8c,accepted
PROPM91_aed52733686c999dee,RELM91_3a3b9199e21fc2b2ad,MATM91_eee51dd0631608efee,聚氯乙烯推进剂,安全特性,静电感度(需对应不同测试条件),"制造过程中(尤其是干粉混合阶段的AP和铝粉)存在静电危害,固化成型后静电感度显著降低。",,,,,,,低,qualitative_only,false,no_reliable_numeric_measurement,,,,,,191,EVM91_ca0aa6ea0e0a2e6bed,accepted
PROPM91_585ac9e5b21c1a9b07,RELM91_f8f9d6fa25d2ca0866,MATM91_eee51dd0631608efee,聚氯乙烯推进剂,安全特性,热感度(5s爆发点),"取决于AP等成分的分解点,通常爆发点在 300°C 以上。",300,,,℃,explicit_or_field_specific,,,validated_single,true,,event_temperature,热感度(5s爆发点),,,5,191,EVM91_17ab0249da24eac83d,accepted
PROPM91_29274a9f1d51f9ffbb,RELM91_a3bb64b1cac235778e,MATM91_eee51dd0631608efee,聚氯乙烯推进剂,安全特性,电火花感度,"固化后较低,但在含铝粉的未固化浆料或粉碎打磨状态下较高。",,,,,,,较低|低|高,qualitative_only,false,no_reliable_numeric_measurement,,,,,,191,EVM91_f03b226ff5fe175b0e,accepted
PROPM91_171b93427872f229a1,RELM91_49aa75d75954509e95,MATM91_eee51dd0631608efee,聚氯乙烯推进剂,安全特性,吸湿性,"存在一定吸湿性,主要源于氧化剂(如AP)。需注意表面防潮。",,,,,,,吸湿,text_only,false,no_reliable_numeric_measurement,,,,,,191,EVM91_3c7dc0c372ad0cae70,accepted
PROPM91_d5e704b45a8e2c8a99,RELM91_ccc825fd6f1507382a,MATM91_eee51dd0631608efee,聚氯乙烯推进剂,安全特性,熔点,"不适用。混合物无固定熔点,加热至一定温度后 PVC 软化,随后组分开始分解。",,,,,,,无,qualitative_only,false,no_reliable_numeric_measurement,,,,,,191,EVM91_49eea031c41ac86dde,accepted
PROPM91_346bfbe0f7830ec09c,RELM91_36179c076ab944a193,MATM91_eee51dd0631608efee,聚氯乙烯推进剂,安全特性,分解温度,体系的快速热分解通常发生在 250°C - 300°C 左右(高氯酸铵的分解主导)。,,,,,,,高,multiple_measurements,false,multiple_primary_measurements,,分解温度,,,,191,EVM91_30a536a97aaa9e1063,accepted
PROPM91_d4c9c63f344bc36153,RELM91_6af599a738884d521d,MATM91_eee51dd0631608efee,聚氯乙烯推进剂,能量特性,爆速,"作为推进剂,主要用于爆燃而非爆轰。若在强约束下引发爆轰,复合推进剂的爆速通常在 4000 - 6000 m/s 范围内。",,4000,6000,m/s,explicit_or_field_specific,,强,validated_range,true,,primary_value,爆速,,,,191,EVM91_48eb6d32e18f7d1226,accepted
PROPM91_85ecfd9131548de530,RELM91_e5e5f9ca7ef15d4b4d,MATM91_eee51dd0631608efee,聚氯乙烯推进剂,能量特性,爆温,取决于配方。通常燃烧/爆轰温度在 2500K - 3500K 左右。,,,,℃,field_dictionary,,,qualitative_only,false,no_reliable_numeric_measurement,,,,,,191,EVM91_f99510bd454a4acb85,accepted
PROPM91_9c986f0f4e7f9d4b42,RELM91_1f2e1d2df8ed0a8f9d,MATM91_eee51dd0631608efee,聚氯乙烯推进剂,能量特性,爆压,"作为推进剂,工作重点是燃烧室压强(通常几 MPa 到 十几 MPa)。若发生爆轰,爆压远低于高能单体炸药。",,,,MPa,explicit_text,,强|低|高,qualitative_only,false,no_reliable_numeric_measurement,,,,,,191,EVM91_12ff545901a304814c,accepted
PROPM91_2ad2e129544f6f6288,RELM91_ea1d88bbad7b84430d,MATM91_eee51dd0631608efee,聚氯乙烯推进剂,能量特性,爆容,"(通常指爆热/比容)取决于AP和铝粉的含量,产生大量气态产物(如 CO, CO2, H2O, HCl)。",,,,L/kg,field_dictionary,,,qualitative_only,false,no_reliable_numeric_measurement,,,,,,191,EVM91_7e0c5b86e28d57527c,accepted
PROPM91_4adfad1b82fb501854,RELM91_02ace3db71bf7e2ab4,MATM91_eee51dd0631608efee,聚氯乙烯推进剂,能量特性,威力,"整体爆轰威力不及常规高能炸药(如 RDX, TNT),主要利用其定压燃烧做功。",,,,,,,高,text_only,false,no_reliable_numeric_measurement,,,,,,191,EVM91_436941f9b2d6514c9e,accepted
PROPM91_5201e74548f2fe5037,RELM91_12ef646fab1403405c,MATM91_eee51dd0631608efee,聚氯乙烯推进剂,能量特性,猛度,"较低。其设计初衷是持续释放气体推力,而非产生强烈的局部粉碎作用。",,,,,,,强|较低|低,text_only,false,no_reliable_numeric_measurement,,,,,,191,EVM91_31a92ea0ce5054ffb1,accepted
PROPM91_ed1ec128ecaa171668,RELM91_0fd9e0855d92475a1b,MATM91_eee51dd0631608efee,聚氯乙烯推进剂,能量特性,起爆力,"不适用。推进剂自身不作为起爆药使用,无法引爆其他钝感炸药。",,,,,,,无,text_only,false,no_reliable_numeric_measurement,,,,,,191,EVM91_382bf07f9460231358,accepted
PROPM91_227e2876966b5cb631,RELM91_cc9f2b3ca0f9152d3c,MATM91_eee51dd0631608efee,聚氯乙烯推进剂,能量特性,燃烧速度(发射药、推进剂),"核心参数。随燃烧室压强变化而变化,通常符合阿贝尔公式 u=apn。典型燃烧速度在几毫米至十几毫米每秒(例如 7MPa 下 5-15 mm/s),可通过添加燃速催化剂调节。",,5,15,mm/s,explicit_or_field_specific,,强,validated_range,true,,primary_value,燃烧速度,,,,191,EVM91_a0734940b21f083270,accepted
PROPM91_48a9e745ce8fbe31b6,RELM91_f4230bbae47ebe4ba1,MATM91_eee51dd0631608efee,聚氯乙烯推进剂,能量特性,火药力(发射药),"通常作为火箭推进剂使用,较少使用“火药力”(常用于火炮发射药)作为评价指标,多用“比冲(Specific Impulse)”衡量其做功能力。",,,,m,explicit_text,,,qualitative_only,false,no_reliable_numeric_measurement,,,,,,191,EVM91_475286349908d23b17,accepted
