component_relation_id,material_id,material_name,component_id,component_name,component_entity_type,component_specificity,proportion_raw,min_pct,max_pct,nominal_pct,tolerance_pct,amount_qualifier,example_text,is_incomplete_list,extraction_method,source_row,evidence_id,review_status
RELM92_33dd28ee8c55cb21db,MATM91_e6bf874468e5e131f4,叠氮化铅,ENTM92_1ddbe47a0c18b8da51,单质,ChemicalComponent,specific,单质 (常用工业级有RD1333、糊精叠氮化铅等),,,,,,常用工业级有RD1333、糊精叠氮化铅等,true,deterministic_v9_1+v9.2_name_cleanup,7,EVM91_64986655b7697b6b39,accepted
RELM92_c21124ebec3a56d5f2,MATM91_3fb1ccd5046037147a,D.S共晶,ENTM92_bdacf5384ebe77c806,叠氮化铅,ChemicalComponent,specific,叠氮化铅 (LA) ≥ 60%,60,60,60,,,LA) ≥,false,deterministic_v9_1+v9.2_name_cleanup,15,EVM91_c84d057d34dc277092,accepted
RELM92_d7f96a2c5bbd1ef86c,MATM91_3fb1ccd5046037147a,D.S共晶,ENTM92_59c2197cabca04b2ee,三硝基间苯二酚铅,ChemicalComponent,specific,三硝基间苯二酚铅 (LS) ≥ 20%,20,20,20,,,LS) ≥,false,deterministic_v9_1+v9.2_name_cleanup,15,EVM91_c84d057d34dc277092,accepted
RELM92_a92763310f09ea6653,MATM91_3fb1ccd5046037147a,D.S共晶,ENTM92_bcb114b4601632ac69,糊精等添加剂 ≤,ComponentGroup,generic_group,糊精等添加剂 ≤ 20%,20,20,20,,,,true,deterministic_v9_1+v9.2_name_cleanup,15,EVM91_c84d057d34dc277092,accepted
RELM92_fcaf6d2c7a09e27dd8,MATM91_41539cf8b74a80594d,斯蒂芬酸铅和斯蒂芬酸钡共沉淀,ENTM92_3060a72a0224a1d4c0,铅盐与钡盐按特定比例共沉淀,ChemicalComponent,specific,铅盐与钡盐按特定比例共沉淀,,,,,,,false,deterministic_v9_1+v9.2_name_cleanup,16,EVM91_6d376a059862f9a848,accepted
RELM92_43678b4df8a780cc4a,MATM91_41539cf8b74a80594d,斯蒂芬酸铅和斯蒂芬酸钡共沉淀,ENTM92_452143b196ae243362,一定比例的粘结剂,ComponentGroup,generic_group,通常包含一定比例的粘结剂,,,,,,,false,deterministic_v9_1+v9.2_name_cleanup,16,EVM91_6d376a059862f9a848,accepted
RELM92_0e0e89e12a8c544f80,MATM91_4b98ff46f1bea97b90,四氮烯和羧甲基纤维素氮化铅共沉淀,ENTM92_bc18e84b94f45239c0,四氮烯,ChemicalComponent,specific,包含四氮烯 (敏化剂),,,,,,敏化剂,false,deterministic_v9_1+v9.2_name_cleanup,17,EVM91_367361e9c9dbdab1ee,accepted
RELM92_1cdc687c68dffb0272,MATM91_4b98ff46f1bea97b90,四氮烯和羧甲基纤维素氮化铅共沉淀,ENTM92_bdacf5384ebe77c806,叠氮化铅,ChemicalComponent,specific,叠氮化铅 (主药),,,,,,主药,false,deterministic_v9_1+v9.2_name_cleanup,17,EVM91_367361e9c9dbdab1ee,accepted
RELM92_b059a00b596d72f900,MATM91_4b98ff46f1bea97b90,四氮烯和羧甲基纤维素氮化铅共沉淀,ENTM92_0ddf794b0339a79b42,羧甲基纤维素,ChemicalComponent,specific,少量羧甲基纤维素 (粘结/改性剂),,,,,少量,粘结/改性剂,false,deterministic_v9_1+v9.2_name_cleanup,17,EVM91_367361e9c9dbdab1ee,accepted
RELM92_db61c119602fd643b0,MATM91_79d7b9660cc0ccebb9,黑火药,ENTM92_f50477d49a7b00321f,硝酸钾,ChemicalComponent,specific,硝酸钾 75%,75,75,75,,,,false,deterministic_v9_1+v9.2_name_cleanup,18,EVM91_b40e1225f46cd3b720,accepted
RELM92_14829552dbd59cf8c9,MATM91_79d7b9660cc0ccebb9,黑火药,ENTM92_ec39b286f3956335b3,硫磺,ChemicalComponent,specific,硫磺 10%,10,10,10,,,,false,deterministic_v9_1+v9.2_name_cleanup,18,EVM91_b40e1225f46cd3b720,accepted
RELM92_795b5f49aac9fd9c20,MATM91_79d7b9660cc0ccebb9,黑火药,ENTM92_188450320d2fc2c739,木炭,ChemicalComponent,specific,木炭 15% (典型配比),15,15,15,,,典型配比,false,deterministic_v9_1+v9.2_name_cleanup,18,EVM91_b40e1225f46cd3b720,accepted
RELM92_983e2a15a9f208d7d0,MATM91_30c0497800bd983915,奥克托今,ENTM92_1ddbe47a0c18b8da51,单质,ChemicalComponent,specific,"单质 (分为α、β、γ、δ四种晶型,β型最安定)",,,,,,"分为α、β、γ、δ四种晶型,β型最安定",false,deterministic_v9_1+v9.2_name_cleanup,23,EVM91_29fea6dcca421c7844,accepted
RELM92_a6748fa9063a1830d1,MATM91_462f2ca6c7e8e721b8,8321炸药,ENTM92_fccd31e6196ed610b1,奥克托今,ChemicalComponent,specific,奥克托今 (HMX) 95%,95,95,95,,,HMX,false,deterministic_v9_1+v9.2_name_cleanup,37,EVM91_78f04e0f3d5ea84845,accepted
RELM92_8ba1c2b66ee2d886e8,MATM91_462f2ca6c7e8e721b8,8321炸药,ENTM92_c0390e14970997c54d,氟橡胶,ChemicalComponent,specific,氟橡胶 (如F26) 5%,5,5,5,,,如F26,false,deterministic_v9_1+v9.2_name_cleanup,37,EVM91_78f04e0f3d5ea84845,accepted
RELM92_b70b9867ded892784f,MATM91_11c8cdd58a7cedbad0,10#159炸药,ENTM92_4b2c3f8af6a78bfa82,黑索今,ChemicalComponent,specific,黑索今 (RDX) 60%,60,60,60,,,RDX,false,deterministic_v9_1+v9.2_name_cleanup,38,EVM91_b761a279244820ab27,accepted
RELM92_e383bb5c2fb76d3912,MATM91_11c8cdd58a7cedbad0,10#159炸药,ENTM92_ef25a0c55341b4167e,铝粉,ChemicalComponent,specific,铝粉 (Al) 34%,34,34,34,,,Al,false,deterministic_v9_1+v9.2_name_cleanup,38,EVM91_b761a279244820ab27,accepted
RELM92_0a66f629d30c6a0d7a,MATM91_11c8cdd58a7cedbad0,10#159炸药,ENTM92_da363b16014a334d6e,钝感剂,ComponentGroup,generic_group,钝感剂(蜡) 6%,6,6,6,,,蜡,false,deterministic_v9_1+v9.2_name_cleanup,38,EVM91_b761a279244820ab27,accepted
RELM92_13d64c1c235f29fc20,MATM91_489b5d6bb71b4abdb8,聚奥8炸药,ENTM92_fccd31e6196ed610b1,奥克托今,ChemicalComponent,specific,奥克托今 (HMX) 95%,95,95,95,,,HMX,false,deterministic_v9_1+v9.2_name_cleanup,39,EVM91_ce9044257db88e268d,accepted
RELM92_417a783d7fd083c023,MATM91_489b5d6bb71b4abdb8,聚奥8炸药,ENTM92_c0390e14970997c54d,氟橡胶,ChemicalComponent,specific,氟橡胶 (如F2641) 5%,5,5,5,,,如F2641,false,deterministic_v9_1+v9.2_name_cleanup,39,EVM91_ce9044257db88e268d,accepted
RELM92_4496a96c7f7e631e41,MATM91_0d2ff4ac10e85c5f65,聚奥3炸药,ENTM92_fccd31e6196ed610b1,奥克托今,ChemicalComponent,specific,奥克托今 (HMX) 95%,95,95,95,,,HMX,false,deterministic_v9_1+v9.2_name_cleanup,40,EVM91_ac04b39fc30e7a01b5,accepted
RELM92_be8eeb183c1994dabe,MATM91_0d2ff4ac10e85c5f65,聚奥3炸药,ENTM92_dcc2be3fc6d226e6b7,粘结剂,ComponentGroup,generic_group,粘结剂 (如Estane聚氨酯或氟橡胶) 5%,5,5,5,,,如Estane聚氨酯或氟橡胶,false,deterministic_v9_1+v9.2_name_cleanup,40,EVM91_ac04b39fc30e7a01b5,accepted
RELM92_1f170795f688d902c4,MATM91_53681deef995978c5c,聚奥7炸药,ENTM92_fccd31e6196ed610b1,奥克托今,ChemicalComponent,specific,奥克托今 (HMX) 95%,95,95,95,,,HMX,false,deterministic_v9_1+v9.2_name_cleanup,41,EVM91_5050975371ff683c27,accepted
RELM92_57688b8c3fc0c18eab,MATM91_53681deef995978c5c,聚奥7炸药,ENTM92_dcc2be3fc6d226e6b7,粘结剂,ComponentGroup,generic_group,粘结剂 (如氟橡胶 F2602) 5%,5,5,5,,,如氟橡胶 F2602,false,deterministic_v9_1+v9.2_name_cleanup,41,EVM91_5050975371ff683c27,accepted
RELM92_4d75c7e536c6a86114,MATM91_ccffabb3fe59379508,熔奥梯铝-1炸药,ENTM92_fccd31e6196ed610b1,奥克托今,ChemicalComponent,specific,奥克托今(HMX),,,,,,HMX,false,deterministic_v9_1+v9.2_name_cleanup,42,EVM91_5ced23d793ade5a37d,accepted
RELM92_fc40b6137c6dfdf882,MATM91_ccffabb3fe59379508,熔奥梯铝-1炸药,ENTM92_acb6221789f5af2b7a,梯恩梯,ChemicalComponent,specific,梯恩梯(TNT),,,,,,TNT,false,deterministic_v9_1+v9.2_name_cleanup,42,EVM91_5ced23d793ade5a37d,accepted
RELM92_4e6fb58154035ad228,MATM91_ccffabb3fe59379508,熔奥梯铝-1炸药,ENTM92_ef25a0c55341b4167e,铝粉,ChemicalComponent,specific,铝粉(Al),,,,,,Al,false,deterministic_v9_1+v9.2_name_cleanup,42,EVM91_5ced23d793ade5a37d,accepted
RELM92_67d61eb3057633e668,MATM91_ccffabb3fe59379508,熔奥梯铝-1炸药,ENTM92_da363b16014a334d6e,钝感剂,ComponentGroup,generic_group,少量钝感剂,,,,,少量,,false,deterministic_v9_1+v9.2_name_cleanup,42,EVM91_5ced23d793ade5a37d,accepted
RELM92_4b19b1783b203e7e06,MATM91_665b8b8114437a7d27,熔奥黑梯铝炸药,ENTM92_fccd31e6196ed610b1,奥克托今,ChemicalComponent,specific,奥克托今(HMX),,,,,,HMX,false,deterministic_v9_1+v9.2_name_cleanup,43,EVM91_472dbc4e9e1b7e0a85,accepted
RELM92_7a503115bf987fd307,MATM91_665b8b8114437a7d27,熔奥黑梯铝炸药,ENTM92_4b2c3f8af6a78bfa82,黑索今,ChemicalComponent,specific,黑索今(RDX),,,,,,RDX,false,deterministic_v9_1+v9.2_name_cleanup,43,EVM91_472dbc4e9e1b7e0a85,accepted
RELM92_8487104d4969fdce4b,MATM91_665b8b8114437a7d27,熔奥黑梯铝炸药,ENTM92_acb6221789f5af2b7a,梯恩梯,ChemicalComponent,specific,梯恩梯(TNT),,,,,,TNT,false,deterministic_v9_1+v9.2_name_cleanup,43,EVM91_472dbc4e9e1b7e0a85,accepted
RELM92_4bf83feab5678feda8,MATM91_665b8b8114437a7d27,熔奥黑梯铝炸药,ENTM92_ef25a0c55341b4167e,铝粉,ChemicalComponent,specific,铝粉(Al),,,,,,Al,false,deterministic_v9_1+v9.2_name_cleanup,43,EVM91_472dbc4e9e1b7e0a85,accepted
RELM92_c778273068ba54cf17,MATM91_665b8b8114437a7d27,熔奥黑梯铝炸药,ENTM92_da363b16014a334d6e,钝感剂,ComponentGroup,generic_group,钝感剂,,,,,,,false,deterministic_v9_1+v9.2_name_cleanup,43,EVM91_472dbc4e9e1b7e0a85,accepted
RELM92_3cecf6574740493c52,MATM91_ecd0619528dfb83416,聚奥-9炸药,ENTM92_fccd31e6196ed610b1,奥克托今,ChemicalComponent,specific,奥克托今 (HMX) 95%,95,95,95,,,HMX,false,deterministic_v9_1+v9.2_name_cleanup,44,EVM91_22c12dad2acada445a,accepted
RELM92_5e0e85365f8ba335db,MATM91_ecd0619528dfb83416,聚奥-9炸药,ENTM92_9c4e4feca3fe367596,聚合物粘结剂,ComponentGroup,generic_group,聚合物粘结剂 (如氟橡胶) 5%,5,5,5,,,如氟橡胶,false,deterministic_v9_1+v9.2_name_cleanup,44,EVM91_22c12dad2acada445a,accepted
RELM92_d31e980bd73ad64c75,MATM91_ff3876238b947a6b52,奥克氟儿炸药（OKFOL-5）,ENTM92_4b2c3f8af6a78bfa82,黑索今,ChemicalComponent,specific,黑索今 (RDX) 95%,95,95,95,,,RDX,false,deterministic_v9_1+v9.2_name_cleanup,45,EVM91_203a1266123adfe145,accepted
RELM92_40e2aed2ea0a666f00,MATM91_ff3876238b947a6b52,奥克氟儿炸药（OKFOL-5）,ENTM92_da363b16014a334d6e,钝感剂,ComponentGroup,generic_group,钝感剂 (蜡或含氟添加剂) 5%,5,5,5,,,蜡或含氟添加剂,false,deterministic_v9_1+v9.2_name_cleanup,45,EVM91_203a1266123adfe145,accepted
RELM92_fbbf9269268f06ceca,MATM91_0d51ec99578bf9521d,10#粘结炸药（PBX-10）,ENTM92_4b2c3f8af6a78bfa82,黑索今,ChemicalComponent,specific,黑索今 (RDX) 约 90-95%,90,95,,,约,,false,deterministic_v9_1+v9.2_name_cleanup,46,EVM91_dabef8bf5cacfd8af1,accepted
RELM92_778a4e1159bac2d2ec,MATM91_0d51ec99578bf9521d,10#粘结炸药（PBX-10）,ENTM92_dcc2be3fc6d226e6b7,粘结剂,ComponentGroup,generic_group,粘结剂 (如氟橡胶或聚氨酯) 5-10%,5,10,,,,如氟橡胶或聚氨酯,false,deterministic_v9_1+v9.2_name_cleanup,46,EVM91_dabef8bf5cacfd8af1,accepted
RELM92_df706163640647b338,MATM91_c20a163073b9f5108b,317混合炸药,ENTM92_4b2c3f8af6a78bfa82,黑索今,ChemicalComponent,specific,黑索今 (RDX) 70%,70,70,70,,,RDX,false,deterministic_v9_1+v9.2_name_cleanup,47,EVM91_15da60e792d384c753,accepted
RELM92_0e0f49e9880a5980b8,MATM91_c20a163073b9f5108b,317混合炸药,ENTM92_acb6221789f5af2b7a,梯恩梯,ChemicalComponent,specific,梯恩梯 (TNT) 30%,30,30,30,,,TNT,false,deterministic_v9_1+v9.2_name_cleanup,47,EVM91_15da60e792d384c753,accepted
RELM92_5c30113da8a669b505,MATM91_5c9c744e67fce50978,LX-14炸药,ENTM92_fccd31e6196ed610b1,奥克托今,ChemicalComponent,specific,奥克托今 (HMX) 95.5%,95.5,95.5,95.5,,,HMX,false,deterministic_v9_1+v9.2_name_cleanup,48,EVM91_0019327c34b4c44d5b,accepted
RELM92_c2f311524eaa25715a,MATM91_5c9c744e67fce50978,LX-14炸药,ENTM92_a10b0484ac40099b84,Estane 5703,ChemicalComponent,specific,Estane 5703 (聚氨酯粘结剂) 4.5%,4.5,4.5,4.5,,,聚氨酯粘结剂,false,deterministic_v9_1+v9.2_name_cleanup,48,EVM91_0019327c34b4c44d5b,accepted
RELM92_2f97ee76442a95ecc8,MATM91_a66100e9ea6d64eb36,奥克托尔炸药I型,ENTM92_fccd31e6196ed610b1,奥克托今,ChemicalComponent,specific,奥克托今 (HMX) 75%,75,75,75,,,HMX,false,deterministic_v9_1+v9.2_name_cleanup,49,EVM91_ed05cfe89ab0105783,accepted
RELM92_97e1b4a789ff7203c9,MATM91_a66100e9ea6d64eb36,奥克托尔炸药I型,ENTM92_acb6221789f5af2b7a,梯恩梯,ChemicalComponent,specific,梯恩梯 (TNT) 25%,25,25,25,,,TNT,false,deterministic_v9_1+v9.2_name_cleanup,49,EVM91_ed05cfe89ab0105783,accepted
RELM92_55939693a119219a0e,MATM91_18524b14be874188d1,奥克托尔炸药II型,ENTM92_fccd31e6196ed610b1,奥克托今,ChemicalComponent,specific,奥克托今 (HMX) 70%,70,70,70,,,HMX,false,deterministic_v9_1+v9.2_name_cleanup,51,EVM91_eea975e72e2365045d,accepted
RELM92_194f489b78f3ba3215,MATM91_18524b14be874188d1,奥克托尔炸药II型,ENTM92_acb6221789f5af2b7a,梯恩梯,ChemicalComponent,specific,梯恩梯 (TNT) 30%,30,30,30,,,TNT,false,deterministic_v9_1+v9.2_name_cleanup,51,EVM91_eea975e72e2365045d,accepted
RELM92_33da6e810678fcf730,MATM91_a909426e2e62577efe,聚黑-14传爆药,ENTM92_4b2c3f8af6a78bfa82,黑索今,ChemicalComponent,specific,黑索今 (RDX) 约 91%-95%,91,95,,,约,,false,deterministic_v9_1+v9.2_name_cleanup,53,EVM91_9f773917eaef4f37d9,accepted
RELM92_94e356c45f37826b7b,MATM91_a909426e2e62577efe,聚黑-14传爆药,ENTM92_9c4e4feca3fe367596,聚合物粘结剂,ComponentGroup,generic_group,聚合物粘结剂 (如聚氨酯或氟橡胶) 5%-9%,5,9,,,,如聚氨酯或氟橡胶,false,deterministic_v9_1+v9.2_name_cleanup,53,EVM91_9f773917eaef4f37d9,accepted
RELM92_e1fdc14290b0766ea5,MATM91_162c83c1c3396c7bda,聚黑-16炸药,ENTM92_4b2c3f8af6a78bfa82,黑索今,ChemicalComponent,specific,黑索今 (RDX) 约 92%-96%,92,96,,,约,,false,deterministic_v9_1+v9.2_name_cleanup,54,EVM91_1d51675244fe073f88,accepted
RELM92_d93ff6163dc299a70f,MATM91_162c83c1c3396c7bda,聚黑-16炸药,ENTM92_1c47ac4f3c07b5263d,聚合物粘结剂及钝感增塑剂,ComponentGroup,generic_group,聚合物粘结剂及钝感增塑剂 4%-8%,4,8,,,,,false,deterministic_v9_1+v9.2_name_cleanup,54,EVM91_1d51675244fe073f88,accepted
RELM92_671a0457eea441100e,MATM91_92da6d83dd0765811b,聚黑-15炸药,ENTM92_4b2c3f8af6a78bfa82,黑索今,ChemicalComponent,specific,黑索今 (RDX) 约 90%-95%,90,95,,,约,,false,deterministic_v9_1+v9.2_name_cleanup,55,EVM91_6d11f007b0ed1d6e23,accepted
RELM92_e88134db087c3b8bf0,MATM91_92da6d83dd0765811b,聚黑-15炸药,ENTM92_9c4e4feca3fe367596,聚合物粘结剂,ComponentGroup,generic_group,聚合物粘结剂 (如氟橡胶或改性聚合物) 5%-10%,5,10,,,,如氟橡胶或改性聚合物,false,deterministic_v9_1+v9.2_name_cleanup,55,EVM91_6d11f007b0ed1d6e23,accepted
RELM92_4144bc584c4dac662a,MATM91_50001123a96a380d87,低易损混合炸药,ENTM92_4b2c3f8af6a78bfa82,黑索今,ChemicalComponent,specific,黑索今 (RDX) 约 70%-80%,70,80,,,约,,false,deterministic_v9_1+v9.2_name_cleanup,56,EVM91_c205d7fd66ee89f8a9,accepted
RELM92_49f23ac48a5e9ae502,MATM91_50001123a96a380d87,低易损混合炸药,ENTM92_1067284ddd68905367,醋酸丁酯纤维素,ChemicalComponent,specific,醋酸丁酯纤维素 (CAB) 12%,12,12,12,,,CAB,false,deterministic_v9_1+v9.2_name_cleanup,56,EVM91_c205d7fd66ee89f8a9,accepted
RELM92_2f181095999418fe5b,MATM91_50001123a96a380d87,低易损混合炸药,ENTM92_826409bf5dd8e7c670,硝化棉,ChemicalComponent,specific,硝化棉 (NC) 4%,4,4,4,,,NC,false,deterministic_v9_1+v9.2_name_cleanup,56,EVM91_c205d7fd66ee89f8a9,accepted
RELM92_cc4d11346e94d89cd3,MATM91_50001123a96a380d87,低易损混合炸药,ENTM92_81916bfd9065c66076,增塑剂及稳定剂,ComponentGroup,generic_group,增塑剂及稳定剂 4%,4,4,4,,,,false,deterministic_v9_1+v9.2_name_cleanup,56,EVM91_c205d7fd66ee89f8a9,accepted
RELM92_f30302bfaaeeb23a9a,MATM91_96af7b1956a5a21e40,分子间炸药(共晶炸药),ENTM92_6d838d5cb2046e971e,CL-20,ChemicalComponent,specific,CL-20,,,,,,,false,deterministic_v9_1+v9.2_name_cleanup,57,EVM91_1d9705a85bf9596170,accepted
RELM92_04e570742e55fcac38,MATM91_96af7b1956a5a21e40,分子间炸药(共晶炸药),ENTM92_fccd31e6196ed610b1,奥克托今,ChemicalComponent,specific,HMX,,,,,,,false,deterministic_v9_1+v9.2_name_cleanup,57,EVM91_1d9705a85bf9596170,accepted
RELM92_10f5a8a33d9a2289d3,MATM91_623d2d4a91211e84b8,钝黑铝炸药,ENTM92_4b2c3f8af6a78bfa82,黑索今,ChemicalComponent,specific,黑索今 (RDX) 60%,60,60,60,,,RDX,false,deterministic_v9_1+v9.2_name_cleanup,58,EVM91_db25d8234ffabc07e0,accepted
RELM92_505867afab670a6d9c,MATM91_623d2d4a91211e84b8,钝黑铝炸药,ENTM92_ef25a0c55341b4167e,铝粉,ChemicalComponent,specific,铝粉 (Al) 34%,34,34,34,,,Al,false,deterministic_v9_1+v9.2_name_cleanup,58,EVM91_db25d8234ffabc07e0,accepted
RELM92_5ae2998475a7be11c2,MATM91_623d2d4a91211e84b8,钝黑铝炸药,ENTM92_da363b16014a334d6e,钝感剂,ComponentGroup,generic_group,钝感剂 (石蜡/地蜡) 6%,6,6,6,,,石蜡/地蜡,false,deterministic_v9_1+v9.2_name_cleanup,58,EVM91_db25d8234ffabc07e0,accepted
RELM92_80e84c6cfe5a88eada,MATM91_fd2a37bc77882d7422,聚黑铝-2高炸药,ENTM92_4b2c3f8af6a78bfa82,黑索今,ChemicalComponent,specific,黑索今 (RDX),,,,,,RDX,false,deterministic_v9_1+v9.2_name_cleanup,59,EVM91_18b755bbbad9add4b7,accepted
RELM92_30b34c42fa7b65db52,MATM91_fd2a37bc77882d7422,聚黑铝-2高炸药,ENTM92_ef25a0c55341b4167e,铝粉,ChemicalComponent,specific,铝粉 (Al),,,,,,Al,false,deterministic_v9_1+v9.2_name_cleanup,59,EVM91_18b755bbbad9add4b7,accepted
RELM92_fb20cef40960f78e7a,MATM91_fd2a37bc77882d7422,聚黑铝-2高炸药,ENTM92_d1e11b4ebcf08a0dad,高性能聚合物粘结剂,ComponentGroup,generic_group,高性能聚合物粘结剂 (如氟橡胶),,,,,,如氟橡胶,false,deterministic_v9_1+v9.2_name_cleanup,59,EVM91_18b755bbbad9add4b7,accepted
RELM92_c7f8a12449234913a3,MATM91_fd2a37bc77882d7422,聚黑铝-2高炸药,ENTM92_da363b16014a334d6e,钝感剂,ComponentGroup,generic_group,少量钝感剂,,,,,少量,,false,deterministic_v9_1+v9.2_name_cleanup,59,EVM91_18b755bbbad9add4b7,accepted
RELM92_cbf4751a1cab4db37b,MATM91_d29b5d2a913fc612e6,聚黑铝-3炸药(A型),ENTM92_4b2c3f8af6a78bfa82,黑索今,ChemicalComponent,specific,黑索今 (RDX) 约 60%-70%,60,70,,,约,,false,deterministic_v9_1+v9.2_name_cleanup,60,EVM91_84be2ea6c5e7782864,accepted
RELM92_44b0e72a60aeb1f5ff,MATM91_d29b5d2a913fc612e6,聚黑铝-3炸药(A型),ENTM92_ef25a0c55341b4167e,铝粉,ChemicalComponent,specific,铝粉 (Al) 约 20%-30%,20,30,,,约,,false,deterministic_v9_1+v9.2_name_cleanup,60,EVM91_84be2ea6c5e7782864,accepted
RELM92_57ee8f6da176231255,MATM91_d29b5d2a913fc612e6,聚黑铝-3炸药(A型),ENTM92_9c4e4feca3fe367596,聚合物粘结剂,ComponentGroup,generic_group,聚合物粘结剂约 5%-10%,5,10,,,约,,false,deterministic_v9_1+v9.2_name_cleanup,60,EVM91_84be2ea6c5e7782864,accepted
RELM92_be454d9ae495cdcb47,MATM91_0553d4ba7050e519c2,聚黑铝-3炸药(B型),ENTM92_4b2c3f8af6a78bfa82,黑索今,ChemicalComponent,specific,黑索今 (RDX) 约 50%-60%,50,60,,,约,,false,deterministic_v9_1+v9.2_name_cleanup,61,EVM91_6bcaa1a06b055263c3,accepted
RELM92_f4e6744b6d29f9fea2,MATM91_0553d4ba7050e519c2,聚黑铝-3炸药(B型),ENTM92_ef25a0c55341b4167e,铝粉,ChemicalComponent,specific,铝粉 (Al) 约 30%-40%,30,40,,,约,,false,deterministic_v9_1+v9.2_name_cleanup,61,EVM91_6bcaa1a06b055263c3,accepted
RELM92_27ab5b837c9efd85d7,MATM91_0553d4ba7050e519c2,聚黑铝-3炸药(B型),ENTM92_9c4e4feca3fe367596,聚合物粘结剂,ComponentGroup,generic_group,聚合物粘结剂约 5%-10%,5,10,,,约,,false,deterministic_v9_1+v9.2_name_cleanup,61,EVM91_6bcaa1a06b055263c3,accepted
RELM92_9962d6c1e58ccb4969,MATM91_c00613185fda6250c0,钝黑梯-1炸药,ENTM92_4b2c3f8af6a78bfa82,黑索今,ChemicalComponent,specific,黑索今 (RDX) 60%,60,60,60,,,RDX,false,deterministic_v9_1+v9.2_name_cleanup,62,EVM91_f994d69043e82d756d,accepted
RELM92_e976b6f4e8d5fb1f6f,MATM91_c00613185fda6250c0,钝黑梯-1炸药,ENTM92_acb6221789f5af2b7a,梯恩梯,ChemicalComponent,specific,梯恩梯 (TNT) 37%,37,37,37,,,TNT,false,deterministic_v9_1+v9.2_name_cleanup,62,EVM91_f994d69043e82d756d,accepted
RELM92_50d5408a3a88a8e7ba,MATM91_c00613185fda6250c0,钝黑梯-1炸药,ENTM92_da363b16014a334d6e,钝感剂,ComponentGroup,generic_group,钝感剂 (石蜡/地蜡等) 3%,3,3,3,,,石蜡/地蜡等,true,deterministic_v9_1+v9.2_name_cleanup,62,EVM91_f994d69043e82d756d,accepted
RELM92_c4b9db665f2c6f761a,MATM91_7e320004a278a4ae94,钝化黑索今,ENTM92_4b2c3f8af6a78bfa82,黑索今,ChemicalComponent,specific,黑索今 (RDX) 约 91%-95%,91,95,,,约,,false,deterministic_v9_1+v9.2_name_cleanup,63,EVM91_73c83f2e3e4ca1f298,accepted
RELM92_f8e8fe3b2d70f24b46,MATM91_7e320004a278a4ae94,钝化黑索今,ENTM92_da363b16014a334d6e,钝感剂,ComponentGroup,generic_group,钝感剂 (石蜡、地蜡、硬脂酸等) 5%-9%,5,9,,,,石蜡、地蜡、硬脂酸等,true,deterministic_v9_1+v9.2_name_cleanup,63,EVM91_73c83f2e3e4ca1f298,accepted
RELM92_293d897a4fcd6566d5,MATM91_6a610e298f01f90671,钝黑-2炸药,ENTM92_4b2c3f8af6a78bfa82,黑索今,ChemicalComponent,specific,黑索今 (RDX) 98%,98,98,98,,,RDX,false,deterministic_v9_1+v9.2_name_cleanup,64,EVM91_d16ce18aabe0b358f9,accepted
RELM92_5bd980d6c6dec01ca2,MATM91_6a610e298f01f90671,钝黑-2炸药,ENTM92_da363b16014a334d6e,钝感剂,ComponentGroup,generic_group,钝感剂 (石蜡/合成蜡) 2%,2,2,2,,,石蜡/合成蜡,false,deterministic_v9_1+v9.2_name_cleanup,64,EVM91_d16ce18aabe0b358f9,accepted
RELM92_c5f2772b180df944bd,MATM91_7cfa7cc7667d953666,钝黑-3炸药,ENTM92_4b2c3f8af6a78bfa82,黑索今,ChemicalComponent,specific,黑索今 (RDX) 91% ± 1.0%,90,92,91,1.0,,RDX,false,deterministic_v9_1+v9.2_name_cleanup,65,EVM91_310607659077c8dc62,accepted
RELM92_8f049dbf7b26105ad0,MATM91_7cfa7cc7667d953666,钝黑-3炸药,ENTM92_da363b16014a334d6e,钝感剂,ComponentGroup,generic_group,钝感剂 (地蜡/石蜡/硬脂酸混合物) 9% ± 1.0%,8,10,9,1.0,,地蜡/石蜡/硬脂酸混合物,false,deterministic_v9_1+v9.2_name_cleanup,65,EVM91_310607659077c8dc62,accepted
RELM92_98db9ce7cd4776dbf4,MATM91_53e7e9a0b273cc1763,钝黑-4炸药,ENTM92_4b2c3f8af6a78bfa82,黑索今,ChemicalComponent,specific,黑索今 (RDX) 87% ± 1.0%,86,88,87,1.0,,RDX,false,deterministic_v9_1+v9.2_name_cleanup,66,EVM91_807e3c18c46d4d709c,accepted
RELM92_8494d069757a09b4e7,MATM91_53e7e9a0b273cc1763,钝黑-4炸药,ENTM92_da363b16014a334d6e,钝感剂,ComponentGroup,generic_group,钝感剂 (地蜡/石蜡/硬脂酸等) 13% ± 1.0%,12,14,13,1.0,,地蜡/石蜡/硬脂酸等,true,deterministic_v9_1+v9.2_name_cleanup,66,EVM91_807e3c18c46d4d709c,accepted
RELM92_576fe315f886261770,MATM91_ab4e28f7e8fc684fa7,钝黑-5炸药,ENTM92_4b2c3f8af6a78bfa82,黑索今,ChemicalComponent,specific,黑索今 (RDX) 95% ± 0.5%,94.5,95.5,95,0.5,,RDX,false,deterministic_v9_1+v9.2_name_cleanup,67,EVM91_85fc4daeb4afe442ba,accepted
RELM92_ac91af4409ca4f8974,MATM91_ab4e28f7e8fc684fa7,钝黑-5炸药,ENTM92_da363b16014a334d6e,钝感剂,ComponentGroup,generic_group,钝感剂 (地蜡/石蜡/石墨等) 5.0% ± 0.5%,4.5,5.5,5.0,0.5,,地蜡/石蜡/石墨等,true,deterministic_v9_1+v9.2_name_cleanup,67,EVM91_85fc4daeb4afe442ba,accepted
RELM92_dab27e43e60812865c,MATM91_ce26cda5a2182e868b,钝黑-6炸药,ENTM92_4b2c3f8af6a78bfa82,黑索今,ChemicalComponent,specific,黑索今 (RDX) 80% ± 1.5%,78.5,81.5,80,1.5,,RDX,false,deterministic_v9_1+v9.2_name_cleanup,68,EVM91_2644c98823217fa771,accepted
RELM92_d85ee963ce8253776c,MATM91_ce26cda5a2182e868b,钝黑-6炸药,ENTM92_da363b16014a334d6e,钝感剂,ComponentGroup,generic_group,钝感剂 (地蜡/石蜡/硬脂酸/染色剂混合物) 20% ± 1.5%,18.5,21.5,20,1.5,,地蜡/石蜡/硬脂酸/染色剂混合物,false,deterministic_v9_1+v9.2_name_cleanup,68,EVM91_2644c98823217fa771,accepted
RELM92_d7ba418a638cf53def,MATM91_7b39d64653b7ab4300,钝黑-7炸药,ENTM92_4b2c3f8af6a78bfa82,黑索今,ChemicalComponent,specific,黑索今 (RDX) 70% ± 2.0%,68,72,70,2.0,,RDX,false,deterministic_v9_1+v9.2_name_cleanup,69,EVM91_6e18b9be4ae4995312,accepted
RELM92_c5b8b7fb2154be8b6c,MATM91_7b39d64653b7ab4300,钝黑-7炸药,ENTM92_da363b16014a334d6e,钝感剂,ComponentGroup,generic_group,钝感剂 (地蜡/石蜡/硬脂酸/染色剂) 30% ± 2.0%,28,32,30,2.0,,地蜡/石蜡/硬脂酸/染色剂,false,deterministic_v9_1+v9.2_name_cleanup,69,EVM91_6e18b9be4ae4995312,accepted
RELM92_a30f1be9271529db17,MATM91_e4ea50e63794908993,聚黑-2炸药,ENTM92_4b2c3f8af6a78bfa82,黑索今,ChemicalComponent,specific,黑索今 (RDX) 95% ± 0.5%,94.5,95.5,95,0.5,,RDX,false,deterministic_v9_1+v9.2_name_cleanup,70,EVM91_a6dd13bd3d7e23d8f9,accepted
RELM92_83258bef626674d118,MATM91_e4ea50e63794908993,聚黑-2炸药,ENTM92_c0390e14970997c54d,氟橡胶,ChemicalComponent,specific,氟橡胶 (F2602) 5% ± 0.5%,4.5,5.5,5,0.5,,F2602,false,deterministic_v9_1+v9.2_name_cleanup,70,EVM91_a6dd13bd3d7e23d8f9,accepted
RELM92_5dbc825593ff41305c,MATM91_942747c46a370f19fd,聚黑-6炸药A（PBX-RDX-6A）,ENTM92_4b2c3f8af6a78bfa82,黑索今,ChemicalComponent,specific,黑索今 (RDX) 94.0% ± 0.5%,93.5,94.5,94.0,0.5,,RDX,false,deterministic_v9_1+v9.2_name_cleanup,71,EVM91_9c4482a95150987d7c,accepted
RELM92_c7f4123395fab981fa,MATM91_942747c46a370f19fd,聚黑-6炸药A（PBX-RDX-6A）,ENTM92_dcc2be3fc6d226e6b7,粘结剂,ComponentGroup,generic_group,粘结剂 (如聚氨酯或氟橡胶) 6.0% ± 0.5%,5.5,6.5,6.0,0.5,,如聚氨酯或氟橡胶,false,deterministic_v9_1+v9.2_name_cleanup,71,EVM91_9c4482a95150987d7c,accepted
RELM92_65de1c032db97c62e1,MATM91_e7dc4a73e9d1e12496,聚黑-14炸药,ENTM92_4b2c3f8af6a78bfa82,黑索今,ChemicalComponent,specific,黑索今 (RDX) 95.0% ± 0.5%,94.5,95.5,95.0,0.5,,RDX,false,deterministic_v9_1+v9.2_name_cleanup,72,EVM91_b08305e685217a0975,accepted
RELM92_2e21bef780eb704ad8,MATM91_e7dc4a73e9d1e12496,聚黑-14炸药,ENTM92_a8293ee3b60ab1aea1,高分子粘结剂,ComponentGroup,generic_group,高分子粘结剂 (如F2603/Estane等) 5.0% ± 0.5%,4.5,5.5,5.0,0.5,,如F2603/Estane等,true,deterministic_v9_1+v9.2_name_cleanup,72,EVM91_b08305e685217a0975,accepted
RELM92_e2e1922a22a716bc33,MATM91_a7db4bae9eb9f70e8f,塑黑-1炸药A,ENTM92_4b2c3f8af6a78bfa82,黑索今,ChemicalComponent,specific,黑索今 (RDX) 88.0% ± 1.0%,87,89,88.0,1.0,,RDX,false,deterministic_v9_1+v9.2_name_cleanup,73,EVM91_d547049e4f60dbc623,accepted
RELM92_c20b4d90f8d624f258,MATM91_a7db4bae9eb9f70e8f,塑黑-1炸药A,ENTM92_5296e6fbab8cdced8f,塑料粘结剂,ComponentGroup,generic_group,塑料粘结剂 (如机油、硬脂酸盐、聚异丁烯混合物) 12.0% ± 1.0%,11,13,12.0,1.0,,如机油、硬脂酸盐、聚异丁烯混合物,false,deterministic_v9_1+v9.2_name_cleanup,73,EVM91_d547049e4f60dbc623,accepted
RELM92_ae08fef456ac053328,MATM91_bc4e996f2b6771c719,塑黑-4炸药A,ENTM92_4b2c3f8af6a78bfa82,黑索今,ChemicalComponent,specific,黑索今 (RDX) 80.0% ± 1.5%,78.5,81.5,80.0,1.5,,RDX,false,deterministic_v9_1+v9.2_name_cleanup,74,EVM91_f45f0ccaaad74a4746,accepted
RELM92_db92d05955e4f72034,MATM91_bc4e996f2b6771c719,塑黑-4炸药A,ENTM92_5296e6fbab8cdced8f,塑料粘结剂,ComponentGroup,generic_group,塑料粘结剂 (增塑油、合成橡胶、表面活性剂混合物) 20.0% ± 1.5%,18.5,21.5,20.0,1.5,,增塑油、合成橡胶、表面活性剂混合物,false,deterministic_v9_1+v9.2_name_cleanup,74,EVM91_f45f0ccaaad74a4746,accepted
RELM92_5f149ea018a7ea9250,MATM91_3c1472599e617d0dfb,塑黑-5炸药A,ENTM92_4b2c3f8af6a78bfa82,黑索今,ChemicalComponent,specific,黑索今 (RDX) 85.0% ± 1.0%,84,86,85.0,1.0,,RDX,false,deterministic_v9_1+v9.2_name_cleanup,75,EVM91_e324895d947bc63c98,accepted
RELM92_8daa3b34f2be8fa432,MATM91_3c1472599e617d0dfb,塑黑-5炸药A,ENTM92_5296e6fbab8cdced8f,塑料粘结剂,ComponentGroup,generic_group,塑料粘结剂 (高粘度液体增塑剂、丁基橡胶、表面活性剂) 15.0% ± 1.0%,14,16,15.0,1.0,,高粘度液体增塑剂、丁基橡胶、表面活性剂,false,deterministic_v9_1+v9.2_name_cleanup,75,EVM91_e324895d947bc63c98,accepted
RELM92_8af5d95102ee85d1d2,MATM91_376589c8eb90e56109,C-4炸药,ENTM92_4b2c3f8af6a78bfa82,黑索今,ChemicalComponent,specific,黑索今 (RDX) 91%,91,91,91,,,RDX,false,deterministic_v9_1+v9.2_name_cleanup,76,EVM91_98a486814aacadf9f9,accepted
RELM92_256b4c919bf44349cc,MATM91_376589c8eb90e56109,C-4炸药,ENTM92_dcc2be3fc6d226e6b7,粘结剂,ComponentGroup,generic_group,粘结剂 (聚异丁烯) 2.1%,2.1,2.1,2.1,,,聚异丁烯,false,deterministic_v9_1+v9.2_name_cleanup,76,EVM91_98a486814aacadf9f9,accepted
RELM92_228a40dc22853d6f14,MATM91_376589c8eb90e56109,C-4炸药,ENTM92_ab6b8df5053cd35066,增塑剂,ComponentGroup,generic_group,增塑剂 (癸二酸二乙酯/己二酸二乙酯) 5.3%,5.3,5.3,5.3,,,癸二酸二乙酯/己二酸二乙酯,false,deterministic_v9_1+v9.2_name_cleanup,76,EVM91_98a486814aacadf9f9,accepted
RELM92_4b384349f52add501c,MATM91_376589c8eb90e56109,C-4炸药,ENTM92_f4bce086800184fec9,燃料油,ComponentGroup,generic_group,燃料油 (机油) 1.6%,1.6,1.6,1.6,,,机油,false,deterministic_v9_1+v9.2_name_cleanup,76,EVM91_98a486814aacadf9f9,accepted
RELM92_b3ad369b0c2649f223,MATM91_e398a4ed1a9aa199dc,8321,ENTM92_4b2c3f8af6a78bfa82,黑索今,ChemicalComponent,specific,黑索今 (RDX) 94%,94,94,94,,,RDX,false,deterministic_v9_1+v9.2_name_cleanup,77,EVM91_641d29316fbd368c8e,accepted
RELM92_3114ec6362ab986507,MATM91_e398a4ed1a9aa199dc,8321,ENTM92_0b317bf9ac7ee32f80,4号炸药,ChemicalComponent,specific,4号炸药 (特屈儿/Tetryl) 3%,3,3,3,,,特屈儿/Tetryl,false,deterministic_v9_1+v9.2_name_cleanup,77,EVM91_641d29316fbd368c8e,accepted
RELM92_d3e6436593869e4ebd,MATM91_e398a4ed1a9aa199dc,8321,ENTM92_744b9f367e13bbdf9a,聚醋酸乙烯酯,ChemicalComponent,specific,聚醋酸乙烯酯 (PVA) 2%,2,2,2,,,PVA,false,deterministic_v9_1+v9.2_name_cleanup,77,EVM91_641d29316fbd368c8e,accepted
RELM92_57fca8f8bf72f00969,MATM91_e398a4ed1a9aa199dc,8321,ENTM92_e08c2b5cf75e44983c,硬脂酸,ChemicalComponent,specific,硬脂酸 (SA) 1%,1,1,1,,,SA,false,deterministic_v9_1+v9.2_name_cleanup,77,EVM91_641d29316fbd368c8e,accepted
RELM92_20820e3127abb15fc2,MATM91_00138cd5eae71a559f,熔梯铝炸药,ENTM92_4b2c3f8af6a78bfa82,黑索今,ChemicalComponent,specific,黑索今 (RDX) 40%,40,40,40,,,RDX,false,deterministic_v9_1+v9.2_name_cleanup,78,EVM91_ef34b5626ed5b1a3fd,accepted
RELM92_51b9c701c231cc62e9,MATM91_00138cd5eae71a559f,熔梯铝炸药,ENTM92_acb6221789f5af2b7a,梯恩梯,ChemicalComponent,specific,梯恩梯 (TNT) 40%,40,40,40,,,TNT,false,deterministic_v9_1+v9.2_name_cleanup,78,EVM91_ef34b5626ed5b1a3fd,accepted
RELM92_cb440cfffda0ebe4ae,MATM91_00138cd5eae71a559f,熔梯铝炸药,ENTM92_ef25a0c55341b4167e,铝粉,ChemicalComponent,specific,铝粉 (Al) 20%,20,20,20,,,Al,false,deterministic_v9_1+v9.2_name_cleanup,78,EVM91_ef34b5626ed5b1a3fd,accepted
RELM92_68cab004abb408f641,MATM91_00138cd5eae71a559f,熔梯铝炸药,ENTM92_66df5263f85027648e,钝感剂/安定剂,ComponentGroup,generic_group,钝感剂/安定剂 少量,,,,,少量,,false,deterministic_v9_1+v9.2_name_cleanup,78,EVM91_ef34b5626ed5b1a3fd,accepted
RELM92_580986b8ab4bbc1bce,MATM91_fc66145c9c28671ccb,DH-1炸药,ENTM92_4b2c3f8af6a78bfa82,黑索今,ChemicalComponent,specific,黑索今 (RDX) 95.0% ± 0.5%,94.5,95.5,95.0,0.5,,RDX,false,deterministic_v9_1+v9.2_name_cleanup,79,EVM91_5d9d1eb53fbff0c31b,accepted
RELM92_288c462f249fbf0bfc,MATM91_fc66145c9c28671ccb,DH-1炸药,ENTM92_da363b16014a334d6e,钝感剂,ComponentGroup,generic_group,钝感剂 (地蜡、石蜡、硬脂酸等混合物) 5.0% ± 0.5%,4.5,5.5,5.0,0.5,,地蜡、石蜡、硬脂酸等混合物,true,deterministic_v9_1+v9.2_name_cleanup,79,EVM91_5d9d1eb53fbff0c31b,accepted
RELM92_9d470415b3ee0df250,MATM91_b283cfe4ff1119200c,枪用单基药,ENTM92_826409bf5dd8e7c670,硝化棉,ChemicalComponent,specific,硝化棉 95-98%,95,98,,,,,false,deterministic_v9_1+v9.2_name_cleanup,82,EVM91_59f29de5389d166aa1,accepted
RELM92_f3424e7442646ab626,MATM91_b283cfe4ff1119200c,枪用单基药,ENTM92_048533e3cc28162193,安定剂,ComponentGroup,generic_group,安定剂 1-2%,1,2,,,,,false,deterministic_v9_1+v9.2_name_cleanup,82,EVM91_59f29de5389d166aa1,accepted
RELM92_33888338a8ac6ffcd7,MATM91_b283cfe4ff1119200c,枪用单基药,ENTM92_a87db49d54f1394b31,表面钝感剂,ComponentGroup,generic_group,表面钝感剂少量,,,,,少量,,false,deterministic_v9_1+v9.2_name_cleanup,82,EVM91_59f29de5389d166aa1,accepted
RELM92_b123a25dba21dfba8f,MATM91_45e27ea5185973e25e,枪用双基药,ENTM92_826409bf5dd8e7c670,硝化棉,ChemicalComponent,specific,硝化棉 60-80%,60,80,,,,,false,deterministic_v9_1+v9.2_name_cleanup,83,EVM91_0e3b7971e5d481dda4,accepted
RELM92_3cfd28435213251990,MATM91_45e27ea5185973e25e,枪用双基药,ENTM92_f12823a5cff08038a6,硝化甘油,ChemicalComponent,specific,硝化甘油 15-35%,15,35,,,,,false,deterministic_v9_1+v9.2_name_cleanup,83,EVM91_0e3b7971e5d481dda4,accepted
RELM92_9ebbbe7462b017e105,MATM91_45e27ea5185973e25e,枪用双基药,ENTM92_048533e3cc28162193,安定剂,ComponentGroup,generic_group,安定剂 1-2%,1,2,,,,,false,deterministic_v9_1+v9.2_name_cleanup,83,EVM91_0e3b7971e5d481dda4,accepted
RELM92_642b442f9e70295d81,MATM91_0fbded9bdccaf2f068,单钾-4/7石发射药,ENTM92_826409bf5dd8e7c670,硝化棉,ChemicalComponent,specific,硝化棉 (NC) 95%-97%,95,97,,,,NC,false,deterministic_v9_1+v9.2_name_cleanup,84,EVM91_fd13f66ba19ace6d49,accepted
RELM92_48d132ebcdeb7345bd,MATM91_0fbded9bdccaf2f068,单钾-4/7石发射药,ENTM92_048533e3cc28162193,安定剂,ComponentGroup,generic_group,安定剂 (二苯胺) 1.0%-1.5%,1.0,1.5,,,,二苯胺,false,deterministic_v9_1+v9.2_name_cleanup,84,EVM91_fd13f66ba19ace6d49,accepted
RELM92_5b4e59760d8a4a1e9d,MATM91_0fbded9bdccaf2f068,单钾-4/7石发射药,ENTM92_856bedfe11e31e6760,消焰剂,ComponentGroup,generic_group,消焰剂 (硫酸钾/硝酸钾) 1.0%-2.0%,1.0,2.0,,,,硫酸钾/硝酸钾,false,deterministic_v9_1+v9.2_name_cleanup,84,EVM91_fd13f66ba19ace6d49,accepted
RELM92_d4f45df7f540651b9d,MATM91_0fbded9bdccaf2f068,单钾-4/7石发射药,ENTM92_a962e345fc896e7590,表面涂覆石墨,ComponentGroup,specific,表面涂覆石墨 少量,,,,,少量,,false,deterministic_v9_1+v9.2_name_cleanup,84,EVM91_fd13f66ba19ace6d49,accepted
RELM92_3bf5cddfdd4fa48558,MATM91_26feaf7d56a9f187be,单钾5/7石单基发射药,ENTM92_826409bf5dd8e7c670,硝化棉,ChemicalComponent,specific,硝化棉 (NC) 95%-97%,95,97,,,,NC,false,deterministic_v9_1+v9.2_name_cleanup,85,EVM91_16de09a2201e99b12b,accepted
RELM92_88e0ee179621fe0d7c,MATM91_26feaf7d56a9f187be,单钾5/7石单基发射药,ENTM92_048533e3cc28162193,安定剂,ComponentGroup,generic_group,安定剂 (二苯胺) 1.0%-1.5%,1.0,1.5,,,,二苯胺,false,deterministic_v9_1+v9.2_name_cleanup,85,EVM91_16de09a2201e99b12b,accepted
RELM92_a7a85333221af9d5aa,MATM91_26feaf7d56a9f187be,单钾5/7石单基发射药,ENTM92_856bedfe11e31e6760,消焰剂,ComponentGroup,generic_group,消焰剂 (硫酸钾/硝酸钾) 1.0%-2.0%,1.0,2.0,,,,硫酸钾/硝酸钾,false,deterministic_v9_1+v9.2_name_cleanup,85,EVM91_16de09a2201e99b12b,accepted
RELM92_18e6b7f739c5a67b0b,MATM91_26feaf7d56a9f187be,单钾5/7石单基发射药,ENTM92_a962e345fc896e7590,表面涂覆石墨,ComponentGroup,specific,表面涂覆石墨 少量,,,,,少量,,false,deterministic_v9_1+v9.2_name_cleanup,85,EVM91_16de09a2201e99b12b,accepted
RELM92_963e75a6ad7814f8fe,MATM91_a90f27bc5377b622ea,单樟-2/1单基发射药,ENTM92_826409bf5dd8e7c670,硝化棉,ChemicalComponent,specific,硝化棉 (NC) 90%-94%,90,94,,,,NC,false,deterministic_v9_1+v9.2_name_cleanup,86,EVM91_ec1b46ca5995385f3c,accepted
RELM92_a357e254332f896e05,MATM91_a90f27bc5377b622ea,单樟-2/1单基发射药,ENTM92_e73411d66d02604b2c,樟脑,ChemicalComponent,specific,樟脑 (Camphor) 3%-5%,3,5,,,,Camphor,false,deterministic_v9_1+v9.2_name_cleanup,86,EVM91_ec1b46ca5995385f3c,accepted
RELM92_6dcf78965469c1c2f5,MATM91_a90f27bc5377b622ea,单樟-2/1单基发射药,ENTM92_048533e3cc28162193,安定剂,ComponentGroup,generic_group,安定剂 (二苯胺) 1.0%-1.5%,1.0,1.5,,,,二苯胺,false,deterministic_v9_1+v9.2_name_cleanup,86,EVM91_ec1b46ca5995385f3c,accepted
RELM92_66d25b33e05c468669,MATM91_a90f27bc5377b622ea,单樟-2/1单基发射药,ENTM92_3127be6ee26e2a2c0f,表面石墨,ComponentGroup,specific,表面石墨少量,,,,,少量,,false,deterministic_v9_1+v9.2_name_cleanup,86,EVM91_ec1b46ca5995385f3c,accepted
RELM92_1856951e32db16f2b1,MATM91_70b538c7a3297e21ac,单樟-3/1单基发射药,ENTM92_826409bf5dd8e7c670,硝化棉,ChemicalComponent,specific,硝化棉 (NC) 90%-94%,90,94,,,,NC,false,deterministic_v9_1+v9.2_name_cleanup,87,EVM91_9196165ba71c1daf8a,accepted
RELM92_4fe129f990d89afce4,MATM91_70b538c7a3297e21ac,单樟-3/1单基发射药,ENTM92_e73411d66d02604b2c,樟脑,ChemicalComponent,specific,樟脑 (Camphor) 3%-5%,3,5,,,,Camphor,false,deterministic_v9_1+v9.2_name_cleanup,87,EVM91_9196165ba71c1daf8a,accepted
RELM92_443ea4b7d2494bb54a,MATM91_70b538c7a3297e21ac,单樟-3/1单基发射药,ENTM92_048533e3cc28162193,安定剂,ComponentGroup,generic_group,安定剂 (二苯胺) 1.0%-1.5%,1.0,1.5,,,,二苯胺,false,deterministic_v9_1+v9.2_name_cleanup,87,EVM91_9196165ba71c1daf8a,accepted
RELM92_4b17767ef914c3b9c4,MATM91_70b538c7a3297e21ac,单樟-3/1单基发射药,ENTM92_a962e345fc896e7590,表面涂覆石墨,ComponentGroup,specific,表面涂覆石墨 少量,,,,,少量,,false,deterministic_v9_1+v9.2_name_cleanup,87,EVM91_9196165ba71c1daf8a,accepted
RELM92_a8a18b8df6861fbbab,MATM91_abfca8253637bb4dfa,多-125,ENTM92_826409bf5dd8e7c670,硝化棉,ChemicalComponent,specific,硝化棉 (NC) 50%-60%,50,60,,,,NC,false,deterministic_v9_1+v9.2_name_cleanup,88,EVM91_9b106c1cedfc4c1b22,accepted
RELM92_621121b33ce26b5406,MATM91_abfca8253637bb4dfa,多-125,ENTM92_f12823a5cff08038a6,硝化甘油,ChemicalComponent,specific,硝化甘油 (NG) 15%-25%,15,25,,,,NG,false,deterministic_v9_1+v9.2_name_cleanup,88,EVM91_9b106c1cedfc4c1b22,accepted
RELM92_f583567494c6be9d32,MATM91_abfca8253637bb4dfa,多-125,ENTM92_4b2c3f8af6a78bfa82,黑索今,ChemicalComponent,specific,黑索今 (RDX) 20%-30%,20,30,,,,RDX,false,deterministic_v9_1+v9.2_name_cleanup,88,EVM91_9b106c1cedfc4c1b22,accepted
RELM92_ae99bfa99cb3e43d89,MATM91_abfca8253637bb4dfa,多-125,ENTM92_048533e3cc28162193,安定剂,ComponentGroup,generic_group,安定剂 (二苯胺/中定剂) 2%-3%,2,3,,,,二苯胺/中定剂,false,deterministic_v9_1+v9.2_name_cleanup,88,EVM91_9b106c1cedfc4c1b22,accepted
RELM92_206858681b5c1673bd,MATM91_abfca8253637bb4dfa,多-125,ENTM92_380dd9fc7f3a45d1aa,工艺添加剂,ComponentGroup,generic_group,工艺添加剂 少量,,,,,少量,,false,deterministic_v9_1+v9.2_name_cleanup,88,EVM91_9b106c1cedfc4c1b22,accepted
RELM92_735a9209c3665b77a2,MATM91_90eea1e1149b88cf15,4/1单基发射药,ENTM92_826409bf5dd8e7c670,硝化棉,ChemicalComponent,specific,硝化棉 (NC) 96%-98%,96,98,,,,NC,false,deterministic_v9_1+v9.2_name_cleanup,89,EVM91_3f8258b63b9ebf3b4b,accepted
RELM92_1439ab80447300b3cd,MATM91_90eea1e1149b88cf15,4/1单基发射药,ENTM92_048533e3cc28162193,安定剂,ComponentGroup,generic_group,安定剂 (二苯胺) 1.5%-2.0%,1.5,2.0,,,,二苯胺,false,deterministic_v9_1+v9.2_name_cleanup,89,EVM91_3f8258b63b9ebf3b4b,accepted
RELM92_b085e0da76a4f2e408,MATM91_90eea1e1149b88cf15,4/1单基发射药,ENTM92_a962e345fc896e7590,表面涂覆石墨,ComponentGroup,specific,表面涂覆石墨 少量,,,,,少量,,false,deterministic_v9_1+v9.2_name_cleanup,89,EVM91_3f8258b63b9ebf3b4b,accepted
RELM92_f06e0f07e948130b8f,MATM91_5f10f54a03d1377079,4/1高单基发射药,ENTM92_e1a635c7214459bf2b,高氮硝化棉,ChemicalComponent,specific,"高氮硝化棉 (NC, N>13.3%) 97%-98.5%",97,98.5,,,,"NC, N>13.3%",false,deterministic_v9_1+v9.2_name_cleanup,90,EVM91_b8c70cb9f99bfaf268,accepted
RELM92_0e0fb4c41d804a0413,MATM91_5f10f54a03d1377079,4/1高单基发射药,ENTM92_048533e3cc28162193,安定剂,ComponentGroup,generic_group,安定剂 (二苯胺/中定剂) 1.0%-2.0%,1.0,2.0,,,,二苯胺/中定剂,false,deterministic_v9_1+v9.2_name_cleanup,90,EVM91_b8c70cb9f99bfaf268,accepted
RELM92_eb1f7c7f8c590e817c,MATM91_5f10f54a03d1377079,4/1高单基发射药,ENTM92_a962e345fc896e7590,表面涂覆石墨,ComponentGroup,specific,表面涂覆石墨,,,,,,,false,deterministic_v9_1+v9.2_name_cleanup,90,EVM91_b8c70cb9f99bfaf268,accepted
RELM92_21d5ab589991f30799,MATM91_5f10f54a03d1377079,4/1高单基发射药,ENTM92_380dd9fc7f3a45d1aa,工艺添加剂,ComponentGroup,generic_group,工艺添加剂 少量,,,,,少量,,false,deterministic_v9_1+v9.2_name_cleanup,90,EVM91_b8c70cb9f99bfaf268,accepted
RELM92_9437b34eb5c8c765e8,MATM91_dc3221c94128a1fd43,8/1-42单基发射药,ENTM92_826409bf5dd8e7c670,硝化棉,ChemicalComponent,specific,硝化棉 (NC) 95%-98%,95,98,,,,NC,false,deterministic_v9_1+v9.2_name_cleanup,91,EVM91_6aa57d5f3bf8a4a812,accepted
RELM92_40788c00d94dd2f6e1,MATM91_dc3221c94128a1fd43,8/1-42单基发射药,ENTM92_048533e3cc28162193,安定剂,ComponentGroup,generic_group,安定剂 (二苯胺) 1.5%-2.0%,1.5,2.0,,,,二苯胺,false,deterministic_v9_1+v9.2_name_cleanup,91,EVM91_6aa57d5f3bf8a4a812,accepted
RELM92_1b8ce7d930a70241eb,MATM91_dc3221c94128a1fd43,8/1-42单基发射药,ENTM92_a962e345fc896e7590,表面涂覆石墨,ComponentGroup,specific,表面涂覆石墨 少量,,,,,少量,,false,deterministic_v9_1+v9.2_name_cleanup,91,EVM91_6aa57d5f3bf8a4a812,accepted
RELM92_57ce9f022fb878e8d8,MATM91_e841e42fed6c1780dc,12/1-27单基发射药,ENTM92_826409bf5dd8e7c670,硝化棉,ChemicalComponent,specific,硝化棉 (NC) 95%-98%,95,98,,,,NC,false,deterministic_v9_1+v9.2_name_cleanup,92,EVM91_a1fc448ed7a6c80a9d,accepted
RELM92_be88587e778f6f89a0,MATM91_e841e42fed6c1780dc,12/1-27单基发射药,ENTM92_048533e3cc28162193,安定剂,ComponentGroup,generic_group,安定剂 (二苯胺) 1.5%-2.0%,1.5,2.0,,,,二苯胺,false,deterministic_v9_1+v9.2_name_cleanup,92,EVM91_a1fc448ed7a6c80a9d,accepted
RELM92_85968bd515e847c616,MATM91_e841e42fed6c1780dc,12/1-27单基发射药,ENTM92_a962e345fc896e7590,表面涂覆石墨,ComponentGroup,specific,表面涂覆石墨 少量,,,,,少量,,false,deterministic_v9_1+v9.2_name_cleanup,92,EVM91_a1fc448ed7a6c80a9d,accepted
RELM92_c324cda97a4afd319d,MATM91_df3523f41e5eece994,12/1-72单基发射药,ENTM92_826409bf5dd8e7c670,硝化棉,ChemicalComponent,specific,硝化棉 (NC) 95%-98%,95,98,,,,NC,false,deterministic_v9_1+v9.2_name_cleanup,93,EVM91_84436bfc8f2665027c,accepted
RELM92_24af77b1dda5fc77e8,MATM91_df3523f41e5eece994,12/1-72单基发射药,ENTM92_048533e3cc28162193,安定剂,ComponentGroup,generic_group,安定剂 (二苯胺) 1.5%-2.0%,1.5,2.0,,,,二苯胺,false,deterministic_v9_1+v9.2_name_cleanup,93,EVM91_84436bfc8f2665027c,accepted
RELM92_4381cd7ba8b9ac69a9,MATM91_df3523f41e5eece994,12/1-72单基发射药,ENTM92_a962e345fc896e7590,表面涂覆石墨,ComponentGroup,specific,表面涂覆石墨 少量,,,,,少量,,false,deterministic_v9_1+v9.2_name_cleanup,93,EVM91_84436bfc8f2665027c,accepted
RELM92_df88cec350fe474c15,MATM91_f9ae5bf063ce50619f,9/7单基发射药,ENTM92_826409bf5dd8e7c670,硝化棉,ChemicalComponent,specific,硝化棉 (NC) 95%-98%,95,98,,,,NC,false,deterministic_v9_1+v9.2_name_cleanup,94,EVM91_729ef4cb89d806521c,accepted
RELM92_20f58bb3880e0e4391,MATM91_f9ae5bf063ce50619f,9/7单基发射药,ENTM92_048533e3cc28162193,安定剂,ComponentGroup,generic_group,安定剂 (二苯胺) 1.5%-2.0%,1.5,2.0,,,,二苯胺,false,deterministic_v9_1+v9.2_name_cleanup,94,EVM91_729ef4cb89d806521c,accepted
RELM92_c4079129136382cb6e,MATM91_f9ae5bf063ce50619f,9/7单基发射药,ENTM92_a962e345fc896e7590,表面涂覆石墨,ComponentGroup,specific,表面涂覆石墨 少量,,,,,少量,,false,deterministic_v9_1+v9.2_name_cleanup,94,EVM91_729ef4cb89d806521c,accepted
RELM92_b33fd24e939eed6348,MATM91_319331d73cc42c6e23,11/7单基发射药,ENTM92_826409bf5dd8e7c670,硝化棉,ChemicalComponent,specific,硝化棉 (NC) 95%-98%,95,98,,,,NC,false,deterministic_v9_1+v9.2_name_cleanup,95,EVM91_d6946ca985dfa2e302,accepted
RELM92_68ba38e6ab69d61d8c,MATM91_319331d73cc42c6e23,11/7单基发射药,ENTM92_048533e3cc28162193,安定剂,ComponentGroup,generic_group,安定剂 (二苯胺) 1.5%-2.0%,1.5,2.0,,,,二苯胺,false,deterministic_v9_1+v9.2_name_cleanup,95,EVM91_d6946ca985dfa2e302,accepted
RELM92_26341b5f4b83246ace,MATM91_319331d73cc42c6e23,11/7单基发射药,ENTM92_a962e345fc896e7590,表面涂覆石墨,ComponentGroup,specific,表面涂覆石墨 少量,,,,,少量,,false,deterministic_v9_1+v9.2_name_cleanup,95,EVM91_d6946ca985dfa2e302,accepted
RELM92_b50182b23f4dd023b7,MATM91_646402844ab2925c19,12/7单基发射药,ENTM92_826409bf5dd8e7c670,硝化棉,ChemicalComponent,specific,硝化棉 (NC) 95%-98%,95,98,,,,NC,false,deterministic_v9_1+v9.2_name_cleanup,96,EVM91_ab023a6d5b724f9ea6,accepted
RELM92_859a4f85a486ddde72,MATM91_646402844ab2925c19,12/7单基发射药,ENTM92_048533e3cc28162193,安定剂,ComponentGroup,generic_group,安定剂 (二苯胺) 1.5%-2.0%,1.5,2.0,,,,二苯胺,false,deterministic_v9_1+v9.2_name_cleanup,96,EVM91_ab023a6d5b724f9ea6,accepted
RELM92_66711dabe247698c22,MATM91_646402844ab2925c19,12/7单基发射药,ENTM92_a962e345fc896e7590,表面涂覆石墨,ComponentGroup,specific,表面涂覆石墨 少量,,,,,少量,,false,deterministic_v9_1+v9.2_name_cleanup,96,EVM91_ab023a6d5b724f9ea6,accepted
RELM92_23cadea0fd52e0a47a,MATM91_6ebff4e1f2b8302513,12/7高单基发射药,ENTM92_e1a635c7214459bf2b,高氮硝化棉,ChemicalComponent,specific,"高氮硝化棉 (NC, N含量13.3%-13.45%) 97%-98.5%",97,98.5,,,,"NC, N含量13.3%-13.45%",false,deterministic_v9_1+v9.2_name_cleanup,97,EVM91_4c30cd87111a3c23d1,accepted
RELM92_f14175e2f1b0de3637,MATM91_6ebff4e1f2b8302513,12/7高单基发射药,ENTM92_048533e3cc28162193,安定剂,ComponentGroup,generic_group,安定剂 (二苯胺/中定剂) 1.0%-2.0%,1.0,2.0,,,,二苯胺/中定剂,false,deterministic_v9_1+v9.2_name_cleanup,97,EVM91_4c30cd87111a3c23d1,accepted
RELM92_4470dec84a2a612623,MATM91_6ebff4e1f2b8302513,12/7高单基发射药,ENTM92_a962e345fc896e7590,表面涂覆石墨,ComponentGroup,specific,表面涂覆石墨,,,,,,,false,deterministic_v9_1+v9.2_name_cleanup,97,EVM91_4c30cd87111a3c23d1,accepted
RELM92_a7e1fe408631547a04,MATM91_6ebff4e1f2b8302513,12/7高单基发射药,ENTM92_380dd9fc7f3a45d1aa,工艺添加剂,ComponentGroup,generic_group,工艺添加剂 少量,,,,,少量,,false,deterministic_v9_1+v9.2_name_cleanup,97,EVM91_4c30cd87111a3c23d1,accepted
RELM92_316fb81d06d51abea6,MATM91_b91a9b7efe4f8b516d,13/7高单基发射药,ENTM92_e1a635c7214459bf2b,高氮硝化棉,ChemicalComponent,specific,"高氮硝化棉 (NC, N含量13.3%-13.5%) 96.5%-98.5%",96.5,98.5,,,,"NC, N含量13.3%-13.5%",false,deterministic_v9_1+v9.2_name_cleanup,98,EVM91_2fa0bf5d7bd519c76c,accepted
RELM92_6403f7a6be2827e9a8,MATM91_b91a9b7efe4f8b516d,13/7高单基发射药,ENTM92_048533e3cc28162193,安定剂,ComponentGroup,generic_group,安定剂 (二苯胺/中定剂) 1.0%-2.0%,1.0,2.0,,,,二苯胺/中定剂,false,deterministic_v9_1+v9.2_name_cleanup,98,EVM91_2fa0bf5d7bd519c76c,accepted
RELM92_b881393a6d50091d0a,MATM91_b91a9b7efe4f8b516d,13/7高单基发射药,ENTM92_a962e345fc896e7590,表面涂覆石墨,ComponentGroup,specific,表面涂覆石墨,,,,,,,false,deterministic_v9_1+v9.2_name_cleanup,98,EVM91_2fa0bf5d7bd519c76c,accepted
RELM92_b9e6426a77a9484ef3,MATM91_b91a9b7efe4f8b516d,13/7高单基发射药,ENTM92_380dd9fc7f3a45d1aa,工艺添加剂,ComponentGroup,generic_group,工艺添加剂 少量,,,,,少量,,false,deterministic_v9_1+v9.2_name_cleanup,98,EVM91_2fa0bf5d7bd519c76c,accepted
RELM92_2850875930b17d9db2,MATM91_90fe289180e4ee5885,双芳-2双基发射药,ENTM92_826409bf5dd8e7c670,硝化棉,ChemicalComponent,specific,硝化棉 (NC) 55%-65%,55,65,,,,NC,false,deterministic_v9_1+v9.2_name_cleanup,99,EVM91_b1703f14ec45741e26,accepted
RELM92_b4c52a7db42acbafb6,MATM91_90fe289180e4ee5885,双芳-2双基发射药,ENTM92_f12823a5cff08038a6,硝化甘油,ChemicalComponent,specific,硝化甘油 (NG) 25%-35%,25,35,,,,NG,false,deterministic_v9_1+v9.2_name_cleanup,99,EVM91_b1703f14ec45741e26,accepted
RELM92_3c71a2f5ad90326be0,MATM91_90fe289180e4ee5885,双芳-2双基发射药,ENTM92_4f2cbd30c2db267cbb,中定剂,ComponentGroup,specific,中定剂 (二乙基二苯脲/中央定剂) 5%-9%,5,9,,,,二乙基二苯脲/中央定剂,false,deterministic_v9_1+v9.2_name_cleanup,99,EVM91_b1703f14ec45741e26,accepted
RELM92_dd2dbd0ff836fdb18f,MATM91_90fe289180e4ee5885,双芳-2双基发射药,ENTM92_f6d7b5e7357dd99c51,凡士林/石墨,ComponentGroup,specific,凡士林/石墨 1%-2%,1,2,,,,,false,deterministic_v9_1+v9.2_name_cleanup,99,EVM91_b1703f14ec45741e26,accepted
RELM92_ba93542f14f612e717,MATM91_aeb8c86ac688bc0d11,双中硝-11-球30×80A,ENTM92_826409bf5dd8e7c670,硝化棉,ChemicalComponent,specific,硝化棉 (NC) 70%-80%,70,80,,,,NC,false,deterministic_v9_1+v9.2_name_cleanup,100,EVM91_f066969e660782dd87,accepted
RELM92_2350ce007c96dbd9c5,MATM91_aeb8c86ac688bc0d11,双中硝-11-球30×80A,ENTM92_f12823a5cff08038a6,硝化甘油,ChemicalComponent,specific,硝化甘油 (NG) 10%-20%,10,20,,,,NG,false,deterministic_v9_1+v9.2_name_cleanup,100,EVM91_f066969e660782dd87,accepted
RELM92_9984dbe1b0cfb85639,MATM91_aeb8c86ac688bc0d11,双中硝-11-球30×80A,ENTM92_4f2cbd30c2db267cbb,中定剂,ComponentGroup,specific,中定剂 2%-5%,2,5,,,,,false,deterministic_v9_1+v9.2_name_cleanup,100,EVM91_f066969e660782dd87,accepted
RELM92_bc36fec784bc6a918e,MATM91_aeb8c86ac688bc0d11,双中硝-11-球30×80A,ENTM92_7c18baaedf61761fd5,钝感剂/安定剂/石墨,ComponentGroup,generic_group,钝感剂/安定剂/石墨 少量,,,,,少量,,false,deterministic_v9_1+v9.2_name_cleanup,100,EVM91_f066969e660782dd87,accepted
RELM92_e6273d4197f9e4852b,MATM91_41d18c0dd1a319b223,双中硝-11-球35×80A,ENTM92_826409bf5dd8e7c670,硝化棉,ChemicalComponent,specific,NC 75-80%,75,80,,,,,false,deterministic_v9_1+v9.2_name_cleanup,101,EVM91_8a9a12e431cc1e7ddb,accepted
RELM92_ed073c3bcdbb44ec7e,MATM91_41d18c0dd1a319b223,双中硝-11-球35×80A,ENTM92_f12823a5cff08038a6,硝化甘油,ChemicalComponent,specific,NG 12-18%,12,18,,,,,false,deterministic_v9_1+v9.2_name_cleanup,101,EVM91_8a9a12e431cc1e7ddb,accepted
RELM92_55a7c62e2de3861333,MATM91_41d18c0dd1a319b223,双中硝-11-球35×80A,ENTM92_4f2cbd30c2db267cbb,中定剂,ComponentGroup,specific,中定剂 3-5%,3,5,,,,,false,deterministic_v9_1+v9.2_name_cleanup,101,EVM91_8a9a12e431cc1e7ddb,accepted
RELM92_99b160c64a37cc738d,MATM91_41d18c0dd1a319b223,双中硝-11-球35×80A,ENTM92_dc3f9d09b4871f0a85,石墨,ComponentGroup,specific,石墨,,,,,,,false,deterministic_v9_1+v9.2_name_cleanup,101,EVM91_8a9a12e431cc1e7ddb,accepted
RELM92_44bc33852684340401,MATM91_41d18c0dd1a319b223,双中硝-11-球35×80A,ENTM92_da363b16014a334d6e,钝感剂,ComponentGroup,generic_group,钝感剂少量,,,,,少量,,false,deterministic_v9_1+v9.2_name_cleanup,101,EVM91_8a9a12e431cc1e7ddb,accepted
RELM92_e327f9322258fefe5a,MATM91_8d09c8c4f2175ead41,双醋-12A-球23×90A,ENTM92_826409bf5dd8e7c670,硝化棉,ChemicalComponent,specific,NC 70-75%,70,75,,,,,false,deterministic_v9_1+v9.2_name_cleanup,102,EVM91_0d47122b7830dc182e,accepted
RELM92_f349d109f4195654c3,MATM91_8d09c8c4f2175ead41,双醋-12A-球23×90A,ENTM92_f12823a5cff08038a6,硝化甘油,ChemicalComponent,specific,NG 15-20%,15,20,,,,,false,deterministic_v9_1+v9.2_name_cleanup,102,EVM91_0d47122b7830dc182e,accepted
RELM92_b1c3ef0b7cd68b9f4e,MATM91_8d09c8c4f2175ead41,双醋-12A-球23×90A,ENTM92_4f2cbd30c2db267cbb,中定剂,ComponentGroup,specific,中定剂 2-4%,2,4,,,,,false,deterministic_v9_1+v9.2_name_cleanup,102,EVM91_0d47122b7830dc182e,accepted
RELM92_e168b327520150267c,MATM91_8d09c8c4f2175ead41,双醋-12A-球23×90A,ENTM92_e0897a0c7a381b885f,醋酸酯工艺残留,ChemicalComponent,specific,醋酸酯工艺残留微量,,,,,,,false,deterministic_v9_1+v9.2_name_cleanup,102,EVM91_0d47122b7830dc182e,accepted
RELM92_00f525f8f28b226589,MATM91_478cbd0a80fc259e5d,双醋-14B,ENTM92_826409bf5dd8e7c670,硝化棉,ChemicalComponent,specific,硝化棉 (约65%-70%),65,70,,,约,约,false,deterministic_v9_1+v9.2_name_cleanup,103,EVM91_45da232b755d34fd34,accepted
RELM92_b9d8c58b2813604fe6,MATM91_478cbd0a80fc259e5d,双醋-14B,ENTM92_f12823a5cff08038a6,硝化甘油,ChemicalComponent,specific,硝化甘油 (约20%-28%),20,28,,,约,约,false,deterministic_v9_1+v9.2_name_cleanup,103,EVM91_45da232b755d34fd34,accepted
RELM92_187e5709f95a1696d4,MATM91_478cbd0a80fc259e5d,双醋-14B,ENTM92_5389899a41f2034dd3,安定剂/降温剂,ComponentGroup,generic_group,安定剂/降温剂 (如二苯胺/中定剂 约5%),5,5,5,,约,如二苯胺/中定剂 约,false,deterministic_v9_1+v9.2_name_cleanup,103,EVM91_45da232b755d34fd34,accepted
RELM92_33ce4d3a634cfa1e18,MATM91_478cbd0a80fc259e5d,双醋-14B,ENTM92_de90cc828eff3ca863,其他工艺添加剂,ComponentGroup,generic_group,其他工艺添加剂少量,,,,,少量,,false,deterministic_v9_1+v9.2_name_cleanup,103,EVM91_45da232b755d34fd34,accepted
RELM92_8c0829d64eb2221da2,MATM91_55d006a1e29d5633fa,双醋-14-球23A,ENTM92_826409bf5dd8e7c670,硝化棉,ChemicalComponent,specific,硝化棉 (约65%-75%),65,75,,,约,约,false,deterministic_v9_1+v9.2_name_cleanup,104,EVM91_443d2d7958e742689f,accepted
RELM92_4fe4707be03e87b814,MATM91_55d006a1e29d5633fa,双醋-14-球23A,ENTM92_f12823a5cff08038a6,硝化甘油,ChemicalComponent,specific,硝化甘油 (约18%-25%),18,25,,,约,约,false,deterministic_v9_1+v9.2_name_cleanup,104,EVM91_443d2d7958e742689f,accepted
RELM92_17b8ec99c032ea90e3,MATM91_55d006a1e29d5633fa,双醋-14-球23A,ENTM92_0c8fa2a5aaee1dc647,中定剂/二苯胺等安定剂,ComponentGroup,generic_group,中定剂/二苯胺等安定剂 (约3%-6%),3,6,,,约,约,true,deterministic_v9_1+v9.2_name_cleanup,104,EVM91_443d2d7958e742689f,accepted
RELM92_bb9d67814328499aba,MATM91_55d006a1e29d5633fa,双醋-14-球23A,ENTM92_dc3f9d09b4871f0a85,石墨,ComponentGroup,specific,石墨,,,,,,,false,deterministic_v9_1+v9.2_name_cleanup,104,EVM91_443d2d7958e742689f,accepted
RELM92_a067b3b56be91bba72,MATM91_55d006a1e29d5633fa,双醋-14-球23A,ENTM92_380dd9fc7f3a45d1aa,工艺添加剂,ComponentGroup,generic_group,工艺添加剂少量,,,,,少量,,false,deterministic_v9_1+v9.2_name_cleanup,104,EVM91_443d2d7958e742689f,accepted
RELM92_fe5a718f80c1395cb6,MATM91_52c844e4918c5141da,双醋-16B,ENTM92_826409bf5dd8e7c670,硝化棉,ChemicalComponent,specific,硝化棉 (约58%-63%),58,63,,,约,约,false,deterministic_v9_1+v9.2_name_cleanup,105,EVM91_63b7b0b63927e71980,accepted
RELM92_8e7d1f18e7b6d79026,MATM91_52c844e4918c5141da,双醋-16B,ENTM92_f12823a5cff08038a6,硝化甘油,ChemicalComponent,specific,硝化甘油 (约32%-38%),32,38,,,约,约,false,deterministic_v9_1+v9.2_name_cleanup,105,EVM91_63b7b0b63927e71980,accepted
RELM92_d7c0bb1047d847126c,MATM91_52c844e4918c5141da,双醋-16B,ENTM92_7ed7f75b31b4a60690,安定剂/中定剂,ComponentGroup,generic_group,安定剂/中定剂 (约3%-5%),3,5,,,约,约,false,deterministic_v9_1+v9.2_name_cleanup,105,EVM91_63b7b0b63927e71980,accepted
RELM92_4a2178967170e5e452,MATM91_52c844e4918c5141da,双醋-16B,ENTM92_380dd9fc7f3a45d1aa,工艺添加剂,ComponentGroup,generic_group,工艺添加剂少量,,,,,少量,,false,deterministic_v9_1+v9.2_name_cleanup,105,EVM91_63b7b0b63927e71980,accepted
RELM92_957ce5e956aeb91ea4,MATM91_0f9b10d657b6e0f5aa,双醋-16-球40A,ENTM92_826409bf5dd8e7c670,硝化棉,ChemicalComponent,specific,硝化棉 (约55%-65%),55,65,,,约,约,false,deterministic_v9_1+v9.2_name_cleanup,106,EVM91_b682cd36bc751a4836,accepted
RELM92_1c683866ed7bb22241,MATM91_0f9b10d657b6e0f5aa,双醋-16-球40A,ENTM92_f12823a5cff08038a6,硝化甘油,ChemicalComponent,specific,硝化甘油 (约30%-38%),30,38,,,约,约,false,deterministic_v9_1+v9.2_name_cleanup,106,EVM91_b682cd36bc751a4836,accepted
RELM92_c779a974a00865fbc5,MATM91_0f9b10d657b6e0f5aa,双醋-16-球40A,ENTM92_a249d38c8f14869ebd,中定剂/安定剂,ComponentGroup,generic_group,中定剂/安定剂 (约3%-6%),3,6,,,约,约,false,deterministic_v9_1+v9.2_name_cleanup,106,EVM91_b682cd36bc751a4836,accepted
RELM92_4b5960e1a99a9ddfef,MATM91_0f9b10d657b6e0f5aa,双醋-16-球40A,ENTM92_dc3f9d09b4871f0a85,石墨,ComponentGroup,specific,石墨,,,,,,,false,deterministic_v9_1+v9.2_name_cleanup,106,EVM91_b682cd36bc751a4836,accepted
RELM92_557d9c10b0c7d7ae9d,MATM91_0f9b10d657b6e0f5aa,双醋-16-球40A,ENTM92_da363b16014a334d6e,钝感剂,ComponentGroup,generic_group,钝感剂少量,,,,,少量,,false,deterministic_v9_1+v9.2_name_cleanup,106,EVM91_b682cd36bc751a4836,accepted
RELM92_66c678f37a0a1d65bb,MATM91_06de250e282228f6c3,三胍-11B,ENTM92_826409bf5dd8e7c670,硝化棉,ChemicalComponent,specific,硝化棉 (NC) 约20%-35%,20,35,,,约,,false,deterministic_v9_1+v9.2_name_cleanup,107,EVM91_783a9906415daf8227,accepted
RELM92_2bd120f5298c798b83,MATM91_06de250e282228f6c3,三胍-11B,ENTM92_f12823a5cff08038a6,硝化甘油,ChemicalComponent,specific,硝化甘油 (NG) 15%-25%,15,25,,,,NG,false,deterministic_v9_1+v9.2_name_cleanup,107,EVM91_783a9906415daf8227,accepted
RELM92_add42b1e752375b271,MATM91_06de250e282228f6c3,三胍-11B,ENTM92_e59b635b59ced7d4bb,硝基胍,ChemicalComponent,specific,硝基胍 (NQ) 45%-55%,45,55,,,,NQ,false,deterministic_v9_1+v9.2_name_cleanup,107,EVM91_783a9906415daf8227,accepted
RELM92_ae6c46a81f2ae84c58,MATM91_06de250e282228f6c3,三胍-11B,ENTM92_7ed7f75b31b4a60690,安定剂/中定剂,ComponentGroup,generic_group,安定剂/中定剂 约2%-5%,2,5,,,约,,false,deterministic_v9_1+v9.2_name_cleanup,107,EVM91_783a9906415daf8227,accepted
RELM92_0dfc7cfa52bf2643ec,MATM91_7f73b9762b628e2bd7,三胍-12B,ENTM92_826409bf5dd8e7c670,硝化棉,ChemicalComponent,specific,硝化棉 (NC) 约18%-30%,18,30,,,约,,false,deterministic_v9_1+v9.2_name_cleanup,108,EVM91_9bf34559bda68aaede,accepted
RELM92_adb083400653fa436f,MATM91_7f73b9762b628e2bd7,三胍-12B,ENTM92_f12823a5cff08038a6,硝化甘油,ChemicalComponent,specific,硝化甘油 (NG) 18%-26%,18,26,,,,NG,false,deterministic_v9_1+v9.2_name_cleanup,108,EVM91_9bf34559bda68aaede,accepted
RELM92_147af3315e85cb4fa2,MATM91_7f73b9762b628e2bd7,三胍-12B,ENTM92_e59b635b59ced7d4bb,硝基胍,ChemicalComponent,specific,硝基胍 (NQ) 48%-56%,48,56,,,,NQ,false,deterministic_v9_1+v9.2_name_cleanup,108,EVM91_9bf34559bda68aaede,accepted
RELM92_08e6f95367288b4121,MATM91_7f73b9762b628e2bd7,三胍-12B,ENTM92_7ed7f75b31b4a60690,安定剂/中定剂,ComponentGroup,generic_group,安定剂/中定剂 (如中定剂I/II) 约4%-8%,4,8,,,约,如中定剂I/II,false,deterministic_v9_1+v9.2_name_cleanup,108,EVM91_9bf34559bda68aaede,accepted
RELM92_d89f85a2f542352946,MATM91_18b0cbde154a240dc1,三胍-13B,ENTM92_826409bf5dd8e7c670,硝化棉,ChemicalComponent,specific,硝化棉 (NC) 约15%-25%,15,25,,,约,,false,deterministic_v9_1+v9.2_name_cleanup,109,EVM91_dc66cce5579cfdcbf1,accepted
RELM92_5d2b0a22aa0852a3ef,MATM91_18b0cbde154a240dc1,三胍-13B,ENTM92_f12823a5cff08038a6,硝化甘油,ChemicalComponent,specific,硝化甘油 (NG) 20%-30%,20,30,,,,NG,false,deterministic_v9_1+v9.2_name_cleanup,109,EVM91_dc66cce5579cfdcbf1,accepted
RELM92_7aa4d8e5f93fecacc5,MATM91_18b0cbde154a240dc1,三胍-13B,ENTM92_e59b635b59ced7d4bb,硝基胍,ChemicalComponent,specific,硝基胍 (NQ) 45%-55%,45,55,,,,NQ,false,deterministic_v9_1+v9.2_name_cleanup,109,EVM91_dc66cce5579cfdcbf1,accepted
RELM92_0cb0f4e1cb42aeb061,MATM91_18b0cbde154a240dc1,三胍-13B,ENTM92_7ed7f75b31b4a60690,安定剂/中定剂,ComponentGroup,generic_group,安定剂/中定剂 (如中定剂I/II) 约4%-8%,4,8,,,约,如中定剂I/II,false,deterministic_v9_1+v9.2_name_cleanup,109,EVM91_dc66cce5579cfdcbf1,accepted
RELM92_ae2cf2f1ca83ad3425,MATM91_bc52dc2f29cdf12729,三胍-15B,ENTM92_826409bf5dd8e7c670,硝化棉,ChemicalComponent,specific,硝化棉 (NC) 约12%-22%,12,22,,,约,,false,deterministic_v9_1+v9.2_name_cleanup,110,EVM91_34875c37678c33589a,accepted
RELM92_78e553e52f07469338,MATM91_bc52dc2f29cdf12729,三胍-15B,ENTM92_f12823a5cff08038a6,硝化甘油,ChemicalComponent,specific,硝化甘油 (NG) 25%-32%,25,32,,,,NG,false,deterministic_v9_1+v9.2_name_cleanup,110,EVM91_34875c37678c33589a,accepted
RELM92_822254d5711d26acba,MATM91_bc52dc2f29cdf12729,三胍-15B,ENTM92_e59b635b59ced7d4bb,硝基胍,ChemicalComponent,specific,硝基胍 (NQ) 42%-52%,42,52,,,,NQ,false,deterministic_v9_1+v9.2_name_cleanup,110,EVM91_34875c37678c33589a,accepted
RELM92_5727e24e56ca78a903,MATM91_bc52dc2f29cdf12729,三胍-15B,ENTM92_7ed7f75b31b4a60690,安定剂/中定剂,ComponentGroup,generic_group,安定剂/中定剂 约4%-7%,4,7,,,约,,false,deterministic_v9_1+v9.2_name_cleanup,110,EVM91_34875c37678c33589a,accepted
RELM92_b72bd3a3293433891e,MATM91_1b01c990025d7dd268,三胍-16B,ENTM92_826409bf5dd8e7c670,硝化棉,ChemicalComponent,specific,硝化棉 (NC) 约10%-18%,10,18,,,约,,false,deterministic_v9_1+v9.2_name_cleanup,111,EVM91_28dd7938efed5ccfc9,accepted
RELM92_6af9648157860794eb,MATM91_1b01c990025d7dd268,三胍-16B,ENTM92_f12823a5cff08038a6,硝化甘油,ChemicalComponent,specific,硝化甘油 (NG) 30%-38%,30,38,,,,NG,false,deterministic_v9_1+v9.2_name_cleanup,111,EVM91_28dd7938efed5ccfc9,accepted
RELM92_4a7f0a18efd17d0444,MATM91_1b01c990025d7dd268,三胍-16B,ENTM92_e59b635b59ced7d4bb,硝基胍,ChemicalComponent,specific,硝基胍 (NQ) 40%-50%,40,50,,,,NQ,false,deterministic_v9_1+v9.2_name_cleanup,111,EVM91_28dd7938efed5ccfc9,accepted
RELM92_62a172da91101b1082,MATM91_1b01c990025d7dd268,三胍-16B,ENTM92_7ed7f75b31b4a60690,安定剂/中定剂,ComponentGroup,generic_group,安定剂/中定剂 约4%-7%,4,7,,,约,,false,deterministic_v9_1+v9.2_name_cleanup,111,EVM91_28dd7938efed5ccfc9,accepted
RELM92_9c46b6c30fe74e887c,MATM91_5047ed7a11bf11ee1e,三胍-16A,ENTM92_826409bf5dd8e7c670,硝化棉,ChemicalComponent,specific,硝化棉 (NC) 约15-20%,15,20,,,约,,false,deterministic_v9_1+v9.2_name_cleanup,112,EVM91_6f89b5b6629063e244,accepted
RELM92_235e30745dcec4ebaf,MATM91_5047ed7a11bf11ee1e,三胍-16A,ENTM92_f12823a5cff08038a6,硝化甘油,ChemicalComponent,specific,硝化甘油 (NG) 约30-35%,30,35,,,约,,false,deterministic_v9_1+v9.2_name_cleanup,112,EVM91_6f89b5b6629063e244,accepted
RELM92_fd177e7467d2740bc1,MATM91_5047ed7a11bf11ee1e,三胍-16A,ENTM92_e59b635b59ced7d4bb,硝基胍,ChemicalComponent,specific,硝基胍 (NQ) 约45-50%,45,50,,,约,,false,deterministic_v9_1+v9.2_name_cleanup,112,EVM91_6f89b5b6629063e244,accepted
RELM92_ed5c376f5ed9cd17e2,MATM91_5047ed7a11bf11ee1e,三胍-16A,ENTM92_048533e3cc28162193,安定剂,ComponentGroup,generic_group,安定剂 约3-5%,3,5,,,约,,false,deterministic_v9_1+v9.2_name_cleanup,112,EVM91_6f89b5b6629063e244,accepted
RELM92_101c3aa725d792ef24,MATM91_230c045103b3eaa85c,棒状开槽发射药A,ENTM92_826409bf5dd8e7c670,硝化棉,ChemicalComponent,specific,硝化棉 (NC) 97%~98%,97,98,,,,NC,false,deterministic_v9_1+v9.2_name_cleanup,113,EVM91_a20e2894b4feec3d97,accepted
RELM92_cb7ddd0e48781de9b7,MATM91_230c045103b3eaa85c,棒状开槽发射药A,ENTM92_048533e3cc28162193,安定剂,ComponentGroup,generic_group,安定剂 (如二苯胺或中定剂) 1.5%~2.5%,1.5,2.5,,,,如二苯胺或中定剂,false,deterministic_v9_1+v9.2_name_cleanup,113,EVM91_a20e2894b4feec3d97,accepted
RELM92_1a1975ecf70bde8eba,MATM91_230c045103b3eaa85c,棒状开槽发射药A,ENTM92_380dd9fc7f3a45d1aa,工艺添加剂,ComponentGroup,generic_group,少量工艺添加剂,,,,,少量,,false,deterministic_v9_1+v9.2_name_cleanup,113,EVM91_a20e2894b4feec3d97,accepted
RELM92_d54e0c4a7eaaebd91e,MATM91_781666beaf3cc0074a,"酯太-11A,",ENTM92_826409bf5dd8e7c670,硝化棉,ChemicalComponent,specific,硝化棉 (NC) 约45%-55%,45,55,,,约,,false,deterministic_v9_1+v9.2_name_cleanup,115,EVM91_b69952266fb183ba72,accepted
RELM92_154703fe2d6d5ba403,MATM91_781666beaf3cc0074a,"酯太-11A,",ENTM92_f12823a5cff08038a6,硝化甘油,ChemicalComponent,specific,硝化甘油 (NG) 约25%-35%,25,35,,,约,,false,deterministic_v9_1+v9.2_name_cleanup,115,EVM91_b69952266fb183ba72,accepted
RELM92_57d6ec9457bc15e246,MATM91_781666beaf3cc0074a,"酯太-11A,",ENTM92_3632e95c4cfd296f21,太安,ChemicalComponent,specific,太安 (PETN) 约10%-20%,10,20,,,约,,false,deterministic_v9_1+v9.2_name_cleanup,115,EVM91_b69952266fb183ba72,accepted
RELM92_0a63cf19e24ebef5c3,MATM91_781666beaf3cc0074a,"酯太-11A,",ENTM92_7ed7f75b31b4a60690,安定剂/中定剂,ComponentGroup,generic_group,安定剂/中定剂 约3%-5%,3,5,,,约,,false,deterministic_v9_1+v9.2_name_cleanup,115,EVM91_b69952266fb183ba72,accepted
RELM92_a4017aaa6d9d9bf888,MATM91_94756b8d6a2e13e284,酯太-12A,ENTM92_826409bf5dd8e7c670,硝化棉,ChemicalComponent,specific,硝化棉 (NC) 约40%-50%,40,50,,,约,,false,deterministic_v9_1+v9.2_name_cleanup,116,EVM91_1284cd12814fd1a81f,accepted
RELM92_197b5d2b419047a372,MATM91_94756b8d6a2e13e284,酯太-12A,ENTM92_f12823a5cff08038a6,硝化甘油,ChemicalComponent,specific,硝化甘油 (NG) 约30%-40%,30,40,,,约,,false,deterministic_v9_1+v9.2_name_cleanup,116,EVM91_1284cd12814fd1a81f,accepted
RELM92_f390991c8b7153a9cf,MATM91_94756b8d6a2e13e284,酯太-12A,ENTM92_3632e95c4cfd296f21,太安,ChemicalComponent,specific,太安 (PETN) 约15%-25%,15,25,,,约,,false,deterministic_v9_1+v9.2_name_cleanup,116,EVM91_1284cd12814fd1a81f,accepted
RELM92_9cf730278a7f58613c,MATM91_94756b8d6a2e13e284,酯太-12A,ENTM92_7ed7f75b31b4a60690,安定剂/中定剂,ComponentGroup,generic_group,安定剂/中定剂 约3%-6%,3,6,,,约,,false,deterministic_v9_1+v9.2_name_cleanup,116,EVM91_1284cd12814fd1a81f,accepted
RELM92_c33b806e3902a80478,MATM91_1815c42ca36f13a270,高能低烧蚀叠氮硝胺发射药,ENTM92_826409bf5dd8e7c670,硝化棉,ChemicalComponent,specific,硝化棉 (NC) 约15-25%,15,25,,,约,,false,deterministic_v9_1+v9.2_name_cleanup,118,EVM91_98b80f511745bb9526,accepted
RELM92_3266b78ef2e2d9a370,MATM91_1815c42ca36f13a270,高能低烧蚀叠氮硝胺发射药,ENTM92_e6ac890963d115c5b4,硝胺,ChemicalComponent,specific,硝胺 (RDX/HMX) 30-50%,30,50,,,,RDX/HMX,false,deterministic_v9_1+v9.2_name_cleanup,118,EVM91_98b80f511745bb9526,accepted
RELM92_32ac0c5b51990e5236,MATM91_1815c42ca36f13a270,高能低烧蚀叠氮硝胺发射药,ENTM92_374bef1eeaad3b8836,叠氮增塑剂,ComponentGroup,generic_group,叠氮增塑剂 (GAP/BAMO等) 20-30%,20,30,,,,GAP/BAMO等,true,deterministic_v9_1+v9.2_name_cleanup,118,EVM91_98b80f511745bb9526,accepted
RELM92_1232853332bdb32c80,MATM91_1815c42ca36f13a270,高能低烧蚀叠氮硝胺发射药,ENTM92_048533e3cc28162193,安定剂,ComponentGroup,generic_group,安定剂 2-4%,2,4,,,,,false,deterministic_v9_1+v9.2_name_cleanup,118,EVM91_98b80f511745bb9526,accepted
RELM92_f15ecad4c97f23099a,MATM91_afa7e9b2bd8f1dee34,高能硝胺发射药,ENTM92_826409bf5dd8e7c670,硝化棉,ChemicalComponent,specific,硝化棉 (NC) 约25-40%,25,40,,,约,,false,deterministic_v9_1+v9.2_name_cleanup,119,EVM91_be0a1d28be2994282c,accepted
RELM92_973c59d1476fc018a6,MATM91_afa7e9b2bd8f1dee34,高能硝胺发射药,ENTM92_f12823a5cff08038a6,硝化甘油,ChemicalComponent,specific,硝化甘油 (NG) 15-25%,15,25,,,,NG,false,deterministic_v9_1+v9.2_name_cleanup,119,EVM91_be0a1d28be2994282c,accepted
RELM92_ef8ebe6c70d4c88de3,MATM91_afa7e9b2bd8f1dee34,高能硝胺发射药,ENTM92_4b2c3f8af6a78bfa82,黑索今,ChemicalComponent,specific,黑索今 (RDX) 30-50%,30,50,,,,RDX,false,deterministic_v9_1+v9.2_name_cleanup,119,EVM91_be0a1d28be2994282c,accepted
RELM92_2862a68d7d3e2ffe77,MATM91_afa7e9b2bd8f1dee34,高能硝胺发射药,ENTM92_7ed7f75b31b4a60690,安定剂/中定剂,ComponentGroup,generic_group,安定剂/中定剂 3-5%,3,5,,,,,false,deterministic_v9_1+v9.2_name_cleanup,119,EVM91_be0a1d28be2994282c,accepted
RELM92_cd7b48cd5debc7741b,MATM91_ad8d6cc21d473be491,GR5发射药,ENTM92_826409bf5dd8e7c670,硝化棉,ChemicalComponent,specific,硝化棉 (NC) 约25%-35%,25,35,,,约,,false,deterministic_v9_1+v9.2_name_cleanup,120,EVM91_d69fa59612d91f6251,accepted
RELM92_0b8fa22ba95c48df76,MATM91_ad8d6cc21d473be491,GR5发射药,ENTM92_f12823a5cff08038a6,硝化甘油,ChemicalComponent,specific,硝化甘油 (NG) 约20%-30%,20,30,,,约,,false,deterministic_v9_1+v9.2_name_cleanup,120,EVM91_d69fa59612d91f6251,accepted
RELM92_ffcaad9a4b0ea8ee89,MATM91_ad8d6cc21d473be491,GR5发射药,ENTM92_e59b635b59ced7d4bb,硝基胍,ChemicalComponent,specific,硝基胍 (NQ) 约40%-50%,40,50,,,约,,false,deterministic_v9_1+v9.2_name_cleanup,120,EVM91_d69fa59612d91f6251,accepted
RELM92_c93135c47a309c9e50,MATM91_ad8d6cc21d473be491,GR5发射药,ENTM92_048533e3cc28162193,安定剂,ComponentGroup,generic_group,安定剂 (如中定剂) 3%-6%,3,6,,,,如中定剂,false,deterministic_v9_1+v9.2_name_cleanup,120,EVM91_d69fa59612d91f6251,accepted
RELM92_b8c24b68652c093c83,MATM91_ea7ff04e912b83c0d0,三黑-12发射药,ENTM92_826409bf5dd8e7c670,硝化棉,ChemicalComponent,specific,硝化棉 (NC) 约20%-30%,20,30,,,约,,false,deterministic_v9_1+v9.2_name_cleanup,121,EVM91_622ef4cc2909b1c8f2,accepted
RELM92_b9db5a3a6653327be8,MATM91_ea7ff04e912b83c0d0,三黑-12发射药,ENTM92_f12823a5cff08038a6,硝化甘油,ChemicalComponent,specific,硝化甘油 (NG) 约20%-30%,20,30,,,约,,false,deterministic_v9_1+v9.2_name_cleanup,121,EVM91_622ef4cc2909b1c8f2,accepted
RELM92_2162df9e9d0f96c509,MATM91_ea7ff04e912b83c0d0,三黑-12发射药,ENTM92_4b2c3f8af6a78bfa82,黑索今,ChemicalComponent,specific,黑索今 (RDX) 约40%-50%,40,50,,,约,,false,deterministic_v9_1+v9.2_name_cleanup,121,EVM91_622ef4cc2909b1c8f2,accepted
RELM92_1a47963ee1c5b75da6,MATM91_ea7ff04e912b83c0d0,三黑-12发射药,ENTM92_048533e3cc28162193,安定剂,ComponentGroup,generic_group,安定剂 约3%-5%,3,5,,,约,,false,deterministic_v9_1+v9.2_name_cleanup,121,EVM91_622ef4cc2909b1c8f2,accepted
RELM92_9691fe90854a799bef,MATM91_35968cfde09d179837,双铅-2（BSQ-2）,ENTM92_826409bf5dd8e7c670,硝化棉,ChemicalComponent,specific,硝化棉(NC),,,,,,NC,false,deterministic_v9_1+v9.2_name_cleanup,124,EVM91_f785794d1434e127e0,accepted
RELM92_d011747373bb7cf93b,MATM91_35968cfde09d179837,双铅-2（BSQ-2）,ENTM92_f12823a5cff08038a6,硝化甘油,ChemicalComponent,specific,硝化甘油(NG)双基胶体,,,,,,NG)双基胶体,false,deterministic_v9_1+v9.2_name_cleanup,124,EVM91_f785794d1434e127e0,accepted
RELM92_ca6b92a6b98e751bfa,MATM91_35968cfde09d179837,双铅-2（BSQ-2）,ENTM92_d1ce87ad28fd78ab28,铅盐催化剂,ComponentGroup,generic_group,铅盐催化剂(配比针对特定平台微调),,,,,,配比针对特定平台微调,false,deterministic_v9_1+v9.2_name_cleanup,124,EVM91_f785794d1434e127e0,accepted
RELM92_61b2b3e01b3670e6e1,MATM91_35968cfde09d179837,双铅-2（BSQ-2）,ENTM92_9b055c4b34f13c7871,炭黑,ChemicalComponent,specific,少量炭黑,,,,,少量,,false,deterministic_v9_1+v9.2_name_cleanup,124,EVM91_f785794d1434e127e0,accepted
RELM92_2eff62c6b06b1ae9fa,MATM91_35968cfde09d179837,双铅-2（BSQ-2）,ENTM92_048533e3cc28162193,安定剂,ComponentGroup,generic_group,安定剂。,,,,,,,false,deterministic_v9_1+v9.2_name_cleanup,124,EVM91_f785794d1434e127e0,accepted
RELM92_85fa5379b164b03ddd,MATM91_7c4841aa0dfe5bd0e6,双铅一1（BSQ-1）,ENTM92_826409bf5dd8e7c670,硝化棉,ChemicalComponent,specific,硝化棉(NC),,,,,,NC,false,deterministic_v9_1+v9.2_name_cleanup,125,EVM91_70cee7e563579e7bee,accepted
RELM92_66ca8cc34578cb7c03,MATM91_7c4841aa0dfe5bd0e6,双铅一1（BSQ-1）,ENTM92_f12823a5cff08038a6,硝化甘油,ChemicalComponent,specific,硝化甘油(NG)双基胶体,,,,,,NG)双基胶体,false,deterministic_v9_1+v9.2_name_cleanup,125,EVM91_70cee7e563579e7bee,accepted
RELM92_a921c7513ca935d646,MATM91_7c4841aa0dfe5bd0e6,双铅一1（BSQ-1）,ENTM92_d1ce87ad28fd78ab28,铅盐催化剂,ComponentGroup,generic_group,铅盐催化剂(如水杨酸铅),,,,,,如水杨酸铅,false,deterministic_v9_1+v9.2_name_cleanup,125,EVM91_70cee7e563579e7bee,accepted
RELM92_f03170cc1b1d3c37e1,MATM91_7c4841aa0dfe5bd0e6,双铅一1（BSQ-1）,ENTM92_9b055c4b34f13c7871,炭黑,ChemicalComponent,specific,少量炭黑,,,,,少量,,false,deterministic_v9_1+v9.2_name_cleanup,125,EVM91_70cee7e563579e7bee,accepted
RELM92_44220ef1f1dd662d25,MATM91_7c4841aa0dfe5bd0e6,双铅一1（BSQ-1）,ENTM92_048533e3cc28162193,安定剂,ComponentGroup,generic_group,安定剂。,,,,,,,false,deterministic_v9_1+v9.2_name_cleanup,125,EVM91_70cee7e563579e7bee,accepted
RELM92_efa7b1d89bcbabdd20,MATM91_a17d760233dd0899b3,双钴一1（BSG-1）,ENTM92_826409bf5dd8e7c670,硝化棉,ChemicalComponent,specific,硝化棉(NC),,,,,,NC,false,deterministic_v9_1+v9.2_name_cleanup,126,EVM91_634a8fcb4348d451f8,accepted
RELM92_cf61f9d5964e22cecb,MATM91_a17d760233dd0899b3,双钴一1（BSG-1）,ENTM92_f12823a5cff08038a6,硝化甘油,ChemicalComponent,specific,硝化甘油(NG)双基胶体,,,,,,NG)双基胶体,false,deterministic_v9_1+v9.2_name_cleanup,126,EVM91_634a8fcb4348d451f8,accepted
RELM92_5e5dd163fede569883,MATM91_a17d760233dd0899b3,双钴一1（BSG-1）,ENTM92_c1beff069236602707,特种钴盐催化剂,ComponentGroup,generic_group,特种钴盐催化剂(如水杨酸钴),,,,,,如水杨酸钴,false,deterministic_v9_1+v9.2_name_cleanup,126,EVM91_634a8fcb4348d451f8,accepted
RELM92_f6cdf1a20a16adfb14,MATM91_a17d760233dd0899b3,双钴一1（BSG-1）,ENTM92_72bf54979c94794f1c,炭黑/添加剂,ComponentGroup,generic_group,少量炭黑/添加剂,,,,,少量,,false,deterministic_v9_1+v9.2_name_cleanup,126,EVM91_634a8fcb4348d451f8,accepted
RELM92_113b737b030f8214ff,MATM91_a17d760233dd0899b3,双钴一1（BSG-1）,ENTM92_048533e3cc28162193,安定剂,ComponentGroup,generic_group,安定剂。,,,,,,,false,deterministic_v9_1+v9.2_name_cleanup,126,EVM91_634a8fcb4348d451f8,accepted
RELM92_8630d8b0939bf0d8d0,MATM91_d54cd60d38c6e17538,双钴一1A（SG-1A）,ENTM92_826409bf5dd8e7c670,硝化棉,ChemicalComponent,specific,硝化棉(NC),,,,,,NC,false,deterministic_v9_1+v9.2_name_cleanup,127,EVM91_37a833665c43d6165d,accepted
RELM92_a013a1e67b689ef812,MATM91_d54cd60d38c6e17538,双钴一1A（SG-1A）,ENTM92_f12823a5cff08038a6,硝化甘油,ChemicalComponent,specific,硝化甘油(NG)双基胶体,,,,,,NG)双基胶体,false,deterministic_v9_1+v9.2_name_cleanup,127,EVM91_37a833665c43d6165d,accepted
RELM92_4e44844aaa58d15b5b,MATM91_d54cd60d38c6e17538,双钴一1A（SG-1A）,ENTM92_c1beff069236602707,特种钴盐催化剂,ComponentGroup,generic_group,特种钴盐催化剂,,,,,,,false,deterministic_v9_1+v9.2_name_cleanup,127,EVM91_37a833665c43d6165d,accepted
RELM92_181be554daadc8f936,MATM91_d54cd60d38c6e17538,双钴一1A（SG-1A）,ENTM92_88e681d000d23f8f06,炭黑/改性添加剂,ComponentGroup,generic_group,炭黑/改性添加剂,,,,,,,false,deterministic_v9_1+v9.2_name_cleanup,127,EVM91_37a833665c43d6165d,accepted
RELM92_4b2836a2fea82f64f8,MATM91_d54cd60d38c6e17538,双钴一1A（SG-1A）,ENTM92_048533e3cc28162193,安定剂,ComponentGroup,generic_group,安定剂。,,,,,,,false,deterministic_v9_1+v9.2_name_cleanup,127,EVM91_37a833665c43d6165d,accepted
RELM92_ed790bac95dfdf61c2,MATM91_8595ccf3f752647299,双钴一2（BSC-2）,ENTM92_826409bf5dd8e7c670,硝化棉,ChemicalComponent,specific,硝化棉(NC),,,,,,NC,false,deterministic_v9_1+v9.2_name_cleanup,128,EVM91_a50f340dec8d8e9433,accepted
RELM92_af9c334778d6556c9e,MATM91_8595ccf3f752647299,双钴一2（BSC-2）,ENTM92_f12823a5cff08038a6,硝化甘油,ChemicalComponent,specific,硝化甘油(NG)双基胶体,,,,,,NG)双基胶体,false,deterministic_v9_1+v9.2_name_cleanup,128,EVM91_a50f340dec8d8e9433,accepted
RELM92_0a3813755c33a1a6b9,MATM91_8595ccf3f752647299,双钴一2（BSC-2）,ENTM92_c1beff069236602707,特种钴盐催化剂,ComponentGroup,generic_group,特种钴盐催化剂(如水杨酸钴),,,,,,如水杨酸钴,false,deterministic_v9_1+v9.2_name_cleanup,128,EVM91_a50f340dec8d8e9433,accepted
RELM92_12ef314478d9b34ff2,MATM91_8595ccf3f752647299,双钴一2（BSC-2）,ENTM92_9b055c4b34f13c7871,炭黑,ChemicalComponent,specific,炭黑,,,,,,,false,deterministic_v9_1+v9.2_name_cleanup,128,EVM91_a50f340dec8d8e9433,accepted
RELM92_839a2417d764b40e98,MATM91_8595ccf3f752647299,双钴一2（BSC-2）,ENTM92_048533e3cc28162193,安定剂,ComponentGroup,generic_group,安定剂。,,,,,,,false,deterministic_v9_1+v9.2_name_cleanup,128,EVM91_a50f340dec8d8e9433,accepted
RELM92_045584e7ae6cdcaf49,MATM91_2525114c43b8ca4eb5,双芳镁一l（SFM-1）,ENTM92_826409bf5dd8e7c670,硝化棉,ChemicalComponent,specific,硝化棉(NC),,,,,,NC,false,deterministic_v9_1+v9.2_name_cleanup,129,EVM91_0276c1fa62485adba6,accepted
RELM92_0e28ed7d383b3e8f6e,MATM91_2525114c43b8ca4eb5,双芳镁一l（SFM-1）,ENTM92_f12823a5cff08038a6,硝化甘油,ChemicalComponent,specific,硝化甘油(NG),,,,,,NG,false,deterministic_v9_1+v9.2_name_cleanup,129,EVM91_0276c1fa62485adba6,accepted
RELM92_5d2da7105bf7aac161,MATM91_2525114c43b8ca4eb5,双芳镁一l（SFM-1）,ENTM92_722cd216cc397aab51,芳香族增塑剂,ComponentGroup,generic_group,芳香族增塑剂,,,,,,,false,deterministic_v9_1+v9.2_name_cleanup,129,EVM91_0276c1fa62485adba6,accepted
RELM92_9604ee31fa6b80985b,MATM91_2525114c43b8ca4eb5,双芳镁一l（SFM-1）,ENTM92_363f28b705334dece9,高含量金属镁粉,ChemicalComponent,specific,高含量金属镁粉(Mg),,,,,,Mg,false,deterministic_v9_1+v9.2_name_cleanup,129,EVM91_0276c1fa62485adba6,accepted
RELM92_9a2f51a7b577fd2c66,MATM91_2525114c43b8ca4eb5,双芳镁一l（SFM-1）,ENTM92_048533e3cc28162193,安定剂,ComponentGroup,generic_group,安定剂。,,,,,,,false,deterministic_v9_1+v9.2_name_cleanup,129,EVM91_0276c1fa62485adba6,accepted
RELM92_34fd7fe1d93bc676b4,MATM91_0deffc3bce206d69c1,双芳镁一2,ENTM92_826409bf5dd8e7c670,硝化棉,ChemicalComponent,specific,硝化棉(NC),,,,,,NC,false,deterministic_v9_1+v9.2_name_cleanup,130,EVM91_405ddd65623bb578f0,accepted
RELM92_d7b34336f6f6aaad0c,MATM91_0deffc3bce206d69c1,双芳镁一2,ENTM92_f12823a5cff08038a6,硝化甘油,ChemicalComponent,specific,硝化甘油(NG),,,,,,NG,false,deterministic_v9_1+v9.2_name_cleanup,130,EVM91_405ddd65623bb578f0,accepted
RELM92_52db98f627938dcaa3,MATM91_0deffc3bce206d69c1,双芳镁一2,ENTM92_d70429c2aed3ffd735,芳香族化合物,ChemicalComponent,specific,芳香族化合物,,,,,,,false,deterministic_v9_1+v9.2_name_cleanup,130,EVM91_405ddd65623bb578f0,accepted
RELM92_e69091a69c54466692,MATM91_0deffc3bce206d69c1,双芳镁一2,ENTM92_c5258c23891cf81bcc,金属镁粉,ChemicalComponent,specific,金属镁粉(Mg),,,,,,Mg,false,deterministic_v9_1+v9.2_name_cleanup,130,EVM91_405ddd65623bb578f0,accepted
RELM92_43f58fe12e4fdcf792,MATM91_0deffc3bce206d69c1,双芳镁一2,ENTM92_048533e3cc28162193,安定剂,ComponentGroup,generic_group,安定剂。配比针对特定型号微调。,,,,,,,false,deterministic_v9_1+v9.2_name_cleanup,130,EVM91_405ddd65623bb578f0,accepted
RELM92_cc5e6e36020c6bc150,MATM91_1ac9d5c0956fc95e08,双芳镁一3（SFM-3）,ENTM92_826409bf5dd8e7c670,硝化棉,ChemicalComponent,specific,硝化棉(NC),,,,,,NC,false,deterministic_v9_1+v9.2_name_cleanup,131,EVM91_435cf40b11d0ba1ac2,accepted
RELM92_35d066cd46a13c58f2,MATM91_1ac9d5c0956fc95e08,双芳镁一3（SFM-3）,ENTM92_f12823a5cff08038a6,硝化甘油,ChemicalComponent,specific,硝化甘油(NG),,,,,,NG,false,deterministic_v9_1+v9.2_name_cleanup,131,EVM91_435cf40b11d0ba1ac2,accepted
RELM92_b3d22fedf895fabfea,MATM91_1ac9d5c0956fc95e08,双芳镁一3（SFM-3）,ENTM92_797832312f1beab1ff,芳香族增塑剂/调节剂,ComponentGroup,generic_group,芳香族增塑剂/调节剂,,,,,,,false,deterministic_v9_1+v9.2_name_cleanup,131,EVM91_435cf40b11d0ba1ac2,accepted
RELM92_3165212ea96df68d3b,MATM91_1ac9d5c0956fc95e08,双芳镁一3（SFM-3）,ENTM92_c5258c23891cf81bcc,金属镁粉,ChemicalComponent,specific,金属镁粉(Mg),,,,,,Mg,false,deterministic_v9_1+v9.2_name_cleanup,131,EVM91_435cf40b11d0ba1ac2,accepted
RELM92_56aa4269d4b11db03c,MATM91_1ac9d5c0956fc95e08,双芳镁一3（SFM-3）,ENTM92_048533e3cc28162193,安定剂,ComponentGroup,generic_group,安定剂。,,,,,,,false,deterministic_v9_1+v9.2_name_cleanup,131,EVM91_435cf40b11d0ba1ac2,accepted
RELM92_4a81b8a703a9925211,MATM91_137078ddca4db2fd90,双乙醛一1A（SYQu-1A）,ENTM92_826409bf5dd8e7c670,硝化棉,ChemicalComponent,specific,硝化棉(NC),,,,,,NC,false,deterministic_v9_1+v9.2_name_cleanup,132,EVM91_39e89e5c20bc6e1bed,accepted
RELM92_7ee706a570411b902c,MATM91_137078ddca4db2fd90,双乙醛一1A（SYQu-1A）,ENTM92_f12823a5cff08038a6,硝化甘油,ChemicalComponent,specific,硝化甘油(NG)双基胶体,,,,,,NG)双基胶体,false,deterministic_v9_1+v9.2_name_cleanup,132,EVM91_39e89e5c20bc6e1bed,accepted
RELM92_c3e8b3bc94d1ae908b,MATM91_137078ddca4db2fd90,双乙醛一1A（SYQu-1A）,ENTM92_804878430f651ff19e,乙基/醛类衍生物,ChemicalComponent,specific,乙基/醛类衍生物(作催化配体或增塑剂),,,,,,作催化配体或增塑剂,false,deterministic_v9_1+v9.2_name_cleanup,132,EVM91_39e89e5c20bc6e1bed,accepted
RELM92_573e38307631fabfc0,MATM91_137078ddca4db2fd90,双乙醛一1A（SYQu-1A）,ENTM92_048533e3cc28162193,安定剂,ComponentGroup,generic_group,安定剂。,,,,,,,false,deterministic_v9_1+v9.2_name_cleanup,132,EVM91_39e89e5c20bc6e1bed,accepted
RELM92_af9a214fcd28bb4109,MATM91_e9d688ac70b7034cec,"中能平台,（ZNP-20）",ENTM92_826409bf5dd8e7c670,硝化棉,ChemicalComponent,specific,硝化棉(NC),,,,,,NC,false,deterministic_v9_1+v9.2_name_cleanup,133,EVM91_7798247b9c365eabe9,accepted
RELM92_5a8ee53ad67270dec1,MATM91_e9d688ac70b7034cec,"中能平台,（ZNP-20）",ENTM92_f12823a5cff08038a6,硝化甘油,ChemicalComponent,specific,硝化甘油(NG)双基体,,,,,,NG)双基体,false,deterministic_v9_1+v9.2_name_cleanup,133,EVM91_7798247b9c365eabe9,accepted
RELM92_9ed90fb379f672a276,MATM91_e9d688ac70b7034cec,"中能平台,（ZNP-20）",ENTM92_37b9e25d148330cb07,高能硝胺,ChemicalComponent,specific,高能硝胺(如RDX/HMX),,,,,,如RDX/HMX,false,deterministic_v9_1+v9.2_name_cleanup,133,EVM91_7798247b9c365eabe9,accepted
RELM92_55a5214281586e2bd7,MATM91_e9d688ac70b7034cec,"中能平台,（ZNP-20）",ENTM92_048533e3cc28162193,安定剂,ComponentGroup,generic_group,安定剂。,,,,,,,false,deterministic_v9_1+v9.2_name_cleanup,133,EVM91_7798247b9c365eabe9,accepted
RELM92_717ffc9e3708833caf,MATM91_b65cdc0989f8368158,双铅-4（SQ-4）,ENTM92_826409bf5dd8e7c670,硝化棉,ChemicalComponent,specific,硝化棉(NC),,,,,,NC,false,deterministic_v9_1+v9.2_name_cleanup,134,EVM91_751d4993fe6eab5f5f,accepted
RELM92_0a358b20c40db0ee30,MATM91_b65cdc0989f8368158,双铅-4（SQ-4）,ENTM92_f12823a5cff08038a6,硝化甘油,ChemicalComponent,specific,硝化甘油(NG)双基胶体,,,,,,NG)双基胶体,false,deterministic_v9_1+v9.2_name_cleanup,134,EVM91_751d4993fe6eab5f5f,accepted
RELM92_1c6756df80188616f7,MATM91_b65cdc0989f8368158,双铅-4（SQ-4）,ENTM92_6a3ce67fdd1d44a297,铅盐催化体系,ComponentGroup,specific,铅盐催化体系,,,,,,,false,deterministic_v9_1+v9.2_name_cleanup,134,EVM91_751d4993fe6eab5f5f,accepted
RELM92_038acf184e764c3768,MATM91_b65cdc0989f8368158,双铅-4（SQ-4）,ENTM92_e2b01cd4f4a2f09fe4,中定剂等安定剂,ComponentGroup,generic_group,中定剂等安定剂。配方参数针对特定平台压强微调。,,,,,,,true,deterministic_v9_1+v9.2_name_cleanup,134,EVM91_751d4993fe6eab5f5f,accepted
RELM92_b078e50ac451760fd3,MATM91_a1693737aed347a076,双石-2A（SS-2A）,ENTM92_826409bf5dd8e7c670,硝化棉,ChemicalComponent,specific,硝化棉(NC),,,,,,NC,false,deterministic_v9_1+v9.2_name_cleanup,135,EVM91_a9d676ef0dd63483a8,accepted
RELM92_09e18fe955f608d5d5,MATM91_a1693737aed347a076,双石-2A（SS-2A）,ENTM92_f12823a5cff08038a6,硝化甘油,ChemicalComponent,specific,硝化甘油(NG),,,,,,NG,false,deterministic_v9_1+v9.2_name_cleanup,135,EVM91_a9d676ef0dd63483a8,accepted
RELM92_4bf766dca0f3d39dbd,MATM91_a1693737aed347a076,双石-2A（SS-2A）,ENTM92_a5d85303afd9d08cfa,改性钝化剂,ChemicalComponent,specific,改性钝化剂(如石墨/石蜡等),,,,,,如石墨/石蜡等,true,deterministic_v9_1+v9.2_name_cleanup,135,EVM91_a9d676ef0dd63483a8,accepted
RELM92_9e47c462d002c2de20,MATM91_a1693737aed347a076,双石-2A（SS-2A）,ENTM92_4f2cbd30c2db267cbb,中定剂,ComponentGroup,generic_group,中定剂(安定剂)。,,,,,,安定剂,false,deterministic_v9_1+v9.2_name_cleanup,135,EVM91_a9d676ef0dd63483a8,accepted
RELM92_1592c94e39274f9df2,MATM91_e33c78f06f39a2caf9,双钾-1（SJa-1）,ENTM92_826409bf5dd8e7c670,硝化棉,ChemicalComponent,specific,硝化棉(NC),,,,,,NC,false,deterministic_v9_1+v9.2_name_cleanup,136,EVM91_ff97b0160a42606275,accepted
RELM92_71a393709bad32d0e0,MATM91_e33c78f06f39a2caf9,双钾-1（SJa-1）,ENTM92_f12823a5cff08038a6,硝化甘油,ChemicalComponent,specific,硝化甘油(NG),,,,,,NG,false,deterministic_v9_1+v9.2_name_cleanup,136,EVM91_ff97b0160a42606275,accepted
RELM92_c0ab0ae1d18fe5510c,MATM91_e33c78f06f39a2caf9,双钾-1（SJa-1）,ENTM92_983f519057504e4af8,特种钾盐,ChemicalComponent,specific,特种钾盐(消焰/氧化剂),,,,,,消焰/氧化剂,false,deterministic_v9_1+v9.2_name_cleanup,136,EVM91_ff97b0160a42606275,accepted
RELM92_746cc71f38ead7cd5a,MATM91_e33c78f06f39a2caf9,双钾-1（SJa-1）,ENTM92_4f2cbd30c2db267cbb,中定剂,ComponentGroup,generic_group,中定剂(安定剂)。,,,,,,安定剂,false,deterministic_v9_1+v9.2_name_cleanup,136,EVM91_ff97b0160a42606275,accepted
RELM92_7119e10080875ad02d,MATM91_9656cf3b5ee8490154,双铜铅-1（SToQ-3）,ENTM92_826409bf5dd8e7c670,硝化棉,ChemicalComponent,specific,硝化棉(NC),,,,,,NC,false,deterministic_v9_1+v9.2_name_cleanup,137,EVM91_bfd7ce409e7ebffb81,accepted
RELM92_3a6bc56d5c0be1785a,MATM91_9656cf3b5ee8490154,双铜铅-1（SToQ-3）,ENTM92_f12823a5cff08038a6,硝化甘油,ChemicalComponent,specific,硝化甘油(NG),,,,,,NG,false,deterministic_v9_1+v9.2_name_cleanup,137,EVM91_bfd7ce409e7ebffb81,accepted
RELM92_fd8a9b32a44673767d,MATM91_9656cf3b5ee8490154,双铜铅-1（SToQ-3）,ENTM92_5e27c9ee55d1e77154,铅盐,ChemicalComponent,specific,铅盐(如水杨酸铅),,,,,,如水杨酸铅,false,deterministic_v9_1+v9.2_name_cleanup,137,EVM91_bfd7ce409e7ebffb81,accepted
RELM92_782a526073738f86c3,MATM91_9656cf3b5ee8490154,双铜铅-1（SToQ-3）,ENTM92_8accb7955f782982fd,铜盐,ChemicalComponent,specific,铜盐(如水杨酸铜),,,,,,如水杨酸铜,false,deterministic_v9_1+v9.2_name_cleanup,137,EVM91_bfd7ce409e7ebffb81,accepted
RELM92_9fed233810dbd9f426,MATM91_9656cf3b5ee8490154,双铜铅-1（SToQ-3）,ENTM92_9b055c4b34f13c7871,炭黑,ChemicalComponent,specific,炭黑,,,,,,,false,deterministic_v9_1+v9.2_name_cleanup,137,EVM91_bfd7ce409e7ebffb81,accepted
RELM92_b33f4d4d4f8404c4cc,MATM91_9656cf3b5ee8490154,双铜铅-1（SToQ-3）,ENTM92_048533e3cc28162193,安定剂,ComponentGroup,generic_group,安定剂。,,,,,,,false,deterministic_v9_1+v9.2_name_cleanup,137,EVM91_bfd7ce409e7ebffb81,accepted
RELM92_655d03f5a87d0e764d,MATM91_2971e50dbfb22089df,双钙-2（SJGa-2）,ENTM92_826409bf5dd8e7c670,硝化棉,ChemicalComponent,specific,硝化棉(NC),,,,,,NC,false,deterministic_v9_1+v9.2_name_cleanup,138,EVM91_fd4667d0d8ffa8fc6a,accepted
RELM92_cad03a5227bcfe1f3e,MATM91_2971e50dbfb22089df,双钙-2（SJGa-2）,ENTM92_f12823a5cff08038a6,硝化甘油,ChemicalComponent,specific,硝化甘油(NG)双基胶体,,,,,,NG)双基胶体,false,deterministic_v9_1+v9.2_name_cleanup,138,EVM91_fd4667d0d8ffa8fc6a,accepted
RELM92_02867438a589003bd6,MATM91_2971e50dbfb22089df,双钙-2（SJGa-2）,ENTM92_0867c7a5a771cc45e0,钙盐衍生物,ChemicalComponent,specific,"钙盐衍生物(如碳酸钙/硬脂酸钙,作消焰/防烧蚀剂)",,,,,,"如碳酸钙/硬脂酸钙,作消焰/防烧蚀剂",false,deterministic_v9_1+v9.2_name_cleanup,138,EVM91_fd4667d0d8ffa8fc6a,accepted
RELM92_5d1cd27df8c63a63dd,MATM91_2971e50dbfb22089df,双钙-2（SJGa-2）,ENTM92_048533e3cc28162193,安定剂,ComponentGroup,generic_group,安定剂。,,,,,,,false,deterministic_v9_1+v9.2_name_cleanup,138,EVM91_fd4667d0d8ffa8fc6a,accepted
RELM92_4ddfd49a91e1ea125d,MATM91_b1463d7b3ba9ec68ed,双铜-1（STo-1）,ENTM92_826409bf5dd8e7c670,硝化棉,ChemicalComponent,specific,硝化棉(NC),,,,,,NC,false,deterministic_v9_1+v9.2_name_cleanup,139,EVM91_b1fc367d07c064876a,accepted
RELM92_6a50f3b2cceb76f4d2,MATM91_b1463d7b3ba9ec68ed,双铜-1（STo-1）,ENTM92_f12823a5cff08038a6,硝化甘油,ChemicalComponent,specific,硝化甘油(NG)双基胶体,,,,,,NG)双基胶体,false,deterministic_v9_1+v9.2_name_cleanup,139,EVM91_b1fc367d07c064876a,accepted
RELM92_98e270f65b7f2865fa,MATM91_b1463d7b3ba9ec68ed,双铜-1（STo-1）,ENTM92_2c2b9e64371a78efb9,特种铜盐催化体系,ChemicalComponent,specific,特种铜盐催化体系(无铅),,,,,,无铅,false,deterministic_v9_1+v9.2_name_cleanup,139,EVM91_b1fc367d07c064876a,accepted
RELM92_af5f6f8bba61e3e700,MATM91_b1463d7b3ba9ec68ed,双铜-1（STo-1）,ENTM92_e2b01cd4f4a2f09fe4,中定剂等安定剂,ComponentGroup,generic_group,中定剂等安定剂。,,,,,,,true,deterministic_v9_1+v9.2_name_cleanup,139,EVM91_b1fc367d07c064876a,accepted
RELM92_46488a02dda13d4528,MATM91_791cbce705c83e10a7,双蔗铅-1（SZQ-1）,ENTM92_826409bf5dd8e7c670,硝化棉,ChemicalComponent,specific,硝化棉(NC),,,,,,NC,false,deterministic_v9_1+v9.2_name_cleanup,140,EVM91_42515f31db71b4f00a,accepted
RELM92_60abbb69c9f39c2b1d,MATM91_791cbce705c83e10a7,双蔗铅-1（SZQ-1）,ENTM92_f12823a5cff08038a6,硝化甘油,ChemicalComponent,specific,硝化甘油(NG)双基胶体,,,,,,NG)双基胶体,false,deterministic_v9_1+v9.2_name_cleanup,140,EVM91_42515f31db71b4f00a,accepted
RELM92_d1bb2033f4e69f35a1,MATM91_791cbce705c83e10a7,双蔗铅-1（SZQ-1）,ENTM92_f9986546d10ef71fa3,蔗糖衍生物,ChemicalComponent,specific,"蔗糖衍生物(如SOA,作增塑/降温剂)",,,,,,"如SOA,作增塑/降温剂",false,deterministic_v9_1+v9.2_name_cleanup,140,EVM91_42515f31db71b4f00a,accepted
RELM92_c9dbf301f82181fd42,MATM91_791cbce705c83e10a7,双蔗铅-1（SZQ-1）,ENTM92_d1ce87ad28fd78ab28,铅盐催化剂,ComponentGroup,generic_group,铅盐催化剂,,,,,,,false,deterministic_v9_1+v9.2_name_cleanup,140,EVM91_42515f31db71b4f00a,accepted
RELM92_a37997924d59c306b7,MATM91_791cbce705c83e10a7,双蔗铅-1（SZQ-1）,ENTM92_048533e3cc28162193,安定剂,ComponentGroup,generic_group,安定剂。,,,,,,,false,deterministic_v9_1+v9.2_name_cleanup,140,EVM91_42515f31db71b4f00a,accepted
RELM92_84de478532cea0cf56,MATM91_f6f1ab5edb241e0c02,双基平台（SDP-10）,ENTM92_826409bf5dd8e7c670,硝化棉,ChemicalComponent,specific,硝化棉(NC),,,,,,NC,false,deterministic_v9_1+v9.2_name_cleanup,141,EVM91_d9e59fe5668029cb90,accepted
RELM92_0f3951ecf2b9cf2235,MATM91_f6f1ab5edb241e0c02,双基平台（SDP-10）,ENTM92_f12823a5cff08038a6,硝化甘油,ChemicalComponent,specific,硝化甘油(NG)双基胶体,,,,,,NG)双基胶体,false,deterministic_v9_1+v9.2_name_cleanup,141,EVM91_d9e59fe5668029cb90,accepted
RELM92_50009c1b4477237f79,MATM91_f6f1ab5edb241e0c02,双基平台（SDP-10）,ENTM92_4f2cbd30c2db267cbb,中定剂,ComponentGroup,specific,中定剂等。,,,,,,,true,deterministic_v9_1+v9.2_name_cleanup,141,EVM91_d9e59fe5668029cb90,accepted
RELM92_51adce55e4176a16b4,MATM91_572268eae6e0f77072,高燃速（671-3）,ENTM92_a8293ee3b60ab1aea1,高分子粘结剂,ComponentGroup,generic_group,高分子粘结剂(HTPB),,,,,,HTPB,false,deterministic_v9_1+v9.2_name_cleanup,142,EVM91_9640cf018608e24b41,accepted
RELM92_a6d0ec326b4a158186,MATM91_572268eae6e0f77072,高燃速（671-3）,ENTM92_c247177fdce4d59156,超细氧化剂,ComponentGroup,generic_group,超细氧化剂(AP),,,,,,AP,false,deterministic_v9_1+v9.2_name_cleanup,142,EVM91_9640cf018608e24b41,accepted
RELM92_58a1c6943bc6cd0c49,MATM91_572268eae6e0f77072,高燃速（671-3）,ENTM92_1db9c1073a75796f52,金属燃料,ComponentGroup,generic_group,金属燃料(Al),,,,,,Al,false,deterministic_v9_1+v9.2_name_cleanup,142,EVM91_9640cf018608e24b41,accepted
RELM92_36d4a028b576752cfc,MATM91_572268eae6e0f77072,高燃速（671-3）,ENTM92_85280bb460b09367e4,高效燃速催化剂,ComponentGroup,generic_group,高效燃速催化剂(如二茂铁衍生物)。,,,,,,如二茂铁衍生物,false,deterministic_v9_1+v9.2_name_cleanup,142,EVM91_9640cf018608e24b41,accepted
RELM92_592e2fa2224cacfce8,MATM91_f14bbf2f3d292ffed1,762,ENTM92_a8293ee3b60ab1aea1,高分子粘结剂,ComponentGroup,generic_group,典型复合体系:高分子粘结剂(如HTPB),,,,,,如HTPB,false,deterministic_v9_1+v9.2_name_cleanup,143,EVM91_bb5ac9a08fc51d4500,accepted
RELM92_f4ae897dfa952133ca,MATM91_f14bbf2f3d292ffed1,762,ENTM92_065069d547da55df2c,高能氧化剂,ComponentGroup,generic_group,高能氧化剂(如AP),,,,,,如AP,false,deterministic_v9_1+v9.2_name_cleanup,143,EVM91_bb5ac9a08fc51d4500,accepted
RELM92_61e3d2658598d9663d,MATM91_f14bbf2f3d292ffed1,762,ENTM92_1db9c1073a75796f52,金属燃料,ComponentGroup,generic_group,金属燃料(如Al),,,,,,如Al,false,deterministic_v9_1+v9.2_name_cleanup,143,EVM91_bb5ac9a08fc51d4500,accepted
RELM92_b124d16dfabdee3e5b,MATM91_f14bbf2f3d292ffed1,762,ENTM92_66adb0273d2d76b1d8,固化剂/燃速调节剂,ComponentGroup,generic_group,固化剂/燃速调节剂。,,,,,,,false,deterministic_v9_1+v9.2_name_cleanup,143,EVM91_bb5ac9a08fc51d4500,accepted
RELM92_f6211ff92d8e3e41b0,MATM91_f7844211c73e638465,双基燃气,ENTM92_826409bf5dd8e7c670,硝化棉,ChemicalComponent,specific,硝化棉(NC),,,,,,NC,false,deterministic_v9_1+v9.2_name_cleanup,144,EVM91_f31354edbe6d2f864c,accepted
RELM92_65ed61f0355382fcba,MATM91_f7844211c73e638465,双基燃气,ENTM92_f12823a5cff08038a6,硝化甘油,ChemicalComponent,specific,硝化甘油(NG)双基体,,,,,,NG)双基体,false,deterministic_v9_1+v9.2_name_cleanup,144,EVM91_f31354edbe6d2f864c,accepted
RELM92_07fe1654a63d235d00,MATM91_f7844211c73e638465,双基燃气,ENTM92_70c1545f8e1a7757f6,大量降温剂,ComponentGroup,generic_group,大量降温剂(如硝基胍等产气大且吸热的物质),,,,,,如硝基胍等产气大且吸热的物质,true,deterministic_v9_1+v9.2_name_cleanup,144,EVM91_f31354edbe6d2f864c,accepted
RELM92_d136b2285b8876cb27,MATM91_f7844211c73e638465,双基燃气,ENTM92_048533e3cc28162193,安定剂,ComponentGroup,generic_group,安定剂。,,,,,,,false,deterministic_v9_1+v9.2_name_cleanup,144,EVM91_f31354edbe6d2f864c,accepted
RELM92_05bd9a1829cf641e33,MATM91_e52d4b4b33a5507cc5,双铅一5（SQ-5）,ENTM92_826409bf5dd8e7c670,硝化棉,ChemicalComponent,specific,硝化棉(NC),,,,,,NC,false,deterministic_v9_1+v9.2_name_cleanup,146,EVM91_9c5b6d2c184fd5438e,accepted
RELM92_5ea31d6cba37bade06,MATM91_e52d4b4b33a5507cc5,双铅一5（SQ-5）,ENTM92_f12823a5cff08038a6,硝化甘油,ChemicalComponent,specific,硝化甘油(NG)双基胶体,,,,,,NG)双基胶体,false,deterministic_v9_1+v9.2_name_cleanup,146,EVM91_9c5b6d2c184fd5438e,accepted
RELM92_50c4a1ca3bedd73bc9,MATM91_e52d4b4b33a5507cc5,双铅一5（SQ-5）,ENTM92_6a3ce67fdd1d44a297,铅盐催化体系,ComponentGroup,specific,铅盐催化体系,,,,,,,false,deterministic_v9_1+v9.2_name_cleanup,146,EVM91_9c5b6d2c184fd5438e,accepted
RELM92_688942ee87c00ab188,MATM91_e52d4b4b33a5507cc5,双铅一5（SQ-5）,ENTM92_4f2cbd30c2db267cbb,中定剂,ComponentGroup,generic_group,中定剂(安定剂)。配方针对特定平台压强微调。,,,,,,安定剂,false,deterministic_v9_1+v9.2_name_cleanup,146,EVM91_9c5b6d2c184fd5438e,accepted
RELM92_787f74a6243adafce7,MATM91_312e964489bf2a34b4,双铅一7（SQ-7）,ENTM92_826409bf5dd8e7c670,硝化棉,ChemicalComponent,specific,硝化棉(NC),,,,,,NC,false,deterministic_v9_1+v9.2_name_cleanup,147,EVM91_2b13b7484422fe9bb0,accepted
RELM92_6223e5005679921057,MATM91_312e964489bf2a34b4,双铅一7（SQ-7）,ENTM92_f12823a5cff08038a6,硝化甘油,ChemicalComponent,specific,硝化甘油(NG)双基体,,,,,,NG)双基体,false,deterministic_v9_1+v9.2_name_cleanup,147,EVM91_2b13b7484422fe9bb0,accepted
RELM92_d86e9a425ff272c773,MATM91_312e964489bf2a34b4,双铅一7（SQ-7）,ENTM92_6a3ce67fdd1d44a297,铅盐催化体系,ComponentGroup,specific,铅盐催化体系,,,,,,,false,deterministic_v9_1+v9.2_name_cleanup,147,EVM91_2b13b7484422fe9bb0,accepted
RELM92_ba3ee9ab5bca9f565b,MATM91_312e964489bf2a34b4,双铅一7（SQ-7）,ENTM92_4f2cbd30c2db267cbb,中定剂,ComponentGroup,generic_group,中定剂(安定剂)。配方参数针对特定平台压强微调。,,,,,,安定剂,false,deterministic_v9_1+v9.2_name_cleanup,147,EVM91_2b13b7484422fe9bb0,accepted
RELM92_670e2bdc70197220ca,MATM91_5ef6ad996cbfb90078,双铅一8（SQ-8）,ENTM92_826409bf5dd8e7c670,硝化棉,ChemicalComponent,specific,硝化棉(NC),,,,,,NC,false,deterministic_v9_1+v9.2_name_cleanup,148,EVM91_bcb68f900f80f31760,accepted
RELM92_7a29b3e9ec5de67f48,MATM91_5ef6ad996cbfb90078,双铅一8（SQ-8）,ENTM92_f12823a5cff08038a6,硝化甘油,ChemicalComponent,specific,硝化甘油(NG)胶体,,,,,,NG)胶体,false,deterministic_v9_1+v9.2_name_cleanup,148,EVM91_bcb68f900f80f31760,accepted
RELM92_9b85f9ef9ab4984d2e,MATM91_5ef6ad996cbfb90078,双铅一8（SQ-8）,ENTM92_6a3ce67fdd1d44a297,铅盐催化体系,ComponentGroup,specific,铅盐催化体系,,,,,,,false,deterministic_v9_1+v9.2_name_cleanup,148,EVM91_bcb68f900f80f31760,accepted
RELM92_4416ba02db1e42a91a,MATM91_5ef6ad996cbfb90078,双铅一8（SQ-8）,ENTM92_e2b01cd4f4a2f09fe4,中定剂等安定剂,ComponentGroup,generic_group,中定剂等安定剂。配比与SQ-9略有微调。,,,,,,,true,deterministic_v9_1+v9.2_name_cleanup,148,EVM91_bcb68f900f80f31760,accepted
RELM92_a10f9496bc6e1c040d,MATM91_05c72fb8744f1c5791,双铅一9（SQ-9）,ENTM92_826409bf5dd8e7c670,硝化棉,ChemicalComponent,specific,硝化棉(NC),,,,,,NC,false,deterministic_v9_1+v9.2_name_cleanup,149,EVM91_96628e1f61fa4c1b39,accepted
RELM92_22f4553ec43c7fdb6f,MATM91_05c72fb8744f1c5791,双铅一9（SQ-9）,ENTM92_f12823a5cff08038a6,硝化甘油,ChemicalComponent,specific,硝化甘油(NG)双基体,,,,,,NG)双基体,false,deterministic_v9_1+v9.2_name_cleanup,149,EVM91_96628e1f61fa4c1b39,accepted
RELM92_64c2047424550da190,MATM91_05c72fb8744f1c5791,双铅一9（SQ-9）,ENTM92_d1ce87ad28fd78ab28,铅盐催化剂,ComponentGroup,generic_group,铅盐催化剂,,,,,,,false,deterministic_v9_1+v9.2_name_cleanup,149,EVM91_96628e1f61fa4c1b39,accepted
RELM92_9628d94544c5205c93,MATM91_05c72fb8744f1c5791,双铅一9（SQ-9）,ENTM92_4f2cbd30c2db267cbb,中定剂,ComponentGroup,generic_group,中定剂(安定剂)及其他改性添加剂。,,,,,,安定剂)及其他改性添加剂,false,deterministic_v9_1+v9.2_name_cleanup,149,EVM91_96628e1f61fa4c1b39,accepted
RELM92_f52ada631ca6da8715,MATM91_206dadf0bc1edf3365,161,ENTM92_065069d547da55df2c,高能氧化剂,ComponentGroup,generic_group,高能氧化剂(如AP或HMX),,,,,,如AP或HMX,false,deterministic_v9_1+v9.2_name_cleanup,150,EVM91_b4479017a8ddf1de55,accepted
RELM92_ce2f02cf6cc89320e7,MATM91_206dadf0bc1edf3365,161,ENTM92_e09b70e0d996438e58,金属燃料及配套改性剂,ComponentGroup,generic_group,金属燃料及配套改性剂。,,,,,,,false,deterministic_v9_1+v9.2_name_cleanup,150,EVM91_b4479017a8ddf1de55,accepted
RELM92_0c0ddda76d7fc65306,MATM91_c8d0b55447224e090c,改铝铅一I,ENTM92_1e4a57be29d776fda7,金属铝粉,ChemicalComponent,specific,金属铝粉(Al),,,,,,Al,false,deterministic_v9_1+v9.2_name_cleanup,152,EVM91_06390e5c16327ec30d,accepted
RELM92_af919ed1b7681c4cb6,MATM91_c8d0b55447224e090c,改铝铅一I,ENTM92_800105b70dde9fa425,重金属铅盐,ChemicalComponent,specific,重金属铅盐(Pb3O4等),,,,,,Pb3O4等,true,deterministic_v9_1+v9.2_name_cleanup,152,EVM91_06390e5c16327ec30d,accepted
RELM92_dc12ef6c879465eeac,MATM91_c8d0b55447224e090c,改铝铅一I,ENTM92_8cbdebfb891e946210,基础高分子粘结剂,ComponentGroup,generic_group,基础高分子粘结剂。,,,,,,,false,deterministic_v9_1+v9.2_name_cleanup,152,EVM91_06390e5c16327ec30d,accepted
RELM92_f4f2c1cfcead798c84,MATM91_8230b75a4d804fd337,改铝铅一2（GLQ-2）,ENTM92_1e4a57be29d776fda7,金属铝粉,ChemicalComponent,specific,金属铝粉(Al),,,,,,Al,false,deterministic_v9_1+v9.2_name_cleanup,153,EVM91_6da8c0324f749e690c,accepted
RELM92_6ebf2acff1ee0aacfc,MATM91_8230b75a4d804fd337,改铝铅一2（GLQ-2）,ENTM92_800105b70dde9fa425,重金属铅盐,ChemicalComponent,specific,重金属铅盐(Pb3O4等),,,,,,Pb3O4等,true,deterministic_v9_1+v9.2_name_cleanup,153,EVM91_6da8c0324f749e690c,accepted
RELM92_847f1f131a375e8d24,MATM91_8230b75a4d804fd337,改铝铅一2（GLQ-2）,ENTM92_a8293ee3b60ab1aea1,高分子粘结剂,ComponentGroup,generic_group,高分子粘结剂。配比与GLQ-3略有微调。,,,,,,,false,deterministic_v9_1+v9.2_name_cleanup,153,EVM91_6da8c0324f749e690c,accepted
RELM92_aadf14468c56548fd6,MATM91_b95b155c43c491b37d,改铝铅一3（GLQ-3）,ENTM92_ef25a0c55341b4167e,铝粉,ChemicalComponent,specific,铝粉(Al),,,,,,Al,false,deterministic_v9_1+v9.2_name_cleanup,154,EVM91_21e4a6dd1788cefa91,accepted
RELM92_d6f96c5d15fa1bef80,MATM91_b95b155c43c491b37d,改铝铅一3（GLQ-3）,ENTM92_5e27c9ee55d1e77154,铅盐,ChemicalComponent,specific,铅盐(Pb3O4等),,,,,,Pb3O4等,true,deterministic_v9_1+v9.2_name_cleanup,154,EVM91_21e4a6dd1788cefa91,accepted
RELM92_368c04c9521be7724a,MATM91_b95b155c43c491b37d,改铝铅一3（GLQ-3）,ENTM92_6b45418852f482f249,特种高分子粘结剂,ComponentGroup,generic_group,特种高分子粘结剂。,,,,,,,false,deterministic_v9_1+v9.2_name_cleanup,154,EVM91_21e4a6dd1788cefa91,accepted
RELM92_e27521828917a577e1,MATM91_9a9484444ef71321ab,改黑碳~l,ENTM92_f50477d49a7b00321f,硝酸钾,ChemicalComponent,specific,硝酸钾,,,,,,,false,deterministic_v9_1+v9.2_name_cleanup,155,EVM91_34b14b6e4384f35a36,accepted
RELM92_3c69f72a5727e1a5b4,MATM91_9a9484444ef71321ab,改黑碳~l,ENTM92_ec39b286f3956335b3,硫磺,ChemicalComponent,specific,硫磺,,,,,,,false,deterministic_v9_1+v9.2_name_cleanup,155,EVM91_34b14b6e4384f35a36,accepted
RELM92_1dd8d660f82001033d,MATM91_9a9484444ef71321ab,改黑碳~l,ENTM92_188450320d2fc2c739,木炭,ChemicalComponent,specific,木炭(基础组分),,,,,,基础组分,false,deterministic_v9_1+v9.2_name_cleanup,155,EVM91_34b14b6e4384f35a36,accepted
RELM92_c9937e4194a561e11d,MATM91_9a9484444ef71321ab,改黑碳~l,ENTM92_7bad273bca5db24162,钛粉,ChemicalComponent,specific,钛粉(Ti金属燃料),,,,,,Ti金属燃料,false,deterministic_v9_1+v9.2_name_cleanup,155,EVM91_34b14b6e4384f35a36,accepted
RELM92_207990627abd7d146b,MATM91_9a9484444ef71321ab,改黑碳~l,ENTM92_864e2a78ee0fdc4e8d,特种改性粘结剂,ComponentGroup,generic_group,特种改性粘结剂。属环保高能点火配方。,,,,,,,false,deterministic_v9_1+v9.2_name_cleanup,155,EVM91_34b14b6e4384f35a36,accepted
RELM92_aeed45e7fa01c2135a,MATM91_6984bfe23452e918d2,改黑铜一IA（GATO-1A）,ENTM92_f50477d49a7b00321f,硝酸钾,ChemicalComponent,specific,硝酸钾,,,,,,,false,deterministic_v9_1+v9.2_name_cleanup,156,EVM91_130fdb06c6727305b0,accepted
RELM92_9a54cbec6c32c3ee0b,MATM91_6984bfe23452e918d2,改黑铜一IA（GATO-1A）,ENTM92_ec39b286f3956335b3,硫磺,ChemicalComponent,specific,硫磺,,,,,,,false,deterministic_v9_1+v9.2_name_cleanup,156,EVM91_130fdb06c6727305b0,accepted
RELM92_107653ef092386d850,MATM91_6984bfe23452e918d2,改黑铜一IA（GATO-1A）,ENTM92_188450320d2fc2c739,木炭,ChemicalComponent,specific,木炭(黑火药基础),,,,,,黑火药基础,false,deterministic_v9_1+v9.2_name_cleanup,156,EVM91_130fdb06c6727305b0,accepted
RELM92_0c3cbec54bf859d4e7,MATM91_6984bfe23452e918d2,改黑铜一IA（GATO-1A）,ENTM92_400c0840910b835636,特种铜系催化剂,ComponentGroup,generic_group,特种铜系催化剂,,,,,,,false,deterministic_v9_1+v9.2_name_cleanup,156,EVM91_130fdb06c6727305b0,accepted
RELM92_74562ccf8cf4b4cf61,MATM91_6984bfe23452e918d2,改黑铜一IA（GATO-1A）,ENTM92_de53280823b7444cd1,特种高分子包覆改性剂,ChemicalComponent,specific,特种高分子包覆改性剂(“A”型工艺特征)。,,,,,,“A”型工艺特征,false,deterministic_v9_1+v9.2_name_cleanup,156,EVM91_130fdb06c6727305b0,accepted
RELM92_e17f450c4967382fb5,MATM91_5fafdc83e6728e618c,改黑铜-2（GATO-2）,ENTM92_f50477d49a7b00321f,硝酸钾,ChemicalComponent,specific,硝酸钾,,,,,,,false,deterministic_v9_1+v9.2_name_cleanup,157,EVM91_03f3e7ab9ac1bb2bdf,accepted
RELM92_791bce12360bc01f11,MATM91_5fafdc83e6728e618c,改黑铜-2（GATO-2）,ENTM92_ec39b286f3956335b3,硫磺,ChemicalComponent,specific,硫磺,,,,,,,false,deterministic_v9_1+v9.2_name_cleanup,157,EVM91_03f3e7ab9ac1bb2bdf,accepted
RELM92_9a9d8924ce43f18b3f,MATM91_5fafdc83e6728e618c,改黑铜-2（GATO-2）,ENTM92_188450320d2fc2c739,木炭,ChemicalComponent,specific,木炭(经典黑火药基础),,,,,,经典黑火药基础,false,deterministic_v9_1+v9.2_name_cleanup,157,EVM91_03f3e7ab9ac1bb2bdf,accepted
RELM92_48823efcd777a7e285,MATM91_5fafdc83e6728e618c,改黑铜-2（GATO-2）,ENTM92_400c0840910b835636,特种铜系催化剂,ComponentGroup,generic_group,特种铜系催化剂(如氧化铜等),,,,,,如氧化铜等,true,deterministic_v9_1+v9.2_name_cleanup,157,EVM91_03f3e7ab9ac1bb2bdf,accepted
RELM92_87210bd5c9ba2ae161,MATM91_5fafdc83e6728e618c,改黑铜-2（GATO-2）,ENTM92_1434cef1c2288bc62a,改性粘结剂,ComponentGroup,generic_group,少量改性粘结剂。无铅配方。,,,,,少量,,false,deterministic_v9_1+v9.2_name_cleanup,157,EVM91_03f3e7ab9ac1bb2bdf,accepted
RELM92_ee130e2bb95e0acdb4,MATM91_a58b814b1b617dce48,改黑铅铜一1,ENTM92_4c8a826ce0ee86876a,黑火药基础组分,ChemicalComponent,specific,黑火药基础组分(KNO3、S、C),,,,,,KNO3、S、C,false,deterministic_v9_1+v9.2_name_cleanup,158,EVM91_2a98a08b5f6a7216dc,accepted
RELM92_9972f62e5b9b5471db,MATM91_a58b814b1b617dce48,改黑铅铜一1,ENTM92_5e27c9ee55d1e77154,铅盐,ChemicalComponent,specific,铅盐(提供热粒子),,,,,,提供热粒子,false,deterministic_v9_1+v9.2_name_cleanup,158,EVM91_2a98a08b5f6a7216dc,accepted
RELM92_c1057f0f561ac35f6f,MATM91_a58b814b1b617dce48,改黑铅铜一1,ENTM92_0ce4f084590d8d2fb8,铜盐催化剂,ComponentGroup,generic_group,铜盐催化剂(加速反应),,,,,,加速反应,false,deterministic_v9_1+v9.2_name_cleanup,158,EVM91_2a98a08b5f6a7216dc,accepted
RELM92_e01af00c5fda722b6c,MATM91_a58b814b1b617dce48,改黑铅铜一1,ENTM92_acd102c20f218913d1,特种粘结剂,ComponentGroup,generic_group,特种粘结剂。,,,,,,,false,deterministic_v9_1+v9.2_name_cleanup,158,EVM91_2a98a08b5f6a7216dc,accepted
RELM92_ca0780cd5a6e80ecc1,MATM91_93e32b91d1e532fd89,改黑铅一2（GHQ-2）,ENTM92_f50477d49a7b00321f,硝酸钾,ChemicalComponent,specific,硝酸钾,,,,,,,false,deterministic_v9_1+v9.2_name_cleanup,160,EVM91_12ee14b6ee665aa2fa,accepted
RELM92_b0bbb642b69ef42f98,MATM91_93e32b91d1e532fd89,改黑铅一2（GHQ-2）,ENTM92_ec39b286f3956335b3,硫磺,ChemicalComponent,specific,硫磺,,,,,,,false,deterministic_v9_1+v9.2_name_cleanup,160,EVM91_12ee14b6ee665aa2fa,accepted
RELM92_61cd8a9551e9d1bb7c,MATM91_93e32b91d1e532fd89,改黑铅一2（GHQ-2）,ENTM92_188450320d2fc2c739,木炭,ChemicalComponent,specific,木炭(经典黑火药基础),,,,,,经典黑火药基础,false,deterministic_v9_1+v9.2_name_cleanup,160,EVM91_12ee14b6ee665aa2fa,accepted
RELM92_a30385809df8d4c377,MATM91_93e32b91d1e532fd89,改黑铅一2（GHQ-2）,ENTM92_800105b70dde9fa425,重金属铅盐,ChemicalComponent,specific,重金属铅盐(如铅丹/二氧化铅),,,,,,如铅丹/二氧化铅,false,deterministic_v9_1+v9.2_name_cleanup,160,EVM91_12ee14b6ee665aa2fa,accepted
RELM92_0387169b03e816e98f,MATM91_93e32b91d1e532fd89,改黑铅一2（GHQ-2）,ENTM92_2fb085676d09f16b01,基础粘结剂,ComponentGroup,generic_group,少量基础粘结剂。,,,,,少量,,false,deterministic_v9_1+v9.2_name_cleanup,160,EVM91_12ee14b6ee665aa2fa,accepted
RELM92_56ef7423b07d9f65ab,MATM91_ea10c7d929a671fc16,改黑铅一2A（GHQ-2A）,ENTM92_f50477d49a7b00321f,硝酸钾,ChemicalComponent,specific,硝酸钾,,,,,,,false,deterministic_v9_1+v9.2_name_cleanup,161,EVM91_a8bac3ee214d159292,accepted
RELM92_0aa68dc036dcf05050,MATM91_ea10c7d929a671fc16,改黑铅一2A（GHQ-2A）,ENTM92_ec39b286f3956335b3,硫磺,ChemicalComponent,specific,硫磺,,,,,,,false,deterministic_v9_1+v9.2_name_cleanup,161,EVM91_a8bac3ee214d159292,accepted
RELM92_0036cb5e19be03048e,MATM91_ea10c7d929a671fc16,改黑铅一2A（GHQ-2A）,ENTM92_188450320d2fc2c739,木炭,ChemicalComponent,specific,木炭(黑火药基础),,,,,,黑火药基础,false,deterministic_v9_1+v9.2_name_cleanup,161,EVM91_a8bac3ee214d159292,accepted
RELM92_e14395ddb81290f4f5,MATM91_ea10c7d929a671fc16,改黑铅一2A（GHQ-2A）,ENTM92_800105b70dde9fa425,重金属铅盐,ChemicalComponent,specific,重金属铅盐(如铅丹),,,,,,如铅丹,false,deterministic_v9_1+v9.2_name_cleanup,161,EVM91_a8bac3ee214d159292,accepted
RELM92_ba5e6e6f773abf8310,MATM91_18638a25bd60b5470e,改黑铅一5（GHQ-5）,ENTM92_f50477d49a7b00321f,硝酸钾,ChemicalComponent,specific,硝酸钾,,,,,,,false,deterministic_v9_1+v9.2_name_cleanup,162,EVM91_c7e43a5ff2036e5188,accepted
RELM92_f3b04dd33b314cf405,MATM91_18638a25bd60b5470e,改黑铅一5（GHQ-5）,ENTM92_ec39b286f3956335b3,硫磺,ChemicalComponent,specific,硫磺,,,,,,,false,deterministic_v9_1+v9.2_name_cleanup,162,EVM91_c7e43a5ff2036e5188,accepted
RELM92_1fa8d6846291889c90,MATM91_18638a25bd60b5470e,改黑铅一5（GHQ-5）,ENTM92_188450320d2fc2c739,木炭,ChemicalComponent,specific,木炭(黑火药基础),,,,,,黑火药基础,false,deterministic_v9_1+v9.2_name_cleanup,162,EVM91_c7e43a5ff2036e5188,accepted
RELM92_963943896f8ed6e7ba,MATM91_18638a25bd60b5470e,改黑铅一5（GHQ-5）,ENTM92_5e27c9ee55d1e77154,铅盐,ChemicalComponent,specific,铅盐(如铅丹),,,,,,如铅丹,false,deterministic_v9_1+v9.2_name_cleanup,162,EVM91_c7e43a5ff2036e5188,accepted
RELM92_022f11a1ce098b9aeb,MATM91_18638a25bd60b5470e,改黑铅一5（GHQ-5）,ENTM92_864e2a78ee0fdc4e8d,特种改性粘结剂,ComponentGroup,generic_group,少量特种改性粘结剂。,,,,,少量,,false,deterministic_v9_1+v9.2_name_cleanup,162,EVM91_c7e43a5ff2036e5188,accepted
RELM92_f3598a5cbb89f4b0ac,MATM91_c58dc9de3638d2a6c4,改铵铜一I,ENTM92_d5bda78088dae8ec1e,高氯酸铵,ChemicalComponent,specific,AP(高氯酸铵),,,,,,高氯酸铵,false,deterministic_v9_1+v9.2_name_cleanup,163,EVM91_209f7a4a04bfac33b8,accepted
RELM92_a428359ffe6aeba094,MATM91_c58dc9de3638d2a6c4,改铵铜一I,ENTM92_a8293ee3b60ab1aea1,高分子粘结剂,ComponentGroup,generic_group,高分子粘结剂(如HTPB),,,,,,如HTPB,false,deterministic_v9_1+v9.2_name_cleanup,163,EVM91_209f7a4a04bfac33b8,accepted
RELM92_6c9371e10e258f475a,MATM91_c58dc9de3638d2a6c4,改铵铜一I,ENTM92_7df5360e0449ef4dcd,铜系燃速催化剂,ComponentGroup,generic_group,铜系燃速催化剂,,,,,,,false,deterministic_v9_1+v9.2_name_cleanup,163,EVM91_209f7a4a04bfac33b8,accepted
RELM92_a0192d5ff9551106e4,MATM91_c58dc9de3638d2a6c4,改铵铜一I,ENTM92_1db9c1073a75796f52,金属燃料,ComponentGroup,generic_group,少量金属燃料等。,,,,,少量,,true,deterministic_v9_1+v9.2_name_cleanup,163,EVM91_209f7a4a04bfac33b8,accepted
RELM92_cd5ccb75a8b10152aa,MATM91_e64f1f51dc6507df77,改铵铜一2（GATo-2）,ENTM92_c77306aebdbba9ec22,辅以高分子粘结剂,ComponentGroup,generic_group,辅以高分子粘结剂,,,,,,,false,deterministic_v9_1+v9.2_name_cleanup,164,EVM91_262a12bd3ce6e467f1,accepted
RELM92_40fb1b06e2a9d52ca3,MATM91_e64f1f51dc6507df77,改铵铜一2（GATo-2）,ENTM92_10f23be0aaa8c33ad3,掺加高效铜系燃速催化剂,ComponentGroup,generic_group,掺加高效铜系燃速催化剂,,,,,,,false,deterministic_v9_1+v9.2_name_cleanup,164,EVM91_262a12bd3ce6e467f1,accepted
RELM92_d55fda60b664d6469e,MATM91_e64f1f51dc6507df77,改铵铜一2（GATo-2）,ENTM92_64865a31fd4af137b6,金属粉,ComponentGroup,generic_group,金属粉改性而成(配方参数与GATo-3微调)。,,,,,,,false,deterministic_v9_1+v9.2_name_cleanup,164,EVM91_262a12bd3ce6e467f1,accepted
RELM92_32ad543c28debddeaf,MATM91_d8a03917d825799188,改铵铜一3（GATo-3）,ENTM92_d5bda78088dae8ec1e,高氯酸铵,ChemicalComponent,specific,以高氯酸铵(AP)等为氧化剂,,,,,,,true,deterministic_v9_1+v9.2_name_cleanup,165,EVM91_e4871c4e26a74db5da,accepted
RELM92_175449385c5c4b4f85,MATM91_d8a03917d825799188,改铵铜一3（GATo-3）,ENTM92_04f098b79434d547e1,高分子聚合物,ComponentGroup,generic_group,高分子聚合物(如HTPB)为粘结剂,,,,,,如HTPB)为粘结剂,false,deterministic_v9_1+v9.2_name_cleanup,165,EVM91_e4871c4e26a74db5da,accepted
RELM92_110008b85cc8242e1e,MATM91_d8a03917d825799188,改铵铜一3（GATo-3）,ENTM92_1db9c1073a75796f52,金属燃料,ComponentGroup,generic_group,少量金属燃料(Al)改性而成。,,,,,少量,,false,deterministic_v9_1+v9.2_name_cleanup,165,EVM91_e4871c4e26a74db5da,accepted
RELM92_30f5c77d51886166b2,MATM91_3ebc029f58ced39352,改黑铅一1,ENTM92_2012b28a81f00f39a1,黑火药,ChemicalComponent,specific,以 黑火药(KNO3/S/C) 为基础体系,,,,,,,false,deterministic_v9_1+v9.2_name_cleanup,167,EVM91_9cccc94cbdc75d6b3b,accepted
RELM92_0bcc101d38cefe2bcb,MATM91_8ec5b983f65e36024f,改奥铅一l（GOQ-1）,ENTM92_fccd31e6196ed610b1,奥克托今,ChemicalComponent,specific,以 奥克托今(HMX) 为主体,,,,,,HMX) 为主体,false,deterministic_v9_1+v9.2_name_cleanup,168,EVM91_cd6d68c361c099ed12,accepted
RELM92_3d53210e90d0b7da93,MATM91_8ec5b983f65e36024f,改奥铅一l（GOQ-1）,ENTM92_620a4cbe87a17849c9,添加特定的重金属铅盐,ComponentGroup,generic_group,添加特定的重金属铅盐(如铅丹)及微量高分子粘结剂。,,,,,,如铅丹)及微量高分子粘结剂,false,deterministic_v9_1+v9.2_name_cleanup,168,EVM91_cd6d68c361c099ed12,accepted
RELM92_298bcc3e1eaff8fb20,MATM91_d9e11aba4d048c747f,改奥铅一2（GOQ-2）,ENTM92_fccd31e6196ed610b1,奥克托今,ChemicalComponent,specific,以奥克托今(HMX)为主,,,,,,HMX)为主,false,deterministic_v9_1+v9.2_name_cleanup,169,EVM91_4412f1524d5ee2d7c3,accepted
RELM92_1b6645c49d39d7347c,MATM91_d9e11aba4d048c747f,改奥铅一2（GOQ-2）,ENTM92_fdb27527e77fb4cd40,添加一定比例的重金属铅盐,ChemicalComponent,specific,添加一定比例的重金属铅盐,,,,,,,false,deterministic_v9_1+v9.2_name_cleanup,169,EVM91_4412f1524d5ee2d7c3,accepted
RELM92_654ff79993e3d0a44e,MATM91_d9e11aba4d048c747f,改奥铅一2（GOQ-2）,ENTM92_dcc2be3fc6d226e6b7,粘结剂,ComponentGroup,generic_group,少量粘结剂。配比与GOQ-3略有差异。,,,,,少量,,false,deterministic_v9_1+v9.2_name_cleanup,169,EVM91_4412f1524d5ee2d7c3,accepted
RELM92_ff0094394d4dace462,MATM91_994bcb50903ca13750,改奥铅一3（GOQ-3）,ENTM92_fccd31e6196ed610b1,奥克托今,ChemicalComponent,specific,以奥克托今(HMX)为主体装药,,,,,,HMX)为主体装药,false,deterministic_v9_1+v9.2_name_cleanup,170,EVM91_67c5ddcf04ef18c167,accepted
RELM92_9f244f14a1cd2caf67,MATM91_994bcb50903ca13750,改奥铅一3（GOQ-3）,ENTM92_138b0e58585460ba49,添加起催化/热点作用的重金属铅盐,ChemicalComponent,specific,添加起催化/热点作用的重金属铅盐(如铅丹),,,,,,如铅丹,false,deterministic_v9_1+v9.2_name_cleanup,170,EVM91_67c5ddcf04ef18c167,accepted
RELM92_6351aadd73a790538e,MATM91_994bcb50903ca13750,改奥铅一3（GOQ-3）,ENTM92_a8293ee3b60ab1aea1,高分子粘结剂,ComponentGroup,generic_group,少量高分子粘结剂(如氟橡胶/FKM等)改性造粒而成。,,,,,少量,如氟橡胶/FKM,true,deterministic_v9_1+v9.2_name_cleanup,170,EVM91_67c5ddcf04ef18c167,accepted
RELM92_ceb719a65f1a91ea7b,MATM91_5d8cd0fb13f93b34a2,改黑铅一3（GHQ-3）,ENTM92_51eda92a5f2efd5877,经典黑火药,ChemicalComponent,specific,以经典黑火药(硝酸钾、硫磺、木炭)为基础,,,,,,硝酸钾、硫磺、木炭)为基础,false,deterministic_v9_1+v9.2_name_cleanup,171,EVM91_79ea2a54cb2bdbe8bc,accepted
RELM92_25c9a9135d2a74e158,MATM91_5d8cd0fb13f93b34a2,改黑铅一3（GHQ-3）,ENTM92_5a1eba5404710a9426,添加一定比例的高密度铅盐,ChemicalComponent,specific,添加一定比例的高密度铅盐(如铅丹/二氧化铅),,,,,,如铅丹/二氧化铅,false,deterministic_v9_1+v9.2_name_cleanup,171,EVM91_79ea2a54cb2bdbe8bc,accepted
RELM92_a5674e6b43472a909a,MATM91_5d8cd0fb13f93b34a2,改黑铅一3（GHQ-3）,ENTM92_acd102c20f218913d1,特种粘结剂,ComponentGroup,generic_group,少量特种粘结剂改性而成。,,,,,少量,,false,deterministic_v9_1+v9.2_name_cleanup,171,EVM91_79ea2a54cb2bdbe8bc,accepted
RELM92_a2216c52f5890a7dd6,MATM91_15afee2b2d2f760c06,聚硫推进剂（815）,ENTM92_b96b201d8a29cbf8b3,聚硫橡胶,ChemicalComponent,specific,聚硫橡胶(粘结剂),,,,,,粘结剂,false,deterministic_v9_1+v9.2_name_cleanup,174,EVM91_979de7e6438200a193,accepted
RELM92_4117fcb88b7d07c70e,MATM91_15afee2b2d2f760c06,聚硫推进剂（815）,ENTM92_d5bda78088dae8ec1e,高氯酸铵,ChemicalComponent,specific,高氯酸铵(AP),,,,,,AP,false,deterministic_v9_1+v9.2_name_cleanup,174,EVM91_979de7e6438200a193,accepted
RELM92_dc5f5d623cf2306e34,MATM91_15afee2b2d2f760c06,聚硫推进剂（815）,ENTM92_ef25a0c55341b4167e,铝粉,ChemicalComponent,specific,铝粉(Al),,,,,,Al,false,deterministic_v9_1+v9.2_name_cleanup,174,EVM91_979de7e6438200a193,accepted
RELM92_b14462d25c87ea0d24,MATM91_15afee2b2d2f760c06,聚硫推进剂（815）,ENTM92_8940658ee1894e9503,二氧化铅,ChemicalComponent,specific,二氧化铅(固化剂),,,,,,固化剂,false,deterministic_v9_1+v9.2_name_cleanup,174,EVM91_979de7e6438200a193,accepted
RELM92_d20045d309f6c28c22,MATM91_15afee2b2d2f760c06,聚硫推进剂（815）,ENTM92_298cfda13ebdbf65fb,硫,ChemicalComponent,specific,少量硫。,,,,,少量,,false,deterministic_v9_1+v9.2_name_cleanup,174,EVM91_979de7e6438200a193,accepted
RELM92_13a4a5625a58e7c7e9,MATM91_b031250039f438366a,端羟基聚丁二烯推进剂（826A）,ENTM92_f52ac3dfd3c16da953,端羟基聚丁二烯,ChemicalComponent,specific,HTPB(粘结剂),,,,,,粘结剂,false,deterministic_v9_1+v9.2_name_cleanup,175,EVM91_5a9ea15fc5f99af4ee,accepted
RELM92_109323097bd610432d,MATM91_b031250039f438366a,端羟基聚丁二烯推进剂（826A）,ENTM92_d5bda78088dae8ec1e,高氯酸铵,ChemicalComponent,specific,AP(氧化剂),,,,,,氧化剂,false,deterministic_v9_1+v9.2_name_cleanup,175,EVM91_5a9ea15fc5f99af4ee,accepted
RELM92_25b4709ec48f273aed,MATM91_b031250039f438366a,端羟基聚丁二烯推进剂（826A）,ENTM92_e3a65700f2f3b5b304,Al,ChemicalComponent,specific,Al(铝粉)及配套特种交联剂,,,,,,铝粉)及配套特种交联剂,false,deterministic_v9_1+v9.2_name_cleanup,175,EVM91_5a9ea15fc5f99af4ee,accepted
RELM92_ef33d9961443e12f72,MATM91_b031250039f438366a,端羟基聚丁二烯推进剂（826A）,ENTM92_086748d30acaa310f4,防老剂,ComponentGroup,specific,防老剂等。,,,,,,,true,deterministic_v9_1+v9.2_name_cleanup,175,EVM91_5a9ea15fc5f99af4ee,accepted
RELM92_5195481b343688c0d9,MATM91_2beb1e98aceb92810f,端羟基聚丁二烯推进剂（864）,ENTM92_f52ac3dfd3c16da953,端羟基聚丁二烯,ChemicalComponent,specific,HTPB(粘结剂),,,,,,粘结剂,false,deterministic_v9_1+v9.2_name_cleanup,177,EVM91_082f9877f20eb157b1,accepted
RELM92_3f47aa8f16ab3266bb,MATM91_2beb1e98aceb92810f,端羟基聚丁二烯推进剂（864）,ENTM92_d5bda78088dae8ec1e,高氯酸铵,ChemicalComponent,specific,AP(氧化剂),,,,,,氧化剂,false,deterministic_v9_1+v9.2_name_cleanup,177,EVM91_082f9877f20eb157b1,accepted
RELM92_86fdb93a3a0b6b2f01,MATM91_2beb1e98aceb92810f,端羟基聚丁二烯推进剂（864）,ENTM92_040b7d73d6ab450cd0,Al,ComponentGroup,generic_group,Al(铝粉)及特定比例固化剂,,,,,,铝粉)及特定比例固化剂,false,deterministic_v9_1+v9.2_name_cleanup,177,EVM91_082f9877f20eb157b1,accepted
RELM92_4578948ed163dc08f2,MATM91_2beb1e98aceb92810f,端羟基聚丁二烯推进剂（864）,ENTM92_391bab661852c570fb,键合剂,ChemicalComponent,specific,键合剂等。,,,,,,,true,deterministic_v9_1+v9.2_name_cleanup,177,EVM91_082f9877f20eb157b1,accepted
RELM92_15047df2b8581bdba0,MATM91_8ba16796a6c5c7a32b,端羟聚丁二烯推进剂（8610）,ENTM92_f52ac3dfd3c16da953,端羟基聚丁二烯,ChemicalComponent,specific,HTPB(粘结剂),,,,,,粘结剂,false,deterministic_v9_1+v9.2_name_cleanup,179,EVM91_89093d9c5d7a33040a,accepted
RELM92_c5de31e57842d3e104,MATM91_8ba16796a6c5c7a32b,端羟聚丁二烯推进剂（8610）,ENTM92_d5bda78088dae8ec1e,高氯酸铵,ChemicalComponent,specific,AP(高氯酸铵),,,,,,高氯酸铵,false,deterministic_v9_1+v9.2_name_cleanup,179,EVM91_89093d9c5d7a33040a,accepted
RELM92_a7efcf44cd82972a90,MATM91_8ba16796a6c5c7a32b,端羟聚丁二烯推进剂（8610）,ENTM92_040b7d73d6ab450cd0,Al,ComponentGroup,generic_group,Al(铝粉)及配套固化剂,,,,,,铝粉)及配套固化剂,false,deterministic_v9_1+v9.2_name_cleanup,179,EVM91_89093d9c5d7a33040a,accepted
RELM92_ed9087301aa3af2d09,MATM91_8ba16796a6c5c7a32b,端羟聚丁二烯推进剂（8610）,ENTM92_086748d30acaa310f4,防老剂,ComponentGroup,specific,防老剂等。典型高能富铝配方。,,,,,,,true,deterministic_v9_1+v9.2_name_cleanup,179,EVM91_89093d9c5d7a33040a,accepted
RELM92_d22d8f08a04e95a1c6,MATM91_b2e5baa17f0aaab890,端羟聚丁二烯推进剂（8613）,ENTM92_f52ac3dfd3c16da953,端羟基聚丁二烯,ChemicalComponent,specific,HTPB(粘结剂),,,,,,粘结剂,false,deterministic_v9_1+v9.2_name_cleanup,182,EVM91_ae2e32cfdb1079e9e0,accepted
RELM92_c536fb82b48ceaa5e9,MATM91_b2e5baa17f0aaab890,端羟聚丁二烯推进剂（8613）,ENTM92_d5bda78088dae8ec1e,高氯酸铵,ChemicalComponent,specific,AP(氧化剂),,,,,,氧化剂,false,deterministic_v9_1+v9.2_name_cleanup,182,EVM91_ae2e32cfdb1079e9e0,accepted
RELM92_b4916a35202760c715,MATM91_b2e5baa17f0aaab890,端羟聚丁二烯推进剂（8613）,ENTM92_e3a65700f2f3b5b304,Al,ChemicalComponent,specific,Al(铝粉)及配套交联剂,,,,,,铝粉)及配套交联剂,false,deterministic_v9_1+v9.2_name_cleanup,182,EVM91_ae2e32cfdb1079e9e0,accepted
RELM92_7508022320e668a76d,MATM91_b2e5baa17f0aaab890,端羟聚丁二烯推进剂（8613）,ENTM92_196090a771bff1dd4e,燃速调节剂,ComponentGroup,specific,燃速调节剂。,,,,,,,false,deterministic_v9_1+v9.2_name_cleanup,182,EVM91_ae2e32cfdb1079e9e0,accepted
RELM92_4a8a366ec871648ce2,MATM91_d5712a19ee9f8780b5,端羟聚丁二烯推进剂（8610(DQU-01C)）,ENTM92_f52ac3dfd3c16da953,端羟基聚丁二烯,ChemicalComponent,specific,HTPB(弹性粘结剂),,,,,,弹性粘结剂,false,deterministic_v9_1+v9.2_name_cleanup,183,EVM91_d70a30cda50d2d34b8,accepted
RELM92_9e54339b1fd8c7b726,MATM91_d5712a19ee9f8780b5,端羟聚丁二烯推进剂（8610(DQU-01C)）,ENTM92_d5bda78088dae8ec1e,高氯酸铵,ChemicalComponent,specific,AP(氧化剂),,,,,,氧化剂,false,deterministic_v9_1+v9.2_name_cleanup,183,EVM91_d70a30cda50d2d34b8,accepted
RELM92_81d33064131dc785a9,MATM91_d5712a19ee9f8780b5,端羟聚丁二烯推进剂（8610(DQU-01C)）,ENTM92_ef25a0c55341b4167e,铝粉,ChemicalComponent,specific,Al(铝粉),,,,,,铝粉,false,deterministic_v9_1+v9.2_name_cleanup,183,EVM91_d70a30cda50d2d34b8,accepted
RELM92_bcccf77bd30f1fcbdd,MATM91_d5712a19ee9f8780b5,端羟聚丁二烯推进剂（8610(DQU-01C)）,ENTM92_f4d648960303997c89,固化剂,ComponentGroup,generic_group,固化剂,,,,,,,false,deterministic_v9_1+v9.2_name_cleanup,183,EVM91_d70a30cda50d2d34b8,accepted
RELM92_e8a3967cfde737cdf8,MATM91_d5712a19ee9f8780b5,端羟聚丁二烯推进剂（8610(DQU-01C)）,ENTM92_086748d30acaa310f4,防老剂,ComponentGroup,specific,防老剂等。典型高能富铝复合配方。,,,,,,,true,deterministic_v9_1+v9.2_name_cleanup,183,EVM91_d70a30cda50d2d34b8,accepted
RELM92_bcf2147f1976fb1d0c,MATM91_54b128a1022b723616,端羟聚丁二烯推进剂（8611A）,ENTM92_f52ac3dfd3c16da953,端羟基聚丁二烯,ChemicalComponent,specific,HTPB(粘结剂),,,,,,粘结剂,false,deterministic_v9_1+v9.2_name_cleanup,185,EVM91_186679872f5f64c3a8,accepted
RELM92_65d9d28cfb8f3285be,MATM91_54b128a1022b723616,端羟聚丁二烯推进剂（8611A）,ENTM92_d5bda78088dae8ec1e,高氯酸铵,ChemicalComponent,specific,AP(氧化剂),,,,,,氧化剂,false,deterministic_v9_1+v9.2_name_cleanup,185,EVM91_186679872f5f64c3a8,accepted
RELM92_5eb223f25ea26516ef,MATM91_54b128a1022b723616,端羟聚丁二烯推进剂（8611A）,ENTM92_040b7d73d6ab450cd0,Al,ComponentGroup,generic_group,Al(铝粉)及特定固化剂,,,,,,铝粉)及特定固化剂,false,deterministic_v9_1+v9.2_name_cleanup,185,EVM91_186679872f5f64c3a8,accepted
RELM92_ef27b28c6586979bbd,MATM91_54b128a1022b723616,端羟聚丁二烯推进剂（8611A）,ENTM92_1757468b7b8884c769,键合剂和燃速调节剂,ComponentGroup,specific,键合剂和燃速调节剂。,,,,,,,false,deterministic_v9_1+v9.2_name_cleanup,185,EVM91_186679872f5f64c3a8,accepted
RELM92_19507a27d322f62d03,MATM91_e35dce6e2d96973345,端羟基聚丁二烯推进剂（PL-8）,ENTM92_816437ae5216affb13,HTPB粘结剂,ComponentGroup,generic_group,HTPB粘结剂,,,,,,,false,deterministic_v9_1+v9.2_name_cleanup,186,EVM91_3d643a45207508951e,accepted
RELM92_b795bc94e07c4f5cdd,MATM91_e35dce6e2d96973345,端羟基聚丁二烯推进剂（PL-8）,ENTM92_d5bda78088dae8ec1e,高氯酸铵,ChemicalComponent,specific,AP(高氯酸铵),,,,,,高氯酸铵,false,deterministic_v9_1+v9.2_name_cleanup,186,EVM91_3d643a45207508951e,accepted
RELM92_0f318efcb94621ca96,MATM91_e35dce6e2d96973345,端羟基聚丁二烯推进剂（PL-8）,ENTM92_0915b8630372446322,Al粉,ChemicalComponent,specific,"少量Al粉(为减小尾烟轨迹,铝粉含量通常低于战略导弹)",,,,,少量,"为减小尾烟轨迹,铝粉含量通常低于战略导弹",false,deterministic_v9_1+v9.2_name_cleanup,186,EVM91_3d643a45207508951e,accepted
RELM92_387aa2dce712238b11,MATM91_e35dce6e2d96973345,端羟基聚丁二烯推进剂（PL-8）,ENTM92_85280bb460b09367e4,高效燃速催化剂,ComponentGroup,generic_group,高效燃速催化剂(核心),,,,,,核心,false,deterministic_v9_1+v9.2_name_cleanup,186,EVM91_3d643a45207508951e,accepted
RELM92_1e39a207a26efe3f6d,MATM91_e35dce6e2d96973345,端羟基聚丁二烯推进剂（PL-8）,ENTM92_5e9ce6f19da7587f54,交联剂,ComponentGroup,specific,交联剂等。,,,,,,,true,deterministic_v9_1+v9.2_name_cleanup,186,EVM91_3d643a45207508951e,accepted
RELM92_ad7d9fed3e5d0790e5,MATM91_016bc72bcd92c4c06b,端羟聚丁二烯推进剂（8612）,ENTM92_f52ac3dfd3c16da953,端羟基聚丁二烯,ChemicalComponent,specific,"HTPB(端羟基聚丁二烯,约10-15%)",10,15,,,约,"端羟基聚丁二烯,约",false,deterministic_v9_1+v9.2_name_cleanup,188,EVM91_c56bfc8b7ff6c4db5b,accepted
RELM92_68adea6c21264d8871,MATM91_016bc72bcd92c4c06b,端羟聚丁二烯推进剂（8612）,ENTM92_d5bda78088dae8ec1e,高氯酸铵,ChemicalComponent,specific,"AP(高氯酸铵,约65-75%)",65,75,,,约,"高氯酸铵,约",false,deterministic_v9_1+v9.2_name_cleanup,188,EVM91_c56bfc8b7ff6c4db5b,accepted
RELM92_e870c2bbf207eea2e4,MATM91_016bc72bcd92c4c06b,端羟聚丁二烯推进剂（8612）,ENTM92_ef25a0c55341b4167e,铝粉,ChemicalComponent,specific,"Al(铝粉,约10-20%)",10,20,,,约,"铝粉,约",false,deterministic_v9_1+v9.2_name_cleanup,188,EVM91_c56bfc8b7ff6c4db5b,accepted
RELM92_0b211701b4594160cf,MATM91_016bc72bcd92c4c06b,端羟聚丁二烯推进剂（8612）,ENTM92_f4d648960303997c89,固化剂,ComponentGroup,generic_group,少量固化剂(如TDI/IPDI),,,,,少量,如TDI/IPDI,false,deterministic_v9_1+v9.2_name_cleanup,188,EVM91_c56bfc8b7ff6c4db5b,accepted
RELM92_bff85cc4646d5e26a7,MATM91_016bc72bcd92c4c06b,端羟聚丁二烯推进剂（8612）,ENTM92_ab6b8df5053cd35066,增塑剂,ComponentGroup,generic_group,增塑剂,,,,,,,false,deterministic_v9_1+v9.2_name_cleanup,188,EVM91_c56bfc8b7ff6c4db5b,accepted
RELM92_6b8d62020db40d7d52,MATM91_016bc72bcd92c4c06b,端羟聚丁二烯推进剂（8612）,ENTM92_086748d30acaa310f4,防老剂,ComponentGroup,specific,防老剂等。,,,,,,,true,deterministic_v9_1+v9.2_name_cleanup,188,EVM91_c56bfc8b7ff6c4db5b,accepted
RELM92_abd05796d76d65fe6c,MATM91_7ed09b8eee773dc084,155底排药柱（DDB02）,ENTM92_8ccfba09453e3a5b08,HTPB,ComponentGroup,generic_group,HTPB(端羟基聚丁二烯)粘结剂,,,,,,端羟基聚丁二烯)粘结剂,false,deterministic_v9_1+v9.2_name_cleanup,189,EVM91_8f2a637e154e94ca56,accepted
RELM92_02ea664d8c9df85082,MATM91_7ed09b8eee773dc084,155底排药柱（DDB02）,ENTM92_d5bda78088dae8ec1e,高氯酸铵,ChemicalComponent,specific,AP(高氯酸铵),,,,,,高氯酸铵,false,deterministic_v9_1+v9.2_name_cleanup,189,EVM91_8f2a637e154e94ca56,accepted
RELM92_a97fc874c693d5409d,MATM91_7ed09b8eee773dc084,155底排药柱（DDB02）,ENTM92_70c1545f8e1a7757f6,大量降温剂,ComponentGroup,generic_group,大量降温剂(如草酰胺),,,,,,如草酰胺,false,deterministic_v9_1+v9.2_name_cleanup,189,EVM91_8f2a637e154e94ca56,accepted
RELM92_3f359898bec9d2f2af,MATM91_7ed09b8eee773dc084,155底排药柱（DDB02）,ENTM92_196090a771bff1dd4e,燃速调节剂,ComponentGroup,specific,少量燃速调节剂。属典型富燃料慢燃配方。,,,,,少量,,false,deterministic_v9_1+v9.2_name_cleanup,189,EVM91_8f2a637e154e94ca56,accepted
RELM92_946a741f8453dbbf4a,MATM91_b08d2354163b3a9740,丁羟燃--02底排药（DQR--02）,ENTM92_81dfc9b37de3132299,HTPB,ChemicalComponent,specific,以 HTPB(端羟基聚丁二烯)为粘结剂体系,,,,,,端羟基聚丁二烯,false,deterministic_v9_1+v9.2_name_cleanup,190,EVM91_8122dbc07d96695e1d,accepted
RELM92_35a9d4a3a508eb1faf,MATM91_b08d2354163b3a9740,丁羟燃--02底排药（DQR--02）,ENTM92_d5bda78088dae8ec1e,高氯酸铵,ChemicalComponent,specific,高氯酸铵(AP)为氧化剂。通常为了降低燃速和燃烧温度,,,,,,,false,deterministic_v9_1+v9.2_name_cleanup,190,EVM91_8122dbc07d96695e1d,accepted
RELM92_73ddad8f9c0a72bee7,MATM91_eee51dd0631608efee,聚氯乙烯推进剂,ENTM92_ec6692f05df908b2dc,聚氯乙烯,ChemicalComponent,specific,通常包含:聚氯乙烯(PVC)树脂,,,,,,PVC)树脂,false,deterministic_v9_1+v9.2_name_cleanup,191,EVM91_3609756e879499919e,accepted
RELM92_d6aab69b7258bf4f1c,MATM91_eee51dd0631608efee,聚氯乙烯推进剂,ENTM92_ab6b8df5053cd35066,增塑剂,ComponentGroup,generic_group,增塑剂,,,,,,,false,deterministic_v9_1+v9.2_name_cleanup,191,EVM91_3609756e879499919e,accepted
RELM92_36b78d66bc52bea38f,MATM91_eee51dd0631608efee,聚氯乙烯推进剂,ENTM92_0509f0d6e0037dc044,氧化剂,ComponentGroup,generic_group,"氧化剂(如高氯酸铵 AP,占比通常在 60%-80%)",60,80,,,约,"如高氯酸铵 AP,占比通常在",false,deterministic_v9_1+v9.2_name_cleanup,191,EVM91_3609756e879499919e,accepted
RELM92_1597b0c54384d7310c,MATM91_eee51dd0631608efee,聚氯乙烯推进剂,ENTM92_64865a31fd4af137b6,金属粉,ComponentGroup,generic_group,金属粉(如铝粉 Al),,,,,,如铝粉 Al,false,deterministic_v9_1+v9.2_name_cleanup,191,EVM91_3609756e879499919e,accepted
