properties_json,relationship_type,source_id,source_label,target_id,target_label
{},REPRESENTS,CELL_SDF_TABLE_15_R10_C14,MatrixCell,REL_D713FEFBA9032DD1,LogicRelation
{},REPRESENTS,CELL_SDF_TABLE_15_R11_C14,MatrixCell,REL_A816599FDF8529C8,LogicRelation
{},REPRESENTS,CELL_SDF_TABLE_15_R12_C11,MatrixCell,REL_2BAF8D5005A5782F,LogicRelation
{},REPRESENTS,CELL_SDF_TABLE_15_R12_C14,MatrixCell,REL_827D47B3EDD59F1A,LogicRelation
{},REPRESENTS,CELL_SDF_TABLE_15_R12_C15,MatrixCell,REL_F8A5661E6B22B6DE,LogicRelation
{},REPRESENTS,CELL_SDF_TABLE_15_R12_C7,MatrixCell,REL_4E3A8E5800E27040,LogicRelation
{},REPRESENTS,CELL_SDF_TABLE_15_R13_C11,MatrixCell,REL_18A9B8BEB95554B8,LogicRelation
{},REPRESENTS,CELL_SDF_TABLE_15_R13_C14,MatrixCell,REL_B93986FBA0258D5A,LogicRelation
{},REPRESENTS,CELL_SDF_TABLE_15_R13_C16,MatrixCell,REL_0263C45E36D4F1B6,LogicRelation
{},REPRESENTS,CELL_SDF_TABLE_15_R14_C14,MatrixCell,REL_538E15CC75551CF0,LogicRelation
{},REPRESENTS,CELL_SDF_TABLE_15_R15_C15,MatrixCell,REL_63C3CFF94BC68D49,LogicRelation
{},REPRESENTS,CELL_SDF_TABLE_15_R15_C3,MatrixCell,REL_2BC7B7242B617776,LogicRelation
{},REPRESENTS,CELL_SDF_TABLE_15_R16_C10,MatrixCell,REL_21469F3CFE53486E,LogicRelation
{},REPRESENTS,CELL_SDF_TABLE_15_R16_C15,MatrixCell,REL_B674A07486846BEA,LogicRelation
{},REPRESENTS,CELL_SDF_TABLE_15_R16_C16,MatrixCell,REL_07C67C3D7E5E425E,LogicRelation
{},REPRESENTS,CELL_SDF_TABLE_15_R16_C4,MatrixCell,REL_A12AEE82CBE38A47,LogicRelation
{},REPRESENTS,CELL_SDF_TABLE_15_R16_C5,MatrixCell,REL_111BDC2E0BB8EE8E,LogicRelation
{},REPRESENTS,CELL_SDF_TABLE_15_R16_C6,MatrixCell,REL_40192D1040BA64C9,LogicRelation
{},REPRESENTS,CELL_SDF_TABLE_15_R16_C7,MatrixCell,REL_491069C15B6F2E53,LogicRelation
{},REPRESENTS,CELL_SDF_TABLE_15_R16_C8,MatrixCell,REL_FF834F2B24795B41,LogicRelation
{},REPRESENTS,CELL_SDF_TABLE_15_R16_C9,MatrixCell,REL_859497E808C25E38,LogicRelation
{},REPRESENTS,CELL_SDF_TABLE_15_R17_C12,MatrixCell,REL_96DA97DD96E96BA3,LogicRelation
{},REPRESENTS,CELL_SDF_TABLE_15_R17_C13,MatrixCell,REL_249EA6A464036218,LogicRelation
{},REPRESENTS,CELL_SDF_TABLE_15_R17_C17,MatrixCell,REL_60138EB24B984F49,LogicRelation
{},REPRESENTS,CELL_SDF_TABLE_15_R3_C10,MatrixCell,REL_AC5FDA8897C5A63E,LogicRelation
{},REPRESENTS,CELL_SDF_TABLE_15_R3_C11,MatrixCell,REL_3EA54B421531B94E,LogicRelation
{},REPRESENTS,CELL_SDF_TABLE_15_R3_C15,MatrixCell,REL_302CBD44FD06463F,LogicRelation
{},REPRESENTS,CELL_SDF_TABLE_15_R3_C3,MatrixCell,REL_3DF6FF95152ACE7B,LogicRelation
{},REPRESENTS,CELL_SDF_TABLE_15_R3_C4,MatrixCell,REL_FF9373B80BCA8C67,LogicRelation
{},REPRESENTS,CELL_SDF_TABLE_15_R3_C7,MatrixCell,REL_7C35B6AE8CE1D1DD,LogicRelation
{},REPRESENTS,CELL_SDF_TABLE_15_R3_C8,MatrixCell,REL_E341C496E64FAEA9,LogicRelation
{},REPRESENTS,CELL_SDF_TABLE_15_R4_C10,MatrixCell,REL_19D85BCF46354FDF,LogicRelation
{},REPRESENTS,CELL_SDF_TABLE_15_R4_C11,MatrixCell,REL_45C1D77489EF06E4,LogicRelation
{},REPRESENTS,CELL_SDF_TABLE_15_R4_C15,MatrixCell,REL_2B33891FADC7035B,LogicRelation
{},REPRESENTS,CELL_SDF_TABLE_15_R4_C4,MatrixCell,REL_7DA95158249B6D55,LogicRelation
{},REPRESENTS,CELL_SDF_TABLE_15_R4_C5,MatrixCell,REL_49E761014F772C81,LogicRelation
{},REPRESENTS,CELL_SDF_TABLE_15_R4_C6,MatrixCell,REL_40180FF019A9EDD2,LogicRelation
{},REPRESENTS,CELL_SDF_TABLE_15_R4_C7,MatrixCell,REL_C8D03374CC2CD88F,LogicRelation
{},REPRESENTS,CELL_SDF_TABLE_15_R4_C8,MatrixCell,REL_E7327541EA0654A3,LogicRelation
{},REPRESENTS,CELL_SDF_TABLE_15_R4_C9,MatrixCell,REL_663670D2A55B40CB,LogicRelation
{},REPRESENTS,CELL_SDF_TABLE_15_R5_C11,MatrixCell,REL_E5C1CBD041788FF1,LogicRelation
{},REPRESENTS,CELL_SDF_TABLE_15_R6_C12,MatrixCell,REL_FCD8E5FE4F1F74F7,LogicRelation
{},REPRESENTS,CELL_SDF_TABLE_15_R6_C13,MatrixCell,REL_BE3FED53C5867F66,LogicRelation
{},REPRESENTS,CELL_SDF_TABLE_15_R7_C12,MatrixCell,REL_C934770DD000A64A,LogicRelation
{},REPRESENTS,CELL_SDF_TABLE_15_R7_C13,MatrixCell,REL_D9783826E7CF79BC,LogicRelation
{},REPRESENTS,CELL_SDF_TABLE_15_R7_C16,MatrixCell,REL_1F825BE3642CD48B,LogicRelation
{},REPRESENTS,CELL_SDF_TABLE_15_R7_C17,MatrixCell,REL_6702FDA9C424BD8D,LogicRelation
{},REPRESENTS,CELL_SDF_TABLE_15_R8_C11,MatrixCell,REL_88A9AA4003461B5B,LogicRelation
{},REPRESENTS,CELL_SDF_TABLE_15_R8_C12,MatrixCell,REL_4AA812BE6012BF76,LogicRelation
{},REPRESENTS,CELL_SDF_TABLE_15_R8_C13,MatrixCell,REL_5440C776C6C98CDA,LogicRelation
{},REPRESENTS,CELL_SDF_TABLE_15_R8_C17,MatrixCell,REL_6F553B009CDC19BF,LogicRelation
{},REPRESENTS,CELL_SDF_TABLE_15_R9_C14,MatrixCell,REL_708840FD566279F4,LogicRelation
{},REPRESENTS,CELL_SDF_TABLE_1_R10_C10,MatrixCell,REL_17852D24072D87AB,LogicRelation
{},REPRESENTS,CELL_SDF_TABLE_1_R10_C11,MatrixCell,REL_2CBBF0892D6F1725,LogicRelation
{},REPRESENTS,CELL_SDF_TABLE_1_R10_C3,MatrixCell,REL_303F9A7AA45A52F9,LogicRelation
{},REPRESENTS,CELL_SDF_TABLE_1_R10_C4,MatrixCell,REL_D9AF64AF304DFE23,LogicRelation
{},REPRESENTS,CELL_SDF_TABLE_1_R10_C9,MatrixCell,REL_9CE711844F0091DC,LogicRelation
{},REPRESENTS,CELL_SDF_TABLE_1_R11_C10,MatrixCell,REL_382FE1F4F3B08D72,LogicRelation
{},REPRESENTS,CELL_SDF_TABLE_1_R11_C11,MatrixCell,REL_2851219DC77EE1CF,LogicRelation
{},REPRESENTS,CELL_SDF_TABLE_1_R11_C12,MatrixCell,REL_9B6145F9BFD0B6A8,LogicRelation
{},REPRESENTS,CELL_SDF_TABLE_1_R11_C14,MatrixCell,REL_E387096A9C7B69A2,LogicRelation
{},REPRESENTS,CELL_SDF_TABLE_1_R11_C3,MatrixCell,REL_E9038E88EB299D0D,LogicRelation
{},REPRESENTS,CELL_SDF_TABLE_1_R11_C7,MatrixCell,REL_C668C7E71E69AFBE,LogicRelation
{},REPRESENTS,CELL_SDF_TABLE_1_R11_C8,MatrixCell,REL_A7AD05BEA2F3200E,LogicRelation
{},REPRESENTS,CELL_SDF_TABLE_1_R11_C9,MatrixCell,REL_B05F58D1911BEDF1,LogicRelation
{},REPRESENTS,CELL_SDF_TABLE_1_R12_C11,MatrixCell,REL_4F74CFF3308CEB58,LogicRelation
{},REPRESENTS,CELL_SDF_TABLE_1_R14_C11,MatrixCell,REL_604FEE38C2D51117,LogicRelation
{},REPRESENTS,CELL_SDF_TABLE_1_R14_C3,MatrixCell,REL_DD53A51BEE21DA8E,LogicRelation
{},REPRESENTS,CELL_SDF_TABLE_1_R14_C4,MatrixCell,REL_1133953BC891A2F5,LogicRelation
{},REPRESENTS,CELL_SDF_TABLE_1_R14_C5,MatrixCell,REL_FD046547965FB259,LogicRelation
{},REPRESENTS,CELL_SDF_TABLE_1_R14_C8,MatrixCell,REL_3007501D590533BB,LogicRelation
{},REPRESENTS,CELL_SDF_TABLE_1_R3_C10,MatrixCell,REL_4AA17BDB66645789,LogicRelation
{},REPRESENTS,CELL_SDF_TABLE_1_R3_C11,MatrixCell,REL_EA9F9CB81FE23165,LogicRelation
{},REPRESENTS,CELL_SDF_TABLE_1_R3_C14,MatrixCell,REL_9BE0CAF8397811B8,LogicRelation
{},REPRESENTS,CELL_SDF_TABLE_1_R3_C3,MatrixCell,REL_71BBD5074E1D2A0E,LogicRelation
{},REPRESENTS,CELL_SDF_TABLE_1_R3_C4,MatrixCell,REL_B676EFD8ED3A1737,LogicRelation
{},REPRESENTS,CELL_SDF_TABLE_1_R3_C5,MatrixCell,REL_A12C4AB4BFFAC3D7,LogicRelation
{},REPRESENTS,CELL_SDF_TABLE_1_R3_C6,MatrixCell,REL_E48A479425EA5F7C,LogicRelation
{},REPRESENTS,CELL_SDF_TABLE_1_R3_C7,MatrixCell,REL_E1B80642E5C8DA32,LogicRelation
{},REPRESENTS,CELL_SDF_TABLE_1_R3_C9,MatrixCell,REL_1FBDFDE31E032F19,LogicRelation
{},REPRESENTS,CELL_SDF_TABLE_1_R4_C10,MatrixCell,REL_1E82B36B3CB7CD7E,LogicRelation
{},REPRESENTS,CELL_SDF_TABLE_1_R4_C14,MatrixCell,REL_82F68B669253E2D3,LogicRelation
{},REPRESENTS,CELL_SDF_TABLE_1_R4_C3,MatrixCell,REL_3C21EB7B9CD7D18A,LogicRelation
{},REPRESENTS,CELL_SDF_TABLE_1_R5_C14,MatrixCell,REL_EA1F9BF733D7EB65,LogicRelation
{},REPRESENTS,CELL_SDF_TABLE_1_R5_C3,MatrixCell,REL_DB1C25BE5237FDC9,LogicRelation
{},REPRESENTS,CELL_SDF_TABLE_1_R6_C3,MatrixCell,REL_6AC2679C6C2CDF2E,LogicRelation
{},REPRESENTS,CELL_SDF_TABLE_1_R7_C11,MatrixCell,REL_0698B3752E2C1A36,LogicRelation
{},REPRESENTS,CELL_SDF_TABLE_1_R7_C3,MatrixCell,REL_C8A17B5CB1DF6E47,LogicRelation
{},REPRESENTS,CELL_SDF_TABLE_1_R8_C11,MatrixCell,REL_F111700A0C40958A,LogicRelation
{},REPRESENTS,CELL_SDF_TABLE_1_R8_C14,MatrixCell,REL_F602B9F7E2CDFFEB,LogicRelation
{},REPRESENTS,CELL_SDF_TABLE_1_R8_C8,MatrixCell,REL_47D2600CA67E7FA2,LogicRelation
{},REPRESENTS,CELL_SDF_TABLE_1_R8_C9,MatrixCell,REL_F0E699645CC8FB3F,LogicRelation
{},REPRESENTS,CELL_SDF_TABLE_1_R9_C10,MatrixCell,REL_00B8BA4C993BCEF4,LogicRelation
{},REPRESENTS,CELL_SDF_TABLE_1_R9_C11,MatrixCell,REL_6ACE28A570E10F2D,LogicRelation
{},REPRESENTS,CELL_SDF_TABLE_1_R9_C3,MatrixCell,REL_15A30FD8ADE1A961,LogicRelation
{},REPRESENTS,CELL_SDF_TABLE_1_R9_C8,MatrixCell,REL_EBE4F2654C928138,LogicRelation
{},REPRESENTS,CELL_SDF_TABLE_25_R10_C6,MatrixCell,REL_CE5E2BF6F464480A,LogicRelation
{},REPRESENTS,CELL_SDF_TABLE_25_R11_C6,MatrixCell,REL_40CC86346446BF1F,LogicRelation
{},REPRESENTS,CELL_SDF_TABLE_25_R12_C6,MatrixCell,REL_B4A3939CEB696D90,LogicRelation
{},REPRESENTS,CELL_SDF_TABLE_25_R13_C6,MatrixCell,REL_A5BD5D1DF56762BA,LogicRelation
{},REPRESENTS,CELL_SDF_TABLE_25_R14_C7,MatrixCell,REL_7D046098521C5434,LogicRelation
{},REPRESENTS,CELL_SDF_TABLE_25_R15_C8,MatrixCell,REL_0C078ECD871DA422,LogicRelation
{},REPRESENTS,CELL_SDF_TABLE_25_R15_C9,MatrixCell,REL_20A316F5A1C01761,LogicRelation
{},REPRESENTS,CELL_SDF_TABLE_25_R16_C10,MatrixCell,REL_EF8CB954E3605B6C,LogicRelation
{},REPRESENTS,CELL_SDF_TABLE_25_R16_C11,MatrixCell,REL_902698017629E79B,LogicRelation
{},REPRESENTS,CELL_SDF_TABLE_25_R17_C12,MatrixCell,REL_81C68A66E8213136,LogicRelation
{},REPRESENTS,CELL_SDF_TABLE_25_R18_C13,MatrixCell,REL_12F858498D3611DA,LogicRelation
{},REPRESENTS,CELL_SDF_TABLE_25_R18_C14,MatrixCell,REL_41A7A538AE264775,LogicRelation
{},REPRESENTS,CELL_SDF_TABLE_25_R19_C11,MatrixCell,REL_8F05106A076CC821,LogicRelation
{},REPRESENTS,CELL_SDF_TABLE_25_R19_C5,MatrixCell,REL_0E147381D68FFB8A,LogicRelation
{},REPRESENTS,CELL_SDF_TABLE_25_R3_C3,MatrixCell,REL_B35695159E9DA0A4,LogicRelation
{},REPRESENTS,CELL_SDF_TABLE_25_R4_C4,MatrixCell,REL_0C9DE48F03B4B7CA,LogicRelation
{},REPRESENTS,CELL_SDF_TABLE_25_R5_C11,MatrixCell,REL_C2D4C822DED9C85B,LogicRelation
{},REPRESENTS,CELL_SDF_TABLE_25_R5_C5,MatrixCell,REL_61FD1DC455D006A1,LogicRelation
{},REPRESENTS,CELL_SDF_TABLE_25_R6_C11,MatrixCell,REL_673F427BE84CB770,LogicRelation
{},REPRESENTS,CELL_SDF_TABLE_25_R6_C5,MatrixCell,REL_65B0D3EA37D07A70,LogicRelation
{},REPRESENTS,CELL_SDF_TABLE_25_R7_C11,MatrixCell,REL_63AB5CDE5B72BA6A,LogicRelation
{},REPRESENTS,CELL_SDF_TABLE_25_R7_C5,MatrixCell,REL_100794D6C1893C3E,LogicRelation
{},REPRESENTS,CELL_SDF_TABLE_25_R8_C6,MatrixCell,REL_CC8B3E3339C7D5B8,LogicRelation
{},REPRESENTS,CELL_SDF_TABLE_25_R9_C6,MatrixCell,REL_122872E1314AEA69,LogicRelation
{},REPRESENTS,CELL_SDF_TABLE_31_R10_C6,MatrixCell,REL_63AACF38E6B5A516,LogicRelation
{},REPRESENTS,CELL_SDF_TABLE_31_R10_C7,MatrixCell,REL_88A71EBB8ED024C1,LogicRelation
{},REPRESENTS,CELL_SDF_TABLE_31_R10_C8,MatrixCell,REL_058F6FED20875C0F,LogicRelation
{},REPRESENTS,CELL_SDF_TABLE_31_R11_C12,MatrixCell,REL_B3A4098F168F18A1,LogicRelation
{},REPRESENTS,CELL_SDF_TABLE_31_R11_C9,MatrixCell,REL_1F6D3BC1EE17E7B7,LogicRelation
{},REPRESENTS,CELL_SDF_TABLE_31_R12_C12,MatrixCell,REL_0DBF4C4DA8AD319C,LogicRelation
{},REPRESENTS,CELL_SDF_TABLE_31_R12_C9,MatrixCell,REL_5029A9151AD34AC8,LogicRelation
{},REPRESENTS,CELL_SDF_TABLE_31_R13_C10,MatrixCell,REL_4B3F5F80EFB3CB6C,LogicRelation
{},REPRESENTS,CELL_SDF_TABLE_31_R13_C4,MatrixCell,REL_9B822D080A38ADA0,LogicRelation
{},REPRESENTS,CELL_SDF_TABLE_31_R14_C10,MatrixCell,REL_CF1FE7590BE529B2,LogicRelation
{},REPRESENTS,CELL_SDF_TABLE_31_R14_C4,MatrixCell,REL_5B734E2638E01376,LogicRelation
{},REPRESENTS,CELL_SDF_TABLE_31_R15_C10,MatrixCell,REL_A999D72566B66182,LogicRelation
{},REPRESENTS,CELL_SDF_TABLE_31_R15_C4,MatrixCell,REL_66DCD6B1F2FE116D,LogicRelation
{},REPRESENTS,CELL_SDF_TABLE_31_R16_C10,MatrixCell,REL_99D822AF530377C5,LogicRelation
{},REPRESENTS,CELL_SDF_TABLE_31_R17_C13,MatrixCell,REL_6719381211F175A2,LogicRelation
{},REPRESENTS,CELL_SDF_TABLE_31_R3_C11,MatrixCell,REL_FA84002B188E8049,LogicRelation
{},REPRESENTS,CELL_SDF_TABLE_31_R3_C3,MatrixCell,REL_E84E69F0F5A71770,LogicRelation
{},REPRESENTS,CELL_SDF_TABLE_31_R3_C5,MatrixCell,REL_903D302545C8935F,LogicRelation
{},REPRESENTS,CELL_SDF_TABLE_31_R4_C10,MatrixCell,REL_C2B7A4A2FAB818F4,LogicRelation
{},REPRESENTS,CELL_SDF_TABLE_31_R4_C12,MatrixCell,REL_C3C0A574AC319FCF,LogicRelation
{},REPRESENTS,CELL_SDF_TABLE_31_R4_C3,MatrixCell,REL_581CFED7F5D006DA,LogicRelation
{},REPRESENTS,CELL_SDF_TABLE_31_R5_C3,MatrixCell,REL_BE9EB16C809CA309,LogicRelation
{},REPRESENTS,CELL_SDF_TABLE_31_R6_C3,MatrixCell,REL_3698C059A5D7AE71,LogicRelation
{},REPRESENTS,CELL_SDF_TABLE_31_R6_C6,MatrixCell,REL_C6022EEB0E48F675,LogicRelation
{},REPRESENTS,CELL_SDF_TABLE_31_R7_C3,MatrixCell,REL_BDA57A2802C33003,LogicRelation
{},REPRESENTS,CELL_SDF_TABLE_31_R7_C7,MatrixCell,REL_004D736555389850,LogicRelation
{},REPRESENTS,CELL_SDF_TABLE_31_R8_C4,MatrixCell,REL_861DA3B10CCBAF8D,LogicRelation
{},REPRESENTS,CELL_SDF_TABLE_31_R9_C10,MatrixCell,REL_C5C3F296D8AF3E83,LogicRelation
{},REPRESENTS,CELL_SDF_TABLE_31_R9_C11,MatrixCell,REL_7FDEE83A98949F6D,LogicRelation
{},REPRESENTS,CELL_SDF_TABLE_31_R9_C4,MatrixCell,REL_A0DF940415E3622A,LogicRelation
{},REPRESENTS,CELL_SDF_TABLE_31_R9_C5,MatrixCell,REL_76AC61188704BFF7,LogicRelation
{},HAS_PARAMETER_GROUP,DIM_EQUIPMENT,Dimension,PG_EQUIPMENT_2486D2FA61,ParameterGroup
{},HAS_PARAMETER_GROUP,DIM_EQUIPMENT,Dimension,PG_EQUIPMENT_3BA297C286,ParameterGroup
{},HAS_PARAMETER_GROUP,DIM_EQUIPMENT,Dimension,PG_EQUIPMENT_7CD74A412F,ParameterGroup
{},HAS_PARAMETER_GROUP,DIM_EQUIPMENT,Dimension,PG_EQUIPMENT_BE82CD1BB4,ParameterGroup
{},HAS_PARAMETER_GROUP,DIM_EQUIPMENT,Dimension,PG_EQUIPMENT_E161143F3E,ParameterGroup
{},HAS_PARAMETER_GROUP,DIM_MATERIAL,Dimension,PG_MATERIAL_1B4A34A7DB,ParameterGroup
{},HAS_PARAMETER_GROUP,DIM_MATERIAL,Dimension,PG_MATERIAL_573E910C41,ParameterGroup
{},HAS_PARAMETER_GROUP,DIM_MATERIAL,Dimension,PG_MATERIAL_6CC6773603,ParameterGroup
{},HAS_PARAMETER_GROUP,DIM_MATERIAL,Dimension,PG_MATERIAL_B8DB229307,ParameterGroup
{},HAS_PARAMETER_GROUP,DIM_PROCESS,Dimension,PG_PROCESS_10ADD585EB,ParameterGroup
{},HAS_PARAMETER_GROUP,DIM_PROCESS,Dimension,PG_PROCESS_254F13BD4B,ParameterGroup
{},HAS_PARAMETER_GROUP,DIM_PROCESS,Dimension,PG_PROCESS_C9BC3E3C4A,ParameterGroup
{},HAS_SECTION,DOC_SDF_20260725,SourceDocument,SDF_SEC_2_1_1_1,SectionContent
{},HAS_SECTION,DOC_SDF_20260725,SourceDocument,SDF_SEC_2_1_1_2,SectionContent
{},HAS_SECTION,DOC_SDF_20260725,SourceDocument,SDF_SEC_2_1_1_3,SectionContent
{},HAS_SECTION,DOC_SDF_20260725,SourceDocument,SDF_SEC_2_1_2_1,SectionContent
{},HAS_SECTION,DOC_SDF_20260725,SourceDocument,SDF_SEC_2_1_2_2,SectionContent
{},HAS_SECTION,DOC_SDF_20260725,SourceDocument,SDF_SEC_2_1_2_3,SectionContent
{},HAS_SECTION,DOC_SDF_20260725,SourceDocument,SDF_SEC_2_1_2_4,SectionContent
{},HAS_SECTION,DOC_SDF_20260725,SourceDocument,SDF_SEC_2_1_2_5,SectionContent
{},HAS_SECTION,DOC_SDF_20260725,SourceDocument,SDF_SEC_2_1_2_6,SectionContent
{},HAS_SECTION,DOC_SDF_20260725,SourceDocument,SDF_SEC_2_1_3_1,SectionContent
{},HAS_SECTION,DOC_SDF_20260725,SourceDocument,SDF_SEC_2_1_3_2,SectionContent
{},HAS_SECTION,DOC_SDF_20260725,SourceDocument,SDF_SEC_2_1_3_3,SectionContent
{},HAS_SECTION,DOC_SDF_20260725,SourceDocument,SDF_SEC_2_1_3_4,SectionContent
{},HAS_SECTION,DOC_SDF_20260725,SourceDocument,SDF_SEC_2_1_3_5,SectionContent
{},HAS_SECTION,DOC_SDF_20260725,SourceDocument,SDF_SEC_2_1_4_1,SectionContent
{},HAS_SECTION,DOC_SDF_20260725,SourceDocument,SDF_SEC_2_1_4_2,SectionContent
{},HAS_SECTION,DOC_SDF_20260725,SourceDocument,SDF_SEC_2_3_1_1,SectionContent
{},HAS_SECTION,DOC_SDF_20260725,SourceDocument,SDF_SEC_2_3_1_10,SectionContent
{},HAS_SECTION,DOC_SDF_20260725,SourceDocument,SDF_SEC_2_3_1_11,SectionContent
{},HAS_SECTION,DOC_SDF_20260725,SourceDocument,SDF_SEC_2_3_1_12,SectionContent
{},HAS_SECTION,DOC_SDF_20260725,SourceDocument,SDF_SEC_2_3_1_13,SectionContent
{},HAS_SECTION,DOC_SDF_20260725,SourceDocument,SDF_SEC_2_3_1_14,SectionContent
{},HAS_SECTION,DOC_SDF_20260725,SourceDocument,SDF_SEC_2_3_1_15,SectionContent
{},HAS_SECTION,DOC_SDF_20260725,SourceDocument,SDF_SEC_2_3_1_16,SectionContent
{},HAS_SECTION,DOC_SDF_20260725,SourceDocument,SDF_SEC_2_3_1_17,SectionContent
{},HAS_SECTION,DOC_SDF_20260725,SourceDocument,SDF_SEC_2_3_1_18,SectionContent
{},HAS_SECTION,DOC_SDF_20260725,SourceDocument,SDF_SEC_2_3_1_19,SectionContent
{},HAS_SECTION,DOC_SDF_20260725,SourceDocument,SDF_SEC_2_3_1_2,SectionContent
{},HAS_SECTION,DOC_SDF_20260725,SourceDocument,SDF_SEC_2_3_1_3,SectionContent
{},HAS_SECTION,DOC_SDF_20260725,SourceDocument,SDF_SEC_2_3_1_4,SectionContent
{},HAS_SECTION,DOC_SDF_20260725,SourceDocument,SDF_SEC_2_3_1_5,SectionContent
{},HAS_SECTION,DOC_SDF_20260725,SourceDocument,SDF_SEC_2_3_1_6,SectionContent
{},HAS_SECTION,DOC_SDF_20260725,SourceDocument,SDF_SEC_2_3_1_7,SectionContent
{},HAS_SECTION,DOC_SDF_20260725,SourceDocument,SDF_SEC_2_3_1_8,SectionContent
{},HAS_SECTION,DOC_SDF_20260725,SourceDocument,SDF_SEC_2_3_1_9,SectionContent
{},HAS_SECTION,DOC_SDF_20260725,SourceDocument,SDF_SEC_2_3_2_1,SectionContent
{},HAS_SECTION,DOC_SDF_20260725,SourceDocument,SDF_SEC_2_3_2_2,SectionContent
{},HAS_SECTION,DOC_SDF_20260725,SourceDocument,SDF_SEC_2_3_2_3,SectionContent
{},HAS_SECTION,DOC_SDF_20260725,SourceDocument,SDF_SEC_2_3_2_4,SectionContent
{},HAS_SECTION,DOC_SDF_20260725,SourceDocument,SDF_SEC_2_3_3_1,SectionContent
{},HAS_SECTION,DOC_SDF_20260725,SourceDocument,SDF_SEC_2_3_3_2,SectionContent
{},HAS_SECTION,DOC_SDF_20260725,SourceDocument,SDF_SEC_2_3_3_3,SectionContent
{},HAS_SECTION,DOC_SDF_20260725,SourceDocument,SDF_SEC_2_3_3_4,SectionContent
{},HAS_SECTION,DOC_SDF_20260725,SourceDocument,SDF_SEC_2_3_3_5,SectionContent
{},HAS_SECTION,DOC_SDF_20260725,SourceDocument,SDF_SEC_2_3_4_1,SectionContent
{},HAS_SECTION,DOC_SDF_20260725,SourceDocument,SDF_SEC_2_3_4_2,SectionContent
{},HAS_SECTION,DOC_SDF_20260725,SourceDocument,SDF_SEC_2_3_4_3,SectionContent
{},HAS_SECTION,DOC_SDF_20260725,SourceDocument,SDF_SEC_2_3_4_4,SectionContent
{},HAS_SECTION,DOC_SDF_20260725,SourceDocument,SDF_SEC_2_3_5_1,SectionContent
{},HAS_SECTION,DOC_SDF_20260725,SourceDocument,SDF_SEC_2_3_5_2,SectionContent
{},HAS_SECTION,DOC_SDF_20260725,SourceDocument,SDF_SEC_2_3_5_3,SectionContent
{},HAS_SECTION,DOC_SDF_20260725,SourceDocument,SDF_SEC_3_1_1_1,SectionContent
{},HAS_SECTION,DOC_SDF_20260725,SourceDocument,SDF_SEC_3_1_1_2,SectionContent
{},HAS_SECTION,DOC_SDF_20260725,SourceDocument,SDF_SEC_3_1_2_1,SectionContent
{},HAS_SECTION,DOC_SDF_20260725,SourceDocument,SDF_SEC_3_1_2_2,SectionContent
{},HAS_SECTION,DOC_SDF_20260725,SourceDocument,SDF_SEC_3_1_2_3,SectionContent
{},HAS_SECTION,DOC_SDF_20260725,SourceDocument,SDF_SEC_3_1_3_1,SectionContent
{},HAS_SECTION,DOC_SDF_20260725,SourceDocument,SDF_SEC_3_1_3_2,SectionContent
{},HAS_SECTION,DOC_SDF_20260725,SourceDocument,SDF_SEC_3_1_3_3,SectionContent
{},HAS_SECTION,DOC_SDF_20260725,SourceDocument,SDF_SEC_3_1_3_4,SectionContent
{},HAS_SECTION,DOC_SDF_20260725,SourceDocument,SDF_SEC_3_1_4_1,SectionContent
{},HAS_SECTION,DOC_SDF_20260725,SourceDocument,SDF_SEC_3_1_4_2,SectionContent
{},HAS_SECTION,DOC_SDF_20260725,SourceDocument,SDF_SEC_3_1_4_3,SectionContent
{},HAS_SECTION,DOC_SDF_20260725,SourceDocument,SDF_SEC_3_1_4_4,SectionContent
{},HAS_SECTION,DOC_SDF_20260725,SourceDocument,SDF_SEC_3_1_4_5,SectionContent
{},HAS_SECTION,DOC_SDF_20260725,SourceDocument,SDF_SEC_3_2_0_1,SectionContent
{},HAS_SECTION,DOC_SDF_20260725,SourceDocument,SDF_SEC_3_2_0_2,SectionContent
{},HAS_SECTION,DOC_SDF_20260725,SourceDocument,SDF_SEC_3_2_0_3,SectionContent
{},HAS_SECTION,DOC_SDF_20260725,SourceDocument,SDF_SEC_3_2_0_4,SectionContent
{},HAS_SECTION,DOC_SDF_20260725,SourceDocument,SDF_SEC_3_2_1_1,SectionContent
{},HAS_SECTION,DOC_SDF_20260725,SourceDocument,SDF_SEC_3_2_2_1,SectionContent
{},HAS_SECTION,DOC_SDF_20260725,SourceDocument,SDF_SEC_3_3_1_1,SectionContent
{},HAS_SECTION,DOC_SDF_20260725,SourceDocument,SDF_SEC_3_3_1_2,SectionContent
{},HAS_SECTION,DOC_SDF_20260725,SourceDocument,SDF_SEC_3_3_1_3,SectionContent
{},HAS_SECTION,DOC_SDF_20260725,SourceDocument,SDF_SEC_3_3_1_4,SectionContent
{},HAS_SECTION,DOC_SDF_20260725,SourceDocument,SDF_SEC_4_1_1_1,SectionContent
{},HAS_SECTION,DOC_SDF_20260725,SourceDocument,SDF_SEC_4_1_1_2,SectionContent
{},HAS_SECTION,DOC_SDF_20260725,SourceDocument,SDF_SEC_4_1_1_3,SectionContent
{},HAS_SECTION,DOC_SDF_20260725,SourceDocument,SDF_SEC_4_1_1_4,SectionContent
{},HAS_SECTION,DOC_SDF_20260725,SourceDocument,SDF_SEC_4_1_1_5,SectionContent
{},HAS_SECTION,DOC_SDF_20260725,SourceDocument,SDF_SEC_4_1_1_6,SectionContent
{},HAS_SECTION,DOC_SDF_20260725,SourceDocument,SDF_SEC_4_1_1_7,SectionContent
{},HAS_SECTION,DOC_SDF_20260725,SourceDocument,SDF_SEC_4_1_1_8,SectionContent
{},HAS_SECTION,DOC_SDF_20260725,SourceDocument,SDF_SEC_4_1_2_1,SectionContent
{},HAS_SECTION,DOC_SDF_20260725,SourceDocument,SDF_SEC_4_1_2_2,SectionContent
{},HAS_SECTION,DOC_SDF_20260725,SourceDocument,SDF_SEC_4_1_2_3,SectionContent
{},HAS_SECTION,DOC_SDF_20260725,SourceDocument,SDF_SEC_4_2_1_1,SectionContent
{},HAS_SECTION,DOC_SDF_20260725,SourceDocument,SDF_SEC_4_3_1_1,SectionContent
{},HAS_SECTION,DOC_SDF_20260725,SourceDocument,SDF_SEC_4_3_1_2,SectionContent
{},HAS_SECTION,DOC_SDF_20260725,SourceDocument,SDF_SEC_4_3_1_3,SectionContent
{},HAS_SECTION,DOC_SDF_20260725,SourceDocument,SDF_SEC_4_3_2_1,SectionContent
{},HAS_SECTION,DOC_SDF_20260725,SourceDocument,SDF_SEC_4_3_2_2,SectionContent
{},HAS_SECTION,DOC_SDF_20260725,SourceDocument,SDF_SEC_4_3_2_3,SectionContent
{},HAS_SECTION,DOC_SDF_20260725,SourceDocument,SDF_SEC_4_3_3_1,SectionContent
{},HAS_SECTION,DOC_SDF_20260725,SourceDocument,SDF_SEC_4_3_3_10,SectionContent
{},HAS_SECTION,DOC_SDF_20260725,SourceDocument,SDF_SEC_4_3_3_11,SectionContent
{},HAS_SECTION,DOC_SDF_20260725,SourceDocument,SDF_SEC_4_3_3_12,SectionContent
{},HAS_SECTION,DOC_SDF_20260725,SourceDocument,SDF_SEC_4_3_3_13,SectionContent
{},HAS_SECTION,DOC_SDF_20260725,SourceDocument,SDF_SEC_4_3_3_2,SectionContent
{},HAS_SECTION,DOC_SDF_20260725,SourceDocument,SDF_SEC_4_3_3_3,SectionContent
{},HAS_SECTION,DOC_SDF_20260725,SourceDocument,SDF_SEC_4_3_3_4,SectionContent
{},HAS_SECTION,DOC_SDF_20260725,SourceDocument,SDF_SEC_4_3_3_5,SectionContent
{},HAS_SECTION,DOC_SDF_20260725,SourceDocument,SDF_SEC_4_3_3_6,SectionContent
{},HAS_SECTION,DOC_SDF_20260725,SourceDocument,SDF_SEC_4_3_3_7,SectionContent
{},HAS_SECTION,DOC_SDF_20260725,SourceDocument,SDF_SEC_4_3_3_8,SectionContent
{},HAS_SECTION,DOC_SDF_20260725,SourceDocument,SDF_SEC_4_3_3_9,SectionContent
{},USES_DIMENSION,DOMAIN_SDF,Domain,DIM_EQUIPMENT,Dimension
{},USES_DIMENSION,DOMAIN_SDF,Domain,DIM_MATERIAL,Dimension
{},USES_DIMENSION,DOMAIN_SDF,Domain,DIM_PROCESS,Dimension
{},FROM_DIMENSION,PAIR_EQUIPMENT_EQUIPMENT,RelationGroup,DIM_EQUIPMENT,Dimension
{},TO_DIMENSION,PAIR_EQUIPMENT_EQUIPMENT,RelationGroup,DIM_EQUIPMENT,Dimension
{},FROM_DIMENSION,PAIR_EQUIPMENT_MATERIAL,RelationGroup,DIM_EQUIPMENT,Dimension
{},TO_DIMENSION,PAIR_EQUIPMENT_MATERIAL,RelationGroup,DIM_MATERIAL,Dimension
{},FROM_DIMENSION,PAIR_EQUIPMENT_PROCESS,RelationGroup,DIM_EQUIPMENT,Dimension
{},TO_DIMENSION,PAIR_EQUIPMENT_PROCESS,RelationGroup,DIM_PROCESS,Dimension
{},FROM_DIMENSION,PAIR_MATERIAL_EQUIPMENT,RelationGroup,DIM_MATERIAL,Dimension
{},TO_DIMENSION,PAIR_MATERIAL_EQUIPMENT,RelationGroup,DIM_EQUIPMENT,Dimension
{},FROM_DIMENSION,PAIR_MATERIAL_MATERIAL,RelationGroup,DIM_MATERIAL,Dimension
{},TO_DIMENSION,PAIR_MATERIAL_MATERIAL,RelationGroup,DIM_MATERIAL,Dimension
{},FROM_DIMENSION,PAIR_MATERIAL_PROCESS,RelationGroup,DIM_MATERIAL,Dimension
{},TO_DIMENSION,PAIR_MATERIAL_PROCESS,RelationGroup,DIM_PROCESS,Dimension
{},FROM_DIMENSION,PAIR_PROCESS_EQUIPMENT,RelationGroup,DIM_PROCESS,Dimension
{},TO_DIMENSION,PAIR_PROCESS_EQUIPMENT,RelationGroup,DIM_EQUIPMENT,Dimension
{},FROM_DIMENSION,PAIR_PROCESS_MATERIAL,RelationGroup,DIM_PROCESS,Dimension
{},TO_DIMENSION,PAIR_PROCESS_MATERIAL,RelationGroup,DIM_MATERIAL,Dimension
{},FROM_DIMENSION,PAIR_PROCESS_PROCESS,RelationGroup,DIM_PROCESS,Dimension
{},TO_DIMENSION,PAIR_PROCESS_PROCESS,RelationGroup,DIM_PROCESS,Dimension
{},HAS_PARAMETER,PG_EQUIPMENT_2486D2FA61,ParameterGroup,PARAM_EQUIPMENT_21F98CD3B7DF,Parameter
{},HAS_PARAMETER,PG_EQUIPMENT_2486D2FA61,ParameterGroup,PARAM_EQUIPMENT_2486D2FA618D,Parameter
{},HAS_PARAMETER,PG_EQUIPMENT_2486D2FA61,ParameterGroup,PARAM_EQUIPMENT_9A0E2DBAC647,Parameter
{},HAS_PARAMETER,PG_EQUIPMENT_2486D2FA61,ParameterGroup,PARAM_EQUIPMENT_B6616E1BA782,Parameter
{},HAS_PARAMETER,PG_EQUIPMENT_2486D2FA61,ParameterGroup,PARAM_EQUIPMENT_EEFAFD94CAF7,Parameter
{},HAS_PARAMETER,PG_EQUIPMENT_3BA297C286,ParameterGroup,PARAM_EQUIPMENT_3BA297C2868C,Parameter
{},HAS_PARAMETER,PG_EQUIPMENT_3BA297C286,ParameterGroup,PARAM_EQUIPMENT_4AE6CDBCAB9D,Parameter
{},HAS_PARAMETER,PG_EQUIPMENT_3BA297C286,ParameterGroup,PARAM_EQUIPMENT_86DA9FDAA71D,Parameter
{},HAS_PARAMETER,PG_EQUIPMENT_3BA297C286,ParameterGroup,PARAM_EQUIPMENT_A369F84358EF,Parameter
{},HAS_PARAMETER,PG_EQUIPMENT_3BA297C286,ParameterGroup,PARAM_EQUIPMENT_B17A3C2AC8DD,Parameter
{},HAS_PARAMETER,PG_EQUIPMENT_7CD74A412F,ParameterGroup,PARAM_EQUIPMENT_4C634730A40C,Parameter
{},HAS_PARAMETER,PG_EQUIPMENT_7CD74A412F,ParameterGroup,PARAM_EQUIPMENT_7CD74A412F5E,Parameter
{},HAS_PARAMETER,PG_EQUIPMENT_7CD74A412F,ParameterGroup,PARAM_EQUIPMENT_7F87A12DA9DE,Parameter
{},HAS_PARAMETER,PG_EQUIPMENT_7CD74A412F,ParameterGroup,PARAM_EQUIPMENT_C2DDC18B61BB,Parameter
{},HAS_PARAMETER,PG_EQUIPMENT_BE82CD1BB4,ParameterGroup,PARAM_EQUIPMENT_0F2792FE9EAA,Parameter
{},HAS_PARAMETER,PG_EQUIPMENT_BE82CD1BB4,ParameterGroup,PARAM_EQUIPMENT_8A216C63884D,Parameter
{},HAS_PARAMETER,PG_EQUIPMENT_BE82CD1BB4,ParameterGroup,PARAM_EQUIPMENT_8B8455D5E01C,Parameter
{},HAS_PARAMETER,PG_EQUIPMENT_BE82CD1BB4,ParameterGroup,PARAM_EQUIPMENT_BE82CD1BB47A,Parameter
{},HAS_PARAMETER,PG_EQUIPMENT_BE82CD1BB4,ParameterGroup,PARAM_EQUIPMENT_BF8D741EF586,Parameter
{},HAS_PARAMETER,PG_EQUIPMENT_BE82CD1BB4,ParameterGroup,PARAM_EQUIPMENT_F56BA73207D0,Parameter
{},HAS_PARAMETER,PG_EQUIPMENT_E161143F3E,ParameterGroup,PARAM_EQUIPMENT_8734DF47BD28,Parameter
{},HAS_PARAMETER,PG_EQUIPMENT_E161143F3E,ParameterGroup,PARAM_EQUIPMENT_F29AEAAF8940,Parameter
{},HAS_PARAMETER,PG_EQUIPMENT_E161143F3E,ParameterGroup,PARAM_EQUIPMENT_FCD53935FD79,Parameter
{},HAS_PARAMETER,PG_MATERIAL_1B4A34A7DB,ParameterGroup,PARAM_MATERIAL_1A9E264C9946,Parameter
{},HAS_PARAMETER,PG_MATERIAL_1B4A34A7DB,ParameterGroup,PARAM_MATERIAL_64070CD4FD1A,Parameter
{},HAS_PARAMETER,PG_MATERIAL_1B4A34A7DB,ParameterGroup,PARAM_MATERIAL_C07BBED50994,Parameter
{},HAS_PARAMETER,PG_MATERIAL_1B4A34A7DB,ParameterGroup,PARAM_MATERIAL_C8B60C6A63B4,Parameter
{},HAS_PARAMETER,PG_MATERIAL_573E910C41,ParameterGroup,PARAM_MATERIAL_573E910C4112,Parameter
{},HAS_PARAMETER,PG_MATERIAL_6CC6773603,ParameterGroup,PARAM_MATERIAL_6CC6773603AD,Parameter
{},HAS_PARAMETER,PG_MATERIAL_6CC6773603,ParameterGroup,PARAM_MATERIAL_72E2DDF51F75,Parameter
{},HAS_PARAMETER,PG_MATERIAL_6CC6773603,ParameterGroup,PARAM_MATERIAL_867CB187BBD3,Parameter
{},HAS_PARAMETER,PG_MATERIAL_6CC6773603,ParameterGroup,PARAM_MATERIAL_ABF1141A1A59,Parameter
{},HAS_PARAMETER,PG_MATERIAL_6CC6773603,ParameterGroup,PARAM_MATERIAL_E66B6AF1CAA8,Parameter
{},HAS_PARAMETER,PG_MATERIAL_6CC6773603,ParameterGroup,PARAM_MATERIAL_EF96EA0893F7,Parameter
{},HAS_PARAMETER,PG_MATERIAL_B8DB229307,ParameterGroup,PARAM_MATERIAL_0A2AB2B770B3,Parameter
{},HAS_PARAMETER,PG_MATERIAL_B8DB229307,ParameterGroup,PARAM_MATERIAL_0A5804759914,Parameter
{},HAS_PARAMETER,PG_MATERIAL_B8DB229307,ParameterGroup,PARAM_MATERIAL_0ACC666511A7,Parameter
{},HAS_PARAMETER,PG_MATERIAL_B8DB229307,ParameterGroup,PARAM_MATERIAL_0AFC04A27CB1,Parameter
{},HAS_PARAMETER,PG_MATERIAL_B8DB229307,ParameterGroup,PARAM_MATERIAL_13B9B4BAC28E,Parameter
{},HAS_PARAMETER,PG_MATERIAL_B8DB229307,ParameterGroup,PARAM_MATERIAL_1B4A34A7DB02,Parameter
{},HAS_PARAMETER,PG_MATERIAL_B8DB229307,ParameterGroup,PARAM_MATERIAL_1BC79FD9430B,Parameter
{},HAS_PARAMETER,PG_MATERIAL_B8DB229307,ParameterGroup,PARAM_MATERIAL_2100D9CCAD57,Parameter
{},HAS_PARAMETER,PG_MATERIAL_B8DB229307,ParameterGroup,PARAM_MATERIAL_32C4AC754395,Parameter
{},HAS_PARAMETER,PG_MATERIAL_B8DB229307,ParameterGroup,PARAM_MATERIAL_32DA72DCD424,Parameter
{},HAS_PARAMETER,PG_MATERIAL_B8DB229307,ParameterGroup,PARAM_MATERIAL_373C98209BD6,Parameter
{},HAS_PARAMETER,PG_MATERIAL_B8DB229307,ParameterGroup,PARAM_MATERIAL_389390EE681A,Parameter
{},HAS_PARAMETER,PG_MATERIAL_B8DB229307,ParameterGroup,PARAM_MATERIAL_3A5F446FE8FA,Parameter
{},HAS_PARAMETER,PG_MATERIAL_B8DB229307,ParameterGroup,PARAM_MATERIAL_3F39D5C348E5,Parameter
{},HAS_PARAMETER,PG_MATERIAL_B8DB229307,ParameterGroup,PARAM_MATERIAL_44937E0387B3,Parameter
{},HAS_PARAMETER,PG_MATERIAL_B8DB229307,ParameterGroup,PARAM_MATERIAL_492AC17C389A,Parameter
{},HAS_PARAMETER,PG_MATERIAL_B8DB229307,ParameterGroup,PARAM_MATERIAL_4BD29B339038,Parameter
{},HAS_PARAMETER,PG_MATERIAL_B8DB229307,ParameterGroup,PARAM_MATERIAL_578E8B3EC6CE,Parameter
{},HAS_PARAMETER,PG_MATERIAL_B8DB229307,ParameterGroup,PARAM_MATERIAL_5B14F0618C6E,Parameter
{},HAS_PARAMETER,PG_MATERIAL_B8DB229307,ParameterGroup,PARAM_MATERIAL_5BFE4AB097BC,Parameter
{},HAS_PARAMETER,PG_MATERIAL_B8DB229307,ParameterGroup,PARAM_MATERIAL_5CF0AE523D26,Parameter
{},HAS_PARAMETER,PG_MATERIAL_B8DB229307,ParameterGroup,PARAM_MATERIAL_60E56702B1F6,Parameter
{},HAS_PARAMETER,PG_MATERIAL_B8DB229307,ParameterGroup,PARAM_MATERIAL_632A004A069A,Parameter
{},HAS_PARAMETER,PG_MATERIAL_B8DB229307,ParameterGroup,PARAM_MATERIAL_68BAF4860E75,Parameter
{},HAS_PARAMETER,PG_MATERIAL_B8DB229307,ParameterGroup,PARAM_MATERIAL_699120358D77,Parameter
{},HAS_PARAMETER,PG_MATERIAL_B8DB229307,ParameterGroup,PARAM_MATERIAL_6C7FE336FECF,Parameter
{},HAS_PARAMETER,PG_MATERIAL_B8DB229307,ParameterGroup,PARAM_MATERIAL_761FC4D6CD1F,Parameter
{},HAS_PARAMETER,PG_MATERIAL_B8DB229307,ParameterGroup,PARAM_MATERIAL_771C6082CA96,Parameter
{},HAS_PARAMETER,PG_MATERIAL_B8DB229307,ParameterGroup,PARAM_MATERIAL_78AA3C67A4E4,Parameter
{},HAS_PARAMETER,PG_MATERIAL_B8DB229307,ParameterGroup,PARAM_MATERIAL_7EB23E66E151,Parameter
{},HAS_PARAMETER,PG_MATERIAL_B8DB229307,ParameterGroup,PARAM_MATERIAL_7F18ED2699B2,Parameter
{},HAS_PARAMETER,PG_MATERIAL_B8DB229307,ParameterGroup,PARAM_MATERIAL_82A785B29AB0,Parameter
{},HAS_PARAMETER,PG_MATERIAL_B8DB229307,ParameterGroup,PARAM_MATERIAL_84550BACB6A8,Parameter
{},HAS_PARAMETER,PG_MATERIAL_B8DB229307,ParameterGroup,PARAM_MATERIAL_8ADA795DCA41,Parameter
{},HAS_PARAMETER,PG_MATERIAL_B8DB229307,ParameterGroup,PARAM_MATERIAL_8B38F9258FA0,Parameter
{},HAS_PARAMETER,PG_MATERIAL_B8DB229307,ParameterGroup,PARAM_MATERIAL_8B496D2CB62C,Parameter
{},HAS_PARAMETER,PG_MATERIAL_B8DB229307,ParameterGroup,PARAM_MATERIAL_8C7F0DC406B8,Parameter
{},HAS_PARAMETER,PG_MATERIAL_B8DB229307,ParameterGroup,PARAM_MATERIAL_9181A80363C0,Parameter
{},HAS_PARAMETER,PG_MATERIAL_B8DB229307,ParameterGroup,PARAM_MATERIAL_92530574FDA0,Parameter
{},HAS_PARAMETER,PG_MATERIAL_B8DB229307,ParameterGroup,PARAM_MATERIAL_93314212C3CE,Parameter
{},HAS_PARAMETER,PG_MATERIAL_B8DB229307,ParameterGroup,PARAM_MATERIAL_94865A2B1101,Parameter
{},HAS_PARAMETER,PG_MATERIAL_B8DB229307,ParameterGroup,PARAM_MATERIAL_9BECEAFB1099,Parameter
{},HAS_PARAMETER,PG_MATERIAL_B8DB229307,ParameterGroup,PARAM_MATERIAL_9E17ADCAE764,Parameter
{},HAS_PARAMETER,PG_MATERIAL_B8DB229307,ParameterGroup,PARAM_MATERIAL_A29722F2A397,Parameter
{},HAS_PARAMETER,PG_MATERIAL_B8DB229307,ParameterGroup,PARAM_MATERIAL_A408AEA2BEF6,Parameter
{},HAS_PARAMETER,PG_MATERIAL_B8DB229307,ParameterGroup,PARAM_MATERIAL_AB4E996C4E63,Parameter
{},HAS_PARAMETER,PG_MATERIAL_B8DB229307,ParameterGroup,PARAM_MATERIAL_ADA465065FBF,Parameter
{},HAS_PARAMETER,PG_MATERIAL_B8DB229307,ParameterGroup,PARAM_MATERIAL_B58E02C82AD7,Parameter
{},HAS_PARAMETER,PG_MATERIAL_B8DB229307,ParameterGroup,PARAM_MATERIAL_B8DB2293075C,Parameter
{},HAS_PARAMETER,PG_MATERIAL_B8DB229307,ParameterGroup,PARAM_MATERIAL_BC0C6C7F422C,Parameter
{},HAS_PARAMETER,PG_MATERIAL_B8DB229307,ParameterGroup,PARAM_MATERIAL_BC6D04F37DF7,Parameter
{},HAS_PARAMETER,PG_MATERIAL_B8DB229307,ParameterGroup,PARAM_MATERIAL_BF5B982668C6,Parameter
{},HAS_PARAMETER,PG_MATERIAL_B8DB229307,ParameterGroup,PARAM_MATERIAL_C09AD669C3F1,Parameter
{},HAS_PARAMETER,PG_MATERIAL_B8DB229307,ParameterGroup,PARAM_MATERIAL_C1920EA23CDC,Parameter
{},HAS_PARAMETER,PG_MATERIAL_B8DB229307,ParameterGroup,PARAM_MATERIAL_C27E4674256C,Parameter
{},HAS_PARAMETER,PG_MATERIAL_B8DB229307,ParameterGroup,PARAM_MATERIAL_C368BDF0F4D3,Parameter
{},HAS_PARAMETER,PG_MATERIAL_B8DB229307,ParameterGroup,PARAM_MATERIAL_C4951775AB89,Parameter
{},HAS_PARAMETER,PG_MATERIAL_B8DB229307,ParameterGroup,PARAM_MATERIAL_CC69BB212DCC,Parameter
{},HAS_PARAMETER,PG_MATERIAL_B8DB229307,ParameterGroup,PARAM_MATERIAL_DC9CCFBCD895,Parameter
{},HAS_PARAMETER,PG_MATERIAL_B8DB229307,ParameterGroup,PARAM_MATERIAL_E23EB415A4C6,Parameter
{},HAS_PARAMETER,PG_MATERIAL_B8DB229307,ParameterGroup,PARAM_MATERIAL_E637482C3A8A,Parameter
{},HAS_PARAMETER,PG_MATERIAL_B8DB229307,ParameterGroup,PARAM_MATERIAL_E8DBAC2D78C8,Parameter
{},HAS_PARAMETER,PG_MATERIAL_B8DB229307,ParameterGroup,PARAM_MATERIAL_EF2AB43FF8D2,Parameter
{},HAS_PARAMETER,PG_MATERIAL_B8DB229307,ParameterGroup,PARAM_MATERIAL_F21662E698A3,Parameter
{},HAS_PARAMETER,PG_MATERIAL_B8DB229307,ParameterGroup,PARAM_MATERIAL_F2DC4263B061,Parameter
{},HAS_PARAMETER,PG_MATERIAL_B8DB229307,ParameterGroup,PARAM_MATERIAL_F48C029385DF,Parameter
{},HAS_PARAMETER,PG_PROCESS_10ADD585EB,ParameterGroup,PARAM_PROCESS_10ADD585EB43,Parameter
{},HAS_PARAMETER,PG_PROCESS_10ADD585EB,ParameterGroup,PARAM_PROCESS_6200948259C0,Parameter
{},HAS_PARAMETER,PG_PROCESS_254F13BD4B,ParameterGroup,PARAM_PROCESS_1215A4FF5205,Parameter
{},HAS_PARAMETER,PG_PROCESS_254F13BD4B,ParameterGroup,PARAM_PROCESS_122A0353791A,Parameter
{},HAS_PARAMETER,PG_PROCESS_254F13BD4B,ParameterGroup,PARAM_PROCESS_159E0F69ABD4,Parameter
{},HAS_PARAMETER,PG_PROCESS_254F13BD4B,ParameterGroup,PARAM_PROCESS_3732E264DFA9,Parameter
{},HAS_PARAMETER,PG_PROCESS_254F13BD4B,ParameterGroup,PARAM_PROCESS_498D53C036A0,Parameter
{},HAS_PARAMETER,PG_PROCESS_254F13BD4B,ParameterGroup,PARAM_PROCESS_49FCD918A8B0,Parameter
{},HAS_PARAMETER,PG_PROCESS_254F13BD4B,ParameterGroup,PARAM_PROCESS_621B67A7FF26,Parameter
{},HAS_PARAMETER,PG_PROCESS_254F13BD4B,ParameterGroup,PARAM_PROCESS_68D8696CEE5C,Parameter
{},HAS_PARAMETER,PG_PROCESS_254F13BD4B,ParameterGroup,PARAM_PROCESS_73DB127A5C56,Parameter
{},HAS_PARAMETER,PG_PROCESS_254F13BD4B,ParameterGroup,PARAM_PROCESS_76C6E87673AE,Parameter
{},HAS_PARAMETER,PG_PROCESS_254F13BD4B,ParameterGroup,PARAM_PROCESS_86E03DC8EFBB,Parameter
{},HAS_PARAMETER,PG_PROCESS_254F13BD4B,ParameterGroup,PARAM_PROCESS_8D419A415CDF,Parameter
{},HAS_PARAMETER,PG_PROCESS_254F13BD4B,ParameterGroup,PARAM_PROCESS_934984F21A30,Parameter
{},HAS_PARAMETER,PG_PROCESS_254F13BD4B,ParameterGroup,PARAM_PROCESS_B0C69B627344,Parameter
{},HAS_PARAMETER,PG_PROCESS_254F13BD4B,ParameterGroup,PARAM_PROCESS_B5A60712BDBC,Parameter
{},HAS_PARAMETER,PG_PROCESS_254F13BD4B,ParameterGroup,PARAM_PROCESS_ECE7AEB2F02C,Parameter
{},HAS_PARAMETER,PG_PROCESS_254F13BD4B,ParameterGroup,PARAM_PROCESS_F781AF9392F3,Parameter
{},HAS_PARAMETER,PG_PROCESS_254F13BD4B,ParameterGroup,PARAM_PROCESS_FC4401132349,Parameter
{},HAS_PARAMETER,PG_PROCESS_C9BC3E3C4A,ParameterGroup,PARAM_PROCESS_01CA57056F1F,Parameter
{},HAS_PARAMETER,PG_PROCESS_C9BC3E3C4A,ParameterGroup,PARAM_PROCESS_1CE5E8F95463,Parameter
{},HAS_PARAMETER,PG_PROCESS_C9BC3E3C4A,ParameterGroup,PARAM_PROCESS_254F13BD4BE0,Parameter
{},HAS_PARAMETER,PG_PROCESS_C9BC3E3C4A,ParameterGroup,PARAM_PROCESS_2A3BD3A5B811,Parameter
{},HAS_PARAMETER,PG_PROCESS_C9BC3E3C4A,ParameterGroup,PARAM_PROCESS_3D997546E90A,Parameter
{},HAS_PARAMETER,PG_PROCESS_C9BC3E3C4A,ParameterGroup,PARAM_PROCESS_7BB4257E7769,Parameter
{},HAS_PARAMETER,PG_PROCESS_C9BC3E3C4A,ParameterGroup,PARAM_PROCESS_9A2BD293863F,Parameter
{},HAS_PARAMETER,PG_PROCESS_C9BC3E3C4A,ParameterGroup,PARAM_PROCESS_BDCA85AEA7EB,Parameter
{},HAS_PARAMETER,PG_PROCESS_C9BC3E3C4A,ParameterGroup,PARAM_PROCESS_C9BC3E3C4A74,Parameter
{},HAS_PARAMETER,PG_PROCESS_C9BC3E3C4A,ParameterGroup,PARAM_PROCESS_D65E7BC3EF07,Parameter
{},HAS_PARAMETER,PG_PROCESS_C9BC3E3C4A,ParameterGroup,PARAM_PROCESS_DABC676680E2,Parameter
{},HAS_PARAMETER,PG_SAFETY_213D0E3400,ParameterGroup,PARAM_SAFETY_31CFAB49610F,Parameter
{},HAS_PARAMETER,PG_SAFETY_213D0E3400,ParameterGroup,PARAM_SAFETY_46CD25D6B2E0,Parameter
{},HAS_PARAMETER,PG_SAFETY_213D0E3400,ParameterGroup,PARAM_SAFETY_58FC70F02DD9,Parameter
{},HAS_PARAMETER,PG_SAFETY_213D0E3400,ParameterGroup,PARAM_SAFETY_5CADD377B08B,Parameter
{},HAS_PARAMETER,PG_SAFETY_213D0E3400,ParameterGroup,PARAM_SAFETY_61994FF4717F,Parameter
{},HAS_PARAMETER,PG_SAFETY_213D0E3400,ParameterGroup,PARAM_SAFETY_77ECCFEA0760,Parameter
{},HAS_PARAMETER,PG_SAFETY_213D0E3400,ParameterGroup,PARAM_SAFETY_91A716112B6A,Parameter
{},HAS_PARAMETER,PG_SAFETY_213D0E3400,ParameterGroup,PARAM_SAFETY_97E1BAE5DFDA,Parameter
{},HAS_PARAMETER,PG_SAFETY_213D0E3400,ParameterGroup,PARAM_SAFETY_B4AEA20B6361,Parameter
{},HAS_PARAMETER,PG_SAFETY_213D0E3400,ParameterGroup,PARAM_SAFETY_B7A8A978D6AC,Parameter
{},HAS_PARAMETER,PG_SAFETY_213D0E3400,ParameterGroup,PARAM_SAFETY_C9AE8405DB91,Parameter
{},HAS_PARAMETER,PG_SAFETY_213D0E3400,ParameterGroup,PARAM_SAFETY_D5B478F56B59,Parameter
{},HAS_PARAMETER,PG_SAFETY_213D0E3400,ParameterGroup,PARAM_SAFETY_D866700AC59D,Parameter
{},HAS_PARAMETER,PG_SAFETY_213D0E3400,ParameterGroup,PARAM_SAFETY_DA90C88D20CB,Parameter
{},HAS_PARAMETER,PG_SAFETY_213D0E3400,ParameterGroup,PARAM_SAFETY_DD81DA22BBE7,Parameter
{},HAS_PARAMETER,PG_SAFETY_54B89F9012,ParameterGroup,PARAM_SAFETY_022993406164,Parameter
{},HAS_PARAMETER,PG_SAFETY_54B89F9012,ParameterGroup,PARAM_SAFETY_03D0A9CD7BBF,Parameter
{},HAS_PARAMETER,PG_SAFETY_54B89F9012,ParameterGroup,PARAM_SAFETY_04B0DD3F318A,Parameter
{},HAS_PARAMETER,PG_SAFETY_54B89F9012,ParameterGroup,PARAM_SAFETY_076FB114FC0C,Parameter
{},HAS_PARAMETER,PG_SAFETY_54B89F9012,ParameterGroup,PARAM_SAFETY_0A0955A1B472,Parameter
{},HAS_PARAMETER,PG_SAFETY_54B89F9012,ParameterGroup,PARAM_SAFETY_0E14D148B46B,Parameter
{},HAS_PARAMETER,PG_SAFETY_54B89F9012,ParameterGroup,PARAM_SAFETY_10E82EC75F42,Parameter
{},HAS_PARAMETER,PG_SAFETY_54B89F9012,ParameterGroup,PARAM_SAFETY_1222A7C2E119,Parameter
{},HAS_PARAMETER,PG_SAFETY_54B89F9012,ParameterGroup,PARAM_SAFETY_136C6AAD5E95,Parameter
{},HAS_PARAMETER,PG_SAFETY_54B89F9012,ParameterGroup,PARAM_SAFETY_21CF249610BF,Parameter
{},HAS_PARAMETER,PG_SAFETY_54B89F9012,ParameterGroup,PARAM_SAFETY_22BE3811F927,Parameter
{},HAS_PARAMETER,PG_SAFETY_54B89F9012,ParameterGroup,PARAM_SAFETY_2B414D3557CA,Parameter
{},HAS_PARAMETER,PG_SAFETY_54B89F9012,ParameterGroup,PARAM_SAFETY_2B6A6FD0DA6B,Parameter
{},HAS_PARAMETER,PG_SAFETY_54B89F9012,ParameterGroup,PARAM_SAFETY_42C4CA149AAB,Parameter
{},HAS_PARAMETER,PG_SAFETY_54B89F9012,ParameterGroup,PARAM_SAFETY_4329A104D14B,Parameter
{},HAS_PARAMETER,PG_SAFETY_54B89F9012,ParameterGroup,PARAM_SAFETY_43CA3BC44214,Parameter
{},HAS_PARAMETER,PG_SAFETY_54B89F9012,ParameterGroup,PARAM_SAFETY_45294EB739F6,Parameter
{},HAS_PARAMETER,PG_SAFETY_54B89F9012,ParameterGroup,PARAM_SAFETY_471545D051ED,Parameter
{},HAS_PARAMETER,PG_SAFETY_54B89F9012,ParameterGroup,PARAM_SAFETY_4DD4DD0A2F93,Parameter
{},HAS_PARAMETER,PG_SAFETY_54B89F9012,ParameterGroup,PARAM_SAFETY_4F09B0347A97,Parameter
{},HAS_PARAMETER,PG_SAFETY_54B89F9012,ParameterGroup,PARAM_SAFETY_54B354A5313F,Parameter
{},HAS_PARAMETER,PG_SAFETY_54B89F9012,ParameterGroup,PARAM_SAFETY_576F5E7B280B,Parameter
{},HAS_PARAMETER,PG_SAFETY_54B89F9012,ParameterGroup,PARAM_SAFETY_5E95CEE5219F,Parameter
{},HAS_PARAMETER,PG_SAFETY_54B89F9012,ParameterGroup,PARAM_SAFETY_6334920E3D97,Parameter
{},HAS_PARAMETER,PG_SAFETY_54B89F9012,ParameterGroup,PARAM_SAFETY_6D24AA56BDDA,Parameter
{},HAS_PARAMETER,PG_SAFETY_54B89F9012,ParameterGroup,PARAM_SAFETY_7CE14FE69678,Parameter
{},HAS_PARAMETER,PG_SAFETY_54B89F9012,ParameterGroup,PARAM_SAFETY_7FE45C8C7B63,Parameter
{},HAS_PARAMETER,PG_SAFETY_54B89F9012,ParameterGroup,PARAM_SAFETY_847C3A1FFBB0,Parameter
{},HAS_PARAMETER,PG_SAFETY_54B89F9012,ParameterGroup,PARAM_SAFETY_8D4CB674F02C,Parameter
{},HAS_PARAMETER,PG_SAFETY_54B89F9012,ParameterGroup,PARAM_SAFETY_8F0A1EE70C71,Parameter
{},HAS_PARAMETER,PG_SAFETY_54B89F9012,ParameterGroup,PARAM_SAFETY_92465F7DA6ED,Parameter
{},HAS_PARAMETER,PG_SAFETY_54B89F9012,ParameterGroup,PARAM_SAFETY_9554A4EB10F5,Parameter
{},HAS_PARAMETER,PG_SAFETY_54B89F9012,ParameterGroup,PARAM_SAFETY_9C43C46E00B2,Parameter
{},HAS_PARAMETER,PG_SAFETY_54B89F9012,ParameterGroup,PARAM_SAFETY_9E17ADCAE764,Parameter
{},HAS_PARAMETER,PG_SAFETY_54B89F9012,ParameterGroup,PARAM_SAFETY_9FDE92485FE1,Parameter
{},HAS_PARAMETER,PG_SAFETY_54B89F9012,ParameterGroup,PARAM_SAFETY_A2055CE7A2D8,Parameter
{},HAS_PARAMETER,PG_SAFETY_54B89F9012,ParameterGroup,PARAM_SAFETY_A66E74D03572,Parameter
{},HAS_PARAMETER,PG_SAFETY_54B89F9012,ParameterGroup,PARAM_SAFETY_A7FEADD1A3E8,Parameter
{},HAS_PARAMETER,PG_SAFETY_54B89F9012,ParameterGroup,PARAM_SAFETY_AA3B791AEC7F,Parameter
{},HAS_PARAMETER,PG_SAFETY_54B89F9012,ParameterGroup,PARAM_SAFETY_AA57B745BBD5,Parameter
{},HAS_PARAMETER,PG_SAFETY_54B89F9012,ParameterGroup,PARAM_SAFETY_ADA465065FBF,Parameter
{},HAS_PARAMETER,PG_SAFETY_54B89F9012,ParameterGroup,PARAM_SAFETY_AF980F27F40F,Parameter
{},HAS_PARAMETER,PG_SAFETY_54B89F9012,ParameterGroup,PARAM_SAFETY_B1E210DEC360,Parameter
{},HAS_PARAMETER,PG_SAFETY_54B89F9012,ParameterGroup,PARAM_SAFETY_B2339B21CD84,Parameter
{},HAS_PARAMETER,PG_SAFETY_54B89F9012,ParameterGroup,PARAM_SAFETY_B2F2A282A5A3,Parameter
{},HAS_PARAMETER,PG_SAFETY_54B89F9012,ParameterGroup,PARAM_SAFETY_B5909BF062CE,Parameter
{},HAS_PARAMETER,PG_SAFETY_54B89F9012,ParameterGroup,PARAM_SAFETY_B63AD4D016EE,Parameter
{},HAS_PARAMETER,PG_SAFETY_54B89F9012,ParameterGroup,PARAM_SAFETY_B80331AA3903,Parameter
{},HAS_PARAMETER,PG_SAFETY_54B89F9012,ParameterGroup,PARAM_SAFETY_BCD76B676692,Parameter
{},HAS_PARAMETER,PG_SAFETY_54B89F9012,ParameterGroup,PARAM_SAFETY_C0CF94580690,Parameter
{},HAS_PARAMETER,PG_SAFETY_54B89F9012,ParameterGroup,PARAM_SAFETY_CA08197B7EEF,Parameter
{},HAS_PARAMETER,PG_SAFETY_54B89F9012,ParameterGroup,PARAM_SAFETY_CD7C50E5EADD,Parameter
{},HAS_PARAMETER,PG_SAFETY_54B89F9012,ParameterGroup,PARAM_SAFETY_D008DE8F3EF7,Parameter
{},HAS_PARAMETER,PG_SAFETY_54B89F9012,ParameterGroup,PARAM_SAFETY_D5832F3FA26C,Parameter
{},HAS_PARAMETER,PG_SAFETY_54B89F9012,ParameterGroup,PARAM_SAFETY_D69705327FB9,Parameter
{},HAS_PARAMETER,PG_SAFETY_54B89F9012,ParameterGroup,PARAM_SAFETY_D7628ABE754E,Parameter
{},HAS_PARAMETER,PG_SAFETY_54B89F9012,ParameterGroup,PARAM_SAFETY_D99FA73E6A53,Parameter
{},HAS_PARAMETER,PG_SAFETY_54B89F9012,ParameterGroup,PARAM_SAFETY_D9ACA67D525A,Parameter
{},HAS_PARAMETER,PG_SAFETY_54B89F9012,ParameterGroup,PARAM_SAFETY_DCE9A1D0EEFB,Parameter
{},HAS_PARAMETER,PG_SAFETY_54B89F9012,ParameterGroup,PARAM_SAFETY_E0F20BCC9CC1,Parameter
{},HAS_PARAMETER,PG_SAFETY_54B89F9012,ParameterGroup,PARAM_SAFETY_E7DA3C756BF1,Parameter
{},HAS_PARAMETER,PG_SAFETY_54B89F9012,ParameterGroup,PARAM_SAFETY_E887DDBC3F25,Parameter
{},HAS_PARAMETER,PG_SAFETY_54B89F9012,ParameterGroup,PARAM_SAFETY_F622B6DEF3FF,Parameter
{},HAS_PARAMETER,PG_SAFETY_54B89F9012,ParameterGroup,PARAM_SAFETY_FDE83D0EF727,Parameter
{},HAS_PARAMETER,PG_SAFETY_681B57E605,ParameterGroup,PARAM_SAFETY_38CDE868803C,Parameter
{},HAS_PARAMETER,PG_SAFETY_681B57E605,ParameterGroup,PARAM_SAFETY_5CF0AE523D26,Parameter
{},HAS_PARAMETER,PG_SAFETY_681B57E605,ParameterGroup,PARAM_SAFETY_6FB9F50DF91B,Parameter
{},HAS_PARAMETER,PG_SAFETY_681B57E605,ParameterGroup,PARAM_SAFETY_A29722F2A397,Parameter
{},HAS_PARAMETER,PG_SAFETY_681B57E605,ParameterGroup,PARAM_SAFETY_CC69BB212DCC,Parameter
{},HAS_PARAMETER,PG_SAFETY_681B57E605,ParameterGroup,PARAM_SAFETY_E5AA9AB748EF,Parameter
{},HAS_PARAMETER,PG_SAFETY_7BF29CE5FC,ParameterGroup,PARAM_SAFETY_01A6A5BD06DB,Parameter
{},HAS_PARAMETER,PG_SAFETY_7BF29CE5FC,ParameterGroup,PARAM_SAFETY_04A269C1AD90,Parameter
{},HAS_PARAMETER,PG_SAFETY_7BF29CE5FC,ParameterGroup,PARAM_SAFETY_1A68CCB0C9D3,Parameter
{},HAS_PARAMETER,PG_SAFETY_7BF29CE5FC,ParameterGroup,PARAM_SAFETY_37B8FF502561,Parameter
{},HAS_PARAMETER,PG_SAFETY_7BF29CE5FC,ParameterGroup,PARAM_SAFETY_4013395446A9,Parameter
{},HAS_PARAMETER,PG_SAFETY_7BF29CE5FC,ParameterGroup,PARAM_SAFETY_6C95E13B9D69,Parameter
{},HAS_PARAMETER,PG_SAFETY_7BF29CE5FC,ParameterGroup,PARAM_SAFETY_7789BD5D08B0,Parameter
{},HAS_PARAMETER,PG_SAFETY_7BF29CE5FC,ParameterGroup,PARAM_SAFETY_7B6CC73EA3CD,Parameter
{},HAS_PARAMETER,PG_SAFETY_7BF29CE5FC,ParameterGroup,PARAM_SAFETY_7C063A361027,Parameter
{},HAS_PARAMETER,PG_SAFETY_7BF29CE5FC,ParameterGroup,PARAM_SAFETY_8941AD704A11,Parameter
{},HAS_PARAMETER,PG_SAFETY_7BF29CE5FC,ParameterGroup,PARAM_SAFETY_8C31837822DD,Parameter
{},HAS_PARAMETER,PG_SAFETY_7BF29CE5FC,ParameterGroup,PARAM_SAFETY_A22C498231CE,Parameter
{},HAS_PARAMETER,PG_SAFETY_7BF29CE5FC,ParameterGroup,PARAM_SAFETY_AB2AFA02760B,Parameter
{},HAS_PARAMETER,PG_SAFETY_7BF29CE5FC,ParameterGroup,PARAM_SAFETY_B94454FF57B8,Parameter
{},HAS_PARAMETER,PG_SAFETY_7BF29CE5FC,ParameterGroup,PARAM_SAFETY_BA2C05294357,Parameter
{},HAS_PARAMETER,PG_SAFETY_7BF29CE5FC,ParameterGroup,PARAM_SAFETY_C7726003FCDE,Parameter
{},HAS_PARAMETER,PG_SAFETY_7BF29CE5FC,ParameterGroup,PARAM_SAFETY_D7F4AA34C661,Parameter
{},HAS_PARAMETER,PG_SAFETY_7BF29CE5FC,ParameterGroup,PARAM_SAFETY_DF53DF98AE22,Parameter
{},HAS_PARAMETER,PG_SAFETY_7BF29CE5FC,ParameterGroup,PARAM_SAFETY_F287BE76488E,Parameter
{},HAS_PARAMETER,PG_SAFETY_7BF29CE5FC,ParameterGroup,PARAM_SAFETY_F8AE10732E4B,Parameter
{},HAS_PARAMETER,PG_SAFETY_7BF29CE5FC,ParameterGroup,PARAM_SAFETY_F92CFE769538,Parameter
{},HAS_PARAMETER,PG_SAFETY_BFEB1337BC,ParameterGroup,PARAM_SAFETY_0ADF891B74AE,Parameter
{},HAS_PARAMETER,PG_SAFETY_BFEB1337BC,ParameterGroup,PARAM_SAFETY_490B8FE1BF2E,Parameter
{},HAS_PARAMETER,PG_SAFETY_BFEB1337BC,ParameterGroup,PARAM_SAFETY_B48F2863D44C,Parameter
{},HAS_PARAMETER,PG_SAFETY_BFEB1337BC,ParameterGroup,PARAM_SAFETY_E28419351F52,Parameter
{},HAS_PARAMETER,PG_SAFETY_BFEB1337BC,ParameterGroup,PARAM_SAFETY_EE7BCF5C01D3,Parameter
{},HAS_PARAMETER,PG_SAFETY_BFEB1337BC,ParameterGroup,PARAM_SAFETY_F562580AB31E,Parameter
{},HAS_PARAMETER,PG_SAFETY_DBCF776871,ParameterGroup,PARAM_SAFETY_036760451697,Parameter
{},HAS_PARAMETER,PG_SAFETY_DBCF776871,ParameterGroup,PARAM_SAFETY_04C8A9C6BCF8,Parameter
{},HAS_PARAMETER,PG_SAFETY_DBCF776871,ParameterGroup,PARAM_SAFETY_124A82DC1B51,Parameter
{},HAS_PARAMETER,PG_SAFETY_DBCF776871,ParameterGroup,PARAM_SAFETY_12EF8D0466CB,Parameter
{},HAS_PARAMETER,PG_SAFETY_DBCF776871,ParameterGroup,PARAM_SAFETY_19B59EA1C50E,Parameter
{},HAS_PARAMETER,PG_SAFETY_DBCF776871,ParameterGroup,PARAM_SAFETY_1A613500C193,Parameter
{},HAS_PARAMETER,PG_SAFETY_DBCF776871,ParameterGroup,PARAM_SAFETY_1AADD9D3B79A,Parameter
{},HAS_PARAMETER,PG_SAFETY_DBCF776871,ParameterGroup,PARAM_SAFETY_4023957F0531,Parameter
{},HAS_PARAMETER,PG_SAFETY_DBCF776871,ParameterGroup,PARAM_SAFETY_4D6501C36F01,Parameter
{},HAS_PARAMETER,PG_SAFETY_DBCF776871,ParameterGroup,PARAM_SAFETY_4FACE967BBC2,Parameter
{},HAS_PARAMETER,PG_SAFETY_DBCF776871,ParameterGroup,PARAM_SAFETY_5DB5CEF76925,Parameter
{},HAS_PARAMETER,PG_SAFETY_DBCF776871,ParameterGroup,PARAM_SAFETY_6A882AE4A452,Parameter
{},HAS_PARAMETER,PG_SAFETY_DBCF776871,ParameterGroup,PARAM_SAFETY_8CFAE5DBEA65,Parameter
{},HAS_PARAMETER,PG_SAFETY_DBCF776871,ParameterGroup,PARAM_SAFETY_9B937C5090BB,Parameter
{},HAS_PARAMETER,PG_SAFETY_DBCF776871,ParameterGroup,PARAM_SAFETY_9DD1A7A6E30D,Parameter
{},HAS_PARAMETER,PG_SAFETY_DBCF776871,ParameterGroup,PARAM_SAFETY_A86E244E2838,Parameter
{},HAS_PARAMETER,PG_SAFETY_DBCF776871,ParameterGroup,PARAM_SAFETY_A8C7C40EB066,Parameter
{},HAS_PARAMETER,PG_SAFETY_DBCF776871,ParameterGroup,PARAM_SAFETY_AA2CF02A84AC,Parameter
{},HAS_PARAMETER,PG_SAFETY_DBCF776871,ParameterGroup,PARAM_SAFETY_FB97DE5B5E76,Parameter
{},HAS_PARAMETER,PG_SAFETY_DBCF776871,ParameterGroup,PARAM_SAFETY_FD834924487A,Parameter
{},BELONGS_TO,REL_004D736555389850,LogicRelation,PAIR_MATERIAL_PROCESS,RelationGroup
{},BELONGS_TO,REL_00B8BA4C993BCEF4,LogicRelation,PAIR_EQUIPMENT_EQUIPMENT,RelationGroup
{},BELONGS_TO,REL_0263C45E36D4F1B6,LogicRelation,PAIR_PROCESS_MATERIAL,RelationGroup
{},BELONGS_TO,REL_058F6FED20875C0F,LogicRelation,PAIR_PROCESS_PROCESS,RelationGroup
{},BELONGS_TO,REL_0698B3752E2C1A36,LogicRelation,PAIR_EQUIPMENT_PROCESS,RelationGroup
{},BELONGS_TO,REL_07C67C3D7E5E425E,LogicRelation,PAIR_PROCESS_MATERIAL,RelationGroup
{},BELONGS_TO,REL_0C078ECD871DA422,LogicRelation,PAIR_EQUIPMENT_EQUIPMENT,RelationGroup
{},BELONGS_TO,REL_0C9DE48F03B4B7CA,LogicRelation,PAIR_MATERIAL_EQUIPMENT,RelationGroup
{},BELONGS_TO,REL_0DBF4C4DA8AD319C,LogicRelation,PAIR_PROCESS_PROCESS,RelationGroup
{},BELONGS_TO,REL_0E147381D68FFB8A,LogicRelation,PAIR_PROCESS_EQUIPMENT,RelationGroup
{},BELONGS_TO,REL_100794D6C1893C3E,LogicRelation,PAIR_MATERIAL_EQUIPMENT,RelationGroup
{},BELONGS_TO,REL_111BDC2E0BB8EE8E,LogicRelation,PAIR_PROCESS_MATERIAL,RelationGroup
{},BELONGS_TO,REL_1133953BC891A2F5,LogicRelation,PAIR_PROCESS_MATERIAL,RelationGroup
{},BELONGS_TO,REL_122872E1314AEA69,LogicRelation,PAIR_MATERIAL_EQUIPMENT,RelationGroup
{},BELONGS_TO,REL_12F858498D3611DA,LogicRelation,PAIR_PROCESS_EQUIPMENT,RelationGroup
{},BELONGS_TO,REL_15A30FD8ADE1A961,LogicRelation,PAIR_EQUIPMENT_MATERIAL,RelationGroup
{},BELONGS_TO,REL_17852D24072D87AB,LogicRelation,PAIR_EQUIPMENT_EQUIPMENT,RelationGroup
{},BELONGS_TO,REL_18A9B8BEB95554B8,LogicRelation,PAIR_PROCESS_MATERIAL,RelationGroup
{},BELONGS_TO,REL_19D85BCF46354FDF,LogicRelation,PAIR_MATERIAL_MATERIAL,RelationGroup
{},BELONGS_TO,REL_1E82B36B3CB7CD7E,LogicRelation,PAIR_MATERIAL_EQUIPMENT,RelationGroup
{},BELONGS_TO,REL_1F6D3BC1EE17E7B7,LogicRelation,PAIR_PROCESS_PROCESS,RelationGroup
{},BELONGS_TO,REL_1F825BE3642CD48B,LogicRelation,PAIR_PROCESS_MATERIAL,RelationGroup
{},BELONGS_TO,REL_1FBDFDE31E032F19,LogicRelation,PAIR_MATERIAL_EQUIPMENT,RelationGroup
{},BELONGS_TO,REL_20A316F5A1C01761,LogicRelation,PAIR_EQUIPMENT_EQUIPMENT,RelationGroup
{},BELONGS_TO,REL_21469F3CFE53486E,LogicRelation,PAIR_PROCESS_MATERIAL,RelationGroup
{},BELONGS_TO,REL_249EA6A464036218,LogicRelation,PAIR_PROCESS_MATERIAL,RelationGroup
{},BELONGS_TO,REL_2851219DC77EE1CF,LogicRelation,PAIR_PROCESS_PROCESS,RelationGroup
{},BELONGS_TO,REL_2B33891FADC7035B,LogicRelation,PAIR_MATERIAL_MATERIAL,RelationGroup
{},BELONGS_TO,REL_2BAF8D5005A5782F,LogicRelation,PAIR_PROCESS_MATERIAL,RelationGroup
{},BELONGS_TO,REL_2BC7B7242B617776,LogicRelation,PAIR_PROCESS_MATERIAL,RelationGroup
{},BELONGS_TO,REL_2CBBF0892D6F1725,LogicRelation,PAIR_EQUIPMENT_PROCESS,RelationGroup
{},BELONGS_TO,REL_3007501D590533BB,LogicRelation,PAIR_PROCESS_EQUIPMENT,RelationGroup
{},BELONGS_TO,REL_302CBD44FD06463F,LogicRelation,PAIR_MATERIAL_MATERIAL,RelationGroup
{},BELONGS_TO,REL_303F9A7AA45A52F9,LogicRelation,PAIR_EQUIPMENT_MATERIAL,RelationGroup
{},BELONGS_TO,REL_3698C059A5D7AE71,LogicRelation,PAIR_MATERIAL_PROCESS,RelationGroup
{},BELONGS_TO,REL_382FE1F4F3B08D72,LogicRelation,PAIR_PROCESS_EQUIPMENT,RelationGroup
{},BELONGS_TO,REL_3C21EB7B9CD7D18A,LogicRelation,PAIR_MATERIAL_MATERIAL,RelationGroup
{},BELONGS_TO,REL_3CF72BC786521CBC,LogicRelation,PAIR_MATERIAL_EQUIPMENT,RelationGroup
{},BELONGS_TO,REL_3DF6FF95152ACE7B,LogicRelation,PAIR_MATERIAL_MATERIAL,RelationGroup
{},BELONGS_TO,REL_3EA54B421531B94E,LogicRelation,PAIR_MATERIAL_MATERIAL,RelationGroup
{},BELONGS_TO,REL_40180FF019A9EDD2,LogicRelation,PAIR_MATERIAL_MATERIAL,RelationGroup
{},BELONGS_TO,REL_40192D1040BA64C9,LogicRelation,PAIR_PROCESS_MATERIAL,RelationGroup
{},BELONGS_TO,REL_40CC86346446BF1F,LogicRelation,PAIR_MATERIAL_EQUIPMENT,RelationGroup
{},BELONGS_TO,REL_41A7A538AE264775,LogicRelation,PAIR_PROCESS_EQUIPMENT,RelationGroup
{},BELONGS_TO,REL_45C1D77489EF06E4,LogicRelation,PAIR_MATERIAL_MATERIAL,RelationGroup
{},BELONGS_TO,REL_45CFC88290BC102A,LogicRelation,PAIR_MATERIAL_EQUIPMENT,RelationGroup
{},BELONGS_TO,REL_47D2600CA67E7FA2,LogicRelation,PAIR_EQUIPMENT_EQUIPMENT,RelationGroup
{},BELONGS_TO,REL_491069C15B6F2E53,LogicRelation,PAIR_PROCESS_MATERIAL,RelationGroup
{},BELONGS_TO,REL_49E761014F772C81,LogicRelation,PAIR_MATERIAL_MATERIAL,RelationGroup
{},BELONGS_TO,REL_4AA17BDB66645789,LogicRelation,PAIR_MATERIAL_EQUIPMENT,RelationGroup
{},BELONGS_TO,REL_4AA812BE6012BF76,LogicRelation,PAIR_PROCESS_MATERIAL,RelationGroup
{},BELONGS_TO,REL_4B3F5F80EFB3CB6C,LogicRelation,PAIR_PROCESS_PROCESS,RelationGroup
{},BELONGS_TO,REL_4E3A8E5800E27040,LogicRelation,PAIR_PROCESS_MATERIAL,RelationGroup
{},BELONGS_TO,REL_4F74CFF3308CEB58,LogicRelation,PAIR_PROCESS_PROCESS,RelationGroup
{},BELONGS_TO,REL_5029A9151AD34AC8,LogicRelation,PAIR_PROCESS_PROCESS,RelationGroup
{},BELONGS_TO,REL_538E15CC75551CF0,LogicRelation,PAIR_PROCESS_MATERIAL,RelationGroup
{},BELONGS_TO,REL_5440C776C6C98CDA,LogicRelation,PAIR_PROCESS_MATERIAL,RelationGroup
{},BELONGS_TO,REL_581CFED7F5D006DA,LogicRelation,PAIR_MATERIAL_PROCESS,RelationGroup
{},BELONGS_TO,REL_5B734E2638E01376,LogicRelation,PAIR_PROCESS_PROCESS,RelationGroup
{},BELONGS_TO,REL_60138EB24B984F49,LogicRelation,PAIR_PROCESS_MATERIAL,RelationGroup
{},BELONGS_TO,REL_604FEE38C2D51117,LogicRelation,PAIR_PROCESS_PROCESS,RelationGroup
{},BELONGS_TO,REL_61FD1DC455D006A1,LogicRelation,PAIR_MATERIAL_EQUIPMENT,RelationGroup
{},BELONGS_TO,REL_63AACF38E6B5A516,LogicRelation,PAIR_PROCESS_PROCESS,RelationGroup
{},BELONGS_TO,REL_63AB5CDE5B72BA6A,LogicRelation,PAIR_MATERIAL_EQUIPMENT,RelationGroup
{},BELONGS_TO,REL_63C3CFF94BC68D49,LogicRelation,PAIR_PROCESS_MATERIAL,RelationGroup
{},BELONGS_TO,REL_65B0D3EA37D07A70,LogicRelation,PAIR_MATERIAL_EQUIPMENT,RelationGroup
{},BELONGS_TO,REL_663670D2A55B40CB,LogicRelation,PAIR_MATERIAL_MATERIAL,RelationGroup
{},BELONGS_TO,REL_66DCD6B1F2FE116D,LogicRelation,PAIR_PROCESS_PROCESS,RelationGroup
{},BELONGS_TO,REL_6702FDA9C424BD8D,LogicRelation,PAIR_PROCESS_MATERIAL,RelationGroup
{},BELONGS_TO,REL_6719381211F175A2,LogicRelation,PAIR_PROCESS_PROCESS,RelationGroup
{},BELONGS_TO,REL_673F427BE84CB770,LogicRelation,PAIR_MATERIAL_EQUIPMENT,RelationGroup
{},BELONGS_TO,REL_6AC2679C6C2CDF2E,LogicRelation,PAIR_MATERIAL_MATERIAL,RelationGroup
{},BELONGS_TO,REL_6ACE28A570E10F2D,LogicRelation,PAIR_EQUIPMENT_PROCESS,RelationGroup
{},BELONGS_TO,REL_6F553B009CDC19BF,LogicRelation,PAIR_PROCESS_MATERIAL,RelationGroup
{},BELONGS_TO,REL_708840FD566279F4,LogicRelation,PAIR_PROCESS_MATERIAL,RelationGroup
{},BELONGS_TO,REL_71BBD5074E1D2A0E,LogicRelation,PAIR_MATERIAL_MATERIAL,RelationGroup
{},BELONGS_TO,REL_76AC61188704BFF7,LogicRelation,PAIR_PROCESS_PROCESS,RelationGroup
{},BELONGS_TO,REL_7C35B6AE8CE1D1DD,LogicRelation,PAIR_MATERIAL_MATERIAL,RelationGroup
{},BELONGS_TO,REL_7C480B521B395386,LogicRelation,PAIR_MATERIAL_EQUIPMENT,RelationGroup
{},BELONGS_TO,REL_7D046098521C5434,LogicRelation,PAIR_EQUIPMENT_EQUIPMENT,RelationGroup
{},BELONGS_TO,REL_7DA95158249B6D55,LogicRelation,PAIR_MATERIAL_MATERIAL,RelationGroup
{},BELONGS_TO,REL_7FDEE83A98949F6D,LogicRelation,PAIR_PROCESS_PROCESS,RelationGroup
{},BELONGS_TO,REL_81C68A66E8213136,LogicRelation,PAIR_EQUIPMENT_EQUIPMENT,RelationGroup
{},BELONGS_TO,REL_827D47B3EDD59F1A,LogicRelation,PAIR_PROCESS_MATERIAL,RelationGroup
{},BELONGS_TO,REL_82F68B669253E2D3,LogicRelation,PAIR_MATERIAL_PROCESS,RelationGroup
{},BELONGS_TO,REL_859497E808C25E38,LogicRelation,PAIR_PROCESS_MATERIAL,RelationGroup
{},BELONGS_TO,REL_861DA3B10CCBAF8D,LogicRelation,PAIR_EQUIPMENT_PROCESS,RelationGroup
{},BELONGS_TO,REL_88A71EBB8ED024C1,LogicRelation,PAIR_PROCESS_PROCESS,RelationGroup
{},BELONGS_TO,REL_88A9AA4003461B5B,LogicRelation,PAIR_PROCESS_MATERIAL,RelationGroup
{},BELONGS_TO,REL_8F05106A076CC821,LogicRelation,PAIR_PROCESS_EQUIPMENT,RelationGroup
{},BELONGS_TO,REL_902698017629E79B,LogicRelation,PAIR_EQUIPMENT_EQUIPMENT,RelationGroup
{},BELONGS_TO,REL_903D302545C8935F,LogicRelation,PAIR_MATERIAL_PROCESS,RelationGroup
{},BELONGS_TO,REL_96DA97DD96E96BA3,LogicRelation,PAIR_PROCESS_MATERIAL,RelationGroup
{},BELONGS_TO,REL_99D822AF530377C5,LogicRelation,PAIR_PROCESS_PROCESS,RelationGroup
{},BELONGS_TO,REL_9B6145F9BFD0B6A8,LogicRelation,PAIR_PROCESS_PROCESS,RelationGroup
{},BELONGS_TO,REL_9B822D080A38ADA0,LogicRelation,PAIR_PROCESS_PROCESS,RelationGroup
{},BELONGS_TO,REL_9BE0CAF8397811B8,LogicRelation,PAIR_MATERIAL_PROCESS,RelationGroup
{},BELONGS_TO,REL_9CE711844F0091DC,LogicRelation,PAIR_EQUIPMENT_EQUIPMENT,RelationGroup
{},BELONGS_TO,REL_A0DF940415E3622A,LogicRelation,PAIR_PROCESS_PROCESS,RelationGroup
{},BELONGS_TO,REL_A12AEE82CBE38A47,LogicRelation,PAIR_PROCESS_MATERIAL,RelationGroup
{},BELONGS_TO,REL_A12C4AB4BFFAC3D7,LogicRelation,PAIR_MATERIAL_MATERIAL,RelationGroup
{},BELONGS_TO,REL_A5BD5D1DF56762BA,LogicRelation,PAIR_MATERIAL_EQUIPMENT,RelationGroup
{},BELONGS_TO,REL_A7AD05BEA2F3200E,LogicRelation,PAIR_PROCESS_EQUIPMENT,RelationGroup
{},BELONGS_TO,REL_A816599FDF8529C8,LogicRelation,PAIR_PROCESS_MATERIAL,RelationGroup
{},BELONGS_TO,REL_A999D72566B66182,LogicRelation,PAIR_PROCESS_PROCESS,RelationGroup
{},BELONGS_TO,REL_AC5FDA8897C5A63E,LogicRelation,PAIR_MATERIAL_MATERIAL,RelationGroup
{},BELONGS_TO,REL_B05F58D1911BEDF1,LogicRelation,PAIR_PROCESS_EQUIPMENT,RelationGroup
{},BELONGS_TO,REL_B35695159E9DA0A4,LogicRelation,PAIR_MATERIAL_EQUIPMENT,RelationGroup
{},BELONGS_TO,REL_B3A4098F168F18A1,LogicRelation,PAIR_PROCESS_PROCESS,RelationGroup
{},BELONGS_TO,REL_B4A3939CEB696D90,LogicRelation,PAIR_MATERIAL_EQUIPMENT,RelationGroup
{},BELONGS_TO,REL_B674A07486846BEA,LogicRelation,PAIR_PROCESS_MATERIAL,RelationGroup
{},BELONGS_TO,REL_B676EFD8ED3A1737,LogicRelation,PAIR_MATERIAL_MATERIAL,RelationGroup
{},BELONGS_TO,REL_B93986FBA0258D5A,LogicRelation,PAIR_PROCESS_MATERIAL,RelationGroup
{},BELONGS_TO,REL_BDA57A2802C33003,LogicRelation,PAIR_MATERIAL_PROCESS,RelationGroup
{},BELONGS_TO,REL_BE3FED53C5867F66,LogicRelation,PAIR_PROCESS_MATERIAL,RelationGroup
{},BELONGS_TO,REL_BE9EB16C809CA309,LogicRelation,PAIR_MATERIAL_PROCESS,RelationGroup
{},BELONGS_TO,REL_C2B7A4A2FAB818F4,LogicRelation,PAIR_MATERIAL_PROCESS,RelationGroup
{},BELONGS_TO,REL_C2D4C822DED9C85B,LogicRelation,PAIR_MATERIAL_EQUIPMENT,RelationGroup
{},BELONGS_TO,REL_C3C0A574AC319FCF,LogicRelation,PAIR_MATERIAL_PROCESS,RelationGroup
{},BELONGS_TO,REL_C5C3F296D8AF3E83,LogicRelation,PAIR_PROCESS_PROCESS,RelationGroup
{},BELONGS_TO,REL_C6022EEB0E48F675,LogicRelation,PAIR_MATERIAL_PROCESS,RelationGroup
{},BELONGS_TO,REL_C668C7E71E69AFBE,LogicRelation,PAIR_PROCESS_EQUIPMENT,RelationGroup
{},BELONGS_TO,REL_C8A17B5CB1DF6E47,LogicRelation,PAIR_EQUIPMENT_MATERIAL,RelationGroup
{},BELONGS_TO,REL_C8D03374CC2CD88F,LogicRelation,PAIR_MATERIAL_MATERIAL,RelationGroup
{},BELONGS_TO,REL_C934770DD000A64A,LogicRelation,PAIR_PROCESS_MATERIAL,RelationGroup
{},BELONGS_TO,REL_CC8B3E3339C7D5B8,LogicRelation,PAIR_MATERIAL_EQUIPMENT,RelationGroup
{},BELONGS_TO,REL_CE5E2BF6F464480A,LogicRelation,PAIR_MATERIAL_EQUIPMENT,RelationGroup
{},BELONGS_TO,REL_CF1FE7590BE529B2,LogicRelation,PAIR_PROCESS_PROCESS,RelationGroup
{},BELONGS_TO,REL_D713FEFBA9032DD1,LogicRelation,PAIR_PROCESS_MATERIAL,RelationGroup
{},BELONGS_TO,REL_D9783826E7CF79BC,LogicRelation,PAIR_PROCESS_MATERIAL,RelationGroup
{},BELONGS_TO,REL_D9AF64AF304DFE23,LogicRelation,PAIR_EQUIPMENT_MATERIAL,RelationGroup
{},BELONGS_TO,REL_DB1C25BE5237FDC9,LogicRelation,PAIR_MATERIAL_MATERIAL,RelationGroup
{},BELONGS_TO,REL_DD53A51BEE21DA8E,LogicRelation,PAIR_PROCESS_MATERIAL,RelationGroup
{},BELONGS_TO,REL_E1B80642E5C8DA32,LogicRelation,PAIR_MATERIAL_EQUIPMENT,RelationGroup
{},BELONGS_TO,REL_E341C496E64FAEA9,LogicRelation,PAIR_MATERIAL_MATERIAL,RelationGroup
{},BELONGS_TO,REL_E387096A9C7B69A2,LogicRelation,PAIR_PROCESS_PROCESS,RelationGroup
{},BELONGS_TO,REL_E48A479425EA5F7C,LogicRelation,PAIR_MATERIAL_MATERIAL,RelationGroup
{},BELONGS_TO,REL_E5C1CBD041788FF1,LogicRelation,PAIR_PROCESS_MATERIAL,RelationGroup
{},BELONGS_TO,REL_E7327541EA0654A3,LogicRelation,PAIR_MATERIAL_MATERIAL,RelationGroup
{},BELONGS_TO,REL_E84E69F0F5A71770,LogicRelation,PAIR_MATERIAL_PROCESS,RelationGroup
{},BELONGS_TO,REL_E9038E88EB299D0D,LogicRelation,PAIR_PROCESS_MATERIAL,RelationGroup
{},BELONGS_TO,REL_EA1F9BF733D7EB65,LogicRelation,PAIR_MATERIAL_PROCESS,RelationGroup
{},BELONGS_TO,REL_EA9F9CB81FE23165,LogicRelation,PAIR_MATERIAL_PROCESS,RelationGroup
{},BELONGS_TO,REL_EBE4F2654C928138,LogicRelation,PAIR_EQUIPMENT_EQUIPMENT,RelationGroup
{},BELONGS_TO,REL_EF8CB954E3605B6C,LogicRelation,PAIR_EQUIPMENT_EQUIPMENT,RelationGroup
{},BELONGS_TO,REL_F0E699645CC8FB3F,LogicRelation,PAIR_EQUIPMENT_EQUIPMENT,RelationGroup
{},BELONGS_TO,REL_F111700A0C40958A,LogicRelation,PAIR_EQUIPMENT_PROCESS,RelationGroup
{},BELONGS_TO,REL_F602B9F7E2CDFFEB,LogicRelation,PAIR_EQUIPMENT_PROCESS,RelationGroup
{},BELONGS_TO,REL_F8A5661E6B22B6DE,LogicRelation,PAIR_PROCESS_MATERIAL,RelationGroup
{},BELONGS_TO,REL_FA84002B188E8049,LogicRelation,PAIR_MATERIAL_PROCESS,RelationGroup
{},BELONGS_TO,REL_FCD8E5FE4F1F74F7,LogicRelation,PAIR_PROCESS_MATERIAL,RelationGroup
{},BELONGS_TO,REL_FD046547965FB259,LogicRelation,PAIR_PROCESS_MATERIAL,RelationGroup
{},BELONGS_TO,REL_FF834F2B24795B41,LogicRelation,PAIR_PROCESS_MATERIAL,RelationGroup
{},BELONGS_TO,REL_FF9373B80BCA8C67,LogicRelation,PAIR_MATERIAL_MATERIAL,RelationGroup
{},USES_VARIABLE,SDF_FORMULA_2_1_1_1_001,Formula,SDF_VAR_SDF_FORMULA_2_1_1_1_001_W,FormulaVariable
{},USES_VARIABLE,SDF_FORMULA_2_1_1_1_001,Formula,SDF_VAR_SDF_FORMULA_2_1_1_1_001_m0,FormulaVariable
{},USES_VARIABLE,SDF_FORMULA_2_1_1_1_001,Formula,SDF_VAR_SDF_FORMULA_2_1_1_1_001_m1,FormulaVariable
{},USES_VARIABLE,SDF_FORMULA_2_1_1_1_001,Formula,SDF_VAR_SDF_FORMULA_2_1_1_1_001_m2,FormulaVariable
{},USES_VARIABLE,SDF_FORMULA_2_1_1_1_001,Formula,SDF_VAR_SDF_FORMULA_2_1_1_1_001_m3,FormulaVariable
{},USES_VARIABLE,SDF_FORMULA_2_3_1_11_001,Formula,SDF_VAR_SDF_FORMULA_2_3_1_11_001,FormulaVariable
{},USES_VARIABLE,SDF_FORMULA_2_3_1_11_001,Formula,SDF_VAR_SDF_FORMULA_2_3_1_11_001_K,FormulaVariable
{},USES_VARIABLE,SDF_FORMULA_2_3_1_11_001,Formula,SDF_VAR_SDF_FORMULA_2_3_1_11_001_q1,FormulaVariable
{},USES_VARIABLE,SDF_FORMULA_2_3_1_11_001,Formula,SDF_VAR_SDF_FORMULA_2_3_1_11_001_v,FormulaVariable
{},USES_VARIABLE,SDF_FORMULA_2_3_1_11_001,Formula,SDF_VAR_SDF_FORMULA_2_3_1_11_001_vm,FormulaVariable
{},USES_VARIABLE,SDF_FORMULA_2_3_1_12_001,Formula,SDF_VAR_SDF_FORMULA_2_3_1_12_001,FormulaVariable
{},USES_VARIABLE,SDF_FORMULA_2_3_1_12_001,Formula,SDF_VAR_SDF_FORMULA_2_3_1_12_001_K,FormulaVariable
{},USES_VARIABLE,SDF_FORMULA_2_3_1_12_001,Formula,SDF_VAR_SDF_FORMULA_2_3_1_12_001_q1,FormulaVariable
{},USES_VARIABLE,SDF_FORMULA_2_3_1_12_001,Formula,SDF_VAR_SDF_FORMULA_2_3_1_12_001_v,FormulaVariable
{},USES_VARIABLE,SDF_FORMULA_2_3_1_12_001,Formula,SDF_VAR_SDF_FORMULA_2_3_1_12_001_vm,FormulaVariable
{},USES_VARIABLE,SDF_FORMULA_2_3_1_13_001,Formula,SDF_VAR_SDF_FORMULA_2_3_1_13_001,FormulaVariable
{},USES_VARIABLE,SDF_FORMULA_2_3_1_13_001,Formula,SDF_VAR_SDF_FORMULA_2_3_1_13_001_m,FormulaVariable
{},USES_VARIABLE,SDF_FORMULA_2_3_1_13_001,Formula,SDF_VAR_SDF_FORMULA_2_3_1_13_001_p,FormulaVariable
{},USES_VARIABLE,SDF_FORMULA_2_3_1_13_001,Formula,SDF_VAR_SDF_FORMULA_2_3_1_13_001_s,FormulaVariable
{},USES_VARIABLE,SDF_FORMULA_2_3_1_15_002,Formula,SDF_VAR_SDF_FORMULA_2_3_1_15_002_G_S,FormulaVariable
{},USES_VARIABLE,SDF_FORMULA_2_3_1_15_002,Formula,SDF_VAR_SDF_FORMULA_2_3_1_15_002_UC,FormulaVariable
{},USES_VARIABLE,SDF_FORMULA_2_3_1_15_002,Formula,SDF_VAR_SDF_FORMULA_2_3_1_15_002_X0,FormulaVariable
{},USES_VARIABLE,SDF_FORMULA_2_3_1_15_002,Formula,SDF_VAR_SDF_FORMULA_2_3_1_15_002_Xc,FormulaVariable
{},USES_VARIABLE,SDF_FORMULA_3_1_1_1_001,Formula,SDF_VAR_SDF_FORMULA_3_1_1_1_001_NF,FormulaVariable
{},USES_VARIABLE,SDF_FORMULA_3_1_1_1_001,Formula,SDF_VAR_SDF_FORMULA_3_1_1_1_001_dc,FormulaVariable
{},USES_VARIABLE,SDF_FORMULA_3_1_2_1_009,Formula,SDF_VAR_SDF_FORMULA_3_1_2_1_009_A,FormulaVariable
{},USES_VARIABLE,SDF_FORMULA_3_1_2_1_009,Formula,SDF_VAR_SDF_FORMULA_3_1_2_1_009_E,FormulaVariable
{},USES_VARIABLE,SDF_FORMULA_3_1_2_1_009,Formula,SDF_VAR_SDF_FORMULA_3_1_2_1_009_Q,FormulaVariable
{},USES_VARIABLE,SDF_FORMULA_3_1_2_1_009,Formula,SDF_VAR_SDF_FORMULA_3_1_2_1_009_R,FormulaVariable
{},USES_VARIABLE,SDF_FORMULA_3_1_2_1_009,Formula,SDF_VAR_SDF_FORMULA_3_1_2_1_009_V,FormulaVariable
{},USES_VARIABLE,SDF_FORMULA_3_1_2_1_009,Formula,SDF_VAR_SDF_FORMULA_3_1_2_1_009_c,FormulaVariable
{},USES_VARIABLE,SDF_FORMULA_3_1_2_1_009,Formula,SDF_VAR_SDF_FORMULA_3_1_2_1_009_e-E_RT,FormulaVariable
{},USES_VARIABLE,SDF_FORMULA_3_1_2_1_009,Formula,SDF_VAR_SDF_FORMULA_3_1_2_1_009_n,FormulaVariable
{},USES_VARIABLE,SDF_FORMULA_3_1_2_1_011,Formula,SDF_VAR_SDF_FORMULA_3_1_2_1_011,FormulaVariable
{},USES_VARIABLE,SDF_FORMULA_3_1_2_1_011,Formula,SDF_VAR_SDF_FORMULA_3_1_2_1_011_S,FormulaVariable
{},USES_VARIABLE,SDF_FORMULA_3_1_2_1_011,Formula,SDF_VAR_SDF_FORMULA_3_1_2_1_011_T,FormulaVariable
{},USES_VARIABLE,SDF_FORMULA_3_1_2_1_011,Formula,SDF_VAR_SDF_FORMULA_3_1_2_1_011_Ta,FormulaVariable
{},USES_VARIABLE,SDF_FORMULA_3_1_2_2_001,Formula,SDF_VAR_SDF_FORMULA_3_1_2_2_001_C,FormulaVariable
{},USES_VARIABLE,SDF_FORMULA_3_1_2_2_001,Formula,SDF_VAR_SDF_FORMULA_3_1_2_2_001_Q,FormulaVariable
{},USES_VARIABLE,SDF_FORMULA_3_1_2_2_001,Formula,SDF_VAR_SDF_FORMULA_3_1_2_2_001_m,FormulaVariable
{},USES_VARIABLE,SDF_FORMULA_3_1_2_2_001,Formula,SDF_VAR_SDF_FORMULA_3_1_2_2_001_t,FormulaVariable
{},USES_VARIABLE,SDF_FORMULA_3_1_2_2_003,Formula,SDF_VAR_SDF_FORMULA_3_1_2_2_003_A,FormulaVariable
{},USES_VARIABLE,SDF_FORMULA_3_1_2_2_003,Formula,SDF_VAR_SDF_FORMULA_3_1_2_2_003_E,FormulaVariable
{},USES_VARIABLE,SDF_FORMULA_3_1_2_2_003,Formula,SDF_VAR_SDF_FORMULA_3_1_2_2_003_R,FormulaVariable
{},USES_VARIABLE,SDF_FORMULA_3_1_2_2_003,Formula,SDF_VAR_SDF_FORMULA_3_1_2_2_003_V,FormulaVariable
{},USES_VARIABLE,SDF_FORMULA_3_1_2_2_003,Formula,SDF_VAR_SDF_FORMULA_3_1_2_2_003_c,FormulaVariable
{},USES_VARIABLE,SDF_FORMULA_3_1_2_2_003,Formula,SDF_VAR_SDF_FORMULA_3_1_2_2_003_e-E_RT,FormulaVariable
{},USES_VARIABLE,SDF_FORMULA_3_1_2_2_003,Formula,SDF_VAR_SDF_FORMULA_3_1_2_2_003_n,FormulaVariable
{},USES_VARIABLE,SDF_FORMULA_3_1_2_2_005,Formula,SDF_VAR_SDF_FORMULA_3_1_2_2_005,FormulaVariable
{},USES_VARIABLE,SDF_FORMULA_3_1_2_2_005,Formula,SDF_VAR_SDF_FORMULA_3_1_2_2_005_S,FormulaVariable
{},USES_VARIABLE,SDF_FORMULA_3_1_2_2_005,Formula,SDF_VAR_SDF_FORMULA_3_1_2_2_005_T,FormulaVariable
{},USES_VARIABLE,SDF_FORMULA_3_1_2_2_005,Formula,SDF_VAR_SDF_FORMULA_3_1_2_2_005_Ta,FormulaVariable
{},USES_VARIABLE,SDF_FORMULA_3_1_2_3_001,Formula,SDF_VAR_SDF_FORMULA_3_1_2_3_001,FormulaVariable
{},USES_VARIABLE,SDF_FORMULA_3_1_2_3_001,Formula,SDF_VAR_SDF_FORMULA_3_1_2_3_001_A,FormulaVariable
{},USES_VARIABLE,SDF_FORMULA_3_1_2_3_001,Formula,SDF_VAR_SDF_FORMULA_3_1_2_3_001_Q,FormulaVariable
{},USES_VARIABLE,SDF_FORMULA_3_1_2_3_003,Formula,SDF_VAR_SDF_FORMULA_3_1_2_3_003_q,FormulaVariable
{},USES_VARIABLE,SDF_FORMULA_3_1_2_3_006,Formula,SDF_VAR_SDF_FORMULA_3_1_2_3_006_dA,FormulaVariable
{},USES_VARIABLE,SDF_FORMULA_3_3_1_2_001,Formula,SDF_VAR_SDF_FORMULA_3_3_1_2_001_qV,FormulaVariable
{},USES_VARIABLE,SDF_FORMULA_3_3_1_3_001,Formula,SDF_VAR_SDF_FORMULA_3_3_1_3_001_A,FormulaVariable
{},USES_VARIABLE,SDF_FORMULA_3_3_1_3_001,Formula,SDF_VAR_SDF_FORMULA_3_3_1_3_001_Q,FormulaVariable
{},USES_VARIABLE,SDF_FORMULA_4_1_1_1_012,Formula,SDF_VAR_SDF_FORMULA_4_1_1_1_012_a,FormulaVariable
{},USES_VARIABLE,SDF_FORMULA_4_1_1_1_012,Formula,SDF_VAR_SDF_FORMULA_4_1_1_1_012_b,FormulaVariable
{},USES_VARIABLE,SDF_FORMULA_4_1_1_1_012,Formula,SDF_VAR_SDF_FORMULA_4_1_1_1_012_c,FormulaVariable
{},USES_VARIABLE,SDF_FORMULA_4_1_1_1_012,Formula,SDF_VAR_SDF_FORMULA_4_1_1_1_012_d,FormulaVariable
{},USES_VARIABLE,SDF_FORMULA_4_1_1_3_004,Formula,SDF_VAR_SDF_FORMULA_4_1_1_3_004_T,FormulaVariable
{},USES_VARIABLE,SDF_FORMULA_4_1_1_3_004,Formula,SDF_VAR_SDF_FORMULA_4_1_1_3_004_k,FormulaVariable
{},USES_VARIABLE,SDF_FORMULA_4_1_1_4_005,Formula,SDF_VAR_SDF_FORMULA_4_1_1_4_005_x,FormulaVariable
{},USES_VARIABLE,SDF_FORMULA_4_1_1_5_001,Formula,SDF_VAR_SDF_FORMULA_4_1_1_5_001_P,FormulaVariable
{},USES_VARIABLE,SDF_FORMULA_4_1_1_5_002,Formula,SDF_VAR_SDF_FORMULA_4_1_1_5_002_C,FormulaVariable
{},USES_VARIABLE,SDF_FORMULA_4_1_1_5_002,Formula,SDF_VAR_SDF_FORMULA_4_1_1_5_002_R,FormulaVariable
{},USES_VARIABLE,SDF_FORMULA_4_1_1_5_002,Formula,SDF_VAR_SDF_FORMULA_4_1_1_5_002_T,FormulaVariable
{},USES_VARIABLE,SDF_FORMULA_4_1_1_5_004,Formula,SDF_VAR_SDF_FORMULA_4_1_1_5_004_Cv,FormulaVariable
{},USES_VARIABLE,SDF_FORMULA_4_1_1_5_004,Formula,SDF_VAR_SDF_FORMULA_4_1_1_5_004_Ih,FormulaVariable
{},USES_VARIABLE,SDF_FORMULA_4_1_1_5_004,Formula,SDF_VAR_SDF_FORMULA_4_1_1_5_004_Th,FormulaVariable
{},USES_VARIABLE,SDF_FORMULA_4_1_1_5_004,Formula,SDF_VAR_SDF_FORMULA_4_1_1_5_004_rs,FormulaVariable
{},USES_VARIABLE,SDF_FORMULA_4_2_1_1_001,Formula,SDF_VAR_SDF_FORMULA_4_2_1_1_001,FormulaVariable
{},USES_VARIABLE,SDF_FORMULA_4_2_1_1_001,Formula,SDF_VAR_SDF_FORMULA_4_2_1_1_001_V,FormulaVariable
{},USES_VARIABLE,SDF_FORMULA_4_2_1_1_001,Formula,SDF_VAR_SDF_FORMULA_4_2_1_1_001_k,FormulaVariable
{},USES_VARIABLE,SDF_FORMULA_4_2_1_1_001,Formula,SDF_VAR_SDF_FORMULA_4_2_1_1_001_qV,FormulaVariable
{},USES_VARIABLE,SDF_FORMULA_4_3_1_2_001,Formula,SDF_VAR_SDF_FORMULA_4_3_1_2_001,FormulaVariable
{},USES_VARIABLE,SDF_FORMULA_4_3_1_2_001,Formula,SDF_VAR_SDF_FORMULA_4_3_1_2_001_K,FormulaVariable
{},USES_VARIABLE,SDF_FORMULA_4_3_1_2_001,Formula,SDF_VAR_SDF_FORMULA_4_3_1_2_001_q1,FormulaVariable
{},USES_VARIABLE,SDF_FORMULA_4_3_1_2_001,Formula,SDF_VAR_SDF_FORMULA_4_3_1_2_001_v,FormulaVariable
{},USES_VARIABLE,SDF_FORMULA_4_3_1_2_001,Formula,SDF_VAR_SDF_FORMULA_4_3_1_2_001_vm,FormulaVariable
{},USES_VARIABLE,SDF_FORMULA_4_3_1_2_002,Formula,SDF_VAR_SDF_FORMULA_4_3_1_2_002,FormulaVariable
{},USES_VARIABLE,SDF_FORMULA_4_3_1_2_002,Formula,SDF_VAR_SDF_FORMULA_4_3_1_2_002_A,FormulaVariable
{},USES_VARIABLE,SDF_FORMULA_4_3_1_2_002,Formula,SDF_VAR_SDF_FORMULA_4_3_1_2_002_L,FormulaVariable
{},USES_VARIABLE,SDF_FORMULA_4_3_1_2_002,Formula,SDF_VAR_SDF_FORMULA_4_3_1_2_002_V,FormulaVariable
{},USES_VARIABLE,SDF_FORMULA_4_3_1_2_002,Formula,SDF_VAR_SDF_FORMULA_4_3_1_2_002_p,FormulaVariable
{},USES_VARIABLE,SDF_FORMULA_4_3_1_2_002,Formula,SDF_VAR_SDF_FORMULA_4_3_1_2_002_r,FormulaVariable
{},USES_VARIABLE,SDF_FORMULA_4_3_1_2_002,Formula,SDF_VAR_SDF_FORMULA_4_3_1_2_002_u,FormulaVariable
{},USES_VARIABLE,SDF_FORMULA_4_3_1_3_001,Formula,SDF_VAR_SDF_FORMULA_4_3_1_3_001,FormulaVariable
{},USES_VARIABLE,SDF_FORMULA_4_3_1_3_001,Formula,SDF_VAR_SDF_FORMULA_4_3_1_3_001_A,FormulaVariable
{},USES_VARIABLE,SDF_FORMULA_4_3_1_3_001,Formula,SDF_VAR_SDF_FORMULA_4_3_1_3_001_V,FormulaVariable
{},USES_VARIABLE,SDF_FORMULA_4_3_1_3_001,Formula,SDF_VAR_SDF_FORMULA_4_3_1_3_001_Ve,FormulaVariable
{},USES_VARIABLE,SDF_FORMULA_4_3_1_3_001,Formula,SDF_VAR_SDF_FORMULA_4_3_1_3_001_k,FormulaVariable
{},USES_VARIABLE,SDF_FORMULA_4_3_1_3_001,Formula,SDF_VAR_SDF_FORMULA_4_3_1_3_001_p,FormulaVariable
{},USES_VARIABLE,SDF_FORMULA_4_3_1_3_001,Formula,SDF_VAR_SDF_FORMULA_4_3_1_3_001_s,FormulaVariable
{},USES_VARIABLE,SDF_FORMULA_4_3_2_1_001,Formula,SDF_VAR_SDF_FORMULA_4_3_2_1_001,FormulaVariable
{},USES_VARIABLE,SDF_FORMULA_4_3_2_1_001,Formula,SDF_VAR_SDF_FORMULA_4_3_2_1_001_K,FormulaVariable
{},USES_VARIABLE,SDF_FORMULA_4_3_2_1_001,Formula,SDF_VAR_SDF_FORMULA_4_3_2_1_001_q1,FormulaVariable
{},USES_VARIABLE,SDF_FORMULA_4_3_2_1_001,Formula,SDF_VAR_SDF_FORMULA_4_3_2_1_001_v,FormulaVariable
{},USES_VARIABLE,SDF_FORMULA_4_3_2_1_001,Formula,SDF_VAR_SDF_FORMULA_4_3_2_1_001_vm,FormulaVariable
{},USES_VARIABLE,SDF_FORMULA_4_3_2_1_002,Formula,SDF_VAR_SDF_FORMULA_4_3_2_1_002,FormulaVariable
{},USES_VARIABLE,SDF_FORMULA_4_3_2_1_002,Formula,SDF_VAR_SDF_FORMULA_4_3_2_1_002_A,FormulaVariable
{},USES_VARIABLE,SDF_FORMULA_4_3_2_1_002,Formula,SDF_VAR_SDF_FORMULA_4_3_2_1_002_L,FormulaVariable
{},USES_VARIABLE,SDF_FORMULA_4_3_2_1_002,Formula,SDF_VAR_SDF_FORMULA_4_3_2_1_002_V,FormulaVariable
{},USES_VARIABLE,SDF_FORMULA_4_3_2_1_002,Formula,SDF_VAR_SDF_FORMULA_4_3_2_1_002_p,FormulaVariable
{},USES_VARIABLE,SDF_FORMULA_4_3_2_1_002,Formula,SDF_VAR_SDF_FORMULA_4_3_2_1_002_r,FormulaVariable
{},USES_VARIABLE,SDF_FORMULA_4_3_2_1_002,Formula,SDF_VAR_SDF_FORMULA_4_3_2_1_002_u,FormulaVariable
{},USES_VARIABLE,SDF_FORMULA_4_3_2_2_001,Formula,SDF_VAR_SDF_FORMULA_4_3_2_2_001,FormulaVariable
{},USES_VARIABLE,SDF_FORMULA_4_3_2_2_001,Formula,SDF_VAR_SDF_FORMULA_4_3_2_2_001_C,FormulaVariable
{},USES_VARIABLE,SDF_FORMULA_4_3_2_2_001,Formula,SDF_VAR_SDF_FORMULA_4_3_2_2_001_Q,FormulaVariable
{},USES_VARIABLE,SDF_FORMULA_4_3_2_2_002,Formula,SDF_VAR_SDF_FORMULA_4_3_2_2_002,FormulaVariable
{},USES_VARIABLE,SDF_FORMULA_4_3_2_3_001,Formula,SDF_VAR_SDF_FORMULA_4_3_2_3_001,FormulaVariable
{},USES_VARIABLE,SDF_FORMULA_4_3_2_3_001,Formula,SDF_VAR_SDF_FORMULA_4_3_2_3_001_C,FormulaVariable
{},USES_VARIABLE,SDF_FORMULA_4_3_2_3_001,Formula,SDF_VAR_SDF_FORMULA_4_3_2_3_001_Q,FormulaVariable
{},USES_VARIABLE,SDF_FORMULA_4_3_2_3_006,Formula,SDF_VAR_SDF_FORMULA_4_3_2_3_006,FormulaVariable
{},USES_VARIABLE,SDF_FORMULA_4_3_3_10_003,Formula,SDF_VAR_SDF_FORMULA_4_3_3_10_003_q,FormulaVariable
{},USES_VARIABLE,SDF_FORMULA_4_3_3_5_004,Formula,SDF_VAR_SDF_FORMULA_4_3_3_5_004_A,FormulaVariable
{},USES_VARIABLE,SDF_FORMULA_4_3_3_5_004,Formula,SDF_VAR_SDF_FORMULA_4_3_3_5_004_Ea,FormulaVariable
{},USES_VARIABLE,SDF_FORMULA_4_3_3_5_004,Formula,SDF_VAR_SDF_FORMULA_4_3_3_5_004_T,FormulaVariable
{},USES_VARIABLE,SDF_FORMULA_4_3_3_5_004,Formula,SDF_VAR_SDF_FORMULA_4_3_3_5_004_k,FormulaVariable
{},USES_VARIABLE,SDF_FORMULA_4_3_3_9_002,Formula,SDF_VAR_SDF_FORMULA_4_3_3_9_002_A,FormulaVariable
{},USES_VARIABLE,SDF_FORMULA_4_3_3_9_002,Formula,SDF_VAR_SDF_FORMULA_4_3_3_9_002_E,FormulaVariable
{},USES_VARIABLE,SDF_FORMULA_4_3_3_9_002,Formula,SDF_VAR_SDF_FORMULA_4_3_3_9_002_Q,FormulaVariable
{},USES_VARIABLE,SDF_FORMULA_4_3_3_9_002,Formula,SDF_VAR_SDF_FORMULA_4_3_3_9_002_R,FormulaVariable
{},USES_VARIABLE,SDF_FORMULA_4_3_3_9_002,Formula,SDF_VAR_SDF_FORMULA_4_3_3_9_002_V,FormulaVariable
{},USES_VARIABLE,SDF_FORMULA_4_3_3_9_002,Formula,SDF_VAR_SDF_FORMULA_4_3_3_9_002_c,FormulaVariable
{},USES_VARIABLE,SDF_FORMULA_4_3_3_9_002,Formula,SDF_VAR_SDF_FORMULA_4_3_3_9_002_e-E_RT,FormulaVariable
{},USES_VARIABLE,SDF_FORMULA_4_3_3_9_002,Formula,SDF_VAR_SDF_FORMULA_4_3_3_9_002_n,FormulaVariable
{},USES_VARIABLE,SDF_FORMULA_4_3_3_9_004,Formula,SDF_VAR_SDF_FORMULA_4_3_3_9_004,FormulaVariable
{},USES_VARIABLE,SDF_FORMULA_4_3_3_9_004,Formula,SDF_VAR_SDF_FORMULA_4_3_3_9_004_S,FormulaVariable
{},USES_VARIABLE,SDF_FORMULA_4_3_3_9_004,Formula,SDF_VAR_SDF_FORMULA_4_3_3_9_004_T,FormulaVariable
{},USES_VARIABLE,SDF_FORMULA_4_3_3_9_004,Formula,SDF_VAR_SDF_FORMULA_4_3_3_9_004_Ta,FormulaVariable
{},ASSERTS,SDF_LD_2_1_1_1,LogicDetail,REL_3DF6FF95152ACE7B,LogicRelation
{},HAS_FORMULA,SDF_LD_2_1_1_1,LogicDetail,SDF_FORMULA_2_1_1_1_001,Formula
{},INVOLVES_PARAMETER,SDF_LD_2_1_1_1,LogicDetail,PARAM_MATERIAL_32DA72DCD424,Parameter
{},INVOLVES_PARAMETER,SDF_LD_2_1_1_1,LogicDetail,PARAM_MATERIAL_68BAF4860E75,Parameter
{},IN_DOMAIN,SDF_LD_2_1_1_1,LogicDetail,DOMAIN_SDF,Domain
{},SUPPORTED_BY,SDF_LD_2_1_1_1,LogicDetail,REF_A52A94B613B88B63,Reference
{},TITLE_LEFT,SDF_LD_2_1_1_1,LogicDetail,PARAM_MATERIAL_32DA72DCD424,Parameter
{},TITLE_RIGHT,SDF_LD_2_1_1_1,LogicDetail,PARAM_MATERIAL_68BAF4860E75,Parameter
{},ASSERTS,SDF_LD_2_1_1_2,LogicDetail,REL_302CBD44FD06463F,LogicRelation
{},INVOLVES_PARAMETER,SDF_LD_2_1_1_2,LogicDetail,PARAM_MATERIAL_32DA72DCD424,Parameter
{},INVOLVES_PARAMETER,SDF_LD_2_1_1_2,LogicDetail,PARAM_MATERIAL_C1920EA23CDC,Parameter
{},IN_DOMAIN,SDF_LD_2_1_1_2,LogicDetail,DOMAIN_SDF,Domain
{},TITLE_LEFT,SDF_LD_2_1_1_2,LogicDetail,PARAM_MATERIAL_32DA72DCD424,Parameter
{},TITLE_RIGHT,SDF_LD_2_1_1_2,LogicDetail,PARAM_MATERIAL_C1920EA23CDC,Parameter
{},ASSERTS,SDF_LD_2_1_1_3,LogicDetail,REL_2B33891FADC7035B,LogicRelation
{},INVOLVES_PARAMETER,SDF_LD_2_1_1_3,LogicDetail,PARAM_MATERIAL_2100D9CCAD57,Parameter
{},INVOLVES_PARAMETER,SDF_LD_2_1_1_3,LogicDetail,PARAM_MATERIAL_C1920EA23CDC,Parameter
{},IN_DOMAIN,SDF_LD_2_1_1_3,LogicDetail,DOMAIN_SDF,Domain
{},TITLE_LEFT,SDF_LD_2_1_1_3,LogicDetail,PARAM_MATERIAL_2100D9CCAD57,Parameter
{},TITLE_RIGHT,SDF_LD_2_1_1_3,LogicDetail,PARAM_MATERIAL_C1920EA23CDC,Parameter
{},ASSERTS,SDF_LD_2_1_2_1,LogicDetail,REL_FF9373B80BCA8C67,LogicRelation
{},INVOLVES_PARAMETER,SDF_LD_2_1_2_1,LogicDetail,PARAM_MATERIAL_32DA72DCD424,Parameter
{},INVOLVES_PARAMETER,SDF_LD_2_1_2_1,LogicDetail,PARAM_MATERIAL_E66B6AF1CAA8,Parameter
{},IN_DOMAIN,SDF_LD_2_1_2_1,LogicDetail,DOMAIN_SDF,Domain
{},TITLE_LEFT,SDF_LD_2_1_2_1,LogicDetail,PARAM_MATERIAL_32DA72DCD424,Parameter
{},TITLE_RIGHT,SDF_LD_2_1_2_1,LogicDetail,PARAM_MATERIAL_E66B6AF1CAA8,Parameter
{},ASSERTS,SDF_LD_2_1_2_2,LogicDetail,REL_7C35B6AE8CE1D1DD,LogicRelation
{},INVOLVES_PARAMETER,SDF_LD_2_1_2_2,LogicDetail,PARAM_MATERIAL_32DA72DCD424,Parameter
{},INVOLVES_PARAMETER,SDF_LD_2_1_2_2,LogicDetail,PARAM_MATERIAL_ABF1141A1A59,Parameter
{},IN_DOMAIN,SDF_LD_2_1_2_2,LogicDetail,DOMAIN_SDF,Domain
{},TITLE_LEFT,SDF_LD_2_1_2_2,LogicDetail,PARAM_MATERIAL_32DA72DCD424,Parameter
{},TITLE_RIGHT,SDF_LD_2_1_2_2,LogicDetail,PARAM_MATERIAL_ABF1141A1A59,Parameter
{},ASSERTS,SDF_LD_2_1_2_3,LogicDetail,REL_7DA95158249B6D55,LogicRelation
{},INVOLVES_PARAMETER,SDF_LD_2_1_2_3,LogicDetail,PARAM_MATERIAL_2100D9CCAD57,Parameter
{},INVOLVES_PARAMETER,SDF_LD_2_1_2_3,LogicDetail,PARAM_MATERIAL_E66B6AF1CAA8,Parameter
{},IN_DOMAIN,SDF_LD_2_1_2_3,LogicDetail,DOMAIN_SDF,Domain
{},SUPPORTED_BY,SDF_LD_2_1_2_3,LogicDetail,REF_281D9640695F68C0,Reference
{},SUPPORTED_BY,SDF_LD_2_1_2_3,LogicDetail,REF_7F82AC8A833C3E5E,Reference
{},TITLE_LEFT,SDF_LD_2_1_2_3,LogicDetail,PARAM_MATERIAL_2100D9CCAD57,Parameter
{},TITLE_RIGHT,SDF_LD_2_1_2_3,LogicDetail,PARAM_MATERIAL_E66B6AF1CAA8,Parameter
{},ASSERTS,SDF_LD_2_1_2_4,LogicDetail,REL_49E761014F772C81,LogicRelation
{},HAS_TABLE,SDF_LD_2_1_2_4,LogicDetail,SDF_TABLE_2,DataTable
{},INVOLVES_PARAMETER,SDF_LD_2_1_2_4,LogicDetail,PARAM_MATERIAL_2100D9CCAD57,Parameter
{},INVOLVES_PARAMETER,SDF_LD_2_1_2_4,LogicDetail,PARAM_MATERIAL_72E2DDF51F75,Parameter
{},IN_DOMAIN,SDF_LD_2_1_2_4,LogicDetail,DOMAIN_SDF,Domain
{},SUPPORTED_BY,SDF_LD_2_1_2_4,LogicDetail,REF_7F82AC8A833C3E5E,Reference
{},SUPPORTED_BY,SDF_LD_2_1_2_4,LogicDetail,REF_87261B11A77FCCD0,Reference
{},SUPPORTED_BY,SDF_LD_2_1_2_4,LogicDetail,REF_A758FA1454C9E7CA,Reference
{},SUPPORTED_BY,SDF_LD_2_1_2_4,LogicDetail,REF_A8E34B4C4176C88F,Reference
{},TITLE_LEFT,SDF_LD_2_1_2_4,LogicDetail,PARAM_MATERIAL_2100D9CCAD57,Parameter
{},TITLE_RIGHT,SDF_LD_2_1_2_4,LogicDetail,PARAM_MATERIAL_72E2DDF51F75,Parameter
{},ASSERTS,SDF_LD_2_1_2_5,LogicDetail,REL_40180FF019A9EDD2,LogicRelation
{},HAS_TABLE,SDF_LD_2_1_2_5,LogicDetail,SDF_TABLE_3,DataTable
{},INVOLVES_PARAMETER,SDF_LD_2_1_2_5,LogicDetail,PARAM_MATERIAL_2100D9CCAD57,Parameter
{},INVOLVES_PARAMETER,SDF_LD_2_1_2_5,LogicDetail,PARAM_MATERIAL_867CB187BBD3,Parameter
{},IN_DOMAIN,SDF_LD_2_1_2_5,LogicDetail,DOMAIN_SDF,Domain
{},SUPPORTED_BY,SDF_LD_2_1_2_5,LogicDetail,REF_6A4D736BD67D646B,Reference
{},SUPPORTED_BY,SDF_LD_2_1_2_5,LogicDetail,REF_7F82AC8A833C3E5E,Reference
{},SUPPORTED_BY,SDF_LD_2_1_2_5,LogicDetail,REF_FCDFFE4F02A93E6F,Reference
{},TITLE_LEFT,SDF_LD_2_1_2_5,LogicDetail,PARAM_MATERIAL_2100D9CCAD57,Parameter
{},TITLE_RIGHT,SDF_LD_2_1_2_5,LogicDetail,PARAM_MATERIAL_867CB187BBD3,Parameter
{},ASSERTS,SDF_LD_2_1_2_6,LogicDetail,REL_C8D03374CC2CD88F,LogicRelation
{},INVOLVES_PARAMETER,SDF_LD_2_1_2_6,LogicDetail,PARAM_MATERIAL_2100D9CCAD57,Parameter
{},INVOLVES_PARAMETER,SDF_LD_2_1_2_6,LogicDetail,PARAM_MATERIAL_ABF1141A1A59,Parameter
{},IN_DOMAIN,SDF_LD_2_1_2_6,LogicDetail,DOMAIN_SDF,Domain
{},SUPPORTED_BY,SDF_LD_2_1_2_6,LogicDetail,REF_7F82AC8A833C3E5E,Reference
{},SUPPORTED_BY,SDF_LD_2_1_2_6,LogicDetail,REF_C9F5A6CE5603A189,Reference
{},TITLE_LEFT,SDF_LD_2_1_2_6,LogicDetail,PARAM_MATERIAL_2100D9CCAD57,Parameter
{},TITLE_RIGHT,SDF_LD_2_1_2_6,LogicDetail,PARAM_MATERIAL_ABF1141A1A59,Parameter
{},ASSERTS,SDF_LD_2_1_3_1,LogicDetail,REL_E341C496E64FAEA9,LogicRelation
{},INVOLVES_PARAMETER,SDF_LD_2_1_3_1,LogicDetail,PARAM_MATERIAL_32DA72DCD424,Parameter
{},INVOLVES_PARAMETER,SDF_LD_2_1_3_1,LogicDetail,PARAM_MATERIAL_C07BBED50994,Parameter
{},IN_DOMAIN,SDF_LD_2_1_3_1,LogicDetail,DOMAIN_SDF,Domain
{},TITLE_LEFT,SDF_LD_2_1_3_1,LogicDetail,PARAM_MATERIAL_32DA72DCD424,Parameter
{},TITLE_RIGHT,SDF_LD_2_1_3_1,LogicDetail,PARAM_MATERIAL_C07BBED50994,Parameter
{},ASSERTS,SDF_LD_2_1_3_2,LogicDetail,REL_AC5FDA8897C5A63E,LogicRelation
{},INVOLVES_PARAMETER,SDF_LD_2_1_3_2,LogicDetail,PARAM_MATERIAL_32DA72DCD424,Parameter
{},INVOLVES_PARAMETER,SDF_LD_2_1_3_2,LogicDetail,PARAM_MATERIAL_C8B60C6A63B4,Parameter
{},IN_DOMAIN,SDF_LD_2_1_3_2,LogicDetail,DOMAIN_SDF,Domain
{},TITLE_LEFT,SDF_LD_2_1_3_2,LogicDetail,PARAM_MATERIAL_32DA72DCD424,Parameter
{},TITLE_RIGHT,SDF_LD_2_1_3_2,LogicDetail,PARAM_MATERIAL_C8B60C6A63B4,Parameter
{},ASSERTS,SDF_LD_2_1_3_3,LogicDetail,REL_E7327541EA0654A3,LogicRelation
{},INVOLVES_PARAMETER,SDF_LD_2_1_3_3,LogicDetail,PARAM_MATERIAL_2100D9CCAD57,Parameter
{},INVOLVES_PARAMETER,SDF_LD_2_1_3_3,LogicDetail,PARAM_MATERIAL_C07BBED50994,Parameter
{},IN_DOMAIN,SDF_LD_2_1_3_3,LogicDetail,DOMAIN_SDF,Domain
{},SUPPORTED_BY,SDF_LD_2_1_3_3,LogicDetail,REF_021EB33C4797EB00,Reference
{},TITLE_LEFT,SDF_LD_2_1_3_3,LogicDetail,PARAM_MATERIAL_2100D9CCAD57,Parameter
{},TITLE_RIGHT,SDF_LD_2_1_3_3,LogicDetail,PARAM_MATERIAL_C07BBED50994,Parameter
{},ASSERTS,SDF_LD_2_1_3_4,LogicDetail,REL_663670D2A55B40CB,LogicRelation
{},INVOLVES_PARAMETER,SDF_LD_2_1_3_4,LogicDetail,PARAM_MATERIAL_2100D9CCAD57,Parameter
{},INVOLVES_PARAMETER,SDF_LD_2_1_3_4,LogicDetail,PARAM_MATERIAL_64070CD4FD1A,Parameter
{},IN_DOMAIN,SDF_LD_2_1_3_4,LogicDetail,DOMAIN_SDF,Domain
{},SUPPORTED_BY,SDF_LD_2_1_3_4,LogicDetail,REF_021EB33C4797EB00,Reference
{},TITLE_LEFT,SDF_LD_2_1_3_4,LogicDetail,PARAM_MATERIAL_2100D9CCAD57,Parameter
{},TITLE_RIGHT,SDF_LD_2_1_3_4,LogicDetail,PARAM_MATERIAL_64070CD4FD1A,Parameter
{},ASSERTS,SDF_LD_2_1_3_5,LogicDetail,REL_19D85BCF46354FDF,LogicRelation
{},INVOLVES_PARAMETER,SDF_LD_2_1_3_5,LogicDetail,PARAM_MATERIAL_2100D9CCAD57,Parameter
{},INVOLVES_PARAMETER,SDF_LD_2_1_3_5,LogicDetail,PARAM_MATERIAL_C8B60C6A63B4,Parameter
{},IN_DOMAIN,SDF_LD_2_1_3_5,LogicDetail,DOMAIN_SDF,Domain
{},SUPPORTED_BY,SDF_LD_2_1_3_5,LogicDetail,REF_FE3754A2B547C580,Reference
{},TITLE_LEFT,SDF_LD_2_1_3_5,LogicDetail,PARAM_MATERIAL_2100D9CCAD57,Parameter
{},TITLE_RIGHT,SDF_LD_2_1_3_5,LogicDetail,PARAM_MATERIAL_C8B60C6A63B4,Parameter
{},ASSERTS,SDF_LD_2_1_4_1,LogicDetail,REL_3EA54B421531B94E,LogicRelation
{},INVOLVES_PARAMETER,SDF_LD_2_1_4_1,LogicDetail,PARAM_MATERIAL_32DA72DCD424,Parameter
{},INVOLVES_PARAMETER,SDF_LD_2_1_4_1,LogicDetail,PARAM_MATERIAL_573E910C4112,Parameter
{},IN_DOMAIN,SDF_LD_2_1_4_1,LogicDetail,DOMAIN_SDF,Domain
{},SUPPORTED_BY,SDF_LD_2_1_4_1,LogicDetail,REF_67C05BA002195B71,Reference
{},TITLE_LEFT,SDF_LD_2_1_4_1,LogicDetail,PARAM_MATERIAL_32DA72DCD424,Parameter
{},TITLE_RIGHT,SDF_LD_2_1_4_1,LogicDetail,PARAM_MATERIAL_573E910C4112,Parameter
{},ASSERTS,SDF_LD_2_1_4_2,LogicDetail,REL_45C1D77489EF06E4,LogicRelation
{},INVOLVES_PARAMETER,SDF_LD_2_1_4_2,LogicDetail,PARAM_MATERIAL_2100D9CCAD57,Parameter
{},INVOLVES_PARAMETER,SDF_LD_2_1_4_2,LogicDetail,PARAM_MATERIAL_573E910C4112,Parameter
{},IN_DOMAIN,SDF_LD_2_1_4_2,LogicDetail,DOMAIN_SDF,Domain
{},TITLE_LEFT,SDF_LD_2_1_4_2,LogicDetail,PARAM_MATERIAL_2100D9CCAD57,Parameter
{},TITLE_RIGHT,SDF_LD_2_1_4_2,LogicDetail,PARAM_MATERIAL_573E910C4112,Parameter
{},ASSERTS,SDF_LD_2_3_1_1,LogicDetail,REL_FCD8E5FE4F1F74F7,LogicRelation
{},INVOLVES_PARAMETER,SDF_LD_2_3_1_1,LogicDetail,PARAM_MATERIAL_761FC4D6CD1F,Parameter
{},INVOLVES_PARAMETER,SDF_LD_2_3_1_1,LogicDetail,PARAM_PROCESS_86E03DC8EFBB,Parameter
{},IN_DOMAIN,SDF_LD_2_3_1_1,LogicDetail,DOMAIN_SDF,Domain
{},SUPPORTED_BY,SDF_LD_2_3_1_1,LogicDetail,REF_E89580040821269C,Reference
{},TITLE_LEFT,SDF_LD_2_3_1_1,LogicDetail,PARAM_PROCESS_86E03DC8EFBB,Parameter
{},TITLE_RIGHT,SDF_LD_2_3_1_1,LogicDetail,PARAM_MATERIAL_761FC4D6CD1F,Parameter
{},ASSERTS,SDF_LD_2_3_1_10,LogicDetail,REL_6F553B009CDC19BF,LogicRelation
{},INVOLVES_PARAMETER,SDF_LD_2_3_1_10,LogicDetail,PARAM_MATERIAL_3A5F446FE8FA,Parameter
{},INVOLVES_PARAMETER,SDF_LD_2_3_1_10,LogicDetail,PARAM_PROCESS_49FCD918A8B0,Parameter
{},IN_DOMAIN,SDF_LD_2_3_1_10,LogicDetail,DOMAIN_SDF,Domain
{},TITLE_LEFT,SDF_LD_2_3_1_10,LogicDetail,PARAM_PROCESS_49FCD918A8B0,Parameter
{},TITLE_RIGHT,SDF_LD_2_3_1_10,LogicDetail,PARAM_MATERIAL_3A5F446FE8FA,Parameter
{},ASSERTS,SDF_LD_2_3_1_11,LogicDetail,REL_708840FD566279F4,LogicRelation
{},HAS_FORMULA,SDF_LD_2_3_1_11,LogicDetail,SDF_FORMULA_2_3_1_11_001,Formula
{},INVOLVES_PARAMETER,SDF_LD_2_3_1_11,LogicDetail,PARAM_MATERIAL_32DA72DCD424,Parameter
{},INVOLVES_PARAMETER,SDF_LD_2_3_1_11,LogicDetail,PARAM_PROCESS_76C6E87673AE,Parameter
{},IN_DOMAIN,SDF_LD_2_3_1_11,LogicDetail,DOMAIN_SDF,Domain
{},SUPPORTED_BY,SDF_LD_2_3_1_11,LogicDetail,REF_7F82AC8A833C3E5E,Reference
{},SUPPORTED_BY,SDF_LD_2_3_1_11,LogicDetail,REF_C50F9021D863EE74,Reference
{},TITLE_LEFT,SDF_LD_2_3_1_11,LogicDetail,PARAM_PROCESS_76C6E87673AE,Parameter
{},TITLE_RIGHT,SDF_LD_2_3_1_11,LogicDetail,PARAM_MATERIAL_32DA72DCD424,Parameter
{},ASSERTS,SDF_LD_2_3_1_12,LogicDetail,REL_D713FEFBA9032DD1,LogicRelation
{},HAS_FORMULA,SDF_LD_2_3_1_12,LogicDetail,SDF_FORMULA_2_3_1_12_001,Formula
{},INVOLVES_PARAMETER,SDF_LD_2_3_1_12,LogicDetail,PARAM_MATERIAL_32DA72DCD424,Parameter
{},INVOLVES_PARAMETER,SDF_LD_2_3_1_12,LogicDetail,PARAM_PROCESS_934984F21A30,Parameter
{},IN_DOMAIN,SDF_LD_2_3_1_12,LogicDetail,DOMAIN_SDF,Domain
{},SUPPORTED_BY,SDF_LD_2_3_1_12,LogicDetail,REF_7F82AC8A833C3E5E,Reference
{},SUPPORTED_BY,SDF_LD_2_3_1_12,LogicDetail,REF_C50F9021D863EE74,Reference
{},TITLE_LEFT,SDF_LD_2_3_1_12,LogicDetail,PARAM_PROCESS_934984F21A30,Parameter
{},TITLE_RIGHT,SDF_LD_2_3_1_12,LogicDetail,PARAM_MATERIAL_32DA72DCD424,Parameter
{},ASSERTS,SDF_LD_2_3_1_13,LogicDetail,REL_A816599FDF8529C8,LogicRelation
{},HAS_FORMULA,SDF_LD_2_3_1_13,LogicDetail,SDF_FORMULA_2_3_1_13_001,Formula
{},HAS_FORMULA,SDF_LD_2_3_1_13,LogicDetail,SDF_FORMULA_2_3_1_13_002,Formula
{},INVOLVES_PARAMETER,SDF_LD_2_3_1_13,LogicDetail,PARAM_MATERIAL_32DA72DCD424,Parameter
{},INVOLVES_PARAMETER,SDF_LD_2_3_1_13,LogicDetail,PARAM_PROCESS_122A0353791A,Parameter
{},IN_DOMAIN,SDF_LD_2_3_1_13,LogicDetail,DOMAIN_SDF,Domain
{},SUPPORTED_BY,SDF_LD_2_3_1_13,LogicDetail,REF_C50F9021D863EE74,Reference
{},TITLE_LEFT,SDF_LD_2_3_1_13,LogicDetail,PARAM_PROCESS_122A0353791A,Parameter
{},TITLE_RIGHT,SDF_LD_2_3_1_13,LogicDetail,PARAM_MATERIAL_32DA72DCD424,Parameter
{},ASSERTS,SDF_LD_2_3_1_14,LogicDetail,REL_827D47B3EDD59F1A,LogicRelation
{},HAS_TABLE,SDF_LD_2_3_1_14,LogicDetail,SDF_TABLE_6,DataTable
{},HAS_TABLE,SDF_LD_2_3_1_14,LogicDetail,SDF_TABLE_7,DataTable
{},INVOLVES_PARAMETER,SDF_LD_2_3_1_14,LogicDetail,PARAM_MATERIAL_32DA72DCD424,Parameter
{},INVOLVES_PARAMETER,SDF_LD_2_3_1_14,LogicDetail,PARAM_PROCESS_159E0F69ABD4,Parameter
{},IN_DOMAIN,SDF_LD_2_3_1_14,LogicDetail,DOMAIN_SDF,Domain
{},SUPPORTED_BY,SDF_LD_2_3_1_14,LogicDetail,REF_7F82AC8A833C3E5E,Reference
{},TITLE_LEFT,SDF_LD_2_3_1_14,LogicDetail,PARAM_PROCESS_159E0F69ABD4,Parameter
{},TITLE_RIGHT,SDF_LD_2_3_1_14,LogicDetail,PARAM_MATERIAL_32DA72DCD424,Parameter
{},ASSERTS,SDF_LD_2_3_1_15,LogicDetail,REL_B93986FBA0258D5A,LogicRelation
{},HAS_FORMULA,SDF_LD_2_3_1_15,LogicDetail,SDF_FORMULA_2_3_1_15_001,Formula
{},HAS_FORMULA,SDF_LD_2_3_1_15,LogicDetail,SDF_FORMULA_2_3_1_15_002,Formula
{},INVOLVES_PARAMETER,SDF_LD_2_3_1_15,LogicDetail,PARAM_MATERIAL_32DA72DCD424,Parameter
{},INVOLVES_PARAMETER,SDF_LD_2_3_1_15,LogicDetail,PARAM_PROCESS_FC4401132349,Parameter
{},IN_DOMAIN,SDF_LD_2_3_1_15,LogicDetail,DOMAIN_SDF,Domain
{},SUPPORTED_BY,SDF_LD_2_3_1_15,LogicDetail,REF_59BA6C55044BFA98,Reference
{},TITLE_LEFT,SDF_LD_2_3_1_15,LogicDetail,PARAM_PROCESS_FC4401132349,Parameter
{},TITLE_RIGHT,SDF_LD_2_3_1_15,LogicDetail,PARAM_MATERIAL_32DA72DCD424,Parameter
{},ASSERTS,SDF_LD_2_3_1_16,LogicDetail,REL_538E15CC75551CF0,LogicRelation
{},HAS_TABLE,SDF_LD_2_3_1_16,LogicDetail,SDF_TABLE_8,DataTable
{},HAS_TABLE,SDF_LD_2_3_1_16,LogicDetail,SDF_TABLE_9,DataTable
{},INVOLVES_PARAMETER,SDF_LD_2_3_1_16,LogicDetail,PARAM_MATERIAL_32DA72DCD424,Parameter
{},INVOLVES_PARAMETER,SDF_LD_2_3_1_16,LogicDetail,PARAM_PROCESS_1215A4FF5205,Parameter
{},IN_DOMAIN,SDF_LD_2_3_1_16,LogicDetail,DOMAIN_SDF,Domain
{},SUPPORTED_BY,SDF_LD_2_3_1_16,LogicDetail,REF_7F82AC8A833C3E5E,Reference
{},TITLE_LEFT,SDF_LD_2_3_1_16,LogicDetail,PARAM_PROCESS_1215A4FF5205,Parameter
{},TITLE_RIGHT,SDF_LD_2_3_1_16,LogicDetail,PARAM_MATERIAL_32DA72DCD424,Parameter
{},ASSERTS,SDF_LD_2_3_1_17,LogicDetail,REL_63C3CFF94BC68D49,LogicRelation
{},INVOLVES_PARAMETER,SDF_LD_2_3_1_17,LogicDetail,PARAM_MATERIAL_C1920EA23CDC,Parameter
{},INVOLVES_PARAMETER,SDF_LD_2_3_1_17,LogicDetail,PARAM_PROCESS_F781AF9392F3,Parameter
{},IN_DOMAIN,SDF_LD_2_3_1_17,LogicDetail,DOMAIN_SDF,Domain
{},SUPPORTED_BY,SDF_LD_2_3_1_17,LogicDetail,REF_2CC4CEADCF0B6C08,Reference
{},SUPPORTED_BY,SDF_LD_2_3_1_17,LogicDetail,REF_7F82AC8A833C3E5E,Reference
{},TITLE_LEFT,SDF_LD_2_3_1_17,LogicDetail,PARAM_PROCESS_F781AF9392F3,Parameter
{},TITLE_RIGHT,SDF_LD_2_3_1_17,LogicDetail,PARAM_MATERIAL_C1920EA23CDC,Parameter
{},ASSERTS,SDF_LD_2_3_1_18,LogicDetail,REL_F8A5661E6B22B6DE,LogicRelation
{},INVOLVES_PARAMETER,SDF_LD_2_3_1_18,LogicDetail,PARAM_MATERIAL_C1920EA23CDC,Parameter
{},INVOLVES_PARAMETER,SDF_LD_2_3_1_18,LogicDetail,PARAM_PROCESS_159E0F69ABD4,Parameter
{},IN_DOMAIN,SDF_LD_2_3_1_18,LogicDetail,DOMAIN_SDF,Domain
{},TITLE_LEFT,SDF_LD_2_3_1_18,LogicDetail,PARAM_PROCESS_159E0F69ABD4,Parameter
{},TITLE_RIGHT,SDF_LD_2_3_1_18,LogicDetail,PARAM_MATERIAL_C1920EA23CDC,Parameter
{},ASSERTS,SDF_LD_2_3_1_19,LogicDetail,REL_2BC7B7242B617776,LogicRelation
{},INVOLVES_PARAMETER,SDF_LD_2_3_1_19,LogicDetail,PARAM_MATERIAL_68BAF4860E75,Parameter
{},INVOLVES_PARAMETER,SDF_LD_2_3_1_19,LogicDetail,PARAM_PROCESS_F781AF9392F3,Parameter
{},IN_DOMAIN,SDF_LD_2_3_1_19,LogicDetail,DOMAIN_SDF,Domain
{},SUPPORTED_BY,SDF_LD_2_3_1_19,LogicDetail,REF_0420AB6F88FF6CCF,Reference
{},TITLE_LEFT,SDF_LD_2_3_1_19,LogicDetail,PARAM_PROCESS_F781AF9392F3,Parameter
{},TITLE_RIGHT,SDF_LD_2_3_1_19,LogicDetail,PARAM_MATERIAL_68BAF4860E75,Parameter
{},ASSERTS,SDF_LD_2_3_1_2,LogicDetail,REL_C934770DD000A64A,LogicRelation
{},INVOLVES_PARAMETER,SDF_LD_2_3_1_2,LogicDetail,PARAM_MATERIAL_761FC4D6CD1F,Parameter
{},INVOLVES_PARAMETER,SDF_LD_2_3_1_2,LogicDetail,PARAM_PROCESS_8D419A415CDF,Parameter
{},IN_DOMAIN,SDF_LD_2_3_1_2,LogicDetail,DOMAIN_SDF,Domain
{},SUPPORTED_BY,SDF_LD_2_3_1_2,LogicDetail,REF_7F82AC8A833C3E5E,Reference
{},TITLE_LEFT,SDF_LD_2_3_1_2,LogicDetail,PARAM_PROCESS_8D419A415CDF,Parameter
{},TITLE_RIGHT,SDF_LD_2_3_1_2,LogicDetail,PARAM_MATERIAL_761FC4D6CD1F,Parameter
{},ASSERTS,SDF_LD_2_3_1_3,LogicDetail,REL_4AA812BE6012BF76,LogicRelation
{},HAS_TABLE,SDF_LD_2_3_1_3,LogicDetail,SDF_TABLE_4,DataTable
{},INVOLVES_PARAMETER,SDF_LD_2_3_1_3,LogicDetail,PARAM_MATERIAL_761FC4D6CD1F,Parameter
{},INVOLVES_PARAMETER,SDF_LD_2_3_1_3,LogicDetail,PARAM_PROCESS_49FCD918A8B0,Parameter
{},IN_DOMAIN,SDF_LD_2_3_1_3,LogicDetail,DOMAIN_SDF,Domain
{},SUPPORTED_BY,SDF_LD_2_3_1_3,LogicDetail,REF_7F82AC8A833C3E5E,Reference
{},TITLE_LEFT,SDF_LD_2_3_1_3,LogicDetail,PARAM_PROCESS_49FCD918A8B0,Parameter
{},TITLE_RIGHT,SDF_LD_2_3_1_3,LogicDetail,PARAM_MATERIAL_761FC4D6CD1F,Parameter
{},ASSERTS,SDF_LD_2_3_1_4,LogicDetail,REL_BE3FED53C5867F66,LogicRelation
{},INVOLVES_PARAMETER,SDF_LD_2_3_1_4,LogicDetail,PARAM_MATERIAL_2100D9CCAD57,Parameter
{},INVOLVES_PARAMETER,SDF_LD_2_3_1_4,LogicDetail,PARAM_PROCESS_86E03DC8EFBB,Parameter
{},IN_DOMAIN,SDF_LD_2_3_1_4,LogicDetail,DOMAIN_SDF,Domain
{},SUPPORTED_BY,SDF_LD_2_3_1_4,LogicDetail,REF_7F82AC8A833C3E5E,Reference
{},TITLE_LEFT,SDF_LD_2_3_1_4,LogicDetail,PARAM_PROCESS_86E03DC8EFBB,Parameter
{},TITLE_RIGHT,SDF_LD_2_3_1_4,LogicDetail,PARAM_MATERIAL_2100D9CCAD57,Parameter
{},ASSERTS,SDF_LD_2_3_1_5,LogicDetail,REL_D9783826E7CF79BC,LogicRelation
{},INVOLVES_PARAMETER,SDF_LD_2_3_1_5,LogicDetail,PARAM_MATERIAL_2100D9CCAD57,Parameter
{},INVOLVES_PARAMETER,SDF_LD_2_3_1_5,LogicDetail,PARAM_PROCESS_8D419A415CDF,Parameter
{},IN_DOMAIN,SDF_LD_2_3_1_5,LogicDetail,DOMAIN_SDF,Domain
{},SUPPORTED_BY,SDF_LD_2_3_1_5,LogicDetail,REF_281D9640695F68C0,Reference
{},SUPPORTED_BY,SDF_LD_2_3_1_5,LogicDetail,REF_7F82AC8A833C3E5E,Reference
{},TITLE_LEFT,SDF_LD_2_3_1_5,LogicDetail,PARAM_PROCESS_8D419A415CDF,Parameter
{},TITLE_RIGHT,SDF_LD_2_3_1_5,LogicDetail,PARAM_MATERIAL_2100D9CCAD57,Parameter
{},ASSERTS,SDF_LD_2_3_1_6,LogicDetail,REL_5440C776C6C98CDA,LogicRelation
{},HAS_TABLE,SDF_LD_2_3_1_6,LogicDetail,SDF_TABLE_5,DataTable
{},INVOLVES_PARAMETER,SDF_LD_2_3_1_6,LogicDetail,PARAM_MATERIAL_2100D9CCAD57,Parameter
{},INVOLVES_PARAMETER,SDF_LD_2_3_1_6,LogicDetail,PARAM_PROCESS_49FCD918A8B0,Parameter
{},IN_DOMAIN,SDF_LD_2_3_1_6,LogicDetail,DOMAIN_SDF,Domain
{},SUPPORTED_BY,SDF_LD_2_3_1_6,LogicDetail,REF_281D9640695F68C0,Reference
{},SUPPORTED_BY,SDF_LD_2_3_1_6,LogicDetail,REF_7F82AC8A833C3E5E,Reference
{},SUPPORTED_BY,SDF_LD_2_3_1_6,LogicDetail,REF_87261B11A77FCCD0,Reference
{},TITLE_LEFT,SDF_LD_2_3_1_6,LogicDetail,PARAM_PROCESS_49FCD918A8B0,Parameter
{},TITLE_RIGHT,SDF_LD_2_3_1_6,LogicDetail,PARAM_MATERIAL_2100D9CCAD57,Parameter
{},ASSERTS,SDF_LD_2_3_1_7,LogicDetail,REL_1F825BE3642CD48B,LogicRelation
{},INVOLVES_PARAMETER,SDF_LD_2_3_1_7,LogicDetail,PARAM_MATERIAL_4BD29B339038,Parameter
{},INVOLVES_PARAMETER,SDF_LD_2_3_1_7,LogicDetail,PARAM_PROCESS_8D419A415CDF,Parameter
{},IN_DOMAIN,SDF_LD_2_3_1_7,LogicDetail,DOMAIN_SDF,Domain
{},TITLE_LEFT,SDF_LD_2_3_1_7,LogicDetail,PARAM_PROCESS_8D419A415CDF,Parameter
{},TITLE_RIGHT,SDF_LD_2_3_1_7,LogicDetail,PARAM_MATERIAL_4BD29B339038,Parameter
{},ASSERTS,SDF_LD_2_3_1_8,LogicDetail,REL_0263C45E36D4F1B6,LogicRelation
{},INVOLVES_PARAMETER,SDF_LD_2_3_1_8,LogicDetail,PARAM_MATERIAL_4BD29B339038,Parameter
{},INVOLVES_PARAMETER,SDF_LD_2_3_1_8,LogicDetail,PARAM_PROCESS_FC4401132349,Parameter
{},IN_DOMAIN,SDF_LD_2_3_1_8,LogicDetail,DOMAIN_SDF,Domain
{},TITLE_LEFT,SDF_LD_2_3_1_8,LogicDetail,PARAM_PROCESS_FC4401132349,Parameter
{},TITLE_RIGHT,SDF_LD_2_3_1_8,LogicDetail,PARAM_MATERIAL_4BD29B339038,Parameter
{},ASSERTS,SDF_LD_2_3_1_9,LogicDetail,REL_6702FDA9C424BD8D,LogicRelation
{},INVOLVES_PARAMETER,SDF_LD_2_3_1_9,LogicDetail,PARAM_MATERIAL_3A5F446FE8FA,Parameter
{},INVOLVES_PARAMETER,SDF_LD_2_3_1_9,LogicDetail,PARAM_PROCESS_8D419A415CDF,Parameter
{},IN_DOMAIN,SDF_LD_2_3_1_9,LogicDetail,DOMAIN_SDF,Domain
{},TITLE_LEFT,SDF_LD_2_3_1_9,LogicDetail,PARAM_PROCESS_8D419A415CDF,Parameter
{},TITLE_RIGHT,SDF_LD_2_3_1_9,LogicDetail,PARAM_MATERIAL_3A5F446FE8FA,Parameter
{},ASSERTS,SDF_LD_2_3_2_1,LogicDetail,REL_E5C1CBD041788FF1,LogicRelation
{},HAS_TABLE,SDF_LD_2_3_2_1,LogicDetail,SDF_TABLE_10,DataTable
{},HAS_TABLE,SDF_LD_2_3_2_1,LogicDetail,SDF_TABLE_11,DataTable
{},INVOLVES_PARAMETER,SDF_LD_2_3_2_1,LogicDetail,PARAM_MATERIAL_573E910C4112,Parameter
{},INVOLVES_PARAMETER,SDF_LD_2_3_2_1,LogicDetail,PARAM_PROCESS_621B67A7FF26,Parameter
{},INVOLVES_PARAMETER,SDF_LD_2_3_2_1,LogicDetail,PARAM_PROCESS_73DB127A5C56,Parameter
{},IN_DOMAIN,SDF_LD_2_3_2_1,LogicDetail,DOMAIN_SDF,Domain
{},SUPPORTED_BY,SDF_LD_2_3_2_1,LogicDetail,REF_F82B696DDA0D0436,Reference
{},TITLE_LEFT,SDF_LD_2_3_2_1,LogicDetail,PARAM_PROCESS_73DB127A5C56,Parameter
{},TITLE_RIGHT,SDF_LD_2_3_2_1,LogicDetail,PARAM_MATERIAL_573E910C4112,Parameter
{},ASSERTS,SDF_LD_2_3_2_2,LogicDetail,REL_88A9AA4003461B5B,LogicRelation
{},INVOLVES_PARAMETER,SDF_LD_2_3_2_2,LogicDetail,PARAM_MATERIAL_573E910C4112,Parameter
{},INVOLVES_PARAMETER,SDF_LD_2_3_2_2,LogicDetail,PARAM_PROCESS_49FCD918A8B0,Parameter
{},IN_DOMAIN,SDF_LD_2_3_2_2,LogicDetail,DOMAIN_SDF,Domain
{},TITLE_LEFT,SDF_LD_2_3_2_2,LogicDetail,PARAM_PROCESS_49FCD918A8B0,Parameter
{},TITLE_RIGHT,SDF_LD_2_3_2_2,LogicDetail,PARAM_MATERIAL_573E910C4112,Parameter
{},ASSERTS,SDF_LD_2_3_2_3,LogicDetail,REL_2BAF8D5005A5782F,LogicRelation
{},INVOLVES_PARAMETER,SDF_LD_2_3_2_3,LogicDetail,PARAM_MATERIAL_573E910C4112,Parameter
{},INVOLVES_PARAMETER,SDF_LD_2_3_2_3,LogicDetail,PARAM_PROCESS_159E0F69ABD4,Parameter
{},IN_DOMAIN,SDF_LD_2_3_2_3,LogicDetail,DOMAIN_SDF,Domain
{},TITLE_LEFT,SDF_LD_2_3_2_3,LogicDetail,PARAM_PROCESS_159E0F69ABD4,Parameter
{},TITLE_RIGHT,SDF_LD_2_3_2_3,LogicDetail,PARAM_MATERIAL_573E910C4112,Parameter
{},ASSERTS,SDF_LD_2_3_2_4,LogicDetail,REL_18A9B8BEB95554B8,LogicRelation
{},INVOLVES_PARAMETER,SDF_LD_2_3_2_4,LogicDetail,PARAM_MATERIAL_573E910C4112,Parameter
{},INVOLVES_PARAMETER,SDF_LD_2_3_2_4,LogicDetail,PARAM_PROCESS_FC4401132349,Parameter
{},IN_DOMAIN,SDF_LD_2_3_2_4,LogicDetail,DOMAIN_SDF,Domain
{},TITLE_LEFT,SDF_LD_2_3_2_4,LogicDetail,PARAM_PROCESS_FC4401132349,Parameter
{},TITLE_RIGHT,SDF_LD_2_3_2_4,LogicDetail,PARAM_MATERIAL_573E910C4112,Parameter
{},ASSERTS,SDF_LD_2_3_3_1,LogicDetail,REL_B674A07486846BEA,LogicRelation
{},INVOLVES_PARAMETER,SDF_LD_2_3_3_1,LogicDetail,PARAM_MATERIAL_C1920EA23CDC,Parameter
{},INVOLVES_PARAMETER,SDF_LD_2_3_3_1,LogicDetail,PARAM_PROCESS_D65E7BC3EF07,Parameter
{},IN_DOMAIN,SDF_LD_2_3_3_1,LogicDetail,DOMAIN_SDF,Domain
{},TITLE_LEFT,SDF_LD_2_3_3_1,LogicDetail,PARAM_PROCESS_D65E7BC3EF07,Parameter
{},TITLE_RIGHT,SDF_LD_2_3_3_1,LogicDetail,PARAM_MATERIAL_C1920EA23CDC,Parameter
{},ASSERTS,SDF_LD_2_3_3_2,LogicDetail,REL_07C67C3D7E5E425E,LogicRelation
{},INVOLVES_PARAMETER,SDF_LD_2_3_3_2,LogicDetail,PARAM_MATERIAL_4BD29B339038,Parameter
{},INVOLVES_PARAMETER,SDF_LD_2_3_3_2,LogicDetail,PARAM_PROCESS_D65E7BC3EF07,Parameter
{},IN_DOMAIN,SDF_LD_2_3_3_2,LogicDetail,DOMAIN_SDF,Domain
{},SUPPORTED_BY,SDF_LD_2_3_3_2,LogicDetail,REF_328DB377201F5999,Reference
{},SUPPORTED_BY,SDF_LD_2_3_3_2,LogicDetail,REF_7F82AC8A833C3E5E,Reference
{},TITLE_LEFT,SDF_LD_2_3_3_2,LogicDetail,PARAM_PROCESS_D65E7BC3EF07,Parameter
{},TITLE_RIGHT,SDF_LD_2_3_3_2,LogicDetail,PARAM_MATERIAL_4BD29B339038,Parameter
{},ASSERTS,SDF_LD_2_3_3_3,LogicDetail,REL_60138EB24B984F49,LogicRelation
{},HAS_FORMULA,SDF_LD_2_3_3_3,LogicDetail,SDF_FORMULA_2_3_3_3_001,Formula
{},HAS_FORMULA,SDF_LD_2_3_3_3,LogicDetail,SDF_FORMULA_2_3_3_3_002,Formula
{},HAS_FORMULA,SDF_LD_2_3_3_3,LogicDetail,SDF_FORMULA_2_3_3_3_003,Formula
{},INVOLVES_PARAMETER,SDF_LD_2_3_3_3,LogicDetail,PARAM_MATERIAL_3A5F446FE8FA,Parameter
{},INVOLVES_PARAMETER,SDF_LD_2_3_3_3,LogicDetail,PARAM_PROCESS_01CA57056F1F,Parameter
{},IN_DOMAIN,SDF_LD_2_3_3_3,LogicDetail,DOMAIN_SDF,Domain
{},SUPPORTED_BY,SDF_LD_2_3_3_3,LogicDetail,REF_7F82AC8A833C3E5E,Reference
{},TITLE_LEFT,SDF_LD_2_3_3_3,LogicDetail,PARAM_PROCESS_01CA57056F1F,Parameter
{},TITLE_RIGHT,SDF_LD_2_3_3_3,LogicDetail,PARAM_MATERIAL_3A5F446FE8FA,Parameter
{},ASSERTS,SDF_LD_2_3_3_4,LogicDetail,REL_249EA6A464036218,LogicRelation
{},INVOLVES_PARAMETER,SDF_LD_2_3_3_4,LogicDetail,PARAM_MATERIAL_2100D9CCAD57,Parameter
{},INVOLVES_PARAMETER,SDF_LD_2_3_3_4,LogicDetail,PARAM_PROCESS_01CA57056F1F,Parameter
{},IN_DOMAIN,SDF_LD_2_3_3_4,LogicDetail,DOMAIN_SDF,Domain
{},SUPPORTED_BY,SDF_LD_2_3_3_4,LogicDetail,REF_281D9640695F68C0,Reference
{},TITLE_LEFT,SDF_LD_2_3_3_4,LogicDetail,PARAM_PROCESS_01CA57056F1F,Parameter
{},TITLE_RIGHT,SDF_LD_2_3_3_4,LogicDetail,PARAM_MATERIAL_2100D9CCAD57,Parameter
{},ASSERTS,SDF_LD_2_3_3_5,LogicDetail,REL_96DA97DD96E96BA3,LogicRelation
{},HAS_TABLE,SDF_LD_2_3_3_5,LogicDetail,SDF_TABLE_12,DataTable
{},INVOLVES_PARAMETER,SDF_LD_2_3_3_5,LogicDetail,PARAM_MATERIAL_761FC4D6CD1F,Parameter
{},INVOLVES_PARAMETER,SDF_LD_2_3_3_5,LogicDetail,PARAM_PROCESS_01CA57056F1F,Parameter
{},IN_DOMAIN,SDF_LD_2_3_3_5,LogicDetail,DOMAIN_SDF,Domain
{},SUPPORTED_BY,SDF_LD_2_3_3_5,LogicDetail,REF_7F82AC8A833C3E5E,Reference
{},TITLE_LEFT,SDF_LD_2_3_3_5,LogicDetail,PARAM_PROCESS_01CA57056F1F,Parameter
{},TITLE_RIGHT,SDF_LD_2_3_3_5,LogicDetail,PARAM_MATERIAL_761FC4D6CD1F,Parameter
{},ASSERTS,SDF_LD_2_3_4_1,LogicDetail,REL_A12AEE82CBE38A47,LogicRelation
{},INVOLVES_PARAMETER,SDF_LD_2_3_4_1,LogicDetail,PARAM_MATERIAL_E66B6AF1CAA8,Parameter
{},INVOLVES_PARAMETER,SDF_LD_2_3_4_1,LogicDetail,PARAM_PROCESS_D65E7BC3EF07,Parameter
{},IN_DOMAIN,SDF_LD_2_3_4_1,LogicDetail,DOMAIN_SDF,Domain
{},SUPPORTED_BY,SDF_LD_2_3_4_1,LogicDetail,REF_08AD6CFDCE525593,Reference
{},SUPPORTED_BY,SDF_LD_2_3_4_1,LogicDetail,REF_7F82AC8A833C3E5E,Reference
{},TITLE_LEFT,SDF_LD_2_3_4_1,LogicDetail,PARAM_PROCESS_D65E7BC3EF07,Parameter
{},TITLE_RIGHT,SDF_LD_2_3_4_1,LogicDetail,PARAM_MATERIAL_E66B6AF1CAA8,Parameter
{},ASSERTS,SDF_LD_2_3_4_2,LogicDetail,REL_111BDC2E0BB8EE8E,LogicRelation
{},HAS_TABLE,SDF_LD_2_3_4_2,LogicDetail,SDF_TABLE_13,DataTable
{},INVOLVES_PARAMETER,SDF_LD_2_3_4_2,LogicDetail,PARAM_MATERIAL_72E2DDF51F75,Parameter
{},INVOLVES_PARAMETER,SDF_LD_2_3_4_2,LogicDetail,PARAM_PROCESS_D65E7BC3EF07,Parameter
{},IN_DOMAIN,SDF_LD_2_3_4_2,LogicDetail,DOMAIN_SDF,Domain
{},SUPPORTED_BY,SDF_LD_2_3_4_2,LogicDetail,REF_281D9640695F68C0,Reference
{},SUPPORTED_BY,SDF_LD_2_3_4_2,LogicDetail,REF_7F82AC8A833C3E5E,Reference
{},SUPPORTED_BY,SDF_LD_2_3_4_2,LogicDetail,REF_A8E34B4C4176C88F,Reference
{},TITLE_LEFT,SDF_LD_2_3_4_2,LogicDetail,PARAM_PROCESS_D65E7BC3EF07,Parameter
{},TITLE_RIGHT,SDF_LD_2_3_4_2,LogicDetail,PARAM_MATERIAL_72E2DDF51F75,Parameter
{},ASSERTS,SDF_LD_2_3_4_3,LogicDetail,REL_40192D1040BA64C9,LogicRelation
{},INVOLVES_PARAMETER,SDF_LD_2_3_4_3,LogicDetail,PARAM_MATERIAL_867CB187BBD3,Parameter
{},INVOLVES_PARAMETER,SDF_LD_2_3_4_3,LogicDetail,PARAM_PROCESS_D65E7BC3EF07,Parameter
{},IN_DOMAIN,SDF_LD_2_3_4_3,LogicDetail,DOMAIN_SDF,Domain
{},SUPPORTED_BY,SDF_LD_2_3_4_3,LogicDetail,REF_7F82AC8A833C3E5E,Reference
{},TITLE_LEFT,SDF_LD_2_3_4_3,LogicDetail,PARAM_PROCESS_D65E7BC3EF07,Parameter
{},TITLE_RIGHT,SDF_LD_2_3_4_3,LogicDetail,PARAM_MATERIAL_867CB187BBD3,Parameter
{},ASSERTS,SDF_LD_2_3_4_4,LogicDetail,REL_491069C15B6F2E53,LogicRelation
{},INVOLVES_PARAMETER,SDF_LD_2_3_4_4,LogicDetail,PARAM_MATERIAL_ABF1141A1A59,Parameter
{},INVOLVES_PARAMETER,SDF_LD_2_3_4_4,LogicDetail,PARAM_PROCESS_D65E7BC3EF07,Parameter
{},IN_DOMAIN,SDF_LD_2_3_4_4,LogicDetail,DOMAIN_SDF,Domain
{},SUPPORTED_BY,SDF_LD_2_3_4_4,LogicDetail,REF_7F82AC8A833C3E5E,Reference
{},TITLE_LEFT,SDF_LD_2_3_4_4,LogicDetail,PARAM_PROCESS_D65E7BC3EF07,Parameter
{},TITLE_RIGHT,SDF_LD_2_3_4_4,LogicDetail,PARAM_MATERIAL_ABF1141A1A59,Parameter
{},ASSERTS,SDF_LD_2_3_5_1,LogicDetail,REL_FF834F2B24795B41,LogicRelation
{},HAS_FORMULA,SDF_LD_2_3_5_1,LogicDetail,SDF_FORMULA_2_3_5_1_001,Formula
{},HAS_TABLE,SDF_LD_2_3_5_1,LogicDetail,SDF_TABLE_14,DataTable
{},INVOLVES_PARAMETER,SDF_LD_2_3_5_1,LogicDetail,PARAM_MATERIAL_C07BBED50994,Parameter
{},INVOLVES_PARAMETER,SDF_LD_2_3_5_1,LogicDetail,PARAM_PROCESS_D65E7BC3EF07,Parameter
{},IN_DOMAIN,SDF_LD_2_3_5_1,LogicDetail,DOMAIN_SDF,Domain
{},SUPPORTED_BY,SDF_LD_2_3_5_1,LogicDetail,REF_69D42764D9119E69,Reference
{},SUPPORTED_BY,SDF_LD_2_3_5_1,LogicDetail,REF_87261B11A77FCCD0,Reference
{},TITLE_LEFT,SDF_LD_2_3_5_1,LogicDetail,PARAM_PROCESS_D65E7BC3EF07,Parameter
{},TITLE_RIGHT,SDF_LD_2_3_5_1,LogicDetail,PARAM_MATERIAL_C07BBED50994,Parameter
{},ASSERTS,SDF_LD_2_3_5_2,LogicDetail,REL_859497E808C25E38,LogicRelation
{},INVOLVES_PARAMETER,SDF_LD_2_3_5_2,LogicDetail,PARAM_MATERIAL_64070CD4FD1A,Parameter
{},INVOLVES_PARAMETER,SDF_LD_2_3_5_2,LogicDetail,PARAM_PROCESS_D65E7BC3EF07,Parameter
{},IN_DOMAIN,SDF_LD_2_3_5_2,LogicDetail,DOMAIN_SDF,Domain
{},SUPPORTED_BY,SDF_LD_2_3_5_2,LogicDetail,REF_69D42764D9119E69,Reference
{},TITLE_LEFT,SDF_LD_2_3_5_2,LogicDetail,PARAM_PROCESS_D65E7BC3EF07,Parameter
{},TITLE_RIGHT,SDF_LD_2_3_5_2,LogicDetail,PARAM_MATERIAL_64070CD4FD1A,Parameter
{},ASSERTS,SDF_LD_2_3_5_3,LogicDetail,REL_21469F3CFE53486E,LogicRelation
{},HAS_TABLE,SDF_LD_2_3_5_3,LogicDetail,SDF_TABLE_15,DataTable
{},INVOLVES_PARAMETER,SDF_LD_2_3_5_3,LogicDetail,PARAM_MATERIAL_C8B60C6A63B4,Parameter
{},INVOLVES_PARAMETER,SDF_LD_2_3_5_3,LogicDetail,PARAM_PROCESS_D65E7BC3EF07,Parameter
{},IN_DOMAIN,SDF_LD_2_3_5_3,LogicDetail,DOMAIN_SDF,Domain
{},SUPPORTED_BY,SDF_LD_2_3_5_3,LogicDetail,REF_69D42764D9119E69,Reference
{},TITLE_LEFT,SDF_LD_2_3_5_3,LogicDetail,PARAM_PROCESS_D65E7BC3EF07,Parameter
{},TITLE_RIGHT,SDF_LD_2_3_5_3,LogicDetail,PARAM_MATERIAL_C8B60C6A63B4,Parameter
{},ASSERTS,SDF_LD_3_1_1_1,LogicDetail,REL_B35695159E9DA0A4,LogicRelation
{},HAS_FORMULA,SDF_LD_3_1_1_1,LogicDetail,SDF_FORMULA_3_1_1_1_001,Formula
{},HAS_TABLE,SDF_LD_3_1_1_1,LogicDetail,SDF_TABLE_16,DataTable
{},INVOLVES_PARAMETER,SDF_LD_3_1_1_1,LogicDetail,PARAM_EQUIPMENT_9A0E2DBAC647,Parameter
{},INVOLVES_PARAMETER,SDF_LD_3_1_1_1,LogicDetail,PARAM_MATERIAL_7EB23E66E151,Parameter
{},IN_DOMAIN,SDF_LD_3_1_1_1,LogicDetail,DOMAIN_SDF,Domain
{},SUPPORTED_BY,SDF_LD_3_1_1_1,LogicDetail,REF_009EA70BEDF5B4DA,Reference
{},SUPPORTED_BY,SDF_LD_3_1_1_1,LogicDetail,REF_0823E4105814058B,Reference
{},SUPPORTED_BY,SDF_LD_3_1_1_1,LogicDetail,REF_EB3E12BD1D828D35,Reference
{},TITLE_LEFT,SDF_LD_3_1_1_1,LogicDetail,PARAM_MATERIAL_7EB23E66E151,Parameter
{},TITLE_RIGHT,SDF_LD_3_1_1_1,LogicDetail,PARAM_EQUIPMENT_9A0E2DBAC647,Parameter
{},ASSERTS,SDF_LD_3_1_1_2,LogicDetail,REL_0C9DE48F03B4B7CA,LogicRelation
{},HAS_FORMULA,SDF_LD_3_1_1_2,LogicDetail,SDF_FORMULA_3_1_1_2_001,Formula
{},INVOLVES_PARAMETER,SDF_LD_3_1_1_2,LogicDetail,PARAM_EQUIPMENT_EEFAFD94CAF7,Parameter
{},INVOLVES_PARAMETER,SDF_LD_3_1_1_2,LogicDetail,PARAM_MATERIAL_7F18ED2699B2,Parameter
{},IN_DOMAIN,SDF_LD_3_1_1_2,LogicDetail,DOMAIN_SDF,Domain
{},SUPPORTED_BY,SDF_LD_3_1_1_2,LogicDetail,REF_AA2FC1DC3FFF0318,Reference
{},TITLE_LEFT,SDF_LD_3_1_1_2,LogicDetail,PARAM_MATERIAL_7F18ED2699B2,Parameter
{},TITLE_RIGHT,SDF_LD_3_1_1_2,LogicDetail,PARAM_EQUIPMENT_EEFAFD94CAF7,Parameter
{},ASSERTS,SDF_LD_3_1_2_1,LogicDetail,REL_61FD1DC455D006A1,LogicRelation
{},HAS_FORMULA,SDF_LD_3_1_2_1,LogicDetail,SDF_FORMULA_3_1_2_1_001,Formula
{},HAS_FORMULA,SDF_LD_3_1_2_1,LogicDetail,SDF_FORMULA_3_1_2_1_002,Formula
{},HAS_FORMULA,SDF_LD_3_1_2_1,LogicDetail,SDF_FORMULA_3_1_2_1_003,Formula
{},HAS_FORMULA,SDF_LD_3_1_2_1,LogicDetail,SDF_FORMULA_3_1_2_1_004,Formula
{},HAS_FORMULA,SDF_LD_3_1_2_1,LogicDetail,SDF_FORMULA_3_1_2_1_005,Formula
{},HAS_FORMULA,SDF_LD_3_1_2_1,LogicDetail,SDF_FORMULA_3_1_2_1_006,Formula
{},HAS_FORMULA,SDF_LD_3_1_2_1,LogicDetail,SDF_FORMULA_3_1_2_1_007,Formula
{},HAS_FORMULA,SDF_LD_3_1_2_1,LogicDetail,SDF_FORMULA_3_1_2_1_008,Formula
{},HAS_FORMULA,SDF_LD_3_1_2_1,LogicDetail,SDF_FORMULA_3_1_2_1_009,Formula
{},HAS_FORMULA,SDF_LD_3_1_2_1,LogicDetail,SDF_FORMULA_3_1_2_1_010,Formula
{},HAS_FORMULA,SDF_LD_3_1_2_1,LogicDetail,SDF_FORMULA_3_1_2_1_011,Formula
{},INVOLVES_PARAMETER,SDF_LD_3_1_2_1,LogicDetail,PARAM_EQUIPMENT_BF8D741EF586,Parameter
{},INVOLVES_PARAMETER,SDF_LD_3_1_2_1,LogicDetail,PARAM_MATERIAL_C368BDF0F4D3,Parameter
{},IN_DOMAIN,SDF_LD_3_1_2_1,LogicDetail,DOMAIN_SDF,Domain
{},SUPPORTED_BY,SDF_LD_3_1_2_1,LogicDetail,REF_9AF7CAEB4010F171,Reference
{},TITLE_LEFT,SDF_LD_3_1_2_1,LogicDetail,PARAM_MATERIAL_C368BDF0F4D3,Parameter
{},TITLE_RIGHT,SDF_LD_3_1_2_1,LogicDetail,PARAM_EQUIPMENT_BF8D741EF586,Parameter
{},ASSERTS,SDF_LD_3_1_2_2,LogicDetail,REL_65B0D3EA37D07A70,LogicRelation
{},HAS_FORMULA,SDF_LD_3_1_2_2,LogicDetail,SDF_FORMULA_3_1_2_2_001,Formula
{},HAS_FORMULA,SDF_LD_3_1_2_2,LogicDetail,SDF_FORMULA_3_1_2_2_002,Formula
{},HAS_FORMULA,SDF_LD_3_1_2_2,LogicDetail,SDF_FORMULA_3_1_2_2_003,Formula
{},HAS_FORMULA,SDF_LD_3_1_2_2,LogicDetail,SDF_FORMULA_3_1_2_2_004,Formula
{},HAS_FORMULA,SDF_LD_3_1_2_2,LogicDetail,SDF_FORMULA_3_1_2_2_005,Formula
{},INVOLVES_PARAMETER,SDF_LD_3_1_2_2,LogicDetail,PARAM_EQUIPMENT_BF8D741EF586,Parameter
{},INVOLVES_PARAMETER,SDF_LD_3_1_2_2,LogicDetail,PARAM_MATERIAL_F48C029385DF,Parameter
{},IN_DOMAIN,SDF_LD_3_1_2_2,LogicDetail,DOMAIN_SDF,Domain
{},SUPPORTED_BY,SDF_LD_3_1_2_2,LogicDetail,REF_9AF7CAEB4010F171,Reference
{},TITLE_LEFT,SDF_LD_3_1_2_2,LogicDetail,PARAM_MATERIAL_F48C029385DF,Parameter
{},TITLE_RIGHT,SDF_LD_3_1_2_2,LogicDetail,PARAM_EQUIPMENT_BF8D741EF586,Parameter
{},ASSERTS,SDF_LD_3_1_2_3,LogicDetail,REL_100794D6C1893C3E,LogicRelation
{},HAS_FORMULA,SDF_LD_3_1_2_3,LogicDetail,SDF_FORMULA_3_1_2_3_001,Formula
{},HAS_FORMULA,SDF_LD_3_1_2_3,LogicDetail,SDF_FORMULA_3_1_2_3_002,Formula
{},HAS_FORMULA,SDF_LD_3_1_2_3,LogicDetail,SDF_FORMULA_3_1_2_3_003,Formula
{},HAS_FORMULA,SDF_LD_3_1_2_3,LogicDetail,SDF_FORMULA_3_1_2_3_004,Formula
{},HAS_FORMULA,SDF_LD_3_1_2_3,LogicDetail,SDF_FORMULA_3_1_2_3_005,Formula
{},HAS_FORMULA,SDF_LD_3_1_2_3,LogicDetail,SDF_FORMULA_3_1_2_3_006,Formula
{},INVOLVES_PARAMETER,SDF_LD_3_1_2_3,LogicDetail,PARAM_EQUIPMENT_BF8D741EF586,Parameter
{},INVOLVES_PARAMETER,SDF_LD_3_1_2_3,LogicDetail,PARAM_MATERIAL_82A785B29AB0,Parameter
{},IN_DOMAIN,SDF_LD_3_1_2_3,LogicDetail,DOMAIN_SDF,Domain
{},SUPPORTED_BY,SDF_LD_3_1_2_3,LogicDetail,REF_9AF7CAEB4010F171,Reference
{},TITLE_LEFT,SDF_LD_3_1_2_3,LogicDetail,PARAM_MATERIAL_82A785B29AB0,Parameter
{},TITLE_RIGHT,SDF_LD_3_1_2_3,LogicDetail,PARAM_EQUIPMENT_BF8D741EF586,Parameter
{},ASSERTS,SDF_LD_3_1_3_1,LogicDetail,REL_3CF72BC786521CBC,LogicRelation
{},INVOLVES_PARAMETER,SDF_LD_3_1_3_1,LogicDetail,PARAM_EQUIPMENT_86DA9FDAA71D,Parameter
{},INVOLVES_PARAMETER,SDF_LD_3_1_3_1,LogicDetail,PARAM_MATERIAL_C368BDF0F4D3,Parameter
{},IN_DOMAIN,SDF_LD_3_1_3_1,LogicDetail,DOMAIN_SDF,Domain
{},TITLE_LEFT,SDF_LD_3_1_3_1,LogicDetail,PARAM_MATERIAL_C368BDF0F4D3,Parameter
{},TITLE_RIGHT,SDF_LD_3_1_3_1,LogicDetail,PARAM_EQUIPMENT_86DA9FDAA71D,Parameter
{},ASSERTS,SDF_LD_3_1_3_2,LogicDetail,REL_45CFC88290BC102A,LogicRelation
{},INVOLVES_PARAMETER,SDF_LD_3_1_3_2,LogicDetail,PARAM_EQUIPMENT_86DA9FDAA71D,Parameter
{},INVOLVES_PARAMETER,SDF_LD_3_1_3_2,LogicDetail,PARAM_MATERIAL_F48C029385DF,Parameter
{},IN_DOMAIN,SDF_LD_3_1_3_2,LogicDetail,DOMAIN_SDF,Domain
{},TITLE_LEFT,SDF_LD_3_1_3_2,LogicDetail,PARAM_MATERIAL_F48C029385DF,Parameter
{},TITLE_RIGHT,SDF_LD_3_1_3_2,LogicDetail,PARAM_EQUIPMENT_86DA9FDAA71D,Parameter
{},ASSERTS,SDF_LD_3_1_3_3,LogicDetail,REL_7C480B521B395386,LogicRelation
{},INVOLVES_PARAMETER,SDF_LD_3_1_3_3,LogicDetail,PARAM_EQUIPMENT_86DA9FDAA71D,Parameter
{},INVOLVES_PARAMETER,SDF_LD_3_1_3_3,LogicDetail,PARAM_MATERIAL_82A785B29AB0,Parameter
{},IN_DOMAIN,SDF_LD_3_1_3_3,LogicDetail,DOMAIN_SDF,Domain
{},TITLE_LEFT,SDF_LD_3_1_3_3,LogicDetail,PARAM_MATERIAL_82A785B29AB0,Parameter
{},TITLE_RIGHT,SDF_LD_3_1_3_3,LogicDetail,PARAM_EQUIPMENT_86DA9FDAA71D,Parameter
{},ASSERTS,SDF_LD_3_1_3_4,LogicDetail,REL_CC8B3E3339C7D5B8,LogicRelation
{},HAS_TABLE,SDF_LD_3_1_3_4,LogicDetail,SDF_TABLE_17,DataTable
{},INVOLVES_PARAMETER,SDF_LD_3_1_3_4,LogicDetail,PARAM_EQUIPMENT_86DA9FDAA71D,Parameter
{},INVOLVES_PARAMETER,SDF_LD_3_1_3_4,LogicDetail,PARAM_MATERIAL_68BAF4860E75,Parameter
{},IN_DOMAIN,SDF_LD_3_1_3_4,LogicDetail,DOMAIN_SDF,Domain
{},SUPPORTED_BY,SDF_LD_3_1_3_4,LogicDetail,REF_281D9640695F68C0,Reference
{},SUPPORTED_BY,SDF_LD_3_1_3_4,LogicDetail,REF_59BA6C55044BFA98,Reference
{},TITLE_LEFT,SDF_LD_3_1_3_4,LogicDetail,PARAM_MATERIAL_68BAF4860E75,Parameter
{},TITLE_RIGHT,SDF_LD_3_1_3_4,LogicDetail,PARAM_EQUIPMENT_86DA9FDAA71D,Parameter
{},ASSERTS,SDF_LD_3_1_4_1,LogicDetail,REL_122872E1314AEA69,LogicRelation
{},INVOLVES_PARAMETER,SDF_LD_3_1_4_1,LogicDetail,PARAM_EQUIPMENT_86DA9FDAA71D,Parameter
{},INVOLVES_PARAMETER,SDF_LD_3_1_4_1,LogicDetail,PARAM_MATERIAL_E66B6AF1CAA8,Parameter
{},IN_DOMAIN,SDF_LD_3_1_4_1,LogicDetail,DOMAIN_SDF,Domain
{},SUPPORTED_BY,SDF_LD_3_1_4_1,LogicDetail,REF_281D9640695F68C0,Reference
{},SUPPORTED_BY,SDF_LD_3_1_4_1,LogicDetail,REF_7F82AC8A833C3E5E,Reference
{},TITLE_LEFT,SDF_LD_3_1_4_1,LogicDetail,PARAM_MATERIAL_E66B6AF1CAA8,Parameter
{},TITLE_RIGHT,SDF_LD_3_1_4_1,LogicDetail,PARAM_EQUIPMENT_86DA9FDAA71D,Parameter
{},ASSERTS,SDF_LD_3_1_4_2,LogicDetail,REL_CE5E2BF6F464480A,LogicRelation
{},INVOLVES_PARAMETER,SDF_LD_3_1_4_2,LogicDetail,PARAM_EQUIPMENT_86DA9FDAA71D,Parameter
{},INVOLVES_PARAMETER,SDF_LD_3_1_4_2,LogicDetail,PARAM_MATERIAL_72E2DDF51F75,Parameter
{},IN_DOMAIN,SDF_LD_3_1_4_2,LogicDetail,DOMAIN_SDF,Domain
{},SUPPORTED_BY,SDF_LD_3_1_4_2,LogicDetail,REF_F5AFB8C8E616961A,Reference
{},TITLE_LEFT,SDF_LD_3_1_4_2,LogicDetail,PARAM_MATERIAL_72E2DDF51F75,Parameter
{},TITLE_RIGHT,SDF_LD_3_1_4_2,LogicDetail,PARAM_EQUIPMENT_86DA9FDAA71D,Parameter
{},ASSERTS,SDF_LD_3_1_4_3,LogicDetail,REL_40CC86346446BF1F,LogicRelation
{},INVOLVES_PARAMETER,SDF_LD_3_1_4_3,LogicDetail,PARAM_EQUIPMENT_86DA9FDAA71D,Parameter
{},INVOLVES_PARAMETER,SDF_LD_3_1_4_3,LogicDetail,PARAM_MATERIAL_867CB187BBD3,Parameter
{},IN_DOMAIN,SDF_LD_3_1_4_3,LogicDetail,DOMAIN_SDF,Domain
{},SUPPORTED_BY,SDF_LD_3_1_4_3,LogicDetail,REF_08AD6CFDCE525593,Reference
{},TITLE_LEFT,SDF_LD_3_1_4_3,LogicDetail,PARAM_MATERIAL_867CB187BBD3,Parameter
{},TITLE_RIGHT,SDF_LD_3_1_4_3,LogicDetail,PARAM_EQUIPMENT_86DA9FDAA71D,Parameter
{},ASSERTS,SDF_LD_3_1_4_4,LogicDetail,REL_B4A3939CEB696D90,LogicRelation
{},INVOLVES_PARAMETER,SDF_LD_3_1_4_4,LogicDetail,PARAM_EQUIPMENT_86DA9FDAA71D,Parameter
{},INVOLVES_PARAMETER,SDF_LD_3_1_4_4,LogicDetail,PARAM_MATERIAL_ABF1141A1A59,Parameter
{},IN_DOMAIN,SDF_LD_3_1_4_4,LogicDetail,DOMAIN_SDF,Domain
{},SUPPORTED_BY,SDF_LD_3_1_4_4,LogicDetail,REF_08AD6CFDCE525593,Reference
{},TITLE_LEFT,SDF_LD_3_1_4_4,LogicDetail,PARAM_MATERIAL_ABF1141A1A59,Parameter
{},TITLE_RIGHT,SDF_LD_3_1_4_4,LogicDetail,PARAM_EQUIPMENT_86DA9FDAA71D,Parameter
{},ASSERTS,SDF_LD_3_1_4_5,LogicDetail,REL_A5BD5D1DF56762BA,LogicRelation
{},INVOLVES_PARAMETER,SDF_LD_3_1_4_5,LogicDetail,PARAM_EQUIPMENT_86DA9FDAA71D,Parameter
{},INVOLVES_PARAMETER,SDF_LD_3_1_4_5,LogicDetail,PARAM_MATERIAL_EF96EA0893F7,Parameter
{},IN_DOMAIN,SDF_LD_3_1_4_5,LogicDetail,DOMAIN_SDF,Domain
{},SUPPORTED_BY,SDF_LD_3_1_4_5,LogicDetail,REF_1BCE152D56C4C1EF,Reference
{},TITLE_LEFT,SDF_LD_3_1_4_5,LogicDetail,PARAM_MATERIAL_EF96EA0893F7,Parameter
{},TITLE_RIGHT,SDF_LD_3_1_4_5,LogicDetail,PARAM_EQUIPMENT_86DA9FDAA71D,Parameter
{},ASSERTS,SDF_LD_3_2_0_1,LogicDetail,REL_7D046098521C5434,LogicRelation
{},HAS_TABLE,SDF_LD_3_2_0_1,LogicDetail,SDF_TABLE_18,DataTable
{},INVOLVES_PARAMETER,SDF_LD_3_2_0_1,LogicDetail,PARAM_EQUIPMENT_4C634730A40C,Parameter
{},INVOLVES_PARAMETER,SDF_LD_3_2_0_1,LogicDetail,PARAM_EQUIPMENT_8734DF47BD28,Parameter
{},IN_DOMAIN,SDF_LD_3_2_0_1,LogicDetail,DOMAIN_SDF,Domain
{},SUPPORTED_BY,SDF_LD_3_2_0_1,LogicDetail,REF_0B4587DEE76F78C9,Reference
{},TITLE_LEFT,SDF_LD_3_2_0_1,LogicDetail,PARAM_EQUIPMENT_4C634730A40C,Parameter
{},TITLE_RIGHT,SDF_LD_3_2_0_1,LogicDetail,PARAM_EQUIPMENT_8734DF47BD28,Parameter
{},ASSERTS,SDF_LD_3_2_0_2,LogicDetail,REL_0C078ECD871DA422,LogicRelation
{},HAS_TABLE,SDF_LD_3_2_0_2,LogicDetail,SDF_TABLE_19,DataTable
{},INVOLVES_PARAMETER,SDF_LD_3_2_0_2,LogicDetail,PARAM_EQUIPMENT_0F2792FE9EAA,Parameter
{},INVOLVES_PARAMETER,SDF_LD_3_2_0_2,LogicDetail,PARAM_EQUIPMENT_7F87A12DA9DE,Parameter
{},IN_DOMAIN,SDF_LD_3_2_0_2,LogicDetail,DOMAIN_SDF,Domain
{},SUPPORTED_BY,SDF_LD_3_2_0_2,LogicDetail,REF_D1DC3A8E70E4C7B2,Reference
{},TITLE_LEFT,SDF_LD_3_2_0_2,LogicDetail,PARAM_EQUIPMENT_7F87A12DA9DE,Parameter
{},TITLE_RIGHT,SDF_LD_3_2_0_2,LogicDetail,PARAM_EQUIPMENT_0F2792FE9EAA,Parameter
{},ASSERTS,SDF_LD_3_2_0_3,LogicDetail,REL_20A316F5A1C01761,LogicRelation
{},HAS_TABLE,SDF_LD_3_2_0_3,LogicDetail,SDF_TABLE_20,DataTable
{},HAS_TABLE,SDF_LD_3_2_0_3,LogicDetail,SDF_TABLE_21,DataTable
{},INVOLVES_PARAMETER,SDF_LD_3_2_0_3,LogicDetail,PARAM_EQUIPMENT_7F87A12DA9DE,Parameter
{},INVOLVES_PARAMETER,SDF_LD_3_2_0_3,LogicDetail,PARAM_EQUIPMENT_F29AEAAF8940,Parameter
{},INVOLVES_PARAMETER,SDF_LD_3_2_0_3,LogicDetail,PARAM_EQUIPMENT_F56BA73207D0,Parameter
{},INVOLVES_PARAMETER,SDF_LD_3_2_0_3,LogicDetail,PARAM_EQUIPMENT_FCD53935FD79,Parameter
{},IN_DOMAIN,SDF_LD_3_2_0_3,LogicDetail,DOMAIN_SDF,Domain
{},SUPPORTED_BY,SDF_LD_3_2_0_3,LogicDetail,REF_7329861C59E575A9,Reference
{},SUPPORTED_BY,SDF_LD_3_2_0_3,LogicDetail,REF_D1DC3A8E70E4C7B2,Reference
{},TITLE_LEFT,SDF_LD_3_2_0_3,LogicDetail,PARAM_EQUIPMENT_7F87A12DA9DE,Parameter
{},TITLE_RIGHT,SDF_LD_3_2_0_3,LogicDetail,PARAM_EQUIPMENT_F29AEAAF8940,Parameter
{},TITLE_RIGHT,SDF_LD_3_2_0_3,LogicDetail,PARAM_EQUIPMENT_F56BA73207D0,Parameter
{},TITLE_RIGHT,SDF_LD_3_2_0_3,LogicDetail,PARAM_EQUIPMENT_FCD53935FD79,Parameter
{},ASSERTS,SDF_LD_3_2_0_4,LogicDetail,REL_EF8CB954E3605B6C,LogicRelation
{},INVOLVES_PARAMETER,SDF_LD_3_2_0_4,LogicDetail,PARAM_EQUIPMENT_8A216C63884D,Parameter
{},INVOLVES_PARAMETER,SDF_LD_3_2_0_4,LogicDetail,PARAM_EQUIPMENT_BF8D741EF586,Parameter
{},IN_DOMAIN,SDF_LD_3_2_0_4,LogicDetail,DOMAIN_SDF,Domain
{},SUPPORTED_BY,SDF_LD_3_2_0_4,LogicDetail,REF_D1DC3A8E70E4C7B2,Reference
{},TITLE_LEFT,SDF_LD_3_2_0_4,LogicDetail,PARAM_EQUIPMENT_BF8D741EF586,Parameter
{},TITLE_RIGHT,SDF_LD_3_2_0_4,LogicDetail,PARAM_EQUIPMENT_8A216C63884D,Parameter
{},ASSERTS,SDF_LD_3_2_1_1,LogicDetail,REL_902698017629E79B,LogicRelation
{},HAS_TABLE,SDF_LD_3_2_1_1,LogicDetail,SDF_TABLE_22,DataTable
{},INVOLVES_PARAMETER,SDF_LD_3_2_1_1,LogicDetail,PARAM_EQUIPMENT_A369F84358EF,Parameter
{},INVOLVES_PARAMETER,SDF_LD_3_2_1_1,LogicDetail,PARAM_EQUIPMENT_BF8D741EF586,Parameter
{},IN_DOMAIN,SDF_LD_3_2_1_1,LogicDetail,DOMAIN_SDF,Domain
{},SUPPORTED_BY,SDF_LD_3_2_1_1,LogicDetail,REF_7ABCA4B94E8A2D01,Reference
{},SUPPORTED_BY,SDF_LD_3_2_1_1,LogicDetail,REF_BF0E5B8DE79CC62D,Reference
{},TITLE_LEFT,SDF_LD_3_2_1_1,LogicDetail,PARAM_EQUIPMENT_BF8D741EF586,Parameter
{},TITLE_RIGHT,SDF_LD_3_2_1_1,LogicDetail,PARAM_EQUIPMENT_A369F84358EF,Parameter
{},ASSERTS,SDF_LD_3_2_2_1,LogicDetail,REL_81C68A66E8213136,LogicRelation
{},HAS_TABLE,SDF_LD_3_2_2_1,LogicDetail,SDF_TABLE_23,DataTable
{},INVOLVES_PARAMETER,SDF_LD_3_2_2_1,LogicDetail,PARAM_EQUIPMENT_4AE6CDBCAB9D,Parameter
{},INVOLVES_PARAMETER,SDF_LD_3_2_2_1,LogicDetail,PARAM_EQUIPMENT_B17A3C2AC8DD,Parameter
{},IN_DOMAIN,SDF_LD_3_2_2_1,LogicDetail,DOMAIN_SDF,Domain
{},SUPPORTED_BY,SDF_LD_3_2_2_1,LogicDetail,REF_E99DC9BF6E3E0329,Reference
{},TITLE_LEFT,SDF_LD_3_2_2_1,LogicDetail,PARAM_EQUIPMENT_B17A3C2AC8DD,Parameter
{},TITLE_RIGHT,SDF_LD_3_2_2_1,LogicDetail,PARAM_EQUIPMENT_4AE6CDBCAB9D,Parameter
{},ASSERTS,SDF_LD_3_3_1_1,LogicDetail,REL_12F858498D3611DA,LogicRelation
{},HAS_TABLE,SDF_LD_3_3_1_1,LogicDetail,SDF_TABLE_24,DataTable
{},INVOLVES_PARAMETER,SDF_LD_3_3_1_1,LogicDetail,PARAM_EQUIPMENT_21F98CD3B7DF,Parameter
{},INVOLVES_PARAMETER,SDF_LD_3_3_1_1,LogicDetail,PARAM_PROCESS_B0C69B627344,Parameter
{},IN_DOMAIN,SDF_LD_3_3_1_1,LogicDetail,DOMAIN_SDF,Domain
{},SUPPORTED_BY,SDF_LD_3_3_1_1,LogicDetail,REF_E99DC9BF6E3E0329,Reference
{},TITLE_LEFT,SDF_LD_3_3_1_1,LogicDetail,PARAM_PROCESS_B0C69B627344,Parameter
{},TITLE_RIGHT,SDF_LD_3_3_1_1,LogicDetail,PARAM_EQUIPMENT_21F98CD3B7DF,Parameter
{},ASSERTS,SDF_LD_3_3_1_2,LogicDetail,REL_41A7A538AE264775,LogicRelation
{},HAS_FORMULA,SDF_LD_3_3_1_2,LogicDetail,SDF_FORMULA_3_3_1_2_001,Formula
{},HAS_FORMULA,SDF_LD_3_3_1_2,LogicDetail,SDF_FORMULA_3_3_1_2_002,Formula
{},HAS_FORMULA,SDF_LD_3_3_1_2,LogicDetail,SDF_FORMULA_3_3_1_2_003,Formula
{},HAS_FORMULA,SDF_LD_3_3_1_2,LogicDetail,SDF_FORMULA_3_3_1_2_004,Formula
{},INVOLVES_PARAMETER,SDF_LD_3_3_1_2,LogicDetail,PARAM_EQUIPMENT_B6616E1BA782,Parameter
{},INVOLVES_PARAMETER,SDF_LD_3_3_1_2,LogicDetail,PARAM_PROCESS_B0C69B627344,Parameter
{},IN_DOMAIN,SDF_LD_3_3_1_2,LogicDetail,DOMAIN_SDF,Domain
{},SUPPORTED_BY,SDF_LD_3_3_1_2,LogicDetail,REF_1C38BF91BDD4CF6E,Reference
{},SUPPORTED_BY,SDF_LD_3_3_1_2,LogicDetail,REF_BF0E5B8DE79CC62D,Reference
{},TITLE_LEFT,SDF_LD_3_3_1_2,LogicDetail,PARAM_PROCESS_B0C69B627344,Parameter
{},TITLE_RIGHT,SDF_LD_3_3_1_2,LogicDetail,PARAM_EQUIPMENT_B6616E1BA782,Parameter
{},ASSERTS,SDF_LD_3_3_1_3,LogicDetail,REL_0E147381D68FFB8A,LogicRelation
{},HAS_FORMULA,SDF_LD_3_3_1_3,LogicDetail,SDF_FORMULA_3_3_1_3_001,Formula
{},HAS_FORMULA,SDF_LD_3_3_1_3,LogicDetail,SDF_FORMULA_3_3_1_3_002,Formula
{},HAS_FORMULA,SDF_LD_3_3_1_3,LogicDetail,SDF_FORMULA_3_3_1_3_003,Formula
{},HAS_FORMULA,SDF_LD_3_3_1_3,LogicDetail,SDF_FORMULA_3_3_1_3_004,Formula
{},HAS_FORMULA,SDF_LD_3_3_1_3,LogicDetail,SDF_FORMULA_3_3_1_3_005,Formula
{},HAS_FORMULA,SDF_LD_3_3_1_3,LogicDetail,SDF_FORMULA_3_3_1_3_006,Formula
{},HAS_FORMULA,SDF_LD_3_3_1_3,LogicDetail,SDF_FORMULA_3_3_1_3_007,Formula
{},INVOLVES_PARAMETER,SDF_LD_3_3_1_3,LogicDetail,PARAM_EQUIPMENT_BF8D741EF586,Parameter
{},INVOLVES_PARAMETER,SDF_LD_3_3_1_3,LogicDetail,PARAM_PROCESS_B5A60712BDBC,Parameter
{},IN_DOMAIN,SDF_LD_3_3_1_3,LogicDetail,DOMAIN_SDF,Domain
{},SUPPORTED_BY,SDF_LD_3_3_1_3,LogicDetail,REF_91AE20BDC66CA646,Reference
{},SUPPORTED_BY,SDF_LD_3_3_1_3,LogicDetail,REF_E99DC9BF6E3E0329,Reference
{},TITLE_LEFT,SDF_LD_3_3_1_3,LogicDetail,PARAM_PROCESS_B5A60712BDBC,Parameter
{},TITLE_RIGHT,SDF_LD_3_3_1_3,LogicDetail,PARAM_EQUIPMENT_BF8D741EF586,Parameter
{},ASSERTS,SDF_LD_3_3_1_4,LogicDetail,REL_8F05106A076CC821,LogicRelation
{},HAS_TABLE,SDF_LD_3_3_1_4,LogicDetail,SDF_TABLE_25,DataTable
{},INVOLVES_PARAMETER,SDF_LD_3_3_1_4,LogicDetail,PARAM_EQUIPMENT_A369F84358EF,Parameter
{},INVOLVES_PARAMETER,SDF_LD_3_3_1_4,LogicDetail,PARAM_PROCESS_B5A60712BDBC,Parameter
{},IN_DOMAIN,SDF_LD_3_3_1_4,LogicDetail,DOMAIN_SDF,Domain
{},TITLE_LEFT,SDF_LD_3_3_1_4,LogicDetail,PARAM_PROCESS_B5A60712BDBC,Parameter
{},TITLE_RIGHT,SDF_LD_3_3_1_4,LogicDetail,PARAM_EQUIPMENT_A369F84358EF,Parameter
{},ASSERTS,SDF_LD_4_1_1_1,LogicDetail,REL_E84E69F0F5A71770,LogicRelation
{},HAS_FORMULA,SDF_LD_4_1_1_1,LogicDetail,SDF_FORMULA_4_1_1_1_001,Formula
{},HAS_FORMULA,SDF_LD_4_1_1_1,LogicDetail,SDF_FORMULA_4_1_1_1_002,Formula
{},HAS_FORMULA,SDF_LD_4_1_1_1,LogicDetail,SDF_FORMULA_4_1_1_1_003,Formula
{},HAS_FORMULA,SDF_LD_4_1_1_1,LogicDetail,SDF_FORMULA_4_1_1_1_004,Formula
{},HAS_FORMULA,SDF_LD_4_1_1_1,LogicDetail,SDF_FORMULA_4_1_1_1_005,Formula
{},HAS_FORMULA,SDF_LD_4_1_1_1,LogicDetail,SDF_FORMULA_4_1_1_1_006,Formula
{},HAS_FORMULA,SDF_LD_4_1_1_1,LogicDetail,SDF_FORMULA_4_1_1_1_007,Formula
{},HAS_FORMULA,SDF_LD_4_1_1_1,LogicDetail,SDF_FORMULA_4_1_1_1_008,Formula
{},HAS_FORMULA,SDF_LD_4_1_1_1,LogicDetail,SDF_FORMULA_4_1_1_1_009,Formula
{},HAS_FORMULA,SDF_LD_4_1_1_1,LogicDetail,SDF_FORMULA_4_1_1_1_010,Formula
{},HAS_FORMULA,SDF_LD_4_1_1_1,LogicDetail,SDF_FORMULA_4_1_1_1_011,Formula
{},HAS_FORMULA,SDF_LD_4_1_1_1,LogicDetail,SDF_FORMULA_4_1_1_1_012,Formula
{},INVOLVES_PARAMETER,SDF_LD_4_1_1_1,LogicDetail,PARAM_MATERIAL_389390EE681A,Parameter
{},INVOLVES_PARAMETER,SDF_LD_4_1_1_1,LogicDetail,PARAM_PROCESS_3732E264DFA9,Parameter
{},IN_DOMAIN,SDF_LD_4_1_1_1,LogicDetail,DOMAIN_SDF,Domain
{},SUPPORTED_BY,SDF_LD_4_1_1_1,LogicDetail,REF_1C38BF91BDD4CF6E,Reference
{},SUPPORTED_BY,SDF_LD_4_1_1_1,LogicDetail,REF_9AF7CAEB4010F171,Reference
{},TITLE_LEFT,SDF_LD_4_1_1_1,LogicDetail,PARAM_MATERIAL_389390EE681A,Parameter
{},TITLE_RIGHT,SDF_LD_4_1_1_1,LogicDetail,PARAM_PROCESS_3732E264DFA9,Parameter
{},ASSERTS,SDF_LD_4_1_1_2,LogicDetail,REL_581CFED7F5D006DA,LogicRelation
{},HAS_FORMULA,SDF_LD_4_1_1_2,LogicDetail,SDF_FORMULA_4_1_1_2_001,Formula
{},HAS_FORMULA,SDF_LD_4_1_1_2,LogicDetail,SDF_FORMULA_4_1_1_2_002,Formula
{},HAS_FORMULA,SDF_LD_4_1_1_2,LogicDetail,SDF_FORMULA_4_1_1_2_003,Formula
{},HAS_FORMULA,SDF_LD_4_1_1_2,LogicDetail,SDF_FORMULA_4_1_1_2_004,Formula
{},HAS_FORMULA,SDF_LD_4_1_1_2,LogicDetail,SDF_FORMULA_4_1_1_2_005,Formula
{},HAS_FORMULA,SDF_LD_4_1_1_2,LogicDetail,SDF_FORMULA_4_1_1_2_006,Formula
{},HAS_FORMULA,SDF_LD_4_1_1_2,LogicDetail,SDF_FORMULA_4_1_1_2_007,Formula
{},HAS_FORMULA,SDF_LD_4_1_1_2,LogicDetail,SDF_FORMULA_4_1_1_2_008,Formula
{},HAS_FORMULA,SDF_LD_4_1_1_2,LogicDetail,SDF_FORMULA_4_1_1_2_009,Formula
{},INVOLVES_PARAMETER,SDF_LD_4_1_1_2,LogicDetail,PARAM_MATERIAL_4BD29B339038,Parameter
{},INVOLVES_PARAMETER,SDF_LD_4_1_1_2,LogicDetail,PARAM_PROCESS_3732E264DFA9,Parameter
{},IN_DOMAIN,SDF_LD_4_1_1_2,LogicDetail,DOMAIN_SDF,Domain
{},SUPPORTED_BY,SDF_LD_4_1_1_2,LogicDetail,REF_9AF7CAEB4010F171,Reference
{},TITLE_LEFT,SDF_LD_4_1_1_2,LogicDetail,PARAM_MATERIAL_4BD29B339038,Parameter
{},TITLE_RIGHT,SDF_LD_4_1_1_2,LogicDetail,PARAM_PROCESS_3732E264DFA9,Parameter
{},ASSERTS,SDF_LD_4_1_1_3,LogicDetail,REL_BE9EB16C809CA309,LogicRelation
{},HAS_FORMULA,SDF_LD_4_1_1_3,LogicDetail,SDF_FORMULA_4_1_1_3_001,Formula
{},HAS_FORMULA,SDF_LD_4_1_1_3,LogicDetail,SDF_FORMULA_4_1_1_3_002,Formula
{},HAS_FORMULA,SDF_LD_4_1_1_3,LogicDetail,SDF_FORMULA_4_1_1_3_003,Formula
{},HAS_FORMULA,SDF_LD_4_1_1_3,LogicDetail,SDF_FORMULA_4_1_1_3_004,Formula
{},INVOLVES_PARAMETER,SDF_LD_4_1_1_3,LogicDetail,PARAM_MATERIAL_7F18ED2699B2,Parameter
{},INVOLVES_PARAMETER,SDF_LD_4_1_1_3,LogicDetail,PARAM_PROCESS_3732E264DFA9,Parameter
{},IN_DOMAIN,SDF_LD_4_1_1_3,LogicDetail,DOMAIN_SDF,Domain
{},SUPPORTED_BY,SDF_LD_4_1_1_3,LogicDetail,REF_B03BAEC277A4D020,Reference
{},TITLE_LEFT,SDF_LD_4_1_1_3,LogicDetail,PARAM_MATERIAL_7F18ED2699B2,Parameter
{},TITLE_RIGHT,SDF_LD_4_1_1_3,LogicDetail,PARAM_PROCESS_3732E264DFA9,Parameter
{},ASSERTS,SDF_LD_4_1_1_4,LogicDetail,REL_3698C059A5D7AE71,LogicRelation
{},HAS_FORMULA,SDF_LD_4_1_1_4,LogicDetail,SDF_FORMULA_4_1_1_4_001,Formula
{},HAS_FORMULA,SDF_LD_4_1_1_4,LogicDetail,SDF_FORMULA_4_1_1_4_002,Formula
{},HAS_FORMULA,SDF_LD_4_1_1_4,LogicDetail,SDF_FORMULA_4_1_1_4_003,Formula
{},HAS_FORMULA,SDF_LD_4_1_1_4,LogicDetail,SDF_FORMULA_4_1_1_4_004,Formula
{},HAS_FORMULA,SDF_LD_4_1_1_4,LogicDetail,SDF_FORMULA_4_1_1_4_005,Formula
{},INVOLVES_PARAMETER,SDF_LD_4_1_1_4,LogicDetail,PARAM_MATERIAL_BF5B982668C6,Parameter
{},INVOLVES_PARAMETER,SDF_LD_4_1_1_4,LogicDetail,PARAM_PROCESS_3732E264DFA9,Parameter
{},IN_DOMAIN,SDF_LD_4_1_1_4,LogicDetail,DOMAIN_SDF,Domain
{},SUPPORTED_BY,SDF_LD_4_1_1_4,LogicDetail,REF_281D9640695F68C0,Reference
{},SUPPORTED_BY,SDF_LD_4_1_1_4,LogicDetail,REF_D3987DB842E0FF99,Reference
{},TITLE_LEFT,SDF_LD_4_1_1_4,LogicDetail,PARAM_MATERIAL_BF5B982668C6,Parameter
{},TITLE_RIGHT,SDF_LD_4_1_1_4,LogicDetail,PARAM_PROCESS_3732E264DFA9,Parameter
{},ASSERTS,SDF_LD_4_1_1_5,LogicDetail,REL_BDA57A2802C33003,LogicRelation
{},HAS_FORMULA,SDF_LD_4_1_1_5,LogicDetail,SDF_FORMULA_4_1_1_5_001,Formula
{},HAS_FORMULA,SDF_LD_4_1_1_5,LogicDetail,SDF_FORMULA_4_1_1_5_002,Formula
{},HAS_FORMULA,SDF_LD_4_1_1_5,LogicDetail,SDF_FORMULA_4_1_1_5_003,Formula
{},HAS_FORMULA,SDF_LD_4_1_1_5,LogicDetail,SDF_FORMULA_4_1_1_5_004,Formula
{},INVOLVES_PARAMETER,SDF_LD_4_1_1_5,LogicDetail,PARAM_MATERIAL_E637482C3A8A,Parameter
{},INVOLVES_PARAMETER,SDF_LD_4_1_1_5,LogicDetail,PARAM_PROCESS_3732E264DFA9,Parameter
{},IN_DOMAIN,SDF_LD_4_1_1_5,LogicDetail,DOMAIN_SDF,Domain
{},SUPPORTED_BY,SDF_LD_4_1_1_5,LogicDetail,REF_6DE5BD86090D64D5,Reference
{},TITLE_LEFT,SDF_LD_4_1_1_5,LogicDetail,PARAM_MATERIAL_E637482C3A8A,Parameter
{},TITLE_RIGHT,SDF_LD_4_1_1_5,LogicDetail,PARAM_PROCESS_3732E264DFA9,Parameter
{},ASSERTS,SDF_LD_4_1_1_6,LogicDetail,REL_903D302545C8935F,LogicRelation
{},INVOLVES_PARAMETER,SDF_LD_4_1_1_6,LogicDetail,PARAM_MATERIAL_389390EE681A,Parameter
{},INVOLVES_PARAMETER,SDF_LD_4_1_1_6,LogicDetail,PARAM_PROCESS_B5A60712BDBC,Parameter
{},IN_DOMAIN,SDF_LD_4_1_1_6,LogicDetail,DOMAIN_SDF,Domain
{},TITLE_LEFT,SDF_LD_4_1_1_6,LogicDetail,PARAM_MATERIAL_389390EE681A,Parameter
{},TITLE_RIGHT,SDF_LD_4_1_1_6,LogicDetail,PARAM_PROCESS_B5A60712BDBC,Parameter
{},ASSERTS,SDF_LD_4_1_1_7,LogicDetail,REL_C6022EEB0E48F675,LogicRelation
{},INVOLVES_PARAMETER,SDF_LD_4_1_1_7,LogicDetail,PARAM_MATERIAL_BF5B982668C6,Parameter
{},INVOLVES_PARAMETER,SDF_LD_4_1_1_7,LogicDetail,PARAM_PROCESS_76C6E87673AE,Parameter
{},IN_DOMAIN,SDF_LD_4_1_1_7,LogicDetail,DOMAIN_SDF,Domain
{},TITLE_LEFT,SDF_LD_4_1_1_7,LogicDetail,PARAM_MATERIAL_BF5B982668C6,Parameter
{},TITLE_RIGHT,SDF_LD_4_1_1_7,LogicDetail,PARAM_PROCESS_76C6E87673AE,Parameter
{},ASSERTS,SDF_LD_4_1_1_8,LogicDetail,REL_004D736555389850,LogicRelation
{},INVOLVES_PARAMETER,SDF_LD_4_1_1_8,LogicDetail,PARAM_MATERIAL_E637482C3A8A,Parameter
{},INVOLVES_PARAMETER,SDF_LD_4_1_1_8,LogicDetail,PARAM_PROCESS_122A0353791A,Parameter
{},IN_DOMAIN,SDF_LD_4_1_1_8,LogicDetail,DOMAIN_SDF,Domain
{},TITLE_LEFT,SDF_LD_4_1_1_8,LogicDetail,PARAM_MATERIAL_E637482C3A8A,Parameter
{},TITLE_RIGHT,SDF_LD_4_1_1_8,LogicDetail,PARAM_PROCESS_122A0353791A,Parameter
{},ASSERTS,SDF_LD_4_1_2_1,LogicDetail,REL_FA84002B188E8049,LogicRelation
{},INVOLVES_PARAMETER,SDF_LD_4_1_2_1,LogicDetail,PARAM_MATERIAL_389390EE681A,Parameter
{},INVOLVES_PARAMETER,SDF_LD_4_1_2_1,LogicDetail,PARAM_PROCESS_2A3BD3A5B811,Parameter
{},IN_DOMAIN,SDF_LD_4_1_2_1,LogicDetail,DOMAIN_SDF,Domain
{},TITLE_LEFT,SDF_LD_4_1_2_1,LogicDetail,PARAM_MATERIAL_389390EE681A,Parameter
{},TITLE_RIGHT,SDF_LD_4_1_2_1,LogicDetail,PARAM_PROCESS_2A3BD3A5B811,Parameter
{},ASSERTS,SDF_LD_4_1_2_2,LogicDetail,REL_C2B7A4A2FAB818F4,LogicRelation
{},INVOLVES_PARAMETER,SDF_LD_4_1_2_2,LogicDetail,PARAM_MATERIAL_4BD29B339038,Parameter
{},INVOLVES_PARAMETER,SDF_LD_4_1_2_2,LogicDetail,PARAM_PROCESS_1CE5E8F95463,Parameter
{},IN_DOMAIN,SDF_LD_4_1_2_2,LogicDetail,DOMAIN_SDF,Domain
{},TITLE_LEFT,SDF_LD_4_1_2_2,LogicDetail,PARAM_MATERIAL_4BD29B339038,Parameter
{},TITLE_RIGHT,SDF_LD_4_1_2_2,LogicDetail,PARAM_PROCESS_1CE5E8F95463,Parameter
{},ASSERTS,SDF_LD_4_1_2_3,LogicDetail,REL_C3C0A574AC319FCF,LogicRelation
{},INVOLVES_PARAMETER,SDF_LD_4_1_2_3,LogicDetail,PARAM_MATERIAL_4BD29B339038,Parameter
{},INVOLVES_PARAMETER,SDF_LD_4_1_2_3,LogicDetail,PARAM_PROCESS_D65E7BC3EF07,Parameter
{},IN_DOMAIN,SDF_LD_4_1_2_3,LogicDetail,DOMAIN_SDF,Domain
{},TITLE_LEFT,SDF_LD_4_1_2_3,LogicDetail,PARAM_MATERIAL_4BD29B339038,Parameter
{},TITLE_RIGHT,SDF_LD_4_1_2_3,LogicDetail,PARAM_PROCESS_D65E7BC3EF07,Parameter
{},ASSERTS,SDF_LD_4_2_1_1,LogicDetail,REL_861DA3B10CCBAF8D,LogicRelation
{},HAS_FORMULA,SDF_LD_4_2_1_1,LogicDetail,SDF_FORMULA_4_2_1_1_001,Formula
{},HAS_FORMULA,SDF_LD_4_2_1_1,LogicDetail,SDF_FORMULA_4_2_1_1_002,Formula
{},INVOLVES_PARAMETER,SDF_LD_4_2_1_1,LogicDetail,PARAM_EQUIPMENT_C2DDC18B61BB,Parameter
{},INVOLVES_PARAMETER,SDF_LD_4_2_1_1,LogicDetail,PARAM_PROCESS_3D997546E90A,Parameter
{},IN_DOMAIN,SDF_LD_4_2_1_1,LogicDetail,DOMAIN_SDF,Domain
{},SUPPORTED_BY,SDF_LD_4_2_1_1,LogicDetail,REF_BF0E5B8DE79CC62D,Reference
{},SUPPORTED_BY,SDF_LD_4_2_1_1,LogicDetail,REF_D1DC3A8E70E4C7B2,Reference
{},TITLE_LEFT,SDF_LD_4_2_1_1,LogicDetail,PARAM_EQUIPMENT_C2DDC18B61BB,Parameter
{},TITLE_RIGHT,SDF_LD_4_2_1_1,LogicDetail,PARAM_PROCESS_3D997546E90A,Parameter
{},ASSERTS,SDF_LD_4_3_1_1,LogicDetail,REL_76AC61188704BFF7,LogicRelation
{},HAS_TABLE,SDF_LD_4_3_1_1,LogicDetail,SDF_TABLE_26,DataTable
{},INVOLVES_PARAMETER,SDF_LD_4_3_1_1,LogicDetail,PARAM_PROCESS_8D419A415CDF,Parameter
{},INVOLVES_PARAMETER,SDF_LD_4_3_1_1,LogicDetail,PARAM_PROCESS_B5A60712BDBC,Parameter
{},IN_DOMAIN,SDF_LD_4_3_1_1,LogicDetail,DOMAIN_SDF,Domain
{},SUPPORTED_BY,SDF_LD_4_3_1_1,LogicDetail,REF_7329861C59E575A9,Reference
{},SUPPORTED_BY,SDF_LD_4_3_1_1,LogicDetail,REF_7F82AC8A833C3E5E,Reference
{},SUPPORTED_BY,SDF_LD_4_3_1_1,LogicDetail,REF_BF0E5B8DE79CC62D,Reference
{},SUPPORTED_BY,SDF_LD_4_3_1_1,LogicDetail,REF_BF2AACFB4667D168,Reference
{},TITLE_LEFT,SDF_LD_4_3_1_1,LogicDetail,PARAM_PROCESS_8D419A415CDF,Parameter
{},TITLE_RIGHT,SDF_LD_4_3_1_1,LogicDetail,PARAM_PROCESS_B5A60712BDBC,Parameter
{},ASSERTS,SDF_LD_4_3_1_2,LogicDetail,REL_63AACF38E6B5A516,LogicRelation
{},HAS_FORMULA,SDF_LD_4_3_1_2,LogicDetail,SDF_FORMULA_4_3_1_2_001,Formula
{},HAS_FORMULA,SDF_LD_4_3_1_2,LogicDetail,SDF_FORMULA_4_3_1_2_002,Formula
{},INVOLVES_PARAMETER,SDF_LD_4_3_1_2,LogicDetail,PARAM_PROCESS_76C6E87673AE,Parameter
{},INVOLVES_PARAMETER,SDF_LD_4_3_1_2,LogicDetail,PARAM_PROCESS_7BB4257E7769,Parameter
{},INVOLVES_PARAMETER,SDF_LD_4_3_1_2,LogicDetail,PARAM_PROCESS_934984F21A30,Parameter
{},INVOLVES_PARAMETER,SDF_LD_4_3_1_2,LogicDetail,PARAM_PROCESS_B0C69B627344,Parameter
{},INVOLVES_PARAMETER,SDF_LD_4_3_1_2,LogicDetail,PARAM_PROCESS_DABC676680E2,Parameter
{},IN_DOMAIN,SDF_LD_4_3_1_2,LogicDetail,DOMAIN_SDF,Domain
{},SUPPORTED_BY,SDF_LD_4_3_1_2,LogicDetail,REF_5908F1474A6401F9,Reference
{},SUPPORTED_BY,SDF_LD_4_3_1_2,LogicDetail,REF_C50F9021D863EE74,Reference
{},TITLE_LEFT,SDF_LD_4_3_1_2,LogicDetail,PARAM_PROCESS_B0C69B627344,Parameter
{},TITLE_RIGHT,SDF_LD_4_3_1_2,LogicDetail,PARAM_PROCESS_76C6E87673AE,Parameter
{},ASSERTS,SDF_LD_4_3_1_3,LogicDetail,REL_88A71EBB8ED024C1,LogicRelation
{},HAS_FORMULA,SDF_LD_4_3_1_3,LogicDetail,SDF_FORMULA_4_3_1_3_001,Formula
{},INVOLVES_PARAMETER,SDF_LD_4_3_1_3,LogicDetail,PARAM_PROCESS_122A0353791A,Parameter
{},INVOLVES_PARAMETER,SDF_LD_4_3_1_3,LogicDetail,PARAM_PROCESS_9A2BD293863F,Parameter
{},INVOLVES_PARAMETER,SDF_LD_4_3_1_3,LogicDetail,PARAM_PROCESS_B0C69B627344,Parameter
{},INVOLVES_PARAMETER,SDF_LD_4_3_1_3,LogicDetail,PARAM_PROCESS_DABC676680E2,Parameter
{},IN_DOMAIN,SDF_LD_4_3_1_3,LogicDetail,DOMAIN_SDF,Domain
{},SUPPORTED_BY,SDF_LD_4_3_1_3,LogicDetail,REF_1B1E28BC72343185,Reference
{},SUPPORTED_BY,SDF_LD_4_3_1_3,LogicDetail,REF_5908F1474A6401F9,Reference
{},SUPPORTED_BY,SDF_LD_4_3_1_3,LogicDetail,REF_7ABCA4B94E8A2D01,Reference
{},TITLE_LEFT,SDF_LD_4_3_1_3,LogicDetail,PARAM_PROCESS_B0C69B627344,Parameter
{},TITLE_RIGHT,SDF_LD_4_3_1_3,LogicDetail,PARAM_PROCESS_122A0353791A,Parameter
{},ASSERTS,SDF_LD_4_3_2_1,LogicDetail,REL_058F6FED20875C0F,LogicRelation
{},HAS_FORMULA,SDF_LD_4_3_2_1,LogicDetail,SDF_FORMULA_4_3_2_1_001,Formula
{},HAS_FORMULA,SDF_LD_4_3_2_1,LogicDetail,SDF_FORMULA_4_3_2_1_002,Formula
{},INVOLVES_PARAMETER,SDF_LD_4_3_2_1,LogicDetail,PARAM_PROCESS_76C6E87673AE,Parameter
{},INVOLVES_PARAMETER,SDF_LD_4_3_2_1,LogicDetail,PARAM_PROCESS_7BB4257E7769,Parameter
{},INVOLVES_PARAMETER,SDF_LD_4_3_2_1,LogicDetail,PARAM_PROCESS_934984F21A30,Parameter
{},INVOLVES_PARAMETER,SDF_LD_4_3_2_1,LogicDetail,PARAM_PROCESS_B0C69B627344,Parameter
{},INVOLVES_PARAMETER,SDF_LD_4_3_2_1,LogicDetail,PARAM_PROCESS_DABC676680E2,Parameter
{},IN_DOMAIN,SDF_LD_4_3_2_1,LogicDetail,DOMAIN_SDF,Domain
{},SUPPORTED_BY,SDF_LD_4_3_2_1,LogicDetail,REF_5908F1474A6401F9,Reference
{},SUPPORTED_BY,SDF_LD_4_3_2_1,LogicDetail,REF_C50F9021D863EE74,Reference
{},TITLE_LEFT,SDF_LD_4_3_2_1,LogicDetail,PARAM_PROCESS_B0C69B627344,Parameter
{},TITLE_RIGHT,SDF_LD_4_3_2_1,LogicDetail,PARAM_PROCESS_934984F21A30,Parameter
{},ASSERTS,SDF_LD_4_3_2_2,LogicDetail,REL_1F6D3BC1EE17E7B7,LogicRelation
{},HAS_FORMULA,SDF_LD_4_3_2_2,LogicDetail,SDF_FORMULA_4_3_2_2_001,Formula
{},HAS_FORMULA,SDF_LD_4_3_2_2,LogicDetail,SDF_FORMULA_4_3_2_2_002,Formula
{},HAS_FORMULA,SDF_LD_4_3_2_2,LogicDetail,SDF_FORMULA_4_3_2_2_003,Formula
{},HAS_FORMULA,SDF_LD_4_3_2_2,LogicDetail,SDF_FORMULA_4_3_2_2_004,Formula
{},HAS_TABLE,SDF_LD_4_3_2_2,LogicDetail,SDF_TABLE_27,DataTable
{},INVOLVES_PARAMETER,SDF_LD_4_3_2_2,LogicDetail,PARAM_PROCESS_6200948259C0,Parameter
{},INVOLVES_PARAMETER,SDF_LD_4_3_2_2,LogicDetail,PARAM_PROCESS_ECE7AEB2F02C,Parameter
{},IN_DOMAIN,SDF_LD_4_3_2_2,LogicDetail,DOMAIN_SDF,Domain
{},SUPPORTED_BY,SDF_LD_4_3_2_2,LogicDetail,REF_2E11066490FAD4EA,Reference
{},SUPPORTED_BY,SDF_LD_4_3_2_2,LogicDetail,REF_7ABCA4B94E8A2D01,Reference
{},SUPPORTED_BY,SDF_LD_4_3_2_2,LogicDetail,REF_C84B0358A3AB9549,Reference
{},TITLE_LEFT,SDF_LD_4_3_2_2,LogicDetail,PARAM_PROCESS_ECE7AEB2F02C,Parameter
{},TITLE_RIGHT,SDF_LD_4_3_2_2,LogicDetail,PARAM_PROCESS_6200948259C0,Parameter
{},ASSERTS,SDF_LD_4_3_2_3,LogicDetail,REL_5029A9151AD34AC8,LogicRelation
{},HAS_FORMULA,SDF_LD_4_3_2_3,LogicDetail,SDF_FORMULA_4_3_2_3_001,Formula
{},HAS_FORMULA,SDF_LD_4_3_2_3,LogicDetail,SDF_FORMULA_4_3_2_3_002,Formula
{},HAS_FORMULA,SDF_LD_4_3_2_3,LogicDetail,SDF_FORMULA_4_3_2_3_003,Formula
{},HAS_FORMULA,SDF_LD_4_3_2_3,LogicDetail,SDF_FORMULA_4_3_2_3_004,Formula
{},HAS_FORMULA,SDF_LD_4_3_2_3,LogicDetail,SDF_FORMULA_4_3_2_3_005,Formula
{},HAS_FORMULA,SDF_LD_4_3_2_3,LogicDetail,SDF_FORMULA_4_3_2_3_006,Formula
{},HAS_FORMULA,SDF_LD_4_3_2_3,LogicDetail,SDF_FORMULA_4_3_2_3_007,Formula
{},HAS_FORMULA,SDF_LD_4_3_2_3,LogicDetail,SDF_FORMULA_4_3_2_3_008,Formula
{},INVOLVES_PARAMETER,SDF_LD_4_3_2_3,LogicDetail,PARAM_PROCESS_498D53C036A0,Parameter
{},INVOLVES_PARAMETER,SDF_LD_4_3_2_3,LogicDetail,PARAM_PROCESS_6200948259C0,Parameter
{},IN_DOMAIN,SDF_LD_4_3_2_3,LogicDetail,DOMAIN_SDF,Domain
{},SUPPORTED_BY,SDF_LD_4_3_2_3,LogicDetail,REF_2E11066490FAD4EA,Reference
{},SUPPORTED_BY,SDF_LD_4_3_2_3,LogicDetail,REF_7ABCA4B94E8A2D01,Reference
{},SUPPORTED_BY,SDF_LD_4_3_2_3,LogicDetail,REF_C84B0358A3AB9549,Reference
{},TITLE_LEFT,SDF_LD_4_3_2_3,LogicDetail,PARAM_PROCESS_498D53C036A0,Parameter
{},TITLE_RIGHT,SDF_LD_4_3_2_3,LogicDetail,PARAM_PROCESS_6200948259C0,Parameter
{},ASSERTS,SDF_LD_4_3_3_1,LogicDetail,REL_A0DF940415E3622A,LogicRelation
{},INVOLVES_PARAMETER,SDF_LD_4_3_3_1,LogicDetail,PARAM_PROCESS_3D997546E90A,Parameter
{},INVOLVES_PARAMETER,SDF_LD_4_3_3_1,LogicDetail,PARAM_PROCESS_8D419A415CDF,Parameter
{},IN_DOMAIN,SDF_LD_4_3_3_1,LogicDetail,DOMAIN_SDF,Domain
{},TITLE_LEFT,SDF_LD_4_3_3_1,LogicDetail,PARAM_PROCESS_8D419A415CDF,Parameter
{},TITLE_RIGHT,SDF_LD_4_3_3_1,LogicDetail,PARAM_PROCESS_3D997546E90A,Parameter
{},ASSERTS,SDF_LD_4_3_3_10,LogicDetail,REL_7FDEE83A98949F6D,LogicRelation
{},HAS_FORMULA,SDF_LD_4_3_3_10,LogicDetail,SDF_FORMULA_4_3_3_10_001,Formula
{},HAS_FORMULA,SDF_LD_4_3_3_10,LogicDetail,SDF_FORMULA_4_3_3_10_002,Formula
{},HAS_FORMULA,SDF_LD_4_3_3_10,LogicDetail,SDF_FORMULA_4_3_3_10_003,Formula
{},HAS_FORMULA,SDF_LD_4_3_3_10,LogicDetail,SDF_FORMULA_4_3_3_10_004,Formula
{},HAS_FORMULA,SDF_LD_4_3_3_10,LogicDetail,SDF_FORMULA_4_3_3_10_005,Formula
{},HAS_FORMULA,SDF_LD_4_3_3_10,LogicDetail,SDF_FORMULA_4_3_3_10_006,Formula
{},INVOLVES_PARAMETER,SDF_LD_4_3_3_10,LogicDetail,PARAM_PROCESS_2A3BD3A5B811,Parameter
{},INVOLVES_PARAMETER,SDF_LD_4_3_3_10,LogicDetail,PARAM_PROCESS_8D419A415CDF,Parameter
{},IN_DOMAIN,SDF_LD_4_3_3_10,LogicDetail,DOMAIN_SDF,Domain
{},SUPPORTED_BY,SDF_LD_4_3_3_10,LogicDetail,REF_7329861C59E575A9,Reference
{},SUPPORTED_BY,SDF_LD_4_3_3_10,LogicDetail,REF_BF0E5B8DE79CC62D,Reference
{},TITLE_LEFT,SDF_LD_4_3_3_10,LogicDetail,PARAM_PROCESS_8D419A415CDF,Parameter
{},TITLE_RIGHT,SDF_LD_4_3_3_10,LogicDetail,PARAM_PROCESS_2A3BD3A5B811,Parameter
{},ASSERTS,SDF_LD_4_3_3_11,LogicDetail,REL_B3A4098F168F18A1,LogicRelation
{},HAS_TABLE,SDF_LD_4_3_3_11,LogicDetail,SDF_TABLE_30,DataTable
{},INVOLVES_PARAMETER,SDF_LD_4_3_3_11,LogicDetail,PARAM_PROCESS_D65E7BC3EF07,Parameter
{},INVOLVES_PARAMETER,SDF_LD_4_3_3_11,LogicDetail,PARAM_PROCESS_ECE7AEB2F02C,Parameter
{},IN_DOMAIN,SDF_LD_4_3_3_11,LogicDetail,DOMAIN_SDF,Domain
{},SUPPORTED_BY,SDF_LD_4_3_3_11,LogicDetail,REF_734D99497B8F995A,Reference
{},SUPPORTED_BY,SDF_LD_4_3_3_11,LogicDetail,REF_7ABCA4B94E8A2D01,Reference
{},SUPPORTED_BY,SDF_LD_4_3_3_11,LogicDetail,REF_93A0FA3B7C043E26,Reference
{},TITLE_LEFT,SDF_LD_4_3_3_11,LogicDetail,PARAM_PROCESS_ECE7AEB2F02C,Parameter
{},TITLE_RIGHT,SDF_LD_4_3_3_11,LogicDetail,PARAM_PROCESS_D65E7BC3EF07,Parameter
{},ASSERTS,SDF_LD_4_3_3_12,LogicDetail,REL_0DBF4C4DA8AD319C,LogicRelation
{},INVOLVES_PARAMETER,SDF_LD_4_3_3_12,LogicDetail,PARAM_PROCESS_498D53C036A0,Parameter
{},INVOLVES_PARAMETER,SDF_LD_4_3_3_12,LogicDetail,PARAM_PROCESS_D65E7BC3EF07,Parameter
{},IN_DOMAIN,SDF_LD_4_3_3_12,LogicDetail,DOMAIN_SDF,Domain
{},SUPPORTED_BY,SDF_LD_4_3_3_12,LogicDetail,REF_0B4587DEE76F78C9,Reference
{},TITLE_LEFT,SDF_LD_4_3_3_12,LogicDetail,PARAM_PROCESS_498D53C036A0,Parameter
{},TITLE_RIGHT,SDF_LD_4_3_3_12,LogicDetail,PARAM_PROCESS_D65E7BC3EF07,Parameter
{},ASSERTS,SDF_LD_4_3_3_13,LogicDetail,REL_6719381211F175A2,LogicRelation
{},HAS_TABLE,SDF_LD_4_3_3_13,LogicDetail,SDF_TABLE_31,DataTable
{},INVOLVES_PARAMETER,SDF_LD_4_3_3_13,LogicDetail,PARAM_PROCESS_BDCA85AEA7EB,Parameter
{},INVOLVES_PARAMETER,SDF_LD_4_3_3_13,LogicDetail,PARAM_PROCESS_F781AF9392F3,Parameter
{},IN_DOMAIN,SDF_LD_4_3_3_13,LogicDetail,DOMAIN_SDF,Domain
{},SUPPORTED_BY,SDF_LD_4_3_3_13,LogicDetail,REF_D08D064A3CA8BFED,Reference
{},TITLE_LEFT,SDF_LD_4_3_3_13,LogicDetail,PARAM_PROCESS_F781AF9392F3,Parameter
{},TITLE_RIGHT,SDF_LD_4_3_3_13,LogicDetail,PARAM_PROCESS_BDCA85AEA7EB,Parameter
{},ASSERTS,SDF_LD_4_3_3_2,LogicDetail,REL_9B822D080A38ADA0,LogicRelation
{},INVOLVES_PARAMETER,SDF_LD_4_3_3_2,LogicDetail,PARAM_PROCESS_3D997546E90A,Parameter
{},INVOLVES_PARAMETER,SDF_LD_4_3_3_2,LogicDetail,PARAM_PROCESS_86E03DC8EFBB,Parameter
{},IN_DOMAIN,SDF_LD_4_3_3_2,LogicDetail,DOMAIN_SDF,Domain
{},TITLE_LEFT,SDF_LD_4_3_3_2,LogicDetail,PARAM_PROCESS_86E03DC8EFBB,Parameter
{},TITLE_RIGHT,SDF_LD_4_3_3_2,LogicDetail,PARAM_PROCESS_3D997546E90A,Parameter
{},ASSERTS,SDF_LD_4_3_3_3,LogicDetail,REL_5B734E2638E01376,LogicRelation
{},INVOLVES_PARAMETER,SDF_LD_4_3_3_3,LogicDetail,PARAM_PROCESS_3D997546E90A,Parameter
{},INVOLVES_PARAMETER,SDF_LD_4_3_3_3,LogicDetail,PARAM_PROCESS_49FCD918A8B0,Parameter
{},IN_DOMAIN,SDF_LD_4_3_3_3,LogicDetail,DOMAIN_SDF,Domain
{},TITLE_LEFT,SDF_LD_4_3_3_3,LogicDetail,PARAM_PROCESS_49FCD918A8B0,Parameter
{},TITLE_RIGHT,SDF_LD_4_3_3_3,LogicDetail,PARAM_PROCESS_3D997546E90A,Parameter
{},ASSERTS,SDF_LD_4_3_3_4,LogicDetail,REL_66DCD6B1F2FE116D,LogicRelation
{},INVOLVES_PARAMETER,SDF_LD_4_3_3_4,LogicDetail,PARAM_PROCESS_3D997546E90A,Parameter
{},INVOLVES_PARAMETER,SDF_LD_4_3_3_4,LogicDetail,PARAM_PROCESS_68D8696CEE5C,Parameter
{},IN_DOMAIN,SDF_LD_4_3_3_4,LogicDetail,DOMAIN_SDF,Domain
{},TITLE_LEFT,SDF_LD_4_3_3_4,LogicDetail,PARAM_PROCESS_68D8696CEE5C,Parameter
{},TITLE_RIGHT,SDF_LD_4_3_3_4,LogicDetail,PARAM_PROCESS_3D997546E90A,Parameter
{},ASSERTS,SDF_LD_4_3_3_5,LogicDetail,REL_4B3F5F80EFB3CB6C,LogicRelation
{},HAS_FORMULA,SDF_LD_4_3_3_5,LogicDetail,SDF_FORMULA_4_3_3_5_001,Formula
{},HAS_FORMULA,SDF_LD_4_3_3_5,LogicDetail,SDF_FORMULA_4_3_3_5_002,Formula
{},HAS_FORMULA,SDF_LD_4_3_3_5,LogicDetail,SDF_FORMULA_4_3_3_5_003,Formula
{},HAS_FORMULA,SDF_LD_4_3_3_5,LogicDetail,SDF_FORMULA_4_3_3_5_004,Formula
{},INVOLVES_PARAMETER,SDF_LD_4_3_3_5,LogicDetail,PARAM_PROCESS_1CE5E8F95463,Parameter
{},INVOLVES_PARAMETER,SDF_LD_4_3_3_5,LogicDetail,PARAM_PROCESS_86E03DC8EFBB,Parameter
{},IN_DOMAIN,SDF_LD_4_3_3_5,LogicDetail,DOMAIN_SDF,Domain
{},SUPPORTED_BY,SDF_LD_4_3_3_5,LogicDetail,REF_D55EADE9ADEB8BFE,Reference
{},TITLE_LEFT,SDF_LD_4_3_3_5,LogicDetail,PARAM_PROCESS_86E03DC8EFBB,Parameter
{},TITLE_RIGHT,SDF_LD_4_3_3_5,LogicDetail,PARAM_PROCESS_1CE5E8F95463,Parameter
{},ASSERTS,SDF_LD_4_3_3_6,LogicDetail,REL_C5C3F296D8AF3E83,LogicRelation
{},HAS_FORMULA,SDF_LD_4_3_3_6,LogicDetail,SDF_FORMULA_4_3_3_6_001,Formula
{},HAS_FORMULA,SDF_LD_4_3_3_6,LogicDetail,SDF_FORMULA_4_3_3_6_002,Formula
{},HAS_FORMULA,SDF_LD_4_3_3_6,LogicDetail,SDF_FORMULA_4_3_3_6_003,Formula
{},INVOLVES_PARAMETER,SDF_LD_4_3_3_6,LogicDetail,PARAM_PROCESS_1CE5E8F95463,Parameter
{},INVOLVES_PARAMETER,SDF_LD_4_3_3_6,LogicDetail,PARAM_PROCESS_8D419A415CDF,Parameter
{},IN_DOMAIN,SDF_LD_4_3_3_6,LogicDetail,DOMAIN_SDF,Domain
{},SUPPORTED_BY,SDF_LD_4_3_3_6,LogicDetail,REF_7F82AC8A833C3E5E,Reference
{},TITLE_LEFT,SDF_LD_4_3_3_6,LogicDetail,PARAM_PROCESS_8D419A415CDF,Parameter
{},TITLE_RIGHT,SDF_LD_4_3_3_6,LogicDetail,PARAM_PROCESS_1CE5E8F95463,Parameter
{},ASSERTS,SDF_LD_4_3_3_7,LogicDetail,REL_CF1FE7590BE529B2,LogicRelation
{},HAS_TABLE,SDF_LD_4_3_3_7,LogicDetail,SDF_TABLE_28,DataTable
{},INVOLVES_PARAMETER,SDF_LD_4_3_3_7,LogicDetail,PARAM_PROCESS_1CE5E8F95463,Parameter
{},INVOLVES_PARAMETER,SDF_LD_4_3_3_7,LogicDetail,PARAM_PROCESS_49FCD918A8B0,Parameter
{},IN_DOMAIN,SDF_LD_4_3_3_7,LogicDetail,DOMAIN_SDF,Domain
{},SUPPORTED_BY,SDF_LD_4_3_3_7,LogicDetail,REF_281D9640695F68C0,Reference
{},SUPPORTED_BY,SDF_LD_4_3_3_7,LogicDetail,REF_7F82AC8A833C3E5E,Reference
{},SUPPORTED_BY,SDF_LD_4_3_3_7,LogicDetail,REF_A026D0B48063D21A,Reference
{},TITLE_LEFT,SDF_LD_4_3_3_7,LogicDetail,PARAM_PROCESS_49FCD918A8B0,Parameter
{},TITLE_RIGHT,SDF_LD_4_3_3_7,LogicDetail,PARAM_PROCESS_1CE5E8F95463,Parameter
{},ASSERTS,SDF_LD_4_3_3_8,LogicDetail,REL_A999D72566B66182,LogicRelation
{},HAS_TABLE,SDF_LD_4_3_3_8,LogicDetail,SDF_TABLE_29,DataTable
{},INVOLVES_PARAMETER,SDF_LD_4_3_3_8,LogicDetail,PARAM_PROCESS_1CE5E8F95463,Parameter
{},INVOLVES_PARAMETER,SDF_LD_4_3_3_8,LogicDetail,PARAM_PROCESS_68D8696CEE5C,Parameter
{},IN_DOMAIN,SDF_LD_4_3_3_8,LogicDetail,DOMAIN_SDF,Domain
{},SUPPORTED_BY,SDF_LD_4_3_3_8,LogicDetail,REF_2751D80424D8EB6E,Reference
{},SUPPORTED_BY,SDF_LD_4_3_3_8,LogicDetail,REF_2CC4CEADCF0B6C08,Reference
{},TITLE_LEFT,SDF_LD_4_3_3_8,LogicDetail,PARAM_PROCESS_68D8696CEE5C,Parameter
{},TITLE_RIGHT,SDF_LD_4_3_3_8,LogicDetail,PARAM_PROCESS_1CE5E8F95463,Parameter
{},ASSERTS,SDF_LD_4_3_3_9,LogicDetail,REL_99D822AF530377C5,LogicRelation
{},HAS_FORMULA,SDF_LD_4_3_3_9,LogicDetail,SDF_FORMULA_4_3_3_9_001,Formula
{},HAS_FORMULA,SDF_LD_4_3_3_9,LogicDetail,SDF_FORMULA_4_3_3_9_002,Formula
{},HAS_FORMULA,SDF_LD_4_3_3_9,LogicDetail,SDF_FORMULA_4_3_3_9_003,Formula
{},HAS_FORMULA,SDF_LD_4_3_3_9,LogicDetail,SDF_FORMULA_4_3_3_9_004,Formula
{},INVOLVES_PARAMETER,SDF_LD_4_3_3_9,LogicDetail,PARAM_PROCESS_1CE5E8F95463,Parameter
{},INVOLVES_PARAMETER,SDF_LD_4_3_3_9,LogicDetail,PARAM_PROCESS_B5A60712BDBC,Parameter
{},IN_DOMAIN,SDF_LD_4_3_3_9,LogicDetail,DOMAIN_SDF,Domain
{},SUPPORTED_BY,SDF_LD_4_3_3_9,LogicDetail,REF_9AF7CAEB4010F171,Reference
{},TITLE_LEFT,SDF_LD_4_3_3_9,LogicDetail,PARAM_PROCESS_B5A60712BDBC,Parameter
{},TITLE_RIGHT,SDF_LD_4_3_3_9,LogicDetail,PARAM_PROCESS_1CE5E8F95463,Parameter
{},DESCRIBES,SDF_SEC_2_1_1_1,SectionContent,SDF_LD_2_1_1_1,LogicDetail
{},DESCRIBES,SDF_SEC_2_1_1_2,SectionContent,SDF_LD_2_1_1_2,LogicDetail
{},DESCRIBES,SDF_SEC_2_1_1_3,SectionContent,SDF_LD_2_1_1_3,LogicDetail
{},DESCRIBES,SDF_SEC_2_1_2_1,SectionContent,SDF_LD_2_1_2_1,LogicDetail
{},DESCRIBES,SDF_SEC_2_1_2_2,SectionContent,SDF_LD_2_1_2_2,LogicDetail
{},DESCRIBES,SDF_SEC_2_1_2_3,SectionContent,SDF_LD_2_1_2_3,LogicDetail
{},DESCRIBES,SDF_SEC_2_1_2_4,SectionContent,SDF_LD_2_1_2_4,LogicDetail
{},DESCRIBES,SDF_SEC_2_1_2_5,SectionContent,SDF_LD_2_1_2_5,LogicDetail
{},DESCRIBES,SDF_SEC_2_1_2_6,SectionContent,SDF_LD_2_1_2_6,LogicDetail
{},DESCRIBES,SDF_SEC_2_1_3_1,SectionContent,SDF_LD_2_1_3_1,LogicDetail
{},DESCRIBES,SDF_SEC_2_1_3_2,SectionContent,SDF_LD_2_1_3_2,LogicDetail
{},DESCRIBES,SDF_SEC_2_1_3_3,SectionContent,SDF_LD_2_1_3_3,LogicDetail
{},DESCRIBES,SDF_SEC_2_1_3_4,SectionContent,SDF_LD_2_1_3_4,LogicDetail
{},DESCRIBES,SDF_SEC_2_1_3_5,SectionContent,SDF_LD_2_1_3_5,LogicDetail
{},DESCRIBES,SDF_SEC_2_1_4_1,SectionContent,SDF_LD_2_1_4_1,LogicDetail
{},DESCRIBES,SDF_SEC_2_1_4_2,SectionContent,SDF_LD_2_1_4_2,LogicDetail
{},DESCRIBES,SDF_SEC_2_3_1_1,SectionContent,SDF_LD_2_3_1_1,LogicDetail
{},DESCRIBES,SDF_SEC_2_3_1_10,SectionContent,SDF_LD_2_3_1_10,LogicDetail
{},DESCRIBES,SDF_SEC_2_3_1_11,SectionContent,SDF_LD_2_3_1_11,LogicDetail
{},DESCRIBES,SDF_SEC_2_3_1_12,SectionContent,SDF_LD_2_3_1_12,LogicDetail
{},DESCRIBES,SDF_SEC_2_3_1_13,SectionContent,SDF_LD_2_3_1_13,LogicDetail
{},DESCRIBES,SDF_SEC_2_3_1_14,SectionContent,SDF_LD_2_3_1_14,LogicDetail
{},DESCRIBES,SDF_SEC_2_3_1_15,SectionContent,SDF_LD_2_3_1_15,LogicDetail
{},DESCRIBES,SDF_SEC_2_3_1_16,SectionContent,SDF_LD_2_3_1_16,LogicDetail
{},DESCRIBES,SDF_SEC_2_3_1_17,SectionContent,SDF_LD_2_3_1_17,LogicDetail
{},DESCRIBES,SDF_SEC_2_3_1_18,SectionContent,SDF_LD_2_3_1_18,LogicDetail
{},DESCRIBES,SDF_SEC_2_3_1_19,SectionContent,SDF_LD_2_3_1_19,LogicDetail
{},DESCRIBES,SDF_SEC_2_3_1_2,SectionContent,SDF_LD_2_3_1_2,LogicDetail
{},DESCRIBES,SDF_SEC_2_3_1_3,SectionContent,SDF_LD_2_3_1_3,LogicDetail
{},DESCRIBES,SDF_SEC_2_3_1_4,SectionContent,SDF_LD_2_3_1_4,LogicDetail
{},DESCRIBES,SDF_SEC_2_3_1_5,SectionContent,SDF_LD_2_3_1_5,LogicDetail
{},DESCRIBES,SDF_SEC_2_3_1_6,SectionContent,SDF_LD_2_3_1_6,LogicDetail
{},DESCRIBES,SDF_SEC_2_3_1_7,SectionContent,SDF_LD_2_3_1_7,LogicDetail
{},DESCRIBES,SDF_SEC_2_3_1_8,SectionContent,SDF_LD_2_3_1_8,LogicDetail
{},DESCRIBES,SDF_SEC_2_3_1_9,SectionContent,SDF_LD_2_3_1_9,LogicDetail
{},DESCRIBES,SDF_SEC_2_3_2_1,SectionContent,SDF_LD_2_3_2_1,LogicDetail
{},DESCRIBES,SDF_SEC_2_3_2_2,SectionContent,SDF_LD_2_3_2_2,LogicDetail
{},DESCRIBES,SDF_SEC_2_3_2_3,SectionContent,SDF_LD_2_3_2_3,LogicDetail
{},DESCRIBES,SDF_SEC_2_3_2_4,SectionContent,SDF_LD_2_3_2_4,LogicDetail
{},DESCRIBES,SDF_SEC_2_3_3_1,SectionContent,SDF_LD_2_3_3_1,LogicDetail
{},DESCRIBES,SDF_SEC_2_3_3_2,SectionContent,SDF_LD_2_3_3_2,LogicDetail
{},DESCRIBES,SDF_SEC_2_3_3_3,SectionContent,SDF_LD_2_3_3_3,LogicDetail
{},DESCRIBES,SDF_SEC_2_3_3_4,SectionContent,SDF_LD_2_3_3_4,LogicDetail
{},DESCRIBES,SDF_SEC_2_3_3_5,SectionContent,SDF_LD_2_3_3_5,LogicDetail
{},DESCRIBES,SDF_SEC_2_3_4_1,SectionContent,SDF_LD_2_3_4_1,LogicDetail
{},DESCRIBES,SDF_SEC_2_3_4_2,SectionContent,SDF_LD_2_3_4_2,LogicDetail
{},DESCRIBES,SDF_SEC_2_3_4_3,SectionContent,SDF_LD_2_3_4_3,LogicDetail
{},DESCRIBES,SDF_SEC_2_3_4_4,SectionContent,SDF_LD_2_3_4_4,LogicDetail
{},DESCRIBES,SDF_SEC_2_3_5_1,SectionContent,SDF_LD_2_3_5_1,LogicDetail
{},DESCRIBES,SDF_SEC_2_3_5_2,SectionContent,SDF_LD_2_3_5_2,LogicDetail
{},DESCRIBES,SDF_SEC_2_3_5_3,SectionContent,SDF_LD_2_3_5_3,LogicDetail
{},DESCRIBES,SDF_SEC_3_1_1_1,SectionContent,SDF_LD_3_1_1_1,LogicDetail
{},DESCRIBES,SDF_SEC_3_1_1_2,SectionContent,SDF_LD_3_1_1_2,LogicDetail
{},DESCRIBES,SDF_SEC_3_1_2_1,SectionContent,SDF_LD_3_1_2_1,LogicDetail
{},DESCRIBES,SDF_SEC_3_1_2_2,SectionContent,SDF_LD_3_1_2_2,LogicDetail
{},DESCRIBES,SDF_SEC_3_1_2_3,SectionContent,SDF_LD_3_1_2_3,LogicDetail
{},DESCRIBES,SDF_SEC_3_1_3_1,SectionContent,SDF_LD_3_1_3_1,LogicDetail
{},DESCRIBES,SDF_SEC_3_1_3_2,SectionContent,SDF_LD_3_1_3_2,LogicDetail
{},DESCRIBES,SDF_SEC_3_1_3_3,SectionContent,SDF_LD_3_1_3_3,LogicDetail
{},DESCRIBES,SDF_SEC_3_1_3_4,SectionContent,SDF_LD_3_1_3_4,LogicDetail
{},DESCRIBES,SDF_SEC_3_1_4_1,SectionContent,SDF_LD_3_1_4_1,LogicDetail
{},DESCRIBES,SDF_SEC_3_1_4_2,SectionContent,SDF_LD_3_1_4_2,LogicDetail
{},DESCRIBES,SDF_SEC_3_1_4_3,SectionContent,SDF_LD_3_1_4_3,LogicDetail
{},DESCRIBES,SDF_SEC_3_1_4_4,SectionContent,SDF_LD_3_1_4_4,LogicDetail
{},DESCRIBES,SDF_SEC_3_1_4_5,SectionContent,SDF_LD_3_1_4_5,LogicDetail
{},DESCRIBES,SDF_SEC_3_2_0_1,SectionContent,SDF_LD_3_2_0_1,LogicDetail
{},DESCRIBES,SDF_SEC_3_2_0_2,SectionContent,SDF_LD_3_2_0_2,LogicDetail
{},DESCRIBES,SDF_SEC_3_2_0_3,SectionContent,SDF_LD_3_2_0_3,LogicDetail
{},DESCRIBES,SDF_SEC_3_2_0_4,SectionContent,SDF_LD_3_2_0_4,LogicDetail
{},DESCRIBES,SDF_SEC_3_2_1_1,SectionContent,SDF_LD_3_2_1_1,LogicDetail
{},DESCRIBES,SDF_SEC_3_2_2_1,SectionContent,SDF_LD_3_2_2_1,LogicDetail
{},DESCRIBES,SDF_SEC_3_3_1_1,SectionContent,SDF_LD_3_3_1_1,LogicDetail
{},DESCRIBES,SDF_SEC_3_3_1_2,SectionContent,SDF_LD_3_3_1_2,LogicDetail
{},DESCRIBES,SDF_SEC_3_3_1_3,SectionContent,SDF_LD_3_3_1_3,LogicDetail
{},DESCRIBES,SDF_SEC_3_3_1_4,SectionContent,SDF_LD_3_3_1_4,LogicDetail
{},DESCRIBES,SDF_SEC_4_1_1_1,SectionContent,SDF_LD_4_1_1_1,LogicDetail
{},DESCRIBES,SDF_SEC_4_1_1_2,SectionContent,SDF_LD_4_1_1_2,LogicDetail
{},DESCRIBES,SDF_SEC_4_1_1_3,SectionContent,SDF_LD_4_1_1_3,LogicDetail
{},DESCRIBES,SDF_SEC_4_1_1_4,SectionContent,SDF_LD_4_1_1_4,LogicDetail
{},DESCRIBES,SDF_SEC_4_1_1_5,SectionContent,SDF_LD_4_1_1_5,LogicDetail
{},DESCRIBES,SDF_SEC_4_1_1_6,SectionContent,SDF_LD_4_1_1_6,LogicDetail
{},DESCRIBES,SDF_SEC_4_1_1_7,SectionContent,SDF_LD_4_1_1_7,LogicDetail
{},DESCRIBES,SDF_SEC_4_1_1_8,SectionContent,SDF_LD_4_1_1_8,LogicDetail
{},DESCRIBES,SDF_SEC_4_1_2_1,SectionContent,SDF_LD_4_1_2_1,LogicDetail
{},DESCRIBES,SDF_SEC_4_1_2_2,SectionContent,SDF_LD_4_1_2_2,LogicDetail
{},DESCRIBES,SDF_SEC_4_1_2_3,SectionContent,SDF_LD_4_1_2_3,LogicDetail
{},DESCRIBES,SDF_SEC_4_2_1_1,SectionContent,SDF_LD_4_2_1_1,LogicDetail
{},DESCRIBES,SDF_SEC_4_3_1_1,SectionContent,SDF_LD_4_3_1_1,LogicDetail
{},DESCRIBES,SDF_SEC_4_3_1_2,SectionContent,SDF_LD_4_3_1_2,LogicDetail
{},DESCRIBES,SDF_SEC_4_3_1_3,SectionContent,SDF_LD_4_3_1_3,LogicDetail
{},DESCRIBES,SDF_SEC_4_3_2_1,SectionContent,SDF_LD_4_3_2_1,LogicDetail
{},DESCRIBES,SDF_SEC_4_3_2_2,SectionContent,SDF_LD_4_3_2_2,LogicDetail
{},DESCRIBES,SDF_SEC_4_3_2_3,SectionContent,SDF_LD_4_3_2_3,LogicDetail
{},DESCRIBES,SDF_SEC_4_3_3_1,SectionContent,SDF_LD_4_3_3_1,LogicDetail
{},DESCRIBES,SDF_SEC_4_3_3_10,SectionContent,SDF_LD_4_3_3_10,LogicDetail
{},DESCRIBES,SDF_SEC_4_3_3_11,SectionContent,SDF_LD_4_3_3_11,LogicDetail
{},DESCRIBES,SDF_SEC_4_3_3_12,SectionContent,SDF_LD_4_3_3_12,LogicDetail
{},DESCRIBES,SDF_SEC_4_3_3_13,SectionContent,SDF_LD_4_3_3_13,LogicDetail
{},DESCRIBES,SDF_SEC_4_3_3_2,SectionContent,SDF_LD_4_3_3_2,LogicDetail
{},DESCRIBES,SDF_SEC_4_3_3_3,SectionContent,SDF_LD_4_3_3_3,LogicDetail
{},DESCRIBES,SDF_SEC_4_3_3_4,SectionContent,SDF_LD_4_3_3_4,LogicDetail
{},DESCRIBES,SDF_SEC_4_3_3_5,SectionContent,SDF_LD_4_3_3_5,LogicDetail
{},DESCRIBES,SDF_SEC_4_3_3_6,SectionContent,SDF_LD_4_3_3_6,LogicDetail
{},DESCRIBES,SDF_SEC_4_3_3_7,SectionContent,SDF_LD_4_3_3_7,LogicDetail
{},DESCRIBES,SDF_SEC_4_3_3_8,SectionContent,SDF_LD_4_3_3_8,LogicDetail
{},DESCRIBES,SDF_SEC_4_3_3_9,SectionContent,SDF_LD_4_3_3_9,LogicDetail
{},HAS_CELL,SDF_TABLE_1,DataTable,CELL_SDF_TABLE_1_R10_C10,MatrixCell
{},HAS_CELL,SDF_TABLE_1,DataTable,CELL_SDF_TABLE_1_R10_C11,MatrixCell
{},HAS_CELL,SDF_TABLE_1,DataTable,CELL_SDF_TABLE_1_R10_C3,MatrixCell
{},HAS_CELL,SDF_TABLE_1,DataTable,CELL_SDF_TABLE_1_R10_C4,MatrixCell
{},HAS_CELL,SDF_TABLE_1,DataTable,CELL_SDF_TABLE_1_R10_C9,MatrixCell
{},HAS_CELL,SDF_TABLE_1,DataTable,CELL_SDF_TABLE_1_R11_C10,MatrixCell
{},HAS_CELL,SDF_TABLE_1,DataTable,CELL_SDF_TABLE_1_R11_C11,MatrixCell
{},HAS_CELL,SDF_TABLE_1,DataTable,CELL_SDF_TABLE_1_R11_C12,MatrixCell
{},HAS_CELL,SDF_TABLE_1,DataTable,CELL_SDF_TABLE_1_R11_C14,MatrixCell
{},HAS_CELL,SDF_TABLE_1,DataTable,CELL_SDF_TABLE_1_R11_C3,MatrixCell
{},HAS_CELL,SDF_TABLE_1,DataTable,CELL_SDF_TABLE_1_R11_C7,MatrixCell
{},HAS_CELL,SDF_TABLE_1,DataTable,CELL_SDF_TABLE_1_R11_C8,MatrixCell
{},HAS_CELL,SDF_TABLE_1,DataTable,CELL_SDF_TABLE_1_R11_C9,MatrixCell
{},HAS_CELL,SDF_TABLE_1,DataTable,CELL_SDF_TABLE_1_R12_C11,MatrixCell
{},HAS_CELL,SDF_TABLE_1,DataTable,CELL_SDF_TABLE_1_R14_C11,MatrixCell
{},HAS_CELL,SDF_TABLE_1,DataTable,CELL_SDF_TABLE_1_R14_C3,MatrixCell
{},HAS_CELL,SDF_TABLE_1,DataTable,CELL_SDF_TABLE_1_R14_C4,MatrixCell
{},HAS_CELL,SDF_TABLE_1,DataTable,CELL_SDF_TABLE_1_R14_C5,MatrixCell
{},HAS_CELL,SDF_TABLE_1,DataTable,CELL_SDF_TABLE_1_R14_C8,MatrixCell
{},HAS_CELL,SDF_TABLE_1,DataTable,CELL_SDF_TABLE_1_R3_C10,MatrixCell
{},HAS_CELL,SDF_TABLE_1,DataTable,CELL_SDF_TABLE_1_R3_C11,MatrixCell
{},HAS_CELL,SDF_TABLE_1,DataTable,CELL_SDF_TABLE_1_R3_C14,MatrixCell
{},HAS_CELL,SDF_TABLE_1,DataTable,CELL_SDF_TABLE_1_R3_C3,MatrixCell
{},HAS_CELL,SDF_TABLE_1,DataTable,CELL_SDF_TABLE_1_R3_C4,MatrixCell
{},HAS_CELL,SDF_TABLE_1,DataTable,CELL_SDF_TABLE_1_R3_C5,MatrixCell
{},HAS_CELL,SDF_TABLE_1,DataTable,CELL_SDF_TABLE_1_R3_C6,MatrixCell
{},HAS_CELL,SDF_TABLE_1,DataTable,CELL_SDF_TABLE_1_R3_C7,MatrixCell
{},HAS_CELL,SDF_TABLE_1,DataTable,CELL_SDF_TABLE_1_R3_C9,MatrixCell
{},HAS_CELL,SDF_TABLE_1,DataTable,CELL_SDF_TABLE_1_R4_C10,MatrixCell
{},HAS_CELL,SDF_TABLE_1,DataTable,CELL_SDF_TABLE_1_R4_C14,MatrixCell
{},HAS_CELL,SDF_TABLE_1,DataTable,CELL_SDF_TABLE_1_R4_C3,MatrixCell
{},HAS_CELL,SDF_TABLE_1,DataTable,CELL_SDF_TABLE_1_R5_C14,MatrixCell
{},HAS_CELL,SDF_TABLE_1,DataTable,CELL_SDF_TABLE_1_R5_C3,MatrixCell
{},HAS_CELL,SDF_TABLE_1,DataTable,CELL_SDF_TABLE_1_R6_C3,MatrixCell
{},HAS_CELL,SDF_TABLE_1,DataTable,CELL_SDF_TABLE_1_R7_C11,MatrixCell
{},HAS_CELL,SDF_TABLE_1,DataTable,CELL_SDF_TABLE_1_R7_C3,MatrixCell
{},HAS_CELL,SDF_TABLE_1,DataTable,CELL_SDF_TABLE_1_R8_C11,MatrixCell
{},HAS_CELL,SDF_TABLE_1,DataTable,CELL_SDF_TABLE_1_R8_C14,MatrixCell
{},HAS_CELL,SDF_TABLE_1,DataTable,CELL_SDF_TABLE_1_R8_C8,MatrixCell
{},HAS_CELL,SDF_TABLE_1,DataTable,CELL_SDF_TABLE_1_R8_C9,MatrixCell
{},HAS_CELL,SDF_TABLE_1,DataTable,CELL_SDF_TABLE_1_R9_C10,MatrixCell
{},HAS_CELL,SDF_TABLE_1,DataTable,CELL_SDF_TABLE_1_R9_C11,MatrixCell
{},HAS_CELL,SDF_TABLE_1,DataTable,CELL_SDF_TABLE_1_R9_C3,MatrixCell
{},HAS_CELL,SDF_TABLE_1,DataTable,CELL_SDF_TABLE_1_R9_C8,MatrixCell
{},HAS_RECORD,SDF_TABLE_1,DataTable,REC_SDF_TABLE_1_R1,TableRecord
{},HAS_RECORD,SDF_TABLE_1,DataTable,REC_SDF_TABLE_1_R10,TableRecord
{},HAS_RECORD,SDF_TABLE_1,DataTable,REC_SDF_TABLE_1_R11,TableRecord
{},HAS_RECORD,SDF_TABLE_1,DataTable,REC_SDF_TABLE_1_R12,TableRecord
{},HAS_RECORD,SDF_TABLE_1,DataTable,REC_SDF_TABLE_1_R13,TableRecord
{},HAS_RECORD,SDF_TABLE_1,DataTable,REC_SDF_TABLE_1_R14,TableRecord
{},HAS_RECORD,SDF_TABLE_1,DataTable,REC_SDF_TABLE_1_R2,TableRecord
{},HAS_RECORD,SDF_TABLE_1,DataTable,REC_SDF_TABLE_1_R3,TableRecord
{},HAS_RECORD,SDF_TABLE_1,DataTable,REC_SDF_TABLE_1_R4,TableRecord
{},HAS_RECORD,SDF_TABLE_1,DataTable,REC_SDF_TABLE_1_R5,TableRecord
{},HAS_RECORD,SDF_TABLE_1,DataTable,REC_SDF_TABLE_1_R6,TableRecord
{},HAS_RECORD,SDF_TABLE_1,DataTable,REC_SDF_TABLE_1_R7,TableRecord
{},HAS_RECORD,SDF_TABLE_1,DataTable,REC_SDF_TABLE_1_R8,TableRecord
{},HAS_RECORD,SDF_TABLE_1,DataTable,REC_SDF_TABLE_1_R9,TableRecord
{},HAS_RECORD,SDF_TABLE_10,DataTable,REC_SDF_TABLE_10_R1,TableRecord
{},HAS_RECORD,SDF_TABLE_10,DataTable,REC_SDF_TABLE_10_R2,TableRecord
{},HAS_RECORD,SDF_TABLE_10,DataTable,REC_SDF_TABLE_10_R3,TableRecord
{},HAS_RECORD,SDF_TABLE_10,DataTable,REC_SDF_TABLE_10_R4,TableRecord
{},HAS_RECORD,SDF_TABLE_10,DataTable,REC_SDF_TABLE_10_R5,TableRecord
{},HAS_RECORD,SDF_TABLE_11,DataTable,REC_SDF_TABLE_11_R1,TableRecord
{},HAS_RECORD,SDF_TABLE_11,DataTable,REC_SDF_TABLE_11_R2,TableRecord
{},HAS_RECORD,SDF_TABLE_11,DataTable,REC_SDF_TABLE_11_R3,TableRecord
{},HAS_RECORD,SDF_TABLE_11,DataTable,REC_SDF_TABLE_11_R4,TableRecord
{},HAS_RECORD,SDF_TABLE_11,DataTable,REC_SDF_TABLE_11_R5,TableRecord
{},HAS_RECORD,SDF_TABLE_12,DataTable,REC_SDF_TABLE_12_R1,TableRecord
{},HAS_RECORD,SDF_TABLE_12,DataTable,REC_SDF_TABLE_12_R2,TableRecord
{},HAS_RECORD,SDF_TABLE_12,DataTable,REC_SDF_TABLE_12_R3,TableRecord
{},HAS_RECORD,SDF_TABLE_12,DataTable,REC_SDF_TABLE_12_R4,TableRecord
{},HAS_RECORD,SDF_TABLE_12,DataTable,REC_SDF_TABLE_12_R5,TableRecord
{},HAS_RECORD,SDF_TABLE_13,DataTable,REC_SDF_TABLE_13_R1,TableRecord
{},HAS_RECORD,SDF_TABLE_13,DataTable,REC_SDF_TABLE_13_R2,TableRecord
{},HAS_RECORD,SDF_TABLE_13,DataTable,REC_SDF_TABLE_13_R3,TableRecord
{},HAS_RECORD,SDF_TABLE_13,DataTable,REC_SDF_TABLE_13_R4,TableRecord
{},HAS_RECORD,SDF_TABLE_14,DataTable,REC_SDF_TABLE_14_R1,TableRecord
{},HAS_RECORD,SDF_TABLE_14,DataTable,REC_SDF_TABLE_14_R2,TableRecord
{},HAS_RECORD,SDF_TABLE_14,DataTable,REC_SDF_TABLE_14_R3,TableRecord
{},HAS_RECORD,SDF_TABLE_14,DataTable,REC_SDF_TABLE_14_R4,TableRecord
{},HAS_RECORD,SDF_TABLE_14,DataTable,REC_SDF_TABLE_14_R5,TableRecord
{},HAS_CELL,SDF_TABLE_15,DataTable,CELL_SDF_TABLE_15_R10_C14,MatrixCell
{},HAS_CELL,SDF_TABLE_15,DataTable,CELL_SDF_TABLE_15_R11_C14,MatrixCell
{},HAS_CELL,SDF_TABLE_15,DataTable,CELL_SDF_TABLE_15_R12_C11,MatrixCell
{},HAS_CELL,SDF_TABLE_15,DataTable,CELL_SDF_TABLE_15_R12_C14,MatrixCell
{},HAS_CELL,SDF_TABLE_15,DataTable,CELL_SDF_TABLE_15_R12_C15,MatrixCell
{},HAS_CELL,SDF_TABLE_15,DataTable,CELL_SDF_TABLE_15_R12_C7,MatrixCell
{},HAS_CELL,SDF_TABLE_15,DataTable,CELL_SDF_TABLE_15_R13_C11,MatrixCell
{},HAS_CELL,SDF_TABLE_15,DataTable,CELL_SDF_TABLE_15_R13_C14,MatrixCell
{},HAS_CELL,SDF_TABLE_15,DataTable,CELL_SDF_TABLE_15_R13_C16,MatrixCell
{},HAS_CELL,SDF_TABLE_15,DataTable,CELL_SDF_TABLE_15_R14_C14,MatrixCell
{},HAS_CELL,SDF_TABLE_15,DataTable,CELL_SDF_TABLE_15_R15_C15,MatrixCell
{},HAS_CELL,SDF_TABLE_15,DataTable,CELL_SDF_TABLE_15_R15_C3,MatrixCell
{},HAS_CELL,SDF_TABLE_15,DataTable,CELL_SDF_TABLE_15_R16_C10,MatrixCell
{},HAS_CELL,SDF_TABLE_15,DataTable,CELL_SDF_TABLE_15_R16_C15,MatrixCell
{},HAS_CELL,SDF_TABLE_15,DataTable,CELL_SDF_TABLE_15_R16_C16,MatrixCell
{},HAS_CELL,SDF_TABLE_15,DataTable,CELL_SDF_TABLE_15_R16_C4,MatrixCell
{},HAS_CELL,SDF_TABLE_15,DataTable,CELL_SDF_TABLE_15_R16_C5,MatrixCell
{},HAS_CELL,SDF_TABLE_15,DataTable,CELL_SDF_TABLE_15_R16_C6,MatrixCell
{},HAS_CELL,SDF_TABLE_15,DataTable,CELL_SDF_TABLE_15_R16_C7,MatrixCell
{},HAS_CELL,SDF_TABLE_15,DataTable,CELL_SDF_TABLE_15_R16_C8,MatrixCell
{},HAS_CELL,SDF_TABLE_15,DataTable,CELL_SDF_TABLE_15_R16_C9,MatrixCell
{},HAS_CELL,SDF_TABLE_15,DataTable,CELL_SDF_TABLE_15_R17_C12,MatrixCell
{},HAS_CELL,SDF_TABLE_15,DataTable,CELL_SDF_TABLE_15_R17_C13,MatrixCell
{},HAS_CELL,SDF_TABLE_15,DataTable,CELL_SDF_TABLE_15_R17_C17,MatrixCell
{},HAS_CELL,SDF_TABLE_15,DataTable,CELL_SDF_TABLE_15_R3_C10,MatrixCell
{},HAS_CELL,SDF_TABLE_15,DataTable,CELL_SDF_TABLE_15_R3_C11,MatrixCell
{},HAS_CELL,SDF_TABLE_15,DataTable,CELL_SDF_TABLE_15_R3_C15,MatrixCell
{},HAS_CELL,SDF_TABLE_15,DataTable,CELL_SDF_TABLE_15_R3_C3,MatrixCell
{},HAS_CELL,SDF_TABLE_15,DataTable,CELL_SDF_TABLE_15_R3_C4,MatrixCell
{},HAS_CELL,SDF_TABLE_15,DataTable,CELL_SDF_TABLE_15_R3_C7,MatrixCell
{},HAS_CELL,SDF_TABLE_15,DataTable,CELL_SDF_TABLE_15_R3_C8,MatrixCell
{},HAS_CELL,SDF_TABLE_15,DataTable,CELL_SDF_TABLE_15_R4_C10,MatrixCell
{},HAS_CELL,SDF_TABLE_15,DataTable,CELL_SDF_TABLE_15_R4_C11,MatrixCell
{},HAS_CELL,SDF_TABLE_15,DataTable,CELL_SDF_TABLE_15_R4_C15,MatrixCell
{},HAS_CELL,SDF_TABLE_15,DataTable,CELL_SDF_TABLE_15_R4_C4,MatrixCell
{},HAS_CELL,SDF_TABLE_15,DataTable,CELL_SDF_TABLE_15_R4_C5,MatrixCell
{},HAS_CELL,SDF_TABLE_15,DataTable,CELL_SDF_TABLE_15_R4_C6,MatrixCell
{},HAS_CELL,SDF_TABLE_15,DataTable,CELL_SDF_TABLE_15_R4_C7,MatrixCell
{},HAS_CELL,SDF_TABLE_15,DataTable,CELL_SDF_TABLE_15_R4_C8,MatrixCell
{},HAS_CELL,SDF_TABLE_15,DataTable,CELL_SDF_TABLE_15_R4_C9,MatrixCell
{},HAS_CELL,SDF_TABLE_15,DataTable,CELL_SDF_TABLE_15_R5_C11,MatrixCell
{},HAS_CELL,SDF_TABLE_15,DataTable,CELL_SDF_TABLE_15_R6_C12,MatrixCell
{},HAS_CELL,SDF_TABLE_15,DataTable,CELL_SDF_TABLE_15_R6_C13,MatrixCell
{},HAS_CELL,SDF_TABLE_15,DataTable,CELL_SDF_TABLE_15_R7_C12,MatrixCell
{},HAS_CELL,SDF_TABLE_15,DataTable,CELL_SDF_TABLE_15_R7_C13,MatrixCell
{},HAS_CELL,SDF_TABLE_15,DataTable,CELL_SDF_TABLE_15_R7_C16,MatrixCell
{},HAS_CELL,SDF_TABLE_15,DataTable,CELL_SDF_TABLE_15_R7_C17,MatrixCell
{},HAS_CELL,SDF_TABLE_15,DataTable,CELL_SDF_TABLE_15_R8_C11,MatrixCell
{},HAS_CELL,SDF_TABLE_15,DataTable,CELL_SDF_TABLE_15_R8_C12,MatrixCell
{},HAS_CELL,SDF_TABLE_15,DataTable,CELL_SDF_TABLE_15_R8_C13,MatrixCell
{},HAS_CELL,SDF_TABLE_15,DataTable,CELL_SDF_TABLE_15_R8_C17,MatrixCell
{},HAS_CELL,SDF_TABLE_15,DataTable,CELL_SDF_TABLE_15_R9_C14,MatrixCell
{},HAS_RECORD,SDF_TABLE_15,DataTable,REC_SDF_TABLE_15_R1,TableRecord
{},HAS_RECORD,SDF_TABLE_15,DataTable,REC_SDF_TABLE_15_R10,TableRecord
{},HAS_RECORD,SDF_TABLE_15,DataTable,REC_SDF_TABLE_15_R11,TableRecord
{},HAS_RECORD,SDF_TABLE_15,DataTable,REC_SDF_TABLE_15_R12,TableRecord
{},HAS_RECORD,SDF_TABLE_15,DataTable,REC_SDF_TABLE_15_R13,TableRecord
{},HAS_RECORD,SDF_TABLE_15,DataTable,REC_SDF_TABLE_15_R14,TableRecord
{},HAS_RECORD,SDF_TABLE_15,DataTable,REC_SDF_TABLE_15_R15,TableRecord
{},HAS_RECORD,SDF_TABLE_15,DataTable,REC_SDF_TABLE_15_R16,TableRecord
{},HAS_RECORD,SDF_TABLE_15,DataTable,REC_SDF_TABLE_15_R17,TableRecord
{},HAS_RECORD,SDF_TABLE_15,DataTable,REC_SDF_TABLE_15_R2,TableRecord
{},HAS_RECORD,SDF_TABLE_15,DataTable,REC_SDF_TABLE_15_R3,TableRecord
{},HAS_RECORD,SDF_TABLE_15,DataTable,REC_SDF_TABLE_15_R4,TableRecord
{},HAS_RECORD,SDF_TABLE_15,DataTable,REC_SDF_TABLE_15_R5,TableRecord
{},HAS_RECORD,SDF_TABLE_15,DataTable,REC_SDF_TABLE_15_R6,TableRecord
{},HAS_RECORD,SDF_TABLE_15,DataTable,REC_SDF_TABLE_15_R7,TableRecord
{},HAS_RECORD,SDF_TABLE_15,DataTable,REC_SDF_TABLE_15_R8,TableRecord
{},HAS_RECORD,SDF_TABLE_15,DataTable,REC_SDF_TABLE_15_R9,TableRecord
{},HAS_RECORD,SDF_TABLE_16,DataTable,REC_SDF_TABLE_16_R1,TableRecord
{},HAS_RECORD,SDF_TABLE_16,DataTable,REC_SDF_TABLE_16_R2,TableRecord
{},HAS_RECORD,SDF_TABLE_16,DataTable,REC_SDF_TABLE_16_R3,TableRecord
{},HAS_RECORD,SDF_TABLE_16,DataTable,REC_SDF_TABLE_16_R4,TableRecord
{},HAS_RECORD,SDF_TABLE_16,DataTable,REC_SDF_TABLE_16_R5,TableRecord
{},HAS_RECORD,SDF_TABLE_16,DataTable,REC_SDF_TABLE_16_R6,TableRecord
{},HAS_RECORD,SDF_TABLE_17,DataTable,REC_SDF_TABLE_17_R1,TableRecord
{},HAS_RECORD,SDF_TABLE_17,DataTable,REC_SDF_TABLE_17_R2,TableRecord
{},HAS_RECORD,SDF_TABLE_17,DataTable,REC_SDF_TABLE_17_R3,TableRecord
{},HAS_RECORD,SDF_TABLE_17,DataTable,REC_SDF_TABLE_17_R4,TableRecord
{},HAS_RECORD,SDF_TABLE_17,DataTable,REC_SDF_TABLE_17_R5,TableRecord
{},HAS_RECORD,SDF_TABLE_17,DataTable,REC_SDF_TABLE_17_R6,TableRecord
{},HAS_RECORD,SDF_TABLE_17,DataTable,REC_SDF_TABLE_17_R7,TableRecord
{},HAS_RECORD,SDF_TABLE_17,DataTable,REC_SDF_TABLE_17_R8,TableRecord
{},HAS_RECORD,SDF_TABLE_17,DataTable,REC_SDF_TABLE_17_R9,TableRecord
{},HAS_RECORD,SDF_TABLE_18,DataTable,REC_SDF_TABLE_18_R1,TableRecord
{},HAS_RECORD,SDF_TABLE_18,DataTable,REC_SDF_TABLE_18_R2,TableRecord
{},HAS_RECORD,SDF_TABLE_18,DataTable,REC_SDF_TABLE_18_R3,TableRecord
{},HAS_RECORD,SDF_TABLE_18,DataTable,REC_SDF_TABLE_18_R4,TableRecord
{},HAS_RECORD,SDF_TABLE_19,DataTable,REC_SDF_TABLE_19_R1,TableRecord
{},HAS_RECORD,SDF_TABLE_19,DataTable,REC_SDF_TABLE_19_R2,TableRecord
{},HAS_RECORD,SDF_TABLE_19,DataTable,REC_SDF_TABLE_19_R3,TableRecord
{},HAS_RECORD,SDF_TABLE_19,DataTable,REC_SDF_TABLE_19_R4,TableRecord
{},HAS_RECORD,SDF_TABLE_2,DataTable,REC_SDF_TABLE_2_R1,TableRecord
{},HAS_RECORD,SDF_TABLE_2,DataTable,REC_SDF_TABLE_2_R2,TableRecord
{},HAS_RECORD,SDF_TABLE_2,DataTable,REC_SDF_TABLE_2_R3,TableRecord
{},HAS_RECORD,SDF_TABLE_2,DataTable,REC_SDF_TABLE_2_R4,TableRecord
{},HAS_RECORD,SDF_TABLE_2,DataTable,REC_SDF_TABLE_2_R5,TableRecord
{},HAS_RECORD,SDF_TABLE_20,DataTable,REC_SDF_TABLE_20_R1,TableRecord
{},HAS_RECORD,SDF_TABLE_20,DataTable,REC_SDF_TABLE_20_R2,TableRecord
{},HAS_RECORD,SDF_TABLE_20,DataTable,REC_SDF_TABLE_20_R3,TableRecord
{},HAS_RECORD,SDF_TABLE_20,DataTable,REC_SDF_TABLE_20_R4,TableRecord
{},HAS_RECORD,SDF_TABLE_21,DataTable,REC_SDF_TABLE_21_R1,TableRecord
{},HAS_RECORD,SDF_TABLE_21,DataTable,REC_SDF_TABLE_21_R2,TableRecord
{},HAS_RECORD,SDF_TABLE_21,DataTable,REC_SDF_TABLE_21_R3,TableRecord
{},HAS_RECORD,SDF_TABLE_21,DataTable,REC_SDF_TABLE_21_R4,TableRecord
{},HAS_RECORD,SDF_TABLE_22,DataTable,REC_SDF_TABLE_22_R1,TableRecord
{},HAS_RECORD,SDF_TABLE_22,DataTable,REC_SDF_TABLE_22_R2,TableRecord
{},HAS_RECORD,SDF_TABLE_22,DataTable,REC_SDF_TABLE_22_R3,TableRecord
{},HAS_RECORD,SDF_TABLE_22,DataTable,REC_SDF_TABLE_22_R4,TableRecord
{},HAS_RECORD,SDF_TABLE_22,DataTable,REC_SDF_TABLE_22_R5,TableRecord
{},HAS_RECORD,SDF_TABLE_22,DataTable,REC_SDF_TABLE_22_R6,TableRecord
{},HAS_RECORD,SDF_TABLE_23,DataTable,REC_SDF_TABLE_23_R1,TableRecord
{},HAS_RECORD,SDF_TABLE_23,DataTable,REC_SDF_TABLE_23_R2,TableRecord
{},HAS_RECORD,SDF_TABLE_23,DataTable,REC_SDF_TABLE_23_R3,TableRecord
{},HAS_RECORD,SDF_TABLE_23,DataTable,REC_SDF_TABLE_23_R4,TableRecord
{},HAS_RECORD,SDF_TABLE_23,DataTable,REC_SDF_TABLE_23_R5,TableRecord
{},HAS_RECORD,SDF_TABLE_23,DataTable,REC_SDF_TABLE_23_R6,TableRecord
{},HAS_RECORD,SDF_TABLE_24,DataTable,REC_SDF_TABLE_24_R1,TableRecord
{},HAS_RECORD,SDF_TABLE_24,DataTable,REC_SDF_TABLE_24_R2,TableRecord
{},HAS_RECORD,SDF_TABLE_24,DataTable,REC_SDF_TABLE_24_R3,TableRecord
{},HAS_RECORD,SDF_TABLE_24,DataTable,REC_SDF_TABLE_24_R4,TableRecord
{},HAS_RECORD,SDF_TABLE_24,DataTable,REC_SDF_TABLE_24_R5,TableRecord
{},HAS_RECORD,SDF_TABLE_24,DataTable,REC_SDF_TABLE_24_R6,TableRecord
{},HAS_CELL,SDF_TABLE_25,DataTable,CELL_SDF_TABLE_25_R10_C6,MatrixCell
{},HAS_CELL,SDF_TABLE_25,DataTable,CELL_SDF_TABLE_25_R11_C6,MatrixCell
{},HAS_CELL,SDF_TABLE_25,DataTable,CELL_SDF_TABLE_25_R12_C6,MatrixCell
{},HAS_CELL,SDF_TABLE_25,DataTable,CELL_SDF_TABLE_25_R13_C6,MatrixCell
{},HAS_CELL,SDF_TABLE_25,DataTable,CELL_SDF_TABLE_25_R14_C7,MatrixCell
{},HAS_CELL,SDF_TABLE_25,DataTable,CELL_SDF_TABLE_25_R15_C8,MatrixCell
{},HAS_CELL,SDF_TABLE_25,DataTable,CELL_SDF_TABLE_25_R15_C9,MatrixCell
{},HAS_CELL,SDF_TABLE_25,DataTable,CELL_SDF_TABLE_25_R16_C10,MatrixCell
{},HAS_CELL,SDF_TABLE_25,DataTable,CELL_SDF_TABLE_25_R16_C11,MatrixCell
{},HAS_CELL,SDF_TABLE_25,DataTable,CELL_SDF_TABLE_25_R17_C12,MatrixCell
{},HAS_CELL,SDF_TABLE_25,DataTable,CELL_SDF_TABLE_25_R18_C13,MatrixCell
{},HAS_CELL,SDF_TABLE_25,DataTable,CELL_SDF_TABLE_25_R18_C14,MatrixCell
{},HAS_CELL,SDF_TABLE_25,DataTable,CELL_SDF_TABLE_25_R19_C11,MatrixCell
{},HAS_CELL,SDF_TABLE_25,DataTable,CELL_SDF_TABLE_25_R19_C5,MatrixCell
{},HAS_CELL,SDF_TABLE_25,DataTable,CELL_SDF_TABLE_25_R3_C3,MatrixCell
{},HAS_CELL,SDF_TABLE_25,DataTable,CELL_SDF_TABLE_25_R4_C4,MatrixCell
{},HAS_CELL,SDF_TABLE_25,DataTable,CELL_SDF_TABLE_25_R5_C11,MatrixCell
{},HAS_CELL,SDF_TABLE_25,DataTable,CELL_SDF_TABLE_25_R5_C5,MatrixCell
{},HAS_CELL,SDF_TABLE_25,DataTable,CELL_SDF_TABLE_25_R6_C11,MatrixCell
{},HAS_CELL,SDF_TABLE_25,DataTable,CELL_SDF_TABLE_25_R6_C5,MatrixCell
{},HAS_CELL,SDF_TABLE_25,DataTable,CELL_SDF_TABLE_25_R7_C11,MatrixCell
{},HAS_CELL,SDF_TABLE_25,DataTable,CELL_SDF_TABLE_25_R7_C5,MatrixCell
{},HAS_CELL,SDF_TABLE_25,DataTable,CELL_SDF_TABLE_25_R8_C6,MatrixCell
{},HAS_CELL,SDF_TABLE_25,DataTable,CELL_SDF_TABLE_25_R9_C6,MatrixCell
{},HAS_RECORD,SDF_TABLE_25,DataTable,REC_SDF_TABLE_25_R1,TableRecord
{},HAS_RECORD,SDF_TABLE_25,DataTable,REC_SDF_TABLE_25_R10,TableRecord
{},HAS_RECORD,SDF_TABLE_25,DataTable,REC_SDF_TABLE_25_R11,TableRecord
{},HAS_RECORD,SDF_TABLE_25,DataTable,REC_SDF_TABLE_25_R12,TableRecord
{},HAS_RECORD,SDF_TABLE_25,DataTable,REC_SDF_TABLE_25_R13,TableRecord
{},HAS_RECORD,SDF_TABLE_25,DataTable,REC_SDF_TABLE_25_R14,TableRecord
{},HAS_RECORD,SDF_TABLE_25,DataTable,REC_SDF_TABLE_25_R15,TableRecord
{},HAS_RECORD,SDF_TABLE_25,DataTable,REC_SDF_TABLE_25_R16,TableRecord
{},HAS_RECORD,SDF_TABLE_25,DataTable,REC_SDF_TABLE_25_R17,TableRecord
{},HAS_RECORD,SDF_TABLE_25,DataTable,REC_SDF_TABLE_25_R18,TableRecord
{},HAS_RECORD,SDF_TABLE_25,DataTable,REC_SDF_TABLE_25_R19,TableRecord
{},HAS_RECORD,SDF_TABLE_25,DataTable,REC_SDF_TABLE_25_R2,TableRecord
{},HAS_RECORD,SDF_TABLE_25,DataTable,REC_SDF_TABLE_25_R3,TableRecord
{},HAS_RECORD,SDF_TABLE_25,DataTable,REC_SDF_TABLE_25_R4,TableRecord
{},HAS_RECORD,SDF_TABLE_25,DataTable,REC_SDF_TABLE_25_R5,TableRecord
{},HAS_RECORD,SDF_TABLE_25,DataTable,REC_SDF_TABLE_25_R6,TableRecord
{},HAS_RECORD,SDF_TABLE_25,DataTable,REC_SDF_TABLE_25_R7,TableRecord
{},HAS_RECORD,SDF_TABLE_25,DataTable,REC_SDF_TABLE_25_R8,TableRecord
{},HAS_RECORD,SDF_TABLE_25,DataTable,REC_SDF_TABLE_25_R9,TableRecord
{},HAS_RECORD,SDF_TABLE_26,DataTable,REC_SDF_TABLE_26_R1,TableRecord
{},HAS_RECORD,SDF_TABLE_26,DataTable,REC_SDF_TABLE_26_R2,TableRecord
{},HAS_RECORD,SDF_TABLE_26,DataTable,REC_SDF_TABLE_26_R3,TableRecord
{},HAS_RECORD,SDF_TABLE_26,DataTable,REC_SDF_TABLE_26_R4,TableRecord
{},HAS_RECORD,SDF_TABLE_27,DataTable,REC_SDF_TABLE_27_R1,TableRecord
{},HAS_RECORD,SDF_TABLE_27,DataTable,REC_SDF_TABLE_27_R2,TableRecord
{},HAS_RECORD,SDF_TABLE_27,DataTable,REC_SDF_TABLE_27_R3,TableRecord
{},HAS_RECORD,SDF_TABLE_27,DataTable,REC_SDF_TABLE_27_R4,TableRecord
{},HAS_RECORD,SDF_TABLE_27,DataTable,REC_SDF_TABLE_27_R5,TableRecord
{},HAS_RECORD,SDF_TABLE_28,DataTable,REC_SDF_TABLE_28_R1,TableRecord
{},HAS_RECORD,SDF_TABLE_28,DataTable,REC_SDF_TABLE_28_R2,TableRecord
{},HAS_RECORD,SDF_TABLE_28,DataTable,REC_SDF_TABLE_28_R3,TableRecord
{},HAS_RECORD,SDF_TABLE_28,DataTable,REC_SDF_TABLE_28_R4,TableRecord
{},HAS_RECORD,SDF_TABLE_28,DataTable,REC_SDF_TABLE_28_R5,TableRecord
{},HAS_RECORD,SDF_TABLE_28,DataTable,REC_SDF_TABLE_28_R6,TableRecord
{},HAS_RECORD,SDF_TABLE_29,DataTable,REC_SDF_TABLE_29_R1,TableRecord
{},HAS_RECORD,SDF_TABLE_29,DataTable,REC_SDF_TABLE_29_R2,TableRecord
{},HAS_RECORD,SDF_TABLE_29,DataTable,REC_SDF_TABLE_29_R3,TableRecord
{},HAS_RECORD,SDF_TABLE_29,DataTable,REC_SDF_TABLE_29_R4,TableRecord
{},HAS_RECORD,SDF_TABLE_3,DataTable,REC_SDF_TABLE_3_R1,TableRecord
{},HAS_RECORD,SDF_TABLE_3,DataTable,REC_SDF_TABLE_3_R2,TableRecord
{},HAS_RECORD,SDF_TABLE_3,DataTable,REC_SDF_TABLE_3_R3,TableRecord
{},HAS_RECORD,SDF_TABLE_3,DataTable,REC_SDF_TABLE_3_R4,TableRecord
{},HAS_RECORD,SDF_TABLE_3,DataTable,REC_SDF_TABLE_3_R5,TableRecord
{},HAS_RECORD,SDF_TABLE_30,DataTable,REC_SDF_TABLE_30_R1,TableRecord
{},HAS_RECORD,SDF_TABLE_30,DataTable,REC_SDF_TABLE_30_R2,TableRecord
{},HAS_RECORD,SDF_TABLE_30,DataTable,REC_SDF_TABLE_30_R3,TableRecord
{},HAS_RECORD,SDF_TABLE_30,DataTable,REC_SDF_TABLE_30_R4,TableRecord
{},HAS_CELL,SDF_TABLE_31,DataTable,CELL_SDF_TABLE_31_R10_C6,MatrixCell
{},HAS_CELL,SDF_TABLE_31,DataTable,CELL_SDF_TABLE_31_R10_C7,MatrixCell
{},HAS_CELL,SDF_TABLE_31,DataTable,CELL_SDF_TABLE_31_R10_C8,MatrixCell
{},HAS_CELL,SDF_TABLE_31,DataTable,CELL_SDF_TABLE_31_R11_C12,MatrixCell
{},HAS_CELL,SDF_TABLE_31,DataTable,CELL_SDF_TABLE_31_R11_C9,MatrixCell
{},HAS_CELL,SDF_TABLE_31,DataTable,CELL_SDF_TABLE_31_R12_C12,MatrixCell
{},HAS_CELL,SDF_TABLE_31,DataTable,CELL_SDF_TABLE_31_R12_C9,MatrixCell
{},HAS_CELL,SDF_TABLE_31,DataTable,CELL_SDF_TABLE_31_R13_C10,MatrixCell
{},HAS_CELL,SDF_TABLE_31,DataTable,CELL_SDF_TABLE_31_R13_C4,MatrixCell
{},HAS_CELL,SDF_TABLE_31,DataTable,CELL_SDF_TABLE_31_R14_C10,MatrixCell
{},HAS_CELL,SDF_TABLE_31,DataTable,CELL_SDF_TABLE_31_R14_C4,MatrixCell
{},HAS_CELL,SDF_TABLE_31,DataTable,CELL_SDF_TABLE_31_R15_C10,MatrixCell
{},HAS_CELL,SDF_TABLE_31,DataTable,CELL_SDF_TABLE_31_R15_C4,MatrixCell
{},HAS_CELL,SDF_TABLE_31,DataTable,CELL_SDF_TABLE_31_R16_C10,MatrixCell
{},HAS_CELL,SDF_TABLE_31,DataTable,CELL_SDF_TABLE_31_R17_C13,MatrixCell
{},HAS_CELL,SDF_TABLE_31,DataTable,CELL_SDF_TABLE_31_R3_C11,MatrixCell
{},HAS_CELL,SDF_TABLE_31,DataTable,CELL_SDF_TABLE_31_R3_C3,MatrixCell
{},HAS_CELL,SDF_TABLE_31,DataTable,CELL_SDF_TABLE_31_R3_C5,MatrixCell
{},HAS_CELL,SDF_TABLE_31,DataTable,CELL_SDF_TABLE_31_R4_C10,MatrixCell
{},HAS_CELL,SDF_TABLE_31,DataTable,CELL_SDF_TABLE_31_R4_C12,MatrixCell
{},HAS_CELL,SDF_TABLE_31,DataTable,CELL_SDF_TABLE_31_R4_C3,MatrixCell
{},HAS_CELL,SDF_TABLE_31,DataTable,CELL_SDF_TABLE_31_R5_C3,MatrixCell
{},HAS_CELL,SDF_TABLE_31,DataTable,CELL_SDF_TABLE_31_R6_C3,MatrixCell
{},HAS_CELL,SDF_TABLE_31,DataTable,CELL_SDF_TABLE_31_R6_C6,MatrixCell
{},HAS_CELL,SDF_TABLE_31,DataTable,CELL_SDF_TABLE_31_R7_C3,MatrixCell
{},HAS_CELL,SDF_TABLE_31,DataTable,CELL_SDF_TABLE_31_R7_C7,MatrixCell
{},HAS_CELL,SDF_TABLE_31,DataTable,CELL_SDF_TABLE_31_R8_C4,MatrixCell
{},HAS_CELL,SDF_TABLE_31,DataTable,CELL_SDF_TABLE_31_R9_C10,MatrixCell
{},HAS_CELL,SDF_TABLE_31,DataTable,CELL_SDF_TABLE_31_R9_C11,MatrixCell
{},HAS_CELL,SDF_TABLE_31,DataTable,CELL_SDF_TABLE_31_R9_C4,MatrixCell
{},HAS_CELL,SDF_TABLE_31,DataTable,CELL_SDF_TABLE_31_R9_C5,MatrixCell
{},HAS_RECORD,SDF_TABLE_31,DataTable,REC_SDF_TABLE_31_R1,TableRecord
{},HAS_RECORD,SDF_TABLE_31,DataTable,REC_SDF_TABLE_31_R10,TableRecord
{},HAS_RECORD,SDF_TABLE_31,DataTable,REC_SDF_TABLE_31_R11,TableRecord
{},HAS_RECORD,SDF_TABLE_31,DataTable,REC_SDF_TABLE_31_R12,TableRecord
{},HAS_RECORD,SDF_TABLE_31,DataTable,REC_SDF_TABLE_31_R13,TableRecord
{},HAS_RECORD,SDF_TABLE_31,DataTable,REC_SDF_TABLE_31_R14,TableRecord
{},HAS_RECORD,SDF_TABLE_31,DataTable,REC_SDF_TABLE_31_R15,TableRecord
{},HAS_RECORD,SDF_TABLE_31,DataTable,REC_SDF_TABLE_31_R16,TableRecord
{},HAS_RECORD,SDF_TABLE_31,DataTable,REC_SDF_TABLE_31_R17,TableRecord
{},HAS_RECORD,SDF_TABLE_31,DataTable,REC_SDF_TABLE_31_R2,TableRecord
{},HAS_RECORD,SDF_TABLE_31,DataTable,REC_SDF_TABLE_31_R3,TableRecord
{},HAS_RECORD,SDF_TABLE_31,DataTable,REC_SDF_TABLE_31_R4,TableRecord
{},HAS_RECORD,SDF_TABLE_31,DataTable,REC_SDF_TABLE_31_R5,TableRecord
{},HAS_RECORD,SDF_TABLE_31,DataTable,REC_SDF_TABLE_31_R6,TableRecord
{},HAS_RECORD,SDF_TABLE_31,DataTable,REC_SDF_TABLE_31_R7,TableRecord
{},HAS_RECORD,SDF_TABLE_31,DataTable,REC_SDF_TABLE_31_R8,TableRecord
{},HAS_RECORD,SDF_TABLE_31,DataTable,REC_SDF_TABLE_31_R9,TableRecord
{},HAS_RECORD,SDF_TABLE_4,DataTable,REC_SDF_TABLE_4_R1,TableRecord
{},HAS_RECORD,SDF_TABLE_4,DataTable,REC_SDF_TABLE_4_R2,TableRecord
{},HAS_RECORD,SDF_TABLE_4,DataTable,REC_SDF_TABLE_4_R3,TableRecord
{},HAS_RECORD,SDF_TABLE_4,DataTable,REC_SDF_TABLE_4_R4,TableRecord
{},HAS_RECORD,SDF_TABLE_5,DataTable,REC_SDF_TABLE_5_R1,TableRecord
{},HAS_RECORD,SDF_TABLE_5,DataTable,REC_SDF_TABLE_5_R2,TableRecord
{},HAS_RECORD,SDF_TABLE_5,DataTable,REC_SDF_TABLE_5_R3,TableRecord
{},HAS_RECORD,SDF_TABLE_5,DataTable,REC_SDF_TABLE_5_R4,TableRecord
{},HAS_RECORD,SDF_TABLE_6,DataTable,REC_SDF_TABLE_6_R1,TableRecord
{},HAS_RECORD,SDF_TABLE_6,DataTable,REC_SDF_TABLE_6_R2,TableRecord
{},HAS_RECORD,SDF_TABLE_6,DataTable,REC_SDF_TABLE_6_R3,TableRecord
{},HAS_RECORD,SDF_TABLE_6,DataTable,REC_SDF_TABLE_6_R4,TableRecord
{},HAS_RECORD,SDF_TABLE_6,DataTable,REC_SDF_TABLE_6_R5,TableRecord
{},HAS_RECORD,SDF_TABLE_6,DataTable,REC_SDF_TABLE_6_R6,TableRecord
{},HAS_RECORD,SDF_TABLE_7,DataTable,REC_SDF_TABLE_7_R1,TableRecord
{},HAS_RECORD,SDF_TABLE_7,DataTable,REC_SDF_TABLE_7_R2,TableRecord
{},HAS_RECORD,SDF_TABLE_7,DataTable,REC_SDF_TABLE_7_R3,TableRecord
{},HAS_RECORD,SDF_TABLE_7,DataTable,REC_SDF_TABLE_7_R4,TableRecord
{},HAS_RECORD,SDF_TABLE_8,DataTable,REC_SDF_TABLE_8_R1,TableRecord
{},HAS_RECORD,SDF_TABLE_8,DataTable,REC_SDF_TABLE_8_R2,TableRecord
{},HAS_RECORD,SDF_TABLE_8,DataTable,REC_SDF_TABLE_8_R3,TableRecord
{},HAS_RECORD,SDF_TABLE_8,DataTable,REC_SDF_TABLE_8_R4,TableRecord
{},HAS_RECORD,SDF_TABLE_8,DataTable,REC_SDF_TABLE_8_R5,TableRecord
{},HAS_RECORD,SDF_TABLE_9,DataTable,REC_SDF_TABLE_9_R1,TableRecord
{},HAS_RECORD,SDF_TABLE_9,DataTable,REC_SDF_TABLE_9_R2,TableRecord
{},HAS_RECORD,SDF_TABLE_9,DataTable,REC_SDF_TABLE_9_R3,TableRecord
{},HAS_RECORD,SDF_TABLE_9,DataTable,REC_SDF_TABLE_9_R4,TableRecord
{},MAPS_TO,SDF_VAR_SDF_FORMULA_2_3_1_11_001,FormulaVariable,PARAM_PROCESS_76C6E87673AE,Parameter
{},MAPS_TO,SDF_VAR_SDF_FORMULA_2_3_1_11_001_q1,FormulaVariable,PARAM_PROCESS_934984F21A30,Parameter
{},MAPS_TO,SDF_VAR_SDF_FORMULA_2_3_1_12_001,FormulaVariable,PARAM_PROCESS_76C6E87673AE,Parameter
{},MAPS_TO,SDF_VAR_SDF_FORMULA_2_3_1_12_001_q1,FormulaVariable,PARAM_PROCESS_934984F21A30,Parameter
{},MAPS_TO,SDF_VAR_SDF_FORMULA_3_1_2_1_011_T,FormulaVariable,PARAM_PROCESS_86E03DC8EFBB,Parameter
{},MAPS_TO,SDF_VAR_SDF_FORMULA_3_1_2_2_005_T,FormulaVariable,PARAM_PROCESS_86E03DC8EFBB,Parameter
{},MAPS_TO,SDF_VAR_SDF_FORMULA_3_1_2_3_001,FormulaVariable,PARAM_MATERIAL_82A785B29AB0,Parameter
{},MAPS_TO,SDF_VAR_SDF_FORMULA_4_1_1_3_004_T,FormulaVariable,PARAM_PROCESS_86E03DC8EFBB,Parameter
{},MAPS_TO,SDF_VAR_SDF_FORMULA_4_1_1_5_001_P,FormulaVariable,PARAM_MATERIAL_E637482C3A8A,Parameter
{},MAPS_TO,SDF_VAR_SDF_FORMULA_4_3_1_2_001,FormulaVariable,PARAM_PROCESS_76C6E87673AE,Parameter
{},MAPS_TO,SDF_VAR_SDF_FORMULA_4_3_1_2_001_q1,FormulaVariable,PARAM_PROCESS_934984F21A30,Parameter
{},MAPS_TO,SDF_VAR_SDF_FORMULA_4_3_1_2_002_A,FormulaVariable,PARAM_PROCESS_DABC676680E2,Parameter
{},MAPS_TO,SDF_VAR_SDF_FORMULA_4_3_1_2_002_V,FormulaVariable,PARAM_PROCESS_7BB4257E7769,Parameter
{},MAPS_TO,SDF_VAR_SDF_FORMULA_4_3_1_2_002_p,FormulaVariable,PARAM_PROCESS_122A0353791A,Parameter
{},MAPS_TO,SDF_VAR_SDF_FORMULA_4_3_1_3_001,FormulaVariable,PARAM_PROCESS_76C6E87673AE,Parameter
{},MAPS_TO,SDF_VAR_SDF_FORMULA_4_3_1_3_001_A,FormulaVariable,PARAM_PROCESS_DABC676680E2,Parameter
{},MAPS_TO,SDF_VAR_SDF_FORMULA_4_3_1_3_001_V,FormulaVariable,PARAM_PROCESS_7BB4257E7769,Parameter
{},MAPS_TO,SDF_VAR_SDF_FORMULA_4_3_1_3_001_p,FormulaVariable,PARAM_PROCESS_122A0353791A,Parameter
{},MAPS_TO,SDF_VAR_SDF_FORMULA_4_3_1_3_001_s,FormulaVariable,PARAM_PROCESS_9A2BD293863F,Parameter
{},MAPS_TO,SDF_VAR_SDF_FORMULA_4_3_2_1_001,FormulaVariable,PARAM_PROCESS_76C6E87673AE,Parameter
{},MAPS_TO,SDF_VAR_SDF_FORMULA_4_3_2_1_001_q1,FormulaVariable,PARAM_PROCESS_934984F21A30,Parameter
{},MAPS_TO,SDF_VAR_SDF_FORMULA_4_3_2_1_002_A,FormulaVariable,PARAM_PROCESS_DABC676680E2,Parameter
{},MAPS_TO,SDF_VAR_SDF_FORMULA_4_3_2_1_002_V,FormulaVariable,PARAM_PROCESS_7BB4257E7769,Parameter
{},MAPS_TO,SDF_VAR_SDF_FORMULA_4_3_2_1_002_p,FormulaVariable,PARAM_PROCESS_122A0353791A,Parameter
{},MAPS_TO,SDF_VAR_SDF_FORMULA_4_3_2_2_001,FormulaVariable,PARAM_PROCESS_6200948259C0,Parameter
{},MAPS_TO,SDF_VAR_SDF_FORMULA_4_3_2_3_001,FormulaVariable,PARAM_PROCESS_6200948259C0,Parameter
{},MAPS_TO,SDF_VAR_SDF_FORMULA_4_3_3_9_004_T,FormulaVariable,PARAM_PROCESS_86E03DC8EFBB,Parameter
