properties_json,relationship_type,source_id,source_label,target_id,target_label
{},REPRESENTS,CELL_SAFETY_TABLE_1-1_R3_C5,MatrixCell,REL_3126C09F43F95473,LogicRelation
{},REPRESENTS,CELL_SAFETY_TABLE_1-1_R4_C5,MatrixCell,REL_0B7D1928AD8EF662,LogicRelation
{},REPRESENTS,CELL_SAFETY_TABLE_1-1_R5_C7,MatrixCell,REL_F5F45D88EF9D4F87,LogicRelation
{},REPRESENTS,CELL_SAFETY_TABLE_1-1_R6_C7,MatrixCell,REL_795723E1DF82373F,LogicRelation
{},REPRESENTS,CELL_SAFETY_TABLE_1-1_R7_C5,MatrixCell,REL_C795F63865210101,LogicRelation
{},REPRESENTS,CELL_SAFETY_TABLE_1-1_R7_C6,MatrixCell,REL_45615A1C49A24488,LogicRelation
{},REPRESENTS,CELL_SAFETY_TABLE_2-1_R10_C7,MatrixCell,REL_84048ECD7876767D,LogicRelation
{},REPRESENTS,CELL_SAFETY_TABLE_2-1_R10_C8,MatrixCell,REL_4135A871135F4E70,LogicRelation
{},REPRESENTS,CELL_SAFETY_TABLE_2-1_R10_C9,MatrixCell,REL_846016D2F633C844,LogicRelation
{},REPRESENTS,CELL_SAFETY_TABLE_2-1_R11_C10,MatrixCell,REL_1A52E880C1800F98,LogicRelation
{},REPRESENTS,CELL_SAFETY_TABLE_2-1_R12_C11,MatrixCell,REL_EF23DE99871F3600,LogicRelation
{},REPRESENTS,CELL_SAFETY_TABLE_2-1_R12_C12,MatrixCell,REL_BC5E8165561D9E58,LogicRelation
{},REPRESENTS,CELL_SAFETY_TABLE_2-1_R12_C13,MatrixCell,REL_03BD36B429FD7290,LogicRelation
{},REPRESENTS,CELL_SAFETY_TABLE_2-1_R12_C3,MatrixCell,REL_DCADD8AAE431FC0D,LogicRelation
{},REPRESENTS,CELL_SAFETY_TABLE_2-1_R12_C4,MatrixCell,REL_3A936AD2624F9A4C,LogicRelation
{},REPRESENTS,CELL_SAFETY_TABLE_2-1_R12_C5,MatrixCell,REL_71CBA2A9B7846EA6,LogicRelation
{},REPRESENTS,CELL_SAFETY_TABLE_2-1_R12_C6,MatrixCell,REL_E539CC58475BCD17,LogicRelation
{},REPRESENTS,CELL_SAFETY_TABLE_2-1_R12_C9,MatrixCell,REL_A9EDA2AEB732A8F4,LogicRelation
{},REPRESENTS,CELL_SAFETY_TABLE_2-1_R13_C10,MatrixCell,REL_CB0FFB85926ADF41,LogicRelation
{},REPRESENTS,CELL_SAFETY_TABLE_2-1_R13_C3,MatrixCell,REL_AC62B94958FDF501,LogicRelation
{},REPRESENTS,CELL_SAFETY_TABLE_2-1_R13_C4,MatrixCell,REL_64739E127BD0604B,LogicRelation
{},REPRESENTS,CELL_SAFETY_TABLE_2-1_R13_C5,MatrixCell,REL_EEC76F4C5989088B,LogicRelation
{},REPRESENTS,CELL_SAFETY_TABLE_2-1_R13_C6,MatrixCell,REL_218A1C626F17E321,LogicRelation
{},REPRESENTS,CELL_SAFETY_TABLE_2-1_R13_C8,MatrixCell,REL_2B220303CCAA1348,LogicRelation
{},REPRESENTS,CELL_SAFETY_TABLE_2-1_R13_C9,MatrixCell,REL_F1C5FCC8B3BA0003,LogicRelation
{},REPRESENTS,CELL_SAFETY_TABLE_2-1_R14_C11,MatrixCell,REL_D8F0CF0ADD3B52A2,LogicRelation
{},REPRESENTS,CELL_SAFETY_TABLE_2-1_R14_C12,MatrixCell,REL_2504482BF3A26A66,LogicRelation
{},REPRESENTS,CELL_SAFETY_TABLE_2-1_R14_C13,MatrixCell,REL_8135E3BF39F39AFA,LogicRelation
{},REPRESENTS,CELL_SAFETY_TABLE_2-1_R14_C3,MatrixCell,REL_48A168A6860335A1,LogicRelation
{},REPRESENTS,CELL_SAFETY_TABLE_2-1_R14_C4,MatrixCell,REL_65F1E2887C792FF7,LogicRelation
{},REPRESENTS,CELL_SAFETY_TABLE_2-1_R14_C5,MatrixCell,REL_077669737E839211,LogicRelation
{},REPRESENTS,CELL_SAFETY_TABLE_2-1_R14_C6,MatrixCell,REL_E230E1641CD9CD50,LogicRelation
{},REPRESENTS,CELL_SAFETY_TABLE_2-1_R14_C7,MatrixCell,REL_83412B34BBB58A4B,LogicRelation
{},REPRESENTS,CELL_SAFETY_TABLE_2-1_R3_C3,MatrixCell,REL_C7AF2C7A9A8AAA77,LogicRelation
{},REPRESENTS,CELL_SAFETY_TABLE_2-1_R3_C4,MatrixCell,REL_96E9DFA09639814D,LogicRelation
{},REPRESENTS,CELL_SAFETY_TABLE_2-1_R3_C5,MatrixCell,REL_BB4383371A111323,LogicRelation
{},REPRESENTS,CELL_SAFETY_TABLE_2-1_R4_C10,MatrixCell,REL_96E9F03C0C74901F,LogicRelation
{},REPRESENTS,CELL_SAFETY_TABLE_2-1_R4_C7,MatrixCell,REL_273FB191F058BFD4,LogicRelation
{},REPRESENTS,CELL_SAFETY_TABLE_2-1_R5_C11,MatrixCell,REL_8E2F4DA0B40CAC9A,LogicRelation
{},REPRESENTS,CELL_SAFETY_TABLE_2-1_R5_C12,MatrixCell,REL_34242B5C75A1036E,LogicRelation
{},REPRESENTS,CELL_SAFETY_TABLE_2-1_R5_C13,MatrixCell,REL_6C47E4128B77B0D1,LogicRelation
{},REPRESENTS,CELL_SAFETY_TABLE_2-1_R5_C4,MatrixCell,REL_9FC33742C7FC581A,LogicRelation
{},REPRESENTS,CELL_SAFETY_TABLE_2-1_R5_C5,MatrixCell,REL_A0443976BED5EF2B,LogicRelation
{},REPRESENTS,CELL_SAFETY_TABLE_2-1_R5_C6,MatrixCell,REL_BEF9B4C7A1FB4C87,LogicRelation
{},REPRESENTS,CELL_SAFETY_TABLE_2-1_R6_C7,MatrixCell,REL_7995F4FDE758479E,LogicRelation
{},REPRESENTS,CELL_SAFETY_TABLE_2-1_R7_C6,MatrixCell,REL_539E9EADC5A98D69,LogicRelation
{},REPRESENTS,CELL_SAFETY_TABLE_2-1_R7_C7,MatrixCell,REL_BCB6FA627D141CEC,LogicRelation
{},REPRESENTS,CELL_SAFETY_TABLE_2-1_R8_C3,MatrixCell,REL_2BAA8E0E1BDF9D78,LogicRelation
{},REPRESENTS,CELL_SAFETY_TABLE_2-1_R8_C4,MatrixCell,REL_5C6DE149E4796411,LogicRelation
{},REPRESENTS,CELL_SAFETY_TABLE_2-1_R8_C5,MatrixCell,REL_B3A43047CC9D8793,LogicRelation
{},REPRESENTS,CELL_SAFETY_TABLE_2-1_R9_C11,MatrixCell,REL_CA55D15A9FD532A6,LogicRelation
{},REPRESENTS,CELL_SAFETY_TABLE_2-1_R9_C12,MatrixCell,REL_C111960B85AEBD53,LogicRelation
{},REPRESENTS,CELL_SAFETY_TABLE_2-1_R9_C13,MatrixCell,REL_08D99DBF5C35BC25,LogicRelation
{},REPRESENTS,CELL_SAFETY_TABLE_2-1_R9_C7,MatrixCell,REL_08B000A4DB553635,LogicRelation
{},REPRESENTS,CELL_SAFETY_TABLE_3-1_T13_R10_C3,MatrixCell,REL_53675E843D12FE93,LogicRelation
{},REPRESENTS,CELL_SAFETY_TABLE_3-1_T13_R10_C6,MatrixCell,REL_D809A140ED787175,LogicRelation
{},REPRESENTS,CELL_SAFETY_TABLE_3-1_T13_R10_C7,MatrixCell,REL_0774261E98310D15,LogicRelation
{},REPRESENTS,CELL_SAFETY_TABLE_3-1_T13_R10_C8,MatrixCell,REL_91007ECA4C56C8E0,LogicRelation
{},REPRESENTS,CELL_SAFETY_TABLE_3-1_T13_R11_C3,MatrixCell,REL_332808E723F5CDFF,LogicRelation
{},REPRESENTS,CELL_SAFETY_TABLE_3-1_T13_R11_C5,MatrixCell,REL_7921974CA0DD755D,LogicRelation
{},REPRESENTS,CELL_SAFETY_TABLE_3-1_T13_R11_C7,MatrixCell,REL_8D3E265D46426F35,LogicRelation
{},REPRESENTS,CELL_SAFETY_TABLE_3-1_T13_R11_C8,MatrixCell,REL_EA5BC0BCA8319A36,LogicRelation
{},REPRESENTS,CELL_SAFETY_TABLE_3-1_T13_R12_C3,MatrixCell,REL_1F57F12493AD6015,LogicRelation
{},REPRESENTS,CELL_SAFETY_TABLE_3-1_T13_R12_C5,MatrixCell,REL_6E8A2EF90C8C1062,LogicRelation
{},REPRESENTS,CELL_SAFETY_TABLE_3-1_T13_R12_C7,MatrixCell,REL_E1D254CAA156FF95,LogicRelation
{},REPRESENTS,CELL_SAFETY_TABLE_3-1_T13_R13_C3,MatrixCell,REL_68DE43794000EFC5,LogicRelation
{},REPRESENTS,CELL_SAFETY_TABLE_3-1_T13_R13_C4,MatrixCell,REL_862B70465B84FAA7,LogicRelation
{},REPRESENTS,CELL_SAFETY_TABLE_3-1_T13_R13_C7,MatrixCell,REL_D12734D511F4DB38,LogicRelation
{},REPRESENTS,CELL_SAFETY_TABLE_3-1_T13_R14_C11,MatrixCell,REL_F57FE5F67901D9CA,LogicRelation
{},REPRESENTS,CELL_SAFETY_TABLE_3-1_T13_R15_C10,MatrixCell,REL_C6805AD5B4D47AF2,LogicRelation
{},REPRESENTS,CELL_SAFETY_TABLE_3-1_T13_R15_C11,MatrixCell,REL_114DD6A25E1D36D9,LogicRelation
{},REPRESENTS,CELL_SAFETY_TABLE_3-1_T13_R15_C9,MatrixCell,REL_4E8E6902EAD3D84B,LogicRelation
{},REPRESENTS,CELL_SAFETY_TABLE_3-1_T13_R3_C10,MatrixCell,REL_1F2A028D562AF131,LogicRelation
{},REPRESENTS,CELL_SAFETY_TABLE_3-1_T13_R3_C9,MatrixCell,REL_B60D0C4F922D68CC,LogicRelation
{},REPRESENTS,CELL_SAFETY_TABLE_3-1_T13_R4_C3,MatrixCell,REL_D33F0D8F261B72CF,LogicRelation
{},REPRESENTS,CELL_SAFETY_TABLE_3-1_T13_R4_C4,MatrixCell,REL_A504C3E7440F3B0D,LogicRelation
{},REPRESENTS,CELL_SAFETY_TABLE_3-1_T13_R4_C6,MatrixCell,REL_CC7DAD9F016209BF,LogicRelation
{},REPRESENTS,CELL_SAFETY_TABLE_3-1_T13_R4_C7,MatrixCell,REL_1F8ADC9D56E0B980,LogicRelation
{},REPRESENTS,CELL_SAFETY_TABLE_3-1_T13_R5_C3,MatrixCell,REL_1284BFCBC319A222,LogicRelation
{},REPRESENTS,CELL_SAFETY_TABLE_3-1_T13_R5_C4,MatrixCell,REL_C591F966414F06D1,LogicRelation
{},REPRESENTS,CELL_SAFETY_TABLE_3-1_T13_R5_C6,MatrixCell,REL_AE53489D6F75EB95,LogicRelation
{},REPRESENTS,CELL_SAFETY_TABLE_3-1_T13_R5_C7,MatrixCell,REL_593B26F0A6E9A6B2,LogicRelation
{},REPRESENTS,CELL_SAFETY_TABLE_3-1_T13_R6_C3,MatrixCell,REL_6D8B484371C1EE1C,LogicRelation
{},REPRESENTS,CELL_SAFETY_TABLE_3-1_T13_R6_C4,MatrixCell,REL_F9C4257D1190219D,LogicRelation
{},REPRESENTS,CELL_SAFETY_TABLE_3-1_T13_R6_C6,MatrixCell,REL_2EB58579E5E57726,LogicRelation
{},REPRESENTS,CELL_SAFETY_TABLE_3-1_T13_R6_C7,MatrixCell,REL_8284B1DA27349BF0,LogicRelation
{},REPRESENTS,CELL_SAFETY_TABLE_3-1_T13_R7_C3,MatrixCell,REL_A16C81D9BF7DE34A,LogicRelation
{},REPRESENTS,CELL_SAFETY_TABLE_3-1_T13_R7_C6,MatrixCell,REL_E41EEC087B50F88E,LogicRelation
{},REPRESENTS,CELL_SAFETY_TABLE_3-1_T13_R7_C7,MatrixCell,REL_29A75AC60319F168,LogicRelation
{},REPRESENTS,CELL_SAFETY_TABLE_3-1_T13_R8_C3,MatrixCell,REL_570E7F963BD82326,LogicRelation
{},REPRESENTS,CELL_SAFETY_TABLE_3-1_T13_R8_C6,MatrixCell,REL_AC218D41DDDC1F8D,LogicRelation
{},REPRESENTS,CELL_SAFETY_TABLE_3-1_T13_R8_C7,MatrixCell,REL_4D2AADE58AA2EBAB,LogicRelation
{},REPRESENTS,CELL_SAFETY_TABLE_3-1_T13_R9_C3,MatrixCell,REL_04F51FFB5DF2E01D,LogicRelation
{},REPRESENTS,CELL_SAFETY_TABLE_3-1_T13_R9_C6,MatrixCell,REL_27E9793A695F4AAD,LogicRelation
{},REPRESENTS,CELL_SAFETY_TABLE_3-1_T13_R9_C7,MatrixCell,REL_68A2B6669209E298,LogicRelation
{},REPRESENTS,CELL_SAFETY_TABLE_3-1_T13_R9_C8,MatrixCell,REL_04CA376B379A0B47,LogicRelation
{},HAS_PARAMETER_GROUP,DIM_EQUIPMENT,Dimension,PG_EQUIPMENT_2486D2FA61,ParameterGroup
{},HAS_PARAMETER_GROUP,DIM_EQUIPMENT,Dimension,PG_EQUIPMENT_3BA297C286,ParameterGroup
{},HAS_PARAMETER_GROUP,DIM_EQUIPMENT,Dimension,PG_EQUIPMENT_7CD74A412F,ParameterGroup
{},HAS_PARAMETER_GROUP,DIM_EQUIPMENT,Dimension,PG_EQUIPMENT_BE82CD1BB4,ParameterGroup
{},HAS_PARAMETER_GROUP,DIM_EQUIPMENT,Dimension,PG_EQUIPMENT_E161143F3E,ParameterGroup
{},HAS_PARAMETER_GROUP,DIM_MATERIAL,Dimension,PG_MATERIAL_1B4A34A7DB,ParameterGroup
{},HAS_PARAMETER_GROUP,DIM_MATERIAL,Dimension,PG_MATERIAL_573E910C41,ParameterGroup
{},HAS_PARAMETER_GROUP,DIM_MATERIAL,Dimension,PG_MATERIAL_6CC6773603,ParameterGroup
{},HAS_PARAMETER_GROUP,DIM_MATERIAL,Dimension,PG_MATERIAL_B8DB229307,ParameterGroup
{},HAS_PARAMETER_GROUP,DIM_PROCESS,Dimension,PG_PROCESS_10ADD585EB,ParameterGroup
{},HAS_PARAMETER_GROUP,DIM_PROCESS,Dimension,PG_PROCESS_254F13BD4B,ParameterGroup
{},HAS_PARAMETER_GROUP,DIM_PROCESS,Dimension,PG_PROCESS_C9BC3E3C4A,ParameterGroup
{},HAS_PARAMETER_GROUP,DIM_SAFETY,Dimension,PG_SAFETY_213D0E3400,ParameterGroup
{},HAS_PARAMETER_GROUP,DIM_SAFETY,Dimension,PG_SAFETY_54B89F9012,ParameterGroup
{},HAS_PARAMETER_GROUP,DIM_SAFETY,Dimension,PG_SAFETY_681B57E605,ParameterGroup
{},HAS_PARAMETER_GROUP,DIM_SAFETY,Dimension,PG_SAFETY_7BF29CE5FC,ParameterGroup
{},HAS_PARAMETER_GROUP,DIM_SAFETY,Dimension,PG_SAFETY_BFEB1337BC,ParameterGroup
{},HAS_PARAMETER_GROUP,DIM_SAFETY,Dimension,PG_SAFETY_DBCF776871,ParameterGroup
{},HAS_SECTION,DOC_SAFE_V111,SourceDocument,SAFETY_SEC_2_1,SectionContent
{},HAS_SECTION,DOC_SAFE_V111,SourceDocument,SAFETY_SEC_2_10,SectionContent
{},HAS_SECTION,DOC_SAFE_V111,SourceDocument,SAFETY_SEC_2_11,SectionContent
{},HAS_SECTION,DOC_SAFE_V111,SourceDocument,SAFETY_SEC_2_12,SectionContent
{},HAS_SECTION,DOC_SAFE_V111,SourceDocument,SAFETY_SEC_2_13,SectionContent
{},HAS_SECTION,DOC_SAFE_V111,SourceDocument,SAFETY_SEC_2_14,SectionContent
{},HAS_SECTION,DOC_SAFE_V111,SourceDocument,SAFETY_SEC_2_15,SectionContent
{},HAS_SECTION,DOC_SAFE_V111,SourceDocument,SAFETY_SEC_2_16,SectionContent
{},HAS_SECTION,DOC_SAFE_V111,SourceDocument,SAFETY_SEC_2_17,SectionContent
{},HAS_SECTION,DOC_SAFE_V111,SourceDocument,SAFETY_SEC_2_18,SectionContent
{},HAS_SECTION,DOC_SAFE_V111,SourceDocument,SAFETY_SEC_2_19,SectionContent
{},HAS_SECTION,DOC_SAFE_V111,SourceDocument,SAFETY_SEC_2_2,SectionContent
{},HAS_SECTION,DOC_SAFE_V111,SourceDocument,SAFETY_SEC_2_20,SectionContent
{},HAS_SECTION,DOC_SAFE_V111,SourceDocument,SAFETY_SEC_2_21,SectionContent
{},HAS_SECTION,DOC_SAFE_V111,SourceDocument,SAFETY_SEC_2_22,SectionContent
{},HAS_SECTION,DOC_SAFE_V111,SourceDocument,SAFETY_SEC_2_23,SectionContent
{},HAS_SECTION,DOC_SAFE_V111,SourceDocument,SAFETY_SEC_2_24,SectionContent
{},HAS_SECTION,DOC_SAFE_V111,SourceDocument,SAFETY_SEC_2_25,SectionContent
{},HAS_SECTION,DOC_SAFE_V111,SourceDocument,SAFETY_SEC_2_26,SectionContent
{},HAS_SECTION,DOC_SAFE_V111,SourceDocument,SAFETY_SEC_2_27,SectionContent
{},HAS_SECTION,DOC_SAFE_V111,SourceDocument,SAFETY_SEC_2_28,SectionContent
{},HAS_SECTION,DOC_SAFE_V111,SourceDocument,SAFETY_SEC_2_29,SectionContent
{},HAS_SECTION,DOC_SAFE_V111,SourceDocument,SAFETY_SEC_2_3,SectionContent
{},HAS_SECTION,DOC_SAFE_V111,SourceDocument,SAFETY_SEC_2_30,SectionContent
{},HAS_SECTION,DOC_SAFE_V111,SourceDocument,SAFETY_SEC_2_31,SectionContent
{},HAS_SECTION,DOC_SAFE_V111,SourceDocument,SAFETY_SEC_2_32,SectionContent
{},HAS_SECTION,DOC_SAFE_V111,SourceDocument,SAFETY_SEC_2_4,SectionContent
{},HAS_SECTION,DOC_SAFE_V111,SourceDocument,SAFETY_SEC_2_5,SectionContent
{},HAS_SECTION,DOC_SAFE_V111,SourceDocument,SAFETY_SEC_2_6,SectionContent
{},HAS_SECTION,DOC_SAFE_V111,SourceDocument,SAFETY_SEC_2_7,SectionContent
{},HAS_SECTION,DOC_SAFE_V111,SourceDocument,SAFETY_SEC_2_8,SectionContent
{},HAS_SECTION,DOC_SAFE_V111,SourceDocument,SAFETY_SEC_2_9,SectionContent
{},HAS_SECTION,DOC_SAFE_V111,SourceDocument,SAFETY_SEC_3_1,SectionContent
{},HAS_SECTION,DOC_SAFE_V111,SourceDocument,SAFETY_SEC_3_10,SectionContent
{},HAS_SECTION,DOC_SAFE_V111,SourceDocument,SAFETY_SEC_3_11,SectionContent
{},HAS_SECTION,DOC_SAFE_V111,SourceDocument,SAFETY_SEC_3_12,SectionContent
{},HAS_SECTION,DOC_SAFE_V111,SourceDocument,SAFETY_SEC_3_13,SectionContent
{},HAS_SECTION,DOC_SAFE_V111,SourceDocument,SAFETY_SEC_3_14,SectionContent
{},HAS_SECTION,DOC_SAFE_V111,SourceDocument,SAFETY_SEC_3_15,SectionContent
{},HAS_SECTION,DOC_SAFE_V111,SourceDocument,SAFETY_SEC_3_16,SectionContent
{},HAS_SECTION,DOC_SAFE_V111,SourceDocument,SAFETY_SEC_3_17,SectionContent
{},HAS_SECTION,DOC_SAFE_V111,SourceDocument,SAFETY_SEC_3_18,SectionContent
{},HAS_SECTION,DOC_SAFE_V111,SourceDocument,SAFETY_SEC_3_19,SectionContent
{},HAS_SECTION,DOC_SAFE_V111,SourceDocument,SAFETY_SEC_3_2,SectionContent
{},HAS_SECTION,DOC_SAFE_V111,SourceDocument,SAFETY_SEC_3_20,SectionContent
{},HAS_SECTION,DOC_SAFE_V111,SourceDocument,SAFETY_SEC_3_21,SectionContent
{},HAS_SECTION,DOC_SAFE_V111,SourceDocument,SAFETY_SEC_3_3,SectionContent
{},HAS_SECTION,DOC_SAFE_V111,SourceDocument,SAFETY_SEC_3_4,SectionContent
{},HAS_SECTION,DOC_SAFE_V111,SourceDocument,SAFETY_SEC_3_5,SectionContent
{},HAS_SECTION,DOC_SAFE_V111,SourceDocument,SAFETY_SEC_3_6,SectionContent
{},HAS_SECTION,DOC_SAFE_V111,SourceDocument,SAFETY_SEC_3_7,SectionContent
{},HAS_SECTION,DOC_SAFE_V111,SourceDocument,SAFETY_SEC_3_8,SectionContent
{},HAS_SECTION,DOC_SAFE_V111,SourceDocument,SAFETY_SEC_3_9,SectionContent
{},USES_DIMENSION,DOMAIN_SAFETY_GENERAL,Domain,DIM_MATERIAL,Dimension
{},USES_DIMENSION,DOMAIN_SAFETY_GENERAL,Domain,DIM_SAFETY,Dimension
{},FROM_DIMENSION,PAIR_MATERIAL_SAFETY,RelationGroup,DIM_MATERIAL,Dimension
{},TO_DIMENSION,PAIR_MATERIAL_SAFETY,RelationGroup,DIM_SAFETY,Dimension
{},FROM_DIMENSION,PAIR_SAFETY_SAFETY,RelationGroup,DIM_SAFETY,Dimension
{},TO_DIMENSION,PAIR_SAFETY_SAFETY,RelationGroup,DIM_SAFETY,Dimension
{},HAS_PARAMETER,PG_EQUIPMENT_2486D2FA61,ParameterGroup,PARAM_EQUIPMENT_21F98CD3B7DF,Parameter
{},HAS_PARAMETER,PG_EQUIPMENT_2486D2FA61,ParameterGroup,PARAM_EQUIPMENT_2486D2FA618D,Parameter
{},HAS_PARAMETER,PG_EQUIPMENT_2486D2FA61,ParameterGroup,PARAM_EQUIPMENT_9A0E2DBAC647,Parameter
{},HAS_PARAMETER,PG_EQUIPMENT_2486D2FA61,ParameterGroup,PARAM_EQUIPMENT_B6616E1BA782,Parameter
{},HAS_PARAMETER,PG_EQUIPMENT_2486D2FA61,ParameterGroup,PARAM_EQUIPMENT_EEFAFD94CAF7,Parameter
{},HAS_PARAMETER,PG_EQUIPMENT_3BA297C286,ParameterGroup,PARAM_EQUIPMENT_3BA297C2868C,Parameter
{},HAS_PARAMETER,PG_EQUIPMENT_3BA297C286,ParameterGroup,PARAM_EQUIPMENT_4AE6CDBCAB9D,Parameter
{},HAS_PARAMETER,PG_EQUIPMENT_3BA297C286,ParameterGroup,PARAM_EQUIPMENT_86DA9FDAA71D,Parameter
{},HAS_PARAMETER,PG_EQUIPMENT_3BA297C286,ParameterGroup,PARAM_EQUIPMENT_A369F84358EF,Parameter
{},HAS_PARAMETER,PG_EQUIPMENT_3BA297C286,ParameterGroup,PARAM_EQUIPMENT_B17A3C2AC8DD,Parameter
{},HAS_PARAMETER,PG_EQUIPMENT_7CD74A412F,ParameterGroup,PARAM_EQUIPMENT_4C634730A40C,Parameter
{},HAS_PARAMETER,PG_EQUIPMENT_7CD74A412F,ParameterGroup,PARAM_EQUIPMENT_7CD74A412F5E,Parameter
{},HAS_PARAMETER,PG_EQUIPMENT_7CD74A412F,ParameterGroup,PARAM_EQUIPMENT_7F87A12DA9DE,Parameter
{},HAS_PARAMETER,PG_EQUIPMENT_7CD74A412F,ParameterGroup,PARAM_EQUIPMENT_C2DDC18B61BB,Parameter
{},HAS_PARAMETER,PG_EQUIPMENT_BE82CD1BB4,ParameterGroup,PARAM_EQUIPMENT_0F2792FE9EAA,Parameter
{},HAS_PARAMETER,PG_EQUIPMENT_BE82CD1BB4,ParameterGroup,PARAM_EQUIPMENT_8A216C63884D,Parameter
{},HAS_PARAMETER,PG_EQUIPMENT_BE82CD1BB4,ParameterGroup,PARAM_EQUIPMENT_8B8455D5E01C,Parameter
{},HAS_PARAMETER,PG_EQUIPMENT_BE82CD1BB4,ParameterGroup,PARAM_EQUIPMENT_BE82CD1BB47A,Parameter
{},HAS_PARAMETER,PG_EQUIPMENT_BE82CD1BB4,ParameterGroup,PARAM_EQUIPMENT_BF8D741EF586,Parameter
{},HAS_PARAMETER,PG_EQUIPMENT_BE82CD1BB4,ParameterGroup,PARAM_EQUIPMENT_F56BA73207D0,Parameter
{},HAS_PARAMETER,PG_EQUIPMENT_E161143F3E,ParameterGroup,PARAM_EQUIPMENT_8734DF47BD28,Parameter
{},HAS_PARAMETER,PG_EQUIPMENT_E161143F3E,ParameterGroup,PARAM_EQUIPMENT_F29AEAAF8940,Parameter
{},HAS_PARAMETER,PG_EQUIPMENT_E161143F3E,ParameterGroup,PARAM_EQUIPMENT_FCD53935FD79,Parameter
{},HAS_PARAMETER,PG_MATERIAL_1B4A34A7DB,ParameterGroup,PARAM_MATERIAL_1A9E264C9946,Parameter
{},HAS_PARAMETER,PG_MATERIAL_1B4A34A7DB,ParameterGroup,PARAM_MATERIAL_64070CD4FD1A,Parameter
{},HAS_PARAMETER,PG_MATERIAL_1B4A34A7DB,ParameterGroup,PARAM_MATERIAL_C07BBED50994,Parameter
{},HAS_PARAMETER,PG_MATERIAL_1B4A34A7DB,ParameterGroup,PARAM_MATERIAL_C8B60C6A63B4,Parameter
{},HAS_PARAMETER,PG_MATERIAL_573E910C41,ParameterGroup,PARAM_MATERIAL_573E910C4112,Parameter
{},HAS_PARAMETER,PG_MATERIAL_6CC6773603,ParameterGroup,PARAM_MATERIAL_6CC6773603AD,Parameter
{},HAS_PARAMETER,PG_MATERIAL_6CC6773603,ParameterGroup,PARAM_MATERIAL_72E2DDF51F75,Parameter
{},HAS_PARAMETER,PG_MATERIAL_6CC6773603,ParameterGroup,PARAM_MATERIAL_867CB187BBD3,Parameter
{},HAS_PARAMETER,PG_MATERIAL_6CC6773603,ParameterGroup,PARAM_MATERIAL_ABF1141A1A59,Parameter
{},HAS_PARAMETER,PG_MATERIAL_6CC6773603,ParameterGroup,PARAM_MATERIAL_E66B6AF1CAA8,Parameter
{},HAS_PARAMETER,PG_MATERIAL_6CC6773603,ParameterGroup,PARAM_MATERIAL_EF96EA0893F7,Parameter
{},HAS_PARAMETER,PG_MATERIAL_B8DB229307,ParameterGroup,PARAM_MATERIAL_0A2AB2B770B3,Parameter
{},HAS_PARAMETER,PG_MATERIAL_B8DB229307,ParameterGroup,PARAM_MATERIAL_0A5804759914,Parameter
{},HAS_PARAMETER,PG_MATERIAL_B8DB229307,ParameterGroup,PARAM_MATERIAL_0ACC666511A7,Parameter
{},HAS_PARAMETER,PG_MATERIAL_B8DB229307,ParameterGroup,PARAM_MATERIAL_0AFC04A27CB1,Parameter
{},HAS_PARAMETER,PG_MATERIAL_B8DB229307,ParameterGroup,PARAM_MATERIAL_13B9B4BAC28E,Parameter
{},HAS_PARAMETER,PG_MATERIAL_B8DB229307,ParameterGroup,PARAM_MATERIAL_1B4A34A7DB02,Parameter
{},HAS_PARAMETER,PG_MATERIAL_B8DB229307,ParameterGroup,PARAM_MATERIAL_1BC79FD9430B,Parameter
{},HAS_PARAMETER,PG_MATERIAL_B8DB229307,ParameterGroup,PARAM_MATERIAL_2100D9CCAD57,Parameter
{},HAS_PARAMETER,PG_MATERIAL_B8DB229307,ParameterGroup,PARAM_MATERIAL_32C4AC754395,Parameter
{},HAS_PARAMETER,PG_MATERIAL_B8DB229307,ParameterGroup,PARAM_MATERIAL_32DA72DCD424,Parameter
{},HAS_PARAMETER,PG_MATERIAL_B8DB229307,ParameterGroup,PARAM_MATERIAL_373C98209BD6,Parameter
{},HAS_PARAMETER,PG_MATERIAL_B8DB229307,ParameterGroup,PARAM_MATERIAL_389390EE681A,Parameter
{},HAS_PARAMETER,PG_MATERIAL_B8DB229307,ParameterGroup,PARAM_MATERIAL_3A5F446FE8FA,Parameter
{},HAS_PARAMETER,PG_MATERIAL_B8DB229307,ParameterGroup,PARAM_MATERIAL_3F39D5C348E5,Parameter
{},HAS_PARAMETER,PG_MATERIAL_B8DB229307,ParameterGroup,PARAM_MATERIAL_44937E0387B3,Parameter
{},HAS_PARAMETER,PG_MATERIAL_B8DB229307,ParameterGroup,PARAM_MATERIAL_492AC17C389A,Parameter
{},HAS_PARAMETER,PG_MATERIAL_B8DB229307,ParameterGroup,PARAM_MATERIAL_4BD29B339038,Parameter
{},HAS_PARAMETER,PG_MATERIAL_B8DB229307,ParameterGroup,PARAM_MATERIAL_578E8B3EC6CE,Parameter
{},HAS_PARAMETER,PG_MATERIAL_B8DB229307,ParameterGroup,PARAM_MATERIAL_5B14F0618C6E,Parameter
{},HAS_PARAMETER,PG_MATERIAL_B8DB229307,ParameterGroup,PARAM_MATERIAL_5BFE4AB097BC,Parameter
{},HAS_PARAMETER,PG_MATERIAL_B8DB229307,ParameterGroup,PARAM_MATERIAL_5CF0AE523D26,Parameter
{},HAS_PARAMETER,PG_MATERIAL_B8DB229307,ParameterGroup,PARAM_MATERIAL_60E56702B1F6,Parameter
{},HAS_PARAMETER,PG_MATERIAL_B8DB229307,ParameterGroup,PARAM_MATERIAL_632A004A069A,Parameter
{},HAS_PARAMETER,PG_MATERIAL_B8DB229307,ParameterGroup,PARAM_MATERIAL_68BAF4860E75,Parameter
{},HAS_PARAMETER,PG_MATERIAL_B8DB229307,ParameterGroup,PARAM_MATERIAL_699120358D77,Parameter
{},HAS_PARAMETER,PG_MATERIAL_B8DB229307,ParameterGroup,PARAM_MATERIAL_6C7FE336FECF,Parameter
{},HAS_PARAMETER,PG_MATERIAL_B8DB229307,ParameterGroup,PARAM_MATERIAL_761FC4D6CD1F,Parameter
{},HAS_PARAMETER,PG_MATERIAL_B8DB229307,ParameterGroup,PARAM_MATERIAL_771C6082CA96,Parameter
{},HAS_PARAMETER,PG_MATERIAL_B8DB229307,ParameterGroup,PARAM_MATERIAL_78AA3C67A4E4,Parameter
{},HAS_PARAMETER,PG_MATERIAL_B8DB229307,ParameterGroup,PARAM_MATERIAL_7EB23E66E151,Parameter
{},HAS_PARAMETER,PG_MATERIAL_B8DB229307,ParameterGroup,PARAM_MATERIAL_7F18ED2699B2,Parameter
{},HAS_PARAMETER,PG_MATERIAL_B8DB229307,ParameterGroup,PARAM_MATERIAL_82A785B29AB0,Parameter
{},HAS_PARAMETER,PG_MATERIAL_B8DB229307,ParameterGroup,PARAM_MATERIAL_84550BACB6A8,Parameter
{},HAS_PARAMETER,PG_MATERIAL_B8DB229307,ParameterGroup,PARAM_MATERIAL_8ADA795DCA41,Parameter
{},HAS_PARAMETER,PG_MATERIAL_B8DB229307,ParameterGroup,PARAM_MATERIAL_8B38F9258FA0,Parameter
{},HAS_PARAMETER,PG_MATERIAL_B8DB229307,ParameterGroup,PARAM_MATERIAL_8B496D2CB62C,Parameter
{},HAS_PARAMETER,PG_MATERIAL_B8DB229307,ParameterGroup,PARAM_MATERIAL_8C7F0DC406B8,Parameter
{},HAS_PARAMETER,PG_MATERIAL_B8DB229307,ParameterGroup,PARAM_MATERIAL_9181A80363C0,Parameter
{},HAS_PARAMETER,PG_MATERIAL_B8DB229307,ParameterGroup,PARAM_MATERIAL_92530574FDA0,Parameter
{},HAS_PARAMETER,PG_MATERIAL_B8DB229307,ParameterGroup,PARAM_MATERIAL_93314212C3CE,Parameter
{},HAS_PARAMETER,PG_MATERIAL_B8DB229307,ParameterGroup,PARAM_MATERIAL_94865A2B1101,Parameter
{},HAS_PARAMETER,PG_MATERIAL_B8DB229307,ParameterGroup,PARAM_MATERIAL_9BECEAFB1099,Parameter
{},HAS_PARAMETER,PG_MATERIAL_B8DB229307,ParameterGroup,PARAM_MATERIAL_9E17ADCAE764,Parameter
{},HAS_PARAMETER,PG_MATERIAL_B8DB229307,ParameterGroup,PARAM_MATERIAL_A29722F2A397,Parameter
{},HAS_PARAMETER,PG_MATERIAL_B8DB229307,ParameterGroup,PARAM_MATERIAL_A408AEA2BEF6,Parameter
{},HAS_PARAMETER,PG_MATERIAL_B8DB229307,ParameterGroup,PARAM_MATERIAL_AB4E996C4E63,Parameter
{},HAS_PARAMETER,PG_MATERIAL_B8DB229307,ParameterGroup,PARAM_MATERIAL_ADA465065FBF,Parameter
{},HAS_PARAMETER,PG_MATERIAL_B8DB229307,ParameterGroup,PARAM_MATERIAL_B58E02C82AD7,Parameter
{},HAS_PARAMETER,PG_MATERIAL_B8DB229307,ParameterGroup,PARAM_MATERIAL_B8DB2293075C,Parameter
{},HAS_PARAMETER,PG_MATERIAL_B8DB229307,ParameterGroup,PARAM_MATERIAL_BC0C6C7F422C,Parameter
{},HAS_PARAMETER,PG_MATERIAL_B8DB229307,ParameterGroup,PARAM_MATERIAL_BC6D04F37DF7,Parameter
{},HAS_PARAMETER,PG_MATERIAL_B8DB229307,ParameterGroup,PARAM_MATERIAL_BF5B982668C6,Parameter
{},HAS_PARAMETER,PG_MATERIAL_B8DB229307,ParameterGroup,PARAM_MATERIAL_C09AD669C3F1,Parameter
{},HAS_PARAMETER,PG_MATERIAL_B8DB229307,ParameterGroup,PARAM_MATERIAL_C1920EA23CDC,Parameter
{},HAS_PARAMETER,PG_MATERIAL_B8DB229307,ParameterGroup,PARAM_MATERIAL_C27E4674256C,Parameter
{},HAS_PARAMETER,PG_MATERIAL_B8DB229307,ParameterGroup,PARAM_MATERIAL_C368BDF0F4D3,Parameter
{},HAS_PARAMETER,PG_MATERIAL_B8DB229307,ParameterGroup,PARAM_MATERIAL_C4951775AB89,Parameter
{},HAS_PARAMETER,PG_MATERIAL_B8DB229307,ParameterGroup,PARAM_MATERIAL_CC69BB212DCC,Parameter
{},HAS_PARAMETER,PG_MATERIAL_B8DB229307,ParameterGroup,PARAM_MATERIAL_DC9CCFBCD895,Parameter
{},HAS_PARAMETER,PG_MATERIAL_B8DB229307,ParameterGroup,PARAM_MATERIAL_E23EB415A4C6,Parameter
{},HAS_PARAMETER,PG_MATERIAL_B8DB229307,ParameterGroup,PARAM_MATERIAL_E637482C3A8A,Parameter
{},HAS_PARAMETER,PG_MATERIAL_B8DB229307,ParameterGroup,PARAM_MATERIAL_E8DBAC2D78C8,Parameter
{},HAS_PARAMETER,PG_MATERIAL_B8DB229307,ParameterGroup,PARAM_MATERIAL_EF2AB43FF8D2,Parameter
{},HAS_PARAMETER,PG_MATERIAL_B8DB229307,ParameterGroup,PARAM_MATERIAL_F21662E698A3,Parameter
{},HAS_PARAMETER,PG_MATERIAL_B8DB229307,ParameterGroup,PARAM_MATERIAL_F2DC4263B061,Parameter
{},HAS_PARAMETER,PG_MATERIAL_B8DB229307,ParameterGroup,PARAM_MATERIAL_F48C029385DF,Parameter
{},HAS_PARAMETER,PG_PROCESS_10ADD585EB,ParameterGroup,PARAM_PROCESS_10ADD585EB43,Parameter
{},HAS_PARAMETER,PG_PROCESS_10ADD585EB,ParameterGroup,PARAM_PROCESS_6200948259C0,Parameter
{},HAS_PARAMETER,PG_PROCESS_254F13BD4B,ParameterGroup,PARAM_PROCESS_1215A4FF5205,Parameter
{},HAS_PARAMETER,PG_PROCESS_254F13BD4B,ParameterGroup,PARAM_PROCESS_122A0353791A,Parameter
{},HAS_PARAMETER,PG_PROCESS_254F13BD4B,ParameterGroup,PARAM_PROCESS_159E0F69ABD4,Parameter
{},HAS_PARAMETER,PG_PROCESS_254F13BD4B,ParameterGroup,PARAM_PROCESS_3732E264DFA9,Parameter
{},HAS_PARAMETER,PG_PROCESS_254F13BD4B,ParameterGroup,PARAM_PROCESS_498D53C036A0,Parameter
{},HAS_PARAMETER,PG_PROCESS_254F13BD4B,ParameterGroup,PARAM_PROCESS_49FCD918A8B0,Parameter
{},HAS_PARAMETER,PG_PROCESS_254F13BD4B,ParameterGroup,PARAM_PROCESS_621B67A7FF26,Parameter
{},HAS_PARAMETER,PG_PROCESS_254F13BD4B,ParameterGroup,PARAM_PROCESS_68D8696CEE5C,Parameter
{},HAS_PARAMETER,PG_PROCESS_254F13BD4B,ParameterGroup,PARAM_PROCESS_73DB127A5C56,Parameter
{},HAS_PARAMETER,PG_PROCESS_254F13BD4B,ParameterGroup,PARAM_PROCESS_76C6E87673AE,Parameter
{},HAS_PARAMETER,PG_PROCESS_254F13BD4B,ParameterGroup,PARAM_PROCESS_86E03DC8EFBB,Parameter
{},HAS_PARAMETER,PG_PROCESS_254F13BD4B,ParameterGroup,PARAM_PROCESS_8D419A415CDF,Parameter
{},HAS_PARAMETER,PG_PROCESS_254F13BD4B,ParameterGroup,PARAM_PROCESS_934984F21A30,Parameter
{},HAS_PARAMETER,PG_PROCESS_254F13BD4B,ParameterGroup,PARAM_PROCESS_B0C69B627344,Parameter
{},HAS_PARAMETER,PG_PROCESS_254F13BD4B,ParameterGroup,PARAM_PROCESS_B5A60712BDBC,Parameter
{},HAS_PARAMETER,PG_PROCESS_254F13BD4B,ParameterGroup,PARAM_PROCESS_ECE7AEB2F02C,Parameter
{},HAS_PARAMETER,PG_PROCESS_254F13BD4B,ParameterGroup,PARAM_PROCESS_F781AF9392F3,Parameter
{},HAS_PARAMETER,PG_PROCESS_254F13BD4B,ParameterGroup,PARAM_PROCESS_FC4401132349,Parameter
{},HAS_PARAMETER,PG_PROCESS_C9BC3E3C4A,ParameterGroup,PARAM_PROCESS_01CA57056F1F,Parameter
{},HAS_PARAMETER,PG_PROCESS_C9BC3E3C4A,ParameterGroup,PARAM_PROCESS_1CE5E8F95463,Parameter
{},HAS_PARAMETER,PG_PROCESS_C9BC3E3C4A,ParameterGroup,PARAM_PROCESS_254F13BD4BE0,Parameter
{},HAS_PARAMETER,PG_PROCESS_C9BC3E3C4A,ParameterGroup,PARAM_PROCESS_2A3BD3A5B811,Parameter
{},HAS_PARAMETER,PG_PROCESS_C9BC3E3C4A,ParameterGroup,PARAM_PROCESS_3D997546E90A,Parameter
{},HAS_PARAMETER,PG_PROCESS_C9BC3E3C4A,ParameterGroup,PARAM_PROCESS_7BB4257E7769,Parameter
{},HAS_PARAMETER,PG_PROCESS_C9BC3E3C4A,ParameterGroup,PARAM_PROCESS_9A2BD293863F,Parameter
{},HAS_PARAMETER,PG_PROCESS_C9BC3E3C4A,ParameterGroup,PARAM_PROCESS_BDCA85AEA7EB,Parameter
{},HAS_PARAMETER,PG_PROCESS_C9BC3E3C4A,ParameterGroup,PARAM_PROCESS_C9BC3E3C4A74,Parameter
{},HAS_PARAMETER,PG_PROCESS_C9BC3E3C4A,ParameterGroup,PARAM_PROCESS_D65E7BC3EF07,Parameter
{},HAS_PARAMETER,PG_PROCESS_C9BC3E3C4A,ParameterGroup,PARAM_PROCESS_DABC676680E2,Parameter
{},HAS_PARAMETER,PG_SAFETY_213D0E3400,ParameterGroup,PARAM_SAFETY_31CFAB49610F,Parameter
{},HAS_PARAMETER,PG_SAFETY_213D0E3400,ParameterGroup,PARAM_SAFETY_46CD25D6B2E0,Parameter
{},HAS_PARAMETER,PG_SAFETY_213D0E3400,ParameterGroup,PARAM_SAFETY_58FC70F02DD9,Parameter
{},HAS_PARAMETER,PG_SAFETY_213D0E3400,ParameterGroup,PARAM_SAFETY_5CADD377B08B,Parameter
{},HAS_PARAMETER,PG_SAFETY_213D0E3400,ParameterGroup,PARAM_SAFETY_61994FF4717F,Parameter
{},HAS_PARAMETER,PG_SAFETY_213D0E3400,ParameterGroup,PARAM_SAFETY_77ECCFEA0760,Parameter
{},HAS_PARAMETER,PG_SAFETY_213D0E3400,ParameterGroup,PARAM_SAFETY_91A716112B6A,Parameter
{},HAS_PARAMETER,PG_SAFETY_213D0E3400,ParameterGroup,PARAM_SAFETY_97E1BAE5DFDA,Parameter
{},HAS_PARAMETER,PG_SAFETY_213D0E3400,ParameterGroup,PARAM_SAFETY_B4AEA20B6361,Parameter
{},HAS_PARAMETER,PG_SAFETY_213D0E3400,ParameterGroup,PARAM_SAFETY_B7A8A978D6AC,Parameter
{},HAS_PARAMETER,PG_SAFETY_213D0E3400,ParameterGroup,PARAM_SAFETY_C9AE8405DB91,Parameter
{},HAS_PARAMETER,PG_SAFETY_213D0E3400,ParameterGroup,PARAM_SAFETY_D5B478F56B59,Parameter
{},HAS_PARAMETER,PG_SAFETY_213D0E3400,ParameterGroup,PARAM_SAFETY_D866700AC59D,Parameter
{},HAS_PARAMETER,PG_SAFETY_213D0E3400,ParameterGroup,PARAM_SAFETY_DA90C88D20CB,Parameter
{},HAS_PARAMETER,PG_SAFETY_213D0E3400,ParameterGroup,PARAM_SAFETY_DD81DA22BBE7,Parameter
{},HAS_PARAMETER,PG_SAFETY_54B89F9012,ParameterGroup,PARAM_SAFETY_022993406164,Parameter
{},HAS_PARAMETER,PG_SAFETY_54B89F9012,ParameterGroup,PARAM_SAFETY_03D0A9CD7BBF,Parameter
{},HAS_PARAMETER,PG_SAFETY_54B89F9012,ParameterGroup,PARAM_SAFETY_04B0DD3F318A,Parameter
{},HAS_PARAMETER,PG_SAFETY_54B89F9012,ParameterGroup,PARAM_SAFETY_076FB114FC0C,Parameter
{},HAS_PARAMETER,PG_SAFETY_54B89F9012,ParameterGroup,PARAM_SAFETY_0A0955A1B472,Parameter
{},HAS_PARAMETER,PG_SAFETY_54B89F9012,ParameterGroup,PARAM_SAFETY_0E14D148B46B,Parameter
{},HAS_PARAMETER,PG_SAFETY_54B89F9012,ParameterGroup,PARAM_SAFETY_10E82EC75F42,Parameter
{},HAS_PARAMETER,PG_SAFETY_54B89F9012,ParameterGroup,PARAM_SAFETY_1222A7C2E119,Parameter
{},HAS_PARAMETER,PG_SAFETY_54B89F9012,ParameterGroup,PARAM_SAFETY_136C6AAD5E95,Parameter
{},HAS_PARAMETER,PG_SAFETY_54B89F9012,ParameterGroup,PARAM_SAFETY_21CF249610BF,Parameter
{},HAS_PARAMETER,PG_SAFETY_54B89F9012,ParameterGroup,PARAM_SAFETY_22BE3811F927,Parameter
{},HAS_PARAMETER,PG_SAFETY_54B89F9012,ParameterGroup,PARAM_SAFETY_2B414D3557CA,Parameter
{},HAS_PARAMETER,PG_SAFETY_54B89F9012,ParameterGroup,PARAM_SAFETY_2B6A6FD0DA6B,Parameter
{},HAS_PARAMETER,PG_SAFETY_54B89F9012,ParameterGroup,PARAM_SAFETY_42C4CA149AAB,Parameter
{},HAS_PARAMETER,PG_SAFETY_54B89F9012,ParameterGroup,PARAM_SAFETY_4329A104D14B,Parameter
{},HAS_PARAMETER,PG_SAFETY_54B89F9012,ParameterGroup,PARAM_SAFETY_43CA3BC44214,Parameter
{},HAS_PARAMETER,PG_SAFETY_54B89F9012,ParameterGroup,PARAM_SAFETY_45294EB739F6,Parameter
{},HAS_PARAMETER,PG_SAFETY_54B89F9012,ParameterGroup,PARAM_SAFETY_471545D051ED,Parameter
{},HAS_PARAMETER,PG_SAFETY_54B89F9012,ParameterGroup,PARAM_SAFETY_4DD4DD0A2F93,Parameter
{},HAS_PARAMETER,PG_SAFETY_54B89F9012,ParameterGroup,PARAM_SAFETY_4F09B0347A97,Parameter
{},HAS_PARAMETER,PG_SAFETY_54B89F9012,ParameterGroup,PARAM_SAFETY_54B354A5313F,Parameter
{},HAS_PARAMETER,PG_SAFETY_54B89F9012,ParameterGroup,PARAM_SAFETY_576F5E7B280B,Parameter
{},HAS_PARAMETER,PG_SAFETY_54B89F9012,ParameterGroup,PARAM_SAFETY_5E95CEE5219F,Parameter
{},HAS_PARAMETER,PG_SAFETY_54B89F9012,ParameterGroup,PARAM_SAFETY_6334920E3D97,Parameter
{},HAS_PARAMETER,PG_SAFETY_54B89F9012,ParameterGroup,PARAM_SAFETY_6D24AA56BDDA,Parameter
{},HAS_PARAMETER,PG_SAFETY_54B89F9012,ParameterGroup,PARAM_SAFETY_7CE14FE69678,Parameter
{},HAS_PARAMETER,PG_SAFETY_54B89F9012,ParameterGroup,PARAM_SAFETY_7FE45C8C7B63,Parameter
{},HAS_PARAMETER,PG_SAFETY_54B89F9012,ParameterGroup,PARAM_SAFETY_847C3A1FFBB0,Parameter
{},HAS_PARAMETER,PG_SAFETY_54B89F9012,ParameterGroup,PARAM_SAFETY_8D4CB674F02C,Parameter
{},HAS_PARAMETER,PG_SAFETY_54B89F9012,ParameterGroup,PARAM_SAFETY_8F0A1EE70C71,Parameter
{},HAS_PARAMETER,PG_SAFETY_54B89F9012,ParameterGroup,PARAM_SAFETY_92465F7DA6ED,Parameter
{},HAS_PARAMETER,PG_SAFETY_54B89F9012,ParameterGroup,PARAM_SAFETY_9554A4EB10F5,Parameter
{},HAS_PARAMETER,PG_SAFETY_54B89F9012,ParameterGroup,PARAM_SAFETY_9C43C46E00B2,Parameter
{},HAS_PARAMETER,PG_SAFETY_54B89F9012,ParameterGroup,PARAM_SAFETY_9E17ADCAE764,Parameter
{},HAS_PARAMETER,PG_SAFETY_54B89F9012,ParameterGroup,PARAM_SAFETY_9FDE92485FE1,Parameter
{},HAS_PARAMETER,PG_SAFETY_54B89F9012,ParameterGroup,PARAM_SAFETY_A2055CE7A2D8,Parameter
{},HAS_PARAMETER,PG_SAFETY_54B89F9012,ParameterGroup,PARAM_SAFETY_A66E74D03572,Parameter
{},HAS_PARAMETER,PG_SAFETY_54B89F9012,ParameterGroup,PARAM_SAFETY_A7FEADD1A3E8,Parameter
{},HAS_PARAMETER,PG_SAFETY_54B89F9012,ParameterGroup,PARAM_SAFETY_AA3B791AEC7F,Parameter
{},HAS_PARAMETER,PG_SAFETY_54B89F9012,ParameterGroup,PARAM_SAFETY_AA57B745BBD5,Parameter
{},HAS_PARAMETER,PG_SAFETY_54B89F9012,ParameterGroup,PARAM_SAFETY_ADA465065FBF,Parameter
{},HAS_PARAMETER,PG_SAFETY_54B89F9012,ParameterGroup,PARAM_SAFETY_AF980F27F40F,Parameter
{},HAS_PARAMETER,PG_SAFETY_54B89F9012,ParameterGroup,PARAM_SAFETY_B1E210DEC360,Parameter
{},HAS_PARAMETER,PG_SAFETY_54B89F9012,ParameterGroup,PARAM_SAFETY_B2339B21CD84,Parameter
{},HAS_PARAMETER,PG_SAFETY_54B89F9012,ParameterGroup,PARAM_SAFETY_B2F2A282A5A3,Parameter
{},HAS_PARAMETER,PG_SAFETY_54B89F9012,ParameterGroup,PARAM_SAFETY_B5909BF062CE,Parameter
{},HAS_PARAMETER,PG_SAFETY_54B89F9012,ParameterGroup,PARAM_SAFETY_B63AD4D016EE,Parameter
{},HAS_PARAMETER,PG_SAFETY_54B89F9012,ParameterGroup,PARAM_SAFETY_B80331AA3903,Parameter
{},HAS_PARAMETER,PG_SAFETY_54B89F9012,ParameterGroup,PARAM_SAFETY_BCD76B676692,Parameter
{},HAS_PARAMETER,PG_SAFETY_54B89F9012,ParameterGroup,PARAM_SAFETY_C0CF94580690,Parameter
{},HAS_PARAMETER,PG_SAFETY_54B89F9012,ParameterGroup,PARAM_SAFETY_CA08197B7EEF,Parameter
{},HAS_PARAMETER,PG_SAFETY_54B89F9012,ParameterGroup,PARAM_SAFETY_CD7C50E5EADD,Parameter
{},HAS_PARAMETER,PG_SAFETY_54B89F9012,ParameterGroup,PARAM_SAFETY_D008DE8F3EF7,Parameter
{},HAS_PARAMETER,PG_SAFETY_54B89F9012,ParameterGroup,PARAM_SAFETY_D5832F3FA26C,Parameter
{},HAS_PARAMETER,PG_SAFETY_54B89F9012,ParameterGroup,PARAM_SAFETY_D69705327FB9,Parameter
{},HAS_PARAMETER,PG_SAFETY_54B89F9012,ParameterGroup,PARAM_SAFETY_D7628ABE754E,Parameter
{},HAS_PARAMETER,PG_SAFETY_54B89F9012,ParameterGroup,PARAM_SAFETY_D99FA73E6A53,Parameter
{},HAS_PARAMETER,PG_SAFETY_54B89F9012,ParameterGroup,PARAM_SAFETY_D9ACA67D525A,Parameter
{},HAS_PARAMETER,PG_SAFETY_54B89F9012,ParameterGroup,PARAM_SAFETY_DCE9A1D0EEFB,Parameter
{},HAS_PARAMETER,PG_SAFETY_54B89F9012,ParameterGroup,PARAM_SAFETY_E0F20BCC9CC1,Parameter
{},HAS_PARAMETER,PG_SAFETY_54B89F9012,ParameterGroup,PARAM_SAFETY_E7DA3C756BF1,Parameter
{},HAS_PARAMETER,PG_SAFETY_54B89F9012,ParameterGroup,PARAM_SAFETY_E887DDBC3F25,Parameter
{},HAS_PARAMETER,PG_SAFETY_54B89F9012,ParameterGroup,PARAM_SAFETY_F622B6DEF3FF,Parameter
{},HAS_PARAMETER,PG_SAFETY_54B89F9012,ParameterGroup,PARAM_SAFETY_FDE83D0EF727,Parameter
{},HAS_PARAMETER,PG_SAFETY_681B57E605,ParameterGroup,PARAM_SAFETY_38CDE868803C,Parameter
{},HAS_PARAMETER,PG_SAFETY_681B57E605,ParameterGroup,PARAM_SAFETY_5CF0AE523D26,Parameter
{},HAS_PARAMETER,PG_SAFETY_681B57E605,ParameterGroup,PARAM_SAFETY_6FB9F50DF91B,Parameter
{},HAS_PARAMETER,PG_SAFETY_681B57E605,ParameterGroup,PARAM_SAFETY_A29722F2A397,Parameter
{},HAS_PARAMETER,PG_SAFETY_681B57E605,ParameterGroup,PARAM_SAFETY_CC69BB212DCC,Parameter
{},HAS_PARAMETER,PG_SAFETY_681B57E605,ParameterGroup,PARAM_SAFETY_E5AA9AB748EF,Parameter
{},HAS_PARAMETER,PG_SAFETY_7BF29CE5FC,ParameterGroup,PARAM_SAFETY_01A6A5BD06DB,Parameter
{},HAS_PARAMETER,PG_SAFETY_7BF29CE5FC,ParameterGroup,PARAM_SAFETY_04A269C1AD90,Parameter
{},HAS_PARAMETER,PG_SAFETY_7BF29CE5FC,ParameterGroup,PARAM_SAFETY_1A68CCB0C9D3,Parameter
{},HAS_PARAMETER,PG_SAFETY_7BF29CE5FC,ParameterGroup,PARAM_SAFETY_37B8FF502561,Parameter
{},HAS_PARAMETER,PG_SAFETY_7BF29CE5FC,ParameterGroup,PARAM_SAFETY_4013395446A9,Parameter
{},HAS_PARAMETER,PG_SAFETY_7BF29CE5FC,ParameterGroup,PARAM_SAFETY_6C95E13B9D69,Parameter
{},HAS_PARAMETER,PG_SAFETY_7BF29CE5FC,ParameterGroup,PARAM_SAFETY_7789BD5D08B0,Parameter
{},HAS_PARAMETER,PG_SAFETY_7BF29CE5FC,ParameterGroup,PARAM_SAFETY_7B6CC73EA3CD,Parameter
{},HAS_PARAMETER,PG_SAFETY_7BF29CE5FC,ParameterGroup,PARAM_SAFETY_7C063A361027,Parameter
{},HAS_PARAMETER,PG_SAFETY_7BF29CE5FC,ParameterGroup,PARAM_SAFETY_8941AD704A11,Parameter
{},HAS_PARAMETER,PG_SAFETY_7BF29CE5FC,ParameterGroup,PARAM_SAFETY_8C31837822DD,Parameter
{},HAS_PARAMETER,PG_SAFETY_7BF29CE5FC,ParameterGroup,PARAM_SAFETY_A22C498231CE,Parameter
{},HAS_PARAMETER,PG_SAFETY_7BF29CE5FC,ParameterGroup,PARAM_SAFETY_AB2AFA02760B,Parameter
{},HAS_PARAMETER,PG_SAFETY_7BF29CE5FC,ParameterGroup,PARAM_SAFETY_B94454FF57B8,Parameter
{},HAS_PARAMETER,PG_SAFETY_7BF29CE5FC,ParameterGroup,PARAM_SAFETY_BA2C05294357,Parameter
{},HAS_PARAMETER,PG_SAFETY_7BF29CE5FC,ParameterGroup,PARAM_SAFETY_C7726003FCDE,Parameter
{},HAS_PARAMETER,PG_SAFETY_7BF29CE5FC,ParameterGroup,PARAM_SAFETY_D7F4AA34C661,Parameter
{},HAS_PARAMETER,PG_SAFETY_7BF29CE5FC,ParameterGroup,PARAM_SAFETY_DF53DF98AE22,Parameter
{},HAS_PARAMETER,PG_SAFETY_7BF29CE5FC,ParameterGroup,PARAM_SAFETY_F287BE76488E,Parameter
{},HAS_PARAMETER,PG_SAFETY_7BF29CE5FC,ParameterGroup,PARAM_SAFETY_F8AE10732E4B,Parameter
{},HAS_PARAMETER,PG_SAFETY_7BF29CE5FC,ParameterGroup,PARAM_SAFETY_F92CFE769538,Parameter
{},HAS_PARAMETER,PG_SAFETY_BFEB1337BC,ParameterGroup,PARAM_SAFETY_0ADF891B74AE,Parameter
{},HAS_PARAMETER,PG_SAFETY_BFEB1337BC,ParameterGroup,PARAM_SAFETY_490B8FE1BF2E,Parameter
{},HAS_PARAMETER,PG_SAFETY_BFEB1337BC,ParameterGroup,PARAM_SAFETY_B48F2863D44C,Parameter
{},HAS_PARAMETER,PG_SAFETY_BFEB1337BC,ParameterGroup,PARAM_SAFETY_E28419351F52,Parameter
{},HAS_PARAMETER,PG_SAFETY_BFEB1337BC,ParameterGroup,PARAM_SAFETY_EE7BCF5C01D3,Parameter
{},HAS_PARAMETER,PG_SAFETY_BFEB1337BC,ParameterGroup,PARAM_SAFETY_F562580AB31E,Parameter
{},HAS_PARAMETER,PG_SAFETY_DBCF776871,ParameterGroup,PARAM_SAFETY_036760451697,Parameter
{},HAS_PARAMETER,PG_SAFETY_DBCF776871,ParameterGroup,PARAM_SAFETY_04C8A9C6BCF8,Parameter
{},HAS_PARAMETER,PG_SAFETY_DBCF776871,ParameterGroup,PARAM_SAFETY_124A82DC1B51,Parameter
{},HAS_PARAMETER,PG_SAFETY_DBCF776871,ParameterGroup,PARAM_SAFETY_12EF8D0466CB,Parameter
{},HAS_PARAMETER,PG_SAFETY_DBCF776871,ParameterGroup,PARAM_SAFETY_19B59EA1C50E,Parameter
{},HAS_PARAMETER,PG_SAFETY_DBCF776871,ParameterGroup,PARAM_SAFETY_1A613500C193,Parameter
{},HAS_PARAMETER,PG_SAFETY_DBCF776871,ParameterGroup,PARAM_SAFETY_1AADD9D3B79A,Parameter
{},HAS_PARAMETER,PG_SAFETY_DBCF776871,ParameterGroup,PARAM_SAFETY_4023957F0531,Parameter
{},HAS_PARAMETER,PG_SAFETY_DBCF776871,ParameterGroup,PARAM_SAFETY_4D6501C36F01,Parameter
{},HAS_PARAMETER,PG_SAFETY_DBCF776871,ParameterGroup,PARAM_SAFETY_4FACE967BBC2,Parameter
{},HAS_PARAMETER,PG_SAFETY_DBCF776871,ParameterGroup,PARAM_SAFETY_5DB5CEF76925,Parameter
{},HAS_PARAMETER,PG_SAFETY_DBCF776871,ParameterGroup,PARAM_SAFETY_6A882AE4A452,Parameter
{},HAS_PARAMETER,PG_SAFETY_DBCF776871,ParameterGroup,PARAM_SAFETY_8CFAE5DBEA65,Parameter
{},HAS_PARAMETER,PG_SAFETY_DBCF776871,ParameterGroup,PARAM_SAFETY_9B937C5090BB,Parameter
{},HAS_PARAMETER,PG_SAFETY_DBCF776871,ParameterGroup,PARAM_SAFETY_9DD1A7A6E30D,Parameter
{},HAS_PARAMETER,PG_SAFETY_DBCF776871,ParameterGroup,PARAM_SAFETY_A86E244E2838,Parameter
{},HAS_PARAMETER,PG_SAFETY_DBCF776871,ParameterGroup,PARAM_SAFETY_A8C7C40EB066,Parameter
{},HAS_PARAMETER,PG_SAFETY_DBCF776871,ParameterGroup,PARAM_SAFETY_AA2CF02A84AC,Parameter
{},HAS_PARAMETER,PG_SAFETY_DBCF776871,ParameterGroup,PARAM_SAFETY_FB97DE5B5E76,Parameter
{},HAS_PARAMETER,PG_SAFETY_DBCF776871,ParameterGroup,PARAM_SAFETY_FD834924487A,Parameter
{},BELONGS_TO,REL_03BD36B429FD7290,LogicRelation,PAIR_MATERIAL_SAFETY,RelationGroup
{},BELONGS_TO,REL_04CA376B379A0B47,LogicRelation,PAIR_SAFETY_SAFETY,RelationGroup
{},BELONGS_TO,REL_04F51FFB5DF2E01D,LogicRelation,PAIR_SAFETY_SAFETY,RelationGroup
{},BELONGS_TO,REL_0774261E98310D15,LogicRelation,PAIR_SAFETY_SAFETY,RelationGroup
{},BELONGS_TO,REL_077669737E839211,LogicRelation,PAIR_MATERIAL_SAFETY,RelationGroup
{},BELONGS_TO,REL_08B000A4DB553635,LogicRelation,PAIR_MATERIAL_SAFETY,RelationGroup
{},BELONGS_TO,REL_08D99DBF5C35BC25,LogicRelation,PAIR_MATERIAL_SAFETY,RelationGroup
{},BELONGS_TO,REL_0A934577B23BDA79,LogicRelation,PAIR_SAFETY_SAFETY,RelationGroup
{},BELONGS_TO,REL_0B7D1928AD8EF662,LogicRelation,PAIR_MATERIAL_SAFETY,RelationGroup
{},BELONGS_TO,REL_114DD6A25E1D36D9,LogicRelation,PAIR_SAFETY_SAFETY,RelationGroup
{},BELONGS_TO,REL_1284BFCBC319A222,LogicRelation,PAIR_SAFETY_SAFETY,RelationGroup
{},BELONGS_TO,REL_13F3A66E5CB22989,LogicRelation,PAIR_SAFETY_SAFETY,RelationGroup
{},BELONGS_TO,REL_1453870157D50981,LogicRelation,PAIR_SAFETY_SAFETY,RelationGroup
{},BELONGS_TO,REL_192FE8AF3F9CC895,LogicRelation,PAIR_SAFETY_SAFETY,RelationGroup
{},BELONGS_TO,REL_1A52E880C1800F98,LogicRelation,PAIR_MATERIAL_SAFETY,RelationGroup
{},BELONGS_TO,REL_1B563065F6469981,LogicRelation,PAIR_MATERIAL_SAFETY,RelationGroup
{},BELONGS_TO,REL_1F2A028D562AF131,LogicRelation,PAIR_SAFETY_SAFETY,RelationGroup
{},BELONGS_TO,REL_1F57F12493AD6015,LogicRelation,PAIR_SAFETY_SAFETY,RelationGroup
{},BELONGS_TO,REL_1F8ADC9D56E0B980,LogicRelation,PAIR_SAFETY_SAFETY,RelationGroup
{},BELONGS_TO,REL_218A1C626F17E321,LogicRelation,PAIR_MATERIAL_SAFETY,RelationGroup
{},BELONGS_TO,REL_2504482BF3A26A66,LogicRelation,PAIR_MATERIAL_SAFETY,RelationGroup
{},BELONGS_TO,REL_253A475E0FD5A2EB,LogicRelation,PAIR_MATERIAL_SAFETY,RelationGroup
{},BELONGS_TO,REL_272D41A91C08699E,LogicRelation,PAIR_MATERIAL_SAFETY,RelationGroup
{},BELONGS_TO,REL_273FB191F058BFD4,LogicRelation,PAIR_MATERIAL_SAFETY,RelationGroup
{},BELONGS_TO,REL_27E9793A695F4AAD,LogicRelation,PAIR_SAFETY_SAFETY,RelationGroup
{},BELONGS_TO,REL_29A75AC60319F168,LogicRelation,PAIR_SAFETY_SAFETY,RelationGroup
{},BELONGS_TO,REL_2B220303CCAA1348,LogicRelation,PAIR_MATERIAL_SAFETY,RelationGroup
{},BELONGS_TO,REL_2BAA8E0E1BDF9D78,LogicRelation,PAIR_MATERIAL_SAFETY,RelationGroup
{},BELONGS_TO,REL_2EB58579E5E57726,LogicRelation,PAIR_SAFETY_SAFETY,RelationGroup
{},BELONGS_TO,REL_3126C09F43F95473,LogicRelation,PAIR_MATERIAL_SAFETY,RelationGroup
{},BELONGS_TO,REL_332808E723F5CDFF,LogicRelation,PAIR_SAFETY_SAFETY,RelationGroup
{},BELONGS_TO,REL_34242B5C75A1036E,LogicRelation,PAIR_MATERIAL_SAFETY,RelationGroup
{},BELONGS_TO,REL_3A6DF813EE9D5F19,LogicRelation,PAIR_SAFETY_SAFETY,RelationGroup
{},BELONGS_TO,REL_3A936AD2624F9A4C,LogicRelation,PAIR_MATERIAL_SAFETY,RelationGroup
{},BELONGS_TO,REL_3B9485FF76506F1D,LogicRelation,PAIR_SAFETY_SAFETY,RelationGroup
{},BELONGS_TO,REL_4135A871135F4E70,LogicRelation,PAIR_MATERIAL_SAFETY,RelationGroup
{},BELONGS_TO,REL_45249E086828C82D,LogicRelation,PAIR_MATERIAL_SAFETY,RelationGroup
{},BELONGS_TO,REL_45615A1C49A24488,LogicRelation,PAIR_SAFETY_SAFETY,RelationGroup
{},BELONGS_TO,REL_45A91F0BB25C6160,LogicRelation,PAIR_SAFETY_SAFETY,RelationGroup
{},BELONGS_TO,REL_46024B6E4A2A0EB8,LogicRelation,PAIR_MATERIAL_SAFETY,RelationGroup
{},BELONGS_TO,REL_48A168A6860335A1,LogicRelation,PAIR_MATERIAL_SAFETY,RelationGroup
{},BELONGS_TO,REL_4AEEAC0BCBD28601,LogicRelation,PAIR_MATERIAL_SAFETY,RelationGroup
{},BELONGS_TO,REL_4D2AADE58AA2EBAB,LogicRelation,PAIR_SAFETY_SAFETY,RelationGroup
{},BELONGS_TO,REL_4E8E6902EAD3D84B,LogicRelation,PAIR_SAFETY_SAFETY,RelationGroup
{},BELONGS_TO,REL_51912468A46793AA,LogicRelation,PAIR_SAFETY_SAFETY,RelationGroup
{},BELONGS_TO,REL_53675E843D12FE93,LogicRelation,PAIR_SAFETY_SAFETY,RelationGroup
{},BELONGS_TO,REL_539E9EADC5A98D69,LogicRelation,PAIR_MATERIAL_SAFETY,RelationGroup
{},BELONGS_TO,REL_570E7F963BD82326,LogicRelation,PAIR_SAFETY_SAFETY,RelationGroup
{},BELONGS_TO,REL_5732E7332FED0B2A,LogicRelation,PAIR_MATERIAL_SAFETY,RelationGroup
{},BELONGS_TO,REL_5743BF4C67E4CEF8,LogicRelation,PAIR_MATERIAL_SAFETY,RelationGroup
{},BELONGS_TO,REL_593B26F0A6E9A6B2,LogicRelation,PAIR_SAFETY_SAFETY,RelationGroup
{},BELONGS_TO,REL_5AFCE65B8AA20745,LogicRelation,PAIR_SAFETY_SAFETY,RelationGroup
{},BELONGS_TO,REL_5C6DE149E4796411,LogicRelation,PAIR_MATERIAL_SAFETY,RelationGroup
{},BELONGS_TO,REL_6408B161E2CB7826,LogicRelation,PAIR_MATERIAL_SAFETY,RelationGroup
{},BELONGS_TO,REL_64739E127BD0604B,LogicRelation,PAIR_MATERIAL_SAFETY,RelationGroup
{},BELONGS_TO,REL_65F1E2887C792FF7,LogicRelation,PAIR_MATERIAL_SAFETY,RelationGroup
{},BELONGS_TO,REL_684DA491ECBF3BDA,LogicRelation,PAIR_MATERIAL_SAFETY,RelationGroup
{},BELONGS_TO,REL_68A2B6669209E298,LogicRelation,PAIR_SAFETY_SAFETY,RelationGroup
{},BELONGS_TO,REL_68DE43794000EFC5,LogicRelation,PAIR_SAFETY_SAFETY,RelationGroup
{},BELONGS_TO,REL_6B676169607DA3BE,LogicRelation,PAIR_SAFETY_SAFETY,RelationGroup
{},BELONGS_TO,REL_6C47E4128B77B0D1,LogicRelation,PAIR_MATERIAL_SAFETY,RelationGroup
{},BELONGS_TO,REL_6D8B484371C1EE1C,LogicRelation,PAIR_SAFETY_SAFETY,RelationGroup
{},BELONGS_TO,REL_6E8A2EF90C8C1062,LogicRelation,PAIR_SAFETY_SAFETY,RelationGroup
{},BELONGS_TO,REL_71CBA2A9B7846EA6,LogicRelation,PAIR_MATERIAL_SAFETY,RelationGroup
{},BELONGS_TO,REL_790FD9939C4BF92A,LogicRelation,PAIR_SAFETY_SAFETY,RelationGroup
{},BELONGS_TO,REL_7921974CA0DD755D,LogicRelation,PAIR_SAFETY_SAFETY,RelationGroup
{},BELONGS_TO,REL_795723E1DF82373F,LogicRelation,PAIR_SAFETY_SAFETY,RelationGroup
{},BELONGS_TO,REL_7995F4FDE758479E,LogicRelation,PAIR_MATERIAL_SAFETY,RelationGroup
{},BELONGS_TO,REL_7BA03CFA2F835974,LogicRelation,PAIR_MATERIAL_SAFETY,RelationGroup
{},BELONGS_TO,REL_8135E3BF39F39AFA,LogicRelation,PAIR_MATERIAL_SAFETY,RelationGroup
{},BELONGS_TO,REL_8284B1DA27349BF0,LogicRelation,PAIR_SAFETY_SAFETY,RelationGroup
{},BELONGS_TO,REL_83412B34BBB58A4B,LogicRelation,PAIR_MATERIAL_SAFETY,RelationGroup
{},BELONGS_TO,REL_84048ECD7876767D,LogicRelation,PAIR_MATERIAL_SAFETY,RelationGroup
{},BELONGS_TO,REL_846016D2F633C844,LogicRelation,PAIR_MATERIAL_SAFETY,RelationGroup
{},BELONGS_TO,REL_862B70465B84FAA7,LogicRelation,PAIR_SAFETY_SAFETY,RelationGroup
{},BELONGS_TO,REL_89CF14455D512922,LogicRelation,PAIR_MATERIAL_SAFETY,RelationGroup
{},BELONGS_TO,REL_8D3E265D46426F35,LogicRelation,PAIR_SAFETY_SAFETY,RelationGroup
{},BELONGS_TO,REL_8E2F4DA0B40CAC9A,LogicRelation,PAIR_MATERIAL_SAFETY,RelationGroup
{},BELONGS_TO,REL_9067A07B1AA15B81,LogicRelation,PAIR_MATERIAL_SAFETY,RelationGroup
{},BELONGS_TO,REL_91007ECA4C56C8E0,LogicRelation,PAIR_SAFETY_SAFETY,RelationGroup
{},BELONGS_TO,REL_96E9DFA09639814D,LogicRelation,PAIR_MATERIAL_SAFETY,RelationGroup
{},BELONGS_TO,REL_96E9F03C0C74901F,LogicRelation,PAIR_MATERIAL_SAFETY,RelationGroup
{},BELONGS_TO,REL_97971D9FA562E944,LogicRelation,PAIR_SAFETY_SAFETY,RelationGroup
{},BELONGS_TO,REL_9FC33742C7FC581A,LogicRelation,PAIR_MATERIAL_SAFETY,RelationGroup
{},BELONGS_TO,REL_A0443976BED5EF2B,LogicRelation,PAIR_MATERIAL_SAFETY,RelationGroup
{},BELONGS_TO,REL_A14751D815A369EC,LogicRelation,PAIR_SAFETY_SAFETY,RelationGroup
{},BELONGS_TO,REL_A16C81D9BF7DE34A,LogicRelation,PAIR_SAFETY_SAFETY,RelationGroup
{},BELONGS_TO,REL_A504C3E7440F3B0D,LogicRelation,PAIR_SAFETY_SAFETY,RelationGroup
{},BELONGS_TO,REL_A9EDA2AEB732A8F4,LogicRelation,PAIR_MATERIAL_SAFETY,RelationGroup
{},BELONGS_TO,REL_AC218D41DDDC1F8D,LogicRelation,PAIR_SAFETY_SAFETY,RelationGroup
{},BELONGS_TO,REL_AC62B94958FDF501,LogicRelation,PAIR_MATERIAL_SAFETY,RelationGroup
{},BELONGS_TO,REL_AC747D7486D25AF3,LogicRelation,PAIR_SAFETY_SAFETY,RelationGroup
{},BELONGS_TO,REL_AE53489D6F75EB95,LogicRelation,PAIR_SAFETY_SAFETY,RelationGroup
{},BELONGS_TO,REL_B2517FA916E7AE45,LogicRelation,PAIR_MATERIAL_SAFETY,RelationGroup
{},BELONGS_TO,REL_B3A43047CC9D8793,LogicRelation,PAIR_MATERIAL_SAFETY,RelationGroup
{},BELONGS_TO,REL_B60D0C4F922D68CC,LogicRelation,PAIR_SAFETY_SAFETY,RelationGroup
{},BELONGS_TO,REL_BB4383371A111323,LogicRelation,PAIR_MATERIAL_SAFETY,RelationGroup
{},BELONGS_TO,REL_BC5E8165561D9E58,LogicRelation,PAIR_MATERIAL_SAFETY,RelationGroup
{},BELONGS_TO,REL_BC770EA6E4118504,LogicRelation,PAIR_MATERIAL_SAFETY,RelationGroup
{},BELONGS_TO,REL_BCB6FA627D141CEC,LogicRelation,PAIR_MATERIAL_SAFETY,RelationGroup
{},BELONGS_TO,REL_BEF9B4C7A1FB4C87,LogicRelation,PAIR_MATERIAL_SAFETY,RelationGroup
{},BELONGS_TO,REL_C03069759FBC8308,LogicRelation,PAIR_SAFETY_SAFETY,RelationGroup
{},BELONGS_TO,REL_C111960B85AEBD53,LogicRelation,PAIR_MATERIAL_SAFETY,RelationGroup
{},BELONGS_TO,REL_C591F966414F06D1,LogicRelation,PAIR_SAFETY_SAFETY,RelationGroup
{},BELONGS_TO,REL_C6805AD5B4D47AF2,LogicRelation,PAIR_SAFETY_SAFETY,RelationGroup
{},BELONGS_TO,REL_C6CACDB4EB3BC23F,LogicRelation,PAIR_MATERIAL_SAFETY,RelationGroup
{},BELONGS_TO,REL_C795F63865210101,LogicRelation,PAIR_SAFETY_SAFETY,RelationGroup
{},BELONGS_TO,REL_C7AF2C7A9A8AAA77,LogicRelation,PAIR_MATERIAL_SAFETY,RelationGroup
{},BELONGS_TO,REL_CA55D15A9FD532A6,LogicRelation,PAIR_MATERIAL_SAFETY,RelationGroup
{},BELONGS_TO,REL_CB0FFB85926ADF41,LogicRelation,PAIR_MATERIAL_SAFETY,RelationGroup
{},BELONGS_TO,REL_CC7DAD9F016209BF,LogicRelation,PAIR_SAFETY_SAFETY,RelationGroup
{},BELONGS_TO,REL_D12734D511F4DB38,LogicRelation,PAIR_SAFETY_SAFETY,RelationGroup
{},BELONGS_TO,REL_D33F0D8F261B72CF,LogicRelation,PAIR_SAFETY_SAFETY,RelationGroup
{},BELONGS_TO,REL_D751EB9C0DC00162,LogicRelation,PAIR_MATERIAL_SAFETY,RelationGroup
{},BELONGS_TO,REL_D809A140ED787175,LogicRelation,PAIR_SAFETY_SAFETY,RelationGroup
{},BELONGS_TO,REL_D8F0CF0ADD3B52A2,LogicRelation,PAIR_MATERIAL_SAFETY,RelationGroup
{},BELONGS_TO,REL_DCADD8AAE431FC0D,LogicRelation,PAIR_MATERIAL_SAFETY,RelationGroup
{},BELONGS_TO,REL_DD78589F7A655C50,LogicRelation,PAIR_MATERIAL_SAFETY,RelationGroup
{},BELONGS_TO,REL_DD92A15457345B24,LogicRelation,PAIR_MATERIAL_SAFETY,RelationGroup
{},BELONGS_TO,REL_E076B85C5FA30483,LogicRelation,PAIR_MATERIAL_SAFETY,RelationGroup
{},BELONGS_TO,REL_E1D254CAA156FF95,LogicRelation,PAIR_SAFETY_SAFETY,RelationGroup
{},BELONGS_TO,REL_E230E1641CD9CD50,LogicRelation,PAIR_MATERIAL_SAFETY,RelationGroup
{},BELONGS_TO,REL_E3EBEADF02F8A19B,LogicRelation,PAIR_SAFETY_SAFETY,RelationGroup
{},BELONGS_TO,REL_E41EEC087B50F88E,LogicRelation,PAIR_SAFETY_SAFETY,RelationGroup
{},BELONGS_TO,REL_E539CC58475BCD17,LogicRelation,PAIR_MATERIAL_SAFETY,RelationGroup
{},BELONGS_TO,REL_EA5BC0BCA8319A36,LogicRelation,PAIR_SAFETY_SAFETY,RelationGroup
{},BELONGS_TO,REL_EEC76F4C5989088B,LogicRelation,PAIR_MATERIAL_SAFETY,RelationGroup
{},BELONGS_TO,REL_EF23DE99871F3600,LogicRelation,PAIR_MATERIAL_SAFETY,RelationGroup
{},BELONGS_TO,REL_F1C5FCC8B3BA0003,LogicRelation,PAIR_MATERIAL_SAFETY,RelationGroup
{},BELONGS_TO,REL_F57FE5F67901D9CA,LogicRelation,PAIR_SAFETY_SAFETY,RelationGroup
{},BELONGS_TO,REL_F5F45D88EF9D4F87,LogicRelation,PAIR_SAFETY_SAFETY,RelationGroup
{},BELONGS_TO,REL_F9C4257D1190219D,LogicRelation,PAIR_SAFETY_SAFETY,RelationGroup
{},BELONGS_TO,REL_FAFF39A32B9B71AC,LogicRelation,PAIR_MATERIAL_SAFETY,RelationGroup
{},BELONGS_TO,REL_FD0E6615669A174D,LogicRelation,PAIR_MATERIAL_SAFETY,RelationGroup
{},USES_VARIABLE,SAFETY_FORMULA_2_11_001,Formula,SAFETY_VAR_SAFETY_FORMULA_2_11_001,FormulaVariable
{},USES_VARIABLE,SAFETY_FORMULA_2_11_001,Formula,SAFETY_VAR_SAFETY_FORMULA_2_11_001_QTNT,FormulaVariable
{},USES_VARIABLE,SAFETY_FORMULA_2_11_001,Formula,SAFETY_VAR_SAFETY_FORMULA_2_11_001_e,FormulaVariable
{},USES_VARIABLE,SAFETY_FORMULA_2_11_001,Formula,SAFETY_VAR_SAFETY_FORMULA_2_11_001_其中,FormulaVariable
{},USES_VARIABLE,SAFETY_FORMULA_2_11_004,Formula,SAFETY_VAR_SAFETY_FORMULA_2_11_004,FormulaVariable
{},USES_VARIABLE,SAFETY_FORMULA_2_11_004,Formula,SAFETY_VAR_SAFETY_FORMULA_2_11_004_QTNT,FormulaVariable
{},USES_VARIABLE,SAFETY_FORMULA_2_11_004,Formula,SAFETY_VAR_SAFETY_FORMULA_2_11_004_e,FormulaVariable
{},USES_VARIABLE,SAFETY_FORMULA_2_11_004,Formula,SAFETY_VAR_SAFETY_FORMULA_2_11_004_其中,FormulaVariable
{},USES_VARIABLE,SAFETY_FORMULA_2_11_008,Formula,SAFETY_VAR_SAFETY_FORMULA_2_11_008,FormulaVariable
{},USES_VARIABLE,SAFETY_FORMULA_2_11_008,Formula,SAFETY_VAR_SAFETY_FORMULA_2_11_008_QTNT,FormulaVariable
{},USES_VARIABLE,SAFETY_FORMULA_2_11_008,Formula,SAFETY_VAR_SAFETY_FORMULA_2_11_008_S,FormulaVariable
{},USES_VARIABLE,SAFETY_FORMULA_2_11_008,Formula,SAFETY_VAR_SAFETY_FORMULA_2_11_008_e,FormulaVariable
{},USES_VARIABLE,SAFETY_FORMULA_2_11_008,Formula,SAFETY_VAR_SAFETY_FORMULA_2_11_008_r,FormulaVariable
{},USES_VARIABLE,SAFETY_FORMULA_2_11_008,Formula,SAFETY_VAR_SAFETY_FORMULA_2_11_008_其中,FormulaVariable
{},USES_VARIABLE,SAFETY_FORMULA_2_11_011,Formula,SAFETY_VAR_SAFETY_FORMULA_2_11_011,FormulaVariable
{},USES_VARIABLE,SAFETY_FORMULA_2_11_011,Formula,SAFETY_VAR_SAFETY_FORMULA_2_11_011_QTNT,FormulaVariable
{},USES_VARIABLE,SAFETY_FORMULA_2_11_011,Formula,SAFETY_VAR_SAFETY_FORMULA_2_11_011_e,FormulaVariable
{},USES_VARIABLE,SAFETY_FORMULA_2_11_011,Formula,SAFETY_VAR_SAFETY_FORMULA_2_11_011_p0,FormulaVariable
{},USES_VARIABLE,SAFETY_FORMULA_2_11_011,Formula,SAFETY_VAR_SAFETY_FORMULA_2_11_011_p01,FormulaVariable
{},USES_VARIABLE,SAFETY_FORMULA_2_11_011,Formula,SAFETY_VAR_SAFETY_FORMULA_2_11_011_其中,FormulaVariable
{},USES_VARIABLE,SAFETY_FORMULA_2_11_014,Formula,SAFETY_VAR_SAFETY_FORMULA_2_11_014,FormulaVariable
{},USES_VARIABLE,SAFETY_FORMULA_2_11_014,Formula,SAFETY_VAR_SAFETY_FORMULA_2_11_014_L,FormulaVariable
{},USES_VARIABLE,SAFETY_FORMULA_2_11_014,Formula,SAFETY_VAR_SAFETY_FORMULA_2_11_014_QTNT,FormulaVariable
{},USES_VARIABLE,SAFETY_FORMULA_2_11_014,Formula,SAFETY_VAR_SAFETY_FORMULA_2_11_014_e,FormulaVariable
{},USES_VARIABLE,SAFETY_FORMULA_2_11_014,Formula,SAFETY_VAR_SAFETY_FORMULA_2_11_014_r,FormulaVariable
{},USES_VARIABLE,SAFETY_FORMULA_2_11_014,Formula,SAFETY_VAR_SAFETY_FORMULA_2_11_014_其中,FormulaVariable
{},USES_VARIABLE,SAFETY_FORMULA_2_11_018,Formula,SAFETY_VAR_SAFETY_FORMULA_2_11_018,FormulaVariable
{},USES_VARIABLE,SAFETY_FORMULA_2_11_018,Formula,SAFETY_VAR_SAFETY_FORMULA_2_11_018_M,FormulaVariable
{},USES_VARIABLE,SAFETY_FORMULA_2_11_018,Formula,SAFETY_VAR_SAFETY_FORMULA_2_11_018_r0,FormulaVariable
{},USES_VARIABLE,SAFETY_FORMULA_2_11_018,Formula,SAFETY_VAR_SAFETY_FORMULA_2_11_018_其中,FormulaVariable
{},USES_VARIABLE,SAFETY_FORMULA_2_11_021,Formula,SAFETY_VAR_SAFETY_FORMULA_2_11_021_Qv,FormulaVariable
{},USES_VARIABLE,SAFETY_FORMULA_2_11_021,Formula,SAFETY_VAR_SAFETY_FORMULA_2_11_021_u0,FormulaVariable
{},USES_VARIABLE,SAFETY_FORMULA_2_11_021,Formula,SAFETY_VAR_SAFETY_FORMULA_2_11_021_其中,FormulaVariable
{},USES_VARIABLE,SAFETY_FORMULA_2_12_001,Formula,SAFETY_VAR_SAFETY_FORMULA_2_12_001,FormulaVariable
{},USES_VARIABLE,SAFETY_FORMULA_2_12_001,Formula,SAFETY_VAR_SAFETY_FORMULA_2_12_001_HE,FormulaVariable
{},USES_VARIABLE,SAFETY_FORMULA_2_12_001,Formula,SAFETY_VAR_SAFETY_FORMULA_2_12_001_PTNT,FormulaVariable
{},USES_VARIABLE,SAFETY_FORMULA_2_12_001,Formula,SAFETY_VAR_SAFETY_FORMULA_2_12_001_TNT,FormulaVariable
{},USES_VARIABLE,SAFETY_FORMULA_2_12_001,Formula,SAFETY_VAR_SAFETY_FORMULA_2_12_001_其中,FormulaVariable
{},USES_VARIABLE,SAFETY_FORMULA_2_13_001,Formula,SAFETY_VAR_SAFETY_FORMULA_2_13_001_逻辑关联形式,FormulaVariable
{},USES_VARIABLE,SAFETY_FORMULA_2_13_004,Formula,SAFETY_VAR_SAFETY_FORMULA_2_13_004_D,FormulaVariable
{},USES_VARIABLE,SAFETY_FORMULA_2_13_004,Formula,SAFETY_VAR_SAFETY_FORMULA_2_13_004_E,FormulaVariable
{},USES_VARIABLE,SAFETY_FORMULA_2_13_008,Formula,SAFETY_VAR_SAFETY_FORMULA_2_13_008_D,FormulaVariable
{},USES_VARIABLE,SAFETY_FORMULA_2_13_008,Formula,SAFETY_VAR_SAFETY_FORMULA_2_13_008_E,FormulaVariable
{},USES_VARIABLE,SAFETY_FORMULA_2_14_001,Formula,SAFETY_VAR_SAFETY_FORMULA_2_14_001_逻辑关联形式,FormulaVariable
{},USES_VARIABLE,SAFETY_FORMULA_2_14_008,Formula,SAFETY_VAR_SAFETY_FORMULA_2_14_008,FormulaVariable
{},USES_VARIABLE,SAFETY_FORMULA_2_14_008,Formula,SAFETY_VAR_SAFETY_FORMULA_2_14_008_M,FormulaVariable
{},USES_VARIABLE,SAFETY_FORMULA_2_14_008,Formula,SAFETY_VAR_SAFETY_FORMULA_2_14_008_N,FormulaVariable
{},USES_VARIABLE,SAFETY_FORMULA_2_14_008,Formula,SAFETY_VAR_SAFETY_FORMULA_2_14_008_Q,FormulaVariable
{},USES_VARIABLE,SAFETY_FORMULA_2_14_009,Formula,SAFETY_VAR_SAFETY_FORMULA_2_14_009_Eg,FormulaVariable
{},USES_VARIABLE,SAFETY_FORMULA_2_15_001,Formula,SAFETY_VAR_SAFETY_FORMULA_2_15_001_逻辑关联形式,FormulaVariable
{},USES_VARIABLE,SAFETY_FORMULA_2_15_003,Formula,SAFETY_VAR_SAFETY_FORMULA_2_15_003_PCJ,FormulaVariable
{},USES_VARIABLE,SAFETY_FORMULA_2_16_001,Formula,SAFETY_VAR_SAFETY_FORMULA_2_16_001_逻辑关联形式,FormulaVariable
{},USES_VARIABLE,SAFETY_FORMULA_2_16_005,Formula,SAFETY_VAR_SAFETY_FORMULA_2_16_005,FormulaVariable
{},USES_VARIABLE,SAFETY_FORMULA_2_16_005,Formula,SAFETY_VAR_SAFETY_FORMULA_2_16_005_Q,FormulaVariable
{},USES_VARIABLE,SAFETY_FORMULA_2_16_005,Formula,SAFETY_VAR_SAFETY_FORMULA_2_16_005_V,FormulaVariable
{},USES_VARIABLE,SAFETY_FORMULA_2_17_001,Formula,SAFETY_VAR_SAFETY_FORMULA_2_17_001_逻辑关联形式,FormulaVariable
{},USES_VARIABLE,SAFETY_FORMULA_2_17_007,Formula,SAFETY_VAR_SAFETY_FORMULA_2_17_007,FormulaVariable
{},USES_VARIABLE,SAFETY_FORMULA_2_17_007,Formula,SAFETY_VAR_SAFETY_FORMULA_2_17_007_D,FormulaVariable
{},USES_VARIABLE,SAFETY_FORMULA_2_18_001,Formula,SAFETY_VAR_SAFETY_FORMULA_2_18_001_逻辑关联形式,FormulaVariable
{},USES_VARIABLE,SAFETY_FORMULA_2_18_003,Formula,SAFETY_VAR_SAFETY_FORMULA_2_18_003,FormulaVariable
{},USES_VARIABLE,SAFETY_FORMULA_2_18_003,Formula,SAFETY_VAR_SAFETY_FORMULA_2_18_003_PCJ,FormulaVariable
{},USES_VARIABLE,SAFETY_FORMULA_2_19_001,Formula,SAFETY_VAR_SAFETY_FORMULA_2_19_001_逻辑关联形式,FormulaVariable
{},USES_VARIABLE,SAFETY_FORMULA_2_19_006,Formula,SAFETY_VAR_SAFETY_FORMULA_2_19_006_Hf,FormulaVariable
{},USES_VARIABLE,SAFETY_FORMULA_2_19_006,Formula,SAFETY_VAR_SAFETY_FORMULA_2_19_006_MW,FormulaVariable
{},USES_VARIABLE,SAFETY_FORMULA_2_1_003,Formula,SAFETY_VAR_SAFETY_FORMULA_2_1_003_r,FormulaVariable
{},USES_VARIABLE,SAFETY_FORMULA_2_1_003,Formula,SAFETY_VAR_SAFETY_FORMULA_2_1_003_其中,FormulaVariable
{},USES_VARIABLE,SAFETY_FORMULA_2_1_005,Formula,SAFETY_VAR_SAFETY_FORMULA_2_1_005,FormulaVariable
{},USES_VARIABLE,SAFETY_FORMULA_2_1_005,Formula,SAFETY_VAR_SAFETY_FORMULA_2_1_005_r,FormulaVariable
{},USES_VARIABLE,SAFETY_FORMULA_2_1_013,Formula,SAFETY_VAR_SAFETY_FORMULA_2_1_013,FormulaVariable
{},USES_VARIABLE,SAFETY_FORMULA_2_1_013,Formula,SAFETY_VAR_SAFETY_FORMULA_2_1_013_r,FormulaVariable
{},USES_VARIABLE,SAFETY_FORMULA_2_20_001,Formula,SAFETY_VAR_SAFETY_FORMULA_2_20_001_逻辑关联形式,FormulaVariable
{},USES_VARIABLE,SAFETY_FORMULA_2_20_003,Formula,SAFETY_VAR_SAFETY_FORMULA_2_20_003_Hc,FormulaVariable
{},USES_VARIABLE,SAFETY_FORMULA_2_20_004,Formula,SAFETY_VAR_SAFETY_FORMULA_2_20_004,FormulaVariable
{},USES_VARIABLE,SAFETY_FORMULA_2_21_1_006,Formula,SAFETY_VAR_SAFETY_FORMULA_2_21_1_006,FormulaVariable
{},USES_VARIABLE,SAFETY_FORMULA_2_21_1_006,Formula,SAFETY_VAR_SAFETY_FORMULA_2_21_1_006_C,FormulaVariable
{},USES_VARIABLE,SAFETY_FORMULA_2_21_1_006,Formula,SAFETY_VAR_SAFETY_FORMULA_2_21_1_006_D,FormulaVariable
{},USES_VARIABLE,SAFETY_FORMULA_2_21_1_006,Formula,SAFETY_VAR_SAFETY_FORMULA_2_21_1_006_M,FormulaVariable
{},USES_VARIABLE,SAFETY_FORMULA_2_21_1_006,Formula,SAFETY_VAR_SAFETY_FORMULA_2_21_1_006_v0,FormulaVariable
{},USES_VARIABLE,SAFETY_FORMULA_2_21_1_011,Formula,SAFETY_VAR_SAFETY_FORMULA_2_21_1_011,FormulaVariable
{},USES_VARIABLE,SAFETY_FORMULA_2_21_1_011,Formula,SAFETY_VAR_SAFETY_FORMULA_2_21_1_011_f,FormulaVariable
{},USES_VARIABLE,SAFETY_FORMULA_2_21_1_011,Formula,SAFETY_VAR_SAFETY_FORMULA_2_21_1_011_rf,FormulaVariable
{},USES_VARIABLE,SAFETY_FORMULA_2_21_1_011,Formula,SAFETY_VAR_SAFETY_FORMULA_2_21_1_011_v0,FormulaVariable
{},USES_VARIABLE,SAFETY_FORMULA_2_21_1_016,Formula,SAFETY_VAR_SAFETY_FORMULA_2_21_1_016,FormulaVariable
{},USES_VARIABLE,SAFETY_FORMULA_2_21_1_016,Formula,SAFETY_VAR_SAFETY_FORMULA_2_21_1_016_A,FormulaVariable
{},USES_VARIABLE,SAFETY_FORMULA_2_21_1_016,Formula,SAFETY_VAR_SAFETY_FORMULA_2_21_1_016_v0,FormulaVariable
{},USES_VARIABLE,SAFETY_FORMULA_2_21_1_022,Formula,SAFETY_VAR_SAFETY_FORMULA_2_21_1_022,FormulaVariable
{},USES_VARIABLE,SAFETY_FORMULA_2_21_1_022,Formula,SAFETY_VAR_SAFETY_FORMULA_2_21_1_022_F_x,FormulaVariable
{},USES_VARIABLE,SAFETY_FORMULA_2_21_1_022,Formula,SAFETY_VAR_SAFETY_FORMULA_2_21_1_022_R,FormulaVariable
{},USES_VARIABLE,SAFETY_FORMULA_2_21_1_022,Formula,SAFETY_VAR_SAFETY_FORMULA_2_21_1_022_r,FormulaVariable
{},USES_VARIABLE,SAFETY_FORMULA_2_21_1_022,Formula,SAFETY_VAR_SAFETY_FORMULA_2_21_1_022_r0,FormulaVariable
{},USES_VARIABLE,SAFETY_FORMULA_2_21_1_022,Formula,SAFETY_VAR_SAFETY_FORMULA_2_21_1_022_v0,FormulaVariable
{},USES_VARIABLE,SAFETY_FORMULA_2_21_1_022,Formula,SAFETY_VAR_SAFETY_FORMULA_2_21_1_022_vd,FormulaVariable
{},USES_VARIABLE,SAFETY_FORMULA_2_21_2_002,Formula,SAFETY_VAR_SAFETY_FORMULA_2_21_2_002,FormulaVariable
{},USES_VARIABLE,SAFETY_FORMULA_2_21_2_002,Formula,SAFETY_VAR_SAFETY_FORMULA_2_21_2_002_v0,FormulaVariable
{},USES_VARIABLE,SAFETY_FORMULA_2_21_3_002,Formula,SAFETY_VAR_SAFETY_FORMULA_2_21_3_002,FormulaVariable
{},USES_VARIABLE,SAFETY_FORMULA_2_21_3_002,Formula,SAFETY_VAR_SAFETY_FORMULA_2_21_3_002_v0,FormulaVariable
{},USES_VARIABLE,SAFETY_FORMULA_2_22_002,Formula,SAFETY_VAR_SAFETY_FORMULA_2_22_002_L,FormulaVariable
{},USES_VARIABLE,SAFETY_FORMULA_2_22_002,Formula,SAFETY_VAR_SAFETY_FORMULA_2_22_002_VGurney,FormulaVariable
{},USES_VARIABLE,SAFETY_FORMULA_2_22_002,Formula,SAFETY_VAR_SAFETY_FORMULA_2_22_002_Vx,FormulaVariable
{},USES_VARIABLE,SAFETY_FORMULA_2_22_002,Formula,SAFETY_VAR_SAFETY_FORMULA_2_22_002_d,FormulaVariable
{},USES_VARIABLE,SAFETY_FORMULA_2_22_004,Formula,SAFETY_VAR_SAFETY_FORMULA_2_22_004,FormulaVariable
{},USES_VARIABLE,SAFETY_FORMULA_2_22_004,Formula,SAFETY_VAR_SAFETY_FORMULA_2_22_004_d,FormulaVariable
{},USES_VARIABLE,SAFETY_FORMULA_2_22_004,Formula,SAFETY_VAR_SAFETY_FORMULA_2_22_004_k1_k2,FormulaVariable
{},USES_VARIABLE,SAFETY_FORMULA_2_22_004,Formula,SAFETY_VAR_SAFETY_FORMULA_2_22_004_v0x,FormulaVariable
{},USES_VARIABLE,SAFETY_FORMULA_2_22_006,Formula,SAFETY_VAR_SAFETY_FORMULA_2_22_006_B_D,FormulaVariable
{},USES_VARIABLE,SAFETY_FORMULA_2_22_006,Formula,SAFETY_VAR_SAFETY_FORMULA_2_22_006_L,FormulaVariable
{},USES_VARIABLE,SAFETY_FORMULA_2_22_006,Formula,SAFETY_VAR_SAFETY_FORMULA_2_22_006_VGurney,FormulaVariable
{},USES_VARIABLE,SAFETY_FORMULA_2_22_006,Formula,SAFETY_VAR_SAFETY_FORMULA_2_22_006_Vx,FormulaVariable
{},USES_VARIABLE,SAFETY_FORMULA_2_22_006,Formula,SAFETY_VAR_SAFETY_FORMULA_2_22_006_c,FormulaVariable
{},USES_VARIABLE,SAFETY_FORMULA_2_22_006,Formula,SAFETY_VAR_SAFETY_FORMULA_2_22_006_d,FormulaVariable
{},USES_VARIABLE,SAFETY_FORMULA_2_22_006,Formula,SAFETY_VAR_SAFETY_FORMULA_2_22_006_e,FormulaVariable
{},USES_VARIABLE,SAFETY_FORMULA_2_23_001,Formula,SAFETY_VAR_SAFETY_FORMULA_2_23_001_逻辑关联形式,FormulaVariable
{},USES_VARIABLE,SAFETY_FORMULA_2_23_006,Formula,SAFETY_VAR_SAFETY_FORMULA_2_23_006,FormulaVariable
{},USES_VARIABLE,SAFETY_FORMULA_2_23_006,Formula,SAFETY_VAR_SAFETY_FORMULA_2_23_006_B,FormulaVariable
{},USES_VARIABLE,SAFETY_FORMULA_2_23_006,Formula,SAFETY_VAR_SAFETY_FORMULA_2_23_006_M,FormulaVariable
{},USES_VARIABLE,SAFETY_FORMULA_2_23_006,Formula,SAFETY_VAR_SAFETY_FORMULA_2_23_006_di,FormulaVariable
{},USES_VARIABLE,SAFETY_FORMULA_2_23_006,Formula,SAFETY_VAR_SAFETY_FORMULA_2_23_006_t0,FormulaVariable
{},USES_VARIABLE,SAFETY_FORMULA_2_23_008,Formula,SAFETY_VAR_SAFETY_FORMULA_2_23_008_M0,FormulaVariable
{},USES_VARIABLE,SAFETY_FORMULA_2_23_009,Formula,SAFETY_VAR_SAFETY_FORMULA_2_23_009,FormulaVariable
{},USES_VARIABLE,SAFETY_FORMULA_2_23_009,Formula,SAFETY_VAR_SAFETY_FORMULA_2_23_009_B,FormulaVariable
{},USES_VARIABLE,SAFETY_FORMULA_2_23_009,Formula,SAFETY_VAR_SAFETY_FORMULA_2_23_009_d,FormulaVariable
{},USES_VARIABLE,SAFETY_FORMULA_2_23_009,Formula,SAFETY_VAR_SAFETY_FORMULA_2_23_009_n,FormulaVariable
{},USES_VARIABLE,SAFETY_FORMULA_2_24_003,Formula,SAFETY_VAR_SAFETY_FORMULA_2_24_003,FormulaVariable
{},USES_VARIABLE,SAFETY_FORMULA_2_24_003,Formula,SAFETY_VAR_SAFETY_FORMULA_2_24_003_G0,FormulaVariable
{},USES_VARIABLE,SAFETY_FORMULA_2_24_003,Formula,SAFETY_VAR_SAFETY_FORMULA_2_24_003_N,FormulaVariable
{},USES_VARIABLE,SAFETY_FORMULA_2_24_003,Formula,SAFETY_VAR_SAFETY_FORMULA_2_24_003_W,FormulaVariable
{},USES_VARIABLE,SAFETY_FORMULA_2_24_004,Formula,SAFETY_VAR_SAFETY_FORMULA_2_24_004_G0,FormulaVariable
{},USES_VARIABLE,SAFETY_FORMULA_2_24_004,Formula,SAFETY_VAR_SAFETY_FORMULA_2_24_004_N,FormulaVariable
{},USES_VARIABLE,SAFETY_FORMULA_2_24_004,Formula,SAFETY_VAR_SAFETY_FORMULA_2_24_004_W,FormulaVariable
{},USES_VARIABLE,SAFETY_FORMULA_2_24_005,Formula,SAFETY_VAR_SAFETY_FORMULA_2_24_005,FormulaVariable
{},USES_VARIABLE,SAFETY_FORMULA_2_24_005,Formula,SAFETY_VAR_SAFETY_FORMULA_2_24_005_N,FormulaVariable
{},USES_VARIABLE,SAFETY_FORMULA_2_24_005,Formula,SAFETY_VAR_SAFETY_FORMULA_2_24_005_l,FormulaVariable
{},USES_VARIABLE,SAFETY_FORMULA_2_24_005,Formula,SAFETY_VAR_SAFETY_FORMULA_2_24_005_r,FormulaVariable
{},USES_VARIABLE,SAFETY_FORMULA_2_25_002,Formula,SAFETY_VAR_SAFETY_FORMULA_2_25_002,FormulaVariable
{},USES_VARIABLE,SAFETY_FORMULA_2_25_002,Formula,SAFETY_VAR_SAFETY_FORMULA_2_25_002_V0,FormulaVariable
{},USES_VARIABLE,SAFETY_FORMULA_2_25_002,Formula,SAFETY_VAR_SAFETY_FORMULA_2_25_002_Vj,FormulaVariable
{},USES_VARIABLE,SAFETY_FORMULA_2_25_002,Formula,SAFETY_VAR_SAFETY_FORMULA_2_25_002_Vs,FormulaVariable
{},USES_VARIABLE,SAFETY_FORMULA_2_25_004,Formula,SAFETY_VAR_SAFETY_FORMULA_2_25_004,FormulaVariable
{},USES_VARIABLE,SAFETY_FORMULA_2_25_004,Formula,SAFETY_VAR_SAFETY_FORMULA_2_25_004_UD,FormulaVariable
{},USES_VARIABLE,SAFETY_FORMULA_2_25_004,Formula,SAFETY_VAR_SAFETY_FORMULA_2_25_004_Vj,FormulaVariable
{},USES_VARIABLE,SAFETY_FORMULA_2_25_004,Formula,SAFETY_VAR_SAFETY_FORMULA_2_25_004_Vs,FormulaVariable
{},USES_VARIABLE,SAFETY_FORMULA_2_25_007,Formula,SAFETY_VAR_SAFETY_FORMULA_2_25_007,FormulaVariable
{},USES_VARIABLE,SAFETY_FORMULA_2_25_007,Formula,SAFETY_VAR_SAFETY_FORMULA_2_25_007_U,FormulaVariable
{},USES_VARIABLE,SAFETY_FORMULA_2_25_007,Formula,SAFETY_VAR_SAFETY_FORMULA_2_25_007_UD,FormulaVariable
{},USES_VARIABLE,SAFETY_FORMULA_2_25_007,Formula,SAFETY_VAR_SAFETY_FORMULA_2_25_007_Vj,FormulaVariable
{},USES_VARIABLE,SAFETY_FORMULA_2_25_007,Formula,SAFETY_VAR_SAFETY_FORMULA_2_25_007_Vs,FormulaVariable
{},USES_VARIABLE,SAFETY_FORMULA_2_26_002,Formula,SAFETY_VAR_SAFETY_FORMULA_2_26_002,FormulaVariable
{},USES_VARIABLE,SAFETY_FORMULA_2_26_002,Formula,SAFETY_VAR_SAFETY_FORMULA_2_26_002_m,FormulaVariable
{},USES_VARIABLE,SAFETY_FORMULA_2_26_002,Formula,SAFETY_VAR_SAFETY_FORMULA_2_26_002_mj,FormulaVariable
{},USES_VARIABLE,SAFETY_FORMULA_2_26_002,Formula,SAFETY_VAR_SAFETY_FORMULA_2_26_002_ms,FormulaVariable
{},USES_VARIABLE,SAFETY_FORMULA_2_26_005,Formula,SAFETY_VAR_SAFETY_FORMULA_2_26_005,FormulaVariable
{},USES_VARIABLE,SAFETY_FORMULA_2_26_005,Formula,SAFETY_VAR_SAFETY_FORMULA_2_26_005_m,FormulaVariable
{},USES_VARIABLE,SAFETY_FORMULA_2_26_005,Formula,SAFETY_VAR_SAFETY_FORMULA_2_26_005_mj,FormulaVariable
{},USES_VARIABLE,SAFETY_FORMULA_2_26_005,Formula,SAFETY_VAR_SAFETY_FORMULA_2_26_005_ms,FormulaVariable
{},USES_VARIABLE,SAFETY_FORMULA_2_27_002,Formula,SAFETY_VAR_SAFETY_FORMULA_2_27_002,FormulaVariable
{},USES_VARIABLE,SAFETY_FORMULA_2_27_002,Formula,SAFETY_VAR_SAFETY_FORMULA_2_27_002_A,FormulaVariable
{},USES_VARIABLE,SAFETY_FORMULA_2_27_002,Formula,SAFETY_VAR_SAFETY_FORMULA_2_27_002_P,FormulaVariable
{},USES_VARIABLE,SAFETY_FORMULA_2_27_002,Formula,SAFETY_VAR_SAFETY_FORMULA_2_27_002_Vr,FormulaVariable
{},USES_VARIABLE,SAFETY_FORMULA_2_27_002,Formula,SAFETY_VAR_SAFETY_FORMULA_2_27_002_Vx,FormulaVariable
{},USES_VARIABLE,SAFETY_FORMULA_2_27_002,Formula,SAFETY_VAR_SAFETY_FORMULA_2_27_002_h,FormulaVariable
{},USES_VARIABLE,SAFETY_FORMULA_2_3_004,Formula,SAFETY_VAR_SAFETY_FORMULA_2_3_004_Vc,FormulaVariable
{},USES_VARIABLE,SAFETY_FORMULA_2_3_004,Formula,SAFETY_VAR_SAFETY_FORMULA_2_3_004_d0,FormulaVariable
{},USES_VARIABLE,SAFETY_FORMULA_2_3_004,Formula,SAFETY_VAR_SAFETY_FORMULA_2_3_004_r,FormulaVariable
{},USES_VARIABLE,SAFETY_FORMULA_2_3_004,Formula,SAFETY_VAR_SAFETY_FORMULA_2_3_004_rc,FormulaVariable
{},USES_VARIABLE,SAFETY_FORMULA_2_3_004,Formula,SAFETY_VAR_SAFETY_FORMULA_2_3_004_其中,FormulaVariable
{},USES_VARIABLE,SAFETY_FORMULA_2_4_006,Formula,SAFETY_VAR_SAFETY_FORMULA_2_4_006,FormulaVariable
{},USES_VARIABLE,SAFETY_FORMULA_2_4_006,Formula,SAFETY_VAR_SAFETY_FORMULA_2_4_006_0,FormulaVariable
{},USES_VARIABLE,SAFETY_FORMULA_2_4_006,Formula,SAFETY_VAR_SAFETY_FORMULA_2_4_006_1,FormulaVariable
{},USES_VARIABLE,SAFETY_FORMULA_2_4_006,Formula,SAFETY_VAR_SAFETY_FORMULA_2_4_006_P0,FormulaVariable
{},USES_VARIABLE,SAFETY_FORMULA_2_4_006,Formula,SAFETY_VAR_SAFETY_FORMULA_2_4_006_y,FormulaVariable
{},USES_VARIABLE,SAFETY_FORMULA_2_4_006,Formula,SAFETY_VAR_SAFETY_FORMULA_2_4_006_其中,FormulaVariable
{},USES_VARIABLE,SAFETY_FORMULA_2_5_004,Formula,SAFETY_VAR_SAFETY_FORMULA_2_5_004,FormulaVariable
{},USES_VARIABLE,SAFETY_FORMULA_2_5_004,Formula,SAFETY_VAR_SAFETY_FORMULA_2_5_004_r,FormulaVariable
{},USES_VARIABLE,SAFETY_FORMULA_2_5_010,Formula,SAFETY_VAR_SAFETY_FORMULA_2_5_010_其中,FormulaVariable
{},USES_VARIABLE,SAFETY_FORMULA_2_5_012,Formula,SAFETY_VAR_SAFETY_FORMULA_2_5_012,FormulaVariable
{},USES_VARIABLE,SAFETY_FORMULA_2_5_012,Formula,SAFETY_VAR_SAFETY_FORMULA_2_5_012_r,FormulaVariable
{},USES_VARIABLE,SAFETY_FORMULA_2_5_020,Formula,SAFETY_VAR_SAFETY_FORMULA_2_5_020,FormulaVariable
{},USES_VARIABLE,SAFETY_FORMULA_2_5_020,Formula,SAFETY_VAR_SAFETY_FORMULA_2_5_020_r,FormulaVariable
{},USES_VARIABLE,SAFETY_FORMULA_2_6_003,Formula,SAFETY_VAR_SAFETY_FORMULA_2_6_003_r,FormulaVariable
{},USES_VARIABLE,SAFETY_FORMULA_2_6_003,Formula,SAFETY_VAR_SAFETY_FORMULA_2_6_003_其中,FormulaVariable
{},USES_VARIABLE,SAFETY_FORMULA_2_6_005,Formula,SAFETY_VAR_SAFETY_FORMULA_2_6_005,FormulaVariable
{},USES_VARIABLE,SAFETY_FORMULA_2_6_005,Formula,SAFETY_VAR_SAFETY_FORMULA_2_6_005_B,FormulaVariable
{},USES_VARIABLE,SAFETY_FORMULA_2_6_005,Formula,SAFETY_VAR_SAFETY_FORMULA_2_6_005_r,FormulaVariable
{},USES_VARIABLE,SAFETY_FORMULA_2_6_005,Formula,SAFETY_VAR_SAFETY_FORMULA_2_6_005_r0,FormulaVariable
{},USES_VARIABLE,SAFETY_FORMULA_2_8_003,Formula,SAFETY_VAR_SAFETY_FORMULA_2_8_003_r,FormulaVariable
{},USES_VARIABLE,SAFETY_FORMULA_2_8_003,Formula,SAFETY_VAR_SAFETY_FORMULA_2_8_003_其中,FormulaVariable
{},USES_VARIABLE,SAFETY_FORMULA_2_8_005,Formula,SAFETY_VAR_SAFETY_FORMULA_2_8_005,FormulaVariable
{},USES_VARIABLE,SAFETY_FORMULA_2_8_005,Formula,SAFETY_VAR_SAFETY_FORMULA_2_8_005_C,FormulaVariable
{},USES_VARIABLE,SAFETY_FORMULA_2_8_005,Formula,SAFETY_VAR_SAFETY_FORMULA_2_8_005_r,FormulaVariable
{},USES_VARIABLE,SAFETY_FORMULA_3_10_001,Formula,SAFETY_VAR_SAFETY_FORMULA_3_10_001_Bmax,FormulaVariable
{},USES_VARIABLE,SAFETY_FORMULA_3_10_001,Formula,SAFETY_VAR_SAFETY_FORMULA_3_10_001_D,FormulaVariable
{},USES_VARIABLE,SAFETY_FORMULA_3_10_001,Formula,SAFETY_VAR_SAFETY_FORMULA_3_10_001_L,FormulaVariable
{},USES_VARIABLE,SAFETY_FORMULA_3_10_001,Formula,SAFETY_VAR_SAFETY_FORMULA_3_10_001_P,FormulaVariable
{},USES_VARIABLE,SAFETY_FORMULA_3_10_001,Formula,SAFETY_VAR_SAFETY_FORMULA_3_10_001_j,FormulaVariable
{},USES_VARIABLE,SAFETY_FORMULA_3_10_001,Formula,SAFETY_VAR_SAFETY_FORMULA_3_10_001_t,FormulaVariable
{},USES_VARIABLE,SAFETY_FORMULA_3_10_003,Formula,SAFETY_VAR_SAFETY_FORMULA_3_10_003_L,FormulaVariable
{},USES_VARIABLE,SAFETY_FORMULA_3_10_003,Formula,SAFETY_VAR_SAFETY_FORMULA_3_10_003_P,FormulaVariable
{},USES_VARIABLE,SAFETY_FORMULA_3_10_003,Formula,SAFETY_VAR_SAFETY_FORMULA_3_10_003_V,FormulaVariable
{},USES_VARIABLE,SAFETY_FORMULA_3_10_003,Formula,SAFETY_VAR_SAFETY_FORMULA_3_10_003_j,FormulaVariable
{},USES_VARIABLE,SAFETY_FORMULA_3_10_003,Formula,SAFETY_VAR_SAFETY_FORMULA_3_10_003_p,FormulaVariable
{},USES_VARIABLE,SAFETY_FORMULA_3_10_003,Formula,SAFETY_VAR_SAFETY_FORMULA_3_10_003_t,FormulaVariable
{},USES_VARIABLE,SAFETY_FORMULA_3_10_004,Formula,SAFETY_VAR_SAFETY_FORMULA_3_10_004_Bmax,FormulaVariable
{},USES_VARIABLE,SAFETY_FORMULA_3_10_004,Formula,SAFETY_VAR_SAFETY_FORMULA_3_10_004_D,FormulaVariable
{},USES_VARIABLE,SAFETY_FORMULA_3_10_004,Formula,SAFETY_VAR_SAFETY_FORMULA_3_10_004_E1,FormulaVariable
{},USES_VARIABLE,SAFETY_FORMULA_3_10_004,Formula,SAFETY_VAR_SAFETY_FORMULA_3_10_004_L,FormulaVariable
{},USES_VARIABLE,SAFETY_FORMULA_3_10_004,Formula,SAFETY_VAR_SAFETY_FORMULA_3_10_004_P,FormulaVariable
{},USES_VARIABLE,SAFETY_FORMULA_3_10_004,Formula,SAFETY_VAR_SAFETY_FORMULA_3_10_004_j,FormulaVariable
{},USES_VARIABLE,SAFETY_FORMULA_3_10_004,Formula,SAFETY_VAR_SAFETY_FORMULA_3_10_004_t,FormulaVariable
{},USES_VARIABLE,SAFETY_FORMULA_3_10_005,Formula,SAFETY_VAR_SAFETY_FORMULA_3_10_005,FormulaVariable
{},USES_VARIABLE,SAFETY_FORMULA_3_10_005,Formula,SAFETY_VAR_SAFETY_FORMULA_3_10_005_P,FormulaVariable
{},USES_VARIABLE,SAFETY_FORMULA_3_10_005,Formula,SAFETY_VAR_SAFETY_FORMULA_3_10_005_j,FormulaVariable
{},USES_VARIABLE,SAFETY_FORMULA_3_10_005,Formula,SAFETY_VAR_SAFETY_FORMULA_3_10_005_l0,FormulaVariable
{},USES_VARIABLE,SAFETY_FORMULA_3_10_005,Formula,SAFETY_VAR_SAFETY_FORMULA_3_10_005_t,FormulaVariable
{},USES_VARIABLE,SAFETY_FORMULA_3_10_006,Formula,SAFETY_VAR_SAFETY_FORMULA_3_10_006_M,FormulaVariable
{},USES_VARIABLE,SAFETY_FORMULA_3_10_006,Formula,SAFETY_VAR_SAFETY_FORMULA_3_10_006_N,FormulaVariable
{},USES_VARIABLE,SAFETY_FORMULA_3_10_006,Formula,SAFETY_VAR_SAFETY_FORMULA_3_10_006_d,FormulaVariable
{},USES_VARIABLE,SAFETY_FORMULA_3_10_006,Formula,SAFETY_VAR_SAFETY_FORMULA_3_10_006_fc,FormulaVariable
{},USES_VARIABLE,SAFETY_FORMULA_3_11_001,Formula,SAFETY_VAR_SAFETY_FORMULA_3_11_001_L,FormulaVariable
{},USES_VARIABLE,SAFETY_FORMULA_3_11_001,Formula,SAFETY_VAR_SAFETY_FORMULA_3_11_001_P,FormulaVariable
{},USES_VARIABLE,SAFETY_FORMULA_3_11_001,Formula,SAFETY_VAR_SAFETY_FORMULA_3_11_001_j,FormulaVariable
{},USES_VARIABLE,SAFETY_FORMULA_3_11_001,Formula,SAFETY_VAR_SAFETY_FORMULA_3_11_001_t,FormulaVariable
{},USES_VARIABLE,SAFETY_FORMULA_3_11_002,Formula,SAFETY_VAR_SAFETY_FORMULA_3_11_002_j,FormulaVariable
{},USES_VARIABLE,SAFETY_FORMULA_3_11_002,Formula,SAFETY_VAR_SAFETY_FORMULA_3_11_002_t,FormulaVariable
{},USES_VARIABLE,SAFETY_FORMULA_3_11_006,Formula,SAFETY_VAR_SAFETY_FORMULA_3_11_006_S,FormulaVariable
{},USES_VARIABLE,SAFETY_FORMULA_3_11_006,Formula,SAFETY_VAR_SAFETY_FORMULA_3_11_006_Vj0,FormulaVariable
{},USES_VARIABLE,SAFETY_FORMULA_3_11_006,Formula,SAFETY_VAR_SAFETY_FORMULA_3_11_006_t,FormulaVariable
{},USES_VARIABLE,SAFETY_FORMULA_3_11_006,Formula,SAFETY_VAR_SAFETY_FORMULA_3_11_006_t1,FormulaVariable
{},USES_VARIABLE,SAFETY_FORMULA_3_11_008,Formula,SAFETY_VAR_SAFETY_FORMULA_3_11_008_Vj,FormulaVariable
{},USES_VARIABLE,SAFETY_FORMULA_3_11_008,Formula,SAFETY_VAR_SAFETY_FORMULA_3_11_008_j,FormulaVariable
{},USES_VARIABLE,SAFETY_FORMULA_3_11_008,Formula,SAFETY_VAR_SAFETY_FORMULA_3_11_008_t,FormulaVariable
{},USES_VARIABLE,SAFETY_FORMULA_3_12_001,Formula,SAFETY_VAR_SAFETY_FORMULA_3_12_001_Vj,FormulaVariable
{},USES_VARIABLE,SAFETY_FORMULA_3_12_001,Formula,SAFETY_VAR_SAFETY_FORMULA_3_12_001_j,FormulaVariable
{},USES_VARIABLE,SAFETY_FORMULA_3_12_001,Formula,SAFETY_VAR_SAFETY_FORMULA_3_12_001_t,FormulaVariable
{},USES_VARIABLE,SAFETY_FORMULA_3_12_002,Formula,SAFETY_VAR_SAFETY_FORMULA_3_12_002_rj,FormulaVariable
{},USES_VARIABLE,SAFETY_FORMULA_3_12_003,Formula,SAFETY_VAR_SAFETY_FORMULA_3_12_003_Rt,FormulaVariable
{},USES_VARIABLE,SAFETY_FORMULA_3_12_003,Formula,SAFETY_VAR_SAFETY_FORMULA_3_12_003_j,FormulaVariable
{},USES_VARIABLE,SAFETY_FORMULA_3_12_003,Formula,SAFETY_VAR_SAFETY_FORMULA_3_12_003_rj,FormulaVariable
{},USES_VARIABLE,SAFETY_FORMULA_3_12_003,Formula,SAFETY_VAR_SAFETY_FORMULA_3_12_003_t,FormulaVariable
{},USES_VARIABLE,SAFETY_FORMULA_3_12_003,Formula,SAFETY_VAR_SAFETY_FORMULA_3_12_003_vj,FormulaVariable
{},USES_VARIABLE,SAFETY_FORMULA_3_12_004,Formula,SAFETY_VAR_SAFETY_FORMULA_3_12_004_C0,FormulaVariable
{},USES_VARIABLE,SAFETY_FORMULA_3_12_004,Formula,SAFETY_VAR_SAFETY_FORMULA_3_12_004_Rt,FormulaVariable
{},USES_VARIABLE,SAFETY_FORMULA_3_12_004,Formula,SAFETY_VAR_SAFETY_FORMULA_3_12_004_j,FormulaVariable
{},USES_VARIABLE,SAFETY_FORMULA_3_12_004,Formula,SAFETY_VAR_SAFETY_FORMULA_3_12_004_t,FormulaVariable
{},USES_VARIABLE,SAFETY_FORMULA_3_12_004,Formula,SAFETY_VAR_SAFETY_FORMULA_3_12_004_u,FormulaVariable
{},USES_VARIABLE,SAFETY_FORMULA_3_12_004,Formula,SAFETY_VAR_SAFETY_FORMULA_3_12_004_vj,FormulaVariable
{},USES_VARIABLE,SAFETY_FORMULA_3_15_003,Formula,SAFETY_VAR_SAFETY_FORMULA_3_15_003_逻辑关联形式,FormulaVariable
{},USES_VARIABLE,SAFETY_FORMULA_3_15_021,Formula,SAFETY_VAR_SAFETY_FORMULA_3_15_021_H,FormulaVariable
{},USES_VARIABLE,SAFETY_FORMULA_3_16_001,Formula,SAFETY_VAR_SAFETY_FORMULA_3_16_001_H,FormulaVariable
{},USES_VARIABLE,SAFETY_FORMULA_3_16_001,Formula,SAFETY_VAR_SAFETY_FORMULA_3_16_001_L,FormulaVariable
{},USES_VARIABLE,SAFETY_FORMULA_3_16_001,Formula,SAFETY_VAR_SAFETY_FORMULA_3_16_001_t0,FormulaVariable
{},USES_VARIABLE,SAFETY_FORMULA_3_16_001,Formula,SAFETY_VAR_SAFETY_FORMULA_3_16_001_ta,FormulaVariable
{},USES_VARIABLE,SAFETY_FORMULA_3_16_001,Formula,SAFETY_VAR_SAFETY_FORMULA_3_16_001_u,FormulaVariable
{},USES_VARIABLE,SAFETY_FORMULA_3_16_001,Formula,SAFETY_VAR_SAFETY_FORMULA_3_16_001_vj,FormulaVariable
{},USES_VARIABLE,SAFETY_FORMULA_3_16_001,Formula,SAFETY_VAR_SAFETY_FORMULA_3_16_001_vj0,FormulaVariable
{},USES_VARIABLE,SAFETY_FORMULA_3_17_001,Formula,SAFETY_VAR_SAFETY_FORMULA_3_17_001,FormulaVariable
{},USES_VARIABLE,SAFETY_FORMULA_3_17_001,Formula,SAFETY_VAR_SAFETY_FORMULA_3_17_001_E,FormulaVariable
{},USES_VARIABLE,SAFETY_FORMULA_3_17_001,Formula,SAFETY_VAR_SAFETY_FORMULA_3_17_001_P,FormulaVariable
{},USES_VARIABLE,SAFETY_FORMULA_3_17_001,Formula,SAFETY_VAR_SAFETY_FORMULA_3_17_001_c,FormulaVariable
{},USES_VARIABLE,SAFETY_FORMULA_3_17_001,Formula,SAFETY_VAR_SAFETY_FORMULA_3_17_001_d,FormulaVariable
{},USES_VARIABLE,SAFETY_FORMULA_3_17_001,Formula,SAFETY_VAR_SAFETY_FORMULA_3_17_001_t,FormulaVariable
{},USES_VARIABLE,SAFETY_FORMULA_3_2_001,Formula,SAFETY_VAR_SAFETY_FORMULA_3_2_001_逻辑关联形式,FormulaVariable
{},USES_VARIABLE,SAFETY_FORMULA_3_2_002,Formula,SAFETY_VAR_SAFETY_FORMULA_3_2_002_K,FormulaVariable
{},USES_VARIABLE,SAFETY_FORMULA_3_2_002,Formula,SAFETY_VAR_SAFETY_FORMULA_3_2_002_b,FormulaVariable
{},USES_VARIABLE,SAFETY_FORMULA_3_2_002,Formula,SAFETY_VAR_SAFETY_FORMULA_3_2_002_d,FormulaVariable
{},USES_VARIABLE,SAFETY_FORMULA_3_2_002,Formula,SAFETY_VAR_SAFETY_FORMULA_3_2_002_m,FormulaVariable
{},USES_VARIABLE,SAFETY_FORMULA_3_2_003,Formula,SAFETY_VAR_SAFETY_FORMULA_3_2_003_K,FormulaVariable
{},USES_VARIABLE,SAFETY_FORMULA_3_2_003,Formula,SAFETY_VAR_SAFETY_FORMULA_3_2_003_b,FormulaVariable
{},USES_VARIABLE,SAFETY_FORMULA_3_2_003,Formula,SAFETY_VAR_SAFETY_FORMULA_3_2_003_d,FormulaVariable
{},USES_VARIABLE,SAFETY_FORMULA_3_2_003,Formula,SAFETY_VAR_SAFETY_FORMULA_3_2_003_m,FormulaVariable
{},USES_VARIABLE,SAFETY_FORMULA_3_2_010,Formula,SAFETY_VAR_SAFETY_FORMULA_3_2_010,FormulaVariable
{},USES_VARIABLE,SAFETY_FORMULA_3_3_004,Formula,SAFETY_VAR_SAFETY_FORMULA_3_3_004_逻辑关联形式,FormulaVariable
{},USES_VARIABLE,SAFETY_FORMULA_3_5_001,Formula,SAFETY_VAR_SAFETY_FORMULA_3_5_001_A,FormulaVariable
{},USES_VARIABLE,SAFETY_FORMULA_3_5_001,Formula,SAFETY_VAR_SAFETY_FORMULA_3_5_001_H,FormulaVariable
{},USES_VARIABLE,SAFETY_FORMULA_3_5_001,Formula,SAFETY_VAR_SAFETY_FORMULA_3_5_001_K,FormulaVariable
{},USES_VARIABLE,SAFETY_FORMULA_3_5_001,Formula,SAFETY_VAR_SAFETY_FORMULA_3_5_001_W,FormulaVariable
{},USES_VARIABLE,SAFETY_FORMULA_3_5_001,Formula,SAFETY_VAR_SAFETY_FORMULA_3_5_001_vs,FormulaVariable
{},USES_VARIABLE,SAFETY_FORMULA_3_5_004,Formula,SAFETY_VAR_SAFETY_FORMULA_3_5_004,FormulaVariable
{},USES_VARIABLE,SAFETY_FORMULA_3_5_004,Formula,SAFETY_VAR_SAFETY_FORMULA_3_5_004_1,FormulaVariable
{},USES_VARIABLE,SAFETY_FORMULA_3_5_004,Formula,SAFETY_VAR_SAFETY_FORMULA_3_5_004_2,FormulaVariable
{},USES_VARIABLE,SAFETY_FORMULA_3_5_004,Formula,SAFETY_VAR_SAFETY_FORMULA_3_5_004_D,FormulaVariable
{},USES_VARIABLE,SAFETY_FORMULA_3_5_004,Formula,SAFETY_VAR_SAFETY_FORMULA_3_5_004_K,FormulaVariable
{},USES_VARIABLE,SAFETY_FORMULA_3_5_004,Formula,SAFETY_VAR_SAFETY_FORMULA_3_5_004_Kq,FormulaVariable
{},USES_VARIABLE,SAFETY_FORMULA_3_5_004,Formula,SAFETY_VAR_SAFETY_FORMULA_3_5_004_hq,FormulaVariable
{},USES_VARIABLE,SAFETY_FORMULA_3_5_004,Formula,SAFETY_VAR_SAFETY_FORMULA_3_5_004_m,FormulaVariable
{},USES_VARIABLE,SAFETY_FORMULA_3_5_004,Formula,SAFETY_VAR_SAFETY_FORMULA_3_5_004_n,FormulaVariable
{},USES_VARIABLE,SAFETY_FORMULA_3_5_004,Formula,SAFETY_VAR_SAFETY_FORMULA_3_5_004_v,FormulaVariable
{},USES_VARIABLE,SAFETY_FORMULA_3_5_005,Formula,SAFETY_VAR_SAFETY_FORMULA_3_5_005_A,FormulaVariable
{},USES_VARIABLE,SAFETY_FORMULA_3_5_005,Formula,SAFETY_VAR_SAFETY_FORMULA_3_5_005_I,FormulaVariable
{},USES_VARIABLE,SAFETY_FORMULA_3_5_005,Formula,SAFETY_VAR_SAFETY_FORMULA_3_5_005_R,FormulaVariable
{},USES_VARIABLE,SAFETY_FORMULA_3_5_005,Formula,SAFETY_VAR_SAFETY_FORMULA_3_5_005_b,FormulaVariable
{},USES_VARIABLE,SAFETY_FORMULA_3_5_005,Formula,SAFETY_VAR_SAFETY_FORMULA_3_5_005_x,FormulaVariable
{},USES_VARIABLE,SAFETY_FORMULA_3_5_007,Formula,SAFETY_VAR_SAFETY_FORMULA_3_5_007_D,FormulaVariable
{},USES_VARIABLE,SAFETY_FORMULA_3_5_007,Formula,SAFETY_VAR_SAFETY_FORMULA_3_5_007_H,FormulaVariable
{},USES_VARIABLE,SAFETY_FORMULA_3_5_007,Formula,SAFETY_VAR_SAFETY_FORMULA_3_5_007_W,FormulaVariable
{},USES_VARIABLE,SAFETY_FORMULA_3_5_007,Formula,SAFETY_VAR_SAFETY_FORMULA_3_5_007_c,FormulaVariable
{},USES_VARIABLE,SAFETY_FORMULA_3_5_007,Formula,SAFETY_VAR_SAFETY_FORMULA_3_5_007_vs,FormulaVariable
{},USES_VARIABLE,SAFETY_FORMULA_3_5_015,Formula,SAFETY_VAR_SAFETY_FORMULA_3_5_015_A,FormulaVariable
{},USES_VARIABLE,SAFETY_FORMULA_3_5_015,Formula,SAFETY_VAR_SAFETY_FORMULA_3_5_015_H,FormulaVariable
{},USES_VARIABLE,SAFETY_FORMULA_3_5_015,Formula,SAFETY_VAR_SAFETY_FORMULA_3_5_015_M,FormulaVariable
{},USES_VARIABLE,SAFETY_FORMULA_3_5_015,Formula,SAFETY_VAR_SAFETY_FORMULA_3_5_015_vs,FormulaVariable
{},USES_VARIABLE,SAFETY_FORMULA_3_5_016,Formula,SAFETY_VAR_SAFETY_FORMULA_3_5_016_CRH,FormulaVariable
{},USES_VARIABLE,SAFETY_FORMULA_3_5_016,Formula,SAFETY_VAR_SAFETY_FORMULA_3_5_016_D,FormulaVariable
{},USES_VARIABLE,SAFETY_FORMULA_3_5_016,Formula,SAFETY_VAR_SAFETY_FORMULA_3_5_016_Ln,FormulaVariable
{},USES_VARIABLE,SAFETY_FORMULA_3_5_018,Formula,SAFETY_VAR_SAFETY_FORMULA_3_5_018_D,FormulaVariable
{},USES_VARIABLE,SAFETY_FORMULA_3_5_018,Formula,SAFETY_VAR_SAFETY_FORMULA_3_5_018_Hp,FormulaVariable
{},USES_VARIABLE,SAFETY_FORMULA_3_5_018,Formula,SAFETY_VAR_SAFETY_FORMULA_3_5_018_Hs,FormulaVariable
{},USES_VARIABLE,SAFETY_FORMULA_3_5_018,Formula,SAFETY_VAR_SAFETY_FORMULA_3_5_018_W,FormulaVariable
{},USES_VARIABLE,SAFETY_FORMULA_3_5_018,Formula,SAFETY_VAR_SAFETY_FORMULA_3_5_018_c,FormulaVariable
{},USES_VARIABLE,SAFETY_FORMULA_3_5_018,Formula,SAFETY_VAR_SAFETY_FORMULA_3_5_018_vs,FormulaVariable
{},USES_VARIABLE,SAFETY_FORMULA_3_5_019,Formula,SAFETY_VAR_SAFETY_FORMULA_3_5_019_D,FormulaVariable
{},USES_VARIABLE,SAFETY_FORMULA_3_5_019,Formula,SAFETY_VAR_SAFETY_FORMULA_3_5_019_Hp,FormulaVariable
{},USES_VARIABLE,SAFETY_FORMULA_3_5_019,Formula,SAFETY_VAR_SAFETY_FORMULA_3_5_019_Hs,FormulaVariable
{},USES_VARIABLE,SAFETY_FORMULA_3_5_019,Formula,SAFETY_VAR_SAFETY_FORMULA_3_5_019_c,FormulaVariable
{},USES_VARIABLE,SAFETY_FORMULA_3_5_019,Formula,SAFETY_VAR_SAFETY_FORMULA_3_5_019_m,FormulaVariable
{},USES_VARIABLE,SAFETY_FORMULA_3_5_019,Formula,SAFETY_VAR_SAFETY_FORMULA_3_5_019_vs,FormulaVariable
{},USES_VARIABLE,SAFETY_FORMULA_3_6_002,Formula,SAFETY_VAR_SAFETY_FORMULA_3_6_002_D,FormulaVariable
{},USES_VARIABLE,SAFETY_FORMULA_3_6_002,Formula,SAFETY_VAR_SAFETY_FORMULA_3_6_002_Yt,FormulaVariable
{},USES_VARIABLE,SAFETY_FORMULA_3_6_002,Formula,SAFETY_VAR_SAFETY_FORMULA_3_6_002_dp,FormulaVariable
{},USES_VARIABLE,SAFETY_FORMULA_3_6_002,Formula,SAFETY_VAR_SAFETY_FORMULA_3_6_002_k,FormulaVariable
{},USES_VARIABLE,SAFETY_FORMULA_3_6_002,Formula,SAFETY_VAR_SAFETY_FORMULA_3_6_002_p,FormulaVariable
{},USES_VARIABLE,SAFETY_FORMULA_3_6_002,Formula,SAFETY_VAR_SAFETY_FORMULA_3_6_002_t,FormulaVariable
{},USES_VARIABLE,SAFETY_FORMULA_3_7_004,Formula,SAFETY_VAR_SAFETY_FORMULA_3_7_004_逻辑关联形式,FormulaVariable
{},USES_VARIABLE,SAFETY_FORMULA_3_8_001,Formula,SAFETY_VAR_SAFETY_FORMULA_3_8_001_逻辑关联形式,FormulaVariable
{},USES_VARIABLE,SAFETY_FORMULA_3_9_006,Formula,SAFETY_VAR_SAFETY_FORMULA_3_9_006_逻辑关联形式,FormulaVariable
{},HAS_FORMULA,SAFETY_METHOD_2_11_01,Method,SAFETY_FORMULA_2_11_001,Formula
{},HAS_FORMULA,SAFETY_METHOD_2_11_02,Method,SAFETY_FORMULA_2_11_002,Formula
{},HAS_FORMULA,SAFETY_METHOD_2_11_02,Method,SAFETY_FORMULA_2_11_003,Formula
{},HAS_FORMULA,SAFETY_METHOD_2_11_02,Method,SAFETY_FORMULA_2_11_004,Formula
{},HAS_FORMULA,SAFETY_METHOD_2_11_02,Method,SAFETY_FORMULA_2_11_005,Formula
{},HAS_FORMULA,SAFETY_METHOD_2_11_03,Method,SAFETY_FORMULA_2_11_006,Formula
{},HAS_FORMULA,SAFETY_METHOD_2_11_03,Method,SAFETY_FORMULA_2_11_007,Formula
{},HAS_FORMULA,SAFETY_METHOD_2_11_03,Method,SAFETY_FORMULA_2_11_008,Formula
{},HAS_FORMULA,SAFETY_METHOD_2_11_03,Method,SAFETY_FORMULA_2_11_009,Formula
{},HAS_FORMULA,SAFETY_METHOD_2_11_04,Method,SAFETY_FORMULA_2_11_010,Formula
{},HAS_FORMULA,SAFETY_METHOD_2_11_04,Method,SAFETY_FORMULA_2_11_011,Formula
{},HAS_FORMULA,SAFETY_METHOD_2_11_04,Method,SAFETY_FORMULA_2_11_012,Formula
{},HAS_FORMULA,SAFETY_METHOD_2_11_05,Method,SAFETY_FORMULA_2_11_013,Formula
{},HAS_FORMULA,SAFETY_METHOD_2_11_05,Method,SAFETY_FORMULA_2_11_014,Formula
{},HAS_FORMULA,SAFETY_METHOD_2_11_05,Method,SAFETY_FORMULA_2_11_015,Formula
{},HAS_FORMULA,SAFETY_METHOD_2_11_06,Method,SAFETY_FORMULA_2_11_016,Formula
{},HAS_FORMULA,SAFETY_METHOD_2_11_06,Method,SAFETY_FORMULA_2_11_017,Formula
{},HAS_FORMULA,SAFETY_METHOD_2_11_06,Method,SAFETY_FORMULA_2_11_018,Formula
{},HAS_FORMULA,SAFETY_METHOD_2_11_06,Method,SAFETY_FORMULA_2_11_019,Formula
{},HAS_FORMULA,SAFETY_METHOD_2_11_06,Method,SAFETY_FORMULA_2_11_020,Formula
{},HAS_FORMULA,SAFETY_METHOD_2_11_07,Method,SAFETY_FORMULA_2_11_021,Formula
{},HAS_FORMULA,SAFETY_METHOD_2_1_01,Method,SAFETY_FORMULA_2_1_004,Formula
{},HAS_FORMULA,SAFETY_METHOD_2_1_01,Method,SAFETY_FORMULA_2_1_005,Formula
{},HAS_FORMULA,SAFETY_METHOD_2_1_01,Method,SAFETY_FORMULA_2_1_006,Formula
{},HAS_FORMULA,SAFETY_METHOD_2_1_02,Method,SAFETY_FORMULA_2_1_007,Formula
{},HAS_FORMULA,SAFETY_METHOD_2_1_02,Method,SAFETY_FORMULA_2_1_008,Formula
{},HAS_FORMULA,SAFETY_METHOD_2_1_02,Method,SAFETY_FORMULA_2_1_009,Formula
{},HAS_FORMULA,SAFETY_METHOD_2_1_02,Method,SAFETY_FORMULA_2_1_010,Formula
{},HAS_FORMULA,SAFETY_METHOD_2_1_02,Method,SAFETY_FORMULA_2_1_011,Formula
{},HAS_FORMULA,SAFETY_METHOD_2_1_02,Method,SAFETY_FORMULA_2_1_012,Formula
{},HAS_FORMULA,SAFETY_METHOD_2_1_02,Method,SAFETY_FORMULA_2_1_013,Formula
{},HAS_FORMULA,SAFETY_METHOD_2_21_01,Method,SAFETY_FORMULA_2_21_1_001,Formula
{},HAS_FORMULA,SAFETY_METHOD_2_21_01,Method,SAFETY_FORMULA_2_21_1_002,Formula
{},HAS_FORMULA,SAFETY_METHOD_2_21_01,Method,SAFETY_FORMULA_2_21_1_003,Formula
{},HAS_FORMULA,SAFETY_METHOD_2_21_01,Method,SAFETY_FORMULA_2_21_1_004,Formula
{},HAS_FORMULA,SAFETY_METHOD_2_21_01,Method,SAFETY_FORMULA_2_21_1_005,Formula
{},HAS_FORMULA,SAFETY_METHOD_2_21_01,Method,SAFETY_FORMULA_2_21_1_006,Formula
{},HAS_FORMULA,SAFETY_METHOD_2_21_01,Method,SAFETY_FORMULA_2_21_1_007,Formula
{},HAS_FORMULA,SAFETY_METHOD_2_21_01,Method,SAFETY_FORMULA_2_21_1_008,Formula
{},HAS_FORMULA,SAFETY_METHOD_2_21_01,Method,SAFETY_FORMULA_2_21_1_009,Formula
{},HAS_FORMULA,SAFETY_METHOD_2_21_01,Method,SAFETY_FORMULA_2_21_1_010,Formula
{},HAS_FORMULA,SAFETY_METHOD_2_21_01,Method,SAFETY_FORMULA_2_21_1_011,Formula
{},HAS_FORMULA,SAFETY_METHOD_2_21_01,Method,SAFETY_FORMULA_2_21_1_012,Formula
{},HAS_FORMULA,SAFETY_METHOD_2_21_01,Method,SAFETY_FORMULA_2_21_1_013,Formula
{},HAS_FORMULA,SAFETY_METHOD_2_21_01,Method,SAFETY_FORMULA_2_21_1_014,Formula
{},HAS_FORMULA,SAFETY_METHOD_2_21_01,Method,SAFETY_FORMULA_2_21_1_015,Formula
{},HAS_FORMULA,SAFETY_METHOD_2_21_01,Method,SAFETY_FORMULA_2_21_1_016,Formula
{},HAS_FORMULA,SAFETY_METHOD_2_21_01,Method,SAFETY_FORMULA_2_21_1_017,Formula
{},HAS_FORMULA,SAFETY_METHOD_2_21_01,Method,SAFETY_FORMULA_2_21_1_018,Formula
{},HAS_FORMULA,SAFETY_METHOD_2_21_01,Method,SAFETY_FORMULA_2_21_1_019,Formula
{},HAS_FORMULA,SAFETY_METHOD_2_21_01,Method,SAFETY_FORMULA_2_21_1_020,Formula
{},HAS_FORMULA,SAFETY_METHOD_2_21_01,Method,SAFETY_FORMULA_2_21_1_021,Formula
{},HAS_FORMULA,SAFETY_METHOD_2_21_01,Method,SAFETY_FORMULA_2_21_1_022,Formula
{},HAS_FORMULA,SAFETY_METHOD_2_21_02,Method,SAFETY_FORMULA_2_21_2_001,Formula
{},HAS_FORMULA,SAFETY_METHOD_2_21_02,Method,SAFETY_FORMULA_2_21_2_002,Formula
{},HAS_FORMULA,SAFETY_METHOD_2_21_03,Method,SAFETY_FORMULA_2_21_3_001,Formula
{},HAS_FORMULA,SAFETY_METHOD_2_21_03,Method,SAFETY_FORMULA_2_21_3_002,Formula
{},HAS_FORMULA,SAFETY_METHOD_2_22_01,Method,SAFETY_FORMULA_2_22_001,Formula
{},HAS_FORMULA,SAFETY_METHOD_2_22_01,Method,SAFETY_FORMULA_2_22_002,Formula
{},HAS_FORMULA,SAFETY_METHOD_2_22_02,Method,SAFETY_FORMULA_2_22_003,Formula
{},HAS_FORMULA,SAFETY_METHOD_2_22_02,Method,SAFETY_FORMULA_2_22_004,Formula
{},HAS_FORMULA,SAFETY_METHOD_2_22_02,Method,SAFETY_FORMULA_2_22_005,Formula
{},HAS_FORMULA,SAFETY_METHOD_2_22_02,Method,SAFETY_FORMULA_2_22_006,Formula
{},HAS_FORMULA,SAFETY_METHOD_2_23_01,Method,SAFETY_FORMULA_2_23_001,Formula
{},HAS_FORMULA,SAFETY_METHOD_2_23_01,Method,SAFETY_FORMULA_2_23_002,Formula
{},HAS_FORMULA,SAFETY_METHOD_2_23_01,Method,SAFETY_FORMULA_2_23_003,Formula
{},HAS_FORMULA,SAFETY_METHOD_2_23_01,Method,SAFETY_FORMULA_2_23_004,Formula
{},HAS_FORMULA,SAFETY_METHOD_2_23_01,Method,SAFETY_FORMULA_2_23_005,Formula
{},HAS_FORMULA,SAFETY_METHOD_2_23_01,Method,SAFETY_FORMULA_2_23_006,Formula
{},HAS_FORMULA,SAFETY_METHOD_2_23_02,Method,SAFETY_FORMULA_2_23_007,Formula
{},HAS_FORMULA,SAFETY_METHOD_2_23_02,Method,SAFETY_FORMULA_2_23_008,Formula
{},HAS_FORMULA,SAFETY_METHOD_2_23_02,Method,SAFETY_FORMULA_2_23_009,Formula
{},HAS_FORMULA,SAFETY_METHOD_2_24_01,Method,SAFETY_FORMULA_2_24_005,Formula
{},HAS_FORMULA,SAFETY_METHOD_2_26_01,Method,SAFETY_FORMULA_2_26_001,Formula
{},HAS_FORMULA,SAFETY_METHOD_2_26_01,Method,SAFETY_FORMULA_2_26_002,Formula
{},HAS_FORMULA,SAFETY_METHOD_2_26_02,Method,SAFETY_FORMULA_2_26_003,Formula
{},HAS_FORMULA,SAFETY_METHOD_2_26_02,Method,SAFETY_FORMULA_2_26_004,Formula
{},HAS_FORMULA,SAFETY_METHOD_2_26_02,Method,SAFETY_FORMULA_2_26_005,Formula
{},HAS_FORMULA,SAFETY_METHOD_2_29_01,Method,SAFETY_FORMULA_2_29_001,Formula
{},HAS_FORMULA,SAFETY_METHOD_2_29_02,Method,SAFETY_FORMULA_2_29_002,Formula
{},HAS_FORMULA,SAFETY_METHOD_2_29_02,Method,SAFETY_FORMULA_2_29_003,Formula
{},HAS_FORMULA,SAFETY_METHOD_2_29_02,Method,SAFETY_FORMULA_2_29_004,Formula
{},HAS_FORMULA,SAFETY_METHOD_2_29_02,Method,SAFETY_FORMULA_2_29_005,Formula
{},HAS_FORMULA,SAFETY_METHOD_2_29_03,Method,SAFETY_FORMULA_2_29_006,Formula
{},HAS_FORMULA,SAFETY_METHOD_2_29_03,Method,SAFETY_FORMULA_2_29_007,Formula
{},HAS_FORMULA,SAFETY_METHOD_2_29_03,Method,SAFETY_FORMULA_2_29_008,Formula
{},HAS_FORMULA,SAFETY_METHOD_2_29_03,Method,SAFETY_FORMULA_2_29_009,Formula
{},HAS_FORMULA,SAFETY_METHOD_2_29_04,Method,SAFETY_FORMULA_2_29_010,Formula
{},HAS_FORMULA,SAFETY_METHOD_2_2_01,Method,SAFETY_FORMULA_2_2_002,Formula
{},HAS_FORMULA,SAFETY_METHOD_2_2_01,Method,SAFETY_FORMULA_2_2_003,Formula
{},HAS_FORMULA,SAFETY_METHOD_2_2_01,Method,SAFETY_FORMULA_2_2_004,Formula
{},HAS_FORMULA,SAFETY_METHOD_2_2_01,Method,SAFETY_FORMULA_2_2_005,Formula
{},HAS_FORMULA,SAFETY_METHOD_2_2_01,Method,SAFETY_FORMULA_2_2_006,Formula
{},HAS_FORMULA,SAFETY_METHOD_2_2_01,Method,SAFETY_FORMULA_2_2_007,Formula
{},HAS_FORMULA,SAFETY_METHOD_2_2_01,Method,SAFETY_FORMULA_2_2_008,Formula
{},HAS_FORMULA,SAFETY_METHOD_2_30_01,Method,SAFETY_FORMULA_2_30_001,Formula
{},HAS_FORMULA,SAFETY_METHOD_2_30_02,Method,SAFETY_FORMULA_2_30_002,Formula
{},HAS_FORMULA,SAFETY_METHOD_2_30_02,Method,SAFETY_FORMULA_2_30_003,Formula
{},HAS_FORMULA,SAFETY_METHOD_2_30_02,Method,SAFETY_FORMULA_2_30_004,Formula
{},HAS_FORMULA,SAFETY_METHOD_2_30_02,Method,SAFETY_FORMULA_2_30_005,Formula
{},HAS_FORMULA,SAFETY_METHOD_2_30_02,Method,SAFETY_FORMULA_2_30_006,Formula
{},HAS_FORMULA,SAFETY_METHOD_2_30_02,Method,SAFETY_FORMULA_2_30_007,Formula
{},HAS_FORMULA,SAFETY_METHOD_2_31_01,Method,SAFETY_FORMULA_2_31_001,Formula
{},HAS_FORMULA,SAFETY_METHOD_2_31_02,Method,SAFETY_FORMULA_2_31_002,Formula
{},HAS_FORMULA,SAFETY_METHOD_2_32_01,Method,SAFETY_FORMULA_2_32_001,Formula
{},HAS_FORMULA,SAFETY_METHOD_2_32_01,Method,SAFETY_FORMULA_2_32_002,Formula
{},HAS_FORMULA,SAFETY_METHOD_2_32_01,Method,SAFETY_FORMULA_2_32_003,Formula
{},HAS_FORMULA,SAFETY_METHOD_2_32_01,Method,SAFETY_FORMULA_2_32_004,Formula
{},HAS_FORMULA,SAFETY_METHOD_2_32_02,Method,SAFETY_FORMULA_2_32_005,Formula
{},HAS_FORMULA,SAFETY_METHOD_2_32_02,Method,SAFETY_FORMULA_2_32_006,Formula
{},HAS_FORMULA,SAFETY_METHOD_2_32_02,Method,SAFETY_FORMULA_2_32_007,Formula
{},HAS_FORMULA,SAFETY_METHOD_2_32_02,Method,SAFETY_FORMULA_2_32_008,Formula
{},HAS_FORMULA,SAFETY_METHOD_2_32_03,Method,SAFETY_FORMULA_2_32_009,Formula
{},HAS_FORMULA,SAFETY_METHOD_2_32_03,Method,SAFETY_FORMULA_2_32_010,Formula
{},HAS_FORMULA,SAFETY_METHOD_2_32_03,Method,SAFETY_FORMULA_2_32_011,Formula
{},HAS_FORMULA,SAFETY_METHOD_2_32_03,Method,SAFETY_FORMULA_2_32_012,Formula
{},HAS_FORMULA,SAFETY_METHOD_2_32_03,Method,SAFETY_FORMULA_2_32_013,Formula
{},HAS_FORMULA,SAFETY_METHOD_2_32_03,Method,SAFETY_FORMULA_2_32_014,Formula
{},HAS_FORMULA,SAFETY_METHOD_2_32_05,Method,SAFETY_FORMULA_2_32_015,Formula
{},HAS_FORMULA,SAFETY_METHOD_2_32_05,Method,SAFETY_FORMULA_2_32_016,Formula
{},HAS_FORMULA,SAFETY_METHOD_2_32_06,Method,SAFETY_FORMULA_2_32_017,Formula
{},HAS_FORMULA,SAFETY_METHOD_2_32_06,Method,SAFETY_FORMULA_2_32_018,Formula
{},HAS_FORMULA,SAFETY_METHOD_2_32_06,Method,SAFETY_FORMULA_2_32_019,Formula
{},HAS_FORMULA,SAFETY_METHOD_2_5_01,Method,SAFETY_FORMULA_2_5_001,Formula
{},HAS_FORMULA,SAFETY_METHOD_2_5_01,Method,SAFETY_FORMULA_2_5_002,Formula
{},HAS_FORMULA,SAFETY_METHOD_2_5_01,Method,SAFETY_FORMULA_2_5_003,Formula
{},HAS_FORMULA,SAFETY_METHOD_2_5_01,Method,SAFETY_FORMULA_2_5_004,Formula
{},HAS_FORMULA,SAFETY_METHOD_2_5_02,Method,SAFETY_FORMULA_2_5_005,Formula
{},HAS_FORMULA,SAFETY_METHOD_2_5_02,Method,SAFETY_FORMULA_2_5_006,Formula
{},HAS_FORMULA,SAFETY_METHOD_2_5_02,Method,SAFETY_FORMULA_2_5_007,Formula
{},HAS_FORMULA,SAFETY_METHOD_2_5_02,Method,SAFETY_FORMULA_2_5_008,Formula
{},HAS_FORMULA,SAFETY_METHOD_2_5_02,Method,SAFETY_FORMULA_2_5_009,Formula
{},HAS_FORMULA,SAFETY_METHOD_2_5_02,Method,SAFETY_FORMULA_2_5_010,Formula
{},HAS_FORMULA,SAFETY_METHOD_2_5_02,Method,SAFETY_FORMULA_2_5_011,Formula
{},HAS_FORMULA,SAFETY_METHOD_2_5_02,Method,SAFETY_FORMULA_2_5_012,Formula
{},HAS_FORMULA,SAFETY_METHOD_2_5_03,Method,SAFETY_FORMULA_2_5_013,Formula
{},HAS_FORMULA,SAFETY_METHOD_2_5_03,Method,SAFETY_FORMULA_2_5_014,Formula
{},HAS_FORMULA,SAFETY_METHOD_2_5_03,Method,SAFETY_FORMULA_2_5_015,Formula
{},HAS_FORMULA,SAFETY_METHOD_2_5_03,Method,SAFETY_FORMULA_2_5_016,Formula
{},HAS_FORMULA,SAFETY_METHOD_2_5_03,Method,SAFETY_FORMULA_2_5_017,Formula
{},HAS_FORMULA,SAFETY_METHOD_2_5_03,Method,SAFETY_FORMULA_2_5_018,Formula
{},HAS_FORMULA,SAFETY_METHOD_2_5_03,Method,SAFETY_FORMULA_2_5_019,Formula
{},HAS_FORMULA,SAFETY_METHOD_2_5_03,Method,SAFETY_FORMULA_2_5_020,Formula
{},HAS_FORMULA,SAFETY_METHOD_2_8_01,Method,SAFETY_FORMULA_2_8_001,Formula
{},HAS_FORMULA,SAFETY_METHOD_2_8_01,Method,SAFETY_FORMULA_2_8_002,Formula
{},HAS_FORMULA,SAFETY_METHOD_2_8_01,Method,SAFETY_FORMULA_2_8_003,Formula
{},HAS_FORMULA,SAFETY_METHOD_2_8_01,Method,SAFETY_FORMULA_2_8_004,Formula
{},HAS_FORMULA,SAFETY_METHOD_2_8_01,Method,SAFETY_FORMULA_2_8_005,Formula
{},HAS_FORMULA,SAFETY_METHOD_3_10_01,Method,SAFETY_FORMULA_3_10_004,Formula
{},HAS_FORMULA,SAFETY_METHOD_3_10_02,Method,SAFETY_FORMULA_3_10_005,Formula
{},HAS_FORMULA,SAFETY_METHOD_3_10_03,Method,SAFETY_FORMULA_3_10_006,Formula
{},HAS_FORMULA,SAFETY_METHOD_3_11_01,Method,SAFETY_FORMULA_3_11_001,Formula
{},HAS_FORMULA,SAFETY_METHOD_3_11_02,Method,SAFETY_FORMULA_3_11_002,Formula
{},HAS_FORMULA,SAFETY_METHOD_3_11_02,Method,SAFETY_FORMULA_3_11_003,Formula
{},HAS_FORMULA,SAFETY_METHOD_3_11_02,Method,SAFETY_FORMULA_3_11_004,Formula
{},HAS_FORMULA,SAFETY_METHOD_3_11_02,Method,SAFETY_FORMULA_3_11_005,Formula
{},HAS_FORMULA,SAFETY_METHOD_3_11_02,Method,SAFETY_FORMULA_3_11_006,Formula
{},HAS_FORMULA,SAFETY_METHOD_3_11_02,Method,SAFETY_FORMULA_3_11_007,Formula
{},HAS_FORMULA,SAFETY_METHOD_3_11_02,Method,SAFETY_FORMULA_3_11_008,Formula
{},HAS_FORMULA,SAFETY_METHOD_3_12_01,Method,SAFETY_FORMULA_3_12_001,Formula
{},HAS_FORMULA,SAFETY_METHOD_3_12_01,Method,SAFETY_FORMULA_3_12_002,Formula
{},HAS_FORMULA,SAFETY_METHOD_3_12_02,Method,SAFETY_FORMULA_3_12_003,Formula
{},HAS_FORMULA,SAFETY_METHOD_3_12_02,Method,SAFETY_FORMULA_3_12_004,Formula
{},HAS_FORMULA,SAFETY_METHOD_3_2_01,Method,SAFETY_FORMULA_3_2_002,Formula
{},HAS_FORMULA,SAFETY_METHOD_3_2_02,Method,SAFETY_FORMULA_3_2_003,Formula
{},HAS_FORMULA,SAFETY_METHOD_3_2_02,Method,SAFETY_FORMULA_3_2_004,Formula
{},HAS_FORMULA,SAFETY_METHOD_3_2_02,Method,SAFETY_FORMULA_3_2_005,Formula
{},HAS_FORMULA,SAFETY_METHOD_3_2_02,Method,SAFETY_FORMULA_3_2_006,Formula
{},HAS_FORMULA,SAFETY_METHOD_3_2_02,Method,SAFETY_FORMULA_3_2_007,Formula
{},HAS_FORMULA,SAFETY_METHOD_3_2_02,Method,SAFETY_FORMULA_3_2_008,Formula
{},HAS_FORMULA,SAFETY_METHOD_3_2_02,Method,SAFETY_FORMULA_3_2_009,Formula
{},HAS_FORMULA,SAFETY_METHOD_3_2_02,Method,SAFETY_FORMULA_3_2_010,Formula
{},HAS_FORMULA,SAFETY_METHOD_3_2_02,Method,SAFETY_FORMULA_3_2_011,Formula
{},HAS_FORMULA,SAFETY_METHOD_3_2_02,Method,SAFETY_FORMULA_3_2_012,Formula
{},HAS_FORMULA,SAFETY_METHOD_3_2_02,Method,SAFETY_FORMULA_3_2_013,Formula
{},HAS_FORMULA,SAFETY_METHOD_3_2_02,Method,SAFETY_FORMULA_3_2_014,Formula
{},HAS_FORMULA,SAFETY_METHOD_3_2_02,Method,SAFETY_FORMULA_3_2_015,Formula
{},HAS_FORMULA,SAFETY_METHOD_3_2_03,Method,SAFETY_FORMULA_3_2_016,Formula
{},HAS_FORMULA,SAFETY_METHOD_3_2_03,Method,SAFETY_FORMULA_3_2_017,Formula
{},HAS_FORMULA,SAFETY_METHOD_3_2_03,Method,SAFETY_FORMULA_3_2_018,Formula
{},HAS_FORMULA,SAFETY_METHOD_3_2_03,Method,SAFETY_FORMULA_3_2_019,Formula
{},HAS_FORMULA,SAFETY_METHOD_3_2_03,Method,SAFETY_FORMULA_3_2_020,Formula
{},HAS_FORMULA,SAFETY_METHOD_3_2_03,Method,SAFETY_FORMULA_3_2_021,Formula
{},HAS_FORMULA,SAFETY_METHOD_3_2_03,Method,SAFETY_FORMULA_3_2_022,Formula
{},HAS_FORMULA,SAFETY_METHOD_3_2_03,Method,SAFETY_FORMULA_3_2_023,Formula
{},HAS_FORMULA,SAFETY_METHOD_3_2_03,Method,SAFETY_FORMULA_3_2_024,Formula
{},HAS_FORMULA,SAFETY_METHOD_3_2_03,Method,SAFETY_FORMULA_3_2_025,Formula
{},HAS_FORMULA,SAFETY_METHOD_3_2_03,Method,SAFETY_FORMULA_3_2_026,Formula
{},HAS_FORMULA,SAFETY_METHOD_3_2_03,Method,SAFETY_FORMULA_3_2_027,Formula
{},HAS_FORMULA,SAFETY_METHOD_3_2_04,Method,SAFETY_FORMULA_3_2_028,Formula
{},HAS_FORMULA,SAFETY_METHOD_3_2_04,Method,SAFETY_FORMULA_3_2_029,Formula
{},HAS_FORMULA,SAFETY_METHOD_3_2_04,Method,SAFETY_FORMULA_3_2_030,Formula
{},HAS_FORMULA,SAFETY_METHOD_3_2_04,Method,SAFETY_FORMULA_3_2_031,Formula
{},HAS_FORMULA,SAFETY_METHOD_3_2_04,Method,SAFETY_FORMULA_3_2_032,Formula
{},HAS_FORMULA,SAFETY_METHOD_3_2_04,Method,SAFETY_FORMULA_3_2_033,Formula
{},HAS_FORMULA,SAFETY_METHOD_3_2_04,Method,SAFETY_FORMULA_3_2_034,Formula
{},HAS_FORMULA,SAFETY_METHOD_3_2_04,Method,SAFETY_FORMULA_3_2_035,Formula
{},HAS_FORMULA,SAFETY_METHOD_3_2_04,Method,SAFETY_FORMULA_3_2_036,Formula
{},HAS_FORMULA,SAFETY_METHOD_3_2_04,Method,SAFETY_FORMULA_3_2_037,Formula
{},HAS_FORMULA,SAFETY_METHOD_3_2_04,Method,SAFETY_FORMULA_3_2_038,Formula
{},HAS_FORMULA,SAFETY_METHOD_3_2_04,Method,SAFETY_FORMULA_3_2_039,Formula
{},HAS_FORMULA,SAFETY_METHOD_3_2_04,Method,SAFETY_FORMULA_3_2_040,Formula
{},HAS_FORMULA,SAFETY_METHOD_3_2_04,Method,SAFETY_FORMULA_3_2_041,Formula
{},HAS_FORMULA,SAFETY_METHOD_3_2_04,Method,SAFETY_FORMULA_3_2_042,Formula
{},HAS_FORMULA,SAFETY_METHOD_3_2_05,Method,SAFETY_FORMULA_3_2_043,Formula
{},HAS_FORMULA,SAFETY_METHOD_3_2_05,Method,SAFETY_FORMULA_3_2_044,Formula
{},HAS_FORMULA,SAFETY_METHOD_3_2_05,Method,SAFETY_FORMULA_3_2_045,Formula
{},HAS_FORMULA,SAFETY_METHOD_3_2_05,Method,SAFETY_FORMULA_3_2_046,Formula
{},HAS_FORMULA,SAFETY_METHOD_3_2_05,Method,SAFETY_FORMULA_3_2_047,Formula
{},HAS_FORMULA,SAFETY_METHOD_3_2_05,Method,SAFETY_FORMULA_3_2_048,Formula
{},HAS_FORMULA,SAFETY_METHOD_3_2_05,Method,SAFETY_FORMULA_3_2_049,Formula
{},HAS_FORMULA,SAFETY_METHOD_3_2_05,Method,SAFETY_FORMULA_3_2_050,Formula
{},HAS_FORMULA,SAFETY_METHOD_3_2_05,Method,SAFETY_FORMULA_3_2_051,Formula
{},HAS_FORMULA,SAFETY_METHOD_3_2_05,Method,SAFETY_FORMULA_3_2_052,Formula
{},HAS_FORMULA,SAFETY_METHOD_3_2_05,Method,SAFETY_FORMULA_3_2_053,Formula
{},HAS_FORMULA,SAFETY_METHOD_3_2_05,Method,SAFETY_FORMULA_3_2_054,Formula
{},HAS_FORMULA,SAFETY_METHOD_3_2_05,Method,SAFETY_FORMULA_3_2_055,Formula
{},HAS_FORMULA,SAFETY_METHOD_3_5_01,Method,SAFETY_FORMULA_3_5_001,Formula
{},HAS_FORMULA,SAFETY_METHOD_3_5_02,Method,SAFETY_FORMULA_3_5_002,Formula
{},HAS_FORMULA,SAFETY_METHOD_3_5_02,Method,SAFETY_FORMULA_3_5_003,Formula
{},HAS_FORMULA,SAFETY_METHOD_3_5_02,Method,SAFETY_FORMULA_3_5_004,Formula
{},HAS_FORMULA,SAFETY_METHOD_3_5_03,Method,SAFETY_FORMULA_3_5_005,Formula
{},HAS_FORMULA,SAFETY_METHOD_3_5_03,Method,SAFETY_FORMULA_3_5_006,Formula
{},HAS_FORMULA,SAFETY_METHOD_3_5_04,Method,SAFETY_FORMULA_3_5_007,Formula
{},HAS_FORMULA,SAFETY_METHOD_3_5_05,Method,SAFETY_FORMULA_3_5_008,Formula
{},HAS_FORMULA,SAFETY_METHOD_3_5_06,Method,SAFETY_FORMULA_3_5_009,Formula
{},HAS_FORMULA,SAFETY_METHOD_3_5_06,Method,SAFETY_FORMULA_3_5_010,Formula
{},HAS_FORMULA,SAFETY_METHOD_3_5_06,Method,SAFETY_FORMULA_3_5_011,Formula
{},HAS_FORMULA,SAFETY_METHOD_3_5_07,Method,SAFETY_FORMULA_3_5_012,Formula
{},HAS_FORMULA,SAFETY_METHOD_3_5_07,Method,SAFETY_FORMULA_3_5_013,Formula
{},HAS_FORMULA,SAFETY_METHOD_3_5_07,Method,SAFETY_FORMULA_3_5_014,Formula
{},HAS_FORMULA,SAFETY_METHOD_3_5_07,Method,SAFETY_FORMULA_3_5_015,Formula
{},HAS_FORMULA,SAFETY_METHOD_3_5_07,Method,SAFETY_FORMULA_3_5_016,Formula
{},HAS_FORMULA,SAFETY_METHOD_3_5_07,Method,SAFETY_FORMULA_3_5_017,Formula
{},HAS_FORMULA,SAFETY_METHOD_3_5_08,Method,SAFETY_FORMULA_3_5_018,Formula
{},HAS_FORMULA,SAFETY_METHOD_3_5_09,Method,SAFETY_FORMULA_3_5_019,Formula
{},HAS_FORMULA,SAFETY_METHOD_3_5_10,Method,SAFETY_FORMULA_3_5_020,Formula
{},HAS_FORMULA,SAFETY_METHOD_3_5_10,Method,SAFETY_FORMULA_3_5_021,Formula
{},HAS_FORMULA,SAFETY_METHOD_3_5_10,Method,SAFETY_FORMULA_3_5_022,Formula
{},DESCRIBES,SAFETY_SEC_2_1,SectionContent,SAFE_LD_2_1,LogicDetail
{},DESCRIBES,SAFETY_SEC_2_10,SectionContent,SAFE_LD_2_10,LogicDetail
{},DESCRIBES,SAFETY_SEC_2_11,SectionContent,SAFE_LD_2_11,LogicDetail
{},DESCRIBES,SAFETY_SEC_2_12,SectionContent,SAFE_LD_2_12,LogicDetail
{},DESCRIBES,SAFETY_SEC_2_13,SectionContent,SAFE_LD_2_13,LogicDetail
{},DESCRIBES,SAFETY_SEC_2_14,SectionContent,SAFE_LD_2_14,LogicDetail
{},DESCRIBES,SAFETY_SEC_2_15,SectionContent,SAFE_LD_2_15,LogicDetail
{},DESCRIBES,SAFETY_SEC_2_16,SectionContent,SAFE_LD_2_16,LogicDetail
{},DESCRIBES,SAFETY_SEC_2_17,SectionContent,SAFE_LD_2_17,LogicDetail
{},DESCRIBES,SAFETY_SEC_2_18,SectionContent,SAFE_LD_2_18,LogicDetail
{},DESCRIBES,SAFETY_SEC_2_19,SectionContent,SAFE_LD_2_19,LogicDetail
{},DESCRIBES,SAFETY_SEC_2_2,SectionContent,SAFE_LD_2_2,LogicDetail
{},DESCRIBES,SAFETY_SEC_2_20,SectionContent,SAFE_LD_2_20,LogicDetail
{},DESCRIBES,SAFETY_SEC_2_21,SectionContent,SAFE_LD_2_21,LogicDetail
{},DESCRIBES,SAFETY_SEC_2_22,SectionContent,SAFE_LD_2_22,LogicDetail
{},DESCRIBES,SAFETY_SEC_2_23,SectionContent,SAFE_LD_2_23,LogicDetail
{},DESCRIBES,SAFETY_SEC_2_24,SectionContent,SAFE_LD_2_24,LogicDetail
{},DESCRIBES,SAFETY_SEC_2_25,SectionContent,SAFE_LD_2_25,LogicDetail
{},DESCRIBES,SAFETY_SEC_2_26,SectionContent,SAFE_LD_2_26,LogicDetail
{},DESCRIBES,SAFETY_SEC_2_27,SectionContent,SAFE_LD_2_27,LogicDetail
{},DESCRIBES,SAFETY_SEC_2_28,SectionContent,SAFE_LD_2_28,LogicDetail
{},DESCRIBES,SAFETY_SEC_2_29,SectionContent,SAFE_LD_2_29,LogicDetail
{},DESCRIBES,SAFETY_SEC_2_3,SectionContent,SAFE_LD_2_3,LogicDetail
{},DESCRIBES,SAFETY_SEC_2_30,SectionContent,SAFE_LD_2_30,LogicDetail
{},DESCRIBES,SAFETY_SEC_2_31,SectionContent,SAFE_LD_2_31,LogicDetail
{},DESCRIBES,SAFETY_SEC_2_32,SectionContent,SAFE_LD_2_32,LogicDetail
{},DESCRIBES,SAFETY_SEC_2_4,SectionContent,SAFE_LD_2_4,LogicDetail
{},DESCRIBES,SAFETY_SEC_2_5,SectionContent,SAFE_LD_2_5,LogicDetail
{},DESCRIBES,SAFETY_SEC_2_6,SectionContent,SAFE_LD_2_6,LogicDetail
{},DESCRIBES,SAFETY_SEC_2_7,SectionContent,SAFE_LD_2_7,LogicDetail
{},DESCRIBES,SAFETY_SEC_2_8,SectionContent,SAFE_LD_2_8,LogicDetail
{},DESCRIBES,SAFETY_SEC_2_9,SectionContent,SAFE_LD_2_9,LogicDetail
{},DESCRIBES,SAFETY_SEC_3_1,SectionContent,SAFE_LD_3_1,LogicDetail
{},DESCRIBES,SAFETY_SEC_3_10,SectionContent,SAFE_LD_3_10,LogicDetail
{},DESCRIBES,SAFETY_SEC_3_11,SectionContent,SAFE_LD_3_11,LogicDetail
{},DESCRIBES,SAFETY_SEC_3_12,SectionContent,SAFE_LD_3_12,LogicDetail
{},DESCRIBES,SAFETY_SEC_3_13,SectionContent,SAFE_LD_3_13,LogicDetail
{},DESCRIBES,SAFETY_SEC_3_14,SectionContent,SAFE_LD_3_14,LogicDetail
{},DESCRIBES,SAFETY_SEC_3_15,SectionContent,SAFE_LD_3_15,LogicDetail
{},DESCRIBES,SAFETY_SEC_3_16,SectionContent,SAFE_LD_3_16,LogicDetail
{},DESCRIBES,SAFETY_SEC_3_17,SectionContent,SAFE_LD_3_17,LogicDetail
{},DESCRIBES,SAFETY_SEC_3_18,SectionContent,SAFE_LD_3_18,LogicDetail
{},DESCRIBES,SAFETY_SEC_3_19,SectionContent,SAFE_LD_3_19,LogicDetail
{},DESCRIBES,SAFETY_SEC_3_2,SectionContent,SAFE_LD_3_2,LogicDetail
{},DESCRIBES,SAFETY_SEC_3_20,SectionContent,SAFE_LD_3_20,LogicDetail
{},DESCRIBES,SAFETY_SEC_3_21,SectionContent,SAFE_LD_3_21,LogicDetail
{},DESCRIBES,SAFETY_SEC_3_3,SectionContent,SAFE_LD_3_3,LogicDetail
{},DESCRIBES,SAFETY_SEC_3_4,SectionContent,SAFE_LD_3_4,LogicDetail
{},DESCRIBES,SAFETY_SEC_3_5,SectionContent,SAFE_LD_3_5,LogicDetail
{},DESCRIBES,SAFETY_SEC_3_6,SectionContent,SAFE_LD_3_6,LogicDetail
{},DESCRIBES,SAFETY_SEC_3_7,SectionContent,SAFE_LD_3_7,LogicDetail
{},DESCRIBES,SAFETY_SEC_3_8,SectionContent,SAFE_LD_3_8,LogicDetail
{},DESCRIBES,SAFETY_SEC_3_9,SectionContent,SAFE_LD_3_9,LogicDetail
{},HAS_CELL,SAFETY_TABLE_1-1,DataTable,CELL_SAFETY_TABLE_1-1_R3_C5,MatrixCell
{},HAS_CELL,SAFETY_TABLE_1-1,DataTable,CELL_SAFETY_TABLE_1-1_R4_C5,MatrixCell
{},HAS_CELL,SAFETY_TABLE_1-1,DataTable,CELL_SAFETY_TABLE_1-1_R5_C3,MatrixCell
{},HAS_CELL,SAFETY_TABLE_1-1,DataTable,CELL_SAFETY_TABLE_1-1_R5_C4,MatrixCell
{},HAS_CELL,SAFETY_TABLE_1-1,DataTable,CELL_SAFETY_TABLE_1-1_R5_C7,MatrixCell
{},HAS_CELL,SAFETY_TABLE_1-1,DataTable,CELL_SAFETY_TABLE_1-1_R6_C7,MatrixCell
{},HAS_CELL,SAFETY_TABLE_1-1,DataTable,CELL_SAFETY_TABLE_1-1_R7_C5,MatrixCell
{},HAS_CELL,SAFETY_TABLE_1-1,DataTable,CELL_SAFETY_TABLE_1-1_R7_C6,MatrixCell
{},HAS_RECORD,SAFETY_TABLE_1-1,DataTable,REC_SAFETY_TABLE_1-1_R1,TableRecord
{},HAS_RECORD,SAFETY_TABLE_1-1,DataTable,REC_SAFETY_TABLE_1-1_R2,TableRecord
{},HAS_RECORD,SAFETY_TABLE_1-1,DataTable,REC_SAFETY_TABLE_1-1_R3,TableRecord
{},HAS_RECORD,SAFETY_TABLE_1-1,DataTable,REC_SAFETY_TABLE_1-1_R4,TableRecord
{},HAS_RECORD,SAFETY_TABLE_1-1,DataTable,REC_SAFETY_TABLE_1-1_R5,TableRecord
{},HAS_RECORD,SAFETY_TABLE_1-1,DataTable,REC_SAFETY_TABLE_1-1_R6,TableRecord
{},HAS_RECORD,SAFETY_TABLE_1-1,DataTable,REC_SAFETY_TABLE_1-1_R7,TableRecord
{},HAS_CELL,SAFETY_TABLE_2-1,DataTable,CELL_SAFETY_TABLE_2-1_R10_C7,MatrixCell
{},HAS_CELL,SAFETY_TABLE_2-1,DataTable,CELL_SAFETY_TABLE_2-1_R10_C8,MatrixCell
{},HAS_CELL,SAFETY_TABLE_2-1,DataTable,CELL_SAFETY_TABLE_2-1_R10_C9,MatrixCell
{},HAS_CELL,SAFETY_TABLE_2-1,DataTable,CELL_SAFETY_TABLE_2-1_R11_C10,MatrixCell
{},HAS_CELL,SAFETY_TABLE_2-1,DataTable,CELL_SAFETY_TABLE_2-1_R12_C11,MatrixCell
{},HAS_CELL,SAFETY_TABLE_2-1,DataTable,CELL_SAFETY_TABLE_2-1_R12_C12,MatrixCell
{},HAS_CELL,SAFETY_TABLE_2-1,DataTable,CELL_SAFETY_TABLE_2-1_R12_C13,MatrixCell
{},HAS_CELL,SAFETY_TABLE_2-1,DataTable,CELL_SAFETY_TABLE_2-1_R12_C3,MatrixCell
{},HAS_CELL,SAFETY_TABLE_2-1,DataTable,CELL_SAFETY_TABLE_2-1_R12_C4,MatrixCell
{},HAS_CELL,SAFETY_TABLE_2-1,DataTable,CELL_SAFETY_TABLE_2-1_R12_C5,MatrixCell
{},HAS_CELL,SAFETY_TABLE_2-1,DataTable,CELL_SAFETY_TABLE_2-1_R12_C6,MatrixCell
{},HAS_CELL,SAFETY_TABLE_2-1,DataTable,CELL_SAFETY_TABLE_2-1_R12_C9,MatrixCell
{},HAS_CELL,SAFETY_TABLE_2-1,DataTable,CELL_SAFETY_TABLE_2-1_R13_C10,MatrixCell
{},HAS_CELL,SAFETY_TABLE_2-1,DataTable,CELL_SAFETY_TABLE_2-1_R13_C3,MatrixCell
{},HAS_CELL,SAFETY_TABLE_2-1,DataTable,CELL_SAFETY_TABLE_2-1_R13_C4,MatrixCell
{},HAS_CELL,SAFETY_TABLE_2-1,DataTable,CELL_SAFETY_TABLE_2-1_R13_C5,MatrixCell
{},HAS_CELL,SAFETY_TABLE_2-1,DataTable,CELL_SAFETY_TABLE_2-1_R13_C6,MatrixCell
{},HAS_CELL,SAFETY_TABLE_2-1,DataTable,CELL_SAFETY_TABLE_2-1_R13_C8,MatrixCell
{},HAS_CELL,SAFETY_TABLE_2-1,DataTable,CELL_SAFETY_TABLE_2-1_R13_C9,MatrixCell
{},HAS_CELL,SAFETY_TABLE_2-1,DataTable,CELL_SAFETY_TABLE_2-1_R14_C11,MatrixCell
{},HAS_CELL,SAFETY_TABLE_2-1,DataTable,CELL_SAFETY_TABLE_2-1_R14_C12,MatrixCell
{},HAS_CELL,SAFETY_TABLE_2-1,DataTable,CELL_SAFETY_TABLE_2-1_R14_C13,MatrixCell
{},HAS_CELL,SAFETY_TABLE_2-1,DataTable,CELL_SAFETY_TABLE_2-1_R14_C3,MatrixCell
{},HAS_CELL,SAFETY_TABLE_2-1,DataTable,CELL_SAFETY_TABLE_2-1_R14_C4,MatrixCell
{},HAS_CELL,SAFETY_TABLE_2-1,DataTable,CELL_SAFETY_TABLE_2-1_R14_C5,MatrixCell
{},HAS_CELL,SAFETY_TABLE_2-1,DataTable,CELL_SAFETY_TABLE_2-1_R14_C6,MatrixCell
{},HAS_CELL,SAFETY_TABLE_2-1,DataTable,CELL_SAFETY_TABLE_2-1_R14_C7,MatrixCell
{},HAS_CELL,SAFETY_TABLE_2-1,DataTable,CELL_SAFETY_TABLE_2-1_R3_C3,MatrixCell
{},HAS_CELL,SAFETY_TABLE_2-1,DataTable,CELL_SAFETY_TABLE_2-1_R3_C4,MatrixCell
{},HAS_CELL,SAFETY_TABLE_2-1,DataTable,CELL_SAFETY_TABLE_2-1_R3_C5,MatrixCell
{},HAS_CELL,SAFETY_TABLE_2-1,DataTable,CELL_SAFETY_TABLE_2-1_R4_C10,MatrixCell
{},HAS_CELL,SAFETY_TABLE_2-1,DataTable,CELL_SAFETY_TABLE_2-1_R4_C7,MatrixCell
{},HAS_CELL,SAFETY_TABLE_2-1,DataTable,CELL_SAFETY_TABLE_2-1_R5_C11,MatrixCell
{},HAS_CELL,SAFETY_TABLE_2-1,DataTable,CELL_SAFETY_TABLE_2-1_R5_C12,MatrixCell
{},HAS_CELL,SAFETY_TABLE_2-1,DataTable,CELL_SAFETY_TABLE_2-1_R5_C13,MatrixCell
{},HAS_CELL,SAFETY_TABLE_2-1,DataTable,CELL_SAFETY_TABLE_2-1_R5_C4,MatrixCell
{},HAS_CELL,SAFETY_TABLE_2-1,DataTable,CELL_SAFETY_TABLE_2-1_R5_C5,MatrixCell
{},HAS_CELL,SAFETY_TABLE_2-1,DataTable,CELL_SAFETY_TABLE_2-1_R5_C6,MatrixCell
{},HAS_CELL,SAFETY_TABLE_2-1,DataTable,CELL_SAFETY_TABLE_2-1_R6_C7,MatrixCell
{},HAS_CELL,SAFETY_TABLE_2-1,DataTable,CELL_SAFETY_TABLE_2-1_R7_C6,MatrixCell
{},HAS_CELL,SAFETY_TABLE_2-1,DataTable,CELL_SAFETY_TABLE_2-1_R7_C7,MatrixCell
{},HAS_CELL,SAFETY_TABLE_2-1,DataTable,CELL_SAFETY_TABLE_2-1_R8_C3,MatrixCell
{},HAS_CELL,SAFETY_TABLE_2-1,DataTable,CELL_SAFETY_TABLE_2-1_R8_C4,MatrixCell
{},HAS_CELL,SAFETY_TABLE_2-1,DataTable,CELL_SAFETY_TABLE_2-1_R8_C5,MatrixCell
{},HAS_CELL,SAFETY_TABLE_2-1,DataTable,CELL_SAFETY_TABLE_2-1_R9_C11,MatrixCell
{},HAS_CELL,SAFETY_TABLE_2-1,DataTable,CELL_SAFETY_TABLE_2-1_R9_C12,MatrixCell
{},HAS_CELL,SAFETY_TABLE_2-1,DataTable,CELL_SAFETY_TABLE_2-1_R9_C13,MatrixCell
{},HAS_CELL,SAFETY_TABLE_2-1,DataTable,CELL_SAFETY_TABLE_2-1_R9_C7,MatrixCell
{},HAS_RECORD,SAFETY_TABLE_2-1,DataTable,REC_SAFETY_TABLE_2-1_R1,TableRecord
{},HAS_RECORD,SAFETY_TABLE_2-1,DataTable,REC_SAFETY_TABLE_2-1_R10,TableRecord
{},HAS_RECORD,SAFETY_TABLE_2-1,DataTable,REC_SAFETY_TABLE_2-1_R11,TableRecord
{},HAS_RECORD,SAFETY_TABLE_2-1,DataTable,REC_SAFETY_TABLE_2-1_R12,TableRecord
{},HAS_RECORD,SAFETY_TABLE_2-1,DataTable,REC_SAFETY_TABLE_2-1_R13,TableRecord
{},HAS_RECORD,SAFETY_TABLE_2-1,DataTable,REC_SAFETY_TABLE_2-1_R14,TableRecord
{},HAS_RECORD,SAFETY_TABLE_2-1,DataTable,REC_SAFETY_TABLE_2-1_R2,TableRecord
{},HAS_RECORD,SAFETY_TABLE_2-1,DataTable,REC_SAFETY_TABLE_2-1_R3,TableRecord
{},HAS_RECORD,SAFETY_TABLE_2-1,DataTable,REC_SAFETY_TABLE_2-1_R4,TableRecord
{},HAS_RECORD,SAFETY_TABLE_2-1,DataTable,REC_SAFETY_TABLE_2-1_R5,TableRecord
{},HAS_RECORD,SAFETY_TABLE_2-1,DataTable,REC_SAFETY_TABLE_2-1_R6,TableRecord
{},HAS_RECORD,SAFETY_TABLE_2-1,DataTable,REC_SAFETY_TABLE_2-1_R7,TableRecord
{},HAS_RECORD,SAFETY_TABLE_2-1,DataTable,REC_SAFETY_TABLE_2-1_R8,TableRecord
{},HAS_RECORD,SAFETY_TABLE_2-1,DataTable,REC_SAFETY_TABLE_2-1_R9,TableRecord
{},HAS_RECORD,SAFETY_TABLE_2-2_T11,DataTable,REC_SAFETY_TABLE_2-2_T11_R1,TableRecord
{},HAS_RECORD,SAFETY_TABLE_2-2_T11,DataTable,REC_SAFETY_TABLE_2-2_T11_R2,TableRecord
{},HAS_RECORD,SAFETY_TABLE_2-2_T11,DataTable,REC_SAFETY_TABLE_2-2_T11_R3,TableRecord
{},HAS_RECORD,SAFETY_TABLE_2-2_T11,DataTable,REC_SAFETY_TABLE_2-2_T11_R4,TableRecord
{},HAS_RECORD,SAFETY_TABLE_2-2_T11,DataTable,REC_SAFETY_TABLE_2-2_T11_R5,TableRecord
{},HAS_RECORD,SAFETY_TABLE_2-2_T11,DataTable,REC_SAFETY_TABLE_2-2_T11_R6,TableRecord
{},HAS_RECORD,SAFETY_TABLE_2-2_T3,DataTable,REC_SAFETY_TABLE_2-2_T3_R1,TableRecord
{},HAS_RECORD,SAFETY_TABLE_2-2_T3,DataTable,REC_SAFETY_TABLE_2-2_T3_R2,TableRecord
{},HAS_RECORD,SAFETY_TABLE_2-3_T12,DataTable,REC_SAFETY_TABLE_2-3_T12_R1,TableRecord
{},HAS_RECORD,SAFETY_TABLE_2-3_T12,DataTable,REC_SAFETY_TABLE_2-3_T12_R2,TableRecord
{},HAS_RECORD,SAFETY_TABLE_2-3_T12,DataTable,REC_SAFETY_TABLE_2-3_T12_R3,TableRecord
{},HAS_RECORD,SAFETY_TABLE_2-3_T12,DataTable,REC_SAFETY_TABLE_2-3_T12_R4,TableRecord
{},HAS_RECORD,SAFETY_TABLE_2-3_T12,DataTable,REC_SAFETY_TABLE_2-3_T12_R5,TableRecord
{},HAS_RECORD,SAFETY_TABLE_2-3_T4,DataTable,REC_SAFETY_TABLE_2-3_T4_R1,TableRecord
{},HAS_RECORD,SAFETY_TABLE_2-3_T4,DataTable,REC_SAFETY_TABLE_2-3_T4_R2,TableRecord
{},HAS_RECORD,SAFETY_TABLE_2-4,DataTable,REC_SAFETY_TABLE_2-4_R1,TableRecord
{},HAS_RECORD,SAFETY_TABLE_2-4,DataTable,REC_SAFETY_TABLE_2-4_R2,TableRecord
{},HAS_RECORD,SAFETY_TABLE_2-5,DataTable,REC_SAFETY_TABLE_2-5_R1,TableRecord
{},HAS_RECORD,SAFETY_TABLE_2-5,DataTable,REC_SAFETY_TABLE_2-5_R2,TableRecord
{},HAS_RECORD,SAFETY_TABLE_2-6,DataTable,REC_SAFETY_TABLE_2-6_R1,TableRecord
{},HAS_RECORD,SAFETY_TABLE_2-6,DataTable,REC_SAFETY_TABLE_2-6_R2,TableRecord
{},HAS_RECORD,SAFETY_TABLE_2-7,DataTable,REC_SAFETY_TABLE_2-7_R1,TableRecord
{},HAS_RECORD,SAFETY_TABLE_2-7,DataTable,REC_SAFETY_TABLE_2-7_R2,TableRecord
{},HAS_RECORD,SAFETY_TABLE_2-7,DataTable,REC_SAFETY_TABLE_2-7_R3,TableRecord
{},HAS_RECORD,SAFETY_TABLE_2-7,DataTable,REC_SAFETY_TABLE_2-7_R4,TableRecord
{},HAS_RECORD,SAFETY_TABLE_2-7,DataTable,REC_SAFETY_TABLE_2-7_R5,TableRecord
{},HAS_RECORD,SAFETY_TABLE_2-7,DataTable,REC_SAFETY_TABLE_2-7_R6,TableRecord
{},HAS_RECORD,SAFETY_TABLE_2-7,DataTable,REC_SAFETY_TABLE_2-7_R7,TableRecord
{},HAS_RECORD,SAFETY_TABLE_2-7,DataTable,REC_SAFETY_TABLE_2-7_R8,TableRecord
{},HAS_RECORD,SAFETY_TABLE_2-7,DataTable,REC_SAFETY_TABLE_2-7_R9,TableRecord
{},HAS_RECORD,SAFETY_TABLE_2-8,DataTable,REC_SAFETY_TABLE_2-8_R1,TableRecord
{},HAS_RECORD,SAFETY_TABLE_2-8,DataTable,REC_SAFETY_TABLE_2-8_R2,TableRecord
{},HAS_RECORD,SAFETY_TABLE_2-8,DataTable,REC_SAFETY_TABLE_2-8_R3,TableRecord
{},HAS_RECORD,SAFETY_TABLE_2-8,DataTable,REC_SAFETY_TABLE_2-8_R4,TableRecord
{},HAS_RECORD,SAFETY_TABLE_2-8,DataTable,REC_SAFETY_TABLE_2-8_R5,TableRecord
{},HAS_RECORD,SAFETY_TABLE_2-8,DataTable,REC_SAFETY_TABLE_2-8_R6,TableRecord
{},HAS_RECORD,SAFETY_TABLE_2-91,DataTable,REC_SAFETY_TABLE_2-91_R1,TableRecord
{},HAS_RECORD,SAFETY_TABLE_2-91,DataTable,REC_SAFETY_TABLE_2-91_R2,TableRecord
{},HAS_RECORD,SAFETY_TABLE_2-91,DataTable,REC_SAFETY_TABLE_2-91_R3,TableRecord
{},HAS_RECORD,SAFETY_TABLE_2-91,DataTable,REC_SAFETY_TABLE_2-91_R4,TableRecord
{},HAS_RECORD,SAFETY_TABLE_2-91,DataTable,REC_SAFETY_TABLE_2-91_R5,TableRecord
{},HAS_RECORD,SAFETY_TABLE_24,DataTable,REC_SAFETY_TABLE_24_R1,TableRecord
{},HAS_RECORD,SAFETY_TABLE_24,DataTable,REC_SAFETY_TABLE_24_R2,TableRecord
{},HAS_RECORD,SAFETY_TABLE_3-10,DataTable,REC_SAFETY_TABLE_3-10_R1,TableRecord
{},HAS_RECORD,SAFETY_TABLE_3-10,DataTable,REC_SAFETY_TABLE_3-10_R2,TableRecord
{},HAS_RECORD,SAFETY_TABLE_3-10,DataTable,REC_SAFETY_TABLE_3-10_R3,TableRecord
{},HAS_RECORD,SAFETY_TABLE_3-10,DataTable,REC_SAFETY_TABLE_3-10_R4,TableRecord
{},HAS_RECORD,SAFETY_TABLE_3-10,DataTable,REC_SAFETY_TABLE_3-10_R5,TableRecord
{},HAS_RECORD,SAFETY_TABLE_3-10,DataTable,REC_SAFETY_TABLE_3-10_R6,TableRecord
{},HAS_RECORD,SAFETY_TABLE_3-12,DataTable,REC_SAFETY_TABLE_3-12_R1,TableRecord
{},HAS_RECORD,SAFETY_TABLE_3-12,DataTable,REC_SAFETY_TABLE_3-12_R2,TableRecord
{},HAS_RECORD,SAFETY_TABLE_3-12,DataTable,REC_SAFETY_TABLE_3-12_R3,TableRecord
{},HAS_RECORD,SAFETY_TABLE_3-12,DataTable,REC_SAFETY_TABLE_3-12_R4,TableRecord
{},HAS_RECORD,SAFETY_TABLE_3-12,DataTable,REC_SAFETY_TABLE_3-12_R5,TableRecord
{},HAS_RECORD,SAFETY_TABLE_3-12,DataTable,REC_SAFETY_TABLE_3-12_R6,TableRecord
{},HAS_RECORD,SAFETY_TABLE_3-12,DataTable,REC_SAFETY_TABLE_3-12_R7,TableRecord
{},HAS_RECORD,SAFETY_TABLE_3-13,DataTable,REC_SAFETY_TABLE_3-13_R1,TableRecord
{},HAS_RECORD,SAFETY_TABLE_3-13,DataTable,REC_SAFETY_TABLE_3-13_R2,TableRecord
{},HAS_RECORD,SAFETY_TABLE_3-13,DataTable,REC_SAFETY_TABLE_3-13_R3,TableRecord
{},HAS_RECORD,SAFETY_TABLE_3-13,DataTable,REC_SAFETY_TABLE_3-13_R4,TableRecord
{},HAS_RECORD,SAFETY_TABLE_3-14,DataTable,REC_SAFETY_TABLE_3-14_R1,TableRecord
{},HAS_RECORD,SAFETY_TABLE_3-14,DataTable,REC_SAFETY_TABLE_3-14_R2,TableRecord
{},HAS_RECORD,SAFETY_TABLE_3-14,DataTable,REC_SAFETY_TABLE_3-14_R3,TableRecord
{},HAS_CELL,SAFETY_TABLE_3-1_T13,DataTable,CELL_SAFETY_TABLE_3-1_T13_R10_C3,MatrixCell
{},HAS_CELL,SAFETY_TABLE_3-1_T13,DataTable,CELL_SAFETY_TABLE_3-1_T13_R10_C6,MatrixCell
{},HAS_CELL,SAFETY_TABLE_3-1_T13,DataTable,CELL_SAFETY_TABLE_3-1_T13_R10_C7,MatrixCell
{},HAS_CELL,SAFETY_TABLE_3-1_T13,DataTable,CELL_SAFETY_TABLE_3-1_T13_R10_C8,MatrixCell
{},HAS_CELL,SAFETY_TABLE_3-1_T13,DataTable,CELL_SAFETY_TABLE_3-1_T13_R11_C3,MatrixCell
{},HAS_CELL,SAFETY_TABLE_3-1_T13,DataTable,CELL_SAFETY_TABLE_3-1_T13_R11_C5,MatrixCell
{},HAS_CELL,SAFETY_TABLE_3-1_T13,DataTable,CELL_SAFETY_TABLE_3-1_T13_R11_C7,MatrixCell
{},HAS_CELL,SAFETY_TABLE_3-1_T13,DataTable,CELL_SAFETY_TABLE_3-1_T13_R11_C8,MatrixCell
{},HAS_CELL,SAFETY_TABLE_3-1_T13,DataTable,CELL_SAFETY_TABLE_3-1_T13_R12_C3,MatrixCell
{},HAS_CELL,SAFETY_TABLE_3-1_T13,DataTable,CELL_SAFETY_TABLE_3-1_T13_R12_C5,MatrixCell
{},HAS_CELL,SAFETY_TABLE_3-1_T13,DataTable,CELL_SAFETY_TABLE_3-1_T13_R12_C7,MatrixCell
{},HAS_CELL,SAFETY_TABLE_3-1_T13,DataTable,CELL_SAFETY_TABLE_3-1_T13_R13_C3,MatrixCell
{},HAS_CELL,SAFETY_TABLE_3-1_T13,DataTable,CELL_SAFETY_TABLE_3-1_T13_R13_C4,MatrixCell
{},HAS_CELL,SAFETY_TABLE_3-1_T13,DataTable,CELL_SAFETY_TABLE_3-1_T13_R13_C7,MatrixCell
{},HAS_CELL,SAFETY_TABLE_3-1_T13,DataTable,CELL_SAFETY_TABLE_3-1_T13_R14_C11,MatrixCell
{},HAS_CELL,SAFETY_TABLE_3-1_T13,DataTable,CELL_SAFETY_TABLE_3-1_T13_R15_C10,MatrixCell
{},HAS_CELL,SAFETY_TABLE_3-1_T13,DataTable,CELL_SAFETY_TABLE_3-1_T13_R15_C11,MatrixCell
{},HAS_CELL,SAFETY_TABLE_3-1_T13,DataTable,CELL_SAFETY_TABLE_3-1_T13_R15_C9,MatrixCell
{},HAS_CELL,SAFETY_TABLE_3-1_T13,DataTable,CELL_SAFETY_TABLE_3-1_T13_R3_C10,MatrixCell
{},HAS_CELL,SAFETY_TABLE_3-1_T13,DataTable,CELL_SAFETY_TABLE_3-1_T13_R3_C9,MatrixCell
{},HAS_CELL,SAFETY_TABLE_3-1_T13,DataTable,CELL_SAFETY_TABLE_3-1_T13_R4_C3,MatrixCell
{},HAS_CELL,SAFETY_TABLE_3-1_T13,DataTable,CELL_SAFETY_TABLE_3-1_T13_R4_C4,MatrixCell
{},HAS_CELL,SAFETY_TABLE_3-1_T13,DataTable,CELL_SAFETY_TABLE_3-1_T13_R4_C6,MatrixCell
{},HAS_CELL,SAFETY_TABLE_3-1_T13,DataTable,CELL_SAFETY_TABLE_3-1_T13_R4_C7,MatrixCell
{},HAS_CELL,SAFETY_TABLE_3-1_T13,DataTable,CELL_SAFETY_TABLE_3-1_T13_R5_C3,MatrixCell
{},HAS_CELL,SAFETY_TABLE_3-1_T13,DataTable,CELL_SAFETY_TABLE_3-1_T13_R5_C4,MatrixCell
{},HAS_CELL,SAFETY_TABLE_3-1_T13,DataTable,CELL_SAFETY_TABLE_3-1_T13_R5_C6,MatrixCell
{},HAS_CELL,SAFETY_TABLE_3-1_T13,DataTable,CELL_SAFETY_TABLE_3-1_T13_R5_C7,MatrixCell
{},HAS_CELL,SAFETY_TABLE_3-1_T13,DataTable,CELL_SAFETY_TABLE_3-1_T13_R6_C3,MatrixCell
{},HAS_CELL,SAFETY_TABLE_3-1_T13,DataTable,CELL_SAFETY_TABLE_3-1_T13_R6_C4,MatrixCell
{},HAS_CELL,SAFETY_TABLE_3-1_T13,DataTable,CELL_SAFETY_TABLE_3-1_T13_R6_C6,MatrixCell
{},HAS_CELL,SAFETY_TABLE_3-1_T13,DataTable,CELL_SAFETY_TABLE_3-1_T13_R6_C7,MatrixCell
{},HAS_CELL,SAFETY_TABLE_3-1_T13,DataTable,CELL_SAFETY_TABLE_3-1_T13_R7_C3,MatrixCell
{},HAS_CELL,SAFETY_TABLE_3-1_T13,DataTable,CELL_SAFETY_TABLE_3-1_T13_R7_C6,MatrixCell
{},HAS_CELL,SAFETY_TABLE_3-1_T13,DataTable,CELL_SAFETY_TABLE_3-1_T13_R7_C7,MatrixCell
{},HAS_CELL,SAFETY_TABLE_3-1_T13,DataTable,CELL_SAFETY_TABLE_3-1_T13_R8_C3,MatrixCell
{},HAS_CELL,SAFETY_TABLE_3-1_T13,DataTable,CELL_SAFETY_TABLE_3-1_T13_R8_C6,MatrixCell
{},HAS_CELL,SAFETY_TABLE_3-1_T13,DataTable,CELL_SAFETY_TABLE_3-1_T13_R8_C7,MatrixCell
{},HAS_CELL,SAFETY_TABLE_3-1_T13,DataTable,CELL_SAFETY_TABLE_3-1_T13_R9_C3,MatrixCell
{},HAS_CELL,SAFETY_TABLE_3-1_T13,DataTable,CELL_SAFETY_TABLE_3-1_T13_R9_C6,MatrixCell
{},HAS_CELL,SAFETY_TABLE_3-1_T13,DataTable,CELL_SAFETY_TABLE_3-1_T13_R9_C7,MatrixCell
{},HAS_CELL,SAFETY_TABLE_3-1_T13,DataTable,CELL_SAFETY_TABLE_3-1_T13_R9_C8,MatrixCell
{},HAS_RECORD,SAFETY_TABLE_3-1_T13,DataTable,REC_SAFETY_TABLE_3-1_T13_R1,TableRecord
{},HAS_RECORD,SAFETY_TABLE_3-1_T13,DataTable,REC_SAFETY_TABLE_3-1_T13_R10,TableRecord
{},HAS_RECORD,SAFETY_TABLE_3-1_T13,DataTable,REC_SAFETY_TABLE_3-1_T13_R11,TableRecord
{},HAS_RECORD,SAFETY_TABLE_3-1_T13,DataTable,REC_SAFETY_TABLE_3-1_T13_R12,TableRecord
{},HAS_RECORD,SAFETY_TABLE_3-1_T13,DataTable,REC_SAFETY_TABLE_3-1_T13_R13,TableRecord
{},HAS_RECORD,SAFETY_TABLE_3-1_T13,DataTable,REC_SAFETY_TABLE_3-1_T13_R14,TableRecord
{},HAS_RECORD,SAFETY_TABLE_3-1_T13,DataTable,REC_SAFETY_TABLE_3-1_T13_R15,TableRecord
{},HAS_RECORD,SAFETY_TABLE_3-1_T13,DataTable,REC_SAFETY_TABLE_3-1_T13_R2,TableRecord
{},HAS_RECORD,SAFETY_TABLE_3-1_T13,DataTable,REC_SAFETY_TABLE_3-1_T13_R3,TableRecord
{},HAS_RECORD,SAFETY_TABLE_3-1_T13,DataTable,REC_SAFETY_TABLE_3-1_T13_R4,TableRecord
{},HAS_RECORD,SAFETY_TABLE_3-1_T13,DataTable,REC_SAFETY_TABLE_3-1_T13_R5,TableRecord
{},HAS_RECORD,SAFETY_TABLE_3-1_T13,DataTable,REC_SAFETY_TABLE_3-1_T13_R6,TableRecord
{},HAS_RECORD,SAFETY_TABLE_3-1_T13,DataTable,REC_SAFETY_TABLE_3-1_T13_R7,TableRecord
{},HAS_RECORD,SAFETY_TABLE_3-1_T13,DataTable,REC_SAFETY_TABLE_3-1_T13_R8,TableRecord
{},HAS_RECORD,SAFETY_TABLE_3-1_T13,DataTable,REC_SAFETY_TABLE_3-1_T13_R9,TableRecord
{},HAS_RECORD,SAFETY_TABLE_3-1_T23,DataTable,REC_SAFETY_TABLE_3-1_T23_R1,TableRecord
{},HAS_RECORD,SAFETY_TABLE_3-1_T23,DataTable,REC_SAFETY_TABLE_3-1_T23_R2,TableRecord
{},HAS_RECORD,SAFETY_TABLE_3-1_T23,DataTable,REC_SAFETY_TABLE_3-1_T23_R3,TableRecord
{},HAS_RECORD,SAFETY_TABLE_3-1_T23,DataTable,REC_SAFETY_TABLE_3-1_T23_R4,TableRecord
{},HAS_RECORD,SAFETY_TABLE_3-1_T23,DataTable,REC_SAFETY_TABLE_3-1_T23_R5,TableRecord
{},HAS_RECORD,SAFETY_TABLE_3-1_T23,DataTable,REC_SAFETY_TABLE_3-1_T23_R6,TableRecord
{},HAS_RECORD,SAFETY_TABLE_3-1_T23,DataTable,REC_SAFETY_TABLE_3-1_T23_R7,TableRecord
{},HAS_RECORD,SAFETY_TABLE_3-1_T23,DataTable,REC_SAFETY_TABLE_3-1_T23_R8,TableRecord
{},HAS_RECORD,SAFETY_TABLE_3-2,DataTable,REC_SAFETY_TABLE_3-2_R1,TableRecord
{},HAS_RECORD,SAFETY_TABLE_3-2,DataTable,REC_SAFETY_TABLE_3-2_R2,TableRecord
{},HAS_RECORD,SAFETY_TABLE_3-2,DataTable,REC_SAFETY_TABLE_3-2_R3,TableRecord
{},HAS_RECORD,SAFETY_TABLE_3-2,DataTable,REC_SAFETY_TABLE_3-2_R4,TableRecord
{},HAS_RECORD,SAFETY_TABLE_3-2,DataTable,REC_SAFETY_TABLE_3-2_R5,TableRecord
{},HAS_RECORD,SAFETY_TABLE_3-3,DataTable,REC_SAFETY_TABLE_3-3_R1,TableRecord
{},HAS_RECORD,SAFETY_TABLE_3-3,DataTable,REC_SAFETY_TABLE_3-3_R10,TableRecord
{},HAS_RECORD,SAFETY_TABLE_3-3,DataTable,REC_SAFETY_TABLE_3-3_R11,TableRecord
{},HAS_RECORD,SAFETY_TABLE_3-3,DataTable,REC_SAFETY_TABLE_3-3_R2,TableRecord
{},HAS_RECORD,SAFETY_TABLE_3-3,DataTable,REC_SAFETY_TABLE_3-3_R3,TableRecord
{},HAS_RECORD,SAFETY_TABLE_3-3,DataTable,REC_SAFETY_TABLE_3-3_R4,TableRecord
{},HAS_RECORD,SAFETY_TABLE_3-3,DataTable,REC_SAFETY_TABLE_3-3_R5,TableRecord
{},HAS_RECORD,SAFETY_TABLE_3-3,DataTable,REC_SAFETY_TABLE_3-3_R6,TableRecord
{},HAS_RECORD,SAFETY_TABLE_3-3,DataTable,REC_SAFETY_TABLE_3-3_R7,TableRecord
{},HAS_RECORD,SAFETY_TABLE_3-3,DataTable,REC_SAFETY_TABLE_3-3_R8,TableRecord
{},HAS_RECORD,SAFETY_TABLE_3-3,DataTable,REC_SAFETY_TABLE_3-3_R9,TableRecord
{},HAS_RECORD,SAFETY_TABLE_3-4,DataTable,REC_SAFETY_TABLE_3-4_R1,TableRecord
{},HAS_RECORD,SAFETY_TABLE_3-4,DataTable,REC_SAFETY_TABLE_3-4_R2,TableRecord
{},HAS_RECORD,SAFETY_TABLE_3-4,DataTable,REC_SAFETY_TABLE_3-4_R3,TableRecord
{},HAS_RECORD,SAFETY_TABLE_3-4,DataTable,REC_SAFETY_TABLE_3-4_R4,TableRecord
{},HAS_RECORD,SAFETY_TABLE_3-4,DataTable,REC_SAFETY_TABLE_3-4_R5,TableRecord
{},HAS_RECORD,SAFETY_TABLE_3-4,DataTable,REC_SAFETY_TABLE_3-4_R6,TableRecord
{},HAS_RECORD,SAFETY_TABLE_3-5,DataTable,REC_SAFETY_TABLE_3-5_R1,TableRecord
{},HAS_RECORD,SAFETY_TABLE_3-5,DataTable,REC_SAFETY_TABLE_3-5_R2,TableRecord
{},HAS_RECORD,SAFETY_TABLE_3-5,DataTable,REC_SAFETY_TABLE_3-5_R3,TableRecord
{},HAS_RECORD,SAFETY_TABLE_3-5,DataTable,REC_SAFETY_TABLE_3-5_R4,TableRecord
{},HAS_RECORD,SAFETY_TABLE_3-5,DataTable,REC_SAFETY_TABLE_3-5_R5,TableRecord
{},HAS_RECORD,SAFETY_TABLE_3-5,DataTable,REC_SAFETY_TABLE_3-5_R6,TableRecord
{},HAS_RECORD,SAFETY_TABLE_3-5,DataTable,REC_SAFETY_TABLE_3-5_R7,TableRecord
{},HAS_RECORD,SAFETY_TABLE_3-5,DataTable,REC_SAFETY_TABLE_3-5_R8,TableRecord
{},HAS_RECORD,SAFETY_TABLE_3-6,DataTable,REC_SAFETY_TABLE_3-6_R1,TableRecord
{},HAS_RECORD,SAFETY_TABLE_3-6,DataTable,REC_SAFETY_TABLE_3-6_R10,TableRecord
{},HAS_RECORD,SAFETY_TABLE_3-6,DataTable,REC_SAFETY_TABLE_3-6_R11,TableRecord
{},HAS_RECORD,SAFETY_TABLE_3-6,DataTable,REC_SAFETY_TABLE_3-6_R2,TableRecord
{},HAS_RECORD,SAFETY_TABLE_3-6,DataTable,REC_SAFETY_TABLE_3-6_R3,TableRecord
{},HAS_RECORD,SAFETY_TABLE_3-6,DataTable,REC_SAFETY_TABLE_3-6_R4,TableRecord
{},HAS_RECORD,SAFETY_TABLE_3-6,DataTable,REC_SAFETY_TABLE_3-6_R5,TableRecord
{},HAS_RECORD,SAFETY_TABLE_3-6,DataTable,REC_SAFETY_TABLE_3-6_R6,TableRecord
{},HAS_RECORD,SAFETY_TABLE_3-6,DataTable,REC_SAFETY_TABLE_3-6_R7,TableRecord
{},HAS_RECORD,SAFETY_TABLE_3-6,DataTable,REC_SAFETY_TABLE_3-6_R8,TableRecord
{},HAS_RECORD,SAFETY_TABLE_3-6,DataTable,REC_SAFETY_TABLE_3-6_R9,TableRecord
{},HAS_RECORD,SAFETY_TABLE_3-7,DataTable,REC_SAFETY_TABLE_3-7_R1,TableRecord
{},HAS_RECORD,SAFETY_TABLE_3-7,DataTable,REC_SAFETY_TABLE_3-7_R2,TableRecord
{},HAS_RECORD,SAFETY_TABLE_3-7,DataTable,REC_SAFETY_TABLE_3-7_R3,TableRecord
{},HAS_RECORD,SAFETY_TABLE_3-7,DataTable,REC_SAFETY_TABLE_3-7_R4,TableRecord
{},HAS_RECORD,SAFETY_TABLE_3-7,DataTable,REC_SAFETY_TABLE_3-7_R5,TableRecord
{},HAS_RECORD,SAFETY_TABLE_3-7,DataTable,REC_SAFETY_TABLE_3-7_R6,TableRecord
{},HAS_RECORD,SAFETY_TABLE_3-7,DataTable,REC_SAFETY_TABLE_3-7_R7,TableRecord
{},HAS_RECORD,SAFETY_TABLE_3-7,DataTable,REC_SAFETY_TABLE_3-7_R8,TableRecord
{},HAS_RECORD,SAFETY_TABLE_3-7,DataTable,REC_SAFETY_TABLE_3-7_R9,TableRecord
{},HAS_RECORD,SAFETY_TABLE_3-8,DataTable,REC_SAFETY_TABLE_3-8_R1,TableRecord
{},HAS_RECORD,SAFETY_TABLE_3-8,DataTable,REC_SAFETY_TABLE_3-8_R10,TableRecord
{},HAS_RECORD,SAFETY_TABLE_3-8,DataTable,REC_SAFETY_TABLE_3-8_R2,TableRecord
{},HAS_RECORD,SAFETY_TABLE_3-8,DataTable,REC_SAFETY_TABLE_3-8_R3,TableRecord
{},HAS_RECORD,SAFETY_TABLE_3-8,DataTable,REC_SAFETY_TABLE_3-8_R4,TableRecord
{},HAS_RECORD,SAFETY_TABLE_3-8,DataTable,REC_SAFETY_TABLE_3-8_R5,TableRecord
{},HAS_RECORD,SAFETY_TABLE_3-8,DataTable,REC_SAFETY_TABLE_3-8_R6,TableRecord
{},HAS_RECORD,SAFETY_TABLE_3-8,DataTable,REC_SAFETY_TABLE_3-8_R7,TableRecord
{},HAS_RECORD,SAFETY_TABLE_3-8,DataTable,REC_SAFETY_TABLE_3-8_R8,TableRecord
{},HAS_RECORD,SAFETY_TABLE_3-8,DataTable,REC_SAFETY_TABLE_3-8_R9,TableRecord
{},HAS_RECORD,SAFETY_TABLE_3-9,DataTable,REC_SAFETY_TABLE_3-9_R1,TableRecord
{},HAS_RECORD,SAFETY_TABLE_3-9,DataTable,REC_SAFETY_TABLE_3-9_R2,TableRecord
{},HAS_RECORD,SAFETY_TABLE_3-9,DataTable,REC_SAFETY_TABLE_3-9_R3,TableRecord
{},MAPS_TO,SAFETY_VAR_SAFETY_FORMULA_2_11_018,FormulaVariable,PARAM_MATERIAL_BC6D04F37DF7,Parameter
{},MAPS_TO,SAFETY_VAR_SAFETY_FORMULA_2_11_018_M,FormulaVariable,PARAM_MATERIAL_C4951775AB89,Parameter
{},MAPS_TO,SAFETY_VAR_SAFETY_FORMULA_2_13_004_E,FormulaVariable,PARAM_MATERIAL_E8DBAC2D78C8,Parameter
{},MAPS_TO,SAFETY_VAR_SAFETY_FORMULA_2_13_008_E,FormulaVariable,PARAM_MATERIAL_E8DBAC2D78C8,Parameter
{},MAPS_TO,SAFETY_VAR_SAFETY_FORMULA_2_14_009_Eg,FormulaVariable,PARAM_MATERIAL_E8DBAC2D78C8,Parameter
{},MAPS_TO,SAFETY_VAR_SAFETY_FORMULA_2_17_007,FormulaVariable,PARAM_MATERIAL_0ACC666511A7,Parameter
{},MAPS_TO,SAFETY_VAR_SAFETY_FORMULA_2_18_003,FormulaVariable,PARAM_MATERIAL_0ACC666511A7,Parameter
{},MAPS_TO,SAFETY_VAR_SAFETY_FORMULA_2_1_003_r,FormulaVariable,PARAM_MATERIAL_44937E0387B3,Parameter
{},MAPS_TO,SAFETY_VAR_SAFETY_FORMULA_2_1_005_r,FormulaVariable,PARAM_MATERIAL_44937E0387B3,Parameter
{},MAPS_TO,SAFETY_VAR_SAFETY_FORMULA_2_1_013_r,FormulaVariable,PARAM_MATERIAL_44937E0387B3,Parameter
{},MAPS_TO,SAFETY_VAR_SAFETY_FORMULA_2_21_1_006,FormulaVariable,PARAM_MATERIAL_B58E02C82AD7,Parameter
{},MAPS_TO,SAFETY_VAR_SAFETY_FORMULA_2_21_1_006_M,FormulaVariable,PARAM_MATERIAL_C4951775AB89,Parameter
{},MAPS_TO,SAFETY_VAR_SAFETY_FORMULA_2_21_1_006_v0,FormulaVariable,PARAM_SAFETY_AB2AFA02760B,Parameter
{},MAPS_TO,SAFETY_VAR_SAFETY_FORMULA_2_21_1_011,FormulaVariable,PARAM_MATERIAL_B58E02C82AD7,Parameter
{},MAPS_TO,SAFETY_VAR_SAFETY_FORMULA_2_21_1_011_v0,FormulaVariable,PARAM_SAFETY_AB2AFA02760B,Parameter
{},MAPS_TO,SAFETY_VAR_SAFETY_FORMULA_2_21_1_016,FormulaVariable,PARAM_MATERIAL_B58E02C82AD7,Parameter
{},MAPS_TO,SAFETY_VAR_SAFETY_FORMULA_2_21_1_016_v0,FormulaVariable,PARAM_SAFETY_AB2AFA02760B,Parameter
{},MAPS_TO,SAFETY_VAR_SAFETY_FORMULA_2_21_1_022,FormulaVariable,PARAM_MATERIAL_B58E02C82AD7,Parameter
{},MAPS_TO,SAFETY_VAR_SAFETY_FORMULA_2_21_1_022_v0,FormulaVariable,PARAM_SAFETY_AB2AFA02760B,Parameter
{},MAPS_TO,SAFETY_VAR_SAFETY_FORMULA_2_21_2_002,FormulaVariable,PARAM_MATERIAL_B58E02C82AD7,Parameter
{},MAPS_TO,SAFETY_VAR_SAFETY_FORMULA_2_21_2_002_v0,FormulaVariable,PARAM_SAFETY_AB2AFA02760B,Parameter
{},MAPS_TO,SAFETY_VAR_SAFETY_FORMULA_2_21_3_002,FormulaVariable,PARAM_MATERIAL_B58E02C82AD7,Parameter
{},MAPS_TO,SAFETY_VAR_SAFETY_FORMULA_2_21_3_002_v0,FormulaVariable,PARAM_SAFETY_AB2AFA02760B,Parameter
{},MAPS_TO,SAFETY_VAR_SAFETY_FORMULA_2_22_002_L,FormulaVariable,PARAM_MATERIAL_A408AEA2BEF6,Parameter
{},MAPS_TO,SAFETY_VAR_SAFETY_FORMULA_2_22_002_d,FormulaVariable,PARAM_MATERIAL_492AC17C389A,Parameter
{},MAPS_TO,SAFETY_VAR_SAFETY_FORMULA_2_22_004,FormulaVariable,PARAM_MATERIAL_B58E02C82AD7,Parameter
{},MAPS_TO,SAFETY_VAR_SAFETY_FORMULA_2_22_004_d,FormulaVariable,PARAM_MATERIAL_492AC17C389A,Parameter
{},MAPS_TO,SAFETY_VAR_SAFETY_FORMULA_2_22_006_L,FormulaVariable,PARAM_MATERIAL_A408AEA2BEF6,Parameter
{},MAPS_TO,SAFETY_VAR_SAFETY_FORMULA_2_22_006_c,FormulaVariable,PARAM_MATERIAL_8C7F0DC406B8,Parameter
{},MAPS_TO,SAFETY_VAR_SAFETY_FORMULA_2_22_006_d,FormulaVariable,PARAM_MATERIAL_492AC17C389A,Parameter
{},MAPS_TO,SAFETY_VAR_SAFETY_FORMULA_2_23_009,FormulaVariable,PARAM_MATERIAL_8C7F0DC406B8,Parameter
{},MAPS_TO,SAFETY_VAR_SAFETY_FORMULA_2_23_009_d,FormulaVariable,PARAM_MATERIAL_492AC17C389A,Parameter
{},MAPS_TO,SAFETY_VAR_SAFETY_FORMULA_2_24_003,FormulaVariable,PARAM_MATERIAL_BC6D04F37DF7,Parameter
{},MAPS_TO,SAFETY_VAR_SAFETY_FORMULA_2_24_003_G0,FormulaVariable,PARAM_MATERIAL_C09AD669C3F1,Parameter
{},MAPS_TO,SAFETY_VAR_SAFETY_FORMULA_2_24_003_N,FormulaVariable,PARAM_SAFETY_F287BE76488E,Parameter
{},MAPS_TO,SAFETY_VAR_SAFETY_FORMULA_2_24_004_G0,FormulaVariable,PARAM_MATERIAL_C09AD669C3F1,Parameter
{},MAPS_TO,SAFETY_VAR_SAFETY_FORMULA_2_24_004_N,FormulaVariable,PARAM_SAFETY_F287BE76488E,Parameter
{},MAPS_TO,SAFETY_VAR_SAFETY_FORMULA_2_24_005_N,FormulaVariable,PARAM_SAFETY_F287BE76488E,Parameter
{},MAPS_TO,SAFETY_VAR_SAFETY_FORMULA_2_25_002,FormulaVariable,PARAM_MATERIAL_EF2AB43FF8D2,Parameter
{},MAPS_TO,SAFETY_VAR_SAFETY_FORMULA_2_25_002_V0,FormulaVariable,PARAM_MATERIAL_8ADA795DCA41,Parameter
{},MAPS_TO,SAFETY_VAR_SAFETY_FORMULA_2_25_002_Vj,FormulaVariable,PARAM_SAFETY_4023957F0531,Parameter
{},MAPS_TO,SAFETY_VAR_SAFETY_FORMULA_2_25_004,FormulaVariable,PARAM_MATERIAL_EF2AB43FF8D2,Parameter
{},MAPS_TO,SAFETY_VAR_SAFETY_FORMULA_2_25_004_UD,FormulaVariable,PARAM_MATERIAL_32C4AC754395,Parameter
{},MAPS_TO,SAFETY_VAR_SAFETY_FORMULA_2_25_004_Vj,FormulaVariable,PARAM_SAFETY_4023957F0531,Parameter
{},MAPS_TO,SAFETY_VAR_SAFETY_FORMULA_2_25_007,FormulaVariable,PARAM_MATERIAL_EF2AB43FF8D2,Parameter
{},MAPS_TO,SAFETY_VAR_SAFETY_FORMULA_2_25_007_U,FormulaVariable,PARAM_MATERIAL_32C4AC754395,Parameter
{},MAPS_TO,SAFETY_VAR_SAFETY_FORMULA_2_25_007_UD,FormulaVariable,PARAM_MATERIAL_32C4AC754395,Parameter
{},MAPS_TO,SAFETY_VAR_SAFETY_FORMULA_2_25_007_Vj,FormulaVariable,PARAM_SAFETY_4023957F0531,Parameter
{},MAPS_TO,SAFETY_VAR_SAFETY_FORMULA_2_26_002,FormulaVariable,PARAM_MATERIAL_EF2AB43FF8D2,Parameter
{},MAPS_TO,SAFETY_VAR_SAFETY_FORMULA_2_26_002_mj,FormulaVariable,PARAM_SAFETY_1AADD9D3B79A,Parameter
{},MAPS_TO,SAFETY_VAR_SAFETY_FORMULA_2_26_005,FormulaVariable,PARAM_MATERIAL_EF2AB43FF8D2,Parameter
{},MAPS_TO,SAFETY_VAR_SAFETY_FORMULA_2_26_005_mj,FormulaVariable,PARAM_SAFETY_1AADD9D3B79A,Parameter
{},MAPS_TO,SAFETY_VAR_SAFETY_FORMULA_2_27_002,FormulaVariable,PARAM_MATERIAL_60E56702B1F6,Parameter
{},MAPS_TO,SAFETY_VAR_SAFETY_FORMULA_2_3_004_d0,FormulaVariable,PARAM_MATERIAL_492AC17C389A,Parameter
{},MAPS_TO,SAFETY_VAR_SAFETY_FORMULA_2_3_004_r,FormulaVariable,PARAM_MATERIAL_44937E0387B3,Parameter
{},MAPS_TO,SAFETY_VAR_SAFETY_FORMULA_2_4_006,FormulaVariable,PARAM_MATERIAL_8C7F0DC406B8,Parameter
{},MAPS_TO,SAFETY_VAR_SAFETY_FORMULA_2_4_006_0,FormulaVariable,PARAM_MATERIAL_E23EB415A4C6,Parameter
{},MAPS_TO,SAFETY_VAR_SAFETY_FORMULA_2_5_004_r,FormulaVariable,PARAM_MATERIAL_44937E0387B3,Parameter
{},MAPS_TO,SAFETY_VAR_SAFETY_FORMULA_2_5_012_r,FormulaVariable,PARAM_MATERIAL_44937E0387B3,Parameter
{},MAPS_TO,SAFETY_VAR_SAFETY_FORMULA_2_5_020_r,FormulaVariable,PARAM_MATERIAL_44937E0387B3,Parameter
{},MAPS_TO,SAFETY_VAR_SAFETY_FORMULA_2_6_003_r,FormulaVariable,PARAM_MATERIAL_44937E0387B3,Parameter
{},MAPS_TO,SAFETY_VAR_SAFETY_FORMULA_2_6_005_r,FormulaVariable,PARAM_MATERIAL_44937E0387B3,Parameter
{},MAPS_TO,SAFETY_VAR_SAFETY_FORMULA_2_8_003_r,FormulaVariable,PARAM_MATERIAL_44937E0387B3,Parameter
{},MAPS_TO,SAFETY_VAR_SAFETY_FORMULA_2_8_005_r,FormulaVariable,PARAM_MATERIAL_44937E0387B3,Parameter
{},MAPS_TO,SAFETY_VAR_SAFETY_FORMULA_3_10_001_D,FormulaVariable,PARAM_SAFETY_5CADD377B08B,Parameter
{},MAPS_TO,SAFETY_VAR_SAFETY_FORMULA_3_10_001_j,FormulaVariable,PARAM_SAFETY_DA90C88D20CB,Parameter
{},MAPS_TO,SAFETY_VAR_SAFETY_FORMULA_3_10_001_t,FormulaVariable,PARAM_SAFETY_9FDE92485FE1,Parameter
{},MAPS_TO,SAFETY_VAR_SAFETY_FORMULA_3_10_003_j,FormulaVariable,PARAM_SAFETY_DA90C88D20CB,Parameter
{},MAPS_TO,SAFETY_VAR_SAFETY_FORMULA_3_10_003_t,FormulaVariable,PARAM_SAFETY_9FDE92485FE1,Parameter
{},MAPS_TO,SAFETY_VAR_SAFETY_FORMULA_3_10_004_D,FormulaVariable,PARAM_SAFETY_5CADD377B08B,Parameter
{},MAPS_TO,SAFETY_VAR_SAFETY_FORMULA_3_10_004_j,FormulaVariable,PARAM_SAFETY_DA90C88D20CB,Parameter
{},MAPS_TO,SAFETY_VAR_SAFETY_FORMULA_3_10_004_t,FormulaVariable,PARAM_SAFETY_9FDE92485FE1,Parameter
{},MAPS_TO,SAFETY_VAR_SAFETY_FORMULA_3_10_005_j,FormulaVariable,PARAM_SAFETY_DA90C88D20CB,Parameter
{},MAPS_TO,SAFETY_VAR_SAFETY_FORMULA_3_10_005_t,FormulaVariable,PARAM_SAFETY_9FDE92485FE1,Parameter
{},MAPS_TO,SAFETY_VAR_SAFETY_FORMULA_3_10_006_d,FormulaVariable,PARAM_SAFETY_5CADD377B08B,Parameter
{},MAPS_TO,SAFETY_VAR_SAFETY_FORMULA_3_11_001_P,FormulaVariable,PARAM_SAFETY_61994FF4717F,Parameter
{},MAPS_TO,SAFETY_VAR_SAFETY_FORMULA_3_11_002_t,FormulaVariable,PARAM_SAFETY_45294EB739F6,Parameter
{},MAPS_TO,SAFETY_VAR_SAFETY_FORMULA_3_11_006_t,FormulaVariable,PARAM_SAFETY_9FDE92485FE1,Parameter
{},MAPS_TO,SAFETY_VAR_SAFETY_FORMULA_3_11_008_Vj,FormulaVariable,PARAM_SAFETY_4FACE967BBC2,Parameter
{},MAPS_TO,SAFETY_VAR_SAFETY_FORMULA_3_11_008_j,FormulaVariable,PARAM_SAFETY_1A613500C193,Parameter
{},MAPS_TO,SAFETY_VAR_SAFETY_FORMULA_3_11_008_t,FormulaVariable,PARAM_SAFETY_9FDE92485FE1,Parameter
{},MAPS_TO,SAFETY_VAR_SAFETY_FORMULA_3_12_001_Vj,FormulaVariable,PARAM_SAFETY_4FACE967BBC2,Parameter
{},MAPS_TO,SAFETY_VAR_SAFETY_FORMULA_3_12_001_j,FormulaVariable,PARAM_SAFETY_1A613500C193,Parameter
{},MAPS_TO,SAFETY_VAR_SAFETY_FORMULA_3_12_001_t,FormulaVariable,PARAM_SAFETY_9FDE92485FE1,Parameter
{},MAPS_TO,SAFETY_VAR_SAFETY_FORMULA_3_12_003_Rt,FormulaVariable,PARAM_SAFETY_6D24AA56BDDA,Parameter
{},MAPS_TO,SAFETY_VAR_SAFETY_FORMULA_3_12_003_j,FormulaVariable,PARAM_SAFETY_1A613500C193,Parameter
{},MAPS_TO,SAFETY_VAR_SAFETY_FORMULA_3_12_003_t,FormulaVariable,PARAM_SAFETY_9FDE92485FE1,Parameter
{},MAPS_TO,SAFETY_VAR_SAFETY_FORMULA_3_12_003_vj,FormulaVariable,PARAM_SAFETY_4FACE967BBC2,Parameter
{},MAPS_TO,SAFETY_VAR_SAFETY_FORMULA_3_12_004_C0,FormulaVariable,PARAM_SAFETY_AA3B791AEC7F,Parameter
{},MAPS_TO,SAFETY_VAR_SAFETY_FORMULA_3_12_004_Rt,FormulaVariable,PARAM_SAFETY_6D24AA56BDDA,Parameter
{},MAPS_TO,SAFETY_VAR_SAFETY_FORMULA_3_12_004_j,FormulaVariable,PARAM_SAFETY_1A613500C193,Parameter
{},MAPS_TO,SAFETY_VAR_SAFETY_FORMULA_3_12_004_t,FormulaVariable,PARAM_SAFETY_9FDE92485FE1,Parameter
{},MAPS_TO,SAFETY_VAR_SAFETY_FORMULA_3_12_004_vj,FormulaVariable,PARAM_SAFETY_4FACE967BBC2,Parameter
{},MAPS_TO,SAFETY_VAR_SAFETY_FORMULA_3_15_021_H,FormulaVariable,PARAM_SAFETY_42C4CA149AAB,Parameter
{},MAPS_TO,SAFETY_VAR_SAFETY_FORMULA_3_16_001_H,FormulaVariable,PARAM_SAFETY_42C4CA149AAB,Parameter
{},MAPS_TO,SAFETY_VAR_SAFETY_FORMULA_3_16_001_L,FormulaVariable,PARAM_SAFETY_61994FF4717F,Parameter
{},MAPS_TO,SAFETY_VAR_SAFETY_FORMULA_3_16_001_t0,FormulaVariable,PARAM_SAFETY_F622B6DEF3FF,Parameter
{},MAPS_TO,SAFETY_VAR_SAFETY_FORMULA_3_16_001_ta,FormulaVariable,PARAM_SAFETY_58FC70F02DD9,Parameter
{},MAPS_TO,SAFETY_VAR_SAFETY_FORMULA_3_16_001_vj,FormulaVariable,PARAM_SAFETY_4023957F0531,Parameter
{},MAPS_TO,SAFETY_VAR_SAFETY_FORMULA_3_17_001_P,FormulaVariable,PARAM_SAFETY_4F09B0347A97,Parameter
{},MAPS_TO,SAFETY_VAR_SAFETY_FORMULA_3_17_001_c,FormulaVariable,PARAM_SAFETY_B63AD4D016EE,Parameter
{},MAPS_TO,SAFETY_VAR_SAFETY_FORMULA_3_17_001_t,FormulaVariable,PARAM_SAFETY_9FDE92485FE1,Parameter
{},MAPS_TO,SAFETY_VAR_SAFETY_FORMULA_3_2_002_K,FormulaVariable,PARAM_SAFETY_E0F20BCC9CC1,Parameter
{},MAPS_TO,SAFETY_VAR_SAFETY_FORMULA_3_2_002_b,FormulaVariable,PARAM_SAFETY_2B6A6FD0DA6B,Parameter
{},MAPS_TO,SAFETY_VAR_SAFETY_FORMULA_3_2_002_d,FormulaVariable,PARAM_SAFETY_C7726003FCDE,Parameter
{},MAPS_TO,SAFETY_VAR_SAFETY_FORMULA_3_2_002_m,FormulaVariable,PARAM_SAFETY_4013395446A9,Parameter
{},MAPS_TO,SAFETY_VAR_SAFETY_FORMULA_3_2_003_K,FormulaVariable,PARAM_SAFETY_E0F20BCC9CC1,Parameter
{},MAPS_TO,SAFETY_VAR_SAFETY_FORMULA_3_2_003_b,FormulaVariable,PARAM_SAFETY_2B6A6FD0DA6B,Parameter
{},MAPS_TO,SAFETY_VAR_SAFETY_FORMULA_3_2_003_d,FormulaVariable,PARAM_SAFETY_C7726003FCDE,Parameter
{},MAPS_TO,SAFETY_VAR_SAFETY_FORMULA_3_2_003_m,FormulaVariable,PARAM_SAFETY_4013395446A9,Parameter
{},MAPS_TO,SAFETY_VAR_SAFETY_FORMULA_3_5_004_hq,FormulaVariable,PARAM_SAFETY_61994FF4717F,Parameter
{},MAPS_TO,SAFETY_VAR_SAFETY_FORMULA_3_5_007_D,FormulaVariable,PARAM_SAFETY_D7628ABE754E,Parameter
{},MAPS_TO,SAFETY_VAR_SAFETY_FORMULA_3_5_007_H,FormulaVariable,PARAM_SAFETY_61994FF4717F,Parameter
{},MAPS_TO,SAFETY_VAR_SAFETY_FORMULA_3_5_007_W,FormulaVariable,PARAM_SAFETY_B1E210DEC360,Parameter
{},MAPS_TO,SAFETY_VAR_SAFETY_FORMULA_3_5_015_M,FormulaVariable,PARAM_SAFETY_4013395446A9,Parameter
{},MAPS_TO,SAFETY_VAR_SAFETY_FORMULA_3_5_016_D,FormulaVariable,PARAM_SAFETY_D7628ABE754E,Parameter
{},MAPS_TO,SAFETY_VAR_SAFETY_FORMULA_3_5_018_D,FormulaVariable,PARAM_SAFETY_D7628ABE754E,Parameter
{},MAPS_TO,SAFETY_VAR_SAFETY_FORMULA_3_5_018_W,FormulaVariable,PARAM_SAFETY_B1E210DEC360,Parameter
{},MAPS_TO,SAFETY_VAR_SAFETY_FORMULA_3_5_019_D,FormulaVariable,PARAM_SAFETY_D7628ABE754E,Parameter
{},MAPS_TO,SAFETY_VAR_SAFETY_FORMULA_3_5_019_m,FormulaVariable,PARAM_SAFETY_B1E210DEC360,Parameter
{},MAPS_TO,SAFETY_VAR_SAFETY_FORMULA_3_5_019_vs,FormulaVariable,PARAM_SAFETY_AB2AFA02760B,Parameter
{},MAPS_TO,SAFETY_VAR_SAFETY_FORMULA_3_6_002_Yt,FormulaVariable,PARAM_SAFETY_B5909BF062CE,Parameter
{},MAPS_TO,SAFETY_VAR_SAFETY_FORMULA_3_6_002_dp,FormulaVariable,PARAM_SAFETY_D7628ABE754E,Parameter
{},MAPS_TO,SAFETY_VAR_SAFETY_FORMULA_3_6_002_k,FormulaVariable,PARAM_SAFETY_8F0A1EE70C71,Parameter
{},MAPS_TO,SAFETY_VAR_SAFETY_FORMULA_3_6_002_p,FormulaVariable,PARAM_SAFETY_AA57B745BBD5,Parameter
{},MAPS_TO,SAFETY_VAR_SAFETY_FORMULA_3_6_002_t,FormulaVariable,PARAM_SAFETY_9FDE92485FE1,Parameter
{},ASSERTS,SAFE_LD_2_1,LogicDetail,REL_C7AF2C7A9A8AAA77,LogicRelation
{},HAS_FORMULA,SAFE_LD_2_1,LogicDetail,SAFETY_FORMULA_2_1_001,Formula
{},HAS_FORMULA,SAFE_LD_2_1,LogicDetail,SAFETY_FORMULA_2_1_002,Formula
{},HAS_FORMULA,SAFE_LD_2_1,LogicDetail,SAFETY_FORMULA_2_1_003,Formula
{},HAS_INPUT,SAFE_LD_2_1,LogicDetail,PARAM_MATERIAL_0AFC04A27CB1,Parameter
{},HAS_METHOD,SAFE_LD_2_1,LogicDetail,SAFETY_METHOD_2_1_01,Method
{},HAS_METHOD,SAFE_LD_2_1,LogicDetail,SAFETY_METHOD_2_1_02,Method
{},HAS_OUTPUT,SAFE_LD_2_1,LogicDetail,PARAM_SAFETY_E28419351F52,Parameter
{},INVOLVES_PARAMETER,SAFE_LD_2_1,LogicDetail,PARAM_MATERIAL_0AFC04A27CB1,Parameter
{},INVOLVES_PARAMETER,SAFE_LD_2_1,LogicDetail,PARAM_SAFETY_E28419351F52,Parameter
{},IN_DOMAIN,SAFE_LD_2_1,LogicDetail,DOMAIN_SAFETY_GENERAL,Domain
{},SUPPORTED_BY,SAFE_LD_2_1,LogicDetail,REF_EAF9EF8C1E15E46A,Reference
{},TITLE_LEFT,SAFE_LD_2_1,LogicDetail,PARAM_MATERIAL_0AFC04A27CB1,Parameter
{},TITLE_RIGHT,SAFE_LD_2_1,LogicDetail,PARAM_SAFETY_E28419351F52,Parameter
{},ASSERTS,SAFE_LD_2_10,LogicDetail,REL_5743BF4C67E4CEF8,LogicRelation
{},HAS_INPUT,SAFE_LD_2_10,LogicDetail,PARAM_MATERIAL_E23EB415A4C6,Parameter
{},HAS_OUTPUT,SAFE_LD_2_10,LogicDetail,PARAM_SAFETY_B48F2863D44C,Parameter
{},HAS_OUTPUT,SAFE_LD_2_10,LogicDetail,PARAM_SAFETY_E28419351F52,Parameter
{},HAS_OUTPUT,SAFE_LD_2_10,LogicDetail,PARAM_SAFETY_EE7BCF5C01D3,Parameter
{},HAS_TABLE,SAFE_LD_2_10,LogicDetail,SAFETY_TABLE_2-6,DataTable
{},INVOLVES_PARAMETER,SAFE_LD_2_10,LogicDetail,PARAM_MATERIAL_E23EB415A4C6,Parameter
{},INVOLVES_PARAMETER,SAFE_LD_2_10,LogicDetail,PARAM_SAFETY_490B8FE1BF2E,Parameter
{},INVOLVES_PARAMETER,SAFE_LD_2_10,LogicDetail,PARAM_SAFETY_B48F2863D44C,Parameter
{},INVOLVES_PARAMETER,SAFE_LD_2_10,LogicDetail,PARAM_SAFETY_E28419351F52,Parameter
{},INVOLVES_PARAMETER,SAFE_LD_2_10,LogicDetail,PARAM_SAFETY_EE7BCF5C01D3,Parameter
{},IN_DOMAIN,SAFE_LD_2_10,LogicDetail,DOMAIN_SAFETY_GENERAL,Domain
{},SUPPORTED_BY,SAFE_LD_2_10,LogicDetail,REF_1136450C29946374,Reference
{},TITLE_LEFT,SAFE_LD_2_10,LogicDetail,PARAM_MATERIAL_E23EB415A4C6,Parameter
{},TITLE_RIGHT,SAFE_LD_2_10,LogicDetail,PARAM_SAFETY_490B8FE1BF2E,Parameter
{},ASSERTS,SAFE_LD_2_11,LogicDetail,REL_BEF9B4C7A1FB4C87,LogicRelation
{},HAS_INPUT,SAFE_LD_2_11,LogicDetail,PARAM_MATERIAL_578E8B3EC6CE,Parameter
{},HAS_INPUT,SAFE_LD_2_11,LogicDetail,PARAM_MATERIAL_C07BBED50994,Parameter
{},HAS_METHOD,SAFE_LD_2_11,LogicDetail,SAFETY_METHOD_2_11_01,Method
{},HAS_METHOD,SAFE_LD_2_11,LogicDetail,SAFETY_METHOD_2_11_02,Method
{},HAS_METHOD,SAFE_LD_2_11,LogicDetail,SAFETY_METHOD_2_11_03,Method
{},HAS_METHOD,SAFE_LD_2_11,LogicDetail,SAFETY_METHOD_2_11_04,Method
{},HAS_METHOD,SAFE_LD_2_11,LogicDetail,SAFETY_METHOD_2_11_05,Method
{},HAS_METHOD,SAFE_LD_2_11,LogicDetail,SAFETY_METHOD_2_11_06,Method
{},HAS_METHOD,SAFE_LD_2_11,LogicDetail,SAFETY_METHOD_2_11_07,Method
{},HAS_OUTPUT,SAFE_LD_2_11,LogicDetail,PARAM_SAFETY_F562580AB31E,Parameter
{},HAS_TABLE,SAFE_LD_2_11,LogicDetail,SAFETY_TABLE_2-7,DataTable
{},INVOLVES_PARAMETER,SAFE_LD_2_11,LogicDetail,PARAM_MATERIAL_578E8B3EC6CE,Parameter
{},INVOLVES_PARAMETER,SAFE_LD_2_11,LogicDetail,PARAM_MATERIAL_C07BBED50994,Parameter
{},INVOLVES_PARAMETER,SAFE_LD_2_11,LogicDetail,PARAM_SAFETY_F562580AB31E,Parameter
{},IN_DOMAIN,SAFE_LD_2_11,LogicDetail,DOMAIN_SAFETY_GENERAL,Domain
{},SUPPORTED_BY,SAFE_LD_2_11,LogicDetail,REF_072274F749A9174C,Reference
{},SUPPORTED_BY,SAFE_LD_2_11,LogicDetail,REF_0CC0F9E41134A5AE,Reference
{},SUPPORTED_BY,SAFE_LD_2_11,LogicDetail,REF_2CE285F7A304C34C,Reference
{},SUPPORTED_BY,SAFE_LD_2_11,LogicDetail,REF_80EEC11A0619FA9E,Reference
{},SUPPORTED_BY,SAFE_LD_2_11,LogicDetail,REF_9B8CD14205CE85B6,Reference
{},SUPPORTED_BY,SAFE_LD_2_11,LogicDetail,REF_EAF9EF8C1E15E46A,Reference
{},TITLE_LEFT,SAFE_LD_2_11,LogicDetail,PARAM_MATERIAL_C07BBED50994,Parameter
{},TITLE_RIGHT,SAFE_LD_2_11,LogicDetail,PARAM_SAFETY_F562580AB31E,Parameter
{},ASSERTS,SAFE_LD_2_12,LogicDetail,REL_539E9EADC5A98D69,LogicRelation
{},HAS_FORMULA,SAFE_LD_2_12,LogicDetail,SAFETY_FORMULA_2_12_001,Formula
{},HAS_INPUT,SAFE_LD_2_12,LogicDetail,PARAM_MATERIAL_4BD29B339038,Parameter
{},HAS_INPUT,SAFE_LD_2_12,LogicDetail,PARAM_MATERIAL_578E8B3EC6CE,Parameter
{},HAS_INPUT,SAFE_LD_2_12,LogicDetail,PARAM_MATERIAL_64070CD4FD1A,Parameter
{},HAS_OUTPUT,SAFE_LD_2_12,LogicDetail,PARAM_SAFETY_F562580AB31E,Parameter
{},INVOLVES_PARAMETER,SAFE_LD_2_12,LogicDetail,PARAM_MATERIAL_4BD29B339038,Parameter
{},INVOLVES_PARAMETER,SAFE_LD_2_12,LogicDetail,PARAM_MATERIAL_578E8B3EC6CE,Parameter
{},INVOLVES_PARAMETER,SAFE_LD_2_12,LogicDetail,PARAM_MATERIAL_64070CD4FD1A,Parameter
{},INVOLVES_PARAMETER,SAFE_LD_2_12,LogicDetail,PARAM_SAFETY_F562580AB31E,Parameter
{},IN_DOMAIN,SAFE_LD_2_12,LogicDetail,DOMAIN_SAFETY_GENERAL,Domain
{},SUPPORTED_BY,SAFE_LD_2_12,LogicDetail,REF_93432305496FE91C,Reference
{},TITLE_LEFT,SAFE_LD_2_12,LogicDetail,PARAM_MATERIAL_64070CD4FD1A,Parameter
{},TITLE_RIGHT,SAFE_LD_2_12,LogicDetail,PARAM_SAFETY_F562580AB31E,Parameter
{},ASSERTS,SAFE_LD_2_13,LogicDetail,REL_9067A07B1AA15B81,LogicRelation
{},HAS_FORMULA,SAFE_LD_2_13,LogicDetail,SAFETY_FORMULA_2_13_001,Formula
{},HAS_FORMULA,SAFE_LD_2_13,LogicDetail,SAFETY_FORMULA_2_13_002,Formula
{},HAS_FORMULA,SAFE_LD_2_13,LogicDetail,SAFETY_FORMULA_2_13_003,Formula
{},HAS_FORMULA,SAFE_LD_2_13,LogicDetail,SAFETY_FORMULA_2_13_004,Formula
{},HAS_FORMULA,SAFE_LD_2_13,LogicDetail,SAFETY_FORMULA_2_13_005,Formula
{},HAS_FORMULA,SAFE_LD_2_13,LogicDetail,SAFETY_FORMULA_2_13_006,Formula
{},HAS_FORMULA,SAFE_LD_2_13,LogicDetail,SAFETY_FORMULA_2_13_007,Formula
{},HAS_FORMULA,SAFE_LD_2_13,LogicDetail,SAFETY_FORMULA_2_13_008,Formula
{},HAS_FORMULA,SAFE_LD_2_13,LogicDetail,SAFETY_FORMULA_2_13_009,Formula
{},HAS_FORMULA,SAFE_LD_2_13,LogicDetail,SAFETY_FORMULA_2_13_010,Formula
{},HAS_INPUT,SAFE_LD_2_13,LogicDetail,PARAM_MATERIAL_32C4AC754395,Parameter
{},HAS_OUTPUT,SAFE_LD_2_13,LogicDetail,PARAM_SAFETY_9E17ADCAE764,Parameter
{},INVOLVES_PARAMETER,SAFE_LD_2_13,LogicDetail,PARAM_MATERIAL_32C4AC754395,Parameter
{},INVOLVES_PARAMETER,SAFE_LD_2_13,LogicDetail,PARAM_MATERIAL_4BD29B339038,Parameter
{},INVOLVES_PARAMETER,SAFE_LD_2_13,LogicDetail,PARAM_SAFETY_9E17ADCAE764,Parameter
{},IN_DOMAIN,SAFE_LD_2_13,LogicDetail,DOMAIN_SAFETY_GENERAL,Domain
{},SUPPORTED_BY,SAFE_LD_2_13,LogicDetail,REF_84B3CF6499E91C28,Reference
{},SUPPORTED_BY,SAFE_LD_2_13,LogicDetail,REF_BC07814ECCB7961F,Reference
{},TITLE_LEFT,SAFE_LD_2_13,LogicDetail,PARAM_MATERIAL_32C4AC754395,Parameter
{},TITLE_LEFT,SAFE_LD_2_13,LogicDetail,PARAM_MATERIAL_4BD29B339038,Parameter
{},TITLE_RIGHT,SAFE_LD_2_13,LogicDetail,PARAM_SAFETY_9E17ADCAE764,Parameter
{},ASSERTS,SAFE_LD_2_14,LogicDetail,REL_C6CACDB4EB3BC23F,LogicRelation
{},HAS_FORMULA,SAFE_LD_2_14,LogicDetail,SAFETY_FORMULA_2_14_001,Formula
{},HAS_FORMULA,SAFE_LD_2_14,LogicDetail,SAFETY_FORMULA_2_14_002,Formula
{},HAS_FORMULA,SAFE_LD_2_14,LogicDetail,SAFETY_FORMULA_2_14_003,Formula
{},HAS_FORMULA,SAFE_LD_2_14,LogicDetail,SAFETY_FORMULA_2_14_004,Formula
{},HAS_FORMULA,SAFE_LD_2_14,LogicDetail,SAFETY_FORMULA_2_14_005,Formula
{},HAS_FORMULA,SAFE_LD_2_14,LogicDetail,SAFETY_FORMULA_2_14_006,Formula
{},HAS_FORMULA,SAFE_LD_2_14,LogicDetail,SAFETY_FORMULA_2_14_007,Formula
{},HAS_FORMULA,SAFE_LD_2_14,LogicDetail,SAFETY_FORMULA_2_14_008,Formula
{},HAS_FORMULA,SAFE_LD_2_14,LogicDetail,SAFETY_FORMULA_2_14_009,Formula
{},HAS_FORMULA,SAFE_LD_2_14,LogicDetail,SAFETY_FORMULA_2_14_010,Formula
{},HAS_INPUT,SAFE_LD_2_14,LogicDetail,PARAM_MATERIAL_4BD29B339038,Parameter
{},HAS_INPUT,SAFE_LD_2_14,LogicDetail,PARAM_MATERIAL_C07BBED50994,Parameter
{},HAS_OUTPUT,SAFE_LD_2_14,LogicDetail,PARAM_SAFETY_9E17ADCAE764,Parameter
{},INVOLVES_PARAMETER,SAFE_LD_2_14,LogicDetail,PARAM_MATERIAL_4BD29B339038,Parameter
{},INVOLVES_PARAMETER,SAFE_LD_2_14,LogicDetail,PARAM_MATERIAL_C07BBED50994,Parameter
{},INVOLVES_PARAMETER,SAFE_LD_2_14,LogicDetail,PARAM_SAFETY_9E17ADCAE764,Parameter
{},IN_DOMAIN,SAFE_LD_2_14,LogicDetail,DOMAIN_SAFETY_GENERAL,Domain
{},SUPPORTED_BY,SAFE_LD_2_14,LogicDetail,REF_6904B9738CE19B30,Reference
{},SUPPORTED_BY,SAFE_LD_2_14,LogicDetail,REF_6D636087CC29B142,Reference
{},SUPPORTED_BY,SAFE_LD_2_14,LogicDetail,REF_9F4C533385908FE7,Reference
{},TITLE_LEFT,SAFE_LD_2_14,LogicDetail,PARAM_MATERIAL_4BD29B339038,Parameter
{},TITLE_LEFT,SAFE_LD_2_14,LogicDetail,PARAM_MATERIAL_C07BBED50994,Parameter
{},TITLE_RIGHT,SAFE_LD_2_14,LogicDetail,PARAM_SAFETY_9E17ADCAE764,Parameter
{},ASSERTS,SAFE_LD_2_15,LogicDetail,REL_253A475E0FD5A2EB,LogicRelation
{},HAS_FORMULA,SAFE_LD_2_15,LogicDetail,SAFETY_FORMULA_2_15_001,Formula
{},HAS_FORMULA,SAFE_LD_2_15,LogicDetail,SAFETY_FORMULA_2_15_002,Formula
{},HAS_FORMULA,SAFE_LD_2_15,LogicDetail,SAFETY_FORMULA_2_15_003,Formula
{},HAS_FORMULA,SAFE_LD_2_15,LogicDetail,SAFETY_FORMULA_2_15_004,Formula
{},HAS_FORMULA,SAFE_LD_2_15,LogicDetail,SAFETY_FORMULA_2_15_005,Formula
{},HAS_INPUT,SAFE_LD_2_15,LogicDetail,PARAM_MATERIAL_1A9E264C9946,Parameter
{},HAS_INPUT,SAFE_LD_2_15,LogicDetail,PARAM_MATERIAL_4BD29B339038,Parameter
{},HAS_OUTPUT,SAFE_LD_2_15,LogicDetail,PARAM_SAFETY_9E17ADCAE764,Parameter
{},INVOLVES_PARAMETER,SAFE_LD_2_15,LogicDetail,PARAM_MATERIAL_1A9E264C9946,Parameter
{},INVOLVES_PARAMETER,SAFE_LD_2_15,LogicDetail,PARAM_MATERIAL_4BD29B339038,Parameter
{},INVOLVES_PARAMETER,SAFE_LD_2_15,LogicDetail,PARAM_MATERIAL_64070CD4FD1A,Parameter
{},INVOLVES_PARAMETER,SAFE_LD_2_15,LogicDetail,PARAM_SAFETY_9E17ADCAE764,Parameter
{},IN_DOMAIN,SAFE_LD_2_15,LogicDetail,DOMAIN_SAFETY_GENERAL,Domain
{},SUPPORTED_BY,SAFE_LD_2_15,LogicDetail,REF_84B3CF6499E91C28,Reference
{},TITLE_LEFT,SAFE_LD_2_15,LogicDetail,PARAM_MATERIAL_4BD29B339038,Parameter
{},TITLE_LEFT,SAFE_LD_2_15,LogicDetail,PARAM_MATERIAL_64070CD4FD1A,Parameter
{},TITLE_RIGHT,SAFE_LD_2_15,LogicDetail,PARAM_SAFETY_9E17ADCAE764,Parameter
{},ASSERTS,SAFE_LD_2_16,LogicDetail,REL_D751EB9C0DC00162,LogicRelation
{},HAS_FORMULA,SAFE_LD_2_16,LogicDetail,SAFETY_FORMULA_2_16_001,Formula
{},HAS_FORMULA,SAFE_LD_2_16,LogicDetail,SAFETY_FORMULA_2_16_002,Formula
{},HAS_FORMULA,SAFE_LD_2_16,LogicDetail,SAFETY_FORMULA_2_16_003,Formula
{},HAS_FORMULA,SAFE_LD_2_16,LogicDetail,SAFETY_FORMULA_2_16_004,Formula
{},HAS_FORMULA,SAFE_LD_2_16,LogicDetail,SAFETY_FORMULA_2_16_005,Formula
{},HAS_FORMULA,SAFE_LD_2_16,LogicDetail,SAFETY_FORMULA_2_16_006,Formula
{},INVOLVES_PARAMETER,SAFE_LD_2_16,LogicDetail,PARAM_MATERIAL_4BD29B339038,Parameter
{},INVOLVES_PARAMETER,SAFE_LD_2_16,LogicDetail,PARAM_MATERIAL_94865A2B1101,Parameter
{},INVOLVES_PARAMETER,SAFE_LD_2_16,LogicDetail,PARAM_MATERIAL_9E17ADCAE764,Parameter
{},INVOLVES_PARAMETER,SAFE_LD_2_16,LogicDetail,PARAM_MATERIAL_C07BBED50994,Parameter
{},INVOLVES_PARAMETER,SAFE_LD_2_16,LogicDetail,PARAM_SAFETY_9E17ADCAE764,Parameter
{},IN_DOMAIN,SAFE_LD_2_16,LogicDetail,DOMAIN_SAFETY_GENERAL,Domain
{},SUPPORTED_BY,SAFE_LD_2_16,LogicDetail,REF_23EB1C1D510996BE,Reference
{},TITLE_LEFT,SAFE_LD_2_16,LogicDetail,PARAM_MATERIAL_4BD29B339038,Parameter
{},TITLE_LEFT,SAFE_LD_2_16,LogicDetail,PARAM_MATERIAL_94865A2B1101,Parameter
{},TITLE_LEFT,SAFE_LD_2_16,LogicDetail,PARAM_MATERIAL_C07BBED50994,Parameter
{},TITLE_RIGHT,SAFE_LD_2_16,LogicDetail,PARAM_SAFETY_9E17ADCAE764,Parameter
{},ASSERTS,SAFE_LD_2_17,LogicDetail,REL_46024B6E4A2A0EB8,LogicRelation
{},HAS_FORMULA,SAFE_LD_2_17,LogicDetail,SAFETY_FORMULA_2_17_001,Formula
{},HAS_FORMULA,SAFE_LD_2_17,LogicDetail,SAFETY_FORMULA_2_17_002,Formula
{},HAS_FORMULA,SAFE_LD_2_17,LogicDetail,SAFETY_FORMULA_2_17_003,Formula
{},HAS_FORMULA,SAFE_LD_2_17,LogicDetail,SAFETY_FORMULA_2_17_004,Formula
{},HAS_FORMULA,SAFE_LD_2_17,LogicDetail,SAFETY_FORMULA_2_17_005,Formula
{},HAS_FORMULA,SAFE_LD_2_17,LogicDetail,SAFETY_FORMULA_2_17_006,Formula
{},HAS_FORMULA,SAFE_LD_2_17,LogicDetail,SAFETY_FORMULA_2_17_007,Formula
{},HAS_FORMULA,SAFE_LD_2_17,LogicDetail,SAFETY_FORMULA_2_17_008,Formula
{},HAS_INPUT,SAFE_LD_2_17,LogicDetail,PARAM_MATERIAL_0ACC666511A7,Parameter
{},HAS_INPUT,SAFE_LD_2_17,LogicDetail,PARAM_MATERIAL_32C4AC754395,Parameter
{},HAS_OUTPUT,SAFE_LD_2_17,LogicDetail,PARAM_SAFETY_9E17ADCAE764,Parameter
{},INVOLVES_PARAMETER,SAFE_LD_2_17,LogicDetail,PARAM_MATERIAL_0ACC666511A7,Parameter
{},INVOLVES_PARAMETER,SAFE_LD_2_17,LogicDetail,PARAM_MATERIAL_32C4AC754395,Parameter
{},INVOLVES_PARAMETER,SAFE_LD_2_17,LogicDetail,PARAM_SAFETY_9E17ADCAE764,Parameter
{},IN_DOMAIN,SAFE_LD_2_17,LogicDetail,DOMAIN_SAFETY_GENERAL,Domain
{},SUPPORTED_BY,SAFE_LD_2_17,LogicDetail,REF_2B3BF4328A97EDED,Reference
{},SUPPORTED_BY,SAFE_LD_2_17,LogicDetail,REF_A405EC568127EE7F,Reference
{},SUPPORTED_BY,SAFE_LD_2_17,LogicDetail,REF_F18D0AAD77C6A60B,Reference
{},TITLE_LEFT,SAFE_LD_2_17,LogicDetail,PARAM_MATERIAL_0ACC666511A7,Parameter
{},TITLE_LEFT,SAFE_LD_2_17,LogicDetail,PARAM_MATERIAL_32C4AC754395,Parameter
{},TITLE_RIGHT,SAFE_LD_2_17,LogicDetail,PARAM_SAFETY_9E17ADCAE764,Parameter
{},ASSERTS,SAFE_LD_2_18,LogicDetail,REL_B2517FA916E7AE45,LogicRelation
{},HAS_FORMULA,SAFE_LD_2_18,LogicDetail,SAFETY_FORMULA_2_18_001,Formula
{},HAS_FORMULA,SAFE_LD_2_18,LogicDetail,SAFETY_FORMULA_2_18_002,Formula
{},HAS_FORMULA,SAFE_LD_2_18,LogicDetail,SAFETY_FORMULA_2_18_003,Formula
{},HAS_FORMULA,SAFE_LD_2_18,LogicDetail,SAFETY_FORMULA_2_18_004,Formula
{},HAS_INPUT,SAFE_LD_2_18,LogicDetail,PARAM_MATERIAL_0ACC666511A7,Parameter
{},HAS_INPUT,SAFE_LD_2_18,LogicDetail,PARAM_MATERIAL_1A9E264C9946,Parameter
{},HAS_OUTPUT,SAFE_LD_2_18,LogicDetail,PARAM_SAFETY_9E17ADCAE764,Parameter
{},INVOLVES_PARAMETER,SAFE_LD_2_18,LogicDetail,PARAM_MATERIAL_0ACC666511A7,Parameter
{},INVOLVES_PARAMETER,SAFE_LD_2_18,LogicDetail,PARAM_MATERIAL_1A9E264C9946,Parameter
{},INVOLVES_PARAMETER,SAFE_LD_2_18,LogicDetail,PARAM_MATERIAL_64070CD4FD1A,Parameter
{},INVOLVES_PARAMETER,SAFE_LD_2_18,LogicDetail,PARAM_SAFETY_9E17ADCAE764,Parameter
{},IN_DOMAIN,SAFE_LD_2_18,LogicDetail,DOMAIN_SAFETY_GENERAL,Domain
{},SUPPORTED_BY,SAFE_LD_2_18,LogicDetail,REF_F732E3E226268427,Reference
{},TITLE_LEFT,SAFE_LD_2_18,LogicDetail,PARAM_MATERIAL_0ACC666511A7,Parameter
{},TITLE_LEFT,SAFE_LD_2_18,LogicDetail,PARAM_MATERIAL_64070CD4FD1A,Parameter
{},TITLE_RIGHT,SAFE_LD_2_18,LogicDetail,PARAM_SAFETY_9E17ADCAE764,Parameter
{},ASSERTS,SAFE_LD_2_19,LogicDetail,REL_6408B161E2CB7826,LogicRelation
{},HAS_FORMULA,SAFE_LD_2_19,LogicDetail,SAFETY_FORMULA_2_19_001,Formula
{},HAS_FORMULA,SAFE_LD_2_19,LogicDetail,SAFETY_FORMULA_2_19_002,Formula
{},HAS_FORMULA,SAFE_LD_2_19,LogicDetail,SAFETY_FORMULA_2_19_003,Formula
{},HAS_FORMULA,SAFE_LD_2_19,LogicDetail,SAFETY_FORMULA_2_19_004,Formula
{},HAS_FORMULA,SAFE_LD_2_19,LogicDetail,SAFETY_FORMULA_2_19_005,Formula
{},HAS_FORMULA,SAFE_LD_2_19,LogicDetail,SAFETY_FORMULA_2_19_006,Formula
{},HAS_FORMULA,SAFE_LD_2_19,LogicDetail,SAFETY_FORMULA_2_19_007,Formula
{},HAS_FORMULA,SAFE_LD_2_19,LogicDetail,SAFETY_FORMULA_2_19_008,Formula
{},HAS_INPUT,SAFE_LD_2_19,LogicDetail,PARAM_MATERIAL_0A5804759914,Parameter
{},HAS_INPUT,SAFE_LD_2_19,LogicDetail,PARAM_MATERIAL_373C98209BD6,Parameter
{},HAS_INPUT,SAFE_LD_2_19,LogicDetail,PARAM_MATERIAL_4BD29B339038,Parameter
{},HAS_OUTPUT,SAFE_LD_2_19,LogicDetail,PARAM_SAFETY_9E17ADCAE764,Parameter
{},INVOLVES_PARAMETER,SAFE_LD_2_19,LogicDetail,PARAM_MATERIAL_0A5804759914,Parameter
{},INVOLVES_PARAMETER,SAFE_LD_2_19,LogicDetail,PARAM_MATERIAL_373C98209BD6,Parameter
{},INVOLVES_PARAMETER,SAFE_LD_2_19,LogicDetail,PARAM_MATERIAL_4BD29B339038,Parameter
{},INVOLVES_PARAMETER,SAFE_LD_2_19,LogicDetail,PARAM_MATERIAL_8B496D2CB62C,Parameter
{},INVOLVES_PARAMETER,SAFE_LD_2_19,LogicDetail,PARAM_MATERIAL_93314212C3CE,Parameter
{},INVOLVES_PARAMETER,SAFE_LD_2_19,LogicDetail,PARAM_SAFETY_9E17ADCAE764,Parameter
{},IN_DOMAIN,SAFE_LD_2_19,LogicDetail,DOMAIN_SAFETY_GENERAL,Domain
{},SUPPORTED_BY,SAFE_LD_2_19,LogicDetail,REF_68EA248349291E21,Reference
{},SUPPORTED_BY,SAFE_LD_2_19,LogicDetail,REF_9612BE8541F47131,Reference
{},TITLE_LEFT,SAFE_LD_2_19,LogicDetail,PARAM_MATERIAL_4BD29B339038,Parameter
{},TITLE_LEFT,SAFE_LD_2_19,LogicDetail,PARAM_MATERIAL_8B496D2CB62C,Parameter
{},TITLE_LEFT,SAFE_LD_2_19,LogicDetail,PARAM_MATERIAL_93314212C3CE,Parameter
{},TITLE_RIGHT,SAFE_LD_2_19,LogicDetail,PARAM_SAFETY_9E17ADCAE764,Parameter
{},ASSERTS,SAFE_LD_2_2,LogicDetail,REL_1B563065F6469981,LogicRelation
{},HAS_FORMULA,SAFE_LD_2_2,LogicDetail,SAFETY_FORMULA_2_2_001,Formula
{},HAS_INPUT,SAFE_LD_2_2,LogicDetail,PARAM_MATERIAL_0AFC04A27CB1,Parameter
{},HAS_METHOD,SAFE_LD_2_2,LogicDetail,SAFETY_METHOD_2_2_01,Method
{},HAS_OUTPUT,SAFE_LD_2_2,LogicDetail,PARAM_SAFETY_1222A7C2E119,Parameter
{},HAS_OUTPUT,SAFE_LD_2_2,LogicDetail,PARAM_SAFETY_136C6AAD5E95,Parameter
{},HAS_OUTPUT,SAFE_LD_2_2,LogicDetail,PARAM_SAFETY_5E95CEE5219F,Parameter
{},HAS_OUTPUT,SAFE_LD_2_2,LogicDetail,PARAM_SAFETY_B48F2863D44C,Parameter
{},INVOLVES_PARAMETER,SAFE_LD_2_2,LogicDetail,PARAM_MATERIAL_0AFC04A27CB1,Parameter
{},INVOLVES_PARAMETER,SAFE_LD_2_2,LogicDetail,PARAM_SAFETY_1222A7C2E119,Parameter
{},INVOLVES_PARAMETER,SAFE_LD_2_2,LogicDetail,PARAM_SAFETY_136C6AAD5E95,Parameter
{},INVOLVES_PARAMETER,SAFE_LD_2_2,LogicDetail,PARAM_SAFETY_490B8FE1BF2E,Parameter
{},INVOLVES_PARAMETER,SAFE_LD_2_2,LogicDetail,PARAM_SAFETY_5E95CEE5219F,Parameter
{},INVOLVES_PARAMETER,SAFE_LD_2_2,LogicDetail,PARAM_SAFETY_B48F2863D44C,Parameter
{},IN_DOMAIN,SAFE_LD_2_2,LogicDetail,DOMAIN_SAFETY_GENERAL,Domain
{},SUPPORTED_BY,SAFE_LD_2_2,LogicDetail,REF_00BEBB892C75B4BC,Reference
{},TITLE_LEFT,SAFE_LD_2_2,LogicDetail,PARAM_MATERIAL_0AFC04A27CB1,Parameter
{},TITLE_RIGHT,SAFE_LD_2_2,LogicDetail,PARAM_SAFETY_490B8FE1BF2E,Parameter
{},ASSERTS,SAFE_LD_2_20,LogicDetail,REL_DD78589F7A655C50,LogicRelation
{},HAS_FORMULA,SAFE_LD_2_20,LogicDetail,SAFETY_FORMULA_2_20_001,Formula
{},HAS_FORMULA,SAFE_LD_2_20,LogicDetail,SAFETY_FORMULA_2_20_002,Formula
{},HAS_FORMULA,SAFE_LD_2_20,LogicDetail,SAFETY_FORMULA_2_20_003,Formula
{},HAS_FORMULA,SAFE_LD_2_20,LogicDetail,SAFETY_FORMULA_2_20_004,Formula
{},HAS_FORMULA,SAFE_LD_2_20,LogicDetail,SAFETY_FORMULA_2_20_005,Formula
{},HAS_INPUT,SAFE_LD_2_20,LogicDetail,PARAM_MATERIAL_4BD29B339038,Parameter
{},HAS_INPUT,SAFE_LD_2_20,LogicDetail,PARAM_MATERIAL_92530574FDA0,Parameter
{},HAS_OUTPUT,SAFE_LD_2_20,LogicDetail,PARAM_SAFETY_9E17ADCAE764,Parameter
{},INVOLVES_PARAMETER,SAFE_LD_2_20,LogicDetail,PARAM_MATERIAL_13B9B4BAC28E,Parameter
{},INVOLVES_PARAMETER,SAFE_LD_2_20,LogicDetail,PARAM_MATERIAL_4BD29B339038,Parameter
{},INVOLVES_PARAMETER,SAFE_LD_2_20,LogicDetail,PARAM_MATERIAL_84550BACB6A8,Parameter
{},INVOLVES_PARAMETER,SAFE_LD_2_20,LogicDetail,PARAM_MATERIAL_92530574FDA0,Parameter
{},INVOLVES_PARAMETER,SAFE_LD_2_20,LogicDetail,PARAM_SAFETY_9E17ADCAE764,Parameter
{},IN_DOMAIN,SAFE_LD_2_20,LogicDetail,DOMAIN_SAFETY_GENERAL,Domain
{},SUPPORTED_BY,SAFE_LD_2_20,LogicDetail,REF_F9D8156C827F3528,Reference
{},TITLE_LEFT,SAFE_LD_2_20,LogicDetail,PARAM_MATERIAL_13B9B4BAC28E,Parameter
{},TITLE_LEFT,SAFE_LD_2_20,LogicDetail,PARAM_MATERIAL_84550BACB6A8,Parameter
{},TITLE_RIGHT,SAFE_LD_2_20,LogicDetail,PARAM_SAFETY_9E17ADCAE764,Parameter
{},ASSERTS,SAFE_LD_2_21,LogicDetail,REL_E076B85C5FA30483,LogicRelation
{},HAS_METHOD,SAFE_LD_2_21,LogicDetail,SAFETY_METHOD_2_21_01,Method
{},HAS_METHOD,SAFE_LD_2_21,LogicDetail,SAFETY_METHOD_2_21_02,Method
{},HAS_METHOD,SAFE_LD_2_21,LogicDetail,SAFETY_METHOD_2_21_03,Method
{},INVOLVES_PARAMETER,SAFE_LD_2_21,LogicDetail,PARAM_MATERIAL_9E17ADCAE764,Parameter
{},INVOLVES_PARAMETER,SAFE_LD_2_21,LogicDetail,PARAM_MATERIAL_B58E02C82AD7,Parameter
{},INVOLVES_PARAMETER,SAFE_LD_2_21,LogicDetail,PARAM_SAFETY_AB2AFA02760B,Parameter
{},IN_DOMAIN,SAFE_LD_2_21,LogicDetail,DOMAIN_SAFETY_GENERAL,Domain
{},TITLE_LEFT,SAFE_LD_2_21,LogicDetail,PARAM_MATERIAL_9E17ADCAE764,Parameter
{},TITLE_LEFT,SAFE_LD_2_21,LogicDetail,PARAM_MATERIAL_B58E02C82AD7,Parameter
{},TITLE_RIGHT,SAFE_LD_2_21,LogicDetail,PARAM_SAFETY_AB2AFA02760B,Parameter
{},ASSERTS,SAFE_LD_2_22,LogicDetail,REL_89CF14455D512922,LogicRelation
{},HAS_INPUT,SAFE_LD_2_22,LogicDetail,PARAM_MATERIAL_0A2AB2B770B3,Parameter
{},HAS_INPUT,SAFE_LD_2_22,LogicDetail,PARAM_MATERIAL_492AC17C389A,Parameter
{},HAS_INPUT,SAFE_LD_2_22,LogicDetail,PARAM_MATERIAL_A408AEA2BEF6,Parameter
{},HAS_INPUT,SAFE_LD_2_22,LogicDetail,PARAM_MATERIAL_B58E02C82AD7,Parameter
{},HAS_INPUT,SAFE_LD_2_22,LogicDetail,PARAM_MATERIAL_E8DBAC2D78C8,Parameter
{},HAS_INPUT,SAFE_LD_2_22,LogicDetail,PARAM_MATERIAL_F2DC4263B061,Parameter
{},HAS_METHOD,SAFE_LD_2_22,LogicDetail,SAFETY_METHOD_2_22_01,Method
{},HAS_METHOD,SAFE_LD_2_22,LogicDetail,SAFETY_METHOD_2_22_02,Method
{},HAS_OUTPUT,SAFE_LD_2_22,LogicDetail,PARAM_SAFETY_DF53DF98AE22,Parameter
{},INVOLVES_PARAMETER,SAFE_LD_2_22,LogicDetail,PARAM_MATERIAL_0A2AB2B770B3,Parameter
{},INVOLVES_PARAMETER,SAFE_LD_2_22,LogicDetail,PARAM_MATERIAL_492AC17C389A,Parameter
{},INVOLVES_PARAMETER,SAFE_LD_2_22,LogicDetail,PARAM_MATERIAL_9E17ADCAE764,Parameter
{},INVOLVES_PARAMETER,SAFE_LD_2_22,LogicDetail,PARAM_MATERIAL_A408AEA2BEF6,Parameter
{},INVOLVES_PARAMETER,SAFE_LD_2_22,LogicDetail,PARAM_MATERIAL_B58E02C82AD7,Parameter
{},INVOLVES_PARAMETER,SAFE_LD_2_22,LogicDetail,PARAM_MATERIAL_E8DBAC2D78C8,Parameter
{},INVOLVES_PARAMETER,SAFE_LD_2_22,LogicDetail,PARAM_MATERIAL_F2DC4263B061,Parameter
{},INVOLVES_PARAMETER,SAFE_LD_2_22,LogicDetail,PARAM_SAFETY_1A68CCB0C9D3,Parameter
{},INVOLVES_PARAMETER,SAFE_LD_2_22,LogicDetail,PARAM_SAFETY_DF53DF98AE22,Parameter
{},IN_DOMAIN,SAFE_LD_2_22,LogicDetail,DOMAIN_SAFETY_GENERAL,Domain
{},SUPPORTED_BY,SAFE_LD_2_22,LogicDetail,REF_41214D4D17B1771E,Reference
{},SUPPORTED_BY,SAFE_LD_2_22,LogicDetail,REF_53AA3E8F59CC4B79,Reference
{},SUPPORTED_BY,SAFE_LD_2_22,LogicDetail,REF_78F24373B4889870,Reference
{},SUPPORTED_BY,SAFE_LD_2_22,LogicDetail,REF_B68D79A1213A020D,Reference
{},TITLE_LEFT,SAFE_LD_2_22,LogicDetail,PARAM_MATERIAL_9E17ADCAE764,Parameter
{},TITLE_LEFT,SAFE_LD_2_22,LogicDetail,PARAM_MATERIAL_B58E02C82AD7,Parameter
{},TITLE_RIGHT,SAFE_LD_2_22,LogicDetail,PARAM_SAFETY_1A68CCB0C9D3,Parameter
{},ASSERTS,SAFE_LD_2_23,LogicDetail,REL_4135A871135F4E70,LogicRelation
{},HAS_INPUT,SAFE_LD_2_23,LogicDetail,PARAM_MATERIAL_492AC17C389A,Parameter
{},HAS_INPUT,SAFE_LD_2_23,LogicDetail,PARAM_MATERIAL_8C7F0DC406B8,Parameter
{},HAS_INPUT,SAFE_LD_2_23,LogicDetail,PARAM_MATERIAL_9BECEAFB1099,Parameter
{},HAS_INPUT,SAFE_LD_2_23,LogicDetail,PARAM_MATERIAL_ADA465065FBF,Parameter
{},HAS_INPUT,SAFE_LD_2_23,LogicDetail,PARAM_MATERIAL_C4951775AB89,Parameter
{},HAS_METHOD,SAFE_LD_2_23,LogicDetail,SAFETY_METHOD_2_23_01,Method
{},HAS_METHOD,SAFE_LD_2_23,LogicDetail,SAFETY_METHOD_2_23_02,Method
{},HAS_OUTPUT,SAFE_LD_2_23,LogicDetail,PARAM_SAFETY_BA2C05294357,Parameter
{},INVOLVES_PARAMETER,SAFE_LD_2_23,LogicDetail,PARAM_MATERIAL_492AC17C389A,Parameter
{},INVOLVES_PARAMETER,SAFE_LD_2_23,LogicDetail,PARAM_MATERIAL_8C7F0DC406B8,Parameter
{},INVOLVES_PARAMETER,SAFE_LD_2_23,LogicDetail,PARAM_MATERIAL_9BECEAFB1099,Parameter
{},INVOLVES_PARAMETER,SAFE_LD_2_23,LogicDetail,PARAM_MATERIAL_ADA465065FBF,Parameter
{},INVOLVES_PARAMETER,SAFE_LD_2_23,LogicDetail,PARAM_MATERIAL_B58E02C82AD7,Parameter
{},INVOLVES_PARAMETER,SAFE_LD_2_23,LogicDetail,PARAM_MATERIAL_C4951775AB89,Parameter
{},INVOLVES_PARAMETER,SAFE_LD_2_23,LogicDetail,PARAM_SAFETY_BA2C05294357,Parameter
{},IN_DOMAIN,SAFE_LD_2_23,LogicDetail,DOMAIN_SAFETY_GENERAL,Domain
{},SUPPORTED_BY,SAFE_LD_2_23,LogicDetail,REF_00C392D6C750507F,Reference
{},SUPPORTED_BY,SAFE_LD_2_23,LogicDetail,REF_9A53467041D42BC7,Reference
{},TITLE_LEFT,SAFE_LD_2_23,LogicDetail,PARAM_MATERIAL_B58E02C82AD7,Parameter
{},TITLE_RIGHT,SAFE_LD_2_23,LogicDetail,PARAM_SAFETY_BA2C05294357,Parameter
{},ASSERTS,SAFE_LD_2_24,LogicDetail,REL_846016D2F633C844,LogicRelation
{},HAS_FORMULA,SAFE_LD_2_24,LogicDetail,SAFETY_FORMULA_2_24_001,Formula
{},HAS_FORMULA,SAFE_LD_2_24,LogicDetail,SAFETY_FORMULA_2_24_002,Formula
{},HAS_FORMULA,SAFE_LD_2_24,LogicDetail,SAFETY_FORMULA_2_24_003,Formula
{},HAS_FORMULA,SAFE_LD_2_24,LogicDetail,SAFETY_FORMULA_2_24_004,Formula
{},HAS_INPUT,SAFE_LD_2_24,LogicDetail,PARAM_MATERIAL_578E8B3EC6CE,Parameter
{},HAS_INPUT,SAFE_LD_2_24,LogicDetail,PARAM_MATERIAL_BC6D04F37DF7,Parameter
{},HAS_INPUT,SAFE_LD_2_24,LogicDetail,PARAM_MATERIAL_C09AD669C3F1,Parameter
{},HAS_METHOD,SAFE_LD_2_24,LogicDetail,SAFETY_METHOD_2_24_01,Method
{},HAS_OUTPUT,SAFE_LD_2_24,LogicDetail,PARAM_SAFETY_F287BE76488E,Parameter
{},INVOLVES_PARAMETER,SAFE_LD_2_24,LogicDetail,PARAM_MATERIAL_578E8B3EC6CE,Parameter
{},INVOLVES_PARAMETER,SAFE_LD_2_24,LogicDetail,PARAM_MATERIAL_B58E02C82AD7,Parameter
{},INVOLVES_PARAMETER,SAFE_LD_2_24,LogicDetail,PARAM_MATERIAL_BC6D04F37DF7,Parameter
{},INVOLVES_PARAMETER,SAFE_LD_2_24,LogicDetail,PARAM_MATERIAL_C09AD669C3F1,Parameter
{},INVOLVES_PARAMETER,SAFE_LD_2_24,LogicDetail,PARAM_SAFETY_F287BE76488E,Parameter
{},IN_DOMAIN,SAFE_LD_2_24,LogicDetail,DOMAIN_SAFETY_GENERAL,Domain
{},SUPPORTED_BY,SAFE_LD_2_24,LogicDetail,REF_00C392D6C750507F,Reference
{},TITLE_LEFT,SAFE_LD_2_24,LogicDetail,PARAM_MATERIAL_B58E02C82AD7,Parameter
{},TITLE_RIGHT,SAFE_LD_2_24,LogicDetail,PARAM_SAFETY_F287BE76488E,Parameter
{},ASSERTS,SAFE_LD_2_25,LogicDetail,REL_5732E7332FED0B2A,LogicRelation
{},HAS_FORMULA,SAFE_LD_2_25,LogicDetail,SAFETY_FORMULA_2_25_001,Formula
{},HAS_FORMULA,SAFE_LD_2_25,LogicDetail,SAFETY_FORMULA_2_25_002,Formula
{},HAS_FORMULA,SAFE_LD_2_25,LogicDetail,SAFETY_FORMULA_2_25_003,Formula
{},HAS_FORMULA,SAFE_LD_2_25,LogicDetail,SAFETY_FORMULA_2_25_004,Formula
{},HAS_FORMULA,SAFE_LD_2_25,LogicDetail,SAFETY_FORMULA_2_25_005,Formula
{},HAS_FORMULA,SAFE_LD_2_25,LogicDetail,SAFETY_FORMULA_2_25_006,Formula
{},HAS_FORMULA,SAFE_LD_2_25,LogicDetail,SAFETY_FORMULA_2_25_007,Formula
{},HAS_INPUT,SAFE_LD_2_25,LogicDetail,PARAM_MATERIAL_5B14F0618C6E,Parameter
{},HAS_INPUT,SAFE_LD_2_25,LogicDetail,PARAM_MATERIAL_771C6082CA96,Parameter
{},HAS_INPUT,SAFE_LD_2_25,LogicDetail,PARAM_MATERIAL_8ADA795DCA41,Parameter
{},HAS_INPUT,SAFE_LD_2_25,LogicDetail,PARAM_MATERIAL_EF2AB43FF8D2,Parameter
{},HAS_OUTPUT,SAFE_LD_2_25,LogicDetail,PARAM_SAFETY_9B937C5090BB,Parameter
{},HAS_OUTPUT,SAFE_LD_2_25,LogicDetail,PARAM_SAFETY_A7FEADD1A3E8,Parameter
{},INVOLVES_PARAMETER,SAFE_LD_2_25,LogicDetail,PARAM_MATERIAL_32C4AC754395,Parameter
{},INVOLVES_PARAMETER,SAFE_LD_2_25,LogicDetail,PARAM_MATERIAL_5B14F0618C6E,Parameter
{},INVOLVES_PARAMETER,SAFE_LD_2_25,LogicDetail,PARAM_MATERIAL_771C6082CA96,Parameter
{},INVOLVES_PARAMETER,SAFE_LD_2_25,LogicDetail,PARAM_MATERIAL_78AA3C67A4E4,Parameter
{},INVOLVES_PARAMETER,SAFE_LD_2_25,LogicDetail,PARAM_MATERIAL_8ADA795DCA41,Parameter
{},INVOLVES_PARAMETER,SAFE_LD_2_25,LogicDetail,PARAM_MATERIAL_EF2AB43FF8D2,Parameter
{},INVOLVES_PARAMETER,SAFE_LD_2_25,LogicDetail,PARAM_SAFETY_4023957F0531,Parameter
{},INVOLVES_PARAMETER,SAFE_LD_2_25,LogicDetail,PARAM_SAFETY_9B937C5090BB,Parameter
{},INVOLVES_PARAMETER,SAFE_LD_2_25,LogicDetail,PARAM_SAFETY_A7FEADD1A3E8,Parameter
{},IN_DOMAIN,SAFE_LD_2_25,LogicDetail,DOMAIN_SAFETY_GENERAL,Domain
{},SUPPORTED_BY,SAFE_LD_2_25,LogicDetail,REF_BB249149A4A9C498,Reference
{},TITLE_LEFT,SAFE_LD_2_25,LogicDetail,PARAM_MATERIAL_32C4AC754395,Parameter
{},TITLE_LEFT,SAFE_LD_2_25,LogicDetail,PARAM_MATERIAL_78AA3C67A4E4,Parameter
{},TITLE_LEFT,SAFE_LD_2_25,LogicDetail,PARAM_MATERIAL_8ADA795DCA41,Parameter
{},TITLE_LEFT,SAFE_LD_2_25,LogicDetail,PARAM_MATERIAL_EF2AB43FF8D2,Parameter
{},TITLE_RIGHT,SAFE_LD_2_25,LogicDetail,PARAM_SAFETY_4023957F0531,Parameter
{},ASSERTS,SAFE_LD_2_26,LogicDetail,REL_272D41A91C08699E,LogicRelation
{},HAS_INPUT,SAFE_LD_2_26,LogicDetail,PARAM_MATERIAL_9181A80363C0,Parameter
{},HAS_INPUT,SAFE_LD_2_26,LogicDetail,PARAM_MATERIAL_EF2AB43FF8D2,Parameter
{},HAS_METHOD,SAFE_LD_2_26,LogicDetail,SAFETY_METHOD_2_26_01,Method
{},HAS_METHOD,SAFE_LD_2_26,LogicDetail,SAFETY_METHOD_2_26_02,Method
{},HAS_OUTPUT,SAFE_LD_2_26,LogicDetail,PARAM_SAFETY_5DB5CEF76925,Parameter
{},HAS_OUTPUT,SAFE_LD_2_26,LogicDetail,PARAM_SAFETY_8D4CB674F02C,Parameter
{},INVOLVES_PARAMETER,SAFE_LD_2_26,LogicDetail,PARAM_MATERIAL_9181A80363C0,Parameter
{},INVOLVES_PARAMETER,SAFE_LD_2_26,LogicDetail,PARAM_MATERIAL_EF2AB43FF8D2,Parameter
{},INVOLVES_PARAMETER,SAFE_LD_2_26,LogicDetail,PARAM_SAFETY_1AADD9D3B79A,Parameter
{},INVOLVES_PARAMETER,SAFE_LD_2_26,LogicDetail,PARAM_SAFETY_5DB5CEF76925,Parameter
{},INVOLVES_PARAMETER,SAFE_LD_2_26,LogicDetail,PARAM_SAFETY_8D4CB674F02C,Parameter
{},IN_DOMAIN,SAFE_LD_2_26,LogicDetail,DOMAIN_SAFETY_GENERAL,Domain
{},SUPPORTED_BY,SAFE_LD_2_26,LogicDetail,REF_BB249149A4A9C498,Reference
{},TITLE_LEFT,SAFE_LD_2_26,LogicDetail,PARAM_MATERIAL_9181A80363C0,Parameter
{},TITLE_LEFT,SAFE_LD_2_26,LogicDetail,PARAM_MATERIAL_EF2AB43FF8D2,Parameter
{},TITLE_RIGHT,SAFE_LD_2_26,LogicDetail,PARAM_SAFETY_1AADD9D3B79A,Parameter
{},ASSERTS,SAFE_LD_2_27,LogicDetail,REL_FD0E6615669A174D,LogicRelation
{},HAS_FORMULA,SAFE_LD_2_27,LogicDetail,SAFETY_FORMULA_2_27_001,Formula
{},HAS_FORMULA,SAFE_LD_2_27,LogicDetail,SAFETY_FORMULA_2_27_002,Formula
{},HAS_INPUT,SAFE_LD_2_27,LogicDetail,PARAM_MATERIAL_60E56702B1F6,Parameter
{},HAS_INPUT,SAFE_LD_2_27,LogicDetail,PARAM_MATERIAL_699120358D77,Parameter
{},HAS_OUTPUT,SAFE_LD_2_27,LogicDetail,PARAM_SAFETY_0E14D148B46B,Parameter
{},INVOLVES_PARAMETER,SAFE_LD_2_27,LogicDetail,PARAM_MATERIAL_60E56702B1F6,Parameter
{},INVOLVES_PARAMETER,SAFE_LD_2_27,LogicDetail,PARAM_MATERIAL_699120358D77,Parameter
{},INVOLVES_PARAMETER,SAFE_LD_2_27,LogicDetail,PARAM_SAFETY_0E14D148B46B,Parameter
{},INVOLVES_PARAMETER,SAFE_LD_2_27,LogicDetail,PARAM_SAFETY_8CFAE5DBEA65,Parameter
{},IN_DOMAIN,SAFE_LD_2_27,LogicDetail,DOMAIN_SAFETY_GENERAL,Domain
{},SUPPORTED_BY,SAFE_LD_2_27,LogicDetail,REF_BB249149A4A9C498,Reference
{},TITLE_LEFT,SAFE_LD_2_27,LogicDetail,PARAM_MATERIAL_60E56702B1F6,Parameter
{},TITLE_LEFT,SAFE_LD_2_27,LogicDetail,PARAM_MATERIAL_699120358D77,Parameter
{},TITLE_RIGHT,SAFE_LD_2_27,LogicDetail,PARAM_SAFETY_8CFAE5DBEA65,Parameter
{},ASSERTS,SAFE_LD_2_28,LogicDetail,REL_FAFF39A32B9B71AC,LogicRelation
{},HAS_INPUT,SAFE_LD_2_28,LogicDetail,PARAM_MATERIAL_3F39D5C348E5,Parameter
{},HAS_INPUT,SAFE_LD_2_28,LogicDetail,PARAM_MATERIAL_F21662E698A3,Parameter
{},HAS_OUTPUT,SAFE_LD_2_28,LogicDetail,PARAM_SAFETY_AA2CF02A84AC,Parameter
{},INVOLVES_PARAMETER,SAFE_LD_2_28,LogicDetail,PARAM_MATERIAL_3F39D5C348E5,Parameter
{},INVOLVES_PARAMETER,SAFE_LD_2_28,LogicDetail,PARAM_MATERIAL_F21662E698A3,Parameter
{},INVOLVES_PARAMETER,SAFE_LD_2_28,LogicDetail,PARAM_SAFETY_AA2CF02A84AC,Parameter
{},IN_DOMAIN,SAFE_LD_2_28,LogicDetail,DOMAIN_SAFETY_GENERAL,Domain
{},SUPPORTED_BY,SAFE_LD_2_28,LogicDetail,REF_BB249149A4A9C498,Reference
{},TITLE_LEFT,SAFE_LD_2_28,LogicDetail,PARAM_MATERIAL_F21662E698A3,Parameter
{},TITLE_RIGHT,SAFE_LD_2_28,LogicDetail,PARAM_SAFETY_AA2CF02A84AC,Parameter
{},ASSERTS,SAFE_LD_2_29,LogicDetail,REL_BC770EA6E4118504,LogicRelation
{},HAS_INPUT,SAFE_LD_2_29,LogicDetail,PARAM_MATERIAL_32C4AC754395,Parameter
{},HAS_INPUT,SAFE_LD_2_29,LogicDetail,PARAM_MATERIAL_8B496D2CB62C,Parameter
{},HAS_INPUT,SAFE_LD_2_29,LogicDetail,PARAM_MATERIAL_C07BBED50994,Parameter
{},HAS_INPUT,SAFE_LD_2_29,LogicDetail,PARAM_MATERIAL_E23EB415A4C6,Parameter
{},HAS_METHOD,SAFE_LD_2_29,LogicDetail,SAFETY_METHOD_2_29_01,Method
{},HAS_METHOD,SAFE_LD_2_29,LogicDetail,SAFETY_METHOD_2_29_02,Method
{},HAS_METHOD,SAFE_LD_2_29,LogicDetail,SAFETY_METHOD_2_29_03,Method
{},HAS_METHOD,SAFE_LD_2_29,LogicDetail,SAFETY_METHOD_2_29_04,Method
{},HAS_OUTPUT,SAFE_LD_2_29,LogicDetail,PARAM_SAFETY_5CF0AE523D26,Parameter
{},HAS_TABLE,SAFE_LD_2_29,LogicDetail,SAFETY_TABLE_2-8,DataTable
{},INVOLVES_PARAMETER,SAFE_LD_2_29,LogicDetail,PARAM_MATERIAL_32C4AC754395,Parameter
{},INVOLVES_PARAMETER,SAFE_LD_2_29,LogicDetail,PARAM_MATERIAL_578E8B3EC6CE,Parameter
{},INVOLVES_PARAMETER,SAFE_LD_2_29,LogicDetail,PARAM_MATERIAL_8B496D2CB62C,Parameter
{},INVOLVES_PARAMETER,SAFE_LD_2_29,LogicDetail,PARAM_MATERIAL_C07BBED50994,Parameter
{},INVOLVES_PARAMETER,SAFE_LD_2_29,LogicDetail,PARAM_MATERIAL_E23EB415A4C6,Parameter
{},INVOLVES_PARAMETER,SAFE_LD_2_29,LogicDetail,PARAM_SAFETY_5CF0AE523D26,Parameter
{},IN_DOMAIN,SAFE_LD_2_29,LogicDetail,DOMAIN_SAFETY_GENERAL,Domain
{},SUPPORTED_BY,SAFE_LD_2_29,LogicDetail,REF_144137549F7489D2,Reference
{},TITLE_LEFT,SAFE_LD_2_29,LogicDetail,PARAM_MATERIAL_578E8B3EC6CE,Parameter
{},TITLE_LEFT,SAFE_LD_2_29,LogicDetail,PARAM_MATERIAL_8B496D2CB62C,Parameter
{},TITLE_LEFT,SAFE_LD_2_29,LogicDetail,PARAM_MATERIAL_C07BBED50994,Parameter
{},TITLE_RIGHT,SAFE_LD_2_29,LogicDetail,PARAM_SAFETY_5CF0AE523D26,Parameter
{},ASSERTS,SAFE_LD_2_3,LogicDetail,REL_684DA491ECBF3BDA,LogicRelation
{},HAS_FORMULA,SAFE_LD_2_3,LogicDetail,SAFETY_FORMULA_2_3_001,Formula
{},HAS_FORMULA,SAFE_LD_2_3,LogicDetail,SAFETY_FORMULA_2_3_002,Formula
{},HAS_FORMULA,SAFE_LD_2_3,LogicDetail,SAFETY_FORMULA_2_3_003,Formula
{},HAS_FORMULA,SAFE_LD_2_3,LogicDetail,SAFETY_FORMULA_2_3_004,Formula
{},HAS_INPUT,SAFE_LD_2_3,LogicDetail,PARAM_MATERIAL_44937E0387B3,Parameter
{},HAS_INPUT,SAFE_LD_2_3,LogicDetail,PARAM_MATERIAL_6C7FE336FECF,Parameter
{},HAS_OUTPUT,SAFE_LD_2_3,LogicDetail,PARAM_SAFETY_E28419351F52,Parameter
{},INVOLVES_PARAMETER,SAFE_LD_2_3,LogicDetail,PARAM_MATERIAL_44937E0387B3,Parameter
{},INVOLVES_PARAMETER,SAFE_LD_2_3,LogicDetail,PARAM_MATERIAL_6C7FE336FECF,Parameter
{},INVOLVES_PARAMETER,SAFE_LD_2_3,LogicDetail,PARAM_MATERIAL_BC0C6C7F422C,Parameter
{},INVOLVES_PARAMETER,SAFE_LD_2_3,LogicDetail,PARAM_SAFETY_E28419351F52,Parameter
{},IN_DOMAIN,SAFE_LD_2_3,LogicDetail,DOMAIN_SAFETY_GENERAL,Domain
{},SUPPORTED_BY,SAFE_LD_2_3,LogicDetail,REF_117B54C01CF301A7,Reference
{},TITLE_LEFT,SAFE_LD_2_3,LogicDetail,PARAM_MATERIAL_BC0C6C7F422C,Parameter
{},TITLE_RIGHT,SAFE_LD_2_3,LogicDetail,PARAM_SAFETY_E28419351F52,Parameter
{},ASSERTS,SAFE_LD_2_30,LogicDetail,REL_DD92A15457345B24,LogicRelation
{},HAS_INPUT,SAFE_LD_2_30,LogicDetail,PARAM_MATERIAL_8B496D2CB62C,Parameter
{},HAS_INPUT,SAFE_LD_2_30,LogicDetail,PARAM_MATERIAL_ADA465065FBF,Parameter
{},HAS_METHOD,SAFE_LD_2_30,LogicDetail,SAFETY_METHOD_2_30_01,Method
{},HAS_METHOD,SAFE_LD_2_30,LogicDetail,SAFETY_METHOD_2_30_02,Method
{},HAS_OUTPUT,SAFE_LD_2_30,LogicDetail,PARAM_SAFETY_E5AA9AB748EF,Parameter
{},HAS_TABLE,SAFE_LD_2_30,LogicDetail,SAFETY_TABLE_2-2_T11,DataTable
{},HAS_TABLE,SAFE_LD_2_30,LogicDetail,SAFETY_TABLE_2-91,DataTable
{},INVOLVES_PARAMETER,SAFE_LD_2_30,LogicDetail,PARAM_MATERIAL_8B496D2CB62C,Parameter
{},INVOLVES_PARAMETER,SAFE_LD_2_30,LogicDetail,PARAM_MATERIAL_ADA465065FBF,Parameter
{},INVOLVES_PARAMETER,SAFE_LD_2_30,LogicDetail,PARAM_SAFETY_CC69BB212DCC,Parameter
{},INVOLVES_PARAMETER,SAFE_LD_2_30,LogicDetail,PARAM_SAFETY_E5AA9AB748EF,Parameter
{},IN_DOMAIN,SAFE_LD_2_30,LogicDetail,DOMAIN_SAFETY_GENERAL,Domain
{},SUPPORTED_BY,SAFE_LD_2_30,LogicDetail,REF_49A549682B3602A8,Reference
{},SUPPORTED_BY,SAFE_LD_2_30,LogicDetail,REF_4E4F61353F88265D,Reference
{},SUPPORTED_BY,SAFE_LD_2_30,LogicDetail,REF_7552C4370DF55308,Reference
{},SUPPORTED_BY,SAFE_LD_2_30,LogicDetail,REF_D1EC9C0643317EA6,Reference
{},TITLE_LEFT,SAFE_LD_2_30,LogicDetail,PARAM_MATERIAL_8B496D2CB62C,Parameter
{},TITLE_LEFT,SAFE_LD_2_30,LogicDetail,PARAM_MATERIAL_ADA465065FBF,Parameter
{},TITLE_RIGHT,SAFE_LD_2_30,LogicDetail,PARAM_SAFETY_CC69BB212DCC,Parameter
{},ASSERTS,SAFE_LD_2_31,LogicDetail,REL_08D99DBF5C35BC25,LogicRelation
{},HAS_INPUT,SAFE_LD_2_31,LogicDetail,PARAM_MATERIAL_5CF0AE523D26,Parameter
{},HAS_INPUT,SAFE_LD_2_31,LogicDetail,PARAM_MATERIAL_ADA465065FBF,Parameter
{},HAS_METHOD,SAFE_LD_2_31,LogicDetail,SAFETY_METHOD_2_31_01,Method
{},HAS_METHOD,SAFE_LD_2_31,LogicDetail,SAFETY_METHOD_2_31_02,Method
{},HAS_OUTPUT,SAFE_LD_2_31,LogicDetail,PARAM_SAFETY_A29722F2A397,Parameter
{},HAS_TABLE,SAFE_LD_2_31,LogicDetail,SAFETY_TABLE_2-3_T12,DataTable
{},INVOLVES_PARAMETER,SAFE_LD_2_31,LogicDetail,PARAM_MATERIAL_5CF0AE523D26,Parameter
{},INVOLVES_PARAMETER,SAFE_LD_2_31,LogicDetail,PARAM_MATERIAL_ADA465065FBF,Parameter
{},INVOLVES_PARAMETER,SAFE_LD_2_31,LogicDetail,PARAM_SAFETY_A29722F2A397,Parameter
{},IN_DOMAIN,SAFE_LD_2_31,LogicDetail,DOMAIN_SAFETY_GENERAL,Domain
{},SUPPORTED_BY,SAFE_LD_2_31,LogicDetail,REF_F77352BA2EDAA330,Reference
{},TITLE_LEFT,SAFE_LD_2_31,LogicDetail,PARAM_MATERIAL_ADA465065FBF,Parameter
{},TITLE_RIGHT,SAFE_LD_2_31,LogicDetail,PARAM_SAFETY_A29722F2A397,Parameter
{},ASSERTS,SAFE_LD_2_32,LogicDetail,REL_4AEEAC0BCBD28601,LogicRelation
{},HAS_INPUT,SAFE_LD_2_32,LogicDetail,PARAM_MATERIAL_A29722F2A397,Parameter
{},HAS_INPUT,SAFE_LD_2_32,LogicDetail,PARAM_MATERIAL_ADA465065FBF,Parameter
{},HAS_INPUT,SAFE_LD_2_32,LogicDetail,PARAM_MATERIAL_CC69BB212DCC,Parameter
{},HAS_METHOD,SAFE_LD_2_32,LogicDetail,SAFETY_METHOD_2_32_01,Method
{},HAS_METHOD,SAFE_LD_2_32,LogicDetail,SAFETY_METHOD_2_32_02,Method
{},HAS_METHOD,SAFE_LD_2_32,LogicDetail,SAFETY_METHOD_2_32_03,Method
{},HAS_METHOD,SAFE_LD_2_32,LogicDetail,SAFETY_METHOD_2_32_04,Method
{},HAS_METHOD,SAFE_LD_2_32,LogicDetail,SAFETY_METHOD_2_32_05,Method
{},HAS_METHOD,SAFE_LD_2_32,LogicDetail,SAFETY_METHOD_2_32_06,Method
{},HAS_OUTPUT,SAFE_LD_2_32,LogicDetail,PARAM_SAFETY_38CDE868803C,Parameter
{},INVOLVES_PARAMETER,SAFE_LD_2_32,LogicDetail,PARAM_MATERIAL_A29722F2A397,Parameter
{},INVOLVES_PARAMETER,SAFE_LD_2_32,LogicDetail,PARAM_MATERIAL_ADA465065FBF,Parameter
{},INVOLVES_PARAMETER,SAFE_LD_2_32,LogicDetail,PARAM_MATERIAL_CC69BB212DCC,Parameter
{},INVOLVES_PARAMETER,SAFE_LD_2_32,LogicDetail,PARAM_SAFETY_38CDE868803C,Parameter
{},IN_DOMAIN,SAFE_LD_2_32,LogicDetail,DOMAIN_SAFETY_GENERAL,Domain
{},SUPPORTED_BY,SAFE_LD_2_32,LogicDetail,REF_07462BA2DF0431A8,Reference
{},SUPPORTED_BY,SAFE_LD_2_32,LogicDetail,REF_712006B15FC4E3D4,Reference
{},SUPPORTED_BY,SAFE_LD_2_32,LogicDetail,REF_79572D03A437FE5C,Reference
{},SUPPORTED_BY,SAFE_LD_2_32,LogicDetail,REF_BB327FEC3239DED1,Reference
{},SUPPORTED_BY,SAFE_LD_2_32,LogicDetail,REF_F77352BA2EDAA330,Reference
{},TITLE_LEFT,SAFE_LD_2_32,LogicDetail,PARAM_MATERIAL_ADA465065FBF,Parameter
{},TITLE_RIGHT,SAFE_LD_2_32,LogicDetail,PARAM_SAFETY_38CDE868803C,Parameter
{},ASSERTS,SAFE_LD_2_4,LogicDetail,REL_45249E086828C82D,LogicRelation
{},HAS_FORMULA,SAFE_LD_2_4,LogicDetail,SAFETY_FORMULA_2_4_001,Formula
{},HAS_FORMULA,SAFE_LD_2_4,LogicDetail,SAFETY_FORMULA_2_4_002,Formula
{},HAS_FORMULA,SAFE_LD_2_4,LogicDetail,SAFETY_FORMULA_2_4_003,Formula
{},HAS_FORMULA,SAFE_LD_2_4,LogicDetail,SAFETY_FORMULA_2_4_004,Formula
{},HAS_FORMULA,SAFE_LD_2_4,LogicDetail,SAFETY_FORMULA_2_4_005,Formula
{},HAS_FORMULA,SAFE_LD_2_4,LogicDetail,SAFETY_FORMULA_2_4_006,Formula
{},HAS_INPUT,SAFE_LD_2_4,LogicDetail,PARAM_MATERIAL_44937E0387B3,Parameter
{},HAS_INPUT,SAFE_LD_2_4,LogicDetail,PARAM_MATERIAL_5BFE4AB097BC,Parameter
{},HAS_INPUT,SAFE_LD_2_4,LogicDetail,PARAM_MATERIAL_DC9CCFBCD895,Parameter
{},HAS_OUTPUT,SAFE_LD_2_4,LogicDetail,PARAM_SAFETY_E28419351F52,Parameter
{},INVOLVES_PARAMETER,SAFE_LD_2_4,LogicDetail,PARAM_MATERIAL_0AFC04A27CB1,Parameter
{},INVOLVES_PARAMETER,SAFE_LD_2_4,LogicDetail,PARAM_MATERIAL_44937E0387B3,Parameter
{},INVOLVES_PARAMETER,SAFE_LD_2_4,LogicDetail,PARAM_MATERIAL_5BFE4AB097BC,Parameter
{},INVOLVES_PARAMETER,SAFE_LD_2_4,LogicDetail,PARAM_MATERIAL_DC9CCFBCD895,Parameter
{},INVOLVES_PARAMETER,SAFE_LD_2_4,LogicDetail,PARAM_SAFETY_E28419351F52,Parameter
{},IN_DOMAIN,SAFE_LD_2_4,LogicDetail,DOMAIN_SAFETY_GENERAL,Domain
{},SUPPORTED_BY,SAFE_LD_2_4,LogicDetail,REF_0F02A8DA965C3C1B,Reference
{},TITLE_LEFT,SAFE_LD_2_4,LogicDetail,PARAM_MATERIAL_0AFC04A27CB1,Parameter
{},TITLE_LEFT,SAFE_LD_2_4,LogicDetail,PARAM_MATERIAL_DC9CCFBCD895,Parameter
{},TITLE_RIGHT,SAFE_LD_2_4,LogicDetail,PARAM_SAFETY_E28419351F52,Parameter
{},ASSERTS,SAFE_LD_2_5,LogicDetail,REL_7BA03CFA2F835974,LogicRelation
{},HAS_INPUT,SAFE_LD_2_5,LogicDetail,PARAM_MATERIAL_44937E0387B3,Parameter
{},HAS_INPUT,SAFE_LD_2_5,LogicDetail,PARAM_MATERIAL_ADA465065FBF,Parameter
{},HAS_METHOD,SAFE_LD_2_5,LogicDetail,SAFETY_METHOD_2_5_01,Method
{},HAS_METHOD,SAFE_LD_2_5,LogicDetail,SAFETY_METHOD_2_5_02,Method
{},HAS_METHOD,SAFE_LD_2_5,LogicDetail,SAFETY_METHOD_2_5_03,Method
{},HAS_OUTPUT,SAFE_LD_2_5,LogicDetail,PARAM_SAFETY_0ADF891B74AE,Parameter
{},HAS_TABLE,SAFE_LD_2_5,LogicDetail,SAFETY_TABLE_2-2_T3,DataTable
{},INVOLVES_PARAMETER,SAFE_LD_2_5,LogicDetail,PARAM_MATERIAL_0AFC04A27CB1,Parameter
{},INVOLVES_PARAMETER,SAFE_LD_2_5,LogicDetail,PARAM_MATERIAL_44937E0387B3,Parameter
{},INVOLVES_PARAMETER,SAFE_LD_2_5,LogicDetail,PARAM_MATERIAL_ADA465065FBF,Parameter
{},INVOLVES_PARAMETER,SAFE_LD_2_5,LogicDetail,PARAM_SAFETY_0ADF891B74AE,Parameter
{},IN_DOMAIN,SAFE_LD_2_5,LogicDetail,DOMAIN_SAFETY_GENERAL,Domain
{},SUPPORTED_BY,SAFE_LD_2_5,LogicDetail,REF_098E22E2102F74DB,Reference
{},SUPPORTED_BY,SAFE_LD_2_5,LogicDetail,REF_0F4C3DC98F07AA9B,Reference
{},SUPPORTED_BY,SAFE_LD_2_5,LogicDetail,REF_9ABE5A5A9C8E4A55,Reference
{},SUPPORTED_BY,SAFE_LD_2_5,LogicDetail,REF_F58121D9D79EAD5A,Reference
{},TITLE_LEFT,SAFE_LD_2_5,LogicDetail,PARAM_MATERIAL_0AFC04A27CB1,Parameter
{},TITLE_RIGHT,SAFE_LD_2_5,LogicDetail,PARAM_SAFETY_0ADF891B74AE,Parameter
{},ASSERTS,SAFE_LD_2_6,LogicDetail,REL_96E9DFA09639814D,LogicRelation
{},HAS_FORMULA,SAFE_LD_2_6,LogicDetail,SAFETY_FORMULA_2_6_001,Formula
{},HAS_FORMULA,SAFE_LD_2_6,LogicDetail,SAFETY_FORMULA_2_6_002,Formula
{},HAS_FORMULA,SAFE_LD_2_6,LogicDetail,SAFETY_FORMULA_2_6_003,Formula
{},HAS_FORMULA,SAFE_LD_2_6,LogicDetail,SAFETY_FORMULA_2_6_004,Formula
{},HAS_FORMULA,SAFE_LD_2_6,LogicDetail,SAFETY_FORMULA_2_6_005,Formula
{},HAS_INPUT,SAFE_LD_2_6,LogicDetail,PARAM_MATERIAL_44937E0387B3,Parameter
{},HAS_INPUT,SAFE_LD_2_6,LogicDetail,PARAM_MATERIAL_ADA465065FBF,Parameter
{},HAS_OUTPUT,SAFE_LD_2_6,LogicDetail,PARAM_SAFETY_B48F2863D44C,Parameter
{},INVOLVES_PARAMETER,SAFE_LD_2_6,LogicDetail,PARAM_MATERIAL_0AFC04A27CB1,Parameter
{},INVOLVES_PARAMETER,SAFE_LD_2_6,LogicDetail,PARAM_MATERIAL_44937E0387B3,Parameter
{},INVOLVES_PARAMETER,SAFE_LD_2_6,LogicDetail,PARAM_MATERIAL_ADA465065FBF,Parameter
{},INVOLVES_PARAMETER,SAFE_LD_2_6,LogicDetail,PARAM_SAFETY_B48F2863D44C,Parameter
{},IN_DOMAIN,SAFE_LD_2_6,LogicDetail,DOMAIN_SAFETY_GENERAL,Domain
{},SUPPORTED_BY,SAFE_LD_2_6,LogicDetail,REF_EAF9EF8C1E15E46A,Reference
{},TITLE_LEFT,SAFE_LD_2_6,LogicDetail,PARAM_MATERIAL_0AFC04A27CB1,Parameter
{},TITLE_RIGHT,SAFE_LD_2_6,LogicDetail,PARAM_SAFETY_B48F2863D44C,Parameter
{},ASSERTS,SAFE_LD_2_7,LogicDetail,REL_9FC33742C7FC581A,LogicRelation
{},HAS_FORMULA,SAFE_LD_2_7,LogicDetail,SAFETY_FORMULA_2_7_001,Formula
{},HAS_INPUT,SAFE_LD_2_7,LogicDetail,PARAM_MATERIAL_C07BBED50994,Parameter
{},HAS_OUTPUT,SAFE_LD_2_7,LogicDetail,PARAM_SAFETY_B48F2863D44C,Parameter
{},HAS_TABLE,SAFE_LD_2_7,LogicDetail,SAFETY_TABLE_2-3_T4,DataTable
{},HAS_TABLE,SAFE_LD_2_7,LogicDetail,SAFETY_TABLE_2-4,DataTable
{},INVOLVES_PARAMETER,SAFE_LD_2_7,LogicDetail,PARAM_MATERIAL_C07BBED50994,Parameter
{},INVOLVES_PARAMETER,SAFE_LD_2_7,LogicDetail,PARAM_SAFETY_B48F2863D44C,Parameter
{},IN_DOMAIN,SAFE_LD_2_7,LogicDetail,DOMAIN_SAFETY_GENERAL,Domain
{},SUPPORTED_BY,SAFE_LD_2_7,LogicDetail,REF_0CDBEFA2B87B677F,Reference
{},SUPPORTED_BY,SAFE_LD_2_7,LogicDetail,REF_E12B5378B86C0684,Reference
{},TITLE_LEFT,SAFE_LD_2_7,LogicDetail,PARAM_MATERIAL_C07BBED50994,Parameter
{},TITLE_RIGHT,SAFE_LD_2_7,LogicDetail,PARAM_SAFETY_B48F2863D44C,Parameter
{},ASSERTS,SAFE_LD_2_8,LogicDetail,REL_BB4383371A111323,LogicRelation
{},HAS_INPUT,SAFE_LD_2_8,LogicDetail,PARAM_MATERIAL_44937E0387B3,Parameter
{},HAS_INPUT,SAFE_LD_2_8,LogicDetail,PARAM_MATERIAL_ADA465065FBF,Parameter
{},HAS_METHOD,SAFE_LD_2_8,LogicDetail,SAFETY_METHOD_2_8_01,Method
{},HAS_OUTPUT,SAFE_LD_2_8,LogicDetail,PARAM_SAFETY_EE7BCF5C01D3,Parameter
{},INVOLVES_PARAMETER,SAFE_LD_2_8,LogicDetail,PARAM_MATERIAL_0AFC04A27CB1,Parameter
{},INVOLVES_PARAMETER,SAFE_LD_2_8,LogicDetail,PARAM_MATERIAL_44937E0387B3,Parameter
{},INVOLVES_PARAMETER,SAFE_LD_2_8,LogicDetail,PARAM_MATERIAL_ADA465065FBF,Parameter
{},INVOLVES_PARAMETER,SAFE_LD_2_8,LogicDetail,PARAM_SAFETY_EE7BCF5C01D3,Parameter
{},IN_DOMAIN,SAFE_LD_2_8,LogicDetail,DOMAIN_SAFETY_GENERAL,Domain
{},SUPPORTED_BY,SAFE_LD_2_8,LogicDetail,REF_EAF9EF8C1E15E46A,Reference
{},TITLE_LEFT,SAFE_LD_2_8,LogicDetail,PARAM_MATERIAL_0AFC04A27CB1,Parameter
{},TITLE_RIGHT,SAFE_LD_2_8,LogicDetail,PARAM_SAFETY_EE7BCF5C01D3,Parameter
{},ASSERTS,SAFE_LD_2_9,LogicDetail,REL_A0443976BED5EF2B,LogicRelation
{},HAS_INPUT,SAFE_LD_2_9,LogicDetail,PARAM_MATERIAL_C07BBED50994,Parameter
{},HAS_OUTPUT,SAFE_LD_2_9,LogicDetail,PARAM_SAFETY_EE7BCF5C01D3,Parameter
{},HAS_TABLE,SAFE_LD_2_9,LogicDetail,SAFETY_TABLE_2-5,DataTable
{},INVOLVES_PARAMETER,SAFE_LD_2_9,LogicDetail,PARAM_MATERIAL_C07BBED50994,Parameter
{},INVOLVES_PARAMETER,SAFE_LD_2_9,LogicDetail,PARAM_SAFETY_EE7BCF5C01D3,Parameter
{},IN_DOMAIN,SAFE_LD_2_9,LogicDetail,DOMAIN_SAFETY_GENERAL,Domain
{},SUPPORTED_BY,SAFE_LD_2_9,LogicDetail,REF_EAF9EF8C1E15E46A,Reference
{},TITLE_LEFT,SAFE_LD_2_9,LogicDetail,PARAM_MATERIAL_C07BBED50994,Parameter
{},TITLE_RIGHT,SAFE_LD_2_9,LogicDetail,PARAM_SAFETY_EE7BCF5C01D3,Parameter
{},ASSERTS,SAFE_LD_3_1,LogicDetail,REL_B60D0C4F922D68CC,LogicRelation
{},HAS_FORMULA,SAFE_LD_3_1,LogicDetail,SAFETY_FORMULA_3_1_001,Formula
{},HAS_FORMULA,SAFE_LD_3_1,LogicDetail,SAFETY_FORMULA_3_1_002,Formula
{},HAS_FORMULA,SAFE_LD_3_1,LogicDetail,SAFETY_FORMULA_3_1_003,Formula
{},HAS_FORMULA,SAFE_LD_3_1,LogicDetail,SAFETY_FORMULA_3_1_004,Formula
{},HAS_FORMULA,SAFE_LD_3_1,LogicDetail,SAFETY_FORMULA_3_1_005,Formula
{},HAS_FORMULA,SAFE_LD_3_1,LogicDetail,SAFETY_FORMULA_3_1_006,Formula
{},HAS_FORMULA,SAFE_LD_3_1,LogicDetail,SAFETY_FORMULA_3_1_007,Formula
{},HAS_FORMULA,SAFE_LD_3_1,LogicDetail,SAFETY_FORMULA_3_1_008,Formula
{},HAS_FORMULA,SAFE_LD_3_1,LogicDetail,SAFETY_FORMULA_3_1_009,Formula
{},HAS_FORMULA,SAFE_LD_3_1,LogicDetail,SAFETY_FORMULA_3_1_010,Formula
{},HAS_FORMULA,SAFE_LD_3_1,LogicDetail,SAFETY_FORMULA_3_1_011,Formula
{},HAS_FORMULA,SAFE_LD_3_1,LogicDetail,SAFETY_FORMULA_3_1_012,Formula
{},HAS_FORMULA,SAFE_LD_3_1,LogicDetail,SAFETY_FORMULA_3_1_013,Formula
{},HAS_FORMULA,SAFE_LD_3_1,LogicDetail,SAFETY_FORMULA_3_1_014,Formula
{},HAS_FORMULA,SAFE_LD_3_1,LogicDetail,SAFETY_FORMULA_3_1_015,Formula
{},HAS_FORMULA,SAFE_LD_3_1,LogicDetail,SAFETY_FORMULA_3_1_016,Formula
{},HAS_FORMULA,SAFE_LD_3_1,LogicDetail,SAFETY_FORMULA_3_1_017,Formula
{},HAS_FORMULA,SAFE_LD_3_1,LogicDetail,SAFETY_FORMULA_3_1_018,Formula
{},HAS_FORMULA,SAFE_LD_3_1,LogicDetail,SAFETY_FORMULA_3_1_019,Formula
{},HAS_FORMULA,SAFE_LD_3_1,LogicDetail,SAFETY_FORMULA_3_1_020,Formula
{},HAS_FORMULA,SAFE_LD_3_1,LogicDetail,SAFETY_FORMULA_3_1_021,Formula
{},HAS_FORMULA,SAFE_LD_3_1,LogicDetail,SAFETY_FORMULA_3_1_022,Formula
{},HAS_FORMULA,SAFE_LD_3_1,LogicDetail,SAFETY_FORMULA_3_1_023,Formula
{},HAS_FORMULA,SAFE_LD_3_1,LogicDetail,SAFETY_FORMULA_3_1_024,Formula
{},HAS_FORMULA,SAFE_LD_3_1,LogicDetail,SAFETY_FORMULA_3_1_025,Formula
{},HAS_FORMULA,SAFE_LD_3_1,LogicDetail,SAFETY_FORMULA_3_1_026,Formula
{},HAS_FORMULA,SAFE_LD_3_1,LogicDetail,SAFETY_FORMULA_3_1_027,Formula
{},HAS_FORMULA,SAFE_LD_3_1,LogicDetail,SAFETY_FORMULA_3_1_028,Formula
{},HAS_FORMULA,SAFE_LD_3_1,LogicDetail,SAFETY_FORMULA_3_1_029,Formula
{},HAS_FORMULA,SAFE_LD_3_1,LogicDetail,SAFETY_FORMULA_3_1_030,Formula
{},HAS_FORMULA,SAFE_LD_3_1,LogicDetail,SAFETY_FORMULA_3_1_031,Formula
{},HAS_FORMULA,SAFE_LD_3_1,LogicDetail,SAFETY_FORMULA_3_1_032,Formula
{},HAS_FORMULA,SAFE_LD_3_1,LogicDetail,SAFETY_FORMULA_3_1_033,Formula
{},HAS_FORMULA,SAFE_LD_3_1,LogicDetail,SAFETY_FORMULA_3_1_034,Formula
{},HAS_FORMULA,SAFE_LD_3_1,LogicDetail,SAFETY_FORMULA_3_1_035,Formula
{},HAS_INPUT,SAFE_LD_3_1,LogicDetail,PARAM_SAFETY_54B354A5313F,Parameter
{},HAS_INPUT,SAFE_LD_3_1,LogicDetail,PARAM_SAFETY_6334920E3D97,Parameter
{},HAS_INPUT,SAFE_LD_3_1,LogicDetail,PARAM_SAFETY_ADA465065FBF,Parameter
{},HAS_INPUT,SAFE_LD_3_1,LogicDetail,PARAM_SAFETY_D5832F3FA26C,Parameter
{},HAS_OUTPUT,SAFE_LD_3_1,LogicDetail,PARAM_SAFETY_31CFAB49610F,Parameter
{},HAS_OUTPUT,SAFE_LD_3_1,LogicDetail,PARAM_SAFETY_D5B478F56B59,Parameter
{},HAS_OUTPUT,SAFE_LD_3_1,LogicDetail,PARAM_SAFETY_D866700AC59D,Parameter
{},INVOLVES_PARAMETER,SAFE_LD_3_1,LogicDetail,PARAM_SAFETY_31CFAB49610F,Parameter
{},INVOLVES_PARAMETER,SAFE_LD_3_1,LogicDetail,PARAM_SAFETY_54B354A5313F,Parameter
{},INVOLVES_PARAMETER,SAFE_LD_3_1,LogicDetail,PARAM_SAFETY_6334920E3D97,Parameter
{},INVOLVES_PARAMETER,SAFE_LD_3_1,LogicDetail,PARAM_SAFETY_ADA465065FBF,Parameter
{},INVOLVES_PARAMETER,SAFE_LD_3_1,LogicDetail,PARAM_SAFETY_D5832F3FA26C,Parameter
{},INVOLVES_PARAMETER,SAFE_LD_3_1,LogicDetail,PARAM_SAFETY_D5B478F56B59,Parameter
{},INVOLVES_PARAMETER,SAFE_LD_3_1,LogicDetail,PARAM_SAFETY_D866700AC59D,Parameter
{},INVOLVES_PARAMETER,SAFE_LD_3_1,LogicDetail,PARAM_SAFETY_E28419351F52,Parameter
{},IN_DOMAIN,SAFE_LD_3_1,LogicDetail,DOMAIN_SAFETY_GENERAL,Domain
{},SUPPORTED_BY,SAFE_LD_3_1,LogicDetail,REF_7161FC050382C957,Reference
{},TITLE_LEFT,SAFE_LD_3_1,LogicDetail,PARAM_SAFETY_E28419351F52,Parameter
{},TITLE_RIGHT,SAFE_LD_3_1,LogicDetail,PARAM_SAFETY_D866700AC59D,Parameter
{},ASSERTS,SAFE_LD_3_10,LogicDetail,REL_1F57F12493AD6015,LogicRelation
{},HAS_FORMULA,SAFE_LD_3_10,LogicDetail,SAFETY_FORMULA_3_10_001,Formula
{},HAS_FORMULA,SAFE_LD_3_10,LogicDetail,SAFETY_FORMULA_3_10_002,Formula
{},HAS_FORMULA,SAFE_LD_3_10,LogicDetail,SAFETY_FORMULA_3_10_003,Formula
{},HAS_INPUT,SAFE_LD_3_10,LogicDetail,PARAM_SAFETY_5CADD377B08B,Parameter
{},HAS_INPUT,SAFE_LD_3_10,LogicDetail,PARAM_SAFETY_B63AD4D016EE,Parameter
{},HAS_METHOD,SAFE_LD_3_10,LogicDetail,SAFETY_METHOD_3_10_01,Method
{},HAS_METHOD,SAFE_LD_3_10,LogicDetail,SAFETY_METHOD_3_10_02,Method
{},HAS_METHOD,SAFE_LD_3_10,LogicDetail,SAFETY_METHOD_3_10_03,Method
{},HAS_OUTPUT,SAFE_LD_3_10,LogicDetail,PARAM_SAFETY_61994FF4717F,Parameter
{},INVOLVES_PARAMETER,SAFE_LD_3_10,LogicDetail,PARAM_SAFETY_5CADD377B08B,Parameter
{},INVOLVES_PARAMETER,SAFE_LD_3_10,LogicDetail,PARAM_SAFETY_61994FF4717F,Parameter
{},INVOLVES_PARAMETER,SAFE_LD_3_10,LogicDetail,PARAM_SAFETY_B63AD4D016EE,Parameter
{},INVOLVES_PARAMETER,SAFE_LD_3_10,LogicDetail,PARAM_SAFETY_FD834924487A,Parameter
{},IN_DOMAIN,SAFE_LD_3_10,LogicDetail,DOMAIN_SAFETY_GENERAL,Domain
{},SUPPORTED_BY,SAFE_LD_3_10,LogicDetail,REF_11E7F904D81FFBBF,Reference
{},SUPPORTED_BY,SAFE_LD_3_10,LogicDetail,REF_1D88ED94D8EC3722,Reference
{},SUPPORTED_BY,SAFE_LD_3_10,LogicDetail,REF_84E348AAA8A17332,Reference
{},SUPPORTED_BY,SAFE_LD_3_10,LogicDetail,REF_C4691C2267589E80,Reference
{},TITLE_LEFT,SAFE_LD_3_10,LogicDetail,PARAM_SAFETY_FD834924487A,Parameter
{},TITLE_RIGHT,SAFE_LD_3_10,LogicDetail,PARAM_SAFETY_61994FF4717F,Parameter
{},ASSERTS,SAFE_LD_3_11,LogicDetail,REL_332808E723F5CDFF,LogicRelation
{},HAS_INPUT,SAFE_LD_3_11,LogicDetail,PARAM_SAFETY_036760451697,Parameter
{},HAS_INPUT,SAFE_LD_3_11,LogicDetail,PARAM_SAFETY_1A613500C193,Parameter
{},HAS_INPUT,SAFE_LD_3_11,LogicDetail,PARAM_SAFETY_4FACE967BBC2,Parameter
{},HAS_INPUT,SAFE_LD_3_11,LogicDetail,PARAM_SAFETY_9FDE92485FE1,Parameter
{},HAS_INPUT,SAFE_LD_3_11,LogicDetail,PARAM_SAFETY_BCD76B676692,Parameter
{},HAS_METHOD,SAFE_LD_3_11,LogicDetail,SAFETY_METHOD_3_11_01,Method
{},HAS_METHOD,SAFE_LD_3_11,LogicDetail,SAFETY_METHOD_3_11_02,Method
{},HAS_OUTPUT,SAFE_LD_3_11,LogicDetail,PARAM_SAFETY_61994FF4717F,Parameter
{},INVOLVES_PARAMETER,SAFE_LD_3_11,LogicDetail,PARAM_SAFETY_036760451697,Parameter
{},INVOLVES_PARAMETER,SAFE_LD_3_11,LogicDetail,PARAM_SAFETY_124A82DC1B51,Parameter
{},INVOLVES_PARAMETER,SAFE_LD_3_11,LogicDetail,PARAM_SAFETY_1A613500C193,Parameter
{},INVOLVES_PARAMETER,SAFE_LD_3_11,LogicDetail,PARAM_SAFETY_4FACE967BBC2,Parameter
{},INVOLVES_PARAMETER,SAFE_LD_3_11,LogicDetail,PARAM_SAFETY_61994FF4717F,Parameter
{},INVOLVES_PARAMETER,SAFE_LD_3_11,LogicDetail,PARAM_SAFETY_9FDE92485FE1,Parameter
{},INVOLVES_PARAMETER,SAFE_LD_3_11,LogicDetail,PARAM_SAFETY_BCD76B676692,Parameter
{},IN_DOMAIN,SAFE_LD_3_11,LogicDetail,DOMAIN_SAFETY_GENERAL,Domain
{},SUPPORTED_BY,SAFE_LD_3_11,LogicDetail,REF_84E348AAA8A17332,Reference
{},TITLE_LEFT,SAFE_LD_3_11,LogicDetail,PARAM_SAFETY_124A82DC1B51,Parameter
{},TITLE_RIGHT,SAFE_LD_3_11,LogicDetail,PARAM_SAFETY_61994FF4717F,Parameter
{},ASSERTS,SAFE_LD_3_12,LogicDetail,REL_97971D9FA562E944,LogicRelation
{},HAS_INPUT,SAFE_LD_3_12,LogicDetail,PARAM_SAFETY_04B0DD3F318A,Parameter
{},HAS_INPUT,SAFE_LD_3_12,LogicDetail,PARAM_SAFETY_1A613500C193,Parameter
{},HAS_INPUT,SAFE_LD_3_12,LogicDetail,PARAM_SAFETY_4FACE967BBC2,Parameter
{},HAS_INPUT,SAFE_LD_3_12,LogicDetail,PARAM_SAFETY_6D24AA56BDDA,Parameter
{},HAS_INPUT,SAFE_LD_3_12,LogicDetail,PARAM_SAFETY_9FDE92485FE1,Parameter
{},HAS_INPUT,SAFE_LD_3_12,LogicDetail,PARAM_SAFETY_AA3B791AEC7F,Parameter
{},HAS_METHOD,SAFE_LD_3_12,LogicDetail,SAFETY_METHOD_3_12_01,Method
{},HAS_METHOD,SAFE_LD_3_12,LogicDetail,SAFETY_METHOD_3_12_02,Method
{},HAS_OUTPUT,SAFE_LD_3_12,LogicDetail,PARAM_SAFETY_0A0955A1B472,Parameter
{},INVOLVES_PARAMETER,SAFE_LD_3_12,LogicDetail,PARAM_SAFETY_04B0DD3F318A,Parameter
{},INVOLVES_PARAMETER,SAFE_LD_3_12,LogicDetail,PARAM_SAFETY_0A0955A1B472,Parameter
{},INVOLVES_PARAMETER,SAFE_LD_3_12,LogicDetail,PARAM_SAFETY_124A82DC1B51,Parameter
{},INVOLVES_PARAMETER,SAFE_LD_3_12,LogicDetail,PARAM_SAFETY_1A613500C193,Parameter
{},INVOLVES_PARAMETER,SAFE_LD_3_12,LogicDetail,PARAM_SAFETY_4FACE967BBC2,Parameter
{},INVOLVES_PARAMETER,SAFE_LD_3_12,LogicDetail,PARAM_SAFETY_6D24AA56BDDA,Parameter
{},INVOLVES_PARAMETER,SAFE_LD_3_12,LogicDetail,PARAM_SAFETY_9FDE92485FE1,Parameter
{},INVOLVES_PARAMETER,SAFE_LD_3_12,LogicDetail,PARAM_SAFETY_AA3B791AEC7F,Parameter
{},IN_DOMAIN,SAFE_LD_3_12,LogicDetail,DOMAIN_SAFETY_GENERAL,Domain
{},SUPPORTED_BY,SAFE_LD_3_12,LogicDetail,REF_1C2ABD9013B20A33,Reference
{},SUPPORTED_BY,SAFE_LD_3_12,LogicDetail,REF_3D9987BD0F289387,Reference
{},SUPPORTED_BY,SAFE_LD_3_12,LogicDetail,REF_84E348AAA8A17332,Reference
{},TITLE_LEFT,SAFE_LD_3_12,LogicDetail,PARAM_SAFETY_124A82DC1B51,Parameter
{},TITLE_RIGHT,SAFE_LD_3_12,LogicDetail,PARAM_SAFETY_0A0955A1B472,Parameter
{},ASSERTS,SAFE_LD_3_13,LogicDetail,REL_AC747D7486D25AF3,LogicRelation
{},HAS_FORMULA,SAFE_LD_3_13,LogicDetail,SAFETY_FORMULA_3_13_001,Formula
{},HAS_FORMULA,SAFE_LD_3_13,LogicDetail,SAFETY_FORMULA_3_13_002,Formula
{},HAS_FORMULA,SAFE_LD_3_13,LogicDetail,SAFETY_FORMULA_3_13_003,Formula
{},HAS_FORMULA,SAFE_LD_3_13,LogicDetail,SAFETY_FORMULA_3_13_004,Formula
{},HAS_FORMULA,SAFE_LD_3_13,LogicDetail,SAFETY_FORMULA_3_13_005,Formula
{},HAS_FORMULA,SAFE_LD_3_13,LogicDetail,SAFETY_FORMULA_3_13_006,Formula
{},HAS_FORMULA,SAFE_LD_3_13,LogicDetail,SAFETY_FORMULA_3_13_007,Formula
{},HAS_FORMULA,SAFE_LD_3_13,LogicDetail,SAFETY_FORMULA_3_13_008,Formula
{},HAS_FORMULA,SAFE_LD_3_13,LogicDetail,SAFETY_FORMULA_3_13_009,Formula
{},HAS_FORMULA,SAFE_LD_3_13,LogicDetail,SAFETY_FORMULA_3_13_010,Formula
{},HAS_FORMULA,SAFE_LD_3_13,LogicDetail,SAFETY_FORMULA_3_13_011,Formula
{},HAS_FORMULA,SAFE_LD_3_13,LogicDetail,SAFETY_FORMULA_3_13_012,Formula
{},HAS_FORMULA,SAFE_LD_3_13,LogicDetail,SAFETY_FORMULA_3_13_013,Formula
{},HAS_FORMULA,SAFE_LD_3_13,LogicDetail,SAFETY_FORMULA_3_13_014,Formula
{},HAS_FORMULA,SAFE_LD_3_13,LogicDetail,SAFETY_FORMULA_3_13_015,Formula
{},HAS_FORMULA,SAFE_LD_3_13,LogicDetail,SAFETY_FORMULA_3_13_016,Formula
{},HAS_FORMULA,SAFE_LD_3_13,LogicDetail,SAFETY_FORMULA_3_13_017,Formula
{},HAS_FORMULA,SAFE_LD_3_13,LogicDetail,SAFETY_FORMULA_3_13_018,Formula
{},HAS_FORMULA,SAFE_LD_3_13,LogicDetail,SAFETY_FORMULA_3_13_019,Formula
{},HAS_FORMULA,SAFE_LD_3_13,LogicDetail,SAFETY_FORMULA_3_13_020,Formula
{},HAS_INPUT,SAFE_LD_3_13,LogicDetail,PARAM_SAFETY_43CA3BC44214,Parameter
{},HAS_INPUT,SAFE_LD_3_13,LogicDetail,PARAM_SAFETY_9DD1A7A6E30D,Parameter
{},HAS_OUTPUT,SAFE_LD_3_13,LogicDetail,PARAM_SAFETY_92465F7DA6ED,Parameter
{},HAS_OUTPUT,SAFE_LD_3_13,LogicDetail,PARAM_SAFETY_A66E74D03572,Parameter
{},INVOLVES_PARAMETER,SAFE_LD_3_13,LogicDetail,PARAM_SAFETY_43CA3BC44214,Parameter
{},INVOLVES_PARAMETER,SAFE_LD_3_13,LogicDetail,PARAM_SAFETY_92465F7DA6ED,Parameter
{},INVOLVES_PARAMETER,SAFE_LD_3_13,LogicDetail,PARAM_SAFETY_97E1BAE5DFDA,Parameter
{},INVOLVES_PARAMETER,SAFE_LD_3_13,LogicDetail,PARAM_SAFETY_9DD1A7A6E30D,Parameter
{},INVOLVES_PARAMETER,SAFE_LD_3_13,LogicDetail,PARAM_SAFETY_A66E74D03572,Parameter
{},IN_DOMAIN,SAFE_LD_3_13,LogicDetail,DOMAIN_SAFETY_GENERAL,Domain
{},SUPPORTED_BY,SAFE_LD_3_13,LogicDetail,REF_377990097094D4CC,Reference
{},TITLE_LEFT,SAFE_LD_3_13,LogicDetail,PARAM_SAFETY_43CA3BC44214,Parameter
{},TITLE_LEFT,SAFE_LD_3_13,LogicDetail,PARAM_SAFETY_9DD1A7A6E30D,Parameter
{},TITLE_RIGHT,SAFE_LD_3_13,LogicDetail,PARAM_SAFETY_97E1BAE5DFDA,Parameter
{},ASSERTS,SAFE_LD_3_14,LogicDetail,REL_E3EBEADF02F8A19B,LogicRelation
{},HAS_FORMULA,SAFE_LD_3_14,LogicDetail,SAFETY_FORMULA_3_14_001,Formula
{},HAS_FORMULA,SAFE_LD_3_14,LogicDetail,SAFETY_FORMULA_3_14_002,Formula
{},HAS_FORMULA,SAFE_LD_3_14,LogicDetail,SAFETY_FORMULA_3_14_003,Formula
{},HAS_FORMULA,SAFE_LD_3_14,LogicDetail,SAFETY_FORMULA_3_14_004,Formula
{},HAS_FORMULA,SAFE_LD_3_14,LogicDetail,SAFETY_FORMULA_3_14_005,Formula
{},HAS_FORMULA,SAFE_LD_3_14,LogicDetail,SAFETY_FORMULA_3_14_006,Formula
{},HAS_FORMULA,SAFE_LD_3_14,LogicDetail,SAFETY_FORMULA_3_14_007,Formula
{},HAS_FORMULA,SAFE_LD_3_14,LogicDetail,SAFETY_FORMULA_3_14_008,Formula
{},HAS_FORMULA,SAFE_LD_3_14,LogicDetail,SAFETY_FORMULA_3_14_009,Formula
{},HAS_FORMULA,SAFE_LD_3_14,LogicDetail,SAFETY_FORMULA_3_14_010,Formula
{},HAS_FORMULA,SAFE_LD_3_14,LogicDetail,SAFETY_FORMULA_3_14_011,Formula
{},HAS_FORMULA,SAFE_LD_3_14,LogicDetail,SAFETY_FORMULA_3_14_012,Formula
{},HAS_FORMULA,SAFE_LD_3_14,LogicDetail,SAFETY_FORMULA_3_14_013,Formula
{},HAS_FORMULA,SAFE_LD_3_14,LogicDetail,SAFETY_FORMULA_3_14_014,Formula
{},HAS_FORMULA,SAFE_LD_3_14,LogicDetail,SAFETY_FORMULA_3_14_015,Formula
{},HAS_FORMULA,SAFE_LD_3_14,LogicDetail,SAFETY_FORMULA_3_14_016,Formula
{},HAS_FORMULA,SAFE_LD_3_14,LogicDetail,SAFETY_FORMULA_3_14_017,Formula
{},HAS_FORMULA,SAFE_LD_3_14,LogicDetail,SAFETY_FORMULA_3_14_018,Formula
{},HAS_FORMULA,SAFE_LD_3_14,LogicDetail,SAFETY_FORMULA_3_14_019,Formula
{},HAS_FORMULA,SAFE_LD_3_14,LogicDetail,SAFETY_FORMULA_3_14_020,Formula
{},HAS_FORMULA,SAFE_LD_3_14,LogicDetail,SAFETY_FORMULA_3_14_021,Formula
{},HAS_FORMULA,SAFE_LD_3_14,LogicDetail,SAFETY_FORMULA_3_14_022,Formula
{},HAS_INPUT,SAFE_LD_3_14,LogicDetail,PARAM_SAFETY_04C8A9C6BCF8,Parameter
{},HAS_INPUT,SAFE_LD_3_14,LogicDetail,PARAM_SAFETY_21CF249610BF,Parameter
{},HAS_INPUT,SAFE_LD_3_14,LogicDetail,PARAM_SAFETY_42C4CA149AAB,Parameter
{},HAS_INPUT,SAFE_LD_3_14,LogicDetail,PARAM_SAFETY_C9AE8405DB91,Parameter
{},HAS_INPUT,SAFE_LD_3_14,LogicDetail,PARAM_SAFETY_FDE83D0EF727,Parameter
{},HAS_OUTPUT,SAFE_LD_3_14,LogicDetail,PARAM_SAFETY_12EF8D0466CB,Parameter
{},INVOLVES_PARAMETER,SAFE_LD_3_14,LogicDetail,PARAM_SAFETY_04C8A9C6BCF8,Parameter
{},INVOLVES_PARAMETER,SAFE_LD_3_14,LogicDetail,PARAM_SAFETY_12EF8D0466CB,Parameter
{},INVOLVES_PARAMETER,SAFE_LD_3_14,LogicDetail,PARAM_SAFETY_21CF249610BF,Parameter
{},INVOLVES_PARAMETER,SAFE_LD_3_14,LogicDetail,PARAM_SAFETY_42C4CA149AAB,Parameter
{},INVOLVES_PARAMETER,SAFE_LD_3_14,LogicDetail,PARAM_SAFETY_6A882AE4A452,Parameter
{},INVOLVES_PARAMETER,SAFE_LD_3_14,LogicDetail,PARAM_SAFETY_A86E244E2838,Parameter
{},INVOLVES_PARAMETER,SAFE_LD_3_14,LogicDetail,PARAM_SAFETY_C9AE8405DB91,Parameter
{},INVOLVES_PARAMETER,SAFE_LD_3_14,LogicDetail,PARAM_SAFETY_FDE83D0EF727,Parameter
{},IN_DOMAIN,SAFE_LD_3_14,LogicDetail,DOMAIN_SAFETY_GENERAL,Domain
{},SUPPORTED_BY,SAFE_LD_3_14,LogicDetail,REF_4C9D09E67A054110,Reference
{},SUPPORTED_BY,SAFE_LD_3_14,LogicDetail,REF_E1539067B6F9ABFC,Reference
{},TITLE_LEFT,SAFE_LD_3_14,LogicDetail,PARAM_SAFETY_21CF249610BF,Parameter
{},TITLE_LEFT,SAFE_LD_3_14,LogicDetail,PARAM_SAFETY_42C4CA149AAB,Parameter
{},TITLE_LEFT,SAFE_LD_3_14,LogicDetail,PARAM_SAFETY_6A882AE4A452,Parameter
{},TITLE_RIGHT,SAFE_LD_3_14,LogicDetail,PARAM_SAFETY_A86E244E2838,Parameter
{},ASSERTS,SAFE_LD_3_15,LogicDetail,REL_13F3A66E5CB22989,LogicRelation
{},HAS_FORMULA,SAFE_LD_3_15,LogicDetail,SAFETY_FORMULA_3_15_001,Formula
{},HAS_FORMULA,SAFE_LD_3_15,LogicDetail,SAFETY_FORMULA_3_15_002,Formula
{},HAS_FORMULA,SAFE_LD_3_15,LogicDetail,SAFETY_FORMULA_3_15_003,Formula
{},HAS_FORMULA,SAFE_LD_3_15,LogicDetail,SAFETY_FORMULA_3_15_004,Formula
{},HAS_FORMULA,SAFE_LD_3_15,LogicDetail,SAFETY_FORMULA_3_15_005,Formula
{},HAS_FORMULA,SAFE_LD_3_15,LogicDetail,SAFETY_FORMULA_3_15_006,Formula
{},HAS_FORMULA,SAFE_LD_3_15,LogicDetail,SAFETY_FORMULA_3_15_007,Formula
{},HAS_FORMULA,SAFE_LD_3_15,LogicDetail,SAFETY_FORMULA_3_15_008,Formula
{},HAS_FORMULA,SAFE_LD_3_15,LogicDetail,SAFETY_FORMULA_3_15_009,Formula
{},HAS_FORMULA,SAFE_LD_3_15,LogicDetail,SAFETY_FORMULA_3_15_010,Formula
{},HAS_FORMULA,SAFE_LD_3_15,LogicDetail,SAFETY_FORMULA_3_15_011,Formula
{},HAS_FORMULA,SAFE_LD_3_15,LogicDetail,SAFETY_FORMULA_3_15_012,Formula
{},HAS_FORMULA,SAFE_LD_3_15,LogicDetail,SAFETY_FORMULA_3_15_013,Formula
{},HAS_FORMULA,SAFE_LD_3_15,LogicDetail,SAFETY_FORMULA_3_15_014,Formula
{},HAS_FORMULA,SAFE_LD_3_15,LogicDetail,SAFETY_FORMULA_3_15_015,Formula
{},HAS_FORMULA,SAFE_LD_3_15,LogicDetail,SAFETY_FORMULA_3_15_016,Formula
{},HAS_FORMULA,SAFE_LD_3_15,LogicDetail,SAFETY_FORMULA_3_15_017,Formula
{},HAS_FORMULA,SAFE_LD_3_15,LogicDetail,SAFETY_FORMULA_3_15_018,Formula
{},HAS_FORMULA,SAFE_LD_3_15,LogicDetail,SAFETY_FORMULA_3_15_019,Formula
{},HAS_FORMULA,SAFE_LD_3_15,LogicDetail,SAFETY_FORMULA_3_15_020,Formula
{},HAS_FORMULA,SAFE_LD_3_15,LogicDetail,SAFETY_FORMULA_3_15_021,Formula
{},HAS_FORMULA,SAFE_LD_3_15,LogicDetail,SAFETY_FORMULA_3_15_022,Formula
{},HAS_INPUT,SAFE_LD_3_15,LogicDetail,PARAM_SAFETY_12EF8D0466CB,Parameter
{},HAS_INPUT,SAFE_LD_3_15,LogicDetail,PARAM_SAFETY_B2339B21CD84,Parameter
{},HAS_INPUT,SAFE_LD_3_15,LogicDetail,PARAM_SAFETY_D008DE8F3EF7,Parameter
{},HAS_INPUT,SAFE_LD_3_15,LogicDetail,PARAM_SAFETY_DD81DA22BBE7,Parameter
{},HAS_OUTPUT,SAFE_LD_3_15,LogicDetail,PARAM_SAFETY_91A716112B6A,Parameter
{},INVOLVES_PARAMETER,SAFE_LD_3_15,LogicDetail,PARAM_SAFETY_12EF8D0466CB,Parameter
{},INVOLVES_PARAMETER,SAFE_LD_3_15,LogicDetail,PARAM_SAFETY_6A882AE4A452,Parameter
{},INVOLVES_PARAMETER,SAFE_LD_3_15,LogicDetail,PARAM_SAFETY_91A716112B6A,Parameter
{},INVOLVES_PARAMETER,SAFE_LD_3_15,LogicDetail,PARAM_SAFETY_B2339B21CD84,Parameter
{},INVOLVES_PARAMETER,SAFE_LD_3_15,LogicDetail,PARAM_SAFETY_D008DE8F3EF7,Parameter
{},INVOLVES_PARAMETER,SAFE_LD_3_15,LogicDetail,PARAM_SAFETY_DD81DA22BBE7,Parameter
{},IN_DOMAIN,SAFE_LD_3_15,LogicDetail,DOMAIN_SAFETY_GENERAL,Domain
{},SUPPORTED_BY,SAFE_LD_3_15,LogicDetail,REF_4C9D09E67A054110,Reference
{},SUPPORTED_BY,SAFE_LD_3_15,LogicDetail,REF_E1539067B6F9ABFC,Reference
{},TITLE_LEFT,SAFE_LD_3_15,LogicDetail,PARAM_SAFETY_6A882AE4A452,Parameter
{},TITLE_RIGHT,SAFE_LD_3_15,LogicDetail,PARAM_SAFETY_91A716112B6A,Parameter
{},ASSERTS,SAFE_LD_3_16,LogicDetail,REL_790FD9939C4BF92A,LogicRelation
{},HAS_FORMULA,SAFE_LD_3_16,LogicDetail,SAFETY_FORMULA_3_16_001,Formula
{},HAS_INPUT,SAFE_LD_3_16,LogicDetail,PARAM_SAFETY_42C4CA149AAB,Parameter
{},HAS_INPUT,SAFE_LD_3_16,LogicDetail,PARAM_SAFETY_45294EB739F6,Parameter
{},HAS_INPUT,SAFE_LD_3_16,LogicDetail,PARAM_SAFETY_58FC70F02DD9,Parameter
{},HAS_INPUT,SAFE_LD_3_16,LogicDetail,PARAM_SAFETY_DA90C88D20CB,Parameter
{},HAS_INPUT,SAFE_LD_3_16,LogicDetail,PARAM_SAFETY_F622B6DEF3FF,Parameter
{},HAS_OUTPUT,SAFE_LD_3_16,LogicDetail,PARAM_SAFETY_61994FF4717F,Parameter
{},INVOLVES_PARAMETER,SAFE_LD_3_16,LogicDetail,PARAM_SAFETY_42C4CA149AAB,Parameter
{},INVOLVES_PARAMETER,SAFE_LD_3_16,LogicDetail,PARAM_SAFETY_45294EB739F6,Parameter
{},INVOLVES_PARAMETER,SAFE_LD_3_16,LogicDetail,PARAM_SAFETY_58FC70F02DD9,Parameter
{},INVOLVES_PARAMETER,SAFE_LD_3_16,LogicDetail,PARAM_SAFETY_61994FF4717F,Parameter
{},INVOLVES_PARAMETER,SAFE_LD_3_16,LogicDetail,PARAM_SAFETY_A8C7C40EB066,Parameter
{},INVOLVES_PARAMETER,SAFE_LD_3_16,LogicDetail,PARAM_SAFETY_DA90C88D20CB,Parameter
{},INVOLVES_PARAMETER,SAFE_LD_3_16,LogicDetail,PARAM_SAFETY_F622B6DEF3FF,Parameter
{},IN_DOMAIN,SAFE_LD_3_16,LogicDetail,DOMAIN_SAFETY_GENERAL,Domain
{},SUPPORTED_BY,SAFE_LD_3_16,LogicDetail,REF_A47946C0C2A3396A,Reference
{},TITLE_LEFT,SAFE_LD_3_16,LogicDetail,PARAM_SAFETY_A8C7C40EB066,Parameter
{},TITLE_RIGHT,SAFE_LD_3_16,LogicDetail,PARAM_SAFETY_61994FF4717F,Parameter
{},ASSERTS,SAFE_LD_3_17,LogicDetail,REL_6B676169607DA3BE,LogicRelation
{},HAS_FORMULA,SAFE_LD_3_17,LogicDetail,SAFETY_FORMULA_3_17_001,Formula
{},HAS_INPUT,SAFE_LD_3_17,LogicDetail,PARAM_SAFETY_10E82EC75F42,Parameter
{},HAS_INPUT,SAFE_LD_3_17,LogicDetail,PARAM_SAFETY_4F09B0347A97,Parameter
{},HAS_INPUT,SAFE_LD_3_17,LogicDetail,PARAM_SAFETY_9554A4EB10F5,Parameter
{},HAS_INPUT,SAFE_LD_3_17,LogicDetail,PARAM_SAFETY_9FDE92485FE1,Parameter
{},HAS_INPUT,SAFE_LD_3_17,LogicDetail,PARAM_SAFETY_B2F2A282A5A3,Parameter
{},HAS_OUTPUT,SAFE_LD_3_17,LogicDetail,PARAM_SAFETY_46CD25D6B2E0,Parameter
{},INVOLVES_PARAMETER,SAFE_LD_3_17,LogicDetail,PARAM_SAFETY_10E82EC75F42,Parameter
{},INVOLVES_PARAMETER,SAFE_LD_3_17,LogicDetail,PARAM_SAFETY_46CD25D6B2E0,Parameter
{},INVOLVES_PARAMETER,SAFE_LD_3_17,LogicDetail,PARAM_SAFETY_4F09B0347A97,Parameter
{},INVOLVES_PARAMETER,SAFE_LD_3_17,LogicDetail,PARAM_SAFETY_9554A4EB10F5,Parameter
{},INVOLVES_PARAMETER,SAFE_LD_3_17,LogicDetail,PARAM_SAFETY_9FDE92485FE1,Parameter
{},INVOLVES_PARAMETER,SAFE_LD_3_17,LogicDetail,PARAM_SAFETY_A8C7C40EB066,Parameter
{},INVOLVES_PARAMETER,SAFE_LD_3_17,LogicDetail,PARAM_SAFETY_B2F2A282A5A3,Parameter
{},IN_DOMAIN,SAFE_LD_3_17,LogicDetail,DOMAIN_SAFETY_GENERAL,Domain
{},SUPPORTED_BY,SAFE_LD_3_17,LogicDetail,REF_A47946C0C2A3396A,Reference
{},TITLE_LEFT,SAFE_LD_3_17,LogicDetail,PARAM_SAFETY_A8C7C40EB066,Parameter
{},TITLE_RIGHT,SAFE_LD_3_17,LogicDetail,PARAM_SAFETY_46CD25D6B2E0,Parameter
{},ASSERTS,SAFE_LD_3_18,LogicDetail,REL_5AFCE65B8AA20745,LogicRelation
{},HAS_INPUT,SAFE_LD_3_18,LogicDetail,PARAM_SAFETY_E7DA3C756BF1,Parameter
{},HAS_OUTPUT,SAFE_LD_3_18,LogicDetail,PARAM_SAFETY_61994FF4717F,Parameter
{},HAS_OUTPUT,SAFE_LD_3_18,LogicDetail,PARAM_SAFETY_77ECCFEA0760,Parameter
{},INVOLVES_PARAMETER,SAFE_LD_3_18,LogicDetail,PARAM_SAFETY_61994FF4717F,Parameter
{},INVOLVES_PARAMETER,SAFE_LD_3_18,LogicDetail,PARAM_SAFETY_77ECCFEA0760,Parameter
{},INVOLVES_PARAMETER,SAFE_LD_3_18,LogicDetail,PARAM_SAFETY_847C3A1FFBB0,Parameter
{},INVOLVES_PARAMETER,SAFE_LD_3_18,LogicDetail,PARAM_SAFETY_D99FA73E6A53,Parameter
{},INVOLVES_PARAMETER,SAFE_LD_3_18,LogicDetail,PARAM_SAFETY_E7DA3C756BF1,Parameter
{},INVOLVES_PARAMETER,SAFE_LD_3_18,LogicDetail,PARAM_SAFETY_FB97DE5B5E76,Parameter
{},IN_DOMAIN,SAFE_LD_3_18,LogicDetail,DOMAIN_SAFETY_GENERAL,Domain
{},SUPPORTED_BY,SAFE_LD_3_18,LogicDetail,REF_BB249149A4A9C498,Reference
{},TITLE_LEFT,SAFE_LD_3_18,LogicDetail,PARAM_SAFETY_847C3A1FFBB0,Parameter
{},TITLE_LEFT,SAFE_LD_3_18,LogicDetail,PARAM_SAFETY_D99FA73E6A53,Parameter
{},TITLE_RIGHT,SAFE_LD_3_18,LogicDetail,PARAM_SAFETY_FB97DE5B5E76,Parameter
{},ASSERTS,SAFE_LD_3_19,LogicDetail,REL_192FE8AF3F9CC895,LogicRelation
{},HAS_INPUT,SAFE_LD_3_19,LogicDetail,PARAM_SAFETY_4DD4DD0A2F93,Parameter
{},HAS_METHOD,SAFE_LD_3_19,LogicDetail,SAFETY_METHOD_3_19_01,Method
{},HAS_METHOD,SAFE_LD_3_19,LogicDetail,SAFETY_METHOD_3_19_02,Method
{},HAS_METHOD,SAFE_LD_3_19,LogicDetail,SAFETY_METHOD_3_19_03,Method
{},HAS_METHOD,SAFE_LD_3_19,LogicDetail,SAFETY_METHOD_3_19_04,Method
{},HAS_OUTPUT,SAFE_LD_3_19,LogicDetail,PARAM_SAFETY_61994FF4717F,Parameter
{},HAS_TABLE,SAFE_LD_3_19,LogicDetail,SAFETY_TABLE_3-13,DataTable
{},HAS_TABLE,SAFE_LD_3_19,LogicDetail,SAFETY_TABLE_3-14,DataTable
{},INVOLVES_PARAMETER,SAFE_LD_3_19,LogicDetail,PARAM_SAFETY_19B59EA1C50E,Parameter
{},INVOLVES_PARAMETER,SAFE_LD_3_19,LogicDetail,PARAM_SAFETY_4DD4DD0A2F93,Parameter
{},INVOLVES_PARAMETER,SAFE_LD_3_19,LogicDetail,PARAM_SAFETY_61994FF4717F,Parameter
{},INVOLVES_PARAMETER,SAFE_LD_3_19,LogicDetail,PARAM_SAFETY_9C43C46E00B2,Parameter
{},IN_DOMAIN,SAFE_LD_3_19,LogicDetail,DOMAIN_SAFETY_GENERAL,Domain
{},SUPPORTED_BY,SAFE_LD_3_19,LogicDetail,REF_BB249149A4A9C498,Reference
{},TITLE_LEFT,SAFE_LD_3_19,LogicDetail,PARAM_SAFETY_19B59EA1C50E,Parameter
{},TITLE_LEFT,SAFE_LD_3_19,LogicDetail,PARAM_SAFETY_9C43C46E00B2,Parameter
{},TITLE_RIGHT,SAFE_LD_3_19,LogicDetail,PARAM_SAFETY_61994FF4717F,Parameter
{},ASSERTS,SAFE_LD_3_2,LogicDetail,REL_3B9485FF76506F1D,LogicRelation
{},HAS_FORMULA,SAFE_LD_3_2,LogicDetail,SAFETY_FORMULA_3_2_001,Formula
{},HAS_INPUT,SAFE_LD_3_2,LogicDetail,PARAM_SAFETY_2B6A6FD0DA6B,Parameter
{},HAS_INPUT,SAFE_LD_3_2,LogicDetail,PARAM_SAFETY_4013395446A9,Parameter
{},HAS_INPUT,SAFE_LD_3_2,LogicDetail,PARAM_SAFETY_C7726003FCDE,Parameter
{},HAS_INPUT,SAFE_LD_3_2,LogicDetail,PARAM_SAFETY_E0F20BCC9CC1,Parameter
{},HAS_METHOD,SAFE_LD_3_2,LogicDetail,SAFETY_METHOD_3_2_01,Method
{},HAS_METHOD,SAFE_LD_3_2,LogicDetail,SAFETY_METHOD_3_2_02,Method
{},HAS_METHOD,SAFE_LD_3_2,LogicDetail,SAFETY_METHOD_3_2_03,Method
{},HAS_METHOD,SAFE_LD_3_2,LogicDetail,SAFETY_METHOD_3_2_04,Method
{},HAS_METHOD,SAFE_LD_3_2,LogicDetail,SAFETY_METHOD_3_2_05,Method
{},HAS_OUTPUT,SAFE_LD_3_2,LogicDetail,PARAM_SAFETY_8941AD704A11,Parameter
{},HAS_TABLE,SAFE_LD_3_2,LogicDetail,SAFETY_TABLE_3-2,DataTable
{},HAS_TABLE,SAFE_LD_3_2,LogicDetail,SAFETY_TABLE_3-3,DataTable
{},HAS_TABLE,SAFE_LD_3_2,LogicDetail,SAFETY_TABLE_3-4,DataTable
{},HAS_TABLE,SAFE_LD_3_2,LogicDetail,SAFETY_TABLE_3-5,DataTable
{},INVOLVES_PARAMETER,SAFE_LD_3_2,LogicDetail,PARAM_SAFETY_2B6A6FD0DA6B,Parameter
{},INVOLVES_PARAMETER,SAFE_LD_3_2,LogicDetail,PARAM_SAFETY_4013395446A9,Parameter
{},INVOLVES_PARAMETER,SAFE_LD_3_2,LogicDetail,PARAM_SAFETY_8941AD704A11,Parameter
{},INVOLVES_PARAMETER,SAFE_LD_3_2,LogicDetail,PARAM_SAFETY_A2055CE7A2D8,Parameter
{},INVOLVES_PARAMETER,SAFE_LD_3_2,LogicDetail,PARAM_SAFETY_A22C498231CE,Parameter
{},INVOLVES_PARAMETER,SAFE_LD_3_2,LogicDetail,PARAM_SAFETY_C7726003FCDE,Parameter
{},INVOLVES_PARAMETER,SAFE_LD_3_2,LogicDetail,PARAM_SAFETY_E0F20BCC9CC1,Parameter
{},IN_DOMAIN,SAFE_LD_3_2,LogicDetail,DOMAIN_SAFETY_GENERAL,Domain
{},SUPPORTED_BY,SAFE_LD_3_2,LogicDetail,REF_48692A7C367094E0,Reference
{},SUPPORTED_BY,SAFE_LD_3_2,LogicDetail,REF_532E8693DFFA47B2,Reference
{},SUPPORTED_BY,SAFE_LD_3_2,LogicDetail,REF_D6EF3EE0CD5FC5A7,Reference
{},TITLE_LEFT,SAFE_LD_3_2,LogicDetail,PARAM_SAFETY_A2055CE7A2D8,Parameter
{},TITLE_LEFT,SAFE_LD_3_2,LogicDetail,PARAM_SAFETY_A22C498231CE,Parameter
{},TITLE_RIGHT,SAFE_LD_3_2,LogicDetail,PARAM_SAFETY_8941AD704A11,Parameter
{},ASSERTS,SAFE_LD_3_20,LogicDetail,REL_A14751D815A369EC,LogicRelation
{},HAS_FORMULA,SAFE_LD_3_20,LogicDetail,SAFETY_FORMULA_3_20_001,Formula
{},HAS_FORMULA,SAFE_LD_3_20,LogicDetail,SAFETY_FORMULA_3_20_002,Formula
{},HAS_FORMULA,SAFE_LD_3_20,LogicDetail,SAFETY_FORMULA_3_20_003,Formula
{},HAS_FORMULA,SAFE_LD_3_20,LogicDetail,SAFETY_FORMULA_3_20_004,Formula
{},HAS_FORMULA,SAFE_LD_3_20,LogicDetail,SAFETY_FORMULA_3_20_005,Formula
{},HAS_FORMULA,SAFE_LD_3_20,LogicDetail,SAFETY_FORMULA_3_20_006,Formula
{},HAS_FORMULA,SAFE_LD_3_20,LogicDetail,SAFETY_FORMULA_3_20_007,Formula
{},HAS_FORMULA,SAFE_LD_3_20,LogicDetail,SAFETY_FORMULA_3_20_008,Formula
{},HAS_FORMULA,SAFE_LD_3_20,LogicDetail,SAFETY_FORMULA_3_20_009,Formula
{},HAS_FORMULA,SAFE_LD_3_20,LogicDetail,SAFETY_FORMULA_3_20_010,Formula
{},HAS_FORMULA,SAFE_LD_3_20,LogicDetail,SAFETY_FORMULA_3_20_011,Formula
{},HAS_FORMULA,SAFE_LD_3_20,LogicDetail,SAFETY_FORMULA_3_20_012,Formula
{},HAS_FORMULA,SAFE_LD_3_20,LogicDetail,SAFETY_FORMULA_3_20_013,Formula
{},HAS_FORMULA,SAFE_LD_3_20,LogicDetail,SAFETY_FORMULA_3_20_014,Formula
{},HAS_FORMULA,SAFE_LD_3_20,LogicDetail,SAFETY_FORMULA_3_20_015,Formula
{},HAS_FORMULA,SAFE_LD_3_20,LogicDetail,SAFETY_FORMULA_3_20_016,Formula
{},HAS_FORMULA,SAFE_LD_3_20,LogicDetail,SAFETY_FORMULA_3_20_017,Formula
{},HAS_FORMULA,SAFE_LD_3_20,LogicDetail,SAFETY_FORMULA_3_20_018,Formula
{},HAS_FORMULA,SAFE_LD_3_20,LogicDetail,SAFETY_FORMULA_3_20_019,Formula
{},HAS_FORMULA,SAFE_LD_3_20,LogicDetail,SAFETY_FORMULA_3_20_020,Formula
{},HAS_FORMULA,SAFE_LD_3_20,LogicDetail,SAFETY_FORMULA_3_20_021,Formula
{},HAS_FORMULA,SAFE_LD_3_20,LogicDetail,SAFETY_FORMULA_3_20_022,Formula
{},HAS_FORMULA,SAFE_LD_3_20,LogicDetail,SAFETY_FORMULA_3_20_023,Formula
{},HAS_FORMULA,SAFE_LD_3_20,LogicDetail,SAFETY_FORMULA_3_20_024,Formula
{},HAS_FORMULA,SAFE_LD_3_20,LogicDetail,SAFETY_FORMULA_3_20_025,Formula
{},HAS_FORMULA,SAFE_LD_3_20,LogicDetail,SAFETY_FORMULA_3_20_026,Formula
{},HAS_FORMULA,SAFE_LD_3_20,LogicDetail,SAFETY_FORMULA_3_20_027,Formula
{},HAS_FORMULA,SAFE_LD_3_20,LogicDetail,SAFETY_FORMULA_3_20_028,Formula
{},HAS_FORMULA,SAFE_LD_3_20,LogicDetail,SAFETY_FORMULA_3_20_029,Formula
{},HAS_FORMULA,SAFE_LD_3_20,LogicDetail,SAFETY_FORMULA_3_20_030,Formula
{},HAS_FORMULA,SAFE_LD_3_20,LogicDetail,SAFETY_FORMULA_3_20_031,Formula
{},HAS_INPUT,SAFE_LD_3_20,LogicDetail,PARAM_SAFETY_31CFAB49610F,Parameter
{},HAS_INPUT,SAFE_LD_3_20,LogicDetail,PARAM_SAFETY_D866700AC59D,Parameter
{},HAS_OUTPUT,SAFE_LD_3_20,LogicDetail,PARAM_SAFETY_B4AEA20B6361,Parameter
{},INVOLVES_PARAMETER,SAFE_LD_3_20,LogicDetail,PARAM_SAFETY_31CFAB49610F,Parameter
{},INVOLVES_PARAMETER,SAFE_LD_3_20,LogicDetail,PARAM_SAFETY_B4AEA20B6361,Parameter
{},INVOLVES_PARAMETER,SAFE_LD_3_20,LogicDetail,PARAM_SAFETY_D866700AC59D,Parameter
{},IN_DOMAIN,SAFE_LD_3_20,LogicDetail,DOMAIN_SAFETY_GENERAL,Domain
{},SUPPORTED_BY,SAFE_LD_3_20,LogicDetail,REF_7161FC050382C957,Reference
{},TITLE_LEFT,SAFE_LD_3_20,LogicDetail,PARAM_SAFETY_31CFAB49610F,Parameter
{},TITLE_LEFT,SAFE_LD_3_20,LogicDetail,PARAM_SAFETY_D866700AC59D,Parameter
{},TITLE_RIGHT,SAFE_LD_3_20,LogicDetail,PARAM_SAFETY_B4AEA20B6361,Parameter
{},ASSERTS,SAFE_LD_3_21,LogicDetail,REL_F57FE5F67901D9CA,LogicRelation
{},HAS_INPUT,SAFE_LD_3_21,LogicDetail,PARAM_SAFETY_576F5E7B280B,Parameter
{},HAS_INPUT,SAFE_LD_3_21,LogicDetail,PARAM_SAFETY_5CF0AE523D26,Parameter
{},HAS_INPUT,SAFE_LD_3_21,LogicDetail,PARAM_SAFETY_A29722F2A397,Parameter
{},HAS_INPUT,SAFE_LD_3_21,LogicDetail,PARAM_SAFETY_CC69BB212DCC,Parameter
{},HAS_OUTPUT,SAFE_LD_3_21,LogicDetail,PARAM_SAFETY_03D0A9CD7BBF,Parameter
{},INVOLVES_PARAMETER,SAFE_LD_3_21,LogicDetail,PARAM_SAFETY_03D0A9CD7BBF,Parameter
{},INVOLVES_PARAMETER,SAFE_LD_3_21,LogicDetail,PARAM_SAFETY_576F5E7B280B,Parameter
{},INVOLVES_PARAMETER,SAFE_LD_3_21,LogicDetail,PARAM_SAFETY_5CF0AE523D26,Parameter
{},INVOLVES_PARAMETER,SAFE_LD_3_21,LogicDetail,PARAM_SAFETY_6FB9F50DF91B,Parameter
{},INVOLVES_PARAMETER,SAFE_LD_3_21,LogicDetail,PARAM_SAFETY_A29722F2A397,Parameter
{},INVOLVES_PARAMETER,SAFE_LD_3_21,LogicDetail,PARAM_SAFETY_CC69BB212DCC,Parameter
{},IN_DOMAIN,SAFE_LD_3_21,LogicDetail,DOMAIN_SAFETY_GENERAL,Domain
{},TITLE_LEFT,SAFE_LD_3_21,LogicDetail,PARAM_SAFETY_5CF0AE523D26,Parameter
{},TITLE_RIGHT,SAFE_LD_3_21,LogicDetail,PARAM_SAFETY_6FB9F50DF91B,Parameter
{},ASSERTS,SAFE_LD_3_3,LogicDetail,REL_1453870157D50981,LogicRelation
{},HAS_FORMULA,SAFE_LD_3_3,LogicDetail,SAFETY_FORMULA_3_3_001,Formula
{},HAS_FORMULA,SAFE_LD_3_3,LogicDetail,SAFETY_FORMULA_3_3_002,Formula
{},HAS_FORMULA,SAFE_LD_3_3,LogicDetail,SAFETY_FORMULA_3_3_003,Formula
{},HAS_FORMULA,SAFE_LD_3_3,LogicDetail,SAFETY_FORMULA_3_3_004,Formula
{},HAS_FORMULA,SAFE_LD_3_3,LogicDetail,SAFETY_FORMULA_3_3_005,Formula
{},HAS_FORMULA,SAFE_LD_3_3,LogicDetail,SAFETY_FORMULA_3_3_006,Formula
{},HAS_FORMULA,SAFE_LD_3_3,LogicDetail,SAFETY_FORMULA_3_3_007,Formula
{},HAS_FORMULA,SAFE_LD_3_3,LogicDetail,SAFETY_FORMULA_3_3_008,Formula
{},HAS_FORMULA,SAFE_LD_3_3,LogicDetail,SAFETY_FORMULA_3_3_009,Formula
{},HAS_FORMULA,SAFE_LD_3_3,LogicDetail,SAFETY_FORMULA_3_3_010,Formula
{},HAS_FORMULA,SAFE_LD_3_3,LogicDetail,SAFETY_FORMULA_3_3_011,Formula
{},HAS_FORMULA,SAFE_LD_3_3,LogicDetail,SAFETY_FORMULA_3_3_012,Formula
{},HAS_FORMULA,SAFE_LD_3_3,LogicDetail,SAFETY_FORMULA_3_3_013,Formula
{},HAS_FORMULA,SAFE_LD_3_3,LogicDetail,SAFETY_FORMULA_3_3_014,Formula
{},HAS_FORMULA,SAFE_LD_3_3,LogicDetail,SAFETY_FORMULA_3_3_015,Formula
{},HAS_FORMULA,SAFE_LD_3_3,LogicDetail,SAFETY_FORMULA_3_3_016,Formula
{},HAS_FORMULA,SAFE_LD_3_3,LogicDetail,SAFETY_FORMULA_3_3_017,Formula
{},HAS_FORMULA,SAFE_LD_3_3,LogicDetail,SAFETY_FORMULA_3_3_018,Formula
{},HAS_FORMULA,SAFE_LD_3_3,LogicDetail,SAFETY_FORMULA_3_3_019,Formula
{},HAS_FORMULA,SAFE_LD_3_3,LogicDetail,SAFETY_FORMULA_3_3_020,Formula
{},HAS_FORMULA,SAFE_LD_3_3,LogicDetail,SAFETY_FORMULA_3_3_021,Formula
{},HAS_FORMULA,SAFE_LD_3_3,LogicDetail,SAFETY_FORMULA_3_3_022,Formula
{},HAS_FORMULA,SAFE_LD_3_3,LogicDetail,SAFETY_FORMULA_3_3_023,Formula
{},HAS_FORMULA,SAFE_LD_3_3,LogicDetail,SAFETY_FORMULA_3_3_024,Formula
{},HAS_FORMULA,SAFE_LD_3_3,LogicDetail,SAFETY_FORMULA_3_3_025,Formula
{},HAS_FORMULA,SAFE_LD_3_3,LogicDetail,SAFETY_FORMULA_3_3_026,Formula
{},HAS_FORMULA,SAFE_LD_3_3,LogicDetail,SAFETY_FORMULA_3_3_027,Formula
{},HAS_FORMULA,SAFE_LD_3_3,LogicDetail,SAFETY_FORMULA_3_3_028,Formula
{},HAS_FORMULA,SAFE_LD_3_3,LogicDetail,SAFETY_FORMULA_3_3_029,Formula
{},HAS_INPUT,SAFE_LD_3_3,LogicDetail,PARAM_SAFETY_22BE3811F927,Parameter
{},HAS_INPUT,SAFE_LD_3_3,LogicDetail,PARAM_SAFETY_2B6A6FD0DA6B,Parameter
{},HAS_INPUT,SAFE_LD_3_3,LogicDetail,PARAM_SAFETY_37B8FF502561,Parameter
{},HAS_INPUT,SAFE_LD_3_3,LogicDetail,PARAM_SAFETY_471545D051ED,Parameter
{},HAS_INPUT,SAFE_LD_3_3,LogicDetail,PARAM_SAFETY_6C95E13B9D69,Parameter
{},HAS_INPUT,SAFE_LD_3_3,LogicDetail,PARAM_SAFETY_E887DDBC3F25,Parameter
{},HAS_OUTPUT,SAFE_LD_3_3,LogicDetail,PARAM_SAFETY_7FE45C8C7B63,Parameter
{},HAS_TABLE,SAFE_LD_3_3,LogicDetail,SAFETY_TABLE_3-6,DataTable
{},INVOLVES_PARAMETER,SAFE_LD_3_3,LogicDetail,PARAM_SAFETY_22BE3811F927,Parameter
{},INVOLVES_PARAMETER,SAFE_LD_3_3,LogicDetail,PARAM_SAFETY_2B6A6FD0DA6B,Parameter
{},INVOLVES_PARAMETER,SAFE_LD_3_3,LogicDetail,PARAM_SAFETY_37B8FF502561,Parameter
{},INVOLVES_PARAMETER,SAFE_LD_3_3,LogicDetail,PARAM_SAFETY_471545D051ED,Parameter
{},INVOLVES_PARAMETER,SAFE_LD_3_3,LogicDetail,PARAM_SAFETY_6C95E13B9D69,Parameter
{},INVOLVES_PARAMETER,SAFE_LD_3_3,LogicDetail,PARAM_SAFETY_7FE45C8C7B63,Parameter
{},INVOLVES_PARAMETER,SAFE_LD_3_3,LogicDetail,PARAM_SAFETY_A2055CE7A2D8,Parameter
{},INVOLVES_PARAMETER,SAFE_LD_3_3,LogicDetail,PARAM_SAFETY_A22C498231CE,Parameter
{},INVOLVES_PARAMETER,SAFE_LD_3_3,LogicDetail,PARAM_SAFETY_E887DDBC3F25,Parameter
{},IN_DOMAIN,SAFE_LD_3_3,LogicDetail,DOMAIN_SAFETY_GENERAL,Domain
{},SUPPORTED_BY,SAFE_LD_3_3,LogicDetail,REF_532E8693DFFA47B2,Reference
{},TITLE_LEFT,SAFE_LD_3_3,LogicDetail,PARAM_SAFETY_A2055CE7A2D8,Parameter
{},TITLE_LEFT,SAFE_LD_3_3,LogicDetail,PARAM_SAFETY_A22C498231CE,Parameter
{},TITLE_RIGHT,SAFE_LD_3_3,LogicDetail,PARAM_SAFETY_7FE45C8C7B63,Parameter
{},ASSERTS,SAFE_LD_3_4,LogicDetail,REL_A504C3E7440F3B0D,LogicRelation
{},HAS_INPUT,SAFE_LD_3_4,LogicDetail,PARAM_SAFETY_21CF249610BF,Parameter
{},HAS_INPUT,SAFE_LD_3_4,LogicDetail,PARAM_SAFETY_F8AE10732E4B,Parameter
{},HAS_OUTPUT,SAFE_LD_3_4,LogicDetail,PARAM_SAFETY_46CD25D6B2E0,Parameter
{},HAS_TABLE,SAFE_LD_3_4,LogicDetail,SAFETY_TABLE_3-7,DataTable
{},HAS_TABLE,SAFE_LD_3_4,LogicDetail,SAFETY_TABLE_3-8,DataTable
{},HAS_TABLE,SAFE_LD_3_4,LogicDetail,SAFETY_TABLE_3-9,DataTable
{},INVOLVES_PARAMETER,SAFE_LD_3_4,LogicDetail,PARAM_SAFETY_21CF249610BF,Parameter
{},INVOLVES_PARAMETER,SAFE_LD_3_4,LogicDetail,PARAM_SAFETY_46CD25D6B2E0,Parameter
{},INVOLVES_PARAMETER,SAFE_LD_3_4,LogicDetail,PARAM_SAFETY_F8AE10732E4B,Parameter
{},IN_DOMAIN,SAFE_LD_3_4,LogicDetail,DOMAIN_SAFETY_GENERAL,Domain
{},SUPPORTED_BY,SAFE_LD_3_4,LogicDetail,REF_63AB96C299F8FCD3,Reference
{},SUPPORTED_BY,SAFE_LD_3_4,LogicDetail,REF_C23CDA003DCB22EB,Reference
{},TITLE_LEFT,SAFE_LD_3_4,LogicDetail,PARAM_SAFETY_F8AE10732E4B,Parameter
{},TITLE_RIGHT,SAFE_LD_3_4,LogicDetail,PARAM_SAFETY_46CD25D6B2E0,Parameter
{},ASSERTS,SAFE_LD_3_5,LogicDetail,REL_45A91F0BB25C6160,LogicRelation
{},HAS_INPUT,SAFE_LD_3_5,LogicDetail,PARAM_SAFETY_2B414D3557CA,Parameter
{},HAS_INPUT,SAFE_LD_3_5,LogicDetail,PARAM_SAFETY_B1E210DEC360,Parameter
{},HAS_INPUT,SAFE_LD_3_5,LogicDetail,PARAM_SAFETY_B94454FF57B8,Parameter
{},HAS_INPUT,SAFE_LD_3_5,LogicDetail,PARAM_SAFETY_C7726003FCDE,Parameter
{},HAS_INPUT,SAFE_LD_3_5,LogicDetail,PARAM_SAFETY_CA08197B7EEF,Parameter
{},HAS_METHOD,SAFE_LD_3_5,LogicDetail,SAFETY_METHOD_3_5_01,Method
{},HAS_METHOD,SAFE_LD_3_5,LogicDetail,SAFETY_METHOD_3_5_02,Method
{},HAS_METHOD,SAFE_LD_3_5,LogicDetail,SAFETY_METHOD_3_5_03,Method
{},HAS_METHOD,SAFE_LD_3_5,LogicDetail,SAFETY_METHOD_3_5_04,Method
{},HAS_METHOD,SAFE_LD_3_5,LogicDetail,SAFETY_METHOD_3_5_05,Method
{},HAS_METHOD,SAFE_LD_3_5,LogicDetail,SAFETY_METHOD_3_5_06,Method
{},HAS_METHOD,SAFE_LD_3_5,LogicDetail,SAFETY_METHOD_3_5_07,Method
{},HAS_METHOD,SAFE_LD_3_5,LogicDetail,SAFETY_METHOD_3_5_08,Method
{},HAS_METHOD,SAFE_LD_3_5,LogicDetail,SAFETY_METHOD_3_5_09,Method
{},HAS_METHOD,SAFE_LD_3_5,LogicDetail,SAFETY_METHOD_3_5_10,Method
{},HAS_OUTPUT,SAFE_LD_3_5,LogicDetail,PARAM_SAFETY_61994FF4717F,Parameter
{},HAS_TABLE,SAFE_LD_3_5,LogicDetail,SAFETY_TABLE_3-10,DataTable
{},HAS_TABLE,SAFE_LD_3_5,LogicDetail,SAFETY_TABLE_3-1_T23,DataTable
{},INVOLVES_PARAMETER,SAFE_LD_3_5,LogicDetail,PARAM_SAFETY_2B414D3557CA,Parameter
{},INVOLVES_PARAMETER,SAFE_LD_3_5,LogicDetail,PARAM_SAFETY_61994FF4717F,Parameter
{},INVOLVES_PARAMETER,SAFE_LD_3_5,LogicDetail,PARAM_SAFETY_AB2AFA02760B,Parameter
{},INVOLVES_PARAMETER,SAFE_LD_3_5,LogicDetail,PARAM_SAFETY_B1E210DEC360,Parameter
{},INVOLVES_PARAMETER,SAFE_LD_3_5,LogicDetail,PARAM_SAFETY_B94454FF57B8,Parameter
{},INVOLVES_PARAMETER,SAFE_LD_3_5,LogicDetail,PARAM_SAFETY_C7726003FCDE,Parameter
{},INVOLVES_PARAMETER,SAFE_LD_3_5,LogicDetail,PARAM_SAFETY_CA08197B7EEF,Parameter
{},IN_DOMAIN,SAFE_LD_3_5,LogicDetail,DOMAIN_SAFETY_GENERAL,Domain
{},SUPPORTED_BY,SAFE_LD_3_5,LogicDetail,REF_A6074CCCF2AFBEB7,Reference
{},TITLE_LEFT,SAFE_LD_3_5,LogicDetail,PARAM_SAFETY_AB2AFA02760B,Parameter
{},TITLE_RIGHT,SAFE_LD_3_5,LogicDetail,PARAM_SAFETY_61994FF4717F,Parameter
{},ASSERTS,SAFE_LD_3_6,LogicDetail,REL_C03069759FBC8308,LogicRelation
{},HAS_FORMULA,SAFE_LD_3_6,LogicDetail,SAFETY_FORMULA_3_6_001,Formula
{},HAS_FORMULA,SAFE_LD_3_6,LogicDetail,SAFETY_FORMULA_3_6_002,Formula
{},HAS_INPUT,SAFE_LD_3_6,LogicDetail,PARAM_SAFETY_8F0A1EE70C71,Parameter
{},HAS_INPUT,SAFE_LD_3_6,LogicDetail,PARAM_SAFETY_9FDE92485FE1,Parameter
{},HAS_INPUT,SAFE_LD_3_6,LogicDetail,PARAM_SAFETY_AA57B745BBD5,Parameter
{},HAS_INPUT,SAFE_LD_3_6,LogicDetail,PARAM_SAFETY_B5909BF062CE,Parameter
{},HAS_INPUT,SAFE_LD_3_6,LogicDetail,PARAM_SAFETY_CD7C50E5EADD,Parameter
{},HAS_INPUT,SAFE_LD_3_6,LogicDetail,PARAM_SAFETY_D7628ABE754E,Parameter
{},HAS_OUTPUT,SAFE_LD_3_6,LogicDetail,PARAM_SAFETY_0A0955A1B472,Parameter
{},INVOLVES_PARAMETER,SAFE_LD_3_6,LogicDetail,PARAM_SAFETY_0A0955A1B472,Parameter
{},INVOLVES_PARAMETER,SAFE_LD_3_6,LogicDetail,PARAM_SAFETY_8F0A1EE70C71,Parameter
{},INVOLVES_PARAMETER,SAFE_LD_3_6,LogicDetail,PARAM_SAFETY_9FDE92485FE1,Parameter
{},INVOLVES_PARAMETER,SAFE_LD_3_6,LogicDetail,PARAM_SAFETY_AA57B745BBD5,Parameter
{},INVOLVES_PARAMETER,SAFE_LD_3_6,LogicDetail,PARAM_SAFETY_B5909BF062CE,Parameter
{},INVOLVES_PARAMETER,SAFE_LD_3_6,LogicDetail,PARAM_SAFETY_CD7C50E5EADD,Parameter
{},INVOLVES_PARAMETER,SAFE_LD_3_6,LogicDetail,PARAM_SAFETY_D7628ABE754E,Parameter
{},INVOLVES_PARAMETER,SAFE_LD_3_6,LogicDetail,PARAM_SAFETY_F8AE10732E4B,Parameter
{},IN_DOMAIN,SAFE_LD_3_6,LogicDetail,DOMAIN_SAFETY_GENERAL,Domain
{},SUPPORTED_BY,SAFE_LD_3_6,LogicDetail,REF_A40EAA6F7D23A6A6,Reference
{},TITLE_LEFT,SAFE_LD_3_6,LogicDetail,PARAM_SAFETY_F8AE10732E4B,Parameter
{},TITLE_RIGHT,SAFE_LD_3_6,LogicDetail,PARAM_SAFETY_0A0955A1B472,Parameter
{},ASSERTS,SAFE_LD_3_7,LogicDetail,REL_51912468A46793AA,LogicRelation
{},HAS_FORMULA,SAFE_LD_3_7,LogicDetail,SAFETY_FORMULA_3_7_001,Formula
{},HAS_FORMULA,SAFE_LD_3_7,LogicDetail,SAFETY_FORMULA_3_7_002,Formula
{},HAS_FORMULA,SAFE_LD_3_7,LogicDetail,SAFETY_FORMULA_3_7_003,Formula
{},HAS_FORMULA,SAFE_LD_3_7,LogicDetail,SAFETY_FORMULA_3_7_004,Formula
{},HAS_FORMULA,SAFE_LD_3_7,LogicDetail,SAFETY_FORMULA_3_7_005,Formula
{},HAS_FORMULA,SAFE_LD_3_7,LogicDetail,SAFETY_FORMULA_3_7_006,Formula
{},HAS_FORMULA,SAFE_LD_3_7,LogicDetail,SAFETY_FORMULA_3_7_007,Formula
{},HAS_FORMULA,SAFE_LD_3_7,LogicDetail,SAFETY_FORMULA_3_7_008,Formula
{},HAS_FORMULA,SAFE_LD_3_7,LogicDetail,SAFETY_FORMULA_3_7_009,Formula
{},HAS_FORMULA,SAFE_LD_3_7,LogicDetail,SAFETY_FORMULA_3_7_010,Formula
{},HAS_FORMULA,SAFE_LD_3_7,LogicDetail,SAFETY_FORMULA_3_7_011,Formula
{},HAS_FORMULA,SAFE_LD_3_7,LogicDetail,SAFETY_FORMULA_3_7_012,Formula
{},HAS_FORMULA,SAFE_LD_3_7,LogicDetail,SAFETY_FORMULA_3_7_013,Formula
{},HAS_FORMULA,SAFE_LD_3_7,LogicDetail,SAFETY_FORMULA_3_7_014,Formula
{},HAS_FORMULA,SAFE_LD_3_7,LogicDetail,SAFETY_FORMULA_3_7_015,Formula
{},HAS_FORMULA,SAFE_LD_3_7,LogicDetail,SAFETY_FORMULA_3_7_016,Formula
{},HAS_FORMULA,SAFE_LD_3_7,LogicDetail,SAFETY_FORMULA_3_7_017,Formula
{},HAS_FORMULA,SAFE_LD_3_7,LogicDetail,SAFETY_FORMULA_3_7_018,Formula
{},HAS_FORMULA,SAFE_LD_3_7,LogicDetail,SAFETY_FORMULA_3_7_019,Formula
{},HAS_INPUT,SAFE_LD_3_7,LogicDetail,PARAM_SAFETY_04A269C1AD90,Parameter
{},HAS_INPUT,SAFE_LD_3_7,LogicDetail,PARAM_SAFETY_21CF249610BF,Parameter
{},HAS_INPUT,SAFE_LD_3_7,LogicDetail,PARAM_SAFETY_7789BD5D08B0,Parameter
{},HAS_OUTPUT,SAFE_LD_3_7,LogicDetail,PARAM_SAFETY_01A6A5BD06DB,Parameter
{},HAS_TABLE,SAFE_LD_3_7,LogicDetail,SAFETY_TABLE_24,DataTable
{},INVOLVES_PARAMETER,SAFE_LD_3_7,LogicDetail,PARAM_SAFETY_01A6A5BD06DB,Parameter
{},INVOLVES_PARAMETER,SAFE_LD_3_7,LogicDetail,PARAM_SAFETY_04A269C1AD90,Parameter
{},INVOLVES_PARAMETER,SAFE_LD_3_7,LogicDetail,PARAM_SAFETY_21CF249610BF,Parameter
{},INVOLVES_PARAMETER,SAFE_LD_3_7,LogicDetail,PARAM_SAFETY_7789BD5D08B0,Parameter
{},IN_DOMAIN,SAFE_LD_3_7,LogicDetail,DOMAIN_SAFETY_GENERAL,Domain
{},SUPPORTED_BY,SAFE_LD_3_7,LogicDetail,REF_FC3F0F8732380E47,Reference
{},TITLE_LEFT,SAFE_LD_3_7,LogicDetail,PARAM_SAFETY_04A269C1AD90,Parameter
{},TITLE_LEFT,SAFE_LD_3_7,LogicDetail,PARAM_SAFETY_21CF249610BF,Parameter
{},TITLE_RIGHT,SAFE_LD_3_7,LogicDetail,PARAM_SAFETY_01A6A5BD06DB,Parameter
{},ASSERTS,SAFE_LD_3_8,LogicDetail,REL_3A6DF813EE9D5F19,LogicRelation
{},HAS_FORMULA,SAFE_LD_3_8,LogicDetail,SAFETY_FORMULA_3_8_001,Formula
{},HAS_FORMULA,SAFE_LD_3_8,LogicDetail,SAFETY_FORMULA_3_8_002,Formula
{},HAS_FORMULA,SAFE_LD_3_8,LogicDetail,SAFETY_FORMULA_3_8_003,Formula
{},HAS_FORMULA,SAFE_LD_3_8,LogicDetail,SAFETY_FORMULA_3_8_004,Formula
{},HAS_FORMULA,SAFE_LD_3_8,LogicDetail,SAFETY_FORMULA_3_8_005,Formula
{},HAS_FORMULA,SAFE_LD_3_8,LogicDetail,SAFETY_FORMULA_3_8_006,Formula
{},HAS_FORMULA,SAFE_LD_3_8,LogicDetail,SAFETY_FORMULA_3_8_007,Formula
{},HAS_FORMULA,SAFE_LD_3_8,LogicDetail,SAFETY_FORMULA_3_8_008,Formula
{},HAS_FORMULA,SAFE_LD_3_8,LogicDetail,SAFETY_FORMULA_3_8_009,Formula
{},HAS_INPUT,SAFE_LD_3_8,LogicDetail,PARAM_SAFETY_471545D051ED,Parameter
{},HAS_OUTPUT,SAFE_LD_3_8,LogicDetail,PARAM_SAFETY_D9ACA67D525A,Parameter
{},HAS_TABLE,SAFE_LD_3_8,LogicDetail,SAFETY_TABLE_3-12,DataTable
{},INVOLVES_PARAMETER,SAFE_LD_3_8,LogicDetail,PARAM_SAFETY_471545D051ED,Parameter
{},INVOLVES_PARAMETER,SAFE_LD_3_8,LogicDetail,PARAM_SAFETY_D7F4AA34C661,Parameter
{},INVOLVES_PARAMETER,SAFE_LD_3_8,LogicDetail,PARAM_SAFETY_D9ACA67D525A,Parameter
{},IN_DOMAIN,SAFE_LD_3_8,LogicDetail,DOMAIN_SAFETY_GENERAL,Domain
{},SUPPORTED_BY,SAFE_LD_3_8,LogicDetail,REF_FC3F0F8732380E47,Reference
{},TITLE_LEFT,SAFE_LD_3_8,LogicDetail,PARAM_SAFETY_D7F4AA34C661,Parameter
{},TITLE_LEFT,SAFE_LD_3_8,LogicDetail,PARAM_SAFETY_D9ACA67D525A,Parameter
{},ASSERTS,SAFE_LD_3_9,LogicDetail,REL_0A934577B23BDA79,LogicRelation
{},HAS_FORMULA,SAFE_LD_3_9,LogicDetail,SAFETY_FORMULA_3_9_001,Formula
{},HAS_FORMULA,SAFE_LD_3_9,LogicDetail,SAFETY_FORMULA_3_9_002,Formula
{},HAS_FORMULA,SAFE_LD_3_9,LogicDetail,SAFETY_FORMULA_3_9_003,Formula
{},HAS_FORMULA,SAFE_LD_3_9,LogicDetail,SAFETY_FORMULA_3_9_004,Formula
{},HAS_FORMULA,SAFE_LD_3_9,LogicDetail,SAFETY_FORMULA_3_9_005,Formula
{},HAS_FORMULA,SAFE_LD_3_9,LogicDetail,SAFETY_FORMULA_3_9_006,Formula
{},HAS_FORMULA,SAFE_LD_3_9,LogicDetail,SAFETY_FORMULA_3_9_007,Formula
{},HAS_FORMULA,SAFE_LD_3_9,LogicDetail,SAFETY_FORMULA_3_9_008,Formula
{},HAS_FORMULA,SAFE_LD_3_9,LogicDetail,SAFETY_FORMULA_3_9_009,Formula
{},HAS_FORMULA,SAFE_LD_3_9,LogicDetail,SAFETY_FORMULA_3_9_010,Formula
{},HAS_FORMULA,SAFE_LD_3_9,LogicDetail,SAFETY_FORMULA_3_9_011,Formula
{},HAS_FORMULA,SAFE_LD_3_9,LogicDetail,SAFETY_FORMULA_3_9_012,Formula
{},HAS_FORMULA,SAFE_LD_3_9,LogicDetail,SAFETY_FORMULA_3_9_013,Formula
{},HAS_INPUT,SAFE_LD_3_9,LogicDetail,PARAM_SAFETY_4329A104D14B,Parameter
{},HAS_INPUT,SAFE_LD_3_9,LogicDetail,PARAM_SAFETY_8C31837822DD,Parameter
{},HAS_INPUT,SAFE_LD_3_9,LogicDetail,PARAM_SAFETY_B80331AA3903,Parameter
{},HAS_INPUT,SAFE_LD_3_9,LogicDetail,PARAM_SAFETY_C7726003FCDE,Parameter
{},HAS_INPUT,SAFE_LD_3_9,LogicDetail,PARAM_SAFETY_F92CFE769538,Parameter
{},HAS_OUTPUT,SAFE_LD_3_9,LogicDetail,PARAM_SAFETY_46CD25D6B2E0,Parameter
{},INVOLVES_PARAMETER,SAFE_LD_3_9,LogicDetail,PARAM_SAFETY_4329A104D14B,Parameter
{},INVOLVES_PARAMETER,SAFE_LD_3_9,LogicDetail,PARAM_SAFETY_46CD25D6B2E0,Parameter
{},INVOLVES_PARAMETER,SAFE_LD_3_9,LogicDetail,PARAM_SAFETY_7B6CC73EA3CD,Parameter
{},INVOLVES_PARAMETER,SAFE_LD_3_9,LogicDetail,PARAM_SAFETY_8C31837822DD,Parameter
{},INVOLVES_PARAMETER,SAFE_LD_3_9,LogicDetail,PARAM_SAFETY_A2055CE7A2D8,Parameter
{},INVOLVES_PARAMETER,SAFE_LD_3_9,LogicDetail,PARAM_SAFETY_B80331AA3903,Parameter
{},INVOLVES_PARAMETER,SAFE_LD_3_9,LogicDetail,PARAM_SAFETY_C7726003FCDE,Parameter
{},INVOLVES_PARAMETER,SAFE_LD_3_9,LogicDetail,PARAM_SAFETY_F92CFE769538,Parameter
{},IN_DOMAIN,SAFE_LD_3_9,LogicDetail,DOMAIN_SAFETY_GENERAL,Domain
{},TITLE_LEFT,SAFE_LD_3_9,LogicDetail,PARAM_SAFETY_7B6CC73EA3CD,Parameter
{},TITLE_LEFT,SAFE_LD_3_9,LogicDetail,PARAM_SAFETY_A2055CE7A2D8,Parameter
{},TITLE_RIGHT,SAFE_LD_3_9,LogicDetail,PARAM_SAFETY_46CD25D6B2E0,Parameter
